[11.263s] DEBUG:colcon:Command line arguments: ['/usr/bin/colcon', 'build']
[11.263s] DEBUG:colcon:Parsed command line arguments: Namespace(log_base=None, log_level=None, verb_name='build', build_base='build', install_base='install', merge_install=False, symlink_install=False, test_result_base=None, continue_on_error=False, executor='parallel', parallel_workers=4, event_handlers=None, ignore_user_meta=False, metas=['./colcon.meta'], base_paths=['.'], packages_ignore=None, packages_ignore_regex=None, paths=None, packages_up_to=None, packages_up_to_regex=None, packages_above=None, packages_above_and_dependencies=None, packages_above_depth=None, packages_select_by_dep=None, packages_skip_by_dep=None, packages_skip_up_to=None, packages_select_build_failed=False, packages_skip_build_finished=False, packages_select_test_failures=False, packages_skip_test_passed=False, packages_select=None, packages_skip=None, packages_select_regex=None, packages_skip_regex=None, packages_start=None, packages_end=None, allow_overriding=[], cmake_args=None, cmake_target=None, cmake_target_skip_unavailable=False, cmake_clean_cache=False, cmake_clean_first=False, cmake_force_configure=False, ament_cmake_args=None, catkin_cmake_args=None, catkin_skip_building_tests=False, mixin_files=None, mixin=None, verb_parser=<colcon_mixin.mixin.mixin_argument.MixinArgumentDecorator object at 0x79df7d721f60>, verb_extension=<colcon_core.verb.build.BuildVerb object at 0x79df7d721990>, main=<bound method BuildVerb.main of <colcon_core.verb.build.BuildVerb object at 0x79df7d721990>>, mixin_verb=('build',))
[19.788s] Level 1:colcon.colcon_core.package_discovery:discover_packages(colcon_meta) check parameters
[19.789s] Level 1:colcon.colcon_core.package_discovery:discover_packages(recursive) check parameters
[19.789s] Level 1:colcon.colcon_core.package_discovery:discover_packages(ignore) check parameters
[19.789s] Level 1:colcon.colcon_core.package_discovery:discover_packages(path) check parameters
[19.789s] Level 1:colcon.colcon_core.package_discovery:discover_packages(colcon_meta) discover
[19.789s] Level 1:colcon.colcon_core.package_discovery:discover_packages(recursive) discover
[19.789s] INFO:colcon.colcon_core.package_discovery:Crawling recursively for packages in '/home/vboxuser/ros2_ws'
[19.789s] Level 1:colcon.colcon_core.package_identification:_identify(.) by extensions ['ignore', 'ignore_ament_install']
[19.790s] Level 1:colcon.colcon_core.package_identification:_identify(.) by extension 'ignore'
[19.790s] Level 1:colcon.colcon_core.package_identification:_identify(.) by extension 'ignore_ament_install'
[19.790s] Level 1:colcon.colcon_core.package_identification:_identify(.) by extensions ['colcon_pkg']
[19.790s] Level 1:colcon.colcon_core.package_identification:_identify(.) by extension 'colcon_pkg'
[19.790s] Level 1:colcon.colcon_core.package_identification:_identify(.) by extensions ['colcon_meta']
[19.790s] Level 1:colcon.colcon_core.package_identification:_identify(.) by extension 'colcon_meta'
[19.790s] Level 1:colcon.colcon_core.package_identification:_identify(.) by extensions ['ros']
[19.790s] Level 1:colcon.colcon_core.package_identification:_identify(.) by extension 'ros'
[20.153s] Level 1:colcon.colcon_core.package_identification:_identify(.) by extensions ['cmake', 'python']
[20.154s] Level 1:colcon.colcon_core.package_identification:_identify(.) by extension 'cmake'
[20.155s] Level 1:colcon.colcon_core.package_identification:_identify(.) by extension 'python'
[20.155s] Level 1:colcon.colcon_core.package_identification:_identify(.) by extensions ['python_setup_py']
[20.155s] Level 1:colcon.colcon_core.package_identification:_identify(.) by extension 'python_setup_py'
[20.156s] Level 1:colcon.colcon_core.package_identification:_identify(build) by extensions ['ignore', 'ignore_ament_install']
[20.157s] Level 1:colcon.colcon_core.package_identification:_identify(build) by extension 'ignore'
[20.157s] Level 1:colcon.colcon_core.package_identification:_identify(build) ignored
[20.159s] Level 1:colcon.colcon_core.package_identification:_identify(install) by extensions ['ignore', 'ignore_ament_install']
[20.159s] Level 1:colcon.colcon_core.package_identification:_identify(install) by extension 'ignore'
[20.160s] Level 1:colcon.colcon_core.package_identification:_identify(install) ignored
[20.160s] Level 1:colcon.colcon_core.package_identification:_identify(log) by extensions ['ignore', 'ignore_ament_install']
[20.161s] Level 1:colcon.colcon_core.package_identification:_identify(log) by extension 'ignore'
[20.161s] Level 1:colcon.colcon_core.package_identification:_identify(log) ignored
[20.161s] Level 1:colcon.colcon_core.package_identification:_identify(src) by extensions ['ignore', 'ignore_ament_install']
[20.161s] Level 1:colcon.colcon_core.package_identification:_identify(src) by extension 'ignore'
[20.161s] Level 1:colcon.colcon_core.package_identification:_identify(src) by extension 'ignore_ament_install'
[20.162s] Level 1:colcon.colcon_core.package_identification:_identify(src) by extensions ['colcon_pkg']
[20.162s] Level 1:colcon.colcon_core.package_identification:_identify(src) by extension 'colcon_pkg'
[20.162s] Level 1:colcon.colcon_core.package_identification:_identify(src) by extensions ['colcon_meta']
[20.162s] Level 1:colcon.colcon_core.package_identification:_identify(src) by extension 'colcon_meta'
[20.162s] Level 1:colcon.colcon_core.package_identification:_identify(src) by extensions ['ros']
[20.162s] Level 1:colcon.colcon_core.package_identification:_identify(src) by extension 'ros'
[20.163s] Level 1:colcon.colcon_core.package_identification:_identify(src) by extensions ['cmake', 'python']
[20.163s] Level 1:colcon.colcon_core.package_identification:_identify(src) by extension 'cmake'
[20.163s] Level 1:colcon.colcon_core.package_identification:_identify(src) by extension 'python'
[20.163s] Level 1:colcon.colcon_core.package_identification:_identify(src) by extensions ['python_setup_py']
[20.164s] Level 1:colcon.colcon_core.package_identification:_identify(src) by extension 'python_setup_py'
[20.164s] Level 1:colcon.colcon_core.package_identification:_identify(src/BMS_BQ769X2) by extensions ['ignore', 'ignore_ament_install']
[20.164s] Level 1:colcon.colcon_core.package_identification:_identify(src/BMS_BQ769X2) by extension 'ignore'
[20.164s] Level 1:colcon.colcon_core.package_identification:_identify(src/BMS_BQ769X2) by extension 'ignore_ament_install'
[20.164s] Level 1:colcon.colcon_core.package_identification:_identify(src/BMS_BQ769X2) by extensions ['colcon_pkg']
[20.166s] Level 1:colcon.colcon_core.package_identification:_identify(src/BMS_BQ769X2) by extension 'colcon_pkg'
[20.167s] Level 1:colcon.colcon_core.package_identification:_identify(src/BMS_BQ769X2) by extensions ['colcon_meta']
[20.167s] Level 1:colcon.colcon_core.package_identification:_identify(src/BMS_BQ769X2) by extension 'colcon_meta'
[20.167s] Level 1:colcon.colcon_core.package_identification:_identify(src/BMS_BQ769X2) by extensions ['ros']
[20.167s] Level 1:colcon.colcon_core.package_identification:_identify(src/BMS_BQ769X2) by extension 'ros'
[20.167s] Level 1:colcon.colcon_core.package_identification:_identify(src/BMS_BQ769X2) by extensions ['cmake', 'python']
[20.168s] Level 1:colcon.colcon_core.package_identification:_identify(src/BMS_BQ769X2) by extension 'cmake'
[20.168s] Level 1:colcon.colcon_core.package_identification:_identify(src/BMS_BQ769X2) by extension 'python'
[20.168s] Level 1:colcon.colcon_core.package_identification:_identify(src/BMS_BQ769X2) by extensions ['python_setup_py']
[20.168s] Level 1:colcon.colcon_core.package_identification:_identify(src/BMS_BQ769X2) by extension 'python_setup_py'
[20.168s] Level 1:colcon.colcon_core.package_identification:_identify(src/BMS_BQ769X2/src) by extensions ['ignore', 'ignore_ament_install']
[20.168s] Level 1:colcon.colcon_core.package_identification:_identify(src/BMS_BQ769X2/src) by extension 'ignore'
[20.169s] Level 1:colcon.colcon_core.package_identification:_identify(src/BMS_BQ769X2/src) by extension 'ignore_ament_install'
[20.169s] Level 1:colcon.colcon_core.package_identification:_identify(src/BMS_BQ769X2/src) by extensions ['colcon_pkg']
[20.169s] Level 1:colcon.colcon_core.package_identification:_identify(src/BMS_BQ769X2/src) by extension 'colcon_pkg'
[20.169s] Level 1:colcon.colcon_core.package_identification:_identify(src/BMS_BQ769X2/src) by extensions ['colcon_meta']
[20.169s] Level 1:colcon.colcon_core.package_identification:_identify(src/BMS_BQ769X2/src) by extension 'colcon_meta'
[20.169s] Level 1:colcon.colcon_core.package_identification:_identify(src/BMS_BQ769X2/src) by extensions ['ros']
[20.169s] Level 1:colcon.colcon_core.package_identification:_identify(src/BMS_BQ769X2/src) by extension 'ros'
[20.170s] Level 1:colcon.colcon_core.package_identification:_identify(src/BMS_BQ769X2/src) by extensions ['cmake', 'python']
[20.170s] Level 1:colcon.colcon_core.package_identification:_identify(src/BMS_BQ769X2/src) by extension 'cmake'
[20.170s] Level 1:colcon.colcon_core.package_identification:_identify(src/BMS_BQ769X2/src) by extension 'python'
[20.170s] Level 1:colcon.colcon_core.package_identification:_identify(src/BMS_BQ769X2/src) by extensions ['python_setup_py']
[20.170s] Level 1:colcon.colcon_core.package_identification:_identify(src/BMS_BQ769X2/src) by extension 'python_setup_py'
[20.170s] Level 1:colcon.colcon_core.package_identification:_identify(src/BMS_BQ769X2/src/bms_visualizer) by extensions ['ignore', 'ignore_ament_install']
[20.171s] Level 1:colcon.colcon_core.package_identification:_identify(src/BMS_BQ769X2/src/bms_visualizer) by extension 'ignore'
[20.171s] Level 1:colcon.colcon_core.package_identification:_identify(src/BMS_BQ769X2/src/bms_visualizer) by extension 'ignore_ament_install'
[20.171s] Level 1:colcon.colcon_core.package_identification:_identify(src/BMS_BQ769X2/src/bms_visualizer) by extensions ['colcon_pkg']
[20.171s] Level 1:colcon.colcon_core.package_identification:_identify(src/BMS_BQ769X2/src/bms_visualizer) by extension 'colcon_pkg'
[20.172s] Level 1:colcon.colcon_core.package_identification:_identify(src/BMS_BQ769X2/src/bms_visualizer) by extensions ['colcon_meta']
[20.172s] Level 1:colcon.colcon_core.package_identification:_identify(src/BMS_BQ769X2/src/bms_visualizer) by extension 'colcon_meta'
[20.172s] Level 1:colcon.colcon_core.package_identification:_identify(src/BMS_BQ769X2/src/bms_visualizer) by extensions ['ros']
[20.172s] Level 1:colcon.colcon_core.package_identification:_identify(src/BMS_BQ769X2/src/bms_visualizer) by extension 'ros'
[20.261s] DEBUG:colcon.colcon_core.package_identification:Package 'src/BMS_BQ769X2/src/bms_visualizer' with type 'ros.ament_python' and name 'bms_visualizer'
[20.263s] Level 1:colcon.colcon_core.package_identification:_identify(src/BMS_BQ769X2/src/bq769x2_i2c_ros) by extensions ['ignore', 'ignore_ament_install']
[20.263s] Level 1:colcon.colcon_core.package_identification:_identify(src/BMS_BQ769X2/src/bq769x2_i2c_ros) by extension 'ignore'
[20.263s] Level 1:colcon.colcon_core.package_identification:_identify(src/BMS_BQ769X2/src/bq769x2_i2c_ros) by extension 'ignore_ament_install'
[20.263s] Level 1:colcon.colcon_core.package_identification:_identify(src/BMS_BQ769X2/src/bq769x2_i2c_ros) by extensions ['colcon_pkg']
[20.264s] Level 1:colcon.colcon_core.package_identification:_identify(src/BMS_BQ769X2/src/bq769x2_i2c_ros) by extension 'colcon_pkg'
[20.264s] Level 1:colcon.colcon_core.package_identification:_identify(src/BMS_BQ769X2/src/bq769x2_i2c_ros) by extensions ['colcon_meta']
[20.264s] Level 1:colcon.colcon_core.package_identification:_identify(src/BMS_BQ769X2/src/bq769x2_i2c_ros) by extension 'colcon_meta'
[20.264s] Level 1:colcon.colcon_core.package_identification:_identify(src/BMS_BQ769X2/src/bq769x2_i2c_ros) by extensions ['ros']
[20.264s] Level 1:colcon.colcon_core.package_identification:_identify(src/BMS_BQ769X2/src/bq769x2_i2c_ros) by extension 'ros'
[20.304s] DEBUG:colcon.colcon_core.package_identification:Package 'src/BMS_BQ769X2/src/bq769x2_i2c_ros' with type 'ros.ament_cmake' and name 'bq769x2_i2c_ros'
[20.304s] Level 1:colcon.colcon_core.package_identification:_identify(src/Results) by extensions ['ignore', 'ignore_ament_install']
[20.305s] Level 1:colcon.colcon_core.package_identification:_identify(src/Results) by extension 'ignore'
[20.305s] Level 1:colcon.colcon_core.package_identification:_identify(src/Results) by extension 'ignore_ament_install'
[20.305s] Level 1:colcon.colcon_core.package_identification:_identify(src/Results) by extensions ['colcon_pkg']
[20.305s] Level 1:colcon.colcon_core.package_identification:_identify(src/Results) by extension 'colcon_pkg'
[20.305s] Level 1:colcon.colcon_core.package_identification:_identify(src/Results) by extensions ['colcon_meta']
[20.305s] Level 1:colcon.colcon_core.package_identification:_identify(src/Results) by extension 'colcon_meta'
[20.305s] Level 1:colcon.colcon_core.package_identification:_identify(src/Results) by extensions ['ros']
[20.305s] Level 1:colcon.colcon_core.package_identification:_identify(src/Results) by extension 'ros'
[20.306s] Level 1:colcon.colcon_core.package_identification:_identify(src/Results) by extensions ['cmake', 'python']
[20.306s] Level 1:colcon.colcon_core.package_identification:_identify(src/Results) by extension 'cmake'
[20.306s] Level 1:colcon.colcon_core.package_identification:_identify(src/Results) by extension 'python'
[20.306s] Level 1:colcon.colcon_core.package_identification:_identify(src/Results) by extensions ['python_setup_py']
[20.306s] Level 1:colcon.colcon_core.package_identification:_identify(src/Results) by extension 'python_setup_py'
[20.306s] Level 1:colcon.colcon_core.package_identification:_identify(src/Results_from_28_07_28) by extensions ['ignore', 'ignore_ament_install']
[20.307s] Level 1:colcon.colcon_core.package_identification:_identify(src/Results_from_28_07_28) by extension 'ignore'
[20.307s] Level 1:colcon.colcon_core.package_identification:_identify(src/Results_from_28_07_28) by extension 'ignore_ament_install'
[20.307s] Level 1:colcon.colcon_core.package_identification:_identify(src/Results_from_28_07_28) by extensions ['colcon_pkg']
[20.307s] Level 1:colcon.colcon_core.package_identification:_identify(src/Results_from_28_07_28) by extension 'colcon_pkg'
[20.307s] Level 1:colcon.colcon_core.package_identification:_identify(src/Results_from_28_07_28) by extensions ['colcon_meta']
[20.307s] Level 1:colcon.colcon_core.package_identification:_identify(src/Results_from_28_07_28) by extension 'colcon_meta'
[20.307s] Level 1:colcon.colcon_core.package_identification:_identify(src/Results_from_28_07_28) by extensions ['ros']
[20.307s] Level 1:colcon.colcon_core.package_identification:_identify(src/Results_from_28_07_28) by extension 'ros'
[20.308s] Level 1:colcon.colcon_core.package_identification:_identify(src/Results_from_28_07_28) by extensions ['cmake', 'python']
[20.308s] Level 1:colcon.colcon_core.package_identification:_identify(src/Results_from_28_07_28) by extension 'cmake'
[20.308s] Level 1:colcon.colcon_core.package_identification:_identify(src/Results_from_28_07_28) by extension 'python'
[20.308s] Level 1:colcon.colcon_core.package_identification:_identify(src/Results_from_28_07_28) by extensions ['python_setup_py']
[20.308s] Level 1:colcon.colcon_core.package_identification:_identify(src/Results_from_28_07_28) by extension 'python_setup_py'
[20.308s] Level 1:colcon.colcon_core.package_identification:_identify(src/Results_from_28_07_28/Results_send_to_Tobi) by extensions ['ignore', 'ignore_ament_install']
[20.309s] Level 1:colcon.colcon_core.package_identification:_identify(src/Results_from_28_07_28/Results_send_to_Tobi) by extension 'ignore'
[20.309s] Level 1:colcon.colcon_core.package_identification:_identify(src/Results_from_28_07_28/Results_send_to_Tobi) by extension 'ignore_ament_install'
[20.309s] Level 1:colcon.colcon_core.package_identification:_identify(src/Results_from_28_07_28/Results_send_to_Tobi) by extensions ['colcon_pkg']
[20.309s] Level 1:colcon.colcon_core.package_identification:_identify(src/Results_from_28_07_28/Results_send_to_Tobi) by extension 'colcon_pkg'
[20.309s] Level 1:colcon.colcon_core.package_identification:_identify(src/Results_from_28_07_28/Results_send_to_Tobi) by extensions ['colcon_meta']
[20.309s] Level 1:colcon.colcon_core.package_identification:_identify(src/Results_from_28_07_28/Results_send_to_Tobi) by extension 'colcon_meta'
[20.309s] Level 1:colcon.colcon_core.package_identification:_identify(src/Results_from_28_07_28/Results_send_to_Tobi) by extensions ['ros']
[20.309s] Level 1:colcon.colcon_core.package_identification:_identify(src/Results_from_28_07_28/Results_send_to_Tobi) by extension 'ros'
[20.309s] Level 1:colcon.colcon_core.package_identification:_identify(src/Results_from_28_07_28/Results_send_to_Tobi) by extensions ['cmake', 'python']
[20.309s] Level 1:colcon.colcon_core.package_identification:_identify(src/Results_from_28_07_28/Results_send_to_Tobi) by extension 'cmake'
[20.309s] Level 1:colcon.colcon_core.package_identification:_identify(src/Results_from_28_07_28/Results_send_to_Tobi) by extension 'python'
[20.310s] Level 1:colcon.colcon_core.package_identification:_identify(src/Results_from_28_07_28/Results_send_to_Tobi) by extensions ['python_setup_py']
[20.310s] Level 1:colcon.colcon_core.package_identification:_identify(src/Results_from_28_07_28/Results_send_to_Tobi) by extension 'python_setup_py'
[20.310s] Level 1:colcon.colcon_core.package_identification:_identify(src/Results_from_28_07_28/Results_send_to_Tobi1) by extensions ['ignore', 'ignore_ament_install']
[20.310s] Level 1:colcon.colcon_core.package_identification:_identify(src/Results_from_28_07_28/Results_send_to_Tobi1) by extension 'ignore'
[20.310s] Level 1:colcon.colcon_core.package_identification:_identify(src/Results_from_28_07_28/Results_send_to_Tobi1) by extension 'ignore_ament_install'
[20.310s] Level 1:colcon.colcon_core.package_identification:_identify(src/Results_from_28_07_28/Results_send_to_Tobi1) by extensions ['colcon_pkg']
[20.311s] Level 1:colcon.colcon_core.package_identification:_identify(src/Results_from_28_07_28/Results_send_to_Tobi1) by extension 'colcon_pkg'
[20.311s] Level 1:colcon.colcon_core.package_identification:_identify(src/Results_from_28_07_28/Results_send_to_Tobi1) by extensions ['colcon_meta']
[20.311s] Level 1:colcon.colcon_core.package_identification:_identify(src/Results_from_28_07_28/Results_send_to_Tobi1) by extension 'colcon_meta'
[20.311s] Level 1:colcon.colcon_core.package_identification:_identify(src/Results_from_28_07_28/Results_send_to_Tobi1) by extensions ['ros']
[20.311s] Level 1:colcon.colcon_core.package_identification:_identify(src/Results_from_28_07_28/Results_send_to_Tobi1) by extension 'ros'
[20.311s] Level 1:colcon.colcon_core.package_identification:_identify(src/Results_from_28_07_28/Results_send_to_Tobi1) by extensions ['cmake', 'python']
[20.311s] Level 1:colcon.colcon_core.package_identification:_identify(src/Results_from_28_07_28/Results_send_to_Tobi1) by extension 'cmake'
[20.311s] Level 1:colcon.colcon_core.package_identification:_identify(src/Results_from_28_07_28/Results_send_to_Tobi1) by extension 'python'
[20.311s] Level 1:colcon.colcon_core.package_identification:_identify(src/Results_from_28_07_28/Results_send_to_Tobi1) by extensions ['python_setup_py']
[20.311s] Level 1:colcon.colcon_core.package_identification:_identify(src/Results_from_28_07_28/Results_send_to_Tobi1) by extension 'python_setup_py'
[20.311s] Level 1:colcon.colcon_core.package_identification:_identify(src/build) by extensions ['ignore', 'ignore_ament_install']
[20.312s] Level 1:colcon.colcon_core.package_identification:_identify(src/build) by extension 'ignore'
[20.312s] Level 1:colcon.colcon_core.package_identification:_identify(src/build) ignored
[20.312s] Level 1:colcon.colcon_core.package_identification:_identify(src/examples) by extensions ['ignore', 'ignore_ament_install']
[20.312s] Level 1:colcon.colcon_core.package_identification:_identify(src/examples) by extension 'ignore'
[20.313s] Level 1:colcon.colcon_core.package_identification:_identify(src/examples) by extension 'ignore_ament_install'
[20.313s] Level 1:colcon.colcon_core.package_identification:_identify(src/examples) by extensions ['colcon_pkg']
[20.313s] Level 1:colcon.colcon_core.package_identification:_identify(src/examples) by extension 'colcon_pkg'
[20.313s] Level 1:colcon.colcon_core.package_identification:_identify(src/examples) by extensions ['colcon_meta']
[20.313s] Level 1:colcon.colcon_core.package_identification:_identify(src/examples) by extension 'colcon_meta'
[20.313s] Level 1:colcon.colcon_core.package_identification:_identify(src/examples) by extensions ['ros']
[20.313s] Level 1:colcon.colcon_core.package_identification:_identify(src/examples) by extension 'ros'
[20.313s] Level 1:colcon.colcon_core.package_identification:_identify(src/examples) by extensions ['cmake', 'python']
[20.313s] Level 1:colcon.colcon_core.package_identification:_identify(src/examples) by extension 'cmake'
[20.313s] Level 1:colcon.colcon_core.package_identification:_identify(src/examples) by extension 'python'
[20.313s] Level 1:colcon.colcon_core.package_identification:_identify(src/examples) by extensions ['python_setup_py']
[20.313s] Level 1:colcon.colcon_core.package_identification:_identify(src/examples) by extension 'python_setup_py'
[20.314s] Level 1:colcon.colcon_core.package_identification:_identify(src/examples/launch_testing) by extensions ['ignore', 'ignore_ament_install']
[20.314s] Level 1:colcon.colcon_core.package_identification:_identify(src/examples/launch_testing) by extension 'ignore'
[20.315s] Level 1:colcon.colcon_core.package_identification:_identify(src/examples/launch_testing) by extension 'ignore_ament_install'
[20.315s] Level 1:colcon.colcon_core.package_identification:_identify(src/examples/launch_testing) by extensions ['colcon_pkg']
[20.315s] Level 1:colcon.colcon_core.package_identification:_identify(src/examples/launch_testing) by extension 'colcon_pkg'
[20.315s] Level 1:colcon.colcon_core.package_identification:_identify(src/examples/launch_testing) by extensions ['colcon_meta']
[20.315s] Level 1:colcon.colcon_core.package_identification:_identify(src/examples/launch_testing) by extension 'colcon_meta'
[20.315s] Level 1:colcon.colcon_core.package_identification:_identify(src/examples/launch_testing) by extensions ['ros']
[20.315s] Level 1:colcon.colcon_core.package_identification:_identify(src/examples/launch_testing) by extension 'ros'
[20.315s] Level 1:colcon.colcon_core.package_identification:_identify(src/examples/launch_testing) by extensions ['cmake', 'python']
[20.315s] Level 1:colcon.colcon_core.package_identification:_identify(src/examples/launch_testing) by extension 'cmake'
[20.316s] Level 1:colcon.colcon_core.package_identification:_identify(src/examples/launch_testing) by extension 'python'
[20.316s] Level 1:colcon.colcon_core.package_identification:_identify(src/examples/launch_testing) by extensions ['python_setup_py']
[20.316s] Level 1:colcon.colcon_core.package_identification:_identify(src/examples/launch_testing) by extension 'python_setup_py'
[20.316s] Level 1:colcon.colcon_core.package_identification:_identify(src/examples/launch_testing/launch_testing_examples) by extensions ['ignore', 'ignore_ament_install']
[20.316s] Level 1:colcon.colcon_core.package_identification:_identify(src/examples/launch_testing/launch_testing_examples) by extension 'ignore'
[20.317s] Level 1:colcon.colcon_core.package_identification:_identify(src/examples/launch_testing/launch_testing_examples) by extension 'ignore_ament_install'
[20.317s] Level 1:colcon.colcon_core.package_identification:_identify(src/examples/launch_testing/launch_testing_examples) by extensions ['colcon_pkg']
[20.317s] Level 1:colcon.colcon_core.package_identification:_identify(src/examples/launch_testing/launch_testing_examples) by extension 'colcon_pkg'
[20.320s] Level 1:colcon.colcon_core.package_identification:_identify(src/examples/launch_testing/launch_testing_examples) by extensions ['colcon_meta']
[20.320s] Level 1:colcon.colcon_core.package_identification:_identify(src/examples/launch_testing/launch_testing_examples) by extension 'colcon_meta'
[20.322s] Level 1:colcon.colcon_core.package_identification:_identify(src/examples/launch_testing/launch_testing_examples) by extensions ['ros']
[20.322s] Level 1:colcon.colcon_core.package_identification:_identify(src/examples/launch_testing/launch_testing_examples) by extension 'ros'
[20.374s] DEBUG:colcon.colcon_core.package_identification:Package 'src/examples/launch_testing/launch_testing_examples' with type 'ros.ament_python' and name 'launch_testing_examples'
[20.375s] Level 1:colcon.colcon_core.package_identification:_identify(src/examples/rclcpp) by extensions ['ignore', 'ignore_ament_install']
[20.375s] Level 1:colcon.colcon_core.package_identification:_identify(src/examples/rclcpp) by extension 'ignore'
[20.375s] Level 1:colcon.colcon_core.package_identification:_identify(src/examples/rclcpp) by extension 'ignore_ament_install'
[20.375s] Level 1:colcon.colcon_core.package_identification:_identify(src/examples/rclcpp) by extensions ['colcon_pkg']
[20.376s] Level 1:colcon.colcon_core.package_identification:_identify(src/examples/rclcpp) by extension 'colcon_pkg'
[20.376s] Level 1:colcon.colcon_core.package_identification:_identify(src/examples/rclcpp) by extensions ['colcon_meta']
[20.376s] Level 1:colcon.colcon_core.package_identification:_identify(src/examples/rclcpp) by extension 'colcon_meta'
[20.376s] Level 1:colcon.colcon_core.package_identification:_identify(src/examples/rclcpp) by extensions ['ros']
[20.376s] Level 1:colcon.colcon_core.package_identification:_identify(src/examples/rclcpp) by extension 'ros'
[20.377s] Level 1:colcon.colcon_core.package_identification:_identify(src/examples/rclcpp) by extensions ['cmake', 'python']
[20.377s] Level 1:colcon.colcon_core.package_identification:_identify(src/examples/rclcpp) by extension 'cmake'
[20.377s] Level 1:colcon.colcon_core.package_identification:_identify(src/examples/rclcpp) by extension 'python'
[20.378s] Level 1:colcon.colcon_core.package_identification:_identify(src/examples/rclcpp) by extensions ['python_setup_py']
[20.378s] Level 1:colcon.colcon_core.package_identification:_identify(src/examples/rclcpp) by extension 'python_setup_py'
[20.380s] Level 1:colcon.colcon_core.package_identification:_identify(src/examples/rclcpp/actions) by extensions ['ignore', 'ignore_ament_install']
[20.380s] Level 1:colcon.colcon_core.package_identification:_identify(src/examples/rclcpp/actions) by extension 'ignore'
[20.380s] Level 1:colcon.colcon_core.package_identification:_identify(src/examples/rclcpp/actions) by extension 'ignore_ament_install'
[20.380s] Level 1:colcon.colcon_core.package_identification:_identify(src/examples/rclcpp/actions) by extensions ['colcon_pkg']
[20.380s] Level 1:colcon.colcon_core.package_identification:_identify(src/examples/rclcpp/actions) by extension 'colcon_pkg'
[20.381s] Level 1:colcon.colcon_core.package_identification:_identify(src/examples/rclcpp/actions) by extensions ['colcon_meta']
[20.381s] Level 1:colcon.colcon_core.package_identification:_identify(src/examples/rclcpp/actions) by extension 'colcon_meta'
[20.381s] Level 1:colcon.colcon_core.package_identification:_identify(src/examples/rclcpp/actions) by extensions ['ros']
[20.381s] Level 1:colcon.colcon_core.package_identification:_identify(src/examples/rclcpp/actions) by extension 'ros'
[20.382s] Level 1:colcon.colcon_core.package_identification:_identify(src/examples/rclcpp/actions) by extensions ['cmake', 'python']
[20.382s] Level 1:colcon.colcon_core.package_identification:_identify(src/examples/rclcpp/actions) by extension 'cmake'
[20.382s] Level 1:colcon.colcon_core.package_identification:_identify(src/examples/rclcpp/actions) by extension 'python'
[20.382s] Level 1:colcon.colcon_core.package_identification:_identify(src/examples/rclcpp/actions) by extensions ['python_setup_py']
[20.383s] Level 1:colcon.colcon_core.package_identification:_identify(src/examples/rclcpp/actions) by extension 'python_setup_py'
[20.383s] Level 1:colcon.colcon_core.package_identification:_identify(src/examples/rclcpp/actions/minimal_action_client) by extensions ['ignore', 'ignore_ament_install']
[20.383s] Level 1:colcon.colcon_core.package_identification:_identify(src/examples/rclcpp/actions/minimal_action_client) by extension 'ignore'
[20.383s] Level 1:colcon.colcon_core.package_identification:_identify(src/examples/rclcpp/actions/minimal_action_client) by extension 'ignore_ament_install'
[20.383s] Level 1:colcon.colcon_core.package_identification:_identify(src/examples/rclcpp/actions/minimal_action_client) by extensions ['colcon_pkg']
[20.384s] Level 1:colcon.colcon_core.package_identification:_identify(src/examples/rclcpp/actions/minimal_action_client) by extension 'colcon_pkg'
[20.388s] Level 1:colcon.colcon_core.package_identification:_identify(src/examples/rclcpp/actions/minimal_action_client) by extensions ['colcon_meta']
[20.388s] Level 1:colcon.colcon_core.package_identification:_identify(src/examples/rclcpp/actions/minimal_action_client) by extension 'colcon_meta'
[20.389s] Level 1:colcon.colcon_core.package_identification:_identify(src/examples/rclcpp/actions/minimal_action_client) by extensions ['ros']
[20.389s] Level 1:colcon.colcon_core.package_identification:_identify(src/examples/rclcpp/actions/minimal_action_client) by extension 'ros'
[20.414s] DEBUG:colcon.colcon_core.package_identification:Package 'src/examples/rclcpp/actions/minimal_action_client' with type 'ros.ament_cmake' and name 'examples_rclcpp_minimal_action_client'
[20.415s] Level 1:colcon.colcon_core.package_identification:_identify(src/examples/rclcpp/actions/minimal_action_server) by extensions ['ignore', 'ignore_ament_install']
[20.415s] Level 1:colcon.colcon_core.package_identification:_identify(src/examples/rclcpp/actions/minimal_action_server) by extension 'ignore'
[20.415s] Level 1:colcon.colcon_core.package_identification:_identify(src/examples/rclcpp/actions/minimal_action_server) by extension 'ignore_ament_install'
[20.415s] Level 1:colcon.colcon_core.package_identification:_identify(src/examples/rclcpp/actions/minimal_action_server) by extensions ['colcon_pkg']
[20.415s] Level 1:colcon.colcon_core.package_identification:_identify(src/examples/rclcpp/actions/minimal_action_server) by extension 'colcon_pkg'
[20.415s] Level 1:colcon.colcon_core.package_identification:_identify(src/examples/rclcpp/actions/minimal_action_server) by extensions ['colcon_meta']
[20.415s] Level 1:colcon.colcon_core.package_identification:_identify(src/examples/rclcpp/actions/minimal_action_server) by extension 'colcon_meta'
[20.415s] Level 1:colcon.colcon_core.package_identification:_identify(src/examples/rclcpp/actions/minimal_action_server) by extensions ['ros']
[20.416s] Level 1:colcon.colcon_core.package_identification:_identify(src/examples/rclcpp/actions/minimal_action_server) by extension 'ros'
[20.444s] DEBUG:colcon.colcon_core.package_identification:Package 'src/examples/rclcpp/actions/minimal_action_server' with type 'ros.ament_cmake' and name 'examples_rclcpp_minimal_action_server'
[20.464s] Level 1:colcon.colcon_core.package_identification:_identify(src/examples/rclcpp/composition) by extensions ['ignore', 'ignore_ament_install']
[20.466s] Level 1:colcon.colcon_core.package_identification:_identify(src/examples/rclcpp/composition) by extension 'ignore'
[20.470s] Level 1:colcon.colcon_core.package_identification:_identify(src/examples/rclcpp/composition) by extension 'ignore_ament_install'
[20.471s] Level 1:colcon.colcon_core.package_identification:_identify(src/examples/rclcpp/composition) by extensions ['colcon_pkg']
[20.473s] Level 1:colcon.colcon_core.package_identification:_identify(src/examples/rclcpp/composition) by extension 'colcon_pkg'
[20.478s] Level 1:colcon.colcon_core.package_identification:_identify(src/examples/rclcpp/composition) by extensions ['colcon_meta']
[20.478s] Level 1:colcon.colcon_core.package_identification:_identify(src/examples/rclcpp/composition) by extension 'colcon_meta'
[20.478s] Level 1:colcon.colcon_core.package_identification:_identify(src/examples/rclcpp/composition) by extensions ['ros']
[20.478s] Level 1:colcon.colcon_core.package_identification:_identify(src/examples/rclcpp/composition) by extension 'ros'
[20.478s] Level 1:colcon.colcon_core.package_identification:_identify(src/examples/rclcpp/composition) by extensions ['cmake', 'python']
[20.478s] Level 1:colcon.colcon_core.package_identification:_identify(src/examples/rclcpp/composition) by extension 'cmake'
[20.480s] Level 1:colcon.colcon_core.package_identification:_identify(src/examples/rclcpp/composition) by extension 'python'
[20.480s] Level 1:colcon.colcon_core.package_identification:_identify(src/examples/rclcpp/composition) by extensions ['python_setup_py']
[20.480s] Level 1:colcon.colcon_core.package_identification:_identify(src/examples/rclcpp/composition) by extension 'python_setup_py'
[20.496s] Level 1:colcon.colcon_core.package_identification:_identify(src/examples/rclcpp/composition/minimal_composition) by extensions ['ignore', 'ignore_ament_install']
[20.498s] Level 1:colcon.colcon_core.package_identification:_identify(src/examples/rclcpp/composition/minimal_composition) by extension 'ignore'
[20.499s] Level 1:colcon.colcon_core.package_identification:_identify(src/examples/rclcpp/composition/minimal_composition) by extension 'ignore_ament_install'
[20.499s] Level 1:colcon.colcon_core.package_identification:_identify(src/examples/rclcpp/composition/minimal_composition) by extensions ['colcon_pkg']
[20.499s] Level 1:colcon.colcon_core.package_identification:_identify(src/examples/rclcpp/composition/minimal_composition) by extension 'colcon_pkg'
[20.499s] Level 1:colcon.colcon_core.package_identification:_identify(src/examples/rclcpp/composition/minimal_composition) by extensions ['colcon_meta']
[20.499s] Level 1:colcon.colcon_core.package_identification:_identify(src/examples/rclcpp/composition/minimal_composition) by extension 'colcon_meta'
[20.500s] Level 1:colcon.colcon_core.package_identification:_identify(src/examples/rclcpp/composition/minimal_composition) by extensions ['ros']
[20.500s] Level 1:colcon.colcon_core.package_identification:_identify(src/examples/rclcpp/composition/minimal_composition) by extension 'ros'
[20.533s] DEBUG:colcon.colcon_core.package_identification:Package 'src/examples/rclcpp/composition/minimal_composition' with type 'ros.ament_cmake' and name 'examples_rclcpp_minimal_composition'
[20.534s] Level 1:colcon.colcon_core.package_identification:_identify(src/examples/rclcpp/executors) by extensions ['ignore', 'ignore_ament_install']
[20.534s] Level 1:colcon.colcon_core.package_identification:_identify(src/examples/rclcpp/executors) by extension 'ignore'
[20.536s] Level 1:colcon.colcon_core.package_identification:_identify(src/examples/rclcpp/executors) by extension 'ignore_ament_install'
[20.536s] Level 1:colcon.colcon_core.package_identification:_identify(src/examples/rclcpp/executors) by extensions ['colcon_pkg']
[20.536s] Level 1:colcon.colcon_core.package_identification:_identify(src/examples/rclcpp/executors) by extension 'colcon_pkg'
[20.537s] Level 1:colcon.colcon_core.package_identification:_identify(src/examples/rclcpp/executors) by extensions ['colcon_meta']
[20.537s] Level 1:colcon.colcon_core.package_identification:_identify(src/examples/rclcpp/executors) by extension 'colcon_meta'
[20.537s] Level 1:colcon.colcon_core.package_identification:_identify(src/examples/rclcpp/executors) by extensions ['ros']
[20.537s] Level 1:colcon.colcon_core.package_identification:_identify(src/examples/rclcpp/executors) by extension 'ros'
[20.537s] Level 1:colcon.colcon_core.package_identification:_identify(src/examples/rclcpp/executors) by extensions ['cmake', 'python']
[20.538s] Level 1:colcon.colcon_core.package_identification:_identify(src/examples/rclcpp/executors) by extension 'cmake'
[20.541s] Level 1:colcon.colcon_core.package_identification:_identify(src/examples/rclcpp/executors) by extension 'python'
[20.542s] Level 1:colcon.colcon_core.package_identification:_identify(src/examples/rclcpp/executors) by extensions ['python_setup_py']
[20.542s] Level 1:colcon.colcon_core.package_identification:_identify(src/examples/rclcpp/executors) by extension 'python_setup_py'
[20.542s] Level 1:colcon.colcon_core.package_identification:_identify(src/examples/rclcpp/executors/cbg_executor) by extensions ['ignore', 'ignore_ament_install']
[20.542s] Level 1:colcon.colcon_core.package_identification:_identify(src/examples/rclcpp/executors/cbg_executor) by extension 'ignore'
[20.542s] Level 1:colcon.colcon_core.package_identification:_identify(src/examples/rclcpp/executors/cbg_executor) by extension 'ignore_ament_install'
[20.543s] Level 1:colcon.colcon_core.package_identification:_identify(src/examples/rclcpp/executors/cbg_executor) by extensions ['colcon_pkg']
[20.543s] Level 1:colcon.colcon_core.package_identification:_identify(src/examples/rclcpp/executors/cbg_executor) by extension 'colcon_pkg'
[20.543s] Level 1:colcon.colcon_core.package_identification:_identify(src/examples/rclcpp/executors/cbg_executor) by extensions ['colcon_meta']
[20.543s] Level 1:colcon.colcon_core.package_identification:_identify(src/examples/rclcpp/executors/cbg_executor) by extension 'colcon_meta'
[20.543s] Level 1:colcon.colcon_core.package_identification:_identify(src/examples/rclcpp/executors/cbg_executor) by extensions ['ros']
[20.543s] Level 1:colcon.colcon_core.package_identification:_identify(src/examples/rclcpp/executors/cbg_executor) by extension 'ros'
[20.593s] DEBUG:colcon.colcon_core.package_identification:Package 'src/examples/rclcpp/executors/cbg_executor' with type 'ros.ament_cmake' and name 'examples_rclcpp_cbg_executor'
[20.594s] Level 1:colcon.colcon_core.package_identification:_identify(src/examples/rclcpp/executors/multithreaded_executor) by extensions ['ignore', 'ignore_ament_install']
[20.594s] Level 1:colcon.colcon_core.package_identification:_identify(src/examples/rclcpp/executors/multithreaded_executor) by extension 'ignore'
[20.595s] Level 1:colcon.colcon_core.package_identification:_identify(src/examples/rclcpp/executors/multithreaded_executor) by extension 'ignore_ament_install'
[20.595s] Level 1:colcon.colcon_core.package_identification:_identify(src/examples/rclcpp/executors/multithreaded_executor) by extensions ['colcon_pkg']
[20.595s] Level 1:colcon.colcon_core.package_identification:_identify(src/examples/rclcpp/executors/multithreaded_executor) by extension 'colcon_pkg'
[20.595s] Level 1:colcon.colcon_core.package_identification:_identify(src/examples/rclcpp/executors/multithreaded_executor) by extensions ['colcon_meta']
[20.595s] Level 1:colcon.colcon_core.package_identification:_identify(src/examples/rclcpp/executors/multithreaded_executor) by extension 'colcon_meta'
[20.595s] Level 1:colcon.colcon_core.package_identification:_identify(src/examples/rclcpp/executors/multithreaded_executor) by extensions ['ros']
[20.596s] Level 1:colcon.colcon_core.package_identification:_identify(src/examples/rclcpp/executors/multithreaded_executor) by extension 'ros'
[20.610s] DEBUG:colcon.colcon_core.package_identification:Package 'src/examples/rclcpp/executors/multithreaded_executor' with type 'ros.ament_cmake' and name 'examples_rclcpp_multithreaded_executor'
[20.611s] Level 1:colcon.colcon_core.package_identification:_identify(src/examples/rclcpp/services) by extensions ['ignore', 'ignore_ament_install']
[20.611s] Level 1:colcon.colcon_core.package_identification:_identify(src/examples/rclcpp/services) by extension 'ignore'
[20.611s] Level 1:colcon.colcon_core.package_identification:_identify(src/examples/rclcpp/services) by extension 'ignore_ament_install'
[20.611s] Level 1:colcon.colcon_core.package_identification:_identify(src/examples/rclcpp/services) by extensions ['colcon_pkg']
[20.611s] Level 1:colcon.colcon_core.package_identification:_identify(src/examples/rclcpp/services) by extension 'colcon_pkg'
[20.611s] Level 1:colcon.colcon_core.package_identification:_identify(src/examples/rclcpp/services) by extensions ['colcon_meta']
[20.611s] Level 1:colcon.colcon_core.package_identification:_identify(src/examples/rclcpp/services) by extension 'colcon_meta'
[20.611s] Level 1:colcon.colcon_core.package_identification:_identify(src/examples/rclcpp/services) by extensions ['ros']
[20.611s] Level 1:colcon.colcon_core.package_identification:_identify(src/examples/rclcpp/services) by extension 'ros'
[20.612s] Level 1:colcon.colcon_core.package_identification:_identify(src/examples/rclcpp/services) by extensions ['cmake', 'python']
[20.612s] Level 1:colcon.colcon_core.package_identification:_identify(src/examples/rclcpp/services) by extension 'cmake'
[20.612s] Level 1:colcon.colcon_core.package_identification:_identify(src/examples/rclcpp/services) by extension 'python'
[20.612s] Level 1:colcon.colcon_core.package_identification:_identify(src/examples/rclcpp/services) by extensions ['python_setup_py']
[20.612s] Level 1:colcon.colcon_core.package_identification:_identify(src/examples/rclcpp/services) by extension 'python_setup_py'
[20.613s] Level 1:colcon.colcon_core.package_identification:_identify(src/examples/rclcpp/services/async_client) by extensions ['ignore', 'ignore_ament_install']
[20.613s] Level 1:colcon.colcon_core.package_identification:_identify(src/examples/rclcpp/services/async_client) by extension 'ignore'
[20.613s] Level 1:colcon.colcon_core.package_identification:_identify(src/examples/rclcpp/services/async_client) by extension 'ignore_ament_install'
[20.613s] Level 1:colcon.colcon_core.package_identification:_identify(src/examples/rclcpp/services/async_client) by extensions ['colcon_pkg']
[20.613s] Level 1:colcon.colcon_core.package_identification:_identify(src/examples/rclcpp/services/async_client) by extension 'colcon_pkg'
[20.613s] Level 1:colcon.colcon_core.package_identification:_identify(src/examples/rclcpp/services/async_client) by extensions ['colcon_meta']
[20.613s] Level 1:colcon.colcon_core.package_identification:_identify(src/examples/rclcpp/services/async_client) by extension 'colcon_meta'
[20.613s] Level 1:colcon.colcon_core.package_identification:_identify(src/examples/rclcpp/services/async_client) by extensions ['ros']
[20.613s] Level 1:colcon.colcon_core.package_identification:_identify(src/examples/rclcpp/services/async_client) by extension 'ros'
[20.631s] DEBUG:colcon.colcon_core.package_identification:Package 'src/examples/rclcpp/services/async_client' with type 'ros.ament_cmake' and name 'examples_rclcpp_async_client'
[20.631s] Level 1:colcon.colcon_core.package_identification:_identify(src/examples/rclcpp/services/minimal_client) by extensions ['ignore', 'ignore_ament_install']
[20.631s] Level 1:colcon.colcon_core.package_identification:_identify(src/examples/rclcpp/services/minimal_client) by extension 'ignore'
[20.631s] Level 1:colcon.colcon_core.package_identification:_identify(src/examples/rclcpp/services/minimal_client) by extension 'ignore_ament_install'
[20.631s] Level 1:colcon.colcon_core.package_identification:_identify(src/examples/rclcpp/services/minimal_client) by extensions ['colcon_pkg']
[20.632s] Level 1:colcon.colcon_core.package_identification:_identify(src/examples/rclcpp/services/minimal_client) by extension 'colcon_pkg'
[20.632s] Level 1:colcon.colcon_core.package_identification:_identify(src/examples/rclcpp/services/minimal_client) by extensions ['colcon_meta']
[20.632s] Level 1:colcon.colcon_core.package_identification:_identify(src/examples/rclcpp/services/minimal_client) by extension 'colcon_meta'
[20.632s] Level 1:colcon.colcon_core.package_identification:_identify(src/examples/rclcpp/services/minimal_client) by extensions ['ros']
[20.632s] Level 1:colcon.colcon_core.package_identification:_identify(src/examples/rclcpp/services/minimal_client) by extension 'ros'
[20.725s] DEBUG:colcon.colcon_core.package_identification:Package 'src/examples/rclcpp/services/minimal_client' with type 'ros.ament_cmake' and name 'examples_rclcpp_minimal_client'
[20.726s] Level 1:colcon.colcon_core.package_identification:_identify(src/examples/rclcpp/services/minimal_service) by extensions ['ignore', 'ignore_ament_install']
[20.727s] Level 1:colcon.colcon_core.package_identification:_identify(src/examples/rclcpp/services/minimal_service) by extension 'ignore'
[20.727s] Level 1:colcon.colcon_core.package_identification:_identify(src/examples/rclcpp/services/minimal_service) by extension 'ignore_ament_install'
[20.727s] Level 1:colcon.colcon_core.package_identification:_identify(src/examples/rclcpp/services/minimal_service) by extensions ['colcon_pkg']
[20.727s] Level 1:colcon.colcon_core.package_identification:_identify(src/examples/rclcpp/services/minimal_service) by extension 'colcon_pkg'
[20.728s] Level 1:colcon.colcon_core.package_identification:_identify(src/examples/rclcpp/services/minimal_service) by extensions ['colcon_meta']
[20.728s] Level 1:colcon.colcon_core.package_identification:_identify(src/examples/rclcpp/services/minimal_service) by extension 'colcon_meta'
[20.728s] Level 1:colcon.colcon_core.package_identification:_identify(src/examples/rclcpp/services/minimal_service) by extensions ['ros']
[20.729s] Level 1:colcon.colcon_core.package_identification:_identify(src/examples/rclcpp/services/minimal_service) by extension 'ros'
[20.757s] DEBUG:colcon.colcon_core.package_identification:Package 'src/examples/rclcpp/services/minimal_service' with type 'ros.ament_cmake' and name 'examples_rclcpp_minimal_service'
[20.759s] Level 1:colcon.colcon_core.package_identification:_identify(src/examples/rclcpp/timers) by extensions ['ignore', 'ignore_ament_install']
[20.760s] Level 1:colcon.colcon_core.package_identification:_identify(src/examples/rclcpp/timers) by extension 'ignore'
[20.761s] Level 1:colcon.colcon_core.package_identification:_identify(src/examples/rclcpp/timers) by extension 'ignore_ament_install'
[20.761s] Level 1:colcon.colcon_core.package_identification:_identify(src/examples/rclcpp/timers) by extensions ['colcon_pkg']
[20.761s] Level 1:colcon.colcon_core.package_identification:_identify(src/examples/rclcpp/timers) by extension 'colcon_pkg'
[20.761s] Level 1:colcon.colcon_core.package_identification:_identify(src/examples/rclcpp/timers) by extensions ['colcon_meta']
[20.761s] Level 1:colcon.colcon_core.package_identification:_identify(src/examples/rclcpp/timers) by extension 'colcon_meta'
[20.761s] Level 1:colcon.colcon_core.package_identification:_identify(src/examples/rclcpp/timers) by extensions ['ros']
[20.762s] Level 1:colcon.colcon_core.package_identification:_identify(src/examples/rclcpp/timers) by extension 'ros'
[20.762s] Level 1:colcon.colcon_core.package_identification:_identify(src/examples/rclcpp/timers) by extensions ['cmake', 'python']
[20.763s] Level 1:colcon.colcon_core.package_identification:_identify(src/examples/rclcpp/timers) by extension 'cmake'
[20.763s] Level 1:colcon.colcon_core.package_identification:_identify(src/examples/rclcpp/timers) by extension 'python'
[20.763s] Level 1:colcon.colcon_core.package_identification:_identify(src/examples/rclcpp/timers) by extensions ['python_setup_py']
[20.763s] Level 1:colcon.colcon_core.package_identification:_identify(src/examples/rclcpp/timers) by extension 'python_setup_py'
[20.763s] Level 1:colcon.colcon_core.package_identification:_identify(src/examples/rclcpp/timers/minimal_timer) by extensions ['ignore', 'ignore_ament_install']
[20.763s] Level 1:colcon.colcon_core.package_identification:_identify(src/examples/rclcpp/timers/minimal_timer) by extension 'ignore'
[20.763s] Level 1:colcon.colcon_core.package_identification:_identify(src/examples/rclcpp/timers/minimal_timer) by extension 'ignore_ament_install'
[20.764s] Level 1:colcon.colcon_core.package_identification:_identify(src/examples/rclcpp/timers/minimal_timer) by extensions ['colcon_pkg']
[20.764s] Level 1:colcon.colcon_core.package_identification:_identify(src/examples/rclcpp/timers/minimal_timer) by extension 'colcon_pkg'
[20.764s] Level 1:colcon.colcon_core.package_identification:_identify(src/examples/rclcpp/timers/minimal_timer) by extensions ['colcon_meta']
[20.764s] Level 1:colcon.colcon_core.package_identification:_identify(src/examples/rclcpp/timers/minimal_timer) by extension 'colcon_meta'
[20.764s] Level 1:colcon.colcon_core.package_identification:_identify(src/examples/rclcpp/timers/minimal_timer) by extensions ['ros']
[20.764s] Level 1:colcon.colcon_core.package_identification:_identify(src/examples/rclcpp/timers/minimal_timer) by extension 'ros'
[20.787s] DEBUG:colcon.colcon_core.package_identification:Package 'src/examples/rclcpp/timers/minimal_timer' with type 'ros.ament_cmake' and name 'examples_rclcpp_minimal_timer'
[20.787s] Level 1:colcon.colcon_core.package_identification:_identify(src/examples/rclcpp/topics) by extensions ['ignore', 'ignore_ament_install']
[20.788s] Level 1:colcon.colcon_core.package_identification:_identify(src/examples/rclcpp/topics) by extension 'ignore'
[20.788s] Level 1:colcon.colcon_core.package_identification:_identify(src/examples/rclcpp/topics) by extension 'ignore_ament_install'
[20.789s] Level 1:colcon.colcon_core.package_identification:_identify(src/examples/rclcpp/topics) by extensions ['colcon_pkg']
[20.789s] Level 1:colcon.colcon_core.package_identification:_identify(src/examples/rclcpp/topics) by extension 'colcon_pkg'
[20.789s] Level 1:colcon.colcon_core.package_identification:_identify(src/examples/rclcpp/topics) by extensions ['colcon_meta']
[20.789s] Level 1:colcon.colcon_core.package_identification:_identify(src/examples/rclcpp/topics) by extension 'colcon_meta'
[20.789s] Level 1:colcon.colcon_core.package_identification:_identify(src/examples/rclcpp/topics) by extensions ['ros']
[20.789s] Level 1:colcon.colcon_core.package_identification:_identify(src/examples/rclcpp/topics) by extension 'ros'
[20.789s] Level 1:colcon.colcon_core.package_identification:_identify(src/examples/rclcpp/topics) by extensions ['cmake', 'python']
[20.789s] Level 1:colcon.colcon_core.package_identification:_identify(src/examples/rclcpp/topics) by extension 'cmake'
[20.789s] Level 1:colcon.colcon_core.package_identification:_identify(src/examples/rclcpp/topics) by extension 'python'
[20.789s] Level 1:colcon.colcon_core.package_identification:_identify(src/examples/rclcpp/topics) by extensions ['python_setup_py']
[20.789s] Level 1:colcon.colcon_core.package_identification:_identify(src/examples/rclcpp/topics) by extension 'python_setup_py'
[20.789s] Level 1:colcon.colcon_core.package_identification:_identify(src/examples/rclcpp/topics/minimal_publisher) by extensions ['ignore', 'ignore_ament_install']
[20.790s] Level 1:colcon.colcon_core.package_identification:_identify(src/examples/rclcpp/topics/minimal_publisher) by extension 'ignore'
[20.790s] Level 1:colcon.colcon_core.package_identification:_identify(src/examples/rclcpp/topics/minimal_publisher) by extension 'ignore_ament_install'
[20.790s] Level 1:colcon.colcon_core.package_identification:_identify(src/examples/rclcpp/topics/minimal_publisher) by extensions ['colcon_pkg']
[20.790s] Level 1:colcon.colcon_core.package_identification:_identify(src/examples/rclcpp/topics/minimal_publisher) by extension 'colcon_pkg'
[20.790s] Level 1:colcon.colcon_core.package_identification:_identify(src/examples/rclcpp/topics/minimal_publisher) by extensions ['colcon_meta']
[20.790s] Level 1:colcon.colcon_core.package_identification:_identify(src/examples/rclcpp/topics/minimal_publisher) by extension 'colcon_meta'
[20.790s] Level 1:colcon.colcon_core.package_identification:_identify(src/examples/rclcpp/topics/minimal_publisher) by extensions ['ros']
[20.790s] Level 1:colcon.colcon_core.package_identification:_identify(src/examples/rclcpp/topics/minimal_publisher) by extension 'ros'
[20.818s] DEBUG:colcon.colcon_core.package_identification:Package 'src/examples/rclcpp/topics/minimal_publisher' with type 'ros.ament_cmake' and name 'examples_rclcpp_minimal_publisher'
[20.819s] Level 1:colcon.colcon_core.package_identification:_identify(src/examples/rclcpp/topics/minimal_subscriber) by extensions ['ignore', 'ignore_ament_install']
[20.819s] Level 1:colcon.colcon_core.package_identification:_identify(src/examples/rclcpp/topics/minimal_subscriber) by extension 'ignore'
[20.819s] Level 1:colcon.colcon_core.package_identification:_identify(src/examples/rclcpp/topics/minimal_subscriber) by extension 'ignore_ament_install'
[20.820s] Level 1:colcon.colcon_core.package_identification:_identify(src/examples/rclcpp/topics/minimal_subscriber) by extensions ['colcon_pkg']
[20.820s] Level 1:colcon.colcon_core.package_identification:_identify(src/examples/rclcpp/topics/minimal_subscriber) by extension 'colcon_pkg'
[20.820s] Level 1:colcon.colcon_core.package_identification:_identify(src/examples/rclcpp/topics/minimal_subscriber) by extensions ['colcon_meta']
[20.820s] Level 1:colcon.colcon_core.package_identification:_identify(src/examples/rclcpp/topics/minimal_subscriber) by extension 'colcon_meta'
[20.820s] Level 1:colcon.colcon_core.package_identification:_identify(src/examples/rclcpp/topics/minimal_subscriber) by extensions ['ros']
[20.821s] Level 1:colcon.colcon_core.package_identification:_identify(src/examples/rclcpp/topics/minimal_subscriber) by extension 'ros'
[20.831s] DEBUG:colcon.colcon_core.package_identification:Package 'src/examples/rclcpp/topics/minimal_subscriber' with type 'ros.ament_cmake' and name 'examples_rclcpp_minimal_subscriber'
[20.831s] Level 1:colcon.colcon_core.package_identification:_identify(src/examples/rclcpp/wait_set) by extensions ['ignore', 'ignore_ament_install']
[20.831s] Level 1:colcon.colcon_core.package_identification:_identify(src/examples/rclcpp/wait_set) by extension 'ignore'
[20.831s] Level 1:colcon.colcon_core.package_identification:_identify(src/examples/rclcpp/wait_set) by extension 'ignore_ament_install'
[20.831s] Level 1:colcon.colcon_core.package_identification:_identify(src/examples/rclcpp/wait_set) by extensions ['colcon_pkg']
[20.831s] Level 1:colcon.colcon_core.package_identification:_identify(src/examples/rclcpp/wait_set) by extension 'colcon_pkg'
[20.832s] Level 1:colcon.colcon_core.package_identification:_identify(src/examples/rclcpp/wait_set) by extensions ['colcon_meta']
[20.832s] Level 1:colcon.colcon_core.package_identification:_identify(src/examples/rclcpp/wait_set) by extension 'colcon_meta'
[20.832s] Level 1:colcon.colcon_core.package_identification:_identify(src/examples/rclcpp/wait_set) by extensions ['ros']
[20.832s] Level 1:colcon.colcon_core.package_identification:_identify(src/examples/rclcpp/wait_set) by extension 'ros'
[20.845s] DEBUG:colcon.colcon_core.package_identification:Package 'src/examples/rclcpp/wait_set' with type 'ros.ament_cmake' and name 'examples_rclcpp_wait_set'
[20.845s] Level 1:colcon.colcon_core.package_identification:_identify(src/examples/rclpy) by extensions ['ignore', 'ignore_ament_install']
[20.846s] Level 1:colcon.colcon_core.package_identification:_identify(src/examples/rclpy) by extension 'ignore'
[20.846s] Level 1:colcon.colcon_core.package_identification:_identify(src/examples/rclpy) by extension 'ignore_ament_install'
[20.846s] Level 1:colcon.colcon_core.package_identification:_identify(src/examples/rclpy) by extensions ['colcon_pkg']
[20.846s] Level 1:colcon.colcon_core.package_identification:_identify(src/examples/rclpy) by extension 'colcon_pkg'
[20.846s] Level 1:colcon.colcon_core.package_identification:_identify(src/examples/rclpy) by extensions ['colcon_meta']
[20.847s] Level 1:colcon.colcon_core.package_identification:_identify(src/examples/rclpy) by extension 'colcon_meta'
[20.847s] Level 1:colcon.colcon_core.package_identification:_identify(src/examples/rclpy) by extensions ['ros']
[20.847s] Level 1:colcon.colcon_core.package_identification:_identify(src/examples/rclpy) by extension 'ros'
[20.847s] Level 1:colcon.colcon_core.package_identification:_identify(src/examples/rclpy) by extensions ['cmake', 'python']
[20.847s] Level 1:colcon.colcon_core.package_identification:_identify(src/examples/rclpy) by extension 'cmake'
[20.847s] Level 1:colcon.colcon_core.package_identification:_identify(src/examples/rclpy) by extension 'python'
[20.847s] Level 1:colcon.colcon_core.package_identification:_identify(src/examples/rclpy) by extensions ['python_setup_py']
[20.847s] Level 1:colcon.colcon_core.package_identification:_identify(src/examples/rclpy) by extension 'python_setup_py'
[20.849s] Level 1:colcon.colcon_core.package_identification:_identify(src/examples/rclpy/actions) by extensions ['ignore', 'ignore_ament_install']
[20.851s] Level 1:colcon.colcon_core.package_identification:_identify(src/examples/rclpy/actions) by extension 'ignore'
[20.852s] Level 1:colcon.colcon_core.package_identification:_identify(src/examples/rclpy/actions) by extension 'ignore_ament_install'
[20.852s] Level 1:colcon.colcon_core.package_identification:_identify(src/examples/rclpy/actions) by extensions ['colcon_pkg']
[20.852s] Level 1:colcon.colcon_core.package_identification:_identify(src/examples/rclpy/actions) by extension 'colcon_pkg'
[20.852s] Level 1:colcon.colcon_core.package_identification:_identify(src/examples/rclpy/actions) by extensions ['colcon_meta']
[20.852s] Level 1:colcon.colcon_core.package_identification:_identify(src/examples/rclpy/actions) by extension 'colcon_meta'
[20.852s] Level 1:colcon.colcon_core.package_identification:_identify(src/examples/rclpy/actions) by extensions ['ros']
[20.852s] Level 1:colcon.colcon_core.package_identification:_identify(src/examples/rclpy/actions) by extension 'ros'
[20.853s] Level 1:colcon.colcon_core.package_identification:_identify(src/examples/rclpy/actions) by extensions ['cmake', 'python']
[20.853s] Level 1:colcon.colcon_core.package_identification:_identify(src/examples/rclpy/actions) by extension 'cmake'
[20.853s] Level 1:colcon.colcon_core.package_identification:_identify(src/examples/rclpy/actions) by extension 'python'
[20.853s] Level 1:colcon.colcon_core.package_identification:_identify(src/examples/rclpy/actions) by extensions ['python_setup_py']
[20.853s] Level 1:colcon.colcon_core.package_identification:_identify(src/examples/rclpy/actions) by extension 'python_setup_py'
[20.856s] Level 1:colcon.colcon_core.package_identification:_identify(src/examples/rclpy/actions/minimal_action_client) by extensions ['ignore', 'ignore_ament_install']
[20.857s] Level 1:colcon.colcon_core.package_identification:_identify(src/examples/rclpy/actions/minimal_action_client) by extension 'ignore'
[20.857s] Level 1:colcon.colcon_core.package_identification:_identify(src/examples/rclpy/actions/minimal_action_client) by extension 'ignore_ament_install'
[20.859s] Level 1:colcon.colcon_core.package_identification:_identify(src/examples/rclpy/actions/minimal_action_client) by extensions ['colcon_pkg']
[20.859s] Level 1:colcon.colcon_core.package_identification:_identify(src/examples/rclpy/actions/minimal_action_client) by extension 'colcon_pkg'
[20.860s] Level 1:colcon.colcon_core.package_identification:_identify(src/examples/rclpy/actions/minimal_action_client) by extensions ['colcon_meta']
[20.860s] Level 1:colcon.colcon_core.package_identification:_identify(src/examples/rclpy/actions/minimal_action_client) by extension 'colcon_meta'
[20.862s] Level 1:colcon.colcon_core.package_identification:_identify(src/examples/rclpy/actions/minimal_action_client) by extensions ['ros']
[20.862s] Level 1:colcon.colcon_core.package_identification:_identify(src/examples/rclpy/actions/minimal_action_client) by extension 'ros'
[20.890s] DEBUG:colcon.colcon_core.package_identification:Package 'src/examples/rclpy/actions/minimal_action_client' with type 'ros.ament_python' and name 'examples_rclpy_minimal_action_client'
[20.894s] Level 1:colcon.colcon_core.package_identification:_identify(src/examples/rclpy/actions/minimal_action_server) by extensions ['ignore', 'ignore_ament_install']
[20.894s] Level 1:colcon.colcon_core.package_identification:_identify(src/examples/rclpy/actions/minimal_action_server) by extension 'ignore'
[20.894s] Level 1:colcon.colcon_core.package_identification:_identify(src/examples/rclpy/actions/minimal_action_server) by extension 'ignore_ament_install'
[20.895s] Level 1:colcon.colcon_core.package_identification:_identify(src/examples/rclpy/actions/minimal_action_server) by extensions ['colcon_pkg']
[20.895s] Level 1:colcon.colcon_core.package_identification:_identify(src/examples/rclpy/actions/minimal_action_server) by extension 'colcon_pkg'
[20.895s] Level 1:colcon.colcon_core.package_identification:_identify(src/examples/rclpy/actions/minimal_action_server) by extensions ['colcon_meta']
[20.896s] Level 1:colcon.colcon_core.package_identification:_identify(src/examples/rclpy/actions/minimal_action_server) by extension 'colcon_meta'
[20.896s] Level 1:colcon.colcon_core.package_identification:_identify(src/examples/rclpy/actions/minimal_action_server) by extensions ['ros']
[20.896s] Level 1:colcon.colcon_core.package_identification:_identify(src/examples/rclpy/actions/minimal_action_server) by extension 'ros'
[20.923s] DEBUG:colcon.colcon_core.package_identification:Package 'src/examples/rclpy/actions/minimal_action_server' with type 'ros.ament_python' and name 'examples_rclpy_minimal_action_server'
[20.925s] Level 1:colcon.colcon_core.package_identification:_identify(src/examples/rclpy/executors) by extensions ['ignore', 'ignore_ament_install']
[20.927s] Level 1:colcon.colcon_core.package_identification:_identify(src/examples/rclpy/executors) by extension 'ignore'
[20.927s] Level 1:colcon.colcon_core.package_identification:_identify(src/examples/rclpy/executors) by extension 'ignore_ament_install'
[20.927s] Level 1:colcon.colcon_core.package_identification:_identify(src/examples/rclpy/executors) by extensions ['colcon_pkg']
[20.927s] Level 1:colcon.colcon_core.package_identification:_identify(src/examples/rclpy/executors) by extension 'colcon_pkg'
[20.927s] Level 1:colcon.colcon_core.package_identification:_identify(src/examples/rclpy/executors) by extensions ['colcon_meta']
[20.928s] Level 1:colcon.colcon_core.package_identification:_identify(src/examples/rclpy/executors) by extension 'colcon_meta'
[20.928s] Level 1:colcon.colcon_core.package_identification:_identify(src/examples/rclpy/executors) by extensions ['ros']
[20.928s] Level 1:colcon.colcon_core.package_identification:_identify(src/examples/rclpy/executors) by extension 'ros'
[20.948s] DEBUG:colcon.colcon_core.package_identification:Package 'src/examples/rclpy/executors' with type 'ros.ament_python' and name 'examples_rclpy_executors'
[20.949s] Level 1:colcon.colcon_core.package_identification:_identify(src/examples/rclpy/guard_conditions) by extensions ['ignore', 'ignore_ament_install']
[20.951s] Level 1:colcon.colcon_core.package_identification:_identify(src/examples/rclpy/guard_conditions) by extension 'ignore'
[20.952s] Level 1:colcon.colcon_core.package_identification:_identify(src/examples/rclpy/guard_conditions) by extension 'ignore_ament_install'
[20.952s] Level 1:colcon.colcon_core.package_identification:_identify(src/examples/rclpy/guard_conditions) by extensions ['colcon_pkg']
[20.952s] Level 1:colcon.colcon_core.package_identification:_identify(src/examples/rclpy/guard_conditions) by extension 'colcon_pkg'
[20.952s] Level 1:colcon.colcon_core.package_identification:_identify(src/examples/rclpy/guard_conditions) by extensions ['colcon_meta']
[20.952s] Level 1:colcon.colcon_core.package_identification:_identify(src/examples/rclpy/guard_conditions) by extension 'colcon_meta'
[20.953s] Level 1:colcon.colcon_core.package_identification:_identify(src/examples/rclpy/guard_conditions) by extensions ['ros']
[20.953s] Level 1:colcon.colcon_core.package_identification:_identify(src/examples/rclpy/guard_conditions) by extension 'ros'
[20.968s] DEBUG:colcon.colcon_core.package_identification:Package 'src/examples/rclpy/guard_conditions' with type 'ros.ament_python' and name 'examples_rclpy_guard_conditions'
[20.968s] Level 1:colcon.colcon_core.package_identification:_identify(src/examples/rclpy/services) by extensions ['ignore', 'ignore_ament_install']
[20.969s] Level 1:colcon.colcon_core.package_identification:_identify(src/examples/rclpy/services) by extension 'ignore'
[20.969s] Level 1:colcon.colcon_core.package_identification:_identify(src/examples/rclpy/services) by extension 'ignore_ament_install'
[20.969s] Level 1:colcon.colcon_core.package_identification:_identify(src/examples/rclpy/services) by extensions ['colcon_pkg']
[20.969s] Level 1:colcon.colcon_core.package_identification:_identify(src/examples/rclpy/services) by extension 'colcon_pkg'
[20.969s] Level 1:colcon.colcon_core.package_identification:_identify(src/examples/rclpy/services) by extensions ['colcon_meta']
[20.969s] Level 1:colcon.colcon_core.package_identification:_identify(src/examples/rclpy/services) by extension 'colcon_meta'
[20.969s] Level 1:colcon.colcon_core.package_identification:_identify(src/examples/rclpy/services) by extensions ['ros']
[20.969s] Level 1:colcon.colcon_core.package_identification:_identify(src/examples/rclpy/services) by extension 'ros'
[20.970s] Level 1:colcon.colcon_core.package_identification:_identify(src/examples/rclpy/services) by extensions ['cmake', 'python']
[20.970s] Level 1:colcon.colcon_core.package_identification:_identify(src/examples/rclpy/services) by extension 'cmake'
[20.970s] Level 1:colcon.colcon_core.package_identification:_identify(src/examples/rclpy/services) by extension 'python'
[20.971s] Level 1:colcon.colcon_core.package_identification:_identify(src/examples/rclpy/services) by extensions ['python_setup_py']
[20.971s] Level 1:colcon.colcon_core.package_identification:_identify(src/examples/rclpy/services) by extension 'python_setup_py'
[20.971s] Level 1:colcon.colcon_core.package_identification:_identify(src/examples/rclpy/services/minimal_client) by extensions ['ignore', 'ignore_ament_install']
[20.971s] Level 1:colcon.colcon_core.package_identification:_identify(src/examples/rclpy/services/minimal_client) by extension 'ignore'
[20.971s] Level 1:colcon.colcon_core.package_identification:_identify(src/examples/rclpy/services/minimal_client) by extension 'ignore_ament_install'
[20.972s] Level 1:colcon.colcon_core.package_identification:_identify(src/examples/rclpy/services/minimal_client) by extensions ['colcon_pkg']
[20.972s] Level 1:colcon.colcon_core.package_identification:_identify(src/examples/rclpy/services/minimal_client) by extension 'colcon_pkg'
[20.972s] Level 1:colcon.colcon_core.package_identification:_identify(src/examples/rclpy/services/minimal_client) by extensions ['colcon_meta']
[20.972s] Level 1:colcon.colcon_core.package_identification:_identify(src/examples/rclpy/services/minimal_client) by extension 'colcon_meta'
[20.973s] Level 1:colcon.colcon_core.package_identification:_identify(src/examples/rclpy/services/minimal_client) by extensions ['ros']
[20.973s] Level 1:colcon.colcon_core.package_identification:_identify(src/examples/rclpy/services/minimal_client) by extension 'ros'
[21.002s] DEBUG:colcon.colcon_core.package_identification:Package 'src/examples/rclpy/services/minimal_client' with type 'ros.ament_python' and name 'examples_rclpy_minimal_client'
[21.002s] Level 1:colcon.colcon_core.package_identification:_identify(src/examples/rclpy/services/minimal_service) by extensions ['ignore', 'ignore_ament_install']
[21.003s] Level 1:colcon.colcon_core.package_identification:_identify(src/examples/rclpy/services/minimal_service) by extension 'ignore'
[21.003s] Level 1:colcon.colcon_core.package_identification:_identify(src/examples/rclpy/services/minimal_service) by extension 'ignore_ament_install'
[21.003s] Level 1:colcon.colcon_core.package_identification:_identify(src/examples/rclpy/services/minimal_service) by extensions ['colcon_pkg']
[21.003s] Level 1:colcon.colcon_core.package_identification:_identify(src/examples/rclpy/services/minimal_service) by extension 'colcon_pkg'
[21.003s] Level 1:colcon.colcon_core.package_identification:_identify(src/examples/rclpy/services/minimal_service) by extensions ['colcon_meta']
[21.003s] Level 1:colcon.colcon_core.package_identification:_identify(src/examples/rclpy/services/minimal_service) by extension 'colcon_meta'
[21.003s] Level 1:colcon.colcon_core.package_identification:_identify(src/examples/rclpy/services/minimal_service) by extensions ['ros']
[21.003s] Level 1:colcon.colcon_core.package_identification:_identify(src/examples/rclpy/services/minimal_service) by extension 'ros'
[21.037s] DEBUG:colcon.colcon_core.package_identification:Package 'src/examples/rclpy/services/minimal_service' with type 'ros.ament_python' and name 'examples_rclpy_minimal_service'
[21.038s] Level 1:colcon.colcon_core.package_identification:_identify(src/examples/rclpy/topics) by extensions ['ignore', 'ignore_ament_install']
[21.038s] Level 1:colcon.colcon_core.package_identification:_identify(src/examples/rclpy/topics) by extension 'ignore'
[21.038s] Level 1:colcon.colcon_core.package_identification:_identify(src/examples/rclpy/topics) by extension 'ignore_ament_install'
[21.038s] Level 1:colcon.colcon_core.package_identification:_identify(src/examples/rclpy/topics) by extensions ['colcon_pkg']
[21.038s] Level 1:colcon.colcon_core.package_identification:_identify(src/examples/rclpy/topics) by extension 'colcon_pkg'
[21.038s] Level 1:colcon.colcon_core.package_identification:_identify(src/examples/rclpy/topics) by extensions ['colcon_meta']
[21.039s] Level 1:colcon.colcon_core.package_identification:_identify(src/examples/rclpy/topics) by extension 'colcon_meta'
[21.039s] Level 1:colcon.colcon_core.package_identification:_identify(src/examples/rclpy/topics) by extensions ['ros']
[21.039s] Level 1:colcon.colcon_core.package_identification:_identify(src/examples/rclpy/topics) by extension 'ros'
[21.039s] Level 1:colcon.colcon_core.package_identification:_identify(src/examples/rclpy/topics) by extensions ['cmake', 'python']
[21.039s] Level 1:colcon.colcon_core.package_identification:_identify(src/examples/rclpy/topics) by extension 'cmake'
[21.039s] Level 1:colcon.colcon_core.package_identification:_identify(src/examples/rclpy/topics) by extension 'python'
[21.039s] Level 1:colcon.colcon_core.package_identification:_identify(src/examples/rclpy/topics) by extensions ['python_setup_py']
[21.039s] Level 1:colcon.colcon_core.package_identification:_identify(src/examples/rclpy/topics) by extension 'python_setup_py'
[21.039s] Level 1:colcon.colcon_core.package_identification:_identify(src/examples/rclpy/topics/minimal_publisher) by extensions ['ignore', 'ignore_ament_install']
[21.039s] Level 1:colcon.colcon_core.package_identification:_identify(src/examples/rclpy/topics/minimal_publisher) by extension 'ignore'
[21.040s] Level 1:colcon.colcon_core.package_identification:_identify(src/examples/rclpy/topics/minimal_publisher) by extension 'ignore_ament_install'
[21.040s] Level 1:colcon.colcon_core.package_identification:_identify(src/examples/rclpy/topics/minimal_publisher) by extensions ['colcon_pkg']
[21.040s] Level 1:colcon.colcon_core.package_identification:_identify(src/examples/rclpy/topics/minimal_publisher) by extension 'colcon_pkg'
[21.040s] Level 1:colcon.colcon_core.package_identification:_identify(src/examples/rclpy/topics/minimal_publisher) by extensions ['colcon_meta']
[21.040s] Level 1:colcon.colcon_core.package_identification:_identify(src/examples/rclpy/topics/minimal_publisher) by extension 'colcon_meta'
[21.041s] Level 1:colcon.colcon_core.package_identification:_identify(src/examples/rclpy/topics/minimal_publisher) by extensions ['ros']
[21.041s] Level 1:colcon.colcon_core.package_identification:_identify(src/examples/rclpy/topics/minimal_publisher) by extension 'ros'
[21.062s] DEBUG:colcon.colcon_core.package_identification:Package 'src/examples/rclpy/topics/minimal_publisher' with type 'ros.ament_python' and name 'examples_rclpy_minimal_publisher'
[21.063s] Level 1:colcon.colcon_core.package_identification:_identify(src/examples/rclpy/topics/minimal_subscriber) by extensions ['ignore', 'ignore_ament_install']
[21.064s] Level 1:colcon.colcon_core.package_identification:_identify(src/examples/rclpy/topics/minimal_subscriber) by extension 'ignore'
[21.064s] Level 1:colcon.colcon_core.package_identification:_identify(src/examples/rclpy/topics/minimal_subscriber) by extension 'ignore_ament_install'
[21.064s] Level 1:colcon.colcon_core.package_identification:_identify(src/examples/rclpy/topics/minimal_subscriber) by extensions ['colcon_pkg']
[21.064s] Level 1:colcon.colcon_core.package_identification:_identify(src/examples/rclpy/topics/minimal_subscriber) by extension 'colcon_pkg'
[21.064s] Level 1:colcon.colcon_core.package_identification:_identify(src/examples/rclpy/topics/minimal_subscriber) by extensions ['colcon_meta']
[21.064s] Level 1:colcon.colcon_core.package_identification:_identify(src/examples/rclpy/topics/minimal_subscriber) by extension 'colcon_meta'
[21.065s] Level 1:colcon.colcon_core.package_identification:_identify(src/examples/rclpy/topics/minimal_subscriber) by extensions ['ros']
[21.065s] Level 1:colcon.colcon_core.package_identification:_identify(src/examples/rclpy/topics/minimal_subscriber) by extension 'ros'
[21.093s] DEBUG:colcon.colcon_core.package_identification:Package 'src/examples/rclpy/topics/minimal_subscriber' with type 'ros.ament_python' and name 'examples_rclpy_minimal_subscriber'
[21.094s] Level 1:colcon.colcon_core.package_identification:_identify(src/examples/rclpy/topics/pointcloud_publisher) by extensions ['ignore', 'ignore_ament_install']
[21.095s] Level 1:colcon.colcon_core.package_identification:_identify(src/examples/rclpy/topics/pointcloud_publisher) by extension 'ignore'
[21.095s] Level 1:colcon.colcon_core.package_identification:_identify(src/examples/rclpy/topics/pointcloud_publisher) by extension 'ignore_ament_install'
[21.096s] Level 1:colcon.colcon_core.package_identification:_identify(src/examples/rclpy/topics/pointcloud_publisher) by extensions ['colcon_pkg']
[21.097s] Level 1:colcon.colcon_core.package_identification:_identify(src/examples/rclpy/topics/pointcloud_publisher) by extension 'colcon_pkg'
[21.097s] Level 1:colcon.colcon_core.package_identification:_identify(src/examples/rclpy/topics/pointcloud_publisher) by extensions ['colcon_meta']
[21.098s] Level 1:colcon.colcon_core.package_identification:_identify(src/examples/rclpy/topics/pointcloud_publisher) by extension 'colcon_meta'
[21.098s] Level 1:colcon.colcon_core.package_identification:_identify(src/examples/rclpy/topics/pointcloud_publisher) by extensions ['ros']
[21.098s] Level 1:colcon.colcon_core.package_identification:_identify(src/examples/rclpy/topics/pointcloud_publisher) by extension 'ros'
[21.127s] DEBUG:colcon.colcon_core.package_identification:Package 'src/examples/rclpy/topics/pointcloud_publisher' with type 'ros.ament_python' and name 'examples_rclpy_pointcloud_publisher'
[21.128s] Level 1:colcon.colcon_core.package_identification:_identify(src/install) by extensions ['ignore', 'ignore_ament_install']
[21.129s] Level 1:colcon.colcon_core.package_identification:_identify(src/install) by extension 'ignore'
[21.129s] Level 1:colcon.colcon_core.package_identification:_identify(src/install) ignored
[21.129s] Level 1:colcon.colcon_core.package_identification:_identify(src/log) by extensions ['ignore', 'ignore_ament_install']
[21.129s] Level 1:colcon.colcon_core.package_identification:_identify(src/log) by extension 'ignore'
[21.129s] Level 1:colcon.colcon_core.package_identification:_identify(src/log) ignored
[21.129s] Level 1:colcon.colcon_core.package_identification:_identify(src/my_package) by extensions ['ignore', 'ignore_ament_install']
[21.129s] Level 1:colcon.colcon_core.package_identification:_identify(src/my_package) by extension 'ignore'
[21.129s] Level 1:colcon.colcon_core.package_identification:_identify(src/my_package) by extension 'ignore_ament_install'
[21.130s] Level 1:colcon.colcon_core.package_identification:_identify(src/my_package) by extensions ['colcon_pkg']
[21.130s] Level 1:colcon.colcon_core.package_identification:_identify(src/my_package) by extension 'colcon_pkg'
[21.130s] Level 1:colcon.colcon_core.package_identification:_identify(src/my_package) by extensions ['colcon_meta']
[21.130s] Level 1:colcon.colcon_core.package_identification:_identify(src/my_package) by extension 'colcon_meta'
[21.130s] Level 1:colcon.colcon_core.package_identification:_identify(src/my_package) by extensions ['ros']
[21.130s] Level 1:colcon.colcon_core.package_identification:_identify(src/my_package) by extension 'ros'
[21.157s] DEBUG:colcon.colcon_core.package_identification:Package 'src/my_package' with type 'ros.ament_cmake' and name 'my_package'
[21.159s] Level 1:colcon.colcon_core.package_identification:_identify(src/py_pubsub) by extensions ['ignore', 'ignore_ament_install']
[21.160s] Level 1:colcon.colcon_core.package_identification:_identify(src/py_pubsub) by extension 'ignore'
[21.160s] Level 1:colcon.colcon_core.package_identification:_identify(src/py_pubsub) by extension 'ignore_ament_install'
[21.161s] Level 1:colcon.colcon_core.package_identification:_identify(src/py_pubsub) by extensions ['colcon_pkg']
[21.162s] Level 1:colcon.colcon_core.package_identification:_identify(src/py_pubsub) by extension 'colcon_pkg'
[21.162s] Level 1:colcon.colcon_core.package_identification:_identify(src/py_pubsub) by extensions ['colcon_meta']
[21.162s] Level 1:colcon.colcon_core.package_identification:_identify(src/py_pubsub) by extension 'colcon_meta'
[21.163s] Level 1:colcon.colcon_core.package_identification:_identify(src/py_pubsub) by extensions ['ros']
[21.163s] Level 1:colcon.colcon_core.package_identification:_identify(src/py_pubsub) by extension 'ros'
[21.205s] DEBUG:colcon.colcon_core.package_identification:Package 'src/py_pubsub' with type 'ros.ament_python' and name 'py_pubsub'
[21.206s] Level 1:colcon.colcon_core.package_identification:_identify(src/read_rosbag) by extensions ['ignore', 'ignore_ament_install']
[21.206s] Level 1:colcon.colcon_core.package_identification:_identify(src/read_rosbag) by extension 'ignore'
[21.206s] Level 1:colcon.colcon_core.package_identification:_identify(src/read_rosbag) by extension 'ignore_ament_install'
[21.207s] Level 1:colcon.colcon_core.package_identification:_identify(src/read_rosbag) by extensions ['colcon_pkg']
[21.207s] Level 1:colcon.colcon_core.package_identification:_identify(src/read_rosbag) by extension 'colcon_pkg'
[21.209s] Level 1:colcon.colcon_core.package_identification:_identify(src/read_rosbag) by extensions ['colcon_meta']
[21.209s] Level 1:colcon.colcon_core.package_identification:_identify(src/read_rosbag) by extension 'colcon_meta'
[21.209s] Level 1:colcon.colcon_core.package_identification:_identify(src/read_rosbag) by extensions ['ros']
[21.210s] Level 1:colcon.colcon_core.package_identification:_identify(src/read_rosbag) by extension 'ros'
[21.248s] DEBUG:colcon.colcon_core.package_identification:Package 'src/read_rosbag' with type 'ros.ament_python' and name 'read_rosbag'
[21.249s] Level 1:colcon.colcon_core.package_identification:_identify(src/ros_tutorials) by extensions ['ignore', 'ignore_ament_install']
[21.250s] Level 1:colcon.colcon_core.package_identification:_identify(src/ros_tutorials) by extension 'ignore'
[21.250s] Level 1:colcon.colcon_core.package_identification:_identify(src/ros_tutorials) by extension 'ignore_ament_install'
[21.250s] Level 1:colcon.colcon_core.package_identification:_identify(src/ros_tutorials) by extensions ['colcon_pkg']
[21.250s] Level 1:colcon.colcon_core.package_identification:_identify(src/ros_tutorials) by extension 'colcon_pkg'
[21.250s] Level 1:colcon.colcon_core.package_identification:_identify(src/ros_tutorials) by extensions ['colcon_meta']
[21.250s] Level 1:colcon.colcon_core.package_identification:_identify(src/ros_tutorials) by extension 'colcon_meta'
[21.250s] Level 1:colcon.colcon_core.package_identification:_identify(src/ros_tutorials) by extensions ['ros']
[21.250s] Level 1:colcon.colcon_core.package_identification:_identify(src/ros_tutorials) by extension 'ros'
[21.251s] Level 1:colcon.colcon_core.package_identification:_identify(src/ros_tutorials) by extensions ['cmake', 'python']
[21.251s] Level 1:colcon.colcon_core.package_identification:_identify(src/ros_tutorials) by extension 'cmake'
[21.251s] Level 1:colcon.colcon_core.package_identification:_identify(src/ros_tutorials) by extension 'python'
[21.251s] Level 1:colcon.colcon_core.package_identification:_identify(src/ros_tutorials) by extensions ['python_setup_py']
[21.251s] Level 1:colcon.colcon_core.package_identification:_identify(src/ros_tutorials) by extension 'python_setup_py'
[21.251s] Level 1:colcon.colcon_core.package_identification:_identify(src/ros_tutorials/ros_tutorials) by extensions ['ignore', 'ignore_ament_install']
[21.252s] Level 1:colcon.colcon_core.package_identification:_identify(src/ros_tutorials/ros_tutorials) by extension 'ignore'
[21.252s] Level 1:colcon.colcon_core.package_identification:_identify(src/ros_tutorials/ros_tutorials) ignored
[21.253s] Level 1:colcon.colcon_core.package_identification:_identify(src/ros_tutorials/roscpp_tutorials) by extensions ['ignore', 'ignore_ament_install']
[21.253s] Level 1:colcon.colcon_core.package_identification:_identify(src/ros_tutorials/roscpp_tutorials) by extension 'ignore'
[21.253s] Level 1:colcon.colcon_core.package_identification:_identify(src/ros_tutorials/roscpp_tutorials) ignored
[21.254s] Level 1:colcon.colcon_core.package_identification:_identify(src/ros_tutorials/rospy_tutorials) by extensions ['ignore', 'ignore_ament_install']
[21.254s] Level 1:colcon.colcon_core.package_identification:_identify(src/ros_tutorials/rospy_tutorials) by extension 'ignore'
[21.254s] Level 1:colcon.colcon_core.package_identification:_identify(src/ros_tutorials/rospy_tutorials) ignored
[21.257s] Level 1:colcon.colcon_core.package_identification:_identify(src/ros_tutorials/turtlesim) by extensions ['ignore', 'ignore_ament_install']
[21.258s] Level 1:colcon.colcon_core.package_identification:_identify(src/ros_tutorials/turtlesim) by extension 'ignore'
[21.258s] Level 1:colcon.colcon_core.package_identification:_identify(src/ros_tutorials/turtlesim) by extension 'ignore_ament_install'
[21.259s] Level 1:colcon.colcon_core.package_identification:_identify(src/ros_tutorials/turtlesim) by extensions ['colcon_pkg']
[21.259s] Level 1:colcon.colcon_core.package_identification:_identify(src/ros_tutorials/turtlesim) by extension 'colcon_pkg'
[21.259s] Level 1:colcon.colcon_core.package_identification:_identify(src/ros_tutorials/turtlesim) by extensions ['colcon_meta']
[21.259s] Level 1:colcon.colcon_core.package_identification:_identify(src/ros_tutorials/turtlesim) by extension 'colcon_meta'
[21.259s] Level 1:colcon.colcon_core.package_identification:_identify(src/ros_tutorials/turtlesim) by extensions ['ros']
[21.259s] Level 1:colcon.colcon_core.package_identification:_identify(src/ros_tutorials/turtlesim) by extension 'ros'
[21.289s] DEBUG:colcon.colcon_core.package_identification:Package 'src/ros_tutorials/turtlesim' with type 'ros.ament_cmake' and name 'turtlesim'
[21.290s] Level 1:colcon.colcon_core.package_identification:_identify(src/rosbag2_2025_07_21-14_34_13) by extensions ['ignore', 'ignore_ament_install']
[21.292s] Level 1:colcon.colcon_core.package_identification:_identify(src/rosbag2_2025_07_21-14_34_13) by extension 'ignore'
[21.292s] Level 1:colcon.colcon_core.package_identification:_identify(src/rosbag2_2025_07_21-14_34_13) by extension 'ignore_ament_install'
[21.293s] Level 1:colcon.colcon_core.package_identification:_identify(src/rosbag2_2025_07_21-14_34_13) by extensions ['colcon_pkg']
[21.294s] Level 1:colcon.colcon_core.package_identification:_identify(src/rosbag2_2025_07_21-14_34_13) by extension 'colcon_pkg'
[21.295s] Level 1:colcon.colcon_core.package_identification:_identify(src/rosbag2_2025_07_21-14_34_13) by extensions ['colcon_meta']
[21.295s] Level 1:colcon.colcon_core.package_identification:_identify(src/rosbag2_2025_07_21-14_34_13) by extension 'colcon_meta'
[21.296s] Level 1:colcon.colcon_core.package_identification:_identify(src/rosbag2_2025_07_21-14_34_13) by extensions ['ros']
[21.296s] Level 1:colcon.colcon_core.package_identification:_identify(src/rosbag2_2025_07_21-14_34_13) by extension 'ros'
[21.296s] Level 1:colcon.colcon_core.package_identification:_identify(src/rosbag2_2025_07_21-14_34_13) by extensions ['cmake', 'python']
[21.296s] Level 1:colcon.colcon_core.package_identification:_identify(src/rosbag2_2025_07_21-14_34_13) by extension 'cmake'
[21.296s] Level 1:colcon.colcon_core.package_identification:_identify(src/rosbag2_2025_07_21-14_34_13) by extension 'python'
[21.297s] Level 1:colcon.colcon_core.package_identification:_identify(src/rosbag2_2025_07_21-14_34_13) by extensions ['python_setup_py']
[21.297s] Level 1:colcon.colcon_core.package_identification:_identify(src/rosbag2_2025_07_21-14_34_13) by extension 'python_setup_py'
[21.297s] Level 1:colcon.colcon_core.package_identification:_identify(src/rosbag2_2025_07_28-14_07_34) by extensions ['ignore', 'ignore_ament_install']
[21.297s] Level 1:colcon.colcon_core.package_identification:_identify(src/rosbag2_2025_07_28-14_07_34) by extension 'ignore'
[21.298s] Level 1:colcon.colcon_core.package_identification:_identify(src/rosbag2_2025_07_28-14_07_34) by extension 'ignore_ament_install'
[21.298s] Level 1:colcon.colcon_core.package_identification:_identify(src/rosbag2_2025_07_28-14_07_34) by extensions ['colcon_pkg']
[21.298s] Level 1:colcon.colcon_core.package_identification:_identify(src/rosbag2_2025_07_28-14_07_34) by extension 'colcon_pkg'
[21.298s] Level 1:colcon.colcon_core.package_identification:_identify(src/rosbag2_2025_07_28-14_07_34) by extensions ['colcon_meta']
[21.298s] Level 1:colcon.colcon_core.package_identification:_identify(src/rosbag2_2025_07_28-14_07_34) by extension 'colcon_meta'
[21.298s] Level 1:colcon.colcon_core.package_identification:_identify(src/rosbag2_2025_07_28-14_07_34) by extensions ['ros']
[21.299s] Level 1:colcon.colcon_core.package_identification:_identify(src/rosbag2_2025_07_28-14_07_34) by extension 'ros'
[21.299s] Level 1:colcon.colcon_core.package_identification:_identify(src/rosbag2_2025_07_28-14_07_34) by extensions ['cmake', 'python']
[21.299s] Level 1:colcon.colcon_core.package_identification:_identify(src/rosbag2_2025_07_28-14_07_34) by extension 'cmake'
[21.299s] Level 1:colcon.colcon_core.package_identification:_identify(src/rosbag2_2025_07_28-14_07_34) by extension 'python'
[21.299s] Level 1:colcon.colcon_core.package_identification:_identify(src/rosbag2_2025_07_28-14_07_34) by extensions ['python_setup_py']
[21.300s] Level 1:colcon.colcon_core.package_identification:_identify(src/rosbag2_2025_07_28-14_07_34) by extension 'python_setup_py'
[21.301s] Level 1:colcon.colcon_core.package_identification:_identify(src/rosbag2_2025_07_28-14_45_21) by extensions ['ignore', 'ignore_ament_install']
[21.302s] Level 1:colcon.colcon_core.package_identification:_identify(src/rosbag2_2025_07_28-14_45_21) by extension 'ignore'
[21.302s] Level 1:colcon.colcon_core.package_identification:_identify(src/rosbag2_2025_07_28-14_45_21) by extension 'ignore_ament_install'
[21.302s] Level 1:colcon.colcon_core.package_identification:_identify(src/rosbag2_2025_07_28-14_45_21) by extensions ['colcon_pkg']
[21.302s] Level 1:colcon.colcon_core.package_identification:_identify(src/rosbag2_2025_07_28-14_45_21) by extension 'colcon_pkg'
[21.303s] Level 1:colcon.colcon_core.package_identification:_identify(src/rosbag2_2025_07_28-14_45_21) by extensions ['colcon_meta']
[21.303s] Level 1:colcon.colcon_core.package_identification:_identify(src/rosbag2_2025_07_28-14_45_21) by extension 'colcon_meta'
[21.303s] Level 1:colcon.colcon_core.package_identification:_identify(src/rosbag2_2025_07_28-14_45_21) by extensions ['ros']
[21.303s] Level 1:colcon.colcon_core.package_identification:_identify(src/rosbag2_2025_07_28-14_45_21) by extension 'ros'
[21.303s] Level 1:colcon.colcon_core.package_identification:_identify(src/rosbag2_2025_07_28-14_45_21) by extensions ['cmake', 'python']
[21.303s] Level 1:colcon.colcon_core.package_identification:_identify(src/rosbag2_2025_07_28-14_45_21) by extension 'cmake'
[21.303s] Level 1:colcon.colcon_core.package_identification:_identify(src/rosbag2_2025_07_28-14_45_21) by extension 'python'
[21.304s] Level 1:colcon.colcon_core.package_identification:_identify(src/rosbag2_2025_07_28-14_45_21) by extensions ['python_setup_py']
[21.304s] Level 1:colcon.colcon_core.package_identification:_identify(src/rosbag2_2025_07_28-14_45_21) by extension 'python_setup_py'
[21.304s] Level 1:colcon.colcon_core.package_identification:_identify(src/transport_drivers) by extensions ['ignore', 'ignore_ament_install']
[21.305s] Level 1:colcon.colcon_core.package_identification:_identify(src/transport_drivers) by extension 'ignore'
[21.305s] Level 1:colcon.colcon_core.package_identification:_identify(src/transport_drivers) by extension 'ignore_ament_install'
[21.305s] Level 1:colcon.colcon_core.package_identification:_identify(src/transport_drivers) by extensions ['colcon_pkg']
[21.305s] Level 1:colcon.colcon_core.package_identification:_identify(src/transport_drivers) by extension 'colcon_pkg'
[21.305s] Level 1:colcon.colcon_core.package_identification:_identify(src/transport_drivers) by extensions ['colcon_meta']
[21.305s] Level 1:colcon.colcon_core.package_identification:_identify(src/transport_drivers) by extension 'colcon_meta'
[21.305s] Level 1:colcon.colcon_core.package_identification:_identify(src/transport_drivers) by extensions ['ros']
[21.305s] Level 1:colcon.colcon_core.package_identification:_identify(src/transport_drivers) by extension 'ros'
[21.306s] Level 1:colcon.colcon_core.package_identification:_identify(src/transport_drivers) by extensions ['cmake', 'python']
[21.307s] Level 1:colcon.colcon_core.package_identification:_identify(src/transport_drivers) by extension 'cmake'
[21.307s] Level 1:colcon.colcon_core.package_identification:_identify(src/transport_drivers) by extension 'python'
[21.308s] Level 1:colcon.colcon_core.package_identification:_identify(src/transport_drivers) by extensions ['python_setup_py']
[21.308s] Level 1:colcon.colcon_core.package_identification:_identify(src/transport_drivers) by extension 'python_setup_py'
[21.308s] Level 1:colcon.colcon_core.package_identification:_identify(src/transport_drivers/asio_cmake_module) by extensions ['ignore', 'ignore_ament_install']
[21.309s] Level 1:colcon.colcon_core.package_identification:_identify(src/transport_drivers/asio_cmake_module) by extension 'ignore'
[21.309s] Level 1:colcon.colcon_core.package_identification:_identify(src/transport_drivers/asio_cmake_module) by extension 'ignore_ament_install'
[21.309s] Level 1:colcon.colcon_core.package_identification:_identify(src/transport_drivers/asio_cmake_module) by extensions ['colcon_pkg']
[21.309s] Level 1:colcon.colcon_core.package_identification:_identify(src/transport_drivers/asio_cmake_module) by extension 'colcon_pkg'
[21.309s] Level 1:colcon.colcon_core.package_identification:_identify(src/transport_drivers/asio_cmake_module) by extensions ['colcon_meta']
[21.309s] Level 1:colcon.colcon_core.package_identification:_identify(src/transport_drivers/asio_cmake_module) by extension 'colcon_meta'
[21.310s] Level 1:colcon.colcon_core.package_identification:_identify(src/transport_drivers/asio_cmake_module) by extensions ['ros']
[21.310s] Level 1:colcon.colcon_core.package_identification:_identify(src/transport_drivers/asio_cmake_module) by extension 'ros'
[21.317s] DEBUG:colcon.colcon_core.package_identification:Package 'src/transport_drivers/asio_cmake_module' with type 'ros.ament_cmake' and name 'asio_cmake_module'
[21.319s] Level 1:colcon.colcon_core.package_identification:_identify(src/transport_drivers/io_context) by extensions ['ignore', 'ignore_ament_install']
[21.319s] Level 1:colcon.colcon_core.package_identification:_identify(src/transport_drivers/io_context) by extension 'ignore'
[21.319s] Level 1:colcon.colcon_core.package_identification:_identify(src/transport_drivers/io_context) by extension 'ignore_ament_install'
[21.319s] Level 1:colcon.colcon_core.package_identification:_identify(src/transport_drivers/io_context) by extensions ['colcon_pkg']
[21.319s] Level 1:colcon.colcon_core.package_identification:_identify(src/transport_drivers/io_context) by extension 'colcon_pkg'
[21.320s] Level 1:colcon.colcon_core.package_identification:_identify(src/transport_drivers/io_context) by extensions ['colcon_meta']
[21.320s] Level 1:colcon.colcon_core.package_identification:_identify(src/transport_drivers/io_context) by extension 'colcon_meta'
[21.320s] Level 1:colcon.colcon_core.package_identification:_identify(src/transport_drivers/io_context) by extensions ['ros']
[21.320s] Level 1:colcon.colcon_core.package_identification:_identify(src/transport_drivers/io_context) by extension 'ros'
[21.323s] DEBUG:colcon.colcon_core.package_identification:Package 'src/transport_drivers/io_context' with type 'ros.ament_cmake' and name 'io_context'
[21.324s] Level 1:colcon.colcon_core.package_identification:_identify(src/transport_drivers/serial_driver) by extensions ['ignore', 'ignore_ament_install']
[21.325s] Level 1:colcon.colcon_core.package_identification:_identify(src/transport_drivers/serial_driver) by extension 'ignore'
[21.325s] Level 1:colcon.colcon_core.package_identification:_identify(src/transport_drivers/serial_driver) by extension 'ignore_ament_install'
[21.325s] Level 1:colcon.colcon_core.package_identification:_identify(src/transport_drivers/serial_driver) by extensions ['colcon_pkg']
[21.325s] Level 1:colcon.colcon_core.package_identification:_identify(src/transport_drivers/serial_driver) by extension 'colcon_pkg'
[21.325s] Level 1:colcon.colcon_core.package_identification:_identify(src/transport_drivers/serial_driver) by extensions ['colcon_meta']
[21.325s] Level 1:colcon.colcon_core.package_identification:_identify(src/transport_drivers/serial_driver) by extension 'colcon_meta'
[21.326s] Level 1:colcon.colcon_core.package_identification:_identify(src/transport_drivers/serial_driver) by extensions ['ros']
[21.326s] Level 1:colcon.colcon_core.package_identification:_identify(src/transport_drivers/serial_driver) by extension 'ros'
[21.331s] DEBUG:colcon.colcon_core.package_identification:Package 'src/transport_drivers/serial_driver' with type 'ros.ament_cmake' and name 'serial_driver'
[21.332s] Level 1:colcon.colcon_core.package_identification:_identify(src/transport_drivers/udp_driver) by extensions ['ignore', 'ignore_ament_install']
[21.332s] Level 1:colcon.colcon_core.package_identification:_identify(src/transport_drivers/udp_driver) by extension 'ignore'
[21.332s] Level 1:colcon.colcon_core.package_identification:_identify(src/transport_drivers/udp_driver) by extension 'ignore_ament_install'
[21.333s] Level 1:colcon.colcon_core.package_identification:_identify(src/transport_drivers/udp_driver) by extensions ['colcon_pkg']
[21.333s] Level 1:colcon.colcon_core.package_identification:_identify(src/transport_drivers/udp_driver) by extension 'colcon_pkg'
[21.333s] Level 1:colcon.colcon_core.package_identification:_identify(src/transport_drivers/udp_driver) by extensions ['colcon_meta']
[21.333s] Level 1:colcon.colcon_core.package_identification:_identify(src/transport_drivers/udp_driver) by extension 'colcon_meta'
[21.334s] Level 1:colcon.colcon_core.package_identification:_identify(src/transport_drivers/udp_driver) by extensions ['ros']
[21.334s] Level 1:colcon.colcon_core.package_identification:_identify(src/transport_drivers/udp_driver) by extension 'ros'
[21.383s] DEBUG:colcon.colcon_core.package_identification:Package 'src/transport_drivers/udp_driver' with type 'ros.ament_cmake' and name 'udp_driver'
[21.383s] Level 1:colcon.colcon_core.package_identification:_identify(src/vesc) by extensions ['ignore', 'ignore_ament_install']
[21.384s] Level 1:colcon.colcon_core.package_identification:_identify(src/vesc) by extension 'ignore'
[21.384s] Level 1:colcon.colcon_core.package_identification:_identify(src/vesc) by extension 'ignore_ament_install'
[21.384s] Level 1:colcon.colcon_core.package_identification:_identify(src/vesc) by extensions ['colcon_pkg']
[21.385s] Level 1:colcon.colcon_core.package_identification:_identify(src/vesc) by extension 'colcon_pkg'
[21.385s] Level 1:colcon.colcon_core.package_identification:_identify(src/vesc) by extensions ['colcon_meta']
[21.385s] Level 1:colcon.colcon_core.package_identification:_identify(src/vesc) by extension 'colcon_meta'
[21.385s] Level 1:colcon.colcon_core.package_identification:_identify(src/vesc) by extensions ['ros']
[21.385s] Level 1:colcon.colcon_core.package_identification:_identify(src/vesc) by extension 'ros'
[21.385s] Level 1:colcon.colcon_core.package_identification:_identify(src/vesc) by extensions ['cmake', 'python']
[21.385s] Level 1:colcon.colcon_core.package_identification:_identify(src/vesc) by extension 'cmake'
[21.385s] Level 1:colcon.colcon_core.package_identification:_identify(src/vesc) by extension 'python'
[21.385s] Level 1:colcon.colcon_core.package_identification:_identify(src/vesc) by extensions ['python_setup_py']
[21.385s] Level 1:colcon.colcon_core.package_identification:_identify(src/vesc) by extension 'python_setup_py'
[21.386s] Level 1:colcon.colcon_core.package_identification:_identify(src/vesc/vesc) by extensions ['ignore', 'ignore_ament_install']
[21.386s] Level 1:colcon.colcon_core.package_identification:_identify(src/vesc/vesc) by extension 'ignore'
[21.386s] Level 1:colcon.colcon_core.package_identification:_identify(src/vesc/vesc) by extension 'ignore_ament_install'
[21.387s] Level 1:colcon.colcon_core.package_identification:_identify(src/vesc/vesc) by extensions ['colcon_pkg']
[21.387s] Level 1:colcon.colcon_core.package_identification:_identify(src/vesc/vesc) by extension 'colcon_pkg'
[21.387s] Level 1:colcon.colcon_core.package_identification:_identify(src/vesc/vesc) by extensions ['colcon_meta']
[21.388s] Level 1:colcon.colcon_core.package_identification:_identify(src/vesc/vesc) by extension 'colcon_meta'
[21.388s] Level 1:colcon.colcon_core.package_identification:_identify(src/vesc/vesc) by extensions ['ros']
[21.388s] Level 1:colcon.colcon_core.package_identification:_identify(src/vesc/vesc) by extension 'ros'
[21.400s] DEBUG:colcon.colcon_core.package_identification:Package 'src/vesc/vesc' with type 'ros.ament_cmake' and name 'vesc'
[21.401s] Level 1:colcon.colcon_core.package_identification:_identify(src/vesc/vesc_ackermann) by extensions ['ignore', 'ignore_ament_install']
[21.401s] Level 1:colcon.colcon_core.package_identification:_identify(src/vesc/vesc_ackermann) by extension 'ignore'
[21.401s] Level 1:colcon.colcon_core.package_identification:_identify(src/vesc/vesc_ackermann) by extension 'ignore_ament_install'
[21.401s] Level 1:colcon.colcon_core.package_identification:_identify(src/vesc/vesc_ackermann) by extensions ['colcon_pkg']
[21.401s] Level 1:colcon.colcon_core.package_identification:_identify(src/vesc/vesc_ackermann) by extension 'colcon_pkg'
[21.401s] Level 1:colcon.colcon_core.package_identification:_identify(src/vesc/vesc_ackermann) by extensions ['colcon_meta']
[21.401s] Level 1:colcon.colcon_core.package_identification:_identify(src/vesc/vesc_ackermann) by extension 'colcon_meta'
[21.402s] Level 1:colcon.colcon_core.package_identification:_identify(src/vesc/vesc_ackermann) by extensions ['ros']
[21.402s] Level 1:colcon.colcon_core.package_identification:_identify(src/vesc/vesc_ackermann) by extension 'ros'
[21.418s] DEBUG:colcon.colcon_core.package_identification:Package 'src/vesc/vesc_ackermann' with type 'ros.ament_cmake' and name 'vesc_ackermann'
[21.419s] Level 1:colcon.colcon_core.package_identification:_identify(src/vesc/vesc_driver) by extensions ['ignore', 'ignore_ament_install']
[21.420s] Level 1:colcon.colcon_core.package_identification:_identify(src/vesc/vesc_driver) by extension 'ignore'
[21.420s] Level 1:colcon.colcon_core.package_identification:_identify(src/vesc/vesc_driver) by extension 'ignore_ament_install'
[21.421s] Level 1:colcon.colcon_core.package_identification:_identify(src/vesc/vesc_driver) by extensions ['colcon_pkg']
[21.421s] Level 1:colcon.colcon_core.package_identification:_identify(src/vesc/vesc_driver) by extension 'colcon_pkg'
[21.421s] Level 1:colcon.colcon_core.package_identification:_identify(src/vesc/vesc_driver) by extensions ['colcon_meta']
[21.421s] Level 1:colcon.colcon_core.package_identification:_identify(src/vesc/vesc_driver) by extension 'colcon_meta'
[21.422s] Level 1:colcon.colcon_core.package_identification:_identify(src/vesc/vesc_driver) by extensions ['ros']
[21.422s] Level 1:colcon.colcon_core.package_identification:_identify(src/vesc/vesc_driver) by extension 'ros'
[21.435s] DEBUG:colcon.colcon_core.package_identification:Package 'src/vesc/vesc_driver' with type 'ros.ament_cmake' and name 'vesc_driver'
[21.435s] Level 1:colcon.colcon_core.package_identification:_identify(src/vesc/vesc_msgs) by extensions ['ignore', 'ignore_ament_install']
[21.436s] Level 1:colcon.colcon_core.package_identification:_identify(src/vesc/vesc_msgs) by extension 'ignore'
[21.436s] Level 1:colcon.colcon_core.package_identification:_identify(src/vesc/vesc_msgs) by extension 'ignore_ament_install'
[21.436s] Level 1:colcon.colcon_core.package_identification:_identify(src/vesc/vesc_msgs) by extensions ['colcon_pkg']
[21.437s] Level 1:colcon.colcon_core.package_identification:_identify(src/vesc/vesc_msgs) by extension 'colcon_pkg'
[21.437s] Level 1:colcon.colcon_core.package_identification:_identify(src/vesc/vesc_msgs) by extensions ['colcon_meta']
[21.437s] Level 1:colcon.colcon_core.package_identification:_identify(src/vesc/vesc_msgs) by extension 'colcon_meta'
[21.437s] Level 1:colcon.colcon_core.package_identification:_identify(src/vesc/vesc_msgs) by extensions ['ros']
[21.437s] Level 1:colcon.colcon_core.package_identification:_identify(src/vesc/vesc_msgs) by extension 'ros'
[21.452s] DEBUG:colcon.colcon_core.package_identification:Package 'src/vesc/vesc_msgs' with type 'ros.ament_cmake' and name 'vesc_msgs'
[21.452s] Level 1:colcon.colcon_core.package_discovery:discover_packages(recursive) using defaults
[21.452s] Level 1:colcon.colcon_core.package_discovery:discover_packages(ignore) discover
[21.453s] Level 1:colcon.colcon_core.package_discovery:discover_packages(ignore) using defaults
[21.453s] Level 1:colcon.colcon_core.package_discovery:discover_packages(path) discover
[21.453s] Level 1:colcon.colcon_core.package_discovery:discover_packages(path) using defaults
[22.850s] Level 1:colcon.colcon_core.package_discovery:discover_packages(prefix_path) check parameters
[22.851s] Level 1:colcon.colcon_core.package_discovery:discover_packages(prefix_path) discover
[23.018s] DEBUG:colcon.colcon_installed_package_information.package_discovery:Found 358 installed packages in /home/vboxuser/ros2_iron/install
[23.022s] Level 1:colcon.colcon_core.package_discovery:discover_packages(prefix_path) using defaults
[55.148s] Level 5:colcon.colcon_core.verb:set package 'asio_cmake_module' build argument 'cmake_args' from command line to 'None'
[55.148s] Level 5:colcon.colcon_core.verb:set package 'asio_cmake_module' build argument 'cmake_target' from command line to 'None'
[55.148s] Level 5:colcon.colcon_core.verb:set package 'asio_cmake_module' build argument 'cmake_target_skip_unavailable' from command line to 'False'
[55.148s] Level 5:colcon.colcon_core.verb:set package 'asio_cmake_module' build argument 'cmake_clean_cache' from command line to 'False'
[55.148s] Level 5:colcon.colcon_core.verb:set package 'asio_cmake_module' build argument 'cmake_clean_first' from command line to 'False'
[55.149s] Level 5:colcon.colcon_core.verb:set package 'asio_cmake_module' build argument 'cmake_force_configure' from command line to 'False'
[55.149s] Level 5:colcon.colcon_core.verb:set package 'asio_cmake_module' build argument 'ament_cmake_args' from command line to 'None'
[55.149s] Level 5:colcon.colcon_core.verb:set package 'asio_cmake_module' build argument 'catkin_cmake_args' from command line to 'None'
[55.149s] Level 5:colcon.colcon_core.verb:set package 'asio_cmake_module' build argument 'catkin_skip_building_tests' from command line to 'False'
[55.149s] DEBUG:colcon.colcon_core.verb:Building package 'asio_cmake_module' with the following arguments: {'ament_cmake_args': None, 'build_base': '/home/vboxuser/ros2_ws/build/asio_cmake_module', 'catkin_cmake_args': None, 'catkin_skip_building_tests': False, 'cmake_args': None, 'cmake_clean_cache': False, 'cmake_clean_first': False, 'cmake_force_configure': False, 'cmake_target': None, 'cmake_target_skip_unavailable': False, 'install_base': '/home/vboxuser/ros2_ws/install/asio_cmake_module', 'merge_install': False, 'path': '/home/vboxuser/ros2_ws/src/transport_drivers/asio_cmake_module', 'symlink_install': False, 'test_result_base': None}
[55.150s] Level 5:colcon.colcon_core.verb:set package 'bms_visualizer' build argument 'cmake_args' from command line to 'None'
[55.151s] Level 5:colcon.colcon_core.verb:set package 'bms_visualizer' build argument 'cmake_target' from command line to 'None'
[55.151s] Level 5:colcon.colcon_core.verb:set package 'bms_visualizer' build argument 'cmake_target_skip_unavailable' from command line to 'False'
[55.151s] Level 5:colcon.colcon_core.verb:set package 'bms_visualizer' build argument 'cmake_clean_cache' from command line to 'False'
[55.151s] Level 5:colcon.colcon_core.verb:set package 'bms_visualizer' build argument 'cmake_clean_first' from command line to 'False'
[55.151s] Level 5:colcon.colcon_core.verb:set package 'bms_visualizer' build argument 'cmake_force_configure' from command line to 'False'
[55.151s] Level 5:colcon.colcon_core.verb:set package 'bms_visualizer' build argument 'ament_cmake_args' from command line to 'None'
[55.151s] Level 5:colcon.colcon_core.verb:set package 'bms_visualizer' build argument 'catkin_cmake_args' from command line to 'None'
[55.151s] Level 5:colcon.colcon_core.verb:set package 'bms_visualizer' build argument 'catkin_skip_building_tests' from command line to 'False'
[55.151s] DEBUG:colcon.colcon_core.verb:Building package 'bms_visualizer' with the following arguments: {'ament_cmake_args': None, 'build_base': '/home/vboxuser/ros2_ws/build/bms_visualizer', 'catkin_cmake_args': None, 'catkin_skip_building_tests': False, 'cmake_args': None, 'cmake_clean_cache': False, 'cmake_clean_first': False, 'cmake_force_configure': False, 'cmake_target': None, 'cmake_target_skip_unavailable': False, 'install_base': '/home/vboxuser/ros2_ws/install/bms_visualizer', 'merge_install': False, 'path': '/home/vboxuser/ros2_ws/src/BMS_BQ769X2/src/bms_visualizer', 'symlink_install': False, 'test_result_base': None}
[55.153s] Level 5:colcon.colcon_core.verb:set package 'bq769x2_i2c_ros' build argument 'cmake_args' from command line to 'None'
[55.155s] Level 5:colcon.colcon_core.verb:set package 'bq769x2_i2c_ros' build argument 'cmake_target' from command line to 'None'
[55.156s] Level 5:colcon.colcon_core.verb:set package 'bq769x2_i2c_ros' build argument 'cmake_target_skip_unavailable' from command line to 'False'
[55.157s] Level 5:colcon.colcon_core.verb:set package 'bq769x2_i2c_ros' build argument 'cmake_clean_cache' from command line to 'False'
[55.157s] Level 5:colcon.colcon_core.verb:set package 'bq769x2_i2c_ros' build argument 'cmake_clean_first' from command line to 'False'
[55.158s] Level 5:colcon.colcon_core.verb:set package 'bq769x2_i2c_ros' build argument 'cmake_force_configure' from command line to 'False'
[55.158s] Level 5:colcon.colcon_core.verb:set package 'bq769x2_i2c_ros' build argument 'ament_cmake_args' from command line to 'None'
[55.158s] Level 5:colcon.colcon_core.verb:set package 'bq769x2_i2c_ros' build argument 'catkin_cmake_args' from command line to 'None'
[55.158s] Level 5:colcon.colcon_core.verb:set package 'bq769x2_i2c_ros' build argument 'catkin_skip_building_tests' from command line to 'False'
[55.159s] DEBUG:colcon.colcon_core.verb:Building package 'bq769x2_i2c_ros' with the following arguments: {'ament_cmake_args': None, 'build_base': '/home/vboxuser/ros2_ws/build/bq769x2_i2c_ros', 'catkin_cmake_args': None, 'catkin_skip_building_tests': False, 'cmake_args': None, 'cmake_clean_cache': False, 'cmake_clean_first': False, 'cmake_force_configure': False, 'cmake_target': None, 'cmake_target_skip_unavailable': False, 'install_base': '/home/vboxuser/ros2_ws/install/bq769x2_i2c_ros', 'merge_install': False, 'path': '/home/vboxuser/ros2_ws/src/BMS_BQ769X2/src/bq769x2_i2c_ros', 'symlink_install': False, 'test_result_base': None}
[55.160s] Level 5:colcon.colcon_core.verb:set package 'examples_rclcpp_async_client' build argument 'cmake_args' from command line to 'None'
[55.161s] Level 5:colcon.colcon_core.verb:set package 'examples_rclcpp_async_client' build argument 'cmake_target' from command line to 'None'
[55.161s] Level 5:colcon.colcon_core.verb:set package 'examples_rclcpp_async_client' build argument 'cmake_target_skip_unavailable' from command line to 'False'
[55.161s] Level 5:colcon.colcon_core.verb:set package 'examples_rclcpp_async_client' build argument 'cmake_clean_cache' from command line to 'False'
[55.161s] Level 5:colcon.colcon_core.verb:set package 'examples_rclcpp_async_client' build argument 'cmake_clean_first' from command line to 'False'
[55.161s] Level 5:colcon.colcon_core.verb:set package 'examples_rclcpp_async_client' build argument 'cmake_force_configure' from command line to 'False'
[55.161s] Level 5:colcon.colcon_core.verb:set package 'examples_rclcpp_async_client' build argument 'ament_cmake_args' from command line to 'None'
[55.161s] Level 5:colcon.colcon_core.verb:set package 'examples_rclcpp_async_client' build argument 'catkin_cmake_args' from command line to 'None'
[55.161s] Level 5:colcon.colcon_core.verb:set package 'examples_rclcpp_async_client' build argument 'catkin_skip_building_tests' from command line to 'False'
[55.161s] DEBUG:colcon.colcon_core.verb:Building package 'examples_rclcpp_async_client' with the following arguments: {'ament_cmake_args': None, 'build_base': '/home/vboxuser/ros2_ws/build/examples_rclcpp_async_client', 'catkin_cmake_args': None, 'catkin_skip_building_tests': False, 'cmake_args': None, 'cmake_clean_cache': False, 'cmake_clean_first': False, 'cmake_force_configure': False, 'cmake_target': None, 'cmake_target_skip_unavailable': False, 'install_base': '/home/vboxuser/ros2_ws/install/examples_rclcpp_async_client', 'merge_install': False, 'path': '/home/vboxuser/ros2_ws/src/examples/rclcpp/services/async_client', 'symlink_install': False, 'test_result_base': None}
[55.162s] Level 5:colcon.colcon_core.verb:set package 'examples_rclcpp_cbg_executor' build argument 'cmake_args' from command line to 'None'
[55.162s] Level 5:colcon.colcon_core.verb:set package 'examples_rclcpp_cbg_executor' build argument 'cmake_target' from command line to 'None'
[55.162s] Level 5:colcon.colcon_core.verb:set package 'examples_rclcpp_cbg_executor' build argument 'cmake_target_skip_unavailable' from command line to 'False'
[55.162s] Level 5:colcon.colcon_core.verb:set package 'examples_rclcpp_cbg_executor' build argument 'cmake_clean_cache' from command line to 'False'
[55.162s] Level 5:colcon.colcon_core.verb:set package 'examples_rclcpp_cbg_executor' build argument 'cmake_clean_first' from command line to 'False'
[55.162s] Level 5:colcon.colcon_core.verb:set package 'examples_rclcpp_cbg_executor' build argument 'cmake_force_configure' from command line to 'False'
[55.162s] Level 5:colcon.colcon_core.verb:set package 'examples_rclcpp_cbg_executor' build argument 'ament_cmake_args' from command line to 'None'
[55.163s] Level 5:colcon.colcon_core.verb:set package 'examples_rclcpp_cbg_executor' build argument 'catkin_cmake_args' from command line to 'None'
[55.163s] Level 5:colcon.colcon_core.verb:set package 'examples_rclcpp_cbg_executor' build argument 'catkin_skip_building_tests' from command line to 'False'
[55.163s] DEBUG:colcon.colcon_core.verb:Building package 'examples_rclcpp_cbg_executor' with the following arguments: {'ament_cmake_args': None, 'build_base': '/home/vboxuser/ros2_ws/build/examples_rclcpp_cbg_executor', 'catkin_cmake_args': None, 'catkin_skip_building_tests': False, 'cmake_args': None, 'cmake_clean_cache': False, 'cmake_clean_first': False, 'cmake_force_configure': False, 'cmake_target': None, 'cmake_target_skip_unavailable': False, 'install_base': '/home/vboxuser/ros2_ws/install/examples_rclcpp_cbg_executor', 'merge_install': False, 'path': '/home/vboxuser/ros2_ws/src/examples/rclcpp/executors/cbg_executor', 'symlink_install': False, 'test_result_base': None}
[55.165s] Level 5:colcon.colcon_core.verb:set package 'examples_rclcpp_minimal_action_client' build argument 'cmake_args' from command line to 'None'
[55.165s] Level 5:colcon.colcon_core.verb:set package 'examples_rclcpp_minimal_action_client' build argument 'cmake_target' from command line to 'None'
[55.165s] Level 5:colcon.colcon_core.verb:set package 'examples_rclcpp_minimal_action_client' build argument 'cmake_target_skip_unavailable' from command line to 'False'
[55.166s] Level 5:colcon.colcon_core.verb:set package 'examples_rclcpp_minimal_action_client' build argument 'cmake_clean_cache' from command line to 'False'
[55.166s] Level 5:colcon.colcon_core.verb:set package 'examples_rclcpp_minimal_action_client' build argument 'cmake_clean_first' from command line to 'False'
[55.167s] Level 5:colcon.colcon_core.verb:set package 'examples_rclcpp_minimal_action_client' build argument 'cmake_force_configure' from command line to 'False'
[55.167s] Level 5:colcon.colcon_core.verb:set package 'examples_rclcpp_minimal_action_client' build argument 'ament_cmake_args' from command line to 'None'
[55.167s] Level 5:colcon.colcon_core.verb:set package 'examples_rclcpp_minimal_action_client' build argument 'catkin_cmake_args' from command line to 'None'
[55.167s] Level 5:colcon.colcon_core.verb:set package 'examples_rclcpp_minimal_action_client' build argument 'catkin_skip_building_tests' from command line to 'False'
[55.167s] DEBUG:colcon.colcon_core.verb:Building package 'examples_rclcpp_minimal_action_client' with the following arguments: {'ament_cmake_args': None, 'build_base': '/home/vboxuser/ros2_ws/build/examples_rclcpp_minimal_action_client', 'catkin_cmake_args': None, 'catkin_skip_building_tests': False, 'cmake_args': None, 'cmake_clean_cache': False, 'cmake_clean_first': False, 'cmake_force_configure': False, 'cmake_target': None, 'cmake_target_skip_unavailable': False, 'install_base': '/home/vboxuser/ros2_ws/install/examples_rclcpp_minimal_action_client', 'merge_install': False, 'path': '/home/vboxuser/ros2_ws/src/examples/rclcpp/actions/minimal_action_client', 'symlink_install': False, 'test_result_base': None}
[55.169s] Level 5:colcon.colcon_core.verb:set package 'examples_rclcpp_minimal_action_server' build argument 'cmake_args' from command line to 'None'
[55.169s] Level 5:colcon.colcon_core.verb:set package 'examples_rclcpp_minimal_action_server' build argument 'cmake_target' from command line to 'None'
[55.169s] Level 5:colcon.colcon_core.verb:set package 'examples_rclcpp_minimal_action_server' build argument 'cmake_target_skip_unavailable' from command line to 'False'
[55.169s] Level 5:colcon.colcon_core.verb:set package 'examples_rclcpp_minimal_action_server' build argument 'cmake_clean_cache' from command line to 'False'
[55.169s] Level 5:colcon.colcon_core.verb:set package 'examples_rclcpp_minimal_action_server' build argument 'cmake_clean_first' from command line to 'False'
[55.169s] Level 5:colcon.colcon_core.verb:set package 'examples_rclcpp_minimal_action_server' build argument 'cmake_force_configure' from command line to 'False'
[55.169s] Level 5:colcon.colcon_core.verb:set package 'examples_rclcpp_minimal_action_server' build argument 'ament_cmake_args' from command line to 'None'
[55.169s] Level 5:colcon.colcon_core.verb:set package 'examples_rclcpp_minimal_action_server' build argument 'catkin_cmake_args' from command line to 'None'
[55.169s] Level 5:colcon.colcon_core.verb:set package 'examples_rclcpp_minimal_action_server' build argument 'catkin_skip_building_tests' from command line to 'False'
[55.170s] DEBUG:colcon.colcon_core.verb:Building package 'examples_rclcpp_minimal_action_server' with the following arguments: {'ament_cmake_args': None, 'build_base': '/home/vboxuser/ros2_ws/build/examples_rclcpp_minimal_action_server', 'catkin_cmake_args': None, 'catkin_skip_building_tests': False, 'cmake_args': None, 'cmake_clean_cache': False, 'cmake_clean_first': False, 'cmake_force_configure': False, 'cmake_target': None, 'cmake_target_skip_unavailable': False, 'install_base': '/home/vboxuser/ros2_ws/install/examples_rclcpp_minimal_action_server', 'merge_install': False, 'path': '/home/vboxuser/ros2_ws/src/examples/rclcpp/actions/minimal_action_server', 'symlink_install': False, 'test_result_base': None}
[55.171s] Level 5:colcon.colcon_core.verb:set package 'examples_rclcpp_minimal_client' build argument 'cmake_args' from command line to 'None'
[55.171s] Level 5:colcon.colcon_core.verb:set package 'examples_rclcpp_minimal_client' build argument 'cmake_target' from command line to 'None'
[55.171s] Level 5:colcon.colcon_core.verb:set package 'examples_rclcpp_minimal_client' build argument 'cmake_target_skip_unavailable' from command line to 'False'
[55.172s] Level 5:colcon.colcon_core.verb:set package 'examples_rclcpp_minimal_client' build argument 'cmake_clean_cache' from command line to 'False'
[55.172s] Level 5:colcon.colcon_core.verb:set package 'examples_rclcpp_minimal_client' build argument 'cmake_clean_first' from command line to 'False'
[55.172s] Level 5:colcon.colcon_core.verb:set package 'examples_rclcpp_minimal_client' build argument 'cmake_force_configure' from command line to 'False'
[55.172s] Level 5:colcon.colcon_core.verb:set package 'examples_rclcpp_minimal_client' build argument 'ament_cmake_args' from command line to 'None'
[55.172s] Level 5:colcon.colcon_core.verb:set package 'examples_rclcpp_minimal_client' build argument 'catkin_cmake_args' from command line to 'None'
[55.172s] Level 5:colcon.colcon_core.verb:set package 'examples_rclcpp_minimal_client' build argument 'catkin_skip_building_tests' from command line to 'False'
[55.172s] DEBUG:colcon.colcon_core.verb:Building package 'examples_rclcpp_minimal_client' with the following arguments: {'ament_cmake_args': None, 'build_base': '/home/vboxuser/ros2_ws/build/examples_rclcpp_minimal_client', 'catkin_cmake_args': None, 'catkin_skip_building_tests': False, 'cmake_args': None, 'cmake_clean_cache': False, 'cmake_clean_first': False, 'cmake_force_configure': False, 'cmake_target': None, 'cmake_target_skip_unavailable': False, 'install_base': '/home/vboxuser/ros2_ws/install/examples_rclcpp_minimal_client', 'merge_install': False, 'path': '/home/vboxuser/ros2_ws/src/examples/rclcpp/services/minimal_client', 'symlink_install': False, 'test_result_base': None}
[55.174s] Level 5:colcon.colcon_core.verb:set package 'examples_rclcpp_minimal_composition' build argument 'cmake_args' from command line to 'None'
[55.175s] Level 5:colcon.colcon_core.verb:set package 'examples_rclcpp_minimal_composition' build argument 'cmake_target' from command line to 'None'
[55.175s] Level 5:colcon.colcon_core.verb:set package 'examples_rclcpp_minimal_composition' build argument 'cmake_target_skip_unavailable' from command line to 'False'
[55.175s] Level 5:colcon.colcon_core.verb:set package 'examples_rclcpp_minimal_composition' build argument 'cmake_clean_cache' from command line to 'False'
[55.175s] Level 5:colcon.colcon_core.verb:set package 'examples_rclcpp_minimal_composition' build argument 'cmake_clean_first' from command line to 'False'
[55.175s] Level 5:colcon.colcon_core.verb:set package 'examples_rclcpp_minimal_composition' build argument 'cmake_force_configure' from command line to 'False'
[55.175s] Level 5:colcon.colcon_core.verb:set package 'examples_rclcpp_minimal_composition' build argument 'ament_cmake_args' from command line to 'None'
[55.175s] Level 5:colcon.colcon_core.verb:set package 'examples_rclcpp_minimal_composition' build argument 'catkin_cmake_args' from command line to 'None'
[55.175s] Level 5:colcon.colcon_core.verb:set package 'examples_rclcpp_minimal_composition' build argument 'catkin_skip_building_tests' from command line to 'False'
[55.175s] DEBUG:colcon.colcon_core.verb:Building package 'examples_rclcpp_minimal_composition' with the following arguments: {'ament_cmake_args': None, 'build_base': '/home/vboxuser/ros2_ws/build/examples_rclcpp_minimal_composition', 'catkin_cmake_args': None, 'catkin_skip_building_tests': False, 'cmake_args': None, 'cmake_clean_cache': False, 'cmake_clean_first': False, 'cmake_force_configure': False, 'cmake_target': None, 'cmake_target_skip_unavailable': False, 'install_base': '/home/vboxuser/ros2_ws/install/examples_rclcpp_minimal_composition', 'merge_install': False, 'path': '/home/vboxuser/ros2_ws/src/examples/rclcpp/composition/minimal_composition', 'symlink_install': False, 'test_result_base': None}
[55.179s] Level 5:colcon.colcon_core.verb:set package 'examples_rclcpp_minimal_publisher' build argument 'cmake_args' from command line to 'None'
[55.179s] Level 5:colcon.colcon_core.verb:set package 'examples_rclcpp_minimal_publisher' build argument 'cmake_target' from command line to 'None'
[55.179s] Level 5:colcon.colcon_core.verb:set package 'examples_rclcpp_minimal_publisher' build argument 'cmake_target_skip_unavailable' from command line to 'False'
[55.180s] Level 5:colcon.colcon_core.verb:set package 'examples_rclcpp_minimal_publisher' build argument 'cmake_clean_cache' from command line to 'False'
[55.180s] Level 5:colcon.colcon_core.verb:set package 'examples_rclcpp_minimal_publisher' build argument 'cmake_clean_first' from command line to 'False'
[55.180s] Level 5:colcon.colcon_core.verb:set package 'examples_rclcpp_minimal_publisher' build argument 'cmake_force_configure' from command line to 'False'
[55.180s] Level 5:colcon.colcon_core.verb:set package 'examples_rclcpp_minimal_publisher' build argument 'ament_cmake_args' from command line to 'None'
[55.180s] Level 5:colcon.colcon_core.verb:set package 'examples_rclcpp_minimal_publisher' build argument 'catkin_cmake_args' from command line to 'None'
[55.180s] Level 5:colcon.colcon_core.verb:set package 'examples_rclcpp_minimal_publisher' build argument 'catkin_skip_building_tests' from command line to 'False'
[55.180s] DEBUG:colcon.colcon_core.verb:Building package 'examples_rclcpp_minimal_publisher' with the following arguments: {'ament_cmake_args': None, 'build_base': '/home/vboxuser/ros2_ws/build/examples_rclcpp_minimal_publisher', 'catkin_cmake_args': None, 'catkin_skip_building_tests': False, 'cmake_args': None, 'cmake_clean_cache': False, 'cmake_clean_first': False, 'cmake_force_configure': False, 'cmake_target': None, 'cmake_target_skip_unavailable': False, 'install_base': '/home/vboxuser/ros2_ws/install/examples_rclcpp_minimal_publisher', 'merge_install': False, 'path': '/home/vboxuser/ros2_ws/src/examples/rclcpp/topics/minimal_publisher', 'symlink_install': False, 'test_result_base': None}
[55.182s] Level 5:colcon.colcon_core.verb:set package 'examples_rclcpp_minimal_service' build argument 'cmake_args' from command line to 'None'
[55.182s] Level 5:colcon.colcon_core.verb:set package 'examples_rclcpp_minimal_service' build argument 'cmake_target' from command line to 'None'
[55.182s] Level 5:colcon.colcon_core.verb:set package 'examples_rclcpp_minimal_service' build argument 'cmake_target_skip_unavailable' from command line to 'False'
[55.182s] Level 5:colcon.colcon_core.verb:set package 'examples_rclcpp_minimal_service' build argument 'cmake_clean_cache' from command line to 'False'
[55.182s] Level 5:colcon.colcon_core.verb:set package 'examples_rclcpp_minimal_service' build argument 'cmake_clean_first' from command line to 'False'
[55.183s] Level 5:colcon.colcon_core.verb:set package 'examples_rclcpp_minimal_service' build argument 'cmake_force_configure' from command line to 'False'
[55.183s] Level 5:colcon.colcon_core.verb:set package 'examples_rclcpp_minimal_service' build argument 'ament_cmake_args' from command line to 'None'
[55.183s] Level 5:colcon.colcon_core.verb:set package 'examples_rclcpp_minimal_service' build argument 'catkin_cmake_args' from command line to 'None'
[55.183s] Level 5:colcon.colcon_core.verb:set package 'examples_rclcpp_minimal_service' build argument 'catkin_skip_building_tests' from command line to 'False'
[55.184s] DEBUG:colcon.colcon_core.verb:Building package 'examples_rclcpp_minimal_service' with the following arguments: {'ament_cmake_args': None, 'build_base': '/home/vboxuser/ros2_ws/build/examples_rclcpp_minimal_service', 'catkin_cmake_args': None, 'catkin_skip_building_tests': False, 'cmake_args': None, 'cmake_clean_cache': False, 'cmake_clean_first': False, 'cmake_force_configure': False, 'cmake_target': None, 'cmake_target_skip_unavailable': False, 'install_base': '/home/vboxuser/ros2_ws/install/examples_rclcpp_minimal_service', 'merge_install': False, 'path': '/home/vboxuser/ros2_ws/src/examples/rclcpp/services/minimal_service', 'symlink_install': False, 'test_result_base': None}
[55.187s] Level 5:colcon.colcon_core.verb:set package 'examples_rclcpp_minimal_subscriber' build argument 'cmake_args' from command line to 'None'
[55.187s] Level 5:colcon.colcon_core.verb:set package 'examples_rclcpp_minimal_subscriber' build argument 'cmake_target' from command line to 'None'
[55.188s] Level 5:colcon.colcon_core.verb:set package 'examples_rclcpp_minimal_subscriber' build argument 'cmake_target_skip_unavailable' from command line to 'False'
[55.188s] Level 5:colcon.colcon_core.verb:set package 'examples_rclcpp_minimal_subscriber' build argument 'cmake_clean_cache' from command line to 'False'
[55.188s] Level 5:colcon.colcon_core.verb:set package 'examples_rclcpp_minimal_subscriber' build argument 'cmake_clean_first' from command line to 'False'
[55.189s] Level 5:colcon.colcon_core.verb:set package 'examples_rclcpp_minimal_subscriber' build argument 'cmake_force_configure' from command line to 'False'
[55.189s] Level 5:colcon.colcon_core.verb:set package 'examples_rclcpp_minimal_subscriber' build argument 'ament_cmake_args' from command line to 'None'
[55.189s] Level 5:colcon.colcon_core.verb:set package 'examples_rclcpp_minimal_subscriber' build argument 'catkin_cmake_args' from command line to 'None'
[55.189s] Level 5:colcon.colcon_core.verb:set package 'examples_rclcpp_minimal_subscriber' build argument 'catkin_skip_building_tests' from command line to 'False'
[55.189s] DEBUG:colcon.colcon_core.verb:Building package 'examples_rclcpp_minimal_subscriber' with the following arguments: {'ament_cmake_args': None, 'build_base': '/home/vboxuser/ros2_ws/build/examples_rclcpp_minimal_subscriber', 'catkin_cmake_args': None, 'catkin_skip_building_tests': False, 'cmake_args': None, 'cmake_clean_cache': False, 'cmake_clean_first': False, 'cmake_force_configure': False, 'cmake_target': None, 'cmake_target_skip_unavailable': False, 'install_base': '/home/vboxuser/ros2_ws/install/examples_rclcpp_minimal_subscriber', 'merge_install': False, 'path': '/home/vboxuser/ros2_ws/src/examples/rclcpp/topics/minimal_subscriber', 'symlink_install': False, 'test_result_base': None}
[55.191s] Level 5:colcon.colcon_core.verb:set package 'examples_rclcpp_minimal_timer' build argument 'cmake_args' from command line to 'None'
[55.192s] Level 5:colcon.colcon_core.verb:set package 'examples_rclcpp_minimal_timer' build argument 'cmake_target' from command line to 'None'
[55.192s] Level 5:colcon.colcon_core.verb:set package 'examples_rclcpp_minimal_timer' build argument 'cmake_target_skip_unavailable' from command line to 'False'
[55.192s] Level 5:colcon.colcon_core.verb:set package 'examples_rclcpp_minimal_timer' build argument 'cmake_clean_cache' from command line to 'False'
[55.192s] Level 5:colcon.colcon_core.verb:set package 'examples_rclcpp_minimal_timer' build argument 'cmake_clean_first' from command line to 'False'
[55.192s] Level 5:colcon.colcon_core.verb:set package 'examples_rclcpp_minimal_timer' build argument 'cmake_force_configure' from command line to 'False'
[55.193s] Level 5:colcon.colcon_core.verb:set package 'examples_rclcpp_minimal_timer' build argument 'ament_cmake_args' from command line to 'None'
[55.193s] Level 5:colcon.colcon_core.verb:set package 'examples_rclcpp_minimal_timer' build argument 'catkin_cmake_args' from command line to 'None'
[55.193s] Level 5:colcon.colcon_core.verb:set package 'examples_rclcpp_minimal_timer' build argument 'catkin_skip_building_tests' from command line to 'False'
[55.193s] DEBUG:colcon.colcon_core.verb:Building package 'examples_rclcpp_minimal_timer' with the following arguments: {'ament_cmake_args': None, 'build_base': '/home/vboxuser/ros2_ws/build/examples_rclcpp_minimal_timer', 'catkin_cmake_args': None, 'catkin_skip_building_tests': False, 'cmake_args': None, 'cmake_clean_cache': False, 'cmake_clean_first': False, 'cmake_force_configure': False, 'cmake_target': None, 'cmake_target_skip_unavailable': False, 'install_base': '/home/vboxuser/ros2_ws/install/examples_rclcpp_minimal_timer', 'merge_install': False, 'path': '/home/vboxuser/ros2_ws/src/examples/rclcpp/timers/minimal_timer', 'symlink_install': False, 'test_result_base': None}
[55.194s] Level 5:colcon.colcon_core.verb:set package 'examples_rclcpp_multithreaded_executor' build argument 'cmake_args' from command line to 'None'
[55.195s] Level 5:colcon.colcon_core.verb:set package 'examples_rclcpp_multithreaded_executor' build argument 'cmake_target' from command line to 'None'
[55.195s] Level 5:colcon.colcon_core.verb:set package 'examples_rclcpp_multithreaded_executor' build argument 'cmake_target_skip_unavailable' from command line to 'False'
[55.195s] Level 5:colcon.colcon_core.verb:set package 'examples_rclcpp_multithreaded_executor' build argument 'cmake_clean_cache' from command line to 'False'
[55.195s] Level 5:colcon.colcon_core.verb:set package 'examples_rclcpp_multithreaded_executor' build argument 'cmake_clean_first' from command line to 'False'
[55.195s] Level 5:colcon.colcon_core.verb:set package 'examples_rclcpp_multithreaded_executor' build argument 'cmake_force_configure' from command line to 'False'
[55.195s] Level 5:colcon.colcon_core.verb:set package 'examples_rclcpp_multithreaded_executor' build argument 'ament_cmake_args' from command line to 'None'
[55.195s] Level 5:colcon.colcon_core.verb:set package 'examples_rclcpp_multithreaded_executor' build argument 'catkin_cmake_args' from command line to 'None'
[55.195s] Level 5:colcon.colcon_core.verb:set package 'examples_rclcpp_multithreaded_executor' build argument 'catkin_skip_building_tests' from command line to 'False'
[55.196s] DEBUG:colcon.colcon_core.verb:Building package 'examples_rclcpp_multithreaded_executor' with the following arguments: {'ament_cmake_args': None, 'build_base': '/home/vboxuser/ros2_ws/build/examples_rclcpp_multithreaded_executor', 'catkin_cmake_args': None, 'catkin_skip_building_tests': False, 'cmake_args': None, 'cmake_clean_cache': False, 'cmake_clean_first': False, 'cmake_force_configure': False, 'cmake_target': None, 'cmake_target_skip_unavailable': False, 'install_base': '/home/vboxuser/ros2_ws/install/examples_rclcpp_multithreaded_executor', 'merge_install': False, 'path': '/home/vboxuser/ros2_ws/src/examples/rclcpp/executors/multithreaded_executor', 'symlink_install': False, 'test_result_base': None}
[55.197s] Level 5:colcon.colcon_core.verb:set package 'examples_rclcpp_wait_set' build argument 'cmake_args' from command line to 'None'
[55.199s] Level 5:colcon.colcon_core.verb:set package 'examples_rclcpp_wait_set' build argument 'cmake_target' from command line to 'None'
[55.199s] Level 5:colcon.colcon_core.verb:set package 'examples_rclcpp_wait_set' build argument 'cmake_target_skip_unavailable' from command line to 'False'
[55.199s] Level 5:colcon.colcon_core.verb:set package 'examples_rclcpp_wait_set' build argument 'cmake_clean_cache' from command line to 'False'
[55.199s] Level 5:colcon.colcon_core.verb:set package 'examples_rclcpp_wait_set' build argument 'cmake_clean_first' from command line to 'False'
[55.199s] Level 5:colcon.colcon_core.verb:set package 'examples_rclcpp_wait_set' build argument 'cmake_force_configure' from command line to 'False'
[55.199s] Level 5:colcon.colcon_core.verb:set package 'examples_rclcpp_wait_set' build argument 'ament_cmake_args' from command line to 'None'
[55.200s] Level 5:colcon.colcon_core.verb:set package 'examples_rclcpp_wait_set' build argument 'catkin_cmake_args' from command line to 'None'
[55.200s] Level 5:colcon.colcon_core.verb:set package 'examples_rclcpp_wait_set' build argument 'catkin_skip_building_tests' from command line to 'False'
[55.200s] DEBUG:colcon.colcon_core.verb:Building package 'examples_rclcpp_wait_set' with the following arguments: {'ament_cmake_args': None, 'build_base': '/home/vboxuser/ros2_ws/build/examples_rclcpp_wait_set', 'catkin_cmake_args': None, 'catkin_skip_building_tests': False, 'cmake_args': None, 'cmake_clean_cache': False, 'cmake_clean_first': False, 'cmake_force_configure': False, 'cmake_target': None, 'cmake_target_skip_unavailable': False, 'install_base': '/home/vboxuser/ros2_ws/install/examples_rclcpp_wait_set', 'merge_install': False, 'path': '/home/vboxuser/ros2_ws/src/examples/rclcpp/wait_set', 'symlink_install': False, 'test_result_base': None}
[55.202s] Level 5:colcon.colcon_core.verb:set package 'examples_rclpy_executors' build argument 'cmake_args' from command line to 'None'
[55.203s] Level 5:colcon.colcon_core.verb:set package 'examples_rclpy_executors' build argument 'cmake_target' from command line to 'None'
[55.203s] Level 5:colcon.colcon_core.verb:set package 'examples_rclpy_executors' build argument 'cmake_target_skip_unavailable' from command line to 'False'
[55.203s] Level 5:colcon.colcon_core.verb:set package 'examples_rclpy_executors' build argument 'cmake_clean_cache' from command line to 'False'
[55.203s] Level 5:colcon.colcon_core.verb:set package 'examples_rclpy_executors' build argument 'cmake_clean_first' from command line to 'False'
[55.203s] Level 5:colcon.colcon_core.verb:set package 'examples_rclpy_executors' build argument 'cmake_force_configure' from command line to 'False'
[55.203s] Level 5:colcon.colcon_core.verb:set package 'examples_rclpy_executors' build argument 'ament_cmake_args' from command line to 'None'
[55.205s] Level 5:colcon.colcon_core.verb:set package 'examples_rclpy_executors' build argument 'catkin_cmake_args' from command line to 'None'
[55.205s] Level 5:colcon.colcon_core.verb:set package 'examples_rclpy_executors' build argument 'catkin_skip_building_tests' from command line to 'False'
[55.205s] DEBUG:colcon.colcon_core.verb:Building package 'examples_rclpy_executors' with the following arguments: {'ament_cmake_args': None, 'build_base': '/home/vboxuser/ros2_ws/build/examples_rclpy_executors', 'catkin_cmake_args': None, 'catkin_skip_building_tests': False, 'cmake_args': None, 'cmake_clean_cache': False, 'cmake_clean_first': False, 'cmake_force_configure': False, 'cmake_target': None, 'cmake_target_skip_unavailable': False, 'install_base': '/home/vboxuser/ros2_ws/install/examples_rclpy_executors', 'merge_install': False, 'path': '/home/vboxuser/ros2_ws/src/examples/rclpy/executors', 'symlink_install': False, 'test_result_base': None}
[55.207s] Level 5:colcon.colcon_core.verb:set package 'examples_rclpy_guard_conditions' build argument 'cmake_args' from command line to 'None'
[55.208s] Level 5:colcon.colcon_core.verb:set package 'examples_rclpy_guard_conditions' build argument 'cmake_target' from command line to 'None'
[55.208s] Level 5:colcon.colcon_core.verb:set package 'examples_rclpy_guard_conditions' build argument 'cmake_target_skip_unavailable' from command line to 'False'
[55.208s] Level 5:colcon.colcon_core.verb:set package 'examples_rclpy_guard_conditions' build argument 'cmake_clean_cache' from command line to 'False'
[55.208s] Level 5:colcon.colcon_core.verb:set package 'examples_rclpy_guard_conditions' build argument 'cmake_clean_first' from command line to 'False'
[55.208s] Level 5:colcon.colcon_core.verb:set package 'examples_rclpy_guard_conditions' build argument 'cmake_force_configure' from command line to 'False'
[55.208s] Level 5:colcon.colcon_core.verb:set package 'examples_rclpy_guard_conditions' build argument 'ament_cmake_args' from command line to 'None'
[55.208s] Level 5:colcon.colcon_core.verb:set package 'examples_rclpy_guard_conditions' build argument 'catkin_cmake_args' from command line to 'None'
[55.208s] Level 5:colcon.colcon_core.verb:set package 'examples_rclpy_guard_conditions' build argument 'catkin_skip_building_tests' from command line to 'False'
[55.211s] DEBUG:colcon.colcon_core.verb:Building package 'examples_rclpy_guard_conditions' with the following arguments: {'ament_cmake_args': None, 'build_base': '/home/vboxuser/ros2_ws/build/examples_rclpy_guard_conditions', 'catkin_cmake_args': None, 'catkin_skip_building_tests': False, 'cmake_args': None, 'cmake_clean_cache': False, 'cmake_clean_first': False, 'cmake_force_configure': False, 'cmake_target': None, 'cmake_target_skip_unavailable': False, 'install_base': '/home/vboxuser/ros2_ws/install/examples_rclpy_guard_conditions', 'merge_install': False, 'path': '/home/vboxuser/ros2_ws/src/examples/rclpy/guard_conditions', 'symlink_install': False, 'test_result_base': None}
[55.216s] Level 5:colcon.colcon_core.verb:set package 'examples_rclpy_minimal_action_client' build argument 'cmake_args' from command line to 'None'
[55.216s] Level 5:colcon.colcon_core.verb:set package 'examples_rclpy_minimal_action_client' build argument 'cmake_target' from command line to 'None'
[55.216s] Level 5:colcon.colcon_core.verb:set package 'examples_rclpy_minimal_action_client' build argument 'cmake_target_skip_unavailable' from command line to 'False'
[55.217s] Level 5:colcon.colcon_core.verb:set package 'examples_rclpy_minimal_action_client' build argument 'cmake_clean_cache' from command line to 'False'
[55.217s] Level 5:colcon.colcon_core.verb:set package 'examples_rclpy_minimal_action_client' build argument 'cmake_clean_first' from command line to 'False'
[55.217s] Level 5:colcon.colcon_core.verb:set package 'examples_rclpy_minimal_action_client' build argument 'cmake_force_configure' from command line to 'False'
[55.217s] Level 5:colcon.colcon_core.verb:set package 'examples_rclpy_minimal_action_client' build argument 'ament_cmake_args' from command line to 'None'
[55.217s] Level 5:colcon.colcon_core.verb:set package 'examples_rclpy_minimal_action_client' build argument 'catkin_cmake_args' from command line to 'None'
[55.217s] Level 5:colcon.colcon_core.verb:set package 'examples_rclpy_minimal_action_client' build argument 'catkin_skip_building_tests' from command line to 'False'
[55.217s] DEBUG:colcon.colcon_core.verb:Building package 'examples_rclpy_minimal_action_client' with the following arguments: {'ament_cmake_args': None, 'build_base': '/home/vboxuser/ros2_ws/build/examples_rclpy_minimal_action_client', 'catkin_cmake_args': None, 'catkin_skip_building_tests': False, 'cmake_args': None, 'cmake_clean_cache': False, 'cmake_clean_first': False, 'cmake_force_configure': False, 'cmake_target': None, 'cmake_target_skip_unavailable': False, 'install_base': '/home/vboxuser/ros2_ws/install/examples_rclpy_minimal_action_client', 'merge_install': False, 'path': '/home/vboxuser/ros2_ws/src/examples/rclpy/actions/minimal_action_client', 'symlink_install': False, 'test_result_base': None}
[55.221s] Level 5:colcon.colcon_core.verb:set package 'examples_rclpy_minimal_action_server' build argument 'cmake_args' from command line to 'None'
[55.223s] Level 5:colcon.colcon_core.verb:set package 'examples_rclpy_minimal_action_server' build argument 'cmake_target' from command line to 'None'
[55.223s] Level 5:colcon.colcon_core.verb:set package 'examples_rclpy_minimal_action_server' build argument 'cmake_target_skip_unavailable' from command line to 'False'
[55.223s] Level 5:colcon.colcon_core.verb:set package 'examples_rclpy_minimal_action_server' build argument 'cmake_clean_cache' from command line to 'False'
[55.224s] Level 5:colcon.colcon_core.verb:set package 'examples_rclpy_minimal_action_server' build argument 'cmake_clean_first' from command line to 'False'
[55.224s] Level 5:colcon.colcon_core.verb:set package 'examples_rclpy_minimal_action_server' build argument 'cmake_force_configure' from command line to 'False'
[55.224s] Level 5:colcon.colcon_core.verb:set package 'examples_rclpy_minimal_action_server' build argument 'ament_cmake_args' from command line to 'None'
[55.224s] Level 5:colcon.colcon_core.verb:set package 'examples_rclpy_minimal_action_server' build argument 'catkin_cmake_args' from command line to 'None'
[55.224s] Level 5:colcon.colcon_core.verb:set package 'examples_rclpy_minimal_action_server' build argument 'catkin_skip_building_tests' from command line to 'False'
[55.225s] DEBUG:colcon.colcon_core.verb:Building package 'examples_rclpy_minimal_action_server' with the following arguments: {'ament_cmake_args': None, 'build_base': '/home/vboxuser/ros2_ws/build/examples_rclpy_minimal_action_server', 'catkin_cmake_args': None, 'catkin_skip_building_tests': False, 'cmake_args': None, 'cmake_clean_cache': False, 'cmake_clean_first': False, 'cmake_force_configure': False, 'cmake_target': None, 'cmake_target_skip_unavailable': False, 'install_base': '/home/vboxuser/ros2_ws/install/examples_rclpy_minimal_action_server', 'merge_install': False, 'path': '/home/vboxuser/ros2_ws/src/examples/rclpy/actions/minimal_action_server', 'symlink_install': False, 'test_result_base': None}
[55.226s] Level 5:colcon.colcon_core.verb:set package 'examples_rclpy_minimal_client' build argument 'cmake_args' from command line to 'None'
[55.226s] Level 5:colcon.colcon_core.verb:set package 'examples_rclpy_minimal_client' build argument 'cmake_target' from command line to 'None'
[55.226s] Level 5:colcon.colcon_core.verb:set package 'examples_rclpy_minimal_client' build argument 'cmake_target_skip_unavailable' from command line to 'False'
[55.227s] Level 5:colcon.colcon_core.verb:set package 'examples_rclpy_minimal_client' build argument 'cmake_clean_cache' from command line to 'False'
[55.227s] Level 5:colcon.colcon_core.verb:set package 'examples_rclpy_minimal_client' build argument 'cmake_clean_first' from command line to 'False'
[55.227s] Level 5:colcon.colcon_core.verb:set package 'examples_rclpy_minimal_client' build argument 'cmake_force_configure' from command line to 'False'
[55.227s] Level 5:colcon.colcon_core.verb:set package 'examples_rclpy_minimal_client' build argument 'ament_cmake_args' from command line to 'None'
[55.227s] Level 5:colcon.colcon_core.verb:set package 'examples_rclpy_minimal_client' build argument 'catkin_cmake_args' from command line to 'None'
[55.227s] Level 5:colcon.colcon_core.verb:set package 'examples_rclpy_minimal_client' build argument 'catkin_skip_building_tests' from command line to 'False'
[55.227s] DEBUG:colcon.colcon_core.verb:Building package 'examples_rclpy_minimal_client' with the following arguments: {'ament_cmake_args': None, 'build_base': '/home/vboxuser/ros2_ws/build/examples_rclpy_minimal_client', 'catkin_cmake_args': None, 'catkin_skip_building_tests': False, 'cmake_args': None, 'cmake_clean_cache': False, 'cmake_clean_first': False, 'cmake_force_configure': False, 'cmake_target': None, 'cmake_target_skip_unavailable': False, 'install_base': '/home/vboxuser/ros2_ws/install/examples_rclpy_minimal_client', 'merge_install': False, 'path': '/home/vboxuser/ros2_ws/src/examples/rclpy/services/minimal_client', 'symlink_install': False, 'test_result_base': None}
[55.229s] Level 5:colcon.colcon_core.verb:set package 'examples_rclpy_minimal_publisher' build argument 'cmake_args' from command line to 'None'
[55.229s] Level 5:colcon.colcon_core.verb:set package 'examples_rclpy_minimal_publisher' build argument 'cmake_target' from command line to 'None'
[55.229s] Level 5:colcon.colcon_core.verb:set package 'examples_rclpy_minimal_publisher' build argument 'cmake_target_skip_unavailable' from command line to 'False'
[55.230s] Level 5:colcon.colcon_core.verb:set package 'examples_rclpy_minimal_publisher' build argument 'cmake_clean_cache' from command line to 'False'
[55.230s] Level 5:colcon.colcon_core.verb:set package 'examples_rclpy_minimal_publisher' build argument 'cmake_clean_first' from command line to 'False'
[55.230s] Level 5:colcon.colcon_core.verb:set package 'examples_rclpy_minimal_publisher' build argument 'cmake_force_configure' from command line to 'False'
[55.230s] Level 5:colcon.colcon_core.verb:set package 'examples_rclpy_minimal_publisher' build argument 'ament_cmake_args' from command line to 'None'
[55.230s] Level 5:colcon.colcon_core.verb:set package 'examples_rclpy_minimal_publisher' build argument 'catkin_cmake_args' from command line to 'None'
[55.230s] Level 5:colcon.colcon_core.verb:set package 'examples_rclpy_minimal_publisher' build argument 'catkin_skip_building_tests' from command line to 'False'
[55.230s] DEBUG:colcon.colcon_core.verb:Building package 'examples_rclpy_minimal_publisher' with the following arguments: {'ament_cmake_args': None, 'build_base': '/home/vboxuser/ros2_ws/build/examples_rclpy_minimal_publisher', 'catkin_cmake_args': None, 'catkin_skip_building_tests': False, 'cmake_args': None, 'cmake_clean_cache': False, 'cmake_clean_first': False, 'cmake_force_configure': False, 'cmake_target': None, 'cmake_target_skip_unavailable': False, 'install_base': '/home/vboxuser/ros2_ws/install/examples_rclpy_minimal_publisher', 'merge_install': False, 'path': '/home/vboxuser/ros2_ws/src/examples/rclpy/topics/minimal_publisher', 'symlink_install': False, 'test_result_base': None}
[55.231s] Level 5:colcon.colcon_core.verb:set package 'examples_rclpy_minimal_service' build argument 'cmake_args' from command line to 'None'
[55.232s] Level 5:colcon.colcon_core.verb:set package 'examples_rclpy_minimal_service' build argument 'cmake_target' from command line to 'None'
[55.232s] Level 5:colcon.colcon_core.verb:set package 'examples_rclpy_minimal_service' build argument 'cmake_target_skip_unavailable' from command line to 'False'
[55.232s] Level 5:colcon.colcon_core.verb:set package 'examples_rclpy_minimal_service' build argument 'cmake_clean_cache' from command line to 'False'
[55.232s] Level 5:colcon.colcon_core.verb:set package 'examples_rclpy_minimal_service' build argument 'cmake_clean_first' from command line to 'False'
[55.232s] Level 5:colcon.colcon_core.verb:set package 'examples_rclpy_minimal_service' build argument 'cmake_force_configure' from command line to 'False'
[55.232s] Level 5:colcon.colcon_core.verb:set package 'examples_rclpy_minimal_service' build argument 'ament_cmake_args' from command line to 'None'
[55.232s] Level 5:colcon.colcon_core.verb:set package 'examples_rclpy_minimal_service' build argument 'catkin_cmake_args' from command line to 'None'
[55.232s] Level 5:colcon.colcon_core.verb:set package 'examples_rclpy_minimal_service' build argument 'catkin_skip_building_tests' from command line to 'False'
[55.232s] DEBUG:colcon.colcon_core.verb:Building package 'examples_rclpy_minimal_service' with the following arguments: {'ament_cmake_args': None, 'build_base': '/home/vboxuser/ros2_ws/build/examples_rclpy_minimal_service', 'catkin_cmake_args': None, 'catkin_skip_building_tests': False, 'cmake_args': None, 'cmake_clean_cache': False, 'cmake_clean_first': False, 'cmake_force_configure': False, 'cmake_target': None, 'cmake_target_skip_unavailable': False, 'install_base': '/home/vboxuser/ros2_ws/install/examples_rclpy_minimal_service', 'merge_install': False, 'path': '/home/vboxuser/ros2_ws/src/examples/rclpy/services/minimal_service', 'symlink_install': False, 'test_result_base': None}
[55.235s] Level 5:colcon.colcon_core.verb:set package 'examples_rclpy_minimal_subscriber' build argument 'cmake_args' from command line to 'None'
[55.235s] Level 5:colcon.colcon_core.verb:set package 'examples_rclpy_minimal_subscriber' build argument 'cmake_target' from command line to 'None'
[55.235s] Level 5:colcon.colcon_core.verb:set package 'examples_rclpy_minimal_subscriber' build argument 'cmake_target_skip_unavailable' from command line to 'False'
[55.237s] Level 5:colcon.colcon_core.verb:set package 'examples_rclpy_minimal_subscriber' build argument 'cmake_clean_cache' from command line to 'False'
[55.237s] Level 5:colcon.colcon_core.verb:set package 'examples_rclpy_minimal_subscriber' build argument 'cmake_clean_first' from command line to 'False'
[55.237s] Level 5:colcon.colcon_core.verb:set package 'examples_rclpy_minimal_subscriber' build argument 'cmake_force_configure' from command line to 'False'
[55.237s] Level 5:colcon.colcon_core.verb:set package 'examples_rclpy_minimal_subscriber' build argument 'ament_cmake_args' from command line to 'None'
[55.238s] Level 5:colcon.colcon_core.verb:set package 'examples_rclpy_minimal_subscriber' build argument 'catkin_cmake_args' from command line to 'None'
[55.238s] Level 5:colcon.colcon_core.verb:set package 'examples_rclpy_minimal_subscriber' build argument 'catkin_skip_building_tests' from command line to 'False'
[55.238s] DEBUG:colcon.colcon_core.verb:Building package 'examples_rclpy_minimal_subscriber' with the following arguments: {'ament_cmake_args': None, 'build_base': '/home/vboxuser/ros2_ws/build/examples_rclpy_minimal_subscriber', 'catkin_cmake_args': None, 'catkin_skip_building_tests': False, 'cmake_args': None, 'cmake_clean_cache': False, 'cmake_clean_first': False, 'cmake_force_configure': False, 'cmake_target': None, 'cmake_target_skip_unavailable': False, 'install_base': '/home/vboxuser/ros2_ws/install/examples_rclpy_minimal_subscriber', 'merge_install': False, 'path': '/home/vboxuser/ros2_ws/src/examples/rclpy/topics/minimal_subscriber', 'symlink_install': False, 'test_result_base': None}
[55.242s] Level 5:colcon.colcon_core.verb:set package 'examples_rclpy_pointcloud_publisher' build argument 'cmake_args' from command line to 'None'
[55.242s] Level 5:colcon.colcon_core.verb:set package 'examples_rclpy_pointcloud_publisher' build argument 'cmake_target' from command line to 'None'
[55.242s] Level 5:colcon.colcon_core.verb:set package 'examples_rclpy_pointcloud_publisher' build argument 'cmake_target_skip_unavailable' from command line to 'False'
[55.244s] Level 5:colcon.colcon_core.verb:set package 'examples_rclpy_pointcloud_publisher' build argument 'cmake_clean_cache' from command line to 'False'
[55.245s] Level 5:colcon.colcon_core.verb:set package 'examples_rclpy_pointcloud_publisher' build argument 'cmake_clean_first' from command line to 'False'
[55.245s] Level 5:colcon.colcon_core.verb:set package 'examples_rclpy_pointcloud_publisher' build argument 'cmake_force_configure' from command line to 'False'
[55.246s] Level 5:colcon.colcon_core.verb:set package 'examples_rclpy_pointcloud_publisher' build argument 'ament_cmake_args' from command line to 'None'
[55.246s] Level 5:colcon.colcon_core.verb:set package 'examples_rclpy_pointcloud_publisher' build argument 'catkin_cmake_args' from command line to 'None'
[55.246s] Level 5:colcon.colcon_core.verb:set package 'examples_rclpy_pointcloud_publisher' build argument 'catkin_skip_building_tests' from command line to 'False'
[55.246s] DEBUG:colcon.colcon_core.verb:Building package 'examples_rclpy_pointcloud_publisher' with the following arguments: {'ament_cmake_args': None, 'build_base': '/home/vboxuser/ros2_ws/build/examples_rclpy_pointcloud_publisher', 'catkin_cmake_args': None, 'catkin_skip_building_tests': False, 'cmake_args': None, 'cmake_clean_cache': False, 'cmake_clean_first': False, 'cmake_force_configure': False, 'cmake_target': None, 'cmake_target_skip_unavailable': False, 'install_base': '/home/vboxuser/ros2_ws/install/examples_rclpy_pointcloud_publisher', 'merge_install': False, 'path': '/home/vboxuser/ros2_ws/src/examples/rclpy/topics/pointcloud_publisher', 'symlink_install': False, 'test_result_base': None}
[55.248s] Level 5:colcon.colcon_core.verb:set package 'launch_testing_examples' build argument 'cmake_args' from command line to 'None'
[55.248s] Level 5:colcon.colcon_core.verb:set package 'launch_testing_examples' build argument 'cmake_target' from command line to 'None'
[55.249s] Level 5:colcon.colcon_core.verb:set package 'launch_testing_examples' build argument 'cmake_target_skip_unavailable' from command line to 'False'
[55.249s] Level 5:colcon.colcon_core.verb:set package 'launch_testing_examples' build argument 'cmake_clean_cache' from command line to 'False'
[55.249s] Level 5:colcon.colcon_core.verb:set package 'launch_testing_examples' build argument 'cmake_clean_first' from command line to 'False'
[55.249s] Level 5:colcon.colcon_core.verb:set package 'launch_testing_examples' build argument 'cmake_force_configure' from command line to 'False'
[55.249s] Level 5:colcon.colcon_core.verb:set package 'launch_testing_examples' build argument 'ament_cmake_args' from command line to 'None'
[55.249s] Level 5:colcon.colcon_core.verb:set package 'launch_testing_examples' build argument 'catkin_cmake_args' from command line to 'None'
[55.249s] Level 5:colcon.colcon_core.verb:set package 'launch_testing_examples' build argument 'catkin_skip_building_tests' from command line to 'False'
[55.250s] DEBUG:colcon.colcon_core.verb:Building package 'launch_testing_examples' with the following arguments: {'ament_cmake_args': None, 'build_base': '/home/vboxuser/ros2_ws/build/launch_testing_examples', 'catkin_cmake_args': None, 'catkin_skip_building_tests': False, 'cmake_args': None, 'cmake_clean_cache': False, 'cmake_clean_first': False, 'cmake_force_configure': False, 'cmake_target': None, 'cmake_target_skip_unavailable': False, 'install_base': '/home/vboxuser/ros2_ws/install/launch_testing_examples', 'merge_install': False, 'path': '/home/vboxuser/ros2_ws/src/examples/launch_testing/launch_testing_examples', 'symlink_install': False, 'test_result_base': None}
[55.251s] Level 5:colcon.colcon_core.verb:set package 'my_package' build argument 'cmake_args' from command line to 'None'
[55.252s] Level 5:colcon.colcon_core.verb:set package 'my_package' build argument 'cmake_target' from command line to 'None'
[55.252s] Level 5:colcon.colcon_core.verb:set package 'my_package' build argument 'cmake_target_skip_unavailable' from command line to 'False'
[55.252s] Level 5:colcon.colcon_core.verb:set package 'my_package' build argument 'cmake_clean_cache' from command line to 'False'
[55.253s] Level 5:colcon.colcon_core.verb:set package 'my_package' build argument 'cmake_clean_first' from command line to 'False'
[55.253s] Level 5:colcon.colcon_core.verb:set package 'my_package' build argument 'cmake_force_configure' from command line to 'False'
[55.253s] Level 5:colcon.colcon_core.verb:set package 'my_package' build argument 'ament_cmake_args' from command line to 'None'
[55.254s] Level 5:colcon.colcon_core.verb:set package 'my_package' build argument 'catkin_cmake_args' from command line to 'None'
[55.254s] Level 5:colcon.colcon_core.verb:set package 'my_package' build argument 'catkin_skip_building_tests' from command line to 'False'
[55.254s] DEBUG:colcon.colcon_core.verb:Building package 'my_package' with the following arguments: {'ament_cmake_args': None, 'build_base': '/home/vboxuser/ros2_ws/build/my_package', 'catkin_cmake_args': None, 'catkin_skip_building_tests': False, 'cmake_args': None, 'cmake_clean_cache': False, 'cmake_clean_first': False, 'cmake_force_configure': False, 'cmake_target': None, 'cmake_target_skip_unavailable': False, 'install_base': '/home/vboxuser/ros2_ws/install/my_package', 'merge_install': False, 'path': '/home/vboxuser/ros2_ws/src/my_package', 'symlink_install': False, 'test_result_base': None}
[55.256s] Level 5:colcon.colcon_core.verb:set package 'py_pubsub' build argument 'cmake_args' from command line to 'None'
[55.257s] Level 5:colcon.colcon_core.verb:set package 'py_pubsub' build argument 'cmake_target' from command line to 'None'
[55.258s] Level 5:colcon.colcon_core.verb:set package 'py_pubsub' build argument 'cmake_target_skip_unavailable' from command line to 'False'
[55.259s] Level 5:colcon.colcon_core.verb:set package 'py_pubsub' build argument 'cmake_clean_cache' from command line to 'False'
[55.259s] Level 5:colcon.colcon_core.verb:set package 'py_pubsub' build argument 'cmake_clean_first' from command line to 'False'
[55.259s] Level 5:colcon.colcon_core.verb:set package 'py_pubsub' build argument 'cmake_force_configure' from command line to 'False'
[55.259s] Level 5:colcon.colcon_core.verb:set package 'py_pubsub' build argument 'ament_cmake_args' from command line to 'None'
[55.260s] Level 5:colcon.colcon_core.verb:set package 'py_pubsub' build argument 'catkin_cmake_args' from command line to 'None'
[55.260s] Level 5:colcon.colcon_core.verb:set package 'py_pubsub' build argument 'catkin_skip_building_tests' from command line to 'False'
[55.260s] DEBUG:colcon.colcon_core.verb:Building package 'py_pubsub' with the following arguments: {'ament_cmake_args': None, 'build_base': '/home/vboxuser/ros2_ws/build/py_pubsub', 'catkin_cmake_args': None, 'catkin_skip_building_tests': False, 'cmake_args': None, 'cmake_clean_cache': False, 'cmake_clean_first': False, 'cmake_force_configure': False, 'cmake_target': None, 'cmake_target_skip_unavailable': False, 'install_base': '/home/vboxuser/ros2_ws/install/py_pubsub', 'merge_install': False, 'path': '/home/vboxuser/ros2_ws/src/py_pubsub', 'symlink_install': False, 'test_result_base': None}
[55.263s] Level 5:colcon.colcon_core.verb:set package 'read_rosbag' build argument 'cmake_args' from command line to 'None'
[55.264s] Level 5:colcon.colcon_core.verb:set package 'read_rosbag' build argument 'cmake_target' from command line to 'None'
[55.264s] Level 5:colcon.colcon_core.verb:set package 'read_rosbag' build argument 'cmake_target_skip_unavailable' from command line to 'False'
[55.264s] Level 5:colcon.colcon_core.verb:set package 'read_rosbag' build argument 'cmake_clean_cache' from command line to 'False'
[55.264s] Level 5:colcon.colcon_core.verb:set package 'read_rosbag' build argument 'cmake_clean_first' from command line to 'False'
[55.264s] Level 5:colcon.colcon_core.verb:set package 'read_rosbag' build argument 'cmake_force_configure' from command line to 'False'
[55.264s] Level 5:colcon.colcon_core.verb:set package 'read_rosbag' build argument 'ament_cmake_args' from command line to 'None'
[55.264s] Level 5:colcon.colcon_core.verb:set package 'read_rosbag' build argument 'catkin_cmake_args' from command line to 'None'
[55.264s] Level 5:colcon.colcon_core.verb:set package 'read_rosbag' build argument 'catkin_skip_building_tests' from command line to 'False'
[55.264s] DEBUG:colcon.colcon_core.verb:Building package 'read_rosbag' with the following arguments: {'ament_cmake_args': None, 'build_base': '/home/vboxuser/ros2_ws/build/read_rosbag', 'catkin_cmake_args': None, 'catkin_skip_building_tests': False, 'cmake_args': None, 'cmake_clean_cache': False, 'cmake_clean_first': False, 'cmake_force_configure': False, 'cmake_target': None, 'cmake_target_skip_unavailable': False, 'install_base': '/home/vboxuser/ros2_ws/install/read_rosbag', 'merge_install': False, 'path': '/home/vboxuser/ros2_ws/src/read_rosbag', 'symlink_install': False, 'test_result_base': None}
[55.266s] Level 5:colcon.colcon_core.verb:set package 'turtlesim' build argument 'cmake_args' from command line to 'None'
[55.266s] Level 5:colcon.colcon_core.verb:set package 'turtlesim' build argument 'cmake_target' from command line to 'None'
[55.266s] Level 5:colcon.colcon_core.verb:set package 'turtlesim' build argument 'cmake_target_skip_unavailable' from command line to 'False'
[55.267s] Level 5:colcon.colcon_core.verb:set package 'turtlesim' build argument 'cmake_clean_cache' from command line to 'False'
[55.267s] Level 5:colcon.colcon_core.verb:set package 'turtlesim' build argument 'cmake_clean_first' from command line to 'False'
[55.267s] Level 5:colcon.colcon_core.verb:set package 'turtlesim' build argument 'cmake_force_configure' from command line to 'False'
[55.267s] Level 5:colcon.colcon_core.verb:set package 'turtlesim' build argument 'ament_cmake_args' from command line to 'None'
[55.268s] Level 5:colcon.colcon_core.verb:set package 'turtlesim' build argument 'catkin_cmake_args' from command line to 'None'
[55.268s] Level 5:colcon.colcon_core.verb:set package 'turtlesim' build argument 'catkin_skip_building_tests' from command line to 'False'
[55.268s] DEBUG:colcon.colcon_core.verb:Building package 'turtlesim' with the following arguments: {'ament_cmake_args': None, 'build_base': '/home/vboxuser/ros2_ws/build/turtlesim', 'catkin_cmake_args': None, 'catkin_skip_building_tests': False, 'cmake_args': None, 'cmake_clean_cache': False, 'cmake_clean_first': False, 'cmake_force_configure': False, 'cmake_target': None, 'cmake_target_skip_unavailable': False, 'install_base': '/home/vboxuser/ros2_ws/install/turtlesim', 'merge_install': False, 'path': '/home/vboxuser/ros2_ws/src/ros_tutorials/turtlesim', 'symlink_install': False, 'test_result_base': None}
[55.270s] Level 5:colcon.colcon_core.verb:set package 'vesc_msgs' build argument 'cmake_args' from command line to 'None'
[55.270s] Level 5:colcon.colcon_core.verb:set package 'vesc_msgs' build argument 'cmake_target' from command line to 'None'
[55.270s] Level 5:colcon.colcon_core.verb:set package 'vesc_msgs' build argument 'cmake_target_skip_unavailable' from command line to 'False'
[55.271s] Level 5:colcon.colcon_core.verb:set package 'vesc_msgs' build argument 'cmake_clean_cache' from command line to 'False'
[55.271s] Level 5:colcon.colcon_core.verb:set package 'vesc_msgs' build argument 'cmake_clean_first' from command line to 'False'
[55.271s] Level 5:colcon.colcon_core.verb:set package 'vesc_msgs' build argument 'cmake_force_configure' from command line to 'False'
[55.271s] Level 5:colcon.colcon_core.verb:set package 'vesc_msgs' build argument 'ament_cmake_args' from command line to 'None'
[55.271s] Level 5:colcon.colcon_core.verb:set package 'vesc_msgs' build argument 'catkin_cmake_args' from command line to 'None'
[55.271s] Level 5:colcon.colcon_core.verb:set package 'vesc_msgs' build argument 'catkin_skip_building_tests' from command line to 'False'
[55.272s] DEBUG:colcon.colcon_core.verb:Building package 'vesc_msgs' with the following arguments: {'ament_cmake_args': None, 'build_base': '/home/vboxuser/ros2_ws/build/vesc_msgs', 'catkin_cmake_args': None, 'catkin_skip_building_tests': False, 'cmake_args': None, 'cmake_clean_cache': False, 'cmake_clean_first': False, 'cmake_force_configure': False, 'cmake_target': None, 'cmake_target_skip_unavailable': False, 'install_base': '/home/vboxuser/ros2_ws/install/vesc_msgs', 'merge_install': False, 'path': '/home/vboxuser/ros2_ws/src/vesc/vesc_msgs', 'symlink_install': False, 'test_result_base': None}
[55.273s] Level 5:colcon.colcon_core.verb:set package 'io_context' build argument 'cmake_args' from command line to 'None'
[55.273s] Level 5:colcon.colcon_core.verb:set package 'io_context' build argument 'cmake_target' from command line to 'None'
[55.273s] Level 5:colcon.colcon_core.verb:set package 'io_context' build argument 'cmake_target_skip_unavailable' from command line to 'False'
[55.274s] Level 5:colcon.colcon_core.verb:set package 'io_context' build argument 'cmake_clean_cache' from command line to 'False'
[55.274s] Level 5:colcon.colcon_core.verb:set package 'io_context' build argument 'cmake_clean_first' from command line to 'False'
[55.274s] Level 5:colcon.colcon_core.verb:set package 'io_context' build argument 'cmake_force_configure' from command line to 'False'
[55.274s] Level 5:colcon.colcon_core.verb:set package 'io_context' build argument 'ament_cmake_args' from command line to 'None'
[55.274s] Level 5:colcon.colcon_core.verb:set package 'io_context' build argument 'catkin_cmake_args' from command line to 'None'
[55.274s] Level 5:colcon.colcon_core.verb:set package 'io_context' build argument 'catkin_skip_building_tests' from command line to 'False'
[55.274s] DEBUG:colcon.colcon_core.verb:Building package 'io_context' with the following arguments: {'ament_cmake_args': None, 'build_base': '/home/vboxuser/ros2_ws/build/io_context', 'catkin_cmake_args': None, 'catkin_skip_building_tests': False, 'cmake_args': None, 'cmake_clean_cache': False, 'cmake_clean_first': False, 'cmake_force_configure': False, 'cmake_target': None, 'cmake_target_skip_unavailable': False, 'install_base': '/home/vboxuser/ros2_ws/install/io_context', 'merge_install': False, 'path': '/home/vboxuser/ros2_ws/src/transport_drivers/io_context', 'symlink_install': False, 'test_result_base': None}
[55.276s] Level 5:colcon.colcon_core.verb:set package 'vesc_ackermann' build argument 'cmake_args' from command line to 'None'
[55.276s] Level 5:colcon.colcon_core.verb:set package 'vesc_ackermann' build argument 'cmake_target' from command line to 'None'
[55.276s] Level 5:colcon.colcon_core.verb:set package 'vesc_ackermann' build argument 'cmake_target_skip_unavailable' from command line to 'False'
[55.276s] Level 5:colcon.colcon_core.verb:set package 'vesc_ackermann' build argument 'cmake_clean_cache' from command line to 'False'
[55.277s] Level 5:colcon.colcon_core.verb:set package 'vesc_ackermann' build argument 'cmake_clean_first' from command line to 'False'
[55.277s] Level 5:colcon.colcon_core.verb:set package 'vesc_ackermann' build argument 'cmake_force_configure' from command line to 'False'
[55.278s] Level 5:colcon.colcon_core.verb:set package 'vesc_ackermann' build argument 'ament_cmake_args' from command line to 'None'
[55.278s] Level 5:colcon.colcon_core.verb:set package 'vesc_ackermann' build argument 'catkin_cmake_args' from command line to 'None'
[55.278s] Level 5:colcon.colcon_core.verb:set package 'vesc_ackermann' build argument 'catkin_skip_building_tests' from command line to 'False'
[55.278s] DEBUG:colcon.colcon_core.verb:Building package 'vesc_ackermann' with the following arguments: {'ament_cmake_args': None, 'build_base': '/home/vboxuser/ros2_ws/build/vesc_ackermann', 'catkin_cmake_args': None, 'catkin_skip_building_tests': False, 'cmake_args': None, 'cmake_clean_cache': False, 'cmake_clean_first': False, 'cmake_force_configure': False, 'cmake_target': None, 'cmake_target_skip_unavailable': False, 'install_base': '/home/vboxuser/ros2_ws/install/vesc_ackermann', 'merge_install': False, 'path': '/home/vboxuser/ros2_ws/src/vesc/vesc_ackermann', 'symlink_install': False, 'test_result_base': None}
[55.280s] Level 5:colcon.colcon_core.verb:set package 'serial_driver' build argument 'cmake_args' from command line to 'None'
[55.280s] Level 5:colcon.colcon_core.verb:set package 'serial_driver' build argument 'cmake_target' from command line to 'None'
[55.281s] Level 5:colcon.colcon_core.verb:set package 'serial_driver' build argument 'cmake_target_skip_unavailable' from command line to 'False'
[55.281s] Level 5:colcon.colcon_core.verb:set package 'serial_driver' build argument 'cmake_clean_cache' from command line to 'False'
[55.281s] Level 5:colcon.colcon_core.verb:set package 'serial_driver' build argument 'cmake_clean_first' from command line to 'False'
[55.281s] Level 5:colcon.colcon_core.verb:set package 'serial_driver' build argument 'cmake_force_configure' from command line to 'False'
[55.281s] Level 5:colcon.colcon_core.verb:set package 'serial_driver' build argument 'ament_cmake_args' from command line to 'None'
[55.281s] Level 5:colcon.colcon_core.verb:set package 'serial_driver' build argument 'catkin_cmake_args' from command line to 'None'
[55.281s] Level 5:colcon.colcon_core.verb:set package 'serial_driver' build argument 'catkin_skip_building_tests' from command line to 'False'
[55.282s] DEBUG:colcon.colcon_core.verb:Building package 'serial_driver' with the following arguments: {'ament_cmake_args': None, 'build_base': '/home/vboxuser/ros2_ws/build/serial_driver', 'catkin_cmake_args': None, 'catkin_skip_building_tests': False, 'cmake_args': None, 'cmake_clean_cache': False, 'cmake_clean_first': False, 'cmake_force_configure': False, 'cmake_target': None, 'cmake_target_skip_unavailable': False, 'install_base': '/home/vboxuser/ros2_ws/install/serial_driver', 'merge_install': False, 'path': '/home/vboxuser/ros2_ws/src/transport_drivers/serial_driver', 'symlink_install': False, 'test_result_base': None}
[55.284s] Level 5:colcon.colcon_core.verb:set package 'udp_driver' build argument 'cmake_args' from command line to 'None'
[55.285s] Level 5:colcon.colcon_core.verb:set package 'udp_driver' build argument 'cmake_target' from command line to 'None'
[55.285s] Level 5:colcon.colcon_core.verb:set package 'udp_driver' build argument 'cmake_target_skip_unavailable' from command line to 'False'
[55.285s] Level 5:colcon.colcon_core.verb:set package 'udp_driver' build argument 'cmake_clean_cache' from command line to 'False'
[55.286s] Level 5:colcon.colcon_core.verb:set package 'udp_driver' build argument 'cmake_clean_first' from command line to 'False'
[55.286s] Level 5:colcon.colcon_core.verb:set package 'udp_driver' build argument 'cmake_force_configure' from command line to 'False'
[55.286s] Level 5:colcon.colcon_core.verb:set package 'udp_driver' build argument 'ament_cmake_args' from command line to 'None'
[55.286s] Level 5:colcon.colcon_core.verb:set package 'udp_driver' build argument 'catkin_cmake_args' from command line to 'None'
[55.286s] Level 5:colcon.colcon_core.verb:set package 'udp_driver' build argument 'catkin_skip_building_tests' from command line to 'False'
[55.286s] DEBUG:colcon.colcon_core.verb:Building package 'udp_driver' with the following arguments: {'ament_cmake_args': None, 'build_base': '/home/vboxuser/ros2_ws/build/udp_driver', 'catkin_cmake_args': None, 'catkin_skip_building_tests': False, 'cmake_args': None, 'cmake_clean_cache': False, 'cmake_clean_first': False, 'cmake_force_configure': False, 'cmake_target': None, 'cmake_target_skip_unavailable': False, 'install_base': '/home/vboxuser/ros2_ws/install/udp_driver', 'merge_install': False, 'path': '/home/vboxuser/ros2_ws/src/transport_drivers/udp_driver', 'symlink_install': False, 'test_result_base': None}
[55.288s] Level 5:colcon.colcon_core.verb:set package 'vesc_driver' build argument 'cmake_args' from command line to 'None'
[55.289s] Level 5:colcon.colcon_core.verb:set package 'vesc_driver' build argument 'cmake_target' from command line to 'None'
[55.289s] Level 5:colcon.colcon_core.verb:set package 'vesc_driver' build argument 'cmake_target_skip_unavailable' from command line to 'False'
[55.290s] Level 5:colcon.colcon_core.verb:set package 'vesc_driver' build argument 'cmake_clean_cache' from command line to 'False'
[55.291s] Level 5:colcon.colcon_core.verb:set package 'vesc_driver' build argument 'cmake_clean_first' from command line to 'False'
[55.291s] Level 5:colcon.colcon_core.verb:set package 'vesc_driver' build argument 'cmake_force_configure' from command line to 'False'
[55.291s] Level 5:colcon.colcon_core.verb:set package 'vesc_driver' build argument 'ament_cmake_args' from command line to 'None'
[55.291s] Level 5:colcon.colcon_core.verb:set package 'vesc_driver' build argument 'catkin_cmake_args' from command line to 'None'
[55.291s] Level 5:colcon.colcon_core.verb:set package 'vesc_driver' build argument 'catkin_skip_building_tests' from command line to 'False'
[55.291s] DEBUG:colcon.colcon_core.verb:Building package 'vesc_driver' with the following arguments: {'ament_cmake_args': None, 'build_base': '/home/vboxuser/ros2_ws/build/vesc_driver', 'catkin_cmake_args': None, 'catkin_skip_building_tests': False, 'cmake_args': None, 'cmake_clean_cache': False, 'cmake_clean_first': False, 'cmake_force_configure': False, 'cmake_target': None, 'cmake_target_skip_unavailable': False, 'install_base': '/home/vboxuser/ros2_ws/install/vesc_driver', 'merge_install': False, 'path': '/home/vboxuser/ros2_ws/src/vesc/vesc_driver', 'symlink_install': False, 'test_result_base': None}
[55.293s] Level 5:colcon.colcon_core.verb:set package 'vesc' build argument 'cmake_args' from command line to 'None'
[55.293s] Level 5:colcon.colcon_core.verb:set package 'vesc' build argument 'cmake_target' from command line to 'None'
[55.293s] Level 5:colcon.colcon_core.verb:set package 'vesc' build argument 'cmake_target_skip_unavailable' from command line to 'False'
[55.294s] Level 5:colcon.colcon_core.verb:set package 'vesc' build argument 'cmake_clean_cache' from command line to 'False'
[55.294s] Level 5:colcon.colcon_core.verb:set package 'vesc' build argument 'cmake_clean_first' from command line to 'False'
[55.294s] Level 5:colcon.colcon_core.verb:set package 'vesc' build argument 'cmake_force_configure' from command line to 'False'
[55.294s] Level 5:colcon.colcon_core.verb:set package 'vesc' build argument 'ament_cmake_args' from command line to 'None'
[55.294s] Level 5:colcon.colcon_core.verb:set package 'vesc' build argument 'catkin_cmake_args' from command line to 'None'
[55.294s] Level 5:colcon.colcon_core.verb:set package 'vesc' build argument 'catkin_skip_building_tests' from command line to 'False'
[55.294s] DEBUG:colcon.colcon_core.verb:Building package 'vesc' with the following arguments: {'ament_cmake_args': None, 'build_base': '/home/vboxuser/ros2_ws/build/vesc', 'catkin_cmake_args': None, 'catkin_skip_building_tests': False, 'cmake_args': None, 'cmake_clean_cache': False, 'cmake_clean_first': False, 'cmake_force_configure': False, 'cmake_target': None, 'cmake_target_skip_unavailable': False, 'install_base': '/home/vboxuser/ros2_ws/install/vesc', 'merge_install': False, 'path': '/home/vboxuser/ros2_ws/src/vesc/vesc', 'symlink_install': False, 'test_result_base': None}
[55.295s] INFO:colcon.colcon_core.executor:Executing jobs using 'parallel' executor
[55.298s] DEBUG:colcon.colcon_parallel_executor.executor.parallel:run_until_complete
[55.301s] INFO:colcon.colcon_ros.task.ament_cmake.build:Building ROS package in '/home/vboxuser/ros2_ws/src/transport_drivers/asio_cmake_module' with build type 'ament_cmake'
[55.303s] INFO:colcon.colcon_cmake.task.cmake.build:Building CMake package in '/home/vboxuser/ros2_ws/src/transport_drivers/asio_cmake_module'
[55.438s] INFO:colcon.colcon_core.plugin_system:Skipping extension 'colcon_core.shell.bat': Not used on non-Windows systems
[55.439s] INFO:colcon.colcon_core.shell:Skip shell extension 'powershell' for command environment: Not usable outside of PowerShell
[55.439s] DEBUG:colcon.colcon_core.shell:Skip shell extension 'dsv' for command environment
[55.489s] INFO:colcon.colcon_ros.task.ament_cmake.build:Building ROS package in '/home/vboxuser/ros2_ws/src/vesc/vesc_msgs' with build type 'ament_cmake'
[55.489s] INFO:colcon.colcon_cmake.task.cmake.build:Building CMake package in '/home/vboxuser/ros2_ws/src/vesc/vesc_msgs'
[55.489s] INFO:colcon.colcon_core.shell:Skip shell extension 'powershell' for command environment: Not usable outside of PowerShell
[55.490s] DEBUG:colcon.colcon_core.shell:Skip shell extension 'dsv' for command environment
[55.528s] INFO:colcon.colcon_ros.task.ament_python.build:Building ROS package in '/home/vboxuser/ros2_ws/src/BMS_BQ769X2/src/bms_visualizer' with build type 'ament_python'
[55.529s] Level 1:colcon.colcon_core.shell:create_environment_hook('bms_visualizer', 'ament_prefix_path')
[55.530s] INFO:colcon.colcon_core.shell:Creating environment hook '/home/vboxuser/ros2_ws/install/bms_visualizer/share/bms_visualizer/hook/ament_prefix_path.ps1'
[55.564s] INFO:colcon.colcon_core.shell:Creating environment descriptor '/home/vboxuser/ros2_ws/install/bms_visualizer/share/bms_visualizer/hook/ament_prefix_path.dsv'
[55.576s] INFO:colcon.colcon_core.shell:Creating environment hook '/home/vboxuser/ros2_ws/install/bms_visualizer/share/bms_visualizer/hook/ament_prefix_path.sh'
[55.592s] INFO:colcon.colcon_core.shell:Skip shell extension 'powershell' for command environment: Not usable outside of PowerShell
[55.592s] DEBUG:colcon.colcon_core.shell:Skip shell extension 'dsv' for command environment
[55.623s] INFO:colcon.colcon_ros.task.ament_cmake.build:Building ROS package in '/home/vboxuser/ros2_ws/src/BMS_BQ769X2/src/bq769x2_i2c_ros' with build type 'ament_cmake'
[55.624s] INFO:colcon.colcon_cmake.task.cmake.build:Building CMake package in '/home/vboxuser/ros2_ws/src/BMS_BQ769X2/src/bq769x2_i2c_ros'
[55.624s] INFO:colcon.colcon_core.shell:Skip shell extension 'powershell' for command environment: Not usable outside of PowerShell
[55.625s] DEBUG:colcon.colcon_core.shell:Skip shell extension 'dsv' for command environment
[55.712s] DEBUG:colcon.colcon_core.event_handler.log_command:Invoking command in '/home/vboxuser/ros2_ws/build/asio_cmake_module': /usr/bin/cmake --build /home/vboxuser/ros2_ws/build/asio_cmake_module -- -j4 -l4
[55.878s] DEBUG:colcon.colcon_core.event_handler.log_command:Invoking command in '/home/vboxuser/ros2_ws/build/vesc_msgs': /usr/bin/cmake --build /home/vboxuser/ros2_ws/build/vesc_msgs -- -j4 -l4
[56.584s] INFO:colcon.colcon_core.task.python.build:Building Python package in '/home/vboxuser/ros2_ws/src/BMS_BQ769X2/src/bms_visualizer'
[56.585s] INFO:colcon.colcon_core.shell:Skip shell extension 'powershell' for command environment: Not usable outside of PowerShell
[56.589s] DEBUG:colcon.colcon_core.shell:Skip shell extension 'dsv' for command environment
[56.679s] DEBUG:colcon.colcon_core.event_handler.log_command:Invoking command in '/home/vboxuser/ros2_ws/build/bq769x2_i2c_ros': /usr/bin/cmake --build /home/vboxuser/ros2_ws/build/bq769x2_i2c_ros -- -j4 -l4
[60.230s] DEBUG:colcon.colcon_core.event_handler.log_command:Invoking command in '/home/vboxuser/ros2_ws/src/BMS_BQ769X2/src/bms_visualizer': PYTHONPATH=/home/vboxuser/ros2_ws/build/bms_visualizer/prefix_override:/usr/lib/python3/dist-packages/colcon_core/task/python/colcon_distutils_commands:/home/vboxuser/ros2_ws/install/bms_visualizer/lib/python3.10/site-packages: /usr/bin/python3 -W ignore:setup.py install is deprecated -W ignore:easy_install command is deprecated setup.py egg_info --egg-base ../../../../build/bms_visualizer build --build-base /home/vboxuser/ros2_ws/build/bms_visualizer/build install --record /home/vboxuser/ros2_ws/build/bms_visualizer/install.log --single-version-externally-managed install_data
[60.804s] DEBUG:colcon.colcon_core.event_handler.log_command:Invoked command in '/home/vboxuser/ros2_ws/build/asio_cmake_module' returned '0': /usr/bin/cmake --build /home/vboxuser/ros2_ws/build/asio_cmake_module -- -j4 -l4
[60.906s] DEBUG:colcon.colcon_core.event_handler.log_command:Invoking command in '/home/vboxuser/ros2_ws/build/asio_cmake_module': /usr/bin/cmake --install /home/vboxuser/ros2_ws/build/asio_cmake_module
[60.912s] DEBUG:colcon.colcon_core.event_handler.log_command:Invoked command in '/home/vboxuser/ros2_ws/src/BMS_BQ769X2/src/bms_visualizer' returned '0': PYTHONPATH=/home/vboxuser/ros2_ws/build/bms_visualizer/prefix_override:/usr/lib/python3/dist-packages/colcon_core/task/python/colcon_distutils_commands:/home/vboxuser/ros2_ws/install/bms_visualizer/lib/python3.10/site-packages: /usr/bin/python3 -W ignore:setup.py install is deprecated -W ignore:easy_install command is deprecated setup.py egg_info --egg-base ../../../../build/bms_visualizer build --build-base /home/vboxuser/ros2_ws/build/bms_visualizer/build install --record /home/vboxuser/ros2_ws/build/bms_visualizer/install.log --single-version-externally-managed install_data
[61.325s] Level 1:colcon.colcon_core.environment:checking '/home/vboxuser/ros2_ws/install/bms_visualizer' for CMake module files
[61.326s] Level 1:colcon.colcon_core.environment:checking '/home/vboxuser/ros2_ws/install/bms_visualizer' for CMake config files
[61.327s] Level 1:colcon.colcon_core.environment:checking '/home/vboxuser/ros2_ws/install/bms_visualizer/lib'
[61.328s] Level 1:colcon.colcon_core.environment:checking '/home/vboxuser/ros2_ws/install/bms_visualizer/bin'
[61.333s] Level 1:colcon.colcon_core.environment:checking '/home/vboxuser/ros2_ws/install/bms_visualizer/lib/pkgconfig/bms_visualizer.pc'
[61.335s] Level 1:colcon.colcon_core.environment:checking '/home/vboxuser/ros2_ws/install/bms_visualizer/lib/python3.10/site-packages'
[61.335s] Level 1:colcon.colcon_core.shell:create_environment_hook('bms_visualizer', 'pythonpath')
[61.336s] INFO:colcon.colcon_core.shell:Creating environment hook '/home/vboxuser/ros2_ws/install/bms_visualizer/share/bms_visualizer/hook/pythonpath.ps1'
[61.338s] INFO:colcon.colcon_core.shell:Creating environment descriptor '/home/vboxuser/ros2_ws/install/bms_visualizer/share/bms_visualizer/hook/pythonpath.dsv'
[61.340s] INFO:colcon.colcon_core.shell:Creating environment hook '/home/vboxuser/ros2_ws/install/bms_visualizer/share/bms_visualizer/hook/pythonpath.sh'
[61.343s] Level 1:colcon.colcon_core.environment:checking '/home/vboxuser/ros2_ws/install/bms_visualizer/bin'
[61.343s] Level 1:colcon.colcon_core.environment:create_environment_scripts_only(bms_visualizer)
[61.344s] INFO:colcon.colcon_core.shell:Creating package script '/home/vboxuser/ros2_ws/install/bms_visualizer/share/bms_visualizer/package.ps1'
[61.370s] INFO:colcon.colcon_core.shell:Creating package descriptor '/home/vboxuser/ros2_ws/install/bms_visualizer/share/bms_visualizer/package.dsv'
[61.410s] INFO:colcon.colcon_core.shell:Creating package script '/home/vboxuser/ros2_ws/install/bms_visualizer/share/bms_visualizer/package.sh'
[61.422s] INFO:colcon.colcon_core.shell:Creating package script '/home/vboxuser/ros2_ws/install/bms_visualizer/share/bms_visualizer/package.bash'
[61.445s] INFO:colcon.colcon_core.shell:Creating package script '/home/vboxuser/ros2_ws/install/bms_visualizer/share/bms_visualizer/package.zsh'
[61.502s] Level 1:colcon.colcon_core.environment:create_file_with_runtime_dependencies(/home/vboxuser/ros2_ws/install/bms_visualizer/share/colcon-core/packages/bms_visualizer)
[61.505s] INFO:colcon.colcon_ros.task.ament_cmake.build:Building ROS package in '/home/vboxuser/ros2_ws/src/examples/rclcpp/services/async_client' with build type 'ament_cmake'
[61.506s] INFO:colcon.colcon_cmake.task.cmake.build:Building CMake package in '/home/vboxuser/ros2_ws/src/examples/rclcpp/services/async_client'
[61.506s] INFO:colcon.colcon_core.shell:Skip shell extension 'powershell' for command environment: Not usable outside of PowerShell
[61.507s] DEBUG:colcon.colcon_core.shell:Skip shell extension 'dsv' for command environment
[61.554s] DEBUG:colcon.colcon_core.event_handler.log_command:Invoked command in '/home/vboxuser/ros2_ws/build/bq769x2_i2c_ros' returned '0': /usr/bin/cmake --build /home/vboxuser/ros2_ws/build/bq769x2_i2c_ros -- -j4 -l4
[61.567s] DEBUG:colcon.colcon_core.event_handler.log_command:Invoking command in '/home/vboxuser/ros2_ws/build/bq769x2_i2c_ros': /usr/bin/cmake --install /home/vboxuser/ros2_ws/build/bq769x2_i2c_ros
[61.568s] Level 1:colcon.colcon_core.environment:create_environment_scripts_only(asio_cmake_module)
[61.572s] Level 1:colcon.colcon_core.environment:checking '/home/vboxuser/ros2_ws/install/asio_cmake_module' for CMake module files
[61.577s] Level 1:colcon.colcon_core.environment:checking '/home/vboxuser/ros2_ws/install/asio_cmake_module' for CMake config files
[61.577s] Level 1:colcon.colcon_core.shell:create_environment_hook('asio_cmake_module', 'cmake_prefix_path')
[61.577s] INFO:colcon.colcon_core.shell:Creating environment hook '/home/vboxuser/ros2_ws/install/asio_cmake_module/share/asio_cmake_module/hook/cmake_prefix_path.ps1'
[61.579s] INFO:colcon.colcon_core.shell:Creating environment descriptor '/home/vboxuser/ros2_ws/install/asio_cmake_module/share/asio_cmake_module/hook/cmake_prefix_path.dsv'
[61.580s] DEBUG:colcon.colcon_core.event_handler.log_command:Invoked command in '/home/vboxuser/ros2_ws/build/asio_cmake_module' returned '0': /usr/bin/cmake --install /home/vboxuser/ros2_ws/build/asio_cmake_module
[61.581s] INFO:colcon.colcon_core.shell:Creating environment hook '/home/vboxuser/ros2_ws/install/asio_cmake_module/share/asio_cmake_module/hook/cmake_prefix_path.sh'
[61.584s] Level 1:colcon.colcon_core.environment:checking '/home/vboxuser/ros2_ws/install/asio_cmake_module/bin'
[61.584s] Level 1:colcon.colcon_core.environment:checking '/home/vboxuser/ros2_ws/install/asio_cmake_module/lib/pkgconfig/asio_cmake_module.pc'
[61.584s] Level 1:colcon.colcon_core.environment:checking '/home/vboxuser/ros2_ws/install/asio_cmake_module/lib/python3.10/site-packages'
[61.585s] Level 1:colcon.colcon_core.environment:checking '/home/vboxuser/ros2_ws/install/asio_cmake_module/bin'
[61.585s] INFO:colcon.colcon_core.shell:Creating package script '/home/vboxuser/ros2_ws/install/asio_cmake_module/share/asio_cmake_module/package.ps1'
[61.587s] INFO:colcon.colcon_core.shell:Creating package descriptor '/home/vboxuser/ros2_ws/install/asio_cmake_module/share/asio_cmake_module/package.dsv'
[61.590s] INFO:colcon.colcon_core.shell:Creating package script '/home/vboxuser/ros2_ws/install/asio_cmake_module/share/asio_cmake_module/package.sh'
[61.592s] INFO:colcon.colcon_core.shell:Creating package script '/home/vboxuser/ros2_ws/install/asio_cmake_module/share/asio_cmake_module/package.bash'
[61.593s] INFO:colcon.colcon_core.shell:Creating package script '/home/vboxuser/ros2_ws/install/asio_cmake_module/share/asio_cmake_module/package.zsh'
[61.595s] Level 1:colcon.colcon_core.environment:create_file_with_runtime_dependencies(/home/vboxuser/ros2_ws/install/asio_cmake_module/share/colcon-core/packages/asio_cmake_module)
[61.596s] Level 1:colcon.colcon_core.environment:create_environment_scripts_only(asio_cmake_module)
[61.596s] Level 1:colcon.colcon_core.environment:checking '/home/vboxuser/ros2_ws/install/asio_cmake_module' for CMake module files
[61.598s] Level 1:colcon.colcon_core.environment:checking '/home/vboxuser/ros2_ws/install/asio_cmake_module' for CMake config files
[61.598s] Level 1:colcon.colcon_core.shell:create_environment_hook('asio_cmake_module', 'cmake_prefix_path')
[61.598s] INFO:colcon.colcon_core.shell:Creating environment hook '/home/vboxuser/ros2_ws/install/asio_cmake_module/share/asio_cmake_module/hook/cmake_prefix_path.ps1'
[61.600s] INFO:colcon.colcon_core.shell:Creating environment descriptor '/home/vboxuser/ros2_ws/install/asio_cmake_module/share/asio_cmake_module/hook/cmake_prefix_path.dsv'
[61.601s] INFO:colcon.colcon_core.shell:Creating environment hook '/home/vboxuser/ros2_ws/install/asio_cmake_module/share/asio_cmake_module/hook/cmake_prefix_path.sh'
[61.603s] Level 1:colcon.colcon_core.environment:checking '/home/vboxuser/ros2_ws/install/asio_cmake_module/bin'
[61.604s] Level 1:colcon.colcon_core.environment:checking '/home/vboxuser/ros2_ws/install/asio_cmake_module/lib/pkgconfig/asio_cmake_module.pc'
[61.604s] Level 1:colcon.colcon_core.environment:checking '/home/vboxuser/ros2_ws/install/asio_cmake_module/lib/python3.10/site-packages'
[61.605s] Level 1:colcon.colcon_core.environment:checking '/home/vboxuser/ros2_ws/install/asio_cmake_module/bin'
[61.605s] INFO:colcon.colcon_core.shell:Creating package script '/home/vboxuser/ros2_ws/install/asio_cmake_module/share/asio_cmake_module/package.ps1'
[61.607s] INFO:colcon.colcon_core.shell:Creating package descriptor '/home/vboxuser/ros2_ws/install/asio_cmake_module/share/asio_cmake_module/package.dsv'
[61.608s] INFO:colcon.colcon_core.shell:Creating package script '/home/vboxuser/ros2_ws/install/asio_cmake_module/share/asio_cmake_module/package.sh'
[61.610s] INFO:colcon.colcon_core.shell:Creating package script '/home/vboxuser/ros2_ws/install/asio_cmake_module/share/asio_cmake_module/package.bash'
[61.612s] INFO:colcon.colcon_core.shell:Creating package script '/home/vboxuser/ros2_ws/install/asio_cmake_module/share/asio_cmake_module/package.zsh'
[61.613s] Level 1:colcon.colcon_core.environment:create_file_with_runtime_dependencies(/home/vboxuser/ros2_ws/install/asio_cmake_module/share/colcon-core/packages/asio_cmake_module)
[61.614s] INFO:colcon.colcon_ros.task.ament_cmake.build:Building ROS package in '/home/vboxuser/ros2_ws/src/transport_drivers/io_context' with build type 'ament_cmake'
[61.614s] INFO:colcon.colcon_cmake.task.cmake.build:Building CMake package in '/home/vboxuser/ros2_ws/src/transport_drivers/io_context'
[61.615s] INFO:colcon.colcon_core.shell:Skip shell extension 'powershell' for command environment: Not usable outside of PowerShell
[61.615s] DEBUG:colcon.colcon_core.shell:Skip shell extension 'dsv' for command environment
[61.671s] DEBUG:colcon.colcon_core.event_handler.log_command:Invoking command in '/home/vboxuser/ros2_ws/build/examples_rclcpp_async_client': /usr/bin/cmake --build /home/vboxuser/ros2_ws/build/examples_rclcpp_async_client -- -j4 -l4
[61.679s] Level 1:colcon.colcon_core.environment:create_environment_scripts_only(bq769x2_i2c_ros)
[61.679s] Level 1:colcon.colcon_core.environment:checking '/home/vboxuser/ros2_ws/install/bq769x2_i2c_ros' for CMake module files
[61.684s] DEBUG:colcon.colcon_core.event_handler.log_command:Invoked command in '/home/vboxuser/ros2_ws/build/bq769x2_i2c_ros' returned '0': /usr/bin/cmake --install /home/vboxuser/ros2_ws/build/bq769x2_i2c_ros
[61.687s] Level 1:colcon.colcon_core.environment:checking '/home/vboxuser/ros2_ws/install/bq769x2_i2c_ros' for CMake config files
[61.687s] Level 1:colcon.colcon_core.shell:create_environment_hook('bq769x2_i2c_ros', 'cmake_prefix_path')
[61.688s] INFO:colcon.colcon_core.shell:Creating environment hook '/home/vboxuser/ros2_ws/install/bq769x2_i2c_ros/share/bq769x2_i2c_ros/hook/cmake_prefix_path.ps1'
[61.693s] INFO:colcon.colcon_core.shell:Creating environment descriptor '/home/vboxuser/ros2_ws/install/bq769x2_i2c_ros/share/bq769x2_i2c_ros/hook/cmake_prefix_path.dsv'
[61.702s] INFO:colcon.colcon_core.shell:Creating environment hook '/home/vboxuser/ros2_ws/install/bq769x2_i2c_ros/share/bq769x2_i2c_ros/hook/cmake_prefix_path.sh'
[61.704s] Level 1:colcon.colcon_core.environment:checking '/home/vboxuser/ros2_ws/install/bq769x2_i2c_ros/lib'
[61.705s] Level 1:colcon.colcon_core.environment:checking '/home/vboxuser/ros2_ws/install/bq769x2_i2c_ros/bin'
[61.710s] Level 1:colcon.colcon_core.environment:checking '/home/vboxuser/ros2_ws/install/bq769x2_i2c_ros/lib/pkgconfig/bq769x2_i2c_ros.pc'
[61.711s] Level 1:colcon.colcon_core.environment:checking '/home/vboxuser/ros2_ws/install/bq769x2_i2c_ros/lib/python3.10/site-packages'
[61.712s] Level 1:colcon.colcon_core.environment:checking '/home/vboxuser/ros2_ws/install/bq769x2_i2c_ros/bin'
[61.715s] INFO:colcon.colcon_core.shell:Creating package script '/home/vboxuser/ros2_ws/install/bq769x2_i2c_ros/share/bq769x2_i2c_ros/package.ps1'
[61.716s] INFO:colcon.colcon_core.shell:Creating package descriptor '/home/vboxuser/ros2_ws/install/bq769x2_i2c_ros/share/bq769x2_i2c_ros/package.dsv'
[61.723s] INFO:colcon.colcon_core.shell:Creating package script '/home/vboxuser/ros2_ws/install/bq769x2_i2c_ros/share/bq769x2_i2c_ros/package.sh'
[61.725s] INFO:colcon.colcon_core.shell:Creating package script '/home/vboxuser/ros2_ws/install/bq769x2_i2c_ros/share/bq769x2_i2c_ros/package.bash'
[61.726s] INFO:colcon.colcon_core.shell:Creating package script '/home/vboxuser/ros2_ws/install/bq769x2_i2c_ros/share/bq769x2_i2c_ros/package.zsh'
[61.728s] Level 1:colcon.colcon_core.environment:create_file_with_runtime_dependencies(/home/vboxuser/ros2_ws/install/bq769x2_i2c_ros/share/colcon-core/packages/bq769x2_i2c_ros)
[61.730s] Level 1:colcon.colcon_core.environment:create_environment_scripts_only(bq769x2_i2c_ros)
[61.731s] Level 1:colcon.colcon_core.environment:checking '/home/vboxuser/ros2_ws/install/bq769x2_i2c_ros' for CMake module files
[61.731s] Level 1:colcon.colcon_core.environment:checking '/home/vboxuser/ros2_ws/install/bq769x2_i2c_ros' for CMake config files
[61.732s] Level 1:colcon.colcon_core.shell:create_environment_hook('bq769x2_i2c_ros', 'cmake_prefix_path')
[61.732s] INFO:colcon.colcon_core.shell:Creating environment hook '/home/vboxuser/ros2_ws/install/bq769x2_i2c_ros/share/bq769x2_i2c_ros/hook/cmake_prefix_path.ps1'
[61.733s] INFO:colcon.colcon_core.shell:Creating environment descriptor '/home/vboxuser/ros2_ws/install/bq769x2_i2c_ros/share/bq769x2_i2c_ros/hook/cmake_prefix_path.dsv'
[61.736s] INFO:colcon.colcon_core.shell:Creating environment hook '/home/vboxuser/ros2_ws/install/bq769x2_i2c_ros/share/bq769x2_i2c_ros/hook/cmake_prefix_path.sh'
[61.740s] Level 1:colcon.colcon_core.environment:checking '/home/vboxuser/ros2_ws/install/bq769x2_i2c_ros/lib'
[61.741s] Level 1:colcon.colcon_core.environment:checking '/home/vboxuser/ros2_ws/install/bq769x2_i2c_ros/bin'
[61.741s] Level 1:colcon.colcon_core.environment:checking '/home/vboxuser/ros2_ws/install/bq769x2_i2c_ros/lib/pkgconfig/bq769x2_i2c_ros.pc'
[61.741s] Level 1:colcon.colcon_core.environment:checking '/home/vboxuser/ros2_ws/install/bq769x2_i2c_ros/lib/python3.10/site-packages'
[61.742s] Level 1:colcon.colcon_core.environment:checking '/home/vboxuser/ros2_ws/install/bq769x2_i2c_ros/bin'
[61.743s] INFO:colcon.colcon_core.shell:Creating package script '/home/vboxuser/ros2_ws/install/bq769x2_i2c_ros/share/bq769x2_i2c_ros/package.ps1'
[61.744s] INFO:colcon.colcon_core.shell:Creating package descriptor '/home/vboxuser/ros2_ws/install/bq769x2_i2c_ros/share/bq769x2_i2c_ros/package.dsv'
[61.746s] INFO:colcon.colcon_core.shell:Creating package script '/home/vboxuser/ros2_ws/install/bq769x2_i2c_ros/share/bq769x2_i2c_ros/package.sh'
[61.755s] INFO:colcon.colcon_core.shell:Creating package script '/home/vboxuser/ros2_ws/install/bq769x2_i2c_ros/share/bq769x2_i2c_ros/package.bash'
[61.758s] INFO:colcon.colcon_core.shell:Creating package script '/home/vboxuser/ros2_ws/install/bq769x2_i2c_ros/share/bq769x2_i2c_ros/package.zsh'
[61.763s] Level 1:colcon.colcon_core.environment:create_file_with_runtime_dependencies(/home/vboxuser/ros2_ws/install/bq769x2_i2c_ros/share/colcon-core/packages/bq769x2_i2c_ros)
[61.772s] INFO:colcon.colcon_ros.task.ament_cmake.build:Building ROS package in '/home/vboxuser/ros2_ws/src/examples/rclcpp/executors/cbg_executor' with build type 'ament_cmake'
[61.773s] INFO:colcon.colcon_cmake.task.cmake.build:Building CMake package in '/home/vboxuser/ros2_ws/src/examples/rclcpp/executors/cbg_executor'
[61.774s] INFO:colcon.colcon_core.shell:Skip shell extension 'powershell' for command environment: Not usable outside of PowerShell
[61.774s] DEBUG:colcon.colcon_core.shell:Skip shell extension 'dsv' for command environment
[61.866s] DEBUG:colcon.colcon_core.event_handler.log_command:Invoking command in '/home/vboxuser/ros2_ws/build/io_context': AMENT_PREFIX_PATH=/home/vboxuser/ros2_ws/install/asio_cmake_module CMAKE_PREFIX_PATH=/home/vboxuser/ros2_ws/install/asio_cmake_module /usr/bin/cmake --build /home/vboxuser/ros2_ws/build/io_context -- -j4 -l4
[61.950s] DEBUG:colcon.colcon_core.event_handler.log_command:Invoking command in '/home/vboxuser/ros2_ws/build/examples_rclcpp_cbg_executor': /usr/bin/cmake --build /home/vboxuser/ros2_ws/build/examples_rclcpp_cbg_executor -- -j4 -l4
[68.152s] DEBUG:colcon.colcon_core.event_handler.log_command:Invoked command in '/home/vboxuser/ros2_ws/build/io_context' returned '0': AMENT_PREFIX_PATH=/home/vboxuser/ros2_ws/install/asio_cmake_module CMAKE_PREFIX_PATH=/home/vboxuser/ros2_ws/install/asio_cmake_module /usr/bin/cmake --build /home/vboxuser/ros2_ws/build/io_context -- -j4 -l4
[68.171s] DEBUG:colcon.colcon_core.event_handler.log_command:Invoking command in '/home/vboxuser/ros2_ws/build/io_context': AMENT_PREFIX_PATH=/home/vboxuser/ros2_ws/install/asio_cmake_module CMAKE_PREFIX_PATH=/home/vboxuser/ros2_ws/install/asio_cmake_module /usr/bin/cmake --install /home/vboxuser/ros2_ws/build/io_context
[68.348s] Level 1:colcon.colcon_core.environment:create_environment_scripts_only(io_context)
[68.355s] DEBUG:colcon.colcon_core.event_handler.log_command:Invoked command in '/home/vboxuser/ros2_ws/build/io_context' returned '0': AMENT_PREFIX_PATH=/home/vboxuser/ros2_ws/install/asio_cmake_module CMAKE_PREFIX_PATH=/home/vboxuser/ros2_ws/install/asio_cmake_module /usr/bin/cmake --install /home/vboxuser/ros2_ws/build/io_context
[68.361s] Level 1:colcon.colcon_core.environment:checking '/home/vboxuser/ros2_ws/install/io_context' for CMake module files
[68.370s] Level 1:colcon.colcon_core.environment:checking '/home/vboxuser/ros2_ws/install/io_context' for CMake config files
[68.370s] Level 1:colcon.colcon_core.shell:create_environment_hook('io_context', 'cmake_prefix_path')
[68.372s] INFO:colcon.colcon_core.shell:Creating environment hook '/home/vboxuser/ros2_ws/install/io_context/share/io_context/hook/cmake_prefix_path.ps1'
[68.382s] INFO:colcon.colcon_core.shell:Creating environment descriptor '/home/vboxuser/ros2_ws/install/io_context/share/io_context/hook/cmake_prefix_path.dsv'
[68.383s] INFO:colcon.colcon_core.shell:Creating environment hook '/home/vboxuser/ros2_ws/install/io_context/share/io_context/hook/cmake_prefix_path.sh'
[68.384s] Level 1:colcon.colcon_core.environment:checking '/home/vboxuser/ros2_ws/install/io_context/lib'
[68.384s] Level 1:colcon.colcon_core.shell:create_environment_hook('io_context', 'ld_library_path_lib')
[68.385s] INFO:colcon.colcon_core.shell:Creating environment hook '/home/vboxuser/ros2_ws/install/io_context/share/io_context/hook/ld_library_path_lib.ps1'
[68.387s] INFO:colcon.colcon_core.shell:Creating environment descriptor '/home/vboxuser/ros2_ws/install/io_context/share/io_context/hook/ld_library_path_lib.dsv'
[68.392s] INFO:colcon.colcon_core.shell:Creating environment hook '/home/vboxuser/ros2_ws/install/io_context/share/io_context/hook/ld_library_path_lib.sh'
[68.393s] Level 1:colcon.colcon_core.environment:checking '/home/vboxuser/ros2_ws/install/io_context/bin'
[68.393s] Level 1:colcon.colcon_core.environment:checking '/home/vboxuser/ros2_ws/install/io_context/lib/pkgconfig/io_context.pc'
[68.394s] Level 1:colcon.colcon_core.environment:checking '/home/vboxuser/ros2_ws/install/io_context/lib/python3.10/site-packages'
[68.396s] Level 1:colcon.colcon_core.environment:checking '/home/vboxuser/ros2_ws/install/io_context/bin'
[68.398s] INFO:colcon.colcon_core.shell:Creating package script '/home/vboxuser/ros2_ws/install/io_context/share/io_context/package.ps1'
[68.401s] INFO:colcon.colcon_core.shell:Creating package descriptor '/home/vboxuser/ros2_ws/install/io_context/share/io_context/package.dsv'
[68.408s] INFO:colcon.colcon_core.shell:Creating package script '/home/vboxuser/ros2_ws/install/io_context/share/io_context/package.sh'
[68.412s] INFO:colcon.colcon_core.shell:Creating package script '/home/vboxuser/ros2_ws/install/io_context/share/io_context/package.bash'
[68.419s] INFO:colcon.colcon_core.shell:Creating package script '/home/vboxuser/ros2_ws/install/io_context/share/io_context/package.zsh'
[68.421s] Level 1:colcon.colcon_core.environment:create_file_with_runtime_dependencies(/home/vboxuser/ros2_ws/install/io_context/share/colcon-core/packages/io_context)
[68.429s] Level 1:colcon.colcon_core.environment:create_environment_scripts_only(io_context)
[68.430s] Level 1:colcon.colcon_core.environment:checking '/home/vboxuser/ros2_ws/install/io_context' for CMake module files
[68.430s] Level 1:colcon.colcon_core.environment:checking '/home/vboxuser/ros2_ws/install/io_context' for CMake config files
[68.433s] Level 1:colcon.colcon_core.shell:create_environment_hook('io_context', 'cmake_prefix_path')
[68.435s] INFO:colcon.colcon_core.shell:Creating environment hook '/home/vboxuser/ros2_ws/install/io_context/share/io_context/hook/cmake_prefix_path.ps1'
[68.437s] INFO:colcon.colcon_core.shell:Creating environment descriptor '/home/vboxuser/ros2_ws/install/io_context/share/io_context/hook/cmake_prefix_path.dsv'
[68.441s] INFO:colcon.colcon_core.shell:Creating environment hook '/home/vboxuser/ros2_ws/install/io_context/share/io_context/hook/cmake_prefix_path.sh'
[68.443s] Level 1:colcon.colcon_core.environment:checking '/home/vboxuser/ros2_ws/install/io_context/lib'
[68.444s] Level 1:colcon.colcon_core.shell:create_environment_hook('io_context', 'ld_library_path_lib')
[68.446s] INFO:colcon.colcon_core.shell:Creating environment hook '/home/vboxuser/ros2_ws/install/io_context/share/io_context/hook/ld_library_path_lib.ps1'
[68.447s] INFO:colcon.colcon_core.shell:Creating environment descriptor '/home/vboxuser/ros2_ws/install/io_context/share/io_context/hook/ld_library_path_lib.dsv'
[68.449s] INFO:colcon.colcon_core.shell:Creating environment hook '/home/vboxuser/ros2_ws/install/io_context/share/io_context/hook/ld_library_path_lib.sh'
[68.453s] Level 1:colcon.colcon_core.environment:checking '/home/vboxuser/ros2_ws/install/io_context/bin'
[68.454s] Level 1:colcon.colcon_core.environment:checking '/home/vboxuser/ros2_ws/install/io_context/lib/pkgconfig/io_context.pc'
[68.455s] Level 1:colcon.colcon_core.environment:checking '/home/vboxuser/ros2_ws/install/io_context/lib/python3.10/site-packages'
[68.456s] Level 1:colcon.colcon_core.environment:checking '/home/vboxuser/ros2_ws/install/io_context/bin'
[68.458s] INFO:colcon.colcon_core.shell:Creating package script '/home/vboxuser/ros2_ws/install/io_context/share/io_context/package.ps1'
[68.459s] INFO:colcon.colcon_core.shell:Creating package descriptor '/home/vboxuser/ros2_ws/install/io_context/share/io_context/package.dsv'
[68.461s] INFO:colcon.colcon_core.shell:Creating package script '/home/vboxuser/ros2_ws/install/io_context/share/io_context/package.sh'
[68.463s] INFO:colcon.colcon_core.shell:Creating package script '/home/vboxuser/ros2_ws/install/io_context/share/io_context/package.bash'
[68.465s] INFO:colcon.colcon_core.shell:Creating package script '/home/vboxuser/ros2_ws/install/io_context/share/io_context/package.zsh'
[68.466s] Level 1:colcon.colcon_core.environment:create_file_with_runtime_dependencies(/home/vboxuser/ros2_ws/install/io_context/share/colcon-core/packages/io_context)
[68.470s] INFO:colcon.colcon_ros.task.ament_cmake.build:Building ROS package in '/home/vboxuser/ros2_ws/src/transport_drivers/serial_driver' with build type 'ament_cmake'
[68.470s] INFO:colcon.colcon_cmake.task.cmake.build:Building CMake package in '/home/vboxuser/ros2_ws/src/transport_drivers/serial_driver'
[68.471s] INFO:colcon.colcon_core.shell:Skip shell extension 'powershell' for command environment: Not usable outside of PowerShell
[68.472s] DEBUG:colcon.colcon_core.shell:Skip shell extension 'dsv' for command environment
[68.520s] DEBUG:colcon.colcon_core.event_handler.log_command:Invoked command in '/home/vboxuser/ros2_ws/build/examples_rclcpp_async_client' returned '0': /usr/bin/cmake --build /home/vboxuser/ros2_ws/build/examples_rclcpp_async_client -- -j4 -l4
[68.577s] DEBUG:colcon.colcon_core.event_handler.log_command:Invoking command in '/home/vboxuser/ros2_ws/build/examples_rclcpp_async_client': /usr/bin/cmake --install /home/vboxuser/ros2_ws/build/examples_rclcpp_async_client
[68.664s] DEBUG:colcon.colcon_core.event_handler.log_command:Invoking command in '/home/vboxuser/ros2_ws/build/serial_driver': AMENT_PREFIX_PATH=/home/vboxuser/ros2_ws/install/io_context:/home/vboxuser/ros2_ws/install/asio_cmake_module CMAKE_PREFIX_PATH=/home/vboxuser/ros2_ws/install/io_context:/home/vboxuser/ros2_ws/install/asio_cmake_module LD_LIBRARY_PATH=/home/vboxuser/ros2_ws/install/io_context/lib /usr/bin/cmake --build /home/vboxuser/ros2_ws/build/serial_driver -- -j4 -l4
[69.046s] Level 1:colcon.colcon_core.environment:create_environment_scripts_only(examples_rclcpp_async_client)
[69.047s] DEBUG:colcon.colcon_core.event_handler.log_command:Invoked command in '/home/vboxuser/ros2_ws/build/examples_rclcpp_async_client' returned '0': /usr/bin/cmake --install /home/vboxuser/ros2_ws/build/examples_rclcpp_async_client
[69.052s] Level 1:colcon.colcon_core.environment:checking '/home/vboxuser/ros2_ws/install/examples_rclcpp_async_client' for CMake module files
[69.054s] Level 1:colcon.colcon_core.environment:checking '/home/vboxuser/ros2_ws/install/examples_rclcpp_async_client' for CMake config files
[69.065s] Level 1:colcon.colcon_core.shell:create_environment_hook('examples_rclcpp_async_client', 'cmake_prefix_path')
[69.066s] INFO:colcon.colcon_core.shell:Creating environment hook '/home/vboxuser/ros2_ws/install/examples_rclcpp_async_client/share/examples_rclcpp_async_client/hook/cmake_prefix_path.ps1'
[69.068s] INFO:colcon.colcon_core.shell:Creating environment descriptor '/home/vboxuser/ros2_ws/install/examples_rclcpp_async_client/share/examples_rclcpp_async_client/hook/cmake_prefix_path.dsv'
[69.073s] INFO:colcon.colcon_core.shell:Creating environment hook '/home/vboxuser/ros2_ws/install/examples_rclcpp_async_client/share/examples_rclcpp_async_client/hook/cmake_prefix_path.sh'
[69.087s] Level 1:colcon.colcon_core.environment:checking '/home/vboxuser/ros2_ws/install/examples_rclcpp_async_client/lib'
[69.087s] Level 1:colcon.colcon_core.environment:checking '/home/vboxuser/ros2_ws/install/examples_rclcpp_async_client/bin'
[69.087s] Level 1:colcon.colcon_core.environment:checking '/home/vboxuser/ros2_ws/install/examples_rclcpp_async_client/lib/pkgconfig/examples_rclcpp_async_client.pc'
[69.088s] Level 1:colcon.colcon_core.environment:checking '/home/vboxuser/ros2_ws/install/examples_rclcpp_async_client/lib/python3.10/site-packages'
[69.088s] Level 1:colcon.colcon_core.environment:checking '/home/vboxuser/ros2_ws/install/examples_rclcpp_async_client/bin'
[69.089s] INFO:colcon.colcon_core.shell:Creating package script '/home/vboxuser/ros2_ws/install/examples_rclcpp_async_client/share/examples_rclcpp_async_client/package.ps1'
[69.090s] INFO:colcon.colcon_core.shell:Creating package descriptor '/home/vboxuser/ros2_ws/install/examples_rclcpp_async_client/share/examples_rclcpp_async_client/package.dsv'
[69.091s] INFO:colcon.colcon_core.shell:Creating package script '/home/vboxuser/ros2_ws/install/examples_rclcpp_async_client/share/examples_rclcpp_async_client/package.sh'
[69.094s] INFO:colcon.colcon_core.shell:Creating package script '/home/vboxuser/ros2_ws/install/examples_rclcpp_async_client/share/examples_rclcpp_async_client/package.bash'
[69.097s] INFO:colcon.colcon_core.shell:Creating package script '/home/vboxuser/ros2_ws/install/examples_rclcpp_async_client/share/examples_rclcpp_async_client/package.zsh'
[69.098s] Level 1:colcon.colcon_core.environment:create_file_with_runtime_dependencies(/home/vboxuser/ros2_ws/install/examples_rclcpp_async_client/share/colcon-core/packages/examples_rclcpp_async_client)
[69.100s] Level 1:colcon.colcon_core.environment:create_environment_scripts_only(examples_rclcpp_async_client)
[69.100s] Level 1:colcon.colcon_core.environment:checking '/home/vboxuser/ros2_ws/install/examples_rclcpp_async_client' for CMake module files
[69.101s] Level 1:colcon.colcon_core.environment:checking '/home/vboxuser/ros2_ws/install/examples_rclcpp_async_client' for CMake config files
[69.101s] Level 1:colcon.colcon_core.shell:create_environment_hook('examples_rclcpp_async_client', 'cmake_prefix_path')
[69.101s] INFO:colcon.colcon_core.shell:Creating environment hook '/home/vboxuser/ros2_ws/install/examples_rclcpp_async_client/share/examples_rclcpp_async_client/hook/cmake_prefix_path.ps1'
[69.102s] INFO:colcon.colcon_core.shell:Creating environment descriptor '/home/vboxuser/ros2_ws/install/examples_rclcpp_async_client/share/examples_rclcpp_async_client/hook/cmake_prefix_path.dsv'
[69.103s] INFO:colcon.colcon_core.shell:Creating environment hook '/home/vboxuser/ros2_ws/install/examples_rclcpp_async_client/share/examples_rclcpp_async_client/hook/cmake_prefix_path.sh'
[69.105s] Level 1:colcon.colcon_core.environment:checking '/home/vboxuser/ros2_ws/install/examples_rclcpp_async_client/lib'
[69.105s] Level 1:colcon.colcon_core.environment:checking '/home/vboxuser/ros2_ws/install/examples_rclcpp_async_client/bin'
[69.106s] Level 1:colcon.colcon_core.environment:checking '/home/vboxuser/ros2_ws/install/examples_rclcpp_async_client/lib/pkgconfig/examples_rclcpp_async_client.pc'
[69.106s] Level 1:colcon.colcon_core.environment:checking '/home/vboxuser/ros2_ws/install/examples_rclcpp_async_client/lib/python3.10/site-packages'
[69.106s] Level 1:colcon.colcon_core.environment:checking '/home/vboxuser/ros2_ws/install/examples_rclcpp_async_client/bin'
[69.107s] INFO:colcon.colcon_core.shell:Creating package script '/home/vboxuser/ros2_ws/install/examples_rclcpp_async_client/share/examples_rclcpp_async_client/package.ps1'
[69.108s] INFO:colcon.colcon_core.shell:Creating package descriptor '/home/vboxuser/ros2_ws/install/examples_rclcpp_async_client/share/examples_rclcpp_async_client/package.dsv'
[69.109s] INFO:colcon.colcon_core.shell:Creating package script '/home/vboxuser/ros2_ws/install/examples_rclcpp_async_client/share/examples_rclcpp_async_client/package.sh'
[69.110s] INFO:colcon.colcon_core.shell:Creating package script '/home/vboxuser/ros2_ws/install/examples_rclcpp_async_client/share/examples_rclcpp_async_client/package.bash'
[69.112s] INFO:colcon.colcon_core.shell:Creating package script '/home/vboxuser/ros2_ws/install/examples_rclcpp_async_client/share/examples_rclcpp_async_client/package.zsh'
[69.113s] Level 1:colcon.colcon_core.environment:create_file_with_runtime_dependencies(/home/vboxuser/ros2_ws/install/examples_rclcpp_async_client/share/colcon-core/packages/examples_rclcpp_async_client)
[69.122s] INFO:colcon.colcon_ros.task.ament_cmake.build:Building ROS package in '/home/vboxuser/ros2_ws/src/examples/rclcpp/actions/minimal_action_client' with build type 'ament_cmake'
[69.122s] INFO:colcon.colcon_cmake.task.cmake.build:Building CMake package in '/home/vboxuser/ros2_ws/src/examples/rclcpp/actions/minimal_action_client'
[69.123s] INFO:colcon.colcon_core.shell:Skip shell extension 'powershell' for command environment: Not usable outside of PowerShell
[69.123s] DEBUG:colcon.colcon_core.shell:Skip shell extension 'dsv' for command environment
[69.289s] DEBUG:colcon.colcon_core.event_handler.log_command:Invoking command in '/home/vboxuser/ros2_ws/build/examples_rclcpp_minimal_action_client': /usr/bin/cmake --build /home/vboxuser/ros2_ws/build/examples_rclcpp_minimal_action_client -- -j4 -l4
[69.396s] DEBUG:colcon.colcon_core.event_handler.log_command:Invoked command in '/home/vboxuser/ros2_ws/build/examples_rclcpp_cbg_executor' returned '0': /usr/bin/cmake --build /home/vboxuser/ros2_ws/build/examples_rclcpp_cbg_executor -- -j4 -l4
[69.452s] DEBUG:colcon.colcon_core.event_handler.log_command:Invoking command in '/home/vboxuser/ros2_ws/build/examples_rclcpp_cbg_executor': /usr/bin/cmake --install /home/vboxuser/ros2_ws/build/examples_rclcpp_cbg_executor
[69.760s] Level 1:colcon.colcon_core.environment:create_environment_scripts_only(examples_rclcpp_cbg_executor)
[69.760s] Level 1:colcon.colcon_core.environment:checking '/home/vboxuser/ros2_ws/install/examples_rclcpp_cbg_executor' for CMake module files
[69.762s] DEBUG:colcon.colcon_core.event_handler.log_command:Invoked command in '/home/vboxuser/ros2_ws/build/examples_rclcpp_cbg_executor' returned '0': /usr/bin/cmake --install /home/vboxuser/ros2_ws/build/examples_rclcpp_cbg_executor
[69.764s] Level 1:colcon.colcon_core.environment:checking '/home/vboxuser/ros2_ws/install/examples_rclcpp_cbg_executor' for CMake config files
[69.764s] Level 1:colcon.colcon_core.shell:create_environment_hook('examples_rclcpp_cbg_executor', 'cmake_prefix_path')
[69.765s] INFO:colcon.colcon_core.shell:Creating environment hook '/home/vboxuser/ros2_ws/install/examples_rclcpp_cbg_executor/share/examples_rclcpp_cbg_executor/hook/cmake_prefix_path.ps1'
[69.766s] INFO:colcon.colcon_core.shell:Creating environment descriptor '/home/vboxuser/ros2_ws/install/examples_rclcpp_cbg_executor/share/examples_rclcpp_cbg_executor/hook/cmake_prefix_path.dsv'
[69.768s] INFO:colcon.colcon_core.shell:Creating environment hook '/home/vboxuser/ros2_ws/install/examples_rclcpp_cbg_executor/share/examples_rclcpp_cbg_executor/hook/cmake_prefix_path.sh'
[69.774s] Level 1:colcon.colcon_core.environment:checking '/home/vboxuser/ros2_ws/install/examples_rclcpp_cbg_executor/lib'
[69.774s] Level 1:colcon.colcon_core.environment:checking '/home/vboxuser/ros2_ws/install/examples_rclcpp_cbg_executor/bin'
[69.775s] Level 1:colcon.colcon_core.environment:checking '/home/vboxuser/ros2_ws/install/examples_rclcpp_cbg_executor/lib/pkgconfig/examples_rclcpp_cbg_executor.pc'
[69.776s] Level 1:colcon.colcon_core.environment:checking '/home/vboxuser/ros2_ws/install/examples_rclcpp_cbg_executor/lib/python3.10/site-packages'
[69.778s] Level 1:colcon.colcon_core.environment:checking '/home/vboxuser/ros2_ws/install/examples_rclcpp_cbg_executor/bin'
[69.779s] INFO:colcon.colcon_core.shell:Creating package script '/home/vboxuser/ros2_ws/install/examples_rclcpp_cbg_executor/share/examples_rclcpp_cbg_executor/package.ps1'
[69.782s] INFO:colcon.colcon_core.shell:Creating package descriptor '/home/vboxuser/ros2_ws/install/examples_rclcpp_cbg_executor/share/examples_rclcpp_cbg_executor/package.dsv'
[69.783s] INFO:colcon.colcon_core.shell:Creating package script '/home/vboxuser/ros2_ws/install/examples_rclcpp_cbg_executor/share/examples_rclcpp_cbg_executor/package.sh'
[69.786s] INFO:colcon.colcon_core.shell:Creating package script '/home/vboxuser/ros2_ws/install/examples_rclcpp_cbg_executor/share/examples_rclcpp_cbg_executor/package.bash'
[69.789s] INFO:colcon.colcon_core.shell:Creating package script '/home/vboxuser/ros2_ws/install/examples_rclcpp_cbg_executor/share/examples_rclcpp_cbg_executor/package.zsh'
[69.800s] Level 1:colcon.colcon_core.environment:create_file_with_runtime_dependencies(/home/vboxuser/ros2_ws/install/examples_rclcpp_cbg_executor/share/colcon-core/packages/examples_rclcpp_cbg_executor)
[69.802s] Level 1:colcon.colcon_core.environment:create_environment_scripts_only(examples_rclcpp_cbg_executor)
[69.815s] Level 1:colcon.colcon_core.environment:checking '/home/vboxuser/ros2_ws/install/examples_rclcpp_cbg_executor' for CMake module files
[69.829s] Level 1:colcon.colcon_core.environment:checking '/home/vboxuser/ros2_ws/install/examples_rclcpp_cbg_executor' for CMake config files
[69.835s] Level 1:colcon.colcon_core.shell:create_environment_hook('examples_rclcpp_cbg_executor', 'cmake_prefix_path')
[69.835s] INFO:colcon.colcon_core.shell:Creating environment hook '/home/vboxuser/ros2_ws/install/examples_rclcpp_cbg_executor/share/examples_rclcpp_cbg_executor/hook/cmake_prefix_path.ps1'
[69.850s] INFO:colcon.colcon_core.shell:Creating environment descriptor '/home/vboxuser/ros2_ws/install/examples_rclcpp_cbg_executor/share/examples_rclcpp_cbg_executor/hook/cmake_prefix_path.dsv'
[69.858s] INFO:colcon.colcon_core.shell:Creating environment hook '/home/vboxuser/ros2_ws/install/examples_rclcpp_cbg_executor/share/examples_rclcpp_cbg_executor/hook/cmake_prefix_path.sh'
[69.864s] Level 1:colcon.colcon_core.environment:checking '/home/vboxuser/ros2_ws/install/examples_rclcpp_cbg_executor/lib'
[69.865s] Level 1:colcon.colcon_core.environment:checking '/home/vboxuser/ros2_ws/install/examples_rclcpp_cbg_executor/bin'
[69.865s] Level 1:colcon.colcon_core.environment:checking '/home/vboxuser/ros2_ws/install/examples_rclcpp_cbg_executor/lib/pkgconfig/examples_rclcpp_cbg_executor.pc'
[69.874s] Level 1:colcon.colcon_core.environment:checking '/home/vboxuser/ros2_ws/install/examples_rclcpp_cbg_executor/lib/python3.10/site-packages'
[69.875s] Level 1:colcon.colcon_core.environment:checking '/home/vboxuser/ros2_ws/install/examples_rclcpp_cbg_executor/bin'
[69.876s] INFO:colcon.colcon_core.shell:Creating package script '/home/vboxuser/ros2_ws/install/examples_rclcpp_cbg_executor/share/examples_rclcpp_cbg_executor/package.ps1'
[69.882s] INFO:colcon.colcon_core.shell:Creating package descriptor '/home/vboxuser/ros2_ws/install/examples_rclcpp_cbg_executor/share/examples_rclcpp_cbg_executor/package.dsv'
[69.893s] INFO:colcon.colcon_core.shell:Creating package script '/home/vboxuser/ros2_ws/install/examples_rclcpp_cbg_executor/share/examples_rclcpp_cbg_executor/package.sh'
[69.898s] INFO:colcon.colcon_core.shell:Creating package script '/home/vboxuser/ros2_ws/install/examples_rclcpp_cbg_executor/share/examples_rclcpp_cbg_executor/package.bash'
[69.915s] INFO:colcon.colcon_core.shell:Creating package script '/home/vboxuser/ros2_ws/install/examples_rclcpp_cbg_executor/share/examples_rclcpp_cbg_executor/package.zsh'
[69.918s] Level 1:colcon.colcon_core.environment:create_file_with_runtime_dependencies(/home/vboxuser/ros2_ws/install/examples_rclcpp_cbg_executor/share/colcon-core/packages/examples_rclcpp_cbg_executor)
[69.922s] INFO:colcon.colcon_ros.task.ament_cmake.build:Building ROS package in '/home/vboxuser/ros2_ws/src/examples/rclcpp/actions/minimal_action_server' with build type 'ament_cmake'
[69.923s] INFO:colcon.colcon_cmake.task.cmake.build:Building CMake package in '/home/vboxuser/ros2_ws/src/examples/rclcpp/actions/minimal_action_server'
[69.923s] INFO:colcon.colcon_core.shell:Skip shell extension 'powershell' for command environment: Not usable outside of PowerShell
[69.923s] DEBUG:colcon.colcon_core.shell:Skip shell extension 'dsv' for command environment
[70.106s] DEBUG:colcon.colcon_core.event_handler.log_command:Invoking command in '/home/vboxuser/ros2_ws/build/examples_rclcpp_minimal_action_server': /usr/bin/cmake --build /home/vboxuser/ros2_ws/build/examples_rclcpp_minimal_action_server -- -j4 -l4
[71.313s] DEBUG:colcon.colcon_core.event_handler.log_command:Invoked command in '/home/vboxuser/ros2_ws/build/examples_rclcpp_minimal_action_server' returned '0': /usr/bin/cmake --build /home/vboxuser/ros2_ws/build/examples_rclcpp_minimal_action_server -- -j4 -l4
[71.355s] DEBUG:colcon.colcon_core.event_handler.log_command:Invoking command in '/home/vboxuser/ros2_ws/build/examples_rclcpp_minimal_action_server': /usr/bin/cmake --install /home/vboxuser/ros2_ws/build/examples_rclcpp_minimal_action_server
[71.744s] Level 1:colcon.colcon_core.environment:create_environment_scripts_only(examples_rclcpp_minimal_action_server)
[71.746s] Level 1:colcon.colcon_core.environment:checking '/home/vboxuser/ros2_ws/install/examples_rclcpp_minimal_action_server' for CMake module files
[71.751s] Level 1:colcon.colcon_core.environment:checking '/home/vboxuser/ros2_ws/install/examples_rclcpp_minimal_action_server' for CMake config files
[71.752s] Level 1:colcon.colcon_core.shell:create_environment_hook('examples_rclcpp_minimal_action_server', 'cmake_prefix_path')
[71.752s] INFO:colcon.colcon_core.shell:Creating environment hook '/home/vboxuser/ros2_ws/install/examples_rclcpp_minimal_action_server/share/examples_rclcpp_minimal_action_server/hook/cmake_prefix_path.ps1'
[71.750s] DEBUG:colcon.colcon_core.event_handler.log_command:Invoked command in '/home/vboxuser/ros2_ws/build/examples_rclcpp_minimal_action_server' returned '0': /usr/bin/cmake --install /home/vboxuser/ros2_ws/build/examples_rclcpp_minimal_action_server
[71.756s] INFO:colcon.colcon_core.shell:Creating environment descriptor '/home/vboxuser/ros2_ws/install/examples_rclcpp_minimal_action_server/share/examples_rclcpp_minimal_action_server/hook/cmake_prefix_path.dsv'
[71.759s] INFO:colcon.colcon_core.shell:Creating environment hook '/home/vboxuser/ros2_ws/install/examples_rclcpp_minimal_action_server/share/examples_rclcpp_minimal_action_server/hook/cmake_prefix_path.sh'
[71.762s] Level 1:colcon.colcon_core.environment:checking '/home/vboxuser/ros2_ws/install/examples_rclcpp_minimal_action_server/lib'
[71.762s] Level 1:colcon.colcon_core.environment:checking '/home/vboxuser/ros2_ws/install/examples_rclcpp_minimal_action_server/bin'
[71.762s] Level 1:colcon.colcon_core.environment:checking '/home/vboxuser/ros2_ws/install/examples_rclcpp_minimal_action_server/lib/pkgconfig/examples_rclcpp_minimal_action_server.pc'
[71.763s] Level 1:colcon.colcon_core.environment:checking '/home/vboxuser/ros2_ws/install/examples_rclcpp_minimal_action_server/lib/python3.10/site-packages'
[71.763s] Level 1:colcon.colcon_core.environment:checking '/home/vboxuser/ros2_ws/install/examples_rclcpp_minimal_action_server/bin'
[71.764s] INFO:colcon.colcon_core.shell:Creating package script '/home/vboxuser/ros2_ws/install/examples_rclcpp_minimal_action_server/share/examples_rclcpp_minimal_action_server/package.ps1'
[71.766s] INFO:colcon.colcon_core.shell:Creating package descriptor '/home/vboxuser/ros2_ws/install/examples_rclcpp_minimal_action_server/share/examples_rclcpp_minimal_action_server/package.dsv'
[71.767s] INFO:colcon.colcon_core.shell:Creating package script '/home/vboxuser/ros2_ws/install/examples_rclcpp_minimal_action_server/share/examples_rclcpp_minimal_action_server/package.sh'
[71.769s] INFO:colcon.colcon_core.shell:Creating package script '/home/vboxuser/ros2_ws/install/examples_rclcpp_minimal_action_server/share/examples_rclcpp_minimal_action_server/package.bash'
[71.770s] INFO:colcon.colcon_core.shell:Creating package script '/home/vboxuser/ros2_ws/install/examples_rclcpp_minimal_action_server/share/examples_rclcpp_minimal_action_server/package.zsh'
[71.771s] Level 1:colcon.colcon_core.environment:create_file_with_runtime_dependencies(/home/vboxuser/ros2_ws/install/examples_rclcpp_minimal_action_server/share/colcon-core/packages/examples_rclcpp_minimal_action_server)
[71.774s] Level 1:colcon.colcon_core.environment:create_environment_scripts_only(examples_rclcpp_minimal_action_server)
[71.775s] Level 1:colcon.colcon_core.environment:checking '/home/vboxuser/ros2_ws/install/examples_rclcpp_minimal_action_server' for CMake module files
[71.775s] Level 1:colcon.colcon_core.environment:checking '/home/vboxuser/ros2_ws/install/examples_rclcpp_minimal_action_server' for CMake config files
[71.775s] Level 1:colcon.colcon_core.shell:create_environment_hook('examples_rclcpp_minimal_action_server', 'cmake_prefix_path')
[71.776s] INFO:colcon.colcon_core.shell:Creating environment hook '/home/vboxuser/ros2_ws/install/examples_rclcpp_minimal_action_server/share/examples_rclcpp_minimal_action_server/hook/cmake_prefix_path.ps1'
[71.777s] INFO:colcon.colcon_core.shell:Creating environment descriptor '/home/vboxuser/ros2_ws/install/examples_rclcpp_minimal_action_server/share/examples_rclcpp_minimal_action_server/hook/cmake_prefix_path.dsv'
[71.779s] INFO:colcon.colcon_core.shell:Creating environment hook '/home/vboxuser/ros2_ws/install/examples_rclcpp_minimal_action_server/share/examples_rclcpp_minimal_action_server/hook/cmake_prefix_path.sh'
[71.782s] Level 1:colcon.colcon_core.environment:checking '/home/vboxuser/ros2_ws/install/examples_rclcpp_minimal_action_server/lib'
[71.782s] Level 1:colcon.colcon_core.environment:checking '/home/vboxuser/ros2_ws/install/examples_rclcpp_minimal_action_server/bin'
[71.783s] Level 1:colcon.colcon_core.environment:checking '/home/vboxuser/ros2_ws/install/examples_rclcpp_minimal_action_server/lib/pkgconfig/examples_rclcpp_minimal_action_server.pc'
[71.783s] Level 1:colcon.colcon_core.environment:checking '/home/vboxuser/ros2_ws/install/examples_rclcpp_minimal_action_server/lib/python3.10/site-packages'
[71.783s] Level 1:colcon.colcon_core.environment:checking '/home/vboxuser/ros2_ws/install/examples_rclcpp_minimal_action_server/bin'
[71.784s] INFO:colcon.colcon_core.shell:Creating package script '/home/vboxuser/ros2_ws/install/examples_rclcpp_minimal_action_server/share/examples_rclcpp_minimal_action_server/package.ps1'
[71.785s] INFO:colcon.colcon_core.shell:Creating package descriptor '/home/vboxuser/ros2_ws/install/examples_rclcpp_minimal_action_server/share/examples_rclcpp_minimal_action_server/package.dsv'
[71.790s] INFO:colcon.colcon_core.shell:Creating package script '/home/vboxuser/ros2_ws/install/examples_rclcpp_minimal_action_server/share/examples_rclcpp_minimal_action_server/package.sh'
[71.792s] INFO:colcon.colcon_core.shell:Creating package script '/home/vboxuser/ros2_ws/install/examples_rclcpp_minimal_action_server/share/examples_rclcpp_minimal_action_server/package.bash'
[71.793s] INFO:colcon.colcon_core.shell:Creating package script '/home/vboxuser/ros2_ws/install/examples_rclcpp_minimal_action_server/share/examples_rclcpp_minimal_action_server/package.zsh'
[71.795s] Level 1:colcon.colcon_core.environment:create_file_with_runtime_dependencies(/home/vboxuser/ros2_ws/install/examples_rclcpp_minimal_action_server/share/colcon-core/packages/examples_rclcpp_minimal_action_server)
[71.798s] INFO:colcon.colcon_ros.task.ament_cmake.build:Building ROS package in '/home/vboxuser/ros2_ws/src/examples/rclcpp/services/minimal_client' with build type 'ament_cmake'
[71.799s] INFO:colcon.colcon_cmake.task.cmake.build:Building CMake package in '/home/vboxuser/ros2_ws/src/examples/rclcpp/services/minimal_client'
[71.799s] INFO:colcon.colcon_core.shell:Skip shell extension 'powershell' for command environment: Not usable outside of PowerShell
[71.799s] DEBUG:colcon.colcon_core.shell:Skip shell extension 'dsv' for command environment
[71.916s] DEBUG:colcon.colcon_core.event_handler.log_command:Invoking command in '/home/vboxuser/ros2_ws/build/examples_rclcpp_minimal_client': /usr/bin/cmake --build /home/vboxuser/ros2_ws/build/examples_rclcpp_minimal_client -- -j4 -l4
[71.958s] DEBUG:colcon.colcon_core.event_handler.log_command:Invoked command in '/home/vboxuser/ros2_ws/build/examples_rclcpp_minimal_action_client' returned '0': /usr/bin/cmake --build /home/vboxuser/ros2_ws/build/examples_rclcpp_minimal_action_client -- -j4 -l4
[72.008s] DEBUG:colcon.colcon_core.event_handler.log_command:Invoking command in '/home/vboxuser/ros2_ws/build/examples_rclcpp_minimal_action_client': /usr/bin/cmake --install /home/vboxuser/ros2_ws/build/examples_rclcpp_minimal_action_client
[72.221s] Level 1:colcon.colcon_core.environment:create_environment_scripts_only(examples_rclcpp_minimal_action_client)
[72.221s] Level 1:colcon.colcon_core.environment:checking '/home/vboxuser/ros2_ws/install/examples_rclcpp_minimal_action_client' for CMake module files
[72.222s] Level 1:colcon.colcon_core.environment:checking '/home/vboxuser/ros2_ws/install/examples_rclcpp_minimal_action_client' for CMake config files
[72.222s] Level 1:colcon.colcon_core.shell:create_environment_hook('examples_rclcpp_minimal_action_client', 'cmake_prefix_path')
[72.223s] INFO:colcon.colcon_core.shell:Creating environment hook '/home/vboxuser/ros2_ws/install/examples_rclcpp_minimal_action_client/share/examples_rclcpp_minimal_action_client/hook/cmake_prefix_path.ps1'
[72.224s] INFO:colcon.colcon_core.shell:Creating environment descriptor '/home/vboxuser/ros2_ws/install/examples_rclcpp_minimal_action_client/share/examples_rclcpp_minimal_action_client/hook/cmake_prefix_path.dsv'
[72.225s] INFO:colcon.colcon_core.shell:Creating environment hook '/home/vboxuser/ros2_ws/install/examples_rclcpp_minimal_action_client/share/examples_rclcpp_minimal_action_client/hook/cmake_prefix_path.sh'
[72.226s] Level 1:colcon.colcon_core.environment:checking '/home/vboxuser/ros2_ws/install/examples_rclcpp_minimal_action_client/lib'
[72.227s] Level 1:colcon.colcon_core.environment:checking '/home/vboxuser/ros2_ws/install/examples_rclcpp_minimal_action_client/bin'
[72.227s] Level 1:colcon.colcon_core.environment:checking '/home/vboxuser/ros2_ws/install/examples_rclcpp_minimal_action_client/lib/pkgconfig/examples_rclcpp_minimal_action_client.pc'
[72.227s] Level 1:colcon.colcon_core.environment:checking '/home/vboxuser/ros2_ws/install/examples_rclcpp_minimal_action_client/lib/python3.10/site-packages'
[72.228s] Level 1:colcon.colcon_core.environment:checking '/home/vboxuser/ros2_ws/install/examples_rclcpp_minimal_action_client/bin'
[72.236s] DEBUG:colcon.colcon_core.event_handler.log_command:Invoked command in '/home/vboxuser/ros2_ws/build/examples_rclcpp_minimal_action_client' returned '0': /usr/bin/cmake --install /home/vboxuser/ros2_ws/build/examples_rclcpp_minimal_action_client
[72.240s] INFO:colcon.colcon_core.shell:Creating package script '/home/vboxuser/ros2_ws/install/examples_rclcpp_minimal_action_client/share/examples_rclcpp_minimal_action_client/package.ps1'
[72.247s] INFO:colcon.colcon_core.shell:Creating package descriptor '/home/vboxuser/ros2_ws/install/examples_rclcpp_minimal_action_client/share/examples_rclcpp_minimal_action_client/package.dsv'
[72.248s] INFO:colcon.colcon_core.shell:Creating package script '/home/vboxuser/ros2_ws/install/examples_rclcpp_minimal_action_client/share/examples_rclcpp_minimal_action_client/package.sh'
[72.249s] INFO:colcon.colcon_core.shell:Creating package script '/home/vboxuser/ros2_ws/install/examples_rclcpp_minimal_action_client/share/examples_rclcpp_minimal_action_client/package.bash'
[72.250s] INFO:colcon.colcon_core.shell:Creating package script '/home/vboxuser/ros2_ws/install/examples_rclcpp_minimal_action_client/share/examples_rclcpp_minimal_action_client/package.zsh'
[72.251s] Level 1:colcon.colcon_core.environment:create_file_with_runtime_dependencies(/home/vboxuser/ros2_ws/install/examples_rclcpp_minimal_action_client/share/colcon-core/packages/examples_rclcpp_minimal_action_client)
[72.252s] Level 1:colcon.colcon_core.environment:create_environment_scripts_only(examples_rclcpp_minimal_action_client)
[72.253s] Level 1:colcon.colcon_core.environment:checking '/home/vboxuser/ros2_ws/install/examples_rclcpp_minimal_action_client' for CMake module files
[72.274s] Level 1:colcon.colcon_core.environment:checking '/home/vboxuser/ros2_ws/install/examples_rclcpp_minimal_action_client' for CMake config files
[72.275s] Level 1:colcon.colcon_core.shell:create_environment_hook('examples_rclcpp_minimal_action_client', 'cmake_prefix_path')
[72.276s] INFO:colcon.colcon_core.shell:Creating environment hook '/home/vboxuser/ros2_ws/install/examples_rclcpp_minimal_action_client/share/examples_rclcpp_minimal_action_client/hook/cmake_prefix_path.ps1'
[72.276s] INFO:colcon.colcon_core.shell:Creating environment descriptor '/home/vboxuser/ros2_ws/install/examples_rclcpp_minimal_action_client/share/examples_rclcpp_minimal_action_client/hook/cmake_prefix_path.dsv'
[72.286s] INFO:colcon.colcon_core.shell:Creating environment hook '/home/vboxuser/ros2_ws/install/examples_rclcpp_minimal_action_client/share/examples_rclcpp_minimal_action_client/hook/cmake_prefix_path.sh'
[72.290s] Level 1:colcon.colcon_core.environment:checking '/home/vboxuser/ros2_ws/install/examples_rclcpp_minimal_action_client/lib'
[72.290s] Level 1:colcon.colcon_core.environment:checking '/home/vboxuser/ros2_ws/install/examples_rclcpp_minimal_action_client/bin'
[72.290s] Level 1:colcon.colcon_core.environment:checking '/home/vboxuser/ros2_ws/install/examples_rclcpp_minimal_action_client/lib/pkgconfig/examples_rclcpp_minimal_action_client.pc'
[72.290s] Level 1:colcon.colcon_core.environment:checking '/home/vboxuser/ros2_ws/install/examples_rclcpp_minimal_action_client/lib/python3.10/site-packages'
[72.298s] Level 1:colcon.colcon_core.environment:checking '/home/vboxuser/ros2_ws/install/examples_rclcpp_minimal_action_client/bin'
[72.300s] INFO:colcon.colcon_core.shell:Creating package script '/home/vboxuser/ros2_ws/install/examples_rclcpp_minimal_action_client/share/examples_rclcpp_minimal_action_client/package.ps1'
[72.300s] INFO:colcon.colcon_core.shell:Creating package descriptor '/home/vboxuser/ros2_ws/install/examples_rclcpp_minimal_action_client/share/examples_rclcpp_minimal_action_client/package.dsv'
[72.301s] INFO:colcon.colcon_core.shell:Creating package script '/home/vboxuser/ros2_ws/install/examples_rclcpp_minimal_action_client/share/examples_rclcpp_minimal_action_client/package.sh'
[72.302s] INFO:colcon.colcon_core.shell:Creating package script '/home/vboxuser/ros2_ws/install/examples_rclcpp_minimal_action_client/share/examples_rclcpp_minimal_action_client/package.bash'
[72.302s] INFO:colcon.colcon_core.shell:Creating package script '/home/vboxuser/ros2_ws/install/examples_rclcpp_minimal_action_client/share/examples_rclcpp_minimal_action_client/package.zsh'
[72.303s] Level 1:colcon.colcon_core.environment:create_file_with_runtime_dependencies(/home/vboxuser/ros2_ws/install/examples_rclcpp_minimal_action_client/share/colcon-core/packages/examples_rclcpp_minimal_action_client)
[72.308s] INFO:colcon.colcon_ros.task.ament_cmake.build:Building ROS package in '/home/vboxuser/ros2_ws/src/examples/rclcpp/composition/minimal_composition' with build type 'ament_cmake'
[72.308s] INFO:colcon.colcon_cmake.task.cmake.build:Building CMake package in '/home/vboxuser/ros2_ws/src/examples/rclcpp/composition/minimal_composition'
[72.309s] INFO:colcon.colcon_core.shell:Skip shell extension 'powershell' for command environment: Not usable outside of PowerShell
[72.310s] DEBUG:colcon.colcon_core.shell:Skip shell extension 'dsv' for command environment
[72.451s] DEBUG:colcon.colcon_core.event_handler.log_command:Invoking command in '/home/vboxuser/ros2_ws/build/examples_rclcpp_minimal_composition': /usr/bin/cmake --build /home/vboxuser/ros2_ws/build/examples_rclcpp_minimal_composition -- -j4 -l4
[72.619s] DEBUG:colcon.colcon_core.event_handler.log_command:Invoked command in '/home/vboxuser/ros2_ws/build/examples_rclcpp_minimal_client' returned '0': /usr/bin/cmake --build /home/vboxuser/ros2_ws/build/examples_rclcpp_minimal_client -- -j4 -l4
[72.651s] DEBUG:colcon.colcon_core.event_handler.log_command:Invoking command in '/home/vboxuser/ros2_ws/build/examples_rclcpp_minimal_client': /usr/bin/cmake --install /home/vboxuser/ros2_ws/build/examples_rclcpp_minimal_client
[72.698s] DEBUG:colcon.colcon_core.event_handler.log_command:Invoked command in '/home/vboxuser/ros2_ws/build/serial_driver' returned '0': AMENT_PREFIX_PATH=/home/vboxuser/ros2_ws/install/io_context:/home/vboxuser/ros2_ws/install/asio_cmake_module CMAKE_PREFIX_PATH=/home/vboxuser/ros2_ws/install/io_context:/home/vboxuser/ros2_ws/install/asio_cmake_module LD_LIBRARY_PATH=/home/vboxuser/ros2_ws/install/io_context/lib /usr/bin/cmake --build /home/vboxuser/ros2_ws/build/serial_driver -- -j4 -l4
[72.744s] DEBUG:colcon.colcon_core.event_handler.log_command:Invoking command in '/home/vboxuser/ros2_ws/build/serial_driver': AMENT_PREFIX_PATH=/home/vboxuser/ros2_ws/install/io_context:/home/vboxuser/ros2_ws/install/asio_cmake_module CMAKE_PREFIX_PATH=/home/vboxuser/ros2_ws/install/io_context:/home/vboxuser/ros2_ws/install/asio_cmake_module LD_LIBRARY_PATH=/home/vboxuser/ros2_ws/install/io_context/lib /usr/bin/cmake --install /home/vboxuser/ros2_ws/build/serial_driver
[73.011s] Level 1:colcon.colcon_core.environment:create_environment_scripts_only(serial_driver)
[73.011s] Level 1:colcon.colcon_core.environment:checking '/home/vboxuser/ros2_ws/install/serial_driver' for CMake module files
[73.012s] Level 1:colcon.colcon_core.environment:checking '/home/vboxuser/ros2_ws/install/serial_driver' for CMake config files
[73.012s] Level 1:colcon.colcon_core.shell:create_environment_hook('serial_driver', 'cmake_prefix_path')
[73.016s] INFO:colcon.colcon_core.shell:Creating environment hook '/home/vboxuser/ros2_ws/install/serial_driver/share/serial_driver/hook/cmake_prefix_path.ps1'
[73.017s] INFO:colcon.colcon_core.shell:Creating environment descriptor '/home/vboxuser/ros2_ws/install/serial_driver/share/serial_driver/hook/cmake_prefix_path.dsv'
[73.021s] DEBUG:colcon.colcon_core.event_handler.log_command:Invoked command in '/home/vboxuser/ros2_ws/build/serial_driver' returned '0': AMENT_PREFIX_PATH=/home/vboxuser/ros2_ws/install/io_context:/home/vboxuser/ros2_ws/install/asio_cmake_module CMAKE_PREFIX_PATH=/home/vboxuser/ros2_ws/install/io_context:/home/vboxuser/ros2_ws/install/asio_cmake_module LD_LIBRARY_PATH=/home/vboxuser/ros2_ws/install/io_context/lib /usr/bin/cmake --install /home/vboxuser/ros2_ws/build/serial_driver
[73.022s] INFO:colcon.colcon_core.shell:Creating environment hook '/home/vboxuser/ros2_ws/install/serial_driver/share/serial_driver/hook/cmake_prefix_path.sh'
[73.024s] Level 1:colcon.colcon_core.environment:checking '/home/vboxuser/ros2_ws/install/serial_driver/lib'
[73.028s] Level 1:colcon.colcon_core.shell:create_environment_hook('serial_driver', 'ld_library_path_lib')
[73.028s] INFO:colcon.colcon_core.shell:Creating environment hook '/home/vboxuser/ros2_ws/install/serial_driver/share/serial_driver/hook/ld_library_path_lib.ps1'
[73.029s] INFO:colcon.colcon_core.shell:Creating environment descriptor '/home/vboxuser/ros2_ws/install/serial_driver/share/serial_driver/hook/ld_library_path_lib.dsv'
[73.035s] INFO:colcon.colcon_core.shell:Creating environment hook '/home/vboxuser/ros2_ws/install/serial_driver/share/serial_driver/hook/ld_library_path_lib.sh'
[73.036s] Level 1:colcon.colcon_core.environment:checking '/home/vboxuser/ros2_ws/install/serial_driver/bin'
[73.037s] Level 1:colcon.colcon_core.environment:checking '/home/vboxuser/ros2_ws/install/serial_driver/lib/pkgconfig/serial_driver.pc'
[73.037s] Level 1:colcon.colcon_core.environment:checking '/home/vboxuser/ros2_ws/install/serial_driver/lib/python3.10/site-packages'
[73.038s] Level 1:colcon.colcon_core.environment:checking '/home/vboxuser/ros2_ws/install/serial_driver/bin'
[73.039s] INFO:colcon.colcon_core.shell:Creating package script '/home/vboxuser/ros2_ws/install/serial_driver/share/serial_driver/package.ps1'
[73.042s] INFO:colcon.colcon_core.shell:Creating package descriptor '/home/vboxuser/ros2_ws/install/serial_driver/share/serial_driver/package.dsv'
[73.045s] INFO:colcon.colcon_core.shell:Creating package script '/home/vboxuser/ros2_ws/install/serial_driver/share/serial_driver/package.sh'
[73.048s] INFO:colcon.colcon_core.shell:Creating package script '/home/vboxuser/ros2_ws/install/serial_driver/share/serial_driver/package.bash'
[73.050s] INFO:colcon.colcon_core.shell:Creating package script '/home/vboxuser/ros2_ws/install/serial_driver/share/serial_driver/package.zsh'
[73.051s] Level 1:colcon.colcon_core.environment:create_file_with_runtime_dependencies(/home/vboxuser/ros2_ws/install/serial_driver/share/colcon-core/packages/serial_driver)
[73.053s] Level 1:colcon.colcon_core.environment:create_environment_scripts_only(serial_driver)
[73.054s] Level 1:colcon.colcon_core.environment:checking '/home/vboxuser/ros2_ws/install/serial_driver' for CMake module files
[73.054s] Level 1:colcon.colcon_core.environment:checking '/home/vboxuser/ros2_ws/install/serial_driver' for CMake config files
[73.054s] Level 1:colcon.colcon_core.shell:create_environment_hook('serial_driver', 'cmake_prefix_path')
[73.055s] INFO:colcon.colcon_core.shell:Creating environment hook '/home/vboxuser/ros2_ws/install/serial_driver/share/serial_driver/hook/cmake_prefix_path.ps1'
[73.056s] INFO:colcon.colcon_core.shell:Creating environment descriptor '/home/vboxuser/ros2_ws/install/serial_driver/share/serial_driver/hook/cmake_prefix_path.dsv'
[73.059s] INFO:colcon.colcon_core.shell:Creating environment hook '/home/vboxuser/ros2_ws/install/serial_driver/share/serial_driver/hook/cmake_prefix_path.sh'
[73.062s] Level 1:colcon.colcon_core.environment:checking '/home/vboxuser/ros2_ws/install/serial_driver/lib'
[73.062s] Level 1:colcon.colcon_core.shell:create_environment_hook('serial_driver', 'ld_library_path_lib')
[73.062s] INFO:colcon.colcon_core.shell:Creating environment hook '/home/vboxuser/ros2_ws/install/serial_driver/share/serial_driver/hook/ld_library_path_lib.ps1'
[73.064s] INFO:colcon.colcon_core.shell:Creating environment descriptor '/home/vboxuser/ros2_ws/install/serial_driver/share/serial_driver/hook/ld_library_path_lib.dsv'
[73.066s] INFO:colcon.colcon_core.shell:Creating environment hook '/home/vboxuser/ros2_ws/install/serial_driver/share/serial_driver/hook/ld_library_path_lib.sh'
[73.070s] Level 1:colcon.colcon_core.environment:checking '/home/vboxuser/ros2_ws/install/serial_driver/bin'
[73.070s] Level 1:colcon.colcon_core.environment:checking '/home/vboxuser/ros2_ws/install/serial_driver/lib/pkgconfig/serial_driver.pc'
[73.070s] Level 1:colcon.colcon_core.environment:checking '/home/vboxuser/ros2_ws/install/serial_driver/lib/python3.10/site-packages'
[73.070s] Level 1:colcon.colcon_core.environment:checking '/home/vboxuser/ros2_ws/install/serial_driver/bin'
[73.071s] INFO:colcon.colcon_core.shell:Creating package script '/home/vboxuser/ros2_ws/install/serial_driver/share/serial_driver/package.ps1'
[73.072s] INFO:colcon.colcon_core.shell:Creating package descriptor '/home/vboxuser/ros2_ws/install/serial_driver/share/serial_driver/package.dsv'
[73.076s] INFO:colcon.colcon_core.shell:Creating package script '/home/vboxuser/ros2_ws/install/serial_driver/share/serial_driver/package.sh'
[73.078s] INFO:colcon.colcon_core.shell:Creating package script '/home/vboxuser/ros2_ws/install/serial_driver/share/serial_driver/package.bash'
[73.080s] INFO:colcon.colcon_core.shell:Creating package script '/home/vboxuser/ros2_ws/install/serial_driver/share/serial_driver/package.zsh'
[73.083s] Level 1:colcon.colcon_core.environment:create_file_with_runtime_dependencies(/home/vboxuser/ros2_ws/install/serial_driver/share/colcon-core/packages/serial_driver)
[73.089s] INFO:colcon.colcon_ros.task.ament_cmake.build:Building ROS package in '/home/vboxuser/ros2_ws/src/examples/rclcpp/topics/minimal_publisher' with build type 'ament_cmake'
[73.090s] INFO:colcon.colcon_cmake.task.cmake.build:Building CMake package in '/home/vboxuser/ros2_ws/src/examples/rclcpp/topics/minimal_publisher'
[73.092s] INFO:colcon.colcon_core.shell:Skip shell extension 'powershell' for command environment: Not usable outside of PowerShell
[73.092s] DEBUG:colcon.colcon_core.shell:Skip shell extension 'dsv' for command environment
[73.137s] Level 1:colcon.colcon_core.environment:create_environment_scripts_only(examples_rclcpp_minimal_client)
[73.138s] Level 1:colcon.colcon_core.environment:checking '/home/vboxuser/ros2_ws/install/examples_rclcpp_minimal_client' for CMake module files
[73.140s] DEBUG:colcon.colcon_core.event_handler.log_command:Invoked command in '/home/vboxuser/ros2_ws/build/examples_rclcpp_minimal_client' returned '0': /usr/bin/cmake --install /home/vboxuser/ros2_ws/build/examples_rclcpp_minimal_client
[73.141s] Level 1:colcon.colcon_core.environment:checking '/home/vboxuser/ros2_ws/install/examples_rclcpp_minimal_client' for CMake config files
[73.141s] Level 1:colcon.colcon_core.shell:create_environment_hook('examples_rclcpp_minimal_client', 'cmake_prefix_path')
[73.142s] INFO:colcon.colcon_core.shell:Creating environment hook '/home/vboxuser/ros2_ws/install/examples_rclcpp_minimal_client/share/examples_rclcpp_minimal_client/hook/cmake_prefix_path.ps1'
[73.145s] INFO:colcon.colcon_core.shell:Creating environment descriptor '/home/vboxuser/ros2_ws/install/examples_rclcpp_minimal_client/share/examples_rclcpp_minimal_client/hook/cmake_prefix_path.dsv'
[73.146s] INFO:colcon.colcon_core.shell:Creating environment hook '/home/vboxuser/ros2_ws/install/examples_rclcpp_minimal_client/share/examples_rclcpp_minimal_client/hook/cmake_prefix_path.sh'
[73.148s] Level 1:colcon.colcon_core.environment:checking '/home/vboxuser/ros2_ws/install/examples_rclcpp_minimal_client/lib'
[73.150s] Level 1:colcon.colcon_core.environment:checking '/home/vboxuser/ros2_ws/install/examples_rclcpp_minimal_client/bin'
[73.151s] Level 1:colcon.colcon_core.environment:checking '/home/vboxuser/ros2_ws/install/examples_rclcpp_minimal_client/lib/pkgconfig/examples_rclcpp_minimal_client.pc'
[73.151s] Level 1:colcon.colcon_core.environment:checking '/home/vboxuser/ros2_ws/install/examples_rclcpp_minimal_client/lib/python3.10/site-packages'
[73.152s] Level 1:colcon.colcon_core.environment:checking '/home/vboxuser/ros2_ws/install/examples_rclcpp_minimal_client/bin'
[73.154s] INFO:colcon.colcon_core.shell:Creating package script '/home/vboxuser/ros2_ws/install/examples_rclcpp_minimal_client/share/examples_rclcpp_minimal_client/package.ps1'
[73.156s] INFO:colcon.colcon_core.shell:Creating package descriptor '/home/vboxuser/ros2_ws/install/examples_rclcpp_minimal_client/share/examples_rclcpp_minimal_client/package.dsv'
[73.161s] INFO:colcon.colcon_core.shell:Creating package script '/home/vboxuser/ros2_ws/install/examples_rclcpp_minimal_client/share/examples_rclcpp_minimal_client/package.sh'
[73.163s] INFO:colcon.colcon_core.shell:Creating package script '/home/vboxuser/ros2_ws/install/examples_rclcpp_minimal_client/share/examples_rclcpp_minimal_client/package.bash'
[73.164s] INFO:colcon.colcon_core.shell:Creating package script '/home/vboxuser/ros2_ws/install/examples_rclcpp_minimal_client/share/examples_rclcpp_minimal_client/package.zsh'
[73.166s] Level 1:colcon.colcon_core.environment:create_file_with_runtime_dependencies(/home/vboxuser/ros2_ws/install/examples_rclcpp_minimal_client/share/colcon-core/packages/examples_rclcpp_minimal_client)
[73.169s] Level 1:colcon.colcon_core.environment:create_environment_scripts_only(examples_rclcpp_minimal_client)
[73.169s] Level 1:colcon.colcon_core.environment:checking '/home/vboxuser/ros2_ws/install/examples_rclcpp_minimal_client' for CMake module files
[73.170s] Level 1:colcon.colcon_core.environment:checking '/home/vboxuser/ros2_ws/install/examples_rclcpp_minimal_client' for CMake config files
[73.171s] Level 1:colcon.colcon_core.shell:create_environment_hook('examples_rclcpp_minimal_client', 'cmake_prefix_path')
[73.171s] INFO:colcon.colcon_core.shell:Creating environment hook '/home/vboxuser/ros2_ws/install/examples_rclcpp_minimal_client/share/examples_rclcpp_minimal_client/hook/cmake_prefix_path.ps1'
[73.173s] INFO:colcon.colcon_core.shell:Creating environment descriptor '/home/vboxuser/ros2_ws/install/examples_rclcpp_minimal_client/share/examples_rclcpp_minimal_client/hook/cmake_prefix_path.dsv'
[73.174s] INFO:colcon.colcon_core.shell:Creating environment hook '/home/vboxuser/ros2_ws/install/examples_rclcpp_minimal_client/share/examples_rclcpp_minimal_client/hook/cmake_prefix_path.sh'
[73.177s] Level 1:colcon.colcon_core.environment:checking '/home/vboxuser/ros2_ws/install/examples_rclcpp_minimal_client/lib'
[73.178s] Level 1:colcon.colcon_core.environment:checking '/home/vboxuser/ros2_ws/install/examples_rclcpp_minimal_client/bin'
[73.178s] Level 1:colcon.colcon_core.environment:checking '/home/vboxuser/ros2_ws/install/examples_rclcpp_minimal_client/lib/pkgconfig/examples_rclcpp_minimal_client.pc'
[73.179s] Level 1:colcon.colcon_core.environment:checking '/home/vboxuser/ros2_ws/install/examples_rclcpp_minimal_client/lib/python3.10/site-packages'
[73.179s] Level 1:colcon.colcon_core.environment:checking '/home/vboxuser/ros2_ws/install/examples_rclcpp_minimal_client/bin'
[73.179s] INFO:colcon.colcon_core.shell:Creating package script '/home/vboxuser/ros2_ws/install/examples_rclcpp_minimal_client/share/examples_rclcpp_minimal_client/package.ps1'
[73.181s] INFO:colcon.colcon_core.shell:Creating package descriptor '/home/vboxuser/ros2_ws/install/examples_rclcpp_minimal_client/share/examples_rclcpp_minimal_client/package.dsv'
[73.185s] INFO:colcon.colcon_core.shell:Creating package script '/home/vboxuser/ros2_ws/install/examples_rclcpp_minimal_client/share/examples_rclcpp_minimal_client/package.sh'
[73.187s] INFO:colcon.colcon_core.shell:Creating package script '/home/vboxuser/ros2_ws/install/examples_rclcpp_minimal_client/share/examples_rclcpp_minimal_client/package.bash'
[73.189s] INFO:colcon.colcon_core.shell:Creating package script '/home/vboxuser/ros2_ws/install/examples_rclcpp_minimal_client/share/examples_rclcpp_minimal_client/package.zsh'
[73.191s] Level 1:colcon.colcon_core.environment:create_file_with_runtime_dependencies(/home/vboxuser/ros2_ws/install/examples_rclcpp_minimal_client/share/colcon-core/packages/examples_rclcpp_minimal_client)
[73.193s] INFO:colcon.colcon_ros.task.ament_cmake.build:Building ROS package in '/home/vboxuser/ros2_ws/src/examples/rclcpp/services/minimal_service' with build type 'ament_cmake'
[73.193s] INFO:colcon.colcon_cmake.task.cmake.build:Building CMake package in '/home/vboxuser/ros2_ws/src/examples/rclcpp/services/minimal_service'
[73.194s] INFO:colcon.colcon_core.shell:Skip shell extension 'powershell' for command environment: Not usable outside of PowerShell
[73.194s] DEBUG:colcon.colcon_core.shell:Skip shell extension 'dsv' for command environment
[73.268s] DEBUG:colcon.colcon_core.event_handler.log_command:Invoking command in '/home/vboxuser/ros2_ws/build/examples_rclcpp_minimal_publisher': /usr/bin/cmake --build /home/vboxuser/ros2_ws/build/examples_rclcpp_minimal_publisher -- -j4 -l4
[73.316s] DEBUG:colcon.colcon_core.event_handler.log_command:Invoking command in '/home/vboxuser/ros2_ws/build/examples_rclcpp_minimal_service': /usr/bin/cmake --build /home/vboxuser/ros2_ws/build/examples_rclcpp_minimal_service -- -j4 -l4
[74.119s] DEBUG:colcon.colcon_core.event_handler.log_command:Invoked command in '/home/vboxuser/ros2_ws/build/examples_rclcpp_minimal_service' returned '0': /usr/bin/cmake --build /home/vboxuser/ros2_ws/build/examples_rclcpp_minimal_service -- -j4 -l4
[74.202s] DEBUG:colcon.colcon_core.event_handler.log_command:Invoking command in '/home/vboxuser/ros2_ws/build/examples_rclcpp_minimal_service': /usr/bin/cmake --install /home/vboxuser/ros2_ws/build/examples_rclcpp_minimal_service
[74.533s] DEBUG:colcon.colcon_core.event_handler.log_command:Invoked command in '/home/vboxuser/ros2_ws/build/examples_rclcpp_minimal_composition' returned '0': /usr/bin/cmake --build /home/vboxuser/ros2_ws/build/examples_rclcpp_minimal_composition -- -j4 -l4
[74.593s] Level 1:colcon.colcon_core.environment:create_environment_scripts_only(examples_rclcpp_minimal_service)
[74.593s] Level 1:colcon.colcon_core.environment:checking '/home/vboxuser/ros2_ws/install/examples_rclcpp_minimal_service' for CMake module files
[74.601s] Level 1:colcon.colcon_core.environment:checking '/home/vboxuser/ros2_ws/install/examples_rclcpp_minimal_service' for CMake config files
[74.602s] DEBUG:colcon.colcon_core.event_handler.log_command:Invoking command in '/home/vboxuser/ros2_ws/build/examples_rclcpp_minimal_composition': /usr/bin/cmake --install /home/vboxuser/ros2_ws/build/examples_rclcpp_minimal_composition
[74.604s] DEBUG:colcon.colcon_core.event_handler.log_command:Invoked command in '/home/vboxuser/ros2_ws/build/examples_rclcpp_minimal_service' returned '0': /usr/bin/cmake --install /home/vboxuser/ros2_ws/build/examples_rclcpp_minimal_service
[74.605s] Level 1:colcon.colcon_core.shell:create_environment_hook('examples_rclcpp_minimal_service', 'cmake_prefix_path')
[74.606s] INFO:colcon.colcon_core.shell:Creating environment hook '/home/vboxuser/ros2_ws/install/examples_rclcpp_minimal_service/share/examples_rclcpp_minimal_service/hook/cmake_prefix_path.ps1'
[74.608s] INFO:colcon.colcon_core.shell:Creating environment descriptor '/home/vboxuser/ros2_ws/install/examples_rclcpp_minimal_service/share/examples_rclcpp_minimal_service/hook/cmake_prefix_path.dsv'
[74.609s] INFO:colcon.colcon_core.shell:Creating environment hook '/home/vboxuser/ros2_ws/install/examples_rclcpp_minimal_service/share/examples_rclcpp_minimal_service/hook/cmake_prefix_path.sh'
[74.611s] Level 1:colcon.colcon_core.environment:checking '/home/vboxuser/ros2_ws/install/examples_rclcpp_minimal_service/lib'
[74.613s] Level 1:colcon.colcon_core.environment:checking '/home/vboxuser/ros2_ws/install/examples_rclcpp_minimal_service/bin'
[74.613s] Level 1:colcon.colcon_core.environment:checking '/home/vboxuser/ros2_ws/install/examples_rclcpp_minimal_service/lib/pkgconfig/examples_rclcpp_minimal_service.pc'
[74.616s] Level 1:colcon.colcon_core.environment:checking '/home/vboxuser/ros2_ws/install/examples_rclcpp_minimal_service/lib/python3.10/site-packages'
[74.618s] Level 1:colcon.colcon_core.environment:checking '/home/vboxuser/ros2_ws/install/examples_rclcpp_minimal_service/bin'
[74.619s] INFO:colcon.colcon_core.shell:Creating package script '/home/vboxuser/ros2_ws/install/examples_rclcpp_minimal_service/share/examples_rclcpp_minimal_service/package.ps1'
[74.625s] INFO:colcon.colcon_core.shell:Creating package descriptor '/home/vboxuser/ros2_ws/install/examples_rclcpp_minimal_service/share/examples_rclcpp_minimal_service/package.dsv'
[74.626s] INFO:colcon.colcon_core.shell:Creating package script '/home/vboxuser/ros2_ws/install/examples_rclcpp_minimal_service/share/examples_rclcpp_minimal_service/package.sh'
[74.631s] INFO:colcon.colcon_core.shell:Creating package script '/home/vboxuser/ros2_ws/install/examples_rclcpp_minimal_service/share/examples_rclcpp_minimal_service/package.bash'
[74.637s] INFO:colcon.colcon_core.shell:Creating package script '/home/vboxuser/ros2_ws/install/examples_rclcpp_minimal_service/share/examples_rclcpp_minimal_service/package.zsh'
[74.643s] Level 1:colcon.colcon_core.environment:create_file_with_runtime_dependencies(/home/vboxuser/ros2_ws/install/examples_rclcpp_minimal_service/share/colcon-core/packages/examples_rclcpp_minimal_service)
[74.645s] Level 1:colcon.colcon_core.environment:create_environment_scripts_only(examples_rclcpp_minimal_service)
[74.645s] Level 1:colcon.colcon_core.environment:checking '/home/vboxuser/ros2_ws/install/examples_rclcpp_minimal_service' for CMake module files
[74.646s] Level 1:colcon.colcon_core.environment:checking '/home/vboxuser/ros2_ws/install/examples_rclcpp_minimal_service' for CMake config files
[74.646s] Level 1:colcon.colcon_core.shell:create_environment_hook('examples_rclcpp_minimal_service', 'cmake_prefix_path')
[74.646s] INFO:colcon.colcon_core.shell:Creating environment hook '/home/vboxuser/ros2_ws/install/examples_rclcpp_minimal_service/share/examples_rclcpp_minimal_service/hook/cmake_prefix_path.ps1'
[74.651s] INFO:colcon.colcon_core.shell:Creating environment descriptor '/home/vboxuser/ros2_ws/install/examples_rclcpp_minimal_service/share/examples_rclcpp_minimal_service/hook/cmake_prefix_path.dsv'
[74.653s] INFO:colcon.colcon_core.shell:Creating environment hook '/home/vboxuser/ros2_ws/install/examples_rclcpp_minimal_service/share/examples_rclcpp_minimal_service/hook/cmake_prefix_path.sh'
[74.664s] Level 1:colcon.colcon_core.environment:checking '/home/vboxuser/ros2_ws/install/examples_rclcpp_minimal_service/lib'
[74.665s] Level 1:colcon.colcon_core.environment:checking '/home/vboxuser/ros2_ws/install/examples_rclcpp_minimal_service/bin'
[74.667s] Level 1:colcon.colcon_core.environment:checking '/home/vboxuser/ros2_ws/install/examples_rclcpp_minimal_service/lib/pkgconfig/examples_rclcpp_minimal_service.pc'
[74.668s] Level 1:colcon.colcon_core.environment:checking '/home/vboxuser/ros2_ws/install/examples_rclcpp_minimal_service/lib/python3.10/site-packages'
[74.670s] Level 1:colcon.colcon_core.environment:checking '/home/vboxuser/ros2_ws/install/examples_rclcpp_minimal_service/bin'
[74.671s] INFO:colcon.colcon_core.shell:Creating package script '/home/vboxuser/ros2_ws/install/examples_rclcpp_minimal_service/share/examples_rclcpp_minimal_service/package.ps1'
[74.677s] INFO:colcon.colcon_core.shell:Creating package descriptor '/home/vboxuser/ros2_ws/install/examples_rclcpp_minimal_service/share/examples_rclcpp_minimal_service/package.dsv'
[74.681s] INFO:colcon.colcon_core.shell:Creating package script '/home/vboxuser/ros2_ws/install/examples_rclcpp_minimal_service/share/examples_rclcpp_minimal_service/package.sh'
[74.685s] INFO:colcon.colcon_core.shell:Creating package script '/home/vboxuser/ros2_ws/install/examples_rclcpp_minimal_service/share/examples_rclcpp_minimal_service/package.bash'
[74.690s] INFO:colcon.colcon_core.shell:Creating package script '/home/vboxuser/ros2_ws/install/examples_rclcpp_minimal_service/share/examples_rclcpp_minimal_service/package.zsh'
[74.695s] Level 1:colcon.colcon_core.environment:create_file_with_runtime_dependencies(/home/vboxuser/ros2_ws/install/examples_rclcpp_minimal_service/share/colcon-core/packages/examples_rclcpp_minimal_service)
[74.699s] INFO:colcon.colcon_ros.task.ament_cmake.build:Building ROS package in '/home/vboxuser/ros2_ws/src/examples/rclcpp/topics/minimal_subscriber' with build type 'ament_cmake'
[74.702s] INFO:colcon.colcon_cmake.task.cmake.build:Building CMake package in '/home/vboxuser/ros2_ws/src/examples/rclcpp/topics/minimal_subscriber'
[74.702s] INFO:colcon.colcon_core.shell:Skip shell extension 'powershell' for command environment: Not usable outside of PowerShell
[74.703s] DEBUG:colcon.colcon_core.shell:Skip shell extension 'dsv' for command environment
[74.825s] DEBUG:colcon.colcon_core.event_handler.log_command:Invoking command in '/home/vboxuser/ros2_ws/build/examples_rclcpp_minimal_subscriber': /usr/bin/cmake --build /home/vboxuser/ros2_ws/build/examples_rclcpp_minimal_subscriber -- -j4 -l4
[75.089s] Level 1:colcon.colcon_core.environment:create_environment_scripts_only(examples_rclcpp_minimal_composition)
[75.091s] Level 1:colcon.colcon_core.environment:checking '/home/vboxuser/ros2_ws/install/examples_rclcpp_minimal_composition' for CMake module files
[75.095s] DEBUG:colcon.colcon_core.event_handler.log_command:Invoked command in '/home/vboxuser/ros2_ws/build/examples_rclcpp_minimal_composition' returned '0': /usr/bin/cmake --install /home/vboxuser/ros2_ws/build/examples_rclcpp_minimal_composition
[75.096s] Level 1:colcon.colcon_core.environment:checking '/home/vboxuser/ros2_ws/install/examples_rclcpp_minimal_composition' for CMake config files
[75.102s] Level 1:colcon.colcon_core.shell:create_environment_hook('examples_rclcpp_minimal_composition', 'cmake_prefix_path')
[75.103s] INFO:colcon.colcon_core.shell:Creating environment hook '/home/vboxuser/ros2_ws/install/examples_rclcpp_minimal_composition/share/examples_rclcpp_minimal_composition/hook/cmake_prefix_path.ps1'
[75.105s] INFO:colcon.colcon_core.shell:Creating environment descriptor '/home/vboxuser/ros2_ws/install/examples_rclcpp_minimal_composition/share/examples_rclcpp_minimal_composition/hook/cmake_prefix_path.dsv'
[75.111s] INFO:colcon.colcon_core.shell:Creating environment hook '/home/vboxuser/ros2_ws/install/examples_rclcpp_minimal_composition/share/examples_rclcpp_minimal_composition/hook/cmake_prefix_path.sh'
[75.114s] Level 1:colcon.colcon_core.environment:checking '/home/vboxuser/ros2_ws/install/examples_rclcpp_minimal_composition/lib'
[75.115s] Level 1:colcon.colcon_core.shell:create_environment_hook('examples_rclcpp_minimal_composition', 'ld_library_path_lib')
[75.116s] INFO:colcon.colcon_core.shell:Creating environment hook '/home/vboxuser/ros2_ws/install/examples_rclcpp_minimal_composition/share/examples_rclcpp_minimal_composition/hook/ld_library_path_lib.ps1'
[75.119s] INFO:colcon.colcon_core.shell:Creating environment descriptor '/home/vboxuser/ros2_ws/install/examples_rclcpp_minimal_composition/share/examples_rclcpp_minimal_composition/hook/ld_library_path_lib.dsv'
[75.123s] INFO:colcon.colcon_core.shell:Creating environment hook '/home/vboxuser/ros2_ws/install/examples_rclcpp_minimal_composition/share/examples_rclcpp_minimal_composition/hook/ld_library_path_lib.sh'
[75.129s] Level 1:colcon.colcon_core.environment:checking '/home/vboxuser/ros2_ws/install/examples_rclcpp_minimal_composition/bin'
[75.129s] Level 1:colcon.colcon_core.environment:checking '/home/vboxuser/ros2_ws/install/examples_rclcpp_minimal_composition/lib/pkgconfig/examples_rclcpp_minimal_composition.pc'
[75.130s] Level 1:colcon.colcon_core.environment:checking '/home/vboxuser/ros2_ws/install/examples_rclcpp_minimal_composition/lib/python3.10/site-packages'
[75.130s] Level 1:colcon.colcon_core.environment:checking '/home/vboxuser/ros2_ws/install/examples_rclcpp_minimal_composition/bin'
[75.131s] INFO:colcon.colcon_core.shell:Creating package script '/home/vboxuser/ros2_ws/install/examples_rclcpp_minimal_composition/share/examples_rclcpp_minimal_composition/package.ps1'
[75.135s] INFO:colcon.colcon_core.shell:Creating package descriptor '/home/vboxuser/ros2_ws/install/examples_rclcpp_minimal_composition/share/examples_rclcpp_minimal_composition/package.dsv'
[75.137s] INFO:colcon.colcon_core.shell:Creating package script '/home/vboxuser/ros2_ws/install/examples_rclcpp_minimal_composition/share/examples_rclcpp_minimal_composition/package.sh'
[75.140s] INFO:colcon.colcon_core.shell:Creating package script '/home/vboxuser/ros2_ws/install/examples_rclcpp_minimal_composition/share/examples_rclcpp_minimal_composition/package.bash'
[75.144s] INFO:colcon.colcon_core.shell:Creating package script '/home/vboxuser/ros2_ws/install/examples_rclcpp_minimal_composition/share/examples_rclcpp_minimal_composition/package.zsh'
[75.147s] Level 1:colcon.colcon_core.environment:create_file_with_runtime_dependencies(/home/vboxuser/ros2_ws/install/examples_rclcpp_minimal_composition/share/colcon-core/packages/examples_rclcpp_minimal_composition)
[75.152s] Level 1:colcon.colcon_core.environment:create_environment_scripts_only(examples_rclcpp_minimal_composition)
[75.153s] Level 1:colcon.colcon_core.environment:checking '/home/vboxuser/ros2_ws/install/examples_rclcpp_minimal_composition' for CMake module files
[75.154s] Level 1:colcon.colcon_core.environment:checking '/home/vboxuser/ros2_ws/install/examples_rclcpp_minimal_composition' for CMake config files
[75.156s] Level 1:colcon.colcon_core.shell:create_environment_hook('examples_rclcpp_minimal_composition', 'cmake_prefix_path')
[75.159s] INFO:colcon.colcon_core.shell:Creating environment hook '/home/vboxuser/ros2_ws/install/examples_rclcpp_minimal_composition/share/examples_rclcpp_minimal_composition/hook/cmake_prefix_path.ps1'
[75.160s] INFO:colcon.colcon_core.shell:Creating environment descriptor '/home/vboxuser/ros2_ws/install/examples_rclcpp_minimal_composition/share/examples_rclcpp_minimal_composition/hook/cmake_prefix_path.dsv'
[75.162s] INFO:colcon.colcon_core.shell:Creating environment hook '/home/vboxuser/ros2_ws/install/examples_rclcpp_minimal_composition/share/examples_rclcpp_minimal_composition/hook/cmake_prefix_path.sh'
[75.165s] Level 1:colcon.colcon_core.environment:checking '/home/vboxuser/ros2_ws/install/examples_rclcpp_minimal_composition/lib'
[75.166s] Level 1:colcon.colcon_core.shell:create_environment_hook('examples_rclcpp_minimal_composition', 'ld_library_path_lib')
[75.167s] INFO:colcon.colcon_core.shell:Creating environment hook '/home/vboxuser/ros2_ws/install/examples_rclcpp_minimal_composition/share/examples_rclcpp_minimal_composition/hook/ld_library_path_lib.ps1'
[75.168s] INFO:colcon.colcon_core.shell:Creating environment descriptor '/home/vboxuser/ros2_ws/install/examples_rclcpp_minimal_composition/share/examples_rclcpp_minimal_composition/hook/ld_library_path_lib.dsv'
[75.171s] INFO:colcon.colcon_core.shell:Creating environment hook '/home/vboxuser/ros2_ws/install/examples_rclcpp_minimal_composition/share/examples_rclcpp_minimal_composition/hook/ld_library_path_lib.sh'
[75.173s] Level 1:colcon.colcon_core.environment:checking '/home/vboxuser/ros2_ws/install/examples_rclcpp_minimal_composition/bin'
[75.174s] Level 1:colcon.colcon_core.environment:checking '/home/vboxuser/ros2_ws/install/examples_rclcpp_minimal_composition/lib/pkgconfig/examples_rclcpp_minimal_composition.pc'
[75.176s] Level 1:colcon.colcon_core.environment:checking '/home/vboxuser/ros2_ws/install/examples_rclcpp_minimal_composition/lib/python3.10/site-packages'
[75.176s] Level 1:colcon.colcon_core.environment:checking '/home/vboxuser/ros2_ws/install/examples_rclcpp_minimal_composition/bin'
[75.177s] INFO:colcon.colcon_core.shell:Creating package script '/home/vboxuser/ros2_ws/install/examples_rclcpp_minimal_composition/share/examples_rclcpp_minimal_composition/package.ps1'
[75.178s] INFO:colcon.colcon_core.shell:Creating package descriptor '/home/vboxuser/ros2_ws/install/examples_rclcpp_minimal_composition/share/examples_rclcpp_minimal_composition/package.dsv'
[75.180s] INFO:colcon.colcon_core.shell:Creating package script '/home/vboxuser/ros2_ws/install/examples_rclcpp_minimal_composition/share/examples_rclcpp_minimal_composition/package.sh'
[75.182s] INFO:colcon.colcon_core.shell:Creating package script '/home/vboxuser/ros2_ws/install/examples_rclcpp_minimal_composition/share/examples_rclcpp_minimal_composition/package.bash'
[75.183s] INFO:colcon.colcon_core.shell:Creating package script '/home/vboxuser/ros2_ws/install/examples_rclcpp_minimal_composition/share/examples_rclcpp_minimal_composition/package.zsh'
[75.184s] Level 1:colcon.colcon_core.environment:create_file_with_runtime_dependencies(/home/vboxuser/ros2_ws/install/examples_rclcpp_minimal_composition/share/colcon-core/packages/examples_rclcpp_minimal_composition)
[75.193s] DEBUG:colcon.colcon_core.event_handler.log_command:Invoked command in '/home/vboxuser/ros2_ws/build/vesc_msgs' returned '0': /usr/bin/cmake --build /home/vboxuser/ros2_ws/build/vesc_msgs -- -j4 -l4
[75.239s] DEBUG:colcon.colcon_core.event_handler.log_command:Invoking command in '/home/vboxuser/ros2_ws/build/vesc_msgs': /usr/bin/cmake --install /home/vboxuser/ros2_ws/build/vesc_msgs
[75.245s] INFO:colcon.colcon_ros.task.ament_cmake.build:Building ROS package in '/home/vboxuser/ros2_ws/src/examples/rclcpp/timers/minimal_timer' with build type 'ament_cmake'
[75.248s] INFO:colcon.colcon_cmake.task.cmake.build:Building CMake package in '/home/vboxuser/ros2_ws/src/examples/rclcpp/timers/minimal_timer'
[75.250s] INFO:colcon.colcon_core.shell:Skip shell extension 'powershell' for command environment: Not usable outside of PowerShell
[75.250s] DEBUG:colcon.colcon_core.shell:Skip shell extension 'dsv' for command environment
[75.382s] DEBUG:colcon.colcon_core.event_handler.log_command:Invoking command in '/home/vboxuser/ros2_ws/build/examples_rclcpp_minimal_timer': /usr/bin/cmake --build /home/vboxuser/ros2_ws/build/examples_rclcpp_minimal_timer -- -j4 -l4
[75.878s] DEBUG:colcon.colcon_core.event_handler.log_command:Invoked command in '/home/vboxuser/ros2_ws/build/examples_rclcpp_minimal_publisher' returned '0': /usr/bin/cmake --build /home/vboxuser/ros2_ws/build/examples_rclcpp_minimal_publisher -- -j4 -l4
[75.905s] DEBUG:colcon.colcon_core.event_handler.log_command:Invoking command in '/home/vboxuser/ros2_ws/build/examples_rclcpp_minimal_publisher': /usr/bin/cmake --install /home/vboxuser/ros2_ws/build/examples_rclcpp_minimal_publisher
[76.091s] Level 1:colcon.colcon_core.environment:create_environment_scripts_only(examples_rclcpp_minimal_publisher)
[76.092s] Level 1:colcon.colcon_core.environment:checking '/home/vboxuser/ros2_ws/install/examples_rclcpp_minimal_publisher' for CMake module files
[76.100s] DEBUG:colcon.colcon_core.event_handler.log_command:Invoked command in '/home/vboxuser/ros2_ws/build/examples_rclcpp_minimal_publisher' returned '0': /usr/bin/cmake --install /home/vboxuser/ros2_ws/build/examples_rclcpp_minimal_publisher
[76.101s] Level 1:colcon.colcon_core.environment:checking '/home/vboxuser/ros2_ws/install/examples_rclcpp_minimal_publisher' for CMake config files
[76.101s] Level 1:colcon.colcon_core.shell:create_environment_hook('examples_rclcpp_minimal_publisher', 'cmake_prefix_path')
[76.102s] INFO:colcon.colcon_core.shell:Creating environment hook '/home/vboxuser/ros2_ws/install/examples_rclcpp_minimal_publisher/share/examples_rclcpp_minimal_publisher/hook/cmake_prefix_path.ps1'
[76.107s] INFO:colcon.colcon_core.shell:Creating environment descriptor '/home/vboxuser/ros2_ws/install/examples_rclcpp_minimal_publisher/share/examples_rclcpp_minimal_publisher/hook/cmake_prefix_path.dsv'
[76.112s] INFO:colcon.colcon_core.shell:Creating environment hook '/home/vboxuser/ros2_ws/install/examples_rclcpp_minimal_publisher/share/examples_rclcpp_minimal_publisher/hook/cmake_prefix_path.sh'
[76.117s] Level 1:colcon.colcon_core.environment:checking '/home/vboxuser/ros2_ws/install/examples_rclcpp_minimal_publisher/lib'
[76.118s] Level 1:colcon.colcon_core.environment:checking '/home/vboxuser/ros2_ws/install/examples_rclcpp_minimal_publisher/bin'
[76.121s] Level 1:colcon.colcon_core.environment:checking '/home/vboxuser/ros2_ws/install/examples_rclcpp_minimal_publisher/lib/pkgconfig/examples_rclcpp_minimal_publisher.pc'
[76.122s] Level 1:colcon.colcon_core.environment:checking '/home/vboxuser/ros2_ws/install/examples_rclcpp_minimal_publisher/lib/python3.10/site-packages'
[76.123s] Level 1:colcon.colcon_core.environment:checking '/home/vboxuser/ros2_ws/install/examples_rclcpp_minimal_publisher/bin'
[76.124s] INFO:colcon.colcon_core.shell:Creating package script '/home/vboxuser/ros2_ws/install/examples_rclcpp_minimal_publisher/share/examples_rclcpp_minimal_publisher/package.ps1'
[76.126s] INFO:colcon.colcon_core.shell:Creating package descriptor '/home/vboxuser/ros2_ws/install/examples_rclcpp_minimal_publisher/share/examples_rclcpp_minimal_publisher/package.dsv'
[76.128s] INFO:colcon.colcon_core.shell:Creating package script '/home/vboxuser/ros2_ws/install/examples_rclcpp_minimal_publisher/share/examples_rclcpp_minimal_publisher/package.sh'
[76.130s] INFO:colcon.colcon_core.shell:Creating package script '/home/vboxuser/ros2_ws/install/examples_rclcpp_minimal_publisher/share/examples_rclcpp_minimal_publisher/package.bash'
[76.131s] INFO:colcon.colcon_core.shell:Creating package script '/home/vboxuser/ros2_ws/install/examples_rclcpp_minimal_publisher/share/examples_rclcpp_minimal_publisher/package.zsh'
[76.133s] Level 1:colcon.colcon_core.environment:create_file_with_runtime_dependencies(/home/vboxuser/ros2_ws/install/examples_rclcpp_minimal_publisher/share/colcon-core/packages/examples_rclcpp_minimal_publisher)
[76.136s] Level 1:colcon.colcon_core.environment:create_environment_scripts_only(examples_rclcpp_minimal_publisher)
[76.137s] Level 1:colcon.colcon_core.environment:checking '/home/vboxuser/ros2_ws/install/examples_rclcpp_minimal_publisher' for CMake module files
[76.141s] Level 1:colcon.colcon_core.environment:checking '/home/vboxuser/ros2_ws/install/examples_rclcpp_minimal_publisher' for CMake config files
[76.141s] Level 1:colcon.colcon_core.shell:create_environment_hook('examples_rclcpp_minimal_publisher', 'cmake_prefix_path')
[76.142s] INFO:colcon.colcon_core.shell:Creating environment hook '/home/vboxuser/ros2_ws/install/examples_rclcpp_minimal_publisher/share/examples_rclcpp_minimal_publisher/hook/cmake_prefix_path.ps1'
[76.146s] INFO:colcon.colcon_core.shell:Creating environment descriptor '/home/vboxuser/ros2_ws/install/examples_rclcpp_minimal_publisher/share/examples_rclcpp_minimal_publisher/hook/cmake_prefix_path.dsv'
[76.149s] INFO:colcon.colcon_core.shell:Creating environment hook '/home/vboxuser/ros2_ws/install/examples_rclcpp_minimal_publisher/share/examples_rclcpp_minimal_publisher/hook/cmake_prefix_path.sh'
[76.156s] Level 1:colcon.colcon_core.environment:checking '/home/vboxuser/ros2_ws/install/examples_rclcpp_minimal_publisher/lib'
[76.157s] Level 1:colcon.colcon_core.environment:checking '/home/vboxuser/ros2_ws/install/examples_rclcpp_minimal_publisher/bin'
[76.157s] Level 1:colcon.colcon_core.environment:checking '/home/vboxuser/ros2_ws/install/examples_rclcpp_minimal_publisher/lib/pkgconfig/examples_rclcpp_minimal_publisher.pc'
[76.157s] Level 1:colcon.colcon_core.environment:checking '/home/vboxuser/ros2_ws/install/examples_rclcpp_minimal_publisher/lib/python3.10/site-packages'
[76.158s] Level 1:colcon.colcon_core.environment:checking '/home/vboxuser/ros2_ws/install/examples_rclcpp_minimal_publisher/bin'
[76.159s] INFO:colcon.colcon_core.shell:Creating package script '/home/vboxuser/ros2_ws/install/examples_rclcpp_minimal_publisher/share/examples_rclcpp_minimal_publisher/package.ps1'
[76.161s] INFO:colcon.colcon_core.shell:Creating package descriptor '/home/vboxuser/ros2_ws/install/examples_rclcpp_minimal_publisher/share/examples_rclcpp_minimal_publisher/package.dsv'
[76.166s] INFO:colcon.colcon_core.shell:Creating package script '/home/vboxuser/ros2_ws/install/examples_rclcpp_minimal_publisher/share/examples_rclcpp_minimal_publisher/package.sh'
[76.168s] INFO:colcon.colcon_core.shell:Creating package script '/home/vboxuser/ros2_ws/install/examples_rclcpp_minimal_publisher/share/examples_rclcpp_minimal_publisher/package.bash'
[76.169s] INFO:colcon.colcon_core.shell:Creating package script '/home/vboxuser/ros2_ws/install/examples_rclcpp_minimal_publisher/share/examples_rclcpp_minimal_publisher/package.zsh'
[76.173s] Level 1:colcon.colcon_core.environment:create_file_with_runtime_dependencies(/home/vboxuser/ros2_ws/install/examples_rclcpp_minimal_publisher/share/colcon-core/packages/examples_rclcpp_minimal_publisher)
[76.179s] INFO:colcon.colcon_ros.task.ament_cmake.build:Building ROS package in '/home/vboxuser/ros2_ws/src/examples/rclcpp/executors/multithreaded_executor' with build type 'ament_cmake'
[76.180s] INFO:colcon.colcon_cmake.task.cmake.build:Building CMake package in '/home/vboxuser/ros2_ws/src/examples/rclcpp/executors/multithreaded_executor'
[76.180s] INFO:colcon.colcon_core.shell:Skip shell extension 'powershell' for command environment: Not usable outside of PowerShell
[76.180s] DEBUG:colcon.colcon_core.shell:Skip shell extension 'dsv' for command environment
[76.241s] Level 1:colcon.colcon_core.environment:create_environment_scripts_only(vesc_msgs)
[76.242s] Level 1:colcon.colcon_core.environment:checking '/home/vboxuser/ros2_ws/install/vesc_msgs' for CMake module files
[76.246s] DEBUG:colcon.colcon_core.event_handler.log_command:Invoked command in '/home/vboxuser/ros2_ws/build/vesc_msgs' returned '0': /usr/bin/cmake --install /home/vboxuser/ros2_ws/build/vesc_msgs
[76.247s] Level 1:colcon.colcon_core.environment:checking '/home/vboxuser/ros2_ws/install/vesc_msgs' for CMake config files
[76.247s] Level 1:colcon.colcon_core.shell:create_environment_hook('vesc_msgs', 'cmake_prefix_path')
[76.248s] INFO:colcon.colcon_core.shell:Creating environment hook '/home/vboxuser/ros2_ws/install/vesc_msgs/share/vesc_msgs/hook/cmake_prefix_path.ps1'
[76.250s] INFO:colcon.colcon_core.shell:Creating environment descriptor '/home/vboxuser/ros2_ws/install/vesc_msgs/share/vesc_msgs/hook/cmake_prefix_path.dsv'
[76.252s] INFO:colcon.colcon_core.shell:Creating environment hook '/home/vboxuser/ros2_ws/install/vesc_msgs/share/vesc_msgs/hook/cmake_prefix_path.sh'
[76.256s] Level 1:colcon.colcon_core.environment:checking '/home/vboxuser/ros2_ws/install/vesc_msgs/lib'
[76.256s] Level 1:colcon.colcon_core.shell:create_environment_hook('vesc_msgs', 'ld_library_path_lib')
[76.256s] INFO:colcon.colcon_core.shell:Creating environment hook '/home/vboxuser/ros2_ws/install/vesc_msgs/share/vesc_msgs/hook/ld_library_path_lib.ps1'
[76.259s] INFO:colcon.colcon_core.shell:Creating environment descriptor '/home/vboxuser/ros2_ws/install/vesc_msgs/share/vesc_msgs/hook/ld_library_path_lib.dsv'
[76.261s] INFO:colcon.colcon_core.shell:Creating environment hook '/home/vboxuser/ros2_ws/install/vesc_msgs/share/vesc_msgs/hook/ld_library_path_lib.sh'
[76.264s] Level 1:colcon.colcon_core.environment:checking '/home/vboxuser/ros2_ws/install/vesc_msgs/bin'
[76.264s] Level 1:colcon.colcon_core.environment:checking '/home/vboxuser/ros2_ws/install/vesc_msgs/lib/pkgconfig/vesc_msgs.pc'
[76.267s] Level 1:colcon.colcon_core.environment:checking '/home/vboxuser/ros2_ws/install/vesc_msgs/lib/python3.10/site-packages'
[76.267s] Level 1:colcon.colcon_core.shell:create_environment_hook('vesc_msgs', 'pythonpath')
[76.267s] INFO:colcon.colcon_core.shell:Creating environment hook '/home/vboxuser/ros2_ws/install/vesc_msgs/share/vesc_msgs/hook/pythonpath.ps1'
[76.277s] INFO:colcon.colcon_core.shell:Creating environment descriptor '/home/vboxuser/ros2_ws/install/vesc_msgs/share/vesc_msgs/hook/pythonpath.dsv'
[76.281s] INFO:colcon.colcon_core.shell:Creating environment hook '/home/vboxuser/ros2_ws/install/vesc_msgs/share/vesc_msgs/hook/pythonpath.sh'
[76.326s] Level 1:colcon.colcon_core.environment:checking '/home/vboxuser/ros2_ws/install/vesc_msgs/bin'
[76.327s] INFO:colcon.colcon_core.shell:Creating package script '/home/vboxuser/ros2_ws/install/vesc_msgs/share/vesc_msgs/package.ps1'
[76.362s] INFO:colcon.colcon_core.shell:Creating package descriptor '/home/vboxuser/ros2_ws/install/vesc_msgs/share/vesc_msgs/package.dsv'
[76.365s] INFO:colcon.colcon_core.shell:Creating package script '/home/vboxuser/ros2_ws/install/vesc_msgs/share/vesc_msgs/package.sh'
[76.372s] INFO:colcon.colcon_core.shell:Creating package script '/home/vboxuser/ros2_ws/install/vesc_msgs/share/vesc_msgs/package.bash'
[76.374s] INFO:colcon.colcon_core.shell:Creating package script '/home/vboxuser/ros2_ws/install/vesc_msgs/share/vesc_msgs/package.zsh'
[76.376s] Level 1:colcon.colcon_core.environment:create_file_with_runtime_dependencies(/home/vboxuser/ros2_ws/install/vesc_msgs/share/colcon-core/packages/vesc_msgs)
[76.378s] Level 1:colcon.colcon_core.environment:create_environment_scripts_only(vesc_msgs)
[76.378s] Level 1:colcon.colcon_core.environment:checking '/home/vboxuser/ros2_ws/install/vesc_msgs' for CMake module files
[76.379s] Level 1:colcon.colcon_core.environment:checking '/home/vboxuser/ros2_ws/install/vesc_msgs' for CMake config files
[76.379s] Level 1:colcon.colcon_core.shell:create_environment_hook('vesc_msgs', 'cmake_prefix_path')
[76.380s] INFO:colcon.colcon_core.shell:Creating environment hook '/home/vboxuser/ros2_ws/install/vesc_msgs/share/vesc_msgs/hook/cmake_prefix_path.ps1'
[76.385s] INFO:colcon.colcon_core.shell:Creating environment descriptor '/home/vboxuser/ros2_ws/install/vesc_msgs/share/vesc_msgs/hook/cmake_prefix_path.dsv'
[76.386s] INFO:colcon.colcon_core.shell:Creating environment hook '/home/vboxuser/ros2_ws/install/vesc_msgs/share/vesc_msgs/hook/cmake_prefix_path.sh'
[76.389s] Level 1:colcon.colcon_core.environment:checking '/home/vboxuser/ros2_ws/install/vesc_msgs/lib'
[76.393s] Level 1:colcon.colcon_core.shell:create_environment_hook('vesc_msgs', 'ld_library_path_lib')
[76.393s] INFO:colcon.colcon_core.shell:Creating environment hook '/home/vboxuser/ros2_ws/install/vesc_msgs/share/vesc_msgs/hook/ld_library_path_lib.ps1'
[76.395s] INFO:colcon.colcon_core.shell:Creating environment descriptor '/home/vboxuser/ros2_ws/install/vesc_msgs/share/vesc_msgs/hook/ld_library_path_lib.dsv'
[76.396s] INFO:colcon.colcon_core.shell:Creating environment hook '/home/vboxuser/ros2_ws/install/vesc_msgs/share/vesc_msgs/hook/ld_library_path_lib.sh'
[76.398s] Level 1:colcon.colcon_core.environment:checking '/home/vboxuser/ros2_ws/install/vesc_msgs/bin'
[76.398s] Level 1:colcon.colcon_core.environment:checking '/home/vboxuser/ros2_ws/install/vesc_msgs/lib/pkgconfig/vesc_msgs.pc'
[76.399s] Level 1:colcon.colcon_core.environment:checking '/home/vboxuser/ros2_ws/install/vesc_msgs/lib/python3.10/site-packages'
[76.400s] Level 1:colcon.colcon_core.shell:create_environment_hook('vesc_msgs', 'pythonpath')
[76.400s] INFO:colcon.colcon_core.shell:Creating environment hook '/home/vboxuser/ros2_ws/install/vesc_msgs/share/vesc_msgs/hook/pythonpath.ps1'
[76.402s] INFO:colcon.colcon_core.shell:Creating environment descriptor '/home/vboxuser/ros2_ws/install/vesc_msgs/share/vesc_msgs/hook/pythonpath.dsv'
[76.403s] INFO:colcon.colcon_core.shell:Creating environment hook '/home/vboxuser/ros2_ws/install/vesc_msgs/share/vesc_msgs/hook/pythonpath.sh'
[76.406s] Level 1:colcon.colcon_core.environment:checking '/home/vboxuser/ros2_ws/install/vesc_msgs/bin'
[76.407s] INFO:colcon.colcon_core.shell:Creating package script '/home/vboxuser/ros2_ws/install/vesc_msgs/share/vesc_msgs/package.ps1'
[76.408s] INFO:colcon.colcon_core.shell:Creating package descriptor '/home/vboxuser/ros2_ws/install/vesc_msgs/share/vesc_msgs/package.dsv'
[76.410s] INFO:colcon.colcon_core.shell:Creating package script '/home/vboxuser/ros2_ws/install/vesc_msgs/share/vesc_msgs/package.sh'
[76.411s] INFO:colcon.colcon_core.shell:Creating package script '/home/vboxuser/ros2_ws/install/vesc_msgs/share/vesc_msgs/package.bash'
[76.413s] INFO:colcon.colcon_core.shell:Creating package script '/home/vboxuser/ros2_ws/install/vesc_msgs/share/vesc_msgs/package.zsh'
[76.414s] Level 1:colcon.colcon_core.environment:create_file_with_runtime_dependencies(/home/vboxuser/ros2_ws/install/vesc_msgs/share/colcon-core/packages/vesc_msgs)
[76.418s] INFO:colcon.colcon_ros.task.ament_cmake.build:Building ROS package in '/home/vboxuser/ros2_ws/src/vesc/vesc_ackermann' with build type 'ament_cmake'
[76.419s] INFO:colcon.colcon_cmake.task.cmake.build:Building CMake package in '/home/vboxuser/ros2_ws/src/vesc/vesc_ackermann'
[76.420s] INFO:colcon.colcon_core.shell:Skip shell extension 'powershell' for command environment: Not usable outside of PowerShell
[76.420s] DEBUG:colcon.colcon_core.shell:Skip shell extension 'dsv' for command environment
[76.487s] DEBUG:colcon.colcon_core.event_handler.log_command:Invoking command in '/home/vboxuser/ros2_ws/build/examples_rclcpp_multithreaded_executor': /usr/bin/cmake --build /home/vboxuser/ros2_ws/build/examples_rclcpp_multithreaded_executor -- -j4 -l4
[76.501s] DEBUG:colcon.colcon_core.event_handler.log_command:Invoked command in '/home/vboxuser/ros2_ws/build/examples_rclcpp_minimal_timer' returned '0': /usr/bin/cmake --build /home/vboxuser/ros2_ws/build/examples_rclcpp_minimal_timer -- -j4 -l4
[76.564s] DEBUG:colcon.colcon_core.event_handler.log_command:Invoking command in '/home/vboxuser/ros2_ws/build/examples_rclcpp_minimal_timer': /usr/bin/cmake --install /home/vboxuser/ros2_ws/build/examples_rclcpp_minimal_timer
[76.615s] DEBUG:colcon.colcon_core.event_handler.log_command:Invoking command in '/home/vboxuser/ros2_ws/build/vesc_ackermann': AMENT_PREFIX_PATH=/home/vboxuser/ros2_ws/install/vesc_msgs CMAKE_PREFIX_PATH=/home/vboxuser/ros2_ws/install/vesc_msgs LD_LIBRARY_PATH=/home/vboxuser/ros2_ws/install/vesc_msgs/lib PYTHONPATH=/home/vboxuser/ros2_ws/install/vesc_msgs/lib/python3.10/site-packages /usr/bin/cmake --build /home/vboxuser/ros2_ws/build/vesc_ackermann -- -j4 -l4
[76.955s] Level 1:colcon.colcon_core.environment:create_environment_scripts_only(examples_rclcpp_minimal_timer)
[76.956s] DEBUG:colcon.colcon_core.event_handler.log_command:Invoked command in '/home/vboxuser/ros2_ws/build/examples_rclcpp_minimal_timer' returned '0': /usr/bin/cmake --install /home/vboxuser/ros2_ws/build/examples_rclcpp_minimal_timer
[76.957s] Level 1:colcon.colcon_core.environment:checking '/home/vboxuser/ros2_ws/install/examples_rclcpp_minimal_timer' for CMake module files
[76.960s] Level 1:colcon.colcon_core.environment:checking '/home/vboxuser/ros2_ws/install/examples_rclcpp_minimal_timer' for CMake config files
[76.966s] Level 1:colcon.colcon_core.shell:create_environment_hook('examples_rclcpp_minimal_timer', 'cmake_prefix_path')
[76.967s] INFO:colcon.colcon_core.shell:Creating environment hook '/home/vboxuser/ros2_ws/install/examples_rclcpp_minimal_timer/share/examples_rclcpp_minimal_timer/hook/cmake_prefix_path.ps1'
[76.968s] INFO:colcon.colcon_core.shell:Creating environment descriptor '/home/vboxuser/ros2_ws/install/examples_rclcpp_minimal_timer/share/examples_rclcpp_minimal_timer/hook/cmake_prefix_path.dsv'
[76.978s] INFO:colcon.colcon_core.shell:Creating environment hook '/home/vboxuser/ros2_ws/install/examples_rclcpp_minimal_timer/share/examples_rclcpp_minimal_timer/hook/cmake_prefix_path.sh'
[76.982s] Level 1:colcon.colcon_core.environment:checking '/home/vboxuser/ros2_ws/install/examples_rclcpp_minimal_timer/lib'
[76.983s] Level 1:colcon.colcon_core.environment:checking '/home/vboxuser/ros2_ws/install/examples_rclcpp_minimal_timer/bin'
[76.984s] Level 1:colcon.colcon_core.environment:checking '/home/vboxuser/ros2_ws/install/examples_rclcpp_minimal_timer/lib/pkgconfig/examples_rclcpp_minimal_timer.pc'
[76.985s] Level 1:colcon.colcon_core.environment:checking '/home/vboxuser/ros2_ws/install/examples_rclcpp_minimal_timer/lib/python3.10/site-packages'
[76.986s] Level 1:colcon.colcon_core.environment:checking '/home/vboxuser/ros2_ws/install/examples_rclcpp_minimal_timer/bin'
[76.987s] INFO:colcon.colcon_core.shell:Creating package script '/home/vboxuser/ros2_ws/install/examples_rclcpp_minimal_timer/share/examples_rclcpp_minimal_timer/package.ps1'
[76.992s] INFO:colcon.colcon_core.shell:Creating package descriptor '/home/vboxuser/ros2_ws/install/examples_rclcpp_minimal_timer/share/examples_rclcpp_minimal_timer/package.dsv'
[76.995s] INFO:colcon.colcon_core.shell:Creating package script '/home/vboxuser/ros2_ws/install/examples_rclcpp_minimal_timer/share/examples_rclcpp_minimal_timer/package.sh'
[76.999s] INFO:colcon.colcon_core.shell:Creating package script '/home/vboxuser/ros2_ws/install/examples_rclcpp_minimal_timer/share/examples_rclcpp_minimal_timer/package.bash'
[77.000s] INFO:colcon.colcon_core.shell:Creating package script '/home/vboxuser/ros2_ws/install/examples_rclcpp_minimal_timer/share/examples_rclcpp_minimal_timer/package.zsh'
[77.008s] Level 1:colcon.colcon_core.environment:create_file_with_runtime_dependencies(/home/vboxuser/ros2_ws/install/examples_rclcpp_minimal_timer/share/colcon-core/packages/examples_rclcpp_minimal_timer)
[77.025s] Level 1:colcon.colcon_core.environment:create_environment_scripts_only(examples_rclcpp_minimal_timer)
[77.026s] Level 1:colcon.colcon_core.environment:checking '/home/vboxuser/ros2_ws/install/examples_rclcpp_minimal_timer' for CMake module files
[77.026s] Level 1:colcon.colcon_core.environment:checking '/home/vboxuser/ros2_ws/install/examples_rclcpp_minimal_timer' for CMake config files
[77.027s] Level 1:colcon.colcon_core.shell:create_environment_hook('examples_rclcpp_minimal_timer', 'cmake_prefix_path')
[77.027s] INFO:colcon.colcon_core.shell:Creating environment hook '/home/vboxuser/ros2_ws/install/examples_rclcpp_minimal_timer/share/examples_rclcpp_minimal_timer/hook/cmake_prefix_path.ps1'
[77.028s] INFO:colcon.colcon_core.shell:Creating environment descriptor '/home/vboxuser/ros2_ws/install/examples_rclcpp_minimal_timer/share/examples_rclcpp_minimal_timer/hook/cmake_prefix_path.dsv'
[77.030s] INFO:colcon.colcon_core.shell:Creating environment hook '/home/vboxuser/ros2_ws/install/examples_rclcpp_minimal_timer/share/examples_rclcpp_minimal_timer/hook/cmake_prefix_path.sh'
[77.035s] Level 1:colcon.colcon_core.environment:checking '/home/vboxuser/ros2_ws/install/examples_rclcpp_minimal_timer/lib'
[77.035s] Level 1:colcon.colcon_core.environment:checking '/home/vboxuser/ros2_ws/install/examples_rclcpp_minimal_timer/bin'
[77.040s] Level 1:colcon.colcon_core.environment:checking '/home/vboxuser/ros2_ws/install/examples_rclcpp_minimal_timer/lib/pkgconfig/examples_rclcpp_minimal_timer.pc'
[77.040s] Level 1:colcon.colcon_core.environment:checking '/home/vboxuser/ros2_ws/install/examples_rclcpp_minimal_timer/lib/python3.10/site-packages'
[77.040s] Level 1:colcon.colcon_core.environment:checking '/home/vboxuser/ros2_ws/install/examples_rclcpp_minimal_timer/bin'
[77.041s] INFO:colcon.colcon_core.shell:Creating package script '/home/vboxuser/ros2_ws/install/examples_rclcpp_minimal_timer/share/examples_rclcpp_minimal_timer/package.ps1'
[77.050s] INFO:colcon.colcon_core.shell:Creating package descriptor '/home/vboxuser/ros2_ws/install/examples_rclcpp_minimal_timer/share/examples_rclcpp_minimal_timer/package.dsv'
[77.053s] INFO:colcon.colcon_core.shell:Creating package script '/home/vboxuser/ros2_ws/install/examples_rclcpp_minimal_timer/share/examples_rclcpp_minimal_timer/package.sh'
[77.055s] INFO:colcon.colcon_core.shell:Creating package script '/home/vboxuser/ros2_ws/install/examples_rclcpp_minimal_timer/share/examples_rclcpp_minimal_timer/package.bash'
[77.059s] INFO:colcon.colcon_core.shell:Creating package script '/home/vboxuser/ros2_ws/install/examples_rclcpp_minimal_timer/share/examples_rclcpp_minimal_timer/package.zsh'
[77.070s] Level 1:colcon.colcon_core.environment:create_file_with_runtime_dependencies(/home/vboxuser/ros2_ws/install/examples_rclcpp_minimal_timer/share/colcon-core/packages/examples_rclcpp_minimal_timer)
[77.072s] INFO:colcon.colcon_ros.task.ament_cmake.build:Building ROS package in '/home/vboxuser/ros2_ws/src/vesc/vesc_driver' with build type 'ament_cmake'
[77.074s] INFO:colcon.colcon_cmake.task.cmake.build:Building CMake package in '/home/vboxuser/ros2_ws/src/vesc/vesc_driver'
[77.075s] INFO:colcon.colcon_core.shell:Skip shell extension 'powershell' for command environment: Not usable outside of PowerShell
[77.076s] DEBUG:colcon.colcon_core.shell:Skip shell extension 'dsv' for command environment
[77.156s] DEBUG:colcon.colcon_core.event_handler.log_command:Invoked command in '/home/vboxuser/ros2_ws/build/examples_rclcpp_multithreaded_executor' returned '0': /usr/bin/cmake --build /home/vboxuser/ros2_ws/build/examples_rclcpp_multithreaded_executor -- -j4 -l4
[77.186s] DEBUG:colcon.colcon_core.event_handler.log_command:Invoking command in '/home/vboxuser/ros2_ws/build/examples_rclcpp_multithreaded_executor': /usr/bin/cmake --install /home/vboxuser/ros2_ws/build/examples_rclcpp_multithreaded_executor
[77.290s] DEBUG:colcon.colcon_core.event_handler.log_command:Invoking command in '/home/vboxuser/ros2_ws/build/vesc_driver': AMENT_PREFIX_PATH=/home/vboxuser/ros2_ws/install/serial_driver:/home/vboxuser/ros2_ws/install/io_context:/home/vboxuser/ros2_ws/install/vesc_msgs:/home/vboxuser/ros2_ws/install/asio_cmake_module CMAKE_PREFIX_PATH=/home/vboxuser/ros2_ws/install/serial_driver:/home/vboxuser/ros2_ws/install/io_context:/home/vboxuser/ros2_ws/install/vesc_msgs:/home/vboxuser/ros2_ws/install/asio_cmake_module LD_LIBRARY_PATH=/home/vboxuser/ros2_ws/install/serial_driver/lib:/home/vboxuser/ros2_ws/install/io_context/lib:/home/vboxuser/ros2_ws/install/vesc_msgs/lib PYTHONPATH=/home/vboxuser/ros2_ws/install/vesc_msgs/lib/python3.10/site-packages /usr/bin/cmake --build /home/vboxuser/ros2_ws/build/vesc_driver -- -j4 -l4
[77.906s] Level 1:colcon.colcon_core.environment:create_environment_scripts_only(examples_rclcpp_multithreaded_executor)
[77.907s] Level 1:colcon.colcon_core.environment:checking '/home/vboxuser/ros2_ws/install/examples_rclcpp_multithreaded_executor' for CMake module files
[77.915s] Level 1:colcon.colcon_core.environment:checking '/home/vboxuser/ros2_ws/install/examples_rclcpp_multithreaded_executor' for CMake config files
[77.915s] Level 1:colcon.colcon_core.shell:create_environment_hook('examples_rclcpp_multithreaded_executor', 'cmake_prefix_path')
[77.915s] INFO:colcon.colcon_core.shell:Creating environment hook '/home/vboxuser/ros2_ws/install/examples_rclcpp_multithreaded_executor/share/examples_rclcpp_multithreaded_executor/hook/cmake_prefix_path.ps1'
[77.916s] INFO:colcon.colcon_core.shell:Creating environment descriptor '/home/vboxuser/ros2_ws/install/examples_rclcpp_multithreaded_executor/share/examples_rclcpp_multithreaded_executor/hook/cmake_prefix_path.dsv'
[77.908s] DEBUG:colcon.colcon_core.event_handler.log_command:Invoked command in '/home/vboxuser/ros2_ws/build/examples_rclcpp_multithreaded_executor' returned '0': /usr/bin/cmake --install /home/vboxuser/ros2_ws/build/examples_rclcpp_multithreaded_executor
[77.927s] INFO:colcon.colcon_core.shell:Creating environment hook '/home/vboxuser/ros2_ws/install/examples_rclcpp_multithreaded_executor/share/examples_rclcpp_multithreaded_executor/hook/cmake_prefix_path.sh'
[77.929s] Level 1:colcon.colcon_core.environment:checking '/home/vboxuser/ros2_ws/install/examples_rclcpp_multithreaded_executor/lib'
[77.930s] Level 1:colcon.colcon_core.environment:checking '/home/vboxuser/ros2_ws/install/examples_rclcpp_multithreaded_executor/bin'
[77.931s] Level 1:colcon.colcon_core.environment:checking '/home/vboxuser/ros2_ws/install/examples_rclcpp_multithreaded_executor/lib/pkgconfig/examples_rclcpp_multithreaded_executor.pc'
[77.931s] Level 1:colcon.colcon_core.environment:checking '/home/vboxuser/ros2_ws/install/examples_rclcpp_multithreaded_executor/lib/python3.10/site-packages'
[77.931s] Level 1:colcon.colcon_core.environment:checking '/home/vboxuser/ros2_ws/install/examples_rclcpp_multithreaded_executor/bin'
[77.932s] INFO:colcon.colcon_core.shell:Creating package script '/home/vboxuser/ros2_ws/install/examples_rclcpp_multithreaded_executor/share/examples_rclcpp_multithreaded_executor/package.ps1'
[77.933s] INFO:colcon.colcon_core.shell:Creating package descriptor '/home/vboxuser/ros2_ws/install/examples_rclcpp_multithreaded_executor/share/examples_rclcpp_multithreaded_executor/package.dsv'
[77.935s] INFO:colcon.colcon_core.shell:Creating package script '/home/vboxuser/ros2_ws/install/examples_rclcpp_multithreaded_executor/share/examples_rclcpp_multithreaded_executor/package.sh'
[77.936s] INFO:colcon.colcon_core.shell:Creating package script '/home/vboxuser/ros2_ws/install/examples_rclcpp_multithreaded_executor/share/examples_rclcpp_multithreaded_executor/package.bash'
[77.938s] INFO:colcon.colcon_core.shell:Creating package script '/home/vboxuser/ros2_ws/install/examples_rclcpp_multithreaded_executor/share/examples_rclcpp_multithreaded_executor/package.zsh'
[77.939s] Level 1:colcon.colcon_core.environment:create_file_with_runtime_dependencies(/home/vboxuser/ros2_ws/install/examples_rclcpp_multithreaded_executor/share/colcon-core/packages/examples_rclcpp_multithreaded_executor)
[77.941s] Level 1:colcon.colcon_core.environment:create_environment_scripts_only(examples_rclcpp_multithreaded_executor)
[77.942s] Level 1:colcon.colcon_core.environment:checking '/home/vboxuser/ros2_ws/install/examples_rclcpp_multithreaded_executor' for CMake module files
[77.943s] Level 1:colcon.colcon_core.environment:checking '/home/vboxuser/ros2_ws/install/examples_rclcpp_multithreaded_executor' for CMake config files
[77.943s] Level 1:colcon.colcon_core.shell:create_environment_hook('examples_rclcpp_multithreaded_executor', 'cmake_prefix_path')
[77.943s] INFO:colcon.colcon_core.shell:Creating environment hook '/home/vboxuser/ros2_ws/install/examples_rclcpp_multithreaded_executor/share/examples_rclcpp_multithreaded_executor/hook/cmake_prefix_path.ps1'
[77.945s] INFO:colcon.colcon_core.shell:Creating environment descriptor '/home/vboxuser/ros2_ws/install/examples_rclcpp_multithreaded_executor/share/examples_rclcpp_multithreaded_executor/hook/cmake_prefix_path.dsv'
[77.946s] INFO:colcon.colcon_core.shell:Creating environment hook '/home/vboxuser/ros2_ws/install/examples_rclcpp_multithreaded_executor/share/examples_rclcpp_multithreaded_executor/hook/cmake_prefix_path.sh'
[77.957s] Level 1:colcon.colcon_core.environment:checking '/home/vboxuser/ros2_ws/install/examples_rclcpp_multithreaded_executor/lib'
[77.958s] Level 1:colcon.colcon_core.environment:checking '/home/vboxuser/ros2_ws/install/examples_rclcpp_multithreaded_executor/bin'
[77.958s] Level 1:colcon.colcon_core.environment:checking '/home/vboxuser/ros2_ws/install/examples_rclcpp_multithreaded_executor/lib/pkgconfig/examples_rclcpp_multithreaded_executor.pc'
[77.962s] Level 1:colcon.colcon_core.environment:checking '/home/vboxuser/ros2_ws/install/examples_rclcpp_multithreaded_executor/lib/python3.10/site-packages'
[77.965s] Level 1:colcon.colcon_core.environment:checking '/home/vboxuser/ros2_ws/install/examples_rclcpp_multithreaded_executor/bin'
[77.968s] INFO:colcon.colcon_core.shell:Creating package script '/home/vboxuser/ros2_ws/install/examples_rclcpp_multithreaded_executor/share/examples_rclcpp_multithreaded_executor/package.ps1'
[77.969s] INFO:colcon.colcon_core.shell:Creating package descriptor '/home/vboxuser/ros2_ws/install/examples_rclcpp_multithreaded_executor/share/examples_rclcpp_multithreaded_executor/package.dsv'
[77.974s] INFO:colcon.colcon_core.shell:Creating package script '/home/vboxuser/ros2_ws/install/examples_rclcpp_multithreaded_executor/share/examples_rclcpp_multithreaded_executor/package.sh'
[77.979s] INFO:colcon.colcon_core.shell:Creating package script '/home/vboxuser/ros2_ws/install/examples_rclcpp_multithreaded_executor/share/examples_rclcpp_multithreaded_executor/package.bash'
[77.981s] INFO:colcon.colcon_core.shell:Creating package script '/home/vboxuser/ros2_ws/install/examples_rclcpp_multithreaded_executor/share/examples_rclcpp_multithreaded_executor/package.zsh'
[77.986s] Level 1:colcon.colcon_core.environment:create_file_with_runtime_dependencies(/home/vboxuser/ros2_ws/install/examples_rclcpp_multithreaded_executor/share/colcon-core/packages/examples_rclcpp_multithreaded_executor)
[77.993s] INFO:colcon.colcon_ros.task.ament_cmake.build:Building ROS package in '/home/vboxuser/ros2_ws/src/examples/rclcpp/wait_set' with build type 'ament_cmake'
[77.993s] INFO:colcon.colcon_cmake.task.cmake.build:Building CMake package in '/home/vboxuser/ros2_ws/src/examples/rclcpp/wait_set'
[77.994s] INFO:colcon.colcon_core.shell:Skip shell extension 'powershell' for command environment: Not usable outside of PowerShell
[77.994s] DEBUG:colcon.colcon_core.shell:Skip shell extension 'dsv' for command environment
[78.115s] DEBUG:colcon.colcon_core.event_handler.log_command:Invoking command in '/home/vboxuser/ros2_ws/build/examples_rclcpp_wait_set': /usr/bin/cmake --build /home/vboxuser/ros2_ws/build/examples_rclcpp_wait_set -- -j4 -l4
[78.844s] DEBUG:colcon.colcon_core.event_handler.log_command:Invoked command in '/home/vboxuser/ros2_ws/build/vesc_driver' returned '0': AMENT_PREFIX_PATH=/home/vboxuser/ros2_ws/install/serial_driver:/home/vboxuser/ros2_ws/install/io_context:/home/vboxuser/ros2_ws/install/vesc_msgs:/home/vboxuser/ros2_ws/install/asio_cmake_module CMAKE_PREFIX_PATH=/home/vboxuser/ros2_ws/install/serial_driver:/home/vboxuser/ros2_ws/install/io_context:/home/vboxuser/ros2_ws/install/vesc_msgs:/home/vboxuser/ros2_ws/install/asio_cmake_module LD_LIBRARY_PATH=/home/vboxuser/ros2_ws/install/serial_driver/lib:/home/vboxuser/ros2_ws/install/io_context/lib:/home/vboxuser/ros2_ws/install/vesc_msgs/lib PYTHONPATH=/home/vboxuser/ros2_ws/install/vesc_msgs/lib/python3.10/site-packages /usr/bin/cmake --build /home/vboxuser/ros2_ws/build/vesc_driver -- -j4 -l4
[78.882s] DEBUG:colcon.colcon_core.event_handler.log_command:Invoking command in '/home/vboxuser/ros2_ws/build/vesc_driver': AMENT_PREFIX_PATH=/home/vboxuser/ros2_ws/install/serial_driver:/home/vboxuser/ros2_ws/install/io_context:/home/vboxuser/ros2_ws/install/vesc_msgs:/home/vboxuser/ros2_ws/install/asio_cmake_module CMAKE_PREFIX_PATH=/home/vboxuser/ros2_ws/install/serial_driver:/home/vboxuser/ros2_ws/install/io_context:/home/vboxuser/ros2_ws/install/vesc_msgs:/home/vboxuser/ros2_ws/install/asio_cmake_module LD_LIBRARY_PATH=/home/vboxuser/ros2_ws/install/serial_driver/lib:/home/vboxuser/ros2_ws/install/io_context/lib:/home/vboxuser/ros2_ws/install/vesc_msgs/lib PYTHONPATH=/home/vboxuser/ros2_ws/install/vesc_msgs/lib/python3.10/site-packages /usr/bin/cmake --install /home/vboxuser/ros2_ws/build/vesc_driver
[78.890s] DEBUG:colcon.colcon_core.event_handler.log_command:Invoked command in '/home/vboxuser/ros2_ws/build/examples_rclcpp_minimal_subscriber' returned '0': /usr/bin/cmake --build /home/vboxuser/ros2_ws/build/examples_rclcpp_minimal_subscriber -- -j4 -l4
[78.924s] DEBUG:colcon.colcon_core.event_handler.log_command:Invoking command in '/home/vboxuser/ros2_ws/build/examples_rclcpp_minimal_subscriber': /usr/bin/cmake --install /home/vboxuser/ros2_ws/build/examples_rclcpp_minimal_subscriber
[79.016s] DEBUG:colcon.colcon_core.event_handler.log_command:Invoked command in '/home/vboxuser/ros2_ws/build/vesc_ackermann' returned '0': AMENT_PREFIX_PATH=/home/vboxuser/ros2_ws/install/vesc_msgs CMAKE_PREFIX_PATH=/home/vboxuser/ros2_ws/install/vesc_msgs LD_LIBRARY_PATH=/home/vboxuser/ros2_ws/install/vesc_msgs/lib PYTHONPATH=/home/vboxuser/ros2_ws/install/vesc_msgs/lib/python3.10/site-packages /usr/bin/cmake --build /home/vboxuser/ros2_ws/build/vesc_ackermann -- -j4 -l4
[79.075s] DEBUG:colcon.colcon_core.event_handler.log_command:Invoking command in '/home/vboxuser/ros2_ws/build/vesc_ackermann': AMENT_PREFIX_PATH=/home/vboxuser/ros2_ws/install/vesc_msgs CMAKE_PREFIX_PATH=/home/vboxuser/ros2_ws/install/vesc_msgs LD_LIBRARY_PATH=/home/vboxuser/ros2_ws/install/vesc_msgs/lib PYTHONPATH=/home/vboxuser/ros2_ws/install/vesc_msgs/lib/python3.10/site-packages /usr/bin/cmake --install /home/vboxuser/ros2_ws/build/vesc_ackermann
[79.080s] Level 1:colcon.colcon_core.environment:create_environment_scripts_only(vesc_driver)
[79.081s] Level 1:colcon.colcon_core.environment:checking '/home/vboxuser/ros2_ws/install/vesc_driver' for CMake module files
[79.082s] Level 1:colcon.colcon_core.environment:checking '/home/vboxuser/ros2_ws/install/vesc_driver' for CMake config files
[79.083s] Level 1:colcon.colcon_core.shell:create_environment_hook('vesc_driver', 'cmake_prefix_path')
[79.087s] INFO:colcon.colcon_core.shell:Creating environment hook '/home/vboxuser/ros2_ws/install/vesc_driver/share/vesc_driver/hook/cmake_prefix_path.ps1'
[79.097s] INFO:colcon.colcon_core.shell:Creating environment descriptor '/home/vboxuser/ros2_ws/install/vesc_driver/share/vesc_driver/hook/cmake_prefix_path.dsv'
[79.098s] INFO:colcon.colcon_core.shell:Creating environment hook '/home/vboxuser/ros2_ws/install/vesc_driver/share/vesc_driver/hook/cmake_prefix_path.sh'
[79.100s] Level 1:colcon.colcon_core.environment:checking '/home/vboxuser/ros2_ws/install/vesc_driver/lib'
[79.100s] Level 1:colcon.colcon_core.shell:create_environment_hook('vesc_driver', 'ld_library_path_lib')
[79.100s] INFO:colcon.colcon_core.shell:Creating environment hook '/home/vboxuser/ros2_ws/install/vesc_driver/share/vesc_driver/hook/ld_library_path_lib.ps1'
[79.101s] INFO:colcon.colcon_core.shell:Creating environment descriptor '/home/vboxuser/ros2_ws/install/vesc_driver/share/vesc_driver/hook/ld_library_path_lib.dsv'
[79.102s] INFO:colcon.colcon_core.shell:Creating environment hook '/home/vboxuser/ros2_ws/install/vesc_driver/share/vesc_driver/hook/ld_library_path_lib.sh'
[79.103s] Level 1:colcon.colcon_core.environment:checking '/home/vboxuser/ros2_ws/install/vesc_driver/bin'
[79.103s] Level 1:colcon.colcon_core.environment:checking '/home/vboxuser/ros2_ws/install/vesc_driver/lib/pkgconfig/vesc_driver.pc'
[79.104s] Level 1:colcon.colcon_core.environment:checking '/home/vboxuser/ros2_ws/install/vesc_driver/lib/python3.10/site-packages'
[79.104s] Level 1:colcon.colcon_core.environment:checking '/home/vboxuser/ros2_ws/install/vesc_driver/bin'
[79.105s] INFO:colcon.colcon_core.shell:Creating package script '/home/vboxuser/ros2_ws/install/vesc_driver/share/vesc_driver/package.ps1'
[79.097s] DEBUG:colcon.colcon_core.event_handler.log_command:Invoked command in '/home/vboxuser/ros2_ws/build/vesc_driver' returned '0': AMENT_PREFIX_PATH=/home/vboxuser/ros2_ws/install/serial_driver:/home/vboxuser/ros2_ws/install/io_context:/home/vboxuser/ros2_ws/install/vesc_msgs:/home/vboxuser/ros2_ws/install/asio_cmake_module CMAKE_PREFIX_PATH=/home/vboxuser/ros2_ws/install/serial_driver:/home/vboxuser/ros2_ws/install/io_context:/home/vboxuser/ros2_ws/install/vesc_msgs:/home/vboxuser/ros2_ws/install/asio_cmake_module LD_LIBRARY_PATH=/home/vboxuser/ros2_ws/install/serial_driver/lib:/home/vboxuser/ros2_ws/install/io_context/lib:/home/vboxuser/ros2_ws/install/vesc_msgs/lib PYTHONPATH=/home/vboxuser/ros2_ws/install/vesc_msgs/lib/python3.10/site-packages /usr/bin/cmake --install /home/vboxuser/ros2_ws/build/vesc_driver
[79.127s] INFO:colcon.colcon_core.shell:Creating package descriptor '/home/vboxuser/ros2_ws/install/vesc_driver/share/vesc_driver/package.dsv'
[79.130s] INFO:colcon.colcon_core.shell:Creating package script '/home/vboxuser/ros2_ws/install/vesc_driver/share/vesc_driver/package.sh'
[79.131s] INFO:colcon.colcon_core.shell:Creating package script '/home/vboxuser/ros2_ws/install/vesc_driver/share/vesc_driver/package.bash'
[79.132s] INFO:colcon.colcon_core.shell:Creating package script '/home/vboxuser/ros2_ws/install/vesc_driver/share/vesc_driver/package.zsh'
[79.133s] Level 1:colcon.colcon_core.environment:create_file_with_runtime_dependencies(/home/vboxuser/ros2_ws/install/vesc_driver/share/colcon-core/packages/vesc_driver)
[79.134s] Level 1:colcon.colcon_core.environment:create_environment_scripts_only(vesc_driver)
[79.135s] Level 1:colcon.colcon_core.environment:checking '/home/vboxuser/ros2_ws/install/vesc_driver' for CMake module files
[79.135s] Level 1:colcon.colcon_core.environment:checking '/home/vboxuser/ros2_ws/install/vesc_driver' for CMake config files
[79.135s] Level 1:colcon.colcon_core.shell:create_environment_hook('vesc_driver', 'cmake_prefix_path')
[79.136s] INFO:colcon.colcon_core.shell:Creating environment hook '/home/vboxuser/ros2_ws/install/vesc_driver/share/vesc_driver/hook/cmake_prefix_path.ps1'
[79.137s] INFO:colcon.colcon_core.shell:Creating environment descriptor '/home/vboxuser/ros2_ws/install/vesc_driver/share/vesc_driver/hook/cmake_prefix_path.dsv'
[79.137s] INFO:colcon.colcon_core.shell:Creating environment hook '/home/vboxuser/ros2_ws/install/vesc_driver/share/vesc_driver/hook/cmake_prefix_path.sh'
[79.141s] Level 1:colcon.colcon_core.environment:checking '/home/vboxuser/ros2_ws/install/vesc_driver/lib'
[79.141s] Level 1:colcon.colcon_core.shell:create_environment_hook('vesc_driver', 'ld_library_path_lib')
[79.142s] INFO:colcon.colcon_core.shell:Creating environment hook '/home/vboxuser/ros2_ws/install/vesc_driver/share/vesc_driver/hook/ld_library_path_lib.ps1'
[79.143s] INFO:colcon.colcon_core.shell:Creating environment descriptor '/home/vboxuser/ros2_ws/install/vesc_driver/share/vesc_driver/hook/ld_library_path_lib.dsv'
[79.143s] INFO:colcon.colcon_core.shell:Creating environment hook '/home/vboxuser/ros2_ws/install/vesc_driver/share/vesc_driver/hook/ld_library_path_lib.sh'
[79.145s] Level 1:colcon.colcon_core.environment:checking '/home/vboxuser/ros2_ws/install/vesc_driver/bin'
[79.145s] Level 1:colcon.colcon_core.environment:checking '/home/vboxuser/ros2_ws/install/vesc_driver/lib/pkgconfig/vesc_driver.pc'
[79.145s] Level 1:colcon.colcon_core.environment:checking '/home/vboxuser/ros2_ws/install/vesc_driver/lib/python3.10/site-packages'
[79.146s] Level 1:colcon.colcon_core.environment:checking '/home/vboxuser/ros2_ws/install/vesc_driver/bin'
[79.146s] INFO:colcon.colcon_core.shell:Creating package script '/home/vboxuser/ros2_ws/install/vesc_driver/share/vesc_driver/package.ps1'
[79.147s] INFO:colcon.colcon_core.shell:Creating package descriptor '/home/vboxuser/ros2_ws/install/vesc_driver/share/vesc_driver/package.dsv'
[79.149s] INFO:colcon.colcon_core.shell:Creating package script '/home/vboxuser/ros2_ws/install/vesc_driver/share/vesc_driver/package.sh'
[79.161s] INFO:colcon.colcon_core.shell:Creating package script '/home/vboxuser/ros2_ws/install/vesc_driver/share/vesc_driver/package.bash'
[79.163s] INFO:colcon.colcon_core.shell:Creating package script '/home/vboxuser/ros2_ws/install/vesc_driver/share/vesc_driver/package.zsh'
[79.166s] Level 1:colcon.colcon_core.environment:create_file_with_runtime_dependencies(/home/vboxuser/ros2_ws/install/vesc_driver/share/colcon-core/packages/vesc_driver)
[79.173s] INFO:colcon.colcon_ros.task.ament_python.build:Building ROS package in '/home/vboxuser/ros2_ws/src/examples/rclpy/executors' with build type 'ament_python'
[79.176s] Level 1:colcon.colcon_core.shell:create_environment_hook('examples_rclpy_executors', 'ament_prefix_path')
[79.180s] INFO:colcon.colcon_core.shell:Creating environment hook '/home/vboxuser/ros2_ws/install/examples_rclpy_executors/share/examples_rclpy_executors/hook/ament_prefix_path.ps1'
[79.181s] INFO:colcon.colcon_core.shell:Creating environment descriptor '/home/vboxuser/ros2_ws/install/examples_rclpy_executors/share/examples_rclpy_executors/hook/ament_prefix_path.dsv'
[79.183s] INFO:colcon.colcon_core.shell:Creating environment hook '/home/vboxuser/ros2_ws/install/examples_rclpy_executors/share/examples_rclpy_executors/hook/ament_prefix_path.sh'
[79.186s] INFO:colcon.colcon_core.shell:Skip shell extension 'powershell' for command environment: Not usable outside of PowerShell
[79.187s] DEBUG:colcon.colcon_core.shell:Skip shell extension 'dsv' for command environment
[79.265s] Level 1:colcon.colcon_core.environment:create_environment_scripts_only(vesc_ackermann)
[79.266s] Level 1:colcon.colcon_core.environment:checking '/home/vboxuser/ros2_ws/install/vesc_ackermann' for CMake module files
[79.268s] Level 1:colcon.colcon_core.environment:checking '/home/vboxuser/ros2_ws/install/vesc_ackermann' for CMake config files
[79.270s] DEBUG:colcon.colcon_core.event_handler.log_command:Invoked command in '/home/vboxuser/ros2_ws/build/vesc_ackermann' returned '0': AMENT_PREFIX_PATH=/home/vboxuser/ros2_ws/install/vesc_msgs CMAKE_PREFIX_PATH=/home/vboxuser/ros2_ws/install/vesc_msgs LD_LIBRARY_PATH=/home/vboxuser/ros2_ws/install/vesc_msgs/lib PYTHONPATH=/home/vboxuser/ros2_ws/install/vesc_msgs/lib/python3.10/site-packages /usr/bin/cmake --install /home/vboxuser/ros2_ws/build/vesc_ackermann
[79.271s] Level 1:colcon.colcon_core.shell:create_environment_hook('vesc_ackermann', 'cmake_prefix_path')
[79.272s] INFO:colcon.colcon_core.shell:Creating environment hook '/home/vboxuser/ros2_ws/install/vesc_ackermann/share/vesc_ackermann/hook/cmake_prefix_path.ps1'
[79.274s] INFO:colcon.colcon_core.shell:Creating environment descriptor '/home/vboxuser/ros2_ws/install/vesc_ackermann/share/vesc_ackermann/hook/cmake_prefix_path.dsv'
[79.277s] INFO:colcon.colcon_core.shell:Creating environment hook '/home/vboxuser/ros2_ws/install/vesc_ackermann/share/vesc_ackermann/hook/cmake_prefix_path.sh'
[79.283s] Level 1:colcon.colcon_core.environment:checking '/home/vboxuser/ros2_ws/install/vesc_ackermann/lib'
[79.283s] Level 1:colcon.colcon_core.shell:create_environment_hook('vesc_ackermann', 'ld_library_path_lib')
[79.283s] INFO:colcon.colcon_core.shell:Creating environment hook '/home/vboxuser/ros2_ws/install/vesc_ackermann/share/vesc_ackermann/hook/ld_library_path_lib.ps1'
[79.285s] INFO:colcon.colcon_core.shell:Creating environment descriptor '/home/vboxuser/ros2_ws/install/vesc_ackermann/share/vesc_ackermann/hook/ld_library_path_lib.dsv'
[79.287s] INFO:colcon.colcon_core.shell:Creating environment hook '/home/vboxuser/ros2_ws/install/vesc_ackermann/share/vesc_ackermann/hook/ld_library_path_lib.sh'
[79.288s] Level 1:colcon.colcon_core.environment:checking '/home/vboxuser/ros2_ws/install/vesc_ackermann/bin'
[79.288s] Level 1:colcon.colcon_core.environment:checking '/home/vboxuser/ros2_ws/install/vesc_ackermann/lib/pkgconfig/vesc_ackermann.pc'
[79.289s] Level 1:colcon.colcon_core.environment:checking '/home/vboxuser/ros2_ws/install/vesc_ackermann/lib/python3.10/site-packages'
[79.289s] Level 1:colcon.colcon_core.environment:checking '/home/vboxuser/ros2_ws/install/vesc_ackermann/bin'
[79.290s] INFO:colcon.colcon_core.shell:Creating package script '/home/vboxuser/ros2_ws/install/vesc_ackermann/share/vesc_ackermann/package.ps1'
[79.292s] INFO:colcon.colcon_core.shell:Creating package descriptor '/home/vboxuser/ros2_ws/install/vesc_ackermann/share/vesc_ackermann/package.dsv'
[79.294s] INFO:colcon.colcon_core.shell:Creating package script '/home/vboxuser/ros2_ws/install/vesc_ackermann/share/vesc_ackermann/package.sh'
[79.296s] INFO:colcon.colcon_core.shell:Creating package script '/home/vboxuser/ros2_ws/install/vesc_ackermann/share/vesc_ackermann/package.bash'
[79.297s] INFO:colcon.colcon_core.shell:Creating package script '/home/vboxuser/ros2_ws/install/vesc_ackermann/share/vesc_ackermann/package.zsh'
[79.299s] Level 1:colcon.colcon_core.environment:create_file_with_runtime_dependencies(/home/vboxuser/ros2_ws/install/vesc_ackermann/share/colcon-core/packages/vesc_ackermann)
[79.302s] Level 1:colcon.colcon_core.environment:create_environment_scripts_only(vesc_ackermann)
[79.302s] Level 1:colcon.colcon_core.environment:checking '/home/vboxuser/ros2_ws/install/vesc_ackermann' for CMake module files
[79.303s] Level 1:colcon.colcon_core.environment:checking '/home/vboxuser/ros2_ws/install/vesc_ackermann' for CMake config files
[79.304s] Level 1:colcon.colcon_core.shell:create_environment_hook('vesc_ackermann', 'cmake_prefix_path')
[79.304s] INFO:colcon.colcon_core.shell:Creating environment hook '/home/vboxuser/ros2_ws/install/vesc_ackermann/share/vesc_ackermann/hook/cmake_prefix_path.ps1'
[79.306s] INFO:colcon.colcon_core.shell:Creating environment descriptor '/home/vboxuser/ros2_ws/install/vesc_ackermann/share/vesc_ackermann/hook/cmake_prefix_path.dsv'
[79.307s] INFO:colcon.colcon_core.shell:Creating environment hook '/home/vboxuser/ros2_ws/install/vesc_ackermann/share/vesc_ackermann/hook/cmake_prefix_path.sh'
[79.309s] Level 1:colcon.colcon_core.environment:checking '/home/vboxuser/ros2_ws/install/vesc_ackermann/lib'
[79.310s] Level 1:colcon.colcon_core.shell:create_environment_hook('vesc_ackermann', 'ld_library_path_lib')
[79.310s] INFO:colcon.colcon_core.shell:Creating environment hook '/home/vboxuser/ros2_ws/install/vesc_ackermann/share/vesc_ackermann/hook/ld_library_path_lib.ps1'
[79.312s] INFO:colcon.colcon_core.shell:Creating environment descriptor '/home/vboxuser/ros2_ws/install/vesc_ackermann/share/vesc_ackermann/hook/ld_library_path_lib.dsv'
[79.313s] INFO:colcon.colcon_core.shell:Creating environment hook '/home/vboxuser/ros2_ws/install/vesc_ackermann/share/vesc_ackermann/hook/ld_library_path_lib.sh'
[79.315s] Level 1:colcon.colcon_core.environment:checking '/home/vboxuser/ros2_ws/install/vesc_ackermann/bin'
[79.315s] Level 1:colcon.colcon_core.environment:checking '/home/vboxuser/ros2_ws/install/vesc_ackermann/lib/pkgconfig/vesc_ackermann.pc'
[79.316s] Level 1:colcon.colcon_core.environment:checking '/home/vboxuser/ros2_ws/install/vesc_ackermann/lib/python3.10/site-packages'
[79.316s] Level 1:colcon.colcon_core.environment:checking '/home/vboxuser/ros2_ws/install/vesc_ackermann/bin'
[79.317s] INFO:colcon.colcon_core.shell:Creating package script '/home/vboxuser/ros2_ws/install/vesc_ackermann/share/vesc_ackermann/package.ps1'
[79.319s] INFO:colcon.colcon_core.shell:Creating package descriptor '/home/vboxuser/ros2_ws/install/vesc_ackermann/share/vesc_ackermann/package.dsv'
[79.321s] INFO:colcon.colcon_core.shell:Creating package script '/home/vboxuser/ros2_ws/install/vesc_ackermann/share/vesc_ackermann/package.sh'
[79.323s] INFO:colcon.colcon_core.shell:Creating package script '/home/vboxuser/ros2_ws/install/vesc_ackermann/share/vesc_ackermann/package.bash'
[79.325s] INFO:colcon.colcon_core.shell:Creating package script '/home/vboxuser/ros2_ws/install/vesc_ackermann/share/vesc_ackermann/package.zsh'
[79.328s] Level 1:colcon.colcon_core.environment:create_file_with_runtime_dependencies(/home/vboxuser/ros2_ws/install/vesc_ackermann/share/colcon-core/packages/vesc_ackermann)
[79.330s] Level 1:colcon.colcon_core.environment:create_environment_scripts_only(examples_rclcpp_minimal_subscriber)
[79.330s] Level 1:colcon.colcon_core.environment:checking '/home/vboxuser/ros2_ws/install/examples_rclcpp_minimal_subscriber' for CMake module files
[79.334s] Level 1:colcon.colcon_core.environment:checking '/home/vboxuser/ros2_ws/install/examples_rclcpp_minimal_subscriber' for CMake config files
[79.334s] Level 1:colcon.colcon_core.shell:create_environment_hook('examples_rclcpp_minimal_subscriber', 'cmake_prefix_path')
[79.335s] INFO:colcon.colcon_core.shell:Creating environment hook '/home/vboxuser/ros2_ws/install/examples_rclcpp_minimal_subscriber/share/examples_rclcpp_minimal_subscriber/hook/cmake_prefix_path.ps1'
[79.336s] INFO:colcon.colcon_core.shell:Creating environment descriptor '/home/vboxuser/ros2_ws/install/examples_rclcpp_minimal_subscriber/share/examples_rclcpp_minimal_subscriber/hook/cmake_prefix_path.dsv'
[79.338s] INFO:colcon.colcon_core.shell:Creating environment hook '/home/vboxuser/ros2_ws/install/examples_rclcpp_minimal_subscriber/share/examples_rclcpp_minimal_subscriber/hook/cmake_prefix_path.sh'
[79.341s] DEBUG:colcon.colcon_core.event_handler.log_command:Invoked command in '/home/vboxuser/ros2_ws/build/examples_rclcpp_minimal_subscriber' returned '0': /usr/bin/cmake --install /home/vboxuser/ros2_ws/build/examples_rclcpp_minimal_subscriber
[79.342s] Level 1:colcon.colcon_core.environment:checking '/home/vboxuser/ros2_ws/install/examples_rclcpp_minimal_subscriber/lib'
[79.343s] Level 1:colcon.colcon_core.shell:create_environment_hook('examples_rclcpp_minimal_subscriber', 'ld_library_path_lib')
[79.343s] INFO:colcon.colcon_core.shell:Creating environment hook '/home/vboxuser/ros2_ws/install/examples_rclcpp_minimal_subscriber/share/examples_rclcpp_minimal_subscriber/hook/ld_library_path_lib.ps1'
[79.344s] INFO:colcon.colcon_core.shell:Creating environment descriptor '/home/vboxuser/ros2_ws/install/examples_rclcpp_minimal_subscriber/share/examples_rclcpp_minimal_subscriber/hook/ld_library_path_lib.dsv'
[79.349s] INFO:colcon.colcon_core.shell:Creating environment hook '/home/vboxuser/ros2_ws/install/examples_rclcpp_minimal_subscriber/share/examples_rclcpp_minimal_subscriber/hook/ld_library_path_lib.sh'
[79.351s] Level 1:colcon.colcon_core.environment:checking '/home/vboxuser/ros2_ws/install/examples_rclcpp_minimal_subscriber/bin'
[79.351s] Level 1:colcon.colcon_core.environment:checking '/home/vboxuser/ros2_ws/install/examples_rclcpp_minimal_subscriber/lib/pkgconfig/examples_rclcpp_minimal_subscriber.pc'
[79.352s] Level 1:colcon.colcon_core.environment:checking '/home/vboxuser/ros2_ws/install/examples_rclcpp_minimal_subscriber/lib/python3.10/site-packages'
[79.353s] Level 1:colcon.colcon_core.environment:checking '/home/vboxuser/ros2_ws/install/examples_rclcpp_minimal_subscriber/bin'
[79.353s] INFO:colcon.colcon_core.shell:Creating package script '/home/vboxuser/ros2_ws/install/examples_rclcpp_minimal_subscriber/share/examples_rclcpp_minimal_subscriber/package.ps1'
[79.356s] INFO:colcon.colcon_core.shell:Creating package descriptor '/home/vboxuser/ros2_ws/install/examples_rclcpp_minimal_subscriber/share/examples_rclcpp_minimal_subscriber/package.dsv'
[79.358s] INFO:colcon.colcon_core.shell:Creating package script '/home/vboxuser/ros2_ws/install/examples_rclcpp_minimal_subscriber/share/examples_rclcpp_minimal_subscriber/package.sh'
[79.360s] INFO:colcon.colcon_core.shell:Creating package script '/home/vboxuser/ros2_ws/install/examples_rclcpp_minimal_subscriber/share/examples_rclcpp_minimal_subscriber/package.bash'
[79.361s] INFO:colcon.colcon_core.shell:Creating package script '/home/vboxuser/ros2_ws/install/examples_rclcpp_minimal_subscriber/share/examples_rclcpp_minimal_subscriber/package.zsh'
[79.363s] Level 1:colcon.colcon_core.environment:create_file_with_runtime_dependencies(/home/vboxuser/ros2_ws/install/examples_rclcpp_minimal_subscriber/share/colcon-core/packages/examples_rclcpp_minimal_subscriber)
[79.365s] Level 1:colcon.colcon_core.environment:create_environment_scripts_only(examples_rclcpp_minimal_subscriber)
[79.365s] Level 1:colcon.colcon_core.environment:checking '/home/vboxuser/ros2_ws/install/examples_rclcpp_minimal_subscriber' for CMake module files
[79.367s] Level 1:colcon.colcon_core.environment:checking '/home/vboxuser/ros2_ws/install/examples_rclcpp_minimal_subscriber' for CMake config files
[79.367s] Level 1:colcon.colcon_core.shell:create_environment_hook('examples_rclcpp_minimal_subscriber', 'cmake_prefix_path')
[79.368s] INFO:colcon.colcon_core.shell:Creating environment hook '/home/vboxuser/ros2_ws/install/examples_rclcpp_minimal_subscriber/share/examples_rclcpp_minimal_subscriber/hook/cmake_prefix_path.ps1'
[79.369s] INFO:colcon.colcon_core.shell:Creating environment descriptor '/home/vboxuser/ros2_ws/install/examples_rclcpp_minimal_subscriber/share/examples_rclcpp_minimal_subscriber/hook/cmake_prefix_path.dsv'
[79.371s] INFO:colcon.colcon_core.shell:Creating environment hook '/home/vboxuser/ros2_ws/install/examples_rclcpp_minimal_subscriber/share/examples_rclcpp_minimal_subscriber/hook/cmake_prefix_path.sh'
[79.374s] Level 1:colcon.colcon_core.environment:checking '/home/vboxuser/ros2_ws/install/examples_rclcpp_minimal_subscriber/lib'
[79.375s] Level 1:colcon.colcon_core.shell:create_environment_hook('examples_rclcpp_minimal_subscriber', 'ld_library_path_lib')
[79.376s] INFO:colcon.colcon_core.shell:Creating environment hook '/home/vboxuser/ros2_ws/install/examples_rclcpp_minimal_subscriber/share/examples_rclcpp_minimal_subscriber/hook/ld_library_path_lib.ps1'
[79.378s] INFO:colcon.colcon_core.shell:Creating environment descriptor '/home/vboxuser/ros2_ws/install/examples_rclcpp_minimal_subscriber/share/examples_rclcpp_minimal_subscriber/hook/ld_library_path_lib.dsv'
[79.379s] INFO:colcon.colcon_core.shell:Creating environment hook '/home/vboxuser/ros2_ws/install/examples_rclcpp_minimal_subscriber/share/examples_rclcpp_minimal_subscriber/hook/ld_library_path_lib.sh'
[79.381s] Level 1:colcon.colcon_core.environment:checking '/home/vboxuser/ros2_ws/install/examples_rclcpp_minimal_subscriber/bin'
[79.382s] Level 1:colcon.colcon_core.environment:checking '/home/vboxuser/ros2_ws/install/examples_rclcpp_minimal_subscriber/lib/pkgconfig/examples_rclcpp_minimal_subscriber.pc'
[79.382s] Level 1:colcon.colcon_core.environment:checking '/home/vboxuser/ros2_ws/install/examples_rclcpp_minimal_subscriber/lib/python3.10/site-packages'
[79.383s] Level 1:colcon.colcon_core.environment:checking '/home/vboxuser/ros2_ws/install/examples_rclcpp_minimal_subscriber/bin'
[79.384s] INFO:colcon.colcon_core.shell:Creating package script '/home/vboxuser/ros2_ws/install/examples_rclcpp_minimal_subscriber/share/examples_rclcpp_minimal_subscriber/package.ps1'
[79.385s] INFO:colcon.colcon_core.shell:Creating package descriptor '/home/vboxuser/ros2_ws/install/examples_rclcpp_minimal_subscriber/share/examples_rclcpp_minimal_subscriber/package.dsv'
[79.387s] INFO:colcon.colcon_core.shell:Creating package script '/home/vboxuser/ros2_ws/install/examples_rclcpp_minimal_subscriber/share/examples_rclcpp_minimal_subscriber/package.sh'
[79.389s] INFO:colcon.colcon_core.shell:Creating package script '/home/vboxuser/ros2_ws/install/examples_rclcpp_minimal_subscriber/share/examples_rclcpp_minimal_subscriber/package.bash'
[79.391s] INFO:colcon.colcon_core.shell:Creating package script '/home/vboxuser/ros2_ws/install/examples_rclcpp_minimal_subscriber/share/examples_rclcpp_minimal_subscriber/package.zsh'
[79.393s] Level 1:colcon.colcon_core.environment:create_file_with_runtime_dependencies(/home/vboxuser/ros2_ws/install/examples_rclcpp_minimal_subscriber/share/colcon-core/packages/examples_rclcpp_minimal_subscriber)
[79.397s] INFO:colcon.colcon_ros.task.ament_python.build:Building ROS package in '/home/vboxuser/ros2_ws/src/examples/rclpy/guard_conditions' with build type 'ament_python'
[79.397s] Level 1:colcon.colcon_core.shell:create_environment_hook('examples_rclpy_guard_conditions', 'ament_prefix_path')
[79.398s] INFO:colcon.colcon_core.shell:Creating environment hook '/home/vboxuser/ros2_ws/install/examples_rclpy_guard_conditions/share/examples_rclpy_guard_conditions/hook/ament_prefix_path.ps1'
[79.400s] INFO:colcon.colcon_core.shell:Creating environment descriptor '/home/vboxuser/ros2_ws/install/examples_rclpy_guard_conditions/share/examples_rclpy_guard_conditions/hook/ament_prefix_path.dsv'
[79.402s] INFO:colcon.colcon_core.shell:Creating environment hook '/home/vboxuser/ros2_ws/install/examples_rclpy_guard_conditions/share/examples_rclpy_guard_conditions/hook/ament_prefix_path.sh'
[79.405s] INFO:colcon.colcon_core.shell:Skip shell extension 'powershell' for command environment: Not usable outside of PowerShell
[79.405s] DEBUG:colcon.colcon_core.shell:Skip shell extension 'dsv' for command environment
[79.466s] INFO:colcon.colcon_ros.task.ament_python.build:Building ROS package in '/home/vboxuser/ros2_ws/src/examples/rclpy/actions/minimal_action_client' with build type 'ament_python'
[79.466s] Level 1:colcon.colcon_core.shell:create_environment_hook('examples_rclpy_minimal_action_client', 'ament_prefix_path')
[79.468s] INFO:colcon.colcon_core.shell:Creating environment hook '/home/vboxuser/ros2_ws/install/examples_rclpy_minimal_action_client/share/examples_rclpy_minimal_action_client/hook/ament_prefix_path.ps1'
[79.473s] INFO:colcon.colcon_core.shell:Creating environment descriptor '/home/vboxuser/ros2_ws/install/examples_rclpy_minimal_action_client/share/examples_rclpy_minimal_action_client/hook/ament_prefix_path.dsv'
[79.479s] INFO:colcon.colcon_core.shell:Creating environment hook '/home/vboxuser/ros2_ws/install/examples_rclpy_minimal_action_client/share/examples_rclpy_minimal_action_client/hook/ament_prefix_path.sh'
[79.483s] INFO:colcon.colcon_core.shell:Skip shell extension 'powershell' for command environment: Not usable outside of PowerShell
[79.483s] DEBUG:colcon.colcon_core.shell:Skip shell extension 'dsv' for command environment
[80.375s] INFO:colcon.colcon_core.task.python.build:Building Python package in '/home/vboxuser/ros2_ws/src/examples/rclpy/executors'
[80.377s] INFO:colcon.colcon_core.shell:Skip shell extension 'powershell' for command environment: Not usable outside of PowerShell
[80.377s] DEBUG:colcon.colcon_core.shell:Skip shell extension 'dsv' for command environment
[81.299s] INFO:colcon.colcon_core.task.python.build:Building Python package in '/home/vboxuser/ros2_ws/src/examples/rclpy/guard_conditions'
[81.301s] INFO:colcon.colcon_core.shell:Skip shell extension 'powershell' for command environment: Not usable outside of PowerShell
[81.301s] DEBUG:colcon.colcon_core.shell:Skip shell extension 'dsv' for command environment
[81.975s] INFO:colcon.colcon_core.task.python.build:Building Python package in '/home/vboxuser/ros2_ws/src/examples/rclpy/actions/minimal_action_client'
[81.977s] INFO:colcon.colcon_core.shell:Skip shell extension 'powershell' for command environment: Not usable outside of PowerShell
[81.977s] DEBUG:colcon.colcon_core.shell:Skip shell extension 'dsv' for command environment
[82.104s] DEBUG:colcon.colcon_core.event_handler.log_command:Invoked command in '/home/vboxuser/ros2_ws/build/examples_rclcpp_wait_set' returned '0': /usr/bin/cmake --build /home/vboxuser/ros2_ws/build/examples_rclcpp_wait_set -- -j4 -l4
[82.154s] DEBUG:colcon.colcon_core.event_handler.log_command:Invoking command in '/home/vboxuser/ros2_ws/build/examples_rclcpp_wait_set': /usr/bin/cmake --install /home/vboxuser/ros2_ws/build/examples_rclcpp_wait_set
[82.543s] Level 1:colcon.colcon_core.environment:create_environment_scripts_only(examples_rclcpp_wait_set)
[82.558s] DEBUG:colcon.colcon_core.event_handler.log_command:Invoked command in '/home/vboxuser/ros2_ws/build/examples_rclcpp_wait_set' returned '0': /usr/bin/cmake --install /home/vboxuser/ros2_ws/build/examples_rclcpp_wait_set
[82.558s] Level 1:colcon.colcon_core.environment:checking '/home/vboxuser/ros2_ws/install/examples_rclcpp_wait_set' for CMake module files
[82.559s] Level 1:colcon.colcon_core.environment:checking '/home/vboxuser/ros2_ws/install/examples_rclcpp_wait_set' for CMake config files
[82.560s] Level 1:colcon.colcon_core.shell:create_environment_hook('examples_rclcpp_wait_set', 'cmake_prefix_path')
[82.560s] INFO:colcon.colcon_core.shell:Creating environment hook '/home/vboxuser/ros2_ws/install/examples_rclcpp_wait_set/share/examples_rclcpp_wait_set/hook/cmake_prefix_path.ps1'
[82.561s] INFO:colcon.colcon_core.shell:Creating environment descriptor '/home/vboxuser/ros2_ws/install/examples_rclcpp_wait_set/share/examples_rclcpp_wait_set/hook/cmake_prefix_path.dsv'
[82.562s] INFO:colcon.colcon_core.shell:Creating environment hook '/home/vboxuser/ros2_ws/install/examples_rclcpp_wait_set/share/examples_rclcpp_wait_set/hook/cmake_prefix_path.sh'
[82.565s] Level 1:colcon.colcon_core.environment:checking '/home/vboxuser/ros2_ws/install/examples_rclcpp_wait_set/lib'
[82.565s] Level 1:colcon.colcon_core.shell:create_environment_hook('examples_rclcpp_wait_set', 'ld_library_path_lib')
[82.566s] INFO:colcon.colcon_core.shell:Creating environment hook '/home/vboxuser/ros2_ws/install/examples_rclcpp_wait_set/share/examples_rclcpp_wait_set/hook/ld_library_path_lib.ps1'
[82.567s] INFO:colcon.colcon_core.shell:Creating environment descriptor '/home/vboxuser/ros2_ws/install/examples_rclcpp_wait_set/share/examples_rclcpp_wait_set/hook/ld_library_path_lib.dsv'
[82.568s] INFO:colcon.colcon_core.shell:Creating environment hook '/home/vboxuser/ros2_ws/install/examples_rclcpp_wait_set/share/examples_rclcpp_wait_set/hook/ld_library_path_lib.sh'
[82.569s] Level 1:colcon.colcon_core.environment:checking '/home/vboxuser/ros2_ws/install/examples_rclcpp_wait_set/bin'
[82.569s] Level 1:colcon.colcon_core.environment:checking '/home/vboxuser/ros2_ws/install/examples_rclcpp_wait_set/lib/pkgconfig/examples_rclcpp_wait_set.pc'
[82.569s] Level 1:colcon.colcon_core.environment:checking '/home/vboxuser/ros2_ws/install/examples_rclcpp_wait_set/lib/python3.10/site-packages'
[82.570s] Level 1:colcon.colcon_core.environment:checking '/home/vboxuser/ros2_ws/install/examples_rclcpp_wait_set/bin'
[82.570s] INFO:colcon.colcon_core.shell:Creating package script '/home/vboxuser/ros2_ws/install/examples_rclcpp_wait_set/share/examples_rclcpp_wait_set/package.ps1'
[82.571s] INFO:colcon.colcon_core.shell:Creating package descriptor '/home/vboxuser/ros2_ws/install/examples_rclcpp_wait_set/share/examples_rclcpp_wait_set/package.dsv'
[82.575s] INFO:colcon.colcon_core.shell:Creating package script '/home/vboxuser/ros2_ws/install/examples_rclcpp_wait_set/share/examples_rclcpp_wait_set/package.sh'
[82.576s] INFO:colcon.colcon_core.shell:Creating package script '/home/vboxuser/ros2_ws/install/examples_rclcpp_wait_set/share/examples_rclcpp_wait_set/package.bash'
[82.577s] INFO:colcon.colcon_core.shell:Creating package script '/home/vboxuser/ros2_ws/install/examples_rclcpp_wait_set/share/examples_rclcpp_wait_set/package.zsh'
[82.578s] Level 1:colcon.colcon_core.environment:create_file_with_runtime_dependencies(/home/vboxuser/ros2_ws/install/examples_rclcpp_wait_set/share/colcon-core/packages/examples_rclcpp_wait_set)
[82.579s] Level 1:colcon.colcon_core.environment:create_environment_scripts_only(examples_rclcpp_wait_set)
[82.580s] Level 1:colcon.colcon_core.environment:checking '/home/vboxuser/ros2_ws/install/examples_rclcpp_wait_set' for CMake module files
[82.581s] Level 1:colcon.colcon_core.environment:checking '/home/vboxuser/ros2_ws/install/examples_rclcpp_wait_set' for CMake config files
[82.581s] Level 1:colcon.colcon_core.shell:create_environment_hook('examples_rclcpp_wait_set', 'cmake_prefix_path')
[82.581s] INFO:colcon.colcon_core.shell:Creating environment hook '/home/vboxuser/ros2_ws/install/examples_rclcpp_wait_set/share/examples_rclcpp_wait_set/hook/cmake_prefix_path.ps1'
[82.582s] INFO:colcon.colcon_core.shell:Creating environment descriptor '/home/vboxuser/ros2_ws/install/examples_rclcpp_wait_set/share/examples_rclcpp_wait_set/hook/cmake_prefix_path.dsv'
[82.583s] INFO:colcon.colcon_core.shell:Creating environment hook '/home/vboxuser/ros2_ws/install/examples_rclcpp_wait_set/share/examples_rclcpp_wait_set/hook/cmake_prefix_path.sh'
[82.584s] Level 1:colcon.colcon_core.environment:checking '/home/vboxuser/ros2_ws/install/examples_rclcpp_wait_set/lib'
[82.584s] Level 1:colcon.colcon_core.shell:create_environment_hook('examples_rclcpp_wait_set', 'ld_library_path_lib')
[82.585s] INFO:colcon.colcon_core.shell:Creating environment hook '/home/vboxuser/ros2_ws/install/examples_rclcpp_wait_set/share/examples_rclcpp_wait_set/hook/ld_library_path_lib.ps1'
[82.586s] INFO:colcon.colcon_core.shell:Creating environment descriptor '/home/vboxuser/ros2_ws/install/examples_rclcpp_wait_set/share/examples_rclcpp_wait_set/hook/ld_library_path_lib.dsv'
[82.587s] INFO:colcon.colcon_core.shell:Creating environment hook '/home/vboxuser/ros2_ws/install/examples_rclcpp_wait_set/share/examples_rclcpp_wait_set/hook/ld_library_path_lib.sh'
[82.588s] Level 1:colcon.colcon_core.environment:checking '/home/vboxuser/ros2_ws/install/examples_rclcpp_wait_set/bin'
[82.588s] Level 1:colcon.colcon_core.environment:checking '/home/vboxuser/ros2_ws/install/examples_rclcpp_wait_set/lib/pkgconfig/examples_rclcpp_wait_set.pc'
[82.589s] Level 1:colcon.colcon_core.environment:checking '/home/vboxuser/ros2_ws/install/examples_rclcpp_wait_set/lib/python3.10/site-packages'
[82.589s] Level 1:colcon.colcon_core.environment:checking '/home/vboxuser/ros2_ws/install/examples_rclcpp_wait_set/bin'
[82.590s] INFO:colcon.colcon_core.shell:Creating package script '/home/vboxuser/ros2_ws/install/examples_rclcpp_wait_set/share/examples_rclcpp_wait_set/package.ps1'
[82.591s] INFO:colcon.colcon_core.shell:Creating package descriptor '/home/vboxuser/ros2_ws/install/examples_rclcpp_wait_set/share/examples_rclcpp_wait_set/package.dsv'
[82.592s] INFO:colcon.colcon_core.shell:Creating package script '/home/vboxuser/ros2_ws/install/examples_rclcpp_wait_set/share/examples_rclcpp_wait_set/package.sh'
[82.593s] INFO:colcon.colcon_core.shell:Creating package script '/home/vboxuser/ros2_ws/install/examples_rclcpp_wait_set/share/examples_rclcpp_wait_set/package.bash'
[82.594s] INFO:colcon.colcon_core.shell:Creating package script '/home/vboxuser/ros2_ws/install/examples_rclcpp_wait_set/share/examples_rclcpp_wait_set/package.zsh'
[82.595s] Level 1:colcon.colcon_core.environment:create_file_with_runtime_dependencies(/home/vboxuser/ros2_ws/install/examples_rclcpp_wait_set/share/colcon-core/packages/examples_rclcpp_wait_set)
[82.597s] INFO:colcon.colcon_ros.task.ament_python.build:Building ROS package in '/home/vboxuser/ros2_ws/src/examples/rclpy/actions/minimal_action_server' with build type 'ament_python'
[82.597s] Level 1:colcon.colcon_core.shell:create_environment_hook('examples_rclpy_minimal_action_server', 'ament_prefix_path')
[82.597s] INFO:colcon.colcon_core.shell:Creating environment hook '/home/vboxuser/ros2_ws/install/examples_rclpy_minimal_action_server/share/examples_rclpy_minimal_action_server/hook/ament_prefix_path.ps1'
[82.598s] INFO:colcon.colcon_core.shell:Creating environment descriptor '/home/vboxuser/ros2_ws/install/examples_rclpy_minimal_action_server/share/examples_rclpy_minimal_action_server/hook/ament_prefix_path.dsv'
[82.599s] INFO:colcon.colcon_core.shell:Creating environment hook '/home/vboxuser/ros2_ws/install/examples_rclpy_minimal_action_server/share/examples_rclpy_minimal_action_server/hook/ament_prefix_path.sh'
[82.600s] INFO:colcon.colcon_core.shell:Skip shell extension 'powershell' for command environment: Not usable outside of PowerShell
[82.600s] DEBUG:colcon.colcon_core.shell:Skip shell extension 'dsv' for command environment
[83.317s] INFO:colcon.colcon_core.task.python.build:Building Python package in '/home/vboxuser/ros2_ws/src/examples/rclpy/actions/minimal_action_server'
[83.318s] INFO:colcon.colcon_core.shell:Skip shell extension 'powershell' for command environment: Not usable outside of PowerShell
[83.318s] DEBUG:colcon.colcon_core.shell:Skip shell extension 'dsv' for command environment
[83.401s] DEBUG:colcon.colcon_core.event_handler.log_command:Invoking command in '/home/vboxuser/ros2_ws/src/examples/rclpy/executors': PYTHONPATH=/home/vboxuser/ros2_ws/build/examples_rclpy_executors/prefix_override:/usr/lib/python3/dist-packages/colcon_core/task/python/colcon_distutils_commands:/home/vboxuser/ros2_ws/install/examples_rclpy_executors/lib/python3.10/site-packages: /usr/bin/python3 -W ignore:setup.py install is deprecated -W ignore:easy_install command is deprecated setup.py egg_info --egg-base ../../../../build/examples_rclpy_executors build --build-base /home/vboxuser/ros2_ws/build/examples_rclpy_executors/build install --record /home/vboxuser/ros2_ws/build/examples_rclpy_executors/install.log --single-version-externally-managed install_data
[83.402s] DEBUG:colcon.colcon_core.event_handler.log_command:Invoking command in '/home/vboxuser/ros2_ws/src/examples/rclpy/actions/minimal_action_client': PYTHONPATH=/home/vboxuser/ros2_ws/build/examples_rclpy_minimal_action_client/prefix_override:/usr/lib/python3/dist-packages/colcon_core/task/python/colcon_distutils_commands:/home/vboxuser/ros2_ws/install/examples_rclpy_minimal_action_client/lib/python3.10/site-packages: /usr/bin/python3 -W ignore:setup.py install is deprecated -W ignore:easy_install command is deprecated setup.py egg_info --egg-base ../../../../../build/examples_rclpy_minimal_action_client build --build-base /home/vboxuser/ros2_ws/build/examples_rclpy_minimal_action_client/build install --record /home/vboxuser/ros2_ws/build/examples_rclpy_minimal_action_client/install.log --single-version-externally-managed install_data
[83.794s] DEBUG:colcon.colcon_core.event_handler.log_command:Invoking command in '/home/vboxuser/ros2_ws/src/examples/rclpy/guard_conditions': PYTHONPATH=/home/vboxuser/ros2_ws/build/examples_rclpy_guard_conditions/prefix_override:/usr/lib/python3/dist-packages/colcon_core/task/python/colcon_distutils_commands:/home/vboxuser/ros2_ws/install/examples_rclpy_guard_conditions/lib/python3.10/site-packages: /usr/bin/python3 -W ignore:setup.py install is deprecated -W ignore:easy_install command is deprecated setup.py egg_info --egg-base ../../../../build/examples_rclpy_guard_conditions build --build-base /home/vboxuser/ros2_ws/build/examples_rclpy_guard_conditions/build install --record /home/vboxuser/ros2_ws/build/examples_rclpy_guard_conditions/install.log --single-version-externally-managed install_data
[84.502s] Level 1:colcon.colcon_core.environment:checking '/home/vboxuser/ros2_ws/install/examples_rclpy_minimal_action_client' for CMake module files
[84.503s] Level 1:colcon.colcon_core.environment:checking '/home/vboxuser/ros2_ws/install/examples_rclpy_minimal_action_client' for CMake config files
[84.504s] Level 1:colcon.colcon_core.environment:checking '/home/vboxuser/ros2_ws/install/examples_rclpy_minimal_action_client/lib'
[84.504s] Level 1:colcon.colcon_core.environment:checking '/home/vboxuser/ros2_ws/install/examples_rclpy_minimal_action_client/bin'
[84.504s] Level 1:colcon.colcon_core.environment:checking '/home/vboxuser/ros2_ws/install/examples_rclpy_minimal_action_client/lib/pkgconfig/examples_rclpy_minimal_action_client.pc'
[84.505s] Level 1:colcon.colcon_core.environment:checking '/home/vboxuser/ros2_ws/install/examples_rclpy_minimal_action_client/lib/python3.10/site-packages'
[84.505s] Level 1:colcon.colcon_core.shell:create_environment_hook('examples_rclpy_minimal_action_client', 'pythonpath')
[84.505s] INFO:colcon.colcon_core.shell:Creating environment hook '/home/vboxuser/ros2_ws/install/examples_rclpy_minimal_action_client/share/examples_rclpy_minimal_action_client/hook/pythonpath.ps1'
[84.506s] INFO:colcon.colcon_core.shell:Creating environment descriptor '/home/vboxuser/ros2_ws/install/examples_rclpy_minimal_action_client/share/examples_rclpy_minimal_action_client/hook/pythonpath.dsv'
[84.507s] INFO:colcon.colcon_core.shell:Creating environment hook '/home/vboxuser/ros2_ws/install/examples_rclpy_minimal_action_client/share/examples_rclpy_minimal_action_client/hook/pythonpath.sh'
[84.511s] DEBUG:colcon.colcon_core.event_handler.log_command:Invoked command in '/home/vboxuser/ros2_ws/src/examples/rclpy/actions/minimal_action_client' returned '0': PYTHONPATH=/home/vboxuser/ros2_ws/build/examples_rclpy_minimal_action_client/prefix_override:/usr/lib/python3/dist-packages/colcon_core/task/python/colcon_distutils_commands:/home/vboxuser/ros2_ws/install/examples_rclpy_minimal_action_client/lib/python3.10/site-packages: /usr/bin/python3 -W ignore:setup.py install is deprecated -W ignore:easy_install command is deprecated setup.py egg_info --egg-base ../../../../../build/examples_rclpy_minimal_action_client build --build-base /home/vboxuser/ros2_ws/build/examples_rclpy_minimal_action_client/build install --record /home/vboxuser/ros2_ws/build/examples_rclpy_minimal_action_client/install.log --single-version-externally-managed install_data
[84.528s] Level 1:colcon.colcon_core.environment:checking '/home/vboxuser/ros2_ws/install/examples_rclpy_minimal_action_client/bin'
[84.528s] Level 1:colcon.colcon_core.environment:create_environment_scripts_only(examples_rclpy_minimal_action_client)
[84.528s] INFO:colcon.colcon_core.shell:Creating package script '/home/vboxuser/ros2_ws/install/examples_rclpy_minimal_action_client/share/examples_rclpy_minimal_action_client/package.ps1'
[84.530s] INFO:colcon.colcon_core.shell:Creating package descriptor '/home/vboxuser/ros2_ws/install/examples_rclpy_minimal_action_client/share/examples_rclpy_minimal_action_client/package.dsv'
[84.537s] INFO:colcon.colcon_core.shell:Creating package script '/home/vboxuser/ros2_ws/install/examples_rclpy_minimal_action_client/share/examples_rclpy_minimal_action_client/package.sh'
[84.544s] INFO:colcon.colcon_core.shell:Creating package script '/home/vboxuser/ros2_ws/install/examples_rclpy_minimal_action_client/share/examples_rclpy_minimal_action_client/package.bash'
[84.555s] INFO:colcon.colcon_core.shell:Creating package script '/home/vboxuser/ros2_ws/install/examples_rclpy_minimal_action_client/share/examples_rclpy_minimal_action_client/package.zsh'
[84.568s] Level 1:colcon.colcon_core.environment:create_file_with_runtime_dependencies(/home/vboxuser/ros2_ws/install/examples_rclpy_minimal_action_client/share/colcon-core/packages/examples_rclpy_minimal_action_client)
[84.573s] INFO:colcon.colcon_ros.task.ament_python.build:Building ROS package in '/home/vboxuser/ros2_ws/src/examples/rclpy/services/minimal_client' with build type 'ament_python'
[84.575s] Level 1:colcon.colcon_core.shell:create_environment_hook('examples_rclpy_minimal_client', 'ament_prefix_path')
[84.578s] INFO:colcon.colcon_core.shell:Creating environment hook '/home/vboxuser/ros2_ws/install/examples_rclpy_minimal_client/share/examples_rclpy_minimal_client/hook/ament_prefix_path.ps1'
[84.589s] INFO:colcon.colcon_core.shell:Creating environment descriptor '/home/vboxuser/ros2_ws/install/examples_rclpy_minimal_client/share/examples_rclpy_minimal_client/hook/ament_prefix_path.dsv'
[84.591s] INFO:colcon.colcon_core.shell:Creating environment hook '/home/vboxuser/ros2_ws/install/examples_rclpy_minimal_client/share/examples_rclpy_minimal_client/hook/ament_prefix_path.sh'
[84.593s] INFO:colcon.colcon_core.shell:Skip shell extension 'powershell' for command environment: Not usable outside of PowerShell
[84.593s] DEBUG:colcon.colcon_core.shell:Skip shell extension 'dsv' for command environment
[84.715s] DEBUG:colcon.colcon_core.event_handler.log_command:Invoking command in '/home/vboxuser/ros2_ws/src/examples/rclpy/actions/minimal_action_server': PYTHONPATH=/home/vboxuser/ros2_ws/build/examples_rclpy_minimal_action_server/prefix_override:/usr/lib/python3/dist-packages/colcon_core/task/python/colcon_distutils_commands:/home/vboxuser/ros2_ws/install/examples_rclpy_minimal_action_server/lib/python3.10/site-packages: /usr/bin/python3 -W ignore:setup.py install is deprecated -W ignore:easy_install command is deprecated setup.py egg_info --egg-base ../../../../../build/examples_rclpy_minimal_action_server build --build-base /home/vboxuser/ros2_ws/build/examples_rclpy_minimal_action_server/build install --record /home/vboxuser/ros2_ws/build/examples_rclpy_minimal_action_server/install.log --single-version-externally-managed install_data
[84.718s] Level 1:colcon.colcon_core.environment:checking '/home/vboxuser/ros2_ws/install/examples_rclpy_executors' for CMake module files
[84.722s] DEBUG:colcon.colcon_core.event_handler.log_command:Invoked command in '/home/vboxuser/ros2_ws/src/examples/rclpy/executors' returned '0': PYTHONPATH=/home/vboxuser/ros2_ws/build/examples_rclpy_executors/prefix_override:/usr/lib/python3/dist-packages/colcon_core/task/python/colcon_distutils_commands:/home/vboxuser/ros2_ws/install/examples_rclpy_executors/lib/python3.10/site-packages: /usr/bin/python3 -W ignore:setup.py install is deprecated -W ignore:easy_install command is deprecated setup.py egg_info --egg-base ../../../../build/examples_rclpy_executors build --build-base /home/vboxuser/ros2_ws/build/examples_rclpy_executors/build install --record /home/vboxuser/ros2_ws/build/examples_rclpy_executors/install.log --single-version-externally-managed install_data
[84.723s] Level 1:colcon.colcon_core.environment:checking '/home/vboxuser/ros2_ws/install/examples_rclpy_executors' for CMake config files
[84.727s] Level 1:colcon.colcon_core.environment:checking '/home/vboxuser/ros2_ws/install/examples_rclpy_executors/lib'
[84.729s] Level 1:colcon.colcon_core.environment:checking '/home/vboxuser/ros2_ws/install/examples_rclpy_executors/bin'
[84.729s] Level 1:colcon.colcon_core.environment:checking '/home/vboxuser/ros2_ws/install/examples_rclpy_executors/lib/pkgconfig/examples_rclpy_executors.pc'
[84.730s] Level 1:colcon.colcon_core.environment:checking '/home/vboxuser/ros2_ws/install/examples_rclpy_executors/lib/python3.10/site-packages'
[84.730s] Level 1:colcon.colcon_core.shell:create_environment_hook('examples_rclpy_executors', 'pythonpath')
[84.740s] INFO:colcon.colcon_core.shell:Creating environment hook '/home/vboxuser/ros2_ws/install/examples_rclpy_executors/share/examples_rclpy_executors/hook/pythonpath.ps1'
[84.754s] INFO:colcon.colcon_core.shell:Creating environment descriptor '/home/vboxuser/ros2_ws/install/examples_rclpy_executors/share/examples_rclpy_executors/hook/pythonpath.dsv'
[84.771s] INFO:colcon.colcon_core.shell:Creating environment hook '/home/vboxuser/ros2_ws/install/examples_rclpy_executors/share/examples_rclpy_executors/hook/pythonpath.sh'
[84.773s] Level 1:colcon.colcon_core.environment:checking '/home/vboxuser/ros2_ws/install/examples_rclpy_executors/bin'
[84.774s] Level 1:colcon.colcon_core.environment:create_environment_scripts_only(examples_rclpy_executors)
[84.774s] INFO:colcon.colcon_core.shell:Creating package script '/home/vboxuser/ros2_ws/install/examples_rclpy_executors/share/examples_rclpy_executors/package.ps1'
[84.776s] INFO:colcon.colcon_core.shell:Creating package descriptor '/home/vboxuser/ros2_ws/install/examples_rclpy_executors/share/examples_rclpy_executors/package.dsv'
[84.778s] INFO:colcon.colcon_core.shell:Creating package script '/home/vboxuser/ros2_ws/install/examples_rclpy_executors/share/examples_rclpy_executors/package.sh'
[84.783s] INFO:colcon.colcon_core.shell:Creating package script '/home/vboxuser/ros2_ws/install/examples_rclpy_executors/share/examples_rclpy_executors/package.bash'
[84.790s] INFO:colcon.colcon_core.shell:Creating package script '/home/vboxuser/ros2_ws/install/examples_rclpy_executors/share/examples_rclpy_executors/package.zsh'
[84.795s] Level 1:colcon.colcon_core.environment:create_file_with_runtime_dependencies(/home/vboxuser/ros2_ws/install/examples_rclpy_executors/share/colcon-core/packages/examples_rclpy_executors)
[84.798s] INFO:colcon.colcon_ros.task.ament_python.build:Building ROS package in '/home/vboxuser/ros2_ws/src/examples/rclpy/topics/minimal_publisher' with build type 'ament_python'
[84.799s] Level 1:colcon.colcon_core.shell:create_environment_hook('examples_rclpy_minimal_publisher', 'ament_prefix_path')
[84.800s] INFO:colcon.colcon_core.shell:Creating environment hook '/home/vboxuser/ros2_ws/install/examples_rclpy_minimal_publisher/share/examples_rclpy_minimal_publisher/hook/ament_prefix_path.ps1'
[84.804s] INFO:colcon.colcon_core.shell:Creating environment descriptor '/home/vboxuser/ros2_ws/install/examples_rclpy_minimal_publisher/share/examples_rclpy_minimal_publisher/hook/ament_prefix_path.dsv'
[84.811s] INFO:colcon.colcon_core.shell:Creating environment hook '/home/vboxuser/ros2_ws/install/examples_rclpy_minimal_publisher/share/examples_rclpy_minimal_publisher/hook/ament_prefix_path.sh'
[84.820s] INFO:colcon.colcon_core.shell:Skip shell extension 'powershell' for command environment: Not usable outside of PowerShell
[84.820s] DEBUG:colcon.colcon_core.shell:Skip shell extension 'dsv' for command environment
[85.440s] INFO:colcon.colcon_core.task.python.build:Building Python package in '/home/vboxuser/ros2_ws/src/examples/rclpy/services/minimal_client'
[85.444s] INFO:colcon.colcon_core.shell:Skip shell extension 'powershell' for command environment: Not usable outside of PowerShell
[85.444s] DEBUG:colcon.colcon_core.shell:Skip shell extension 'dsv' for command environment
[86.179s] INFO:colcon.colcon_core.task.python.build:Building Python package in '/home/vboxuser/ros2_ws/src/examples/rclpy/topics/minimal_publisher'
[86.180s] INFO:colcon.colcon_core.shell:Skip shell extension 'powershell' for command environment: Not usable outside of PowerShell
[86.181s] DEBUG:colcon.colcon_core.shell:Skip shell extension 'dsv' for command environment
[86.228s] Level 1:colcon.colcon_core.environment:checking '/home/vboxuser/ros2_ws/install/examples_rclpy_guard_conditions' for CMake module files
[86.231s] Level 1:colcon.colcon_core.environment:checking '/home/vboxuser/ros2_ws/install/examples_rclpy_guard_conditions' for CMake config files
[86.237s] Level 1:colcon.colcon_core.environment:checking '/home/vboxuser/ros2_ws/install/examples_rclpy_guard_conditions/lib'
[86.239s] DEBUG:colcon.colcon_core.event_handler.log_command:Invoked command in '/home/vboxuser/ros2_ws/src/examples/rclpy/guard_conditions' returned '0': PYTHONPATH=/home/vboxuser/ros2_ws/build/examples_rclpy_guard_conditions/prefix_override:/usr/lib/python3/dist-packages/colcon_core/task/python/colcon_distutils_commands:/home/vboxuser/ros2_ws/install/examples_rclpy_guard_conditions/lib/python3.10/site-packages: /usr/bin/python3 -W ignore:setup.py install is deprecated -W ignore:easy_install command is deprecated setup.py egg_info --egg-base ../../../../build/examples_rclpy_guard_conditions build --build-base /home/vboxuser/ros2_ws/build/examples_rclpy_guard_conditions/build install --record /home/vboxuser/ros2_ws/build/examples_rclpy_guard_conditions/install.log --single-version-externally-managed install_data
[86.240s] Level 1:colcon.colcon_core.environment:checking '/home/vboxuser/ros2_ws/install/examples_rclpy_guard_conditions/bin'
[86.241s] Level 1:colcon.colcon_core.environment:checking '/home/vboxuser/ros2_ws/install/examples_rclpy_guard_conditions/lib/pkgconfig/examples_rclpy_guard_conditions.pc'
[86.241s] Level 1:colcon.colcon_core.environment:checking '/home/vboxuser/ros2_ws/install/examples_rclpy_guard_conditions/lib/python3.10/site-packages'
[86.242s] Level 1:colcon.colcon_core.shell:create_environment_hook('examples_rclpy_guard_conditions', 'pythonpath')
[86.243s] INFO:colcon.colcon_core.shell:Creating environment hook '/home/vboxuser/ros2_ws/install/examples_rclpy_guard_conditions/share/examples_rclpy_guard_conditions/hook/pythonpath.ps1'
[86.245s] INFO:colcon.colcon_core.shell:Creating environment descriptor '/home/vboxuser/ros2_ws/install/examples_rclpy_guard_conditions/share/examples_rclpy_guard_conditions/hook/pythonpath.dsv'
[86.247s] INFO:colcon.colcon_core.shell:Creating environment hook '/home/vboxuser/ros2_ws/install/examples_rclpy_guard_conditions/share/examples_rclpy_guard_conditions/hook/pythonpath.sh'
[86.250s] Level 1:colcon.colcon_core.environment:checking '/home/vboxuser/ros2_ws/install/examples_rclpy_guard_conditions/bin'
[86.251s] Level 1:colcon.colcon_core.environment:create_environment_scripts_only(examples_rclpy_guard_conditions)
[86.252s] INFO:colcon.colcon_core.shell:Creating package script '/home/vboxuser/ros2_ws/install/examples_rclpy_guard_conditions/share/examples_rclpy_guard_conditions/package.ps1'
[86.254s] INFO:colcon.colcon_core.shell:Creating package descriptor '/home/vboxuser/ros2_ws/install/examples_rclpy_guard_conditions/share/examples_rclpy_guard_conditions/package.dsv'
[86.259s] INFO:colcon.colcon_core.shell:Creating package script '/home/vboxuser/ros2_ws/install/examples_rclpy_guard_conditions/share/examples_rclpy_guard_conditions/package.sh'
[86.261s] INFO:colcon.colcon_core.shell:Creating package script '/home/vboxuser/ros2_ws/install/examples_rclpy_guard_conditions/share/examples_rclpy_guard_conditions/package.bash'
[86.264s] INFO:colcon.colcon_core.shell:Creating package script '/home/vboxuser/ros2_ws/install/examples_rclpy_guard_conditions/share/examples_rclpy_guard_conditions/package.zsh'
[86.267s] Level 1:colcon.colcon_core.environment:create_file_with_runtime_dependencies(/home/vboxuser/ros2_ws/install/examples_rclpy_guard_conditions/share/colcon-core/packages/examples_rclpy_guard_conditions)
[86.269s] Level 1:colcon.colcon_core.environment:checking '/home/vboxuser/ros2_ws/install/examples_rclpy_minimal_action_server' for CMake module files
[86.272s] Level 1:colcon.colcon_core.environment:checking '/home/vboxuser/ros2_ws/install/examples_rclpy_minimal_action_server' for CMake config files
[86.274s] DEBUG:colcon.colcon_core.event_handler.log_command:Invoked command in '/home/vboxuser/ros2_ws/src/examples/rclpy/actions/minimal_action_server' returned '0': PYTHONPATH=/home/vboxuser/ros2_ws/build/examples_rclpy_minimal_action_server/prefix_override:/usr/lib/python3/dist-packages/colcon_core/task/python/colcon_distutils_commands:/home/vboxuser/ros2_ws/install/examples_rclpy_minimal_action_server/lib/python3.10/site-packages: /usr/bin/python3 -W ignore:setup.py install is deprecated -W ignore:easy_install command is deprecated setup.py egg_info --egg-base ../../../../../build/examples_rclpy_minimal_action_server build --build-base /home/vboxuser/ros2_ws/build/examples_rclpy_minimal_action_server/build install --record /home/vboxuser/ros2_ws/build/examples_rclpy_minimal_action_server/install.log --single-version-externally-managed install_data
[86.275s] Level 1:colcon.colcon_core.environment:checking '/home/vboxuser/ros2_ws/install/examples_rclpy_minimal_action_server/lib'
[86.276s] Level 1:colcon.colcon_core.environment:checking '/home/vboxuser/ros2_ws/install/examples_rclpy_minimal_action_server/bin'
[86.276s] Level 1:colcon.colcon_core.environment:checking '/home/vboxuser/ros2_ws/install/examples_rclpy_minimal_action_server/lib/pkgconfig/examples_rclpy_minimal_action_server.pc'
[86.276s] Level 1:colcon.colcon_core.environment:checking '/home/vboxuser/ros2_ws/install/examples_rclpy_minimal_action_server/lib/python3.10/site-packages'
[86.276s] Level 1:colcon.colcon_core.shell:create_environment_hook('examples_rclpy_minimal_action_server', 'pythonpath')
[86.277s] INFO:colcon.colcon_core.shell:Creating environment hook '/home/vboxuser/ros2_ws/install/examples_rclpy_minimal_action_server/share/examples_rclpy_minimal_action_server/hook/pythonpath.ps1'
[86.279s] INFO:colcon.colcon_core.shell:Creating environment descriptor '/home/vboxuser/ros2_ws/install/examples_rclpy_minimal_action_server/share/examples_rclpy_minimal_action_server/hook/pythonpath.dsv'
[86.281s] INFO:colcon.colcon_core.shell:Creating environment hook '/home/vboxuser/ros2_ws/install/examples_rclpy_minimal_action_server/share/examples_rclpy_minimal_action_server/hook/pythonpath.sh'
[86.283s] Level 1:colcon.colcon_core.environment:checking '/home/vboxuser/ros2_ws/install/examples_rclpy_minimal_action_server/bin'
[86.283s] Level 1:colcon.colcon_core.environment:create_environment_scripts_only(examples_rclpy_minimal_action_server)
[86.284s] INFO:colcon.colcon_core.shell:Creating package script '/home/vboxuser/ros2_ws/install/examples_rclpy_minimal_action_server/share/examples_rclpy_minimal_action_server/package.ps1'
[86.286s] INFO:colcon.colcon_core.shell:Creating package descriptor '/home/vboxuser/ros2_ws/install/examples_rclpy_minimal_action_server/share/examples_rclpy_minimal_action_server/package.dsv'
[86.289s] INFO:colcon.colcon_core.shell:Creating package script '/home/vboxuser/ros2_ws/install/examples_rclpy_minimal_action_server/share/examples_rclpy_minimal_action_server/package.sh'
[86.291s] INFO:colcon.colcon_core.shell:Creating package script '/home/vboxuser/ros2_ws/install/examples_rclpy_minimal_action_server/share/examples_rclpy_minimal_action_server/package.bash'
[86.293s] INFO:colcon.colcon_core.shell:Creating package script '/home/vboxuser/ros2_ws/install/examples_rclpy_minimal_action_server/share/examples_rclpy_minimal_action_server/package.zsh'
[86.295s] Level 1:colcon.colcon_core.environment:create_file_with_runtime_dependencies(/home/vboxuser/ros2_ws/install/examples_rclpy_minimal_action_server/share/colcon-core/packages/examples_rclpy_minimal_action_server)
[86.298s] INFO:colcon.colcon_ros.task.ament_python.build:Building ROS package in '/home/vboxuser/ros2_ws/src/examples/rclpy/services/minimal_service' with build type 'ament_python'
[86.299s] Level 1:colcon.colcon_core.shell:create_environment_hook('examples_rclpy_minimal_service', 'ament_prefix_path')
[86.299s] INFO:colcon.colcon_core.shell:Creating environment hook '/home/vboxuser/ros2_ws/install/examples_rclpy_minimal_service/share/examples_rclpy_minimal_service/hook/ament_prefix_path.ps1'
[86.302s] INFO:colcon.colcon_core.shell:Creating environment descriptor '/home/vboxuser/ros2_ws/install/examples_rclpy_minimal_service/share/examples_rclpy_minimal_service/hook/ament_prefix_path.dsv'
[86.304s] INFO:colcon.colcon_core.shell:Creating environment hook '/home/vboxuser/ros2_ws/install/examples_rclpy_minimal_service/share/examples_rclpy_minimal_service/hook/ament_prefix_path.sh'
[86.306s] INFO:colcon.colcon_core.shell:Skip shell extension 'powershell' for command environment: Not usable outside of PowerShell
[86.307s] DEBUG:colcon.colcon_core.shell:Skip shell extension 'dsv' for command environment
[86.334s] INFO:colcon.colcon_ros.task.ament_python.build:Building ROS package in '/home/vboxuser/ros2_ws/src/examples/rclpy/topics/minimal_subscriber' with build type 'ament_python'
[86.335s] Level 1:colcon.colcon_core.shell:create_environment_hook('examples_rclpy_minimal_subscriber', 'ament_prefix_path')
[86.335s] INFO:colcon.colcon_core.shell:Creating environment hook '/home/vboxuser/ros2_ws/install/examples_rclpy_minimal_subscriber/share/examples_rclpy_minimal_subscriber/hook/ament_prefix_path.ps1'
[86.341s] INFO:colcon.colcon_core.shell:Creating environment descriptor '/home/vboxuser/ros2_ws/install/examples_rclpy_minimal_subscriber/share/examples_rclpy_minimal_subscriber/hook/ament_prefix_path.dsv'
[86.345s] INFO:colcon.colcon_core.shell:Creating environment hook '/home/vboxuser/ros2_ws/install/examples_rclpy_minimal_subscriber/share/examples_rclpy_minimal_subscriber/hook/ament_prefix_path.sh'
[86.348s] INFO:colcon.colcon_core.shell:Skip shell extension 'powershell' for command environment: Not usable outside of PowerShell
[86.349s] DEBUG:colcon.colcon_core.shell:Skip shell extension 'dsv' for command environment
[87.127s] INFO:colcon.colcon_core.task.python.build:Building Python package in '/home/vboxuser/ros2_ws/src/examples/rclpy/services/minimal_service'
[87.128s] INFO:colcon.colcon_core.shell:Skip shell extension 'powershell' for command environment: Not usable outside of PowerShell
[87.128s] DEBUG:colcon.colcon_core.shell:Skip shell extension 'dsv' for command environment
[87.719s] INFO:colcon.colcon_core.task.python.build:Building Python package in '/home/vboxuser/ros2_ws/src/examples/rclpy/topics/minimal_subscriber'
[87.728s] INFO:colcon.colcon_core.shell:Skip shell extension 'powershell' for command environment: Not usable outside of PowerShell
[87.728s] DEBUG:colcon.colcon_core.shell:Skip shell extension 'dsv' for command environment
[87.800s] DEBUG:colcon.colcon_core.event_handler.log_command:Invoking command in '/home/vboxuser/ros2_ws/src/examples/rclpy/topics/minimal_publisher': PYTHONPATH=/home/vboxuser/ros2_ws/build/examples_rclpy_minimal_publisher/prefix_override:/usr/lib/python3/dist-packages/colcon_core/task/python/colcon_distutils_commands:/home/vboxuser/ros2_ws/install/examples_rclpy_minimal_publisher/lib/python3.10/site-packages: /usr/bin/python3 -W ignore:setup.py install is deprecated -W ignore:easy_install command is deprecated setup.py egg_info --egg-base ../../../../../build/examples_rclpy_minimal_publisher build --build-base /home/vboxuser/ros2_ws/build/examples_rclpy_minimal_publisher/build install --record /home/vboxuser/ros2_ws/build/examples_rclpy_minimal_publisher/install.log --single-version-externally-managed install_data
[87.801s] DEBUG:colcon.colcon_core.event_handler.log_command:Invoking command in '/home/vboxuser/ros2_ws/src/examples/rclpy/services/minimal_client': PYTHONPATH=/home/vboxuser/ros2_ws/build/examples_rclpy_minimal_client/prefix_override:/usr/lib/python3/dist-packages/colcon_core/task/python/colcon_distutils_commands:/home/vboxuser/ros2_ws/install/examples_rclpy_minimal_client/lib/python3.10/site-packages: /usr/bin/python3 -W ignore:setup.py install is deprecated -W ignore:easy_install command is deprecated setup.py egg_info --egg-base ../../../../../build/examples_rclpy_minimal_client build --build-base /home/vboxuser/ros2_ws/build/examples_rclpy_minimal_client/build install --record /home/vboxuser/ros2_ws/build/examples_rclpy_minimal_client/install.log --single-version-externally-managed install_data
[88.926s] Level 1:colcon.colcon_core.environment:checking '/home/vboxuser/ros2_ws/install/examples_rclpy_minimal_publisher' for CMake module files
[88.927s] DEBUG:colcon.colcon_core.event_handler.log_command:Invoked command in '/home/vboxuser/ros2_ws/src/examples/rclpy/topics/minimal_publisher' returned '0': PYTHONPATH=/home/vboxuser/ros2_ws/build/examples_rclpy_minimal_publisher/prefix_override:/usr/lib/python3/dist-packages/colcon_core/task/python/colcon_distutils_commands:/home/vboxuser/ros2_ws/install/examples_rclpy_minimal_publisher/lib/python3.10/site-packages: /usr/bin/python3 -W ignore:setup.py install is deprecated -W ignore:easy_install command is deprecated setup.py egg_info --egg-base ../../../../../build/examples_rclpy_minimal_publisher build --build-base /home/vboxuser/ros2_ws/build/examples_rclpy_minimal_publisher/build install --record /home/vboxuser/ros2_ws/build/examples_rclpy_minimal_publisher/install.log --single-version-externally-managed install_data
[88.962s] Level 1:colcon.colcon_core.environment:checking '/home/vboxuser/ros2_ws/install/examples_rclpy_minimal_publisher' for CMake config files
[88.965s] Level 1:colcon.colcon_core.environment:checking '/home/vboxuser/ros2_ws/install/examples_rclpy_minimal_publisher/lib'
[88.965s] Level 1:colcon.colcon_core.environment:checking '/home/vboxuser/ros2_ws/install/examples_rclpy_minimal_publisher/bin'
[88.967s] Level 1:colcon.colcon_core.environment:checking '/home/vboxuser/ros2_ws/install/examples_rclpy_minimal_publisher/lib/pkgconfig/examples_rclpy_minimal_publisher.pc'
[88.968s] Level 1:colcon.colcon_core.environment:checking '/home/vboxuser/ros2_ws/install/examples_rclpy_minimal_publisher/lib/python3.10/site-packages'
[88.969s] Level 1:colcon.colcon_core.shell:create_environment_hook('examples_rclpy_minimal_publisher', 'pythonpath')
[88.973s] INFO:colcon.colcon_core.shell:Creating environment hook '/home/vboxuser/ros2_ws/install/examples_rclpy_minimal_publisher/share/examples_rclpy_minimal_publisher/hook/pythonpath.ps1'
[88.979s] INFO:colcon.colcon_core.shell:Creating environment descriptor '/home/vboxuser/ros2_ws/install/examples_rclpy_minimal_publisher/share/examples_rclpy_minimal_publisher/hook/pythonpath.dsv'
[88.986s] INFO:colcon.colcon_core.shell:Creating environment hook '/home/vboxuser/ros2_ws/install/examples_rclpy_minimal_publisher/share/examples_rclpy_minimal_publisher/hook/pythonpath.sh'
[88.988s] Level 1:colcon.colcon_core.environment:checking '/home/vboxuser/ros2_ws/install/examples_rclpy_minimal_publisher/bin'
[88.991s] Level 1:colcon.colcon_core.environment:create_environment_scripts_only(examples_rclpy_minimal_publisher)
[88.992s] INFO:colcon.colcon_core.shell:Creating package script '/home/vboxuser/ros2_ws/install/examples_rclpy_minimal_publisher/share/examples_rclpy_minimal_publisher/package.ps1'
[89.006s] INFO:colcon.colcon_core.shell:Creating package descriptor '/home/vboxuser/ros2_ws/install/examples_rclpy_minimal_publisher/share/examples_rclpy_minimal_publisher/package.dsv'
[89.011s] INFO:colcon.colcon_core.shell:Creating package script '/home/vboxuser/ros2_ws/install/examples_rclpy_minimal_publisher/share/examples_rclpy_minimal_publisher/package.sh'
[89.017s] INFO:colcon.colcon_core.shell:Creating package script '/home/vboxuser/ros2_ws/install/examples_rclpy_minimal_publisher/share/examples_rclpy_minimal_publisher/package.bash'
[89.024s] INFO:colcon.colcon_core.shell:Creating package script '/home/vboxuser/ros2_ws/install/examples_rclpy_minimal_publisher/share/examples_rclpy_minimal_publisher/package.zsh'
[89.026s] Level 1:colcon.colcon_core.environment:create_file_with_runtime_dependencies(/home/vboxuser/ros2_ws/install/examples_rclpy_minimal_publisher/share/colcon-core/packages/examples_rclpy_minimal_publisher)
[89.040s] INFO:colcon.colcon_ros.task.ament_python.build:Building ROS package in '/home/vboxuser/ros2_ws/src/examples/rclpy/topics/pointcloud_publisher' with build type 'ament_python'
[89.042s] Level 1:colcon.colcon_core.shell:create_environment_hook('examples_rclpy_pointcloud_publisher', 'ament_prefix_path')
[89.044s] INFO:colcon.colcon_core.shell:Creating environment hook '/home/vboxuser/ros2_ws/install/examples_rclpy_pointcloud_publisher/share/examples_rclpy_pointcloud_publisher/hook/ament_prefix_path.ps1'
[89.061s] INFO:colcon.colcon_core.shell:Creating environment descriptor '/home/vboxuser/ros2_ws/install/examples_rclpy_pointcloud_publisher/share/examples_rclpy_pointcloud_publisher/hook/ament_prefix_path.dsv'
[89.066s] INFO:colcon.colcon_core.shell:Creating environment hook '/home/vboxuser/ros2_ws/install/examples_rclpy_pointcloud_publisher/share/examples_rclpy_pointcloud_publisher/hook/ament_prefix_path.sh'
[89.071s] INFO:colcon.colcon_core.shell:Skip shell extension 'powershell' for command environment: Not usable outside of PowerShell
[89.075s] DEBUG:colcon.colcon_core.shell:Skip shell extension 'dsv' for command environment
[89.131s] Level 1:colcon.colcon_core.environment:checking '/home/vboxuser/ros2_ws/install/examples_rclpy_minimal_client' for CMake module files
[89.132s] Level 1:colcon.colcon_core.environment:checking '/home/vboxuser/ros2_ws/install/examples_rclpy_minimal_client' for CMake config files
[89.132s] Level 1:colcon.colcon_core.environment:checking '/home/vboxuser/ros2_ws/install/examples_rclpy_minimal_client/lib'
[89.133s] Level 1:colcon.colcon_core.environment:checking '/home/vboxuser/ros2_ws/install/examples_rclpy_minimal_client/bin'
[89.133s] Level 1:colcon.colcon_core.environment:checking '/home/vboxuser/ros2_ws/install/examples_rclpy_minimal_client/lib/pkgconfig/examples_rclpy_minimal_client.pc'
[89.133s] Level 1:colcon.colcon_core.environment:checking '/home/vboxuser/ros2_ws/install/examples_rclpy_minimal_client/lib/python3.10/site-packages'
[89.133s] Level 1:colcon.colcon_core.shell:create_environment_hook('examples_rclpy_minimal_client', 'pythonpath')
[89.138s] INFO:colcon.colcon_core.shell:Creating environment hook '/home/vboxuser/ros2_ws/install/examples_rclpy_minimal_client/share/examples_rclpy_minimal_client/hook/pythonpath.ps1'
[89.142s] DEBUG:colcon.colcon_core.event_handler.log_command:Invoked command in '/home/vboxuser/ros2_ws/src/examples/rclpy/services/minimal_client' returned '0': PYTHONPATH=/home/vboxuser/ros2_ws/build/examples_rclpy_minimal_client/prefix_override:/usr/lib/python3/dist-packages/colcon_core/task/python/colcon_distutils_commands:/home/vboxuser/ros2_ws/install/examples_rclpy_minimal_client/lib/python3.10/site-packages: /usr/bin/python3 -W ignore:setup.py install is deprecated -W ignore:easy_install command is deprecated setup.py egg_info --egg-base ../../../../../build/examples_rclpy_minimal_client build --build-base /home/vboxuser/ros2_ws/build/examples_rclpy_minimal_client/build install --record /home/vboxuser/ros2_ws/build/examples_rclpy_minimal_client/install.log --single-version-externally-managed install_data
[89.147s] INFO:colcon.colcon_core.shell:Creating environment descriptor '/home/vboxuser/ros2_ws/install/examples_rclpy_minimal_client/share/examples_rclpy_minimal_client/hook/pythonpath.dsv'
[89.150s] INFO:colcon.colcon_core.shell:Creating environment hook '/home/vboxuser/ros2_ws/install/examples_rclpy_minimal_client/share/examples_rclpy_minimal_client/hook/pythonpath.sh'
[89.154s] Level 1:colcon.colcon_core.environment:checking '/home/vboxuser/ros2_ws/install/examples_rclpy_minimal_client/bin'
[89.155s] Level 1:colcon.colcon_core.environment:create_environment_scripts_only(examples_rclpy_minimal_client)
[89.155s] INFO:colcon.colcon_core.shell:Creating package script '/home/vboxuser/ros2_ws/install/examples_rclpy_minimal_client/share/examples_rclpy_minimal_client/package.ps1'
[89.157s] INFO:colcon.colcon_core.shell:Creating package descriptor '/home/vboxuser/ros2_ws/install/examples_rclpy_minimal_client/share/examples_rclpy_minimal_client/package.dsv'
[89.159s] INFO:colcon.colcon_core.shell:Creating package script '/home/vboxuser/ros2_ws/install/examples_rclpy_minimal_client/share/examples_rclpy_minimal_client/package.sh'
[89.164s] INFO:colcon.colcon_core.shell:Creating package script '/home/vboxuser/ros2_ws/install/examples_rclpy_minimal_client/share/examples_rclpy_minimal_client/package.bash'
[89.173s] INFO:colcon.colcon_core.shell:Creating package script '/home/vboxuser/ros2_ws/install/examples_rclpy_minimal_client/share/examples_rclpy_minimal_client/package.zsh'
[89.174s] Level 1:colcon.colcon_core.environment:create_file_with_runtime_dependencies(/home/vboxuser/ros2_ws/install/examples_rclpy_minimal_client/share/colcon-core/packages/examples_rclpy_minimal_client)
[89.177s] INFO:colcon.colcon_ros.task.ament_python.build:Building ROS package in '/home/vboxuser/ros2_ws/src/examples/launch_testing/launch_testing_examples' with build type 'ament_python'
[89.178s] Level 1:colcon.colcon_core.shell:create_environment_hook('launch_testing_examples', 'ament_prefix_path')
[89.179s] INFO:colcon.colcon_core.shell:Creating environment hook '/home/vboxuser/ros2_ws/install/launch_testing_examples/share/launch_testing_examples/hook/ament_prefix_path.ps1'
[89.184s] INFO:colcon.colcon_core.shell:Creating environment descriptor '/home/vboxuser/ros2_ws/install/launch_testing_examples/share/launch_testing_examples/hook/ament_prefix_path.dsv'
[89.185s] INFO:colcon.colcon_core.shell:Creating environment hook '/home/vboxuser/ros2_ws/install/launch_testing_examples/share/launch_testing_examples/hook/ament_prefix_path.sh'
[89.191s] INFO:colcon.colcon_core.shell:Skip shell extension 'powershell' for command environment: Not usable outside of PowerShell
[89.191s] DEBUG:colcon.colcon_core.shell:Skip shell extension 'dsv' for command environment
[89.261s] DEBUG:colcon.colcon_core.event_handler.log_command:Invoking command in '/home/vboxuser/ros2_ws/src/examples/rclpy/services/minimal_service': PYTHONPATH=/home/vboxuser/ros2_ws/build/examples_rclpy_minimal_service/prefix_override:/usr/lib/python3/dist-packages/colcon_core/task/python/colcon_distutils_commands:/home/vboxuser/ros2_ws/install/examples_rclpy_minimal_service/lib/python3.10/site-packages: /usr/bin/python3 -W ignore:setup.py install is deprecated -W ignore:easy_install command is deprecated setup.py egg_info --egg-base ../../../../../build/examples_rclpy_minimal_service build --build-base /home/vboxuser/ros2_ws/build/examples_rclpy_minimal_service/build install --record /home/vboxuser/ros2_ws/build/examples_rclpy_minimal_service/install.log --single-version-externally-managed install_data
[89.262s] DEBUG:colcon.colcon_core.event_handler.log_command:Invoking command in '/home/vboxuser/ros2_ws/src/examples/rclpy/topics/minimal_subscriber': PYTHONPATH=/home/vboxuser/ros2_ws/build/examples_rclpy_minimal_subscriber/prefix_override:/usr/lib/python3/dist-packages/colcon_core/task/python/colcon_distutils_commands:/home/vboxuser/ros2_ws/install/examples_rclpy_minimal_subscriber/lib/python3.10/site-packages: /usr/bin/python3 -W ignore:setup.py install is deprecated -W ignore:easy_install command is deprecated setup.py egg_info --egg-base ../../../../../build/examples_rclpy_minimal_subscriber build --build-base /home/vboxuser/ros2_ws/build/examples_rclpy_minimal_subscriber/build install --record /home/vboxuser/ros2_ws/build/examples_rclpy_minimal_subscriber/install.log --single-version-externally-managed install_data
[89.738s] INFO:colcon.colcon_core.task.python.build:Building Python package in '/home/vboxuser/ros2_ws/src/examples/rclpy/topics/pointcloud_publisher'
[89.739s] INFO:colcon.colcon_core.shell:Skip shell extension 'powershell' for command environment: Not usable outside of PowerShell
[89.740s] DEBUG:colcon.colcon_core.shell:Skip shell extension 'dsv' for command environment
[90.347s] INFO:colcon.colcon_core.task.python.build:Building Python package in '/home/vboxuser/ros2_ws/src/examples/launch_testing/launch_testing_examples'
[90.348s] INFO:colcon.colcon_core.shell:Skip shell extension 'powershell' for command environment: Not usable outside of PowerShell
[90.349s] DEBUG:colcon.colcon_core.shell:Skip shell extension 'dsv' for command environment
[90.399s] Level 1:colcon.colcon_core.environment:checking '/home/vboxuser/ros2_ws/install/examples_rclpy_minimal_subscriber' for CMake module files
[90.400s] Level 1:colcon.colcon_core.environment:checking '/home/vboxuser/ros2_ws/install/examples_rclpy_minimal_subscriber' for CMake config files
[90.401s] DEBUG:colcon.colcon_core.event_handler.log_command:Invoked command in '/home/vboxuser/ros2_ws/src/examples/rclpy/topics/minimal_subscriber' returned '0': PYTHONPATH=/home/vboxuser/ros2_ws/build/examples_rclpy_minimal_subscriber/prefix_override:/usr/lib/python3/dist-packages/colcon_core/task/python/colcon_distutils_commands:/home/vboxuser/ros2_ws/install/examples_rclpy_minimal_subscriber/lib/python3.10/site-packages: /usr/bin/python3 -W ignore:setup.py install is deprecated -W ignore:easy_install command is deprecated setup.py egg_info --egg-base ../../../../../build/examples_rclpy_minimal_subscriber build --build-base /home/vboxuser/ros2_ws/build/examples_rclpy_minimal_subscriber/build install --record /home/vboxuser/ros2_ws/build/examples_rclpy_minimal_subscriber/install.log --single-version-externally-managed install_data
[90.404s] Level 1:colcon.colcon_core.environment:checking '/home/vboxuser/ros2_ws/install/examples_rclpy_minimal_subscriber/lib'
[90.406s] Level 1:colcon.colcon_core.environment:checking '/home/vboxuser/ros2_ws/install/examples_rclpy_minimal_subscriber/bin'
[90.406s] Level 1:colcon.colcon_core.environment:checking '/home/vboxuser/ros2_ws/install/examples_rclpy_minimal_subscriber/lib/pkgconfig/examples_rclpy_minimal_subscriber.pc'
[90.407s] Level 1:colcon.colcon_core.environment:checking '/home/vboxuser/ros2_ws/install/examples_rclpy_minimal_subscriber/lib/python3.10/site-packages'
[90.407s] Level 1:colcon.colcon_core.shell:create_environment_hook('examples_rclpy_minimal_subscriber', 'pythonpath')
[90.408s] INFO:colcon.colcon_core.shell:Creating environment hook '/home/vboxuser/ros2_ws/install/examples_rclpy_minimal_subscriber/share/examples_rclpy_minimal_subscriber/hook/pythonpath.ps1'
[90.411s] INFO:colcon.colcon_core.shell:Creating environment descriptor '/home/vboxuser/ros2_ws/install/examples_rclpy_minimal_subscriber/share/examples_rclpy_minimal_subscriber/hook/pythonpath.dsv'
[90.413s] INFO:colcon.colcon_core.shell:Creating environment hook '/home/vboxuser/ros2_ws/install/examples_rclpy_minimal_subscriber/share/examples_rclpy_minimal_subscriber/hook/pythonpath.sh'
[90.418s] Level 1:colcon.colcon_core.environment:checking '/home/vboxuser/ros2_ws/install/examples_rclpy_minimal_subscriber/bin'
[90.418s] Level 1:colcon.colcon_core.environment:create_environment_scripts_only(examples_rclpy_minimal_subscriber)
[90.419s] INFO:colcon.colcon_core.shell:Creating package script '/home/vboxuser/ros2_ws/install/examples_rclpy_minimal_subscriber/share/examples_rclpy_minimal_subscriber/package.ps1'
[90.420s] INFO:colcon.colcon_core.shell:Creating package descriptor '/home/vboxuser/ros2_ws/install/examples_rclpy_minimal_subscriber/share/examples_rclpy_minimal_subscriber/package.dsv'
[90.424s] INFO:colcon.colcon_core.shell:Creating package script '/home/vboxuser/ros2_ws/install/examples_rclpy_minimal_subscriber/share/examples_rclpy_minimal_subscriber/package.sh'
[90.427s] INFO:colcon.colcon_core.shell:Creating package script '/home/vboxuser/ros2_ws/install/examples_rclpy_minimal_subscriber/share/examples_rclpy_minimal_subscriber/package.bash'
[90.428s] INFO:colcon.colcon_core.shell:Creating package script '/home/vboxuser/ros2_ws/install/examples_rclpy_minimal_subscriber/share/examples_rclpy_minimal_subscriber/package.zsh'
[90.430s] Level 1:colcon.colcon_core.environment:create_file_with_runtime_dependencies(/home/vboxuser/ros2_ws/install/examples_rclpy_minimal_subscriber/share/colcon-core/packages/examples_rclpy_minimal_subscriber)
[90.434s] Level 1:colcon.colcon_core.environment:checking '/home/vboxuser/ros2_ws/install/examples_rclpy_minimal_service' for CMake module files
[90.440s] Level 1:colcon.colcon_core.environment:checking '/home/vboxuser/ros2_ws/install/examples_rclpy_minimal_service' for CMake config files
[90.437s] DEBUG:colcon.colcon_core.event_handler.log_command:Invoked command in '/home/vboxuser/ros2_ws/src/examples/rclpy/services/minimal_service' returned '0': PYTHONPATH=/home/vboxuser/ros2_ws/build/examples_rclpy_minimal_service/prefix_override:/usr/lib/python3/dist-packages/colcon_core/task/python/colcon_distutils_commands:/home/vboxuser/ros2_ws/install/examples_rclpy_minimal_service/lib/python3.10/site-packages: /usr/bin/python3 -W ignore:setup.py install is deprecated -W ignore:easy_install command is deprecated setup.py egg_info --egg-base ../../../../../build/examples_rclpy_minimal_service build --build-base /home/vboxuser/ros2_ws/build/examples_rclpy_minimal_service/build install --record /home/vboxuser/ros2_ws/build/examples_rclpy_minimal_service/install.log --single-version-externally-managed install_data
[90.444s] Level 1:colcon.colcon_core.environment:checking '/home/vboxuser/ros2_ws/install/examples_rclpy_minimal_service/lib'
[90.444s] Level 1:colcon.colcon_core.environment:checking '/home/vboxuser/ros2_ws/install/examples_rclpy_minimal_service/bin'
[90.444s] Level 1:colcon.colcon_core.environment:checking '/home/vboxuser/ros2_ws/install/examples_rclpy_minimal_service/lib/pkgconfig/examples_rclpy_minimal_service.pc'
[90.444s] Level 1:colcon.colcon_core.environment:checking '/home/vboxuser/ros2_ws/install/examples_rclpy_minimal_service/lib/python3.10/site-packages'
[90.444s] Level 1:colcon.colcon_core.shell:create_environment_hook('examples_rclpy_minimal_service', 'pythonpath')
[90.445s] INFO:colcon.colcon_core.shell:Creating environment hook '/home/vboxuser/ros2_ws/install/examples_rclpy_minimal_service/share/examples_rclpy_minimal_service/hook/pythonpath.ps1'
[90.446s] INFO:colcon.colcon_core.shell:Creating environment descriptor '/home/vboxuser/ros2_ws/install/examples_rclpy_minimal_service/share/examples_rclpy_minimal_service/hook/pythonpath.dsv'
[90.447s] INFO:colcon.colcon_core.shell:Creating environment hook '/home/vboxuser/ros2_ws/install/examples_rclpy_minimal_service/share/examples_rclpy_minimal_service/hook/pythonpath.sh'
[90.449s] Level 1:colcon.colcon_core.environment:checking '/home/vboxuser/ros2_ws/install/examples_rclpy_minimal_service/bin'
[90.450s] Level 1:colcon.colcon_core.environment:create_environment_scripts_only(examples_rclpy_minimal_service)
[90.450s] INFO:colcon.colcon_core.shell:Creating package script '/home/vboxuser/ros2_ws/install/examples_rclpy_minimal_service/share/examples_rclpy_minimal_service/package.ps1'
[90.451s] INFO:colcon.colcon_core.shell:Creating package descriptor '/home/vboxuser/ros2_ws/install/examples_rclpy_minimal_service/share/examples_rclpy_minimal_service/package.dsv'
[90.453s] INFO:colcon.colcon_core.shell:Creating package script '/home/vboxuser/ros2_ws/install/examples_rclpy_minimal_service/share/examples_rclpy_minimal_service/package.sh'
[90.454s] INFO:colcon.colcon_core.shell:Creating package script '/home/vboxuser/ros2_ws/install/examples_rclpy_minimal_service/share/examples_rclpy_minimal_service/package.bash'
[90.455s] INFO:colcon.colcon_core.shell:Creating package script '/home/vboxuser/ros2_ws/install/examples_rclpy_minimal_service/share/examples_rclpy_minimal_service/package.zsh'
[90.456s] Level 1:colcon.colcon_core.environment:create_file_with_runtime_dependencies(/home/vboxuser/ros2_ws/install/examples_rclpy_minimal_service/share/colcon-core/packages/examples_rclpy_minimal_service)
[90.465s] INFO:colcon.colcon_ros.task.ament_cmake.build:Building ROS package in '/home/vboxuser/ros2_ws/src/my_package' with build type 'ament_cmake'
[90.466s] INFO:colcon.colcon_cmake.task.cmake.build:Building CMake package in '/home/vboxuser/ros2_ws/src/my_package'
[90.466s] INFO:colcon.colcon_core.shell:Skip shell extension 'powershell' for command environment: Not usable outside of PowerShell
[90.466s] DEBUG:colcon.colcon_core.shell:Skip shell extension 'dsv' for command environment
[90.506s] INFO:colcon.colcon_ros.task.ament_python.build:Building ROS package in '/home/vboxuser/ros2_ws/src/py_pubsub' with build type 'ament_python'
[90.506s] Level 1:colcon.colcon_core.shell:create_environment_hook('py_pubsub', 'ament_prefix_path')
[90.507s] INFO:colcon.colcon_core.shell:Creating environment hook '/home/vboxuser/ros2_ws/install/py_pubsub/share/py_pubsub/hook/ament_prefix_path.ps1'
[90.508s] INFO:colcon.colcon_core.shell:Creating environment descriptor '/home/vboxuser/ros2_ws/install/py_pubsub/share/py_pubsub/hook/ament_prefix_path.dsv'
[90.509s] INFO:colcon.colcon_core.shell:Creating environment hook '/home/vboxuser/ros2_ws/install/py_pubsub/share/py_pubsub/hook/ament_prefix_path.sh'
[90.516s] INFO:colcon.colcon_core.shell:Skip shell extension 'powershell' for command environment: Not usable outside of PowerShell
[90.516s] DEBUG:colcon.colcon_core.shell:Skip shell extension 'dsv' for command environment
[90.603s] DEBUG:colcon.colcon_core.event_handler.log_command:Invoking command in '/home/vboxuser/ros2_ws/build/my_package': /usr/bin/cmake --build /home/vboxuser/ros2_ws/build/my_package -- -j4 -l4
[91.658s] INFO:colcon.colcon_core.task.python.build:Building Python package in '/home/vboxuser/ros2_ws/src/py_pubsub'
[91.658s] INFO:colcon.colcon_core.shell:Skip shell extension 'powershell' for command environment: Not usable outside of PowerShell
[91.659s] DEBUG:colcon.colcon_core.shell:Skip shell extension 'dsv' for command environment
[91.722s] DEBUG:colcon.colcon_core.event_handler.log_command:Invoking command in '/home/vboxuser/ros2_ws/src/examples/rclpy/topics/pointcloud_publisher': PYTHONPATH=/home/vboxuser/ros2_ws/build/examples_rclpy_pointcloud_publisher/prefix_override:/usr/lib/python3/dist-packages/colcon_core/task/python/colcon_distutils_commands:/home/vboxuser/ros2_ws/install/examples_rclpy_pointcloud_publisher/lib/python3.10/site-packages: /usr/bin/python3 -W ignore:setup.py install is deprecated -W ignore:easy_install command is deprecated setup.py egg_info --egg-base ../../../../../build/examples_rclpy_pointcloud_publisher build --build-base /home/vboxuser/ros2_ws/build/examples_rclpy_pointcloud_publisher/build install --record /home/vboxuser/ros2_ws/build/examples_rclpy_pointcloud_publisher/install.log --single-version-externally-managed install_data
[91.728s] DEBUG:colcon.colcon_core.event_handler.log_command:Invoked command in '/home/vboxuser/ros2_ws/build/my_package' returned '0': /usr/bin/cmake --build /home/vboxuser/ros2_ws/build/my_package -- -j4 -l4
[91.749s] DEBUG:colcon.colcon_core.event_handler.log_command:Invoking command in '/home/vboxuser/ros2_ws/build/my_package': /usr/bin/cmake --install /home/vboxuser/ros2_ws/build/my_package
[91.845s] DEBUG:colcon.colcon_core.event_handler.log_command:Invoking command in '/home/vboxuser/ros2_ws/src/examples/launch_testing/launch_testing_examples': PYTHONPATH=/home/vboxuser/ros2_ws/build/launch_testing_examples/prefix_override:/usr/lib/python3/dist-packages/colcon_core/task/python/colcon_distutils_commands:/home/vboxuser/ros2_ws/install/launch_testing_examples/lib/python3.10/site-packages: /usr/bin/python3 -W ignore:setup.py install is deprecated -W ignore:easy_install command is deprecated setup.py egg_info --egg-base ../../../../build/launch_testing_examples build --build-base /home/vboxuser/ros2_ws/build/launch_testing_examples/build install --record /home/vboxuser/ros2_ws/build/launch_testing_examples/install.log --single-version-externally-managed install_data
[91.865s] Level 1:colcon.colcon_core.environment:create_environment_scripts_only(my_package)
[91.865s] Level 1:colcon.colcon_core.environment:checking '/home/vboxuser/ros2_ws/install/my_package' for CMake module files
[91.866s] Level 1:colcon.colcon_core.environment:checking '/home/vboxuser/ros2_ws/install/my_package' for CMake config files
[91.866s] Level 1:colcon.colcon_core.shell:create_environment_hook('my_package', 'cmake_prefix_path')
[91.866s] INFO:colcon.colcon_core.shell:Creating environment hook '/home/vboxuser/ros2_ws/install/my_package/share/my_package/hook/cmake_prefix_path.ps1'
[91.867s] INFO:colcon.colcon_core.shell:Creating environment descriptor '/home/vboxuser/ros2_ws/install/my_package/share/my_package/hook/cmake_prefix_path.dsv'
[91.882s] DEBUG:colcon.colcon_core.event_handler.log_command:Invoked command in '/home/vboxuser/ros2_ws/build/my_package' returned '0': /usr/bin/cmake --install /home/vboxuser/ros2_ws/build/my_package
[91.883s] INFO:colcon.colcon_core.shell:Creating environment hook '/home/vboxuser/ros2_ws/install/my_package/share/my_package/hook/cmake_prefix_path.sh'
[91.885s] Level 1:colcon.colcon_core.environment:checking '/home/vboxuser/ros2_ws/install/my_package/lib'
[91.885s] Level 1:colcon.colcon_core.environment:checking '/home/vboxuser/ros2_ws/install/my_package/bin'
[91.885s] Level 1:colcon.colcon_core.environment:checking '/home/vboxuser/ros2_ws/install/my_package/lib/pkgconfig/my_package.pc'
[91.886s] Level 1:colcon.colcon_core.environment:checking '/home/vboxuser/ros2_ws/install/my_package/lib/python3.10/site-packages'
[91.886s] Level 1:colcon.colcon_core.environment:checking '/home/vboxuser/ros2_ws/install/my_package/bin'
[91.889s] INFO:colcon.colcon_core.shell:Creating package script '/home/vboxuser/ros2_ws/install/my_package/share/my_package/package.ps1'
[91.890s] INFO:colcon.colcon_core.shell:Creating package descriptor '/home/vboxuser/ros2_ws/install/my_package/share/my_package/package.dsv'
[91.913s] INFO:colcon.colcon_core.shell:Creating package script '/home/vboxuser/ros2_ws/install/my_package/share/my_package/package.sh'
[91.925s] INFO:colcon.colcon_core.shell:Creating package script '/home/vboxuser/ros2_ws/install/my_package/share/my_package/package.bash'
[91.928s] INFO:colcon.colcon_core.shell:Creating package script '/home/vboxuser/ros2_ws/install/my_package/share/my_package/package.zsh'
[91.929s] Level 1:colcon.colcon_core.environment:create_file_with_runtime_dependencies(/home/vboxuser/ros2_ws/install/my_package/share/colcon-core/packages/my_package)
[91.949s] Level 1:colcon.colcon_core.environment:create_environment_scripts_only(my_package)
[91.950s] Level 1:colcon.colcon_core.environment:checking '/home/vboxuser/ros2_ws/install/my_package' for CMake module files
[91.953s] Level 1:colcon.colcon_core.environment:checking '/home/vboxuser/ros2_ws/install/my_package' for CMake config files
[91.954s] Level 1:colcon.colcon_core.shell:create_environment_hook('my_package', 'cmake_prefix_path')
[91.954s] INFO:colcon.colcon_core.shell:Creating environment hook '/home/vboxuser/ros2_ws/install/my_package/share/my_package/hook/cmake_prefix_path.ps1'
[91.956s] INFO:colcon.colcon_core.shell:Creating environment descriptor '/home/vboxuser/ros2_ws/install/my_package/share/my_package/hook/cmake_prefix_path.dsv'
[91.960s] INFO:colcon.colcon_core.shell:Creating environment hook '/home/vboxuser/ros2_ws/install/my_package/share/my_package/hook/cmake_prefix_path.sh'
[91.962s] Level 1:colcon.colcon_core.environment:checking '/home/vboxuser/ros2_ws/install/my_package/lib'
[91.962s] Level 1:colcon.colcon_core.environment:checking '/home/vboxuser/ros2_ws/install/my_package/bin'
[91.963s] Level 1:colcon.colcon_core.environment:checking '/home/vboxuser/ros2_ws/install/my_package/lib/pkgconfig/my_package.pc'
[91.963s] Level 1:colcon.colcon_core.environment:checking '/home/vboxuser/ros2_ws/install/my_package/lib/python3.10/site-packages'
[91.965s] Level 1:colcon.colcon_core.environment:checking '/home/vboxuser/ros2_ws/install/my_package/bin'
[91.971s] INFO:colcon.colcon_core.shell:Creating package script '/home/vboxuser/ros2_ws/install/my_package/share/my_package/package.ps1'
[91.973s] INFO:colcon.colcon_core.shell:Creating package descriptor '/home/vboxuser/ros2_ws/install/my_package/share/my_package/package.dsv'
[92.013s] INFO:colcon.colcon_core.shell:Creating package script '/home/vboxuser/ros2_ws/install/my_package/share/my_package/package.sh'
[92.020s] INFO:colcon.colcon_core.shell:Creating package script '/home/vboxuser/ros2_ws/install/my_package/share/my_package/package.bash'
[92.022s] INFO:colcon.colcon_core.shell:Creating package script '/home/vboxuser/ros2_ws/install/my_package/share/my_package/package.zsh'
[92.024s] Level 1:colcon.colcon_core.environment:create_file_with_runtime_dependencies(/home/vboxuser/ros2_ws/install/my_package/share/colcon-core/packages/my_package)
[92.025s] INFO:colcon.colcon_ros.task.ament_python.build:Building ROS package in '/home/vboxuser/ros2_ws/src/read_rosbag' with build type 'ament_python'
[92.025s] Level 1:colcon.colcon_core.shell:create_environment_hook('read_rosbag', 'ament_prefix_path')
[92.026s] INFO:colcon.colcon_core.shell:Creating environment hook '/home/vboxuser/ros2_ws/install/read_rosbag/share/read_rosbag/hook/ament_prefix_path.ps1'
[92.027s] INFO:colcon.colcon_core.shell:Creating environment descriptor '/home/vboxuser/ros2_ws/install/read_rosbag/share/read_rosbag/hook/ament_prefix_path.dsv'
[92.029s] INFO:colcon.colcon_core.shell:Creating environment hook '/home/vboxuser/ros2_ws/install/read_rosbag/share/read_rosbag/hook/ament_prefix_path.sh'
[92.034s] INFO:colcon.colcon_core.shell:Skip shell extension 'powershell' for command environment: Not usable outside of PowerShell
[92.034s] DEBUG:colcon.colcon_core.shell:Skip shell extension 'dsv' for command environment
[93.183s] INFO:colcon.colcon_core.task.python.build:Building Python package in '/home/vboxuser/ros2_ws/src/read_rosbag'
[93.183s] INFO:colcon.colcon_core.shell:Skip shell extension 'powershell' for command environment: Not usable outside of PowerShell
[93.183s] DEBUG:colcon.colcon_core.shell:Skip shell extension 'dsv' for command environment
[93.253s] DEBUG:colcon.colcon_core.event_handler.log_command:Invoking command in '/home/vboxuser/ros2_ws/src/py_pubsub': PYTHONPATH=/home/vboxuser/ros2_ws/build/py_pubsub/prefix_override:/usr/lib/python3/dist-packages/colcon_core/task/python/colcon_distutils_commands:/home/vboxuser/ros2_ws/install/py_pubsub/lib/python3.10/site-packages: /usr/bin/python3 -W ignore:setup.py install is deprecated -W ignore:easy_install command is deprecated setup.py egg_info --egg-base ../../build/py_pubsub build --build-base /home/vboxuser/ros2_ws/build/py_pubsub/build install --record /home/vboxuser/ros2_ws/build/py_pubsub/install.log --single-version-externally-managed install_data
[93.273s] Level 1:colcon.colcon_core.environment:checking '/home/vboxuser/ros2_ws/install/examples_rclpy_pointcloud_publisher' for CMake module files
[93.277s] Level 1:colcon.colcon_core.environment:checking '/home/vboxuser/ros2_ws/install/examples_rclpy_pointcloud_publisher' for CMake config files
[93.277s] Level 1:colcon.colcon_core.environment:checking '/home/vboxuser/ros2_ws/install/examples_rclpy_pointcloud_publisher/lib'
[93.278s] Level 1:colcon.colcon_core.environment:checking '/home/vboxuser/ros2_ws/install/examples_rclpy_pointcloud_publisher/bin'
[93.278s] Level 1:colcon.colcon_core.environment:checking '/home/vboxuser/ros2_ws/install/examples_rclpy_pointcloud_publisher/lib/pkgconfig/examples_rclpy_pointcloud_publisher.pc'
[93.278s] Level 1:colcon.colcon_core.environment:checking '/home/vboxuser/ros2_ws/install/examples_rclpy_pointcloud_publisher/lib/python3.10/site-packages'
[93.278s] Level 1:colcon.colcon_core.shell:create_environment_hook('examples_rclpy_pointcloud_publisher', 'pythonpath')
[93.279s] INFO:colcon.colcon_core.shell:Creating environment hook '/home/vboxuser/ros2_ws/install/examples_rclpy_pointcloud_publisher/share/examples_rclpy_pointcloud_publisher/hook/pythonpath.ps1'
[93.279s] INFO:colcon.colcon_core.shell:Creating environment descriptor '/home/vboxuser/ros2_ws/install/examples_rclpy_pointcloud_publisher/share/examples_rclpy_pointcloud_publisher/hook/pythonpath.dsv'
[93.280s] INFO:colcon.colcon_core.shell:Creating environment hook '/home/vboxuser/ros2_ws/install/examples_rclpy_pointcloud_publisher/share/examples_rclpy_pointcloud_publisher/hook/pythonpath.sh'
[93.294s] DEBUG:colcon.colcon_core.event_handler.log_command:Invoked command in '/home/vboxuser/ros2_ws/src/examples/rclpy/topics/pointcloud_publisher' returned '0': PYTHONPATH=/home/vboxuser/ros2_ws/build/examples_rclpy_pointcloud_publisher/prefix_override:/usr/lib/python3/dist-packages/colcon_core/task/python/colcon_distutils_commands:/home/vboxuser/ros2_ws/install/examples_rclpy_pointcloud_publisher/lib/python3.10/site-packages: /usr/bin/python3 -W ignore:setup.py install is deprecated -W ignore:easy_install command is deprecated setup.py egg_info --egg-base ../../../../../build/examples_rclpy_pointcloud_publisher build --build-base /home/vboxuser/ros2_ws/build/examples_rclpy_pointcloud_publisher/build install --record /home/vboxuser/ros2_ws/build/examples_rclpy_pointcloud_publisher/install.log --single-version-externally-managed install_data
[93.297s] Level 1:colcon.colcon_core.environment:checking '/home/vboxuser/ros2_ws/install/examples_rclpy_pointcloud_publisher/bin'
[93.297s] Level 1:colcon.colcon_core.environment:create_environment_scripts_only(examples_rclpy_pointcloud_publisher)
[93.298s] INFO:colcon.colcon_core.shell:Creating package script '/home/vboxuser/ros2_ws/install/examples_rclpy_pointcloud_publisher/share/examples_rclpy_pointcloud_publisher/package.ps1'
[93.320s] INFO:colcon.colcon_core.shell:Creating package descriptor '/home/vboxuser/ros2_ws/install/examples_rclpy_pointcloud_publisher/share/examples_rclpy_pointcloud_publisher/package.dsv'
[93.339s] INFO:colcon.colcon_core.shell:Creating package script '/home/vboxuser/ros2_ws/install/examples_rclpy_pointcloud_publisher/share/examples_rclpy_pointcloud_publisher/package.sh'
[93.341s] INFO:colcon.colcon_core.shell:Creating package script '/home/vboxuser/ros2_ws/install/examples_rclpy_pointcloud_publisher/share/examples_rclpy_pointcloud_publisher/package.bash'
[93.342s] INFO:colcon.colcon_core.shell:Creating package script '/home/vboxuser/ros2_ws/install/examples_rclpy_pointcloud_publisher/share/examples_rclpy_pointcloud_publisher/package.zsh'
[93.343s] Level 1:colcon.colcon_core.environment:create_file_with_runtime_dependencies(/home/vboxuser/ros2_ws/install/examples_rclpy_pointcloud_publisher/share/colcon-core/packages/examples_rclpy_pointcloud_publisher)
[93.361s] Level 1:colcon.colcon_core.environment:checking '/home/vboxuser/ros2_ws/install/launch_testing_examples' for CMake module files
[93.364s] Level 1:colcon.colcon_core.environment:checking '/home/vboxuser/ros2_ws/install/launch_testing_examples' for CMake config files
[93.366s] DEBUG:colcon.colcon_core.event_handler.log_command:Invoked command in '/home/vboxuser/ros2_ws/src/examples/launch_testing/launch_testing_examples' returned '0': PYTHONPATH=/home/vboxuser/ros2_ws/build/launch_testing_examples/prefix_override:/usr/lib/python3/dist-packages/colcon_core/task/python/colcon_distutils_commands:/home/vboxuser/ros2_ws/install/launch_testing_examples/lib/python3.10/site-packages: /usr/bin/python3 -W ignore:setup.py install is deprecated -W ignore:easy_install command is deprecated setup.py egg_info --egg-base ../../../../build/launch_testing_examples build --build-base /home/vboxuser/ros2_ws/build/launch_testing_examples/build install --record /home/vboxuser/ros2_ws/build/launch_testing_examples/install.log --single-version-externally-managed install_data
[93.367s] Level 1:colcon.colcon_core.environment:checking '/home/vboxuser/ros2_ws/install/launch_testing_examples/lib'
[93.368s] Level 1:colcon.colcon_core.environment:checking '/home/vboxuser/ros2_ws/install/launch_testing_examples/bin'
[93.368s] Level 1:colcon.colcon_core.environment:checking '/home/vboxuser/ros2_ws/install/launch_testing_examples/lib/pkgconfig/launch_testing_examples.pc'
[93.368s] Level 1:colcon.colcon_core.environment:checking '/home/vboxuser/ros2_ws/install/launch_testing_examples/lib/python3.10/site-packages'
[93.368s] Level 1:colcon.colcon_core.shell:create_environment_hook('launch_testing_examples', 'pythonpath')
[93.368s] INFO:colcon.colcon_core.shell:Creating environment hook '/home/vboxuser/ros2_ws/install/launch_testing_examples/share/launch_testing_examples/hook/pythonpath.ps1'
[93.369s] INFO:colcon.colcon_core.shell:Creating environment descriptor '/home/vboxuser/ros2_ws/install/launch_testing_examples/share/launch_testing_examples/hook/pythonpath.dsv'
[93.387s] INFO:colcon.colcon_core.shell:Creating environment hook '/home/vboxuser/ros2_ws/install/launch_testing_examples/share/launch_testing_examples/hook/pythonpath.sh'
[93.394s] Level 1:colcon.colcon_core.environment:checking '/home/vboxuser/ros2_ws/install/launch_testing_examples/bin'
[93.396s] Level 1:colcon.colcon_core.environment:create_environment_scripts_only(launch_testing_examples)
[93.397s] INFO:colcon.colcon_core.shell:Creating package script '/home/vboxuser/ros2_ws/install/launch_testing_examples/share/launch_testing_examples/package.ps1'
[93.402s] INFO:colcon.colcon_core.shell:Creating package descriptor '/home/vboxuser/ros2_ws/install/launch_testing_examples/share/launch_testing_examples/package.dsv'
[93.404s] INFO:colcon.colcon_core.shell:Creating package script '/home/vboxuser/ros2_ws/install/launch_testing_examples/share/launch_testing_examples/package.sh'
[93.409s] INFO:colcon.colcon_core.shell:Creating package script '/home/vboxuser/ros2_ws/install/launch_testing_examples/share/launch_testing_examples/package.bash'
[93.411s] INFO:colcon.colcon_core.shell:Creating package script '/home/vboxuser/ros2_ws/install/launch_testing_examples/share/launch_testing_examples/package.zsh'
[93.416s] Level 1:colcon.colcon_core.environment:create_file_with_runtime_dependencies(/home/vboxuser/ros2_ws/install/launch_testing_examples/share/colcon-core/packages/launch_testing_examples)
[93.420s] INFO:colcon.colcon_ros.task.ament_cmake.build:Building ROS package in '/home/vboxuser/ros2_ws/src/ros_tutorials/turtlesim' with build type 'ament_cmake'
[93.420s] INFO:colcon.colcon_cmake.task.cmake.build:Building CMake package in '/home/vboxuser/ros2_ws/src/ros_tutorials/turtlesim'
[93.424s] INFO:colcon.colcon_core.shell:Skip shell extension 'powershell' for command environment: Not usable outside of PowerShell
[93.426s] DEBUG:colcon.colcon_core.shell:Skip shell extension 'dsv' for command environment
[93.461s] INFO:colcon.colcon_ros.task.ament_cmake.build:Building ROS package in '/home/vboxuser/ros2_ws/src/transport_drivers/udp_driver' with build type 'ament_cmake'
[93.461s] INFO:colcon.colcon_cmake.task.cmake.build:Building CMake package in '/home/vboxuser/ros2_ws/src/transport_drivers/udp_driver'
[93.461s] INFO:colcon.colcon_core.shell:Skip shell extension 'powershell' for command environment: Not usable outside of PowerShell
[93.461s] DEBUG:colcon.colcon_core.shell:Skip shell extension 'dsv' for command environment
[93.522s] DEBUG:colcon.colcon_core.event_handler.log_command:Invoking command in '/home/vboxuser/ros2_ws/build/turtlesim': /usr/bin/cmake --build /home/vboxuser/ros2_ws/build/turtlesim -- -j4 -l4
[93.614s] DEBUG:colcon.colcon_core.event_handler.log_command:Invoking command in '/home/vboxuser/ros2_ws/build/udp_driver': AMENT_PREFIX_PATH=/home/vboxuser/ros2_ws/install/io_context:/home/vboxuser/ros2_ws/install/asio_cmake_module CMAKE_PREFIX_PATH=/home/vboxuser/ros2_ws/install/io_context:/home/vboxuser/ros2_ws/install/asio_cmake_module LD_LIBRARY_PATH=/home/vboxuser/ros2_ws/install/io_context/lib /usr/bin/cmake --build /home/vboxuser/ros2_ws/build/udp_driver -- -j4 -l4
[94.263s] Level 1:colcon.colcon_core.environment:checking '/home/vboxuser/ros2_ws/install/py_pubsub' for CMake module files
[94.266s] DEBUG:colcon.colcon_core.event_handler.log_command:Invoked command in '/home/vboxuser/ros2_ws/src/py_pubsub' returned '0': PYTHONPATH=/home/vboxuser/ros2_ws/build/py_pubsub/prefix_override:/usr/lib/python3/dist-packages/colcon_core/task/python/colcon_distutils_commands:/home/vboxuser/ros2_ws/install/py_pubsub/lib/python3.10/site-packages: /usr/bin/python3 -W ignore:setup.py install is deprecated -W ignore:easy_install command is deprecated setup.py egg_info --egg-base ../../build/py_pubsub build --build-base /home/vboxuser/ros2_ws/build/py_pubsub/build install --record /home/vboxuser/ros2_ws/build/py_pubsub/install.log --single-version-externally-managed install_data
[94.271s] Level 1:colcon.colcon_core.environment:checking '/home/vboxuser/ros2_ws/install/py_pubsub' for CMake config files
[94.272s] Level 1:colcon.colcon_core.environment:checking '/home/vboxuser/ros2_ws/install/py_pubsub/lib'
[94.276s] Level 1:colcon.colcon_core.environment:checking '/home/vboxuser/ros2_ws/install/py_pubsub/bin'
[94.277s] Level 1:colcon.colcon_core.environment:checking '/home/vboxuser/ros2_ws/install/py_pubsub/lib/pkgconfig/py_pubsub.pc'
[94.277s] Level 1:colcon.colcon_core.environment:checking '/home/vboxuser/ros2_ws/install/py_pubsub/lib/python3.10/site-packages'
[94.277s] Level 1:colcon.colcon_core.shell:create_environment_hook('py_pubsub', 'pythonpath')
[94.278s] INFO:colcon.colcon_core.shell:Creating environment hook '/home/vboxuser/ros2_ws/install/py_pubsub/share/py_pubsub/hook/pythonpath.ps1'
[94.285s] INFO:colcon.colcon_core.shell:Creating environment descriptor '/home/vboxuser/ros2_ws/install/py_pubsub/share/py_pubsub/hook/pythonpath.dsv'
[94.298s] INFO:colcon.colcon_core.shell:Creating environment hook '/home/vboxuser/ros2_ws/install/py_pubsub/share/py_pubsub/hook/pythonpath.sh'
[94.315s] Level 1:colcon.colcon_core.environment:checking '/home/vboxuser/ros2_ws/install/py_pubsub/bin'
[94.316s] Level 1:colcon.colcon_core.environment:create_environment_scripts_only(py_pubsub)
[94.316s] INFO:colcon.colcon_core.shell:Creating package script '/home/vboxuser/ros2_ws/install/py_pubsub/share/py_pubsub/package.ps1'
[94.328s] INFO:colcon.colcon_core.shell:Creating package descriptor '/home/vboxuser/ros2_ws/install/py_pubsub/share/py_pubsub/package.dsv'
[94.331s] INFO:colcon.colcon_core.shell:Creating package script '/home/vboxuser/ros2_ws/install/py_pubsub/share/py_pubsub/package.sh'
[94.342s] INFO:colcon.colcon_core.shell:Creating package script '/home/vboxuser/ros2_ws/install/py_pubsub/share/py_pubsub/package.bash'
[94.344s] INFO:colcon.colcon_core.shell:Creating package script '/home/vboxuser/ros2_ws/install/py_pubsub/share/py_pubsub/package.zsh'
[94.358s] Level 1:colcon.colcon_core.environment:create_file_with_runtime_dependencies(/home/vboxuser/ros2_ws/install/py_pubsub/share/colcon-core/packages/py_pubsub)
[94.363s] INFO:colcon.colcon_ros.task.ament_cmake.build:Building ROS package in '/home/vboxuser/ros2_ws/src/vesc/vesc' with build type 'ament_cmake'
[94.366s] INFO:colcon.colcon_cmake.task.cmake.build:Building CMake package in '/home/vboxuser/ros2_ws/src/vesc/vesc'
[94.367s] INFO:colcon.colcon_core.shell:Skip shell extension 'powershell' for command environment: Not usable outside of PowerShell
[94.367s] DEBUG:colcon.colcon_core.shell:Skip shell extension 'dsv' for command environment
[94.443s] DEBUG:colcon.colcon_core.event_handler.log_command:Invoking command in '/home/vboxuser/ros2_ws/src/read_rosbag': PYTHONPATH=/home/vboxuser/ros2_ws/build/read_rosbag/prefix_override:/usr/lib/python3/dist-packages/colcon_core/task/python/colcon_distutils_commands:/home/vboxuser/ros2_ws/install/read_rosbag/lib/python3.10/site-packages: /usr/bin/python3 -W ignore:setup.py install is deprecated -W ignore:easy_install command is deprecated setup.py egg_info --egg-base ../../build/read_rosbag build --build-base /home/vboxuser/ros2_ws/build/read_rosbag/build install --record /home/vboxuser/ros2_ws/build/read_rosbag/install.log --single-version-externally-managed install_data
[94.576s] DEBUG:colcon.colcon_core.event_handler.log_command:Invoking command in '/home/vboxuser/ros2_ws/build/vesc': AMENT_PREFIX_PATH=/home/vboxuser/ros2_ws/install/vesc_driver:/home/vboxuser/ros2_ws/install/serial_driver:/home/vboxuser/ros2_ws/install/vesc_ackermann:/home/vboxuser/ros2_ws/install/io_context:/home/vboxuser/ros2_ws/install/vesc_msgs:/home/vboxuser/ros2_ws/install/asio_cmake_module CMAKE_PREFIX_PATH=/home/vboxuser/ros2_ws/install/vesc_driver:/home/vboxuser/ros2_ws/install/serial_driver:/home/vboxuser/ros2_ws/install/vesc_ackermann:/home/vboxuser/ros2_ws/install/io_context:/home/vboxuser/ros2_ws/install/vesc_msgs:/home/vboxuser/ros2_ws/install/asio_cmake_module LD_LIBRARY_PATH=/home/vboxuser/ros2_ws/install/vesc_driver/lib:/home/vboxuser/ros2_ws/install/serial_driver/lib:/home/vboxuser/ros2_ws/install/vesc_ackermann/lib:/home/vboxuser/ros2_ws/install/io_context/lib:/home/vboxuser/ros2_ws/install/vesc_msgs/lib PYTHONPATH=/home/vboxuser/ros2_ws/install/vesc_msgs/lib/python3.10/site-packages /usr/bin/cmake --build /home/vboxuser/ros2_ws/build/vesc -- -j4 -l4
[94.810s] DEBUG:colcon.colcon_core.event_handler.log_command:Invoked command in '/home/vboxuser/ros2_ws/build/vesc' returned '0': AMENT_PREFIX_PATH=/home/vboxuser/ros2_ws/install/vesc_driver:/home/vboxuser/ros2_ws/install/serial_driver:/home/vboxuser/ros2_ws/install/vesc_ackermann:/home/vboxuser/ros2_ws/install/io_context:/home/vboxuser/ros2_ws/install/vesc_msgs:/home/vboxuser/ros2_ws/install/asio_cmake_module CMAKE_PREFIX_PATH=/home/vboxuser/ros2_ws/install/vesc_driver:/home/vboxuser/ros2_ws/install/serial_driver:/home/vboxuser/ros2_ws/install/vesc_ackermann:/home/vboxuser/ros2_ws/install/io_context:/home/vboxuser/ros2_ws/install/vesc_msgs:/home/vboxuser/ros2_ws/install/asio_cmake_module LD_LIBRARY_PATH=/home/vboxuser/ros2_ws/install/vesc_driver/lib:/home/vboxuser/ros2_ws/install/serial_driver/lib:/home/vboxuser/ros2_ws/install/vesc_ackermann/lib:/home/vboxuser/ros2_ws/install/io_context/lib:/home/vboxuser/ros2_ws/install/vesc_msgs/lib PYTHONPATH=/home/vboxuser/ros2_ws/install/vesc_msgs/lib/python3.10/site-packages /usr/bin/cmake --build /home/vboxuser/ros2_ws/build/vesc -- -j4 -l4
[94.862s] DEBUG:colcon.colcon_core.event_handler.log_command:Invoking command in '/home/vboxuser/ros2_ws/build/vesc': AMENT_PREFIX_PATH=/home/vboxuser/ros2_ws/install/vesc_driver:/home/vboxuser/ros2_ws/install/serial_driver:/home/vboxuser/ros2_ws/install/vesc_ackermann:/home/vboxuser/ros2_ws/install/io_context:/home/vboxuser/ros2_ws/install/vesc_msgs:/home/vboxuser/ros2_ws/install/asio_cmake_module CMAKE_PREFIX_PATH=/home/vboxuser/ros2_ws/install/vesc_driver:/home/vboxuser/ros2_ws/install/serial_driver:/home/vboxuser/ros2_ws/install/vesc_ackermann:/home/vboxuser/ros2_ws/install/io_context:/home/vboxuser/ros2_ws/install/vesc_msgs:/home/vboxuser/ros2_ws/install/asio_cmake_module LD_LIBRARY_PATH=/home/vboxuser/ros2_ws/install/vesc_driver/lib:/home/vboxuser/ros2_ws/install/serial_driver/lib:/home/vboxuser/ros2_ws/install/vesc_ackermann/lib:/home/vboxuser/ros2_ws/install/io_context/lib:/home/vboxuser/ros2_ws/install/vesc_msgs/lib PYTHONPATH=/home/vboxuser/ros2_ws/install/vesc_msgs/lib/python3.10/site-packages /usr/bin/cmake --install /home/vboxuser/ros2_ws/build/vesc
[94.968s] Level 1:colcon.colcon_core.environment:create_environment_scripts_only(vesc)
[94.969s] Level 1:colcon.colcon_core.environment:checking '/home/vboxuser/ros2_ws/install/vesc' for CMake module files
[94.973s] Level 1:colcon.colcon_core.environment:checking '/home/vboxuser/ros2_ws/install/vesc' for CMake config files
[94.973s] Level 1:colcon.colcon_core.shell:create_environment_hook('vesc', 'cmake_prefix_path')
[94.974s] INFO:colcon.colcon_core.shell:Creating environment hook '/home/vboxuser/ros2_ws/install/vesc/share/vesc/hook/cmake_prefix_path.ps1'
[94.977s] DEBUG:colcon.colcon_core.event_handler.log_command:Invoked command in '/home/vboxuser/ros2_ws/build/vesc' returned '0': AMENT_PREFIX_PATH=/home/vboxuser/ros2_ws/install/vesc_driver:/home/vboxuser/ros2_ws/install/serial_driver:/home/vboxuser/ros2_ws/install/vesc_ackermann:/home/vboxuser/ros2_ws/install/io_context:/home/vboxuser/ros2_ws/install/vesc_msgs:/home/vboxuser/ros2_ws/install/asio_cmake_module CMAKE_PREFIX_PATH=/home/vboxuser/ros2_ws/install/vesc_driver:/home/vboxuser/ros2_ws/install/serial_driver:/home/vboxuser/ros2_ws/install/vesc_ackermann:/home/vboxuser/ros2_ws/install/io_context:/home/vboxuser/ros2_ws/install/vesc_msgs:/home/vboxuser/ros2_ws/install/asio_cmake_module LD_LIBRARY_PATH=/home/vboxuser/ros2_ws/install/vesc_driver/lib:/home/vboxuser/ros2_ws/install/serial_driver/lib:/home/vboxuser/ros2_ws/install/vesc_ackermann/lib:/home/vboxuser/ros2_ws/install/io_context/lib:/home/vboxuser/ros2_ws/install/vesc_msgs/lib PYTHONPATH=/home/vboxuser/ros2_ws/install/vesc_msgs/lib/python3.10/site-packages /usr/bin/cmake --install /home/vboxuser/ros2_ws/build/vesc
[94.981s] INFO:colcon.colcon_core.shell:Creating environment descriptor '/home/vboxuser/ros2_ws/install/vesc/share/vesc/hook/cmake_prefix_path.dsv'
[94.988s] INFO:colcon.colcon_core.shell:Creating environment hook '/home/vboxuser/ros2_ws/install/vesc/share/vesc/hook/cmake_prefix_path.sh'
[94.995s] Level 1:colcon.colcon_core.environment:checking '/home/vboxuser/ros2_ws/install/vesc/bin'
[94.998s] Level 1:colcon.colcon_core.environment:checking '/home/vboxuser/ros2_ws/install/vesc/lib/pkgconfig/vesc.pc'
[95.000s] Level 1:colcon.colcon_core.environment:checking '/home/vboxuser/ros2_ws/install/vesc/lib/python3.10/site-packages'
[95.000s] Level 1:colcon.colcon_core.environment:checking '/home/vboxuser/ros2_ws/install/vesc/bin'
[95.001s] INFO:colcon.colcon_core.shell:Creating package script '/home/vboxuser/ros2_ws/install/vesc/share/vesc/package.ps1'
[95.002s] INFO:colcon.colcon_core.shell:Creating package descriptor '/home/vboxuser/ros2_ws/install/vesc/share/vesc/package.dsv'
[95.004s] INFO:colcon.colcon_core.shell:Creating package script '/home/vboxuser/ros2_ws/install/vesc/share/vesc/package.sh'
[95.006s] INFO:colcon.colcon_core.shell:Creating package script '/home/vboxuser/ros2_ws/install/vesc/share/vesc/package.bash'
[95.010s] INFO:colcon.colcon_core.shell:Creating package script '/home/vboxuser/ros2_ws/install/vesc/share/vesc/package.zsh'
[95.030s] Level 1:colcon.colcon_core.environment:create_file_with_runtime_dependencies(/home/vboxuser/ros2_ws/install/vesc/share/colcon-core/packages/vesc)
[95.033s] Level 1:colcon.colcon_core.environment:create_environment_scripts_only(vesc)
[95.033s] Level 1:colcon.colcon_core.environment:checking '/home/vboxuser/ros2_ws/install/vesc' for CMake module files
[95.034s] Level 1:colcon.colcon_core.environment:checking '/home/vboxuser/ros2_ws/install/vesc' for CMake config files
[95.034s] Level 1:colcon.colcon_core.shell:create_environment_hook('vesc', 'cmake_prefix_path')
[95.035s] INFO:colcon.colcon_core.shell:Creating environment hook '/home/vboxuser/ros2_ws/install/vesc/share/vesc/hook/cmake_prefix_path.ps1'
[95.041s] INFO:colcon.colcon_core.shell:Creating environment descriptor '/home/vboxuser/ros2_ws/install/vesc/share/vesc/hook/cmake_prefix_path.dsv'
[95.042s] INFO:colcon.colcon_core.shell:Creating environment hook '/home/vboxuser/ros2_ws/install/vesc/share/vesc/hook/cmake_prefix_path.sh'
[95.049s] Level 1:colcon.colcon_core.environment:checking '/home/vboxuser/ros2_ws/install/vesc/bin'
[95.050s] Level 1:colcon.colcon_core.environment:checking '/home/vboxuser/ros2_ws/install/vesc/lib/pkgconfig/vesc.pc'
[95.050s] Level 1:colcon.colcon_core.environment:checking '/home/vboxuser/ros2_ws/install/vesc/lib/python3.10/site-packages'
[95.051s] Level 1:colcon.colcon_core.environment:checking '/home/vboxuser/ros2_ws/install/vesc/bin'
[95.051s] INFO:colcon.colcon_core.shell:Creating package script '/home/vboxuser/ros2_ws/install/vesc/share/vesc/package.ps1'
[95.052s] INFO:colcon.colcon_core.shell:Creating package descriptor '/home/vboxuser/ros2_ws/install/vesc/share/vesc/package.dsv'
[95.055s] INFO:colcon.colcon_core.shell:Creating package script '/home/vboxuser/ros2_ws/install/vesc/share/vesc/package.sh'
[95.058s] INFO:colcon.colcon_core.shell:Creating package script '/home/vboxuser/ros2_ws/install/vesc/share/vesc/package.bash'
[95.060s] INFO:colcon.colcon_core.shell:Creating package script '/home/vboxuser/ros2_ws/install/vesc/share/vesc/package.zsh'
[95.064s] Level 1:colcon.colcon_core.environment:create_file_with_runtime_dependencies(/home/vboxuser/ros2_ws/install/vesc/share/colcon-core/packages/vesc)
[95.391s] Level 1:colcon.colcon_core.environment:checking '/home/vboxuser/ros2_ws/install/read_rosbag' for CMake module files
[95.392s] DEBUG:colcon.colcon_core.event_handler.log_command:Invoked command in '/home/vboxuser/ros2_ws/src/read_rosbag' returned '0': PYTHONPATH=/home/vboxuser/ros2_ws/build/read_rosbag/prefix_override:/usr/lib/python3/dist-packages/colcon_core/task/python/colcon_distutils_commands:/home/vboxuser/ros2_ws/install/read_rosbag/lib/python3.10/site-packages: /usr/bin/python3 -W ignore:setup.py install is deprecated -W ignore:easy_install command is deprecated setup.py egg_info --egg-base ../../build/read_rosbag build --build-base /home/vboxuser/ros2_ws/build/read_rosbag/build install --record /home/vboxuser/ros2_ws/build/read_rosbag/install.log --single-version-externally-managed install_data
[95.394s] Level 1:colcon.colcon_core.environment:checking '/home/vboxuser/ros2_ws/install/read_rosbag' for CMake config files
[95.398s] Level 1:colcon.colcon_core.environment:checking '/home/vboxuser/ros2_ws/install/read_rosbag/lib'
[95.398s] Level 1:colcon.colcon_core.environment:checking '/home/vboxuser/ros2_ws/install/read_rosbag/bin'
[95.398s] Level 1:colcon.colcon_core.environment:checking '/home/vboxuser/ros2_ws/install/read_rosbag/lib/pkgconfig/read_rosbag.pc'
[95.400s] Level 1:colcon.colcon_core.environment:checking '/home/vboxuser/ros2_ws/install/read_rosbag/lib/python3.10/site-packages'
[95.400s] Level 1:colcon.colcon_core.shell:create_environment_hook('read_rosbag', 'pythonpath')
[95.400s] INFO:colcon.colcon_core.shell:Creating environment hook '/home/vboxuser/ros2_ws/install/read_rosbag/share/read_rosbag/hook/pythonpath.ps1'
[95.401s] INFO:colcon.colcon_core.shell:Creating environment descriptor '/home/vboxuser/ros2_ws/install/read_rosbag/share/read_rosbag/hook/pythonpath.dsv'
[95.410s] INFO:colcon.colcon_core.shell:Creating environment hook '/home/vboxuser/ros2_ws/install/read_rosbag/share/read_rosbag/hook/pythonpath.sh'
[95.418s] Level 1:colcon.colcon_core.environment:checking '/home/vboxuser/ros2_ws/install/read_rosbag/bin'
[95.418s] Level 1:colcon.colcon_core.environment:create_environment_scripts_only(read_rosbag)
[95.422s] INFO:colcon.colcon_core.shell:Creating package script '/home/vboxuser/ros2_ws/install/read_rosbag/share/read_rosbag/package.ps1'
[95.430s] INFO:colcon.colcon_core.shell:Creating package descriptor '/home/vboxuser/ros2_ws/install/read_rosbag/share/read_rosbag/package.dsv'
[95.432s] INFO:colcon.colcon_core.shell:Creating package script '/home/vboxuser/ros2_ws/install/read_rosbag/share/read_rosbag/package.sh'
[95.437s] INFO:colcon.colcon_core.shell:Creating package script '/home/vboxuser/ros2_ws/install/read_rosbag/share/read_rosbag/package.bash'
[95.440s] INFO:colcon.colcon_core.shell:Creating package script '/home/vboxuser/ros2_ws/install/read_rosbag/share/read_rosbag/package.zsh'
[95.442s] Level 1:colcon.colcon_core.environment:create_file_with_runtime_dependencies(/home/vboxuser/ros2_ws/install/read_rosbag/share/colcon-core/packages/read_rosbag)
[96.723s] DEBUG:colcon.colcon_core.event_handler.log_command:Invoked command in '/home/vboxuser/ros2_ws/build/udp_driver' returned '0': AMENT_PREFIX_PATH=/home/vboxuser/ros2_ws/install/io_context:/home/vboxuser/ros2_ws/install/asio_cmake_module CMAKE_PREFIX_PATH=/home/vboxuser/ros2_ws/install/io_context:/home/vboxuser/ros2_ws/install/asio_cmake_module LD_LIBRARY_PATH=/home/vboxuser/ros2_ws/install/io_context/lib /usr/bin/cmake --build /home/vboxuser/ros2_ws/build/udp_driver -- -j4 -l4
[96.756s] DEBUG:colcon.colcon_core.event_handler.log_command:Invoking command in '/home/vboxuser/ros2_ws/build/udp_driver': AMENT_PREFIX_PATH=/home/vboxuser/ros2_ws/install/io_context:/home/vboxuser/ros2_ws/install/asio_cmake_module CMAKE_PREFIX_PATH=/home/vboxuser/ros2_ws/install/io_context:/home/vboxuser/ros2_ws/install/asio_cmake_module LD_LIBRARY_PATH=/home/vboxuser/ros2_ws/install/io_context/lib /usr/bin/cmake --install /home/vboxuser/ros2_ws/build/udp_driver
[96.847s] Level 1:colcon.colcon_core.environment:create_environment_scripts_only(udp_driver)
[96.847s] Level 1:colcon.colcon_core.environment:checking '/home/vboxuser/ros2_ws/install/udp_driver' for CMake module files
[96.848s] Level 1:colcon.colcon_core.environment:checking '/home/vboxuser/ros2_ws/install/udp_driver' for CMake config files
[96.848s] Level 1:colcon.colcon_core.shell:create_environment_hook('udp_driver', 'cmake_prefix_path')
[96.849s] INFO:colcon.colcon_core.shell:Creating environment hook '/home/vboxuser/ros2_ws/install/udp_driver/share/udp_driver/hook/cmake_prefix_path.ps1'
[96.851s] DEBUG:colcon.colcon_core.event_handler.log_command:Invoked command in '/home/vboxuser/ros2_ws/build/udp_driver' returned '0': AMENT_PREFIX_PATH=/home/vboxuser/ros2_ws/install/io_context:/home/vboxuser/ros2_ws/install/asio_cmake_module CMAKE_PREFIX_PATH=/home/vboxuser/ros2_ws/install/io_context:/home/vboxuser/ros2_ws/install/asio_cmake_module LD_LIBRARY_PATH=/home/vboxuser/ros2_ws/install/io_context/lib /usr/bin/cmake --install /home/vboxuser/ros2_ws/build/udp_driver
[96.851s] INFO:colcon.colcon_core.shell:Creating environment descriptor '/home/vboxuser/ros2_ws/install/udp_driver/share/udp_driver/hook/cmake_prefix_path.dsv'
[96.853s] INFO:colcon.colcon_core.shell:Creating environment hook '/home/vboxuser/ros2_ws/install/udp_driver/share/udp_driver/hook/cmake_prefix_path.sh'
[96.856s] Level 1:colcon.colcon_core.environment:checking '/home/vboxuser/ros2_ws/install/udp_driver/lib'
[96.856s] Level 1:colcon.colcon_core.shell:create_environment_hook('udp_driver', 'ld_library_path_lib')
[96.856s] INFO:colcon.colcon_core.shell:Creating environment hook '/home/vboxuser/ros2_ws/install/udp_driver/share/udp_driver/hook/ld_library_path_lib.ps1'
[96.860s] INFO:colcon.colcon_core.shell:Creating environment descriptor '/home/vboxuser/ros2_ws/install/udp_driver/share/udp_driver/hook/ld_library_path_lib.dsv'
[96.861s] INFO:colcon.colcon_core.shell:Creating environment hook '/home/vboxuser/ros2_ws/install/udp_driver/share/udp_driver/hook/ld_library_path_lib.sh'
[96.864s] Level 1:colcon.colcon_core.environment:checking '/home/vboxuser/ros2_ws/install/udp_driver/bin'
[96.864s] Level 1:colcon.colcon_core.environment:checking '/home/vboxuser/ros2_ws/install/udp_driver/lib/pkgconfig/udp_driver.pc'
[96.865s] Level 1:colcon.colcon_core.environment:checking '/home/vboxuser/ros2_ws/install/udp_driver/lib/python3.10/site-packages'
[96.865s] Level 1:colcon.colcon_core.environment:checking '/home/vboxuser/ros2_ws/install/udp_driver/bin'
[96.865s] INFO:colcon.colcon_core.shell:Creating package script '/home/vboxuser/ros2_ws/install/udp_driver/share/udp_driver/package.ps1'
[96.868s] INFO:colcon.colcon_core.shell:Creating package descriptor '/home/vboxuser/ros2_ws/install/udp_driver/share/udp_driver/package.dsv'
[96.869s] INFO:colcon.colcon_core.shell:Creating package script '/home/vboxuser/ros2_ws/install/udp_driver/share/udp_driver/package.sh'
[96.871s] INFO:colcon.colcon_core.shell:Creating package script '/home/vboxuser/ros2_ws/install/udp_driver/share/udp_driver/package.bash'
[96.874s] INFO:colcon.colcon_core.shell:Creating package script '/home/vboxuser/ros2_ws/install/udp_driver/share/udp_driver/package.zsh'
[96.875s] Level 1:colcon.colcon_core.environment:create_file_with_runtime_dependencies(/home/vboxuser/ros2_ws/install/udp_driver/share/colcon-core/packages/udp_driver)
[96.877s] Level 1:colcon.colcon_core.environment:create_environment_scripts_only(udp_driver)
[96.878s] Level 1:colcon.colcon_core.environment:checking '/home/vboxuser/ros2_ws/install/udp_driver' for CMake module files
[96.878s] Level 1:colcon.colcon_core.environment:checking '/home/vboxuser/ros2_ws/install/udp_driver' for CMake config files
[96.879s] Level 1:colcon.colcon_core.shell:create_environment_hook('udp_driver', 'cmake_prefix_path')
[96.879s] INFO:colcon.colcon_core.shell:Creating environment hook '/home/vboxuser/ros2_ws/install/udp_driver/share/udp_driver/hook/cmake_prefix_path.ps1'
[96.880s] INFO:colcon.colcon_core.shell:Creating environment descriptor '/home/vboxuser/ros2_ws/install/udp_driver/share/udp_driver/hook/cmake_prefix_path.dsv'
[96.883s] INFO:colcon.colcon_core.shell:Creating environment hook '/home/vboxuser/ros2_ws/install/udp_driver/share/udp_driver/hook/cmake_prefix_path.sh'
[96.889s] Level 1:colcon.colcon_core.environment:checking '/home/vboxuser/ros2_ws/install/udp_driver/lib'
[96.890s] Level 1:colcon.colcon_core.shell:create_environment_hook('udp_driver', 'ld_library_path_lib')
[96.890s] INFO:colcon.colcon_core.shell:Creating environment hook '/home/vboxuser/ros2_ws/install/udp_driver/share/udp_driver/hook/ld_library_path_lib.ps1'
[96.894s] INFO:colcon.colcon_core.shell:Creating environment descriptor '/home/vboxuser/ros2_ws/install/udp_driver/share/udp_driver/hook/ld_library_path_lib.dsv'
[96.897s] INFO:colcon.colcon_core.shell:Creating environment hook '/home/vboxuser/ros2_ws/install/udp_driver/share/udp_driver/hook/ld_library_path_lib.sh'
[96.899s] Level 1:colcon.colcon_core.environment:checking '/home/vboxuser/ros2_ws/install/udp_driver/bin'
[96.899s] Level 1:colcon.colcon_core.environment:checking '/home/vboxuser/ros2_ws/install/udp_driver/lib/pkgconfig/udp_driver.pc'
[96.901s] Level 1:colcon.colcon_core.environment:checking '/home/vboxuser/ros2_ws/install/udp_driver/lib/python3.10/site-packages'
[96.903s] Level 1:colcon.colcon_core.environment:checking '/home/vboxuser/ros2_ws/install/udp_driver/bin'
[96.904s] INFO:colcon.colcon_core.shell:Creating package script '/home/vboxuser/ros2_ws/install/udp_driver/share/udp_driver/package.ps1'
[96.907s] INFO:colcon.colcon_core.shell:Creating package descriptor '/home/vboxuser/ros2_ws/install/udp_driver/share/udp_driver/package.dsv'
[96.908s] INFO:colcon.colcon_core.shell:Creating package script '/home/vboxuser/ros2_ws/install/udp_driver/share/udp_driver/package.sh'
[96.912s] INFO:colcon.colcon_core.shell:Creating package script '/home/vboxuser/ros2_ws/install/udp_driver/share/udp_driver/package.bash'
[96.913s] INFO:colcon.colcon_core.shell:Creating package script '/home/vboxuser/ros2_ws/install/udp_driver/share/udp_driver/package.zsh'
[96.915s] Level 1:colcon.colcon_core.environment:create_file_with_runtime_dependencies(/home/vboxuser/ros2_ws/install/udp_driver/share/colcon-core/packages/udp_driver)
[99.322s] DEBUG:colcon.colcon_core.event_handler.log_command:Invoked command in '/home/vboxuser/ros2_ws/build/turtlesim' returned '0': /usr/bin/cmake --build /home/vboxuser/ros2_ws/build/turtlesim -- -j4 -l4
[99.359s] DEBUG:colcon.colcon_core.event_handler.log_command:Invoking command in '/home/vboxuser/ros2_ws/build/turtlesim': /usr/bin/cmake --install /home/vboxuser/ros2_ws/build/turtlesim
[100.024s] Level 1:colcon.colcon_core.environment:create_environment_scripts_only(turtlesim)
[100.025s] Level 1:colcon.colcon_core.environment:checking '/home/vboxuser/ros2_ws/install/turtlesim' for CMake module files
[100.028s] DEBUG:colcon.colcon_core.event_handler.log_command:Invoked command in '/home/vboxuser/ros2_ws/build/turtlesim' returned '0': /usr/bin/cmake --install /home/vboxuser/ros2_ws/build/turtlesim
[100.029s] Level 1:colcon.colcon_core.environment:checking '/home/vboxuser/ros2_ws/install/turtlesim' for CMake config files
[100.030s] Level 1:colcon.colcon_core.shell:create_environment_hook('turtlesim', 'cmake_prefix_path')
[100.030s] INFO:colcon.colcon_core.shell:Creating environment hook '/home/vboxuser/ros2_ws/install/turtlesim/share/turtlesim/hook/cmake_prefix_path.ps1'
[100.033s] INFO:colcon.colcon_core.shell:Creating environment descriptor '/home/vboxuser/ros2_ws/install/turtlesim/share/turtlesim/hook/cmake_prefix_path.dsv'
[100.034s] INFO:colcon.colcon_core.shell:Creating environment hook '/home/vboxuser/ros2_ws/install/turtlesim/share/turtlesim/hook/cmake_prefix_path.sh'
[100.038s] Level 1:colcon.colcon_core.environment:checking '/home/vboxuser/ros2_ws/install/turtlesim/lib'
[100.038s] Level 1:colcon.colcon_core.shell:create_environment_hook('turtlesim', 'ld_library_path_lib')
[100.038s] INFO:colcon.colcon_core.shell:Creating environment hook '/home/vboxuser/ros2_ws/install/turtlesim/share/turtlesim/hook/ld_library_path_lib.ps1'
[100.041s] INFO:colcon.colcon_core.shell:Creating environment descriptor '/home/vboxuser/ros2_ws/install/turtlesim/share/turtlesim/hook/ld_library_path_lib.dsv'
[100.043s] INFO:colcon.colcon_core.shell:Creating environment hook '/home/vboxuser/ros2_ws/install/turtlesim/share/turtlesim/hook/ld_library_path_lib.sh'
[100.046s] Level 1:colcon.colcon_core.environment:checking '/home/vboxuser/ros2_ws/install/turtlesim/bin'
[100.047s] Level 1:colcon.colcon_core.environment:checking '/home/vboxuser/ros2_ws/install/turtlesim/lib/pkgconfig/turtlesim.pc'
[100.047s] Level 1:colcon.colcon_core.environment:checking '/home/vboxuser/ros2_ws/install/turtlesim/lib/python3.10/site-packages'
[100.047s] Level 1:colcon.colcon_core.shell:create_environment_hook('turtlesim', 'pythonpath')
[100.048s] INFO:colcon.colcon_core.shell:Creating environment hook '/home/vboxuser/ros2_ws/install/turtlesim/share/turtlesim/hook/pythonpath.ps1'
[100.050s] INFO:colcon.colcon_core.shell:Creating environment descriptor '/home/vboxuser/ros2_ws/install/turtlesim/share/turtlesim/hook/pythonpath.dsv'
[100.052s] INFO:colcon.colcon_core.shell:Creating environment hook '/home/vboxuser/ros2_ws/install/turtlesim/share/turtlesim/hook/pythonpath.sh'
[100.055s] Level 1:colcon.colcon_core.environment:checking '/home/vboxuser/ros2_ws/install/turtlesim/bin'
[100.056s] INFO:colcon.colcon_core.shell:Creating package script '/home/vboxuser/ros2_ws/install/turtlesim/share/turtlesim/package.ps1'
[100.057s] INFO:colcon.colcon_core.shell:Creating package descriptor '/home/vboxuser/ros2_ws/install/turtlesim/share/turtlesim/package.dsv'
[100.061s] INFO:colcon.colcon_core.shell:Creating package script '/home/vboxuser/ros2_ws/install/turtlesim/share/turtlesim/package.sh'
[100.063s] INFO:colcon.colcon_core.shell:Creating package script '/home/vboxuser/ros2_ws/install/turtlesim/share/turtlesim/package.bash'
[100.066s] INFO:colcon.colcon_core.shell:Creating package script '/home/vboxuser/ros2_ws/install/turtlesim/share/turtlesim/package.zsh'
[100.071s] Level 1:colcon.colcon_core.environment:create_file_with_runtime_dependencies(/home/vboxuser/ros2_ws/install/turtlesim/share/colcon-core/packages/turtlesim)
[100.079s] Level 1:colcon.colcon_core.environment:create_environment_scripts_only(turtlesim)
[100.079s] Level 1:colcon.colcon_core.environment:checking '/home/vboxuser/ros2_ws/install/turtlesim' for CMake module files
[100.082s] Level 1:colcon.colcon_core.environment:checking '/home/vboxuser/ros2_ws/install/turtlesim' for CMake config files
[100.083s] Level 1:colcon.colcon_core.shell:create_environment_hook('turtlesim', 'cmake_prefix_path')
[100.083s] INFO:colcon.colcon_core.shell:Creating environment hook '/home/vboxuser/ros2_ws/install/turtlesim/share/turtlesim/hook/cmake_prefix_path.ps1'
[100.085s] INFO:colcon.colcon_core.shell:Creating environment descriptor '/home/vboxuser/ros2_ws/install/turtlesim/share/turtlesim/hook/cmake_prefix_path.dsv'
[100.086s] INFO:colcon.colcon_core.shell:Creating environment hook '/home/vboxuser/ros2_ws/install/turtlesim/share/turtlesim/hook/cmake_prefix_path.sh'
[100.089s] Level 1:colcon.colcon_core.environment:checking '/home/vboxuser/ros2_ws/install/turtlesim/lib'
[100.090s] Level 1:colcon.colcon_core.shell:create_environment_hook('turtlesim', 'ld_library_path_lib')
[100.090s] INFO:colcon.colcon_core.shell:Creating environment hook '/home/vboxuser/ros2_ws/install/turtlesim/share/turtlesim/hook/ld_library_path_lib.ps1'
[100.091s] INFO:colcon.colcon_core.shell:Creating environment descriptor '/home/vboxuser/ros2_ws/install/turtlesim/share/turtlesim/hook/ld_library_path_lib.dsv'
[100.094s] INFO:colcon.colcon_core.shell:Creating environment hook '/home/vboxuser/ros2_ws/install/turtlesim/share/turtlesim/hook/ld_library_path_lib.sh'
[100.096s] Level 1:colcon.colcon_core.environment:checking '/home/vboxuser/ros2_ws/install/turtlesim/bin'
[100.096s] Level 1:colcon.colcon_core.environment:checking '/home/vboxuser/ros2_ws/install/turtlesim/lib/pkgconfig/turtlesim.pc'
[100.097s] Level 1:colcon.colcon_core.environment:checking '/home/vboxuser/ros2_ws/install/turtlesim/lib/python3.10/site-packages'
[100.097s] Level 1:colcon.colcon_core.shell:create_environment_hook('turtlesim', 'pythonpath')
[100.098s] INFO:colcon.colcon_core.shell:Creating environment hook '/home/vboxuser/ros2_ws/install/turtlesim/share/turtlesim/hook/pythonpath.ps1'
[100.099s] INFO:colcon.colcon_core.shell:Creating environment descriptor '/home/vboxuser/ros2_ws/install/turtlesim/share/turtlesim/hook/pythonpath.dsv'
[100.101s] INFO:colcon.colcon_core.shell:Creating environment hook '/home/vboxuser/ros2_ws/install/turtlesim/share/turtlesim/hook/pythonpath.sh'
[100.103s] Level 1:colcon.colcon_core.environment:checking '/home/vboxuser/ros2_ws/install/turtlesim/bin'
[100.104s] INFO:colcon.colcon_core.shell:Creating package script '/home/vboxuser/ros2_ws/install/turtlesim/share/turtlesim/package.ps1'
[100.106s] INFO:colcon.colcon_core.shell:Creating package descriptor '/home/vboxuser/ros2_ws/install/turtlesim/share/turtlesim/package.dsv'
[100.108s] INFO:colcon.colcon_core.shell:Creating package script '/home/vboxuser/ros2_ws/install/turtlesim/share/turtlesim/package.sh'
[100.110s] INFO:colcon.colcon_core.shell:Creating package script '/home/vboxuser/ros2_ws/install/turtlesim/share/turtlesim/package.bash'
[100.112s] INFO:colcon.colcon_core.shell:Creating package script '/home/vboxuser/ros2_ws/install/turtlesim/share/turtlesim/package.zsh'
[100.114s] Level 1:colcon.colcon_core.environment:create_file_with_runtime_dependencies(/home/vboxuser/ros2_ws/install/turtlesim/share/colcon-core/packages/turtlesim)
[100.115s] DEBUG:colcon.colcon_parallel_executor.executor.parallel:closing loop
[100.116s] DEBUG:colcon.colcon_parallel_executor.executor.parallel:loop closed
[100.116s] DEBUG:colcon.colcon_parallel_executor.executor.parallel:run_until_complete finished with '0'
[100.117s] DEBUG:colcon.colcon_core.event_reactor:joining thread
[100.224s] INFO:colcon.colcon_core.plugin_system:Skipping extension 'colcon_notification.desktop_notification.terminal_notifier': Not used on non-Darwin systems
[100.224s] INFO:colcon.colcon_core.plugin_system:Skipping extension 'colcon_notification.desktop_notification.win32': Not used on non-Windows systems
[100.224s] INFO:colcon.colcon_notification.desktop_notification:Sending desktop notification using 'notify2'
[100.319s] DEBUG:colcon.colcon_core.event_reactor:joined thread
[100.323s] INFO:colcon.colcon_core.shell:Creating prefix script '/home/vboxuser/ros2_ws/install/local_setup.ps1'
[100.356s] INFO:colcon.colcon_core.shell:Creating prefix util module '/home/vboxuser/ros2_ws/install/_local_setup_util_ps1.py'
[100.380s] INFO:colcon.colcon_core.shell:Creating prefix chain script '/home/vboxuser/ros2_ws/install/setup.ps1'
[100.388s] INFO:colcon.colcon_core.shell:Creating prefix script '/home/vboxuser/ros2_ws/install/local_setup.sh'
[100.411s] INFO:colcon.colcon_core.shell:Creating prefix util module '/home/vboxuser/ros2_ws/install/_local_setup_util_sh.py'
[100.413s] INFO:colcon.colcon_core.shell:Creating prefix chain script '/home/vboxuser/ros2_ws/install/setup.sh'
[100.421s] INFO:colcon.colcon_core.shell:Creating prefix script '/home/vboxuser/ros2_ws/install/local_setup.bash'
[100.527s] INFO:colcon.colcon_core.shell:Creating prefix chain script '/home/vboxuser/ros2_ws/install/setup.bash'
[100.540s] INFO:colcon.colcon_core.shell:Creating prefix script '/home/vboxuser/ros2_ws/install/local_setup.zsh'
[100.567s] INFO:colcon.colcon_core.shell:Creating prefix chain script '/home/vboxuser/ros2_ws/install/setup.zsh'
