Time (s),Current (A),Voltage_Cell1 (V),Voltage_Cell2 (V),Voltage_Cell3 (V),Voltage_Cell4 (V),Voltage_Cell5 (V),Voltage_Cell6 (V),Resistance_Cell1 (Ohm),Resistance_Cell2 (Ohm),Resistance_Cell3 (Ohm),Resistance_Cell4 (Ohm),Resistance_Cell5 (Ohm),Resistance_Cell6 (Ohm)
0.0,-0.4000000059604645,4.035999774932861,4.063000202178955,4.060999870300293,4.064000129699707,4.065000057220459,4.067999839782715,nan,nan,nan,nan,nan,nan
0.1592884063720703,-0.41999998688697815,4.0370001792907715,4.063000202178955,4.060999870300293,4.064000129699707,4.065000057220459,4.067999839782715,nan,nan,nan,nan,nan,nan
0.3394908905029297,-0.41999998688697815,4.0370001792907715,4.063000202178955,4.060999870300293,4.064000129699707,4.065000057220459,4.067999839782715,nan,nan,nan,nan,nan,nan
0.49901628494262695,-0.4000000059604645,4.035999774932861,4.063000202178955,4.059999942779541,4.064000129699707,4.065000057220459,4.067999839782715,nan,nan,nan,nan,nan,nan
0.6797008514404297,-0.38999998569488525,4.035999774932861,4.063000202178955,4.060999870300293,4.064000129699707,4.065000057220459,4.067999839782715,nan,nan,nan,nan,nan,nan
0.8600063323974609,-0.4000000059604645,4.035999774932861,4.063000202178955,4.059999942779541,4.064000129699707,4.065000057220459,4.067999839782715,nan,nan,nan,nan,nan,nan
1.0226948261260986,-0.4000000059604645,4.0370001792907715,4.063000202178955,4.060999870300293,4.064000129699707,4.065000057220459,4.067999839782715,nan,nan,nan,nan,nan,nan
1.199638843536377,-0.4000000059604645,4.035999774932861,4.063000202178955,4.059999942779541,4.064000129699707,4.065000057220459,4.067999839782715,nan,nan,nan,nan,nan,nan
1.378648042678833,-0.4099999964237213,4.035999774932861,4.063000202178955,4.060999870300293,4.064000129699707,4.065000057220459,4.067999839782715,nan,nan,nan,nan,nan,nan
1.5399413108825684,-0.4000000059604645,4.035999774932861,4.063000202178955,4.059999942779541,4.064000129699707,4.065000057220459,4.067999839782715,nan,nan,nan,nan,nan,nan
1.7190253734588623,-0.4099999964237213,4.035999774932861,4.063000202178955,4.059999942779541,4.064000129699707,4.065000057220459,4.067999839782715,nan,nan,nan,nan,nan,nan
1.8797497749328613,-0.41999998688697815,4.035999774932861,4.063000202178955,4.059999942779541,4.064000129699707,4.065000057220459,4.067999839782715,nan,nan,nan,nan,nan,nan
2.0586447715759277,-0.4000000059604645,4.035999774932861,4.063000202178955,4.060999870300293,4.064000129699707,4.065000057220459,4.067999839782715,nan,nan,nan,nan,nan,nan
2.2392289638519287,-0.4000000059604645,4.035999774932861,4.063000202178955,4.059999942779541,4.064000129699707,4.065000057220459,4.067999839782715,nan,nan,nan,nan,nan,nan
2.398729085922241,-0.38999998569488525,4.035999774932861,4.063000202178955,4.059999942779541,4.064000129699707,4.065000057220459,4.067999839782715,nan,nan,nan,nan,nan,nan
2.5793521404266357,-0.4099999964237213,4.035999774932861,4.063000202178955,4.060999870300293,4.064000129699707,4.065000057220459,4.067999839782715,nan,nan,nan,nan,nan,nan
2.7607803344726562,-0.4000000059604645,4.035999774932861,4.063000202178955,4.060999870300293,4.064000129699707,4.065000057220459,4.067999839782715,nan,nan,nan,nan,nan,nan
2.918926477432251,-0.4000000059604645,4.035999774932861,4.063000202178955,4.059999942779541,4.064000129699707,4.065000057220459,4.067999839782715,nan,nan,nan,nan,nan,nan
3.0991413593292236,-0.4000000059604645,4.035999774932861,4.063000202178955,4.059999942779541,4.064000129699707,4.065000057220459,4.067999839782715,nan,nan,nan,nan,nan,nan
3.2619857788085938,-0.4000000059604645,4.035999774932861,4.063000202178955,4.060999870300293,4.064000129699707,4.065000057220459,4.067999839782715,nan,nan,nan,nan,nan,nan
3.4385929107666016,-0.3799999952316284,4.035999774932861,4.063000202178955,4.060999870300293,4.064000129699707,4.065000057220459,4.067999839782715,nan,nan,nan,nan,nan,nan
3.6192023754119873,-0.4000000059604645,4.035999774932861,4.063000202178955,4.060999870300293,4.064000129699707,4.065000057220459,4.067999839782715,nan,nan,nan,nan,nan,nan
3.778540849685669,-0.4000000059604645,4.035999774932861,4.063000202178955,4.060999870300293,4.064000129699707,4.065000057220459,4.067999839782715,nan,nan,nan,nan,nan,nan
3.9591636657714844,-0.4000000059604645,4.035999774932861,4.063000202178955,4.059999942779541,4.064000129699707,4.065000057220459,4.067999839782715,nan,nan,nan,nan,nan,nan
4.1187193393707275,-0.4000000059604645,4.035999774932861,4.063000202178955,4.060999870300293,4.064000129699707,4.065000057220459,4.067999839782715,nan,nan,nan,nan,nan,nan
4.299213886260986,-0.4000000059604645,4.035999774932861,4.063000202178955,4.059999942779541,4.064000129699707,4.065000057220459,4.067999839782715,nan,nan,nan,nan,nan,nan
4.47950291633606,-0.4000000059604645,4.035999774932861,4.063000202178955,4.059999942779541,4.064000129699707,4.065000057220459,4.067999839782715,nan,nan,nan,nan,nan,nan
4.638993740081787,-0.4099999964237213,4.035999774932861,4.063000202178955,4.059999942779541,4.064000129699707,4.065000057220459,4.067999839782715,nan,nan,nan,nan,nan,nan
4.820935249328613,-0.4000000059604645,4.035999774932861,4.063000202178955,4.060999870300293,4.064000129699707,4.065000057220459,4.067999839782715,nan,nan,nan,nan,nan,nan
4.999431371688843,-0.4000000059604645,4.035999774932861,4.063000202178955,4.060999870300293,4.064000129699707,4.065000057220459,4.067999839782715,nan,nan,nan,nan,nan,nan
5.159028768539429,-0.4000000059604645,4.035999774932861,4.063000202178955,4.060999870300293,4.064000129699707,4.065000057220459,4.067999839782715,nan,nan,nan,nan,nan,nan
5.339595794677734,-0.4000000059604645,4.035999774932861,4.063000202178955,4.059999942779541,4.064000129699707,4.065000057220459,4.067999839782715,nan,nan,nan,nan,nan,nan
5.499149799346924,-0.4000000059604645,4.035999774932861,4.063000202178955,4.059999942779541,4.064000129699707,4.065000057220459,4.067999839782715,nan,nan,nan,nan,nan,nan
5.6811723709106445,-0.38999998569488525,4.035999774932861,4.063000202178955,4.059999942779541,4.064000129699707,4.065000057220459,4.067999839782715,nan,nan,nan,nan,nan,nan
5.859867095947266,-0.4000000059604645,4.035999774932861,4.063000202178955,4.060999870300293,4.064000129699707,4.065000057220459,4.067999839782715,nan,nan,nan,nan,nan,nan
6.019468545913696,-0.4000000059604645,4.035999774932861,4.063000202178955,4.059999942779541,4.064000129699707,4.065000057220459,4.067999839782715,nan,nan,nan,nan,nan,nan
6.199972629547119,-0.38999998569488525,4.035999774932861,4.063000202178955,4.059999942779541,4.064000129699707,4.065000057220459,4.067999839782715,nan,nan,nan,nan,nan,nan
6.359378337860107,-0.4000000059604645,4.035999774932861,4.063000202178955,4.059999942779541,4.064000129699707,4.065000057220459,4.067999839782715,nan,nan,nan,nan,nan,nan
6.539977312088013,-0.4099999964237213,4.035999774932861,4.063000202178955,4.059999942779541,4.064000129699707,4.065000057220459,4.067999839782715,nan,nan,nan,nan,nan,nan
6.718658447265625,-0.4000000059604645,4.035999774932861,4.063000202178955,4.059999942779541,4.064000129699707,4.065000057220459,4.067999839782715,nan,nan,nan,nan,nan,nan
6.8797407150268555,-0.4000000059604645,4.035999774932861,4.063000202178955,4.059999942779541,4.064000129699707,4.065000057220459,4.067999839782715,nan,nan,nan,nan,nan,nan
7.059954881668091,-0.4000000059604645,4.035999774932861,4.063000202178955,4.059999942779541,4.064000129699707,4.065000057220459,4.067999839782715,nan,nan,nan,nan,nan,nan
7.238571643829346,-0.4000000059604645,4.035999774932861,4.063000202178955,4.059999942779541,4.064000129699707,4.064000129699707,4.067999839782715,nan,nan,nan,nan,nan,nan
7.400257110595703,-0.4099999964237213,4.035999774932861,4.063000202178955,4.059999942779541,4.064000129699707,4.065000057220459,4.067999839782715,nan,nan,nan,nan,nan,nan
7.579995393753052,-0.4099999964237213,4.035999774932861,4.063000202178955,4.060999870300293,4.064000129699707,4.065000057220459,4.067999839782715,nan,nan,nan,nan,nan,nan
7.739417552947998,-0.4000000059604645,4.035999774932861,4.063000202178955,4.059999942779541,4.064000129699707,4.065000057220459,4.067999839782715,nan,nan,nan,nan,nan,nan
7.919953346252441,-0.38999998569488525,4.035999774932861,4.063000202178955,4.060999870300293,4.064000129699707,4.065000057220459,4.067999839782715,nan,nan,nan,nan,nan,nan
8.099812746047974,-0.4000000059604645,4.035999774932861,4.063000202178955,4.059999942779541,4.064000129699707,4.065000057220459,4.067999839782715,nan,nan,nan,nan,nan,nan
8.259303331375122,-0.3700000047683716,4.035999774932861,4.063000202178955,4.060999870300293,4.064000129699707,4.065000057220459,4.067999839782715,nan,nan,nan,nan,nan,nan
8.439306020736694,-0.4000000059604645,4.035999774932861,4.063000202178955,4.059999942779541,4.064000129699707,4.065000057220459,4.067999839782715,nan,nan,nan,nan,nan,nan
8.598999977111816,-0.4000000059604645,4.035999774932861,4.061999797821045,4.060999870300293,4.064000129699707,4.065000057220459,4.067999839782715,nan,nan,nan,nan,nan,nan
8.779426097869873,-0.4000000059604645,4.035999774932861,4.063000202178955,4.060999870300293,4.064000129699707,4.064000129699707,4.067999839782715,nan,nan,nan,nan,nan,nan
8.958518743515015,-0.4000000059604645,4.035999774932861,4.063000202178955,4.060999870300293,4.064000129699707,4.065000057220459,4.067999839782715,nan,nan,nan,nan,nan,nan
9.11975646018982,-0.4000000059604645,4.035999774932861,4.063000202178955,4.059999942779541,4.064000129699707,4.064000129699707,4.067999839782715,nan,nan,nan,nan,nan,nan
9.29851484298706,-0.4000000059604645,4.035999774932861,4.063000202178955,4.059999942779541,4.064000129699707,4.065000057220459,4.067999839782715,nan,nan,nan,nan,nan,nan
9.47887659072876,-0.4000000059604645,4.035999774932861,4.063000202178955,4.060999870300293,4.064000129699707,4.065000057220459,4.067999839782715,nan,nan,nan,nan,nan,nan
9.638617277145386,-0.4000000059604645,4.035999774932861,4.061999797821045,4.059999942779541,4.064000129699707,4.065000057220459,4.067999839782715,nan,nan,nan,nan,nan,nan
9.818965435028076,-0.4000000059604645,4.035999774932861,4.063000202178955,4.059999942779541,4.064000129699707,4.065000057220459,4.067999839782715,nan,nan,nan,nan,nan,nan
9.979901552200317,-0.4099999964237213,4.035999774932861,4.063000202178955,4.059999942779541,4.064000129699707,4.064000129699707,4.067999839782715,nan,nan,nan,nan,nan,nan
10.15877103805542,-0.4099999964237213,4.035999774932861,4.063000202178955,4.059999942779541,4.064000129699707,4.065000057220459,4.067999839782715,nan,nan,nan,nan,nan,nan
10.340676307678223,-0.4000000059604645,4.035999774932861,4.063000202178955,4.059999942779541,4.064000129699707,4.065000057220459,4.067999839782715,nan,nan,nan,nan,nan,nan
10.498470544815063,-0.41999998688697815,4.035999774932861,4.063000202178955,4.059999942779541,4.064000129699707,4.065000057220459,4.067999839782715,nan,nan,nan,nan,nan,nan
10.679225444793701,-0.4000000059604645,4.035999774932861,4.063000202178955,4.059999942779541,4.064000129699707,4.065000057220459,4.067999839782715,nan,nan,nan,nan,nan,nan
10.85921597480774,-0.4000000059604645,4.035999774932861,4.063000202178955,4.059999942779541,4.064000129699707,4.065000057220459,4.067999839782715,nan,nan,nan,nan,nan,nan
11.018784046173096,-0.4099999964237213,4.035999774932861,4.063000202178955,4.059999942779541,4.064000129699707,4.065000057220459,4.067999839782715,nan,nan,nan,nan,nan,nan
11.199153900146484,-0.4000000059604645,4.035999774932861,4.063000202178955,4.059999942779541,4.064000129699707,4.065000057220459,4.067999839782715,nan,nan,nan,nan,nan,nan
11.358554601669312,-0.4000000059604645,4.035999774932861,4.063000202178955,4.059999942779541,4.064000129699707,4.065000057220459,4.067999839782715,nan,nan,nan,nan,nan,nan
11.539058446884155,-0.4000000059604645,4.035999774932861,4.063000202178955,4.059999942779541,4.064000129699707,4.065000057220459,4.067999839782715,nan,nan,nan,nan,nan,nan
11.719353437423706,-0.4000000059604645,4.035999774932861,4.063000202178955,4.059999942779541,4.064000129699707,4.064000129699707,4.067999839782715,nan,nan,nan,nan,nan,nan
11.879008054733276,-0.4000000059604645,4.035999774932861,4.063000202178955,4.059999942779541,4.064000129699707,4.065000057220459,4.067999839782715,nan,nan,nan,nan,nan,nan
12.059392213821411,-0.4000000059604645,4.035999774932861,4.063000202178955,4.059999942779541,4.064000129699707,4.064000129699707,4.067999839782715,nan,nan,nan,nan,nan,nan
12.22042465209961,-0.4000000059604645,4.035999774932861,4.063000202178955,4.059999942779541,4.064000129699707,4.065000057220459,4.067999839782715,nan,nan,nan,nan,nan,nan
12.3991060256958,-0.38999998569488525,4.035999774932861,4.063000202178955,4.059999942779541,4.064000129699707,4.065000057220459,4.067999839782715,nan,nan,nan,nan,nan,nan
12.579138994216919,-0.41999998688697815,4.035999774932861,4.063000202178955,4.059999942779541,4.064000129699707,4.064000129699707,4.067999839782715,nan,nan,nan,nan,nan,nan
12.738725423812866,-0.41999998688697815,4.035999774932861,4.063000202178955,4.059999942779541,4.064000129699707,4.065000057220459,4.067999839782715,nan,nan,nan,nan,nan,nan
12.920669794082642,-0.4000000059604645,4.035999774932861,4.063000202178955,4.059999942779541,4.064000129699707,4.064000129699707,4.067999839782715,nan,nan,nan,nan,nan,nan
13.099180221557617,-0.4000000059604645,4.035999774932861,4.063000202178955,4.059999942779541,4.064000129699707,4.065000057220459,4.067999839782715,nan,nan,nan,nan,nan,nan
13.258832454681396,-0.4099999964237213,4.035999774932861,4.063000202178955,4.059999942779541,4.064000129699707,4.064000129699707,4.067999839782715,nan,nan,nan,nan,nan,nan
13.4393150806427,-0.38999998569488525,4.035999774932861,4.063000202178955,4.059999942779541,4.064000129699707,4.065000057220459,4.067999839782715,nan,nan,nan,nan,nan,nan
13.59892463684082,-0.4000000059604645,4.035999774932861,4.063000202178955,4.059999942779541,4.064000129699707,4.065000057220459,4.067999839782715,nan,nan,nan,nan,nan,nan
13.779202222824097,-0.4000000059604645,4.035999774932861,4.063000202178955,4.059999942779541,4.064000129699707,4.064000129699707,4.067999839782715,nan,nan,nan,nan,nan,nan
13.959475755691528,-0.4000000059604645,4.035999774932861,4.061999797821045,4.059999942779541,4.064000129699707,4.065000057220459,4.067999839782715,nan,nan,nan,nan,nan,nan
14.119233131408691,-0.4000000059604645,4.035999774932861,4.061999797821045,4.059999942779541,4.064000129699707,4.064000129699707,4.067999839782715,nan,nan,nan,nan,nan,nan
14.299570083618164,-0.4099999964237213,4.035999774932861,4.061999797821045,4.059999942779541,4.064000129699707,4.065000057220459,4.067999839782715,nan,nan,nan,nan,nan,nan
14.458982229232788,-0.4000000059604645,4.035999774932861,4.063000202178955,4.059999942779541,4.064000129699707,4.065000057220459,4.067999839782715,nan,nan,nan,nan,nan,nan
14.639532089233398,-0.4000000059604645,4.035999774932861,4.063000202178955,4.059999942779541,4.064000129699707,4.065000057220459,4.067999839782715,nan,nan,nan,nan,nan,nan
14.82126498222351,-0.38999998569488525,4.035999774932861,4.063000202178955,4.059999942779541,4.064000129699707,4.065000057220459,4.067999839782715,nan,nan,nan,nan,nan,nan
14.979534387588501,-0.4000000059604645,4.035999774932861,4.063000202178955,4.059999942779541,4.064000129699707,4.065000057220459,4.067999839782715,nan,nan,nan,nan,nan,nan
15.159955024719238,-0.4000000059604645,4.035999774932861,4.063000202178955,4.060999870300293,4.064000129699707,4.064000129699707,4.067999839782715,nan,nan,nan,nan,nan,nan
15.338588953018188,-0.4099999964237213,4.035999774932861,4.061999797821045,4.059999942779541,4.064000129699707,4.065000057220459,4.067999839782715,nan,nan,nan,nan,nan,nan
15.499740839004517,-0.38999998569488525,4.035999774932861,4.063000202178955,4.059999942779541,4.064000129699707,4.064000129699707,4.067999839782715,nan,nan,nan,nan,nan,nan
15.678483486175537,-0.4000000059604645,4.035999774932861,4.061999797821045,4.059999942779541,4.064000129699707,4.064000129699707,4.067999839782715,nan,nan,nan,nan,nan,nan
15.839759826660156,-0.4000000059604645,4.035999774932861,4.063000202178955,4.059999942779541,4.064000129699707,4.065000057220459,4.067999839782715,nan,nan,nan,nan,nan,nan
16.01992917060852,-0.38999998569488525,4.035999774932861,4.061999797821045,4.059999942779541,4.064000129699707,4.065000057220459,4.067999839782715,nan,nan,nan,nan,nan,nan
16.19854474067688,-0.4099999964237213,4.035999774932861,4.063000202178955,4.059999942779541,4.064000129699707,4.064000129699707,4.067999839782715,nan,nan,nan,nan,nan,nan
16.361473083496094,-0.4000000059604645,4.035999774932861,4.061999797821045,4.059999942779541,4.064000129699707,4.065000057220459,4.067999839782715,nan,nan,nan,nan,nan,nan
16.538740873336792,-0.4000000059604645,4.035999774932861,4.063000202178955,4.059999942779541,4.064000129699707,4.065000057220459,4.067999839782715,nan,nan,nan,nan,nan,nan
16.718807458877563,-0.4000000059604645,4.035999774932861,4.061999797821045,4.059999942779541,4.064000129699707,4.064000129699707,4.067999839782715,nan,nan,nan,nan,nan,nan
16.878224849700928,-0.38999998569488525,4.035999774932861,4.063000202178955,4.059999942779541,4.064000129699707,4.064000129699707,4.067999839782715,nan,nan,nan,nan,nan,nan
17.058687210083008,-0.4000000059604645,4.035999774932861,4.063000202178955,4.059999942779541,4.064000129699707,4.065000057220459,4.067999839782715,nan,nan,nan,nan,nan,nan
17.219749450683594,-0.4300000071525574,4.035999774932861,4.063000202178955,4.059999942779541,4.064000129699707,4.065000057220459,4.067999839782715,nan,nan,nan,nan,nan,nan
17.398720741271973,-0.4000000059604645,4.035999774932861,4.063000202178955,4.059999942779541,4.064000129699707,4.065000057220459,4.067999839782715,nan,nan,nan,nan,nan,nan
17.578832626342773,-0.4000000059604645,4.035999774932861,4.061999797821045,4.059999942779541,4.064000129699707,4.065000057220459,4.067999839782715,nan,nan,nan,nan,nan,nan
17.7385835647583,-0.4000000059604645,4.035999774932861,4.063000202178955,4.059999942779541,4.064000129699707,4.064000129699707,4.067999839782715,nan,nan,nan,nan,nan,nan
17.919092655181885,-0.4000000059604645,4.035999774932861,4.063000202178955,4.059999942779541,4.064000129699707,4.064000129699707,4.067999839782715,nan,nan,nan,nan,nan,nan
18.078691959381104,-0.38999998569488525,4.035999774932861,4.063000202178955,4.059999942779541,4.063000202178955,4.065000057220459,4.067999839782715,nan,nan,nan,nan,nan,nan
18.259267807006836,-0.4000000059604645,4.035999774932861,4.063000202178955,4.059999942779541,4.064000129699707,4.064000129699707,4.067999839782715,nan,nan,nan,nan,nan,nan
18.43950867652893,-0.4000000059604645,4.035999774932861,4.061999797821045,4.059999942779541,4.064000129699707,4.064000129699707,4.067999839782715,nan,nan,nan,nan,nan,nan
18.598819971084595,-0.4099999964237213,4.035999774932861,4.063000202178955,4.059999942779541,4.064000129699707,4.065000057220459,4.067999839782715,nan,nan,nan,nan,nan,nan
18.77921962738037,-0.4000000059604645,4.035999774932861,4.063000202178955,4.059999942779541,4.064000129699707,4.064000129699707,4.067999839782715,nan,nan,nan,nan,nan,nan
18.959211587905884,-0.4000000059604645,4.035999774932861,4.061999797821045,4.059999942779541,4.064000129699707,4.064000129699707,4.067999839782715,nan,nan,nan,nan,nan,nan
19.120143175125122,-0.4000000059604645,4.035999774932861,4.061999797821045,4.059999942779541,4.064000129699707,4.064000129699707,4.067999839782715,nan,nan,nan,nan,nan,nan
19.301973581314087,-0.4099999964237213,4.035999774932861,4.063000202178955,4.059999942779541,4.064000129699707,4.065000057220459,4.067999839782715,nan,nan,nan,nan,nan,nan
19.459903240203857,-0.4000000059604645,4.035999774932861,4.061999797821045,4.059999942779541,4.064000129699707,4.065000057220459,4.067999839782715,nan,nan,nan,nan,nan,nan
19.638772010803223,-0.41999998688697815,4.035999774932861,4.063000202178955,4.059999942779541,4.064000129699707,4.064000129699707,4.067999839782715,nan,nan,nan,nan,nan,nan
19.819010734558105,-0.4099999964237213,4.035999774932861,4.061999797821045,4.059999942779541,4.064000129699707,4.064000129699707,4.067999839782715,nan,nan,nan,nan,nan,nan
19.97862458229065,-0.4099999964237213,4.035999774932861,4.061999797821045,4.059999942779541,4.063000202178955,4.064000129699707,4.067999839782715,nan,nan,nan,nan,nan,nan
20.158957481384277,-0.4000000059604645,4.035999774932861,4.063000202178955,4.059999942779541,4.064000129699707,4.064000129699707,4.066999912261963,nan,nan,nan,nan,nan,nan
20.318586587905884,-0.4000000059604645,4.035999774932861,4.063000202178955,4.059999942779541,4.064000129699707,4.064000129699707,4.067999839782715,nan,nan,nan,nan,nan,nan
20.499138593673706,-0.4000000059604645,4.035999774932861,4.063000202178955,4.059999942779541,4.063000202178955,4.064000129699707,4.067999839782715,nan,nan,nan,nan,nan,nan
20.679699182510376,-0.4000000059604645,4.035999774932861,4.063000202178955,4.059999942779541,4.064000129699707,4.064000129699707,4.067999839782715,nan,nan,nan,nan,nan,nan
20.838868141174316,-0.3799999952316284,4.035999774932861,4.063000202178955,4.059999942779541,4.064000129699707,4.064000129699707,4.067999839782715,nan,nan,nan,nan,nan,nan
21.019409656524658,-0.4099999964237213,4.035999774932861,4.061999797821045,4.059999942779541,4.064000129699707,4.064000129699707,4.067999839782715,nan,nan,nan,nan,nan,nan
21.19963765144348,-0.41999998688697815,4.035999774932861,4.061999797821045,4.059999942779541,4.064000129699707,4.064000129699707,4.066999912261963,nan,nan,nan,nan,nan,nan
21.35930371284485,-0.4099999964237213,4.035999774932861,4.063000202178955,4.059999942779541,4.064000129699707,4.065000057220459,4.067999839782715,nan,nan,nan,nan,nan,nan
21.539735555648804,-0.4099999964237213,4.035999774932861,4.063000202178955,4.059999942779541,4.064000129699707,4.064000129699707,4.067999839782715,nan,nan,nan,nan,nan,nan
21.699530363082886,-0.4000000059604645,4.035999774932861,4.061999797821045,4.059999942779541,4.063000202178955,4.064000129699707,4.067999839782715,nan,nan,nan,nan,nan,nan
21.879610776901245,-0.4099999964237213,4.035999774932861,4.063000202178955,4.059999942779541,4.064000129699707,4.064000129699707,4.067999839782715,nan,nan,nan,nan,nan,nan
22.059813261032104,-0.4000000059604645,4.035999774932861,4.061999797821045,4.059999942779541,4.063000202178955,4.064000129699707,4.067999839782715,nan,nan,nan,nan,nan,nan
22.219290494918823,-0.4099999964237213,4.035999774932861,4.061999797821045,4.059999942779541,4.064000129699707,4.065000057220459,4.067999839782715,nan,nan,nan,nan,nan,nan
22.39968204498291,-0.4000000059604645,4.035999774932861,4.063000202178955,4.059999942779541,4.064000129699707,4.064000129699707,4.067999839782715,nan,nan,nan,nan,nan,nan
22.558993101119995,-0.4099999964237213,4.035999774932861,4.061999797821045,4.059999942779541,4.064000129699707,4.064000129699707,4.067999839782715,nan,nan,nan,nan,nan,nan
22.739617347717285,-0.3799999952316284,4.035999774932861,4.063000202178955,4.059999942779541,4.064000129699707,4.064000129699707,4.067999839782715,nan,nan,nan,nan,nan,nan
22.92000126838684,-0.4000000059604645,4.035999774932861,4.061999797821045,4.059999942779541,4.063000202178955,4.064000129699707,4.067999839782715,nan,nan,nan,nan,nan,nan
23.081058263778687,-0.4000000059604645,4.034999847412109,4.063000202178955,4.059999942779541,4.064000129699707,4.064000129699707,4.067999839782715,nan,nan,nan,nan,nan,nan
23.259795427322388,-0.4000000059604645,4.035999774932861,4.063000202178955,4.059999942779541,4.063000202178955,4.064000129699707,4.067999839782715,nan,nan,nan,nan,nan,nan
23.438682794570923,-0.4099999964237213,4.035999774932861,4.061999797821045,4.059999942779541,4.064000129699707,4.064000129699707,4.066999912261963,nan,nan,nan,nan,nan,nan
23.60009503364563,-0.4000000059604645,4.035999774932861,4.063000202178955,4.059999942779541,4.063000202178955,4.064000129699707,4.067999839782715,nan,nan,nan,nan,nan,nan
23.77874445915222,-0.4000000059604645,4.035999774932861,4.061999797821045,4.059999942779541,4.064000129699707,4.064000129699707,4.067999839782715,nan,nan,nan,nan,nan,nan
23.939711809158325,-0.4000000059604645,4.035999774932861,4.061999797821045,4.059999942779541,4.064000129699707,4.065000057220459,4.067999839782715,nan,nan,nan,nan,nan,nan
24.118599891662598,-0.4000000059604645,4.035999774932861,4.063000202178955,4.059999942779541,4.064000129699707,4.064000129699707,4.067999839782715,nan,nan,nan,nan,nan,nan
24.299060106277466,-0.38999998569488525,4.035999774932861,4.061999797821045,4.059999942779541,4.064000129699707,4.065000057220459,4.067999839782715,nan,nan,nan,nan,nan,nan
24.459995985031128,-0.4000000059604645,4.035999774932861,4.061999797821045,4.059999942779541,4.064000129699707,4.064000129699707,4.067999839782715,nan,nan,nan,nan,nan,nan
24.63866114616394,-0.38999998569488525,4.035999774932861,4.063000202178955,4.059999942779541,4.063000202178955,4.064000129699707,4.066999912261963,nan,nan,nan,nan,nan,nan
24.81894326210022,-0.3799999952316284,4.035999774932861,4.061999797821045,4.059999942779541,4.063000202178955,4.064000129699707,4.067999839782715,nan,nan,nan,nan,nan,nan
24.980286598205566,-0.4000000059604645,4.035999774932861,4.061999797821045,4.059999942779541,4.063000202178955,4.064000129699707,4.067999839782715,nan,nan,nan,nan,nan,nan
25.159104585647583,-0.4000000059604645,4.034999847412109,4.061999797821045,4.059999942779541,4.064000129699707,4.064000129699707,4.067999839782715,nan,nan,nan,nan,nan,nan
25.318487644195557,-0.4000000059604645,4.034999847412109,4.063000202178955,4.059999942779541,4.064000129699707,4.064000129699707,4.067999839782715,nan,nan,nan,nan,nan,nan
25.498860359191895,-0.38999998569488525,4.035999774932861,4.063000202178955,4.059999942779541,4.064000129699707,4.064000129699707,4.067999839782715,nan,nan,nan,nan,nan,nan
25.67911410331726,-0.4000000059604645,4.035999774932861,4.061999797821045,4.059999942779541,4.063000202178955,4.064000129699707,4.066999912261963,nan,nan,nan,nan,nan,nan
25.839694023132324,-0.4099999964237213,4.035999774932861,4.061999797821045,4.059999942779541,4.064000129699707,4.064000129699707,4.067999839782715,nan,nan,nan,nan,nan,nan
26.018615245819092,-0.38999998569488525,4.035999774932861,4.061999797821045,4.059999942779541,4.063000202178955,4.064000129699707,4.067999839782715,nan,nan,nan,nan,nan,nan
26.179646253585815,-0.4000000059604645,4.035999774932861,4.061999797821045,4.059999942779541,4.064000129699707,4.064000129699707,4.066999912261963,nan,nan,nan,nan,nan,nan
26.35865807533264,-0.4000000059604645,4.035999774932861,4.063000202178955,4.059999942779541,4.064000129699707,4.065000057220459,4.067999839782715,nan,nan,nan,nan,nan,nan
26.539087772369385,-0.4000000059604645,4.035999774932861,4.061999797821045,4.059999942779541,4.064000129699707,4.064000129699707,4.067999839782715,nan,nan,nan,nan,nan,nan
26.700021266937256,-0.4000000059604645,4.034999847412109,4.061999797821045,4.059999942779541,4.064000129699707,4.064000129699707,4.067999839782715,nan,nan,nan,nan,nan,nan
26.882057428359985,-0.4000000059604645,4.035999774932861,4.063000202178955,4.059999942779541,4.063000202178955,4.064000129699707,4.067999839782715,nan,nan,nan,nan,nan,nan
27.06096601486206,-0.4000000059604645,4.034999847412109,4.061999797821045,4.059999942779541,4.064000129699707,4.064000129699707,4.067999839782715,nan,nan,nan,nan,nan,nan
27.218489408493042,-0.4000000059604645,4.035999774932861,4.061999797821045,4.059999942779541,4.063000202178955,4.064000129699707,4.067999839782715,nan,nan,nan,nan,nan,nan
27.39923667907715,-0.4000000059604645,4.034999847412109,4.061999797821045,4.059999942779541,4.064000129699707,4.064000129699707,4.067999839782715,nan,nan,nan,nan,nan,nan
27.558549880981445,-0.4000000059604645,4.035999774932861,4.061999797821045,4.059999942779541,4.063000202178955,4.064000129699707,4.067999839782715,nan,nan,nan,nan,nan,nan
27.739007472991943,-0.4000000059604645,4.034999847412109,4.061999797821045,4.059999942779541,4.064000129699707,4.064000129699707,4.067999839782715,nan,nan,nan,nan,nan,nan
27.91925358772278,-0.4000000059604645,4.034999847412109,4.061999797821045,4.059999942779541,4.063000202178955,4.064000129699707,4.066999912261963,nan,nan,nan,nan,nan,nan
28.079188108444214,-0.4000000059604645,4.035999774932861,4.061999797821045,4.059999942779541,4.063000202178955,4.064000129699707,4.066999912261963,nan,nan,nan,nan,nan,nan
28.260817527770996,-0.4099999964237213,4.034999847412109,4.061999797821045,4.059999942779541,4.064000129699707,4.064000129699707,4.067999839782715,nan,nan,nan,nan,nan,nan
28.418705224990845,-0.38999998569488525,4.034999847412109,4.061999797821045,4.059999942779541,4.064000129699707,4.064000129699707,4.067999839782715,nan,nan,nan,nan,nan,nan
28.599138498306274,-0.4000000059604645,4.034999847412109,4.061999797821045,4.059999942779541,4.064000129699707,4.064000129699707,4.067999839782715,nan,nan,nan,nan,nan,nan
28.779541730880737,-0.4099999964237213,4.035999774932861,4.061999797821045,4.059999942779541,4.063000202178955,4.064000129699707,4.067999839782715,nan,nan,nan,nan,nan,nan
28.938905715942383,-0.4099999964237213,4.035999774932861,4.061999797821045,4.059999942779541,4.063000202178955,4.065000057220459,4.067999839782715,nan,nan,nan,nan,nan,nan
29.119532823562622,-0.3799999952316284,4.034999847412109,4.061999797821045,4.059999942779541,4.064000129699707,4.064000129699707,4.067999839782715,nan,nan,nan,nan,nan,nan
29.299606561660767,-0.4000000059604645,4.035999774932861,4.063000202178955,4.059999942779541,4.063000202178955,4.064000129699707,4.067999839782715,nan,nan,nan,nan,nan,nan
29.459253072738647,-0.4000000059604645,4.034999847412109,4.061999797821045,4.059999942779541,4.064000129699707,4.064000129699707,4.066999912261963,nan,nan,nan,nan,nan,nan
29.639636039733887,-0.4099999964237213,4.035999774932861,4.063000202178955,4.059999942779541,4.063000202178955,4.064000129699707,4.067999839782715,nan,nan,nan,nan,nan,nan
29.799246788024902,-0.4000000059604645,4.034999847412109,4.061999797821045,4.059999942779541,4.063000202178955,4.064000129699707,4.066999912261963,nan,nan,nan,nan,nan,nan
29.98127770423889,-0.4000000059604645,4.035999774932861,4.061999797821045,4.059999942779541,4.063000202178955,4.064000129699707,4.067999839782715,nan,nan,nan,nan,nan,nan
30.159823656082153,-0.4099999964237213,4.035999774932861,4.061999797821045,4.059999942779541,4.063000202178955,4.064000129699707,4.067999839782715,nan,nan,nan,nan,nan,nan
30.319241046905518,-0.4000000059604645,4.034999847412109,4.061999797821045,4.059999942779541,4.063000202178955,4.064000129699707,4.067999839782715,nan,nan,nan,nan,nan,nan
30.499329328536987,-0.38999998569488525,4.034999847412109,4.061999797821045,4.059999942779541,4.064000129699707,4.064000129699707,4.067999839782715,nan,nan,nan,nan,nan,nan
30.660541534423828,-0.38999998569488525,4.034999847412109,4.061999797821045,4.059999942779541,4.063000202178955,4.064000129699707,4.067999839782715,nan,nan,nan,nan,nan,nan
30.839182138442993,-0.38999998569488525,4.034999847412109,4.061999797821045,4.059999942779541,4.064000129699707,4.064000129699707,4.067999839782715,nan,nan,nan,nan,nan,nan
31.019431829452515,-0.38999998569488525,4.035999774932861,4.061999797821045,4.059999942779541,4.063000202178955,4.064000129699707,4.067999839782715,nan,nan,nan,nan,nan,nan
31.178903341293335,-0.4000000059604645,4.034999847412109,4.061999797821045,4.059999942779541,4.064000129699707,4.064000129699707,4.067999839782715,nan,nan,nan,nan,nan,nan
31.359570026397705,-0.4099999964237213,4.034999847412109,4.061999797821045,4.059999942779541,4.063000202178955,4.064000129699707,4.067999839782715,nan,nan,nan,nan,nan,nan
31.539786100387573,-0.4000000059604645,4.034999847412109,4.061999797821045,4.059999942779541,4.064000129699707,4.064000129699707,4.066999912261963,nan,nan,nan,nan,nan,nan
31.699435710906982,-0.4099999964237213,4.034999847412109,4.061999797821045,4.059999942779541,4.063000202178955,4.064000129699707,4.066999912261963,nan,nan,nan,nan,nan,nan
31.87957525253296,-0.4000000059604645,4.034999847412109,4.063000202178955,4.059999942779541,4.064000129699707,4.064000129699707,4.067999839782715,nan,nan,nan,nan,nan,nan
32.03918528556824,-0.4099999964237213,4.034999847412109,4.061999797821045,4.059999942779541,4.063000202178955,4.064000129699707,4.067999839782715,nan,nan,nan,nan,nan,nan
32.219759464263916,-0.4000000059604645,4.034999847412109,4.061999797821045,4.059999942779541,4.063000202178955,4.064000129699707,4.066999912261963,nan,nan,nan,nan,nan,nan
32.399893045425415,-0.38999998569488525,4.034999847412109,4.061999797821045,4.059999942779541,4.063000202178955,4.064000129699707,4.066999912261963,nan,nan,nan,nan,nan,nan
32.55935502052307,-0.41999998688697815,4.034999847412109,4.061999797821045,4.059999942779541,4.063000202178955,4.064000129699707,4.067999839782715,nan,nan,nan,nan,nan,nan
32.73968505859375,-0.4000000059604645,4.034999847412109,4.061999797821045,4.059999942779541,4.063000202178955,4.064000129699707,4.066999912261963,nan,nan,nan,nan,nan,nan
32.89911103248596,-0.4000000059604645,4.034999847412109,4.061999797821045,4.059999942779541,4.063000202178955,4.064000129699707,4.067999839782715,nan,nan,nan,nan,nan,nan
33.079797983169556,-0.38999998569488525,4.035999774932861,4.061999797821045,4.059999942779541,4.063000202178955,4.064000129699707,4.067999839782715,nan,nan,nan,nan,nan,nan
33.25868606567383,-0.4000000059604645,4.034999847412109,4.061999797821045,4.059999942779541,4.064000129699707,4.064000129699707,4.066999912261963,nan,nan,nan,nan,nan,nan
33.41993474960327,-0.4099999964237213,4.034999847412109,4.061999797821045,4.059999942779541,4.063000202178955,4.064000129699707,4.066999912261963,nan,nan,nan,nan,nan,nan
33.60000157356262,-0.4300000071525574,4.035999774932861,4.061999797821045,4.059999942779541,4.064000129699707,4.064000129699707,4.067999839782715,nan,nan,nan,nan,nan,nan
33.779929399490356,-0.4000000059604645,4.034999847412109,4.063000202178955,4.059999942779541,4.063000202178955,4.064000129699707,4.066999912261963,nan,nan,nan,nan,nan,nan
33.939587116241455,-0.4000000059604645,4.034999847412109,4.061999797821045,4.059999942779541,4.064000129699707,4.064000129699707,4.067999839782715,nan,nan,nan,nan,nan,nan
34.11851191520691,-0.4000000059604645,4.034999847412109,4.061999797821045,4.059999942779541,4.063000202178955,4.064000129699707,4.066999912261963,nan,nan,nan,nan,nan,nan
34.279860496520996,-0.38999998569488525,4.034999847412109,4.061999797821045,4.059999942779541,4.063000202178955,4.064000129699707,4.067999839782715,nan,nan,nan,nan,nan,nan
34.460490703582764,-0.4000000059604645,4.034999847412109,4.061999797821045,4.059999942779541,4.063000202178955,4.064000129699707,4.066999912261963,nan,nan,nan,nan,nan,nan
34.638734340667725,-0.41999998688697815,4.034999847412109,4.061999797821045,4.059999942779541,4.063000202178955,4.064000129699707,4.066999912261963,nan,nan,nan,nan,nan,nan
34.79965043067932,-0.4000000059604645,4.034999847412109,4.061999797821045,4.059999942779541,4.063000202178955,4.064000129699707,4.066999912261963,nan,nan,nan,nan,nan,nan
34.97895169258118,-0.4000000059604645,4.034999847412109,4.061999797821045,4.059999942779541,4.063000202178955,4.064000129699707,4.067999839782715,nan,nan,nan,nan,nan,nan
35.158960580825806,-0.4000000059604645,4.034999847412109,4.061999797821045,4.059999942779541,4.063000202178955,4.064000129699707,4.066999912261963,nan,nan,nan,nan,nan,nan
35.318498373031616,-0.4000000059604645,4.034999847412109,4.061999797821045,4.059999942779541,4.063000202178955,4.064000129699707,4.067999839782715,nan,nan,nan,nan,nan,nan
35.499242067337036,-0.4000000059604645,4.034999847412109,4.061999797821045,4.059999942779541,4.063000202178955,4.064000129699707,4.067999839782715,nan,nan,nan,nan,nan,nan
35.658567667007446,-0.4000000059604645,4.034999847412109,4.061999797821045,4.059999942779541,4.063000202178955,4.064000129699707,4.067999839782715,nan,nan,nan,nan,nan,nan
35.838841915130615,-0.4000000059604645,4.034999847412109,4.061999797821045,4.059999942779541,4.063000202178955,4.064000129699707,4.066999912261963,nan,nan,nan,nan,nan,nan
36.01901984214783,-0.4000000059604645,4.034999847412109,4.063000202178955,4.059000015258789,4.063000202178955,4.064000129699707,4.066999912261963,nan,nan,nan,nan,nan,nan
36.1787052154541,-0.4000000059604645,4.034999847412109,4.061999797821045,4.059999942779541,4.063000202178955,4.064000129699707,4.066999912261963,nan,nan,nan,nan,nan,nan
36.360519886016846,-0.4000000059604645,4.034999847412109,4.061999797821045,4.059999942779541,4.063000202178955,4.064000129699707,4.066999912261963,nan,nan,nan,nan,nan,nan
36.519747734069824,-0.4000000059604645,4.034999847412109,4.061999797821045,4.059999942779541,4.063000202178955,4.064000129699707,4.066999912261963,nan,nan,nan,nan,nan,nan
36.700287103652954,-0.4000000059604645,4.034999847412109,4.061999797821045,4.059000015258789,4.063000202178955,4.064000129699707,4.066999912261963,nan,nan,nan,nan,nan,nan
36.87938189506531,-0.4000000059604645,4.034999847412109,4.061999797821045,4.059999942779541,4.063000202178955,4.064000129699707,4.067999839782715,nan,nan,nan,nan,nan,nan
37.038923263549805,-0.38999998569488525,4.034999847412109,4.061999797821045,4.059999942779541,4.063000202178955,4.064000129699707,4.067999839782715,nan,nan,nan,nan,nan,nan
37.219284772872925,-0.3799999952316284,4.034999847412109,4.061999797821045,4.059999942779541,4.063000202178955,4.064000129699707,4.066999912261963,nan,nan,nan,nan,nan,nan
37.3992965221405,-0.4000000059604645,4.034999847412109,4.061999797821045,4.059999942779541,4.063000202178955,4.064000129699707,4.066999912261963,nan,nan,nan,nan,nan,nan
37.55887150764465,-0.4099999964237213,4.034999847412109,4.061999797821045,4.059999942779541,4.063000202178955,4.064000129699707,4.067999839782715,nan,nan,nan,nan,nan,nan
37.739153146743774,-0.4000000059604645,4.034999847412109,4.061999797821045,4.059999942779541,4.064000129699707,4.064000129699707,4.066999912261963,nan,nan,nan,nan,nan,nan
37.89853525161743,-0.4000000059604645,4.034999847412109,4.061999797821045,4.059999942779541,4.063000202178955,4.064000129699707,4.066999912261963,nan,nan,nan,nan,nan,nan
38.07887864112854,-0.4000000059604645,4.034999847412109,4.061999797821045,4.059999942779541,4.063000202178955,4.064000129699707,4.067999839782715,nan,nan,nan,nan,nan,nan
38.260398626327515,-0.4000000059604645,4.034999847412109,4.063000202178955,4.059999942779541,4.063000202178955,4.064000129699707,4.066999912261963,nan,nan,nan,nan,nan,nan
38.41865658760071,-0.4000000059604645,4.034999847412109,4.061999797821045,4.059999942779541,4.063000202178955,4.064000129699707,4.066999912261963,nan,nan,nan,nan,nan,nan
38.599005699157715,-0.3799999952316284,4.034999847412109,4.061999797821045,4.059999942779541,4.063000202178955,4.064000129699707,4.067999839782715,nan,nan,nan,nan,nan,nan
38.76000785827637,-0.4099999964237213,4.034999847412109,4.061999797821045,4.059999942779541,4.063000202178955,4.064000129699707,4.066999912261963,nan,nan,nan,nan,nan,nan
38.93911123275757,-0.4000000059604645,4.034999847412109,4.061999797821045,4.059999942779541,4.063000202178955,4.064000129699707,4.066999912261963,nan,nan,nan,nan,nan,nan
39.11950731277466,-0.4000000059604645,4.034999847412109,4.061999797821045,4.059999942779541,4.063000202178955,4.064000129699707,4.066999912261963,nan,nan,nan,nan,nan,nan
39.278884172439575,-0.4000000059604645,4.034999847412109,4.061999797821045,4.059999942779541,4.063000202178955,4.064000129699707,4.066999912261963,nan,nan,nan,nan,nan,nan
39.45949125289917,-0.38999998569488525,4.034999847412109,4.061999797821045,4.059999942779541,4.063000202178955,4.064000129699707,4.066999912261963,nan,nan,nan,nan,nan,nan
39.63990569114685,-0.38999998569488525,4.034999847412109,4.061999797821045,4.059999942779541,4.063000202178955,4.064000129699707,4.067999839782715,nan,nan,nan,nan,nan,nan
39.7991943359375,-0.4000000059604645,4.034999847412109,4.061999797821045,4.059999942779541,4.063000202178955,4.064000129699707,4.066999912261963,nan,nan,nan,nan,nan,nan
39.97978615760803,-0.4000000059604645,4.034999847412109,4.061999797821045,4.059999942779541,4.063000202178955,4.064000129699707,4.067999839782715,nan,nan,nan,nan,nan,nan
40.1393506526947,-0.38999998569488525,4.034999847412109,4.061999797821045,4.059999942779541,4.063000202178955,4.064000129699707,4.066999912261963,nan,nan,nan,nan,nan,nan
40.31973147392273,-0.38999998569488525,4.034999847412109,4.061999797821045,4.059999942779541,4.063000202178955,4.064000129699707,4.066999912261963,nan,nan,nan,nan,nan,nan
40.499815940856934,-0.4000000059604645,4.034999847412109,4.061999797821045,4.059999942779541,4.063000202178955,4.064000129699707,4.066999912261963,nan,nan,nan,nan,nan,nan
40.65941548347473,-0.4000000059604645,4.034999847412109,4.061999797821045,4.059999942779541,4.063000202178955,4.064000129699707,4.066999912261963,nan,nan,nan,nan,nan,nan
40.83933091163635,-0.4000000059604645,4.034999847412109,4.061999797821045,4.059999942779541,4.063000202178955,4.064000129699707,4.066999912261963,nan,nan,nan,nan,nan,nan
40.99904227256775,-0.4000000059604645,4.034999847412109,4.061999797821045,4.059999942779541,4.063000202178955,4.064000129699707,4.066999912261963,nan,nan,nan,nan,nan,nan
41.17961549758911,-0.4000000059604645,4.034999847412109,4.061999797821045,4.059999942779541,4.063000202178955,4.064000129699707,4.066999912261963,nan,nan,nan,nan,nan,nan
41.35890293121338,-0.4000000059604645,4.034999847412109,4.061999797821045,4.059999942779541,4.063000202178955,4.064000129699707,4.066999912261963,nan,nan,nan,nan,nan,nan
41.5197594165802,-0.4000000059604645,4.034999847412109,4.061999797821045,4.059000015258789,4.063000202178955,4.064000129699707,4.066999912261963,nan,nan,nan,nan,nan,nan
41.7001256942749,-0.4000000059604645,4.034999847412109,4.061999797821045,4.059999942779541,4.063000202178955,4.064000129699707,4.066999912261963,nan,nan,nan,nan,nan,nan
41.87939095497131,-0.4000000059604645,4.034999847412109,4.061999797821045,4.059999942779541,4.063000202178955,4.064000129699707,4.066999912261963,nan,nan,nan,nan,nan,nan
42.03866910934448,-0.4000000059604645,4.034999847412109,4.061999797821045,4.059999942779541,4.063000202178955,4.064000129699707,4.066999912261963,nan,nan,nan,nan,nan,nan
42.219178915023804,-0.4000000059604645,4.034999847412109,4.061999797821045,4.059999942779541,4.063000202178955,4.064000129699707,4.066999912261963,nan,nan,nan,nan,nan,nan
42.37883234024048,-0.4000000059604645,4.034999847412109,4.061999797821045,4.059999942779541,4.063000202178955,4.064000129699707,4.066999912261963,nan,nan,nan,nan,nan,nan
42.560386180877686,-0.4099999964237213,4.034999847412109,4.061999797821045,4.059999942779541,4.063000202178955,4.064000129699707,4.067999839782715,nan,nan,nan,nan,nan,nan
42.73929309844971,-0.4000000059604645,4.034999847412109,4.061999797821045,4.059000015258789,4.063000202178955,4.064000129699707,4.066999912261963,nan,nan,nan,nan,nan,nan
42.89859127998352,-0.4000000059604645,4.034999847412109,4.061999797821045,4.059999942779541,4.063000202178955,4.064000129699707,4.066999912261963,nan,nan,nan,nan,nan,nan
43.07920289039612,-0.38999998569488525,4.034999847412109,4.061999797821045,4.059999942779541,4.063000202178955,4.064000129699707,4.066999912261963,nan,nan,nan,nan,nan,nan
43.25914549827576,-0.4000000059604645,4.034999847412109,4.061999797821045,4.059999942779541,4.063000202178955,4.064000129699707,4.066999912261963,nan,nan,nan,nan,nan,nan
43.418978214263916,-0.4000000059604645,4.034999847412109,4.061999797821045,4.059000015258789,4.063000202178955,4.064000129699707,4.066999912261963,nan,nan,nan,nan,nan,nan
43.59935164451599,-0.4000000059604645,4.034999847412109,4.061999797821045,4.059999942779541,4.063000202178955,4.064000129699707,4.066999912261963,nan,nan,nan,nan,nan,nan
43.758527755737305,-0.4000000059604645,4.034999847412109,4.061999797821045,4.059999942779541,4.063000202178955,4.064000129699707,4.066999912261963,nan,nan,nan,nan,nan,nan
43.94106316566467,-0.4000000059604645,4.034999847412109,4.061999797821045,4.059000015258789,4.063000202178955,4.064000129699707,4.067999839782715,nan,nan,nan,nan,nan,nan
44.11908555030823,-0.4000000059604645,4.034999847412109,4.061999797821045,4.059999942779541,4.063000202178955,4.064000129699707,4.067999839782715,nan,nan,nan,nan,nan,nan
44.28014826774597,-0.4000000059604645,4.034999847412109,4.061999797821045,4.059999942779541,4.063000202178955,4.064000129699707,4.066999912261963,nan,nan,nan,nan,nan,nan
44.45887207984924,-0.4000000059604645,4.034999847412109,4.061999797821045,4.059999942779541,4.063000202178955,4.064000129699707,4.066999912261963,nan,nan,nan,nan,nan,nan
44.619773864746094,-0.4099999964237213,4.034999847412109,4.061999797821045,4.059000015258789,4.063000202178955,4.064000129699707,4.066999912261963,nan,nan,nan,nan,nan,nan
44.798755407333374,-0.4000000059604645,4.034999847412109,4.061999797821045,4.059000015258789,4.063000202178955,4.064000129699707,4.066999912261963,nan,nan,nan,nan,nan,nan
44.97932410240173,-0.4000000059604645,4.034999847412109,4.061999797821045,4.059999942779541,4.063000202178955,4.064000129699707,4.066999912261963,nan,nan,nan,nan,nan,nan
45.14063215255737,-0.4000000059604645,4.034999847412109,4.061999797821045,4.059999942779541,4.063000202178955,4.064000129699707,4.066999912261963,nan,nan,nan,nan,nan,nan
45.31914687156677,-0.4000000059604645,4.034999847412109,4.061999797821045,4.059999942779541,4.063000202178955,4.064000129699707,4.066999912261963,nan,nan,nan,nan,nan,nan
45.49915528297424,-0.4000000059604645,4.034999847412109,4.061999797821045,4.059000015258789,4.063000202178955,4.064000129699707,4.066999912261963,nan,nan,nan,nan,nan,nan
45.66075396537781,-0.4000000059604645,4.034999847412109,4.061999797821045,4.059999942779541,4.063000202178955,4.064000129699707,4.066999912261963,nan,nan,nan,nan,nan,nan
45.84033274650574,-0.4000000059604645,4.034999847412109,4.061999797821045,4.059999942779541,4.063000202178955,4.064000129699707,4.066999912261963,nan,nan,nan,nan,nan,nan
46.00150156021118,-0.4000000059604645,4.034999847412109,4.061999797821045,4.059999942779541,4.063000202178955,4.064000129699707,4.066999912261963,nan,nan,nan,nan,nan,nan
46.18024921417236,-0.4099999964237213,4.034999847412109,4.061999797821045,4.059000015258789,4.063000202178955,4.064000129699707,4.066999912261963,nan,nan,nan,nan,nan,nan
46.360572814941406,-0.38999998569488525,4.034999847412109,4.061999797821045,4.059999942779541,4.063000202178955,4.064000129699707,4.066999912261963,nan,nan,nan,nan,nan,nan
46.52218437194824,-0.38999998569488525,4.034999847412109,4.061999797821045,4.059000015258789,4.063000202178955,4.064000129699707,4.066999912261963,nan,nan,nan,nan,nan,nan
46.700257301330566,-0.4000000059604645,4.034999847412109,4.061999797821045,4.059999942779541,4.063000202178955,4.064000129699707,4.066999912261963,nan,nan,nan,nan,nan,nan
46.8608455657959,-0.38999998569488525,4.034999847412109,4.061999797821045,4.059000015258789,4.063000202178955,4.064000129699707,4.066999912261963,nan,nan,nan,nan,nan,nan
47.040953159332275,-0.4000000059604645,4.034999847412109,4.061999797821045,4.059999942779541,4.063000202178955,4.064000129699707,4.066999912261963,nan,nan,nan,nan,nan,nan
47.220149755477905,-0.4000000059604645,4.034999847412109,4.061999797821045,4.059999942779541,4.063000202178955,4.064000129699707,4.066999912261963,nan,nan,nan,nan,nan,nan
47.37949538230896,-0.4000000059604645,4.034999847412109,4.061999797821045,4.059999942779541,4.063000202178955,4.064000129699707,4.066999912261963,nan,nan,nan,nan,nan,nan
47.56112456321716,-0.4000000059604645,4.034999847412109,4.061999797821045,4.059999942779541,4.063000202178955,4.064000129699707,4.066999912261963,nan,nan,nan,nan,nan,nan
47.72076201438904,-0.4000000059604645,4.034999847412109,4.061999797821045,4.059999942779541,4.063000202178955,4.064000129699707,4.066999912261963,nan,nan,nan,nan,nan,nan
47.901268005371094,-0.4000000059604645,4.034999847412109,4.061999797821045,4.059000015258789,4.063000202178955,4.064000129699707,4.066999912261963,nan,nan,nan,nan,nan,nan
48.07928824424744,-0.4000000059604645,4.034999847412109,4.061999797821045,4.059999942779541,4.063000202178955,4.064000129699707,4.066999912261963,nan,nan,nan,nan,nan,nan
48.23860287666321,-0.4000000059604645,4.034999847412109,4.061999797821045,4.059999942779541,4.063000202178955,4.064000129699707,4.066999912261963,nan,nan,nan,nan,nan,nan
48.41929531097412,-0.4000000059604645,4.034999847412109,4.061999797821045,4.059000015258789,4.063000202178955,4.064000129699707,4.066999912261963,nan,nan,nan,nan,nan,nan
48.59935641288757,-0.4000000059604645,4.034999847412109,4.061999797821045,4.059000015258789,4.063000202178955,4.064000129699707,4.066999912261963,nan,nan,nan,nan,nan,nan
48.75912117958069,-0.4000000059604645,4.033999919891357,4.061999797821045,4.059000015258789,4.063000202178955,4.064000129699707,4.066999912261963,nan,nan,nan,nan,nan,nan
48.93911528587341,-0.4099999964237213,4.034999847412109,4.061999797821045,4.059000015258789,4.063000202178955,4.064000129699707,4.066999912261963,nan,nan,nan,nan,nan,nan
49.09994649887085,-0.4000000059604645,4.034999847412109,4.061999797821045,4.059999942779541,4.063000202178955,4.064000129699707,4.066999912261963,nan,nan,nan,nan,nan,nan
49.27888512611389,-0.3799999952316284,4.034999847412109,4.061999797821045,4.059999942779541,4.063000202178955,4.064000129699707,4.066999912261963,nan,nan,nan,nan,nan,nan
49.45863342285156,-0.4000000059604645,4.034999847412109,4.061999797821045,4.059000015258789,4.063000202178955,4.064000129699707,4.066999912261963,nan,nan,nan,nan,nan,nan
49.61984467506409,-0.4000000059604645,4.034999847412109,4.061999797821045,4.059999942779541,4.063000202178955,4.064000129699707,4.066999912261963,nan,nan,nan,nan,nan,nan
49.79852080345154,-0.4000000059604645,4.034999847412109,4.061999797821045,4.059000015258789,4.063000202178955,4.064000129699707,4.066999912261963,nan,nan,nan,nan,nan,nan
49.959874629974365,-0.4000000059604645,4.034999847412109,4.061999797821045,4.059000015258789,4.063000202178955,4.064000129699707,4.066999912261963,nan,nan,nan,nan,nan,nan
50.140132188797,-0.4000000059604645,4.034999847412109,4.061999797821045,4.059999942779541,4.063000202178955,4.064000129699707,4.066999912261963,nan,nan,nan,nan,nan,nan
50.318992614746094,-0.4000000059604645,4.033999919891357,4.061999797821045,4.059000015258789,4.063000202178955,4.064000129699707,4.066999912261963,nan,nan,nan,nan,nan,nan
50.48000717163086,-0.4000000059604645,4.033999919891357,4.061999797821045,4.059000015258789,4.063000202178955,4.064000129699707,4.066999912261963,nan,nan,nan,nan,nan,nan
50.659056663513184,-0.4000000059604645,4.034999847412109,4.061999797821045,4.059000015258789,4.063000202178955,4.064000129699707,4.066999912261963,nan,nan,nan,nan,nan,nan
50.83930778503418,-0.38999998569488525,4.034999847412109,4.061999797821045,4.059000015258789,4.063000202178955,4.064000129699707,4.066999912261963,nan,nan,nan,nan,nan,nan
50.99921703338623,-0.4000000059604645,4.034999847412109,4.061999797821045,4.059000015258789,4.063000202178955,4.064000129699707,4.066999912261963,nan,nan,nan,nan,nan,nan
51.179460525512695,-0.41999998688697815,4.034999847412109,4.061999797821045,4.059999942779541,4.063000202178955,4.064000129699707,4.066999912261963,nan,nan,nan,nan,nan,nan
51.33873915672302,-0.4000000059604645,4.034999847412109,4.061999797821045,4.059000015258789,4.063000202178955,4.064000129699707,4.066999912261963,nan,nan,nan,nan,nan,nan
51.519187688827515,-0.4000000059604645,4.034999847412109,4.061999797821045,4.059000015258789,4.063000202178955,4.064000129699707,4.066999912261963,nan,nan,nan,nan,nan,nan
51.69958305358887,-0.4000000059604645,4.034999847412109,4.061999797821045,4.059000015258789,4.063000202178955,4.064000129699707,4.066999912261963,nan,nan,nan,nan,nan,nan
51.86244797706604,-0.38999998569488525,4.033999919891357,4.061999797821045,4.059000015258789,4.063000202178955,4.064000129699707,4.066999912261963,nan,nan,nan,nan,nan,nan
52.03917598724365,-0.4099999964237213,4.034999847412109,4.061999797821045,4.059000015258789,4.063000202178955,4.064000129699707,4.066999912261963,nan,nan,nan,nan,nan,nan
52.198890209198,-0.4000000059604645,4.034999847412109,4.061999797821045,4.059000015258789,4.063000202178955,4.064000129699707,4.066999912261963,nan,nan,nan,nan,nan,nan
52.37930178642273,-0.4000000059604645,4.033999919891357,4.061999797821045,4.059999942779541,4.063000202178955,4.064000129699707,4.066999912261963,nan,nan,nan,nan,nan,nan
52.56093215942383,-0.4000000059604645,4.033999919891357,4.061999797821045,4.059999942779541,4.063000202178955,4.064000129699707,4.066999912261963,nan,nan,nan,nan,nan,nan
52.71890306472778,-0.4000000059604645,4.033999919891357,4.061999797821045,4.059000015258789,4.063000202178955,4.064000129699707,4.066999912261963,nan,nan,nan,nan,nan,nan
52.89930772781372,-0.38999998569488525,4.034999847412109,4.061999797821045,4.059000015258789,4.063000202178955,4.064000129699707,4.066999912261963,nan,nan,nan,nan,nan,nan
53.0812463760376,-0.4099999964237213,4.034999847412109,4.061999797821045,4.059000015258789,4.063000202178955,4.064000129699707,4.066999912261963,nan,nan,nan,nan,nan,nan
53.241628646850586,-0.4000000059604645,4.033999919891357,4.061999797821045,4.059000015258789,4.063000202178955,4.064000129699707,4.066999912261963,nan,nan,nan,nan,nan,nan
53.420371770858765,-0.4000000059604645,4.033999919891357,4.061999797821045,4.059000015258789,4.063000202178955,4.064000129699707,4.066999912261963,nan,nan,nan,nan,nan,nan
53.581469774246216,-0.38999998569488525,4.034999847412109,4.061999797821045,4.059999942779541,4.063000202178955,4.064000129699707,4.066999912261963,nan,nan,nan,nan,nan,nan
53.76047158241272,-0.38999998569488525,4.034999847412109,4.061999797821045,4.059000015258789,4.063000202178955,4.064000129699707,4.066999912261963,nan,nan,nan,nan,nan,nan
53.94018363952637,-0.4000000059604645,4.033999919891357,4.061999797821045,4.059000015258789,4.063000202178955,4.064000129699707,4.066999912261963,nan,nan,nan,nan,nan,nan
54.1000235080719,-0.4000000059604645,4.034999847412109,4.061999797821045,4.059999942779541,4.063000202178955,4.064000129699707,4.066999912261963,nan,nan,nan,nan,nan,nan
54.28010869026184,-0.38999998569488525,4.034999847412109,4.061999797821045,4.059000015258789,4.063000202178955,4.064000129699707,4.066999912261963,nan,nan,nan,nan,nan,nan
54.43972110748291,-0.41999998688697815,4.033999919891357,4.061999797821045,4.059000015258789,4.063000202178955,4.064000129699707,4.066999912261963,nan,nan,nan,nan,nan,nan
54.62008285522461,-0.3799999952316284,4.033999919891357,4.061999797821045,4.059000015258789,4.063000202178955,4.064000129699707,4.066999912261963,nan,nan,nan,nan,nan,nan
54.799156665802,-0.4000000059604645,4.033999919891357,4.061999797821045,4.059999942779541,4.063000202178955,4.064000129699707,4.066999912261963,nan,nan,nan,nan,nan,nan
54.960026264190674,-0.4000000059604645,4.033999919891357,4.061999797821045,4.059000015258789,4.063000202178955,4.064000129699707,4.066999912261963,nan,nan,nan,nan,nan,nan
55.14064860343933,-0.4099999964237213,4.033999919891357,4.060999870300293,4.059000015258789,4.063000202178955,4.064000129699707,4.066999912261963,nan,nan,nan,nan,nan,nan
55.32008504867554,-0.4000000059604645,4.033999919891357,4.061999797821045,4.059999942779541,4.063000202178955,4.064000129699707,4.066999912261963,nan,nan,nan,nan,nan,nan
55.48024296760559,-0.4000000059604645,4.033999919891357,4.060999870300293,4.059000015258789,4.063000202178955,4.064000129699707,4.066999912261963,nan,nan,nan,nan,nan,nan
55.661556243896484,-0.4000000059604645,4.033999919891357,4.061999797821045,4.059000015258789,4.063000202178955,4.064000129699707,4.066999912261963,nan,nan,nan,nan,nan,nan
55.8209867477417,-0.3799999952316284,4.033999919891357,4.061999797821045,4.059000015258789,4.063000202178955,4.064000129699707,4.066999912261963,nan,nan,nan,nan,nan,nan
55.9996497631073,-0.38999998569488525,4.034999847412109,4.061999797821045,4.059000015258789,4.063000202178955,4.063000202178955,4.066999912261963,nan,nan,nan,nan,nan,nan
56.178635358810425,-0.4099999964237213,4.034999847412109,4.061999797821045,4.059000015258789,4.063000202178955,4.064000129699707,4.066999912261963,nan,nan,nan,nan,nan,nan
56.3397536277771,-0.4000000059604645,4.033999919891357,4.061999797821045,4.059000015258789,4.063000202178955,4.064000129699707,4.066999912261963,nan,nan,nan,nan,nan,nan
56.51877236366272,-0.4000000059604645,4.034999847412109,4.061999797821045,4.059000015258789,4.063000202178955,4.064000129699707,4.066999912261963,nan,nan,nan,nan,nan,nan
56.679972410202026,-0.4099999964237213,4.034999847412109,4.061999797821045,4.059000015258789,4.063000202178955,4.064000129699707,4.066999912261963,nan,nan,nan,nan,nan,nan
56.860124826431274,-0.4000000059604645,4.034999847412109,4.061999797821045,4.059000015258789,4.063000202178955,4.064000129699707,4.066999912261963,nan,nan,nan,nan,nan,nan
57.038827896118164,-0.4000000059604645,4.033999919891357,4.061999797821045,4.059999942779541,4.063000202178955,4.064000129699707,4.066999912261963,nan,nan,nan,nan,nan,nan
57.200026750564575,-0.38999998569488525,4.033999919891357,4.061999797821045,4.059000015258789,4.063000202178955,4.064000129699707,4.066999912261963,nan,nan,nan,nan,nan,nan
57.379096031188965,-0.38999998569488525,4.034999847412109,4.061999797821045,4.059000015258789,4.063000202178955,4.064000129699707,4.066999912261963,nan,nan,nan,nan,nan,nan
57.5592679977417,-0.4000000059604645,4.033999919891357,4.061999797821045,4.059000015258789,4.063000202178955,4.064000129699707,4.066999912261963,nan,nan,nan,nan,nan,nan
57.718671560287476,-0.4000000059604645,4.034999847412109,4.061999797821045,4.059000015258789,4.063000202178955,4.064000129699707,4.066999912261963,nan,nan,nan,nan,nan,nan
57.9001669883728,-0.38999998569488525,4.033999919891357,4.061999797821045,4.059000015258789,4.063000202178955,4.064000129699707,4.066999912261963,nan,nan,nan,nan,nan,nan
58.059693813323975,-0.4099999964237213,4.033999919891357,4.061999797821045,4.059000015258789,4.063000202178955,4.064000129699707,4.066999912261963,nan,nan,nan,nan,nan,nan
58.23859882354736,-0.4000000059604645,4.033999919891357,4.061999797821045,4.059000015258789,4.063000202178955,4.064000129699707,4.066999912261963,nan,nan,nan,nan,nan,nan
58.419785499572754,-0.4099999964237213,4.033999919891357,4.061999797821045,4.059000015258789,4.063000202178955,4.064000129699707,4.066999912261963,nan,nan,nan,nan,nan,nan
58.57948398590088,-0.4000000059604645,4.033999919891357,4.061999797821045,4.059000015258789,4.063000202178955,4.064000129699707,4.066999912261963,nan,nan,nan,nan,nan,nan
58.759581089019775,-0.4000000059604645,4.033999919891357,4.061999797821045,4.059000015258789,4.063000202178955,4.064000129699707,4.066999912261963,nan,nan,nan,nan,nan,nan
58.919071197509766,-0.4000000059604645,4.033999919891357,4.061999797821045,4.059000015258789,4.063000202178955,4.064000129699707,4.066999912261963,nan,nan,nan,nan,nan,nan
59.099541902542114,-0.4000000059604645,4.033999919891357,4.061999797821045,4.059000015258789,4.063000202178955,4.064000129699707,4.066999912261963,nan,nan,nan,nan,nan,nan
59.27951264381409,-0.41999998688697815,4.033999919891357,4.061999797821045,4.059000015258789,4.063000202178955,4.064000129699707,4.066999912261963,nan,nan,nan,nan,nan,nan
59.43906593322754,-0.4000000059604645,4.033999919891357,4.061999797821045,4.059000015258789,4.063000202178955,4.064000129699707,4.066999912261963,nan,nan,nan,nan,nan,nan
59.61944341659546,-0.4000000059604645,4.033999919891357,4.061999797821045,4.059000015258789,4.063000202178955,4.064000129699707,4.066999912261963,nan,nan,nan,nan,nan,nan
59.77903437614441,-0.4000000059604645,4.033999919891357,4.061999797821045,4.059000015258789,4.063000202178955,4.063000202178955,4.066999912261963,nan,nan,nan,nan,nan,nan
59.95918130874634,-0.4000000059604645,4.033999919891357,4.061999797821045,4.059000015258789,4.063000202178955,4.064000129699707,4.066999912261963,nan,nan,nan,nan,nan,nan
60.13937187194824,-0.4000000059604645,4.034999847412109,4.061999797821045,4.059000015258789,4.063000202178955,4.064000129699707,4.066999912261963,nan,nan,nan,nan,nan,nan
60.29894685745239,-0.4000000059604645,4.033999919891357,4.061999797821045,4.059000015258789,4.063000202178955,4.064000129699707,4.066999912261963,nan,nan,nan,nan,nan,nan
60.47935652732849,-0.4099999964237213,4.033999919891357,4.061999797821045,4.059000015258789,4.063000202178955,4.064000129699707,4.066999912261963,nan,nan,nan,nan,nan,nan
60.66004776954651,-0.4000000059604645,4.033999919891357,4.061999797821045,4.059000015258789,4.063000202178955,4.063000202178955,4.066999912261963,nan,nan,nan,nan,nan,nan
60.81909656524658,-0.4000000059604645,4.033999919891357,4.060999870300293,4.059000015258789,4.063000202178955,4.064000129699707,4.066999912261963,nan,nan,nan,nan,nan,nan
60.99933362007141,-0.4099999964237213,4.033999919891357,4.061999797821045,4.059000015258789,4.063000202178955,4.063000202178955,4.066999912261963,nan,nan,nan,nan,nan,nan
61.15880608558655,-0.4000000059604645,4.033999919891357,4.061999797821045,4.059000015258789,4.063000202178955,4.064000129699707,4.066999912261963,nan,nan,nan,nan,nan,nan
61.339263916015625,-0.4000000059604645,4.033999919891357,4.061999797821045,4.059000015258789,4.063000202178955,4.064000129699707,4.066999912261963,nan,nan,nan,nan,nan,nan
61.519633293151855,-0.4000000059604645,4.033999919891357,4.061999797821045,4.059000015258789,4.063000202178955,4.063000202178955,4.066999912261963,nan,nan,nan,nan,nan,nan
61.678865909576416,-0.4000000059604645,4.033999919891357,4.061999797821045,4.059000015258789,4.063000202178955,4.064000129699707,4.066999912261963,nan,nan,nan,nan,nan,nan
61.859230518341064,-0.4000000059604645,4.033999919891357,4.061999797821045,4.059000015258789,4.063000202178955,4.064000129699707,4.066999912261963,nan,nan,nan,nan,nan,nan
62.01871943473816,-0.4000000059604645,4.033999919891357,4.061999797821045,4.059000015258789,4.063000202178955,4.063000202178955,4.066999912261963,nan,nan,nan,nan,nan,nan
62.199299812316895,-0.38999998569488525,4.033999919891357,4.061999797821045,4.059000015258789,4.063000202178955,4.064000129699707,4.066999912261963,nan,nan,nan,nan,nan,nan
62.38069748878479,-0.38999998569488525,4.033999919891357,4.061999797821045,4.059000015258789,4.063000202178955,4.064000129699707,4.066999912261963,nan,nan,nan,nan,nan,nan
62.54074263572693,-0.4000000059604645,4.033999919891357,4.061999797821045,4.059000015258789,4.063000202178955,4.064000129699707,4.066999912261963,nan,nan,nan,nan,nan,nan
62.72046446800232,-0.4099999964237213,4.033999919891357,4.061999797821045,4.059000015258789,4.063000202178955,4.064000129699707,4.066999912261963,nan,nan,nan,nan,nan,nan
62.89932608604431,-0.4000000059604645,4.033999919891357,4.061999797821045,4.059000015258789,4.063000202178955,4.064000129699707,4.066999912261963,nan,nan,nan,nan,nan,nan
63.05923771858215,-0.4000000059604645,4.033999919891357,4.061999797821045,4.059000015258789,4.063000202178955,4.064000129699707,4.066999912261963,nan,nan,nan,nan,nan,nan
63.240469217300415,-0.4000000059604645,4.033999919891357,4.061999797821045,4.059000015258789,4.063000202178955,4.064000129699707,4.066999912261963,nan,nan,nan,nan,nan,nan
63.4003791809082,-0.4000000059604645,4.033999919891357,4.061999797821045,4.059000015258789,4.063000202178955,4.063000202178955,4.066999912261963,nan,nan,nan,nan,nan,nan
63.58018183708191,-0.4000000059604645,4.033999919891357,4.060999870300293,4.059000015258789,4.063000202178955,4.063000202178955,4.066999912261963,nan,nan,nan,nan,nan,nan
63.7587525844574,-0.4000000059604645,4.033999919891357,4.061999797821045,4.059000015258789,4.063000202178955,4.064000129699707,4.066999912261963,nan,nan,nan,nan,nan,nan
63.9199321269989,-0.3799999952316284,4.033999919891357,4.061999797821045,4.059000015258789,4.063000202178955,4.063000202178955,4.066999912261963,nan,nan,nan,nan,nan,nan
64.09870958328247,-0.4000000059604645,4.033999919891357,4.061999797821045,4.059000015258789,4.063000202178955,4.063000202178955,4.066999912261963,nan,nan,nan,nan,nan,nan
64.25974369049072,-0.4099999964237213,4.033999919891357,4.061999797821045,4.059000015258789,4.063000202178955,4.064000129699707,4.066999912261963,nan,nan,nan,nan,nan,nan
64.43990755081177,-0.4000000059604645,4.033999919891357,4.061999797821045,4.059000015258789,4.063000202178955,4.064000129699707,4.066999912261963,nan,nan,nan,nan,nan,nan
64.61925029754639,-0.4000000059604645,4.033999919891357,4.061999797821045,4.059000015258789,4.063000202178955,4.064000129699707,4.066999912261963,nan,nan,nan,nan,nan,nan
64.7798068523407,-0.4099999964237213,4.033999919891357,4.061999797821045,4.059000015258789,4.063000202178955,4.064000129699707,4.066999912261963,nan,nan,nan,nan,nan,nan
64.95910978317261,-0.4000000059604645,4.033999919891357,4.061999797821045,4.059000015258789,4.063000202178955,4.064000129699707,4.066999912261963,nan,nan,nan,nan,nan,nan
65.14000535011292,-0.4099999964237213,4.033999919891357,4.061999797821045,4.059000015258789,4.063000202178955,4.063000202178955,4.066999912261963,nan,nan,nan,nan,nan,nan
65.29994487762451,-0.4000000059604645,4.033999919891357,4.061999797821045,4.059000015258789,4.063000202178955,4.064000129699707,4.066999912261963,nan,nan,nan,nan,nan,nan
65.48012399673462,-0.4000000059604645,4.033999919891357,4.060999870300293,4.059000015258789,4.063000202178955,4.063000202178955,4.066999912261963,nan,nan,nan,nan,nan,nan
65.63953471183777,-0.4000000059604645,4.033999919891357,4.061999797821045,4.059000015258789,4.063000202178955,4.063000202178955,4.066999912261963,nan,nan,nan,nan,nan,nan
65.81959819793701,-0.4000000059604645,4.033999919891357,4.061999797821045,4.059000015258789,4.063000202178955,4.063000202178955,4.066999912261963,nan,nan,nan,nan,nan,nan
65.99873876571655,-0.4099999964237213,4.033999919891357,4.061999797821045,4.059000015258789,4.063000202178955,4.063000202178955,4.066999912261963,nan,nan,nan,nan,nan,nan
66.15990471839905,-0.4000000059604645,4.033999919891357,4.061999797821045,4.059000015258789,4.063000202178955,4.064000129699707,4.066999912261963,nan,nan,nan,nan,nan,nan
66.33873295783997,-0.4099999964237213,4.033999919891357,4.061999797821045,4.059000015258789,4.063000202178955,4.064000129699707,4.066999912261963,nan,nan,nan,nan,nan,nan
66.49982452392578,-0.4000000059604645,4.033999919891357,4.060999870300293,4.059000015258789,4.063000202178955,4.063000202178955,4.066999912261963,nan,nan,nan,nan,nan,nan
66.67950201034546,-0.3799999952316284,4.033999919891357,4.060999870300293,4.059000015258789,4.063000202178955,4.064000129699707,4.066999912261963,nan,nan,nan,nan,nan,nan
66.85993814468384,-0.4099999964237213,4.033999919891357,4.061999797821045,4.059000015258789,4.063000202178955,4.064000129699707,4.066999912261963,nan,nan,nan,nan,nan,nan
67.01935386657715,-0.4000000059604645,4.033999919891357,4.061999797821045,4.059000015258789,4.063000202178955,4.064000129699707,4.066999912261963,nan,nan,nan,nan,nan,nan
67.19963431358337,-0.4000000059604645,4.033999919891357,4.060999870300293,4.059000015258789,4.063000202178955,4.063000202178955,4.066999912261963,nan,nan,nan,nan,nan,nan
67.3612949848175,-0.4000000059604645,4.033999919891357,4.060999870300293,4.059000015258789,4.063000202178955,4.064000129699707,4.066999912261963,nan,nan,nan,nan,nan,nan
67.54115343093872,-0.38999998569488525,4.033999919891357,4.061999797821045,4.059000015258789,4.063000202178955,4.063000202178955,4.066999912261963,nan,nan,nan,nan,nan,nan
67.71922540664673,-0.4000000059604645,4.033999919891357,4.060999870300293,4.059000015258789,4.063000202178955,4.063000202178955,4.066999912261963,nan,nan,nan,nan,nan,nan
67.88055872917175,-0.38999998569488525,4.033999919891357,4.061999797821045,4.059000015258789,4.063000202178955,4.063000202178955,4.066999912261963,nan,nan,nan,nan,nan,nan
68.06075835227966,-0.38999998569488525,4.033999919891357,4.060999870300293,4.059000015258789,4.063000202178955,4.063000202178955,4.066999912261963,nan,nan,nan,nan,nan,nan
68.23932194709778,-0.4000000059604645,4.033999919891357,4.061999797821045,4.059000015258789,4.063000202178955,4.063000202178955,4.066999912261963,nan,nan,nan,nan,nan,nan
68.40041065216064,-0.38999998569488525,4.033999919891357,4.061999797821045,4.059000015258789,4.063000202178955,4.063000202178955,4.066999912261963,nan,nan,nan,nan,nan,nan
68.5822081565857,-0.38999998569488525,4.033999919891357,4.060999870300293,4.059000015258789,4.063000202178955,4.063000202178955,4.066999912261963,nan,nan,nan,nan,nan,nan
68.73997688293457,-0.4000000059604645,4.033999919891357,4.060999870300293,4.059000015258789,4.063000202178955,4.063000202178955,4.066999912261963,nan,nan,nan,nan,nan,nan
68.92037653923035,-0.4000000059604645,4.033999919891357,4.061999797821045,4.059000015258789,4.063000202178955,4.063000202178955,4.066999912261963,nan,nan,nan,nan,nan,nan
69.10023903846741,-0.4000000059604645,4.033999919891357,4.061999797821045,4.059000015258789,4.063000202178955,4.064000129699707,4.066999912261963,nan,nan,nan,nan,nan,nan
69.26001358032227,-0.38999998569488525,4.033999919891357,4.060999870300293,4.059000015258789,4.063000202178955,4.063000202178955,4.066999912261963,nan,nan,nan,nan,nan,nan
69.44039750099182,-0.4300000071525574,4.033999919891357,4.060999870300293,4.059000015258789,4.063000202178955,4.064000129699707,4.066999912261963,nan,nan,nan,nan,nan,nan
69.59979224205017,-0.4000000059604645,4.033999919891357,4.060999870300293,4.059000015258789,4.063000202178955,4.064000129699707,4.066999912261963,nan,nan,nan,nan,nan,nan
69.78020524978638,-0.4000000059604645,4.033999919891357,4.060999870300293,4.059000015258789,4.063000202178955,4.064000129699707,4.066999912261963,nan,nan,nan,nan,nan,nan
69.95956301689148,-0.4000000059604645,4.033999919891357,4.060999870300293,4.059000015258789,4.063000202178955,4.063000202178955,4.066999912261963,nan,nan,nan,nan,nan,nan
70.12051749229431,-0.4000000059604645,4.033999919891357,4.060999870300293,4.059000015258789,4.063000202178955,4.064000129699707,4.066999912261963,nan,nan,nan,nan,nan,nan
70.30035877227783,-0.4000000059604645,4.033999919891357,4.060999870300293,4.059000015258789,4.063000202178955,4.064000129699707,4.066999912261963,nan,nan,nan,nan,nan,nan
70.47902631759644,-0.4099999964237213,4.033999919891357,4.060999870300293,4.059000015258789,4.063000202178955,4.063000202178955,4.066999912261963,nan,nan,nan,nan,nan,nan
70.63979125022888,-0.4099999964237213,4.033999919891357,4.061999797821045,4.059000015258789,4.063000202178955,4.064000129699707,4.066999912261963,nan,nan,nan,nan,nan,nan
70.81882071495056,-0.4000000059604645,4.033999919891357,4.061999797821045,4.059000015258789,4.063000202178955,4.063000202178955,4.066999912261963,nan,nan,nan,nan,nan,nan
70.9797785282135,-0.4099999964237213,4.033999919891357,4.060999870300293,4.059000015258789,4.063000202178955,4.063000202178955,4.066999912261963,nan,nan,nan,nan,nan,nan
71.15878415107727,-0.4099999964237213,4.033999919891357,4.061999797821045,4.059000015258789,4.063000202178955,4.064000129699707,4.066999912261963,nan,nan,nan,nan,nan,nan
71.33920502662659,-0.4000000059604645,4.033999919891357,4.060999870300293,4.059000015258789,4.063000202178955,4.063000202178955,4.066999912261963,nan,nan,nan,nan,nan,nan
71.49876093864441,-0.4000000059604645,4.033999919891357,4.060999870300293,4.059000015258789,4.063000202178955,4.063000202178955,4.066999912261963,nan,nan,nan,nan,nan,nan
71.67918372154236,-0.4000000059604645,4.033999919891357,4.060999870300293,4.059000015258789,4.063000202178955,4.063000202178955,4.066999912261963,nan,nan,nan,nan,nan,nan
71.8387999534607,-0.38999998569488525,4.033999919891357,4.060999870300293,4.059000015258789,4.063000202178955,4.064000129699707,4.066999912261963,nan,nan,nan,nan,nan,nan
72.0193030834198,-0.4099999964237213,4.033999919891357,4.060999870300293,4.059000015258789,4.063000202178955,4.063000202178955,4.066999912261963,nan,nan,nan,nan,nan,nan
72.19991135597229,-0.38999998569488525,4.033999919891357,4.060999870300293,4.059000015258789,4.063000202178955,4.063000202178955,4.066999912261963,nan,nan,nan,nan,nan,nan
72.35914707183838,-0.4000000059604645,4.033999919891357,4.060999870300293,4.059000015258789,4.063000202178955,4.063000202178955,4.066999912261963,nan,nan,nan,nan,nan,nan
72.53966927528381,-0.4000000059604645,4.033999919891357,4.060999870300293,4.059000015258789,4.063000202178955,4.063000202178955,4.066999912261963,nan,nan,nan,nan,nan,nan
72.71966671943665,-0.4000000059604645,4.033999919891357,4.061999797821045,4.059000015258789,4.063000202178955,4.063000202178955,4.066999912261963,nan,nan,nan,nan,nan,nan
72.87920904159546,-0.4000000059604645,4.033999919891357,4.060999870300293,4.059000015258789,4.063000202178955,4.064000129699707,4.066999912261963,nan,nan,nan,nan,nan,nan
73.05985736846924,-0.38999998569488525,4.033999919891357,4.061999797821045,4.059000015258789,4.063000202178955,4.063000202178955,4.066999912261963,nan,nan,nan,nan,nan,nan
73.2192120552063,-0.4000000059604645,4.033999919891357,4.061999797821045,4.059000015258789,4.063000202178955,4.064000129699707,4.066999912261963,nan,nan,nan,nan,nan,nan
73.4010112285614,-0.38999998569488525,4.033999919891357,4.060999870300293,4.059000015258789,4.063000202178955,4.063000202178955,4.066999912261963,nan,nan,nan,nan,nan,nan
73.57998514175415,-0.38999998569488525,4.033999919891357,4.060999870300293,4.059000015258789,4.063000202178955,4.064000129699707,4.066999912261963,nan,nan,nan,nan,nan,nan
73.73947787284851,-0.4000000059604645,4.033999919891357,4.060999870300293,4.059000015258789,4.063000202178955,4.063000202178955,4.066999912261963,nan,nan,nan,nan,nan,nan
73.92083549499512,-0.4099999964237213,4.033999919891357,4.061999797821045,4.059000015258789,4.063000202178955,4.063000202178955,4.066999912261963,nan,nan,nan,nan,nan,nan
74.08041191101074,-0.4000000059604645,4.033999919891357,4.060999870300293,4.059000015258789,4.063000202178955,4.063000202178955,4.066999912261963,nan,nan,nan,nan,nan,nan
74.25958180427551,-0.4000000059604645,4.033999919891357,4.060999870300293,4.059000015258789,4.063000202178955,4.063000202178955,4.066999912261963,nan,nan,nan,nan,nan,nan
74.44097781181335,-0.4000000059604645,4.033999919891357,4.060999870300293,4.059000015258789,4.063000202178955,4.063000202178955,4.066999912261963,nan,nan,nan,nan,nan,nan
74.5989203453064,-0.38999998569488525,4.033999919891357,4.060999870300293,4.059000015258789,4.063000202178955,4.063000202178955,4.066999912261963,nan,nan,nan,nan,nan,nan
74.7794258594513,-0.4000000059604645,4.033999919891357,4.060999870300293,4.059000015258789,4.063000202178955,4.063000202178955,4.066999912261963,nan,nan,nan,nan,nan,nan
74.95971822738647,-0.38999998569488525,4.033999919891357,4.060999870300293,4.059000015258789,4.063000202178955,4.063000202178955,4.066999912261963,nan,nan,nan,nan,nan,nan
75.12090826034546,-0.4000000059604645,4.033999919891357,4.061999797821045,4.059000015258789,4.063000202178955,4.063000202178955,4.066999912261963,nan,nan,nan,nan,nan,nan
75.29978227615356,-0.3799999952316284,4.033999919891357,4.060999870300293,4.059000015258789,4.063000202178955,4.063000202178955,4.066999912261963,nan,nan,nan,nan,nan,nan
75.45923066139221,-0.38999998569488525,4.033999919891357,4.060999870300293,4.059000015258789,4.063000202178955,4.063000202178955,4.066999912261963,nan,nan,nan,nan,nan,nan
75.63918328285217,-0.4000000059604645,4.033999919891357,4.060999870300293,4.059000015258789,4.063000202178955,4.063000202178955,4.066999912261963,nan,nan,nan,nan,nan,nan
75.8198914527893,-0.38999998569488525,4.033999919891357,4.061999797821045,4.059000015258789,4.063000202178955,4.063000202178955,4.066999912261963,nan,nan,nan,nan,nan,nan
75.97920656204224,-0.4000000059604645,4.033999919891357,4.060999870300293,4.059000015258789,4.063000202178955,4.063000202178955,4.066999912261963,nan,nan,nan,nan,nan,nan
76.16098237037659,-0.4000000059604645,4.033999919891357,4.060999870300293,4.059000015258789,4.063000202178955,4.063000202178955,4.066999912261963,nan,nan,nan,nan,nan,nan
76.31898498535156,-0.4000000059604645,4.033999919891357,4.060999870300293,4.059000015258789,4.063000202178955,4.063000202178955,4.066999912261963,nan,nan,nan,nan,nan,nan
76.49923396110535,-0.4099999964237213,4.033999919891357,4.061999797821045,4.059000015258789,4.063000202178955,4.063000202178955,4.066999912261963,nan,nan,nan,nan,nan,nan
76.68081426620483,-0.38999998569488525,4.033999919891357,4.060999870300293,4.059000015258789,4.063000202178955,4.063000202178955,4.066999912261963,nan,nan,nan,nan,nan,nan
76.83942532539368,-0.4099999964237213,4.033999919891357,4.060999870300293,4.059000015258789,4.063000202178955,4.063000202178955,4.066999912261963,nan,nan,nan,nan,nan,nan
77.019371509552,-0.4000000059604645,4.033999919891357,4.060999870300293,4.059000015258789,4.063000202178955,4.063000202178955,4.066999912261963,nan,nan,nan,nan,nan,nan
77.19976472854614,-0.38999998569488525,4.033999919891357,4.060999870300293,4.059000015258789,4.063000202178955,4.063000202178955,4.066999912261963,nan,nan,nan,nan,nan,nan
77.3591947555542,-0.38999998569488525,4.033999919891357,4.060999870300293,4.059000015258789,4.063000202178955,4.063000202178955,4.066999912261963,nan,nan,nan,nan,nan,nan
77.53965544700623,-0.4000000059604645,4.033999919891357,4.060999870300293,4.059000015258789,4.063000202178955,4.063000202178955,4.066999912261963,nan,nan,nan,nan,nan,nan
77.6990258693695,-0.4000000059604645,4.033999919891357,4.060999870300293,4.059000015258789,4.063000202178955,4.063000202178955,4.066999912261963,nan,nan,nan,nan,nan,nan
77.87924408912659,-0.4000000059604645,4.033999919891357,4.061999797821045,4.059000015258789,4.063000202178955,4.063000202178955,4.066999912261963,nan,nan,nan,nan,nan,nan
78.0597927570343,-0.4000000059604645,4.033999919891357,4.060999870300293,4.059000015258789,4.063000202178955,4.063000202178955,4.066999912261963,nan,nan,nan,nan,nan,nan
78.21919250488281,-0.4000000059604645,4.033999919891357,4.060999870300293,4.059000015258789,4.063000202178955,4.063000202178955,4.066999912261963,nan,nan,nan,nan,nan,nan
78.400958776474,-0.4000000059604645,4.033999919891357,4.060999870300293,4.059000015258789,4.063000202178955,4.063000202178955,4.066999912261963,nan,nan,nan,nan,nan,nan
78.55903553962708,-0.4000000059604645,4.033999919891357,4.060999870300293,4.059000015258789,4.063000202178955,4.063000202178955,4.066999912261963,nan,nan,nan,nan,nan,nan
78.73923754692078,-0.4000000059604645,4.033999919891357,4.060999870300293,4.059000015258789,4.061999797821045,4.063000202178955,4.066999912261963,nan,nan,nan,nan,nan,nan
78.91933274269104,-0.4000000059604645,4.033999919891357,4.060999870300293,4.059000015258789,4.063000202178955,4.063000202178955,4.066999912261963,nan,nan,nan,nan,nan,nan
79.07915878295898,-0.38999998569488525,4.033999919891357,4.060999870300293,4.059000015258789,4.063000202178955,4.063000202178955,4.066999912261963,nan,nan,nan,nan,nan,nan
79.25953102111816,-0.4000000059604645,4.033999919891357,4.060999870300293,4.059000015258789,4.063000202178955,4.063000202178955,4.066999912261963,nan,nan,nan,nan,nan,nan
79.44094324111938,-0.4000000059604645,4.033999919891357,4.060999870300293,4.059000015258789,4.063000202178955,4.063000202178955,4.066999912261963,nan,nan,nan,nan,nan,nan
79.60002970695496,-0.41999998688697815,4.033999919891357,4.060999870300293,4.059000015258789,4.063000202178955,4.063000202178955,4.066999912261963,nan,nan,nan,nan,nan,nan
79.78025937080383,-0.4000000059604645,4.033999919891357,4.061999797821045,4.059000015258789,4.063000202178955,4.063000202178955,4.066999912261963,nan,nan,nan,nan,nan,nan
79.93974924087524,-0.38999998569488525,4.033999919891357,4.060999870300293,4.059000015258789,4.063000202178955,4.063000202178955,4.066999912261963,nan,nan,nan,nan,nan,nan
80.1201720237732,-0.4000000059604645,4.033999919891357,4.060999870300293,4.059000015258789,4.063000202178955,4.063000202178955,4.066999912261963,nan,nan,nan,nan,nan,nan
80.2991693019867,-0.38999998569488525,4.033999919891357,4.060999870300293,4.059000015258789,4.063000202178955,4.063000202178955,4.066999912261963,nan,nan,nan,nan,nan,nan
80.4600419998169,-0.4000000059604645,4.033999919891357,4.060999870300293,4.059000015258789,4.063000202178955,4.063000202178955,4.066999912261963,nan,nan,nan,nan,nan,nan
80.6391716003418,-0.4000000059604645,4.0329999923706055,4.060999870300293,4.059000015258789,4.063000202178955,4.063000202178955,4.066999912261963,nan,nan,nan,nan,nan,nan
80.79996633529663,-0.4000000059604645,4.033999919891357,4.060999870300293,4.059000015258789,4.061999797821045,4.063000202178955,4.066999912261963,nan,nan,nan,nan,nan,nan
80.98016738891602,-0.4000000059604645,4.033999919891357,4.060999870300293,4.059000015258789,4.061999797821045,4.063000202178955,4.066999912261963,nan,nan,nan,nan,nan,nan
81.15893411636353,-0.4000000059604645,4.033999919891357,4.060999870300293,4.059000015258789,4.063000202178955,4.063000202178955,4.066999912261963,nan,nan,nan,nan,nan,nan
81.31990671157837,-0.4000000059604645,4.033999919891357,4.060999870300293,4.059000015258789,4.063000202178955,4.063000202178955,4.066999912261963,nan,nan,nan,nan,nan,nan
81.50025844573975,-0.4000000059604645,4.033999919891357,4.060999870300293,4.059000015258789,4.063000202178955,4.063000202178955,4.066999912261963,nan,nan,nan,nan,nan,nan
81.67914533615112,-0.4000000059604645,4.033999919891357,4.060999870300293,4.059000015258789,4.061999797821045,4.063000202178955,4.066999912261963,nan,nan,nan,nan,nan,nan
81.83861970901489,-0.4099999964237213,4.033999919891357,4.060999870300293,4.059000015258789,4.063000202178955,4.064000129699707,4.066999912261963,nan,nan,nan,nan,nan,nan
82.01927328109741,-0.4000000059604645,4.033999919891357,4.060999870300293,4.059000015258789,4.063000202178955,4.063000202178955,4.066999912261963,nan,nan,nan,nan,nan,nan
82.17868995666504,-0.4000000059604645,4.033999919891357,4.060999870300293,4.059000015258789,4.063000202178955,4.063000202178955,4.066999912261963,nan,nan,nan,nan,nan,nan
82.35901093482971,-0.4000000059604645,4.033999919891357,4.060999870300293,4.059000015258789,4.063000202178955,4.063000202178955,4.066999912261963,nan,nan,nan,nan,nan,nan
82.53932094573975,-0.4000000059604645,4.033999919891357,4.060999870300293,4.059000015258789,4.063000202178955,4.063000202178955,4.066999912261963,nan,nan,nan,nan,nan,nan
82.70003271102905,-0.38999998569488525,4.033999919891357,4.060999870300293,4.059000015258789,4.063000202178955,4.063000202178955,4.066999912261963,nan,nan,nan,nan,nan,nan
82.88043880462646,-0.4099999964237213,4.033999919891357,4.060999870300293,4.059000015258789,4.063000202178955,4.063000202178955,4.066999912261963,nan,nan,nan,nan,nan,nan
83.03968596458435,-0.41999998688697815,4.033999919891357,4.060999870300293,4.059000015258789,4.063000202178955,4.063000202178955,4.066999912261963,nan,nan,nan,nan,nan,nan
83.22040390968323,-0.4000000059604645,4.033999919891357,4.060999870300293,4.059000015258789,4.063000202178955,4.063000202178955,4.066999912261963,nan,nan,nan,nan,nan,nan
83.39894914627075,-0.4000000059604645,4.033999919891357,4.060999870300293,4.059000015258789,4.063000202178955,4.063000202178955,4.066999912261963,nan,nan,nan,nan,nan,nan
83.55980658531189,-0.4000000059604645,4.033999919891357,4.060999870300293,4.059000015258789,4.061999797821045,4.063000202178955,4.066999912261963,nan,nan,nan,nan,nan,nan
83.74028491973877,-0.4000000059604645,4.033999919891357,4.060999870300293,4.059000015258789,4.063000202178955,4.063000202178955,4.066999912261963,nan,nan,nan,nan,nan,nan
83.91983795166016,-0.4099999964237213,4.0329999923706055,4.060999870300293,4.059000015258789,4.063000202178955,4.063000202178955,4.066999912261963,nan,nan,nan,nan,nan,nan
84.07967233657837,-0.4000000059604645,4.033999919891357,4.060999870300293,4.059000015258789,4.063000202178955,4.063000202178955,4.066999912261963,nan,nan,nan,nan,nan,nan
84.25995063781738,-0.4099999964237213,4.033999919891357,4.060999870300293,4.059000015258789,4.061999797821045,4.063000202178955,4.066999912261963,nan,nan,nan,nan,nan,nan
84.4193844795227,-0.4000000059604645,4.033999919891357,4.060999870300293,4.059000015258789,4.063000202178955,4.063000202178955,4.066999912261963,nan,nan,nan,nan,nan,nan
84.59949803352356,-0.4000000059604645,4.033999919891357,4.060999870300293,4.059000015258789,4.063000202178955,4.063000202178955,4.066999912261963,nan,nan,nan,nan,nan,nan
84.77856922149658,-0.3799999952316284,4.033999919891357,4.060999870300293,4.059000015258789,4.061999797821045,4.063000202178955,4.066999912261963,nan,nan,nan,nan,nan,nan
84.93993854522705,-0.4000000059604645,4.033999919891357,4.060999870300293,4.059000015258789,4.063000202178955,4.063000202178955,4.066999912261963,nan,nan,nan,nan,nan,nan
85.11887764930725,-0.3799999952316284,4.033999919891357,4.060999870300293,4.059000015258789,4.061999797821045,4.063000202178955,4.066999912261963,nan,nan,nan,nan,nan,nan
85.2802791595459,-0.4000000059604645,4.0329999923706055,4.060999870300293,4.059000015258789,4.063000202178955,4.063000202178955,4.066999912261963,nan,nan,nan,nan,nan,nan
85.46000266075134,-0.38999998569488525,4.0329999923706055,4.060999870300293,4.059000015258789,4.061999797821045,4.063000202178955,4.066999912261963,nan,nan,nan,nan,nan,nan
85.64011025428772,-0.4000000059604645,4.033999919891357,4.060999870300293,4.059000015258789,4.061999797821045,4.063000202178955,4.066999912261963,nan,nan,nan,nan,nan,nan
85.79963707923889,-0.4000000059604645,4.033999919891357,4.060999870300293,4.059000015258789,4.063000202178955,4.063000202178955,4.066999912261963,nan,nan,nan,nan,nan,nan
85.98005318641663,-0.4000000059604645,4.033999919891357,4.060999870300293,4.059000015258789,4.061999797821045,4.063000202178955,4.066999912261963,nan,nan,nan,nan,nan,nan
86.15880513191223,-0.4000000059604645,4.033999919891357,4.060999870300293,4.059000015258789,4.063000202178955,4.063000202178955,4.066999912261963,nan,nan,nan,nan,nan,nan
86.32003450393677,-0.4000000059604645,4.0329999923706055,4.060999870300293,4.059000015258789,4.063000202178955,4.063000202178955,4.066999912261963,nan,nan,nan,nan,nan,nan
86.49909377098083,-0.4000000059604645,4.033999919891357,4.060999870300293,4.059000015258789,4.063000202178955,4.063000202178955,4.066999912261963,nan,nan,nan,nan,nan,nan
86.66086602210999,-0.4000000059604645,4.033999919891357,4.060999870300293,4.059000015258789,4.063000202178955,4.063000202178955,4.066999912261963,nan,nan,nan,nan,nan,nan
86.83980965614319,-0.4000000059604645,4.0329999923706055,4.060999870300293,4.059000015258789,4.061999797821045,4.063000202178955,4.066999912261963,nan,nan,nan,nan,nan,nan
87.01977157592773,-0.4000000059604645,4.033999919891357,4.060999870300293,4.059000015258789,4.063000202178955,4.063000202178955,4.066999912261963,nan,nan,nan,nan,nan,nan
87.18088102340698,-0.38999998569488525,4.0329999923706055,4.060999870300293,4.059000015258789,4.061999797821045,4.063000202178955,4.066999912261963,nan,nan,nan,nan,nan,nan
87.35964488983154,-0.38999998569488525,4.033999919891357,4.060999870300293,4.059000015258789,4.063000202178955,4.063000202178955,4.066999912261963,nan,nan,nan,nan,nan,nan
87.51928377151489,-0.4000000059604645,4.0329999923706055,4.060999870300293,4.059000015258789,4.061999797821045,4.063000202178955,4.066999912261963,nan,nan,nan,nan,nan,nan
87.6992347240448,-0.4099999964237213,4.0329999923706055,4.060999870300293,4.059000015258789,4.061999797821045,4.063000202178955,4.066999912261963,nan,nan,nan,nan,nan,nan
87.87919664382935,-0.4099999964237213,4.0329999923706055,4.060999870300293,4.059000015258789,4.063000202178955,4.063000202178955,4.066999912261963,nan,nan,nan,nan,nan,nan
88.03879857063293,-0.4000000059604645,4.0329999923706055,4.060999870300293,4.059000015258789,4.061999797821045,4.063000202178955,4.066999912261963,nan,nan,nan,nan,nan,nan
88.21915030479431,-0.4000000059604645,4.0329999923706055,4.060999870300293,4.059000015258789,4.061999797821045,4.063000202178955,4.066999912261963,nan,nan,nan,nan,nan,nan
88.37994074821472,-0.4300000071525574,4.0329999923706055,4.060999870300293,4.059000015258789,4.061999797821045,4.063000202178955,4.066999912261963,nan,nan,nan,nan,nan,nan
88.55870032310486,-0.4300000071525574,4.0329999923706055,4.060999870300293,4.058000087738037,4.063000202178955,4.063000202178955,4.066999912261963,nan,nan,nan,nan,nan,nan
88.73883056640625,-0.41999998688697815,4.0329999923706055,4.060999870300293,4.059000015258789,4.061999797821045,4.063000202178955,4.065999984741211,nan,nan,nan,nan,nan,nan
88.89992213249207,-0.44999998807907104,4.0329999923706055,4.060999870300293,4.059000015258789,4.061999797821045,4.063000202178955,4.066999912261963,nan,nan,nan,nan,nan,nan
89.08013319969177,-0.41999998688697815,4.0329999923706055,4.060999870300293,4.059000015258789,4.063000202178955,4.063000202178955,4.065999984741211,nan,nan,nan,nan,nan,nan
89.25863242149353,-0.4300000071525574,4.0329999923706055,4.060999870300293,4.059000015258789,4.061999797821045,4.063000202178955,4.066999912261963,nan,nan,nan,nan,nan,nan
89.42002320289612,-0.4099999964237213,4.0329999923706055,4.060999870300293,4.059000015258789,4.061999797821045,4.063000202178955,4.065999984741211,nan,nan,nan,nan,nan,nan
89.59898686408997,-0.41999998688697815,4.0329999923706055,4.060999870300293,4.058000087738037,4.061999797821045,4.063000202178955,4.066999912261963,nan,nan,nan,nan,nan,nan
89.76002931594849,-0.4099999964237213,4.0329999923706055,4.060999870300293,4.059000015258789,4.063000202178955,4.063000202178955,4.066999912261963,nan,nan,nan,nan,nan,nan
89.93878889083862,-0.41999998688697815,4.0329999923706055,4.060999870300293,4.058000087738037,4.061999797821045,4.063000202178955,4.065999984741211,nan,nan,nan,nan,nan,nan
90.11952495574951,-0.4300000071525574,4.0329999923706055,4.060999870300293,4.059000015258789,4.061999797821045,4.063000202178955,4.066999912261963,nan,nan,nan,nan,nan,nan
90.28020977973938,-0.41999998688697815,4.0329999923706055,4.060999870300293,4.059000015258789,4.061999797821045,4.063000202178955,4.066999912261963,nan,nan,nan,nan,nan,nan
90.45891690254211,-0.4300000071525574,4.0329999923706055,4.060999870300293,4.058000087738037,4.061999797821045,4.063000202178955,4.066999912261963,nan,nan,nan,nan,nan,nan
90.62018609046936,-0.41999998688697815,4.0329999923706055,4.060999870300293,4.059000015258789,4.063000202178955,4.063000202178955,4.066999912261963,nan,nan,nan,nan,nan,nan
90.80014419555664,-0.41999998688697815,4.0329999923706055,4.060999870300293,4.059000015258789,4.061999797821045,4.063000202178955,4.066999912261963,nan,nan,nan,nan,nan,nan
90.97912621498108,-0.4300000071525574,4.0329999923706055,4.060999870300293,4.059000015258789,4.061999797821045,4.063000202178955,4.066999912261963,nan,nan,nan,nan,nan,nan
91.13884091377258,-0.41999998688697815,4.0329999923706055,4.060999870300293,4.059000015258789,4.061999797821045,4.063000202178955,4.066999912261963,nan,nan,nan,nan,nan,nan
91.31908774375916,-0.4099999964237213,4.0329999923706055,4.060999870300293,4.058000087738037,4.061999797821045,4.063000202178955,4.066999912261963,nan,nan,nan,nan,nan,nan
91.49924778938293,-0.41999998688697815,4.0329999923706055,4.060999870300293,4.058000087738037,4.063000202178955,4.063000202178955,4.066999912261963,nan,nan,nan,nan,nan,nan
91.6601333618164,-0.41999998688697815,4.0329999923706055,4.060999870300293,4.058000087738037,4.061999797821045,4.063000202178955,4.065999984741211,nan,nan,nan,nan,nan,nan
91.83912825584412,-0.41999998688697815,4.0329999923706055,4.060999870300293,4.058000087738037,4.061999797821045,4.063000202178955,4.065999984741211,nan,nan,nan,nan,nan,nan
92.00004935264587,-0.4300000071525574,4.0329999923706055,4.060999870300293,4.058000087738037,4.061999797821045,4.063000202178955,4.065999984741211,nan,nan,nan,nan,nan,nan
92.17884707450867,-0.4399999976158142,4.0329999923706055,4.060999870300293,4.058000087738037,4.061999797821045,4.063000202178955,4.066999912261963,nan,nan,nan,nan,nan,nan
92.35929799079895,-0.4099999964237213,4.0329999923706055,4.060999870300293,4.059000015258789,4.061999797821045,4.063000202178955,4.065999984741211,nan,nan,nan,nan,nan,nan
92.51891207695007,-0.4000000059604645,4.0329999923706055,4.060999870300293,4.059000015258789,4.061999797821045,4.063000202178955,4.065999984741211,nan,nan,nan,nan,nan,nan
92.69900465011597,-0.4000000059604645,4.0329999923706055,4.060999870300293,4.058000087738037,4.061999797821045,4.063000202178955,4.065999984741211,nan,nan,nan,nan,nan,nan
92.86002111434937,-0.4000000059604645,4.0329999923706055,4.060999870300293,4.059000015258789,4.061999797821045,4.063000202178955,4.066999912261963,nan,nan,nan,nan,nan,nan
93.04033279418945,-0.4000000059604645,4.0329999923706055,4.060999870300293,4.059000015258789,4.061999797821045,4.063000202178955,4.066999912261963,nan,nan,nan,nan,nan,nan
93.21915221214294,-0.4000000059604645,4.0329999923706055,4.060999870300293,4.058000087738037,4.061999797821045,4.063000202178955,4.066999912261963,nan,nan,nan,nan,nan,nan
93.37905597686768,-0.4099999964237213,4.0329999923706055,4.060999870300293,4.058000087738037,4.063000202178955,4.063000202178955,4.065999984741211,nan,nan,nan,nan,nan,nan
93.55898475646973,-0.4000000059604645,4.0329999923706055,4.060999870300293,4.059000015258789,4.061999797821045,4.063000202178955,4.066999912261963,nan,nan,nan,nan,nan,nan
93.74078440666199,-0.38999998569488525,4.0329999923706055,4.060999870300293,4.058000087738037,4.061999797821045,4.063000202178955,4.066999912261963,nan,nan,nan,nan,nan,nan
93.89877152442932,-0.4000000059604645,4.0329999923706055,4.060999870300293,4.059000015258789,4.061999797821045,4.063000202178955,4.066999912261963,nan,nan,nan,nan,nan,nan
94.07915568351746,-0.4000000059604645,4.0329999923706055,4.060999870300293,4.059000015258789,4.063000202178955,4.063000202178955,4.065999984741211,nan,nan,nan,nan,nan,nan
94.24026155471802,-0.4000000059604645,4.0329999923706055,4.060999870300293,4.058000087738037,4.063000202178955,4.063000202178955,4.066999912261963,nan,nan,nan,nan,nan,nan
94.41920399665833,-0.4000000059604645,4.0329999923706055,4.060999870300293,4.058000087738037,4.061999797821045,4.063000202178955,4.066999912261963,nan,nan,nan,nan,nan,nan
94.59934663772583,-0.4099999964237213,4.0329999923706055,4.060999870300293,4.058000087738037,4.061999797821045,4.063000202178955,4.066999912261963,nan,nan,nan,nan,nan,nan
94.75931525230408,-0.4000000059604645,4.0329999923706055,4.060999870300293,4.059000015258789,4.061999797821045,4.063000202178955,4.066999912261963,nan,nan,nan,nan,nan,nan
94.93946123123169,-0.4000000059604645,4.0329999923706055,4.060999870300293,4.058000087738037,4.061999797821045,4.063000202178955,4.066999912261963,nan,nan,nan,nan,nan,nan
95.09903621673584,-0.4000000059604645,4.0329999923706055,4.060999870300293,4.058000087738037,4.061999797821045,4.063000202178955,4.066999912261963,nan,nan,nan,nan,nan,nan
95.27936911582947,-0.4000000059604645,4.0329999923706055,4.060999870300293,4.059000015258789,4.061999797821045,4.063000202178955,4.066999912261963,nan,nan,nan,nan,nan,nan
95.45977640151978,-0.38999998569488525,4.0329999923706055,4.060999870300293,4.058000087738037,4.061999797821045,4.063000202178955,4.066999912261963,nan,nan,nan,nan,nan,nan
95.61886167526245,-0.38999998569488525,4.0329999923706055,4.060999870300293,4.059000015258789,4.061999797821045,4.063000202178955,4.066999912261963,nan,nan,nan,nan,nan,nan
95.79935431480408,-0.4000000059604645,4.0329999923706055,4.060999870300293,4.058000087738037,4.061999797821045,4.063000202178955,4.066999912261963,nan,nan,nan,nan,nan,nan
95.97991871833801,-0.38999998569488525,4.0329999923706055,4.060999870300293,4.058000087738037,4.061999797821045,4.063000202178955,4.066999912261963,nan,nan,nan,nan,nan,nan
96.14069437980652,-0.4000000059604645,4.0329999923706055,4.060999870300293,4.058000087738037,4.061999797821045,4.063000202178955,4.066999912261963,nan,nan,nan,nan,nan,nan
96.31916499137878,-0.4000000059604645,4.0329999923706055,4.060999870300293,4.058000087738037,4.061999797821045,4.063000202178955,4.066999912261963,nan,nan,nan,nan,nan,nan
96.48000454902649,-0.4000000059604645,4.0329999923706055,4.060999870300293,4.059000015258789,4.061999797821045,4.063000202178955,4.066999912261963,nan,nan,nan,nan,nan,nan
96.6611385345459,-0.4000000059604645,4.0329999923706055,4.060999870300293,4.058000087738037,4.061999797821045,4.063000202178955,4.066999912261963,nan,nan,nan,nan,nan,nan
96.83874130249023,-0.38999998569488525,4.0329999923706055,4.060999870300293,4.058000087738037,4.063000202178955,4.063000202178955,4.066999912261963,nan,nan,nan,nan,nan,nan
97.00039649009705,-0.3799999952316284,4.0329999923706055,4.060999870300293,4.058000087738037,4.061999797821045,4.063000202178955,4.065999984741211,nan,nan,nan,nan,nan,nan
97.18020677566528,-0.4000000059604645,4.0329999923706055,4.060999870300293,4.058000087738037,4.063000202178955,4.063000202178955,4.066999912261963,nan,nan,nan,nan,nan,nan
97.33990216255188,-0.4000000059604645,4.0329999923706055,4.060999870300293,4.058000087738037,4.061999797821045,4.063000202178955,4.066999912261963,nan,nan,nan,nan,nan,nan
97.52011322975159,-0.4000000059604645,4.0329999923706055,4.060999870300293,4.058000087738037,4.061999797821045,4.063000202178955,4.065999984741211,nan,nan,nan,nan,nan,nan
97.7000048160553,-0.4000000059604645,4.0329999923706055,4.060999870300293,4.059000015258789,4.061999797821045,4.063000202178955,4.065999984741211,nan,nan,nan,nan,nan,nan
97.85956335067749,-0.4099999964237213,4.0329999923706055,4.060999870300293,4.058000087738037,4.061999797821045,4.063000202178955,4.066999912261963,nan,nan,nan,nan,nan,nan
98.03974676132202,-0.4000000059604645,4.0329999923706055,4.060999870300293,4.059000015258789,4.061999797821045,4.063000202178955,4.066999912261963,nan,nan,nan,nan,nan,nan
98.19932103157043,-0.4000000059604645,4.0329999923706055,4.060999870300293,4.059000015258789,4.061999797821045,4.063000202178955,4.066999912261963,nan,nan,nan,nan,nan,nan
98.3798897266388,-0.4000000059604645,4.0329999923706055,4.060999870300293,4.058000087738037,4.061999797821045,4.063000202178955,4.066999912261963,nan,nan,nan,nan,nan,nan
98.55993890762329,-0.38999998569488525,4.0329999923706055,4.060999870300293,4.058000087738037,4.061999797821045,4.063000202178955,4.065999984741211,nan,nan,nan,nan,nan,nan
98.72087287902832,-0.4099999964237213,4.0329999923706055,4.060999870300293,4.058000087738037,4.061999797821045,4.063000202178955,4.066999912261963,nan,nan,nan,nan,nan,nan
98.89963984489441,-0.4000000059604645,4.0329999923706055,4.060999870300293,4.059000015258789,4.061999797821045,4.063000202178955,4.065999984741211,nan,nan,nan,nan,nan,nan
99.07991290092468,-0.38999998569488525,4.0329999923706055,4.060999870300293,4.059000015258789,4.061999797821045,4.063000202178955,4.065999984741211,nan,nan,nan,nan,nan,nan
99.23943781852722,-0.4099999964237213,4.0329999923706055,4.060999870300293,4.058000087738037,4.063000202178955,4.063000202178955,4.066999912261963,nan,nan,nan,nan,nan,nan
99.41974830627441,-0.4000000059604645,4.0329999923706055,4.060999870300293,4.058000087738037,4.061999797821045,4.063000202178955,4.065999984741211,nan,nan,nan,nan,nan,nan
99.58041405677795,-0.4000000059604645,4.0329999923706055,4.060999870300293,4.058000087738037,4.061999797821045,4.063000202178955,4.065999984741211,nan,nan,nan,nan,nan,nan
99.75973844528198,-0.41999998688697815,4.0329999923706055,4.060999870300293,4.058000087738037,4.061999797821045,4.063000202178955,4.065999984741211,nan,nan,nan,nan,nan,nan
99.93923115730286,-0.4000000059604645,4.0329999923706055,4.060999870300293,4.058000087738037,4.061999797821045,4.063000202178955,4.066999912261963,nan,nan,nan,nan,nan,nan
100.09902715682983,-0.4000000059604645,4.0329999923706055,4.060999870300293,4.059000015258789,4.061999797821045,4.063000202178955,4.066999912261963,nan,nan,nan,nan,nan,nan
100.27928400039673,-0.4099999964237213,4.0329999923706055,4.060999870300293,4.058000087738037,4.061999797821045,4.063000202178955,4.065999984741211,nan,nan,nan,nan,nan,nan
100.44042801856995,-0.4099999964237213,4.0329999923706055,4.060999870300293,4.058000087738037,4.061999797821045,4.063000202178955,4.066999912261963,nan,nan,nan,nan,nan,nan
100.61930823326111,-0.4000000059604645,4.0329999923706055,4.060999870300293,4.058000087738037,4.061999797821045,4.063000202178955,4.065999984741211,nan,nan,nan,nan,nan,nan
100.79948353767395,-0.4000000059604645,4.0329999923706055,4.060999870300293,4.059000015258789,4.061999797821045,4.063000202178955,4.065999984741211,nan,nan,nan,nan,nan,nan
100.95900201797485,-0.4099999964237213,4.0329999923706055,4.060999870300293,4.059000015258789,4.061999797821045,4.063000202178955,4.065999984741211,nan,nan,nan,nan,nan,nan
101.13939023017883,-0.4000000059604645,4.0329999923706055,4.060999870300293,4.059000015258789,4.061999797821045,4.063000202178955,4.065999984741211,nan,nan,nan,nan,nan,nan
101.31968665122986,-0.4000000059604645,4.0329999923706055,4.060999870300293,4.058000087738037,4.061999797821045,4.063000202178955,4.066999912261963,nan,nan,nan,nan,nan,nan
101.47921299934387,-0.4000000059604645,4.0329999923706055,4.060999870300293,4.058000087738037,4.061999797821045,4.063000202178955,4.065999984741211,nan,nan,nan,nan,nan,nan
101.6593325138092,-0.3799999952316284,4.0329999923706055,4.060999870300293,4.058000087738037,4.061999797821045,4.063000202178955,4.066999912261963,nan,nan,nan,nan,nan,nan
101.8197979927063,-0.4099999964237213,4.0329999923706055,4.060999870300293,4.058000087738037,4.061999797821045,4.063000202178955,4.066999912261963,nan,nan,nan,nan,nan,nan
101.99999451637268,-0.4000000059604645,4.0329999923706055,4.060999870300293,4.058000087738037,4.061999797821045,4.063000202178955,4.066999912261963,nan,nan,nan,nan,nan,nan
102.1787428855896,-0.4000000059604645,4.0329999923706055,4.060999870300293,4.058000087738037,4.061999797821045,4.063000202178955,4.066999912261963,nan,nan,nan,nan,nan,nan
102.33986616134644,-0.4000000059604645,4.0329999923706055,4.060999870300293,4.058000087738037,4.061999797821045,4.063000202178955,4.065999984741211,nan,nan,nan,nan,nan,nan
102.5184555053711,-0.38999998569488525,4.0329999923706055,4.060999870300293,4.058000087738037,4.061999797821045,4.063000202178955,4.065999984741211,nan,nan,nan,nan,nan,nan
102.67961001396179,-0.4000000059604645,4.0329999923706055,4.060999870300293,4.058000087738037,4.061999797821045,4.063000202178955,4.065999984741211,nan,nan,nan,nan,nan,nan
102.86000776290894,-0.4399999976158142,4.0329999923706055,4.060999870300293,4.058000087738037,4.061999797821045,4.063000202178955,4.066999912261963,nan,nan,nan,nan,nan,nan
103.04012441635132,-0.41999998688697815,4.0329999923706055,4.060999870300293,4.059000015258789,4.061999797821045,4.063000202178955,4.066999912261963,nan,nan,nan,nan,nan,nan
103.19977903366089,-0.4000000059604645,4.0329999923706055,4.060999870300293,4.059000015258789,4.061999797821045,4.063000202178955,4.065999984741211,nan,nan,nan,nan,nan,nan
103.38039541244507,-0.4000000059604645,4.0329999923706055,4.060999870300293,4.058000087738037,4.061999797821045,4.063000202178955,4.065999984741211,nan,nan,nan,nan,nan,nan
103.53921127319336,-0.4000000059604645,4.0329999923706055,4.060999870300293,4.058000087738037,4.061999797821045,4.063000202178955,4.065999984741211,nan,nan,nan,nan,nan,nan
103.7197515964508,-0.4000000059604645,4.0329999923706055,4.060999870300293,4.058000087738037,4.061999797821045,4.063000202178955,4.065999984741211,nan,nan,nan,nan,nan,nan
103.90015625953674,-0.4000000059604645,4.0329999923706055,4.060999870300293,4.059000015258789,4.061999797821045,4.063000202178955,4.065999984741211,nan,nan,nan,nan,nan,nan
104.05950474739075,-0.38999998569488525,4.0329999923706055,4.060999870300293,4.058000087738037,4.061999797821045,4.063000202178955,4.066999912261963,nan,nan,nan,nan,nan,nan
104.24000334739685,-0.4099999964237213,4.0329999923706055,4.060999870300293,4.058000087738037,4.061999797821045,4.063000202178955,4.065999984741211,nan,nan,nan,nan,nan,nan
104.41877269744873,-0.4000000059604645,4.0329999923706055,4.060999870300293,4.059000015258789,4.061999797821045,4.063000202178955,4.065999984741211,nan,nan,nan,nan,nan,nan
104.57971167564392,-0.4000000059604645,4.0329999923706055,4.060999870300293,4.058000087738037,4.061999797821045,4.063000202178955,4.066999912261963,nan,nan,nan,nan,nan,nan
104.76008725166321,-0.38999998569488525,4.0329999923706055,4.060999870300293,4.058000087738037,4.061999797821045,4.063000202178955,4.066999912261963,nan,nan,nan,nan,nan,nan
104.91955375671387,-0.4099999964237213,4.0329999923706055,4.060999870300293,4.058000087738037,4.061999797821045,4.063000202178955,4.065999984741211,nan,nan,nan,nan,nan,nan
105.09997534751892,-0.4000000059604645,4.0329999923706055,4.060999870300293,4.058000087738037,4.061999797821045,4.063000202178955,4.066999912261963,nan,nan,nan,nan,nan,nan
105.28022718429565,-0.4099999964237213,4.0329999923706055,4.060999870300293,4.058000087738037,4.061999797821045,4.063000202178955,4.065999984741211,nan,nan,nan,nan,nan,nan
105.44003319740295,-0.4000000059604645,4.0329999923706055,4.060999870300293,4.058000087738037,4.061999797821045,4.063000202178955,4.066999912261963,nan,nan,nan,nan,nan,nan
105.61982369422913,-0.4000000059604645,4.0329999923706055,4.060999870300293,4.058000087738037,4.061999797821045,4.063000202178955,4.065999984741211,nan,nan,nan,nan,nan,nan
105.7793128490448,-0.4000000059604645,4.0329999923706055,4.060999870300293,4.058000087738037,4.061999797821045,4.063000202178955,4.065999984741211,nan,nan,nan,nan,nan,nan
105.96119737625122,-0.4000000059604645,4.0329999923706055,4.060999870300293,4.058000087738037,4.061999797821045,4.063000202178955,4.066999912261963,nan,nan,nan,nan,nan,nan
106.14003658294678,-0.4000000059604645,4.0329999923706055,4.060999870300293,4.058000087738037,4.061999797821045,4.063000202178955,4.066999912261963,nan,nan,nan,nan,nan,nan
106.29952597618103,-0.4000000059604645,4.0329999923706055,4.060999870300293,4.058000087738037,4.061999797821045,4.063000202178955,4.065999984741211,nan,nan,nan,nan,nan,nan
106.47982549667358,-0.38999998569488525,4.0329999923706055,4.060999870300293,4.058000087738037,4.061999797821045,4.063000202178955,4.065999984741211,nan,nan,nan,nan,nan,nan
106.65859937667847,-0.4000000059604645,4.0329999923706055,4.060999870300293,4.058000087738037,4.061999797821045,4.063000202178955,4.066999912261963,nan,nan,nan,nan,nan,nan
106.81980013847351,-0.38999998569488525,4.0320000648498535,4.060999870300293,4.058000087738037,4.061999797821045,4.063000202178955,4.066999912261963,nan,nan,nan,nan,nan,nan
106.99866843223572,-0.4000000059604645,4.0329999923706055,4.060999870300293,4.058000087738037,4.061999797821045,4.061999797821045,4.065999984741211,nan,nan,nan,nan,nan,nan
107.159823179245,-0.4000000059604645,4.0329999923706055,4.060999870300293,4.058000087738037,4.061999797821045,4.063000202178955,4.065999984741211,nan,nan,nan,nan,nan,nan
107.33857345581055,-0.4099999964237213,4.0320000648498535,4.060999870300293,4.058000087738037,4.061999797821045,4.063000202178955,4.065999984741211,nan,nan,nan,nan,nan,nan
107.51868915557861,-0.4099999964237213,4.0329999923706055,4.060999870300293,4.058000087738037,4.061999797821045,4.063000202178955,4.065999984741211,nan,nan,nan,nan,nan,nan
107.68007779121399,-0.4000000059604645,4.0320000648498535,4.060999870300293,4.058000087738037,4.061999797821045,4.063000202178955,4.065999984741211,nan,nan,nan,nan,nan,nan
107.85874938964844,-0.38999998569488525,4.0329999923706055,4.060999870300293,4.058000087738037,4.061999797821045,4.063000202178955,4.065999984741211,nan,nan,nan,nan,nan,nan
108.0393180847168,-0.4000000059604645,4.0329999923706055,4.060999870300293,4.059000015258789,4.061999797821045,4.063000202178955,4.065999984741211,nan,nan,nan,nan,nan,nan
108.19872379302979,-0.38999998569488525,4.0329999923706055,4.060999870300293,4.058000087738037,4.061999797821045,4.063000202178955,4.065999984741211,nan,nan,nan,nan,nan,nan
108.37949800491333,-0.41999998688697815,4.0329999923706055,4.060999870300293,4.058000087738037,4.061999797821045,4.063000202178955,4.065999984741211,nan,nan,nan,nan,nan,nan
108.53982830047607,-0.4099999964237213,4.0329999923706055,4.060999870300293,4.058000087738037,4.061999797821045,4.063000202178955,4.065999984741211,nan,nan,nan,nan,nan,nan
108.72035098075867,-0.38999998569488525,4.0329999923706055,4.060999870300293,4.058000087738037,4.061999797821045,4.063000202178955,4.066999912261963,nan,nan,nan,nan,nan,nan
108.8990273475647,-0.41999998688697815,4.0329999923706055,4.060999870300293,4.058000087738037,4.061999797821045,4.063000202178955,4.065999984741211,nan,nan,nan,nan,nan,nan
109.05985522270203,-0.4099999964237213,4.0329999923706055,4.060999870300293,4.058000087738037,4.061999797821045,4.063000202178955,4.065999984741211,nan,nan,nan,nan,nan,nan
109.24018478393555,-0.4000000059604645,4.0329999923706055,4.060999870300293,4.058000087738037,4.061999797821045,4.061999797821045,4.065999984741211,nan,nan,nan,nan,nan,nan
109.39991068840027,-0.4000000059604645,4.0329999923706055,4.060999870300293,4.058000087738037,4.063000202178955,4.063000202178955,4.065999984741211,nan,nan,nan,nan,nan,nan
109.580251455307,-0.3799999952316284,4.0320000648498535,4.060999870300293,4.058000087738037,4.061999797821045,4.063000202178955,4.065999984741211,nan,nan,nan,nan,nan,nan
109.7604660987854,-0.4000000059604645,4.0320000648498535,4.060999870300293,4.058000087738037,4.061999797821045,4.063000202178955,4.065999984741211,nan,nan,nan,nan,nan,nan
109.91984724998474,-0.4000000059604645,4.0329999923706055,4.059999942779541,4.058000087738037,4.061999797821045,4.063000202178955,4.065999984741211,nan,nan,nan,nan,nan,nan
110.09992527961731,-0.3799999952316284,4.0329999923706055,4.060999870300293,4.058000087738037,4.061999797821045,4.063000202178955,4.065999984741211,nan,nan,nan,nan,nan,nan
110.27884149551392,-0.4000000059604645,4.0329999923706055,4.060999870300293,4.058000087738037,4.061999797821045,4.063000202178955,4.065999984741211,nan,nan,nan,nan,nan,nan
110.43977451324463,-0.4000000059604645,4.0320000648498535,4.060999870300293,4.058000087738037,4.061999797821045,4.061999797821045,4.065999984741211,nan,nan,nan,nan,nan,nan
110.61982226371765,-0.4000000059604645,4.0320000648498535,4.060999870300293,4.058000087738037,4.061999797821045,4.061999797821045,4.066999912261963,nan,nan,nan,nan,nan,nan
110.78095722198486,-0.4000000059604645,4.0329999923706055,4.060999870300293,4.058000087738037,4.061999797821045,4.061999797821045,4.065999984741211,nan,nan,nan,nan,nan,nan
110.95946192741394,-0.4000000059604645,4.0329999923706055,4.060999870300293,4.058000087738037,4.061999797821045,4.063000202178955,4.065999984741211,nan,nan,nan,nan,nan,nan
111.13965511322021,-0.4000000059604645,4.0320000648498535,4.060999870300293,4.058000087738037,4.061999797821045,4.063000202178955,4.066999912261963,nan,nan,nan,nan,nan,nan
111.30046463012695,-0.4000000059604645,4.0329999923706055,4.060999870300293,4.058000087738037,4.061999797821045,4.063000202178955,4.065999984741211,nan,nan,nan,nan,nan,nan
111.48088669776917,-0.4000000059604645,4.0320000648498535,4.060999870300293,4.058000087738037,4.061999797821045,4.063000202178955,4.065999984741211,nan,nan,nan,nan,nan,nan
111.64138913154602,-0.4000000059604645,4.0329999923706055,4.060999870300293,4.058000087738037,4.061999797821045,4.063000202178955,4.065999984741211,nan,nan,nan,nan,nan,nan
111.82174825668335,-0.4099999964237213,4.0329999923706055,4.060999870300293,4.058000087738037,4.061999797821045,4.063000202178955,4.065999984741211,nan,nan,nan,nan,nan,nan
112.00153064727783,-0.4000000059604645,4.0320000648498535,4.060999870300293,4.058000087738037,4.061999797821045,4.063000202178955,4.065999984741211,nan,nan,nan,nan,nan,nan
112.1610357761383,-0.4000000059604645,4.0329999923706055,4.060999870300293,4.058000087738037,4.061999797821045,4.063000202178955,4.065999984741211,nan,nan,nan,nan,nan,nan
112.33993577957153,-0.4000000059604645,4.0329999923706055,4.060999870300293,4.058000087738037,4.061999797821045,4.063000202178955,4.065999984741211,nan,nan,nan,nan,nan,nan
112.49918818473816,-0.38999998569488525,4.0329999923706055,4.060999870300293,4.058000087738037,4.061999797821045,4.061999797821045,4.065999984741211,nan,nan,nan,nan,nan,nan
112.68101215362549,-0.4000000059604645,4.0320000648498535,4.060999870300293,4.058000087738037,4.061999797821045,4.061999797821045,4.065999984741211,nan,nan,nan,nan,nan,nan
112.85967636108398,-0.4000000059604645,4.0320000648498535,4.060999870300293,4.058000087738037,4.061999797821045,4.061999797821045,4.065999984741211,nan,nan,nan,nan,nan,nan
113.01931595802307,-0.4399999976158142,4.0329999923706055,4.060999870300293,4.058000087738037,4.061999797821045,4.063000202178955,4.066999912261963,nan,nan,nan,nan,nan,nan
113.20108962059021,-0.4099999964237213,4.0320000648498535,4.060999870300293,4.058000087738037,4.061999797821045,4.061999797821045,4.065999984741211,nan,nan,nan,nan,nan,nan
113.35924005508423,-0.38999998569488525,4.0320000648498535,4.060999870300293,4.058000087738037,4.061999797821045,4.063000202178955,4.065999984741211,nan,nan,nan,nan,nan,nan
113.53923058509827,-0.4000000059604645,4.0320000648498535,4.060999870300293,4.058000087738037,4.061999797821045,4.063000202178955,4.065999984741211,nan,nan,nan,nan,nan,nan
113.71950554847717,-0.4099999964237213,4.0320000648498535,4.060999870300293,4.058000087738037,4.061999797821045,4.063000202178955,4.065999984741211,nan,nan,nan,nan,nan,nan
113.87880277633667,-0.38999998569488525,4.0320000648498535,4.060999870300293,4.058000087738037,4.061999797821045,4.063000202178955,4.065999984741211,nan,nan,nan,nan,nan,nan
114.05924963951111,-0.4000000059604645,4.0320000648498535,4.060999870300293,4.058000087738037,4.061999797821045,4.061999797821045,4.065999984741211,nan,nan,nan,nan,nan,nan
114.24128198623657,-0.4099999964237213,4.0329999923706055,4.060999870300293,4.058000087738037,4.061999797821045,4.061999797821045,4.065999984741211,nan,nan,nan,nan,nan,nan
114.3992269039154,-0.4000000059604645,4.0320000648498535,4.060999870300293,4.058000087738037,4.061999797821045,4.061999797821045,4.065999984741211,nan,nan,nan,nan,nan,nan
114.57913589477539,-0.4000000059604645,4.0320000648498535,4.059999942779541,4.058000087738037,4.061999797821045,4.063000202178955,4.065999984741211,nan,nan,nan,nan,nan,nan
114.74020981788635,-0.4000000059604645,4.0320000648498535,4.060999870300293,4.058000087738037,4.061999797821045,4.063000202178955,4.065999984741211,nan,nan,nan,nan,nan,nan
114.91907262802124,-0.3799999952316284,4.0320000648498535,4.060999870300293,4.058000087738037,4.061999797821045,4.061999797821045,4.065999984741211,nan,nan,nan,nan,nan,nan
115.09938788414001,-0.4000000059604645,4.0320000648498535,4.060999870300293,4.058000087738037,4.061999797821045,4.061999797821045,4.065999984741211,nan,nan,nan,nan,nan,nan
115.2586510181427,-0.4000000059604645,4.0320000648498535,4.060999870300293,4.058000087738037,4.061999797821045,4.063000202178955,4.065999984741211,nan,nan,nan,nan,nan,nan
115.44194078445435,-0.4000000059604645,4.0320000648498535,4.060999870300293,4.058000087738037,4.061999797821045,4.063000202178955,4.065999984741211,nan,nan,nan,nan,nan,nan
115.60051321983337,-0.38999998569488525,4.0320000648498535,4.060999870300293,4.058000087738037,4.061999797821045,4.061999797821045,4.065999984741211,nan,nan,nan,nan,nan,nan
115.78001427650452,-0.4099999964237213,4.0320000648498535,4.060999870300293,4.058000087738037,4.061999797821045,4.063000202178955,4.065999984741211,nan,nan,nan,nan,nan,nan
115.9602599143982,-0.38999998569488525,4.0320000648498535,4.060999870300293,4.058000087738037,4.061999797821045,4.063000202178955,4.065999984741211,nan,nan,nan,nan,nan,nan
116.11964869499207,-0.4000000059604645,4.0320000648498535,4.060999870300293,4.058000087738037,4.061999797821045,4.061999797821045,4.065999984741211,nan,nan,nan,nan,nan,nan
116.3000853061676,-0.4000000059604645,4.0320000648498535,4.059999942779541,4.058000087738037,4.061999797821045,4.061999797821045,4.065999984741211,nan,nan,nan,nan,nan,nan
116.48022890090942,-0.38999998569488525,4.0320000648498535,4.060999870300293,4.058000087738037,4.061999797821045,4.061999797821045,4.065999984741211,nan,nan,nan,nan,nan,nan
116.64009284973145,-0.3799999952316284,4.0320000648498535,4.060999870300293,4.058000087738037,4.061999797821045,4.063000202178955,4.065999984741211,nan,nan,nan,nan,nan,nan
116.82212018966675,-0.4099999964237213,4.0320000648498535,4.060999870300293,4.058000087738037,4.061999797821045,4.063000202178955,4.065999984741211,nan,nan,nan,nan,nan,nan
116.98121666908264,-0.4000000059604645,4.0320000648498535,4.060999870300293,4.058000087738037,4.061999797821045,4.061999797821045,4.065999984741211,nan,nan,nan,nan,nan,nan
117.16014790534973,-0.4000000059604645,4.0320000648498535,4.060999870300293,4.058000087738037,4.061999797821045,4.061999797821045,4.065999984741211,nan,nan,nan,nan,nan,nan
117.34044456481934,-0.4000000059604645,4.0320000648498535,4.060999870300293,4.058000087738037,4.061999797821045,4.061999797821045,4.065999984741211,nan,nan,nan,nan,nan,nan
117.49979662895203,-0.4000000059604645,4.0329999923706055,4.060999870300293,4.058000087738037,4.061999797821045,4.061999797821045,4.065999984741211,nan,nan,nan,nan,nan,nan
117.68050193786621,-0.4000000059604645,4.0320000648498535,4.059999942779541,4.058000087738037,4.061999797821045,4.063000202178955,4.065999984741211,nan,nan,nan,nan,nan,nan
117.84101438522339,-0.4000000059604645,4.0320000648498535,4.060999870300293,4.058000087738037,4.061999797821045,4.061999797821045,4.065999984741211,nan,nan,nan,nan,nan,nan
118.02081656455994,-0.4000000059604645,4.0320000648498535,4.060999870300293,4.058000087738037,4.061999797821045,4.061999797821045,4.065999984741211,nan,nan,nan,nan,nan,nan
118.20003890991211,-0.4000000059604645,4.0320000648498535,4.060999870300293,4.058000087738037,4.061999797821045,4.061999797821045,4.065999984741211,nan,nan,nan,nan,nan,nan
118.3602523803711,-0.4000000059604645,4.0329999923706055,4.060999870300293,4.058000087738037,4.061999797821045,4.061999797821045,4.065999984741211,nan,nan,nan,nan,nan,nan
118.54052591323853,-0.4099999964237213,4.0320000648498535,4.060999870300293,4.058000087738037,4.061999797821045,4.061999797821045,4.065999984741211,nan,nan,nan,nan,nan,nan
118.70171594619751,-0.4000000059604645,4.0329999923706055,4.059999942779541,4.058000087738037,4.061999797821045,4.061999797821045,4.065999984741211,nan,nan,nan,nan,nan,nan
118.87994456291199,-0.4000000059604645,4.0320000648498535,4.060999870300293,4.058000087738037,4.061999797821045,4.061999797821045,4.065999984741211,nan,nan,nan,nan,nan,nan
119.060227394104,-0.4000000059604645,4.0320000648498535,4.060999870300293,4.058000087738037,4.061999797821045,4.061999797821045,4.065999984741211,nan,nan,nan,nan,nan,nan
119.22022867202759,-0.4000000059604645,4.0320000648498535,4.060999870300293,4.058000087738037,4.061999797821045,4.061999797821045,4.065999984741211,nan,nan,nan,nan,nan,nan
119.40016055107117,-0.4000000059604645,4.0320000648498535,4.060999870300293,4.058000087738037,4.061999797821045,4.061999797821045,4.065999984741211,nan,nan,nan,nan,nan,nan
119.56097388267517,-0.4000000059604645,4.0320000648498535,4.060999870300293,4.058000087738037,4.061999797821045,4.061999797821045,4.065999984741211,nan,nan,nan,nan,nan,nan
119.7396399974823,-0.4099999964237213,4.0320000648498535,4.060999870300293,4.058000087738037,4.061999797821045,4.061999797821045,4.065999984741211,nan,nan,nan,nan,nan,nan
119.91975688934326,-0.4000000059604645,4.0320000648498535,4.060999870300293,4.058000087738037,4.061999797821045,4.061999797821045,4.065999984741211,nan,nan,nan,nan,nan,nan
120.07939624786377,-0.38999998569488525,4.0320000648498535,4.059999942779541,4.058000087738037,4.061999797821045,4.063000202178955,4.065999984741211,nan,nan,nan,nan,nan,nan
120.25962519645691,-0.4099999964237213,4.0320000648498535,4.060999870300293,4.058000087738037,4.061999797821045,4.063000202178955,4.065999984741211,nan,nan,nan,nan,nan,nan
120.43964958190918,-0.4099999964237213,4.0320000648498535,4.059999942779541,4.058000087738037,4.061999797821045,4.061999797821045,4.065999984741211,nan,nan,nan,nan,nan,nan
120.60049438476562,-0.3799999952316284,4.0320000648498535,4.059999942779541,4.058000087738037,4.061999797821045,4.061999797821045,4.065999984741211,nan,nan,nan,nan,nan,nan
120.7795307636261,-0.38999998569488525,4.0320000648498535,4.060999870300293,4.058000087738037,4.061999797821045,4.061999797821045,4.065999984741211,nan,nan,nan,nan,nan,nan
120.94017457962036,-0.4099999964237213,4.0320000648498535,4.059999942779541,4.058000087738037,4.061999797821045,4.061999797821045,4.065999984741211,nan,nan,nan,nan,nan,nan
121.12042164802551,-0.38999998569488525,4.0320000648498535,4.059999942779541,4.058000087738037,4.061999797821045,4.061999797821045,4.065999984741211,nan,nan,nan,nan,nan,nan
121.30092406272888,-0.4099999964237213,4.0320000648498535,4.060999870300293,4.058000087738037,4.061999797821045,4.063000202178955,4.065999984741211,nan,nan,nan,nan,nan,nan
121.4587013721466,-0.4000000059604645,4.0320000648498535,4.060999870300293,4.058000087738037,4.061999797821045,4.061999797821045,4.065999984741211,nan,nan,nan,nan,nan,nan
121.63930058479309,-0.4000000059604645,4.0320000648498535,4.059999942779541,4.058000087738037,4.061999797821045,4.061999797821045,4.065999984741211,nan,nan,nan,nan,nan,nan
121.79999876022339,-0.4000000059604645,4.0320000648498535,4.060999870300293,4.058000087738037,4.061999797821045,4.061999797821045,4.065999984741211,nan,nan,nan,nan,nan,nan
121.9803557395935,-0.38999998569488525,4.0320000648498535,4.060999870300293,4.058000087738037,4.061999797821045,4.061999797821045,4.065999984741211,nan,nan,nan,nan,nan,nan
122.16067171096802,-0.4000000059604645,4.0320000648498535,4.060999870300293,4.058000087738037,4.061999797821045,4.061999797821045,4.065999984741211,nan,nan,nan,nan,nan,nan
122.32007312774658,-0.4000000059604645,4.0320000648498535,4.059999942779541,4.058000087738037,4.061999797821045,4.061999797821045,4.065999984741211,nan,nan,nan,nan,nan,nan
122.50008201599121,-0.4099999964237213,4.0320000648498535,4.060999870300293,4.058000087738037,4.061999797821045,4.061999797821045,4.065999984741211,nan,nan,nan,nan,nan,nan
122.68026494979858,-0.4000000059604645,4.0320000648498535,4.059999942779541,4.058000087738037,4.060999870300293,4.061999797821045,4.065999984741211,nan,nan,nan,nan,nan,nan
122.83991551399231,-0.4000000059604645,4.0320000648498535,4.059999942779541,4.058000087738037,4.060999870300293,4.061999797821045,4.065999984741211,nan,nan,nan,nan,nan,nan
123.01989579200745,-0.4000000059604645,4.0320000648498535,4.059999942779541,4.058000087738037,4.061999797821045,4.061999797821045,4.065999984741211,nan,nan,nan,nan,nan,nan
123.1809012889862,-0.4099999964237213,4.0320000648498535,4.060999870300293,4.058000087738037,4.061999797821045,4.063000202178955,4.065999984741211,nan,nan,nan,nan,nan,nan
123.35967922210693,-0.4099999964237213,4.0320000648498535,4.060999870300293,4.058000087738037,4.061999797821045,4.061999797821045,4.065999984741211,nan,nan,nan,nan,nan,nan
123.54004263877869,-0.4000000059604645,4.0320000648498535,4.060999870300293,4.058000087738037,4.061999797821045,4.061999797821045,4.065999984741211,nan,nan,nan,nan,nan,nan
123.69938063621521,-0.38999998569488525,4.0320000648498535,4.060999870300293,4.058000087738037,4.061999797821045,4.061999797821045,4.065999984741211,nan,nan,nan,nan,nan,nan
123.87955355644226,-0.4000000059604645,4.0320000648498535,4.060999870300293,4.058000087738037,4.061999797821045,4.061999797821045,4.065999984741211,nan,nan,nan,nan,nan,nan
124.04048991203308,-0.38999998569488525,4.0320000648498535,4.059999942779541,4.058000087738037,4.061999797821045,4.061999797821045,4.065999984741211,nan,nan,nan,nan,nan,nan
124.21932792663574,-0.4000000059604645,4.0320000648498535,4.060999870300293,4.057000160217285,4.061999797821045,4.061999797821045,4.065999984741211,nan,nan,nan,nan,nan,nan
124.3995349407196,-0.4000000059604645,4.0320000648498535,4.059999942779541,4.058000087738037,4.061999797821045,4.061999797821045,4.065999984741211,nan,nan,nan,nan,nan,nan
124.56108260154724,-0.4000000059604645,4.0320000648498535,4.059999942779541,4.058000087738037,4.061999797821045,4.061999797821045,4.065999984741211,nan,nan,nan,nan,nan,nan
124.74056553840637,-0.4300000071525574,4.0320000648498535,4.059999942779541,4.058000087738037,4.061999797821045,4.061999797821045,4.065999984741211,nan,nan,nan,nan,nan,nan
124.89989614486694,-0.4000000059604645,4.0320000648498535,4.059999942779541,4.058000087738037,4.061999797821045,4.061999797821045,4.065999984741211,nan,nan,nan,nan,nan,nan
125.08029222488403,-0.38999998569488525,4.0320000648498535,4.059999942779541,4.058000087738037,4.061999797821045,4.061999797821045,4.065999984741211,nan,nan,nan,nan,nan,nan
125.2601752281189,-0.4099999964237213,4.0320000648498535,4.060999870300293,4.058000087738037,4.061999797821045,4.061999797821045,4.065999984741211,nan,nan,nan,nan,nan,nan
125.41919040679932,-0.38999998569488525,4.0320000648498535,4.060999870300293,4.058000087738037,4.061999797821045,4.061999797821045,4.065999984741211,nan,nan,nan,nan,nan,nan
125.6009292602539,-0.4000000059604645,4.0320000648498535,4.060999870300293,4.058000087738037,4.061999797821045,4.061999797821045,4.065999984741211,nan,nan,nan,nan,nan,nan
125.76072883605957,-0.4099999964237213,4.0320000648498535,4.060999870300293,4.058000087738037,4.061999797821045,4.061999797821045,4.065999984741211,nan,nan,nan,nan,nan,nan
125.94048142433167,-0.4000000059604645,4.0320000648498535,4.059999942779541,4.058000087738037,4.061999797821045,4.061999797821045,4.065999984741211,nan,nan,nan,nan,nan,nan
126.12120962142944,-0.38999998569488525,4.0320000648498535,4.060999870300293,4.058000087738037,4.061999797821045,4.061999797821045,4.065999984741211,nan,nan,nan,nan,nan,nan
126.2803885936737,-0.4000000059604645,4.0320000648498535,4.059999942779541,4.058000087738037,4.061999797821045,4.061999797821045,4.065999984741211,nan,nan,nan,nan,nan,nan
126.46046733856201,-0.4000000059604645,4.0320000648498535,4.059999942779541,4.058000087738037,4.061999797821045,4.061999797821045,4.065999984741211,nan,nan,nan,nan,nan,nan
126.64060115814209,-0.38999998569488525,4.0320000648498535,4.060999870300293,4.058000087738037,4.061999797821045,4.061999797821045,4.065999984741211,nan,nan,nan,nan,nan,nan
126.8002245426178,-0.41999998688697815,4.0320000648498535,4.059999942779541,4.058000087738037,4.061999797821045,4.061999797821045,4.065999984741211,nan,nan,nan,nan,nan,nan
126.98034262657166,-0.4000000059604645,4.0320000648498535,4.060999870300293,4.058000087738037,4.061999797821045,4.061999797821045,4.065999984741211,nan,nan,nan,nan,nan,nan
127.14121389389038,-0.4000000059604645,4.0320000648498535,4.060999870300293,4.058000087738037,4.061999797821045,4.061999797821045,4.065999984741211,nan,nan,nan,nan,nan,nan
127.32011365890503,-0.4000000059604645,4.0320000648498535,4.059999942779541,4.058000087738037,4.061999797821045,4.061999797821045,4.065999984741211,nan,nan,nan,nan,nan,nan
127.50035619735718,-0.4000000059604645,4.0320000648498535,4.059999942779541,4.058000087738037,4.061999797821045,4.061999797821045,4.065999984741211,nan,nan,nan,nan,nan,nan
127.66092276573181,-0.4000000059604645,4.0320000648498535,4.060999870300293,4.058000087738037,4.060999870300293,4.061999797821045,4.065999984741211,nan,nan,nan,nan,nan,nan
127.83974838256836,-0.41999998688697815,4.0320000648498535,4.059999942779541,4.058000087738037,4.061999797821045,4.061999797821045,4.065999984741211,nan,nan,nan,nan,nan,nan
128.00106477737427,-0.4000000059604645,4.0320000648498535,4.059999942779541,4.058000087738037,4.061999797821045,4.061999797821045,4.065999984741211,nan,nan,nan,nan,nan,nan
128.17977023124695,-0.4000000059604645,4.0320000648498535,4.059999942779541,4.058000087738037,4.060999870300293,4.061999797821045,4.065999984741211,nan,nan,nan,nan,nan,nan
128.36082887649536,-0.4099999964237213,4.0320000648498535,4.060999870300293,4.058000087738037,4.061999797821045,4.061999797821045,4.065999984741211,nan,nan,nan,nan,nan,nan
128.52016758918762,-0.38999998569488525,4.0320000648498535,4.059999942779541,4.058000087738037,4.061999797821045,4.061999797821045,4.065999984741211,nan,nan,nan,nan,nan,nan
128.7005796432495,-0.4000000059604645,4.0320000648498535,4.060999870300293,4.058000087738037,4.061999797821045,4.061999797821045,4.065999984741211,nan,nan,nan,nan,nan,nan
128.8601589202881,-0.4000000059604645,4.0320000648498535,4.059999942779541,4.058000087738037,4.061999797821045,4.061999797821045,4.065999984741211,nan,nan,nan,nan,nan,nan
129.04030442237854,-0.4000000059604645,4.0320000648498535,4.059999942779541,4.058000087738037,4.061999797821045,4.061999797821045,4.065999984741211,nan,nan,nan,nan,nan,nan
129.22053360939026,-0.4000000059604645,4.0320000648498535,4.059999942779541,4.058000087738037,4.060999870300293,4.061999797821045,4.065999984741211,nan,nan,nan,nan,nan,nan
129.38023495674133,-0.4000000059604645,4.0320000648498535,4.059999942779541,4.058000087738037,4.061999797821045,4.061999797821045,4.065999984741211,nan,nan,nan,nan,nan,nan
129.56011414527893,-0.4000000059604645,4.0320000648498535,4.060999870300293,4.058000087738037,4.061999797821045,4.061999797821045,4.065999984741211,nan,nan,nan,nan,nan,nan
129.74047708511353,-0.4000000059604645,4.0320000648498535,4.060999870300293,4.058000087738037,4.061999797821045,4.061999797821045,4.065999984741211,nan,nan,nan,nan,nan,nan
129.90005922317505,-0.4000000059604645,4.0320000648498535,4.059999942779541,4.058000087738037,4.061999797821045,4.061999797821045,4.065999984741211,nan,nan,nan,nan,nan,nan
130.07987689971924,-0.4000000059604645,4.0320000648498535,4.059999942779541,4.058000087738037,4.061999797821045,4.061999797821045,4.065999984741211,nan,nan,nan,nan,nan,nan
130.23927688598633,-0.4000000059604645,4.0320000648498535,4.059999942779541,4.058000087738037,4.061999797821045,4.061999797821045,4.065999984741211,nan,nan,nan,nan,nan,nan
130.41972041130066,-0.4000000059604645,4.0320000648498535,4.059999942779541,4.058000087738037,4.060999870300293,4.061999797821045,4.065999984741211,nan,nan,nan,nan,nan,nan
130.59885501861572,-0.4099999964237213,4.0320000648498535,4.059999942779541,4.058000087738037,4.061999797821045,4.061999797821045,4.065999984741211,nan,nan,nan,nan,nan,nan
130.76027059555054,-0.4099999964237213,4.0320000648498535,4.060999870300293,4.057000160217285,4.061999797821045,4.061999797821045,4.065999984741211,nan,nan,nan,nan,nan,nan
130.9405243396759,-0.4099999964237213,4.0320000648498535,4.059999942779541,4.058000087738037,4.061999797821045,4.061999797821045,4.065999984741211,nan,nan,nan,nan,nan,nan
131.10036993026733,-0.4000000059604645,4.0320000648498535,4.059999942779541,4.058000087738037,4.061999797821045,4.061999797821045,4.065999984741211,nan,nan,nan,nan,nan,nan
131.2796335220337,-0.4000000059604645,4.0320000648498535,4.059999942779541,4.058000087738037,4.061999797821045,4.061999797821045,4.065999984741211,nan,nan,nan,nan,nan,nan
131.46024417877197,-0.4000000059604645,4.0320000648498535,4.060999870300293,4.058000087738037,4.061999797821045,4.061999797821045,4.065999984741211,nan,nan,nan,nan,nan,nan
131.6191475391388,-0.4000000059604645,4.0320000648498535,4.059999942779541,4.057000160217285,4.060999870300293,4.061999797821045,4.065999984741211,nan,nan,nan,nan,nan,nan
131.80109906196594,-0.4099999964237213,4.0320000648498535,4.060999870300293,4.058000087738037,4.061999797821045,4.061999797821045,4.065999984741211,nan,nan,nan,nan,nan,nan
131.96097230911255,-0.38999998569488525,4.0320000648498535,4.060999870300293,4.058000087738037,4.060999870300293,4.061999797821045,4.065999984741211,nan,nan,nan,nan,nan,nan
132.13958263397217,-0.4000000059604645,4.0320000648498535,4.059999942779541,4.058000087738037,4.060999870300293,4.061999797821045,4.065999984741211,nan,nan,nan,nan,nan,nan
132.3209137916565,-0.38999998569488525,4.0320000648498535,4.059999942779541,4.058000087738037,4.061999797821045,4.061999797821045,4.065999984741211,nan,nan,nan,nan,nan,nan
132.47920942306519,-0.4000000059604645,4.0320000648498535,4.059999942779541,4.058000087738037,4.060999870300293,4.061999797821045,4.065999984741211,nan,nan,nan,nan,nan,nan
132.65951299667358,-0.4000000059604645,4.0320000648498535,4.059999942779541,4.058000087738037,4.061999797821045,4.061999797821045,4.065999984741211,nan,nan,nan,nan,nan,nan
132.8411681652069,-0.4000000059604645,4.0320000648498535,4.059999942779541,4.058000087738037,4.061999797821045,4.061999797821045,4.065999984741211,nan,nan,nan,nan,nan,nan
132.9993143081665,-0.4000000059604645,4.0320000648498535,4.059999942779541,4.058000087738037,4.061999797821045,4.061999797821045,4.065999984741211,nan,nan,nan,nan,nan,nan
133.17959332466125,-0.4000000059604645,4.0320000648498535,4.059999942779541,4.058000087738037,4.061999797821045,4.061999797821045,4.065999984741211,nan,nan,nan,nan,nan,nan
133.33930611610413,-0.4000000059604645,4.0320000648498535,4.059999942779541,4.058000087738037,4.061999797821045,4.061999797821045,4.065999984741211,nan,nan,nan,nan,nan,nan
133.52076864242554,-0.4000000059604645,4.0320000648498535,4.059999942779541,4.058000087738037,4.060999870300293,4.061999797821045,4.065999984741211,nan,nan,nan,nan,nan,nan
133.69916796684265,-0.4000000059604645,4.0320000648498535,4.059999942779541,4.057000160217285,4.060999870300293,4.061999797821045,4.065999984741211,nan,nan,nan,nan,nan,nan
133.85901594161987,-0.4000000059604645,4.0320000648498535,4.059999942779541,4.058000087738037,4.060999870300293,4.061999797821045,4.065999984741211,nan,nan,nan,nan,nan,nan
134.04079031944275,-0.4099999964237213,4.0320000648498535,4.059999942779541,4.058000087738037,4.060999870300293,4.061999797821045,4.065999984741211,nan,nan,nan,nan,nan,nan
134.19999861717224,-0.4000000059604645,4.0320000648498535,4.059999942779541,4.058000087738037,4.061999797821045,4.061999797821045,4.065999984741211,nan,nan,nan,nan,nan,nan
134.3800754547119,-0.4000000059604645,4.0320000648498535,4.059999942779541,4.057000160217285,4.061999797821045,4.061999797821045,4.065999984741211,nan,nan,nan,nan,nan,nan
134.55873894691467,-0.4000000059604645,4.0320000648498535,4.059999942779541,4.058000087738037,4.061999797821045,4.061999797821045,4.065999984741211,nan,nan,nan,nan,nan,nan
134.7200062274933,-0.4000000059604645,4.0320000648498535,4.059999942779541,4.057000160217285,4.061999797821045,4.061999797821045,4.065999984741211,nan,nan,nan,nan,nan,nan
134.89869379997253,-0.3799999952316284,4.0320000648498535,4.059999942779541,4.058000087738037,4.061999797821045,4.061999797821045,4.065999984741211,nan,nan,nan,nan,nan,nan
135.08061122894287,-0.4000000059604645,4.0320000648498535,4.059999942779541,4.057000160217285,4.060999870300293,4.061999797821045,4.065999984741211,nan,nan,nan,nan,nan,nan
135.24023628234863,-0.38999998569488525,4.0320000648498535,4.059999942779541,4.057000160217285,4.060999870300293,4.061999797821045,4.065999984741211,nan,nan,nan,nan,nan,nan
135.42038297653198,-0.38999998569488525,4.0320000648498535,4.059999942779541,4.057000160217285,4.061999797821045,4.061999797821045,4.065999984741211,nan,nan,nan,nan,nan,nan
135.5801408290863,-0.4000000059604645,4.0320000648498535,4.059999942779541,4.057000160217285,4.061999797821045,4.061999797821045,4.065999984741211,nan,nan,nan,nan,nan,nan
135.76036310195923,-0.4000000059604645,4.0320000648498535,4.059999942779541,4.057000160217285,4.061999797821045,4.061999797821045,4.065999984741211,nan,nan,nan,nan,nan,nan
135.9391176700592,-0.4000000059604645,4.0320000648498535,4.059999942779541,4.058000087738037,4.060999870300293,4.061999797821045,4.065999984741211,nan,nan,nan,nan,nan,nan
136.10009002685547,-0.4000000059604645,4.0320000648498535,4.059999942779541,4.057000160217285,4.061999797821045,4.061999797821045,4.065999984741211,nan,nan,nan,nan,nan,nan
136.27916073799133,-0.4000000059604645,4.0320000648498535,4.059999942779541,4.058000087738037,4.060999870300293,4.061999797821045,4.065999984741211,nan,nan,nan,nan,nan,nan
136.43982529640198,-0.4000000059604645,4.0320000648498535,4.059999942779541,4.057000160217285,4.060999870300293,4.061999797821045,4.065999984741211,nan,nan,nan,nan,nan,nan
136.62026643753052,-0.4000000059604645,4.0320000648498535,4.059999942779541,4.058000087738037,4.060999870300293,4.061999797821045,4.065999984741211,nan,nan,nan,nan,nan,nan
136.8017933368683,-0.4000000059604645,4.0320000648498535,4.059999942779541,4.057000160217285,4.061999797821045,4.061999797821045,4.065999984741211,nan,nan,nan,nan,nan,nan
136.9598627090454,-0.4000000059604645,4.0320000648498535,4.059999942779541,4.057000160217285,4.061999797821045,4.061999797821045,4.065999984741211,nan,nan,nan,nan,nan,nan
137.1402006149292,-0.4099999964237213,4.0320000648498535,4.059999942779541,4.058000087738037,4.061999797821045,4.061999797821045,4.065999984741211,nan,nan,nan,nan,nan,nan
137.31942772865295,-0.4000000059604645,4.0320000648498535,4.059999942779541,4.057000160217285,4.061999797821045,4.061999797821045,4.065999984741211,nan,nan,nan,nan,nan,nan
137.47998309135437,-0.4000000059604645,4.0320000648498535,4.059999942779541,4.057000160217285,4.061999797821045,4.061999797821045,4.065999984741211,nan,nan,nan,nan,nan,nan
137.65869283676147,-0.4000000059604645,4.0320000648498535,4.059999942779541,4.058000087738037,4.060999870300293,4.061999797821045,4.065999984741211,nan,nan,nan,nan,nan,nan
137.81987166404724,-0.4000000059604645,4.0320000648498535,4.059999942779541,4.058000087738037,4.060999870300293,4.061999797821045,4.065999984741211,nan,nan,nan,nan,nan,nan
137.99993562698364,-0.4000000059604645,4.0320000648498535,4.059999942779541,4.058000087738037,4.060999870300293,4.061999797821045,4.065999984741211,nan,nan,nan,nan,nan,nan
138.18008017539978,-0.4099999964237213,4.0320000648498535,4.059999942779541,4.057000160217285,4.060999870300293,4.061999797821045,4.065999984741211,nan,nan,nan,nan,nan,nan
138.34017372131348,-0.4000000059604645,4.0320000648498535,4.059999942779541,4.057000160217285,4.061999797821045,4.061999797821045,4.065999984741211,nan,nan,nan,nan,nan,nan
138.51987648010254,-0.4000000059604645,4.0320000648498535,4.059999942779541,4.058000087738037,4.060999870300293,4.061999797821045,4.065999984741211,nan,nan,nan,nan,nan,nan
138.67955780029297,-0.4000000059604645,4.031000137329102,4.059999942779541,4.057000160217285,4.061999797821045,4.061999797821045,4.065999984741211,nan,nan,nan,nan,nan,nan
138.8622269630432,-0.4000000059604645,4.0320000648498535,4.059999942779541,4.057000160217285,4.060999870300293,4.061999797821045,4.065999984741211,nan,nan,nan,nan,nan,nan
139.039297580719,-0.38999998569488525,4.0320000648498535,4.059999942779541,4.057000160217285,4.060999870300293,4.061999797821045,4.065999984741211,nan,nan,nan,nan,nan,nan
139.19860172271729,-0.4000000059604645,4.0320000648498535,4.059999942779541,4.057000160217285,4.060999870300293,4.061999797821045,4.065999984741211,nan,nan,nan,nan,nan,nan
139.3805854320526,-0.4099999964237213,4.031000137329102,4.059999942779541,4.057000160217285,4.060999870300293,4.061999797821045,4.065999984741211,nan,nan,nan,nan,nan,nan
139.53992414474487,-0.38999998569488525,4.0320000648498535,4.059999942779541,4.058000087738037,4.060999870300293,4.061999797821045,4.065999984741211,nan,nan,nan,nan,nan,nan
139.7202808856964,-0.38999998569488525,4.0320000648498535,4.059999942779541,4.057000160217285,4.060999870300293,4.061999797821045,4.065999984741211,nan,nan,nan,nan,nan,nan
139.90030193328857,-0.4000000059604645,4.0320000648498535,4.059999942779541,4.057000160217285,4.061999797821045,4.061999797821045,4.065999984741211,nan,nan,nan,nan,nan,nan
140.05985188484192,-0.4000000059604645,4.0320000648498535,4.059999942779541,4.057000160217285,4.060999870300293,4.061999797821045,4.065999984741211,nan,nan,nan,nan,nan,nan
140.2403507232666,-0.4099999964237213,4.0320000648498535,4.059999942779541,4.057000160217285,4.060999870300293,4.061999797821045,4.065999984741211,nan,nan,nan,nan,nan,nan
140.41879391670227,-0.4000000059604645,4.0320000648498535,4.059999942779541,4.057000160217285,4.060999870300293,4.061999797821045,4.065999984741211,nan,nan,nan,nan,nan,nan
140.58005094528198,-0.4000000059604645,4.0320000648498535,4.059999942779541,4.057000160217285,4.061999797821045,4.061999797821045,4.065999984741211,nan,nan,nan,nan,nan,nan
140.76030158996582,-0.4000000059604645,4.0320000648498535,4.059999942779541,4.057000160217285,4.060999870300293,4.061999797821045,4.065000057220459,nan,nan,nan,nan,nan,nan
140.9195683002472,-0.4000000059604645,4.0320000648498535,4.059999942779541,4.057000160217285,4.060999870300293,4.061999797821045,4.065999984741211,nan,nan,nan,nan,nan,nan
141.1003122329712,-0.41999998688697815,4.031000137329102,4.059999942779541,4.057000160217285,4.060999870300293,4.061999797821045,4.065999984741211,nan,nan,nan,nan,nan,nan
141.2802369594574,-0.4000000059604645,4.0320000648498535,4.059999942779541,4.057000160217285,4.060999870300293,4.061999797821045,4.065999984741211,nan,nan,nan,nan,nan,nan
141.4399857521057,-0.4000000059604645,4.0320000648498535,4.059999942779541,4.057000160217285,4.060999870300293,4.061999797821045,4.065999984741211,nan,nan,nan,nan,nan,nan
141.61920714378357,-0.4000000059604645,4.031000137329102,4.059999942779541,4.057000160217285,4.060999870300293,4.061999797821045,4.065999984741211,nan,nan,nan,nan,nan,nan
141.779723405838,-0.4000000059604645,4.031000137329102,4.059999942779541,4.057000160217285,4.060999870300293,4.061999797821045,4.065999984741211,nan,nan,nan,nan,nan,nan
141.96027827262878,-0.4000000059604645,4.0320000648498535,4.059999942779541,4.057000160217285,4.060999870300293,4.061999797821045,4.065999984741211,nan,nan,nan,nan,nan,nan
142.13877606391907,-0.4000000059604645,4.0320000648498535,4.059999942779541,4.057000160217285,4.060999870300293,4.061999797821045,4.065999984741211,nan,nan,nan,nan,nan,nan
142.2999975681305,-0.38999998569488525,4.0320000648498535,4.059999942779541,4.057000160217285,4.060999870300293,4.061999797821045,4.065999984741211,nan,nan,nan,nan,nan,nan
142.4800500869751,-0.4000000059604645,4.0320000648498535,4.059999942779541,4.057000160217285,4.060999870300293,4.061999797821045,4.065999984741211,nan,nan,nan,nan,nan,nan
142.66001391410828,-0.4000000059604645,4.0320000648498535,4.059999942779541,4.057000160217285,4.060999870300293,4.061999797821045,4.065999984741211,nan,nan,nan,nan,nan,nan
142.81995558738708,-0.4000000059604645,4.031000137329102,4.059999942779541,4.057000160217285,4.060999870300293,4.061999797821045,4.065999984741211,nan,nan,nan,nan,nan,nan
143.00036215782166,-0.4000000059604645,4.0320000648498535,4.059999942779541,4.057000160217285,4.060999870300293,4.061999797821045,4.065999984741211,nan,nan,nan,nan,nan,nan
143.16081500053406,-0.4000000059604645,4.0320000648498535,4.059999942779541,4.057000160217285,4.060999870300293,4.061999797821045,4.065000057220459,nan,nan,nan,nan,nan,nan
143.33915972709656,-0.4000000059604645,4.0320000648498535,4.059999942779541,4.057000160217285,4.060999870300293,4.061999797821045,4.065999984741211,nan,nan,nan,nan,nan,nan
143.52045941352844,-0.4000000059604645,4.031000137329102,4.059999942779541,4.057000160217285,4.060999870300293,4.061999797821045,4.065999984741211,nan,nan,nan,nan,nan,nan
143.68017411231995,-0.4000000059604645,4.031000137329102,4.059999942779541,4.057000160217285,4.060999870300293,4.061999797821045,4.065999984741211,nan,nan,nan,nan,nan,nan
143.85900831222534,-0.4000000059604645,4.031000137329102,4.059999942779541,4.058000087738037,4.060999870300293,4.061999797821045,4.065999984741211,nan,nan,nan,nan,nan,nan
144.0185670852661,-0.4099999964237213,4.031000137329102,4.059999942779541,4.057000160217285,4.060999870300293,4.061999797821045,4.065999984741211,nan,nan,nan,nan,nan,nan
144.19899082183838,-0.4300000071525574,4.031000137329102,4.059999942779541,4.057000160217285,4.060999870300293,4.061999797821045,4.065999984741211,nan,nan,nan,nan,nan,nan
144.37922430038452,-0.4099999964237213,4.0320000648498535,4.059999942779541,4.057000160217285,4.060999870300293,4.061999797821045,4.065999984741211,nan,nan,nan,nan,nan,nan
144.54019927978516,-0.4000000059604645,4.031000137329102,4.059999942779541,4.057000160217285,4.060999870300293,4.061999797821045,4.065999984741211,nan,nan,nan,nan,nan,nan
144.71925330162048,-0.4000000059604645,4.031000137329102,4.059999942779541,4.057000160217285,4.060999870300293,4.061999797821045,4.065000057220459,nan,nan,nan,nan,nan,nan
144.87977290153503,-0.4000000059604645,4.0320000648498535,4.059999942779541,4.058000087738037,4.060999870300293,4.061999797821045,4.065999984741211,nan,nan,nan,nan,nan,nan
145.05872869491577,-0.4000000059604645,4.0320000648498535,4.059999942779541,4.057000160217285,4.060999870300293,4.061999797821045,4.065999984741211,nan,nan,nan,nan,nan,nan
145.2391538619995,-0.4000000059604645,4.0320000648498535,4.059999942779541,4.057000160217285,4.060999870300293,4.061999797821045,4.065999984741211,nan,nan,nan,nan,nan,nan
145.39968538284302,-0.4099999964237213,4.031000137329102,4.059999942779541,4.057000160217285,4.060999870300293,4.061999797821045,4.065999984741211,nan,nan,nan,nan,nan,nan
145.5797894001007,-0.4000000059604645,4.031000137329102,4.059999942779541,4.057000160217285,4.060999870300293,4.061999797821045,4.065999984741211,nan,nan,nan,nan,nan,nan
145.7396318912506,-0.4000000059604645,4.031000137329102,4.059999942779541,4.057000160217285,4.060999870300293,4.061999797821045,4.065000057220459,nan,nan,nan,nan,nan,nan
145.91951251029968,-0.4000000059604645,4.0320000648498535,4.059999942779541,4.057000160217285,4.060999870300293,4.061999797821045,4.065000057220459,nan,nan,nan,nan,nan,nan
146.0998752117157,-0.4000000059604645,4.0320000648498535,4.059999942779541,4.057000160217285,4.060999870300293,4.061999797821045,4.065999984741211,nan,nan,nan,nan,nan,nan
146.25956678390503,-0.38999998569488525,4.031000137329102,4.059999942779541,4.057000160217285,4.060999870300293,4.061999797821045,4.065999984741211,nan,nan,nan,nan,nan,nan
146.43946480751038,-0.4099999964237213,4.0320000648498535,4.059999942779541,4.057000160217285,4.060999870300293,4.061999797821045,4.065999984741211,nan,nan,nan,nan,nan,nan
146.6196527481079,-0.4000000059604645,4.031000137329102,4.059999942779541,4.057000160217285,4.060999870300293,4.061999797821045,4.065999984741211,nan,nan,nan,nan,nan,nan
146.77949619293213,-0.4000000059604645,4.031000137329102,4.059999942779541,4.057000160217285,4.060999870300293,4.061999797821045,4.065999984741211,nan,nan,nan,nan,nan,nan
146.9595329761505,-0.4000000059604645,4.031000137329102,4.059999942779541,4.057000160217285,4.060999870300293,4.061999797821045,4.065999984741211,nan,nan,nan,nan,nan,nan
147.11913657188416,-0.4000000059604645,4.031000137329102,4.059999942779541,4.057000160217285,4.060999870300293,4.061999797821045,4.065999984741211,nan,nan,nan,nan,nan,nan
147.30088782310486,-0.4000000059604645,4.031000137329102,4.059999942779541,4.057000160217285,4.060999870300293,4.061999797821045,4.065999984741211,nan,nan,nan,nan,nan,nan
147.48083400726318,-0.4000000059604645,4.031000137329102,4.059999942779541,4.057000160217285,4.060999870300293,4.061999797821045,4.065999984741211,nan,nan,nan,nan,nan,nan
147.64146900177002,-0.4000000059604645,4.0320000648498535,4.059999942779541,4.057000160217285,4.060999870300293,4.061999797821045,4.065999984741211,nan,nan,nan,nan,nan,nan
147.82003355026245,-0.4099999964237213,4.031000137329102,4.059999942779541,4.057000160217285,4.060999870300293,4.061999797821045,4.065999984741211,nan,nan,nan,nan,nan,nan
147.98070192337036,-0.4000000059604645,4.031000137329102,4.059999942779541,4.057000160217285,4.060999870300293,4.061999797821045,4.065000057220459,nan,nan,nan,nan,nan,nan
148.16110587120056,-0.4000000059604645,4.031000137329102,4.059999942779541,4.057000160217285,4.060999870300293,4.061999797821045,4.065999984741211,nan,nan,nan,nan,nan,nan
148.33984398841858,-0.4000000059604645,4.031000137329102,4.059999942779541,4.057000160217285,4.060999870300293,4.061999797821045,4.065999984741211,nan,nan,nan,nan,nan,nan
148.49906134605408,-0.4000000059604645,4.031000137329102,4.059999942779541,4.057000160217285,4.060999870300293,4.061999797821045,4.065999984741211,nan,nan,nan,nan,nan,nan
148.6813304424286,-0.4000000059604645,4.031000137329102,4.059999942779541,4.057000160217285,4.060999870300293,4.061999797821045,4.065999984741211,nan,nan,nan,nan,nan,nan
148.8411419391632,-0.4000000059604645,4.031000137329102,4.059999942779541,4.057000160217285,4.060999870300293,4.061999797821045,4.065999984741211,nan,nan,nan,nan,nan,nan
149.0230574607849,-0.4000000059604645,4.031000137329102,4.059999942779541,4.057000160217285,4.060999870300293,4.061999797821045,4.065000057220459,nan,nan,nan,nan,nan,nan
149.2004177570343,-0.4000000059604645,4.031000137329102,4.059999942779541,4.057000160217285,4.060999870300293,4.061999797821045,4.065999984741211,nan,nan,nan,nan,nan,nan
149.35960221290588,-0.4000000059604645,4.031000137329102,4.059999942779541,4.057000160217285,4.060999870300293,4.061999797821045,4.065999984741211,nan,nan,nan,nan,nan,nan
149.5406858921051,-0.3799999952316284,4.031000137329102,4.059999942779541,4.057000160217285,4.060999870300293,4.061999797821045,4.065999984741211,nan,nan,nan,nan,nan,nan
149.72171878814697,-0.4000000059604645,4.031000137329102,4.059999942779541,4.057000160217285,4.060999870300293,4.061999797821045,4.065999984741211,nan,nan,nan,nan,nan,nan
149.88094830513,-0.4000000059604645,4.031000137329102,4.059999942779541,4.057000160217285,4.060999870300293,4.061999797821045,4.065000057220459,nan,nan,nan,nan,nan,nan
150.0609269142151,-0.4000000059604645,4.031000137329102,4.059999942779541,4.057000160217285,4.060999870300293,4.061999797821045,4.065999984741211,nan,nan,nan,nan,nan,nan
150.21925854682922,-0.4000000059604645,4.031000137329102,4.059999942779541,4.057000160217285,4.060999870300293,4.061999797821045,4.065999984741211,nan,nan,nan,nan,nan,nan
150.40125274658203,-0.38999998569488525,4.031000137329102,4.059999942779541,4.057000160217285,4.060999870300293,4.061999797821045,4.065999984741211,nan,nan,nan,nan,nan,nan
150.57913494110107,-0.38999998569488525,4.031000137329102,4.059999942779541,4.057000160217285,4.060999870300293,4.061999797821045,4.065999984741211,nan,nan,nan,nan,nan,nan
150.73890566825867,-0.4000000059604645,4.031000137329102,4.059999942779541,4.057000160217285,4.060999870300293,4.061999797821045,4.065999984741211,nan,nan,nan,nan,nan,nan
150.91976857185364,-0.4000000059604645,4.031000137329102,4.059999942779541,4.057000160217285,4.060999870300293,4.061999797821045,4.065999984741211,nan,nan,nan,nan,nan,nan
151.0806953907013,-0.4000000059604645,4.031000137329102,4.059999942779541,4.057000160217285,4.060999870300293,4.061999797821045,4.065999984741211,nan,nan,nan,nan,nan,nan
151.25932836532593,-0.4000000059604645,4.031000137329102,4.059999942779541,4.057000160217285,4.060999870300293,4.061999797821045,4.065999984741211,nan,nan,nan,nan,nan,nan
151.4390971660614,-0.4000000059604645,4.031000137329102,4.059999942779541,4.057000160217285,4.060999870300293,4.061999797821045,4.065000057220459,nan,nan,nan,nan,nan,nan
151.5988063812256,-0.38999998569488525,4.031000137329102,4.059999942779541,4.057000160217285,4.060999870300293,4.061999797821045,4.065000057220459,nan,nan,nan,nan,nan,nan
151.7813811302185,-0.4000000059604645,4.031000137329102,4.059999942779541,4.057000160217285,4.060999870300293,4.061999797821045,4.065999984741211,nan,nan,nan,nan,nan,nan
151.94033646583557,-0.38999998569488525,4.031000137329102,4.059999942779541,4.057000160217285,4.060999870300293,4.061999797821045,4.065999984741211,nan,nan,nan,nan,nan,nan
152.12047290802002,-0.4000000059604645,4.031000137329102,4.059999942779541,4.057000160217285,4.060999870300293,4.061999797821045,4.065999984741211,nan,nan,nan,nan,nan,nan
152.29890298843384,-0.4000000059604645,4.031000137329102,4.059999942779541,4.057000160217285,4.060999870300293,4.061999797821045,4.065999984741211,nan,nan,nan,nan,nan,nan
152.45994091033936,-0.4000000059604645,4.031000137329102,4.059999942779541,4.057000160217285,4.060999870300293,4.061999797821045,4.065999984741211,nan,nan,nan,nan,nan,nan
152.63873934745789,-0.38999998569488525,4.031000137329102,4.059999942779541,4.057000160217285,4.060999870300293,4.061999797821045,4.065000057220459,nan,nan,nan,nan,nan,nan
152.8190779685974,-0.4000000059604645,4.031000137329102,4.059999942779541,4.057000160217285,4.060999870300293,4.061999797821045,4.065999984741211,nan,nan,nan,nan,nan,nan
152.98191118240356,-0.4000000059604645,4.031000137329102,4.059999942779541,4.057000160217285,4.060999870300293,4.061999797821045,4.065999984741211,nan,nan,nan,nan,nan,nan
153.16038131713867,-0.4000000059604645,4.031000137329102,4.059999942779541,4.057000160217285,4.060999870300293,4.061999797821045,4.065000057220459,nan,nan,nan,nan,nan,nan
153.31985235214233,-0.4099999964237213,4.031000137329102,4.059999942779541,4.057000160217285,4.060999870300293,4.061999797821045,4.065999984741211,nan,nan,nan,nan,nan,nan
153.4999816417694,-0.4000000059604645,4.031000137329102,4.059999942779541,4.057000160217285,4.060999870300293,4.061999797821045,4.065000057220459,nan,nan,nan,nan,nan,nan
153.68031358718872,-0.4000000059604645,4.031000137329102,4.059999942779541,4.057000160217285,4.060999870300293,4.061999797821045,4.065000057220459,nan,nan,nan,nan,nan,nan
153.8410632610321,-0.4000000059604645,4.031000137329102,4.059999942779541,4.057000160217285,4.060999870300293,4.061999797821045,4.065000057220459,nan,nan,nan,nan,nan,nan
154.01969981193542,-0.4000000059604645,4.031000137329102,4.059999942779541,4.057000160217285,4.060999870300293,4.061999797821045,4.065000057220459,nan,nan,nan,nan,nan,nan
154.17907905578613,-0.4000000059604645,4.031000137329102,4.059999942779541,4.057000160217285,4.060999870300293,4.061999797821045,4.065999984741211,nan,nan,nan,nan,nan,nan
154.35912585258484,-0.4000000059604645,4.031000137329102,4.059999942779541,4.057000160217285,4.060999870300293,4.061999797821045,4.065999984741211,nan,nan,nan,nan,nan,nan
154.53979563713074,-0.4000000059604645,4.031000137329102,4.059999942779541,4.057000160217285,4.060999870300293,4.061999797821045,4.065000057220459,nan,nan,nan,nan,nan,nan
154.70061349868774,-0.4000000059604645,4.031000137329102,4.059999942779541,4.057000160217285,4.060999870300293,4.061999797821045,4.065000057220459,nan,nan,nan,nan,nan,nan
154.8792462348938,-0.38999998569488525,4.031000137329102,4.059999942779541,4.057000160217285,4.060999870300293,4.061999797821045,4.065999984741211,nan,nan,nan,nan,nan,nan
155.03879761695862,-0.4000000059604645,4.031000137329102,4.059999942779541,4.057000160217285,4.060999870300293,4.061999797821045,4.065999984741211,nan,nan,nan,nan,nan,nan
155.2192039489746,-0.4000000059604645,4.031000137329102,4.059999942779541,4.057000160217285,4.060999870300293,4.061999797821045,4.065999984741211,nan,nan,nan,nan,nan,nan
155.39972567558289,-0.4000000059604645,4.031000137329102,4.059999942779541,4.057000160217285,4.060999870300293,4.061999797821045,4.065000057220459,nan,nan,nan,nan,nan,nan
155.55917501449585,-0.4000000059604645,4.031000137329102,4.059999942779541,4.057000160217285,4.060999870300293,4.061999797821045,4.065000057220459,nan,nan,nan,nan,nan,nan
155.73934674263,-0.4099999964237213,4.031000137329102,4.059999942779541,4.057000160217285,4.060999870300293,4.061999797821045,4.065999984741211,nan,nan,nan,nan,nan,nan
155.91955041885376,-0.4099999964237213,4.031000137329102,4.059999942779541,4.057000160217285,4.060999870300293,4.061999797821045,4.065000057220459,nan,nan,nan,nan,nan,nan
156.0792670249939,-0.4000000059604645,4.031000137329102,4.059999942779541,4.057000160217285,4.060999870300293,4.061999797821045,4.065000057220459,nan,nan,nan,nan,nan,nan
156.25962328910828,-0.4000000059604645,4.031000137329102,4.059999942779541,4.057000160217285,4.060999870300293,4.061999797821045,4.065999984741211,nan,nan,nan,nan,nan,nan
156.41924452781677,-0.4000000059604645,4.031000137329102,4.059999942779541,4.057000160217285,4.060999870300293,4.061999797821045,4.065000057220459,nan,nan,nan,nan,nan,nan
156.59975934028625,-0.4000000059604645,4.031000137329102,4.059999942779541,4.057000160217285,4.060999870300293,4.061999797821045,4.065000057220459,nan,nan,nan,nan,nan,nan
156.78004360198975,-0.4000000059604645,4.031000137329102,4.059999942779541,4.057000160217285,4.060999870300293,4.061999797821045,4.065000057220459,nan,nan,nan,nan,nan,nan
156.9393436908722,-0.4099999964237213,4.031000137329102,4.059999942779541,4.057000160217285,4.060999870300293,4.061999797821045,4.065999984741211,nan,nan,nan,nan,nan,nan
157.12098002433777,-0.4000000059604645,4.031000137329102,4.059999942779541,4.057000160217285,4.060999870300293,4.061999797821045,4.065000057220459,nan,nan,nan,nan,nan,nan
157.28029942512512,-0.4000000059604645,4.031000137329102,4.059999942779541,4.057000160217285,4.060999870300293,4.061999797821045,4.065000057220459,nan,nan,nan,nan,nan,nan
157.4591851234436,-0.4000000059604645,4.031000137329102,4.059999942779541,4.057000160217285,4.060999870300293,4.061999797821045,4.065000057220459,nan,nan,nan,nan,nan,nan
157.6394021511078,-0.4000000059604645,4.031000137329102,4.059999942779541,4.057000160217285,4.060999870300293,4.061999797821045,4.065000057220459,nan,nan,nan,nan,nan,nan
157.8004379272461,-0.4099999964237213,4.031000137329102,4.059999942779541,4.057000160217285,4.060999870300293,4.061999797821045,4.065999984741211,nan,nan,nan,nan,nan,nan
157.9811327457428,-0.41999998688697815,4.031000137329102,4.059999942779541,4.057000160217285,4.060999870300293,4.061999797821045,4.065000057220459,nan,nan,nan,nan,nan,nan
158.15947246551514,-0.41999998688697815,4.031000137329102,4.059999942779541,4.057000160217285,4.060999870300293,4.061999797821045,4.065999984741211,nan,nan,nan,nan,nan,nan
158.3191545009613,-0.4099999964237213,4.031000137329102,4.059999942779541,4.057000160217285,4.060999870300293,4.061999797821045,4.065999984741211,nan,nan,nan,nan,nan,nan
158.4998300075531,-0.4000000059604645,4.031000137329102,4.059999942779541,4.057000160217285,4.060999870300293,4.061999797821045,4.065999984741211,nan,nan,nan,nan,nan,nan
158.65912222862244,-0.38999998569488525,4.031000137329102,4.059999942779541,4.057000160217285,4.060999870300293,4.061999797821045,4.065000057220459,nan,nan,nan,nan,nan,nan
158.83925247192383,-0.4000000059604645,4.031000137329102,4.059999942779541,4.057000160217285,4.060999870300293,4.061999797821045,4.065999984741211,nan,nan,nan,nan,nan,nan
159.01959991455078,-0.4099999964237213,4.031000137329102,4.059999942779541,4.057000160217285,4.060999870300293,4.061999797821045,4.065999984741211,nan,nan,nan,nan,nan,nan
159.17914605140686,-0.38999998569488525,4.031000137329102,4.059999942779541,4.057000160217285,4.060999870300293,4.061999797821045,4.065000057220459,nan,nan,nan,nan,nan,nan
159.3595736026764,-0.38999998569488525,4.031000137329102,4.059999942779541,4.057000160217285,4.060999870300293,4.061999797821045,4.065000057220459,nan,nan,nan,nan,nan,nan
159.52094149589539,-0.4000000059604645,4.031000137329102,4.059999942779541,4.057000160217285,4.060999870300293,4.061999797821045,4.065000057220459,nan,nan,nan,nan,nan,nan
159.69927263259888,-0.4000000059604645,4.031000137329102,4.059999942779541,4.057000160217285,4.060999870300293,4.061999797821045,4.065999984741211,nan,nan,nan,nan,nan,nan
159.87980961799622,-0.4000000059604645,4.031000137329102,4.059999942779541,4.057000160217285,4.060999870300293,4.061999797821045,4.065000057220459,nan,nan,nan,nan,nan,nan
160.03927969932556,-0.4000000059604645,4.031000137329102,4.059999942779541,4.057000160217285,4.060999870300293,4.060999870300293,4.065000057220459,nan,nan,nan,nan,nan,nan
160.21947121620178,-0.4000000059604645,4.031000137329102,4.059999942779541,4.057000160217285,4.060999870300293,4.061999797821045,4.065000057220459,nan,nan,nan,nan,nan,nan
160.39937233924866,-0.4000000059604645,4.031000137329102,4.059999942779541,4.057000160217285,4.060999870300293,4.061999797821045,4.065000057220459,nan,nan,nan,nan,nan,nan
160.55914163589478,-0.4000000059604645,4.031000137329102,4.059999942779541,4.057000160217285,4.060999870300293,4.061999797821045,4.065000057220459,nan,nan,nan,nan,nan,nan
160.74115252494812,-0.4000000059604645,4.031000137329102,4.059999942779541,4.057000160217285,4.060999870300293,4.061999797821045,4.065000057220459,nan,nan,nan,nan,nan,nan
160.89903235435486,-0.4099999964237213,4.031000137329102,4.059999942779541,4.057000160217285,4.060999870300293,4.061999797821045,4.065000057220459,nan,nan,nan,nan,nan,nan
161.08061242103577,-0.4099999964237213,4.031000137329102,4.059000015258789,4.057000160217285,4.060999870300293,4.061999797821045,4.065000057220459,nan,nan,nan,nan,nan,nan
161.25882029533386,-0.38999998569488525,4.031000137329102,4.059999942779541,4.057000160217285,4.060999870300293,4.061999797821045,4.065999984741211,nan,nan,nan,nan,nan,nan
161.4185528755188,-0.38999998569488525,4.031000137329102,4.059999942779541,4.057000160217285,4.060999870300293,4.061999797821045,4.065000057220459,nan,nan,nan,nan,nan,nan
161.5991222858429,-0.4000000059604645,4.031000137329102,4.059000015258789,4.057000160217285,4.060999870300293,4.061999797821045,4.065000057220459,nan,nan,nan,nan,nan,nan
161.75997376441956,-0.4000000059604645,4.031000137329102,4.059999942779541,4.057000160217285,4.060999870300293,4.061999797821045,4.065999984741211,nan,nan,nan,nan,nan,nan
161.9388611316681,-0.38999998569488525,4.031000137329102,4.059999942779541,4.057000160217285,4.060999870300293,4.060999870300293,4.065000057220459,nan,nan,nan,nan,nan,nan
162.11965799331665,-0.4099999964237213,4.031000137329102,4.059999942779541,4.057000160217285,4.060999870300293,4.061999797821045,4.065000057220459,nan,nan,nan,nan,nan,nan
162.27873730659485,-0.4000000059604645,4.031000137329102,4.059999942779541,4.057000160217285,4.060999870300293,4.061999797821045,4.065000057220459,nan,nan,nan,nan,nan,nan
162.4594099521637,-0.4000000059604645,4.031000137329102,4.059999942779541,4.057000160217285,4.060999870300293,4.061999797821045,4.065000057220459,nan,nan,nan,nan,nan,nan
162.64011597633362,-0.38999998569488525,4.031000137329102,4.059999942779541,4.057000160217285,4.060999870300293,4.061999797821045,4.065000057220459,nan,nan,nan,nan,nan,nan
162.79985666275024,-0.3799999952316284,4.031000137329102,4.059999942779541,4.057000160217285,4.060999870300293,4.061999797821045,4.065000057220459,nan,nan,nan,nan,nan,nan
162.98009419441223,-0.4099999964237213,4.031000137329102,4.059999942779541,4.057000160217285,4.060999870300293,4.061999797821045,4.065000057220459,nan,nan,nan,nan,nan,nan
163.13932490348816,-0.4099999964237213,4.031000137329102,4.059999942779541,4.057000160217285,4.060999870300293,4.061999797821045,4.065999984741211,nan,nan,nan,nan,nan,nan
163.31954503059387,-0.4000000059604645,4.031000137329102,4.059999942779541,4.057000160217285,4.060999870300293,4.061999797821045,4.065000057220459,nan,nan,nan,nan,nan,nan
163.49946761131287,-0.4000000059604645,4.031000137329102,4.059999942779541,4.057000160217285,4.060999870300293,4.061999797821045,4.065999984741211,nan,nan,nan,nan,nan,nan
163.65950417518616,-0.4099999964237213,4.03000020980835,4.059000015258789,4.057000160217285,4.060999870300293,4.061999797821045,4.065000057220459,nan,nan,nan,nan,nan,nan
163.83947801589966,-0.4099999964237213,4.031000137329102,4.059999942779541,4.057000160217285,4.060999870300293,4.060999870300293,4.065000057220459,nan,nan,nan,nan,nan,nan
163.99894285202026,-0.4000000059604645,4.031000137329102,4.059999942779541,4.057000160217285,4.060999870300293,4.061999797821045,4.065000057220459,nan,nan,nan,nan,nan,nan
164.17914175987244,-0.4099999964237213,4.031000137329102,4.059999942779541,4.057000160217285,4.060999870300293,4.061999797821045,4.065000057220459,nan,nan,nan,nan,nan,nan
164.35942268371582,-0.41999998688697815,4.031000137329102,4.059999942779541,4.057000160217285,4.060999870300293,4.061999797821045,4.065000057220459,nan,nan,nan,nan,nan,nan
164.5190212726593,-0.4000000059604645,4.031000137329102,4.059000015258789,4.057000160217285,4.060999870300293,4.061999797821045,4.065999984741211,nan,nan,nan,nan,nan,nan
164.69926619529724,-0.41999998688697815,4.031000137329102,4.059999942779541,4.057000160217285,4.060999870300293,4.061999797821045,4.065999984741211,nan,nan,nan,nan,nan,nan
164.85885572433472,-0.38999998569488525,4.031000137329102,4.059999942779541,4.057000160217285,4.060999870300293,4.061999797821045,4.065000057220459,nan,nan,nan,nan,nan,nan
165.0390682220459,-0.4099999964237213,4.031000137329102,4.059999942779541,4.057000160217285,4.060999870300293,4.061999797821045,4.065000057220459,nan,nan,nan,nan,nan,nan
165.21932888031006,-0.41999998688697815,4.031000137329102,4.059000015258789,4.057000160217285,4.060999870300293,4.061999797821045,4.065000057220459,nan,nan,nan,nan,nan,nan
165.3789746761322,-0.41999998688697815,4.031000137329102,4.059000015258789,4.057000160217285,4.060999870300293,4.061999797821045,4.065000057220459,nan,nan,nan,nan,nan,nan
165.5592520236969,-0.4000000059604645,4.031000137329102,4.059000015258789,4.057000160217285,4.060999870300293,4.060999870300293,4.065000057220459,nan,nan,nan,nan,nan,nan
165.7394187450409,-0.38999998569488525,4.031000137329102,4.059999942779541,4.057000160217285,4.060999870300293,4.061999797821045,4.065000057220459,nan,nan,nan,nan,nan,nan
165.89936637878418,-0.4000000059604645,4.031000137329102,4.059999942779541,4.057000160217285,4.060999870300293,4.061999797821045,4.065000057220459,nan,nan,nan,nan,nan,nan
166.0794460773468,-0.4000000059604645,4.031000137329102,4.059000015258789,4.057000160217285,4.060999870300293,4.061999797821045,4.065000057220459,nan,nan,nan,nan,nan,nan
166.23882484436035,-0.4099999964237213,4.031000137329102,4.059000015258789,4.057000160217285,4.060999870300293,4.060999870300293,4.065000057220459,nan,nan,nan,nan,nan,nan
166.41932439804077,-0.4099999964237213,4.031000137329102,4.059999942779541,4.057000160217285,4.060999870300293,4.061999797821045,4.065000057220459,nan,nan,nan,nan,nan,nan
166.59946370124817,-0.4000000059604645,4.031000137329102,4.059999942779541,4.057000160217285,4.060999870300293,4.061999797821045,4.065000057220459,nan,nan,nan,nan,nan,nan
166.75952792167664,-0.38999998569488525,4.031000137329102,4.059000015258789,4.057000160217285,4.060999870300293,4.060999870300293,4.065000057220459,nan,nan,nan,nan,nan,nan
166.93929886817932,-0.4000000059604645,4.031000137329102,4.059000015258789,4.057000160217285,4.060999870300293,4.061999797821045,4.065000057220459,nan,nan,nan,nan,nan,nan
167.09892678260803,-0.4000000059604645,4.031000137329102,4.059999942779541,4.057000160217285,4.060999870300293,4.061999797821045,4.065000057220459,nan,nan,nan,nan,nan,nan
167.27952790260315,-0.4000000059604645,4.031000137329102,4.059000015258789,4.057000160217285,4.060999870300293,4.060999870300293,4.065000057220459,nan,nan,nan,nan,nan,nan
167.4597692489624,-0.4000000059604645,4.031000137329102,4.059999942779541,4.057000160217285,4.060999870300293,4.061999797821045,4.065000057220459,nan,nan,nan,nan,nan,nan
167.61933946609497,-0.4099999964237213,4.031000137329102,4.059000015258789,4.057000160217285,4.060999870300293,4.060999870300293,4.065000057220459,nan,nan,nan,nan,nan,nan
167.79973769187927,-0.4000000059604645,4.03000020980835,4.059000015258789,4.056000232696533,4.060999870300293,4.061999797821045,4.065000057220459,nan,nan,nan,nan,nan,nan
167.97889351844788,-0.4099999964237213,4.031000137329102,4.059000015258789,4.057000160217285,4.060999870300293,4.060999870300293,4.065000057220459,nan,nan,nan,nan,nan,nan
168.1397967338562,-0.4000000059604645,4.031000137329102,4.059000015258789,4.057000160217285,4.060999870300293,4.061999797821045,4.065000057220459,nan,nan,nan,nan,nan,nan
168.32009983062744,-0.4000000059604645,4.03000020980835,4.059000015258789,4.057000160217285,4.060999870300293,4.061999797821045,4.065000057220459,nan,nan,nan,nan,nan,nan
168.4794328212738,-0.38999998569488525,4.031000137329102,4.059000015258789,4.056000232696533,4.060999870300293,4.061999797821045,4.065000057220459,nan,nan,nan,nan,nan,nan
168.65995073318481,-0.38999998569488525,4.031000137329102,4.059999942779541,4.057000160217285,4.060999870300293,4.061999797821045,4.065000057220459,nan,nan,nan,nan,nan,nan
168.83992314338684,-0.4099999964237213,4.03000020980835,4.059000015258789,4.056000232696533,4.060999870300293,4.061999797821045,4.065000057220459,nan,nan,nan,nan,nan,nan
168.9995310306549,-0.4000000059604645,4.03000020980835,4.059000015258789,4.057000160217285,4.060999870300293,4.061999797821045,4.065000057220459,nan,nan,nan,nan,nan,nan
169.17976927757263,-0.4000000059604645,4.031000137329102,4.059999942779541,4.057000160217285,4.060999870300293,4.061999797821045,4.065000057220459,nan,nan,nan,nan,nan,nan
169.33943700790405,-0.4000000059604645,4.031000137329102,4.059999942779541,4.057000160217285,4.060999870300293,4.061999797821045,4.065000057220459,nan,nan,nan,nan,nan,nan
169.51963639259338,-0.4000000059604645,4.031000137329102,4.059999942779541,4.057000160217285,4.060999870300293,4.061999797821045,4.065000057220459,nan,nan,nan,nan,nan,nan
169.70005297660828,-0.4000000059604645,4.03000020980835,4.059000015258789,4.057000160217285,4.060999870300293,4.061999797821045,4.065000057220459,nan,nan,nan,nan,nan,nan
169.85922074317932,-0.38999998569488525,4.03000020980835,4.059000015258789,4.056000232696533,4.060999870300293,4.060999870300293,4.065000057220459,nan,nan,nan,nan,nan,nan
170.0398108959198,-0.4000000059604645,4.031000137329102,4.059000015258789,4.057000160217285,4.060999870300293,4.060999870300293,4.065000057220459,nan,nan,nan,nan,nan,nan
170.21980619430542,-0.4099999964237213,4.03000020980835,4.059000015258789,4.057000160217285,4.060999870300293,4.060999870300293,4.065000057220459,nan,nan,nan,nan,nan,nan
170.37898087501526,-0.4000000059604645,4.031000137329102,4.059000015258789,4.056000232696533,4.060999870300293,4.060999870300293,4.065000057220459,nan,nan,nan,nan,nan,nan
170.55964064598083,-0.4099999964237213,4.03000020980835,4.059000015258789,4.057000160217285,4.060999870300293,4.061999797821045,4.065000057220459,nan,nan,nan,nan,nan,nan
170.7189085483551,-0.38999998569488525,4.03000020980835,4.059000015258789,4.057000160217285,4.060999870300293,4.061999797821045,4.065000057220459,nan,nan,nan,nan,nan,nan
170.89931082725525,-0.4000000059604645,4.03000020980835,4.059000015258789,4.057000160217285,4.060999870300293,4.061999797821045,4.065000057220459,nan,nan,nan,nan,nan,nan
171.07980012893677,-0.38999998569488525,4.03000020980835,4.059999942779541,4.057000160217285,4.060999870300293,4.060999870300293,4.065000057220459,nan,nan,nan,nan,nan,nan
171.2391037940979,-0.4099999964237213,4.03000020980835,4.059999942779541,4.057000160217285,4.060999870300293,4.060999870300293,4.065000057220459,nan,nan,nan,nan,nan,nan
171.41930770874023,-0.4300000071525574,4.031000137329102,4.059000015258789,4.057000160217285,4.060999870300293,4.060999870300293,4.065000057220459,nan,nan,nan,nan,nan,nan
171.57903027534485,-0.38999998569488525,4.031000137329102,4.059000015258789,4.057000160217285,4.060999870300293,4.060999870300293,4.065000057220459,nan,nan,nan,nan,nan,nan
171.75923252105713,-0.4000000059604645,4.03000020980835,4.059000015258789,4.057000160217285,4.060999870300293,4.060999870300293,4.065000057220459,nan,nan,nan,nan,nan,nan
171.94067358970642,-0.4099999964237213,4.03000020980835,4.059000015258789,4.056000232696533,4.060999870300293,4.061999797821045,4.065000057220459,nan,nan,nan,nan,nan,nan
172.10151195526123,-0.38999998569488525,4.03000020980835,4.059000015258789,4.057000160217285,4.060999870300293,4.060999870300293,4.065000057220459,nan,nan,nan,nan,nan,nan
172.27906370162964,-0.4099999964237213,4.031000137329102,4.059000015258789,4.056000232696533,4.060999870300293,4.060999870300293,4.065000057220459,nan,nan,nan,nan,nan,nan
172.45914912223816,-0.4000000059604645,4.031000137329102,4.059999942779541,4.056000232696533,4.060999870300293,4.060999870300293,4.065000057220459,nan,nan,nan,nan,nan,nan
172.6186761856079,-0.38999998569488525,4.031000137329102,4.059000015258789,4.057000160217285,4.060999870300293,4.060999870300293,4.065000057220459,nan,nan,nan,nan,nan,nan
172.79927253723145,-0.4099999964237213,4.031000137329102,4.059000015258789,4.057000160217285,4.060999870300293,4.060999870300293,4.065000057220459,nan,nan,nan,nan,nan,nan
172.95910739898682,-0.4000000059604645,4.03000020980835,4.059000015258789,4.057000160217285,4.060999870300293,4.060999870300293,4.065000057220459,nan,nan,nan,nan,nan,nan
173.1389446258545,-0.4000000059604645,4.03000020980835,4.059000015258789,4.056000232696533,4.060999870300293,4.061999797821045,4.065000057220459,nan,nan,nan,nan,nan,nan
173.3193919658661,-0.4000000059604645,4.03000020980835,4.059000015258789,4.057000160217285,4.060999870300293,4.060999870300293,4.065000057220459,nan,nan,nan,nan,nan,nan
173.48011946678162,-0.38999998569488525,4.031000137329102,4.059000015258789,4.056000232696533,4.060999870300293,4.060999870300293,4.065000057220459,nan,nan,nan,nan,nan,nan
173.65931725502014,-0.4000000059604645,4.03000020980835,4.059000015258789,4.057000160217285,4.060999870300293,4.060999870300293,4.065000057220459,nan,nan,nan,nan,nan,nan
173.82034134864807,-0.4000000059604645,4.03000020980835,4.059000015258789,4.057000160217285,4.060999870300293,4.060999870300293,4.065000057220459,nan,nan,nan,nan,nan,nan
173.99877977371216,-0.4000000059604645,4.03000020980835,4.059000015258789,4.057000160217285,4.060999870300293,4.060999870300293,4.065000057220459,nan,nan,nan,nan,nan,nan
174.17927074432373,-0.4000000059604645,4.031000137329102,4.059000015258789,4.057000160217285,4.060999870300293,4.061999797821045,4.065000057220459,nan,nan,nan,nan,nan,nan
174.34070444107056,-0.4000000059604645,4.03000020980835,4.059000015258789,4.056000232696533,4.060999870300293,4.060999870300293,4.065000057220459,nan,nan,nan,nan,nan,nan
174.52028059959412,-0.4000000059604645,4.03000020980835,4.059000015258789,4.056000232696533,4.060999870300293,4.061999797821045,4.065000057220459,nan,nan,nan,nan,nan,nan
174.7002272605896,-0.38999998569488525,4.03000020980835,4.059000015258789,4.057000160217285,4.060999870300293,4.060999870300293,4.065000057220459,nan,nan,nan,nan,nan,nan
174.85970783233643,-0.4000000059604645,4.03000020980835,4.059000015258789,4.056000232696533,4.060999870300293,4.060999870300293,4.065000057220459,nan,nan,nan,nan,nan,nan
175.0400106906891,-0.4000000059604645,4.03000020980835,4.059000015258789,4.056000232696533,4.060999870300293,4.060999870300293,4.065000057220459,nan,nan,nan,nan,nan,nan
175.19905281066895,-0.38999998569488525,4.03000020980835,4.059000015258789,4.057000160217285,4.060999870300293,4.060999870300293,4.065000057220459,nan,nan,nan,nan,nan,nan
175.37929391860962,-0.41999998688697815,4.03000020980835,4.059000015258789,4.056000232696533,4.060999870300293,4.060999870300293,4.065000057220459,nan,nan,nan,nan,nan,nan
175.55999088287354,-0.41999998688697815,4.03000020980835,4.059999942779541,4.056000232696533,4.060999870300293,4.060999870300293,4.065000057220459,nan,nan,nan,nan,nan,nan
175.71904611587524,-0.38999998569488525,4.03000020980835,4.059000015258789,4.056000232696533,4.060999870300293,4.060999870300293,4.065000057220459,nan,nan,nan,nan,nan,nan
175.89927172660828,-0.4000000059604645,4.03000020980835,4.059000015258789,4.056000232696533,4.060999870300293,4.060999870300293,4.065000057220459,nan,nan,nan,nan,nan,nan
176.0601303577423,-0.4000000059604645,4.03000020980835,4.059000015258789,4.056000232696533,4.060999870300293,4.061999797821045,4.065000057220459,nan,nan,nan,nan,nan,nan
176.2388072013855,-0.4000000059604645,4.03000020980835,4.059000015258789,4.056000232696533,4.060999870300293,4.060999870300293,4.065000057220459,nan,nan,nan,nan,nan,nan
176.41928887367249,-0.4099999964237213,4.03000020980835,4.059999942779541,4.056000232696533,4.060999870300293,4.060999870300293,4.065000057220459,nan,nan,nan,nan,nan,nan
176.5788996219635,-0.4000000059604645,4.03000020980835,4.059000015258789,4.056000232696533,4.060999870300293,4.060999870300293,4.065000057220459,nan,nan,nan,nan,nan,nan
176.75921726226807,-0.4000000059604645,4.03000020980835,4.059000015258789,4.056000232696533,4.060999870300293,4.060999870300293,4.065000057220459,nan,nan,nan,nan,nan,nan
176.9188733100891,-0.4000000059604645,4.03000020980835,4.059000015258789,4.056000232696533,4.060999870300293,4.060999870300293,4.065000057220459,nan,nan,nan,nan,nan,nan
177.09919238090515,-0.4099999964237213,4.03000020980835,4.059000015258789,4.056000232696533,4.060999870300293,4.060999870300293,4.065000057220459,nan,nan,nan,nan,nan,nan
177.27945280075073,-0.4099999964237213,4.03000020980835,4.059000015258789,4.056000232696533,4.060999870300293,4.060999870300293,4.065000057220459,nan,nan,nan,nan,nan,nan
177.43885684013367,-0.41999998688697815,4.03000020980835,4.059000015258789,4.056000232696533,4.060999870300293,4.060999870300293,4.065000057220459,nan,nan,nan,nan,nan,nan
177.61920762062073,-0.4000000059604645,4.03000020980835,4.059000015258789,4.056000232696533,4.060999870300293,4.060999870300293,4.065000057220459,nan,nan,nan,nan,nan,nan
177.79955577850342,-0.38999998569488525,4.03000020980835,4.059000015258789,4.057000160217285,4.060999870300293,4.061999797821045,4.065000057220459,nan,nan,nan,nan,nan,nan
177.95913314819336,-0.4000000059604645,4.03000020980835,4.059000015258789,4.056000232696533,4.060999870300293,4.060999870300293,4.065000057220459,nan,nan,nan,nan,nan,nan
178.1393756866455,-0.38999998569488525,4.03000020980835,4.059000015258789,4.056000232696533,4.060999870300293,4.060999870300293,4.065000057220459,nan,nan,nan,nan,nan,nan
178.3001275062561,-0.4000000059604645,4.03000020980835,4.059000015258789,4.056000232696533,4.060999870300293,4.060999870300293,4.065000057220459,nan,nan,nan,nan,nan,nan
178.47894263267517,-0.38999998569488525,4.03000020980835,4.059000015258789,4.056000232696533,4.060999870300293,4.060999870300293,4.065000057220459,nan,nan,nan,nan,nan,nan
178.65959000587463,-0.4000000059604645,4.03000020980835,4.059000015258789,4.056000232696533,4.060999870300293,4.060999870300293,4.065000057220459,nan,nan,nan,nan,nan,nan
178.82020449638367,-0.4099999964237213,4.03000020980835,4.059000015258789,4.056000232696533,4.060999870300293,4.060999870300293,4.065000057220459,nan,nan,nan,nan,nan,nan
178.9992003440857,-0.4000000059604645,4.03000020980835,4.059000015258789,4.056000232696533,4.060999870300293,4.060999870300293,4.065000057220459,nan,nan,nan,nan,nan,nan
179.158447265625,-0.4000000059604645,4.03000020980835,4.059000015258789,4.056000232696533,4.060999870300293,4.060999870300293,4.065000057220459,nan,nan,nan,nan,nan,nan
179.33902597427368,-0.4000000059604645,4.03000020980835,4.059000015258789,4.056000232696533,4.060999870300293,4.060999870300293,4.065000057220459,nan,nan,nan,nan,nan,nan
179.51917624473572,-0.4000000059604645,4.03000020980835,4.059000015258789,4.057000160217285,4.060999870300293,4.060999870300293,4.065000057220459,nan,nan,nan,nan,nan,nan
179.67884802818298,-0.4000000059604645,4.03000020980835,4.059000015258789,4.056000232696533,4.060999870300293,4.060999870300293,4.065000057220459,nan,nan,nan,nan,nan,nan
179.8593409061432,-0.4000000059604645,4.03000020980835,4.059000015258789,4.057000160217285,4.060999870300293,4.060999870300293,4.065000057220459,nan,nan,nan,nan,nan,nan
180.0396749973297,-0.4399999976158142,4.03000020980835,4.059000015258789,4.056000232696533,4.060999870300293,4.060999870300293,4.065000057220459,nan,nan,nan,nan,nan,nan
180.19926404953003,-0.4099999964237213,4.03000020980835,4.059000015258789,4.056000232696533,4.059999942779541,4.060999870300293,4.065000057220459,nan,nan,nan,nan,nan,nan
180.37917852401733,-0.4000000059604645,4.03000020980835,4.059000015258789,4.056000232696533,4.060999870300293,4.060999870300293,4.065000057220459,nan,nan,nan,nan,nan,nan
180.54018807411194,-0.4000000059604645,4.03000020980835,4.059000015258789,4.056000232696533,4.060999870300293,4.060999870300293,4.065000057220459,nan,nan,nan,nan,nan,nan
180.71899509429932,-0.38999998569488525,4.03000020980835,4.059000015258789,4.056000232696533,4.060999870300293,4.060999870300293,4.065000057220459,nan,nan,nan,nan,nan,nan
180.8992886543274,-0.4000000059604645,4.03000020980835,4.059000015258789,4.056000232696533,4.060999870300293,4.060999870300293,4.065000057220459,nan,nan,nan,nan,nan,nan
181.05901718139648,-0.4300000071525574,4.03000020980835,4.059000015258789,4.056000232696533,4.060999870300293,4.060999870300293,4.065000057220459,nan,nan,nan,nan,nan,nan
181.23957753181458,-0.4000000059604645,4.03000020980835,4.059000015258789,4.056000232696533,4.060999870300293,4.060999870300293,4.065000057220459,nan,nan,nan,nan,nan,nan
181.39894080162048,-0.4000000059604645,4.03000020980835,4.059000015258789,4.056000232696533,4.060999870300293,4.060999870300293,4.065000057220459,nan,nan,nan,nan,nan,nan
181.57961750030518,-0.38999998569488525,4.03000020980835,4.059000015258789,4.056000232696533,4.060999870300293,4.060999870300293,4.065000057220459,nan,nan,nan,nan,nan,nan
181.76018738746643,-0.4000000059604645,4.03000020980835,4.059000015258789,4.056000232696533,4.060999870300293,4.060999870300293,4.065000057220459,nan,nan,nan,nan,nan,nan
181.91948628425598,-0.38999998569488525,4.03000020980835,4.059000015258789,4.056000232696533,4.060999870300293,4.060999870300293,4.065000057220459,nan,nan,nan,nan,nan,nan
182.09979224205017,-0.41999998688697815,4.03000020980835,4.059000015258789,4.056000232696533,4.060999870300293,4.060999870300293,4.065000057220459,nan,nan,nan,nan,nan,nan
182.27864408493042,-0.4000000059604645,4.03000020980835,4.059000015258789,4.056000232696533,4.060999870300293,4.060999870300293,4.065000057220459,nan,nan,nan,nan,nan,nan
182.43864798545837,-0.4000000059604645,4.03000020980835,4.059000015258789,4.056000232696533,4.060999870300293,4.060999870300293,4.065000057220459,nan,nan,nan,nan,nan,nan
182.61884689331055,-0.4000000059604645,4.03000020980835,4.059000015258789,4.056000232696533,4.060999870300293,4.060999870300293,4.065000057220459,nan,nan,nan,nan,nan,nan
182.77987098693848,-0.3799999952316284,4.03000020980835,4.059000015258789,4.056000232696533,4.060999870300293,4.061999797821045,4.065000057220459,nan,nan,nan,nan,nan,nan
182.95992493629456,-0.4000000059604645,4.03000020980835,4.059000015258789,4.056000232696533,4.060999870300293,4.060999870300293,4.065000057220459,nan,nan,nan,nan,nan,nan
183.1387197971344,-0.4000000059604645,4.03000020980835,4.059000015258789,4.056000232696533,4.060999870300293,4.060999870300293,4.065000057220459,nan,nan,nan,nan,nan,nan
183.29989051818848,-0.4000000059604645,4.03000020980835,4.059000015258789,4.056000232696533,4.060999870300293,4.060999870300293,4.065000057220459,nan,nan,nan,nan,nan,nan
183.4786217212677,-0.4000000059604645,4.03000020980835,4.059000015258789,4.056000232696533,4.060999870300293,4.060999870300293,4.065000057220459,nan,nan,nan,nan,nan,nan
183.65884947776794,-0.4099999964237213,4.03000020980835,4.059000015258789,4.056000232696533,4.059999942779541,4.060999870300293,4.065000057220459,nan,nan,nan,nan,nan,nan
183.82009530067444,-0.38999998569488525,4.03000020980835,4.059000015258789,4.056000232696533,4.060999870300293,4.060999870300293,4.065000057220459,nan,nan,nan,nan,nan,nan
183.99873733520508,-0.4000000059604645,4.03000020980835,4.059000015258789,4.056000232696533,4.060999870300293,4.060999870300293,4.065000057220459,nan,nan,nan,nan,nan,nan
184.16006207466125,-0.4099999964237213,4.03000020980835,4.059000015258789,4.056000232696533,4.060999870300293,4.060999870300293,4.065000057220459,nan,nan,nan,nan,nan,nan
184.34013152122498,-0.38999998569488525,4.03000020980835,4.059000015258789,4.056000232696533,4.060999870300293,4.060999870300293,4.065000057220459,nan,nan,nan,nan,nan,nan
184.51904892921448,-0.4000000059604645,4.03000020980835,4.059000015258789,4.056000232696533,4.060999870300293,4.060999870300293,4.065000057220459,nan,nan,nan,nan,nan,nan
184.6799943447113,-0.4000000059604645,4.03000020980835,4.059000015258789,4.056000232696533,4.059999942779541,4.060999870300293,4.065000057220459,nan,nan,nan,nan,nan,nan
184.85983395576477,-0.4000000059604645,4.03000020980835,4.059000015258789,4.056000232696533,4.060999870300293,4.060999870300293,4.065000057220459,nan,nan,nan,nan,nan,nan
185.01938247680664,-0.4099999964237213,4.03000020980835,4.059000015258789,4.056000232696533,4.060999870300293,4.060999870300293,4.065000057220459,nan,nan,nan,nan,nan,nan
185.1994252204895,-0.4000000059604645,4.03000020980835,4.059000015258789,4.056000232696533,4.060999870300293,4.060999870300293,4.065000057220459,nan,nan,nan,nan,nan,nan
185.3797619342804,-0.4000000059604645,4.03000020980835,4.059000015258789,4.056000232696533,4.060999870300293,4.060999870300293,4.065000057220459,nan,nan,nan,nan,nan,nan
185.5394151210785,-0.41999998688697815,4.03000020980835,4.059000015258789,4.056000232696533,4.060999870300293,4.060999870300293,4.065000057220459,nan,nan,nan,nan,nan,nan
185.71973848342896,-0.4000000059604645,4.03000020980835,4.059000015258789,4.056000232696533,4.060999870300293,4.060999870300293,4.065000057220459,nan,nan,nan,nan,nan,nan
185.87942099571228,-0.4000000059604645,4.03000020980835,4.059000015258789,4.056000232696533,4.060999870300293,4.060999870300293,4.065000057220459,nan,nan,nan,nan,nan,nan
186.05970335006714,-0.4099999964237213,4.03000020980835,4.059000015258789,4.056000232696533,4.060999870300293,4.060999870300293,4.065000057220459,nan,nan,nan,nan,nan,nan
186.23980331420898,-0.4000000059604645,4.03000020980835,4.059000015258789,4.056000232696533,4.060999870300293,4.060999870300293,4.065000057220459,nan,nan,nan,nan,nan,nan
186.39926767349243,-0.4000000059604645,4.03000020980835,4.059000015258789,4.056000232696533,4.060999870300293,4.060999870300293,4.065000057220459,nan,nan,nan,nan,nan,nan
186.58024740219116,-0.41999998688697815,4.03000020980835,4.059000015258789,4.056000232696533,4.060999870300293,4.060999870300293,4.065000057220459,nan,nan,nan,nan,nan,nan
186.7601203918457,-0.4000000059604645,4.03000020980835,4.059000015258789,4.056000232696533,4.059999942779541,4.060999870300293,4.065000057220459,nan,nan,nan,nan,nan,nan
186.91992783546448,-0.4000000059604645,4.03000020980835,4.059000015258789,4.056000232696533,4.059999942779541,4.060999870300293,4.065000057220459,nan,nan,nan,nan,nan,nan
187.10048055648804,-0.4000000059604645,4.03000020980835,4.059000015258789,4.056000232696533,4.060999870300293,4.060999870300293,4.065000057220459,nan,nan,nan,nan,nan,nan
187.25945258140564,-0.4000000059604645,4.03000020980835,4.059000015258789,4.056000232696533,4.060999870300293,4.060999870300293,4.065000057220459,nan,nan,nan,nan,nan,nan
187.43980526924133,-0.4099999964237213,4.03000020980835,4.059000015258789,4.056000232696533,4.060999870300293,4.060999870300293,4.065000057220459,nan,nan,nan,nan,nan,nan
187.6187915802002,-0.4000000059604645,4.03000020980835,4.059000015258789,4.056000232696533,4.059999942779541,4.060999870300293,4.065000057220459,nan,nan,nan,nan,nan,nan
187.77991604804993,-0.4000000059604645,4.03000020980835,4.059000015258789,4.056000232696533,4.060999870300293,4.060999870300293,4.065000057220459,nan,nan,nan,nan,nan,nan
187.95901703834534,-0.4000000059604645,4.03000020980835,4.059000015258789,4.056000232696533,4.059999942779541,4.060999870300293,4.065000057220459,nan,nan,nan,nan,nan,nan
188.1406660079956,-0.4000000059604645,4.03000020980835,4.059000015258789,4.056000232696533,4.060999870300293,4.060999870300293,4.065000057220459,nan,nan,nan,nan,nan,nan
188.29989576339722,-0.4000000059604645,4.03000020980835,4.059000015258789,4.056000232696533,4.059999942779541,4.060999870300293,4.065000057220459,nan,nan,nan,nan,nan,nan
188.47866582870483,-0.4000000059604645,4.03000020980835,4.059000015258789,4.056000232696533,4.060999870300293,4.060999870300293,4.065000057220459,nan,nan,nan,nan,nan,nan
188.63993978500366,-0.4099999964237213,4.03000020980835,4.059000015258789,4.056000232696533,4.060999870300293,4.060999870300293,4.065000057220459,nan,nan,nan,nan,nan,nan
188.81861996650696,-0.4000000059604645,4.03000020980835,4.059000015258789,4.056000232696533,4.060999870300293,4.060999870300293,4.065000057220459,nan,nan,nan,nan,nan,nan
188.99908185005188,-0.4000000059604645,4.03000020980835,4.059000015258789,4.056000232696533,4.060999870300293,4.060999870300293,4.065000057220459,nan,nan,nan,nan,nan,nan
189.15852165222168,-0.4000000059604645,4.03000020980835,4.059000015258789,4.056000232696533,4.059999942779541,4.060999870300293,4.065000057220459,nan,nan,nan,nan,nan,nan
189.33932399749756,-0.4000000059604645,4.03000020980835,4.059000015258789,4.056000232696533,4.060999870300293,4.060999870300293,4.065000057220459,nan,nan,nan,nan,nan,nan
189.49881315231323,-0.4000000059604645,4.03000020980835,4.059000015258789,4.056000232696533,4.060999870300293,4.060999870300293,4.065000057220459,nan,nan,nan,nan,nan,nan
189.67879128456116,-0.4000000059604645,4.03000020980835,4.059000015258789,4.056000232696533,4.059999942779541,4.060999870300293,4.065000057220459,nan,nan,nan,nan,nan,nan
189.85938119888306,-0.4000000059604645,4.03000020980835,4.059000015258789,4.056000232696533,4.060999870300293,4.060999870300293,4.065000057220459,nan,nan,nan,nan,nan,nan
190.01909518241882,-0.4000000059604645,4.03000020980835,4.059000015258789,4.056000232696533,4.060999870300293,4.060999870300293,4.065000057220459,nan,nan,nan,nan,nan,nan
190.19915103912354,-0.4000000059604645,4.03000020980835,4.059000015258789,4.056000232696533,4.059999942779541,4.060999870300293,4.065000057220459,nan,nan,nan,nan,nan,nan
190.37949299812317,-0.4000000059604645,4.03000020980835,4.059000015258789,4.056000232696533,4.060999870300293,4.060999870300293,4.065000057220459,nan,nan,nan,nan,nan,nan
190.5389609336853,-0.4000000059604645,4.03000020980835,4.059000015258789,4.056000232696533,4.059999942779541,4.060999870300293,4.065000057220459,nan,nan,nan,nan,nan,nan
190.71943521499634,-0.4000000059604645,4.03000020980835,4.059000015258789,4.056000232696533,4.060999870300293,4.060999870300293,4.065000057220459,nan,nan,nan,nan,nan,nan
190.87884736061096,-0.4000000059604645,4.03000020980835,4.059000015258789,4.056000232696533,4.060999870300293,4.060999870300293,4.065000057220459,nan,nan,nan,nan,nan,nan
191.05917048454285,-0.4099999964237213,4.03000020980835,4.059000015258789,4.056000232696533,4.060999870300293,4.060999870300293,4.065000057220459,nan,nan,nan,nan,nan,nan
191.23962450027466,-0.38999998569488525,4.03000020980835,4.059000015258789,4.056000232696533,4.060999870300293,4.060999870300293,4.065000057220459,nan,nan,nan,nan,nan,nan
191.3992338180542,-0.4000000059604645,4.03000020980835,4.059000015258789,4.056000232696533,4.060999870300293,4.060999870300293,4.065000057220459,nan,nan,nan,nan,nan,nan
191.5810787677765,-0.38999998569488525,4.03000020980835,4.059000015258789,4.056000232696533,4.059999942779541,4.060999870300293,4.065000057220459,nan,nan,nan,nan,nan,nan
191.73905658721924,-0.4000000059604645,4.03000020980835,4.059000015258789,4.056000232696533,4.059999942779541,4.060999870300293,4.065000057220459,nan,nan,nan,nan,nan,nan
191.9193856716156,-0.3799999952316284,4.03000020980835,4.059000015258789,4.056000232696533,4.059999942779541,4.060999870300293,4.065000057220459,nan,nan,nan,nan,nan,nan
192.0995192527771,-0.4000000059604645,4.03000020980835,4.059000015258789,4.056000232696533,4.059999942779541,4.060999870300293,4.065000057220459,nan,nan,nan,nan,nan,nan
192.25887894630432,-0.4099999964237213,4.03000020980835,4.059000015258789,4.056000232696533,4.059999942779541,4.060999870300293,4.065000057220459,nan,nan,nan,nan,nan,nan
192.4395341873169,-0.4000000059604645,4.03000020980835,4.059000015258789,4.056000232696533,4.059999942779541,4.060999870300293,4.065000057220459,nan,nan,nan,nan,nan,nan
192.61982131004333,-0.4099999964237213,4.03000020980835,4.059000015258789,4.056000232696533,4.059999942779541,4.060999870300293,4.065000057220459,nan,nan,nan,nan,nan,nan
192.77978420257568,-0.4000000059604645,4.03000020980835,4.059000015258789,4.056000232696533,4.059999942779541,4.060999870300293,4.065000057220459,nan,nan,nan,nan,nan,nan
192.9601709842682,-0.4000000059604645,4.03000020980835,4.059000015258789,4.056000232696533,4.059999942779541,4.060999870300293,4.065000057220459,nan,nan,nan,nan,nan,nan
193.11912298202515,-0.4000000059604645,4.03000020980835,4.059000015258789,4.056000232696533,4.059999942779541,4.060999870300293,4.065000057220459,nan,nan,nan,nan,nan,nan
193.30088925361633,-0.4000000059604645,4.0289998054504395,4.059000015258789,4.056000232696533,4.060999870300293,4.060999870300293,4.065000057220459,nan,nan,nan,nan,nan,nan
193.4799554347992,-0.38999998569488525,4.03000020980835,4.059000015258789,4.056000232696533,4.059999942779541,4.060999870300293,4.065000057220459,nan,nan,nan,nan,nan,nan
193.63932061195374,-0.4000000059604645,4.03000020980835,4.059000015258789,4.056000232696533,4.060999870300293,4.060999870300293,4.065000057220459,nan,nan,nan,nan,nan,nan
193.819730758667,-0.38999998569488525,4.03000020980835,4.059000015258789,4.056000232696533,4.060999870300293,4.060999870300293,4.065000057220459,nan,nan,nan,nan,nan,nan
193.97940850257874,-0.4099999964237213,4.03000020980835,4.059000015258789,4.056000232696533,4.059999942779541,4.060999870300293,4.065000057220459,nan,nan,nan,nan,nan,nan
194.159245967865,-0.4000000059604645,4.03000020980835,4.059000015258789,4.056000232696533,4.059999942779541,4.060999870300293,4.065000057220459,nan,nan,nan,nan,nan,nan
194.34112310409546,-0.4000000059604645,4.03000020980835,4.059000015258789,4.056000232696533,4.060999870300293,4.060999870300293,4.065000057220459,nan,nan,nan,nan,nan,nan
194.4993188381195,-0.4000000059604645,4.03000020980835,4.059000015258789,4.056000232696533,4.060999870300293,4.060999870300293,4.065000057220459,nan,nan,nan,nan,nan,nan
194.68068957328796,-0.4000000059604645,4.03000020980835,4.059000015258789,4.056000232696533,4.059999942779541,4.060999870300293,4.065000057220459,nan,nan,nan,nan,nan,nan
194.85933136940002,-0.4000000059604645,4.03000020980835,4.059000015258789,4.056000232696533,4.059999942779541,4.060999870300293,4.065000057220459,nan,nan,nan,nan,nan,nan
195.0204632282257,-0.41999998688697815,4.03000020980835,4.059000015258789,4.056000232696533,4.059999942779541,4.060999870300293,4.065000057220459,nan,nan,nan,nan,nan,nan
195.19894552230835,-0.4099999964237213,4.03000020980835,4.059000015258789,4.056000232696533,4.059999942779541,4.060999870300293,4.065000057220459,nan,nan,nan,nan,nan,nan
195.3585774898529,-0.4099999964237213,4.03000020980835,4.059000015258789,4.056000232696533,4.059999942779541,4.060999870300293,4.065000057220459,nan,nan,nan,nan,nan,nan
195.53899836540222,-0.4000000059604645,4.03000020980835,4.059000015258789,4.056000232696533,4.059999942779541,4.060999870300293,4.065000057220459,nan,nan,nan,nan,nan,nan
195.71932578086853,-0.38999998569488525,4.03000020980835,4.059000015258789,4.056000232696533,4.060999870300293,4.060999870300293,4.065000057220459,nan,nan,nan,nan,nan,nan
195.87897300720215,-0.4099999964237213,4.0289998054504395,4.059000015258789,4.056000232696533,4.059999942779541,4.060999870300293,4.065000057220459,nan,nan,nan,nan,nan,nan
196.05944919586182,-0.4000000059604645,4.0289998054504395,4.059000015258789,4.056000232696533,4.059999942779541,4.060999870300293,4.065000057220459,nan,nan,nan,nan,nan,nan
196.2189223766327,-0.4000000059604645,4.0289998054504395,4.059000015258789,4.056000232696533,4.060999870300293,4.060999870300293,4.065000057220459,nan,nan,nan,nan,nan,nan
196.39885926246643,-0.4000000059604645,4.0289998054504395,4.059000015258789,4.056000232696533,4.059999942779541,4.060999870300293,4.065000057220459,nan,nan,nan,nan,nan,nan
196.5795934200287,-0.4000000059604645,4.03000020980835,4.059000015258789,4.056000232696533,4.059999942779541,4.060999870300293,4.065000057220459,nan,nan,nan,nan,nan,nan
196.7403678894043,-0.3700000047683716,4.03000020980835,4.059000015258789,4.056000232696533,4.059999942779541,4.060999870300293,4.065000057220459,nan,nan,nan,nan,nan,nan
196.91936802864075,-0.4000000059604645,4.0289998054504395,4.059000015258789,4.056000232696533,4.059999942779541,4.060999870300293,4.065000057220459,nan,nan,nan,nan,nan,nan
197.09899067878723,-0.4000000059604645,4.03000020980835,4.059000015258789,4.056000232696533,4.059999942779541,4.060999870300293,4.065000057220459,nan,nan,nan,nan,nan,nan
197.26006746292114,-0.4000000059604645,4.03000020980835,4.059000015258789,4.056000232696533,4.059999942779541,4.060999870300293,4.065000057220459,nan,nan,nan,nan,nan,nan
197.44020676612854,-0.4000000059604645,4.03000020980835,4.059000015258789,4.056000232696533,4.059999942779541,4.060999870300293,4.065000057220459,nan,nan,nan,nan,nan,nan
197.6000325679779,-0.4000000059604645,4.0289998054504395,4.059000015258789,4.056000232696533,4.059999942779541,4.060999870300293,4.065000057220459,nan,nan,nan,nan,nan,nan
197.780033826828,-0.4000000059604645,4.03000020980835,4.059000015258789,4.056000232696533,4.059999942779541,4.060999870300293,4.065000057220459,nan,nan,nan,nan,nan,nan
197.95867943763733,-0.4000000059604645,4.0289998054504395,4.059000015258789,4.056000232696533,4.059999942779541,4.060999870300293,4.065000057220459,nan,nan,nan,nan,nan,nan
198.11979055404663,-0.4000000059604645,4.0289998054504395,4.059000015258789,4.056000232696533,4.059999942779541,4.060999870300293,4.065000057220459,nan,nan,nan,nan,nan,nan
198.3000750541687,-0.4000000059604645,4.03000020980835,4.059000015258789,4.056000232696533,4.059999942779541,4.060999870300293,4.065000057220459,nan,nan,nan,nan,nan,nan
198.45971012115479,-0.4000000059604645,4.03000020980835,4.059000015258789,4.056000232696533,4.059999942779541,4.060999870300293,4.065000057220459,nan,nan,nan,nan,nan,nan
198.64013981819153,-0.4000000059604645,4.03000020980835,4.059000015258789,4.056000232696533,4.059999942779541,4.060999870300293,4.065000057220459,nan,nan,nan,nan,nan,nan
198.82021522521973,-0.4300000071525574,4.0289998054504395,4.059000015258789,4.056000232696533,4.059999942779541,4.060999870300293,4.065000057220459,nan,nan,nan,nan,nan,nan
198.98138880729675,-0.4000000059604645,4.03000020980835,4.059000015258789,4.056000232696533,4.059999942779541,4.060999870300293,4.065000057220459,nan,nan,nan,nan,nan,nan
199.16153931617737,-0.4099999964237213,4.0289998054504395,4.059000015258789,4.056000232696533,4.059999942779541,4.060999870300293,4.065000057220459,nan,nan,nan,nan,nan,nan
199.32185435295105,-0.4000000059604645,4.0289998054504395,4.059000015258789,4.056000232696533,4.059999942779541,4.060999870300293,4.065000057220459,nan,nan,nan,nan,nan,nan
199.5020306110382,-0.4000000059604645,4.03000020980835,4.059000015258789,4.056000232696533,4.060999870300293,4.060999870300293,4.065000057220459,nan,nan,nan,nan,nan,nan
199.6797239780426,-0.4099999964237213,4.0289998054504395,4.059000015258789,4.056000232696533,4.059999942779541,4.060999870300293,4.065000057220459,nan,nan,nan,nan,nan,nan
199.84041452407837,-2.0899999141693115,4.0269999504089355,4.056000232696533,4.052999973297119,4.059999942779541,4.060999870300293,4.065000057220459,nan,nan,nan,nan,nan,nan
200.01967597007751,-0.7900000214576721,4.0289998054504395,4.058000087738037,4.054999828338623,4.059999942779541,4.059999942779541,4.064000129699707,nan,nan,nan,nan,nan,nan
200.19975304603577,-0.5899999737739563,4.0289998054504395,4.058000087738037,4.054999828338623,4.059000015258789,4.059999942779541,4.064000129699707,nan,nan,nan,nan,nan,nan
200.36050748825073,-0.6000000238418579,4.0279998779296875,4.058000087738037,4.054999828338623,4.059000015258789,4.059999942779541,4.064000129699707,nan,nan,nan,nan,nan,nan
200.54082584381104,-0.6399999856948853,4.0289998054504395,4.058000087738037,4.054999828338623,4.059000015258789,4.059999942779541,4.064000129699707,nan,nan,nan,nan,nan,nan
200.70019626617432,-0.6000000238418579,4.0289998054504395,4.058000087738037,4.054999828338623,4.059000015258789,4.059999942779541,4.064000129699707,nan,nan,nan,nan,nan,nan
200.88094449043274,-0.550000011920929,4.0289998054504395,4.058000087738037,4.054999828338623,4.059000015258789,4.059999942779541,4.064000129699707,nan,nan,nan,nan,nan,nan
201.05932998657227,-0.6299999952316284,4.0279998779296875,4.058000087738037,4.054999828338623,4.059000015258789,4.059999942779541,4.064000129699707,nan,nan,nan,nan,nan,nan
201.21866178512573,-0.6899999976158142,4.0279998779296875,4.058000087738037,4.054999828338623,4.059000015258789,4.059999942779541,4.064000129699707,nan,nan,nan,nan,nan,nan
201.39917969703674,-0.6700000166893005,4.0279998779296875,4.058000087738037,4.054999828338623,4.059000015258789,4.059999942779541,4.064000129699707,nan,nan,nan,nan,nan,nan
201.55859088897705,-0.6100000143051147,4.0289998054504395,4.058000087738037,4.054999828338623,4.059000015258789,4.059999942779541,4.064000129699707,nan,nan,nan,nan,nan,nan
201.73921656608582,-0.7599999904632568,4.0289998054504395,4.058000087738037,4.054999828338623,4.059000015258789,4.059999942779541,4.064000129699707,nan,nan,nan,nan,nan,nan
201.91968703269958,-0.6700000166893005,4.0289998054504395,4.058000087738037,4.053999900817871,4.059000015258789,4.059999942779541,4.064000129699707,nan,nan,nan,nan,nan,nan
202.07873225212097,-0.5799999833106995,4.0289998054504395,4.058000087738037,4.054999828338623,4.059000015258789,4.059999942779541,4.064000129699707,nan,nan,nan,nan,nan,nan
202.25905776023865,-0.699999988079071,4.0289998054504395,4.058000087738037,4.054999828338623,4.059000015258789,4.059999942779541,4.064000129699707,nan,nan,nan,nan,nan,nan
202.44097304344177,-0.699999988079071,4.0289998054504395,4.058000087738037,4.054999828338623,4.059000015258789,4.059999942779541,4.064000129699707,nan,nan,nan,nan,nan,nan
202.59905529022217,-0.6499999761581421,4.0279998779296875,4.058000087738037,4.054999828338623,4.059000015258789,4.059999942779541,4.064000129699707,nan,nan,nan,nan,nan,nan
202.77928066253662,-0.4099999964237213,4.0279998779296875,4.058000087738037,4.054999828338623,4.059000015258789,4.059999942779541,4.064000129699707,nan,nan,nan,nan,nan,nan
202.9388382434845,-0.4000000059604645,4.0289998054504395,4.058000087738037,4.056000232696533,4.059999942779541,4.060999870300293,4.064000129699707,nan,nan,nan,nan,nan,nan
203.12008666992188,-0.4000000059604645,4.0289998054504395,4.059000015258789,4.054999828338623,4.059999942779541,4.060999870300293,4.065000057220459,nan,nan,nan,nan,nan,nan
203.30009937286377,-0.4399999976158142,4.0289998054504395,4.058000087738037,4.054999828338623,4.059999942779541,4.059999942779541,4.064000129699707,nan,nan,nan,nan,nan,nan
203.45953917503357,-0.38999998569488525,4.0289998054504395,4.059000015258789,4.056000232696533,4.059999942779541,4.059999942779541,4.064000129699707,nan,nan,nan,nan,nan,nan
203.63974857330322,-0.4099999964237213,4.0289998054504395,4.059000015258789,4.054999828338623,4.059999942779541,4.059999942779541,4.064000129699707,nan,nan,nan,nan,nan,nan
203.79923343658447,-0.4000000059604645,4.0289998054504395,4.059000015258789,4.056000232696533,4.059999942779541,4.059999942779541,4.064000129699707,nan,nan,nan,nan,nan,nan
203.97977781295776,-0.4000000059604645,4.0289998054504395,4.058000087738037,4.056000232696533,4.059999942779541,4.060999870300293,4.065000057220459,nan,nan,nan,nan,nan,nan
204.1593894958496,-0.4000000059604645,4.0289998054504395,4.058000087738037,4.056000232696533,4.059999942779541,4.060999870300293,4.065000057220459,nan,nan,nan,nan,nan,nan
204.3190574645996,-0.4000000059604645,4.0289998054504395,4.058000087738037,4.056000232696533,4.059999942779541,4.059999942779541,4.065000057220459,nan,nan,nan,nan,nan,nan
204.50081038475037,-0.4000000059604645,4.0289998054504395,4.058000087738037,4.056000232696533,4.059999942779541,4.059999942779541,4.065000057220459,nan,nan,nan,nan,nan,nan
204.65880155563354,-0.4000000059604645,4.0289998054504395,4.058000087738037,4.056000232696533,4.059999942779541,4.059999942779541,4.064000129699707,nan,nan,nan,nan,nan,nan
204.83938837051392,-0.4000000059604645,4.0289998054504395,4.058000087738037,4.054999828338623,4.059999942779541,4.060999870300293,4.065000057220459,nan,nan,nan,nan,nan,nan
205.01935505867004,-0.38999998569488525,4.0289998054504395,4.059000015258789,4.054999828338623,4.059999942779541,4.059999942779541,4.065000057220459,nan,nan,nan,nan,nan,nan
205.17900705337524,-0.4000000059604645,4.0289998054504395,4.058000087738037,4.054999828338623,4.059999942779541,4.059999942779541,4.065000057220459,nan,nan,nan,nan,nan,nan
205.3594832420349,-0.4000000059604645,4.0289998054504395,4.058000087738037,4.056000232696533,4.059999942779541,4.060999870300293,4.064000129699707,nan,nan,nan,nan,nan,nan
205.53963565826416,-0.4000000059604645,4.0289998054504395,4.059000015258789,4.056000232696533,4.059999942779541,4.059999942779541,4.064000129699707,nan,nan,nan,nan,nan,nan
205.69904446601868,-0.4000000059604645,4.0289998054504395,4.059000015258789,4.056000232696533,4.059999942779541,4.060999870300293,4.065000057220459,nan,nan,nan,nan,nan,nan
205.87967085838318,-0.41999998688697815,4.0289998054504395,4.058000087738037,4.056000232696533,4.059999942779541,4.059999942779541,4.064000129699707,nan,nan,nan,nan,nan,nan
206.03948831558228,-0.41999998688697815,4.0289998054504395,4.059000015258789,4.054999828338623,4.059999942779541,4.059999942779541,4.064000129699707,nan,nan,nan,nan,nan,nan
206.22002053260803,-0.4000000059604645,4.0289998054504395,4.058000087738037,4.056000232696533,4.059999942779541,4.059999942779541,4.065000057220459,nan,nan,nan,nan,nan,nan
206.39988374710083,-0.4000000059604645,4.0289998054504395,4.059000015258789,4.056000232696533,4.059999942779541,4.059999942779541,4.065000057220459,nan,nan,nan,nan,nan,nan
206.55933237075806,-0.4099999964237213,4.0289998054504395,4.058000087738037,4.056000232696533,4.059999942779541,4.059999942779541,4.064000129699707,nan,nan,nan,nan,nan,nan
206.7397906780243,-0.4000000059604645,4.0289998054504395,4.058000087738037,4.056000232696533,4.059999942779541,4.059999942779541,4.065000057220459,nan,nan,nan,nan,nan,nan
206.8991253376007,-0.4000000059604645,4.0289998054504395,4.059000015258789,4.054999828338623,4.059999942779541,4.060999870300293,4.064000129699707,nan,nan,nan,nan,nan,nan
207.0790832042694,-0.4099999964237213,4.0289998054504395,4.059000015258789,4.056000232696533,4.059999942779541,4.060999870300293,4.064000129699707,nan,nan,nan,nan,nan,nan
207.25957083702087,-0.4099999964237213,4.0289998054504395,4.059000015258789,4.056000232696533,4.059999942779541,4.059999942779541,4.064000129699707,nan,nan,nan,nan,nan,nan
207.4189736843109,-0.4000000059604645,4.0289998054504395,4.058000087738037,4.056000232696533,4.059999942779541,4.059999942779541,4.065000057220459,nan,nan,nan,nan,nan,nan
207.5994884967804,-0.4000000059604645,4.0289998054504395,4.058000087738037,4.056000232696533,4.059999942779541,4.060999870300293,4.064000129699707,nan,nan,nan,nan,nan,nan
207.7803077697754,-0.4000000059604645,4.0289998054504395,4.059000015258789,4.054999828338623,4.059999942779541,4.059999942779541,4.065000057220459,nan,nan,nan,nan,nan,nan
207.93930768966675,-0.4000000059604645,4.0289998054504395,4.058000087738037,4.056000232696533,4.059999942779541,4.059999942779541,4.064000129699707,nan,nan,nan,nan,nan,nan
208.11975073814392,-0.4000000059604645,4.0289998054504395,4.058000087738037,4.056000232696533,4.059999942779541,4.059999942779541,4.065000057220459,nan,nan,nan,nan,nan,nan
208.27963948249817,-0.4000000059604645,4.0289998054504395,4.059000015258789,4.056000232696533,4.059999942779541,4.059999942779541,4.065000057220459,nan,nan,nan,nan,nan,nan
208.45941424369812,-0.4000000059604645,4.0289998054504395,4.059000015258789,4.054999828338623,4.059999942779541,4.059999942779541,4.065000057220459,nan,nan,nan,nan,nan,nan
208.63983726501465,-0.41999998688697815,4.0289998054504395,4.059000015258789,4.056000232696533,4.059999942779541,4.059999942779541,4.065000057220459,nan,nan,nan,nan,nan,nan
208.79938125610352,-0.4000000059604645,4.0289998054504395,4.058000087738037,4.054999828338623,4.059999942779541,4.060999870300293,4.065000057220459,nan,nan,nan,nan,nan,nan
208.97939324378967,-0.38999998569488525,4.0289998054504395,4.058000087738037,4.056000232696533,4.059999942779541,4.059999942779541,4.064000129699707,nan,nan,nan,nan,nan,nan
209.15879034996033,-0.41999998688697815,4.0289998054504395,4.059000015258789,4.056000232696533,4.059999942779541,4.059999942779541,4.064000129699707,nan,nan,nan,nan,nan,nan
209.3201403617859,-0.4000000059604645,4.0289998054504395,4.059000015258789,4.054999828338623,4.059999942779541,4.059999942779541,4.064000129699707,nan,nan,nan,nan,nan,nan
209.4986171722412,-0.41999998688697815,4.0289998054504395,4.058000087738037,4.054999828338623,4.059999942779541,4.059999942779541,4.064000129699707,nan,nan,nan,nan,nan,nan
209.65967845916748,-0.4300000071525574,4.0289998054504395,4.058000087738037,4.054999828338623,4.059999942779541,4.059999942779541,4.064000129699707,nan,nan,nan,nan,nan,nan
209.8398289680481,-0.4099999964237213,4.0289998054504395,4.058000087738037,4.054999828338623,4.059999942779541,4.059999942779541,4.065000057220459,nan,nan,nan,nan,nan,nan
210.01877117156982,-0.41999998688697815,4.0289998054504395,4.059000015258789,4.054999828338623,4.059999942779541,4.059999942779541,4.064000129699707,nan,nan,nan,nan,nan,nan
210.1798975467682,-0.4099999964237213,4.0289998054504395,4.059000015258789,4.054999828338623,4.059999942779541,4.059999942779541,4.064000129699707,nan,nan,nan,nan,nan,nan
210.35895657539368,-0.4300000071525574,4.0289998054504395,4.059000015258789,4.054999828338623,4.059999942779541,4.059999942779541,4.064000129699707,nan,nan,nan,nan,nan,nan
210.51999950408936,-0.4300000071525574,4.0289998054504395,4.058000087738037,4.054999828338623,4.059999942779541,4.059999942779541,4.064000129699707,nan,nan,nan,nan,nan,nan
210.70033264160156,-0.41999998688697815,4.0289998054504395,4.058000087738037,4.054999828338623,4.059999942779541,4.059999942779541,4.064000129699707,nan,nan,nan,nan,nan,nan
210.87914514541626,-0.41999998688697815,4.0289998054504395,4.058000087738037,4.054999828338623,4.059999942779541,4.059999942779541,4.065000057220459,nan,nan,nan,nan,nan,nan
211.0384271144867,-0.4300000071525574,4.0289998054504395,4.058000087738037,4.054999828338623,4.059999942779541,4.059999942779541,4.064000129699707,nan,nan,nan,nan,nan,nan
211.21877121925354,-0.4300000071525574,4.0289998054504395,4.058000087738037,4.054999828338623,4.059999942779541,4.059999942779541,4.064000129699707,nan,nan,nan,nan,nan,nan
211.39913535118103,-0.4000000059604645,4.0289998054504395,4.058000087738037,4.056000232696533,4.059999942779541,4.059999942779541,4.065000057220459,nan,nan,nan,nan,nan,nan
211.55888295173645,-0.4300000071525574,4.0289998054504395,4.058000087738037,4.054999828338623,4.059999942779541,4.059999942779541,4.064000129699707,nan,nan,nan,nan,nan,nan
211.73945498466492,-0.41999998688697815,4.0289998054504395,4.058000087738037,4.054999828338623,4.059999942779541,4.059999942779541,4.064000129699707,nan,nan,nan,nan,nan,nan
211.899995803833,-0.41999998688697815,4.0289998054504395,4.058000087738037,4.056000232696533,4.059999942779541,4.059999942779541,4.065000057220459,nan,nan,nan,nan,nan,nan
212.0791139602661,-0.41999998688697815,4.0289998054504395,4.058000087738037,4.054999828338623,4.059999942779541,4.059999942779541,4.064000129699707,nan,nan,nan,nan,nan,nan
212.2593641281128,-0.41999998688697815,4.0289998054504395,4.058000087738037,4.054999828338623,4.059999942779541,4.059999942779541,4.065000057220459,nan,nan,nan,nan,nan,nan
212.41917872428894,-0.4300000071525574,4.0289998054504395,4.058000087738037,4.054999828338623,4.059999942779541,4.059999942779541,4.064000129699707,nan,nan,nan,nan,nan,nan
212.59966230392456,-0.4300000071525574,4.0279998779296875,4.058000087738037,4.054999828338623,4.059999942779541,4.059999942779541,4.064000129699707,nan,nan,nan,nan,nan,nan
212.7590470314026,-0.4300000071525574,4.0289998054504395,4.058000087738037,4.054999828338623,4.059999942779541,4.060999870300293,4.064000129699707,nan,nan,nan,nan,nan,nan
212.93932127952576,-0.41999998688697815,4.0289998054504395,4.058000087738037,4.054999828338623,4.059999942779541,4.059999942779541,4.064000129699707,nan,nan,nan,nan,nan,nan
213.11942958831787,-0.41999998688697815,4.0289998054504395,4.058000087738037,4.054999828338623,4.059999942779541,4.059999942779541,4.065000057220459,nan,nan,nan,nan,nan,nan
213.27885222434998,-0.4300000071525574,4.0289998054504395,4.058000087738037,4.054999828338623,4.059999942779541,4.059999942779541,4.065000057220459,nan,nan,nan,nan,nan,nan
213.45920252799988,-0.4000000059604645,4.0289998054504395,4.058000087738037,4.054999828338623,4.059999942779541,4.059999942779541,4.065000057220459,nan,nan,nan,nan,nan,nan
213.6396234035492,-0.4000000059604645,4.0289998054504395,4.059000015258789,4.054999828338623,4.059999942779541,4.059999942779541,4.065000057220459,nan,nan,nan,nan,nan,nan
213.79908514022827,-0.4000000059604645,4.0289998054504395,4.059000015258789,4.054999828338623,4.059999942779541,4.059999942779541,4.064000129699707,nan,nan,nan,nan,nan,nan
213.97925662994385,-0.4000000059604645,4.0289998054504395,4.058000087738037,4.054999828338623,4.059999942779541,4.059999942779541,4.064000129699707,nan,nan,nan,nan,nan,nan
214.139014005661,-0.38999998569488525,4.0289998054504395,4.059000015258789,4.054999828338623,4.059999942779541,4.059999942779541,4.065000057220459,nan,nan,nan,nan,nan,nan
214.31941032409668,-0.4000000059604645,4.0289998054504395,4.059000015258789,4.054999828338623,4.059999942779541,4.059999942779541,4.064000129699707,nan,nan,nan,nan,nan,nan
214.499990940094,-0.4099999964237213,4.0289998054504395,4.058000087738037,4.054999828338623,4.059999942779541,4.059999942779541,4.065000057220459,nan,nan,nan,nan,nan,nan
214.65987014770508,-0.41999998688697815,4.0289998054504395,4.058000087738037,4.054999828338623,4.059999942779541,4.059999942779541,4.064000129699707,nan,nan,nan,nan,nan,nan
214.8408350944519,-0.4000000059604645,4.0289998054504395,4.058000087738037,4.054999828338623,4.059999942779541,4.060999870300293,4.065000057220459,nan,nan,nan,nan,nan,nan
214.9991626739502,-0.4000000059604645,4.0289998054504395,4.059000015258789,4.054999828338623,4.059999942779541,4.059999942779541,4.064000129699707,nan,nan,nan,nan,nan,nan
215.17941212654114,-0.4099999964237213,4.0289998054504395,4.058000087738037,4.054999828338623,4.059999942779541,4.059999942779541,4.065000057220459,nan,nan,nan,nan,nan,nan
215.35960221290588,-0.4000000059604645,4.0289998054504395,4.059000015258789,4.054999828338623,4.059999942779541,4.059999942779541,4.064000129699707,nan,nan,nan,nan,nan,nan
215.51896691322327,-0.38999998569488525,4.0289998054504395,4.059000015258789,4.054999828338623,4.059999942779541,4.059999942779541,4.064000129699707,nan,nan,nan,nan,nan,nan
215.69957208633423,-0.4000000059604645,4.0289998054504395,4.058000087738037,4.054999828338623,4.059999942779541,4.059999942779541,4.065000057220459,nan,nan,nan,nan,nan,nan
215.87983870506287,-0.4300000071525574,4.0289998054504395,4.059000015258789,4.054999828338623,4.059999942779541,4.059999942779541,4.064000129699707,nan,nan,nan,nan,nan,nan
216.03912472724915,-0.4000000059604645,4.0289998054504395,4.059000015258789,4.054999828338623,4.059999942779541,4.059999942779541,4.064000129699707,nan,nan,nan,nan,nan,nan
216.21951413154602,-0.4000000059604645,4.0289998054504395,4.058000087738037,4.054999828338623,4.059000015258789,4.059999942779541,4.064000129699707,nan,nan,nan,nan,nan,nan
216.37919211387634,-0.4000000059604645,4.0289998054504395,4.058000087738037,4.054999828338623,4.059999942779541,4.059999942779541,4.065000057220459,nan,nan,nan,nan,nan,nan
216.55937838554382,-0.4000000059604645,4.0289998054504395,4.058000087738037,4.054999828338623,4.059999942779541,4.059999942779541,4.064000129699707,nan,nan,nan,nan,nan,nan
216.73951244354248,-0.4000000059604645,4.0289998054504395,4.058000087738037,4.054999828338623,4.059999942779541,4.059999942779541,4.064000129699707,nan,nan,nan,nan,nan,nan
216.89919209480286,-0.4000000059604645,4.0289998054504395,4.058000087738037,4.054999828338623,4.059999942779541,4.059999942779541,4.065000057220459,nan,nan,nan,nan,nan,nan
217.07904314994812,-0.4000000059604645,4.0289998054504395,4.058000087738037,4.054999828338623,4.059999942779541,4.059999942779541,4.064000129699707,nan,nan,nan,nan,nan,nan
217.2401943206787,-0.41999998688697815,4.0289998054504395,4.059000015258789,4.054999828338623,4.059999942779541,4.059999942779541,4.064000129699707,nan,nan,nan,nan,nan,nan
217.4191131591797,-0.4000000059604645,4.0289998054504395,4.058000087738037,4.056000232696533,4.059999942779541,4.059999942779541,4.065000057220459,nan,nan,nan,nan,nan,nan
217.599303483963,-0.4000000059604645,4.0289998054504395,4.058000087738037,4.054999828338623,4.059999942779541,4.059999942779541,4.064000129699707,nan,nan,nan,nan,nan,nan
217.75895977020264,-0.38999998569488525,4.0289998054504395,4.058000087738037,4.056000232696533,4.059999942779541,4.059999942779541,4.065000057220459,nan,nan,nan,nan,nan,nan
217.93957352638245,-0.4000000059604645,4.0289998054504395,4.059000015258789,4.054999828338623,4.059999942779541,4.059999942779541,4.065000057220459,nan,nan,nan,nan,nan,nan
218.11971306800842,-0.4099999964237213,4.0289998054504395,4.058000087738037,4.054999828338623,4.059000015258789,4.059999942779541,4.064000129699707,nan,nan,nan,nan,nan,nan
218.27929663658142,-0.38999998569488525,4.0289998054504395,4.058000087738037,4.054999828338623,4.059000015258789,4.059999942779541,4.064000129699707,nan,nan,nan,nan,nan,nan
218.45974612236023,-0.38999998569488525,4.0289998054504395,4.058000087738037,4.054999828338623,4.059999942779541,4.059999942779541,4.065000057220459,nan,nan,nan,nan,nan,nan
218.61932611465454,-0.38999998569488525,4.0289998054504395,4.058000087738037,4.054999828338623,4.059000015258789,4.059999942779541,4.065000057220459,nan,nan,nan,nan,nan,nan
218.79959678649902,-0.4000000059604645,4.0289998054504395,4.058000087738037,4.054999828338623,4.059999942779541,4.059999942779541,4.064000129699707,nan,nan,nan,nan,nan,nan
218.97975945472717,-0.38999998569488525,4.0289998054504395,4.058000087738037,4.054999828338623,4.059999942779541,4.059999942779541,4.064000129699707,nan,nan,nan,nan,nan,nan
219.13943362236023,-0.38999998569488525,4.0289998054504395,4.058000087738037,4.054999828338623,4.059999942779541,4.059999942779541,4.065000057220459,nan,nan,nan,nan,nan,nan
219.3199543952942,-0.38999998569488525,4.0289998054504395,4.058000087738037,4.054999828338623,4.059999942779541,4.059999942779541,4.065000057220459,nan,nan,nan,nan,nan,nan
219.49857878684998,-0.4000000059604645,4.0289998054504395,4.058000087738037,4.054999828338623,4.059999942779541,4.059999942779541,4.064000129699707,nan,nan,nan,nan,nan,nan
219.65991139411926,-0.4000000059604645,4.0289998054504395,4.058000087738037,4.054999828338623,4.059999942779541,4.059999942779541,4.065000057220459,nan,nan,nan,nan,nan,nan
219.8387565612793,-0.4099999964237213,4.0289998054504395,4.058000087738037,4.054999828338623,4.059999942779541,4.059999942779541,4.064000129699707,nan,nan,nan,nan,nan,nan
219.9998517036438,-0.38999998569488525,4.0289998054504395,4.058000087738037,4.054999828338623,4.059999942779541,4.059999942779541,4.065000057220459,nan,nan,nan,nan,nan,nan
220.17993998527527,-0.4000000059604645,4.0289998054504395,4.058000087738037,4.054999828338623,4.059999942779541,4.059999942779541,4.064000129699707,nan,nan,nan,nan,nan,nan
220.36005687713623,-0.4300000071525574,4.0289998054504395,4.058000087738037,4.054999828338623,4.059999942779541,4.059999942779541,4.064000129699707,nan,nan,nan,nan,nan,nan
220.51958775520325,-0.4000000059604645,4.0289998054504395,4.058000087738037,4.054999828338623,4.059999942779541,4.059999942779541,4.064000129699707,nan,nan,nan,nan,nan,nan
220.7000720500946,-0.41999998688697815,4.0289998054504395,4.058000087738037,4.054999828338623,4.059999942779541,4.059999942779541,4.064000129699707,nan,nan,nan,nan,nan,nan
220.85952520370483,-0.4000000059604645,4.0289998054504395,4.058000087738037,4.054999828338623,4.059999942779541,4.059999942779541,4.064000129699707,nan,nan,nan,nan,nan,nan
221.04025387763977,-0.4000000059604645,4.0279998779296875,4.058000087738037,4.054999828338623,4.059999942779541,4.059999942779541,4.064000129699707,nan,nan,nan,nan,nan,nan
221.22015237808228,-0.4099999964237213,4.0289998054504395,4.058000087738037,4.054999828338623,4.059999942779541,4.059999942779541,4.064000129699707,nan,nan,nan,nan,nan,nan
221.3796935081482,-0.4099999964237213,4.0289998054504395,4.058000087738037,4.054999828338623,4.059999942779541,4.059999942779541,4.065000057220459,nan,nan,nan,nan,nan,nan
221.5601327419281,-0.4099999964237213,4.0289998054504395,4.058000087738037,4.054999828338623,4.059999942779541,4.059999942779541,4.064000129699707,nan,nan,nan,nan,nan,nan
221.73996591567993,-0.4099999964237213,4.0289998054504395,4.058000087738037,4.054999828338623,4.059999942779541,4.059999942779541,4.064000129699707,nan,nan,nan,nan,nan,nan
221.89972186088562,-0.4000000059604645,4.0289998054504395,4.058000087738037,4.054999828338623,4.059999942779541,4.059999942779541,4.064000129699707,nan,nan,nan,nan,nan,nan
222.0797154903412,-0.4000000059604645,4.0289998054504395,4.058000087738037,4.054999828338623,4.059999942779541,4.059999942779541,4.064000129699707,nan,nan,nan,nan,nan,nan
222.2395567893982,-0.4000000059604645,4.0279998779296875,4.058000087738037,4.054999828338623,4.059999942779541,4.059999942779541,4.064000129699707,nan,nan,nan,nan,nan,nan
222.4199182987213,-0.4000000059604645,4.0289998054504395,4.058000087738037,4.054999828338623,4.059999942779541,4.059999942779541,4.064000129699707,nan,nan,nan,nan,nan,nan
222.59864163398743,-0.38999998569488525,4.0289998054504395,4.058000087738037,4.054999828338623,4.059999942779541,4.059999942779541,4.064000129699707,nan,nan,nan,nan,nan,nan
222.7600178718567,-0.4000000059604645,4.0289998054504395,4.058000087738037,4.054999828338623,4.059999942779541,4.059999942779541,4.064000129699707,nan,nan,nan,nan,nan,nan
222.94004893302917,-0.4000000059604645,4.0289998054504395,4.058000087738037,4.054999828338623,4.059999942779541,4.059999942779541,4.064000129699707,nan,nan,nan,nan,nan,nan
223.09955406188965,-0.41999998688697815,4.0289998054504395,4.058000087738037,4.054999828338623,4.059999942779541,4.059999942779541,4.064000129699707,nan,nan,nan,nan,nan,nan
223.27975130081177,-0.4000000059604645,4.0289998054504395,4.058000087738037,4.054999828338623,4.059999942779541,4.059999942779541,4.064000129699707,nan,nan,nan,nan,nan,nan
223.45988869667053,-0.4000000059604645,4.0279998779296875,4.058000087738037,4.054999828338623,4.059999942779541,4.059999942779541,4.065000057220459,nan,nan,nan,nan,nan,nan
223.61955070495605,-0.4099999964237213,4.0289998054504395,4.058000087738037,4.054999828338623,4.059999942779541,4.059999942779541,4.065000057220459,nan,nan,nan,nan,nan,nan
223.79999351501465,-0.4000000059604645,4.0289998054504395,4.058000087738037,4.054999828338623,4.059000015258789,4.059999942779541,4.064000129699707,nan,nan,nan,nan,nan,nan
223.95928740501404,-0.4000000059604645,4.0289998054504395,4.058000087738037,4.054999828338623,4.059999942779541,4.059999942779541,4.064000129699707,nan,nan,nan,nan,nan,nan
224.13989877700806,-0.4099999964237213,4.0279998779296875,4.058000087738037,4.054999828338623,4.059999942779541,4.059999942779541,4.064000129699707,nan,nan,nan,nan,nan,nan
224.31899976730347,-0.41999998688697815,4.0279998779296875,4.058000087738037,4.054999828338623,4.059999942779541,4.059999942779541,4.064000129699707,nan,nan,nan,nan,nan,nan
224.47989797592163,-0.4000000059604645,4.0289998054504395,4.058000087738037,4.054999828338623,4.059999942779541,4.059999942779541,4.064000129699707,nan,nan,nan,nan,nan,nan
224.65876507759094,-0.4000000059604645,4.0279998779296875,4.058000087738037,4.054999828338623,4.059999942779541,4.059999942779541,4.065000057220459,nan,nan,nan,nan,nan,nan
224.8390130996704,-0.4000000059604645,4.0289998054504395,4.058000087738037,4.054999828338623,4.059999942779541,4.059999942779541,4.064000129699707,nan,nan,nan,nan,nan,nan
224.99873423576355,-0.41999998688697815,4.0289998054504395,4.058000087738037,4.054999828338623,4.059000015258789,4.059999942779541,4.064000129699707,nan,nan,nan,nan,nan,nan
225.17880582809448,-0.4000000059604645,4.0289998054504395,4.058000087738037,4.054999828338623,4.059000015258789,4.059999942779541,4.064000129699707,nan,nan,nan,nan,nan,nan
225.339994430542,-0.4000000059604645,4.0279998779296875,4.058000087738037,4.054999828338623,4.059999942779541,4.059999942779541,4.064000129699707,nan,nan,nan,nan,nan,nan
225.5188853740692,-0.4000000059604645,4.0279998779296875,4.058000087738037,4.054999828338623,4.059999942779541,4.059999942779541,4.064000129699707,nan,nan,nan,nan,nan,nan
225.699378490448,-0.4000000059604645,4.0289998054504395,4.058000087738037,4.054999828338623,4.059000015258789,4.059999942779541,4.064000129699707,nan,nan,nan,nan,nan,nan
225.8590166568756,-0.38999998569488525,4.0279998779296875,4.058000087738037,4.054999828338623,4.059999942779541,4.059999942779541,4.064000129699707,nan,nan,nan,nan,nan,nan
226.03903532028198,-0.4000000059604645,4.0289998054504395,4.058000087738037,4.054999828338623,4.059000015258789,4.059999942779541,4.064000129699707,nan,nan,nan,nan,nan,nan
226.22082662582397,-0.4000000059604645,4.0289998054504395,4.058000087738037,4.054999828338623,4.059999942779541,4.059999942779541,4.064000129699707,nan,nan,nan,nan,nan,nan
226.378915309906,-0.4000000059604645,4.0279998779296875,4.058000087738037,4.054999828338623,4.059999942779541,4.059999942779541,4.064000129699707,nan,nan,nan,nan,nan,nan
226.5591778755188,-0.4000000059604645,4.0279998779296875,4.058000087738037,4.054999828338623,4.059999942779541,4.059999942779541,4.064000129699707,nan,nan,nan,nan,nan,nan
226.7189588546753,-0.4099999964237213,4.0289998054504395,4.058000087738037,4.054999828338623,4.059999942779541,4.059999942779541,4.064000129699707,nan,nan,nan,nan,nan,nan
226.8992509841919,-0.4000000059604645,4.0289998054504395,4.058000087738037,4.054999828338623,4.059000015258789,4.059999942779541,4.064000129699707,nan,nan,nan,nan,nan,nan
227.07930779457092,-0.4000000059604645,4.0289998054504395,4.058000087738037,4.054999828338623,4.059999942779541,4.059999942779541,4.064000129699707,nan,nan,nan,nan,nan,nan
227.23894667625427,-0.4000000059604645,4.0289998054504395,4.058000087738037,4.054999828338623,4.059999942779541,4.059999942779541,4.064000129699707,nan,nan,nan,nan,nan,nan
227.41955494880676,-0.4000000059604645,4.0289998054504395,4.058000087738037,4.054999828338623,4.059000015258789,4.059999942779541,4.064000129699707,nan,nan,nan,nan,nan,nan
227.57877397537231,-0.4099999964237213,4.0289998054504395,4.058000087738037,4.054999828338623,4.059000015258789,4.059999942779541,4.064000129699707,nan,nan,nan,nan,nan,nan
227.75926327705383,-0.4000000059604645,4.0279998779296875,4.058000087738037,4.054999828338623,4.059000015258789,4.059999942779541,4.064000129699707,nan,nan,nan,nan,nan,nan
227.9396047592163,-0.4000000059604645,4.0289998054504395,4.058000087738037,4.054999828338623,4.059000015258789,4.059999942779541,4.064000129699707,nan,nan,nan,nan,nan,nan
228.0987846851349,-0.41999998688697815,4.0279998779296875,4.058000087738037,4.054999828338623,4.059999942779541,4.059999942779541,4.064000129699707,nan,nan,nan,nan,nan,nan
228.27927136421204,-0.4099999964237213,4.0279998779296875,4.058000087738037,4.054999828338623,4.059000015258789,4.059999942779541,4.064000129699707,nan,nan,nan,nan,nan,nan
228.45948457717896,-0.4000000059604645,4.0279998779296875,4.058000087738037,4.054999828338623,4.059000015258789,4.059999942779541,4.064000129699707,nan,nan,nan,nan,nan,nan
228.61908268928528,-0.4000000059604645,4.0289998054504395,4.058000087738037,4.054999828338623,4.059000015258789,4.059999942779541,4.064000129699707,nan,nan,nan,nan,nan,nan
228.79969000816345,-0.4099999964237213,4.0279998779296875,4.058000087738037,4.054999828338623,4.059999942779541,4.059999942779541,4.064000129699707,nan,nan,nan,nan,nan,nan
228.95900416374207,-0.4099999964237213,4.0289998054504395,4.058000087738037,4.054999828338623,4.059999942779541,4.059999942779541,4.064000129699707,nan,nan,nan,nan,nan,nan
229.13944363594055,-0.4099999964237213,4.0279998779296875,4.058000087738037,4.054999828338623,4.059000015258789,4.059999942779541,4.064000129699707,nan,nan,nan,nan,nan,nan
229.31986808776855,-0.4000000059604645,4.0289998054504395,4.058000087738037,4.054999828338623,4.059999942779541,4.059999942779541,4.064000129699707,nan,nan,nan,nan,nan,nan
229.4792184829712,-0.4000000059604645,4.0289998054504395,4.058000087738037,4.054999828338623,4.059000015258789,4.059999942779541,4.064000129699707,nan,nan,nan,nan,nan,nan
229.65975832939148,-0.4099999964237213,4.0279998779296875,4.058000087738037,4.054999828338623,4.059000015258789,4.059999942779541,4.064000129699707,nan,nan,nan,nan,nan,nan
229.8191351890564,-0.4000000059604645,4.0279998779296875,4.058000087738037,4.054999828338623,4.059000015258789,4.059999942779541,4.064000129699707,nan,nan,nan,nan,nan,nan
229.99945759773254,-0.4000000059604645,4.0279998779296875,4.058000087738037,4.054999828338623,4.059000015258789,4.059999942779541,4.064000129699707,nan,nan,nan,nan,nan,nan
230.17990827560425,-0.4000000059604645,4.0279998779296875,4.058000087738037,4.054999828338623,4.059999942779541,4.059999942779541,4.064000129699707,nan,nan,nan,nan,nan,nan
230.33951783180237,-0.4000000059604645,4.0279998779296875,4.058000087738037,4.054999828338623,4.059000015258789,4.059999942779541,4.064000129699707,nan,nan,nan,nan,nan,nan
230.52004408836365,-0.4000000059604645,4.0279998779296875,4.058000087738037,4.054999828338623,4.059999942779541,4.059999942779541,4.064000129699707,nan,nan,nan,nan,nan,nan
230.69877648353577,-0.4099999964237213,4.0279998779296875,4.058000087738037,4.054999828338623,4.059000015258789,4.059999942779541,4.064000129699707,nan,nan,nan,nan,nan,nan
230.85978865623474,-0.4099999964237213,4.0279998779296875,4.058000087738037,4.054999828338623,4.059000015258789,4.059999942779541,4.064000129699707,nan,nan,nan,nan,nan,nan
231.03988981246948,-0.4000000059604645,4.0279998779296875,4.058000087738037,4.054999828338623,4.059000015258789,4.059999942779541,4.064000129699707,nan,nan,nan,nan,nan,nan
231.19963359832764,-0.38999998569488525,4.0279998779296875,4.058000087738037,4.054999828338623,4.059000015258789,4.059999942779541,4.064000129699707,nan,nan,nan,nan,nan,nan
231.37978887557983,-0.4000000059604645,4.0279998779296875,4.058000087738037,4.054999828338623,4.059999942779541,4.059999942779541,4.064000129699707,nan,nan,nan,nan,nan,nan
231.55872535705566,-0.4000000059604645,4.0279998779296875,4.058000087738037,4.054999828338623,4.059999942779541,4.059999942779541,4.064000129699707,nan,nan,nan,nan,nan,nan
231.71985936164856,-0.38999998569488525,4.0279998779296875,4.058000087738037,4.054999828338623,4.059000015258789,4.059999942779541,4.064000129699707,nan,nan,nan,nan,nan,nan
231.8986873626709,-0.4000000059604645,4.0279998779296875,4.058000087738037,4.054999828338623,4.059999942779541,4.059999942779541,4.064000129699707,nan,nan,nan,nan,nan,nan
232.07883024215698,-0.4099999964237213,4.0279998779296875,4.058000087738037,4.054999828338623,4.059000015258789,4.059999942779541,4.064000129699707,nan,nan,nan,nan,nan,nan
232.24001550674438,-0.4000000059604645,4.0279998779296875,4.058000087738037,4.054999828338623,4.059000015258789,4.059999942779541,4.064000129699707,nan,nan,nan,nan,nan,nan
232.4203338623047,-0.4000000059604645,4.0279998779296875,4.058000087738037,4.054999828338623,4.059000015258789,4.059999942779541,4.064000129699707,nan,nan,nan,nan,nan,nan
232.57991743087769,-0.4000000059604645,4.0279998779296875,4.058000087738037,4.054999828338623,4.059000015258789,4.059999942779541,4.064000129699707,nan,nan,nan,nan,nan,nan
232.76020216941833,-0.4000000059604645,4.0279998779296875,4.058000087738037,4.054999828338623,4.059000015258789,4.059999942779541,4.064000129699707,nan,nan,nan,nan,nan,nan
232.9389832019806,-0.4099999964237213,4.0279998779296875,4.058000087738037,4.054999828338623,4.059000015258789,4.059999942779541,4.064000129699707,nan,nan,nan,nan,nan,nan
233.09891819953918,-0.4000000059604645,4.0279998779296875,4.058000087738037,4.054999828338623,4.059000015258789,4.059999942779541,4.064000129699707,nan,nan,nan,nan,nan,nan
233.2790560722351,-0.4000000059604645,4.0279998779296875,4.058000087738037,4.054999828338623,4.059000015258789,4.059999942779541,4.064000129699707,nan,nan,nan,nan,nan,nan
233.44010853767395,-0.4000000059604645,4.0279998779296875,4.058000087738037,4.054999828338623,4.059000015258789,4.059999942779541,4.064000129699707,nan,nan,nan,nan,nan,nan
233.61911630630493,-0.4000000059604645,4.0279998779296875,4.058000087738037,4.054999828338623,4.059999942779541,4.059999942779541,4.064000129699707,nan,nan,nan,nan,nan,nan
233.80117797851562,-0.38999998569488525,4.0279998779296875,4.058000087738037,4.054999828338623,4.059000015258789,4.059999942779541,4.064000129699707,nan,nan,nan,nan,nan,nan
233.958975315094,-0.41999998688697815,4.0279998779296875,4.058000087738037,4.054999828338623,4.059000015258789,4.059999942779541,4.064000129699707,nan,nan,nan,nan,nan,nan
234.13922905921936,-0.4000000059604645,4.0279998779296875,4.058000087738037,4.054999828338623,4.059999942779541,4.059999942779541,4.064000129699707,nan,nan,nan,nan,nan,nan
234.32133436203003,-0.4000000059604645,4.0279998779296875,4.058000087738037,4.054999828338623,4.059000015258789,4.059999942779541,4.064000129699707,nan,nan,nan,nan,nan,nan
234.4788703918457,-0.41999998688697815,4.0279998779296875,4.058000087738037,4.054999828338623,4.059000015258789,4.059999942779541,4.064000129699707,nan,nan,nan,nan,nan,nan
234.65926051139832,-0.4000000059604645,4.0279998779296875,4.058000087738037,4.054999828338623,4.059000015258789,4.059999942779541,4.064000129699707,nan,nan,nan,nan,nan,nan
234.81910705566406,-0.4000000059604645,4.0279998779296875,4.058000087738037,4.054999828338623,4.059000015258789,4.059999942779541,4.064000129699707,nan,nan,nan,nan,nan,nan
234.9993109703064,-0.4000000059604645,4.0279998779296875,4.058000087738037,4.054999828338623,4.059000015258789,4.059999942779541,4.064000129699707,nan,nan,nan,nan,nan,nan
235.17980313301086,-0.4000000059604645,4.0279998779296875,4.058000087738037,4.054999828338623,4.059999942779541,4.059999942779541,4.064000129699707,nan,nan,nan,nan,nan,nan
235.33955359458923,-0.4000000059604645,4.0279998779296875,4.058000087738037,4.054999828338623,4.059000015258789,4.059999942779541,4.064000129699707,nan,nan,nan,nan,nan,nan
235.5209345817566,-0.4099999964237213,4.0279998779296875,4.058000087738037,4.054999828338623,4.059000015258789,4.059999942779541,4.064000129699707,nan,nan,nan,nan,nan,nan
235.67898201942444,-0.4000000059604645,4.0279998779296875,4.058000087738037,4.054999828338623,4.059000015258789,4.059999942779541,4.064000129699707,nan,nan,nan,nan,nan,nan
235.8592939376831,-0.4000000059604645,4.0279998779296875,4.058000087738037,4.054999828338623,4.059000015258789,4.059999942779541,4.064000129699707,nan,nan,nan,nan,nan,nan
236.04126572608948,-0.4000000059604645,4.0279998779296875,4.058000087738037,4.054999828338623,4.059000015258789,4.059999942779541,4.064000129699707,nan,nan,nan,nan,nan,nan
236.20075798034668,-0.4000000059604645,4.0279998779296875,4.058000087738037,4.054999828338623,4.059000015258789,4.059999942779541,4.064000129699707,nan,nan,nan,nan,nan,nan
236.38102507591248,-0.4099999964237213,4.0279998779296875,4.058000087738037,4.053999900817871,4.059000015258789,4.059999942779541,4.064000129699707,nan,nan,nan,nan,nan,nan
236.5614719390869,-0.4000000059604645,4.0279998779296875,4.058000087738037,4.054999828338623,4.059000015258789,4.059999942779541,4.064000129699707,nan,nan,nan,nan,nan,nan
236.72049283981323,-0.4000000059604645,4.0279998779296875,4.058000087738037,4.054999828338623,4.059000015258789,4.059999942779541,4.064000129699707,nan,nan,nan,nan,nan,nan
236.90082144737244,-0.4000000059604645,4.0279998779296875,4.058000087738037,4.054999828338623,4.059999942779541,4.059999942779541,4.064000129699707,nan,nan,nan,nan,nan,nan
237.06003403663635,-0.4000000059604645,4.0279998779296875,4.058000087738037,4.054999828338623,4.059000015258789,4.059999942779541,4.064000129699707,nan,nan,nan,nan,nan,nan
237.23927640914917,-0.38999998569488525,4.0279998779296875,4.058000087738037,4.054999828338623,4.059000015258789,4.059999942779541,4.064000129699707,nan,nan,nan,nan,nan,nan
237.41923904418945,-0.4099999964237213,4.0279998779296875,4.058000087738037,4.054999828338623,4.059999942779541,4.059999942779541,4.064000129699707,nan,nan,nan,nan,nan,nan
237.57897782325745,-0.4099999964237213,4.0279998779296875,4.058000087738037,4.054999828338623,4.059999942779541,4.059999942779541,4.064000129699707,nan,nan,nan,nan,nan,nan
237.7593171596527,-0.4000000059604645,4.0279998779296875,4.058000087738037,4.054999828338623,4.059000015258789,4.059999942779541,4.064000129699707,nan,nan,nan,nan,nan,nan
237.92045331001282,-0.4000000059604645,4.0279998779296875,4.058000087738037,4.054999828338623,4.059000015258789,4.059999942779541,4.064000129699707,nan,nan,nan,nan,nan,nan
238.0991759300232,-0.4000000059604645,4.0279998779296875,4.058000087738037,4.054999828338623,4.059000015258789,4.059999942779541,4.064000129699707,nan,nan,nan,nan,nan,nan
238.2808232307434,-0.4000000059604645,4.0279998779296875,4.058000087738037,4.054999828338623,4.059000015258789,4.059999942779541,4.064000129699707,nan,nan,nan,nan,nan,nan
238.43884348869324,-0.4000000059604645,4.0279998779296875,4.058000087738037,4.054999828338623,4.059000015258789,4.059999942779541,4.064000129699707,nan,nan,nan,nan,nan,nan
238.61935687065125,-0.4099999964237213,4.0279998779296875,4.058000087738037,4.054999828338623,4.059000015258789,4.059999942779541,4.064000129699707,nan,nan,nan,nan,nan,nan
238.79932975769043,-0.4000000059604645,4.0279998779296875,4.058000087738037,4.054999828338623,4.059000015258789,4.059999942779541,4.064000129699707,nan,nan,nan,nan,nan,nan
238.95915865898132,-0.4000000059604645,4.0279998779296875,4.058000087738037,4.054999828338623,4.059000015258789,4.059999942779541,4.064000129699707,nan,nan,nan,nan,nan,nan
239.13950538635254,-0.3799999952316284,4.0279998779296875,4.058000087738037,4.054999828338623,4.059000015258789,4.059999942779541,4.064000129699707,nan,nan,nan,nan,nan,nan
239.29902505874634,-0.4000000059604645,4.0279998779296875,4.058000087738037,4.054999828338623,4.059000015258789,4.059999942779541,4.064000129699707,nan,nan,nan,nan,nan,nan
239.47947597503662,-0.38999998569488525,4.0279998779296875,4.058000087738037,4.054999828338623,4.059000015258789,4.059999942779541,4.064000129699707,nan,nan,nan,nan,nan,nan
239.6597375869751,-0.4000000059604645,4.0279998779296875,4.058000087738037,4.054999828338623,4.059999942779541,4.059999942779541,4.064000129699707,nan,nan,nan,nan,nan,nan
239.81926894187927,-0.4000000059604645,4.0279998779296875,4.058000087738037,4.054999828338623,4.059000015258789,4.059999942779541,4.064000129699707,nan,nan,nan,nan,nan,nan
239.99939250946045,-0.38999998569488525,4.0279998779296875,4.058000087738037,4.054999828338623,4.059000015258789,4.059999942779541,4.064000129699707,nan,nan,nan,nan,nan,nan
240.15880584716797,-0.41999998688697815,4.0279998779296875,4.058000087738037,4.054999828338623,4.059000015258789,4.059999942779541,4.064000129699707,nan,nan,nan,nan,nan,nan
240.341374874115,-0.4000000059604645,4.0279998779296875,4.058000087738037,4.053999900817871,4.059000015258789,4.059999942779541,4.064000129699707,nan,nan,nan,nan,nan,nan
240.52128958702087,-0.4000000059604645,4.0279998779296875,4.058000087738037,4.054999828338623,4.059000015258789,4.059999942779541,4.064000129699707,nan,nan,nan,nan,nan,nan
240.68026781082153,-0.41999998688697815,4.0279998779296875,4.058000087738037,4.054999828338623,4.059000015258789,4.059999942779541,4.064000129699707,nan,nan,nan,nan,nan,nan
240.86341547966003,-0.4000000059604645,4.0279998779296875,4.058000087738037,4.054999828338623,4.059000015258789,4.059999942779541,4.064000129699707,nan,nan,nan,nan,nan,nan
241.03939580917358,-0.4099999964237213,4.0279998779296875,4.058000087738037,4.053999900817871,4.059000015258789,4.059999942779541,4.064000129699707,nan,nan,nan,nan,nan,nan
241.2014982700348,-0.4000000059604645,4.0279998779296875,4.058000087738037,4.054999828338623,4.059000015258789,4.059999942779541,4.064000129699707,nan,nan,nan,nan,nan,nan
241.38041067123413,-0.38999998569488525,4.0279998779296875,4.058000087738037,4.053999900817871,4.059000015258789,4.059999942779541,4.064000129699707,nan,nan,nan,nan,nan,nan
241.53988122940063,-0.4000000059604645,4.0279998779296875,4.058000087738037,4.054999828338623,4.059000015258789,4.059999942779541,4.064000129699707,nan,nan,nan,nan,nan,nan
241.72025680541992,-0.4000000059604645,4.0279998779296875,4.058000087738037,4.053999900817871,4.059000015258789,4.059999942779541,4.064000129699707,nan,nan,nan,nan,nan,nan
241.90168595314026,-0.4000000059604645,4.0279998779296875,4.058000087738037,4.054999828338623,4.059000015258789,4.059999942779541,4.064000129699707,nan,nan,nan,nan,nan,nan
242.0600504875183,-0.4000000059604645,4.0279998779296875,4.058000087738037,4.054999828338623,4.059000015258789,4.059999942779541,4.064000129699707,nan,nan,nan,nan,nan,nan
242.23937940597534,-0.4000000059604645,4.0279998779296875,4.058000087738037,4.054999828338623,4.059000015258789,4.059999942779541,4.064000129699707,nan,nan,nan,nan,nan,nan
242.39988136291504,-0.4000000059604645,4.0279998779296875,4.058000087738037,4.054999828338623,4.059000015258789,4.059999942779541,4.064000129699707,nan,nan,nan,nan,nan,nan
242.58056449890137,-0.4000000059604645,4.0279998779296875,4.058000087738037,4.054999828338623,4.059000015258789,4.059999942779541,4.064000129699707,nan,nan,nan,nan,nan,nan
242.76051688194275,-0.4099999964237213,4.0279998779296875,4.058000087738037,4.053999900817871,4.059000015258789,4.059999942779541,4.064000129699707,nan,nan,nan,nan,nan,nan
242.91943883895874,-0.4000000059604645,4.0279998779296875,4.058000087738037,4.054999828338623,4.059000015258789,4.059999942779541,4.064000129699707,nan,nan,nan,nan,nan,nan
243.1000735759735,-0.4000000059604645,4.0279998779296875,4.058000087738037,4.054999828338623,4.059000015258789,4.059999942779541,4.064000129699707,nan,nan,nan,nan,nan,nan
243.26112985610962,-0.4000000059604645,4.0279998779296875,4.058000087738037,4.054999828338623,4.059000015258789,4.059999942779541,4.064000129699707,nan,nan,nan,nan,nan,nan
243.43961668014526,-0.4000000059604645,4.0279998779296875,4.057000160217285,4.054999828338623,4.059000015258789,4.059999942779541,4.064000129699707,nan,nan,nan,nan,nan,nan
243.62192940711975,-0.4000000059604645,4.0279998779296875,4.058000087738037,4.054999828338623,4.059000015258789,4.059999942779541,4.064000129699707,nan,nan,nan,nan,nan,nan
243.78075122833252,-0.38999998569488525,4.0279998779296875,4.058000087738037,4.053999900817871,4.059000015258789,4.059999942779541,4.064000129699707,nan,nan,nan,nan,nan,nan
243.95940136909485,-0.3799999952316284,4.0279998779296875,4.058000087738037,4.054999828338623,4.059000015258789,4.059999942779541,4.064000129699707,nan,nan,nan,nan,nan,nan
244.1397306919098,-0.4000000059604645,4.0279998779296875,4.058000087738037,4.054999828338623,4.059000015258789,4.059999942779541,4.064000129699707,nan,nan,nan,nan,nan,nan
244.3007493019104,-0.38999998569488525,4.0279998779296875,4.058000087738037,4.053999900817871,4.059000015258789,4.059999942779541,4.064000129699707,nan,nan,nan,nan,nan,nan
244.4797351360321,-0.4000000059604645,4.0279998779296875,4.058000087738037,4.054999828338623,4.059000015258789,4.059999942779541,4.064000129699707,nan,nan,nan,nan,nan,nan
244.63939380645752,-0.4000000059604645,4.0279998779296875,4.058000087738037,4.053999900817871,4.059000015258789,4.059999942779541,4.064000129699707,nan,nan,nan,nan,nan,nan
244.81942629814148,-0.38999998569488525,4.0279998779296875,4.058000087738037,4.054999828338623,4.059000015258789,4.059999942779541,4.064000129699707,nan,nan,nan,nan,nan,nan
244.99991393089294,-0.4099999964237213,4.0279998779296875,4.058000087738037,4.054999828338623,4.059000015258789,4.059999942779541,4.064000129699707,nan,nan,nan,nan,nan,nan
245.15930771827698,-0.4000000059604645,4.0279998779296875,4.058000087738037,4.053999900817871,4.059000015258789,4.059999942779541,4.064000129699707,nan,nan,nan,nan,nan,nan
245.33941864967346,-0.4000000059604645,4.0279998779296875,4.058000087738037,4.053999900817871,4.059000015258789,4.059999942779541,4.064000129699707,nan,nan,nan,nan,nan,nan
245.49891543388367,-0.4099999964237213,4.0279998779296875,4.058000087738037,4.054999828338623,4.059000015258789,4.059999942779541,4.064000129699707,nan,nan,nan,nan,nan,nan
245.6809220314026,-0.4000000059604645,4.0279998779296875,4.058000087738037,4.054999828338623,4.059000015258789,4.059999942779541,4.064000129699707,nan,nan,nan,nan,nan,nan
245.8609597682953,-0.4000000059604645,4.0279998779296875,4.058000087738037,4.054999828338623,4.059000015258789,4.059999942779541,4.064000129699707,nan,nan,nan,nan,nan,nan
246.01890420913696,-0.4099999964237213,4.0279998779296875,4.058000087738037,4.054999828338623,4.059000015258789,4.059999942779541,4.064000129699707,nan,nan,nan,nan,nan,nan
246.1993808746338,-0.4000000059604645,4.0279998779296875,4.058000087738037,4.054999828338623,4.059000015258789,4.059999942779541,4.064000129699707,nan,nan,nan,nan,nan,nan
246.37974643707275,-0.4099999964237213,4.0279998779296875,4.058000087738037,4.054999828338623,4.059000015258789,4.059999942779541,4.064000129699707,nan,nan,nan,nan,nan,nan
246.53912806510925,-0.4000000059604645,4.0279998779296875,4.058000087738037,4.054999828338623,4.059000015258789,4.059999942779541,4.064000129699707,nan,nan,nan,nan,nan,nan
246.71975350379944,-0.4000000059604645,4.0279998779296875,4.058000087738037,4.053999900817871,4.059000015258789,4.059999942779541,4.064000129699707,nan,nan,nan,nan,nan,nan
246.8792507648468,-0.4000000059604645,4.0279998779296875,4.058000087738037,4.053999900817871,4.059000015258789,4.059999942779541,4.064000129699707,nan,nan,nan,nan,nan,nan
247.0593774318695,-0.4000000059604645,4.0279998779296875,4.058000087738037,4.054999828338623,4.059000015258789,4.059999942779541,4.064000129699707,nan,nan,nan,nan,nan,nan
247.23988270759583,-0.4000000059604645,4.0279998779296875,4.058000087738037,4.054999828338623,4.059000015258789,4.059999942779541,4.064000129699707,nan,nan,nan,nan,nan,nan
247.39940667152405,-0.4300000071525574,4.0279998779296875,4.058000087738037,4.053999900817871,4.059000015258789,4.059999942779541,4.064000129699707,nan,nan,nan,nan,nan,nan
247.57968401908875,-0.4099999964237213,4.0279998779296875,4.058000087738037,4.053999900817871,4.059000015258789,4.059999942779541,4.064000129699707,nan,nan,nan,nan,nan,nan
247.73922276496887,-0.4000000059604645,4.0279998779296875,4.058000087738037,4.053999900817871,4.059000015258789,4.059999942779541,4.064000129699707,nan,nan,nan,nan,nan,nan
247.91951894760132,-0.4000000059604645,4.0279998779296875,4.058000087738037,4.053999900817871,4.059000015258789,4.059999942779541,4.064000129699707,nan,nan,nan,nan,nan,nan
248.09990668296814,-0.4099999964237213,4.0279998779296875,4.058000087738037,4.054999828338623,4.059000015258789,4.059999942779541,4.064000129699707,nan,nan,nan,nan,nan,nan
248.25916981697083,-0.4099999964237213,4.0279998779296875,4.058000087738037,4.053999900817871,4.059000015258789,4.059999942779541,4.064000129699707,nan,nan,nan,nan,nan,nan
248.43959069252014,-0.4000000059604645,4.0279998779296875,4.057000160217285,4.053999900817871,4.059000015258789,4.059999942779541,4.064000129699707,nan,nan,nan,nan,nan,nan
248.61989378929138,-0.4000000059604645,4.0279998779296875,4.058000087738037,4.053999900817871,4.059000015258789,4.059999942779541,4.064000129699707,nan,nan,nan,nan,nan,nan
248.77967071533203,-0.4000000059604645,4.0279998779296875,4.058000087738037,4.054999828338623,4.059000015258789,4.059999942779541,4.064000129699707,nan,nan,nan,nan,nan,nan
248.95955109596252,-0.38999998569488525,4.0279998779296875,4.058000087738037,4.054999828338623,4.059000015258789,4.059999942779541,4.064000129699707,nan,nan,nan,nan,nan,nan
249.11964106559753,-0.38999998569488525,4.0279998779296875,4.058000087738037,4.054999828338623,4.059000015258789,4.059000015258789,4.064000129699707,nan,nan,nan,nan,nan,nan
249.30096697807312,-0.4000000059604645,4.0279998779296875,4.058000087738037,4.054999828338623,4.059000015258789,4.059999942779541,4.064000129699707,nan,nan,nan,nan,nan,nan
249.47978281974792,-0.4000000059604645,4.0279998779296875,4.058000087738037,4.053999900817871,4.059000015258789,4.059999942779541,4.064000129699707,nan,nan,nan,nan,nan,nan
249.6395628452301,-0.4000000059604645,4.0279998779296875,4.058000087738037,4.053999900817871,4.059000015258789,4.059999942779541,4.064000129699707,nan,nan,nan,nan,nan,nan
249.82102274894714,-0.4000000059604645,4.0279998779296875,4.058000087738037,4.053999900817871,4.059000015258789,4.059999942779541,4.064000129699707,nan,nan,nan,nan,nan,nan
249.97862672805786,-0.4000000059604645,4.0279998779296875,4.057000160217285,4.053999900817871,4.059000015258789,4.059999942779541,4.064000129699707,nan,nan,nan,nan,nan,nan
250.15933203697205,-0.4000000059604645,4.0279998779296875,4.058000087738037,4.053999900817871,4.059000015258789,4.059999942779541,4.064000129699707,nan,nan,nan,nan,nan,nan
250.34114718437195,-0.4000000059604645,4.0279998779296875,4.058000087738037,4.054999828338623,4.059000015258789,4.059999942779541,4.064000129699707,nan,nan,nan,nan,nan,nan
250.49876475334167,-0.4000000059604645,4.0269999504089355,4.058000087738037,4.053999900817871,4.059000015258789,4.059999942779541,4.064000129699707,nan,nan,nan,nan,nan,nan
250.67931580543518,-0.38999998569488525,4.0279998779296875,4.057000160217285,4.054999828338623,4.059000015258789,4.059999942779541,4.064000129699707,nan,nan,nan,nan,nan,nan
250.85949516296387,-0.4000000059604645,4.0279998779296875,4.058000087738037,4.054999828338623,4.059000015258789,4.059999942779541,4.064000129699707,nan,nan,nan,nan,nan,nan
251.0190131664276,-0.4000000059604645,4.0269999504089355,4.058000087738037,4.053999900817871,4.059000015258789,4.059999942779541,4.064000129699707,nan,nan,nan,nan,nan,nan
251.1995632648468,-0.38999998569488525,4.0279998779296875,4.057000160217285,4.053999900817871,4.059000015258789,4.059999942779541,4.064000129699707,nan,nan,nan,nan,nan,nan
251.35883784294128,-0.4000000059604645,4.0279998779296875,4.058000087738037,4.053999900817871,4.059000015258789,4.059999942779541,4.064000129699707,nan,nan,nan,nan,nan,nan
251.5391321182251,-0.4000000059604645,4.0279998779296875,4.057000160217285,4.053999900817871,4.059000015258789,4.059999942779541,4.064000129699707,nan,nan,nan,nan,nan,nan
251.71970295906067,-0.4300000071525574,4.0279998779296875,4.058000087738037,4.053999900817871,4.059000015258789,4.059000015258789,4.064000129699707,nan,nan,nan,nan,nan,nan
251.87862157821655,-0.4099999964237213,4.0279998779296875,4.058000087738037,4.053999900817871,4.059000015258789,4.059999942779541,4.064000129699707,nan,nan,nan,nan,nan,nan
252.0590844154358,-0.4000000059604645,4.0269999504089355,4.058000087738037,4.053999900817871,4.059000015258789,4.059999942779541,4.064000129699707,nan,nan,nan,nan,nan,nan
252.21997785568237,-0.4000000059604645,4.0279998779296875,4.058000087738037,4.054999828338623,4.059000015258789,4.059999942779541,4.064000129699707,nan,nan,nan,nan,nan,nan
252.40004706382751,-0.4000000059604645,4.0279998779296875,4.058000087738037,4.053999900817871,4.059000015258789,4.059000015258789,4.064000129699707,nan,nan,nan,nan,nan,nan
252.5789668560028,-0.4000000059604645,4.0269999504089355,4.058000087738037,4.054999828338623,4.059000015258789,4.059999942779541,4.064000129699707,nan,nan,nan,nan,nan,nan
252.73989534378052,-0.4000000059604645,4.0269999504089355,4.058000087738037,4.053999900817871,4.059000015258789,4.059999942779541,4.064000129699707,nan,nan,nan,nan,nan,nan
252.92027473449707,-0.4000000059604645,4.0269999504089355,4.058000087738037,4.053999900817871,4.059000015258789,4.059999942779541,4.064000129699707,nan,nan,nan,nan,nan,nan
253.09898114204407,-0.38999998569488525,4.0269999504089355,4.058000087738037,4.053999900817871,4.059000015258789,4.059999942779541,4.064000129699707,nan,nan,nan,nan,nan,nan
253.25979685783386,-0.4000000059604645,4.0279998779296875,4.057000160217285,4.053999900817871,4.059000015258789,4.059999942779541,4.064000129699707,nan,nan,nan,nan,nan,nan
253.4389569759369,-0.4000000059604645,4.0279998779296875,4.058000087738037,4.053999900817871,4.059000015258789,4.059999942779541,4.064000129699707,nan,nan,nan,nan,nan,nan
253.59965991973877,-0.4000000059604645,4.0269999504089355,4.058000087738037,4.053999900817871,4.059000015258789,4.059999942779541,4.064000129699707,nan,nan,nan,nan,nan,nan
253.78012561798096,-0.4099999964237213,4.0279998779296875,4.057000160217285,4.053999900817871,4.059000015258789,4.059000015258789,4.064000129699707,nan,nan,nan,nan,nan,nan
253.9592640399933,-0.4000000059604645,4.0269999504089355,4.057000160217285,4.053999900817871,4.059000015258789,4.059999942779541,4.064000129699707,nan,nan,nan,nan,nan,nan
254.1187777519226,-0.38999998569488525,4.0269999504089355,4.058000087738037,4.054999828338623,4.059000015258789,4.059999942779541,4.064000129699707,nan,nan,nan,nan,nan,nan
254.29923105239868,-0.4000000059604645,4.0269999504089355,4.057000160217285,4.053999900817871,4.059000015258789,4.059999942779541,4.064000129699707,nan,nan,nan,nan,nan,nan
254.4585680961609,-0.4000000059604645,4.0279998779296875,4.058000087738037,4.054999828338623,4.059000015258789,4.059999942779541,4.064000129699707,nan,nan,nan,nan,nan,nan
254.63924646377563,-0.4000000059604645,4.0279998779296875,4.058000087738037,4.053999900817871,4.059000015258789,4.059000015258789,4.064000129699707,nan,nan,nan,nan,nan,nan
254.8193507194519,-0.4099999964237213,4.0269999504089355,4.058000087738037,4.053999900817871,4.059000015258789,4.059999942779541,4.064000129699707,nan,nan,nan,nan,nan,nan
254.98195362091064,-0.4000000059604645,4.0269999504089355,4.058000087738037,4.053999900817871,4.059000015258789,4.059000015258789,4.064000129699707,nan,nan,nan,nan,nan,nan
255.15907287597656,-0.4099999964237213,4.0279998779296875,4.058000087738037,4.053999900817871,4.059000015258789,4.059999942779541,4.064000129699707,nan,nan,nan,nan,nan,nan
255.33921885490417,-0.4000000059604645,4.0269999504089355,4.058000087738037,4.053999900817871,4.059000015258789,4.059999942779541,4.064000129699707,nan,nan,nan,nan,nan,nan
255.49943113327026,-0.4000000059604645,4.0279998779296875,4.058000087738037,4.053999900817871,4.059000015258789,4.059999942779541,4.064000129699707,nan,nan,nan,nan,nan,nan
255.68074560165405,-0.4099999964237213,4.0269999504089355,4.057000160217285,4.053999900817871,4.059000015258789,4.059999942779541,4.064000129699707,nan,nan,nan,nan,nan,nan
255.8386034965515,-0.4099999964237213,4.0269999504089355,4.057000160217285,4.053999900817871,4.059000015258789,4.059999942779541,4.064000129699707,nan,nan,nan,nan,nan,nan
256.0204117298126,-0.38999998569488525,4.0269999504089355,4.057000160217285,4.054999828338623,4.059000015258789,4.059999942779541,4.064000129699707,nan,nan,nan,nan,nan,nan
256.1989197731018,-0.41999998688697815,4.0279998779296875,4.057000160217285,4.053999900817871,4.059000015258789,4.059999942779541,4.064000129699707,nan,nan,nan,nan,nan,nan
256.35867404937744,-0.4000000059604645,4.0279998779296875,4.058000087738037,4.053999900817871,4.059000015258789,4.059000015258789,4.064000129699707,nan,nan,nan,nan,nan,nan
256.539067029953,-0.4000000059604645,4.0279998779296875,4.058000087738037,4.053999900817871,4.059000015258789,4.059999942779541,4.064000129699707,nan,nan,nan,nan,nan,nan
256.69977474212646,-0.4000000059604645,4.0269999504089355,4.058000087738037,4.053999900817871,4.059000015258789,4.059999942779541,4.064000129699707,nan,nan,nan,nan,nan,nan
256.8800549507141,-0.4000000059604645,4.0269999504089355,4.057000160217285,4.053999900817871,4.059000015258789,4.059999942779541,4.064000129699707,nan,nan,nan,nan,nan,nan
257.0587520599365,-0.4000000059604645,4.0269999504089355,4.057000160217285,4.053999900817871,4.059000015258789,4.059999942779541,4.064000129699707,nan,nan,nan,nan,nan,nan
257.2200679779053,-0.4000000059604645,4.0269999504089355,4.057000160217285,4.053999900817871,4.059000015258789,4.059999942779541,4.064000129699707,nan,nan,nan,nan,nan,nan
257.3987183570862,-0.4099999964237213,4.0269999504089355,4.057000160217285,4.053999900817871,4.059000015258789,4.059999942779541,4.064000129699707,nan,nan,nan,nan,nan,nan
257.57916474342346,-0.4099999964237213,4.0269999504089355,4.057000160217285,4.053999900817871,4.059000015258789,4.059999942779541,4.064000129699707,nan,nan,nan,nan,nan,nan
257.7401075363159,-0.4099999964237213,4.0269999504089355,4.057000160217285,4.053999900817871,4.059000015258789,4.059000015258789,4.064000129699707,nan,nan,nan,nan,nan,nan
257.92010140419006,-0.4000000059604645,4.0279998779296875,4.057000160217285,4.053999900817871,4.059000015258789,4.059999942779541,4.064000129699707,nan,nan,nan,nan,nan,nan
258.0806338787079,-0.4099999964237213,4.0269999504089355,4.058000087738037,4.053999900817871,4.059000015258789,4.059999942779541,4.064000129699707,nan,nan,nan,nan,nan,nan
258.25938272476196,-0.4099999964237213,4.0269999504089355,4.057000160217285,4.053999900817871,4.059000015258789,4.059999942779541,4.064000129699707,nan,nan,nan,nan,nan,nan
258.43971514701843,-0.4000000059604645,4.0269999504089355,4.057000160217285,4.053999900817871,4.059000015258789,4.059000015258789,4.064000129699707,nan,nan,nan,nan,nan,nan
258.5991687774658,-0.4000000059604645,4.0269999504089355,4.057000160217285,4.053999900817871,4.059000015258789,4.059000015258789,4.064000129699707,nan,nan,nan,nan,nan,nan
258.77966356277466,-0.4000000059604645,4.0279998779296875,4.058000087738037,4.053999900817871,4.059000015258789,4.059999942779541,4.064000129699707,nan,nan,nan,nan,nan,nan
258.93872904777527,-0.4000000059604645,4.0269999504089355,4.057000160217285,4.053999900817871,4.059000015258789,4.059000015258789,4.064000129699707,nan,nan,nan,nan,nan,nan
259.1192195415497,-0.4000000059604645,4.0269999504089355,4.057000160217285,4.053999900817871,4.059000015258789,4.059999942779541,4.064000129699707,nan,nan,nan,nan,nan,nan
259.2995228767395,-0.4000000059604645,4.0269999504089355,4.057000160217285,4.053999900817871,4.059000015258789,4.059000015258789,4.064000129699707,nan,nan,nan,nan,nan,nan
259.45868706703186,-0.4000000059604645,4.0269999504089355,4.057000160217285,4.053999900817871,4.059000015258789,4.059000015258789,4.064000129699707,nan,nan,nan,nan,nan,nan
259.6391053199768,-0.4000000059604645,4.0269999504089355,4.057000160217285,4.053999900817871,4.059000015258789,4.059999942779541,4.063000202178955,nan,nan,nan,nan,nan,nan
259.80007815361023,-0.4000000059604645,4.0269999504089355,4.057000160217285,4.053999900817871,4.059000015258789,4.059000015258789,4.064000129699707,nan,nan,nan,nan,nan,nan
259.97884154319763,-0.4099999964237213,4.0279998779296875,4.057000160217285,4.053999900817871,4.059000015258789,4.059999942779541,4.064000129699707,nan,nan,nan,nan,nan,nan
260.1591522693634,-0.4000000059604645,4.0269999504089355,4.057000160217285,4.053999900817871,4.059000015258789,4.059000015258789,4.064000129699707,nan,nan,nan,nan,nan,nan
260.3202049732208,-0.41999998688697815,4.0269999504089355,4.057000160217285,4.053999900817871,4.059000015258789,4.059999942779541,4.063000202178955,nan,nan,nan,nan,nan,nan
260.49925780296326,-0.41999998688697815,4.0269999504089355,4.057000160217285,4.053999900817871,4.059000015258789,4.059999942779541,4.064000129699707,nan,nan,nan,nan,nan,nan
260.67942118644714,-0.4000000059604645,4.0269999504089355,4.057000160217285,4.053999900817871,4.059000015258789,4.059999942779541,4.063000202178955,nan,nan,nan,nan,nan,nan
260.8386695384979,-0.4000000059604645,4.0269999504089355,4.057000160217285,4.053999900817871,4.059000015258789,4.059999942779541,4.064000129699707,nan,nan,nan,nan,nan,nan
261.0192666053772,-0.4000000059604645,4.0269999504089355,4.057000160217285,4.053999900817871,4.059000015258789,4.059999942779541,4.064000129699707,nan,nan,nan,nan,nan,nan
261.1802628040314,-0.4099999964237213,4.0269999504089355,4.057000160217285,4.053999900817871,4.059000015258789,4.059000015258789,4.063000202178955,nan,nan,nan,nan,nan,nan
261.3589036464691,-0.4000000059604645,4.0269999504089355,4.058000087738037,4.053999900817871,4.059000015258789,4.059000015258789,4.064000129699707,nan,nan,nan,nan,nan,nan
261.53918957710266,-0.3799999952316284,4.0269999504089355,4.057000160217285,4.053999900817871,4.059000015258789,4.059999942779541,4.064000129699707,nan,nan,nan,nan,nan,nan
261.6986789703369,-0.4000000059604645,4.0269999504089355,4.058000087738037,4.053999900817871,4.059000015258789,4.059000015258789,4.064000129699707,nan,nan,nan,nan,nan,nan
261.87907671928406,-0.4000000059604645,4.0269999504089355,4.058000087738037,4.053999900817871,4.059000015258789,4.059000015258789,4.064000129699707,nan,nan,nan,nan,nan,nan
262.04007720947266,-0.4000000059604645,4.0269999504089355,4.057000160217285,4.053999900817871,4.059000015258789,4.059999942779541,4.064000129699707,nan,nan,nan,nan,nan,nan
262.2203755378723,-0.4099999964237213,4.0269999504089355,4.057000160217285,4.053999900817871,4.059000015258789,4.059999942779541,4.063000202178955,nan,nan,nan,nan,nan,nan
262.3995416164398,-0.4000000059604645,4.0269999504089355,4.057000160217285,4.053999900817871,4.059000015258789,4.059999942779541,4.064000129699707,nan,nan,nan,nan,nan,nan
262.56007647514343,-0.4099999964237213,4.0269999504089355,4.057000160217285,4.053999900817871,4.059000015258789,4.059000015258789,4.063000202178955,nan,nan,nan,nan,nan,nan
262.7388343811035,-0.4000000059604645,4.0269999504089355,4.057000160217285,4.053999900817871,4.059000015258789,4.059000015258789,4.063000202178955,nan,nan,nan,nan,nan,nan
262.91930198669434,-0.4000000059604645,4.0269999504089355,4.057000160217285,4.053999900817871,4.059000015258789,4.059000015258789,4.064000129699707,nan,nan,nan,nan,nan,nan
263.07901406288147,-0.4099999964237213,4.0269999504089355,4.057000160217285,4.053999900817871,4.059000015258789,4.059000015258789,4.064000129699707,nan,nan,nan,nan,nan,nan
263.2592558860779,-0.4000000059604645,4.0269999504089355,4.057000160217285,4.053999900817871,4.059000015258789,4.059999942779541,4.063000202178955,nan,nan,nan,nan,nan,nan
263.41882586479187,-0.4000000059604645,4.0269999504089355,4.057000160217285,4.053999900817871,4.059000015258789,4.059999942779541,4.064000129699707,nan,nan,nan,nan,nan,nan
263.59925413131714,-0.38999998569488525,4.0269999504089355,4.057000160217285,4.053999900817871,4.059000015258789,4.059000015258789,4.063000202178955,nan,nan,nan,nan,nan,nan
263.77941036224365,-0.4000000059604645,4.0269999504089355,4.057000160217285,4.053999900817871,4.059000015258789,4.059000015258789,4.064000129699707,nan,nan,nan,nan,nan,nan
263.93892526626587,-0.4000000059604645,4.0269999504089355,4.057000160217285,4.053999900817871,4.059000015258789,4.059000015258789,4.064000129699707,nan,nan,nan,nan,nan,nan
264.11915731430054,-0.4000000059604645,4.0269999504089355,4.057000160217285,4.053999900817871,4.059000015258789,4.059000015258789,4.064000129699707,nan,nan,nan,nan,nan,nan
264.27893900871277,-0.4000000059604645,4.0269999504089355,4.057000160217285,4.053999900817871,4.059000015258789,4.059999942779541,4.064000129699707,nan,nan,nan,nan,nan,nan
264.4593517780304,-0.4099999964237213,4.0269999504089355,4.057000160217285,4.053999900817871,4.059000015258789,4.059000015258789,4.063000202178955,nan,nan,nan,nan,nan,nan
264.6395583152771,-0.4000000059604645,4.0269999504089355,4.057000160217285,4.053999900817871,4.059000015258789,4.059000015258789,4.063000202178955,nan,nan,nan,nan,nan,nan
264.7992193698883,-0.4000000059604645,4.0269999504089355,4.057000160217285,4.053999900817871,4.059000015258789,4.059000015258789,4.063000202178955,nan,nan,nan,nan,nan,nan
264.97934889793396,-0.4000000059604645,4.0269999504089355,4.057000160217285,4.053999900817871,4.059000015258789,4.059000015258789,4.063000202178955,nan,nan,nan,nan,nan,nan
265.1611053943634,-0.4000000059604645,4.0269999504089355,4.057000160217285,4.053999900817871,4.059000015258789,4.059000015258789,4.063000202178955,nan,nan,nan,nan,nan,nan
265.3205511569977,-0.4000000059604645,4.0269999504089355,4.057000160217285,4.053999900817871,4.059000015258789,4.059000015258789,4.064000129699707,nan,nan,nan,nan,nan,nan
265.4994158744812,-0.4000000059604645,4.0269999504089355,4.057000160217285,4.053999900817871,4.059000015258789,4.059000015258789,4.064000129699707,nan,nan,nan,nan,nan,nan
265.6590647697449,-0.4099999964237213,4.0269999504089355,4.057000160217285,4.053999900817871,4.059000015258789,4.059000015258789,4.064000129699707,nan,nan,nan,nan,nan,nan
265.83945059776306,-0.4099999964237213,4.0269999504089355,4.057000160217285,4.053999900817871,4.059000015258789,4.059000015258789,4.064000129699707,nan,nan,nan,nan,nan,nan
266.0192131996155,-0.4000000059604645,4.0269999504089355,4.057000160217285,4.053999900817871,4.059000015258789,4.059000015258789,4.063000202178955,nan,nan,nan,nan,nan,nan
266.1789438724518,-0.4099999964237213,4.0269999504089355,4.057000160217285,4.053999900817871,4.059000015258789,4.059000015258789,4.063000202178955,nan,nan,nan,nan,nan,nan
266.359570980072,-0.3799999952316284,4.0269999504089355,4.057000160217285,4.053999900817871,4.059000015258789,4.059000015258789,4.064000129699707,nan,nan,nan,nan,nan,nan
266.5192816257477,-0.4000000059604645,4.0269999504089355,4.057000160217285,4.053999900817871,4.059000015258789,4.059000015258789,4.063000202178955,nan,nan,nan,nan,nan,nan
266.6994915008545,-0.4099999964237213,4.0269999504089355,4.057000160217285,4.053999900817871,4.059000015258789,4.059000015258789,4.064000129699707,nan,nan,nan,nan,nan,nan
266.8797426223755,-0.4000000059604645,4.0269999504089355,4.057000160217285,4.053999900817871,4.059000015258789,4.059000015258789,4.063000202178955,nan,nan,nan,nan,nan,nan
267.04088521003723,-0.4099999964237213,4.0269999504089355,4.057000160217285,4.053999900817871,4.059000015258789,4.059000015258789,4.064000129699707,nan,nan,nan,nan,nan,nan
267.21983528137207,-0.41999998688697815,4.0269999504089355,4.057000160217285,4.053999900817871,4.059000015258789,4.059000015258789,4.064000129699707,nan,nan,nan,nan,nan,nan
267.4000496864319,-0.4000000059604645,4.0269999504089355,4.057000160217285,4.053999900817871,4.059000015258789,4.059000015258789,4.063000202178955,nan,nan,nan,nan,nan,nan
267.56003880500793,-0.38999998569488525,4.0269999504089355,4.057000160217285,4.053999900817871,4.059000015258789,4.059000015258789,4.063000202178955,nan,nan,nan,nan,nan,nan
267.7400393486023,-0.4000000059604645,4.0269999504089355,4.057000160217285,4.053999900817871,4.059000015258789,4.059000015258789,4.063000202178955,nan,nan,nan,nan,nan,nan
267.89965748786926,-0.4000000059604645,4.0269999504089355,4.057000160217285,4.053999900817871,4.059000015258789,4.059000015258789,4.064000129699707,nan,nan,nan,nan,nan,nan
268.07988142967224,-0.38999998569488525,4.0269999504089355,4.057000160217285,4.053999900817871,4.059000015258789,4.059000015258789,4.063000202178955,nan,nan,nan,nan,nan,nan
268.25861835479736,-0.38999998569488525,4.0269999504089355,4.057000160217285,4.053999900817871,4.059000015258789,4.059000015258789,4.064000129699707,nan,nan,nan,nan,nan,nan
268.4200212955475,-0.4300000071525574,4.0269999504089355,4.057000160217285,4.053999900817871,4.059000015258789,4.059000015258789,4.064000129699707,nan,nan,nan,nan,nan,nan
268.59991812705994,-0.4099999964237213,4.0269999504089355,4.057000160217285,4.053999900817871,4.059000015258789,4.059000015258789,4.064000129699707,nan,nan,nan,nan,nan,nan
268.77890062332153,-0.4099999964237213,4.0269999504089355,4.057000160217285,4.053999900817871,4.059000015258789,4.059000015258789,4.063000202178955,nan,nan,nan,nan,nan,nan
268.93830394744873,-0.38999998569488525,4.0269999504089355,4.057000160217285,4.053999900817871,4.059000015258789,4.059000015258789,4.063000202178955,nan,nan,nan,nan,nan,nan
269.1205780506134,-0.4000000059604645,4.0269999504089355,4.057000160217285,4.053999900817871,4.059000015258789,4.059000015258789,4.063000202178955,nan,nan,nan,nan,nan,nan
269.28027629852295,-0.4000000059604645,4.0269999504089355,4.057000160217285,4.053999900817871,4.059000015258789,4.059000015258789,4.063000202178955,nan,nan,nan,nan,nan,nan
269.4589810371399,-0.4099999964237213,4.0269999504089355,4.057000160217285,4.053999900817871,4.059000015258789,4.059000015258789,4.063000202178955,nan,nan,nan,nan,nan,nan
269.6389510631561,-0.38999998569488525,4.0269999504089355,4.057000160217285,4.053999900817871,4.059000015258789,4.059000015258789,4.063000202178955,nan,nan,nan,nan,nan,nan
269.8001012802124,-0.38999998569488525,4.0269999504089355,4.057000160217285,4.053999900817871,4.059000015258789,4.059000015258789,4.063000202178955,nan,nan,nan,nan,nan,nan
269.9798774719238,-0.4000000059604645,4.0269999504089355,4.057000160217285,4.053999900817871,4.059000015258789,4.059000015258789,4.063000202178955,nan,nan,nan,nan,nan,nan
270.1393418312073,-0.4000000059604645,4.0269999504089355,4.057000160217285,4.053999900817871,4.059000015258789,4.059000015258789,4.064000129699707,nan,nan,nan,nan,nan,nan
270.31957268714905,-0.4000000059604645,4.0269999504089355,4.057000160217285,4.053999900817871,4.059000015258789,4.059000015258789,4.063000202178955,nan,nan,nan,nan,nan,nan
270.49999237060547,-0.4099999964237213,4.0269999504089355,4.057000160217285,4.053999900817871,4.059000015258789,4.059000015258789,4.064000129699707,nan,nan,nan,nan,nan,nan
270.6596939563751,-0.4000000059604645,4.0269999504089355,4.057000160217285,4.053999900817871,4.059000015258789,4.059000015258789,4.063000202178955,nan,nan,nan,nan,nan,nan
270.83984112739563,-0.4099999964237213,4.0269999504089355,4.057000160217285,4.053999900817871,4.059000015258789,4.059000015258789,4.063000202178955,nan,nan,nan,nan,nan,nan
271.0009300708771,-0.4099999964237213,4.0269999504089355,4.057000160217285,4.053999900817871,4.059000015258789,4.059000015258789,4.063000202178955,nan,nan,nan,nan,nan,nan
271.17985820770264,-0.4000000059604645,4.0269999504089355,4.057000160217285,4.053999900817871,4.059000015258789,4.059000015258789,4.063000202178955,nan,nan,nan,nan,nan,nan
271.3605008125305,-0.38999998569488525,4.0269999504089355,4.057000160217285,4.053999900817871,4.059000015258789,4.059000015258789,4.063000202178955,nan,nan,nan,nan,nan,nan
271.5198321342468,-0.4000000059604645,4.0269999504089355,4.057000160217285,4.053999900817871,4.059000015258789,4.059000015258789,4.064000129699707,nan,nan,nan,nan,nan,nan
271.7001163959503,-0.4000000059604645,4.0269999504089355,4.057000160217285,4.053999900817871,4.059000015258789,4.059000015258789,4.063000202178955,nan,nan,nan,nan,nan,nan
271.87912940979004,-0.4000000059604645,4.0269999504089355,4.057000160217285,4.053999900817871,4.059000015258789,4.059000015258789,4.064000129699707,nan,nan,nan,nan,nan,nan
272.04012298583984,-0.4000000059604645,4.0269999504089355,4.057000160217285,4.053999900817871,4.059000015258789,4.059000015258789,4.063000202178955,nan,nan,nan,nan,nan,nan
272.21897864341736,-0.4099999964237213,4.0269999504089355,4.057000160217285,4.053999900817871,4.059000015258789,4.059000015258789,4.063000202178955,nan,nan,nan,nan,nan,nan
272.37993454933167,-0.4099999964237213,4.0269999504089355,4.057000160217285,4.053999900817871,4.059000015258789,4.059000015258789,4.064000129699707,nan,nan,nan,nan,nan,nan
272.55873799324036,-0.4000000059604645,4.0269999504089355,4.057000160217285,4.053999900817871,4.058000087738037,4.059000015258789,4.063000202178955,nan,nan,nan,nan,nan,nan
272.7392191886902,-0.38999998569488525,4.0269999504089355,4.057000160217285,4.053999900817871,4.059000015258789,4.059000015258789,4.063000202178955,nan,nan,nan,nan,nan,nan
272.900009393692,-0.4099999964237213,4.0269999504089355,4.057000160217285,4.053999900817871,4.059000015258789,4.059000015258789,4.063000202178955,nan,nan,nan,nan,nan,nan
273.08028650283813,-0.4099999964237213,4.0269999504089355,4.057000160217285,4.053999900817871,4.059000015258789,4.059000015258789,4.064000129699707,nan,nan,nan,nan,nan,nan
273.258971452713,-0.4000000059604645,4.0269999504089355,4.057000160217285,4.053999900817871,4.059000015258789,4.059000015258789,4.063000202178955,nan,nan,nan,nan,nan,nan
273.420175075531,-0.4000000059604645,4.0269999504089355,4.057000160217285,4.053999900817871,4.058000087738037,4.059000015258789,4.063000202178955,nan,nan,nan,nan,nan,nan
273.5990173816681,-0.38999998569488525,4.0269999504089355,4.057000160217285,4.052999973297119,4.059000015258789,4.059000015258789,4.063000202178955,nan,nan,nan,nan,nan,nan
273.75876355171204,-0.4000000059604645,4.0269999504089355,4.057000160217285,4.053999900817871,4.059000015258789,4.059000015258789,4.063000202178955,nan,nan,nan,nan,nan,nan
273.9390435218811,-0.38999998569488525,4.0269999504089355,4.057000160217285,4.053999900817871,4.059000015258789,4.059000015258789,4.064000129699707,nan,nan,nan,nan,nan,nan
274.1196184158325,-0.4099999964237213,4.0269999504089355,4.057000160217285,4.053999900817871,4.059000015258789,4.059000015258789,4.063000202178955,nan,nan,nan,nan,nan,nan
274.2789874076843,-0.4000000059604645,4.0269999504089355,4.057000160217285,4.053999900817871,4.059000015258789,4.059000015258789,4.063000202178955,nan,nan,nan,nan,nan,nan
274.4591133594513,-0.4099999964237213,4.0269999504089355,4.057000160217285,4.053999900817871,4.058000087738037,4.059000015258789,4.063000202178955,nan,nan,nan,nan,nan,nan
274.6203866004944,-0.4099999964237213,4.0269999504089355,4.057000160217285,4.053999900817871,4.059000015258789,4.059000015258789,4.063000202178955,nan,nan,nan,nan,nan,nan
274.8004949092865,-0.4000000059604645,4.0269999504089355,4.057000160217285,4.053999900817871,4.059000015258789,4.059000015258789,4.063000202178955,nan,nan,nan,nan,nan,nan
274.9808340072632,-0.4000000059604645,4.0269999504089355,4.057000160217285,4.053999900817871,4.059000015258789,4.059000015258789,4.063000202178955,nan,nan,nan,nan,nan,nan
275.13902378082275,-0.4000000059604645,4.0269999504089355,4.057000160217285,4.053999900817871,4.058000087738037,4.059000015258789,4.063000202178955,nan,nan,nan,nan,nan,nan
275.31941270828247,-0.38999998569488525,4.0269999504089355,4.057000160217285,4.053999900817871,4.059000015258789,4.059000015258789,4.063000202178955,nan,nan,nan,nan,nan,nan
275.49956464767456,-0.38999998569488525,4.0269999504089355,4.057000160217285,4.053999900817871,4.059000015258789,4.059000015258789,4.064000129699707,nan,nan,nan,nan,nan,nan
275.6596236228943,-0.4000000059604645,4.0269999504089355,4.057000160217285,4.053999900817871,4.059000015258789,4.059000015258789,4.063000202178955,nan,nan,nan,nan,nan,nan
275.8392653465271,-0.4000000059604645,4.0269999504089355,4.057000160217285,4.053999900817871,4.059000015258789,4.059000015258789,4.063000202178955,nan,nan,nan,nan,nan,nan
276.00043392181396,-0.4099999964237213,4.0269999504089355,4.057000160217285,4.053999900817871,4.059000015258789,4.059000015258789,4.064000129699707,nan,nan,nan,nan,nan,nan
276.18192982673645,-0.4099999964237213,4.0269999504089355,4.057000160217285,4.053999900817871,4.059000015258789,4.059000015258789,4.064000129699707,nan,nan,nan,nan,nan,nan
276.3594946861267,-0.4000000059604645,4.0269999504089355,4.057000160217285,4.053999900817871,4.058000087738037,4.059000015258789,4.063000202178955,nan,nan,nan,nan,nan,nan
276.5201234817505,-0.4000000059604645,4.0269999504089355,4.057000160217285,4.053999900817871,4.059000015258789,4.059000015258789,4.064000129699707,nan,nan,nan,nan,nan,nan
276.69892477989197,-0.4099999964237213,4.0269999504089355,4.057000160217285,4.053999900817871,4.059000015258789,4.059000015258789,4.063000202178955,nan,nan,nan,nan,nan,nan
276.85996866226196,-0.4000000059604645,4.0269999504089355,4.057000160217285,4.053999900817871,4.058000087738037,4.059000015258789,4.063000202178955,nan,nan,nan,nan,nan,nan
277.0403962135315,-0.4000000059604645,4.0269999504089355,4.057000160217285,4.053999900817871,4.059000015258789,4.059000015258789,4.063000202178955,nan,nan,nan,nan,nan,nan
277.21943640708923,-0.4000000059604645,4.0269999504089355,4.057000160217285,4.053999900817871,4.059000015258789,4.059000015258789,4.063000202178955,nan,nan,nan,nan,nan,nan
277.3798954486847,-0.3799999952316284,4.0269999504089355,4.057000160217285,4.053999900817871,4.059000015258789,4.059000015258789,4.063000202178955,nan,nan,nan,nan,nan,nan
277.56015968322754,-0.4099999964237213,4.0269999504089355,4.057000160217285,4.053999900817871,4.059000015258789,4.059000015258789,4.064000129699707,nan,nan,nan,nan,nan,nan
277.74047565460205,-0.4000000059604645,4.0269999504089355,4.057000160217285,4.053999900817871,4.059000015258789,4.059000015258789,4.063000202178955,nan,nan,nan,nan,nan,nan
277.8996241092682,-0.4000000059604645,4.0269999504089355,4.057000160217285,4.053999900817871,4.059000015258789,4.059000015258789,4.063000202178955,nan,nan,nan,nan,nan,nan
278.0803396701813,-0.4000000059604645,4.0269999504089355,4.057000160217285,4.053999900817871,4.059000015258789,4.059000015258789,4.063000202178955,nan,nan,nan,nan,nan,nan
278.24112343788147,-0.38999998569488525,4.0269999504089355,4.057000160217285,4.053999900817871,4.059000015258789,4.059000015258789,4.063000202178955,nan,nan,nan,nan,nan,nan
278.4201936721802,-0.4000000059604645,4.0269999504089355,4.057000160217285,4.053999900817871,4.059000015258789,4.059000015258789,4.063000202178955,nan,nan,nan,nan,nan,nan
278.6003897190094,-0.4000000059604645,4.0269999504089355,4.057000160217285,4.053999900817871,4.058000087738037,4.059000015258789,4.063000202178955,nan,nan,nan,nan,nan,nan
278.7599239349365,-0.4000000059604645,4.0269999504089355,4.057000160217285,4.053999900817871,4.059000015258789,4.059000015258789,4.063000202178955,nan,nan,nan,nan,nan,nan
278.9399154186249,-0.4099999964237213,4.0269999504089355,4.057000160217285,4.053999900817871,4.058000087738037,4.059000015258789,4.063000202178955,nan,nan,nan,nan,nan,nan
279.09940123558044,-0.4000000059604645,4.0269999504089355,4.057000160217285,4.053999900817871,4.058000087738037,4.059000015258789,4.064000129699707,nan,nan,nan,nan,nan,nan
279.280024766922,-0.4000000059604645,4.0269999504089355,4.057000160217285,4.053999900817871,4.059000015258789,4.059000015258789,4.063000202178955,nan,nan,nan,nan,nan,nan
279.46012568473816,-0.41999998688697815,4.026000022888184,4.057000160217285,4.053999900817871,4.059000015258789,4.059000015258789,4.063000202178955,nan,nan,nan,nan,nan,nan
279.61943554878235,-0.38999998569488525,4.0269999504089355,4.057000160217285,4.053999900817871,4.058000087738037,4.059000015258789,4.063000202178955,nan,nan,nan,nan,nan,nan
279.7997727394104,-0.38999998569488525,4.0269999504089355,4.057000160217285,4.053999900817871,4.059000015258789,4.059000015258789,4.063000202178955,nan,nan,nan,nan,nan,nan
279.9589612483978,-0.4099999964237213,4.0269999504089355,4.057000160217285,4.053999900817871,4.059000015258789,4.059000015258789,4.063000202178955,nan,nan,nan,nan,nan,nan
280.1393852233887,-0.4000000059604645,4.026000022888184,4.057000160217285,4.053999900817871,4.059000015258789,4.059000015258789,4.063000202178955,nan,nan,nan,nan,nan,nan
280.32094860076904,-0.38999998569488525,4.0269999504089355,4.057000160217285,4.053999900817871,4.059000015258789,4.059000015258789,4.063000202178955,nan,nan,nan,nan,nan,nan
280.4809811115265,-0.4300000071525574,4.0269999504089355,4.057000160217285,4.053999900817871,4.058000087738037,4.059000015258789,4.063000202178955,nan,nan,nan,nan,nan,nan
280.6604993343353,-0.7300000190734863,4.02400016784668,4.053999900817871,4.050000190734863,4.056000232696533,4.056000232696533,4.059000015258789,nan,nan,nan,nan,nan,0.013333955870709584
280.8396852016449,-0.699999988079071,4.026000022888184,4.056000232696533,4.052999973297119,4.058000087738037,4.058000087738037,4.061999797821045,nan,nan,nan,nan,nan,nan
280.99916791915894,-0.7799999713897705,4.026000022888184,4.056000232696533,4.052000045776367,4.057000160217285,4.058000087738037,4.061999797821045,nan,nan,nan,nan,nan,nan
281.17920875549316,-0.5799999833106995,4.026000022888184,4.056000232696533,4.052999973297119,4.058000087738037,4.058000087738037,4.063000202178955,nan,nan,nan,nan,nan,nan
281.3401062488556,-0.6499999761581421,4.026000022888184,4.056000232696533,4.052999973297119,4.058000087738037,4.058000087738037,4.061999797821045,nan,nan,nan,nan,nan,nan
281.51915740966797,-0.6399999856948853,4.026000022888184,4.056000232696533,4.052999973297119,4.058000087738037,4.058000087738037,4.063000202178955,nan,nan,nan,nan,nan,nan
281.6991620063782,-0.5899999737739563,4.026000022888184,4.056000232696533,4.052999973297119,4.058000087738037,4.058000087738037,4.061999797821045,nan,nan,nan,nan,nan,nan
281.8602511882782,-0.6299999952316284,4.026000022888184,4.056000232696533,4.052999973297119,4.057000160217285,4.058000087738037,4.061999797821045,nan,nan,nan,nan,nan,nan
282.0391843318939,-0.5799999833106995,4.026000022888184,4.056000232696533,4.052999973297119,4.057000160217285,4.058000087738037,4.061999797821045,nan,nan,nan,nan,nan,nan
282.20036697387695,-0.6800000071525574,4.026000022888184,4.056000232696533,4.052000045776367,4.058000087738037,4.058000087738037,4.061999797821045,nan,nan,nan,nan,nan,nan
282.3792214393616,-0.7300000190734863,4.026000022888184,4.056000232696533,4.052999973297119,4.057000160217285,4.058000087738037,4.061999797821045,nan,nan,nan,nan,nan,nan
282.55981159210205,-0.6499999761581421,4.026000022888184,4.056000232696533,4.052999973297119,4.058000087738037,4.058000087738037,4.061999797821045,nan,nan,nan,nan,nan,nan
282.72048592567444,-0.6200000047683716,4.026000022888184,4.056000232696533,4.052000045776367,4.057000160217285,4.058000087738037,4.061999797821045,nan,nan,nan,nan,nan,nan
282.89941120147705,-0.5699999928474426,4.025000095367432,4.056000232696533,4.052999973297119,4.057000160217285,4.058000087738037,4.061999797821045,nan,nan,nan,nan,nan,nan
283.0813775062561,-0.6100000143051147,4.026000022888184,4.056000232696533,4.052999973297119,4.057000160217285,4.058000087738037,4.061999797821045,nan,nan,nan,nan,nan,nan
283.2390351295471,-0.5799999833106995,4.026000022888184,4.056000232696533,4.052999973297119,4.057000160217285,4.058000087738037,4.061999797821045,nan,nan,nan,nan,nan,nan
283.4193072319031,-0.7300000190734863,4.026000022888184,4.056000232696533,4.052999973297119,4.057000160217285,4.058000087738037,4.061999797821045,nan,nan,nan,nan,nan,nan
283.57926177978516,-0.6700000166893005,4.026000022888184,4.056000232696533,4.052999973297119,4.057000160217285,4.058000087738037,4.061999797821045,nan,nan,nan,nan,nan,nan
283.76074862480164,-0.699999988079071,4.026000022888184,4.056000232696533,4.052000045776367,4.057000160217285,4.058000087738037,4.061999797821045,nan,nan,nan,nan,nan,nan
283.9398305416107,-0.5799999833106995,4.026000022888184,4.056000232696533,4.052000045776367,4.058000087738037,4.058000087738037,4.061999797821045,nan,nan,nan,nan,nan,nan
284.10072088241577,-0.6000000238418579,4.026000022888184,4.056000232696533,4.052999973297119,4.057000160217285,4.058000087738037,4.061999797821045,nan,nan,nan,nan,nan,nan
284.2793514728546,-0.6000000238418579,4.026000022888184,4.056000232696533,4.052999973297119,4.057000160217285,4.058000087738037,4.061999797821045,nan,nan,nan,nan,nan,nan
284.43990206718445,-0.6800000071525574,4.025000095367432,4.056000232696533,4.052999973297119,4.057000160217285,4.058000087738037,4.061999797821045,nan,nan,nan,nan,nan,nan
284.62038493156433,-0.5699999928474426,4.025000095367432,4.056000232696533,4.052000045776367,4.057000160217285,4.057000160217285,4.061999797821045,nan,nan,nan,nan,nan,nan
284.80036425590515,-0.6100000143051147,4.026000022888184,4.056000232696533,4.052000045776367,4.057000160217285,4.058000087738037,4.061999797821045,nan,nan,nan,nan,nan,nan
284.960001707077,-0.699999988079071,4.025000095367432,4.056000232696533,4.052000045776367,4.057000160217285,4.058000087738037,4.061999797821045,nan,nan,nan,nan,nan,nan
285.1399099826813,-0.7400000095367432,4.026000022888184,4.056000232696533,4.052000045776367,4.057000160217285,4.058000087738037,4.061999797821045,nan,nan,nan,nan,nan,nan
285.30095052719116,-0.5600000023841858,4.025000095367432,4.056000232696533,4.052000045776367,4.057000160217285,4.058000087738037,4.061999797821045,nan,nan,nan,nan,nan,nan
285.48000144958496,-0.7099999785423279,4.025000095367432,4.056000232696533,4.052000045776367,4.057000160217285,4.058000087738037,4.061999797821045,nan,nan,nan,nan,nan,nan
285.66045808792114,-0.6000000238418579,4.025000095367432,4.056000232696533,4.052000045776367,4.057000160217285,4.058000087738037,4.061999797821045,nan,nan,nan,nan,nan,nan
285.81986927986145,-0.6100000143051147,4.025000095367432,4.056000232696533,4.052000045776367,4.057000160217285,4.058000087738037,4.061999797821045,nan,nan,nan,nan,nan,nan
285.9995217323303,-0.7300000190734863,4.025000095367432,4.056000232696533,4.052000045776367,4.057000160217285,4.058000087738037,4.061999797821045,nan,nan,nan,nan,nan,nan
286.17974829673767,-0.5699999928474426,4.025000095367432,4.056000232696533,4.052000045776367,4.057000160217285,4.057000160217285,4.061999797821045,nan,nan,nan,nan,nan,nan
286.3409733772278,-0.6100000143051147,4.025000095367432,4.054999828338623,4.052000045776367,4.057000160217285,4.057000160217285,4.061999797821045,nan,nan,nan,nan,nan,nan
286.5197479724884,-0.4000000059604645,4.025000095367432,4.056000232696533,4.052999973297119,4.058000087738037,4.058000087738037,4.061999797821045,nan,nan,nan,nan,nan,nan
286.68077969551086,-0.4000000059604645,4.026000022888184,4.056000232696533,4.052999973297119,4.058000087738037,4.058000087738037,4.063000202178955,nan,nan,nan,nan,nan,nan
286.8590693473816,-0.4000000059604645,4.026000022888184,4.056000232696533,4.052999973297119,4.058000087738037,4.058000087738037,4.063000202178955,nan,nan,nan,nan,nan,nan
287.03955936431885,-0.38999998569488525,4.026000022888184,4.056000232696533,4.052999973297119,4.058000087738037,4.058000087738037,4.063000202178955,nan,nan,nan,nan,nan,nan
287.1993134021759,-0.4000000059604645,4.026000022888184,4.056000232696533,4.052999973297119,4.058000087738037,4.058000087738037,4.061999797821045,nan,nan,nan,nan,nan,nan
287.3794732093811,-0.4099999964237213,4.026000022888184,4.056000232696533,4.052999973297119,4.058000087738037,4.058000087738037,4.063000202178955,nan,nan,nan,nan,nan,nan
287.5399544239044,-0.4099999964237213,4.026000022888184,4.056000232696533,4.052999973297119,4.058000087738037,4.058000087738037,4.063000202178955,nan,nan,nan,nan,nan,nan
287.7184724807739,-0.4000000059604645,4.026000022888184,4.056000232696533,4.052999973297119,4.058000087738037,4.058000087738037,4.063000202178955,nan,nan,nan,nan,nan,nan
287.8990623950958,-0.38999998569488525,4.026000022888184,4.056000232696533,4.052999973297119,4.058000087738037,4.058000087738037,4.063000202178955,nan,nan,nan,nan,nan,nan
288.059939622879,-0.4099999964237213,4.026000022888184,4.056000232696533,4.052999973297119,4.058000087738037,4.058000087738037,4.063000202178955,nan,nan,nan,nan,nan,nan
288.2394070625305,-0.4099999964237213,4.026000022888184,4.056000232696533,4.052999973297119,4.058000087738037,4.058000087738037,4.061999797821045,nan,nan,nan,nan,nan,nan
288.4194481372833,-0.4000000059604645,4.026000022888184,4.056000232696533,4.052999973297119,4.058000087738037,4.058000087738037,4.063000202178955,nan,nan,nan,nan,nan,nan
288.5805563926697,-0.4000000059604645,4.026000022888184,4.056000232696533,4.052999973297119,4.058000087738037,4.058000087738037,4.063000202178955,nan,nan,nan,nan,nan,nan
288.7594590187073,-0.4000000059604645,4.026000022888184,4.056000232696533,4.052999973297119,4.058000087738037,4.058000087738037,4.063000202178955,nan,nan,nan,nan,nan,nan
288.91952419281006,-0.4000000059604645,4.026000022888184,4.056000232696533,4.052999973297119,4.058000087738037,4.058000087738037,4.063000202178955,nan,nan,nan,nan,nan,nan
289.1009111404419,-0.4099999964237213,4.026000022888184,4.056000232696533,4.052999973297119,4.058000087738037,4.058000087738037,4.063000202178955,nan,nan,nan,nan,nan,nan
289.28072690963745,-0.4000000059604645,4.026000022888184,4.056000232696533,4.052999973297119,4.058000087738037,4.058000087738037,4.063000202178955,nan,nan,nan,nan,nan,nan
289.43946266174316,-0.4000000059604645,4.026000022888184,4.056000232696533,4.052999973297119,4.058000087738037,4.058000087738037,4.061999797821045,nan,nan,nan,nan,nan,nan
289.6192967891693,-0.41999998688697815,4.026000022888184,4.056000232696533,4.052999973297119,4.058000087738037,4.058000087738037,4.063000202178955,nan,nan,nan,nan,nan,nan
289.78061056137085,-0.4099999964237213,4.026000022888184,4.056000232696533,4.052999973297119,4.057000160217285,4.058000087738037,4.063000202178955,nan,nan,nan,nan,nan,nan
289.95958399772644,-0.4099999964237213,4.026000022888184,4.056000232696533,4.052999973297119,4.058000087738037,4.058000087738037,4.063000202178955,nan,nan,nan,nan,nan,nan
290.13961696624756,-0.4000000059604645,4.026000022888184,4.056000232696533,4.052999973297119,4.058000087738037,4.058000087738037,4.063000202178955,nan,nan,nan,nan,nan,nan
290.29925537109375,-0.38999998569488525,4.026000022888184,4.056000232696533,4.052999973297119,4.058000087738037,4.058000087738037,4.063000202178955,nan,nan,nan,nan,nan,nan
290.4795813560486,-0.38999998569488525,4.026000022888184,4.056000232696533,4.052999973297119,4.058000087738037,4.058000087738037,4.063000202178955,nan,nan,nan,nan,nan,nan
290.65967082977295,-0.4099999964237213,4.026000022888184,4.056000232696533,4.052999973297119,4.058000087738037,4.058000087738037,4.063000202178955,nan,nan,nan,nan,nan,nan
290.82074451446533,-0.4000000059604645,4.026000022888184,4.056000232696533,4.052999973297119,4.058000087738037,4.058000087738037,4.063000202178955,nan,nan,nan,nan,nan,nan
290.9993259906769,-0.4000000059604645,4.026000022888184,4.056000232696533,4.052999973297119,4.058000087738037,4.059000015258789,4.063000202178955,nan,nan,nan,nan,nan,nan
291.1594169139862,-0.4000000059604645,4.026000022888184,4.056000232696533,4.052999973297119,4.058000087738037,4.058000087738037,4.061999797821045,nan,nan,nan,nan,nan,nan
291.3390953540802,-0.4099999964237213,4.026000022888184,4.056000232696533,4.052999973297119,4.058000087738037,4.058000087738037,4.063000202178955,nan,nan,nan,nan,nan,nan
291.5193407535553,-0.4000000059604645,4.026000022888184,4.056000232696533,4.052999973297119,4.058000087738037,4.058000087738037,4.063000202178955,nan,nan,nan,nan,nan,nan
291.68058586120605,-0.4000000059604645,4.026000022888184,4.056000232696533,4.052999973297119,4.058000087738037,4.058000087738037,4.063000202178955,nan,nan,nan,nan,nan,nan
291.8594448566437,-0.4099999964237213,4.026000022888184,4.056000232696533,4.052999973297119,4.058000087738037,4.058000087738037,4.063000202178955,nan,nan,nan,nan,nan,nan
292.0199193954468,-0.4000000059604645,4.026000022888184,4.056000232696533,4.052999973297119,4.058000087738037,4.058000087738037,4.063000202178955,nan,nan,nan,nan,nan,nan
292.2005205154419,-0.38999998569488525,4.026000022888184,4.056000232696533,4.052999973297119,4.058000087738037,4.058000087738037,4.061999797821045,nan,nan,nan,nan,nan,nan
292.37903118133545,-0.4000000059604645,4.026000022888184,4.056000232696533,4.052999973297119,4.058000087738037,4.058000087738037,4.063000202178955,nan,nan,nan,nan,nan,nan
292.5400199890137,-0.4000000059604645,4.026000022888184,4.056000232696533,4.052999973297119,4.058000087738037,4.058000087738037,4.063000202178955,nan,nan,nan,nan,nan,nan
292.71896171569824,-0.4000000059604645,4.026000022888184,4.056000232696533,4.052999973297119,4.058000087738037,4.059000015258789,4.063000202178955,nan,nan,nan,nan,nan,nan
292.9004456996918,-0.4000000059604645,4.026000022888184,4.056000232696533,4.052999973297119,4.058000087738037,4.058000087738037,4.061999797821045,nan,nan,nan,nan,nan,nan
293.05983781814575,-0.4000000059604645,4.026000022888184,4.056000232696533,4.052999973297119,4.058000087738037,4.058000087738037,4.063000202178955,nan,nan,nan,nan,nan,nan
293.2404353618622,-0.4000000059604645,4.026000022888184,4.056000232696533,4.052999973297119,4.058000087738037,4.058000087738037,4.063000202178955,nan,nan,nan,nan,nan,nan
293.40109419822693,-0.4000000059604645,4.026000022888184,4.056000232696533,4.052999973297119,4.058000087738037,4.058000087738037,4.063000202178955,nan,nan,nan,nan,nan,nan
293.57988023757935,-0.4099999964237213,4.026000022888184,4.056000232696533,4.052999973297119,4.058000087738037,4.058000087738037,4.063000202178955,nan,nan,nan,nan,nan,nan
293.75993824005127,-0.4000000059604645,4.026000022888184,4.056000232696533,4.052999973297119,4.058000087738037,4.059000015258789,4.061999797821045,nan,nan,nan,nan,nan,nan
293.9210033416748,-0.4000000059604645,4.026000022888184,4.056000232696533,4.052999973297119,4.058000087738037,4.058000087738037,4.063000202178955,nan,nan,nan,nan,nan,nan
294.1002357006073,-0.4300000071525574,4.026000022888184,4.056000232696533,4.052999973297119,4.058000087738037,4.058000087738037,4.063000202178955,nan,nan,nan,nan,nan,nan
294.26057600975037,-0.4000000059604645,4.026000022888184,4.056000232696533,4.052999973297119,4.058000087738037,4.058000087738037,4.063000202178955,nan,nan,nan,nan,nan,nan
294.4397988319397,-0.4000000059604645,4.026000022888184,4.056000232696533,4.052999973297119,4.058000087738037,4.058000087738037,4.063000202178955,nan,nan,nan,nan,nan,nan
294.619234085083,-0.38999998569488525,4.026000022888184,4.056000232696533,4.052999973297119,4.058000087738037,4.058000087738037,4.063000202178955,nan,nan,nan,nan,nan,nan
294.7801547050476,-0.4099999964237213,4.026000022888184,4.056000232696533,4.052999973297119,4.058000087738037,4.058000087738037,4.061999797821045,nan,nan,nan,nan,nan,nan
294.9603614807129,-0.4099999964237213,4.026000022888184,4.056000232696533,4.052999973297119,4.058000087738037,4.058000087738037,4.063000202178955,nan,nan,nan,nan,nan,nan
295.1201457977295,-0.4000000059604645,4.026000022888184,4.056000232696533,4.052999973297119,4.058000087738037,4.058000087738037,4.063000202178955,nan,nan,nan,nan,nan,nan
295.29993748664856,-0.4000000059604645,4.026000022888184,4.056000232696533,4.052999973297119,4.058000087738037,4.058000087738037,4.063000202178955,nan,nan,nan,nan,nan,nan
295.4801821708679,-0.41999998688697815,4.026000022888184,4.056000232696533,4.052999973297119,4.058000087738037,4.058000087738037,4.063000202178955,nan,nan,nan,nan,nan,nan
295.63975644111633,-0.4000000059604645,4.026000022888184,4.056000232696533,4.052999973297119,4.058000087738037,4.058000087738037,4.063000202178955,nan,nan,nan,nan,nan,nan
295.8200764656067,-0.38999998569488525,4.026000022888184,4.056000232696533,4.052999973297119,4.058000087738037,4.058000087738037,4.063000202178955,nan,nan,nan,nan,nan,nan
295.9985992908478,-0.4000000059604645,4.026000022888184,4.056000232696533,4.052999973297119,4.058000087738037,4.059000015258789,4.063000202178955,nan,nan,nan,nan,nan,nan
296.1600148677826,-0.41999998688697815,4.026000022888184,4.056000232696533,4.052999973297119,4.058000087738037,4.058000087738037,4.061999797821045,nan,nan,nan,nan,nan,nan
296.33913803100586,-0.4000000059604645,4.026000022888184,4.056000232696533,4.052999973297119,4.058000087738037,4.058000087738037,4.061999797821045,nan,nan,nan,nan,nan,nan
296.4999039173126,-0.4000000059604645,4.026000022888184,4.056000232696533,4.052999973297119,4.058000087738037,4.058000087738037,4.063000202178955,nan,nan,nan,nan,nan,nan
296.6786935329437,-0.4000000059604645,4.026000022888184,4.056000232696533,4.052999973297119,4.058000087738037,4.059000015258789,4.063000202178955,nan,nan,nan,nan,nan,nan
296.86022996902466,-0.4000000059604645,4.026000022888184,4.056000232696533,4.052999973297119,4.058000087738037,4.058000087738037,4.063000202178955,nan,nan,nan,nan,nan,nan
297.02021837234497,-0.4000000059604645,4.026000022888184,4.056000232696533,4.052999973297119,4.058000087738037,4.058000087738037,4.063000202178955,nan,nan,nan,nan,nan,nan
297.20054030418396,-0.4099999964237213,4.026000022888184,4.056000232696533,4.052999973297119,4.058000087738037,4.058000087738037,4.063000202178955,nan,nan,nan,nan,nan,nan
297.3604533672333,-0.4000000059604645,4.026000022888184,4.056000232696533,4.052999973297119,4.058000087738037,4.058000087738037,4.063000202178955,nan,nan,nan,nan,nan,nan
297.5388653278351,-0.4000000059604645,4.026000022888184,4.056000232696533,4.052999973297119,4.058000087738037,4.058000087738037,4.063000202178955,nan,nan,nan,nan,nan,nan
297.71913623809814,-0.38999998569488525,4.026000022888184,4.056000232696533,4.052999973297119,4.058000087738037,4.058000087738037,4.063000202178955,nan,nan,nan,nan,nan,nan
297.8804473876953,-0.4000000059604645,4.026000022888184,4.056000232696533,4.052999973297119,4.058000087738037,4.058000087738037,4.063000202178955,nan,nan,nan,nan,nan,nan
298.060266494751,-0.4000000059604645,4.026000022888184,4.056000232696533,4.052999973297119,4.058000087738037,4.058000087738037,4.063000202178955,nan,nan,nan,nan,nan,nan
298.24140787124634,-0.4000000059604645,4.026000022888184,4.056000232696533,4.052999973297119,4.058000087738037,4.058000087738037,4.063000202178955,nan,nan,nan,nan,nan,nan
298.40006613731384,-0.4000000059604645,4.026000022888184,4.056000232696533,4.052999973297119,4.058000087738037,4.058000087738037,4.063000202178955,nan,nan,nan,nan,nan,nan
298.57994771003723,-0.4000000059604645,4.026000022888184,4.056000232696533,4.052999973297119,4.058000087738037,4.058000087738037,4.063000202178955,nan,nan,nan,nan,nan,nan
298.73942017555237,-0.4000000059604645,4.026000022888184,4.056000232696533,4.052999973297119,4.058000087738037,4.058000087738037,4.063000202178955,nan,nan,nan,nan,nan,nan
298.9213752746582,-0.4000000059604645,4.026000022888184,4.056000232696533,4.052999973297119,4.058000087738037,4.058000087738037,4.061999797821045,nan,nan,nan,nan,nan,nan
299.0997362136841,-0.4000000059604645,4.026000022888184,4.056000232696533,4.052999973297119,4.058000087738037,4.058000087738037,4.063000202178955,nan,nan,nan,nan,nan,nan
299.25976514816284,-0.4000000059604645,4.025000095367432,4.056000232696533,4.052999973297119,4.058000087738037,4.058000087738037,4.063000202178955,nan,nan,nan,nan,nan,nan
299.44005727767944,-0.4000000059604645,4.026000022888184,4.056000232696533,4.052999973297119,4.058000087738037,4.058000087738037,4.063000202178955,nan,nan,nan,nan,nan,nan
299.59966492652893,-0.4000000059604645,4.026000022888184,4.056000232696533,4.052999973297119,4.058000087738037,4.058000087738037,4.063000202178955,nan,nan,nan,nan,nan,nan
299.77985286712646,-0.41999998688697815,4.026000022888184,4.056000232696533,4.052999973297119,4.058000087738037,4.058000087738037,4.063000202178955,nan,nan,nan,nan,nan,nan
299.9602460861206,-0.4000000059604645,4.026000022888184,4.056000232696533,4.052999973297119,4.058000087738037,4.058000087738037,4.063000202178955,nan,nan,nan,nan,nan,nan
300.1195855140686,-0.4000000059604645,4.026000022888184,4.056000232696533,4.052999973297119,4.058000087738037,4.058000087738037,4.063000202178955,nan,nan,nan,nan,nan,nan
300.29961800575256,-0.4099999964237213,4.026000022888184,4.056000232696533,4.052999973297119,4.058000087738037,4.058000087738037,4.063000202178955,nan,nan,nan,nan,nan,nan
300.4591934680939,-0.4000000059604645,4.026000022888184,4.056000232696533,4.052999973297119,4.058000087738037,4.058000087738037,4.063000202178955,nan,nan,nan,nan,nan,nan
300.639710187912,-0.4000000059604645,4.026000022888184,4.056000232696533,4.052999973297119,4.058000087738037,4.058000087738037,4.061999797821045,nan,nan,nan,nan,nan,nan
300.8201243877411,-0.38999998569488525,4.026000022888184,4.056000232696533,4.052999973297119,4.058000087738037,4.058000087738037,4.061999797821045,nan,nan,nan,nan,nan,nan
300.98092794418335,-0.4000000059604645,4.026000022888184,4.056000232696533,4.052999973297119,4.058000087738037,4.058000087738037,4.063000202178955,nan,nan,nan,nan,nan,nan
301.1611123085022,-0.4000000059604645,4.026000022888184,4.056000232696533,4.052999973297119,4.058000087738037,4.058000087738037,4.063000202178955,nan,nan,nan,nan,nan,nan
301.340051651001,-0.4000000059604645,4.026000022888184,4.056000232696533,4.052999973297119,4.058000087738037,4.058000087738037,4.063000202178955,nan,nan,nan,nan,nan,nan
301.500896692276,-0.4000000059604645,4.026000022888184,4.056000232696533,4.052999973297119,4.058000087738037,4.058000087738037,4.063000202178955,nan,nan,nan,nan,nan,nan
301.68016934394836,-0.4099999964237213,4.026000022888184,4.056000232696533,4.052999973297119,4.058000087738037,4.058000087738037,4.063000202178955,nan,nan,nan,nan,nan,nan
301.8408555984497,-0.41999998688697815,4.026000022888184,4.056000232696533,4.052999973297119,4.058000087738037,4.058000087738037,4.061999797821045,nan,nan,nan,nan,nan,nan
302.02151894569397,-0.4000000059604645,4.026000022888184,4.056000232696533,4.052999973297119,4.058000087738037,4.058000087738037,4.063000202178955,nan,nan,nan,nan,nan,nan
302.19987511634827,-0.4000000059604645,4.026000022888184,4.056000232696533,4.052999973297119,4.058000087738037,4.058000087738037,4.063000202178955,nan,nan,nan,nan,nan,nan
302.3607988357544,-0.4000000059604645,4.026000022888184,4.056000232696533,4.052999973297119,4.058000087738037,4.058000087738037,4.061999797821045,nan,nan,nan,nan,nan,nan
302.541202545166,-0.4000000059604645,4.026000022888184,4.056000232696533,4.052999973297119,4.058000087738037,4.058000087738037,4.063000202178955,nan,nan,nan,nan,nan,nan
302.7003970146179,-0.38999998569488525,4.026000022888184,4.056000232696533,4.052999973297119,4.058000087738037,4.058000087738037,4.063000202178955,nan,nan,nan,nan,nan,nan
302.8816063404083,-0.4000000059604645,4.026000022888184,4.056000232696533,4.052999973297119,4.058000087738037,4.058000087738037,4.063000202178955,nan,nan,nan,nan,nan,nan
303.0603652000427,-0.4000000059604645,4.026000022888184,4.056000232696533,4.052999973297119,4.058000087738037,4.058000087738037,4.063000202178955,nan,nan,nan,nan,nan,nan
303.22007870674133,-0.4099999964237213,4.026000022888184,4.056000232696533,4.052999973297119,4.058000087738037,4.058000087738037,4.061999797821045,nan,nan,nan,nan,nan,nan
303.4001660346985,-0.4000000059604645,4.026000022888184,4.056000232696533,4.052999973297119,4.058000087738037,4.058000087738037,4.063000202178955,nan,nan,nan,nan,nan,nan
303.560916185379,-0.4000000059604645,4.026000022888184,4.056000232696533,4.052999973297119,4.058000087738037,4.058000087738037,4.063000202178955,nan,nan,nan,nan,nan,nan
303.74048709869385,-0.4000000059604645,4.026000022888184,4.056000232696533,4.052999973297119,4.058000087738037,4.058000087738037,4.063000202178955,nan,nan,nan,nan,nan,nan
303.91997838020325,-0.4000000059604645,4.026000022888184,4.056000232696533,4.052999973297119,4.058000087738037,4.058000087738037,4.063000202178955,nan,nan,nan,nan,nan,nan
304.08087134361267,-0.4099999964237213,4.026000022888184,4.056000232696533,4.052999973297119,4.058000087738037,4.058000087738037,4.063000202178955,nan,nan,nan,nan,nan,nan
304.2598133087158,-0.4000000059604645,4.025000095367432,4.056000232696533,4.052999973297119,4.058000087738037,4.058000087738037,4.063000202178955,nan,nan,nan,nan,nan,nan
304.4400084018707,-0.4000000059604645,4.025000095367432,4.056000232696533,4.052999973297119,4.058000087738037,4.058000087738037,4.063000202178955,nan,nan,nan,nan,nan,nan
304.6010675430298,-0.4099999964237213,4.026000022888184,4.056000232696533,4.052999973297119,4.058000087738037,4.058000087738037,4.061999797821045,nan,nan,nan,nan,nan,nan
304.7810597419739,-0.4000000059604645,4.025000095367432,4.056000232696533,4.052999973297119,4.058000087738037,4.058000087738037,4.063000202178955,nan,nan,nan,nan,nan,nan
304.9402394294739,-0.4000000059604645,4.026000022888184,4.056000232696533,4.052999973297119,4.058000087738037,4.058000087738037,4.061999797821045,nan,nan,nan,nan,nan,nan
305.11940121650696,-0.4000000059604645,4.026000022888184,4.056000232696533,4.052999973297119,4.058000087738037,4.058000087738037,4.061999797821045,nan,nan,nan,nan,nan,nan
305.2995536327362,-0.3799999952316284,4.026000022888184,4.056000232696533,4.052999973297119,4.058000087738037,4.058000087738037,4.063000202178955,nan,nan,nan,nan,nan,nan
305.4602243900299,-0.4000000059604645,4.026000022888184,4.056000232696533,4.052999973297119,4.058000087738037,4.058000087738037,4.063000202178955,nan,nan,nan,nan,nan,nan
305.639151096344,-0.4000000059604645,4.025000095367432,4.056000232696533,4.052999973297119,4.058000087738037,4.058000087738037,4.063000202178955,nan,nan,nan,nan,nan,nan
305.8013005256653,-0.4000000059604645,4.026000022888184,4.056000232696533,4.052999973297119,4.058000087738037,4.058000087738037,4.063000202178955,nan,nan,nan,nan,nan,nan
305.98140382766724,-0.4099999964237213,4.026000022888184,4.056000232696533,4.052999973297119,4.058000087738037,4.058000087738037,4.063000202178955,nan,nan,nan,nan,nan,nan
306.1600351333618,-0.4000000059604645,4.025000095367432,4.056000232696533,4.052999973297119,4.058000087738037,4.058000087738037,4.063000202178955,nan,nan,nan,nan,nan,nan
306.3197293281555,-0.38999998569488525,4.026000022888184,4.056000232696533,4.052999973297119,4.058000087738037,4.058000087738037,4.063000202178955,nan,nan,nan,nan,nan,nan
306.5010824203491,-0.38999998569488525,4.025000095367432,4.056000232696533,4.052999973297119,4.058000087738037,4.058000087738037,4.063000202178955,nan,nan,nan,nan,nan,nan
306.65932393074036,-0.38999998569488525,4.025000095367432,4.056000232696533,4.052999973297119,4.057000160217285,4.058000087738037,4.061999797821045,nan,nan,nan,nan,nan,nan
306.8395006656647,-0.4000000059604645,4.026000022888184,4.056000232696533,4.052999973297119,4.058000087738037,4.058000087738037,4.061999797821045,nan,nan,nan,nan,nan,nan
307.02108931541443,-0.4099999964237213,4.025000095367432,4.056000232696533,4.052999973297119,4.058000087738037,4.058000087738037,4.063000202178955,nan,nan,nan,nan,nan,nan
307.1801998615265,-0.4000000059604645,4.026000022888184,4.056000232696533,4.052999973297119,4.058000087738037,4.058000087738037,4.061999797821045,nan,nan,nan,nan,nan,nan
307.3604271411896,-0.4000000059604645,4.026000022888184,4.056000232696533,4.052999973297119,4.058000087738037,4.058000087738037,4.063000202178955,nan,nan,nan,nan,nan,nan
307.5391159057617,-0.4099999964237213,4.026000022888184,4.056000232696533,4.052999973297119,4.058000087738037,4.058000087738037,4.063000202178955,nan,nan,nan,nan,nan,nan
307.70060324668884,-0.4000000059604645,4.026000022888184,4.056000232696533,4.052999973297119,4.058000087738037,4.058000087738037,4.063000202178955,nan,nan,nan,nan,nan,nan
307.88042545318604,-0.38999998569488525,4.026000022888184,4.056000232696533,4.052000045776367,4.058000087738037,4.058000087738037,4.061999797821045,nan,nan,nan,nan,nan,nan
308.0428419113159,-0.4300000071525574,4.025000095367432,4.056000232696533,4.052999973297119,4.058000087738037,4.058000087738037,4.063000202178955,nan,nan,nan,nan,nan,nan
308.22068905830383,-0.4000000059604645,4.026000022888184,4.056000232696533,4.052999973297119,4.058000087738037,4.058000087738037,4.061999797821045,nan,nan,nan,nan,nan,nan
308.4017803668976,-0.4099999964237213,4.026000022888184,4.056000232696533,4.052999973297119,4.058000087738037,4.058000087738037,4.063000202178955,nan,nan,nan,nan,nan,nan
308.5598564147949,-0.38999998569488525,4.026000022888184,4.056000232696533,4.052000045776367,4.058000087738037,4.058000087738037,4.061999797821045,nan,nan,nan,nan,nan,nan
308.73904752731323,-0.4000000059604645,4.026000022888184,4.056000232696533,4.052999973297119,4.058000087738037,4.058000087738037,4.063000202178955,nan,nan,nan,nan,nan,nan
308.8999333381653,-0.4000000059604645,4.026000022888184,4.056000232696533,4.052000045776367,4.058000087738037,4.058000087738037,4.061999797821045,nan,nan,nan,nan,nan,nan
309.08053493499756,-0.41999998688697815,4.025000095367432,4.056000232696533,4.052999973297119,4.058000087738037,4.058000087738037,4.063000202178955,nan,nan,nan,nan,nan,nan
309.260315656662,-0.4099999964237213,4.026000022888184,4.056000232696533,4.052999973297119,4.058000087738037,4.058000087738037,4.061999797821045,nan,nan,nan,nan,nan,nan
309.4200510978699,-0.4000000059604645,4.025000095367432,4.056000232696533,4.052999973297119,4.057000160217285,4.058000087738037,4.061999797821045,nan,nan,nan,nan,nan,nan
309.60017561912537,-0.4000000059604645,4.025000095367432,4.056000232696533,4.052000045776367,4.058000087738037,4.058000087738037,4.063000202178955,nan,nan,nan,nan,nan,nan
309.7607955932617,-0.4000000059604645,4.025000095367432,4.056000232696533,4.052999973297119,4.057000160217285,4.058000087738037,4.063000202178955,nan,nan,nan,nan,nan,nan
309.94005823135376,-0.38999998569488525,4.026000022888184,4.056000232696533,4.052999973297119,4.058000087738037,4.058000087738037,4.063000202178955,nan,nan,nan,nan,nan,nan
310.12037467956543,-0.41999998688697815,4.025000095367432,4.056000232696533,4.052999973297119,4.058000087738037,4.058000087738037,4.063000202178955,nan,nan,nan,nan,nan,nan
310.2808749675751,-0.4000000059604645,4.025000095367432,4.056000232696533,4.052999973297119,4.057000160217285,4.058000087738037,4.063000202178955,nan,nan,nan,nan,nan,nan
310.4609971046448,-0.38999998569488525,4.025000095367432,4.056000232696533,4.052000045776367,4.057000160217285,4.058000087738037,4.061999797821045,nan,nan,nan,nan,nan,nan
310.6396119594574,-0.4000000059604645,4.025000095367432,4.056000232696533,4.052000045776367,4.058000087738037,4.058000087738037,4.063000202178955,nan,nan,nan,nan,nan,nan
310.80071449279785,-0.4000000059604645,4.025000095367432,4.056000232696533,4.052999973297119,4.058000087738037,4.058000087738037,4.061999797821045,nan,nan,nan,nan,nan,nan
310.97960329055786,-0.4000000059604645,4.025000095367432,4.056000232696533,4.052999973297119,4.058000087738037,4.058000087738037,4.061999797821045,nan,nan,nan,nan,nan,nan
311.1406331062317,-0.4000000059604645,4.025000095367432,4.056000232696533,4.052999973297119,4.058000087738037,4.058000087738037,4.063000202178955,nan,nan,nan,nan,nan,nan
311.3196473121643,-0.4099999964237213,4.026000022888184,4.056000232696533,4.052999973297119,4.057000160217285,4.058000087738037,4.061999797821045,nan,nan,nan,nan,nan,nan
311.49923300743103,-0.4000000059604645,4.025000095367432,4.056000232696533,4.052999973297119,4.058000087738037,4.058000087738037,4.063000202178955,nan,nan,nan,nan,nan,nan
311.6593656539917,-0.4099999964237213,4.026000022888184,4.056000232696533,4.052000045776367,4.058000087738037,4.058000087738037,4.063000202178955,nan,nan,nan,nan,nan,nan
311.8392930030823,-0.4000000059604645,4.025000095367432,4.056000232696533,4.052999973297119,4.057000160217285,4.058000087738037,4.061999797821045,nan,nan,nan,nan,nan,nan
311.99905920028687,-0.4000000059604645,4.025000095367432,4.056000232696533,4.052999973297119,4.057000160217285,4.058000087738037,4.061999797821045,nan,nan,nan,nan,nan,nan
312.1805009841919,-0.4000000059604645,4.025000095367432,4.056000232696533,4.052000045776367,4.058000087738037,4.058000087738037,4.061999797821045,nan,nan,nan,nan,nan,nan
312.3597412109375,-0.4099999964237213,4.026000022888184,4.056000232696533,4.052999973297119,4.058000087738037,4.058000087738037,4.061999797821045,nan,nan,nan,nan,nan,nan
312.5201573371887,-0.4099999964237213,4.025000095367432,4.056000232696533,4.052000045776367,4.057000160217285,4.058000087738037,4.061999797821045,nan,nan,nan,nan,nan,nan
312.6998567581177,-0.4000000059604645,4.025000095367432,4.056000232696533,4.052999973297119,4.057000160217285,4.058000087738037,4.061999797821045,nan,nan,nan,nan,nan,nan
312.8801863193512,-0.4000000059604645,4.025000095367432,4.056000232696533,4.052999973297119,4.057000160217285,4.058000087738037,4.061999797821045,nan,nan,nan,nan,nan,nan
313.03993678092957,-0.38999998569488525,4.026000022888184,4.056000232696533,4.052000045776367,4.057000160217285,4.058000087738037,4.063000202178955,nan,nan,nan,nan,nan,nan
313.2203178405762,-0.4000000059604645,4.025000095367432,4.056000232696533,4.052999973297119,4.057000160217285,4.058000087738037,4.061999797821045,nan,nan,nan,nan,nan,nan
313.38007497787476,-0.4000000059604645,4.025000095367432,4.056000232696533,4.052999973297119,4.057000160217285,4.058000087738037,4.063000202178955,nan,nan,nan,nan,nan,nan
313.5599868297577,-0.4099999964237213,4.025000095367432,4.056000232696533,4.052000045776367,4.058000087738037,4.058000087738037,4.061999797821045,nan,nan,nan,nan,nan,nan
313.7403380870819,-0.4000000059604645,4.025000095367432,4.056000232696533,4.052999973297119,4.058000087738037,4.058000087738037,4.061999797821045,nan,nan,nan,nan,nan,nan
313.90015053749084,-0.4000000059604645,4.025000095367432,4.056000232696533,4.052000045776367,4.057000160217285,4.058000087738037,4.061999797821045,nan,nan,nan,nan,nan,nan
314.08018684387207,-0.4099999964237213,4.025000095367432,4.056000232696533,4.052999973297119,4.057000160217285,4.058000087738037,4.061999797821045,nan,nan,nan,nan,nan,nan
314.2397198677063,-0.4000000059604645,4.025000095367432,4.056000232696533,4.052999973297119,4.058000087738037,4.058000087738037,4.063000202178955,nan,nan,nan,nan,nan,nan
314.4198544025421,-0.4000000059604645,4.025000095367432,4.056000232696533,4.052000045776367,4.058000087738037,4.058000087738037,4.061999797821045,nan,nan,nan,nan,nan,nan
314.60019993782043,-0.4099999964237213,4.025000095367432,4.056000232696533,4.052000045776367,4.057000160217285,4.058000087738037,4.061999797821045,nan,nan,nan,nan,nan,nan
314.75947880744934,-0.4000000059604645,4.026000022888184,4.056000232696533,4.052999973297119,4.057000160217285,4.058000087738037,4.061999797821045,nan,nan,nan,nan,nan,nan
314.93979835510254,-0.4000000059604645,4.025000095367432,4.056000232696533,4.052999973297119,4.057000160217285,4.058000087738037,4.063000202178955,nan,nan,nan,nan,nan,nan
315.09976983070374,-0.38999998569488525,4.025000095367432,4.056000232696533,4.052999973297119,4.057000160217285,4.058000087738037,4.061999797821045,nan,nan,nan,nan,nan,nan
315.27969670295715,-0.4099999964237213,4.025000095367432,4.056000232696533,4.052000045776367,4.057000160217285,4.058000087738037,4.063000202178955,nan,nan,nan,nan,nan,nan
315.46015524864197,-0.4000000059604645,4.025000095367432,4.056000232696533,4.052999973297119,4.057000160217285,4.058000087738037,4.063000202178955,nan,nan,nan,nan,nan,nan
315.6195363998413,-0.38999998569488525,4.025000095367432,4.056000232696533,4.052999973297119,4.057000160217285,4.058000087738037,4.061999797821045,nan,nan,nan,nan,nan,nan
315.80000948905945,-0.4000000059604645,4.025000095367432,4.056000232696533,4.052000045776367,4.057000160217285,4.058000087738037,4.061999797821045,nan,nan,nan,nan,nan,nan
315.97914385795593,-0.4000000059604645,4.025000095367432,4.056000232696533,4.052000045776367,4.058000087738037,4.058000087738037,4.061999797821045,nan,nan,nan,nan,nan,nan
316.13970613479614,-0.4099999964237213,4.025000095367432,4.056000232696533,4.052000045776367,4.057000160217285,4.058000087738037,4.061999797821045,nan,nan,nan,nan,nan,nan
316.32027435302734,-0.4000000059604645,4.025000095367432,4.056000232696533,4.052000045776367,4.058000087738037,4.058000087738037,4.063000202178955,nan,nan,nan,nan,nan,nan
316.4799165725708,-0.4000000059604645,4.025000095367432,4.056000232696533,4.052000045776367,4.057000160217285,4.058000087738037,4.061999797821045,nan,nan,nan,nan,nan,nan
316.66039180755615,-0.38999998569488525,4.025000095367432,4.056000232696533,4.052000045776367,4.057000160217285,4.058000087738037,4.061999797821045,nan,nan,nan,nan,nan,nan
316.8403079509735,-0.4099999964237213,4.025000095367432,4.056000232696533,4.052000045776367,4.057000160217285,4.058000087738037,4.061999797821045,nan,nan,nan,nan,nan,nan
316.99990248680115,-0.4000000059604645,4.025000095367432,4.056000232696533,4.052000045776367,4.058000087738037,4.058000087738037,4.061999797821045,nan,nan,nan,nan,nan,nan
317.1791179180145,-0.4000000059604645,4.025000095367432,4.056000232696533,4.052000045776367,4.058000087738037,4.058000087738037,4.061999797821045,nan,nan,nan,nan,nan,nan
317.36087369918823,-0.4000000059604645,4.025000095367432,4.056000232696533,4.052000045776367,4.057000160217285,4.058000087738037,4.061999797821045,nan,nan,nan,nan,nan,nan
317.5213830471039,-0.4000000059604645,4.025000095367432,4.056000232696533,4.052000045776367,4.057000160217285,4.058000087738037,4.061999797821045,nan,nan,nan,nan,nan,nan
317.7007510662079,-0.4000000059604645,4.025000095367432,4.056000232696533,4.052000045776367,4.057000160217285,4.058000087738037,4.061999797821045,nan,nan,nan,nan,nan,nan
317.8609232902527,-0.4000000059604645,4.025000095367432,4.056000232696533,4.052000045776367,4.057000160217285,4.058000087738037,4.061999797821045,nan,nan,nan,nan,nan,nan
318.042192697525,-0.4000000059604645,4.025000095367432,4.056000232696533,4.052000045776367,4.057000160217285,4.058000087738037,4.063000202178955,nan,nan,nan,nan,nan,nan
318.2208106517792,-0.4000000059604645,4.025000095367432,4.056000232696533,4.052000045776367,4.057000160217285,4.058000087738037,4.061999797821045,nan,nan,nan,nan,nan,nan
318.381973028183,-0.4000000059604645,4.025000095367432,4.056000232696533,4.052999973297119,4.057000160217285,4.058000087738037,4.061999797821045,nan,nan,nan,nan,nan,nan
318.56315207481384,-0.4000000059604645,4.025000095367432,4.056000232696533,4.052000045776367,4.057000160217285,4.058000087738037,4.061999797821045,nan,nan,nan,nan,nan,nan
318.7209315299988,-0.4000000059604645,4.025000095367432,4.056000232696533,4.052000045776367,4.057000160217285,4.058000087738037,4.061999797821045,nan,nan,nan,nan,nan,nan
318.9025328159332,-0.4000000059604645,4.025000095367432,4.056000232696533,4.052000045776367,4.057000160217285,4.058000087738037,4.061999797821045,nan,nan,nan,nan,nan,nan
319.0823550224304,-0.3799999952316284,4.025000095367432,4.056000232696533,4.052000045776367,4.057000160217285,4.058000087738037,4.061999797821045,nan,nan,nan,nan,nan,nan
319.24196791648865,-0.4099999964237213,4.025000095367432,4.056000232696533,4.052000045776367,4.057000160217285,4.057000160217285,4.061999797821045,nan,nan,nan,nan,nan,nan
319.4206154346466,-0.4099999964237213,4.025000095367432,4.056000232696533,4.052000045776367,4.058000087738037,4.058000087738037,4.063000202178955,nan,nan,nan,nan,nan,nan
319.58164715766907,-0.4000000059604645,4.025000095367432,4.056000232696533,4.052000045776367,4.057000160217285,4.058000087738037,4.061999797821045,nan,nan,nan,nan,nan,nan
319.761926651001,-0.4099999964237213,4.025000095367432,4.056000232696533,4.052000045776367,4.057000160217285,4.058000087738037,4.061999797821045,nan,nan,nan,nan,nan,nan
319.9410252571106,-0.41999998688697815,4.025000095367432,4.056000232696533,4.052000045776367,4.057000160217285,4.058000087738037,4.061999797821045,nan,nan,nan,nan,nan,nan
320.1013152599335,-0.4000000059604645,4.025000095367432,4.056000232696533,4.052000045776367,4.057000160217285,4.058000087738037,4.061999797821045,nan,nan,nan,nan,nan,nan
320.282559633255,-0.4000000059604645,4.025000095367432,4.056000232696533,4.052000045776367,4.057000160217285,4.058000087738037,4.061999797821045,nan,nan,nan,nan,nan,nan
320.4405324459076,-0.41999998688697815,4.025000095367432,4.056000232696533,4.052000045776367,4.057000160217285,4.058000087738037,4.061999797821045,nan,nan,nan,nan,nan,nan
320.62192463874817,-0.4000000059604645,4.025000095367432,4.056000232696533,4.052000045776367,4.057000160217285,4.058000087738037,4.061999797821045,nan,nan,nan,nan,nan,nan
320.80099749565125,-0.4099999964237213,4.025000095367432,4.056000232696533,4.052000045776367,4.057000160217285,4.058000087738037,4.061999797821045,nan,nan,nan,nan,nan,nan
320.9612948894501,-0.4000000059604645,4.025000095367432,4.056000232696533,4.052999973297119,4.057000160217285,4.058000087738037,4.061999797821045,nan,nan,nan,nan,nan,nan
321.1402847766876,-0.4099999964237213,4.025000095367432,4.056000232696533,4.052000045776367,4.057000160217285,4.058000087738037,4.061999797821045,nan,nan,nan,nan,nan,nan
321.3201279640198,-0.38999998569488525,4.025000095367432,4.056000232696533,4.052000045776367,4.057000160217285,4.058000087738037,4.061999797821045,nan,nan,nan,nan,nan,nan
321.4799315929413,-0.38999998569488525,4.025000095367432,4.056000232696533,4.052000045776367,4.058000087738037,4.058000087738037,4.061999797821045,nan,nan,nan,nan,nan,nan
321.6604518890381,-0.4000000059604645,4.025000095367432,4.056000232696533,4.052000045776367,4.057000160217285,4.058000087738037,4.061999797821045,nan,nan,nan,nan,nan,nan
321.82089376449585,-0.4399999976158142,4.025000095367432,4.056000232696533,4.052000045776367,4.057000160217285,4.058000087738037,4.061999797821045,nan,nan,nan,nan,nan,nan
321.9997079372406,-0.4000000059604645,4.025000095367432,4.056000232696533,4.052000045776367,4.057000160217285,4.058000087738037,4.061999797821045,nan,nan,nan,nan,nan,nan
322.17986845970154,-0.4099999964237213,4.025000095367432,4.056000232696533,4.052000045776367,4.057000160217285,4.058000087738037,4.061999797821045,nan,nan,nan,nan,nan,nan
322.33936643600464,-0.4099999964237213,4.025000095367432,4.056000232696533,4.052000045776367,4.057000160217285,4.058000087738037,4.061999797821045,nan,nan,nan,nan,nan,nan
322.5196783542633,-0.4000000059604645,4.025000095367432,4.056000232696533,4.052000045776367,4.057000160217285,4.058000087738037,4.061999797821045,nan,nan,nan,nan,nan,nan
322.68051624298096,-0.4099999964237213,4.025000095367432,4.056000232696533,4.052000045776367,4.057000160217285,4.058000087738037,4.061999797821045,nan,nan,nan,nan,nan,nan
322.8607051372528,-0.4099999964237213,4.025000095367432,4.056000232696533,4.052000045776367,4.057000160217285,4.058000087738037,4.061999797821045,nan,nan,nan,nan,nan,nan
323.0397229194641,-0.4099999964237213,4.025000095367432,4.056000232696533,4.052000045776367,4.057000160217285,4.058000087738037,4.061999797821045,nan,nan,nan,nan,nan,nan
323.20046854019165,-0.4000000059604645,4.025000095367432,4.056000232696533,4.052000045776367,4.057000160217285,4.057000160217285,4.061999797821045,nan,nan,nan,nan,nan,nan
323.38060092926025,-0.4000000059604645,4.025000095367432,4.056000232696533,4.052000045776367,4.057000160217285,4.058000087738037,4.061999797821045,nan,nan,nan,nan,nan,nan
323.54012656211853,-0.4000000059604645,4.025000095367432,4.056000232696533,4.052000045776367,4.057000160217285,4.058000087738037,4.061999797821045,nan,nan,nan,nan,nan,nan
323.7202355861664,-0.4000000059604645,4.025000095367432,4.056000232696533,4.052000045776367,4.057000160217285,4.058000087738037,4.061999797821045,nan,nan,nan,nan,nan,nan
323.90056347846985,-0.4000000059604645,4.025000095367432,4.054999828338623,4.052000045776367,4.057000160217285,4.058000087738037,4.061999797821045,nan,nan,nan,nan,nan,nan
324.05980014801025,-0.4000000059604645,4.025000095367432,4.056000232696533,4.052000045776367,4.057000160217285,4.058000087738037,4.061999797821045,nan,nan,nan,nan,nan,nan
324.2404613494873,-0.4099999964237213,4.025000095367432,4.056000232696533,4.052000045776367,4.057000160217285,4.058000087738037,4.061999797821045,nan,nan,nan,nan,nan,nan
324.40101885795593,-0.4000000059604645,4.025000095367432,4.056000232696533,4.052000045776367,4.057000160217285,4.058000087738037,4.061999797821045,nan,nan,nan,nan,nan,nan
324.57945919036865,-0.4000000059604645,4.025000095367432,4.056000232696533,4.052000045776367,4.057000160217285,4.058000087738037,4.061999797821045,nan,nan,nan,nan,nan,nan
324.7599678039551,-0.4099999964237213,4.025000095367432,4.056000232696533,4.052000045776367,4.057000160217285,4.058000087738037,4.061999797821045,nan,nan,nan,nan,nan,nan
324.921110868454,-0.4000000059604645,4.025000095367432,4.056000232696533,4.052000045776367,4.057000160217285,4.058000087738037,4.061999797821045,nan,nan,nan,nan,nan,nan
325.0996198654175,-0.4099999964237213,4.025000095367432,4.056000232696533,4.052000045776367,4.057000160217285,4.058000087738037,4.061999797821045,nan,nan,nan,nan,nan,nan
325.2803819179535,-0.4000000059604645,4.025000095367432,4.056000232696533,4.052000045776367,4.057000160217285,4.058000087738037,4.061999797821045,nan,nan,nan,nan,nan,nan
325.44078826904297,-0.4099999964237213,4.025000095367432,4.056000232696533,4.052000045776367,4.057000160217285,4.058000087738037,4.061999797821045,nan,nan,nan,nan,nan,nan
325.6194553375244,-0.4000000059604645,4.025000095367432,4.056000232696533,4.052000045776367,4.057000160217285,4.058000087738037,4.061999797821045,nan,nan,nan,nan,nan,nan
325.7788472175598,-0.4000000059604645,4.025000095367432,4.056000232696533,4.052000045776367,4.057000160217285,4.057000160217285,4.061999797821045,nan,nan,nan,nan,nan,nan
325.95952320098877,-0.38999998569488525,4.025000095367432,4.056000232696533,4.052000045776367,4.057000160217285,4.058000087738037,4.061999797821045,nan,nan,nan,nan,nan,nan
326.13961720466614,-0.4099999964237213,4.025000095367432,4.056000232696533,4.052000045776367,4.057000160217285,4.058000087738037,4.061999797821045,nan,nan,nan,nan,nan,nan
326.29924631118774,-0.4099999964237213,4.025000095367432,4.056000232696533,4.052000045776367,4.057000160217285,4.058000087738037,4.061999797821045,nan,nan,nan,nan,nan,nan
326.48105335235596,-0.4000000059604645,4.025000095367432,4.054999828338623,4.052000045776367,4.057000160217285,4.058000087738037,4.061999797821045,nan,nan,nan,nan,nan,nan
326.6391878128052,-0.4000000059604645,4.025000095367432,4.054999828338623,4.052000045776367,4.057000160217285,4.058000087738037,4.061999797821045,nan,nan,nan,nan,nan,nan
326.8194491863251,-0.4099999964237213,4.025000095367432,4.056000232696533,4.052000045776367,4.057000160217285,4.058000087738037,4.061999797821045,nan,nan,nan,nan,nan,nan
326.9996497631073,-0.4000000059604645,4.025000095367432,4.054999828338623,4.052000045776367,4.057000160217285,4.058000087738037,4.061999797821045,nan,nan,nan,nan,nan,nan
327.1592357158661,-0.38999998569488525,4.025000095367432,4.056000232696533,4.052000045776367,4.057000160217285,4.058000087738037,4.061999797821045,nan,nan,nan,nan,nan,nan
327.33942794799805,-0.4099999964237213,4.025000095367432,4.054999828338623,4.052000045776367,4.057000160217285,4.058000087738037,4.061999797821045,nan,nan,nan,nan,nan,nan
327.5198919773102,-0.38999998569488525,4.025000095367432,4.056000232696533,4.052000045776367,4.057000160217285,4.058000087738037,4.061999797821045,nan,nan,nan,nan,nan,nan
327.679566860199,-0.4000000059604645,4.025000095367432,4.056000232696533,4.052000045776367,4.057000160217285,4.058000087738037,4.061999797821045,nan,nan,nan,nan,nan,nan
327.8594274520874,-0.4099999964237213,4.025000095367432,4.056000232696533,4.052000045776367,4.057000160217285,4.058000087738037,4.061999797821045,nan,nan,nan,nan,nan,nan
328.0205330848694,-0.4000000059604645,4.025000095367432,4.056000232696533,4.052000045776367,4.057000160217285,4.058000087738037,4.061999797821045,nan,nan,nan,nan,nan,nan
328.1993227005005,-0.38999998569488525,4.025000095367432,4.054999828338623,4.052000045776367,4.057000160217285,4.057000160217285,4.061999797821045,nan,nan,nan,nan,nan,nan
328.37957525253296,-0.4000000059604645,4.025000095367432,4.056000232696533,4.052000045776367,4.057000160217285,4.058000087738037,4.061999797821045,nan,nan,nan,nan,nan,nan
328.5389802455902,-0.41999998688697815,4.025000095367432,4.056000232696533,4.052000045776367,4.057000160217285,4.058000087738037,4.061999797821045,nan,nan,nan,nan,nan,nan
328.7196605205536,-0.4000000059604645,4.025000095367432,4.056000232696533,4.052000045776367,4.057000160217285,4.058000087738037,4.061999797821045,nan,nan,nan,nan,nan,nan
328.87994289398193,-0.4000000059604645,4.025000095367432,4.056000232696533,4.052000045776367,4.057000160217285,4.057000160217285,4.061999797821045,nan,nan,nan,nan,nan,nan
329.0587079524994,-0.4000000059604645,4.025000095367432,4.054999828338623,4.052000045776367,4.057000160217285,4.058000087738037,4.061999797821045,nan,nan,nan,nan,nan,nan
329.2393407821655,-0.4099999964237213,4.025000095367432,4.054999828338623,4.052000045776367,4.057000160217285,4.058000087738037,4.061999797821045,nan,nan,nan,nan,nan,nan
329.40008425712585,-0.4000000059604645,4.025000095367432,4.054999828338623,4.052000045776367,4.057000160217285,4.057000160217285,4.061999797821045,nan,nan,nan,nan,nan,nan
329.58047127723694,-0.4000000059604645,4.025000095367432,4.054999828338623,4.052000045776367,4.057000160217285,4.057000160217285,4.061999797821045,nan,nan,nan,nan,nan,nan
329.7422571182251,-0.4000000059604645,4.025000095367432,4.054999828338623,4.052000045776367,4.057000160217285,4.058000087738037,4.061999797821045,nan,nan,nan,nan,nan,nan
329.92082595825195,-0.4099999964237213,4.025000095367432,4.054999828338623,4.052000045776367,4.057000160217285,4.058000087738037,4.061999797821045,nan,nan,nan,nan,nan,nan
330.1013877391815,-0.41999998688697815,4.025000095367432,4.054999828338623,4.052000045776367,4.057000160217285,4.058000087738037,4.061999797821045,nan,nan,nan,nan,nan,nan
330.2604820728302,-0.4300000071525574,4.025000095367432,4.054999828338623,4.052000045776367,4.057000160217285,4.058000087738037,4.061999797821045,nan,nan,nan,nan,nan,nan
330.4397542476654,-0.4300000071525574,4.025000095367432,4.054999828338623,4.052000045776367,4.057000160217285,4.058000087738037,4.061999797821045,nan,nan,nan,nan,nan,nan
330.62089586257935,-0.4300000071525574,4.025000095367432,4.054999828338623,4.052000045776367,4.057000160217285,4.057000160217285,4.061999797821045,nan,nan,nan,nan,nan,nan
330.7817614078522,-0.4300000071525574,4.025000095367432,4.054999828338623,4.052000045776367,4.057000160217285,4.057000160217285,4.061999797821045,nan,nan,nan,nan,nan,nan
330.9590756893158,-0.4300000071525574,4.025000095367432,4.054999828338623,4.052000045776367,4.057000160217285,4.057000160217285,4.061999797821045,nan,nan,nan,nan,nan,nan
331.11981296539307,-0.4099999964237213,4.025000095367432,4.056000232696533,4.052000045776367,4.057000160217285,4.057000160217285,4.061999797821045,nan,nan,nan,nan,nan,nan
331.3002371788025,-0.4300000071525574,4.025000095367432,4.054999828338623,4.052000045776367,4.057000160217285,4.058000087738037,4.061999797821045,nan,nan,nan,nan,nan,nan
331.47890281677246,-0.4099999964237213,4.025000095367432,4.054999828338623,4.052000045776367,4.057000160217285,4.057000160217285,4.061999797821045,nan,nan,nan,nan,nan,nan
331.63981890678406,-0.41999998688697815,4.025000095367432,4.054999828338623,4.052000045776367,4.057000160217285,4.057000160217285,4.061999797821045,nan,nan,nan,nan,nan,nan
331.8193302154541,-0.4300000071525574,4.02400016784668,4.054999828338623,4.052000045776367,4.057000160217285,4.057000160217285,4.061999797821045,nan,nan,nan,nan,nan,nan
331.97985196113586,-0.4300000071525574,4.025000095367432,4.056000232696533,4.052000045776367,4.057000160217285,4.057000160217285,4.061999797821045,nan,nan,nan,nan,nan,nan
332.1601538658142,-0.41999998688697815,4.025000095367432,4.054999828338623,4.052000045776367,4.057000160217285,4.057000160217285,4.061999797821045,nan,nan,nan,nan,nan,nan
332.3392753601074,-0.4300000071525574,4.025000095367432,4.054999828338623,4.052000045776367,4.057000160217285,4.057000160217285,4.061999797821045,nan,nan,nan,nan,nan,nan
332.4999523162842,-0.4300000071525574,4.025000095367432,4.054999828338623,4.052000045776367,4.057000160217285,4.057000160217285,4.061999797821045,nan,nan,nan,nan,nan,nan
332.68014764785767,-0.4300000071525574,4.025000095367432,4.054999828338623,4.052000045776367,4.057000160217285,4.057000160217285,4.061999797821045,nan,nan,nan,nan,nan,nan
332.86040902137756,-0.4300000071525574,4.025000095367432,4.054999828338623,4.052000045776367,4.057000160217285,4.057000160217285,4.061999797821045,nan,nan,nan,nan,nan,nan
333.01964569091797,-0.4300000071525574,4.025000095367432,4.054999828338623,4.052000045776367,4.057000160217285,4.057000160217285,4.061999797821045,nan,nan,nan,nan,nan,nan
333.2000343799591,-0.4300000071525574,4.02400016784668,4.054999828338623,4.052000045776367,4.057000160217285,4.057000160217285,4.061999797821045,nan,nan,nan,nan,nan,nan
333.3613221645355,-0.4300000071525574,4.02400016784668,4.054999828338623,4.052000045776367,4.057000160217285,4.058000087738037,4.061999797821045,nan,nan,nan,nan,nan,nan
333.5396354198456,-0.41999998688697815,4.02400016784668,4.054999828338623,4.052000045776367,4.057000160217285,4.057000160217285,4.061999797821045,nan,nan,nan,nan,nan,nan
333.72114157676697,-0.41999998688697815,4.025000095367432,4.054999828338623,4.052000045776367,4.057000160217285,4.057000160217285,4.061999797821045,nan,nan,nan,nan,nan,nan
333.8809173107147,-0.41999998688697815,4.025000095367432,4.056000232696533,4.052000045776367,4.057000160217285,4.057000160217285,4.061999797821045,nan,nan,nan,nan,nan,nan
334.0595462322235,-0.4099999964237213,4.025000095367432,4.054999828338623,4.052000045776367,4.057000160217285,4.057000160217285,4.061999797821045,nan,nan,nan,nan,nan,nan
334.2190601825714,-0.4000000059604645,4.025000095367432,4.054999828338623,4.052000045776367,4.057000160217285,4.057000160217285,4.061999797821045,nan,nan,nan,nan,nan,nan
334.3997149467468,-0.4000000059604645,4.025000095367432,4.054999828338623,4.052000045776367,4.057000160217285,4.057000160217285,4.061999797821045,nan,nan,nan,nan,nan,nan
334.57973170280457,-0.4000000059604645,4.025000095367432,4.054999828338623,4.052000045776367,4.057000160217285,4.057000160217285,4.061999797821045,nan,nan,nan,nan,nan,nan
334.7393116950989,-0.4000000059604645,4.025000095367432,4.054999828338623,4.052000045776367,4.057000160217285,4.057000160217285,4.061999797821045,nan,nan,nan,nan,nan,nan
334.91944575309753,-0.4000000059604645,4.025000095367432,4.054999828338623,4.052000045776367,4.057000160217285,4.057000160217285,4.061999797821045,nan,nan,nan,nan,nan,nan
335.0790731906891,-0.4099999964237213,4.025000095367432,4.054999828338623,4.052000045776367,4.057000160217285,4.058000087738037,4.061999797821045,nan,nan,nan,nan,nan,nan
335.2593324184418,-0.38999998569488525,4.025000095367432,4.054999828338623,4.052000045776367,4.057000160217285,4.057000160217285,4.061999797821045,nan,nan,nan,nan,nan,nan
335.4397768974304,-0.4000000059604645,4.025000095367432,4.054999828338623,4.052000045776367,4.057000160217285,4.057000160217285,4.061999797821045,nan,nan,nan,nan,nan,nan
335.59931325912476,-0.4000000059604645,4.025000095367432,4.054999828338623,4.052000045776367,4.057000160217285,4.057000160217285,4.061999797821045,nan,nan,nan,nan,nan,nan
335.7796313762665,-0.38999998569488525,4.025000095367432,4.054999828338623,4.052000045776367,4.057000160217285,4.057000160217285,4.061999797821045,nan,nan,nan,nan,nan,nan
335.9607574939728,-0.4000000059604645,4.025000095367432,4.054999828338623,4.052000045776367,4.057000160217285,4.057000160217285,4.061999797821045,nan,nan,nan,nan,nan,nan
336.11993050575256,-0.4000000059604645,4.025000095367432,4.054999828338623,4.052000045776367,4.057000160217285,4.057000160217285,4.061999797821045,nan,nan,nan,nan,nan,nan
336.3001432418823,-0.4000000059604645,4.025000095367432,4.054999828338623,4.052000045776367,4.057000160217285,4.057000160217285,4.061999797821045,nan,nan,nan,nan,nan,nan
336.460426568985,-0.4000000059604645,4.02400016784668,4.054999828338623,4.052000045776367,4.057000160217285,4.057000160217285,4.061999797821045,nan,nan,nan,nan,nan,nan
336.64035964012146,-0.4000000059604645,4.02400016784668,4.054999828338623,4.052000045776367,4.057000160217285,4.057000160217285,4.061999797821045,nan,nan,nan,nan,nan,nan
336.821900844574,-0.41999998688697815,4.025000095367432,4.054999828338623,4.052000045776367,4.057000160217285,4.058000087738037,4.061999797821045,nan,nan,nan,nan,nan,nan
336.9801688194275,-0.4000000059604645,4.025000095367432,4.054999828338623,4.052000045776367,4.057000160217285,4.057000160217285,4.061999797821045,nan,nan,nan,nan,nan,nan
337.1607475280762,-0.38999998569488525,4.025000095367432,4.054999828338623,4.052000045776367,4.057000160217285,4.057000160217285,4.061999797821045,nan,nan,nan,nan,nan,nan
337.31964659690857,-0.38999998569488525,4.025000095367432,4.054999828338623,4.052000045776367,4.057000160217285,4.057000160217285,4.061999797821045,nan,nan,nan,nan,nan,nan
337.50122690200806,-0.4000000059604645,4.02400016784668,4.054999828338623,4.052000045776367,4.057000160217285,4.057000160217285,4.061999797821045,nan,nan,nan,nan,nan,nan
337.68154859542847,-0.4099999964237213,4.02400016784668,4.054999828338623,4.052000045776367,4.057000160217285,4.057000160217285,4.061999797821045,nan,nan,nan,nan,nan,nan
337.84060645103455,-0.38999998569488525,4.025000095367432,4.054999828338623,4.052000045776367,4.057000160217285,4.057000160217285,4.061999797821045,nan,nan,nan,nan,nan,nan
338.01937556266785,-0.4000000059604645,4.025000095367432,4.054999828338623,4.052000045776367,4.057000160217285,4.057000160217285,4.061999797821045,nan,nan,nan,nan,nan,nan
338.1802341938019,-0.4000000059604645,4.02400016784668,4.054999828338623,4.052000045776367,4.057000160217285,4.057000160217285,4.061999797821045,nan,nan,nan,nan,nan,nan
338.35973262786865,-0.4000000059604645,4.025000095367432,4.054999828338623,4.052000045776367,4.057000160217285,4.057000160217285,4.061999797821045,nan,nan,nan,nan,nan,nan
338.54098296165466,-0.38999998569488525,4.025000095367432,4.054999828338623,4.052000045776367,4.057000160217285,4.057000160217285,4.061999797821045,nan,nan,nan,nan,nan,nan
338.6992998123169,-0.4000000059604645,4.02400016784668,4.054999828338623,4.052000045776367,4.057000160217285,4.057000160217285,4.061999797821045,nan,nan,nan,nan,nan,nan
338.87941431999207,-0.38999998569488525,4.025000095367432,4.054999828338623,4.052000045776367,4.057000160217285,4.057000160217285,4.061999797821045,nan,nan,nan,nan,nan,nan
339.059766292572,-0.4000000059604645,4.02400016784668,4.054999828338623,4.052000045776367,4.057000160217285,4.057000160217285,4.061999797821045,nan,nan,nan,nan,nan,nan
339.2195327281952,-0.38999998569488525,4.025000095367432,4.054999828338623,4.052000045776367,4.057000160217285,4.057000160217285,4.061999797821045,nan,nan,nan,nan,nan,nan
339.39999771118164,-0.4000000059604645,4.025000095367432,4.054999828338623,4.052000045776367,4.057000160217285,4.057000160217285,4.061999797821045,nan,nan,nan,nan,nan,nan
339.56083607673645,-0.38999998569488525,4.02400016784668,4.054999828338623,4.052000045776367,4.057000160217285,4.057000160217285,4.061999797821045,nan,nan,nan,nan,nan,nan
339.7394504547119,-0.4000000059604645,4.02400016784668,4.054999828338623,4.052000045776367,4.057000160217285,4.057000160217285,4.061999797821045,nan,nan,nan,nan,nan,nan
339.92007327079773,-0.4000000059604645,4.02400016784668,4.054999828338623,4.052000045776367,4.057000160217285,4.057000160217285,4.061999797821045,nan,nan,nan,nan,nan,nan
340.0793764591217,-0.3799999952316284,4.025000095367432,4.054999828338623,4.052000045776367,4.057000160217285,4.057000160217285,4.061999797821045,nan,nan,nan,nan,nan,nan
340.26101183891296,-0.4099999964237213,4.02400016784668,4.054999828338623,4.052000045776367,4.057000160217285,4.057000160217285,4.061999797821045,nan,nan,nan,nan,nan,nan
340.41928243637085,-0.4000000059604645,4.02400016784668,4.054999828338623,4.052000045776367,4.057000160217285,4.057000160217285,4.061999797821045,nan,nan,nan,nan,nan,nan
340.59959292411804,-0.3799999952316284,4.025000095367432,4.054999828338623,4.052000045776367,4.057000160217285,4.057000160217285,4.061999797821045,nan,nan,nan,nan,nan,nan
340.7797496318817,-0.4000000059604645,4.02400016784668,4.054999828338623,4.052000045776367,4.057000160217285,4.057000160217285,4.061999797821045,nan,nan,nan,nan,nan,nan
340.94080424308777,-0.4000000059604645,4.02400016784668,4.054999828338623,4.052000045776367,4.057000160217285,4.057000160217285,4.061999797821045,nan,nan,nan,nan,nan,nan
341.1194226741791,-0.4000000059604645,4.02400016784668,4.054999828338623,4.052000045776367,4.057000160217285,4.057000160217285,4.061999797821045,nan,nan,nan,nan,nan,nan
341.29971170425415,-0.4000000059604645,4.02400016784668,4.054999828338623,4.052000045776367,4.057000160217285,4.057000160217285,4.061999797821045,nan,nan,nan,nan,nan,nan
341.4596288204193,-0.4000000059604645,4.02400016784668,4.054999828338623,4.051000118255615,4.057000160217285,4.057000160217285,4.061999797821045,nan,nan,nan,nan,nan,nan
341.63923239707947,-0.3799999952316284,4.02400016784668,4.054999828338623,4.052000045776367,4.057000160217285,4.057000160217285,4.061999797821045,nan,nan,nan,nan,nan,nan
341.8004434108734,-0.4000000059604645,4.02400016784668,4.054999828338623,4.052000045776367,4.057000160217285,4.057000160217285,4.061999797821045,nan,nan,nan,nan,nan,nan
341.9789774417877,-0.4000000059604645,4.02400016784668,4.054999828338623,4.051000118255615,4.057000160217285,4.057000160217285,4.061999797821045,nan,nan,nan,nan,nan,nan
342.1594684123993,-0.4000000059604645,4.02400016784668,4.054999828338623,4.052000045776367,4.057000160217285,4.057000160217285,4.061999797821045,nan,nan,nan,nan,nan,nan
342.3189079761505,-0.38999998569488525,4.02400016784668,4.054999828338623,4.052000045776367,4.057000160217285,4.057000160217285,4.061999797821045,nan,nan,nan,nan,nan,nan
342.4987862110138,-0.4000000059604645,4.02400016784668,4.054999828338623,4.052000045776367,4.057000160217285,4.057000160217285,4.061999797821045,nan,nan,nan,nan,nan,nan
342.6605312824249,-0.4000000059604645,4.02400016784668,4.054999828338623,4.052000045776367,4.057000160217285,4.057000160217285,4.061999797821045,nan,nan,nan,nan,nan,nan
342.84021186828613,-0.4000000059604645,4.02400016784668,4.054999828338623,4.051000118255615,4.057000160217285,4.057000160217285,4.061999797821045,nan,nan,nan,nan,nan,nan
343.02017092704773,-0.4000000059604645,4.02400016784668,4.054999828338623,4.052000045776367,4.057000160217285,4.057000160217285,4.061999797821045,nan,nan,nan,nan,nan,nan
343.1798565387726,-0.4000000059604645,4.02400016784668,4.054999828338623,4.052000045776367,4.057000160217285,4.057000160217285,4.061999797821045,nan,nan,nan,nan,nan,nan
343.361350774765,-0.4099999964237213,4.02400016784668,4.054999828338623,4.052000045776367,4.057000160217285,4.057000160217285,4.061999797821045,nan,nan,nan,nan,nan,nan
343.5206456184387,-0.38999998569488525,4.02400016784668,4.054999828338623,4.052000045776367,4.057000160217285,4.057000160217285,4.061999797821045,nan,nan,nan,nan,nan,nan
343.7008602619171,-0.4300000071525574,4.02400016784668,4.054999828338623,4.052000045776367,4.057000160217285,4.057000160217285,4.061999797821045,nan,nan,nan,nan,nan,nan
343.88110971450806,-0.4099999964237213,4.02400016784668,4.054999828338623,4.052000045776367,4.057000160217285,4.057000160217285,4.061999797821045,nan,nan,nan,nan,nan,nan
344.04045152664185,-0.4000000059604645,4.02400016784668,4.054999828338623,4.051000118255615,4.057000160217285,4.057000160217285,4.061999797821045,nan,nan,nan,nan,nan,nan
344.2193512916565,-0.4000000059604645,4.02400016784668,4.054999828338623,4.051000118255615,4.057000160217285,4.057000160217285,4.061999797821045,nan,nan,nan,nan,nan,nan
344.39978671073914,-0.4000000059604645,4.02400016784668,4.054999828338623,4.052000045776367,4.057000160217285,4.057000160217285,4.061999797821045,nan,nan,nan,nan,nan,nan
344.5602226257324,-0.4000000059604645,4.02400016784668,4.054999828338623,4.051000118255615,4.057000160217285,4.057000160217285,4.061999797821045,nan,nan,nan,nan,nan,nan
344.7392477989197,-0.38999998569488525,4.02400016784668,4.054999828338623,4.051000118255615,4.057000160217285,4.057000160217285,4.061999797821045,nan,nan,nan,nan,nan,nan
344.89904975891113,-0.4000000059604645,4.025000095367432,4.054999828338623,4.052000045776367,4.057000160217285,4.057000160217285,4.061999797821045,nan,nan,nan,nan,nan,nan
345.07918310165405,-0.4000000059604645,4.02400016784668,4.054999828338623,4.052000045776367,4.057000160217285,4.057000160217285,4.061999797821045,nan,nan,nan,nan,nan,nan
345.2591497898102,-0.4000000059604645,4.02400016784668,4.054999828338623,4.052000045776367,4.057000160217285,4.057000160217285,4.061999797821045,nan,nan,nan,nan,nan,nan
345.41884326934814,-0.4000000059604645,4.02400016784668,4.054999828338623,4.051000118255615,4.057000160217285,4.057000160217285,4.061999797821045,nan,nan,nan,nan,nan,nan
345.5992636680603,-0.38999998569488525,4.02400016784668,4.054999828338623,4.051000118255615,4.057000160217285,4.057000160217285,4.061999797821045,nan,nan,nan,nan,nan,nan
345.76004815101624,-0.4000000059604645,4.02400016784668,4.054999828338623,4.051000118255615,4.057000160217285,4.057000160217285,4.061999797821045,nan,nan,nan,nan,nan,nan
345.94027304649353,-0.4099999964237213,4.02400016784668,4.054999828338623,4.052000045776367,4.057000160217285,4.057000160217285,4.061999797821045,nan,nan,nan,nan,nan,nan
346.1193947792053,-0.4099999964237213,4.02400016784668,4.054999828338623,4.051000118255615,4.057000160217285,4.057000160217285,4.061999797821045,nan,nan,nan,nan,nan,nan
346.2813913822174,-0.41999998688697815,4.02400016784668,4.054999828338623,4.052000045776367,4.057000160217285,4.057000160217285,4.061999797821045,nan,nan,nan,nan,nan,nan
346.4598400592804,-0.38999998569488525,4.02400016784668,4.054999828338623,4.051000118255615,4.057000160217285,4.057000160217285,4.061999797821045,nan,nan,nan,nan,nan,nan
346.61922454833984,-0.4099999964237213,4.02400016784668,4.054999828338623,4.051000118255615,4.057000160217285,4.057000160217285,4.061999797821045,nan,nan,nan,nan,nan,nan
346.8010025024414,-0.4000000059604645,4.02400016784668,4.054999828338623,4.051000118255615,4.057000160217285,4.057000160217285,4.061999797821045,nan,nan,nan,nan,nan,nan
346.9797923564911,-0.41999998688697815,4.02400016784668,4.054999828338623,4.051000118255615,4.057000160217285,4.057000160217285,4.061999797821045,nan,nan,nan,nan,nan,nan
347.1404175758362,-0.4000000059604645,4.02400016784668,4.054999828338623,4.052000045776367,4.057000160217285,4.057000160217285,4.061999797821045,nan,nan,nan,nan,nan,nan
347.3194296360016,-0.4099999964237213,4.02400016784668,4.054999828338623,4.051000118255615,4.056000232696533,4.057000160217285,4.061999797821045,nan,nan,nan,nan,nan,nan
347.5009262561798,-0.38999998569488525,4.02400016784668,4.054999828338623,4.051000118255615,4.057000160217285,4.057000160217285,4.061999797821045,nan,nan,nan,nan,nan,nan
347.6603379249573,-0.4000000059604645,4.02400016784668,4.054999828338623,4.051000118255615,4.057000160217285,4.057000160217285,4.061999797821045,nan,nan,nan,nan,nan,nan
347.8391468524933,-0.4000000059604645,4.02400016784668,4.054999828338623,4.051000118255615,4.057000160217285,4.057000160217285,4.061999797821045,nan,nan,nan,nan,nan,nan
348.0002410411835,-0.4000000059604645,4.02400016784668,4.054999828338623,4.051000118255615,4.057000160217285,4.057000160217285,4.061999797821045,nan,nan,nan,nan,nan,nan
348.1804156303406,-0.4099999964237213,4.02400016784668,4.054999828338623,4.051000118255615,4.057000160217285,4.057000160217285,4.061999797821045,nan,nan,nan,nan,nan,nan
348.3592531681061,-0.4000000059604645,4.02400016784668,4.054999828338623,4.051000118255615,4.057000160217285,4.057000160217285,4.061999797821045,nan,nan,nan,nan,nan,nan
348.5192573070526,-0.4000000059604645,4.02400016784668,4.054999828338623,4.052000045776367,4.057000160217285,4.057000160217285,4.061999797821045,nan,nan,nan,nan,nan,nan
348.69952034950256,-0.4000000059604645,4.02400016784668,4.054999828338623,4.051000118255615,4.056000232696533,4.057000160217285,4.061999797821045,nan,nan,nan,nan,nan,nan
348.85935282707214,-0.4000000059604645,4.02400016784668,4.054999828338623,4.051000118255615,4.057000160217285,4.057000160217285,4.061999797821045,nan,nan,nan,nan,nan,nan
349.03922295570374,-0.4099999964237213,4.02400016784668,4.054999828338623,4.051000118255615,4.057000160217285,4.057000160217285,4.061999797821045,nan,nan,nan,nan,nan,nan
349.2195553779602,-0.4000000059604645,4.02400016784668,4.054999828338623,4.052000045776367,4.057000160217285,4.057000160217285,4.061999797821045,nan,nan,nan,nan,nan,nan
349.37899255752563,-0.4000000059604645,4.02400016784668,4.054999828338623,4.051000118255615,4.057000160217285,4.057000160217285,4.061999797821045,nan,nan,nan,nan,nan,nan
349.5612816810608,-0.38999998569488525,4.02400016784668,4.054999828338623,4.051000118255615,4.056000232696533,4.057000160217285,4.061999797821045,nan,nan,nan,nan,nan,nan
349.7425181865692,-0.4000000059604645,4.02400016784668,4.054999828338623,4.051000118255615,4.057000160217285,4.057000160217285,4.061999797821045,nan,nan,nan,nan,nan,nan
349.90314197540283,-0.46000000834465027,4.02400016784668,4.054999828338623,4.051000118255615,4.056000232696533,4.057000160217285,4.061999797821045,nan,nan,nan,nan,nan,nan
350.08178973197937,-2.390000104904175,4.011000156402588,4.041999816894531,4.038000106811523,4.044000148773193,4.044000148773193,4.047999858856201,0.006735756887922443,0.006735756887922443,0.006735756887922443,0.006217659752831904,0.006735756887922443,0.007253854023012982
350.24248600006104,-1.2599999904632568,4.021999835968018,4.052999973297119,4.050000190734863,4.053999900817871,4.056000232696533,4.059999942779541,0.009734228718084617,0.009734650697827902,0.010619542219495296,0.008849337196417223,0.010619542219495296,0.010619542219495296
350.4195132255554,-1.2899999618530273,4.021999835968018,4.052999973297119,4.048999786376953,4.053999900817871,4.054999828338623,4.059999942779541,nan,nan,nan,nan,nan,nan
350.6012945175171,-1.1399999856948853,4.021999835968018,4.052000045776367,4.048999786376953,4.053999900817871,4.054999828338623,4.059999942779541,nan,nan,nan,nan,nan,nan
350.7603716850281,-1.2899999618530273,4.021999835968018,4.052999973297119,4.048999786376953,4.053999900817871,4.053999900817871,4.059000015258789,nan,nan,nan,nan,nan,nan
350.94049859046936,-1.2699999809265137,4.021999835968018,4.052000045776367,4.048999786376953,4.053999900817871,4.054999828338623,4.059000015258789,nan,nan,nan,nan,nan,nan
351.10159730911255,-1.3300000429153442,4.021999835968018,4.052000045776367,4.048999786376953,4.053999900817871,4.054999828338623,4.059000015258789,nan,nan,nan,nan,nan,nan
351.28143978118896,-0.9300000071525574,4.020999908447266,4.052999973297119,4.048999786376953,4.053999900817871,4.054999828338623,4.059000015258789,nan,nan,nan,nan,nan,nan
351.46148705482483,-1.1799999475479126,4.021999835968018,4.052000045776367,4.048999786376953,4.053999900817871,4.054999828338623,4.059000015258789,nan,nan,nan,nan,nan,nan
351.6230275630951,-1.0700000524520874,4.021999835968018,4.052000045776367,4.048999786376953,4.053999900817871,4.054999828338623,4.059000015258789,nan,nan,nan,nan,nan,nan
351.801549911499,-1.0199999809265137,4.021999835968018,4.052000045776367,4.048999786376953,4.053999900817871,4.054999828338623,4.059000015258789,nan,nan,nan,nan,nan,nan
351.96240234375,-0.4000000059604645,4.0229997634887695,4.053999900817871,4.048999786376953,4.053999900817871,4.056000232696533,4.060999870300293,nan,nan,nan,nan,nan,nan
352.1407186985016,-0.4000000059604645,4.0229997634887695,4.053999900817871,4.051000118255615,4.056000232696533,4.056000232696533,4.060999870300293,nan,nan,nan,nan,nan,nan
352.31940150260925,-0.4000000059604645,4.0229997634887695,4.053999900817871,4.051000118255615,4.056000232696533,4.056000232696533,4.060999870300293,nan,nan,nan,nan,nan,nan
352.4789960384369,-0.4000000059604645,4.0229997634887695,4.053999900817871,4.051000118255615,4.056000232696533,4.056000232696533,4.060999870300293,nan,nan,nan,nan,nan,nan
352.6594386100769,-0.4000000059604645,4.0229997634887695,4.053999900817871,4.051000118255615,4.056000232696533,4.056000232696533,4.060999870300293,nan,nan,nan,nan,nan,nan
352.81875586509705,-0.4000000059604645,4.02400016784668,4.053999900817871,4.051000118255615,4.056000232696533,4.056000232696533,4.060999870300293,nan,nan,nan,nan,nan,nan
352.9995310306549,-0.38999998569488525,4.02400016784668,4.053999900817871,4.051000118255615,4.056000232696533,4.056000232696533,4.060999870300293,nan,nan,nan,nan,nan,nan
353.1800138950348,-0.41999998688697815,4.02400016784668,4.053999900817871,4.051000118255615,4.056000232696533,4.056000232696533,4.060999870300293,nan,nan,nan,nan,nan,nan
353.33904457092285,-0.4099999964237213,4.0229997634887695,4.053999900817871,4.051000118255615,4.056000232696533,4.056000232696533,4.060999870300293,nan,nan,nan,nan,nan,nan
353.51983857154846,-0.4000000059604645,4.02400016784668,4.053999900817871,4.051000118255615,4.056000232696533,4.056000232696533,4.060999870300293,nan,nan,nan,nan,nan,nan
353.6996650695801,-0.4000000059604645,4.02400016784668,4.053999900817871,4.051000118255615,4.056000232696533,4.056000232696533,4.060999870300293,nan,nan,nan,nan,nan,nan
353.86067819595337,-0.4000000059604645,4.02400016784668,4.053999900817871,4.051000118255615,4.056000232696533,4.056000232696533,4.060999870300293,nan,nan,nan,nan,nan,nan
354.04079961776733,-0.4000000059604645,4.02400016784668,4.053999900817871,4.051000118255615,4.056000232696533,4.056000232696533,4.060999870300293,nan,nan,nan,nan,nan,nan
354.2004430294037,-0.4000000059604645,4.02400016784668,4.053999900817871,4.051000118255615,4.056000232696533,4.056000232696533,4.060999870300293,nan,nan,nan,nan,nan,nan
354.3792333602905,-0.4000000059604645,4.0229997634887695,4.053999900817871,4.051000118255615,4.056000232696533,4.057000160217285,4.060999870300293,nan,nan,nan,nan,nan,nan
354.5592739582062,-0.38999998569488525,4.02400016784668,4.053999900817871,4.051000118255615,4.056000232696533,4.056000232696533,4.060999870300293,nan,nan,nan,nan,nan,nan
354.71912384033203,-0.4000000059604645,4.02400016784668,4.053999900817871,4.051000118255615,4.056000232696533,4.057000160217285,4.060999870300293,nan,nan,nan,nan,nan,nan
354.8997611999512,-0.4000000059604645,4.0229997634887695,4.053999900817871,4.051000118255615,4.056000232696533,4.056000232696533,4.060999870300293,nan,nan,nan,nan,nan,nan
355.06045269966125,-0.4000000059604645,4.02400016784668,4.053999900817871,4.051000118255615,4.056000232696533,4.057000160217285,4.060999870300293,nan,nan,nan,nan,nan,nan
355.2407581806183,-0.4000000059604645,4.0229997634887695,4.053999900817871,4.051000118255615,4.056000232696533,4.056000232696533,4.060999870300293,nan,nan,nan,nan,nan,nan
355.41915583610535,-0.4000000059604645,4.02400016784668,4.053999900817871,4.051000118255615,4.056000232696533,4.056000232696533,4.060999870300293,nan,nan,nan,nan,nan,nan
355.5791094303131,-0.4000000059604645,4.0229997634887695,4.053999900817871,4.051000118255615,4.056000232696533,4.057000160217285,4.060999870300293,nan,nan,nan,nan,nan,nan
355.75936484336853,-0.4000000059604645,4.02400016784668,4.053999900817871,4.051000118255615,4.056000232696533,4.057000160217285,4.060999870300293,nan,nan,nan,nan,nan,nan
355.93999695777893,-0.4099999964237213,4.0229997634887695,4.053999900817871,4.051000118255615,4.056000232696533,4.057000160217285,4.060999870300293,nan,nan,nan,nan,nan,nan
356.09934067726135,-0.38999998569488525,4.02400016784668,4.053999900817871,4.051000118255615,4.056000232696533,4.056000232696533,4.060999870300293,nan,nan,nan,nan,nan,nan
356.27983498573303,-0.4099999964237213,4.02400016784668,4.053999900817871,4.051000118255615,4.056000232696533,4.057000160217285,4.060999870300293,nan,nan,nan,nan,nan,nan
356.43888807296753,-0.38999998569488525,4.02400016784668,4.053999900817871,4.051000118255615,4.056000232696533,4.057000160217285,4.060999870300293,nan,nan,nan,nan,nan,nan
356.61928963661194,-0.4099999964237213,4.02400016784668,4.053999900817871,4.051000118255615,4.056000232696533,4.057000160217285,4.060999870300293,nan,nan,nan,nan,nan,nan
356.7997877597809,-0.4099999964237213,4.02400016784668,4.054999828338623,4.051000118255615,4.056000232696533,4.057000160217285,4.060999870300293,nan,nan,nan,nan,nan,nan
356.95919942855835,-0.4099999964237213,4.02400016784668,4.054999828338623,4.051000118255615,4.056000232696533,4.056000232696533,4.060999870300293,nan,nan,nan,nan,nan,nan
357.1395044326782,-0.4000000059604645,4.02400016784668,4.054999828338623,4.051000118255615,4.056000232696533,4.057000160217285,4.060999870300293,nan,nan,nan,nan,nan,nan
357.30044293403625,-0.4099999964237213,4.0229997634887695,4.053999900817871,4.051000118255615,4.056000232696533,4.057000160217285,4.060999870300293,nan,nan,nan,nan,nan,nan
357.47918367385864,-0.41999998688697815,4.02400016784668,4.053999900817871,4.051000118255615,4.056000232696533,4.057000160217285,4.060999870300293,nan,nan,nan,nan,nan,nan
357.66010785102844,-0.4099999964237213,4.02400016784668,4.053999900817871,4.051000118255615,4.056000232696533,4.057000160217285,4.060999870300293,nan,nan,nan,nan,nan,nan
357.8205955028534,-0.4000000059604645,4.02400016784668,4.053999900817871,4.051000118255615,4.056000232696533,4.057000160217285,4.061999797821045,nan,nan,nan,nan,nan,nan
358.0011167526245,-0.4000000059604645,4.02400016784668,4.053999900817871,4.051000118255615,4.056000232696533,4.057000160217285,4.060999870300293,nan,nan,nan,nan,nan,nan
358.1818299293518,-0.4099999964237213,4.02400016784668,4.053999900817871,4.051000118255615,4.056000232696533,4.057000160217285,4.060999870300293,nan,nan,nan,nan,nan,nan
358.3418803215027,-0.4000000059604645,4.0229997634887695,4.053999900817871,4.051000118255615,4.056000232696533,4.057000160217285,4.060999870300293,nan,nan,nan,nan,nan,nan
358.52008843421936,-0.41999998688697815,4.0229997634887695,4.053999900817871,4.051000118255615,4.056000232696533,4.056000232696533,4.060999870300293,nan,nan,nan,nan,nan,nan
358.68094277381897,-0.4000000059604645,4.02400016784668,4.053999900817871,4.051000118255615,4.056000232696533,4.057000160217285,4.060999870300293,nan,nan,nan,nan,nan,nan
358.86013770103455,-0.4099999964237213,4.02400016784668,4.053999900817871,4.051000118255615,4.056000232696533,4.057000160217285,4.060999870300293,nan,nan,nan,nan,nan,nan
359.04035687446594,-0.4099999964237213,4.02400016784668,4.053999900817871,4.051000118255615,4.056000232696533,4.057000160217285,4.060999870300293,nan,nan,nan,nan,nan,nan
359.19947504997253,-0.4000000059604645,4.02400016784668,4.053999900817871,4.051000118255615,4.056000232696533,4.056000232696533,4.060999870300293,nan,nan,nan,nan,nan,nan
359.3799362182617,-0.4000000059604645,4.02400016784668,4.053999900817871,4.051000118255615,4.056000232696533,4.057000160217285,4.060999870300293,nan,nan,nan,nan,nan,nan
359.5395908355713,-0.4000000059604645,4.02400016784668,4.053999900817871,4.051000118255615,4.056000232696533,4.056000232696533,4.061999797821045,nan,nan,nan,nan,nan,nan
359.7198419570923,-0.4000000059604645,4.02400016784668,4.053999900817871,4.051000118255615,4.056000232696533,4.057000160217285,4.060999870300293,nan,nan,nan,nan,nan,nan
359.9014663696289,-0.4000000059604645,4.0229997634887695,4.053999900817871,4.051000118255615,4.056000232696533,4.057000160217285,4.060999870300293,nan,nan,nan,nan,nan,nan
360.0610032081604,-0.4000000059604645,4.02400016784668,4.053999900817871,4.051000118255615,4.056000232696533,4.056000232696533,4.060999870300293,nan,nan,nan,nan,nan,nan
360.24068546295166,-0.4000000059604645,4.02400016784668,4.053999900817871,4.051000118255615,4.056000232696533,4.057000160217285,4.061999797821045,nan,nan,nan,nan,nan,nan
360.3998656272888,-0.4000000059604645,4.0229997634887695,4.053999900817871,4.051000118255615,4.056000232696533,4.056000232696533,4.060999870300293,nan,nan,nan,nan,nan,nan
360.58015155792236,-0.4000000059604645,4.02400016784668,4.053999900817871,4.051000118255615,4.056000232696533,4.057000160217285,4.060999870300293,nan,nan,nan,nan,nan,nan
360.7589292526245,-0.4099999964237213,4.02400016784668,4.053999900817871,4.051000118255615,4.056000232696533,4.057000160217285,4.060999870300293,nan,nan,nan,nan,nan,nan
360.9203374385834,-0.4099999964237213,4.02400016784668,4.053999900817871,4.051000118255615,4.056000232696533,4.057000160217285,4.060999870300293,nan,nan,nan,nan,nan,nan
361.1003408432007,-0.41999998688697815,4.0229997634887695,4.053999900817871,4.051000118255615,4.056000232696533,4.056000232696533,4.060999870300293,nan,nan,nan,nan,nan,nan
361.2818863391876,-0.4000000059604645,4.0229997634887695,4.053999900817871,4.051000118255615,4.056000232696533,4.057000160217285,4.060999870300293,nan,nan,nan,nan,nan,nan
361.4425506591797,-0.4000000059604645,4.02400016784668,4.053999900817871,4.051000118255615,4.056000232696533,4.056000232696533,4.060999870300293,nan,nan,nan,nan,nan,nan
361.6200501918793,-0.4000000059604645,4.0229997634887695,4.053999900817871,4.051000118255615,4.056000232696533,4.056000232696533,4.060999870300293,nan,nan,nan,nan,nan,nan
361.7805576324463,-0.4099999964237213,4.0229997634887695,4.053999900817871,4.051000118255615,4.056000232696533,4.057000160217285,4.060999870300293,nan,nan,nan,nan,nan,nan
361.9604423046112,-0.4000000059604645,4.02400016784668,4.053999900817871,4.051000118255615,4.056000232696533,4.057000160217285,4.060999870300293,nan,nan,nan,nan,nan,nan
362.14120841026306,-2.430000066757202,4.01800012588501,4.048999786376953,4.046000003814697,4.051000118255615,4.052000045776367,4.056000232696533,0.0029556856068836844,0.0024631104882605354,0.0024631104882605354,0.0024631104882605354,0.0024631104882605354,0.002462875593115746
362.30023765563965,-0.9200000166893005,4.0229997634887695,4.053999900817871,4.050000190734863,4.056000232696533,4.056000232696533,4.060999870300293,0.003311018170850353,0.0033113339570373683,0.0026491303228672975,0.0033113339570373683,0.0026491303228672975,0.003311018170850353
362.48038268089294,-0.9599999785423279,4.021999835968018,4.052000045776367,4.048999786376953,4.052999973297119,4.053999900817871,4.059000015258789,nan,nan,nan,nan,nan,nan
362.6400456428528,-1.100000023841858,4.020999908447266,4.052999973297119,4.047999858856201,4.053999900817871,4.054999828338623,4.059000015258789,nan,nan,nan,nan,nan,nan
362.820280790329,-1.1399999856948853,4.021999835968018,4.052000045776367,4.048999786376953,4.052999973297119,4.053999900817871,4.059000015258789,nan,nan,nan,nan,nan,nan
362.99918365478516,-0.8899999856948853,4.020999908447266,4.052000045776367,4.047999858856201,4.053999900817871,4.053999900817871,4.059000015258789,nan,nan,nan,nan,nan,nan
363.16021966934204,-0.9100000262260437,4.020999908447266,4.052000045776367,4.047999858856201,4.053999900817871,4.054999828338623,4.059000015258789,nan,nan,nan,nan,nan,nan
363.3390784263611,-1.059999942779541,4.020999908447266,4.052000045776367,4.047999858856201,4.053999900817871,4.053999900817871,4.058000087738037,nan,nan,nan,nan,nan,nan
363.5001480579376,-1.0099999904632568,4.020999908447266,4.052000045776367,4.047999858856201,4.052999973297119,4.053999900817871,4.058000087738037,nan,nan,nan,nan,nan,nan
363.68026518821716,-0.9800000190734863,4.020999908447266,4.051000118255615,4.048999786376953,4.053999900817871,4.053999900817871,4.058000087738037,nan,nan,nan,nan,nan,nan
363.8597869873047,-1.2000000476837158,4.020999908447266,4.052000045776367,4.047999858856201,4.053999900817871,4.052999973297119,4.059000015258789,nan,nan,nan,nan,nan,nan
364.0190005302429,-0.9200000166893005,4.020999908447266,4.051000118255615,4.047999858856201,4.052999973297119,4.053999900817871,4.058000087738037,nan,nan,nan,nan,nan,nan
364.19925475120544,-0.38999998569488525,4.0229997634887695,4.053999900817871,4.050000190734863,4.054999828338623,4.056000232696533,4.060999870300293,nan,nan,nan,nan,nan,nan
364.37928652763367,-0.4099999964237213,4.0229997634887695,4.053999900817871,4.050000190734863,4.054999828338623,4.056000232696533,4.059999942779541,nan,nan,nan,nan,nan,nan
364.53894114494324,-0.38999998569488525,4.0229997634887695,4.053999900817871,4.050000190734863,4.054999828338623,4.056000232696533,4.059999942779541,nan,nan,nan,nan,nan,nan
364.7192974090576,-0.41999998688697815,4.0229997634887695,4.052999973297119,4.050000190734863,4.054999828338623,4.056000232696533,4.060999870300293,nan,nan,nan,nan,nan,nan
364.88021898269653,-0.38999998569488525,4.0229997634887695,4.053999900817871,4.050000190734863,4.054999828338623,4.056000232696533,4.060999870300293,nan,nan,nan,nan,nan,nan
365.0591027736664,-0.41999998688697815,4.0229997634887695,4.053999900817871,4.050000190734863,4.054999828338623,4.056000232696533,4.060999870300293,nan,nan,nan,nan,nan,nan
365.2397692203522,-0.4000000059604645,4.0229997634887695,4.053999900817871,4.050000190734863,4.056000232696533,4.056000232696533,4.060999870300293,nan,nan,nan,nan,nan,nan
365.3990285396576,-0.4000000059604645,4.0229997634887695,4.053999900817871,4.050000190734863,4.056000232696533,4.056000232696533,4.060999870300293,nan,nan,nan,nan,nan,nan
365.5805923938751,-0.4000000059604645,4.0229997634887695,4.053999900817871,4.050000190734863,4.054999828338623,4.056000232696533,4.060999870300293,nan,nan,nan,nan,nan,nan
365.739901304245,-0.4099999964237213,4.0229997634887695,4.053999900817871,4.050000190734863,4.054999828338623,4.056000232696533,4.060999870300293,nan,nan,nan,nan,nan,nan
365.9203279018402,-0.4000000059604645,4.0229997634887695,4.053999900817871,4.050000190734863,4.056000232696533,4.056000232696533,4.060999870300293,nan,nan,nan,nan,nan,nan
366.1004116535187,-0.4099999964237213,4.0229997634887695,4.053999900817871,4.050000190734863,4.054999828338623,4.056000232696533,4.060999870300293,nan,nan,nan,nan,nan,nan
366.26034450531006,-0.4000000059604645,4.0229997634887695,4.053999900817871,4.050000190734863,4.056000232696533,4.056000232696533,4.060999870300293,nan,nan,nan,nan,nan,nan
366.4401206970215,-0.4000000059604645,4.0229997634887695,4.053999900817871,4.050000190734863,4.056000232696533,4.056000232696533,4.060999870300293,nan,nan,nan,nan,nan,nan
366.5998046398163,-0.4099999964237213,4.0229997634887695,4.053999900817871,4.050000190734863,4.054999828338623,4.056000232696533,4.060999870300293,nan,nan,nan,nan,nan,nan
366.77993988990784,-0.38999998569488525,4.0229997634887695,4.053999900817871,4.050000190734863,4.054999828338623,4.056000232696533,4.060999870300293,nan,nan,nan,nan,nan,nan
366.96042013168335,-0.4000000059604645,4.0229997634887695,4.053999900817871,4.050000190734863,4.056000232696533,4.056000232696533,4.060999870300293,nan,nan,nan,nan,nan,nan
367.1209123134613,-0.4000000059604645,4.0229997634887695,4.053999900817871,4.050000190734863,4.056000232696533,4.056000232696533,4.060999870300293,nan,nan,nan,nan,nan,nan
367.3013174533844,-0.38999998569488525,4.0229997634887695,4.053999900817871,4.050000190734863,4.056000232696533,4.056000232696533,4.060999870300293,nan,nan,nan,nan,nan,nan
367.48021817207336,-0.38999998569488525,4.0229997634887695,4.053999900817871,4.050000190734863,4.056000232696533,4.056000232696533,4.060999870300293,nan,nan,nan,nan,nan,nan
367.64068365097046,-0.4099999964237213,4.0229997634887695,4.053999900817871,4.050000190734863,4.056000232696533,4.056000232696533,4.060999870300293,nan,nan,nan,nan,nan,nan
367.82109236717224,-0.38999998569488525,4.0229997634887695,4.053999900817871,4.050000190734863,4.056000232696533,4.056000232696533,4.060999870300293,nan,nan,nan,nan,nan,nan
367.97904777526855,-0.4000000059604645,4.0229997634887695,4.053999900817871,4.050000190734863,4.056000232696533,4.056000232696533,4.060999870300293,nan,nan,nan,nan,nan,nan
368.1595664024353,-0.4000000059604645,4.0229997634887695,4.053999900817871,4.050000190734863,4.056000232696533,4.056000232696533,4.060999870300293,nan,nan,nan,nan,nan,nan
368.3398127555847,-0.4000000059604645,4.0229997634887695,4.053999900817871,4.050000190734863,4.056000232696533,4.056000232696533,4.060999870300293,nan,nan,nan,nan,nan,nan
368.49921441078186,-0.4000000059604645,4.0229997634887695,4.053999900817871,4.050000190734863,4.054999828338623,4.056000232696533,4.060999870300293,nan,nan,nan,nan,nan,nan
368.67962670326233,-0.4000000059604645,4.0229997634887695,4.053999900817871,4.050000190734863,4.056000232696533,4.056000232696533,4.060999870300293,nan,nan,nan,nan,nan,nan
368.84028124809265,-0.4000000059604645,4.0229997634887695,4.053999900817871,4.050000190734863,4.056000232696533,4.056000232696533,4.060999870300293,nan,nan,nan,nan,nan,nan
369.01919388771057,-0.4000000059604645,4.0229997634887695,4.053999900817871,4.050000190734863,4.056000232696533,4.056000232696533,4.060999870300293,nan,nan,nan,nan,nan,nan
369.20062828063965,-0.4099999964237213,4.0229997634887695,4.053999900817871,4.050000190734863,4.054999828338623,4.056000232696533,4.060999870300293,nan,nan,nan,nan,nan,nan
369.3596816062927,-0.4000000059604645,4.0229997634887695,4.053999900817871,4.050000190734863,4.056000232696533,4.056000232696533,4.060999870300293,nan,nan,nan,nan,nan,nan
369.5402421951294,-0.4000000059604645,4.0229997634887695,4.053999900817871,4.050000190734863,4.056000232696533,4.056000232696533,4.060999870300293,nan,nan,nan,nan,nan,nan
369.70091223716736,-0.4099999964237213,4.0229997634887695,4.053999900817871,4.050000190734863,4.056000232696533,4.056000232696533,4.060999870300293,nan,nan,nan,nan,nan,nan
369.88002729415894,-0.4000000059604645,4.0229997634887695,4.053999900817871,4.050000190734863,4.056000232696533,4.056000232696533,4.060999870300293,nan,nan,nan,nan,nan,nan
370.060462474823,-0.4000000059604645,4.0229997634887695,4.053999900817871,4.050000190734863,4.056000232696533,4.056000232696533,4.060999870300293,nan,nan,nan,nan,nan,nan
370.2199306488037,-0.4000000059604645,4.0229997634887695,4.053999900817871,4.050000190734863,4.056000232696533,4.056000232696533,4.060999870300293,nan,nan,nan,nan,nan,nan
370.4001772403717,-0.4000000059604645,4.0229997634887695,4.053999900817871,4.050000190734863,4.056000232696533,4.056000232696533,4.060999870300293,nan,nan,nan,nan,nan,nan
370.580233335495,-0.38999998569488525,4.0229997634887695,4.053999900817871,4.050000190734863,4.056000232696533,4.056000232696533,4.060999870300293,nan,nan,nan,nan,nan,nan
370.73997807502747,-1.5099999904632568,4.0229997634887695,4.053999900817871,4.050000190734863,4.056000232696533,4.056000232696533,4.060999870300293,nan,nan,nan,nan,nan,nan
370.92017936706543,-0.3499999940395355,4.017000198364258,4.047999858856201,4.044000148773193,4.050000190734863,4.050000190734863,4.054999828338623,0.005172038916386527,0.005172449982903487,0.005172449982903487,0.005172449982903487,0.005172449982903487,0.005172449982903487
371.0798773765564,-1.1299999952316284,4.019999980926514,4.052000045776367,4.048999786376953,4.053999900817871,4.053999900817871,4.059000015258789,nan,0.005128444761605683,0.0064097917898957675,nan,nan,0.005128444761605683
371.2602653503418,-1.1100000143051147,4.020999908447266,4.051000118255615,4.047999858856201,4.052999973297119,4.053999900817871,4.059000015258789,nan,nan,nan,nan,nan,nan
371.4390296936035,-1.2799999713897705,4.019999980926514,4.052000045776367,4.047999858856201,4.053999900817871,4.053999900817871,4.059000015258789,nan,nan,nan,nan,nan,nan
371.60011196136475,-1.1399999856948853,4.020999908447266,4.051000118255615,4.048999786376953,4.052999973297119,4.053999900817871,4.058000087738037,nan,nan,nan,nan,nan,nan
371.7803604602814,-1.1399999856948853,4.020999908447266,4.051000118255615,4.047999858856201,4.052999973297119,4.053999900817871,4.059000015258789,nan,nan,nan,nan,nan,nan
371.9591019153595,-1.2300000190734863,4.019999980926514,4.051000118255615,4.047999858856201,4.052999973297119,4.053999900817871,4.059000015258789,nan,nan,nan,nan,nan,nan
372.1201641559601,-1.350000023841858,4.020999908447266,4.051000118255615,4.046999931335449,4.052999973297119,4.052999973297119,4.059000015258789,nan,nan,nan,nan,nan,nan
372.3006684780121,-0.8700000047683716,4.019999980926514,4.051000118255615,4.047999858856201,4.052999973297119,4.053999900817871,4.058000087738037,nan,nan,nan,nan,nan,nan
372.4600338935852,-1.1799999475479126,4.019999980926514,4.051000118255615,4.047999858856201,4.052999973297119,4.053999900817871,4.059000015258789,nan,nan,nan,nan,nan,nan
372.6404142379761,-1.1399999856948853,4.019999980926514,4.051000118255615,4.047999858856201,4.052999973297119,4.053999900817871,4.059000015258789,nan,nan,nan,nan,nan,nan
372.82035636901855,-0.4000000059604645,4.021999835968018,4.052999973297119,4.050000190734863,4.054999828338623,4.054999828338623,4.059999942779541,nan,nan,nan,nan,nan,nan
372.9801869392395,-0.4099999964237213,4.021999835968018,4.052999973297119,4.048999786376953,4.054999828338623,4.054999828338623,4.059999942779541,nan,nan,nan,nan,nan,nan
373.16212606430054,-0.4099999964237213,4.021999835968018,4.052999973297119,4.048999786376953,4.054999828338623,4.054999828338623,4.059999942779541,nan,nan,nan,nan,nan,nan
373.32136702537537,-0.4000000059604645,4.021999835968018,4.053999900817871,4.048999786376953,4.054999828338623,4.056000232696533,4.060999870300293,nan,nan,nan,nan,nan,nan
373.5005133152008,-0.38999998569488525,4.021999835968018,4.052999973297119,4.048999786376953,4.054999828338623,4.054999828338623,4.059999942779541,nan,nan,nan,nan,nan,nan
373.68199920654297,-0.4000000059604645,4.021999835968018,4.052999973297119,4.050000190734863,4.054999828338623,4.054999828338623,4.059999942779541,nan,nan,nan,nan,nan,nan
373.84154415130615,-0.4000000059604645,4.021999835968018,4.052999973297119,4.050000190734863,4.054999828338623,4.054999828338623,4.059999942779541,nan,nan,nan,nan,nan,nan
374.021183013916,-0.4000000059604645,4.021999835968018,4.052999973297119,4.050000190734863,4.054999828338623,4.056000232696533,4.059999942779541,nan,nan,nan,nan,nan,nan
374.1816008090973,-0.4000000059604645,4.021999835968018,4.052999973297119,4.050000190734863,4.054999828338623,4.054999828338623,4.059999942779541,nan,nan,nan,nan,nan,nan
374.3601224422455,-0.41999998688697815,4.021999835968018,4.052999973297119,4.050000190734863,4.054999828338623,4.054999828338623,4.059999942779541,nan,nan,nan,nan,nan,nan
374.54109954833984,-0.4000000059604645,4.021999835968018,4.052999973297119,4.050000190734863,4.054999828338623,4.054999828338623,4.060999870300293,nan,nan,nan,nan,nan,nan
374.70322728157043,-0.4000000059604645,4.021999835968018,4.052999973297119,4.050000190734863,4.054999828338623,4.054999828338623,4.059999942779541,nan,nan,nan,nan,nan,nan
374.8817729949951,-0.3799999952316284,4.021999835968018,4.052999973297119,4.048999786376953,4.054999828338623,4.056000232696533,4.059999942779541,nan,nan,nan,nan,nan,nan
375.0426347255707,-0.4000000059604645,4.021999835968018,4.052999973297119,4.050000190734863,4.054999828338623,4.054999828338623,4.059999942779541,nan,nan,nan,nan,nan,nan
375.2213273048401,-0.4000000059604645,4.021999835968018,4.052999973297119,4.050000190734863,4.054999828338623,4.054999828338623,4.059999942779541,nan,nan,nan,nan,nan,nan
375.3996500968933,-0.4000000059604645,4.021999835968018,4.052999973297119,4.050000190734863,4.054999828338623,4.054999828338623,4.059999942779541,nan,nan,nan,nan,nan,nan
375.55927991867065,-0.4000000059604645,4.021999835968018,4.052999973297119,4.050000190734863,4.054999828338623,4.056000232696533,4.059999942779541,nan,nan,nan,nan,nan,nan
375.7395031452179,-0.4099999964237213,4.021999835968018,4.052999973297119,4.050000190734863,4.054999828338623,4.054999828338623,4.059999942779541,nan,nan,nan,nan,nan,nan
375.921156167984,-0.4000000059604645,4.0229997634887695,4.052999973297119,4.050000190734863,4.054999828338623,4.054999828338623,4.060999870300293,nan,nan,nan,nan,nan,nan
376.0807580947876,-0.4000000059604645,4.021999835968018,4.053999900817871,4.050000190734863,4.054999828338623,4.054999828338623,4.059999942779541,nan,nan,nan,nan,nan,nan
376.25952076911926,-0.4000000059604645,4.021999835968018,4.052999973297119,4.048999786376953,4.054999828338623,4.056000232696533,4.059999942779541,nan,nan,nan,nan,nan,nan
376.42015528678894,-0.4099999964237213,4.021999835968018,4.052999973297119,4.050000190734863,4.054999828338623,4.056000232696533,4.060999870300293,nan,nan,nan,nan,nan,nan
376.5992023944855,-0.38999998569488525,4.021999835968018,4.052999973297119,4.050000190734863,4.054999828338623,4.054999828338623,4.060999870300293,nan,nan,nan,nan,nan,nan
376.7811176776886,-0.4000000059604645,4.021999835968018,4.053999900817871,4.050000190734863,4.054999828338623,4.056000232696533,4.059999942779541,nan,nan,nan,nan,nan,nan
376.94020080566406,-0.4000000059604645,4.021999835968018,4.053999900817871,4.050000190734863,4.054999828338623,4.056000232696533,4.060999870300293,nan,nan,nan,nan,nan,nan
377.1194188594818,-0.4000000059604645,4.021999835968018,4.052999973297119,4.050000190734863,4.054999828338623,4.056000232696533,4.059999942779541,nan,nan,nan,nan,nan,nan
377.2802584171295,-0.38999998569488525,4.021999835968018,4.053999900817871,4.050000190734863,4.054999828338623,4.056000232696533,4.059999942779541,nan,nan,nan,nan,nan,nan
377.4600899219513,-0.4000000059604645,4.021999835968018,4.052999973297119,4.050000190734863,4.054999828338623,4.056000232696533,4.060999870300293,nan,nan,nan,nan,nan,nan
377.64004397392273,-0.4000000059604645,4.021999835968018,4.052999973297119,4.050000190734863,4.054999828338623,4.056000232696533,4.060999870300293,nan,nan,nan,nan,nan,nan
377.7995448112488,-0.4000000059604645,4.021999835968018,4.052999973297119,4.050000190734863,4.054999828338623,4.056000232696533,4.059999942779541,nan,nan,nan,nan,nan,nan
377.9799482822418,-0.4000000059604645,4.0229997634887695,4.052999973297119,4.050000190734863,4.054999828338623,4.056000232696533,4.059999942779541,nan,nan,nan,nan,nan,nan
378.1602232456207,-0.4000000059604645,4.0229997634887695,4.052999973297119,4.050000190734863,4.054999828338623,4.054999828338623,4.059999942779541,nan,nan,nan,nan,nan,nan
378.31955313682556,-0.4000000059604645,4.021999835968018,4.052999973297119,4.050000190734863,4.054999828338623,4.056000232696533,4.060999870300293,nan,nan,nan,nan,nan,nan
378.4997889995575,-0.4000000059604645,4.021999835968018,4.052999973297119,4.050000190734863,4.054999828338623,4.056000232696533,4.060999870300293,nan,nan,nan,nan,nan,nan
378.659371137619,-0.4099999964237213,4.0229997634887695,4.053999900817871,4.050000190734863,4.054999828338623,4.054999828338623,4.060999870300293,nan,nan,nan,nan,nan,nan
378.83972096443176,-0.4000000059604645,4.021999835968018,4.053999900817871,4.048999786376953,4.054999828338623,4.056000232696533,4.059999942779541,nan,nan,nan,nan,nan,nan
379.02038979530334,-0.38999998569488525,4.0229997634887695,4.052999973297119,4.050000190734863,4.054999828338623,4.056000232696533,4.059999942779541,nan,nan,nan,nan,nan,nan
379.1795012950897,-0.4099999964237213,4.021999835968018,4.053999900817871,4.050000190734863,4.054999828338623,4.054999828338623,4.060999870300293,nan,nan,nan,nan,nan,nan
379.36025071144104,-0.4099999964237213,4.021999835968018,4.052999973297119,4.050000190734863,4.054999828338623,4.056000232696533,4.059999942779541,nan,nan,nan,nan,nan,nan
379.5190598964691,-0.4000000059604645,4.021999835968018,4.052999973297119,4.050000190734863,4.054999828338623,4.054999828338623,4.059999942779541,nan,nan,nan,nan,nan,nan
379.699565410614,-0.4000000059604645,4.021999835968018,4.052999973297119,4.050000190734863,4.054999828338623,4.054999828338623,4.060999870300293,nan,nan,nan,nan,nan,nan
379.8809463977814,-0.38999998569488525,4.021999835968018,4.053999900817871,4.050000190734863,4.054999828338623,4.054999828338623,4.060999870300293,nan,nan,nan,nan,nan,nan
380.040479183197,-0.4000000059604645,4.021999835968018,4.052999973297119,4.050000190734863,4.054999828338623,4.056000232696533,4.060999870300293,nan,nan,nan,nan,nan,nan
380.21910429000854,-0.4000000059604645,4.021999835968018,4.053999900817871,4.050000190734863,4.054999828338623,4.056000232696533,4.060999870300293,nan,nan,nan,nan,nan,nan
380.3798007965088,-0.41999998688697815,4.0229997634887695,4.053999900817871,4.050000190734863,4.054999828338623,4.054999828338623,4.059999942779541,nan,nan,nan,nan,nan,nan
380.5601828098297,-0.4000000059604645,4.021999835968018,4.053999900817871,4.050000190734863,4.054999828338623,4.056000232696533,4.059999942779541,nan,nan,nan,nan,nan,nan
380.740483045578,-0.4000000059604645,4.021999835968018,4.053999900817871,4.050000190734863,4.054999828338623,4.056000232696533,4.059999942779541,nan,nan,nan,nan,nan,nan
380.89965415000916,-0.41999998688697815,4.0229997634887695,4.053999900817871,4.050000190734863,4.054999828338623,4.054999828338623,4.060999870300293,nan,nan,nan,nan,nan,nan
381.0815691947937,-0.4000000059604645,4.021999835968018,4.053999900817871,4.050000190734863,4.054999828338623,4.056000232696533,4.060999870300293,nan,nan,nan,nan,nan,nan
381.23913311958313,-0.4000000059604645,4.021999835968018,4.052999973297119,4.050000190734863,4.054999828338623,4.054999828338623,4.059999942779541,nan,nan,nan,nan,nan,nan
