Time (s),Current (A),Voltage_Cell1 (V),Voltage_Cell2 (V),Voltage_Cell3 (V),Voltage_Cell4 (V),Voltage_Cell5 (V),Voltage_Cell6 (V),Resistance_Cell1 (Ohm),Resistance_Cell2 (Ohm),Resistance_Cell3 (Ohm),Resistance_Cell4 (Ohm),Resistance_Cell5 (Ohm),Resistance_Cell6 (Ohm),MovingAvg_Cell1 (Ohm),MovingAvg_Cell2 (Ohm),MovingAvg_Cell3 (Ohm),MovingAvg_Cell4 (Ohm),MovingAvg_Cell5 (Ohm),MovingAvg_Cell6 (Ohm),ErrorBar_Top_Cell1,ErrorBar_Top_Cell2,ErrorBar_Top_Cell3,ErrorBar_Top_Cell4,ErrorBar_Top_Cell5,ErrorBar_Top_Cell6,ErrorBar_Bottom_Cell1,ErrorBar_Bottom_Cell2,ErrorBar_Bottom_Cell3,ErrorBar_Bottom_Cell4,ErrorBar_Bottom_Cell5,ErrorBar_Bottom_Cell6
0.0,0.009999999776482582,4.15500020980835,4.177000045776367,4.173999786376953,4.175000190734863,4.177000045776367,4.175000190734863,nan,nan,nan,nan,nan,nan,nan,nan,nan,nan,nan,nan,nan,nan,nan,nan,nan,nan,nan,nan,nan,nan,nan,nan
5.059361934661865,0.009999999776482582,4.15500020980835,4.177000045776367,4.173999786376953,4.175000190734863,4.177999973297119,4.175000190734863,nan,nan,nan,nan,nan,nan,nan,nan,nan,nan,nan,nan,nan,nan,nan,nan,nan,nan,nan,nan,nan,nan,nan,nan
10.121699333190918,0.009999999776482582,4.15500020980835,4.177000045776367,4.173999786376953,4.175000190734863,4.177999973297119,4.175000190734863,nan,nan,nan,nan,nan,nan,nan,nan,nan,nan,nan,nan,nan,nan,nan,nan,nan,nan,nan,nan,nan,nan,nan,nan
15.180917263031006,0.009999999776482582,4.15500020980835,4.177000045776367,4.173999786376953,4.175000190734863,4.177000045776367,4.175000190734863,nan,nan,nan,nan,nan,nan,nan,nan,nan,nan,nan,nan,nan,nan,nan,nan,nan,nan,nan,nan,nan,nan,nan,nan
20.24074625968933,0.0,4.15500020980835,4.177000045776367,4.173999786376953,4.175000190734863,4.177000045776367,4.175000190734863,nan,nan,nan,nan,nan,nan,nan,nan,nan,nan,nan,nan,nan,nan,nan,nan,nan,nan,nan,nan,nan,nan,nan,nan
25.29969072341919,0.009999999776482582,4.15500020980835,4.177000045776367,4.173999786376953,4.175000190734863,4.177000045776367,4.175000190734863,nan,nan,nan,nan,nan,nan,nan,nan,nan,nan,nan,nan,nan,nan,nan,nan,nan,nan,nan,nan,nan,nan,nan,nan
30.35998511314392,0.009999999776482582,4.15500020980835,4.177000045776367,4.173999786376953,4.175000190734863,4.177999973297119,4.175000190734863,nan,nan,nan,nan,nan,nan,nan,nan,nan,nan,nan,nan,nan,nan,nan,nan,nan,nan,nan,nan,nan,nan,nan,nan
35.44024586677551,0.009999999776482582,4.15500020980835,4.177000045776367,4.173999786376953,4.175000190734863,4.177999973297119,4.175000190734863,nan,nan,nan,nan,nan,nan,nan,nan,nan,nan,nan,nan,nan,nan,nan,nan,nan,nan,nan,nan,nan,nan,nan,nan
39.55771803855896,-17.399999618530273,4.099999904632568,4.120999813079834,4.117000102996826,4.118000030517578,4.120999813079834,4.116000175476074,0.0031591215612634467,0.0032165556533182518,0.0032739623566787057,0.003273989745373057,0.003273989745373057,0.0033888579294826674,0.0031591215612634467,0.0032165556533182518,0.0032739623566787057,0.003273989745373057,0.003273989745373057,0.0033888579294826674,0.00022993208720264633,0.0002299386547435668,0.00022994533720037007,0.00022994534041673043,0.00022994534041673043,0.0002299590661183913,0.00022993208720264633,0.0002299386547435668,0.00022994533720037007,0.00022994534041673043,0.00022994534041673043,0.0002299590661183913
39.71735978126526,-17.3799991607666,4.098999977111816,4.119999885559082,4.116000175476074,4.117000102996826,4.119999885559082,4.114999771118164,nan,nan,nan,nan,nan,nan,nan,nan,nan,nan,nan,nan,nan,nan,nan,nan,nan,nan,nan,nan,nan,nan,nan,nan
39.89778113365173,-17.3700008392334,4.0980000495910645,4.11899995803833,4.114999771118164,4.116000175476074,4.11899995803833,4.113999843597412,nan,nan,nan,nan,nan,nan,nan,nan,nan,nan,nan,nan,nan,nan,nan,nan,nan,nan,nan,nan,nan,nan,nan,nan
40.07817459106445,-17.360000610351562,4.0970001220703125,4.117000102996826,4.113999843597412,4.114999771118164,4.118000030517578,4.11299991607666,nan,nan,nan,nan,nan,nan,nan,nan,nan,nan,nan,nan,nan,nan,nan,nan,nan,nan,nan,nan,nan,nan,nan,nan
40.23929715156555,-17.350000381469727,4.09499979019165,4.116000175476074,4.11299991607666,4.113999843597412,4.117000102996826,4.111000061035156,nan,nan,nan,nan,nan,nan,nan,nan,nan,nan,nan,nan,nan,nan,nan,nan,nan,nan,nan,nan,nan,nan,nan,nan
40.41852927207947,-17.3700008392334,4.093999862670898,4.114999771118164,4.111999988555908,4.111999988555908,4.116000175476074,4.111000061035156,nan,nan,nan,nan,nan,nan,nan,nan,nan,nan,nan,nan,nan,nan,nan,nan,nan,nan,nan,nan,nan,nan,nan,nan
40.59691786766052,-17.350000381469727,4.0929999351501465,4.114999771118164,4.111000061035156,4.111000061035156,4.114999771118164,4.109000205993652,nan,nan,nan,nan,nan,nan,nan,nan,nan,nan,nan,nan,nan,nan,nan,nan,nan,nan,nan,nan,nan,nan,nan,nan
40.75824046134949,-17.350000381469727,4.0920000076293945,4.11299991607666,4.110000133514404,4.110000133514404,4.113999843597412,4.107999801635742,nan,nan,nan,nan,nan,nan,nan,nan,nan,nan,nan,nan,nan,nan,nan,nan,nan,nan,nan,nan,nan,nan,nan,nan
40.936980962753296,-17.350000381469727,4.091000080108643,4.111999988555908,4.109000205993652,4.109000205993652,4.111999988555908,4.10699987411499,nan,nan,nan,nan,nan,nan,nan,nan,nan,nan,nan,nan,nan,nan,nan,nan,nan,nan,nan,nan,nan,nan,nan,nan
41.09644913673401,-17.350000381469727,4.090000152587891,4.111999988555908,4.107999801635742,4.109000205993652,4.111999988555908,4.105999946594238,nan,nan,nan,nan,nan,nan,nan,nan,nan,nan,nan,nan,nan,nan,nan,nan,nan,nan,nan,nan,nan,nan,nan,nan
41.27711057662964,-17.34000015258789,4.089000225067139,4.110000133514404,4.10699987411499,4.107999801635742,4.111000061035156,4.105999946594238,nan,nan,nan,nan,nan,nan,nan,nan,nan,nan,nan,nan,nan,nan,nan,nan,nan,nan,nan,nan,nan,nan,nan,nan
41.45756793022156,-17.350000381469727,4.089000225067139,4.110000133514404,4.105999946594238,4.10699987411499,4.110000133514404,4.105000019073486,nan,nan,nan,nan,nan,nan,nan,nan,nan,nan,nan,nan,nan,nan,nan,nan,nan,nan,nan,nan,nan,nan,nan,nan
41.61853647232056,-17.329999923706055,4.0879998207092285,4.109000205993652,4.105000019073486,4.105999946594238,4.109000205993652,4.104000091552734,nan,nan,nan,nan,nan,nan,nan,nan,nan,nan,nan,nan,nan,nan,nan,nan,nan,nan,nan,nan,nan,nan,nan,nan
41.79767656326294,-17.309999465942383,4.086999893188477,4.107999801635742,4.104000091552734,4.105000019073486,4.107999801635742,4.103000164031982,nan,nan,nan,nan,nan,nan,nan,nan,nan,nan,nan,nan,nan,nan,nan,nan,nan,nan,nan,nan,nan,nan,nan,nan
41.977689266204834,-17.309999465942383,4.085999965667725,4.10699987411499,4.103000164031982,4.104000091552734,4.10699987411499,4.1020002365112305,nan,nan,nan,nan,nan,nan,nan,nan,nan,nan,nan,nan,nan,nan,nan,nan,nan,nan,nan,nan,nan,nan,nan,nan
42.13737392425537,-17.31999969482422,4.085000038146973,4.105999946594238,4.103000164031982,4.103000164031982,4.105999946594238,4.10099983215332,nan,nan,nan,nan,nan,nan,nan,nan,nan,nan,nan,nan,nan,nan,nan,nan,nan,nan,nan,nan,nan,nan,nan,nan
42.31774830818176,-17.31999969482422,4.085000038146973,4.105000019073486,4.1020002365112305,4.103000164031982,4.105999946594238,4.10099983215332,nan,nan,nan,nan,nan,nan,nan,nan,nan,nan,nan,nan,nan,nan,nan,nan,nan,nan,nan,nan,nan,nan,nan,nan
42.477498054504395,-17.309999465942383,4.083000183105469,4.105000019073486,4.10099983215332,4.1020002365112305,4.105000019073486,4.099999904632568,nan,nan,nan,nan,nan,nan,nan,nan,nan,nan,nan,nan,nan,nan,nan,nan,nan,nan,nan,nan,nan,nan,nan,nan
42.65776991844177,-17.290000915527344,4.083000183105469,4.104000091552734,4.099999904632568,4.10099983215332,4.104000091552734,4.098999977111816,nan,nan,nan,nan,nan,nan,nan,nan,nan,nan,nan,nan,nan,nan,nan,nan,nan,nan,nan,nan,nan,nan,nan,nan
42.838069915771484,-17.309999465942383,4.081999778747559,4.103000164031982,4.099999904632568,4.099999904632568,4.104000091552734,4.0980000495910645,nan,nan,nan,nan,nan,nan,nan,nan,nan,nan,nan,nan,nan,nan,nan,nan,nan,nan,nan,nan,nan,nan,nan,nan
42.99741721153259,0.0,4.081999778747559,4.103000164031982,4.098999977111816,4.099999904632568,4.103000164031982,4.0970001220703125,nan,nan,nan,nan,nan,nan,nan,nan,nan,nan,nan,nan,nan,nan,nan,nan,nan,nan,nan,nan,nan,nan,nan,nan
43.1795916557312,0.0,4.127999782562256,4.150000095367432,4.146999835968018,4.1479997634887695,4.150000095367432,4.146999835968018,nan,nan,nan,nan,nan,nan,nan,nan,nan,nan,nan,nan,nan,nan,nan,nan,nan,nan,nan,nan,nan,nan,nan,nan
43.33740496635437,-0.009999999776482582,4.130000114440918,4.151000022888184,4.1479997634887695,4.14900016784668,4.1519999504089355,4.1479997634887695,nan,nan,nan,nan,nan,nan,nan,nan,nan,nan,nan,nan,nan,nan,nan,nan,nan,nan,nan,nan,nan,nan,nan,nan
43.517844915390015,0.0,4.130000114440918,4.1519999504089355,4.14900016784668,4.150000095367432,4.1529998779296875,4.14900016784668,nan,nan,nan,nan,nan,nan,nan,nan,nan,nan,nan,nan,nan,nan,nan,nan,nan,nan,nan,nan,nan,nan,nan,nan
43.69805145263672,-0.009999999776482582,4.13100004196167,4.1529998779296875,4.150000095367432,4.151000022888184,4.1529998779296875,4.150000095367432,nan,nan,nan,nan,nan,nan,nan,nan,nan,nan,nan,nan,nan,nan,nan,nan,nan,nan,nan,nan,nan,nan,nan,nan
43.857696294784546,0.009999999776482582,4.131999969482422,4.1539998054504395,4.150000095367432,4.1519999504089355,4.1539998054504395,4.151000022888184,nan,nan,nan,nan,nan,nan,nan,nan,nan,nan,nan,nan,nan,nan,nan,nan,nan,nan,nan,nan,nan,nan,nan,nan
44.03836631774902,0.0,4.131999969482422,4.1539998054504395,4.151000022888184,4.1519999504089355,4.15500020980835,4.1519999504089355,nan,nan,nan,nan,nan,nan,nan,nan,nan,nan,nan,nan,nan,nan,nan,nan,nan,nan,nan,nan,nan,nan,nan,nan
44.2172429561615,0.0,4.132999897003174,4.15500020980835,4.1519999504089355,4.1529998779296875,4.15500020980835,4.1519999504089355,nan,nan,nan,nan,nan,nan,nan,nan,nan,nan,nan,nan,nan,nan,nan,nan,nan,nan,nan,nan,nan,nan,nan,nan
44.37810397148132,0.0,4.133999824523926,4.156000137329102,4.1519999504089355,4.1529998779296875,4.156000137329102,4.1529998779296875,nan,nan,nan,nan,nan,nan,nan,nan,nan,nan,nan,nan,nan,nan,nan,nan,nan,nan,nan,nan,nan,nan,nan,nan
44.558555126190186,0.0,4.133999824523926,4.156000137329102,4.1529998779296875,4.1539998054504395,4.156000137329102,4.1529998779296875,nan,nan,nan,nan,nan,nan,nan,nan,nan,nan,nan,nan,nan,nan,nan,nan,nan,nan,nan,nan,nan,nan,nan,nan
44.71806192398071,0.0,4.133999824523926,4.1570000648498535,4.1529998779296875,4.1539998054504395,4.1570000648498535,4.1529998779296875,nan,nan,nan,nan,nan,nan,nan,nan,nan,nan,nan,nan,nan,nan,nan,nan,nan,nan,nan,nan,nan,nan,nan,nan
44.89858412742615,0.0,4.135000228881836,4.1570000648498535,4.1539998054504395,4.15500020980835,4.1570000648498535,4.1539998054504395,nan,nan,nan,nan,nan,nan,nan,nan,nan,nan,nan,nan,nan,nan,nan,nan,nan,nan,nan,nan,nan,nan,nan,nan
45.077134132385254,-0.009999999776482582,4.135000228881836,4.1579999923706055,4.1539998054504395,4.156000137329102,4.1579999923706055,4.1539998054504395,nan,nan,nan,nan,nan,nan,nan,nan,nan,nan,nan,nan,nan,nan,nan,nan,nan,nan,nan,nan,nan,nan,nan,nan
45.238165616989136,0.0,4.136000156402588,4.1579999923706055,4.15500020980835,4.156000137329102,4.1579999923706055,4.15500020980835,nan,nan,nan,nan,nan,nan,nan,nan,nan,nan,nan,nan,nan,nan,nan,nan,nan,nan,nan,nan,nan,nan,nan,nan
45.4170503616333,0.0,4.136000156402588,4.158999919891357,4.15500020980835,4.156000137329102,4.158999919891357,4.15500020980835,nan,nan,nan,nan,nan,nan,nan,nan,nan,nan,nan,nan,nan,nan,nan,nan,nan,nan,nan,nan,nan,nan,nan,nan
45.598814249038696,0.0,4.13700008392334,4.158999919891357,4.15500020980835,4.1570000648498535,4.158999919891357,4.15500020980835,nan,nan,nan,nan,nan,nan,nan,nan,nan,nan,nan,nan,nan,nan,nan,nan,nan,nan,nan,nan,nan,nan,nan,nan
45.75849771499634,0.009999999776482582,4.13700008392334,4.158999919891357,4.156000137329102,4.1570000648498535,4.159999847412109,4.156000137329102,nan,nan,nan,nan,nan,nan,nan,nan,nan,nan,nan,nan,nan,nan,nan,nan,nan,nan,nan,nan,nan,nan,nan,nan
45.937490701675415,0.0,4.13700008392334,4.158999919891357,4.156000137329102,4.1570000648498535,4.159999847412109,4.156000137329102,nan,nan,nan,nan,nan,nan,nan,nan,nan,nan,nan,nan,nan,nan,nan,nan,nan,nan,nan,nan,nan,nan,nan,nan
46.096938371658325,0.0,4.138000011444092,4.159999847412109,4.1570000648498535,4.1579999923706055,4.159999847412109,4.1570000648498535,nan,nan,nan,nan,nan,nan,nan,nan,nan,nan,nan,nan,nan,nan,nan,nan,nan,nan,nan,nan,nan,nan,nan,nan
46.277382135391235,0.009999999776482582,4.138000011444092,4.159999847412109,4.1570000648498535,4.1579999923706055,4.160999774932861,4.1570000648498535,nan,nan,nan,nan,nan,nan,nan,nan,nan,nan,nan,nan,nan,nan,nan,nan,nan,nan,nan,nan,nan,nan,nan,nan
46.45760726928711,0.009999999776482582,4.138000011444092,4.159999847412109,4.1570000648498535,4.158999919891357,4.160999774932861,4.1570000648498535,nan,nan,nan,nan,nan,nan,nan,nan,nan,nan,nan,nan,nan,nan,nan,nan,nan,nan,nan,nan,nan,nan,nan,nan
46.617319107055664,-0.009999999776482582,4.138999938964844,4.160999774932861,4.1579999923706055,4.1579999923706055,4.160999774932861,4.1579999923706055,nan,nan,nan,nan,nan,nan,nan,nan,nan,nan,nan,nan,nan,nan,nan,nan,nan,nan,nan,nan,nan,nan,nan,nan
46.797550439834595,0.0,4.138999938964844,4.160999774932861,4.1579999923706055,4.158999919891357,4.160999774932861,4.1579999923706055,nan,nan,nan,nan,nan,nan,nan,nan,nan,nan,nan,nan,nan,nan,nan,nan,nan,nan,nan,nan,nan,nan,nan,nan
46.957364320755005,0.009999999776482582,4.138999938964844,4.160999774932861,4.1579999923706055,4.158999919891357,4.1620001792907715,4.158999919891357,nan,nan,nan,nan,nan,nan,nan,nan,nan,nan,nan,nan,nan,nan,nan,nan,nan,nan,nan,nan,nan,nan,nan,nan
47.13972353935242,-0.009999999776482582,4.138999938964844,4.1620001792907715,4.1579999923706055,4.159999847412109,4.1620001792907715,4.158999919891357,nan,nan,nan,nan,nan,nan,nan,nan,nan,nan,nan,nan,nan,nan,nan,nan,nan,nan,nan,nan,nan,nan,nan,nan
47.316781520843506,-0.009999999776482582,4.139999866485596,4.1620001792907715,4.1579999923706055,4.159999847412109,4.1620001792907715,4.158999919891357,nan,nan,nan,nan,nan,nan,nan,nan,nan,nan,nan,nan,nan,nan,nan,nan,nan,nan,nan,nan,nan,nan,nan,nan
47.4778687953949,0.009999999776482582,4.139999866485596,4.1620001792907715,4.158999919891357,4.159999847412109,4.1620001792907715,4.158999919891357,nan,nan,nan,nan,nan,nan,nan,nan,nan,nan,nan,nan,nan,nan,nan,nan,nan,nan,nan,nan,nan,nan,nan,nan
47.65822410583496,0.0,4.139999866485596,4.1620001792907715,4.158999919891357,4.159999847412109,4.163000106811523,4.158999919891357,nan,nan,nan,nan,nan,nan,nan,nan,nan,nan,nan,nan,nan,nan,nan,nan,nan,nan,nan,nan,nan,nan,nan,nan
47.83719825744629,0.009999999776482582,4.139999866485596,4.163000106811523,4.158999919891357,4.159999847412109,4.163000106811523,4.159999847412109,nan,nan,nan,nan,nan,nan,nan,nan,nan,nan,nan,nan,nan,nan,nan,nan,nan,nan,nan,nan,nan,nan,nan,nan
47.998252868652344,0.009999999776482582,4.140999794006348,4.163000106811523,4.158999919891357,4.160999774932861,4.163000106811523,4.159999847412109,nan,nan,nan,nan,nan,nan,nan,nan,nan,nan,nan,nan,nan,nan,nan,nan,nan,nan,nan,nan,nan,nan,nan,nan
48.17733430862427,0.009999999776482582,4.140999794006348,4.163000106811523,4.159999847412109,4.160999774932861,4.163000106811523,4.159999847412109,nan,nan,nan,nan,nan,nan,nan,nan,nan,nan,nan,nan,nan,nan,nan,nan,nan,nan,nan,nan,nan,nan,nan,nan
48.33658576011658,0.0,4.140999794006348,4.163000106811523,4.159999847412109,4.160999774932861,4.163000106811523,4.159999847412109,nan,nan,nan,nan,nan,nan,nan,nan,nan,nan,nan,nan,nan,nan,nan,nan,nan,nan,nan,nan,nan,nan,nan,nan
48.51697015762329,0.0,4.140999794006348,4.163000106811523,4.159999847412109,4.160999774932861,4.164000034332275,4.159999847412109,nan,nan,nan,nan,nan,nan,nan,nan,nan,nan,nan,nan,nan,nan,nan,nan,nan,nan,nan,nan,nan,nan,nan,nan
48.69772815704346,0.0,4.142000198364258,4.164000034332275,4.159999847412109,4.160999774932861,4.164000034332275,4.160999774932861,nan,nan,nan,nan,nan,nan,nan,nan,nan,nan,nan,nan,nan,nan,nan,nan,nan,nan,nan,nan,nan,nan,nan,nan
48.85712265968323,0.009999999776482582,4.142000198364258,4.164000034332275,4.159999847412109,4.160999774932861,4.164000034332275,4.160999774932861,nan,nan,nan,nan,nan,nan,nan,nan,nan,nan,nan,nan,nan,nan,nan,nan,nan,nan,nan,nan,nan,nan,nan,nan
49.03771710395813,-0.009999999776482582,4.142000198364258,4.164000034332275,4.160999774932861,4.1620001792907715,4.164000034332275,4.160999774932861,nan,nan,nan,nan,nan,nan,nan,nan,nan,nan,nan,nan,nan,nan,nan,nan,nan,nan,nan,nan,nan,nan,nan,nan
49.21803426742554,0.009999999776482582,4.142000198364258,4.164000034332275,4.160999774932861,4.1620001792907715,4.164999961853027,4.160999774932861,nan,nan,nan,nan,nan,nan,nan,nan,nan,nan,nan,nan,nan,nan,nan,nan,nan,nan,nan,nan,nan,nan,nan,nan
49.37792348861694,0.009999999776482582,4.142000198364258,4.164000034332275,4.160999774932861,4.1620001792907715,4.164999961853027,4.1620001792907715,nan,nan,nan,nan,nan,nan,nan,nan,nan,nan,nan,nan,nan,nan,nan,nan,nan,nan,nan,nan,nan,nan,nan,nan
49.459237575531006,0.009999999776482582,4.142000198364258,4.164000034332275,4.160999774932861,4.1620001792907715,4.164999961853027,4.160999774932861,nan,nan,nan,nan,nan,nan,nan,nan,nan,nan,nan,nan,nan,nan,nan,nan,nan,nan,nan,nan,nan,nan,nan,nan
54.520100116729736,0.009999999776482582,4.144999980926514,4.168000221252441,4.164000034332275,4.165999889373779,4.168000221252441,4.164999961853027,nan,nan,nan,nan,nan,nan,nan,nan,nan,nan,nan,nan,nan,nan,nan,nan,nan,nan,nan,nan,nan,nan,nan,nan
59.57908034324646,0.0,4.1479997634887695,4.169000148773193,4.165999889373779,4.166999816894531,4.170000076293945,4.166999816894531,nan,nan,nan,nan,nan,nan,nan,nan,nan,nan,nan,nan,nan,nan,nan,nan,nan,nan,nan,nan,nan,nan,nan,nan
63.69840717315674,-17.420000076293945,4.098999977111816,4.119999885559082,4.116000175476074,4.117000102996826,4.119999885559082,4.114999771118164,0.002812846507597587,0.0028128738805686614,0.0028702476279404456,0.0028702476279404456,0.00287027500091152,0.002985077241597237,0.002985984034430517,0.0030147147669434566,0.0030721049923095756,0.003072118686656751,0.0030721323731422883,0.003186967585539952,0.00022976301674661876,0.0002297630195074106,0.0002297688650955298,0.0002297688650955298,0.00022976886791258852,0.00022978091867504,0.00022976301674661876,0.0002297630195074106,0.0002297688650955298,0.0002297688650955298,0.00022976886791258852,0.00022978091867504
63.8771390914917,-17.389999389648438,4.0970001220703125,4.118000030517578,4.114999771118164,4.114999771118164,4.11899995803833,4.113999843597412,nan,nan,nan,nan,nan,nan,nan,nan,nan,nan,nan,nan,nan,nan,nan,nan,nan,nan,nan,nan,nan,nan,nan,nan
64.03831887245178,-17.3799991607666,4.0960001945495605,4.117000102996826,4.113999843597412,4.114999771118164,4.117000102996826,4.111999988555908,nan,nan,nan,nan,nan,nan,nan,nan,nan,nan,nan,nan,nan,nan,nan,nan,nan,nan,nan,nan,nan,nan,nan,nan
64.21719765663147,-17.350000381469727,4.09499979019165,4.116000175476074,4.111999988555908,4.11299991607666,4.116000175476074,4.111000061035156,nan,nan,nan,nan,nan,nan,nan,nan,nan,nan,nan,nan,nan,nan,nan,nan,nan,nan,nan,nan,nan,nan,nan,nan
64.39910960197449,-17.3700008392334,4.0929999351501465,4.113999843597412,4.111000061035156,4.111999988555908,4.114999771118164,4.109000205993652,nan,nan,nan,nan,nan,nan,nan,nan,nan,nan,nan,nan,nan,nan,nan,nan,nan,nan,nan,nan,nan,nan,nan,nan
64.55847835540771,-17.3700008392334,4.0920000076293945,4.11299991607666,4.109000205993652,4.110000133514404,4.113999843597412,4.107999801635742,nan,nan,nan,nan,nan,nan,nan,nan,nan,nan,nan,nan,nan,nan,nan,nan,nan,nan,nan,nan,nan,nan,nan,nan
64.73732781410217,-17.3700008392334,4.091000080108643,4.111999988555908,4.107999801635742,4.109000205993652,4.111999988555908,4.10699987411499,nan,nan,nan,nan,nan,nan,nan,nan,nan,nan,nan,nan,nan,nan,nan,nan,nan,nan,nan,nan,nan,nan,nan,nan
64.91765069961548,-17.350000381469727,4.090000152587891,4.111000061035156,4.10699987411499,4.107999801635742,4.111000061035156,4.105999946594238,nan,nan,nan,nan,nan,nan,nan,nan,nan,nan,nan,nan,nan,nan,nan,nan,nan,nan,nan,nan,nan,nan,nan,nan
65.07734417915344,-17.360000610351562,4.089000225067139,4.110000133514404,4.105999946594238,4.10699987411499,4.110000133514404,4.105000019073486,nan,nan,nan,nan,nan,nan,nan,nan,nan,nan,nan,nan,nan,nan,nan,nan,nan,nan,nan,nan,nan,nan,nan,nan
65.25783061981201,-17.34000015258789,4.0879998207092285,4.109000205993652,4.105000019073486,4.105999946594238,4.109000205993652,4.104000091552734,nan,nan,nan,nan,nan,nan,nan,nan,nan,nan,nan,nan,nan,nan,nan,nan,nan,nan,nan,nan,nan,nan,nan,nan
65.41746592521667,-17.34000015258789,4.086999893188477,4.107999801635742,4.104000091552734,4.105000019073486,4.107999801635742,4.103000164031982,nan,nan,nan,nan,nan,nan,nan,nan,nan,nan,nan,nan,nan,nan,nan,nan,nan,nan,nan,nan,nan,nan,nan,nan
65.5974543094635,-17.34000015258789,4.085999965667725,4.10699987411499,4.103000164031982,4.104000091552734,4.10699987411499,4.1020002365112305,nan,nan,nan,nan,nan,nan,nan,nan,nan,nan,nan,nan,nan,nan,nan,nan,nan,nan,nan,nan,nan,nan,nan,nan
65.77798795700073,-17.329999923706055,4.085000038146973,4.105999946594238,4.1020002365112305,4.103000164031982,4.105999946594238,4.10099983215332,nan,nan,nan,nan,nan,nan,nan,nan,nan,nan,nan,nan,nan,nan,nan,nan,nan,nan,nan,nan,nan,nan,nan,nan
65.93762016296387,-17.31999969482422,4.084000110626221,4.105000019073486,4.10099983215332,4.1020002365112305,4.105000019073486,4.099999904632568,nan,nan,nan,nan,nan,nan,nan,nan,nan,nan,nan,nan,nan,nan,nan,nan,nan,nan,nan,nan,nan,nan,nan,nan
66.1180682182312,-17.309999465942383,4.083000183105469,4.104000091552734,4.099999904632568,4.10099983215332,4.104000091552734,4.098999977111816,nan,nan,nan,nan,nan,nan,nan,nan,nan,nan,nan,nan,nan,nan,nan,nan,nan,nan,nan,nan,nan,nan,nan,nan
66.27752161026001,-17.309999465942383,4.081999778747559,4.104000091552734,4.099999904632568,4.10099983215332,4.104000091552734,4.0980000495910645,nan,nan,nan,nan,nan,nan,nan,nan,nan,nan,nan,nan,nan,nan,nan,nan,nan,nan,nan,nan,nan,nan,nan,nan
66.45820498466492,-17.299999237060547,4.080999851226807,4.103000164031982,4.098999977111816,4.098999977111816,4.103000164031982,4.0970001220703125,nan,nan,nan,nan,nan,nan,nan,nan,nan,nan,nan,nan,nan,nan,nan,nan,nan,nan,nan,nan,nan,nan,nan,nan
66.63707280158997,-17.31999969482422,4.080999851226807,4.1020002365112305,4.0980000495910645,4.098999977111816,4.1020002365112305,4.0960001945495605,nan,nan,nan,nan,nan,nan,nan,nan,nan,nan,nan,nan,nan,nan,nan,nan,nan,nan,nan,nan,nan,nan,nan,nan
66.79811191558838,-17.299999237060547,4.079999923706055,4.10099983215332,4.0970001220703125,4.0980000495910645,4.10099983215332,4.0960001945495605,nan,nan,nan,nan,nan,nan,nan,nan,nan,nan,nan,nan,nan,nan,nan,nan,nan,nan,nan,nan,nan,nan,nan,nan
66.97850680351257,-17.290000915527344,4.078999996185303,4.099999904632568,4.0960001945495605,4.0970001220703125,4.099999904632568,4.09499979019165,nan,nan,nan,nan,nan,nan,nan,nan,nan,nan,nan,nan,nan,nan,nan,nan,nan,nan,nan,nan,nan,nan,nan,nan
67.15734910964966,-17.280000686645508,4.078000068664551,4.098999977111816,4.09499979019165,4.0960001945495605,4.099999904632568,4.093999862670898,nan,nan,nan,nan,nan,nan,nan,nan,nan,nan,nan,nan,nan,nan,nan,nan,nan,nan,nan,nan,nan,nan,nan,nan
67.31704783439636,-17.290000915527344,4.078000068664551,4.098999977111816,4.09499979019165,4.0960001945495605,4.098999977111816,4.0929999351501465,nan,nan,nan,nan,nan,nan,nan,nan,nan,nan,nan,nan,nan,nan,nan,nan,nan,nan,nan,nan,nan,nan,nan,nan
67.49740505218506,-17.290000915527344,4.077000141143799,4.0980000495910645,4.093999862670898,4.09499979019165,4.0980000495910645,4.0929999351501465,nan,nan,nan,nan,nan,nan,nan,nan,nan,nan,nan,nan,nan,nan,nan,nan,nan,nan,nan,nan,nan,nan,nan,nan
67.65840220451355,-17.280000686645508,4.076000213623047,4.0970001220703125,4.093999862670898,4.09499979019165,4.0970001220703125,4.0920000076293945,nan,nan,nan,nan,nan,nan,nan,nan,nan,nan,nan,nan,nan,nan,nan,nan,nan,nan,nan,nan,nan,nan,nan,nan
67.8388614654541,-17.290000915527344,4.076000213623047,4.0960001945495605,4.0929999351501465,4.093999862670898,4.0970001220703125,4.091000080108643,nan,nan,nan,nan,nan,nan,nan,nan,nan,nan,nan,nan,nan,nan,nan,nan,nan,nan,nan,nan,nan,nan,nan,nan
68.01759338378906,0.009999999776482582,4.074999809265137,4.0960001945495605,4.0920000076293945,4.0929999351501465,4.0960001945495605,4.090000152587891,nan,nan,nan,nan,nan,nan,nan,nan,nan,nan,nan,nan,nan,nan,nan,nan,nan,nan,nan,nan,nan,nan,nan,nan
68.1775393486023,0.0,4.122000217437744,4.14300012588501,4.139999866485596,4.140999794006348,4.144000053405762,4.139999866485596,nan,nan,nan,nan,nan,nan,nan,nan,nan,nan,nan,nan,nan,nan,nan,nan,nan,nan,nan,nan,nan,nan,nan,nan
68.35762333869934,-0.009999999776482582,4.123000144958496,4.144000053405762,4.140999794006348,4.142000198364258,4.144999980926514,4.140999794006348,nan,nan,nan,nan,nan,nan,nan,nan,nan,nan,nan,nan,nan,nan,nan,nan,nan,nan,nan,nan,nan,nan,nan,nan
68.53768181800842,-0.009999999776482582,4.124000072479248,4.144999980926514,4.142000198364258,4.14300012588501,4.145999908447266,4.142000198364258,nan,nan,nan,nan,nan,nan,nan,nan,nan,nan,nan,nan,nan,nan,nan,nan,nan,nan,nan,nan,nan,nan,nan,nan
68.69731569290161,0.009999999776482582,4.124000072479248,4.146999835968018,4.14300012588501,4.144000053405762,4.146999835968018,4.14300012588501,nan,nan,nan,nan,nan,nan,nan,nan,nan,nan,nan,nan,nan,nan,nan,nan,nan,nan,nan,nan,nan,nan,nan,nan
68.8778064250946,0.009999999776482582,4.125,4.146999835968018,4.144000053405762,4.144999980926514,4.1479997634887695,4.144000053405762,nan,nan,nan,nan,nan,nan,nan,nan,nan,nan,nan,nan,nan,nan,nan,nan,nan,nan,nan,nan,nan,nan,nan,nan
69.03716039657593,0.0,4.125,4.1479997634887695,4.144000053405762,4.145999908447266,4.1479997634887695,4.144999980926514,nan,nan,nan,nan,nan,nan,nan,nan,nan,nan,nan,nan,nan,nan,nan,nan,nan,nan,nan,nan,nan,nan,nan,nan
69.21755146980286,0.0,4.125999927520752,4.1479997634887695,4.144999980926514,4.145999908447266,4.1479997634887695,4.144999980926514,nan,nan,nan,nan,nan,nan,nan,nan,nan,nan,nan,nan,nan,nan,nan,nan,nan,nan,nan,nan,nan,nan,nan,nan
69.39794683456421,-0.009999999776482582,4.126999855041504,4.14900016784668,4.145999908447266,4.146999835968018,4.14900016784668,4.145999908447266,nan,nan,nan,nan,nan,nan,nan,nan,nan,nan,nan,nan,nan,nan,nan,nan,nan,nan,nan,nan,nan,nan,nan,nan
69.55770778656006,0.0,4.126999855041504,4.150000095367432,4.145999908447266,4.146999835968018,4.150000095367432,4.145999908447266,nan,nan,nan,nan,nan,nan,nan,nan,nan,nan,nan,nan,nan,nan,nan,nan,nan,nan,nan,nan,nan,nan,nan,nan
69.73802089691162,-0.019999999552965164,4.127999782562256,4.150000095367432,4.146999835968018,4.1479997634887695,4.150000095367432,4.146999835968018,nan,nan,nan,nan,nan,nan,nan,nan,nan,nan,nan,nan,nan,nan,nan,nan,nan,nan,nan,nan,nan,nan,nan,nan
69.89759230613708,0.009999999776482582,4.129000186920166,4.150000095367432,4.146999835968018,4.1479997634887695,4.151000022888184,4.1479997634887695,nan,nan,nan,nan,nan,nan,nan,nan,nan,nan,nan,nan,nan,nan,nan,nan,nan,nan,nan,nan,nan,nan,nan,nan
70.07814168930054,0.009999999776482582,4.129000186920166,4.151000022888184,4.1479997634887695,4.14900016784668,4.151000022888184,4.1479997634887695,nan,nan,nan,nan,nan,nan,nan,nan,nan,nan,nan,nan,nan,nan,nan,nan,nan,nan,nan,nan,nan,nan,nan,nan
70.25854921340942,0.009999999776482582,4.129000186920166,4.1519999504089355,4.1479997634887695,4.14900016784668,4.1519999504089355,4.1479997634887695,nan,nan,nan,nan,nan,nan,nan,nan,nan,nan,nan,nan,nan,nan,nan,nan,nan,nan,nan,nan,nan,nan,nan,nan
70.41960954666138,0.009999999776482582,4.130000114440918,4.1519999504089355,4.14900016784668,4.150000095367432,4.1519999504089355,4.14900016784668,nan,nan,nan,nan,nan,nan,nan,nan,nan,nan,nan,nan,nan,nan,nan,nan,nan,nan,nan,nan,nan,nan,nan,nan
70.59781098365784,0.0,4.130000114440918,4.1529998779296875,4.14900016784668,4.150000095367432,4.1529998779296875,4.14900016784668,nan,nan,nan,nan,nan,nan,nan,nan,nan,nan,nan,nan,nan,nan,nan,nan,nan,nan,nan,nan,nan,nan,nan,nan
70.77701306343079,0.009999999776482582,4.13100004196167,4.1529998779296875,4.14900016784668,4.150000095367432,4.1529998779296875,4.150000095367432,nan,nan,nan,nan,nan,nan,nan,nan,nan,nan,nan,nan,nan,nan,nan,nan,nan,nan,nan,nan,nan,nan,nan,nan
70.93831610679626,0.009999999776482582,4.13100004196167,4.1529998779296875,4.150000095367432,4.151000022888184,4.1539998054504395,4.150000095367432,nan,nan,nan,nan,nan,nan,nan,nan,nan,nan,nan,nan,nan,nan,nan,nan,nan,nan,nan,nan,nan,nan,nan,nan
71.1171932220459,0.009999999776482582,4.13100004196167,4.1529998779296875,4.150000095367432,4.151000022888184,4.1539998054504395,4.150000095367432,nan,nan,nan,nan,nan,nan,nan,nan,nan,nan,nan,nan,nan,nan,nan,nan,nan,nan,nan,nan,nan,nan,nan,nan
71.27809238433838,0.0,4.131999969482422,4.1539998054504395,4.150000095367432,4.1519999504089355,4.1539998054504395,4.151000022888184,nan,nan,nan,nan,nan,nan,nan,nan,nan,nan,nan,nan,nan,nan,nan,nan,nan,nan,nan,nan,nan,nan,nan,nan
71.45688390731812,0.009999999776482582,4.131999969482422,4.1539998054504395,4.151000022888184,4.1519999504089355,4.1539998054504395,4.151000022888184,nan,nan,nan,nan,nan,nan,nan,nan,nan,nan,nan,nan,nan,nan,nan,nan,nan,nan,nan,nan,nan,nan,nan,nan
71.63871669769287,0.0,4.131999969482422,4.15500020980835,4.151000022888184,4.1519999504089355,4.15500020980835,4.151000022888184,nan,nan,nan,nan,nan,nan,nan,nan,nan,nan,nan,nan,nan,nan,nan,nan,nan,nan,nan,nan,nan,nan,nan,nan
71.79826402664185,0.009999999776482582,4.132999897003174,4.15500020980835,4.151000022888184,4.1519999504089355,4.15500020980835,4.151000022888184,nan,nan,nan,nan,nan,nan,nan,nan,nan,nan,nan,nan,nan,nan,nan,nan,nan,nan,nan,nan,nan,nan,nan,nan
71.97692036628723,0.0,4.132999897003174,4.15500020980835,4.1519999504089355,4.1529998779296875,4.15500020980835,4.1519999504089355,nan,nan,nan,nan,nan,nan,nan,nan,nan,nan,nan,nan,nan,nan,nan,nan,nan,nan,nan,nan,nan,nan,nan,nan
72.1576156616211,-0.009999999776482582,4.132999897003174,4.156000137329102,4.1519999504089355,4.1529998779296875,4.156000137329102,4.1519999504089355,nan,nan,nan,nan,nan,nan,nan,nan,nan,nan,nan,nan,nan,nan,nan,nan,nan,nan,nan,nan,nan,nan,nan,nan
72.31705451011658,0.0,4.132999897003174,4.156000137329102,4.1519999504089355,4.1539998054504395,4.156000137329102,4.1529998779296875,nan,nan,nan,nan,nan,nan,nan,nan,nan,nan,nan,nan,nan,nan,nan,nan,nan,nan,nan,nan,nan,nan,nan,nan
72.49756669998169,-0.009999999776482582,4.133999824523926,4.156000137329102,4.1529998779296875,4.1539998054504395,4.156000137329102,4.1529998779296875,nan,nan,nan,nan,nan,nan,nan,nan,nan,nan,nan,nan,nan,nan,nan,nan,nan,nan,nan,nan,nan,nan,nan,nan
72.65861248970032,0.009999999776482582,4.133999824523926,4.156000137329102,4.1529998779296875,4.1539998054504395,4.1570000648498535,4.1529998779296875,nan,nan,nan,nan,nan,nan,nan,nan,nan,nan,nan,nan,nan,nan,nan,nan,nan,nan,nan,nan,nan,nan,nan,nan
72.83741450309753,-0.009999999776482582,4.133999824523926,4.1570000648498535,4.1529998779296875,4.1539998054504395,4.1570000648498535,4.1529998779296875,nan,nan,nan,nan,nan,nan,nan,nan,nan,nan,nan,nan,nan,nan,nan,nan,nan,nan,nan,nan,nan,nan,nan,nan
73.01784420013428,0.0,4.133999824523926,4.1570000648498535,4.1529998779296875,4.1539998054504395,4.1570000648498535,4.1529998779296875,nan,nan,nan,nan,nan,nan,nan,nan,nan,nan,nan,nan,nan,nan,nan,nan,nan,nan,nan,nan,nan,nan,nan,nan
73.177316904068,0.0,4.135000228881836,4.1570000648498535,4.1539998054504395,4.15500020980835,4.1570000648498535,4.1539998054504395,nan,nan,nan,nan,nan,nan,nan,nan,nan,nan,nan,nan,nan,nan,nan,nan,nan,nan,nan,nan,nan,nan,nan,nan
73.35792374610901,0.009999999776482582,4.135000228881836,4.1570000648498535,4.1539998054504395,4.15500020980835,4.1579999923706055,4.1539998054504395,nan,nan,nan,nan,nan,nan,nan,nan,nan,nan,nan,nan,nan,nan,nan,nan,nan,nan,nan,nan,nan,nan,nan,nan
73.51775097846985,0.0,4.135000228881836,4.1570000648498535,4.1539998054504395,4.15500020980835,4.1579999923706055,4.1539998054504395,nan,nan,nan,nan,nan,nan,nan,nan,nan,nan,nan,nan,nan,nan,nan,nan,nan,nan,nan,nan,nan,nan,nan,nan
73.59931182861328,0.0,4.135000228881836,4.1570000648498535,4.1539998054504395,4.15500020980835,4.1579999923706055,4.1539998054504395,nan,nan,nan,nan,nan,nan,nan,nan,nan,nan,nan,nan,nan,nan,nan,nan,nan,nan,nan,nan,nan,nan,nan,nan
78.65907764434814,0.009999999776482582,4.138999938964844,4.1620001792907715,4.1579999923706055,4.159999847412109,4.1620001792907715,4.158999919891357,nan,nan,nan,nan,nan,nan,nan,nan,nan,nan,nan,nan,nan,nan,nan,nan,nan,nan,nan,nan,nan,nan,nan,nan
83.72131657600403,0.009999999776482582,4.142000198364258,4.164000034332275,4.160999774932861,4.1620001792907715,4.164000034332275,4.160999774932861,nan,nan,nan,nan,nan,nan,nan,nan,nan,nan,nan,nan,nan,nan,nan,nan,nan,nan,nan,nan,nan,nan,nan,nan
88.77945685386658,0.009999999776482582,4.14300012588501,4.164999961853027,4.1620001792907715,4.163000106811523,4.164999961853027,4.1620001792907715,nan,nan,nan,nan,nan,nan,nan,nan,nan,nan,nan,nan,nan,nan,nan,nan,nan,nan,nan,nan,nan,nan,nan,nan
93.8399167060852,0.009999999776482582,4.144000053405762,4.165999889373779,4.163000106811523,4.164000034332275,4.165999889373779,4.163000106811523,nan,nan,nan,nan,nan,nan,nan,nan,nan,nan,nan,nan,nan,nan,nan,nan,nan,nan,nan,nan,nan,nan,nan,nan
98.89952349662781,0.009999999776482582,4.144000053405762,4.165999889373779,4.163000106811523,4.164000034332275,4.166999816894531,4.163000106811523,nan,nan,nan,nan,nan,nan,nan,nan,nan,nan,nan,nan,nan,nan,nan,nan,nan,nan,nan,nan,nan,nan,nan,nan
103.96035766601562,0.009999999776482582,4.144999980926514,4.166999816894531,4.164000034332275,4.164999961853027,4.166999816894531,4.164000034332275,nan,nan,nan,nan,nan,nan,nan,nan,nan,nan,nan,nan,nan,nan,nan,nan,nan,nan,nan,nan,nan,nan,nan,nan
109.01954960823059,0.0,4.144000053405762,4.166999816894531,4.164000034332275,4.164999961853027,4.166999816894531,4.164000034332275,nan,nan,nan,nan,nan,nan,nan,nan,nan,nan,nan,nan,nan,nan,nan,nan,nan,nan,nan,nan,nan,nan,nan,nan
113.15796685218811,-17.350000381469727,4.0929999351501465,4.113999843597412,4.111000061035156,4.111999988555908,4.114999771118164,4.110000133514404,0.002939488019267409,0.0030547534369926906,0.0030547534369926906,0.0030547534369926906,0.0029971207281300496,0.0031123861458553317,0.002876167263432498,0.0029338136587806762,0.002962500532466568,0.002962500532466568,0.0029336978645207847,0.0030487316937262846,0.0002307031230865327,0.00023071555904085854,0.00023071555904085854,0.00023071555904085854,0.00023070928136362408,0.00023072195610848985,0.0002307031230865327,0.00023071555904085854,0.00023071555904085854,0.00023071555904085854,0.00023070928136362408,0.00023072195610848985
113.31751155853271,-17.350000381469727,4.0920000076293945,4.11299991607666,4.110000133514404,4.111000061035156,4.113999843597412,4.107999801635742,nan,nan,nan,nan,nan,nan,nan,nan,nan,nan,nan,nan,nan,nan,nan,nan,nan,nan,nan,nan,nan,nan,nan,nan
113.49781322479248,-17.34000015258789,4.091000080108643,4.111999988555908,4.107999801635742,4.109000205993652,4.111999988555908,4.10699987411499,nan,nan,nan,nan,nan,nan,nan,nan,nan,nan,nan,nan,nan,nan,nan,nan,nan,nan,nan,nan,nan,nan,nan,nan
113.6780834197998,-17.34000015258789,4.090000152587891,4.110000133514404,4.10699987411499,4.107999801635742,4.111000061035156,4.105999946594238,nan,nan,nan,nan,nan,nan,nan,nan,nan,nan,nan,nan,nan,nan,nan,nan,nan,nan,nan,nan,nan,nan,nan,nan
113.83766412734985,-17.31999969482422,4.0879998207092285,4.109000205993652,4.105999946594238,4.105999946594238,4.110000133514404,4.104000091552734,nan,nan,nan,nan,nan,nan,nan,nan,nan,nan,nan,nan,nan,nan,nan,nan,nan,nan,nan,nan,nan,nan,nan,nan
114.01790714263916,-17.31999969482422,4.086999893188477,4.107999801635742,4.105000019073486,4.105000019073486,4.109000205993652,4.103000164031982,nan,nan,nan,nan,nan,nan,nan,nan,nan,nan,nan,nan,nan,nan,nan,nan,nan,nan,nan,nan,nan,nan,nan,nan
114.17742204666138,-17.329999923706055,4.085999965667725,4.10699987411499,4.104000091552734,4.105000019073486,4.107999801635742,4.1020002365112305,nan,nan,nan,nan,nan,nan,nan,nan,nan,nan,nan,nan,nan,nan,nan,nan,nan,nan,nan,nan,nan,nan,nan,nan
114.35814905166626,-17.329999923706055,4.085000038146973,4.105999946594238,4.103000164031982,4.103000164031982,4.105999946594238,4.10099983215332,nan,nan,nan,nan,nan,nan,nan,nan,nan,nan,nan,nan,nan,nan,nan,nan,nan,nan,nan,nan,nan,nan,nan,nan
114.53986930847168,-17.31999969482422,4.084000110626221,4.105000019073486,4.10099983215332,4.1020002365112305,4.105000019073486,4.099999904632568,nan,nan,nan,nan,nan,nan,nan,nan,nan,nan,nan,nan,nan,nan,nan,nan,nan,nan,nan,nan,nan,nan,nan,nan
114.6976842880249,-17.309999465942383,4.083000183105469,4.104000091552734,4.099999904632568,4.10099983215332,4.105000019073486,4.098999977111816,nan,nan,nan,nan,nan,nan,nan,nan,nan,nan,nan,nan,nan,nan,nan,nan,nan,nan,nan,nan,nan,nan,nan,nan
114.87984728813171,-17.31999969482422,4.081999778747559,4.103000164031982,4.099999904632568,4.099999904632568,4.103000164031982,4.0980000495910645,nan,nan,nan,nan,nan,nan,nan,nan,nan,nan,nan,nan,nan,nan,nan,nan,nan,nan,nan,nan,nan,nan,nan,nan
115.0571174621582,-17.31999969482422,4.080999851226807,4.1020002365112305,4.0980000495910645,4.098999977111816,4.103000164031982,4.0970001220703125,nan,nan,nan,nan,nan,nan,nan,nan,nan,nan,nan,nan,nan,nan,nan,nan,nan,nan,nan,nan,nan,nan,nan,nan
115.21836709976196,-17.309999465942383,4.079999923706055,4.10099983215332,4.0980000495910645,4.0980000495910645,4.1020002365112305,4.0960001945495605,nan,nan,nan,nan,nan,nan,nan,nan,nan,nan,nan,nan,nan,nan,nan,nan,nan,nan,nan,nan,nan,nan,nan,nan
115.39709997177124,-17.309999465942383,4.078999996185303,4.099999904632568,4.0970001220703125,4.0970001220703125,4.10099983215332,4.09499979019165,nan,nan,nan,nan,nan,nan,nan,nan,nan,nan,nan,nan,nan,nan,nan,nan,nan,nan,nan,nan,nan,nan,nan,nan
115.55841016769409,-17.290000915527344,4.078000068664551,4.098999977111816,4.0960001945495605,4.0970001220703125,4.099999904632568,4.093999862670898,nan,nan,nan,nan,nan,nan,nan,nan,nan,nan,nan,nan,nan,nan,nan,nan,nan,nan,nan,nan,nan,nan,nan,nan
115.73882794380188,-17.290000915527344,4.077000141143799,4.098999977111816,4.09499979019165,4.0960001945495605,4.098999977111816,4.0929999351501465,nan,nan,nan,nan,nan,nan,nan,nan,nan,nan,nan,nan,nan,nan,nan,nan,nan,nan,nan,nan,nan,nan,nan,nan
115.91786742210388,-17.290000915527344,4.077000141143799,4.0980000495910645,4.093999862670898,4.09499979019165,4.0980000495910645,4.0929999351501465,nan,nan,nan,nan,nan,nan,nan,nan,nan,nan,nan,nan,nan,nan,nan,nan,nan,nan,nan,nan,nan,nan,nan,nan
116.0785870552063,0.009999999776482582,4.120999813079834,4.14300012588501,4.139999866485596,4.140999794006348,4.14300012588501,4.139999866485596,0.0025433335033590906,0.0026011603417973005,0.002658959617395454,0.002658959617395454,0.0026011603417973005,0.0027167588929936076,0.00274141076131325,0.0028279568893949955,0.0028568565271940723,0.0028568565271940723,0.0027991405349636752,0.0029145725194244694,0.0002313306761943181,0.00023133604715029434,0.00023134153607586724,0.00023134153607586724,0.00023133604715029434,0.000231347145493763,0.0002313306761943181,0.00023133604715029434,0.00023134153607586724,0.00023134153607586724,0.00023133604715029434,0.000231347145493763
116.25747060775757,-0.009999999776482582,4.123000144958496,4.144999980926514,4.142000198364258,4.14300012588501,4.144999980926514,4.142000198364258,nan,nan,nan,nan,nan,nan,nan,nan,nan,nan,nan,nan,nan,nan,nan,nan,nan,nan,nan,nan,nan,nan,nan,nan
116.43776416778564,0.0,4.124000072479248,4.145999908447266,4.142000198364258,4.144000053405762,4.145999908447266,4.14300012588501,nan,nan,nan,nan,nan,nan,nan,nan,nan,nan,nan,nan,nan,nan,nan,nan,nan,nan,nan,nan,nan,nan,nan,nan
116.59732103347778,0.009999999776482582,4.124000072479248,4.146999835968018,4.144000053405762,4.144000053405762,4.146999835968018,4.14300012588501,nan,nan,nan,nan,nan,nan,nan,nan,nan,nan,nan,nan,nan,nan,nan,nan,nan,nan,nan,nan,nan,nan,nan,nan
116.77777695655823,-0.009999999776482582,4.125,4.146999835968018,4.144000053405762,4.144999980926514,4.1479997634887695,4.144000053405762,nan,nan,nan,nan,nan,nan,nan,nan,nan,nan,nan,nan,nan,nan,nan,nan,nan,nan,nan,nan,nan,nan,nan,nan
116.93709659576416,0.009999999776482582,4.125999927520752,4.1479997634887695,4.144999980926514,4.145999908447266,4.1479997634887695,4.144999980926514,nan,nan,nan,nan,nan,nan,nan,nan,nan,nan,nan,nan,nan,nan,nan,nan,nan,nan,nan,nan,nan,nan,nan,nan
117.11746668815613,0.0,4.125999927520752,4.14900016784668,4.144999980926514,4.145999908447266,4.14900016784668,4.145999908447266,nan,nan,nan,nan,nan,nan,nan,nan,nan,nan,nan,nan,nan,nan,nan,nan,nan,nan,nan,nan,nan,nan,nan,nan
117.29809331893921,0.009999999776482582,4.126999855041504,4.14900016784668,4.145999908447266,4.146999835968018,4.150000095367432,4.145999908447266,nan,nan,nan,nan,nan,nan,nan,nan,nan,nan,nan,nan,nan,nan,nan,nan,nan,nan,nan,nan,nan,nan,nan,nan
117.45948958396912,-0.009999999776482582,4.126999855041504,4.14900016784668,4.145999908447266,4.146999835968018,4.150000095367432,4.145999908447266,nan,nan,nan,nan,nan,nan,nan,nan,nan,nan,nan,nan,nan,nan,nan,nan,nan,nan,nan,nan,nan,nan,nan,nan
117.63932371139526,-0.009999999776482582,4.127999782562256,4.150000095367432,4.146999835968018,4.1479997634887695,4.150000095367432,4.146999835968018,nan,nan,nan,nan,nan,nan,nan,nan,nan,nan,nan,nan,nan,nan,nan,nan,nan,nan,nan,nan,nan,nan,nan,nan
117.79721474647522,0.009999999776482582,4.127999782562256,4.150000095367432,4.146999835968018,4.1479997634887695,4.151000022888184,4.146999835968018,nan,nan,nan,nan,nan,nan,nan,nan,nan,nan,nan,nan,nan,nan,nan,nan,nan,nan,nan,nan,nan,nan,nan,nan
117.97741055488586,0.009999999776482582,4.129000186920166,4.151000022888184,4.146999835968018,4.14900016784668,4.151000022888184,4.1479997634887695,nan,nan,nan,nan,nan,nan,nan,nan,nan,nan,nan,nan,nan,nan,nan,nan,nan,nan,nan,nan,nan,nan,nan,nan
118.15796184539795,0.0,4.129000186920166,4.151000022888184,4.1479997634887695,4.14900016784668,4.1519999504089355,4.1479997634887695,nan,nan,nan,nan,nan,nan,nan,nan,nan,nan,nan,nan,nan,nan,nan,nan,nan,nan,nan,nan,nan,nan,nan,nan
118.31728410720825,0.009999999776482582,4.130000114440918,4.1519999504089355,4.1479997634887695,4.14900016784668,4.1519999504089355,4.1479997634887695,nan,nan,nan,nan,nan,nan,nan,nan,nan,nan,nan,nan,nan,nan,nan,nan,nan,nan,nan,nan,nan,nan,nan,nan
118.49768590927124,-0.009999999776482582,4.130000114440918,4.1519999504089355,4.14900016784668,4.150000095367432,4.1519999504089355,4.14900016784668,nan,nan,nan,nan,nan,nan,nan,nan,nan,nan,nan,nan,nan,nan,nan,nan,nan,nan,nan,nan,nan,nan,nan,nan
118.67793583869934,0.0,4.130000114440918,4.1529998779296875,4.14900016784668,4.150000095367432,4.1529998779296875,4.14900016784668,nan,nan,nan,nan,nan,nan,nan,nan,nan,nan,nan,nan,nan,nan,nan,nan,nan,nan,nan,nan,nan,nan,nan,nan
118.83768606185913,-0.009999999776482582,4.130000114440918,4.1529998779296875,4.14900016784668,4.151000022888184,4.1529998779296875,4.150000095367432,nan,nan,nan,nan,nan,nan,nan,nan,nan,nan,nan,nan,nan,nan,nan,nan,nan,nan,nan,nan,nan,nan,nan,nan
119.01954650878906,0.0,4.13100004196167,4.1529998779296875,4.150000095367432,4.151000022888184,4.1529998779296875,4.150000095367432,nan,nan,nan,nan,nan,nan,nan,nan,nan,nan,nan,nan,nan,nan,nan,nan,nan,nan,nan,nan,nan,nan,nan,nan
119.17765855789185,-0.009999999776482582,4.13100004196167,4.1529998779296875,4.150000095367432,4.151000022888184,4.1529998779296875,4.150000095367432,nan,nan,nan,nan,nan,nan,nan,nan,nan,nan,nan,nan,nan,nan,nan,nan,nan,nan,nan,nan,nan,nan,nan,nan
119.35766196250916,0.0,4.131999969482422,4.1539998054504395,4.150000095367432,4.151000022888184,4.1539998054504395,4.151000022888184,nan,nan,nan,nan,nan,nan,nan,nan,nan,nan,nan,nan,nan,nan,nan,nan,nan,nan,nan,nan,nan,nan,nan,nan
119.53809475898743,0.009999999776482582,4.13100004196167,4.1539998054504395,4.151000022888184,4.1519999504089355,4.1539998054504395,4.151000022888184,nan,nan,nan,nan,nan,nan,nan,nan,nan,nan,nan,nan,nan,nan,nan,nan,nan,nan,nan,nan,nan,nan,nan,nan
119.69763779640198,-0.009999999776482582,4.131999969482422,4.1539998054504395,4.151000022888184,4.1519999504089355,4.15500020980835,4.151000022888184,nan,nan,nan,nan,nan,nan,nan,nan,nan,nan,nan,nan,nan,nan,nan,nan,nan,nan,nan,nan,nan,nan,nan,nan
119.87775349617004,0.009999999776482582,4.131999969482422,4.1539998054504395,4.151000022888184,4.1519999504089355,4.15500020980835,4.151000022888184,nan,nan,nan,nan,nan,nan,nan,nan,nan,nan,nan,nan,nan,nan,nan,nan,nan,nan,nan,nan,nan,nan,nan,nan
120.03713870048523,0.009999999776482582,4.131999969482422,4.1539998054504395,4.151000022888184,4.1519999504089355,4.15500020980835,4.151000022888184,nan,nan,nan,nan,nan,nan,nan,nan,nan,nan,nan,nan,nan,nan,nan,nan,nan,nan,nan,nan,nan,nan,nan,nan
120.217604637146,0.009999999776482582,4.132999897003174,4.15500020980835,4.1519999504089355,4.1529998779296875,4.15500020980835,4.1519999504089355,nan,nan,nan,nan,nan,nan,nan,nan,nan,nan,nan,nan,nan,nan,nan,nan,nan,nan,nan,nan,nan,nan,nan,nan
120.39809727668762,-0.009999999776482582,4.132999897003174,4.15500020980835,4.1519999504089355,4.1529998779296875,4.15500020980835,4.1519999504089355,nan,nan,nan,nan,nan,nan,nan,nan,nan,nan,nan,nan,nan,nan,nan,nan,nan,nan,nan,nan,nan,nan,nan,nan
120.55760431289673,0.0,4.132999897003174,4.15500020980835,4.1519999504089355,4.1529998779296875,4.15500020980835,4.1519999504089355,nan,nan,nan,nan,nan,nan,nan,nan,nan,nan,nan,nan,nan,nan,nan,nan,nan,nan,nan,nan,nan,nan,nan,nan
120.73817276954651,0.009999999776482582,4.132999897003174,4.15500020980835,4.1519999504089355,4.1529998779296875,4.156000137329102,4.1519999504089355,nan,nan,nan,nan,nan,nan,nan,nan,nan,nan,nan,nan,nan,nan,nan,nan,nan,nan,nan,nan,nan,nan,nan,nan
120.91669011116028,0.009999999776482582,4.133999824523926,4.156000137329102,4.1519999504089355,4.1539998054504395,4.156000137329102,4.1529998779296875,nan,nan,nan,nan,nan,nan,nan,nan,nan,nan,nan,nan,nan,nan,nan,nan,nan,nan,nan,nan,nan,nan,nan,nan
121.07769632339478,0.0,4.133999824523926,4.156000137329102,4.1519999504089355,4.1539998054504395,4.156000137329102,4.1529998779296875,nan,nan,nan,nan,nan,nan,nan,nan,nan,nan,nan,nan,nan,nan,nan,nan,nan,nan,nan,nan,nan,nan,nan,nan
121.258220911026,-17.3700008392334,4.086999893188477,4.107999801635742,4.105000019073486,4.105000019073486,4.109000205993652,4.103000164031982,0.0027058105391273833,0.0027634043393332274,0.0027058105391273833,0.002820943236011707,0.0027058105391273833,0.0028785095844538686,0.0027295440205846277,0.0028064393727077392,0.002806507864505176,0.0028448854301332837,0.0027680305363515776,0.002902551541100936,0.00023041376473830933,0.00023041942839993664,0.00023041376473830933,0.00023042520563137744,0.00023041376473830933,0.00023043110460747537,0.00023041376473830933,0.00023041942839993664,0.00023041376473830933,0.00023042520563137744,0.00023041376473830933,0.00023043110460747537
121.41773104667664,-17.3700008392334,4.085000038146973,4.10699987411499,4.103000164031982,4.104000091552734,4.10699987411499,4.10099983215332,nan,nan,nan,nan,nan,nan,nan,nan,nan,nan,nan,nan,nan,nan,nan,nan,nan,nan,nan,nan,nan,nan,nan,nan
121.59812307357788,-17.31999969482422,4.084000110626221,4.105000019073486,4.10099983215332,4.1020002365112305,4.105999946594238,4.099999904632568,nan,nan,nan,nan,nan,nan,nan,nan,nan,nan,nan,nan,nan,nan,nan,nan,nan,nan,nan,nan,nan,nan,nan,nan
121.77939105033875,-17.31999969482422,4.081999778747559,4.104000091552734,4.099999904632568,4.10099983215332,4.104000091552734,4.098999977111816,nan,nan,nan,nan,nan,nan,nan,nan,nan,nan,nan,nan,nan,nan,nan,nan,nan,nan,nan,nan,nan,nan,nan,nan
121.93954467773438,-17.290000915527344,4.080999851226807,4.103000164031982,4.098999977111816,4.099999904632568,4.103000164031982,4.0980000495910645,nan,nan,nan,nan,nan,nan,nan,nan,nan,nan,nan,nan,nan,nan,nan,nan,nan,nan,nan,nan,nan,nan,nan,nan
122.11837363243103,-17.290000915527344,4.079999923706055,4.10099983215332,4.0980000495910645,4.098999977111816,4.1020002365112305,4.0960001945495605,nan,nan,nan,nan,nan,nan,nan,nan,nan,nan,nan,nan,nan,nan,nan,nan,nan,nan,nan,nan,nan,nan,nan,nan
122.27867603302002,-17.299999237060547,4.078999996185303,4.10099983215332,4.0970001220703125,4.0980000495910645,4.10099983215332,4.09499979019165,nan,nan,nan,nan,nan,nan,nan,nan,nan,nan,nan,nan,nan,nan,nan,nan,nan,nan,nan,nan,nan,nan,nan,nan
122.45744371414185,-17.290000915527344,4.078000068664551,4.098999977111816,4.0960001945495605,4.0970001220703125,4.099999904632568,4.093999862670898,nan,nan,nan,nan,nan,nan,nan,nan,nan,nan,nan,nan,nan,nan,nan,nan,nan,nan,nan,nan,nan,nan,nan,nan
122.63912081718445,-17.290000915527344,4.077000141143799,4.0980000495910645,4.09499979019165,4.0960001945495605,4.098999977111816,4.0929999351501465,nan,nan,nan,nan,nan,nan,nan,nan,nan,nan,nan,nan,nan,nan,nan,nan,nan,nan,nan,nan,nan,nan,nan,nan
122.79853463172913,-17.290000915527344,4.076000213623047,4.0970001220703125,4.093999862670898,4.09499979019165,4.0980000495910645,4.0920000076293945,nan,nan,nan,nan,nan,nan,nan,nan,nan,nan,nan,nan,nan,nan,nan,nan,nan,nan,nan,nan,nan,nan,nan,nan
122.9770736694336,-17.280000686645508,4.074999809265137,4.0970001220703125,4.0929999351501465,4.093999862670898,4.0970001220703125,4.091000080108643,nan,nan,nan,nan,nan,nan,nan,nan,nan,nan,nan,nan,nan,nan,nan,nan,nan,nan,nan,nan,nan,nan,nan,nan
123.15735507011414,-17.299999237060547,4.073999881744385,4.0960001945495605,4.0920000076293945,4.0929999351501465,4.0960001945495605,4.090000152587891,nan,nan,nan,nan,nan,nan,nan,nan,nan,nan,nan,nan,nan,nan,nan,nan,nan,nan,nan,nan,nan,nan,nan,nan
123.316899061203,-17.270000457763672,4.073999881744385,4.09499979019165,4.091000080108643,4.0920000076293945,4.09499979019165,4.089000225067139,nan,nan,nan,nan,nan,nan,nan,nan,nan,nan,nan,nan,nan,nan,nan,nan,nan,nan,nan,nan,nan,nan,nan,nan
123.49870753288269,-17.260000228881836,4.072999954223633,4.093999862670898,4.090000152587891,4.091000080108643,4.09499979019165,4.089000225067139,nan,nan,nan,nan,nan,nan,nan,nan,nan,nan,nan,nan,nan,nan,nan,nan,nan,nan,nan,nan,nan,nan,nan,nan
123.65803027153015,-17.260000228881836,4.072000026702881,4.0929999351501465,4.090000152587891,4.091000080108643,4.093999862670898,4.0879998207092285,nan,nan,nan,nan,nan,nan,nan,nan,nan,nan,nan,nan,nan,nan,nan,nan,nan,nan,nan,nan,nan,nan,nan,nan
123.83720326423645,-17.290000915527344,4.071000099182129,4.0929999351501465,4.089000225067139,4.089000225067139,4.0929999351501465,4.086999893188477,nan,nan,nan,nan,nan,nan,nan,nan,nan,nan,nan,nan,nan,nan,nan,nan,nan,nan,nan,nan,nan,nan,nan,nan
124.01735138893127,-0.009999999776482582,4.117000102996826,4.138999938964844,4.136000156402588,4.13700008392334,4.138999938964844,4.136000156402588,0.0026620371167207454,0.0026620371167207454,0.0027199032896235787,0.0027777694625264115,0.0026620371167207454,0.002835663230170734,0.0026370603864024063,0.0026755339326170907,0.002694891148715472,0.002752557438644524,0.0026563359992151426,0.0028103105692060698,0.00023160958843966196,0.00023160958843966196,0.00023161521734990225,0.00023162096716204707,0.00023160958843966196,0.00023162684069550355,0.00023160958843966196,0.00023160958843966196,0.00023161521734990225,0.00023162096716204707,0.00023160958843966196,0.00023162684069550355
124.17698955535889,-0.009999999776482582,4.118000030517578,4.139999866485596,4.13700008392334,4.138000011444092,4.139999866485596,4.13700008392334,nan,nan,nan,nan,nan,nan,nan,nan,nan,nan,nan,nan,nan,nan,nan,nan,nan,nan,nan,nan,nan,nan,nan,nan
124.35735082626343,0.009999999776482582,4.11899995803833,4.140999794006348,4.138000011444092,4.138999938964844,4.140999794006348,4.138000011444092,nan,nan,nan,nan,nan,nan,nan,nan,nan,nan,nan,nan,nan,nan,nan,nan,nan,nan,nan,nan,nan,nan,nan,nan
124.51856541633606,-0.009999999776482582,4.119999885559082,4.142000198364258,4.138000011444092,4.138999938964844,4.142000198364258,4.138000011444092,nan,nan,nan,nan,nan,nan,nan,nan,nan,nan,nan,nan,nan,nan,nan,nan,nan,nan,nan,nan,nan,nan,nan,nan
124.69883060455322,-0.009999999776482582,4.120999813079834,4.14300012588501,4.138999938964844,4.139999866485596,4.14300012588501,4.138999938964844,nan,nan,nan,nan,nan,nan,nan,nan,nan,nan,nan,nan,nan,nan,nan,nan,nan,nan,nan,nan,nan,nan,nan,nan
124.87905597686768,-0.009999999776482582,4.120999813079834,4.14300012588501,4.139999866485596,4.140999794006348,4.14300012588501,4.139999866485596,nan,nan,nan,nan,nan,nan,nan,nan,nan,nan,nan,nan,nan,nan,nan,nan,nan,nan,nan,nan,nan,nan,nan,nan
125.0408034324646,0.009999999776482582,4.122000217437744,4.144000053405762,4.139999866485596,4.140999794006348,4.144000053405762,4.140999794006348,nan,nan,nan,nan,nan,nan,nan,nan,nan,nan,nan,nan,nan,nan,nan,nan,nan,nan,nan,nan,nan,nan,nan,nan
130.099769115448,0.0,4.13100004196167,4.1529998779296875,4.14900016784668,4.151000022888184,4.1529998779296875,4.150000095367432,nan,nan,nan,nan,nan,nan,nan,nan,nan,nan,nan,nan,nan,nan,nan,nan,nan,nan,nan,nan,nan,nan,nan,nan
135.23944759368896,-17.31999969482422,4.079999923706055,4.10099983215332,4.0980000495910645,4.0980000495910645,4.10099983215332,4.0960001945495605,0.0029445796278423568,0.0030023121646997777,0.0029445796278423568,0.0030600447015571982,0.0030023121646997777,0.0031177772384146187,0.002770809094563495,0.002809251206917917,0.00279009781886444,0.002886252466698439,0.002790053273515969,0.0029439833510130735,0.00023110327367569842,0.00023110946399451478,0.00023110327367569842,0.00023111577433412834,0.00023110946399451478,0.0002311222046847083,0.00023110327367569842,0.00023110946399451478,0.00023110327367569842,0.00023111577433412834,0.00023110946399451478,0.0002311222046847083
135.41766381263733,-17.299999237060547,4.078999996185303,4.099999904632568,4.0970001220703125,4.0970001220703125,4.10099983215332,4.09499979019165,nan,nan,nan,nan,nan,nan,nan,nan,nan,nan,nan,nan,nan,nan,nan,nan,nan,nan,nan,nan,nan,nan,nan,nan
135.577819108963,-17.299999237060547,4.078000068664551,4.098999977111816,4.09499979019165,4.0960001945495605,4.099999904632568,4.093999862670898,nan,nan,nan,nan,nan,nan,nan,nan,nan,nan,nan,nan,nan,nan,nan,nan,nan,nan,nan,nan,nan,nan,nan,nan
135.7577018737793,-17.290000915527344,4.077000141143799,4.0980000495910645,4.093999862670898,4.09499979019165,4.098999977111816,4.0929999351501465,nan,nan,nan,nan,nan,nan,nan,nan,nan,nan,nan,nan,nan,nan,nan,nan,nan,nan,nan,nan,nan,nan,nan,nan
135.91734099388123,-17.290000915527344,4.076000213623047,4.0970001220703125,4.0929999351501465,4.093999862670898,4.0970001220703125,4.0920000076293945,nan,nan,nan,nan,nan,nan,nan,nan,nan,nan,nan,nan,nan,nan,nan,nan,nan,nan,nan,nan,nan,nan,nan,nan
136.09757375717163,-17.290000915527344,4.074999809265137,4.0960001945495605,4.0920000076293945,4.0929999351501465,4.0960001945495605,4.091000080108643,nan,nan,nan,nan,nan,nan,nan,nan,nan,nan,nan,nan,nan,nan,nan,nan,nan,nan,nan,nan,nan,nan,nan,nan
136.27811574935913,0.009999999776482582,4.119999885559082,4.142000198364258,4.138999938964844,4.139999866485596,4.14300012588501,4.138999938964844,0.0026011603417973005,0.002658959617395454,0.0027167588929936076,0.0027167588929936076,0.0027167588929936076,0.002774558168591761,0.0027359256954534675,0.002774436299605326,0.0027937472701531807,0.0028515243523590723,0.00279370272480471,0.002909332879059038,0.00023133604715029434,0.00023134153607586724,0.000231347145493763,0.000231347145493763,0.000231347145493763,0.00023135287539521713,0.00023133604715029434,0.00023134153607586724,0.000231347145493763,0.000231347145493763,0.000231347145493763,0.00023135287539521713
136.43774795532227,0.0,4.120999813079834,4.14300012588501,4.139999866485596,4.140999794006348,4.144000053405762,4.139999866485596,nan,nan,nan,nan,nan,nan,nan,nan,nan,nan,nan,nan,nan,nan,nan,nan,nan,nan,nan,nan,nan,nan,nan,nan
136.61768674850464,0.0,4.122000217437744,4.144000053405762,4.140999794006348,4.142000198364258,4.144000053405762,4.140999794006348,nan,nan,nan,nan,nan,nan,nan,nan,nan,nan,nan,nan,nan,nan,nan,nan,nan,nan,nan,nan,nan,nan,nan,nan
136.77731943130493,0.009999999776482582,4.122000217437744,4.144000053405762,4.140999794006348,4.142000198364258,4.144999980926514,4.140999794006348,nan,nan,nan,nan,nan,nan,nan,nan,nan,nan,nan,nan,nan,nan,nan,nan,nan,nan,nan,nan,nan,nan,nan,nan
136.95829725265503,0.009999999776482582,4.123000144958496,4.144999980926514,4.142000198364258,4.14300012588501,4.145999908447266,4.142000198364258,nan,nan,nan,nan,nan,nan,nan,nan,nan,nan,nan,nan,nan,nan,nan,nan,nan,nan,nan,nan,nan,nan,nan,nan
137.13820219039917,0.009999999776482582,4.124000072479248,4.145999908447266,4.142000198364258,4.14300012588501,4.145999908447266,4.142000198364258,nan,nan,nan,nan,nan,nan,nan,nan,nan,nan,nan,nan,nan,nan,nan,nan,nan,nan,nan,nan,nan,nan,nan,nan
137.29782676696777,-0.009999999776482582,4.124000072479248,4.145999908447266,4.14300012588501,4.144000053405762,4.146999835968018,4.14300012588501,nan,nan,nan,nan,nan,nan,nan,nan,nan,nan,nan,nan,nan,nan,nan,nan,nan,nan,nan,nan,nan,nan,nan,nan
137.47798371315002,0.0,4.125,4.146999835968018,4.14300012588501,4.144000053405762,4.146999835968018,4.14300012588501,nan,nan,nan,nan,nan,nan,nan,nan,nan,nan,nan,nan,nan,nan,nan,nan,nan,nan,nan,nan,nan,nan,nan,nan
137.65700459480286,-0.009999999776482582,4.125,4.146999835968018,4.144000053405762,4.144999980926514,4.146999835968018,4.144000053405762,nan,nan,nan,nan,nan,nan,nan,nan,nan,nan,nan,nan,nan,nan,nan,nan,nan,nan,nan,nan,nan,nan,nan,nan
137.81808733940125,0.0,4.125,4.146999835968018,4.144000053405762,4.144999980926514,4.1479997634887695,4.144000053405762,nan,nan,nan,nan,nan,nan,nan,nan,nan,nan,nan,nan,nan,nan,nan,nan,nan,nan,nan,nan,nan,nan,nan,nan
137.99843382835388,-0.009999999776482582,4.125999927520752,4.1479997634887695,4.144000053405762,4.144999980926514,4.1479997634887695,4.144999980926514,nan,nan,nan,nan,nan,nan,nan,nan,nan,nan,nan,nan,nan,nan,nan,nan,nan,nan,nan,nan,nan,nan,nan,nan
138.15750861167908,0.0,4.125999927520752,4.1479997634887695,4.144999980926514,4.145999908447266,4.1479997634887695,4.144999980926514,nan,nan,nan,nan,nan,nan,nan,nan,nan,nan,nan,nan,nan,nan,nan,nan,nan,nan,nan,nan,nan,nan,nan,nan
138.33817553520203,-3.559999942779541,4.125999927520752,4.1479997634887695,4.144999980926514,4.145999908447266,4.14900016784668,4.144999980926514,nan,nan,nan,nan,nan,nan,nan,nan,nan,nan,nan,nan,nan,nan,nan,nan,nan,nan,nan,nan,nan,nan,nan,nan
138.51833963394165,-17.299999237060547,4.079999923706055,4.10099983215332,4.0970001220703125,4.0980000495910645,4.10099983215332,4.0960001945495605,0.0033478898236802552,0.003420664756148276,0.0034934396886162965,0.0034934396886162965,0.003493474392923625,0.0035662146210843175,0.002974525082738778,0.0030398121867718647,0.0031050992908049522,0.0031050992908049522,0.0031051166429586162,0.0031703863948380393,0.00029137563958457364,0.00029138683274574213,0.0002913982661588569,0.0002913982661588569,0.0002913982716684358,0.00029140993979563906,0.00029137563958457364,0.00029138683274574213,0.0002913982661588569,0.0002913982661588569,0.0002913982716684358,0.00029140993979563906
138.67806673049927,-17.290000915527344,4.078000068664551,4.098999977111816,4.0960001945495605,4.0970001220703125,4.099999904632568,4.093999862670898,nan,nan,nan,nan,nan,nan,nan,nan,nan,nan,nan,nan,nan,nan,nan,nan,nan,nan,nan,nan,nan,nan,nan,nan
138.85829639434814,-17.290000915527344,4.077000141143799,4.0980000495910645,4.09499979019165,4.09499979019165,4.098999977111816,4.0929999351501465,nan,nan,nan,nan,nan,nan,nan,nan,nan,nan,nan,nan,nan,nan,nan,nan,nan,nan,nan,nan,nan,nan,nan,nan
139.03718519210815,-17.290000915527344,4.076000213623047,4.0970001220703125,4.0929999351501465,4.093999862670898,4.0970001220703125,4.0920000076293945,nan,nan,nan,nan,nan,nan,nan,nan,nan,nan,nan,nan,nan,nan,nan,nan,nan,nan,nan,nan,nan,nan,nan,nan
139.1979866027832,-17.280000686645508,4.074999809265137,4.0960001945495605,4.0920000076293945,4.0929999351501465,4.0960001945495605,4.090000152587891,nan,nan,nan,nan,nan,nan,nan,nan,nan,nan,nan,nan,nan,nan,nan,nan,nan,nan,nan,nan,nan,nan,nan,nan
139.38124823570251,-17.270000457763672,4.072999954223633,4.09499979019165,4.091000080108643,4.0920000076293945,4.09499979019165,4.089000225067139,nan,nan,nan,nan,nan,nan,nan,nan,nan,nan,nan,nan,nan,nan,nan,nan,nan,nan,nan,nan,nan,nan,nan,nan
139.53911972045898,-17.280000686645508,4.072999954223633,4.093999862670898,4.090000152587891,4.091000080108643,4.093999862670898,4.0879998207092285,nan,nan,nan,nan,nan,nan,nan,nan,nan,nan,nan,nan,nan,nan,nan,nan,nan,nan,nan,nan,nan,nan,nan,nan
139.7180576324463,-17.280000686645508,4.072000026702881,4.0929999351501465,4.089000225067139,4.090000152587891,4.0929999351501465,4.086999893188477,nan,nan,nan,nan,nan,nan,nan,nan,nan,nan,nan,nan,nan,nan,nan,nan,nan,nan,nan,nan,nan,nan,nan,nan
139.8982698917389,-17.260000228881836,4.070000171661377,4.0920000076293945,4.0879998207092285,4.089000225067139,4.0920000076293945,4.085999965667725,nan,nan,nan,nan,nan,nan,nan,nan,nan,nan,nan,nan,nan,nan,nan,nan,nan,nan,nan,nan,nan,nan,nan,nan
140.05769443511963,-17.260000228881836,4.070000171661377,4.091000080108643,4.086999893188477,4.0879998207092285,4.091000080108643,4.085999965667725,nan,nan,nan,nan,nan,nan,nan,nan,nan,nan,nan,nan,nan,nan,nan,nan,nan,nan,nan,nan,nan,nan,nan,nan
140.23826599121094,-17.260000228881836,4.068999767303467,4.090000152587891,4.085999965667725,4.086999893188477,4.091000080108643,4.085000038146973,nan,nan,nan,nan,nan,nan,nan,nan,nan,nan,nan,nan,nan,nan,nan,nan,nan,nan,nan,nan,nan,nan,nan,nan
140.39767503738403,-17.270000457763672,4.067999839782715,4.089000225067139,4.085999965667725,4.086999893188477,4.090000152587891,4.084000110626221,nan,nan,nan,nan,nan,nan,nan,nan,nan,nan,nan,nan,nan,nan,nan,nan,nan,nan,nan,nan,nan,nan,nan,nan
140.57785558700562,0.0,4.078000068664551,4.123000144958496,4.129000186920166,4.13100004196167,4.089000225067139,4.083000183105469,0.0005790520333970442,0.0019687272142527865,0.0024898795664542554,0.0025477792476498308,nan,nan,0.0019634709285386498,0.002694695985200531,0.002991659627535276,0.0030206094681330636,nan,nan,0.00023162157928446,0.0002316856355099549,0.000231727664668082,0.00023173293997108535,nan,nan,0.00023162157928446,0.0002316856355099549,0.000231727664668082,0.00023173293997108535,nan,nan
140.7586588859558,0.0,4.11299991607666,4.136000156402588,4.131999969482422,4.132999897003174,4.136000156402588,4.131999969482422,nan,nan,nan,nan,nan,nan,nan,nan,nan,nan,nan,nan,nan,nan,nan,nan,nan,nan,nan,nan,nan,nan,nan,nan
140.91745615005493,0.0,4.114999771118164,4.13700008392334,4.132999897003174,4.133999824523926,4.13700008392334,4.132999897003174,nan,nan,nan,nan,nan,nan,nan,nan,nan,nan,nan,nan,nan,nan,nan,nan,nan,nan,nan,nan,nan,nan,nan,nan
141.09783577919006,0.0,4.114999771118164,4.138000011444092,4.133999824523926,4.135000228881836,4.138000011444092,4.133999824523926,nan,nan,nan,nan,nan,nan,nan,nan,nan,nan,nan,nan,nan,nan,nan,nan,nan,nan,nan,nan,nan,nan,nan,nan
141.25739789009094,0.0,4.116000175476074,4.138000011444092,4.133999824523926,4.136000156402588,4.138999938964844,4.133999824523926,nan,nan,nan,nan,nan,nan,nan,nan,nan,nan,nan,nan,nan,nan,nan,nan,nan,nan,nan,nan,nan,nan,nan,nan
141.43828630447388,-0.009999999776482582,4.117000102996826,4.138999938964844,4.135000228881836,4.13700008392334,4.138999938964844,4.136000156402588,nan,nan,nan,nan,nan,nan,nan,nan,nan,nan,nan,nan,nan,nan,nan,nan,nan,nan,nan,nan,nan,nan,nan,nan
141.61998796463013,0.0,4.117000102996826,4.138999938964844,4.136000156402588,4.13700008392334,4.139999866485596,4.136000156402588,nan,nan,nan,nan,nan,nan,nan,nan,nan,nan,nan,nan,nan,nan,nan,nan,nan,nan,nan,nan,nan,nan,nan,nan
141.7766399383545,0.0,4.118000030517578,4.139999866485596,4.13700008392334,4.138000011444092,4.139999866485596,4.13700008392334,nan,nan,nan,nan,nan,nan,nan,nan,nan,nan,nan,nan,nan,nan,nan,nan,nan,nan,nan,nan,nan,nan,nan,nan
141.95719695091248,0.0,4.11899995803833,4.139999866485596,4.13700008392334,4.138000011444092,4.140999794006348,4.13700008392334,nan,nan,nan,nan,nan,nan,nan,nan,nan,nan,nan,nan,nan,nan,nan,nan,nan,nan,nan,nan,nan,nan,nan,nan
142.1375720500946,-0.009999999776482582,4.11899995803833,4.140999794006348,4.138000011444092,4.138999938964844,4.140999794006348,4.138000011444092,nan,nan,nan,nan,nan,nan,nan,nan,nan,nan,nan,nan,nan,nan,nan,nan,nan,nan,nan,nan,nan,nan,nan,nan
142.2999770641327,0.0,4.11899995803833,4.142000198364258,4.138000011444092,4.138999938964844,4.142000198364258,4.138000011444092,nan,nan,nan,nan,nan,nan,nan,nan,nan,nan,nan,nan,nan,nan,nan,nan,nan,nan,nan,nan,nan,nan,nan,nan
142.4787003993988,0.0,4.119999885559082,4.142000198364258,4.138999938964844,4.139999866485596,4.142000198364258,4.138999938964844,nan,nan,nan,nan,nan,nan,nan,nan,nan,nan,nan,nan,nan,nan,nan,nan,nan,nan,nan,nan,nan,nan,nan,nan
142.6369411945343,-0.009999999776482582,4.119999885559082,4.142000198364258,4.138999938964844,4.139999866485596,4.14300012588501,4.138999938964844,nan,nan,nan,nan,nan,nan,nan,nan,nan,nan,nan,nan,nan,nan,nan,nan,nan,nan,nan,nan,nan,nan,nan,nan
142.81747436523438,-0.009999999776482582,4.119999885559082,4.14300012588501,4.138999938964844,4.140999794006348,4.14300012588501,4.139999866485596,nan,nan,nan,nan,nan,nan,nan,nan,nan,nan,nan,nan,nan,nan,nan,nan,nan,nan,nan,nan,nan,nan,nan,nan
142.9973018169403,-0.009999999776482582,4.120999813079834,4.14300012588501,4.139999866485596,4.140999794006348,4.14300012588501,4.139999866485596,nan,nan,nan,nan,nan,nan,nan,nan,nan,nan,nan,nan,nan,nan,nan,nan,nan,nan,nan,nan,nan,nan,nan,nan
143.15842366218567,-17.270000457763672,4.120999813079834,4.129000186920166,4.0980000495910645,4.0970001220703125,4.144000053405762,4.139999866485596,nan,0.0008111204283523166,0.00243336128505695,0.002549227738616542,nan,nan,nan,0.002066837466251126,0.002805560180042501,0.0028634822249608894,nan,nan,nan,0.0002317616157260552,0.00023185688619640785,0.00023186733367295357,nan,nan,nan,0.0002317616157260552,0.00023185688619640785,0.00023186733367295357,nan,nan
143.3375427722931,-17.309999465942383,4.073999881744385,4.0960001945495605,4.0920000076293945,4.0929999351501465,4.0960001945495605,4.091000080108643,nan,nan,nan,nan,nan,nan,nan,nan,nan,nan,nan,nan,nan,nan,nan,nan,nan,nan,nan,nan,nan,nan,nan,nan
143.49834775924683,-17.309999465942383,4.072999954223633,4.09499979019165,4.091000080108643,4.0920000076293945,4.09499979019165,4.089000225067139,nan,nan,nan,nan,nan,nan,nan,nan,nan,nan,nan,nan,nan,nan,nan,nan,nan,nan,nan,nan,nan,nan,nan,nan
143.67746448516846,-17.309999465942383,4.072000026702881,4.0929999351501465,4.089000225067139,4.090000152587891,4.093999862670898,4.0879998207092285,nan,nan,nan,nan,nan,nan,nan,nan,nan,nan,nan,nan,nan,nan,nan,nan,nan,nan,nan,nan,nan,nan,nan,nan
143.85751700401306,-17.290000915527344,4.071000099182129,4.0920000076293945,4.0879998207092285,4.089000225067139,4.0929999351501465,4.086999893188477,nan,nan,nan,nan,nan,nan,nan,nan,nan,nan,nan,nan,nan,nan,nan,nan,nan,nan,nan,nan,nan,nan,nan,nan
144.01689958572388,-17.290000915527344,4.070000171661377,4.091000080108643,4.086999893188477,4.0879998207092285,4.0920000076293945,4.085999965667725,nan,nan,nan,nan,nan,nan,nan,nan,nan,nan,nan,nan,nan,nan,nan,nan,nan,nan,nan,nan,nan,nan,nan,nan
144.19723629951477,-17.290000915527344,4.068999767303467,4.090000152587891,4.085999965667725,4.086999893188477,4.091000080108643,4.085000038146973,nan,nan,nan,nan,nan,nan,nan,nan,nan,nan,nan,nan,nan,nan,nan,nan,nan,nan,nan,nan,nan,nan,nan,nan
144.37897086143494,-17.260000228881836,4.067999839782715,4.089000225067139,4.085000038146973,4.085999965667725,4.089000225067139,4.084000110626221,nan,nan,nan,nan,nan,nan,nan,nan,nan,nan,nan,nan,nan,nan,nan,nan,nan,nan,nan,nan,nan,nan,nan,nan
144.53709030151367,-17.280000686645508,4.066999912261963,4.0879998207092285,4.084000110626221,4.085000038146973,4.089000225067139,4.081999778747559,nan,nan,nan,nan,nan,nan,nan,nan,nan,nan,nan,nan,nan,nan,nan,nan,nan,nan,nan,nan,nan,nan,nan,nan
144.72038054466248,0.0,4.065999984741211,4.086999893188477,4.083000183105469,4.084000110626221,4.0879998207092285,4.081999778747559,nan,nan,nan,nan,nan,nan,nan,nan,nan,nan,nan,nan,nan,nan,nan,nan,nan,nan,nan,nan,nan,nan,nan,nan
144.87857508659363,-0.009999999776482582,4.111999988555908,4.133999824523926,4.130000114440918,4.13100004196167,4.133999824523926,4.130000114440918,nan,nan,nan,nan,nan,nan,nan,nan,nan,nan,nan,nan,nan,nan,nan,nan,nan,nan,nan,nan,nan,nan,nan,nan
145.0575897693634,0.0,4.11299991607666,4.135000228881836,4.131999969482422,4.132999897003174,4.136000156402588,4.13100004196167,nan,nan,nan,nan,nan,nan,nan,nan,nan,nan,nan,nan,nan,nan,nan,nan,nan,nan,nan,nan,nan,nan,nan,nan
145.13952469825745,0.0,4.11299991607666,4.135000228881836,4.131999969482422,4.132999897003174,4.136000156402588,4.131999969482422,nan,nan,nan,nan,nan,nan,nan,nan,nan,nan,nan,nan,nan,nan,nan,nan,nan,nan,nan,nan,nan,nan,nan,nan
147.238529920578,-17.290000915527344,4.067999839782715,4.089000225067139,4.085999965667725,4.085999965667725,4.090000152587891,4.084000110626221,0.002602664772188233,0.0026604974770930642,0.0026604974770930642,0.002718330181997895,0.0026604974770930642,0.002776162886902726,0.002602664772188233,0.0017358089527226904,0.0025469293810750073,0.0026337789603072185,0.0026604974770930642,0.002776162886902726,0.00023146998616139564,0.00023147548461291555,0.00023147548461291555,0.0002314811037657151,0.00023147548461291555,0.00023148684361100452,0.00023146998616139564,0.00023147548461291555,0.00023147548461291555,0.0002314811037657151,0.00023147548461291555,0.00023148684361100452
147.4172065258026,-17.260000228881836,4.066999912261963,4.0879998207092285,4.084000110626221,4.085000038146973,4.089000225067139,4.083000183105469,nan,nan,nan,nan,nan,nan,nan,nan,nan,nan,nan,nan,nan,nan,nan,nan,nan,nan,nan,nan,nan,nan,nan,nan
147.57834696769714,-17.280000686645508,4.065999984741211,4.086999893188477,4.084000110626221,4.085000038146973,4.0879998207092285,4.081999778747559,nan,nan,nan,nan,nan,nan,nan,nan,nan,nan,nan,nan,nan,nan,nan,nan,nan,nan,nan,nan,nan,nan,nan,nan
147.75885200500488,-17.280000686645508,4.065000057220459,4.085999965667725,4.083000183105469,4.083000183105469,4.086999893188477,4.080999851226807,nan,nan,nan,nan,nan,nan,nan,nan,nan,nan,nan,nan,nan,nan,nan,nan,nan,nan,nan,nan,nan,nan,nan,nan
147.9375479221344,-17.260000228881836,4.064000129699707,4.085000038146973,4.081999778747559,4.083000183105469,4.085999965667725,4.079999923706055,nan,nan,nan,nan,nan,nan,nan,nan,nan,nan,nan,nan,nan,nan,nan,nan,nan,nan,nan,nan,nan,nan,nan,nan
148.09858584403992,-17.260000228881836,4.064000129699707,4.085000038146973,4.080999851226807,4.081999778747559,4.085000038146973,4.078999996185303,nan,nan,nan,nan,nan,nan,nan,nan,nan,nan,nan,nan,nan,nan,nan,nan,nan,nan,nan,nan,nan,nan,nan,nan
148.27745151519775,-17.260000228881836,4.063000202178955,4.084000110626221,4.079999923706055,4.080999851226807,4.084000110626221,4.078000068664551,nan,nan,nan,nan,nan,nan,nan,nan,nan,nan,nan,nan,nan,nan,nan,nan,nan,nan,nan,nan,nan,nan,nan,nan
148.45934104919434,-17.270000457763672,4.061999797821045,4.083000183105469,4.078999996185303,4.079999923706055,4.084000110626221,4.077000141143799,nan,nan,nan,nan,nan,nan,nan,nan,nan,nan,nan,nan,nan,nan,nan,nan,nan,nan,nan,nan,nan,nan,nan,nan
148.61697697639465,0.0,4.105999946594238,4.127999782562256,4.125,4.125999927520752,4.109000205993652,4.123000144958496,0.0025477792476498308,0.0026056513181247592,0.002663578610040981,0.002663578610040981,0.001447602472771964,0.002663578610040981,0.002575222009919032,0.002633074397608912,0.0026620380435670226,0.0026909543960194383,0.002054049974932514,0.0027198707484718536,0.00023173293997108535,0.00023173833380957863,0.00023174385398193478,0.00023174385398193478,0.00023165342794720576,0.00023174385398193478,0.00023173293997108535,0.00023173833380957863,0.00023174385398193478,0.00023174385398193478,0.00023165342794720576,0.00023174385398193478
148.79763531684875,0.0,4.107999801635742,4.130000114440918,4.125999927520752,4.126999855041504,4.130000114440918,4.125999927520752,nan,nan,nan,nan,nan,nan,nan,nan,nan,nan,nan,nan,nan,nan,nan,nan,nan,nan,nan,nan,nan,nan,nan,nan
148.95688891410828,0.0,4.109000205993652,4.13100004196167,4.126999855041504,4.127999782562256,4.13100004196167,4.126999855041504,nan,nan,nan,nan,nan,nan,nan,nan,nan,nan,nan,nan,nan,nan,nan,nan,nan,nan,nan,nan,nan,nan,nan,nan
149.1390504837036,-0.009999999776482582,4.109000205993652,4.13100004196167,4.127999782562256,4.129000186920166,4.131999969482422,4.127999782562256,nan,nan,nan,nan,nan,nan,nan,nan,nan,nan,nan,nan,nan,nan,nan,nan,nan,nan,nan,nan,nan,nan,nan,nan
149.31802487373352,-0.009999999776482582,4.110000133514404,4.131999969482422,4.129000186920166,4.130000114440918,4.132999897003174,4.129000186920166,nan,nan,nan,nan,nan,nan,nan,nan,nan,nan,nan,nan,nan,nan,nan,nan,nan,nan,nan,nan,nan,nan,nan,nan
149.47722268104553,0.0,4.111000061035156,4.132999897003174,4.130000114440918,4.13100004196167,4.132999897003174,4.129000186920166,nan,nan,nan,nan,nan,nan,nan,nan,nan,nan,nan,nan,nan,nan,nan,nan,nan,nan,nan,nan,nan,nan,nan,nan
149.65776586532593,0.0,4.111999988555908,4.133999824523926,4.130000114440918,4.13100004196167,4.133999824523926,4.130000114440918,nan,nan,nan,nan,nan,nan,nan,nan,nan,nan,nan,nan,nan,nan,nan,nan,nan,nan,nan,nan,nan,nan,nan,nan
149.81728100776672,-0.009999999776482582,4.111999988555908,4.133999824523926,4.13100004196167,4.131999969482422,4.135000228881836,4.13100004196167,nan,nan,nan,nan,nan,nan,nan,nan,nan,nan,nan,nan,nan,nan,nan,nan,nan,nan,nan,nan,nan,nan,nan,nan
149.99774265289307,-0.009999999776482582,4.11299991607666,4.135000228881836,4.13100004196167,4.132999897003174,4.136000156402588,4.13100004196167,nan,nan,nan,nan,nan,nan,nan,nan,nan,nan,nan,nan,nan,nan,nan,nan,nan,nan,nan,nan,nan,nan,nan,nan
150.1782054901123,0.009999999776482582,4.11299991607666,4.136000156402588,4.131999969482422,4.132999897003174,4.136000156402588,4.131999969482422,nan,nan,nan,nan,nan,nan,nan,nan,nan,nan,nan,nan,nan,nan,nan,nan,nan,nan,nan,nan,nan,nan,nan,nan
150.3377022743225,-0.009999999776482582,4.113999843597412,4.136000156402588,4.131999969482422,4.132999897003174,4.136000156402588,4.131999969482422,nan,nan,nan,nan,nan,nan,nan,nan,nan,nan,nan,nan,nan,nan,nan,nan,nan,nan,nan,nan,nan,nan,nan,nan
150.51809239387512,0.009999999776482582,4.113999843597412,4.13700008392334,4.132999897003174,4.133999824523926,4.13700008392334,4.132999897003174,nan,nan,nan,nan,nan,nan,nan,nan,nan,nan,nan,nan,nan,nan,nan,nan,nan,nan,nan,nan,nan,nan,nan,nan
150.69895577430725,-17.290000915527344,4.067999839782715,4.090000152587891,4.085000038146973,4.086999893188477,4.091000080108643,4.084000110626221,0.002658959617395454,0.0027167588929936076,0.002774558168591761,0.0027167588929936076,0.002658959617395454,0.002832357444189914,0.002603134545744506,0.0026609692294038106,0.0026995447519086017,0.0026995558950108282,0.0022556865224201608,0.002757366313711207,0.00023134153607586724,0.000231347145493763,0.00023135287539521713,0.000231347145493763,0.00023134153607586724,0.00023135872577127788,0.00023134153607586724,0.000231347145493763,0.00023135287539521713,0.000231347145493763,0.00023134153607586724,0.00023135872577127788
150.85825943946838,-17.280000686645508,4.066999912261963,4.0879998207092285,4.084000110626221,4.085000038146973,4.089000225067139,4.083000183105469,nan,nan,nan,nan,nan,nan,nan,nan,nan,nan,nan,nan,nan,nan,nan,nan,nan,nan,nan,nan,nan,nan,nan,nan
151.0368447303772,-17.290000915527344,4.065999984741211,4.086999893188477,4.083000183105469,4.084000110626221,4.086999893188477,4.080999851226807,nan,nan,nan,nan,nan,nan,nan,nan,nan,nan,nan,nan,nan,nan,nan,nan,nan,nan,nan,nan,nan,nan,nan,nan
151.19822597503662,-17.290000915527344,4.065000057220459,4.085999965667725,4.083000183105469,4.083000183105469,4.086999893188477,4.079999923706055,nan,nan,nan,nan,nan,nan,nan,nan,nan,nan,nan,nan,nan,nan,nan,nan,nan,nan,nan,nan,nan,nan,nan,nan
151.37862586975098,-17.290000915527344,4.064000129699707,4.085000038146973,4.080999851226807,4.081999778747559,4.085999965667725,4.078999996185303,nan,nan,nan,nan,nan,nan,nan,nan,nan,nan,nan,nan,nan,nan,nan,nan,nan,nan,nan,nan,nan,nan,nan,nan
151.55722761154175,-17.290000915527344,4.063000202178955,4.084000110626221,4.079999923706055,4.080999851226807,4.084000110626221,4.078999996185303,nan,nan,nan,nan,nan,nan,nan,nan,nan,nan,nan,nan,nan,nan,nan,nan,nan,nan,nan,nan,nan,nan,nan,nan
151.7183654308319,-17.290000915527344,4.061999797821045,4.083000183105469,4.078999996185303,4.079999923706055,4.084000110626221,4.078000068664551,nan,nan,nan,nan,nan,nan,nan,nan,nan,nan,nan,nan,nan,nan,nan,nan,nan,nan,nan,nan,nan,nan,nan,nan
151.89869141578674,-17.290000915527344,4.060999870300293,4.081999778747559,4.078000068664551,4.078999996185303,4.083000183105469,4.077000141143799,nan,nan,nan,nan,nan,nan,nan,nan,nan,nan,nan,nan,nan,nan,nan,nan,nan,nan,nan,nan,nan,nan,nan,nan
152.0775911808014,-17.280000686645508,4.059999942779541,4.080999851226807,4.078000068664551,4.078000068664551,4.081999778747559,4.076000213623047,nan,nan,nan,nan,nan,nan,nan,nan,nan,nan,nan,nan,nan,nan,nan,nan,nan,nan,nan,nan,nan,nan,nan,nan
152.23719143867493,-17.280000686645508,4.059999942779541,4.080999851226807,4.077000141143799,4.078000068664551,4.080999851226807,4.074999809265137,nan,nan,nan,nan,nan,nan,nan,nan,nan,nan,nan,nan,nan,nan,nan,nan,nan,nan,nan,nan,nan,nan,nan,nan
152.41919994354248,-17.280000686645508,4.059000015258789,4.079999923706055,4.076000213623047,4.077000141143799,4.080999851226807,4.073999881744385,nan,nan,nan,nan,nan,nan,nan,nan,nan,nan,nan,nan,nan,nan,nan,nan,nan,nan,nan,nan,nan,nan,nan,nan
152.57853817939758,-0.009999999776482582,4.058000087738037,4.078999996185303,4.076000213623047,4.076000213623047,4.079999923706055,4.073999881744385,nan,nan,nan,nan,nan,nan,nan,nan,nan,nan,nan,nan,nan,nan,nan,nan,nan,nan,nan,nan,nan,nan,nan,nan
152.7590401172638,0.009999999776482582,4.104000091552734,4.125999927520752,4.122000217437744,4.124000072479248,4.125999927520752,4.122000217437744,nan,nan,nan,nan,nan,nan,nan,nan,nan,nan,nan,nan,nan,nan,nan,nan,nan,nan,nan,nan,nan,nan,nan,nan
152.9376015663147,-0.009999999776482582,4.105000019073486,4.126999855041504,4.124000072479248,4.125,4.126999855041504,4.123000144958496,nan,nan,nan,nan,nan,nan,nan,nan,nan,nan,nan,nan,nan,nan,nan,nan,nan,nan,nan,nan,nan,nan,nan,nan
153.09744215011597,0.009999999776482582,4.105999946594238,4.127999782562256,4.125,4.125999927520752,4.127999782562256,4.124000072479248,nan,nan,nan,nan,nan,nan,nan,nan,nan,nan,nan,nan,nan,nan,nan,nan,nan,nan,nan,nan,nan,nan,nan,nan
153.27798342704773,-0.009999999776482582,4.10699987411499,4.129000186920166,4.125,4.126999855041504,4.130000114440918,4.125,nan,nan,nan,nan,nan,nan,nan,nan,nan,nan,nan,nan,nan,nan,nan,nan,nan,nan,nan,nan,nan,nan,nan,nan
153.43735933303833,0.009999999776482582,4.107999801635742,4.130000114440918,4.125999927520752,4.126999855041504,4.130000114440918,4.125999927520752,nan,nan,nan,nan,nan,nan,nan,nan,nan,nan,nan,nan,nan,nan,nan,nan,nan,nan,nan,nan,nan,nan,nan,nan
153.61783576011658,-0.009999999776482582,4.107999801635742,4.13100004196167,4.126999855041504,4.127999782562256,4.13100004196167,4.126999855041504,nan,nan,nan,nan,nan,nan,nan,nan,nan,nan,nan,nan,nan,nan,nan,nan,nan,nan,nan,nan,nan,nan,nan,nan
153.79830765724182,0.009999999776482582,4.109000205993652,4.13100004196167,4.127999782562256,4.129000186920166,4.13100004196167,4.126999855041504,nan,nan,nan,nan,nan,nan,nan,nan,nan,nan,nan,nan,nan,nan,nan,nan,nan,nan,nan,nan,nan,nan,nan,nan
153.95764183998108,0.0,4.110000133514404,4.13100004196167,4.127999782562256,4.129000186920166,4.131999969482422,4.127999782562256,nan,nan,nan,nan,nan,nan,nan,nan,nan,nan,nan,nan,nan,nan,nan,nan,nan,nan,nan,nan,nan,nan,nan,nan
154.13802671432495,0.009999999776482582,4.110000133514404,4.131999969482422,4.129000186920166,4.130000114440918,4.132999897003174,4.127999782562256,nan,nan,nan,nan,nan,nan,nan,nan,nan,nan,nan,nan,nan,nan,nan,nan,nan,nan,nan,nan,nan,nan,nan,nan
154.31810212135315,0.0,4.111000061035156,4.132999897003174,4.129000186920166,4.130000114440918,4.132999897003174,4.129000186920166,nan,nan,nan,nan,nan,nan,nan,nan,nan,nan,nan,nan,nan,nan,nan,nan,nan,nan,nan,nan,nan,nan,nan,nan
154.47765231132507,0.0,4.111000061035156,4.132999897003174,4.130000114440918,4.13100004196167,4.133999824523926,4.130000114440918,nan,nan,nan,nan,nan,nan,nan,nan,nan,nan,nan,nan,nan,nan,nan,nan,nan,nan,nan,nan,nan,nan,nan,nan
154.65836548805237,0.009999999776482582,4.111999988555908,4.133999824523926,4.130000114440918,4.13100004196167,4.133999824523926,4.130000114440918,nan,nan,nan,nan,nan,nan,nan,nan,nan,nan,nan,nan,nan,nan,nan,nan,nan,nan,nan,nan,nan,nan,nan,nan
154.81772208213806,0.0,4.111999988555908,4.133999824523926,4.13100004196167,4.131999969482422,4.135000228881836,4.130000114440918,nan,nan,nan,nan,nan,nan,nan,nan,nan,nan,nan,nan,nan,nan,nan,nan,nan,nan,nan,nan,nan,nan,nan,nan
154.9981415271759,-17.290000915527344,4.066999912261963,4.0879998207092285,4.085000038146973,4.085999965667725,4.089000225067139,4.083000183105469,0.002602664772188233,0.0026604974770930642,0.0026604974770930642,0.0026604974770930642,0.0026604974770930642,0.002718330181997895,0.0026308121947918434,0.002688628185043336,0.0027175278228424127,0.002688628185043336,0.002659728547244259,0.0027753438130939047,0.00023146998616139564,0.00023147548461291555,0.00023147548461291555,0.00023147548461291555,0.00023147548461291555,0.0002314811037657151,0.00023146998616139564,0.00023147548461291555,0.00023147548461291555,0.00023147548461291555,0.00023147548461291555,0.0002314811037657151
155.1771011352539,-17.290000915527344,4.065999984741211,4.086999893188477,4.083000183105469,4.084000110626221,4.086999893188477,4.080999851226807,nan,nan,nan,nan,nan,nan,nan,nan,nan,nan,nan,nan,nan,nan,nan,nan,nan,nan,nan,nan,nan,nan,nan,nan
155.33842134475708,-17.309999465942383,4.064000129699707,4.085000038146973,4.080999851226807,4.081999778747559,4.085999965667725,4.079999923706055,nan,nan,nan,nan,nan,nan,nan,nan,nan,nan,nan,nan,nan,nan,nan,nan,nan,nan,nan,nan,nan,nan,nan,nan
155.5171296596527,-17.309999465942383,4.063000202178955,4.084000110626221,4.080999851226807,4.080999851226807,4.085000038146973,4.078999996185303,nan,nan,nan,nan,nan,nan,nan,nan,nan,nan,nan,nan,nan,nan,nan,nan,nan,nan,nan,nan,nan,nan,nan,nan
155.69755792617798,-17.309999465942383,4.061999797821045,4.083000183105469,4.078999996185303,4.079999923706055,4.084000110626221,4.078000068664551,nan,nan,nan,nan,nan,nan,nan,nan,nan,nan,nan,nan,nan,nan,nan,nan,nan,nan,nan,nan,nan,nan,nan,nan
155.857177734375,-17.290000915527344,4.060999870300293,4.081999778747559,4.078000068664551,4.078999996185303,4.083000183105469,4.077000141143799,nan,nan,nan,nan,nan,nan,nan,nan,nan,nan,nan,nan,nan,nan,nan,nan,nan,nan,nan,nan,nan,nan,nan,nan
156.03777194023132,-17.280000686645508,4.059999942779541,4.080999851226807,4.078000068664551,4.078000068664551,4.081999778747559,4.074999809265137,nan,nan,nan,nan,nan,nan,nan,nan,nan,nan,nan,nan,nan,nan,nan,nan,nan,nan,nan,nan,nan,nan,nan,nan
156.19742107391357,-17.290000915527344,4.059000015258789,4.080999851226807,4.077000141143799,4.078000068664551,4.080999851226807,4.074999809265137,nan,nan,nan,nan,nan,nan,nan,nan,nan,nan,nan,nan,nan,nan,nan,nan,nan,nan,nan,nan,nan,nan,nan,nan
156.379132270813,-17.290000915527344,4.059000015258789,4.079999923706055,4.076000213623047,4.076000213623047,4.079999923706055,4.073999881744385,nan,nan,nan,nan,nan,nan,nan,nan,nan,nan,nan,nan,nan,nan,nan,nan,nan,nan,nan,nan,nan,nan,nan,nan
156.55777144432068,-17.290000915527344,4.058000087738037,4.078999996185303,4.074999809265137,4.076000213623047,4.078999996185303,4.072999954223633,nan,nan,nan,nan,nan,nan,nan,nan,nan,nan,nan,nan,nan,nan,nan,nan,nan,nan,nan,nan,nan,nan,nan,nan
156.71748161315918,-17.280000686645508,4.057000160217285,4.078000068664551,4.073999881744385,4.074999809265137,4.078999996185303,4.072000026702881,nan,nan,nan,nan,nan,nan,nan,nan,nan,nan,nan,nan,nan,nan,nan,nan,nan,nan,nan,nan,nan,nan,nan,nan
156.897807598114,-17.270000457763672,4.056000232696533,4.078000068664551,4.072999954223633,4.073999881744385,4.078000068664551,4.072000026702881,nan,nan,nan,nan,nan,nan,nan,nan,nan,nan,nan,nan,nan,nan,nan,nan,nan,nan,nan,nan,nan,nan,nan,nan
157.05726647377014,-17.280000686645508,4.056000232696533,4.077000141143799,4.072999954223633,4.073999881744385,4.077000141143799,4.071000099182129,nan,nan,nan,nan,nan,nan,nan,nan,nan,nan,nan,nan,nan,nan,nan,nan,nan,nan,nan,nan,nan,nan,nan,nan
157.23778820037842,-17.270000457763672,4.054999828338623,4.076000213623047,4.072000026702881,4.072999954223633,4.077000141143799,4.070000171661377,nan,nan,nan,nan,nan,nan,nan,nan,nan,nan,nan,nan,nan,nan,nan,nan,nan,nan,nan,nan,nan,nan,nan,nan
157.418053150177,-17.270000457763672,4.054999828338623,4.074999809265137,4.072000026702881,4.072999954223633,4.076000213623047,4.068999767303467,nan,nan,nan,nan,nan,nan,nan,nan,nan,nan,nan,nan,nan,nan,nan,nan,nan,nan,nan,nan,nan,nan,nan,nan
157.57762169837952,-17.260000228881836,4.053999900817871,4.074999809265137,4.071000099182129,4.072000026702881,4.074999809265137,4.068999767303467,nan,nan,nan,nan,nan,nan,nan,nan,nan,nan,nan,nan,nan,nan,nan,nan,nan,nan,nan,nan,nan,nan,nan,nan
157.7583246231079,-17.280000686645508,4.052999973297119,4.073999881744385,4.071000099182129,4.071000099182129,4.074999809265137,4.067999839782715,nan,nan,nan,nan,nan,nan,nan,nan,nan,nan,nan,nan,nan,nan,nan,nan,nan,nan,nan,nan,nan,nan,nan,nan
157.93860173225403,-17.260000228881836,4.052000045776367,4.073999881744385,4.070000171661377,4.070000171661377,4.073999881744385,4.067999839782715,nan,nan,nan,nan,nan,nan,nan,nan,nan,nan,nan,nan,nan,nan,nan,nan,nan,nan,nan,nan,nan,nan,nan,nan
158.0981047153473,-17.260000228881836,4.052000045776367,4.072999954223633,4.068999767303467,4.070000171661377,4.073999881744385,4.066999912261963,nan,nan,nan,nan,nan,nan,nan,nan,nan,nan,nan,nan,nan,nan,nan,nan,nan,nan,nan,nan,nan,nan,nan,nan
158.27868151664734,-17.270000457763672,4.051000118255615,4.072999954223633,4.068999767303467,4.070000171661377,4.072999954223633,4.066999912261963,nan,nan,nan,nan,nan,nan,nan,nan,nan,nan,nan,nan,nan,nan,nan,nan,nan,nan,nan,nan,nan,nan,nan,nan
158.43801355361938,-17.260000228881836,4.051000118255615,4.072000026702881,4.067999839782715,4.068999767303467,4.072000026702881,4.065999984741211,nan,nan,nan,nan,nan,nan,nan,nan,nan,nan,nan,nan,nan,nan,nan,nan,nan,nan,nan,nan,nan,nan,nan,nan
158.6184492111206,-17.270000457763672,4.051000118255615,4.071000099182129,4.067999839782715,4.067999839782715,4.072000026702881,4.065999984741211,nan,nan,nan,nan,nan,nan,nan,nan,nan,nan,nan,nan,nan,nan,nan,nan,nan,nan,nan,nan,nan,nan,nan,nan
158.79717826843262,-17.270000457763672,4.050000190734863,4.071000099182129,4.066999912261963,4.067999839782715,4.072000026702881,4.065000057220459,nan,nan,nan,nan,nan,nan,nan,nan,nan,nan,nan,nan,nan,nan,nan,nan,nan,nan,nan,nan,nan,nan,nan,nan
158.95974826812744,-17.260000228881836,4.048999786376953,4.071000099182129,4.066999912261963,4.066999912261963,4.071000099182129,4.064000129699707,nan,nan,nan,nan,nan,nan,nan,nan,nan,nan,nan,nan,nan,nan,nan,nan,nan,nan,nan,nan,nan,nan,nan,nan
159.13851952552795,-17.260000228881836,4.048999786376953,4.070000171661377,4.065999984741211,4.066999912261963,4.070000171661377,4.064000129699707,nan,nan,nan,nan,nan,nan,nan,nan,nan,nan,nan,nan,nan,nan,nan,nan,nan,nan,nan,nan,nan,nan,nan,nan
159.3171820640564,-17.260000228881836,4.048999786376953,4.068999767303467,4.065999984741211,4.065999984741211,4.070000171661377,4.063000202178955,nan,nan,nan,nan,nan,nan,nan,nan,nan,nan,nan,nan,nan,nan,nan,nan,nan,nan,nan,nan,nan,nan,nan,nan
159.47836780548096,-17.25,4.047999858856201,4.068999767303467,4.065000057220459,4.065999984741211,4.068999767303467,4.063000202178955,nan,nan,nan,nan,nan,nan,nan,nan,nan,nan,nan,nan,nan,nan,nan,nan,nan,nan,nan,nan,nan,nan,nan,nan
159.65863633155823,-17.239999771118164,4.046999931335449,4.067999839782715,4.065000057220459,4.065000057220459,4.068999767303467,4.061999797821045,nan,nan,nan,nan,nan,nan,nan,nan,nan,nan,nan,nan,nan,nan,nan,nan,nan,nan,nan,nan,nan,nan,nan,nan
159.8180570602417,-17.239999771118164,4.046999931335449,4.067999839782715,4.064000129699707,4.065000057220459,4.068999767303467,4.061999797821045,nan,nan,nan,nan,nan,nan,nan,nan,nan,nan,nan,nan,nan,nan,nan,nan,nan,nan,nan,nan,nan,nan,nan,nan
159.9969997406006,-17.25,4.046000003814697,4.066999912261963,4.064000129699707,4.065000057220459,4.067999839782715,4.061999797821045,nan,nan,nan,nan,nan,nan,nan,nan,nan,nan,nan,nan,nan,nan,nan,nan,nan,nan,nan,nan,nan,nan,nan,nan
160.1774730682373,0.009999999776482582,4.0879998207092285,4.111000061035156,4.107999801635742,4.110000133514404,4.067999839782715,4.061999797821045,0.0024333613496567296,0.002549255433010612,0.0025492278062922914,0.002607188661328393,nan,nan,0.002518013060922481,0.002604876455051838,0.0026048626416926776,0.0026338430692107286,nan,nan,0.0002318568923573296,0.00023186734238364435,0.00023186733983470708,0.00023187274820671112,nan,nan,0.0002318568923573296,0.00023186734238364435,0.00023186733983470708,0.00023187274820671112,nan,nan
160.3385031223297,0.0,4.0920000076293945,4.113999843597412,4.111000061035156,4.111999988555908,4.114999771118164,4.110000133514404,nan,nan,nan,nan,nan,nan,nan,nan,nan,nan,nan,nan,nan,nan,nan,nan,nan,nan,nan,nan,nan,nan,nan,nan
160.51710200309753,-0.009999999776482582,4.0929999351501465,4.114999771118164,4.111999988555908,4.11299991607666,4.116000175476074,4.111000061035156,nan,nan,nan,nan,nan,nan,nan,nan,nan,nan,nan,nan,nan,nan,nan,nan,nan,nan,nan,nan,nan,nan,nan,nan
160.67818474769592,0.0,4.09499979019165,4.117000102996826,4.11299991607666,4.113999843597412,4.117000102996826,4.111999988555908,nan,nan,nan,nan,nan,nan,nan,nan,nan,nan,nan,nan,nan,nan,nan,nan,nan,nan,nan,nan,nan,nan,nan,nan
160.85687065124512,0.0,4.09499979019165,4.117000102996826,4.113999843597412,4.114999771118164,4.118000030517578,4.113999843597412,nan,nan,nan,nan,nan,nan,nan,nan,nan,nan,nan,nan,nan,nan,nan,nan,nan,nan,nan,nan,nan,nan,nan,nan
161.03780126571655,0.0,4.0960001945495605,4.118000030517578,4.114999771118164,4.116000175476074,4.11899995803833,4.114999771118164,nan,nan,nan,nan,nan,nan,nan,nan,nan,nan,nan,nan,nan,nan,nan,nan,nan,nan,nan,nan,nan,nan,nan,nan
161.09902119636536,0.0,4.0960001945495605,4.118000030517578,4.114999771118164,4.116000175476074,4.11899995803833,4.114999771118164,nan,nan,nan,nan,nan,nan,nan,nan,nan,nan,nan,nan,nan,nan,nan,nan,nan,nan,nan,nan,nan,nan,nan,nan
166.1596007347107,0.009999999776482582,4.111000061035156,4.132999897003174,4.130000114440918,4.13100004196167,4.132999897003174,4.129000186920166,nan,nan,nan,nan,nan,nan,nan,nan,nan,nan,nan,nan,nan,nan,nan,nan,nan,nan,nan,nan,nan,nan,nan,nan
171.2196056842804,0.009999999776482582,4.117000102996826,4.138999938964844,4.136000156402588,4.13700008392334,4.139999866485596,4.136000156402588,nan,nan,nan,nan,nan,nan,nan,nan,nan,nan,nan,nan,nan,nan,nan,nan,nan,nan,nan,nan,nan,nan,nan,nan
175.35778403282166,-17.329999923706055,4.068999767303467,4.090000152587891,4.085999965667725,4.086999893188477,4.090000152587891,4.085000038146973,0.0027681854616593946,0.0028258239096411765,0.002883517356142025,0.002883517356142025,0.0028834898568824915,0.00294118330338334,0.0026014038611681185,0.0026785256065816176,0.0026977475465091265,0.002717067831521161,0.002771993666987778,0.0028297567426906175,0.00023081856644531466,0.00023082437370297617,0.00023083030619373558,0.00023083030619373558,0.0002308303033375232,0.000230836355510881,0.00023081856644531466,0.00023082437370297617,0.00023083030619373558,0.00023083030619373558,0.0002308303033375232,0.000230836355510881
175.51729559898376,-17.34000015258789,4.066999912261963,4.0879998207092285,4.085000038146973,4.085999965667725,4.089000225067139,4.083000183105469,nan,nan,nan,nan,nan,nan,nan,nan,nan,nan,nan,nan,nan,nan,nan,nan,nan,nan,nan,nan,nan,nan,nan,nan
175.69762444496155,-17.34000015258789,4.065999984741211,4.0879998207092285,4.084000110626221,4.085000038146973,4.0879998207092285,4.081999778747559,nan,nan,nan,nan,nan,nan,nan,nan,nan,nan,nan,nan,nan,nan,nan,nan,nan,nan,nan,nan,nan,nan,nan,nan
175.87916803359985,-17.31999969482422,4.065000057220459,4.085999965667725,4.083000183105469,4.083000183105469,4.086999893188477,4.080999851226807,nan,nan,nan,nan,nan,nan,nan,nan,nan,nan,nan,nan,nan,nan,nan,nan,nan,nan,nan,nan,nan,nan,nan,nan
176.0373637676239,-17.329999923706055,4.064000129699707,4.085000038146973,4.081999778747559,4.081999778747559,4.085999965667725,4.079999923706055,nan,nan,nan,nan,nan,nan,nan,nan,nan,nan,nan,nan,nan,nan,nan,nan,nan,nan,nan,nan,nan,nan,nan,nan
176.2177653312683,-17.31999969482422,4.063000202178955,4.084000110626221,4.080999851226807,4.080999851226807,4.085000038146973,4.078999996185303,nan,nan,nan,nan,nan,nan,nan,nan,nan,nan,nan,nan,nan,nan,nan,nan,nan,nan,nan,nan,nan,nan,nan,nan
176.37877941131592,-17.31999969482422,4.061999797821045,4.083000183105469,4.079999923706055,4.080999851226807,4.084000110626221,4.077000141143799,nan,nan,nan,nan,nan,nan,nan,nan,nan,nan,nan,nan,nan,nan,nan,nan,nan,nan,nan,nan,nan,nan,nan,nan
176.55923986434937,-17.31999969482422,4.060999870300293,4.081999778747559,4.078000068664551,4.078999996185303,4.083000183105469,4.077000141143799,nan,nan,nan,nan,nan,nan,nan,nan,nan,nan,nan,nan,nan,nan,nan,nan,nan,nan,nan,nan,nan,nan,nan,nan
176.73790454864502,-17.31999969482422,4.059999942779541,4.080999851226807,4.078000068664551,4.078000068664551,4.081999778747559,4.076000213623047,nan,nan,nan,nan,nan,nan,nan,nan,nan,nan,nan,nan,nan,nan,nan,nan,nan,nan,nan,nan,nan,nan,nan,nan
176.89776253700256,-17.309999465942383,4.059000015258789,4.079999923706055,4.077000141143799,4.077000141143799,4.080999851226807,4.073999881744385,nan,nan,nan,nan,nan,nan,nan,nan,nan,nan,nan,nan,nan,nan,nan,nan,nan,nan,nan,nan,nan,nan,nan,nan
177.07776141166687,-17.309999465942383,4.058000087738037,4.078999996185303,4.076000213623047,4.077000141143799,4.079999923706055,4.073999881744385,nan,nan,nan,nan,nan,nan,nan,nan,nan,nan,nan,nan,nan,nan,nan,nan,nan,nan,nan,nan,nan,nan,nan,nan
177.23787260055542,-17.290000915527344,4.057000160217285,4.078999996185303,4.074999809265137,4.076000213623047,4.078999996185303,4.072999954223633,nan,nan,nan,nan,nan,nan,nan,nan,nan,nan,nan,nan,nan,nan,nan,nan,nan,nan,nan,nan,nan,nan,nan,nan
177.41812014579773,-17.299999237060547,4.056000232696533,4.078000068664551,4.073999881744385,4.074999809265137,4.078000068664551,4.072000026702881,nan,nan,nan,nan,nan,nan,nan,nan,nan,nan,nan,nan,nan,nan,nan,nan,nan,nan,nan,nan,nan,nan,nan,nan
177.59859800338745,-17.290000915527344,4.056000232696533,4.077000141143799,4.072999954223633,4.073999881744385,4.077000141143799,4.071000099182129,nan,nan,nan,nan,nan,nan,nan,nan,nan,nan,nan,nan,nan,nan,nan,nan,nan,nan,nan,nan,nan,nan,nan,nan
177.7579367160797,-17.139999389648438,4.054999828338623,4.076000213623047,4.072999954223633,4.072999954223633,4.077000141143799,4.070000171661377,nan,nan,nan,nan,nan,nan,nan,nan,nan,nan,nan,nan,nan,nan,nan,nan,nan,nan,nan,nan,nan,nan,nan,nan
177.9387550354004,0.009999999776482582,4.099999904632568,4.122000217437744,4.11899995803833,4.119999885559082,4.122000217437744,4.118000030517578,0.002623911247582515,0.002682216061363939,0.002682216061363939,0.0027405208751453626,0.002623911247582515,0.0027988256889267867,0.0026960483546209545,0.002754019985502558,0.002782866708752982,0.002812019115643694,0.002753700552232503,0.0028700044961550634,0.00023336158009368705,0.00023336721425495967,0.00023336721425495967,0.00023337297209433027,0.00023336158009368705,0.00023337885360264477,0.00023336158009368705,0.00023336721425495967,0.00023336721425495967,0.00023337297209433027,0.00023336158009368705,0.00023337885360264477
178.11859369277954,0.0,4.10099983215332,4.123000144958496,4.119999885559082,4.120999813079834,4.123000144958496,4.11899995803833,nan,nan,nan,nan,nan,nan,nan,nan,nan,nan,nan,nan,nan,nan,nan,nan,nan,nan,nan,nan,nan,nan,nan,nan
178.2779576778412,0.0,4.1020002365112305,4.124000072479248,4.120999813079834,4.122000217437744,4.124000072479248,4.119999885559082,nan,nan,nan,nan,nan,nan,nan,nan,nan,nan,nan,nan,nan,nan,nan,nan,nan,nan,nan,nan,nan,nan,nan,nan
178.45686221122742,0.0,4.103000164031982,4.125,4.122000217437744,4.123000144958496,4.125,4.120999813079834,nan,nan,nan,nan,nan,nan,nan,nan,nan,nan,nan,nan,nan,nan,nan,nan,nan,nan,nan,nan,nan,nan,nan,nan
178.61819314956665,0.009999999776482582,4.103000164031982,4.125999927520752,4.122000217437744,4.123000144958496,4.125999927520752,4.122000217437744,nan,nan,nan,nan,nan,nan,nan,nan,nan,nan,nan,nan,nan,nan,nan,nan,nan,nan,nan,nan,nan,nan,nan,nan
178.79698252677917,0.009999999776482582,4.104000091552734,4.125999927520752,4.123000144958496,4.124000072479248,4.126999855041504,4.123000144958496,nan,nan,nan,nan,nan,nan,nan,nan,nan,nan,nan,nan,nan,nan,nan,nan,nan,nan,nan,nan,nan,nan,nan,nan
178.97741174697876,-0.009999999776482582,4.104000091552734,4.126999855041504,4.123000144958496,4.125,4.126999855041504,4.123000144958496,nan,nan,nan,nan,nan,nan,nan,nan,nan,nan,nan,nan,nan,nan,nan,nan,nan,nan,nan,nan,nan,nan,nan,nan
179.13679790496826,0.0,4.105000019073486,4.126999855041504,4.124000072479248,4.125,4.127999782562256,4.124000072479248,nan,nan,nan,nan,nan,nan,nan,nan,nan,nan,nan,nan,nan,nan,nan,nan,nan,nan,nan,nan,nan,nan,nan,nan
179.31724381446838,0.0,4.105999946594238,4.127999782562256,4.125,4.125999927520752,4.127999782562256,4.124000072479248,nan,nan,nan,nan,nan,nan,nan,nan,nan,nan,nan,nan,nan,nan,nan,nan,nan,nan,nan,nan,nan,nan,nan,nan
179.49780225753784,-0.009999999776482582,4.105999946594238,4.127999782562256,4.125,4.125999927520752,4.129000186920166,4.125,nan,nan,nan,nan,nan,nan,nan,nan,nan,nan,nan,nan,nan,nan,nan,nan,nan,nan,nan,nan,nan,nan,nan,nan
179.6571319103241,0.0,4.10699987411499,4.129000186920166,4.125,4.125999927520752,4.129000186920166,4.125,nan,nan,nan,nan,nan,nan,nan,nan,nan,nan,nan,nan,nan,nan,nan,nan,nan,nan,nan,nan,nan,nan,nan,nan
179.83798575401306,0.009999999776482582,4.10699987411499,4.129000186920166,4.125999927520752,4.126999855041504,4.130000114440918,4.125999927520752,nan,nan,nan,nan,nan,nan,nan,nan,nan,nan,nan,nan,nan,nan,nan,nan,nan,nan,nan,nan,nan,nan,nan,nan
179.99753618240356,-17.299999237060547,4.063000202178955,4.084000110626221,4.084000110626221,4.083000183105469,4.085000038146973,4.078000068664551,0.002541864464234084,0.002599657901670015,0.002426332683201531,0.002541864464234084,0.002599657901670015,0.0027729555732188436,0.0025828878559082994,0.002640936981516977,0.002554274372282735,0.0026411926696897235,0.0026117845746262648,0.002785890631072815,0.00023119692391870546,0.00023120228557640024,0.00023118656668248116,0.00023119692391870546,0.00023120228557640024,0.00023121908468893684,0.00023119692391870546,0.00023120228557640024,0.00023118656668248116,0.00023119692391870546,0.00023120228557640024,0.00023121908468893684
180.17784571647644,-17.309999465942383,4.060999870300293,4.081999778747559,4.078000068664551,4.078999996185303,4.083000183105469,4.076000213623047,nan,nan,nan,nan,nan,nan,nan,nan,nan,nan,nan,nan,nan,nan,nan,nan,nan,nan,nan,nan,nan,nan,nan,nan
180.35956454277039,-17.309999465942383,4.059000015258789,4.080999851226807,4.077000141143799,4.078000068664551,4.080999851226807,4.074999809265137,nan,nan,nan,nan,nan,nan,nan,nan,nan,nan,nan,nan,nan,nan,nan,nan,nan,nan,nan,nan,nan,nan,nan,nan
180.5178246498108,-17.309999465942383,4.058000087738037,4.078999996185303,4.076000213623047,4.077000141143799,4.079999923706055,4.073999881744385,nan,nan,nan,nan,nan,nan,nan,nan,nan,nan,nan,nan,nan,nan,nan,nan,nan,nan,nan,nan,nan,nan,nan,nan
180.6997880935669,-17.31999969482422,4.057000160217285,4.078000068664551,4.074999809265137,4.076000213623047,4.078999996185303,4.072999954223633,nan,nan,nan,nan,nan,nan,nan,nan,nan,nan,nan,nan,nan,nan,nan,nan,nan,nan,nan,nan,nan,nan,nan,nan
180.87684607505798,-17.31999969482422,4.056000232696533,4.078000068664551,4.073999881744385,4.074999809265137,4.078000068664551,4.072000026702881,nan,nan,nan,nan,nan,nan,nan,nan,nan,nan,nan,nan,nan,nan,nan,nan,nan,nan,nan,nan,nan,nan,nan,nan
181.03830480575562,-17.309999465942383,4.054999828338623,4.076000213623047,4.072999954223633,4.072999954223633,4.077000141143799,4.071000099182129,nan,nan,nan,nan,nan,nan,nan,nan,nan,nan,nan,nan,nan,nan,nan,nan,nan,nan,nan,nan,nan,nan,nan,nan
181.21723127365112,-17.299999237060547,4.053999900817871,4.076000213623047,4.072000026702881,4.072999954223633,4.076000213623047,4.070000171661377,nan,nan,nan,nan,nan,nan,nan,nan,nan,nan,nan,nan,nan,nan,nan,nan,nan,nan,nan,nan,nan,nan,nan,nan
181.37822818756104,-17.290000915527344,4.053999900817871,4.074999809265137,4.071000099182129,4.072000026702881,4.074999809265137,4.068999767303467,nan,nan,nan,nan,nan,nan,nan,nan,nan,nan,nan,nan,nan,nan,nan,nan,nan,nan,nan,nan,nan,nan,nan,nan
181.55719113349915,-17.290000915527344,4.052999973297119,4.073999881744385,4.070000171661377,4.071000099182129,4.073999881744385,4.067999839782715,nan,nan,nan,nan,nan,nan,nan,nan,nan,nan,nan,nan,nan,nan,nan,nan,nan,nan,nan,nan,nan,nan,nan,nan
181.73935961723328,-17.299999237060547,4.052000045776367,4.072999954223633,4.068999767303467,4.070000171661377,4.073999881744385,4.066999912261963,nan,nan,nan,nan,nan,nan,nan,nan,nan,nan,nan,nan,nan,nan,nan,nan,nan,nan,nan,nan,nan,nan,nan,nan
181.89698696136475,-17.290000915527344,4.051000118255615,4.072000026702881,4.068999767303467,4.070000171661377,4.072999954223633,4.066999912261963,nan,nan,nan,nan,nan,nan,nan,nan,nan,nan,nan,nan,nan,nan,nan,nan,nan,nan,nan,nan,nan,nan,nan,nan
182.07748866081238,-17.290000915527344,4.051000118255615,4.071000099182129,4.067999839782715,4.068999767303467,4.072000026702881,4.065999984741211,nan,nan,nan,nan,nan,nan,nan,nan,nan,nan,nan,nan,nan,nan,nan,nan,nan,nan,nan,nan,nan,nan,nan,nan
182.23711133003235,-17.290000915527344,4.050000190734863,4.071000099182129,4.067999839782715,4.067999839782715,4.072000026702881,4.065000057220459,nan,nan,nan,nan,nan,nan,nan,nan,nan,nan,nan,nan,nan,nan,nan,nan,nan,nan,nan,nan,nan,nan,nan,nan
182.4174838066101,-17.270000457763672,4.048999786376953,4.070000171661377,4.066999912261963,4.066999912261963,4.071000099182129,4.064000129699707,nan,nan,nan,nan,nan,nan,nan,nan,nan,nan,nan,nan,nan,nan,nan,nan,nan,nan,nan,nan,nan,nan,nan,nan
182.59917569160461,-17.280000686645508,4.047999858856201,4.068999767303467,4.065999984741211,4.065999984741211,4.070000171661377,4.064000129699707,nan,nan,nan,nan,nan,nan,nan,nan,nan,nan,nan,nan,nan,nan,nan,nan,nan,nan,nan,nan,nan,nan,nan,nan
182.75710821151733,-0.009999999776482582,4.0920000076293945,4.113999843597412,4.111000061035156,4.104000091552734,4.114999771118164,4.110000133514404,0.002547779213850766,0.0026056788942782393,0.0026056788942782393,0.002200353520565649,0.002605651283557959,0.002663578574705712,0.002571184975222455,0.002629184285770731,0.002571409212947903,0.0024942462866483655,0.002609740144270163,0.0027451199456171144,0.0002317329368937809,0.00023173833333433797,0.00023173833333433797,0.00023170310022857282,0.0002317383307320596,0.00023174385090419608,0.0002317329368937809,0.00023173833333433797,0.00023173833333433797,0.00023170310022857282,0.0002317383307320596,0.00023174385090419608
182.9376609325409,-0.009999999776482582,4.093999862670898,4.116000175476074,4.111999988555908,4.113999843597412,4.116000175476074,4.111999988555908,nan,nan,nan,nan,nan,nan,nan,nan,nan,nan,nan,nan,nan,nan,nan,nan,nan,nan,nan,nan,nan,nan,nan,nan
183.11785984039307,0.0,4.09499979019165,4.117000102996826,4.113999843597412,4.114999771118164,4.117000102996826,4.11299991607666,nan,nan,nan,nan,nan,nan,nan,nan,nan,nan,nan,nan,nan,nan,nan,nan,nan,nan,nan,nan,nan,nan,nan,nan
183.2772901058197,0.009999999776482582,4.0960001945495605,4.118000030517578,4.113999843597412,4.114999771118164,4.118000030517578,4.113999843597412,nan,nan,nan,nan,nan,nan,nan,nan,nan,nan,nan,nan,nan,nan,nan,nan,nan,nan,nan,nan,nan,nan,nan,nan
183.45749855041504,0.0,4.0970001220703125,4.11899995803833,4.114999771118164,4.116000175476074,4.11899995803833,4.114999771118164,nan,nan,nan,nan,nan,nan,nan,nan,nan,nan,nan,nan,nan,nan,nan,nan,nan,nan,nan,nan,nan,nan,nan,nan
183.6173243522644,0.009999999776482582,4.0970001220703125,4.119999885559082,4.116000175476074,4.117000102996826,4.119999885559082,4.114999771118164,nan,nan,nan,nan,nan,nan,nan,nan,nan,nan,nan,nan,nan,nan,nan,nan,nan,nan,nan,nan,nan,nan,nan,nan
183.79963159561157,-0.009999999776482582,4.0980000495910645,4.119999885559082,4.117000102996826,4.118000030517578,4.119999885559082,4.116000175476074,nan,nan,nan,nan,nan,nan,nan,nan,nan,nan,nan,nan,nan,nan,nan,nan,nan,nan,nan,nan,nan,nan,nan,nan
183.97811484336853,-0.009999999776482582,4.0980000495910645,4.120999813079834,4.117000102996826,4.11899995803833,4.120999813079834,4.117000102996826,nan,nan,nan,nan,nan,nan,nan,nan,nan,nan,nan,nan,nan,nan,nan,nan,nan,nan,nan,nan,nan,nan,nan,nan
184.13866591453552,0.0,4.098999977111816,4.120999813079834,4.118000030517578,4.11899995803833,4.122000217437744,4.117000102996826,nan,nan,nan,nan,nan,nan,nan,nan,nan,nan,nan,nan,nan,nan,nan,nan,nan,nan,nan,nan,nan,nan,nan,nan
184.31761479377747,0.0,4.099999904632568,4.122000217437744,4.11899995803833,4.119999885559082,4.122000217437744,4.118000030517578,nan,nan,nan,nan,nan,nan,nan,nan,nan,nan,nan,nan,nan,nan,nan,nan,nan,nan,nan,nan,nan,nan,nan,nan
184.47883367538452,0.009999999776482582,4.099999904632568,4.122000217437744,4.11899995803833,4.119999885559082,4.123000144958496,4.11899995803833,nan,nan,nan,nan,nan,nan,nan,nan,nan,nan,nan,nan,nan,nan,nan,nan,nan,nan,nan,nan,nan,nan,nan,nan
184.65735507011414,-17.290000915527344,4.056000232696533,4.078000068664551,4.073999881744385,4.073999881744385,4.078999996185303,4.072000026702881,0.0025433335033590906,0.002543361066199147,0.0026011603417973005,0.002658959617395454,0.002543361066199147,0.0027167588929936076,0.0025443257271479803,0.0025828992873824673,0.0025443906397590236,0.002467059200731729,0.00258289008380904,0.002717764346972721,0.0002313306761943181,0.00023133067872562125,0.00023133604715029434,0.00023134153607586724,0.00023133067872562125,0.000231347145493763,0.0002313306761943181,0.00023133067872562125,0.00023133604715029434,0.00023134153607586724,0.00023133067872562125,0.000231347145493763
184.83808779716492,-17.290000915527344,4.054999828338623,4.076000213623047,4.072000026702881,4.072999954223633,4.077000141143799,4.070000171661377,nan,nan,nan,nan,nan,nan,nan,nan,nan,nan,nan,nan,nan,nan,nan,nan,nan,nan,nan,nan,nan,nan,nan,nan
184.99735474586487,-17.290000915527344,4.052999973297119,4.074999809265137,4.071000099182129,4.072000026702881,4.074999809265137,4.068999767303467,nan,nan,nan,nan,nan,nan,nan,nan,nan,nan,nan,nan,nan,nan,nan,nan,nan,nan,nan,nan,nan,nan,nan,nan
185.17806959152222,-17.290000915527344,4.052000045776367,4.073999881744385,4.070000171661377,4.071000099182129,4.073999881744385,4.067999839782715,nan,nan,nan,nan,nan,nan,nan,nan,nan,nan,nan,nan,nan,nan,nan,nan,nan,nan,nan,nan,nan,nan,nan,nan
185.35751295089722,-17.280000686645508,4.051000118255615,4.072000026702881,4.068999767303467,4.070000171661377,4.072999954223633,4.066999912261963,nan,nan,nan,nan,nan,nan,nan,nan,nan,nan,nan,nan,nan,nan,nan,nan,nan,nan,nan,nan,nan,nan,nan,nan
185.51830053329468,-17.290000915527344,4.050000190734863,4.072000026702881,4.067999839782715,4.068999767303467,4.072000026702881,4.065999984741211,nan,nan,nan,nan,nan,nan,nan,nan,nan,nan,nan,nan,nan,nan,nan,nan,nan,nan,nan,nan,nan,nan,nan,nan
185.69853234291077,-17.290000915527344,4.050000190734863,4.071000099182129,4.066999912261963,4.067999839782715,4.072000026702881,4.065000057220459,nan,nan,nan,nan,nan,nan,nan,nan,nan,nan,nan,nan,nan,nan,nan,nan,nan,nan,nan,nan,nan,nan,nan,nan
185.85849142074585,-17.280000686645508,4.048999786376953,4.070000171661377,4.066999912261963,4.066999912261963,4.071000099182129,4.064000129699707,nan,nan,nan,nan,nan,nan,nan,nan,nan,nan,nan,nan,nan,nan,nan,nan,nan,nan,nan,nan,nan,nan,nan,nan
186.03710508346558,-17.270000457763672,4.047999858856201,4.068999767303467,4.065999984741211,4.065999984741211,4.070000171661377,4.063000202178955,nan,nan,nan,nan,nan,nan,nan,nan,nan,nan,nan,nan,nan,nan,nan,nan,nan,nan,nan,nan,nan,nan,nan,nan
186.21776175498962,-17.270000457763672,4.046999931335449,4.067999839782715,4.065000057220459,4.065999984741211,4.068999767303467,4.063000202178955,nan,nan,nan,nan,nan,nan,nan,nan,nan,nan,nan,nan,nan,nan,nan,nan,nan,nan,nan,nan,nan,nan,nan,nan
186.3775098323822,-17.280000686645508,4.046000003814697,4.067999839782715,4.064000129699707,4.065000057220459,4.067999839782715,4.061999797821045,nan,nan,nan,nan,nan,nan,nan,nan,nan,nan,nan,nan,nan,nan,nan,nan,nan,nan,nan,nan,nan,nan,nan,nan
186.5577974319458,-17.260000228881836,4.046000003814697,4.066999912261963,4.063000202178955,4.064000129699707,4.067999839782715,4.060999870300293,nan,nan,nan,nan,nan,nan,nan,nan,nan,nan,nan,nan,nan,nan,nan,nan,nan,nan,nan,nan,nan,nan,nan,nan
186.73815321922302,-17.270000457763672,4.045000076293945,4.065999984741211,4.063000202178955,4.063000202178955,4.066999912261963,4.059999942779541,nan,nan,nan,nan,nan,nan,nan,nan,nan,nan,nan,nan,nan,nan,nan,nan,nan,nan,nan,nan,nan,nan,nan,nan
186.89765906333923,-17.270000457763672,4.044000148773193,4.065000057220459,4.061999797821045,4.063000202178955,4.065999984741211,4.059999942779541,nan,nan,nan,nan,nan,nan,nan,nan,nan,nan,nan,nan,nan,nan,nan,nan,nan,nan,nan,nan,nan,nan,nan,nan
187.07807207107544,-0.009999999776482582,4.089000225067139,4.111000061035156,4.107999801635742,4.109000205993652,4.111000061035156,4.10699987411499,0.0026071885921139246,0.0026651218188937205,0.0026651218188937205,0.0026651218188937205,0.0026071885921139246,0.0027230550456735165,0.0025661004364412603,0.002604720593123702,0.002623987018323087,0.0025081449856182744,0.00258540031395701,0.002701130837790945,0.00023187274204452703,0.0002318782692069053,0.0002318782692069053,0.0002318782692069053,0.00023187274204452703,0.00023188391770034877,0.00023187274204452703,0.0002318782692069053,0.0002318782692069053,0.0002318782692069053,0.00023187274204452703,0.00023188391770034877
187.237651348114,0.009999999776482582,4.090000152587891,4.111999988555908,4.109000205993652,4.110000133514404,4.11299991607666,4.109000205993652,nan,nan,nan,nan,nan,nan,nan,nan,nan,nan,nan,nan,nan,nan,nan,nan,nan,nan,nan,nan,nan,nan,nan,nan
187.41921615600586,0.0,4.0920000076293945,4.11299991607666,4.110000133514404,4.111000061035156,4.113999843597412,4.110000133514404,nan,nan,nan,nan,nan,nan,nan,nan,nan,nan,nan,nan,nan,nan,nan,nan,nan,nan,nan,nan,nan,nan,nan,nan
187.59813594818115,-0.009999999776482582,4.0920000076293945,4.113999843597412,4.111000061035156,4.111999988555908,4.114999771118164,4.110000133514404,nan,nan,nan,nan,nan,nan,nan,nan,nan,nan,nan,nan,nan,nan,nan,nan,nan,nan,nan,nan,nan,nan,nan,nan
187.75751304626465,0.0,4.0929999351501465,4.114999771118164,4.111999988555908,4.11299991607666,4.116000175476074,4.111000061035156,nan,nan,nan,nan,nan,nan,nan,nan,nan,nan,nan,nan,nan,nan,nan,nan,nan,nan,nan,nan,nan,nan,nan,nan
187.93808364868164,0.009999999776482582,4.093999862670898,4.116000175476074,4.11299991607666,4.113999843597412,4.116000175476074,4.111999988555908,nan,nan,nan,nan,nan,nan,nan,nan,nan,nan,nan,nan,nan,nan,nan,nan,nan,nan,nan,nan,nan,nan,nan,nan
188.0987355709076,0.0,4.09499979019165,4.116000175476074,4.11299991607666,4.113999843597412,4.117000102996826,4.11299991607666,nan,nan,nan,nan,nan,nan,nan,nan,nan,nan,nan,nan,nan,nan,nan,nan,nan,nan,nan,nan,nan,nan,nan,nan
188.23891282081604,-0.009999999776482582,4.09499979019165,4.117000102996826,4.113999843597412,4.114999771118164,4.117000102996826,4.11299991607666,nan,nan,nan,nan,nan,nan,nan,nan,nan,nan,nan,nan,nan,nan,nan,nan,nan,nan,nan,nan,nan,nan,nan,nan
193.2997055053711,0.009999999776482582,4.105999946594238,4.127999782562256,4.125,4.125999927520752,4.129000186920166,4.124000072479248,nan,nan,nan,nan,nan,nan,nan,nan,nan,nan,nan,nan,nan,nan,nan,nan,nan,nan,nan,nan,nan,nan,nan,nan
196.4182493686676,-17.31999969482422,4.054999828338623,4.077000141143799,4.072999954223633,4.072999954223633,4.077000141143799,4.071000099182129,0.0029428805051568883,0.0029428529900289825,0.003000579728375195,0.0030582789515935017,0.003000579728375195,0.0030582789515935017,0.0026978008668766345,0.0027171119583739496,0.002755620629688739,0.0027941201292942253,0.002717043128896089,0.0028326976300868754,0.00023096973895493918,0.00023096973603663908,0.00023097591856878214,0.00023098221799606558,0.00023097591856878214,0.00023098221799606558,0.00023096973895493918,0.00023096973603663908,0.00023097591856878214,0.00023098221799606558,0.00023097591856878214,0.00023098221799606558
196.5776915550232,-17.299999237060547,4.053999900817871,4.076000213623047,4.072000026702881,4.072999954223633,4.076000213623047,4.070000171661377,nan,nan,nan,nan,nan,nan,nan,nan,nan,nan,nan,nan,nan,nan,nan,nan,nan,nan,nan,nan,nan,nan,nan,nan
196.7579426765442,-17.299999237060547,4.052999973297119,4.073999881744385,4.071000099182129,4.071000099182129,4.074999809265137,4.068999767303467,nan,nan,nan,nan,nan,nan,nan,nan,nan,nan,nan,nan,nan,nan,nan,nan,nan,nan,nan,nan,nan,nan,nan,nan
196.9173879623413,-17.290000915527344,4.052000045776367,4.073999881744385,4.070000171661377,4.071000099182129,4.073999881744385,4.067999839782715,nan,nan,nan,nan,nan,nan,nan,nan,nan,nan,nan,nan,nan,nan,nan,nan,nan,nan,nan,nan,nan,nan,nan,nan
197.09961795806885,-17.299999237060547,4.051000118255615,4.072000026702881,4.068999767303467,4.070000171661377,4.072999954223633,4.066999912261963,nan,nan,nan,nan,nan,nan,nan,nan,nan,nan,nan,nan,nan,nan,nan,nan,nan,nan,nan,nan,nan,nan,nan,nan
197.278311252594,-17.290000915527344,4.050000190734863,4.071000099182129,4.067999839782715,4.068999767303467,4.072000026702881,4.065999984741211,nan,nan,nan,nan,nan,nan,nan,nan,nan,nan,nan,nan,nan,nan,nan,nan,nan,nan,nan,nan,nan,nan,nan,nan
197.43769216537476,-17.290000915527344,4.050000190734863,4.071000099182129,4.066999912261963,4.067999839782715,4.072000026702881,4.065000057220459,nan,nan,nan,nan,nan,nan,nan,nan,nan,nan,nan,nan,nan,nan,nan,nan,nan,nan,nan,nan,nan,nan,nan,nan
197.61832690238953,-17.290000915527344,4.048999786376953,4.070000171661377,4.065999984741211,4.066999912261963,4.071000099182129,4.064000129699707,nan,nan,nan,nan,nan,nan,nan,nan,nan,nan,nan,nan,nan,nan,nan,nan,nan,nan,nan,nan,nan,nan,nan,nan
197.79704666137695,-17.290000915527344,4.047999858856201,4.068999767303467,4.065999984741211,4.065999984741211,4.070000171661377,4.063000202178955,nan,nan,nan,nan,nan,nan,nan,nan,nan,nan,nan,nan,nan,nan,nan,nan,nan,nan,nan,nan,nan,nan,nan,nan
197.958158493042,-17.290000915527344,4.046999931335449,4.067999839782715,4.065000057220459,4.065999984741211,4.068999767303467,4.061999797821045,nan,nan,nan,nan,nan,nan,nan,nan,nan,nan,nan,nan,nan,nan,nan,nan,nan,nan,nan,nan,nan,nan,nan,nan
198.13756251335144,-17.290000915527344,4.046000003814697,4.067999839782715,4.064000129699707,4.065000057220459,4.067999839782715,4.061999797821045,nan,nan,nan,nan,nan,nan,nan,nan,nan,nan,nan,nan,nan,nan,nan,nan,nan,nan,nan,nan,nan,nan,nan,nan
198.29863595962524,-17.280000686645508,4.046000003814697,4.066999912261963,4.063000202178955,4.064000129699707,4.066999912261963,4.060999870300293,nan,nan,nan,nan,nan,nan,nan,nan,nan,nan,nan,nan,nan,nan,nan,nan,nan,nan,nan,nan,nan,nan,nan,nan
198.47755527496338,-17.280000686645508,4.045000076293945,4.065999984741211,4.061999797821045,4.063000202178955,4.066999912261963,4.059999942779541,nan,nan,nan,nan,nan,nan,nan,nan,nan,nan,nan,nan,nan,nan,nan,nan,nan,nan,nan,nan,nan,nan,nan,nan
198.6579601764679,-17.290000915527344,4.044000148773193,4.065999984741211,4.061999797821045,4.063000202178955,4.065999984741211,4.059999942779541,nan,nan,nan,nan,nan,nan,nan,nan,nan,nan,nan,nan,nan,nan,nan,nan,nan,nan,nan,nan,nan,nan,nan,nan
198.8190484046936,-17.280000686645508,4.044000148773193,4.065000057220459,4.060999870300293,4.061999797821045,4.065000057220459,4.059000015258789,nan,nan,nan,nan,nan,nan,nan,nan,nan,nan,nan,nan,nan,nan,nan,nan,nan,nan,nan,nan,nan,nan,nan,nan
198.99748396873474,-17.270000457763672,4.043000221252441,4.064000129699707,4.060999870300293,4.060999870300293,4.065000057220459,4.058000087738037,nan,nan,nan,nan,nan,nan,nan,nan,nan,nan,nan,nan,nan,nan,nan,nan,nan,nan,nan,nan,nan,nan,nan,nan
199.1776773929596,-17.270000457763672,4.041999816894531,4.063000202178955,4.059999942779541,4.060999870300293,4.064000129699707,4.057000160217285,nan,nan,nan,nan,nan,nan,nan,nan,nan,nan,nan,nan,nan,nan,nan,nan,nan,nan,nan,nan,nan,nan,nan,nan
199.33712601661682,-17.260000228881836,4.040999889373779,4.063000202178955,4.059000015258789,4.059999942779541,4.063000202178955,4.057000160217285,nan,nan,nan,nan,nan,nan,nan,nan,nan,nan,nan,nan,nan,nan,nan,nan,nan,nan,nan,nan,nan,nan,nan,nan
199.51764631271362,-17.270000457763672,4.040999889373779,4.061999797821045,4.059000015258789,4.059000015258789,4.063000202178955,4.056000232696533,nan,nan,nan,nan,nan,nan,nan,nan,nan,nan,nan,nan,nan,nan,nan,nan,nan,nan,nan,nan,nan,nan,nan,nan
199.677175283432,-17.260000228881836,4.039999961853027,4.060999870300293,4.058000087738037,4.059000015258789,4.061999797821045,4.056000232696533,nan,nan,nan,nan,nan,nan,nan,nan,nan,nan,nan,nan,nan,nan,nan,nan,nan,nan,nan,nan,nan,nan,nan,nan
199.857647895813,-17.270000457763672,4.039999961853027,4.060999870300293,4.058000087738037,4.058000087738037,4.061999797821045,4.054999828338623,nan,nan,nan,nan,nan,nan,nan,nan,nan,nan,nan,nan,nan,nan,nan,nan,nan,nan,nan,nan,nan,nan,nan,nan
200.0381088256836,-17.25,4.039000034332275,4.060999870300293,4.057000160217285,4.058000087738037,4.060999870300293,4.054999828338623,nan,nan,nan,nan,nan,nan,nan,nan,nan,nan,nan,nan,nan,nan,nan,nan,nan,nan,nan,nan,nan,nan,nan,nan
200.1972041130066,-17.239999771118164,4.039000034332275,4.059999942779541,4.056000232696533,4.057000160217285,4.059999942779541,4.053999900817871,nan,nan,nan,nan,nan,nan,nan,nan,nan,nan,nan,nan,nan,nan,nan,nan,nan,nan,nan,nan,nan,nan,nan,nan
200.3791844844818,-17.25,4.039000034332275,4.059999942779541,4.056000232696533,4.057000160217285,4.059999942779541,4.053999900817871,nan,nan,nan,nan,nan,nan,nan,nan,nan,nan,nan,nan,nan,nan,nan,nan,nan,nan,nan,nan,nan,nan,nan,nan
200.53702044487,-17.260000228881836,4.038000106811523,4.059000015258789,4.056000232696533,4.056000232696533,4.059000015258789,4.052999973297119,nan,nan,nan,nan,nan,nan,nan,nan,nan,nan,nan,nan,nan,nan,nan,nan,nan,nan,nan,nan,nan,nan,nan,nan
200.71762347221375,-17.260000228881836,4.0370001792907715,4.059000015258789,4.054999828338623,4.056000232696533,4.059000015258789,4.052000045776367,nan,nan,nan,nan,nan,nan,nan,nan,nan,nan,nan,nan,nan,nan,nan,nan,nan,nan,nan,nan,nan,nan,nan,nan
200.89780735969543,-17.239999771118164,4.0370001792907715,4.058000087738037,4.053999900817871,4.054999828338623,4.059000015258789,4.052000045776367,nan,nan,nan,nan,nan,nan,nan,nan,nan,nan,nan,nan,nan,nan,nan,nan,nan,nan,nan,nan,nan,nan,nan,nan
201.05738162994385,-17.229999542236328,4.035999774932861,4.057000160217285,4.053999900817871,4.054999828338623,4.058000087738037,4.051000118255615,nan,nan,nan,nan,nan,nan,nan,nan,nan,nan,nan,nan,nan,nan,nan,nan,nan,nan,nan,nan,nan,nan,nan,nan
201.23803234100342,-17.239999771118164,4.035999774932861,4.057000160217285,4.052999973297119,4.053999900817871,4.058000087738037,4.051000118255615,nan,nan,nan,nan,nan,nan,nan,nan,nan,nan,nan,nan,nan,nan,nan,nan,nan,nan,nan,nan,nan,nan,nan,nan
201.41851902008057,-17.239999771118164,4.034999847412109,4.056000232696533,4.052999973297119,4.053999900817871,4.057000160217285,4.050000190734863,nan,nan,nan,nan,nan,nan,nan,nan,nan,nan,nan,nan,nan,nan,nan,nan,nan,nan,nan,nan,nan,nan,nan,nan
201.57821130752563,-17.239999771118164,4.034999847412109,4.056000232696533,4.052000045776367,4.052999973297119,4.057000160217285,4.050000190734863,nan,nan,nan,nan,nan,nan,nan,nan,nan,nan,nan,nan,nan,nan,nan,nan,nan,nan,nan,nan,nan,nan,nan,nan
201.75711035728455,-17.260000228881836,4.034999847412109,4.056000232696533,4.052000045776367,4.052999973297119,4.056000232696533,4.048999786376953,nan,nan,nan,nan,nan,nan,nan,nan,nan,nan,nan,nan,nan,nan,nan,nan,nan,nan,nan,nan,nan,nan,nan,nan
201.9181866645813,-17.25,4.033999919891357,4.054999828338623,4.052000045776367,4.052000045776367,4.056000232696533,4.048999786376953,nan,nan,nan,nan,nan,nan,nan,nan,nan,nan,nan,nan,nan,nan,nan,nan,nan,nan,nan,nan,nan,nan,nan,nan
202.0970287322998,-17.239999771118164,4.0329999923706055,4.054999828338623,4.051000118255615,4.052000045776367,4.054999828338623,4.047999858856201,nan,nan,nan,nan,nan,nan,nan,nan,nan,nan,nan,nan,nan,nan,nan,nan,nan,nan,nan,nan,nan,nan,nan,nan
202.2775206565857,-17.229999542236328,4.0329999923706055,4.053999900817871,4.051000118255615,4.051000118255615,4.054999828338623,4.047999858856201,nan,nan,nan,nan,nan,nan,nan,nan,nan,nan,nan,nan,nan,nan,nan,nan,nan,nan,nan,nan,nan,nan,nan,nan
202.43734908103943,-17.239999771118164,4.0329999923706055,4.053999900817871,4.050000190734863,4.051000118255615,4.054999828338623,4.046999931335449,nan,nan,nan,nan,nan,nan,nan,nan,nan,nan,nan,nan,nan,nan,nan,nan,nan,nan,nan,nan,nan,nan,nan,nan
202.61774849891663,-17.229999542236328,4.0320000648498535,4.052999973297119,4.050000190734863,4.051000118255615,4.053999900817871,4.046999931335449,nan,nan,nan,nan,nan,nan,nan,nan,nan,nan,nan,nan,nan,nan,nan,nan,nan,nan,nan,nan,nan,nan,nan,nan
202.79907536506653,0.0,4.074999809265137,4.0970001220703125,4.093999862670898,4.09499979019165,4.098999977111816,4.0920000076293945,0.0024956323597036005,0.002553694134775494,0.0025536664599542015,0.0025536664599542015,0.002611728235026095,0.002611728235026095,0.0026819004856581375,0.0027205563145660653,0.002739789335741039,0.0027590224101471414,0.0027398321851717384,0.002797687410764371,0.0002322661601603604,0.0002322714747817961,0.00023227147221952578,0.00023227147221952578,0.00023227690888169528,0.00023227690888169528,0.0002322661601603604,0.0002322714747817961,0.00023227147221952578,0.00023227147221952578,0.00023227690888169528,0.00023227690888169528
202.95736575126648,0.0,4.077000141143799,4.098999977111816,4.0960001945495605,4.0970001220703125,4.099999904632568,4.09499979019165,nan,nan,nan,nan,nan,nan,nan,nan,nan,nan,nan,nan,nan,nan,nan,nan,nan,nan,nan,nan,nan,nan,nan,nan
203.13782215118408,0.009999999776482582,4.078999996185303,4.10099983215332,4.0970001220703125,4.0980000495910645,4.10099983215332,4.0960001945495605,nan,nan,nan,nan,nan,nan,nan,nan,nan,nan,nan,nan,nan,nan,nan,nan,nan,nan,nan,nan,nan,nan,nan,nan
203.29836511611938,-0.009999999776482582,4.079999923706055,4.1020002365112305,4.0980000495910645,4.098999977111816,4.1020002365112305,4.0970001220703125,nan,nan,nan,nan,nan,nan,nan,nan,nan,nan,nan,nan,nan,nan,nan,nan,nan,nan,nan,nan,nan,nan,nan,nan
203.47739481925964,-0.009999999776482582,4.080999851226807,4.103000164031982,4.098999977111816,4.099999904632568,4.103000164031982,4.098999977111816,nan,nan,nan,nan,nan,nan,nan,nan,nan,nan,nan,nan,nan,nan,nan,nan,nan,nan,nan,nan,nan,nan,nan,nan
203.65773725509644,0.009999999776482582,4.081999778747559,4.104000091552734,4.099999904632568,4.10099983215332,4.104000091552734,4.098999977111816,nan,nan,nan,nan,nan,nan,nan,nan,nan,nan,nan,nan,nan,nan,nan,nan,nan,nan,nan,nan,nan,nan,nan,nan
203.81744027137756,0.009999999776482582,4.083000183105469,4.105000019073486,4.10099983215332,4.1020002365112305,4.105000019073486,4.099999904632568,nan,nan,nan,nan,nan,nan,nan,nan,nan,nan,nan,nan,nan,nan,nan,nan,nan,nan,nan,nan,nan,nan,nan,nan
203.99774074554443,-0.009999999776482582,4.083000183105469,4.105000019073486,4.1020002365112305,4.103000164031982,4.105999946594238,4.10099983215332,nan,nan,nan,nan,nan,nan,nan,nan,nan,nan,nan,nan,nan,nan,nan,nan,nan,nan,nan,nan,nan,nan,nan,nan
204.15866780281067,0.0,4.084000110626221,4.105999946594238,4.103000164031982,4.104000091552734,4.10699987411499,4.1020002365112305,nan,nan,nan,nan,nan,nan,nan,nan,nan,nan,nan,nan,nan,nan,nan,nan,nan,nan,nan,nan,nan,nan,nan,nan
204.33744192123413,0.0,4.085000038146973,4.10699987411499,4.103000164031982,4.105000019073486,4.107999801635742,4.103000164031982,nan,nan,nan,nan,nan,nan,nan,nan,nan,nan,nan,nan,nan,nan,nan,nan,nan,nan,nan,nan,nan,nan,nan,nan
204.5177412033081,0.009999999776482582,4.085000038146973,4.107999801635742,4.104000091552734,4.105000019073486,4.107999801635742,4.104000091552734,nan,nan,nan,nan,nan,nan,nan,nan,nan,nan,nan,nan,nan,nan,nan,nan,nan,nan,nan,nan,nan,nan,nan,nan
204.67736053466797,0.009999999776482582,4.085999965667725,4.107999801635742,4.105000019073486,4.105999946594238,4.109000205993652,4.104000091552734,nan,nan,nan,nan,nan,nan,nan,nan,nan,nan,nan,nan,nan,nan,nan,nan,nan,nan,nan,nan,nan,nan,nan,nan
204.8595519065857,-0.009999999776482582,4.086999893188477,4.109000205993652,4.105000019073486,4.10699987411499,4.109000205993652,4.105000019073486,nan,nan,nan,nan,nan,nan,nan,nan,nan,nan,nan,nan,nan,nan,nan,nan,nan,nan,nan,nan,nan,nan,nan,nan
205.0384979248047,-0.009999999776482582,4.086999893188477,4.110000133514404,4.105999946594238,4.107999801635742,4.110000133514404,4.105999946594238,nan,nan,nan,nan,nan,nan,nan,nan,nan,nan,nan,nan,nan,nan,nan,nan,nan,nan,nan,nan,nan,nan,nan,nan
205.19756054878235,0.0,4.0879998207092285,4.110000133514404,4.10699987411499,4.107999801635742,4.111000061035156,4.105999946594238,nan,nan,nan,nan,nan,nan,nan,nan,nan,nan,nan,nan,nan,nan,nan,nan,nan,nan,nan,nan,nan,nan,nan,nan
205.37818026542664,0.0,4.0879998207092285,4.111000061035156,4.10699987411499,4.107999801635742,4.111000061035156,4.105999946594238,nan,nan,nan,nan,nan,nan,nan,nan,nan,nan,nan,nan,nan,nan,nan,nan,nan,nan,nan,nan,nan,nan,nan,nan
205.53788685798645,-0.009999999776482582,4.089000225067139,4.111000061035156,4.107999801635742,4.109000205993652,4.111999988555908,4.10699987411499,nan,nan,nan,nan,nan,nan,nan,nan,nan,nan,nan,nan,nan,nan,nan,nan,nan,nan,nan,nan,nan,nan,nan,nan
205.7183074951172,0.0,4.090000152587891,4.111999988555908,4.107999801635742,4.110000133514404,4.111999988555908,4.107999801635742,nan,nan,nan,nan,nan,nan,nan,nan,nan,nan,nan,nan,nan,nan,nan,nan,nan,nan,nan,nan,nan,nan,nan,nan
205.89722609519958,0.009999999776482582,4.090000152587891,4.111999988555908,4.109000205993652,4.110000133514404,4.11299991607666,4.107999801635742,nan,nan,nan,nan,nan,nan,nan,nan,nan,nan,nan,nan,nan,nan,nan,nan,nan,nan,nan,nan,nan,nan,nan,nan
206.05837726593018,0.0,4.091000080108643,4.11299991607666,4.109000205993652,4.110000133514404,4.11299991607666,4.109000205993652,nan,nan,nan,nan,nan,nan,nan,nan,nan,nan,nan,nan,nan,nan,nan,nan,nan,nan,nan,nan,nan,nan,nan,nan
206.2370467185974,0.009999999776482582,4.091000080108643,4.11299991607666,4.110000133514404,4.111000061035156,4.113999843597412,4.109000205993652,nan,nan,nan,nan,nan,nan,nan,nan,nan,nan,nan,nan,nan,nan,nan,nan,nan,nan,nan,nan,nan,nan,nan,nan
206.29899525642395,0.0,4.091000080108643,4.11299991607666,4.110000133514404,4.111000061035156,4.113999843597412,4.109000205993652,nan,nan,nan,nan,nan,nan,nan,nan,nan,nan,nan,nan,nan,nan,nan,nan,nan,nan,nan,nan,nan,nan,nan,nan
207.41847372055054,-17.260000228881836,4.043000221252441,4.065000057220459,4.060999870300293,4.061999797821045,4.065000057220459,4.058000087738037,0.0027809883093675236,0.0027809883093675236,0.002838949163634266,0.002838949163634266,0.0028389215369163125,0.002954815618731843,0.0027398337247426705,0.002759178478057333,0.0027977317839878875,0.0028169648583939895,0.0028170765001058677,0.0028749409351171464,0.0002318896905977576,0.0002318896905977576,0.00023189558456502787,0.00023189558456502787,0.0002318955817267773,0.00023190773084102352,0.0002318896905977576,0.0002318896905977576,0.00023189558456502787,0.00023189558456502787,0.0002318955817267773,0.00023190773084102352
207.577965259552,-17.280000686645508,4.041999816894531,4.064000129699707,4.059999942779541,4.060999870300293,4.064000129699707,4.057000160217285,nan,nan,nan,nan,nan,nan,nan,nan,nan,nan,nan,nan,nan,nan,nan,nan,nan,nan,nan,nan,nan,nan,nan,nan
207.75850796699524,-17.260000228881836,4.041999816894531,4.061999797821045,4.059000015258789,4.059000015258789,4.063000202178955,4.056000232696533,nan,nan,nan,nan,nan,nan,nan,nan,nan,nan,nan,nan,nan,nan,nan,nan,nan,nan,nan,nan,nan,nan,nan,nan
207.93710374832153,-17.260000228881836,4.040999889373779,4.061999797821045,4.058000087738037,4.059000015258789,4.061999797821045,4.054999828338623,nan,nan,nan,nan,nan,nan,nan,nan,nan,nan,nan,nan,nan,nan,nan,nan,nan,nan,nan,nan,nan,nan,nan,nan
208.09826183319092,-17.25,4.039000034332275,4.060999870300293,4.057000160217285,4.058000087738037,4.061999797821045,4.054999828338623,nan,nan,nan,nan,nan,nan,nan,nan,nan,nan,nan,nan,nan,nan,nan,nan,nan,nan,nan,nan,nan,nan,nan,nan
208.27718877792358,-17.25,4.039000034332275,4.059999942779541,4.056000232696533,4.057000160217285,4.060999870300293,4.053999900817871,nan,nan,nan,nan,nan,nan,nan,nan,nan,nan,nan,nan,nan,nan,nan,nan,nan,nan,nan,nan,nan,nan,nan,nan
208.45733523368835,-17.260000228881836,4.038000106811523,4.059000015258789,4.054999828338623,4.056000232696533,4.059999942779541,4.052999973297119,nan,nan,nan,nan,nan,nan,nan,nan,nan,nan,nan,nan,nan,nan,nan,nan,nan,nan,nan,nan,nan,nan,nan,nan
208.61860418319702,-17.260000228881836,4.0370001792907715,4.059000015258789,4.054999828338623,4.056000232696533,4.059000015258789,4.052000045776367,nan,nan,nan,nan,nan,nan,nan,nan,nan,nan,nan,nan,nan,nan,nan,nan,nan,nan,nan,nan,nan,nan,nan,nan
208.7975308895111,-17.25,4.0370001792907715,4.058000087738037,4.053999900817871,4.054999828338623,4.059000015258789,4.052000045776367,nan,nan,nan,nan,nan,nan,nan,nan,nan,nan,nan,nan,nan,nan,nan,nan,nan,nan,nan,nan,nan,nan,nan,nan
208.95850491523743,-17.25,4.035999774932861,4.057000160217285,4.053999900817871,4.053999900817871,4.058000087738037,4.051000118255615,nan,nan,nan,nan,nan,nan,nan,nan,nan,nan,nan,nan,nan,nan,nan,nan,nan,nan,nan,nan,nan,nan,nan,nan
209.13733983039856,-17.260000228881836,4.034999847412109,4.056000232696533,4.052999973297119,4.053999900817871,4.057000160217285,4.050000190734863,nan,nan,nan,nan,nan,nan,nan,nan,nan,nan,nan,nan,nan,nan,nan,nan,nan,nan,nan,nan,nan,nan,nan,nan
209.31761860847473,-17.229999542236328,4.034999847412109,4.056000232696533,4.052000045776367,4.052999973297119,4.057000160217285,4.050000190734863,nan,nan,nan,nan,nan,nan,nan,nan,nan,nan,nan,nan,nan,nan,nan,nan,nan,nan,nan,nan,nan,nan,nan,nan
209.47719264030457,-17.25,4.033999919891357,4.054999828338623,4.052000045776367,4.052000045776367,4.056000232696533,4.048999786376953,nan,nan,nan,nan,nan,nan,nan,nan,nan,nan,nan,nan,nan,nan,nan,nan,nan,nan,nan,nan,nan,nan,nan,nan
209.6593108177185,-17.239999771118164,4.0329999923706055,4.054999828338623,4.051000118255615,4.052000045776367,4.054999828338623,4.048999786376953,nan,nan,nan,nan,nan,nan,nan,nan,nan,nan,nan,nan,nan,nan,nan,nan,nan,nan,nan,nan,nan,nan,nan,nan
209.81731390953064,-17.239999771118164,4.0329999923706055,4.053999900817871,4.051000118255615,4.051000118255615,4.054999828338623,4.047999858856201,nan,nan,nan,nan,nan,nan,nan,nan,nan,nan,nan,nan,nan,nan,nan,nan,nan,nan,nan,nan,nan,nan,nan,nan
209.99908542633057,-17.229999542236328,4.0320000648498535,4.053999900817871,4.050000190734863,4.050000190734863,4.053999900817871,4.046999931335449,nan,nan,nan,nan,nan,nan,nan,nan,nan,nan,nan,nan,nan,nan,nan,nan,nan,nan,nan,nan,nan,nan,nan,nan
210.17774844169617,-17.229999542236328,4.0320000648498535,4.052999973297119,4.048999786376953,4.050000190734863,4.053999900817871,4.046999931335449,nan,nan,nan,nan,nan,nan,nan,nan,nan,nan,nan,nan,nan,nan,nan,nan,nan,nan,nan,nan,nan,nan,nan,nan
210.33765506744385,-17.229999542236328,4.0320000648498535,4.052000045776367,4.048999786376953,4.050000190734863,4.052999973297119,4.046000003814697,nan,nan,nan,nan,nan,nan,nan,nan,nan,nan,nan,nan,nan,nan,nan,nan,nan,nan,nan,nan,nan,nan,nan,nan
210.51817440986633,-17.239999771118164,4.031000137329102,4.052000045776367,4.047999858856201,4.048999786376953,4.052000045776367,4.046000003814697,nan,nan,nan,nan,nan,nan,nan,nan,nan,nan,nan,nan,nan,nan,nan,nan,nan,nan,nan,nan,nan,nan,nan,nan
210.70041131973267,-17.229999542236328,4.03000020980835,4.051000118255615,4.047999858856201,4.048999786376953,4.052000045776367,4.045000076293945,nan,nan,nan,nan,nan,nan,nan,nan,nan,nan,nan,nan,nan,nan,nan,nan,nan,nan,nan,nan,nan,nan,nan,nan
210.85807704925537,0.0,4.072999954223633,4.09499979019165,4.0920000076293945,4.0929999351501465,4.093999862670898,4.090000152587891,0.0024956323597036005,0.0025536664599542015,0.002553694134775494,0.002553694134775494,0.0024375982594529995,0.002611728235026095,0.002590751009591575,0.002629449634699073,0.0026487699194546535,0.0026487699194546535,0.002629416010465136,0.002726090696261344,0.0002322661601603604,0.00023227147221952578,0.0002322714747817961,0.0002322714747817961,0.00023226097009213052,0.00023227690888169528,0.0002322661601603604,0.00023227147221952578,0.0002322714747817961,0.0002322714747817961,0.00023226097009213052,0.00023227690888169528
211.03696465492249,-0.009999999776482582,4.074999809265137,4.0970001220703125,4.093999862670898,4.09499979019165,4.0970001220703125,4.0929999351501465,nan,nan,nan,nan,nan,nan,nan,nan,nan,nan,nan,nan,nan,nan,nan,nan,nan,nan,nan,nan,nan,nan,nan,nan
211.19768285751343,0.0,4.076000213623047,4.0980000495910645,4.09499979019165,4.0960001945495605,4.098999977111816,4.093999862670898,nan,nan,nan,nan,nan,nan,nan,nan,nan,nan,nan,nan,nan,nan,nan,nan,nan,nan,nan,nan,nan,nan,nan,nan
211.37816333770752,-0.009999999776482582,4.078000068664551,4.098999977111816,4.0960001945495605,4.0970001220703125,4.099999904632568,4.09499979019165,nan,nan,nan,nan,nan,nan,nan,nan,nan,nan,nan,nan,nan,nan,nan,nan,nan,nan,nan,nan,nan,nan,nan,nan
211.55823969841003,-0.009999999776482582,4.078000068664551,4.099999904632568,4.0970001220703125,4.0980000495910645,4.10099983215332,4.0960001945495605,nan,nan,nan,nan,nan,nan,nan,nan,nan,nan,nan,nan,nan,nan,nan,nan,nan,nan,nan,nan,nan,nan,nan,nan
211.71824288368225,-0.009999999776482582,4.078999996185303,4.10099983215332,4.0980000495910645,4.098999977111816,4.1020002365112305,4.0970001220703125,nan,nan,nan,nan,nan,nan,nan,nan,nan,nan,nan,nan,nan,nan,nan,nan,nan,nan,nan,nan,nan,nan,nan,nan
211.8983645439148,-0.009999999776482582,4.079999923706055,4.1020002365112305,4.0980000495910645,4.099999904632568,4.103000164031982,4.0980000495910645,nan,nan,nan,nan,nan,nan,nan,nan,nan,nan,nan,nan,nan,nan,nan,nan,nan,nan,nan,nan,nan,nan,nan,nan
212.07700562477112,-0.009999999776482582,4.080999851226807,4.103000164031982,4.098999977111816,4.099999904632568,4.103000164031982,4.098999977111816,nan,nan,nan,nan,nan,nan,nan,nan,nan,nan,nan,nan,nan,nan,nan,nan,nan,nan,nan,nan,nan,nan,nan,nan
212.2378900051117,0.0,4.080999851226807,4.103000164031982,4.099999904632568,4.10099983215332,4.104000091552734,4.098999977111816,nan,nan,nan,nan,nan,nan,nan,nan,nan,nan,nan,nan,nan,nan,nan,nan,nan,nan,nan,nan,nan,nan,nan,nan
212.41706347465515,0.009999999776482582,4.081999778747559,4.104000091552734,4.10099983215332,4.1020002365112305,4.105000019073486,4.099999904632568,nan,nan,nan,nan,nan,nan,nan,nan,nan,nan,nan,nan,nan,nan,nan,nan,nan,nan,nan,nan,nan,nan,nan,nan
212.57821440696716,-0.009999999776482582,4.083000183105469,4.105000019073486,4.1020002365112305,4.1020002365112305,4.105999946594238,4.099999904632568,nan,nan,nan,nan,nan,nan,nan,nan,nan,nan,nan,nan,nan,nan,nan,nan,nan,nan,nan,nan,nan,nan,nan,nan
212.76016283035278,-0.009999999776482582,4.084000110626221,4.105999946594238,4.1020002365112305,4.103000164031982,4.105999946594238,4.10099983215332,nan,nan,nan,nan,nan,nan,nan,nan,nan,nan,nan,nan,nan,nan,nan,nan,nan,nan,nan,nan,nan,nan,nan,nan
212.93725609779358,0.009999999776482582,4.084000110626221,4.105999946594238,4.103000164031982,4.104000091552734,4.105999946594238,4.1020002365112305,nan,nan,nan,nan,nan,nan,nan,nan,nan,nan,nan,nan,nan,nan,nan,nan,nan,nan,nan,nan,nan,nan,nan,nan
213.0968999862671,0.0,4.085000038146973,4.10699987411499,4.103000164031982,4.104000091552734,4.10699987411499,4.1020002365112305,nan,nan,nan,nan,nan,nan,nan,nan,nan,nan,nan,nan,nan,nan,nan,nan,nan,nan,nan,nan,nan,nan,nan,nan
213.27783489227295,0.009999999776482582,4.085000038146973,4.10699987411499,4.104000091552734,4.105000019073486,4.107999801635742,4.103000164031982,nan,nan,nan,nan,nan,nan,nan,nan,nan,nan,nan,nan,nan,nan,nan,nan,nan,nan,nan,nan,nan,nan,nan,nan
213.43837451934814,0.009999999776482582,4.085999965667725,4.107999801635742,4.104000091552734,4.105000019073486,4.107999801635742,4.103000164031982,nan,nan,nan,nan,nan,nan,nan,nan,nan,nan,nan,nan,nan,nan,nan,nan,nan,nan,nan,nan,nan,nan,nan,nan
213.6168336868286,0.0,4.085999965667725,4.107999801635742,4.105000019073486,4.105999946594238,4.109000205993652,4.104000091552734,nan,nan,nan,nan,nan,nan,nan,nan,nan,nan,nan,nan,nan,nan,nan,nan,nan,nan,nan,nan,nan,nan,nan,nan
213.7987151145935,0.0,4.086999893188477,4.109000205993652,4.105000019073486,4.10699987411499,4.109000205993652,4.105000019073486,nan,nan,nan,nan,nan,nan,nan,nan,nan,nan,nan,nan,nan,nan,nan,nan,nan,nan,nan,nan,nan,nan,nan,nan
213.95830464363098,0.0,4.086999893188477,4.109000205993652,4.105999946594238,4.10699987411499,4.110000133514404,4.105000019073486,nan,nan,nan,nan,nan,nan,nan,nan,nan,nan,nan,nan,nan,nan,nan,nan,nan,nan,nan,nan,nan,nan,nan,nan
214.13733744621277,0.0,4.0879998207092285,4.110000133514404,4.105999946594238,4.10699987411499,4.110000133514404,4.105000019073486,nan,nan,nan,nan,nan,nan,nan,nan,nan,nan,nan,nan,nan,nan,nan,nan,nan,nan,nan,nan,nan,nan,nan,nan
214.31878781318665,-0.009999999776482582,4.0879998207092285,4.110000133514404,4.10699987411499,4.107999801635742,4.111000061035156,4.105999946594238,nan,nan,nan,nan,nan,nan,nan,nan,nan,nan,nan,nan,nan,nan,nan,nan,nan,nan,nan,nan,nan,nan,nan,nan
214.47847843170166,0.0,4.089000225067139,4.110000133514404,4.10699987411499,4.107999801635742,4.111000061035156,4.105999946594238,nan,nan,nan,nan,nan,nan,nan,nan,nan,nan,nan,nan,nan,nan,nan,nan,nan,nan,nan,nan,nan,nan,nan,nan
214.65775179862976,0.009999999776482582,4.089000225067139,4.111000061035156,4.107999801635742,4.109000205993652,4.111000061035156,4.10699987411499,nan,nan,nan,nan,nan,nan,nan,nan,nan,nan,nan,nan,nan,nan,nan,nan,nan,nan,nan,nan,nan,nan,nan,nan
214.81836891174316,-0.009999999776482582,4.089000225067139,4.111000061035156,4.107999801635742,4.109000205993652,4.111999988555908,4.10699987411499,nan,nan,nan,nan,nan,nan,nan,nan,nan,nan,nan,nan,nan,nan,nan,nan,nan,nan,nan,nan,nan,nan,nan,nan
214.9969925880432,0.0,4.090000152587891,4.111999988555908,4.107999801635742,4.109000205993652,4.111999988555908,4.107999801635742,nan,nan,nan,nan,nan,nan,nan,nan,nan,nan,nan,nan,nan,nan,nan,nan,nan,nan,nan,nan,nan,nan,nan,nan
215.17744493484497,-0.009999999776482582,4.090000152587891,4.111999988555908,4.109000205993652,4.110000133514404,4.11299991607666,4.107999801635742,nan,nan,nan,nan,nan,nan,nan,nan,nan,nan,nan,nan,nan,nan,nan,nan,nan,nan,nan,nan,nan,nan,nan,nan
215.33864092826843,0.009999999776482582,4.090000152587891,4.111999988555908,4.109000205993652,4.110000133514404,4.11299991607666,4.109000205993652,nan,nan,nan,nan,nan,nan,nan,nan,nan,nan,nan,nan,nan,nan,nan,nan,nan,nan,nan,nan,nan,nan,nan,nan
215.5177812576294,0.0,4.091000080108643,4.11299991607666,4.109000205993652,4.110000133514404,4.113999843597412,4.109000205993652,nan,nan,nan,nan,nan,nan,nan,nan,nan,nan,nan,nan,nan,nan,nan,nan,nan,nan,nan,nan,nan,nan,nan,nan
215.67830848693848,0.0,4.091000080108643,4.11299991607666,4.110000133514404,4.111000061035156,4.113999843597412,4.109000205993652,nan,nan,nan,nan,nan,nan,nan,nan,nan,nan,nan,nan,nan,nan,nan,nan,nan,nan,nan,nan,nan,nan,nan,nan
215.85829734802246,0.0,4.0920000076293945,4.113999843597412,4.110000133514404,4.111000061035156,4.113999843597412,4.109000205993652,nan,nan,nan,nan,nan,nan,nan,nan,nan,nan,nan,nan,nan,nan,nan,nan,nan,nan,nan,nan,nan,nan,nan,nan
216.03724241256714,-0.009999999776482582,4.0920000076293945,4.113999843597412,4.110000133514404,4.111999988555908,4.113999843597412,4.110000133514404,nan,nan,nan,nan,nan,nan,nan,nan,nan,nan,nan,nan,nan,nan,nan,nan,nan,nan,nan,nan,nan,nan,nan,nan
216.19636869430542,0.0,4.0920000076293945,4.113999843597412,4.111000061035156,4.111999988555908,4.114999771118164,4.110000133514404,nan,nan,nan,nan,nan,nan,nan,nan,nan,nan,nan,nan,nan,nan,nan,nan,nan,nan,nan,nan,nan,nan,nan,nan
216.38003706932068,0.0,4.0929999351501465,4.113999843597412,4.111000061035156,4.111999988555908,4.114999771118164,4.110000133514404,nan,nan,nan,nan,nan,nan,nan,nan,nan,nan,nan,nan,nan,nan,nan,nan,nan,nan,nan,nan,nan,nan,nan,nan
216.5570318698883,0.009999999776482582,4.0929999351501465,4.114999771118164,4.111999988555908,4.111999988555908,4.114999771118164,4.111000061035156,nan,nan,nan,nan,nan,nan,nan,nan,nan,nan,nan,nan,nan,nan,nan,nan,nan,nan,nan,nan,nan,nan,nan,nan
216.71821808815002,0.0,4.0929999351501465,4.114999771118164,4.111999988555908,4.11299991607666,4.116000175476074,4.111000061035156,nan,nan,nan,nan,nan,nan,nan,nan,nan,nan,nan,nan,nan,nan,nan,nan,nan,nan,nan,nan,nan,nan,nan,nan
216.8985857963562,0.0,4.0929999351501465,4.114999771118164,4.111999988555908,4.11299991607666,4.116000175476074,4.111000061035156,nan,nan,nan,nan,nan,nan,nan,nan,nan,nan,nan,nan,nan,nan,nan,nan,nan,nan,nan,nan,nan,nan,nan,nan
217.0579354763031,0.0,4.093999862670898,4.116000175476074,4.111999988555908,4.11299991607666,4.116000175476074,4.111000061035156,nan,nan,nan,nan,nan,nan,nan,nan,nan,nan,nan,nan,nan,nan,nan,nan,nan,nan,nan,nan,nan,nan,nan,nan
217.23718571662903,0.009999999776482582,4.093999862670898,4.116000175476074,4.111999988555908,4.11299991607666,4.116000175476074,4.111999988555908,nan,nan,nan,nan,nan,nan,nan,nan,nan,nan,nan,nan,nan,nan,nan,nan,nan,nan,nan,nan,nan,nan,nan,nan
217.29882621765137,-0.009999999776482582,4.093999862670898,4.116000175476074,4.111999988555908,4.11299991607666,4.117000102996826,4.111999988555908,nan,nan,nan,nan,nan,nan,nan,nan,nan,nan,nan,nan,nan,nan,nan,nan,nan,nan,nan,nan,nan,nan,nan,nan
222.3801622390747,0.009999999776482582,4.099999904632568,4.122000217437744,4.118000030517578,4.119999885559082,4.122000217437744,4.118000030517578,nan,nan,nan,nan,nan,nan,nan,nan,nan,nan,nan,nan,nan,nan,nan,nan,nan,nan,nan,nan,nan,nan,nan,nan
227.43952918052673,0.0,4.103000164031982,4.125,4.120999813079834,4.122000217437744,4.125,4.120999813079834,nan,nan,nan,nan,nan,nan,nan,nan,nan,nan,nan,nan,nan,nan,nan,nan,nan,nan,nan,nan,nan,nan,nan,nan
232.49910950660706,0.009999999776482582,4.104000091552734,4.126999855041504,4.123000144958496,4.125,4.126999855041504,4.123000144958496,nan,nan,nan,nan,nan,nan,nan,nan,nan,nan,nan,nan,nan,nan,nan,nan,nan,nan,nan,nan,nan,nan,nan,nan
