Time (s),Current (A),Voltage_Cell1 (V),Voltage_Cell2 (V),Voltage_Cell3 (V),Voltage_Cell4 (V),Voltage_Cell5 (V),Voltage_Cell6 (V),Resistance_Cell1 (Ohm),Resistance_Cell2 (Ohm),Resistance_Cell3 (Ohm),Resistance_Cell4 (Ohm),Resistance_Cell5 (Ohm),Resistance_Cell6 (Ohm)
0.0,-0.4000000059604645,4.035999774932861,4.063000202178955,4.059999942779541,4.064000129699707,4.065000057220459,4.067999839782715,nan,nan,nan,nan,nan,nan
0.1626884937286377,-0.4000000059604645,4.0370001792907715,4.063000202178955,4.060999870300293,4.064000129699707,4.065000057220459,4.067999839782715,nan,nan,nan,nan,nan,nan
0.339632511138916,-0.4000000059604645,4.035999774932861,4.063000202178955,4.059999942779541,4.064000129699707,4.065000057220459,4.067999839782715,nan,nan,nan,nan,nan,nan
0.5186417102813721,-0.4099999964237213,4.035999774932861,4.063000202178955,4.060999870300293,4.064000129699707,4.065000057220459,4.067999839782715,nan,nan,nan,nan,nan,nan
0.6799349784851074,-0.4000000059604645,4.035999774932861,4.063000202178955,4.059999942779541,4.064000129699707,4.065000057220459,4.067999839782715,nan,nan,nan,nan,nan,nan
0.8590190410614014,-0.4099999964237213,4.035999774932861,4.063000202178955,4.059999942779541,4.064000129699707,4.065000057220459,4.067999839782715,nan,nan,nan,nan,nan,nan
1.0197434425354004,-0.41999998688697815,4.035999774932861,4.063000202178955,4.059999942779541,4.064000129699707,4.065000057220459,4.067999839782715,nan,nan,nan,nan,nan,nan
1.1986384391784668,-0.4000000059604645,4.035999774932861,4.063000202178955,4.060999870300293,4.064000129699707,4.065000057220459,4.067999839782715,nan,nan,nan,nan,nan,nan
1.3792226314544678,-0.4000000059604645,4.035999774932861,4.063000202178955,4.059999942779541,4.064000129699707,4.065000057220459,4.067999839782715,nan,nan,nan,nan,nan,nan
1.5387227535247803,-0.38999998569488525,4.035999774932861,4.063000202178955,4.059999942779541,4.064000129699707,4.065000057220459,4.067999839782715,nan,nan,nan,nan,nan,nan
1.7193458080291748,-0.4099999964237213,4.035999774932861,4.063000202178955,4.060999870300293,4.064000129699707,4.065000057220459,4.067999839782715,nan,nan,nan,nan,nan,nan
1.9007740020751953,-0.4000000059604645,4.035999774932861,4.063000202178955,4.060999870300293,4.064000129699707,4.065000057220459,4.067999839782715,nan,nan,nan,nan,nan,nan
2.05892014503479,-0.4000000059604645,4.035999774932861,4.063000202178955,4.059999942779541,4.064000129699707,4.065000057220459,4.067999839782715,nan,nan,nan,nan,nan,nan
2.2391350269317627,-0.4000000059604645,4.035999774932861,4.063000202178955,4.059999942779541,4.064000129699707,4.065000057220459,4.067999839782715,nan,nan,nan,nan,nan,nan
2.401979446411133,-0.4000000059604645,4.035999774932861,4.063000202178955,4.060999870300293,4.064000129699707,4.065000057220459,4.067999839782715,nan,nan,nan,nan,nan,nan
2.5785865783691406,-0.3799999952316284,4.035999774932861,4.063000202178955,4.060999870300293,4.064000129699707,4.065000057220459,4.067999839782715,nan,nan,nan,nan,nan,nan
2.7591960430145264,-0.4000000059604645,4.035999774932861,4.063000202178955,4.060999870300293,4.064000129699707,4.065000057220459,4.067999839782715,nan,nan,nan,nan,nan,nan
2.918534517288208,-0.4000000059604645,4.035999774932861,4.063000202178955,4.060999870300293,4.064000129699707,4.065000057220459,4.067999839782715,nan,nan,nan,nan,nan,nan
3.0991573333740234,-0.4000000059604645,4.035999774932861,4.063000202178955,4.059999942779541,4.064000129699707,4.065000057220459,4.067999839782715,nan,nan,nan,nan,nan,nan
3.2587130069732666,-0.4000000059604645,4.035999774932861,4.063000202178955,4.060999870300293,4.064000129699707,4.065000057220459,4.067999839782715,nan,nan,nan,nan,nan,nan
3.4392075538635254,-0.4000000059604645,4.035999774932861,4.063000202178955,4.059999942779541,4.064000129699707,4.065000057220459,4.067999839782715,nan,nan,nan,nan,nan,nan
3.6194965839385986,-0.4000000059604645,4.035999774932861,4.063000202178955,4.059999942779541,4.064000129699707,4.065000057220459,4.067999839782715,nan,nan,nan,nan,nan,nan
3.778987407684326,-0.4099999964237213,4.035999774932861,4.063000202178955,4.059999942779541,4.064000129699707,4.065000057220459,4.067999839782715,nan,nan,nan,nan,nan,nan
3.9609289169311523,-0.4000000059604645,4.035999774932861,4.063000202178955,4.060999870300293,4.064000129699707,4.065000057220459,4.067999839782715,nan,nan,nan,nan,nan,nan
4.139425039291382,-0.4000000059604645,4.035999774932861,4.063000202178955,4.060999870300293,4.064000129699707,4.065000057220459,4.067999839782715,nan,nan,nan,nan,nan,nan
4.299022436141968,-0.4000000059604645,4.035999774932861,4.063000202178955,4.060999870300293,4.064000129699707,4.065000057220459,4.067999839782715,nan,nan,nan,nan,nan,nan
4.479589462280273,-0.4000000059604645,4.035999774932861,4.063000202178955,4.059999942779541,4.064000129699707,4.065000057220459,4.067999839782715,nan,nan,nan,nan,nan,nan
4.639143466949463,-0.4000000059604645,4.035999774932861,4.063000202178955,4.059999942779541,4.064000129699707,4.065000057220459,4.067999839782715,nan,nan,nan,nan,nan,nan
4.821166038513184,-0.38999998569488525,4.035999774932861,4.063000202178955,4.059999942779541,4.064000129699707,4.065000057220459,4.067999839782715,nan,nan,nan,nan,nan,nan
4.999860763549805,-0.4000000059604645,4.035999774932861,4.063000202178955,4.060999870300293,4.064000129699707,4.065000057220459,4.067999839782715,nan,nan,nan,nan,nan,nan
5.159462213516235,-0.4000000059604645,4.035999774932861,4.063000202178955,4.059999942779541,4.064000129699707,4.065000057220459,4.067999839782715,nan,nan,nan,nan,nan,nan
5.339966297149658,-0.38999998569488525,4.035999774932861,4.063000202178955,4.059999942779541,4.064000129699707,4.065000057220459,4.067999839782715,nan,nan,nan,nan,nan,nan
5.4993720054626465,-0.4000000059604645,4.035999774932861,4.063000202178955,4.059999942779541,4.064000129699707,4.065000057220459,4.067999839782715,nan,nan,nan,nan,nan,nan
5.679970979690552,-0.4099999964237213,4.035999774932861,4.063000202178955,4.059999942779541,4.064000129699707,4.065000057220459,4.067999839782715,nan,nan,nan,nan,nan,nan
5.858652114868164,-0.4000000059604645,4.035999774932861,4.063000202178955,4.059999942779541,4.064000129699707,4.065000057220459,4.067999839782715,nan,nan,nan,nan,nan,nan
6.0197343826293945,-0.4000000059604645,4.035999774932861,4.063000202178955,4.059999942779541,4.064000129699707,4.065000057220459,4.067999839782715,nan,nan,nan,nan,nan,nan
6.19994854927063,-0.4000000059604645,4.035999774932861,4.063000202178955,4.059999942779541,4.064000129699707,4.065000057220459,4.067999839782715,nan,nan,nan,nan,nan,nan
6.378565311431885,-0.4000000059604645,4.035999774932861,4.063000202178955,4.059999942779541,4.064000129699707,4.064000129699707,4.067999839782715,nan,nan,nan,nan,nan,nan
6.540250778198242,-0.4099999964237213,4.035999774932861,4.063000202178955,4.059999942779541,4.064000129699707,4.065000057220459,4.067999839782715,nan,nan,nan,nan,nan,nan
6.719989061355591,-0.4099999964237213,4.035999774932861,4.063000202178955,4.060999870300293,4.064000129699707,4.065000057220459,4.067999839782715,nan,nan,nan,nan,nan,nan
6.879411220550537,-0.4000000059604645,4.035999774932861,4.063000202178955,4.059999942779541,4.064000129699707,4.065000057220459,4.067999839782715,nan,nan,nan,nan,nan,nan
7.0599470138549805,-0.38999998569488525,4.035999774932861,4.063000202178955,4.060999870300293,4.064000129699707,4.065000057220459,4.067999839782715,nan,nan,nan,nan,nan,nan
7.239806413650513,-0.4000000059604645,4.035999774932861,4.063000202178955,4.059999942779541,4.064000129699707,4.065000057220459,4.067999839782715,nan,nan,nan,nan,nan,nan
7.399296998977661,-0.3700000047683716,4.035999774932861,4.063000202178955,4.060999870300293,4.064000129699707,4.065000057220459,4.067999839782715,nan,nan,nan,nan,nan,nan
7.579299688339233,-0.4000000059604645,4.035999774932861,4.063000202178955,4.059999942779541,4.064000129699707,4.065000057220459,4.067999839782715,nan,nan,nan,nan,nan,nan
7.7389936447143555,-0.4000000059604645,4.035999774932861,4.061999797821045,4.060999870300293,4.064000129699707,4.065000057220459,4.067999839782715,nan,nan,nan,nan,nan,nan
7.919419765472412,-0.4000000059604645,4.035999774932861,4.063000202178955,4.060999870300293,4.064000129699707,4.064000129699707,4.067999839782715,nan,nan,nan,nan,nan,nan
8.098512411117554,-0.4000000059604645,4.035999774932861,4.063000202178955,4.060999870300293,4.064000129699707,4.065000057220459,4.067999839782715,nan,nan,nan,nan,nan,nan
8.259750127792358,-0.4000000059604645,4.035999774932861,4.063000202178955,4.059999942779541,4.064000129699707,4.064000129699707,4.067999839782715,nan,nan,nan,nan,nan,nan
8.4385085105896,-0.4000000059604645,4.035999774932861,4.063000202178955,4.059999942779541,4.064000129699707,4.065000057220459,4.067999839782715,nan,nan,nan,nan,nan,nan
8.618870258331299,-0.4000000059604645,4.035999774932861,4.063000202178955,4.060999870300293,4.064000129699707,4.065000057220459,4.067999839782715,nan,nan,nan,nan,nan,nan
8.778610944747925,-0.4000000059604645,4.035999774932861,4.061999797821045,4.059999942779541,4.064000129699707,4.065000057220459,4.067999839782715,nan,nan,nan,nan,nan,nan
8.958959102630615,-0.4000000059604645,4.035999774932861,4.063000202178955,4.059999942779541,4.064000129699707,4.065000057220459,4.067999839782715,nan,nan,nan,nan,nan,nan
9.119895219802856,-0.4099999964237213,4.035999774932861,4.063000202178955,4.059999942779541,4.064000129699707,4.064000129699707,4.067999839782715,nan,nan,nan,nan,nan,nan
9.298764705657959,-0.4099999964237213,4.035999774932861,4.063000202178955,4.059999942779541,4.064000129699707,4.065000057220459,4.067999839782715,nan,nan,nan,nan,nan,nan
9.480669975280762,-0.4000000059604645,4.035999774932861,4.063000202178955,4.059999942779541,4.064000129699707,4.065000057220459,4.067999839782715,nan,nan,nan,nan,nan,nan
9.638464212417603,-0.41999998688697815,4.035999774932861,4.063000202178955,4.059999942779541,4.064000129699707,4.065000057220459,4.067999839782715,nan,nan,nan,nan,nan,nan
9.81921911239624,-0.4000000059604645,4.035999774932861,4.063000202178955,4.059999942779541,4.064000129699707,4.065000057220459,4.067999839782715,nan,nan,nan,nan,nan,nan
9.999209642410278,-0.4000000059604645,4.035999774932861,4.063000202178955,4.059999942779541,4.064000129699707,4.065000057220459,4.067999839782715,nan,nan,nan,nan,nan,nan
10.158777713775635,-0.4099999964237213,4.035999774932861,4.063000202178955,4.059999942779541,4.064000129699707,4.065000057220459,4.067999839782715,nan,nan,nan,nan,nan,nan
10.339147567749023,-0.4000000059604645,4.035999774932861,4.063000202178955,4.059999942779541,4.064000129699707,4.065000057220459,4.067999839782715,nan,nan,nan,nan,nan,nan
10.49854826927185,-0.4000000059604645,4.035999774932861,4.063000202178955,4.059999942779541,4.064000129699707,4.065000057220459,4.067999839782715,nan,nan,nan,nan,nan,nan
10.679052114486694,-0.4000000059604645,4.035999774932861,4.063000202178955,4.059999942779541,4.064000129699707,4.065000057220459,4.067999839782715,nan,nan,nan,nan,nan,nan
10.859347105026245,-0.4000000059604645,4.035999774932861,4.063000202178955,4.059999942779541,4.064000129699707,4.064000129699707,4.067999839782715,nan,nan,nan,nan,nan,nan
11.019001722335815,-0.4000000059604645,4.035999774932861,4.063000202178955,4.059999942779541,4.064000129699707,4.065000057220459,4.067999839782715,nan,nan,nan,nan,nan,nan
11.19938588142395,-0.4000000059604645,4.035999774932861,4.063000202178955,4.059999942779541,4.064000129699707,4.064000129699707,4.067999839782715,nan,nan,nan,nan,nan,nan
11.360418319702148,-0.4000000059604645,4.035999774932861,4.063000202178955,4.059999942779541,4.064000129699707,4.065000057220459,4.067999839782715,nan,nan,nan,nan,nan,nan
11.53909969329834,-0.38999998569488525,4.035999774932861,4.063000202178955,4.059999942779541,4.064000129699707,4.065000057220459,4.067999839782715,nan,nan,nan,nan,nan,nan
11.719132661819458,-0.41999998688697815,4.035999774932861,4.063000202178955,4.059999942779541,4.064000129699707,4.064000129699707,4.067999839782715,nan,nan,nan,nan,nan,nan
11.878719091415405,-0.41999998688697815,4.035999774932861,4.063000202178955,4.059999942779541,4.064000129699707,4.065000057220459,4.067999839782715,nan,nan,nan,nan,nan,nan
12.06066346168518,-0.4000000059604645,4.035999774932861,4.063000202178955,4.059999942779541,4.064000129699707,4.064000129699707,4.067999839782715,nan,nan,nan,nan,nan,nan
12.239173889160156,-0.4000000059604645,4.035999774932861,4.063000202178955,4.059999942779541,4.064000129699707,4.065000057220459,4.067999839782715,nan,nan,nan,nan,nan,nan
12.398826122283936,-0.4099999964237213,4.035999774932861,4.063000202178955,4.059999942779541,4.064000129699707,4.064000129699707,4.067999839782715,nan,nan,nan,nan,nan,nan
12.57930874824524,-0.38999998569488525,4.035999774932861,4.063000202178955,4.059999942779541,4.064000129699707,4.065000057220459,4.067999839782715,nan,nan,nan,nan,nan,nan
12.73891830444336,-0.4000000059604645,4.035999774932861,4.063000202178955,4.059999942779541,4.064000129699707,4.065000057220459,4.067999839782715,nan,nan,nan,nan,nan,nan
12.919195890426636,-0.4000000059604645,4.035999774932861,4.063000202178955,4.059999942779541,4.064000129699707,4.064000129699707,4.067999839782715,nan,nan,nan,nan,nan,nan
13.099469423294067,-0.4000000059604645,4.035999774932861,4.061999797821045,4.059999942779541,4.064000129699707,4.065000057220459,4.067999839782715,nan,nan,nan,nan,nan,nan
13.25922679901123,-0.4000000059604645,4.035999774932861,4.061999797821045,4.059999942779541,4.064000129699707,4.064000129699707,4.067999839782715,nan,nan,nan,nan,nan,nan
13.439563751220703,-0.4099999964237213,4.035999774932861,4.061999797821045,4.059999942779541,4.064000129699707,4.065000057220459,4.067999839782715,nan,nan,nan,nan,nan,nan
13.598975896835327,-0.4000000059604645,4.035999774932861,4.063000202178955,4.059999942779541,4.064000129699707,4.065000057220459,4.067999839782715,nan,nan,nan,nan,nan,nan
13.779525756835938,-0.4000000059604645,4.035999774932861,4.063000202178955,4.059999942779541,4.064000129699707,4.065000057220459,4.067999839782715,nan,nan,nan,nan,nan,nan
13.96125864982605,-0.38999998569488525,4.035999774932861,4.063000202178955,4.059999942779541,4.064000129699707,4.065000057220459,4.067999839782715,nan,nan,nan,nan,nan,nan
14.11952805519104,-0.4000000059604645,4.035999774932861,4.063000202178955,4.059999942779541,4.064000129699707,4.065000057220459,4.067999839782715,nan,nan,nan,nan,nan,nan
14.299948692321777,-0.4000000059604645,4.035999774932861,4.063000202178955,4.060999870300293,4.064000129699707,4.064000129699707,4.067999839782715,nan,nan,nan,nan,nan,nan
14.478582620620728,-0.4099999964237213,4.035999774932861,4.061999797821045,4.059999942779541,4.064000129699707,4.065000057220459,4.067999839782715,nan,nan,nan,nan,nan,nan
14.639734506607056,-0.38999998569488525,4.035999774932861,4.063000202178955,4.059999942779541,4.064000129699707,4.064000129699707,4.067999839782715,nan,nan,nan,nan,nan,nan
14.818477153778076,-0.4000000059604645,4.035999774932861,4.061999797821045,4.059999942779541,4.064000129699707,4.064000129699707,4.067999839782715,nan,nan,nan,nan,nan,nan
14.979753494262695,-0.4000000059604645,4.035999774932861,4.063000202178955,4.059999942779541,4.064000129699707,4.065000057220459,4.067999839782715,nan,nan,nan,nan,nan,nan
15.15992283821106,-0.38999998569488525,4.035999774932861,4.061999797821045,4.059999942779541,4.064000129699707,4.065000057220459,4.067999839782715,nan,nan,nan,nan,nan,nan
15.338538408279419,-0.4099999964237213,4.035999774932861,4.063000202178955,4.059999942779541,4.064000129699707,4.064000129699707,4.067999839782715,nan,nan,nan,nan,nan,nan
15.501466751098633,-0.4000000059604645,4.035999774932861,4.061999797821045,4.059999942779541,4.064000129699707,4.065000057220459,4.067999839782715,nan,nan,nan,nan,nan,nan
15.678734540939331,-0.4000000059604645,4.035999774932861,4.063000202178955,4.059999942779541,4.064000129699707,4.065000057220459,4.067999839782715,nan,nan,nan,nan,nan,nan
15.858801126480103,-0.4000000059604645,4.035999774932861,4.061999797821045,4.059999942779541,4.064000129699707,4.064000129699707,4.067999839782715,nan,nan,nan,nan,nan,nan
16.018218517303467,-0.38999998569488525,4.035999774932861,4.063000202178955,4.059999942779541,4.064000129699707,4.064000129699707,4.067999839782715,nan,nan,nan,nan,nan,nan
16.198680877685547,-0.4000000059604645,4.035999774932861,4.063000202178955,4.059999942779541,4.064000129699707,4.065000057220459,4.067999839782715,nan,nan,nan,nan,nan,nan
16.359743118286133,-0.4300000071525574,4.035999774932861,4.063000202178955,4.059999942779541,4.064000129699707,4.065000057220459,4.067999839782715,nan,nan,nan,nan,nan,nan
16.53871440887451,-0.4000000059604645,4.035999774932861,4.063000202178955,4.059999942779541,4.064000129699707,4.065000057220459,4.067999839782715,nan,nan,nan,nan,nan,nan
16.718826293945312,-0.4000000059604645,4.035999774932861,4.061999797821045,4.059999942779541,4.064000129699707,4.065000057220459,4.067999839782715,nan,nan,nan,nan,nan,nan
16.87857723236084,-0.4000000059604645,4.035999774932861,4.063000202178955,4.059999942779541,4.064000129699707,4.064000129699707,4.067999839782715,nan,nan,nan,nan,nan,nan
17.059086322784424,-0.4000000059604645,4.035999774932861,4.063000202178955,4.059999942779541,4.064000129699707,4.064000129699707,4.067999839782715,nan,nan,nan,nan,nan,nan
17.218685626983643,-0.38999998569488525,4.035999774932861,4.063000202178955,4.059999942779541,4.063000202178955,4.065000057220459,4.067999839782715,nan,nan,nan,nan,nan,nan
17.399261474609375,-0.4000000059604645,4.035999774932861,4.063000202178955,4.059999942779541,4.064000129699707,4.064000129699707,4.067999839782715,nan,nan,nan,nan,nan,nan
17.57950234413147,-0.4000000059604645,4.035999774932861,4.061999797821045,4.059999942779541,4.064000129699707,4.064000129699707,4.067999839782715,nan,nan,nan,nan,nan,nan
17.738813638687134,-0.4099999964237213,4.035999774932861,4.063000202178955,4.059999942779541,4.064000129699707,4.065000057220459,4.067999839782715,nan,nan,nan,nan,nan,nan
17.91921329498291,-0.4000000059604645,4.035999774932861,4.063000202178955,4.059999942779541,4.064000129699707,4.064000129699707,4.067999839782715,nan,nan,nan,nan,nan,nan
18.099205255508423,-0.4000000059604645,4.035999774932861,4.061999797821045,4.059999942779541,4.064000129699707,4.064000129699707,4.067999839782715,nan,nan,nan,nan,nan,nan
18.26013684272766,-0.4000000059604645,4.035999774932861,4.061999797821045,4.059999942779541,4.064000129699707,4.064000129699707,4.067999839782715,nan,nan,nan,nan,nan,nan
18.441967248916626,-0.4099999964237213,4.035999774932861,4.063000202178955,4.059999942779541,4.064000129699707,4.065000057220459,4.067999839782715,nan,nan,nan,nan,nan,nan
18.599896907806396,-0.4000000059604645,4.035999774932861,4.061999797821045,4.059999942779541,4.064000129699707,4.065000057220459,4.067999839782715,nan,nan,nan,nan,nan,nan
18.77876567840576,-0.41999998688697815,4.035999774932861,4.063000202178955,4.059999942779541,4.064000129699707,4.064000129699707,4.067999839782715,nan,nan,nan,nan,nan,nan
18.959004402160645,-0.4099999964237213,4.035999774932861,4.061999797821045,4.059999942779541,4.064000129699707,4.064000129699707,4.067999839782715,nan,nan,nan,nan,nan,nan
19.11861824989319,-0.4099999964237213,4.035999774932861,4.061999797821045,4.059999942779541,4.063000202178955,4.064000129699707,4.067999839782715,nan,nan,nan,nan,nan,nan
19.298951148986816,-0.4000000059604645,4.035999774932861,4.063000202178955,4.059999942779541,4.064000129699707,4.064000129699707,4.066999912261963,nan,nan,nan,nan,nan,nan
19.458580255508423,-0.4000000059604645,4.035999774932861,4.063000202178955,4.059999942779541,4.064000129699707,4.064000129699707,4.067999839782715,nan,nan,nan,nan,nan,nan
19.639132261276245,-0.4000000059604645,4.035999774932861,4.063000202178955,4.059999942779541,4.063000202178955,4.064000129699707,4.067999839782715,nan,nan,nan,nan,nan,nan
19.819692850112915,-0.4000000059604645,4.035999774932861,4.063000202178955,4.059999942779541,4.064000129699707,4.064000129699707,4.067999839782715,nan,nan,nan,nan,nan,nan
19.978861808776855,-0.3799999952316284,4.035999774932861,4.063000202178955,4.059999942779541,4.064000129699707,4.064000129699707,4.067999839782715,nan,nan,nan,nan,nan,nan
20.159403324127197,-0.4099999964237213,4.035999774932861,4.061999797821045,4.059999942779541,4.064000129699707,4.064000129699707,4.067999839782715,nan,nan,nan,nan,nan,nan
20.33963131904602,-0.41999998688697815,4.035999774932861,4.061999797821045,4.059999942779541,4.064000129699707,4.064000129699707,4.066999912261963,nan,nan,nan,nan,nan,nan
20.499297380447388,-0.4099999964237213,4.035999774932861,4.063000202178955,4.059999942779541,4.064000129699707,4.065000057220459,4.067999839782715,nan,nan,nan,nan,nan,nan
20.679729223251343,-0.4099999964237213,4.035999774932861,4.063000202178955,4.059999942779541,4.064000129699707,4.064000129699707,4.067999839782715,nan,nan,nan,nan,nan,nan
20.839524030685425,-0.4000000059604645,4.035999774932861,4.061999797821045,4.059999942779541,4.063000202178955,4.064000129699707,4.067999839782715,nan,nan,nan,nan,nan,nan
21.019604444503784,-0.4099999964237213,4.035999774932861,4.063000202178955,4.059999942779541,4.064000129699707,4.064000129699707,4.067999839782715,nan,nan,nan,nan,nan,nan
21.199806928634644,-0.4000000059604645,4.035999774932861,4.061999797821045,4.059999942779541,4.063000202178955,4.064000129699707,4.067999839782715,nan,nan,nan,nan,nan,nan
21.359284162521362,-0.4099999964237213,4.035999774932861,4.061999797821045,4.059999942779541,4.064000129699707,4.065000057220459,4.067999839782715,nan,nan,nan,nan,nan,nan
21.53967571258545,-0.4000000059604645,4.035999774932861,4.063000202178955,4.059999942779541,4.064000129699707,4.064000129699707,4.067999839782715,nan,nan,nan,nan,nan,nan
21.698986768722534,-0.4099999964237213,4.035999774932861,4.061999797821045,4.059999942779541,4.064000129699707,4.064000129699707,4.067999839782715,nan,nan,nan,nan,nan,nan
21.879611015319824,-0.3799999952316284,4.035999774932861,4.063000202178955,4.059999942779541,4.064000129699707,4.064000129699707,4.067999839782715,nan,nan,nan,nan,nan,nan
22.05999493598938,-0.4000000059604645,4.035999774932861,4.061999797821045,4.059999942779541,4.063000202178955,4.064000129699707,4.067999839782715,nan,nan,nan,nan,nan,nan
22.221051931381226,-0.4000000059604645,4.034999847412109,4.063000202178955,4.059999942779541,4.064000129699707,4.064000129699707,4.067999839782715,nan,nan,nan,nan,nan,nan
22.399789094924927,-0.4000000059604645,4.035999774932861,4.063000202178955,4.059999942779541,4.063000202178955,4.064000129699707,4.067999839782715,nan,nan,nan,nan,nan,nan
22.578676462173462,-0.4099999964237213,4.035999774932861,4.061999797821045,4.059999942779541,4.064000129699707,4.064000129699707,4.066999912261963,nan,nan,nan,nan,nan,nan
22.74008870124817,-0.4000000059604645,4.035999774932861,4.063000202178955,4.059999942779541,4.063000202178955,4.064000129699707,4.067999839782715,nan,nan,nan,nan,nan,nan
22.91873812675476,-0.4000000059604645,4.035999774932861,4.061999797821045,4.059999942779541,4.064000129699707,4.064000129699707,4.067999839782715,nan,nan,nan,nan,nan,nan
23.079705476760864,-0.4000000059604645,4.035999774932861,4.061999797821045,4.059999942779541,4.064000129699707,4.065000057220459,4.067999839782715,nan,nan,nan,nan,nan,nan
23.258593559265137,-0.4000000059604645,4.035999774932861,4.063000202178955,4.059999942779541,4.064000129699707,4.064000129699707,4.067999839782715,nan,nan,nan,nan,nan,nan
23.439053773880005,-0.38999998569488525,4.035999774932861,4.061999797821045,4.059999942779541,4.064000129699707,4.065000057220459,4.067999839782715,nan,nan,nan,nan,nan,nan
23.599989652633667,-0.4000000059604645,4.035999774932861,4.061999797821045,4.059999942779541,4.064000129699707,4.064000129699707,4.067999839782715,nan,nan,nan,nan,nan,nan
23.77865481376648,-0.38999998569488525,4.035999774932861,4.063000202178955,4.059999942779541,4.063000202178955,4.064000129699707,4.066999912261963,nan,nan,nan,nan,nan,nan
23.95893692970276,-0.3799999952316284,4.035999774932861,4.061999797821045,4.059999942779541,4.063000202178955,4.064000129699707,4.067999839782715,nan,nan,nan,nan,nan,nan
24.120280265808105,-0.4000000059604645,4.035999774932861,4.061999797821045,4.059999942779541,4.063000202178955,4.064000129699707,4.067999839782715,nan,nan,nan,nan,nan,nan
24.299098253250122,-0.4000000059604645,4.034999847412109,4.061999797821045,4.059999942779541,4.064000129699707,4.064000129699707,4.067999839782715,nan,nan,nan,nan,nan,nan
24.458481311798096,-0.4000000059604645,4.034999847412109,4.063000202178955,4.059999942779541,4.064000129699707,4.064000129699707,4.067999839782715,nan,nan,nan,nan,nan,nan
24.638854026794434,-0.38999998569488525,4.035999774932861,4.063000202178955,4.059999942779541,4.064000129699707,4.064000129699707,4.067999839782715,nan,nan,nan,nan,nan,nan
24.8191077709198,-0.4000000059604645,4.035999774932861,4.061999797821045,4.059999942779541,4.063000202178955,4.064000129699707,4.066999912261963,nan,nan,nan,nan,nan,nan
24.979687690734863,-0.4099999964237213,4.035999774932861,4.061999797821045,4.059999942779541,4.064000129699707,4.064000129699707,4.067999839782715,nan,nan,nan,nan,nan,nan
25.15860891342163,-0.38999998569488525,4.035999774932861,4.061999797821045,4.059999942779541,4.063000202178955,4.064000129699707,4.067999839782715,nan,nan,nan,nan,nan,nan
25.319639921188354,-0.4000000059604645,4.035999774932861,4.061999797821045,4.059999942779541,4.064000129699707,4.064000129699707,4.066999912261963,nan,nan,nan,nan,nan,nan
25.49865174293518,-0.4000000059604645,4.035999774932861,4.063000202178955,4.059999942779541,4.064000129699707,4.065000057220459,4.067999839782715,nan,nan,nan,nan,nan,nan
25.679081439971924,-0.4000000059604645,4.035999774932861,4.061999797821045,4.059999942779541,4.064000129699707,4.064000129699707,4.067999839782715,nan,nan,nan,nan,nan,nan
25.840014934539795,-0.4000000059604645,4.034999847412109,4.061999797821045,4.059999942779541,4.064000129699707,4.064000129699707,4.067999839782715,nan,nan,nan,nan,nan,nan
26.022051095962524,-0.4000000059604645,4.035999774932861,4.063000202178955,4.059999942779541,4.063000202178955,4.064000129699707,4.067999839782715,nan,nan,nan,nan,nan,nan
26.2009596824646,-0.4000000059604645,4.034999847412109,4.061999797821045,4.059999942779541,4.064000129699707,4.064000129699707,4.067999839782715,nan,nan,nan,nan,nan,nan
26.35848307609558,-0.4000000059604645,4.035999774932861,4.061999797821045,4.059999942779541,4.063000202178955,4.064000129699707,4.067999839782715,nan,nan,nan,nan,nan,nan
26.539230346679688,-0.4000000059604645,4.034999847412109,4.061999797821045,4.059999942779541,4.064000129699707,4.064000129699707,4.067999839782715,nan,nan,nan,nan,nan,nan
26.698543548583984,-0.4000000059604645,4.035999774932861,4.061999797821045,4.059999942779541,4.063000202178955,4.064000129699707,4.067999839782715,nan,nan,nan,nan,nan,nan
26.879001140594482,-0.4000000059604645,4.034999847412109,4.061999797821045,4.059999942779541,4.064000129699707,4.064000129699707,4.067999839782715,nan,nan,nan,nan,nan,nan
27.059247255325317,-0.4000000059604645,4.034999847412109,4.061999797821045,4.059999942779541,4.063000202178955,4.064000129699707,4.066999912261963,nan,nan,nan,nan,nan,nan
27.219181776046753,-0.4000000059604645,4.035999774932861,4.061999797821045,4.059999942779541,4.063000202178955,4.064000129699707,4.066999912261963,nan,nan,nan,nan,nan,nan
27.400811195373535,-0.4099999964237213,4.034999847412109,4.061999797821045,4.059999942779541,4.064000129699707,4.064000129699707,4.067999839782715,nan,nan,nan,nan,nan,nan
27.558698892593384,-0.38999998569488525,4.034999847412109,4.061999797821045,4.059999942779541,4.064000129699707,4.064000129699707,4.067999839782715,nan,nan,nan,nan,nan,nan
27.739132165908813,-0.4000000059604645,4.034999847412109,4.061999797821045,4.059999942779541,4.064000129699707,4.064000129699707,4.067999839782715,nan,nan,nan,nan,nan,nan
27.919535398483276,-0.4099999964237213,4.035999774932861,4.061999797821045,4.059999942779541,4.063000202178955,4.064000129699707,4.067999839782715,nan,nan,nan,nan,nan,nan
28.078899383544922,-0.4099999964237213,4.035999774932861,4.061999797821045,4.059999942779541,4.063000202178955,4.065000057220459,4.067999839782715,nan,nan,nan,nan,nan,nan
28.25952649116516,-0.3799999952316284,4.034999847412109,4.061999797821045,4.059999942779541,4.064000129699707,4.064000129699707,4.067999839782715,nan,nan,nan,nan,nan,nan
28.439600229263306,-0.4000000059604645,4.035999774932861,4.063000202178955,4.059999942779541,4.063000202178955,4.064000129699707,4.067999839782715,nan,nan,nan,nan,nan,nan
28.599246740341187,-0.4000000059604645,4.034999847412109,4.061999797821045,4.059999942779541,4.064000129699707,4.064000129699707,4.066999912261963,nan,nan,nan,nan,nan,nan
28.779629707336426,-0.4099999964237213,4.035999774932861,4.063000202178955,4.059999942779541,4.063000202178955,4.064000129699707,4.067999839782715,nan,nan,nan,nan,nan,nan
28.93924045562744,-0.4000000059604645,4.034999847412109,4.061999797821045,4.059999942779541,4.063000202178955,4.064000129699707,4.066999912261963,nan,nan,nan,nan,nan,nan
29.12127137184143,-0.4000000059604645,4.035999774932861,4.061999797821045,4.059999942779541,4.063000202178955,4.064000129699707,4.067999839782715,nan,nan,nan,nan,nan,nan
29.299817323684692,-0.4099999964237213,4.035999774932861,4.061999797821045,4.059999942779541,4.063000202178955,4.064000129699707,4.067999839782715,nan,nan,nan,nan,nan,nan
29.459234714508057,-0.4000000059604645,4.034999847412109,4.061999797821045,4.059999942779541,4.063000202178955,4.064000129699707,4.067999839782715,nan,nan,nan,nan,nan,nan
29.639322996139526,-0.38999998569488525,4.034999847412109,4.061999797821045,4.059999942779541,4.064000129699707,4.064000129699707,4.067999839782715,nan,nan,nan,nan,nan,nan
29.800535202026367,-0.38999998569488525,4.034999847412109,4.061999797821045,4.059999942779541,4.063000202178955,4.064000129699707,4.067999839782715,nan,nan,nan,nan,nan,nan
29.979175806045532,-0.38999998569488525,4.034999847412109,4.061999797821045,4.059999942779541,4.064000129699707,4.064000129699707,4.067999839782715,nan,nan,nan,nan,nan,nan
30.159425497055054,-0.38999998569488525,4.035999774932861,4.061999797821045,4.059999942779541,4.063000202178955,4.064000129699707,4.067999839782715,nan,nan,nan,nan,nan,nan
30.318897008895874,-0.4000000059604645,4.034999847412109,4.061999797821045,4.059999942779541,4.064000129699707,4.064000129699707,4.067999839782715,nan,nan,nan,nan,nan,nan
30.499563694000244,-0.4099999964237213,4.034999847412109,4.061999797821045,4.059999942779541,4.063000202178955,4.064000129699707,4.067999839782715,nan,nan,nan,nan,nan,nan
30.679779767990112,-0.4000000059604645,4.034999847412109,4.061999797821045,4.059999942779541,4.064000129699707,4.064000129699707,4.066999912261963,nan,nan,nan,nan,nan,nan
30.83942937850952,-0.4099999964237213,4.034999847412109,4.061999797821045,4.059999942779541,4.063000202178955,4.064000129699707,4.066999912261963,nan,nan,nan,nan,nan,nan
31.019568920135498,-0.4000000059604645,4.034999847412109,4.063000202178955,4.059999942779541,4.064000129699707,4.064000129699707,4.067999839782715,nan,nan,nan,nan,nan,nan
31.179178953170776,-0.4099999964237213,4.034999847412109,4.061999797821045,4.059999942779541,4.063000202178955,4.064000129699707,4.067999839782715,nan,nan,nan,nan,nan,nan
31.359753131866455,-0.4000000059604645,4.034999847412109,4.061999797821045,4.059999942779541,4.063000202178955,4.064000129699707,4.066999912261963,nan,nan,nan,nan,nan,nan
31.539886713027954,-0.38999998569488525,4.034999847412109,4.061999797821045,4.059999942779541,4.063000202178955,4.064000129699707,4.066999912261963,nan,nan,nan,nan,nan,nan
31.69934868812561,-0.41999998688697815,4.034999847412109,4.061999797821045,4.059999942779541,4.063000202178955,4.064000129699707,4.067999839782715,nan,nan,nan,nan,nan,nan
31.87967872619629,-0.4000000059604645,4.034999847412109,4.061999797821045,4.059999942779541,4.063000202178955,4.064000129699707,4.066999912261963,nan,nan,nan,nan,nan,nan
32.0391047000885,-0.4000000059604645,4.034999847412109,4.061999797821045,4.059999942779541,4.063000202178955,4.064000129699707,4.067999839782715,nan,nan,nan,nan,nan,nan
32.219791650772095,-0.38999998569488525,4.035999774932861,4.061999797821045,4.059999942779541,4.063000202178955,4.064000129699707,4.067999839782715,nan,nan,nan,nan,nan,nan
32.39867973327637,-0.4000000059604645,4.034999847412109,4.061999797821045,4.059999942779541,4.064000129699707,4.064000129699707,4.066999912261963,nan,nan,nan,nan,nan,nan
32.55992841720581,-0.4099999964237213,4.034999847412109,4.061999797821045,4.059999942779541,4.063000202178955,4.064000129699707,4.066999912261963,nan,nan,nan,nan,nan,nan
32.73999524116516,-0.4300000071525574,4.035999774932861,4.061999797821045,4.059999942779541,4.064000129699707,4.064000129699707,4.067999839782715,nan,nan,nan,nan,nan,nan
32.919923067092896,-0.4000000059604645,4.034999847412109,4.063000202178955,4.059999942779541,4.063000202178955,4.064000129699707,4.066999912261963,nan,nan,nan,nan,nan,nan
33.079580783843994,-0.4000000059604645,4.034999847412109,4.061999797821045,4.059999942779541,4.064000129699707,4.064000129699707,4.067999839782715,nan,nan,nan,nan,nan,nan
33.25850558280945,-0.4000000059604645,4.034999847412109,4.061999797821045,4.059999942779541,4.063000202178955,4.064000129699707,4.066999912261963,nan,nan,nan,nan,nan,nan
33.419854164123535,-0.38999998569488525,4.034999847412109,4.061999797821045,4.059999942779541,4.063000202178955,4.064000129699707,4.067999839782715,nan,nan,nan,nan,nan,nan
33.6004843711853,-0.4000000059604645,4.034999847412109,4.061999797821045,4.059999942779541,4.063000202178955,4.064000129699707,4.066999912261963,nan,nan,nan,nan,nan,nan
33.778728008270264,-0.41999998688697815,4.034999847412109,4.061999797821045,4.059999942779541,4.063000202178955,4.064000129699707,4.066999912261963,nan,nan,nan,nan,nan,nan
33.93964409828186,-0.4000000059604645,4.034999847412109,4.061999797821045,4.059999942779541,4.063000202178955,4.064000129699707,4.066999912261963,nan,nan,nan,nan,nan,nan
34.118945360183716,-0.4000000059604645,4.034999847412109,4.061999797821045,4.059999942779541,4.063000202178955,4.064000129699707,4.067999839782715,nan,nan,nan,nan,nan,nan
34.298954248428345,-0.4000000059604645,4.034999847412109,4.061999797821045,4.059999942779541,4.063000202178955,4.064000129699707,4.066999912261963,nan,nan,nan,nan,nan,nan
34.458492040634155,-0.4000000059604645,4.034999847412109,4.061999797821045,4.059999942779541,4.063000202178955,4.064000129699707,4.067999839782715,nan,nan,nan,nan,nan,nan
34.639235734939575,-0.4000000059604645,4.034999847412109,4.061999797821045,4.059999942779541,4.063000202178955,4.064000129699707,4.067999839782715,nan,nan,nan,nan,nan,nan
34.798561334609985,-0.4000000059604645,4.034999847412109,4.061999797821045,4.059999942779541,4.063000202178955,4.064000129699707,4.067999839782715,nan,nan,nan,nan,nan,nan
34.978835582733154,-0.4000000059604645,4.034999847412109,4.061999797821045,4.059999942779541,4.063000202178955,4.064000129699707,4.066999912261963,nan,nan,nan,nan,nan,nan
35.159013509750366,-0.4000000059604645,4.034999847412109,4.063000202178955,4.059000015258789,4.063000202178955,4.064000129699707,4.066999912261963,nan,nan,nan,nan,nan,nan
35.31869888305664,-0.4000000059604645,4.034999847412109,4.061999797821045,4.059999942779541,4.063000202178955,4.064000129699707,4.066999912261963,nan,nan,nan,nan,nan,nan
35.500513553619385,-0.4000000059604645,4.034999847412109,4.061999797821045,4.059999942779541,4.063000202178955,4.064000129699707,4.066999912261963,nan,nan,nan,nan,nan,nan
35.65974140167236,-0.4000000059604645,4.034999847412109,4.061999797821045,4.059999942779541,4.063000202178955,4.064000129699707,4.066999912261963,nan,nan,nan,nan,nan,nan
35.84028077125549,-0.4000000059604645,4.034999847412109,4.061999797821045,4.059000015258789,4.063000202178955,4.064000129699707,4.066999912261963,nan,nan,nan,nan,nan,nan
36.01937556266785,-0.4000000059604645,4.034999847412109,4.061999797821045,4.059999942779541,4.063000202178955,4.064000129699707,4.067999839782715,nan,nan,nan,nan,nan,nan
36.178916931152344,-0.38999998569488525,4.034999847412109,4.061999797821045,4.059999942779541,4.063000202178955,4.064000129699707,4.067999839782715,nan,nan,nan,nan,nan,nan
36.359278440475464,-0.3799999952316284,4.034999847412109,4.061999797821045,4.059999942779541,4.063000202178955,4.064000129699707,4.066999912261963,nan,nan,nan,nan,nan,nan
36.53929018974304,-0.4000000059604645,4.034999847412109,4.061999797821045,4.059999942779541,4.063000202178955,4.064000129699707,4.066999912261963,nan,nan,nan,nan,nan,nan
36.69886517524719,-0.4099999964237213,4.034999847412109,4.061999797821045,4.059999942779541,4.063000202178955,4.064000129699707,4.067999839782715,nan,nan,nan,nan,nan,nan
36.87914681434631,-0.4000000059604645,4.034999847412109,4.061999797821045,4.059999942779541,4.064000129699707,4.064000129699707,4.066999912261963,nan,nan,nan,nan,nan,nan
37.03852891921997,-0.4000000059604645,4.034999847412109,4.061999797821045,4.059999942779541,4.063000202178955,4.064000129699707,4.066999912261963,nan,nan,nan,nan,nan,nan
37.21887230873108,-0.4000000059604645,4.034999847412109,4.061999797821045,4.059999942779541,4.063000202178955,4.064000129699707,4.067999839782715,nan,nan,nan,nan,nan,nan
37.400392293930054,-0.4000000059604645,4.034999847412109,4.063000202178955,4.059999942779541,4.063000202178955,4.064000129699707,4.066999912261963,nan,nan,nan,nan,nan,nan
37.55865025520325,-0.4000000059604645,4.034999847412109,4.061999797821045,4.059999942779541,4.063000202178955,4.064000129699707,4.066999912261963,nan,nan,nan,nan,nan,nan
37.738999366760254,-0.3799999952316284,4.034999847412109,4.061999797821045,4.059999942779541,4.063000202178955,4.064000129699707,4.067999839782715,nan,nan,nan,nan,nan,nan
37.900001525878906,-0.4099999964237213,4.034999847412109,4.061999797821045,4.059999942779541,4.063000202178955,4.064000129699707,4.066999912261963,nan,nan,nan,nan,nan,nan
38.07910490036011,-0.4000000059604645,4.034999847412109,4.061999797821045,4.059999942779541,4.063000202178955,4.064000129699707,4.066999912261963,nan,nan,nan,nan,nan,nan
38.2595009803772,-0.4000000059604645,4.034999847412109,4.061999797821045,4.059999942779541,4.063000202178955,4.064000129699707,4.066999912261963,nan,nan,nan,nan,nan,nan
38.418877840042114,-0.4000000059604645,4.034999847412109,4.061999797821045,4.059999942779541,4.063000202178955,4.064000129699707,4.066999912261963,nan,nan,nan,nan,nan,nan
38.59948492050171,-0.38999998569488525,4.034999847412109,4.061999797821045,4.059999942779541,4.063000202178955,4.064000129699707,4.066999912261963,nan,nan,nan,nan,nan,nan
38.77989935874939,-0.38999998569488525,4.034999847412109,4.061999797821045,4.059999942779541,4.063000202178955,4.064000129699707,4.067999839782715,nan,nan,nan,nan,nan,nan
38.93918800354004,-0.4000000059604645,4.034999847412109,4.061999797821045,4.059999942779541,4.063000202178955,4.064000129699707,4.066999912261963,nan,nan,nan,nan,nan,nan
39.11977982521057,-0.4000000059604645,4.034999847412109,4.061999797821045,4.059999942779541,4.063000202178955,4.064000129699707,4.067999839782715,nan,nan,nan,nan,nan,nan
39.27934432029724,-0.38999998569488525,4.034999847412109,4.061999797821045,4.059999942779541,4.063000202178955,4.064000129699707,4.066999912261963,nan,nan,nan,nan,nan,nan
39.45972514152527,-0.38999998569488525,4.034999847412109,4.061999797821045,4.059999942779541,4.063000202178955,4.064000129699707,4.066999912261963,nan,nan,nan,nan,nan,nan
39.63980960845947,-0.4000000059604645,4.034999847412109,4.061999797821045,4.059999942779541,4.063000202178955,4.064000129699707,4.066999912261963,nan,nan,nan,nan,nan,nan
39.79940915107727,-0.4000000059604645,4.034999847412109,4.061999797821045,4.059999942779541,4.063000202178955,4.064000129699707,4.066999912261963,nan,nan,nan,nan,nan,nan
39.97932457923889,-0.4000000059604645,4.034999847412109,4.061999797821045,4.059999942779541,4.063000202178955,4.064000129699707,4.066999912261963,nan,nan,nan,nan,nan,nan
40.13903594017029,-0.4000000059604645,4.034999847412109,4.061999797821045,4.059999942779541,4.063000202178955,4.064000129699707,4.066999912261963,nan,nan,nan,nan,nan,nan
40.31960916519165,-0.4000000059604645,4.034999847412109,4.061999797821045,4.059999942779541,4.063000202178955,4.064000129699707,4.066999912261963,nan,nan,nan,nan,nan,nan
40.49889659881592,-0.4000000059604645,4.034999847412109,4.061999797821045,4.059999942779541,4.063000202178955,4.064000129699707,4.066999912261963,nan,nan,nan,nan,nan,nan
40.65975308418274,-0.4000000059604645,4.034999847412109,4.061999797821045,4.059000015258789,4.063000202178955,4.064000129699707,4.066999912261963,nan,nan,nan,nan,nan,nan
40.84011936187744,-0.4000000059604645,4.034999847412109,4.061999797821045,4.059999942779541,4.063000202178955,4.064000129699707,4.066999912261963,nan,nan,nan,nan,nan,nan
41.01938462257385,-0.4000000059604645,4.034999847412109,4.061999797821045,4.059999942779541,4.063000202178955,4.064000129699707,4.066999912261963,nan,nan,nan,nan,nan,nan
41.17866277694702,-0.4000000059604645,4.034999847412109,4.061999797821045,4.059999942779541,4.063000202178955,4.064000129699707,4.066999912261963,nan,nan,nan,nan,nan,nan
41.35917258262634,-0.4000000059604645,4.034999847412109,4.061999797821045,4.059999942779541,4.063000202178955,4.064000129699707,4.066999912261963,nan,nan,nan,nan,nan,nan
41.51882600784302,-0.4000000059604645,4.034999847412109,4.061999797821045,4.059999942779541,4.063000202178955,4.064000129699707,4.066999912261963,nan,nan,nan,nan,nan,nan
41.700379848480225,-0.4099999964237213,4.034999847412109,4.061999797821045,4.059999942779541,4.063000202178955,4.064000129699707,4.067999839782715,nan,nan,nan,nan,nan,nan
41.879286766052246,-0.4000000059604645,4.034999847412109,4.061999797821045,4.059000015258789,4.063000202178955,4.064000129699707,4.066999912261963,nan,nan,nan,nan,nan,nan
42.03858494758606,-0.4000000059604645,4.034999847412109,4.061999797821045,4.059999942779541,4.063000202178955,4.064000129699707,4.066999912261963,nan,nan,nan,nan,nan,nan
42.21919655799866,-0.38999998569488525,4.034999847412109,4.061999797821045,4.059999942779541,4.063000202178955,4.064000129699707,4.066999912261963,nan,nan,nan,nan,nan,nan
42.399139165878296,-0.4000000059604645,4.034999847412109,4.061999797821045,4.059999942779541,4.063000202178955,4.064000129699707,4.066999912261963,nan,nan,nan,nan,nan,nan
42.558971881866455,-0.4000000059604645,4.034999847412109,4.061999797821045,4.059000015258789,4.063000202178955,4.064000129699707,4.066999912261963,nan,nan,nan,nan,nan,nan
42.73934531211853,-0.4000000059604645,4.034999847412109,4.061999797821045,4.059999942779541,4.063000202178955,4.064000129699707,4.066999912261963,nan,nan,nan,nan,nan,nan
42.898521423339844,-0.4000000059604645,4.034999847412109,4.061999797821045,4.059999942779541,4.063000202178955,4.064000129699707,4.066999912261963,nan,nan,nan,nan,nan,nan
43.08105683326721,-0.4000000059604645,4.034999847412109,4.061999797821045,4.059000015258789,4.063000202178955,4.064000129699707,4.067999839782715,nan,nan,nan,nan,nan,nan
43.25907921791077,-0.4000000059604645,4.034999847412109,4.061999797821045,4.059999942779541,4.063000202178955,4.064000129699707,4.067999839782715,nan,nan,nan,nan,nan,nan
43.42014193534851,-0.4000000059604645,4.034999847412109,4.061999797821045,4.059999942779541,4.063000202178955,4.064000129699707,4.066999912261963,nan,nan,nan,nan,nan,nan
43.59886574745178,-0.4000000059604645,4.034999847412109,4.061999797821045,4.059999942779541,4.063000202178955,4.064000129699707,4.066999912261963,nan,nan,nan,nan,nan,nan
43.75976753234863,-0.4099999964237213,4.034999847412109,4.061999797821045,4.059000015258789,4.063000202178955,4.064000129699707,4.066999912261963,nan,nan,nan,nan,nan,nan
43.93874907493591,-0.4000000059604645,4.034999847412109,4.061999797821045,4.059000015258789,4.063000202178955,4.064000129699707,4.066999912261963,nan,nan,nan,nan,nan,nan
44.11931777000427,-0.4000000059604645,4.034999847412109,4.061999797821045,4.059999942779541,4.063000202178955,4.064000129699707,4.066999912261963,nan,nan,nan,nan,nan,nan
44.28062582015991,-0.4000000059604645,4.034999847412109,4.061999797821045,4.059999942779541,4.063000202178955,4.064000129699707,4.066999912261963,nan,nan,nan,nan,nan,nan
44.45914053916931,-0.4000000059604645,4.034999847412109,4.061999797821045,4.059999942779541,4.063000202178955,4.064000129699707,4.066999912261963,nan,nan,nan,nan,nan,nan
44.63914895057678,-0.4000000059604645,4.034999847412109,4.061999797821045,4.059000015258789,4.063000202178955,4.064000129699707,4.066999912261963,nan,nan,nan,nan,nan,nan
44.80074763298035,-0.4000000059604645,4.034999847412109,4.061999797821045,4.059999942779541,4.063000202178955,4.064000129699707,4.066999912261963,nan,nan,nan,nan,nan,nan
44.980326414108276,-0.4000000059604645,4.034999847412109,4.061999797821045,4.059999942779541,4.063000202178955,4.064000129699707,4.066999912261963,nan,nan,nan,nan,nan,nan
45.14149522781372,-0.4000000059604645,4.034999847412109,4.061999797821045,4.059999942779541,4.063000202178955,4.064000129699707,4.066999912261963,nan,nan,nan,nan,nan,nan
45.3202428817749,-0.4099999964237213,4.034999847412109,4.061999797821045,4.059000015258789,4.063000202178955,4.064000129699707,4.066999912261963,nan,nan,nan,nan,nan,nan
45.500566482543945,-0.38999998569488525,4.034999847412109,4.061999797821045,4.059999942779541,4.063000202178955,4.064000129699707,4.066999912261963,nan,nan,nan,nan,nan,nan
45.66217803955078,-0.38999998569488525,4.034999847412109,4.061999797821045,4.059000015258789,4.063000202178955,4.064000129699707,4.066999912261963,nan,nan,nan,nan,nan,nan
45.840250968933105,-0.4000000059604645,4.034999847412109,4.061999797821045,4.059999942779541,4.063000202178955,4.064000129699707,4.066999912261963,nan,nan,nan,nan,nan,nan
46.00083923339844,-0.38999998569488525,4.034999847412109,4.061999797821045,4.059000015258789,4.063000202178955,4.064000129699707,4.066999912261963,nan,nan,nan,nan,nan,nan
46.180946826934814,-0.4000000059604645,4.034999847412109,4.061999797821045,4.059999942779541,4.063000202178955,4.064000129699707,4.066999912261963,nan,nan,nan,nan,nan,nan
46.360143423080444,-0.4000000059604645,4.034999847412109,4.061999797821045,4.059999942779541,4.063000202178955,4.064000129699707,4.066999912261963,nan,nan,nan,nan,nan,nan
46.5194890499115,-0.4000000059604645,4.034999847412109,4.061999797821045,4.059999942779541,4.063000202178955,4.064000129699707,4.066999912261963,nan,nan,nan,nan,nan,nan
46.7011182308197,-0.4000000059604645,4.034999847412109,4.061999797821045,4.059999942779541,4.063000202178955,4.064000129699707,4.066999912261963,nan,nan,nan,nan,nan,nan
46.86075568199158,-0.4000000059604645,4.034999847412109,4.061999797821045,4.059999942779541,4.063000202178955,4.064000129699707,4.066999912261963,nan,nan,nan,nan,nan,nan
47.04126167297363,-0.4000000059604645,4.034999847412109,4.061999797821045,4.059000015258789,4.063000202178955,4.064000129699707,4.066999912261963,nan,nan,nan,nan,nan,nan
47.219281911849976,-0.4000000059604645,4.034999847412109,4.061999797821045,4.059999942779541,4.063000202178955,4.064000129699707,4.066999912261963,nan,nan,nan,nan,nan,nan
47.37859654426575,-0.4000000059604645,4.034999847412109,4.061999797821045,4.059999942779541,4.063000202178955,4.064000129699707,4.066999912261963,nan,nan,nan,nan,nan,nan
47.55928897857666,-0.4000000059604645,4.034999847412109,4.061999797821045,4.059000015258789,4.063000202178955,4.064000129699707,4.066999912261963,nan,nan,nan,nan,nan,nan
47.73935008049011,-0.4000000059604645,4.034999847412109,4.061999797821045,4.059000015258789,4.063000202178955,4.064000129699707,4.066999912261963,nan,nan,nan,nan,nan,nan
47.89911484718323,-0.4000000059604645,4.033999919891357,4.061999797821045,4.059000015258789,4.063000202178955,4.064000129699707,4.066999912261963,nan,nan,nan,nan,nan,nan
48.07910895347595,-0.4099999964237213,4.034999847412109,4.061999797821045,4.059000015258789,4.063000202178955,4.064000129699707,4.066999912261963,nan,nan,nan,nan,nan,nan
48.23994016647339,-0.4000000059604645,4.034999847412109,4.061999797821045,4.059999942779541,4.063000202178955,4.064000129699707,4.066999912261963,nan,nan,nan,nan,nan,nan
48.41887879371643,-0.3799999952316284,4.034999847412109,4.061999797821045,4.059999942779541,4.063000202178955,4.064000129699707,4.066999912261963,nan,nan,nan,nan,nan,nan
48.5986270904541,-0.4000000059604645,4.034999847412109,4.061999797821045,4.059000015258789,4.063000202178955,4.064000129699707,4.066999912261963,nan,nan,nan,nan,nan,nan
48.759838342666626,-0.4000000059604645,4.034999847412109,4.061999797821045,4.059999942779541,4.063000202178955,4.064000129699707,4.066999912261963,nan,nan,nan,nan,nan,nan
48.93851447105408,-0.4000000059604645,4.034999847412109,4.061999797821045,4.059000015258789,4.063000202178955,4.064000129699707,4.066999912261963,nan,nan,nan,nan,nan,nan
49.099868297576904,-0.4000000059604645,4.034999847412109,4.061999797821045,4.059000015258789,4.063000202178955,4.064000129699707,4.066999912261963,nan,nan,nan,nan,nan,nan
49.280125856399536,-0.4000000059604645,4.034999847412109,4.061999797821045,4.059999942779541,4.063000202178955,4.064000129699707,4.066999912261963,nan,nan,nan,nan,nan,nan
49.45898628234863,-0.4000000059604645,4.033999919891357,4.061999797821045,4.059000015258789,4.063000202178955,4.064000129699707,4.066999912261963,nan,nan,nan,nan,nan,nan
49.6200008392334,-0.4000000059604645,4.033999919891357,4.061999797821045,4.059000015258789,4.063000202178955,4.064000129699707,4.066999912261963,nan,nan,nan,nan,nan,nan
49.79905033111572,-0.4000000059604645,4.034999847412109,4.061999797821045,4.059000015258789,4.063000202178955,4.064000129699707,4.066999912261963,nan,nan,nan,nan,nan,nan
49.97930145263672,-0.38999998569488525,4.034999847412109,4.061999797821045,4.059000015258789,4.063000202178955,4.064000129699707,4.066999912261963,nan,nan,nan,nan,nan,nan
50.13921070098877,-0.4000000059604645,4.034999847412109,4.061999797821045,4.059000015258789,4.063000202178955,4.064000129699707,4.066999912261963,nan,nan,nan,nan,nan,nan
50.319454193115234,-0.41999998688697815,4.034999847412109,4.061999797821045,4.059999942779541,4.063000202178955,4.064000129699707,4.066999912261963,nan,nan,nan,nan,nan,nan
50.47873282432556,-0.4000000059604645,4.034999847412109,4.061999797821045,4.059000015258789,4.063000202178955,4.064000129699707,4.066999912261963,nan,nan,nan,nan,nan,nan
50.659181356430054,-0.4000000059604645,4.034999847412109,4.061999797821045,4.059000015258789,4.063000202178955,4.064000129699707,4.066999912261963,nan,nan,nan,nan,nan,nan
50.839576721191406,-0.4000000059604645,4.034999847412109,4.061999797821045,4.059000015258789,4.063000202178955,4.064000129699707,4.066999912261963,nan,nan,nan,nan,nan,nan
51.00244164466858,-0.38999998569488525,4.033999919891357,4.061999797821045,4.059000015258789,4.063000202178955,4.064000129699707,4.066999912261963,nan,nan,nan,nan,nan,nan
51.17916965484619,-0.4099999964237213,4.034999847412109,4.061999797821045,4.059000015258789,4.063000202178955,4.064000129699707,4.066999912261963,nan,nan,nan,nan,nan,nan
51.33888387680054,-0.4000000059604645,4.034999847412109,4.061999797821045,4.059000015258789,4.063000202178955,4.064000129699707,4.066999912261963,nan,nan,nan,nan,nan,nan
51.51929545402527,-0.4000000059604645,4.033999919891357,4.061999797821045,4.059999942779541,4.063000202178955,4.064000129699707,4.066999912261963,nan,nan,nan,nan,nan,nan
51.70092582702637,-0.4000000059604645,4.033999919891357,4.061999797821045,4.059999942779541,4.063000202178955,4.064000129699707,4.066999912261963,nan,nan,nan,nan,nan,nan
51.85889673233032,-0.4000000059604645,4.033999919891357,4.061999797821045,4.059000015258789,4.063000202178955,4.064000129699707,4.066999912261963,nan,nan,nan,nan,nan,nan
52.03930139541626,-0.38999998569488525,4.034999847412109,4.061999797821045,4.059000015258789,4.063000202178955,4.064000129699707,4.066999912261963,nan,nan,nan,nan,nan,nan
52.22124004364014,-0.4099999964237213,4.034999847412109,4.061999797821045,4.059000015258789,4.063000202178955,4.064000129699707,4.066999912261963,nan,nan,nan,nan,nan,nan
52.381622314453125,-0.4000000059604645,4.033999919891357,4.061999797821045,4.059000015258789,4.063000202178955,4.064000129699707,4.066999912261963,nan,nan,nan,nan,nan,nan
52.560365438461304,-0.4000000059604645,4.033999919891357,4.061999797821045,4.059000015258789,4.063000202178955,4.064000129699707,4.066999912261963,nan,nan,nan,nan,nan,nan
52.721463441848755,-0.38999998569488525,4.034999847412109,4.061999797821045,4.059999942779541,4.063000202178955,4.064000129699707,4.066999912261963,nan,nan,nan,nan,nan,nan
52.90046525001526,-0.38999998569488525,4.034999847412109,4.061999797821045,4.059000015258789,4.063000202178955,4.064000129699707,4.066999912261963,nan,nan,nan,nan,nan,nan
53.080177307128906,-0.4000000059604645,4.033999919891357,4.061999797821045,4.059000015258789,4.063000202178955,4.064000129699707,4.066999912261963,nan,nan,nan,nan,nan,nan
53.24001717567444,-0.4000000059604645,4.034999847412109,4.061999797821045,4.059999942779541,4.063000202178955,4.064000129699707,4.066999912261963,nan,nan,nan,nan,nan,nan
53.42010235786438,-0.38999998569488525,4.034999847412109,4.061999797821045,4.059000015258789,4.063000202178955,4.064000129699707,4.066999912261963,nan,nan,nan,nan,nan,nan
53.57971477508545,-0.41999998688697815,4.033999919891357,4.061999797821045,4.059000015258789,4.063000202178955,4.064000129699707,4.066999912261963,nan,nan,nan,nan,nan,nan
53.76007652282715,-0.3799999952316284,4.033999919891357,4.061999797821045,4.059000015258789,4.063000202178955,4.064000129699707,4.066999912261963,nan,nan,nan,nan,nan,nan
53.93915033340454,-0.4000000059604645,4.033999919891357,4.061999797821045,4.059999942779541,4.063000202178955,4.064000129699707,4.066999912261963,nan,nan,nan,nan,nan,nan
54.10001993179321,-0.4000000059604645,4.033999919891357,4.061999797821045,4.059000015258789,4.063000202178955,4.064000129699707,4.066999912261963,nan,nan,nan,nan,nan,nan
54.28064227104187,-0.4099999964237213,4.033999919891357,4.060999870300293,4.059000015258789,4.063000202178955,4.064000129699707,4.066999912261963,nan,nan,nan,nan,nan,nan
54.460078716278076,-0.4000000059604645,4.033999919891357,4.061999797821045,4.059999942779541,4.063000202178955,4.064000129699707,4.066999912261963,nan,nan,nan,nan,nan,nan
54.62023663520813,-0.4000000059604645,4.033999919891357,4.060999870300293,4.059000015258789,4.063000202178955,4.064000129699707,4.066999912261963,nan,nan,nan,nan,nan,nan
54.80154991149902,-0.4000000059604645,4.033999919891357,4.061999797821045,4.059000015258789,4.063000202178955,4.064000129699707,4.066999912261963,nan,nan,nan,nan,nan,nan
54.96098041534424,-0.3799999952316284,4.033999919891357,4.061999797821045,4.059000015258789,4.063000202178955,4.064000129699707,4.066999912261963,nan,nan,nan,nan,nan,nan
55.13964343070984,-0.38999998569488525,4.034999847412109,4.061999797821045,4.059000015258789,4.063000202178955,4.063000202178955,4.066999912261963,nan,nan,nan,nan,nan,nan
55.318629026412964,-0.4099999964237213,4.034999847412109,4.061999797821045,4.059000015258789,4.063000202178955,4.064000129699707,4.066999912261963,nan,nan,nan,nan,nan,nan
55.47974729537964,-0.4000000059604645,4.033999919891357,4.061999797821045,4.059000015258789,4.063000202178955,4.064000129699707,4.066999912261963,nan,nan,nan,nan,nan,nan
55.65876603126526,-0.4000000059604645,4.034999847412109,4.061999797821045,4.059000015258789,4.063000202178955,4.064000129699707,4.066999912261963,nan,nan,nan,nan,nan,nan
55.819966077804565,-0.4099999964237213,4.034999847412109,4.061999797821045,4.059000015258789,4.063000202178955,4.064000129699707,4.066999912261963,nan,nan,nan,nan,nan,nan
56.00011849403381,-0.4000000059604645,4.034999847412109,4.061999797821045,4.059000015258789,4.063000202178955,4.064000129699707,4.066999912261963,nan,nan,nan,nan,nan,nan
56.1788215637207,-0.4000000059604645,4.033999919891357,4.061999797821045,4.059999942779541,4.063000202178955,4.064000129699707,4.066999912261963,nan,nan,nan,nan,nan,nan
56.340020418167114,-0.38999998569488525,4.033999919891357,4.061999797821045,4.059000015258789,4.063000202178955,4.064000129699707,4.066999912261963,nan,nan,nan,nan,nan,nan
56.519089698791504,-0.38999998569488525,4.034999847412109,4.061999797821045,4.059000015258789,4.063000202178955,4.064000129699707,4.066999912261963,nan,nan,nan,nan,nan,nan
56.69926166534424,-0.4000000059604645,4.033999919891357,4.061999797821045,4.059000015258789,4.063000202178955,4.064000129699707,4.066999912261963,nan,nan,nan,nan,nan,nan
56.858665227890015,-0.4000000059604645,4.034999847412109,4.061999797821045,4.059000015258789,4.063000202178955,4.064000129699707,4.066999912261963,nan,nan,nan,nan,nan,nan
57.04016065597534,-0.38999998569488525,4.033999919891357,4.061999797821045,4.059000015258789,4.063000202178955,4.064000129699707,4.066999912261963,nan,nan,nan,nan,nan,nan
57.199687480926514,-0.4099999964237213,4.033999919891357,4.061999797821045,4.059000015258789,4.063000202178955,4.064000129699707,4.066999912261963,nan,nan,nan,nan,nan,nan
57.3785924911499,-0.4000000059604645,4.033999919891357,4.061999797821045,4.059000015258789,4.063000202178955,4.064000129699707,4.066999912261963,nan,nan,nan,nan,nan,nan
57.55977916717529,-0.4099999964237213,4.033999919891357,4.061999797821045,4.059000015258789,4.063000202178955,4.064000129699707,4.066999912261963,nan,nan,nan,nan,nan,nan
57.71947765350342,-0.4000000059604645,4.033999919891357,4.061999797821045,4.059000015258789,4.063000202178955,4.064000129699707,4.066999912261963,nan,nan,nan,nan,nan,nan
57.899574756622314,-0.4000000059604645,4.033999919891357,4.061999797821045,4.059000015258789,4.063000202178955,4.064000129699707,4.066999912261963,nan,nan,nan,nan,nan,nan
58.059064865112305,-0.4000000059604645,4.033999919891357,4.061999797821045,4.059000015258789,4.063000202178955,4.064000129699707,4.066999912261963,nan,nan,nan,nan,nan,nan
58.23953557014465,-0.4000000059604645,4.033999919891357,4.061999797821045,4.059000015258789,4.063000202178955,4.064000129699707,4.066999912261963,nan,nan,nan,nan,nan,nan
58.419506311416626,-0.41999998688697815,4.033999919891357,4.061999797821045,4.059000015258789,4.063000202178955,4.064000129699707,4.066999912261963,nan,nan,nan,nan,nan,nan
58.57905960083008,-0.4000000059604645,4.033999919891357,4.061999797821045,4.059000015258789,4.063000202178955,4.064000129699707,4.066999912261963,nan,nan,nan,nan,nan,nan
58.759437084198,-0.4000000059604645,4.033999919891357,4.061999797821045,4.059000015258789,4.063000202178955,4.064000129699707,4.066999912261963,nan,nan,nan,nan,nan,nan
58.91902804374695,-0.4000000059604645,4.033999919891357,4.061999797821045,4.059000015258789,4.063000202178955,4.063000202178955,4.066999912261963,nan,nan,nan,nan,nan,nan
59.09917497634888,-0.4000000059604645,4.033999919891357,4.061999797821045,4.059000015258789,4.063000202178955,4.064000129699707,4.066999912261963,nan,nan,nan,nan,nan,nan
59.27936553955078,-0.4000000059604645,4.034999847412109,4.061999797821045,4.059000015258789,4.063000202178955,4.064000129699707,4.066999912261963,nan,nan,nan,nan,nan,nan
59.43894052505493,-0.4000000059604645,4.033999919891357,4.061999797821045,4.059000015258789,4.063000202178955,4.064000129699707,4.066999912261963,nan,nan,nan,nan,nan,nan
59.61935019493103,-0.4099999964237213,4.033999919891357,4.061999797821045,4.059000015258789,4.063000202178955,4.064000129699707,4.066999912261963,nan,nan,nan,nan,nan,nan
59.80004143714905,-0.4000000059604645,4.033999919891357,4.061999797821045,4.059000015258789,4.063000202178955,4.063000202178955,4.066999912261963,nan,nan,nan,nan,nan,nan
59.95909023284912,-0.4000000059604645,4.033999919891357,4.060999870300293,4.059000015258789,4.063000202178955,4.064000129699707,4.066999912261963,nan,nan,nan,nan,nan,nan
60.13932728767395,-0.4099999964237213,4.033999919891357,4.061999797821045,4.059000015258789,4.063000202178955,4.063000202178955,4.066999912261963,nan,nan,nan,nan,nan,nan
60.29879975318909,-0.4000000059604645,4.033999919891357,4.061999797821045,4.059000015258789,4.063000202178955,4.064000129699707,4.066999912261963,nan,nan,nan,nan,nan,nan
60.479257583618164,-0.4000000059604645,4.033999919891357,4.061999797821045,4.059000015258789,4.063000202178955,4.064000129699707,4.066999912261963,nan,nan,nan,nan,nan,nan
60.659626960754395,-0.4000000059604645,4.033999919891357,4.061999797821045,4.059000015258789,4.063000202178955,4.063000202178955,4.066999912261963,nan,nan,nan,nan,nan,nan
60.818859577178955,-0.4000000059604645,4.033999919891357,4.061999797821045,4.059000015258789,4.063000202178955,4.064000129699707,4.066999912261963,nan,nan,nan,nan,nan,nan
60.9992241859436,-0.4000000059604645,4.033999919891357,4.061999797821045,4.059000015258789,4.063000202178955,4.064000129699707,4.066999912261963,nan,nan,nan,nan,nan,nan
61.1587131023407,-0.4000000059604645,4.033999919891357,4.061999797821045,4.059000015258789,4.063000202178955,4.063000202178955,4.066999912261963,nan,nan,nan,nan,nan,nan
61.339293479919434,-0.38999998569488525,4.033999919891357,4.061999797821045,4.059000015258789,4.063000202178955,4.064000129699707,4.066999912261963,nan,nan,nan,nan,nan,nan
61.52069115638733,-0.38999998569488525,4.033999919891357,4.061999797821045,4.059000015258789,4.063000202178955,4.064000129699707,4.066999912261963,nan,nan,nan,nan,nan,nan
61.68073630332947,-0.4000000059604645,4.033999919891357,4.061999797821045,4.059000015258789,4.063000202178955,4.064000129699707,4.066999912261963,nan,nan,nan,nan,nan,nan
61.86045813560486,-0.4099999964237213,4.033999919891357,4.061999797821045,4.059000015258789,4.063000202178955,4.064000129699707,4.066999912261963,nan,nan,nan,nan,nan,nan
62.03931975364685,-0.4000000059604645,4.033999919891357,4.061999797821045,4.059000015258789,4.063000202178955,4.064000129699707,4.066999912261963,nan,nan,nan,nan,nan,nan
62.19923138618469,-0.4000000059604645,4.033999919891357,4.061999797821045,4.059000015258789,4.063000202178955,4.064000129699707,4.066999912261963,nan,nan,nan,nan,nan,nan
62.380462884902954,-0.4000000059604645,4.033999919891357,4.061999797821045,4.059000015258789,4.063000202178955,4.064000129699707,4.066999912261963,nan,nan,nan,nan,nan,nan
62.54037284851074,-0.4000000059604645,4.033999919891357,4.061999797821045,4.059000015258789,4.063000202178955,4.063000202178955,4.066999912261963,nan,nan,nan,nan,nan,nan
62.72017550468445,-0.4000000059604645,4.033999919891357,4.060999870300293,4.059000015258789,4.063000202178955,4.063000202178955,4.066999912261963,nan,nan,nan,nan,nan,nan
62.89874625205994,-0.4000000059604645,4.033999919891357,4.061999797821045,4.059000015258789,4.063000202178955,4.064000129699707,4.066999912261963,nan,nan,nan,nan,nan,nan
63.05992579460144,-0.3799999952316284,4.033999919891357,4.061999797821045,4.059000015258789,4.063000202178955,4.063000202178955,4.066999912261963,nan,nan,nan,nan,nan,nan
63.23870325088501,-0.4000000059604645,4.033999919891357,4.061999797821045,4.059000015258789,4.063000202178955,4.063000202178955,4.066999912261963,nan,nan,nan,nan,nan,nan
63.39973735809326,-0.4099999964237213,4.033999919891357,4.061999797821045,4.059000015258789,4.063000202178955,4.064000129699707,4.066999912261963,nan,nan,nan,nan,nan,nan
63.57990121841431,-0.4000000059604645,4.033999919891357,4.061999797821045,4.059000015258789,4.063000202178955,4.064000129699707,4.066999912261963,nan,nan,nan,nan,nan,nan
63.759243965148926,-0.4000000059604645,4.033999919891357,4.061999797821045,4.059000015258789,4.063000202178955,4.064000129699707,4.066999912261963,nan,nan,nan,nan,nan,nan
63.91980051994324,-0.4099999964237213,4.033999919891357,4.061999797821045,4.059000015258789,4.063000202178955,4.064000129699707,4.066999912261963,nan,nan,nan,nan,nan,nan
64.09910345077515,-0.4000000059604645,4.033999919891357,4.061999797821045,4.059000015258789,4.063000202178955,4.064000129699707,4.066999912261963,nan,nan,nan,nan,nan,nan
64.27999901771545,-0.4099999964237213,4.033999919891357,4.061999797821045,4.059000015258789,4.063000202178955,4.063000202178955,4.066999912261963,nan,nan,nan,nan,nan,nan
64.43993854522705,-0.4000000059604645,4.033999919891357,4.061999797821045,4.059000015258789,4.063000202178955,4.064000129699707,4.066999912261963,nan,nan,nan,nan,nan,nan
64.62011766433716,-0.4000000059604645,4.033999919891357,4.060999870300293,4.059000015258789,4.063000202178955,4.063000202178955,4.066999912261963,nan,nan,nan,nan,nan,nan
64.77952837944031,-0.4000000059604645,4.033999919891357,4.061999797821045,4.059000015258789,4.063000202178955,4.063000202178955,4.066999912261963,nan,nan,nan,nan,nan,nan
64.95959186553955,-0.4000000059604645,4.033999919891357,4.061999797821045,4.059000015258789,4.063000202178955,4.063000202178955,4.066999912261963,nan,nan,nan,nan,nan,nan
65.13873243331909,-0.4099999964237213,4.033999919891357,4.061999797821045,4.059000015258789,4.063000202178955,4.063000202178955,4.066999912261963,nan,nan,nan,nan,nan,nan
65.29989838600159,-0.4000000059604645,4.033999919891357,4.061999797821045,4.059000015258789,4.063000202178955,4.064000129699707,4.066999912261963,nan,nan,nan,nan,nan,nan
65.4787266254425,-0.4099999964237213,4.033999919891357,4.061999797821045,4.059000015258789,4.063000202178955,4.064000129699707,4.066999912261963,nan,nan,nan,nan,nan,nan
65.63981819152832,-0.4000000059604645,4.033999919891357,4.060999870300293,4.059000015258789,4.063000202178955,4.063000202178955,4.066999912261963,nan,nan,nan,nan,nan,nan
65.819495677948,-0.3799999952316284,4.033999919891357,4.060999870300293,4.059000015258789,4.063000202178955,4.064000129699707,4.066999912261963,nan,nan,nan,nan,nan,nan
65.99993181228638,-0.4099999964237213,4.033999919891357,4.061999797821045,4.059000015258789,4.063000202178955,4.064000129699707,4.066999912261963,nan,nan,nan,nan,nan,nan
66.15934753417969,-0.4000000059604645,4.033999919891357,4.061999797821045,4.059000015258789,4.063000202178955,4.064000129699707,4.066999912261963,nan,nan,nan,nan,nan,nan
66.33962798118591,-0.4000000059604645,4.033999919891357,4.060999870300293,4.059000015258789,4.063000202178955,4.063000202178955,4.066999912261963,nan,nan,nan,nan,nan,nan
66.50128865242004,-0.4000000059604645,4.033999919891357,4.060999870300293,4.059000015258789,4.063000202178955,4.064000129699707,4.066999912261963,nan,nan,nan,nan,nan,nan
66.68114709854126,-0.38999998569488525,4.033999919891357,4.061999797821045,4.059000015258789,4.063000202178955,4.063000202178955,4.066999912261963,nan,nan,nan,nan,nan,nan
66.85921907424927,-0.4000000059604645,4.033999919891357,4.060999870300293,4.059000015258789,4.063000202178955,4.063000202178955,4.066999912261963,nan,nan,nan,nan,nan,nan
67.02055239677429,-0.38999998569488525,4.033999919891357,4.061999797821045,4.059000015258789,4.063000202178955,4.063000202178955,4.066999912261963,nan,nan,nan,nan,nan,nan
67.2007520198822,-0.38999998569488525,4.033999919891357,4.060999870300293,4.059000015258789,4.063000202178955,4.063000202178955,4.066999912261963,nan,nan,nan,nan,nan,nan
67.37931561470032,-0.4000000059604645,4.033999919891357,4.061999797821045,4.059000015258789,4.063000202178955,4.063000202178955,4.066999912261963,nan,nan,nan,nan,nan,nan
67.54040431976318,-0.38999998569488525,4.033999919891357,4.061999797821045,4.059000015258789,4.063000202178955,4.063000202178955,4.066999912261963,nan,nan,nan,nan,nan,nan
67.72220182418823,-0.38999998569488525,4.033999919891357,4.060999870300293,4.059000015258789,4.063000202178955,4.063000202178955,4.066999912261963,nan,nan,nan,nan,nan,nan
67.87997055053711,-0.4000000059604645,4.033999919891357,4.060999870300293,4.059000015258789,4.063000202178955,4.063000202178955,4.066999912261963,nan,nan,nan,nan,nan,nan
68.06037020683289,-0.4000000059604645,4.033999919891357,4.061999797821045,4.059000015258789,4.063000202178955,4.063000202178955,4.066999912261963,nan,nan,nan,nan,nan,nan
68.24023270606995,-0.4000000059604645,4.033999919891357,4.061999797821045,4.059000015258789,4.063000202178955,4.064000129699707,4.066999912261963,nan,nan,nan,nan,nan,nan
68.4000072479248,-0.38999998569488525,4.033999919891357,4.060999870300293,4.059000015258789,4.063000202178955,4.063000202178955,4.066999912261963,nan,nan,nan,nan,nan,nan
68.58039116859436,-0.4300000071525574,4.033999919891357,4.060999870300293,4.059000015258789,4.063000202178955,4.064000129699707,4.066999912261963,nan,nan,nan,nan,nan,nan
68.73978590965271,-0.4000000059604645,4.033999919891357,4.060999870300293,4.059000015258789,4.063000202178955,4.064000129699707,4.066999912261963,nan,nan,nan,nan,nan,nan
68.92019891738892,-0.4000000059604645,4.033999919891357,4.060999870300293,4.059000015258789,4.063000202178955,4.064000129699707,4.066999912261963,nan,nan,nan,nan,nan,nan
69.09955668449402,-0.4000000059604645,4.033999919891357,4.060999870300293,4.059000015258789,4.063000202178955,4.063000202178955,4.066999912261963,nan,nan,nan,nan,nan,nan
69.26051115989685,-0.4000000059604645,4.033999919891357,4.060999870300293,4.059000015258789,4.063000202178955,4.064000129699707,4.066999912261963,nan,nan,nan,nan,nan,nan
69.44035243988037,-0.4000000059604645,4.033999919891357,4.060999870300293,4.059000015258789,4.063000202178955,4.064000129699707,4.066999912261963,nan,nan,nan,nan,nan,nan
69.61901998519897,-0.4099999964237213,4.033999919891357,4.060999870300293,4.059000015258789,4.063000202178955,4.063000202178955,4.066999912261963,nan,nan,nan,nan,nan,nan
69.77978491783142,-0.4099999964237213,4.033999919891357,4.061999797821045,4.059000015258789,4.063000202178955,4.064000129699707,4.066999912261963,nan,nan,nan,nan,nan,nan
69.9588143825531,-0.4000000059604645,4.033999919891357,4.061999797821045,4.059000015258789,4.063000202178955,4.063000202178955,4.066999912261963,nan,nan,nan,nan,nan,nan
70.11977219581604,-0.4099999964237213,4.033999919891357,4.060999870300293,4.059000015258789,4.063000202178955,4.063000202178955,4.066999912261963,nan,nan,nan,nan,nan,nan
70.29877781867981,-0.4099999964237213,4.033999919891357,4.061999797821045,4.059000015258789,4.063000202178955,4.064000129699707,4.066999912261963,nan,nan,nan,nan,nan,nan
70.47919869422913,-0.4000000059604645,4.033999919891357,4.060999870300293,4.059000015258789,4.063000202178955,4.063000202178955,4.066999912261963,nan,nan,nan,nan,nan,nan
70.63875460624695,-0.4000000059604645,4.033999919891357,4.060999870300293,4.059000015258789,4.063000202178955,4.063000202178955,4.066999912261963,nan,nan,nan,nan,nan,nan
70.8191773891449,-0.4000000059604645,4.033999919891357,4.060999870300293,4.059000015258789,4.063000202178955,4.063000202178955,4.066999912261963,nan,nan,nan,nan,nan,nan
70.97879362106323,-0.38999998569488525,4.033999919891357,4.060999870300293,4.059000015258789,4.063000202178955,4.064000129699707,4.066999912261963,nan,nan,nan,nan,nan,nan
71.15929675102234,-0.4099999964237213,4.033999919891357,4.060999870300293,4.059000015258789,4.063000202178955,4.063000202178955,4.066999912261963,nan,nan,nan,nan,nan,nan
71.33990502357483,-0.38999998569488525,4.033999919891357,4.060999870300293,4.059000015258789,4.063000202178955,4.063000202178955,4.066999912261963,nan,nan,nan,nan,nan,nan
71.49914073944092,-0.4000000059604645,4.033999919891357,4.060999870300293,4.059000015258789,4.063000202178955,4.063000202178955,4.066999912261963,nan,nan,nan,nan,nan,nan
71.67966294288635,-0.4000000059604645,4.033999919891357,4.060999870300293,4.059000015258789,4.063000202178955,4.063000202178955,4.066999912261963,nan,nan,nan,nan,nan,nan
71.85966038703918,-0.4000000059604645,4.033999919891357,4.061999797821045,4.059000015258789,4.063000202178955,4.063000202178955,4.066999912261963,nan,nan,nan,nan,nan,nan
72.019202709198,-0.4000000059604645,4.033999919891357,4.060999870300293,4.059000015258789,4.063000202178955,4.064000129699707,4.066999912261963,nan,nan,nan,nan,nan,nan
72.19985103607178,-0.38999998569488525,4.033999919891357,4.061999797821045,4.059000015258789,4.063000202178955,4.063000202178955,4.066999912261963,nan,nan,nan,nan,nan,nan
72.35920572280884,-0.4000000059604645,4.033999919891357,4.061999797821045,4.059000015258789,4.063000202178955,4.064000129699707,4.066999912261963,nan,nan,nan,nan,nan,nan
72.54100489616394,-0.38999998569488525,4.033999919891357,4.060999870300293,4.059000015258789,4.063000202178955,4.063000202178955,4.066999912261963,nan,nan,nan,nan,nan,nan
72.71997880935669,-0.38999998569488525,4.033999919891357,4.060999870300293,4.059000015258789,4.063000202178955,4.064000129699707,4.066999912261963,nan,nan,nan,nan,nan,nan
72.87947154045105,-0.4000000059604645,4.033999919891357,4.060999870300293,4.059000015258789,4.063000202178955,4.063000202178955,4.066999912261963,nan,nan,nan,nan,nan,nan
73.06082916259766,-0.4099999964237213,4.033999919891357,4.061999797821045,4.059000015258789,4.063000202178955,4.063000202178955,4.066999912261963,nan,nan,nan,nan,nan,nan
73.22040557861328,-0.4000000059604645,4.033999919891357,4.060999870300293,4.059000015258789,4.063000202178955,4.063000202178955,4.066999912261963,nan,nan,nan,nan,nan,nan
73.39957547187805,-0.4000000059604645,4.033999919891357,4.060999870300293,4.059000015258789,4.063000202178955,4.063000202178955,4.066999912261963,nan,nan,nan,nan,nan,nan
73.5809714794159,-0.4000000059604645,4.033999919891357,4.060999870300293,4.059000015258789,4.063000202178955,4.063000202178955,4.066999912261963,nan,nan,nan,nan,nan,nan
73.73891401290894,-0.38999998569488525,4.033999919891357,4.060999870300293,4.059000015258789,4.063000202178955,4.063000202178955,4.066999912261963,nan,nan,nan,nan,nan,nan
73.91941952705383,-0.4000000059604645,4.033999919891357,4.060999870300293,4.059000015258789,4.063000202178955,4.063000202178955,4.066999912261963,nan,nan,nan,nan,nan,nan
74.09971189498901,-0.38999998569488525,4.033999919891357,4.060999870300293,4.059000015258789,4.063000202178955,4.063000202178955,4.066999912261963,nan,nan,nan,nan,nan,nan
74.260901927948,-0.4000000059604645,4.033999919891357,4.061999797821045,4.059000015258789,4.063000202178955,4.063000202178955,4.066999912261963,nan,nan,nan,nan,nan,nan
74.4397759437561,-0.3799999952316284,4.033999919891357,4.060999870300293,4.059000015258789,4.063000202178955,4.063000202178955,4.066999912261963,nan,nan,nan,nan,nan,nan
74.59922432899475,-0.38999998569488525,4.033999919891357,4.060999870300293,4.059000015258789,4.063000202178955,4.063000202178955,4.066999912261963,nan,nan,nan,nan,nan,nan
74.77917695045471,-0.4000000059604645,4.033999919891357,4.060999870300293,4.059000015258789,4.063000202178955,4.063000202178955,4.066999912261963,nan,nan,nan,nan,nan,nan
74.95988512039185,-0.38999998569488525,4.033999919891357,4.061999797821045,4.059000015258789,4.063000202178955,4.063000202178955,4.066999912261963,nan,nan,nan,nan,nan,nan
75.11920022964478,-0.4000000059604645,4.033999919891357,4.060999870300293,4.059000015258789,4.063000202178955,4.063000202178955,4.066999912261963,nan,nan,nan,nan,nan,nan
75.30097603797913,-0.4000000059604645,4.033999919891357,4.060999870300293,4.059000015258789,4.063000202178955,4.063000202178955,4.066999912261963,nan,nan,nan,nan,nan,nan
75.4589786529541,-0.4000000059604645,4.033999919891357,4.060999870300293,4.059000015258789,4.063000202178955,4.063000202178955,4.066999912261963,nan,nan,nan,nan,nan,nan
75.63922762870789,-0.4099999964237213,4.033999919891357,4.061999797821045,4.059000015258789,4.063000202178955,4.063000202178955,4.066999912261963,nan,nan,nan,nan,nan,nan
75.82080793380737,-0.38999998569488525,4.033999919891357,4.060999870300293,4.059000015258789,4.063000202178955,4.063000202178955,4.066999912261963,nan,nan,nan,nan,nan,nan
75.97941899299622,-0.4099999964237213,4.033999919891357,4.060999870300293,4.059000015258789,4.063000202178955,4.063000202178955,4.066999912261963,nan,nan,nan,nan,nan,nan
76.15936517715454,-0.4000000059604645,4.033999919891357,4.060999870300293,4.059000015258789,4.063000202178955,4.063000202178955,4.066999912261963,nan,nan,nan,nan,nan,nan
76.33975839614868,-0.38999998569488525,4.033999919891357,4.060999870300293,4.059000015258789,4.063000202178955,4.063000202178955,4.066999912261963,nan,nan,nan,nan,nan,nan
76.49918842315674,-0.38999998569488525,4.033999919891357,4.060999870300293,4.059000015258789,4.063000202178955,4.063000202178955,4.066999912261963,nan,nan,nan,nan,nan,nan
76.67964911460876,-0.4000000059604645,4.033999919891357,4.060999870300293,4.059000015258789,4.063000202178955,4.063000202178955,4.066999912261963,nan,nan,nan,nan,nan,nan
76.83901953697205,-0.4000000059604645,4.033999919891357,4.060999870300293,4.059000015258789,4.063000202178955,4.063000202178955,4.066999912261963,nan,nan,nan,nan,nan,nan
77.01923775672913,-0.4000000059604645,4.033999919891357,4.061999797821045,4.059000015258789,4.063000202178955,4.063000202178955,4.066999912261963,nan,nan,nan,nan,nan,nan
77.19978642463684,-0.4000000059604645,4.033999919891357,4.060999870300293,4.059000015258789,4.063000202178955,4.063000202178955,4.066999912261963,nan,nan,nan,nan,nan,nan
77.35918617248535,-0.4000000059604645,4.033999919891357,4.060999870300293,4.059000015258789,4.063000202178955,4.063000202178955,4.066999912261963,nan,nan,nan,nan,nan,nan
77.54095244407654,-0.4000000059604645,4.033999919891357,4.060999870300293,4.059000015258789,4.063000202178955,4.063000202178955,4.066999912261963,nan,nan,nan,nan,nan,nan
77.69902920722961,-0.4000000059604645,4.033999919891357,4.060999870300293,4.059000015258789,4.063000202178955,4.063000202178955,4.066999912261963,nan,nan,nan,nan,nan,nan
77.87923121452332,-0.4000000059604645,4.033999919891357,4.060999870300293,4.059000015258789,4.061999797821045,4.063000202178955,4.066999912261963,nan,nan,nan,nan,nan,nan
78.05932641029358,-0.4000000059604645,4.033999919891357,4.060999870300293,4.059000015258789,4.063000202178955,4.063000202178955,4.066999912261963,nan,nan,nan,nan,nan,nan
78.21915245056152,-0.38999998569488525,4.033999919891357,4.060999870300293,4.059000015258789,4.063000202178955,4.063000202178955,4.066999912261963,nan,nan,nan,nan,nan,nan
78.3995246887207,-0.4000000059604645,4.033999919891357,4.060999870300293,4.059000015258789,4.063000202178955,4.063000202178955,4.066999912261963,nan,nan,nan,nan,nan,nan
78.58093690872192,-0.4000000059604645,4.033999919891357,4.060999870300293,4.059000015258789,4.063000202178955,4.063000202178955,4.066999912261963,nan,nan,nan,nan,nan,nan
78.7400233745575,-0.41999998688697815,4.033999919891357,4.060999870300293,4.059000015258789,4.063000202178955,4.063000202178955,4.066999912261963,nan,nan,nan,nan,nan,nan
78.92025303840637,-0.4000000059604645,4.033999919891357,4.061999797821045,4.059000015258789,4.063000202178955,4.063000202178955,4.066999912261963,nan,nan,nan,nan,nan,nan
79.07974290847778,-0.38999998569488525,4.033999919891357,4.060999870300293,4.059000015258789,4.063000202178955,4.063000202178955,4.066999912261963,nan,nan,nan,nan,nan,nan
79.26016569137573,-0.4000000059604645,4.033999919891357,4.060999870300293,4.059000015258789,4.063000202178955,4.063000202178955,4.066999912261963,nan,nan,nan,nan,nan,nan
79.43916296958923,-0.38999998569488525,4.033999919891357,4.060999870300293,4.059000015258789,4.063000202178955,4.063000202178955,4.066999912261963,nan,nan,nan,nan,nan,nan
79.60003566741943,-0.4000000059604645,4.033999919891357,4.060999870300293,4.059000015258789,4.063000202178955,4.063000202178955,4.066999912261963,nan,nan,nan,nan,nan,nan
79.77916526794434,-0.4000000059604645,4.0329999923706055,4.060999870300293,4.059000015258789,4.063000202178955,4.063000202178955,4.066999912261963,nan,nan,nan,nan,nan,nan
79.93996000289917,-0.4000000059604645,4.033999919891357,4.060999870300293,4.059000015258789,4.061999797821045,4.063000202178955,4.066999912261963,nan,nan,nan,nan,nan,nan
80.12016105651855,-0.4000000059604645,4.033999919891357,4.060999870300293,4.059000015258789,4.061999797821045,4.063000202178955,4.066999912261963,nan,nan,nan,nan,nan,nan
80.29892778396606,-0.4000000059604645,4.033999919891357,4.060999870300293,4.059000015258789,4.063000202178955,4.063000202178955,4.066999912261963,nan,nan,nan,nan,nan,nan
80.45990037918091,-0.4000000059604645,4.033999919891357,4.060999870300293,4.059000015258789,4.063000202178955,4.063000202178955,4.066999912261963,nan,nan,nan,nan,nan,nan
80.64025211334229,-0.4000000059604645,4.033999919891357,4.060999870300293,4.059000015258789,4.063000202178955,4.063000202178955,4.066999912261963,nan,nan,nan,nan,nan,nan
80.81913900375366,-0.4000000059604645,4.033999919891357,4.060999870300293,4.059000015258789,4.061999797821045,4.063000202178955,4.066999912261963,nan,nan,nan,nan,nan,nan
80.97861337661743,-0.4099999964237213,4.033999919891357,4.060999870300293,4.059000015258789,4.063000202178955,4.064000129699707,4.066999912261963,nan,nan,nan,nan,nan,nan
81.15926694869995,-0.4000000059604645,4.033999919891357,4.060999870300293,4.059000015258789,4.063000202178955,4.063000202178955,4.066999912261963,nan,nan,nan,nan,nan,nan
81.31868362426758,-0.4000000059604645,4.033999919891357,4.060999870300293,4.059000015258789,4.063000202178955,4.063000202178955,4.066999912261963,nan,nan,nan,nan,nan,nan
81.49900460243225,-0.4000000059604645,4.033999919891357,4.060999870300293,4.059000015258789,4.063000202178955,4.063000202178955,4.066999912261963,nan,nan,nan,nan,nan,nan
81.67931461334229,-0.4000000059604645,4.033999919891357,4.060999870300293,4.059000015258789,4.063000202178955,4.063000202178955,4.066999912261963,nan,nan,nan,nan,nan,nan
81.84002637863159,-0.38999998569488525,4.033999919891357,4.060999870300293,4.059000015258789,4.063000202178955,4.063000202178955,4.066999912261963,nan,nan,nan,nan,nan,nan
82.020432472229,-0.4099999964237213,4.033999919891357,4.060999870300293,4.059000015258789,4.063000202178955,4.063000202178955,4.066999912261963,nan,nan,nan,nan,nan,nan
82.17967963218689,-0.41999998688697815,4.033999919891357,4.060999870300293,4.059000015258789,4.063000202178955,4.063000202178955,4.066999912261963,nan,nan,nan,nan,nan,nan
82.36039757728577,-0.4000000059604645,4.033999919891357,4.060999870300293,4.059000015258789,4.063000202178955,4.063000202178955,4.066999912261963,nan,nan,nan,nan,nan,nan
82.53894281387329,-0.4000000059604645,4.033999919891357,4.060999870300293,4.059000015258789,4.063000202178955,4.063000202178955,4.066999912261963,nan,nan,nan,nan,nan,nan
82.69980025291443,-0.4000000059604645,4.033999919891357,4.060999870300293,4.059000015258789,4.061999797821045,4.063000202178955,4.066999912261963,nan,nan,nan,nan,nan,nan
82.88027858734131,-0.4000000059604645,4.033999919891357,4.060999870300293,4.059000015258789,4.063000202178955,4.063000202178955,4.066999912261963,nan,nan,nan,nan,nan,nan
83.0598316192627,-0.4099999964237213,4.0329999923706055,4.060999870300293,4.059000015258789,4.063000202178955,4.063000202178955,4.066999912261963,nan,nan,nan,nan,nan,nan
83.21966600418091,-0.4000000059604645,4.033999919891357,4.060999870300293,4.059000015258789,4.063000202178955,4.063000202178955,4.066999912261963,nan,nan,nan,nan,nan,nan
83.39994430541992,-0.4099999964237213,4.033999919891357,4.060999870300293,4.059000015258789,4.061999797821045,4.063000202178955,4.066999912261963,nan,nan,nan,nan,nan,nan
83.55937814712524,-0.4000000059604645,4.033999919891357,4.060999870300293,4.059000015258789,4.063000202178955,4.063000202178955,4.066999912261963,nan,nan,nan,nan,nan,nan
83.7394917011261,-0.4000000059604645,4.033999919891357,4.060999870300293,4.059000015258789,4.063000202178955,4.063000202178955,4.066999912261963,nan,nan,nan,nan,nan,nan
83.91856288909912,-0.3799999952316284,4.033999919891357,4.060999870300293,4.059000015258789,4.061999797821045,4.063000202178955,4.066999912261963,nan,nan,nan,nan,nan,nan
84.07993221282959,-0.4000000059604645,4.033999919891357,4.060999870300293,4.059000015258789,4.063000202178955,4.063000202178955,4.066999912261963,nan,nan,nan,nan,nan,nan
84.25887131690979,-0.3799999952316284,4.033999919891357,4.060999870300293,4.059000015258789,4.061999797821045,4.063000202178955,4.066999912261963,nan,nan,nan,nan,nan,nan
84.42027282714844,-0.4000000059604645,4.0329999923706055,4.060999870300293,4.059000015258789,4.063000202178955,4.063000202178955,4.066999912261963,nan,nan,nan,nan,nan,nan
84.59999632835388,-0.38999998569488525,4.0329999923706055,4.060999870300293,4.059000015258789,4.061999797821045,4.063000202178955,4.066999912261963,nan,nan,nan,nan,nan,nan
84.78010392189026,-0.4000000059604645,4.033999919891357,4.060999870300293,4.059000015258789,4.061999797821045,4.063000202178955,4.066999912261963,nan,nan,nan,nan,nan,nan
84.93963074684143,-0.4000000059604645,4.033999919891357,4.060999870300293,4.059000015258789,4.063000202178955,4.063000202178955,4.066999912261963,nan,nan,nan,nan,nan,nan
85.12004685401917,-0.4000000059604645,4.033999919891357,4.060999870300293,4.059000015258789,4.061999797821045,4.063000202178955,4.066999912261963,nan,nan,nan,nan,nan,nan
85.29879879951477,-0.4000000059604645,4.033999919891357,4.060999870300293,4.059000015258789,4.063000202178955,4.063000202178955,4.066999912261963,nan,nan,nan,nan,nan,nan
85.4600281715393,-0.4000000059604645,4.0329999923706055,4.060999870300293,4.059000015258789,4.063000202178955,4.063000202178955,4.066999912261963,nan,nan,nan,nan,nan,nan
85.63908743858337,-0.4000000059604645,4.033999919891357,4.060999870300293,4.059000015258789,4.063000202178955,4.063000202178955,4.066999912261963,nan,nan,nan,nan,nan,nan
85.80085968971252,-0.4000000059604645,4.033999919891357,4.060999870300293,4.059000015258789,4.063000202178955,4.063000202178955,4.066999912261963,nan,nan,nan,nan,nan,nan
85.97980332374573,-0.4000000059604645,4.0329999923706055,4.060999870300293,4.059000015258789,4.061999797821045,4.063000202178955,4.066999912261963,nan,nan,nan,nan,nan,nan
86.15976524353027,-0.4000000059604645,4.033999919891357,4.060999870300293,4.059000015258789,4.063000202178955,4.063000202178955,4.066999912261963,nan,nan,nan,nan,nan,nan
86.32087469100952,-0.38999998569488525,4.0329999923706055,4.060999870300293,4.059000015258789,4.061999797821045,4.063000202178955,4.066999912261963,nan,nan,nan,nan,nan,nan
86.49963855743408,-0.38999998569488525,4.033999919891357,4.060999870300293,4.059000015258789,4.063000202178955,4.063000202178955,4.066999912261963,nan,nan,nan,nan,nan,nan
86.65927743911743,-0.4000000059604645,4.0329999923706055,4.060999870300293,4.059000015258789,4.061999797821045,4.063000202178955,4.066999912261963,nan,nan,nan,nan,nan,nan
86.83922839164734,-0.4099999964237213,4.0329999923706055,4.060999870300293,4.059000015258789,4.061999797821045,4.063000202178955,4.066999912261963,nan,nan,nan,nan,nan,nan
87.01919031143188,-0.4099999964237213,4.0329999923706055,4.060999870300293,4.059000015258789,4.063000202178955,4.063000202178955,4.066999912261963,nan,nan,nan,nan,nan,nan
87.17879223823547,-0.4000000059604645,4.0329999923706055,4.060999870300293,4.059000015258789,4.061999797821045,4.063000202178955,4.066999912261963,nan,nan,nan,nan,nan,nan
87.35914397239685,-0.4000000059604645,4.0329999923706055,4.060999870300293,4.059000015258789,4.061999797821045,4.063000202178955,4.066999912261963,nan,nan,nan,nan,nan,nan
87.51993441581726,-0.4300000071525574,4.0329999923706055,4.060999870300293,4.059000015258789,4.061999797821045,4.063000202178955,4.066999912261963,nan,nan,nan,nan,nan,nan
87.6986939907074,-0.4300000071525574,4.0329999923706055,4.060999870300293,4.058000087738037,4.063000202178955,4.063000202178955,4.066999912261963,nan,nan,nan,nan,nan,nan
87.87882423400879,-0.41999998688697815,4.0329999923706055,4.060999870300293,4.059000015258789,4.061999797821045,4.063000202178955,4.065999984741211,nan,nan,nan,nan,nan,nan
88.0399158000946,-0.44999998807907104,4.0329999923706055,4.060999870300293,4.059000015258789,4.061999797821045,4.063000202178955,4.066999912261963,nan,nan,nan,nan,nan,nan
88.22012686729431,-0.41999998688697815,4.0329999923706055,4.060999870300293,4.059000015258789,4.063000202178955,4.063000202178955,4.065999984741211,nan,nan,nan,nan,nan,nan
88.39862608909607,-0.4300000071525574,4.0329999923706055,4.060999870300293,4.059000015258789,4.061999797821045,4.063000202178955,4.066999912261963,nan,nan,nan,nan,nan,nan
88.56001687049866,-0.4099999964237213,4.0329999923706055,4.060999870300293,4.059000015258789,4.061999797821045,4.063000202178955,4.065999984741211,nan,nan,nan,nan,nan,nan
88.7389805316925,-0.41999998688697815,4.0329999923706055,4.060999870300293,4.058000087738037,4.061999797821045,4.063000202178955,4.066999912261963,nan,nan,nan,nan,nan,nan
88.90002298355103,-0.4099999964237213,4.0329999923706055,4.060999870300293,4.059000015258789,4.063000202178955,4.063000202178955,4.066999912261963,nan,nan,nan,nan,nan,nan
89.07878255844116,-0.41999998688697815,4.0329999923706055,4.060999870300293,4.058000087738037,4.061999797821045,4.063000202178955,4.065999984741211,nan,nan,nan,nan,nan,nan
89.25951862335205,-0.4300000071525574,4.0329999923706055,4.060999870300293,4.059000015258789,4.061999797821045,4.063000202178955,4.066999912261963,nan,nan,nan,nan,nan,nan
89.42020344734192,-0.41999998688697815,4.0329999923706055,4.060999870300293,4.059000015258789,4.061999797821045,4.063000202178955,4.066999912261963,nan,nan,nan,nan,nan,nan
89.59891057014465,-0.4300000071525574,4.0329999923706055,4.060999870300293,4.058000087738037,4.061999797821045,4.063000202178955,4.066999912261963,nan,nan,nan,nan,nan,nan
89.7601797580719,-0.41999998688697815,4.0329999923706055,4.060999870300293,4.059000015258789,4.063000202178955,4.063000202178955,4.066999912261963,nan,nan,nan,nan,nan,nan
89.94013786315918,-0.41999998688697815,4.0329999923706055,4.060999870300293,4.059000015258789,4.061999797821045,4.063000202178955,4.066999912261963,nan,nan,nan,nan,nan,nan
90.11911988258362,-0.4300000071525574,4.0329999923706055,4.060999870300293,4.059000015258789,4.061999797821045,4.063000202178955,4.066999912261963,nan,nan,nan,nan,nan,nan
90.27883458137512,-0.41999998688697815,4.0329999923706055,4.060999870300293,4.059000015258789,4.061999797821045,4.063000202178955,4.066999912261963,nan,nan,nan,nan,nan,nan
90.4590814113617,-0.4099999964237213,4.0329999923706055,4.060999870300293,4.058000087738037,4.061999797821045,4.063000202178955,4.066999912261963,nan,nan,nan,nan,nan,nan
90.63924145698547,-0.41999998688697815,4.0329999923706055,4.060999870300293,4.058000087738037,4.063000202178955,4.063000202178955,4.066999912261963,nan,nan,nan,nan,nan,nan
90.80012702941895,-0.41999998688697815,4.0329999923706055,4.060999870300293,4.058000087738037,4.061999797821045,4.063000202178955,4.065999984741211,nan,nan,nan,nan,nan,nan
90.97912192344666,-0.41999998688697815,4.0329999923706055,4.060999870300293,4.058000087738037,4.061999797821045,4.063000202178955,4.065999984741211,nan,nan,nan,nan,nan,nan
91.14004302024841,-0.4300000071525574,4.0329999923706055,4.060999870300293,4.058000087738037,4.061999797821045,4.063000202178955,4.065999984741211,nan,nan,nan,nan,nan,nan
91.3188407421112,-0.4399999976158142,4.0329999923706055,4.060999870300293,4.058000087738037,4.061999797821045,4.063000202178955,4.066999912261963,nan,nan,nan,nan,nan,nan
91.49929165840149,-0.4099999964237213,4.0329999923706055,4.060999870300293,4.059000015258789,4.061999797821045,4.063000202178955,4.065999984741211,nan,nan,nan,nan,nan,nan
91.65890574455261,-0.4000000059604645,4.0329999923706055,4.060999870300293,4.059000015258789,4.061999797821045,4.063000202178955,4.065999984741211,nan,nan,nan,nan,nan,nan
91.8389983177185,-0.4000000059604645,4.0329999923706055,4.060999870300293,4.058000087738037,4.061999797821045,4.063000202178955,4.065999984741211,nan,nan,nan,nan,nan,nan
92.0000147819519,-0.4000000059604645,4.0329999923706055,4.060999870300293,4.059000015258789,4.061999797821045,4.063000202178955,4.066999912261963,nan,nan,nan,nan,nan,nan
92.18032646179199,-0.4000000059604645,4.0329999923706055,4.060999870300293,4.059000015258789,4.061999797821045,4.063000202178955,4.066999912261963,nan,nan,nan,nan,nan,nan
92.35914587974548,-0.4000000059604645,4.0329999923706055,4.060999870300293,4.058000087738037,4.061999797821045,4.063000202178955,4.066999912261963,nan,nan,nan,nan,nan,nan
92.51904964447021,-0.4099999964237213,4.0329999923706055,4.060999870300293,4.058000087738037,4.063000202178955,4.063000202178955,4.065999984741211,nan,nan,nan,nan,nan,nan
92.69897842407227,-0.4000000059604645,4.0329999923706055,4.060999870300293,4.059000015258789,4.061999797821045,4.063000202178955,4.066999912261963,nan,nan,nan,nan,nan,nan
92.88077807426453,-0.38999998569488525,4.0329999923706055,4.060999870300293,4.058000087738037,4.061999797821045,4.063000202178955,4.066999912261963,nan,nan,nan,nan,nan,nan
93.03876519203186,-0.4000000059604645,4.0329999923706055,4.060999870300293,4.059000015258789,4.061999797821045,4.063000202178955,4.066999912261963,nan,nan,nan,nan,nan,nan
93.21914935112,-0.4000000059604645,4.0329999923706055,4.060999870300293,4.059000015258789,4.063000202178955,4.063000202178955,4.065999984741211,nan,nan,nan,nan,nan,nan
93.38025522232056,-0.4000000059604645,4.0329999923706055,4.060999870300293,4.058000087738037,4.063000202178955,4.063000202178955,4.066999912261963,nan,nan,nan,nan,nan,nan
93.55919766426086,-0.4000000059604645,4.0329999923706055,4.060999870300293,4.058000087738037,4.061999797821045,4.063000202178955,4.066999912261963,nan,nan,nan,nan,nan,nan
93.73934030532837,-0.4099999964237213,4.0329999923706055,4.060999870300293,4.058000087738037,4.061999797821045,4.063000202178955,4.066999912261963,nan,nan,nan,nan,nan,nan
93.89930891990662,-0.4000000059604645,4.0329999923706055,4.060999870300293,4.059000015258789,4.061999797821045,4.063000202178955,4.066999912261963,nan,nan,nan,nan,nan,nan
94.07945489883423,-0.4000000059604645,4.0329999923706055,4.060999870300293,4.058000087738037,4.061999797821045,4.063000202178955,4.066999912261963,nan,nan,nan,nan,nan,nan
94.23902988433838,-0.4000000059604645,4.0329999923706055,4.060999870300293,4.058000087738037,4.061999797821045,4.063000202178955,4.066999912261963,nan,nan,nan,nan,nan,nan
94.419362783432,-0.4000000059604645,4.0329999923706055,4.060999870300293,4.059000015258789,4.061999797821045,4.063000202178955,4.066999912261963,nan,nan,nan,nan,nan,nan
94.59977006912231,-0.38999998569488525,4.0329999923706055,4.060999870300293,4.058000087738037,4.061999797821045,4.063000202178955,4.066999912261963,nan,nan,nan,nan,nan,nan
94.75885534286499,-0.38999998569488525,4.0329999923706055,4.060999870300293,4.059000015258789,4.061999797821045,4.063000202178955,4.066999912261963,nan,nan,nan,nan,nan,nan
94.93934798240662,-0.4000000059604645,4.0329999923706055,4.060999870300293,4.058000087738037,4.061999797821045,4.063000202178955,4.066999912261963,nan,nan,nan,nan,nan,nan
95.11991238594055,-0.38999998569488525,4.0329999923706055,4.060999870300293,4.058000087738037,4.061999797821045,4.063000202178955,4.066999912261963,nan,nan,nan,nan,nan,nan
95.28068804740906,-0.4000000059604645,4.0329999923706055,4.060999870300293,4.058000087738037,4.061999797821045,4.063000202178955,4.066999912261963,nan,nan,nan,nan,nan,nan
95.45915865898132,-0.4000000059604645,4.0329999923706055,4.060999870300293,4.058000087738037,4.061999797821045,4.063000202178955,4.066999912261963,nan,nan,nan,nan,nan,nan
95.61999821662903,-0.4000000059604645,4.0329999923706055,4.060999870300293,4.059000015258789,4.061999797821045,4.063000202178955,4.066999912261963,nan,nan,nan,nan,nan,nan
95.80113220214844,-0.4000000059604645,4.0329999923706055,4.060999870300293,4.058000087738037,4.061999797821045,4.063000202178955,4.066999912261963,nan,nan,nan,nan,nan,nan
95.97873497009277,-0.38999998569488525,4.0329999923706055,4.060999870300293,4.058000087738037,4.063000202178955,4.063000202178955,4.066999912261963,nan,nan,nan,nan,nan,nan
96.14039015769958,-0.3799999952316284,4.0329999923706055,4.060999870300293,4.058000087738037,4.061999797821045,4.063000202178955,4.065999984741211,nan,nan,nan,nan,nan,nan
96.32020044326782,-0.4000000059604645,4.0329999923706055,4.060999870300293,4.058000087738037,4.063000202178955,4.063000202178955,4.066999912261963,nan,nan,nan,nan,nan,nan
96.47989583015442,-0.4000000059604645,4.0329999923706055,4.060999870300293,4.058000087738037,4.061999797821045,4.063000202178955,4.066999912261963,nan,nan,nan,nan,nan,nan
96.66010689735413,-0.4000000059604645,4.0329999923706055,4.060999870300293,4.058000087738037,4.061999797821045,4.063000202178955,4.065999984741211,nan,nan,nan,nan,nan,nan
96.83999848365784,-0.4000000059604645,4.0329999923706055,4.060999870300293,4.059000015258789,4.061999797821045,4.063000202178955,4.065999984741211,nan,nan,nan,nan,nan,nan
96.99955701828003,-0.4099999964237213,4.0329999923706055,4.060999870300293,4.058000087738037,4.061999797821045,4.063000202178955,4.066999912261963,nan,nan,nan,nan,nan,nan
97.17974042892456,-0.4000000059604645,4.0329999923706055,4.060999870300293,4.059000015258789,4.061999797821045,4.063000202178955,4.066999912261963,nan,nan,nan,nan,nan,nan
97.33931469917297,-0.4000000059604645,4.0329999923706055,4.060999870300293,4.059000015258789,4.061999797821045,4.063000202178955,4.066999912261963,nan,nan,nan,nan,nan,nan
97.51988339424133,-0.4000000059604645,4.0329999923706055,4.060999870300293,4.058000087738037,4.061999797821045,4.063000202178955,4.066999912261963,nan,nan,nan,nan,nan,nan
97.69993257522583,-0.38999998569488525,4.0329999923706055,4.060999870300293,4.058000087738037,4.061999797821045,4.063000202178955,4.065999984741211,nan,nan,nan,nan,nan,nan
97.86086654663086,-0.4099999964237213,4.0329999923706055,4.060999870300293,4.058000087738037,4.061999797821045,4.063000202178955,4.066999912261963,nan,nan,nan,nan,nan,nan
98.03963351249695,-0.4000000059604645,4.0329999923706055,4.060999870300293,4.059000015258789,4.061999797821045,4.063000202178955,4.065999984741211,nan,nan,nan,nan,nan,nan
98.21990656852722,-0.38999998569488525,4.0329999923706055,4.060999870300293,4.059000015258789,4.061999797821045,4.063000202178955,4.065999984741211,nan,nan,nan,nan,nan,nan
98.37943148612976,-0.4099999964237213,4.0329999923706055,4.060999870300293,4.058000087738037,4.063000202178955,4.063000202178955,4.066999912261963,nan,nan,nan,nan,nan,nan
98.55974197387695,-0.4000000059604645,4.0329999923706055,4.060999870300293,4.058000087738037,4.061999797821045,4.063000202178955,4.065999984741211,nan,nan,nan,nan,nan,nan
98.7204077243805,-0.4000000059604645,4.0329999923706055,4.060999870300293,4.058000087738037,4.061999797821045,4.063000202178955,4.065999984741211,nan,nan,nan,nan,nan,nan
98.89973211288452,-0.41999998688697815,4.0329999923706055,4.060999870300293,4.058000087738037,4.061999797821045,4.063000202178955,4.065999984741211,nan,nan,nan,nan,nan,nan
99.0792248249054,-0.4000000059604645,4.0329999923706055,4.060999870300293,4.058000087738037,4.061999797821045,4.063000202178955,4.066999912261963,nan,nan,nan,nan,nan,nan
99.23902082443237,-0.4000000059604645,4.0329999923706055,4.060999870300293,4.059000015258789,4.061999797821045,4.063000202178955,4.066999912261963,nan,nan,nan,nan,nan,nan
99.41927766799927,-0.4099999964237213,4.0329999923706055,4.060999870300293,4.058000087738037,4.061999797821045,4.063000202178955,4.065999984741211,nan,nan,nan,nan,nan,nan
99.58042168617249,-0.4099999964237213,4.0329999923706055,4.060999870300293,4.058000087738037,4.061999797821045,4.063000202178955,4.066999912261963,nan,nan,nan,nan,nan,nan
99.75930190086365,-0.4000000059604645,4.0329999923706055,4.060999870300293,4.058000087738037,4.061999797821045,4.063000202178955,4.065999984741211,nan,nan,nan,nan,nan,nan
99.93947720527649,-0.4000000059604645,4.0329999923706055,4.060999870300293,4.059000015258789,4.061999797821045,4.063000202178955,4.065999984741211,nan,nan,nan,nan,nan,nan
100.09899568557739,-0.4099999964237213,4.0329999923706055,4.060999870300293,4.059000015258789,4.061999797821045,4.063000202178955,4.065999984741211,nan,nan,nan,nan,nan,nan
100.27938389778137,-0.4000000059604645,4.0329999923706055,4.060999870300293,4.059000015258789,4.061999797821045,4.063000202178955,4.065999984741211,nan,nan,nan,nan,nan,nan
100.4596803188324,-0.4000000059604645,4.0329999923706055,4.060999870300293,4.058000087738037,4.061999797821045,4.063000202178955,4.066999912261963,nan,nan,nan,nan,nan,nan
100.61920666694641,-0.4000000059604645,4.0329999923706055,4.060999870300293,4.058000087738037,4.061999797821045,4.063000202178955,4.065999984741211,nan,nan,nan,nan,nan,nan
100.79932618141174,-0.3799999952316284,4.0329999923706055,4.060999870300293,4.058000087738037,4.061999797821045,4.063000202178955,4.066999912261963,nan,nan,nan,nan,nan,nan
100.95979166030884,-0.4099999964237213,4.0329999923706055,4.060999870300293,4.058000087738037,4.061999797821045,4.063000202178955,4.066999912261963,nan,nan,nan,nan,nan,nan
101.13998818397522,-0.4000000059604645,4.0329999923706055,4.060999870300293,4.058000087738037,4.061999797821045,4.063000202178955,4.066999912261963,nan,nan,nan,nan,nan,nan
101.31873655319214,-0.4000000059604645,4.0329999923706055,4.060999870300293,4.058000087738037,4.061999797821045,4.063000202178955,4.066999912261963,nan,nan,nan,nan,nan,nan
101.47985982894897,-0.4000000059604645,4.0329999923706055,4.060999870300293,4.058000087738037,4.061999797821045,4.063000202178955,4.065999984741211,nan,nan,nan,nan,nan,nan
101.65844917297363,-0.38999998569488525,4.0329999923706055,4.060999870300293,4.058000087738037,4.061999797821045,4.063000202178955,4.065999984741211,nan,nan,nan,nan,nan,nan
101.81960368156433,-0.4000000059604645,4.0329999923706055,4.060999870300293,4.058000087738037,4.061999797821045,4.063000202178955,4.065999984741211,nan,nan,nan,nan,nan,nan
102.00000143051147,-0.4399999976158142,4.0329999923706055,4.060999870300293,4.058000087738037,4.061999797821045,4.063000202178955,4.066999912261963,nan,nan,nan,nan,nan,nan
102.18011808395386,-0.41999998688697815,4.0329999923706055,4.060999870300293,4.059000015258789,4.061999797821045,4.063000202178955,4.066999912261963,nan,nan,nan,nan,nan,nan
102.33977270126343,-0.4000000059604645,4.0329999923706055,4.060999870300293,4.059000015258789,4.061999797821045,4.063000202178955,4.065999984741211,nan,nan,nan,nan,nan,nan
102.52038908004761,-0.4000000059604645,4.0329999923706055,4.060999870300293,4.058000087738037,4.061999797821045,4.063000202178955,4.065999984741211,nan,nan,nan,nan,nan,nan
102.6792049407959,-0.4000000059604645,4.0329999923706055,4.060999870300293,4.058000087738037,4.061999797821045,4.063000202178955,4.065999984741211,nan,nan,nan,nan,nan,nan
102.85974526405334,-0.4000000059604645,4.0329999923706055,4.060999870300293,4.058000087738037,4.061999797821045,4.063000202178955,4.065999984741211,nan,nan,nan,nan,nan,nan
103.04014992713928,-0.4000000059604645,4.0329999923706055,4.060999870300293,4.059000015258789,4.061999797821045,4.063000202178955,4.065999984741211,nan,nan,nan,nan,nan,nan
103.19949841499329,-0.38999998569488525,4.0329999923706055,4.060999870300293,4.058000087738037,4.061999797821045,4.063000202178955,4.066999912261963,nan,nan,nan,nan,nan,nan
103.37999701499939,-0.4099999964237213,4.0329999923706055,4.060999870300293,4.058000087738037,4.061999797821045,4.063000202178955,4.065999984741211,nan,nan,nan,nan,nan,nan
103.55876636505127,-0.4000000059604645,4.0329999923706055,4.060999870300293,4.059000015258789,4.061999797821045,4.063000202178955,4.065999984741211,nan,nan,nan,nan,nan,nan
103.71970534324646,-0.4000000059604645,4.0329999923706055,4.060999870300293,4.058000087738037,4.061999797821045,4.063000202178955,4.066999912261963,nan,nan,nan,nan,nan,nan
103.90008091926575,-0.38999998569488525,4.0329999923706055,4.060999870300293,4.058000087738037,4.061999797821045,4.063000202178955,4.066999912261963,nan,nan,nan,nan,nan,nan
104.0595474243164,-0.4099999964237213,4.0329999923706055,4.060999870300293,4.058000087738037,4.061999797821045,4.063000202178955,4.065999984741211,nan,nan,nan,nan,nan,nan
104.23996901512146,-0.4000000059604645,4.0329999923706055,4.060999870300293,4.058000087738037,4.061999797821045,4.063000202178955,4.066999912261963,nan,nan,nan,nan,nan,nan
104.4202208518982,-0.4099999964237213,4.0329999923706055,4.060999870300293,4.058000087738037,4.061999797821045,4.063000202178955,4.065999984741211,nan,nan,nan,nan,nan,nan
104.5800268650055,-0.4000000059604645,4.0329999923706055,4.060999870300293,4.058000087738037,4.061999797821045,4.063000202178955,4.066999912261963,nan,nan,nan,nan,nan,nan
104.75981736183167,-0.4000000059604645,4.0329999923706055,4.060999870300293,4.058000087738037,4.061999797821045,4.063000202178955,4.065999984741211,nan,nan,nan,nan,nan,nan
104.91930651664734,-0.4000000059604645,4.0329999923706055,4.060999870300293,4.058000087738037,4.061999797821045,4.063000202178955,4.065999984741211,nan,nan,nan,nan,nan,nan
105.10119104385376,-0.4000000059604645,4.0329999923706055,4.060999870300293,4.058000087738037,4.061999797821045,4.063000202178955,4.066999912261963,nan,nan,nan,nan,nan,nan
105.28003025054932,-0.4000000059604645,4.0329999923706055,4.060999870300293,4.058000087738037,4.061999797821045,4.063000202178955,4.066999912261963,nan,nan,nan,nan,nan,nan
105.43951964378357,-0.4000000059604645,4.0329999923706055,4.060999870300293,4.058000087738037,4.061999797821045,4.063000202178955,4.065999984741211,nan,nan,nan,nan,nan,nan
105.61981916427612,-0.38999998569488525,4.0329999923706055,4.060999870300293,4.058000087738037,4.061999797821045,4.063000202178955,4.065999984741211,nan,nan,nan,nan,nan,nan
105.798593044281,-0.4000000059604645,4.0329999923706055,4.060999870300293,4.058000087738037,4.061999797821045,4.063000202178955,4.066999912261963,nan,nan,nan,nan,nan,nan
105.95979380607605,-0.38999998569488525,4.0320000648498535,4.060999870300293,4.058000087738037,4.061999797821045,4.063000202178955,4.066999912261963,nan,nan,nan,nan,nan,nan
106.13866209983826,-0.4000000059604645,4.0329999923706055,4.060999870300293,4.058000087738037,4.061999797821045,4.061999797821045,4.065999984741211,nan,nan,nan,nan,nan,nan
106.29981684684753,-0.4000000059604645,4.0329999923706055,4.060999870300293,4.058000087738037,4.061999797821045,4.063000202178955,4.065999984741211,nan,nan,nan,nan,nan,nan
106.47856712341309,-0.4099999964237213,4.0320000648498535,4.060999870300293,4.058000087738037,4.061999797821045,4.063000202178955,4.065999984741211,nan,nan,nan,nan,nan,nan
106.65868282318115,-0.4099999964237213,4.0329999923706055,4.060999870300293,4.058000087738037,4.061999797821045,4.063000202178955,4.065999984741211,nan,nan,nan,nan,nan,nan
106.82007145881653,-0.4000000059604645,4.0320000648498535,4.060999870300293,4.058000087738037,4.061999797821045,4.063000202178955,4.065999984741211,nan,nan,nan,nan,nan,nan
106.99874305725098,-0.38999998569488525,4.0329999923706055,4.060999870300293,4.058000087738037,4.061999797821045,4.063000202178955,4.065999984741211,nan,nan,nan,nan,nan,nan
107.17931175231934,-0.4000000059604645,4.0329999923706055,4.060999870300293,4.059000015258789,4.061999797821045,4.063000202178955,4.065999984741211,nan,nan,nan,nan,nan,nan
107.33871746063232,-0.38999998569488525,4.0329999923706055,4.060999870300293,4.058000087738037,4.061999797821045,4.063000202178955,4.065999984741211,nan,nan,nan,nan,nan,nan
107.51949167251587,-0.41999998688697815,4.0329999923706055,4.060999870300293,4.058000087738037,4.061999797821045,4.063000202178955,4.065999984741211,nan,nan,nan,nan,nan,nan
107.67982196807861,-0.4099999964237213,4.0329999923706055,4.060999870300293,4.058000087738037,4.061999797821045,4.063000202178955,4.065999984741211,nan,nan,nan,nan,nan,nan
107.8603446483612,-0.38999998569488525,4.0329999923706055,4.060999870300293,4.058000087738037,4.061999797821045,4.063000202178955,4.066999912261963,nan,nan,nan,nan,nan,nan
108.03902101516724,-0.41999998688697815,4.0329999923706055,4.060999870300293,4.058000087738037,4.061999797821045,4.063000202178955,4.065999984741211,nan,nan,nan,nan,nan,nan
108.19984889030457,-0.4099999964237213,4.0329999923706055,4.060999870300293,4.058000087738037,4.061999797821045,4.063000202178955,4.065999984741211,nan,nan,nan,nan,nan,nan
108.38017845153809,-0.4000000059604645,4.0329999923706055,4.060999870300293,4.058000087738037,4.061999797821045,4.061999797821045,4.065999984741211,nan,nan,nan,nan,nan,nan
108.53990435600281,-0.4000000059604645,4.0329999923706055,4.060999870300293,4.058000087738037,4.063000202178955,4.063000202178955,4.065999984741211,nan,nan,nan,nan,nan,nan
108.72024512290955,-0.3799999952316284,4.0320000648498535,4.060999870300293,4.058000087738037,4.061999797821045,4.063000202178955,4.065999984741211,nan,nan,nan,nan,nan,nan
108.90045976638794,-0.4000000059604645,4.0320000648498535,4.060999870300293,4.058000087738037,4.061999797821045,4.063000202178955,4.065999984741211,nan,nan,nan,nan,nan,nan
109.05984091758728,-0.4000000059604645,4.0329999923706055,4.059999942779541,4.058000087738037,4.061999797821045,4.063000202178955,4.065999984741211,nan,nan,nan,nan,nan,nan
109.23991894721985,-0.3799999952316284,4.0329999923706055,4.060999870300293,4.058000087738037,4.061999797821045,4.063000202178955,4.065999984741211,nan,nan,nan,nan,nan,nan
109.41883516311646,-0.4000000059604645,4.0329999923706055,4.060999870300293,4.058000087738037,4.061999797821045,4.063000202178955,4.065999984741211,nan,nan,nan,nan,nan,nan
109.57976818084717,-0.4000000059604645,4.0320000648498535,4.060999870300293,4.058000087738037,4.061999797821045,4.061999797821045,4.065999984741211,nan,nan,nan,nan,nan,nan
109.75981593132019,-0.4000000059604645,4.0320000648498535,4.060999870300293,4.058000087738037,4.061999797821045,4.061999797821045,4.066999912261963,nan,nan,nan,nan,nan,nan
109.9209508895874,-0.4000000059604645,4.0329999923706055,4.060999870300293,4.058000087738037,4.061999797821045,4.061999797821045,4.065999984741211,nan,nan,nan,nan,nan,nan
110.09945559501648,-0.4000000059604645,4.0329999923706055,4.060999870300293,4.058000087738037,4.061999797821045,4.063000202178955,4.065999984741211,nan,nan,nan,nan,nan,nan
110.27964878082275,-0.4000000059604645,4.0320000648498535,4.060999870300293,4.058000087738037,4.061999797821045,4.063000202178955,4.066999912261963,nan,nan,nan,nan,nan,nan
110.44045829772949,-0.4000000059604645,4.0329999923706055,4.060999870300293,4.058000087738037,4.061999797821045,4.063000202178955,4.065999984741211,nan,nan,nan,nan,nan,nan
110.6208803653717,-0.4000000059604645,4.0320000648498535,4.060999870300293,4.058000087738037,4.061999797821045,4.063000202178955,4.065999984741211,nan,nan,nan,nan,nan,nan
110.78138279914856,-0.4000000059604645,4.0329999923706055,4.060999870300293,4.058000087738037,4.061999797821045,4.063000202178955,4.065999984741211,nan,nan,nan,nan,nan,nan
110.96174192428589,-0.4099999964237213,4.0329999923706055,4.060999870300293,4.058000087738037,4.061999797821045,4.063000202178955,4.065999984741211,nan,nan,nan,nan,nan,nan
111.14152431488037,-0.4000000059604645,4.0320000648498535,4.060999870300293,4.058000087738037,4.061999797821045,4.063000202178955,4.065999984741211,nan,nan,nan,nan,nan,nan
111.30102944374084,-0.4000000059604645,4.0329999923706055,4.060999870300293,4.058000087738037,4.061999797821045,4.063000202178955,4.065999984741211,nan,nan,nan,nan,nan,nan
111.47992944717407,-0.4000000059604645,4.0329999923706055,4.060999870300293,4.058000087738037,4.061999797821045,4.063000202178955,4.065999984741211,nan,nan,nan,nan,nan,nan
111.6391818523407,-0.38999998569488525,4.0329999923706055,4.060999870300293,4.058000087738037,4.061999797821045,4.061999797821045,4.065999984741211,nan,nan,nan,nan,nan,nan
111.82100582122803,-0.4000000059604645,4.0320000648498535,4.060999870300293,4.058000087738037,4.061999797821045,4.061999797821045,4.065999984741211,nan,nan,nan,nan,nan,nan
111.99967002868652,-0.4000000059604645,4.0320000648498535,4.060999870300293,4.058000087738037,4.061999797821045,4.061999797821045,4.065999984741211,nan,nan,nan,nan,nan,nan
112.15930962562561,-0.4399999976158142,4.0329999923706055,4.060999870300293,4.058000087738037,4.061999797821045,4.063000202178955,4.066999912261963,nan,nan,nan,nan,nan,nan
112.34108328819275,-0.4099999964237213,4.0320000648498535,4.060999870300293,4.058000087738037,4.061999797821045,4.061999797821045,4.065999984741211,nan,nan,nan,nan,nan,nan
112.49923372268677,-0.38999998569488525,4.0320000648498535,4.060999870300293,4.058000087738037,4.061999797821045,4.063000202178955,4.065999984741211,nan,nan,nan,nan,nan,nan
112.6792242527008,-0.4000000059604645,4.0320000648498535,4.060999870300293,4.058000087738037,4.061999797821045,4.063000202178955,4.065999984741211,nan,nan,nan,nan,nan,nan
112.85949921607971,-0.4099999964237213,4.0320000648498535,4.060999870300293,4.058000087738037,4.061999797821045,4.063000202178955,4.065999984741211,nan,nan,nan,nan,nan,nan
113.01879644393921,-0.38999998569488525,4.0320000648498535,4.060999870300293,4.058000087738037,4.061999797821045,4.063000202178955,4.065999984741211,nan,nan,nan,nan,nan,nan
113.19924330711365,-0.4000000059604645,4.0320000648498535,4.060999870300293,4.058000087738037,4.061999797821045,4.061999797821045,4.065999984741211,nan,nan,nan,nan,nan,nan
113.38127565383911,-0.4099999964237213,4.0329999923706055,4.060999870300293,4.058000087738037,4.061999797821045,4.061999797821045,4.065999984741211,nan,nan,nan,nan,nan,nan
113.53922057151794,-0.4000000059604645,4.0320000648498535,4.060999870300293,4.058000087738037,4.061999797821045,4.061999797821045,4.065999984741211,nan,nan,nan,nan,nan,nan
113.71912956237793,-0.4000000059604645,4.0320000648498535,4.059999942779541,4.058000087738037,4.061999797821045,4.063000202178955,4.065999984741211,nan,nan,nan,nan,nan,nan
113.88020348548889,-0.4000000059604645,4.0320000648498535,4.060999870300293,4.058000087738037,4.061999797821045,4.063000202178955,4.065999984741211,nan,nan,nan,nan,nan,nan
114.05906629562378,-0.3799999952316284,4.0320000648498535,4.060999870300293,4.058000087738037,4.061999797821045,4.061999797821045,4.065999984741211,nan,nan,nan,nan,nan,nan
114.23938155174255,-0.4000000059604645,4.0320000648498535,4.060999870300293,4.058000087738037,4.061999797821045,4.061999797821045,4.065999984741211,nan,nan,nan,nan,nan,nan
114.39864468574524,-0.4000000059604645,4.0320000648498535,4.060999870300293,4.058000087738037,4.061999797821045,4.063000202178955,4.065999984741211,nan,nan,nan,nan,nan,nan
114.58193445205688,-0.4000000059604645,4.0320000648498535,4.060999870300293,4.058000087738037,4.061999797821045,4.063000202178955,4.065999984741211,nan,nan,nan,nan,nan,nan
114.74050688743591,-0.38999998569488525,4.0320000648498535,4.060999870300293,4.058000087738037,4.061999797821045,4.061999797821045,4.065999984741211,nan,nan,nan,nan,nan,nan
114.92000794410706,-0.4099999964237213,4.0320000648498535,4.060999870300293,4.058000087738037,4.061999797821045,4.063000202178955,4.065999984741211,nan,nan,nan,nan,nan,nan
115.10025358200073,-0.38999998569488525,4.0320000648498535,4.060999870300293,4.058000087738037,4.061999797821045,4.063000202178955,4.065999984741211,nan,nan,nan,nan,nan,nan
115.2596423625946,-0.4000000059604645,4.0320000648498535,4.060999870300293,4.058000087738037,4.061999797821045,4.061999797821045,4.065999984741211,nan,nan,nan,nan,nan,nan
115.44007897377014,-0.4000000059604645,4.0320000648498535,4.059999942779541,4.058000087738037,4.061999797821045,4.061999797821045,4.065999984741211,nan,nan,nan,nan,nan,nan
115.62022256851196,-0.38999998569488525,4.0320000648498535,4.060999870300293,4.058000087738037,4.061999797821045,4.061999797821045,4.065999984741211,nan,nan,nan,nan,nan,nan
115.78008651733398,-0.3799999952316284,4.0320000648498535,4.060999870300293,4.058000087738037,4.061999797821045,4.063000202178955,4.065999984741211,nan,nan,nan,nan,nan,nan
115.96211385726929,-0.4099999964237213,4.0320000648498535,4.060999870300293,4.058000087738037,4.061999797821045,4.063000202178955,4.065999984741211,nan,nan,nan,nan,nan,nan
116.12121033668518,-0.4000000059604645,4.0320000648498535,4.060999870300293,4.058000087738037,4.061999797821045,4.061999797821045,4.065999984741211,nan,nan,nan,nan,nan,nan
116.30014157295227,-0.4000000059604645,4.0320000648498535,4.060999870300293,4.058000087738037,4.061999797821045,4.061999797821045,4.065999984741211,nan,nan,nan,nan,nan,nan
116.48043823242188,-0.4000000059604645,4.0320000648498535,4.060999870300293,4.058000087738037,4.061999797821045,4.061999797821045,4.065999984741211,nan,nan,nan,nan,nan,nan
116.63979029655457,-0.4000000059604645,4.0329999923706055,4.060999870300293,4.058000087738037,4.061999797821045,4.061999797821045,4.065999984741211,nan,nan,nan,nan,nan,nan
116.82049560546875,-0.4000000059604645,4.0320000648498535,4.059999942779541,4.058000087738037,4.061999797821045,4.063000202178955,4.065999984741211,nan,nan,nan,nan,nan,nan
116.98100805282593,-0.4000000059604645,4.0320000648498535,4.060999870300293,4.058000087738037,4.061999797821045,4.061999797821045,4.065999984741211,nan,nan,nan,nan,nan,nan
117.16081023216248,-0.4000000059604645,4.0320000648498535,4.060999870300293,4.058000087738037,4.061999797821045,4.061999797821045,4.065999984741211,nan,nan,nan,nan,nan,nan
117.34003257751465,-0.4000000059604645,4.0320000648498535,4.060999870300293,4.058000087738037,4.061999797821045,4.061999797821045,4.065999984741211,nan,nan,nan,nan,nan,nan
117.50024604797363,-0.4000000059604645,4.0329999923706055,4.060999870300293,4.058000087738037,4.061999797821045,4.061999797821045,4.065999984741211,nan,nan,nan,nan,nan,nan
117.68051958084106,-0.4099999964237213,4.0320000648498535,4.060999870300293,4.058000087738037,4.061999797821045,4.061999797821045,4.065999984741211,nan,nan,nan,nan,nan,nan
117.84170961380005,-0.4000000059604645,4.0329999923706055,4.059999942779541,4.058000087738037,4.061999797821045,4.061999797821045,4.065999984741211,nan,nan,nan,nan,nan,nan
118.01993823051453,-0.4000000059604645,4.0320000648498535,4.060999870300293,4.058000087738037,4.061999797821045,4.061999797821045,4.065999984741211,nan,nan,nan,nan,nan,nan
118.20022106170654,-0.4000000059604645,4.0320000648498535,4.060999870300293,4.058000087738037,4.061999797821045,4.061999797821045,4.065999984741211,nan,nan,nan,nan,nan,nan
118.36022233963013,-0.4000000059604645,4.0320000648498535,4.060999870300293,4.058000087738037,4.061999797821045,4.061999797821045,4.065999984741211,nan,nan,nan,nan,nan,nan
118.5401542186737,-0.4000000059604645,4.0320000648498535,4.060999870300293,4.058000087738037,4.061999797821045,4.061999797821045,4.065999984741211,nan,nan,nan,nan,nan,nan
118.70096755027771,-0.4000000059604645,4.0320000648498535,4.060999870300293,4.058000087738037,4.061999797821045,4.061999797821045,4.065999984741211,nan,nan,nan,nan,nan,nan
118.87963366508484,-0.4099999964237213,4.0320000648498535,4.060999870300293,4.058000087738037,4.061999797821045,4.061999797821045,4.065999984741211,nan,nan,nan,nan,nan,nan
119.0597505569458,-0.4000000059604645,4.0320000648498535,4.060999870300293,4.058000087738037,4.061999797821045,4.061999797821045,4.065999984741211,nan,nan,nan,nan,nan,nan
119.21938991546631,-0.38999998569488525,4.0320000648498535,4.059999942779541,4.058000087738037,4.061999797821045,4.063000202178955,4.065999984741211,nan,nan,nan,nan,nan,nan
119.39961886405945,-0.4099999964237213,4.0320000648498535,4.060999870300293,4.058000087738037,4.061999797821045,4.063000202178955,4.065999984741211,nan,nan,nan,nan,nan,nan
119.57964324951172,-0.4099999964237213,4.0320000648498535,4.059999942779541,4.058000087738037,4.061999797821045,4.061999797821045,4.065999984741211,nan,nan,nan,nan,nan,nan
119.74048805236816,-0.3799999952316284,4.0320000648498535,4.059999942779541,4.058000087738037,4.061999797821045,4.061999797821045,4.065999984741211,nan,nan,nan,nan,nan,nan
119.91952443122864,-0.38999998569488525,4.0320000648498535,4.060999870300293,4.058000087738037,4.061999797821045,4.061999797821045,4.065999984741211,nan,nan,nan,nan,nan,nan
120.0801682472229,-0.4099999964237213,4.0320000648498535,4.059999942779541,4.058000087738037,4.061999797821045,4.061999797821045,4.065999984741211,nan,nan,nan,nan,nan,nan
120.26041531562805,-0.38999998569488525,4.0320000648498535,4.059999942779541,4.058000087738037,4.061999797821045,4.061999797821045,4.065999984741211,nan,nan,nan,nan,nan,nan
120.44091773033142,-0.4099999964237213,4.0320000648498535,4.060999870300293,4.058000087738037,4.061999797821045,4.063000202178955,4.065999984741211,nan,nan,nan,nan,nan,nan
120.59869503974915,-0.4000000059604645,4.0320000648498535,4.060999870300293,4.058000087738037,4.061999797821045,4.061999797821045,4.065999984741211,nan,nan,nan,nan,nan,nan
120.77929425239563,-0.4000000059604645,4.0320000648498535,4.059999942779541,4.058000087738037,4.061999797821045,4.061999797821045,4.065999984741211,nan,nan,nan,nan,nan,nan
120.93999242782593,-0.4000000059604645,4.0320000648498535,4.060999870300293,4.058000087738037,4.061999797821045,4.061999797821045,4.065999984741211,nan,nan,nan,nan,nan,nan
121.12034940719604,-0.38999998569488525,4.0320000648498535,4.060999870300293,4.058000087738037,4.061999797821045,4.061999797821045,4.065999984741211,nan,nan,nan,nan,nan,nan
121.30066537857056,-0.4000000059604645,4.0320000648498535,4.060999870300293,4.058000087738037,4.061999797821045,4.061999797821045,4.065999984741211,nan,nan,nan,nan,nan,nan
121.46006679534912,-0.4000000059604645,4.0320000648498535,4.059999942779541,4.058000087738037,4.061999797821045,4.061999797821045,4.065999984741211,nan,nan,nan,nan,nan,nan
121.64007568359375,-0.4099999964237213,4.0320000648498535,4.060999870300293,4.058000087738037,4.061999797821045,4.061999797821045,4.065999984741211,nan,nan,nan,nan,nan,nan
121.82025861740112,-0.4000000059604645,4.0320000648498535,4.059999942779541,4.058000087738037,4.060999870300293,4.061999797821045,4.065999984741211,nan,nan,nan,nan,nan,nan
121.97990918159485,-0.4000000059604645,4.0320000648498535,4.059999942779541,4.058000087738037,4.060999870300293,4.061999797821045,4.065999984741211,nan,nan,nan,nan,nan,nan
122.15988945960999,-0.4000000059604645,4.0320000648498535,4.059999942779541,4.058000087738037,4.061999797821045,4.061999797821045,4.065999984741211,nan,nan,nan,nan,nan,nan
122.32089495658875,-0.4099999964237213,4.0320000648498535,4.060999870300293,4.058000087738037,4.061999797821045,4.063000202178955,4.065999984741211,nan,nan,nan,nan,nan,nan
122.49967288970947,-0.4099999964237213,4.0320000648498535,4.060999870300293,4.058000087738037,4.061999797821045,4.061999797821045,4.065999984741211,nan,nan,nan,nan,nan,nan
122.68003630638123,-0.4000000059604645,4.0320000648498535,4.060999870300293,4.058000087738037,4.061999797821045,4.061999797821045,4.065999984741211,nan,nan,nan,nan,nan,nan
122.83937430381775,-0.38999998569488525,4.0320000648498535,4.060999870300293,4.058000087738037,4.061999797821045,4.061999797821045,4.065999984741211,nan,nan,nan,nan,nan,nan
123.0195472240448,-0.4000000059604645,4.0320000648498535,4.060999870300293,4.058000087738037,4.061999797821045,4.061999797821045,4.065999984741211,nan,nan,nan,nan,nan,nan
123.18048357963562,-0.38999998569488525,4.0320000648498535,4.059999942779541,4.058000087738037,4.061999797821045,4.061999797821045,4.065999984741211,nan,nan,nan,nan,nan,nan
123.35932159423828,-0.4000000059604645,4.0320000648498535,4.060999870300293,4.057000160217285,4.061999797821045,4.061999797821045,4.065999984741211,nan,nan,nan,nan,nan,nan
123.53952860832214,-0.4000000059604645,4.0320000648498535,4.059999942779541,4.058000087738037,4.061999797821045,4.061999797821045,4.065999984741211,nan,nan,nan,nan,nan,nan
123.70107626914978,-0.4000000059604645,4.0320000648498535,4.059999942779541,4.058000087738037,4.061999797821045,4.061999797821045,4.065999984741211,nan,nan,nan,nan,nan,nan
123.88055920600891,-0.4300000071525574,4.0320000648498535,4.059999942779541,4.058000087738037,4.061999797821045,4.061999797821045,4.065999984741211,nan,nan,nan,nan,nan,nan
124.03988981246948,-0.4000000059604645,4.0320000648498535,4.059999942779541,4.058000087738037,4.061999797821045,4.061999797821045,4.065999984741211,nan,nan,nan,nan,nan,nan
124.22028589248657,-0.38999998569488525,4.0320000648498535,4.059999942779541,4.058000087738037,4.061999797821045,4.061999797821045,4.065999984741211,nan,nan,nan,nan,nan,nan
124.40016889572144,-0.4099999964237213,4.0320000648498535,4.060999870300293,4.058000087738037,4.061999797821045,4.061999797821045,4.065999984741211,nan,nan,nan,nan,nan,nan
124.55918407440186,-0.38999998569488525,4.0320000648498535,4.060999870300293,4.058000087738037,4.061999797821045,4.061999797821045,4.065999984741211,nan,nan,nan,nan,nan,nan
124.74092292785645,-0.4000000059604645,4.0320000648498535,4.060999870300293,4.058000087738037,4.061999797821045,4.061999797821045,4.065999984741211,nan,nan,nan,nan,nan,nan
124.90072250366211,-0.4099999964237213,4.0320000648498535,4.060999870300293,4.058000087738037,4.061999797821045,4.061999797821045,4.065999984741211,nan,nan,nan,nan,nan,nan
125.0804750919342,-0.4000000059604645,4.0320000648498535,4.059999942779541,4.058000087738037,4.061999797821045,4.061999797821045,4.065999984741211,nan,nan,nan,nan,nan,nan
125.26120328903198,-0.38999998569488525,4.0320000648498535,4.060999870300293,4.058000087738037,4.061999797821045,4.061999797821045,4.065999984741211,nan,nan,nan,nan,nan,nan
125.42038226127625,-0.4000000059604645,4.0320000648498535,4.059999942779541,4.058000087738037,4.061999797821045,4.061999797821045,4.065999984741211,nan,nan,nan,nan,nan,nan
125.60046100616455,-0.4000000059604645,4.0320000648498535,4.059999942779541,4.058000087738037,4.061999797821045,4.061999797821045,4.065999984741211,nan,nan,nan,nan,nan,nan
125.78059482574463,-0.38999998569488525,4.0320000648498535,4.060999870300293,4.058000087738037,4.061999797821045,4.061999797821045,4.065999984741211,nan,nan,nan,nan,nan,nan
125.94021821022034,-0.41999998688697815,4.0320000648498535,4.059999942779541,4.058000087738037,4.061999797821045,4.061999797821045,4.065999984741211,nan,nan,nan,nan,nan,nan
126.1203362941742,-0.4000000059604645,4.0320000648498535,4.060999870300293,4.058000087738037,4.061999797821045,4.061999797821045,4.065999984741211,nan,nan,nan,nan,nan,nan
126.28120756149292,-0.4000000059604645,4.0320000648498535,4.060999870300293,4.058000087738037,4.061999797821045,4.061999797821045,4.065999984741211,nan,nan,nan,nan,nan,nan
126.46010732650757,-0.4000000059604645,4.0320000648498535,4.059999942779541,4.058000087738037,4.061999797821045,4.061999797821045,4.065999984741211,nan,nan,nan,nan,nan,nan
126.64034986495972,-0.4000000059604645,4.0320000648498535,4.059999942779541,4.058000087738037,4.061999797821045,4.061999797821045,4.065999984741211,nan,nan,nan,nan,nan,nan
126.80091643333435,-0.4000000059604645,4.0320000648498535,4.060999870300293,4.058000087738037,4.060999870300293,4.061999797821045,4.065999984741211,nan,nan,nan,nan,nan,nan
126.9797420501709,-0.41999998688697815,4.0320000648498535,4.059999942779541,4.058000087738037,4.061999797821045,4.061999797821045,4.065999984741211,nan,nan,nan,nan,nan,nan
127.1410584449768,-0.4000000059604645,4.0320000648498535,4.059999942779541,4.058000087738037,4.061999797821045,4.061999797821045,4.065999984741211,nan,nan,nan,nan,nan,nan
127.31976389884949,-0.4000000059604645,4.0320000648498535,4.059999942779541,4.058000087738037,4.060999870300293,4.061999797821045,4.065999984741211,nan,nan,nan,nan,nan,nan
127.5008225440979,-0.4099999964237213,4.0320000648498535,4.060999870300293,4.058000087738037,4.061999797821045,4.061999797821045,4.065999984741211,nan,nan,nan,nan,nan,nan
127.66016125679016,-0.38999998569488525,4.0320000648498535,4.059999942779541,4.058000087738037,4.061999797821045,4.061999797821045,4.065999984741211,nan,nan,nan,nan,nan,nan
127.84057331085205,-0.4000000059604645,4.0320000648498535,4.060999870300293,4.058000087738037,4.061999797821045,4.061999797821045,4.065999984741211,nan,nan,nan,nan,nan,nan
128.00015258789062,-0.4000000059604645,4.0320000648498535,4.059999942779541,4.058000087738037,4.061999797821045,4.061999797821045,4.065999984741211,nan,nan,nan,nan,nan,nan
128.18029808998108,-0.4000000059604645,4.0320000648498535,4.059999942779541,4.058000087738037,4.061999797821045,4.061999797821045,4.065999984741211,nan,nan,nan,nan,nan,nan
128.3605272769928,-0.4000000059604645,4.0320000648498535,4.059999942779541,4.058000087738037,4.060999870300293,4.061999797821045,4.065999984741211,nan,nan,nan,nan,nan,nan
128.52022862434387,-0.4000000059604645,4.0320000648498535,4.059999942779541,4.058000087738037,4.061999797821045,4.061999797821045,4.065999984741211,nan,nan,nan,nan,nan,nan
128.70010781288147,-0.4000000059604645,4.0320000648498535,4.060999870300293,4.058000087738037,4.061999797821045,4.061999797821045,4.065999984741211,nan,nan,nan,nan,nan,nan
128.88047075271606,-0.4000000059604645,4.0320000648498535,4.060999870300293,4.058000087738037,4.061999797821045,4.061999797821045,4.065999984741211,nan,nan,nan,nan,nan,nan
129.0400528907776,-0.4000000059604645,4.0320000648498535,4.059999942779541,4.058000087738037,4.061999797821045,4.061999797821045,4.065999984741211,nan,nan,nan,nan,nan,nan
129.21987056732178,-0.4000000059604645,4.0320000648498535,4.059999942779541,4.058000087738037,4.061999797821045,4.061999797821045,4.065999984741211,nan,nan,nan,nan,nan,nan
129.37927055358887,-0.4000000059604645,4.0320000648498535,4.059999942779541,4.058000087738037,4.061999797821045,4.061999797821045,4.065999984741211,nan,nan,nan,nan,nan,nan
129.5597140789032,-0.4000000059604645,4.0320000648498535,4.059999942779541,4.058000087738037,4.060999870300293,4.061999797821045,4.065999984741211,nan,nan,nan,nan,nan,nan
129.73884868621826,-0.4099999964237213,4.0320000648498535,4.059999942779541,4.058000087738037,4.061999797821045,4.061999797821045,4.065999984741211,nan,nan,nan,nan,nan,nan
129.90026426315308,-0.4099999964237213,4.0320000648498535,4.060999870300293,4.057000160217285,4.061999797821045,4.061999797821045,4.065999984741211,nan,nan,nan,nan,nan,nan
130.08051800727844,-0.4099999964237213,4.0320000648498535,4.059999942779541,4.058000087738037,4.061999797821045,4.061999797821045,4.065999984741211,nan,nan,nan,nan,nan,nan
130.24036359786987,-0.4000000059604645,4.0320000648498535,4.059999942779541,4.058000087738037,4.061999797821045,4.061999797821045,4.065999984741211,nan,nan,nan,nan,nan,nan
130.41962718963623,-0.4000000059604645,4.0320000648498535,4.059999942779541,4.058000087738037,4.061999797821045,4.061999797821045,4.065999984741211,nan,nan,nan,nan,nan,nan
130.6002378463745,-0.4000000059604645,4.0320000648498535,4.060999870300293,4.058000087738037,4.061999797821045,4.061999797821045,4.065999984741211,nan,nan,nan,nan,nan,nan
130.75914120674133,-0.4000000059604645,4.0320000648498535,4.059999942779541,4.057000160217285,4.060999870300293,4.061999797821045,4.065999984741211,nan,nan,nan,nan,nan,nan
130.94109272956848,-0.4099999964237213,4.0320000648498535,4.060999870300293,4.058000087738037,4.061999797821045,4.061999797821045,4.065999984741211,nan,nan,nan,nan,nan,nan
131.1009659767151,-0.38999998569488525,4.0320000648498535,4.060999870300293,4.058000087738037,4.060999870300293,4.061999797821045,4.065999984741211,nan,nan,nan,nan,nan,nan
131.2795763015747,-0.4000000059604645,4.0320000648498535,4.059999942779541,4.058000087738037,4.060999870300293,4.061999797821045,4.065999984741211,nan,nan,nan,nan,nan,nan
131.46090745925903,-0.38999998569488525,4.0320000648498535,4.059999942779541,4.058000087738037,4.061999797821045,4.061999797821045,4.065999984741211,nan,nan,nan,nan,nan,nan
131.61920309066772,-0.4000000059604645,4.0320000648498535,4.059999942779541,4.058000087738037,4.060999870300293,4.061999797821045,4.065999984741211,nan,nan,nan,nan,nan,nan
131.79950666427612,-0.4000000059604645,4.0320000648498535,4.059999942779541,4.058000087738037,4.061999797821045,4.061999797821045,4.065999984741211,nan,nan,nan,nan,nan,nan
131.98116183280945,-0.4000000059604645,4.0320000648498535,4.059999942779541,4.058000087738037,4.061999797821045,4.061999797821045,4.065999984741211,nan,nan,nan,nan,nan,nan
132.13930797576904,-0.4000000059604645,4.0320000648498535,4.059999942779541,4.058000087738037,4.061999797821045,4.061999797821045,4.065999984741211,nan,nan,nan,nan,nan,nan
132.3195869922638,-0.4000000059604645,4.0320000648498535,4.059999942779541,4.058000087738037,4.061999797821045,4.061999797821045,4.065999984741211,nan,nan,nan,nan,nan,nan
132.47929978370667,-0.4000000059604645,4.0320000648498535,4.059999942779541,4.058000087738037,4.061999797821045,4.061999797821045,4.065999984741211,nan,nan,nan,nan,nan,nan
132.66076231002808,-0.4000000059604645,4.0320000648498535,4.059999942779541,4.058000087738037,4.060999870300293,4.061999797821045,4.065999984741211,nan,nan,nan,nan,nan,nan
132.8391616344452,-0.4000000059604645,4.0320000648498535,4.059999942779541,4.057000160217285,4.060999870300293,4.061999797821045,4.065999984741211,nan,nan,nan,nan,nan,nan
132.9990096092224,-0.4000000059604645,4.0320000648498535,4.059999942779541,4.058000087738037,4.060999870300293,4.061999797821045,4.065999984741211,nan,nan,nan,nan,nan,nan
133.1807839870453,-0.4099999964237213,4.0320000648498535,4.059999942779541,4.058000087738037,4.060999870300293,4.061999797821045,4.065999984741211,nan,nan,nan,nan,nan,nan
133.33999228477478,-0.4000000059604645,4.0320000648498535,4.059999942779541,4.058000087738037,4.061999797821045,4.061999797821045,4.065999984741211,nan,nan,nan,nan,nan,nan
133.52006912231445,-0.4000000059604645,4.0320000648498535,4.059999942779541,4.057000160217285,4.061999797821045,4.061999797821045,4.065999984741211,nan,nan,nan,nan,nan,nan
133.6987326145172,-0.4000000059604645,4.0320000648498535,4.059999942779541,4.058000087738037,4.061999797821045,4.061999797821045,4.065999984741211,nan,nan,nan,nan,nan,nan
133.85999989509583,-0.4000000059604645,4.0320000648498535,4.059999942779541,4.057000160217285,4.061999797821045,4.061999797821045,4.065999984741211,nan,nan,nan,nan,nan,nan
134.03868746757507,-0.3799999952316284,4.0320000648498535,4.059999942779541,4.058000087738037,4.061999797821045,4.061999797821045,4.065999984741211,nan,nan,nan,nan,nan,nan
134.2206048965454,-0.4000000059604645,4.0320000648498535,4.059999942779541,4.057000160217285,4.060999870300293,4.061999797821045,4.065999984741211,nan,nan,nan,nan,nan,nan
134.38022994995117,-0.38999998569488525,4.0320000648498535,4.059999942779541,4.057000160217285,4.060999870300293,4.061999797821045,4.065999984741211,nan,nan,nan,nan,nan,nan
134.56037664413452,-0.38999998569488525,4.0320000648498535,4.059999942779541,4.057000160217285,4.061999797821045,4.061999797821045,4.065999984741211,nan,nan,nan,nan,nan,nan
134.72013449668884,-0.4000000059604645,4.0320000648498535,4.059999942779541,4.057000160217285,4.061999797821045,4.061999797821045,4.065999984741211,nan,nan,nan,nan,nan,nan
134.90035676956177,-0.4000000059604645,4.0320000648498535,4.059999942779541,4.057000160217285,4.061999797821045,4.061999797821045,4.065999984741211,nan,nan,nan,nan,nan,nan
135.07911133766174,-0.4000000059604645,4.0320000648498535,4.059999942779541,4.058000087738037,4.060999870300293,4.061999797821045,4.065999984741211,nan,nan,nan,nan,nan,nan
135.240083694458,-0.4000000059604645,4.0320000648498535,4.059999942779541,4.057000160217285,4.061999797821045,4.061999797821045,4.065999984741211,nan,nan,nan,nan,nan,nan
135.41915440559387,-0.4000000059604645,4.0320000648498535,4.059999942779541,4.058000087738037,4.060999870300293,4.061999797821045,4.065999984741211,nan,nan,nan,nan,nan,nan
135.57981896400452,-0.4000000059604645,4.0320000648498535,4.059999942779541,4.057000160217285,4.060999870300293,4.061999797821045,4.065999984741211,nan,nan,nan,nan,nan,nan
135.76026010513306,-0.4000000059604645,4.0320000648498535,4.059999942779541,4.058000087738037,4.060999870300293,4.061999797821045,4.065999984741211,nan,nan,nan,nan,nan,nan
135.94178700447083,-0.4000000059604645,4.0320000648498535,4.059999942779541,4.057000160217285,4.061999797821045,4.061999797821045,4.065999984741211,nan,nan,nan,nan,nan,nan
136.09985637664795,-0.4000000059604645,4.0320000648498535,4.059999942779541,4.057000160217285,4.061999797821045,4.061999797821045,4.065999984741211,nan,nan,nan,nan,nan,nan
136.28019428253174,-0.4099999964237213,4.0320000648498535,4.059999942779541,4.058000087738037,4.061999797821045,4.061999797821045,4.065999984741211,nan,nan,nan,nan,nan,nan
136.4594213962555,-0.4000000059604645,4.0320000648498535,4.059999942779541,4.057000160217285,4.061999797821045,4.061999797821045,4.065999984741211,nan,nan,nan,nan,nan,nan
136.6199767589569,-0.4000000059604645,4.0320000648498535,4.059999942779541,4.057000160217285,4.061999797821045,4.061999797821045,4.065999984741211,nan,nan,nan,nan,nan,nan
136.798686504364,-0.4000000059604645,4.0320000648498535,4.059999942779541,4.058000087738037,4.060999870300293,4.061999797821045,4.065999984741211,nan,nan,nan,nan,nan,nan
136.95986533164978,-0.4000000059604645,4.0320000648498535,4.059999942779541,4.058000087738037,4.060999870300293,4.061999797821045,4.065999984741211,nan,nan,nan,nan,nan,nan
137.13992929458618,-0.4000000059604645,4.0320000648498535,4.059999942779541,4.058000087738037,4.060999870300293,4.061999797821045,4.065999984741211,nan,nan,nan,nan,nan,nan
137.32007384300232,-0.4099999964237213,4.0320000648498535,4.059999942779541,4.057000160217285,4.060999870300293,4.061999797821045,4.065999984741211,nan,nan,nan,nan,nan,nan
137.48016738891602,-0.4000000059604645,4.0320000648498535,4.059999942779541,4.057000160217285,4.061999797821045,4.061999797821045,4.065999984741211,nan,nan,nan,nan,nan,nan
137.65987014770508,-0.4000000059604645,4.0320000648498535,4.059999942779541,4.058000087738037,4.060999870300293,4.061999797821045,4.065999984741211,nan,nan,nan,nan,nan,nan
137.8195514678955,-0.4000000059604645,4.031000137329102,4.059999942779541,4.057000160217285,4.061999797821045,4.061999797821045,4.065999984741211,nan,nan,nan,nan,nan,nan
138.00222063064575,-0.4000000059604645,4.0320000648498535,4.059999942779541,4.057000160217285,4.060999870300293,4.061999797821045,4.065999984741211,nan,nan,nan,nan,nan,nan
138.17929124832153,-0.38999998569488525,4.0320000648498535,4.059999942779541,4.057000160217285,4.060999870300293,4.061999797821045,4.065999984741211,nan,nan,nan,nan,nan,nan
138.33859539031982,-0.4000000059604645,4.0320000648498535,4.059999942779541,4.057000160217285,4.060999870300293,4.061999797821045,4.065999984741211,nan,nan,nan,nan,nan,nan
138.52057909965515,-0.4099999964237213,4.031000137329102,4.059999942779541,4.057000160217285,4.060999870300293,4.061999797821045,4.065999984741211,nan,nan,nan,nan,nan,nan
138.6799178123474,-0.38999998569488525,4.0320000648498535,4.059999942779541,4.058000087738037,4.060999870300293,4.061999797821045,4.065999984741211,nan,nan,nan,nan,nan,nan
138.86027455329895,-0.38999998569488525,4.0320000648498535,4.059999942779541,4.057000160217285,4.060999870300293,4.061999797821045,4.065999984741211,nan,nan,nan,nan,nan,nan
139.0402956008911,-0.4000000059604645,4.0320000648498535,4.059999942779541,4.057000160217285,4.061999797821045,4.061999797821045,4.065999984741211,nan,nan,nan,nan,nan,nan
139.19984555244446,-0.4000000059604645,4.0320000648498535,4.059999942779541,4.057000160217285,4.060999870300293,4.061999797821045,4.065999984741211,nan,nan,nan,nan,nan,nan
139.38034439086914,-0.4099999964237213,4.0320000648498535,4.059999942779541,4.057000160217285,4.060999870300293,4.061999797821045,4.065999984741211,nan,nan,nan,nan,nan,nan
139.5587875843048,-0.4000000059604645,4.0320000648498535,4.059999942779541,4.057000160217285,4.060999870300293,4.061999797821045,4.065999984741211,nan,nan,nan,nan,nan,nan
139.72004461288452,-0.4000000059604645,4.0320000648498535,4.059999942779541,4.057000160217285,4.061999797821045,4.061999797821045,4.065999984741211,nan,nan,nan,nan,nan,nan
139.90029525756836,-0.4000000059604645,4.0320000648498535,4.059999942779541,4.057000160217285,4.060999870300293,4.061999797821045,4.065000057220459,nan,nan,nan,nan,nan,nan
140.05956196784973,-0.4000000059604645,4.0320000648498535,4.059999942779541,4.057000160217285,4.060999870300293,4.061999797821045,4.065999984741211,nan,nan,nan,nan,nan,nan
140.24030590057373,-0.41999998688697815,4.031000137329102,4.059999942779541,4.057000160217285,4.060999870300293,4.061999797821045,4.065999984741211,nan,nan,nan,nan,nan,nan
140.42023062705994,-0.4000000059604645,4.0320000648498535,4.059999942779541,4.057000160217285,4.060999870300293,4.061999797821045,4.065999984741211,nan,nan,nan,nan,nan,nan
140.57997941970825,-0.4000000059604645,4.0320000648498535,4.059999942779541,4.057000160217285,4.060999870300293,4.061999797821045,4.065999984741211,nan,nan,nan,nan,nan,nan
140.7592008113861,-0.4000000059604645,4.031000137329102,4.059999942779541,4.057000160217285,4.060999870300293,4.061999797821045,4.065999984741211,nan,nan,nan,nan,nan,nan
140.91971707344055,-0.4000000059604645,4.031000137329102,4.059999942779541,4.057000160217285,4.060999870300293,4.061999797821045,4.065999984741211,nan,nan,nan,nan,nan,nan
141.10027194023132,-0.4000000059604645,4.0320000648498535,4.059999942779541,4.057000160217285,4.060999870300293,4.061999797821045,4.065999984741211,nan,nan,nan,nan,nan,nan
141.2787697315216,-0.4000000059604645,4.0320000648498535,4.059999942779541,4.057000160217285,4.060999870300293,4.061999797821045,4.065999984741211,nan,nan,nan,nan,nan,nan
141.43999123573303,-0.38999998569488525,4.0320000648498535,4.059999942779541,4.057000160217285,4.060999870300293,4.061999797821045,4.065999984741211,nan,nan,nan,nan,nan,nan
141.62004375457764,-0.4000000059604645,4.0320000648498535,4.059999942779541,4.057000160217285,4.060999870300293,4.061999797821045,4.065999984741211,nan,nan,nan,nan,nan,nan
141.80000758171082,-0.4000000059604645,4.0320000648498535,4.059999942779541,4.057000160217285,4.060999870300293,4.061999797821045,4.065999984741211,nan,nan,nan,nan,nan,nan
141.95994925498962,-0.4000000059604645,4.031000137329102,4.059999942779541,4.057000160217285,4.060999870300293,4.061999797821045,4.065999984741211,nan,nan,nan,nan,nan,nan
142.1403558254242,-0.4000000059604645,4.0320000648498535,4.059999942779541,4.057000160217285,4.060999870300293,4.061999797821045,4.065999984741211,nan,nan,nan,nan,nan,nan
142.3008086681366,-0.4000000059604645,4.0320000648498535,4.059999942779541,4.057000160217285,4.060999870300293,4.061999797821045,4.065000057220459,nan,nan,nan,nan,nan,nan
142.4791533946991,-0.4000000059604645,4.0320000648498535,4.059999942779541,4.057000160217285,4.060999870300293,4.061999797821045,4.065999984741211,nan,nan,nan,nan,nan,nan
142.66045308113098,-0.4000000059604645,4.031000137329102,4.059999942779541,4.057000160217285,4.060999870300293,4.061999797821045,4.065999984741211,nan,nan,nan,nan,nan,nan
142.82016777992249,-0.4000000059604645,4.031000137329102,4.059999942779541,4.057000160217285,4.060999870300293,4.061999797821045,4.065999984741211,nan,nan,nan,nan,nan,nan
142.99900197982788,-0.4000000059604645,4.031000137329102,4.059999942779541,4.058000087738037,4.060999870300293,4.061999797821045,4.065999984741211,nan,nan,nan,nan,nan,nan
143.15856075286865,-0.4099999964237213,4.031000137329102,4.059999942779541,4.057000160217285,4.060999870300293,4.061999797821045,4.065999984741211,nan,nan,nan,nan,nan,nan
143.33898448944092,-0.4300000071525574,4.031000137329102,4.059999942779541,4.057000160217285,4.060999870300293,4.061999797821045,4.065999984741211,nan,nan,nan,nan,nan,nan
143.51921796798706,-0.4099999964237213,4.0320000648498535,4.059999942779541,4.057000160217285,4.060999870300293,4.061999797821045,4.065999984741211,nan,nan,nan,nan,nan,nan
143.6801929473877,-0.4000000059604645,4.031000137329102,4.059999942779541,4.057000160217285,4.060999870300293,4.061999797821045,4.065999984741211,nan,nan,nan,nan,nan,nan
143.85924696922302,-0.4000000059604645,4.031000137329102,4.059999942779541,4.057000160217285,4.060999870300293,4.061999797821045,4.065000057220459,nan,nan,nan,nan,nan,nan
144.01976656913757,-0.4000000059604645,4.0320000648498535,4.059999942779541,4.058000087738037,4.060999870300293,4.061999797821045,4.065999984741211,nan,nan,nan,nan,nan,nan
144.1987223625183,-0.4000000059604645,4.0320000648498535,4.059999942779541,4.057000160217285,4.060999870300293,4.061999797821045,4.065999984741211,nan,nan,nan,nan,nan,nan
144.37914752960205,-0.4000000059604645,4.0320000648498535,4.059999942779541,4.057000160217285,4.060999870300293,4.061999797821045,4.065999984741211,nan,nan,nan,nan,nan,nan
144.53967905044556,-0.4099999964237213,4.031000137329102,4.059999942779541,4.057000160217285,4.060999870300293,4.061999797821045,4.065999984741211,nan,nan,nan,nan,nan,nan
144.71978306770325,-0.4000000059604645,4.031000137329102,4.059999942779541,4.057000160217285,4.060999870300293,4.061999797821045,4.065999984741211,nan,nan,nan,nan,nan,nan
144.87962555885315,-0.4000000059604645,4.031000137329102,4.059999942779541,4.057000160217285,4.060999870300293,4.061999797821045,4.065000057220459,nan,nan,nan,nan,nan,nan
145.05950617790222,-0.4000000059604645,4.0320000648498535,4.059999942779541,4.057000160217285,4.060999870300293,4.061999797821045,4.065000057220459,nan,nan,nan,nan,nan,nan
145.23986887931824,-0.4000000059604645,4.0320000648498535,4.059999942779541,4.057000160217285,4.060999870300293,4.061999797821045,4.065999984741211,nan,nan,nan,nan,nan,nan
145.39956045150757,-0.38999998569488525,4.031000137329102,4.059999942779541,4.057000160217285,4.060999870300293,4.061999797821045,4.065999984741211,nan,nan,nan,nan,nan,nan
145.57945847511292,-0.4099999964237213,4.0320000648498535,4.059999942779541,4.057000160217285,4.060999870300293,4.061999797821045,4.065999984741211,nan,nan,nan,nan,nan,nan
145.75964641571045,-0.4000000059604645,4.031000137329102,4.059999942779541,4.057000160217285,4.060999870300293,4.061999797821045,4.065999984741211,nan,nan,nan,nan,nan,nan
145.91948986053467,-0.4000000059604645,4.031000137329102,4.059999942779541,4.057000160217285,4.060999870300293,4.061999797821045,4.065999984741211,nan,nan,nan,nan,nan,nan
146.09952664375305,-0.4000000059604645,4.031000137329102,4.059999942779541,4.057000160217285,4.060999870300293,4.061999797821045,4.065999984741211,nan,nan,nan,nan,nan,nan
146.2591302394867,-0.4000000059604645,4.031000137329102,4.059999942779541,4.057000160217285,4.060999870300293,4.061999797821045,4.065999984741211,nan,nan,nan,nan,nan,nan
146.4408814907074,-0.4000000059604645,4.031000137329102,4.059999942779541,4.057000160217285,4.060999870300293,4.061999797821045,4.065999984741211,nan,nan,nan,nan,nan,nan
146.62082767486572,-0.4000000059604645,4.031000137329102,4.059999942779541,4.057000160217285,4.060999870300293,4.061999797821045,4.065999984741211,nan,nan,nan,nan,nan,nan
146.78146266937256,-0.4000000059604645,4.0320000648498535,4.059999942779541,4.057000160217285,4.060999870300293,4.061999797821045,4.065999984741211,nan,nan,nan,nan,nan,nan
146.960027217865,-0.4099999964237213,4.031000137329102,4.059999942779541,4.057000160217285,4.060999870300293,4.061999797821045,4.065999984741211,nan,nan,nan,nan,nan,nan
147.1206955909729,-0.4000000059604645,4.031000137329102,4.059999942779541,4.057000160217285,4.060999870300293,4.061999797821045,4.065000057220459,nan,nan,nan,nan,nan,nan
147.3010995388031,-0.4000000059604645,4.031000137329102,4.059999942779541,4.057000160217285,4.060999870300293,4.061999797821045,4.065999984741211,nan,nan,nan,nan,nan,nan
147.47983765602112,-0.4000000059604645,4.031000137329102,4.059999942779541,4.057000160217285,4.060999870300293,4.061999797821045,4.065999984741211,nan,nan,nan,nan,nan,nan
147.63905501365662,-0.4000000059604645,4.031000137329102,4.059999942779541,4.057000160217285,4.060999870300293,4.061999797821045,4.065999984741211,nan,nan,nan,nan,nan,nan
147.82132411003113,-0.4000000059604645,4.031000137329102,4.059999942779541,4.057000160217285,4.060999870300293,4.061999797821045,4.065999984741211,nan,nan,nan,nan,nan,nan
147.98113560676575,-0.4000000059604645,4.031000137329102,4.059999942779541,4.057000160217285,4.060999870300293,4.061999797821045,4.065999984741211,nan,nan,nan,nan,nan,nan
148.16305112838745,-0.4000000059604645,4.031000137329102,4.059999942779541,4.057000160217285,4.060999870300293,4.061999797821045,4.065000057220459,nan,nan,nan,nan,nan,nan
148.34041142463684,-0.4000000059604645,4.031000137329102,4.059999942779541,4.057000160217285,4.060999870300293,4.061999797821045,4.065999984741211,nan,nan,nan,nan,nan,nan
148.49959588050842,-0.4000000059604645,4.031000137329102,4.059999942779541,4.057000160217285,4.060999870300293,4.061999797821045,4.065999984741211,nan,nan,nan,nan,nan,nan
148.68067955970764,-0.3799999952316284,4.031000137329102,4.059999942779541,4.057000160217285,4.060999870300293,4.061999797821045,4.065999984741211,nan,nan,nan,nan,nan,nan
148.8617124557495,-0.4000000059604645,4.031000137329102,4.059999942779541,4.057000160217285,4.060999870300293,4.061999797821045,4.065999984741211,nan,nan,nan,nan,nan,nan
149.02094197273254,-0.4000000059604645,4.031000137329102,4.059999942779541,4.057000160217285,4.060999870300293,4.061999797821045,4.065000057220459,nan,nan,nan,nan,nan,nan
149.20092058181763,-0.4000000059604645,4.031000137329102,4.059999942779541,4.057000160217285,4.060999870300293,4.061999797821045,4.065999984741211,nan,nan,nan,nan,nan,nan
149.35925221443176,-0.4000000059604645,4.031000137329102,4.059999942779541,4.057000160217285,4.060999870300293,4.061999797821045,4.065999984741211,nan,nan,nan,nan,nan,nan
149.54124641418457,-0.38999998569488525,4.031000137329102,4.059999942779541,4.057000160217285,4.060999870300293,4.061999797821045,4.065999984741211,nan,nan,nan,nan,nan,nan
149.7191286087036,-0.38999998569488525,4.031000137329102,4.059999942779541,4.057000160217285,4.060999870300293,4.061999797821045,4.065999984741211,nan,nan,nan,nan,nan,nan
149.8788993358612,-0.4000000059604645,4.031000137329102,4.059999942779541,4.057000160217285,4.060999870300293,4.061999797821045,4.065999984741211,nan,nan,nan,nan,nan,nan
150.05976223945618,-0.4000000059604645,4.031000137329102,4.059999942779541,4.057000160217285,4.060999870300293,4.061999797821045,4.065999984741211,nan,nan,nan,nan,nan,nan
150.22068905830383,-0.4000000059604645,4.031000137329102,4.059999942779541,4.057000160217285,4.060999870300293,4.061999797821045,4.065999984741211,nan,nan,nan,nan,nan,nan
150.39932203292847,-0.4000000059604645,4.031000137329102,4.059999942779541,4.057000160217285,4.060999870300293,4.061999797821045,4.065999984741211,nan,nan,nan,nan,nan,nan
150.57909083366394,-0.4000000059604645,4.031000137329102,4.059999942779541,4.057000160217285,4.060999870300293,4.061999797821045,4.065000057220459,nan,nan,nan,nan,nan,nan
150.73880004882812,-0.38999998569488525,4.031000137329102,4.059999942779541,4.057000160217285,4.060999870300293,4.061999797821045,4.065000057220459,nan,nan,nan,nan,nan,nan
150.92137479782104,-0.4000000059604645,4.031000137329102,4.059999942779541,4.057000160217285,4.060999870300293,4.061999797821045,4.065999984741211,nan,nan,nan,nan,nan,nan
151.0803301334381,-0.38999998569488525,4.031000137329102,4.059999942779541,4.057000160217285,4.060999870300293,4.061999797821045,4.065999984741211,nan,nan,nan,nan,nan,nan
151.26046657562256,-0.4000000059604645,4.031000137329102,4.059999942779541,4.057000160217285,4.060999870300293,4.061999797821045,4.065999984741211,nan,nan,nan,nan,nan,nan
151.43889665603638,-0.4000000059604645,4.031000137329102,4.059999942779541,4.057000160217285,4.060999870300293,4.061999797821045,4.065999984741211,nan,nan,nan,nan,nan,nan
151.5999345779419,-0.4000000059604645,4.031000137329102,4.059999942779541,4.057000160217285,4.060999870300293,4.061999797821045,4.065999984741211,nan,nan,nan,nan,nan,nan
151.77873301506042,-0.38999998569488525,4.031000137329102,4.059999942779541,4.057000160217285,4.060999870300293,4.061999797821045,4.065000057220459,nan,nan,nan,nan,nan,nan
151.95907163619995,-0.4000000059604645,4.031000137329102,4.059999942779541,4.057000160217285,4.060999870300293,4.061999797821045,4.065999984741211,nan,nan,nan,nan,nan,nan
152.1219048500061,-0.4000000059604645,4.031000137329102,4.059999942779541,4.057000160217285,4.060999870300293,4.061999797821045,4.065999984741211,nan,nan,nan,nan,nan,nan
152.3003749847412,-0.4000000059604645,4.031000137329102,4.059999942779541,4.057000160217285,4.060999870300293,4.061999797821045,4.065000057220459,nan,nan,nan,nan,nan,nan
152.45984601974487,-0.4099999964237213,4.031000137329102,4.059999942779541,4.057000160217285,4.060999870300293,4.061999797821045,4.065999984741211,nan,nan,nan,nan,nan,nan
152.63997530937195,-0.4000000059604645,4.031000137329102,4.059999942779541,4.057000160217285,4.060999870300293,4.061999797821045,4.065000057220459,nan,nan,nan,nan,nan,nan
152.82030725479126,-0.4000000059604645,4.031000137329102,4.059999942779541,4.057000160217285,4.060999870300293,4.061999797821045,4.065000057220459,nan,nan,nan,nan,nan,nan
152.98105692863464,-0.4000000059604645,4.031000137329102,4.059999942779541,4.057000160217285,4.060999870300293,4.061999797821045,4.065000057220459,nan,nan,nan,nan,nan,nan
153.15969347953796,-0.4000000059604645,4.031000137329102,4.059999942779541,4.057000160217285,4.060999870300293,4.061999797821045,4.065000057220459,nan,nan,nan,nan,nan,nan
153.31907272338867,-0.4000000059604645,4.031000137329102,4.059999942779541,4.057000160217285,4.060999870300293,4.061999797821045,4.065999984741211,nan,nan,nan,nan,nan,nan
153.49911952018738,-0.4000000059604645,4.031000137329102,4.059999942779541,4.057000160217285,4.060999870300293,4.061999797821045,4.065999984741211,nan,nan,nan,nan,nan,nan
153.67978930473328,-0.4000000059604645,4.031000137329102,4.059999942779541,4.057000160217285,4.060999870300293,4.061999797821045,4.065000057220459,nan,nan,nan,nan,nan,nan
153.84060716629028,-0.4000000059604645,4.031000137329102,4.059999942779541,4.057000160217285,4.060999870300293,4.061999797821045,4.065000057220459,nan,nan,nan,nan,nan,nan
154.01923990249634,-0.38999998569488525,4.031000137329102,4.059999942779541,4.057000160217285,4.060999870300293,4.061999797821045,4.065999984741211,nan,nan,nan,nan,nan,nan
154.17879128456116,-0.4000000059604645,4.031000137329102,4.059999942779541,4.057000160217285,4.060999870300293,4.061999797821045,4.065999984741211,nan,nan,nan,nan,nan,nan
154.35919761657715,-0.4000000059604645,4.031000137329102,4.059999942779541,4.057000160217285,4.060999870300293,4.061999797821045,4.065999984741211,nan,nan,nan,nan,nan,nan
154.53971934318542,-0.4000000059604645,4.031000137329102,4.059999942779541,4.057000160217285,4.060999870300293,4.061999797821045,4.065000057220459,nan,nan,nan,nan,nan,nan
154.6991686820984,-0.4000000059604645,4.031000137329102,4.059999942779541,4.057000160217285,4.060999870300293,4.061999797821045,4.065000057220459,nan,nan,nan,nan,nan,nan
154.87934041023254,-0.4099999964237213,4.031000137329102,4.059999942779541,4.057000160217285,4.060999870300293,4.061999797821045,4.065999984741211,nan,nan,nan,nan,nan,nan
155.0595440864563,-0.4099999964237213,4.031000137329102,4.059999942779541,4.057000160217285,4.060999870300293,4.061999797821045,4.065000057220459,nan,nan,nan,nan,nan,nan
155.21926069259644,-0.4000000059604645,4.031000137329102,4.059999942779541,4.057000160217285,4.060999870300293,4.061999797821045,4.065000057220459,nan,nan,nan,nan,nan,nan
155.39961695671082,-0.4000000059604645,4.031000137329102,4.059999942779541,4.057000160217285,4.060999870300293,4.061999797821045,4.065999984741211,nan,nan,nan,nan,nan,nan
155.5592381954193,-0.4000000059604645,4.031000137329102,4.059999942779541,4.057000160217285,4.060999870300293,4.061999797821045,4.065000057220459,nan,nan,nan,nan,nan,nan
155.7397530078888,-0.4000000059604645,4.031000137329102,4.059999942779541,4.057000160217285,4.060999870300293,4.061999797821045,4.065000057220459,nan,nan,nan,nan,nan,nan
155.92003726959229,-0.4000000059604645,4.031000137329102,4.059999942779541,4.057000160217285,4.060999870300293,4.061999797821045,4.065000057220459,nan,nan,nan,nan,nan,nan
156.07933735847473,-0.4099999964237213,4.031000137329102,4.059999942779541,4.057000160217285,4.060999870300293,4.061999797821045,4.065999984741211,nan,nan,nan,nan,nan,nan
156.2609736919403,-0.4000000059604645,4.031000137329102,4.059999942779541,4.057000160217285,4.060999870300293,4.061999797821045,4.065000057220459,nan,nan,nan,nan,nan,nan
156.42029309272766,-0.4000000059604645,4.031000137329102,4.059999942779541,4.057000160217285,4.060999870300293,4.061999797821045,4.065000057220459,nan,nan,nan,nan,nan,nan
156.59917879104614,-0.4000000059604645,4.031000137329102,4.059999942779541,4.057000160217285,4.060999870300293,4.061999797821045,4.065000057220459,nan,nan,nan,nan,nan,nan
156.77939581871033,-0.4000000059604645,4.031000137329102,4.059999942779541,4.057000160217285,4.060999870300293,4.061999797821045,4.065000057220459,nan,nan,nan,nan,nan,nan
156.94043159484863,-0.4099999964237213,4.031000137329102,4.059999942779541,4.057000160217285,4.060999870300293,4.061999797821045,4.065999984741211,nan,nan,nan,nan,nan,nan
157.12112641334534,-0.41999998688697815,4.031000137329102,4.059999942779541,4.057000160217285,4.060999870300293,4.061999797821045,4.065000057220459,nan,nan,nan,nan,nan,nan
157.29946613311768,-0.41999998688697815,4.031000137329102,4.059999942779541,4.057000160217285,4.060999870300293,4.061999797821045,4.065999984741211,nan,nan,nan,nan,nan,nan
157.45914816856384,-0.4099999964237213,4.031000137329102,4.059999942779541,4.057000160217285,4.060999870300293,4.061999797821045,4.065999984741211,nan,nan,nan,nan,nan,nan
157.63982367515564,-0.4000000059604645,4.031000137329102,4.059999942779541,4.057000160217285,4.060999870300293,4.061999797821045,4.065999984741211,nan,nan,nan,nan,nan,nan
157.79911589622498,-0.38999998569488525,4.031000137329102,4.059999942779541,4.057000160217285,4.060999870300293,4.061999797821045,4.065000057220459,nan,nan,nan,nan,nan,nan
157.97924613952637,-0.4000000059604645,4.031000137329102,4.059999942779541,4.057000160217285,4.060999870300293,4.061999797821045,4.065999984741211,nan,nan,nan,nan,nan,nan
158.15959358215332,-0.4099999964237213,4.031000137329102,4.059999942779541,4.057000160217285,4.060999870300293,4.061999797821045,4.065999984741211,nan,nan,nan,nan,nan,nan
158.3191397190094,-0.38999998569488525,4.031000137329102,4.059999942779541,4.057000160217285,4.060999870300293,4.061999797821045,4.065000057220459,nan,nan,nan,nan,nan,nan
158.49956727027893,-0.38999998569488525,4.031000137329102,4.059999942779541,4.057000160217285,4.060999870300293,4.061999797821045,4.065000057220459,nan,nan,nan,nan,nan,nan
158.66093516349792,-0.4000000059604645,4.031000137329102,4.059999942779541,4.057000160217285,4.060999870300293,4.061999797821045,4.065000057220459,nan,nan,nan,nan,nan,nan
158.83926630020142,-0.4000000059604645,4.031000137329102,4.059999942779541,4.057000160217285,4.060999870300293,4.061999797821045,4.065999984741211,nan,nan,nan,nan,nan,nan
159.01980328559875,-0.4000000059604645,4.031000137329102,4.059999942779541,4.057000160217285,4.060999870300293,4.061999797821045,4.065000057220459,nan,nan,nan,nan,nan,nan
159.1792733669281,-0.4000000059604645,4.031000137329102,4.059999942779541,4.057000160217285,4.060999870300293,4.060999870300293,4.065000057220459,nan,nan,nan,nan,nan,nan
159.35946488380432,-0.4000000059604645,4.031000137329102,4.059999942779541,4.057000160217285,4.060999870300293,4.061999797821045,4.065000057220459,nan,nan,nan,nan,nan,nan
159.5393660068512,-0.4000000059604645,4.031000137329102,4.059999942779541,4.057000160217285,4.060999870300293,4.061999797821045,4.065000057220459,nan,nan,nan,nan,nan,nan
159.69913530349731,-0.4000000059604645,4.031000137329102,4.059999942779541,4.057000160217285,4.060999870300293,4.061999797821045,4.065000057220459,nan,nan,nan,nan,nan,nan
159.88114619255066,-0.4000000059604645,4.031000137329102,4.059999942779541,4.057000160217285,4.060999870300293,4.061999797821045,4.065000057220459,nan,nan,nan,nan,nan,nan
160.0390260219574,-0.4099999964237213,4.031000137329102,4.059999942779541,4.057000160217285,4.060999870300293,4.061999797821045,4.065000057220459,nan,nan,nan,nan,nan,nan
160.2206060886383,-0.4099999964237213,4.031000137329102,4.059000015258789,4.057000160217285,4.060999870300293,4.061999797821045,4.065000057220459,nan,nan,nan,nan,nan,nan
160.3988139629364,-0.38999998569488525,4.031000137329102,4.059999942779541,4.057000160217285,4.060999870300293,4.061999797821045,4.065999984741211,nan,nan,nan,nan,nan,nan
160.55854654312134,-0.38999998569488525,4.031000137329102,4.059999942779541,4.057000160217285,4.060999870300293,4.061999797821045,4.065000057220459,nan,nan,nan,nan,nan,nan
160.73911595344543,-0.4000000059604645,4.031000137329102,4.059000015258789,4.057000160217285,4.060999870300293,4.061999797821045,4.065000057220459,nan,nan,nan,nan,nan,nan
160.8999674320221,-0.4000000059604645,4.031000137329102,4.059999942779541,4.057000160217285,4.060999870300293,4.061999797821045,4.065999984741211,nan,nan,nan,nan,nan,nan
161.07885479927063,-0.38999998569488525,4.031000137329102,4.059999942779541,4.057000160217285,4.060999870300293,4.060999870300293,4.065000057220459,nan,nan,nan,nan,nan,nan
161.2596516609192,-0.4099999964237213,4.031000137329102,4.059999942779541,4.057000160217285,4.060999870300293,4.061999797821045,4.065000057220459,nan,nan,nan,nan,nan,nan
161.4187309741974,-0.4000000059604645,4.031000137329102,4.059999942779541,4.057000160217285,4.060999870300293,4.061999797821045,4.065000057220459,nan,nan,nan,nan,nan,nan
161.59940361976624,-0.4000000059604645,4.031000137329102,4.059999942779541,4.057000160217285,4.060999870300293,4.061999797821045,4.065000057220459,nan,nan,nan,nan,nan,nan
161.78010964393616,-0.38999998569488525,4.031000137329102,4.059999942779541,4.057000160217285,4.060999870300293,4.061999797821045,4.065000057220459,nan,nan,nan,nan,nan,nan
161.93985033035278,-0.3799999952316284,4.031000137329102,4.059999942779541,4.057000160217285,4.060999870300293,4.061999797821045,4.065000057220459,nan,nan,nan,nan,nan,nan
162.12008786201477,-0.4099999964237213,4.031000137329102,4.059999942779541,4.057000160217285,4.060999870300293,4.061999797821045,4.065000057220459,nan,nan,nan,nan,nan,nan
162.2793185710907,-0.4099999964237213,4.031000137329102,4.059999942779541,4.057000160217285,4.060999870300293,4.061999797821045,4.065999984741211,nan,nan,nan,nan,nan,nan
162.4595386981964,-0.4000000059604645,4.031000137329102,4.059999942779541,4.057000160217285,4.060999870300293,4.061999797821045,4.065000057220459,nan,nan,nan,nan,nan,nan
162.6394612789154,-0.4000000059604645,4.031000137329102,4.059999942779541,4.057000160217285,4.060999870300293,4.061999797821045,4.065999984741211,nan,nan,nan,nan,nan,nan
162.7994978427887,-0.4099999964237213,4.03000020980835,4.059000015258789,4.057000160217285,4.060999870300293,4.061999797821045,4.065000057220459,nan,nan,nan,nan,nan,nan
162.9794716835022,-0.4099999964237213,4.031000137329102,4.059999942779541,4.057000160217285,4.060999870300293,4.060999870300293,4.065000057220459,nan,nan,nan,nan,nan,nan
163.1389365196228,-0.4000000059604645,4.031000137329102,4.059999942779541,4.057000160217285,4.060999870300293,4.061999797821045,4.065000057220459,nan,nan,nan,nan,nan,nan
163.31913542747498,-0.4099999964237213,4.031000137329102,4.059999942779541,4.057000160217285,4.060999870300293,4.061999797821045,4.065000057220459,nan,nan,nan,nan,nan,nan
163.49941635131836,-0.41999998688697815,4.031000137329102,4.059999942779541,4.057000160217285,4.060999870300293,4.061999797821045,4.065000057220459,nan,nan,nan,nan,nan,nan
163.65901494026184,-0.4000000059604645,4.031000137329102,4.059000015258789,4.057000160217285,4.060999870300293,4.061999797821045,4.065999984741211,nan,nan,nan,nan,nan,nan
163.83925986289978,-0.41999998688697815,4.031000137329102,4.059999942779541,4.057000160217285,4.060999870300293,4.061999797821045,4.065999984741211,nan,nan,nan,nan,nan,nan
163.99884939193726,-0.38999998569488525,4.031000137329102,4.059999942779541,4.057000160217285,4.060999870300293,4.061999797821045,4.065000057220459,nan,nan,nan,nan,nan,nan
164.17906188964844,-0.4099999964237213,4.031000137329102,4.059999942779541,4.057000160217285,4.060999870300293,4.061999797821045,4.065000057220459,nan,nan,nan,nan,nan,nan
164.3593225479126,-0.41999998688697815,4.031000137329102,4.059000015258789,4.057000160217285,4.060999870300293,4.061999797821045,4.065000057220459,nan,nan,nan,nan,nan,nan
164.51896834373474,-0.41999998688697815,4.031000137329102,4.059000015258789,4.057000160217285,4.060999870300293,4.061999797821045,4.065000057220459,nan,nan,nan,nan,nan,nan
164.69924569129944,-0.4000000059604645,4.031000137329102,4.059000015258789,4.057000160217285,4.060999870300293,4.060999870300293,4.065000057220459,nan,nan,nan,nan,nan,nan
164.87941241264343,-0.38999998569488525,4.031000137329102,4.059999942779541,4.057000160217285,4.060999870300293,4.061999797821045,4.065000057220459,nan,nan,nan,nan,nan,nan
165.03936004638672,-0.4000000059604645,4.031000137329102,4.059999942779541,4.057000160217285,4.060999870300293,4.061999797821045,4.065000057220459,nan,nan,nan,nan,nan,nan
165.21943974494934,-0.4000000059604645,4.031000137329102,4.059000015258789,4.057000160217285,4.060999870300293,4.061999797821045,4.065000057220459,nan,nan,nan,nan,nan,nan
165.3788185119629,-0.4099999964237213,4.031000137329102,4.059000015258789,4.057000160217285,4.060999870300293,4.060999870300293,4.065000057220459,nan,nan,nan,nan,nan,nan
165.5593180656433,-0.4099999964237213,4.031000137329102,4.059999942779541,4.057000160217285,4.060999870300293,4.061999797821045,4.065000057220459,nan,nan,nan,nan,nan,nan
165.7394573688507,-0.4000000059604645,4.031000137329102,4.059999942779541,4.057000160217285,4.060999870300293,4.061999797821045,4.065000057220459,nan,nan,nan,nan,nan,nan
165.89952158927917,-0.38999998569488525,4.031000137329102,4.059000015258789,4.057000160217285,4.060999870300293,4.060999870300293,4.065000057220459,nan,nan,nan,nan,nan,nan
166.07929253578186,-0.4000000059604645,4.031000137329102,4.059000015258789,4.057000160217285,4.060999870300293,4.061999797821045,4.065000057220459,nan,nan,nan,nan,nan,nan
166.23892045021057,-0.4000000059604645,4.031000137329102,4.059999942779541,4.057000160217285,4.060999870300293,4.061999797821045,4.065000057220459,nan,nan,nan,nan,nan,nan
166.4195215702057,-0.4000000059604645,4.031000137329102,4.059000015258789,4.057000160217285,4.060999870300293,4.060999870300293,4.065000057220459,nan,nan,nan,nan,nan,nan
166.59976291656494,-0.4000000059604645,4.031000137329102,4.059999942779541,4.057000160217285,4.060999870300293,4.061999797821045,4.065000057220459,nan,nan,nan,nan,nan,nan
166.7593331336975,-0.4099999964237213,4.031000137329102,4.059000015258789,4.057000160217285,4.060999870300293,4.060999870300293,4.065000057220459,nan,nan,nan,nan,nan,nan
166.9397313594818,-0.4000000059604645,4.03000020980835,4.059000015258789,4.056000232696533,4.060999870300293,4.061999797821045,4.065000057220459,nan,nan,nan,nan,nan,nan
167.11888718605042,-0.4099999964237213,4.031000137329102,4.059000015258789,4.057000160217285,4.060999870300293,4.060999870300293,4.065000057220459,nan,nan,nan,nan,nan,nan
167.27979040145874,-0.4000000059604645,4.031000137329102,4.059000015258789,4.057000160217285,4.060999870300293,4.061999797821045,4.065000057220459,nan,nan,nan,nan,nan,nan
167.46009349822998,-0.4000000059604645,4.03000020980835,4.059000015258789,4.057000160217285,4.060999870300293,4.061999797821045,4.065000057220459,nan,nan,nan,nan,nan,nan
167.61942648887634,-0.38999998569488525,4.031000137329102,4.059000015258789,4.056000232696533,4.060999870300293,4.061999797821045,4.065000057220459,nan,nan,nan,nan,nan,nan
167.79994440078735,-0.38999998569488525,4.031000137329102,4.059999942779541,4.057000160217285,4.060999870300293,4.061999797821045,4.065000057220459,nan,nan,nan,nan,nan,nan
167.97991681098938,-0.4099999964237213,4.03000020980835,4.059000015258789,4.056000232696533,4.060999870300293,4.061999797821045,4.065000057220459,nan,nan,nan,nan,nan,nan
168.13952469825745,-0.4000000059604645,4.03000020980835,4.059000015258789,4.057000160217285,4.060999870300293,4.061999797821045,4.065000057220459,nan,nan,nan,nan,nan,nan
168.31976294517517,-0.4000000059604645,4.031000137329102,4.059999942779541,4.057000160217285,4.060999870300293,4.061999797821045,4.065000057220459,nan,nan,nan,nan,nan,nan
168.4794306755066,-0.4000000059604645,4.031000137329102,4.059999942779541,4.057000160217285,4.060999870300293,4.061999797821045,4.065000057220459,nan,nan,nan,nan,nan,nan
168.65963006019592,-0.4000000059604645,4.031000137329102,4.059999942779541,4.057000160217285,4.060999870300293,4.061999797821045,4.065000057220459,nan,nan,nan,nan,nan,nan
168.84004664421082,-0.4000000059604645,4.03000020980835,4.059000015258789,4.057000160217285,4.060999870300293,4.061999797821045,4.065000057220459,nan,nan,nan,nan,nan,nan
168.99921441078186,-0.38999998569488525,4.03000020980835,4.059000015258789,4.056000232696533,4.060999870300293,4.060999870300293,4.065000057220459,nan,nan,nan,nan,nan,nan
169.17980456352234,-0.4000000059604645,4.031000137329102,4.059000015258789,4.057000160217285,4.060999870300293,4.060999870300293,4.065000057220459,nan,nan,nan,nan,nan,nan
169.35979986190796,-0.4099999964237213,4.03000020980835,4.059000015258789,4.057000160217285,4.060999870300293,4.060999870300293,4.065000057220459,nan,nan,nan,nan,nan,nan
169.5189745426178,-0.4000000059604645,4.031000137329102,4.059000015258789,4.056000232696533,4.060999870300293,4.060999870300293,4.065000057220459,nan,nan,nan,nan,nan,nan
169.69963431358337,-0.4099999964237213,4.03000020980835,4.059000015258789,4.057000160217285,4.060999870300293,4.061999797821045,4.065000057220459,nan,nan,nan,nan,nan,nan
169.85890221595764,-0.38999998569488525,4.03000020980835,4.059000015258789,4.057000160217285,4.060999870300293,4.061999797821045,4.065000057220459,nan,nan,nan,nan,nan,nan
170.0393044948578,-0.4000000059604645,4.03000020980835,4.059000015258789,4.057000160217285,4.060999870300293,4.061999797821045,4.065000057220459,nan,nan,nan,nan,nan,nan
170.2197937965393,-0.38999998569488525,4.03000020980835,4.059999942779541,4.057000160217285,4.060999870300293,4.060999870300293,4.065000057220459,nan,nan,nan,nan,nan,nan
170.37909746170044,-0.4099999964237213,4.03000020980835,4.059999942779541,4.057000160217285,4.060999870300293,4.060999870300293,4.065000057220459,nan,nan,nan,nan,nan,nan
170.55930137634277,-0.4300000071525574,4.031000137329102,4.059000015258789,4.057000160217285,4.060999870300293,4.060999870300293,4.065000057220459,nan,nan,nan,nan,nan,nan
170.7190239429474,-0.38999998569488525,4.031000137329102,4.059000015258789,4.057000160217285,4.060999870300293,4.060999870300293,4.065000057220459,nan,nan,nan,nan,nan,nan
170.89922618865967,-0.4000000059604645,4.03000020980835,4.059000015258789,4.057000160217285,4.060999870300293,4.060999870300293,4.065000057220459,nan,nan,nan,nan,nan,nan
171.08066725730896,-0.4099999964237213,4.03000020980835,4.059000015258789,4.056000232696533,4.060999870300293,4.061999797821045,4.065000057220459,nan,nan,nan,nan,nan,nan
171.24150562286377,-0.38999998569488525,4.03000020980835,4.059000015258789,4.057000160217285,4.060999870300293,4.060999870300293,4.065000057220459,nan,nan,nan,nan,nan,nan
171.41905736923218,-0.4099999964237213,4.031000137329102,4.059000015258789,4.056000232696533,4.060999870300293,4.060999870300293,4.065000057220459,nan,nan,nan,nan,nan,nan
171.5991427898407,-0.4000000059604645,4.031000137329102,4.059999942779541,4.056000232696533,4.060999870300293,4.060999870300293,4.065000057220459,nan,nan,nan,nan,nan,nan
171.75866985321045,-0.38999998569488525,4.031000137329102,4.059000015258789,4.057000160217285,4.060999870300293,4.060999870300293,4.065000057220459,nan,nan,nan,nan,nan,nan
171.93926620483398,-0.4099999964237213,4.031000137329102,4.059000015258789,4.057000160217285,4.060999870300293,4.060999870300293,4.065000057220459,nan,nan,nan,nan,nan,nan
172.09910106658936,-0.4000000059604645,4.03000020980835,4.059000015258789,4.057000160217285,4.060999870300293,4.060999870300293,4.065000057220459,nan,nan,nan,nan,nan,nan
172.27893829345703,-0.4000000059604645,4.03000020980835,4.059000015258789,4.056000232696533,4.060999870300293,4.061999797821045,4.065000057220459,nan,nan,nan,nan,nan,nan
172.45938563346863,-0.4000000059604645,4.03000020980835,4.059000015258789,4.057000160217285,4.060999870300293,4.060999870300293,4.065000057220459,nan,nan,nan,nan,nan,nan
172.62011313438416,-0.38999998569488525,4.031000137329102,4.059000015258789,4.056000232696533,4.060999870300293,4.060999870300293,4.065000057220459,nan,nan,nan,nan,nan,nan
172.79931092262268,-0.4000000059604645,4.03000020980835,4.059000015258789,4.057000160217285,4.060999870300293,4.060999870300293,4.065000057220459,nan,nan,nan,nan,nan,nan
172.9603350162506,-0.4000000059604645,4.03000020980835,4.059000015258789,4.057000160217285,4.060999870300293,4.060999870300293,4.065000057220459,nan,nan,nan,nan,nan,nan
173.1387734413147,-0.4000000059604645,4.03000020980835,4.059000015258789,4.057000160217285,4.060999870300293,4.060999870300293,4.065000057220459,nan,nan,nan,nan,nan,nan
173.31926441192627,-0.4000000059604645,4.031000137329102,4.059000015258789,4.057000160217285,4.060999870300293,4.061999797821045,4.065000057220459,nan,nan,nan,nan,nan,nan
173.4806981086731,-0.4000000059604645,4.03000020980835,4.059000015258789,4.056000232696533,4.060999870300293,4.060999870300293,4.065000057220459,nan,nan,nan,nan,nan,nan
173.66027426719666,-0.4000000059604645,4.03000020980835,4.059000015258789,4.056000232696533,4.060999870300293,4.061999797821045,4.065000057220459,nan,nan,nan,nan,nan,nan
173.84022092819214,-0.38999998569488525,4.03000020980835,4.059000015258789,4.057000160217285,4.060999870300293,4.060999870300293,4.065000057220459,nan,nan,nan,nan,nan,nan
173.99970149993896,-0.4000000059604645,4.03000020980835,4.059000015258789,4.056000232696533,4.060999870300293,4.060999870300293,4.065000057220459,nan,nan,nan,nan,nan,nan
174.18000435829163,-0.4000000059604645,4.03000020980835,4.059000015258789,4.056000232696533,4.060999870300293,4.060999870300293,4.065000057220459,nan,nan,nan,nan,nan,nan
174.33904647827148,-0.38999998569488525,4.03000020980835,4.059000015258789,4.057000160217285,4.060999870300293,4.060999870300293,4.065000057220459,nan,nan,nan,nan,nan,nan
174.51928758621216,-0.41999998688697815,4.03000020980835,4.059000015258789,4.056000232696533,4.060999870300293,4.060999870300293,4.065000057220459,nan,nan,nan,nan,nan,nan
174.69998455047607,-0.41999998688697815,4.03000020980835,4.059999942779541,4.056000232696533,4.060999870300293,4.060999870300293,4.065000057220459,nan,nan,nan,nan,nan,nan
174.85903978347778,-0.38999998569488525,4.03000020980835,4.059000015258789,4.056000232696533,4.060999870300293,4.060999870300293,4.065000057220459,nan,nan,nan,nan,nan,nan
175.03926539421082,-0.4000000059604645,4.03000020980835,4.059000015258789,4.056000232696533,4.060999870300293,4.060999870300293,4.065000057220459,nan,nan,nan,nan,nan,nan
175.20012402534485,-0.4000000059604645,4.03000020980835,4.059000015258789,4.056000232696533,4.060999870300293,4.061999797821045,4.065000057220459,nan,nan,nan,nan,nan,nan
175.37880086898804,-0.4000000059604645,4.03000020980835,4.059000015258789,4.056000232696533,4.060999870300293,4.060999870300293,4.065000057220459,nan,nan,nan,nan,nan,nan
175.55928254127502,-0.4099999964237213,4.03000020980835,4.059999942779541,4.056000232696533,4.060999870300293,4.060999870300293,4.065000057220459,nan,nan,nan,nan,nan,nan
175.71889328956604,-0.4000000059604645,4.03000020980835,4.059000015258789,4.056000232696533,4.060999870300293,4.060999870300293,4.065000057220459,nan,nan,nan,nan,nan,nan
175.8992109298706,-0.4000000059604645,4.03000020980835,4.059000015258789,4.056000232696533,4.060999870300293,4.060999870300293,4.065000057220459,nan,nan,nan,nan,nan,nan
176.05886697769165,-0.4000000059604645,4.03000020980835,4.059000015258789,4.056000232696533,4.060999870300293,4.060999870300293,4.065000057220459,nan,nan,nan,nan,nan,nan
176.2391860485077,-0.4099999964237213,4.03000020980835,4.059000015258789,4.056000232696533,4.060999870300293,4.060999870300293,4.065000057220459,nan,nan,nan,nan,nan,nan
176.41944646835327,-0.4099999964237213,4.03000020980835,4.059000015258789,4.056000232696533,4.060999870300293,4.060999870300293,4.065000057220459,nan,nan,nan,nan,nan,nan
176.5788505077362,-0.41999998688697815,4.03000020980835,4.059000015258789,4.056000232696533,4.060999870300293,4.060999870300293,4.065000057220459,nan,nan,nan,nan,nan,nan
176.75920128822327,-0.4000000059604645,4.03000020980835,4.059000015258789,4.056000232696533,4.060999870300293,4.060999870300293,4.065000057220459,nan,nan,nan,nan,nan,nan
176.93954944610596,-0.38999998569488525,4.03000020980835,4.059000015258789,4.057000160217285,4.060999870300293,4.061999797821045,4.065000057220459,nan,nan,nan,nan,nan,nan
177.0991268157959,-0.4000000059604645,4.03000020980835,4.059000015258789,4.056000232696533,4.060999870300293,4.060999870300293,4.065000057220459,nan,nan,nan,nan,nan,nan
177.27936935424805,-0.38999998569488525,4.03000020980835,4.059000015258789,4.056000232696533,4.060999870300293,4.060999870300293,4.065000057220459,nan,nan,nan,nan,nan,nan
177.44012117385864,-0.4000000059604645,4.03000020980835,4.059000015258789,4.056000232696533,4.060999870300293,4.060999870300293,4.065000057220459,nan,nan,nan,nan,nan,nan
177.6189363002777,-0.38999998569488525,4.03000020980835,4.059000015258789,4.056000232696533,4.060999870300293,4.060999870300293,4.065000057220459,nan,nan,nan,nan,nan,nan
177.79958367347717,-0.4000000059604645,4.03000020980835,4.059000015258789,4.056000232696533,4.060999870300293,4.060999870300293,4.065000057220459,nan,nan,nan,nan,nan,nan
177.9601981639862,-0.4099999964237213,4.03000020980835,4.059000015258789,4.056000232696533,4.060999870300293,4.060999870300293,4.065000057220459,nan,nan,nan,nan,nan,nan
178.13919401168823,-0.4000000059604645,4.03000020980835,4.059000015258789,4.056000232696533,4.060999870300293,4.060999870300293,4.065000057220459,nan,nan,nan,nan,nan,nan
178.29844093322754,-0.4000000059604645,4.03000020980835,4.059000015258789,4.056000232696533,4.060999870300293,4.060999870300293,4.065000057220459,nan,nan,nan,nan,nan,nan
178.47901964187622,-0.4000000059604645,4.03000020980835,4.059000015258789,4.056000232696533,4.060999870300293,4.060999870300293,4.065000057220459,nan,nan,nan,nan,nan,nan
178.65916991233826,-0.4000000059604645,4.03000020980835,4.059000015258789,4.057000160217285,4.060999870300293,4.060999870300293,4.065000057220459,nan,nan,nan,nan,nan,nan
178.81884169578552,-0.4000000059604645,4.03000020980835,4.059000015258789,4.056000232696533,4.060999870300293,4.060999870300293,4.065000057220459,nan,nan,nan,nan,nan,nan
178.99933457374573,-0.4000000059604645,4.03000020980835,4.059000015258789,4.057000160217285,4.060999870300293,4.060999870300293,4.065000057220459,nan,nan,nan,nan,nan,nan
179.17966866493225,-0.4399999976158142,4.03000020980835,4.059000015258789,4.056000232696533,4.060999870300293,4.060999870300293,4.065000057220459,nan,nan,nan,nan,nan,nan
179.33925771713257,-0.4099999964237213,4.03000020980835,4.059000015258789,4.056000232696533,4.059999942779541,4.060999870300293,4.065000057220459,nan,nan,nan,nan,nan,nan
179.51917219161987,-0.4000000059604645,4.03000020980835,4.059000015258789,4.056000232696533,4.060999870300293,4.060999870300293,4.065000057220459,nan,nan,nan,nan,nan,nan
179.68018174171448,-0.4000000059604645,4.03000020980835,4.059000015258789,4.056000232696533,4.060999870300293,4.060999870300293,4.065000057220459,nan,nan,nan,nan,nan,nan
179.85898876190186,-0.38999998569488525,4.03000020980835,4.059000015258789,4.056000232696533,4.060999870300293,4.060999870300293,4.065000057220459,nan,nan,nan,nan,nan,nan
180.03928232192993,-0.4000000059604645,4.03000020980835,4.059000015258789,4.056000232696533,4.060999870300293,4.060999870300293,4.065000057220459,nan,nan,nan,nan,nan,nan
180.19901084899902,-0.4300000071525574,4.03000020980835,4.059000015258789,4.056000232696533,4.060999870300293,4.060999870300293,4.065000057220459,nan,nan,nan,nan,nan,nan
180.37957119941711,-0.4000000059604645,4.03000020980835,4.059000015258789,4.056000232696533,4.060999870300293,4.060999870300293,4.065000057220459,nan,nan,nan,nan,nan,nan
180.53893446922302,-0.4000000059604645,4.03000020980835,4.059000015258789,4.056000232696533,4.060999870300293,4.060999870300293,4.065000057220459,nan,nan,nan,nan,nan,nan
180.71961116790771,-0.38999998569488525,4.03000020980835,4.059000015258789,4.056000232696533,4.060999870300293,4.060999870300293,4.065000057220459,nan,nan,nan,nan,nan,nan
180.90018105506897,-0.4000000059604645,4.03000020980835,4.059000015258789,4.056000232696533,4.060999870300293,4.060999870300293,4.065000057220459,nan,nan,nan,nan,nan,nan
181.05947995185852,-0.38999998569488525,4.03000020980835,4.059000015258789,4.056000232696533,4.060999870300293,4.060999870300293,4.065000057220459,nan,nan,nan,nan,nan,nan
181.2397859096527,-0.41999998688697815,4.03000020980835,4.059000015258789,4.056000232696533,4.060999870300293,4.060999870300293,4.065000057220459,nan,nan,nan,nan,nan,nan
181.41863775253296,-0.4000000059604645,4.03000020980835,4.059000015258789,4.056000232696533,4.060999870300293,4.060999870300293,4.065000057220459,nan,nan,nan,nan,nan,nan
181.5786416530609,-0.4000000059604645,4.03000020980835,4.059000015258789,4.056000232696533,4.060999870300293,4.060999870300293,4.065000057220459,nan,nan,nan,nan,nan,nan
181.7588405609131,-0.4000000059604645,4.03000020980835,4.059000015258789,4.056000232696533,4.060999870300293,4.060999870300293,4.065000057220459,nan,nan,nan,nan,nan,nan
181.91986465454102,-0.3799999952316284,4.03000020980835,4.059000015258789,4.056000232696533,4.060999870300293,4.061999797821045,4.065000057220459,nan,nan,nan,nan,nan,nan
182.0999186038971,-0.4000000059604645,4.03000020980835,4.059000015258789,4.056000232696533,4.060999870300293,4.060999870300293,4.065000057220459,nan,nan,nan,nan,nan,nan
182.27871346473694,-0.4000000059604645,4.03000020980835,4.059000015258789,4.056000232696533,4.060999870300293,4.060999870300293,4.065000057220459,nan,nan,nan,nan,nan,nan
182.43988418579102,-0.4000000059604645,4.03000020980835,4.059000015258789,4.056000232696533,4.060999870300293,4.060999870300293,4.065000057220459,nan,nan,nan,nan,nan,nan
182.61861538887024,-0.4000000059604645,4.03000020980835,4.059000015258789,4.056000232696533,4.060999870300293,4.060999870300293,4.065000057220459,nan,nan,nan,nan,nan,nan
182.79884314537048,-0.4099999964237213,4.03000020980835,4.059000015258789,4.056000232696533,4.059999942779541,4.060999870300293,4.065000057220459,nan,nan,nan,nan,nan,nan
182.96008896827698,-0.38999998569488525,4.03000020980835,4.059000015258789,4.056000232696533,4.060999870300293,4.060999870300293,4.065000057220459,nan,nan,nan,nan,nan,nan
183.13873100280762,-0.4000000059604645,4.03000020980835,4.059000015258789,4.056000232696533,4.060999870300293,4.060999870300293,4.065000057220459,nan,nan,nan,nan,nan,nan
183.3000557422638,-0.4099999964237213,4.03000020980835,4.059000015258789,4.056000232696533,4.060999870300293,4.060999870300293,4.065000057220459,nan,nan,nan,nan,nan,nan
183.48012518882751,-0.38999998569488525,4.03000020980835,4.059000015258789,4.056000232696533,4.060999870300293,4.060999870300293,4.065000057220459,nan,nan,nan,nan,nan,nan
183.65904259681702,-0.4000000059604645,4.03000020980835,4.059000015258789,4.056000232696533,4.060999870300293,4.060999870300293,4.065000057220459,nan,nan,nan,nan,nan,nan
183.81998801231384,-0.4000000059604645,4.03000020980835,4.059000015258789,4.056000232696533,4.059999942779541,4.060999870300293,4.065000057220459,nan,nan,nan,nan,nan,nan
183.9998276233673,-0.4000000059604645,4.03000020980835,4.059000015258789,4.056000232696533,4.060999870300293,4.060999870300293,4.065000057220459,nan,nan,nan,nan,nan,nan
184.15937614440918,-0.4099999964237213,4.03000020980835,4.059000015258789,4.056000232696533,4.060999870300293,4.060999870300293,4.065000057220459,nan,nan,nan,nan,nan,nan
184.33941888809204,-0.4000000059604645,4.03000020980835,4.059000015258789,4.056000232696533,4.060999870300293,4.060999870300293,4.065000057220459,nan,nan,nan,nan,nan,nan
184.51975560188293,-0.4000000059604645,4.03000020980835,4.059000015258789,4.056000232696533,4.060999870300293,4.060999870300293,4.065000057220459,nan,nan,nan,nan,nan,nan
184.67940878868103,-0.41999998688697815,4.03000020980835,4.059000015258789,4.056000232696533,4.060999870300293,4.060999870300293,4.065000057220459,nan,nan,nan,nan,nan,nan
184.8597321510315,-0.4000000059604645,4.03000020980835,4.059000015258789,4.056000232696533,4.060999870300293,4.060999870300293,4.065000057220459,nan,nan,nan,nan,nan,nan
185.01941466331482,-0.4000000059604645,4.03000020980835,4.059000015258789,4.056000232696533,4.060999870300293,4.060999870300293,4.065000057220459,nan,nan,nan,nan,nan,nan
185.19969701766968,-0.4099999964237213,4.03000020980835,4.059000015258789,4.056000232696533,4.060999870300293,4.060999870300293,4.065000057220459,nan,nan,nan,nan,nan,nan
185.37979698181152,-0.4000000059604645,4.03000020980835,4.059000015258789,4.056000232696533,4.060999870300293,4.060999870300293,4.065000057220459,nan,nan,nan,nan,nan,nan
185.53926134109497,-0.4000000059604645,4.03000020980835,4.059000015258789,4.056000232696533,4.060999870300293,4.060999870300293,4.065000057220459,nan,nan,nan,nan,nan,nan
185.7202410697937,-0.41999998688697815,4.03000020980835,4.059000015258789,4.056000232696533,4.060999870300293,4.060999870300293,4.065000057220459,nan,nan,nan,nan,nan,nan
185.90011405944824,-0.4000000059604645,4.03000020980835,4.059000015258789,4.056000232696533,4.059999942779541,4.060999870300293,4.065000057220459,nan,nan,nan,nan,nan,nan
186.05992150306702,-0.4000000059604645,4.03000020980835,4.059000015258789,4.056000232696533,4.059999942779541,4.060999870300293,4.065000057220459,nan,nan,nan,nan,nan,nan
186.24047422409058,-0.4000000059604645,4.03000020980835,4.059000015258789,4.056000232696533,4.060999870300293,4.060999870300293,4.065000057220459,nan,nan,nan,nan,nan,nan
186.39944624900818,-0.4000000059604645,4.03000020980835,4.059000015258789,4.056000232696533,4.060999870300293,4.060999870300293,4.065000057220459,nan,nan,nan,nan,nan,nan
186.57979893684387,-0.4099999964237213,4.03000020980835,4.059000015258789,4.056000232696533,4.060999870300293,4.060999870300293,4.065000057220459,nan,nan,nan,nan,nan,nan
186.75878524780273,-0.4000000059604645,4.03000020980835,4.059000015258789,4.056000232696533,4.059999942779541,4.060999870300293,4.065000057220459,nan,nan,nan,nan,nan,nan
186.91990971565247,-0.4000000059604645,4.03000020980835,4.059000015258789,4.056000232696533,4.060999870300293,4.060999870300293,4.065000057220459,nan,nan,nan,nan,nan,nan
187.09901070594788,-0.4000000059604645,4.03000020980835,4.059000015258789,4.056000232696533,4.059999942779541,4.060999870300293,4.065000057220459,nan,nan,nan,nan,nan,nan
187.28065967559814,-0.4000000059604645,4.03000020980835,4.059000015258789,4.056000232696533,4.060999870300293,4.060999870300293,4.065000057220459,nan,nan,nan,nan,nan,nan
187.43988943099976,-0.4000000059604645,4.03000020980835,4.059000015258789,4.056000232696533,4.059999942779541,4.060999870300293,4.065000057220459,nan,nan,nan,nan,nan,nan
187.61865949630737,-0.4000000059604645,4.03000020980835,4.059000015258789,4.056000232696533,4.060999870300293,4.060999870300293,4.065000057220459,nan,nan,nan,nan,nan,nan
187.7799334526062,-0.4099999964237213,4.03000020980835,4.059000015258789,4.056000232696533,4.060999870300293,4.060999870300293,4.065000057220459,nan,nan,nan,nan,nan,nan
187.9586136341095,-0.4000000059604645,4.03000020980835,4.059000015258789,4.056000232696533,4.060999870300293,4.060999870300293,4.065000057220459,nan,nan,nan,nan,nan,nan
188.13907551765442,-0.4000000059604645,4.03000020980835,4.059000015258789,4.056000232696533,4.060999870300293,4.060999870300293,4.065000057220459,nan,nan,nan,nan,nan,nan
188.29851531982422,-0.4000000059604645,4.03000020980835,4.059000015258789,4.056000232696533,4.059999942779541,4.060999870300293,4.065000057220459,nan,nan,nan,nan,nan,nan
188.4793176651001,-0.4000000059604645,4.03000020980835,4.059000015258789,4.056000232696533,4.060999870300293,4.060999870300293,4.065000057220459,nan,nan,nan,nan,nan,nan
188.63880681991577,-0.4000000059604645,4.03000020980835,4.059000015258789,4.056000232696533,4.060999870300293,4.060999870300293,4.065000057220459,nan,nan,nan,nan,nan,nan
188.8187849521637,-0.4000000059604645,4.03000020980835,4.059000015258789,4.056000232696533,4.059999942779541,4.060999870300293,4.065000057220459,nan,nan,nan,nan,nan,nan
188.9993748664856,-0.4000000059604645,4.03000020980835,4.059000015258789,4.056000232696533,4.060999870300293,4.060999870300293,4.065000057220459,nan,nan,nan,nan,nan,nan
189.15908885002136,-0.4000000059604645,4.03000020980835,4.059000015258789,4.056000232696533,4.060999870300293,4.060999870300293,4.065000057220459,nan,nan,nan,nan,nan,nan
189.33914470672607,-0.4000000059604645,4.03000020980835,4.059000015258789,4.056000232696533,4.059999942779541,4.060999870300293,4.065000057220459,nan,nan,nan,nan,nan,nan
189.5194866657257,-0.4000000059604645,4.03000020980835,4.059000015258789,4.056000232696533,4.060999870300293,4.060999870300293,4.065000057220459,nan,nan,nan,nan,nan,nan
189.67895460128784,-0.4000000059604645,4.03000020980835,4.059000015258789,4.056000232696533,4.059999942779541,4.060999870300293,4.065000057220459,nan,nan,nan,nan,nan,nan
189.85942888259888,-0.4000000059604645,4.03000020980835,4.059000015258789,4.056000232696533,4.060999870300293,4.060999870300293,4.065000057220459,nan,nan,nan,nan,nan,nan
190.0188410282135,-0.4000000059604645,4.03000020980835,4.059000015258789,4.056000232696533,4.060999870300293,4.060999870300293,4.065000057220459,nan,nan,nan,nan,nan,nan
190.19916415214539,-0.4099999964237213,4.03000020980835,4.059000015258789,4.056000232696533,4.060999870300293,4.060999870300293,4.065000057220459,nan,nan,nan,nan,nan,nan
190.3796181678772,-0.38999998569488525,4.03000020980835,4.059000015258789,4.056000232696533,4.060999870300293,4.060999870300293,4.065000057220459,nan,nan,nan,nan,nan,nan
190.53922748565674,-0.4000000059604645,4.03000020980835,4.059000015258789,4.056000232696533,4.060999870300293,4.060999870300293,4.065000057220459,nan,nan,nan,nan,nan,nan
190.72107243537903,-0.38999998569488525,4.03000020980835,4.059000015258789,4.056000232696533,4.059999942779541,4.060999870300293,4.065000057220459,nan,nan,nan,nan,nan,nan
190.87905025482178,-0.4000000059604645,4.03000020980835,4.059000015258789,4.056000232696533,4.059999942779541,4.060999870300293,4.065000057220459,nan,nan,nan,nan,nan,nan
191.05937933921814,-0.3799999952316284,4.03000020980835,4.059000015258789,4.056000232696533,4.059999942779541,4.060999870300293,4.065000057220459,nan,nan,nan,nan,nan,nan
191.23951292037964,-0.4000000059604645,4.03000020980835,4.059000015258789,4.056000232696533,4.059999942779541,4.060999870300293,4.065000057220459,nan,nan,nan,nan,nan,nan
191.39887261390686,-0.4099999964237213,4.03000020980835,4.059000015258789,4.056000232696533,4.059999942779541,4.060999870300293,4.065000057220459,nan,nan,nan,nan,nan,nan
191.57952785491943,-0.4000000059604645,4.03000020980835,4.059000015258789,4.056000232696533,4.059999942779541,4.060999870300293,4.065000057220459,nan,nan,nan,nan,nan,nan
191.75981497764587,-0.4099999964237213,4.03000020980835,4.059000015258789,4.056000232696533,4.059999942779541,4.060999870300293,4.065000057220459,nan,nan,nan,nan,nan,nan
191.91977787017822,-0.4000000059604645,4.03000020980835,4.059000015258789,4.056000232696533,4.059999942779541,4.060999870300293,4.065000057220459,nan,nan,nan,nan,nan,nan
192.10016465187073,-0.4000000059604645,4.03000020980835,4.059000015258789,4.056000232696533,4.059999942779541,4.060999870300293,4.065000057220459,nan,nan,nan,nan,nan,nan
192.25911664962769,-0.4000000059604645,4.03000020980835,4.059000015258789,4.056000232696533,4.059999942779541,4.060999870300293,4.065000057220459,nan,nan,nan,nan,nan,nan
192.44088292121887,-0.4000000059604645,4.0289998054504395,4.059000015258789,4.056000232696533,4.060999870300293,4.060999870300293,4.065000057220459,nan,nan,nan,nan,nan,nan
192.61994910240173,-0.38999998569488525,4.03000020980835,4.059000015258789,4.056000232696533,4.059999942779541,4.060999870300293,4.065000057220459,nan,nan,nan,nan,nan,nan
192.77931427955627,-0.4000000059604645,4.03000020980835,4.059000015258789,4.056000232696533,4.060999870300293,4.060999870300293,4.065000057220459,nan,nan,nan,nan,nan,nan
192.95972442626953,-0.38999998569488525,4.03000020980835,4.059000015258789,4.056000232696533,4.060999870300293,4.060999870300293,4.065000057220459,nan,nan,nan,nan,nan,nan
193.11940217018127,-0.4099999964237213,4.03000020980835,4.059000015258789,4.056000232696533,4.059999942779541,4.060999870300293,4.065000057220459,nan,nan,nan,nan,nan,nan
193.29923963546753,-0.4000000059604645,4.03000020980835,4.059000015258789,4.056000232696533,4.059999942779541,4.060999870300293,4.065000057220459,nan,nan,nan,nan,nan,nan
193.481116771698,-0.4000000059604645,4.03000020980835,4.059000015258789,4.056000232696533,4.060999870300293,4.060999870300293,4.065000057220459,nan,nan,nan,nan,nan,nan
193.63931250572205,-0.4000000059604645,4.03000020980835,4.059000015258789,4.056000232696533,4.060999870300293,4.060999870300293,4.065000057220459,nan,nan,nan,nan,nan,nan
193.8206832408905,-0.4000000059604645,4.03000020980835,4.059000015258789,4.056000232696533,4.059999942779541,4.060999870300293,4.065000057220459,nan,nan,nan,nan,nan,nan
193.99932503700256,-0.4000000059604645,4.03000020980835,4.059000015258789,4.056000232696533,4.059999942779541,4.060999870300293,4.065000057220459,nan,nan,nan,nan,nan,nan
194.16045689582825,-0.41999998688697815,4.03000020980835,4.059000015258789,4.056000232696533,4.059999942779541,4.060999870300293,4.065000057220459,nan,nan,nan,nan,nan,nan
194.3389391899109,-0.4099999964237213,4.03000020980835,4.059000015258789,4.056000232696533,4.059999942779541,4.060999870300293,4.065000057220459,nan,nan,nan,nan,nan,nan
194.49857115745544,-0.4099999964237213,4.03000020980835,4.059000015258789,4.056000232696533,4.059999942779541,4.060999870300293,4.065000057220459,nan,nan,nan,nan,nan,nan
194.67899203300476,-0.4000000059604645,4.03000020980835,4.059000015258789,4.056000232696533,4.059999942779541,4.060999870300293,4.065000057220459,nan,nan,nan,nan,nan,nan
194.85931944847107,-0.38999998569488525,4.03000020980835,4.059000015258789,4.056000232696533,4.060999870300293,4.060999870300293,4.065000057220459,nan,nan,nan,nan,nan,nan
195.0189666748047,-0.4099999964237213,4.0289998054504395,4.059000015258789,4.056000232696533,4.059999942779541,4.060999870300293,4.065000057220459,nan,nan,nan,nan,nan,nan
195.19944286346436,-0.4000000059604645,4.0289998054504395,4.059000015258789,4.056000232696533,4.059999942779541,4.060999870300293,4.065000057220459,nan,nan,nan,nan,nan,nan
195.35891604423523,-0.4000000059604645,4.0289998054504395,4.059000015258789,4.056000232696533,4.060999870300293,4.060999870300293,4.065000057220459,nan,nan,nan,nan,nan,nan
195.53885293006897,-0.4000000059604645,4.0289998054504395,4.059000015258789,4.056000232696533,4.059999942779541,4.060999870300293,4.065000057220459,nan,nan,nan,nan,nan,nan
195.71958708763123,-0.4000000059604645,4.03000020980835,4.059000015258789,4.056000232696533,4.059999942779541,4.060999870300293,4.065000057220459,nan,nan,nan,nan,nan,nan
195.88036155700684,-0.3700000047683716,4.03000020980835,4.059000015258789,4.056000232696533,4.059999942779541,4.060999870300293,4.065000057220459,nan,nan,nan,nan,nan,nan
196.0593616962433,-0.4000000059604645,4.0289998054504395,4.059000015258789,4.056000232696533,4.059999942779541,4.060999870300293,4.065000057220459,nan,nan,nan,nan,nan,nan
196.23898434638977,-0.4000000059604645,4.03000020980835,4.059000015258789,4.056000232696533,4.059999942779541,4.060999870300293,4.065000057220459,nan,nan,nan,nan,nan,nan
196.40006113052368,-0.4000000059604645,4.03000020980835,4.059000015258789,4.056000232696533,4.059999942779541,4.060999870300293,4.065000057220459,nan,nan,nan,nan,nan,nan
196.58020043373108,-0.4000000059604645,4.03000020980835,4.059000015258789,4.056000232696533,4.059999942779541,4.060999870300293,4.065000057220459,nan,nan,nan,nan,nan,nan
196.74002623558044,-0.4000000059604645,4.0289998054504395,4.059000015258789,4.056000232696533,4.059999942779541,4.060999870300293,4.065000057220459,nan,nan,nan,nan,nan,nan
196.92002749443054,-0.4000000059604645,4.03000020980835,4.059000015258789,4.056000232696533,4.059999942779541,4.060999870300293,4.065000057220459,nan,nan,nan,nan,nan,nan
197.09867310523987,-0.4000000059604645,4.0289998054504395,4.059000015258789,4.056000232696533,4.059999942779541,4.060999870300293,4.065000057220459,nan,nan,nan,nan,nan,nan
197.25978422164917,-0.4000000059604645,4.0289998054504395,4.059000015258789,4.056000232696533,4.059999942779541,4.060999870300293,4.065000057220459,nan,nan,nan,nan,nan,nan
197.44006872177124,-0.4000000059604645,4.03000020980835,4.059000015258789,4.056000232696533,4.059999942779541,4.060999870300293,4.065000057220459,nan,nan,nan,nan,nan,nan
197.59970378875732,-0.4000000059604645,4.03000020980835,4.059000015258789,4.056000232696533,4.059999942779541,4.060999870300293,4.065000057220459,nan,nan,nan,nan,nan,nan
197.78013348579407,-0.4000000059604645,4.03000020980835,4.059000015258789,4.056000232696533,4.059999942779541,4.060999870300293,4.065000057220459,nan,nan,nan,nan,nan,nan
197.96020889282227,-0.4300000071525574,4.0289998054504395,4.059000015258789,4.056000232696533,4.059999942779541,4.060999870300293,4.065000057220459,nan,nan,nan,nan,nan,nan
198.1213824748993,-0.4000000059604645,4.03000020980835,4.059000015258789,4.056000232696533,4.059999942779541,4.060999870300293,4.065000057220459,nan,nan,nan,nan,nan,nan
198.3015329837799,-0.4099999964237213,4.0289998054504395,4.059000015258789,4.056000232696533,4.059999942779541,4.060999870300293,4.065000057220459,nan,nan,nan,nan,nan,nan
198.4618480205536,-0.4000000059604645,4.0289998054504395,4.059000015258789,4.056000232696533,4.059999942779541,4.060999870300293,4.065000057220459,nan,nan,nan,nan,nan,nan
198.64202427864075,-0.4000000059604645,4.03000020980835,4.059000015258789,4.056000232696533,4.060999870300293,4.060999870300293,4.065000057220459,nan,nan,nan,nan,nan,nan
198.81971764564514,-0.4099999964237213,4.0289998054504395,4.059000015258789,4.056000232696533,4.059999942779541,4.060999870300293,4.065000057220459,nan,nan,nan,nan,nan,nan
198.9804081916809,-2.0899999141693115,4.0269999504089355,4.056000232696533,4.052999973297119,4.059999942779541,4.060999870300293,4.065000057220459,nan,nan,nan,nan,nan,nan
199.15966963768005,-0.7900000214576721,4.0289998054504395,4.058000087738037,4.054999828338623,4.059999942779541,4.059999942779541,4.064000129699707,nan,nan,nan,nan,nan,nan
199.3397467136383,-0.5899999737739563,4.0289998054504395,4.058000087738037,4.054999828338623,4.059000015258789,4.059999942779541,4.064000129699707,nan,nan,nan,nan,nan,nan
199.50050115585327,-0.6000000238418579,4.0279998779296875,4.058000087738037,4.054999828338623,4.059000015258789,4.059999942779541,4.064000129699707,nan,nan,nan,nan,nan,nan
199.68081951141357,-0.6399999856948853,4.0289998054504395,4.058000087738037,4.054999828338623,4.059000015258789,4.059999942779541,4.064000129699707,nan,nan,nan,nan,nan,nan
199.84018993377686,-0.6000000238418579,4.0289998054504395,4.058000087738037,4.054999828338623,4.059000015258789,4.059999942779541,4.064000129699707,nan,nan,nan,nan,nan,nan
200.02093815803528,-0.550000011920929,4.0289998054504395,4.058000087738037,4.054999828338623,4.059000015258789,4.059999942779541,4.064000129699707,nan,nan,nan,nan,nan,nan
200.1993236541748,-0.6299999952316284,4.0279998779296875,4.058000087738037,4.054999828338623,4.059000015258789,4.059999942779541,4.064000129699707,nan,nan,nan,nan,nan,nan
200.35865545272827,-0.6899999976158142,4.0279998779296875,4.058000087738037,4.054999828338623,4.059000015258789,4.059999942779541,4.064000129699707,nan,nan,nan,nan,nan,nan
200.53917336463928,-0.6700000166893005,4.0279998779296875,4.058000087738037,4.054999828338623,4.059000015258789,4.059999942779541,4.064000129699707,nan,nan,nan,nan,nan,nan
200.6985845565796,-0.6100000143051147,4.0289998054504395,4.058000087738037,4.054999828338623,4.059000015258789,4.059999942779541,4.064000129699707,nan,nan,nan,nan,nan,nan
200.87921023368835,-0.7599999904632568,4.0289998054504395,4.058000087738037,4.054999828338623,4.059000015258789,4.059999942779541,4.064000129699707,nan,nan,nan,nan,nan,nan
201.05968070030212,-0.6700000166893005,4.0289998054504395,4.058000087738037,4.053999900817871,4.059000015258789,4.059999942779541,4.064000129699707,nan,nan,nan,nan,nan,nan
201.2187259197235,-0.5799999833106995,4.0289998054504395,4.058000087738037,4.054999828338623,4.059000015258789,4.059999942779541,4.064000129699707,nan,nan,nan,nan,nan,nan
201.3990514278412,-0.699999988079071,4.0289998054504395,4.058000087738037,4.054999828338623,4.059000015258789,4.059999942779541,4.064000129699707,nan,nan,nan,nan,nan,nan
201.5809667110443,-0.699999988079071,4.0289998054504395,4.058000087738037,4.054999828338623,4.059000015258789,4.059999942779541,4.064000129699707,nan,nan,nan,nan,nan,nan
201.7390489578247,-0.6499999761581421,4.0279998779296875,4.058000087738037,4.054999828338623,4.059000015258789,4.059999942779541,4.064000129699707,nan,nan,nan,nan,nan,nan
201.91927433013916,-0.4099999964237213,4.0279998779296875,4.058000087738037,4.054999828338623,4.059000015258789,4.059999942779541,4.064000129699707,nan,nan,nan,nan,nan,nan
202.07883191108704,-0.4000000059604645,4.0289998054504395,4.058000087738037,4.056000232696533,4.059999942779541,4.060999870300293,4.064000129699707,nan,nan,nan,nan,nan,nan
202.2600803375244,-0.4000000059604645,4.0289998054504395,4.059000015258789,4.054999828338623,4.059999942779541,4.060999870300293,4.065000057220459,nan,nan,nan,nan,nan,nan
202.4400930404663,-0.4399999976158142,4.0289998054504395,4.058000087738037,4.054999828338623,4.059999942779541,4.059999942779541,4.064000129699707,nan,nan,nan,nan,nan,nan
202.5995328426361,-0.38999998569488525,4.0289998054504395,4.059000015258789,4.056000232696533,4.059999942779541,4.059999942779541,4.064000129699707,nan,nan,nan,nan,nan,nan
202.77974224090576,-0.4099999964237213,4.0289998054504395,4.059000015258789,4.054999828338623,4.059999942779541,4.059999942779541,4.064000129699707,nan,nan,nan,nan,nan,nan
202.939227104187,-0.4000000059604645,4.0289998054504395,4.059000015258789,4.056000232696533,4.059999942779541,4.059999942779541,4.064000129699707,nan,nan,nan,nan,nan,nan
203.1197714805603,-0.4000000059604645,4.0289998054504395,4.058000087738037,4.056000232696533,4.059999942779541,4.060999870300293,4.065000057220459,nan,nan,nan,nan,nan,nan
203.29938316345215,-0.4000000059604645,4.0289998054504395,4.058000087738037,4.056000232696533,4.059999942779541,4.060999870300293,4.065000057220459,nan,nan,nan,nan,nan,nan
203.45905113220215,-0.4000000059604645,4.0289998054504395,4.058000087738037,4.056000232696533,4.059999942779541,4.059999942779541,4.065000057220459,nan,nan,nan,nan,nan,nan
203.6408040523529,-0.4000000059604645,4.0289998054504395,4.058000087738037,4.056000232696533,4.059999942779541,4.059999942779541,4.065000057220459,nan,nan,nan,nan,nan,nan
203.79879522323608,-0.4000000059604645,4.0289998054504395,4.058000087738037,4.056000232696533,4.059999942779541,4.059999942779541,4.064000129699707,nan,nan,nan,nan,nan,nan
203.97938203811646,-0.4000000059604645,4.0289998054504395,4.058000087738037,4.054999828338623,4.059999942779541,4.060999870300293,4.065000057220459,nan,nan,nan,nan,nan,nan
204.15934872627258,-0.38999998569488525,4.0289998054504395,4.059000015258789,4.054999828338623,4.059999942779541,4.059999942779541,4.065000057220459,nan,nan,nan,nan,nan,nan
204.31900072097778,-0.4000000059604645,4.0289998054504395,4.058000087738037,4.054999828338623,4.059999942779541,4.059999942779541,4.065000057220459,nan,nan,nan,nan,nan,nan
204.49947690963745,-0.4000000059604645,4.0289998054504395,4.058000087738037,4.056000232696533,4.059999942779541,4.060999870300293,4.064000129699707,nan,nan,nan,nan,nan,nan
204.6796293258667,-0.4000000059604645,4.0289998054504395,4.059000015258789,4.056000232696533,4.059999942779541,4.059999942779541,4.064000129699707,nan,nan,nan,nan,nan,nan
204.83903813362122,-0.4000000059604645,4.0289998054504395,4.059000015258789,4.056000232696533,4.059999942779541,4.060999870300293,4.065000057220459,nan,nan,nan,nan,nan,nan
205.01966452598572,-0.41999998688697815,4.0289998054504395,4.058000087738037,4.056000232696533,4.059999942779541,4.059999942779541,4.064000129699707,nan,nan,nan,nan,nan,nan
205.17948198318481,-0.41999998688697815,4.0289998054504395,4.059000015258789,4.054999828338623,4.059999942779541,4.059999942779541,4.064000129699707,nan,nan,nan,nan,nan,nan
205.36001420021057,-0.4000000059604645,4.0289998054504395,4.058000087738037,4.056000232696533,4.059999942779541,4.059999942779541,4.065000057220459,nan,nan,nan,nan,nan,nan
205.53987741470337,-0.4000000059604645,4.0289998054504395,4.059000015258789,4.056000232696533,4.059999942779541,4.059999942779541,4.065000057220459,nan,nan,nan,nan,nan,nan
205.6993260383606,-0.4099999964237213,4.0289998054504395,4.058000087738037,4.056000232696533,4.059999942779541,4.059999942779541,4.064000129699707,nan,nan,nan,nan,nan,nan
205.87978434562683,-0.4000000059604645,4.0289998054504395,4.058000087738037,4.056000232696533,4.059999942779541,4.059999942779541,4.065000057220459,nan,nan,nan,nan,nan,nan
206.03911900520325,-0.4000000059604645,4.0289998054504395,4.059000015258789,4.054999828338623,4.059999942779541,4.060999870300293,4.064000129699707,nan,nan,nan,nan,nan,nan
206.21907687187195,-0.4099999964237213,4.0289998054504395,4.059000015258789,4.056000232696533,4.059999942779541,4.060999870300293,4.064000129699707,nan,nan,nan,nan,nan,nan
206.3995645046234,-0.4099999964237213,4.0289998054504395,4.059000015258789,4.056000232696533,4.059999942779541,4.059999942779541,4.064000129699707,nan,nan,nan,nan,nan,nan
206.55896735191345,-0.4000000059604645,4.0289998054504395,4.058000087738037,4.056000232696533,4.059999942779541,4.059999942779541,4.065000057220459,nan,nan,nan,nan,nan,nan
206.73948216438293,-0.4000000059604645,4.0289998054504395,4.058000087738037,4.056000232696533,4.059999942779541,4.060999870300293,4.064000129699707,nan,nan,nan,nan,nan,nan
206.92030143737793,-0.4000000059604645,4.0289998054504395,4.059000015258789,4.054999828338623,4.059999942779541,4.059999942779541,4.065000057220459,nan,nan,nan,nan,nan,nan
207.0793013572693,-0.4000000059604645,4.0289998054504395,4.058000087738037,4.056000232696533,4.059999942779541,4.059999942779541,4.064000129699707,nan,nan,nan,nan,nan,nan
207.25974440574646,-0.4000000059604645,4.0289998054504395,4.058000087738037,4.056000232696533,4.059999942779541,4.059999942779541,4.065000057220459,nan,nan,nan,nan,nan,nan
207.4196331501007,-0.4000000059604645,4.0289998054504395,4.059000015258789,4.056000232696533,4.059999942779541,4.059999942779541,4.065000057220459,nan,nan,nan,nan,nan,nan
207.59940791130066,-0.4000000059604645,4.0289998054504395,4.059000015258789,4.054999828338623,4.059999942779541,4.059999942779541,4.065000057220459,nan,nan,nan,nan,nan,nan
207.7798309326172,-0.41999998688697815,4.0289998054504395,4.059000015258789,4.056000232696533,4.059999942779541,4.059999942779541,4.065000057220459,nan,nan,nan,nan,nan,nan
207.93937492370605,-0.4000000059604645,4.0289998054504395,4.058000087738037,4.054999828338623,4.059999942779541,4.060999870300293,4.065000057220459,nan,nan,nan,nan,nan,nan
208.1193869113922,-0.38999998569488525,4.0289998054504395,4.058000087738037,4.056000232696533,4.059999942779541,4.059999942779541,4.064000129699707,nan,nan,nan,nan,nan,nan
208.29878401756287,-0.41999998688697815,4.0289998054504395,4.059000015258789,4.056000232696533,4.059999942779541,4.059999942779541,4.064000129699707,nan,nan,nan,nan,nan,nan
208.46013402938843,-0.4000000059604645,4.0289998054504395,4.059000015258789,4.054999828338623,4.059999942779541,4.059999942779541,4.064000129699707,nan,nan,nan,nan,nan,nan
208.63861083984375,-0.41999998688697815,4.0289998054504395,4.058000087738037,4.054999828338623,4.059999942779541,4.059999942779541,4.064000129699707,nan,nan,nan,nan,nan,nan
208.79967212677002,-0.4300000071525574,4.0289998054504395,4.058000087738037,4.054999828338623,4.059999942779541,4.059999942779541,4.064000129699707,nan,nan,nan,nan,nan,nan
208.97982263565063,-0.4099999964237213,4.0289998054504395,4.058000087738037,4.054999828338623,4.059999942779541,4.059999942779541,4.065000057220459,nan,nan,nan,nan,nan,nan
209.15876483917236,-0.41999998688697815,4.0289998054504395,4.059000015258789,4.054999828338623,4.059999942779541,4.059999942779541,4.064000129699707,nan,nan,nan,nan,nan,nan
209.31989121437073,-0.4099999964237213,4.0289998054504395,4.059000015258789,4.054999828338623,4.059999942779541,4.059999942779541,4.064000129699707,nan,nan,nan,nan,nan,nan
209.49895024299622,-0.4300000071525574,4.0289998054504395,4.059000015258789,4.054999828338623,4.059999942779541,4.059999942779541,4.064000129699707,nan,nan,nan,nan,nan,nan
209.6599931716919,-0.4300000071525574,4.0289998054504395,4.058000087738037,4.054999828338623,4.059999942779541,4.059999942779541,4.064000129699707,nan,nan,nan,nan,nan,nan
209.8403263092041,-0.41999998688697815,4.0289998054504395,4.058000087738037,4.054999828338623,4.059999942779541,4.059999942779541,4.064000129699707,nan,nan,nan,nan,nan,nan
210.0191388130188,-0.41999998688697815,4.0289998054504395,4.058000087738037,4.054999828338623,4.059999942779541,4.059999942779541,4.065000057220459,nan,nan,nan,nan,nan,nan
210.17842078208923,-0.4300000071525574,4.0289998054504395,4.058000087738037,4.054999828338623,4.059999942779541,4.059999942779541,4.064000129699707,nan,nan,nan,nan,nan,nan
210.35876488685608,-0.4300000071525574,4.0289998054504395,4.058000087738037,4.054999828338623,4.059999942779541,4.059999942779541,4.064000129699707,nan,nan,nan,nan,nan,nan
210.53912901878357,-0.4000000059604645,4.0289998054504395,4.058000087738037,4.056000232696533,4.059999942779541,4.059999942779541,4.065000057220459,nan,nan,nan,nan,nan,nan
210.698876619339,-0.4300000071525574,4.0289998054504395,4.058000087738037,4.054999828338623,4.059999942779541,4.059999942779541,4.064000129699707,nan,nan,nan,nan,nan,nan
210.87944865226746,-0.41999998688697815,4.0289998054504395,4.058000087738037,4.054999828338623,4.059999942779541,4.059999942779541,4.064000129699707,nan,nan,nan,nan,nan,nan
211.03998947143555,-0.41999998688697815,4.0289998054504395,4.058000087738037,4.056000232696533,4.059999942779541,4.059999942779541,4.065000057220459,nan,nan,nan,nan,nan,nan
211.21910762786865,-0.41999998688697815,4.0289998054504395,4.058000087738037,4.054999828338623,4.059999942779541,4.059999942779541,4.064000129699707,nan,nan,nan,nan,nan,nan
211.39935779571533,-0.41999998688697815,4.0289998054504395,4.058000087738037,4.054999828338623,4.059999942779541,4.059999942779541,4.065000057220459,nan,nan,nan,nan,nan,nan
211.55917239189148,-0.4300000071525574,4.0289998054504395,4.058000087738037,4.054999828338623,4.059999942779541,4.059999942779541,4.064000129699707,nan,nan,nan,nan,nan,nan
211.7396559715271,-0.4300000071525574,4.0279998779296875,4.058000087738037,4.054999828338623,4.059999942779541,4.059999942779541,4.064000129699707,nan,nan,nan,nan,nan,nan
211.89904069900513,-0.4300000071525574,4.0289998054504395,4.058000087738037,4.054999828338623,4.059999942779541,4.060999870300293,4.064000129699707,nan,nan,nan,nan,nan,nan
212.0793149471283,-0.41999998688697815,4.0289998054504395,4.058000087738037,4.054999828338623,4.059999942779541,4.059999942779541,4.064000129699707,nan,nan,nan,nan,nan,nan
212.2594232559204,-0.41999998688697815,4.0289998054504395,4.058000087738037,4.054999828338623,4.059999942779541,4.059999942779541,4.065000057220459,nan,nan,nan,nan,nan,nan
212.41884589195251,-0.4300000071525574,4.0289998054504395,4.058000087738037,4.054999828338623,4.059999942779541,4.059999942779541,4.065000057220459,nan,nan,nan,nan,nan,nan
212.59919619560242,-0.4000000059604645,4.0289998054504395,4.058000087738037,4.054999828338623,4.059999942779541,4.059999942779541,4.065000057220459,nan,nan,nan,nan,nan,nan
212.77961707115173,-0.4000000059604645,4.0289998054504395,4.059000015258789,4.054999828338623,4.059999942779541,4.059999942779541,4.065000057220459,nan,nan,nan,nan,nan,nan
212.9390788078308,-0.4000000059604645,4.0289998054504395,4.059000015258789,4.054999828338623,4.059999942779541,4.059999942779541,4.064000129699707,nan,nan,nan,nan,nan,nan
213.1192502975464,-0.4000000059604645,4.0289998054504395,4.058000087738037,4.054999828338623,4.059999942779541,4.059999942779541,4.064000129699707,nan,nan,nan,nan,nan,nan
213.27900767326355,-0.38999998569488525,4.0289998054504395,4.059000015258789,4.054999828338623,4.059999942779541,4.059999942779541,4.065000057220459,nan,nan,nan,nan,nan,nan
213.45940399169922,-0.4000000059604645,4.0289998054504395,4.059000015258789,4.054999828338623,4.059999942779541,4.059999942779541,4.064000129699707,nan,nan,nan,nan,nan,nan
213.63998460769653,-0.4099999964237213,4.0289998054504395,4.058000087738037,4.054999828338623,4.059999942779541,4.059999942779541,4.065000057220459,nan,nan,nan,nan,nan,nan
213.79986381530762,-0.41999998688697815,4.0289998054504395,4.058000087738037,4.054999828338623,4.059999942779541,4.059999942779541,4.064000129699707,nan,nan,nan,nan,nan,nan
213.98082876205444,-0.4000000059604645,4.0289998054504395,4.058000087738037,4.054999828338623,4.059999942779541,4.060999870300293,4.065000057220459,nan,nan,nan,nan,nan,nan
214.13915634155273,-0.4000000059604645,4.0289998054504395,4.059000015258789,4.054999828338623,4.059999942779541,4.059999942779541,4.064000129699707,nan,nan,nan,nan,nan,nan
214.31940579414368,-0.4099999964237213,4.0289998054504395,4.058000087738037,4.054999828338623,4.059999942779541,4.059999942779541,4.065000057220459,nan,nan,nan,nan,nan,nan
214.49959588050842,-0.4000000059604645,4.0289998054504395,4.059000015258789,4.054999828338623,4.059999942779541,4.059999942779541,4.064000129699707,nan,nan,nan,nan,nan,nan
214.6589605808258,-0.38999998569488525,4.0289998054504395,4.059000015258789,4.054999828338623,4.059999942779541,4.059999942779541,4.064000129699707,nan,nan,nan,nan,nan,nan
214.83956575393677,-0.4000000059604645,4.0289998054504395,4.058000087738037,4.054999828338623,4.059999942779541,4.059999942779541,4.065000057220459,nan,nan,nan,nan,nan,nan
215.0198323726654,-0.4300000071525574,4.0289998054504395,4.059000015258789,4.054999828338623,4.059999942779541,4.059999942779541,4.064000129699707,nan,nan,nan,nan,nan,nan
215.17911839485168,-0.4000000059604645,4.0289998054504395,4.059000015258789,4.054999828338623,4.059999942779541,4.059999942779541,4.064000129699707,nan,nan,nan,nan,nan,nan
215.35950779914856,-0.4000000059604645,4.0289998054504395,4.058000087738037,4.054999828338623,4.059000015258789,4.059999942779541,4.064000129699707,nan,nan,nan,nan,nan,nan
215.51918578147888,-0.4000000059604645,4.0289998054504395,4.058000087738037,4.054999828338623,4.059999942779541,4.059999942779541,4.065000057220459,nan,nan,nan,nan,nan,nan
215.69937205314636,-0.4000000059604645,4.0289998054504395,4.058000087738037,4.054999828338623,4.059999942779541,4.059999942779541,4.064000129699707,nan,nan,nan,nan,nan,nan
215.87950611114502,-0.4000000059604645,4.0289998054504395,4.058000087738037,4.054999828338623,4.059999942779541,4.059999942779541,4.064000129699707,nan,nan,nan,nan,nan,nan
216.0391857624054,-0.4000000059604645,4.0289998054504395,4.058000087738037,4.054999828338623,4.059999942779541,4.059999942779541,4.065000057220459,nan,nan,nan,nan,nan,nan
216.21903681755066,-0.4000000059604645,4.0289998054504395,4.058000087738037,4.054999828338623,4.059999942779541,4.059999942779541,4.064000129699707,nan,nan,nan,nan,nan,nan
216.38018798828125,-0.41999998688697815,4.0289998054504395,4.059000015258789,4.054999828338623,4.059999942779541,4.059999942779541,4.064000129699707,nan,nan,nan,nan,nan,nan
216.55910682678223,-0.4000000059604645,4.0289998054504395,4.058000087738037,4.056000232696533,4.059999942779541,4.059999942779541,4.065000057220459,nan,nan,nan,nan,nan,nan
216.73929715156555,-0.4000000059604645,4.0289998054504395,4.058000087738037,4.054999828338623,4.059999942779541,4.059999942779541,4.064000129699707,nan,nan,nan,nan,nan,nan
216.89895343780518,-0.38999998569488525,4.0289998054504395,4.058000087738037,4.056000232696533,4.059999942779541,4.059999942779541,4.065000057220459,nan,nan,nan,nan,nan,nan
217.07956719398499,-0.4000000059604645,4.0289998054504395,4.059000015258789,4.054999828338623,4.059999942779541,4.059999942779541,4.065000057220459,nan,nan,nan,nan,nan,nan
217.25970673561096,-0.4099999964237213,4.0289998054504395,4.058000087738037,4.054999828338623,4.059000015258789,4.059999942779541,4.064000129699707,nan,nan,nan,nan,nan,nan
217.41929030418396,-0.38999998569488525,4.0289998054504395,4.058000087738037,4.054999828338623,4.059000015258789,4.059999942779541,4.064000129699707,nan,nan,nan,nan,nan,nan
217.59973978996277,-0.38999998569488525,4.0289998054504395,4.058000087738037,4.054999828338623,4.059999942779541,4.059999942779541,4.065000057220459,nan,nan,nan,nan,nan,nan
217.75931978225708,-0.38999998569488525,4.0289998054504395,4.058000087738037,4.054999828338623,4.059000015258789,4.059999942779541,4.065000057220459,nan,nan,nan,nan,nan,nan
217.93959045410156,-0.4000000059604645,4.0289998054504395,4.058000087738037,4.054999828338623,4.059999942779541,4.059999942779541,4.064000129699707,nan,nan,nan,nan,nan,nan
218.1197531223297,-0.38999998569488525,4.0289998054504395,4.058000087738037,4.054999828338623,4.059999942779541,4.059999942779541,4.064000129699707,nan,nan,nan,nan,nan,nan
218.27942728996277,-0.38999998569488525,4.0289998054504395,4.058000087738037,4.054999828338623,4.059999942779541,4.059999942779541,4.065000057220459,nan,nan,nan,nan,nan,nan
218.45994806289673,-0.38999998569488525,4.0289998054504395,4.058000087738037,4.054999828338623,4.059999942779541,4.059999942779541,4.065000057220459,nan,nan,nan,nan,nan,nan
218.63857245445251,-0.4000000059604645,4.0289998054504395,4.058000087738037,4.054999828338623,4.059999942779541,4.059999942779541,4.064000129699707,nan,nan,nan,nan,nan,nan
218.7999050617218,-0.4000000059604645,4.0289998054504395,4.058000087738037,4.054999828338623,4.059999942779541,4.059999942779541,4.065000057220459,nan,nan,nan,nan,nan,nan
218.97875022888184,-0.4099999964237213,4.0289998054504395,4.058000087738037,4.054999828338623,4.059999942779541,4.059999942779541,4.064000129699707,nan,nan,nan,nan,nan,nan
219.13984537124634,-0.38999998569488525,4.0289998054504395,4.058000087738037,4.054999828338623,4.059999942779541,4.059999942779541,4.065000057220459,nan,nan,nan,nan,nan,nan
219.3199336528778,-0.4000000059604645,4.0289998054504395,4.058000087738037,4.054999828338623,4.059999942779541,4.059999942779541,4.064000129699707,nan,nan,nan,nan,nan,nan
219.50005054473877,-0.4300000071525574,4.0289998054504395,4.058000087738037,4.054999828338623,4.059999942779541,4.059999942779541,4.064000129699707,nan,nan,nan,nan,nan,nan
219.6595814228058,-0.4000000059604645,4.0289998054504395,4.058000087738037,4.054999828338623,4.059999942779541,4.059999942779541,4.064000129699707,nan,nan,nan,nan,nan,nan
219.84006571769714,-0.41999998688697815,4.0289998054504395,4.058000087738037,4.054999828338623,4.059999942779541,4.059999942779541,4.064000129699707,nan,nan,nan,nan,nan,nan
219.99951887130737,-0.4000000059604645,4.0289998054504395,4.058000087738037,4.054999828338623,4.059999942779541,4.059999942779541,4.064000129699707,nan,nan,nan,nan,nan,nan
220.1802475452423,-0.4000000059604645,4.0279998779296875,4.058000087738037,4.054999828338623,4.059999942779541,4.059999942779541,4.064000129699707,nan,nan,nan,nan,nan,nan
220.36014604568481,-0.4099999964237213,4.0289998054504395,4.058000087738037,4.054999828338623,4.059999942779541,4.059999942779541,4.064000129699707,nan,nan,nan,nan,nan,nan
220.51968717575073,-0.4099999964237213,4.0289998054504395,4.058000087738037,4.054999828338623,4.059999942779541,4.059999942779541,4.065000057220459,nan,nan,nan,nan,nan,nan
220.70012640953064,-0.4099999964237213,4.0289998054504395,4.058000087738037,4.054999828338623,4.059999942779541,4.059999942779541,4.064000129699707,nan,nan,nan,nan,nan,nan
220.87995958328247,-0.4099999964237213,4.0289998054504395,4.058000087738037,4.054999828338623,4.059999942779541,4.059999942779541,4.064000129699707,nan,nan,nan,nan,nan,nan
221.03971552848816,-0.4000000059604645,4.0289998054504395,4.058000087738037,4.054999828338623,4.059999942779541,4.059999942779541,4.064000129699707,nan,nan,nan,nan,nan,nan
221.21970915794373,-0.4000000059604645,4.0289998054504395,4.058000087738037,4.054999828338623,4.059999942779541,4.059999942779541,4.064000129699707,nan,nan,nan,nan,nan,nan
221.37955045700073,-0.4000000059604645,4.0279998779296875,4.058000087738037,4.054999828338623,4.059999942779541,4.059999942779541,4.064000129699707,nan,nan,nan,nan,nan,nan
221.55991196632385,-0.4000000059604645,4.0289998054504395,4.058000087738037,4.054999828338623,4.059999942779541,4.059999942779541,4.064000129699707,nan,nan,nan,nan,nan,nan
221.73863530158997,-0.38999998569488525,4.0289998054504395,4.058000087738037,4.054999828338623,4.059999942779541,4.059999942779541,4.064000129699707,nan,nan,nan,nan,nan,nan
221.90001153945923,-0.4000000059604645,4.0289998054504395,4.058000087738037,4.054999828338623,4.059999942779541,4.059999942779541,4.064000129699707,nan,nan,nan,nan,nan,nan
222.0800426006317,-0.4000000059604645,4.0289998054504395,4.058000087738037,4.054999828338623,4.059999942779541,4.059999942779541,4.064000129699707,nan,nan,nan,nan,nan,nan
222.2395477294922,-0.41999998688697815,4.0289998054504395,4.058000087738037,4.054999828338623,4.059999942779541,4.059999942779541,4.064000129699707,nan,nan,nan,nan,nan,nan
222.4197449684143,-0.4000000059604645,4.0289998054504395,4.058000087738037,4.054999828338623,4.059999942779541,4.059999942779541,4.064000129699707,nan,nan,nan,nan,nan,nan
222.59988236427307,-0.4000000059604645,4.0279998779296875,4.058000087738037,4.054999828338623,4.059999942779541,4.059999942779541,4.065000057220459,nan,nan,nan,nan,nan,nan
222.7595443725586,-0.4099999964237213,4.0289998054504395,4.058000087738037,4.054999828338623,4.059999942779541,4.059999942779541,4.065000057220459,nan,nan,nan,nan,nan,nan
222.9399871826172,-0.4000000059604645,4.0289998054504395,4.058000087738037,4.054999828338623,4.059000015258789,4.059999942779541,4.064000129699707,nan,nan,nan,nan,nan,nan
223.09928107261658,-0.4000000059604645,4.0289998054504395,4.058000087738037,4.054999828338623,4.059999942779541,4.059999942779541,4.064000129699707,nan,nan,nan,nan,nan,nan
223.2798924446106,-0.4099999964237213,4.0279998779296875,4.058000087738037,4.054999828338623,4.059999942779541,4.059999942779541,4.064000129699707,nan,nan,nan,nan,nan,nan
223.458993434906,-0.41999998688697815,4.0279998779296875,4.058000087738037,4.054999828338623,4.059999942779541,4.059999942779541,4.064000129699707,nan,nan,nan,nan,nan,nan
223.61989164352417,-0.4000000059604645,4.0289998054504395,4.058000087738037,4.054999828338623,4.059999942779541,4.059999942779541,4.064000129699707,nan,nan,nan,nan,nan,nan
223.79875874519348,-0.4000000059604645,4.0279998779296875,4.058000087738037,4.054999828338623,4.059999942779541,4.059999942779541,4.065000057220459,nan,nan,nan,nan,nan,nan
223.97900676727295,-0.4000000059604645,4.0289998054504395,4.058000087738037,4.054999828338623,4.059999942779541,4.059999942779541,4.064000129699707,nan,nan,nan,nan,nan,nan
224.1387279033661,-0.41999998688697815,4.0289998054504395,4.058000087738037,4.054999828338623,4.059000015258789,4.059999942779541,4.064000129699707,nan,nan,nan,nan,nan,nan
224.31879949569702,-0.4000000059604645,4.0289998054504395,4.058000087738037,4.054999828338623,4.059000015258789,4.059999942779541,4.064000129699707,nan,nan,nan,nan,nan,nan
224.47998809814453,-0.4000000059604645,4.0279998779296875,4.058000087738037,4.054999828338623,4.059999942779541,4.059999942779541,4.064000129699707,nan,nan,nan,nan,nan,nan
224.65887904167175,-0.4000000059604645,4.0279998779296875,4.058000087738037,4.054999828338623,4.059999942779541,4.059999942779541,4.064000129699707,nan,nan,nan,nan,nan,nan
224.83937215805054,-0.4000000059604645,4.0289998054504395,4.058000087738037,4.054999828338623,4.059000015258789,4.059999942779541,4.064000129699707,nan,nan,nan,nan,nan,nan
224.99901032447815,-0.38999998569488525,4.0279998779296875,4.058000087738037,4.054999828338623,4.059999942779541,4.059999942779541,4.064000129699707,nan,nan,nan,nan,nan,nan
225.17902898788452,-0.4000000059604645,4.0289998054504395,4.058000087738037,4.054999828338623,4.059000015258789,4.059999942779541,4.064000129699707,nan,nan,nan,nan,nan,nan
225.3608202934265,-0.4000000059604645,4.0289998054504395,4.058000087738037,4.054999828338623,4.059999942779541,4.059999942779541,4.064000129699707,nan,nan,nan,nan,nan,nan
225.51890897750854,-0.4000000059604645,4.0279998779296875,4.058000087738037,4.054999828338623,4.059999942779541,4.059999942779541,4.064000129699707,nan,nan,nan,nan,nan,nan
225.69917154312134,-0.4000000059604645,4.0279998779296875,4.058000087738037,4.054999828338623,4.059999942779541,4.059999942779541,4.064000129699707,nan,nan,nan,nan,nan,nan
225.85895252227783,-0.4099999964237213,4.0289998054504395,4.058000087738037,4.054999828338623,4.059999942779541,4.059999942779541,4.064000129699707,nan,nan,nan,nan,nan,nan
226.03924465179443,-0.4000000059604645,4.0289998054504395,4.058000087738037,4.054999828338623,4.059000015258789,4.059999942779541,4.064000129699707,nan,nan,nan,nan,nan,nan
226.21930146217346,-0.4000000059604645,4.0289998054504395,4.058000087738037,4.054999828338623,4.059999942779541,4.059999942779541,4.064000129699707,nan,nan,nan,nan,nan,nan
226.3789403438568,-0.4000000059604645,4.0289998054504395,4.058000087738037,4.054999828338623,4.059999942779541,4.059999942779541,4.064000129699707,nan,nan,nan,nan,nan,nan
226.5595486164093,-0.4000000059604645,4.0289998054504395,4.058000087738037,4.054999828338623,4.059000015258789,4.059999942779541,4.064000129699707,nan,nan,nan,nan,nan,nan
226.71876764297485,-0.4099999964237213,4.0289998054504395,4.058000087738037,4.054999828338623,4.059000015258789,4.059999942779541,4.064000129699707,nan,nan,nan,nan,nan,nan
226.89925694465637,-0.4000000059604645,4.0279998779296875,4.058000087738037,4.054999828338623,4.059000015258789,4.059999942779541,4.064000129699707,nan,nan,nan,nan,nan,nan
227.07959842681885,-0.4000000059604645,4.0289998054504395,4.058000087738037,4.054999828338623,4.059000015258789,4.059999942779541,4.064000129699707,nan,nan,nan,nan,nan,nan
227.23877835273743,-0.41999998688697815,4.0279998779296875,4.058000087738037,4.054999828338623,4.059999942779541,4.059999942779541,4.064000129699707,nan,nan,nan,nan,nan,nan
227.41926503181458,-0.4099999964237213,4.0279998779296875,4.058000087738037,4.054999828338623,4.059000015258789,4.059999942779541,4.064000129699707,nan,nan,nan,nan,nan,nan
227.5994782447815,-0.4000000059604645,4.0279998779296875,4.058000087738037,4.054999828338623,4.059000015258789,4.059999942779541,4.064000129699707,nan,nan,nan,nan,nan,nan
227.75907635688782,-0.4000000059604645,4.0289998054504395,4.058000087738037,4.054999828338623,4.059000015258789,4.059999942779541,4.064000129699707,nan,nan,nan,nan,nan,nan
227.939683675766,-0.4099999964237213,4.0279998779296875,4.058000087738037,4.054999828338623,4.059999942779541,4.059999942779541,4.064000129699707,nan,nan,nan,nan,nan,nan
228.0989978313446,-0.4099999964237213,4.0289998054504395,4.058000087738037,4.054999828338623,4.059999942779541,4.059999942779541,4.064000129699707,nan,nan,nan,nan,nan,nan
228.2794373035431,-0.4099999964237213,4.0279998779296875,4.058000087738037,4.054999828338623,4.059000015258789,4.059999942779541,4.064000129699707,nan,nan,nan,nan,nan,nan
228.4598617553711,-0.4000000059604645,4.0289998054504395,4.058000087738037,4.054999828338623,4.059999942779541,4.059999942779541,4.064000129699707,nan,nan,nan,nan,nan,nan
228.61921215057373,-0.4000000059604645,4.0289998054504395,4.058000087738037,4.054999828338623,4.059000015258789,4.059999942779541,4.064000129699707,nan,nan,nan,nan,nan,nan
228.79975199699402,-0.4099999964237213,4.0279998779296875,4.058000087738037,4.054999828338623,4.059000015258789,4.059999942779541,4.064000129699707,nan,nan,nan,nan,nan,nan
228.95912885665894,-0.4000000059604645,4.0279998779296875,4.058000087738037,4.054999828338623,4.059000015258789,4.059999942779541,4.064000129699707,nan,nan,nan,nan,nan,nan
229.13945126533508,-0.4000000059604645,4.0279998779296875,4.058000087738037,4.054999828338623,4.059000015258789,4.059999942779541,4.064000129699707,nan,nan,nan,nan,nan,nan
229.3199019432068,-0.4000000059604645,4.0279998779296875,4.058000087738037,4.054999828338623,4.059999942779541,4.059999942779541,4.064000129699707,nan,nan,nan,nan,nan,nan
229.4795114994049,-0.4000000059604645,4.0279998779296875,4.058000087738037,4.054999828338623,4.059000015258789,4.059999942779541,4.064000129699707,nan,nan,nan,nan,nan,nan
229.6600377559662,-0.4000000059604645,4.0279998779296875,4.058000087738037,4.054999828338623,4.059999942779541,4.059999942779541,4.064000129699707,nan,nan,nan,nan,nan,nan
229.8387701511383,-0.4099999964237213,4.0279998779296875,4.058000087738037,4.054999828338623,4.059000015258789,4.059999942779541,4.064000129699707,nan,nan,nan,nan,nan,nan
229.99978232383728,-0.4099999964237213,4.0279998779296875,4.058000087738037,4.054999828338623,4.059000015258789,4.059999942779541,4.064000129699707,nan,nan,nan,nan,nan,nan
230.17988348007202,-0.4000000059604645,4.0279998779296875,4.058000087738037,4.054999828338623,4.059000015258789,4.059999942779541,4.064000129699707,nan,nan,nan,nan,nan,nan
230.33962726593018,-0.38999998569488525,4.0279998779296875,4.058000087738037,4.054999828338623,4.059000015258789,4.059999942779541,4.064000129699707,nan,nan,nan,nan,nan,nan
230.51978254318237,-0.4000000059604645,4.0279998779296875,4.058000087738037,4.054999828338623,4.059999942779541,4.059999942779541,4.064000129699707,nan,nan,nan,nan,nan,nan
230.6987190246582,-0.4000000059604645,4.0279998779296875,4.058000087738037,4.054999828338623,4.059999942779541,4.059999942779541,4.064000129699707,nan,nan,nan,nan,nan,nan
230.8598530292511,-0.38999998569488525,4.0279998779296875,4.058000087738037,4.054999828338623,4.059000015258789,4.059999942779541,4.064000129699707,nan,nan,nan,nan,nan,nan
231.03868103027344,-0.4000000059604645,4.0279998779296875,4.058000087738037,4.054999828338623,4.059999942779541,4.059999942779541,4.064000129699707,nan,nan,nan,nan,nan,nan
231.21882390975952,-0.4099999964237213,4.0279998779296875,4.058000087738037,4.054999828338623,4.059000015258789,4.059999942779541,4.064000129699707,nan,nan,nan,nan,nan,nan
231.38000917434692,-0.4000000059604645,4.0279998779296875,4.058000087738037,4.054999828338623,4.059000015258789,4.059999942779541,4.064000129699707,nan,nan,nan,nan,nan,nan
231.56032752990723,-0.4000000059604645,4.0279998779296875,4.058000087738037,4.054999828338623,4.059000015258789,4.059999942779541,4.064000129699707,nan,nan,nan,nan,nan,nan
231.71991109848022,-0.4000000059604645,4.0279998779296875,4.058000087738037,4.054999828338623,4.059000015258789,4.059999942779541,4.064000129699707,nan,nan,nan,nan,nan,nan
231.90019583702087,-0.4000000059604645,4.0279998779296875,4.058000087738037,4.054999828338623,4.059000015258789,4.059999942779541,4.064000129699707,nan,nan,nan,nan,nan,nan
232.07897686958313,-0.4099999964237213,4.0279998779296875,4.058000087738037,4.054999828338623,4.059000015258789,4.059999942779541,4.064000129699707,nan,nan,nan,nan,nan,nan
232.23891186714172,-0.4000000059604645,4.0279998779296875,4.058000087738037,4.054999828338623,4.059000015258789,4.059999942779541,4.064000129699707,nan,nan,nan,nan,nan,nan
232.41904973983765,-0.4000000059604645,4.0279998779296875,4.058000087738037,4.054999828338623,4.059000015258789,4.059999942779541,4.064000129699707,nan,nan,nan,nan,nan,nan
232.5801022052765,-0.4000000059604645,4.0279998779296875,4.058000087738037,4.054999828338623,4.059000015258789,4.059999942779541,4.064000129699707,nan,nan,nan,nan,nan,nan
232.75910997390747,-0.4000000059604645,4.0279998779296875,4.058000087738037,4.054999828338623,4.059999942779541,4.059999942779541,4.064000129699707,nan,nan,nan,nan,nan,nan
232.94117164611816,-0.38999998569488525,4.0279998779296875,4.058000087738037,4.054999828338623,4.059000015258789,4.059999942779541,4.064000129699707,nan,nan,nan,nan,nan,nan
233.09896898269653,-0.41999998688697815,4.0279998779296875,4.058000087738037,4.054999828338623,4.059000015258789,4.059999942779541,4.064000129699707,nan,nan,nan,nan,nan,nan
233.2792227268219,-0.4000000059604645,4.0279998779296875,4.058000087738037,4.054999828338623,4.059999942779541,4.059999942779541,4.064000129699707,nan,nan,nan,nan,nan,nan
233.46132802963257,-0.4000000059604645,4.0279998779296875,4.058000087738037,4.054999828338623,4.059000015258789,4.059999942779541,4.064000129699707,nan,nan,nan,nan,nan,nan
233.61886405944824,-0.41999998688697815,4.0279998779296875,4.058000087738037,4.054999828338623,4.059000015258789,4.059999942779541,4.064000129699707,nan,nan,nan,nan,nan,nan
233.79925417900085,-0.4000000059604645,4.0279998779296875,4.058000087738037,4.054999828338623,4.059000015258789,4.059999942779541,4.064000129699707,nan,nan,nan,nan,nan,nan
233.9591007232666,-0.4000000059604645,4.0279998779296875,4.058000087738037,4.054999828338623,4.059000015258789,4.059999942779541,4.064000129699707,nan,nan,nan,nan,nan,nan
234.13930463790894,-0.4000000059604645,4.0279998779296875,4.058000087738037,4.054999828338623,4.059000015258789,4.059999942779541,4.064000129699707,nan,nan,nan,nan,nan,nan
234.3197968006134,-0.4000000059604645,4.0279998779296875,4.058000087738037,4.054999828338623,4.059999942779541,4.059999942779541,4.064000129699707,nan,nan,nan,nan,nan,nan
234.47954726219177,-0.4000000059604645,4.0279998779296875,4.058000087738037,4.054999828338623,4.059000015258789,4.059999942779541,4.064000129699707,nan,nan,nan,nan,nan,nan
234.66092824935913,-0.4099999964237213,4.0279998779296875,4.058000087738037,4.054999828338623,4.059000015258789,4.059999942779541,4.064000129699707,nan,nan,nan,nan,nan,nan
234.81897568702698,-0.4000000059604645,4.0279998779296875,4.058000087738037,4.054999828338623,4.059000015258789,4.059999942779541,4.064000129699707,nan,nan,nan,nan,nan,nan
234.99928760528564,-0.4000000059604645,4.0279998779296875,4.058000087738037,4.054999828338623,4.059000015258789,4.059999942779541,4.064000129699707,nan,nan,nan,nan,nan,nan
235.18125939369202,-0.4000000059604645,4.0279998779296875,4.058000087738037,4.054999828338623,4.059000015258789,4.059999942779541,4.064000129699707,nan,nan,nan,nan,nan,nan
235.34075164794922,-0.4000000059604645,4.0279998779296875,4.058000087738037,4.054999828338623,4.059000015258789,4.059999942779541,4.064000129699707,nan,nan,nan,nan,nan,nan
235.52101874351501,-0.4099999964237213,4.0279998779296875,4.058000087738037,4.053999900817871,4.059000015258789,4.059999942779541,4.064000129699707,nan,nan,nan,nan,nan,nan
235.70146560668945,-0.4000000059604645,4.0279998779296875,4.058000087738037,4.054999828338623,4.059000015258789,4.059999942779541,4.064000129699707,nan,nan,nan,nan,nan,nan
235.86048650741577,-0.4000000059604645,4.0279998779296875,4.058000087738037,4.054999828338623,4.059000015258789,4.059999942779541,4.064000129699707,nan,nan,nan,nan,nan,nan
236.04081511497498,-0.4000000059604645,4.0279998779296875,4.058000087738037,4.054999828338623,4.059999942779541,4.059999942779541,4.064000129699707,nan,nan,nan,nan,nan,nan
236.2000277042389,-0.4000000059604645,4.0279998779296875,4.058000087738037,4.054999828338623,4.059000015258789,4.059999942779541,4.064000129699707,nan,nan,nan,nan,nan,nan
236.3792700767517,-0.38999998569488525,4.0279998779296875,4.058000087738037,4.054999828338623,4.059000015258789,4.059999942779541,4.064000129699707,nan,nan,nan,nan,nan,nan
236.559232711792,-0.4099999964237213,4.0279998779296875,4.058000087738037,4.054999828338623,4.059999942779541,4.059999942779541,4.064000129699707,nan,nan,nan,nan,nan,nan
236.71897149085999,-0.4099999964237213,4.0279998779296875,4.058000087738037,4.054999828338623,4.059999942779541,4.059999942779541,4.064000129699707,nan,nan,nan,nan,nan,nan
236.89931082725525,-0.4000000059604645,4.0279998779296875,4.058000087738037,4.054999828338623,4.059000015258789,4.059999942779541,4.064000129699707,nan,nan,nan,nan,nan,nan
237.06044697761536,-0.4000000059604645,4.0279998779296875,4.058000087738037,4.054999828338623,4.059000015258789,4.059999942779541,4.064000129699707,nan,nan,nan,nan,nan,nan
237.23916959762573,-0.4000000059604645,4.0279998779296875,4.058000087738037,4.054999828338623,4.059000015258789,4.059999942779541,4.064000129699707,nan,nan,nan,nan,nan,nan
237.42081689834595,-0.4000000059604645,4.0279998779296875,4.058000087738037,4.054999828338623,4.059000015258789,4.059999942779541,4.064000129699707,nan,nan,nan,nan,nan,nan
237.57883715629578,-0.4000000059604645,4.0279998779296875,4.058000087738037,4.054999828338623,4.059000015258789,4.059999942779541,4.064000129699707,nan,nan,nan,nan,nan,nan
237.75935053825378,-0.4099999964237213,4.0279998779296875,4.058000087738037,4.054999828338623,4.059000015258789,4.059999942779541,4.064000129699707,nan,nan,nan,nan,nan,nan
237.93932342529297,-0.4000000059604645,4.0279998779296875,4.058000087738037,4.054999828338623,4.059000015258789,4.059999942779541,4.064000129699707,nan,nan,nan,nan,nan,nan
238.09915232658386,-0.4000000059604645,4.0279998779296875,4.058000087738037,4.054999828338623,4.059000015258789,4.059999942779541,4.064000129699707,nan,nan,nan,nan,nan,nan
238.27949905395508,-0.3799999952316284,4.0279998779296875,4.058000087738037,4.054999828338623,4.059000015258789,4.059999942779541,4.064000129699707,nan,nan,nan,nan,nan,nan
238.43901872634888,-0.4000000059604645,4.0279998779296875,4.058000087738037,4.054999828338623,4.059000015258789,4.059999942779541,4.064000129699707,nan,nan,nan,nan,nan,nan
238.61946964263916,-0.38999998569488525,4.0279998779296875,4.058000087738037,4.054999828338623,4.059000015258789,4.059999942779541,4.064000129699707,nan,nan,nan,nan,nan,nan
238.79973125457764,-0.4000000059604645,4.0279998779296875,4.058000087738037,4.054999828338623,4.059999942779541,4.059999942779541,4.064000129699707,nan,nan,nan,nan,nan,nan
238.9592626094818,-0.4000000059604645,4.0279998779296875,4.058000087738037,4.054999828338623,4.059000015258789,4.059999942779541,4.064000129699707,nan,nan,nan,nan,nan,nan
239.139386177063,-0.38999998569488525,4.0279998779296875,4.058000087738037,4.054999828338623,4.059000015258789,4.059999942779541,4.064000129699707,nan,nan,nan,nan,nan,nan
239.2987995147705,-0.41999998688697815,4.0279998779296875,4.058000087738037,4.054999828338623,4.059000015258789,4.059999942779541,4.064000129699707,nan,nan,nan,nan,nan,nan
239.48136854171753,-0.4000000059604645,4.0279998779296875,4.058000087738037,4.053999900817871,4.059000015258789,4.059999942779541,4.064000129699707,nan,nan,nan,nan,nan,nan
239.6612832546234,-0.4000000059604645,4.0279998779296875,4.058000087738037,4.054999828338623,4.059000015258789,4.059999942779541,4.064000129699707,nan,nan,nan,nan,nan,nan
239.82026147842407,-0.41999998688697815,4.0279998779296875,4.058000087738037,4.054999828338623,4.059000015258789,4.059999942779541,4.064000129699707,nan,nan,nan,nan,nan,nan
240.00340914726257,-0.4000000059604645,4.0279998779296875,4.058000087738037,4.054999828338623,4.059000015258789,4.059999942779541,4.064000129699707,nan,nan,nan,nan,nan,nan
240.17938947677612,-0.4099999964237213,4.0279998779296875,4.058000087738037,4.053999900817871,4.059000015258789,4.059999942779541,4.064000129699707,nan,nan,nan,nan,nan,nan
240.34149193763733,-0.4000000059604645,4.0279998779296875,4.058000087738037,4.054999828338623,4.059000015258789,4.059999942779541,4.064000129699707,nan,nan,nan,nan,nan,nan
240.52040433883667,-0.38999998569488525,4.0279998779296875,4.058000087738037,4.053999900817871,4.059000015258789,4.059999942779541,4.064000129699707,nan,nan,nan,nan,nan,nan
240.67987489700317,-0.4000000059604645,4.0279998779296875,4.058000087738037,4.054999828338623,4.059000015258789,4.059999942779541,4.064000129699707,nan,nan,nan,nan,nan,nan
240.86025047302246,-0.4000000059604645,4.0279998779296875,4.058000087738037,4.053999900817871,4.059000015258789,4.059999942779541,4.064000129699707,nan,nan,nan,nan,nan,nan
241.0416796207428,-0.4000000059604645,4.0279998779296875,4.058000087738037,4.054999828338623,4.059000015258789,4.059999942779541,4.064000129699707,nan,nan,nan,nan,nan,nan
241.20004415512085,-0.4000000059604645,4.0279998779296875,4.058000087738037,4.054999828338623,4.059000015258789,4.059999942779541,4.064000129699707,nan,nan,nan,nan,nan,nan
241.37937307357788,-0.4000000059604645,4.0279998779296875,4.058000087738037,4.054999828338623,4.059000015258789,4.059999942779541,4.064000129699707,nan,nan,nan,nan,nan,nan
241.53987503051758,-0.4000000059604645,4.0279998779296875,4.058000087738037,4.054999828338623,4.059000015258789,4.059999942779541,4.064000129699707,nan,nan,nan,nan,nan,nan
241.7205581665039,-0.4000000059604645,4.0279998779296875,4.058000087738037,4.054999828338623,4.059000015258789,4.059999942779541,4.064000129699707,nan,nan,nan,nan,nan,nan
241.9005105495453,-0.4099999964237213,4.0279998779296875,4.058000087738037,4.053999900817871,4.059000015258789,4.059999942779541,4.064000129699707,nan,nan,nan,nan,nan,nan
242.05943250656128,-0.4000000059604645,4.0279998779296875,4.058000087738037,4.054999828338623,4.059000015258789,4.059999942779541,4.064000129699707,nan,nan,nan,nan,nan,nan
242.24006724357605,-0.4000000059604645,4.0279998779296875,4.058000087738037,4.054999828338623,4.059000015258789,4.059999942779541,4.064000129699707,nan,nan,nan,nan,nan,nan
242.40112352371216,-0.4000000059604645,4.0279998779296875,4.058000087738037,4.054999828338623,4.059000015258789,4.059999942779541,4.064000129699707,nan,nan,nan,nan,nan,nan
242.5796103477478,-0.4000000059604645,4.0279998779296875,4.057000160217285,4.054999828338623,4.059000015258789,4.059999942779541,4.064000129699707,nan,nan,nan,nan,nan,nan
242.7619230747223,-0.4000000059604645,4.0279998779296875,4.058000087738037,4.054999828338623,4.059000015258789,4.059999942779541,4.064000129699707,nan,nan,nan,nan,nan,nan
242.92074489593506,-0.38999998569488525,4.0279998779296875,4.058000087738037,4.053999900817871,4.059000015258789,4.059999942779541,4.064000129699707,nan,nan,nan,nan,nan,nan
243.0993950366974,-0.3799999952316284,4.0279998779296875,4.058000087738037,4.054999828338623,4.059000015258789,4.059999942779541,4.064000129699707,nan,nan,nan,nan,nan,nan
243.27972435951233,-0.4000000059604645,4.0279998779296875,4.058000087738037,4.054999828338623,4.059000015258789,4.059999942779541,4.064000129699707,nan,nan,nan,nan,nan,nan
243.44074296951294,-0.38999998569488525,4.0279998779296875,4.058000087738037,4.053999900817871,4.059000015258789,4.059999942779541,4.064000129699707,nan,nan,nan,nan,nan,nan
243.61972880363464,-0.4000000059604645,4.0279998779296875,4.058000087738037,4.054999828338623,4.059000015258789,4.059999942779541,4.064000129699707,nan,nan,nan,nan,nan,nan
243.77938747406006,-0.4000000059604645,4.0279998779296875,4.058000087738037,4.053999900817871,4.059000015258789,4.059999942779541,4.064000129699707,nan,nan,nan,nan,nan,nan
243.95941996574402,-0.38999998569488525,4.0279998779296875,4.058000087738037,4.054999828338623,4.059000015258789,4.059999942779541,4.064000129699707,nan,nan,nan,nan,nan,nan
244.13990759849548,-0.4099999964237213,4.0279998779296875,4.058000087738037,4.054999828338623,4.059000015258789,4.059999942779541,4.064000129699707,nan,nan,nan,nan,nan,nan
244.29930138587952,-0.4000000059604645,4.0279998779296875,4.058000087738037,4.053999900817871,4.059000015258789,4.059999942779541,4.064000129699707,nan,nan,nan,nan,nan,nan
244.479412317276,-0.4000000059604645,4.0279998779296875,4.058000087738037,4.053999900817871,4.059000015258789,4.059999942779541,4.064000129699707,nan,nan,nan,nan,nan,nan
244.6389091014862,-0.4099999964237213,4.0279998779296875,4.058000087738037,4.054999828338623,4.059000015258789,4.059999942779541,4.064000129699707,nan,nan,nan,nan,nan,nan
244.82091569900513,-0.4000000059604645,4.0279998779296875,4.058000087738037,4.054999828338623,4.059000015258789,4.059999942779541,4.064000129699707,nan,nan,nan,nan,nan,nan
245.00095343589783,-0.4000000059604645,4.0279998779296875,4.058000087738037,4.054999828338623,4.059000015258789,4.059999942779541,4.064000129699707,nan,nan,nan,nan,nan,nan
245.1588978767395,-0.4099999964237213,4.0279998779296875,4.058000087738037,4.054999828338623,4.059000015258789,4.059999942779541,4.064000129699707,nan,nan,nan,nan,nan,nan
245.33937454223633,-0.4000000059604645,4.0279998779296875,4.058000087738037,4.054999828338623,4.059000015258789,4.059999942779541,4.064000129699707,nan,nan,nan,nan,nan,nan
245.5197401046753,-0.4099999964237213,4.0279998779296875,4.058000087738037,4.054999828338623,4.059000015258789,4.059999942779541,4.064000129699707,nan,nan,nan,nan,nan,nan
245.6791217327118,-0.4000000059604645,4.0279998779296875,4.058000087738037,4.054999828338623,4.059000015258789,4.059999942779541,4.064000129699707,nan,nan,nan,nan,nan,nan
245.85974717140198,-0.4000000059604645,4.0279998779296875,4.058000087738037,4.053999900817871,4.059000015258789,4.059999942779541,4.064000129699707,nan,nan,nan,nan,nan,nan
246.01924443244934,-0.4000000059604645,4.0279998779296875,4.058000087738037,4.053999900817871,4.059000015258789,4.059999942779541,4.064000129699707,nan,nan,nan,nan,nan,nan
246.19937109947205,-0.4000000059604645,4.0279998779296875,4.058000087738037,4.054999828338623,4.059000015258789,4.059999942779541,4.064000129699707,nan,nan,nan,nan,nan,nan
246.37987637519836,-0.4000000059604645,4.0279998779296875,4.058000087738037,4.054999828338623,4.059000015258789,4.059999942779541,4.064000129699707,nan,nan,nan,nan,nan,nan
246.5394003391266,-0.4300000071525574,4.0279998779296875,4.058000087738037,4.053999900817871,4.059000015258789,4.059999942779541,4.064000129699707,nan,nan,nan,nan,nan,nan
246.71967768669128,-0.4099999964237213,4.0279998779296875,4.058000087738037,4.053999900817871,4.059000015258789,4.059999942779541,4.064000129699707,nan,nan,nan,nan,nan,nan
246.8792164325714,-0.4000000059604645,4.0279998779296875,4.058000087738037,4.053999900817871,4.059000015258789,4.059999942779541,4.064000129699707,nan,nan,nan,nan,nan,nan
247.05951261520386,-0.4000000059604645,4.0279998779296875,4.058000087738037,4.053999900817871,4.059000015258789,4.059999942779541,4.064000129699707,nan,nan,nan,nan,nan,nan
247.23990035057068,-0.4099999964237213,4.0279998779296875,4.058000087738037,4.054999828338623,4.059000015258789,4.059999942779541,4.064000129699707,nan,nan,nan,nan,nan,nan
247.39916348457336,-0.4099999964237213,4.0279998779296875,4.058000087738037,4.053999900817871,4.059000015258789,4.059999942779541,4.064000129699707,nan,nan,nan,nan,nan,nan
247.57958436012268,-0.4000000059604645,4.0279998779296875,4.057000160217285,4.053999900817871,4.059000015258789,4.059999942779541,4.064000129699707,nan,nan,nan,nan,nan,nan
247.75988745689392,-0.4000000059604645,4.0279998779296875,4.058000087738037,4.053999900817871,4.059000015258789,4.059999942779541,4.064000129699707,nan,nan,nan,nan,nan,nan
247.91966438293457,-0.4000000059604645,4.0279998779296875,4.058000087738037,4.054999828338623,4.059000015258789,4.059999942779541,4.064000129699707,nan,nan,nan,nan,nan,nan
248.09954476356506,-0.38999998569488525,4.0279998779296875,4.058000087738037,4.054999828338623,4.059000015258789,4.059999942779541,4.064000129699707,nan,nan,nan,nan,nan,nan
248.25963473320007,-0.38999998569488525,4.0279998779296875,4.058000087738037,4.054999828338623,4.059000015258789,4.059000015258789,4.064000129699707,nan,nan,nan,nan,nan,nan
248.44096064567566,-0.4000000059604645,4.0279998779296875,4.058000087738037,4.054999828338623,4.059000015258789,4.059999942779541,4.064000129699707,nan,nan,nan,nan,nan,nan
248.61977648735046,-0.4000000059604645,4.0279998779296875,4.058000087738037,4.053999900817871,4.059000015258789,4.059999942779541,4.064000129699707,nan,nan,nan,nan,nan,nan
248.77955651283264,-0.4000000059604645,4.0279998779296875,4.058000087738037,4.053999900817871,4.059000015258789,4.059999942779541,4.064000129699707,nan,nan,nan,nan,nan,nan
248.96101641654968,-0.4000000059604645,4.0279998779296875,4.058000087738037,4.053999900817871,4.059000015258789,4.059999942779541,4.064000129699707,nan,nan,nan,nan,nan,nan
249.1186203956604,-0.4000000059604645,4.0279998779296875,4.057000160217285,4.053999900817871,4.059000015258789,4.059999942779541,4.064000129699707,nan,nan,nan,nan,nan,nan
249.29932570457458,-0.4000000059604645,4.0279998779296875,4.058000087738037,4.053999900817871,4.059000015258789,4.059999942779541,4.064000129699707,nan,nan,nan,nan,nan,nan
249.4811408519745,-0.4000000059604645,4.0279998779296875,4.058000087738037,4.054999828338623,4.059000015258789,4.059999942779541,4.064000129699707,nan,nan,nan,nan,nan,nan
249.6387584209442,-0.4000000059604645,4.0269999504089355,4.058000087738037,4.053999900817871,4.059000015258789,4.059999942779541,4.064000129699707,nan,nan,nan,nan,nan,nan
249.81930947303772,-0.38999998569488525,4.0279998779296875,4.057000160217285,4.054999828338623,4.059000015258789,4.059999942779541,4.064000129699707,nan,nan,nan,nan,nan,nan
249.9994888305664,-0.4000000059604645,4.0279998779296875,4.058000087738037,4.054999828338623,4.059000015258789,4.059999942779541,4.064000129699707,nan,nan,nan,nan,nan,nan
250.15900683403015,-0.4000000059604645,4.0269999504089355,4.058000087738037,4.053999900817871,4.059000015258789,4.059999942779541,4.064000129699707,nan,nan,nan,nan,nan,nan
250.33955693244934,-0.38999998569488525,4.0279998779296875,4.057000160217285,4.053999900817871,4.059000015258789,4.059999942779541,4.064000129699707,nan,nan,nan,nan,nan,nan
250.49883151054382,-0.4000000059604645,4.0279998779296875,4.058000087738037,4.053999900817871,4.059000015258789,4.059999942779541,4.064000129699707,nan,nan,nan,nan,nan,nan
250.67912578582764,-0.4000000059604645,4.0279998779296875,4.057000160217285,4.053999900817871,4.059000015258789,4.059999942779541,4.064000129699707,nan,nan,nan,nan,nan,nan
250.8596966266632,-0.4300000071525574,4.0279998779296875,4.058000087738037,4.053999900817871,4.059000015258789,4.059000015258789,4.064000129699707,nan,nan,nan,nan,nan,nan
251.0186152458191,-0.4099999964237213,4.0279998779296875,4.058000087738037,4.053999900817871,4.059000015258789,4.059999942779541,4.064000129699707,nan,nan,nan,nan,nan,nan
251.19907808303833,-0.4000000059604645,4.0269999504089355,4.058000087738037,4.053999900817871,4.059000015258789,4.059999942779541,4.064000129699707,nan,nan,nan,nan,nan,nan
251.3599715232849,-0.4000000059604645,4.0279998779296875,4.058000087738037,4.054999828338623,4.059000015258789,4.059999942779541,4.064000129699707,nan,nan,nan,nan,nan,nan
251.54004073143005,-0.4000000059604645,4.0279998779296875,4.058000087738037,4.053999900817871,4.059000015258789,4.059000015258789,4.064000129699707,nan,nan,nan,nan,nan,nan
251.71896052360535,-0.4000000059604645,4.0269999504089355,4.058000087738037,4.054999828338623,4.059000015258789,4.059999942779541,4.064000129699707,nan,nan,nan,nan,nan,nan
251.87988901138306,-0.4000000059604645,4.0269999504089355,4.058000087738037,4.053999900817871,4.059000015258789,4.059999942779541,4.064000129699707,nan,nan,nan,nan,nan,nan
252.0602684020996,-0.4000000059604645,4.0269999504089355,4.058000087738037,4.053999900817871,4.059000015258789,4.059999942779541,4.064000129699707,nan,nan,nan,nan,nan,nan
252.2389748096466,-0.38999998569488525,4.0269999504089355,4.058000087738037,4.053999900817871,4.059000015258789,4.059999942779541,4.064000129699707,nan,nan,nan,nan,nan,nan
252.3997905254364,-0.4000000059604645,4.0279998779296875,4.057000160217285,4.053999900817871,4.059000015258789,4.059999942779541,4.064000129699707,nan,nan,nan,nan,nan,nan
252.57895064353943,-0.4000000059604645,4.0279998779296875,4.058000087738037,4.053999900817871,4.059000015258789,4.059999942779541,4.064000129699707,nan,nan,nan,nan,nan,nan
252.7396535873413,-0.4000000059604645,4.0269999504089355,4.058000087738037,4.053999900817871,4.059000015258789,4.059999942779541,4.064000129699707,nan,nan,nan,nan,nan,nan
252.9201192855835,-0.4099999964237213,4.0279998779296875,4.057000160217285,4.053999900817871,4.059000015258789,4.059000015258789,4.064000129699707,nan,nan,nan,nan,nan,nan
253.09925770759583,-0.4000000059604645,4.0269999504089355,4.057000160217285,4.053999900817871,4.059000015258789,4.059999942779541,4.064000129699707,nan,nan,nan,nan,nan,nan
253.25877141952515,-0.38999998569488525,4.0269999504089355,4.058000087738037,4.054999828338623,4.059000015258789,4.059999942779541,4.064000129699707,nan,nan,nan,nan,nan,nan
253.43922472000122,-0.4000000059604645,4.0269999504089355,4.057000160217285,4.053999900817871,4.059000015258789,4.059999942779541,4.064000129699707,nan,nan,nan,nan,nan,nan
253.59856176376343,-0.4000000059604645,4.0279998779296875,4.058000087738037,4.054999828338623,4.059000015258789,4.059999942779541,4.064000129699707,nan,nan,nan,nan,nan,nan
253.77924013137817,-0.4000000059604645,4.0279998779296875,4.058000087738037,4.053999900817871,4.059000015258789,4.059000015258789,4.064000129699707,nan,nan,nan,nan,nan,nan
253.95934438705444,-0.4099999964237213,4.0269999504089355,4.058000087738037,4.053999900817871,4.059000015258789,4.059999942779541,4.064000129699707,nan,nan,nan,nan,nan,nan
254.12194728851318,-0.4000000059604645,4.0269999504089355,4.058000087738037,4.053999900817871,4.059000015258789,4.059000015258789,4.064000129699707,nan,nan,nan,nan,nan,nan
254.2990665435791,-0.4099999964237213,4.0279998779296875,4.058000087738037,4.053999900817871,4.059000015258789,4.059999942779541,4.064000129699707,nan,nan,nan,nan,nan,nan
254.4792125225067,-0.4000000059604645,4.0269999504089355,4.058000087738037,4.053999900817871,4.059000015258789,4.059999942779541,4.064000129699707,nan,nan,nan,nan,nan,nan
254.6394248008728,-0.4000000059604645,4.0279998779296875,4.058000087738037,4.053999900817871,4.059000015258789,4.059999942779541,4.064000129699707,nan,nan,nan,nan,nan,nan
254.8207392692566,-0.4099999964237213,4.0269999504089355,4.057000160217285,4.053999900817871,4.059000015258789,4.059999942779541,4.064000129699707,nan,nan,nan,nan,nan,nan
254.97859716415405,-0.4099999964237213,4.0269999504089355,4.057000160217285,4.053999900817871,4.059000015258789,4.059999942779541,4.064000129699707,nan,nan,nan,nan,nan,nan
255.16040539741516,-0.38999998569488525,4.0269999504089355,4.057000160217285,4.054999828338623,4.059000015258789,4.059999942779541,4.064000129699707,nan,nan,nan,nan,nan,nan
255.33891344070435,-0.41999998688697815,4.0279998779296875,4.057000160217285,4.053999900817871,4.059000015258789,4.059999942779541,4.064000129699707,nan,nan,nan,nan,nan,nan
255.49866771697998,-0.4000000059604645,4.0279998779296875,4.058000087738037,4.053999900817871,4.059000015258789,4.059000015258789,4.064000129699707,nan,nan,nan,nan,nan,nan
255.67906069755554,-0.4000000059604645,4.0279998779296875,4.058000087738037,4.053999900817871,4.059000015258789,4.059999942779541,4.064000129699707,nan,nan,nan,nan,nan,nan
255.839768409729,-0.4000000059604645,4.0269999504089355,4.058000087738037,4.053999900817871,4.059000015258789,4.059999942779541,4.064000129699707,nan,nan,nan,nan,nan,nan
256.02004861831665,-0.4000000059604645,4.0269999504089355,4.057000160217285,4.053999900817871,4.059000015258789,4.059999942779541,4.064000129699707,nan,nan,nan,nan,nan,nan
256.19874572753906,-0.4000000059604645,4.0269999504089355,4.057000160217285,4.053999900817871,4.059000015258789,4.059999942779541,4.064000129699707,nan,nan,nan,nan,nan,nan
256.3600616455078,-0.4000000059604645,4.0269999504089355,4.057000160217285,4.053999900817871,4.059000015258789,4.059999942779541,4.064000129699707,nan,nan,nan,nan,nan,nan
256.5387120246887,-0.4099999964237213,4.0269999504089355,4.057000160217285,4.053999900817871,4.059000015258789,4.059999942779541,4.064000129699707,nan,nan,nan,nan,nan,nan
256.719158411026,-0.4099999964237213,4.0269999504089355,4.057000160217285,4.053999900817871,4.059000015258789,4.059999942779541,4.064000129699707,nan,nan,nan,nan,nan,nan
256.88010120391846,-0.4099999964237213,4.0269999504089355,4.057000160217285,4.053999900817871,4.059000015258789,4.059000015258789,4.064000129699707,nan,nan,nan,nan,nan,nan
257.0600950717926,-0.4000000059604645,4.0279998779296875,4.057000160217285,4.053999900817871,4.059000015258789,4.059999942779541,4.064000129699707,nan,nan,nan,nan,nan,nan
257.2206275463104,-0.4099999964237213,4.0269999504089355,4.058000087738037,4.053999900817871,4.059000015258789,4.059999942779541,4.064000129699707,nan,nan,nan,nan,nan,nan
257.3993763923645,-0.4099999964237213,4.0269999504089355,4.057000160217285,4.053999900817871,4.059000015258789,4.059999942779541,4.064000129699707,nan,nan,nan,nan,nan,nan
257.579708814621,-0.4000000059604645,4.0269999504089355,4.057000160217285,4.053999900817871,4.059000015258789,4.059000015258789,4.064000129699707,nan,nan,nan,nan,nan,nan
257.73916244506836,-0.4000000059604645,4.0269999504089355,4.057000160217285,4.053999900817871,4.059000015258789,4.059000015258789,4.064000129699707,nan,nan,nan,nan,nan,nan
257.9196572303772,-0.4000000059604645,4.0279998779296875,4.058000087738037,4.053999900817871,4.059000015258789,4.059999942779541,4.064000129699707,nan,nan,nan,nan,nan,nan
258.0787227153778,-0.4000000059604645,4.0269999504089355,4.057000160217285,4.053999900817871,4.059000015258789,4.059000015258789,4.064000129699707,nan,nan,nan,nan,nan,nan
258.2592132091522,-0.4000000059604645,4.0269999504089355,4.057000160217285,4.053999900817871,4.059000015258789,4.059999942779541,4.064000129699707,nan,nan,nan,nan,nan,nan
258.43951654434204,-0.4000000059604645,4.0269999504089355,4.057000160217285,4.053999900817871,4.059000015258789,4.059000015258789,4.064000129699707,nan,nan,nan,nan,nan,nan
258.5986807346344,-0.4000000059604645,4.0269999504089355,4.057000160217285,4.053999900817871,4.059000015258789,4.059000015258789,4.064000129699707,nan,nan,nan,nan,nan,nan
258.77909898757935,-0.4000000059604645,4.0269999504089355,4.057000160217285,4.053999900817871,4.059000015258789,4.059999942779541,4.063000202178955,nan,nan,nan,nan,nan,nan
258.94007182121277,-0.4000000059604645,4.0269999504089355,4.057000160217285,4.053999900817871,4.059000015258789,4.059000015258789,4.064000129699707,nan,nan,nan,nan,nan,nan
259.11883521080017,-0.4099999964237213,4.0279998779296875,4.057000160217285,4.053999900817871,4.059000015258789,4.059999942779541,4.064000129699707,nan,nan,nan,nan,nan,nan
259.29914593696594,-0.4000000059604645,4.0269999504089355,4.057000160217285,4.053999900817871,4.059000015258789,4.059000015258789,4.064000129699707,nan,nan,nan,nan,nan,nan
259.46019864082336,-0.41999998688697815,4.0269999504089355,4.057000160217285,4.053999900817871,4.059000015258789,4.059999942779541,4.063000202178955,nan,nan,nan,nan,nan,nan
259.6392514705658,-0.41999998688697815,4.0269999504089355,4.057000160217285,4.053999900817871,4.059000015258789,4.059999942779541,4.064000129699707,nan,nan,nan,nan,nan,nan
259.8194148540497,-0.4000000059604645,4.0269999504089355,4.057000160217285,4.053999900817871,4.059000015258789,4.059999942779541,4.063000202178955,nan,nan,nan,nan,nan,nan
259.97866320610046,-0.4000000059604645,4.0269999504089355,4.057000160217285,4.053999900817871,4.059000015258789,4.059999942779541,4.064000129699707,nan,nan,nan,nan,nan,nan
260.15926027297974,-0.4000000059604645,4.0269999504089355,4.057000160217285,4.053999900817871,4.059000015258789,4.059999942779541,4.064000129699707,nan,nan,nan,nan,nan,nan
260.3202564716339,-0.4099999964237213,4.0269999504089355,4.057000160217285,4.053999900817871,4.059000015258789,4.059000015258789,4.063000202178955,nan,nan,nan,nan,nan,nan
260.49889731407166,-0.4000000059604645,4.0269999504089355,4.058000087738037,4.053999900817871,4.059000015258789,4.059000015258789,4.064000129699707,nan,nan,nan,nan,nan,nan
260.6791832447052,-0.3799999952316284,4.0269999504089355,4.057000160217285,4.053999900817871,4.059000015258789,4.059999942779541,4.064000129699707,nan,nan,nan,nan,nan,nan
260.83867263793945,-0.4000000059604645,4.0269999504089355,4.058000087738037,4.053999900817871,4.059000015258789,4.059000015258789,4.064000129699707,nan,nan,nan,nan,nan,nan
261.0190703868866,-0.4000000059604645,4.0269999504089355,4.058000087738037,4.053999900817871,4.059000015258789,4.059000015258789,4.064000129699707,nan,nan,nan,nan,nan,nan
261.1800708770752,-0.4000000059604645,4.0269999504089355,4.057000160217285,4.053999900817871,4.059000015258789,4.059999942779541,4.064000129699707,nan,nan,nan,nan,nan,nan
261.36036920547485,-0.4099999964237213,4.0269999504089355,4.057000160217285,4.053999900817871,4.059000015258789,4.059999942779541,4.063000202178955,nan,nan,nan,nan,nan,nan
261.53953528404236,-0.4000000059604645,4.0269999504089355,4.057000160217285,4.053999900817871,4.059000015258789,4.059999942779541,4.064000129699707,nan,nan,nan,nan,nan,nan
261.700070142746,-0.4099999964237213,4.0269999504089355,4.057000160217285,4.053999900817871,4.059000015258789,4.059000015258789,4.063000202178955,nan,nan,nan,nan,nan,nan
261.87882804870605,-0.4000000059604645,4.0269999504089355,4.057000160217285,4.053999900817871,4.059000015258789,4.059000015258789,4.063000202178955,nan,nan,nan,nan,nan,nan
262.0592956542969,-0.4000000059604645,4.0269999504089355,4.057000160217285,4.053999900817871,4.059000015258789,4.059000015258789,4.064000129699707,nan,nan,nan,nan,nan,nan
262.219007730484,-0.4099999964237213,4.0269999504089355,4.057000160217285,4.053999900817871,4.059000015258789,4.059000015258789,4.064000129699707,nan,nan,nan,nan,nan,nan
262.3992495536804,-0.4000000059604645,4.0269999504089355,4.057000160217285,4.053999900817871,4.059000015258789,4.059999942779541,4.063000202178955,nan,nan,nan,nan,nan,nan
262.5588195323944,-0.4000000059604645,4.0269999504089355,4.057000160217285,4.053999900817871,4.059000015258789,4.059999942779541,4.064000129699707,nan,nan,nan,nan,nan,nan
262.7392477989197,-0.38999998569488525,4.0269999504089355,4.057000160217285,4.053999900817871,4.059000015258789,4.059000015258789,4.063000202178955,nan,nan,nan,nan,nan,nan
262.9194040298462,-0.4000000059604645,4.0269999504089355,4.057000160217285,4.053999900817871,4.059000015258789,4.059000015258789,4.064000129699707,nan,nan,nan,nan,nan,nan
263.0789189338684,-0.4000000059604645,4.0269999504089355,4.057000160217285,4.053999900817871,4.059000015258789,4.059000015258789,4.064000129699707,nan,nan,nan,nan,nan,nan
263.2591509819031,-0.4000000059604645,4.0269999504089355,4.057000160217285,4.053999900817871,4.059000015258789,4.059000015258789,4.064000129699707,nan,nan,nan,nan,nan,nan
263.4189326763153,-0.4000000059604645,4.0269999504089355,4.057000160217285,4.053999900817871,4.059000015258789,4.059999942779541,4.064000129699707,nan,nan,nan,nan,nan,nan
263.59934544563293,-0.4099999964237213,4.0269999504089355,4.057000160217285,4.053999900817871,4.059000015258789,4.059000015258789,4.063000202178955,nan,nan,nan,nan,nan,nan
263.77955198287964,-0.4000000059604645,4.0269999504089355,4.057000160217285,4.053999900817871,4.059000015258789,4.059000015258789,4.063000202178955,nan,nan,nan,nan,nan,nan
263.93921303749084,-0.4000000059604645,4.0269999504089355,4.057000160217285,4.053999900817871,4.059000015258789,4.059000015258789,4.063000202178955,nan,nan,nan,nan,nan,nan
264.1193425655365,-0.4000000059604645,4.0269999504089355,4.057000160217285,4.053999900817871,4.059000015258789,4.059000015258789,4.063000202178955,nan,nan,nan,nan,nan,nan
264.30109906196594,-0.4000000059604645,4.0269999504089355,4.057000160217285,4.053999900817871,4.059000015258789,4.059000015258789,4.063000202178955,nan,nan,nan,nan,nan,nan
264.4605448246002,-0.4000000059604645,4.0269999504089355,4.057000160217285,4.053999900817871,4.059000015258789,4.059000015258789,4.064000129699707,nan,nan,nan,nan,nan,nan
264.63940954208374,-0.4000000059604645,4.0269999504089355,4.057000160217285,4.053999900817871,4.059000015258789,4.059000015258789,4.064000129699707,nan,nan,nan,nan,nan,nan
264.7990584373474,-0.4099999964237213,4.0269999504089355,4.057000160217285,4.053999900817871,4.059000015258789,4.059000015258789,4.064000129699707,nan,nan,nan,nan,nan,nan
264.9794442653656,-0.4099999964237213,4.0269999504089355,4.057000160217285,4.053999900817871,4.059000015258789,4.059000015258789,4.064000129699707,nan,nan,nan,nan,nan,nan
265.159206867218,-0.4000000059604645,4.0269999504089355,4.057000160217285,4.053999900817871,4.059000015258789,4.059000015258789,4.063000202178955,nan,nan,nan,nan,nan,nan
265.3189375400543,-0.4099999964237213,4.0269999504089355,4.057000160217285,4.053999900817871,4.059000015258789,4.059000015258789,4.063000202178955,nan,nan,nan,nan,nan,nan
265.49956464767456,-0.3799999952316284,4.0269999504089355,4.057000160217285,4.053999900817871,4.059000015258789,4.059000015258789,4.064000129699707,nan,nan,nan,nan,nan,nan
265.6592752933502,-0.4000000059604645,4.0269999504089355,4.057000160217285,4.053999900817871,4.059000015258789,4.059000015258789,4.063000202178955,nan,nan,nan,nan,nan,nan
265.83948516845703,-0.4099999964237213,4.0269999504089355,4.057000160217285,4.053999900817871,4.059000015258789,4.059000015258789,4.064000129699707,nan,nan,nan,nan,nan,nan
266.019736289978,-0.4000000059604645,4.0269999504089355,4.057000160217285,4.053999900817871,4.059000015258789,4.059000015258789,4.063000202178955,nan,nan,nan,nan,nan,nan
266.18087887763977,-0.4099999964237213,4.0269999504089355,4.057000160217285,4.053999900817871,4.059000015258789,4.059000015258789,4.064000129699707,nan,nan,nan,nan,nan,nan
266.3598289489746,-0.41999998688697815,4.0269999504089355,4.057000160217285,4.053999900817871,4.059000015258789,4.059000015258789,4.064000129699707,nan,nan,nan,nan,nan,nan
266.5400433540344,-0.4000000059604645,4.0269999504089355,4.057000160217285,4.053999900817871,4.059000015258789,4.059000015258789,4.063000202178955,nan,nan,nan,nan,nan,nan
266.7000324726105,-0.38999998569488525,4.0269999504089355,4.057000160217285,4.053999900817871,4.059000015258789,4.059000015258789,4.063000202178955,nan,nan,nan,nan,nan,nan
266.88003301620483,-0.4000000059604645,4.0269999504089355,4.057000160217285,4.053999900817871,4.059000015258789,4.059000015258789,4.063000202178955,nan,nan,nan,nan,nan,nan
267.0396511554718,-0.4000000059604645,4.0269999504089355,4.057000160217285,4.053999900817871,4.059000015258789,4.059000015258789,4.064000129699707,nan,nan,nan,nan,nan,nan
267.2198750972748,-0.38999998569488525,4.0269999504089355,4.057000160217285,4.053999900817871,4.059000015258789,4.059000015258789,4.063000202178955,nan,nan,nan,nan,nan,nan
267.3986120223999,-0.38999998569488525,4.0269999504089355,4.057000160217285,4.053999900817871,4.059000015258789,4.059000015258789,4.064000129699707,nan,nan,nan,nan,nan,nan
267.56001496315,-0.4300000071525574,4.0269999504089355,4.057000160217285,4.053999900817871,4.059000015258789,4.059000015258789,4.064000129699707,nan,nan,nan,nan,nan,nan
267.7399117946625,-0.4099999964237213,4.0269999504089355,4.057000160217285,4.053999900817871,4.059000015258789,4.059000015258789,4.064000129699707,nan,nan,nan,nan,nan,nan
267.9188942909241,-0.4099999964237213,4.0269999504089355,4.057000160217285,4.053999900817871,4.059000015258789,4.059000015258789,4.063000202178955,nan,nan,nan,nan,nan,nan
268.07829761505127,-0.38999998569488525,4.0269999504089355,4.057000160217285,4.053999900817871,4.059000015258789,4.059000015258789,4.063000202178955,nan,nan,nan,nan,nan,nan
268.26057171821594,-0.4000000059604645,4.0269999504089355,4.057000160217285,4.053999900817871,4.059000015258789,4.059000015258789,4.063000202178955,nan,nan,nan,nan,nan,nan
268.4202699661255,-0.4000000059604645,4.0269999504089355,4.057000160217285,4.053999900817871,4.059000015258789,4.059000015258789,4.063000202178955,nan,nan,nan,nan,nan,nan
268.59897470474243,-0.4099999964237213,4.0269999504089355,4.057000160217285,4.053999900817871,4.059000015258789,4.059000015258789,4.063000202178955,nan,nan,nan,nan,nan,nan
268.77894473075867,-0.38999998569488525,4.0269999504089355,4.057000160217285,4.053999900817871,4.059000015258789,4.059000015258789,4.063000202178955,nan,nan,nan,nan,nan,nan
268.94009494781494,-0.38999998569488525,4.0269999504089355,4.057000160217285,4.053999900817871,4.059000015258789,4.059000015258789,4.063000202178955,nan,nan,nan,nan,nan,nan
269.11987113952637,-0.4000000059604645,4.0269999504089355,4.057000160217285,4.053999900817871,4.059000015258789,4.059000015258789,4.063000202178955,nan,nan,nan,nan,nan,nan
269.2793354988098,-0.4000000059604645,4.0269999504089355,4.057000160217285,4.053999900817871,4.059000015258789,4.059000015258789,4.064000129699707,nan,nan,nan,nan,nan,nan
269.4595663547516,-0.4000000059604645,4.0269999504089355,4.057000160217285,4.053999900817871,4.059000015258789,4.059000015258789,4.063000202178955,nan,nan,nan,nan,nan,nan
269.639986038208,-0.4099999964237213,4.0269999504089355,4.057000160217285,4.053999900817871,4.059000015258789,4.059000015258789,4.064000129699707,nan,nan,nan,nan,nan,nan
269.79968762397766,-0.4000000059604645,4.0269999504089355,4.057000160217285,4.053999900817871,4.059000015258789,4.059000015258789,4.063000202178955,nan,nan,nan,nan,nan,nan
269.97983479499817,-0.4099999964237213,4.0269999504089355,4.057000160217285,4.053999900817871,4.059000015258789,4.059000015258789,4.063000202178955,nan,nan,nan,nan,nan,nan
270.1409237384796,-0.4099999964237213,4.0269999504089355,4.057000160217285,4.053999900817871,4.059000015258789,4.059000015258789,4.063000202178955,nan,nan,nan,nan,nan,nan
270.3198518753052,-0.4000000059604645,4.0269999504089355,4.057000160217285,4.053999900817871,4.059000015258789,4.059000015258789,4.063000202178955,nan,nan,nan,nan,nan,nan
270.50049448013306,-0.38999998569488525,4.0269999504089355,4.057000160217285,4.053999900817871,4.059000015258789,4.059000015258789,4.063000202178955,nan,nan,nan,nan,nan,nan
270.65982580184937,-0.4000000059604645,4.0269999504089355,4.057000160217285,4.053999900817871,4.059000015258789,4.059000015258789,4.064000129699707,nan,nan,nan,nan,nan,nan
270.84011006355286,-0.4000000059604645,4.0269999504089355,4.057000160217285,4.053999900817871,4.059000015258789,4.059000015258789,4.063000202178955,nan,nan,nan,nan,nan,nan
271.0191230773926,-0.4000000059604645,4.0269999504089355,4.057000160217285,4.053999900817871,4.059000015258789,4.059000015258789,4.064000129699707,nan,nan,nan,nan,nan,nan
271.1801166534424,-0.4000000059604645,4.0269999504089355,4.057000160217285,4.053999900817871,4.059000015258789,4.059000015258789,4.063000202178955,nan,nan,nan,nan,nan,nan
271.3589723110199,-0.4099999964237213,4.0269999504089355,4.057000160217285,4.053999900817871,4.059000015258789,4.059000015258789,4.063000202178955,nan,nan,nan,nan,nan,nan
271.5199282169342,-0.4099999964237213,4.0269999504089355,4.057000160217285,4.053999900817871,4.059000015258789,4.059000015258789,4.064000129699707,nan,nan,nan,nan,nan,nan
271.6987316608429,-0.4000000059604645,4.0269999504089355,4.057000160217285,4.053999900817871,4.058000087738037,4.059000015258789,4.063000202178955,nan,nan,nan,nan,nan,nan
271.8792128562927,-0.38999998569488525,4.0269999504089355,4.057000160217285,4.053999900817871,4.059000015258789,4.059000015258789,4.063000202178955,nan,nan,nan,nan,nan,nan
272.04000306129456,-0.4099999964237213,4.0269999504089355,4.057000160217285,4.053999900817871,4.059000015258789,4.059000015258789,4.063000202178955,nan,nan,nan,nan,nan,nan
272.2202801704407,-0.4099999964237213,4.0269999504089355,4.057000160217285,4.053999900817871,4.059000015258789,4.059000015258789,4.064000129699707,nan,nan,nan,nan,nan,nan
272.39896512031555,-0.4000000059604645,4.0269999504089355,4.057000160217285,4.053999900817871,4.059000015258789,4.059000015258789,4.063000202178955,nan,nan,nan,nan,nan,nan
272.56016874313354,-0.4000000059604645,4.0269999504089355,4.057000160217285,4.053999900817871,4.058000087738037,4.059000015258789,4.063000202178955,nan,nan,nan,nan,nan,nan
272.73901104927063,-0.38999998569488525,4.0269999504089355,4.057000160217285,4.052999973297119,4.059000015258789,4.059000015258789,4.063000202178955,nan,nan,nan,nan,nan,nan
272.8987572193146,-0.4000000059604645,4.0269999504089355,4.057000160217285,4.053999900817871,4.059000015258789,4.059000015258789,4.063000202178955,nan,nan,nan,nan,nan,nan
273.07903718948364,-0.38999998569488525,4.0269999504089355,4.057000160217285,4.053999900817871,4.059000015258789,4.059000015258789,4.064000129699707,nan,nan,nan,nan,nan,nan
273.25961208343506,-0.4099999964237213,4.0269999504089355,4.057000160217285,4.053999900817871,4.059000015258789,4.059000015258789,4.063000202178955,nan,nan,nan,nan,nan,nan
273.41898107528687,-0.4000000059604645,4.0269999504089355,4.057000160217285,4.053999900817871,4.059000015258789,4.059000015258789,4.063000202178955,nan,nan,nan,nan,nan,nan
273.59910702705383,-0.4099999964237213,4.0269999504089355,4.057000160217285,4.053999900817871,4.058000087738037,4.059000015258789,4.063000202178955,nan,nan,nan,nan,nan,nan
273.7603802680969,-0.4099999964237213,4.0269999504089355,4.057000160217285,4.053999900817871,4.059000015258789,4.059000015258789,4.063000202178955,nan,nan,nan,nan,nan,nan
273.94048857688904,-0.4000000059604645,4.0269999504089355,4.057000160217285,4.053999900817871,4.059000015258789,4.059000015258789,4.063000202178955,nan,nan,nan,nan,nan,nan
274.1208276748657,-0.4000000059604645,4.0269999504089355,4.057000160217285,4.053999900817871,4.059000015258789,4.059000015258789,4.063000202178955,nan,nan,nan,nan,nan,nan
274.2790174484253,-0.4000000059604645,4.0269999504089355,4.057000160217285,4.053999900817871,4.058000087738037,4.059000015258789,4.063000202178955,nan,nan,nan,nan,nan,nan
274.459406375885,-0.38999998569488525,4.0269999504089355,4.057000160217285,4.053999900817871,4.059000015258789,4.059000015258789,4.063000202178955,nan,nan,nan,nan,nan,nan
274.6395583152771,-0.38999998569488525,4.0269999504089355,4.057000160217285,4.053999900817871,4.059000015258789,4.059000015258789,4.064000129699707,nan,nan,nan,nan,nan,nan
274.7996172904968,-0.4000000059604645,4.0269999504089355,4.057000160217285,4.053999900817871,4.059000015258789,4.059000015258789,4.063000202178955,nan,nan,nan,nan,nan,nan
274.97925901412964,-0.4000000059604645,4.0269999504089355,4.057000160217285,4.053999900817871,4.059000015258789,4.059000015258789,4.063000202178955,nan,nan,nan,nan,nan,nan
275.1404275894165,-0.4099999964237213,4.0269999504089355,4.057000160217285,4.053999900817871,4.059000015258789,4.059000015258789,4.064000129699707,nan,nan,nan,nan,nan,nan
275.321923494339,-0.4099999964237213,4.0269999504089355,4.057000160217285,4.053999900817871,4.059000015258789,4.059000015258789,4.064000129699707,nan,nan,nan,nan,nan,nan
275.49948835372925,-0.4000000059604645,4.0269999504089355,4.057000160217285,4.053999900817871,4.058000087738037,4.059000015258789,4.063000202178955,nan,nan,nan,nan,nan,nan
275.660117149353,-0.4000000059604645,4.0269999504089355,4.057000160217285,4.053999900817871,4.059000015258789,4.059000015258789,4.064000129699707,nan,nan,nan,nan,nan,nan
275.8389184474945,-0.4099999964237213,4.0269999504089355,4.057000160217285,4.053999900817871,4.059000015258789,4.059000015258789,4.063000202178955,nan,nan,nan,nan,nan,nan
275.9999623298645,-0.4000000059604645,4.0269999504089355,4.057000160217285,4.053999900817871,4.058000087738037,4.059000015258789,4.063000202178955,nan,nan,nan,nan,nan,nan
276.18038988113403,-0.4000000059604645,4.0269999504089355,4.057000160217285,4.053999900817871,4.059000015258789,4.059000015258789,4.063000202178955,nan,nan,nan,nan,nan,nan
276.3594300746918,-0.4000000059604645,4.0269999504089355,4.057000160217285,4.053999900817871,4.059000015258789,4.059000015258789,4.063000202178955,nan,nan,nan,nan,nan,nan
276.51988911628723,-0.3799999952316284,4.0269999504089355,4.057000160217285,4.053999900817871,4.059000015258789,4.059000015258789,4.063000202178955,nan,nan,nan,nan,nan,nan
276.7001533508301,-0.4099999964237213,4.0269999504089355,4.057000160217285,4.053999900817871,4.059000015258789,4.059000015258789,4.064000129699707,nan,nan,nan,nan,nan,nan
276.8804693222046,-0.4000000059604645,4.0269999504089355,4.057000160217285,4.053999900817871,4.059000015258789,4.059000015258789,4.063000202178955,nan,nan,nan,nan,nan,nan
277.0396177768707,-0.4000000059604645,4.0269999504089355,4.057000160217285,4.053999900817871,4.059000015258789,4.059000015258789,4.063000202178955,nan,nan,nan,nan,nan,nan
277.2203333377838,-0.4000000059604645,4.0269999504089355,4.057000160217285,4.053999900817871,4.059000015258789,4.059000015258789,4.063000202178955,nan,nan,nan,nan,nan,nan
277.381117105484,-0.38999998569488525,4.0269999504089355,4.057000160217285,4.053999900817871,4.059000015258789,4.059000015258789,4.063000202178955,nan,nan,nan,nan,nan,nan
277.5601873397827,-0.4000000059604645,4.0269999504089355,4.057000160217285,4.053999900817871,4.059000015258789,4.059000015258789,4.063000202178955,nan,nan,nan,nan,nan,nan
277.74038338661194,-0.4000000059604645,4.0269999504089355,4.057000160217285,4.053999900817871,4.058000087738037,4.059000015258789,4.063000202178955,nan,nan,nan,nan,nan,nan
277.89991760253906,-0.4000000059604645,4.0269999504089355,4.057000160217285,4.053999900817871,4.059000015258789,4.059000015258789,4.063000202178955,nan,nan,nan,nan,nan,nan
278.0799090862274,-0.4099999964237213,4.0269999504089355,4.057000160217285,4.053999900817871,4.058000087738037,4.059000015258789,4.063000202178955,nan,nan,nan,nan,nan,nan
278.239394903183,-0.4000000059604645,4.0269999504089355,4.057000160217285,4.053999900817871,4.058000087738037,4.059000015258789,4.064000129699707,nan,nan,nan,nan,nan,nan
278.42001843452454,-0.4000000059604645,4.0269999504089355,4.057000160217285,4.053999900817871,4.059000015258789,4.059000015258789,4.063000202178955,nan,nan,nan,nan,nan,nan
278.6001193523407,-0.41999998688697815,4.026000022888184,4.057000160217285,4.053999900817871,4.059000015258789,4.059000015258789,4.063000202178955,nan,nan,nan,nan,nan,nan
278.7594292163849,-0.38999998569488525,4.0269999504089355,4.057000160217285,4.053999900817871,4.058000087738037,4.059000015258789,4.063000202178955,nan,nan,nan,nan,nan,nan
278.93976640701294,-0.38999998569488525,4.0269999504089355,4.057000160217285,4.053999900817871,4.059000015258789,4.059000015258789,4.063000202178955,nan,nan,nan,nan,nan,nan
279.09895491600037,-0.4099999964237213,4.0269999504089355,4.057000160217285,4.053999900817871,4.059000015258789,4.059000015258789,4.063000202178955,nan,nan,nan,nan,nan,nan
279.2793788909912,-0.4000000059604645,4.026000022888184,4.057000160217285,4.053999900817871,4.059000015258789,4.059000015258789,4.063000202178955,nan,nan,nan,nan,nan,nan
279.4609422683716,-0.38999998569488525,4.0269999504089355,4.057000160217285,4.053999900817871,4.059000015258789,4.059000015258789,4.063000202178955,nan,nan,nan,nan,nan,nan
279.620974779129,-0.4300000071525574,4.0269999504089355,4.057000160217285,4.053999900817871,4.058000087738037,4.059000015258789,4.063000202178955,nan,nan,nan,nan,nan,nan
279.80049300193787,-0.7300000190734863,4.02400016784668,4.053999900817871,4.050000190734863,4.056000232696533,4.056000232696533,4.059000015258789,nan,nan,nan,nan,nan,nan
279.97967886924744,-0.699999988079071,4.026000022888184,4.056000232696533,4.052999973297119,4.058000087738037,4.058000087738037,4.061999797821045,nan,nan,nan,nan,nan,nan
280.1391615867615,-0.7799999713897705,4.026000022888184,4.056000232696533,4.052000045776367,4.057000160217285,4.058000087738037,4.061999797821045,nan,nan,nan,nan,nan,nan
280.3192024230957,-0.5799999833106995,4.026000022888184,4.056000232696533,4.052999973297119,4.058000087738037,4.058000087738037,4.063000202178955,nan,nan,nan,nan,nan,nan
280.48009991645813,-0.6499999761581421,4.026000022888184,4.056000232696533,4.052999973297119,4.058000087738037,4.058000087738037,4.061999797821045,nan,nan,nan,nan,nan,nan
280.6591510772705,-0.6399999856948853,4.026000022888184,4.056000232696533,4.052999973297119,4.058000087738037,4.058000087738037,4.063000202178955,nan,nan,nan,nan,nan,nan
280.8391556739807,-0.5899999737739563,4.026000022888184,4.056000232696533,4.052999973297119,4.058000087738037,4.058000087738037,4.061999797821045,nan,nan,nan,nan,nan,nan
281.00024485588074,-0.6299999952316284,4.026000022888184,4.056000232696533,4.052999973297119,4.057000160217285,4.058000087738037,4.061999797821045,nan,nan,nan,nan,nan,nan
281.17917799949646,-0.5799999833106995,4.026000022888184,4.056000232696533,4.052999973297119,4.057000160217285,4.058000087738037,4.061999797821045,nan,nan,nan,nan,nan,nan
281.3403606414795,-0.6800000071525574,4.026000022888184,4.056000232696533,4.052000045776367,4.058000087738037,4.058000087738037,4.061999797821045,nan,nan,nan,nan,nan,nan
281.5192151069641,-0.7300000190734863,4.026000022888184,4.056000232696533,4.052999973297119,4.057000160217285,4.058000087738037,4.061999797821045,nan,nan,nan,nan,nan,nan
281.6998052597046,-0.6499999761581421,4.026000022888184,4.056000232696533,4.052999973297119,4.058000087738037,4.058000087738037,4.061999797821045,nan,nan,nan,nan,nan,nan
281.860479593277,-0.6200000047683716,4.026000022888184,4.056000232696533,4.052000045776367,4.057000160217285,4.058000087738037,4.061999797821045,nan,nan,nan,nan,nan,nan
282.0394048690796,-0.5699999928474426,4.025000095367432,4.056000232696533,4.052999973297119,4.057000160217285,4.058000087738037,4.061999797821045,nan,nan,nan,nan,nan,nan
282.22137117385864,-0.6100000143051147,4.026000022888184,4.056000232696533,4.052999973297119,4.057000160217285,4.058000087738037,4.061999797821045,nan,nan,nan,nan,nan,nan
282.37902879714966,-0.5799999833106995,4.026000022888184,4.056000232696533,4.052999973297119,4.057000160217285,4.058000087738037,4.061999797821045,nan,nan,nan,nan,nan,nan
282.5593008995056,-0.7300000190734863,4.026000022888184,4.056000232696533,4.052999973297119,4.057000160217285,4.058000087738037,4.061999797821045,nan,nan,nan,nan,nan,nan
282.7192554473877,-0.6700000166893005,4.026000022888184,4.056000232696533,4.052999973297119,4.057000160217285,4.058000087738037,4.061999797821045,nan,nan,nan,nan,nan,nan
282.9007422924042,-0.699999988079071,4.026000022888184,4.056000232696533,4.052000045776367,4.057000160217285,4.058000087738037,4.061999797821045,nan,nan,nan,nan,nan,nan
283.07982420921326,-0.5799999833106995,4.026000022888184,4.056000232696533,4.052000045776367,4.058000087738037,4.058000087738037,4.061999797821045,nan,nan,nan,nan,nan,nan
283.2407145500183,-0.6000000238418579,4.026000022888184,4.056000232696533,4.052999973297119,4.057000160217285,4.058000087738037,4.061999797821045,nan,nan,nan,nan,nan,nan
283.41934514045715,-0.6000000238418579,4.026000022888184,4.056000232696533,4.052999973297119,4.057000160217285,4.058000087738037,4.061999797821045,nan,nan,nan,nan,nan,nan
283.579895734787,-0.6800000071525574,4.025000095367432,4.056000232696533,4.052999973297119,4.057000160217285,4.058000087738037,4.061999797821045,nan,nan,nan,nan,nan,nan
283.76037859916687,-0.5699999928474426,4.025000095367432,4.056000232696533,4.052000045776367,4.057000160217285,4.057000160217285,4.061999797821045,nan,nan,nan,nan,nan,nan
283.9403579235077,-0.6100000143051147,4.026000022888184,4.056000232696533,4.052000045776367,4.057000160217285,4.058000087738037,4.061999797821045,nan,nan,nan,nan,nan,nan
284.09999537467957,-0.699999988079071,4.025000095367432,4.056000232696533,4.052000045776367,4.057000160217285,4.058000087738037,4.061999797821045,nan,nan,nan,nan,nan,nan
284.2799036502838,-0.7400000095367432,4.026000022888184,4.056000232696533,4.052000045776367,4.057000160217285,4.058000087738037,4.061999797821045,nan,nan,nan,nan,nan,nan
284.4409441947937,-0.5600000023841858,4.025000095367432,4.056000232696533,4.052000045776367,4.057000160217285,4.058000087738037,4.061999797821045,nan,nan,nan,nan,nan,nan
284.6199951171875,-0.7099999785423279,4.025000095367432,4.056000232696533,4.052000045776367,4.057000160217285,4.058000087738037,4.061999797821045,nan,nan,nan,nan,nan,nan
284.8004517555237,-0.6000000238418579,4.025000095367432,4.056000232696533,4.052000045776367,4.057000160217285,4.058000087738037,4.061999797821045,nan,nan,nan,nan,nan,nan
284.959862947464,-0.6100000143051147,4.025000095367432,4.056000232696533,4.052000045776367,4.057000160217285,4.058000087738037,4.061999797821045,nan,nan,nan,nan,nan,nan
285.13951539993286,-0.7300000190734863,4.025000095367432,4.056000232696533,4.052000045776367,4.057000160217285,4.058000087738037,4.061999797821045,nan,nan,nan,nan,nan,nan
285.3197419643402,-0.5699999928474426,4.025000095367432,4.056000232696533,4.052000045776367,4.057000160217285,4.057000160217285,4.061999797821045,nan,nan,nan,nan,nan,nan
285.4809670448303,-0.6100000143051147,4.025000095367432,4.054999828338623,4.052000045776367,4.057000160217285,4.057000160217285,4.061999797821045,nan,nan,nan,nan,nan,nan
285.65974164009094,-0.4000000059604645,4.025000095367432,4.056000232696533,4.052999973297119,4.058000087738037,4.058000087738037,4.061999797821045,nan,nan,nan,nan,nan,nan
285.8207733631134,-0.4000000059604645,4.026000022888184,4.056000232696533,4.052999973297119,4.058000087738037,4.058000087738037,4.063000202178955,nan,nan,nan,nan,nan,nan
285.99906301498413,-0.4000000059604645,4.026000022888184,4.056000232696533,4.052999973297119,4.058000087738037,4.058000087738037,4.063000202178955,nan,nan,nan,nan,nan,nan
286.1795530319214,-0.38999998569488525,4.026000022888184,4.056000232696533,4.052999973297119,4.058000087738037,4.058000087738037,4.063000202178955,nan,nan,nan,nan,nan,nan
286.33930706977844,-0.4000000059604645,4.026000022888184,4.056000232696533,4.052999973297119,4.058000087738037,4.058000087738037,4.061999797821045,nan,nan,nan,nan,nan,nan
286.51946687698364,-0.4099999964237213,4.026000022888184,4.056000232696533,4.052999973297119,4.058000087738037,4.058000087738037,4.063000202178955,nan,nan,nan,nan,nan,nan
286.67994809150696,-0.4099999964237213,4.026000022888184,4.056000232696533,4.052999973297119,4.058000087738037,4.058000087738037,4.063000202178955,nan,nan,nan,nan,nan,nan
286.85846614837646,-0.4000000059604645,4.026000022888184,4.056000232696533,4.052999973297119,4.058000087738037,4.058000087738037,4.063000202178955,nan,nan,nan,nan,nan,nan
287.03905606269836,-0.38999998569488525,4.026000022888184,4.056000232696533,4.052999973297119,4.058000087738037,4.058000087738037,4.063000202178955,nan,nan,nan,nan,nan,nan
287.19993329048157,-0.4099999964237213,4.026000022888184,4.056000232696533,4.052999973297119,4.058000087738037,4.058000087738037,4.063000202178955,nan,nan,nan,nan,nan,nan
287.37940073013306,-0.4099999964237213,4.026000022888184,4.056000232696533,4.052999973297119,4.058000087738037,4.058000087738037,4.061999797821045,nan,nan,nan,nan,nan,nan
287.55944180488586,-0.4000000059604645,4.026000022888184,4.056000232696533,4.052999973297119,4.058000087738037,4.058000087738037,4.063000202178955,nan,nan,nan,nan,nan,nan
287.7205500602722,-0.4000000059604645,4.026000022888184,4.056000232696533,4.052999973297119,4.058000087738037,4.058000087738037,4.063000202178955,nan,nan,nan,nan,nan,nan
287.8994526863098,-0.4000000059604645,4.026000022888184,4.056000232696533,4.052999973297119,4.058000087738037,4.058000087738037,4.063000202178955,nan,nan,nan,nan,nan,nan
288.0595178604126,-0.4000000059604645,4.026000022888184,4.056000232696533,4.052999973297119,4.058000087738037,4.058000087738037,4.063000202178955,nan,nan,nan,nan,nan,nan
288.24090480804443,-0.4099999964237213,4.026000022888184,4.056000232696533,4.052999973297119,4.058000087738037,4.058000087738037,4.063000202178955,nan,nan,nan,nan,nan,nan
288.42072057724,-0.4000000059604645,4.026000022888184,4.056000232696533,4.052999973297119,4.058000087738037,4.058000087738037,4.063000202178955,nan,nan,nan,nan,nan,nan
288.5794563293457,-0.4000000059604645,4.026000022888184,4.056000232696533,4.052999973297119,4.058000087738037,4.058000087738037,4.061999797821045,nan,nan,nan,nan,nan,nan
288.75929045677185,-0.41999998688697815,4.026000022888184,4.056000232696533,4.052999973297119,4.058000087738037,4.058000087738037,4.063000202178955,nan,nan,nan,nan,nan,nan
288.9206042289734,-0.4099999964237213,4.026000022888184,4.056000232696533,4.052999973297119,4.057000160217285,4.058000087738037,4.063000202178955,nan,nan,nan,nan,nan,nan
289.099577665329,-0.4099999964237213,4.026000022888184,4.056000232696533,4.052999973297119,4.058000087738037,4.058000087738037,4.063000202178955,nan,nan,nan,nan,nan,nan
289.2796106338501,-0.4000000059604645,4.026000022888184,4.056000232696533,4.052999973297119,4.058000087738037,4.058000087738037,4.063000202178955,nan,nan,nan,nan,nan,nan
289.4392490386963,-0.38999998569488525,4.026000022888184,4.056000232696533,4.052999973297119,4.058000087738037,4.058000087738037,4.063000202178955,nan,nan,nan,nan,nan,nan
289.6195750236511,-0.38999998569488525,4.026000022888184,4.056000232696533,4.052999973297119,4.058000087738037,4.058000087738037,4.063000202178955,nan,nan,nan,nan,nan,nan
289.7996644973755,-0.4099999964237213,4.026000022888184,4.056000232696533,4.052999973297119,4.058000087738037,4.058000087738037,4.063000202178955,nan,nan,nan,nan,nan,nan
289.96073818206787,-0.4000000059604645,4.026000022888184,4.056000232696533,4.052999973297119,4.058000087738037,4.058000087738037,4.063000202178955,nan,nan,nan,nan,nan,nan
290.1393196582794,-0.4000000059604645,4.026000022888184,4.056000232696533,4.052999973297119,4.058000087738037,4.059000015258789,4.063000202178955,nan,nan,nan,nan,nan,nan
290.29941058158875,-0.4000000059604645,4.026000022888184,4.056000232696533,4.052999973297119,4.058000087738037,4.058000087738037,4.061999797821045,nan,nan,nan,nan,nan,nan
290.47908902168274,-0.4099999964237213,4.026000022888184,4.056000232696533,4.052999973297119,4.058000087738037,4.058000087738037,4.063000202178955,nan,nan,nan,nan,nan,nan
290.65933442115784,-0.4000000059604645,4.026000022888184,4.056000232696533,4.052999973297119,4.058000087738037,4.058000087738037,4.063000202178955,nan,nan,nan,nan,nan,nan
290.8205795288086,-0.4000000059604645,4.026000022888184,4.056000232696533,4.052999973297119,4.058000087738037,4.058000087738037,4.063000202178955,nan,nan,nan,nan,nan,nan
290.9994385242462,-0.4099999964237213,4.026000022888184,4.056000232696533,4.052999973297119,4.058000087738037,4.058000087738037,4.063000202178955,nan,nan,nan,nan,nan,nan
291.1599130630493,-0.4000000059604645,4.026000022888184,4.056000232696533,4.052999973297119,4.058000087738037,4.058000087738037,4.063000202178955,nan,nan,nan,nan,nan,nan
291.34051418304443,-0.38999998569488525,4.026000022888184,4.056000232696533,4.052999973297119,4.058000087738037,4.058000087738037,4.061999797821045,nan,nan,nan,nan,nan,nan
291.519024848938,-0.4000000059604645,4.026000022888184,4.056000232696533,4.052999973297119,4.058000087738037,4.058000087738037,4.063000202178955,nan,nan,nan,nan,nan,nan
291.6800136566162,-0.4000000059604645,4.026000022888184,4.056000232696533,4.052999973297119,4.058000087738037,4.058000087738037,4.063000202178955,nan,nan,nan,nan,nan,nan
291.8589553833008,-0.4000000059604645,4.026000022888184,4.056000232696533,4.052999973297119,4.058000087738037,4.059000015258789,4.063000202178955,nan,nan,nan,nan,nan,nan
292.0404393672943,-0.4000000059604645,4.026000022888184,4.056000232696533,4.052999973297119,4.058000087738037,4.058000087738037,4.061999797821045,nan,nan,nan,nan,nan,nan
292.1998314857483,-0.4000000059604645,4.026000022888184,4.056000232696533,4.052999973297119,4.058000087738037,4.058000087738037,4.063000202178955,nan,nan,nan,nan,nan,nan
292.3804290294647,-0.4000000059604645,4.026000022888184,4.056000232696533,4.052999973297119,4.058000087738037,4.058000087738037,4.063000202178955,nan,nan,nan,nan,nan,nan
292.54108786582947,-0.4000000059604645,4.026000022888184,4.056000232696533,4.052999973297119,4.058000087738037,4.058000087738037,4.063000202178955,nan,nan,nan,nan,nan,nan
292.7198739051819,-0.4099999964237213,4.026000022888184,4.056000232696533,4.052999973297119,4.058000087738037,4.058000087738037,4.063000202178955,nan,nan,nan,nan,nan,nan
292.8999319076538,-0.4000000059604645,4.026000022888184,4.056000232696533,4.052999973297119,4.058000087738037,4.059000015258789,4.061999797821045,nan,nan,nan,nan,nan,nan
293.06099700927734,-0.4000000059604645,4.026000022888184,4.056000232696533,4.052999973297119,4.058000087738037,4.058000087738037,4.063000202178955,nan,nan,nan,nan,nan,nan
293.24022936820984,-0.4300000071525574,4.026000022888184,4.056000232696533,4.052999973297119,4.058000087738037,4.058000087738037,4.063000202178955,nan,nan,nan,nan,nan,nan
293.4005696773529,-0.4000000059604645,4.026000022888184,4.056000232696533,4.052999973297119,4.058000087738037,4.058000087738037,4.063000202178955,nan,nan,nan,nan,nan,nan
293.57979249954224,-0.4000000059604645,4.026000022888184,4.056000232696533,4.052999973297119,4.058000087738037,4.058000087738037,4.063000202178955,nan,nan,nan,nan,nan,nan
293.75922775268555,-0.38999998569488525,4.026000022888184,4.056000232696533,4.052999973297119,4.058000087738037,4.058000087738037,4.063000202178955,nan,nan,nan,nan,nan,nan
293.92014837265015,-0.4099999964237213,4.026000022888184,4.056000232696533,4.052999973297119,4.058000087738037,4.058000087738037,4.061999797821045,nan,nan,nan,nan,nan,nan
294.10035514831543,-0.4099999964237213,4.026000022888184,4.056000232696533,4.052999973297119,4.058000087738037,4.058000087738037,4.063000202178955,nan,nan,nan,nan,nan,nan
294.26013946533203,-0.4000000059604645,4.026000022888184,4.056000232696533,4.052999973297119,4.058000087738037,4.058000087738037,4.063000202178955,nan,nan,nan,nan,nan,nan
294.4399311542511,-0.4000000059604645,4.026000022888184,4.056000232696533,4.052999973297119,4.058000087738037,4.058000087738037,4.063000202178955,nan,nan,nan,nan,nan,nan
294.62017583847046,-0.41999998688697815,4.026000022888184,4.056000232696533,4.052999973297119,4.058000087738037,4.058000087738037,4.063000202178955,nan,nan,nan,nan,nan,nan
294.7797501087189,-0.4000000059604645,4.026000022888184,4.056000232696533,4.052999973297119,4.058000087738037,4.058000087738037,4.063000202178955,nan,nan,nan,nan,nan,nan
294.96007013320923,-0.38999998569488525,4.026000022888184,4.056000232696533,4.052999973297119,4.058000087738037,4.058000087738037,4.063000202178955,nan,nan,nan,nan,nan,nan
295.1385929584503,-0.4000000059604645,4.026000022888184,4.056000232696533,4.052999973297119,4.058000087738037,4.059000015258789,4.063000202178955,nan,nan,nan,nan,nan,nan
295.30000853538513,-0.41999998688697815,4.026000022888184,4.056000232696533,4.052999973297119,4.058000087738037,4.058000087738037,4.061999797821045,nan,nan,nan,nan,nan,nan
295.4791316986084,-0.4000000059604645,4.026000022888184,4.056000232696533,4.052999973297119,4.058000087738037,4.058000087738037,4.061999797821045,nan,nan,nan,nan,nan,nan
295.63989758491516,-0.4000000059604645,4.026000022888184,4.056000232696533,4.052999973297119,4.058000087738037,4.058000087738037,4.063000202178955,nan,nan,nan,nan,nan,nan
295.81868720054626,-0.4000000059604645,4.026000022888184,4.056000232696533,4.052999973297119,4.058000087738037,4.059000015258789,4.063000202178955,nan,nan,nan,nan,nan,nan
296.0002236366272,-0.4000000059604645,4.026000022888184,4.056000232696533,4.052999973297119,4.058000087738037,4.058000087738037,4.063000202178955,nan,nan,nan,nan,nan,nan
296.1602120399475,-0.4000000059604645,4.026000022888184,4.056000232696533,4.052999973297119,4.058000087738037,4.058000087738037,4.063000202178955,nan,nan,nan,nan,nan,nan
296.3405339717865,-0.4099999964237213,4.026000022888184,4.056000232696533,4.052999973297119,4.058000087738037,4.058000087738037,4.063000202178955,nan,nan,nan,nan,nan,nan
296.5004470348358,-0.4000000059604645,4.026000022888184,4.056000232696533,4.052999973297119,4.058000087738037,4.058000087738037,4.063000202178955,nan,nan,nan,nan,nan,nan
296.6788589954376,-0.4000000059604645,4.026000022888184,4.056000232696533,4.052999973297119,4.058000087738037,4.058000087738037,4.063000202178955,nan,nan,nan,nan,nan,nan
296.8591299057007,-0.38999998569488525,4.026000022888184,4.056000232696533,4.052999973297119,4.058000087738037,4.058000087738037,4.063000202178955,nan,nan,nan,nan,nan,nan
297.02044105529785,-0.4000000059604645,4.026000022888184,4.056000232696533,4.052999973297119,4.058000087738037,4.058000087738037,4.063000202178955,nan,nan,nan,nan,nan,nan
297.2002601623535,-0.4000000059604645,4.026000022888184,4.056000232696533,4.052999973297119,4.058000087738037,4.058000087738037,4.063000202178955,nan,nan,nan,nan,nan,nan
297.3814015388489,-0.4000000059604645,4.026000022888184,4.056000232696533,4.052999973297119,4.058000087738037,4.058000087738037,4.063000202178955,nan,nan,nan,nan,nan,nan
297.5400598049164,-0.4000000059604645,4.026000022888184,4.056000232696533,4.052999973297119,4.058000087738037,4.058000087738037,4.063000202178955,nan,nan,nan,nan,nan,nan
297.71994137763977,-0.4000000059604645,4.026000022888184,4.056000232696533,4.052999973297119,4.058000087738037,4.058000087738037,4.063000202178955,nan,nan,nan,nan,nan,nan
297.8794138431549,-0.4000000059604645,4.026000022888184,4.056000232696533,4.052999973297119,4.058000087738037,4.058000087738037,4.063000202178955,nan,nan,nan,nan,nan,nan
298.06136894226074,-0.4000000059604645,4.026000022888184,4.056000232696533,4.052999973297119,4.058000087738037,4.058000087738037,4.061999797821045,nan,nan,nan,nan,nan,nan
298.2397298812866,-0.4000000059604645,4.026000022888184,4.056000232696533,4.052999973297119,4.058000087738037,4.058000087738037,4.063000202178955,nan,nan,nan,nan,nan,nan
298.3997588157654,-0.4000000059604645,4.025000095367432,4.056000232696533,4.052999973297119,4.058000087738037,4.058000087738037,4.063000202178955,nan,nan,nan,nan,nan,nan
298.580050945282,-0.4000000059604645,4.026000022888184,4.056000232696533,4.052999973297119,4.058000087738037,4.058000087738037,4.063000202178955,nan,nan,nan,nan,nan,nan
298.73965859413147,-0.4000000059604645,4.026000022888184,4.056000232696533,4.052999973297119,4.058000087738037,4.058000087738037,4.063000202178955,nan,nan,nan,nan,nan,nan
298.919846534729,-0.41999998688697815,4.026000022888184,4.056000232696533,4.052999973297119,4.058000087738037,4.058000087738037,4.063000202178955,nan,nan,nan,nan,nan,nan
299.10023975372314,-0.4000000059604645,4.026000022888184,4.056000232696533,4.052999973297119,4.058000087738037,4.058000087738037,4.063000202178955,nan,nan,nan,nan,nan,nan
299.25957918167114,-0.4000000059604645,4.026000022888184,4.056000232696533,4.052999973297119,4.058000087738037,4.058000087738037,4.063000202178955,nan,nan,nan,nan,nan,nan
299.4396116733551,-0.4099999964237213,4.026000022888184,4.056000232696533,4.052999973297119,4.058000087738037,4.058000087738037,4.063000202178955,nan,nan,nan,nan,nan,nan
299.5991871356964,-0.4000000059604645,4.026000022888184,4.056000232696533,4.052999973297119,4.058000087738037,4.058000087738037,4.063000202178955,nan,nan,nan,nan,nan,nan
299.7797038555145,-0.4000000059604645,4.026000022888184,4.056000232696533,4.052999973297119,4.058000087738037,4.058000087738037,4.061999797821045,nan,nan,nan,nan,nan,nan
299.9601180553436,-0.38999998569488525,4.026000022888184,4.056000232696533,4.052999973297119,4.058000087738037,4.058000087738037,4.061999797821045,nan,nan,nan,nan,nan,nan
300.1209216117859,-0.4000000059604645,4.026000022888184,4.056000232696533,4.052999973297119,4.058000087738037,4.058000087738037,4.063000202178955,nan,nan,nan,nan,nan,nan
300.30110597610474,-0.4000000059604645,4.026000022888184,4.056000232696533,4.052999973297119,4.058000087738037,4.058000087738037,4.063000202178955,nan,nan,nan,nan,nan,nan
300.4800453186035,-0.4000000059604645,4.026000022888184,4.056000232696533,4.052999973297119,4.058000087738037,4.058000087738037,4.063000202178955,nan,nan,nan,nan,nan,nan
300.64089035987854,-0.4000000059604645,4.026000022888184,4.056000232696533,4.052999973297119,4.058000087738037,4.058000087738037,4.063000202178955,nan,nan,nan,nan,nan,nan
300.8201630115509,-0.4099999964237213,4.026000022888184,4.056000232696533,4.052999973297119,4.058000087738037,4.058000087738037,4.063000202178955,nan,nan,nan,nan,nan,nan
300.98084926605225,-0.41999998688697815,4.026000022888184,4.056000232696533,4.052999973297119,4.058000087738037,4.058000087738037,4.061999797821045,nan,nan,nan,nan,nan,nan
301.1615126132965,-0.4000000059604645,4.026000022888184,4.056000232696533,4.052999973297119,4.058000087738037,4.058000087738037,4.063000202178955,nan,nan,nan,nan,nan,nan
301.3398687839508,-0.4000000059604645,4.026000022888184,4.056000232696533,4.052999973297119,4.058000087738037,4.058000087738037,4.063000202178955,nan,nan,nan,nan,nan,nan
301.50079250335693,-0.4000000059604645,4.026000022888184,4.056000232696533,4.052999973297119,4.058000087738037,4.058000087738037,4.061999797821045,nan,nan,nan,nan,nan,nan
301.68119621276855,-0.4000000059604645,4.026000022888184,4.056000232696533,4.052999973297119,4.058000087738037,4.058000087738037,4.063000202178955,nan,nan,nan,nan,nan,nan
301.84039068222046,-0.38999998569488525,4.026000022888184,4.056000232696533,4.052999973297119,4.058000087738037,4.058000087738037,4.063000202178955,nan,nan,nan,nan,nan,nan
302.02160000801086,-0.4000000059604645,4.026000022888184,4.056000232696533,4.052999973297119,4.058000087738037,4.058000087738037,4.063000202178955,nan,nan,nan,nan,nan,nan
302.20035886764526,-0.4000000059604645,4.026000022888184,4.056000232696533,4.052999973297119,4.058000087738037,4.058000087738037,4.063000202178955,nan,nan,nan,nan,nan,nan
302.3600723743439,-0.4099999964237213,4.026000022888184,4.056000232696533,4.052999973297119,4.058000087738037,4.058000087738037,4.061999797821045,nan,nan,nan,nan,nan,nan
302.540159702301,-0.4000000059604645,4.026000022888184,4.056000232696533,4.052999973297119,4.058000087738037,4.058000087738037,4.063000202178955,nan,nan,nan,nan,nan,nan
302.70090985298157,-0.4000000059604645,4.026000022888184,4.056000232696533,4.052999973297119,4.058000087738037,4.058000087738037,4.063000202178955,nan,nan,nan,nan,nan,nan
302.8804807662964,-0.4000000059604645,4.026000022888184,4.056000232696533,4.052999973297119,4.058000087738037,4.058000087738037,4.063000202178955,nan,nan,nan,nan,nan,nan
303.0599720478058,-0.4000000059604645,4.026000022888184,4.056000232696533,4.052999973297119,4.058000087738037,4.058000087738037,4.063000202178955,nan,nan,nan,nan,nan,nan
303.2208650112152,-0.4099999964237213,4.026000022888184,4.056000232696533,4.052999973297119,4.058000087738037,4.058000087738037,4.063000202178955,nan,nan,nan,nan,nan,nan
303.39980697631836,-0.4000000059604645,4.025000095367432,4.056000232696533,4.052999973297119,4.058000087738037,4.058000087738037,4.063000202178955,nan,nan,nan,nan,nan,nan
303.58000206947327,-0.4000000059604645,4.025000095367432,4.056000232696533,4.052999973297119,4.058000087738037,4.058000087738037,4.063000202178955,nan,nan,nan,nan,nan,nan
303.7410612106323,-0.4099999964237213,4.026000022888184,4.056000232696533,4.052999973297119,4.058000087738037,4.058000087738037,4.061999797821045,nan,nan,nan,nan,nan,nan
303.9210534095764,-0.4000000059604645,4.025000095367432,4.056000232696533,4.052999973297119,4.058000087738037,4.058000087738037,4.063000202178955,nan,nan,nan,nan,nan,nan
304.0802330970764,-0.4000000059604645,4.026000022888184,4.056000232696533,4.052999973297119,4.058000087738037,4.058000087738037,4.061999797821045,nan,nan,nan,nan,nan,nan
304.2593948841095,-0.4000000059604645,4.026000022888184,4.056000232696533,4.052999973297119,4.058000087738037,4.058000087738037,4.061999797821045,nan,nan,nan,nan,nan,nan
304.43954730033875,-0.3799999952316284,4.026000022888184,4.056000232696533,4.052999973297119,4.058000087738037,4.058000087738037,4.063000202178955,nan,nan,nan,nan,nan,nan
304.60021805763245,-0.4000000059604645,4.026000022888184,4.056000232696533,4.052999973297119,4.058000087738037,4.058000087738037,4.063000202178955,nan,nan,nan,nan,nan,nan
304.77914476394653,-0.4000000059604645,4.025000095367432,4.056000232696533,4.052999973297119,4.058000087738037,4.058000087738037,4.063000202178955,nan,nan,nan,nan,nan,nan
304.9412941932678,-0.4000000059604645,4.026000022888184,4.056000232696533,4.052999973297119,4.058000087738037,4.058000087738037,4.063000202178955,nan,nan,nan,nan,nan,nan
305.1213974952698,-0.4099999964237213,4.026000022888184,4.056000232696533,4.052999973297119,4.058000087738037,4.058000087738037,4.063000202178955,nan,nan,nan,nan,nan,nan
305.30002880096436,-0.4000000059604645,4.025000095367432,4.056000232696533,4.052999973297119,4.058000087738037,4.058000087738037,4.063000202178955,nan,nan,nan,nan,nan,nan
305.45972299575806,-0.38999998569488525,4.026000022888184,4.056000232696533,4.052999973297119,4.058000087738037,4.058000087738037,4.063000202178955,nan,nan,nan,nan,nan,nan
305.64107608795166,-0.38999998569488525,4.025000095367432,4.056000232696533,4.052999973297119,4.058000087738037,4.058000087738037,4.063000202178955,nan,nan,nan,nan,nan,nan
305.7993175983429,-0.38999998569488525,4.025000095367432,4.056000232696533,4.052999973297119,4.057000160217285,4.058000087738037,4.061999797821045,nan,nan,nan,nan,nan,nan
305.9794943332672,-0.4000000059604645,4.026000022888184,4.056000232696533,4.052999973297119,4.058000087738037,4.058000087738037,4.061999797821045,nan,nan,nan,nan,nan,nan
306.16108298301697,-0.4099999964237213,4.025000095367432,4.056000232696533,4.052999973297119,4.058000087738037,4.058000087738037,4.063000202178955,nan,nan,nan,nan,nan,nan
306.320193529129,-0.4000000059604645,4.026000022888184,4.056000232696533,4.052999973297119,4.058000087738037,4.058000087738037,4.061999797821045,nan,nan,nan,nan,nan,nan
306.5004208087921,-0.4000000059604645,4.026000022888184,4.056000232696533,4.052999973297119,4.058000087738037,4.058000087738037,4.063000202178955,nan,nan,nan,nan,nan,nan
306.67910957336426,-0.4099999964237213,4.026000022888184,4.056000232696533,4.052999973297119,4.058000087738037,4.058000087738037,4.063000202178955,nan,nan,nan,nan,nan,nan
306.8405969142914,-0.4000000059604645,4.026000022888184,4.056000232696533,4.052999973297119,4.058000087738037,4.058000087738037,4.063000202178955,nan,nan,nan,nan,nan,nan
307.0204191207886,-0.38999998569488525,4.026000022888184,4.056000232696533,4.052000045776367,4.058000087738037,4.058000087738037,4.061999797821045,nan,nan,nan,nan,nan,nan
307.18283557891846,-0.4300000071525574,4.025000095367432,4.056000232696533,4.052999973297119,4.058000087738037,4.058000087738037,4.063000202178955,nan,nan,nan,nan,nan,nan
307.3606827259064,-0.4000000059604645,4.026000022888184,4.056000232696533,4.052999973297119,4.058000087738037,4.058000087738037,4.061999797821045,nan,nan,nan,nan,nan,nan
307.5417740345001,-0.4099999964237213,4.026000022888184,4.056000232696533,4.052999973297119,4.058000087738037,4.058000087738037,4.063000202178955,nan,nan,nan,nan,nan,nan
307.69985008239746,-0.38999998569488525,4.026000022888184,4.056000232696533,4.052000045776367,4.058000087738037,4.058000087738037,4.061999797821045,nan,nan,nan,nan,nan,nan
307.87904119491577,-0.4000000059604645,4.026000022888184,4.056000232696533,4.052999973297119,4.058000087738037,4.058000087738037,4.063000202178955,nan,nan,nan,nan,nan,nan
308.0399270057678,-0.4000000059604645,4.026000022888184,4.056000232696533,4.052000045776367,4.058000087738037,4.058000087738037,4.061999797821045,nan,nan,nan,nan,nan,nan
308.2205286026001,-0.41999998688697815,4.025000095367432,4.056000232696533,4.052999973297119,4.058000087738037,4.058000087738037,4.063000202178955,nan,nan,nan,nan,nan,nan
308.4003093242645,-0.4099999964237213,4.026000022888184,4.056000232696533,4.052999973297119,4.058000087738037,4.058000087738037,4.061999797821045,nan,nan,nan,nan,nan,nan
308.5600447654724,-0.4000000059604645,4.025000095367432,4.056000232696533,4.052999973297119,4.057000160217285,4.058000087738037,4.061999797821045,nan,nan,nan,nan,nan,nan
308.7401692867279,-0.4000000059604645,4.025000095367432,4.056000232696533,4.052000045776367,4.058000087738037,4.058000087738037,4.063000202178955,nan,nan,nan,nan,nan,nan
308.90078926086426,-0.4000000059604645,4.025000095367432,4.056000232696533,4.052999973297119,4.057000160217285,4.058000087738037,4.063000202178955,nan,nan,nan,nan,nan,nan
309.0800518989563,-0.38999998569488525,4.026000022888184,4.056000232696533,4.052999973297119,4.058000087738037,4.058000087738037,4.063000202178955,nan,nan,nan,nan,nan,nan
309.26036834716797,-0.41999998688697815,4.025000095367432,4.056000232696533,4.052999973297119,4.058000087738037,4.058000087738037,4.063000202178955,nan,nan,nan,nan,nan,nan
309.4208686351776,-0.4000000059604645,4.025000095367432,4.056000232696533,4.052999973297119,4.057000160217285,4.058000087738037,4.063000202178955,nan,nan,nan,nan,nan,nan
309.6009907722473,-0.38999998569488525,4.025000095367432,4.056000232696533,4.052000045776367,4.057000160217285,4.058000087738037,4.061999797821045,nan,nan,nan,nan,nan,nan
309.77960562705994,-0.4000000059604645,4.025000095367432,4.056000232696533,4.052000045776367,4.058000087738037,4.058000087738037,4.063000202178955,nan,nan,nan,nan,nan,nan
309.9407081604004,-0.4000000059604645,4.025000095367432,4.056000232696533,4.052999973297119,4.058000087738037,4.058000087738037,4.061999797821045,nan,nan,nan,nan,nan,nan
310.1195969581604,-0.4000000059604645,4.025000095367432,4.056000232696533,4.052999973297119,4.058000087738037,4.058000087738037,4.061999797821045,nan,nan,nan,nan,nan,nan
310.28062677383423,-0.4000000059604645,4.025000095367432,4.056000232696533,4.052999973297119,4.058000087738037,4.058000087738037,4.063000202178955,nan,nan,nan,nan,nan,nan
310.45964097976685,-0.4099999964237213,4.026000022888184,4.056000232696533,4.052999973297119,4.057000160217285,4.058000087738037,4.061999797821045,nan,nan,nan,nan,nan,nan
310.63922667503357,-0.4000000059604645,4.025000095367432,4.056000232696533,4.052999973297119,4.058000087738037,4.058000087738037,4.063000202178955,nan,nan,nan,nan,nan,nan
310.79935932159424,-0.4099999964237213,4.026000022888184,4.056000232696533,4.052000045776367,4.058000087738037,4.058000087738037,4.063000202178955,nan,nan,nan,nan,nan,nan
310.9792866706848,-0.4000000059604645,4.025000095367432,4.056000232696533,4.052999973297119,4.057000160217285,4.058000087738037,4.061999797821045,nan,nan,nan,nan,nan,nan
311.1390528678894,-0.4000000059604645,4.025000095367432,4.056000232696533,4.052999973297119,4.057000160217285,4.058000087738037,4.061999797821045,nan,nan,nan,nan,nan,nan
311.32049465179443,-0.4000000059604645,4.025000095367432,4.056000232696533,4.052000045776367,4.058000087738037,4.058000087738037,4.061999797821045,nan,nan,nan,nan,nan,nan
311.49973487854004,-0.4099999964237213,4.026000022888184,4.056000232696533,4.052999973297119,4.058000087738037,4.058000087738037,4.061999797821045,nan,nan,nan,nan,nan,nan
311.66015100479126,-0.4099999964237213,4.025000095367432,4.056000232696533,4.052000045776367,4.057000160217285,4.058000087738037,4.061999797821045,nan,nan,nan,nan,nan,nan
311.8398504257202,-0.4000000059604645,4.025000095367432,4.056000232696533,4.052999973297119,4.057000160217285,4.058000087738037,4.061999797821045,nan,nan,nan,nan,nan,nan
312.02017998695374,-0.4000000059604645,4.025000095367432,4.056000232696533,4.052999973297119,4.057000160217285,4.058000087738037,4.061999797821045,nan,nan,nan,nan,nan,nan
312.1799304485321,-0.38999998569488525,4.026000022888184,4.056000232696533,4.052000045776367,4.057000160217285,4.058000087738037,4.063000202178955,nan,nan,nan,nan,nan,nan
312.3603115081787,-0.4000000059604645,4.025000095367432,4.056000232696533,4.052999973297119,4.057000160217285,4.058000087738037,4.061999797821045,nan,nan,nan,nan,nan,nan
312.5200686454773,-0.4000000059604645,4.025000095367432,4.056000232696533,4.052999973297119,4.057000160217285,4.058000087738037,4.063000202178955,nan,nan,nan,nan,nan,nan
312.69998049736023,-0.4099999964237213,4.025000095367432,4.056000232696533,4.052000045776367,4.058000087738037,4.058000087738037,4.061999797821045,nan,nan,nan,nan,nan,nan
312.88033175468445,-0.4000000059604645,4.025000095367432,4.056000232696533,4.052999973297119,4.058000087738037,4.058000087738037,4.061999797821045,nan,nan,nan,nan,nan,nan
313.0401442050934,-0.4000000059604645,4.025000095367432,4.056000232696533,4.052000045776367,4.057000160217285,4.058000087738037,4.061999797821045,nan,nan,nan,nan,nan,nan
313.2201805114746,-0.4099999964237213,4.025000095367432,4.056000232696533,4.052999973297119,4.057000160217285,4.058000087738037,4.061999797821045,nan,nan,nan,nan,nan,nan
313.37971353530884,-0.4000000059604645,4.025000095367432,4.056000232696533,4.052999973297119,4.058000087738037,4.058000087738037,4.063000202178955,nan,nan,nan,nan,nan,nan
313.55984807014465,-0.4000000059604645,4.025000095367432,4.056000232696533,4.052000045776367,4.058000087738037,4.058000087738037,4.061999797821045,nan,nan,nan,nan,nan,nan
313.740193605423,-0.4099999964237213,4.025000095367432,4.056000232696533,4.052000045776367,4.057000160217285,4.058000087738037,4.061999797821045,nan,nan,nan,nan,nan,nan
313.8994724750519,-0.4000000059604645,4.026000022888184,4.056000232696533,4.052999973297119,4.057000160217285,4.058000087738037,4.061999797821045,nan,nan,nan,nan,nan,nan
314.0797920227051,-0.4000000059604645,4.025000095367432,4.056000232696533,4.052999973297119,4.057000160217285,4.058000087738037,4.063000202178955,nan,nan,nan,nan,nan,nan
314.2397634983063,-0.38999998569488525,4.025000095367432,4.056000232696533,4.052999973297119,4.057000160217285,4.058000087738037,4.061999797821045,nan,nan,nan,nan,nan,nan
314.4196903705597,-0.4099999964237213,4.025000095367432,4.056000232696533,4.052000045776367,4.057000160217285,4.058000087738037,4.063000202178955,nan,nan,nan,nan,nan,nan
314.6001489162445,-0.4000000059604645,4.025000095367432,4.056000232696533,4.052999973297119,4.057000160217285,4.058000087738037,4.063000202178955,nan,nan,nan,nan,nan,nan
314.75953006744385,-0.38999998569488525,4.025000095367432,4.056000232696533,4.052999973297119,4.057000160217285,4.058000087738037,4.061999797821045,nan,nan,nan,nan,nan,nan
314.940003156662,-0.4000000059604645,4.025000095367432,4.056000232696533,4.052000045776367,4.057000160217285,4.058000087738037,4.061999797821045,nan,nan,nan,nan,nan,nan
315.1191375255585,-0.4000000059604645,4.025000095367432,4.056000232696533,4.052000045776367,4.058000087738037,4.058000087738037,4.061999797821045,nan,nan,nan,nan,nan,nan
315.2796998023987,-0.4099999964237213,4.025000095367432,4.056000232696533,4.052000045776367,4.057000160217285,4.058000087738037,4.061999797821045,nan,nan,nan,nan,nan,nan
315.4602680206299,-0.4000000059604645,4.025000095367432,4.056000232696533,4.052000045776367,4.058000087738037,4.058000087738037,4.063000202178955,nan,nan,nan,nan,nan,nan
315.61991024017334,-0.4000000059604645,4.025000095367432,4.056000232696533,4.052000045776367,4.057000160217285,4.058000087738037,4.061999797821045,nan,nan,nan,nan,nan,nan
315.8003854751587,-0.38999998569488525,4.025000095367432,4.056000232696533,4.052000045776367,4.057000160217285,4.058000087738037,4.061999797821045,nan,nan,nan,nan,nan,nan
315.98030161857605,-0.4099999964237213,4.025000095367432,4.056000232696533,4.052000045776367,4.057000160217285,4.058000087738037,4.061999797821045,nan,nan,nan,nan,nan,nan
316.1398961544037,-0.4000000059604645,4.025000095367432,4.056000232696533,4.052000045776367,4.058000087738037,4.058000087738037,4.061999797821045,nan,nan,nan,nan,nan,nan
316.31911158561707,-0.4000000059604645,4.025000095367432,4.056000232696533,4.052000045776367,4.058000087738037,4.058000087738037,4.061999797821045,nan,nan,nan,nan,nan,nan
316.50086736679077,-0.4000000059604645,4.025000095367432,4.056000232696533,4.052000045776367,4.057000160217285,4.058000087738037,4.061999797821045,nan,nan,nan,nan,nan,nan
316.6613767147064,-0.4000000059604645,4.025000095367432,4.056000232696533,4.052000045776367,4.057000160217285,4.058000087738037,4.061999797821045,nan,nan,nan,nan,nan,nan
316.8407447338104,-0.4000000059604645,4.025000095367432,4.056000232696533,4.052000045776367,4.057000160217285,4.058000087738037,4.061999797821045,nan,nan,nan,nan,nan,nan
317.0009169578552,-0.4000000059604645,4.025000095367432,4.056000232696533,4.052000045776367,4.057000160217285,4.058000087738037,4.061999797821045,nan,nan,nan,nan,nan,nan
317.18218636512756,-0.4000000059604645,4.025000095367432,4.056000232696533,4.052000045776367,4.057000160217285,4.058000087738037,4.063000202178955,nan,nan,nan,nan,nan,nan
317.3608043193817,-0.4000000059604645,4.025000095367432,4.056000232696533,4.052000045776367,4.057000160217285,4.058000087738037,4.061999797821045,nan,nan,nan,nan,nan,nan
317.5219666957855,-0.4000000059604645,4.025000095367432,4.056000232696533,4.052999973297119,4.057000160217285,4.058000087738037,4.061999797821045,nan,nan,nan,nan,nan,nan
317.7031457424164,-0.4000000059604645,4.025000095367432,4.056000232696533,4.052000045776367,4.057000160217285,4.058000087738037,4.061999797821045,nan,nan,nan,nan,nan,nan
317.8609251976013,-0.4000000059604645,4.025000095367432,4.056000232696533,4.052000045776367,4.057000160217285,4.058000087738037,4.061999797821045,nan,nan,nan,nan,nan,nan
318.04252648353577,-0.4000000059604645,4.025000095367432,4.056000232696533,4.052000045776367,4.057000160217285,4.058000087738037,4.061999797821045,nan,nan,nan,nan,nan,nan
318.22234869003296,-0.3799999952316284,4.025000095367432,4.056000232696533,4.052000045776367,4.057000160217285,4.058000087738037,4.061999797821045,nan,nan,nan,nan,nan,nan
318.3819615840912,-0.4099999964237213,4.025000095367432,4.056000232696533,4.052000045776367,4.057000160217285,4.057000160217285,4.061999797821045,nan,nan,nan,nan,nan,nan
318.56060910224915,-0.4099999964237213,4.025000095367432,4.056000232696533,4.052000045776367,4.058000087738037,4.058000087738037,4.063000202178955,nan,nan,nan,nan,nan,nan
318.7216408252716,-0.4000000059604645,4.025000095367432,4.056000232696533,4.052000045776367,4.057000160217285,4.058000087738037,4.061999797821045,nan,nan,nan,nan,nan,nan
318.9019203186035,-0.4099999964237213,4.025000095367432,4.056000232696533,4.052000045776367,4.057000160217285,4.058000087738037,4.061999797821045,nan,nan,nan,nan,nan,nan
319.08101892471313,-0.41999998688697815,4.025000095367432,4.056000232696533,4.052000045776367,4.057000160217285,4.058000087738037,4.061999797821045,nan,nan,nan,nan,nan,nan
319.241308927536,-0.4000000059604645,4.025000095367432,4.056000232696533,4.052000045776367,4.057000160217285,4.058000087738037,4.061999797821045,nan,nan,nan,nan,nan,nan
319.42255330085754,-0.4000000059604645,4.025000095367432,4.056000232696533,4.052000045776367,4.057000160217285,4.058000087738037,4.061999797821045,nan,nan,nan,nan,nan,nan
319.58052611351013,-0.41999998688697815,4.025000095367432,4.056000232696533,4.052000045776367,4.057000160217285,4.058000087738037,4.061999797821045,nan,nan,nan,nan,nan,nan
319.7619183063507,-0.4000000059604645,4.025000095367432,4.056000232696533,4.052000045776367,4.057000160217285,4.058000087738037,4.061999797821045,nan,nan,nan,nan,nan,nan
319.9409911632538,-0.4099999964237213,4.025000095367432,4.056000232696533,4.052000045776367,4.057000160217285,4.058000087738037,4.061999797821045,nan,nan,nan,nan,nan,nan
320.1012885570526,-0.4000000059604645,4.025000095367432,4.056000232696533,4.052999973297119,4.057000160217285,4.058000087738037,4.061999797821045,nan,nan,nan,nan,nan,nan
320.28027844429016,-0.4099999964237213,4.025000095367432,4.056000232696533,4.052000045776367,4.057000160217285,4.058000087738037,4.061999797821045,nan,nan,nan,nan,nan,nan
320.4601216316223,-0.38999998569488525,4.025000095367432,4.056000232696533,4.052000045776367,4.057000160217285,4.058000087738037,4.061999797821045,nan,nan,nan,nan,nan,nan
320.6199252605438,-0.38999998569488525,4.025000095367432,4.056000232696533,4.052000045776367,4.058000087738037,4.058000087738037,4.061999797821045,nan,nan,nan,nan,nan,nan
320.8004455566406,-0.4000000059604645,4.025000095367432,4.056000232696533,4.052000045776367,4.057000160217285,4.058000087738037,4.061999797821045,nan,nan,nan,nan,nan,nan
320.9608874320984,-0.4399999976158142,4.025000095367432,4.056000232696533,4.052000045776367,4.057000160217285,4.058000087738037,4.061999797821045,nan,nan,nan,nan,nan,nan
321.13970160484314,-0.4000000059604645,4.025000095367432,4.056000232696533,4.052000045776367,4.057000160217285,4.058000087738037,4.061999797821045,nan,nan,nan,nan,nan,nan
321.3198621273041,-0.4099999964237213,4.025000095367432,4.056000232696533,4.052000045776367,4.057000160217285,4.058000087738037,4.061999797821045,nan,nan,nan,nan,nan,nan
321.4793601036072,-0.4099999964237213,4.025000095367432,4.056000232696533,4.052000045776367,4.057000160217285,4.058000087738037,4.061999797821045,nan,nan,nan,nan,nan,nan
321.65967202186584,-0.4000000059604645,4.025000095367432,4.056000232696533,4.052000045776367,4.057000160217285,4.058000087738037,4.061999797821045,nan,nan,nan,nan,nan,nan
321.8205099105835,-0.4099999964237213,4.025000095367432,4.056000232696533,4.052000045776367,4.057000160217285,4.058000087738037,4.061999797821045,nan,nan,nan,nan,nan,nan
322.00069880485535,-0.4099999964237213,4.025000095367432,4.056000232696533,4.052000045776367,4.057000160217285,4.058000087738037,4.061999797821045,nan,nan,nan,nan,nan,nan
322.17971658706665,-0.4099999964237213,4.025000095367432,4.056000232696533,4.052000045776367,4.057000160217285,4.058000087738037,4.061999797821045,nan,nan,nan,nan,nan,nan
322.3404622077942,-0.4000000059604645,4.025000095367432,4.056000232696533,4.052000045776367,4.057000160217285,4.057000160217285,4.061999797821045,nan,nan,nan,nan,nan,nan
322.5205945968628,-0.4000000059604645,4.025000095367432,4.056000232696533,4.052000045776367,4.057000160217285,4.058000087738037,4.061999797821045,nan,nan,nan,nan,nan,nan
322.68012022972107,-0.4000000059604645,4.025000095367432,4.056000232696533,4.052000045776367,4.057000160217285,4.058000087738037,4.061999797821045,nan,nan,nan,nan,nan,nan
322.8602292537689,-0.4000000059604645,4.025000095367432,4.056000232696533,4.052000045776367,4.057000160217285,4.058000087738037,4.061999797821045,nan,nan,nan,nan,nan,nan
323.0405571460724,-0.4000000059604645,4.025000095367432,4.054999828338623,4.052000045776367,4.057000160217285,4.058000087738037,4.061999797821045,nan,nan,nan,nan,nan,nan
323.1997938156128,-0.4000000059604645,4.025000095367432,4.056000232696533,4.052000045776367,4.057000160217285,4.058000087738037,4.061999797821045,nan,nan,nan,nan,nan,nan
323.38045501708984,-0.4099999964237213,4.025000095367432,4.056000232696533,4.052000045776367,4.057000160217285,4.058000087738037,4.061999797821045,nan,nan,nan,nan,nan,nan
323.5410125255585,-0.4000000059604645,4.025000095367432,4.056000232696533,4.052000045776367,4.057000160217285,4.058000087738037,4.061999797821045,nan,nan,nan,nan,nan,nan
323.7194528579712,-0.4000000059604645,4.025000095367432,4.056000232696533,4.052000045776367,4.057000160217285,4.058000087738037,4.061999797821045,nan,nan,nan,nan,nan,nan
323.8999614715576,-0.4099999964237213,4.025000095367432,4.056000232696533,4.052000045776367,4.057000160217285,4.058000087738037,4.061999797821045,nan,nan,nan,nan,nan,nan
324.0611045360565,-0.4000000059604645,4.025000095367432,4.056000232696533,4.052000045776367,4.057000160217285,4.058000087738037,4.061999797821045,nan,nan,nan,nan,nan,nan
324.23961353302,-0.4099999964237213,4.025000095367432,4.056000232696533,4.052000045776367,4.057000160217285,4.058000087738037,4.061999797821045,nan,nan,nan,nan,nan,nan
324.42037558555603,-0.4000000059604645,4.025000095367432,4.056000232696533,4.052000045776367,4.057000160217285,4.058000087738037,4.061999797821045,nan,nan,nan,nan,nan,nan
324.5807819366455,-0.4099999964237213,4.025000095367432,4.056000232696533,4.052000045776367,4.057000160217285,4.058000087738037,4.061999797821045,nan,nan,nan,nan,nan,nan
324.75944900512695,-0.4000000059604645,4.025000095367432,4.056000232696533,4.052000045776367,4.057000160217285,4.058000087738037,4.061999797821045,nan,nan,nan,nan,nan,nan
324.91884088516235,-0.4000000059604645,4.025000095367432,4.056000232696533,4.052000045776367,4.057000160217285,4.057000160217285,4.061999797821045,nan,nan,nan,nan,nan,nan
325.0995168685913,-0.38999998569488525,4.025000095367432,4.056000232696533,4.052000045776367,4.057000160217285,4.058000087738037,4.061999797821045,nan,nan,nan,nan,nan,nan
325.2796108722687,-0.4099999964237213,4.025000095367432,4.056000232696533,4.052000045776367,4.057000160217285,4.058000087738037,4.061999797821045,nan,nan,nan,nan,nan,nan
325.4392399787903,-0.4099999964237213,4.025000095367432,4.056000232696533,4.052000045776367,4.057000160217285,4.058000087738037,4.061999797821045,nan,nan,nan,nan,nan,nan
325.6210470199585,-0.4000000059604645,4.025000095367432,4.054999828338623,4.052000045776367,4.057000160217285,4.058000087738037,4.061999797821045,nan,nan,nan,nan,nan,nan
325.7791814804077,-0.4000000059604645,4.025000095367432,4.054999828338623,4.052000045776367,4.057000160217285,4.058000087738037,4.061999797821045,nan,nan,nan,nan,nan,nan
325.9594428539276,-0.4099999964237213,4.025000095367432,4.056000232696533,4.052000045776367,4.057000160217285,4.058000087738037,4.061999797821045,nan,nan,nan,nan,nan,nan
326.13964343070984,-0.4000000059604645,4.025000095367432,4.054999828338623,4.052000045776367,4.057000160217285,4.058000087738037,4.061999797821045,nan,nan,nan,nan,nan,nan
326.2992293834686,-0.38999998569488525,4.025000095367432,4.056000232696533,4.052000045776367,4.057000160217285,4.058000087738037,4.061999797821045,nan,nan,nan,nan,nan,nan
326.4794216156006,-0.4099999964237213,4.025000095367432,4.054999828338623,4.052000045776367,4.057000160217285,4.058000087738037,4.061999797821045,nan,nan,nan,nan,nan,nan
326.6598856449127,-0.38999998569488525,4.025000095367432,4.056000232696533,4.052000045776367,4.057000160217285,4.058000087738037,4.061999797821045,nan,nan,nan,nan,nan,nan
326.8195605278015,-0.4000000059604645,4.025000095367432,4.056000232696533,4.052000045776367,4.057000160217285,4.058000087738037,4.061999797821045,nan,nan,nan,nan,nan,nan
326.99942111968994,-0.4099999964237213,4.025000095367432,4.056000232696533,4.052000045776367,4.057000160217285,4.058000087738037,4.061999797821045,nan,nan,nan,nan,nan,nan
327.1605267524719,-0.4000000059604645,4.025000095367432,4.056000232696533,4.052000045776367,4.057000160217285,4.058000087738037,4.061999797821045,nan,nan,nan,nan,nan,nan
327.339316368103,-0.38999998569488525,4.025000095367432,4.054999828338623,4.052000045776367,4.057000160217285,4.057000160217285,4.061999797821045,nan,nan,nan,nan,nan,nan
327.5195689201355,-0.4000000059604645,4.025000095367432,4.056000232696533,4.052000045776367,4.057000160217285,4.058000087738037,4.061999797821045,nan,nan,nan,nan,nan,nan
327.67897391319275,-0.41999998688697815,4.025000095367432,4.056000232696533,4.052000045776367,4.057000160217285,4.058000087738037,4.061999797821045,nan,nan,nan,nan,nan,nan
327.8596541881561,-0.4000000059604645,4.025000095367432,4.056000232696533,4.052000045776367,4.057000160217285,4.058000087738037,4.061999797821045,nan,nan,nan,nan,nan,nan
328.0199365615845,-0.4000000059604645,4.025000095367432,4.056000232696533,4.052000045776367,4.057000160217285,4.057000160217285,4.061999797821045,nan,nan,nan,nan,nan,nan
328.19870162010193,-0.4000000059604645,4.025000095367432,4.054999828338623,4.052000045776367,4.057000160217285,4.058000087738037,4.061999797821045,nan,nan,nan,nan,nan,nan
328.37933444976807,-0.4099999964237213,4.025000095367432,4.054999828338623,4.052000045776367,4.057000160217285,4.058000087738037,4.061999797821045,nan,nan,nan,nan,nan,nan
328.5400779247284,-0.4000000059604645,4.025000095367432,4.054999828338623,4.052000045776367,4.057000160217285,4.057000160217285,4.061999797821045,nan,nan,nan,nan,nan,nan
328.7204649448395,-0.4000000059604645,4.025000095367432,4.054999828338623,4.052000045776367,4.057000160217285,4.057000160217285,4.061999797821045,nan,nan,nan,nan,nan,nan
328.88225078582764,-0.4000000059604645,4.025000095367432,4.054999828338623,4.052000045776367,4.057000160217285,4.058000087738037,4.061999797821045,nan,nan,nan,nan,nan,nan
329.0608196258545,-0.4099999964237213,4.025000095367432,4.054999828338623,4.052000045776367,4.057000160217285,4.058000087738037,4.061999797821045,nan,nan,nan,nan,nan,nan
329.24138140678406,-0.41999998688697815,4.025000095367432,4.054999828338623,4.052000045776367,4.057000160217285,4.058000087738037,4.061999797821045,nan,nan,nan,nan,nan,nan
329.40047574043274,-0.4300000071525574,4.025000095367432,4.054999828338623,4.052000045776367,4.057000160217285,4.058000087738037,4.061999797821045,nan,nan,nan,nan,nan,nan
329.57974791526794,-0.4300000071525574,4.025000095367432,4.054999828338623,4.052000045776367,4.057000160217285,4.058000087738037,4.061999797821045,nan,nan,nan,nan,nan,nan
329.7608895301819,-0.4300000071525574,4.025000095367432,4.054999828338623,4.052000045776367,4.057000160217285,4.057000160217285,4.061999797821045,nan,nan,nan,nan,nan,nan
329.9217550754547,-0.4300000071525574,4.025000095367432,4.054999828338623,4.052000045776367,4.057000160217285,4.057000160217285,4.061999797821045,nan,nan,nan,nan,nan,nan
330.09906935691833,-0.4300000071525574,4.025000095367432,4.054999828338623,4.052000045776367,4.057000160217285,4.057000160217285,4.061999797821045,nan,nan,nan,nan,nan,nan
330.2598066329956,-0.4099999964237213,4.025000095367432,4.056000232696533,4.052000045776367,4.057000160217285,4.057000160217285,4.061999797821045,nan,nan,nan,nan,nan,nan
330.44023084640503,-0.4300000071525574,4.025000095367432,4.054999828338623,4.052000045776367,4.057000160217285,4.058000087738037,4.061999797821045,nan,nan,nan,nan,nan,nan
330.618896484375,-0.4099999964237213,4.025000095367432,4.054999828338623,4.052000045776367,4.057000160217285,4.057000160217285,4.061999797821045,nan,nan,nan,nan,nan,nan
330.7798125743866,-0.41999998688697815,4.025000095367432,4.054999828338623,4.052000045776367,4.057000160217285,4.057000160217285,4.061999797821045,nan,nan,nan,nan,nan,nan
330.95932388305664,-0.4300000071525574,4.02400016784668,4.054999828338623,4.052000045776367,4.057000160217285,4.057000160217285,4.061999797821045,nan,nan,nan,nan,nan,nan
331.1198456287384,-0.4300000071525574,4.025000095367432,4.056000232696533,4.052000045776367,4.057000160217285,4.057000160217285,4.061999797821045,nan,nan,nan,nan,nan,nan
331.30014753341675,-0.41999998688697815,4.025000095367432,4.054999828338623,4.052000045776367,4.057000160217285,4.057000160217285,4.061999797821045,nan,nan,nan,nan,nan,nan
331.47926902770996,-0.4300000071525574,4.025000095367432,4.054999828338623,4.052000045776367,4.057000160217285,4.057000160217285,4.061999797821045,nan,nan,nan,nan,nan,nan
331.6399459838867,-0.4300000071525574,4.025000095367432,4.054999828338623,4.052000045776367,4.057000160217285,4.057000160217285,4.061999797821045,nan,nan,nan,nan,nan,nan
331.8201413154602,-0.4300000071525574,4.025000095367432,4.054999828338623,4.052000045776367,4.057000160217285,4.057000160217285,4.061999797821045,nan,nan,nan,nan,nan,nan
332.0004026889801,-0.4300000071525574,4.025000095367432,4.054999828338623,4.052000045776367,4.057000160217285,4.057000160217285,4.061999797821045,nan,nan,nan,nan,nan,nan
332.1596393585205,-0.4300000071525574,4.025000095367432,4.054999828338623,4.052000045776367,4.057000160217285,4.057000160217285,4.061999797821045,nan,nan,nan,nan,nan,nan
332.34002804756165,-0.4300000071525574,4.02400016784668,4.054999828338623,4.052000045776367,4.057000160217285,4.057000160217285,4.061999797821045,nan,nan,nan,nan,nan,nan
332.50131583213806,-0.4300000071525574,4.02400016784668,4.054999828338623,4.052000045776367,4.057000160217285,4.058000087738037,4.061999797821045,nan,nan,nan,nan,nan,nan
332.6796290874481,-0.41999998688697815,4.02400016784668,4.054999828338623,4.052000045776367,4.057000160217285,4.057000160217285,4.061999797821045,nan,nan,nan,nan,nan,nan
332.8611352443695,-0.41999998688697815,4.025000095367432,4.054999828338623,4.052000045776367,4.057000160217285,4.057000160217285,4.061999797821045,nan,nan,nan,nan,nan,nan
333.02091097831726,-0.41999998688697815,4.025000095367432,4.056000232696533,4.052000045776367,4.057000160217285,4.057000160217285,4.061999797821045,nan,nan,nan,nan,nan,nan
333.19953989982605,-0.4099999964237213,4.025000095367432,4.054999828338623,4.052000045776367,4.057000160217285,4.057000160217285,4.061999797821045,nan,nan,nan,nan,nan,nan
333.35905385017395,-0.4000000059604645,4.025000095367432,4.054999828338623,4.052000045776367,4.057000160217285,4.057000160217285,4.061999797821045,nan,nan,nan,nan,nan,nan
333.53970861434937,-0.4000000059604645,4.025000095367432,4.054999828338623,4.052000045776367,4.057000160217285,4.057000160217285,4.061999797821045,nan,nan,nan,nan,nan,nan
333.7197253704071,-0.4000000059604645,4.025000095367432,4.054999828338623,4.052000045776367,4.057000160217285,4.057000160217285,4.061999797821045,nan,nan,nan,nan,nan,nan
333.8793053627014,-0.4000000059604645,4.025000095367432,4.054999828338623,4.052000045776367,4.057000160217285,4.057000160217285,4.061999797821045,nan,nan,nan,nan,nan,nan
334.0594394207001,-0.4000000059604645,4.025000095367432,4.054999828338623,4.052000045776367,4.057000160217285,4.057000160217285,4.061999797821045,nan,nan,nan,nan,nan,nan
334.2190668582916,-0.4099999964237213,4.025000095367432,4.054999828338623,4.052000045776367,4.057000160217285,4.058000087738037,4.061999797821045,nan,nan,nan,nan,nan,nan
334.3993260860443,-0.38999998569488525,4.025000095367432,4.054999828338623,4.052000045776367,4.057000160217285,4.057000160217285,4.061999797821045,nan,nan,nan,nan,nan,nan
334.57977056503296,-0.4000000059604645,4.025000095367432,4.054999828338623,4.052000045776367,4.057000160217285,4.057000160217285,4.061999797821045,nan,nan,nan,nan,nan,nan
334.7393069267273,-0.4000000059604645,4.025000095367432,4.054999828338623,4.052000045776367,4.057000160217285,4.057000160217285,4.061999797821045,nan,nan,nan,nan,nan,nan
334.919625043869,-0.38999998569488525,4.025000095367432,4.054999828338623,4.052000045776367,4.057000160217285,4.057000160217285,4.061999797821045,nan,nan,nan,nan,nan,nan
335.1007511615753,-0.4000000059604645,4.025000095367432,4.054999828338623,4.052000045776367,4.057000160217285,4.057000160217285,4.061999797821045,nan,nan,nan,nan,nan,nan
335.2599241733551,-0.4000000059604645,4.025000095367432,4.054999828338623,4.052000045776367,4.057000160217285,4.057000160217285,4.061999797821045,nan,nan,nan,nan,nan,nan
335.44013690948486,-0.4000000059604645,4.025000095367432,4.054999828338623,4.052000045776367,4.057000160217285,4.057000160217285,4.061999797821045,nan,nan,nan,nan,nan,nan
335.6004202365875,-0.4000000059604645,4.02400016784668,4.054999828338623,4.052000045776367,4.057000160217285,4.057000160217285,4.061999797821045,nan,nan,nan,nan,nan,nan
335.780353307724,-0.4000000059604645,4.02400016784668,4.054999828338623,4.052000045776367,4.057000160217285,4.057000160217285,4.061999797821045,nan,nan,nan,nan,nan,nan
335.9618945121765,-0.41999998688697815,4.025000095367432,4.054999828338623,4.052000045776367,4.057000160217285,4.058000087738037,4.061999797821045,nan,nan,nan,nan,nan,nan
336.12016248703003,-0.4000000059604645,4.025000095367432,4.054999828338623,4.052000045776367,4.057000160217285,4.057000160217285,4.061999797821045,nan,nan,nan,nan,nan,nan
336.3007411956787,-0.38999998569488525,4.025000095367432,4.054999828338623,4.052000045776367,4.057000160217285,4.057000160217285,4.061999797821045,nan,nan,nan,nan,nan,nan
336.4596402645111,-0.38999998569488525,4.025000095367432,4.054999828338623,4.052000045776367,4.057000160217285,4.057000160217285,4.061999797821045,nan,nan,nan,nan,nan,nan
336.6412205696106,-0.4000000059604645,4.02400016784668,4.054999828338623,4.052000045776367,4.057000160217285,4.057000160217285,4.061999797821045,nan,nan,nan,nan,nan,nan
336.821542263031,-0.4099999964237213,4.02400016784668,4.054999828338623,4.052000045776367,4.057000160217285,4.057000160217285,4.061999797821045,nan,nan,nan,nan,nan,nan
336.9806001186371,-0.38999998569488525,4.025000095367432,4.054999828338623,4.052000045776367,4.057000160217285,4.057000160217285,4.061999797821045,nan,nan,nan,nan,nan,nan
337.1593692302704,-0.4000000059604645,4.025000095367432,4.054999828338623,4.052000045776367,4.057000160217285,4.057000160217285,4.061999797821045,nan,nan,nan,nan,nan,nan
337.3202278614044,-0.4000000059604645,4.02400016784668,4.054999828338623,4.052000045776367,4.057000160217285,4.057000160217285,4.061999797821045,nan,nan,nan,nan,nan,nan
337.4997262954712,-0.4000000059604645,4.025000095367432,4.054999828338623,4.052000045776367,4.057000160217285,4.057000160217285,4.061999797821045,nan,nan,nan,nan,nan,nan
337.6809766292572,-0.38999998569488525,4.025000095367432,4.054999828338623,4.052000045776367,4.057000160217285,4.057000160217285,4.061999797821045,nan,nan,nan,nan,nan,nan
337.83929347991943,-0.4000000059604645,4.02400016784668,4.054999828338623,4.052000045776367,4.057000160217285,4.057000160217285,4.061999797821045,nan,nan,nan,nan,nan,nan
338.0194079875946,-0.38999998569488525,4.025000095367432,4.054999828338623,4.052000045776367,4.057000160217285,4.057000160217285,4.061999797821045,nan,nan,nan,nan,nan,nan
338.19975996017456,-0.4000000059604645,4.02400016784668,4.054999828338623,4.052000045776367,4.057000160217285,4.057000160217285,4.061999797821045,nan,nan,nan,nan,nan,nan
338.35952639579773,-0.38999998569488525,4.025000095367432,4.054999828338623,4.052000045776367,4.057000160217285,4.057000160217285,4.061999797821045,nan,nan,nan,nan,nan,nan
338.5399913787842,-0.4000000059604645,4.025000095367432,4.054999828338623,4.052000045776367,4.057000160217285,4.057000160217285,4.061999797821045,nan,nan,nan,nan,nan,nan
338.700829744339,-0.38999998569488525,4.02400016784668,4.054999828338623,4.052000045776367,4.057000160217285,4.057000160217285,4.061999797821045,nan,nan,nan,nan,nan,nan
338.87944412231445,-0.4000000059604645,4.02400016784668,4.054999828338623,4.052000045776367,4.057000160217285,4.057000160217285,4.061999797821045,nan,nan,nan,nan,nan,nan
339.06006693840027,-0.4000000059604645,4.02400016784668,4.054999828338623,4.052000045776367,4.057000160217285,4.057000160217285,4.061999797821045,nan,nan,nan,nan,nan,nan
339.21937012672424,-0.3799999952316284,4.025000095367432,4.054999828338623,4.052000045776367,4.057000160217285,4.057000160217285,4.061999797821045,nan,nan,nan,nan,nan,nan
339.4010055065155,-0.4099999964237213,4.02400016784668,4.054999828338623,4.052000045776367,4.057000160217285,4.057000160217285,4.061999797821045,nan,nan,nan,nan,nan,nan
339.5592761039734,-0.4000000059604645,4.02400016784668,4.054999828338623,4.052000045776367,4.057000160217285,4.057000160217285,4.061999797821045,nan,nan,nan,nan,nan,nan
339.7395865917206,-0.3799999952316284,4.025000095367432,4.054999828338623,4.052000045776367,4.057000160217285,4.057000160217285,4.061999797821045,nan,nan,nan,nan,nan,nan
339.91974329948425,-0.4000000059604645,4.02400016784668,4.054999828338623,4.052000045776367,4.057000160217285,4.057000160217285,4.061999797821045,nan,nan,nan,nan,nan,nan
340.0807979106903,-0.4000000059604645,4.02400016784668,4.054999828338623,4.052000045776367,4.057000160217285,4.057000160217285,4.061999797821045,nan,nan,nan,nan,nan,nan
340.2594163417816,-0.4000000059604645,4.02400016784668,4.054999828338623,4.052000045776367,4.057000160217285,4.057000160217285,4.061999797821045,nan,nan,nan,nan,nan,nan
340.4397053718567,-0.4000000059604645,4.02400016784668,4.054999828338623,4.052000045776367,4.057000160217285,4.057000160217285,4.061999797821045,nan,nan,nan,nan,nan,nan
340.59962248802185,-0.4000000059604645,4.02400016784668,4.054999828338623,4.051000118255615,4.057000160217285,4.057000160217285,4.061999797821045,nan,nan,nan,nan,nan,nan
340.779226064682,-0.3799999952316284,4.02400016784668,4.054999828338623,4.052000045776367,4.057000160217285,4.057000160217285,4.061999797821045,nan,nan,nan,nan,nan,nan
340.94043707847595,-0.4000000059604645,4.02400016784668,4.054999828338623,4.052000045776367,4.057000160217285,4.057000160217285,4.061999797821045,nan,nan,nan,nan,nan,nan
341.11897110939026,-0.4000000059604645,4.02400016784668,4.054999828338623,4.051000118255615,4.057000160217285,4.057000160217285,4.061999797821045,nan,nan,nan,nan,nan,nan
341.29946208000183,-0.4000000059604645,4.02400016784668,4.054999828338623,4.052000045776367,4.057000160217285,4.057000160217285,4.061999797821045,nan,nan,nan,nan,nan,nan
341.45890164375305,-0.38999998569488525,4.02400016784668,4.054999828338623,4.052000045776367,4.057000160217285,4.057000160217285,4.061999797821045,nan,nan,nan,nan,nan,nan
341.63877987861633,-0.4000000059604645,4.02400016784668,4.054999828338623,4.052000045776367,4.057000160217285,4.057000160217285,4.061999797821045,nan,nan,nan,nan,nan,nan
341.80052495002747,-0.4000000059604645,4.02400016784668,4.054999828338623,4.052000045776367,4.057000160217285,4.057000160217285,4.061999797821045,nan,nan,nan,nan,nan,nan
341.9802055358887,-0.4000000059604645,4.02400016784668,4.054999828338623,4.051000118255615,4.057000160217285,4.057000160217285,4.061999797821045,nan,nan,nan,nan,nan,nan
342.16016459465027,-0.4000000059604645,4.02400016784668,4.054999828338623,4.052000045776367,4.057000160217285,4.057000160217285,4.061999797821045,nan,nan,nan,nan,nan,nan
342.3198502063751,-0.4000000059604645,4.02400016784668,4.054999828338623,4.052000045776367,4.057000160217285,4.057000160217285,4.061999797821045,nan,nan,nan,nan,nan,nan
342.50134444236755,-0.4099999964237213,4.02400016784668,4.054999828338623,4.052000045776367,4.057000160217285,4.057000160217285,4.061999797821045,nan,nan,nan,nan,nan,nan
342.66063928604126,-0.38999998569488525,4.02400016784668,4.054999828338623,4.052000045776367,4.057000160217285,4.057000160217285,4.061999797821045,nan,nan,nan,nan,nan,nan
342.84085392951965,-0.4300000071525574,4.02400016784668,4.054999828338623,4.052000045776367,4.057000160217285,4.057000160217285,4.061999797821045,nan,nan,nan,nan,nan,nan
343.0211033821106,-0.4099999964237213,4.02400016784668,4.054999828338623,4.052000045776367,4.057000160217285,4.057000160217285,4.061999797821045,nan,nan,nan,nan,nan,nan
343.1804451942444,-0.4000000059604645,4.02400016784668,4.054999828338623,4.051000118255615,4.057000160217285,4.057000160217285,4.061999797821045,nan,nan,nan,nan,nan,nan
343.35934495925903,-0.4000000059604645,4.02400016784668,4.054999828338623,4.051000118255615,4.057000160217285,4.057000160217285,4.061999797821045,nan,nan,nan,nan,nan,nan
343.5397803783417,-0.4000000059604645,4.02400016784668,4.054999828338623,4.052000045776367,4.057000160217285,4.057000160217285,4.061999797821045,nan,nan,nan,nan,nan,nan
343.70021629333496,-0.4000000059604645,4.02400016784668,4.054999828338623,4.051000118255615,4.057000160217285,4.057000160217285,4.061999797821045,nan,nan,nan,nan,nan,nan
343.8792414665222,-0.38999998569488525,4.02400016784668,4.054999828338623,4.051000118255615,4.057000160217285,4.057000160217285,4.061999797821045,nan,nan,nan,nan,nan,nan
344.0390434265137,-0.4000000059604645,4.025000095367432,4.054999828338623,4.052000045776367,4.057000160217285,4.057000160217285,4.061999797821045,nan,nan,nan,nan,nan,nan
344.2191767692566,-0.4000000059604645,4.02400016784668,4.054999828338623,4.052000045776367,4.057000160217285,4.057000160217285,4.061999797821045,nan,nan,nan,nan,nan,nan
344.3991434574127,-0.4000000059604645,4.02400016784668,4.054999828338623,4.052000045776367,4.057000160217285,4.057000160217285,4.061999797821045,nan,nan,nan,nan,nan,nan
344.5588369369507,-0.4000000059604645,4.02400016784668,4.054999828338623,4.051000118255615,4.057000160217285,4.057000160217285,4.061999797821045,nan,nan,nan,nan,nan,nan
344.73925733566284,-0.38999998569488525,4.02400016784668,4.054999828338623,4.051000118255615,4.057000160217285,4.057000160217285,4.061999797821045,nan,nan,nan,nan,nan,nan
344.9000418186188,-0.4000000059604645,4.02400016784668,4.054999828338623,4.051000118255615,4.057000160217285,4.057000160217285,4.061999797821045,nan,nan,nan,nan,nan,nan
345.08026671409607,-0.4099999964237213,4.02400016784668,4.054999828338623,4.052000045776367,4.057000160217285,4.057000160217285,4.061999797821045,nan,nan,nan,nan,nan,nan
345.25938844680786,-0.4099999964237213,4.02400016784668,4.054999828338623,4.051000118255615,4.057000160217285,4.057000160217285,4.061999797821045,nan,nan,nan,nan,nan,nan
345.42138504981995,-0.41999998688697815,4.02400016784668,4.054999828338623,4.052000045776367,4.057000160217285,4.057000160217285,4.061999797821045,nan,nan,nan,nan,nan,nan
345.59983372688293,-0.38999998569488525,4.02400016784668,4.054999828338623,4.051000118255615,4.057000160217285,4.057000160217285,4.061999797821045,nan,nan,nan,nan,nan,nan
345.7592182159424,-0.4099999964237213,4.02400016784668,4.054999828338623,4.051000118255615,4.057000160217285,4.057000160217285,4.061999797821045,nan,nan,nan,nan,nan,nan
345.94099617004395,-0.4000000059604645,4.02400016784668,4.054999828338623,4.051000118255615,4.057000160217285,4.057000160217285,4.061999797821045,nan,nan,nan,nan,nan,nan
346.1197860240936,-0.41999998688697815,4.02400016784668,4.054999828338623,4.051000118255615,4.057000160217285,4.057000160217285,4.061999797821045,nan,nan,nan,nan,nan,nan
346.2804112434387,-0.4000000059604645,4.02400016784668,4.054999828338623,4.052000045776367,4.057000160217285,4.057000160217285,4.061999797821045,nan,nan,nan,nan,nan,nan
346.4594233036041,-0.4099999964237213,4.02400016784668,4.054999828338623,4.051000118255615,4.056000232696533,4.057000160217285,4.061999797821045,nan,nan,nan,nan,nan,nan
346.64091992378235,-0.38999998569488525,4.02400016784668,4.054999828338623,4.051000118255615,4.057000160217285,4.057000160217285,4.061999797821045,nan,nan,nan,nan,nan,nan
346.8003315925598,-0.4000000059604645,4.02400016784668,4.054999828338623,4.051000118255615,4.057000160217285,4.057000160217285,4.061999797821045,nan,nan,nan,nan,nan,nan
346.9791405200958,-0.4000000059604645,4.02400016784668,4.054999828338623,4.051000118255615,4.057000160217285,4.057000160217285,4.061999797821045,nan,nan,nan,nan,nan,nan
347.140234708786,-0.4000000059604645,4.02400016784668,4.054999828338623,4.051000118255615,4.057000160217285,4.057000160217285,4.061999797821045,nan,nan,nan,nan,nan,nan
347.3204092979431,-0.4099999964237213,4.02400016784668,4.054999828338623,4.051000118255615,4.057000160217285,4.057000160217285,4.061999797821045,nan,nan,nan,nan,nan,nan
347.4992468357086,-0.4000000059604645,4.02400016784668,4.054999828338623,4.051000118255615,4.057000160217285,4.057000160217285,4.061999797821045,nan,nan,nan,nan,nan,nan
347.65925097465515,-0.4000000059604645,4.02400016784668,4.054999828338623,4.052000045776367,4.057000160217285,4.057000160217285,4.061999797821045,nan,nan,nan,nan,nan,nan
347.8395140171051,-0.4000000059604645,4.02400016784668,4.054999828338623,4.051000118255615,4.056000232696533,4.057000160217285,4.061999797821045,nan,nan,nan,nan,nan,nan
347.9993464946747,-0.4000000059604645,4.02400016784668,4.054999828338623,4.051000118255615,4.057000160217285,4.057000160217285,4.061999797821045,nan,nan,nan,nan,nan,nan
348.1792166233063,-0.4099999964237213,4.02400016784668,4.054999828338623,4.051000118255615,4.057000160217285,4.057000160217285,4.061999797821045,nan,nan,nan,nan,nan,nan
348.35954904556274,-0.4000000059604645,4.02400016784668,4.054999828338623,4.052000045776367,4.057000160217285,4.057000160217285,4.061999797821045,nan,nan,nan,nan,nan,nan
348.5189862251282,-0.4000000059604645,4.02400016784668,4.054999828338623,4.051000118255615,4.057000160217285,4.057000160217285,4.061999797821045,nan,nan,nan,nan,nan,nan
348.70127534866333,-0.38999998569488525,4.02400016784668,4.054999828338623,4.051000118255615,4.056000232696533,4.057000160217285,4.061999797821045,nan,nan,nan,nan,nan,nan
348.88251185417175,-0.4000000059604645,4.02400016784668,4.054999828338623,4.051000118255615,4.057000160217285,4.057000160217285,4.061999797821045,nan,nan,nan,nan,nan,nan
349.04313564300537,-0.46000000834465027,4.02400016784668,4.054999828338623,4.051000118255615,4.056000232696533,4.057000160217285,4.061999797821045,nan,nan,nan,nan,nan,nan
349.2217833995819,-2.390000104904175,4.011000156402588,4.041999816894531,4.038000106811523,4.044000148773193,4.044000148773193,4.047999858856201,0.006735756887922443,0.006735756887922443,0.006735756887922443,0.006217659752831904,0.006735756887922443,0.007253854023012982
349.3824796676636,-1.2599999904632568,4.021999835968018,4.052999973297119,4.050000190734863,4.053999900817871,4.056000232696533,4.059999942779541,0.009734228718084617,0.009734650697827902,0.010619542219495296,0.008849337196417223,0.010619542219495296,0.010619542219495296
349.55950689315796,-1.2899999618530273,4.021999835968018,4.052999973297119,4.048999786376953,4.053999900817871,4.054999828338623,4.059999942779541,nan,nan,nan,nan,nan,nan
349.74128818511963,-1.1399999856948853,4.021999835968018,4.052000045776367,4.048999786376953,4.053999900817871,4.054999828338623,4.059999942779541,nan,nan,nan,nan,nan,nan
349.9003653526306,-1.2899999618530273,4.021999835968018,4.052999973297119,4.048999786376953,4.053999900817871,4.053999900817871,4.059000015258789,nan,nan,nan,nan,nan,nan
350.0804922580719,-1.2699999809265137,4.021999835968018,4.052000045776367,4.048999786376953,4.053999900817871,4.054999828338623,4.059000015258789,nan,nan,nan,nan,nan,nan
350.2415909767151,-1.3300000429153442,4.021999835968018,4.052000045776367,4.048999786376953,4.053999900817871,4.054999828338623,4.059000015258789,nan,nan,nan,nan,nan,nan
350.4214334487915,-0.9300000071525574,4.020999908447266,4.052999973297119,4.048999786376953,4.053999900817871,4.054999828338623,4.059000015258789,nan,nan,nan,nan,nan,nan
350.60148072242737,-1.1799999475479126,4.021999835968018,4.052000045776367,4.048999786376953,4.053999900817871,4.054999828338623,4.059000015258789,nan,nan,nan,nan,nan,nan
350.76302123069763,-1.0700000524520874,4.021999835968018,4.052000045776367,4.048999786376953,4.053999900817871,4.054999828338623,4.059000015258789,nan,nan,nan,nan,nan,nan
350.94154357910156,-1.0199999809265137,4.021999835968018,4.052000045776367,4.048999786376953,4.053999900817871,4.054999828338623,4.059000015258789,nan,nan,nan,nan,nan,nan
351.10239601135254,-0.4000000059604645,4.0229997634887695,4.053999900817871,4.048999786376953,4.053999900817871,4.056000232696533,4.060999870300293,nan,nan,nan,nan,nan,nan
351.2807123661041,-0.4000000059604645,4.0229997634887695,4.053999900817871,4.051000118255615,4.056000232696533,4.056000232696533,4.060999870300293,nan,nan,nan,nan,nan,nan
351.4593951702118,-0.4000000059604645,4.0229997634887695,4.053999900817871,4.051000118255615,4.056000232696533,4.056000232696533,4.060999870300293,nan,nan,nan,nan,nan,nan
351.61898970603943,-0.4000000059604645,4.0229997634887695,4.053999900817871,4.051000118255615,4.056000232696533,4.056000232696533,4.060999870300293,nan,nan,nan,nan,nan,nan
351.79943227767944,-0.4000000059604645,4.0229997634887695,4.053999900817871,4.051000118255615,4.056000232696533,4.056000232696533,4.060999870300293,nan,nan,nan,nan,nan,nan
351.9587495326996,-0.4000000059604645,4.02400016784668,4.053999900817871,4.051000118255615,4.056000232696533,4.056000232696533,4.060999870300293,nan,nan,nan,nan,nan,nan
352.13952469825745,-0.38999998569488525,4.02400016784668,4.053999900817871,4.051000118255615,4.056000232696533,4.056000232696533,4.060999870300293,nan,nan,nan,nan,nan,nan
352.32000756263733,-0.41999998688697815,4.02400016784668,4.053999900817871,4.051000118255615,4.056000232696533,4.056000232696533,4.060999870300293,nan,nan,nan,nan,nan,nan
352.4790382385254,-0.4099999964237213,4.0229997634887695,4.053999900817871,4.051000118255615,4.056000232696533,4.056000232696533,4.060999870300293,nan,nan,nan,nan,nan,nan
352.659832239151,-0.4000000059604645,4.02400016784668,4.053999900817871,4.051000118255615,4.056000232696533,4.056000232696533,4.060999870300293,nan,nan,nan,nan,nan,nan
352.8396587371826,-0.4000000059604645,4.02400016784668,4.053999900817871,4.051000118255615,4.056000232696533,4.056000232696533,4.060999870300293,nan,nan,nan,nan,nan,nan
353.0006718635559,-0.4000000059604645,4.02400016784668,4.053999900817871,4.051000118255615,4.056000232696533,4.056000232696533,4.060999870300293,nan,nan,nan,nan,nan,nan
353.1807932853699,-0.4000000059604645,4.02400016784668,4.053999900817871,4.051000118255615,4.056000232696533,4.056000232696533,4.060999870300293,nan,nan,nan,nan,nan,nan
353.3404366970062,-0.4000000059604645,4.02400016784668,4.053999900817871,4.051000118255615,4.056000232696533,4.056000232696533,4.060999870300293,nan,nan,nan,nan,nan,nan
353.51922702789307,-0.4000000059604645,4.0229997634887695,4.053999900817871,4.051000118255615,4.056000232696533,4.057000160217285,4.060999870300293,nan,nan,nan,nan,nan,nan
353.6992676258087,-0.38999998569488525,4.02400016784668,4.053999900817871,4.051000118255615,4.056000232696533,4.056000232696533,4.060999870300293,nan,nan,nan,nan,nan,nan
353.85911750793457,-0.4000000059604645,4.02400016784668,4.053999900817871,4.051000118255615,4.056000232696533,4.057000160217285,4.060999870300293,nan,nan,nan,nan,nan,nan
354.0397548675537,-0.4000000059604645,4.0229997634887695,4.053999900817871,4.051000118255615,4.056000232696533,4.056000232696533,4.060999870300293,nan,nan,nan,nan,nan,nan
354.2004463672638,-0.4000000059604645,4.02400016784668,4.053999900817871,4.051000118255615,4.056000232696533,4.057000160217285,4.060999870300293,nan,nan,nan,nan,nan,nan
354.3807518482208,-0.4000000059604645,4.0229997634887695,4.053999900817871,4.051000118255615,4.056000232696533,4.056000232696533,4.060999870300293,nan,nan,nan,nan,nan,nan
354.5591495037079,-0.4000000059604645,4.02400016784668,4.053999900817871,4.051000118255615,4.056000232696533,4.056000232696533,4.060999870300293,nan,nan,nan,nan,nan,nan
354.71910309791565,-0.4000000059604645,4.0229997634887695,4.053999900817871,4.051000118255615,4.056000232696533,4.057000160217285,4.060999870300293,nan,nan,nan,nan,nan,nan
354.89935851097107,-0.4000000059604645,4.02400016784668,4.053999900817871,4.051000118255615,4.056000232696533,4.057000160217285,4.060999870300293,nan,nan,nan,nan,nan,nan
355.07999062538147,-0.4099999964237213,4.0229997634887695,4.053999900817871,4.051000118255615,4.056000232696533,4.057000160217285,4.060999870300293,nan,nan,nan,nan,nan,nan
355.2393343448639,-0.38999998569488525,4.02400016784668,4.053999900817871,4.051000118255615,4.056000232696533,4.056000232696533,4.060999870300293,nan,nan,nan,nan,nan,nan
355.41982865333557,-0.4099999964237213,4.02400016784668,4.053999900817871,4.051000118255615,4.056000232696533,4.057000160217285,4.060999870300293,nan,nan,nan,nan,nan,nan
355.57888174057007,-0.38999998569488525,4.02400016784668,4.053999900817871,4.051000118255615,4.056000232696533,4.057000160217285,4.060999870300293,nan,nan,nan,nan,nan,nan
355.7592833042145,-0.4099999964237213,4.02400016784668,4.053999900817871,4.051000118255615,4.056000232696533,4.057000160217285,4.060999870300293,nan,nan,nan,nan,nan,nan
355.9397814273834,-0.4099999964237213,4.02400016784668,4.054999828338623,4.051000118255615,4.056000232696533,4.057000160217285,4.060999870300293,nan,nan,nan,nan,nan,nan
356.0991930961609,-0.4099999964237213,4.02400016784668,4.054999828338623,4.051000118255615,4.056000232696533,4.056000232696533,4.060999870300293,nan,nan,nan,nan,nan,nan
356.27949810028076,-0.4000000059604645,4.02400016784668,4.054999828338623,4.051000118255615,4.056000232696533,4.057000160217285,4.060999870300293,nan,nan,nan,nan,nan,nan
356.4404366016388,-0.4099999964237213,4.0229997634887695,4.053999900817871,4.051000118255615,4.056000232696533,4.057000160217285,4.060999870300293,nan,nan,nan,nan,nan,nan
356.6191773414612,-0.41999998688697815,4.02400016784668,4.053999900817871,4.051000118255615,4.056000232696533,4.057000160217285,4.060999870300293,nan,nan,nan,nan,nan,nan
356.800101518631,-0.4099999964237213,4.02400016784668,4.053999900817871,4.051000118255615,4.056000232696533,4.057000160217285,4.060999870300293,nan,nan,nan,nan,nan,nan
356.96058917045593,-0.4000000059604645,4.02400016784668,4.053999900817871,4.051000118255615,4.056000232696533,4.057000160217285,4.061999797821045,nan,nan,nan,nan,nan,nan
357.14111042022705,-0.4000000059604645,4.02400016784668,4.053999900817871,4.051000118255615,4.056000232696533,4.057000160217285,4.060999870300293,nan,nan,nan,nan,nan,nan
357.32182359695435,-0.4099999964237213,4.02400016784668,4.053999900817871,4.051000118255615,4.056000232696533,4.057000160217285,4.060999870300293,nan,nan,nan,nan,nan,nan
357.4818739891052,-0.4000000059604645,4.0229997634887695,4.053999900817871,4.051000118255615,4.056000232696533,4.057000160217285,4.060999870300293,nan,nan,nan,nan,nan,nan
357.6600821018219,-0.41999998688697815,4.0229997634887695,4.053999900817871,4.051000118255615,4.056000232696533,4.056000232696533,4.060999870300293,nan,nan,nan,nan,nan,nan
357.8209364414215,-0.4000000059604645,4.02400016784668,4.053999900817871,4.051000118255615,4.056000232696533,4.057000160217285,4.060999870300293,nan,nan,nan,nan,nan,nan
358.0001313686371,-0.4099999964237213,4.02400016784668,4.053999900817871,4.051000118255615,4.056000232696533,4.057000160217285,4.060999870300293,nan,nan,nan,nan,nan,nan
358.1803505420685,-0.4099999964237213,4.02400016784668,4.053999900817871,4.051000118255615,4.056000232696533,4.057000160217285,4.060999870300293,nan,nan,nan,nan,nan,nan
358.3394687175751,-0.4000000059604645,4.02400016784668,4.053999900817871,4.051000118255615,4.056000232696533,4.056000232696533,4.060999870300293,nan,nan,nan,nan,nan,nan
358.51992988586426,-0.4000000059604645,4.02400016784668,4.053999900817871,4.051000118255615,4.056000232696533,4.057000160217285,4.060999870300293,nan,nan,nan,nan,nan,nan
358.6795845031738,-0.4000000059604645,4.02400016784668,4.053999900817871,4.051000118255615,4.056000232696533,4.056000232696533,4.061999797821045,nan,nan,nan,nan,nan,nan
358.8598356246948,-0.4000000059604645,4.02400016784668,4.053999900817871,4.051000118255615,4.056000232696533,4.057000160217285,4.060999870300293,nan,nan,nan,nan,nan,nan
359.04146003723145,-0.4000000059604645,4.0229997634887695,4.053999900817871,4.051000118255615,4.056000232696533,4.057000160217285,4.060999870300293,nan,nan,nan,nan,nan,nan
359.20099687576294,-0.4000000059604645,4.02400016784668,4.053999900817871,4.051000118255615,4.056000232696533,4.056000232696533,4.060999870300293,nan,nan,nan,nan,nan,nan
359.3806791305542,-0.4000000059604645,4.02400016784668,4.053999900817871,4.051000118255615,4.056000232696533,4.057000160217285,4.061999797821045,nan,nan,nan,nan,nan,nan
359.53985929489136,-0.4000000059604645,4.0229997634887695,4.053999900817871,4.051000118255615,4.056000232696533,4.056000232696533,4.060999870300293,nan,nan,nan,nan,nan,nan
359.7201452255249,-0.4000000059604645,4.02400016784668,4.053999900817871,4.051000118255615,4.056000232696533,4.057000160217285,4.060999870300293,nan,nan,nan,nan,nan,nan
359.89892292022705,-0.4099999964237213,4.02400016784668,4.053999900817871,4.051000118255615,4.056000232696533,4.057000160217285,4.060999870300293,nan,nan,nan,nan,nan,nan
360.0603311061859,-0.4099999964237213,4.02400016784668,4.053999900817871,4.051000118255615,4.056000232696533,4.057000160217285,4.060999870300293,nan,nan,nan,nan,nan,nan
360.2403345108032,-0.41999998688697815,4.0229997634887695,4.053999900817871,4.051000118255615,4.056000232696533,4.056000232696533,4.060999870300293,nan,nan,nan,nan,nan,nan
360.42188000679016,-0.4000000059604645,4.0229997634887695,4.053999900817871,4.051000118255615,4.056000232696533,4.057000160217285,4.060999870300293,nan,nan,nan,nan,nan,nan
360.5825443267822,-0.4000000059604645,4.02400016784668,4.053999900817871,4.051000118255615,4.056000232696533,4.056000232696533,4.060999870300293,nan,nan,nan,nan,nan,nan
360.7600438594818,-0.4000000059604645,4.0229997634887695,4.053999900817871,4.051000118255615,4.056000232696533,4.056000232696533,4.060999870300293,nan,nan,nan,nan,nan,nan
360.9205513000488,-0.4099999964237213,4.0229997634887695,4.053999900817871,4.051000118255615,4.056000232696533,4.057000160217285,4.060999870300293,nan,nan,nan,nan,nan,nan
361.10043597221375,-0.4000000059604645,4.02400016784668,4.053999900817871,4.051000118255615,4.056000232696533,4.057000160217285,4.060999870300293,nan,nan,nan,nan,nan,nan
361.2812020778656,-2.430000066757202,4.01800012588501,4.048999786376953,4.046000003814697,4.051000118255615,4.052000045776367,4.056000232696533,0.0029556856068836844,0.0024631104882605354,0.0024631104882605354,0.0024631104882605354,0.0024631104882605354,nan
361.4402313232422,-0.9200000166893005,4.0229997634887695,4.053999900817871,4.050000190734863,4.056000232696533,4.056000232696533,4.060999870300293,nan,0.0033113339570373683,nan,0.0033113339570373683,nan,nan
361.6203763484955,-0.9599999785423279,4.021999835968018,4.052000045776367,4.048999786376953,4.052999973297119,4.053999900817871,4.059000015258789,nan,nan,nan,nan,nan,nan
361.7800393104553,-1.100000023841858,4.020999908447266,4.052999973297119,4.047999858856201,4.053999900817871,4.054999828338623,4.059000015258789,nan,nan,nan,nan,nan,nan
361.9602744579315,-1.1399999856948853,4.021999835968018,4.052000045776367,4.048999786376953,4.052999973297119,4.053999900817871,4.059000015258789,nan,nan,nan,nan,nan,nan
362.1391773223877,-0.8899999856948853,4.020999908447266,4.052000045776367,4.047999858856201,4.053999900817871,4.053999900817871,4.059000015258789,nan,nan,nan,nan,nan,nan
362.3002133369446,-0.9100000262260437,4.020999908447266,4.052000045776367,4.047999858856201,4.053999900817871,4.054999828338623,4.059000015258789,nan,nan,nan,nan,nan,nan
362.4790720939636,-1.059999942779541,4.020999908447266,4.052000045776367,4.047999858856201,4.053999900817871,4.053999900817871,4.058000087738037,nan,nan,nan,nan,nan,nan
362.64014172554016,-1.0099999904632568,4.020999908447266,4.052000045776367,4.047999858856201,4.052999973297119,4.053999900817871,4.058000087738037,nan,nan,nan,nan,nan,nan
362.8202588558197,-0.9800000190734863,4.020999908447266,4.051000118255615,4.048999786376953,4.053999900817871,4.053999900817871,4.058000087738037,nan,nan,nan,nan,nan,nan
362.9997806549072,-1.2000000476837158,4.020999908447266,4.052000045776367,4.047999858856201,4.053999900817871,4.052999973297119,4.059000015258789,nan,nan,nan,nan,nan,nan
363.15899419784546,-0.9200000166893005,4.020999908447266,4.051000118255615,4.047999858856201,4.052999973297119,4.053999900817871,4.058000087738037,nan,nan,nan,nan,nan,nan
363.339248418808,-0.38999998569488525,4.0229997634887695,4.053999900817871,4.050000190734863,4.054999828338623,4.056000232696533,4.060999870300293,nan,nan,nan,nan,nan,nan
363.5192801952362,-0.4099999964237213,4.0229997634887695,4.053999900817871,4.050000190734863,4.054999828338623,4.056000232696533,4.059999942779541,nan,nan,nan,nan,nan,nan
363.6789348125458,-0.38999998569488525,4.0229997634887695,4.053999900817871,4.050000190734863,4.054999828338623,4.056000232696533,4.059999942779541,nan,nan,nan,nan,nan,nan
363.85929107666016,-0.41999998688697815,4.0229997634887695,4.052999973297119,4.050000190734863,4.054999828338623,4.056000232696533,4.060999870300293,nan,nan,nan,nan,nan,nan
364.0202126502991,-0.38999998569488525,4.0229997634887695,4.053999900817871,4.050000190734863,4.054999828338623,4.056000232696533,4.060999870300293,nan,nan,nan,nan,nan,nan
364.1990964412689,-0.41999998688697815,4.0229997634887695,4.053999900817871,4.050000190734863,4.054999828338623,4.056000232696533,4.060999870300293,nan,nan,nan,nan,nan,nan
364.3797628879547,-0.4000000059604645,4.0229997634887695,4.053999900817871,4.050000190734863,4.056000232696533,4.056000232696533,4.060999870300293,nan,nan,nan,nan,nan,nan
364.53902220726013,-0.4000000059604645,4.0229997634887695,4.053999900817871,4.050000190734863,4.056000232696533,4.056000232696533,4.060999870300293,nan,nan,nan,nan,nan,nan
364.72058606147766,-0.4000000059604645,4.0229997634887695,4.053999900817871,4.050000190734863,4.054999828338623,4.056000232696533,4.060999870300293,nan,nan,nan,nan,nan,nan
364.87989497184753,-0.4099999964237213,4.0229997634887695,4.053999900817871,4.050000190734863,4.054999828338623,4.056000232696533,4.060999870300293,nan,nan,nan,nan,nan,nan
365.06032156944275,-0.4000000059604645,4.0229997634887695,4.053999900817871,4.050000190734863,4.056000232696533,4.056000232696533,4.060999870300293,nan,nan,nan,nan,nan,nan
365.2404053211212,-0.4099999964237213,4.0229997634887695,4.053999900817871,4.050000190734863,4.054999828338623,4.056000232696533,4.060999870300293,nan,nan,nan,nan,nan,nan
365.4003381729126,-0.4000000059604645,4.0229997634887695,4.053999900817871,4.050000190734863,4.056000232696533,4.056000232696533,4.060999870300293,nan,nan,nan,nan,nan,nan
365.580114364624,-0.4000000059604645,4.0229997634887695,4.053999900817871,4.050000190734863,4.056000232696533,4.056000232696533,4.060999870300293,nan,nan,nan,nan,nan,nan
365.7397983074188,-0.4099999964237213,4.0229997634887695,4.053999900817871,4.050000190734863,4.054999828338623,4.056000232696533,4.060999870300293,nan,nan,nan,nan,nan,nan
365.9199335575104,-0.38999998569488525,4.0229997634887695,4.053999900817871,4.050000190734863,4.054999828338623,4.056000232696533,4.060999870300293,nan,nan,nan,nan,nan,nan
366.1004137992859,-0.4000000059604645,4.0229997634887695,4.053999900817871,4.050000190734863,4.056000232696533,4.056000232696533,4.060999870300293,nan,nan,nan,nan,nan,nan
366.26090598106384,-0.4000000059604645,4.0229997634887695,4.053999900817871,4.050000190734863,4.056000232696533,4.056000232696533,4.060999870300293,nan,nan,nan,nan,nan,nan
366.44131112098694,-0.38999998569488525,4.0229997634887695,4.053999900817871,4.050000190734863,4.056000232696533,4.056000232696533,4.060999870300293,nan,nan,nan,nan,nan,nan
366.6202118396759,-0.38999998569488525,4.0229997634887695,4.053999900817871,4.050000190734863,4.056000232696533,4.056000232696533,4.060999870300293,nan,nan,nan,nan,nan,nan
366.780677318573,-0.4099999964237213,4.0229997634887695,4.053999900817871,4.050000190734863,4.056000232696533,4.056000232696533,4.060999870300293,nan,nan,nan,nan,nan,nan
366.9610860347748,-0.38999998569488525,4.0229997634887695,4.053999900817871,4.050000190734863,4.056000232696533,4.056000232696533,4.060999870300293,nan,nan,nan,nan,nan,nan
367.1190414428711,-0.4000000059604645,4.0229997634887695,4.053999900817871,4.050000190734863,4.056000232696533,4.056000232696533,4.060999870300293,nan,nan,nan,nan,nan,nan
367.29956007003784,-0.4000000059604645,4.0229997634887695,4.053999900817871,4.050000190734863,4.056000232696533,4.056000232696533,4.060999870300293,nan,nan,nan,nan,nan,nan
367.47980642318726,-0.4000000059604645,4.0229997634887695,4.053999900817871,4.050000190734863,4.056000232696533,4.056000232696533,4.060999870300293,nan,nan,nan,nan,nan,nan
367.6392080783844,-0.4000000059604645,4.0229997634887695,4.053999900817871,4.050000190734863,4.054999828338623,4.056000232696533,4.060999870300293,nan,nan,nan,nan,nan,nan
367.81962037086487,-0.4000000059604645,4.0229997634887695,4.053999900817871,4.050000190734863,4.056000232696533,4.056000232696533,4.060999870300293,nan,nan,nan,nan,nan,nan
367.9802749156952,-0.4000000059604645,4.0229997634887695,4.053999900817871,4.050000190734863,4.056000232696533,4.056000232696533,4.060999870300293,nan,nan,nan,nan,nan,nan
368.1591875553131,-0.4000000059604645,4.0229997634887695,4.053999900817871,4.050000190734863,4.056000232696533,4.056000232696533,4.060999870300293,nan,nan,nan,nan,nan,nan
368.3406219482422,-0.4099999964237213,4.0229997634887695,4.053999900817871,4.050000190734863,4.054999828338623,4.056000232696533,4.060999870300293,nan,nan,nan,nan,nan,nan
368.49967527389526,-0.4000000059604645,4.0229997634887695,4.053999900817871,4.050000190734863,4.056000232696533,4.056000232696533,4.060999870300293,nan,nan,nan,nan,nan,nan
368.68023586273193,-0.4000000059604645,4.0229997634887695,4.053999900817871,4.050000190734863,4.056000232696533,4.056000232696533,4.060999870300293,nan,nan,nan,nan,nan,nan
368.8409059047699,-0.4099999964237213,4.0229997634887695,4.053999900817871,4.050000190734863,4.056000232696533,4.056000232696533,4.060999870300293,nan,nan,nan,nan,nan,nan
369.0200209617615,-0.4000000059604645,4.0229997634887695,4.053999900817871,4.050000190734863,4.056000232696533,4.056000232696533,4.060999870300293,nan,nan,nan,nan,nan,nan
369.20045614242554,-0.4000000059604645,4.0229997634887695,4.053999900817871,4.050000190734863,4.056000232696533,4.056000232696533,4.060999870300293,nan,nan,nan,nan,nan,nan
369.35992431640625,-0.4000000059604645,4.0229997634887695,4.053999900817871,4.050000190734863,4.056000232696533,4.056000232696533,4.060999870300293,nan,nan,nan,nan,nan,nan
369.54017090797424,-0.4000000059604645,4.0229997634887695,4.053999900817871,4.050000190734863,4.056000232696533,4.056000232696533,4.060999870300293,nan,nan,nan,nan,nan,nan
369.72022700309753,-0.38999998569488525,4.0229997634887695,4.053999900817871,4.050000190734863,4.056000232696533,4.056000232696533,4.060999870300293,nan,nan,nan,nan,nan,nan
369.87997174263,-1.5099999904632568,4.0229997634887695,4.053999900817871,4.050000190734863,4.056000232696533,4.056000232696533,4.060999870300293,nan,nan,nan,nan,nan,nan
370.06017303466797,-0.3499999940395355,4.017000198364258,4.047999858856201,4.044000148773193,4.050000190734863,4.050000190734863,4.054999828338623,0.005172038916386527,0.005172449982903487,0.005172449982903487,0.005172449982903487,0.005172449982903487,0.005172449982903487
370.21987104415894,-1.1299999952316284,4.019999980926514,4.052000045776367,4.048999786376953,4.053999900817871,4.053999900817871,4.059000015258789,nan,nan,nan,nan,nan,nan
370.40025901794434,-1.1100000143051147,4.020999908447266,4.051000118255615,4.047999858856201,4.052999973297119,4.053999900817871,4.059000015258789,nan,nan,nan,nan,nan,nan
370.57902336120605,-1.2799999713897705,4.019999980926514,4.052000045776367,4.047999858856201,4.053999900817871,4.053999900817871,4.059000015258789,nan,nan,nan,nan,nan,nan
370.7401056289673,-1.1399999856948853,4.020999908447266,4.051000118255615,4.048999786376953,4.052999973297119,4.053999900817871,4.058000087738037,nan,nan,nan,nan,nan,nan
370.9203541278839,-1.1399999856948853,4.020999908447266,4.051000118255615,4.047999858856201,4.052999973297119,4.053999900817871,4.059000015258789,nan,nan,nan,nan,nan,nan
371.09909558296204,-1.2300000190734863,4.019999980926514,4.051000118255615,4.047999858856201,4.052999973297119,4.053999900817871,4.059000015258789,nan,nan,nan,nan,nan,nan
371.2601578235626,-1.350000023841858,4.020999908447266,4.051000118255615,4.046999931335449,4.052999973297119,4.052999973297119,4.059000015258789,nan,nan,nan,nan,nan,nan
371.4406621456146,-0.8700000047683716,4.019999980926514,4.051000118255615,4.047999858856201,4.052999973297119,4.053999900817871,4.058000087738037,nan,nan,nan,nan,nan,nan
371.60002756118774,-1.1799999475479126,4.019999980926514,4.051000118255615,4.047999858856201,4.052999973297119,4.053999900817871,4.059000015258789,nan,nan,nan,nan,nan,nan
371.7804079055786,-1.1399999856948853,4.019999980926514,4.051000118255615,4.047999858856201,4.052999973297119,4.053999900817871,4.059000015258789,nan,nan,nan,nan,nan,nan
371.9603500366211,-0.4000000059604645,4.021999835968018,4.052999973297119,4.050000190734863,4.054999828338623,4.054999828338623,4.059999942779541,nan,nan,nan,nan,nan,nan
372.12018060684204,-0.4099999964237213,4.021999835968018,4.052999973297119,4.048999786376953,4.054999828338623,4.054999828338623,4.059999942779541,nan,nan,nan,nan,nan,nan
372.3021197319031,-0.4099999964237213,4.021999835968018,4.052999973297119,4.048999786376953,4.054999828338623,4.054999828338623,4.059999942779541,nan,nan,nan,nan,nan,nan
372.4613606929779,-0.4000000059604645,4.021999835968018,4.053999900817871,4.048999786376953,4.054999828338623,4.056000232696533,4.060999870300293,nan,nan,nan,nan,nan,nan
372.64050698280334,-0.38999998569488525,4.021999835968018,4.052999973297119,4.048999786376953,4.054999828338623,4.054999828338623,4.059999942779541,nan,nan,nan,nan,nan,nan
372.8219928741455,-0.4000000059604645,4.021999835968018,4.052999973297119,4.050000190734863,4.054999828338623,4.054999828338623,4.059999942779541,nan,nan,nan,nan,nan,nan
372.9815378189087,-0.4000000059604645,4.021999835968018,4.052999973297119,4.050000190734863,4.054999828338623,4.054999828338623,4.059999942779541,nan,nan,nan,nan,nan,nan
373.16117668151855,-0.4000000059604645,4.021999835968018,4.052999973297119,4.050000190734863,4.054999828338623,4.056000232696533,4.059999942779541,nan,nan,nan,nan,nan,nan
373.32159447669983,-0.4000000059604645,4.021999835968018,4.052999973297119,4.050000190734863,4.054999828338623,4.054999828338623,4.059999942779541,nan,nan,nan,nan,nan,nan
373.500116109848,-0.41999998688697815,4.021999835968018,4.052999973297119,4.050000190734863,4.054999828338623,4.054999828338623,4.059999942779541,nan,nan,nan,nan,nan,nan
373.6810932159424,-0.4000000059604645,4.021999835968018,4.052999973297119,4.050000190734863,4.054999828338623,4.054999828338623,4.060999870300293,nan,nan,nan,nan,nan,nan
373.843220949173,-0.4000000059604645,4.021999835968018,4.052999973297119,4.050000190734863,4.054999828338623,4.054999828338623,4.059999942779541,nan,nan,nan,nan,nan,nan
374.02176666259766,-0.3799999952316284,4.021999835968018,4.052999973297119,4.048999786376953,4.054999828338623,4.056000232696533,4.059999942779541,nan,nan,nan,nan,nan,nan
374.1826283931732,-0.4000000059604645,4.021999835968018,4.052999973297119,4.050000190734863,4.054999828338623,4.054999828338623,4.059999942779541,nan,nan,nan,nan,nan,nan
374.3613209724426,-0.4000000059604645,4.021999835968018,4.052999973297119,4.050000190734863,4.054999828338623,4.054999828338623,4.059999942779541,nan,nan,nan,nan,nan,nan
374.53964376449585,-0.4000000059604645,4.021999835968018,4.052999973297119,4.050000190734863,4.054999828338623,4.054999828338623,4.059999942779541,nan,nan,nan,nan,nan,nan
374.6992735862732,-0.4000000059604645,4.021999835968018,4.052999973297119,4.050000190734863,4.054999828338623,4.056000232696533,4.059999942779541,nan,nan,nan,nan,nan,nan
374.87949681282043,-0.4099999964237213,4.021999835968018,4.052999973297119,4.050000190734863,4.054999828338623,4.054999828338623,4.059999942779541,nan,nan,nan,nan,nan,nan
375.06114983558655,-0.4000000059604645,4.0229997634887695,4.052999973297119,4.050000190734863,4.054999828338623,4.054999828338623,4.060999870300293,nan,nan,nan,nan,nan,nan
375.22075176239014,-0.4000000059604645,4.021999835968018,4.053999900817871,4.050000190734863,4.054999828338623,4.054999828338623,4.059999942779541,nan,nan,nan,nan,nan,nan
375.3995144367218,-0.4000000059604645,4.021999835968018,4.052999973297119,4.048999786376953,4.054999828338623,4.056000232696533,4.059999942779541,nan,nan,nan,nan,nan,nan
375.5601489543915,-0.4099999964237213,4.021999835968018,4.052999973297119,4.050000190734863,4.054999828338623,4.056000232696533,4.060999870300293,nan,nan,nan,nan,nan,nan
375.739196062088,-0.38999998569488525,4.021999835968018,4.052999973297119,4.050000190734863,4.054999828338623,4.054999828338623,4.060999870300293,nan,nan,nan,nan,nan,nan
375.92111134529114,-0.4000000059604645,4.021999835968018,4.053999900817871,4.050000190734863,4.054999828338623,4.056000232696533,4.059999942779541,nan,nan,nan,nan,nan,nan
376.0801944732666,-0.4000000059604645,4.021999835968018,4.053999900817871,4.050000190734863,4.054999828338623,4.056000232696533,4.060999870300293,nan,nan,nan,nan,nan,nan
376.25941252708435,-0.4000000059604645,4.021999835968018,4.052999973297119,4.050000190734863,4.054999828338623,4.056000232696533,4.059999942779541,nan,nan,nan,nan,nan,nan
376.42025208473206,-0.38999998569488525,4.021999835968018,4.053999900817871,4.050000190734863,4.054999828338623,4.056000232696533,4.059999942779541,nan,nan,nan,nan,nan,nan
376.60008358955383,-0.4000000059604645,4.021999835968018,4.052999973297119,4.050000190734863,4.054999828338623,4.056000232696533,4.060999870300293,nan,nan,nan,nan,nan,nan
376.78003764152527,-0.4000000059604645,4.021999835968018,4.052999973297119,4.050000190734863,4.054999828338623,4.056000232696533,4.060999870300293,nan,nan,nan,nan,nan,nan
376.9395384788513,-0.4000000059604645,4.021999835968018,4.052999973297119,4.050000190734863,4.054999828338623,4.056000232696533,4.059999942779541,nan,nan,nan,nan,nan,nan
377.11994194984436,-0.4000000059604645,4.0229997634887695,4.052999973297119,4.050000190734863,4.054999828338623,4.056000232696533,4.059999942779541,nan,nan,nan,nan,nan,nan
377.30021691322327,-0.4000000059604645,4.0229997634887695,4.052999973297119,4.050000190734863,4.054999828338623,4.054999828338623,4.059999942779541,nan,nan,nan,nan,nan,nan
377.4595468044281,-0.4000000059604645,4.021999835968018,4.052999973297119,4.050000190734863,4.054999828338623,4.056000232696533,4.060999870300293,nan,nan,nan,nan,nan,nan
377.63978266716003,-0.4000000059604645,4.021999835968018,4.052999973297119,4.050000190734863,4.054999828338623,4.056000232696533,4.060999870300293,nan,nan,nan,nan,nan,nan
377.79936480522156,-0.4099999964237213,4.0229997634887695,4.053999900817871,4.050000190734863,4.054999828338623,4.054999828338623,4.060999870300293,nan,nan,nan,nan,nan,nan
377.9797146320343,-0.4000000059604645,4.021999835968018,4.053999900817871,4.048999786376953,4.054999828338623,4.056000232696533,4.059999942779541,nan,nan,nan,nan,nan,nan
378.1603834629059,-0.38999998569488525,4.0229997634887695,4.052999973297119,4.050000190734863,4.054999828338623,4.056000232696533,4.059999942779541,nan,nan,nan,nan,nan,nan
378.31949496269226,-0.4099999964237213,4.021999835968018,4.053999900817871,4.050000190734863,4.054999828338623,4.054999828338623,4.060999870300293,nan,nan,nan,nan,nan,nan
378.5002443790436,-0.4099999964237213,4.021999835968018,4.052999973297119,4.050000190734863,4.054999828338623,4.056000232696533,4.059999942779541,nan,nan,nan,nan,nan,nan
378.65905356407166,-0.4000000059604645,4.021999835968018,4.052999973297119,4.050000190734863,4.054999828338623,4.054999828338623,4.059999942779541,nan,nan,nan,nan,nan,nan
378.83955907821655,-0.4000000059604645,4.021999835968018,4.052999973297119,4.050000190734863,4.054999828338623,4.054999828338623,4.060999870300293,nan,nan,nan,nan,nan,nan
379.0209400653839,-0.38999998569488525,4.021999835968018,4.053999900817871,4.050000190734863,4.054999828338623,4.054999828338623,4.060999870300293,nan,nan,nan,nan,nan,nan
379.18047285079956,-0.4000000059604645,4.021999835968018,4.052999973297119,4.050000190734863,4.054999828338623,4.056000232696533,4.060999870300293,nan,nan,nan,nan,nan,nan
379.3590979576111,-0.4000000059604645,4.021999835968018,4.053999900817871,4.050000190734863,4.054999828338623,4.056000232696533,4.060999870300293,nan,nan,nan,nan,nan,nan
379.5197944641113,-0.41999998688697815,4.0229997634887695,4.053999900817871,4.050000190734863,4.054999828338623,4.054999828338623,4.059999942779541,nan,nan,nan,nan,nan,nan
379.70017647743225,-0.4000000059604645,4.021999835968018,4.053999900817871,4.050000190734863,4.054999828338623,4.056000232696533,4.059999942779541,nan,nan,nan,nan,nan,nan
379.88047671318054,-0.4000000059604645,4.021999835968018,4.053999900817871,4.050000190734863,4.054999828338623,4.056000232696533,4.059999942779541,nan,nan,nan,nan,nan,nan
380.0396478176117,-0.41999998688697815,4.0229997634887695,4.053999900817871,4.050000190734863,4.054999828338623,4.054999828338623,4.060999870300293,nan,nan,nan,nan,nan,nan
