Time (s),Current (A),Voltage_Cell1 (V),Voltage_Cell2 (V),Voltage_Cell3 (V),Voltage_Cell4 (V),Voltage_Cell5 (V),Voltage_Cell6 (V),Resistance_Cell1 (Ohm),Resistance_Cell2 (Ohm),Resistance_Cell3 (Ohm),Resistance_Cell4 (Ohm),Resistance_Cell5 (Ohm),Resistance_Cell6 (Ohm),MovingAvg_Cell1 (Ohm),MovingAvg_Cell2 (Ohm),MovingAvg_Cell3 (Ohm),MovingAvg_Cell4 (Ohm),MovingAvg_Cell5 (Ohm),MovingAvg_Cell6 (Ohm)
0.0,-0.38999998569488525,4.035999774932861,4.061999797821045,4.059999942779541,4.064000129699707,4.065000057220459,4.067999839782715,nan,nan,nan,nan,nan,nan,nan,nan,nan,nan,nan,nan
0.17861557006835938,-0.4099999964237213,4.035999774932861,4.063000202178955,4.059999942779541,4.064000129699707,4.064000129699707,4.067999839782715,nan,nan,nan,nan,nan,nan,nan,nan,nan,nan,nan,nan
0.34154391288757324,-0.4000000059604645,4.035999774932861,4.061999797821045,4.059999942779541,4.064000129699707,4.065000057220459,4.067999839782715,nan,nan,nan,nan,nan,nan,nan,nan,nan,nan,nan,nan
0.5188117027282715,-0.4000000059604645,4.035999774932861,4.063000202178955,4.059999942779541,4.064000129699707,4.065000057220459,4.067999839782715,nan,nan,nan,nan,nan,nan,nan,nan,nan,nan,nan,nan
0.698878288269043,-0.4000000059604645,4.035999774932861,4.061999797821045,4.059999942779541,4.064000129699707,4.064000129699707,4.067999839782715,nan,nan,nan,nan,nan,nan,nan,nan,nan,nan,nan,nan
0.8582956790924072,-0.38999998569488525,4.035999774932861,4.063000202178955,4.059999942779541,4.064000129699707,4.064000129699707,4.067999839782715,nan,nan,nan,nan,nan,nan,nan,nan,nan,nan,nan,nan
1.0387580394744873,-0.4000000059604645,4.035999774932861,4.063000202178955,4.059999942779541,4.064000129699707,4.065000057220459,4.067999839782715,nan,nan,nan,nan,nan,nan,nan,nan,nan,nan,nan,nan
1.1998202800750732,-0.4300000071525574,4.035999774932861,4.063000202178955,4.059999942779541,4.064000129699707,4.065000057220459,4.067999839782715,nan,nan,nan,nan,nan,nan,nan,nan,nan,nan,nan,nan
1.3787915706634521,-0.4000000059604645,4.035999774932861,4.063000202178955,4.059999942779541,4.064000129699707,4.065000057220459,4.067999839782715,nan,nan,nan,nan,nan,nan,nan,nan,nan,nan,nan,nan
1.558903455734253,-0.4000000059604645,4.035999774932861,4.061999797821045,4.059999942779541,4.064000129699707,4.065000057220459,4.067999839782715,nan,nan,nan,nan,nan,nan,nan,nan,nan,nan,nan,nan
1.7186543941497803,-0.4000000059604645,4.035999774932861,4.063000202178955,4.059999942779541,4.064000129699707,4.064000129699707,4.067999839782715,nan,nan,nan,nan,nan,nan,nan,nan,nan,nan,nan,nan
1.8991634845733643,-0.4000000059604645,4.035999774932861,4.063000202178955,4.059999942779541,4.064000129699707,4.064000129699707,4.067999839782715,nan,nan,nan,nan,nan,nan,nan,nan,nan,nan,nan,nan
2.058762788772583,-0.38999998569488525,4.035999774932861,4.063000202178955,4.059999942779541,4.063000202178955,4.065000057220459,4.067999839782715,nan,nan,nan,nan,nan,nan,nan,nan,nan,nan,nan,nan
2.2393386363983154,-0.4000000059604645,4.035999774932861,4.063000202178955,4.059999942779541,4.064000129699707,4.064000129699707,4.067999839782715,nan,nan,nan,nan,nan,nan,nan,nan,nan,nan,nan,nan
2.41957950592041,-0.4000000059604645,4.035999774932861,4.061999797821045,4.059999942779541,4.064000129699707,4.064000129699707,4.067999839782715,nan,nan,nan,nan,nan,nan,nan,nan,nan,nan,nan,nan
2.578890800476074,-0.4099999964237213,4.035999774932861,4.063000202178955,4.059999942779541,4.064000129699707,4.065000057220459,4.067999839782715,nan,nan,nan,nan,nan,nan,nan,nan,nan,nan,nan,nan
2.7592904567718506,-0.4000000059604645,4.035999774932861,4.063000202178955,4.059999942779541,4.064000129699707,4.064000129699707,4.067999839782715,nan,nan,nan,nan,nan,nan,nan,nan,nan,nan,nan,nan
2.9392824172973633,-0.4000000059604645,4.035999774932861,4.061999797821045,4.059999942779541,4.064000129699707,4.064000129699707,4.067999839782715,nan,nan,nan,nan,nan,nan,nan,nan,nan,nan,nan,nan
3.1002140045166016,-0.4000000059604645,4.035999774932861,4.061999797821045,4.059999942779541,4.064000129699707,4.064000129699707,4.067999839782715,nan,nan,nan,nan,nan,nan,nan,nan,nan,nan,nan,nan
3.2820444107055664,-0.4099999964237213,4.035999774932861,4.063000202178955,4.059999942779541,4.064000129699707,4.065000057220459,4.067999839782715,nan,nan,nan,nan,nan,nan,nan,nan,nan,nan,nan,nan
3.439974069595337,-0.4000000059604645,4.035999774932861,4.061999797821045,4.059999942779541,4.064000129699707,4.065000057220459,4.067999839782715,nan,nan,nan,nan,nan,nan,nan,nan,nan,nan,nan,nan
3.618842840194702,-0.41999998688697815,4.035999774932861,4.063000202178955,4.059999942779541,4.064000129699707,4.064000129699707,4.067999839782715,nan,nan,nan,nan,nan,nan,nan,nan,nan,nan,nan,nan
3.799081563949585,-0.4099999964237213,4.035999774932861,4.061999797821045,4.059999942779541,4.064000129699707,4.064000129699707,4.067999839782715,nan,nan,nan,nan,nan,nan,nan,nan,nan,nan,nan,nan
3.958695411682129,-0.4099999964237213,4.035999774932861,4.061999797821045,4.059999942779541,4.063000202178955,4.064000129699707,4.067999839782715,nan,nan,nan,nan,nan,nan,nan,nan,nan,nan,nan,nan
4.139028310775757,-0.4000000059604645,4.035999774932861,4.063000202178955,4.059999942779541,4.064000129699707,4.064000129699707,4.066999912261963,nan,nan,nan,nan,nan,nan,nan,nan,nan,nan,nan,nan
4.298657417297363,-0.4000000059604645,4.035999774932861,4.063000202178955,4.059999942779541,4.064000129699707,4.064000129699707,4.067999839782715,nan,nan,nan,nan,nan,nan,nan,nan,nan,nan,nan,nan
4.4792094230651855,-0.4000000059604645,4.035999774932861,4.063000202178955,4.059999942779541,4.063000202178955,4.064000129699707,4.067999839782715,nan,nan,nan,nan,nan,nan,nan,nan,nan,nan,nan,nan
4.6597700119018555,-0.4000000059604645,4.035999774932861,4.063000202178955,4.059999942779541,4.064000129699707,4.064000129699707,4.067999839782715,nan,nan,nan,nan,nan,nan,nan,nan,nan,nan,nan,nan
4.818938970565796,-0.3799999952316284,4.035999774932861,4.063000202178955,4.059999942779541,4.064000129699707,4.064000129699707,4.067999839782715,nan,nan,nan,nan,nan,nan,nan,nan,nan,nan,nan,nan
4.999480485916138,-0.4099999964237213,4.035999774932861,4.061999797821045,4.059999942779541,4.064000129699707,4.064000129699707,4.067999839782715,nan,nan,nan,nan,nan,nan,nan,nan,nan,nan,nan,nan
5.179708480834961,-0.41999998688697815,4.035999774932861,4.061999797821045,4.059999942779541,4.064000129699707,4.064000129699707,4.066999912261963,nan,nan,nan,nan,nan,nan,nan,nan,nan,nan,nan,nan
5.339374542236328,-0.4099999964237213,4.035999774932861,4.063000202178955,4.059999942779541,4.064000129699707,4.065000057220459,4.067999839782715,nan,nan,nan,nan,nan,nan,nan,nan,nan,nan,nan,nan
5.519806385040283,-0.4099999964237213,4.035999774932861,4.063000202178955,4.059999942779541,4.064000129699707,4.064000129699707,4.067999839782715,nan,nan,nan,nan,nan,nan,nan,nan,nan,nan,nan,nan
5.679601192474365,-0.4000000059604645,4.035999774932861,4.061999797821045,4.059999942779541,4.063000202178955,4.064000129699707,4.067999839782715,nan,nan,nan,nan,nan,nan,nan,nan,nan,nan,nan,nan
5.859681606292725,-0.4099999964237213,4.035999774932861,4.063000202178955,4.059999942779541,4.064000129699707,4.064000129699707,4.067999839782715,nan,nan,nan,nan,nan,nan,nan,nan,nan,nan,nan,nan
6.039884090423584,-0.4000000059604645,4.035999774932861,4.061999797821045,4.059999942779541,4.063000202178955,4.064000129699707,4.067999839782715,nan,nan,nan,nan,nan,nan,nan,nan,nan,nan,nan,nan
6.199361324310303,-0.4099999964237213,4.035999774932861,4.061999797821045,4.059999942779541,4.064000129699707,4.065000057220459,4.067999839782715,nan,nan,nan,nan,nan,nan,nan,nan,nan,nan,nan,nan
6.37975287437439,-0.4000000059604645,4.035999774932861,4.063000202178955,4.059999942779541,4.064000129699707,4.064000129699707,4.067999839782715,nan,nan,nan,nan,nan,nan,nan,nan,nan,nan,nan,nan
6.539063930511475,-0.4099999964237213,4.035999774932861,4.061999797821045,4.059999942779541,4.064000129699707,4.064000129699707,4.067999839782715,nan,nan,nan,nan,nan,nan,nan,nan,nan,nan,nan,nan
6.719688177108765,-0.3799999952316284,4.035999774932861,4.063000202178955,4.059999942779541,4.064000129699707,4.064000129699707,4.067999839782715,nan,nan,nan,nan,nan,nan,nan,nan,nan,nan,nan,nan
6.90007209777832,-0.4000000059604645,4.035999774932861,4.061999797821045,4.059999942779541,4.063000202178955,4.064000129699707,4.067999839782715,nan,nan,nan,nan,nan,nan,nan,nan,nan,nan,nan,nan
7.061129093170166,-0.4000000059604645,4.034999847412109,4.063000202178955,4.059999942779541,4.064000129699707,4.064000129699707,4.067999839782715,nan,nan,nan,nan,nan,nan,nan,nan,nan,nan,nan,nan
7.239866256713867,-0.4000000059604645,4.035999774932861,4.063000202178955,4.059999942779541,4.063000202178955,4.064000129699707,4.067999839782715,nan,nan,nan,nan,nan,nan,nan,nan,nan,nan,nan,nan
7.418753623962402,-0.4099999964237213,4.035999774932861,4.061999797821045,4.059999942779541,4.064000129699707,4.064000129699707,4.066999912261963,nan,nan,nan,nan,nan,nan,nan,nan,nan,nan,nan,nan
7.580165863037109,-0.4000000059604645,4.035999774932861,4.063000202178955,4.059999942779541,4.063000202178955,4.064000129699707,4.067999839782715,nan,nan,nan,nan,nan,nan,nan,nan,nan,nan,nan,nan
7.758815288543701,-0.4000000059604645,4.035999774932861,4.061999797821045,4.059999942779541,4.064000129699707,4.064000129699707,4.067999839782715,nan,nan,nan,nan,nan,nan,nan,nan,nan,nan,nan,nan
7.919782638549805,-0.4000000059604645,4.035999774932861,4.061999797821045,4.059999942779541,4.064000129699707,4.065000057220459,4.067999839782715,nan,nan,nan,nan,nan,nan,nan,nan,nan,nan,nan,nan
8.098670721054077,-0.4000000059604645,4.035999774932861,4.063000202178955,4.059999942779541,4.064000129699707,4.064000129699707,4.067999839782715,nan,nan,nan,nan,nan,nan,nan,nan,nan,nan,nan,nan
8.279130935668945,-0.38999998569488525,4.035999774932861,4.061999797821045,4.059999942779541,4.064000129699707,4.065000057220459,4.067999839782715,nan,nan,nan,nan,nan,nan,nan,nan,nan,nan,nan,nan
8.440066814422607,-0.4000000059604645,4.035999774932861,4.061999797821045,4.059999942779541,4.064000129699707,4.064000129699707,4.067999839782715,nan,nan,nan,nan,nan,nan,nan,nan,nan,nan,nan,nan
8.61873197555542,-0.38999998569488525,4.035999774932861,4.063000202178955,4.059999942779541,4.063000202178955,4.064000129699707,4.066999912261963,nan,nan,nan,nan,nan,nan,nan,nan,nan,nan,nan,nan
8.7990140914917,-0.3799999952316284,4.035999774932861,4.061999797821045,4.059999942779541,4.063000202178955,4.064000129699707,4.067999839782715,nan,nan,nan,nan,nan,nan,nan,nan,nan,nan,nan,nan
8.960357427597046,-0.4000000059604645,4.035999774932861,4.061999797821045,4.059999942779541,4.063000202178955,4.064000129699707,4.067999839782715,nan,nan,nan,nan,nan,nan,nan,nan,nan,nan,nan,nan
9.139175415039062,-0.4000000059604645,4.034999847412109,4.061999797821045,4.059999942779541,4.064000129699707,4.064000129699707,4.067999839782715,nan,nan,nan,nan,nan,nan,nan,nan,nan,nan,nan,nan
9.298558473587036,-0.4000000059604645,4.034999847412109,4.063000202178955,4.059999942779541,4.064000129699707,4.064000129699707,4.067999839782715,nan,nan,nan,nan,nan,nan,nan,nan,nan,nan,nan,nan
9.478931188583374,-0.38999998569488525,4.035999774932861,4.063000202178955,4.059999942779541,4.064000129699707,4.064000129699707,4.067999839782715,nan,nan,nan,nan,nan,nan,nan,nan,nan,nan,nan,nan
9.65918493270874,-0.4000000059604645,4.035999774932861,4.061999797821045,4.059999942779541,4.063000202178955,4.064000129699707,4.066999912261963,nan,nan,nan,nan,nan,nan,nan,nan,nan,nan,nan,nan
9.819764852523804,-0.4099999964237213,4.035999774932861,4.061999797821045,4.059999942779541,4.064000129699707,4.064000129699707,4.067999839782715,nan,nan,nan,nan,nan,nan,nan,nan,nan,nan,nan,nan
9.998686075210571,-0.38999998569488525,4.035999774932861,4.061999797821045,4.059999942779541,4.063000202178955,4.064000129699707,4.067999839782715,nan,nan,nan,nan,nan,nan,nan,nan,nan,nan,nan,nan
10.159717082977295,-0.4000000059604645,4.035999774932861,4.061999797821045,4.059999942779541,4.064000129699707,4.064000129699707,4.066999912261963,nan,nan,nan,nan,nan,nan,nan,nan,nan,nan,nan,nan
10.338728904724121,-0.4000000059604645,4.035999774932861,4.063000202178955,4.059999942779541,4.064000129699707,4.065000057220459,4.067999839782715,nan,nan,nan,nan,nan,nan,nan,nan,nan,nan,nan,nan
10.519158601760864,-0.4000000059604645,4.035999774932861,4.061999797821045,4.059999942779541,4.064000129699707,4.064000129699707,4.067999839782715,nan,nan,nan,nan,nan,nan,nan,nan,nan,nan,nan,nan
10.680092096328735,-0.4000000059604645,4.034999847412109,4.061999797821045,4.059999942779541,4.064000129699707,4.064000129699707,4.067999839782715,nan,nan,nan,nan,nan,nan,nan,nan,nan,nan,nan,nan
10.862128257751465,-0.4000000059604645,4.035999774932861,4.063000202178955,4.059999942779541,4.063000202178955,4.064000129699707,4.067999839782715,nan,nan,nan,nan,nan,nan,nan,nan,nan,nan,nan,nan
11.04103684425354,-0.4000000059604645,4.034999847412109,4.061999797821045,4.059999942779541,4.064000129699707,4.064000129699707,4.067999839782715,nan,nan,nan,nan,nan,nan,nan,nan,nan,nan,nan,nan
11.198560237884521,-0.4000000059604645,4.035999774932861,4.061999797821045,4.059999942779541,4.063000202178955,4.064000129699707,4.067999839782715,nan,nan,nan,nan,nan,nan,nan,nan,nan,nan,nan,nan
11.379307508468628,-0.4000000059604645,4.034999847412109,4.061999797821045,4.059999942779541,4.064000129699707,4.064000129699707,4.067999839782715,nan,nan,nan,nan,nan,nan,nan,nan,nan,nan,nan,nan
11.538620710372925,-0.4000000059604645,4.035999774932861,4.061999797821045,4.059999942779541,4.063000202178955,4.064000129699707,4.067999839782715,nan,nan,nan,nan,nan,nan,nan,nan,nan,nan,nan,nan
11.719078302383423,-0.4000000059604645,4.034999847412109,4.061999797821045,4.059999942779541,4.064000129699707,4.064000129699707,4.067999839782715,nan,nan,nan,nan,nan,nan,nan,nan,nan,nan,nan,nan
11.899324417114258,-0.4000000059604645,4.034999847412109,4.061999797821045,4.059999942779541,4.063000202178955,4.064000129699707,4.066999912261963,nan,nan,nan,nan,nan,nan,nan,nan,nan,nan,nan,nan
12.059258937835693,-0.4000000059604645,4.035999774932861,4.061999797821045,4.059999942779541,4.063000202178955,4.064000129699707,4.066999912261963,nan,nan,nan,nan,nan,nan,nan,nan,nan,nan,nan,nan
12.240888357162476,-0.4099999964237213,4.034999847412109,4.061999797821045,4.059999942779541,4.064000129699707,4.064000129699707,4.067999839782715,nan,nan,nan,nan,nan,nan,nan,nan,nan,nan,nan,nan
12.398776054382324,-0.38999998569488525,4.034999847412109,4.061999797821045,4.059999942779541,4.064000129699707,4.064000129699707,4.067999839782715,nan,nan,nan,nan,nan,nan,nan,nan,nan,nan,nan,nan
12.579209327697754,-0.4000000059604645,4.034999847412109,4.061999797821045,4.059999942779541,4.064000129699707,4.064000129699707,4.067999839782715,nan,nan,nan,nan,nan,nan,nan,nan,nan,nan,nan,nan
12.759612560272217,-0.4099999964237213,4.035999774932861,4.061999797821045,4.059999942779541,4.063000202178955,4.064000129699707,4.067999839782715,nan,nan,nan,nan,nan,nan,nan,nan,nan,nan,nan,nan
12.918976545333862,-0.4099999964237213,4.035999774932861,4.061999797821045,4.059999942779541,4.063000202178955,4.065000057220459,4.067999839782715,nan,nan,nan,nan,nan,nan,nan,nan,nan,nan,nan,nan
13.099603652954102,-0.3799999952316284,4.034999847412109,4.061999797821045,4.059999942779541,4.064000129699707,4.064000129699707,4.067999839782715,nan,nan,nan,nan,nan,nan,nan,nan,nan,nan,nan,nan
13.279677391052246,-0.4000000059604645,4.035999774932861,4.063000202178955,4.059999942779541,4.063000202178955,4.064000129699707,4.067999839782715,nan,nan,nan,nan,nan,nan,nan,nan,nan,nan,nan,nan
13.439323902130127,-0.4000000059604645,4.034999847412109,4.061999797821045,4.059999942779541,4.064000129699707,4.064000129699707,4.066999912261963,nan,nan,nan,nan,nan,nan,nan,nan,nan,nan,nan,nan
13.619706869125366,-0.4099999964237213,4.035999774932861,4.063000202178955,4.059999942779541,4.063000202178955,4.064000129699707,4.067999839782715,nan,nan,nan,nan,nan,nan,nan,nan,nan,nan,nan,nan
13.779317617416382,-0.4000000059604645,4.034999847412109,4.061999797821045,4.059999942779541,4.063000202178955,4.064000129699707,4.066999912261963,nan,nan,nan,nan,nan,nan,nan,nan,nan,nan,nan,nan
13.961348533630371,-0.4000000059604645,4.035999774932861,4.061999797821045,4.059999942779541,4.063000202178955,4.064000129699707,4.067999839782715,nan,nan,nan,nan,nan,nan,nan,nan,nan,nan,nan,nan
14.139894485473633,-0.4099999964237213,4.035999774932861,4.061999797821045,4.059999942779541,4.063000202178955,4.064000129699707,4.067999839782715,nan,nan,nan,nan,nan,nan,nan,nan,nan,nan,nan,nan
14.299311876296997,-0.4000000059604645,4.034999847412109,4.061999797821045,4.059999942779541,4.063000202178955,4.064000129699707,4.067999839782715,nan,nan,nan,nan,nan,nan,nan,nan,nan,nan,nan,nan
14.479400157928467,-0.38999998569488525,4.034999847412109,4.061999797821045,4.059999942779541,4.064000129699707,4.064000129699707,4.067999839782715,nan,nan,nan,nan,nan,nan,nan,nan,nan,nan,nan,nan
14.640612363815308,-0.38999998569488525,4.034999847412109,4.061999797821045,4.059999942779541,4.063000202178955,4.064000129699707,4.067999839782715,nan,nan,nan,nan,nan,nan,nan,nan,nan,nan,nan,nan
14.819252967834473,-0.38999998569488525,4.034999847412109,4.061999797821045,4.059999942779541,4.064000129699707,4.064000129699707,4.067999839782715,nan,nan,nan,nan,nan,nan,nan,nan,nan,nan,nan,nan
14.999502658843994,-0.38999998569488525,4.035999774932861,4.061999797821045,4.059999942779541,4.063000202178955,4.064000129699707,4.067999839782715,nan,nan,nan,nan,nan,nan,nan,nan,nan,nan,nan,nan
15.158974170684814,-0.4000000059604645,4.034999847412109,4.061999797821045,4.059999942779541,4.064000129699707,4.064000129699707,4.067999839782715,nan,nan,nan,nan,nan,nan,nan,nan,nan,nan,nan,nan
15.339640855789185,-0.4099999964237213,4.034999847412109,4.061999797821045,4.059999942779541,4.063000202178955,4.064000129699707,4.067999839782715,nan,nan,nan,nan,nan,nan,nan,nan,nan,nan,nan,nan
15.519856929779053,-0.4000000059604645,4.034999847412109,4.061999797821045,4.059999942779541,4.064000129699707,4.064000129699707,4.066999912261963,nan,nan,nan,nan,nan,nan,nan,nan,nan,nan,nan,nan
15.679506540298462,-0.4099999964237213,4.034999847412109,4.061999797821045,4.059999942779541,4.063000202178955,4.064000129699707,4.066999912261963,nan,nan,nan,nan,nan,nan,nan,nan,nan,nan,nan,nan
15.859646081924438,-0.4000000059604645,4.034999847412109,4.063000202178955,4.059999942779541,4.064000129699707,4.064000129699707,4.067999839782715,nan,nan,nan,nan,nan,nan,nan,nan,nan,nan,nan,nan
16.019256114959717,-0.4099999964237213,4.034999847412109,4.061999797821045,4.059999942779541,4.063000202178955,4.064000129699707,4.067999839782715,nan,nan,nan,nan,nan,nan,nan,nan,nan,nan,nan,nan
16.199830293655396,-0.4000000059604645,4.034999847412109,4.061999797821045,4.059999942779541,4.063000202178955,4.064000129699707,4.066999912261963,nan,nan,nan,nan,nan,nan,nan,nan,nan,nan,nan,nan
16.379963874816895,-0.38999998569488525,4.034999847412109,4.061999797821045,4.059999942779541,4.063000202178955,4.064000129699707,4.066999912261963,nan,nan,nan,nan,nan,nan,nan,nan,nan,nan,nan,nan
16.53942584991455,-0.41999998688697815,4.034999847412109,4.061999797821045,4.059999942779541,4.063000202178955,4.064000129699707,4.067999839782715,nan,nan,nan,nan,nan,nan,nan,nan,nan,nan,nan,nan
16.71975588798523,-0.4000000059604645,4.034999847412109,4.061999797821045,4.059999942779541,4.063000202178955,4.064000129699707,4.066999912261963,nan,nan,nan,nan,nan,nan,nan,nan,nan,nan,nan,nan
16.87918186187744,-0.4000000059604645,4.034999847412109,4.061999797821045,4.059999942779541,4.063000202178955,4.064000129699707,4.067999839782715,nan,nan,nan,nan,nan,nan,nan,nan,nan,nan,nan,nan
17.059868812561035,-0.38999998569488525,4.035999774932861,4.061999797821045,4.059999942779541,4.063000202178955,4.064000129699707,4.067999839782715,nan,nan,nan,nan,nan,nan,nan,nan,nan,nan,nan,nan
17.238756895065308,-0.4000000059604645,4.034999847412109,4.061999797821045,4.059999942779541,4.064000129699707,4.064000129699707,4.066999912261963,nan,nan,nan,nan,nan,nan,nan,nan,nan,nan,nan,nan
17.40000557899475,-0.4099999964237213,4.034999847412109,4.061999797821045,4.059999942779541,4.063000202178955,4.064000129699707,4.066999912261963,nan,nan,nan,nan,nan,nan,nan,nan,nan,nan,nan,nan
17.5800724029541,-0.4300000071525574,4.035999774932861,4.061999797821045,4.059999942779541,4.064000129699707,4.064000129699707,4.067999839782715,nan,nan,nan,nan,nan,nan,nan,nan,nan,nan,nan,nan
17.760000228881836,-0.4000000059604645,4.034999847412109,4.063000202178955,4.059999942779541,4.063000202178955,4.064000129699707,4.066999912261963,nan,nan,nan,nan,nan,nan,nan,nan,nan,nan,nan,nan
17.919657945632935,-0.4000000059604645,4.034999847412109,4.061999797821045,4.059999942779541,4.064000129699707,4.064000129699707,4.067999839782715,nan,nan,nan,nan,nan,nan,nan,nan,nan,nan,nan,nan
18.09858274459839,-0.4000000059604645,4.034999847412109,4.061999797821045,4.059999942779541,4.063000202178955,4.064000129699707,4.066999912261963,nan,nan,nan,nan,nan,nan,nan,nan,nan,nan,nan,nan
18.259931325912476,-0.38999998569488525,4.034999847412109,4.061999797821045,4.059999942779541,4.063000202178955,4.064000129699707,4.067999839782715,nan,nan,nan,nan,nan,nan,nan,nan,nan,nan,nan,nan
18.440561532974243,-0.4000000059604645,4.034999847412109,4.061999797821045,4.059999942779541,4.063000202178955,4.064000129699707,4.066999912261963,nan,nan,nan,nan,nan,nan,nan,nan,nan,nan,nan,nan
18.618805170059204,-0.41999998688697815,4.034999847412109,4.061999797821045,4.059999942779541,4.063000202178955,4.064000129699707,4.066999912261963,nan,nan,nan,nan,nan,nan,nan,nan,nan,nan,nan,nan
18.7797212600708,-0.4000000059604645,4.034999847412109,4.061999797821045,4.059999942779541,4.063000202178955,4.064000129699707,4.066999912261963,nan,nan,nan,nan,nan,nan,nan,nan,nan,nan,nan,nan
18.959022521972656,-0.4000000059604645,4.034999847412109,4.061999797821045,4.059999942779541,4.063000202178955,4.064000129699707,4.067999839782715,nan,nan,nan,nan,nan,nan,nan,nan,nan,nan,nan,nan
19.139031410217285,-0.4000000059604645,4.034999847412109,4.061999797821045,4.059999942779541,4.063000202178955,4.064000129699707,4.066999912261963,nan,nan,nan,nan,nan,nan,nan,nan,nan,nan,nan,nan
19.298569202423096,-0.4000000059604645,4.034999847412109,4.061999797821045,4.059999942779541,4.063000202178955,4.064000129699707,4.067999839782715,nan,nan,nan,nan,nan,nan,nan,nan,nan,nan,nan,nan
19.479312896728516,-0.4000000059604645,4.034999847412109,4.061999797821045,4.059999942779541,4.063000202178955,4.064000129699707,4.067999839782715,nan,nan,nan,nan,nan,nan,nan,nan,nan,nan,nan,nan
19.638638496398926,-0.4000000059604645,4.034999847412109,4.061999797821045,4.059999942779541,4.063000202178955,4.064000129699707,4.067999839782715,nan,nan,nan,nan,nan,nan,nan,nan,nan,nan,nan,nan
19.818912744522095,-0.4000000059604645,4.034999847412109,4.061999797821045,4.059999942779541,4.063000202178955,4.064000129699707,4.066999912261963,nan,nan,nan,nan,nan,nan,nan,nan,nan,nan,nan,nan
19.999090671539307,-0.4000000059604645,4.034999847412109,4.063000202178955,4.059000015258789,4.063000202178955,4.064000129699707,4.066999912261963,nan,nan,nan,nan,nan,nan,nan,nan,nan,nan,nan,nan
20.15877604484558,-0.4000000059604645,4.034999847412109,4.061999797821045,4.059999942779541,4.063000202178955,4.064000129699707,4.066999912261963,nan,nan,nan,nan,nan,nan,nan,nan,nan,nan,nan,nan
20.340590715408325,-0.4000000059604645,4.034999847412109,4.061999797821045,4.059999942779541,4.063000202178955,4.064000129699707,4.066999912261963,nan,nan,nan,nan,nan,nan,nan,nan,nan,nan,nan,nan
20.499818563461304,-0.4000000059604645,4.034999847412109,4.061999797821045,4.059999942779541,4.063000202178955,4.064000129699707,4.066999912261963,nan,nan,nan,nan,nan,nan,nan,nan,nan,nan,nan,nan
20.680357933044434,-0.4000000059604645,4.034999847412109,4.061999797821045,4.059000015258789,4.063000202178955,4.064000129699707,4.066999912261963,nan,nan,nan,nan,nan,nan,nan,nan,nan,nan,nan,nan
20.859452724456787,-0.4000000059604645,4.034999847412109,4.061999797821045,4.059999942779541,4.063000202178955,4.064000129699707,4.067999839782715,nan,nan,nan,nan,nan,nan,nan,nan,nan,nan,nan,nan
21.018994092941284,-0.38999998569488525,4.034999847412109,4.061999797821045,4.059999942779541,4.063000202178955,4.064000129699707,4.067999839782715,nan,nan,nan,nan,nan,nan,nan,nan,nan,nan,nan,nan
21.199355602264404,-0.3799999952316284,4.034999847412109,4.061999797821045,4.059999942779541,4.063000202178955,4.064000129699707,4.066999912261963,nan,nan,nan,nan,nan,nan,nan,nan,nan,nan,nan,nan
21.379367351531982,-0.4000000059604645,4.034999847412109,4.061999797821045,4.059999942779541,4.063000202178955,4.064000129699707,4.066999912261963,nan,nan,nan,nan,nan,nan,nan,nan,nan,nan,nan,nan
21.538942337036133,-0.4099999964237213,4.034999847412109,4.061999797821045,4.059999942779541,4.063000202178955,4.064000129699707,4.067999839782715,nan,nan,nan,nan,nan,nan,nan,nan,nan,nan,nan,nan
21.719223976135254,-0.4000000059604645,4.034999847412109,4.061999797821045,4.059999942779541,4.064000129699707,4.064000129699707,4.066999912261963,nan,nan,nan,nan,nan,nan,nan,nan,nan,nan,nan,nan
21.87860608100891,-0.4000000059604645,4.034999847412109,4.061999797821045,4.059999942779541,4.063000202178955,4.064000129699707,4.066999912261963,nan,nan,nan,nan,nan,nan,nan,nan,nan,nan,nan,nan
22.05894947052002,-0.4000000059604645,4.034999847412109,4.061999797821045,4.059999942779541,4.063000202178955,4.064000129699707,4.067999839782715,nan,nan,nan,nan,nan,nan,nan,nan,nan,nan,nan,nan
22.240469455718994,-0.4000000059604645,4.034999847412109,4.063000202178955,4.059999942779541,4.063000202178955,4.064000129699707,4.066999912261963,nan,nan,nan,nan,nan,nan,nan,nan,nan,nan,nan,nan
22.398727416992188,-0.4000000059604645,4.034999847412109,4.061999797821045,4.059999942779541,4.063000202178955,4.064000129699707,4.066999912261963,nan,nan,nan,nan,nan,nan,nan,nan,nan,nan,nan,nan
22.579076528549194,-0.3799999952316284,4.034999847412109,4.061999797821045,4.059999942779541,4.063000202178955,4.064000129699707,4.067999839782715,nan,nan,nan,nan,nan,nan,nan,nan,nan,nan,nan,nan
22.740078687667847,-0.4099999964237213,4.034999847412109,4.061999797821045,4.059999942779541,4.063000202178955,4.064000129699707,4.066999912261963,nan,nan,nan,nan,nan,nan,nan,nan,nan,nan,nan,nan
22.919182062149048,-0.4000000059604645,4.034999847412109,4.061999797821045,4.059999942779541,4.063000202178955,4.064000129699707,4.066999912261963,nan,nan,nan,nan,nan,nan,nan,nan,nan,nan,nan,nan
23.099578142166138,-0.4000000059604645,4.034999847412109,4.061999797821045,4.059999942779541,4.063000202178955,4.064000129699707,4.066999912261963,nan,nan,nan,nan,nan,nan,nan,nan,nan,nan,nan,nan
23.258955001831055,-0.4000000059604645,4.034999847412109,4.061999797821045,4.059999942779541,4.063000202178955,4.064000129699707,4.066999912261963,nan,nan,nan,nan,nan,nan,nan,nan,nan,nan,nan,nan
23.43956208229065,-0.38999998569488525,4.034999847412109,4.061999797821045,4.059999942779541,4.063000202178955,4.064000129699707,4.066999912261963,nan,nan,nan,nan,nan,nan,nan,nan,nan,nan,nan,nan
23.61997652053833,-0.38999998569488525,4.034999847412109,4.061999797821045,4.059999942779541,4.063000202178955,4.064000129699707,4.067999839782715,nan,nan,nan,nan,nan,nan,nan,nan,nan,nan,nan,nan
23.77926516532898,-0.4000000059604645,4.034999847412109,4.061999797821045,4.059999942779541,4.063000202178955,4.064000129699707,4.066999912261963,nan,nan,nan,nan,nan,nan,nan,nan,nan,nan,nan,nan
23.95985698699951,-0.4000000059604645,4.034999847412109,4.061999797821045,4.059999942779541,4.063000202178955,4.064000129699707,4.067999839782715,nan,nan,nan,nan,nan,nan,nan,nan,nan,nan,nan,nan
24.11942148208618,-0.38999998569488525,4.034999847412109,4.061999797821045,4.059999942779541,4.063000202178955,4.064000129699707,4.066999912261963,nan,nan,nan,nan,nan,nan,nan,nan,nan,nan,nan,nan
24.29980230331421,-0.38999998569488525,4.034999847412109,4.061999797821045,4.059999942779541,4.063000202178955,4.064000129699707,4.066999912261963,nan,nan,nan,nan,nan,nan,nan,nan,nan,nan,nan,nan
24.479886770248413,-0.4000000059604645,4.034999847412109,4.061999797821045,4.059999942779541,4.063000202178955,4.064000129699707,4.066999912261963,nan,nan,nan,nan,nan,nan,nan,nan,nan,nan,nan,nan
24.63948631286621,-0.4000000059604645,4.034999847412109,4.061999797821045,4.059999942779541,4.063000202178955,4.064000129699707,4.066999912261963,nan,nan,nan,nan,nan,nan,nan,nan,nan,nan,nan,nan
24.819401741027832,-0.4000000059604645,4.034999847412109,4.061999797821045,4.059999942779541,4.063000202178955,4.064000129699707,4.066999912261963,nan,nan,nan,nan,nan,nan,nan,nan,nan,nan,nan,nan
24.97911310195923,-0.4000000059604645,4.034999847412109,4.061999797821045,4.059999942779541,4.063000202178955,4.064000129699707,4.066999912261963,nan,nan,nan,nan,nan,nan,nan,nan,nan,nan,nan,nan
25.15968632698059,-0.4000000059604645,4.034999847412109,4.061999797821045,4.059999942779541,4.063000202178955,4.064000129699707,4.066999912261963,nan,nan,nan,nan,nan,nan,nan,nan,nan,nan,nan,nan
25.33897376060486,-0.4000000059604645,4.034999847412109,4.061999797821045,4.059999942779541,4.063000202178955,4.064000129699707,4.066999912261963,nan,nan,nan,nan,nan,nan,nan,nan,nan,nan,nan,nan
25.49983024597168,-0.4000000059604645,4.034999847412109,4.061999797821045,4.059000015258789,4.063000202178955,4.064000129699707,4.066999912261963,nan,nan,nan,nan,nan,nan,nan,nan,nan,nan,nan,nan
25.680196523666382,-0.4000000059604645,4.034999847412109,4.061999797821045,4.059999942779541,4.063000202178955,4.064000129699707,4.066999912261963,nan,nan,nan,nan,nan,nan,nan,nan,nan,nan,nan,nan
25.859461784362793,-0.4000000059604645,4.034999847412109,4.061999797821045,4.059999942779541,4.063000202178955,4.064000129699707,4.066999912261963,nan,nan,nan,nan,nan,nan,nan,nan,nan,nan,nan,nan
26.018739938735962,-0.4000000059604645,4.034999847412109,4.061999797821045,4.059999942779541,4.063000202178955,4.064000129699707,4.066999912261963,nan,nan,nan,nan,nan,nan,nan,nan,nan,nan,nan,nan
26.199249744415283,-0.4000000059604645,4.034999847412109,4.061999797821045,4.059999942779541,4.063000202178955,4.064000129699707,4.066999912261963,nan,nan,nan,nan,nan,nan,nan,nan,nan,nan,nan,nan
26.358903169631958,-0.4000000059604645,4.034999847412109,4.061999797821045,4.059999942779541,4.063000202178955,4.064000129699707,4.066999912261963,nan,nan,nan,nan,nan,nan,nan,nan,nan,nan,nan,nan
26.540457010269165,-0.4099999964237213,4.034999847412109,4.061999797821045,4.059999942779541,4.063000202178955,4.064000129699707,4.067999839782715,nan,nan,nan,nan,nan,nan,nan,nan,nan,nan,nan,nan
26.719363927841187,-0.4000000059604645,4.034999847412109,4.061999797821045,4.059000015258789,4.063000202178955,4.064000129699707,4.066999912261963,nan,nan,nan,nan,nan,nan,nan,nan,nan,nan,nan,nan
26.878662109375,-0.4000000059604645,4.034999847412109,4.061999797821045,4.059999942779541,4.063000202178955,4.064000129699707,4.066999912261963,nan,nan,nan,nan,nan,nan,nan,nan,nan,nan,nan,nan
27.059273719787598,-0.38999998569488525,4.034999847412109,4.061999797821045,4.059999942779541,4.063000202178955,4.064000129699707,4.066999912261963,nan,nan,nan,nan,nan,nan,nan,nan,nan,nan,nan,nan
27.239216327667236,-0.4000000059604645,4.034999847412109,4.061999797821045,4.059999942779541,4.063000202178955,4.064000129699707,4.066999912261963,nan,nan,nan,nan,nan,nan,nan,nan,nan,nan,nan,nan
27.399049043655396,-0.4000000059604645,4.034999847412109,4.061999797821045,4.059000015258789,4.063000202178955,4.064000129699707,4.066999912261963,nan,nan,nan,nan,nan,nan,nan,nan,nan,nan,nan,nan
27.57942247390747,-0.4000000059604645,4.034999847412109,4.061999797821045,4.059999942779541,4.063000202178955,4.064000129699707,4.066999912261963,nan,nan,nan,nan,nan,nan,nan,nan,nan,nan,nan,nan
27.738598585128784,-0.4000000059604645,4.034999847412109,4.061999797821045,4.059999942779541,4.063000202178955,4.064000129699707,4.066999912261963,nan,nan,nan,nan,nan,nan,nan,nan,nan,nan,nan,nan
27.921133995056152,-0.4000000059604645,4.034999847412109,4.061999797821045,4.059000015258789,4.063000202178955,4.064000129699707,4.067999839782715,nan,nan,nan,nan,nan,nan,nan,nan,nan,nan,nan,nan
28.099156379699707,-0.4000000059604645,4.034999847412109,4.061999797821045,4.059999942779541,4.063000202178955,4.064000129699707,4.067999839782715,nan,nan,nan,nan,nan,nan,nan,nan,nan,nan,nan,nan
28.26021909713745,-0.4000000059604645,4.034999847412109,4.061999797821045,4.059999942779541,4.063000202178955,4.064000129699707,4.066999912261963,nan,nan,nan,nan,nan,nan,nan,nan,nan,nan,nan,nan
28.438942909240723,-0.4000000059604645,4.034999847412109,4.061999797821045,4.059999942779541,4.063000202178955,4.064000129699707,4.066999912261963,nan,nan,nan,nan,nan,nan,nan,nan,nan,nan,nan,nan
28.599844694137573,-0.4099999964237213,4.034999847412109,4.061999797821045,4.059000015258789,4.063000202178955,4.064000129699707,4.066999912261963,nan,nan,nan,nan,nan,nan,nan,nan,nan,nan,nan,nan
28.778826236724854,-0.4000000059604645,4.034999847412109,4.061999797821045,4.059000015258789,4.063000202178955,4.064000129699707,4.066999912261963,nan,nan,nan,nan,nan,nan,nan,nan,nan,nan,nan,nan
28.959394931793213,-0.4000000059604645,4.034999847412109,4.061999797821045,4.059999942779541,4.063000202178955,4.064000129699707,4.066999912261963,nan,nan,nan,nan,nan,nan,nan,nan,nan,nan,nan,nan
29.120702981948853,-0.4000000059604645,4.034999847412109,4.061999797821045,4.059999942779541,4.063000202178955,4.064000129699707,4.066999912261963,nan,nan,nan,nan,nan,nan,nan,nan,nan,nan,nan,nan
29.299217700958252,-0.4000000059604645,4.034999847412109,4.061999797821045,4.059999942779541,4.063000202178955,4.064000129699707,4.066999912261963,nan,nan,nan,nan,nan,nan,nan,nan,nan,nan,nan,nan
29.479226112365723,-0.4000000059604645,4.034999847412109,4.061999797821045,4.059000015258789,4.063000202178955,4.064000129699707,4.066999912261963,nan,nan,nan,nan,nan,nan,nan,nan,nan,nan,nan,nan
29.640824794769287,-0.4000000059604645,4.034999847412109,4.061999797821045,4.059999942779541,4.063000202178955,4.064000129699707,4.066999912261963,nan,nan,nan,nan,nan,nan,nan,nan,nan,nan,nan,nan
29.820403575897217,-0.4000000059604645,4.034999847412109,4.061999797821045,4.059999942779541,4.063000202178955,4.064000129699707,4.066999912261963,nan,nan,nan,nan,nan,nan,nan,nan,nan,nan,nan,nan
29.98157238960266,-0.4000000059604645,4.034999847412109,4.061999797821045,4.059999942779541,4.063000202178955,4.064000129699707,4.066999912261963,nan,nan,nan,nan,nan,nan,nan,nan,nan,nan,nan,nan
30.160320043563843,-0.4099999964237213,4.034999847412109,4.061999797821045,4.059000015258789,4.063000202178955,4.064000129699707,4.066999912261963,nan,nan,nan,nan,nan,nan,nan,nan,nan,nan,nan,nan
30.340643644332886,-0.38999998569488525,4.034999847412109,4.061999797821045,4.059999942779541,4.063000202178955,4.064000129699707,4.066999912261963,nan,nan,nan,nan,nan,nan,nan,nan,nan,nan,nan,nan
30.50225520133972,-0.38999998569488525,4.034999847412109,4.061999797821045,4.059000015258789,4.063000202178955,4.064000129699707,4.066999912261963,nan,nan,nan,nan,nan,nan,nan,nan,nan,nan,nan,nan
30.680328130722046,-0.4000000059604645,4.034999847412109,4.061999797821045,4.059999942779541,4.063000202178955,4.064000129699707,4.066999912261963,nan,nan,nan,nan,nan,nan,nan,nan,nan,nan,nan,nan
30.840916395187378,-0.38999998569488525,4.034999847412109,4.061999797821045,4.059000015258789,4.063000202178955,4.064000129699707,4.066999912261963,nan,nan,nan,nan,nan,nan,nan,nan,nan,nan,nan,nan
31.021023988723755,-0.4000000059604645,4.034999847412109,4.061999797821045,4.059999942779541,4.063000202178955,4.064000129699707,4.066999912261963,nan,nan,nan,nan,nan,nan,nan,nan,nan,nan,nan,nan
31.200220584869385,-0.4000000059604645,4.034999847412109,4.061999797821045,4.059999942779541,4.063000202178955,4.064000129699707,4.066999912261963,nan,nan,nan,nan,nan,nan,nan,nan,nan,nan,nan,nan
31.35956621170044,-0.4000000059604645,4.034999847412109,4.061999797821045,4.059999942779541,4.063000202178955,4.064000129699707,4.066999912261963,nan,nan,nan,nan,nan,nan,nan,nan,nan,nan,nan,nan
31.541195392608643,-0.4000000059604645,4.034999847412109,4.061999797821045,4.059999942779541,4.063000202178955,4.064000129699707,4.066999912261963,nan,nan,nan,nan,nan,nan,nan,nan,nan,nan,nan,nan
31.700832843780518,-0.4000000059604645,4.034999847412109,4.061999797821045,4.059999942779541,4.063000202178955,4.064000129699707,4.066999912261963,nan,nan,nan,nan,nan,nan,nan,nan,nan,nan,nan,nan
31.881338834762573,-0.4000000059604645,4.034999847412109,4.061999797821045,4.059000015258789,4.063000202178955,4.064000129699707,4.066999912261963,nan,nan,nan,nan,nan,nan,nan,nan,nan,nan,nan,nan
32.059359073638916,-0.4000000059604645,4.034999847412109,4.061999797821045,4.059999942779541,4.063000202178955,4.064000129699707,4.066999912261963,nan,nan,nan,nan,nan,nan,nan,nan,nan,nan,nan,nan
32.21867370605469,-0.4000000059604645,4.034999847412109,4.061999797821045,4.059999942779541,4.063000202178955,4.064000129699707,4.066999912261963,nan,nan,nan,nan,nan,nan,nan,nan,nan,nan,nan,nan
32.3993661403656,-0.4000000059604645,4.034999847412109,4.061999797821045,4.059000015258789,4.063000202178955,4.064000129699707,4.066999912261963,nan,nan,nan,nan,nan,nan,nan,nan,nan,nan,nan,nan
32.57942724227905,-0.4000000059604645,4.034999847412109,4.061999797821045,4.059000015258789,4.063000202178955,4.064000129699707,4.066999912261963,nan,nan,nan,nan,nan,nan,nan,nan,nan,nan,nan,nan
32.73919200897217,-0.4000000059604645,4.033999919891357,4.061999797821045,4.059000015258789,4.063000202178955,4.064000129699707,4.066999912261963,nan,nan,nan,nan,nan,nan,nan,nan,nan,nan,nan,nan
32.91918611526489,-0.4099999964237213,4.034999847412109,4.061999797821045,4.059000015258789,4.063000202178955,4.064000129699707,4.066999912261963,nan,nan,nan,nan,nan,nan,nan,nan,nan,nan,nan,nan
33.08001732826233,-0.4000000059604645,4.034999847412109,4.061999797821045,4.059999942779541,4.063000202178955,4.064000129699707,4.066999912261963,nan,nan,nan,nan,nan,nan,nan,nan,nan,nan,nan,nan
33.25895595550537,-0.3799999952316284,4.034999847412109,4.061999797821045,4.059999942779541,4.063000202178955,4.064000129699707,4.066999912261963,nan,nan,nan,nan,nan,nan,nan,nan,nan,nan,nan,nan
33.43870425224304,-0.4000000059604645,4.034999847412109,4.061999797821045,4.059000015258789,4.063000202178955,4.064000129699707,4.066999912261963,nan,nan,nan,nan,nan,nan,nan,nan,nan,nan,nan,nan
33.599915504455566,-0.4000000059604645,4.034999847412109,4.061999797821045,4.059999942779541,4.063000202178955,4.064000129699707,4.066999912261963,nan,nan,nan,nan,nan,nan,nan,nan,nan,nan,nan,nan
33.77859163284302,-0.4000000059604645,4.034999847412109,4.061999797821045,4.059000015258789,4.063000202178955,4.064000129699707,4.066999912261963,nan,nan,nan,nan,nan,nan,nan,nan,nan,nan,nan,nan
33.939945459365845,-0.4000000059604645,4.034999847412109,4.061999797821045,4.059000015258789,4.063000202178955,4.064000129699707,4.066999912261963,nan,nan,nan,nan,nan,nan,nan,nan,nan,nan,nan,nan
34.12020301818848,-0.4000000059604645,4.034999847412109,4.061999797821045,4.059999942779541,4.063000202178955,4.064000129699707,4.066999912261963,nan,nan,nan,nan,nan,nan,nan,nan,nan,nan,nan,nan
34.29906344413757,-0.4000000059604645,4.033999919891357,4.061999797821045,4.059000015258789,4.063000202178955,4.064000129699707,4.066999912261963,nan,nan,nan,nan,nan,nan,nan,nan,nan,nan,nan,nan
34.46007800102234,-0.4000000059604645,4.033999919891357,4.061999797821045,4.059000015258789,4.063000202178955,4.064000129699707,4.066999912261963,nan,nan,nan,nan,nan,nan,nan,nan,nan,nan,nan,nan
34.63912749290466,-0.4000000059604645,4.034999847412109,4.061999797821045,4.059000015258789,4.063000202178955,4.064000129699707,4.066999912261963,nan,nan,nan,nan,nan,nan,nan,nan,nan,nan,nan,nan
34.81937861442566,-0.38999998569488525,4.034999847412109,4.061999797821045,4.059000015258789,4.063000202178955,4.064000129699707,4.066999912261963,nan,nan,nan,nan,nan,nan,nan,nan,nan,nan,nan,nan
34.97928786277771,-0.4000000059604645,4.034999847412109,4.061999797821045,4.059000015258789,4.063000202178955,4.064000129699707,4.066999912261963,nan,nan,nan,nan,nan,nan,nan,nan,nan,nan,nan,nan
35.159531354904175,-0.41999998688697815,4.034999847412109,4.061999797821045,4.059999942779541,4.063000202178955,4.064000129699707,4.066999912261963,nan,nan,nan,nan,nan,nan,nan,nan,nan,nan,nan,nan
35.3188099861145,-0.4000000059604645,4.034999847412109,4.061999797821045,4.059000015258789,4.063000202178955,4.064000129699707,4.066999912261963,nan,nan,nan,nan,nan,nan,nan,nan,nan,nan,nan,nan
35.499258518218994,-0.4000000059604645,4.034999847412109,4.061999797821045,4.059000015258789,4.063000202178955,4.064000129699707,4.066999912261963,nan,nan,nan,nan,nan,nan,nan,nan,nan,nan,nan,nan
35.67965388298035,-0.4000000059604645,4.034999847412109,4.061999797821045,4.059000015258789,4.063000202178955,4.064000129699707,4.066999912261963,nan,nan,nan,nan,nan,nan,nan,nan,nan,nan,nan,nan
35.84251880645752,-0.38999998569488525,4.033999919891357,4.061999797821045,4.059000015258789,4.063000202178955,4.064000129699707,4.066999912261963,nan,nan,nan,nan,nan,nan,nan,nan,nan,nan,nan,nan
36.01924681663513,-0.4099999964237213,4.034999847412109,4.061999797821045,4.059000015258789,4.063000202178955,4.064000129699707,4.066999912261963,nan,nan,nan,nan,nan,nan,nan,nan,nan,nan,nan,nan
36.17896103858948,-0.4000000059604645,4.034999847412109,4.061999797821045,4.059000015258789,4.063000202178955,4.064000129699707,4.066999912261963,nan,nan,nan,nan,nan,nan,nan,nan,nan,nan,nan,nan
36.35937261581421,-0.4000000059604645,4.033999919891357,4.061999797821045,4.059999942779541,4.063000202178955,4.064000129699707,4.066999912261963,nan,nan,nan,nan,nan,nan,nan,nan,nan,nan,nan,nan
36.54100298881531,-0.4000000059604645,4.033999919891357,4.061999797821045,4.059999942779541,4.063000202178955,4.064000129699707,4.066999912261963,nan,nan,nan,nan,nan,nan,nan,nan,nan,nan,nan,nan
36.69897389411926,-0.4000000059604645,4.033999919891357,4.061999797821045,4.059000015258789,4.063000202178955,4.064000129699707,4.066999912261963,nan,nan,nan,nan,nan,nan,nan,nan,nan,nan,nan,nan
36.8793785572052,-0.38999998569488525,4.034999847412109,4.061999797821045,4.059000015258789,4.063000202178955,4.064000129699707,4.066999912261963,nan,nan,nan,nan,nan,nan,nan,nan,nan,nan,nan,nan
37.06131720542908,-0.4099999964237213,4.034999847412109,4.061999797821045,4.059000015258789,4.063000202178955,4.064000129699707,4.066999912261963,nan,nan,nan,nan,nan,nan,nan,nan,nan,nan,nan,nan
37.221699476242065,-0.4000000059604645,4.033999919891357,4.061999797821045,4.059000015258789,4.063000202178955,4.064000129699707,4.066999912261963,nan,nan,nan,nan,nan,nan,nan,nan,nan,nan,nan,nan
37.400442600250244,-0.4000000059604645,4.033999919891357,4.061999797821045,4.059000015258789,4.063000202178955,4.064000129699707,4.066999912261963,nan,nan,nan,nan,nan,nan,nan,nan,nan,nan,nan,nan
37.561540603637695,-0.38999998569488525,4.034999847412109,4.061999797821045,4.059999942779541,4.063000202178955,4.064000129699707,4.066999912261963,nan,nan,nan,nan,nan,nan,nan,nan,nan,nan,nan,nan
37.7405424118042,-0.38999998569488525,4.034999847412109,4.061999797821045,4.059000015258789,4.063000202178955,4.064000129699707,4.066999912261963,nan,nan,nan,nan,nan,nan,nan,nan,nan,nan,nan,nan
37.92025446891785,-0.4000000059604645,4.033999919891357,4.061999797821045,4.059000015258789,4.063000202178955,4.064000129699707,4.066999912261963,nan,nan,nan,nan,nan,nan,nan,nan,nan,nan,nan,nan
38.08009433746338,-0.4000000059604645,4.034999847412109,4.061999797821045,4.059999942779541,4.063000202178955,4.064000129699707,4.066999912261963,nan,nan,nan,nan,nan,nan,nan,nan,nan,nan,nan,nan
38.26017951965332,-0.38999998569488525,4.034999847412109,4.061999797821045,4.059000015258789,4.063000202178955,4.064000129699707,4.066999912261963,nan,nan,nan,nan,nan,nan,nan,nan,nan,nan,nan,nan
38.41979193687439,-0.41999998688697815,4.033999919891357,4.061999797821045,4.059000015258789,4.063000202178955,4.064000129699707,4.066999912261963,nan,nan,nan,nan,nan,nan,nan,nan,nan,nan,nan,nan
38.60015368461609,-0.3799999952316284,4.033999919891357,4.061999797821045,4.059000015258789,4.063000202178955,4.064000129699707,4.066999912261963,nan,nan,nan,nan,nan,nan,nan,nan,nan,nan,nan,nan
38.77922749519348,-0.4000000059604645,4.033999919891357,4.061999797821045,4.059999942779541,4.063000202178955,4.064000129699707,4.066999912261963,nan,nan,nan,nan,nan,nan,nan,nan,nan,nan,nan,nan
38.94009709358215,-0.4000000059604645,4.033999919891357,4.061999797821045,4.059000015258789,4.063000202178955,4.064000129699707,4.066999912261963,nan,nan,nan,nan,nan,nan,nan,nan,nan,nan,nan,nan
39.12071943283081,-0.4099999964237213,4.033999919891357,4.060999870300293,4.059000015258789,4.063000202178955,4.064000129699707,4.066999912261963,nan,nan,nan,nan,nan,nan,nan,nan,nan,nan,nan,nan
39.30015587806702,-0.4000000059604645,4.033999919891357,4.061999797821045,4.059999942779541,4.063000202178955,4.064000129699707,4.066999912261963,nan,nan,nan,nan,nan,nan,nan,nan,nan,nan,nan,nan
39.46031379699707,-0.4000000059604645,4.033999919891357,4.060999870300293,4.059000015258789,4.063000202178955,4.064000129699707,4.066999912261963,nan,nan,nan,nan,nan,nan,nan,nan,nan,nan,nan,nan
39.641627073287964,-0.4000000059604645,4.033999919891357,4.061999797821045,4.059000015258789,4.063000202178955,4.064000129699707,4.066999912261963,nan,nan,nan,nan,nan,nan,nan,nan,nan,nan,nan,nan
39.80105757713318,-0.3799999952316284,4.033999919891357,4.061999797821045,4.059000015258789,4.063000202178955,4.064000129699707,4.066999912261963,nan,nan,nan,nan,nan,nan,nan,nan,nan,nan,nan,nan
39.97972059249878,-0.38999998569488525,4.034999847412109,4.061999797821045,4.059000015258789,4.063000202178955,4.063000202178955,4.066999912261963,nan,nan,nan,nan,nan,nan,nan,nan,nan,nan,nan,nan
40.158706188201904,-0.4099999964237213,4.034999847412109,4.061999797821045,4.059000015258789,4.063000202178955,4.064000129699707,4.066999912261963,nan,nan,nan,nan,nan,nan,nan,nan,nan,nan,nan,nan
40.31982445716858,-0.4000000059604645,4.033999919891357,4.061999797821045,4.059000015258789,4.063000202178955,4.064000129699707,4.066999912261963,nan,nan,nan,nan,nan,nan,nan,nan,nan,nan,nan,nan
40.4988431930542,-0.4000000059604645,4.034999847412109,4.061999797821045,4.059000015258789,4.063000202178955,4.064000129699707,4.066999912261963,nan,nan,nan,nan,nan,nan,nan,nan,nan,nan,nan,nan
40.660043239593506,-0.4099999964237213,4.034999847412109,4.061999797821045,4.059000015258789,4.063000202178955,4.064000129699707,4.066999912261963,nan,nan,nan,nan,nan,nan,nan,nan,nan,nan,nan,nan
40.840195655822754,-0.4000000059604645,4.034999847412109,4.061999797821045,4.059000015258789,4.063000202178955,4.064000129699707,4.066999912261963,nan,nan,nan,nan,nan,nan,nan,nan,nan,nan,nan,nan
41.018898725509644,-0.4000000059604645,4.033999919891357,4.061999797821045,4.059999942779541,4.063000202178955,4.064000129699707,4.066999912261963,nan,nan,nan,nan,nan,nan,nan,nan,nan,nan,nan,nan
41.180097579956055,-0.38999998569488525,4.033999919891357,4.061999797821045,4.059000015258789,4.063000202178955,4.064000129699707,4.066999912261963,nan,nan,nan,nan,nan,nan,nan,nan,nan,nan,nan,nan
41.359166860580444,-0.38999998569488525,4.034999847412109,4.061999797821045,4.059000015258789,4.063000202178955,4.064000129699707,4.066999912261963,nan,nan,nan,nan,nan,nan,nan,nan,nan,nan,nan,nan
41.53933882713318,-0.4000000059604645,4.033999919891357,4.061999797821045,4.059000015258789,4.063000202178955,4.064000129699707,4.066999912261963,nan,nan,nan,nan,nan,nan,nan,nan,nan,nan,nan,nan
41.698742389678955,-0.4000000059604645,4.034999847412109,4.061999797821045,4.059000015258789,4.063000202178955,4.064000129699707,4.066999912261963,nan,nan,nan,nan,nan,nan,nan,nan,nan,nan,nan,nan
41.88023781776428,-0.38999998569488525,4.033999919891357,4.061999797821045,4.059000015258789,4.063000202178955,4.064000129699707,4.066999912261963,nan,nan,nan,nan,nan,nan,nan,nan,nan,nan,nan,nan
42.039764642715454,-0.4099999964237213,4.033999919891357,4.061999797821045,4.059000015258789,4.063000202178955,4.064000129699707,4.066999912261963,nan,nan,nan,nan,nan,nan,nan,nan,nan,nan,nan,nan
42.21866965293884,-0.4000000059604645,4.033999919891357,4.061999797821045,4.059000015258789,4.063000202178955,4.064000129699707,4.066999912261963,nan,nan,nan,nan,nan,nan,nan,nan,nan,nan,nan,nan
42.39985632896423,-0.4099999964237213,4.033999919891357,4.061999797821045,4.059000015258789,4.063000202178955,4.064000129699707,4.066999912261963,nan,nan,nan,nan,nan,nan,nan,nan,nan,nan,nan,nan
42.55955481529236,-0.4000000059604645,4.033999919891357,4.061999797821045,4.059000015258789,4.063000202178955,4.064000129699707,4.066999912261963,nan,nan,nan,nan,nan,nan,nan,nan,nan,nan,nan,nan
42.739651918411255,-0.4000000059604645,4.033999919891357,4.061999797821045,4.059000015258789,4.063000202178955,4.064000129699707,4.066999912261963,nan,nan,nan,nan,nan,nan,nan,nan,nan,nan,nan,nan
42.899142026901245,-0.4000000059604645,4.033999919891357,4.061999797821045,4.059000015258789,4.063000202178955,4.064000129699707,4.066999912261963,nan,nan,nan,nan,nan,nan,nan,nan,nan,nan,nan,nan
43.079612731933594,-0.4000000059604645,4.033999919891357,4.061999797821045,4.059000015258789,4.063000202178955,4.064000129699707,4.066999912261963,nan,nan,nan,nan,nan,nan,nan,nan,nan,nan,nan,nan
43.259583473205566,-0.41999998688697815,4.033999919891357,4.061999797821045,4.059000015258789,4.063000202178955,4.064000129699707,4.066999912261963,nan,nan,nan,nan,nan,nan,nan,nan,nan,nan,nan,nan
43.41913676261902,-0.4000000059604645,4.033999919891357,4.061999797821045,4.059000015258789,4.063000202178955,4.064000129699707,4.066999912261963,nan,nan,nan,nan,nan,nan,nan,nan,nan,nan,nan,nan
43.59951424598694,-0.4000000059604645,4.033999919891357,4.061999797821045,4.059000015258789,4.063000202178955,4.064000129699707,4.066999912261963,nan,nan,nan,nan,nan,nan,nan,nan,nan,nan,nan,nan
43.75910520553589,-0.4000000059604645,4.033999919891357,4.061999797821045,4.059000015258789,4.063000202178955,4.063000202178955,4.066999912261963,nan,nan,nan,nan,nan,nan,nan,nan,nan,nan,nan,nan
43.93925213813782,-0.4000000059604645,4.033999919891357,4.061999797821045,4.059000015258789,4.063000202178955,4.064000129699707,4.066999912261963,nan,nan,nan,nan,nan,nan,nan,nan,nan,nan,nan,nan
44.11944270133972,-0.4000000059604645,4.034999847412109,4.061999797821045,4.059000015258789,4.063000202178955,4.064000129699707,4.066999912261963,nan,nan,nan,nan,nan,nan,nan,nan,nan,nan,nan,nan
44.27901768684387,-0.4000000059604645,4.033999919891357,4.061999797821045,4.059000015258789,4.063000202178955,4.064000129699707,4.066999912261963,nan,nan,nan,nan,nan,nan,nan,nan,nan,nan,nan,nan
44.45942735671997,-0.4099999964237213,4.033999919891357,4.061999797821045,4.059000015258789,4.063000202178955,4.064000129699707,4.066999912261963,nan,nan,nan,nan,nan,nan,nan,nan,nan,nan,nan,nan
44.64011859893799,-0.4000000059604645,4.033999919891357,4.061999797821045,4.059000015258789,4.063000202178955,4.063000202178955,4.066999912261963,nan,nan,nan,nan,nan,nan,nan,nan,nan,nan,nan,nan
44.79916739463806,-0.4000000059604645,4.033999919891357,4.060999870300293,4.059000015258789,4.063000202178955,4.064000129699707,4.066999912261963,nan,nan,nan,nan,nan,nan,nan,nan,nan,nan,nan,nan
44.97940444946289,-0.4099999964237213,4.033999919891357,4.061999797821045,4.059000015258789,4.063000202178955,4.063000202178955,4.066999912261963,nan,nan,nan,nan,nan,nan,nan,nan,nan,nan,nan,nan
45.13887691497803,-0.4000000059604645,4.033999919891357,4.061999797821045,4.059000015258789,4.063000202178955,4.064000129699707,4.066999912261963,nan,nan,nan,nan,nan,nan,nan,nan,nan,nan,nan,nan
45.319334745407104,-0.4000000059604645,4.033999919891357,4.061999797821045,4.059000015258789,4.063000202178955,4.064000129699707,4.066999912261963,nan,nan,nan,nan,nan,nan,nan,nan,nan,nan,nan,nan
45.499704122543335,-0.4000000059604645,4.033999919891357,4.061999797821045,4.059000015258789,4.063000202178955,4.063000202178955,4.066999912261963,nan,nan,nan,nan,nan,nan,nan,nan,nan,nan,nan,nan
45.658936738967896,-0.4000000059604645,4.033999919891357,4.061999797821045,4.059000015258789,4.063000202178955,4.064000129699707,4.066999912261963,nan,nan,nan,nan,nan,nan,nan,nan,nan,nan,nan,nan
45.839301347732544,-0.4000000059604645,4.033999919891357,4.061999797821045,4.059000015258789,4.063000202178955,4.064000129699707,4.066999912261963,nan,nan,nan,nan,nan,nan,nan,nan,nan,nan,nan,nan
45.99879026412964,-0.4000000059604645,4.033999919891357,4.061999797821045,4.059000015258789,4.063000202178955,4.063000202178955,4.066999912261963,nan,nan,nan,nan,nan,nan,nan,nan,nan,nan,nan,nan
46.179370641708374,-0.38999998569488525,4.033999919891357,4.061999797821045,4.059000015258789,4.063000202178955,4.064000129699707,4.066999912261963,nan,nan,nan,nan,nan,nan,nan,nan,nan,nan,nan,nan
46.36076831817627,-0.38999998569488525,4.033999919891357,4.061999797821045,4.059000015258789,4.063000202178955,4.064000129699707,4.066999912261963,nan,nan,nan,nan,nan,nan,nan,nan,nan,nan,nan,nan
46.52081346511841,-0.4000000059604645,4.033999919891357,4.061999797821045,4.059000015258789,4.063000202178955,4.064000129699707,4.066999912261963,nan,nan,nan,nan,nan,nan,nan,nan,nan,nan,nan,nan
46.7005352973938,-0.4099999964237213,4.033999919891357,4.061999797821045,4.059000015258789,4.063000202178955,4.064000129699707,4.066999912261963,nan,nan,nan,nan,nan,nan,nan,nan,nan,nan,nan,nan
46.87939691543579,-0.4000000059604645,4.033999919891357,4.061999797821045,4.059000015258789,4.063000202178955,4.064000129699707,4.066999912261963,nan,nan,nan,nan,nan,nan,nan,nan,nan,nan,nan,nan
47.03930854797363,-0.4000000059604645,4.033999919891357,4.061999797821045,4.059000015258789,4.063000202178955,4.064000129699707,4.066999912261963,nan,nan,nan,nan,nan,nan,nan,nan,nan,nan,nan,nan
47.220540046691895,-0.4000000059604645,4.033999919891357,4.061999797821045,4.059000015258789,4.063000202178955,4.064000129699707,4.066999912261963,nan,nan,nan,nan,nan,nan,nan,nan,nan,nan,nan,nan
47.38045001029968,-0.4000000059604645,4.033999919891357,4.061999797821045,4.059000015258789,4.063000202178955,4.063000202178955,4.066999912261963,nan,nan,nan,nan,nan,nan,nan,nan,nan,nan,nan,nan
47.56025266647339,-0.4000000059604645,4.033999919891357,4.060999870300293,4.059000015258789,4.063000202178955,4.063000202178955,4.066999912261963,nan,nan,nan,nan,nan,nan,nan,nan,nan,nan,nan,nan
47.73882341384888,-0.4000000059604645,4.033999919891357,4.061999797821045,4.059000015258789,4.063000202178955,4.064000129699707,4.066999912261963,nan,nan,nan,nan,nan,nan,nan,nan,nan,nan,nan,nan
47.90000295639038,-0.3799999952316284,4.033999919891357,4.061999797821045,4.059000015258789,4.063000202178955,4.063000202178955,4.066999912261963,nan,nan,nan,nan,nan,nan,nan,nan,nan,nan,nan,nan
48.07878041267395,-0.4000000059604645,4.033999919891357,4.061999797821045,4.059000015258789,4.063000202178955,4.063000202178955,4.066999912261963,nan,nan,nan,nan,nan,nan,nan,nan,nan,nan,nan,nan
48.2398145198822,-0.4099999964237213,4.033999919891357,4.061999797821045,4.059000015258789,4.063000202178955,4.064000129699707,4.066999912261963,nan,nan,nan,nan,nan,nan,nan,nan,nan,nan,nan,nan
48.41997838020325,-0.4000000059604645,4.033999919891357,4.061999797821045,4.059000015258789,4.063000202178955,4.064000129699707,4.066999912261963,nan,nan,nan,nan,nan,nan,nan,nan,nan,nan,nan,nan
48.599321126937866,-0.4000000059604645,4.033999919891357,4.061999797821045,4.059000015258789,4.063000202178955,4.064000129699707,4.066999912261963,nan,nan,nan,nan,nan,nan,nan,nan,nan,nan,nan,nan
48.75987768173218,-0.4099999964237213,4.033999919891357,4.061999797821045,4.059000015258789,4.063000202178955,4.064000129699707,4.066999912261963,nan,nan,nan,nan,nan,nan,nan,nan,nan,nan,nan,nan
48.93918061256409,-0.4000000059604645,4.033999919891357,4.061999797821045,4.059000015258789,4.063000202178955,4.064000129699707,4.066999912261963,nan,nan,nan,nan,nan,nan,nan,nan,nan,nan,nan,nan
49.120076179504395,-0.4099999964237213,4.033999919891357,4.061999797821045,4.059000015258789,4.063000202178955,4.063000202178955,4.066999912261963,nan,nan,nan,nan,nan,nan,nan,nan,nan,nan,nan,nan
49.28001570701599,-0.4000000059604645,4.033999919891357,4.061999797821045,4.059000015258789,4.063000202178955,4.064000129699707,4.066999912261963,nan,nan,nan,nan,nan,nan,nan,nan,nan,nan,nan,nan
49.4601948261261,-0.4000000059604645,4.033999919891357,4.060999870300293,4.059000015258789,4.063000202178955,4.063000202178955,4.066999912261963,nan,nan,nan,nan,nan,nan,nan,nan,nan,nan,nan,nan
49.61960554122925,-0.4000000059604645,4.033999919891357,4.061999797821045,4.059000015258789,4.063000202178955,4.063000202178955,4.066999912261963,nan,nan,nan,nan,nan,nan,nan,nan,nan,nan,nan,nan
49.79966902732849,-0.4000000059604645,4.033999919891357,4.061999797821045,4.059000015258789,4.063000202178955,4.063000202178955,4.066999912261963,nan,nan,nan,nan,nan,nan,nan,nan,nan,nan,nan,nan
49.97880959510803,-0.4099999964237213,4.033999919891357,4.061999797821045,4.059000015258789,4.063000202178955,4.063000202178955,4.066999912261963,nan,nan,nan,nan,nan,nan,nan,nan,nan,nan,nan,nan
50.13997554779053,-0.4000000059604645,4.033999919891357,4.061999797821045,4.059000015258789,4.063000202178955,4.064000129699707,4.066999912261963,nan,nan,nan,nan,nan,nan,nan,nan,nan,nan,nan,nan
50.318803787231445,-0.4099999964237213,4.033999919891357,4.061999797821045,4.059000015258789,4.063000202178955,4.064000129699707,4.066999912261963,nan,nan,nan,nan,nan,nan,nan,nan,nan,nan,nan,nan
50.47989535331726,-0.4000000059604645,4.033999919891357,4.060999870300293,4.059000015258789,4.063000202178955,4.063000202178955,4.066999912261963,nan,nan,nan,nan,nan,nan,nan,nan,nan,nan,nan,nan
50.65957283973694,-0.3799999952316284,4.033999919891357,4.060999870300293,4.059000015258789,4.063000202178955,4.064000129699707,4.066999912261963,nan,nan,nan,nan,nan,nan,nan,nan,nan,nan,nan,nan
50.84000897407532,-0.4099999964237213,4.033999919891357,4.061999797821045,4.059000015258789,4.063000202178955,4.064000129699707,4.066999912261963,nan,nan,nan,nan,nan,nan,nan,nan,nan,nan,nan,nan
50.99942469596863,-0.4000000059604645,4.033999919891357,4.061999797821045,4.059000015258789,4.063000202178955,4.064000129699707,4.066999912261963,nan,nan,nan,nan,nan,nan,nan,nan,nan,nan,nan,nan
51.17970514297485,-0.4000000059604645,4.033999919891357,4.060999870300293,4.059000015258789,4.063000202178955,4.063000202178955,4.066999912261963,nan,nan,nan,nan,nan,nan,nan,nan,nan,nan,nan,nan
51.341365814208984,-0.4000000059604645,4.033999919891357,4.060999870300293,4.059000015258789,4.063000202178955,4.064000129699707,4.066999912261963,nan,nan,nan,nan,nan,nan,nan,nan,nan,nan,nan,nan
51.5212242603302,-0.38999998569488525,4.033999919891357,4.061999797821045,4.059000015258789,4.063000202178955,4.063000202178955,4.066999912261963,nan,nan,nan,nan,nan,nan,nan,nan,nan,nan,nan,nan
51.69929623603821,-0.4000000059604645,4.033999919891357,4.060999870300293,4.059000015258789,4.063000202178955,4.063000202178955,4.066999912261963,nan,nan,nan,nan,nan,nan,nan,nan,nan,nan,nan,nan
51.86062955856323,-0.38999998569488525,4.033999919891357,4.061999797821045,4.059000015258789,4.063000202178955,4.063000202178955,4.066999912261963,nan,nan,nan,nan,nan,nan,nan,nan,nan,nan,nan,nan
52.04082918167114,-0.38999998569488525,4.033999919891357,4.060999870300293,4.059000015258789,4.063000202178955,4.063000202178955,4.066999912261963,nan,nan,nan,nan,nan,nan,nan,nan,nan,nan,nan,nan
52.21939277648926,-0.4000000059604645,4.033999919891357,4.061999797821045,4.059000015258789,4.063000202178955,4.063000202178955,4.066999912261963,nan,nan,nan,nan,nan,nan,nan,nan,nan,nan,nan,nan
52.380481481552124,-0.38999998569488525,4.033999919891357,4.061999797821045,4.059000015258789,4.063000202178955,4.063000202178955,4.066999912261963,nan,nan,nan,nan,nan,nan,nan,nan,nan,nan,nan,nan
52.56227898597717,-0.38999998569488525,4.033999919891357,4.060999870300293,4.059000015258789,4.063000202178955,4.063000202178955,4.066999912261963,nan,nan,nan,nan,nan,nan,nan,nan,nan,nan,nan,nan
52.72004771232605,-0.4000000059604645,4.033999919891357,4.060999870300293,4.059000015258789,4.063000202178955,4.063000202178955,4.066999912261963,nan,nan,nan,nan,nan,nan,nan,nan,nan,nan,nan,nan
52.900447368621826,-0.4000000059604645,4.033999919891357,4.061999797821045,4.059000015258789,4.063000202178955,4.063000202178955,4.066999912261963,nan,nan,nan,nan,nan,nan,nan,nan,nan,nan,nan,nan
53.08030986785889,-0.4000000059604645,4.033999919891357,4.061999797821045,4.059000015258789,4.063000202178955,4.064000129699707,4.066999912261963,nan,nan,nan,nan,nan,nan,nan,nan,nan,nan,nan,nan
53.240084409713745,-0.38999998569488525,4.033999919891357,4.060999870300293,4.059000015258789,4.063000202178955,4.063000202178955,4.066999912261963,nan,nan,nan,nan,nan,nan,nan,nan,nan,nan,nan,nan
53.4204683303833,-0.4300000071525574,4.033999919891357,4.060999870300293,4.059000015258789,4.063000202178955,4.064000129699707,4.066999912261963,nan,nan,nan,nan,nan,nan,nan,nan,nan,nan,nan,nan
53.57986307144165,-0.4000000059604645,4.033999919891357,4.060999870300293,4.059000015258789,4.063000202178955,4.064000129699707,4.066999912261963,nan,nan,nan,nan,nan,nan,nan,nan,nan,nan,nan,nan
53.760276079177856,-0.4000000059604645,4.033999919891357,4.060999870300293,4.059000015258789,4.063000202178955,4.064000129699707,4.066999912261963,nan,nan,nan,nan,nan,nan,nan,nan,nan,nan,nan,nan
53.93963384628296,-0.4000000059604645,4.033999919891357,4.060999870300293,4.059000015258789,4.063000202178955,4.063000202178955,4.066999912261963,nan,nan,nan,nan,nan,nan,nan,nan,nan,nan,nan,nan
54.10058832168579,-0.4000000059604645,4.033999919891357,4.060999870300293,4.059000015258789,4.063000202178955,4.064000129699707,4.066999912261963,nan,nan,nan,nan,nan,nan,nan,nan,nan,nan,nan,nan
54.28042960166931,-0.4000000059604645,4.033999919891357,4.060999870300293,4.059000015258789,4.063000202178955,4.064000129699707,4.066999912261963,nan,nan,nan,nan,nan,nan,nan,nan,nan,nan,nan,nan
54.459097146987915,-0.4099999964237213,4.033999919891357,4.060999870300293,4.059000015258789,4.063000202178955,4.063000202178955,4.066999912261963,nan,nan,nan,nan,nan,nan,nan,nan,nan,nan,nan,nan
54.61986207962036,-0.4099999964237213,4.033999919891357,4.061999797821045,4.059000015258789,4.063000202178955,4.064000129699707,4.066999912261963,nan,nan,nan,nan,nan,nan,nan,nan,nan,nan,nan,nan
54.79889154434204,-0.4000000059604645,4.033999919891357,4.061999797821045,4.059000015258789,4.063000202178955,4.063000202178955,4.066999912261963,nan,nan,nan,nan,nan,nan,nan,nan,nan,nan,nan,nan
54.95984935760498,-0.4099999964237213,4.033999919891357,4.060999870300293,4.059000015258789,4.063000202178955,4.063000202178955,4.066999912261963,nan,nan,nan,nan,nan,nan,nan,nan,nan,nan,nan,nan
55.13885498046875,-0.4099999964237213,4.033999919891357,4.061999797821045,4.059000015258789,4.063000202178955,4.064000129699707,4.066999912261963,nan,nan,nan,nan,nan,nan,nan,nan,nan,nan,nan,nan
55.319275856018066,-0.4000000059604645,4.033999919891357,4.060999870300293,4.059000015258789,4.063000202178955,4.063000202178955,4.066999912261963,nan,nan,nan,nan,nan,nan,nan,nan,nan,nan,nan,nan
55.47883176803589,-0.4000000059604645,4.033999919891357,4.060999870300293,4.059000015258789,4.063000202178955,4.063000202178955,4.066999912261963,nan,nan,nan,nan,nan,nan,nan,nan,nan,nan,nan,nan
55.65925455093384,-0.4000000059604645,4.033999919891357,4.060999870300293,4.059000015258789,4.063000202178955,4.063000202178955,4.066999912261963,nan,nan,nan,nan,nan,nan,nan,nan,nan,nan,nan,nan
55.81887078285217,-0.38999998569488525,4.033999919891357,4.060999870300293,4.059000015258789,4.063000202178955,4.064000129699707,4.066999912261963,nan,nan,nan,nan,nan,nan,nan,nan,nan,nan,nan,nan
55.99937391281128,-0.4099999964237213,4.033999919891357,4.060999870300293,4.059000015258789,4.063000202178955,4.063000202178955,4.066999912261963,nan,nan,nan,nan,nan,nan,nan,nan,nan,nan,nan,nan
56.17998218536377,-0.38999998569488525,4.033999919891357,4.060999870300293,4.059000015258789,4.063000202178955,4.063000202178955,4.066999912261963,nan,nan,nan,nan,nan,nan,nan,nan,nan,nan,nan,nan
56.33921790122986,-0.4000000059604645,4.033999919891357,4.060999870300293,4.059000015258789,4.063000202178955,4.063000202178955,4.066999912261963,nan,nan,nan,nan,nan,nan,nan,nan,nan,nan,nan,nan
56.51974010467529,-0.4000000059604645,4.033999919891357,4.060999870300293,4.059000015258789,4.063000202178955,4.063000202178955,4.066999912261963,nan,nan,nan,nan,nan,nan,nan,nan,nan,nan,nan,nan
56.699737548828125,-0.4000000059604645,4.033999919891357,4.061999797821045,4.059000015258789,4.063000202178955,4.063000202178955,4.066999912261963,nan,nan,nan,nan,nan,nan,nan,nan,nan,nan,nan,nan
56.85927987098694,-0.4000000059604645,4.033999919891357,4.060999870300293,4.059000015258789,4.063000202178955,4.064000129699707,4.066999912261963,nan,nan,nan,nan,nan,nan,nan,nan,nan,nan,nan,nan
57.03992819786072,-0.38999998569488525,4.033999919891357,4.061999797821045,4.059000015258789,4.063000202178955,4.063000202178955,4.066999912261963,nan,nan,nan,nan,nan,nan,nan,nan,nan,nan,nan,nan
57.19928288459778,-0.4000000059604645,4.033999919891357,4.061999797821045,4.059000015258789,4.063000202178955,4.064000129699707,4.066999912261963,nan,nan,nan,nan,nan,nan,nan,nan,nan,nan,nan,nan
57.38108205795288,-0.38999998569488525,4.033999919891357,4.060999870300293,4.059000015258789,4.063000202178955,4.063000202178955,4.066999912261963,nan,nan,nan,nan,nan,nan,nan,nan,nan,nan,nan,nan
57.56005597114563,-0.38999998569488525,4.033999919891357,4.060999870300293,4.059000015258789,4.063000202178955,4.064000129699707,4.066999912261963,nan,nan,nan,nan,nan,nan,nan,nan,nan,nan,nan,nan
57.71954870223999,-0.4000000059604645,4.033999919891357,4.060999870300293,4.059000015258789,4.063000202178955,4.063000202178955,4.066999912261963,nan,nan,nan,nan,nan,nan,nan,nan,nan,nan,nan,nan
57.9009063243866,-0.4099999964237213,4.033999919891357,4.061999797821045,4.059000015258789,4.063000202178955,4.063000202178955,4.066999912261963,nan,nan,nan,nan,nan,nan,nan,nan,nan,nan,nan,nan
58.06048274040222,-0.4000000059604645,4.033999919891357,4.060999870300293,4.059000015258789,4.063000202178955,4.063000202178955,4.066999912261963,nan,nan,nan,nan,nan,nan,nan,nan,nan,nan,nan,nan
58.23965263366699,-0.4000000059604645,4.033999919891357,4.060999870300293,4.059000015258789,4.063000202178955,4.063000202178955,4.066999912261963,nan,nan,nan,nan,nan,nan,nan,nan,nan,nan,nan,nan
58.421048641204834,-0.4000000059604645,4.033999919891357,4.060999870300293,4.059000015258789,4.063000202178955,4.063000202178955,4.066999912261963,nan,nan,nan,nan,nan,nan,nan,nan,nan,nan,nan,nan
58.578991174697876,-0.38999998569488525,4.033999919891357,4.060999870300293,4.059000015258789,4.063000202178955,4.063000202178955,4.066999912261963,nan,nan,nan,nan,nan,nan,nan,nan,nan,nan,nan,nan
58.75949668884277,-0.4000000059604645,4.033999919891357,4.060999870300293,4.059000015258789,4.063000202178955,4.063000202178955,4.066999912261963,nan,nan,nan,nan,nan,nan,nan,nan,nan,nan,nan,nan
58.939789056777954,-0.38999998569488525,4.033999919891357,4.060999870300293,4.059000015258789,4.063000202178955,4.063000202178955,4.066999912261963,nan,nan,nan,nan,nan,nan,nan,nan,nan,nan,nan,nan
59.10097908973694,-0.4000000059604645,4.033999919891357,4.061999797821045,4.059000015258789,4.063000202178955,4.063000202178955,4.066999912261963,nan,nan,nan,nan,nan,nan,nan,nan,nan,nan,nan,nan
59.279853105545044,-0.3799999952316284,4.033999919891357,4.060999870300293,4.059000015258789,4.063000202178955,4.063000202178955,4.066999912261963,nan,nan,nan,nan,nan,nan,nan,nan,nan,nan,nan,nan
59.43930149078369,-0.38999998569488525,4.033999919891357,4.060999870300293,4.059000015258789,4.063000202178955,4.063000202178955,4.066999912261963,nan,nan,nan,nan,nan,nan,nan,nan,nan,nan,nan,nan
59.61925411224365,-0.4000000059604645,4.033999919891357,4.060999870300293,4.059000015258789,4.063000202178955,4.063000202178955,4.066999912261963,nan,nan,nan,nan,nan,nan,nan,nan,nan,nan,nan,nan
59.799962282180786,-0.38999998569488525,4.033999919891357,4.061999797821045,4.059000015258789,4.063000202178955,4.063000202178955,4.066999912261963,nan,nan,nan,nan,nan,nan,nan,nan,nan,nan,nan,nan
59.959277391433716,-0.4000000059604645,4.033999919891357,4.060999870300293,4.059000015258789,4.063000202178955,4.063000202178955,4.066999912261963,nan,nan,nan,nan,nan,nan,nan,nan,nan,nan,nan,nan
60.141053199768066,-0.4000000059604645,4.033999919891357,4.060999870300293,4.059000015258789,4.063000202178955,4.063000202178955,4.066999912261963,nan,nan,nan,nan,nan,nan,nan,nan,nan,nan,nan,nan
60.29905581474304,-0.4000000059604645,4.033999919891357,4.060999870300293,4.059000015258789,4.063000202178955,4.063000202178955,4.066999912261963,nan,nan,nan,nan,nan,nan,nan,nan,nan,nan,nan,nan
60.479304790496826,-0.4099999964237213,4.033999919891357,4.061999797821045,4.059000015258789,4.063000202178955,4.063000202178955,4.066999912261963,nan,nan,nan,nan,nan,nan,nan,nan,nan,nan,nan,nan
60.66088509559631,-0.38999998569488525,4.033999919891357,4.060999870300293,4.059000015258789,4.063000202178955,4.063000202178955,4.066999912261963,nan,nan,nan,nan,nan,nan,nan,nan,nan,nan,nan,nan
60.819496154785156,-0.4099999964237213,4.033999919891357,4.060999870300293,4.059000015258789,4.063000202178955,4.063000202178955,4.066999912261963,nan,nan,nan,nan,nan,nan,nan,nan,nan,nan,nan,nan
60.99944233894348,-0.4000000059604645,4.033999919891357,4.060999870300293,4.059000015258789,4.063000202178955,4.063000202178955,4.066999912261963,nan,nan,nan,nan,nan,nan,nan,nan,nan,nan,nan,nan
61.17983555793762,-0.38999998569488525,4.033999919891357,4.060999870300293,4.059000015258789,4.063000202178955,4.063000202178955,4.066999912261963,nan,nan,nan,nan,nan,nan,nan,nan,nan,nan,nan,nan
61.33926558494568,-0.38999998569488525,4.033999919891357,4.060999870300293,4.059000015258789,4.063000202178955,4.063000202178955,4.066999912261963,nan,nan,nan,nan,nan,nan,nan,nan,nan,nan,nan,nan
61.519726276397705,-0.4000000059604645,4.033999919891357,4.060999870300293,4.059000015258789,4.063000202178955,4.063000202178955,4.066999912261963,nan,nan,nan,nan,nan,nan,nan,nan,nan,nan,nan,nan
61.679096698760986,-0.4000000059604645,4.033999919891357,4.060999870300293,4.059000015258789,4.063000202178955,4.063000202178955,4.066999912261963,nan,nan,nan,nan,nan,nan,nan,nan,nan,nan,nan,nan
61.859314918518066,-0.4000000059604645,4.033999919891357,4.061999797821045,4.059000015258789,4.063000202178955,4.063000202178955,4.066999912261963,nan,nan,nan,nan,nan,nan,nan,nan,nan,nan,nan,nan
62.03986358642578,-0.4000000059604645,4.033999919891357,4.060999870300293,4.059000015258789,4.063000202178955,4.063000202178955,4.066999912261963,nan,nan,nan,nan,nan,nan,nan,nan,nan,nan,nan,nan
62.19926333427429,-0.4000000059604645,4.033999919891357,4.060999870300293,4.059000015258789,4.063000202178955,4.063000202178955,4.066999912261963,nan,nan,nan,nan,nan,nan,nan,nan,nan,nan,nan,nan
62.38102960586548,-0.4000000059604645,4.033999919891357,4.060999870300293,4.059000015258789,4.063000202178955,4.063000202178955,4.066999912261963,nan,nan,nan,nan,nan,nan,nan,nan,nan,nan,nan,nan
62.539106369018555,-0.4000000059604645,4.033999919891357,4.060999870300293,4.059000015258789,4.063000202178955,4.063000202178955,4.066999912261963,nan,nan,nan,nan,nan,nan,nan,nan,nan,nan,nan,nan
62.719308376312256,-0.4000000059604645,4.033999919891357,4.060999870300293,4.059000015258789,4.061999797821045,4.063000202178955,4.066999912261963,nan,nan,nan,nan,nan,nan,nan,nan,nan,nan,nan,nan
62.89940357208252,-0.4000000059604645,4.033999919891357,4.060999870300293,4.059000015258789,4.063000202178955,4.063000202178955,4.066999912261963,nan,nan,nan,nan,nan,nan,nan,nan,nan,nan,nan,nan
63.059229612350464,-0.38999998569488525,4.033999919891357,4.060999870300293,4.059000015258789,4.063000202178955,4.063000202178955,4.066999912261963,nan,nan,nan,nan,nan,nan,nan,nan,nan,nan,nan,nan
63.239601850509644,-0.4000000059604645,4.033999919891357,4.060999870300293,4.059000015258789,4.063000202178955,4.063000202178955,4.066999912261963,nan,nan,nan,nan,nan,nan,nan,nan,nan,nan,nan,nan
63.421014070510864,-0.4000000059604645,4.033999919891357,4.060999870300293,4.059000015258789,4.063000202178955,4.063000202178955,4.066999912261963,nan,nan,nan,nan,nan,nan,nan,nan,nan,nan,nan,nan
63.580100536346436,-0.41999998688697815,4.033999919891357,4.060999870300293,4.059000015258789,4.063000202178955,4.063000202178955,4.066999912261963,nan,nan,nan,nan,nan,nan,nan,nan,nan,nan,nan,nan
63.76033020019531,-0.4000000059604645,4.033999919891357,4.061999797821045,4.059000015258789,4.063000202178955,4.063000202178955,4.066999912261963,nan,nan,nan,nan,nan,nan,nan,nan,nan,nan,nan,nan
63.919820070266724,-0.38999998569488525,4.033999919891357,4.060999870300293,4.059000015258789,4.063000202178955,4.063000202178955,4.066999912261963,nan,nan,nan,nan,nan,nan,nan,nan,nan,nan,nan,nan
64.10024285316467,-0.4000000059604645,4.033999919891357,4.060999870300293,4.059000015258789,4.063000202178955,4.063000202178955,4.066999912261963,nan,nan,nan,nan,nan,nan,nan,nan,nan,nan,nan,nan
64.27924013137817,-0.38999998569488525,4.033999919891357,4.060999870300293,4.059000015258789,4.063000202178955,4.063000202178955,4.066999912261963,nan,nan,nan,nan,nan,nan,nan,nan,nan,nan,nan,nan
64.44011282920837,-0.4000000059604645,4.033999919891357,4.060999870300293,4.059000015258789,4.063000202178955,4.063000202178955,4.066999912261963,nan,nan,nan,nan,nan,nan,nan,nan,nan,nan,nan,nan
64.61924242973328,-0.4000000059604645,4.0329999923706055,4.060999870300293,4.059000015258789,4.063000202178955,4.063000202178955,4.066999912261963,nan,nan,nan,nan,nan,nan,nan,nan,nan,nan,nan,nan
64.78003716468811,-0.4000000059604645,4.033999919891357,4.060999870300293,4.059000015258789,4.061999797821045,4.063000202178955,4.066999912261963,nan,nan,nan,nan,nan,nan,nan,nan,nan,nan,nan,nan
64.9602382183075,-0.4000000059604645,4.033999919891357,4.060999870300293,4.059000015258789,4.061999797821045,4.063000202178955,4.066999912261963,nan,nan,nan,nan,nan,nan,nan,nan,nan,nan,nan,nan
65.139004945755,-0.4000000059604645,4.033999919891357,4.060999870300293,4.059000015258789,4.063000202178955,4.063000202178955,4.066999912261963,nan,nan,nan,nan,nan,nan,nan,nan,nan,nan,nan,nan
65.29997754096985,-0.4000000059604645,4.033999919891357,4.060999870300293,4.059000015258789,4.063000202178955,4.063000202178955,4.066999912261963,nan,nan,nan,nan,nan,nan,nan,nan,nan,nan,nan,nan
65.48032927513123,-0.4000000059604645,4.033999919891357,4.060999870300293,4.059000015258789,4.063000202178955,4.063000202178955,4.066999912261963,nan,nan,nan,nan,nan,nan,nan,nan,nan,nan,nan,nan
65.6592161655426,-0.4000000059604645,4.033999919891357,4.060999870300293,4.059000015258789,4.061999797821045,4.063000202178955,4.066999912261963,nan,nan,nan,nan,nan,nan,nan,nan,nan,nan,nan,nan
65.81869053840637,-0.4099999964237213,4.033999919891357,4.060999870300293,4.059000015258789,4.063000202178955,4.064000129699707,4.066999912261963,nan,nan,nan,nan,nan,nan,nan,nan,nan,nan,nan,nan
65.99934411048889,-0.4000000059604645,4.033999919891357,4.060999870300293,4.059000015258789,4.063000202178955,4.063000202178955,4.066999912261963,nan,nan,nan,nan,nan,nan,nan,nan,nan,nan,nan,nan
66.15876078605652,-0.4000000059604645,4.033999919891357,4.060999870300293,4.059000015258789,4.063000202178955,4.063000202178955,4.066999912261963,nan,nan,nan,nan,nan,nan,nan,nan,nan,nan,nan,nan
66.33908176422119,-0.4000000059604645,4.033999919891357,4.060999870300293,4.059000015258789,4.063000202178955,4.063000202178955,4.066999912261963,nan,nan,nan,nan,nan,nan,nan,nan,nan,nan,nan,nan
66.51939177513123,-0.4000000059604645,4.033999919891357,4.060999870300293,4.059000015258789,4.063000202178955,4.063000202178955,4.066999912261963,nan,nan,nan,nan,nan,nan,nan,nan,nan,nan,nan,nan
66.68010354042053,-0.38999998569488525,4.033999919891357,4.060999870300293,4.059000015258789,4.063000202178955,4.063000202178955,4.066999912261963,nan,nan,nan,nan,nan,nan,nan,nan,nan,nan,nan,nan
66.86050963401794,-0.4099999964237213,4.033999919891357,4.060999870300293,4.059000015258789,4.063000202178955,4.063000202178955,4.066999912261963,nan,nan,nan,nan,nan,nan,nan,nan,nan,nan,nan,nan
67.01975679397583,-0.41999998688697815,4.033999919891357,4.060999870300293,4.059000015258789,4.063000202178955,4.063000202178955,4.066999912261963,nan,nan,nan,nan,nan,nan,nan,nan,nan,nan,nan,nan
67.2004747390747,-0.4000000059604645,4.033999919891357,4.060999870300293,4.059000015258789,4.063000202178955,4.063000202178955,4.066999912261963,nan,nan,nan,nan,nan,nan,nan,nan,nan,nan,nan,nan
67.37901997566223,-0.4000000059604645,4.033999919891357,4.060999870300293,4.059000015258789,4.063000202178955,4.063000202178955,4.066999912261963,nan,nan,nan,nan,nan,nan,nan,nan,nan,nan,nan,nan
67.53987741470337,-0.4000000059604645,4.033999919891357,4.060999870300293,4.059000015258789,4.061999797821045,4.063000202178955,4.066999912261963,nan,nan,nan,nan,nan,nan,nan,nan,nan,nan,nan,nan
67.72035574913025,-0.4000000059604645,4.033999919891357,4.060999870300293,4.059000015258789,4.063000202178955,4.063000202178955,4.066999912261963,nan,nan,nan,nan,nan,nan,nan,nan,nan,nan,nan,nan
67.89990878105164,-0.4099999964237213,4.0329999923706055,4.060999870300293,4.059000015258789,4.063000202178955,4.063000202178955,4.066999912261963,nan,nan,nan,nan,nan,nan,nan,nan,nan,nan,nan,nan
68.05974316596985,-0.4000000059604645,4.033999919891357,4.060999870300293,4.059000015258789,4.063000202178955,4.063000202178955,4.066999912261963,nan,nan,nan,nan,nan,nan,nan,nan,nan,nan,nan,nan
68.24002146720886,-0.4099999964237213,4.033999919891357,4.060999870300293,4.059000015258789,4.061999797821045,4.063000202178955,4.066999912261963,nan,nan,nan,nan,nan,nan,nan,nan,nan,nan,nan,nan
68.39945530891418,-0.4000000059604645,4.033999919891357,4.060999870300293,4.059000015258789,4.063000202178955,4.063000202178955,4.066999912261963,nan,nan,nan,nan,nan,nan,nan,nan,nan,nan,nan,nan
68.57956886291504,-0.4000000059604645,4.033999919891357,4.060999870300293,4.059000015258789,4.063000202178955,4.063000202178955,4.066999912261963,nan,nan,nan,nan,nan,nan,nan,nan,nan,nan,nan,nan
68.75864005088806,-0.3799999952316284,4.033999919891357,4.060999870300293,4.059000015258789,4.061999797821045,4.063000202178955,4.066999912261963,nan,nan,nan,nan,nan,nan,nan,nan,nan,nan,nan,nan
68.92000937461853,-0.4000000059604645,4.033999919891357,4.060999870300293,4.059000015258789,4.063000202178955,4.063000202178955,4.066999912261963,nan,nan,nan,nan,nan,nan,nan,nan,nan,nan,nan,nan
69.09894847869873,-0.3799999952316284,4.033999919891357,4.060999870300293,4.059000015258789,4.061999797821045,4.063000202178955,4.066999912261963,nan,nan,nan,nan,nan,nan,nan,nan,nan,nan,nan,nan
69.26034998893738,-0.4000000059604645,4.0329999923706055,4.060999870300293,4.059000015258789,4.063000202178955,4.063000202178955,4.066999912261963,nan,nan,nan,nan,nan,nan,nan,nan,nan,nan,nan,nan
69.44007349014282,-0.38999998569488525,4.0329999923706055,4.060999870300293,4.059000015258789,4.061999797821045,4.063000202178955,4.066999912261963,nan,nan,nan,nan,nan,nan,nan,nan,nan,nan,nan,nan
69.6201810836792,-0.4000000059604645,4.033999919891357,4.060999870300293,4.059000015258789,4.061999797821045,4.063000202178955,4.066999912261963,nan,nan,nan,nan,nan,nan,nan,nan,nan,nan,nan,nan
69.77970790863037,-0.4000000059604645,4.033999919891357,4.060999870300293,4.059000015258789,4.063000202178955,4.063000202178955,4.066999912261963,nan,nan,nan,nan,nan,nan,nan,nan,nan,nan,nan,nan
69.9601240158081,-0.4000000059604645,4.033999919891357,4.060999870300293,4.059000015258789,4.061999797821045,4.063000202178955,4.066999912261963,nan,nan,nan,nan,nan,nan,nan,nan,nan,nan,nan,nan
70.13887596130371,-0.4000000059604645,4.033999919891357,4.060999870300293,4.059000015258789,4.063000202178955,4.063000202178955,4.066999912261963,nan,nan,nan,nan,nan,nan,nan,nan,nan,nan,nan,nan
70.30010533332825,-0.4000000059604645,4.0329999923706055,4.060999870300293,4.059000015258789,4.063000202178955,4.063000202178955,4.066999912261963,nan,nan,nan,nan,nan,nan,nan,nan,nan,nan,nan,nan
70.47916460037231,-0.4000000059604645,4.033999919891357,4.060999870300293,4.059000015258789,4.063000202178955,4.063000202178955,4.066999912261963,nan,nan,nan,nan,nan,nan,nan,nan,nan,nan,nan,nan
70.64093685150146,-0.4000000059604645,4.033999919891357,4.060999870300293,4.059000015258789,4.063000202178955,4.063000202178955,4.066999912261963,nan,nan,nan,nan,nan,nan,nan,nan,nan,nan,nan,nan
70.81988048553467,-0.4000000059604645,4.0329999923706055,4.060999870300293,4.059000015258789,4.061999797821045,4.063000202178955,4.066999912261963,nan,nan,nan,nan,nan,nan,nan,nan,nan,nan,nan,nan
70.99984240531921,-0.4000000059604645,4.033999919891357,4.060999870300293,4.059000015258789,4.063000202178955,4.063000202178955,4.066999912261963,nan,nan,nan,nan,nan,nan,nan,nan,nan,nan,nan,nan
71.16095185279846,-0.38999998569488525,4.0329999923706055,4.060999870300293,4.059000015258789,4.061999797821045,4.063000202178955,4.066999912261963,nan,nan,nan,nan,nan,nan,nan,nan,nan,nan,nan,nan
71.33971571922302,-0.38999998569488525,4.033999919891357,4.060999870300293,4.059000015258789,4.063000202178955,4.063000202178955,4.066999912261963,nan,nan,nan,nan,nan,nan,nan,nan,nan,nan,nan,nan
71.49935460090637,-0.4000000059604645,4.0329999923706055,4.060999870300293,4.059000015258789,4.061999797821045,4.063000202178955,4.066999912261963,nan,nan,nan,nan,nan,nan,nan,nan,nan,nan,nan,nan
71.67930555343628,-0.4099999964237213,4.0329999923706055,4.060999870300293,4.059000015258789,4.061999797821045,4.063000202178955,4.066999912261963,nan,nan,nan,nan,nan,nan,nan,nan,nan,nan,nan,nan
71.85926747322083,-0.4099999964237213,4.0329999923706055,4.060999870300293,4.059000015258789,4.063000202178955,4.063000202178955,4.066999912261963,nan,nan,nan,nan,nan,nan,nan,nan,nan,nan,nan,nan
72.01886940002441,-0.4000000059604645,4.0329999923706055,4.060999870300293,4.059000015258789,4.061999797821045,4.063000202178955,4.066999912261963,nan,nan,nan,nan,nan,nan,nan,nan,nan,nan,nan,nan
72.19922113418579,-0.4000000059604645,4.0329999923706055,4.060999870300293,4.059000015258789,4.061999797821045,4.063000202178955,4.066999912261963,nan,nan,nan,nan,nan,nan,nan,nan,nan,nan,nan,nan
72.3600115776062,-0.4300000071525574,4.0329999923706055,4.060999870300293,4.059000015258789,4.061999797821045,4.063000202178955,4.066999912261963,nan,nan,nan,nan,nan,nan,nan,nan,nan,nan,nan,nan
72.53877115249634,-0.4300000071525574,4.0329999923706055,4.060999870300293,4.058000087738037,4.063000202178955,4.063000202178955,4.066999912261963,nan,nan,nan,nan,nan,nan,nan,nan,nan,nan,nan,nan
72.71890139579773,-0.41999998688697815,4.0329999923706055,4.060999870300293,4.059000015258789,4.061999797821045,4.063000202178955,4.065999984741211,nan,nan,nan,nan,nan,nan,nan,nan,nan,nan,nan,nan
72.87999296188354,-0.44999998807907104,4.0329999923706055,4.060999870300293,4.059000015258789,4.061999797821045,4.063000202178955,4.066999912261963,nan,nan,nan,nan,nan,nan,nan,nan,nan,nan,nan,nan
73.06020402908325,-0.41999998688697815,4.0329999923706055,4.060999870300293,4.059000015258789,4.063000202178955,4.063000202178955,4.065999984741211,nan,nan,nan,nan,nan,nan,nan,nan,nan,nan,nan,nan
73.23870325088501,-0.4300000071525574,4.0329999923706055,4.060999870300293,4.059000015258789,4.061999797821045,4.063000202178955,4.066999912261963,nan,nan,nan,nan,nan,nan,nan,nan,nan,nan,nan,nan
73.4000940322876,-0.4099999964237213,4.0329999923706055,4.060999870300293,4.059000015258789,4.061999797821045,4.063000202178955,4.065999984741211,nan,nan,nan,nan,nan,nan,nan,nan,nan,nan,nan,nan
73.57905769348145,-0.41999998688697815,4.0329999923706055,4.060999870300293,4.058000087738037,4.061999797821045,4.063000202178955,4.066999912261963,nan,nan,nan,nan,nan,nan,nan,nan,nan,nan,nan,nan
73.74010014533997,-0.4099999964237213,4.0329999923706055,4.060999870300293,4.059000015258789,4.063000202178955,4.063000202178955,4.066999912261963,nan,nan,nan,nan,nan,nan,nan,nan,nan,nan,nan,nan
73.9188597202301,-0.41999998688697815,4.0329999923706055,4.060999870300293,4.058000087738037,4.061999797821045,4.063000202178955,4.065999984741211,nan,nan,nan,nan,nan,nan,nan,nan,nan,nan,nan,nan
74.09959578514099,-0.4300000071525574,4.0329999923706055,4.060999870300293,4.059000015258789,4.061999797821045,4.063000202178955,4.066999912261963,nan,nan,nan,nan,nan,nan,nan,nan,nan,nan,nan,nan
74.26028060913086,-0.41999998688697815,4.0329999923706055,4.060999870300293,4.059000015258789,4.061999797821045,4.063000202178955,4.066999912261963,nan,nan,nan,nan,nan,nan,nan,nan,nan,nan,nan,nan
74.4389877319336,-0.4300000071525574,4.0329999923706055,4.060999870300293,4.058000087738037,4.061999797821045,4.063000202178955,4.066999912261963,nan,nan,nan,nan,nan,nan,nan,nan,nan,nan,nan,nan
74.60025691986084,-0.41999998688697815,4.0329999923706055,4.060999870300293,4.059000015258789,4.063000202178955,4.063000202178955,4.066999912261963,nan,nan,nan,nan,nan,nan,nan,nan,nan,nan,nan,nan
74.78021502494812,-0.41999998688697815,4.0329999923706055,4.060999870300293,4.059000015258789,4.061999797821045,4.063000202178955,4.066999912261963,nan,nan,nan,nan,nan,nan,nan,nan,nan,nan,nan,nan
74.95919704437256,-0.4300000071525574,4.0329999923706055,4.060999870300293,4.059000015258789,4.061999797821045,4.063000202178955,4.066999912261963,nan,nan,nan,nan,nan,nan,nan,nan,nan,nan,nan,nan
75.11891174316406,-0.41999998688697815,4.0329999923706055,4.060999870300293,4.059000015258789,4.061999797821045,4.063000202178955,4.066999912261963,nan,nan,nan,nan,nan,nan,nan,nan,nan,nan,nan,nan
75.29915857315063,-0.4099999964237213,4.0329999923706055,4.060999870300293,4.058000087738037,4.061999797821045,4.063000202178955,4.066999912261963,nan,nan,nan,nan,nan,nan,nan,nan,nan,nan,nan,nan
75.47931861877441,-0.41999998688697815,4.0329999923706055,4.060999870300293,4.058000087738037,4.063000202178955,4.063000202178955,4.066999912261963,nan,nan,nan,nan,nan,nan,nan,nan,nan,nan,nan,nan
75.64020419120789,-0.41999998688697815,4.0329999923706055,4.060999870300293,4.058000087738037,4.061999797821045,4.063000202178955,4.065999984741211,nan,nan,nan,nan,nan,nan,nan,nan,nan,nan,nan,nan
75.8191990852356,-0.41999998688697815,4.0329999923706055,4.060999870300293,4.058000087738037,4.061999797821045,4.063000202178955,4.065999984741211,nan,nan,nan,nan,nan,nan,nan,nan,nan,nan,nan,nan
75.98012018203735,-0.4300000071525574,4.0329999923706055,4.060999870300293,4.058000087738037,4.061999797821045,4.063000202178955,4.065999984741211,nan,nan,nan,nan,nan,nan,nan,nan,nan,nan,nan,nan
76.15891790390015,-0.4399999976158142,4.0329999923706055,4.060999870300293,4.058000087738037,4.061999797821045,4.063000202178955,4.066999912261963,nan,nan,nan,nan,nan,nan,nan,nan,nan,nan,nan,nan
76.33936882019043,-0.4099999964237213,4.0329999923706055,4.060999870300293,4.059000015258789,4.061999797821045,4.063000202178955,4.065999984741211,nan,nan,nan,nan,nan,nan,nan,nan,nan,nan,nan,nan
76.49898290634155,-0.4000000059604645,4.0329999923706055,4.060999870300293,4.059000015258789,4.061999797821045,4.063000202178955,4.065999984741211,nan,nan,nan,nan,nan,nan,nan,nan,nan,nan,nan,nan
76.67907547950745,-0.4000000059604645,4.0329999923706055,4.060999870300293,4.058000087738037,4.061999797821045,4.063000202178955,4.065999984741211,nan,nan,nan,nan,nan,nan,nan,nan,nan,nan,nan,nan
76.84009194374084,-0.4000000059604645,4.0329999923706055,4.060999870300293,4.059000015258789,4.061999797821045,4.063000202178955,4.066999912261963,nan,nan,nan,nan,nan,nan,nan,nan,nan,nan,nan,nan
77.02040362358093,-0.4000000059604645,4.0329999923706055,4.060999870300293,4.059000015258789,4.061999797821045,4.063000202178955,4.066999912261963,nan,nan,nan,nan,nan,nan,nan,nan,nan,nan,nan,nan
77.19922304153442,-0.4000000059604645,4.0329999923706055,4.060999870300293,4.058000087738037,4.061999797821045,4.063000202178955,4.066999912261963,nan,nan,nan,nan,nan,nan,nan,nan,nan,nan,nan,nan
77.35912680625916,-0.4099999964237213,4.0329999923706055,4.060999870300293,4.058000087738037,4.063000202178955,4.063000202178955,4.065999984741211,nan,nan,nan,nan,nan,nan,nan,nan,nan,nan,nan,nan
77.5390555858612,-0.4000000059604645,4.0329999923706055,4.060999870300293,4.059000015258789,4.061999797821045,4.063000202178955,4.066999912261963,nan,nan,nan,nan,nan,nan,nan,nan,nan,nan,nan,nan
77.72085523605347,-0.38999998569488525,4.0329999923706055,4.060999870300293,4.058000087738037,4.061999797821045,4.063000202178955,4.066999912261963,nan,nan,nan,nan,nan,nan,nan,nan,nan,nan,nan,nan
77.8788423538208,-0.4000000059604645,4.0329999923706055,4.060999870300293,4.059000015258789,4.061999797821045,4.063000202178955,4.066999912261963,nan,nan,nan,nan,nan,nan,nan,nan,nan,nan,nan,nan
78.05922651290894,-0.4000000059604645,4.0329999923706055,4.060999870300293,4.059000015258789,4.063000202178955,4.063000202178955,4.065999984741211,nan,nan,nan,nan,nan,nan,nan,nan,nan,nan,nan,nan
78.2203323841095,-0.4000000059604645,4.0329999923706055,4.060999870300293,4.058000087738037,4.063000202178955,4.063000202178955,4.066999912261963,nan,nan,nan,nan,nan,nan,nan,nan,nan,nan,nan,nan
78.3992748260498,-0.4000000059604645,4.0329999923706055,4.060999870300293,4.058000087738037,4.061999797821045,4.063000202178955,4.066999912261963,nan,nan,nan,nan,nan,nan,nan,nan,nan,nan,nan,nan
78.57941746711731,-0.4099999964237213,4.0329999923706055,4.060999870300293,4.058000087738037,4.061999797821045,4.063000202178955,4.066999912261963,nan,nan,nan,nan,nan,nan,nan,nan,nan,nan,nan,nan
78.73938608169556,-0.4000000059604645,4.0329999923706055,4.060999870300293,4.059000015258789,4.061999797821045,4.063000202178955,4.066999912261963,nan,nan,nan,nan,nan,nan,nan,nan,nan,nan,nan,nan
78.91953206062317,-0.4000000059604645,4.0329999923706055,4.060999870300293,4.058000087738037,4.061999797821045,4.063000202178955,4.066999912261963,nan,nan,nan,nan,nan,nan,nan,nan,nan,nan,nan,nan
79.07910704612732,-0.4000000059604645,4.0329999923706055,4.060999870300293,4.058000087738037,4.061999797821045,4.063000202178955,4.066999912261963,nan,nan,nan,nan,nan,nan,nan,nan,nan,nan,nan,nan
79.25943994522095,-0.4000000059604645,4.0329999923706055,4.060999870300293,4.059000015258789,4.061999797821045,4.063000202178955,4.066999912261963,nan,nan,nan,nan,nan,nan,nan,nan,nan,nan,nan,nan
79.43984723091125,-0.38999998569488525,4.0329999923706055,4.060999870300293,4.058000087738037,4.061999797821045,4.063000202178955,4.066999912261963,nan,nan,nan,nan,nan,nan,nan,nan,nan,nan,nan,nan
79.59893250465393,-0.38999998569488525,4.0329999923706055,4.060999870300293,4.059000015258789,4.061999797821045,4.063000202178955,4.066999912261963,nan,nan,nan,nan,nan,nan,nan,nan,nan,nan,nan,nan
79.77942514419556,-0.4000000059604645,4.0329999923706055,4.060999870300293,4.058000087738037,4.061999797821045,4.063000202178955,4.066999912261963,nan,nan,nan,nan,nan,nan,nan,nan,nan,nan,nan,nan
79.95998954772949,-0.38999998569488525,4.0329999923706055,4.060999870300293,4.058000087738037,4.061999797821045,4.063000202178955,4.066999912261963,nan,nan,nan,nan,nan,nan,nan,nan,nan,nan,nan,nan
80.120765209198,-0.4000000059604645,4.0329999923706055,4.060999870300293,4.058000087738037,4.061999797821045,4.063000202178955,4.066999912261963,nan,nan,nan,nan,nan,nan,nan,nan,nan,nan,nan,nan
80.29923582077026,-0.4000000059604645,4.0329999923706055,4.060999870300293,4.058000087738037,4.061999797821045,4.063000202178955,4.066999912261963,nan,nan,nan,nan,nan,nan,nan,nan,nan,nan,nan,nan
80.46007537841797,-0.4000000059604645,4.0329999923706055,4.060999870300293,4.059000015258789,4.061999797821045,4.063000202178955,4.066999912261963,nan,nan,nan,nan,nan,nan,nan,nan,nan,nan,nan,nan
80.64120936393738,-0.4000000059604645,4.0329999923706055,4.060999870300293,4.058000087738037,4.061999797821045,4.063000202178955,4.066999912261963,nan,nan,nan,nan,nan,nan,nan,nan,nan,nan,nan,nan
80.81881213188171,-0.38999998569488525,4.0329999923706055,4.060999870300293,4.058000087738037,4.063000202178955,4.063000202178955,4.066999912261963,nan,nan,nan,nan,nan,nan,nan,nan,nan,nan,nan,nan
80.98046731948853,-0.3799999952316284,4.0329999923706055,4.060999870300293,4.058000087738037,4.061999797821045,4.063000202178955,4.065999984741211,nan,nan,nan,nan,nan,nan,nan,nan,nan,nan,nan,nan
81.16027760505676,-0.4000000059604645,4.0329999923706055,4.060999870300293,4.058000087738037,4.063000202178955,4.063000202178955,4.066999912261963,nan,nan,nan,nan,nan,nan,nan,nan,nan,nan,nan,nan
81.31997299194336,-0.4000000059604645,4.0329999923706055,4.060999870300293,4.058000087738037,4.061999797821045,4.063000202178955,4.066999912261963,nan,nan,nan,nan,nan,nan,nan,nan,nan,nan,nan,nan
81.50018405914307,-0.4000000059604645,4.0329999923706055,4.060999870300293,4.058000087738037,4.061999797821045,4.063000202178955,4.065999984741211,nan,nan,nan,nan,nan,nan,nan,nan,nan,nan,nan,nan
81.68007564544678,-0.4000000059604645,4.0329999923706055,4.060999870300293,4.059000015258789,4.061999797821045,4.063000202178955,4.065999984741211,nan,nan,nan,nan,nan,nan,nan,nan,nan,nan,nan,nan
81.83963418006897,-0.4099999964237213,4.0329999923706055,4.060999870300293,4.058000087738037,4.061999797821045,4.063000202178955,4.066999912261963,nan,nan,nan,nan,nan,nan,nan,nan,nan,nan,nan,nan
82.0198175907135,-0.4000000059604645,4.0329999923706055,4.060999870300293,4.059000015258789,4.061999797821045,4.063000202178955,4.066999912261963,nan,nan,nan,nan,nan,nan,nan,nan,nan,nan,nan,nan
82.17939186096191,-0.4000000059604645,4.0329999923706055,4.060999870300293,4.059000015258789,4.061999797821045,4.063000202178955,4.066999912261963,nan,nan,nan,nan,nan,nan,nan,nan,nan,nan,nan,nan
82.35996055603027,-0.4000000059604645,4.0329999923706055,4.060999870300293,4.058000087738037,4.061999797821045,4.063000202178955,4.066999912261963,nan,nan,nan,nan,nan,nan,nan,nan,nan,nan,nan,nan
82.54000973701477,-0.38999998569488525,4.0329999923706055,4.060999870300293,4.058000087738037,4.061999797821045,4.063000202178955,4.065999984741211,nan,nan,nan,nan,nan,nan,nan,nan,nan,nan,nan,nan
82.7009437084198,-0.4099999964237213,4.0329999923706055,4.060999870300293,4.058000087738037,4.061999797821045,4.063000202178955,4.066999912261963,nan,nan,nan,nan,nan,nan,nan,nan,nan,nan,nan,nan
82.87971067428589,-0.4000000059604645,4.0329999923706055,4.060999870300293,4.059000015258789,4.061999797821045,4.063000202178955,4.065999984741211,nan,nan,nan,nan,nan,nan,nan,nan,nan,nan,nan,nan
83.05998373031616,-0.38999998569488525,4.0329999923706055,4.060999870300293,4.059000015258789,4.061999797821045,4.063000202178955,4.065999984741211,nan,nan,nan,nan,nan,nan,nan,nan,nan,nan,nan,nan
83.2195086479187,-0.4099999964237213,4.0329999923706055,4.060999870300293,4.058000087738037,4.063000202178955,4.063000202178955,4.066999912261963,nan,nan,nan,nan,nan,nan,nan,nan,nan,nan,nan,nan
83.3998191356659,-0.4000000059604645,4.0329999923706055,4.060999870300293,4.058000087738037,4.061999797821045,4.063000202178955,4.065999984741211,nan,nan,nan,nan,nan,nan,nan,nan,nan,nan,nan,nan
83.56048488616943,-0.4000000059604645,4.0329999923706055,4.060999870300293,4.058000087738037,4.061999797821045,4.063000202178955,4.065999984741211,nan,nan,nan,nan,nan,nan,nan,nan,nan,nan,nan,nan
83.73980927467346,-0.41999998688697815,4.0329999923706055,4.060999870300293,4.058000087738037,4.061999797821045,4.063000202178955,4.065999984741211,nan,nan,nan,nan,nan,nan,nan,nan,nan,nan,nan,nan
83.91930198669434,-0.4000000059604645,4.0329999923706055,4.060999870300293,4.058000087738037,4.061999797821045,4.063000202178955,4.066999912261963,nan,nan,nan,nan,nan,nan,nan,nan,nan,nan,nan,nan
84.07909798622131,-0.4000000059604645,4.0329999923706055,4.060999870300293,4.059000015258789,4.061999797821045,4.063000202178955,4.066999912261963,nan,nan,nan,nan,nan,nan,nan,nan,nan,nan,nan,nan
84.25935482978821,-0.4099999964237213,4.0329999923706055,4.060999870300293,4.058000087738037,4.061999797821045,4.063000202178955,4.065999984741211,nan,nan,nan,nan,nan,nan,nan,nan,nan,nan,nan,nan
84.42049884796143,-0.4099999964237213,4.0329999923706055,4.060999870300293,4.058000087738037,4.061999797821045,4.063000202178955,4.066999912261963,nan,nan,nan,nan,nan,nan,nan,nan,nan,nan,nan,nan
84.59937906265259,-0.4000000059604645,4.0329999923706055,4.060999870300293,4.058000087738037,4.061999797821045,4.063000202178955,4.065999984741211,nan,nan,nan,nan,nan,nan,nan,nan,nan,nan,nan,nan
84.77955436706543,-0.4000000059604645,4.0329999923706055,4.060999870300293,4.059000015258789,4.061999797821045,4.063000202178955,4.065999984741211,nan,nan,nan,nan,nan,nan,nan,nan,nan,nan,nan,nan
84.93907284736633,-0.4099999964237213,4.0329999923706055,4.060999870300293,4.059000015258789,4.061999797821045,4.063000202178955,4.065999984741211,nan,nan,nan,nan,nan,nan,nan,nan,nan,nan,nan,nan
85.11946105957031,-0.4000000059604645,4.0329999923706055,4.060999870300293,4.059000015258789,4.061999797821045,4.063000202178955,4.065999984741211,nan,nan,nan,nan,nan,nan,nan,nan,nan,nan,nan,nan
85.29975748062134,-0.4000000059604645,4.0329999923706055,4.060999870300293,4.058000087738037,4.061999797821045,4.063000202178955,4.066999912261963,nan,nan,nan,nan,nan,nan,nan,nan,nan,nan,nan,nan
85.45928382873535,-0.4000000059604645,4.0329999923706055,4.060999870300293,4.058000087738037,4.061999797821045,4.063000202178955,4.065999984741211,nan,nan,nan,nan,nan,nan,nan,nan,nan,nan,nan,nan
85.63940334320068,-0.3799999952316284,4.0329999923706055,4.060999870300293,4.058000087738037,4.061999797821045,4.063000202178955,4.066999912261963,nan,nan,nan,nan,nan,nan,nan,nan,nan,nan,nan,nan
85.79986882209778,-0.4099999964237213,4.0329999923706055,4.060999870300293,4.058000087738037,4.061999797821045,4.063000202178955,4.066999912261963,nan,nan,nan,nan,nan,nan,nan,nan,nan,nan,nan,nan
85.98006534576416,-0.4000000059604645,4.0329999923706055,4.060999870300293,4.058000087738037,4.061999797821045,4.063000202178955,4.066999912261963,nan,nan,nan,nan,nan,nan,nan,nan,nan,nan,nan,nan
86.15881371498108,-0.4000000059604645,4.0329999923706055,4.060999870300293,4.058000087738037,4.061999797821045,4.063000202178955,4.066999912261963,nan,nan,nan,nan,nan,nan,nan,nan,nan,nan,nan,nan
86.31993699073792,-0.4000000059604645,4.0329999923706055,4.060999870300293,4.058000087738037,4.061999797821045,4.063000202178955,4.065999984741211,nan,nan,nan,nan,nan,nan,nan,nan,nan,nan,nan,nan
86.49852633476257,-0.38999998569488525,4.0329999923706055,4.060999870300293,4.058000087738037,4.061999797821045,4.063000202178955,4.065999984741211,nan,nan,nan,nan,nan,nan,nan,nan,nan,nan,nan,nan
86.65968084335327,-0.4000000059604645,4.0329999923706055,4.060999870300293,4.058000087738037,4.061999797821045,4.063000202178955,4.065999984741211,nan,nan,nan,nan,nan,nan,nan,nan,nan,nan,nan,nan
86.84007859230042,-0.4399999976158142,4.0329999923706055,4.060999870300293,4.058000087738037,4.061999797821045,4.063000202178955,4.066999912261963,nan,nan,nan,nan,nan,nan,nan,nan,nan,nan,nan,nan
87.0201952457428,-0.41999998688697815,4.0329999923706055,4.060999870300293,4.059000015258789,4.061999797821045,4.063000202178955,4.066999912261963,nan,nan,nan,nan,nan,nan,nan,nan,nan,nan,nan,nan
87.17984986305237,-0.4000000059604645,4.0329999923706055,4.060999870300293,4.059000015258789,4.061999797821045,4.063000202178955,4.065999984741211,nan,nan,nan,nan,nan,nan,nan,nan,nan,nan,nan,nan
87.36046624183655,-0.4000000059604645,4.0329999923706055,4.060999870300293,4.058000087738037,4.061999797821045,4.063000202178955,4.065999984741211,nan,nan,nan,nan,nan,nan,nan,nan,nan,nan,nan,nan
87.51928210258484,-0.4000000059604645,4.0329999923706055,4.060999870300293,4.058000087738037,4.061999797821045,4.063000202178955,4.065999984741211,nan,nan,nan,nan,nan,nan,nan,nan,nan,nan,nan,nan
87.69982242584229,-0.4000000059604645,4.0329999923706055,4.060999870300293,4.058000087738037,4.061999797821045,4.063000202178955,4.065999984741211,nan,nan,nan,nan,nan,nan,nan,nan,nan,nan,nan,nan
87.88022708892822,-0.4000000059604645,4.0329999923706055,4.060999870300293,4.059000015258789,4.061999797821045,4.063000202178955,4.065999984741211,nan,nan,nan,nan,nan,nan,nan,nan,nan,nan,nan,nan
88.03957557678223,-0.38999998569488525,4.0329999923706055,4.060999870300293,4.058000087738037,4.061999797821045,4.063000202178955,4.066999912261963,nan,nan,nan,nan,nan,nan,nan,nan,nan,nan,nan,nan
88.22007417678833,-0.4099999964237213,4.0329999923706055,4.060999870300293,4.058000087738037,4.061999797821045,4.063000202178955,4.065999984741211,nan,nan,nan,nan,nan,nan,nan,nan,nan,nan,nan,nan
88.39884352684021,-0.4000000059604645,4.0329999923706055,4.060999870300293,4.059000015258789,4.061999797821045,4.063000202178955,4.065999984741211,nan,nan,nan,nan,nan,nan,nan,nan,nan,nan,nan,nan
88.5597825050354,-0.4000000059604645,4.0329999923706055,4.060999870300293,4.058000087738037,4.061999797821045,4.063000202178955,4.066999912261963,nan,nan,nan,nan,nan,nan,nan,nan,nan,nan,nan,nan
88.74015808105469,-0.38999998569488525,4.0329999923706055,4.060999870300293,4.058000087738037,4.061999797821045,4.063000202178955,4.066999912261963,nan,nan,nan,nan,nan,nan,nan,nan,nan,nan,nan,nan
88.89962458610535,-0.4099999964237213,4.0329999923706055,4.060999870300293,4.058000087738037,4.061999797821045,4.063000202178955,4.065999984741211,nan,nan,nan,nan,nan,nan,nan,nan,nan,nan,nan,nan
89.0800461769104,-0.4000000059604645,4.0329999923706055,4.060999870300293,4.058000087738037,4.061999797821045,4.063000202178955,4.066999912261963,nan,nan,nan,nan,nan,nan,nan,nan,nan,nan,nan,nan
89.26029801368713,-0.4099999964237213,4.0329999923706055,4.060999870300293,4.058000087738037,4.061999797821045,4.063000202178955,4.065999984741211,nan,nan,nan,nan,nan,nan,nan,nan,nan,nan,nan,nan
89.42010402679443,-0.4000000059604645,4.0329999923706055,4.060999870300293,4.058000087738037,4.061999797821045,4.063000202178955,4.066999912261963,nan,nan,nan,nan,nan,nan,nan,nan,nan,nan,nan,nan
89.5998945236206,-0.4000000059604645,4.0329999923706055,4.060999870300293,4.058000087738037,4.061999797821045,4.063000202178955,4.065999984741211,nan,nan,nan,nan,nan,nan,nan,nan,nan,nan,nan,nan
89.75938367843628,-0.4000000059604645,4.0329999923706055,4.060999870300293,4.058000087738037,4.061999797821045,4.063000202178955,4.065999984741211,nan,nan,nan,nan,nan,nan,nan,nan,nan,nan,nan,nan
89.9412682056427,-0.4000000059604645,4.0329999923706055,4.060999870300293,4.058000087738037,4.061999797821045,4.063000202178955,4.066999912261963,nan,nan,nan,nan,nan,nan,nan,nan,nan,nan,nan,nan
90.12010741233826,-0.4000000059604645,4.0329999923706055,4.060999870300293,4.058000087738037,4.061999797821045,4.063000202178955,4.066999912261963,nan,nan,nan,nan,nan,nan,nan,nan,nan,nan,nan,nan
90.27959680557251,-0.4000000059604645,4.0329999923706055,4.060999870300293,4.058000087738037,4.061999797821045,4.063000202178955,4.065999984741211,nan,nan,nan,nan,nan,nan,nan,nan,nan,nan,nan,nan
90.45989632606506,-0.38999998569488525,4.0329999923706055,4.060999870300293,4.058000087738037,4.061999797821045,4.063000202178955,4.065999984741211,nan,nan,nan,nan,nan,nan,nan,nan,nan,nan,nan,nan
90.63867020606995,-0.4000000059604645,4.0329999923706055,4.060999870300293,4.058000087738037,4.061999797821045,4.063000202178955,4.066999912261963,nan,nan,nan,nan,nan,nan,nan,nan,nan,nan,nan,nan
90.79987096786499,-0.38999998569488525,4.0320000648498535,4.060999870300293,4.058000087738037,4.061999797821045,4.063000202178955,4.066999912261963,nan,nan,nan,nan,nan,nan,nan,nan,nan,nan,nan,nan
90.9787392616272,-0.4000000059604645,4.0329999923706055,4.060999870300293,4.058000087738037,4.061999797821045,4.061999797821045,4.065999984741211,nan,nan,nan,nan,nan,nan,nan,nan,nan,nan,nan,nan
91.13989400863647,-0.4000000059604645,4.0329999923706055,4.060999870300293,4.058000087738037,4.061999797821045,4.063000202178955,4.065999984741211,nan,nan,nan,nan,nan,nan,nan,nan,nan,nan,nan,nan
91.31864428520203,-0.4099999964237213,4.0320000648498535,4.060999870300293,4.058000087738037,4.061999797821045,4.063000202178955,4.065999984741211,nan,nan,nan,nan,nan,nan,nan,nan,nan,nan,nan,nan
91.49875998497009,-0.4099999964237213,4.0329999923706055,4.060999870300293,4.058000087738037,4.061999797821045,4.063000202178955,4.065999984741211,nan,nan,nan,nan,nan,nan,nan,nan,nan,nan,nan,nan
91.66014862060547,-0.4000000059604645,4.0320000648498535,4.060999870300293,4.058000087738037,4.061999797821045,4.063000202178955,4.065999984741211,nan,nan,nan,nan,nan,nan,nan,nan,nan,nan,nan,nan
91.83882021903992,-0.38999998569488525,4.0329999923706055,4.060999870300293,4.058000087738037,4.061999797821045,4.063000202178955,4.065999984741211,nan,nan,nan,nan,nan,nan,nan,nan,nan,nan,nan,nan
92.01938891410828,-0.4000000059604645,4.0329999923706055,4.060999870300293,4.059000015258789,4.061999797821045,4.063000202178955,4.065999984741211,nan,nan,nan,nan,nan,nan,nan,nan,nan,nan,nan,nan
92.17879462242126,-0.38999998569488525,4.0329999923706055,4.060999870300293,4.058000087738037,4.061999797821045,4.063000202178955,4.065999984741211,nan,nan,nan,nan,nan,nan,nan,nan,nan,nan,nan,nan
92.35956883430481,-0.41999998688697815,4.0329999923706055,4.060999870300293,4.058000087738037,4.061999797821045,4.063000202178955,4.065999984741211,nan,nan,nan,nan,nan,nan,nan,nan,nan,nan,nan,nan
92.51989912986755,-0.4099999964237213,4.0329999923706055,4.060999870300293,4.058000087738037,4.061999797821045,4.063000202178955,4.065999984741211,nan,nan,nan,nan,nan,nan,nan,nan,nan,nan,nan,nan
92.70042181015015,-0.38999998569488525,4.0329999923706055,4.060999870300293,4.058000087738037,4.061999797821045,4.063000202178955,4.066999912261963,nan,nan,nan,nan,nan,nan,nan,nan,nan,nan,nan,nan
92.87909817695618,-0.41999998688697815,4.0329999923706055,4.060999870300293,4.058000087738037,4.061999797821045,4.063000202178955,4.065999984741211,nan,nan,nan,nan,nan,nan,nan,nan,nan,nan,nan,nan
93.0399260520935,-0.4099999964237213,4.0329999923706055,4.060999870300293,4.058000087738037,4.061999797821045,4.063000202178955,4.065999984741211,nan,nan,nan,nan,nan,nan,nan,nan,nan,nan,nan,nan
93.22025561332703,-0.4000000059604645,4.0329999923706055,4.060999870300293,4.058000087738037,4.061999797821045,4.061999797821045,4.065999984741211,nan,nan,nan,nan,nan,nan,nan,nan,nan,nan,nan,nan
93.37998151779175,-0.4000000059604645,4.0329999923706055,4.060999870300293,4.058000087738037,4.063000202178955,4.063000202178955,4.065999984741211,nan,nan,nan,nan,nan,nan,nan,nan,nan,nan,nan,nan
93.56032228469849,-0.3799999952316284,4.0320000648498535,4.060999870300293,4.058000087738037,4.061999797821045,4.063000202178955,4.065999984741211,nan,nan,nan,nan,nan,nan,nan,nan,nan,nan,nan,nan
93.74053692817688,-0.4000000059604645,4.0320000648498535,4.060999870300293,4.058000087738037,4.061999797821045,4.063000202178955,4.065999984741211,nan,nan,nan,nan,nan,nan,nan,nan,nan,nan,nan,nan
93.89991807937622,-0.4000000059604645,4.0329999923706055,4.059999942779541,4.058000087738037,4.061999797821045,4.063000202178955,4.065999984741211,nan,nan,nan,nan,nan,nan,nan,nan,nan,nan,nan,nan
94.07999610900879,-0.3799999952316284,4.0329999923706055,4.060999870300293,4.058000087738037,4.061999797821045,4.063000202178955,4.065999984741211,nan,nan,nan,nan,nan,nan,nan,nan,nan,nan,nan,nan
94.2589123249054,-0.4000000059604645,4.0329999923706055,4.060999870300293,4.058000087738037,4.061999797821045,4.063000202178955,4.065999984741211,nan,nan,nan,nan,nan,nan,nan,nan,nan,nan,nan,nan
94.41984534263611,-0.4000000059604645,4.0320000648498535,4.060999870300293,4.058000087738037,4.061999797821045,4.061999797821045,4.065999984741211,nan,nan,nan,nan,nan,nan,nan,nan,nan,nan,nan,nan
94.59989309310913,-0.4000000059604645,4.0320000648498535,4.060999870300293,4.058000087738037,4.061999797821045,4.061999797821045,4.066999912261963,nan,nan,nan,nan,nan,nan,nan,nan,nan,nan,nan,nan
94.76102805137634,-0.4000000059604645,4.0329999923706055,4.060999870300293,4.058000087738037,4.061999797821045,4.061999797821045,4.065999984741211,nan,nan,nan,nan,nan,nan,nan,nan,nan,nan,nan,nan
94.93953275680542,-0.4000000059604645,4.0329999923706055,4.060999870300293,4.058000087738037,4.061999797821045,4.063000202178955,4.065999984741211,nan,nan,nan,nan,nan,nan,nan,nan,nan,nan,nan,nan
95.1197259426117,-0.4000000059604645,4.0320000648498535,4.060999870300293,4.058000087738037,4.061999797821045,4.063000202178955,4.066999912261963,nan,nan,nan,nan,nan,nan,nan,nan,nan,nan,nan,nan
95.28053545951843,-0.4000000059604645,4.0329999923706055,4.060999870300293,4.058000087738037,4.061999797821045,4.063000202178955,4.065999984741211,nan,nan,nan,nan,nan,nan,nan,nan,nan,nan,nan,nan
95.46095752716064,-0.4000000059604645,4.0320000648498535,4.060999870300293,4.058000087738037,4.061999797821045,4.063000202178955,4.065999984741211,nan,nan,nan,nan,nan,nan,nan,nan,nan,nan,nan,nan
95.6214599609375,-0.4000000059604645,4.0329999923706055,4.060999870300293,4.058000087738037,4.061999797821045,4.063000202178955,4.065999984741211,nan,nan,nan,nan,nan,nan,nan,nan,nan,nan,nan,nan
95.80181908607483,-0.4099999964237213,4.0329999923706055,4.060999870300293,4.058000087738037,4.061999797821045,4.063000202178955,4.065999984741211,nan,nan,nan,nan,nan,nan,nan,nan,nan,nan,nan,nan
95.98160147666931,-0.4000000059604645,4.0320000648498535,4.060999870300293,4.058000087738037,4.061999797821045,4.063000202178955,4.065999984741211,nan,nan,nan,nan,nan,nan,nan,nan,nan,nan,nan,nan
96.14110660552979,-0.4000000059604645,4.0329999923706055,4.060999870300293,4.058000087738037,4.061999797821045,4.063000202178955,4.065999984741211,nan,nan,nan,nan,nan,nan,nan,nan,nan,nan,nan,nan
96.32000660896301,-0.4000000059604645,4.0329999923706055,4.060999870300293,4.058000087738037,4.061999797821045,4.063000202178955,4.065999984741211,nan,nan,nan,nan,nan,nan,nan,nan,nan,nan,nan,nan
96.47925901412964,-0.38999998569488525,4.0329999923706055,4.060999870300293,4.058000087738037,4.061999797821045,4.061999797821045,4.065999984741211,nan,nan,nan,nan,nan,nan,nan,nan,nan,nan,nan,nan
96.66108298301697,-0.4000000059604645,4.0320000648498535,4.060999870300293,4.058000087738037,4.061999797821045,4.061999797821045,4.065999984741211,nan,nan,nan,nan,nan,nan,nan,nan,nan,nan,nan,nan
96.83974719047546,-0.4000000059604645,4.0320000648498535,4.060999870300293,4.058000087738037,4.061999797821045,4.061999797821045,4.065999984741211,nan,nan,nan,nan,nan,nan,nan,nan,nan,nan,nan,nan
96.99938678741455,-0.4399999976158142,4.0329999923706055,4.060999870300293,4.058000087738037,4.061999797821045,4.063000202178955,4.066999912261963,nan,nan,nan,nan,nan,nan,nan,nan,nan,nan,nan,nan
97.18116044998169,-0.4099999964237213,4.0320000648498535,4.060999870300293,4.058000087738037,4.061999797821045,4.061999797821045,4.065999984741211,nan,nan,nan,nan,nan,nan,nan,nan,nan,nan,nan,nan
97.33931088447571,-0.38999998569488525,4.0320000648498535,4.060999870300293,4.058000087738037,4.061999797821045,4.063000202178955,4.065999984741211,nan,nan,nan,nan,nan,nan,nan,nan,nan,nan,nan,nan
97.51930141448975,-0.4000000059604645,4.0320000648498535,4.060999870300293,4.058000087738037,4.061999797821045,4.063000202178955,4.065999984741211,nan,nan,nan,nan,nan,nan,nan,nan,nan,nan,nan,nan
97.69957637786865,-0.4099999964237213,4.0320000648498535,4.060999870300293,4.058000087738037,4.061999797821045,4.063000202178955,4.065999984741211,nan,nan,nan,nan,nan,nan,nan,nan,nan,nan,nan,nan
97.85887360572815,-0.38999998569488525,4.0320000648498535,4.060999870300293,4.058000087738037,4.061999797821045,4.063000202178955,4.065999984741211,nan,nan,nan,nan,nan,nan,nan,nan,nan,nan,nan,nan
98.03932046890259,-0.4000000059604645,4.0320000648498535,4.060999870300293,4.058000087738037,4.061999797821045,4.061999797821045,4.065999984741211,nan,nan,nan,nan,nan,nan,nan,nan,nan,nan,nan,nan
98.22135281562805,-0.4099999964237213,4.0329999923706055,4.060999870300293,4.058000087738037,4.061999797821045,4.061999797821045,4.065999984741211,nan,nan,nan,nan,nan,nan,nan,nan,nan,nan,nan,nan
98.37929773330688,-0.4000000059604645,4.0320000648498535,4.060999870300293,4.058000087738037,4.061999797821045,4.061999797821045,4.065999984741211,nan,nan,nan,nan,nan,nan,nan,nan,nan,nan,nan,nan
98.55920672416687,-0.4000000059604645,4.0320000648498535,4.059999942779541,4.058000087738037,4.061999797821045,4.063000202178955,4.065999984741211,nan,nan,nan,nan,nan,nan,nan,nan,nan,nan,nan,nan
98.72028064727783,-0.4000000059604645,4.0320000648498535,4.060999870300293,4.058000087738037,4.061999797821045,4.063000202178955,4.065999984741211,nan,nan,nan,nan,nan,nan,nan,nan,nan,nan,nan,nan
98.89914345741272,-0.3799999952316284,4.0320000648498535,4.060999870300293,4.058000087738037,4.061999797821045,4.061999797821045,4.065999984741211,nan,nan,nan,nan,nan,nan,nan,nan,nan,nan,nan,nan
99.0794587135315,-0.4000000059604645,4.0320000648498535,4.060999870300293,4.058000087738037,4.061999797821045,4.061999797821045,4.065999984741211,nan,nan,nan,nan,nan,nan,nan,nan,nan,nan,nan,nan
99.23872184753418,-0.4000000059604645,4.0320000648498535,4.060999870300293,4.058000087738037,4.061999797821045,4.063000202178955,4.065999984741211,nan,nan,nan,nan,nan,nan,nan,nan,nan,nan,nan,nan
99.42201161384583,-0.4000000059604645,4.0320000648498535,4.060999870300293,4.058000087738037,4.061999797821045,4.063000202178955,4.065999984741211,nan,nan,nan,nan,nan,nan,nan,nan,nan,nan,nan,nan
99.58058404922485,-0.38999998569488525,4.0320000648498535,4.060999870300293,4.058000087738037,4.061999797821045,4.061999797821045,4.065999984741211,nan,nan,nan,nan,nan,nan,nan,nan,nan,nan,nan,nan
99.760085105896,-0.4099999964237213,4.0320000648498535,4.060999870300293,4.058000087738037,4.061999797821045,4.063000202178955,4.065999984741211,nan,nan,nan,nan,nan,nan,nan,nan,nan,nan,nan,nan
99.94033074378967,-0.38999998569488525,4.0320000648498535,4.060999870300293,4.058000087738037,4.061999797821045,4.063000202178955,4.065999984741211,nan,nan,nan,nan,nan,nan,nan,nan,nan,nan,nan,nan
100.09971952438354,-0.4000000059604645,4.0320000648498535,4.060999870300293,4.058000087738037,4.061999797821045,4.061999797821045,4.065999984741211,nan,nan,nan,nan,nan,nan,nan,nan,nan,nan,nan,nan
100.28015613555908,-0.4000000059604645,4.0320000648498535,4.059999942779541,4.058000087738037,4.061999797821045,4.061999797821045,4.065999984741211,nan,nan,nan,nan,nan,nan,nan,nan,nan,nan,nan,nan
100.4602997303009,-0.38999998569488525,4.0320000648498535,4.060999870300293,4.058000087738037,4.061999797821045,4.061999797821045,4.065999984741211,nan,nan,nan,nan,nan,nan,nan,nan,nan,nan,nan,nan
100.62016367912292,-0.3799999952316284,4.0320000648498535,4.060999870300293,4.058000087738037,4.061999797821045,4.063000202178955,4.065999984741211,nan,nan,nan,nan,nan,nan,nan,nan,nan,nan,nan,nan
100.80219101905823,-0.4099999964237213,4.0320000648498535,4.060999870300293,4.058000087738037,4.061999797821045,4.063000202178955,4.065999984741211,nan,nan,nan,nan,nan,nan,nan,nan,nan,nan,nan,nan
100.96128749847412,-0.4000000059604645,4.0320000648498535,4.060999870300293,4.058000087738037,4.061999797821045,4.061999797821045,4.065999984741211,nan,nan,nan,nan,nan,nan,nan,nan,nan,nan,nan,nan
101.14021873474121,-0.4000000059604645,4.0320000648498535,4.060999870300293,4.058000087738037,4.061999797821045,4.061999797821045,4.065999984741211,nan,nan,nan,nan,nan,nan,nan,nan,nan,nan,nan,nan
101.32051539421082,-0.4000000059604645,4.0320000648498535,4.060999870300293,4.058000087738037,4.061999797821045,4.061999797821045,4.065999984741211,nan,nan,nan,nan,nan,nan,nan,nan,nan,nan,nan,nan
101.4798674583435,-0.4000000059604645,4.0329999923706055,4.060999870300293,4.058000087738037,4.061999797821045,4.061999797821045,4.065999984741211,nan,nan,nan,nan,nan,nan,nan,nan,nan,nan,nan,nan
101.66057276725769,-0.4000000059604645,4.0320000648498535,4.059999942779541,4.058000087738037,4.061999797821045,4.063000202178955,4.065999984741211,nan,nan,nan,nan,nan,nan,nan,nan,nan,nan,nan,nan
101.82108521461487,-0.4000000059604645,4.0320000648498535,4.060999870300293,4.058000087738037,4.061999797821045,4.061999797821045,4.065999984741211,nan,nan,nan,nan,nan,nan,nan,nan,nan,nan,nan,nan
102.00088739395142,-0.4000000059604645,4.0320000648498535,4.060999870300293,4.058000087738037,4.061999797821045,4.061999797821045,4.065999984741211,nan,nan,nan,nan,nan,nan,nan,nan,nan,nan,nan,nan
102.18010973930359,-0.4000000059604645,4.0320000648498535,4.060999870300293,4.058000087738037,4.061999797821045,4.061999797821045,4.065999984741211,nan,nan,nan,nan,nan,nan,nan,nan,nan,nan,nan,nan
102.34032320976257,-0.4000000059604645,4.0329999923706055,4.060999870300293,4.058000087738037,4.061999797821045,4.061999797821045,4.065999984741211,nan,nan,nan,nan,nan,nan,nan,nan,nan,nan,nan,nan
102.52059674263,-0.4099999964237213,4.0320000648498535,4.060999870300293,4.058000087738037,4.061999797821045,4.061999797821045,4.065999984741211,nan,nan,nan,nan,nan,nan,nan,nan,nan,nan,nan,nan
102.68178677558899,-0.4000000059604645,4.0329999923706055,4.059999942779541,4.058000087738037,4.061999797821045,4.061999797821045,4.065999984741211,nan,nan,nan,nan,nan,nan,nan,nan,nan,nan,nan,nan
102.86001539230347,-0.4000000059604645,4.0320000648498535,4.060999870300293,4.058000087738037,4.061999797821045,4.061999797821045,4.065999984741211,nan,nan,nan,nan,nan,nan,nan,nan,nan,nan,nan,nan
103.04029822349548,-0.4000000059604645,4.0320000648498535,4.060999870300293,4.058000087738037,4.061999797821045,4.061999797821045,4.065999984741211,nan,nan,nan,nan,nan,nan,nan,nan,nan,nan,nan,nan
103.20029950141907,-0.4000000059604645,4.0320000648498535,4.060999870300293,4.058000087738037,4.061999797821045,4.061999797821045,4.065999984741211,nan,nan,nan,nan,nan,nan,nan,nan,nan,nan,nan,nan
103.38023138046265,-0.4000000059604645,4.0320000648498535,4.060999870300293,4.058000087738037,4.061999797821045,4.061999797821045,4.065999984741211,nan,nan,nan,nan,nan,nan,nan,nan,nan,nan,nan,nan
103.54104471206665,-0.4000000059604645,4.0320000648498535,4.060999870300293,4.058000087738037,4.061999797821045,4.061999797821045,4.065999984741211,nan,nan,nan,nan,nan,nan,nan,nan,nan,nan,nan,nan
103.71971082687378,-0.4099999964237213,4.0320000648498535,4.060999870300293,4.058000087738037,4.061999797821045,4.061999797821045,4.065999984741211,nan,nan,nan,nan,nan,nan,nan,nan,nan,nan,nan,nan
103.89982771873474,-0.4000000059604645,4.0320000648498535,4.060999870300293,4.058000087738037,4.061999797821045,4.061999797821045,4.065999984741211,nan,nan,nan,nan,nan,nan,nan,nan,nan,nan,nan,nan
104.05946707725525,-0.38999998569488525,4.0320000648498535,4.059999942779541,4.058000087738037,4.061999797821045,4.063000202178955,4.065999984741211,nan,nan,nan,nan,nan,nan,nan,nan,nan,nan,nan,nan
104.23969602584839,-0.4099999964237213,4.0320000648498535,4.060999870300293,4.058000087738037,4.061999797821045,4.063000202178955,4.065999984741211,nan,nan,nan,nan,nan,nan,nan,nan,nan,nan,nan,nan
104.41972041130066,-0.4099999964237213,4.0320000648498535,4.059999942779541,4.058000087738037,4.061999797821045,4.061999797821045,4.065999984741211,nan,nan,nan,nan,nan,nan,nan,nan,nan,nan,nan,nan
104.5805652141571,-0.3799999952316284,4.0320000648498535,4.059999942779541,4.058000087738037,4.061999797821045,4.061999797821045,4.065999984741211,nan,nan,nan,nan,nan,nan,nan,nan,nan,nan,nan,nan
104.75960159301758,-0.38999998569488525,4.0320000648498535,4.060999870300293,4.058000087738037,4.061999797821045,4.061999797821045,4.065999984741211,nan,nan,nan,nan,nan,nan,nan,nan,nan,nan,nan,nan
104.92024540901184,-0.4099999964237213,4.0320000648498535,4.059999942779541,4.058000087738037,4.061999797821045,4.061999797821045,4.065999984741211,nan,nan,nan,nan,nan,nan,nan,nan,nan,nan,nan,nan
105.10049247741699,-0.38999998569488525,4.0320000648498535,4.059999942779541,4.058000087738037,4.061999797821045,4.061999797821045,4.065999984741211,nan,nan,nan,nan,nan,nan,nan,nan,nan,nan,nan,nan
105.28099489212036,-0.4099999964237213,4.0320000648498535,4.060999870300293,4.058000087738037,4.061999797821045,4.063000202178955,4.065999984741211,nan,nan,nan,nan,nan,nan,nan,nan,nan,nan,nan,nan
105.43877220153809,-0.4000000059604645,4.0320000648498535,4.060999870300293,4.058000087738037,4.061999797821045,4.061999797821045,4.065999984741211,nan,nan,nan,nan,nan,nan,nan,nan,nan,nan,nan,nan
105.61937141418457,-0.4000000059604645,4.0320000648498535,4.059999942779541,4.058000087738037,4.061999797821045,4.061999797821045,4.065999984741211,nan,nan,nan,nan,nan,nan,nan,nan,nan,nan,nan,nan
105.78006958961487,-0.4000000059604645,4.0320000648498535,4.060999870300293,4.058000087738037,4.061999797821045,4.061999797821045,4.065999984741211,nan,nan,nan,nan,nan,nan,nan,nan,nan,nan,nan,nan
105.96042656898499,-0.38999998569488525,4.0320000648498535,4.060999870300293,4.058000087738037,4.061999797821045,4.061999797821045,4.065999984741211,nan,nan,nan,nan,nan,nan,nan,nan,nan,nan,nan,nan
106.1407425403595,-0.4000000059604645,4.0320000648498535,4.060999870300293,4.058000087738037,4.061999797821045,4.061999797821045,4.065999984741211,nan,nan,nan,nan,nan,nan,nan,nan,nan,nan,nan,nan
106.30014395713806,-0.4000000059604645,4.0320000648498535,4.059999942779541,4.058000087738037,4.061999797821045,4.061999797821045,4.065999984741211,nan,nan,nan,nan,nan,nan,nan,nan,nan,nan,nan,nan
106.48015284538269,-0.4099999964237213,4.0320000648498535,4.060999870300293,4.058000087738037,4.061999797821045,4.061999797821045,4.065999984741211,nan,nan,nan,nan,nan,nan,nan,nan,nan,nan,nan,nan
106.66033577919006,-0.4000000059604645,4.0320000648498535,4.059999942779541,4.058000087738037,4.060999870300293,4.061999797821045,4.065999984741211,nan,nan,nan,nan,nan,nan,nan,nan,nan,nan,nan,nan
106.81998634338379,-0.4000000059604645,4.0320000648498535,4.059999942779541,4.058000087738037,4.060999870300293,4.061999797821045,4.065999984741211,nan,nan,nan,nan,nan,nan,nan,nan,nan,nan,nan,nan
106.99996662139893,-0.4000000059604645,4.0320000648498535,4.059999942779541,4.058000087738037,4.061999797821045,4.061999797821045,4.065999984741211,nan,nan,nan,nan,nan,nan,nan,nan,nan,nan,nan,nan
107.16097211837769,-0.4099999964237213,4.0320000648498535,4.060999870300293,4.058000087738037,4.061999797821045,4.063000202178955,4.065999984741211,nan,nan,nan,nan,nan,nan,nan,nan,nan,nan,nan,nan
107.33975005149841,-0.4099999964237213,4.0320000648498535,4.060999870300293,4.058000087738037,4.061999797821045,4.061999797821045,4.065999984741211,nan,nan,nan,nan,nan,nan,nan,nan,nan,nan,nan,nan
107.52011346817017,-0.4000000059604645,4.0320000648498535,4.060999870300293,4.058000087738037,4.061999797821045,4.061999797821045,4.065999984741211,nan,nan,nan,nan,nan,nan,nan,nan,nan,nan,nan,nan
107.67945146560669,-0.38999998569488525,4.0320000648498535,4.060999870300293,4.058000087738037,4.061999797821045,4.061999797821045,4.065999984741211,nan,nan,nan,nan,nan,nan,nan,nan,nan,nan,nan,nan
107.85962438583374,-0.4000000059604645,4.0320000648498535,4.060999870300293,4.058000087738037,4.061999797821045,4.061999797821045,4.065999984741211,nan,nan,nan,nan,nan,nan,nan,nan,nan,nan,nan,nan
108.02056074142456,-0.38999998569488525,4.0320000648498535,4.059999942779541,4.058000087738037,4.061999797821045,4.061999797821045,4.065999984741211,nan,nan,nan,nan,nan,nan,nan,nan,nan,nan,nan,nan
108.19939875602722,-0.4000000059604645,4.0320000648498535,4.060999870300293,4.057000160217285,4.061999797821045,4.061999797821045,4.065999984741211,nan,nan,nan,nan,nan,nan,nan,nan,nan,nan,nan,nan
108.37960577011108,-0.4000000059604645,4.0320000648498535,4.059999942779541,4.058000087738037,4.061999797821045,4.061999797821045,4.065999984741211,nan,nan,nan,nan,nan,nan,nan,nan,nan,nan,nan,nan
108.54115343093872,-0.4000000059604645,4.0320000648498535,4.059999942779541,4.058000087738037,4.061999797821045,4.061999797821045,4.065999984741211,nan,nan,nan,nan,nan,nan,nan,nan,nan,nan,nan,nan
108.72063636779785,-0.4300000071525574,4.0320000648498535,4.059999942779541,4.058000087738037,4.061999797821045,4.061999797821045,4.065999984741211,nan,nan,nan,nan,nan,nan,nan,nan,nan,nan,nan,nan
108.87996697425842,-0.4000000059604645,4.0320000648498535,4.059999942779541,4.058000087738037,4.061999797821045,4.061999797821045,4.065999984741211,nan,nan,nan,nan,nan,nan,nan,nan,nan,nan,nan,nan
109.06036305427551,-0.38999998569488525,4.0320000648498535,4.059999942779541,4.058000087738037,4.061999797821045,4.061999797821045,4.065999984741211,nan,nan,nan,nan,nan,nan,nan,nan,nan,nan,nan,nan
109.24024605751038,-0.4099999964237213,4.0320000648498535,4.060999870300293,4.058000087738037,4.061999797821045,4.061999797821045,4.065999984741211,nan,nan,nan,nan,nan,nan,nan,nan,nan,nan,nan,nan
109.3992612361908,-0.38999998569488525,4.0320000648498535,4.060999870300293,4.058000087738037,4.061999797821045,4.061999797821045,4.065999984741211,nan,nan,nan,nan,nan,nan,nan,nan,nan,nan,nan,nan
109.58100008964539,-0.4000000059604645,4.0320000648498535,4.060999870300293,4.058000087738037,4.061999797821045,4.061999797821045,4.065999984741211,nan,nan,nan,nan,nan,nan,nan,nan,nan,nan,nan,nan
109.74079966545105,-0.4099999964237213,4.0320000648498535,4.060999870300293,4.058000087738037,4.061999797821045,4.061999797821045,4.065999984741211,nan,nan,nan,nan,nan,nan,nan,nan,nan,nan,nan,nan
109.92055225372314,-0.4000000059604645,4.0320000648498535,4.059999942779541,4.058000087738037,4.061999797821045,4.061999797821045,4.065999984741211,nan,nan,nan,nan,nan,nan,nan,nan,nan,nan,nan,nan
110.10128045082092,-0.38999998569488525,4.0320000648498535,4.060999870300293,4.058000087738037,4.061999797821045,4.061999797821045,4.065999984741211,nan,nan,nan,nan,nan,nan,nan,nan,nan,nan,nan,nan
110.26045942306519,-0.4000000059604645,4.0320000648498535,4.059999942779541,4.058000087738037,4.061999797821045,4.061999797821045,4.065999984741211,nan,nan,nan,nan,nan,nan,nan,nan,nan,nan,nan,nan
110.44053816795349,-0.4000000059604645,4.0320000648498535,4.059999942779541,4.058000087738037,4.061999797821045,4.061999797821045,4.065999984741211,nan,nan,nan,nan,nan,nan,nan,nan,nan,nan,nan,nan
110.62067198753357,-0.38999998569488525,4.0320000648498535,4.060999870300293,4.058000087738037,4.061999797821045,4.061999797821045,4.065999984741211,nan,nan,nan,nan,nan,nan,nan,nan,nan,nan,nan,nan
110.78029537200928,-0.41999998688697815,4.0320000648498535,4.059999942779541,4.058000087738037,4.061999797821045,4.061999797821045,4.065999984741211,nan,nan,nan,nan,nan,nan,nan,nan,nan,nan,nan,nan
110.96041345596313,-0.4000000059604645,4.0320000648498535,4.060999870300293,4.058000087738037,4.061999797821045,4.061999797821045,4.065999984741211,nan,nan,nan,nan,nan,nan,nan,nan,nan,nan,nan,nan
111.12128472328186,-0.4000000059604645,4.0320000648498535,4.060999870300293,4.058000087738037,4.061999797821045,4.061999797821045,4.065999984741211,nan,nan,nan,nan,nan,nan,nan,nan,nan,nan,nan,nan
111.30018448829651,-0.4000000059604645,4.0320000648498535,4.059999942779541,4.058000087738037,4.061999797821045,4.061999797821045,4.065999984741211,nan,nan,nan,nan,nan,nan,nan,nan,nan,nan,nan,nan
111.48042702674866,-0.4000000059604645,4.0320000648498535,4.059999942779541,4.058000087738037,4.061999797821045,4.061999797821045,4.065999984741211,nan,nan,nan,nan,nan,nan,nan,nan,nan,nan,nan,nan
111.64099359512329,-0.4000000059604645,4.0320000648498535,4.060999870300293,4.058000087738037,4.060999870300293,4.061999797821045,4.065999984741211,nan,nan,nan,nan,nan,nan,nan,nan,nan,nan,nan,nan
111.81981921195984,-0.41999998688697815,4.0320000648498535,4.059999942779541,4.058000087738037,4.061999797821045,4.061999797821045,4.065999984741211,nan,nan,nan,nan,nan,nan,nan,nan,nan,nan,nan,nan
111.98113560676575,-0.4000000059604645,4.0320000648498535,4.059999942779541,4.058000087738037,4.061999797821045,4.061999797821045,4.065999984741211,nan,nan,nan,nan,nan,nan,nan,nan,nan,nan,nan,nan
112.15984106063843,-0.4000000059604645,4.0320000648498535,4.059999942779541,4.058000087738037,4.060999870300293,4.061999797821045,4.065999984741211,nan,nan,nan,nan,nan,nan,nan,nan,nan,nan,nan,nan
112.34089970588684,-0.4099999964237213,4.0320000648498535,4.060999870300293,4.058000087738037,4.061999797821045,4.061999797821045,4.065999984741211,nan,nan,nan,nan,nan,nan,nan,nan,nan,nan,nan,nan
112.5002384185791,-0.38999998569488525,4.0320000648498535,4.059999942779541,4.058000087738037,4.061999797821045,4.061999797821045,4.065999984741211,nan,nan,nan,nan,nan,nan,nan,nan,nan,nan,nan,nan
112.68065047264099,-0.4000000059604645,4.0320000648498535,4.060999870300293,4.058000087738037,4.061999797821045,4.061999797821045,4.065999984741211,nan,nan,nan,nan,nan,nan,nan,nan,nan,nan,nan,nan
112.84022974967957,-0.4000000059604645,4.0320000648498535,4.059999942779541,4.058000087738037,4.061999797821045,4.061999797821045,4.065999984741211,nan,nan,nan,nan,nan,nan,nan,nan,nan,nan,nan,nan
113.02037525177002,-0.4000000059604645,4.0320000648498535,4.059999942779541,4.058000087738037,4.061999797821045,4.061999797821045,4.065999984741211,nan,nan,nan,nan,nan,nan,nan,nan,nan,nan,nan,nan
113.20060443878174,-0.4000000059604645,4.0320000648498535,4.059999942779541,4.058000087738037,4.060999870300293,4.061999797821045,4.065999984741211,nan,nan,nan,nan,nan,nan,nan,nan,nan,nan,nan,nan
113.36030578613281,-0.4000000059604645,4.0320000648498535,4.059999942779541,4.058000087738037,4.061999797821045,4.061999797821045,4.065999984741211,nan,nan,nan,nan,nan,nan,nan,nan,nan,nan,nan,nan
113.54018497467041,-0.4000000059604645,4.0320000648498535,4.060999870300293,4.058000087738037,4.061999797821045,4.061999797821045,4.065999984741211,nan,nan,nan,nan,nan,nan,nan,nan,nan,nan,nan,nan
113.720547914505,-0.4000000059604645,4.0320000648498535,4.060999870300293,4.058000087738037,4.061999797821045,4.061999797821045,4.065999984741211,nan,nan,nan,nan,nan,nan,nan,nan,nan,nan,nan,nan
113.88013005256653,-0.4000000059604645,4.0320000648498535,4.059999942779541,4.058000087738037,4.061999797821045,4.061999797821045,4.065999984741211,nan,nan,nan,nan,nan,nan,nan,nan,nan,nan,nan,nan
114.05994772911072,-0.4000000059604645,4.0320000648498535,4.059999942779541,4.058000087738037,4.061999797821045,4.061999797821045,4.065999984741211,nan,nan,nan,nan,nan,nan,nan,nan,nan,nan,nan,nan
114.21934771537781,-0.4000000059604645,4.0320000648498535,4.059999942779541,4.058000087738037,4.061999797821045,4.061999797821045,4.065999984741211,nan,nan,nan,nan,nan,nan,nan,nan,nan,nan,nan,nan
114.39979124069214,-0.4000000059604645,4.0320000648498535,4.059999942779541,4.058000087738037,4.060999870300293,4.061999797821045,4.065999984741211,nan,nan,nan,nan,nan,nan,nan,nan,nan,nan,nan,nan
114.5789258480072,-0.4099999964237213,4.0320000648498535,4.059999942779541,4.058000087738037,4.061999797821045,4.061999797821045,4.065999984741211,nan,nan,nan,nan,nan,nan,nan,nan,nan,nan,nan,nan
114.74034142494202,-0.4099999964237213,4.0320000648498535,4.060999870300293,4.057000160217285,4.061999797821045,4.061999797821045,4.065999984741211,nan,nan,nan,nan,nan,nan,nan,nan,nan,nan,nan,nan
114.92059516906738,-0.4099999964237213,4.0320000648498535,4.059999942779541,4.058000087738037,4.061999797821045,4.061999797821045,4.065999984741211,nan,nan,nan,nan,nan,nan,nan,nan,nan,nan,nan,nan
115.08044075965881,-0.4000000059604645,4.0320000648498535,4.059999942779541,4.058000087738037,4.061999797821045,4.061999797821045,4.065999984741211,nan,nan,nan,nan,nan,nan,nan,nan,nan,nan,nan,nan
115.25970435142517,-0.4000000059604645,4.0320000648498535,4.059999942779541,4.058000087738037,4.061999797821045,4.061999797821045,4.065999984741211,nan,nan,nan,nan,nan,nan,nan,nan,nan,nan,nan,nan
115.44031500816345,-0.4000000059604645,4.0320000648498535,4.060999870300293,4.058000087738037,4.061999797821045,4.061999797821045,4.065999984741211,nan,nan,nan,nan,nan,nan,nan,nan,nan,nan,nan,nan
115.59921836853027,-0.4000000059604645,4.0320000648498535,4.059999942779541,4.057000160217285,4.060999870300293,4.061999797821045,4.065999984741211,nan,nan,nan,nan,nan,nan,nan,nan,nan,nan,nan,nan
115.78116989135742,-0.4099999964237213,4.0320000648498535,4.060999870300293,4.058000087738037,4.061999797821045,4.061999797821045,4.065999984741211,nan,nan,nan,nan,nan,nan,nan,nan,nan,nan,nan,nan
115.94104313850403,-0.38999998569488525,4.0320000648498535,4.060999870300293,4.058000087738037,4.060999870300293,4.061999797821045,4.065999984741211,nan,nan,nan,nan,nan,nan,nan,nan,nan,nan,nan,nan
116.11965346336365,-0.4000000059604645,4.0320000648498535,4.059999942779541,4.058000087738037,4.060999870300293,4.061999797821045,4.065999984741211,nan,nan,nan,nan,nan,nan,nan,nan,nan,nan,nan,nan
116.30098462104797,-0.38999998569488525,4.0320000648498535,4.059999942779541,4.058000087738037,4.061999797821045,4.061999797821045,4.065999984741211,nan,nan,nan,nan,nan,nan,nan,nan,nan,nan,nan,nan
116.45928025245667,-0.4000000059604645,4.0320000648498535,4.059999942779541,4.058000087738037,4.060999870300293,4.061999797821045,4.065999984741211,nan,nan,nan,nan,nan,nan,nan,nan,nan,nan,nan,nan
116.63958382606506,-0.4000000059604645,4.0320000648498535,4.059999942779541,4.058000087738037,4.061999797821045,4.061999797821045,4.065999984741211,nan,nan,nan,nan,nan,nan,nan,nan,nan,nan,nan,nan
116.82123899459839,-0.4000000059604645,4.0320000648498535,4.059999942779541,4.058000087738037,4.061999797821045,4.061999797821045,4.065999984741211,nan,nan,nan,nan,nan,nan,nan,nan,nan,nan,nan,nan
116.97938513755798,-0.4000000059604645,4.0320000648498535,4.059999942779541,4.058000087738037,4.061999797821045,4.061999797821045,4.065999984741211,nan,nan,nan,nan,nan,nan,nan,nan,nan,nan,nan,nan
117.15966415405273,-0.4000000059604645,4.0320000648498535,4.059999942779541,4.058000087738037,4.061999797821045,4.061999797821045,4.065999984741211,nan,nan,nan,nan,nan,nan,nan,nan,nan,nan,nan,nan
117.3193769454956,-0.4000000059604645,4.0320000648498535,4.059999942779541,4.058000087738037,4.061999797821045,4.061999797821045,4.065999984741211,nan,nan,nan,nan,nan,nan,nan,nan,nan,nan,nan,nan
117.50083947181702,-0.4000000059604645,4.0320000648498535,4.059999942779541,4.058000087738037,4.060999870300293,4.061999797821045,4.065999984741211,nan,nan,nan,nan,nan,nan,nan,nan,nan,nan,nan,nan
117.67923879623413,-0.4000000059604645,4.0320000648498535,4.059999942779541,4.057000160217285,4.060999870300293,4.061999797821045,4.065999984741211,nan,nan,nan,nan,nan,nan,nan,nan,nan,nan,nan,nan
117.83908677101135,-0.4000000059604645,4.0320000648498535,4.059999942779541,4.058000087738037,4.060999870300293,4.061999797821045,4.065999984741211,nan,nan,nan,nan,nan,nan,nan,nan,nan,nan,nan,nan
118.02086114883423,-0.4099999964237213,4.0320000648498535,4.059999942779541,4.058000087738037,4.060999870300293,4.061999797821045,4.065999984741211,nan,nan,nan,nan,nan,nan,nan,nan,nan,nan,nan,nan
118.18006944656372,-0.4000000059604645,4.0320000648498535,4.059999942779541,4.058000087738037,4.061999797821045,4.061999797821045,4.065999984741211,nan,nan,nan,nan,nan,nan,nan,nan,nan,nan,nan,nan
118.3601462841034,-0.4000000059604645,4.0320000648498535,4.059999942779541,4.057000160217285,4.061999797821045,4.061999797821045,4.065999984741211,nan,nan,nan,nan,nan,nan,nan,nan,nan,nan,nan,nan
118.53880977630615,-0.4000000059604645,4.0320000648498535,4.059999942779541,4.058000087738037,4.061999797821045,4.061999797821045,4.065999984741211,nan,nan,nan,nan,nan,nan,nan,nan,nan,nan,nan,nan
118.70007705688477,-0.4000000059604645,4.0320000648498535,4.059999942779541,4.057000160217285,4.061999797821045,4.061999797821045,4.065999984741211,nan,nan,nan,nan,nan,nan,nan,nan,nan,nan,nan,nan
118.87876462936401,-0.3799999952316284,4.0320000648498535,4.059999942779541,4.058000087738037,4.061999797821045,4.061999797821045,4.065999984741211,nan,nan,nan,nan,nan,nan,nan,nan,nan,nan,nan,nan
119.06068205833435,-0.4000000059604645,4.0320000648498535,4.059999942779541,4.057000160217285,4.060999870300293,4.061999797821045,4.065999984741211,nan,nan,nan,nan,nan,nan,nan,nan,nan,nan,nan,nan
119.22030711174011,-0.38999998569488525,4.0320000648498535,4.059999942779541,4.057000160217285,4.060999870300293,4.061999797821045,4.065999984741211,nan,nan,nan,nan,nan,nan,nan,nan,nan,nan,nan,nan
119.40045380592346,-0.38999998569488525,4.0320000648498535,4.059999942779541,4.057000160217285,4.061999797821045,4.061999797821045,4.065999984741211,nan,nan,nan,nan,nan,nan,nan,nan,nan,nan,nan,nan
119.56021165847778,-0.4000000059604645,4.0320000648498535,4.059999942779541,4.057000160217285,4.061999797821045,4.061999797821045,4.065999984741211,nan,nan,nan,nan,nan,nan,nan,nan,nan,nan,nan,nan
119.74043393135071,-0.4000000059604645,4.0320000648498535,4.059999942779541,4.057000160217285,4.061999797821045,4.061999797821045,4.065999984741211,nan,nan,nan,nan,nan,nan,nan,nan,nan,nan,nan,nan
119.91918849945068,-0.4000000059604645,4.0320000648498535,4.059999942779541,4.058000087738037,4.060999870300293,4.061999797821045,4.065999984741211,nan,nan,nan,nan,nan,nan,nan,nan,nan,nan,nan,nan
120.08016085624695,-0.4000000059604645,4.0320000648498535,4.059999942779541,4.057000160217285,4.061999797821045,4.061999797821045,4.065999984741211,nan,nan,nan,nan,nan,nan,nan,nan,nan,nan,nan,nan
120.25923156738281,-0.4000000059604645,4.0320000648498535,4.059999942779541,4.058000087738037,4.060999870300293,4.061999797821045,4.065999984741211,nan,nan,nan,nan,nan,nan,nan,nan,nan,nan,nan,nan
120.41989612579346,-0.4000000059604645,4.0320000648498535,4.059999942779541,4.057000160217285,4.060999870300293,4.061999797821045,4.065999984741211,nan,nan,nan,nan,nan,nan,nan,nan,nan,nan,nan,nan
120.600337266922,-0.4000000059604645,4.0320000648498535,4.059999942779541,4.058000087738037,4.060999870300293,4.061999797821045,4.065999984741211,nan,nan,nan,nan,nan,nan,nan,nan,nan,nan,nan,nan
120.78186416625977,-0.4000000059604645,4.0320000648498535,4.059999942779541,4.057000160217285,4.061999797821045,4.061999797821045,4.065999984741211,nan,nan,nan,nan,nan,nan,nan,nan,nan,nan,nan,nan
120.93993353843689,-0.4000000059604645,4.0320000648498535,4.059999942779541,4.057000160217285,4.061999797821045,4.061999797821045,4.065999984741211,nan,nan,nan,nan,nan,nan,nan,nan,nan,nan,nan,nan
121.12027144432068,-0.4099999964237213,4.0320000648498535,4.059999942779541,4.058000087738037,4.061999797821045,4.061999797821045,4.065999984741211,nan,nan,nan,nan,nan,nan,nan,nan,nan,nan,nan,nan
121.29949855804443,-0.4000000059604645,4.0320000648498535,4.059999942779541,4.057000160217285,4.061999797821045,4.061999797821045,4.065999984741211,nan,nan,nan,nan,nan,nan,nan,nan,nan,nan,nan,nan
121.46005392074585,-0.4000000059604645,4.0320000648498535,4.059999942779541,4.057000160217285,4.061999797821045,4.061999797821045,4.065999984741211,nan,nan,nan,nan,nan,nan,nan,nan,nan,nan,nan,nan
121.63876366615295,-0.4000000059604645,4.0320000648498535,4.059999942779541,4.058000087738037,4.060999870300293,4.061999797821045,4.065999984741211,nan,nan,nan,nan,nan,nan,nan,nan,nan,nan,nan,nan
121.79994249343872,-0.4000000059604645,4.0320000648498535,4.059999942779541,4.058000087738037,4.060999870300293,4.061999797821045,4.065999984741211,nan,nan,nan,nan,nan,nan,nan,nan,nan,nan,nan,nan
121.98000645637512,-0.4000000059604645,4.0320000648498535,4.059999942779541,4.058000087738037,4.060999870300293,4.061999797821045,4.065999984741211,nan,nan,nan,nan,nan,nan,nan,nan,nan,nan,nan,nan
122.16015100479126,-0.4099999964237213,4.0320000648498535,4.059999942779541,4.057000160217285,4.060999870300293,4.061999797821045,4.065999984741211,nan,nan,nan,nan,nan,nan,nan,nan,nan,nan,nan,nan
122.32024455070496,-0.4000000059604645,4.0320000648498535,4.059999942779541,4.057000160217285,4.061999797821045,4.061999797821045,4.065999984741211,nan,nan,nan,nan,nan,nan,nan,nan,nan,nan,nan,nan
122.49994730949402,-0.4000000059604645,4.0320000648498535,4.059999942779541,4.058000087738037,4.060999870300293,4.061999797821045,4.065999984741211,nan,nan,nan,nan,nan,nan,nan,nan,nan,nan,nan,nan
122.65962862968445,-0.4000000059604645,4.031000137329102,4.059999942779541,4.057000160217285,4.061999797821045,4.061999797821045,4.065999984741211,nan,nan,nan,nan,nan,nan,nan,nan,nan,nan,nan,nan
122.84229779243469,-0.4000000059604645,4.0320000648498535,4.059999942779541,4.057000160217285,4.060999870300293,4.061999797821045,4.065999984741211,nan,nan,nan,nan,nan,nan,nan,nan,nan,nan,nan,nan
123.01936841011047,-0.38999998569488525,4.0320000648498535,4.059999942779541,4.057000160217285,4.060999870300293,4.061999797821045,4.065999984741211,nan,nan,nan,nan,nan,nan,nan,nan,nan,nan,nan,nan
123.17867255210876,-0.4000000059604645,4.0320000648498535,4.059999942779541,4.057000160217285,4.060999870300293,4.061999797821045,4.065999984741211,nan,nan,nan,nan,nan,nan,nan,nan,nan,nan,nan,nan
123.36065626144409,-0.4099999964237213,4.031000137329102,4.059999942779541,4.057000160217285,4.060999870300293,4.061999797821045,4.065999984741211,nan,nan,nan,nan,nan,nan,nan,nan,nan,nan,nan,nan
123.51999497413635,-0.38999998569488525,4.0320000648498535,4.059999942779541,4.058000087738037,4.060999870300293,4.061999797821045,4.065999984741211,nan,nan,nan,nan,nan,nan,nan,nan,nan,nan,nan,nan
123.70035171508789,-0.38999998569488525,4.0320000648498535,4.059999942779541,4.057000160217285,4.060999870300293,4.061999797821045,4.065999984741211,nan,nan,nan,nan,nan,nan,nan,nan,nan,nan,nan,nan
123.88037276268005,-0.4000000059604645,4.0320000648498535,4.059999942779541,4.057000160217285,4.061999797821045,4.061999797821045,4.065999984741211,nan,nan,nan,nan,nan,nan,nan,nan,nan,nan,nan,nan
124.0399227142334,-0.4000000059604645,4.0320000648498535,4.059999942779541,4.057000160217285,4.060999870300293,4.061999797821045,4.065999984741211,nan,nan,nan,nan,nan,nan,nan,nan,nan,nan,nan,nan
124.22042155265808,-0.4099999964237213,4.0320000648498535,4.059999942779541,4.057000160217285,4.060999870300293,4.061999797821045,4.065999984741211,nan,nan,nan,nan,nan,nan,nan,nan,nan,nan,nan,nan
124.39886474609375,-0.4000000059604645,4.0320000648498535,4.059999942779541,4.057000160217285,4.060999870300293,4.061999797821045,4.065999984741211,nan,nan,nan,nan,nan,nan,nan,nan,nan,nan,nan,nan
124.56012177467346,-0.4000000059604645,4.0320000648498535,4.059999942779541,4.057000160217285,4.061999797821045,4.061999797821045,4.065999984741211,nan,nan,nan,nan,nan,nan,nan,nan,nan,nan,nan,nan
124.7403724193573,-0.4000000059604645,4.0320000648498535,4.059999942779541,4.057000160217285,4.060999870300293,4.061999797821045,4.065000057220459,nan,nan,nan,nan,nan,nan,nan,nan,nan,nan,nan,nan
124.89963912963867,-0.4000000059604645,4.0320000648498535,4.059999942779541,4.057000160217285,4.060999870300293,4.061999797821045,4.065999984741211,nan,nan,nan,nan,nan,nan,nan,nan,nan,nan,nan,nan
125.08038306236267,-0.41999998688697815,4.031000137329102,4.059999942779541,4.057000160217285,4.060999870300293,4.061999797821045,4.065999984741211,nan,nan,nan,nan,nan,nan,nan,nan,nan,nan,nan,nan
125.26030778884888,-0.4000000059604645,4.0320000648498535,4.059999942779541,4.057000160217285,4.060999870300293,4.061999797821045,4.065999984741211,nan,nan,nan,nan,nan,nan,nan,nan,nan,nan,nan,nan
125.42005658149719,-0.4000000059604645,4.0320000648498535,4.059999942779541,4.057000160217285,4.060999870300293,4.061999797821045,4.065999984741211,nan,nan,nan,nan,nan,nan,nan,nan,nan,nan,nan,nan
125.59927797317505,-0.4000000059604645,4.031000137329102,4.059999942779541,4.057000160217285,4.060999870300293,4.061999797821045,4.065999984741211,nan,nan,nan,nan,nan,nan,nan,nan,nan,nan,nan,nan
125.75979423522949,-0.4000000059604645,4.031000137329102,4.059999942779541,4.057000160217285,4.060999870300293,4.061999797821045,4.065999984741211,nan,nan,nan,nan,nan,nan,nan,nan,nan,nan,nan,nan
125.94034910202026,-0.4000000059604645,4.0320000648498535,4.059999942779541,4.057000160217285,4.060999870300293,4.061999797821045,4.065999984741211,nan,nan,nan,nan,nan,nan,nan,nan,nan,nan,nan,nan
126.11884689331055,-0.4000000059604645,4.0320000648498535,4.059999942779541,4.057000160217285,4.060999870300293,4.061999797821045,4.065999984741211,nan,nan,nan,nan,nan,nan,nan,nan,nan,nan,nan,nan
126.28006839752197,-0.38999998569488525,4.0320000648498535,4.059999942779541,4.057000160217285,4.060999870300293,4.061999797821045,4.065999984741211,nan,nan,nan,nan,nan,nan,nan,nan,nan,nan,nan,nan
126.46012091636658,-0.4000000059604645,4.0320000648498535,4.059999942779541,4.057000160217285,4.060999870300293,4.061999797821045,4.065999984741211,nan,nan,nan,nan,nan,nan,nan,nan,nan,nan,nan,nan
126.64008474349976,-0.4000000059604645,4.0320000648498535,4.059999942779541,4.057000160217285,4.060999870300293,4.061999797821045,4.065999984741211,nan,nan,nan,nan,nan,nan,nan,nan,nan,nan,nan,nan
126.80002641677856,-0.4000000059604645,4.031000137329102,4.059999942779541,4.057000160217285,4.060999870300293,4.061999797821045,4.065999984741211,nan,nan,nan,nan,nan,nan,nan,nan,nan,nan,nan,nan
126.98043298721313,-0.4000000059604645,4.0320000648498535,4.059999942779541,4.057000160217285,4.060999870300293,4.061999797821045,4.065999984741211,nan,nan,nan,nan,nan,nan,nan,nan,nan,nan,nan,nan
127.14088582992554,-0.4000000059604645,4.0320000648498535,4.059999942779541,4.057000160217285,4.060999870300293,4.061999797821045,4.065000057220459,nan,nan,nan,nan,nan,nan,nan,nan,nan,nan,nan,nan
127.31923055648804,-0.4000000059604645,4.0320000648498535,4.059999942779541,4.057000160217285,4.060999870300293,4.061999797821045,4.065999984741211,nan,nan,nan,nan,nan,nan,nan,nan,nan,nan,nan,nan
127.50053024291992,-0.4000000059604645,4.031000137329102,4.059999942779541,4.057000160217285,4.060999870300293,4.061999797821045,4.065999984741211,nan,nan,nan,nan,nan,nan,nan,nan,nan,nan,nan,nan
127.66024494171143,-0.4000000059604645,4.031000137329102,4.059999942779541,4.057000160217285,4.060999870300293,4.061999797821045,4.065999984741211,nan,nan,nan,nan,nan,nan,nan,nan,nan,nan,nan,nan
127.83907914161682,-0.4000000059604645,4.031000137329102,4.059999942779541,4.058000087738037,4.060999870300293,4.061999797821045,4.065999984741211,nan,nan,nan,nan,nan,nan,nan,nan,nan,nan,nan,nan
127.99863791465759,-0.4099999964237213,4.031000137329102,4.059999942779541,4.057000160217285,4.060999870300293,4.061999797821045,4.065999984741211,nan,nan,nan,nan,nan,nan,nan,nan,nan,nan,nan,nan
128.17906165122986,-0.4300000071525574,4.031000137329102,4.059999942779541,4.057000160217285,4.060999870300293,4.061999797821045,4.065999984741211,nan,nan,nan,nan,nan,nan,nan,nan,nan,nan,nan,nan
128.359295129776,-0.4099999964237213,4.0320000648498535,4.059999942779541,4.057000160217285,4.060999870300293,4.061999797821045,4.065999984741211,nan,nan,nan,nan,nan,nan,nan,nan,nan,nan,nan,nan
128.52027010917664,-0.4000000059604645,4.031000137329102,4.059999942779541,4.057000160217285,4.060999870300293,4.061999797821045,4.065999984741211,nan,nan,nan,nan,nan,nan,nan,nan,nan,nan,nan,nan
128.69932413101196,-0.4000000059604645,4.031000137329102,4.059999942779541,4.057000160217285,4.060999870300293,4.061999797821045,4.065000057220459,nan,nan,nan,nan,nan,nan,nan,nan,nan,nan,nan,nan
128.8598437309265,-0.4000000059604645,4.0320000648498535,4.059999942779541,4.058000087738037,4.060999870300293,4.061999797821045,4.065999984741211,nan,nan,nan,nan,nan,nan,nan,nan,nan,nan,nan,nan
129.03879952430725,-0.4000000059604645,4.0320000648498535,4.059999942779541,4.057000160217285,4.060999870300293,4.061999797821045,4.065999984741211,nan,nan,nan,nan,nan,nan,nan,nan,nan,nan,nan,nan
129.219224691391,-0.4000000059604645,4.0320000648498535,4.059999942779541,4.057000160217285,4.060999870300293,4.061999797821045,4.065999984741211,nan,nan,nan,nan,nan,nan,nan,nan,nan,nan,nan,nan
129.3797562122345,-0.4099999964237213,4.031000137329102,4.059999942779541,4.057000160217285,4.060999870300293,4.061999797821045,4.065999984741211,nan,nan,nan,nan,nan,nan,nan,nan,nan,nan,nan,nan
129.5598602294922,-0.4000000059604645,4.031000137329102,4.059999942779541,4.057000160217285,4.060999870300293,4.061999797821045,4.065999984741211,nan,nan,nan,nan,nan,nan,nan,nan,nan,nan,nan,nan
129.7197027206421,-0.4000000059604645,4.031000137329102,4.059999942779541,4.057000160217285,4.060999870300293,4.061999797821045,4.065000057220459,nan,nan,nan,nan,nan,nan,nan,nan,nan,nan,nan,nan
129.89958333969116,-0.4000000059604645,4.0320000648498535,4.059999942779541,4.057000160217285,4.060999870300293,4.061999797821045,4.065000057220459,nan,nan,nan,nan,nan,nan,nan,nan,nan,nan,nan,nan
130.07994604110718,-0.4000000059604645,4.0320000648498535,4.059999942779541,4.057000160217285,4.060999870300293,4.061999797821045,4.065999984741211,nan,nan,nan,nan,nan,nan,nan,nan,nan,nan,nan,nan
130.2396376132965,-0.38999998569488525,4.031000137329102,4.059999942779541,4.057000160217285,4.060999870300293,4.061999797821045,4.065999984741211,nan,nan,nan,nan,nan,nan,nan,nan,nan,nan,nan,nan
130.41953563690186,-0.4099999964237213,4.0320000648498535,4.059999942779541,4.057000160217285,4.060999870300293,4.061999797821045,4.065999984741211,nan,nan,nan,nan,nan,nan,nan,nan,nan,nan,nan,nan
130.5997235774994,-0.4000000059604645,4.031000137329102,4.059999942779541,4.057000160217285,4.060999870300293,4.061999797821045,4.065999984741211,nan,nan,nan,nan,nan,nan,nan,nan,nan,nan,nan,nan
130.7595670223236,-0.4000000059604645,4.031000137329102,4.059999942779541,4.057000160217285,4.060999870300293,4.061999797821045,4.065999984741211,nan,nan,nan,nan,nan,nan,nan,nan,nan,nan,nan,nan
130.939603805542,-0.4000000059604645,4.031000137329102,4.059999942779541,4.057000160217285,4.060999870300293,4.061999797821045,4.065999984741211,nan,nan,nan,nan,nan,nan,nan,nan,nan,nan,nan,nan
131.09920740127563,-0.4000000059604645,4.031000137329102,4.059999942779541,4.057000160217285,4.060999870300293,4.061999797821045,4.065999984741211,nan,nan,nan,nan,nan,nan,nan,nan,nan,nan,nan,nan
131.28095865249634,-0.4000000059604645,4.031000137329102,4.059999942779541,4.057000160217285,4.060999870300293,4.061999797821045,4.065999984741211,nan,nan,nan,nan,nan,nan,nan,nan,nan,nan,nan,nan
131.46090483665466,-0.4000000059604645,4.031000137329102,4.059999942779541,4.057000160217285,4.060999870300293,4.061999797821045,4.065999984741211,nan,nan,nan,nan,nan,nan,nan,nan,nan,nan,nan,nan
131.6215398311615,-0.4000000059604645,4.0320000648498535,4.059999942779541,4.057000160217285,4.060999870300293,4.061999797821045,4.065999984741211,nan,nan,nan,nan,nan,nan,nan,nan,nan,nan,nan,nan
131.80010437965393,-0.4099999964237213,4.031000137329102,4.059999942779541,4.057000160217285,4.060999870300293,4.061999797821045,4.065999984741211,nan,nan,nan,nan,nan,nan,nan,nan,nan,nan,nan,nan
131.96077275276184,-0.4000000059604645,4.031000137329102,4.059999942779541,4.057000160217285,4.060999870300293,4.061999797821045,4.065000057220459,nan,nan,nan,nan,nan,nan,nan,nan,nan,nan,nan,nan
132.14117670059204,-0.4000000059604645,4.031000137329102,4.059999942779541,4.057000160217285,4.060999870300293,4.061999797821045,4.065999984741211,nan,nan,nan,nan,nan,nan,nan,nan,nan,nan,nan,nan
132.31991481781006,-0.4000000059604645,4.031000137329102,4.059999942779541,4.057000160217285,4.060999870300293,4.061999797821045,4.065999984741211,nan,nan,nan,nan,nan,nan,nan,nan,nan,nan,nan,nan
132.47913217544556,-0.4000000059604645,4.031000137329102,4.059999942779541,4.057000160217285,4.060999870300293,4.061999797821045,4.065999984741211,nan,nan,nan,nan,nan,nan,nan,nan,nan,nan,nan,nan
132.66140127182007,-0.4000000059604645,4.031000137329102,4.059999942779541,4.057000160217285,4.060999870300293,4.061999797821045,4.065999984741211,nan,nan,nan,nan,nan,nan,nan,nan,nan,nan,nan,nan
132.8212127685547,-0.4000000059604645,4.031000137329102,4.059999942779541,4.057000160217285,4.060999870300293,4.061999797821045,4.065999984741211,nan,nan,nan,nan,nan,nan,nan,nan,nan,nan,nan,nan
133.0031282901764,-0.4000000059604645,4.031000137329102,4.059999942779541,4.057000160217285,4.060999870300293,4.061999797821045,4.065000057220459,nan,nan,nan,nan,nan,nan,nan,nan,nan,nan,nan,nan
133.18048858642578,-0.4000000059604645,4.031000137329102,4.059999942779541,4.057000160217285,4.060999870300293,4.061999797821045,4.065999984741211,nan,nan,nan,nan,nan,nan,nan,nan,nan,nan,nan,nan
133.33967304229736,-0.4000000059604645,4.031000137329102,4.059999942779541,4.057000160217285,4.060999870300293,4.061999797821045,4.065999984741211,nan,nan,nan,nan,nan,nan,nan,nan,nan,nan,nan,nan
133.52075672149658,-0.3799999952316284,4.031000137329102,4.059999942779541,4.057000160217285,4.060999870300293,4.061999797821045,4.065999984741211,nan,nan,nan,nan,nan,nan,nan,nan,nan,nan,nan,nan
133.70178961753845,-0.4000000059604645,4.031000137329102,4.059999942779541,4.057000160217285,4.060999870300293,4.061999797821045,4.065999984741211,nan,nan,nan,nan,nan,nan,nan,nan,nan,nan,nan,nan
133.86101913452148,-0.4000000059604645,4.031000137329102,4.059999942779541,4.057000160217285,4.060999870300293,4.061999797821045,4.065000057220459,nan,nan,nan,nan,nan,nan,nan,nan,nan,nan,nan,nan
134.04099774360657,-0.4000000059604645,4.031000137329102,4.059999942779541,4.057000160217285,4.060999870300293,4.061999797821045,4.065999984741211,nan,nan,nan,nan,nan,nan,nan,nan,nan,nan,nan,nan
134.1993293762207,-0.4000000059604645,4.031000137329102,4.059999942779541,4.057000160217285,4.060999870300293,4.061999797821045,4.065999984741211,nan,nan,nan,nan,nan,nan,nan,nan,nan,nan,nan,nan
134.3813235759735,-0.38999998569488525,4.031000137329102,4.059999942779541,4.057000160217285,4.060999870300293,4.061999797821045,4.065999984741211,nan,nan,nan,nan,nan,nan,nan,nan,nan,nan,nan,nan
134.55920577049255,-0.38999998569488525,4.031000137329102,4.059999942779541,4.057000160217285,4.060999870300293,4.061999797821045,4.065999984741211,nan,nan,nan,nan,nan,nan,nan,nan,nan,nan,nan,nan
134.71897649765015,-0.4000000059604645,4.031000137329102,4.059999942779541,4.057000160217285,4.060999870300293,4.061999797821045,4.065999984741211,nan,nan,nan,nan,nan,nan,nan,nan,nan,nan,nan,nan
134.89983940124512,-0.4000000059604645,4.031000137329102,4.059999942779541,4.057000160217285,4.060999870300293,4.061999797821045,4.065999984741211,nan,nan,nan,nan,nan,nan,nan,nan,nan,nan,nan,nan
135.06076622009277,-0.4000000059604645,4.031000137329102,4.059999942779541,4.057000160217285,4.060999870300293,4.061999797821045,4.065999984741211,nan,nan,nan,nan,nan,nan,nan,nan,nan,nan,nan,nan
135.2393991947174,-0.4000000059604645,4.031000137329102,4.059999942779541,4.057000160217285,4.060999870300293,4.061999797821045,4.065999984741211,nan,nan,nan,nan,nan,nan,nan,nan,nan,nan,nan,nan
135.41916799545288,-0.4000000059604645,4.031000137329102,4.059999942779541,4.057000160217285,4.060999870300293,4.061999797821045,4.065000057220459,nan,nan,nan,nan,nan,nan,nan,nan,nan,nan,nan,nan
135.57887721061707,-0.38999998569488525,4.031000137329102,4.059999942779541,4.057000160217285,4.060999870300293,4.061999797821045,4.065000057220459,nan,nan,nan,nan,nan,nan,nan,nan,nan,nan,nan,nan
135.76145195960999,-0.4000000059604645,4.031000137329102,4.059999942779541,4.057000160217285,4.060999870300293,4.061999797821045,4.065999984741211,nan,nan,nan,nan,nan,nan,nan,nan,nan,nan,nan,nan
135.92040729522705,-0.38999998569488525,4.031000137329102,4.059999942779541,4.057000160217285,4.060999870300293,4.061999797821045,4.065999984741211,nan,nan,nan,nan,nan,nan,nan,nan,nan,nan,nan,nan
136.1005437374115,-0.4000000059604645,4.031000137329102,4.059999942779541,4.057000160217285,4.060999870300293,4.061999797821045,4.065999984741211,nan,nan,nan,nan,nan,nan,nan,nan,nan,nan,nan,nan
136.27897381782532,-0.4000000059604645,4.031000137329102,4.059999942779541,4.057000160217285,4.060999870300293,4.061999797821045,4.065999984741211,nan,nan,nan,nan,nan,nan,nan,nan,nan,nan,nan,nan
136.44001173973083,-0.4000000059604645,4.031000137329102,4.059999942779541,4.057000160217285,4.060999870300293,4.061999797821045,4.065999984741211,nan,nan,nan,nan,nan,nan,nan,nan,nan,nan,nan,nan
136.61881017684937,-0.38999998569488525,4.031000137329102,4.059999942779541,4.057000160217285,4.060999870300293,4.061999797821045,4.065000057220459,nan,nan,nan,nan,nan,nan,nan,nan,nan,nan,nan,nan
136.7991487979889,-0.4000000059604645,4.031000137329102,4.059999942779541,4.057000160217285,4.060999870300293,4.061999797821045,4.065999984741211,nan,nan,nan,nan,nan,nan,nan,nan,nan,nan,nan,nan
136.96198201179504,-0.4000000059604645,4.031000137329102,4.059999942779541,4.057000160217285,4.060999870300293,4.061999797821045,4.065999984741211,nan,nan,nan,nan,nan,nan,nan,nan,nan,nan,nan,nan
137.14045214653015,-0.4000000059604645,4.031000137329102,4.059999942779541,4.057000160217285,4.060999870300293,4.061999797821045,4.065000057220459,nan,nan,nan,nan,nan,nan,nan,nan,nan,nan,nan,nan
137.2999231815338,-0.4099999964237213,4.031000137329102,4.059999942779541,4.057000160217285,4.060999870300293,4.061999797821045,4.065999984741211,nan,nan,nan,nan,nan,nan,nan,nan,nan,nan,nan,nan
137.4800524711609,-0.4000000059604645,4.031000137329102,4.059999942779541,4.057000160217285,4.060999870300293,4.061999797821045,4.065000057220459,nan,nan,nan,nan,nan,nan,nan,nan,nan,nan,nan,nan
137.6603844165802,-0.4000000059604645,4.031000137329102,4.059999942779541,4.057000160217285,4.060999870300293,4.061999797821045,4.065000057220459,nan,nan,nan,nan,nan,nan,nan,nan,nan,nan,nan,nan
137.82113409042358,-0.4000000059604645,4.031000137329102,4.059999942779541,4.057000160217285,4.060999870300293,4.061999797821045,4.065000057220459,nan,nan,nan,nan,nan,nan,nan,nan,nan,nan,nan,nan
137.9997706413269,-0.4000000059604645,4.031000137329102,4.059999942779541,4.057000160217285,4.060999870300293,4.061999797821045,4.065000057220459,nan,nan,nan,nan,nan,nan,nan,nan,nan,nan,nan,nan
138.1591498851776,-0.4000000059604645,4.031000137329102,4.059999942779541,4.057000160217285,4.060999870300293,4.061999797821045,4.065999984741211,nan,nan,nan,nan,nan,nan,nan,nan,nan,nan,nan,nan
138.33919668197632,-0.4000000059604645,4.031000137329102,4.059999942779541,4.057000160217285,4.060999870300293,4.061999797821045,4.065999984741211,nan,nan,nan,nan,nan,nan,nan,nan,nan,nan,nan,nan
138.51986646652222,-0.4000000059604645,4.031000137329102,4.059999942779541,4.057000160217285,4.060999870300293,4.061999797821045,4.065000057220459,nan,nan,nan,nan,nan,nan,nan,nan,nan,nan,nan,nan
138.68068432807922,-0.4000000059604645,4.031000137329102,4.059999942779541,4.057000160217285,4.060999870300293,4.061999797821045,4.065000057220459,nan,nan,nan,nan,nan,nan,nan,nan,nan,nan,nan,nan
138.85931706428528,-0.38999998569488525,4.031000137329102,4.059999942779541,4.057000160217285,4.060999870300293,4.061999797821045,4.065999984741211,nan,nan,nan,nan,nan,nan,nan,nan,nan,nan,nan,nan
139.0188684463501,-0.4000000059604645,4.031000137329102,4.059999942779541,4.057000160217285,4.060999870300293,4.061999797821045,4.065999984741211,nan,nan,nan,nan,nan,nan,nan,nan,nan,nan,nan,nan
139.1992747783661,-0.4000000059604645,4.031000137329102,4.059999942779541,4.057000160217285,4.060999870300293,4.061999797821045,4.065999984741211,nan,nan,nan,nan,nan,nan,nan,nan,nan,nan,nan,nan
139.37979650497437,-0.4000000059604645,4.031000137329102,4.059999942779541,4.057000160217285,4.060999870300293,4.061999797821045,4.065000057220459,nan,nan,nan,nan,nan,nan,nan,nan,nan,nan,nan,nan
139.53924584388733,-0.4000000059604645,4.031000137329102,4.059999942779541,4.057000160217285,4.060999870300293,4.061999797821045,4.065000057220459,nan,nan,nan,nan,nan,nan,nan,nan,nan,nan,nan,nan
139.71941757202148,-0.4099999964237213,4.031000137329102,4.059999942779541,4.057000160217285,4.060999870300293,4.061999797821045,4.065999984741211,nan,nan,nan,nan,nan,nan,nan,nan,nan,nan,nan,nan
139.89962124824524,-0.4099999964237213,4.031000137329102,4.059999942779541,4.057000160217285,4.060999870300293,4.061999797821045,4.065000057220459,nan,nan,nan,nan,nan,nan,nan,nan,nan,nan,nan,nan
140.05933785438538,-0.4000000059604645,4.031000137329102,4.059999942779541,4.057000160217285,4.060999870300293,4.061999797821045,4.065000057220459,nan,nan,nan,nan,nan,nan,nan,nan,nan,nan,nan,nan
140.23969411849976,-0.4000000059604645,4.031000137329102,4.059999942779541,4.057000160217285,4.060999870300293,4.061999797821045,4.065999984741211,nan,nan,nan,nan,nan,nan,nan,nan,nan,nan,nan,nan
140.39931535720825,-0.4000000059604645,4.031000137329102,4.059999942779541,4.057000160217285,4.060999870300293,4.061999797821045,4.065000057220459,nan,nan,nan,nan,nan,nan,nan,nan,nan,nan,nan,nan
140.57983016967773,-0.4000000059604645,4.031000137329102,4.059999942779541,4.057000160217285,4.060999870300293,4.061999797821045,4.065000057220459,nan,nan,nan,nan,nan,nan,nan,nan,nan,nan,nan,nan
140.76011443138123,-0.4000000059604645,4.031000137329102,4.059999942779541,4.057000160217285,4.060999870300293,4.061999797821045,4.065000057220459,nan,nan,nan,nan,nan,nan,nan,nan,nan,nan,nan,nan
140.91941452026367,-0.4099999964237213,4.031000137329102,4.059999942779541,4.057000160217285,4.060999870300293,4.061999797821045,4.065999984741211,nan,nan,nan,nan,nan,nan,nan,nan,nan,nan,nan,nan
141.10105085372925,-0.4000000059604645,4.031000137329102,4.059999942779541,4.057000160217285,4.060999870300293,4.061999797821045,4.065000057220459,nan,nan,nan,nan,nan,nan,nan,nan,nan,nan,nan,nan
141.2603702545166,-0.4000000059604645,4.031000137329102,4.059999942779541,4.057000160217285,4.060999870300293,4.061999797821045,4.065000057220459,nan,nan,nan,nan,nan,nan,nan,nan,nan,nan,nan,nan
141.43925595283508,-0.4000000059604645,4.031000137329102,4.059999942779541,4.057000160217285,4.060999870300293,4.061999797821045,4.065000057220459,nan,nan,nan,nan,nan,nan,nan,nan,nan,nan,nan,nan
141.61947298049927,-0.4000000059604645,4.031000137329102,4.059999942779541,4.057000160217285,4.060999870300293,4.061999797821045,4.065000057220459,nan,nan,nan,nan,nan,nan,nan,nan,nan,nan,nan,nan
141.78050875663757,-0.4099999964237213,4.031000137329102,4.059999942779541,4.057000160217285,4.060999870300293,4.061999797821045,4.065999984741211,nan,nan,nan,nan,nan,nan,nan,nan,nan,nan,nan,nan
141.96120357513428,-0.41999998688697815,4.031000137329102,4.059999942779541,4.057000160217285,4.060999870300293,4.061999797821045,4.065000057220459,nan,nan,nan,nan,nan,nan,nan,nan,nan,nan,nan,nan
142.13954329490662,-0.41999998688697815,4.031000137329102,4.059999942779541,4.057000160217285,4.060999870300293,4.061999797821045,4.065999984741211,nan,nan,nan,nan,nan,nan,nan,nan,nan,nan,nan,nan
142.29922533035278,-0.4099999964237213,4.031000137329102,4.059999942779541,4.057000160217285,4.060999870300293,4.061999797821045,4.065999984741211,nan,nan,nan,nan,nan,nan,nan,nan,nan,nan,nan,nan
142.47990083694458,-0.4000000059604645,4.031000137329102,4.059999942779541,4.057000160217285,4.060999870300293,4.061999797821045,4.065999984741211,nan,nan,nan,nan,nan,nan,nan,nan,nan,nan,nan,nan
142.63919305801392,-0.38999998569488525,4.031000137329102,4.059999942779541,4.057000160217285,4.060999870300293,4.061999797821045,4.065000057220459,nan,nan,nan,nan,nan,nan,nan,nan,nan,nan,nan,nan
142.8193233013153,-0.4000000059604645,4.031000137329102,4.059999942779541,4.057000160217285,4.060999870300293,4.061999797821045,4.065999984741211,nan,nan,nan,nan,nan,nan,nan,nan,nan,nan,nan,nan
142.99967074394226,-0.4099999964237213,4.031000137329102,4.059999942779541,4.057000160217285,4.060999870300293,4.061999797821045,4.065999984741211,nan,nan,nan,nan,nan,nan,nan,nan,nan,nan,nan,nan
143.15921688079834,-0.38999998569488525,4.031000137329102,4.059999942779541,4.057000160217285,4.060999870300293,4.061999797821045,4.065000057220459,nan,nan,nan,nan,nan,nan,nan,nan,nan,nan,nan,nan
143.33964443206787,-0.38999998569488525,4.031000137329102,4.059999942779541,4.057000160217285,4.060999870300293,4.061999797821045,4.065000057220459,nan,nan,nan,nan,nan,nan,nan,nan,nan,nan,nan,nan
143.50101232528687,-0.4000000059604645,4.031000137329102,4.059999942779541,4.057000160217285,4.060999870300293,4.061999797821045,4.065000057220459,nan,nan,nan,nan,nan,nan,nan,nan,nan,nan,nan,nan
143.67934346199036,-0.4000000059604645,4.031000137329102,4.059999942779541,4.057000160217285,4.060999870300293,4.061999797821045,4.065999984741211,nan,nan,nan,nan,nan,nan,nan,nan,nan,nan,nan,nan
143.8598804473877,-0.4000000059604645,4.031000137329102,4.059999942779541,4.057000160217285,4.060999870300293,4.061999797821045,4.065000057220459,nan,nan,nan,nan,nan,nan,nan,nan,nan,nan,nan,nan
144.01935052871704,-0.4000000059604645,4.031000137329102,4.059999942779541,4.057000160217285,4.060999870300293,4.060999870300293,4.065000057220459,nan,nan,nan,nan,nan,nan,nan,nan,nan,nan,nan,nan
144.19954204559326,-0.4000000059604645,4.031000137329102,4.059999942779541,4.057000160217285,4.060999870300293,4.061999797821045,4.065000057220459,nan,nan,nan,nan,nan,nan,nan,nan,nan,nan,nan,nan
144.37944316864014,-0.4000000059604645,4.031000137329102,4.059999942779541,4.057000160217285,4.060999870300293,4.061999797821045,4.065000057220459,nan,nan,nan,nan,nan,nan,nan,nan,nan,nan,nan,nan
144.53921246528625,-0.4000000059604645,4.031000137329102,4.059999942779541,4.057000160217285,4.060999870300293,4.061999797821045,4.065000057220459,nan,nan,nan,nan,nan,nan,nan,nan,nan,nan,nan,nan
144.7212233543396,-0.4000000059604645,4.031000137329102,4.059999942779541,4.057000160217285,4.060999870300293,4.061999797821045,4.065000057220459,nan,nan,nan,nan,nan,nan,nan,nan,nan,nan,nan,nan
144.87910318374634,-0.4099999964237213,4.031000137329102,4.059999942779541,4.057000160217285,4.060999870300293,4.061999797821045,4.065000057220459,nan,nan,nan,nan,nan,nan,nan,nan,nan,nan,nan,nan
145.06068325042725,-0.4099999964237213,4.031000137329102,4.059000015258789,4.057000160217285,4.060999870300293,4.061999797821045,4.065000057220459,nan,nan,nan,nan,nan,nan,nan,nan,nan,nan,nan,nan
145.23889112472534,-0.38999998569488525,4.031000137329102,4.059999942779541,4.057000160217285,4.060999870300293,4.061999797821045,4.065999984741211,nan,nan,nan,nan,nan,nan,nan,nan,nan,nan,nan,nan
145.39862370491028,-0.38999998569488525,4.031000137329102,4.059999942779541,4.057000160217285,4.060999870300293,4.061999797821045,4.065000057220459,nan,nan,nan,nan,nan,nan,nan,nan,nan,nan,nan,nan
145.57919311523438,-0.4000000059604645,4.031000137329102,4.059000015258789,4.057000160217285,4.060999870300293,4.061999797821045,4.065000057220459,nan,nan,nan,nan,nan,nan,nan,nan,nan,nan,nan,nan
145.74004459381104,-0.4000000059604645,4.031000137329102,4.059999942779541,4.057000160217285,4.060999870300293,4.061999797821045,4.065999984741211,nan,nan,nan,nan,nan,nan,nan,nan,nan,nan,nan,nan
145.91893196105957,-0.38999998569488525,4.031000137329102,4.059999942779541,4.057000160217285,4.060999870300293,4.060999870300293,4.065000057220459,nan,nan,nan,nan,nan,nan,nan,nan,nan,nan,nan,nan
146.09972882270813,-0.4099999964237213,4.031000137329102,4.059999942779541,4.057000160217285,4.060999870300293,4.061999797821045,4.065000057220459,nan,nan,nan,nan,nan,nan,nan,nan,nan,nan,nan,nan
146.25880813598633,-0.4000000059604645,4.031000137329102,4.059999942779541,4.057000160217285,4.060999870300293,4.061999797821045,4.065000057220459,nan,nan,nan,nan,nan,nan,nan,nan,nan,nan,nan,nan
146.43948078155518,-0.4000000059604645,4.031000137329102,4.059999942779541,4.057000160217285,4.060999870300293,4.061999797821045,4.065000057220459,nan,nan,nan,nan,nan,nan,nan,nan,nan,nan,nan,nan
146.6201868057251,-0.38999998569488525,4.031000137329102,4.059999942779541,4.057000160217285,4.060999870300293,4.061999797821045,4.065000057220459,nan,nan,nan,nan,nan,nan,nan,nan,nan,nan,nan,nan
146.77992749214172,-0.3799999952316284,4.031000137329102,4.059999942779541,4.057000160217285,4.060999870300293,4.061999797821045,4.065000057220459,nan,nan,nan,nan,nan,nan,nan,nan,nan,nan,nan,nan
146.9601650238037,-0.4099999964237213,4.031000137329102,4.059999942779541,4.057000160217285,4.060999870300293,4.061999797821045,4.065000057220459,nan,nan,nan,nan,nan,nan,nan,nan,nan,nan,nan,nan
147.11939573287964,-0.4099999964237213,4.031000137329102,4.059999942779541,4.057000160217285,4.060999870300293,4.061999797821045,4.065999984741211,nan,nan,nan,nan,nan,nan,nan,nan,nan,nan,nan,nan
147.29961585998535,-0.4000000059604645,4.031000137329102,4.059999942779541,4.057000160217285,4.060999870300293,4.061999797821045,4.065000057220459,nan,nan,nan,nan,nan,nan,nan,nan,nan,nan,nan,nan
147.47953844070435,-0.4000000059604645,4.031000137329102,4.059999942779541,4.057000160217285,4.060999870300293,4.061999797821045,4.065999984741211,nan,nan,nan,nan,nan,nan,nan,nan,nan,nan,nan,nan
147.63957500457764,-0.4099999964237213,4.03000020980835,4.059000015258789,4.057000160217285,4.060999870300293,4.061999797821045,4.065000057220459,nan,nan,nan,nan,nan,nan,nan,nan,nan,nan,nan,nan
147.81954884529114,-0.4099999964237213,4.031000137329102,4.059999942779541,4.057000160217285,4.060999870300293,4.060999870300293,4.065000057220459,nan,nan,nan,nan,nan,nan,nan,nan,nan,nan,nan,nan
147.97901368141174,-0.4000000059604645,4.031000137329102,4.059999942779541,4.057000160217285,4.060999870300293,4.061999797821045,4.065000057220459,nan,nan,nan,nan,nan,nan,nan,nan,nan,nan,nan,nan
148.15921258926392,-0.4099999964237213,4.031000137329102,4.059999942779541,4.057000160217285,4.060999870300293,4.061999797821045,4.065000057220459,nan,nan,nan,nan,nan,nan,nan,nan,nan,nan,nan,nan
148.3394935131073,-0.41999998688697815,4.031000137329102,4.059999942779541,4.057000160217285,4.060999870300293,4.061999797821045,4.065000057220459,nan,nan,nan,nan,nan,nan,nan,nan,nan,nan,nan,nan
148.49909210205078,-0.4000000059604645,4.031000137329102,4.059000015258789,4.057000160217285,4.060999870300293,4.061999797821045,4.065999984741211,nan,nan,nan,nan,nan,nan,nan,nan,nan,nan,nan,nan
148.67933702468872,-0.41999998688697815,4.031000137329102,4.059999942779541,4.057000160217285,4.060999870300293,4.061999797821045,4.065999984741211,nan,nan,nan,nan,nan,nan,nan,nan,nan,nan,nan,nan
148.8389265537262,-0.38999998569488525,4.031000137329102,4.059999942779541,4.057000160217285,4.060999870300293,4.061999797821045,4.065000057220459,nan,nan,nan,nan,nan,nan,nan,nan,nan,nan,nan,nan
149.01913905143738,-0.4099999964237213,4.031000137329102,4.059999942779541,4.057000160217285,4.060999870300293,4.061999797821045,4.065000057220459,nan,nan,nan,nan,nan,nan,nan,nan,nan,nan,nan,nan
149.19939970970154,-0.41999998688697815,4.031000137329102,4.059000015258789,4.057000160217285,4.060999870300293,4.061999797821045,4.065000057220459,nan,nan,nan,nan,nan,nan,nan,nan,nan,nan,nan,nan
149.35904550552368,-0.41999998688697815,4.031000137329102,4.059000015258789,4.057000160217285,4.060999870300293,4.061999797821045,4.065000057220459,nan,nan,nan,nan,nan,nan,nan,nan,nan,nan,nan,nan
149.53932285308838,-0.4000000059604645,4.031000137329102,4.059000015258789,4.057000160217285,4.060999870300293,4.060999870300293,4.065000057220459,nan,nan,nan,nan,nan,nan,nan,nan,nan,nan,nan,nan
149.71948957443237,-0.38999998569488525,4.031000137329102,4.059999942779541,4.057000160217285,4.060999870300293,4.061999797821045,4.065000057220459,nan,nan,nan,nan,nan,nan,nan,nan,nan,nan,nan,nan
149.87943720817566,-0.4000000059604645,4.031000137329102,4.059999942779541,4.057000160217285,4.060999870300293,4.061999797821045,4.065000057220459,nan,nan,nan,nan,nan,nan,nan,nan,nan,nan,nan,nan
150.05951690673828,-0.4000000059604645,4.031000137329102,4.059000015258789,4.057000160217285,4.060999870300293,4.061999797821045,4.065000057220459,nan,nan,nan,nan,nan,nan,nan,nan,nan,nan,nan,nan
150.21889567375183,-0.4099999964237213,4.031000137329102,4.059000015258789,4.057000160217285,4.060999870300293,4.060999870300293,4.065000057220459,nan,nan,nan,nan,nan,nan,nan,nan,nan,nan,nan,nan
150.39939522743225,-0.4099999964237213,4.031000137329102,4.059999942779541,4.057000160217285,4.060999870300293,4.061999797821045,4.065000057220459,nan,nan,nan,nan,nan,nan,nan,nan,nan,nan,nan,nan
150.57953453063965,-0.4000000059604645,4.031000137329102,4.059999942779541,4.057000160217285,4.060999870300293,4.061999797821045,4.065000057220459,nan,nan,nan,nan,nan,nan,nan,nan,nan,nan,nan,nan
150.73959875106812,-0.38999998569488525,4.031000137329102,4.059000015258789,4.057000160217285,4.060999870300293,4.060999870300293,4.065000057220459,nan,nan,nan,nan,nan,nan,nan,nan,nan,nan,nan,nan
150.9193696975708,-0.4000000059604645,4.031000137329102,4.059000015258789,4.057000160217285,4.060999870300293,4.061999797821045,4.065000057220459,nan,nan,nan,nan,nan,nan,nan,nan,nan,nan,nan,nan
151.0789976119995,-0.4000000059604645,4.031000137329102,4.059999942779541,4.057000160217285,4.060999870300293,4.061999797821045,4.065000057220459,nan,nan,nan,nan,nan,nan,nan,nan,nan,nan,nan,nan
151.25959873199463,-0.4000000059604645,4.031000137329102,4.059000015258789,4.057000160217285,4.060999870300293,4.060999870300293,4.065000057220459,nan,nan,nan,nan,nan,nan,nan,nan,nan,nan,nan,nan
151.43984007835388,-0.4000000059604645,4.031000137329102,4.059999942779541,4.057000160217285,4.060999870300293,4.061999797821045,4.065000057220459,nan,nan,nan,nan,nan,nan,nan,nan,nan,nan,nan,nan
151.59941029548645,-0.4099999964237213,4.031000137329102,4.059000015258789,4.057000160217285,4.060999870300293,4.060999870300293,4.065000057220459,nan,nan,nan,nan,nan,nan,nan,nan,nan,nan,nan,nan
151.77980852127075,-0.4000000059604645,4.03000020980835,4.059000015258789,4.056000232696533,4.060999870300293,4.061999797821045,4.065000057220459,nan,nan,nan,nan,nan,nan,nan,nan,nan,nan,nan,nan
151.95896434783936,-0.4099999964237213,4.031000137329102,4.059000015258789,4.057000160217285,4.060999870300293,4.060999870300293,4.065000057220459,nan,nan,nan,nan,nan,nan,nan,nan,nan,nan,nan,nan
152.11986756324768,-0.4000000059604645,4.031000137329102,4.059000015258789,4.057000160217285,4.060999870300293,4.061999797821045,4.065000057220459,nan,nan,nan,nan,nan,nan,nan,nan,nan,nan,nan,nan
152.30017066001892,-0.4000000059604645,4.03000020980835,4.059000015258789,4.057000160217285,4.060999870300293,4.061999797821045,4.065000057220459,nan,nan,nan,nan,nan,nan,nan,nan,nan,nan,nan,nan
152.45950365066528,-0.38999998569488525,4.031000137329102,4.059000015258789,4.056000232696533,4.060999870300293,4.061999797821045,4.065000057220459,nan,nan,nan,nan,nan,nan,nan,nan,nan,nan,nan,nan
152.6400215625763,-0.38999998569488525,4.031000137329102,4.059999942779541,4.057000160217285,4.060999870300293,4.061999797821045,4.065000057220459,nan,nan,nan,nan,nan,nan,nan,nan,nan,nan,nan,nan
152.81999397277832,-0.4099999964237213,4.03000020980835,4.059000015258789,4.056000232696533,4.060999870300293,4.061999797821045,4.065000057220459,nan,nan,nan,nan,nan,nan,nan,nan,nan,nan,nan,nan
152.9796018600464,-0.4000000059604645,4.03000020980835,4.059000015258789,4.057000160217285,4.060999870300293,4.061999797821045,4.065000057220459,nan,nan,nan,nan,nan,nan,nan,nan,nan,nan,nan,nan
153.1598401069641,-0.4000000059604645,4.031000137329102,4.059999942779541,4.057000160217285,4.060999870300293,4.061999797821045,4.065000057220459,nan,nan,nan,nan,nan,nan,nan,nan,nan,nan,nan,nan
153.31950783729553,-0.4000000059604645,4.031000137329102,4.059999942779541,4.057000160217285,4.060999870300293,4.061999797821045,4.065000057220459,nan,nan,nan,nan,nan,nan,nan,nan,nan,nan,nan,nan
153.49970722198486,-0.4000000059604645,4.031000137329102,4.059999942779541,4.057000160217285,4.060999870300293,4.061999797821045,4.065000057220459,nan,nan,nan,nan,nan,nan,nan,nan,nan,nan,nan,nan
153.68012380599976,-0.4000000059604645,4.03000020980835,4.059000015258789,4.057000160217285,4.060999870300293,4.061999797821045,4.065000057220459,nan,nan,nan,nan,nan,nan,nan,nan,nan,nan,nan,nan
153.8392915725708,-0.38999998569488525,4.03000020980835,4.059000015258789,4.056000232696533,4.060999870300293,4.060999870300293,4.065000057220459,nan,nan,nan,nan,nan,nan,nan,nan,nan,nan,nan,nan
154.01988172531128,-0.4000000059604645,4.031000137329102,4.059000015258789,4.057000160217285,4.060999870300293,4.060999870300293,4.065000057220459,nan,nan,nan,nan,nan,nan,nan,nan,nan,nan,nan,nan
154.1998770236969,-0.4099999964237213,4.03000020980835,4.059000015258789,4.057000160217285,4.060999870300293,4.060999870300293,4.065000057220459,nan,nan,nan,nan,nan,nan,nan,nan,nan,nan,nan,nan
154.35905170440674,-0.4000000059604645,4.031000137329102,4.059000015258789,4.056000232696533,4.060999870300293,4.060999870300293,4.065000057220459,nan,nan,nan,nan,nan,nan,nan,nan,nan,nan,nan,nan
154.53971147537231,-0.4099999964237213,4.03000020980835,4.059000015258789,4.057000160217285,4.060999870300293,4.061999797821045,4.065000057220459,nan,nan,nan,nan,nan,nan,nan,nan,nan,nan,nan,nan
154.69897937774658,-0.38999998569488525,4.03000020980835,4.059000015258789,4.057000160217285,4.060999870300293,4.061999797821045,4.065000057220459,nan,nan,nan,nan,nan,nan,nan,nan,nan,nan,nan,nan
154.87938165664673,-0.4000000059604645,4.03000020980835,4.059000015258789,4.057000160217285,4.060999870300293,4.061999797821045,4.065000057220459,nan,nan,nan,nan,nan,nan,nan,nan,nan,nan,nan,nan
155.05987095832825,-0.38999998569488525,4.03000020980835,4.059999942779541,4.057000160217285,4.060999870300293,4.060999870300293,4.065000057220459,nan,nan,nan,nan,nan,nan,nan,nan,nan,nan,nan,nan
155.21917462348938,-0.4099999964237213,4.03000020980835,4.059999942779541,4.057000160217285,4.060999870300293,4.060999870300293,4.065000057220459,nan,nan,nan,nan,nan,nan,nan,nan,nan,nan,nan,nan
155.3993785381317,-0.4300000071525574,4.031000137329102,4.059000015258789,4.057000160217285,4.060999870300293,4.060999870300293,4.065000057220459,nan,nan,nan,nan,nan,nan,nan,nan,nan,nan,nan,nan
155.55910110473633,-0.38999998569488525,4.031000137329102,4.059000015258789,4.057000160217285,4.060999870300293,4.060999870300293,4.065000057220459,nan,nan,nan,nan,nan,nan,nan,nan,nan,nan,nan,nan
155.7393033504486,-0.4000000059604645,4.03000020980835,4.059000015258789,4.057000160217285,4.060999870300293,4.060999870300293,4.065000057220459,nan,nan,nan,nan,nan,nan,nan,nan,nan,nan,nan,nan
155.9207444190979,-0.4099999964237213,4.03000020980835,4.059000015258789,4.056000232696533,4.060999870300293,4.061999797821045,4.065000057220459,nan,nan,nan,nan,nan,nan,nan,nan,nan,nan,nan,nan
156.0815827846527,-0.38999998569488525,4.03000020980835,4.059000015258789,4.057000160217285,4.060999870300293,4.060999870300293,4.065000057220459,nan,nan,nan,nan,nan,nan,nan,nan,nan,nan,nan,nan
156.25913453102112,-0.4099999964237213,4.031000137329102,4.059000015258789,4.056000232696533,4.060999870300293,4.060999870300293,4.065000057220459,nan,nan,nan,nan,nan,nan,nan,nan,nan,nan,nan,nan
156.43921995162964,-0.4000000059604645,4.031000137329102,4.059999942779541,4.056000232696533,4.060999870300293,4.060999870300293,4.065000057220459,nan,nan,nan,nan,nan,nan,nan,nan,nan,nan,nan,nan
156.5987470149994,-0.38999998569488525,4.031000137329102,4.059000015258789,4.057000160217285,4.060999870300293,4.060999870300293,4.065000057220459,nan,nan,nan,nan,nan,nan,nan,nan,nan,nan,nan,nan
156.77934336662292,-0.4099999964237213,4.031000137329102,4.059000015258789,4.057000160217285,4.060999870300293,4.060999870300293,4.065000057220459,nan,nan,nan,nan,nan,nan,nan,nan,nan,nan,nan,nan
156.9391782283783,-0.4000000059604645,4.03000020980835,4.059000015258789,4.057000160217285,4.060999870300293,4.060999870300293,4.065000057220459,nan,nan,nan,nan,nan,nan,nan,nan,nan,nan,nan,nan
157.11901545524597,-0.4000000059604645,4.03000020980835,4.059000015258789,4.056000232696533,4.060999870300293,4.061999797821045,4.065000057220459,nan,nan,nan,nan,nan,nan,nan,nan,nan,nan,nan,nan
157.29946279525757,-0.4000000059604645,4.03000020980835,4.059000015258789,4.057000160217285,4.060999870300293,4.060999870300293,4.065000057220459,nan,nan,nan,nan,nan,nan,nan,nan,nan,nan,nan,nan
157.4601902961731,-0.38999998569488525,4.031000137329102,4.059000015258789,4.056000232696533,4.060999870300293,4.060999870300293,4.065000057220459,nan,nan,nan,nan,nan,nan,nan,nan,nan,nan,nan,nan
157.63938808441162,-0.4000000059604645,4.03000020980835,4.059000015258789,4.057000160217285,4.060999870300293,4.060999870300293,4.065000057220459,nan,nan,nan,nan,nan,nan,nan,nan,nan,nan,nan,nan
157.80041217803955,-0.4000000059604645,4.03000020980835,4.059000015258789,4.057000160217285,4.060999870300293,4.060999870300293,4.065000057220459,nan,nan,nan,nan,nan,nan,nan,nan,nan,nan,nan,nan
157.97885060310364,-0.4000000059604645,4.03000020980835,4.059000015258789,4.057000160217285,4.060999870300293,4.060999870300293,4.065000057220459,nan,nan,nan,nan,nan,nan,nan,nan,nan,nan,nan,nan
158.1593415737152,-0.4000000059604645,4.031000137329102,4.059000015258789,4.057000160217285,4.060999870300293,4.061999797821045,4.065000057220459,nan,nan,nan,nan,nan,nan,nan,nan,nan,nan,nan,nan
158.32077527046204,-0.4000000059604645,4.03000020980835,4.059000015258789,4.056000232696533,4.060999870300293,4.060999870300293,4.065000057220459,nan,nan,nan,nan,nan,nan,nan,nan,nan,nan,nan,nan
158.5003514289856,-0.4000000059604645,4.03000020980835,4.059000015258789,4.056000232696533,4.060999870300293,4.061999797821045,4.065000057220459,nan,nan,nan,nan,nan,nan,nan,nan,nan,nan,nan,nan
158.68029808998108,-0.38999998569488525,4.03000020980835,4.059000015258789,4.057000160217285,4.060999870300293,4.060999870300293,4.065000057220459,nan,nan,nan,nan,nan,nan,nan,nan,nan,nan,nan,nan
158.8397786617279,-0.4000000059604645,4.03000020980835,4.059000015258789,4.056000232696533,4.060999870300293,4.060999870300293,4.065000057220459,nan,nan,nan,nan,nan,nan,nan,nan,nan,nan,nan,nan
159.02008152008057,-0.4000000059604645,4.03000020980835,4.059000015258789,4.056000232696533,4.060999870300293,4.060999870300293,4.065000057220459,nan,nan,nan,nan,nan,nan,nan,nan,nan,nan,nan,nan
159.17912364006042,-0.38999998569488525,4.03000020980835,4.059000015258789,4.057000160217285,4.060999870300293,4.060999870300293,4.065000057220459,nan,nan,nan,nan,nan,nan,nan,nan,nan,nan,nan,nan
159.3593647480011,-0.41999998688697815,4.03000020980835,4.059000015258789,4.056000232696533,4.060999870300293,4.060999870300293,4.065000057220459,nan,nan,nan,nan,nan,nan,nan,nan,nan,nan,nan,nan
159.54006171226501,-0.41999998688697815,4.03000020980835,4.059999942779541,4.056000232696533,4.060999870300293,4.060999870300293,4.065000057220459,nan,nan,nan,nan,nan,nan,nan,nan,nan,nan,nan,nan
159.69911694526672,-0.38999998569488525,4.03000020980835,4.059000015258789,4.056000232696533,4.060999870300293,4.060999870300293,4.065000057220459,nan,nan,nan,nan,nan,nan,nan,nan,nan,nan,nan,nan
159.87934255599976,-0.4000000059604645,4.03000020980835,4.059000015258789,4.056000232696533,4.060999870300293,4.060999870300293,4.065000057220459,nan,nan,nan,nan,nan,nan,nan,nan,nan,nan,nan,nan
160.0402011871338,-0.4000000059604645,4.03000020980835,4.059000015258789,4.056000232696533,4.060999870300293,4.061999797821045,4.065000057220459,nan,nan,nan,nan,nan,nan,nan,nan,nan,nan,nan,nan
160.21887803077698,-0.4000000059604645,4.03000020980835,4.059000015258789,4.056000232696533,4.060999870300293,4.060999870300293,4.065000057220459,nan,nan,nan,nan,nan,nan,nan,nan,nan,nan,nan,nan
160.39935970306396,-0.4099999964237213,4.03000020980835,4.059999942779541,4.056000232696533,4.060999870300293,4.060999870300293,4.065000057220459,nan,nan,nan,nan,nan,nan,nan,nan,nan,nan,nan,nan
160.55897045135498,-0.4000000059604645,4.03000020980835,4.059000015258789,4.056000232696533,4.060999870300293,4.060999870300293,4.065000057220459,nan,nan,nan,nan,nan,nan,nan,nan,nan,nan,nan,nan
160.73928809165955,-0.4000000059604645,4.03000020980835,4.059000015258789,4.056000232696533,4.060999870300293,4.060999870300293,4.065000057220459,nan,nan,nan,nan,nan,nan,nan,nan,nan,nan,nan,nan
160.8989441394806,-0.4000000059604645,4.03000020980835,4.059000015258789,4.056000232696533,4.060999870300293,4.060999870300293,4.065000057220459,nan,nan,nan,nan,nan,nan,nan,nan,nan,nan,nan,nan
161.07926321029663,-0.4099999964237213,4.03000020980835,4.059000015258789,4.056000232696533,4.060999870300293,4.060999870300293,4.065000057220459,nan,nan,nan,nan,nan,nan,nan,nan,nan,nan,nan,nan
161.2595236301422,-0.4099999964237213,4.03000020980835,4.059000015258789,4.056000232696533,4.060999870300293,4.060999870300293,4.065000057220459,nan,nan,nan,nan,nan,nan,nan,nan,nan,nan,nan,nan
161.41892766952515,-0.41999998688697815,4.03000020980835,4.059000015258789,4.056000232696533,4.060999870300293,4.060999870300293,4.065000057220459,nan,nan,nan,nan,nan,nan,nan,nan,nan,nan,nan,nan
161.5992784500122,-0.4000000059604645,4.03000020980835,4.059000015258789,4.056000232696533,4.060999870300293,4.060999870300293,4.065000057220459,nan,nan,nan,nan,nan,nan,nan,nan,nan,nan,nan,nan
161.7796266078949,-0.38999998569488525,4.03000020980835,4.059000015258789,4.057000160217285,4.060999870300293,4.061999797821045,4.065000057220459,nan,nan,nan,nan,nan,nan,nan,nan,nan,nan,nan,nan
161.93920397758484,-0.4000000059604645,4.03000020980835,4.059000015258789,4.056000232696533,4.060999870300293,4.060999870300293,4.065000057220459,nan,nan,nan,nan,nan,nan,nan,nan,nan,nan,nan,nan
162.119446516037,-0.38999998569488525,4.03000020980835,4.059000015258789,4.056000232696533,4.060999870300293,4.060999870300293,4.065000057220459,nan,nan,nan,nan,nan,nan,nan,nan,nan,nan,nan,nan
162.28019833564758,-0.4000000059604645,4.03000020980835,4.059000015258789,4.056000232696533,4.060999870300293,4.060999870300293,4.065000057220459,nan,nan,nan,nan,nan,nan,nan,nan,nan,nan,nan,nan
162.45901346206665,-0.38999998569488525,4.03000020980835,4.059000015258789,4.056000232696533,4.060999870300293,4.060999870300293,4.065000057220459,nan,nan,nan,nan,nan,nan,nan,nan,nan,nan,nan,nan
162.6396608352661,-0.4000000059604645,4.03000020980835,4.059000015258789,4.056000232696533,4.060999870300293,4.060999870300293,4.065000057220459,nan,nan,nan,nan,nan,nan,nan,nan,nan,nan,nan,nan
162.80027532577515,-0.4099999964237213,4.03000020980835,4.059000015258789,4.056000232696533,4.060999870300293,4.060999870300293,4.065000057220459,nan,nan,nan,nan,nan,nan,nan,nan,nan,nan,nan,nan
162.97927117347717,-0.4000000059604645,4.03000020980835,4.059000015258789,4.056000232696533,4.060999870300293,4.060999870300293,4.065000057220459,nan,nan,nan,nan,nan,nan,nan,nan,nan,nan,nan,nan
163.13851809501648,-0.4000000059604645,4.03000020980835,4.059000015258789,4.056000232696533,4.060999870300293,4.060999870300293,4.065000057220459,nan,nan,nan,nan,nan,nan,nan,nan,nan,nan,nan,nan
163.31909680366516,-0.4000000059604645,4.03000020980835,4.059000015258789,4.056000232696533,4.060999870300293,4.060999870300293,4.065000057220459,nan,nan,nan,nan,nan,nan,nan,nan,nan,nan,nan,nan
163.4992470741272,-0.4000000059604645,4.03000020980835,4.059000015258789,4.057000160217285,4.060999870300293,4.060999870300293,4.065000057220459,nan,nan,nan,nan,nan,nan,nan,nan,nan,nan,nan,nan
163.65891885757446,-0.4000000059604645,4.03000020980835,4.059000015258789,4.056000232696533,4.060999870300293,4.060999870300293,4.065000057220459,nan,nan,nan,nan,nan,nan,nan,nan,nan,nan,nan,nan
163.83941173553467,-0.4000000059604645,4.03000020980835,4.059000015258789,4.057000160217285,4.060999870300293,4.060999870300293,4.065000057220459,nan,nan,nan,nan,nan,nan,nan,nan,nan,nan,nan,nan
164.0197458267212,-0.4399999976158142,4.03000020980835,4.059000015258789,4.056000232696533,4.060999870300293,4.060999870300293,4.065000057220459,nan,nan,nan,nan,nan,nan,nan,nan,nan,nan,nan,nan
164.1793348789215,-0.4099999964237213,4.03000020980835,4.059000015258789,4.056000232696533,4.059999942779541,4.060999870300293,4.065000057220459,nan,nan,nan,nan,nan,nan,nan,nan,nan,nan,nan,nan
164.3592493534088,-0.4000000059604645,4.03000020980835,4.059000015258789,4.056000232696533,4.060999870300293,4.060999870300293,4.065000057220459,nan,nan,nan,nan,nan,nan,nan,nan,nan,nan,nan,nan
164.52025890350342,-0.4000000059604645,4.03000020980835,4.059000015258789,4.056000232696533,4.060999870300293,4.060999870300293,4.065000057220459,nan,nan,nan,nan,nan,nan,nan,nan,nan,nan,nan,nan
164.6990659236908,-0.38999998569488525,4.03000020980835,4.059000015258789,4.056000232696533,4.060999870300293,4.060999870300293,4.065000057220459,nan,nan,nan,nan,nan,nan,nan,nan,nan,nan,nan,nan
164.87935948371887,-0.4000000059604645,4.03000020980835,4.059000015258789,4.056000232696533,4.060999870300293,4.060999870300293,4.065000057220459,nan,nan,nan,nan,nan,nan,nan,nan,nan,nan,nan,nan
165.03908801078796,-0.4300000071525574,4.03000020980835,4.059000015258789,4.056000232696533,4.060999870300293,4.060999870300293,4.065000057220459,nan,nan,nan,nan,nan,nan,nan,nan,nan,nan,nan,nan
165.21964836120605,-0.4000000059604645,4.03000020980835,4.059000015258789,4.056000232696533,4.060999870300293,4.060999870300293,4.065000057220459,nan,nan,nan,nan,nan,nan,nan,nan,nan,nan,nan,nan
165.37901163101196,-0.4000000059604645,4.03000020980835,4.059000015258789,4.056000232696533,4.060999870300293,4.060999870300293,4.065000057220459,nan,nan,nan,nan,nan,nan,nan,nan,nan,nan,nan,nan
165.55968832969666,-0.38999998569488525,4.03000020980835,4.059000015258789,4.056000232696533,4.060999870300293,4.060999870300293,4.065000057220459,nan,nan,nan,nan,nan,nan,nan,nan,nan,nan,nan,nan
165.7402582168579,-0.4000000059604645,4.03000020980835,4.059000015258789,4.056000232696533,4.060999870300293,4.060999870300293,4.065000057220459,nan,nan,nan,nan,nan,nan,nan,nan,nan,nan,nan,nan
165.89955711364746,-0.38999998569488525,4.03000020980835,4.059000015258789,4.056000232696533,4.060999870300293,4.060999870300293,4.065000057220459,nan,nan,nan,nan,nan,nan,nan,nan,nan,nan,nan,nan
166.07986307144165,-0.41999998688697815,4.03000020980835,4.059000015258789,4.056000232696533,4.060999870300293,4.060999870300293,4.065000057220459,nan,nan,nan,nan,nan,nan,nan,nan,nan,nan,nan,nan
166.2587149143219,-0.4000000059604645,4.03000020980835,4.059000015258789,4.056000232696533,4.060999870300293,4.060999870300293,4.065000057220459,nan,nan,nan,nan,nan,nan,nan,nan,nan,nan,nan,nan
166.41871881484985,-0.4000000059604645,4.03000020980835,4.059000015258789,4.056000232696533,4.060999870300293,4.060999870300293,4.065000057220459,nan,nan,nan,nan,nan,nan,nan,nan,nan,nan,nan,nan
166.59891772270203,-0.4000000059604645,4.03000020980835,4.059000015258789,4.056000232696533,4.060999870300293,4.060999870300293,4.065000057220459,nan,nan,nan,nan,nan,nan,nan,nan,nan,nan,nan,nan
166.75994181632996,-0.3799999952316284,4.03000020980835,4.059000015258789,4.056000232696533,4.060999870300293,4.061999797821045,4.065000057220459,nan,nan,nan,nan,nan,nan,nan,nan,nan,nan,nan,nan
166.93999576568604,-0.4000000059604645,4.03000020980835,4.059000015258789,4.056000232696533,4.060999870300293,4.060999870300293,4.065000057220459,nan,nan,nan,nan,nan,nan,nan,nan,nan,nan,nan,nan
167.11879062652588,-0.4000000059604645,4.03000020980835,4.059000015258789,4.056000232696533,4.060999870300293,4.060999870300293,4.065000057220459,nan,nan,nan,nan,nan,nan,nan,nan,nan,nan,nan,nan
167.27996134757996,-0.4000000059604645,4.03000020980835,4.059000015258789,4.056000232696533,4.060999870300293,4.060999870300293,4.065000057220459,nan,nan,nan,nan,nan,nan,nan,nan,nan,nan,nan,nan
167.45869255065918,-0.4000000059604645,4.03000020980835,4.059000015258789,4.056000232696533,4.060999870300293,4.060999870300293,4.065000057220459,nan,nan,nan,nan,nan,nan,nan,nan,nan,nan,nan,nan
167.63892030715942,-0.4099999964237213,4.03000020980835,4.059000015258789,4.056000232696533,4.059999942779541,4.060999870300293,4.065000057220459,nan,nan,nan,nan,nan,nan,nan,nan,nan,nan,nan,nan
167.80016613006592,-0.38999998569488525,4.03000020980835,4.059000015258789,4.056000232696533,4.060999870300293,4.060999870300293,4.065000057220459,nan,nan,nan,nan,nan,nan,nan,nan,nan,nan,nan,nan
167.97880816459656,-0.4000000059604645,4.03000020980835,4.059000015258789,4.056000232696533,4.060999870300293,4.060999870300293,4.065000057220459,nan,nan,nan,nan,nan,nan,nan,nan,nan,nan,nan,nan
168.14013290405273,-0.4099999964237213,4.03000020980835,4.059000015258789,4.056000232696533,4.060999870300293,4.060999870300293,4.065000057220459,nan,nan,nan,nan,nan,nan,nan,nan,nan,nan,nan,nan
168.32020235061646,-0.38999998569488525,4.03000020980835,4.059000015258789,4.056000232696533,4.060999870300293,4.060999870300293,4.065000057220459,nan,nan,nan,nan,nan,nan,nan,nan,nan,nan,nan,nan
168.49911975860596,-0.4000000059604645,4.03000020980835,4.059000015258789,4.056000232696533,4.060999870300293,4.060999870300293,4.065000057220459,nan,nan,nan,nan,nan,nan,nan,nan,nan,nan,nan,nan
168.66006517410278,-0.4000000059604645,4.03000020980835,4.059000015258789,4.056000232696533,4.059999942779541,4.060999870300293,4.065000057220459,nan,nan,nan,nan,nan,nan,nan,nan,nan,nan,nan,nan
168.83990478515625,-0.4000000059604645,4.03000020980835,4.059000015258789,4.056000232696533,4.060999870300293,4.060999870300293,4.065000057220459,nan,nan,nan,nan,nan,nan,nan,nan,nan,nan,nan,nan
168.99945330619812,-0.4099999964237213,4.03000020980835,4.059000015258789,4.056000232696533,4.060999870300293,4.060999870300293,4.065000057220459,nan,nan,nan,nan,nan,nan,nan,nan,nan,nan,nan,nan
169.17949604988098,-0.4000000059604645,4.03000020980835,4.059000015258789,4.056000232696533,4.060999870300293,4.060999870300293,4.065000057220459,nan,nan,nan,nan,nan,nan,nan,nan,nan,nan,nan,nan
169.35983276367188,-0.4000000059604645,4.03000020980835,4.059000015258789,4.056000232696533,4.060999870300293,4.060999870300293,4.065000057220459,nan,nan,nan,nan,nan,nan,nan,nan,nan,nan,nan,nan
169.51948595046997,-0.41999998688697815,4.03000020980835,4.059000015258789,4.056000232696533,4.060999870300293,4.060999870300293,4.065000057220459,nan,nan,nan,nan,nan,nan,nan,nan,nan,nan,nan,nan
169.69980931282043,-0.4000000059604645,4.03000020980835,4.059000015258789,4.056000232696533,4.060999870300293,4.060999870300293,4.065000057220459,nan,nan,nan,nan,nan,nan,nan,nan,nan,nan,nan,nan
169.85949182510376,-0.4000000059604645,4.03000020980835,4.059000015258789,4.056000232696533,4.060999870300293,4.060999870300293,4.065000057220459,nan,nan,nan,nan,nan,nan,nan,nan,nan,nan,nan,nan
170.03977417945862,-0.4099999964237213,4.03000020980835,4.059000015258789,4.056000232696533,4.060999870300293,4.060999870300293,4.065000057220459,nan,nan,nan,nan,nan,nan,nan,nan,nan,nan,nan,nan
170.21987414360046,-0.4000000059604645,4.03000020980835,4.059000015258789,4.056000232696533,4.060999870300293,4.060999870300293,4.065000057220459,nan,nan,nan,nan,nan,nan,nan,nan,nan,nan,nan,nan
170.3793385028839,-0.4000000059604645,4.03000020980835,4.059000015258789,4.056000232696533,4.060999870300293,4.060999870300293,4.065000057220459,nan,nan,nan,nan,nan,nan,nan,nan,nan,nan,nan,nan
170.56031823158264,-0.41999998688697815,4.03000020980835,4.059000015258789,4.056000232696533,4.060999870300293,4.060999870300293,4.065000057220459,nan,nan,nan,nan,nan,nan,nan,nan,nan,nan,nan,nan
170.74019122123718,-0.4000000059604645,4.03000020980835,4.059000015258789,4.056000232696533,4.059999942779541,4.060999870300293,4.065000057220459,nan,nan,nan,nan,nan,nan,nan,nan,nan,nan,nan,nan
170.89999866485596,-0.4000000059604645,4.03000020980835,4.059000015258789,4.056000232696533,4.059999942779541,4.060999870300293,4.065000057220459,nan,nan,nan,nan,nan,nan,nan,nan,nan,nan,nan,nan
171.08055138587952,-0.4000000059604645,4.03000020980835,4.059000015258789,4.056000232696533,4.060999870300293,4.060999870300293,4.065000057220459,nan,nan,nan,nan,nan,nan,nan,nan,nan,nan,nan,nan
171.23952341079712,-0.4000000059604645,4.03000020980835,4.059000015258789,4.056000232696533,4.060999870300293,4.060999870300293,4.065000057220459,nan,nan,nan,nan,nan,nan,nan,nan,nan,nan,nan,nan
171.4198760986328,-0.4099999964237213,4.03000020980835,4.059000015258789,4.056000232696533,4.060999870300293,4.060999870300293,4.065000057220459,nan,nan,nan,nan,nan,nan,nan,nan,nan,nan,nan,nan
171.59886240959167,-0.4000000059604645,4.03000020980835,4.059000015258789,4.056000232696533,4.059999942779541,4.060999870300293,4.065000057220459,nan,nan,nan,nan,nan,nan,nan,nan,nan,nan,nan,nan
171.7599868774414,-0.4000000059604645,4.03000020980835,4.059000015258789,4.056000232696533,4.060999870300293,4.060999870300293,4.065000057220459,nan,nan,nan,nan,nan,nan,nan,nan,nan,nan,nan,nan
171.93908786773682,-0.4000000059604645,4.03000020980835,4.059000015258789,4.056000232696533,4.059999942779541,4.060999870300293,4.065000057220459,nan,nan,nan,nan,nan,nan,nan,nan,nan,nan,nan,nan
172.12073683738708,-0.4000000059604645,4.03000020980835,4.059000015258789,4.056000232696533,4.060999870300293,4.060999870300293,4.065000057220459,nan,nan,nan,nan,nan,nan,nan,nan,nan,nan,nan,nan
172.2799665927887,-0.4000000059604645,4.03000020980835,4.059000015258789,4.056000232696533,4.059999942779541,4.060999870300293,4.065000057220459,nan,nan,nan,nan,nan,nan,nan,nan,nan,nan,nan,nan
172.4587366580963,-0.4000000059604645,4.03000020980835,4.059000015258789,4.056000232696533,4.060999870300293,4.060999870300293,4.065000057220459,nan,nan,nan,nan,nan,nan,nan,nan,nan,nan,nan,nan
172.62001061439514,-0.4099999964237213,4.03000020980835,4.059000015258789,4.056000232696533,4.060999870300293,4.060999870300293,4.065000057220459,nan,nan,nan,nan,nan,nan,nan,nan,nan,nan,nan,nan
172.79869079589844,-0.4000000059604645,4.03000020980835,4.059000015258789,4.056000232696533,4.060999870300293,4.060999870300293,4.065000057220459,nan,nan,nan,nan,nan,nan,nan,nan,nan,nan,nan,nan
172.97915267944336,-0.4000000059604645,4.03000020980835,4.059000015258789,4.056000232696533,4.060999870300293,4.060999870300293,4.065000057220459,nan,nan,nan,nan,nan,nan,nan,nan,nan,nan,nan,nan
173.13859248161316,-0.4000000059604645,4.03000020980835,4.059000015258789,4.056000232696533,4.059999942779541,4.060999870300293,4.065000057220459,nan,nan,nan,nan,nan,nan,nan,nan,nan,nan,nan,nan
173.31939482688904,-0.4000000059604645,4.03000020980835,4.059000015258789,4.056000232696533,4.060999870300293,4.060999870300293,4.065000057220459,nan,nan,nan,nan,nan,nan,nan,nan,nan,nan,nan,nan
173.4788839817047,-0.4000000059604645,4.03000020980835,4.059000015258789,4.056000232696533,4.060999870300293,4.060999870300293,4.065000057220459,nan,nan,nan,nan,nan,nan,nan,nan,nan,nan,nan,nan
173.65886211395264,-0.4000000059604645,4.03000020980835,4.059000015258789,4.056000232696533,4.059999942779541,4.060999870300293,4.065000057220459,nan,nan,nan,nan,nan,nan,nan,nan,nan,nan,nan,nan
173.83945202827454,-0.4000000059604645,4.03000020980835,4.059000015258789,4.056000232696533,4.060999870300293,4.060999870300293,4.065000057220459,nan,nan,nan,nan,nan,nan,nan,nan,nan,nan,nan,nan
173.9991660118103,-0.4000000059604645,4.03000020980835,4.059000015258789,4.056000232696533,4.060999870300293,4.060999870300293,4.065000057220459,nan,nan,nan,nan,nan,nan,nan,nan,nan,nan,nan,nan
174.17922186851501,-0.4000000059604645,4.03000020980835,4.059000015258789,4.056000232696533,4.059999942779541,4.060999870300293,4.065000057220459,nan,nan,nan,nan,nan,nan,nan,nan,nan,nan,nan,nan
174.35956382751465,-0.4000000059604645,4.03000020980835,4.059000015258789,4.056000232696533,4.060999870300293,4.060999870300293,4.065000057220459,nan,nan,nan,nan,nan,nan,nan,nan,nan,nan,nan,nan
174.51903176307678,-0.4000000059604645,4.03000020980835,4.059000015258789,4.056000232696533,4.059999942779541,4.060999870300293,4.065000057220459,nan,nan,nan,nan,nan,nan,nan,nan,nan,nan,nan,nan
174.69950604438782,-0.4000000059604645,4.03000020980835,4.059000015258789,4.056000232696533,4.060999870300293,4.060999870300293,4.065000057220459,nan,nan,nan,nan,nan,nan,nan,nan,nan,nan,nan,nan
174.85891819000244,-0.4000000059604645,4.03000020980835,4.059000015258789,4.056000232696533,4.060999870300293,4.060999870300293,4.065000057220459,nan,nan,nan,nan,nan,nan,nan,nan,nan,nan,nan,nan
175.03924131393433,-0.4099999964237213,4.03000020980835,4.059000015258789,4.056000232696533,4.060999870300293,4.060999870300293,4.065000057220459,nan,nan,nan,nan,nan,nan,nan,nan,nan,nan,nan,nan
175.21969532966614,-0.38999998569488525,4.03000020980835,4.059000015258789,4.056000232696533,4.060999870300293,4.060999870300293,4.065000057220459,nan,nan,nan,nan,nan,nan,nan,nan,nan,nan,nan,nan
175.37930464744568,-0.4000000059604645,4.03000020980835,4.059000015258789,4.056000232696533,4.060999870300293,4.060999870300293,4.065000057220459,nan,nan,nan,nan,nan,nan,nan,nan,nan,nan,nan,nan
175.56114959716797,-0.38999998569488525,4.03000020980835,4.059000015258789,4.056000232696533,4.059999942779541,4.060999870300293,4.065000057220459,nan,nan,nan,nan,nan,nan,nan,nan,nan,nan,nan,nan
175.71912741661072,-0.4000000059604645,4.03000020980835,4.059000015258789,4.056000232696533,4.059999942779541,4.060999870300293,4.065000057220459,nan,nan,nan,nan,nan,nan,nan,nan,nan,nan,nan,nan
175.89945650100708,-0.3799999952316284,4.03000020980835,4.059000015258789,4.056000232696533,4.059999942779541,4.060999870300293,4.065000057220459,nan,nan,nan,nan,nan,nan,nan,nan,nan,nan,nan,nan
176.07959008216858,-0.4000000059604645,4.03000020980835,4.059000015258789,4.056000232696533,4.059999942779541,4.060999870300293,4.065000057220459,nan,nan,nan,nan,nan,nan,nan,nan,nan,nan,nan,nan
176.2389497756958,-0.4099999964237213,4.03000020980835,4.059000015258789,4.056000232696533,4.059999942779541,4.060999870300293,4.065000057220459,nan,nan,nan,nan,nan,nan,nan,nan,nan,nan,nan,nan
176.41960501670837,-0.4000000059604645,4.03000020980835,4.059000015258789,4.056000232696533,4.059999942779541,4.060999870300293,4.065000057220459,nan,nan,nan,nan,nan,nan,nan,nan,nan,nan,nan,nan
176.59989213943481,-0.4099999964237213,4.03000020980835,4.059000015258789,4.056000232696533,4.059999942779541,4.060999870300293,4.065000057220459,nan,nan,nan,nan,nan,nan,nan,nan,nan,nan,nan,nan
176.75985503196716,-0.4000000059604645,4.03000020980835,4.059000015258789,4.056000232696533,4.059999942779541,4.060999870300293,4.065000057220459,nan,nan,nan,nan,nan,nan,nan,nan,nan,nan,nan,nan
176.94024181365967,-0.4000000059604645,4.03000020980835,4.059000015258789,4.056000232696533,4.059999942779541,4.060999870300293,4.065000057220459,nan,nan,nan,nan,nan,nan,nan,nan,nan,nan,nan,nan
177.09919381141663,-0.4000000059604645,4.03000020980835,4.059000015258789,4.056000232696533,4.059999942779541,4.060999870300293,4.065000057220459,nan,nan,nan,nan,nan,nan,nan,nan,nan,nan,nan,nan
177.2809600830078,-0.4000000059604645,4.0289998054504395,4.059000015258789,4.056000232696533,4.060999870300293,4.060999870300293,4.065000057220459,nan,nan,nan,nan,nan,nan,nan,nan,nan,nan,nan,nan
177.46002626419067,-0.38999998569488525,4.03000020980835,4.059000015258789,4.056000232696533,4.059999942779541,4.060999870300293,4.065000057220459,nan,nan,nan,nan,nan,nan,nan,nan,nan,nan,nan,nan
177.61939144134521,-0.4000000059604645,4.03000020980835,4.059000015258789,4.056000232696533,4.060999870300293,4.060999870300293,4.065000057220459,nan,nan,nan,nan,nan,nan,nan,nan,nan,nan,nan,nan
177.79980158805847,-0.38999998569488525,4.03000020980835,4.059000015258789,4.056000232696533,4.060999870300293,4.060999870300293,4.065000057220459,nan,nan,nan,nan,nan,nan,nan,nan,nan,nan,nan,nan
177.95947933197021,-0.4099999964237213,4.03000020980835,4.059000015258789,4.056000232696533,4.059999942779541,4.060999870300293,4.065000057220459,nan,nan,nan,nan,nan,nan,nan,nan,nan,nan,nan,nan
178.13931679725647,-0.4000000059604645,4.03000020980835,4.059000015258789,4.056000232696533,4.059999942779541,4.060999870300293,4.065000057220459,nan,nan,nan,nan,nan,nan,nan,nan,nan,nan,nan,nan
178.32119393348694,-0.4000000059604645,4.03000020980835,4.059000015258789,4.056000232696533,4.060999870300293,4.060999870300293,4.065000057220459,nan,nan,nan,nan,nan,nan,nan,nan,nan,nan,nan,nan
178.479389667511,-0.4000000059604645,4.03000020980835,4.059000015258789,4.056000232696533,4.060999870300293,4.060999870300293,4.065000057220459,nan,nan,nan,nan,nan,nan,nan,nan,nan,nan,nan,nan
178.66076040267944,-0.4000000059604645,4.03000020980835,4.059000015258789,4.056000232696533,4.059999942779541,4.060999870300293,4.065000057220459,nan,nan,nan,nan,nan,nan,nan,nan,nan,nan,nan,nan
178.8394021987915,-0.4000000059604645,4.03000020980835,4.059000015258789,4.056000232696533,4.059999942779541,4.060999870300293,4.065000057220459,nan,nan,nan,nan,nan,nan,nan,nan,nan,nan,nan,nan
179.0005340576172,-0.41999998688697815,4.03000020980835,4.059000015258789,4.056000232696533,4.059999942779541,4.060999870300293,4.065000057220459,nan,nan,nan,nan,nan,nan,nan,nan,nan,nan,nan,nan
179.17901635169983,-0.4099999964237213,4.03000020980835,4.059000015258789,4.056000232696533,4.059999942779541,4.060999870300293,4.065000057220459,nan,nan,nan,nan,nan,nan,nan,nan,nan,nan,nan,nan
179.33864831924438,-0.4099999964237213,4.03000020980835,4.059000015258789,4.056000232696533,4.059999942779541,4.060999870300293,4.065000057220459,nan,nan,nan,nan,nan,nan,nan,nan,nan,nan,nan,nan
179.5190691947937,-0.4000000059604645,4.03000020980835,4.059000015258789,4.056000232696533,4.059999942779541,4.060999870300293,4.065000057220459,nan,nan,nan,nan,nan,nan,nan,nan,nan,nan,nan,nan
179.69939661026,-0.38999998569488525,4.03000020980835,4.059000015258789,4.056000232696533,4.060999870300293,4.060999870300293,4.065000057220459,nan,nan,nan,nan,nan,nan,nan,nan,nan,nan,nan,nan
179.85904383659363,-0.4099999964237213,4.0289998054504395,4.059000015258789,4.056000232696533,4.059999942779541,4.060999870300293,4.065000057220459,nan,nan,nan,nan,nan,nan,nan,nan,nan,nan,nan,nan
180.0395200252533,-0.4000000059604645,4.0289998054504395,4.059000015258789,4.056000232696533,4.059999942779541,4.060999870300293,4.065000057220459,nan,nan,nan,nan,nan,nan,nan,nan,nan,nan,nan,nan
180.19899320602417,-0.4000000059604645,4.0289998054504395,4.059000015258789,4.056000232696533,4.060999870300293,4.060999870300293,4.065000057220459,nan,nan,nan,nan,nan,nan,nan,nan,nan,nan,nan,nan
180.3789300918579,-0.4000000059604645,4.0289998054504395,4.059000015258789,4.056000232696533,4.059999942779541,4.060999870300293,4.065000057220459,nan,nan,nan,nan,nan,nan,nan,nan,nan,nan,nan,nan
180.55966424942017,-0.4000000059604645,4.03000020980835,4.059000015258789,4.056000232696533,4.059999942779541,4.060999870300293,4.065000057220459,nan,nan,nan,nan,nan,nan,nan,nan,nan,nan,nan,nan
180.72043871879578,-0.3700000047683716,4.03000020980835,4.059000015258789,4.056000232696533,4.059999942779541,4.060999870300293,4.065000057220459,nan,nan,nan,nan,nan,nan,nan,nan,nan,nan,nan,nan
180.89943885803223,-0.4000000059604645,4.0289998054504395,4.059000015258789,4.056000232696533,4.059999942779541,4.060999870300293,4.065000057220459,nan,nan,nan,nan,nan,nan,nan,nan,nan,nan,nan,nan
181.0790615081787,-0.4000000059604645,4.03000020980835,4.059000015258789,4.056000232696533,4.059999942779541,4.060999870300293,4.065000057220459,nan,nan,nan,nan,nan,nan,nan,nan,nan,nan,nan,nan
181.24013829231262,-0.4000000059604645,4.03000020980835,4.059000015258789,4.056000232696533,4.059999942779541,4.060999870300293,4.065000057220459,nan,nan,nan,nan,nan,nan,nan,nan,nan,nan,nan,nan
181.42027759552002,-0.4000000059604645,4.03000020980835,4.059000015258789,4.056000232696533,4.059999942779541,4.060999870300293,4.065000057220459,nan,nan,nan,nan,nan,nan,nan,nan,nan,nan,nan,nan
181.58010339736938,-0.4000000059604645,4.0289998054504395,4.059000015258789,4.056000232696533,4.059999942779541,4.060999870300293,4.065000057220459,nan,nan,nan,nan,nan,nan,nan,nan,nan,nan,nan,nan
181.76010465621948,-0.4000000059604645,4.03000020980835,4.059000015258789,4.056000232696533,4.059999942779541,4.060999870300293,4.065000057220459,nan,nan,nan,nan,nan,nan,nan,nan,nan,nan,nan,nan
181.9387502670288,-0.4000000059604645,4.0289998054504395,4.059000015258789,4.056000232696533,4.059999942779541,4.060999870300293,4.065000057220459,nan,nan,nan,nan,nan,nan,nan,nan,nan,nan,nan,nan
182.0998613834381,-0.4000000059604645,4.0289998054504395,4.059000015258789,4.056000232696533,4.059999942779541,4.060999870300293,4.065000057220459,nan,nan,nan,nan,nan,nan,nan,nan,nan,nan,nan,nan
182.28014588356018,-0.4000000059604645,4.03000020980835,4.059000015258789,4.056000232696533,4.059999942779541,4.060999870300293,4.065000057220459,nan,nan,nan,nan,nan,nan,nan,nan,nan,nan,nan,nan
182.43978095054626,-0.4000000059604645,4.03000020980835,4.059000015258789,4.056000232696533,4.059999942779541,4.060999870300293,4.065000057220459,nan,nan,nan,nan,nan,nan,nan,nan,nan,nan,nan,nan
182.620210647583,-0.4000000059604645,4.03000020980835,4.059000015258789,4.056000232696533,4.059999942779541,4.060999870300293,4.065000057220459,nan,nan,nan,nan,nan,nan,nan,nan,nan,nan,nan,nan
182.8002860546112,-0.4300000071525574,4.0289998054504395,4.059000015258789,4.056000232696533,4.059999942779541,4.060999870300293,4.065000057220459,nan,nan,nan,nan,nan,nan,nan,nan,nan,nan,nan,nan
182.96145963668823,-0.4000000059604645,4.03000020980835,4.059000015258789,4.056000232696533,4.059999942779541,4.060999870300293,4.065000057220459,nan,nan,nan,nan,nan,nan,nan,nan,nan,nan,nan,nan
183.14161014556885,-0.4099999964237213,4.0289998054504395,4.059000015258789,4.056000232696533,4.059999942779541,4.060999870300293,4.065000057220459,nan,nan,nan,nan,nan,nan,nan,nan,nan,nan,nan,nan
183.30192518234253,-0.4000000059604645,4.0289998054504395,4.059000015258789,4.056000232696533,4.059999942779541,4.060999870300293,4.065000057220459,nan,nan,nan,nan,nan,nan,nan,nan,nan,nan,nan,nan
183.4821014404297,-0.4000000059604645,4.03000020980835,4.059000015258789,4.056000232696533,4.060999870300293,4.060999870300293,4.065000057220459,nan,nan,nan,nan,nan,nan,nan,nan,nan,nan,nan,nan
183.65979480743408,-0.4099999964237213,4.0289998054504395,4.059000015258789,4.056000232696533,4.059999942779541,4.060999870300293,4.065000057220459,nan,nan,nan,nan,nan,nan,nan,nan,nan,nan,nan,nan
183.82048535346985,-2.0899999141693115,4.0269999504089355,4.056000232696533,4.052999973297119,4.059999942779541,4.060999870300293,4.065000057220459,nan,nan,nan,nan,nan,nan,nan,nan,nan,nan,nan,nan
183.999746799469,-0.7900000214576721,4.0289998054504395,4.058000087738037,4.054999828338623,4.059999942779541,4.059999942779541,4.064000129699707,nan,nan,nan,nan,nan,nan,nan,nan,nan,nan,nan,nan
184.17982387542725,-0.5899999737739563,4.0289998054504395,4.058000087738037,4.054999828338623,4.059000015258789,4.059999942779541,4.064000129699707,nan,nan,nan,nan,nan,nan,nan,nan,nan,nan,nan,nan
184.3405783176422,-0.6000000238418579,4.0279998779296875,4.058000087738037,4.054999828338623,4.059000015258789,4.059999942779541,4.064000129699707,nan,nan,nan,nan,nan,nan,nan,nan,nan,nan,nan,nan
184.52089667320251,-0.6399999856948853,4.0289998054504395,4.058000087738037,4.054999828338623,4.059000015258789,4.059999942779541,4.064000129699707,nan,nan,nan,nan,nan,nan,nan,nan,nan,nan,nan,nan
184.6802670955658,-0.6000000238418579,4.0289998054504395,4.058000087738037,4.054999828338623,4.059000015258789,4.059999942779541,4.064000129699707,nan,nan,nan,nan,nan,nan,nan,nan,nan,nan,nan,nan
184.86101531982422,-0.550000011920929,4.0289998054504395,4.058000087738037,4.054999828338623,4.059000015258789,4.059999942779541,4.064000129699707,nan,nan,nan,nan,nan,nan,nan,nan,nan,nan,nan,nan
185.03940081596375,-0.6299999952316284,4.0279998779296875,4.058000087738037,4.054999828338623,4.059000015258789,4.059999942779541,4.064000129699707,nan,nan,nan,nan,nan,nan,nan,nan,nan,nan,nan,nan
185.1987326145172,-0.6899999976158142,4.0279998779296875,4.058000087738037,4.054999828338623,4.059000015258789,4.059999942779541,4.064000129699707,nan,nan,nan,nan,nan,nan,nan,nan,nan,nan,nan,nan
185.37925052642822,-0.6700000166893005,4.0279998779296875,4.058000087738037,4.054999828338623,4.059000015258789,4.059999942779541,4.064000129699707,nan,nan,nan,nan,nan,nan,nan,nan,nan,nan,nan,nan
185.53866171836853,-0.6100000143051147,4.0289998054504395,4.058000087738037,4.054999828338623,4.059000015258789,4.059999942779541,4.064000129699707,nan,nan,nan,nan,nan,nan,nan,nan,nan,nan,nan,nan
185.7192873954773,-0.7599999904632568,4.0289998054504395,4.058000087738037,4.054999828338623,4.059000015258789,4.059999942779541,4.064000129699707,nan,nan,nan,nan,nan,nan,nan,nan,nan,nan,nan,nan
185.89975786209106,-0.6700000166893005,4.0289998054504395,4.058000087738037,4.053999900817871,4.059000015258789,4.059999942779541,4.064000129699707,nan,nan,nan,nan,nan,nan,nan,nan,nan,nan,nan,nan
186.05880308151245,-0.5799999833106995,4.0289998054504395,4.058000087738037,4.054999828338623,4.059000015258789,4.059999942779541,4.064000129699707,nan,nan,nan,nan,nan,nan,nan,nan,nan,nan,nan,nan
186.23912858963013,-0.699999988079071,4.0289998054504395,4.058000087738037,4.054999828338623,4.059000015258789,4.059999942779541,4.064000129699707,nan,nan,nan,nan,nan,nan,nan,nan,nan,nan,nan,nan
186.42104387283325,-0.699999988079071,4.0289998054504395,4.058000087738037,4.054999828338623,4.059000015258789,4.059999942779541,4.064000129699707,nan,nan,nan,nan,nan,nan,nan,nan,nan,nan,nan,nan
186.57912611961365,-0.6499999761581421,4.0279998779296875,4.058000087738037,4.054999828338623,4.059000015258789,4.059999942779541,4.064000129699707,nan,nan,nan,nan,nan,nan,nan,nan,nan,nan,nan,nan
186.7593514919281,-0.4099999964237213,4.0279998779296875,4.058000087738037,4.054999828338623,4.059000015258789,4.059999942779541,4.064000129699707,nan,nan,nan,nan,nan,nan,nan,nan,nan,nan,nan,nan
186.91890907287598,-0.4000000059604645,4.0289998054504395,4.058000087738037,4.056000232696533,4.059999942779541,4.060999870300293,4.064000129699707,nan,nan,nan,nan,nan,nan,nan,nan,nan,nan,nan,nan
187.10015749931335,-0.4000000059604645,4.0289998054504395,4.059000015258789,4.054999828338623,4.059999942779541,4.060999870300293,4.065000057220459,nan,nan,nan,nan,nan,nan,nan,nan,nan,nan,nan,nan
187.28017020225525,-0.4399999976158142,4.0289998054504395,4.058000087738037,4.054999828338623,4.059999942779541,4.059999942779541,4.064000129699707,nan,nan,nan,nan,nan,nan,nan,nan,nan,nan,nan,nan
187.43961000442505,-0.38999998569488525,4.0289998054504395,4.059000015258789,4.056000232696533,4.059999942779541,4.059999942779541,4.064000129699707,nan,nan,nan,nan,nan,nan,nan,nan,nan,nan,nan,nan
187.6198194026947,-0.4099999964237213,4.0289998054504395,4.059000015258789,4.054999828338623,4.059999942779541,4.059999942779541,4.064000129699707,nan,nan,nan,nan,nan,nan,nan,nan,nan,nan,nan,nan
187.77930426597595,-0.4000000059604645,4.0289998054504395,4.059000015258789,4.056000232696533,4.059999942779541,4.059999942779541,4.064000129699707,nan,nan,nan,nan,nan,nan,nan,nan,nan,nan,nan,nan
187.95984864234924,-0.4000000059604645,4.0289998054504395,4.058000087738037,4.056000232696533,4.059999942779541,4.060999870300293,4.065000057220459,nan,nan,nan,nan,nan,nan,nan,nan,nan,nan,nan,nan
188.1394603252411,-0.4000000059604645,4.0289998054504395,4.058000087738037,4.056000232696533,4.059999942779541,4.060999870300293,4.065000057220459,nan,nan,nan,nan,nan,nan,nan,nan,nan,nan,nan,nan
188.2991282939911,-0.4000000059604645,4.0289998054504395,4.058000087738037,4.056000232696533,4.059999942779541,4.059999942779541,4.065000057220459,nan,nan,nan,nan,nan,nan,nan,nan,nan,nan,nan,nan
188.48088121414185,-0.4000000059604645,4.0289998054504395,4.058000087738037,4.056000232696533,4.059999942779541,4.059999942779541,4.065000057220459,nan,nan,nan,nan,nan,nan,nan,nan,nan,nan,nan,nan
188.63887238502502,-0.4000000059604645,4.0289998054504395,4.058000087738037,4.056000232696533,4.059999942779541,4.059999942779541,4.064000129699707,nan,nan,nan,nan,nan,nan,nan,nan,nan,nan,nan,nan
188.8194591999054,-0.4000000059604645,4.0289998054504395,4.058000087738037,4.054999828338623,4.059999942779541,4.060999870300293,4.065000057220459,nan,nan,nan,nan,nan,nan,nan,nan,nan,nan,nan,nan
188.99942588806152,-0.38999998569488525,4.0289998054504395,4.059000015258789,4.054999828338623,4.059999942779541,4.059999942779541,4.065000057220459,nan,nan,nan,nan,nan,nan,nan,nan,nan,nan,nan,nan
189.15907788276672,-0.4000000059604645,4.0289998054504395,4.058000087738037,4.054999828338623,4.059999942779541,4.059999942779541,4.065000057220459,nan,nan,nan,nan,nan,nan,nan,nan,nan,nan,nan,nan
189.3395540714264,-0.4000000059604645,4.0289998054504395,4.058000087738037,4.056000232696533,4.059999942779541,4.060999870300293,4.064000129699707,nan,nan,nan,nan,nan,nan,nan,nan,nan,nan,nan,nan
189.51970648765564,-0.4000000059604645,4.0289998054504395,4.059000015258789,4.056000232696533,4.059999942779541,4.059999942779541,4.064000129699707,nan,nan,nan,nan,nan,nan,nan,nan,nan,nan,nan,nan
189.67911529541016,-0.4000000059604645,4.0289998054504395,4.059000015258789,4.056000232696533,4.059999942779541,4.060999870300293,4.065000057220459,nan,nan,nan,nan,nan,nan,nan,nan,nan,nan,nan,nan
189.85974168777466,-0.41999998688697815,4.0289998054504395,4.058000087738037,4.056000232696533,4.059999942779541,4.059999942779541,4.064000129699707,nan,nan,nan,nan,nan,nan,nan,nan,nan,nan,nan,nan
190.01955914497375,-0.41999998688697815,4.0289998054504395,4.059000015258789,4.054999828338623,4.059999942779541,4.059999942779541,4.064000129699707,nan,nan,nan,nan,nan,nan,nan,nan,nan,nan,nan,nan
190.2000913619995,-0.4000000059604645,4.0289998054504395,4.058000087738037,4.056000232696533,4.059999942779541,4.059999942779541,4.065000057220459,nan,nan,nan,nan,nan,nan,nan,nan,nan,nan,nan,nan
190.3799545764923,-0.4000000059604645,4.0289998054504395,4.059000015258789,4.056000232696533,4.059999942779541,4.059999942779541,4.065000057220459,nan,nan,nan,nan,nan,nan,nan,nan,nan,nan,nan,nan
190.53940320014954,-0.4099999964237213,4.0289998054504395,4.058000087738037,4.056000232696533,4.059999942779541,4.059999942779541,4.064000129699707,nan,nan,nan,nan,nan,nan,nan,nan,nan,nan,nan,nan
190.71986150741577,-0.4000000059604645,4.0289998054504395,4.058000087738037,4.056000232696533,4.059999942779541,4.059999942779541,4.065000057220459,nan,nan,nan,nan,nan,nan,nan,nan,nan,nan,nan,nan
190.8791961669922,-0.4000000059604645,4.0289998054504395,4.059000015258789,4.054999828338623,4.059999942779541,4.060999870300293,4.064000129699707,nan,nan,nan,nan,nan,nan,nan,nan,nan,nan,nan,nan
191.0591540336609,-0.4099999964237213,4.0289998054504395,4.059000015258789,4.056000232696533,4.059999942779541,4.060999870300293,4.064000129699707,nan,nan,nan,nan,nan,nan,nan,nan,nan,nan,nan,nan
191.23964166641235,-0.4099999964237213,4.0289998054504395,4.059000015258789,4.056000232696533,4.059999942779541,4.059999942779541,4.064000129699707,nan,nan,nan,nan,nan,nan,nan,nan,nan,nan,nan,nan
191.3990445137024,-0.4000000059604645,4.0289998054504395,4.058000087738037,4.056000232696533,4.059999942779541,4.059999942779541,4.065000057220459,nan,nan,nan,nan,nan,nan,nan,nan,nan,nan,nan,nan
191.57955932617188,-0.4000000059604645,4.0289998054504395,4.058000087738037,4.056000232696533,4.059999942779541,4.060999870300293,4.064000129699707,nan,nan,nan,nan,nan,nan,nan,nan,nan,nan,nan,nan
191.76037859916687,-0.4000000059604645,4.0289998054504395,4.059000015258789,4.054999828338623,4.059999942779541,4.059999942779541,4.065000057220459,nan,nan,nan,nan,nan,nan,nan,nan,nan,nan,nan,nan
191.91937851905823,-0.4000000059604645,4.0289998054504395,4.058000087738037,4.056000232696533,4.059999942779541,4.059999942779541,4.064000129699707,nan,nan,nan,nan,nan,nan,nan,nan,nan,nan,nan,nan
192.0998215675354,-0.4000000059604645,4.0289998054504395,4.058000087738037,4.056000232696533,4.059999942779541,4.059999942779541,4.065000057220459,nan,nan,nan,nan,nan,nan,nan,nan,nan,nan,nan,nan
192.25971031188965,-0.4000000059604645,4.0289998054504395,4.059000015258789,4.056000232696533,4.059999942779541,4.059999942779541,4.065000057220459,nan,nan,nan,nan,nan,nan,nan,nan,nan,nan,nan,nan
192.4394850730896,-0.4000000059604645,4.0289998054504395,4.059000015258789,4.054999828338623,4.059999942779541,4.059999942779541,4.065000057220459,nan,nan,nan,nan,nan,nan,nan,nan,nan,nan,nan,nan
192.61990809440613,-0.41999998688697815,4.0289998054504395,4.059000015258789,4.056000232696533,4.059999942779541,4.059999942779541,4.065000057220459,nan,nan,nan,nan,nan,nan,nan,nan,nan,nan,nan,nan
192.779452085495,-0.4000000059604645,4.0289998054504395,4.058000087738037,4.054999828338623,4.059999942779541,4.060999870300293,4.065000057220459,nan,nan,nan,nan,nan,nan,nan,nan,nan,nan,nan,nan
192.95946407318115,-0.38999998569488525,4.0289998054504395,4.058000087738037,4.056000232696533,4.059999942779541,4.059999942779541,4.064000129699707,nan,nan,nan,nan,nan,nan,nan,nan,nan,nan,nan,nan
193.1388611793518,-0.41999998688697815,4.0289998054504395,4.059000015258789,4.056000232696533,4.059999942779541,4.059999942779541,4.064000129699707,nan,nan,nan,nan,nan,nan,nan,nan,nan,nan,nan,nan
193.30021119117737,-0.4000000059604645,4.0289998054504395,4.059000015258789,4.054999828338623,4.059999942779541,4.059999942779541,4.064000129699707,nan,nan,nan,nan,nan,nan,nan,nan,nan,nan,nan,nan
193.4786880016327,-0.41999998688697815,4.0289998054504395,4.058000087738037,4.054999828338623,4.059999942779541,4.059999942779541,4.064000129699707,nan,nan,nan,nan,nan,nan,nan,nan,nan,nan,nan,nan
193.63974928855896,-0.4300000071525574,4.0289998054504395,4.058000087738037,4.054999828338623,4.059999942779541,4.059999942779541,4.064000129699707,nan,nan,nan,nan,nan,nan,nan,nan,nan,nan,nan,nan
193.81989979743958,-0.4099999964237213,4.0289998054504395,4.058000087738037,4.054999828338623,4.059999942779541,4.059999942779541,4.065000057220459,nan,nan,nan,nan,nan,nan,nan,nan,nan,nan,nan,nan
193.9988420009613,-0.41999998688697815,4.0289998054504395,4.059000015258789,4.054999828338623,4.059999942779541,4.059999942779541,4.064000129699707,nan,nan,nan,nan,nan,nan,nan,nan,nan,nan,nan,nan
194.15996837615967,-0.4099999964237213,4.0289998054504395,4.059000015258789,4.054999828338623,4.059999942779541,4.059999942779541,4.064000129699707,nan,nan,nan,nan,nan,nan,nan,nan,nan,nan,nan,nan
194.33902740478516,-0.4300000071525574,4.0289998054504395,4.059000015258789,4.054999828338623,4.059999942779541,4.059999942779541,4.064000129699707,nan,nan,nan,nan,nan,nan,nan,nan,nan,nan,nan,nan
194.50007033348083,-0.4300000071525574,4.0289998054504395,4.058000087738037,4.054999828338623,4.059999942779541,4.059999942779541,4.064000129699707,nan,nan,nan,nan,nan,nan,nan,nan,nan,nan,nan,nan
194.68040347099304,-0.41999998688697815,4.0289998054504395,4.058000087738037,4.054999828338623,4.059999942779541,4.059999942779541,4.064000129699707,nan,nan,nan,nan,nan,nan,nan,nan,nan,nan,nan,nan
194.85921597480774,-0.41999998688697815,4.0289998054504395,4.058000087738037,4.054999828338623,4.059999942779541,4.059999942779541,4.065000057220459,nan,nan,nan,nan,nan,nan,nan,nan,nan,nan,nan,nan
195.01849794387817,-0.4300000071525574,4.0289998054504395,4.058000087738037,4.054999828338623,4.059999942779541,4.059999942779541,4.064000129699707,nan,nan,nan,nan,nan,nan,nan,nan,nan,nan,nan,nan
195.19884204864502,-0.4300000071525574,4.0289998054504395,4.058000087738037,4.054999828338623,4.059999942779541,4.059999942779541,4.064000129699707,nan,nan,nan,nan,nan,nan,nan,nan,nan,nan,nan,nan
195.3792061805725,-0.4000000059604645,4.0289998054504395,4.058000087738037,4.056000232696533,4.059999942779541,4.059999942779541,4.065000057220459,nan,nan,nan,nan,nan,nan,nan,nan,nan,nan,nan,nan
195.53895378112793,-0.4300000071525574,4.0289998054504395,4.058000087738037,4.054999828338623,4.059999942779541,4.059999942779541,4.064000129699707,nan,nan,nan,nan,nan,nan,nan,nan,nan,nan,nan,nan
195.7195258140564,-0.41999998688697815,4.0289998054504395,4.058000087738037,4.054999828338623,4.059999942779541,4.059999942779541,4.064000129699707,nan,nan,nan,nan,nan,nan,nan,nan,nan,nan,nan,nan
195.8800666332245,-0.41999998688697815,4.0289998054504395,4.058000087738037,4.056000232696533,4.059999942779541,4.059999942779541,4.065000057220459,nan,nan,nan,nan,nan,nan,nan,nan,nan,nan,nan,nan
196.0591847896576,-0.41999998688697815,4.0289998054504395,4.058000087738037,4.054999828338623,4.059999942779541,4.059999942779541,4.064000129699707,nan,nan,nan,nan,nan,nan,nan,nan,nan,nan,nan,nan
196.23943495750427,-0.41999998688697815,4.0289998054504395,4.058000087738037,4.054999828338623,4.059999942779541,4.059999942779541,4.065000057220459,nan,nan,nan,nan,nan,nan,nan,nan,nan,nan,nan,nan
196.39924955368042,-0.4300000071525574,4.0289998054504395,4.058000087738037,4.054999828338623,4.059999942779541,4.059999942779541,4.064000129699707,nan,nan,nan,nan,nan,nan,nan,nan,nan,nan,nan,nan
196.57973313331604,-0.4300000071525574,4.0279998779296875,4.058000087738037,4.054999828338623,4.059999942779541,4.059999942779541,4.064000129699707,nan,nan,nan,nan,nan,nan,nan,nan,nan,nan,nan,nan
196.73911786079407,-0.4300000071525574,4.0289998054504395,4.058000087738037,4.054999828338623,4.059999942779541,4.060999870300293,4.064000129699707,nan,nan,nan,nan,nan,nan,nan,nan,nan,nan,nan,nan
196.91939210891724,-0.41999998688697815,4.0289998054504395,4.058000087738037,4.054999828338623,4.059999942779541,4.059999942779541,4.064000129699707,nan,nan,nan,nan,nan,nan,nan,nan,nan,nan,nan,nan
197.09950041770935,-0.41999998688697815,4.0289998054504395,4.058000087738037,4.054999828338623,4.059999942779541,4.059999942779541,4.065000057220459,nan,nan,nan,nan,nan,nan,nan,nan,nan,nan,nan,nan
197.25892305374146,-0.4300000071525574,4.0289998054504395,4.058000087738037,4.054999828338623,4.059999942779541,4.059999942779541,4.065000057220459,nan,nan,nan,nan,nan,nan,nan,nan,nan,nan,nan,nan
197.43927335739136,-0.4000000059604645,4.0289998054504395,4.058000087738037,4.054999828338623,4.059999942779541,4.059999942779541,4.065000057220459,nan,nan,nan,nan,nan,nan,nan,nan,nan,nan,nan,nan
197.61969423294067,-0.4000000059604645,4.0289998054504395,4.059000015258789,4.054999828338623,4.059999942779541,4.059999942779541,4.065000057220459,nan,nan,nan,nan,nan,nan,nan,nan,nan,nan,nan,nan
197.77915596961975,-0.4000000059604645,4.0289998054504395,4.059000015258789,4.054999828338623,4.059999942779541,4.059999942779541,4.064000129699707,nan,nan,nan,nan,nan,nan,nan,nan,nan,nan,nan,nan
197.95932745933533,-0.4000000059604645,4.0289998054504395,4.058000087738037,4.054999828338623,4.059999942779541,4.059999942779541,4.064000129699707,nan,nan,nan,nan,nan,nan,nan,nan,nan,nan,nan,nan
198.1190848350525,-0.38999998569488525,4.0289998054504395,4.059000015258789,4.054999828338623,4.059999942779541,4.059999942779541,4.065000057220459,nan,nan,nan,nan,nan,nan,nan,nan,nan,nan,nan,nan
198.29948115348816,-0.4000000059604645,4.0289998054504395,4.059000015258789,4.054999828338623,4.059999942779541,4.059999942779541,4.064000129699707,nan,nan,nan,nan,nan,nan,nan,nan,nan,nan,nan,nan
198.48006176948547,-0.4099999964237213,4.0289998054504395,4.058000087738037,4.054999828338623,4.059999942779541,4.059999942779541,4.065000057220459,nan,nan,nan,nan,nan,nan,nan,nan,nan,nan,nan,nan
198.63994097709656,-0.41999998688697815,4.0289998054504395,4.058000087738037,4.054999828338623,4.059999942779541,4.059999942779541,4.064000129699707,nan,nan,nan,nan,nan,nan,nan,nan,nan,nan,nan,nan
198.82090592384338,-0.4000000059604645,4.0289998054504395,4.058000087738037,4.054999828338623,4.059999942779541,4.060999870300293,4.065000057220459,nan,nan,nan,nan,nan,nan,nan,nan,nan,nan,nan,nan
198.97923350334167,-0.4000000059604645,4.0289998054504395,4.059000015258789,4.054999828338623,4.059999942779541,4.059999942779541,4.064000129699707,nan,nan,nan,nan,nan,nan,nan,nan,nan,nan,nan,nan
199.15948295593262,-0.4099999964237213,4.0289998054504395,4.058000087738037,4.054999828338623,4.059999942779541,4.059999942779541,4.065000057220459,nan,nan,nan,nan,nan,nan,nan,nan,nan,nan,nan,nan
199.33967304229736,-0.4000000059604645,4.0289998054504395,4.059000015258789,4.054999828338623,4.059999942779541,4.059999942779541,4.064000129699707,nan,nan,nan,nan,nan,nan,nan,nan,nan,nan,nan,nan
199.49903774261475,-0.38999998569488525,4.0289998054504395,4.059000015258789,4.054999828338623,4.059999942779541,4.059999942779541,4.064000129699707,nan,nan,nan,nan,nan,nan,nan,nan,nan,nan,nan,nan
199.6796429157257,-0.4000000059604645,4.0289998054504395,4.058000087738037,4.054999828338623,4.059999942779541,4.059999942779541,4.065000057220459,nan,nan,nan,nan,nan,nan,nan,nan,nan,nan,nan,nan
199.85990953445435,-0.4300000071525574,4.0289998054504395,4.059000015258789,4.054999828338623,4.059999942779541,4.059999942779541,4.064000129699707,nan,nan,nan,nan,nan,nan,nan,nan,nan,nan,nan,nan
200.01919555664062,-0.4000000059604645,4.0289998054504395,4.059000015258789,4.054999828338623,4.059999942779541,4.059999942779541,4.064000129699707,nan,nan,nan,nan,nan,nan,nan,nan,nan,nan,nan,nan
200.1995849609375,-0.4000000059604645,4.0289998054504395,4.058000087738037,4.054999828338623,4.059000015258789,4.059999942779541,4.064000129699707,nan,nan,nan,nan,nan,nan,nan,nan,nan,nan,nan,nan
200.35926294326782,-0.4000000059604645,4.0289998054504395,4.058000087738037,4.054999828338623,4.059999942779541,4.059999942779541,4.065000057220459,nan,nan,nan,nan,nan,nan,nan,nan,nan,nan,nan,nan
200.5394492149353,-0.4000000059604645,4.0289998054504395,4.058000087738037,4.054999828338623,4.059999942779541,4.059999942779541,4.064000129699707,nan,nan,nan,nan,nan,nan,nan,nan,nan,nan,nan,nan
200.71958327293396,-0.4000000059604645,4.0289998054504395,4.058000087738037,4.054999828338623,4.059999942779541,4.059999942779541,4.064000129699707,nan,nan,nan,nan,nan,nan,nan,nan,nan,nan,nan,nan
200.87926292419434,-0.4000000059604645,4.0289998054504395,4.058000087738037,4.054999828338623,4.059999942779541,4.059999942779541,4.065000057220459,nan,nan,nan,nan,nan,nan,nan,nan,nan,nan,nan,nan
201.0591139793396,-0.4000000059604645,4.0289998054504395,4.058000087738037,4.054999828338623,4.059999942779541,4.059999942779541,4.064000129699707,nan,nan,nan,nan,nan,nan,nan,nan,nan,nan,nan,nan
201.2202651500702,-0.41999998688697815,4.0289998054504395,4.059000015258789,4.054999828338623,4.059999942779541,4.059999942779541,4.064000129699707,nan,nan,nan,nan,nan,nan,nan,nan,nan,nan,nan,nan
201.39918398857117,-0.4000000059604645,4.0289998054504395,4.058000087738037,4.056000232696533,4.059999942779541,4.059999942779541,4.065000057220459,nan,nan,nan,nan,nan,nan,nan,nan,nan,nan,nan,nan
201.5793743133545,-0.4000000059604645,4.0289998054504395,4.058000087738037,4.054999828338623,4.059999942779541,4.059999942779541,4.064000129699707,nan,nan,nan,nan,nan,nan,nan,nan,nan,nan,nan,nan
201.73903059959412,-0.38999998569488525,4.0289998054504395,4.058000087738037,4.056000232696533,4.059999942779541,4.059999942779541,4.065000057220459,nan,nan,nan,nan,nan,nan,nan,nan,nan,nan,nan,nan
201.91964435577393,-0.4000000059604645,4.0289998054504395,4.059000015258789,4.054999828338623,4.059999942779541,4.059999942779541,4.065000057220459,nan,nan,nan,nan,nan,nan,nan,nan,nan,nan,nan,nan
202.0997838973999,-0.4099999964237213,4.0289998054504395,4.058000087738037,4.054999828338623,4.059000015258789,4.059999942779541,4.064000129699707,nan,nan,nan,nan,nan,nan,nan,nan,nan,nan,nan,nan
202.2593674659729,-0.38999998569488525,4.0289998054504395,4.058000087738037,4.054999828338623,4.059000015258789,4.059999942779541,4.064000129699707,nan,nan,nan,nan,nan,nan,nan,nan,nan,nan,nan,nan
202.4398169517517,-0.38999998569488525,4.0289998054504395,4.058000087738037,4.054999828338623,4.059999942779541,4.059999942779541,4.065000057220459,nan,nan,nan,nan,nan,nan,nan,nan,nan,nan,nan,nan
202.59939694404602,-0.38999998569488525,4.0289998054504395,4.058000087738037,4.054999828338623,4.059000015258789,4.059999942779541,4.065000057220459,nan,nan,nan,nan,nan,nan,nan,nan,nan,nan,nan,nan
202.7796676158905,-0.4000000059604645,4.0289998054504395,4.058000087738037,4.054999828338623,4.059999942779541,4.059999942779541,4.064000129699707,nan,nan,nan,nan,nan,nan,nan,nan,nan,nan,nan,nan
202.95983028411865,-0.38999998569488525,4.0289998054504395,4.058000087738037,4.054999828338623,4.059999942779541,4.059999942779541,4.064000129699707,nan,nan,nan,nan,nan,nan,nan,nan,nan,nan,nan,nan
203.1195044517517,-0.38999998569488525,4.0289998054504395,4.058000087738037,4.054999828338623,4.059999942779541,4.059999942779541,4.065000057220459,nan,nan,nan,nan,nan,nan,nan,nan,nan,nan,nan,nan
203.30002522468567,-0.38999998569488525,4.0289998054504395,4.058000087738037,4.054999828338623,4.059999942779541,4.059999942779541,4.065000057220459,nan,nan,nan,nan,nan,nan,nan,nan,nan,nan,nan,nan
203.47864961624146,-0.4000000059604645,4.0289998054504395,4.058000087738037,4.054999828338623,4.059999942779541,4.059999942779541,4.064000129699707,nan,nan,nan,nan,nan,nan,nan,nan,nan,nan,nan,nan
203.63998222351074,-0.4000000059604645,4.0289998054504395,4.058000087738037,4.054999828338623,4.059999942779541,4.059999942779541,4.065000057220459,nan,nan,nan,nan,nan,nan,nan,nan,nan,nan,nan,nan
203.81882739067078,-0.4099999964237213,4.0289998054504395,4.058000087738037,4.054999828338623,4.059999942779541,4.059999942779541,4.064000129699707,nan,nan,nan,nan,nan,nan,nan,nan,nan,nan,nan,nan
203.97992253303528,-0.38999998569488525,4.0289998054504395,4.058000087738037,4.054999828338623,4.059999942779541,4.059999942779541,4.065000057220459,nan,nan,nan,nan,nan,nan,nan,nan,nan,nan,nan,nan
204.16001081466675,-0.4000000059604645,4.0289998054504395,4.058000087738037,4.054999828338623,4.059999942779541,4.059999942779541,4.064000129699707,nan,nan,nan,nan,nan,nan,nan,nan,nan,nan,nan,nan
204.3401277065277,-0.4300000071525574,4.0289998054504395,4.058000087738037,4.054999828338623,4.059999942779541,4.059999942779541,4.064000129699707,nan,nan,nan,nan,nan,nan,nan,nan,nan,nan,nan,nan
204.49965858459473,-0.4000000059604645,4.0289998054504395,4.058000087738037,4.054999828338623,4.059999942779541,4.059999942779541,4.064000129699707,nan,nan,nan,nan,nan,nan,nan,nan,nan,nan,nan,nan
204.68014287948608,-0.41999998688697815,4.0289998054504395,4.058000087738037,4.054999828338623,4.059999942779541,4.059999942779541,4.064000129699707,nan,nan,nan,nan,nan,nan,nan,nan,nan,nan,nan,nan
204.8395960330963,-0.4000000059604645,4.0289998054504395,4.058000087738037,4.054999828338623,4.059999942779541,4.059999942779541,4.064000129699707,nan,nan,nan,nan,nan,nan,nan,nan,nan,nan,nan,nan
205.02032470703125,-0.4000000059604645,4.0279998779296875,4.058000087738037,4.054999828338623,4.059999942779541,4.059999942779541,4.064000129699707,nan,nan,nan,nan,nan,nan,nan,nan,nan,nan,nan,nan
205.20022320747375,-0.4099999964237213,4.0289998054504395,4.058000087738037,4.054999828338623,4.059999942779541,4.059999942779541,4.064000129699707,nan,nan,nan,nan,nan,nan,nan,nan,nan,nan,nan,nan
205.35976433753967,-0.4099999964237213,4.0289998054504395,4.058000087738037,4.054999828338623,4.059999942779541,4.059999942779541,4.065000057220459,nan,nan,nan,nan,nan,nan,nan,nan,nan,nan,nan,nan
205.54020357131958,-0.4099999964237213,4.0289998054504395,4.058000087738037,4.054999828338623,4.059999942779541,4.059999942779541,4.064000129699707,nan,nan,nan,nan,nan,nan,nan,nan,nan,nan,nan,nan
205.7200367450714,-0.4099999964237213,4.0289998054504395,4.058000087738037,4.054999828338623,4.059999942779541,4.059999942779541,4.064000129699707,nan,nan,nan,nan,nan,nan,nan,nan,nan,nan,nan,nan
205.8797926902771,-0.4000000059604645,4.0289998054504395,4.058000087738037,4.054999828338623,4.059999942779541,4.059999942779541,4.064000129699707,nan,nan,nan,nan,nan,nan,nan,nan,nan,nan,nan,nan
206.05978631973267,-0.4000000059604645,4.0289998054504395,4.058000087738037,4.054999828338623,4.059999942779541,4.059999942779541,4.064000129699707,nan,nan,nan,nan,nan,nan,nan,nan,nan,nan,nan,nan
206.21962761878967,-0.4000000059604645,4.0279998779296875,4.058000087738037,4.054999828338623,4.059999942779541,4.059999942779541,4.064000129699707,nan,nan,nan,nan,nan,nan,nan,nan,nan,nan,nan,nan
206.3999891281128,-0.4000000059604645,4.0289998054504395,4.058000087738037,4.054999828338623,4.059999942779541,4.059999942779541,4.064000129699707,nan,nan,nan,nan,nan,nan,nan,nan,nan,nan,nan,nan
206.5787124633789,-0.38999998569488525,4.0289998054504395,4.058000087738037,4.054999828338623,4.059999942779541,4.059999942779541,4.064000129699707,nan,nan,nan,nan,nan,nan,nan,nan,nan,nan,nan,nan
206.74008870124817,-0.4000000059604645,4.0289998054504395,4.058000087738037,4.054999828338623,4.059999942779541,4.059999942779541,4.064000129699707,nan,nan,nan,nan,nan,nan,nan,nan,nan,nan,nan,nan
206.92011976242065,-0.4000000059604645,4.0289998054504395,4.058000087738037,4.054999828338623,4.059999942779541,4.059999942779541,4.064000129699707,nan,nan,nan,nan,nan,nan,nan,nan,nan,nan,nan,nan
207.07962489128113,-0.41999998688697815,4.0289998054504395,4.058000087738037,4.054999828338623,4.059999942779541,4.059999942779541,4.064000129699707,nan,nan,nan,nan,nan,nan,nan,nan,nan,nan,nan,nan
207.25982213020325,-0.4000000059604645,4.0289998054504395,4.058000087738037,4.054999828338623,4.059999942779541,4.059999942779541,4.064000129699707,nan,nan,nan,nan,nan,nan,nan,nan,nan,nan,nan,nan
207.439959526062,-0.4000000059604645,4.0279998779296875,4.058000087738037,4.054999828338623,4.059999942779541,4.059999942779541,4.065000057220459,nan,nan,nan,nan,nan,nan,nan,nan,nan,nan,nan,nan
207.59962153434753,-0.4099999964237213,4.0289998054504395,4.058000087738037,4.054999828338623,4.059999942779541,4.059999942779541,4.065000057220459,nan,nan,nan,nan,nan,nan,nan,nan,nan,nan,nan,nan
207.78006434440613,-0.4000000059604645,4.0289998054504395,4.058000087738037,4.054999828338623,4.059000015258789,4.059999942779541,4.064000129699707,nan,nan,nan,nan,nan,nan,nan,nan,nan,nan,nan,nan
207.93935823440552,-0.4000000059604645,4.0289998054504395,4.058000087738037,4.054999828338623,4.059999942779541,4.059999942779541,4.064000129699707,nan,nan,nan,nan,nan,nan,nan,nan,nan,nan,nan,nan
208.11996960639954,-0.4099999964237213,4.0279998779296875,4.058000087738037,4.054999828338623,4.059999942779541,4.059999942779541,4.064000129699707,nan,nan,nan,nan,nan,nan,nan,nan,nan,nan,nan,nan
208.29907059669495,-0.41999998688697815,4.0279998779296875,4.058000087738037,4.054999828338623,4.059999942779541,4.059999942779541,4.064000129699707,nan,nan,nan,nan,nan,nan,nan,nan,nan,nan,nan,nan
208.4599688053131,-0.4000000059604645,4.0289998054504395,4.058000087738037,4.054999828338623,4.059999942779541,4.059999942779541,4.064000129699707,nan,nan,nan,nan,nan,nan,nan,nan,nan,nan,nan,nan
208.63883590698242,-0.4000000059604645,4.0279998779296875,4.058000087738037,4.054999828338623,4.059999942779541,4.059999942779541,4.065000057220459,nan,nan,nan,nan,nan,nan,nan,nan,nan,nan,nan,nan
208.8190839290619,-0.4000000059604645,4.0289998054504395,4.058000087738037,4.054999828338623,4.059999942779541,4.059999942779541,4.064000129699707,nan,nan,nan,nan,nan,nan,nan,nan,nan,nan,nan,nan
208.97880506515503,-0.41999998688697815,4.0289998054504395,4.058000087738037,4.054999828338623,4.059000015258789,4.059999942779541,4.064000129699707,nan,nan,nan,nan,nan,nan,nan,nan,nan,nan,nan,nan
209.15887665748596,-0.4000000059604645,4.0289998054504395,4.058000087738037,4.054999828338623,4.059000015258789,4.059999942779541,4.064000129699707,nan,nan,nan,nan,nan,nan,nan,nan,nan,nan,nan,nan
209.32006525993347,-0.4000000059604645,4.0279998779296875,4.058000087738037,4.054999828338623,4.059999942779541,4.059999942779541,4.064000129699707,nan,nan,nan,nan,nan,nan,nan,nan,nan,nan,nan,nan
209.4989562034607,-0.4000000059604645,4.0279998779296875,4.058000087738037,4.054999828338623,4.059999942779541,4.059999942779541,4.064000129699707,nan,nan,nan,nan,nan,nan,nan,nan,nan,nan,nan,nan
209.67944931983948,-0.4000000059604645,4.0289998054504395,4.058000087738037,4.054999828338623,4.059000015258789,4.059999942779541,4.064000129699707,nan,nan,nan,nan,nan,nan,nan,nan,nan,nan,nan,nan
209.8390874862671,-0.38999998569488525,4.0279998779296875,4.058000087738037,4.054999828338623,4.059999942779541,4.059999942779541,4.064000129699707,nan,nan,nan,nan,nan,nan,nan,nan,nan,nan,nan,nan
210.01910614967346,-0.4000000059604645,4.0289998054504395,4.058000087738037,4.054999828338623,4.059000015258789,4.059999942779541,4.064000129699707,nan,nan,nan,nan,nan,nan,nan,nan,nan,nan,nan,nan
210.20089745521545,-0.4000000059604645,4.0289998054504395,4.058000087738037,4.054999828338623,4.059999942779541,4.059999942779541,4.064000129699707,nan,nan,nan,nan,nan,nan,nan,nan,nan,nan,nan,nan
210.35898613929749,-0.4000000059604645,4.0279998779296875,4.058000087738037,4.054999828338623,4.059999942779541,4.059999942779541,4.064000129699707,nan,nan,nan,nan,nan,nan,nan,nan,nan,nan,nan,nan
210.53924870491028,-0.4000000059604645,4.0279998779296875,4.058000087738037,4.054999828338623,4.059999942779541,4.059999942779541,4.064000129699707,nan,nan,nan,nan,nan,nan,nan,nan,nan,nan,nan,nan
210.69902968406677,-0.4099999964237213,4.0289998054504395,4.058000087738037,4.054999828338623,4.059999942779541,4.059999942779541,4.064000129699707,nan,nan,nan,nan,nan,nan,nan,nan,nan,nan,nan,nan
210.87932181358337,-0.4000000059604645,4.0289998054504395,4.058000087738037,4.054999828338623,4.059000015258789,4.059999942779541,4.064000129699707,nan,nan,nan,nan,nan,nan,nan,nan,nan,nan,nan,nan
211.0593786239624,-0.4000000059604645,4.0289998054504395,4.058000087738037,4.054999828338623,4.059999942779541,4.059999942779541,4.064000129699707,nan,nan,nan,nan,nan,nan,nan,nan,nan,nan,nan,nan
211.21901750564575,-0.4000000059604645,4.0289998054504395,4.058000087738037,4.054999828338623,4.059999942779541,4.059999942779541,4.064000129699707,nan,nan,nan,nan,nan,nan,nan,nan,nan,nan,nan,nan
211.39962577819824,-0.4000000059604645,4.0289998054504395,4.058000087738037,4.054999828338623,4.059000015258789,4.059999942779541,4.064000129699707,nan,nan,nan,nan,nan,nan,nan,nan,nan,nan,nan,nan
211.5588448047638,-0.4099999964237213,4.0289998054504395,4.058000087738037,4.054999828338623,4.059000015258789,4.059999942779541,4.064000129699707,nan,nan,nan,nan,nan,nan,nan,nan,nan,nan,nan,nan
211.7393341064453,-0.4000000059604645,4.0279998779296875,4.058000087738037,4.054999828338623,4.059000015258789,4.059999942779541,4.064000129699707,nan,nan,nan,nan,nan,nan,nan,nan,nan,nan,nan,nan
211.9196755886078,-0.4000000059604645,4.0289998054504395,4.058000087738037,4.054999828338623,4.059000015258789,4.059999942779541,4.064000129699707,nan,nan,nan,nan,nan,nan,nan,nan,nan,nan,nan,nan
212.07885551452637,-0.41999998688697815,4.0279998779296875,4.058000087738037,4.054999828338623,4.059999942779541,4.059999942779541,4.064000129699707,nan,nan,nan,nan,nan,nan,nan,nan,nan,nan,nan,nan
212.25934219360352,-0.4099999964237213,4.0279998779296875,4.058000087738037,4.054999828338623,4.059000015258789,4.059999942779541,4.064000129699707,nan,nan,nan,nan,nan,nan,nan,nan,nan,nan,nan,nan
212.43955540657043,-0.4000000059604645,4.0279998779296875,4.058000087738037,4.054999828338623,4.059000015258789,4.059999942779541,4.064000129699707,nan,nan,nan,nan,nan,nan,nan,nan,nan,nan,nan,nan
212.59915351867676,-0.4000000059604645,4.0289998054504395,4.058000087738037,4.054999828338623,4.059000015258789,4.059999942779541,4.064000129699707,nan,nan,nan,nan,nan,nan,nan,nan,nan,nan,nan,nan
212.77976083755493,-0.4099999964237213,4.0279998779296875,4.058000087738037,4.054999828338623,4.059999942779541,4.059999942779541,4.064000129699707,nan,nan,nan,nan,nan,nan,nan,nan,nan,nan,nan,nan
212.93907499313354,-0.4099999964237213,4.0289998054504395,4.058000087738037,4.054999828338623,4.059999942779541,4.059999942779541,4.064000129699707,nan,nan,nan,nan,nan,nan,nan,nan,nan,nan,nan,nan
213.11951446533203,-0.4099999964237213,4.0279998779296875,4.058000087738037,4.054999828338623,4.059000015258789,4.059999942779541,4.064000129699707,nan,nan,nan,nan,nan,nan,nan,nan,nan,nan,nan,nan
213.29993891716003,-0.4000000059604645,4.0289998054504395,4.058000087738037,4.054999828338623,4.059999942779541,4.059999942779541,4.064000129699707,nan,nan,nan,nan,nan,nan,nan,nan,nan,nan,nan,nan
213.45928931236267,-0.4000000059604645,4.0289998054504395,4.058000087738037,4.054999828338623,4.059000015258789,4.059999942779541,4.064000129699707,nan,nan,nan,nan,nan,nan,nan,nan,nan,nan,nan,nan
213.63982915878296,-0.4099999964237213,4.0279998779296875,4.058000087738037,4.054999828338623,4.059000015258789,4.059999942779541,4.064000129699707,nan,nan,nan,nan,nan,nan,nan,nan,nan,nan,nan,nan
213.79920601844788,-0.4000000059604645,4.0279998779296875,4.058000087738037,4.054999828338623,4.059000015258789,4.059999942779541,4.064000129699707,nan,nan,nan,nan,nan,nan,nan,nan,nan,nan,nan,nan
213.97952842712402,-0.4000000059604645,4.0279998779296875,4.058000087738037,4.054999828338623,4.059000015258789,4.059999942779541,4.064000129699707,nan,nan,nan,nan,nan,nan,nan,nan,nan,nan,nan,nan
214.15997910499573,-0.4000000059604645,4.0279998779296875,4.058000087738037,4.054999828338623,4.059999942779541,4.059999942779541,4.064000129699707,nan,nan,nan,nan,nan,nan,nan,nan,nan,nan,nan,nan
214.31958866119385,-0.4000000059604645,4.0279998779296875,4.058000087738037,4.054999828338623,4.059000015258789,4.059999942779541,4.064000129699707,nan,nan,nan,nan,nan,nan,nan,nan,nan,nan,nan,nan
214.50011491775513,-0.4000000059604645,4.0279998779296875,4.058000087738037,4.054999828338623,4.059999942779541,4.059999942779541,4.064000129699707,nan,nan,nan,nan,nan,nan,nan,nan,nan,nan,nan,nan
214.67884731292725,-0.4099999964237213,4.0279998779296875,4.058000087738037,4.054999828338623,4.059000015258789,4.059999942779541,4.064000129699707,nan,nan,nan,nan,nan,nan,nan,nan,nan,nan,nan,nan
214.83985948562622,-0.4099999964237213,4.0279998779296875,4.058000087738037,4.054999828338623,4.059000015258789,4.059999942779541,4.064000129699707,nan,nan,nan,nan,nan,nan,nan,nan,nan,nan,nan,nan
215.01996064186096,-0.4000000059604645,4.0279998779296875,4.058000087738037,4.054999828338623,4.059000015258789,4.059999942779541,4.064000129699707,nan,nan,nan,nan,nan,nan,nan,nan,nan,nan,nan,nan
215.17970442771912,-0.38999998569488525,4.0279998779296875,4.058000087738037,4.054999828338623,4.059000015258789,4.059999942779541,4.064000129699707,nan,nan,nan,nan,nan,nan,nan,nan,nan,nan,nan,nan
215.3598597049713,-0.4000000059604645,4.0279998779296875,4.058000087738037,4.054999828338623,4.059999942779541,4.059999942779541,4.064000129699707,nan,nan,nan,nan,nan,nan,nan,nan,nan,nan,nan,nan
215.53879618644714,-0.4000000059604645,4.0279998779296875,4.058000087738037,4.054999828338623,4.059999942779541,4.059999942779541,4.064000129699707,nan,nan,nan,nan,nan,nan,nan,nan,nan,nan,nan,nan
215.69993019104004,-0.38999998569488525,4.0279998779296875,4.058000087738037,4.054999828338623,4.059000015258789,4.059999942779541,4.064000129699707,nan,nan,nan,nan,nan,nan,nan,nan,nan,nan,nan,nan
215.87875819206238,-0.4000000059604645,4.0279998779296875,4.058000087738037,4.054999828338623,4.059999942779541,4.059999942779541,4.064000129699707,nan,nan,nan,nan,nan,nan,nan,nan,nan,nan,nan,nan
216.05890107154846,-0.4099999964237213,4.0279998779296875,4.058000087738037,4.054999828338623,4.059000015258789,4.059999942779541,4.064000129699707,nan,nan,nan,nan,nan,nan,nan,nan,nan,nan,nan,nan
216.22008633613586,-0.4000000059604645,4.0279998779296875,4.058000087738037,4.054999828338623,4.059000015258789,4.059999942779541,4.064000129699707,nan,nan,nan,nan,nan,nan,nan,nan,nan,nan,nan,nan
216.40040469169617,-0.4000000059604645,4.0279998779296875,4.058000087738037,4.054999828338623,4.059000015258789,4.059999942779541,4.064000129699707,nan,nan,nan,nan,nan,nan,nan,nan,nan,nan,nan,nan
216.55998826026917,-0.4000000059604645,4.0279998779296875,4.058000087738037,4.054999828338623,4.059000015258789,4.059999942779541,4.064000129699707,nan,nan,nan,nan,nan,nan,nan,nan,nan,nan,nan,nan
216.74027299880981,-0.4000000059604645,4.0279998779296875,4.058000087738037,4.054999828338623,4.059000015258789,4.059999942779541,4.064000129699707,nan,nan,nan,nan,nan,nan,nan,nan,nan,nan,nan,nan
216.91905403137207,-0.4099999964237213,4.0279998779296875,4.058000087738037,4.054999828338623,4.059000015258789,4.059999942779541,4.064000129699707,nan,nan,nan,nan,nan,nan,nan,nan,nan,nan,nan,nan
217.07898902893066,-0.4000000059604645,4.0279998779296875,4.058000087738037,4.054999828338623,4.059000015258789,4.059999942779541,4.064000129699707,nan,nan,nan,nan,nan,nan,nan,nan,nan,nan,nan,nan
217.2591269016266,-0.4000000059604645,4.0279998779296875,4.058000087738037,4.054999828338623,4.059000015258789,4.059999942779541,4.064000129699707,nan,nan,nan,nan,nan,nan,nan,nan,nan,nan,nan,nan
217.42017936706543,-0.4000000059604645,4.0279998779296875,4.058000087738037,4.054999828338623,4.059000015258789,4.059999942779541,4.064000129699707,nan,nan,nan,nan,nan,nan,nan,nan,nan,nan,nan,nan
217.5991871356964,-0.4000000059604645,4.0279998779296875,4.058000087738037,4.054999828338623,4.059999942779541,4.059999942779541,4.064000129699707,nan,nan,nan,nan,nan,nan,nan,nan,nan,nan,nan,nan
217.7812488079071,-0.38999998569488525,4.0279998779296875,4.058000087738037,4.054999828338623,4.059000015258789,4.059999942779541,4.064000129699707,nan,nan,nan,nan,nan,nan,nan,nan,nan,nan,nan,nan
217.93904614448547,-0.41999998688697815,4.0279998779296875,4.058000087738037,4.054999828338623,4.059000015258789,4.059999942779541,4.064000129699707,nan,nan,nan,nan,nan,nan,nan,nan,nan,nan,nan,nan
218.11929988861084,-0.4000000059604645,4.0279998779296875,4.058000087738037,4.054999828338623,4.059999942779541,4.059999942779541,4.064000129699707,nan,nan,nan,nan,nan,nan,nan,nan,nan,nan,nan,nan
218.3014051914215,-0.4000000059604645,4.0279998779296875,4.058000087738037,4.054999828338623,4.059000015258789,4.059999942779541,4.064000129699707,nan,nan,nan,nan,nan,nan,nan,nan,nan,nan,nan,nan
218.45894122123718,-0.41999998688697815,4.0279998779296875,4.058000087738037,4.054999828338623,4.059000015258789,4.059999942779541,4.064000129699707,nan,nan,nan,nan,nan,nan,nan,nan,nan,nan,nan,nan
218.6393313407898,-0.4000000059604645,4.0279998779296875,4.058000087738037,4.054999828338623,4.059000015258789,4.059999942779541,4.064000129699707,nan,nan,nan,nan,nan,nan,nan,nan,nan,nan,nan,nan
218.79917788505554,-0.4000000059604645,4.0279998779296875,4.058000087738037,4.054999828338623,4.059000015258789,4.059999942779541,4.064000129699707,nan,nan,nan,nan,nan,nan,nan,nan,nan,nan,nan,nan
218.97938179969788,-0.4000000059604645,4.0279998779296875,4.058000087738037,4.054999828338623,4.059000015258789,4.059999942779541,4.064000129699707,nan,nan,nan,nan,nan,nan,nan,nan,nan,nan,nan,nan
219.15987396240234,-0.4000000059604645,4.0279998779296875,4.058000087738037,4.054999828338623,4.059999942779541,4.059999942779541,4.064000129699707,nan,nan,nan,nan,nan,nan,nan,nan,nan,nan,nan,nan
219.3196244239807,-0.4000000059604645,4.0279998779296875,4.058000087738037,4.054999828338623,4.059000015258789,4.059999942779541,4.064000129699707,nan,nan,nan,nan,nan,nan,nan,nan,nan,nan,nan,nan
219.50100541114807,-0.4099999964237213,4.0279998779296875,4.058000087738037,4.054999828338623,4.059000015258789,4.059999942779541,4.064000129699707,nan,nan,nan,nan,nan,nan,nan,nan,nan,nan,nan,nan
219.65905284881592,-0.4000000059604645,4.0279998779296875,4.058000087738037,4.054999828338623,4.059000015258789,4.059999942779541,4.064000129699707,nan,nan,nan,nan,nan,nan,nan,nan,nan,nan,nan,nan
219.83936476707458,-0.4000000059604645,4.0279998779296875,4.058000087738037,4.054999828338623,4.059000015258789,4.059999942779541,4.064000129699707,nan,nan,nan,nan,nan,nan,nan,nan,nan,nan,nan,nan
220.02133655548096,-0.4000000059604645,4.0279998779296875,4.058000087738037,4.054999828338623,4.059000015258789,4.059999942779541,4.064000129699707,nan,nan,nan,nan,nan,nan,nan,nan,nan,nan,nan,nan
220.18082880973816,-0.4000000059604645,4.0279998779296875,4.058000087738037,4.054999828338623,4.059000015258789,4.059999942779541,4.064000129699707,nan,nan,nan,nan,nan,nan,nan,nan,nan,nan,nan,nan
220.36109590530396,-0.4099999964237213,4.0279998779296875,4.058000087738037,4.053999900817871,4.059000015258789,4.059999942779541,4.064000129699707,nan,nan,nan,nan,nan,nan,nan,nan,nan,nan,nan,nan
220.5415427684784,-0.4000000059604645,4.0279998779296875,4.058000087738037,4.054999828338623,4.059000015258789,4.059999942779541,4.064000129699707,nan,nan,nan,nan,nan,nan,nan,nan,nan,nan,nan,nan
220.7005636692047,-0.4000000059604645,4.0279998779296875,4.058000087738037,4.054999828338623,4.059000015258789,4.059999942779541,4.064000129699707,nan,nan,nan,nan,nan,nan,nan,nan,nan,nan,nan,nan
220.88089227676392,-0.4000000059604645,4.0279998779296875,4.058000087738037,4.054999828338623,4.059999942779541,4.059999942779541,4.064000129699707,nan,nan,nan,nan,nan,nan,nan,nan,nan,nan,nan,nan
221.04010486602783,-0.4000000059604645,4.0279998779296875,4.058000087738037,4.054999828338623,4.059000015258789,4.059999942779541,4.064000129699707,nan,nan,nan,nan,nan,nan,nan,nan,nan,nan,nan,nan
221.21934723854065,-0.38999998569488525,4.0279998779296875,4.058000087738037,4.054999828338623,4.059000015258789,4.059999942779541,4.064000129699707,nan,nan,nan,nan,nan,nan,nan,nan,nan,nan,nan,nan
221.39930987358093,-0.4099999964237213,4.0279998779296875,4.058000087738037,4.054999828338623,4.059999942779541,4.059999942779541,4.064000129699707,nan,nan,nan,nan,nan,nan,nan,nan,nan,nan,nan,nan
221.55904865264893,-0.4099999964237213,4.0279998779296875,4.058000087738037,4.054999828338623,4.059999942779541,4.059999942779541,4.064000129699707,nan,nan,nan,nan,nan,nan,nan,nan,nan,nan,nan,nan
221.7393879890442,-0.4000000059604645,4.0279998779296875,4.058000087738037,4.054999828338623,4.059000015258789,4.059999942779541,4.064000129699707,nan,nan,nan,nan,nan,nan,nan,nan,nan,nan,nan,nan
221.9005241394043,-0.4000000059604645,4.0279998779296875,4.058000087738037,4.054999828338623,4.059000015258789,4.059999942779541,4.064000129699707,nan,nan,nan,nan,nan,nan,nan,nan,nan,nan,nan,nan
222.07924675941467,-0.4000000059604645,4.0279998779296875,4.058000087738037,4.054999828338623,4.059000015258789,4.059999942779541,4.064000129699707,nan,nan,nan,nan,nan,nan,nan,nan,nan,nan,nan,nan
222.2608940601349,-0.4000000059604645,4.0279998779296875,4.058000087738037,4.054999828338623,4.059000015258789,4.059999942779541,4.064000129699707,nan,nan,nan,nan,nan,nan,nan,nan,nan,nan,nan,nan
222.41891431808472,-0.4000000059604645,4.0279998779296875,4.058000087738037,4.054999828338623,4.059000015258789,4.059999942779541,4.064000129699707,nan,nan,nan,nan,nan,nan,nan,nan,nan,nan,nan,nan
222.59942770004272,-0.4099999964237213,4.0279998779296875,4.058000087738037,4.054999828338623,4.059000015258789,4.059999942779541,4.064000129699707,nan,nan,nan,nan,nan,nan,nan,nan,nan,nan,nan,nan
222.7794005870819,-0.4000000059604645,4.0279998779296875,4.058000087738037,4.054999828338623,4.059000015258789,4.059999942779541,4.064000129699707,nan,nan,nan,nan,nan,nan,nan,nan,nan,nan,nan,nan
222.9392294883728,-0.4000000059604645,4.0279998779296875,4.058000087738037,4.054999828338623,4.059000015258789,4.059999942779541,4.064000129699707,nan,nan,nan,nan,nan,nan,nan,nan,nan,nan,nan,nan
223.11957621574402,-0.3799999952316284,4.0279998779296875,4.058000087738037,4.054999828338623,4.059000015258789,4.059999942779541,4.064000129699707,nan,nan,nan,nan,nan,nan,nan,nan,nan,nan,nan,nan
223.27909588813782,-0.4000000059604645,4.0279998779296875,4.058000087738037,4.054999828338623,4.059000015258789,4.059999942779541,4.064000129699707,nan,nan,nan,nan,nan,nan,nan,nan,nan,nan,nan,nan
223.4595468044281,-0.38999998569488525,4.0279998779296875,4.058000087738037,4.054999828338623,4.059000015258789,4.059999942779541,4.064000129699707,nan,nan,nan,nan,nan,nan,nan,nan,nan,nan,nan,nan
223.63980841636658,-0.4000000059604645,4.0279998779296875,4.058000087738037,4.054999828338623,4.059999942779541,4.059999942779541,4.064000129699707,nan,nan,nan,nan,nan,nan,nan,nan,nan,nan,nan,nan
223.79933977127075,-0.4000000059604645,4.0279998779296875,4.058000087738037,4.054999828338623,4.059000015258789,4.059999942779541,4.064000129699707,nan,nan,nan,nan,nan,nan,nan,nan,nan,nan,nan,nan
223.97946333885193,-0.38999998569488525,4.0279998779296875,4.058000087738037,4.054999828338623,4.059000015258789,4.059999942779541,4.064000129699707,nan,nan,nan,nan,nan,nan,nan,nan,nan,nan,nan,nan
224.13887667655945,-0.41999998688697815,4.0279998779296875,4.058000087738037,4.054999828338623,4.059000015258789,4.059999942779541,4.064000129699707,nan,nan,nan,nan,nan,nan,nan,nan,nan,nan,nan,nan
224.32144570350647,-0.4000000059604645,4.0279998779296875,4.058000087738037,4.053999900817871,4.059000015258789,4.059999942779541,4.064000129699707,nan,nan,nan,nan,nan,nan,nan,nan,nan,nan,nan,nan
224.50136041641235,-0.4000000059604645,4.0279998779296875,4.058000087738037,4.054999828338623,4.059000015258789,4.059999942779541,4.064000129699707,nan,nan,nan,nan,nan,nan,nan,nan,nan,nan,nan,nan
224.660338640213,-0.41999998688697815,4.0279998779296875,4.058000087738037,4.054999828338623,4.059000015258789,4.059999942779541,4.064000129699707,nan,nan,nan,nan,nan,nan,nan,nan,nan,nan,nan,nan
224.8434863090515,-0.4000000059604645,4.0279998779296875,4.058000087738037,4.054999828338623,4.059000015258789,4.059999942779541,4.064000129699707,nan,nan,nan,nan,nan,nan,nan,nan,nan,nan,nan,nan
225.01946663856506,-0.4099999964237213,4.0279998779296875,4.058000087738037,4.053999900817871,4.059000015258789,4.059999942779541,4.064000129699707,nan,nan,nan,nan,nan,nan,nan,nan,nan,nan,nan,nan
225.18156909942627,-0.4000000059604645,4.0279998779296875,4.058000087738037,4.054999828338623,4.059000015258789,4.059999942779541,4.064000129699707,nan,nan,nan,nan,nan,nan,nan,nan,nan,nan,nan,nan
225.3604815006256,-0.38999998569488525,4.0279998779296875,4.058000087738037,4.053999900817871,4.059000015258789,4.059999942779541,4.064000129699707,nan,nan,nan,nan,nan,nan,nan,nan,nan,nan,nan,nan
225.51995205879211,-0.4000000059604645,4.0279998779296875,4.058000087738037,4.054999828338623,4.059000015258789,4.059999942779541,4.064000129699707,nan,nan,nan,nan,nan,nan,nan,nan,nan,nan,nan,nan
225.7003276348114,-0.4000000059604645,4.0279998779296875,4.058000087738037,4.053999900817871,4.059000015258789,4.059999942779541,4.064000129699707,nan,nan,nan,nan,nan,nan,nan,nan,nan,nan,nan,nan
225.88175678253174,-0.4000000059604645,4.0279998779296875,4.058000087738037,4.054999828338623,4.059000015258789,4.059999942779541,4.064000129699707,nan,nan,nan,nan,nan,nan,nan,nan,nan,nan,nan,nan
226.0401213169098,-0.4000000059604645,4.0279998779296875,4.058000087738037,4.054999828338623,4.059000015258789,4.059999942779541,4.064000129699707,nan,nan,nan,nan,nan,nan,nan,nan,nan,nan,nan,nan
226.21945023536682,-0.4000000059604645,4.0279998779296875,4.058000087738037,4.054999828338623,4.059000015258789,4.059999942779541,4.064000129699707,nan,nan,nan,nan,nan,nan,nan,nan,nan,nan,nan,nan
226.37995219230652,-0.4000000059604645,4.0279998779296875,4.058000087738037,4.054999828338623,4.059000015258789,4.059999942779541,4.064000129699707,nan,nan,nan,nan,nan,nan,nan,nan,nan,nan,nan,nan
226.56063532829285,-0.4000000059604645,4.0279998779296875,4.058000087738037,4.054999828338623,4.059000015258789,4.059999942779541,4.064000129699707,nan,nan,nan,nan,nan,nan,nan,nan,nan,nan,nan,nan
226.74058771133423,-0.4099999964237213,4.0279998779296875,4.058000087738037,4.053999900817871,4.059000015258789,4.059999942779541,4.064000129699707,nan,nan,nan,nan,nan,nan,nan,nan,nan,nan,nan,nan
226.89950966835022,-0.4000000059604645,4.0279998779296875,4.058000087738037,4.054999828338623,4.059000015258789,4.059999942779541,4.064000129699707,nan,nan,nan,nan,nan,nan,nan,nan,nan,nan,nan,nan
227.080144405365,-0.4000000059604645,4.0279998779296875,4.058000087738037,4.054999828338623,4.059000015258789,4.059999942779541,4.064000129699707,nan,nan,nan,nan,nan,nan,nan,nan,nan,nan,nan,nan
227.2412006855011,-0.4000000059604645,4.0279998779296875,4.058000087738037,4.054999828338623,4.059000015258789,4.059999942779541,4.064000129699707,nan,nan,nan,nan,nan,nan,nan,nan,nan,nan,nan,nan
227.41968750953674,-0.4000000059604645,4.0279998779296875,4.057000160217285,4.054999828338623,4.059000015258789,4.059999942779541,4.064000129699707,nan,nan,nan,nan,nan,nan,nan,nan,nan,nan,nan,nan
227.60200023651123,-0.4000000059604645,4.0279998779296875,4.058000087738037,4.054999828338623,4.059000015258789,4.059999942779541,4.064000129699707,nan,nan,nan,nan,nan,nan,nan,nan,nan,nan,nan,nan
227.760822057724,-0.38999998569488525,4.0279998779296875,4.058000087738037,4.053999900817871,4.059000015258789,4.059999942779541,4.064000129699707,nan,nan,nan,nan,nan,nan,nan,nan,nan,nan,nan,nan
227.93947219848633,-0.3799999952316284,4.0279998779296875,4.058000087738037,4.054999828338623,4.059000015258789,4.059999942779541,4.064000129699707,nan,nan,nan,nan,nan,nan,nan,nan,nan,nan,nan,nan
228.11980152130127,-0.4000000059604645,4.0279998779296875,4.058000087738037,4.054999828338623,4.059000015258789,4.059999942779541,4.064000129699707,nan,nan,nan,nan,nan,nan,nan,nan,nan,nan,nan,nan
228.28082013130188,-0.38999998569488525,4.0279998779296875,4.058000087738037,4.053999900817871,4.059000015258789,4.059999942779541,4.064000129699707,nan,nan,nan,nan,nan,nan,nan,nan,nan,nan,nan,nan
228.45980596542358,-0.4000000059604645,4.0279998779296875,4.058000087738037,4.054999828338623,4.059000015258789,4.059999942779541,4.064000129699707,nan,nan,nan,nan,nan,nan,nan,nan,nan,nan,nan,nan
228.619464635849,-0.4000000059604645,4.0279998779296875,4.058000087738037,4.053999900817871,4.059000015258789,4.059999942779541,4.064000129699707,nan,nan,nan,nan,nan,nan,nan,nan,nan,nan,nan,nan
228.79949712753296,-0.38999998569488525,4.0279998779296875,4.058000087738037,4.054999828338623,4.059000015258789,4.059999942779541,4.064000129699707,nan,nan,nan,nan,nan,nan,nan,nan,nan,nan,nan,nan
228.97998476028442,-0.4099999964237213,4.0279998779296875,4.058000087738037,4.054999828338623,4.059000015258789,4.059999942779541,4.064000129699707,nan,nan,nan,nan,nan,nan,nan,nan,nan,nan,nan,nan
229.13937854766846,-0.4000000059604645,4.0279998779296875,4.058000087738037,4.053999900817871,4.059000015258789,4.059999942779541,4.064000129699707,nan,nan,nan,nan,nan,nan,nan,nan,nan,nan,nan,nan
229.31948947906494,-0.4000000059604645,4.0279998779296875,4.058000087738037,4.053999900817871,4.059000015258789,4.059999942779541,4.064000129699707,nan,nan,nan,nan,nan,nan,nan,nan,nan,nan,nan,nan
229.47898626327515,-0.4099999964237213,4.0279998779296875,4.058000087738037,4.054999828338623,4.059000015258789,4.059999942779541,4.064000129699707,nan,nan,nan,nan,nan,nan,nan,nan,nan,nan,nan,nan
229.66099286079407,-0.4000000059604645,4.0279998779296875,4.058000087738037,4.054999828338623,4.059000015258789,4.059999942779541,4.064000129699707,nan,nan,nan,nan,nan,nan,nan,nan,nan,nan,nan,nan
229.84103059768677,-0.4000000059604645,4.0279998779296875,4.058000087738037,4.054999828338623,4.059000015258789,4.059999942779541,4.064000129699707,nan,nan,nan,nan,nan,nan,nan,nan,nan,nan,nan,nan
229.99897503852844,-0.4099999964237213,4.0279998779296875,4.058000087738037,4.054999828338623,4.059000015258789,4.059999942779541,4.064000129699707,nan,nan,nan,nan,nan,nan,nan,nan,nan,nan,nan,nan
230.17945170402527,-0.4000000059604645,4.0279998779296875,4.058000087738037,4.054999828338623,4.059000015258789,4.059999942779541,4.064000129699707,nan,nan,nan,nan,nan,nan,nan,nan,nan,nan,nan,nan
230.35981726646423,-0.4099999964237213,4.0279998779296875,4.058000087738037,4.054999828338623,4.059000015258789,4.059999942779541,4.064000129699707,nan,nan,nan,nan,nan,nan,nan,nan,nan,nan,nan,nan
230.51919889450073,-0.4000000059604645,4.0279998779296875,4.058000087738037,4.054999828338623,4.059000015258789,4.059999942779541,4.064000129699707,nan,nan,nan,nan,nan,nan,nan,nan,nan,nan,nan,nan
230.69982433319092,-0.4000000059604645,4.0279998779296875,4.058000087738037,4.053999900817871,4.059000015258789,4.059999942779541,4.064000129699707,nan,nan,nan,nan,nan,nan,nan,nan,nan,nan,nan,nan
230.85932159423828,-0.4000000059604645,4.0279998779296875,4.058000087738037,4.053999900817871,4.059000015258789,4.059999942779541,4.064000129699707,nan,nan,nan,nan,nan,nan,nan,nan,nan,nan,nan,nan
231.039448261261,-0.4000000059604645,4.0279998779296875,4.058000087738037,4.054999828338623,4.059000015258789,4.059999942779541,4.064000129699707,nan,nan,nan,nan,nan,nan,nan,nan,nan,nan,nan,nan
231.2199535369873,-0.4000000059604645,4.0279998779296875,4.058000087738037,4.054999828338623,4.059000015258789,4.059999942779541,4.064000129699707,nan,nan,nan,nan,nan,nan,nan,nan,nan,nan,nan,nan
231.37947750091553,-0.4300000071525574,4.0279998779296875,4.058000087738037,4.053999900817871,4.059000015258789,4.059999942779541,4.064000129699707,nan,nan,nan,nan,nan,nan,nan,nan,nan,nan,nan,nan
231.55975484848022,-0.4099999964237213,4.0279998779296875,4.058000087738037,4.053999900817871,4.059000015258789,4.059999942779541,4.064000129699707,nan,nan,nan,nan,nan,nan,nan,nan,nan,nan,nan,nan
231.71929359436035,-0.4000000059604645,4.0279998779296875,4.058000087738037,4.053999900817871,4.059000015258789,4.059999942779541,4.064000129699707,nan,nan,nan,nan,nan,nan,nan,nan,nan,nan,nan,nan
231.8995897769928,-0.4000000059604645,4.0279998779296875,4.058000087738037,4.053999900817871,4.059000015258789,4.059999942779541,4.064000129699707,nan,nan,nan,nan,nan,nan,nan,nan,nan,nan,nan,nan
232.07997751235962,-0.4099999964237213,4.0279998779296875,4.058000087738037,4.054999828338623,4.059000015258789,4.059999942779541,4.064000129699707,nan,nan,nan,nan,nan,nan,nan,nan,nan,nan,nan,nan
232.2392406463623,-0.4099999964237213,4.0279998779296875,4.058000087738037,4.053999900817871,4.059000015258789,4.059999942779541,4.064000129699707,nan,nan,nan,nan,nan,nan,nan,nan,nan,nan,nan,nan
232.41966152191162,-0.4000000059604645,4.0279998779296875,4.057000160217285,4.053999900817871,4.059000015258789,4.059999942779541,4.064000129699707,nan,nan,nan,nan,nan,nan,nan,nan,nan,nan,nan,nan
232.59996461868286,-0.4000000059604645,4.0279998779296875,4.058000087738037,4.053999900817871,4.059000015258789,4.059999942779541,4.064000129699707,nan,nan,nan,nan,nan,nan,nan,nan,nan,nan,nan,nan
232.7597415447235,-0.4000000059604645,4.0279998779296875,4.058000087738037,4.054999828338623,4.059000015258789,4.059999942779541,4.064000129699707,nan,nan,nan,nan,nan,nan,nan,nan,nan,nan,nan,nan
232.939621925354,-0.38999998569488525,4.0279998779296875,4.058000087738037,4.054999828338623,4.059000015258789,4.059999942779541,4.064000129699707,nan,nan,nan,nan,nan,nan,nan,nan,nan,nan,nan,nan
233.099711894989,-0.38999998569488525,4.0279998779296875,4.058000087738037,4.054999828338623,4.059000015258789,4.059000015258789,4.064000129699707,nan,nan,nan,nan,nan,nan,nan,nan,nan,nan,nan,nan
233.2810378074646,-0.4000000059604645,4.0279998779296875,4.058000087738037,4.054999828338623,4.059000015258789,4.059999942779541,4.064000129699707,nan,nan,nan,nan,nan,nan,nan,nan,nan,nan,nan,nan
233.4598536491394,-0.4000000059604645,4.0279998779296875,4.058000087738037,4.053999900817871,4.059000015258789,4.059999942779541,4.064000129699707,nan,nan,nan,nan,nan,nan,nan,nan,nan,nan,nan,nan
233.61963367462158,-0.4000000059604645,4.0279998779296875,4.058000087738037,4.053999900817871,4.059000015258789,4.059999942779541,4.064000129699707,nan,nan,nan,nan,nan,nan,nan,nan,nan,nan,nan,nan
233.80109357833862,-0.4000000059604645,4.0279998779296875,4.058000087738037,4.053999900817871,4.059000015258789,4.059999942779541,4.064000129699707,nan,nan,nan,nan,nan,nan,nan,nan,nan,nan,nan,nan
233.95869755744934,-0.4000000059604645,4.0279998779296875,4.057000160217285,4.053999900817871,4.059000015258789,4.059999942779541,4.064000129699707,nan,nan,nan,nan,nan,nan,nan,nan,nan,nan,nan,nan
234.13940286636353,-0.4000000059604645,4.0279998779296875,4.058000087738037,4.053999900817871,4.059000015258789,4.059999942779541,4.064000129699707,nan,nan,nan,nan,nan,nan,nan,nan,nan,nan,nan,nan
234.32121801376343,-0.4000000059604645,4.0279998779296875,4.058000087738037,4.054999828338623,4.059000015258789,4.059999942779541,4.064000129699707,nan,nan,nan,nan,nan,nan,nan,nan,nan,nan,nan,nan
234.47883558273315,-0.4000000059604645,4.0269999504089355,4.058000087738037,4.053999900817871,4.059000015258789,4.059999942779541,4.064000129699707,nan,nan,nan,nan,nan,nan,nan,nan,nan,nan,nan,nan
234.65938663482666,-0.38999998569488525,4.0279998779296875,4.057000160217285,4.054999828338623,4.059000015258789,4.059999942779541,4.064000129699707,nan,nan,nan,nan,nan,nan,nan,nan,nan,nan,nan,nan
234.83956599235535,-0.4000000059604645,4.0279998779296875,4.058000087738037,4.054999828338623,4.059000015258789,4.059999942779541,4.064000129699707,nan,nan,nan,nan,nan,nan,nan,nan,nan,nan,nan,nan
234.9990839958191,-0.4000000059604645,4.0269999504089355,4.058000087738037,4.053999900817871,4.059000015258789,4.059999942779541,4.064000129699707,nan,nan,nan,nan,nan,nan,nan,nan,nan,nan,nan,nan
235.17963409423828,-0.38999998569488525,4.0279998779296875,4.057000160217285,4.053999900817871,4.059000015258789,4.059999942779541,4.064000129699707,nan,nan,nan,nan,nan,nan,nan,nan,nan,nan,nan,nan
235.33890867233276,-0.4000000059604645,4.0279998779296875,4.058000087738037,4.053999900817871,4.059000015258789,4.059999942779541,4.064000129699707,nan,nan,nan,nan,nan,nan,nan,nan,nan,nan,nan,nan
235.51920294761658,-0.4000000059604645,4.0279998779296875,4.057000160217285,4.053999900817871,4.059000015258789,4.059999942779541,4.064000129699707,nan,nan,nan,nan,nan,nan,nan,nan,nan,nan,nan,nan
235.69977378845215,-0.4300000071525574,4.0279998779296875,4.058000087738037,4.053999900817871,4.059000015258789,4.059000015258789,4.064000129699707,nan,nan,nan,nan,nan,nan,nan,nan,nan,nan,nan,nan
235.85869240760803,-0.4099999964237213,4.0279998779296875,4.058000087738037,4.053999900817871,4.059000015258789,4.059999942779541,4.064000129699707,nan,nan,nan,nan,nan,nan,nan,nan,nan,nan,nan,nan
236.03915524482727,-0.4000000059604645,4.0269999504089355,4.058000087738037,4.053999900817871,4.059000015258789,4.059999942779541,4.064000129699707,nan,nan,nan,nan,nan,nan,nan,nan,nan,nan,nan,nan
236.20004868507385,-0.4000000059604645,4.0279998779296875,4.058000087738037,4.054999828338623,4.059000015258789,4.059999942779541,4.064000129699707,nan,nan,nan,nan,nan,nan,nan,nan,nan,nan,nan,nan
236.380117893219,-0.4000000059604645,4.0279998779296875,4.058000087738037,4.053999900817871,4.059000015258789,4.059000015258789,4.064000129699707,nan,nan,nan,nan,nan,nan,nan,nan,nan,nan,nan,nan
236.5590376853943,-0.4000000059604645,4.0269999504089355,4.058000087738037,4.054999828338623,4.059000015258789,4.059999942779541,4.064000129699707,nan,nan,nan,nan,nan,nan,nan,nan,nan,nan,nan,nan
236.719966173172,-0.4000000059604645,4.0269999504089355,4.058000087738037,4.053999900817871,4.059000015258789,4.059999942779541,4.064000129699707,nan,nan,nan,nan,nan,nan,nan,nan,nan,nan,nan,nan
236.90034556388855,-0.4000000059604645,4.0269999504089355,4.058000087738037,4.053999900817871,4.059000015258789,4.059999942779541,4.064000129699707,nan,nan,nan,nan,nan,nan,nan,nan,nan,nan,nan,nan
237.07905197143555,-0.38999998569488525,4.0269999504089355,4.058000087738037,4.053999900817871,4.059000015258789,4.059999942779541,4.064000129699707,nan,nan,nan,nan,nan,nan,nan,nan,nan,nan,nan,nan
237.23986768722534,-0.4000000059604645,4.0279998779296875,4.057000160217285,4.053999900817871,4.059000015258789,4.059999942779541,4.064000129699707,nan,nan,nan,nan,nan,nan,nan,nan,nan,nan,nan,nan
237.41902780532837,-0.4000000059604645,4.0279998779296875,4.058000087738037,4.053999900817871,4.059000015258789,4.059999942779541,4.064000129699707,nan,nan,nan,nan,nan,nan,nan,nan,nan,nan,nan,nan
237.57973074913025,-0.4000000059604645,4.0269999504089355,4.058000087738037,4.053999900817871,4.059000015258789,4.059999942779541,4.064000129699707,nan,nan,nan,nan,nan,nan,nan,nan,nan,nan,nan,nan
237.76019644737244,-0.4099999964237213,4.0279998779296875,4.057000160217285,4.053999900817871,4.059000015258789,4.059000015258789,4.064000129699707,nan,nan,nan,nan,nan,nan,nan,nan,nan,nan,nan,nan
237.93933486938477,-0.4000000059604645,4.0269999504089355,4.057000160217285,4.053999900817871,4.059000015258789,4.059999942779541,4.064000129699707,nan,nan,nan,nan,nan,nan,nan,nan,nan,nan,nan,nan
238.0988485813141,-0.38999998569488525,4.0269999504089355,4.058000087738037,4.054999828338623,4.059000015258789,4.059999942779541,4.064000129699707,nan,nan,nan,nan,nan,nan,nan,nan,nan,nan,nan,nan
238.27930188179016,-0.4000000059604645,4.0269999504089355,4.057000160217285,4.053999900817871,4.059000015258789,4.059999942779541,4.064000129699707,nan,nan,nan,nan,nan,nan,nan,nan,nan,nan,nan,nan
238.43863892555237,-0.4000000059604645,4.0279998779296875,4.058000087738037,4.054999828338623,4.059000015258789,4.059999942779541,4.064000129699707,nan,nan,nan,nan,nan,nan,nan,nan,nan,nan,nan,nan
238.61931729316711,-0.4000000059604645,4.0279998779296875,4.058000087738037,4.053999900817871,4.059000015258789,4.059000015258789,4.064000129699707,nan,nan,nan,nan,nan,nan,nan,nan,nan,nan,nan,nan
238.79942154884338,-0.4099999964237213,4.0269999504089355,4.058000087738037,4.053999900817871,4.059000015258789,4.059999942779541,4.064000129699707,nan,nan,nan,nan,nan,nan,nan,nan,nan,nan,nan,nan
238.96202445030212,-0.4000000059604645,4.0269999504089355,4.058000087738037,4.053999900817871,4.059000015258789,4.059000015258789,4.064000129699707,nan,nan,nan,nan,nan,nan,nan,nan,nan,nan,nan,nan
239.13914370536804,-0.4099999964237213,4.0279998779296875,4.058000087738037,4.053999900817871,4.059000015258789,4.059999942779541,4.064000129699707,nan,nan,nan,nan,nan,nan,nan,nan,nan,nan,nan,nan
239.31928968429565,-0.4000000059604645,4.0269999504089355,4.058000087738037,4.053999900817871,4.059000015258789,4.059999942779541,4.064000129699707,nan,nan,nan,nan,nan,nan,nan,nan,nan,nan,nan,nan
239.47950196266174,-0.4000000059604645,4.0279998779296875,4.058000087738037,4.053999900817871,4.059000015258789,4.059999942779541,4.064000129699707,nan,nan,nan,nan,nan,nan,nan,nan,nan,nan,nan,nan
239.66081643104553,-0.4099999964237213,4.0269999504089355,4.057000160217285,4.053999900817871,4.059000015258789,4.059999942779541,4.064000129699707,nan,nan,nan,nan,nan,nan,nan,nan,nan,nan,nan,nan
239.818674325943,-0.4099999964237213,4.0269999504089355,4.057000160217285,4.053999900817871,4.059000015258789,4.059999942779541,4.064000129699707,nan,nan,nan,nan,nan,nan,nan,nan,nan,nan,nan,nan
240.0004825592041,-0.38999998569488525,4.0269999504089355,4.057000160217285,4.054999828338623,4.059000015258789,4.059999942779541,4.064000129699707,nan,nan,nan,nan,nan,nan,nan,nan,nan,nan,nan,nan
240.1789906024933,-0.41999998688697815,4.0279998779296875,4.057000160217285,4.053999900817871,4.059000015258789,4.059999942779541,4.064000129699707,nan,nan,nan,nan,nan,nan,nan,nan,nan,nan,nan,nan
240.33874487876892,-0.4000000059604645,4.0279998779296875,4.058000087738037,4.053999900817871,4.059000015258789,4.059000015258789,4.064000129699707,nan,nan,nan,nan,nan,nan,nan,nan,nan,nan,nan,nan
240.51913785934448,-0.4000000059604645,4.0279998779296875,4.058000087738037,4.053999900817871,4.059000015258789,4.059999942779541,4.064000129699707,nan,nan,nan,nan,nan,nan,nan,nan,nan,nan,nan,nan
240.67984557151794,-0.4000000059604645,4.0269999504089355,4.058000087738037,4.053999900817871,4.059000015258789,4.059999942779541,4.064000129699707,nan,nan,nan,nan,nan,nan,nan,nan,nan,nan,nan,nan
240.8601257801056,-0.4000000059604645,4.0269999504089355,4.057000160217285,4.053999900817871,4.059000015258789,4.059999942779541,4.064000129699707,nan,nan,nan,nan,nan,nan,nan,nan,nan,nan,nan,nan
241.038822889328,-0.4000000059604645,4.0269999504089355,4.057000160217285,4.053999900817871,4.059000015258789,4.059999942779541,4.064000129699707,nan,nan,nan,nan,nan,nan,nan,nan,nan,nan,nan,nan
241.20013880729675,-0.4000000059604645,4.0269999504089355,4.057000160217285,4.053999900817871,4.059000015258789,4.059999942779541,4.064000129699707,nan,nan,nan,nan,nan,nan,nan,nan,nan,nan,nan,nan
241.37878918647766,-0.4099999964237213,4.0269999504089355,4.057000160217285,4.053999900817871,4.059000015258789,4.059999942779541,4.064000129699707,nan,nan,nan,nan,nan,nan,nan,nan,nan,nan,nan,nan
241.55923557281494,-0.4099999964237213,4.0269999504089355,4.057000160217285,4.053999900817871,4.059000015258789,4.059999942779541,4.064000129699707,nan,nan,nan,nan,nan,nan,nan,nan,nan,nan,nan,nan
241.7201783657074,-0.4099999964237213,4.0269999504089355,4.057000160217285,4.053999900817871,4.059000015258789,4.059000015258789,4.064000129699707,nan,nan,nan,nan,nan,nan,nan,nan,nan,nan,nan,nan
241.90017223358154,-0.4000000059604645,4.0279998779296875,4.057000160217285,4.053999900817871,4.059000015258789,4.059999942779541,4.064000129699707,nan,nan,nan,nan,nan,nan,nan,nan,nan,nan,nan,nan
242.06070470809937,-0.4099999964237213,4.0269999504089355,4.058000087738037,4.053999900817871,4.059000015258789,4.059999942779541,4.064000129699707,nan,nan,nan,nan,nan,nan,nan,nan,nan,nan,nan,nan
242.23945355415344,-0.4099999964237213,4.0269999504089355,4.057000160217285,4.053999900817871,4.059000015258789,4.059999942779541,4.064000129699707,nan,nan,nan,nan,nan,nan,nan,nan,nan,nan,nan,nan
242.4197859764099,-0.4000000059604645,4.0269999504089355,4.057000160217285,4.053999900817871,4.059000015258789,4.059000015258789,4.064000129699707,nan,nan,nan,nan,nan,nan,nan,nan,nan,nan,nan,nan
242.5792396068573,-0.4000000059604645,4.0269999504089355,4.057000160217285,4.053999900817871,4.059000015258789,4.059000015258789,4.064000129699707,nan,nan,nan,nan,nan,nan,nan,nan,nan,nan,nan,nan
242.75973439216614,-0.4000000059604645,4.0279998779296875,4.058000087738037,4.053999900817871,4.059000015258789,4.059999942779541,4.064000129699707,nan,nan,nan,nan,nan,nan,nan,nan,nan,nan,nan,nan
242.91879987716675,-0.4000000059604645,4.0269999504089355,4.057000160217285,4.053999900817871,4.059000015258789,4.059000015258789,4.064000129699707,nan,nan,nan,nan,nan,nan,nan,nan,nan,nan,nan,nan
243.09929037094116,-0.4000000059604645,4.0269999504089355,4.057000160217285,4.053999900817871,4.059000015258789,4.059999942779541,4.064000129699707,nan,nan,nan,nan,nan,nan,nan,nan,nan,nan,nan,nan
243.27959370613098,-0.4000000059604645,4.0269999504089355,4.057000160217285,4.053999900817871,4.059000015258789,4.059000015258789,4.064000129699707,nan,nan,nan,nan,nan,nan,nan,nan,nan,nan,nan,nan
243.43875789642334,-0.4000000059604645,4.0269999504089355,4.057000160217285,4.053999900817871,4.059000015258789,4.059000015258789,4.064000129699707,nan,nan,nan,nan,nan,nan,nan,nan,nan,nan,nan,nan
243.6191761493683,-0.4000000059604645,4.0269999504089355,4.057000160217285,4.053999900817871,4.059000015258789,4.059999942779541,4.063000202178955,nan,nan,nan,nan,nan,nan,nan,nan,nan,nan,nan,nan
243.7801489830017,-0.4000000059604645,4.0269999504089355,4.057000160217285,4.053999900817871,4.059000015258789,4.059000015258789,4.064000129699707,nan,nan,nan,nan,nan,nan,nan,nan,nan,nan,nan,nan
243.9589123725891,-0.4099999964237213,4.0279998779296875,4.057000160217285,4.053999900817871,4.059000015258789,4.059999942779541,4.064000129699707,nan,nan,nan,nan,nan,nan,nan,nan,nan,nan,nan,nan
244.13922309875488,-0.4000000059604645,4.0269999504089355,4.057000160217285,4.053999900817871,4.059000015258789,4.059000015258789,4.064000129699707,nan,nan,nan,nan,nan,nan,nan,nan,nan,nan,nan,nan
244.3002758026123,-0.41999998688697815,4.0269999504089355,4.057000160217285,4.053999900817871,4.059000015258789,4.059999942779541,4.063000202178955,nan,nan,nan,nan,nan,nan,nan,nan,nan,nan,nan,nan
244.47932863235474,-0.41999998688697815,4.0269999504089355,4.057000160217285,4.053999900817871,4.059000015258789,4.059999942779541,4.064000129699707,nan,nan,nan,nan,nan,nan,nan,nan,nan,nan,nan,nan
244.65949201583862,-0.4000000059604645,4.0269999504089355,4.057000160217285,4.053999900817871,4.059000015258789,4.059999942779541,4.063000202178955,nan,nan,nan,nan,nan,nan,nan,nan,nan,nan,nan,nan
244.8187403678894,-0.4000000059604645,4.0269999504089355,4.057000160217285,4.053999900817871,4.059000015258789,4.059999942779541,4.064000129699707,nan,nan,nan,nan,nan,nan,nan,nan,nan,nan,nan,nan
244.99933743476868,-0.4000000059604645,4.0269999504089355,4.057000160217285,4.053999900817871,4.059000015258789,4.059999942779541,4.064000129699707,nan,nan,nan,nan,nan,nan,nan,nan,nan,nan,nan,nan
245.16033363342285,-0.4099999964237213,4.0269999504089355,4.057000160217285,4.053999900817871,4.059000015258789,4.059000015258789,4.063000202178955,nan,nan,nan,nan,nan,nan,nan,nan,nan,nan,nan,nan
245.3389744758606,-0.4000000059604645,4.0269999504089355,4.058000087738037,4.053999900817871,4.059000015258789,4.059000015258789,4.064000129699707,nan,nan,nan,nan,nan,nan,nan,nan,nan,nan,nan,nan
245.51926040649414,-0.3799999952316284,4.0269999504089355,4.057000160217285,4.053999900817871,4.059000015258789,4.059999942779541,4.064000129699707,nan,nan,nan,nan,nan,nan,nan,nan,nan,nan,nan,nan
245.6787497997284,-0.4000000059604645,4.0269999504089355,4.058000087738037,4.053999900817871,4.059000015258789,4.059000015258789,4.064000129699707,nan,nan,nan,nan,nan,nan,nan,nan,nan,nan,nan,nan
245.85914754867554,-0.4000000059604645,4.0269999504089355,4.058000087738037,4.053999900817871,4.059000015258789,4.059000015258789,4.064000129699707,nan,nan,nan,nan,nan,nan,nan,nan,nan,nan,nan,nan
246.02014803886414,-0.4000000059604645,4.0269999504089355,4.057000160217285,4.053999900817871,4.059000015258789,4.059999942779541,4.064000129699707,nan,nan,nan,nan,nan,nan,nan,nan,nan,nan,nan,nan
246.2004463672638,-0.4099999964237213,4.0269999504089355,4.057000160217285,4.053999900817871,4.059000015258789,4.059999942779541,4.063000202178955,nan,nan,nan,nan,nan,nan,nan,nan,nan,nan,nan,nan
246.3796124458313,-0.4000000059604645,4.0269999504089355,4.057000160217285,4.053999900817871,4.059000015258789,4.059999942779541,4.064000129699707,nan,nan,nan,nan,nan,nan,nan,nan,nan,nan,nan,nan
246.5401473045349,-0.4099999964237213,4.0269999504089355,4.057000160217285,4.053999900817871,4.059000015258789,4.059000015258789,4.063000202178955,nan,nan,nan,nan,nan,nan,nan,nan,nan,nan,nan,nan
246.718905210495,-0.4000000059604645,4.0269999504089355,4.057000160217285,4.053999900817871,4.059000015258789,4.059000015258789,4.063000202178955,nan,nan,nan,nan,nan,nan,nan,nan,nan,nan,nan,nan
246.89937281608582,-0.4000000059604645,4.0269999504089355,4.057000160217285,4.053999900817871,4.059000015258789,4.059000015258789,4.064000129699707,nan,nan,nan,nan,nan,nan,nan,nan,nan,nan,nan,nan
247.05908489227295,-0.4099999964237213,4.0269999504089355,4.057000160217285,4.053999900817871,4.059000015258789,4.059000015258789,4.064000129699707,nan,nan,nan,nan,nan,nan,nan,nan,nan,nan,nan,nan
247.23932671546936,-0.4000000059604645,4.0269999504089355,4.057000160217285,4.053999900817871,4.059000015258789,4.059999942779541,4.063000202178955,nan,nan,nan,nan,nan,nan,nan,nan,nan,nan,nan,nan
247.39889669418335,-0.4000000059604645,4.0269999504089355,4.057000160217285,4.053999900817871,4.059000015258789,4.059999942779541,4.064000129699707,nan,nan,nan,nan,nan,nan,nan,nan,nan,nan,nan,nan
247.57932496070862,-0.38999998569488525,4.0269999504089355,4.057000160217285,4.053999900817871,4.059000015258789,4.059000015258789,4.063000202178955,nan,nan,nan,nan,nan,nan,nan,nan,nan,nan,nan,nan
247.75948119163513,-0.4000000059604645,4.0269999504089355,4.057000160217285,4.053999900817871,4.059000015258789,4.059000015258789,4.064000129699707,nan,nan,nan,nan,nan,nan,nan,nan,nan,nan,nan,nan
247.91899609565735,-0.4000000059604645,4.0269999504089355,4.057000160217285,4.053999900817871,4.059000015258789,4.059000015258789,4.064000129699707,nan,nan,nan,nan,nan,nan,nan,nan,nan,nan,nan,nan
248.09922814369202,-0.4000000059604645,4.0269999504089355,4.057000160217285,4.053999900817871,4.059000015258789,4.059000015258789,4.064000129699707,nan,nan,nan,nan,nan,nan,nan,nan,nan,nan,nan,nan
248.25900983810425,-0.4000000059604645,4.0269999504089355,4.057000160217285,4.053999900817871,4.059000015258789,4.059999942779541,4.064000129699707,nan,nan,nan,nan,nan,nan,nan,nan,nan,nan,nan,nan
248.43942260742188,-0.4099999964237213,4.0269999504089355,4.057000160217285,4.053999900817871,4.059000015258789,4.059000015258789,4.063000202178955,nan,nan,nan,nan,nan,nan,nan,nan,nan,nan,nan,nan
248.61962914466858,-0.4000000059604645,4.0269999504089355,4.057000160217285,4.053999900817871,4.059000015258789,4.059000015258789,4.063000202178955,nan,nan,nan,nan,nan,nan,nan,nan,nan,nan,nan,nan
248.77929019927979,-0.4000000059604645,4.0269999504089355,4.057000160217285,4.053999900817871,4.059000015258789,4.059000015258789,4.063000202178955,nan,nan,nan,nan,nan,nan,nan,nan,nan,nan,nan,nan
248.95941972732544,-0.4000000059604645,4.0269999504089355,4.057000160217285,4.053999900817871,4.059000015258789,4.059000015258789,4.063000202178955,nan,nan,nan,nan,nan,nan,nan,nan,nan,nan,nan,nan
249.14117622375488,-0.4000000059604645,4.0269999504089355,4.057000160217285,4.053999900817871,4.059000015258789,4.059000015258789,4.063000202178955,nan,nan,nan,nan,nan,nan,nan,nan,nan,nan,nan,nan
249.30062198638916,-0.4000000059604645,4.0269999504089355,4.057000160217285,4.053999900817871,4.059000015258789,4.059000015258789,4.064000129699707,nan,nan,nan,nan,nan,nan,nan,nan,nan,nan,nan,nan
249.47948670387268,-0.4000000059604645,4.0269999504089355,4.057000160217285,4.053999900817871,4.059000015258789,4.059000015258789,4.064000129699707,nan,nan,nan,nan,nan,nan,nan,nan,nan,nan,nan,nan
249.63913559913635,-0.4099999964237213,4.0269999504089355,4.057000160217285,4.053999900817871,4.059000015258789,4.059000015258789,4.064000129699707,nan,nan,nan,nan,nan,nan,nan,nan,nan,nan,nan,nan
249.81952142715454,-0.4099999964237213,4.0269999504089355,4.057000160217285,4.053999900817871,4.059000015258789,4.059000015258789,4.064000129699707,nan,nan,nan,nan,nan,nan,nan,nan,nan,nan,nan,nan
249.99928402900696,-0.4000000059604645,4.0269999504089355,4.057000160217285,4.053999900817871,4.059000015258789,4.059000015258789,4.063000202178955,nan,nan,nan,nan,nan,nan,nan,nan,nan,nan,nan,nan
250.15901470184326,-0.4099999964237213,4.0269999504089355,4.057000160217285,4.053999900817871,4.059000015258789,4.059000015258789,4.063000202178955,nan,nan,nan,nan,nan,nan,nan,nan,nan,nan,nan,nan
250.3396418094635,-0.3799999952316284,4.0269999504089355,4.057000160217285,4.053999900817871,4.059000015258789,4.059000015258789,4.064000129699707,nan,nan,nan,nan,nan,nan,nan,nan,nan,nan,nan,nan
250.49935245513916,-0.4000000059604645,4.0269999504089355,4.057000160217285,4.053999900817871,4.059000015258789,4.059000015258789,4.063000202178955,nan,nan,nan,nan,nan,nan,nan,nan,nan,nan,nan,nan
250.67956233024597,-0.4099999964237213,4.0269999504089355,4.057000160217285,4.053999900817871,4.059000015258789,4.059000015258789,4.064000129699707,nan,nan,nan,nan,nan,nan,nan,nan,nan,nan,nan,nan
250.85981345176697,-0.4000000059604645,4.0269999504089355,4.057000160217285,4.053999900817871,4.059000015258789,4.059000015258789,4.063000202178955,nan,nan,nan,nan,nan,nan,nan,nan,nan,nan,nan,nan
251.0209560394287,-0.4099999964237213,4.0269999504089355,4.057000160217285,4.053999900817871,4.059000015258789,4.059000015258789,4.064000129699707,nan,nan,nan,nan,nan,nan,nan,nan,nan,nan,nan,nan
251.19990611076355,-0.41999998688697815,4.0269999504089355,4.057000160217285,4.053999900817871,4.059000015258789,4.059000015258789,4.064000129699707,nan,nan,nan,nan,nan,nan,nan,nan,nan,nan,nan,nan
251.38012051582336,-0.4000000059604645,4.0269999504089355,4.057000160217285,4.053999900817871,4.059000015258789,4.059000015258789,4.063000202178955,nan,nan,nan,nan,nan,nan,nan,nan,nan,nan,nan,nan
251.5401096343994,-0.38999998569488525,4.0269999504089355,4.057000160217285,4.053999900817871,4.059000015258789,4.059000015258789,4.063000202178955,nan,nan,nan,nan,nan,nan,nan,nan,nan,nan,nan,nan
251.72011017799377,-0.4000000059604645,4.0269999504089355,4.057000160217285,4.053999900817871,4.059000015258789,4.059000015258789,4.063000202178955,nan,nan,nan,nan,nan,nan,nan,nan,nan,nan,nan,nan
251.87972831726074,-0.4000000059604645,4.0269999504089355,4.057000160217285,4.053999900817871,4.059000015258789,4.059000015258789,4.064000129699707,nan,nan,nan,nan,nan,nan,nan,nan,nan,nan,nan,nan
252.05995225906372,-0.38999998569488525,4.0269999504089355,4.057000160217285,4.053999900817871,4.059000015258789,4.059000015258789,4.063000202178955,nan,nan,nan,nan,nan,nan,nan,nan,nan,nan,nan,nan
252.23868918418884,-0.38999998569488525,4.0269999504089355,4.057000160217285,4.053999900817871,4.059000015258789,4.059000015258789,4.064000129699707,nan,nan,nan,nan,nan,nan,nan,nan,nan,nan,nan,nan
252.40009212493896,-0.4300000071525574,4.0269999504089355,4.057000160217285,4.053999900817871,4.059000015258789,4.059000015258789,4.064000129699707,nan,nan,nan,nan,nan,nan,nan,nan,nan,nan,nan,nan
252.57998895645142,-0.4099999964237213,4.0269999504089355,4.057000160217285,4.053999900817871,4.059000015258789,4.059000015258789,4.064000129699707,nan,nan,nan,nan,nan,nan,nan,nan,nan,nan,nan,nan
252.758971452713,-0.4099999964237213,4.0269999504089355,4.057000160217285,4.053999900817871,4.059000015258789,4.059000015258789,4.063000202178955,nan,nan,nan,nan,nan,nan,nan,nan,nan,nan,nan,nan
252.9183747768402,-0.38999998569488525,4.0269999504089355,4.057000160217285,4.053999900817871,4.059000015258789,4.059000015258789,4.063000202178955,nan,nan,nan,nan,nan,nan,nan,nan,nan,nan,nan,nan
253.10064888000488,-0.4000000059604645,4.0269999504089355,4.057000160217285,4.053999900817871,4.059000015258789,4.059000015258789,4.063000202178955,nan,nan,nan,nan,nan,nan,nan,nan,nan,nan,nan,nan
253.26034712791443,-0.4000000059604645,4.0269999504089355,4.057000160217285,4.053999900817871,4.059000015258789,4.059000015258789,4.063000202178955,nan,nan,nan,nan,nan,nan,nan,nan,nan,nan,nan,nan
253.43905186653137,-0.4099999964237213,4.0269999504089355,4.057000160217285,4.053999900817871,4.059000015258789,4.059000015258789,4.063000202178955,nan,nan,nan,nan,nan,nan,nan,nan,nan,nan,nan,nan
253.6190218925476,-0.38999998569488525,4.0269999504089355,4.057000160217285,4.053999900817871,4.059000015258789,4.059000015258789,4.063000202178955,nan,nan,nan,nan,nan,nan,nan,nan,nan,nan,nan,nan
253.78017210960388,-0.38999998569488525,4.0269999504089355,4.057000160217285,4.053999900817871,4.059000015258789,4.059000015258789,4.063000202178955,nan,nan,nan,nan,nan,nan,nan,nan,nan,nan,nan,nan
253.9599483013153,-0.4000000059604645,4.0269999504089355,4.057000160217285,4.053999900817871,4.059000015258789,4.059000015258789,4.063000202178955,nan,nan,nan,nan,nan,nan,nan,nan,nan,nan,nan,nan
254.11941266059875,-0.4000000059604645,4.0269999504089355,4.057000160217285,4.053999900817871,4.059000015258789,4.059000015258789,4.064000129699707,nan,nan,nan,nan,nan,nan,nan,nan,nan,nan,nan,nan
254.29964351654053,-0.4000000059604645,4.0269999504089355,4.057000160217285,4.053999900817871,4.059000015258789,4.059000015258789,4.063000202178955,nan,nan,nan,nan,nan,nan,nan,nan,nan,nan,nan,nan
254.48006319999695,-0.4099999964237213,4.0269999504089355,4.057000160217285,4.053999900817871,4.059000015258789,4.059000015258789,4.064000129699707,nan,nan,nan,nan,nan,nan,nan,nan,nan,nan,nan,nan
254.6397647857666,-0.4000000059604645,4.0269999504089355,4.057000160217285,4.053999900817871,4.059000015258789,4.059000015258789,4.063000202178955,nan,nan,nan,nan,nan,nan,nan,nan,nan,nan,nan,nan
254.8199119567871,-0.4099999964237213,4.0269999504089355,4.057000160217285,4.053999900817871,4.059000015258789,4.059000015258789,4.063000202178955,nan,nan,nan,nan,nan,nan,nan,nan,nan,nan,nan,nan
254.98100090026855,-0.4099999964237213,4.0269999504089355,4.057000160217285,4.053999900817871,4.059000015258789,4.059000015258789,4.063000202178955,nan,nan,nan,nan,nan,nan,nan,nan,nan,nan,nan,nan
255.15992903709412,-0.4000000059604645,4.0269999504089355,4.057000160217285,4.053999900817871,4.059000015258789,4.059000015258789,4.063000202178955,nan,nan,nan,nan,nan,nan,nan,nan,nan,nan,nan,nan
255.340571641922,-0.38999998569488525,4.0269999504089355,4.057000160217285,4.053999900817871,4.059000015258789,4.059000015258789,4.063000202178955,nan,nan,nan,nan,nan,nan,nan,nan,nan,nan,nan,nan
255.4999029636383,-0.4000000059604645,4.0269999504089355,4.057000160217285,4.053999900817871,4.059000015258789,4.059000015258789,4.064000129699707,nan,nan,nan,nan,nan,nan,nan,nan,nan,nan,nan,nan
255.6801872253418,-0.4000000059604645,4.0269999504089355,4.057000160217285,4.053999900817871,4.059000015258789,4.059000015258789,4.063000202178955,nan,nan,nan,nan,nan,nan,nan,nan,nan,nan,nan,nan
255.85920023918152,-0.4000000059604645,4.0269999504089355,4.057000160217285,4.053999900817871,4.059000015258789,4.059000015258789,4.064000129699707,nan,nan,nan,nan,nan,nan,nan,nan,nan,nan,nan,nan
256.0201938152313,-0.4000000059604645,4.0269999504089355,4.057000160217285,4.053999900817871,4.059000015258789,4.059000015258789,4.063000202178955,nan,nan,nan,nan,nan,nan,nan,nan,nan,nan,nan,nan
256.19904947280884,-0.4099999964237213,4.0269999504089355,4.057000160217285,4.053999900817871,4.059000015258789,4.059000015258789,4.063000202178955,nan,nan,nan,nan,nan,nan,nan,nan,nan,nan,nan,nan
256.36000537872314,-0.4099999964237213,4.0269999504089355,4.057000160217285,4.053999900817871,4.059000015258789,4.059000015258789,4.064000129699707,nan,nan,nan,nan,nan,nan,nan,nan,nan,nan,nan,nan
256.53880882263184,-0.4000000059604645,4.0269999504089355,4.057000160217285,4.053999900817871,4.058000087738037,4.059000015258789,4.063000202178955,nan,nan,nan,nan,nan,nan,nan,nan,nan,nan,nan,nan
256.71929001808167,-0.38999998569488525,4.0269999504089355,4.057000160217285,4.053999900817871,4.059000015258789,4.059000015258789,4.063000202178955,nan,nan,nan,nan,nan,nan,nan,nan,nan,nan,nan,nan
256.8800802230835,-0.4099999964237213,4.0269999504089355,4.057000160217285,4.053999900817871,4.059000015258789,4.059000015258789,4.063000202178955,nan,nan,nan,nan,nan,nan,nan,nan,nan,nan,nan,nan
257.0603573322296,-0.4099999964237213,4.0269999504089355,4.057000160217285,4.053999900817871,4.059000015258789,4.059000015258789,4.064000129699707,nan,nan,nan,nan,nan,nan,nan,nan,nan,nan,nan,nan
257.2390422821045,-0.4000000059604645,4.0269999504089355,4.057000160217285,4.053999900817871,4.059000015258789,4.059000015258789,4.063000202178955,nan,nan,nan,nan,nan,nan,nan,nan,nan,nan,nan,nan
257.4002459049225,-0.4000000059604645,4.0269999504089355,4.057000160217285,4.053999900817871,4.058000087738037,4.059000015258789,4.063000202178955,nan,nan,nan,nan,nan,nan,nan,nan,nan,nan,nan,nan
257.57908821105957,-0.38999998569488525,4.0269999504089355,4.057000160217285,4.052999973297119,4.059000015258789,4.059000015258789,4.063000202178955,nan,nan,nan,nan,nan,nan,nan,nan,nan,nan,nan,nan
257.7388343811035,-0.4000000059604645,4.0269999504089355,4.057000160217285,4.053999900817871,4.059000015258789,4.059000015258789,4.063000202178955,nan,nan,nan,nan,nan,nan,nan,nan,nan,nan,nan,nan
257.9191143512726,-0.38999998569488525,4.0269999504089355,4.057000160217285,4.053999900817871,4.059000015258789,4.059000015258789,4.064000129699707,nan,nan,nan,nan,nan,nan,nan,nan,nan,nan,nan,nan
258.099689245224,-0.4099999964237213,4.0269999504089355,4.057000160217285,4.053999900817871,4.059000015258789,4.059000015258789,4.063000202178955,nan,nan,nan,nan,nan,nan,nan,nan,nan,nan,nan,nan
258.2590582370758,-0.4000000059604645,4.0269999504089355,4.057000160217285,4.053999900817871,4.059000015258789,4.059000015258789,4.063000202178955,nan,nan,nan,nan,nan,nan,nan,nan,nan,nan,nan,nan
258.4391841888428,-0.4099999964237213,4.0269999504089355,4.057000160217285,4.053999900817871,4.058000087738037,4.059000015258789,4.063000202178955,nan,nan,nan,nan,nan,nan,nan,nan,nan,nan,nan,nan
258.60045742988586,-0.4099999964237213,4.0269999504089355,4.057000160217285,4.053999900817871,4.059000015258789,4.059000015258789,4.063000202178955,nan,nan,nan,nan,nan,nan,nan,nan,nan,nan,nan,nan
258.780565738678,-0.4000000059604645,4.0269999504089355,4.057000160217285,4.053999900817871,4.059000015258789,4.059000015258789,4.063000202178955,nan,nan,nan,nan,nan,nan,nan,nan,nan,nan,nan,nan
258.96090483665466,-0.4000000059604645,4.0269999504089355,4.057000160217285,4.053999900817871,4.059000015258789,4.059000015258789,4.063000202178955,nan,nan,nan,nan,nan,nan,nan,nan,nan,nan,nan,nan
259.11909461021423,-0.4000000059604645,4.0269999504089355,4.057000160217285,4.053999900817871,4.058000087738037,4.059000015258789,4.063000202178955,nan,nan,nan,nan,nan,nan,nan,nan,nan,nan,nan,nan
259.29948353767395,-0.38999998569488525,4.0269999504089355,4.057000160217285,4.053999900817871,4.059000015258789,4.059000015258789,4.063000202178955,nan,nan,nan,nan,nan,nan,nan,nan,nan,nan,nan,nan
259.47963547706604,-0.38999998569488525,4.0269999504089355,4.057000160217285,4.053999900817871,4.059000015258789,4.059000015258789,4.064000129699707,nan,nan,nan,nan,nan,nan,nan,nan,nan,nan,nan,nan
259.63969445228577,-0.4000000059604645,4.0269999504089355,4.057000160217285,4.053999900817871,4.059000015258789,4.059000015258789,4.063000202178955,nan,nan,nan,nan,nan,nan,nan,nan,nan,nan,nan,nan
259.8193361759186,-0.4000000059604645,4.0269999504089355,4.057000160217285,4.053999900817871,4.059000015258789,4.059000015258789,4.063000202178955,nan,nan,nan,nan,nan,nan,nan,nan,nan,nan,nan,nan
259.98050475120544,-0.4099999964237213,4.0269999504089355,4.057000160217285,4.053999900817871,4.059000015258789,4.059000015258789,4.064000129699707,nan,nan,nan,nan,nan,nan,nan,nan,nan,nan,nan,nan
260.16200065612793,-0.4099999964237213,4.0269999504089355,4.057000160217285,4.053999900817871,4.059000015258789,4.059000015258789,4.064000129699707,nan,nan,nan,nan,nan,nan,nan,nan,nan,nan,nan,nan
260.3395655155182,-0.4000000059604645,4.0269999504089355,4.057000160217285,4.053999900817871,4.058000087738037,4.059000015258789,4.063000202178955,nan,nan,nan,nan,nan,nan,nan,nan,nan,nan,nan,nan
260.50019431114197,-0.4000000059604645,4.0269999504089355,4.057000160217285,4.053999900817871,4.059000015258789,4.059000015258789,4.064000129699707,nan,nan,nan,nan,nan,nan,nan,nan,nan,nan,nan,nan
260.67899560928345,-0.4099999964237213,4.0269999504089355,4.057000160217285,4.053999900817871,4.059000015258789,4.059000015258789,4.063000202178955,nan,nan,nan,nan,nan,nan,nan,nan,nan,nan,nan,nan
260.84003949165344,-0.4000000059604645,4.0269999504089355,4.057000160217285,4.053999900817871,4.058000087738037,4.059000015258789,4.063000202178955,nan,nan,nan,nan,nan,nan,nan,nan,nan,nan,nan,nan
261.020467042923,-0.4000000059604645,4.0269999504089355,4.057000160217285,4.053999900817871,4.059000015258789,4.059000015258789,4.063000202178955,nan,nan,nan,nan,nan,nan,nan,nan,nan,nan,nan,nan
261.1995072364807,-0.4000000059604645,4.0269999504089355,4.057000160217285,4.053999900817871,4.059000015258789,4.059000015258789,4.063000202178955,nan,nan,nan,nan,nan,nan,nan,nan,nan,nan,nan,nan
261.3599662780762,-0.3799999952316284,4.0269999504089355,4.057000160217285,4.053999900817871,4.059000015258789,4.059000015258789,4.063000202178955,nan,nan,nan,nan,nan,nan,nan,nan,nan,nan,nan,nan
261.540230512619,-0.4099999964237213,4.0269999504089355,4.057000160217285,4.053999900817871,4.059000015258789,4.059000015258789,4.064000129699707,nan,nan,nan,nan,nan,nan,nan,nan,nan,nan,nan,nan
261.72054648399353,-0.4000000059604645,4.0269999504089355,4.057000160217285,4.053999900817871,4.059000015258789,4.059000015258789,4.063000202178955,nan,nan,nan,nan,nan,nan,nan,nan,nan,nan,nan,nan
261.87969493865967,-0.4000000059604645,4.0269999504089355,4.057000160217285,4.053999900817871,4.059000015258789,4.059000015258789,4.063000202178955,nan,nan,nan,nan,nan,nan,nan,nan,nan,nan,nan,nan
262.06041049957275,-0.4000000059604645,4.0269999504089355,4.057000160217285,4.053999900817871,4.059000015258789,4.059000015258789,4.063000202178955,nan,nan,nan,nan,nan,nan,nan,nan,nan,nan,nan,nan
262.22119426727295,-0.38999998569488525,4.0269999504089355,4.057000160217285,4.053999900817871,4.059000015258789,4.059000015258789,4.063000202178955,nan,nan,nan,nan,nan,nan,nan,nan,nan,nan,nan,nan
262.40026450157166,-0.4000000059604645,4.0269999504089355,4.057000160217285,4.053999900817871,4.059000015258789,4.059000015258789,4.063000202178955,nan,nan,nan,nan,nan,nan,nan,nan,nan,nan,nan,nan
262.5804605484009,-0.4000000059604645,4.0269999504089355,4.057000160217285,4.053999900817871,4.058000087738037,4.059000015258789,4.063000202178955,nan,nan,nan,nan,nan,nan,nan,nan,nan,nan,nan,nan
262.739994764328,-0.4000000059604645,4.0269999504089355,4.057000160217285,4.053999900817871,4.059000015258789,4.059000015258789,4.063000202178955,nan,nan,nan,nan,nan,nan,nan,nan,nan,nan,nan,nan
262.91998624801636,-0.4099999964237213,4.0269999504089355,4.057000160217285,4.053999900817871,4.058000087738037,4.059000015258789,4.063000202178955,nan,nan,nan,nan,nan,nan,nan,nan,nan,nan,nan,nan
263.0794720649719,-0.4000000059604645,4.0269999504089355,4.057000160217285,4.053999900817871,4.058000087738037,4.059000015258789,4.064000129699707,nan,nan,nan,nan,nan,nan,nan,nan,nan,nan,nan,nan
263.2600955963135,-0.4000000059604645,4.0269999504089355,4.057000160217285,4.053999900817871,4.059000015258789,4.059000015258789,4.063000202178955,nan,nan,nan,nan,nan,nan,nan,nan,nan,nan,nan,nan
263.44019651412964,-0.41999998688697815,4.026000022888184,4.057000160217285,4.053999900817871,4.059000015258789,4.059000015258789,4.063000202178955,nan,nan,nan,nan,nan,nan,nan,nan,nan,nan,nan,nan
263.5995063781738,-0.38999998569488525,4.0269999504089355,4.057000160217285,4.053999900817871,4.058000087738037,4.059000015258789,4.063000202178955,nan,nan,nan,nan,nan,nan,nan,nan,nan,nan,nan,nan
263.7798435688019,-0.38999998569488525,4.0269999504089355,4.057000160217285,4.053999900817871,4.059000015258789,4.059000015258789,4.063000202178955,nan,nan,nan,nan,nan,nan,nan,nan,nan,nan,nan,nan
263.9390320777893,-0.4099999964237213,4.0269999504089355,4.057000160217285,4.053999900817871,4.059000015258789,4.059000015258789,4.063000202178955,nan,nan,nan,nan,nan,nan,nan,nan,nan,nan,nan,nan
264.11945605278015,-0.4000000059604645,4.026000022888184,4.057000160217285,4.053999900817871,4.059000015258789,4.059000015258789,4.063000202178955,nan,nan,nan,nan,nan,nan,nan,nan,nan,nan,nan,nan
264.3010194301605,-0.38999998569488525,4.0269999504089355,4.057000160217285,4.053999900817871,4.059000015258789,4.059000015258789,4.063000202178955,nan,nan,nan,nan,nan,nan,nan,nan,nan,nan,nan,nan
264.46105194091797,-0.4300000071525574,4.0269999504089355,4.057000160217285,4.053999900817871,4.058000087738037,4.059000015258789,4.063000202178955,nan,nan,nan,nan,nan,nan,nan,nan,nan,nan,nan,nan
264.6405701637268,-0.7300000190734863,4.02400016784668,4.053999900817871,4.050000190734863,4.056000232696533,4.056000232696533,4.059000015258789,nan,nan,nan,nan,nan,0.013333955870709584,nan,nan,nan,nan,nan,0.013333955870709584
264.8197560310364,-0.699999988079071,4.026000022888184,4.056000232696533,4.052999973297119,4.058000087738037,4.058000087738037,4.061999797821045,nan,nan,nan,nan,nan,nan,nan,nan,nan,nan,nan,0.013333955870709584
264.9792387485504,-0.7799999713897705,4.026000022888184,4.056000232696533,4.052000045776367,4.057000160217285,4.058000087738037,4.061999797821045,nan,nan,nan,nan,nan,nan,nan,nan,nan,nan,nan,0.013333955870709584
265.15927958488464,-0.5799999833106995,4.026000022888184,4.056000232696533,4.052999973297119,4.058000087738037,4.058000087738037,4.063000202178955,nan,nan,nan,nan,nan,nan,nan,nan,nan,nan,nan,0.013333955870709584
265.32017707824707,-0.6499999761581421,4.026000022888184,4.056000232696533,4.052999973297119,4.058000087738037,4.058000087738037,4.061999797821045,nan,nan,nan,nan,nan,nan,nan,nan,nan,nan,nan,0.013333955870709584
265.49922823905945,-0.6399999856948853,4.026000022888184,4.056000232696533,4.052999973297119,4.058000087738037,4.058000087738037,4.063000202178955,nan,nan,nan,nan,nan,nan,nan,nan,nan,nan,nan,0.013333955870709584
265.67923283576965,-0.5899999737739563,4.026000022888184,4.056000232696533,4.052999973297119,4.058000087738037,4.058000087738037,4.061999797821045,nan,nan,nan,nan,nan,nan,nan,nan,nan,nan,nan,0.013333955870709584
265.8403220176697,-0.6299999952316284,4.026000022888184,4.056000232696533,4.052999973297119,4.057000160217285,4.058000087738037,4.061999797821045,nan,nan,nan,nan,nan,nan,nan,nan,nan,nan,nan,0.013333955870709584
266.0192551612854,-0.5799999833106995,4.026000022888184,4.056000232696533,4.052999973297119,4.057000160217285,4.058000087738037,4.061999797821045,nan,nan,nan,nan,nan,nan,nan,nan,nan,nan,nan,0.013333955870709584
266.18043780326843,-0.6800000071525574,4.026000022888184,4.056000232696533,4.052000045776367,4.058000087738037,4.058000087738037,4.061999797821045,nan,nan,nan,nan,nan,nan,nan,nan,nan,nan,nan,0.013333955870709584
266.35929226875305,-0.7300000190734863,4.026000022888184,4.056000232696533,4.052999973297119,4.057000160217285,4.058000087738037,4.061999797821045,nan,nan,nan,nan,nan,nan,nan,nan,nan,nan,nan,0.013333955870709584
266.53988242149353,-0.6499999761581421,4.026000022888184,4.056000232696533,4.052999973297119,4.058000087738037,4.058000087738037,4.061999797821045,nan,nan,nan,nan,nan,nan,nan,nan,nan,nan,nan,0.013333955870709584
266.7005567550659,-0.6200000047683716,4.026000022888184,4.056000232696533,4.052000045776367,4.057000160217285,4.058000087738037,4.061999797821045,nan,nan,nan,nan,nan,nan,nan,nan,nan,nan,nan,0.013333955870709584
266.87948203086853,-0.5699999928474426,4.025000095367432,4.056000232696533,4.052999973297119,4.057000160217285,4.058000087738037,4.061999797821045,nan,nan,nan,nan,nan,nan,nan,nan,nan,nan,nan,0.013333955870709584
267.0614483356476,-0.6100000143051147,4.026000022888184,4.056000232696533,4.052999973297119,4.057000160217285,4.058000087738037,4.061999797821045,nan,nan,nan,nan,nan,nan,nan,nan,nan,nan,nan,0.013333955870709584
267.2191059589386,-0.5799999833106995,4.026000022888184,4.056000232696533,4.052999973297119,4.057000160217285,4.058000087738037,4.061999797821045,nan,nan,nan,nan,nan,nan,nan,nan,nan,nan,nan,0.013333955870709584
267.39937806129456,-0.7300000190734863,4.026000022888184,4.056000232696533,4.052999973297119,4.057000160217285,4.058000087738037,4.061999797821045,nan,nan,nan,nan,nan,nan,nan,nan,nan,nan,nan,0.013333955870709584
267.55933260917664,-0.6700000166893005,4.026000022888184,4.056000232696533,4.052999973297119,4.057000160217285,4.058000087738037,4.061999797821045,nan,nan,nan,nan,nan,nan,nan,nan,nan,nan,nan,0.013333955870709584
267.7408194541931,-0.699999988079071,4.026000022888184,4.056000232696533,4.052000045776367,4.057000160217285,4.058000087738037,4.061999797821045,nan,nan,nan,nan,nan,nan,nan,nan,nan,nan,nan,0.013333955870709584
267.9199013710022,-0.5799999833106995,4.026000022888184,4.056000232696533,4.052000045776367,4.058000087738037,4.058000087738037,4.061999797821045,nan,nan,nan,nan,nan,nan,nan,nan,nan,nan,nan,0.013333955870709584
268.08079171180725,-0.6000000238418579,4.026000022888184,4.056000232696533,4.052999973297119,4.057000160217285,4.058000087738037,4.061999797821045,nan,nan,nan,nan,nan,nan,nan,nan,nan,nan,nan,0.013333955870709584
268.2594223022461,-0.6000000238418579,4.026000022888184,4.056000232696533,4.052999973297119,4.057000160217285,4.058000087738037,4.061999797821045,nan,nan,nan,nan,nan,nan,nan,nan,nan,nan,nan,0.013333955870709584
268.4199728965759,-0.6800000071525574,4.025000095367432,4.056000232696533,4.052999973297119,4.057000160217285,4.058000087738037,4.061999797821045,nan,nan,nan,nan,nan,nan,nan,nan,nan,nan,nan,0.013333955870709584
268.6004557609558,-0.5699999928474426,4.025000095367432,4.056000232696533,4.052000045776367,4.057000160217285,4.057000160217285,4.061999797821045,nan,nan,nan,nan,nan,nan,nan,nan,nan,nan,nan,0.013333955870709584
268.78043508529663,-0.6100000143051147,4.026000022888184,4.056000232696533,4.052000045776367,4.057000160217285,4.058000087738037,4.061999797821045,nan,nan,nan,nan,nan,nan,nan,nan,nan,nan,nan,0.013333955870709584
268.9400725364685,-0.699999988079071,4.025000095367432,4.056000232696533,4.052000045776367,4.057000160217285,4.058000087738037,4.061999797821045,nan,nan,nan,nan,nan,nan,nan,nan,nan,nan,nan,0.013333955870709584
269.11998081207275,-0.7400000095367432,4.026000022888184,4.056000232696533,4.052000045776367,4.057000160217285,4.058000087738037,4.061999797821045,nan,nan,nan,nan,nan,nan,nan,nan,nan,nan,nan,0.013333955870709584
269.28102135658264,-0.5600000023841858,4.025000095367432,4.056000232696533,4.052000045776367,4.057000160217285,4.058000087738037,4.061999797821045,nan,nan,nan,nan,nan,nan,nan,nan,nan,nan,nan,0.013333955870709584
269.46007227897644,-0.7099999785423279,4.025000095367432,4.056000232696533,4.052000045776367,4.057000160217285,4.058000087738037,4.061999797821045,nan,nan,nan,nan,nan,nan,nan,nan,nan,nan,nan,0.013333955870709584
269.6405289173126,-0.6000000238418579,4.025000095367432,4.056000232696533,4.052000045776367,4.057000160217285,4.058000087738037,4.061999797821045,nan,nan,nan,nan,nan,nan,nan,nan,nan,nan,nan,0.013333955870709584
269.79994010925293,-0.6100000143051147,4.025000095367432,4.056000232696533,4.052000045776367,4.057000160217285,4.058000087738037,4.061999797821045,nan,nan,nan,nan,nan,nan,nan,nan,nan,nan,nan,0.013333955870709584
269.9795925617218,-0.7300000190734863,4.025000095367432,4.056000232696533,4.052000045776367,4.057000160217285,4.058000087738037,4.061999797821045,nan,nan,nan,nan,nan,nan,nan,nan,nan,nan,nan,0.013333955870709584
270.15981912612915,-0.5699999928474426,4.025000095367432,4.056000232696533,4.052000045776367,4.057000160217285,4.057000160217285,4.061999797821045,nan,nan,nan,nan,nan,nan,nan,nan,nan,nan,nan,0.013333955870709584
270.32104420661926,-0.6100000143051147,4.025000095367432,4.054999828338623,4.052000045776367,4.057000160217285,4.057000160217285,4.061999797821045,nan,nan,nan,nan,nan,nan,nan,nan,nan,nan,nan,0.013333955870709584
270.4998188018799,-0.4000000059604645,4.025000095367432,4.056000232696533,4.052999973297119,4.058000087738037,4.058000087738037,4.061999797821045,nan,nan,nan,nan,nan,nan,nan,nan,nan,nan,nan,0.013333955870709584
270.66085052490234,-0.4000000059604645,4.026000022888184,4.056000232696533,4.052999973297119,4.058000087738037,4.058000087738037,4.063000202178955,nan,nan,nan,nan,nan,nan,nan,nan,nan,nan,nan,0.013333955870709584
270.83914017677307,-0.4000000059604645,4.026000022888184,4.056000232696533,4.052999973297119,4.058000087738037,4.058000087738037,4.063000202178955,nan,nan,nan,nan,nan,nan,nan,nan,nan,nan,nan,0.013333955870709584
271.0196301937103,-0.38999998569488525,4.026000022888184,4.056000232696533,4.052999973297119,4.058000087738037,4.058000087738037,4.063000202178955,nan,nan,nan,nan,nan,nan,nan,nan,nan,nan,nan,0.013333955870709584
271.1793842315674,-0.4000000059604645,4.026000022888184,4.056000232696533,4.052999973297119,4.058000087738037,4.058000087738037,4.061999797821045,nan,nan,nan,nan,nan,nan,nan,nan,nan,nan,nan,0.013333955870709584
271.3595440387726,-0.4099999964237213,4.026000022888184,4.056000232696533,4.052999973297119,4.058000087738037,4.058000087738037,4.063000202178955,nan,nan,nan,nan,nan,nan,nan,nan,nan,nan,nan,0.013333955870709584
271.5200252532959,-0.4099999964237213,4.026000022888184,4.056000232696533,4.052999973297119,4.058000087738037,4.058000087738037,4.063000202178955,nan,nan,nan,nan,nan,nan,nan,nan,nan,nan,nan,0.013333955870709584
271.6985433101654,-0.4000000059604645,4.026000022888184,4.056000232696533,4.052999973297119,4.058000087738037,4.058000087738037,4.063000202178955,nan,nan,nan,nan,nan,nan,nan,nan,nan,nan,nan,0.013333955870709584
271.8791332244873,-0.38999998569488525,4.026000022888184,4.056000232696533,4.052999973297119,4.058000087738037,4.058000087738037,4.063000202178955,nan,nan,nan,nan,nan,nan,nan,nan,nan,nan,nan,0.013333955870709584
272.0400104522705,-0.4099999964237213,4.026000022888184,4.056000232696533,4.052999973297119,4.058000087738037,4.058000087738037,4.063000202178955,nan,nan,nan,nan,nan,nan,nan,nan,nan,nan,nan,0.013333955870709584
272.219477891922,-0.4099999964237213,4.026000022888184,4.056000232696533,4.052999973297119,4.058000087738037,4.058000087738037,4.061999797821045,nan,nan,nan,nan,nan,nan,nan,nan,nan,nan,nan,0.013333955870709584
272.3995189666748,-0.4000000059604645,4.026000022888184,4.056000232696533,4.052999973297119,4.058000087738037,4.058000087738037,4.063000202178955,nan,nan,nan,nan,nan,nan,nan,nan,nan,nan,nan,0.013333955870709584
272.56062722206116,-0.4000000059604645,4.026000022888184,4.056000232696533,4.052999973297119,4.058000087738037,4.058000087738037,4.063000202178955,nan,nan,nan,nan,nan,nan,nan,nan,nan,nan,nan,0.013333955870709584
272.73952984809875,-0.4000000059604645,4.026000022888184,4.056000232696533,4.052999973297119,4.058000087738037,4.058000087738037,4.063000202178955,nan,nan,nan,nan,nan,nan,nan,nan,nan,nan,nan,0.013333955870709584
272.89959502220154,-0.4000000059604645,4.026000022888184,4.056000232696533,4.052999973297119,4.058000087738037,4.058000087738037,4.063000202178955,nan,nan,nan,nan,nan,nan,nan,nan,nan,nan,nan,0.013333955870709584
273.0809819698334,-0.4099999964237213,4.026000022888184,4.056000232696533,4.052999973297119,4.058000087738037,4.058000087738037,4.063000202178955,nan,nan,nan,nan,nan,nan,nan,nan,nan,nan,nan,0.013333955870709584
273.26079773902893,-0.4000000059604645,4.026000022888184,4.056000232696533,4.052999973297119,4.058000087738037,4.058000087738037,4.063000202178955,nan,nan,nan,nan,nan,nan,nan,nan,nan,nan,nan,0.013333955870709584
273.41953349113464,-0.4000000059604645,4.026000022888184,4.056000232696533,4.052999973297119,4.058000087738037,4.058000087738037,4.061999797821045,nan,nan,nan,nan,nan,nan,nan,nan,nan,nan,nan,0.013333955870709584
273.5993676185608,-0.41999998688697815,4.026000022888184,4.056000232696533,4.052999973297119,4.058000087738037,4.058000087738037,4.063000202178955,nan,nan,nan,nan,nan,nan,nan,nan,nan,nan,nan,0.013333955870709584
273.76068139076233,-0.4099999964237213,4.026000022888184,4.056000232696533,4.052999973297119,4.057000160217285,4.058000087738037,4.063000202178955,nan,nan,nan,nan,nan,nan,nan,nan,nan,nan,nan,0.013333955870709584
273.9396548271179,-0.4099999964237213,4.026000022888184,4.056000232696533,4.052999973297119,4.058000087738037,4.058000087738037,4.063000202178955,nan,nan,nan,nan,nan,nan,nan,nan,nan,nan,nan,0.013333955870709584
274.11968779563904,-0.4000000059604645,4.026000022888184,4.056000232696533,4.052999973297119,4.058000087738037,4.058000087738037,4.063000202178955,nan,nan,nan,nan,nan,nan,nan,nan,nan,nan,nan,0.013333955870709584
274.27932620048523,-0.38999998569488525,4.026000022888184,4.056000232696533,4.052999973297119,4.058000087738037,4.058000087738037,4.063000202178955,nan,nan,nan,nan,nan,nan,nan,nan,nan,nan,nan,0.013333955870709584
274.45965218544006,-0.38999998569488525,4.026000022888184,4.056000232696533,4.052999973297119,4.058000087738037,4.058000087738037,4.063000202178955,nan,nan,nan,nan,nan,nan,nan,nan,nan,nan,nan,0.013333955870709584
274.63974165916443,-0.4099999964237213,4.026000022888184,4.056000232696533,4.052999973297119,4.058000087738037,4.058000087738037,4.063000202178955,nan,nan,nan,nan,nan,nan,nan,nan,nan,nan,nan,0.013333955870709584
274.8008153438568,-0.4000000059604645,4.026000022888184,4.056000232696533,4.052999973297119,4.058000087738037,4.058000087738037,4.063000202178955,nan,nan,nan,nan,nan,nan,nan,nan,nan,nan,nan,0.013333955870709584
274.97939682006836,-0.4000000059604645,4.026000022888184,4.056000232696533,4.052999973297119,4.058000087738037,4.059000015258789,4.063000202178955,nan,nan,nan,nan,nan,nan,nan,nan,nan,nan,nan,0.013333955870709584
275.1394877433777,-0.4000000059604645,4.026000022888184,4.056000232696533,4.052999973297119,4.058000087738037,4.058000087738037,4.061999797821045,nan,nan,nan,nan,nan,nan,nan,nan,nan,nan,nan,0.013333955870709584
275.3191661834717,-0.4099999964237213,4.026000022888184,4.056000232696533,4.052999973297119,4.058000087738037,4.058000087738037,4.063000202178955,nan,nan,nan,nan,nan,nan,nan,nan,nan,nan,nan,0.013333955870709584
275.4994115829468,-0.4000000059604645,4.026000022888184,4.056000232696533,4.052999973297119,4.058000087738037,4.058000087738037,4.063000202178955,nan,nan,nan,nan,nan,nan,nan,nan,nan,nan,nan,0.013333955870709584
275.66065669059753,-0.4000000059604645,4.026000022888184,4.056000232696533,4.052999973297119,4.058000087738037,4.058000087738037,4.063000202178955,nan,nan,nan,nan,nan,nan,nan,nan,nan,nan,nan,0.013333955870709584
275.83951568603516,-0.4099999964237213,4.026000022888184,4.056000232696533,4.052999973297119,4.058000087738037,4.058000087738037,4.063000202178955,nan,nan,nan,nan,nan,nan,nan,nan,nan,nan,nan,0.013333955870709584
275.99999022483826,-0.4000000059604645,4.026000022888184,4.056000232696533,4.052999973297119,4.058000087738037,4.058000087738037,4.063000202178955,nan,nan,nan,nan,nan,nan,nan,nan,nan,nan,nan,0.013333955870709584
276.1805913448334,-0.38999998569488525,4.026000022888184,4.056000232696533,4.052999973297119,4.058000087738037,4.058000087738037,4.061999797821045,nan,nan,nan,nan,nan,nan,nan,nan,nan,nan,nan,0.013333955870709584
276.35910201072693,-0.4000000059604645,4.026000022888184,4.056000232696533,4.052999973297119,4.058000087738037,4.058000087738037,4.063000202178955,nan,nan,nan,nan,nan,nan,nan,nan,nan,nan,nan,0.013333955870709584
276.52009081840515,-0.4000000059604645,4.026000022888184,4.056000232696533,4.052999973297119,4.058000087738037,4.058000087738037,4.063000202178955,nan,nan,nan,nan,nan,nan,nan,nan,nan,nan,nan,0.013333955870709584
276.6990325450897,-0.4000000059604645,4.026000022888184,4.056000232696533,4.052999973297119,4.058000087738037,4.059000015258789,4.063000202178955,nan,nan,nan,nan,nan,nan,nan,nan,nan,nan,nan,0.013333955870709584
276.88051652908325,-0.4000000059604645,4.026000022888184,4.056000232696533,4.052999973297119,4.058000087738037,4.058000087738037,4.061999797821045,nan,nan,nan,nan,nan,nan,nan,nan,nan,nan,nan,0.013333955870709584
277.03990864753723,-0.4000000059604645,4.026000022888184,4.056000232696533,4.052999973297119,4.058000087738037,4.058000087738037,4.063000202178955,nan,nan,nan,nan,nan,nan,nan,nan,nan,nan,nan,0.013333955870709584
277.22050619125366,-0.4000000059604645,4.026000022888184,4.056000232696533,4.052999973297119,4.058000087738037,4.058000087738037,4.063000202178955,nan,nan,nan,nan,nan,nan,nan,nan,nan,nan,nan,0.013333955870709584
277.3811650276184,-0.4000000059604645,4.026000022888184,4.056000232696533,4.052999973297119,4.058000087738037,4.058000087738037,4.063000202178955,nan,nan,nan,nan,nan,nan,nan,nan,nan,nan,nan,0.013333955870709584
277.5599510669708,-0.4099999964237213,4.026000022888184,4.056000232696533,4.052999973297119,4.058000087738037,4.058000087738037,4.063000202178955,nan,nan,nan,nan,nan,nan,nan,nan,nan,nan,nan,0.013333955870709584
277.74000906944275,-0.4000000059604645,4.026000022888184,4.056000232696533,4.052999973297119,4.058000087738037,4.059000015258789,4.061999797821045,nan,nan,nan,nan,nan,nan,nan,nan,nan,nan,nan,0.013333955870709584
277.9010741710663,-0.4000000059604645,4.026000022888184,4.056000232696533,4.052999973297119,4.058000087738037,4.058000087738037,4.063000202178955,nan,nan,nan,nan,nan,nan,nan,nan,nan,nan,nan,0.013333955870709584
278.0803065299988,-0.4300000071525574,4.026000022888184,4.056000232696533,4.052999973297119,4.058000087738037,4.058000087738037,4.063000202178955,nan,nan,nan,nan,nan,nan,nan,nan,nan,nan,nan,0.013333955870709584
278.24064683914185,-0.4000000059604645,4.026000022888184,4.056000232696533,4.052999973297119,4.058000087738037,4.058000087738037,4.063000202178955,nan,nan,nan,nan,nan,nan,nan,nan,nan,nan,nan,0.013333955870709584
278.4198696613312,-0.4000000059604645,4.026000022888184,4.056000232696533,4.052999973297119,4.058000087738037,4.058000087738037,4.063000202178955,nan,nan,nan,nan,nan,nan,nan,nan,nan,nan,nan,0.013333955870709584
278.5993049144745,-0.38999998569488525,4.026000022888184,4.056000232696533,4.052999973297119,4.058000087738037,4.058000087738037,4.063000202178955,nan,nan,nan,nan,nan,nan,nan,nan,nan,nan,nan,0.013333955870709584
278.7602255344391,-0.4099999964237213,4.026000022888184,4.056000232696533,4.052999973297119,4.058000087738037,4.058000087738037,4.061999797821045,nan,nan,nan,nan,nan,nan,nan,nan,nan,nan,nan,0.013333955870709584
278.94043231010437,-0.4099999964237213,4.026000022888184,4.056000232696533,4.052999973297119,4.058000087738037,4.058000087738037,4.063000202178955,nan,nan,nan,nan,nan,nan,nan,nan,nan,nan,nan,0.013333955870709584
279.100216627121,-0.4000000059604645,4.026000022888184,4.056000232696533,4.052999973297119,4.058000087738037,4.058000087738037,4.063000202178955,nan,nan,nan,nan,nan,nan,nan,nan,nan,nan,nan,0.013333955870709584
279.28000831604004,-0.4000000059604645,4.026000022888184,4.056000232696533,4.052999973297119,4.058000087738037,4.058000087738037,4.063000202178955,nan,nan,nan,nan,nan,nan,nan,nan,nan,nan,nan,0.013333955870709584
279.4602530002594,-0.41999998688697815,4.026000022888184,4.056000232696533,4.052999973297119,4.058000087738037,4.058000087738037,4.063000202178955,nan,nan,nan,nan,nan,nan,nan,nan,nan,nan,nan,0.013333955870709584
279.6198272705078,-0.4000000059604645,4.026000022888184,4.056000232696533,4.052999973297119,4.058000087738037,4.058000087738037,4.063000202178955,nan,nan,nan,nan,nan,nan,nan,nan,nan,nan,nan,0.013333955870709584
279.80014729499817,-0.38999998569488525,4.026000022888184,4.056000232696533,4.052999973297119,4.058000087738037,4.058000087738037,4.063000202178955,nan,nan,nan,nan,nan,nan,nan,nan,nan,nan,nan,0.013333955870709584
279.97867012023926,-0.4000000059604645,4.026000022888184,4.056000232696533,4.052999973297119,4.058000087738037,4.059000015258789,4.063000202178955,nan,nan,nan,nan,nan,nan,nan,nan,nan,nan,nan,0.013333955870709584
280.1400856971741,-0.41999998688697815,4.026000022888184,4.056000232696533,4.052999973297119,4.058000087738037,4.058000087738037,4.061999797821045,nan,nan,nan,nan,nan,nan,nan,nan,nan,nan,nan,0.013333955870709584
280.31920886039734,-0.4000000059604645,4.026000022888184,4.056000232696533,4.052999973297119,4.058000087738037,4.058000087738037,4.061999797821045,nan,nan,nan,nan,nan,nan,nan,nan,nan,nan,nan,0.013333955870709584
280.4799747467041,-0.4000000059604645,4.026000022888184,4.056000232696533,4.052999973297119,4.058000087738037,4.058000087738037,4.063000202178955,nan,nan,nan,nan,nan,nan,nan,nan,nan,nan,nan,0.013333955870709584
280.6587643623352,-0.4000000059604645,4.026000022888184,4.056000232696533,4.052999973297119,4.058000087738037,4.059000015258789,4.063000202178955,nan,nan,nan,nan,nan,nan,nan,nan,nan,nan,nan,0.013333955870709584
280.84030079841614,-0.4000000059604645,4.026000022888184,4.056000232696533,4.052999973297119,4.058000087738037,4.058000087738037,4.063000202178955,nan,nan,nan,nan,nan,nan,nan,nan,nan,nan,nan,0.013333955870709584
281.00028920173645,-0.4000000059604645,4.026000022888184,4.056000232696533,4.052999973297119,4.058000087738037,4.058000087738037,4.063000202178955,nan,nan,nan,nan,nan,nan,nan,nan,nan,nan,nan,0.013333955870709584
281.18061113357544,-0.4099999964237213,4.026000022888184,4.056000232696533,4.052999973297119,4.058000087738037,4.058000087738037,4.063000202178955,nan,nan,nan,nan,nan,nan,nan,nan,nan,nan,nan,0.013333955870709584
281.34052419662476,-0.4000000059604645,4.026000022888184,4.056000232696533,4.052999973297119,4.058000087738037,4.058000087738037,4.063000202178955,nan,nan,nan,nan,nan,nan,nan,nan,nan,nan,nan,0.013333955870709584
281.51893615722656,-0.4000000059604645,4.026000022888184,4.056000232696533,4.052999973297119,4.058000087738037,4.058000087738037,4.063000202178955,nan,nan,nan,nan,nan,nan,nan,nan,nan,nan,nan,0.013333955870709584
281.6992070674896,-0.38999998569488525,4.026000022888184,4.056000232696533,4.052999973297119,4.058000087738037,4.058000087738037,4.063000202178955,nan,nan,nan,nan,nan,nan,nan,nan,nan,nan,nan,0.013333955870709584
281.8605182170868,-0.4000000059604645,4.026000022888184,4.056000232696533,4.052999973297119,4.058000087738037,4.058000087738037,4.063000202178955,nan,nan,nan,nan,nan,nan,nan,nan,nan,nan,nan,0.013333955870709584
282.04033732414246,-0.4000000059604645,4.026000022888184,4.056000232696533,4.052999973297119,4.058000087738037,4.058000087738037,4.063000202178955,nan,nan,nan,nan,nan,nan,nan,nan,nan,nan,nan,0.013333955870709584
282.2214787006378,-0.4000000059604645,4.026000022888184,4.056000232696533,4.052999973297119,4.058000087738037,4.058000087738037,4.063000202178955,nan,nan,nan,nan,nan,nan,nan,nan,nan,nan,nan,0.013333955870709584
282.3801369667053,-0.4000000059604645,4.026000022888184,4.056000232696533,4.052999973297119,4.058000087738037,4.058000087738037,4.063000202178955,nan,nan,nan,nan,nan,nan,nan,nan,nan,nan,nan,0.013333955870709584
282.5600185394287,-0.4000000059604645,4.026000022888184,4.056000232696533,4.052999973297119,4.058000087738037,4.058000087738037,4.063000202178955,nan,nan,nan,nan,nan,nan,nan,nan,nan,nan,nan,0.013333955870709584
282.71949100494385,-0.4000000059604645,4.026000022888184,4.056000232696533,4.052999973297119,4.058000087738037,4.058000087738037,4.063000202178955,nan,nan,nan,nan,nan,nan,nan,nan,nan,nan,nan,0.013333955870709584
282.9014461040497,-0.4000000059604645,4.026000022888184,4.056000232696533,4.052999973297119,4.058000087738037,4.058000087738037,4.061999797821045,nan,nan,nan,nan,nan,nan,nan,nan,nan,nan,nan,0.013333955870709584
283.07980704307556,-0.4000000059604645,4.026000022888184,4.056000232696533,4.052999973297119,4.058000087738037,4.058000087738037,4.063000202178955,nan,nan,nan,nan,nan,nan,nan,nan,nan,nan,nan,0.013333955870709584
283.2398359775543,-0.4000000059604645,4.025000095367432,4.056000232696533,4.052999973297119,4.058000087738037,4.058000087738037,4.063000202178955,nan,nan,nan,nan,nan,nan,nan,nan,nan,nan,nan,0.013333955870709584
283.4201281070709,-0.4000000059604645,4.026000022888184,4.056000232696533,4.052999973297119,4.058000087738037,4.058000087738037,4.063000202178955,nan,nan,nan,nan,nan,nan,nan,nan,nan,nan,nan,0.013333955870709584
283.5797357559204,-0.4000000059604645,4.026000022888184,4.056000232696533,4.052999973297119,4.058000087738037,4.058000087738037,4.063000202178955,nan,nan,nan,nan,nan,nan,nan,nan,nan,nan,nan,0.013333955870709584
283.75992369651794,-0.41999998688697815,4.026000022888184,4.056000232696533,4.052999973297119,4.058000087738037,4.058000087738037,4.063000202178955,nan,nan,nan,nan,nan,nan,nan,nan,nan,nan,nan,0.013333955870709584
283.9403169155121,-0.4000000059604645,4.026000022888184,4.056000232696533,4.052999973297119,4.058000087738037,4.058000087738037,4.063000202178955,nan,nan,nan,nan,nan,nan,nan,nan,nan,nan,nan,0.013333955870709584
284.0996563434601,-0.4000000059604645,4.026000022888184,4.056000232696533,4.052999973297119,4.058000087738037,4.058000087738037,4.063000202178955,nan,nan,nan,nan,nan,nan,nan,nan,nan,nan,nan,0.013333955870709584
284.27968883514404,-0.4099999964237213,4.026000022888184,4.056000232696533,4.052999973297119,4.058000087738037,4.058000087738037,4.063000202178955,nan,nan,nan,nan,nan,nan,nan,nan,nan,nan,nan,0.013333955870709584
284.43926429748535,-0.4000000059604645,4.026000022888184,4.056000232696533,4.052999973297119,4.058000087738037,4.058000087738037,4.063000202178955,nan,nan,nan,nan,nan,nan,nan,nan,nan,nan,nan,0.013333955870709584
284.61978101730347,-0.4000000059604645,4.026000022888184,4.056000232696533,4.052999973297119,4.058000087738037,4.058000087738037,4.061999797821045,nan,nan,nan,nan,nan,nan,nan,nan,nan,nan,nan,0.013333955870709584
284.80019521713257,-0.38999998569488525,4.026000022888184,4.056000232696533,4.052999973297119,4.058000087738037,4.058000087738037,4.061999797821045,nan,nan,nan,nan,nan,nan,nan,nan,nan,nan,nan,0.013333955870709584
284.96099877357483,-0.4000000059604645,4.026000022888184,4.056000232696533,4.052999973297119,4.058000087738037,4.058000087738037,4.063000202178955,nan,nan,nan,nan,nan,nan,nan,nan,nan,nan,nan,0.013333955870709584
285.1411831378937,-0.4000000059604645,4.026000022888184,4.056000232696533,4.052999973297119,4.058000087738037,4.058000087738037,4.063000202178955,nan,nan,nan,nan,nan,nan,nan,nan,nan,nan,nan,0.013333955870709584
285.32012248039246,-0.4000000059604645,4.026000022888184,4.056000232696533,4.052999973297119,4.058000087738037,4.058000087738037,4.063000202178955,nan,nan,nan,nan,nan,nan,nan,nan,nan,nan,nan,0.013333955870709584
285.4809675216675,-0.4000000059604645,4.026000022888184,4.056000232696533,4.052999973297119,4.058000087738037,4.058000087738037,4.063000202178955,nan,nan,nan,nan,nan,nan,nan,nan,nan,nan,nan,0.013333955870709584
285.66024017333984,-0.4099999964237213,4.026000022888184,4.056000232696533,4.052999973297119,4.058000087738037,4.058000087738037,4.063000202178955,nan,nan,nan,nan,nan,nan,nan,nan,nan,nan,nan,0.013333955870709584
285.8209264278412,-0.41999998688697815,4.026000022888184,4.056000232696533,4.052999973297119,4.058000087738037,4.058000087738037,4.061999797821045,nan,nan,nan,nan,nan,nan,nan,nan,nan,nan,nan,0.013333955870709584
286.00158977508545,-0.4000000059604645,4.026000022888184,4.056000232696533,4.052999973297119,4.058000087738037,4.058000087738037,4.063000202178955,nan,nan,nan,nan,nan,nan,nan,nan,nan,nan,nan,0.013333955870709584
286.17994594573975,-0.4000000059604645,4.026000022888184,4.056000232696533,4.052999973297119,4.058000087738037,4.058000087738037,4.063000202178955,nan,nan,nan,nan,nan,nan,nan,nan,nan,nan,nan,0.013333955870709584
286.3408696651459,-0.4000000059604645,4.026000022888184,4.056000232696533,4.052999973297119,4.058000087738037,4.058000087738037,4.061999797821045,nan,nan,nan,nan,nan,nan,nan,nan,nan,nan,nan,0.013333955870709584
286.5212733745575,-0.4000000059604645,4.026000022888184,4.056000232696533,4.052999973297119,4.058000087738037,4.058000087738037,4.063000202178955,nan,nan,nan,nan,nan,nan,nan,nan,nan,nan,nan,0.013333955870709584
286.6804678440094,-0.38999998569488525,4.026000022888184,4.056000232696533,4.052999973297119,4.058000087738037,4.058000087738037,4.063000202178955,nan,nan,nan,nan,nan,nan,nan,nan,nan,nan,nan,0.013333955870709584
286.8616771697998,-0.4000000059604645,4.026000022888184,4.056000232696533,4.052999973297119,4.058000087738037,4.058000087738037,4.063000202178955,nan,nan,nan,nan,nan,nan,nan,nan,nan,nan,nan,0.013333955870709584
287.0404360294342,-0.4000000059604645,4.026000022888184,4.056000232696533,4.052999973297119,4.058000087738037,4.058000087738037,4.063000202178955,nan,nan,nan,nan,nan,nan,nan,nan,nan,nan,nan,0.013333955870709584
287.2001495361328,-0.4099999964237213,4.026000022888184,4.056000232696533,4.052999973297119,4.058000087738037,4.058000087738037,4.061999797821045,nan,nan,nan,nan,nan,nan,nan,nan,nan,nan,nan,0.013333955870709584
287.38023686408997,-0.4000000059604645,4.026000022888184,4.056000232696533,4.052999973297119,4.058000087738037,4.058000087738037,4.063000202178955,nan,nan,nan,nan,nan,nan,nan,nan,nan,nan,nan,0.013333955870709584
287.5409870147705,-0.4000000059604645,4.026000022888184,4.056000232696533,4.052999973297119,4.058000087738037,4.058000087738037,4.063000202178955,nan,nan,nan,nan,nan,nan,nan,nan,nan,nan,nan,0.013333955870709584
287.7205579280853,-0.4000000059604645,4.026000022888184,4.056000232696533,4.052999973297119,4.058000087738037,4.058000087738037,4.063000202178955,nan,nan,nan,nan,nan,nan,nan,nan,nan,nan,nan,0.013333955870709584
287.9000492095947,-0.4000000059604645,4.026000022888184,4.056000232696533,4.052999973297119,4.058000087738037,4.058000087738037,4.063000202178955,nan,nan,nan,nan,nan,nan,nan,nan,nan,nan,nan,0.013333955870709584
288.06094217300415,-0.4099999964237213,4.026000022888184,4.056000232696533,4.052999973297119,4.058000087738037,4.058000087738037,4.063000202178955,nan,nan,nan,nan,nan,nan,nan,nan,nan,nan,nan,0.013333955870709584
288.2398841381073,-0.4000000059604645,4.025000095367432,4.056000232696533,4.052999973297119,4.058000087738037,4.058000087738037,4.063000202178955,nan,nan,nan,nan,nan,nan,nan,nan,nan,nan,nan,0.013333955870709584
288.4200792312622,-0.4000000059604645,4.025000095367432,4.056000232696533,4.052999973297119,4.058000087738037,4.058000087738037,4.063000202178955,nan,nan,nan,nan,nan,nan,nan,nan,nan,nan,nan,0.013333955870709584
288.58113837242126,-0.4099999964237213,4.026000022888184,4.056000232696533,4.052999973297119,4.058000087738037,4.058000087738037,4.061999797821045,nan,nan,nan,nan,nan,nan,nan,nan,nan,nan,nan,0.013333955870709584
288.76113057136536,-0.4000000059604645,4.025000095367432,4.056000232696533,4.052999973297119,4.058000087738037,4.058000087738037,4.063000202178955,nan,nan,nan,nan,nan,nan,nan,nan,nan,nan,nan,0.013333955870709584
288.92031025886536,-0.4000000059604645,4.026000022888184,4.056000232696533,4.052999973297119,4.058000087738037,4.058000087738037,4.061999797821045,nan,nan,nan,nan,nan,nan,nan,nan,nan,nan,nan,0.013333955870709584
289.09947204589844,-0.4000000059604645,4.026000022888184,4.056000232696533,4.052999973297119,4.058000087738037,4.058000087738037,4.061999797821045,nan,nan,nan,nan,nan,nan,nan,nan,nan,nan,nan,0.013333955870709584
289.2796244621277,-0.3799999952316284,4.026000022888184,4.056000232696533,4.052999973297119,4.058000087738037,4.058000087738037,4.063000202178955,nan,nan,nan,nan,nan,nan,nan,nan,nan,nan,nan,0.013333955870709584
289.4402952194214,-0.4000000059604645,4.026000022888184,4.056000232696533,4.052999973297119,4.058000087738037,4.058000087738037,4.063000202178955,nan,nan,nan,nan,nan,nan,nan,nan,nan,nan,nan,0.013333955870709584
289.6192219257355,-0.4000000059604645,4.025000095367432,4.056000232696533,4.052999973297119,4.058000087738037,4.058000087738037,4.063000202178955,nan,nan,nan,nan,nan,nan,nan,nan,nan,nan,nan,0.013333955870709584
289.78137135505676,-0.4000000059604645,4.026000022888184,4.056000232696533,4.052999973297119,4.058000087738037,4.058000087738037,4.063000202178955,nan,nan,nan,nan,nan,nan,nan,nan,nan,nan,nan,0.013333955870709584
289.9614746570587,-0.4099999964237213,4.026000022888184,4.056000232696533,4.052999973297119,4.058000087738037,4.058000087738037,4.063000202178955,nan,nan,nan,nan,nan,nan,nan,nan,nan,nan,nan,0.013333955870709584
290.1401059627533,-0.4000000059604645,4.025000095367432,4.056000232696533,4.052999973297119,4.058000087738037,4.058000087738037,4.063000202178955,nan,nan,nan,nan,nan,nan,nan,nan,nan,nan,nan,0.013333955870709584
290.299800157547,-0.38999998569488525,4.026000022888184,4.056000232696533,4.052999973297119,4.058000087738037,4.058000087738037,4.063000202178955,nan,nan,nan,nan,nan,nan,nan,nan,nan,nan,nan,0.013333955870709584
290.4811532497406,-0.38999998569488525,4.025000095367432,4.056000232696533,4.052999973297119,4.058000087738037,4.058000087738037,4.063000202178955,nan,nan,nan,nan,nan,nan,nan,nan,nan,nan,nan,0.013333955870709584
290.63939476013184,-0.38999998569488525,4.025000095367432,4.056000232696533,4.052999973297119,4.057000160217285,4.058000087738037,4.061999797821045,nan,nan,nan,nan,nan,nan,nan,nan,nan,nan,nan,0.013333955870709584
290.81957149505615,-0.4000000059604645,4.026000022888184,4.056000232696533,4.052999973297119,4.058000087738037,4.058000087738037,4.061999797821045,nan,nan,nan,nan,nan,nan,nan,nan,nan,nan,nan,0.013333955870709584
291.0011601448059,-0.4099999964237213,4.025000095367432,4.056000232696533,4.052999973297119,4.058000087738037,4.058000087738037,4.063000202178955,nan,nan,nan,nan,nan,nan,nan,nan,nan,nan,nan,0.013333955870709584
291.16027069091797,-0.4000000059604645,4.026000022888184,4.056000232696533,4.052999973297119,4.058000087738037,4.058000087738037,4.061999797821045,nan,nan,nan,nan,nan,nan,nan,nan,nan,nan,nan,0.013333955870709584
291.34049797058105,-0.4000000059604645,4.026000022888184,4.056000232696533,4.052999973297119,4.058000087738037,4.058000087738037,4.063000202178955,nan,nan,nan,nan,nan,nan,nan,nan,nan,nan,nan,0.013333955870709584
291.5191867351532,-0.4099999964237213,4.026000022888184,4.056000232696533,4.052999973297119,4.058000087738037,4.058000087738037,4.063000202178955,nan,nan,nan,nan,nan,nan,nan,nan,nan,nan,nan,0.013333955870709584
291.6806740760803,-0.4000000059604645,4.026000022888184,4.056000232696533,4.052999973297119,4.058000087738037,4.058000087738037,4.063000202178955,nan,nan,nan,nan,nan,nan,nan,nan,nan,nan,nan,0.013333955870709584
291.8604962825775,-0.38999998569488525,4.026000022888184,4.056000232696533,4.052000045776367,4.058000087738037,4.058000087738037,4.061999797821045,nan,nan,nan,nan,nan,nan,nan,nan,nan,nan,nan,0.013333955870709584
292.0229127407074,-0.4300000071525574,4.025000095367432,4.056000232696533,4.052999973297119,4.058000087738037,4.058000087738037,4.063000202178955,nan,nan,nan,nan,nan,nan,nan,nan,nan,nan,nan,0.013333955870709584
292.2007598876953,-0.4000000059604645,4.026000022888184,4.056000232696533,4.052999973297119,4.058000087738037,4.058000087738037,4.061999797821045,nan,nan,nan,nan,nan,nan,nan,nan,nan,nan,nan,0.013333955870709584
292.38185119628906,-0.4099999964237213,4.026000022888184,4.056000232696533,4.052999973297119,4.058000087738037,4.058000087738037,4.063000202178955,nan,nan,nan,nan,nan,nan,nan,nan,nan,nan,nan,0.013333955870709584
292.5399272441864,-0.38999998569488525,4.026000022888184,4.056000232696533,4.052000045776367,4.058000087738037,4.058000087738037,4.061999797821045,nan,nan,nan,nan,nan,nan,nan,nan,nan,nan,nan,0.013333955870709584
292.7191183567047,-0.4000000059604645,4.026000022888184,4.056000232696533,4.052999973297119,4.058000087738037,4.058000087738037,4.063000202178955,nan,nan,nan,nan,nan,nan,nan,nan,nan,nan,nan,0.013333955870709584
292.88000416755676,-0.4000000059604645,4.026000022888184,4.056000232696533,4.052000045776367,4.058000087738037,4.058000087738037,4.061999797821045,nan,nan,nan,nan,nan,nan,nan,nan,nan,nan,nan,0.013333955870709584
293.06060576438904,-0.41999998688697815,4.025000095367432,4.056000232696533,4.052999973297119,4.058000087738037,4.058000087738037,4.063000202178955,nan,nan,nan,nan,nan,nan,nan,nan,nan,nan,nan,0.013333955870709584
293.24038648605347,-0.4099999964237213,4.026000022888184,4.056000232696533,4.052999973297119,4.058000087738037,4.058000087738037,4.061999797821045,nan,nan,nan,nan,nan,nan,nan,nan,nan,nan,nan,0.013333955870709584
293.40012192726135,-0.4000000059604645,4.025000095367432,4.056000232696533,4.052999973297119,4.057000160217285,4.058000087738037,4.061999797821045,nan,nan,nan,nan,nan,nan,nan,nan,nan,nan,nan,0.013333955870709584
293.58024644851685,-0.4000000059604645,4.025000095367432,4.056000232696533,4.052000045776367,4.058000087738037,4.058000087738037,4.063000202178955,nan,nan,nan,nan,nan,nan,nan,nan,nan,nan,nan,0.013333955870709584
293.7408664226532,-0.4000000059604645,4.025000095367432,4.056000232696533,4.052999973297119,4.057000160217285,4.058000087738037,4.063000202178955,nan,nan,nan,nan,nan,nan,nan,nan,nan,nan,nan,0.013333955870709584
293.92012906074524,-0.38999998569488525,4.026000022888184,4.056000232696533,4.052999973297119,4.058000087738037,4.058000087738037,4.063000202178955,nan,nan,nan,nan,nan,nan,nan,nan,nan,nan,nan,0.013333955870709584
294.1004455089569,-0.41999998688697815,4.025000095367432,4.056000232696533,4.052999973297119,4.058000087738037,4.058000087738037,4.063000202178955,nan,nan,nan,nan,nan,nan,nan,nan,nan,nan,nan,0.013333955870709584
294.26094579696655,-0.4000000059604645,4.025000095367432,4.056000232696533,4.052999973297119,4.057000160217285,4.058000087738037,4.063000202178955,nan,nan,nan,nan,nan,nan,nan,nan,nan,nan,nan,0.013333955870709584
294.44106793403625,-0.38999998569488525,4.025000095367432,4.056000232696533,4.052000045776367,4.057000160217285,4.058000087738037,4.061999797821045,nan,nan,nan,nan,nan,nan,nan,nan,nan,nan,nan,0.013333955870709584
294.6196827888489,-0.4000000059604645,4.025000095367432,4.056000232696533,4.052000045776367,4.058000087738037,4.058000087738037,4.063000202178955,nan,nan,nan,nan,nan,nan,nan,nan,nan,nan,nan,0.013333955870709584
294.78078532218933,-0.4000000059604645,4.025000095367432,4.056000232696533,4.052999973297119,4.058000087738037,4.058000087738037,4.061999797821045,nan,nan,nan,nan,nan,nan,nan,nan,nan,nan,nan,0.013333955870709584
294.95967411994934,-0.4000000059604645,4.025000095367432,4.056000232696533,4.052999973297119,4.058000087738037,4.058000087738037,4.061999797821045,nan,nan,nan,nan,nan,nan,nan,nan,nan,nan,nan,0.013333955870709584
295.12070393562317,-0.4000000059604645,4.025000095367432,4.056000232696533,4.052999973297119,4.058000087738037,4.058000087738037,4.063000202178955,nan,nan,nan,nan,nan,nan,nan,nan,nan,nan,nan,0.013333955870709584
295.2997181415558,-0.4099999964237213,4.026000022888184,4.056000232696533,4.052999973297119,4.057000160217285,4.058000087738037,4.061999797821045,nan,nan,nan,nan,nan,nan,nan,nan,nan,nan,nan,0.013333955870709584
295.4793038368225,-0.4000000059604645,4.025000095367432,4.056000232696533,4.052999973297119,4.058000087738037,4.058000087738037,4.063000202178955,nan,nan,nan,nan,nan,nan,nan,nan,nan,nan,nan,0.013333955870709584
295.6394364833832,-0.4099999964237213,4.026000022888184,4.056000232696533,4.052000045776367,4.058000087738037,4.058000087738037,4.063000202178955,nan,nan,nan,nan,nan,nan,nan,nan,nan,nan,nan,0.013333955870709584
295.81936383247375,-0.4000000059604645,4.025000095367432,4.056000232696533,4.052999973297119,4.057000160217285,4.058000087738037,4.061999797821045,nan,nan,nan,nan,nan,nan,nan,nan,nan,nan,nan,0.013333955870709584
295.97913002967834,-0.4000000059604645,4.025000095367432,4.056000232696533,4.052999973297119,4.057000160217285,4.058000087738037,4.061999797821045,nan,nan,nan,nan,nan,nan,nan,nan,nan,nan,nan,0.013333955870709584
296.1605718135834,-0.4000000059604645,4.025000095367432,4.056000232696533,4.052000045776367,4.058000087738037,4.058000087738037,4.061999797821045,nan,nan,nan,nan,nan,nan,nan,nan,nan,nan,nan,0.013333955870709584
296.339812040329,-0.4099999964237213,4.026000022888184,4.056000232696533,4.052999973297119,4.058000087738037,4.058000087738037,4.061999797821045,nan,nan,nan,nan,nan,nan,nan,nan,nan,nan,nan,0.013333955870709584
296.5002281665802,-0.4099999964237213,4.025000095367432,4.056000232696533,4.052000045776367,4.057000160217285,4.058000087738037,4.061999797821045,nan,nan,nan,nan,nan,nan,nan,nan,nan,nan,nan,0.013333955870709584
296.67992758750916,-0.4000000059604645,4.025000095367432,4.056000232696533,4.052999973297119,4.057000160217285,4.058000087738037,4.061999797821045,nan,nan,nan,nan,nan,nan,nan,nan,nan,nan,nan,0.013333955870709584
296.8602571487427,-0.4000000059604645,4.025000095367432,4.056000232696533,4.052999973297119,4.057000160217285,4.058000087738037,4.061999797821045,nan,nan,nan,nan,nan,nan,nan,nan,nan,nan,nan,0.013333955870709584
297.02000761032104,-0.38999998569488525,4.026000022888184,4.056000232696533,4.052000045776367,4.057000160217285,4.058000087738037,4.063000202178955,nan,nan,nan,nan,nan,nan,nan,nan,nan,nan,nan,0.013333955870709584
297.20038866996765,-0.4000000059604645,4.025000095367432,4.056000232696533,4.052999973297119,4.057000160217285,4.058000087738037,4.061999797821045,nan,nan,nan,nan,nan,nan,nan,nan,nan,nan,nan,0.013333955870709584
297.36014580726624,-0.4000000059604645,4.025000095367432,4.056000232696533,4.052999973297119,4.057000160217285,4.058000087738037,4.063000202178955,nan,nan,nan,nan,nan,nan,nan,nan,nan,nan,nan,0.013333955870709584
297.54005765914917,-0.4099999964237213,4.025000095367432,4.056000232696533,4.052000045776367,4.058000087738037,4.058000087738037,4.061999797821045,nan,nan,nan,nan,nan,nan,nan,nan,nan,nan,nan,0.013333955870709584
297.7204089164734,-0.4000000059604645,4.025000095367432,4.056000232696533,4.052999973297119,4.058000087738037,4.058000087738037,4.061999797821045,nan,nan,nan,nan,nan,nan,nan,nan,nan,nan,nan,0.013333955870709584
297.8802213668823,-0.4000000059604645,4.025000095367432,4.056000232696533,4.052000045776367,4.057000160217285,4.058000087738037,4.061999797821045,nan,nan,nan,nan,nan,nan,nan,nan,nan,nan,nan,0.013333955870709584
298.06025767326355,-0.4099999964237213,4.025000095367432,4.056000232696533,4.052999973297119,4.057000160217285,4.058000087738037,4.061999797821045,nan,nan,nan,nan,nan,nan,nan,nan,nan,nan,nan,0.013333955870709584
298.2197906970978,-0.4000000059604645,4.025000095367432,4.056000232696533,4.052999973297119,4.058000087738037,4.058000087738037,4.063000202178955,nan,nan,nan,nan,nan,nan,nan,nan,nan,nan,nan,0.013333955870709584
298.3999252319336,-0.4000000059604645,4.025000095367432,4.056000232696533,4.052000045776367,4.058000087738037,4.058000087738037,4.061999797821045,nan,nan,nan,nan,nan,nan,nan,nan,nan,nan,nan,0.013333955870709584
298.5802707672119,-0.4099999964237213,4.025000095367432,4.056000232696533,4.052000045776367,4.057000160217285,4.058000087738037,4.061999797821045,nan,nan,nan,nan,nan,nan,nan,nan,nan,nan,nan,0.013333955870709584
298.7395496368408,-0.4000000059604645,4.026000022888184,4.056000232696533,4.052999973297119,4.057000160217285,4.058000087738037,4.061999797821045,nan,nan,nan,nan,nan,nan,nan,nan,nan,nan,nan,0.013333955870709584
298.919869184494,-0.4000000059604645,4.025000095367432,4.056000232696533,4.052999973297119,4.057000160217285,4.058000087738037,4.063000202178955,nan,nan,nan,nan,nan,nan,nan,nan,nan,nan,nan,0.013333955870709584
299.0798406600952,-0.38999998569488525,4.025000095367432,4.056000232696533,4.052999973297119,4.057000160217285,4.058000087738037,4.061999797821045,nan,nan,nan,nan,nan,nan,nan,nan,nan,nan,nan,0.013333955870709584
299.25976753234863,-0.4099999964237213,4.025000095367432,4.056000232696533,4.052000045776367,4.057000160217285,4.058000087738037,4.063000202178955,nan,nan,nan,nan,nan,nan,nan,nan,nan,nan,nan,0.013333955870709584
299.44022607803345,-0.4000000059604645,4.025000095367432,4.056000232696533,4.052999973297119,4.057000160217285,4.058000087738037,4.063000202178955,nan,nan,nan,nan,nan,nan,nan,nan,nan,nan,nan,0.013333955870709584
299.5996072292328,-0.38999998569488525,4.025000095367432,4.056000232696533,4.052999973297119,4.057000160217285,4.058000087738037,4.061999797821045,nan,nan,nan,nan,nan,nan,nan,nan,nan,nan,nan,0.013333955870709584
299.7800803184509,-0.4000000059604645,4.025000095367432,4.056000232696533,4.052000045776367,4.057000160217285,4.058000087738037,4.061999797821045,nan,nan,nan,nan,nan,nan,nan,nan,nan,nan,nan,0.013333955870709584
299.9592146873474,-0.4000000059604645,4.025000095367432,4.056000232696533,4.052000045776367,4.058000087738037,4.058000087738037,4.061999797821045,nan,nan,nan,nan,nan,nan,nan,nan,nan,nan,nan,0.013333955870709584
300.1197769641876,-0.4099999964237213,4.025000095367432,4.056000232696533,4.052000045776367,4.057000160217285,4.058000087738037,4.061999797821045,nan,nan,nan,nan,nan,nan,nan,nan,nan,nan,nan,0.013333955870709584
300.3003451824188,-0.4000000059604645,4.025000095367432,4.056000232696533,4.052000045776367,4.058000087738037,4.058000087738037,4.063000202178955,nan,nan,nan,nan,nan,nan,nan,nan,nan,nan,nan,0.013333955870709584
300.4599874019623,-0.4000000059604645,4.025000095367432,4.056000232696533,4.052000045776367,4.057000160217285,4.058000087738037,4.061999797821045,nan,nan,nan,nan,nan,nan,nan,nan,nan,nan,nan,0.013333955870709584
300.64046263694763,-0.38999998569488525,4.025000095367432,4.056000232696533,4.052000045776367,4.057000160217285,4.058000087738037,4.061999797821045,nan,nan,nan,nan,nan,nan,nan,nan,nan,nan,nan,0.013333955870709584
300.820378780365,-0.4099999964237213,4.025000095367432,4.056000232696533,4.052000045776367,4.057000160217285,4.058000087738037,4.061999797821045,nan,nan,nan,nan,nan,nan,nan,nan,nan,nan,nan,0.013333955870709584
300.9799733161926,-0.4000000059604645,4.025000095367432,4.056000232696533,4.052000045776367,4.058000087738037,4.058000087738037,4.061999797821045,nan,nan,nan,nan,nan,nan,nan,nan,nan,nan,nan,0.013333955870709584
301.159188747406,-0.4000000059604645,4.025000095367432,4.056000232696533,4.052000045776367,4.058000087738037,4.058000087738037,4.061999797821045,nan,nan,nan,nan,nan,nan,nan,nan,nan,nan,nan,0.013333955870709584
301.3409445285797,-0.4000000059604645,4.025000095367432,4.056000232696533,4.052000045776367,4.057000160217285,4.058000087738037,4.061999797821045,nan,nan,nan,nan,nan,nan,nan,nan,nan,nan,nan,0.013333955870709584
301.50145387649536,-0.4000000059604645,4.025000095367432,4.056000232696533,4.052000045776367,4.057000160217285,4.058000087738037,4.061999797821045,nan,nan,nan,nan,nan,nan,nan,nan,nan,nan,nan,0.013333955870709584
301.68082189559937,-0.4000000059604645,4.025000095367432,4.056000232696533,4.052000045776367,4.057000160217285,4.058000087738037,4.061999797821045,nan,nan,nan,nan,nan,nan,nan,nan,nan,nan,nan,0.013333955870709584
301.84099411964417,-0.4000000059604645,4.025000095367432,4.056000232696533,4.052000045776367,4.057000160217285,4.058000087738037,4.061999797821045,nan,nan,nan,nan,nan,nan,nan,nan,nan,nan,nan,0.013333955870709584
302.0222635269165,-0.4000000059604645,4.025000095367432,4.056000232696533,4.052000045776367,4.057000160217285,4.058000087738037,4.063000202178955,nan,nan,nan,nan,nan,nan,nan,nan,nan,nan,nan,0.013333955870709584
302.20088148117065,-0.4000000059604645,4.025000095367432,4.056000232696533,4.052000045776367,4.057000160217285,4.058000087738037,4.061999797821045,nan,nan,nan,nan,nan,nan,nan,nan,nan,nan,nan,0.013333955870709584
302.36204385757446,-0.4000000059604645,4.025000095367432,4.056000232696533,4.052999973297119,4.057000160217285,4.058000087738037,4.061999797821045,nan,nan,nan,nan,nan,nan,nan,nan,nan,nan,nan,0.013333955870709584
302.5432229042053,-0.4000000059604645,4.025000095367432,4.056000232696533,4.052000045776367,4.057000160217285,4.058000087738037,4.061999797821045,nan,nan,nan,nan,nan,nan,nan,nan,nan,nan,nan,0.013333955870709584
302.70100235939026,-0.4000000059604645,4.025000095367432,4.056000232696533,4.052000045776367,4.057000160217285,4.058000087738037,4.061999797821045,nan,nan,nan,nan,nan,nan,nan,nan,nan,nan,nan,0.013333955870709584
302.8826036453247,-0.4000000059604645,4.025000095367432,4.056000232696533,4.052000045776367,4.057000160217285,4.058000087738037,4.061999797821045,nan,nan,nan,nan,nan,nan,nan,nan,nan,nan,nan,0.013333955870709584
303.0624258518219,-0.3799999952316284,4.025000095367432,4.056000232696533,4.052000045776367,4.057000160217285,4.058000087738037,4.061999797821045,nan,nan,nan,nan,nan,nan,nan,nan,nan,nan,nan,0.013333955870709584
303.2220387458801,-0.4099999964237213,4.025000095367432,4.056000232696533,4.052000045776367,4.057000160217285,4.057000160217285,4.061999797821045,nan,nan,nan,nan,nan,nan,nan,nan,nan,nan,nan,0.013333955870709584
303.4006862640381,-0.4099999964237213,4.025000095367432,4.056000232696533,4.052000045776367,4.058000087738037,4.058000087738037,4.063000202178955,nan,nan,nan,nan,nan,nan,nan,nan,nan,nan,nan,0.013333955870709584
303.56171798706055,-0.4000000059604645,4.025000095367432,4.056000232696533,4.052000045776367,4.057000160217285,4.058000087738037,4.061999797821045,nan,nan,nan,nan,nan,nan,nan,nan,nan,nan,nan,0.013333955870709584
303.74199748039246,-0.4099999964237213,4.025000095367432,4.056000232696533,4.052000045776367,4.057000160217285,4.058000087738037,4.061999797821045,nan,nan,nan,nan,nan,nan,nan,nan,nan,nan,nan,0.013333955870709584
303.9210960865021,-0.41999998688697815,4.025000095367432,4.056000232696533,4.052000045776367,4.057000160217285,4.058000087738037,4.061999797821045,nan,nan,nan,nan,nan,nan,nan,nan,nan,nan,nan,0.013333955870709584
304.08138608932495,-0.4000000059604645,4.025000095367432,4.056000232696533,4.052000045776367,4.057000160217285,4.058000087738037,4.061999797821045,nan,nan,nan,nan,nan,nan,nan,nan,nan,nan,nan,0.013333955870709584
304.2626304626465,-0.4000000059604645,4.025000095367432,4.056000232696533,4.052000045776367,4.057000160217285,4.058000087738037,4.061999797821045,nan,nan,nan,nan,nan,nan,nan,nan,nan,nan,nan,0.013333955870709584
304.4206032752991,-0.41999998688697815,4.025000095367432,4.056000232696533,4.052000045776367,4.057000160217285,4.058000087738037,4.061999797821045,nan,nan,nan,nan,nan,nan,nan,nan,nan,nan,nan,0.013333955870709584
304.60199546813965,-0.4000000059604645,4.025000095367432,4.056000232696533,4.052000045776367,4.057000160217285,4.058000087738037,4.061999797821045,nan,nan,nan,nan,nan,nan,nan,nan,nan,nan,nan,0.013333955870709584
304.7810683250427,-0.4099999964237213,4.025000095367432,4.056000232696533,4.052000045776367,4.057000160217285,4.058000087738037,4.061999797821045,nan,nan,nan,nan,nan,nan,nan,nan,nan,nan,nan,0.013333955870709584
304.94136571884155,-0.4000000059604645,4.025000095367432,4.056000232696533,4.052999973297119,4.057000160217285,4.058000087738037,4.061999797821045,nan,nan,nan,nan,nan,nan,nan,nan,nan,nan,nan,0.013333955870709584
305.1203556060791,-0.4099999964237213,4.025000095367432,4.056000232696533,4.052000045776367,4.057000160217285,4.058000087738037,4.061999797821045,nan,nan,nan,nan,nan,nan,nan,nan,nan,nan,nan,0.013333955870709584
305.30019879341125,-0.38999998569488525,4.025000095367432,4.056000232696533,4.052000045776367,4.057000160217285,4.058000087738037,4.061999797821045,nan,nan,nan,nan,nan,nan,nan,nan,nan,nan,nan,0.013333955870709584
305.46000242233276,-0.38999998569488525,4.025000095367432,4.056000232696533,4.052000045776367,4.058000087738037,4.058000087738037,4.061999797821045,nan,nan,nan,nan,nan,nan,nan,nan,nan,nan,nan,0.013333955870709584
305.64052271842957,-0.4000000059604645,4.025000095367432,4.056000232696533,4.052000045776367,4.057000160217285,4.058000087738037,4.061999797821045,nan,nan,nan,nan,nan,nan,nan,nan,nan,nan,nan,0.013333955870709584
305.80096459388733,-0.4399999976158142,4.025000095367432,4.056000232696533,4.052000045776367,4.057000160217285,4.058000087738037,4.061999797821045,nan,nan,nan,nan,nan,nan,nan,nan,nan,nan,nan,0.013333955870709584
305.9797787666321,-0.4000000059604645,4.025000095367432,4.056000232696533,4.052000045776367,4.057000160217285,4.058000087738037,4.061999797821045,nan,nan,nan,nan,nan,nan,nan,nan,nan,nan,nan,0.013333955870709584
306.159939289093,-0.4099999964237213,4.025000095367432,4.056000232696533,4.052000045776367,4.057000160217285,4.058000087738037,4.061999797821045,nan,nan,nan,nan,nan,nan,nan,nan,nan,nan,nan,0.013333955870709584
306.3194372653961,-0.4099999964237213,4.025000095367432,4.056000232696533,4.052000045776367,4.057000160217285,4.058000087738037,4.061999797821045,nan,nan,nan,nan,nan,nan,nan,nan,nan,nan,nan,0.013333955870709584
306.4997491836548,-0.4000000059604645,4.025000095367432,4.056000232696533,4.052000045776367,4.057000160217285,4.058000087738037,4.061999797821045,nan,nan,nan,nan,nan,nan,nan,nan,nan,nan,nan,0.013333955870709584
306.66058707237244,-0.4099999964237213,4.025000095367432,4.056000232696533,4.052000045776367,4.057000160217285,4.058000087738037,4.061999797821045,nan,nan,nan,nan,nan,nan,nan,nan,nan,nan,nan,0.013333955870709584
306.8407759666443,-0.4099999964237213,4.025000095367432,4.056000232696533,4.052000045776367,4.057000160217285,4.058000087738037,4.061999797821045,nan,nan,nan,nan,nan,nan,nan,nan,nan,nan,nan,0.013333955870709584
307.0197937488556,-0.4099999964237213,4.025000095367432,4.056000232696533,4.052000045776367,4.057000160217285,4.058000087738037,4.061999797821045,nan,nan,nan,nan,nan,nan,nan,nan,nan,nan,nan,0.013333955870709584
307.18053936958313,-0.4000000059604645,4.025000095367432,4.056000232696533,4.052000045776367,4.057000160217285,4.057000160217285,4.061999797821045,nan,nan,nan,nan,nan,nan,nan,nan,nan,nan,nan,0.013333955870709584
307.36067175865173,-0.4000000059604645,4.025000095367432,4.056000232696533,4.052000045776367,4.057000160217285,4.058000087738037,4.061999797821045,nan,nan,nan,nan,nan,nan,nan,nan,nan,nan,nan,0.013333955870709584
307.52019739151,-0.4000000059604645,4.025000095367432,4.056000232696533,4.052000045776367,4.057000160217285,4.058000087738037,4.061999797821045,nan,nan,nan,nan,nan,nan,nan,nan,nan,nan,nan,0.013333955870709584
307.70030641555786,-0.4000000059604645,4.025000095367432,4.056000232696533,4.052000045776367,4.057000160217285,4.058000087738037,4.061999797821045,nan,nan,nan,nan,nan,nan,nan,nan,nan,nan,nan,0.013333955870709584
307.8806343078613,-0.4000000059604645,4.025000095367432,4.054999828338623,4.052000045776367,4.057000160217285,4.058000087738037,4.061999797821045,nan,nan,nan,nan,nan,nan,nan,nan,nan,nan,nan,0.013333955870709584
308.03987097740173,-0.4000000059604645,4.025000095367432,4.056000232696533,4.052000045776367,4.057000160217285,4.058000087738037,4.061999797821045,nan,nan,nan,nan,nan,nan,nan,nan,nan,nan,nan,0.013333955870709584
308.2205321788788,-0.4099999964237213,4.025000095367432,4.056000232696533,4.052000045776367,4.057000160217285,4.058000087738037,4.061999797821045,nan,nan,nan,nan,nan,nan,nan,nan,nan,nan,nan,0.013333955870709584
308.3810896873474,-0.4000000059604645,4.025000095367432,4.056000232696533,4.052000045776367,4.057000160217285,4.058000087738037,4.061999797821045,nan,nan,nan,nan,nan,nan,nan,nan,nan,nan,nan,0.013333955870709584
308.55953001976013,-0.4000000059604645,4.025000095367432,4.056000232696533,4.052000045776367,4.057000160217285,4.058000087738037,4.061999797821045,nan,nan,nan,nan,nan,nan,nan,nan,nan,nan,nan,0.013333955870709584
308.74003863334656,-0.4099999964237213,4.025000095367432,4.056000232696533,4.052000045776367,4.057000160217285,4.058000087738037,4.061999797821045,nan,nan,nan,nan,nan,nan,nan,nan,nan,nan,nan,0.013333955870709584
308.90118169784546,-0.4000000059604645,4.025000095367432,4.056000232696533,4.052000045776367,4.057000160217285,4.058000087738037,4.061999797821045,nan,nan,nan,nan,nan,nan,nan,nan,nan,nan,nan,0.013333955870709584
309.07969069480896,-0.4099999964237213,4.025000095367432,4.056000232696533,4.052000045776367,4.057000160217285,4.058000087738037,4.061999797821045,nan,nan,nan,nan,nan,nan,nan,nan,nan,nan,nan,0.013333955870709584
309.26045274734497,-0.4000000059604645,4.025000095367432,4.056000232696533,4.052000045776367,4.057000160217285,4.058000087738037,4.061999797821045,nan,nan,nan,nan,nan,nan,nan,nan,nan,nan,nan,0.013333955870709584
309.42085909843445,-0.4099999964237213,4.025000095367432,4.056000232696533,4.052000045776367,4.057000160217285,4.058000087738037,4.061999797821045,nan,nan,nan,nan,nan,nan,nan,nan,nan,nan,nan,0.013333955870709584
309.5995261669159,-0.4000000059604645,4.025000095367432,4.056000232696533,4.052000045776367,4.057000160217285,4.058000087738037,4.061999797821045,nan,nan,nan,nan,nan,nan,nan,nan,nan,nan,nan,0.013333955870709584
309.7589180469513,-0.4000000059604645,4.025000095367432,4.056000232696533,4.052000045776367,4.057000160217285,4.057000160217285,4.061999797821045,nan,nan,nan,nan,nan,nan,nan,nan,nan,nan,nan,0.013333955870709584
309.93959403038025,-0.38999998569488525,4.025000095367432,4.056000232696533,4.052000045776367,4.057000160217285,4.058000087738037,4.061999797821045,nan,nan,nan,nan,nan,nan,nan,nan,nan,nan,nan,0.013333955870709584
310.1196880340576,-0.4099999964237213,4.025000095367432,4.056000232696533,4.052000045776367,4.057000160217285,4.058000087738037,4.061999797821045,nan,nan,nan,nan,nan,nan,nan,nan,nan,nan,nan,0.013333955870709584
310.2793171405792,-0.4099999964237213,4.025000095367432,4.056000232696533,4.052000045776367,4.057000160217285,4.058000087738037,4.061999797821045,nan,nan,nan,nan,nan,nan,nan,nan,nan,nan,nan,0.013333955870709584
310.46112418174744,-0.4000000059604645,4.025000095367432,4.054999828338623,4.052000045776367,4.057000160217285,4.058000087738037,4.061999797821045,nan,nan,nan,nan,nan,nan,nan,nan,nan,nan,nan,0.013333955870709584
310.61925864219666,-0.4000000059604645,4.025000095367432,4.054999828338623,4.052000045776367,4.057000160217285,4.058000087738037,4.061999797821045,nan,nan,nan,nan,nan,nan,nan,nan,nan,nan,nan,0.013333955870709584
310.79952001571655,-0.4099999964237213,4.025000095367432,4.056000232696533,4.052000045776367,4.057000160217285,4.058000087738037,4.061999797821045,nan,nan,nan,nan,nan,nan,nan,nan,nan,nan,nan,0.013333955870709584
310.9797205924988,-0.4000000059604645,4.025000095367432,4.054999828338623,4.052000045776367,4.057000160217285,4.058000087738037,4.061999797821045,nan,nan,nan,nan,nan,nan,nan,nan,nan,nan,nan,0.013333955870709584
311.13930654525757,-0.38999998569488525,4.025000095367432,4.056000232696533,4.052000045776367,4.057000160217285,4.058000087738037,4.061999797821045,nan,nan,nan,nan,nan,nan,nan,nan,nan,nan,nan,0.013333955870709584
311.3194987773895,-0.4099999964237213,4.025000095367432,4.054999828338623,4.052000045776367,4.057000160217285,4.058000087738037,4.061999797821045,nan,nan,nan,nan,nan,nan,nan,nan,nan,nan,nan,0.013333955870709584
311.49996280670166,-0.38999998569488525,4.025000095367432,4.056000232696533,4.052000045776367,4.057000160217285,4.058000087738037,4.061999797821045,nan,nan,nan,nan,nan,nan,nan,nan,nan,nan,nan,0.013333955870709584
311.65963768959045,-0.4000000059604645,4.025000095367432,4.056000232696533,4.052000045776367,4.057000160217285,4.058000087738037,4.061999797821045,nan,nan,nan,nan,nan,nan,nan,nan,nan,nan,nan,0.013333955870709584
311.8394982814789,-0.4099999964237213,4.025000095367432,4.056000232696533,4.052000045776367,4.057000160217285,4.058000087738037,4.061999797821045,nan,nan,nan,nan,nan,nan,nan,nan,nan,nan,nan,0.013333955870709584
312.00060391426086,-0.4000000059604645,4.025000095367432,4.056000232696533,4.052000045776367,4.057000160217285,4.058000087738037,4.061999797821045,nan,nan,nan,nan,nan,nan,nan,nan,nan,nan,nan,0.013333955870709584
312.17939352989197,-0.38999998569488525,4.025000095367432,4.054999828338623,4.052000045776367,4.057000160217285,4.057000160217285,4.061999797821045,nan,nan,nan,nan,nan,nan,nan,nan,nan,nan,nan,0.013333955870709584
312.35964608192444,-0.4000000059604645,4.025000095367432,4.056000232696533,4.052000045776367,4.057000160217285,4.058000087738037,4.061999797821045,nan,nan,nan,nan,nan,nan,nan,nan,nan,nan,nan,0.013333955870709584
312.5190510749817,-0.41999998688697815,4.025000095367432,4.056000232696533,4.052000045776367,4.057000160217285,4.058000087738037,4.061999797821045,nan,nan,nan,nan,nan,nan,nan,nan,nan,nan,nan,0.013333955870709584
312.69973134994507,-0.4000000059604645,4.025000095367432,4.056000232696533,4.052000045776367,4.057000160217285,4.058000087738037,4.061999797821045,nan,nan,nan,nan,nan,nan,nan,nan,nan,nan,nan,0.013333955870709584
312.8600137233734,-0.4000000059604645,4.025000095367432,4.056000232696533,4.052000045776367,4.057000160217285,4.057000160217285,4.061999797821045,nan,nan,nan,nan,nan,nan,nan,nan,nan,nan,nan,0.013333955870709584
313.03877878189087,-0.4000000059604645,4.025000095367432,4.054999828338623,4.052000045776367,4.057000160217285,4.058000087738037,4.061999797821045,nan,nan,nan,nan,nan,nan,nan,nan,nan,nan,nan,0.013333955870709584
313.219411611557,-0.4099999964237213,4.025000095367432,4.054999828338623,4.052000045776367,4.057000160217285,4.058000087738037,4.061999797821045,nan,nan,nan,nan,nan,nan,nan,nan,nan,nan,nan,0.013333955870709584
313.38015508651733,-0.4000000059604645,4.025000095367432,4.054999828338623,4.052000045776367,4.057000160217285,4.057000160217285,4.061999797821045,nan,nan,nan,nan,nan,nan,nan,nan,nan,nan,nan,0.013333955870709584
313.5605421066284,-0.4000000059604645,4.025000095367432,4.054999828338623,4.052000045776367,4.057000160217285,4.057000160217285,4.061999797821045,nan,nan,nan,nan,nan,nan,nan,nan,nan,nan,nan,0.013333955870709584
313.7223279476166,-0.4000000059604645,4.025000095367432,4.054999828338623,4.052000045776367,4.057000160217285,4.058000087738037,4.061999797821045,nan,nan,nan,nan,nan,nan,nan,nan,nan,nan,nan,0.013333955870709584
313.90089678764343,-0.4099999964237213,4.025000095367432,4.054999828338623,4.052000045776367,4.057000160217285,4.058000087738037,4.061999797821045,nan,nan,nan,nan,nan,nan,nan,nan,nan,nan,nan,0.013333955870709584
314.081458568573,-0.41999998688697815,4.025000095367432,4.054999828338623,4.052000045776367,4.057000160217285,4.058000087738037,4.061999797821045,nan,nan,nan,nan,nan,nan,nan,nan,nan,nan,nan,0.013333955870709584
314.2405529022217,-0.4300000071525574,4.025000095367432,4.054999828338623,4.052000045776367,4.057000160217285,4.058000087738037,4.061999797821045,nan,nan,nan,nan,nan,nan,nan,nan,nan,nan,nan,0.013333955870709584
314.4198250770569,-0.4300000071525574,4.025000095367432,4.054999828338623,4.052000045776367,4.057000160217285,4.058000087738037,4.061999797821045,nan,nan,nan,nan,nan,nan,nan,nan,nan,nan,nan,0.013333955870709584
314.6009666919708,-0.4300000071525574,4.025000095367432,4.054999828338623,4.052000045776367,4.057000160217285,4.057000160217285,4.061999797821045,nan,nan,nan,nan,nan,nan,nan,nan,nan,nan,nan,0.013333955870709584
314.76183223724365,-0.4300000071525574,4.025000095367432,4.054999828338623,4.052000045776367,4.057000160217285,4.057000160217285,4.061999797821045,nan,nan,nan,nan,nan,nan,nan,nan,nan,nan,nan,0.013333955870709584
314.9391465187073,-0.4300000071525574,4.025000095367432,4.054999828338623,4.052000045776367,4.057000160217285,4.057000160217285,4.061999797821045,nan,nan,nan,nan,nan,nan,nan,nan,nan,nan,nan,0.013333955870709584
315.09988379478455,-0.4099999964237213,4.025000095367432,4.056000232696533,4.052000045776367,4.057000160217285,4.057000160217285,4.061999797821045,nan,nan,nan,nan,nan,nan,nan,nan,nan,nan,nan,0.013333955870709584
315.28030800819397,-0.4300000071525574,4.025000095367432,4.054999828338623,4.052000045776367,4.057000160217285,4.058000087738037,4.061999797821045,nan,nan,nan,nan,nan,nan,nan,nan,nan,nan,nan,0.013333955870709584
315.45897364616394,-0.4099999964237213,4.025000095367432,4.054999828338623,4.052000045776367,4.057000160217285,4.057000160217285,4.061999797821045,nan,nan,nan,nan,nan,nan,nan,nan,nan,nan,nan,0.013333955870709584
315.61988973617554,-0.41999998688697815,4.025000095367432,4.054999828338623,4.052000045776367,4.057000160217285,4.057000160217285,4.061999797821045,nan,nan,nan,nan,nan,nan,nan,nan,nan,nan,nan,0.013333955870709584
315.7994010448456,-0.4300000071525574,4.02400016784668,4.054999828338623,4.052000045776367,4.057000160217285,4.057000160217285,4.061999797821045,nan,nan,nan,nan,nan,nan,nan,nan,nan,nan,nan,0.013333955870709584
315.95992279052734,-0.4300000071525574,4.025000095367432,4.056000232696533,4.052000045776367,4.057000160217285,4.057000160217285,4.061999797821045,nan,nan,nan,nan,nan,nan,nan,nan,nan,nan,nan,0.013333955870709584
316.1402246952057,-0.41999998688697815,4.025000095367432,4.054999828338623,4.052000045776367,4.057000160217285,4.057000160217285,4.061999797821045,nan,nan,nan,nan,nan,nan,nan,nan,nan,nan,nan,0.013333955870709584
316.3193461894989,-0.4300000071525574,4.025000095367432,4.054999828338623,4.052000045776367,4.057000160217285,4.057000160217285,4.061999797821045,nan,nan,nan,nan,nan,nan,nan,nan,nan,nan,nan,0.013333955870709584
316.48002314567566,-0.4300000071525574,4.025000095367432,4.054999828338623,4.052000045776367,4.057000160217285,4.057000160217285,4.061999797821045,nan,nan,nan,nan,nan,nan,nan,nan,nan,nan,nan,0.013333955870709584
316.66021847724915,-0.4300000071525574,4.025000095367432,4.054999828338623,4.052000045776367,4.057000160217285,4.057000160217285,4.061999797821045,nan,nan,nan,nan,nan,nan,nan,nan,nan,nan,nan,0.013333955870709584
316.84047985076904,-0.4300000071525574,4.025000095367432,4.054999828338623,4.052000045776367,4.057000160217285,4.057000160217285,4.061999797821045,nan,nan,nan,nan,nan,nan,nan,nan,nan,nan,nan,0.013333955870709584
316.99971652030945,-0.4300000071525574,4.025000095367432,4.054999828338623,4.052000045776367,4.057000160217285,4.057000160217285,4.061999797821045,nan,nan,nan,nan,nan,nan,nan,nan,nan,nan,nan,0.013333955870709584
317.1801052093506,-0.4300000071525574,4.02400016784668,4.054999828338623,4.052000045776367,4.057000160217285,4.057000160217285,4.061999797821045,nan,nan,nan,nan,nan,nan,nan,nan,nan,nan,nan,0.013333955870709584
317.341392993927,-0.4300000071525574,4.02400016784668,4.054999828338623,4.052000045776367,4.057000160217285,4.058000087738037,4.061999797821045,nan,nan,nan,nan,nan,nan,nan,nan,nan,nan,nan,0.013333955870709584
317.51970624923706,-0.41999998688697815,4.02400016784668,4.054999828338623,4.052000045776367,4.057000160217285,4.057000160217285,4.061999797821045,nan,nan,nan,nan,nan,nan,nan,nan,nan,nan,nan,0.013333955870709584
317.70121240615845,-0.41999998688697815,4.025000095367432,4.054999828338623,4.052000045776367,4.057000160217285,4.057000160217285,4.061999797821045,nan,nan,nan,nan,nan,nan,nan,nan,nan,nan,nan,0.013333955870709584
317.8609881401062,-0.41999998688697815,4.025000095367432,4.056000232696533,4.052000045776367,4.057000160217285,4.057000160217285,4.061999797821045,nan,nan,nan,nan,nan,nan,nan,nan,nan,nan,nan,0.013333955870709584
318.039617061615,-0.4099999964237213,4.025000095367432,4.054999828338623,4.052000045776367,4.057000160217285,4.057000160217285,4.061999797821045,nan,nan,nan,nan,nan,nan,nan,nan,nan,nan,nan,0.013333955870709584
318.1991310119629,-0.4000000059604645,4.025000095367432,4.054999828338623,4.052000045776367,4.057000160217285,4.057000160217285,4.061999797821045,nan,nan,nan,nan,nan,nan,nan,nan,nan,nan,nan,0.013333955870709584
318.3797857761383,-0.4000000059604645,4.025000095367432,4.054999828338623,4.052000045776367,4.057000160217285,4.057000160217285,4.061999797821045,nan,nan,nan,nan,nan,nan,nan,nan,nan,nan,nan,0.013333955870709584
318.55980253219604,-0.4000000059604645,4.025000095367432,4.054999828338623,4.052000045776367,4.057000160217285,4.057000160217285,4.061999797821045,nan,nan,nan,nan,nan,nan,nan,nan,nan,nan,nan,0.013333955870709584
318.71938252449036,-0.4000000059604645,4.025000095367432,4.054999828338623,4.052000045776367,4.057000160217285,4.057000160217285,4.061999797821045,nan,nan,nan,nan,nan,nan,nan,nan,nan,nan,nan,0.013333955870709584
318.899516582489,-0.4000000059604645,4.025000095367432,4.054999828338623,4.052000045776367,4.057000160217285,4.057000160217285,4.061999797821045,nan,nan,nan,nan,nan,nan,nan,nan,nan,nan,nan,0.013333955870709584
319.05914402008057,-0.4099999964237213,4.025000095367432,4.054999828338623,4.052000045776367,4.057000160217285,4.058000087738037,4.061999797821045,nan,nan,nan,nan,nan,nan,nan,nan,nan,nan,nan,0.013333955870709584
319.23940324783325,-0.38999998569488525,4.025000095367432,4.054999828338623,4.052000045776367,4.057000160217285,4.057000160217285,4.061999797821045,nan,nan,nan,nan,nan,nan,nan,nan,nan,nan,nan,0.013333955870709584
319.4198477268219,-0.4000000059604645,4.025000095367432,4.054999828338623,4.052000045776367,4.057000160217285,4.057000160217285,4.061999797821045,nan,nan,nan,nan,nan,nan,nan,nan,nan,nan,nan,0.013333955870709584
319.57938408851624,-0.4000000059604645,4.025000095367432,4.054999828338623,4.052000045776367,4.057000160217285,4.057000160217285,4.061999797821045,nan,nan,nan,nan,nan,nan,nan,nan,nan,nan,nan,0.013333955870709584
319.75970220565796,-0.38999998569488525,4.025000095367432,4.054999828338623,4.052000045776367,4.057000160217285,4.057000160217285,4.061999797821045,nan,nan,nan,nan,nan,nan,nan,nan,nan,nan,nan,0.013333955870709584
319.94082832336426,-0.4000000059604645,4.025000095367432,4.054999828338623,4.052000045776367,4.057000160217285,4.057000160217285,4.061999797821045,nan,nan,nan,nan,nan,nan,nan,nan,nan,nan,nan,0.013333955870709584
320.10000133514404,-0.4000000059604645,4.025000095367432,4.054999828338623,4.052000045776367,4.057000160217285,4.057000160217285,4.061999797821045,nan,nan,nan,nan,nan,nan,nan,nan,nan,nan,nan,0.013333955870709584
320.2802140712738,-0.4000000059604645,4.025000095367432,4.054999828338623,4.052000045776367,4.057000160217285,4.057000160217285,4.061999797821045,nan,nan,nan,nan,nan,nan,nan,nan,nan,nan,nan,0.013333955870709584
320.44049739837646,-0.4000000059604645,4.02400016784668,4.054999828338623,4.052000045776367,4.057000160217285,4.057000160217285,4.061999797821045,nan,nan,nan,nan,nan,nan,nan,nan,nan,nan,nan,0.013333955870709584
320.62043046951294,-0.4000000059604645,4.02400016784668,4.054999828338623,4.052000045776367,4.057000160217285,4.057000160217285,4.061999797821045,nan,nan,nan,nan,nan,nan,nan,nan,nan,nan,nan,0.013333955870709584
320.80197167396545,-0.41999998688697815,4.025000095367432,4.054999828338623,4.052000045776367,4.057000160217285,4.058000087738037,4.061999797821045,nan,nan,nan,nan,nan,nan,nan,nan,nan,nan,nan,0.013333955870709584
320.96023964881897,-0.4000000059604645,4.025000095367432,4.054999828338623,4.052000045776367,4.057000160217285,4.057000160217285,4.061999797821045,nan,nan,nan,nan,nan,nan,nan,nan,nan,nan,nan,0.013333955870709584
321.14081835746765,-0.38999998569488525,4.025000095367432,4.054999828338623,4.052000045776367,4.057000160217285,4.057000160217285,4.061999797821045,nan,nan,nan,nan,nan,nan,nan,nan,nan,nan,nan,0.013333955870709584
321.29971742630005,-0.38999998569488525,4.025000095367432,4.054999828338623,4.052000045776367,4.057000160217285,4.057000160217285,4.061999797821045,nan,nan,nan,nan,nan,nan,nan,nan,nan,nan,nan,0.013333955870709584
321.48129773139954,-0.4000000059604645,4.02400016784668,4.054999828338623,4.052000045776367,4.057000160217285,4.057000160217285,4.061999797821045,nan,nan,nan,nan,nan,nan,nan,nan,nan,nan,nan,0.013333955870709584
321.66161942481995,-0.4099999964237213,4.02400016784668,4.054999828338623,4.052000045776367,4.057000160217285,4.057000160217285,4.061999797821045,nan,nan,nan,nan,nan,nan,nan,nan,nan,nan,nan,0.013333955870709584
321.820677280426,-0.38999998569488525,4.025000095367432,4.054999828338623,4.052000045776367,4.057000160217285,4.057000160217285,4.061999797821045,nan,nan,nan,nan,nan,nan,nan,nan,nan,nan,nan,0.013333955870709584
321.9994463920593,-0.4000000059604645,4.025000095367432,4.054999828338623,4.052000045776367,4.057000160217285,4.057000160217285,4.061999797821045,nan,nan,nan,nan,nan,nan,nan,nan,nan,nan,nan,0.013333955870709584
322.16030502319336,-0.4000000059604645,4.02400016784668,4.054999828338623,4.052000045776367,4.057000160217285,4.057000160217285,4.061999797821045,nan,nan,nan,nan,nan,nan,nan,nan,nan,nan,nan,0.013333955870709584
322.33980345726013,-0.4000000059604645,4.025000095367432,4.054999828338623,4.052000045776367,4.057000160217285,4.057000160217285,4.061999797821045,nan,nan,nan,nan,nan,nan,nan,nan,nan,nan,nan,0.013333955870709584
322.52105379104614,-0.38999998569488525,4.025000095367432,4.054999828338623,4.052000045776367,4.057000160217285,4.057000160217285,4.061999797821045,nan,nan,nan,nan,nan,nan,nan,nan,nan,nan,nan,0.013333955870709584
322.6793706417084,-0.4000000059604645,4.02400016784668,4.054999828338623,4.052000045776367,4.057000160217285,4.057000160217285,4.061999797821045,nan,nan,nan,nan,nan,nan,nan,nan,nan,nan,nan,0.013333955870709584
322.85948514938354,-0.38999998569488525,4.025000095367432,4.054999828338623,4.052000045776367,4.057000160217285,4.057000160217285,4.061999797821045,nan,nan,nan,nan,nan,nan,nan,nan,nan,nan,nan,0.013333955870709584
323.0398371219635,-0.4000000059604645,4.02400016784668,4.054999828338623,4.052000045776367,4.057000160217285,4.057000160217285,4.061999797821045,nan,nan,nan,nan,nan,nan,nan,nan,nan,nan,nan,0.013333955870709584
323.19960355758667,-0.38999998569488525,4.025000095367432,4.054999828338623,4.052000045776367,4.057000160217285,4.057000160217285,4.061999797821045,nan,nan,nan,nan,nan,nan,nan,nan,nan,nan,nan,0.013333955870709584
323.3800685405731,-0.4000000059604645,4.025000095367432,4.054999828338623,4.052000045776367,4.057000160217285,4.057000160217285,4.061999797821045,nan,nan,nan,nan,nan,nan,nan,nan,nan,nan,nan,0.013333955870709584
323.54090690612793,-0.38999998569488525,4.02400016784668,4.054999828338623,4.052000045776367,4.057000160217285,4.057000160217285,4.061999797821045,nan,nan,nan,nan,nan,nan,nan,nan,nan,nan,nan,0.013333955870709584
323.7195212841034,-0.4000000059604645,4.02400016784668,4.054999828338623,4.052000045776367,4.057000160217285,4.057000160217285,4.061999797821045,nan,nan,nan,nan,nan,nan,nan,nan,nan,nan,nan,0.013333955870709584
323.9001441001892,-0.4000000059604645,4.02400016784668,4.054999828338623,4.052000045776367,4.057000160217285,4.057000160217285,4.061999797821045,nan,nan,nan,nan,nan,nan,nan,nan,nan,nan,nan,0.013333955870709584
324.0594472885132,-0.3799999952316284,4.025000095367432,4.054999828338623,4.052000045776367,4.057000160217285,4.057000160217285,4.061999797821045,nan,nan,nan,nan,nan,nan,nan,nan,nan,nan,nan,0.013333955870709584
324.24108266830444,-0.4099999964237213,4.02400016784668,4.054999828338623,4.052000045776367,4.057000160217285,4.057000160217285,4.061999797821045,nan,nan,nan,nan,nan,nan,nan,nan,nan,nan,nan,0.013333955870709584
324.39935326576233,-0.4000000059604645,4.02400016784668,4.054999828338623,4.052000045776367,4.057000160217285,4.057000160217285,4.061999797821045,nan,nan,nan,nan,nan,nan,nan,nan,nan,nan,nan,0.013333955870709584
324.5796637535095,-0.3799999952316284,4.025000095367432,4.054999828338623,4.052000045776367,4.057000160217285,4.057000160217285,4.061999797821045,nan,nan,nan,nan,nan,nan,nan,nan,nan,nan,nan,0.013333955870709584
324.7598204612732,-0.4000000059604645,4.02400016784668,4.054999828338623,4.052000045776367,4.057000160217285,4.057000160217285,4.061999797821045,nan,nan,nan,nan,nan,nan,nan,nan,nan,nan,nan,0.013333955870709584
324.92087507247925,-0.4000000059604645,4.02400016784668,4.054999828338623,4.052000045776367,4.057000160217285,4.057000160217285,4.061999797821045,nan,nan,nan,nan,nan,nan,nan,nan,nan,nan,nan,0.013333955870709584
325.09949350357056,-0.4000000059604645,4.02400016784668,4.054999828338623,4.052000045776367,4.057000160217285,4.057000160217285,4.061999797821045,nan,nan,nan,nan,nan,nan,nan,nan,nan,nan,nan,0.013333955870709584
325.27978253364563,-0.4000000059604645,4.02400016784668,4.054999828338623,4.052000045776367,4.057000160217285,4.057000160217285,4.061999797821045,nan,nan,nan,nan,nan,nan,nan,nan,nan,nan,nan,0.013333955870709584
325.4396996498108,-0.4000000059604645,4.02400016784668,4.054999828338623,4.051000118255615,4.057000160217285,4.057000160217285,4.061999797821045,nan,nan,nan,nan,nan,nan,nan,nan,nan,nan,nan,0.013333955870709584
325.61930322647095,-0.3799999952316284,4.02400016784668,4.054999828338623,4.052000045776367,4.057000160217285,4.057000160217285,4.061999797821045,nan,nan,nan,nan,nan,nan,nan,nan,nan,nan,nan,0.013333955870709584
325.7805142402649,-0.4000000059604645,4.02400016784668,4.054999828338623,4.052000045776367,4.057000160217285,4.057000160217285,4.061999797821045,nan,nan,nan,nan,nan,nan,nan,nan,nan,nan,nan,0.013333955870709584
325.9590482711792,-0.4000000059604645,4.02400016784668,4.054999828338623,4.051000118255615,4.057000160217285,4.057000160217285,4.061999797821045,nan,nan,nan,nan,nan,nan,nan,nan,nan,nan,nan,0.013333955870709584
326.13953924179077,-0.4000000059604645,4.02400016784668,4.054999828338623,4.052000045776367,4.057000160217285,4.057000160217285,4.061999797821045,nan,nan,nan,nan,nan,nan,nan,nan,nan,nan,nan,0.013333955870709584
326.298978805542,-0.38999998569488525,4.02400016784668,4.054999828338623,4.052000045776367,4.057000160217285,4.057000160217285,4.061999797821045,nan,nan,nan,nan,nan,nan,nan,nan,nan,nan,nan,0.013333955870709584
326.4788570404053,-0.4000000059604645,4.02400016784668,4.054999828338623,4.052000045776367,4.057000160217285,4.057000160217285,4.061999797821045,nan,nan,nan,nan,nan,nan,nan,nan,nan,nan,nan,0.013333955870709584
326.6406021118164,-0.4000000059604645,4.02400016784668,4.054999828338623,4.052000045776367,4.057000160217285,4.057000160217285,4.061999797821045,nan,nan,nan,nan,nan,nan,nan,nan,nan,nan,nan,0.013333955870709584
326.8202826976776,-0.4000000059604645,4.02400016784668,4.054999828338623,4.051000118255615,4.057000160217285,4.057000160217285,4.061999797821045,nan,nan,nan,nan,nan,nan,nan,nan,nan,nan,nan,0.013333955870709584
327.0002417564392,-0.4000000059604645,4.02400016784668,4.054999828338623,4.052000045776367,4.057000160217285,4.057000160217285,4.061999797821045,nan,nan,nan,nan,nan,nan,nan,nan,nan,nan,nan,0.013333955870709584
327.15992736816406,-0.4000000059604645,4.02400016784668,4.054999828338623,4.052000045776367,4.057000160217285,4.057000160217285,4.061999797821045,nan,nan,nan,nan,nan,nan,nan,nan,nan,nan,nan,0.013333955870709584
327.3414216041565,-0.4099999964237213,4.02400016784668,4.054999828338623,4.052000045776367,4.057000160217285,4.057000160217285,4.061999797821045,nan,nan,nan,nan,nan,nan,nan,nan,nan,nan,nan,0.013333955870709584
327.5007164478302,-0.38999998569488525,4.02400016784668,4.054999828338623,4.052000045776367,4.057000160217285,4.057000160217285,4.061999797821045,nan,nan,nan,nan,nan,nan,nan,nan,nan,nan,nan,0.013333955870709584
327.6809310913086,-0.4300000071525574,4.02400016784668,4.054999828338623,4.052000045776367,4.057000160217285,4.057000160217285,4.061999797821045,nan,nan,nan,nan,nan,nan,nan,nan,nan,nan,nan,0.013333955870709584
327.86118054389954,-0.4099999964237213,4.02400016784668,4.054999828338623,4.052000045776367,4.057000160217285,4.057000160217285,4.061999797821045,nan,nan,nan,nan,nan,nan,nan,nan,nan,nan,nan,0.013333955870709584
328.0205223560333,-0.4000000059604645,4.02400016784668,4.054999828338623,4.051000118255615,4.057000160217285,4.057000160217285,4.061999797821045,nan,nan,nan,nan,nan,nan,nan,nan,nan,nan,nan,0.013333955870709584
328.199422121048,-0.4000000059604645,4.02400016784668,4.054999828338623,4.051000118255615,4.057000160217285,4.057000160217285,4.061999797821045,nan,nan,nan,nan,nan,nan,nan,nan,nan,nan,nan,0.013333955870709584
328.3798575401306,-0.4000000059604645,4.02400016784668,4.054999828338623,4.052000045776367,4.057000160217285,4.057000160217285,4.061999797821045,nan,nan,nan,nan,nan,nan,nan,nan,nan,nan,nan,0.013333955870709584
328.5402934551239,-0.4000000059604645,4.02400016784668,4.054999828338623,4.051000118255615,4.057000160217285,4.057000160217285,4.061999797821045,nan,nan,nan,nan,nan,nan,nan,nan,nan,nan,nan,0.013333955870709584
328.71931862831116,-0.38999998569488525,4.02400016784668,4.054999828338623,4.051000118255615,4.057000160217285,4.057000160217285,4.061999797821045,nan,nan,nan,nan,nan,nan,nan,nan,nan,nan,nan,0.013333955870709584
328.8791205883026,-0.4000000059604645,4.025000095367432,4.054999828338623,4.052000045776367,4.057000160217285,4.057000160217285,4.061999797821045,nan,nan,nan,nan,nan,nan,nan,nan,nan,nan,nan,0.013333955870709584
329.05925393104553,-0.4000000059604645,4.02400016784668,4.054999828338623,4.052000045776367,4.057000160217285,4.057000160217285,4.061999797821045,nan,nan,nan,nan,nan,nan,nan,nan,nan,nan,nan,0.013333955870709584
329.23922061920166,-0.4000000059604645,4.02400016784668,4.054999828338623,4.052000045776367,4.057000160217285,4.057000160217285,4.061999797821045,nan,nan,nan,nan,nan,nan,nan,nan,nan,nan,nan,0.013333955870709584
329.3989140987396,-0.4000000059604645,4.02400016784668,4.054999828338623,4.051000118255615,4.057000160217285,4.057000160217285,4.061999797821045,nan,nan,nan,nan,nan,nan,nan,nan,nan,nan,nan,0.013333955870709584
329.5793344974518,-0.38999998569488525,4.02400016784668,4.054999828338623,4.051000118255615,4.057000160217285,4.057000160217285,4.061999797821045,nan,nan,nan,nan,nan,nan,nan,nan,nan,nan,nan,0.013333955870709584
329.7401189804077,-0.4000000059604645,4.02400016784668,4.054999828338623,4.051000118255615,4.057000160217285,4.057000160217285,4.061999797821045,nan,nan,nan,nan,nan,nan,nan,nan,nan,nan,nan,0.013333955870709584
329.920343875885,-0.4099999964237213,4.02400016784668,4.054999828338623,4.052000045776367,4.057000160217285,4.057000160217285,4.061999797821045,nan,nan,nan,nan,nan,nan,nan,nan,nan,nan,nan,0.013333955870709584
330.0994656085968,-0.4099999964237213,4.02400016784668,4.054999828338623,4.051000118255615,4.057000160217285,4.057000160217285,4.061999797821045,nan,nan,nan,nan,nan,nan,nan,nan,nan,nan,nan,0.013333955870709584
330.2614622116089,-0.41999998688697815,4.02400016784668,4.054999828338623,4.052000045776367,4.057000160217285,4.057000160217285,4.061999797821045,nan,nan,nan,nan,nan,nan,nan,nan,nan,nan,nan,0.013333955870709584
330.4399108886719,-0.38999998569488525,4.02400016784668,4.054999828338623,4.051000118255615,4.057000160217285,4.057000160217285,4.061999797821045,nan,nan,nan,nan,nan,nan,nan,nan,nan,nan,nan,0.013333955870709584
330.5992953777313,-0.4099999964237213,4.02400016784668,4.054999828338623,4.051000118255615,4.057000160217285,4.057000160217285,4.061999797821045,nan,nan,nan,nan,nan,nan,nan,nan,nan,nan,nan,0.013333955870709584
330.7810733318329,-0.4000000059604645,4.02400016784668,4.054999828338623,4.051000118255615,4.057000160217285,4.057000160217285,4.061999797821045,nan,nan,nan,nan,nan,nan,nan,nan,nan,nan,nan,0.013333955870709584
330.95986318588257,-0.41999998688697815,4.02400016784668,4.054999828338623,4.051000118255615,4.057000160217285,4.057000160217285,4.061999797821045,nan,nan,nan,nan,nan,nan,nan,nan,nan,nan,nan,0.013333955870709584
331.12048840522766,-0.4000000059604645,4.02400016784668,4.054999828338623,4.052000045776367,4.057000160217285,4.057000160217285,4.061999797821045,nan,nan,nan,nan,nan,nan,nan,nan,nan,nan,nan,0.013333955870709584
331.29950046539307,-0.4099999964237213,4.02400016784668,4.054999828338623,4.051000118255615,4.056000232696533,4.057000160217285,4.061999797821045,nan,nan,nan,nan,nan,nan,nan,nan,nan,nan,nan,0.013333955870709584
331.4809970855713,-0.38999998569488525,4.02400016784668,4.054999828338623,4.051000118255615,4.057000160217285,4.057000160217285,4.061999797821045,nan,nan,nan,nan,nan,nan,nan,nan,nan,nan,nan,0.013333955870709584
331.64040875434875,-0.4000000059604645,4.02400016784668,4.054999828338623,4.051000118255615,4.057000160217285,4.057000160217285,4.061999797821045,nan,nan,nan,nan,nan,nan,nan,nan,nan,nan,nan,0.013333955870709584
331.81921768188477,-0.4000000059604645,4.02400016784668,4.054999828338623,4.051000118255615,4.057000160217285,4.057000160217285,4.061999797821045,nan,nan,nan,nan,nan,nan,nan,nan,nan,nan,nan,0.013333955870709584
331.98031187057495,-0.4000000059604645,4.02400016784668,4.054999828338623,4.051000118255615,4.057000160217285,4.057000160217285,4.061999797821045,nan,nan,nan,nan,nan,nan,nan,nan,nan,nan,nan,0.013333955870709584
332.16048645973206,-0.4099999964237213,4.02400016784668,4.054999828338623,4.051000118255615,4.057000160217285,4.057000160217285,4.061999797821045,nan,nan,nan,nan,nan,nan,nan,nan,nan,nan,nan,0.013333955870709584
332.33932399749756,-0.4000000059604645,4.02400016784668,4.054999828338623,4.051000118255615,4.057000160217285,4.057000160217285,4.061999797821045,nan,nan,nan,nan,nan,nan,nan,nan,nan,nan,nan,0.013333955870709584
332.4993281364441,-0.4000000059604645,4.02400016784668,4.054999828338623,4.052000045776367,4.057000160217285,4.057000160217285,4.061999797821045,nan,nan,nan,nan,nan,nan,nan,nan,nan,nan,nan,0.013333955870709584
332.67959117889404,-0.4000000059604645,4.02400016784668,4.054999828338623,4.051000118255615,4.056000232696533,4.057000160217285,4.061999797821045,nan,nan,nan,nan,nan,nan,nan,nan,nan,nan,nan,0.013333955870709584
332.8394236564636,-0.4000000059604645,4.02400016784668,4.054999828338623,4.051000118255615,4.057000160217285,4.057000160217285,4.061999797821045,nan,nan,nan,nan,nan,nan,nan,nan,nan,nan,nan,0.013333955870709584
333.0192937850952,-0.4099999964237213,4.02400016784668,4.054999828338623,4.051000118255615,4.057000160217285,4.057000160217285,4.061999797821045,nan,nan,nan,nan,nan,nan,nan,nan,nan,nan,nan,0.013333955870709584
333.1996262073517,-0.4000000059604645,4.02400016784668,4.054999828338623,4.052000045776367,4.057000160217285,4.057000160217285,4.061999797821045,nan,nan,nan,nan,nan,nan,nan,nan,nan,nan,nan,0.013333955870709584
333.3590633869171,-0.4000000059604645,4.02400016784668,4.054999828338623,4.051000118255615,4.057000160217285,4.057000160217285,4.061999797821045,nan,nan,nan,nan,nan,nan,nan,nan,nan,nan,nan,0.013333955870709584
333.54135251045227,-0.38999998569488525,4.02400016784668,4.054999828338623,4.051000118255615,4.056000232696533,4.057000160217285,4.061999797821045,nan,nan,nan,nan,nan,nan,nan,nan,nan,nan,nan,0.013333955870709584
333.7225890159607,-0.4000000059604645,4.02400016784668,4.054999828338623,4.051000118255615,4.057000160217285,4.057000160217285,4.061999797821045,nan,nan,nan,nan,nan,nan,nan,nan,nan,nan,nan,0.013333955870709584
333.8832128047943,-0.46000000834465027,4.02400016784668,4.054999828338623,4.051000118255615,4.056000232696533,4.057000160217285,4.061999797821045,nan,nan,nan,nan,nan,nan,nan,nan,nan,nan,nan,0.013333955870709584
334.06186056137085,-2.390000104904175,4.011000156402588,4.041999816894531,4.038000106811523,4.044000148773193,4.044000148773193,4.047999858856201,0.006735756887922443,0.006735756887922443,0.006735756887922443,0.006217659752831904,0.006735756887922443,0.007253854023012982,0.006735756887922443,0.006735756887922443,0.006735756887922443,0.006217659752831904,0.006735756887922443,0.010293904946861283
334.2225568294525,-1.2599999904632568,4.021999835968018,4.052999973297119,4.050000190734863,4.053999900817871,4.056000232696533,4.059999942779541,0.009734228718084617,0.009734650697827902,0.010619542219495296,0.008849337196417223,0.010619542219495296,0.010619542219495296,0.00823499280300353,0.008235203792875172,0.00867764955370887,0.007533498474624563,0.00867764955370887,0.008936698121254139
334.3995840549469,-1.2899999618530273,4.021999835968018,4.052999973297119,4.048999786376953,4.053999900817871,4.054999828338623,4.059999942779541,nan,nan,nan,nan,nan,nan,0.00823499280300353,0.008235203792875172,0.00867764955370887,0.007533498474624563,0.00867764955370887,0.008936698121254139
334.58136534690857,-1.1399999856948853,4.021999835968018,4.052000045776367,4.048999786376953,4.053999900817871,4.054999828338623,4.059999942779541,nan,nan,nan,nan,nan,nan,0.00823499280300353,0.008235203792875172,0.00867764955370887,0.007533498474624563,0.00867764955370887,0.008936698121254139
334.74044251441956,-1.2899999618530273,4.021999835968018,4.052999973297119,4.048999786376953,4.053999900817871,4.053999900817871,4.059000015258789,nan,nan,nan,nan,nan,nan,0.00823499280300353,0.008235203792875172,0.00867764955370887,0.007533498474624563,0.00867764955370887,0.008936698121254139
334.92056941986084,-1.2699999809265137,4.021999835968018,4.052000045776367,4.048999786376953,4.053999900817871,4.054999828338623,4.059000015258789,nan,nan,nan,nan,nan,nan,0.00823499280300353,0.008235203792875172,0.00867764955370887,0.007533498474624563,0.00867764955370887,0.008936698121254139
335.081668138504,-1.3300000429153442,4.021999835968018,4.052000045776367,4.048999786376953,4.053999900817871,4.054999828338623,4.059000015258789,nan,nan,nan,nan,nan,nan,0.00823499280300353,0.008235203792875172,0.00867764955370887,0.007533498474624563,0.00867764955370887,0.008936698121254139
335.26151061058044,-0.9300000071525574,4.020999908447266,4.052999973297119,4.048999786376953,4.053999900817871,4.054999828338623,4.059000015258789,nan,nan,nan,nan,nan,nan,0.00823499280300353,0.008235203792875172,0.00867764955370887,0.007533498474624563,0.00867764955370887,0.008936698121254139
335.4415578842163,-1.1799999475479126,4.021999835968018,4.052000045776367,4.048999786376953,4.053999900817871,4.054999828338623,4.059000015258789,nan,nan,nan,nan,nan,nan,0.00823499280300353,0.008235203792875172,0.00867764955370887,0.007533498474624563,0.00867764955370887,0.008936698121254139
335.6030983924866,-1.0700000524520874,4.021999835968018,4.052000045776367,4.048999786376953,4.053999900817871,4.054999828338623,4.059000015258789,nan,nan,nan,nan,nan,nan,0.00823499280300353,0.008235203792875172,0.00867764955370887,0.007533498474624563,0.00867764955370887,0.008936698121254139
335.7816207408905,-1.0199999809265137,4.021999835968018,4.052000045776367,4.048999786376953,4.053999900817871,4.054999828338623,4.059000015258789,nan,nan,nan,nan,nan,nan,0.00823499280300353,0.008235203792875172,0.00867764955370887,0.007533498474624563,0.00867764955370887,0.008936698121254139
335.9424731731415,-0.4000000059604645,4.0229997634887695,4.053999900817871,4.048999786376953,4.053999900817871,4.056000232696533,4.060999870300293,nan,nan,nan,nan,nan,nan,0.00823499280300353,0.008235203792875172,0.00867764955370887,0.007533498474624563,0.00867764955370887,0.008936698121254139
336.12078952789307,-0.4000000059604645,4.0229997634887695,4.053999900817871,4.051000118255615,4.056000232696533,4.056000232696533,4.060999870300293,nan,nan,nan,nan,nan,nan,0.00823499280300353,0.008235203792875172,0.00867764955370887,0.007533498474624563,0.00867764955370887,0.008936698121254139
336.29947233200073,-0.4000000059604645,4.0229997634887695,4.053999900817871,4.051000118255615,4.056000232696533,4.056000232696533,4.060999870300293,nan,nan,nan,nan,nan,nan,0.00823499280300353,0.008235203792875172,0.00867764955370887,0.007533498474624563,0.00867764955370887,0.008936698121254139
336.45906686782837,-0.4000000059604645,4.0229997634887695,4.053999900817871,4.051000118255615,4.056000232696533,4.056000232696533,4.060999870300293,nan,nan,nan,nan,nan,nan,0.00823499280300353,0.008235203792875172,0.00867764955370887,0.007533498474624563,0.00867764955370887,0.008936698121254139
336.6395094394684,-0.4000000059604645,4.0229997634887695,4.053999900817871,4.051000118255615,4.056000232696533,4.056000232696533,4.060999870300293,nan,nan,nan,nan,nan,nan,0.00823499280300353,0.008235203792875172,0.00867764955370887,0.007533498474624563,0.00867764955370887,0.008936698121254139
336.7988266944885,-0.4000000059604645,4.02400016784668,4.053999900817871,4.051000118255615,4.056000232696533,4.056000232696533,4.060999870300293,nan,nan,nan,nan,nan,nan,0.00823499280300353,0.008235203792875172,0.00867764955370887,0.007533498474624563,0.00867764955370887,0.008936698121254139
336.9796018600464,-0.38999998569488525,4.02400016784668,4.053999900817871,4.051000118255615,4.056000232696533,4.056000232696533,4.060999870300293,nan,nan,nan,nan,nan,nan,0.00823499280300353,0.008235203792875172,0.00867764955370887,0.007533498474624563,0.00867764955370887,0.008936698121254139
337.16008472442627,-0.41999998688697815,4.02400016784668,4.053999900817871,4.051000118255615,4.056000232696533,4.056000232696533,4.060999870300293,nan,nan,nan,nan,nan,nan,0.00823499280300353,0.008235203792875172,0.00867764955370887,0.007533498474624563,0.00867764955370887,0.008936698121254139
337.31911540031433,-0.4099999964237213,4.0229997634887695,4.053999900817871,4.051000118255615,4.056000232696533,4.056000232696533,4.060999870300293,nan,nan,nan,nan,nan,nan,0.00823499280300353,0.008235203792875172,0.00867764955370887,0.007533498474624563,0.00867764955370887,0.008936698121254139
337.49990940093994,-0.4000000059604645,4.02400016784668,4.053999900817871,4.051000118255615,4.056000232696533,4.056000232696533,4.060999870300293,nan,nan,nan,nan,nan,nan,0.00823499280300353,0.008235203792875172,0.00867764955370887,0.007533498474624563,0.00867764955370887,0.008936698121254139
337.67973589897156,-0.4000000059604645,4.02400016784668,4.053999900817871,4.051000118255615,4.056000232696533,4.056000232696533,4.060999870300293,nan,nan,nan,nan,nan,nan,0.00823499280300353,0.008235203792875172,0.00867764955370887,0.007533498474624563,0.00867764955370887,0.008936698121254139
337.84074902534485,-0.4000000059604645,4.02400016784668,4.053999900817871,4.051000118255615,4.056000232696533,4.056000232696533,4.060999870300293,nan,nan,nan,nan,nan,nan,0.00823499280300353,0.008235203792875172,0.00867764955370887,0.007533498474624563,0.00867764955370887,0.008936698121254139
338.0208704471588,-0.4000000059604645,4.02400016784668,4.053999900817871,4.051000118255615,4.056000232696533,4.056000232696533,4.060999870300293,nan,nan,nan,nan,nan,nan,0.00823499280300353,0.008235203792875172,0.00867764955370887,0.007533498474624563,0.00867764955370887,0.008936698121254139
338.18051385879517,-0.4000000059604645,4.02400016784668,4.053999900817871,4.051000118255615,4.056000232696533,4.056000232696533,4.060999870300293,nan,nan,nan,nan,nan,nan,0.00823499280300353,0.008235203792875172,0.00867764955370887,0.007533498474624563,0.00867764955370887,0.008936698121254139
338.359304189682,-0.4000000059604645,4.0229997634887695,4.053999900817871,4.051000118255615,4.056000232696533,4.057000160217285,4.060999870300293,nan,nan,nan,nan,nan,nan,0.00823499280300353,0.008235203792875172,0.00867764955370887,0.007533498474624563,0.00867764955370887,0.008936698121254139
338.53934478759766,-0.38999998569488525,4.02400016784668,4.053999900817871,4.051000118255615,4.056000232696533,4.056000232696533,4.060999870300293,nan,nan,nan,nan,nan,nan,0.00823499280300353,0.008235203792875172,0.00867764955370887,0.007533498474624563,0.00867764955370887,0.008936698121254139
338.6991946697235,-0.4000000059604645,4.02400016784668,4.053999900817871,4.051000118255615,4.056000232696533,4.057000160217285,4.060999870300293,nan,nan,nan,nan,nan,nan,0.00823499280300353,0.008235203792875172,0.00867764955370887,0.007533498474624563,0.00867764955370887,0.008936698121254139
338.87983202934265,-0.4000000059604645,4.0229997634887695,4.053999900817871,4.051000118255615,4.056000232696533,4.056000232696533,4.060999870300293,nan,nan,nan,nan,nan,nan,0.00823499280300353,0.008235203792875172,0.00867764955370887,0.007533498474624563,0.00867764955370887,0.008936698121254139
339.04052352905273,-0.4000000059604645,4.02400016784668,4.053999900817871,4.051000118255615,4.056000232696533,4.057000160217285,4.060999870300293,nan,nan,nan,nan,nan,nan,0.00823499280300353,0.008235203792875172,0.00867764955370887,0.007533498474624563,0.00867764955370887,0.008936698121254139
339.22082901000977,-0.4000000059604645,4.0229997634887695,4.053999900817871,4.051000118255615,4.056000232696533,4.056000232696533,4.060999870300293,nan,nan,nan,nan,nan,nan,0.00823499280300353,0.008235203792875172,0.00867764955370887,0.007533498474624563,0.00867764955370887,0.008936698121254139
339.3992266654968,-0.4000000059604645,4.02400016784668,4.053999900817871,4.051000118255615,4.056000232696533,4.056000232696533,4.060999870300293,nan,nan,nan,nan,nan,nan,0.00823499280300353,0.008235203792875172,0.00867764955370887,0.007533498474624563,0.00867764955370887,0.008936698121254139
339.5591802597046,-0.4000000059604645,4.0229997634887695,4.053999900817871,4.051000118255615,4.056000232696533,4.057000160217285,4.060999870300293,nan,nan,nan,nan,nan,nan,0.00823499280300353,0.008235203792875172,0.00867764955370887,0.007533498474624563,0.00867764955370887,0.008936698121254139
339.73943567276,-0.4000000059604645,4.02400016784668,4.053999900817871,4.051000118255615,4.056000232696533,4.057000160217285,4.060999870300293,nan,nan,nan,nan,nan,nan,0.00823499280300353,0.008235203792875172,0.00867764955370887,0.007533498474624563,0.00867764955370887,0.008936698121254139
339.9200677871704,-0.4099999964237213,4.0229997634887695,4.053999900817871,4.051000118255615,4.056000232696533,4.057000160217285,4.060999870300293,nan,nan,nan,nan,nan,nan,0.00823499280300353,0.008235203792875172,0.00867764955370887,0.007533498474624563,0.00867764955370887,0.008936698121254139
340.07941150665283,-0.38999998569488525,4.02400016784668,4.053999900817871,4.051000118255615,4.056000232696533,4.056000232696533,4.060999870300293,nan,nan,nan,nan,nan,nan,0.00823499280300353,0.008235203792875172,0.00867764955370887,0.007533498474624563,0.00867764955370887,0.008936698121254139
340.2599058151245,-0.4099999964237213,4.02400016784668,4.053999900817871,4.051000118255615,4.056000232696533,4.057000160217285,4.060999870300293,nan,nan,nan,nan,nan,nan,0.00823499280300353,0.008235203792875172,0.00867764955370887,0.007533498474624563,0.00867764955370887,0.008936698121254139
340.418958902359,-0.38999998569488525,4.02400016784668,4.053999900817871,4.051000118255615,4.056000232696533,4.057000160217285,4.060999870300293,nan,nan,nan,nan,nan,nan,0.00823499280300353,0.008235203792875172,0.00867764955370887,0.007533498474624563,0.00867764955370887,0.008936698121254139
340.5993604660034,-0.4099999964237213,4.02400016784668,4.053999900817871,4.051000118255615,4.056000232696533,4.057000160217285,4.060999870300293,nan,nan,nan,nan,nan,nan,0.00823499280300353,0.008235203792875172,0.00867764955370887,0.007533498474624563,0.00867764955370887,0.008936698121254139
340.77985858917236,-0.4099999964237213,4.02400016784668,4.054999828338623,4.051000118255615,4.056000232696533,4.057000160217285,4.060999870300293,nan,nan,nan,nan,nan,nan,0.00823499280300353,0.008235203792875172,0.00867764955370887,0.007533498474624563,0.00867764955370887,0.008936698121254139
340.93927025794983,-0.4099999964237213,4.02400016784668,4.054999828338623,4.051000118255615,4.056000232696533,4.056000232696533,4.060999870300293,nan,nan,nan,nan,nan,nan,0.00823499280300353,0.008235203792875172,0.00867764955370887,0.007533498474624563,0.00867764955370887,0.008936698121254139
341.1195752620697,-0.4000000059604645,4.02400016784668,4.054999828338623,4.051000118255615,4.056000232696533,4.057000160217285,4.060999870300293,nan,nan,nan,nan,nan,nan,0.00823499280300353,0.008235203792875172,0.00867764955370887,0.007533498474624563,0.00867764955370887,0.008936698121254139
341.28051376342773,-0.4099999964237213,4.0229997634887695,4.053999900817871,4.051000118255615,4.056000232696533,4.057000160217285,4.060999870300293,nan,nan,nan,nan,nan,nan,0.00823499280300353,0.008235203792875172,0.00867764955370887,0.007533498474624563,0.00867764955370887,0.008936698121254139
341.4592545032501,-0.41999998688697815,4.02400016784668,4.053999900817871,4.051000118255615,4.056000232696533,4.057000160217285,4.060999870300293,nan,nan,nan,nan,nan,nan,0.00823499280300353,0.008235203792875172,0.00867764955370887,0.007533498474624563,0.00867764955370887,0.008936698121254139
341.6401786804199,-0.4099999964237213,4.02400016784668,4.053999900817871,4.051000118255615,4.056000232696533,4.057000160217285,4.060999870300293,nan,nan,nan,nan,nan,nan,0.00823499280300353,0.008235203792875172,0.00867764955370887,0.007533498474624563,0.00867764955370887,0.008936698121254139
341.8006663322449,-0.4000000059604645,4.02400016784668,4.053999900817871,4.051000118255615,4.056000232696533,4.057000160217285,4.061999797821045,nan,nan,nan,nan,nan,nan,0.00823499280300353,0.008235203792875172,0.00867764955370887,0.007533498474624563,0.00867764955370887,0.008936698121254139
341.981187582016,-0.4000000059604645,4.02400016784668,4.053999900817871,4.051000118255615,4.056000232696533,4.057000160217285,4.060999870300293,nan,nan,nan,nan,nan,nan,0.00823499280300353,0.008235203792875172,0.00867764955370887,0.007533498474624563,0.00867764955370887,0.008936698121254139
342.1619007587433,-0.4099999964237213,4.02400016784668,4.053999900817871,4.051000118255615,4.056000232696533,4.057000160217285,4.060999870300293,nan,nan,nan,nan,nan,nan,0.00823499280300353,0.008235203792875172,0.00867764955370887,0.007533498474624563,0.00867764955370887,0.008936698121254139
342.32195115089417,-0.4000000059604645,4.0229997634887695,4.053999900817871,4.051000118255615,4.056000232696533,4.057000160217285,4.060999870300293,nan,nan,nan,nan,nan,nan,0.00823499280300353,0.008235203792875172,0.00867764955370887,0.007533498474624563,0.00867764955370887,0.008936698121254139
342.50015926361084,-0.41999998688697815,4.0229997634887695,4.053999900817871,4.051000118255615,4.056000232696533,4.056000232696533,4.060999870300293,nan,nan,nan,nan,nan,nan,0.00823499280300353,0.008235203792875172,0.00867764955370887,0.007533498474624563,0.00867764955370887,0.008936698121254139
342.66101360321045,-0.4000000059604645,4.02400016784668,4.053999900817871,4.051000118255615,4.056000232696533,4.057000160217285,4.060999870300293,nan,nan,nan,nan,nan,nan,0.00823499280300353,0.008235203792875172,0.00867764955370887,0.007533498474624563,0.00867764955370887,0.008936698121254139
342.840208530426,-0.4099999964237213,4.02400016784668,4.053999900817871,4.051000118255615,4.056000232696533,4.057000160217285,4.060999870300293,nan,nan,nan,nan,nan,nan,0.00823499280300353,0.008235203792875172,0.00867764955370887,0.007533498474624563,0.00867764955370887,0.008936698121254139
343.0204277038574,-0.4099999964237213,4.02400016784668,4.053999900817871,4.051000118255615,4.056000232696533,4.057000160217285,4.060999870300293,nan,nan,nan,nan,nan,nan,0.00823499280300353,0.008235203792875172,0.00867764955370887,0.007533498474624563,0.00867764955370887,0.008936698121254139
343.179545879364,-0.4000000059604645,4.02400016784668,4.053999900817871,4.051000118255615,4.056000232696533,4.056000232696533,4.060999870300293,nan,nan,nan,nan,nan,nan,0.00823499280300353,0.008235203792875172,0.00867764955370887,0.007533498474624563,0.00867764955370887,0.008936698121254139
343.3600070476532,-0.4000000059604645,4.02400016784668,4.053999900817871,4.051000118255615,4.056000232696533,4.057000160217285,4.060999870300293,nan,nan,nan,nan,nan,nan,0.00823499280300353,0.008235203792875172,0.00867764955370887,0.007533498474624563,0.00867764955370887,0.008936698121254139
343.51966166496277,-0.4000000059604645,4.02400016784668,4.053999900817871,4.051000118255615,4.056000232696533,4.056000232696533,4.061999797821045,nan,nan,nan,nan,nan,nan,0.00823499280300353,0.008235203792875172,0.00867764955370887,0.007533498474624563,0.00867764955370887,0.008936698121254139
343.69991278648376,-0.4000000059604645,4.02400016784668,4.053999900817871,4.051000118255615,4.056000232696533,4.057000160217285,4.060999870300293,nan,nan,nan,nan,nan,nan,0.00823499280300353,0.008235203792875172,0.00867764955370887,0.007533498474624563,0.00867764955370887,0.008936698121254139
343.8815371990204,-0.4000000059604645,4.0229997634887695,4.053999900817871,4.051000118255615,4.056000232696533,4.057000160217285,4.060999870300293,nan,nan,nan,nan,nan,nan,0.00823499280300353,0.008235203792875172,0.00867764955370887,0.007533498474624563,0.00867764955370887,0.008936698121254139
344.0410740375519,-0.4000000059604645,4.02400016784668,4.053999900817871,4.051000118255615,4.056000232696533,4.056000232696533,4.060999870300293,nan,nan,nan,nan,nan,nan,0.00823499280300353,0.008235203792875172,0.00867764955370887,0.007533498474624563,0.00867764955370887,0.008936698121254139
344.22075629234314,-0.4000000059604645,4.02400016784668,4.053999900817871,4.051000118255615,4.056000232696533,4.057000160217285,4.061999797821045,nan,nan,nan,nan,nan,nan,0.00823499280300353,0.008235203792875172,0.00867764955370887,0.007533498474624563,0.00867764955370887,0.008936698121254139
344.3799364566803,-0.4000000059604645,4.0229997634887695,4.053999900817871,4.051000118255615,4.056000232696533,4.056000232696533,4.060999870300293,nan,nan,nan,nan,nan,nan,0.00823499280300353,0.008235203792875172,0.00867764955370887,0.007533498474624563,0.00867764955370887,0.008936698121254139
344.56022238731384,-0.4000000059604645,4.02400016784668,4.053999900817871,4.051000118255615,4.056000232696533,4.057000160217285,4.060999870300293,nan,nan,nan,nan,nan,nan,0.00823499280300353,0.008235203792875172,0.00867764955370887,0.007533498474624563,0.00867764955370887,0.008936698121254139
344.739000082016,-0.4099999964237213,4.02400016784668,4.053999900817871,4.051000118255615,4.056000232696533,4.057000160217285,4.060999870300293,nan,nan,nan,nan,nan,nan,0.00823499280300353,0.008235203792875172,0.00867764955370887,0.007533498474624563,0.00867764955370887,0.008936698121254139
344.90040826797485,-0.4099999964237213,4.02400016784668,4.053999900817871,4.051000118255615,4.056000232696533,4.057000160217285,4.060999870300293,nan,nan,nan,nan,nan,nan,0.00823499280300353,0.008235203792875172,0.00867764955370887,0.007533498474624563,0.00867764955370887,0.008936698121254139
345.08041167259216,-0.41999998688697815,4.0229997634887695,4.053999900817871,4.051000118255615,4.056000232696533,4.056000232696533,4.060999870300293,nan,nan,nan,nan,nan,nan,0.00823499280300353,0.008235203792875172,0.00867764955370887,0.007533498474624563,0.00867764955370887,0.008936698121254139
345.2619571685791,-0.4000000059604645,4.0229997634887695,4.053999900817871,4.051000118255615,4.056000232696533,4.057000160217285,4.060999870300293,nan,nan,nan,nan,nan,nan,0.00823499280300353,0.008235203792875172,0.00867764955370887,0.007533498474624563,0.00867764955370887,0.008936698121254139
345.42262148857117,-0.4000000059604645,4.02400016784668,4.053999900817871,4.051000118255615,4.056000232696533,4.056000232696533,4.060999870300293,nan,nan,nan,nan,nan,nan,0.00823499280300353,0.008235203792875172,0.00867764955370887,0.007533498474624563,0.00867764955370887,0.008936698121254139
345.60012102127075,-0.4000000059604645,4.0229997634887695,4.053999900817871,4.051000118255615,4.056000232696533,4.056000232696533,4.060999870300293,nan,nan,nan,nan,nan,nan,0.00823499280300353,0.008235203792875172,0.00867764955370887,0.007533498474624563,0.00867764955370887,0.008936698121254139
345.76062846183777,-0.4099999964237213,4.0229997634887695,4.053999900817871,4.051000118255615,4.056000232696533,4.057000160217285,4.060999870300293,nan,nan,nan,nan,nan,nan,0.00823499280300353,0.008235203792875172,0.00867764955370887,0.007533498474624563,0.00867764955370887,0.008936698121254139
345.9405131340027,-0.4000000059604645,4.02400016784668,4.053999900817871,4.051000118255615,4.056000232696533,4.057000160217285,4.060999870300293,nan,nan,nan,nan,nan,nan,0.00823499280300353,0.008235203792875172,0.00867764955370887,0.007533498474624563,0.00867764955370887,0.008936698121254139
346.12127923965454,-2.430000066757202,4.01800012588501,4.048999786376953,4.046000003814697,4.051000118255615,4.052000045776367,4.056000232696533,0.0029556856068836844,0.0024631104882605354,0.0024631104882605354,0.0024631104882605354,0.0024631104882605354,0.002462875593115746,0.006344957162484151,0.006098880593044219,0.006541326353877916,0.005656223842338879,0.006541326353877916,0.006541208906305521
346.2803084850311,-0.9200000166893005,4.0229997634887695,4.053999900817871,4.050000190734863,4.056000232696533,4.056000232696533,4.060999870300293,0.003311018170850353,0.0033113339570373683,0.0026491303228672975,0.0033113339570373683,0.0026491303228672975,0.003311018170850353,0.0031333518888670185,0.002887222222648952,0.0025561204055639165,0.002887222222648952,0.0025561204055639165,0.0028869468819830496
346.4604535102844,-0.9599999785423279,4.021999835968018,4.052000045776367,4.048999786376953,4.052999973297119,4.053999900817871,4.059000015258789,nan,nan,nan,nan,nan,nan,0.0031333518888670185,0.002887222222648952,0.0025561204055639165,0.002887222222648952,0.0025561204055639165,0.0028869468819830496
346.62011647224426,-1.100000023841858,4.020999908447266,4.052999973297119,4.047999858856201,4.053999900817871,4.054999828338623,4.059000015258789,nan,nan,nan,nan,nan,nan,0.0031333518888670185,0.002887222222648952,0.0025561204055639165,0.002887222222648952,0.0025561204055639165,0.0028869468819830496
346.80035161972046,-1.1399999856948853,4.021999835968018,4.052000045776367,4.048999786376953,4.052999973297119,4.053999900817871,4.059000015258789,nan,nan,nan,nan,nan,nan,0.0031333518888670185,0.002887222222648952,0.0025561204055639165,0.002887222222648952,0.0025561204055639165,0.0028869468819830496
346.97925448417664,-0.8899999856948853,4.020999908447266,4.052000045776367,4.047999858856201,4.053999900817871,4.053999900817871,4.059000015258789,nan,nan,nan,nan,nan,nan,0.0031333518888670185,0.002887222222648952,0.0025561204055639165,0.002887222222648952,0.0025561204055639165,0.0028869468819830496
347.1402904987335,-0.9100000262260437,4.020999908447266,4.052000045776367,4.047999858856201,4.053999900817871,4.054999828338623,4.059000015258789,nan,nan,nan,nan,nan,nan,0.0031333518888670185,0.002887222222648952,0.0025561204055639165,0.002887222222648952,0.0025561204055639165,0.0028869468819830496
347.31914925575256,-1.059999942779541,4.020999908447266,4.052000045776367,4.047999858856201,4.053999900817871,4.053999900817871,4.058000087738037,nan,nan,nan,nan,nan,nan,0.0031333518888670185,0.002887222222648952,0.0025561204055639165,0.002887222222648952,0.0025561204055639165,0.0028869468819830496
347.4802188873291,-1.0099999904632568,4.020999908447266,4.052000045776367,4.047999858856201,4.052999973297119,4.053999900817871,4.058000087738037,nan,nan,nan,nan,nan,nan,0.0031333518888670185,0.002887222222648952,0.0025561204055639165,0.002887222222648952,0.0025561204055639165,0.0028869468819830496
347.66033601760864,-0.9800000190734863,4.020999908447266,4.051000118255615,4.048999786376953,4.053999900817871,4.053999900817871,4.058000087738037,nan,nan,nan,nan,nan,nan,0.0031333518888670185,0.002887222222648952,0.0025561204055639165,0.002887222222648952,0.0025561204055639165,0.0028869468819830496
347.83985781669617,-1.2000000476837158,4.020999908447266,4.052000045776367,4.047999858856201,4.053999900817871,4.052999973297119,4.059000015258789,nan,nan,nan,nan,nan,nan,0.0031333518888670185,0.002887222222648952,0.0025561204055639165,0.002887222222648952,0.0025561204055639165,0.0028869468819830496
347.9990713596344,-0.9200000166893005,4.020999908447266,4.051000118255615,4.047999858856201,4.052999973297119,4.053999900817871,4.058000087738037,nan,nan,nan,nan,nan,nan,0.0031333518888670185,0.002887222222648952,0.0025561204055639165,0.002887222222648952,0.0025561204055639165,0.0028869468819830496
348.1793255805969,-0.38999998569488525,4.0229997634887695,4.053999900817871,4.050000190734863,4.054999828338623,4.056000232696533,4.060999870300293,nan,nan,nan,nan,nan,nan,0.0031333518888670185,0.002887222222648952,0.0025561204055639165,0.002887222222648952,0.0025561204055639165,0.0028869468819830496
348.35935735702515,-0.4099999964237213,4.0229997634887695,4.053999900817871,4.050000190734863,4.054999828338623,4.056000232696533,4.059999942779541,nan,nan,nan,nan,nan,nan,0.0031333518888670185,0.002887222222648952,0.0025561204055639165,0.002887222222648952,0.0025561204055639165,0.0028869468819830496
348.5190119743347,-0.38999998569488525,4.0229997634887695,4.053999900817871,4.050000190734863,4.054999828338623,4.056000232696533,4.059999942779541,nan,nan,nan,nan,nan,nan,0.0031333518888670185,0.002887222222648952,0.0025561204055639165,0.002887222222648952,0.0025561204055639165,0.0028869468819830496
348.6993682384491,-0.41999998688697815,4.0229997634887695,4.052999973297119,4.050000190734863,4.054999828338623,4.056000232696533,4.060999870300293,nan,nan,nan,nan,nan,nan,0.0031333518888670185,0.002887222222648952,0.0025561204055639165,0.002887222222648952,0.0025561204055639165,0.0028869468819830496
348.860289812088,-0.38999998569488525,4.0229997634887695,4.053999900817871,4.050000190734863,4.054999828338623,4.056000232696533,4.060999870300293,nan,nan,nan,nan,nan,nan,0.0031333518888670185,0.002887222222648952,0.0025561204055639165,0.002887222222648952,0.0025561204055639165,0.0028869468819830496
349.03917360305786,-0.41999998688697815,4.0229997634887695,4.053999900817871,4.050000190734863,4.054999828338623,4.056000232696533,4.060999870300293,nan,nan,nan,nan,nan,nan,0.0031333518888670185,0.002887222222648952,0.0025561204055639165,0.002887222222648952,0.0025561204055639165,0.0028869468819830496
349.21984004974365,-0.4000000059604645,4.0229997634887695,4.053999900817871,4.050000190734863,4.056000232696533,4.056000232696533,4.060999870300293,nan,nan,nan,nan,nan,nan,0.0031333518888670185,0.002887222222648952,0.0025561204055639165,0.002887222222648952,0.0025561204055639165,0.0028869468819830496
349.3790993690491,-0.4000000059604645,4.0229997634887695,4.053999900817871,4.050000190734863,4.056000232696533,4.056000232696533,4.060999870300293,nan,nan,nan,nan,nan,nan,0.0031333518888670185,0.002887222222648952,0.0025561204055639165,0.002887222222648952,0.0025561204055639165,0.0028869468819830496
349.5606632232666,-0.4000000059604645,4.0229997634887695,4.053999900817871,4.050000190734863,4.054999828338623,4.056000232696533,4.060999870300293,nan,nan,nan,nan,nan,nan,0.0031333518888670185,0.002887222222648952,0.0025561204055639165,0.002887222222648952,0.0025561204055639165,0.0028869468819830496
349.7199721336365,-0.4099999964237213,4.0229997634887695,4.053999900817871,4.050000190734863,4.054999828338623,4.056000232696533,4.060999870300293,nan,nan,nan,nan,nan,nan,0.0031333518888670185,0.002887222222648952,0.0025561204055639165,0.002887222222648952,0.0025561204055639165,0.0028869468819830496
349.9003987312317,-0.4000000059604645,4.0229997634887695,4.053999900817871,4.050000190734863,4.056000232696533,4.056000232696533,4.060999870300293,nan,nan,nan,nan,nan,nan,0.0031333518888670185,0.002887222222648952,0.0025561204055639165,0.002887222222648952,0.0025561204055639165,0.0028869468819830496
350.08048248291016,-0.4099999964237213,4.0229997634887695,4.053999900817871,4.050000190734863,4.054999828338623,4.056000232696533,4.060999870300293,nan,nan,nan,nan,nan,nan,0.0031333518888670185,0.002887222222648952,0.0025561204055639165,0.002887222222648952,0.0025561204055639165,0.0028869468819830496
350.24041533470154,-0.4000000059604645,4.0229997634887695,4.053999900817871,4.050000190734863,4.056000232696533,4.056000232696533,4.060999870300293,nan,nan,nan,nan,nan,nan,0.0031333518888670185,0.002887222222648952,0.0025561204055639165,0.002887222222648952,0.0025561204055639165,0.0028869468819830496
350.42019152641296,-0.4000000059604645,4.0229997634887695,4.053999900817871,4.050000190734863,4.056000232696533,4.056000232696533,4.060999870300293,nan,nan,nan,nan,nan,nan,0.0031333518888670185,0.002887222222648952,0.0025561204055639165,0.002887222222648952,0.0025561204055639165,0.0028869468819830496
350.57987546920776,-0.4099999964237213,4.0229997634887695,4.053999900817871,4.050000190734863,4.054999828338623,4.056000232696533,4.060999870300293,nan,nan,nan,nan,nan,nan,0.0031333518888670185,0.002887222222648952,0.0025561204055639165,0.002887222222648952,0.0025561204055639165,0.0028869468819830496
350.7600107192993,-0.38999998569488525,4.0229997634887695,4.053999900817871,4.050000190734863,4.054999828338623,4.056000232696533,4.060999870300293,nan,nan,nan,nan,nan,nan,0.0031333518888670185,0.002887222222648952,0.0025561204055639165,0.002887222222648952,0.0025561204055639165,0.0028869468819830496
350.94049096107483,-0.4000000059604645,4.0229997634887695,4.053999900817871,4.050000190734863,4.056000232696533,4.056000232696533,4.060999870300293,nan,nan,nan,nan,nan,nan,0.0031333518888670185,0.002887222222648952,0.0025561204055639165,0.002887222222648952,0.0025561204055639165,0.0028869468819830496
351.1009831428528,-0.4000000059604645,4.0229997634887695,4.053999900817871,4.050000190734863,4.056000232696533,4.056000232696533,4.060999870300293,nan,nan,nan,nan,nan,nan,0.0031333518888670185,0.002887222222648952,0.0025561204055639165,0.002887222222648952,0.0025561204055639165,0.0028869468819830496
351.2813882827759,-0.38999998569488525,4.0229997634887695,4.053999900817871,4.050000190734863,4.056000232696533,4.056000232696533,4.060999870300293,nan,nan,nan,nan,nan,nan,0.0031333518888670185,0.002887222222648952,0.0025561204055639165,0.002887222222648952,0.0025561204055639165,0.0028869468819830496
351.46028900146484,-0.38999998569488525,4.0229997634887695,4.053999900817871,4.050000190734863,4.056000232696533,4.056000232696533,4.060999870300293,nan,nan,nan,nan,nan,nan,0.0031333518888670185,0.002887222222648952,0.0025561204055639165,0.002887222222648952,0.0025561204055639165,0.0028869468819830496
351.62075448036194,-0.4099999964237213,4.0229997634887695,4.053999900817871,4.050000190734863,4.056000232696533,4.056000232696533,4.060999870300293,nan,nan,nan,nan,nan,nan,0.0031333518888670185,0.002887222222648952,0.0025561204055639165,0.002887222222648952,0.0025561204055639165,0.0028869468819830496
351.8011631965637,-0.38999998569488525,4.0229997634887695,4.053999900817871,4.050000190734863,4.056000232696533,4.056000232696533,4.060999870300293,nan,nan,nan,nan,nan,nan,0.0031333518888670185,0.002887222222648952,0.0025561204055639165,0.002887222222648952,0.0025561204055639165,0.0028869468819830496
351.95911860466003,-0.4000000059604645,4.0229997634887695,4.053999900817871,4.050000190734863,4.056000232696533,4.056000232696533,4.060999870300293,nan,nan,nan,nan,nan,nan,0.0031333518888670185,0.002887222222648952,0.0025561204055639165,0.002887222222648952,0.0025561204055639165,0.0028869468819830496
352.1396372318268,-0.4000000059604645,4.0229997634887695,4.053999900817871,4.050000190734863,4.056000232696533,4.056000232696533,4.060999870300293,nan,nan,nan,nan,nan,nan,0.0031333518888670185,0.002887222222648952,0.0025561204055639165,0.002887222222648952,0.0025561204055639165,0.0028869468819830496
352.3198835849762,-0.4000000059604645,4.0229997634887695,4.053999900817871,4.050000190734863,4.056000232696533,4.056000232696533,4.060999870300293,nan,nan,nan,nan,nan,nan,0.0031333518888670185,0.002887222222648952,0.0025561204055639165,0.002887222222648952,0.0025561204055639165,0.0028869468819830496
352.47928524017334,-0.4000000059604645,4.0229997634887695,4.053999900817871,4.050000190734863,4.054999828338623,4.056000232696533,4.060999870300293,nan,nan,nan,nan,nan,nan,0.0031333518888670185,0.002887222222648952,0.0025561204055639165,0.002887222222648952,0.0025561204055639165,0.0028869468819830496
352.6596975326538,-0.4000000059604645,4.0229997634887695,4.053999900817871,4.050000190734863,4.056000232696533,4.056000232696533,4.060999870300293,nan,nan,nan,nan,nan,nan,0.0031333518888670185,0.002887222222648952,0.0025561204055639165,0.002887222222648952,0.0025561204055639165,0.0028869468819830496
352.82035207748413,-0.4000000059604645,4.0229997634887695,4.053999900817871,4.050000190734863,4.056000232696533,4.056000232696533,4.060999870300293,nan,nan,nan,nan,nan,nan,0.0031333518888670185,0.002887222222648952,0.0025561204055639165,0.002887222222648952,0.0025561204055639165,0.0028869468819830496
352.99926471710205,-0.4000000059604645,4.0229997634887695,4.053999900817871,4.050000190734863,4.056000232696533,4.056000232696533,4.060999870300293,nan,nan,nan,nan,nan,nan,0.0031333518888670185,0.002887222222648952,0.0025561204055639165,0.002887222222648952,0.0025561204055639165,0.0028869468819830496
353.1806991100311,-0.4099999964237213,4.0229997634887695,4.053999900817871,4.050000190734863,4.054999828338623,4.056000232696533,4.060999870300293,nan,nan,nan,nan,nan,nan,0.0031333518888670185,0.002887222222648952,0.0025561204055639165,0.002887222222648952,0.0025561204055639165,0.0028869468819830496
353.3397524356842,-0.4000000059604645,4.0229997634887695,4.053999900817871,4.050000190734863,4.056000232696533,4.056000232696533,4.060999870300293,nan,nan,nan,nan,nan,nan,0.0031333518888670185,0.002887222222648952,0.0025561204055639165,0.002887222222648952,0.0025561204055639165,0.0028869468819830496
353.5203130245209,-0.4000000059604645,4.0229997634887695,4.053999900817871,4.050000190734863,4.056000232696533,4.056000232696533,4.060999870300293,nan,nan,nan,nan,nan,nan,0.0031333518888670185,0.002887222222648952,0.0025561204055639165,0.002887222222648952,0.0025561204055639165,0.0028869468819830496
353.68098306655884,-0.4099999964237213,4.0229997634887695,4.053999900817871,4.050000190734863,4.056000232696533,4.056000232696533,4.060999870300293,nan,nan,nan,nan,nan,nan,0.0031333518888670185,0.002887222222648952,0.0025561204055639165,0.002887222222648952,0.0025561204055639165,0.0028869468819830496
353.8600981235504,-0.4000000059604645,4.0229997634887695,4.053999900817871,4.050000190734863,4.056000232696533,4.056000232696533,4.060999870300293,nan,nan,nan,nan,nan,nan,0.0031333518888670185,0.002887222222648952,0.0025561204055639165,0.002887222222648952,0.0025561204055639165,0.0028869468819830496
354.0405333042145,-0.4000000059604645,4.0229997634887695,4.053999900817871,4.050000190734863,4.056000232696533,4.056000232696533,4.060999870300293,nan,nan,nan,nan,nan,nan,0.0031333518888670185,0.002887222222648952,0.0025561204055639165,0.002887222222648952,0.0025561204055639165,0.0028869468819830496
354.2000014781952,-0.4000000059604645,4.0229997634887695,4.053999900817871,4.050000190734863,4.056000232696533,4.056000232696533,4.060999870300293,nan,nan,nan,nan,nan,nan,0.0031333518888670185,0.002887222222648952,0.0025561204055639165,0.002887222222648952,0.0025561204055639165,0.0028869468819830496
354.3802480697632,-0.4000000059604645,4.0229997634887695,4.053999900817871,4.050000190734863,4.056000232696533,4.056000232696533,4.060999870300293,nan,nan,nan,nan,nan,nan,0.0031333518888670185,0.002887222222648952,0.0025561204055639165,0.002887222222648952,0.0025561204055639165,0.0028869468819830496
354.5603041648865,-0.38999998569488525,4.0229997634887695,4.053999900817871,4.050000190734863,4.056000232696533,4.056000232696533,4.060999870300293,nan,nan,nan,nan,nan,nan,0.0031333518888670185,0.002887222222648952,0.0025561204055639165,0.002887222222648952,0.0025561204055639165,0.0028869468819830496
354.72004890441895,-1.5099999904632568,4.0229997634887695,4.053999900817871,4.050000190734863,4.056000232696533,4.056000232696533,4.060999870300293,nan,nan,nan,nan,nan,nan,0.0031333518888670185,0.002887222222648952,0.0025561204055639165,0.002887222222648952,0.0025561204055639165,0.0028869468819830496
354.9002501964569,-0.3499999940395355,4.017000198364258,4.047999858856201,4.044000148773193,4.050000190734863,4.050000190734863,4.054999828338623,0.005172038916386527,0.005172449982903487,0.005172449982903487,0.005172449982903487,0.005172449982903487,0.005172449982903487,0.00424152854361844,0.004241891969970428,0.003910790152885393,0.004241891969970428,0.003910790152885393,0.00424173407687692
355.0599482059479,-1.1299999952316284,4.019999980926514,4.052000045776367,4.048999786376953,4.053999900817871,4.053999900817871,4.059000015258789,nan,0.005128444761605683,0.0064097917898957675,nan,nan,0.005128444761605683,0.00424152854361844,0.0051504473722545855,0.005791120886399628,0.004241891969970428,0.003910790152885393,0.0051504473722545855
355.2403361797333,-1.1100000143051147,4.020999908447266,4.051000118255615,4.047999858856201,4.052999973297119,4.053999900817871,4.059000015258789,nan,nan,nan,nan,nan,nan,0.00424152854361844,0.0051504473722545855,0.005791120886399628,0.004241891969970428,0.003910790152885393,0.0051504473722545855
355.419100522995,-1.2799999713897705,4.019999980926514,4.052000045776367,4.047999858856201,4.053999900817871,4.053999900817871,4.059000015258789,nan,nan,nan,nan,nan,nan,0.00424152854361844,0.0051504473722545855,0.005791120886399628,0.004241891969970428,0.003910790152885393,0.0051504473722545855
355.5801827907562,-1.1399999856948853,4.020999908447266,4.051000118255615,4.048999786376953,4.052999973297119,4.053999900817871,4.058000087738037,nan,nan,nan,nan,nan,nan,0.00424152854361844,0.0051504473722545855,0.005791120886399628,0.004241891969970428,0.003910790152885393,0.0051504473722545855
355.76043128967285,-1.1399999856948853,4.020999908447266,4.051000118255615,4.047999858856201,4.052999973297119,4.053999900817871,4.059000015258789,nan,nan,nan,nan,nan,nan,0.00424152854361844,0.0051504473722545855,0.005791120886399628,0.004241891969970428,0.003910790152885393,0.0051504473722545855
355.939172744751,-1.2300000190734863,4.019999980926514,4.051000118255615,4.047999858856201,4.052999973297119,4.053999900817871,4.059000015258789,nan,nan,nan,nan,nan,nan,0.00424152854361844,0.0051504473722545855,0.005791120886399628,0.004241891969970428,0.003910790152885393,0.0051504473722545855
356.10023498535156,-1.350000023841858,4.020999908447266,4.051000118255615,4.046999931335449,4.052999973297119,4.052999973297119,4.059000015258789,nan,nan,nan,nan,nan,nan,0.00424152854361844,0.0051504473722545855,0.005791120886399628,0.004241891969970428,0.003910790152885393,0.0051504473722545855
356.28073930740356,-0.8700000047683716,4.019999980926514,4.051000118255615,4.047999858856201,4.052999973297119,4.053999900817871,4.058000087738037,nan,nan,nan,nan,nan,nan,0.00424152854361844,0.0051504473722545855,0.005791120886399628,0.004241891969970428,0.003910790152885393,0.0051504473722545855
356.4401047229767,-1.1799999475479126,4.019999980926514,4.051000118255615,4.047999858856201,4.052999973297119,4.053999900817871,4.059000015258789,nan,nan,nan,nan,nan,nan,0.00424152854361844,0.0051504473722545855,0.005791120886399628,0.004241891969970428,0.003910790152885393,0.0051504473722545855
356.62048506736755,-1.1399999856948853,4.019999980926514,4.051000118255615,4.047999858856201,4.052999973297119,4.053999900817871,4.059000015258789,nan,nan,nan,nan,nan,nan,0.00424152854361844,0.0051504473722545855,0.005791120886399628,0.004241891969970428,0.003910790152885393,0.0051504473722545855
356.80042719841003,-0.4000000059604645,4.021999835968018,4.052999973297119,4.050000190734863,4.054999828338623,4.054999828338623,4.059999942779541,nan,nan,nan,nan,nan,nan,0.00424152854361844,0.0051504473722545855,0.005791120886399628,0.004241891969970428,0.003910790152885393,0.0051504473722545855
356.960257768631,-0.4099999964237213,4.021999835968018,4.052999973297119,4.048999786376953,4.054999828338623,4.054999828338623,4.059999942779541,nan,nan,nan,nan,nan,nan,0.00424152854361844,0.0051504473722545855,0.005791120886399628,0.004241891969970428,0.003910790152885393,0.0051504473722545855
357.142196893692,-0.4099999964237213,4.021999835968018,4.052999973297119,4.048999786376953,4.054999828338623,4.054999828338623,4.059999942779541,nan,nan,nan,nan,nan,nan,0.00424152854361844,0.0051504473722545855,0.005791120886399628,0.004241891969970428,0.003910790152885393,0.0051504473722545855
357.30143785476685,-0.4000000059604645,4.021999835968018,4.053999900817871,4.048999786376953,4.054999828338623,4.056000232696533,4.060999870300293,nan,nan,nan,nan,nan,nan,0.00424152854361844,0.0051504473722545855,0.005791120886399628,0.004241891969970428,0.003910790152885393,0.0051504473722545855
357.4805841445923,-0.38999998569488525,4.021999835968018,4.052999973297119,4.048999786376953,4.054999828338623,4.054999828338623,4.059999942779541,nan,nan,nan,nan,nan,nan,0.00424152854361844,0.0051504473722545855,0.005791120886399628,0.004241891969970428,0.003910790152885393,0.0051504473722545855
357.66207003593445,-0.4000000059604645,4.021999835968018,4.052999973297119,4.050000190734863,4.054999828338623,4.054999828338623,4.059999942779541,nan,nan,nan,nan,nan,nan,0.00424152854361844,0.0051504473722545855,0.005791120886399628,0.004241891969970428,0.003910790152885393,0.0051504473722545855
357.82161498069763,-0.4000000059604645,4.021999835968018,4.052999973297119,4.050000190734863,4.054999828338623,4.054999828338623,4.059999942779541,nan,nan,nan,nan,nan,nan,0.00424152854361844,0.0051504473722545855,0.005791120886399628,0.004241891969970428,0.003910790152885393,0.0051504473722545855
358.0012538433075,-0.4000000059604645,4.021999835968018,4.052999973297119,4.050000190734863,4.054999828338623,4.056000232696533,4.059999942779541,nan,nan,nan,nan,nan,nan,0.00424152854361844,0.0051504473722545855,0.005791120886399628,0.004241891969970428,0.003910790152885393,0.0051504473722545855
358.16167163848877,-0.4000000059604645,4.021999835968018,4.052999973297119,4.050000190734863,4.054999828338623,4.054999828338623,4.059999942779541,nan,nan,nan,nan,nan,nan,0.00424152854361844,0.0051504473722545855,0.005791120886399628,0.004241891969970428,0.003910790152885393,0.0051504473722545855
358.34019327163696,-0.41999998688697815,4.021999835968018,4.052999973297119,4.050000190734863,4.054999828338623,4.054999828338623,4.059999942779541,nan,nan,nan,nan,nan,nan,0.00424152854361844,0.0051504473722545855,0.005791120886399628,0.004241891969970428,0.003910790152885393,0.0051504473722545855
358.5211703777313,-0.4000000059604645,4.021999835968018,4.052999973297119,4.050000190734863,4.054999828338623,4.054999828338623,4.060999870300293,nan,nan,nan,nan,nan,nan,0.00424152854361844,0.0051504473722545855,0.005791120886399628,0.004241891969970428,0.003910790152885393,0.0051504473722545855
358.6832981109619,-0.4000000059604645,4.021999835968018,4.052999973297119,4.050000190734863,4.054999828338623,4.054999828338623,4.059999942779541,nan,nan,nan,nan,nan,nan,0.00424152854361844,0.0051504473722545855,0.005791120886399628,0.004241891969970428,0.003910790152885393,0.0051504473722545855
358.8618438243866,-0.3799999952316284,4.021999835968018,4.052999973297119,4.048999786376953,4.054999828338623,4.056000232696533,4.059999942779541,nan,nan,nan,nan,nan,nan,0.00424152854361844,0.0051504473722545855,0.005791120886399628,0.004241891969970428,0.003910790152885393,0.0051504473722545855
359.02270555496216,-0.4000000059604645,4.021999835968018,4.052999973297119,4.050000190734863,4.054999828338623,4.054999828338623,4.059999942779541,nan,nan,nan,nan,nan,nan,0.00424152854361844,0.0051504473722545855,0.005791120886399628,0.004241891969970428,0.003910790152885393,0.0051504473722545855
359.20139813423157,-0.4000000059604645,4.021999835968018,4.052999973297119,4.050000190734863,4.054999828338623,4.054999828338623,4.059999942779541,nan,nan,nan,nan,nan,nan,0.00424152854361844,0.0051504473722545855,0.005791120886399628,0.004241891969970428,0.003910790152885393,0.0051504473722545855
359.3797209262848,-0.4000000059604645,4.021999835968018,4.052999973297119,4.050000190734863,4.054999828338623,4.054999828338623,4.059999942779541,nan,nan,nan,nan,nan,nan,0.00424152854361844,0.0051504473722545855,0.005791120886399628,0.004241891969970428,0.003910790152885393,0.0051504473722545855
359.53935074806213,-0.4000000059604645,4.021999835968018,4.052999973297119,4.050000190734863,4.054999828338623,4.056000232696533,4.059999942779541,nan,nan,nan,nan,nan,nan,0.00424152854361844,0.0051504473722545855,0.005791120886399628,0.004241891969970428,0.003910790152885393,0.0051504473722545855
359.7195739746094,-0.4099999964237213,4.021999835968018,4.052999973297119,4.050000190734863,4.054999828338623,4.054999828338623,4.059999942779541,nan,nan,nan,nan,nan,nan,0.00424152854361844,0.0051504473722545855,0.005791120886399628,0.004241891969970428,0.003910790152885393,0.0051504473722545855
359.9012269973755,-0.4000000059604645,4.0229997634887695,4.052999973297119,4.050000190734863,4.054999828338623,4.054999828338623,4.060999870300293,nan,nan,nan,nan,nan,nan,0.00424152854361844,0.0051504473722545855,0.005791120886399628,0.004241891969970428,0.003910790152885393,0.0051504473722545855
360.0608289241791,-0.4000000059604645,4.021999835968018,4.053999900817871,4.050000190734863,4.054999828338623,4.054999828338623,4.059999942779541,nan,nan,nan,nan,nan,nan,0.00424152854361844,0.0051504473722545855,0.005791120886399628,0.004241891969970428,0.003910790152885393,0.0051504473722545855
360.23959159851074,-0.4000000059604645,4.021999835968018,4.052999973297119,4.048999786376953,4.054999828338623,4.056000232696533,4.059999942779541,nan,nan,nan,nan,nan,nan,0.00424152854361844,0.0051504473722545855,0.005791120886399628,0.004241891969970428,0.003910790152885393,0.0051504473722545855
360.4002261161804,-0.4099999964237213,4.021999835968018,4.052999973297119,4.050000190734863,4.054999828338623,4.056000232696533,4.060999870300293,nan,nan,nan,nan,nan,nan,0.00424152854361844,0.0051504473722545855,0.005791120886399628,0.004241891969970428,0.003910790152885393,0.0051504473722545855
360.57927322387695,-0.38999998569488525,4.021999835968018,4.052999973297119,4.050000190734863,4.054999828338623,4.054999828338623,4.060999870300293,nan,nan,nan,nan,nan,nan,0.00424152854361844,0.0051504473722545855,0.005791120886399628,0.004241891969970428,0.003910790152885393,0.0051504473722545855
360.7611885070801,-0.4000000059604645,4.021999835968018,4.053999900817871,4.050000190734863,4.054999828338623,4.056000232696533,4.059999942779541,nan,nan,nan,nan,nan,nan,0.00424152854361844,0.0051504473722545855,0.005791120886399628,0.004241891969970428,0.003910790152885393,0.0051504473722545855
360.92027163505554,-0.4000000059604645,4.021999835968018,4.053999900817871,4.050000190734863,4.054999828338623,4.056000232696533,4.060999870300293,nan,nan,nan,nan,nan,nan,0.00424152854361844,0.0051504473722545855,0.005791120886399628,0.004241891969970428,0.003910790152885393,0.0051504473722545855
361.0994896888733,-0.4000000059604645,4.021999835968018,4.052999973297119,4.050000190734863,4.054999828338623,4.056000232696533,4.059999942779541,nan,nan,nan,nan,nan,nan,0.00424152854361844,0.0051504473722545855,0.005791120886399628,0.004241891969970428,0.003910790152885393,0.0051504473722545855
361.260329246521,-0.38999998569488525,4.021999835968018,4.053999900817871,4.050000190734863,4.054999828338623,4.056000232696533,4.059999942779541,nan,nan,nan,nan,nan,nan,0.00424152854361844,0.0051504473722545855,0.005791120886399628,0.004241891969970428,0.003910790152885393,0.0051504473722545855
361.4401607513428,-0.4000000059604645,4.021999835968018,4.052999973297119,4.050000190734863,4.054999828338623,4.056000232696533,4.060999870300293,nan,nan,nan,nan,nan,nan,0.00424152854361844,0.0051504473722545855,0.005791120886399628,0.004241891969970428,0.003910790152885393,0.0051504473722545855
361.6201148033142,-0.4000000059604645,4.021999835968018,4.052999973297119,4.050000190734863,4.054999828338623,4.056000232696533,4.060999870300293,nan,nan,nan,nan,nan,nan,0.00424152854361844,0.0051504473722545855,0.005791120886399628,0.004241891969970428,0.003910790152885393,0.0051504473722545855
361.77961564064026,-0.4000000059604645,4.021999835968018,4.052999973297119,4.050000190734863,4.054999828338623,4.056000232696533,4.059999942779541,nan,nan,nan,nan,nan,nan,0.00424152854361844,0.0051504473722545855,0.005791120886399628,0.004241891969970428,0.003910790152885393,0.0051504473722545855
361.9600191116333,-0.4000000059604645,4.0229997634887695,4.052999973297119,4.050000190734863,4.054999828338623,4.056000232696533,4.059999942779541,nan,nan,nan,nan,nan,nan,0.00424152854361844,0.0051504473722545855,0.005791120886399628,0.004241891969970428,0.003910790152885393,0.0051504473722545855
362.1402940750122,-0.4000000059604645,4.0229997634887695,4.052999973297119,4.050000190734863,4.054999828338623,4.054999828338623,4.059999942779541,nan,nan,nan,nan,nan,nan,0.00424152854361844,0.0051504473722545855,0.005791120886399628,0.004241891969970428,0.003910790152885393,0.0051504473722545855
362.29962396621704,-0.4000000059604645,4.021999835968018,4.052999973297119,4.050000190734863,4.054999828338623,4.056000232696533,4.060999870300293,nan,nan,nan,nan,nan,nan,0.00424152854361844,0.0051504473722545855,0.005791120886399628,0.004241891969970428,0.003910790152885393,0.0051504473722545855
362.479859828949,-0.4000000059604645,4.021999835968018,4.052999973297119,4.050000190734863,4.054999828338623,4.056000232696533,4.060999870300293,nan,nan,nan,nan,nan,nan,0.00424152854361844,0.0051504473722545855,0.005791120886399628,0.004241891969970428,0.003910790152885393,0.0051504473722545855
362.6394419670105,-0.4099999964237213,4.0229997634887695,4.053999900817871,4.050000190734863,4.054999828338623,4.054999828338623,4.060999870300293,nan,nan,nan,nan,nan,nan,0.00424152854361844,0.0051504473722545855,0.005791120886399628,0.004241891969970428,0.003910790152885393,0.0051504473722545855
362.81979179382324,-0.4000000059604645,4.021999835968018,4.053999900817871,4.048999786376953,4.054999828338623,4.056000232696533,4.059999942779541,nan,nan,nan,nan,nan,nan,0.00424152854361844,0.0051504473722545855,0.005791120886399628,0.004241891969970428,0.003910790152885393,0.0051504473722545855
363.0004606246948,-0.38999998569488525,4.0229997634887695,4.052999973297119,4.050000190734863,4.054999828338623,4.056000232696533,4.059999942779541,nan,nan,nan,nan,nan,nan,0.00424152854361844,0.0051504473722545855,0.005791120886399628,0.004241891969970428,0.003910790152885393,0.0051504473722545855
363.1595721244812,-0.4099999964237213,4.021999835968018,4.053999900817871,4.050000190734863,4.054999828338623,4.054999828338623,4.060999870300293,nan,nan,nan,nan,nan,nan,0.00424152854361844,0.0051504473722545855,0.005791120886399628,0.004241891969970428,0.003910790152885393,0.0051504473722545855
363.3403215408325,-0.4099999964237213,4.021999835968018,4.052999973297119,4.050000190734863,4.054999828338623,4.056000232696533,4.059999942779541,nan,nan,nan,nan,nan,nan,0.00424152854361844,0.0051504473722545855,0.005791120886399628,0.004241891969970428,0.003910790152885393,0.0051504473722545855
363.4991307258606,-0.4000000059604645,4.021999835968018,4.052999973297119,4.050000190734863,4.054999828338623,4.054999828338623,4.059999942779541,nan,nan,nan,nan,nan,nan,0.00424152854361844,0.0051504473722545855,0.005791120886399628,0.004241891969970428,0.003910790152885393,0.0051504473722545855
363.6796362400055,-0.4000000059604645,4.021999835968018,4.052999973297119,4.050000190734863,4.054999828338623,4.054999828338623,4.060999870300293,nan,nan,nan,nan,nan,nan,0.00424152854361844,0.0051504473722545855,0.005791120886399628,0.004241891969970428,0.003910790152885393,0.0051504473722545855
363.86101722717285,-0.38999998569488525,4.021999835968018,4.053999900817871,4.050000190734863,4.054999828338623,4.054999828338623,4.060999870300293,nan,nan,nan,nan,nan,nan,0.00424152854361844,0.0051504473722545855,0.005791120886399628,0.004241891969970428,0.003910790152885393,0.0051504473722545855
364.0205500125885,-0.4000000059604645,4.021999835968018,4.052999973297119,4.050000190734863,4.054999828338623,4.056000232696533,4.060999870300293,nan,nan,nan,nan,nan,nan,0.00424152854361844,0.0051504473722545855,0.005791120886399628,0.004241891969970428,0.003910790152885393,0.0051504473722545855
364.1991751194,-0.4000000059604645,4.021999835968018,4.053999900817871,4.050000190734863,4.054999828338623,4.056000232696533,4.060999870300293,nan,nan,nan,nan,nan,nan,0.00424152854361844,0.0051504473722545855,0.005791120886399628,0.004241891969970428,0.003910790152885393,0.0051504473722545855
364.35987162590027,-0.41999998688697815,4.0229997634887695,4.053999900817871,4.050000190734863,4.054999828338623,4.054999828338623,4.059999942779541,nan,nan,nan,nan,nan,nan,0.00424152854361844,0.0051504473722545855,0.005791120886399628,0.004241891969970428,0.003910790152885393,0.0051504473722545855
364.5402536392212,-0.4000000059604645,4.021999835968018,4.053999900817871,4.050000190734863,4.054999828338623,4.056000232696533,4.059999942779541,nan,nan,nan,nan,nan,nan,0.00424152854361844,0.0051504473722545855,0.005791120886399628,0.004241891969970428,0.003910790152885393,0.0051504473722545855
364.7205538749695,-0.4000000059604645,4.021999835968018,4.053999900817871,4.050000190734863,4.054999828338623,4.056000232696533,4.059999942779541,nan,nan,nan,nan,nan,nan,0.00424152854361844,0.0051504473722545855,0.005791120886399628,0.004241891969970428,0.003910790152885393,0.0051504473722545855
364.87972497940063,-0.41999998688697815,4.0229997634887695,4.053999900817871,4.050000190734863,4.054999828338623,4.054999828338623,4.060999870300293,nan,nan,nan,nan,nan,nan,0.00424152854361844,0.0051504473722545855,0.005791120886399628,0.004241891969970428,0.003910790152885393,0.0051504473722545855
365.0616400241852,-0.4000000059604645,4.021999835968018,4.053999900817871,4.050000190734863,4.054999828338623,4.056000232696533,4.060999870300293,nan,nan,nan,nan,nan,nan,0.00424152854361844,0.0051504473722545855,0.005791120886399628,0.004241891969970428,0.003910790152885393,0.0051504473722545855
365.2192039489746,-0.4000000059604645,4.021999835968018,4.052999973297119,4.050000190734863,4.054999828338623,4.054999828338623,4.059999942779541,nan,nan,nan,nan,nan,nan,0.00424152854361844,0.0051504473722545855,0.005791120886399628,0.004241891969970428,0.003910790152885393,0.0051504473722545855
