Time (s),Current (A),Voltage_Cell1 (V),Voltage_Cell2 (V),Voltage_Cell3 (V),Voltage_Cell4 (V),Voltage_Cell5 (V),Voltage_Cell6 (V),Resistance_Cell1 (Ohm),Resistance_Cell2 (Ohm),Resistance_Cell3 (Ohm),Resistance_Cell4 (Ohm),Resistance_Cell5 (Ohm),Resistance_Cell6 (Ohm),MovingAvg_Cell1 (Ohm),MovingAvg_Cell2 (Ohm),MovingAvg_Cell3 (Ohm),MovingAvg_Cell4 (Ohm),MovingAvg_Cell5 (Ohm),MovingAvg_Cell6 (Ohm)
0.0,-0.38999998569488525,4.035999774932861,4.063000202178955,4.059999942779541,4.064000129699707,4.064000129699707,4.067999839782715,nan,nan,nan,nan,nan,nan,nan,nan,nan,nan,nan,nan
0.18046236038208008,-0.4000000059604645,4.035999774932861,4.063000202178955,4.059999942779541,4.064000129699707,4.065000057220459,4.067999839782715,nan,nan,nan,nan,nan,nan,nan,nan,nan,nan,nan,nan
0.341524600982666,-0.4300000071525574,4.035999774932861,4.063000202178955,4.059999942779541,4.064000129699707,4.065000057220459,4.067999839782715,nan,nan,nan,nan,nan,nan,nan,nan,nan,nan,nan,nan
0.5204958915710449,-0.4000000059604645,4.035999774932861,4.063000202178955,4.059999942779541,4.064000129699707,4.065000057220459,4.067999839782715,nan,nan,nan,nan,nan,nan,nan,nan,nan,nan,nan,nan
0.7006077766418457,-0.4000000059604645,4.035999774932861,4.061999797821045,4.059999942779541,4.064000129699707,4.065000057220459,4.067999839782715,nan,nan,nan,nan,nan,nan,nan,nan,nan,nan,nan,nan
0.860358715057373,-0.4000000059604645,4.035999774932861,4.063000202178955,4.059999942779541,4.064000129699707,4.064000129699707,4.067999839782715,nan,nan,nan,nan,nan,nan,nan,nan,nan,nan,nan,nan
1.040867805480957,-0.4000000059604645,4.035999774932861,4.063000202178955,4.059999942779541,4.064000129699707,4.064000129699707,4.067999839782715,nan,nan,nan,nan,nan,nan,nan,nan,nan,nan,nan,nan
1.2004671096801758,-0.38999998569488525,4.035999774932861,4.063000202178955,4.059999942779541,4.063000202178955,4.065000057220459,4.067999839782715,nan,nan,nan,nan,nan,nan,nan,nan,nan,nan,nan,nan
1.3810429573059082,-0.4000000059604645,4.035999774932861,4.063000202178955,4.059999942779541,4.064000129699707,4.064000129699707,4.067999839782715,nan,nan,nan,nan,nan,nan,nan,nan,nan,nan,nan,nan
1.561283826828003,-0.4000000059604645,4.035999774932861,4.061999797821045,4.059999942779541,4.064000129699707,4.064000129699707,4.067999839782715,nan,nan,nan,nan,nan,nan,nan,nan,nan,nan,nan,nan
1.720595121383667,-0.4099999964237213,4.035999774932861,4.063000202178955,4.059999942779541,4.064000129699707,4.065000057220459,4.067999839782715,nan,nan,nan,nan,nan,nan,nan,nan,nan,nan,nan,nan
1.9009947776794434,-0.4000000059604645,4.035999774932861,4.063000202178955,4.059999942779541,4.064000129699707,4.064000129699707,4.067999839782715,nan,nan,nan,nan,nan,nan,nan,nan,nan,nan,nan,nan
2.080986738204956,-0.4000000059604645,4.035999774932861,4.061999797821045,4.059999942779541,4.064000129699707,4.064000129699707,4.067999839782715,nan,nan,nan,nan,nan,nan,nan,nan,nan,nan,nan,nan
2.2419183254241943,-0.4000000059604645,4.035999774932861,4.061999797821045,4.059999942779541,4.064000129699707,4.064000129699707,4.067999839782715,nan,nan,nan,nan,nan,nan,nan,nan,nan,nan,nan,nan
2.423748731613159,-0.4099999964237213,4.035999774932861,4.063000202178955,4.059999942779541,4.064000129699707,4.065000057220459,4.067999839782715,nan,nan,nan,nan,nan,nan,nan,nan,nan,nan,nan,nan
2.5816783905029297,-0.4000000059604645,4.035999774932861,4.061999797821045,4.059999942779541,4.064000129699707,4.065000057220459,4.067999839782715,nan,nan,nan,nan,nan,nan,nan,nan,nan,nan,nan,nan
2.760547161102295,-0.41999998688697815,4.035999774932861,4.063000202178955,4.059999942779541,4.064000129699707,4.064000129699707,4.067999839782715,nan,nan,nan,nan,nan,nan,nan,nan,nan,nan,nan,nan
2.9407858848571777,-0.4099999964237213,4.035999774932861,4.061999797821045,4.059999942779541,4.064000129699707,4.064000129699707,4.067999839782715,nan,nan,nan,nan,nan,nan,nan,nan,nan,nan,nan,nan
3.1003997325897217,-0.4099999964237213,4.035999774932861,4.061999797821045,4.059999942779541,4.063000202178955,4.064000129699707,4.067999839782715,nan,nan,nan,nan,nan,nan,nan,nan,nan,nan,nan,nan
3.2807326316833496,-0.4000000059604645,4.035999774932861,4.063000202178955,4.059999942779541,4.064000129699707,4.064000129699707,4.066999912261963,nan,nan,nan,nan,nan,nan,nan,nan,nan,nan,nan,nan
3.440361738204956,-0.4000000059604645,4.035999774932861,4.063000202178955,4.059999942779541,4.064000129699707,4.064000129699707,4.067999839782715,nan,nan,nan,nan,nan,nan,nan,nan,nan,nan,nan,nan
3.6209137439727783,-0.4000000059604645,4.035999774932861,4.063000202178955,4.059999942779541,4.063000202178955,4.064000129699707,4.067999839782715,nan,nan,nan,nan,nan,nan,nan,nan,nan,nan,nan,nan
3.8014743328094482,-0.4000000059604645,4.035999774932861,4.063000202178955,4.059999942779541,4.064000129699707,4.064000129699707,4.067999839782715,nan,nan,nan,nan,nan,nan,nan,nan,nan,nan,nan,nan
3.9606432914733887,-0.3799999952316284,4.035999774932861,4.063000202178955,4.059999942779541,4.064000129699707,4.064000129699707,4.067999839782715,nan,nan,nan,nan,nan,nan,nan,nan,nan,nan,nan,nan
4.1411848068237305,-0.4099999964237213,4.035999774932861,4.061999797821045,4.059999942779541,4.064000129699707,4.064000129699707,4.067999839782715,nan,nan,nan,nan,nan,nan,nan,nan,nan,nan,nan,nan
4.321412801742554,-0.41999998688697815,4.035999774932861,4.061999797821045,4.059999942779541,4.064000129699707,4.064000129699707,4.066999912261963,nan,nan,nan,nan,nan,nan,nan,nan,nan,nan,nan,nan
4.481078863143921,-0.4099999964237213,4.035999774932861,4.063000202178955,4.059999942779541,4.064000129699707,4.065000057220459,4.067999839782715,nan,nan,nan,nan,nan,nan,nan,nan,nan,nan,nan,nan
4.661510705947876,-0.4099999964237213,4.035999774932861,4.063000202178955,4.059999942779541,4.064000129699707,4.064000129699707,4.067999839782715,nan,nan,nan,nan,nan,nan,nan,nan,nan,nan,nan,nan
4.821305513381958,-0.4000000059604645,4.035999774932861,4.061999797821045,4.059999942779541,4.063000202178955,4.064000129699707,4.067999839782715,nan,nan,nan,nan,nan,nan,nan,nan,nan,nan,nan,nan
5.001385927200317,-0.4099999964237213,4.035999774932861,4.063000202178955,4.059999942779541,4.064000129699707,4.064000129699707,4.067999839782715,nan,nan,nan,nan,nan,nan,nan,nan,nan,nan,nan,nan
5.181588411331177,-0.4000000059604645,4.035999774932861,4.061999797821045,4.059999942779541,4.063000202178955,4.064000129699707,4.067999839782715,nan,nan,nan,nan,nan,nan,nan,nan,nan,nan,nan,nan
5.3410656452178955,-0.4099999964237213,4.035999774932861,4.061999797821045,4.059999942779541,4.064000129699707,4.065000057220459,4.067999839782715,nan,nan,nan,nan,nan,nan,nan,nan,nan,nan,nan,nan
5.521457195281982,-0.4000000059604645,4.035999774932861,4.063000202178955,4.059999942779541,4.064000129699707,4.064000129699707,4.067999839782715,nan,nan,nan,nan,nan,nan,nan,nan,nan,nan,nan,nan
5.680768251419067,-0.4099999964237213,4.035999774932861,4.061999797821045,4.059999942779541,4.064000129699707,4.064000129699707,4.067999839782715,nan,nan,nan,nan,nan,nan,nan,nan,nan,nan,nan,nan
5.861392498016357,-0.3799999952316284,4.035999774932861,4.063000202178955,4.059999942779541,4.064000129699707,4.064000129699707,4.067999839782715,nan,nan,nan,nan,nan,nan,nan,nan,nan,nan,nan,nan
6.041776418685913,-0.4000000059604645,4.035999774932861,4.061999797821045,4.059999942779541,4.063000202178955,4.064000129699707,4.067999839782715,nan,nan,nan,nan,nan,nan,nan,nan,nan,nan,nan,nan
6.202833414077759,-0.4000000059604645,4.034999847412109,4.063000202178955,4.059999942779541,4.064000129699707,4.064000129699707,4.067999839782715,nan,nan,nan,nan,nan,nan,nan,nan,nan,nan,nan,nan
6.38157057762146,-0.4000000059604645,4.035999774932861,4.063000202178955,4.059999942779541,4.063000202178955,4.064000129699707,4.067999839782715,nan,nan,nan,nan,nan,nan,nan,nan,nan,nan,nan,nan
6.560457944869995,-0.4099999964237213,4.035999774932861,4.061999797821045,4.059999942779541,4.064000129699707,4.064000129699707,4.066999912261963,nan,nan,nan,nan,nan,nan,nan,nan,nan,nan,nan,nan
6.721870183944702,-0.4000000059604645,4.035999774932861,4.063000202178955,4.059999942779541,4.063000202178955,4.064000129699707,4.067999839782715,nan,nan,nan,nan,nan,nan,nan,nan,nan,nan,nan,nan
6.900519609451294,-0.4000000059604645,4.035999774932861,4.061999797821045,4.059999942779541,4.064000129699707,4.064000129699707,4.067999839782715,nan,nan,nan,nan,nan,nan,nan,nan,nan,nan,nan,nan
7.0614869594573975,-0.4000000059604645,4.035999774932861,4.061999797821045,4.059999942779541,4.064000129699707,4.065000057220459,4.067999839782715,nan,nan,nan,nan,nan,nan,nan,nan,nan,nan,nan,nan
7.24037504196167,-0.4000000059604645,4.035999774932861,4.063000202178955,4.059999942779541,4.064000129699707,4.064000129699707,4.067999839782715,nan,nan,nan,nan,nan,nan,nan,nan,nan,nan,nan,nan
7.420835256576538,-0.38999998569488525,4.035999774932861,4.061999797821045,4.059999942779541,4.064000129699707,4.065000057220459,4.067999839782715,nan,nan,nan,nan,nan,nan,nan,nan,nan,nan,nan,nan
7.5817711353302,-0.4000000059604645,4.035999774932861,4.061999797821045,4.059999942779541,4.064000129699707,4.064000129699707,4.067999839782715,nan,nan,nan,nan,nan,nan,nan,nan,nan,nan,nan,nan
7.760436296463013,-0.38999998569488525,4.035999774932861,4.063000202178955,4.059999942779541,4.063000202178955,4.064000129699707,4.066999912261963,nan,nan,nan,nan,nan,nan,nan,nan,nan,nan,nan,nan
7.940718412399292,-0.3799999952316284,4.035999774932861,4.061999797821045,4.059999942779541,4.063000202178955,4.064000129699707,4.067999839782715,nan,nan,nan,nan,nan,nan,nan,nan,nan,nan,nan,nan
8.102061748504639,-0.4000000059604645,4.035999774932861,4.061999797821045,4.059999942779541,4.063000202178955,4.064000129699707,4.067999839782715,nan,nan,nan,nan,nan,nan,nan,nan,nan,nan,nan,nan
8.280879735946655,-0.4000000059604645,4.034999847412109,4.061999797821045,4.059999942779541,4.064000129699707,4.064000129699707,4.067999839782715,nan,nan,nan,nan,nan,nan,nan,nan,nan,nan,nan,nan
8.440262794494629,-0.4000000059604645,4.034999847412109,4.063000202178955,4.059999942779541,4.064000129699707,4.064000129699707,4.067999839782715,nan,nan,nan,nan,nan,nan,nan,nan,nan,nan,nan,nan
8.620635509490967,-0.38999998569488525,4.035999774932861,4.063000202178955,4.059999942779541,4.064000129699707,4.064000129699707,4.067999839782715,nan,nan,nan,nan,nan,nan,nan,nan,nan,nan,nan,nan
8.800889253616333,-0.4000000059604645,4.035999774932861,4.061999797821045,4.059999942779541,4.063000202178955,4.064000129699707,4.066999912261963,nan,nan,nan,nan,nan,nan,nan,nan,nan,nan,nan,nan
8.961469173431396,-0.4099999964237213,4.035999774932861,4.061999797821045,4.059999942779541,4.064000129699707,4.064000129699707,4.067999839782715,nan,nan,nan,nan,nan,nan,nan,nan,nan,nan,nan,nan
9.140390396118164,-0.38999998569488525,4.035999774932861,4.061999797821045,4.059999942779541,4.063000202178955,4.064000129699707,4.067999839782715,nan,nan,nan,nan,nan,nan,nan,nan,nan,nan,nan,nan
9.301421403884888,-0.4000000059604645,4.035999774932861,4.061999797821045,4.059999942779541,4.064000129699707,4.064000129699707,4.066999912261963,nan,nan,nan,nan,nan,nan,nan,nan,nan,nan,nan,nan
9.480433225631714,-0.4000000059604645,4.035999774932861,4.063000202178955,4.059999942779541,4.064000129699707,4.065000057220459,4.067999839782715,nan,nan,nan,nan,nan,nan,nan,nan,nan,nan,nan,nan
9.660862922668457,-0.4000000059604645,4.035999774932861,4.061999797821045,4.059999942779541,4.064000129699707,4.064000129699707,4.067999839782715,nan,nan,nan,nan,nan,nan,nan,nan,nan,nan,nan,nan
9.821796417236328,-0.4000000059604645,4.034999847412109,4.061999797821045,4.059999942779541,4.064000129699707,4.064000129699707,4.067999839782715,nan,nan,nan,nan,nan,nan,nan,nan,nan,nan,nan,nan
10.003832578659058,-0.4000000059604645,4.035999774932861,4.063000202178955,4.059999942779541,4.063000202178955,4.064000129699707,4.067999839782715,nan,nan,nan,nan,nan,nan,nan,nan,nan,nan,nan,nan
10.182741165161133,-0.4000000059604645,4.034999847412109,4.061999797821045,4.059999942779541,4.064000129699707,4.064000129699707,4.067999839782715,nan,nan,nan,nan,nan,nan,nan,nan,nan,nan,nan,nan
10.340264558792114,-0.4000000059604645,4.035999774932861,4.061999797821045,4.059999942779541,4.063000202178955,4.064000129699707,4.067999839782715,nan,nan,nan,nan,nan,nan,nan,nan,nan,nan,nan,nan
10.52101182937622,-0.4000000059604645,4.034999847412109,4.061999797821045,4.059999942779541,4.064000129699707,4.064000129699707,4.067999839782715,nan,nan,nan,nan,nan,nan,nan,nan,nan,nan,nan,nan
10.680325031280518,-0.4000000059604645,4.035999774932861,4.061999797821045,4.059999942779541,4.063000202178955,4.064000129699707,4.067999839782715,nan,nan,nan,nan,nan,nan,nan,nan,nan,nan,nan,nan
10.860782623291016,-0.4000000059604645,4.034999847412109,4.061999797821045,4.059999942779541,4.064000129699707,4.064000129699707,4.067999839782715,nan,nan,nan,nan,nan,nan,nan,nan,nan,nan,nan,nan
11.04102873802185,-0.4000000059604645,4.034999847412109,4.061999797821045,4.059999942779541,4.063000202178955,4.064000129699707,4.066999912261963,nan,nan,nan,nan,nan,nan,nan,nan,nan,nan,nan,nan
11.200963258743286,-0.4000000059604645,4.035999774932861,4.061999797821045,4.059999942779541,4.063000202178955,4.064000129699707,4.066999912261963,nan,nan,nan,nan,nan,nan,nan,nan,nan,nan,nan,nan
11.382592678070068,-0.4099999964237213,4.034999847412109,4.061999797821045,4.059999942779541,4.064000129699707,4.064000129699707,4.067999839782715,nan,nan,nan,nan,nan,nan,nan,nan,nan,nan,nan,nan
11.540480375289917,-0.38999998569488525,4.034999847412109,4.061999797821045,4.059999942779541,4.064000129699707,4.064000129699707,4.067999839782715,nan,nan,nan,nan,nan,nan,nan,nan,nan,nan,nan,nan
11.720913648605347,-0.4000000059604645,4.034999847412109,4.061999797821045,4.059999942779541,4.064000129699707,4.064000129699707,4.067999839782715,nan,nan,nan,nan,nan,nan,nan,nan,nan,nan,nan,nan
11.90131688117981,-0.4099999964237213,4.035999774932861,4.061999797821045,4.059999942779541,4.063000202178955,4.064000129699707,4.067999839782715,nan,nan,nan,nan,nan,nan,nan,nan,nan,nan,nan,nan
12.060680866241455,-0.4099999964237213,4.035999774932861,4.061999797821045,4.059999942779541,4.063000202178955,4.065000057220459,4.067999839782715,nan,nan,nan,nan,nan,nan,nan,nan,nan,nan,nan,nan
12.241307973861694,-0.3799999952316284,4.034999847412109,4.061999797821045,4.059999942779541,4.064000129699707,4.064000129699707,4.067999839782715,nan,nan,nan,nan,nan,nan,nan,nan,nan,nan,nan,nan
12.421381711959839,-0.4000000059604645,4.035999774932861,4.063000202178955,4.059999942779541,4.063000202178955,4.064000129699707,4.067999839782715,nan,nan,nan,nan,nan,nan,nan,nan,nan,nan,nan,nan
12.58102822303772,-0.4000000059604645,4.034999847412109,4.061999797821045,4.059999942779541,4.064000129699707,4.064000129699707,4.066999912261963,nan,nan,nan,nan,nan,nan,nan,nan,nan,nan,nan,nan
12.761411190032959,-0.4099999964237213,4.035999774932861,4.063000202178955,4.059999942779541,4.063000202178955,4.064000129699707,4.067999839782715,nan,nan,nan,nan,nan,nan,nan,nan,nan,nan,nan,nan
12.921021938323975,-0.4000000059604645,4.034999847412109,4.061999797821045,4.059999942779541,4.063000202178955,4.064000129699707,4.066999912261963,nan,nan,nan,nan,nan,nan,nan,nan,nan,nan,nan,nan
13.103052854537964,-0.4000000059604645,4.035999774932861,4.061999797821045,4.059999942779541,4.063000202178955,4.064000129699707,4.067999839782715,nan,nan,nan,nan,nan,nan,nan,nan,nan,nan,nan,nan
13.281598806381226,-0.4099999964237213,4.035999774932861,4.061999797821045,4.059999942779541,4.063000202178955,4.064000129699707,4.067999839782715,nan,nan,nan,nan,nan,nan,nan,nan,nan,nan,nan,nan
13.44101619720459,-0.4000000059604645,4.034999847412109,4.061999797821045,4.059999942779541,4.063000202178955,4.064000129699707,4.067999839782715,nan,nan,nan,nan,nan,nan,nan,nan,nan,nan,nan,nan
13.62110447883606,-0.38999998569488525,4.034999847412109,4.061999797821045,4.059999942779541,4.064000129699707,4.064000129699707,4.067999839782715,nan,nan,nan,nan,nan,nan,nan,nan,nan,nan,nan,nan
13.7823166847229,-0.38999998569488525,4.034999847412109,4.061999797821045,4.059999942779541,4.063000202178955,4.064000129699707,4.067999839782715,nan,nan,nan,nan,nan,nan,nan,nan,nan,nan,nan,nan
13.960957288742065,-0.38999998569488525,4.034999847412109,4.061999797821045,4.059999942779541,4.064000129699707,4.064000129699707,4.067999839782715,nan,nan,nan,nan,nan,nan,nan,nan,nan,nan,nan,nan
14.141206979751587,-0.38999998569488525,4.035999774932861,4.061999797821045,4.059999942779541,4.063000202178955,4.064000129699707,4.067999839782715,nan,nan,nan,nan,nan,nan,nan,nan,nan,nan,nan,nan
14.300678491592407,-0.4000000059604645,4.034999847412109,4.061999797821045,4.059999942779541,4.064000129699707,4.064000129699707,4.067999839782715,nan,nan,nan,nan,nan,nan,nan,nan,nan,nan,nan,nan
14.481345176696777,-0.4099999964237213,4.034999847412109,4.061999797821045,4.059999942779541,4.063000202178955,4.064000129699707,4.067999839782715,nan,nan,nan,nan,nan,nan,nan,nan,nan,nan,nan,nan
14.661561250686646,-0.4000000059604645,4.034999847412109,4.061999797821045,4.059999942779541,4.064000129699707,4.064000129699707,4.066999912261963,nan,nan,nan,nan,nan,nan,nan,nan,nan,nan,nan,nan
14.821210861206055,-0.4099999964237213,4.034999847412109,4.061999797821045,4.059999942779541,4.063000202178955,4.064000129699707,4.066999912261963,nan,nan,nan,nan,nan,nan,nan,nan,nan,nan,nan,nan
15.001350402832031,-0.4000000059604645,4.034999847412109,4.063000202178955,4.059999942779541,4.064000129699707,4.064000129699707,4.067999839782715,nan,nan,nan,nan,nan,nan,nan,nan,nan,nan,nan,nan
15.16096043586731,-0.4099999964237213,4.034999847412109,4.061999797821045,4.059999942779541,4.063000202178955,4.064000129699707,4.067999839782715,nan,nan,nan,nan,nan,nan,nan,nan,nan,nan,nan,nan
15.341534614562988,-0.4000000059604645,4.034999847412109,4.061999797821045,4.059999942779541,4.063000202178955,4.064000129699707,4.066999912261963,nan,nan,nan,nan,nan,nan,nan,nan,nan,nan,nan,nan
15.521668195724487,-0.38999998569488525,4.034999847412109,4.061999797821045,4.059999942779541,4.063000202178955,4.064000129699707,4.066999912261963,nan,nan,nan,nan,nan,nan,nan,nan,nan,nan,nan,nan
15.681130170822144,-0.41999998688697815,4.034999847412109,4.061999797821045,4.059999942779541,4.063000202178955,4.064000129699707,4.067999839782715,nan,nan,nan,nan,nan,nan,nan,nan,nan,nan,nan,nan
15.861460208892822,-0.4000000059604645,4.034999847412109,4.061999797821045,4.059999942779541,4.063000202178955,4.064000129699707,4.066999912261963,nan,nan,nan,nan,nan,nan,nan,nan,nan,nan,nan,nan
16.020886182785034,-0.4000000059604645,4.034999847412109,4.061999797821045,4.059999942779541,4.063000202178955,4.064000129699707,4.067999839782715,nan,nan,nan,nan,nan,nan,nan,nan,nan,nan,nan,nan
16.201573133468628,-0.38999998569488525,4.035999774932861,4.061999797821045,4.059999942779541,4.063000202178955,4.064000129699707,4.067999839782715,nan,nan,nan,nan,nan,nan,nan,nan,nan,nan,nan,nan
16.3804612159729,-0.4000000059604645,4.034999847412109,4.061999797821045,4.059999942779541,4.064000129699707,4.064000129699707,4.066999912261963,nan,nan,nan,nan,nan,nan,nan,nan,nan,nan,nan,nan
16.541709899902344,-0.4099999964237213,4.034999847412109,4.061999797821045,4.059999942779541,4.063000202178955,4.064000129699707,4.066999912261963,nan,nan,nan,nan,nan,nan,nan,nan,nan,nan,nan,nan
16.721776723861694,-0.4300000071525574,4.035999774932861,4.061999797821045,4.059999942779541,4.064000129699707,4.064000129699707,4.067999839782715,nan,nan,nan,nan,nan,nan,nan,nan,nan,nan,nan,nan
16.90170454978943,-0.4000000059604645,4.034999847412109,4.063000202178955,4.059999942779541,4.063000202178955,4.064000129699707,4.066999912261963,nan,nan,nan,nan,nan,nan,nan,nan,nan,nan,nan,nan
17.061362266540527,-0.4000000059604645,4.034999847412109,4.061999797821045,4.059999942779541,4.064000129699707,4.064000129699707,4.067999839782715,nan,nan,nan,nan,nan,nan,nan,nan,nan,nan,nan,nan
17.24028706550598,-0.4000000059604645,4.034999847412109,4.061999797821045,4.059999942779541,4.063000202178955,4.064000129699707,4.066999912261963,nan,nan,nan,nan,nan,nan,nan,nan,nan,nan,nan,nan
17.40163564682007,-0.38999998569488525,4.034999847412109,4.061999797821045,4.059999942779541,4.063000202178955,4.064000129699707,4.067999839782715,nan,nan,nan,nan,nan,nan,nan,nan,nan,nan,nan,nan
17.582265853881836,-0.4000000059604645,4.034999847412109,4.061999797821045,4.059999942779541,4.063000202178955,4.064000129699707,4.066999912261963,nan,nan,nan,nan,nan,nan,nan,nan,nan,nan,nan,nan
17.760509490966797,-0.41999998688697815,4.034999847412109,4.061999797821045,4.059999942779541,4.063000202178955,4.064000129699707,4.066999912261963,nan,nan,nan,nan,nan,nan,nan,nan,nan,nan,nan,nan
17.921425580978394,-0.4000000059604645,4.034999847412109,4.061999797821045,4.059999942779541,4.063000202178955,4.064000129699707,4.066999912261963,nan,nan,nan,nan,nan,nan,nan,nan,nan,nan,nan,nan
18.10072684288025,-0.4000000059604645,4.034999847412109,4.061999797821045,4.059999942779541,4.063000202178955,4.064000129699707,4.067999839782715,nan,nan,nan,nan,nan,nan,nan,nan,nan,nan,nan,nan
18.280735731124878,-0.4000000059604645,4.034999847412109,4.061999797821045,4.059999942779541,4.063000202178955,4.064000129699707,4.066999912261963,nan,nan,nan,nan,nan,nan,nan,nan,nan,nan,nan,nan
18.44027352333069,-0.4000000059604645,4.034999847412109,4.061999797821045,4.059999942779541,4.063000202178955,4.064000129699707,4.067999839782715,nan,nan,nan,nan,nan,nan,nan,nan,nan,nan,nan,nan
18.62101721763611,-0.4000000059604645,4.034999847412109,4.061999797821045,4.059999942779541,4.063000202178955,4.064000129699707,4.067999839782715,nan,nan,nan,nan,nan,nan,nan,nan,nan,nan,nan,nan
18.78034281730652,-0.4000000059604645,4.034999847412109,4.061999797821045,4.059999942779541,4.063000202178955,4.064000129699707,4.067999839782715,nan,nan,nan,nan,nan,nan,nan,nan,nan,nan,nan,nan
18.960617065429688,-0.4000000059604645,4.034999847412109,4.061999797821045,4.059999942779541,4.063000202178955,4.064000129699707,4.066999912261963,nan,nan,nan,nan,nan,nan,nan,nan,nan,nan,nan,nan
19.1407949924469,-0.4000000059604645,4.034999847412109,4.063000202178955,4.059000015258789,4.063000202178955,4.064000129699707,4.066999912261963,nan,nan,nan,nan,nan,nan,nan,nan,nan,nan,nan,nan
19.300480365753174,-0.4000000059604645,4.034999847412109,4.061999797821045,4.059999942779541,4.063000202178955,4.064000129699707,4.066999912261963,nan,nan,nan,nan,nan,nan,nan,nan,nan,nan,nan,nan
19.482295036315918,-0.4000000059604645,4.034999847412109,4.061999797821045,4.059999942779541,4.063000202178955,4.064000129699707,4.066999912261963,nan,nan,nan,nan,nan,nan,nan,nan,nan,nan,nan,nan
19.641522884368896,-0.4000000059604645,4.034999847412109,4.061999797821045,4.059999942779541,4.063000202178955,4.064000129699707,4.066999912261963,nan,nan,nan,nan,nan,nan,nan,nan,nan,nan,nan,nan
19.822062253952026,-0.4000000059604645,4.034999847412109,4.061999797821045,4.059000015258789,4.063000202178955,4.064000129699707,4.066999912261963,nan,nan,nan,nan,nan,nan,nan,nan,nan,nan,nan,nan
20.00115704536438,-0.4000000059604645,4.034999847412109,4.061999797821045,4.059999942779541,4.063000202178955,4.064000129699707,4.067999839782715,nan,nan,nan,nan,nan,nan,nan,nan,nan,nan,nan,nan
20.160698413848877,-0.38999998569488525,4.034999847412109,4.061999797821045,4.059999942779541,4.063000202178955,4.064000129699707,4.067999839782715,nan,nan,nan,nan,nan,nan,nan,nan,nan,nan,nan,nan
20.341059923171997,-0.3799999952316284,4.034999847412109,4.061999797821045,4.059999942779541,4.063000202178955,4.064000129699707,4.066999912261963,nan,nan,nan,nan,nan,nan,nan,nan,nan,nan,nan,nan
20.521071672439575,-0.4000000059604645,4.034999847412109,4.061999797821045,4.059999942779541,4.063000202178955,4.064000129699707,4.066999912261963,nan,nan,nan,nan,nan,nan,nan,nan,nan,nan,nan,nan
20.680646657943726,-0.4099999964237213,4.034999847412109,4.061999797821045,4.059999942779541,4.063000202178955,4.064000129699707,4.067999839782715,nan,nan,nan,nan,nan,nan,nan,nan,nan,nan,nan,nan
20.860928297042847,-0.4000000059604645,4.034999847412109,4.061999797821045,4.059999942779541,4.064000129699707,4.064000129699707,4.066999912261963,nan,nan,nan,nan,nan,nan,nan,nan,nan,nan,nan,nan
21.020310401916504,-0.4000000059604645,4.034999847412109,4.061999797821045,4.059999942779541,4.063000202178955,4.064000129699707,4.066999912261963,nan,nan,nan,nan,nan,nan,nan,nan,nan,nan,nan,nan
21.200653791427612,-0.4000000059604645,4.034999847412109,4.061999797821045,4.059999942779541,4.063000202178955,4.064000129699707,4.067999839782715,nan,nan,nan,nan,nan,nan,nan,nan,nan,nan,nan,nan
21.382173776626587,-0.4000000059604645,4.034999847412109,4.063000202178955,4.059999942779541,4.063000202178955,4.064000129699707,4.066999912261963,nan,nan,nan,nan,nan,nan,nan,nan,nan,nan,nan,nan
21.54043173789978,-0.4000000059604645,4.034999847412109,4.061999797821045,4.059999942779541,4.063000202178955,4.064000129699707,4.066999912261963,nan,nan,nan,nan,nan,nan,nan,nan,nan,nan,nan,nan
21.720780849456787,-0.3799999952316284,4.034999847412109,4.061999797821045,4.059999942779541,4.063000202178955,4.064000129699707,4.067999839782715,nan,nan,nan,nan,nan,nan,nan,nan,nan,nan,nan,nan
21.88178300857544,-0.4099999964237213,4.034999847412109,4.061999797821045,4.059999942779541,4.063000202178955,4.064000129699707,4.066999912261963,nan,nan,nan,nan,nan,nan,nan,nan,nan,nan,nan,nan
22.06088638305664,-0.4000000059604645,4.034999847412109,4.061999797821045,4.059999942779541,4.063000202178955,4.064000129699707,4.066999912261963,nan,nan,nan,nan,nan,nan,nan,nan,nan,nan,nan,nan
22.24128246307373,-0.4000000059604645,4.034999847412109,4.061999797821045,4.059999942779541,4.063000202178955,4.064000129699707,4.066999912261963,nan,nan,nan,nan,nan,nan,nan,nan,nan,nan,nan,nan
22.400659322738647,-0.4000000059604645,4.034999847412109,4.061999797821045,4.059999942779541,4.063000202178955,4.064000129699707,4.066999912261963,nan,nan,nan,nan,nan,nan,nan,nan,nan,nan,nan,nan
22.581266403198242,-0.38999998569488525,4.034999847412109,4.061999797821045,4.059999942779541,4.063000202178955,4.064000129699707,4.066999912261963,nan,nan,nan,nan,nan,nan,nan,nan,nan,nan,nan,nan
22.761680841445923,-0.38999998569488525,4.034999847412109,4.061999797821045,4.059999942779541,4.063000202178955,4.064000129699707,4.067999839782715,nan,nan,nan,nan,nan,nan,nan,nan,nan,nan,nan,nan
22.920969486236572,-0.4000000059604645,4.034999847412109,4.061999797821045,4.059999942779541,4.063000202178955,4.064000129699707,4.066999912261963,nan,nan,nan,nan,nan,nan,nan,nan,nan,nan,nan,nan
23.101561307907104,-0.4000000059604645,4.034999847412109,4.061999797821045,4.059999942779541,4.063000202178955,4.064000129699707,4.067999839782715,nan,nan,nan,nan,nan,nan,nan,nan,nan,nan,nan,nan
23.261125802993774,-0.38999998569488525,4.034999847412109,4.061999797821045,4.059999942779541,4.063000202178955,4.064000129699707,4.066999912261963,nan,nan,nan,nan,nan,nan,nan,nan,nan,nan,nan,nan
23.4415066242218,-0.38999998569488525,4.034999847412109,4.061999797821045,4.059999942779541,4.063000202178955,4.064000129699707,4.066999912261963,nan,nan,nan,nan,nan,nan,nan,nan,nan,nan,nan,nan
23.621591091156006,-0.4000000059604645,4.034999847412109,4.061999797821045,4.059999942779541,4.063000202178955,4.064000129699707,4.066999912261963,nan,nan,nan,nan,nan,nan,nan,nan,nan,nan,nan,nan
23.781190633773804,-0.4000000059604645,4.034999847412109,4.061999797821045,4.059999942779541,4.063000202178955,4.064000129699707,4.066999912261963,nan,nan,nan,nan,nan,nan,nan,nan,nan,nan,nan,nan
23.961106061935425,-0.4000000059604645,4.034999847412109,4.061999797821045,4.059999942779541,4.063000202178955,4.064000129699707,4.066999912261963,nan,nan,nan,nan,nan,nan,nan,nan,nan,nan,nan,nan
24.12081742286682,-0.4000000059604645,4.034999847412109,4.061999797821045,4.059999942779541,4.063000202178955,4.064000129699707,4.066999912261963,nan,nan,nan,nan,nan,nan,nan,nan,nan,nan,nan,nan
24.301390647888184,-0.4000000059604645,4.034999847412109,4.061999797821045,4.059999942779541,4.063000202178955,4.064000129699707,4.066999912261963,nan,nan,nan,nan,nan,nan,nan,nan,nan,nan,nan,nan
24.48067808151245,-0.4000000059604645,4.034999847412109,4.061999797821045,4.059999942779541,4.063000202178955,4.064000129699707,4.066999912261963,nan,nan,nan,nan,nan,nan,nan,nan,nan,nan,nan,nan
24.641534566879272,-0.4000000059604645,4.034999847412109,4.061999797821045,4.059000015258789,4.063000202178955,4.064000129699707,4.066999912261963,nan,nan,nan,nan,nan,nan,nan,nan,nan,nan,nan,nan
24.821900844573975,-0.4000000059604645,4.034999847412109,4.061999797821045,4.059999942779541,4.063000202178955,4.064000129699707,4.066999912261963,nan,nan,nan,nan,nan,nan,nan,nan,nan,nan,nan,nan
25.001166105270386,-0.4000000059604645,4.034999847412109,4.061999797821045,4.059999942779541,4.063000202178955,4.064000129699707,4.066999912261963,nan,nan,nan,nan,nan,nan,nan,nan,nan,nan,nan,nan
25.160444259643555,-0.4000000059604645,4.034999847412109,4.061999797821045,4.059999942779541,4.063000202178955,4.064000129699707,4.066999912261963,nan,nan,nan,nan,nan,nan,nan,nan,nan,nan,nan,nan
25.340954065322876,-0.4000000059604645,4.034999847412109,4.061999797821045,4.059999942779541,4.063000202178955,4.064000129699707,4.066999912261963,nan,nan,nan,nan,nan,nan,nan,nan,nan,nan,nan,nan
25.50060749053955,-0.4000000059604645,4.034999847412109,4.061999797821045,4.059999942779541,4.063000202178955,4.064000129699707,4.066999912261963,nan,nan,nan,nan,nan,nan,nan,nan,nan,nan,nan,nan
25.682161331176758,-0.4099999964237213,4.034999847412109,4.061999797821045,4.059999942779541,4.063000202178955,4.064000129699707,4.067999839782715,nan,nan,nan,nan,nan,nan,nan,nan,nan,nan,nan,nan
25.86106824874878,-0.4000000059604645,4.034999847412109,4.061999797821045,4.059000015258789,4.063000202178955,4.064000129699707,4.066999912261963,nan,nan,nan,nan,nan,nan,nan,nan,nan,nan,nan,nan
26.020366430282593,-0.4000000059604645,4.034999847412109,4.061999797821045,4.059999942779541,4.063000202178955,4.064000129699707,4.066999912261963,nan,nan,nan,nan,nan,nan,nan,nan,nan,nan,nan,nan
26.20097804069519,-0.38999998569488525,4.034999847412109,4.061999797821045,4.059999942779541,4.063000202178955,4.064000129699707,4.066999912261963,nan,nan,nan,nan,nan,nan,nan,nan,nan,nan,nan,nan
26.38092064857483,-0.4000000059604645,4.034999847412109,4.061999797821045,4.059999942779541,4.063000202178955,4.064000129699707,4.066999912261963,nan,nan,nan,nan,nan,nan,nan,nan,nan,nan,nan,nan
26.54075336456299,-0.4000000059604645,4.034999847412109,4.061999797821045,4.059000015258789,4.063000202178955,4.064000129699707,4.066999912261963,nan,nan,nan,nan,nan,nan,nan,nan,nan,nan,nan,nan
26.721126794815063,-0.4000000059604645,4.034999847412109,4.061999797821045,4.059999942779541,4.063000202178955,4.064000129699707,4.066999912261963,nan,nan,nan,nan,nan,nan,nan,nan,nan,nan,nan,nan
26.880302906036377,-0.4000000059604645,4.034999847412109,4.061999797821045,4.059999942779541,4.063000202178955,4.064000129699707,4.066999912261963,nan,nan,nan,nan,nan,nan,nan,nan,nan,nan,nan,nan
27.062838315963745,-0.4000000059604645,4.034999847412109,4.061999797821045,4.059000015258789,4.063000202178955,4.064000129699707,4.067999839782715,nan,nan,nan,nan,nan,nan,nan,nan,nan,nan,nan,nan
27.2408607006073,-0.4000000059604645,4.034999847412109,4.061999797821045,4.059999942779541,4.063000202178955,4.064000129699707,4.067999839782715,nan,nan,nan,nan,nan,nan,nan,nan,nan,nan,nan,nan
27.401923418045044,-0.4000000059604645,4.034999847412109,4.061999797821045,4.059999942779541,4.063000202178955,4.064000129699707,4.066999912261963,nan,nan,nan,nan,nan,nan,nan,nan,nan,nan,nan,nan
27.580647230148315,-0.4000000059604645,4.034999847412109,4.061999797821045,4.059999942779541,4.063000202178955,4.064000129699707,4.066999912261963,nan,nan,nan,nan,nan,nan,nan,nan,nan,nan,nan,nan
27.741549015045166,-0.4099999964237213,4.034999847412109,4.061999797821045,4.059000015258789,4.063000202178955,4.064000129699707,4.066999912261963,nan,nan,nan,nan,nan,nan,nan,nan,nan,nan,nan,nan
27.920530557632446,-0.4000000059604645,4.034999847412109,4.061999797821045,4.059000015258789,4.063000202178955,4.064000129699707,4.066999912261963,nan,nan,nan,nan,nan,nan,nan,nan,nan,nan,nan,nan
28.101099252700806,-0.4000000059604645,4.034999847412109,4.061999797821045,4.059999942779541,4.063000202178955,4.064000129699707,4.066999912261963,nan,nan,nan,nan,nan,nan,nan,nan,nan,nan,nan,nan
28.262407302856445,-0.4000000059604645,4.034999847412109,4.061999797821045,4.059999942779541,4.063000202178955,4.064000129699707,4.066999912261963,nan,nan,nan,nan,nan,nan,nan,nan,nan,nan,nan,nan
28.440922021865845,-0.4000000059604645,4.034999847412109,4.061999797821045,4.059999942779541,4.063000202178955,4.064000129699707,4.066999912261963,nan,nan,nan,nan,nan,nan,nan,nan,nan,nan,nan,nan
28.620930433273315,-0.4000000059604645,4.034999847412109,4.061999797821045,4.059000015258789,4.063000202178955,4.064000129699707,4.066999912261963,nan,nan,nan,nan,nan,nan,nan,nan,nan,nan,nan,nan
28.78252911567688,-0.4000000059604645,4.034999847412109,4.061999797821045,4.059999942779541,4.063000202178955,4.064000129699707,4.066999912261963,nan,nan,nan,nan,nan,nan,nan,nan,nan,nan,nan,nan
28.96210789680481,-0.4000000059604645,4.034999847412109,4.061999797821045,4.059999942779541,4.063000202178955,4.064000129699707,4.066999912261963,nan,nan,nan,nan,nan,nan,nan,nan,nan,nan,nan,nan
29.123276710510254,-0.4000000059604645,4.034999847412109,4.061999797821045,4.059999942779541,4.063000202178955,4.064000129699707,4.066999912261963,nan,nan,nan,nan,nan,nan,nan,nan,nan,nan,nan,nan
29.302024364471436,-0.4099999964237213,4.034999847412109,4.061999797821045,4.059000015258789,4.063000202178955,4.064000129699707,4.066999912261963,nan,nan,nan,nan,nan,nan,nan,nan,nan,nan,nan,nan
29.48234796524048,-0.38999998569488525,4.034999847412109,4.061999797821045,4.059999942779541,4.063000202178955,4.064000129699707,4.066999912261963,nan,nan,nan,nan,nan,nan,nan,nan,nan,nan,nan,nan
29.643959522247314,-0.38999998569488525,4.034999847412109,4.061999797821045,4.059000015258789,4.063000202178955,4.064000129699707,4.066999912261963,nan,nan,nan,nan,nan,nan,nan,nan,nan,nan,nan,nan
29.82203245162964,-0.4000000059604645,4.034999847412109,4.061999797821045,4.059999942779541,4.063000202178955,4.064000129699707,4.066999912261963,nan,nan,nan,nan,nan,nan,nan,nan,nan,nan,nan,nan
29.98262071609497,-0.38999998569488525,4.034999847412109,4.061999797821045,4.059000015258789,4.063000202178955,4.064000129699707,4.066999912261963,nan,nan,nan,nan,nan,nan,nan,nan,nan,nan,nan,nan
30.162728309631348,-0.4000000059604645,4.034999847412109,4.061999797821045,4.059999942779541,4.063000202178955,4.064000129699707,4.066999912261963,nan,nan,nan,nan,nan,nan,nan,nan,nan,nan,nan,nan
30.341924905776978,-0.4000000059604645,4.034999847412109,4.061999797821045,4.059999942779541,4.063000202178955,4.064000129699707,4.066999912261963,nan,nan,nan,nan,nan,nan,nan,nan,nan,nan,nan,nan
30.501270532608032,-0.4000000059604645,4.034999847412109,4.061999797821045,4.059999942779541,4.063000202178955,4.064000129699707,4.066999912261963,nan,nan,nan,nan,nan,nan,nan,nan,nan,nan,nan,nan
30.682899713516235,-0.4000000059604645,4.034999847412109,4.061999797821045,4.059999942779541,4.063000202178955,4.064000129699707,4.066999912261963,nan,nan,nan,nan,nan,nan,nan,nan,nan,nan,nan,nan
30.84253716468811,-0.4000000059604645,4.034999847412109,4.061999797821045,4.059999942779541,4.063000202178955,4.064000129699707,4.066999912261963,nan,nan,nan,nan,nan,nan,nan,nan,nan,nan,nan,nan
31.023043155670166,-0.4000000059604645,4.034999847412109,4.061999797821045,4.059000015258789,4.063000202178955,4.064000129699707,4.066999912261963,nan,nan,nan,nan,nan,nan,nan,nan,nan,nan,nan,nan
31.20106339454651,-0.4000000059604645,4.034999847412109,4.061999797821045,4.059999942779541,4.063000202178955,4.064000129699707,4.066999912261963,nan,nan,nan,nan,nan,nan,nan,nan,nan,nan,nan,nan
31.36037802696228,-0.4000000059604645,4.034999847412109,4.061999797821045,4.059999942779541,4.063000202178955,4.064000129699707,4.066999912261963,nan,nan,nan,nan,nan,nan,nan,nan,nan,nan,nan,nan
31.541070461273193,-0.4000000059604645,4.034999847412109,4.061999797821045,4.059000015258789,4.063000202178955,4.064000129699707,4.066999912261963,nan,nan,nan,nan,nan,nan,nan,nan,nan,nan,nan,nan
31.721131563186646,-0.4000000059604645,4.034999847412109,4.061999797821045,4.059000015258789,4.063000202178955,4.064000129699707,4.066999912261963,nan,nan,nan,nan,nan,nan,nan,nan,nan,nan,nan,nan
31.88089632987976,-0.4000000059604645,4.033999919891357,4.061999797821045,4.059000015258789,4.063000202178955,4.064000129699707,4.066999912261963,nan,nan,nan,nan,nan,nan,nan,nan,nan,nan,nan,nan
32.060890436172485,-0.4099999964237213,4.034999847412109,4.061999797821045,4.059000015258789,4.063000202178955,4.064000129699707,4.066999912261963,nan,nan,nan,nan,nan,nan,nan,nan,nan,nan,nan,nan
32.22172164916992,-0.4000000059604645,4.034999847412109,4.061999797821045,4.059999942779541,4.063000202178955,4.064000129699707,4.066999912261963,nan,nan,nan,nan,nan,nan,nan,nan,nan,nan,nan,nan
32.400660276412964,-0.3799999952316284,4.034999847412109,4.061999797821045,4.059999942779541,4.063000202178955,4.064000129699707,4.066999912261963,nan,nan,nan,nan,nan,nan,nan,nan,nan,nan,nan,nan
32.580408573150635,-0.4000000059604645,4.034999847412109,4.061999797821045,4.059000015258789,4.063000202178955,4.064000129699707,4.066999912261963,nan,nan,nan,nan,nan,nan,nan,nan,nan,nan,nan,nan
32.74161982536316,-0.4000000059604645,4.034999847412109,4.061999797821045,4.059999942779541,4.063000202178955,4.064000129699707,4.066999912261963,nan,nan,nan,nan,nan,nan,nan,nan,nan,nan,nan,nan
32.92029595375061,-0.4000000059604645,4.034999847412109,4.061999797821045,4.059000015258789,4.063000202178955,4.064000129699707,4.066999912261963,nan,nan,nan,nan,nan,nan,nan,nan,nan,nan,nan,nan
33.08164978027344,-0.4000000059604645,4.034999847412109,4.061999797821045,4.059000015258789,4.063000202178955,4.064000129699707,4.066999912261963,nan,nan,nan,nan,nan,nan,nan,nan,nan,nan,nan,nan
33.26190733909607,-0.4000000059604645,4.034999847412109,4.061999797821045,4.059999942779541,4.063000202178955,4.064000129699707,4.066999912261963,nan,nan,nan,nan,nan,nan,nan,nan,nan,nan,nan,nan
33.440767765045166,-0.4000000059604645,4.033999919891357,4.061999797821045,4.059000015258789,4.063000202178955,4.064000129699707,4.066999912261963,nan,nan,nan,nan,nan,nan,nan,nan,nan,nan,nan,nan
33.60178232192993,-0.4000000059604645,4.033999919891357,4.061999797821045,4.059000015258789,4.063000202178955,4.064000129699707,4.066999912261963,nan,nan,nan,nan,nan,nan,nan,nan,nan,nan,nan,nan
33.780831813812256,-0.4000000059604645,4.034999847412109,4.061999797821045,4.059000015258789,4.063000202178955,4.064000129699707,4.066999912261963,nan,nan,nan,nan,nan,nan,nan,nan,nan,nan,nan,nan
33.96108293533325,-0.38999998569488525,4.034999847412109,4.061999797821045,4.059000015258789,4.063000202178955,4.064000129699707,4.066999912261963,nan,nan,nan,nan,nan,nan,nan,nan,nan,nan,nan,nan
34.1209921836853,-0.4000000059604645,4.034999847412109,4.061999797821045,4.059000015258789,4.063000202178955,4.064000129699707,4.066999912261963,nan,nan,nan,nan,nan,nan,nan,nan,nan,nan,nan,nan
34.30123567581177,-0.41999998688697815,4.034999847412109,4.061999797821045,4.059999942779541,4.063000202178955,4.064000129699707,4.066999912261963,nan,nan,nan,nan,nan,nan,nan,nan,nan,nan,nan,nan
34.460514307022095,-0.4000000059604645,4.034999847412109,4.061999797821045,4.059000015258789,4.063000202178955,4.064000129699707,4.066999912261963,nan,nan,nan,nan,nan,nan,nan,nan,nan,nan,nan,nan
34.64096283912659,-0.4000000059604645,4.034999847412109,4.061999797821045,4.059000015258789,4.063000202178955,4.064000129699707,4.066999912261963,nan,nan,nan,nan,nan,nan,nan,nan,nan,nan,nan,nan
34.82135820388794,-0.4000000059604645,4.034999847412109,4.061999797821045,4.059000015258789,4.063000202178955,4.064000129699707,4.066999912261963,nan,nan,nan,nan,nan,nan,nan,nan,nan,nan,nan,nan
34.98422312736511,-0.38999998569488525,4.033999919891357,4.061999797821045,4.059000015258789,4.063000202178955,4.064000129699707,4.066999912261963,nan,nan,nan,nan,nan,nan,nan,nan,nan,nan,nan,nan
35.160951137542725,-0.4099999964237213,4.034999847412109,4.061999797821045,4.059000015258789,4.063000202178955,4.064000129699707,4.066999912261963,nan,nan,nan,nan,nan,nan,nan,nan,nan,nan,nan,nan
35.32066535949707,-0.4000000059604645,4.034999847412109,4.061999797821045,4.059000015258789,4.063000202178955,4.064000129699707,4.066999912261963,nan,nan,nan,nan,nan,nan,nan,nan,nan,nan,nan,nan
35.5010769367218,-0.4000000059604645,4.033999919891357,4.061999797821045,4.059999942779541,4.063000202178955,4.064000129699707,4.066999912261963,nan,nan,nan,nan,nan,nan,nan,nan,nan,nan,nan,nan
35.6827073097229,-0.4000000059604645,4.033999919891357,4.061999797821045,4.059999942779541,4.063000202178955,4.064000129699707,4.066999912261963,nan,nan,nan,nan,nan,nan,nan,nan,nan,nan,nan,nan
35.840678215026855,-0.4000000059604645,4.033999919891357,4.061999797821045,4.059000015258789,4.063000202178955,4.064000129699707,4.066999912261963,nan,nan,nan,nan,nan,nan,nan,nan,nan,nan,nan,nan
36.02108287811279,-0.38999998569488525,4.034999847412109,4.061999797821045,4.059000015258789,4.063000202178955,4.064000129699707,4.066999912261963,nan,nan,nan,nan,nan,nan,nan,nan,nan,nan,nan,nan
36.20302152633667,-0.4099999964237213,4.034999847412109,4.061999797821045,4.059000015258789,4.063000202178955,4.064000129699707,4.066999912261963,nan,nan,nan,nan,nan,nan,nan,nan,nan,nan,nan,nan
36.36340379714966,-0.4000000059604645,4.033999919891357,4.061999797821045,4.059000015258789,4.063000202178955,4.064000129699707,4.066999912261963,nan,nan,nan,nan,nan,nan,nan,nan,nan,nan,nan,nan
36.54214692115784,-0.4000000059604645,4.033999919891357,4.061999797821045,4.059000015258789,4.063000202178955,4.064000129699707,4.066999912261963,nan,nan,nan,nan,nan,nan,nan,nan,nan,nan,nan,nan
36.70324492454529,-0.38999998569488525,4.034999847412109,4.061999797821045,4.059999942779541,4.063000202178955,4.064000129699707,4.066999912261963,nan,nan,nan,nan,nan,nan,nan,nan,nan,nan,nan,nan
36.88224673271179,-0.38999998569488525,4.034999847412109,4.061999797821045,4.059000015258789,4.063000202178955,4.064000129699707,4.066999912261963,nan,nan,nan,nan,nan,nan,nan,nan,nan,nan,nan,nan
37.06195878982544,-0.4000000059604645,4.033999919891357,4.061999797821045,4.059000015258789,4.063000202178955,4.064000129699707,4.066999912261963,nan,nan,nan,nan,nan,nan,nan,nan,nan,nan,nan,nan
37.22179865837097,-0.4000000059604645,4.034999847412109,4.061999797821045,4.059999942779541,4.063000202178955,4.064000129699707,4.066999912261963,nan,nan,nan,nan,nan,nan,nan,nan,nan,nan,nan,nan
37.40188384056091,-0.38999998569488525,4.034999847412109,4.061999797821045,4.059000015258789,4.063000202178955,4.064000129699707,4.066999912261963,nan,nan,nan,nan,nan,nan,nan,nan,nan,nan,nan,nan
37.56149625778198,-0.41999998688697815,4.033999919891357,4.061999797821045,4.059000015258789,4.063000202178955,4.064000129699707,4.066999912261963,nan,nan,nan,nan,nan,nan,nan,nan,nan,nan,nan,nan
37.74185800552368,-0.3799999952316284,4.033999919891357,4.061999797821045,4.059000015258789,4.063000202178955,4.064000129699707,4.066999912261963,nan,nan,nan,nan,nan,nan,nan,nan,nan,nan,nan,nan
37.920931816101074,-0.4000000059604645,4.033999919891357,4.061999797821045,4.059999942779541,4.063000202178955,4.064000129699707,4.066999912261963,nan,nan,nan,nan,nan,nan,nan,nan,nan,nan,nan,nan
38.081801414489746,-0.4000000059604645,4.033999919891357,4.061999797821045,4.059000015258789,4.063000202178955,4.064000129699707,4.066999912261963,nan,nan,nan,nan,nan,nan,nan,nan,nan,nan,nan,nan
38.2624237537384,-0.4099999964237213,4.033999919891357,4.060999870300293,4.059000015258789,4.063000202178955,4.064000129699707,4.066999912261963,nan,nan,nan,nan,nan,nan,nan,nan,nan,nan,nan,nan
38.44186019897461,-0.4000000059604645,4.033999919891357,4.061999797821045,4.059999942779541,4.063000202178955,4.064000129699707,4.066999912261963,nan,nan,nan,nan,nan,nan,nan,nan,nan,nan,nan,nan
38.60201811790466,-0.4000000059604645,4.033999919891357,4.060999870300293,4.059000015258789,4.063000202178955,4.064000129699707,4.066999912261963,nan,nan,nan,nan,nan,nan,nan,nan,nan,nan,nan,nan
38.78333139419556,-0.4000000059604645,4.033999919891357,4.061999797821045,4.059000015258789,4.063000202178955,4.064000129699707,4.066999912261963,nan,nan,nan,nan,nan,nan,nan,nan,nan,nan,nan,nan
38.94276189804077,-0.3799999952316284,4.033999919891357,4.061999797821045,4.059000015258789,4.063000202178955,4.064000129699707,4.066999912261963,nan,nan,nan,nan,nan,nan,nan,nan,nan,nan,nan,nan
39.12142491340637,-0.38999998569488525,4.034999847412109,4.061999797821045,4.059000015258789,4.063000202178955,4.063000202178955,4.066999912261963,nan,nan,nan,nan,nan,nan,nan,nan,nan,nan,nan,nan
39.3004105091095,-0.4099999964237213,4.034999847412109,4.061999797821045,4.059000015258789,4.063000202178955,4.064000129699707,4.066999912261963,nan,nan,nan,nan,nan,nan,nan,nan,nan,nan,nan,nan
39.46152877807617,-0.4000000059604645,4.033999919891357,4.061999797821045,4.059000015258789,4.063000202178955,4.064000129699707,4.066999912261963,nan,nan,nan,nan,nan,nan,nan,nan,nan,nan,nan,nan
39.64054751396179,-0.4000000059604645,4.034999847412109,4.061999797821045,4.059000015258789,4.063000202178955,4.064000129699707,4.066999912261963,nan,nan,nan,nan,nan,nan,nan,nan,nan,nan,nan,nan
39.8017475605011,-0.4099999964237213,4.034999847412109,4.061999797821045,4.059000015258789,4.063000202178955,4.064000129699707,4.066999912261963,nan,nan,nan,nan,nan,nan,nan,nan,nan,nan,nan,nan
39.98189997673035,-0.4000000059604645,4.034999847412109,4.061999797821045,4.059000015258789,4.063000202178955,4.064000129699707,4.066999912261963,nan,nan,nan,nan,nan,nan,nan,nan,nan,nan,nan,nan
40.160603046417236,-0.4000000059604645,4.033999919891357,4.061999797821045,4.059999942779541,4.063000202178955,4.064000129699707,4.066999912261963,nan,nan,nan,nan,nan,nan,nan,nan,nan,nan,nan,nan
40.32180190086365,-0.38999998569488525,4.033999919891357,4.061999797821045,4.059000015258789,4.063000202178955,4.064000129699707,4.066999912261963,nan,nan,nan,nan,nan,nan,nan,nan,nan,nan,nan,nan
40.50087118148804,-0.38999998569488525,4.034999847412109,4.061999797821045,4.059000015258789,4.063000202178955,4.064000129699707,4.066999912261963,nan,nan,nan,nan,nan,nan,nan,nan,nan,nan,nan,nan
40.68104314804077,-0.4000000059604645,4.033999919891357,4.061999797821045,4.059000015258789,4.063000202178955,4.064000129699707,4.066999912261963,nan,nan,nan,nan,nan,nan,nan,nan,nan,nan,nan,nan
40.84044671058655,-0.4000000059604645,4.034999847412109,4.061999797821045,4.059000015258789,4.063000202178955,4.064000129699707,4.066999912261963,nan,nan,nan,nan,nan,nan,nan,nan,nan,nan,nan,nan
41.021942138671875,-0.38999998569488525,4.033999919891357,4.061999797821045,4.059000015258789,4.063000202178955,4.064000129699707,4.066999912261963,nan,nan,nan,nan,nan,nan,nan,nan,nan,nan,nan,nan
41.18146896362305,-0.4099999964237213,4.033999919891357,4.061999797821045,4.059000015258789,4.063000202178955,4.064000129699707,4.066999912261963,nan,nan,nan,nan,nan,nan,nan,nan,nan,nan,nan,nan
41.360373973846436,-0.4000000059604645,4.033999919891357,4.061999797821045,4.059000015258789,4.063000202178955,4.064000129699707,4.066999912261963,nan,nan,nan,nan,nan,nan,nan,nan,nan,nan,nan,nan
41.541560649871826,-0.4099999964237213,4.033999919891357,4.061999797821045,4.059000015258789,4.063000202178955,4.064000129699707,4.066999912261963,nan,nan,nan,nan,nan,nan,nan,nan,nan,nan,nan,nan
41.70125913619995,-0.4000000059604645,4.033999919891357,4.061999797821045,4.059000015258789,4.063000202178955,4.064000129699707,4.066999912261963,nan,nan,nan,nan,nan,nan,nan,nan,nan,nan,nan,nan
41.88135623931885,-0.4000000059604645,4.033999919891357,4.061999797821045,4.059000015258789,4.063000202178955,4.064000129699707,4.066999912261963,nan,nan,nan,nan,nan,nan,nan,nan,nan,nan,nan,nan
42.04084634780884,-0.4000000059604645,4.033999919891357,4.061999797821045,4.059000015258789,4.063000202178955,4.064000129699707,4.066999912261963,nan,nan,nan,nan,nan,nan,nan,nan,nan,nan,nan,nan
42.22131705284119,-0.4000000059604645,4.033999919891357,4.061999797821045,4.059000015258789,4.063000202178955,4.064000129699707,4.066999912261963,nan,nan,nan,nan,nan,nan,nan,nan,nan,nan,nan,nan
42.40128779411316,-0.41999998688697815,4.033999919891357,4.061999797821045,4.059000015258789,4.063000202178955,4.064000129699707,4.066999912261963,nan,nan,nan,nan,nan,nan,nan,nan,nan,nan,nan,nan
42.56084108352661,-0.4000000059604645,4.033999919891357,4.061999797821045,4.059000015258789,4.063000202178955,4.064000129699707,4.066999912261963,nan,nan,nan,nan,nan,nan,nan,nan,nan,nan,nan,nan
42.74121856689453,-0.4000000059604645,4.033999919891357,4.061999797821045,4.059000015258789,4.063000202178955,4.064000129699707,4.066999912261963,nan,nan,nan,nan,nan,nan,nan,nan,nan,nan,nan,nan
42.90080952644348,-0.4000000059604645,4.033999919891357,4.061999797821045,4.059000015258789,4.063000202178955,4.063000202178955,4.066999912261963,nan,nan,nan,nan,nan,nan,nan,nan,nan,nan,nan,nan
43.08095645904541,-0.4000000059604645,4.033999919891357,4.061999797821045,4.059000015258789,4.063000202178955,4.064000129699707,4.066999912261963,nan,nan,nan,nan,nan,nan,nan,nan,nan,nan,nan,nan
43.261147022247314,-0.4000000059604645,4.034999847412109,4.061999797821045,4.059000015258789,4.063000202178955,4.064000129699707,4.066999912261963,nan,nan,nan,nan,nan,nan,nan,nan,nan,nan,nan,nan
43.420722007751465,-0.4000000059604645,4.033999919891357,4.061999797821045,4.059000015258789,4.063000202178955,4.064000129699707,4.066999912261963,nan,nan,nan,nan,nan,nan,nan,nan,nan,nan,nan,nan
43.60113167762756,-0.4099999964237213,4.033999919891357,4.061999797821045,4.059000015258789,4.063000202178955,4.064000129699707,4.066999912261963,nan,nan,nan,nan,nan,nan,nan,nan,nan,nan,nan,nan
43.78182291984558,-0.4000000059604645,4.033999919891357,4.061999797821045,4.059000015258789,4.063000202178955,4.063000202178955,4.066999912261963,nan,nan,nan,nan,nan,nan,nan,nan,nan,nan,nan,nan
43.940871715545654,-0.4000000059604645,4.033999919891357,4.060999870300293,4.059000015258789,4.063000202178955,4.064000129699707,4.066999912261963,nan,nan,nan,nan,nan,nan,nan,nan,nan,nan,nan,nan
44.12110877037048,-0.4099999964237213,4.033999919891357,4.061999797821045,4.059000015258789,4.063000202178955,4.063000202178955,4.066999912261963,nan,nan,nan,nan,nan,nan,nan,nan,nan,nan,nan,nan
44.28058123588562,-0.4000000059604645,4.033999919891357,4.061999797821045,4.059000015258789,4.063000202178955,4.064000129699707,4.066999912261963,nan,nan,nan,nan,nan,nan,nan,nan,nan,nan,nan,nan
44.4610390663147,-0.4000000059604645,4.033999919891357,4.061999797821045,4.059000015258789,4.063000202178955,4.064000129699707,4.066999912261963,nan,nan,nan,nan,nan,nan,nan,nan,nan,nan,nan,nan
44.64140844345093,-0.4000000059604645,4.033999919891357,4.061999797821045,4.059000015258789,4.063000202178955,4.063000202178955,4.066999912261963,nan,nan,nan,nan,nan,nan,nan,nan,nan,nan,nan,nan
44.80064105987549,-0.4000000059604645,4.033999919891357,4.061999797821045,4.059000015258789,4.063000202178955,4.064000129699707,4.066999912261963,nan,nan,nan,nan,nan,nan,nan,nan,nan,nan,nan,nan
44.98100566864014,-0.4000000059604645,4.033999919891357,4.061999797821045,4.059000015258789,4.063000202178955,4.064000129699707,4.066999912261963,nan,nan,nan,nan,nan,nan,nan,nan,nan,nan,nan,nan
45.14049458503723,-0.4000000059604645,4.033999919891357,4.061999797821045,4.059000015258789,4.063000202178955,4.063000202178955,4.066999912261963,nan,nan,nan,nan,nan,nan,nan,nan,nan,nan,nan,nan
45.32107496261597,-0.38999998569488525,4.033999919891357,4.061999797821045,4.059000015258789,4.063000202178955,4.064000129699707,4.066999912261963,nan,nan,nan,nan,nan,nan,nan,nan,nan,nan,nan,nan
45.50247263908386,-0.38999998569488525,4.033999919891357,4.061999797821045,4.059000015258789,4.063000202178955,4.064000129699707,4.066999912261963,nan,nan,nan,nan,nan,nan,nan,nan,nan,nan,nan,nan
45.662517786026,-0.4000000059604645,4.033999919891357,4.061999797821045,4.059000015258789,4.063000202178955,4.064000129699707,4.066999912261963,nan,nan,nan,nan,nan,nan,nan,nan,nan,nan,nan,nan
45.84223961830139,-0.4099999964237213,4.033999919891357,4.061999797821045,4.059000015258789,4.063000202178955,4.064000129699707,4.066999912261963,nan,nan,nan,nan,nan,nan,nan,nan,nan,nan,nan,nan
46.021101236343384,-0.4000000059604645,4.033999919891357,4.061999797821045,4.059000015258789,4.063000202178955,4.064000129699707,4.066999912261963,nan,nan,nan,nan,nan,nan,nan,nan,nan,nan,nan,nan
46.181012868881226,-0.4000000059604645,4.033999919891357,4.061999797821045,4.059000015258789,4.063000202178955,4.064000129699707,4.066999912261963,nan,nan,nan,nan,nan,nan,nan,nan,nan,nan,nan,nan
46.36224436759949,-0.4000000059604645,4.033999919891357,4.061999797821045,4.059000015258789,4.063000202178955,4.064000129699707,4.066999912261963,nan,nan,nan,nan,nan,nan,nan,nan,nan,nan,nan,nan
46.522154331207275,-0.4000000059604645,4.033999919891357,4.061999797821045,4.059000015258789,4.063000202178955,4.063000202178955,4.066999912261963,nan,nan,nan,nan,nan,nan,nan,nan,nan,nan,nan,nan
46.70195698738098,-0.4000000059604645,4.033999919891357,4.060999870300293,4.059000015258789,4.063000202178955,4.063000202178955,4.066999912261963,nan,nan,nan,nan,nan,nan,nan,nan,nan,nan,nan,nan
46.88052773475647,-0.4000000059604645,4.033999919891357,4.061999797821045,4.059000015258789,4.063000202178955,4.064000129699707,4.066999912261963,nan,nan,nan,nan,nan,nan,nan,nan,nan,nan,nan,nan
47.041707277297974,-0.3799999952316284,4.033999919891357,4.061999797821045,4.059000015258789,4.063000202178955,4.063000202178955,4.066999912261963,nan,nan,nan,nan,nan,nan,nan,nan,nan,nan,nan,nan
47.22048473358154,-0.4000000059604645,4.033999919891357,4.061999797821045,4.059000015258789,4.063000202178955,4.063000202178955,4.066999912261963,nan,nan,nan,nan,nan,nan,nan,nan,nan,nan,nan,nan
47.381518840789795,-0.4099999964237213,4.033999919891357,4.061999797821045,4.059000015258789,4.063000202178955,4.064000129699707,4.066999912261963,nan,nan,nan,nan,nan,nan,nan,nan,nan,nan,nan,nan
47.56168270111084,-0.4000000059604645,4.033999919891357,4.061999797821045,4.059000015258789,4.063000202178955,4.064000129699707,4.066999912261963,nan,nan,nan,nan,nan,nan,nan,nan,nan,nan,nan,nan
47.74102544784546,-0.4000000059604645,4.033999919891357,4.061999797821045,4.059000015258789,4.063000202178955,4.064000129699707,4.066999912261963,nan,nan,nan,nan,nan,nan,nan,nan,nan,nan,nan,nan
47.90158200263977,-0.4099999964237213,4.033999919891357,4.061999797821045,4.059000015258789,4.063000202178955,4.064000129699707,4.066999912261963,nan,nan,nan,nan,nan,nan,nan,nan,nan,nan,nan,nan
48.08088493347168,-0.4000000059604645,4.033999919891357,4.061999797821045,4.059000015258789,4.063000202178955,4.064000129699707,4.066999912261963,nan,nan,nan,nan,nan,nan,nan,nan,nan,nan,nan,nan
48.26178050041199,-0.4099999964237213,4.033999919891357,4.061999797821045,4.059000015258789,4.063000202178955,4.063000202178955,4.066999912261963,nan,nan,nan,nan,nan,nan,nan,nan,nan,nan,nan,nan
48.421720027923584,-0.4000000059604645,4.033999919891357,4.061999797821045,4.059000015258789,4.063000202178955,4.064000129699707,4.066999912261963,nan,nan,nan,nan,nan,nan,nan,nan,nan,nan,nan,nan
48.60189914703369,-0.4000000059604645,4.033999919891357,4.060999870300293,4.059000015258789,4.063000202178955,4.063000202178955,4.066999912261963,nan,nan,nan,nan,nan,nan,nan,nan,nan,nan,nan,nan
48.76130986213684,-0.4000000059604645,4.033999919891357,4.061999797821045,4.059000015258789,4.063000202178955,4.063000202178955,4.066999912261963,nan,nan,nan,nan,nan,nan,nan,nan,nan,nan,nan,nan
48.941373348236084,-0.4000000059604645,4.033999919891357,4.061999797821045,4.059000015258789,4.063000202178955,4.063000202178955,4.066999912261963,nan,nan,nan,nan,nan,nan,nan,nan,nan,nan,nan,nan
49.120513916015625,-0.4099999964237213,4.033999919891357,4.061999797821045,4.059000015258789,4.063000202178955,4.063000202178955,4.066999912261963,nan,nan,nan,nan,nan,nan,nan,nan,nan,nan,nan,nan
49.28167986869812,-0.4000000059604645,4.033999919891357,4.061999797821045,4.059000015258789,4.063000202178955,4.064000129699707,4.066999912261963,nan,nan,nan,nan,nan,nan,nan,nan,nan,nan,nan,nan
49.46050810813904,-0.4099999964237213,4.033999919891357,4.061999797821045,4.059000015258789,4.063000202178955,4.064000129699707,4.066999912261963,nan,nan,nan,nan,nan,nan,nan,nan,nan,nan,nan,nan
49.62159967422485,-0.4000000059604645,4.033999919891357,4.060999870300293,4.059000015258789,4.063000202178955,4.063000202178955,4.066999912261963,nan,nan,nan,nan,nan,nan,nan,nan,nan,nan,nan,nan
49.80127716064453,-0.3799999952316284,4.033999919891357,4.060999870300293,4.059000015258789,4.063000202178955,4.064000129699707,4.066999912261963,nan,nan,nan,nan,nan,nan,nan,nan,nan,nan,nan,nan
49.98171329498291,-0.4099999964237213,4.033999919891357,4.061999797821045,4.059000015258789,4.063000202178955,4.064000129699707,4.066999912261963,nan,nan,nan,nan,nan,nan,nan,nan,nan,nan,nan,nan
50.14112901687622,-0.4000000059604645,4.033999919891357,4.061999797821045,4.059000015258789,4.063000202178955,4.064000129699707,4.066999912261963,nan,nan,nan,nan,nan,nan,nan,nan,nan,nan,nan,nan
50.321409463882446,-0.4000000059604645,4.033999919891357,4.060999870300293,4.059000015258789,4.063000202178955,4.063000202178955,4.066999912261963,nan,nan,nan,nan,nan,nan,nan,nan,nan,nan,nan,nan
50.48307013511658,-0.4000000059604645,4.033999919891357,4.060999870300293,4.059000015258789,4.063000202178955,4.064000129699707,4.066999912261963,nan,nan,nan,nan,nan,nan,nan,nan,nan,nan,nan,nan
50.66292858123779,-0.38999998569488525,4.033999919891357,4.061999797821045,4.059000015258789,4.063000202178955,4.063000202178955,4.066999912261963,nan,nan,nan,nan,nan,nan,nan,nan,nan,nan,nan,nan
50.8410005569458,-0.4000000059604645,4.033999919891357,4.060999870300293,4.059000015258789,4.063000202178955,4.063000202178955,4.066999912261963,nan,nan,nan,nan,nan,nan,nan,nan,nan,nan,nan,nan
51.002333879470825,-0.38999998569488525,4.033999919891357,4.061999797821045,4.059000015258789,4.063000202178955,4.063000202178955,4.066999912261963,nan,nan,nan,nan,nan,nan,nan,nan,nan,nan,nan,nan
51.182533502578735,-0.38999998569488525,4.033999919891357,4.060999870300293,4.059000015258789,4.063000202178955,4.063000202178955,4.066999912261963,nan,nan,nan,nan,nan,nan,nan,nan,nan,nan,nan,nan
51.36109709739685,-0.4000000059604645,4.033999919891357,4.061999797821045,4.059000015258789,4.063000202178955,4.063000202178955,4.066999912261963,nan,nan,nan,nan,nan,nan,nan,nan,nan,nan,nan,nan
51.52218580245972,-0.38999998569488525,4.033999919891357,4.061999797821045,4.059000015258789,4.063000202178955,4.063000202178955,4.066999912261963,nan,nan,nan,nan,nan,nan,nan,nan,nan,nan,nan,nan
51.703983306884766,-0.38999998569488525,4.033999919891357,4.060999870300293,4.059000015258789,4.063000202178955,4.063000202178955,4.066999912261963,nan,nan,nan,nan,nan,nan,nan,nan,nan,nan,nan,nan
51.86175203323364,-0.4000000059604645,4.033999919891357,4.060999870300293,4.059000015258789,4.063000202178955,4.063000202178955,4.066999912261963,nan,nan,nan,nan,nan,nan,nan,nan,nan,nan,nan,nan
52.04215168952942,-0.4000000059604645,4.033999919891357,4.061999797821045,4.059000015258789,4.063000202178955,4.063000202178955,4.066999912261963,nan,nan,nan,nan,nan,nan,nan,nan,nan,nan,nan,nan
52.22201418876648,-0.4000000059604645,4.033999919891357,4.061999797821045,4.059000015258789,4.063000202178955,4.064000129699707,4.066999912261963,nan,nan,nan,nan,nan,nan,nan,nan,nan,nan,nan,nan
52.38178873062134,-0.38999998569488525,4.033999919891357,4.060999870300293,4.059000015258789,4.063000202178955,4.063000202178955,4.066999912261963,nan,nan,nan,nan,nan,nan,nan,nan,nan,nan,nan,nan
52.562172651290894,-0.4300000071525574,4.033999919891357,4.060999870300293,4.059000015258789,4.063000202178955,4.064000129699707,4.066999912261963,nan,nan,nan,nan,nan,nan,nan,nan,nan,nan,nan,nan
52.72156739234924,-0.4000000059604645,4.033999919891357,4.060999870300293,4.059000015258789,4.063000202178955,4.064000129699707,4.066999912261963,nan,nan,nan,nan,nan,nan,nan,nan,nan,nan,nan,nan
52.90198040008545,-0.4000000059604645,4.033999919891357,4.060999870300293,4.059000015258789,4.063000202178955,4.064000129699707,4.066999912261963,nan,nan,nan,nan,nan,nan,nan,nan,nan,nan,nan,nan
53.08133816719055,-0.4000000059604645,4.033999919891357,4.060999870300293,4.059000015258789,4.063000202178955,4.063000202178955,4.066999912261963,nan,nan,nan,nan,nan,nan,nan,nan,nan,nan,nan,nan
53.242292642593384,-0.4000000059604645,4.033999919891357,4.060999870300293,4.059000015258789,4.063000202178955,4.064000129699707,4.066999912261963,nan,nan,nan,nan,nan,nan,nan,nan,nan,nan,nan,nan
53.422133922576904,-0.4000000059604645,4.033999919891357,4.060999870300293,4.059000015258789,4.063000202178955,4.064000129699707,4.066999912261963,nan,nan,nan,nan,nan,nan,nan,nan,nan,nan,nan,nan
53.60080146789551,-0.4099999964237213,4.033999919891357,4.060999870300293,4.059000015258789,4.063000202178955,4.063000202178955,4.066999912261963,nan,nan,nan,nan,nan,nan,nan,nan,nan,nan,nan,nan
53.761566400527954,-0.4099999964237213,4.033999919891357,4.061999797821045,4.059000015258789,4.063000202178955,4.064000129699707,4.066999912261963,nan,nan,nan,nan,nan,nan,nan,nan,nan,nan,nan,nan
53.940595865249634,-0.4000000059604645,4.033999919891357,4.061999797821045,4.059000015258789,4.063000202178955,4.063000202178955,4.066999912261963,nan,nan,nan,nan,nan,nan,nan,nan,nan,nan,nan,nan
54.10155367851257,-0.4099999964237213,4.033999919891357,4.060999870300293,4.059000015258789,4.063000202178955,4.063000202178955,4.066999912261963,nan,nan,nan,nan,nan,nan,nan,nan,nan,nan,nan,nan
54.28055930137634,-0.4099999964237213,4.033999919891357,4.061999797821045,4.059000015258789,4.063000202178955,4.064000129699707,4.066999912261963,nan,nan,nan,nan,nan,nan,nan,nan,nan,nan,nan,nan
54.46098017692566,-0.4000000059604645,4.033999919891357,4.060999870300293,4.059000015258789,4.063000202178955,4.063000202178955,4.066999912261963,nan,nan,nan,nan,nan,nan,nan,nan,nan,nan,nan,nan
54.62053608894348,-0.4000000059604645,4.033999919891357,4.060999870300293,4.059000015258789,4.063000202178955,4.063000202178955,4.066999912261963,nan,nan,nan,nan,nan,nan,nan,nan,nan,nan,nan,nan
54.80095887184143,-0.4000000059604645,4.033999919891357,4.060999870300293,4.059000015258789,4.063000202178955,4.063000202178955,4.066999912261963,nan,nan,nan,nan,nan,nan,nan,nan,nan,nan,nan,nan
54.960575103759766,-0.38999998569488525,4.033999919891357,4.060999870300293,4.059000015258789,4.063000202178955,4.064000129699707,4.066999912261963,nan,nan,nan,nan,nan,nan,nan,nan,nan,nan,nan,nan
55.14107823371887,-0.4099999964237213,4.033999919891357,4.060999870300293,4.059000015258789,4.063000202178955,4.063000202178955,4.066999912261963,nan,nan,nan,nan,nan,nan,nan,nan,nan,nan,nan,nan
55.32168650627136,-0.38999998569488525,4.033999919891357,4.060999870300293,4.059000015258789,4.063000202178955,4.063000202178955,4.066999912261963,nan,nan,nan,nan,nan,nan,nan,nan,nan,nan,nan,nan
55.48092222213745,-0.4000000059604645,4.033999919891357,4.060999870300293,4.059000015258789,4.063000202178955,4.063000202178955,4.066999912261963,nan,nan,nan,nan,nan,nan,nan,nan,nan,nan,nan,nan
55.661444425582886,-0.4000000059604645,4.033999919891357,4.060999870300293,4.059000015258789,4.063000202178955,4.063000202178955,4.066999912261963,nan,nan,nan,nan,nan,nan,nan,nan,nan,nan,nan,nan
55.84144186973572,-0.4000000059604645,4.033999919891357,4.061999797821045,4.059000015258789,4.063000202178955,4.063000202178955,4.066999912261963,nan,nan,nan,nan,nan,nan,nan,nan,nan,nan,nan,nan
56.00098419189453,-0.4000000059604645,4.033999919891357,4.060999870300293,4.059000015258789,4.063000202178955,4.064000129699707,4.066999912261963,nan,nan,nan,nan,nan,nan,nan,nan,nan,nan,nan,nan
56.18163251876831,-0.38999998569488525,4.033999919891357,4.061999797821045,4.059000015258789,4.063000202178955,4.063000202178955,4.066999912261963,nan,nan,nan,nan,nan,nan,nan,nan,nan,nan,nan,nan
56.34098720550537,-0.4000000059604645,4.033999919891357,4.061999797821045,4.059000015258789,4.063000202178955,4.064000129699707,4.066999912261963,nan,nan,nan,nan,nan,nan,nan,nan,nan,nan,nan,nan
56.522786378860474,-0.38999998569488525,4.033999919891357,4.060999870300293,4.059000015258789,4.063000202178955,4.063000202178955,4.066999912261963,nan,nan,nan,nan,nan,nan,nan,nan,nan,nan,nan,nan
56.70176029205322,-0.38999998569488525,4.033999919891357,4.060999870300293,4.059000015258789,4.063000202178955,4.064000129699707,4.066999912261963,nan,nan,nan,nan,nan,nan,nan,nan,nan,nan,nan,nan
56.86125302314758,-0.4000000059604645,4.033999919891357,4.060999870300293,4.059000015258789,4.063000202178955,4.063000202178955,4.066999912261963,nan,nan,nan,nan,nan,nan,nan,nan,nan,nan,nan,nan
57.04261064529419,-0.4099999964237213,4.033999919891357,4.061999797821045,4.059000015258789,4.063000202178955,4.063000202178955,4.066999912261963,nan,nan,nan,nan,nan,nan,nan,nan,nan,nan,nan,nan
57.202187061309814,-0.4000000059604645,4.033999919891357,4.060999870300293,4.059000015258789,4.063000202178955,4.063000202178955,4.066999912261963,nan,nan,nan,nan,nan,nan,nan,nan,nan,nan,nan,nan
57.381356954574585,-0.4000000059604645,4.033999919891357,4.060999870300293,4.059000015258789,4.063000202178955,4.063000202178955,4.066999912261963,nan,nan,nan,nan,nan,nan,nan,nan,nan,nan,nan,nan
57.56275296211243,-0.4000000059604645,4.033999919891357,4.060999870300293,4.059000015258789,4.063000202178955,4.063000202178955,4.066999912261963,nan,nan,nan,nan,nan,nan,nan,nan,nan,nan,nan,nan
57.72069549560547,-0.38999998569488525,4.033999919891357,4.060999870300293,4.059000015258789,4.063000202178955,4.063000202178955,4.066999912261963,nan,nan,nan,nan,nan,nan,nan,nan,nan,nan,nan,nan
57.901201009750366,-0.4000000059604645,4.033999919891357,4.060999870300293,4.059000015258789,4.063000202178955,4.063000202178955,4.066999912261963,nan,nan,nan,nan,nan,nan,nan,nan,nan,nan,nan,nan
58.08149337768555,-0.38999998569488525,4.033999919891357,4.060999870300293,4.059000015258789,4.063000202178955,4.063000202178955,4.066999912261963,nan,nan,nan,nan,nan,nan,nan,nan,nan,nan,nan,nan
58.24268341064453,-0.4000000059604645,4.033999919891357,4.061999797821045,4.059000015258789,4.063000202178955,4.063000202178955,4.066999912261963,nan,nan,nan,nan,nan,nan,nan,nan,nan,nan,nan,nan
58.42155742645264,-0.3799999952316284,4.033999919891357,4.060999870300293,4.059000015258789,4.063000202178955,4.063000202178955,4.066999912261963,nan,nan,nan,nan,nan,nan,nan,nan,nan,nan,nan,nan
58.581005811691284,-0.38999998569488525,4.033999919891357,4.060999870300293,4.059000015258789,4.063000202178955,4.063000202178955,4.066999912261963,nan,nan,nan,nan,nan,nan,nan,nan,nan,nan,nan,nan
58.760958433151245,-0.4000000059604645,4.033999919891357,4.060999870300293,4.059000015258789,4.063000202178955,4.063000202178955,4.066999912261963,nan,nan,nan,nan,nan,nan,nan,nan,nan,nan,nan,nan
58.94166660308838,-0.38999998569488525,4.033999919891357,4.061999797821045,4.059000015258789,4.063000202178955,4.063000202178955,4.066999912261963,nan,nan,nan,nan,nan,nan,nan,nan,nan,nan,nan,nan
59.10098171234131,-0.4000000059604645,4.033999919891357,4.060999870300293,4.059000015258789,4.063000202178955,4.063000202178955,4.066999912261963,nan,nan,nan,nan,nan,nan,nan,nan,nan,nan,nan,nan
59.28275752067566,-0.4000000059604645,4.033999919891357,4.060999870300293,4.059000015258789,4.063000202178955,4.063000202178955,4.066999912261963,nan,nan,nan,nan,nan,nan,nan,nan,nan,nan,nan,nan
59.440760135650635,-0.4000000059604645,4.033999919891357,4.060999870300293,4.059000015258789,4.063000202178955,4.063000202178955,4.066999912261963,nan,nan,nan,nan,nan,nan,nan,nan,nan,nan,nan,nan
59.62100911140442,-0.4099999964237213,4.033999919891357,4.061999797821045,4.059000015258789,4.063000202178955,4.063000202178955,4.066999912261963,nan,nan,nan,nan,nan,nan,nan,nan,nan,nan,nan,nan
59.802589416503906,-0.38999998569488525,4.033999919891357,4.060999870300293,4.059000015258789,4.063000202178955,4.063000202178955,4.066999912261963,nan,nan,nan,nan,nan,nan,nan,nan,nan,nan,nan,nan
59.96120047569275,-0.4099999964237213,4.033999919891357,4.060999870300293,4.059000015258789,4.063000202178955,4.063000202178955,4.066999912261963,nan,nan,nan,nan,nan,nan,nan,nan,nan,nan,nan,nan
60.141146659851074,-0.4000000059604645,4.033999919891357,4.060999870300293,4.059000015258789,4.063000202178955,4.063000202178955,4.066999912261963,nan,nan,nan,nan,nan,nan,nan,nan,nan,nan,nan,nan
60.321539878845215,-0.38999998569488525,4.033999919891357,4.060999870300293,4.059000015258789,4.063000202178955,4.063000202178955,4.066999912261963,nan,nan,nan,nan,nan,nan,nan,nan,nan,nan,nan,nan
60.48096990585327,-0.38999998569488525,4.033999919891357,4.060999870300293,4.059000015258789,4.063000202178955,4.063000202178955,4.066999912261963,nan,nan,nan,nan,nan,nan,nan,nan,nan,nan,nan,nan
60.6614305973053,-0.4000000059604645,4.033999919891357,4.060999870300293,4.059000015258789,4.063000202178955,4.063000202178955,4.066999912261963,nan,nan,nan,nan,nan,nan,nan,nan,nan,nan,nan,nan
60.82080101966858,-0.4000000059604645,4.033999919891357,4.060999870300293,4.059000015258789,4.063000202178955,4.063000202178955,4.066999912261963,nan,nan,nan,nan,nan,nan,nan,nan,nan,nan,nan,nan
61.00101923942566,-0.4000000059604645,4.033999919891357,4.061999797821045,4.059000015258789,4.063000202178955,4.063000202178955,4.066999912261963,nan,nan,nan,nan,nan,nan,nan,nan,nan,nan,nan,nan
61.181567907333374,-0.4000000059604645,4.033999919891357,4.060999870300293,4.059000015258789,4.063000202178955,4.063000202178955,4.066999912261963,nan,nan,nan,nan,nan,nan,nan,nan,nan,nan,nan,nan
61.340967655181885,-0.4000000059604645,4.033999919891357,4.060999870300293,4.059000015258789,4.063000202178955,4.063000202178955,4.066999912261963,nan,nan,nan,nan,nan,nan,nan,nan,nan,nan,nan,nan
61.52273392677307,-0.4000000059604645,4.033999919891357,4.060999870300293,4.059000015258789,4.063000202178955,4.063000202178955,4.066999912261963,nan,nan,nan,nan,nan,nan,nan,nan,nan,nan,nan,nan
61.68081068992615,-0.4000000059604645,4.033999919891357,4.060999870300293,4.059000015258789,4.063000202178955,4.063000202178955,4.066999912261963,nan,nan,nan,nan,nan,nan,nan,nan,nan,nan,nan,nan
61.86101269721985,-0.4000000059604645,4.033999919891357,4.060999870300293,4.059000015258789,4.061999797821045,4.063000202178955,4.066999912261963,nan,nan,nan,nan,nan,nan,nan,nan,nan,nan,nan,nan
62.04110789299011,-0.4000000059604645,4.033999919891357,4.060999870300293,4.059000015258789,4.063000202178955,4.063000202178955,4.066999912261963,nan,nan,nan,nan,nan,nan,nan,nan,nan,nan,nan,nan
62.20093393325806,-0.38999998569488525,4.033999919891357,4.060999870300293,4.059000015258789,4.063000202178955,4.063000202178955,4.066999912261963,nan,nan,nan,nan,nan,nan,nan,nan,nan,nan,nan,nan
62.381306171417236,-0.4000000059604645,4.033999919891357,4.060999870300293,4.059000015258789,4.063000202178955,4.063000202178955,4.066999912261963,nan,nan,nan,nan,nan,nan,nan,nan,nan,nan,nan,nan
62.56271839141846,-0.4000000059604645,4.033999919891357,4.060999870300293,4.059000015258789,4.063000202178955,4.063000202178955,4.066999912261963,nan,nan,nan,nan,nan,nan,nan,nan,nan,nan,nan,nan
62.72180485725403,-0.41999998688697815,4.033999919891357,4.060999870300293,4.059000015258789,4.063000202178955,4.063000202178955,4.066999912261963,nan,nan,nan,nan,nan,nan,nan,nan,nan,nan,nan,nan
62.902034521102905,-0.4000000059604645,4.033999919891357,4.061999797821045,4.059000015258789,4.063000202178955,4.063000202178955,4.066999912261963,nan,nan,nan,nan,nan,nan,nan,nan,nan,nan,nan,nan
63.061524391174316,-0.38999998569488525,4.033999919891357,4.060999870300293,4.059000015258789,4.063000202178955,4.063000202178955,4.066999912261963,nan,nan,nan,nan,nan,nan,nan,nan,nan,nan,nan,nan
63.241947174072266,-0.4000000059604645,4.033999919891357,4.060999870300293,4.059000015258789,4.063000202178955,4.063000202178955,4.066999912261963,nan,nan,nan,nan,nan,nan,nan,nan,nan,nan,nan,nan
63.42094445228577,-0.38999998569488525,4.033999919891357,4.060999870300293,4.059000015258789,4.063000202178955,4.063000202178955,4.066999912261963,nan,nan,nan,nan,nan,nan,nan,nan,nan,nan,nan,nan
63.58181715011597,-0.4000000059604645,4.033999919891357,4.060999870300293,4.059000015258789,4.063000202178955,4.063000202178955,4.066999912261963,nan,nan,nan,nan,nan,nan,nan,nan,nan,nan,nan,nan
63.76094675064087,-0.4000000059604645,4.0329999923706055,4.060999870300293,4.059000015258789,4.063000202178955,4.063000202178955,4.066999912261963,nan,nan,nan,nan,nan,nan,nan,nan,nan,nan,nan,nan
63.9217414855957,-0.4000000059604645,4.033999919891357,4.060999870300293,4.059000015258789,4.061999797821045,4.063000202178955,4.066999912261963,nan,nan,nan,nan,nan,nan,nan,nan,nan,nan,nan,nan
64.10194253921509,-0.4000000059604645,4.033999919891357,4.060999870300293,4.059000015258789,4.061999797821045,4.063000202178955,4.066999912261963,nan,nan,nan,nan,nan,nan,nan,nan,nan,nan,nan,nan
64.2807092666626,-0.4000000059604645,4.033999919891357,4.060999870300293,4.059000015258789,4.063000202178955,4.063000202178955,4.066999912261963,nan,nan,nan,nan,nan,nan,nan,nan,nan,nan,nan,nan
64.44168186187744,-0.4000000059604645,4.033999919891357,4.060999870300293,4.059000015258789,4.063000202178955,4.063000202178955,4.066999912261963,nan,nan,nan,nan,nan,nan,nan,nan,nan,nan,nan,nan
64.62203359603882,-0.4000000059604645,4.033999919891357,4.060999870300293,4.059000015258789,4.063000202178955,4.063000202178955,4.066999912261963,nan,nan,nan,nan,nan,nan,nan,nan,nan,nan,nan,nan
64.8009204864502,-0.4000000059604645,4.033999919891357,4.060999870300293,4.059000015258789,4.061999797821045,4.063000202178955,4.066999912261963,nan,nan,nan,nan,nan,nan,nan,nan,nan,nan,nan,nan
64.96039485931396,-0.4099999964237213,4.033999919891357,4.060999870300293,4.059000015258789,4.063000202178955,4.064000129699707,4.066999912261963,nan,nan,nan,nan,nan,nan,nan,nan,nan,nan,nan,nan
65.14104843139648,-0.4000000059604645,4.033999919891357,4.060999870300293,4.059000015258789,4.063000202178955,4.063000202178955,4.066999912261963,nan,nan,nan,nan,nan,nan,nan,nan,nan,nan,nan,nan
65.30046510696411,-0.4000000059604645,4.033999919891357,4.060999870300293,4.059000015258789,4.063000202178955,4.063000202178955,4.066999912261963,nan,nan,nan,nan,nan,nan,nan,nan,nan,nan,nan,nan
65.48078608512878,-0.4000000059604645,4.033999919891357,4.060999870300293,4.059000015258789,4.063000202178955,4.063000202178955,4.066999912261963,nan,nan,nan,nan,nan,nan,nan,nan,nan,nan,nan,nan
65.66109609603882,-0.4000000059604645,4.033999919891357,4.060999870300293,4.059000015258789,4.063000202178955,4.063000202178955,4.066999912261963,nan,nan,nan,nan,nan,nan,nan,nan,nan,nan,nan,nan
65.82180786132812,-0.38999998569488525,4.033999919891357,4.060999870300293,4.059000015258789,4.063000202178955,4.063000202178955,4.066999912261963,nan,nan,nan,nan,nan,nan,nan,nan,nan,nan,nan,nan
66.00221395492554,-0.4099999964237213,4.033999919891357,4.060999870300293,4.059000015258789,4.063000202178955,4.063000202178955,4.066999912261963,nan,nan,nan,nan,nan,nan,nan,nan,nan,nan,nan,nan
66.16146111488342,-0.41999998688697815,4.033999919891357,4.060999870300293,4.059000015258789,4.063000202178955,4.063000202178955,4.066999912261963,nan,nan,nan,nan,nan,nan,nan,nan,nan,nan,nan,nan
66.3421790599823,-0.4000000059604645,4.033999919891357,4.060999870300293,4.059000015258789,4.063000202178955,4.063000202178955,4.066999912261963,nan,nan,nan,nan,nan,nan,nan,nan,nan,nan,nan,nan
66.52072429656982,-0.4000000059604645,4.033999919891357,4.060999870300293,4.059000015258789,4.063000202178955,4.063000202178955,4.066999912261963,nan,nan,nan,nan,nan,nan,nan,nan,nan,nan,nan,nan
66.68158173561096,-0.4000000059604645,4.033999919891357,4.060999870300293,4.059000015258789,4.061999797821045,4.063000202178955,4.066999912261963,nan,nan,nan,nan,nan,nan,nan,nan,nan,nan,nan,nan
66.86206007003784,-0.4000000059604645,4.033999919891357,4.060999870300293,4.059000015258789,4.063000202178955,4.063000202178955,4.066999912261963,nan,nan,nan,nan,nan,nan,nan,nan,nan,nan,nan,nan
67.04161310195923,-0.4099999964237213,4.0329999923706055,4.060999870300293,4.059000015258789,4.063000202178955,4.063000202178955,4.066999912261963,nan,nan,nan,nan,nan,nan,nan,nan,nan,nan,nan,nan
67.20144748687744,-0.4000000059604645,4.033999919891357,4.060999870300293,4.059000015258789,4.063000202178955,4.063000202178955,4.066999912261963,nan,nan,nan,nan,nan,nan,nan,nan,nan,nan,nan,nan
67.38172578811646,-0.4099999964237213,4.033999919891357,4.060999870300293,4.059000015258789,4.061999797821045,4.063000202178955,4.066999912261963,nan,nan,nan,nan,nan,nan,nan,nan,nan,nan,nan,nan
67.54115962982178,-0.4000000059604645,4.033999919891357,4.060999870300293,4.059000015258789,4.063000202178955,4.063000202178955,4.066999912261963,nan,nan,nan,nan,nan,nan,nan,nan,nan,nan,nan,nan
67.72127318382263,-0.4000000059604645,4.033999919891357,4.060999870300293,4.059000015258789,4.063000202178955,4.063000202178955,4.066999912261963,nan,nan,nan,nan,nan,nan,nan,nan,nan,nan,nan,nan
67.90034437179565,-0.3799999952316284,4.033999919891357,4.060999870300293,4.059000015258789,4.061999797821045,4.063000202178955,4.066999912261963,nan,nan,nan,nan,nan,nan,nan,nan,nan,nan,nan,nan
68.06171369552612,-0.4000000059604645,4.033999919891357,4.060999870300293,4.059000015258789,4.063000202178955,4.063000202178955,4.066999912261963,nan,nan,nan,nan,nan,nan,nan,nan,nan,nan,nan,nan
68.24065279960632,-0.3799999952316284,4.033999919891357,4.060999870300293,4.059000015258789,4.061999797821045,4.063000202178955,4.066999912261963,nan,nan,nan,nan,nan,nan,nan,nan,nan,nan,nan,nan
68.40205430984497,-0.4000000059604645,4.0329999923706055,4.060999870300293,4.059000015258789,4.063000202178955,4.063000202178955,4.066999912261963,nan,nan,nan,nan,nan,nan,nan,nan,nan,nan,nan,nan
68.58177781105042,-0.38999998569488525,4.0329999923706055,4.060999870300293,4.059000015258789,4.061999797821045,4.063000202178955,4.066999912261963,nan,nan,nan,nan,nan,nan,nan,nan,nan,nan,nan,nan
68.76188540458679,-0.4000000059604645,4.033999919891357,4.060999870300293,4.059000015258789,4.061999797821045,4.063000202178955,4.066999912261963,nan,nan,nan,nan,nan,nan,nan,nan,nan,nan,nan,nan
68.92141222953796,-0.4000000059604645,4.033999919891357,4.060999870300293,4.059000015258789,4.063000202178955,4.063000202178955,4.066999912261963,nan,nan,nan,nan,nan,nan,nan,nan,nan,nan,nan,nan
69.1018283367157,-0.4000000059604645,4.033999919891357,4.060999870300293,4.059000015258789,4.061999797821045,4.063000202178955,4.066999912261963,nan,nan,nan,nan,nan,nan,nan,nan,nan,nan,nan,nan
69.2805802822113,-0.4000000059604645,4.033999919891357,4.060999870300293,4.059000015258789,4.063000202178955,4.063000202178955,4.066999912261963,nan,nan,nan,nan,nan,nan,nan,nan,nan,nan,nan,nan
69.44180965423584,-0.4000000059604645,4.0329999923706055,4.060999870300293,4.059000015258789,4.063000202178955,4.063000202178955,4.066999912261963,nan,nan,nan,nan,nan,nan,nan,nan,nan,nan,nan,nan
69.62086892127991,-0.4000000059604645,4.033999919891357,4.060999870300293,4.059000015258789,4.063000202178955,4.063000202178955,4.066999912261963,nan,nan,nan,nan,nan,nan,nan,nan,nan,nan,nan,nan
69.78264117240906,-0.4000000059604645,4.033999919891357,4.060999870300293,4.059000015258789,4.063000202178955,4.063000202178955,4.066999912261963,nan,nan,nan,nan,nan,nan,nan,nan,nan,nan,nan,nan
69.96158480644226,-0.4000000059604645,4.0329999923706055,4.060999870300293,4.059000015258789,4.061999797821045,4.063000202178955,4.066999912261963,nan,nan,nan,nan,nan,nan,nan,nan,nan,nan,nan,nan
70.1415467262268,-0.4000000059604645,4.033999919891357,4.060999870300293,4.059000015258789,4.063000202178955,4.063000202178955,4.066999912261963,nan,nan,nan,nan,nan,nan,nan,nan,nan,nan,nan,nan
70.30265617370605,-0.38999998569488525,4.0329999923706055,4.060999870300293,4.059000015258789,4.061999797821045,4.063000202178955,4.066999912261963,nan,nan,nan,nan,nan,nan,nan,nan,nan,nan,nan,nan
70.48142004013062,-0.38999998569488525,4.033999919891357,4.060999870300293,4.059000015258789,4.063000202178955,4.063000202178955,4.066999912261963,nan,nan,nan,nan,nan,nan,nan,nan,nan,nan,nan,nan
70.64105892181396,-0.4000000059604645,4.0329999923706055,4.060999870300293,4.059000015258789,4.061999797821045,4.063000202178955,4.066999912261963,nan,nan,nan,nan,nan,nan,nan,nan,nan,nan,nan,nan
70.82100987434387,-0.4099999964237213,4.0329999923706055,4.060999870300293,4.059000015258789,4.061999797821045,4.063000202178955,4.066999912261963,nan,nan,nan,nan,nan,nan,nan,nan,nan,nan,nan,nan
71.00097179412842,-0.4099999964237213,4.0329999923706055,4.060999870300293,4.059000015258789,4.063000202178955,4.063000202178955,4.066999912261963,nan,nan,nan,nan,nan,nan,nan,nan,nan,nan,nan,nan
71.160573720932,-0.4000000059604645,4.0329999923706055,4.060999870300293,4.059000015258789,4.061999797821045,4.063000202178955,4.066999912261963,nan,nan,nan,nan,nan,nan,nan,nan,nan,nan,nan,nan
71.34092545509338,-0.4000000059604645,4.0329999923706055,4.060999870300293,4.059000015258789,4.061999797821045,4.063000202178955,4.066999912261963,nan,nan,nan,nan,nan,nan,nan,nan,nan,nan,nan,nan
71.5017158985138,-0.4300000071525574,4.0329999923706055,4.060999870300293,4.059000015258789,4.061999797821045,4.063000202178955,4.066999912261963,nan,nan,nan,nan,nan,nan,nan,nan,nan,nan,nan,nan
71.68047547340393,-0.4300000071525574,4.0329999923706055,4.060999870300293,4.058000087738037,4.063000202178955,4.063000202178955,4.066999912261963,nan,nan,nan,nan,nan,nan,nan,nan,nan,nan,nan,nan
71.86060571670532,-0.41999998688697815,4.0329999923706055,4.060999870300293,4.059000015258789,4.061999797821045,4.063000202178955,4.065999984741211,nan,nan,nan,nan,nan,nan,nan,nan,nan,nan,nan,nan
72.02169728279114,-0.44999998807907104,4.0329999923706055,4.060999870300293,4.059000015258789,4.061999797821045,4.063000202178955,4.066999912261963,nan,nan,nan,nan,nan,nan,nan,nan,nan,nan,nan,nan
72.20190834999084,-0.41999998688697815,4.0329999923706055,4.060999870300293,4.059000015258789,4.063000202178955,4.063000202178955,4.065999984741211,nan,nan,nan,nan,nan,nan,nan,nan,nan,nan,nan,nan
72.3804075717926,-0.4300000071525574,4.0329999923706055,4.060999870300293,4.059000015258789,4.061999797821045,4.063000202178955,4.066999912261963,nan,nan,nan,nan,nan,nan,nan,nan,nan,nan,nan,nan
72.54179835319519,-0.4099999964237213,4.0329999923706055,4.060999870300293,4.059000015258789,4.061999797821045,4.063000202178955,4.065999984741211,nan,nan,nan,nan,nan,nan,nan,nan,nan,nan,nan,nan
72.72076201438904,-0.41999998688697815,4.0329999923706055,4.060999870300293,4.058000087738037,4.061999797821045,4.063000202178955,4.066999912261963,nan,nan,nan,nan,nan,nan,nan,nan,nan,nan,nan,nan
72.88180446624756,-0.4099999964237213,4.0329999923706055,4.060999870300293,4.059000015258789,4.063000202178955,4.063000202178955,4.066999912261963,nan,nan,nan,nan,nan,nan,nan,nan,nan,nan,nan,nan
73.0605640411377,-0.41999998688697815,4.0329999923706055,4.060999870300293,4.058000087738037,4.061999797821045,4.063000202178955,4.065999984741211,nan,nan,nan,nan,nan,nan,nan,nan,nan,nan,nan,nan
73.24130010604858,-0.4300000071525574,4.0329999923706055,4.060999870300293,4.059000015258789,4.061999797821045,4.063000202178955,4.066999912261963,nan,nan,nan,nan,nan,nan,nan,nan,nan,nan,nan,nan
73.40198493003845,-0.41999998688697815,4.0329999923706055,4.060999870300293,4.059000015258789,4.061999797821045,4.063000202178955,4.066999912261963,nan,nan,nan,nan,nan,nan,nan,nan,nan,nan,nan,nan
73.58069205284119,-0.4300000071525574,4.0329999923706055,4.060999870300293,4.058000087738037,4.061999797821045,4.063000202178955,4.066999912261963,nan,nan,nan,nan,nan,nan,nan,nan,nan,nan,nan,nan
73.74196124076843,-0.41999998688697815,4.0329999923706055,4.060999870300293,4.059000015258789,4.063000202178955,4.063000202178955,4.066999912261963,nan,nan,nan,nan,nan,nan,nan,nan,nan,nan,nan,nan
73.92191934585571,-0.41999998688697815,4.0329999923706055,4.060999870300293,4.059000015258789,4.061999797821045,4.063000202178955,4.066999912261963,nan,nan,nan,nan,nan,nan,nan,nan,nan,nan,nan,nan
74.10090136528015,-0.4300000071525574,4.0329999923706055,4.060999870300293,4.059000015258789,4.061999797821045,4.063000202178955,4.066999912261963,nan,nan,nan,nan,nan,nan,nan,nan,nan,nan,nan,nan
74.26061606407166,-0.41999998688697815,4.0329999923706055,4.060999870300293,4.059000015258789,4.061999797821045,4.063000202178955,4.066999912261963,nan,nan,nan,nan,nan,nan,nan,nan,nan,nan,nan,nan
74.44086289405823,-0.4099999964237213,4.0329999923706055,4.060999870300293,4.058000087738037,4.061999797821045,4.063000202178955,4.066999912261963,nan,nan,nan,nan,nan,nan,nan,nan,nan,nan,nan,nan
74.621022939682,-0.41999998688697815,4.0329999923706055,4.060999870300293,4.058000087738037,4.063000202178955,4.063000202178955,4.066999912261963,nan,nan,nan,nan,nan,nan,nan,nan,nan,nan,nan,nan
74.78190851211548,-0.41999998688697815,4.0329999923706055,4.060999870300293,4.058000087738037,4.061999797821045,4.063000202178955,4.065999984741211,nan,nan,nan,nan,nan,nan,nan,nan,nan,nan,nan,nan
74.96090340614319,-0.41999998688697815,4.0329999923706055,4.060999870300293,4.058000087738037,4.061999797821045,4.063000202178955,4.065999984741211,nan,nan,nan,nan,nan,nan,nan,nan,nan,nan,nan,nan
75.12182450294495,-0.4300000071525574,4.0329999923706055,4.060999870300293,4.058000087738037,4.061999797821045,4.063000202178955,4.065999984741211,nan,nan,nan,nan,nan,nan,nan,nan,nan,nan,nan,nan
75.30062222480774,-0.4399999976158142,4.0329999923706055,4.060999870300293,4.058000087738037,4.061999797821045,4.063000202178955,4.066999912261963,nan,nan,nan,nan,nan,nan,nan,nan,nan,nan,nan,nan
75.48107314109802,-0.4099999964237213,4.0329999923706055,4.060999870300293,4.059000015258789,4.061999797821045,4.063000202178955,4.065999984741211,nan,nan,nan,nan,nan,nan,nan,nan,nan,nan,nan,nan
75.64068722724915,-0.4000000059604645,4.0329999923706055,4.060999870300293,4.059000015258789,4.061999797821045,4.063000202178955,4.065999984741211,nan,nan,nan,nan,nan,nan,nan,nan,nan,nan,nan,nan
75.82077980041504,-0.4000000059604645,4.0329999923706055,4.060999870300293,4.058000087738037,4.061999797821045,4.063000202178955,4.065999984741211,nan,nan,nan,nan,nan,nan,nan,nan,nan,nan,nan,nan
75.98179626464844,-0.4000000059604645,4.0329999923706055,4.060999870300293,4.059000015258789,4.061999797821045,4.063000202178955,4.066999912261963,nan,nan,nan,nan,nan,nan,nan,nan,nan,nan,nan,nan
76.16210794448853,-0.4000000059604645,4.0329999923706055,4.060999870300293,4.059000015258789,4.061999797821045,4.063000202178955,4.066999912261963,nan,nan,nan,nan,nan,nan,nan,nan,nan,nan,nan,nan
76.34092736244202,-0.4000000059604645,4.0329999923706055,4.060999870300293,4.058000087738037,4.061999797821045,4.063000202178955,4.066999912261963,nan,nan,nan,nan,nan,nan,nan,nan,nan,nan,nan,nan
76.50083112716675,-0.4099999964237213,4.0329999923706055,4.060999870300293,4.058000087738037,4.063000202178955,4.063000202178955,4.065999984741211,nan,nan,nan,nan,nan,nan,nan,nan,nan,nan,nan,nan
76.6807599067688,-0.4000000059604645,4.0329999923706055,4.060999870300293,4.059000015258789,4.061999797821045,4.063000202178955,4.066999912261963,nan,nan,nan,nan,nan,nan,nan,nan,nan,nan,nan,nan
76.86255955696106,-0.38999998569488525,4.0329999923706055,4.060999870300293,4.058000087738037,4.061999797821045,4.063000202178955,4.066999912261963,nan,nan,nan,nan,nan,nan,nan,nan,nan,nan,nan,nan
77.0205466747284,-0.4000000059604645,4.0329999923706055,4.060999870300293,4.059000015258789,4.061999797821045,4.063000202178955,4.066999912261963,nan,nan,nan,nan,nan,nan,nan,nan,nan,nan,nan,nan
77.20093083381653,-0.4000000059604645,4.0329999923706055,4.060999870300293,4.059000015258789,4.063000202178955,4.063000202178955,4.065999984741211,nan,nan,nan,nan,nan,nan,nan,nan,nan,nan,nan,nan
77.36203670501709,-0.4000000059604645,4.0329999923706055,4.060999870300293,4.058000087738037,4.063000202178955,4.063000202178955,4.066999912261963,nan,nan,nan,nan,nan,nan,nan,nan,nan,nan,nan,nan
77.5409791469574,-0.4000000059604645,4.0329999923706055,4.060999870300293,4.058000087738037,4.061999797821045,4.063000202178955,4.066999912261963,nan,nan,nan,nan,nan,nan,nan,nan,nan,nan,nan,nan
77.7211217880249,-0.4099999964237213,4.0329999923706055,4.060999870300293,4.058000087738037,4.061999797821045,4.063000202178955,4.066999912261963,nan,nan,nan,nan,nan,nan,nan,nan,nan,nan,nan,nan
77.88109040260315,-0.4000000059604645,4.0329999923706055,4.060999870300293,4.059000015258789,4.061999797821045,4.063000202178955,4.066999912261963,nan,nan,nan,nan,nan,nan,nan,nan,nan,nan,nan,nan
78.06123638153076,-0.4000000059604645,4.0329999923706055,4.060999870300293,4.058000087738037,4.061999797821045,4.063000202178955,4.066999912261963,nan,nan,nan,nan,nan,nan,nan,nan,nan,nan,nan,nan
78.22081136703491,-0.4000000059604645,4.0329999923706055,4.060999870300293,4.058000087738037,4.061999797821045,4.063000202178955,4.066999912261963,nan,nan,nan,nan,nan,nan,nan,nan,nan,nan,nan,nan
78.40114426612854,-0.4000000059604645,4.0329999923706055,4.060999870300293,4.059000015258789,4.061999797821045,4.063000202178955,4.066999912261963,nan,nan,nan,nan,nan,nan,nan,nan,nan,nan,nan,nan
78.58155155181885,-0.38999998569488525,4.0329999923706055,4.060999870300293,4.058000087738037,4.061999797821045,4.063000202178955,4.066999912261963,nan,nan,nan,nan,nan,nan,nan,nan,nan,nan,nan,nan
78.74063682556152,-0.38999998569488525,4.0329999923706055,4.060999870300293,4.059000015258789,4.061999797821045,4.063000202178955,4.066999912261963,nan,nan,nan,nan,nan,nan,nan,nan,nan,nan,nan,nan
78.92112946510315,-0.4000000059604645,4.0329999923706055,4.060999870300293,4.058000087738037,4.061999797821045,4.063000202178955,4.066999912261963,nan,nan,nan,nan,nan,nan,nan,nan,nan,nan,nan,nan
79.10169386863708,-0.38999998569488525,4.0329999923706055,4.060999870300293,4.058000087738037,4.061999797821045,4.063000202178955,4.066999912261963,nan,nan,nan,nan,nan,nan,nan,nan,nan,nan,nan,nan
79.26246953010559,-0.4000000059604645,4.0329999923706055,4.060999870300293,4.058000087738037,4.061999797821045,4.063000202178955,4.066999912261963,nan,nan,nan,nan,nan,nan,nan,nan,nan,nan,nan,nan
79.44094014167786,-0.4000000059604645,4.0329999923706055,4.060999870300293,4.058000087738037,4.061999797821045,4.063000202178955,4.066999912261963,nan,nan,nan,nan,nan,nan,nan,nan,nan,nan,nan,nan
79.60177969932556,-0.4000000059604645,4.0329999923706055,4.060999870300293,4.059000015258789,4.061999797821045,4.063000202178955,4.066999912261963,nan,nan,nan,nan,nan,nan,nan,nan,nan,nan,nan,nan
79.78291368484497,-0.4000000059604645,4.0329999923706055,4.060999870300293,4.058000087738037,4.061999797821045,4.063000202178955,4.066999912261963,nan,nan,nan,nan,nan,nan,nan,nan,nan,nan,nan,nan
79.9605164527893,-0.38999998569488525,4.0329999923706055,4.060999870300293,4.058000087738037,4.063000202178955,4.063000202178955,4.066999912261963,nan,nan,nan,nan,nan,nan,nan,nan,nan,nan,nan,nan
80.12217164039612,-0.3799999952316284,4.0329999923706055,4.060999870300293,4.058000087738037,4.061999797821045,4.063000202178955,4.065999984741211,nan,nan,nan,nan,nan,nan,nan,nan,nan,nan,nan,nan
80.30198192596436,-0.4000000059604645,4.0329999923706055,4.060999870300293,4.058000087738037,4.063000202178955,4.063000202178955,4.066999912261963,nan,nan,nan,nan,nan,nan,nan,nan,nan,nan,nan,nan
80.46167731285095,-0.4000000059604645,4.0329999923706055,4.060999870300293,4.058000087738037,4.061999797821045,4.063000202178955,4.066999912261963,nan,nan,nan,nan,nan,nan,nan,nan,nan,nan,nan,nan
80.64188838005066,-0.4000000059604645,4.0329999923706055,4.060999870300293,4.058000087738037,4.061999797821045,4.063000202178955,4.065999984741211,nan,nan,nan,nan,nan,nan,nan,nan,nan,nan,nan,nan
80.82177996635437,-0.4000000059604645,4.0329999923706055,4.060999870300293,4.059000015258789,4.061999797821045,4.063000202178955,4.065999984741211,nan,nan,nan,nan,nan,nan,nan,nan,nan,nan,nan,nan
80.98133850097656,-0.4099999964237213,4.0329999923706055,4.060999870300293,4.058000087738037,4.061999797821045,4.063000202178955,4.066999912261963,nan,nan,nan,nan,nan,nan,nan,nan,nan,nan,nan,nan
81.1615219116211,-0.4000000059604645,4.0329999923706055,4.060999870300293,4.059000015258789,4.061999797821045,4.063000202178955,4.066999912261963,nan,nan,nan,nan,nan,nan,nan,nan,nan,nan,nan,nan
81.3210961818695,-0.4000000059604645,4.0329999923706055,4.060999870300293,4.059000015258789,4.061999797821045,4.063000202178955,4.066999912261963,nan,nan,nan,nan,nan,nan,nan,nan,nan,nan,nan,nan
81.50166487693787,-0.4000000059604645,4.0329999923706055,4.060999870300293,4.058000087738037,4.061999797821045,4.063000202178955,4.066999912261963,nan,nan,nan,nan,nan,nan,nan,nan,nan,nan,nan,nan
81.68171405792236,-0.38999998569488525,4.0329999923706055,4.060999870300293,4.058000087738037,4.061999797821045,4.063000202178955,4.065999984741211,nan,nan,nan,nan,nan,nan,nan,nan,nan,nan,nan,nan
81.84264802932739,-0.4099999964237213,4.0329999923706055,4.060999870300293,4.058000087738037,4.061999797821045,4.063000202178955,4.066999912261963,nan,nan,nan,nan,nan,nan,nan,nan,nan,nan,nan,nan
82.02141499519348,-0.4000000059604645,4.0329999923706055,4.060999870300293,4.059000015258789,4.061999797821045,4.063000202178955,4.065999984741211,nan,nan,nan,nan,nan,nan,nan,nan,nan,nan,nan,nan
82.20168805122375,-0.38999998569488525,4.0329999923706055,4.060999870300293,4.059000015258789,4.061999797821045,4.063000202178955,4.065999984741211,nan,nan,nan,nan,nan,nan,nan,nan,nan,nan,nan,nan
82.3612129688263,-0.4099999964237213,4.0329999923706055,4.060999870300293,4.058000087738037,4.063000202178955,4.063000202178955,4.066999912261963,nan,nan,nan,nan,nan,nan,nan,nan,nan,nan,nan,nan
82.54152345657349,-0.4000000059604645,4.0329999923706055,4.060999870300293,4.058000087738037,4.061999797821045,4.063000202178955,4.065999984741211,nan,nan,nan,nan,nan,nan,nan,nan,nan,nan,nan,nan
82.70218920707703,-0.4000000059604645,4.0329999923706055,4.060999870300293,4.058000087738037,4.061999797821045,4.063000202178955,4.065999984741211,nan,nan,nan,nan,nan,nan,nan,nan,nan,nan,nan,nan
82.88151359558105,-0.41999998688697815,4.0329999923706055,4.060999870300293,4.058000087738037,4.061999797821045,4.063000202178955,4.065999984741211,nan,nan,nan,nan,nan,nan,nan,nan,nan,nan,nan,nan
83.06100630760193,-0.4000000059604645,4.0329999923706055,4.060999870300293,4.058000087738037,4.061999797821045,4.063000202178955,4.066999912261963,nan,nan,nan,nan,nan,nan,nan,nan,nan,nan,nan,nan
83.2208023071289,-0.4000000059604645,4.0329999923706055,4.060999870300293,4.059000015258789,4.061999797821045,4.063000202178955,4.066999912261963,nan,nan,nan,nan,nan,nan,nan,nan,nan,nan,nan,nan
83.4010591506958,-0.4099999964237213,4.0329999923706055,4.060999870300293,4.058000087738037,4.061999797821045,4.063000202178955,4.065999984741211,nan,nan,nan,nan,nan,nan,nan,nan,nan,nan,nan,nan
83.56220316886902,-0.4099999964237213,4.0329999923706055,4.060999870300293,4.058000087738037,4.061999797821045,4.063000202178955,4.066999912261963,nan,nan,nan,nan,nan,nan,nan,nan,nan,nan,nan,nan
83.74108338356018,-0.4000000059604645,4.0329999923706055,4.060999870300293,4.058000087738037,4.061999797821045,4.063000202178955,4.065999984741211,nan,nan,nan,nan,nan,nan,nan,nan,nan,nan,nan,nan
83.92125868797302,-0.4000000059604645,4.0329999923706055,4.060999870300293,4.059000015258789,4.061999797821045,4.063000202178955,4.065999984741211,nan,nan,nan,nan,nan,nan,nan,nan,nan,nan,nan,nan
84.08077716827393,-0.4099999964237213,4.0329999923706055,4.060999870300293,4.059000015258789,4.061999797821045,4.063000202178955,4.065999984741211,nan,nan,nan,nan,nan,nan,nan,nan,nan,nan,nan,nan
84.2611653804779,-0.4000000059604645,4.0329999923706055,4.060999870300293,4.059000015258789,4.061999797821045,4.063000202178955,4.065999984741211,nan,nan,nan,nan,nan,nan,nan,nan,nan,nan,nan,nan
84.44146180152893,-0.4000000059604645,4.0329999923706055,4.060999870300293,4.058000087738037,4.061999797821045,4.063000202178955,4.066999912261963,nan,nan,nan,nan,nan,nan,nan,nan,nan,nan,nan,nan
84.60098814964294,-0.4000000059604645,4.0329999923706055,4.060999870300293,4.058000087738037,4.061999797821045,4.063000202178955,4.065999984741211,nan,nan,nan,nan,nan,nan,nan,nan,nan,nan,nan,nan
84.78110766410828,-0.3799999952316284,4.0329999923706055,4.060999870300293,4.058000087738037,4.061999797821045,4.063000202178955,4.066999912261963,nan,nan,nan,nan,nan,nan,nan,nan,nan,nan,nan,nan
84.94157314300537,-0.4099999964237213,4.0329999923706055,4.060999870300293,4.058000087738037,4.061999797821045,4.063000202178955,4.066999912261963,nan,nan,nan,nan,nan,nan,nan,nan,nan,nan,nan,nan
85.12176966667175,-0.4000000059604645,4.0329999923706055,4.060999870300293,4.058000087738037,4.061999797821045,4.063000202178955,4.066999912261963,nan,nan,nan,nan,nan,nan,nan,nan,nan,nan,nan,nan
85.30051803588867,-0.4000000059604645,4.0329999923706055,4.060999870300293,4.058000087738037,4.061999797821045,4.063000202178955,4.066999912261963,nan,nan,nan,nan,nan,nan,nan,nan,nan,nan,nan,nan
85.46164131164551,-0.4000000059604645,4.0329999923706055,4.060999870300293,4.058000087738037,4.061999797821045,4.063000202178955,4.065999984741211,nan,nan,nan,nan,nan,nan,nan,nan,nan,nan,nan,nan
85.64023065567017,-0.38999998569488525,4.0329999923706055,4.060999870300293,4.058000087738037,4.061999797821045,4.063000202178955,4.065999984741211,nan,nan,nan,nan,nan,nan,nan,nan,nan,nan,nan,nan
85.80138516426086,-0.4000000059604645,4.0329999923706055,4.060999870300293,4.058000087738037,4.061999797821045,4.063000202178955,4.065999984741211,nan,nan,nan,nan,nan,nan,nan,nan,nan,nan,nan,nan
85.98178291320801,-0.4399999976158142,4.0329999923706055,4.060999870300293,4.058000087738037,4.061999797821045,4.063000202178955,4.066999912261963,nan,nan,nan,nan,nan,nan,nan,nan,nan,nan,nan,nan
86.16189956665039,-0.41999998688697815,4.0329999923706055,4.060999870300293,4.059000015258789,4.061999797821045,4.063000202178955,4.066999912261963,nan,nan,nan,nan,nan,nan,nan,nan,nan,nan,nan,nan
86.32155418395996,-0.4000000059604645,4.0329999923706055,4.060999870300293,4.059000015258789,4.061999797821045,4.063000202178955,4.065999984741211,nan,nan,nan,nan,nan,nan,nan,nan,nan,nan,nan,nan
86.50217056274414,-0.4000000059604645,4.0329999923706055,4.060999870300293,4.058000087738037,4.061999797821045,4.063000202178955,4.065999984741211,nan,nan,nan,nan,nan,nan,nan,nan,nan,nan,nan,nan
86.66098642349243,-0.4000000059604645,4.0329999923706055,4.060999870300293,4.058000087738037,4.061999797821045,4.063000202178955,4.065999984741211,nan,nan,nan,nan,nan,nan,nan,nan,nan,nan,nan,nan
86.84152674674988,-0.4000000059604645,4.0329999923706055,4.060999870300293,4.058000087738037,4.061999797821045,4.063000202178955,4.065999984741211,nan,nan,nan,nan,nan,nan,nan,nan,nan,nan,nan,nan
87.02193140983582,-0.4000000059604645,4.0329999923706055,4.060999870300293,4.059000015258789,4.061999797821045,4.063000202178955,4.065999984741211,nan,nan,nan,nan,nan,nan,nan,nan,nan,nan,nan,nan
87.18127989768982,-0.38999998569488525,4.0329999923706055,4.060999870300293,4.058000087738037,4.061999797821045,4.063000202178955,4.066999912261963,nan,nan,nan,nan,nan,nan,nan,nan,nan,nan,nan,nan
87.36177849769592,-0.4099999964237213,4.0329999923706055,4.060999870300293,4.058000087738037,4.061999797821045,4.063000202178955,4.065999984741211,nan,nan,nan,nan,nan,nan,nan,nan,nan,nan,nan,nan
87.5405478477478,-0.4000000059604645,4.0329999923706055,4.060999870300293,4.059000015258789,4.061999797821045,4.063000202178955,4.065999984741211,nan,nan,nan,nan,nan,nan,nan,nan,nan,nan,nan,nan
87.701486825943,-0.4000000059604645,4.0329999923706055,4.060999870300293,4.058000087738037,4.061999797821045,4.063000202178955,4.066999912261963,nan,nan,nan,nan,nan,nan,nan,nan,nan,nan,nan,nan
87.88186240196228,-0.38999998569488525,4.0329999923706055,4.060999870300293,4.058000087738037,4.061999797821045,4.063000202178955,4.066999912261963,nan,nan,nan,nan,nan,nan,nan,nan,nan,nan,nan,nan
88.04132890701294,-0.4099999964237213,4.0329999923706055,4.060999870300293,4.058000087738037,4.061999797821045,4.063000202178955,4.065999984741211,nan,nan,nan,nan,nan,nan,nan,nan,nan,nan,nan,nan
88.221750497818,-0.4000000059604645,4.0329999923706055,4.060999870300293,4.058000087738037,4.061999797821045,4.063000202178955,4.066999912261963,nan,nan,nan,nan,nan,nan,nan,nan,nan,nan,nan,nan
88.40200233459473,-0.4099999964237213,4.0329999923706055,4.060999870300293,4.058000087738037,4.061999797821045,4.063000202178955,4.065999984741211,nan,nan,nan,nan,nan,nan,nan,nan,nan,nan,nan,nan
88.56180834770203,-0.4000000059604645,4.0329999923706055,4.060999870300293,4.058000087738037,4.061999797821045,4.063000202178955,4.066999912261963,nan,nan,nan,nan,nan,nan,nan,nan,nan,nan,nan,nan
88.7415988445282,-0.4000000059604645,4.0329999923706055,4.060999870300293,4.058000087738037,4.061999797821045,4.063000202178955,4.065999984741211,nan,nan,nan,nan,nan,nan,nan,nan,nan,nan,nan,nan
88.90108799934387,-0.4000000059604645,4.0329999923706055,4.060999870300293,4.058000087738037,4.061999797821045,4.063000202178955,4.065999984741211,nan,nan,nan,nan,nan,nan,nan,nan,nan,nan,nan,nan
89.0829725265503,-0.4000000059604645,4.0329999923706055,4.060999870300293,4.058000087738037,4.061999797821045,4.063000202178955,4.066999912261963,nan,nan,nan,nan,nan,nan,nan,nan,nan,nan,nan,nan
89.26181173324585,-0.4000000059604645,4.0329999923706055,4.060999870300293,4.058000087738037,4.061999797821045,4.063000202178955,4.066999912261963,nan,nan,nan,nan,nan,nan,nan,nan,nan,nan,nan,nan
89.4213011264801,-0.4000000059604645,4.0329999923706055,4.060999870300293,4.058000087738037,4.061999797821045,4.063000202178955,4.065999984741211,nan,nan,nan,nan,nan,nan,nan,nan,nan,nan,nan,nan
89.60160064697266,-0.38999998569488525,4.0329999923706055,4.060999870300293,4.058000087738037,4.061999797821045,4.063000202178955,4.065999984741211,nan,nan,nan,nan,nan,nan,nan,nan,nan,nan,nan,nan
89.78037452697754,-0.4000000059604645,4.0329999923706055,4.060999870300293,4.058000087738037,4.061999797821045,4.063000202178955,4.066999912261963,nan,nan,nan,nan,nan,nan,nan,nan,nan,nan,nan,nan
89.94157528877258,-0.38999998569488525,4.0320000648498535,4.060999870300293,4.058000087738037,4.061999797821045,4.063000202178955,4.066999912261963,nan,nan,nan,nan,nan,nan,nan,nan,nan,nan,nan,nan
90.12044358253479,-0.4000000059604645,4.0329999923706055,4.060999870300293,4.058000087738037,4.061999797821045,4.061999797821045,4.065999984741211,nan,nan,nan,nan,nan,nan,nan,nan,nan,nan,nan,nan
90.28159832954407,-0.4000000059604645,4.0329999923706055,4.060999870300293,4.058000087738037,4.061999797821045,4.063000202178955,4.065999984741211,nan,nan,nan,nan,nan,nan,nan,nan,nan,nan,nan,nan
90.46034860610962,-0.4099999964237213,4.0320000648498535,4.060999870300293,4.058000087738037,4.061999797821045,4.063000202178955,4.065999984741211,nan,nan,nan,nan,nan,nan,nan,nan,nan,nan,nan,nan
90.64046430587769,-0.4099999964237213,4.0329999923706055,4.060999870300293,4.058000087738037,4.061999797821045,4.063000202178955,4.065999984741211,nan,nan,nan,nan,nan,nan,nan,nan,nan,nan,nan,nan
90.80185294151306,-0.4000000059604645,4.0320000648498535,4.060999870300293,4.058000087738037,4.061999797821045,4.063000202178955,4.065999984741211,nan,nan,nan,nan,nan,nan,nan,nan,nan,nan,nan,nan
90.98052453994751,-0.38999998569488525,4.0329999923706055,4.060999870300293,4.058000087738037,4.061999797821045,4.063000202178955,4.065999984741211,nan,nan,nan,nan,nan,nan,nan,nan,nan,nan,nan,nan
91.16109323501587,-0.4000000059604645,4.0329999923706055,4.060999870300293,4.059000015258789,4.061999797821045,4.063000202178955,4.065999984741211,nan,nan,nan,nan,nan,nan,nan,nan,nan,nan,nan,nan
91.32049894332886,-0.38999998569488525,4.0329999923706055,4.060999870300293,4.058000087738037,4.061999797821045,4.063000202178955,4.065999984741211,nan,nan,nan,nan,nan,nan,nan,nan,nan,nan,nan,nan
91.5012731552124,-0.41999998688697815,4.0329999923706055,4.060999870300293,4.058000087738037,4.061999797821045,4.063000202178955,4.065999984741211,nan,nan,nan,nan,nan,nan,nan,nan,nan,nan,nan,nan
91.66160345077515,-0.4099999964237213,4.0329999923706055,4.060999870300293,4.058000087738037,4.061999797821045,4.063000202178955,4.065999984741211,nan,nan,nan,nan,nan,nan,nan,nan,nan,nan,nan,nan
91.84212613105774,-0.38999998569488525,4.0329999923706055,4.060999870300293,4.058000087738037,4.061999797821045,4.063000202178955,4.066999912261963,nan,nan,nan,nan,nan,nan,nan,nan,nan,nan,nan,nan
92.02080249786377,-0.41999998688697815,4.0329999923706055,4.060999870300293,4.058000087738037,4.061999797821045,4.063000202178955,4.065999984741211,nan,nan,nan,nan,nan,nan,nan,nan,nan,nan,nan,nan
92.1816303730011,-0.4099999964237213,4.0329999923706055,4.060999870300293,4.058000087738037,4.061999797821045,4.063000202178955,4.065999984741211,nan,nan,nan,nan,nan,nan,nan,nan,nan,nan,nan,nan
92.36195993423462,-0.4000000059604645,4.0329999923706055,4.060999870300293,4.058000087738037,4.061999797821045,4.061999797821045,4.065999984741211,nan,nan,nan,nan,nan,nan,nan,nan,nan,nan,nan,nan
92.52168583869934,-0.4000000059604645,4.0329999923706055,4.060999870300293,4.058000087738037,4.063000202178955,4.063000202178955,4.065999984741211,nan,nan,nan,nan,nan,nan,nan,nan,nan,nan,nan,nan
92.70202660560608,-0.3799999952316284,4.0320000648498535,4.060999870300293,4.058000087738037,4.061999797821045,4.063000202178955,4.065999984741211,nan,nan,nan,nan,nan,nan,nan,nan,nan,nan,nan,nan
92.88224124908447,-0.4000000059604645,4.0320000648498535,4.060999870300293,4.058000087738037,4.061999797821045,4.063000202178955,4.065999984741211,nan,nan,nan,nan,nan,nan,nan,nan,nan,nan,nan,nan
93.04162240028381,-0.4000000059604645,4.0329999923706055,4.059999942779541,4.058000087738037,4.061999797821045,4.063000202178955,4.065999984741211,nan,nan,nan,nan,nan,nan,nan,nan,nan,nan,nan,nan
93.22170042991638,-0.3799999952316284,4.0329999923706055,4.060999870300293,4.058000087738037,4.061999797821045,4.063000202178955,4.065999984741211,nan,nan,nan,nan,nan,nan,nan,nan,nan,nan,nan,nan
93.40061664581299,-0.4000000059604645,4.0329999923706055,4.060999870300293,4.058000087738037,4.061999797821045,4.063000202178955,4.065999984741211,nan,nan,nan,nan,nan,nan,nan,nan,nan,nan,nan,nan
93.5615496635437,-0.4000000059604645,4.0320000648498535,4.060999870300293,4.058000087738037,4.061999797821045,4.061999797821045,4.065999984741211,nan,nan,nan,nan,nan,nan,nan,nan,nan,nan,nan,nan
93.74159741401672,-0.4000000059604645,4.0320000648498535,4.060999870300293,4.058000087738037,4.061999797821045,4.061999797821045,4.066999912261963,nan,nan,nan,nan,nan,nan,nan,nan,nan,nan,nan,nan
93.90273237228394,-0.4000000059604645,4.0329999923706055,4.060999870300293,4.058000087738037,4.061999797821045,4.061999797821045,4.065999984741211,nan,nan,nan,nan,nan,nan,nan,nan,nan,nan,nan,nan
94.08123707771301,-0.4000000059604645,4.0329999923706055,4.060999870300293,4.058000087738037,4.061999797821045,4.063000202178955,4.065999984741211,nan,nan,nan,nan,nan,nan,nan,nan,nan,nan,nan,nan
94.26143026351929,-0.4000000059604645,4.0320000648498535,4.060999870300293,4.058000087738037,4.061999797821045,4.063000202178955,4.066999912261963,nan,nan,nan,nan,nan,nan,nan,nan,nan,nan,nan,nan
94.42223978042603,-0.4000000059604645,4.0329999923706055,4.060999870300293,4.058000087738037,4.061999797821045,4.063000202178955,4.065999984741211,nan,nan,nan,nan,nan,nan,nan,nan,nan,nan,nan,nan
94.60266184806824,-0.4000000059604645,4.0320000648498535,4.060999870300293,4.058000087738037,4.061999797821045,4.063000202178955,4.065999984741211,nan,nan,nan,nan,nan,nan,nan,nan,nan,nan,nan,nan
94.76316428184509,-0.4000000059604645,4.0329999923706055,4.060999870300293,4.058000087738037,4.061999797821045,4.063000202178955,4.065999984741211,nan,nan,nan,nan,nan,nan,nan,nan,nan,nan,nan,nan
94.94352340698242,-0.4099999964237213,4.0329999923706055,4.060999870300293,4.058000087738037,4.061999797821045,4.063000202178955,4.065999984741211,nan,nan,nan,nan,nan,nan,nan,nan,nan,nan,nan,nan
95.1233057975769,-0.4000000059604645,4.0320000648498535,4.060999870300293,4.058000087738037,4.061999797821045,4.063000202178955,4.065999984741211,nan,nan,nan,nan,nan,nan,nan,nan,nan,nan,nan,nan
95.28281092643738,-0.4000000059604645,4.0329999923706055,4.060999870300293,4.058000087738037,4.061999797821045,4.063000202178955,4.065999984741211,nan,nan,nan,nan,nan,nan,nan,nan,nan,nan,nan,nan
95.4617109298706,-0.4000000059604645,4.0329999923706055,4.060999870300293,4.058000087738037,4.061999797821045,4.063000202178955,4.065999984741211,nan,nan,nan,nan,nan,nan,nan,nan,nan,nan,nan,nan
95.62096333503723,-0.38999998569488525,4.0329999923706055,4.060999870300293,4.058000087738037,4.061999797821045,4.061999797821045,4.065999984741211,nan,nan,nan,nan,nan,nan,nan,nan,nan,nan,nan,nan
95.80278730392456,-0.4000000059604645,4.0320000648498535,4.060999870300293,4.058000087738037,4.061999797821045,4.061999797821045,4.065999984741211,nan,nan,nan,nan,nan,nan,nan,nan,nan,nan,nan,nan
95.98145151138306,-0.4000000059604645,4.0320000648498535,4.060999870300293,4.058000087738037,4.061999797821045,4.061999797821045,4.065999984741211,nan,nan,nan,nan,nan,nan,nan,nan,nan,nan,nan,nan
96.14109110832214,-0.4399999976158142,4.0329999923706055,4.060999870300293,4.058000087738037,4.061999797821045,4.063000202178955,4.066999912261963,nan,nan,nan,nan,nan,nan,nan,nan,nan,nan,nan,nan
96.32286477088928,-0.4099999964237213,4.0320000648498535,4.060999870300293,4.058000087738037,4.061999797821045,4.061999797821045,4.065999984741211,nan,nan,nan,nan,nan,nan,nan,nan,nan,nan,nan,nan
96.4810152053833,-0.38999998569488525,4.0320000648498535,4.060999870300293,4.058000087738037,4.061999797821045,4.063000202178955,4.065999984741211,nan,nan,nan,nan,nan,nan,nan,nan,nan,nan,nan,nan
96.66100573539734,-0.4000000059604645,4.0320000648498535,4.060999870300293,4.058000087738037,4.061999797821045,4.063000202178955,4.065999984741211,nan,nan,nan,nan,nan,nan,nan,nan,nan,nan,nan,nan
96.84128069877625,-0.4099999964237213,4.0320000648498535,4.060999870300293,4.058000087738037,4.061999797821045,4.063000202178955,4.065999984741211,nan,nan,nan,nan,nan,nan,nan,nan,nan,nan,nan,nan
97.00057792663574,-0.38999998569488525,4.0320000648498535,4.060999870300293,4.058000087738037,4.061999797821045,4.063000202178955,4.065999984741211,nan,nan,nan,nan,nan,nan,nan,nan,nan,nan,nan,nan
97.18102478981018,-0.4000000059604645,4.0320000648498535,4.060999870300293,4.058000087738037,4.061999797821045,4.061999797821045,4.065999984741211,nan,nan,nan,nan,nan,nan,nan,nan,nan,nan,nan,nan
97.36305713653564,-0.4099999964237213,4.0329999923706055,4.060999870300293,4.058000087738037,4.061999797821045,4.061999797821045,4.065999984741211,nan,nan,nan,nan,nan,nan,nan,nan,nan,nan,nan,nan
97.52100205421448,-0.4000000059604645,4.0320000648498535,4.060999870300293,4.058000087738037,4.061999797821045,4.061999797821045,4.065999984741211,nan,nan,nan,nan,nan,nan,nan,nan,nan,nan,nan,nan
97.70091104507446,-0.4000000059604645,4.0320000648498535,4.059999942779541,4.058000087738037,4.061999797821045,4.063000202178955,4.065999984741211,nan,nan,nan,nan,nan,nan,nan,nan,nan,nan,nan,nan
97.86198496818542,-0.4000000059604645,4.0320000648498535,4.060999870300293,4.058000087738037,4.061999797821045,4.063000202178955,4.065999984741211,nan,nan,nan,nan,nan,nan,nan,nan,nan,nan,nan,nan
98.04084777832031,-0.3799999952316284,4.0320000648498535,4.060999870300293,4.058000087738037,4.061999797821045,4.061999797821045,4.065999984741211,nan,nan,nan,nan,nan,nan,nan,nan,nan,nan,nan,nan
98.22116303443909,-0.4000000059604645,4.0320000648498535,4.060999870300293,4.058000087738037,4.061999797821045,4.061999797821045,4.065999984741211,nan,nan,nan,nan,nan,nan,nan,nan,nan,nan,nan,nan
98.38042616844177,-0.4000000059604645,4.0320000648498535,4.060999870300293,4.058000087738037,4.061999797821045,4.063000202178955,4.065999984741211,nan,nan,nan,nan,nan,nan,nan,nan,nan,nan,nan,nan
98.56371593475342,-0.4000000059604645,4.0320000648498535,4.060999870300293,4.058000087738037,4.061999797821045,4.063000202178955,4.065999984741211,nan,nan,nan,nan,nan,nan,nan,nan,nan,nan,nan,nan
98.72228837013245,-0.38999998569488525,4.0320000648498535,4.060999870300293,4.058000087738037,4.061999797821045,4.061999797821045,4.065999984741211,nan,nan,nan,nan,nan,nan,nan,nan,nan,nan,nan,nan
98.90178942680359,-0.4099999964237213,4.0320000648498535,4.060999870300293,4.058000087738037,4.061999797821045,4.063000202178955,4.065999984741211,nan,nan,nan,nan,nan,nan,nan,nan,nan,nan,nan,nan
99.08203506469727,-0.38999998569488525,4.0320000648498535,4.060999870300293,4.058000087738037,4.061999797821045,4.063000202178955,4.065999984741211,nan,nan,nan,nan,nan,nan,nan,nan,nan,nan,nan,nan
99.24142384529114,-0.4000000059604645,4.0320000648498535,4.060999870300293,4.058000087738037,4.061999797821045,4.061999797821045,4.065999984741211,nan,nan,nan,nan,nan,nan,nan,nan,nan,nan,nan,nan
99.42186045646667,-0.4000000059604645,4.0320000648498535,4.059999942779541,4.058000087738037,4.061999797821045,4.061999797821045,4.065999984741211,nan,nan,nan,nan,nan,nan,nan,nan,nan,nan,nan,nan
99.6020040512085,-0.38999998569488525,4.0320000648498535,4.060999870300293,4.058000087738037,4.061999797821045,4.061999797821045,4.065999984741211,nan,nan,nan,nan,nan,nan,nan,nan,nan,nan,nan,nan
99.76186800003052,-0.3799999952316284,4.0320000648498535,4.060999870300293,4.058000087738037,4.061999797821045,4.063000202178955,4.065999984741211,nan,nan,nan,nan,nan,nan,nan,nan,nan,nan,nan,nan
99.94389533996582,-0.4099999964237213,4.0320000648498535,4.060999870300293,4.058000087738037,4.061999797821045,4.063000202178955,4.065999984741211,nan,nan,nan,nan,nan,nan,nan,nan,nan,nan,nan,nan
100.10299181938171,-0.4000000059604645,4.0320000648498535,4.060999870300293,4.058000087738037,4.061999797821045,4.061999797821045,4.065999984741211,nan,nan,nan,nan,nan,nan,nan,nan,nan,nan,nan,nan
100.2819230556488,-0.4000000059604645,4.0320000648498535,4.060999870300293,4.058000087738037,4.061999797821045,4.061999797821045,4.065999984741211,nan,nan,nan,nan,nan,nan,nan,nan,nan,nan,nan,nan
100.46221971511841,-0.4000000059604645,4.0320000648498535,4.060999870300293,4.058000087738037,4.061999797821045,4.061999797821045,4.065999984741211,nan,nan,nan,nan,nan,nan,nan,nan,nan,nan,nan,nan
100.6215717792511,-0.4000000059604645,4.0329999923706055,4.060999870300293,4.058000087738037,4.061999797821045,4.061999797821045,4.065999984741211,nan,nan,nan,nan,nan,nan,nan,nan,nan,nan,nan,nan
100.80227708816528,-0.4000000059604645,4.0320000648498535,4.059999942779541,4.058000087738037,4.061999797821045,4.063000202178955,4.065999984741211,nan,nan,nan,nan,nan,nan,nan,nan,nan,nan,nan,nan
100.96278953552246,-0.4000000059604645,4.0320000648498535,4.060999870300293,4.058000087738037,4.061999797821045,4.061999797821045,4.065999984741211,nan,nan,nan,nan,nan,nan,nan,nan,nan,nan,nan,nan
101.14259171485901,-0.4000000059604645,4.0320000648498535,4.060999870300293,4.058000087738037,4.061999797821045,4.061999797821045,4.065999984741211,nan,nan,nan,nan,nan,nan,nan,nan,nan,nan,nan,nan
101.32181406021118,-0.4000000059604645,4.0320000648498535,4.060999870300293,4.058000087738037,4.061999797821045,4.061999797821045,4.065999984741211,nan,nan,nan,nan,nan,nan,nan,nan,nan,nan,nan,nan
101.48202753067017,-0.4000000059604645,4.0329999923706055,4.060999870300293,4.058000087738037,4.061999797821045,4.061999797821045,4.065999984741211,nan,nan,nan,nan,nan,nan,nan,nan,nan,nan,nan,nan
101.6623010635376,-0.4099999964237213,4.0320000648498535,4.060999870300293,4.058000087738037,4.061999797821045,4.061999797821045,4.065999984741211,nan,nan,nan,nan,nan,nan,nan,nan,nan,nan,nan,nan
101.82349109649658,-0.4000000059604645,4.0329999923706055,4.059999942779541,4.058000087738037,4.061999797821045,4.061999797821045,4.065999984741211,nan,nan,nan,nan,nan,nan,nan,nan,nan,nan,nan,nan
102.00171971321106,-0.4000000059604645,4.0320000648498535,4.060999870300293,4.058000087738037,4.061999797821045,4.061999797821045,4.065999984741211,nan,nan,nan,nan,nan,nan,nan,nan,nan,nan,nan,nan
102.18200254440308,-0.4000000059604645,4.0320000648498535,4.060999870300293,4.058000087738037,4.061999797821045,4.061999797821045,4.065999984741211,nan,nan,nan,nan,nan,nan,nan,nan,nan,nan,nan,nan
102.34200382232666,-0.4000000059604645,4.0320000648498535,4.060999870300293,4.058000087738037,4.061999797821045,4.061999797821045,4.065999984741211,nan,nan,nan,nan,nan,nan,nan,nan,nan,nan,nan,nan
102.52193570137024,-0.4000000059604645,4.0320000648498535,4.060999870300293,4.058000087738037,4.061999797821045,4.061999797821045,4.065999984741211,nan,nan,nan,nan,nan,nan,nan,nan,nan,nan,nan,nan
102.68274903297424,-0.4000000059604645,4.0320000648498535,4.060999870300293,4.058000087738037,4.061999797821045,4.061999797821045,4.065999984741211,nan,nan,nan,nan,nan,nan,nan,nan,nan,nan,nan,nan
102.86141514778137,-0.4099999964237213,4.0320000648498535,4.060999870300293,4.058000087738037,4.061999797821045,4.061999797821045,4.065999984741211,nan,nan,nan,nan,nan,nan,nan,nan,nan,nan,nan,nan
103.04153203964233,-0.4000000059604645,4.0320000648498535,4.060999870300293,4.058000087738037,4.061999797821045,4.061999797821045,4.065999984741211,nan,nan,nan,nan,nan,nan,nan,nan,nan,nan,nan,nan
103.20117139816284,-0.38999998569488525,4.0320000648498535,4.059999942779541,4.058000087738037,4.061999797821045,4.063000202178955,4.065999984741211,nan,nan,nan,nan,nan,nan,nan,nan,nan,nan,nan,nan
103.38140034675598,-0.4099999964237213,4.0320000648498535,4.060999870300293,4.058000087738037,4.061999797821045,4.063000202178955,4.065999984741211,nan,nan,nan,nan,nan,nan,nan,nan,nan,nan,nan,nan
103.56142473220825,-0.4099999964237213,4.0320000648498535,4.059999942779541,4.058000087738037,4.061999797821045,4.061999797821045,4.065999984741211,nan,nan,nan,nan,nan,nan,nan,nan,nan,nan,nan,nan
103.7222695350647,-0.3799999952316284,4.0320000648498535,4.059999942779541,4.058000087738037,4.061999797821045,4.061999797821045,4.065999984741211,nan,nan,nan,nan,nan,nan,nan,nan,nan,nan,nan,nan
103.90130591392517,-0.38999998569488525,4.0320000648498535,4.060999870300293,4.058000087738037,4.061999797821045,4.061999797821045,4.065999984741211,nan,nan,nan,nan,nan,nan,nan,nan,nan,nan,nan,nan
104.06194972991943,-0.4099999964237213,4.0320000648498535,4.059999942779541,4.058000087738037,4.061999797821045,4.061999797821045,4.065999984741211,nan,nan,nan,nan,nan,nan,nan,nan,nan,nan,nan,nan
104.24219679832458,-0.38999998569488525,4.0320000648498535,4.059999942779541,4.058000087738037,4.061999797821045,4.061999797821045,4.065999984741211,nan,nan,nan,nan,nan,nan,nan,nan,nan,nan,nan,nan
104.42269921302795,-0.4099999964237213,4.0320000648498535,4.060999870300293,4.058000087738037,4.061999797821045,4.063000202178955,4.065999984741211,nan,nan,nan,nan,nan,nan,nan,nan,nan,nan,nan,nan
104.58047652244568,-0.4000000059604645,4.0320000648498535,4.060999870300293,4.058000087738037,4.061999797821045,4.061999797821045,4.065999984741211,nan,nan,nan,nan,nan,nan,nan,nan,nan,nan,nan,nan
104.76107573509216,-0.4000000059604645,4.0320000648498535,4.059999942779541,4.058000087738037,4.061999797821045,4.061999797821045,4.065999984741211,nan,nan,nan,nan,nan,nan,nan,nan,nan,nan,nan,nan
104.92177391052246,-0.4000000059604645,4.0320000648498535,4.060999870300293,4.058000087738037,4.061999797821045,4.061999797821045,4.065999984741211,nan,nan,nan,nan,nan,nan,nan,nan,nan,nan,nan,nan
105.10213088989258,-0.38999998569488525,4.0320000648498535,4.060999870300293,4.058000087738037,4.061999797821045,4.061999797821045,4.065999984741211,nan,nan,nan,nan,nan,nan,nan,nan,nan,nan,nan,nan
105.28244686126709,-0.4000000059604645,4.0320000648498535,4.060999870300293,4.058000087738037,4.061999797821045,4.061999797821045,4.065999984741211,nan,nan,nan,nan,nan,nan,nan,nan,nan,nan,nan,nan
105.44184827804565,-0.4000000059604645,4.0320000648498535,4.059999942779541,4.058000087738037,4.061999797821045,4.061999797821045,4.065999984741211,nan,nan,nan,nan,nan,nan,nan,nan,nan,nan,nan,nan
105.62185716629028,-0.4099999964237213,4.0320000648498535,4.060999870300293,4.058000087738037,4.061999797821045,4.061999797821045,4.065999984741211,nan,nan,nan,nan,nan,nan,nan,nan,nan,nan,nan,nan
105.80204010009766,-0.4000000059604645,4.0320000648498535,4.059999942779541,4.058000087738037,4.060999870300293,4.061999797821045,4.065999984741211,nan,nan,nan,nan,nan,nan,nan,nan,nan,nan,nan,nan
105.96169066429138,-0.4000000059604645,4.0320000648498535,4.059999942779541,4.058000087738037,4.060999870300293,4.061999797821045,4.065999984741211,nan,nan,nan,nan,nan,nan,nan,nan,nan,nan,nan,nan
106.14167094230652,-0.4000000059604645,4.0320000648498535,4.059999942779541,4.058000087738037,4.061999797821045,4.061999797821045,4.065999984741211,nan,nan,nan,nan,nan,nan,nan,nan,nan,nan,nan,nan
106.30267643928528,-0.4099999964237213,4.0320000648498535,4.060999870300293,4.058000087738037,4.061999797821045,4.063000202178955,4.065999984741211,nan,nan,nan,nan,nan,nan,nan,nan,nan,nan,nan,nan
106.481454372406,-0.4099999964237213,4.0320000648498535,4.060999870300293,4.058000087738037,4.061999797821045,4.061999797821045,4.065999984741211,nan,nan,nan,nan,nan,nan,nan,nan,nan,nan,nan,nan
106.66181778907776,-0.4000000059604645,4.0320000648498535,4.060999870300293,4.058000087738037,4.061999797821045,4.061999797821045,4.065999984741211,nan,nan,nan,nan,nan,nan,nan,nan,nan,nan,nan,nan
106.82115578651428,-0.38999998569488525,4.0320000648498535,4.060999870300293,4.058000087738037,4.061999797821045,4.061999797821045,4.065999984741211,nan,nan,nan,nan,nan,nan,nan,nan,nan,nan,nan,nan
107.00132870674133,-0.4000000059604645,4.0320000648498535,4.060999870300293,4.058000087738037,4.061999797821045,4.061999797821045,4.065999984741211,nan,nan,nan,nan,nan,nan,nan,nan,nan,nan,nan,nan
107.16226506233215,-0.38999998569488525,4.0320000648498535,4.059999942779541,4.058000087738037,4.061999797821045,4.061999797821045,4.065999984741211,nan,nan,nan,nan,nan,nan,nan,nan,nan,nan,nan,nan
107.34110307693481,-0.4000000059604645,4.0320000648498535,4.060999870300293,4.057000160217285,4.061999797821045,4.061999797821045,4.065999984741211,nan,nan,nan,nan,nan,nan,nan,nan,nan,nan,nan,nan
107.52131009101868,-0.4000000059604645,4.0320000648498535,4.059999942779541,4.058000087738037,4.061999797821045,4.061999797821045,4.065999984741211,nan,nan,nan,nan,nan,nan,nan,nan,nan,nan,nan,nan
107.68285775184631,-0.4000000059604645,4.0320000648498535,4.059999942779541,4.058000087738037,4.061999797821045,4.061999797821045,4.065999984741211,nan,nan,nan,nan,nan,nan,nan,nan,nan,nan,nan,nan
107.86234068870544,-0.4300000071525574,4.0320000648498535,4.059999942779541,4.058000087738037,4.061999797821045,4.061999797821045,4.065999984741211,nan,nan,nan,nan,nan,nan,nan,nan,nan,nan,nan,nan
108.02167129516602,-0.4000000059604645,4.0320000648498535,4.059999942779541,4.058000087738037,4.061999797821045,4.061999797821045,4.065999984741211,nan,nan,nan,nan,nan,nan,nan,nan,nan,nan,nan,nan
108.2020673751831,-0.38999998569488525,4.0320000648498535,4.059999942779541,4.058000087738037,4.061999797821045,4.061999797821045,4.065999984741211,nan,nan,nan,nan,nan,nan,nan,nan,nan,nan,nan,nan
108.38195037841797,-0.4099999964237213,4.0320000648498535,4.060999870300293,4.058000087738037,4.061999797821045,4.061999797821045,4.065999984741211,nan,nan,nan,nan,nan,nan,nan,nan,nan,nan,nan,nan
108.54096555709839,-0.38999998569488525,4.0320000648498535,4.060999870300293,4.058000087738037,4.061999797821045,4.061999797821045,4.065999984741211,nan,nan,nan,nan,nan,nan,nan,nan,nan,nan,nan,nan
108.72270441055298,-0.4000000059604645,4.0320000648498535,4.060999870300293,4.058000087738037,4.061999797821045,4.061999797821045,4.065999984741211,nan,nan,nan,nan,nan,nan,nan,nan,nan,nan,nan,nan
108.88250398635864,-0.4099999964237213,4.0320000648498535,4.060999870300293,4.058000087738037,4.061999797821045,4.061999797821045,4.065999984741211,nan,nan,nan,nan,nan,nan,nan,nan,nan,nan,nan,nan
109.06225657463074,-0.4000000059604645,4.0320000648498535,4.059999942779541,4.058000087738037,4.061999797821045,4.061999797821045,4.065999984741211,nan,nan,nan,nan,nan,nan,nan,nan,nan,nan,nan,nan
109.24298477172852,-0.38999998569488525,4.0320000648498535,4.060999870300293,4.058000087738037,4.061999797821045,4.061999797821045,4.065999984741211,nan,nan,nan,nan,nan,nan,nan,nan,nan,nan,nan,nan
109.40216374397278,-0.4000000059604645,4.0320000648498535,4.059999942779541,4.058000087738037,4.061999797821045,4.061999797821045,4.065999984741211,nan,nan,nan,nan,nan,nan,nan,nan,nan,nan,nan,nan
109.58224248886108,-0.4000000059604645,4.0320000648498535,4.059999942779541,4.058000087738037,4.061999797821045,4.061999797821045,4.065999984741211,nan,nan,nan,nan,nan,nan,nan,nan,nan,nan,nan,nan
109.76237630844116,-0.38999998569488525,4.0320000648498535,4.060999870300293,4.058000087738037,4.061999797821045,4.061999797821045,4.065999984741211,nan,nan,nan,nan,nan,nan,nan,nan,nan,nan,nan,nan
109.92199969291687,-0.41999998688697815,4.0320000648498535,4.059999942779541,4.058000087738037,4.061999797821045,4.061999797821045,4.065999984741211,nan,nan,nan,nan,nan,nan,nan,nan,nan,nan,nan,nan
110.10211777687073,-0.4000000059604645,4.0320000648498535,4.060999870300293,4.058000087738037,4.061999797821045,4.061999797821045,4.065999984741211,nan,nan,nan,nan,nan,nan,nan,nan,nan,nan,nan,nan
110.26298904418945,-0.4000000059604645,4.0320000648498535,4.060999870300293,4.058000087738037,4.061999797821045,4.061999797821045,4.065999984741211,nan,nan,nan,nan,nan,nan,nan,nan,nan,nan,nan,nan
110.4418888092041,-0.4000000059604645,4.0320000648498535,4.059999942779541,4.058000087738037,4.061999797821045,4.061999797821045,4.065999984741211,nan,nan,nan,nan,nan,nan,nan,nan,nan,nan,nan,nan
110.62213134765625,-0.4000000059604645,4.0320000648498535,4.059999942779541,4.058000087738037,4.061999797821045,4.061999797821045,4.065999984741211,nan,nan,nan,nan,nan,nan,nan,nan,nan,nan,nan,nan
110.78269791603088,-0.4000000059604645,4.0320000648498535,4.060999870300293,4.058000087738037,4.060999870300293,4.061999797821045,4.065999984741211,nan,nan,nan,nan,nan,nan,nan,nan,nan,nan,nan,nan
110.96152353286743,-0.41999998688697815,4.0320000648498535,4.059999942779541,4.058000087738037,4.061999797821045,4.061999797821045,4.065999984741211,nan,nan,nan,nan,nan,nan,nan,nan,nan,nan,nan,nan
111.12283992767334,-0.4000000059604645,4.0320000648498535,4.059999942779541,4.058000087738037,4.061999797821045,4.061999797821045,4.065999984741211,nan,nan,nan,nan,nan,nan,nan,nan,nan,nan,nan,nan
111.30154538154602,-0.4000000059604645,4.0320000648498535,4.059999942779541,4.058000087738037,4.060999870300293,4.061999797821045,4.065999984741211,nan,nan,nan,nan,nan,nan,nan,nan,nan,nan,nan,nan
111.48260402679443,-0.4099999964237213,4.0320000648498535,4.060999870300293,4.058000087738037,4.061999797821045,4.061999797821045,4.065999984741211,nan,nan,nan,nan,nan,nan,nan,nan,nan,nan,nan,nan
111.6419427394867,-0.38999998569488525,4.0320000648498535,4.059999942779541,4.058000087738037,4.061999797821045,4.061999797821045,4.065999984741211,nan,nan,nan,nan,nan,nan,nan,nan,nan,nan,nan,nan
111.82235479354858,-0.4000000059604645,4.0320000648498535,4.060999870300293,4.058000087738037,4.061999797821045,4.061999797821045,4.065999984741211,nan,nan,nan,nan,nan,nan,nan,nan,nan,nan,nan,nan
111.98193407058716,-0.4000000059604645,4.0320000648498535,4.059999942779541,4.058000087738037,4.061999797821045,4.061999797821045,4.065999984741211,nan,nan,nan,nan,nan,nan,nan,nan,nan,nan,nan,nan
112.16207957267761,-0.4000000059604645,4.0320000648498535,4.059999942779541,4.058000087738037,4.061999797821045,4.061999797821045,4.065999984741211,nan,nan,nan,nan,nan,nan,nan,nan,nan,nan,nan,nan
112.34230875968933,-0.4000000059604645,4.0320000648498535,4.059999942779541,4.058000087738037,4.060999870300293,4.061999797821045,4.065999984741211,nan,nan,nan,nan,nan,nan,nan,nan,nan,nan,nan,nan
112.5020101070404,-0.4000000059604645,4.0320000648498535,4.059999942779541,4.058000087738037,4.061999797821045,4.061999797821045,4.065999984741211,nan,nan,nan,nan,nan,nan,nan,nan,nan,nan,nan,nan
112.681889295578,-0.4000000059604645,4.0320000648498535,4.060999870300293,4.058000087738037,4.061999797821045,4.061999797821045,4.065999984741211,nan,nan,nan,nan,nan,nan,nan,nan,nan,nan,nan,nan
112.8622522354126,-0.4000000059604645,4.0320000648498535,4.060999870300293,4.058000087738037,4.061999797821045,4.061999797821045,4.065999984741211,nan,nan,nan,nan,nan,nan,nan,nan,nan,nan,nan,nan
113.02183437347412,-0.4000000059604645,4.0320000648498535,4.059999942779541,4.058000087738037,4.061999797821045,4.061999797821045,4.065999984741211,nan,nan,nan,nan,nan,nan,nan,nan,nan,nan,nan,nan
113.20165205001831,-0.4000000059604645,4.0320000648498535,4.059999942779541,4.058000087738037,4.061999797821045,4.061999797821045,4.065999984741211,nan,nan,nan,nan,nan,nan,nan,nan,nan,nan,nan,nan
113.3610520362854,-0.4000000059604645,4.0320000648498535,4.059999942779541,4.058000087738037,4.061999797821045,4.061999797821045,4.065999984741211,nan,nan,nan,nan,nan,nan,nan,nan,nan,nan,nan,nan
113.54149556159973,-0.4000000059604645,4.0320000648498535,4.059999942779541,4.058000087738037,4.060999870300293,4.061999797821045,4.065999984741211,nan,nan,nan,nan,nan,nan,nan,nan,nan,nan,nan,nan
113.7206301689148,-0.4099999964237213,4.0320000648498535,4.059999942779541,4.058000087738037,4.061999797821045,4.061999797821045,4.065999984741211,nan,nan,nan,nan,nan,nan,nan,nan,nan,nan,nan,nan
113.88204574584961,-0.4099999964237213,4.0320000648498535,4.060999870300293,4.057000160217285,4.061999797821045,4.061999797821045,4.065999984741211,nan,nan,nan,nan,nan,nan,nan,nan,nan,nan,nan,nan
114.06229948997498,-0.4099999964237213,4.0320000648498535,4.059999942779541,4.058000087738037,4.061999797821045,4.061999797821045,4.065999984741211,nan,nan,nan,nan,nan,nan,nan,nan,nan,nan,nan,nan
114.2221450805664,-0.4000000059604645,4.0320000648498535,4.059999942779541,4.058000087738037,4.061999797821045,4.061999797821045,4.065999984741211,nan,nan,nan,nan,nan,nan,nan,nan,nan,nan,nan,nan
114.40140867233276,-0.4000000059604645,4.0320000648498535,4.059999942779541,4.058000087738037,4.061999797821045,4.061999797821045,4.065999984741211,nan,nan,nan,nan,nan,nan,nan,nan,nan,nan,nan,nan
114.58201932907104,-0.4000000059604645,4.0320000648498535,4.060999870300293,4.058000087738037,4.061999797821045,4.061999797821045,4.065999984741211,nan,nan,nan,nan,nan,nan,nan,nan,nan,nan,nan,nan
114.74092268943787,-0.4000000059604645,4.0320000648498535,4.059999942779541,4.057000160217285,4.060999870300293,4.061999797821045,4.065999984741211,nan,nan,nan,nan,nan,nan,nan,nan,nan,nan,nan,nan
114.92287421226501,-0.4099999964237213,4.0320000648498535,4.060999870300293,4.058000087738037,4.061999797821045,4.061999797821045,4.065999984741211,nan,nan,nan,nan,nan,nan,nan,nan,nan,nan,nan,nan
115.08274745941162,-0.38999998569488525,4.0320000648498535,4.060999870300293,4.058000087738037,4.060999870300293,4.061999797821045,4.065999984741211,nan,nan,nan,nan,nan,nan,nan,nan,nan,nan,nan,nan
115.26135778427124,-0.4000000059604645,4.0320000648498535,4.059999942779541,4.058000087738037,4.060999870300293,4.061999797821045,4.065999984741211,nan,nan,nan,nan,nan,nan,nan,nan,nan,nan,nan,nan
115.44268894195557,-0.38999998569488525,4.0320000648498535,4.059999942779541,4.058000087738037,4.061999797821045,4.061999797821045,4.065999984741211,nan,nan,nan,nan,nan,nan,nan,nan,nan,nan,nan,nan
115.60098457336426,-0.4000000059604645,4.0320000648498535,4.059999942779541,4.058000087738037,4.060999870300293,4.061999797821045,4.065999984741211,nan,nan,nan,nan,nan,nan,nan,nan,nan,nan,nan,nan
115.78128814697266,-0.4000000059604645,4.0320000648498535,4.059999942779541,4.058000087738037,4.061999797821045,4.061999797821045,4.065999984741211,nan,nan,nan,nan,nan,nan,nan,nan,nan,nan,nan,nan
115.96294331550598,-0.4000000059604645,4.0320000648498535,4.059999942779541,4.058000087738037,4.061999797821045,4.061999797821045,4.065999984741211,nan,nan,nan,nan,nan,nan,nan,nan,nan,nan,nan,nan
116.12108945846558,-0.4000000059604645,4.0320000648498535,4.059999942779541,4.058000087738037,4.061999797821045,4.061999797821045,4.065999984741211,nan,nan,nan,nan,nan,nan,nan,nan,nan,nan,nan,nan
116.30136847496033,-0.4000000059604645,4.0320000648498535,4.059999942779541,4.058000087738037,4.061999797821045,4.061999797821045,4.065999984741211,nan,nan,nan,nan,nan,nan,nan,nan,nan,nan,nan,nan
116.4610812664032,-0.4000000059604645,4.0320000648498535,4.059999942779541,4.058000087738037,4.061999797821045,4.061999797821045,4.065999984741211,nan,nan,nan,nan,nan,nan,nan,nan,nan,nan,nan,nan
116.64254379272461,-0.4000000059604645,4.0320000648498535,4.059999942779541,4.058000087738037,4.060999870300293,4.061999797821045,4.065999984741211,nan,nan,nan,nan,nan,nan,nan,nan,nan,nan,nan,nan
116.82094311714172,-0.4000000059604645,4.0320000648498535,4.059999942779541,4.057000160217285,4.060999870300293,4.061999797821045,4.065999984741211,nan,nan,nan,nan,nan,nan,nan,nan,nan,nan,nan,nan
116.98079109191895,-0.4000000059604645,4.0320000648498535,4.059999942779541,4.058000087738037,4.060999870300293,4.061999797821045,4.065999984741211,nan,nan,nan,nan,nan,nan,nan,nan,nan,nan,nan,nan
117.16256546974182,-0.4099999964237213,4.0320000648498535,4.059999942779541,4.058000087738037,4.060999870300293,4.061999797821045,4.065999984741211,nan,nan,nan,nan,nan,nan,nan,nan,nan,nan,nan,nan
117.32177376747131,-0.4000000059604645,4.0320000648498535,4.059999942779541,4.058000087738037,4.061999797821045,4.061999797821045,4.065999984741211,nan,nan,nan,nan,nan,nan,nan,nan,nan,nan,nan,nan
117.50185060501099,-0.4000000059604645,4.0320000648498535,4.059999942779541,4.057000160217285,4.061999797821045,4.061999797821045,4.065999984741211,nan,nan,nan,nan,nan,nan,nan,nan,nan,nan,nan,nan
117.68051409721375,-0.4000000059604645,4.0320000648498535,4.059999942779541,4.058000087738037,4.061999797821045,4.061999797821045,4.065999984741211,nan,nan,nan,nan,nan,nan,nan,nan,nan,nan,nan,nan
117.84178137779236,-0.4000000059604645,4.0320000648498535,4.059999942779541,4.057000160217285,4.061999797821045,4.061999797821045,4.065999984741211,nan,nan,nan,nan,nan,nan,nan,nan,nan,nan,nan,nan
118.0204689502716,-0.3799999952316284,4.0320000648498535,4.059999942779541,4.058000087738037,4.061999797821045,4.061999797821045,4.065999984741211,nan,nan,nan,nan,nan,nan,nan,nan,nan,nan,nan,nan
118.20238637924194,-0.4000000059604645,4.0320000648498535,4.059999942779541,4.057000160217285,4.060999870300293,4.061999797821045,4.065999984741211,nan,nan,nan,nan,nan,nan,nan,nan,nan,nan,nan,nan
118.3620114326477,-0.38999998569488525,4.0320000648498535,4.059999942779541,4.057000160217285,4.060999870300293,4.061999797821045,4.065999984741211,nan,nan,nan,nan,nan,nan,nan,nan,nan,nan,nan,nan
118.54215812683105,-0.38999998569488525,4.0320000648498535,4.059999942779541,4.057000160217285,4.061999797821045,4.061999797821045,4.065999984741211,nan,nan,nan,nan,nan,nan,nan,nan,nan,nan,nan,nan
118.70191597938538,-0.4000000059604645,4.0320000648498535,4.059999942779541,4.057000160217285,4.061999797821045,4.061999797821045,4.065999984741211,nan,nan,nan,nan,nan,nan,nan,nan,nan,nan,nan,nan
118.8821382522583,-0.4000000059604645,4.0320000648498535,4.059999942779541,4.057000160217285,4.061999797821045,4.061999797821045,4.065999984741211,nan,nan,nan,nan,nan,nan,nan,nan,nan,nan,nan,nan
119.06089282035828,-0.4000000059604645,4.0320000648498535,4.059999942779541,4.058000087738037,4.060999870300293,4.061999797821045,4.065999984741211,nan,nan,nan,nan,nan,nan,nan,nan,nan,nan,nan,nan
119.22186517715454,-0.4000000059604645,4.0320000648498535,4.059999942779541,4.057000160217285,4.061999797821045,4.061999797821045,4.065999984741211,nan,nan,nan,nan,nan,nan,nan,nan,nan,nan,nan,nan
119.4009358882904,-0.4000000059604645,4.0320000648498535,4.059999942779541,4.058000087738037,4.060999870300293,4.061999797821045,4.065999984741211,nan,nan,nan,nan,nan,nan,nan,nan,nan,nan,nan,nan
119.56160044670105,-0.4000000059604645,4.0320000648498535,4.059999942779541,4.057000160217285,4.060999870300293,4.061999797821045,4.065999984741211,nan,nan,nan,nan,nan,nan,nan,nan,nan,nan,nan,nan
119.74204158782959,-0.4000000059604645,4.0320000648498535,4.059999942779541,4.058000087738037,4.060999870300293,4.061999797821045,4.065999984741211,nan,nan,nan,nan,nan,nan,nan,nan,nan,nan,nan,nan
119.92356848716736,-0.4000000059604645,4.0320000648498535,4.059999942779541,4.057000160217285,4.061999797821045,4.061999797821045,4.065999984741211,nan,nan,nan,nan,nan,nan,nan,nan,nan,nan,nan,nan
120.08163785934448,-0.4000000059604645,4.0320000648498535,4.059999942779541,4.057000160217285,4.061999797821045,4.061999797821045,4.065999984741211,nan,nan,nan,nan,nan,nan,nan,nan,nan,nan,nan,nan
120.26197576522827,-0.4099999964237213,4.0320000648498535,4.059999942779541,4.058000087738037,4.061999797821045,4.061999797821045,4.065999984741211,nan,nan,nan,nan,nan,nan,nan,nan,nan,nan,nan,nan
120.44120287895203,-0.4000000059604645,4.0320000648498535,4.059999942779541,4.057000160217285,4.061999797821045,4.061999797821045,4.065999984741211,nan,nan,nan,nan,nan,nan,nan,nan,nan,nan,nan,nan
120.60175824165344,-0.4000000059604645,4.0320000648498535,4.059999942779541,4.057000160217285,4.061999797821045,4.061999797821045,4.065999984741211,nan,nan,nan,nan,nan,nan,nan,nan,nan,nan,nan,nan
120.78046798706055,-0.4000000059604645,4.0320000648498535,4.059999942779541,4.058000087738037,4.060999870300293,4.061999797821045,4.065999984741211,nan,nan,nan,nan,nan,nan,nan,nan,nan,nan,nan,nan
120.94164681434631,-0.4000000059604645,4.0320000648498535,4.059999942779541,4.058000087738037,4.060999870300293,4.061999797821045,4.065999984741211,nan,nan,nan,nan,nan,nan,nan,nan,nan,nan,nan,nan
121.12171077728271,-0.4000000059604645,4.0320000648498535,4.059999942779541,4.058000087738037,4.060999870300293,4.061999797821045,4.065999984741211,nan,nan,nan,nan,nan,nan,nan,nan,nan,nan,nan,nan
121.30185532569885,-0.4099999964237213,4.0320000648498535,4.059999942779541,4.057000160217285,4.060999870300293,4.061999797821045,4.065999984741211,nan,nan,nan,nan,nan,nan,nan,nan,nan,nan,nan,nan
121.46194887161255,-0.4000000059604645,4.0320000648498535,4.059999942779541,4.057000160217285,4.061999797821045,4.061999797821045,4.065999984741211,nan,nan,nan,nan,nan,nan,nan,nan,nan,nan,nan,nan
121.64165163040161,-0.4000000059604645,4.0320000648498535,4.059999942779541,4.058000087738037,4.060999870300293,4.061999797821045,4.065999984741211,nan,nan,nan,nan,nan,nan,nan,nan,nan,nan,nan,nan
121.80133295059204,-0.4000000059604645,4.031000137329102,4.059999942779541,4.057000160217285,4.061999797821045,4.061999797821045,4.065999984741211,nan,nan,nan,nan,nan,nan,nan,nan,nan,nan,nan,nan
121.98400211334229,-0.4000000059604645,4.0320000648498535,4.059999942779541,4.057000160217285,4.060999870300293,4.061999797821045,4.065999984741211,nan,nan,nan,nan,nan,nan,nan,nan,nan,nan,nan,nan
122.16107273101807,-0.38999998569488525,4.0320000648498535,4.059999942779541,4.057000160217285,4.060999870300293,4.061999797821045,4.065999984741211,nan,nan,nan,nan,nan,nan,nan,nan,nan,nan,nan,nan
122.32037687301636,-0.4000000059604645,4.0320000648498535,4.059999942779541,4.057000160217285,4.060999870300293,4.061999797821045,4.065999984741211,nan,nan,nan,nan,nan,nan,nan,nan,nan,nan,nan,nan
122.50236058235168,-0.4099999964237213,4.031000137329102,4.059999942779541,4.057000160217285,4.060999870300293,4.061999797821045,4.065999984741211,nan,nan,nan,nan,nan,nan,nan,nan,nan,nan,nan,nan
122.66169929504395,-0.38999998569488525,4.0320000648498535,4.059999942779541,4.058000087738037,4.060999870300293,4.061999797821045,4.065999984741211,nan,nan,nan,nan,nan,nan,nan,nan,nan,nan,nan,nan
122.84205603599548,-0.38999998569488525,4.0320000648498535,4.059999942779541,4.057000160217285,4.060999870300293,4.061999797821045,4.065999984741211,nan,nan,nan,nan,nan,nan,nan,nan,nan,nan,nan,nan
123.02207708358765,-0.4000000059604645,4.0320000648498535,4.059999942779541,4.057000160217285,4.061999797821045,4.061999797821045,4.065999984741211,nan,nan,nan,nan,nan,nan,nan,nan,nan,nan,nan,nan
123.18162703514099,-0.4000000059604645,4.0320000648498535,4.059999942779541,4.057000160217285,4.060999870300293,4.061999797821045,4.065999984741211,nan,nan,nan,nan,nan,nan,nan,nan,nan,nan,nan,nan
123.36212587356567,-0.4099999964237213,4.0320000648498535,4.059999942779541,4.057000160217285,4.060999870300293,4.061999797821045,4.065999984741211,nan,nan,nan,nan,nan,nan,nan,nan,nan,nan,nan,nan
123.54056906700134,-0.4000000059604645,4.0320000648498535,4.059999942779541,4.057000160217285,4.060999870300293,4.061999797821045,4.065999984741211,nan,nan,nan,nan,nan,nan,nan,nan,nan,nan,nan,nan
123.70182609558105,-0.4000000059604645,4.0320000648498535,4.059999942779541,4.057000160217285,4.061999797821045,4.061999797821045,4.065999984741211,nan,nan,nan,nan,nan,nan,nan,nan,nan,nan,nan,nan
123.88207674026489,-0.4000000059604645,4.0320000648498535,4.059999942779541,4.057000160217285,4.060999870300293,4.061999797821045,4.065000057220459,nan,nan,nan,nan,nan,nan,nan,nan,nan,nan,nan,nan
124.04134345054626,-0.4000000059604645,4.0320000648498535,4.059999942779541,4.057000160217285,4.060999870300293,4.061999797821045,4.065999984741211,nan,nan,nan,nan,nan,nan,nan,nan,nan,nan,nan,nan
124.22208738327026,-0.41999998688697815,4.031000137329102,4.059999942779541,4.057000160217285,4.060999870300293,4.061999797821045,4.065999984741211,nan,nan,nan,nan,nan,nan,nan,nan,nan,nan,nan,nan
124.40201210975647,-0.4000000059604645,4.0320000648498535,4.059999942779541,4.057000160217285,4.060999870300293,4.061999797821045,4.065999984741211,nan,nan,nan,nan,nan,nan,nan,nan,nan,nan,nan,nan
124.56176090240479,-0.4000000059604645,4.0320000648498535,4.059999942779541,4.057000160217285,4.060999870300293,4.061999797821045,4.065999984741211,nan,nan,nan,nan,nan,nan,nan,nan,nan,nan,nan,nan
124.74098229408264,-0.4000000059604645,4.031000137329102,4.059999942779541,4.057000160217285,4.060999870300293,4.061999797821045,4.065999984741211,nan,nan,nan,nan,nan,nan,nan,nan,nan,nan,nan,nan
124.90149855613708,-0.4000000059604645,4.031000137329102,4.059999942779541,4.057000160217285,4.060999870300293,4.061999797821045,4.065999984741211,nan,nan,nan,nan,nan,nan,nan,nan,nan,nan,nan,nan
125.08205342292786,-0.4000000059604645,4.0320000648498535,4.059999942779541,4.057000160217285,4.060999870300293,4.061999797821045,4.065999984741211,nan,nan,nan,nan,nan,nan,nan,nan,nan,nan,nan,nan
125.26055121421814,-0.4000000059604645,4.0320000648498535,4.059999942779541,4.057000160217285,4.060999870300293,4.061999797821045,4.065999984741211,nan,nan,nan,nan,nan,nan,nan,nan,nan,nan,nan,nan
125.42177271842957,-0.38999998569488525,4.0320000648498535,4.059999942779541,4.057000160217285,4.060999870300293,4.061999797821045,4.065999984741211,nan,nan,nan,nan,nan,nan,nan,nan,nan,nan,nan,nan
125.60182523727417,-0.4000000059604645,4.0320000648498535,4.059999942779541,4.057000160217285,4.060999870300293,4.061999797821045,4.065999984741211,nan,nan,nan,nan,nan,nan,nan,nan,nan,nan,nan,nan
125.78178906440735,-0.4000000059604645,4.0320000648498535,4.059999942779541,4.057000160217285,4.060999870300293,4.061999797821045,4.065999984741211,nan,nan,nan,nan,nan,nan,nan,nan,nan,nan,nan,nan
125.94173073768616,-0.4000000059604645,4.031000137329102,4.059999942779541,4.057000160217285,4.060999870300293,4.061999797821045,4.065999984741211,nan,nan,nan,nan,nan,nan,nan,nan,nan,nan,nan,nan
126.12213730812073,-0.4000000059604645,4.0320000648498535,4.059999942779541,4.057000160217285,4.060999870300293,4.061999797821045,4.065999984741211,nan,nan,nan,nan,nan,nan,nan,nan,nan,nan,nan,nan
126.28259015083313,-0.4000000059604645,4.0320000648498535,4.059999942779541,4.057000160217285,4.060999870300293,4.061999797821045,4.065000057220459,nan,nan,nan,nan,nan,nan,nan,nan,nan,nan,nan,nan
126.46093487739563,-0.4000000059604645,4.0320000648498535,4.059999942779541,4.057000160217285,4.060999870300293,4.061999797821045,4.065999984741211,nan,nan,nan,nan,nan,nan,nan,nan,nan,nan,nan,nan
126.64223456382751,-0.4000000059604645,4.031000137329102,4.059999942779541,4.057000160217285,4.060999870300293,4.061999797821045,4.065999984741211,nan,nan,nan,nan,nan,nan,nan,nan,nan,nan,nan,nan
126.80194926261902,-0.4000000059604645,4.031000137329102,4.059999942779541,4.057000160217285,4.060999870300293,4.061999797821045,4.065999984741211,nan,nan,nan,nan,nan,nan,nan,nan,nan,nan,nan,nan
126.98078346252441,-0.4000000059604645,4.031000137329102,4.059999942779541,4.058000087738037,4.060999870300293,4.061999797821045,4.065999984741211,nan,nan,nan,nan,nan,nan,nan,nan,nan,nan,nan,nan
127.14034223556519,-0.4099999964237213,4.031000137329102,4.059999942779541,4.057000160217285,4.060999870300293,4.061999797821045,4.065999984741211,nan,nan,nan,nan,nan,nan,nan,nan,nan,nan,nan,nan
127.32076597213745,-0.4300000071525574,4.031000137329102,4.059999942779541,4.057000160217285,4.060999870300293,4.061999797821045,4.065999984741211,nan,nan,nan,nan,nan,nan,nan,nan,nan,nan,nan,nan
127.5009994506836,-0.4099999964237213,4.0320000648498535,4.059999942779541,4.057000160217285,4.060999870300293,4.061999797821045,4.065999984741211,nan,nan,nan,nan,nan,nan,nan,nan,nan,nan,nan,nan
127.66197443008423,-0.4000000059604645,4.031000137329102,4.059999942779541,4.057000160217285,4.060999870300293,4.061999797821045,4.065999984741211,nan,nan,nan,nan,nan,nan,nan,nan,nan,nan,nan,nan
127.84102845191956,-0.4000000059604645,4.031000137329102,4.059999942779541,4.057000160217285,4.060999870300293,4.061999797821045,4.065000057220459,nan,nan,nan,nan,nan,nan,nan,nan,nan,nan,nan,nan
128.0015480518341,-0.4000000059604645,4.0320000648498535,4.059999942779541,4.058000087738037,4.060999870300293,4.061999797821045,4.065999984741211,nan,nan,nan,nan,nan,nan,nan,nan,nan,nan,nan,nan
128.18050384521484,-0.4000000059604645,4.0320000648498535,4.059999942779541,4.057000160217285,4.060999870300293,4.061999797821045,4.065999984741211,nan,nan,nan,nan,nan,nan,nan,nan,nan,nan,nan,nan
128.36092901229858,-0.4000000059604645,4.0320000648498535,4.059999942779541,4.057000160217285,4.060999870300293,4.061999797821045,4.065999984741211,nan,nan,nan,nan,nan,nan,nan,nan,nan,nan,nan,nan
128.5214605331421,-0.4099999964237213,4.031000137329102,4.059999942779541,4.057000160217285,4.060999870300293,4.061999797821045,4.065999984741211,nan,nan,nan,nan,nan,nan,nan,nan,nan,nan,nan,nan
128.70156455039978,-0.4000000059604645,4.031000137329102,4.059999942779541,4.057000160217285,4.060999870300293,4.061999797821045,4.065999984741211,nan,nan,nan,nan,nan,nan,nan,nan,nan,nan,nan,nan
128.86140704154968,-0.4000000059604645,4.031000137329102,4.059999942779541,4.057000160217285,4.060999870300293,4.061999797821045,4.065000057220459,nan,nan,nan,nan,nan,nan,nan,nan,nan,nan,nan,nan
129.04128766059875,-0.4000000059604645,4.0320000648498535,4.059999942779541,4.057000160217285,4.060999870300293,4.061999797821045,4.065000057220459,nan,nan,nan,nan,nan,nan,nan,nan,nan,nan,nan,nan
129.22165036201477,-0.4000000059604645,4.0320000648498535,4.059999942779541,4.057000160217285,4.060999870300293,4.061999797821045,4.065999984741211,nan,nan,nan,nan,nan,nan,nan,nan,nan,nan,nan,nan
129.3813419342041,-0.38999998569488525,4.031000137329102,4.059999942779541,4.057000160217285,4.060999870300293,4.061999797821045,4.065999984741211,nan,nan,nan,nan,nan,nan,nan,nan,nan,nan,nan,nan
129.56123995780945,-0.4099999964237213,4.0320000648498535,4.059999942779541,4.057000160217285,4.060999870300293,4.061999797821045,4.065999984741211,nan,nan,nan,nan,nan,nan,nan,nan,nan,nan,nan,nan
129.74142789840698,-0.4000000059604645,4.031000137329102,4.059999942779541,4.057000160217285,4.060999870300293,4.061999797821045,4.065999984741211,nan,nan,nan,nan,nan,nan,nan,nan,nan,nan,nan,nan
129.9012713432312,-0.4000000059604645,4.031000137329102,4.059999942779541,4.057000160217285,4.060999870300293,4.061999797821045,4.065999984741211,nan,nan,nan,nan,nan,nan,nan,nan,nan,nan,nan,nan
130.08130812644958,-0.4000000059604645,4.031000137329102,4.059999942779541,4.057000160217285,4.060999870300293,4.061999797821045,4.065999984741211,nan,nan,nan,nan,nan,nan,nan,nan,nan,nan,nan,nan
130.24091172218323,-0.4000000059604645,4.031000137329102,4.059999942779541,4.057000160217285,4.060999870300293,4.061999797821045,4.065999984741211,nan,nan,nan,nan,nan,nan,nan,nan,nan,nan,nan,nan
130.42266297340393,-0.4000000059604645,4.031000137329102,4.059999942779541,4.057000160217285,4.060999870300293,4.061999797821045,4.065999984741211,nan,nan,nan,nan,nan,nan,nan,nan,nan,nan,nan,nan
130.60260915756226,-0.4000000059604645,4.031000137329102,4.059999942779541,4.057000160217285,4.060999870300293,4.061999797821045,4.065999984741211,nan,nan,nan,nan,nan,nan,nan,nan,nan,nan,nan,nan
130.7632441520691,-0.4000000059604645,4.0320000648498535,4.059999942779541,4.057000160217285,4.060999870300293,4.061999797821045,4.065999984741211,nan,nan,nan,nan,nan,nan,nan,nan,nan,nan,nan,nan
130.94180870056152,-0.4099999964237213,4.031000137329102,4.059999942779541,4.057000160217285,4.060999870300293,4.061999797821045,4.065999984741211,nan,nan,nan,nan,nan,nan,nan,nan,nan,nan,nan,nan
131.10247707366943,-0.4000000059604645,4.031000137329102,4.059999942779541,4.057000160217285,4.060999870300293,4.061999797821045,4.065000057220459,nan,nan,nan,nan,nan,nan,nan,nan,nan,nan,nan,nan
131.28288102149963,-0.4000000059604645,4.031000137329102,4.059999942779541,4.057000160217285,4.060999870300293,4.061999797821045,4.065999984741211,nan,nan,nan,nan,nan,nan,nan,nan,nan,nan,nan,nan
131.46161913871765,-0.4000000059604645,4.031000137329102,4.059999942779541,4.057000160217285,4.060999870300293,4.061999797821045,4.065999984741211,nan,nan,nan,nan,nan,nan,nan,nan,nan,nan,nan,nan
131.62083649635315,-0.4000000059604645,4.031000137329102,4.059999942779541,4.057000160217285,4.060999870300293,4.061999797821045,4.065999984741211,nan,nan,nan,nan,nan,nan,nan,nan,nan,nan,nan,nan
131.80310559272766,-0.4000000059604645,4.031000137329102,4.059999942779541,4.057000160217285,4.060999870300293,4.061999797821045,4.065999984741211,nan,nan,nan,nan,nan,nan,nan,nan,nan,nan,nan,nan
131.96291708946228,-0.4000000059604645,4.031000137329102,4.059999942779541,4.057000160217285,4.060999870300293,4.061999797821045,4.065999984741211,nan,nan,nan,nan,nan,nan,nan,nan,nan,nan,nan,nan
132.14483261108398,-0.4000000059604645,4.031000137329102,4.059999942779541,4.057000160217285,4.060999870300293,4.061999797821045,4.065000057220459,nan,nan,nan,nan,nan,nan,nan,nan,nan,nan,nan,nan
132.32219290733337,-0.4000000059604645,4.031000137329102,4.059999942779541,4.057000160217285,4.060999870300293,4.061999797821045,4.065999984741211,nan,nan,nan,nan,nan,nan,nan,nan,nan,nan,nan,nan
132.48137736320496,-0.4000000059604645,4.031000137329102,4.059999942779541,4.057000160217285,4.060999870300293,4.061999797821045,4.065999984741211,nan,nan,nan,nan,nan,nan,nan,nan,nan,nan,nan,nan
132.66246104240417,-0.3799999952316284,4.031000137329102,4.059999942779541,4.057000160217285,4.060999870300293,4.061999797821045,4.065999984741211,nan,nan,nan,nan,nan,nan,nan,nan,nan,nan,nan,nan
132.84349393844604,-0.4000000059604645,4.031000137329102,4.059999942779541,4.057000160217285,4.060999870300293,4.061999797821045,4.065999984741211,nan,nan,nan,nan,nan,nan,nan,nan,nan,nan,nan,nan
133.00272345542908,-0.4000000059604645,4.031000137329102,4.059999942779541,4.057000160217285,4.060999870300293,4.061999797821045,4.065000057220459,nan,nan,nan,nan,nan,nan,nan,nan,nan,nan,nan,nan
133.18270206451416,-0.4000000059604645,4.031000137329102,4.059999942779541,4.057000160217285,4.060999870300293,4.061999797821045,4.065999984741211,nan,nan,nan,nan,nan,nan,nan,nan,nan,nan,nan,nan
133.3410336971283,-0.4000000059604645,4.031000137329102,4.059999942779541,4.057000160217285,4.060999870300293,4.061999797821045,4.065999984741211,nan,nan,nan,nan,nan,nan,nan,nan,nan,nan,nan,nan
133.5230278968811,-0.38999998569488525,4.031000137329102,4.059999942779541,4.057000160217285,4.060999870300293,4.061999797821045,4.065999984741211,nan,nan,nan,nan,nan,nan,nan,nan,nan,nan,nan,nan
133.70091009140015,-0.38999998569488525,4.031000137329102,4.059999942779541,4.057000160217285,4.060999870300293,4.061999797821045,4.065999984741211,nan,nan,nan,nan,nan,nan,nan,nan,nan,nan,nan,nan
133.86068081855774,-0.4000000059604645,4.031000137329102,4.059999942779541,4.057000160217285,4.060999870300293,4.061999797821045,4.065999984741211,nan,nan,nan,nan,nan,nan,nan,nan,nan,nan,nan,nan
134.0415437221527,-0.4000000059604645,4.031000137329102,4.059999942779541,4.057000160217285,4.060999870300293,4.061999797821045,4.065999984741211,nan,nan,nan,nan,nan,nan,nan,nan,nan,nan,nan,nan
134.20247054100037,-0.4000000059604645,4.031000137329102,4.059999942779541,4.057000160217285,4.060999870300293,4.061999797821045,4.065999984741211,nan,nan,nan,nan,nan,nan,nan,nan,nan,nan,nan,nan
134.381103515625,-0.4000000059604645,4.031000137329102,4.059999942779541,4.057000160217285,4.060999870300293,4.061999797821045,4.065999984741211,nan,nan,nan,nan,nan,nan,nan,nan,nan,nan,nan,nan
134.56087231636047,-0.4000000059604645,4.031000137329102,4.059999942779541,4.057000160217285,4.060999870300293,4.061999797821045,4.065000057220459,nan,nan,nan,nan,nan,nan,nan,nan,nan,nan,nan,nan
134.72058153152466,-0.38999998569488525,4.031000137329102,4.059999942779541,4.057000160217285,4.060999870300293,4.061999797821045,4.065000057220459,nan,nan,nan,nan,nan,nan,nan,nan,nan,nan,nan,nan
134.90315628051758,-0.4000000059604645,4.031000137329102,4.059999942779541,4.057000160217285,4.060999870300293,4.061999797821045,4.065999984741211,nan,nan,nan,nan,nan,nan,nan,nan,nan,nan,nan,nan
135.06211161613464,-0.38999998569488525,4.031000137329102,4.059999942779541,4.057000160217285,4.060999870300293,4.061999797821045,4.065999984741211,nan,nan,nan,nan,nan,nan,nan,nan,nan,nan,nan,nan
135.2422480583191,-0.4000000059604645,4.031000137329102,4.059999942779541,4.057000160217285,4.060999870300293,4.061999797821045,4.065999984741211,nan,nan,nan,nan,nan,nan,nan,nan,nan,nan,nan,nan
135.4206781387329,-0.4000000059604645,4.031000137329102,4.059999942779541,4.057000160217285,4.060999870300293,4.061999797821045,4.065999984741211,nan,nan,nan,nan,nan,nan,nan,nan,nan,nan,nan,nan
135.58171606063843,-0.4000000059604645,4.031000137329102,4.059999942779541,4.057000160217285,4.060999870300293,4.061999797821045,4.065999984741211,nan,nan,nan,nan,nan,nan,nan,nan,nan,nan,nan,nan
135.76051449775696,-0.38999998569488525,4.031000137329102,4.059999942779541,4.057000160217285,4.060999870300293,4.061999797821045,4.065000057220459,nan,nan,nan,nan,nan,nan,nan,nan,nan,nan,nan,nan
135.94085311889648,-0.4000000059604645,4.031000137329102,4.059999942779541,4.057000160217285,4.060999870300293,4.061999797821045,4.065999984741211,nan,nan,nan,nan,nan,nan,nan,nan,nan,nan,nan,nan
136.10368633270264,-0.4000000059604645,4.031000137329102,4.059999942779541,4.057000160217285,4.060999870300293,4.061999797821045,4.065999984741211,nan,nan,nan,nan,nan,nan,nan,nan,nan,nan,nan,nan
136.28215646743774,-0.4000000059604645,4.031000137329102,4.059999942779541,4.057000160217285,4.060999870300293,4.061999797821045,4.065000057220459,nan,nan,nan,nan,nan,nan,nan,nan,nan,nan,nan,nan
136.4416275024414,-0.4099999964237213,4.031000137329102,4.059999942779541,4.057000160217285,4.060999870300293,4.061999797821045,4.065999984741211,nan,nan,nan,nan,nan,nan,nan,nan,nan,nan,nan,nan
136.62175679206848,-0.4000000059604645,4.031000137329102,4.059999942779541,4.057000160217285,4.060999870300293,4.061999797821045,4.065000057220459,nan,nan,nan,nan,nan,nan,nan,nan,nan,nan,nan,nan
136.8020887374878,-0.4000000059604645,4.031000137329102,4.059999942779541,4.057000160217285,4.060999870300293,4.061999797821045,4.065000057220459,nan,nan,nan,nan,nan,nan,nan,nan,nan,nan,nan,nan
136.96283841133118,-0.4000000059604645,4.031000137329102,4.059999942779541,4.057000160217285,4.060999870300293,4.061999797821045,4.065000057220459,nan,nan,nan,nan,nan,nan,nan,nan,nan,nan,nan,nan
137.1414749622345,-0.4000000059604645,4.031000137329102,4.059999942779541,4.057000160217285,4.060999870300293,4.061999797821045,4.065000057220459,nan,nan,nan,nan,nan,nan,nan,nan,nan,nan,nan,nan
137.3008542060852,-0.4000000059604645,4.031000137329102,4.059999942779541,4.057000160217285,4.060999870300293,4.061999797821045,4.065999984741211,nan,nan,nan,nan,nan,nan,nan,nan,nan,nan,nan,nan
137.4809010028839,-0.4000000059604645,4.031000137329102,4.059999942779541,4.057000160217285,4.060999870300293,4.061999797821045,4.065999984741211,nan,nan,nan,nan,nan,nan,nan,nan,nan,nan,nan,nan
137.6615707874298,-0.4000000059604645,4.031000137329102,4.059999942779541,4.057000160217285,4.060999870300293,4.061999797821045,4.065000057220459,nan,nan,nan,nan,nan,nan,nan,nan,nan,nan,nan,nan
137.82238864898682,-0.4000000059604645,4.031000137329102,4.059999942779541,4.057000160217285,4.060999870300293,4.061999797821045,4.065000057220459,nan,nan,nan,nan,nan,nan,nan,nan,nan,nan,nan,nan
138.00102138519287,-0.38999998569488525,4.031000137329102,4.059999942779541,4.057000160217285,4.060999870300293,4.061999797821045,4.065999984741211,nan,nan,nan,nan,nan,nan,nan,nan,nan,nan,nan,nan
138.1605727672577,-0.4000000059604645,4.031000137329102,4.059999942779541,4.057000160217285,4.060999870300293,4.061999797821045,4.065999984741211,nan,nan,nan,nan,nan,nan,nan,nan,nan,nan,nan,nan
138.34097909927368,-0.4000000059604645,4.031000137329102,4.059999942779541,4.057000160217285,4.060999870300293,4.061999797821045,4.065999984741211,nan,nan,nan,nan,nan,nan,nan,nan,nan,nan,nan,nan
138.52150082588196,-0.4000000059604645,4.031000137329102,4.059999942779541,4.057000160217285,4.060999870300293,4.061999797821045,4.065000057220459,nan,nan,nan,nan,nan,nan,nan,nan,nan,nan,nan,nan
138.68095016479492,-0.4000000059604645,4.031000137329102,4.059999942779541,4.057000160217285,4.060999870300293,4.061999797821045,4.065000057220459,nan,nan,nan,nan,nan,nan,nan,nan,nan,nan,nan,nan
138.86112189292908,-0.4099999964237213,4.031000137329102,4.059999942779541,4.057000160217285,4.060999870300293,4.061999797821045,4.065999984741211,nan,nan,nan,nan,nan,nan,nan,nan,nan,nan,nan,nan
139.04132556915283,-0.4099999964237213,4.031000137329102,4.059999942779541,4.057000160217285,4.060999870300293,4.061999797821045,4.065000057220459,nan,nan,nan,nan,nan,nan,nan,nan,nan,nan,nan,nan
139.20104217529297,-0.4000000059604645,4.031000137329102,4.059999942779541,4.057000160217285,4.060999870300293,4.061999797821045,4.065000057220459,nan,nan,nan,nan,nan,nan,nan,nan,nan,nan,nan,nan
139.38139843940735,-0.4000000059604645,4.031000137329102,4.059999942779541,4.057000160217285,4.060999870300293,4.061999797821045,4.065999984741211,nan,nan,nan,nan,nan,nan,nan,nan,nan,nan,nan,nan
139.54101967811584,-0.4000000059604645,4.031000137329102,4.059999942779541,4.057000160217285,4.060999870300293,4.061999797821045,4.065000057220459,nan,nan,nan,nan,nan,nan,nan,nan,nan,nan,nan,nan
139.72153449058533,-0.4000000059604645,4.031000137329102,4.059999942779541,4.057000160217285,4.060999870300293,4.061999797821045,4.065000057220459,nan,nan,nan,nan,nan,nan,nan,nan,nan,nan,nan,nan
139.90181875228882,-0.4000000059604645,4.031000137329102,4.059999942779541,4.057000160217285,4.060999870300293,4.061999797821045,4.065000057220459,nan,nan,nan,nan,nan,nan,nan,nan,nan,nan,nan,nan
140.06111884117126,-0.4099999964237213,4.031000137329102,4.059999942779541,4.057000160217285,4.060999870300293,4.061999797821045,4.065999984741211,nan,nan,nan,nan,nan,nan,nan,nan,nan,nan,nan,nan
140.24275517463684,-0.4000000059604645,4.031000137329102,4.059999942779541,4.057000160217285,4.060999870300293,4.061999797821045,4.065000057220459,nan,nan,nan,nan,nan,nan,nan,nan,nan,nan,nan,nan
140.4020745754242,-0.4000000059604645,4.031000137329102,4.059999942779541,4.057000160217285,4.060999870300293,4.061999797821045,4.065000057220459,nan,nan,nan,nan,nan,nan,nan,nan,nan,nan,nan,nan
140.58096027374268,-0.4000000059604645,4.031000137329102,4.059999942779541,4.057000160217285,4.060999870300293,4.061999797821045,4.065000057220459,nan,nan,nan,nan,nan,nan,nan,nan,nan,nan,nan,nan
140.76117730140686,-0.4000000059604645,4.031000137329102,4.059999942779541,4.057000160217285,4.060999870300293,4.061999797821045,4.065000057220459,nan,nan,nan,nan,nan,nan,nan,nan,nan,nan,nan,nan
140.92221307754517,-0.4099999964237213,4.031000137329102,4.059999942779541,4.057000160217285,4.060999870300293,4.061999797821045,4.065999984741211,nan,nan,nan,nan,nan,nan,nan,nan,nan,nan,nan,nan
141.10290789604187,-0.41999998688697815,4.031000137329102,4.059999942779541,4.057000160217285,4.060999870300293,4.061999797821045,4.065000057220459,nan,nan,nan,nan,nan,nan,nan,nan,nan,nan,nan,nan
141.2812476158142,-0.41999998688697815,4.031000137329102,4.059999942779541,4.057000160217285,4.060999870300293,4.061999797821045,4.065999984741211,nan,nan,nan,nan,nan,nan,nan,nan,nan,nan,nan,nan
141.44092965126038,-0.4099999964237213,4.031000137329102,4.059999942779541,4.057000160217285,4.060999870300293,4.061999797821045,4.065999984741211,nan,nan,nan,nan,nan,nan,nan,nan,nan,nan,nan,nan
141.62160515785217,-0.4000000059604645,4.031000137329102,4.059999942779541,4.057000160217285,4.060999870300293,4.061999797821045,4.065999984741211,nan,nan,nan,nan,nan,nan,nan,nan,nan,nan,nan,nan
141.7808973789215,-0.38999998569488525,4.031000137329102,4.059999942779541,4.057000160217285,4.060999870300293,4.061999797821045,4.065000057220459,nan,nan,nan,nan,nan,nan,nan,nan,nan,nan,nan,nan
141.9610276222229,-0.4000000059604645,4.031000137329102,4.059999942779541,4.057000160217285,4.060999870300293,4.061999797821045,4.065999984741211,nan,nan,nan,nan,nan,nan,nan,nan,nan,nan,nan,nan
142.14137506484985,-0.4099999964237213,4.031000137329102,4.059999942779541,4.057000160217285,4.060999870300293,4.061999797821045,4.065999984741211,nan,nan,nan,nan,nan,nan,nan,nan,nan,nan,nan,nan
142.30092120170593,-0.38999998569488525,4.031000137329102,4.059999942779541,4.057000160217285,4.060999870300293,4.061999797821045,4.065000057220459,nan,nan,nan,nan,nan,nan,nan,nan,nan,nan,nan,nan
142.48134875297546,-0.38999998569488525,4.031000137329102,4.059999942779541,4.057000160217285,4.060999870300293,4.061999797821045,4.065000057220459,nan,nan,nan,nan,nan,nan,nan,nan,nan,nan,nan,nan
142.64271664619446,-0.4000000059604645,4.031000137329102,4.059999942779541,4.057000160217285,4.060999870300293,4.061999797821045,4.065000057220459,nan,nan,nan,nan,nan,nan,nan,nan,nan,nan,nan,nan
142.82104778289795,-0.4000000059604645,4.031000137329102,4.059999942779541,4.057000160217285,4.060999870300293,4.061999797821045,4.065999984741211,nan,nan,nan,nan,nan,nan,nan,nan,nan,nan,nan,nan
143.0015847682953,-0.4000000059604645,4.031000137329102,4.059999942779541,4.057000160217285,4.060999870300293,4.061999797821045,4.065000057220459,nan,nan,nan,nan,nan,nan,nan,nan,nan,nan,nan,nan
143.16105484962463,-0.4000000059604645,4.031000137329102,4.059999942779541,4.057000160217285,4.060999870300293,4.060999870300293,4.065000057220459,nan,nan,nan,nan,nan,nan,nan,nan,nan,nan,nan,nan
143.34124636650085,-0.4000000059604645,4.031000137329102,4.059999942779541,4.057000160217285,4.060999870300293,4.061999797821045,4.065000057220459,nan,nan,nan,nan,nan,nan,nan,nan,nan,nan,nan,nan
143.52114748954773,-0.4000000059604645,4.031000137329102,4.059999942779541,4.057000160217285,4.060999870300293,4.061999797821045,4.065000057220459,nan,nan,nan,nan,nan,nan,nan,nan,nan,nan,nan,nan
143.68091678619385,-0.4000000059604645,4.031000137329102,4.059999942779541,4.057000160217285,4.060999870300293,4.061999797821045,4.065000057220459,nan,nan,nan,nan,nan,nan,nan,nan,nan,nan,nan,nan
143.8629276752472,-0.4000000059604645,4.031000137329102,4.059999942779541,4.057000160217285,4.060999870300293,4.061999797821045,4.065000057220459,nan,nan,nan,nan,nan,nan,nan,nan,nan,nan,nan,nan
144.02080750465393,-0.4099999964237213,4.031000137329102,4.059999942779541,4.057000160217285,4.060999870300293,4.061999797821045,4.065000057220459,nan,nan,nan,nan,nan,nan,nan,nan,nan,nan,nan,nan
144.20238757133484,-0.4099999964237213,4.031000137329102,4.059000015258789,4.057000160217285,4.060999870300293,4.061999797821045,4.065000057220459,nan,nan,nan,nan,nan,nan,nan,nan,nan,nan,nan,nan
144.38059544563293,-0.38999998569488525,4.031000137329102,4.059999942779541,4.057000160217285,4.060999870300293,4.061999797821045,4.065999984741211,nan,nan,nan,nan,nan,nan,nan,nan,nan,nan,nan,nan
144.54032802581787,-0.38999998569488525,4.031000137329102,4.059999942779541,4.057000160217285,4.060999870300293,4.061999797821045,4.065000057220459,nan,nan,nan,nan,nan,nan,nan,nan,nan,nan,nan,nan
144.72089743614197,-0.4000000059604645,4.031000137329102,4.059000015258789,4.057000160217285,4.060999870300293,4.061999797821045,4.065000057220459,nan,nan,nan,nan,nan,nan,nan,nan,nan,nan,nan,nan
144.88174891471863,-0.4000000059604645,4.031000137329102,4.059999942779541,4.057000160217285,4.060999870300293,4.061999797821045,4.065999984741211,nan,nan,nan,nan,nan,nan,nan,nan,nan,nan,nan,nan
145.06063628196716,-0.38999998569488525,4.031000137329102,4.059999942779541,4.057000160217285,4.060999870300293,4.060999870300293,4.065000057220459,nan,nan,nan,nan,nan,nan,nan,nan,nan,nan,nan,nan
145.24143314361572,-0.4099999964237213,4.031000137329102,4.059999942779541,4.057000160217285,4.060999870300293,4.061999797821045,4.065000057220459,nan,nan,nan,nan,nan,nan,nan,nan,nan,nan,nan,nan
145.40051245689392,-0.4000000059604645,4.031000137329102,4.059999942779541,4.057000160217285,4.060999870300293,4.061999797821045,4.065000057220459,nan,nan,nan,nan,nan,nan,nan,nan,nan,nan,nan,nan
145.58118510246277,-0.4000000059604645,4.031000137329102,4.059999942779541,4.057000160217285,4.060999870300293,4.061999797821045,4.065000057220459,nan,nan,nan,nan,nan,nan,nan,nan,nan,nan,nan,nan
145.7618911266327,-0.38999998569488525,4.031000137329102,4.059999942779541,4.057000160217285,4.060999870300293,4.061999797821045,4.065000057220459,nan,nan,nan,nan,nan,nan,nan,nan,nan,nan,nan,nan
145.92163181304932,-0.3799999952316284,4.031000137329102,4.059999942779541,4.057000160217285,4.060999870300293,4.061999797821045,4.065000057220459,nan,nan,nan,nan,nan,nan,nan,nan,nan,nan,nan,nan
146.1018693447113,-0.4099999964237213,4.031000137329102,4.059999942779541,4.057000160217285,4.060999870300293,4.061999797821045,4.065000057220459,nan,nan,nan,nan,nan,nan,nan,nan,nan,nan,nan,nan
146.26110005378723,-0.4099999964237213,4.031000137329102,4.059999942779541,4.057000160217285,4.060999870300293,4.061999797821045,4.065999984741211,nan,nan,nan,nan,nan,nan,nan,nan,nan,nan,nan,nan
146.44132018089294,-0.4000000059604645,4.031000137329102,4.059999942779541,4.057000160217285,4.060999870300293,4.061999797821045,4.065000057220459,nan,nan,nan,nan,nan,nan,nan,nan,nan,nan,nan,nan
146.62124276161194,-0.4000000059604645,4.031000137329102,4.059999942779541,4.057000160217285,4.060999870300293,4.061999797821045,4.065999984741211,nan,nan,nan,nan,nan,nan,nan,nan,nan,nan,nan,nan
146.78127932548523,-0.4099999964237213,4.03000020980835,4.059000015258789,4.057000160217285,4.060999870300293,4.061999797821045,4.065000057220459,nan,nan,nan,nan,nan,nan,nan,nan,nan,nan,nan,nan
146.96125316619873,-0.4099999964237213,4.031000137329102,4.059999942779541,4.057000160217285,4.060999870300293,4.060999870300293,4.065000057220459,nan,nan,nan,nan,nan,nan,nan,nan,nan,nan,nan,nan
147.12071800231934,-0.4000000059604645,4.031000137329102,4.059999942779541,4.057000160217285,4.060999870300293,4.061999797821045,4.065000057220459,nan,nan,nan,nan,nan,nan,nan,nan,nan,nan,nan,nan
147.3009169101715,-0.4099999964237213,4.031000137329102,4.059999942779541,4.057000160217285,4.060999870300293,4.061999797821045,4.065000057220459,nan,nan,nan,nan,nan,nan,nan,nan,nan,nan,nan,nan
147.4811978340149,-0.41999998688697815,4.031000137329102,4.059999942779541,4.057000160217285,4.060999870300293,4.061999797821045,4.065000057220459,nan,nan,nan,nan,nan,nan,nan,nan,nan,nan,nan,nan
147.64079642295837,-0.4000000059604645,4.031000137329102,4.059000015258789,4.057000160217285,4.060999870300293,4.061999797821045,4.065999984741211,nan,nan,nan,nan,nan,nan,nan,nan,nan,nan,nan,nan
147.8210413455963,-0.41999998688697815,4.031000137329102,4.059999942779541,4.057000160217285,4.060999870300293,4.061999797821045,4.065999984741211,nan,nan,nan,nan,nan,nan,nan,nan,nan,nan,nan,nan
147.9806308746338,-0.38999998569488525,4.031000137329102,4.059999942779541,4.057000160217285,4.060999870300293,4.061999797821045,4.065000057220459,nan,nan,nan,nan,nan,nan,nan,nan,nan,nan,nan,nan
148.16084337234497,-0.4099999964237213,4.031000137329102,4.059999942779541,4.057000160217285,4.060999870300293,4.061999797821045,4.065000057220459,nan,nan,nan,nan,nan,nan,nan,nan,nan,nan,nan,nan
148.34110403060913,-0.41999998688697815,4.031000137329102,4.059000015258789,4.057000160217285,4.060999870300293,4.061999797821045,4.065000057220459,nan,nan,nan,nan,nan,nan,nan,nan,nan,nan,nan,nan
148.50074982643127,-0.41999998688697815,4.031000137329102,4.059000015258789,4.057000160217285,4.060999870300293,4.061999797821045,4.065000057220459,nan,nan,nan,nan,nan,nan,nan,nan,nan,nan,nan,nan
148.68102717399597,-0.4000000059604645,4.031000137329102,4.059000015258789,4.057000160217285,4.060999870300293,4.060999870300293,4.065000057220459,nan,nan,nan,nan,nan,nan,nan,nan,nan,nan,nan,nan
148.86119389533997,-0.38999998569488525,4.031000137329102,4.059999942779541,4.057000160217285,4.060999870300293,4.061999797821045,4.065000057220459,nan,nan,nan,nan,nan,nan,nan,nan,nan,nan,nan,nan
149.02114152908325,-0.4000000059604645,4.031000137329102,4.059999942779541,4.057000160217285,4.060999870300293,4.061999797821045,4.065000057220459,nan,nan,nan,nan,nan,nan,nan,nan,nan,nan,nan,nan
149.20122122764587,-0.4000000059604645,4.031000137329102,4.059000015258789,4.057000160217285,4.060999870300293,4.061999797821045,4.065000057220459,nan,nan,nan,nan,nan,nan,nan,nan,nan,nan,nan,nan
149.36059999465942,-0.4099999964237213,4.031000137329102,4.059000015258789,4.057000160217285,4.060999870300293,4.060999870300293,4.065000057220459,nan,nan,nan,nan,nan,nan,nan,nan,nan,nan,nan,nan
149.54109954833984,-0.4099999964237213,4.031000137329102,4.059999942779541,4.057000160217285,4.060999870300293,4.061999797821045,4.065000057220459,nan,nan,nan,nan,nan,nan,nan,nan,nan,nan,nan,nan
149.72123885154724,-0.4000000059604645,4.031000137329102,4.059999942779541,4.057000160217285,4.060999870300293,4.061999797821045,4.065000057220459,nan,nan,nan,nan,nan,nan,nan,nan,nan,nan,nan,nan
149.8813030719757,-0.38999998569488525,4.031000137329102,4.059000015258789,4.057000160217285,4.060999870300293,4.060999870300293,4.065000057220459,nan,nan,nan,nan,nan,nan,nan,nan,nan,nan,nan,nan
150.0610740184784,-0.4000000059604645,4.031000137329102,4.059000015258789,4.057000160217285,4.060999870300293,4.061999797821045,4.065000057220459,nan,nan,nan,nan,nan,nan,nan,nan,nan,nan,nan,nan
150.2207019329071,-0.4000000059604645,4.031000137329102,4.059999942779541,4.057000160217285,4.060999870300293,4.061999797821045,4.065000057220459,nan,nan,nan,nan,nan,nan,nan,nan,nan,nan,nan,nan
150.40130305290222,-0.4000000059604645,4.031000137329102,4.059000015258789,4.057000160217285,4.060999870300293,4.060999870300293,4.065000057220459,nan,nan,nan,nan,nan,nan,nan,nan,nan,nan,nan,nan
150.58154439926147,-0.4000000059604645,4.031000137329102,4.059999942779541,4.057000160217285,4.060999870300293,4.061999797821045,4.065000057220459,nan,nan,nan,nan,nan,nan,nan,nan,nan,nan,nan,nan
150.74111461639404,-0.4099999964237213,4.031000137329102,4.059000015258789,4.057000160217285,4.060999870300293,4.060999870300293,4.065000057220459,nan,nan,nan,nan,nan,nan,nan,nan,nan,nan,nan,nan
150.92151284217834,-0.4000000059604645,4.03000020980835,4.059000015258789,4.056000232696533,4.060999870300293,4.061999797821045,4.065000057220459,nan,nan,nan,nan,nan,nan,nan,nan,nan,nan,nan,nan
151.10066866874695,-0.4099999964237213,4.031000137329102,4.059000015258789,4.057000160217285,4.060999870300293,4.060999870300293,4.065000057220459,nan,nan,nan,nan,nan,nan,nan,nan,nan,nan,nan,nan
151.26157188415527,-0.4000000059604645,4.031000137329102,4.059000015258789,4.057000160217285,4.060999870300293,4.061999797821045,4.065000057220459,nan,nan,nan,nan,nan,nan,nan,nan,nan,nan,nan,nan
151.4418749809265,-0.4000000059604645,4.03000020980835,4.059000015258789,4.057000160217285,4.060999870300293,4.061999797821045,4.065000057220459,nan,nan,nan,nan,nan,nan,nan,nan,nan,nan,nan,nan
151.60120797157288,-0.38999998569488525,4.031000137329102,4.059000015258789,4.056000232696533,4.060999870300293,4.061999797821045,4.065000057220459,nan,nan,nan,nan,nan,nan,nan,nan,nan,nan,nan,nan
151.7817258834839,-0.38999998569488525,4.031000137329102,4.059999942779541,4.057000160217285,4.060999870300293,4.061999797821045,4.065000057220459,nan,nan,nan,nan,nan,nan,nan,nan,nan,nan,nan,nan
151.9616982936859,-0.4099999964237213,4.03000020980835,4.059000015258789,4.056000232696533,4.060999870300293,4.061999797821045,4.065000057220459,nan,nan,nan,nan,nan,nan,nan,nan,nan,nan,nan,nan
152.12130618095398,-0.4000000059604645,4.03000020980835,4.059000015258789,4.057000160217285,4.060999870300293,4.061999797821045,4.065000057220459,nan,nan,nan,nan,nan,nan,nan,nan,nan,nan,nan,nan
152.3015444278717,-0.4000000059604645,4.031000137329102,4.059999942779541,4.057000160217285,4.060999870300293,4.061999797821045,4.065000057220459,nan,nan,nan,nan,nan,nan,nan,nan,nan,nan,nan,nan
152.46121215820312,-0.4000000059604645,4.031000137329102,4.059999942779541,4.057000160217285,4.060999870300293,4.061999797821045,4.065000057220459,nan,nan,nan,nan,nan,nan,nan,nan,nan,nan,nan,nan
152.64141154289246,-0.4000000059604645,4.031000137329102,4.059999942779541,4.057000160217285,4.060999870300293,4.061999797821045,4.065000057220459,nan,nan,nan,nan,nan,nan,nan,nan,nan,nan,nan,nan
152.82182812690735,-0.4000000059604645,4.03000020980835,4.059000015258789,4.057000160217285,4.060999870300293,4.061999797821045,4.065000057220459,nan,nan,nan,nan,nan,nan,nan,nan,nan,nan,nan,nan
152.9809958934784,-0.38999998569488525,4.03000020980835,4.059000015258789,4.056000232696533,4.060999870300293,4.060999870300293,4.065000057220459,nan,nan,nan,nan,nan,nan,nan,nan,nan,nan,nan,nan
153.16158604621887,-0.4000000059604645,4.031000137329102,4.059000015258789,4.057000160217285,4.060999870300293,4.060999870300293,4.065000057220459,nan,nan,nan,nan,nan,nan,nan,nan,nan,nan,nan,nan
153.3415813446045,-0.4099999964237213,4.03000020980835,4.059000015258789,4.057000160217285,4.060999870300293,4.060999870300293,4.065000057220459,nan,nan,nan,nan,nan,nan,nan,nan,nan,nan,nan,nan
153.50075602531433,-0.4000000059604645,4.031000137329102,4.059000015258789,4.056000232696533,4.060999870300293,4.060999870300293,4.065000057220459,nan,nan,nan,nan,nan,nan,nan,nan,nan,nan,nan,nan
153.6814157962799,-0.4099999964237213,4.03000020980835,4.059000015258789,4.057000160217285,4.060999870300293,4.061999797821045,4.065000057220459,nan,nan,nan,nan,nan,nan,nan,nan,nan,nan,nan,nan
153.84068369865417,-0.38999998569488525,4.03000020980835,4.059000015258789,4.057000160217285,4.060999870300293,4.061999797821045,4.065000057220459,nan,nan,nan,nan,nan,nan,nan,nan,nan,nan,nan,nan
154.02108597755432,-0.4000000059604645,4.03000020980835,4.059000015258789,4.057000160217285,4.060999870300293,4.061999797821045,4.065000057220459,nan,nan,nan,nan,nan,nan,nan,nan,nan,nan,nan,nan
154.20157527923584,-0.38999998569488525,4.03000020980835,4.059999942779541,4.057000160217285,4.060999870300293,4.060999870300293,4.065000057220459,nan,nan,nan,nan,nan,nan,nan,nan,nan,nan,nan,nan
154.36087894439697,-0.4099999964237213,4.03000020980835,4.059999942779541,4.057000160217285,4.060999870300293,4.060999870300293,4.065000057220459,nan,nan,nan,nan,nan,nan,nan,nan,nan,nan,nan,nan
154.5410828590393,-0.4300000071525574,4.031000137329102,4.059000015258789,4.057000160217285,4.060999870300293,4.060999870300293,4.065000057220459,nan,nan,nan,nan,nan,nan,nan,nan,nan,nan,nan,nan
154.70080542564392,-0.38999998569488525,4.031000137329102,4.059000015258789,4.057000160217285,4.060999870300293,4.060999870300293,4.065000057220459,nan,nan,nan,nan,nan,nan,nan,nan,nan,nan,nan,nan
154.8810076713562,-0.4000000059604645,4.03000020980835,4.059000015258789,4.057000160217285,4.060999870300293,4.060999870300293,4.065000057220459,nan,nan,nan,nan,nan,nan,nan,nan,nan,nan,nan,nan
155.0624487400055,-0.4099999964237213,4.03000020980835,4.059000015258789,4.056000232696533,4.060999870300293,4.061999797821045,4.065000057220459,nan,nan,nan,nan,nan,nan,nan,nan,nan,nan,nan,nan
155.2232871055603,-0.38999998569488525,4.03000020980835,4.059000015258789,4.057000160217285,4.060999870300293,4.060999870300293,4.065000057220459,nan,nan,nan,nan,nan,nan,nan,nan,nan,nan,nan,nan
155.4008388519287,-0.4099999964237213,4.031000137329102,4.059000015258789,4.056000232696533,4.060999870300293,4.060999870300293,4.065000057220459,nan,nan,nan,nan,nan,nan,nan,nan,nan,nan,nan,nan
155.58092427253723,-0.4000000059604645,4.031000137329102,4.059999942779541,4.056000232696533,4.060999870300293,4.060999870300293,4.065000057220459,nan,nan,nan,nan,nan,nan,nan,nan,nan,nan,nan,nan
155.74045133590698,-0.38999998569488525,4.031000137329102,4.059000015258789,4.057000160217285,4.060999870300293,4.060999870300293,4.065000057220459,nan,nan,nan,nan,nan,nan,nan,nan,nan,nan,nan,nan
155.92104768753052,-0.4099999964237213,4.031000137329102,4.059000015258789,4.057000160217285,4.060999870300293,4.060999870300293,4.065000057220459,nan,nan,nan,nan,nan,nan,nan,nan,nan,nan,nan,nan
156.0808825492859,-0.4000000059604645,4.03000020980835,4.059000015258789,4.057000160217285,4.060999870300293,4.060999870300293,4.065000057220459,nan,nan,nan,nan,nan,nan,nan,nan,nan,nan,nan,nan
156.26071977615356,-0.4000000059604645,4.03000020980835,4.059000015258789,4.056000232696533,4.060999870300293,4.061999797821045,4.065000057220459,nan,nan,nan,nan,nan,nan,nan,nan,nan,nan,nan,nan
156.44116711616516,-0.4000000059604645,4.03000020980835,4.059000015258789,4.057000160217285,4.060999870300293,4.060999870300293,4.065000057220459,nan,nan,nan,nan,nan,nan,nan,nan,nan,nan,nan,nan
156.6018946170807,-0.38999998569488525,4.031000137329102,4.059000015258789,4.056000232696533,4.060999870300293,4.060999870300293,4.065000057220459,nan,nan,nan,nan,nan,nan,nan,nan,nan,nan,nan,nan
156.7810924053192,-0.4000000059604645,4.03000020980835,4.059000015258789,4.057000160217285,4.060999870300293,4.060999870300293,4.065000057220459,nan,nan,nan,nan,nan,nan,nan,nan,nan,nan,nan,nan
156.94211649894714,-0.4000000059604645,4.03000020980835,4.059000015258789,4.057000160217285,4.060999870300293,4.060999870300293,4.065000057220459,nan,nan,nan,nan,nan,nan,nan,nan,nan,nan,nan,nan
157.12055492401123,-0.4000000059604645,4.03000020980835,4.059000015258789,4.057000160217285,4.060999870300293,4.060999870300293,4.065000057220459,nan,nan,nan,nan,nan,nan,nan,nan,nan,nan,nan,nan
157.3010458946228,-0.4000000059604645,4.031000137329102,4.059000015258789,4.057000160217285,4.060999870300293,4.061999797821045,4.065000057220459,nan,nan,nan,nan,nan,nan,nan,nan,nan,nan,nan,nan
157.46247959136963,-0.4000000059604645,4.03000020980835,4.059000015258789,4.056000232696533,4.060999870300293,4.060999870300293,4.065000057220459,nan,nan,nan,nan,nan,nan,nan,nan,nan,nan,nan,nan
157.6420557498932,-0.4000000059604645,4.03000020980835,4.059000015258789,4.056000232696533,4.060999870300293,4.061999797821045,4.065000057220459,nan,nan,nan,nan,nan,nan,nan,nan,nan,nan,nan,nan
157.82200241088867,-0.38999998569488525,4.03000020980835,4.059000015258789,4.057000160217285,4.060999870300293,4.060999870300293,4.065000057220459,nan,nan,nan,nan,nan,nan,nan,nan,nan,nan,nan,nan
157.9814829826355,-0.4000000059604645,4.03000020980835,4.059000015258789,4.056000232696533,4.060999870300293,4.060999870300293,4.065000057220459,nan,nan,nan,nan,nan,nan,nan,nan,nan,nan,nan,nan
158.16178584098816,-0.4000000059604645,4.03000020980835,4.059000015258789,4.056000232696533,4.060999870300293,4.060999870300293,4.065000057220459,nan,nan,nan,nan,nan,nan,nan,nan,nan,nan,nan,nan
158.32082796096802,-0.38999998569488525,4.03000020980835,4.059000015258789,4.057000160217285,4.060999870300293,4.060999870300293,4.065000057220459,nan,nan,nan,nan,nan,nan,nan,nan,nan,nan,nan,nan
158.5010690689087,-0.41999998688697815,4.03000020980835,4.059000015258789,4.056000232696533,4.060999870300293,4.060999870300293,4.065000057220459,nan,nan,nan,nan,nan,nan,nan,nan,nan,nan,nan,nan
158.6817660331726,-0.41999998688697815,4.03000020980835,4.059999942779541,4.056000232696533,4.060999870300293,4.060999870300293,4.065000057220459,nan,nan,nan,nan,nan,nan,nan,nan,nan,nan,nan,nan
158.84082126617432,-0.38999998569488525,4.03000020980835,4.059000015258789,4.056000232696533,4.060999870300293,4.060999870300293,4.065000057220459,nan,nan,nan,nan,nan,nan,nan,nan,nan,nan,nan,nan
159.02104687690735,-0.4000000059604645,4.03000020980835,4.059000015258789,4.056000232696533,4.060999870300293,4.060999870300293,4.065000057220459,nan,nan,nan,nan,nan,nan,nan,nan,nan,nan,nan,nan
159.18190550804138,-0.4000000059604645,4.03000020980835,4.059000015258789,4.056000232696533,4.060999870300293,4.061999797821045,4.065000057220459,nan,nan,nan,nan,nan,nan,nan,nan,nan,nan,nan,nan
159.36058235168457,-0.4000000059604645,4.03000020980835,4.059000015258789,4.056000232696533,4.060999870300293,4.060999870300293,4.065000057220459,nan,nan,nan,nan,nan,nan,nan,nan,nan,nan,nan,nan
159.54106402397156,-0.4099999964237213,4.03000020980835,4.059999942779541,4.056000232696533,4.060999870300293,4.060999870300293,4.065000057220459,nan,nan,nan,nan,nan,nan,nan,nan,nan,nan,nan,nan
159.70067477226257,-0.4000000059604645,4.03000020980835,4.059000015258789,4.056000232696533,4.060999870300293,4.060999870300293,4.065000057220459,nan,nan,nan,nan,nan,nan,nan,nan,nan,nan,nan,nan
159.88099241256714,-0.4000000059604645,4.03000020980835,4.059000015258789,4.056000232696533,4.060999870300293,4.060999870300293,4.065000057220459,nan,nan,nan,nan,nan,nan,nan,nan,nan,nan,nan,nan
160.04064846038818,-0.4000000059604645,4.03000020980835,4.059000015258789,4.056000232696533,4.060999870300293,4.060999870300293,4.065000057220459,nan,nan,nan,nan,nan,nan,nan,nan,nan,nan,nan,nan
160.22096753120422,-0.4099999964237213,4.03000020980835,4.059000015258789,4.056000232696533,4.060999870300293,4.060999870300293,4.065000057220459,nan,nan,nan,nan,nan,nan,nan,nan,nan,nan,nan,nan
160.4012279510498,-0.4099999964237213,4.03000020980835,4.059000015258789,4.056000232696533,4.060999870300293,4.060999870300293,4.065000057220459,nan,nan,nan,nan,nan,nan,nan,nan,nan,nan,nan,nan
160.56063199043274,-0.41999998688697815,4.03000020980835,4.059000015258789,4.056000232696533,4.060999870300293,4.060999870300293,4.065000057220459,nan,nan,nan,nan,nan,nan,nan,nan,nan,nan,nan,nan
160.7409827709198,-0.4000000059604645,4.03000020980835,4.059000015258789,4.056000232696533,4.060999870300293,4.060999870300293,4.065000057220459,nan,nan,nan,nan,nan,nan,nan,nan,nan,nan,nan,nan
160.9213309288025,-0.38999998569488525,4.03000020980835,4.059000015258789,4.057000160217285,4.060999870300293,4.061999797821045,4.065000057220459,nan,nan,nan,nan,nan,nan,nan,nan,nan,nan,nan,nan
161.08090829849243,-0.4000000059604645,4.03000020980835,4.059000015258789,4.056000232696533,4.060999870300293,4.060999870300293,4.065000057220459,nan,nan,nan,nan,nan,nan,nan,nan,nan,nan,nan,nan
161.26115083694458,-0.38999998569488525,4.03000020980835,4.059000015258789,4.056000232696533,4.060999870300293,4.060999870300293,4.065000057220459,nan,nan,nan,nan,nan,nan,nan,nan,nan,nan,nan,nan
161.42190265655518,-0.4000000059604645,4.03000020980835,4.059000015258789,4.056000232696533,4.060999870300293,4.060999870300293,4.065000057220459,nan,nan,nan,nan,nan,nan,nan,nan,nan,nan,nan,nan
161.60071778297424,-0.38999998569488525,4.03000020980835,4.059000015258789,4.056000232696533,4.060999870300293,4.060999870300293,4.065000057220459,nan,nan,nan,nan,nan,nan,nan,nan,nan,nan,nan,nan
161.7813651561737,-0.4000000059604645,4.03000020980835,4.059000015258789,4.056000232696533,4.060999870300293,4.060999870300293,4.065000057220459,nan,nan,nan,nan,nan,nan,nan,nan,nan,nan,nan,nan
161.94197964668274,-0.4099999964237213,4.03000020980835,4.059000015258789,4.056000232696533,4.060999870300293,4.060999870300293,4.065000057220459,nan,nan,nan,nan,nan,nan,nan,nan,nan,nan,nan,nan
162.12097549438477,-0.4000000059604645,4.03000020980835,4.059000015258789,4.056000232696533,4.060999870300293,4.060999870300293,4.065000057220459,nan,nan,nan,nan,nan,nan,nan,nan,nan,nan,nan,nan
162.28022241592407,-0.4000000059604645,4.03000020980835,4.059000015258789,4.056000232696533,4.060999870300293,4.060999870300293,4.065000057220459,nan,nan,nan,nan,nan,nan,nan,nan,nan,nan,nan,nan
162.46080112457275,-0.4000000059604645,4.03000020980835,4.059000015258789,4.056000232696533,4.060999870300293,4.060999870300293,4.065000057220459,nan,nan,nan,nan,nan,nan,nan,nan,nan,nan,nan,nan
162.6409513950348,-0.4000000059604645,4.03000020980835,4.059000015258789,4.057000160217285,4.060999870300293,4.060999870300293,4.065000057220459,nan,nan,nan,nan,nan,nan,nan,nan,nan,nan,nan,nan
162.80062317848206,-0.4000000059604645,4.03000020980835,4.059000015258789,4.056000232696533,4.060999870300293,4.060999870300293,4.065000057220459,nan,nan,nan,nan,nan,nan,nan,nan,nan,nan,nan,nan
162.98111605644226,-0.4000000059604645,4.03000020980835,4.059000015258789,4.057000160217285,4.060999870300293,4.060999870300293,4.065000057220459,nan,nan,nan,nan,nan,nan,nan,nan,nan,nan,nan,nan
163.16145014762878,-0.4399999976158142,4.03000020980835,4.059000015258789,4.056000232696533,4.060999870300293,4.060999870300293,4.065000057220459,nan,nan,nan,nan,nan,nan,nan,nan,nan,nan,nan,nan
163.3210391998291,-0.4099999964237213,4.03000020980835,4.059000015258789,4.056000232696533,4.059999942779541,4.060999870300293,4.065000057220459,nan,nan,nan,nan,nan,nan,nan,nan,nan,nan,nan,nan
163.5009536743164,-0.4000000059604645,4.03000020980835,4.059000015258789,4.056000232696533,4.060999870300293,4.060999870300293,4.065000057220459,nan,nan,nan,nan,nan,nan,nan,nan,nan,nan,nan,nan
163.661963224411,-0.4000000059604645,4.03000020980835,4.059000015258789,4.056000232696533,4.060999870300293,4.060999870300293,4.065000057220459,nan,nan,nan,nan,nan,nan,nan,nan,nan,nan,nan,nan
163.8407702445984,-0.38999998569488525,4.03000020980835,4.059000015258789,4.056000232696533,4.060999870300293,4.060999870300293,4.065000057220459,nan,nan,nan,nan,nan,nan,nan,nan,nan,nan,nan,nan
164.02106380462646,-0.4000000059604645,4.03000020980835,4.059000015258789,4.056000232696533,4.060999870300293,4.060999870300293,4.065000057220459,nan,nan,nan,nan,nan,nan,nan,nan,nan,nan,nan,nan
164.18079233169556,-0.4300000071525574,4.03000020980835,4.059000015258789,4.056000232696533,4.060999870300293,4.060999870300293,4.065000057220459,nan,nan,nan,nan,nan,nan,nan,nan,nan,nan,nan,nan
164.36135268211365,-0.4000000059604645,4.03000020980835,4.059000015258789,4.056000232696533,4.060999870300293,4.060999870300293,4.065000057220459,nan,nan,nan,nan,nan,nan,nan,nan,nan,nan,nan,nan
164.52071595191956,-0.4000000059604645,4.03000020980835,4.059000015258789,4.056000232696533,4.060999870300293,4.060999870300293,4.065000057220459,nan,nan,nan,nan,nan,nan,nan,nan,nan,nan,nan,nan
164.70139265060425,-0.38999998569488525,4.03000020980835,4.059000015258789,4.056000232696533,4.060999870300293,4.060999870300293,4.065000057220459,nan,nan,nan,nan,nan,nan,nan,nan,nan,nan,nan,nan
164.8819625377655,-0.4000000059604645,4.03000020980835,4.059000015258789,4.056000232696533,4.060999870300293,4.060999870300293,4.065000057220459,nan,nan,nan,nan,nan,nan,nan,nan,nan,nan,nan,nan
165.04126143455505,-0.38999998569488525,4.03000020980835,4.059000015258789,4.056000232696533,4.060999870300293,4.060999870300293,4.065000057220459,nan,nan,nan,nan,nan,nan,nan,nan,nan,nan,nan,nan
165.22156739234924,-0.41999998688697815,4.03000020980835,4.059000015258789,4.056000232696533,4.060999870300293,4.060999870300293,4.065000057220459,nan,nan,nan,nan,nan,nan,nan,nan,nan,nan,nan,nan
165.4004192352295,-0.4000000059604645,4.03000020980835,4.059000015258789,4.056000232696533,4.060999870300293,4.060999870300293,4.065000057220459,nan,nan,nan,nan,nan,nan,nan,nan,nan,nan,nan,nan
165.56042313575745,-0.4000000059604645,4.03000020980835,4.059000015258789,4.056000232696533,4.060999870300293,4.060999870300293,4.065000057220459,nan,nan,nan,nan,nan,nan,nan,nan,nan,nan,nan,nan
165.74062204360962,-0.4000000059604645,4.03000020980835,4.059000015258789,4.056000232696533,4.060999870300293,4.060999870300293,4.065000057220459,nan,nan,nan,nan,nan,nan,nan,nan,nan,nan,nan,nan
165.90164613723755,-0.3799999952316284,4.03000020980835,4.059000015258789,4.056000232696533,4.060999870300293,4.061999797821045,4.065000057220459,nan,nan,nan,nan,nan,nan,nan,nan,nan,nan,nan,nan
166.08170008659363,-0.4000000059604645,4.03000020980835,4.059000015258789,4.056000232696533,4.060999870300293,4.060999870300293,4.065000057220459,nan,nan,nan,nan,nan,nan,nan,nan,nan,nan,nan,nan
166.26049494743347,-0.4000000059604645,4.03000020980835,4.059000015258789,4.056000232696533,4.060999870300293,4.060999870300293,4.065000057220459,nan,nan,nan,nan,nan,nan,nan,nan,nan,nan,nan,nan
166.42166566848755,-0.4000000059604645,4.03000020980835,4.059000015258789,4.056000232696533,4.060999870300293,4.060999870300293,4.065000057220459,nan,nan,nan,nan,nan,nan,nan,nan,nan,nan,nan,nan
166.60039687156677,-0.4000000059604645,4.03000020980835,4.059000015258789,4.056000232696533,4.060999870300293,4.060999870300293,4.065000057220459,nan,nan,nan,nan,nan,nan,nan,nan,nan,nan,nan,nan
166.78062462806702,-0.4099999964237213,4.03000020980835,4.059000015258789,4.056000232696533,4.059999942779541,4.060999870300293,4.065000057220459,nan,nan,nan,nan,nan,nan,nan,nan,nan,nan,nan,nan
166.9418704509735,-0.38999998569488525,4.03000020980835,4.059000015258789,4.056000232696533,4.060999870300293,4.060999870300293,4.065000057220459,nan,nan,nan,nan,nan,nan,nan,nan,nan,nan,nan,nan
167.12051248550415,-0.4000000059604645,4.03000020980835,4.059000015258789,4.056000232696533,4.060999870300293,4.060999870300293,4.065000057220459,nan,nan,nan,nan,nan,nan,nan,nan,nan,nan,nan,nan
167.28183722496033,-0.4099999964237213,4.03000020980835,4.059000015258789,4.056000232696533,4.060999870300293,4.060999870300293,4.065000057220459,nan,nan,nan,nan,nan,nan,nan,nan,nan,nan,nan,nan
167.46190667152405,-0.38999998569488525,4.03000020980835,4.059000015258789,4.056000232696533,4.060999870300293,4.060999870300293,4.065000057220459,nan,nan,nan,nan,nan,nan,nan,nan,nan,nan,nan,nan
167.64082407951355,-0.4000000059604645,4.03000020980835,4.059000015258789,4.056000232696533,4.060999870300293,4.060999870300293,4.065000057220459,nan,nan,nan,nan,nan,nan,nan,nan,nan,nan,nan,nan
167.80176949501038,-0.4000000059604645,4.03000020980835,4.059000015258789,4.056000232696533,4.059999942779541,4.060999870300293,4.065000057220459,nan,nan,nan,nan,nan,nan,nan,nan,nan,nan,nan,nan
167.98160910606384,-0.4000000059604645,4.03000020980835,4.059000015258789,4.056000232696533,4.060999870300293,4.060999870300293,4.065000057220459,nan,nan,nan,nan,nan,nan,nan,nan,nan,nan,nan,nan
168.1411576271057,-0.4099999964237213,4.03000020980835,4.059000015258789,4.056000232696533,4.060999870300293,4.060999870300293,4.065000057220459,nan,nan,nan,nan,nan,nan,nan,nan,nan,nan,nan,nan
168.32120037078857,-0.4000000059604645,4.03000020980835,4.059000015258789,4.056000232696533,4.060999870300293,4.060999870300293,4.065000057220459,nan,nan,nan,nan,nan,nan,nan,nan,nan,nan,nan,nan
168.50153708457947,-0.4000000059604645,4.03000020980835,4.059000015258789,4.056000232696533,4.060999870300293,4.060999870300293,4.065000057220459,nan,nan,nan,nan,nan,nan,nan,nan,nan,nan,nan,nan
168.66119027137756,-0.41999998688697815,4.03000020980835,4.059000015258789,4.056000232696533,4.060999870300293,4.060999870300293,4.065000057220459,nan,nan,nan,nan,nan,nan,nan,nan,nan,nan,nan,nan
168.84151363372803,-0.4000000059604645,4.03000020980835,4.059000015258789,4.056000232696533,4.060999870300293,4.060999870300293,4.065000057220459,nan,nan,nan,nan,nan,nan,nan,nan,nan,nan,nan,nan
169.00119614601135,-0.4000000059604645,4.03000020980835,4.059000015258789,4.056000232696533,4.060999870300293,4.060999870300293,4.065000057220459,nan,nan,nan,nan,nan,nan,nan,nan,nan,nan,nan,nan
169.1814785003662,-0.4099999964237213,4.03000020980835,4.059000015258789,4.056000232696533,4.060999870300293,4.060999870300293,4.065000057220459,nan,nan,nan,nan,nan,nan,nan,nan,nan,nan,nan,nan
169.36157846450806,-0.4000000059604645,4.03000020980835,4.059000015258789,4.056000232696533,4.060999870300293,4.060999870300293,4.065000057220459,nan,nan,nan,nan,nan,nan,nan,nan,nan,nan,nan,nan
169.5210428237915,-0.4000000059604645,4.03000020980835,4.059000015258789,4.056000232696533,4.060999870300293,4.060999870300293,4.065000057220459,nan,nan,nan,nan,nan,nan,nan,nan,nan,nan,nan,nan
169.70202255249023,-0.41999998688697815,4.03000020980835,4.059000015258789,4.056000232696533,4.060999870300293,4.060999870300293,4.065000057220459,nan,nan,nan,nan,nan,nan,nan,nan,nan,nan,nan,nan
169.88189554214478,-0.4000000059604645,4.03000020980835,4.059000015258789,4.056000232696533,4.059999942779541,4.060999870300293,4.065000057220459,nan,nan,nan,nan,nan,nan,nan,nan,nan,nan,nan,nan
170.04170298576355,-0.4000000059604645,4.03000020980835,4.059000015258789,4.056000232696533,4.059999942779541,4.060999870300293,4.065000057220459,nan,nan,nan,nan,nan,nan,nan,nan,nan,nan,nan,nan
170.2222557067871,-0.4000000059604645,4.03000020980835,4.059000015258789,4.056000232696533,4.060999870300293,4.060999870300293,4.065000057220459,nan,nan,nan,nan,nan,nan,nan,nan,nan,nan,nan,nan
170.3812277317047,-0.4000000059604645,4.03000020980835,4.059000015258789,4.056000232696533,4.060999870300293,4.060999870300293,4.065000057220459,nan,nan,nan,nan,nan,nan,nan,nan,nan,nan,nan,nan
170.5615804195404,-0.4099999964237213,4.03000020980835,4.059000015258789,4.056000232696533,4.060999870300293,4.060999870300293,4.065000057220459,nan,nan,nan,nan,nan,nan,nan,nan,nan,nan,nan,nan
170.74056673049927,-0.4000000059604645,4.03000020980835,4.059000015258789,4.056000232696533,4.059999942779541,4.060999870300293,4.065000057220459,nan,nan,nan,nan,nan,nan,nan,nan,nan,nan,nan,nan
170.901691198349,-0.4000000059604645,4.03000020980835,4.059000015258789,4.056000232696533,4.060999870300293,4.060999870300293,4.065000057220459,nan,nan,nan,nan,nan,nan,nan,nan,nan,nan,nan,nan
171.0807921886444,-0.4000000059604645,4.03000020980835,4.059000015258789,4.056000232696533,4.059999942779541,4.060999870300293,4.065000057220459,nan,nan,nan,nan,nan,nan,nan,nan,nan,nan,nan,nan
171.26244115829468,-0.4000000059604645,4.03000020980835,4.059000015258789,4.056000232696533,4.060999870300293,4.060999870300293,4.065000057220459,nan,nan,nan,nan,nan,nan,nan,nan,nan,nan,nan,nan
171.4216709136963,-0.4000000059604645,4.03000020980835,4.059000015258789,4.056000232696533,4.059999942779541,4.060999870300293,4.065000057220459,nan,nan,nan,nan,nan,nan,nan,nan,nan,nan,nan,nan
171.6004409790039,-0.4000000059604645,4.03000020980835,4.059000015258789,4.056000232696533,4.060999870300293,4.060999870300293,4.065000057220459,nan,nan,nan,nan,nan,nan,nan,nan,nan,nan,nan,nan
171.76171493530273,-0.4099999964237213,4.03000020980835,4.059000015258789,4.056000232696533,4.060999870300293,4.060999870300293,4.065000057220459,nan,nan,nan,nan,nan,nan,nan,nan,nan,nan,nan,nan
171.94039511680603,-0.4000000059604645,4.03000020980835,4.059000015258789,4.056000232696533,4.060999870300293,4.060999870300293,4.065000057220459,nan,nan,nan,nan,nan,nan,nan,nan,nan,nan,nan,nan
172.12085700035095,-0.4000000059604645,4.03000020980835,4.059000015258789,4.056000232696533,4.060999870300293,4.060999870300293,4.065000057220459,nan,nan,nan,nan,nan,nan,nan,nan,nan,nan,nan,nan
172.28029680252075,-0.4000000059604645,4.03000020980835,4.059000015258789,4.056000232696533,4.059999942779541,4.060999870300293,4.065000057220459,nan,nan,nan,nan,nan,nan,nan,nan,nan,nan,nan,nan
172.46109914779663,-0.4000000059604645,4.03000020980835,4.059000015258789,4.056000232696533,4.060999870300293,4.060999870300293,4.065000057220459,nan,nan,nan,nan,nan,nan,nan,nan,nan,nan,nan,nan
172.6205883026123,-0.4000000059604645,4.03000020980835,4.059000015258789,4.056000232696533,4.060999870300293,4.060999870300293,4.065000057220459,nan,nan,nan,nan,nan,nan,nan,nan,nan,nan,nan,nan
172.80056643486023,-0.4000000059604645,4.03000020980835,4.059000015258789,4.056000232696533,4.059999942779541,4.060999870300293,4.065000057220459,nan,nan,nan,nan,nan,nan,nan,nan,nan,nan,nan,nan
172.98115634918213,-0.4000000059604645,4.03000020980835,4.059000015258789,4.056000232696533,4.060999870300293,4.060999870300293,4.065000057220459,nan,nan,nan,nan,nan,nan,nan,nan,nan,nan,nan,nan
173.1408703327179,-0.4000000059604645,4.03000020980835,4.059000015258789,4.056000232696533,4.060999870300293,4.060999870300293,4.065000057220459,nan,nan,nan,nan,nan,nan,nan,nan,nan,nan,nan,nan
173.3209261894226,-0.4000000059604645,4.03000020980835,4.059000015258789,4.056000232696533,4.059999942779541,4.060999870300293,4.065000057220459,nan,nan,nan,nan,nan,nan,nan,nan,nan,nan,nan,nan
173.50126814842224,-0.4000000059604645,4.03000020980835,4.059000015258789,4.056000232696533,4.060999870300293,4.060999870300293,4.065000057220459,nan,nan,nan,nan,nan,nan,nan,nan,nan,nan,nan,nan
173.66073608398438,-0.4000000059604645,4.03000020980835,4.059000015258789,4.056000232696533,4.059999942779541,4.060999870300293,4.065000057220459,nan,nan,nan,nan,nan,nan,nan,nan,nan,nan,nan,nan
173.8412103652954,-0.4000000059604645,4.03000020980835,4.059000015258789,4.056000232696533,4.060999870300293,4.060999870300293,4.065000057220459,nan,nan,nan,nan,nan,nan,nan,nan,nan,nan,nan,nan
174.00062251091003,-0.4000000059604645,4.03000020980835,4.059000015258789,4.056000232696533,4.060999870300293,4.060999870300293,4.065000057220459,nan,nan,nan,nan,nan,nan,nan,nan,nan,nan,nan,nan
174.18094563484192,-0.4099999964237213,4.03000020980835,4.059000015258789,4.056000232696533,4.060999870300293,4.060999870300293,4.065000057220459,nan,nan,nan,nan,nan,nan,nan,nan,nan,nan,nan,nan
174.36139965057373,-0.38999998569488525,4.03000020980835,4.059000015258789,4.056000232696533,4.060999870300293,4.060999870300293,4.065000057220459,nan,nan,nan,nan,nan,nan,nan,nan,nan,nan,nan,nan
174.52100896835327,-0.4000000059604645,4.03000020980835,4.059000015258789,4.056000232696533,4.060999870300293,4.060999870300293,4.065000057220459,nan,nan,nan,nan,nan,nan,nan,nan,nan,nan,nan,nan
174.70285391807556,-0.38999998569488525,4.03000020980835,4.059000015258789,4.056000232696533,4.059999942779541,4.060999870300293,4.065000057220459,nan,nan,nan,nan,nan,nan,nan,nan,nan,nan,nan,nan
174.8608317375183,-0.4000000059604645,4.03000020980835,4.059000015258789,4.056000232696533,4.059999942779541,4.060999870300293,4.065000057220459,nan,nan,nan,nan,nan,nan,nan,nan,nan,nan,nan,nan
175.04116082191467,-0.3799999952316284,4.03000020980835,4.059000015258789,4.056000232696533,4.059999942779541,4.060999870300293,4.065000057220459,nan,nan,nan,nan,nan,nan,nan,nan,nan,nan,nan,nan
175.22129440307617,-0.4000000059604645,4.03000020980835,4.059000015258789,4.056000232696533,4.059999942779541,4.060999870300293,4.065000057220459,nan,nan,nan,nan,nan,nan,nan,nan,nan,nan,nan,nan
175.3806540966034,-0.4099999964237213,4.03000020980835,4.059000015258789,4.056000232696533,4.059999942779541,4.060999870300293,4.065000057220459,nan,nan,nan,nan,nan,nan,nan,nan,nan,nan,nan,nan
175.56130933761597,-0.4000000059604645,4.03000020980835,4.059000015258789,4.056000232696533,4.059999942779541,4.060999870300293,4.065000057220459,nan,nan,nan,nan,nan,nan,nan,nan,nan,nan,nan,nan
175.7415964603424,-0.4099999964237213,4.03000020980835,4.059000015258789,4.056000232696533,4.059999942779541,4.060999870300293,4.065000057220459,nan,nan,nan,nan,nan,nan,nan,nan,nan,nan,nan,nan
175.90155935287476,-0.4000000059604645,4.03000020980835,4.059000015258789,4.056000232696533,4.059999942779541,4.060999870300293,4.065000057220459,nan,nan,nan,nan,nan,nan,nan,nan,nan,nan,nan,nan
176.08194613456726,-0.4000000059604645,4.03000020980835,4.059000015258789,4.056000232696533,4.059999942779541,4.060999870300293,4.065000057220459,nan,nan,nan,nan,nan,nan,nan,nan,nan,nan,nan,nan
176.24089813232422,-0.4000000059604645,4.03000020980835,4.059000015258789,4.056000232696533,4.059999942779541,4.060999870300293,4.065000057220459,nan,nan,nan,nan,nan,nan,nan,nan,nan,nan,nan,nan
176.4226644039154,-0.4000000059604645,4.0289998054504395,4.059000015258789,4.056000232696533,4.060999870300293,4.060999870300293,4.065000057220459,nan,nan,nan,nan,nan,nan,nan,nan,nan,nan,nan,nan
176.60173058509827,-0.38999998569488525,4.03000020980835,4.059000015258789,4.056000232696533,4.059999942779541,4.060999870300293,4.065000057220459,nan,nan,nan,nan,nan,nan,nan,nan,nan,nan,nan,nan
176.7610957622528,-0.4000000059604645,4.03000020980835,4.059000015258789,4.056000232696533,4.060999870300293,4.060999870300293,4.065000057220459,nan,nan,nan,nan,nan,nan,nan,nan,nan,nan,nan,nan
176.94150590896606,-0.38999998569488525,4.03000020980835,4.059000015258789,4.056000232696533,4.060999870300293,4.060999870300293,4.065000057220459,nan,nan,nan,nan,nan,nan,nan,nan,nan,nan,nan,nan
177.1011836528778,-0.4099999964237213,4.03000020980835,4.059000015258789,4.056000232696533,4.059999942779541,4.060999870300293,4.065000057220459,nan,nan,nan,nan,nan,nan,nan,nan,nan,nan,nan,nan
177.28102111816406,-0.4000000059604645,4.03000020980835,4.059000015258789,4.056000232696533,4.059999942779541,4.060999870300293,4.065000057220459,nan,nan,nan,nan,nan,nan,nan,nan,nan,nan,nan,nan
177.46289825439453,-0.4000000059604645,4.03000020980835,4.059000015258789,4.056000232696533,4.060999870300293,4.060999870300293,4.065000057220459,nan,nan,nan,nan,nan,nan,nan,nan,nan,nan,nan,nan
177.62109398841858,-0.4000000059604645,4.03000020980835,4.059000015258789,4.056000232696533,4.060999870300293,4.060999870300293,4.065000057220459,nan,nan,nan,nan,nan,nan,nan,nan,nan,nan,nan,nan
177.80246472358704,-0.4000000059604645,4.03000020980835,4.059000015258789,4.056000232696533,4.059999942779541,4.060999870300293,4.065000057220459,nan,nan,nan,nan,nan,nan,nan,nan,nan,nan,nan,nan
177.9811065196991,-0.4000000059604645,4.03000020980835,4.059000015258789,4.056000232696533,4.059999942779541,4.060999870300293,4.065000057220459,nan,nan,nan,nan,nan,nan,nan,nan,nan,nan,nan,nan
178.14223837852478,-0.41999998688697815,4.03000020980835,4.059000015258789,4.056000232696533,4.059999942779541,4.060999870300293,4.065000057220459,nan,nan,nan,nan,nan,nan,nan,nan,nan,nan,nan,nan
178.32072067260742,-0.4099999964237213,4.03000020980835,4.059000015258789,4.056000232696533,4.059999942779541,4.060999870300293,4.065000057220459,nan,nan,nan,nan,nan,nan,nan,nan,nan,nan,nan,nan
178.48035264015198,-0.4099999964237213,4.03000020980835,4.059000015258789,4.056000232696533,4.059999942779541,4.060999870300293,4.065000057220459,nan,nan,nan,nan,nan,nan,nan,nan,nan,nan,nan,nan
178.6607735157013,-0.4000000059604645,4.03000020980835,4.059000015258789,4.056000232696533,4.059999942779541,4.060999870300293,4.065000057220459,nan,nan,nan,nan,nan,nan,nan,nan,nan,nan,nan,nan
178.8411009311676,-0.38999998569488525,4.03000020980835,4.059000015258789,4.056000232696533,4.060999870300293,4.060999870300293,4.065000057220459,nan,nan,nan,nan,nan,nan,nan,nan,nan,nan,nan,nan
179.00074815750122,-0.4099999964237213,4.0289998054504395,4.059000015258789,4.056000232696533,4.059999942779541,4.060999870300293,4.065000057220459,nan,nan,nan,nan,nan,nan,nan,nan,nan,nan,nan,nan
179.1812243461609,-0.4000000059604645,4.0289998054504395,4.059000015258789,4.056000232696533,4.059999942779541,4.060999870300293,4.065000057220459,nan,nan,nan,nan,nan,nan,nan,nan,nan,nan,nan,nan
179.34069752693176,-0.4000000059604645,4.0289998054504395,4.059000015258789,4.056000232696533,4.060999870300293,4.060999870300293,4.065000057220459,nan,nan,nan,nan,nan,nan,nan,nan,nan,nan,nan,nan
179.5206344127655,-0.4000000059604645,4.0289998054504395,4.059000015258789,4.056000232696533,4.059999942779541,4.060999870300293,4.065000057220459,nan,nan,nan,nan,nan,nan,nan,nan,nan,nan,nan,nan
179.70136857032776,-0.4000000059604645,4.03000020980835,4.059000015258789,4.056000232696533,4.059999942779541,4.060999870300293,4.065000057220459,nan,nan,nan,nan,nan,nan,nan,nan,nan,nan,nan,nan
179.86214303970337,-0.3700000047683716,4.03000020980835,4.059000015258789,4.056000232696533,4.059999942779541,4.060999870300293,4.065000057220459,nan,nan,nan,nan,nan,nan,nan,nan,nan,nan,nan,nan
180.04114317893982,-0.4000000059604645,4.0289998054504395,4.059000015258789,4.056000232696533,4.059999942779541,4.060999870300293,4.065000057220459,nan,nan,nan,nan,nan,nan,nan,nan,nan,nan,nan,nan
180.2207658290863,-0.4000000059604645,4.03000020980835,4.059000015258789,4.056000232696533,4.059999942779541,4.060999870300293,4.065000057220459,nan,nan,nan,nan,nan,nan,nan,nan,nan,nan,nan,nan
180.38184261322021,-0.4000000059604645,4.03000020980835,4.059000015258789,4.056000232696533,4.059999942779541,4.060999870300293,4.065000057220459,nan,nan,nan,nan,nan,nan,nan,nan,nan,nan,nan,nan
180.5619819164276,-0.4000000059604645,4.03000020980835,4.059000015258789,4.056000232696533,4.059999942779541,4.060999870300293,4.065000057220459,nan,nan,nan,nan,nan,nan,nan,nan,nan,nan,nan,nan
180.72180771827698,-0.4000000059604645,4.0289998054504395,4.059000015258789,4.056000232696533,4.059999942779541,4.060999870300293,4.065000057220459,nan,nan,nan,nan,nan,nan,nan,nan,nan,nan,nan,nan
180.90180897712708,-0.4000000059604645,4.03000020980835,4.059000015258789,4.056000232696533,4.059999942779541,4.060999870300293,4.065000057220459,nan,nan,nan,nan,nan,nan,nan,nan,nan,nan,nan,nan
181.0804545879364,-0.4000000059604645,4.0289998054504395,4.059000015258789,4.056000232696533,4.059999942779541,4.060999870300293,4.065000057220459,nan,nan,nan,nan,nan,nan,nan,nan,nan,nan,nan,nan
181.2415657043457,-0.4000000059604645,4.0289998054504395,4.059000015258789,4.056000232696533,4.059999942779541,4.060999870300293,4.065000057220459,nan,nan,nan,nan,nan,nan,nan,nan,nan,nan,nan,nan
181.42185020446777,-0.4000000059604645,4.03000020980835,4.059000015258789,4.056000232696533,4.059999942779541,4.060999870300293,4.065000057220459,nan,nan,nan,nan,nan,nan,nan,nan,nan,nan,nan,nan
181.58148527145386,-0.4000000059604645,4.03000020980835,4.059000015258789,4.056000232696533,4.059999942779541,4.060999870300293,4.065000057220459,nan,nan,nan,nan,nan,nan,nan,nan,nan,nan,nan,nan
181.7619149684906,-0.4000000059604645,4.03000020980835,4.059000015258789,4.056000232696533,4.059999942779541,4.060999870300293,4.065000057220459,nan,nan,nan,nan,nan,nan,nan,nan,nan,nan,nan,nan
181.9419903755188,-0.4300000071525574,4.0289998054504395,4.059000015258789,4.056000232696533,4.059999942779541,4.060999870300293,4.065000057220459,nan,nan,nan,nan,nan,nan,nan,nan,nan,nan,nan,nan
182.10316395759583,-0.4000000059604645,4.03000020980835,4.059000015258789,4.056000232696533,4.059999942779541,4.060999870300293,4.065000057220459,nan,nan,nan,nan,nan,nan,nan,nan,nan,nan,nan,nan
182.28331446647644,-0.4099999964237213,4.0289998054504395,4.059000015258789,4.056000232696533,4.059999942779541,4.060999870300293,4.065000057220459,nan,nan,nan,nan,nan,nan,nan,nan,nan,nan,nan,nan
182.44362950325012,-0.4000000059604645,4.0289998054504395,4.059000015258789,4.056000232696533,4.059999942779541,4.060999870300293,4.065000057220459,nan,nan,nan,nan,nan,nan,nan,nan,nan,nan,nan,nan
182.62380576133728,-0.4000000059604645,4.03000020980835,4.059000015258789,4.056000232696533,4.060999870300293,4.060999870300293,4.065000057220459,nan,nan,nan,nan,nan,nan,nan,nan,nan,nan,nan,nan
182.80149912834167,-0.4099999964237213,4.0289998054504395,4.059000015258789,4.056000232696533,4.059999942779541,4.060999870300293,4.065000057220459,nan,nan,nan,nan,nan,nan,nan,nan,nan,nan,nan,nan
182.96218967437744,-2.0899999141693115,4.0269999504089355,4.056000232696533,4.052999973297119,4.059999942779541,4.060999870300293,4.065000057220459,nan,nan,nan,nan,nan,nan,nan,nan,nan,nan,nan,nan
183.1414511203766,-0.7900000214576721,4.0289998054504395,4.058000087738037,4.054999828338623,4.059999942779541,4.059999942779541,4.064000129699707,nan,nan,nan,nan,nan,nan,nan,nan,nan,nan,nan,nan
183.32152819633484,-0.5899999737739563,4.0289998054504395,4.058000087738037,4.054999828338623,4.059000015258789,4.059999942779541,4.064000129699707,nan,nan,nan,nan,nan,nan,nan,nan,nan,nan,nan,nan
183.4822826385498,-0.6000000238418579,4.0279998779296875,4.058000087738037,4.054999828338623,4.059000015258789,4.059999942779541,4.064000129699707,nan,nan,nan,nan,nan,nan,nan,nan,nan,nan,nan,nan
183.6626009941101,-0.6399999856948853,4.0289998054504395,4.058000087738037,4.054999828338623,4.059000015258789,4.059999942779541,4.064000129699707,nan,nan,nan,nan,nan,nan,nan,nan,nan,nan,nan,nan
183.8219714164734,-0.6000000238418579,4.0289998054504395,4.058000087738037,4.054999828338623,4.059000015258789,4.059999942779541,4.064000129699707,nan,nan,nan,nan,nan,nan,nan,nan,nan,nan,nan,nan
184.0027196407318,-0.550000011920929,4.0289998054504395,4.058000087738037,4.054999828338623,4.059000015258789,4.059999942779541,4.064000129699707,nan,nan,nan,nan,nan,nan,nan,nan,nan,nan,nan,nan
184.18110513687134,-0.6299999952316284,4.0279998779296875,4.058000087738037,4.054999828338623,4.059000015258789,4.059999942779541,4.064000129699707,nan,nan,nan,nan,nan,nan,nan,nan,nan,nan,nan,nan
184.3404369354248,-0.6899999976158142,4.0279998779296875,4.058000087738037,4.054999828338623,4.059000015258789,4.059999942779541,4.064000129699707,nan,nan,nan,nan,nan,nan,nan,nan,nan,nan,nan,nan
184.52095484733582,-0.6700000166893005,4.0279998779296875,4.058000087738037,4.054999828338623,4.059000015258789,4.059999942779541,4.064000129699707,nan,nan,nan,nan,nan,nan,nan,nan,nan,nan,nan,nan
184.68036603927612,-0.6100000143051147,4.0289998054504395,4.058000087738037,4.054999828338623,4.059000015258789,4.059999942779541,4.064000129699707,nan,nan,nan,nan,nan,nan,nan,nan,nan,nan,nan,nan
184.8609917163849,-0.7599999904632568,4.0289998054504395,4.058000087738037,4.054999828338623,4.059000015258789,4.059999942779541,4.064000129699707,nan,nan,nan,nan,nan,nan,nan,nan,nan,nan,nan,nan
185.04146218299866,-0.6700000166893005,4.0289998054504395,4.058000087738037,4.053999900817871,4.059000015258789,4.059999942779541,4.064000129699707,nan,nan,nan,nan,nan,nan,nan,nan,nan,nan,nan,nan
185.20050740242004,-0.5799999833106995,4.0289998054504395,4.058000087738037,4.054999828338623,4.059000015258789,4.059999942779541,4.064000129699707,nan,nan,nan,nan,nan,nan,nan,nan,nan,nan,nan,nan
185.38083291053772,-0.699999988079071,4.0289998054504395,4.058000087738037,4.054999828338623,4.059000015258789,4.059999942779541,4.064000129699707,nan,nan,nan,nan,nan,nan,nan,nan,nan,nan,nan,nan
185.56274819374084,-0.699999988079071,4.0289998054504395,4.058000087738037,4.054999828338623,4.059000015258789,4.059999942779541,4.064000129699707,nan,nan,nan,nan,nan,nan,nan,nan,nan,nan,nan,nan
185.72083044052124,-0.6499999761581421,4.0279998779296875,4.058000087738037,4.054999828338623,4.059000015258789,4.059999942779541,4.064000129699707,nan,nan,nan,nan,nan,nan,nan,nan,nan,nan,nan,nan
185.9010558128357,-0.4099999964237213,4.0279998779296875,4.058000087738037,4.054999828338623,4.059000015258789,4.059999942779541,4.064000129699707,nan,nan,nan,nan,nan,nan,nan,nan,nan,nan,nan,nan
186.06061339378357,-0.4000000059604645,4.0289998054504395,4.058000087738037,4.056000232696533,4.059999942779541,4.060999870300293,4.064000129699707,nan,nan,nan,nan,nan,nan,nan,nan,nan,nan,nan,nan
186.24186182022095,-0.4000000059604645,4.0289998054504395,4.059000015258789,4.054999828338623,4.059999942779541,4.060999870300293,4.065000057220459,nan,nan,nan,nan,nan,nan,nan,nan,nan,nan,nan,nan
186.42187452316284,-0.4399999976158142,4.0289998054504395,4.058000087738037,4.054999828338623,4.059999942779541,4.059999942779541,4.064000129699707,nan,nan,nan,nan,nan,nan,nan,nan,nan,nan,nan,nan
186.58131432533264,-0.38999998569488525,4.0289998054504395,4.059000015258789,4.056000232696533,4.059999942779541,4.059999942779541,4.064000129699707,nan,nan,nan,nan,nan,nan,nan,nan,nan,nan,nan,nan
186.7615237236023,-0.4099999964237213,4.0289998054504395,4.059000015258789,4.054999828338623,4.059999942779541,4.059999942779541,4.064000129699707,nan,nan,nan,nan,nan,nan,nan,nan,nan,nan,nan,nan
186.92100858688354,-0.4000000059604645,4.0289998054504395,4.059000015258789,4.056000232696533,4.059999942779541,4.059999942779541,4.064000129699707,nan,nan,nan,nan,nan,nan,nan,nan,nan,nan,nan,nan
187.10155296325684,-0.4000000059604645,4.0289998054504395,4.058000087738037,4.056000232696533,4.059999942779541,4.060999870300293,4.065000057220459,nan,nan,nan,nan,nan,nan,nan,nan,nan,nan,nan,nan
187.28116464614868,-0.4000000059604645,4.0289998054504395,4.058000087738037,4.056000232696533,4.059999942779541,4.060999870300293,4.065000057220459,nan,nan,nan,nan,nan,nan,nan,nan,nan,nan,nan,nan
187.44083261489868,-0.4000000059604645,4.0289998054504395,4.058000087738037,4.056000232696533,4.059999942779541,4.059999942779541,4.065000057220459,nan,nan,nan,nan,nan,nan,nan,nan,nan,nan,nan,nan
187.62258553504944,-0.4000000059604645,4.0289998054504395,4.058000087738037,4.056000232696533,4.059999942779541,4.059999942779541,4.065000057220459,nan,nan,nan,nan,nan,nan,nan,nan,nan,nan,nan,nan
187.78057670593262,-0.4000000059604645,4.0289998054504395,4.058000087738037,4.056000232696533,4.059999942779541,4.059999942779541,4.064000129699707,nan,nan,nan,nan,nan,nan,nan,nan,nan,nan,nan,nan
187.961163520813,-0.4000000059604645,4.0289998054504395,4.058000087738037,4.054999828338623,4.059999942779541,4.060999870300293,4.065000057220459,nan,nan,nan,nan,nan,nan,nan,nan,nan,nan,nan,nan
188.14113020896912,-0.38999998569488525,4.0289998054504395,4.059000015258789,4.054999828338623,4.059999942779541,4.059999942779541,4.065000057220459,nan,nan,nan,nan,nan,nan,nan,nan,nan,nan,nan,nan
188.30078220367432,-0.4000000059604645,4.0289998054504395,4.058000087738037,4.054999828338623,4.059999942779541,4.059999942779541,4.065000057220459,nan,nan,nan,nan,nan,nan,nan,nan,nan,nan,nan,nan
188.48125839233398,-0.4000000059604645,4.0289998054504395,4.058000087738037,4.056000232696533,4.059999942779541,4.060999870300293,4.064000129699707,nan,nan,nan,nan,nan,nan,nan,nan,nan,nan,nan,nan
188.66141080856323,-0.4000000059604645,4.0289998054504395,4.059000015258789,4.056000232696533,4.059999942779541,4.059999942779541,4.064000129699707,nan,nan,nan,nan,nan,nan,nan,nan,nan,nan,nan,nan
188.82081961631775,-0.4000000059604645,4.0289998054504395,4.059000015258789,4.056000232696533,4.059999942779541,4.060999870300293,4.065000057220459,nan,nan,nan,nan,nan,nan,nan,nan,nan,nan,nan,nan
189.00144600868225,-0.41999998688697815,4.0289998054504395,4.058000087738037,4.056000232696533,4.059999942779541,4.059999942779541,4.064000129699707,nan,nan,nan,nan,nan,nan,nan,nan,nan,nan,nan,nan
189.16126346588135,-0.41999998688697815,4.0289998054504395,4.059000015258789,4.054999828338623,4.059999942779541,4.059999942779541,4.064000129699707,nan,nan,nan,nan,nan,nan,nan,nan,nan,nan,nan,nan
189.3417956829071,-0.4000000059604645,4.0289998054504395,4.058000087738037,4.056000232696533,4.059999942779541,4.059999942779541,4.065000057220459,nan,nan,nan,nan,nan,nan,nan,nan,nan,nan,nan,nan
189.5216588973999,-0.4000000059604645,4.0289998054504395,4.059000015258789,4.056000232696533,4.059999942779541,4.059999942779541,4.065000057220459,nan,nan,nan,nan,nan,nan,nan,nan,nan,nan,nan,nan
189.68110752105713,-0.4099999964237213,4.0289998054504395,4.058000087738037,4.056000232696533,4.059999942779541,4.059999942779541,4.064000129699707,nan,nan,nan,nan,nan,nan,nan,nan,nan,nan,nan,nan
189.86156582832336,-0.4000000059604645,4.0289998054504395,4.058000087738037,4.056000232696533,4.059999942779541,4.059999942779541,4.065000057220459,nan,nan,nan,nan,nan,nan,nan,nan,nan,nan,nan,nan
190.02090048789978,-0.4000000059604645,4.0289998054504395,4.059000015258789,4.054999828338623,4.059999942779541,4.060999870300293,4.064000129699707,nan,nan,nan,nan,nan,nan,nan,nan,nan,nan,nan,nan
190.20085835456848,-0.4099999964237213,4.0289998054504395,4.059000015258789,4.056000232696533,4.059999942779541,4.060999870300293,4.064000129699707,nan,nan,nan,nan,nan,nan,nan,nan,nan,nan,nan,nan
190.38134598731995,-0.4099999964237213,4.0289998054504395,4.059000015258789,4.056000232696533,4.059999942779541,4.059999942779541,4.064000129699707,nan,nan,nan,nan,nan,nan,nan,nan,nan,nan,nan,nan
190.54074883460999,-0.4000000059604645,4.0289998054504395,4.058000087738037,4.056000232696533,4.059999942779541,4.059999942779541,4.065000057220459,nan,nan,nan,nan,nan,nan,nan,nan,nan,nan,nan,nan
190.72126364707947,-0.4000000059604645,4.0289998054504395,4.058000087738037,4.056000232696533,4.059999942779541,4.060999870300293,4.064000129699707,nan,nan,nan,nan,nan,nan,nan,nan,nan,nan,nan,nan
190.90208292007446,-0.4000000059604645,4.0289998054504395,4.059000015258789,4.054999828338623,4.059999942779541,4.059999942779541,4.065000057220459,nan,nan,nan,nan,nan,nan,nan,nan,nan,nan,nan,nan
191.06108283996582,-0.4000000059604645,4.0289998054504395,4.058000087738037,4.056000232696533,4.059999942779541,4.059999942779541,4.064000129699707,nan,nan,nan,nan,nan,nan,nan,nan,nan,nan,nan,nan
191.241525888443,-0.4000000059604645,4.0289998054504395,4.058000087738037,4.056000232696533,4.059999942779541,4.059999942779541,4.065000057220459,nan,nan,nan,nan,nan,nan,nan,nan,nan,nan,nan,nan
191.40141463279724,-0.4000000059604645,4.0289998054504395,4.059000015258789,4.056000232696533,4.059999942779541,4.059999942779541,4.065000057220459,nan,nan,nan,nan,nan,nan,nan,nan,nan,nan,nan,nan
191.5811893939972,-0.4000000059604645,4.0289998054504395,4.059000015258789,4.054999828338623,4.059999942779541,4.059999942779541,4.065000057220459,nan,nan,nan,nan,nan,nan,nan,nan,nan,nan,nan,nan
191.76161241531372,-0.41999998688697815,4.0289998054504395,4.059000015258789,4.056000232696533,4.059999942779541,4.059999942779541,4.065000057220459,nan,nan,nan,nan,nan,nan,nan,nan,nan,nan,nan,nan
191.9211564064026,-0.4000000059604645,4.0289998054504395,4.058000087738037,4.054999828338623,4.059999942779541,4.060999870300293,4.065000057220459,nan,nan,nan,nan,nan,nan,nan,nan,nan,nan,nan,nan
192.10116839408875,-0.38999998569488525,4.0289998054504395,4.058000087738037,4.056000232696533,4.059999942779541,4.059999942779541,4.064000129699707,nan,nan,nan,nan,nan,nan,nan,nan,nan,nan,nan,nan
192.2805655002594,-0.41999998688697815,4.0289998054504395,4.059000015258789,4.056000232696533,4.059999942779541,4.059999942779541,4.064000129699707,nan,nan,nan,nan,nan,nan,nan,nan,nan,nan,nan,nan
192.44191551208496,-0.4000000059604645,4.0289998054504395,4.059000015258789,4.054999828338623,4.059999942779541,4.059999942779541,4.064000129699707,nan,nan,nan,nan,nan,nan,nan,nan,nan,nan,nan,nan
192.62039232254028,-0.41999998688697815,4.0289998054504395,4.058000087738037,4.054999828338623,4.059999942779541,4.059999942779541,4.064000129699707,nan,nan,nan,nan,nan,nan,nan,nan,nan,nan,nan,nan
192.78145360946655,-0.4300000071525574,4.0289998054504395,4.058000087738037,4.054999828338623,4.059999942779541,4.059999942779541,4.064000129699707,nan,nan,nan,nan,nan,nan,nan,nan,nan,nan,nan,nan
192.96160411834717,-0.4099999964237213,4.0289998054504395,4.058000087738037,4.054999828338623,4.059999942779541,4.059999942779541,4.065000057220459,nan,nan,nan,nan,nan,nan,nan,nan,nan,nan,nan,nan
193.1405463218689,-0.41999998688697815,4.0289998054504395,4.059000015258789,4.054999828338623,4.059999942779541,4.059999942779541,4.064000129699707,nan,nan,nan,nan,nan,nan,nan,nan,nan,nan,nan,nan
193.30167269706726,-0.4099999964237213,4.0289998054504395,4.059000015258789,4.054999828338623,4.059999942779541,4.059999942779541,4.064000129699707,nan,nan,nan,nan,nan,nan,nan,nan,nan,nan,nan,nan
193.48073172569275,-0.4300000071525574,4.0289998054504395,4.059000015258789,4.054999828338623,4.059999942779541,4.059999942779541,4.064000129699707,nan,nan,nan,nan,nan,nan,nan,nan,nan,nan,nan,nan
193.64177465438843,-0.4300000071525574,4.0289998054504395,4.058000087738037,4.054999828338623,4.059999942779541,4.059999942779541,4.064000129699707,nan,nan,nan,nan,nan,nan,nan,nan,nan,nan,nan,nan
193.82210779190063,-0.41999998688697815,4.0289998054504395,4.058000087738037,4.054999828338623,4.059999942779541,4.059999942779541,4.064000129699707,nan,nan,nan,nan,nan,nan,nan,nan,nan,nan,nan,nan
194.00092029571533,-0.41999998688697815,4.0289998054504395,4.058000087738037,4.054999828338623,4.059999942779541,4.059999942779541,4.065000057220459,nan,nan,nan,nan,nan,nan,nan,nan,nan,nan,nan,nan
194.16020226478577,-0.4300000071525574,4.0289998054504395,4.058000087738037,4.054999828338623,4.059999942779541,4.059999942779541,4.064000129699707,nan,nan,nan,nan,nan,nan,nan,nan,nan,nan,nan,nan
194.3405463695526,-0.4300000071525574,4.0289998054504395,4.058000087738037,4.054999828338623,4.059999942779541,4.059999942779541,4.064000129699707,nan,nan,nan,nan,nan,nan,nan,nan,nan,nan,nan,nan
194.5209105014801,-0.4000000059604645,4.0289998054504395,4.058000087738037,4.056000232696533,4.059999942779541,4.059999942779541,4.065000057220459,nan,nan,nan,nan,nan,nan,nan,nan,nan,nan,nan,nan
194.68065810203552,-0.4300000071525574,4.0289998054504395,4.058000087738037,4.054999828338623,4.059999942779541,4.059999942779541,4.064000129699707,nan,nan,nan,nan,nan,nan,nan,nan,nan,nan,nan,nan
194.861230134964,-0.41999998688697815,4.0289998054504395,4.058000087738037,4.054999828338623,4.059999942779541,4.059999942779541,4.064000129699707,nan,nan,nan,nan,nan,nan,nan,nan,nan,nan,nan,nan
195.02177095413208,-0.41999998688697815,4.0289998054504395,4.058000087738037,4.056000232696533,4.059999942779541,4.059999942779541,4.065000057220459,nan,nan,nan,nan,nan,nan,nan,nan,nan,nan,nan,nan
195.20088911056519,-0.41999998688697815,4.0289998054504395,4.058000087738037,4.054999828338623,4.059999942779541,4.059999942779541,4.064000129699707,nan,nan,nan,nan,nan,nan,nan,nan,nan,nan,nan,nan
195.38113927841187,-0.41999998688697815,4.0289998054504395,4.058000087738037,4.054999828338623,4.059999942779541,4.059999942779541,4.065000057220459,nan,nan,nan,nan,nan,nan,nan,nan,nan,nan,nan,nan
195.540953874588,-0.4300000071525574,4.0289998054504395,4.058000087738037,4.054999828338623,4.059999942779541,4.059999942779541,4.064000129699707,nan,nan,nan,nan,nan,nan,nan,nan,nan,nan,nan,nan
195.72143745422363,-0.4300000071525574,4.0279998779296875,4.058000087738037,4.054999828338623,4.059999942779541,4.059999942779541,4.064000129699707,nan,nan,nan,nan,nan,nan,nan,nan,nan,nan,nan,nan
195.88082218170166,-0.4300000071525574,4.0289998054504395,4.058000087738037,4.054999828338623,4.059999942779541,4.060999870300293,4.064000129699707,nan,nan,nan,nan,nan,nan,nan,nan,nan,nan,nan,nan
196.06109642982483,-0.41999998688697815,4.0289998054504395,4.058000087738037,4.054999828338623,4.059999942779541,4.059999942779541,4.064000129699707,nan,nan,nan,nan,nan,nan,nan,nan,nan,nan,nan,nan
196.24120473861694,-0.41999998688697815,4.0289998054504395,4.058000087738037,4.054999828338623,4.059999942779541,4.059999942779541,4.065000057220459,nan,nan,nan,nan,nan,nan,nan,nan,nan,nan,nan,nan
196.40062737464905,-0.4300000071525574,4.0289998054504395,4.058000087738037,4.054999828338623,4.059999942779541,4.059999942779541,4.065000057220459,nan,nan,nan,nan,nan,nan,nan,nan,nan,nan,nan,nan
196.58097767829895,-0.4000000059604645,4.0289998054504395,4.058000087738037,4.054999828338623,4.059999942779541,4.059999942779541,4.065000057220459,nan,nan,nan,nan,nan,nan,nan,nan,nan,nan,nan,nan
196.76139855384827,-0.4000000059604645,4.0289998054504395,4.059000015258789,4.054999828338623,4.059999942779541,4.059999942779541,4.065000057220459,nan,nan,nan,nan,nan,nan,nan,nan,nan,nan,nan,nan
196.92086029052734,-0.4000000059604645,4.0289998054504395,4.059000015258789,4.054999828338623,4.059999942779541,4.059999942779541,4.064000129699707,nan,nan,nan,nan,nan,nan,nan,nan,nan,nan,nan,nan
197.10103178024292,-0.4000000059604645,4.0289998054504395,4.058000087738037,4.054999828338623,4.059999942779541,4.059999942779541,4.064000129699707,nan,nan,nan,nan,nan,nan,nan,nan,nan,nan,nan,nan
197.26078915596008,-0.38999998569488525,4.0289998054504395,4.059000015258789,4.054999828338623,4.059999942779541,4.059999942779541,4.065000057220459,nan,nan,nan,nan,nan,nan,nan,nan,nan,nan,nan,nan
197.44118547439575,-0.4000000059604645,4.0289998054504395,4.059000015258789,4.054999828338623,4.059999942779541,4.059999942779541,4.064000129699707,nan,nan,nan,nan,nan,nan,nan,nan,nan,nan,nan,nan
197.62176609039307,-0.4099999964237213,4.0289998054504395,4.058000087738037,4.054999828338623,4.059999942779541,4.059999942779541,4.065000057220459,nan,nan,nan,nan,nan,nan,nan,nan,nan,nan,nan,nan
197.78164529800415,-0.41999998688697815,4.0289998054504395,4.058000087738037,4.054999828338623,4.059999942779541,4.059999942779541,4.064000129699707,nan,nan,nan,nan,nan,nan,nan,nan,nan,nan,nan,nan
197.96261024475098,-0.4000000059604645,4.0289998054504395,4.058000087738037,4.054999828338623,4.059999942779541,4.060999870300293,4.065000057220459,nan,nan,nan,nan,nan,nan,nan,nan,nan,nan,nan,nan
198.12093782424927,-0.4000000059604645,4.0289998054504395,4.059000015258789,4.054999828338623,4.059999942779541,4.059999942779541,4.064000129699707,nan,nan,nan,nan,nan,nan,nan,nan,nan,nan,nan,nan
198.3011872768402,-0.4099999964237213,4.0289998054504395,4.058000087738037,4.054999828338623,4.059999942779541,4.059999942779541,4.065000057220459,nan,nan,nan,nan,nan,nan,nan,nan,nan,nan,nan,nan
198.48137736320496,-0.4000000059604645,4.0289998054504395,4.059000015258789,4.054999828338623,4.059999942779541,4.059999942779541,4.064000129699707,nan,nan,nan,nan,nan,nan,nan,nan,nan,nan,nan,nan
198.64074206352234,-0.38999998569488525,4.0289998054504395,4.059000015258789,4.054999828338623,4.059999942779541,4.059999942779541,4.064000129699707,nan,nan,nan,nan,nan,nan,nan,nan,nan,nan,nan,nan
198.8213472366333,-0.4000000059604645,4.0289998054504395,4.058000087738037,4.054999828338623,4.059999942779541,4.059999942779541,4.065000057220459,nan,nan,nan,nan,nan,nan,nan,nan,nan,nan,nan,nan
199.00161385536194,-0.4300000071525574,4.0289998054504395,4.059000015258789,4.054999828338623,4.059999942779541,4.059999942779541,4.064000129699707,nan,nan,nan,nan,nan,nan,nan,nan,nan,nan,nan,nan
199.16089987754822,-0.4000000059604645,4.0289998054504395,4.059000015258789,4.054999828338623,4.059999942779541,4.059999942779541,4.064000129699707,nan,nan,nan,nan,nan,nan,nan,nan,nan,nan,nan,nan
199.3412892818451,-0.4000000059604645,4.0289998054504395,4.058000087738037,4.054999828338623,4.059000015258789,4.059999942779541,4.064000129699707,nan,nan,nan,nan,nan,nan,nan,nan,nan,nan,nan,nan
199.50096726417542,-0.4000000059604645,4.0289998054504395,4.058000087738037,4.054999828338623,4.059999942779541,4.059999942779541,4.065000057220459,nan,nan,nan,nan,nan,nan,nan,nan,nan,nan,nan,nan
199.6811535358429,-0.4000000059604645,4.0289998054504395,4.058000087738037,4.054999828338623,4.059999942779541,4.059999942779541,4.064000129699707,nan,nan,nan,nan,nan,nan,nan,nan,nan,nan,nan,nan
199.86128759384155,-0.4000000059604645,4.0289998054504395,4.058000087738037,4.054999828338623,4.059999942779541,4.059999942779541,4.064000129699707,nan,nan,nan,nan,nan,nan,nan,nan,nan,nan,nan,nan
200.02096724510193,-0.4000000059604645,4.0289998054504395,4.058000087738037,4.054999828338623,4.059999942779541,4.059999942779541,4.065000057220459,nan,nan,nan,nan,nan,nan,nan,nan,nan,nan,nan,nan
200.2008183002472,-0.4000000059604645,4.0289998054504395,4.058000087738037,4.054999828338623,4.059999942779541,4.059999942779541,4.064000129699707,nan,nan,nan,nan,nan,nan,nan,nan,nan,nan,nan,nan
200.36196947097778,-0.41999998688697815,4.0289998054504395,4.059000015258789,4.054999828338623,4.059999942779541,4.059999942779541,4.064000129699707,nan,nan,nan,nan,nan,nan,nan,nan,nan,nan,nan,nan
200.54088830947876,-0.4000000059604645,4.0289998054504395,4.058000087738037,4.056000232696533,4.059999942779541,4.059999942779541,4.065000057220459,nan,nan,nan,nan,nan,nan,nan,nan,nan,nan,nan,nan
200.72107863426208,-0.4000000059604645,4.0289998054504395,4.058000087738037,4.054999828338623,4.059999942779541,4.059999942779541,4.064000129699707,nan,nan,nan,nan,nan,nan,nan,nan,nan,nan,nan,nan
200.8807349205017,-0.38999998569488525,4.0289998054504395,4.058000087738037,4.056000232696533,4.059999942779541,4.059999942779541,4.065000057220459,nan,nan,nan,nan,nan,nan,nan,nan,nan,nan,nan,nan
201.06134867668152,-0.4000000059604645,4.0289998054504395,4.059000015258789,4.054999828338623,4.059999942779541,4.059999942779541,4.065000057220459,nan,nan,nan,nan,nan,nan,nan,nan,nan,nan,nan,nan
201.2414882183075,-0.4099999964237213,4.0289998054504395,4.058000087738037,4.054999828338623,4.059000015258789,4.059999942779541,4.064000129699707,nan,nan,nan,nan,nan,nan,nan,nan,nan,nan,nan,nan
201.4010717868805,-0.38999998569488525,4.0289998054504395,4.058000087738037,4.054999828338623,4.059000015258789,4.059999942779541,4.064000129699707,nan,nan,nan,nan,nan,nan,nan,nan,nan,nan,nan,nan
201.5815212726593,-0.38999998569488525,4.0289998054504395,4.058000087738037,4.054999828338623,4.059999942779541,4.059999942779541,4.065000057220459,nan,nan,nan,nan,nan,nan,nan,nan,nan,nan,nan,nan
201.7411012649536,-0.38999998569488525,4.0289998054504395,4.058000087738037,4.054999828338623,4.059000015258789,4.059999942779541,4.065000057220459,nan,nan,nan,nan,nan,nan,nan,nan,nan,nan,nan,nan
201.9213719367981,-0.4000000059604645,4.0289998054504395,4.058000087738037,4.054999828338623,4.059999942779541,4.059999942779541,4.064000129699707,nan,nan,nan,nan,nan,nan,nan,nan,nan,nan,nan,nan
202.10153460502625,-0.38999998569488525,4.0289998054504395,4.058000087738037,4.054999828338623,4.059999942779541,4.059999942779541,4.064000129699707,nan,nan,nan,nan,nan,nan,nan,nan,nan,nan,nan,nan
202.2612087726593,-0.38999998569488525,4.0289998054504395,4.058000087738037,4.054999828338623,4.059999942779541,4.059999942779541,4.065000057220459,nan,nan,nan,nan,nan,nan,nan,nan,nan,nan,nan,nan
202.44172954559326,-0.38999998569488525,4.0289998054504395,4.058000087738037,4.054999828338623,4.059999942779541,4.059999942779541,4.065000057220459,nan,nan,nan,nan,nan,nan,nan,nan,nan,nan,nan,nan
202.62035393714905,-0.4000000059604645,4.0289998054504395,4.058000087738037,4.054999828338623,4.059999942779541,4.059999942779541,4.064000129699707,nan,nan,nan,nan,nan,nan,nan,nan,nan,nan,nan,nan
202.78168654441833,-0.4000000059604645,4.0289998054504395,4.058000087738037,4.054999828338623,4.059999942779541,4.059999942779541,4.065000057220459,nan,nan,nan,nan,nan,nan,nan,nan,nan,nan,nan,nan
202.96053171157837,-0.4099999964237213,4.0289998054504395,4.058000087738037,4.054999828338623,4.059999942779541,4.059999942779541,4.064000129699707,nan,nan,nan,nan,nan,nan,nan,nan,nan,nan,nan,nan
203.12162685394287,-0.38999998569488525,4.0289998054504395,4.058000087738037,4.054999828338623,4.059999942779541,4.059999942779541,4.065000057220459,nan,nan,nan,nan,nan,nan,nan,nan,nan,nan,nan,nan
203.30171513557434,-0.4000000059604645,4.0289998054504395,4.058000087738037,4.054999828338623,4.059999942779541,4.059999942779541,4.064000129699707,nan,nan,nan,nan,nan,nan,nan,nan,nan,nan,nan,nan
203.4818320274353,-0.4300000071525574,4.0289998054504395,4.058000087738037,4.054999828338623,4.059999942779541,4.059999942779541,4.064000129699707,nan,nan,nan,nan,nan,nan,nan,nan,nan,nan,nan,nan
203.64136290550232,-0.4000000059604645,4.0289998054504395,4.058000087738037,4.054999828338623,4.059999942779541,4.059999942779541,4.064000129699707,nan,nan,nan,nan,nan,nan,nan,nan,nan,nan,nan,nan
203.82184720039368,-0.41999998688697815,4.0289998054504395,4.058000087738037,4.054999828338623,4.059999942779541,4.059999942779541,4.064000129699707,nan,nan,nan,nan,nan,nan,nan,nan,nan,nan,nan,nan
203.9813003540039,-0.4000000059604645,4.0289998054504395,4.058000087738037,4.054999828338623,4.059999942779541,4.059999942779541,4.064000129699707,nan,nan,nan,nan,nan,nan,nan,nan,nan,nan,nan,nan
204.16202902793884,-0.4000000059604645,4.0279998779296875,4.058000087738037,4.054999828338623,4.059999942779541,4.059999942779541,4.064000129699707,nan,nan,nan,nan,nan,nan,nan,nan,nan,nan,nan,nan
204.34192752838135,-0.4099999964237213,4.0289998054504395,4.058000087738037,4.054999828338623,4.059999942779541,4.059999942779541,4.064000129699707,nan,nan,nan,nan,nan,nan,nan,nan,nan,nan,nan,nan
204.50146865844727,-0.4099999964237213,4.0289998054504395,4.058000087738037,4.054999828338623,4.059999942779541,4.059999942779541,4.065000057220459,nan,nan,nan,nan,nan,nan,nan,nan,nan,nan,nan,nan
204.68190789222717,-0.4099999964237213,4.0289998054504395,4.058000087738037,4.054999828338623,4.059999942779541,4.059999942779541,4.064000129699707,nan,nan,nan,nan,nan,nan,nan,nan,nan,nan,nan,nan
204.861741065979,-0.4099999964237213,4.0289998054504395,4.058000087738037,4.054999828338623,4.059999942779541,4.059999942779541,4.064000129699707,nan,nan,nan,nan,nan,nan,nan,nan,nan,nan,nan,nan
205.0214970111847,-0.4000000059604645,4.0289998054504395,4.058000087738037,4.054999828338623,4.059999942779541,4.059999942779541,4.064000129699707,nan,nan,nan,nan,nan,nan,nan,nan,nan,nan,nan,nan
205.20149064064026,-0.4000000059604645,4.0289998054504395,4.058000087738037,4.054999828338623,4.059999942779541,4.059999942779541,4.064000129699707,nan,nan,nan,nan,nan,nan,nan,nan,nan,nan,nan,nan
205.36133193969727,-0.4000000059604645,4.0279998779296875,4.058000087738037,4.054999828338623,4.059999942779541,4.059999942779541,4.064000129699707,nan,nan,nan,nan,nan,nan,nan,nan,nan,nan,nan,nan
205.54169344902039,-0.4000000059604645,4.0289998054504395,4.058000087738037,4.054999828338623,4.059999942779541,4.059999942779541,4.064000129699707,nan,nan,nan,nan,nan,nan,nan,nan,nan,nan,nan,nan
205.7204167842865,-0.38999998569488525,4.0289998054504395,4.058000087738037,4.054999828338623,4.059999942779541,4.059999942779541,4.064000129699707,nan,nan,nan,nan,nan,nan,nan,nan,nan,nan,nan,nan
205.88179302215576,-0.4000000059604645,4.0289998054504395,4.058000087738037,4.054999828338623,4.059999942779541,4.059999942779541,4.064000129699707,nan,nan,nan,nan,nan,nan,nan,nan,nan,nan,nan,nan
206.06182408332825,-0.4000000059604645,4.0289998054504395,4.058000087738037,4.054999828338623,4.059999942779541,4.059999942779541,4.064000129699707,nan,nan,nan,nan,nan,nan,nan,nan,nan,nan,nan,nan
206.22132921218872,-0.41999998688697815,4.0289998054504395,4.058000087738037,4.054999828338623,4.059999942779541,4.059999942779541,4.064000129699707,nan,nan,nan,nan,nan,nan,nan,nan,nan,nan,nan,nan
206.40152645111084,-0.4000000059604645,4.0289998054504395,4.058000087738037,4.054999828338623,4.059999942779541,4.059999942779541,4.064000129699707,nan,nan,nan,nan,nan,nan,nan,nan,nan,nan,nan,nan
206.5816638469696,-0.4000000059604645,4.0279998779296875,4.058000087738037,4.054999828338623,4.059999942779541,4.059999942779541,4.065000057220459,nan,nan,nan,nan,nan,nan,nan,nan,nan,nan,nan,nan
206.74132585525513,-0.4099999964237213,4.0289998054504395,4.058000087738037,4.054999828338623,4.059999942779541,4.059999942779541,4.065000057220459,nan,nan,nan,nan,nan,nan,nan,nan,nan,nan,nan,nan
206.92176866531372,-0.4000000059604645,4.0289998054504395,4.058000087738037,4.054999828338623,4.059000015258789,4.059999942779541,4.064000129699707,nan,nan,nan,nan,nan,nan,nan,nan,nan,nan,nan,nan
207.0810625553131,-0.4000000059604645,4.0289998054504395,4.058000087738037,4.054999828338623,4.059999942779541,4.059999942779541,4.064000129699707,nan,nan,nan,nan,nan,nan,nan,nan,nan,nan,nan,nan
207.26167392730713,-0.4099999964237213,4.0279998779296875,4.058000087738037,4.054999828338623,4.059999942779541,4.059999942779541,4.064000129699707,nan,nan,nan,nan,nan,nan,nan,nan,nan,nan,nan,nan
207.44077491760254,-0.41999998688697815,4.0279998779296875,4.058000087738037,4.054999828338623,4.059999942779541,4.059999942779541,4.064000129699707,nan,nan,nan,nan,nan,nan,nan,nan,nan,nan,nan,nan
207.6016731262207,-0.4000000059604645,4.0289998054504395,4.058000087738037,4.054999828338623,4.059999942779541,4.059999942779541,4.064000129699707,nan,nan,nan,nan,nan,nan,nan,nan,nan,nan,nan,nan
207.78054022789001,-0.4000000059604645,4.0279998779296875,4.058000087738037,4.054999828338623,4.059999942779541,4.059999942779541,4.065000057220459,nan,nan,nan,nan,nan,nan,nan,nan,nan,nan,nan,nan
207.96078824996948,-0.4000000059604645,4.0289998054504395,4.058000087738037,4.054999828338623,4.059999942779541,4.059999942779541,4.064000129699707,nan,nan,nan,nan,nan,nan,nan,nan,nan,nan,nan,nan
208.12050938606262,-0.41999998688697815,4.0289998054504395,4.058000087738037,4.054999828338623,4.059000015258789,4.059999942779541,4.064000129699707,nan,nan,nan,nan,nan,nan,nan,nan,nan,nan,nan,nan
208.30058097839355,-0.4000000059604645,4.0289998054504395,4.058000087738037,4.054999828338623,4.059000015258789,4.059999942779541,4.064000129699707,nan,nan,nan,nan,nan,nan,nan,nan,nan,nan,nan,nan
208.46176958084106,-0.4000000059604645,4.0279998779296875,4.058000087738037,4.054999828338623,4.059999942779541,4.059999942779541,4.064000129699707,nan,nan,nan,nan,nan,nan,nan,nan,nan,nan,nan,nan
208.6406605243683,-0.4000000059604645,4.0279998779296875,4.058000087738037,4.054999828338623,4.059999942779541,4.059999942779541,4.064000129699707,nan,nan,nan,nan,nan,nan,nan,nan,nan,nan,nan,nan
208.82115364074707,-0.4000000059604645,4.0289998054504395,4.058000087738037,4.054999828338623,4.059000015258789,4.059999942779541,4.064000129699707,nan,nan,nan,nan,nan,nan,nan,nan,nan,nan,nan,nan
208.98079180717468,-0.38999998569488525,4.0279998779296875,4.058000087738037,4.054999828338623,4.059999942779541,4.059999942779541,4.064000129699707,nan,nan,nan,nan,nan,nan,nan,nan,nan,nan,nan,nan
209.16081047058105,-0.4000000059604645,4.0289998054504395,4.058000087738037,4.054999828338623,4.059000015258789,4.059999942779541,4.064000129699707,nan,nan,nan,nan,nan,nan,nan,nan,nan,nan,nan,nan
209.34260177612305,-0.4000000059604645,4.0289998054504395,4.058000087738037,4.054999828338623,4.059999942779541,4.059999942779541,4.064000129699707,nan,nan,nan,nan,nan,nan,nan,nan,nan,nan,nan,nan
209.50069046020508,-0.4000000059604645,4.0279998779296875,4.058000087738037,4.054999828338623,4.059999942779541,4.059999942779541,4.064000129699707,nan,nan,nan,nan,nan,nan,nan,nan,nan,nan,nan,nan
209.68095302581787,-0.4000000059604645,4.0279998779296875,4.058000087738037,4.054999828338623,4.059999942779541,4.059999942779541,4.064000129699707,nan,nan,nan,nan,nan,nan,nan,nan,nan,nan,nan,nan
209.84073400497437,-0.4099999964237213,4.0289998054504395,4.058000087738037,4.054999828338623,4.059999942779541,4.059999942779541,4.064000129699707,nan,nan,nan,nan,nan,nan,nan,nan,nan,nan,nan,nan
210.02102613449097,-0.4000000059604645,4.0289998054504395,4.058000087738037,4.054999828338623,4.059000015258789,4.059999942779541,4.064000129699707,nan,nan,nan,nan,nan,nan,nan,nan,nan,nan,nan,nan
210.20108294487,-0.4000000059604645,4.0289998054504395,4.058000087738037,4.054999828338623,4.059999942779541,4.059999942779541,4.064000129699707,nan,nan,nan,nan,nan,nan,nan,nan,nan,nan,nan,nan
210.36072182655334,-0.4000000059604645,4.0289998054504395,4.058000087738037,4.054999828338623,4.059999942779541,4.059999942779541,4.064000129699707,nan,nan,nan,nan,nan,nan,nan,nan,nan,nan,nan,nan
210.54133009910583,-0.4000000059604645,4.0289998054504395,4.058000087738037,4.054999828338623,4.059000015258789,4.059999942779541,4.064000129699707,nan,nan,nan,nan,nan,nan,nan,nan,nan,nan,nan,nan
210.7005491256714,-0.4099999964237213,4.0289998054504395,4.058000087738037,4.054999828338623,4.059000015258789,4.059999942779541,4.064000129699707,nan,nan,nan,nan,nan,nan,nan,nan,nan,nan,nan,nan
210.8810384273529,-0.4000000059604645,4.0279998779296875,4.058000087738037,4.054999828338623,4.059000015258789,4.059999942779541,4.064000129699707,nan,nan,nan,nan,nan,nan,nan,nan,nan,nan,nan,nan
211.06137990951538,-0.4000000059604645,4.0289998054504395,4.058000087738037,4.054999828338623,4.059000015258789,4.059999942779541,4.064000129699707,nan,nan,nan,nan,nan,nan,nan,nan,nan,nan,nan,nan
211.22055983543396,-0.41999998688697815,4.0279998779296875,4.058000087738037,4.054999828338623,4.059999942779541,4.059999942779541,4.064000129699707,nan,nan,nan,nan,nan,nan,nan,nan,nan,nan,nan,nan
211.4010465145111,-0.4099999964237213,4.0279998779296875,4.058000087738037,4.054999828338623,4.059000015258789,4.059999942779541,4.064000129699707,nan,nan,nan,nan,nan,nan,nan,nan,nan,nan,nan,nan
211.58125972747803,-0.4000000059604645,4.0279998779296875,4.058000087738037,4.054999828338623,4.059000015258789,4.059999942779541,4.064000129699707,nan,nan,nan,nan,nan,nan,nan,nan,nan,nan,nan,nan
211.74085783958435,-0.4000000059604645,4.0289998054504395,4.058000087738037,4.054999828338623,4.059000015258789,4.059999942779541,4.064000129699707,nan,nan,nan,nan,nan,nan,nan,nan,nan,nan,nan,nan
211.92146515846252,-0.4099999964237213,4.0279998779296875,4.058000087738037,4.054999828338623,4.059999942779541,4.059999942779541,4.064000129699707,nan,nan,nan,nan,nan,nan,nan,nan,nan,nan,nan,nan
212.08077931404114,-0.4099999964237213,4.0289998054504395,4.058000087738037,4.054999828338623,4.059999942779541,4.059999942779541,4.064000129699707,nan,nan,nan,nan,nan,nan,nan,nan,nan,nan,nan,nan
212.26121878623962,-0.4099999964237213,4.0279998779296875,4.058000087738037,4.054999828338623,4.059000015258789,4.059999942779541,4.064000129699707,nan,nan,nan,nan,nan,nan,nan,nan,nan,nan,nan,nan
212.44164323806763,-0.4000000059604645,4.0289998054504395,4.058000087738037,4.054999828338623,4.059999942779541,4.059999942779541,4.064000129699707,nan,nan,nan,nan,nan,nan,nan,nan,nan,nan,nan,nan
212.60099363327026,-0.4000000059604645,4.0289998054504395,4.058000087738037,4.054999828338623,4.059000015258789,4.059999942779541,4.064000129699707,nan,nan,nan,nan,nan,nan,nan,nan,nan,nan,nan,nan
212.78153347969055,-0.4099999964237213,4.0279998779296875,4.058000087738037,4.054999828338623,4.059000015258789,4.059999942779541,4.064000129699707,nan,nan,nan,nan,nan,nan,nan,nan,nan,nan,nan,nan
212.94091033935547,-0.4000000059604645,4.0279998779296875,4.058000087738037,4.054999828338623,4.059000015258789,4.059999942779541,4.064000129699707,nan,nan,nan,nan,nan,nan,nan,nan,nan,nan,nan,nan
213.12123274803162,-0.4000000059604645,4.0279998779296875,4.058000087738037,4.054999828338623,4.059000015258789,4.059999942779541,4.064000129699707,nan,nan,nan,nan,nan,nan,nan,nan,nan,nan,nan,nan
213.30168342590332,-0.4000000059604645,4.0279998779296875,4.058000087738037,4.054999828338623,4.059999942779541,4.059999942779541,4.064000129699707,nan,nan,nan,nan,nan,nan,nan,nan,nan,nan,nan,nan
213.46129298210144,-0.4000000059604645,4.0279998779296875,4.058000087738037,4.054999828338623,4.059000015258789,4.059999942779541,4.064000129699707,nan,nan,nan,nan,nan,nan,nan,nan,nan,nan,nan,nan
213.64181923866272,-0.4000000059604645,4.0279998779296875,4.058000087738037,4.054999828338623,4.059999942779541,4.059999942779541,4.064000129699707,nan,nan,nan,nan,nan,nan,nan,nan,nan,nan,nan,nan
213.82055163383484,-0.4099999964237213,4.0279998779296875,4.058000087738037,4.054999828338623,4.059000015258789,4.059999942779541,4.064000129699707,nan,nan,nan,nan,nan,nan,nan,nan,nan,nan,nan,nan
213.9815638065338,-0.4099999964237213,4.0279998779296875,4.058000087738037,4.054999828338623,4.059000015258789,4.059999942779541,4.064000129699707,nan,nan,nan,nan,nan,nan,nan,nan,nan,nan,nan,nan
214.16166496276855,-0.4000000059604645,4.0279998779296875,4.058000087738037,4.054999828338623,4.059000015258789,4.059999942779541,4.064000129699707,nan,nan,nan,nan,nan,nan,nan,nan,nan,nan,nan,nan
214.3214087486267,-0.38999998569488525,4.0279998779296875,4.058000087738037,4.054999828338623,4.059000015258789,4.059999942779541,4.064000129699707,nan,nan,nan,nan,nan,nan,nan,nan,nan,nan,nan,nan
214.5015640258789,-0.4000000059604645,4.0279998779296875,4.058000087738037,4.054999828338623,4.059999942779541,4.059999942779541,4.064000129699707,nan,nan,nan,nan,nan,nan,nan,nan,nan,nan,nan,nan
214.68050050735474,-0.4000000059604645,4.0279998779296875,4.058000087738037,4.054999828338623,4.059999942779541,4.059999942779541,4.064000129699707,nan,nan,nan,nan,nan,nan,nan,nan,nan,nan,nan,nan
214.84163451194763,-0.38999998569488525,4.0279998779296875,4.058000087738037,4.054999828338623,4.059000015258789,4.059999942779541,4.064000129699707,nan,nan,nan,nan,nan,nan,nan,nan,nan,nan,nan,nan
215.02046251296997,-0.4000000059604645,4.0279998779296875,4.058000087738037,4.054999828338623,4.059999942779541,4.059999942779541,4.064000129699707,nan,nan,nan,nan,nan,nan,nan,nan,nan,nan,nan,nan
215.20060539245605,-0.4099999964237213,4.0279998779296875,4.058000087738037,4.054999828338623,4.059000015258789,4.059999942779541,4.064000129699707,nan,nan,nan,nan,nan,nan,nan,nan,nan,nan,nan,nan
215.36179065704346,-0.4000000059604645,4.0279998779296875,4.058000087738037,4.054999828338623,4.059000015258789,4.059999942779541,4.064000129699707,nan,nan,nan,nan,nan,nan,nan,nan,nan,nan,nan,nan
215.54210901260376,-0.4000000059604645,4.0279998779296875,4.058000087738037,4.054999828338623,4.059000015258789,4.059999942779541,4.064000129699707,nan,nan,nan,nan,nan,nan,nan,nan,nan,nan,nan,nan
215.70169258117676,-0.4000000059604645,4.0279998779296875,4.058000087738037,4.054999828338623,4.059000015258789,4.059999942779541,4.064000129699707,nan,nan,nan,nan,nan,nan,nan,nan,nan,nan,nan,nan
215.8819773197174,-0.4000000059604645,4.0279998779296875,4.058000087738037,4.054999828338623,4.059000015258789,4.059999942779541,4.064000129699707,nan,nan,nan,nan,nan,nan,nan,nan,nan,nan,nan,nan
216.06075835227966,-0.4099999964237213,4.0279998779296875,4.058000087738037,4.054999828338623,4.059000015258789,4.059999942779541,4.064000129699707,nan,nan,nan,nan,nan,nan,nan,nan,nan,nan,nan,nan
216.22069334983826,-0.4000000059604645,4.0279998779296875,4.058000087738037,4.054999828338623,4.059000015258789,4.059999942779541,4.064000129699707,nan,nan,nan,nan,nan,nan,nan,nan,nan,nan,nan,nan
216.40083122253418,-0.4000000059604645,4.0279998779296875,4.058000087738037,4.054999828338623,4.059000015258789,4.059999942779541,4.064000129699707,nan,nan,nan,nan,nan,nan,nan,nan,nan,nan,nan,nan
216.56188368797302,-0.4000000059604645,4.0279998779296875,4.058000087738037,4.054999828338623,4.059000015258789,4.059999942779541,4.064000129699707,nan,nan,nan,nan,nan,nan,nan,nan,nan,nan,nan,nan
216.740891456604,-0.4000000059604645,4.0279998779296875,4.058000087738037,4.054999828338623,4.059999942779541,4.059999942779541,4.064000129699707,nan,nan,nan,nan,nan,nan,nan,nan,nan,nan,nan,nan
216.9229531288147,-0.38999998569488525,4.0279998779296875,4.058000087738037,4.054999828338623,4.059000015258789,4.059999942779541,4.064000129699707,nan,nan,nan,nan,nan,nan,nan,nan,nan,nan,nan,nan
217.08075046539307,-0.41999998688697815,4.0279998779296875,4.058000087738037,4.054999828338623,4.059000015258789,4.059999942779541,4.064000129699707,nan,nan,nan,nan,nan,nan,nan,nan,nan,nan,nan,nan
217.26100420951843,-0.4000000059604645,4.0279998779296875,4.058000087738037,4.054999828338623,4.059999942779541,4.059999942779541,4.064000129699707,nan,nan,nan,nan,nan,nan,nan,nan,nan,nan,nan,nan
217.4431095123291,-0.4000000059604645,4.0279998779296875,4.058000087738037,4.054999828338623,4.059000015258789,4.059999942779541,4.064000129699707,nan,nan,nan,nan,nan,nan,nan,nan,nan,nan,nan,nan
217.60064554214478,-0.41999998688697815,4.0279998779296875,4.058000087738037,4.054999828338623,4.059000015258789,4.059999942779541,4.064000129699707,nan,nan,nan,nan,nan,nan,nan,nan,nan,nan,nan,nan
217.7810356616974,-0.4000000059604645,4.0279998779296875,4.058000087738037,4.054999828338623,4.059000015258789,4.059999942779541,4.064000129699707,nan,nan,nan,nan,nan,nan,nan,nan,nan,nan,nan,nan
217.94088220596313,-0.4000000059604645,4.0279998779296875,4.058000087738037,4.054999828338623,4.059000015258789,4.059999942779541,4.064000129699707,nan,nan,nan,nan,nan,nan,nan,nan,nan,nan,nan,nan
218.12108612060547,-0.4000000059604645,4.0279998779296875,4.058000087738037,4.054999828338623,4.059000015258789,4.059999942779541,4.064000129699707,nan,nan,nan,nan,nan,nan,nan,nan,nan,nan,nan,nan
218.30157828330994,-0.4000000059604645,4.0279998779296875,4.058000087738037,4.054999828338623,4.059999942779541,4.059999942779541,4.064000129699707,nan,nan,nan,nan,nan,nan,nan,nan,nan,nan,nan,nan
218.4613287448883,-0.4000000059604645,4.0279998779296875,4.058000087738037,4.054999828338623,4.059000015258789,4.059999942779541,4.064000129699707,nan,nan,nan,nan,nan,nan,nan,nan,nan,nan,nan,nan
218.64270973205566,-0.4099999964237213,4.0279998779296875,4.058000087738037,4.054999828338623,4.059000015258789,4.059999942779541,4.064000129699707,nan,nan,nan,nan,nan,nan,nan,nan,nan,nan,nan,nan
218.8007571697235,-0.4000000059604645,4.0279998779296875,4.058000087738037,4.054999828338623,4.059000015258789,4.059999942779541,4.064000129699707,nan,nan,nan,nan,nan,nan,nan,nan,nan,nan,nan,nan
218.98106908798218,-0.4000000059604645,4.0279998779296875,4.058000087738037,4.054999828338623,4.059000015258789,4.059999942779541,4.064000129699707,nan,nan,nan,nan,nan,nan,nan,nan,nan,nan,nan,nan
219.16304087638855,-0.4000000059604645,4.0279998779296875,4.058000087738037,4.054999828338623,4.059000015258789,4.059999942779541,4.064000129699707,nan,nan,nan,nan,nan,nan,nan,nan,nan,nan,nan,nan
219.32253313064575,-0.4000000059604645,4.0279998779296875,4.058000087738037,4.054999828338623,4.059000015258789,4.059999942779541,4.064000129699707,nan,nan,nan,nan,nan,nan,nan,nan,nan,nan,nan,nan
219.50280022621155,-0.4099999964237213,4.0279998779296875,4.058000087738037,4.053999900817871,4.059000015258789,4.059999942779541,4.064000129699707,nan,nan,nan,nan,nan,nan,nan,nan,nan,nan,nan,nan
219.683247089386,-0.4000000059604645,4.0279998779296875,4.058000087738037,4.054999828338623,4.059000015258789,4.059999942779541,4.064000129699707,nan,nan,nan,nan,nan,nan,nan,nan,nan,nan,nan,nan
219.8422679901123,-0.4000000059604645,4.0279998779296875,4.058000087738037,4.054999828338623,4.059000015258789,4.059999942779541,4.064000129699707,nan,nan,nan,nan,nan,nan,nan,nan,nan,nan,nan,nan
220.0225965976715,-0.4000000059604645,4.0279998779296875,4.058000087738037,4.054999828338623,4.059999942779541,4.059999942779541,4.064000129699707,nan,nan,nan,nan,nan,nan,nan,nan,nan,nan,nan,nan
220.18180918693542,-0.4000000059604645,4.0279998779296875,4.058000087738037,4.054999828338623,4.059000015258789,4.059999942779541,4.064000129699707,nan,nan,nan,nan,nan,nan,nan,nan,nan,nan,nan,nan
220.36105155944824,-0.38999998569488525,4.0279998779296875,4.058000087738037,4.054999828338623,4.059000015258789,4.059999942779541,4.064000129699707,nan,nan,nan,nan,nan,nan,nan,nan,nan,nan,nan,nan
220.54101419448853,-0.4099999964237213,4.0279998779296875,4.058000087738037,4.054999828338623,4.059999942779541,4.059999942779541,4.064000129699707,nan,nan,nan,nan,nan,nan,nan,nan,nan,nan,nan,nan
220.70075297355652,-0.4099999964237213,4.0279998779296875,4.058000087738037,4.054999828338623,4.059999942779541,4.059999942779541,4.064000129699707,nan,nan,nan,nan,nan,nan,nan,nan,nan,nan,nan,nan
220.88109230995178,-0.4000000059604645,4.0279998779296875,4.058000087738037,4.054999828338623,4.059000015258789,4.059999942779541,4.064000129699707,nan,nan,nan,nan,nan,nan,nan,nan,nan,nan,nan,nan
221.0422284603119,-0.4000000059604645,4.0279998779296875,4.058000087738037,4.054999828338623,4.059000015258789,4.059999942779541,4.064000129699707,nan,nan,nan,nan,nan,nan,nan,nan,nan,nan,nan,nan
221.22095108032227,-0.4000000059604645,4.0279998779296875,4.058000087738037,4.054999828338623,4.059000015258789,4.059999942779541,4.064000129699707,nan,nan,nan,nan,nan,nan,nan,nan,nan,nan,nan,nan
221.40259838104248,-0.4000000059604645,4.0279998779296875,4.058000087738037,4.054999828338623,4.059000015258789,4.059999942779541,4.064000129699707,nan,nan,nan,nan,nan,nan,nan,nan,nan,nan,nan,nan
221.5606186389923,-0.4000000059604645,4.0279998779296875,4.058000087738037,4.054999828338623,4.059000015258789,4.059999942779541,4.064000129699707,nan,nan,nan,nan,nan,nan,nan,nan,nan,nan,nan,nan
221.74113202095032,-0.4099999964237213,4.0279998779296875,4.058000087738037,4.054999828338623,4.059000015258789,4.059999942779541,4.064000129699707,nan,nan,nan,nan,nan,nan,nan,nan,nan,nan,nan,nan
221.9211049079895,-0.4000000059604645,4.0279998779296875,4.058000087738037,4.054999828338623,4.059000015258789,4.059999942779541,4.064000129699707,nan,nan,nan,nan,nan,nan,nan,nan,nan,nan,nan,nan
222.0809338092804,-0.4000000059604645,4.0279998779296875,4.058000087738037,4.054999828338623,4.059000015258789,4.059999942779541,4.064000129699707,nan,nan,nan,nan,nan,nan,nan,nan,nan,nan,nan,nan
222.2612805366516,-0.3799999952316284,4.0279998779296875,4.058000087738037,4.054999828338623,4.059000015258789,4.059999942779541,4.064000129699707,nan,nan,nan,nan,nan,nan,nan,nan,nan,nan,nan,nan
222.4208002090454,-0.4000000059604645,4.0279998779296875,4.058000087738037,4.054999828338623,4.059000015258789,4.059999942779541,4.064000129699707,nan,nan,nan,nan,nan,nan,nan,nan,nan,nan,nan,nan
222.6012511253357,-0.38999998569488525,4.0279998779296875,4.058000087738037,4.054999828338623,4.059000015258789,4.059999942779541,4.064000129699707,nan,nan,nan,nan,nan,nan,nan,nan,nan,nan,nan,nan
222.78151273727417,-0.4000000059604645,4.0279998779296875,4.058000087738037,4.054999828338623,4.059999942779541,4.059999942779541,4.064000129699707,nan,nan,nan,nan,nan,nan,nan,nan,nan,nan,nan,nan
222.94104409217834,-0.4000000059604645,4.0279998779296875,4.058000087738037,4.054999828338623,4.059000015258789,4.059999942779541,4.064000129699707,nan,nan,nan,nan,nan,nan,nan,nan,nan,nan,nan,nan
223.12116765975952,-0.38999998569488525,4.0279998779296875,4.058000087738037,4.054999828338623,4.059000015258789,4.059999942779541,4.064000129699707,nan,nan,nan,nan,nan,nan,nan,nan,nan,nan,nan,nan
223.28058099746704,-0.41999998688697815,4.0279998779296875,4.058000087738037,4.054999828338623,4.059000015258789,4.059999942779541,4.064000129699707,nan,nan,nan,nan,nan,nan,nan,nan,nan,nan,nan,nan
223.46315002441406,-0.4000000059604645,4.0279998779296875,4.058000087738037,4.053999900817871,4.059000015258789,4.059999942779541,4.064000129699707,nan,nan,nan,nan,nan,nan,nan,nan,nan,nan,nan,nan
223.64306473731995,-0.4000000059604645,4.0279998779296875,4.058000087738037,4.054999828338623,4.059000015258789,4.059999942779541,4.064000129699707,nan,nan,nan,nan,nan,nan,nan,nan,nan,nan,nan,nan
223.8020429611206,-0.41999998688697815,4.0279998779296875,4.058000087738037,4.054999828338623,4.059000015258789,4.059999942779541,4.064000129699707,nan,nan,nan,nan,nan,nan,nan,nan,nan,nan,nan,nan
223.9851906299591,-0.4000000059604645,4.0279998779296875,4.058000087738037,4.054999828338623,4.059000015258789,4.059999942779541,4.064000129699707,nan,nan,nan,nan,nan,nan,nan,nan,nan,nan,nan,nan
224.16117095947266,-0.4099999964237213,4.0279998779296875,4.058000087738037,4.053999900817871,4.059000015258789,4.059999942779541,4.064000129699707,nan,nan,nan,nan,nan,nan,nan,nan,nan,nan,nan,nan
224.32327342033386,-0.4000000059604645,4.0279998779296875,4.058000087738037,4.054999828338623,4.059000015258789,4.059999942779541,4.064000129699707,nan,nan,nan,nan,nan,nan,nan,nan,nan,nan,nan,nan
224.5021858215332,-0.38999998569488525,4.0279998779296875,4.058000087738037,4.053999900817871,4.059000015258789,4.059999942779541,4.064000129699707,nan,nan,nan,nan,nan,nan,nan,nan,nan,nan,nan,nan
224.6616563796997,-0.4000000059604645,4.0279998779296875,4.058000087738037,4.054999828338623,4.059000015258789,4.059999942779541,4.064000129699707,nan,nan,nan,nan,nan,nan,nan,nan,nan,nan,nan,nan
224.842031955719,-0.4000000059604645,4.0279998779296875,4.058000087738037,4.053999900817871,4.059000015258789,4.059999942779541,4.064000129699707,nan,nan,nan,nan,nan,nan,nan,nan,nan,nan,nan,nan
225.02346110343933,-0.4000000059604645,4.0279998779296875,4.058000087738037,4.054999828338623,4.059000015258789,4.059999942779541,4.064000129699707,nan,nan,nan,nan,nan,nan,nan,nan,nan,nan,nan,nan
225.18182563781738,-0.4000000059604645,4.0279998779296875,4.058000087738037,4.054999828338623,4.059000015258789,4.059999942779541,4.064000129699707,nan,nan,nan,nan,nan,nan,nan,nan,nan,nan,nan,nan
225.3611545562744,-0.4000000059604645,4.0279998779296875,4.058000087738037,4.054999828338623,4.059000015258789,4.059999942779541,4.064000129699707,nan,nan,nan,nan,nan,nan,nan,nan,nan,nan,nan,nan
225.5216565132141,-0.4000000059604645,4.0279998779296875,4.058000087738037,4.054999828338623,4.059000015258789,4.059999942779541,4.064000129699707,nan,nan,nan,nan,nan,nan,nan,nan,nan,nan,nan,nan
225.70233964920044,-0.4000000059604645,4.0279998779296875,4.058000087738037,4.054999828338623,4.059000015258789,4.059999942779541,4.064000129699707,nan,nan,nan,nan,nan,nan,nan,nan,nan,nan,nan,nan
225.88229203224182,-0.4099999964237213,4.0279998779296875,4.058000087738037,4.053999900817871,4.059000015258789,4.059999942779541,4.064000129699707,nan,nan,nan,nan,nan,nan,nan,nan,nan,nan,nan,nan
226.0412139892578,-0.4000000059604645,4.0279998779296875,4.058000087738037,4.054999828338623,4.059000015258789,4.059999942779541,4.064000129699707,nan,nan,nan,nan,nan,nan,nan,nan,nan,nan,nan,nan
226.22184872627258,-0.4000000059604645,4.0279998779296875,4.058000087738037,4.054999828338623,4.059000015258789,4.059999942779541,4.064000129699707,nan,nan,nan,nan,nan,nan,nan,nan,nan,nan,nan,nan
226.3829050064087,-0.4000000059604645,4.0279998779296875,4.058000087738037,4.054999828338623,4.059000015258789,4.059999942779541,4.064000129699707,nan,nan,nan,nan,nan,nan,nan,nan,nan,nan,nan,nan
226.56139183044434,-0.4000000059604645,4.0279998779296875,4.057000160217285,4.054999828338623,4.059000015258789,4.059999942779541,4.064000129699707,nan,nan,nan,nan,nan,nan,nan,nan,nan,nan,nan,nan
226.74370455741882,-0.4000000059604645,4.0279998779296875,4.058000087738037,4.054999828338623,4.059000015258789,4.059999942779541,4.064000129699707,nan,nan,nan,nan,nan,nan,nan,nan,nan,nan,nan,nan
226.9025263786316,-0.38999998569488525,4.0279998779296875,4.058000087738037,4.053999900817871,4.059000015258789,4.059999942779541,4.064000129699707,nan,nan,nan,nan,nan,nan,nan,nan,nan,nan,nan,nan
227.08117651939392,-0.3799999952316284,4.0279998779296875,4.058000087738037,4.054999828338623,4.059000015258789,4.059999942779541,4.064000129699707,nan,nan,nan,nan,nan,nan,nan,nan,nan,nan,nan,nan
227.26150584220886,-0.4000000059604645,4.0279998779296875,4.058000087738037,4.054999828338623,4.059000015258789,4.059999942779541,4.064000129699707,nan,nan,nan,nan,nan,nan,nan,nan,nan,nan,nan,nan
227.42252445220947,-0.38999998569488525,4.0279998779296875,4.058000087738037,4.053999900817871,4.059000015258789,4.059999942779541,4.064000129699707,nan,nan,nan,nan,nan,nan,nan,nan,nan,nan,nan,nan
227.60151028633118,-0.4000000059604645,4.0279998779296875,4.058000087738037,4.054999828338623,4.059000015258789,4.059999942779541,4.064000129699707,nan,nan,nan,nan,nan,nan,nan,nan,nan,nan,nan,nan
227.7611689567566,-0.4000000059604645,4.0279998779296875,4.058000087738037,4.053999900817871,4.059000015258789,4.059999942779541,4.064000129699707,nan,nan,nan,nan,nan,nan,nan,nan,nan,nan,nan,nan
227.94120144844055,-0.38999998569488525,4.0279998779296875,4.058000087738037,4.054999828338623,4.059000015258789,4.059999942779541,4.064000129699707,nan,nan,nan,nan,nan,nan,nan,nan,nan,nan,nan,nan
228.12168908119202,-0.4099999964237213,4.0279998779296875,4.058000087738037,4.054999828338623,4.059000015258789,4.059999942779541,4.064000129699707,nan,nan,nan,nan,nan,nan,nan,nan,nan,nan,nan,nan
228.28108286857605,-0.4000000059604645,4.0279998779296875,4.058000087738037,4.053999900817871,4.059000015258789,4.059999942779541,4.064000129699707,nan,nan,nan,nan,nan,nan,nan,nan,nan,nan,nan,nan
228.46119379997253,-0.4000000059604645,4.0279998779296875,4.058000087738037,4.053999900817871,4.059000015258789,4.059999942779541,4.064000129699707,nan,nan,nan,nan,nan,nan,nan,nan,nan,nan,nan,nan
228.62069058418274,-0.4099999964237213,4.0279998779296875,4.058000087738037,4.054999828338623,4.059000015258789,4.059999942779541,4.064000129699707,nan,nan,nan,nan,nan,nan,nan,nan,nan,nan,nan,nan
228.80269718170166,-0.4000000059604645,4.0279998779296875,4.058000087738037,4.054999828338623,4.059000015258789,4.059999942779541,4.064000129699707,nan,nan,nan,nan,nan,nan,nan,nan,nan,nan,nan,nan
228.98273491859436,-0.4000000059604645,4.0279998779296875,4.058000087738037,4.054999828338623,4.059000015258789,4.059999942779541,4.064000129699707,nan,nan,nan,nan,nan,nan,nan,nan,nan,nan,nan,nan
229.14067935943604,-0.4099999964237213,4.0279998779296875,4.058000087738037,4.054999828338623,4.059000015258789,4.059999942779541,4.064000129699707,nan,nan,nan,nan,nan,nan,nan,nan,nan,nan,nan,nan
229.32115602493286,-0.4000000059604645,4.0279998779296875,4.058000087738037,4.054999828338623,4.059000015258789,4.059999942779541,4.064000129699707,nan,nan,nan,nan,nan,nan,nan,nan,nan,nan,nan,nan
229.50152158737183,-0.4099999964237213,4.0279998779296875,4.058000087738037,4.054999828338623,4.059000015258789,4.059999942779541,4.064000129699707,nan,nan,nan,nan,nan,nan,nan,nan,nan,nan,nan,nan
229.66090321540833,-0.4000000059604645,4.0279998779296875,4.058000087738037,4.054999828338623,4.059000015258789,4.059999942779541,4.064000129699707,nan,nan,nan,nan,nan,nan,nan,nan,nan,nan,nan,nan
229.8415286540985,-0.4000000059604645,4.0279998779296875,4.058000087738037,4.053999900817871,4.059000015258789,4.059999942779541,4.064000129699707,nan,nan,nan,nan,nan,nan,nan,nan,nan,nan,nan,nan
230.00102591514587,-0.4000000059604645,4.0279998779296875,4.058000087738037,4.053999900817871,4.059000015258789,4.059999942779541,4.064000129699707,nan,nan,nan,nan,nan,nan,nan,nan,nan,nan,nan,nan
230.18115258216858,-0.4000000059604645,4.0279998779296875,4.058000087738037,4.054999828338623,4.059000015258789,4.059999942779541,4.064000129699707,nan,nan,nan,nan,nan,nan,nan,nan,nan,nan,nan,nan
230.3616578578949,-0.4000000059604645,4.0279998779296875,4.058000087738037,4.054999828338623,4.059000015258789,4.059999942779541,4.064000129699707,nan,nan,nan,nan,nan,nan,nan,nan,nan,nan,nan,nan
230.52118182182312,-0.4300000071525574,4.0279998779296875,4.058000087738037,4.053999900817871,4.059000015258789,4.059999942779541,4.064000129699707,nan,nan,nan,nan,nan,nan,nan,nan,nan,nan,nan,nan
230.70145916938782,-0.4099999964237213,4.0279998779296875,4.058000087738037,4.053999900817871,4.059000015258789,4.059999942779541,4.064000129699707,nan,nan,nan,nan,nan,nan,nan,nan,nan,nan,nan,nan
230.86099791526794,-0.4000000059604645,4.0279998779296875,4.058000087738037,4.053999900817871,4.059000015258789,4.059999942779541,4.064000129699707,nan,nan,nan,nan,nan,nan,nan,nan,nan,nan,nan,nan
231.0412940979004,-0.4000000059604645,4.0279998779296875,4.058000087738037,4.053999900817871,4.059000015258789,4.059999942779541,4.064000129699707,nan,nan,nan,nan,nan,nan,nan,nan,nan,nan,nan,nan
231.2216818332672,-0.4099999964237213,4.0279998779296875,4.058000087738037,4.054999828338623,4.059000015258789,4.059999942779541,4.064000129699707,nan,nan,nan,nan,nan,nan,nan,nan,nan,nan,nan,nan
231.3809449672699,-0.4099999964237213,4.0279998779296875,4.058000087738037,4.053999900817871,4.059000015258789,4.059999942779541,4.064000129699707,nan,nan,nan,nan,nan,nan,nan,nan,nan,nan,nan,nan
231.5613658428192,-0.4000000059604645,4.0279998779296875,4.057000160217285,4.053999900817871,4.059000015258789,4.059999942779541,4.064000129699707,nan,nan,nan,nan,nan,nan,nan,nan,nan,nan,nan,nan
231.74166893959045,-0.4000000059604645,4.0279998779296875,4.058000087738037,4.053999900817871,4.059000015258789,4.059999942779541,4.064000129699707,nan,nan,nan,nan,nan,nan,nan,nan,nan,nan,nan,nan
231.9014458656311,-0.4000000059604645,4.0279998779296875,4.058000087738037,4.054999828338623,4.059000015258789,4.059999942779541,4.064000129699707,nan,nan,nan,nan,nan,nan,nan,nan,nan,nan,nan,nan
232.0813262462616,-0.38999998569488525,4.0279998779296875,4.058000087738037,4.054999828338623,4.059000015258789,4.059999942779541,4.064000129699707,nan,nan,nan,nan,nan,nan,nan,nan,nan,nan,nan,nan
232.2414162158966,-0.38999998569488525,4.0279998779296875,4.058000087738037,4.054999828338623,4.059000015258789,4.059000015258789,4.064000129699707,nan,nan,nan,nan,nan,nan,nan,nan,nan,nan,nan,nan
232.4227421283722,-0.4000000059604645,4.0279998779296875,4.058000087738037,4.054999828338623,4.059000015258789,4.059999942779541,4.064000129699707,nan,nan,nan,nan,nan,nan,nan,nan,nan,nan,nan,nan
232.601557970047,-0.4000000059604645,4.0279998779296875,4.058000087738037,4.053999900817871,4.059000015258789,4.059999942779541,4.064000129699707,nan,nan,nan,nan,nan,nan,nan,nan,nan,nan,nan,nan
232.76133799552917,-0.4000000059604645,4.0279998779296875,4.058000087738037,4.053999900817871,4.059000015258789,4.059999942779541,4.064000129699707,nan,nan,nan,nan,nan,nan,nan,nan,nan,nan,nan,nan
232.94279789924622,-0.4000000059604645,4.0279998779296875,4.058000087738037,4.053999900817871,4.059000015258789,4.059999942779541,4.064000129699707,nan,nan,nan,nan,nan,nan,nan,nan,nan,nan,nan,nan
233.10040187835693,-0.4000000059604645,4.0279998779296875,4.057000160217285,4.053999900817871,4.059000015258789,4.059999942779541,4.064000129699707,nan,nan,nan,nan,nan,nan,nan,nan,nan,nan,nan,nan
233.28110718727112,-0.4000000059604645,4.0279998779296875,4.058000087738037,4.053999900817871,4.059000015258789,4.059999942779541,4.064000129699707,nan,nan,nan,nan,nan,nan,nan,nan,nan,nan,nan,nan
233.46292233467102,-0.4000000059604645,4.0279998779296875,4.058000087738037,4.054999828338623,4.059000015258789,4.059999942779541,4.064000129699707,nan,nan,nan,nan,nan,nan,nan,nan,nan,nan,nan,nan
233.62053990364075,-0.4000000059604645,4.0269999504089355,4.058000087738037,4.053999900817871,4.059000015258789,4.059999942779541,4.064000129699707,nan,nan,nan,nan,nan,nan,nan,nan,nan,nan,nan,nan
233.80109095573425,-0.38999998569488525,4.0279998779296875,4.057000160217285,4.054999828338623,4.059000015258789,4.059999942779541,4.064000129699707,nan,nan,nan,nan,nan,nan,nan,nan,nan,nan,nan,nan
233.98127031326294,-0.4000000059604645,4.0279998779296875,4.058000087738037,4.054999828338623,4.059000015258789,4.059999942779541,4.064000129699707,nan,nan,nan,nan,nan,nan,nan,nan,nan,nan,nan,nan
234.14078831672668,-0.4000000059604645,4.0269999504089355,4.058000087738037,4.053999900817871,4.059000015258789,4.059999942779541,4.064000129699707,nan,nan,nan,nan,nan,nan,nan,nan,nan,nan,nan,nan
234.32133841514587,-0.38999998569488525,4.0279998779296875,4.057000160217285,4.053999900817871,4.059000015258789,4.059999942779541,4.064000129699707,nan,nan,nan,nan,nan,nan,nan,nan,nan,nan,nan,nan
234.48061299324036,-0.4000000059604645,4.0279998779296875,4.058000087738037,4.053999900817871,4.059000015258789,4.059999942779541,4.064000129699707,nan,nan,nan,nan,nan,nan,nan,nan,nan,nan,nan,nan
234.66090726852417,-0.4000000059604645,4.0279998779296875,4.057000160217285,4.053999900817871,4.059000015258789,4.059999942779541,4.064000129699707,nan,nan,nan,nan,nan,nan,nan,nan,nan,nan,nan,nan
234.84147810935974,-0.4300000071525574,4.0279998779296875,4.058000087738037,4.053999900817871,4.059000015258789,4.059000015258789,4.064000129699707,nan,nan,nan,nan,nan,nan,nan,nan,nan,nan,nan,nan
235.00039672851562,-0.4099999964237213,4.0279998779296875,4.058000087738037,4.053999900817871,4.059000015258789,4.059999942779541,4.064000129699707,nan,nan,nan,nan,nan,nan,nan,nan,nan,nan,nan,nan
235.18085956573486,-0.4000000059604645,4.0269999504089355,4.058000087738037,4.053999900817871,4.059000015258789,4.059999942779541,4.064000129699707,nan,nan,nan,nan,nan,nan,nan,nan,nan,nan,nan,nan
235.34175300598145,-0.4000000059604645,4.0279998779296875,4.058000087738037,4.054999828338623,4.059000015258789,4.059999942779541,4.064000129699707,nan,nan,nan,nan,nan,nan,nan,nan,nan,nan,nan,nan
235.5218222141266,-0.4000000059604645,4.0279998779296875,4.058000087738037,4.053999900817871,4.059000015258789,4.059000015258789,4.064000129699707,nan,nan,nan,nan,nan,nan,nan,nan,nan,nan,nan,nan
235.70074200630188,-0.4000000059604645,4.0269999504089355,4.058000087738037,4.054999828338623,4.059000015258789,4.059999942779541,4.064000129699707,nan,nan,nan,nan,nan,nan,nan,nan,nan,nan,nan,nan
235.8616704940796,-0.4000000059604645,4.0269999504089355,4.058000087738037,4.053999900817871,4.059000015258789,4.059999942779541,4.064000129699707,nan,nan,nan,nan,nan,nan,nan,nan,nan,nan,nan,nan
236.04204988479614,-0.4000000059604645,4.0269999504089355,4.058000087738037,4.053999900817871,4.059000015258789,4.059999942779541,4.064000129699707,nan,nan,nan,nan,nan,nan,nan,nan,nan,nan,nan,nan
236.22075629234314,-0.38999998569488525,4.0269999504089355,4.058000087738037,4.053999900817871,4.059000015258789,4.059999942779541,4.064000129699707,nan,nan,nan,nan,nan,nan,nan,nan,nan,nan,nan,nan
236.38157200813293,-0.4000000059604645,4.0279998779296875,4.057000160217285,4.053999900817871,4.059000015258789,4.059999942779541,4.064000129699707,nan,nan,nan,nan,nan,nan,nan,nan,nan,nan,nan,nan
236.56073212623596,-0.4000000059604645,4.0279998779296875,4.058000087738037,4.053999900817871,4.059000015258789,4.059999942779541,4.064000129699707,nan,nan,nan,nan,nan,nan,nan,nan,nan,nan,nan,nan
236.72143507003784,-0.4000000059604645,4.0269999504089355,4.058000087738037,4.053999900817871,4.059000015258789,4.059999942779541,4.064000129699707,nan,nan,nan,nan,nan,nan,nan,nan,nan,nan,nan,nan
236.90190076828003,-0.4099999964237213,4.0279998779296875,4.057000160217285,4.053999900817871,4.059000015258789,4.059000015258789,4.064000129699707,nan,nan,nan,nan,nan,nan,nan,nan,nan,nan,nan,nan
237.08103919029236,-0.4000000059604645,4.0269999504089355,4.057000160217285,4.053999900817871,4.059000015258789,4.059999942779541,4.064000129699707,nan,nan,nan,nan,nan,nan,nan,nan,nan,nan,nan,nan
237.24055290222168,-0.38999998569488525,4.0269999504089355,4.058000087738037,4.054999828338623,4.059000015258789,4.059999942779541,4.064000129699707,nan,nan,nan,nan,nan,nan,nan,nan,nan,nan,nan,nan
237.42100620269775,-0.4000000059604645,4.0269999504089355,4.057000160217285,4.053999900817871,4.059000015258789,4.059999942779541,4.064000129699707,nan,nan,nan,nan,nan,nan,nan,nan,nan,nan,nan,nan
237.58034324645996,-0.4000000059604645,4.0279998779296875,4.058000087738037,4.054999828338623,4.059000015258789,4.059999942779541,4.064000129699707,nan,nan,nan,nan,nan,nan,nan,nan,nan,nan,nan,nan
237.7610216140747,-0.4000000059604645,4.0279998779296875,4.058000087738037,4.053999900817871,4.059000015258789,4.059000015258789,4.064000129699707,nan,nan,nan,nan,nan,nan,nan,nan,nan,nan,nan,nan
237.94112586975098,-0.4099999964237213,4.0269999504089355,4.058000087738037,4.053999900817871,4.059000015258789,4.059999942779541,4.064000129699707,nan,nan,nan,nan,nan,nan,nan,nan,nan,nan,nan,nan
238.10372877120972,-0.4000000059604645,4.0269999504089355,4.058000087738037,4.053999900817871,4.059000015258789,4.059000015258789,4.064000129699707,nan,nan,nan,nan,nan,nan,nan,nan,nan,nan,nan,nan
238.28084802627563,-0.4099999964237213,4.0279998779296875,4.058000087738037,4.053999900817871,4.059000015258789,4.059999942779541,4.064000129699707,nan,nan,nan,nan,nan,nan,nan,nan,nan,nan,nan,nan
238.46099400520325,-0.4000000059604645,4.0269999504089355,4.058000087738037,4.053999900817871,4.059000015258789,4.059999942779541,4.064000129699707,nan,nan,nan,nan,nan,nan,nan,nan,nan,nan,nan,nan
238.62120628356934,-0.4000000059604645,4.0279998779296875,4.058000087738037,4.053999900817871,4.059000015258789,4.059999942779541,4.064000129699707,nan,nan,nan,nan,nan,nan,nan,nan,nan,nan,nan,nan
238.80252075195312,-0.4099999964237213,4.0269999504089355,4.057000160217285,4.053999900817871,4.059000015258789,4.059999942779541,4.064000129699707,nan,nan,nan,nan,nan,nan,nan,nan,nan,nan,nan,nan
238.9603786468506,-0.4099999964237213,4.0269999504089355,4.057000160217285,4.053999900817871,4.059000015258789,4.059999942779541,4.064000129699707,nan,nan,nan,nan,nan,nan,nan,nan,nan,nan,nan,nan
239.1421868801117,-0.38999998569488525,4.0269999504089355,4.057000160217285,4.054999828338623,4.059000015258789,4.059999942779541,4.064000129699707,nan,nan,nan,nan,nan,nan,nan,nan,nan,nan,nan,nan
239.32069492340088,-0.41999998688697815,4.0279998779296875,4.057000160217285,4.053999900817871,4.059000015258789,4.059999942779541,4.064000129699707,nan,nan,nan,nan,nan,nan,nan,nan,nan,nan,nan,nan
239.4804491996765,-0.4000000059604645,4.0279998779296875,4.058000087738037,4.053999900817871,4.059000015258789,4.059000015258789,4.064000129699707,nan,nan,nan,nan,nan,nan,nan,nan,nan,nan,nan,nan
239.66084218025208,-0.4000000059604645,4.0279998779296875,4.058000087738037,4.053999900817871,4.059000015258789,4.059999942779541,4.064000129699707,nan,nan,nan,nan,nan,nan,nan,nan,nan,nan,nan,nan
239.82154989242554,-0.4000000059604645,4.0269999504089355,4.058000087738037,4.053999900817871,4.059000015258789,4.059999942779541,4.064000129699707,nan,nan,nan,nan,nan,nan,nan,nan,nan,nan,nan,nan
240.00183010101318,-0.4000000059604645,4.0269999504089355,4.057000160217285,4.053999900817871,4.059000015258789,4.059999942779541,4.064000129699707,nan,nan,nan,nan,nan,nan,nan,nan,nan,nan,nan,nan
240.1805272102356,-0.4000000059604645,4.0269999504089355,4.057000160217285,4.053999900817871,4.059000015258789,4.059999942779541,4.064000129699707,nan,nan,nan,nan,nan,nan,nan,nan,nan,nan,nan,nan
240.34184312820435,-0.4000000059604645,4.0269999504089355,4.057000160217285,4.053999900817871,4.059000015258789,4.059999942779541,4.064000129699707,nan,nan,nan,nan,nan,nan,nan,nan,nan,nan,nan,nan
240.52049350738525,-0.4099999964237213,4.0269999504089355,4.057000160217285,4.053999900817871,4.059000015258789,4.059999942779541,4.064000129699707,nan,nan,nan,nan,nan,nan,nan,nan,nan,nan,nan,nan
240.70093989372253,-0.4099999964237213,4.0269999504089355,4.057000160217285,4.053999900817871,4.059000015258789,4.059999942779541,4.064000129699707,nan,nan,nan,nan,nan,nan,nan,nan,nan,nan,nan,nan
240.861882686615,-0.4099999964237213,4.0269999504089355,4.057000160217285,4.053999900817871,4.059000015258789,4.059000015258789,4.064000129699707,nan,nan,nan,nan,nan,nan,nan,nan,nan,nan,nan,nan
241.04187655448914,-0.4000000059604645,4.0279998779296875,4.057000160217285,4.053999900817871,4.059000015258789,4.059999942779541,4.064000129699707,nan,nan,nan,nan,nan,nan,nan,nan,nan,nan,nan,nan
241.20240902900696,-0.4099999964237213,4.0269999504089355,4.058000087738037,4.053999900817871,4.059000015258789,4.059999942779541,4.064000129699707,nan,nan,nan,nan,nan,nan,nan,nan,nan,nan,nan,nan
241.38115787506104,-0.4099999964237213,4.0269999504089355,4.057000160217285,4.053999900817871,4.059000015258789,4.059999942779541,4.064000129699707,nan,nan,nan,nan,nan,nan,nan,nan,nan,nan,nan,nan
241.5614902973175,-0.4000000059604645,4.0269999504089355,4.057000160217285,4.053999900817871,4.059000015258789,4.059000015258789,4.064000129699707,nan,nan,nan,nan,nan,nan,nan,nan,nan,nan,nan,nan
241.7209439277649,-0.4000000059604645,4.0269999504089355,4.057000160217285,4.053999900817871,4.059000015258789,4.059000015258789,4.064000129699707,nan,nan,nan,nan,nan,nan,nan,nan,nan,nan,nan,nan
241.90143871307373,-0.4000000059604645,4.0279998779296875,4.058000087738037,4.053999900817871,4.059000015258789,4.059999942779541,4.064000129699707,nan,nan,nan,nan,nan,nan,nan,nan,nan,nan,nan,nan
242.06050419807434,-0.4000000059604645,4.0269999504089355,4.057000160217285,4.053999900817871,4.059000015258789,4.059000015258789,4.064000129699707,nan,nan,nan,nan,nan,nan,nan,nan,nan,nan,nan,nan
242.24099469184875,-0.4000000059604645,4.0269999504089355,4.057000160217285,4.053999900817871,4.059000015258789,4.059999942779541,4.064000129699707,nan,nan,nan,nan,nan,nan,nan,nan,nan,nan,nan,nan
242.42129802703857,-0.4000000059604645,4.0269999504089355,4.057000160217285,4.053999900817871,4.059000015258789,4.059000015258789,4.064000129699707,nan,nan,nan,nan,nan,nan,nan,nan,nan,nan,nan,nan
242.58046221733093,-0.4000000059604645,4.0269999504089355,4.057000160217285,4.053999900817871,4.059000015258789,4.059000015258789,4.064000129699707,nan,nan,nan,nan,nan,nan,nan,nan,nan,nan,nan,nan
242.76088047027588,-0.4000000059604645,4.0269999504089355,4.057000160217285,4.053999900817871,4.059000015258789,4.059999942779541,4.063000202178955,nan,nan,nan,nan,nan,nan,nan,nan,nan,nan,nan,nan
242.9218533039093,-0.4000000059604645,4.0269999504089355,4.057000160217285,4.053999900817871,4.059000015258789,4.059000015258789,4.064000129699707,nan,nan,nan,nan,nan,nan,nan,nan,nan,nan,nan,nan
243.1006166934967,-0.4099999964237213,4.0279998779296875,4.057000160217285,4.053999900817871,4.059000015258789,4.059999942779541,4.064000129699707,nan,nan,nan,nan,nan,nan,nan,nan,nan,nan,nan,nan
243.28092741966248,-0.4000000059604645,4.0269999504089355,4.057000160217285,4.053999900817871,4.059000015258789,4.059000015258789,4.064000129699707,nan,nan,nan,nan,nan,nan,nan,nan,nan,nan,nan,nan
243.4419801235199,-0.41999998688697815,4.0269999504089355,4.057000160217285,4.053999900817871,4.059000015258789,4.059999942779541,4.063000202178955,nan,nan,nan,nan,nan,nan,nan,nan,nan,nan,nan,nan
243.62103295326233,-0.41999998688697815,4.0269999504089355,4.057000160217285,4.053999900817871,4.059000015258789,4.059999942779541,4.064000129699707,nan,nan,nan,nan,nan,nan,nan,nan,nan,nan,nan,nan
243.80119633674622,-0.4000000059604645,4.0269999504089355,4.057000160217285,4.053999900817871,4.059000015258789,4.059999942779541,4.063000202178955,nan,nan,nan,nan,nan,nan,nan,nan,nan,nan,nan,nan
243.960444688797,-0.4000000059604645,4.0269999504089355,4.057000160217285,4.053999900817871,4.059000015258789,4.059999942779541,4.064000129699707,nan,nan,nan,nan,nan,nan,nan,nan,nan,nan,nan,nan
244.14104175567627,-0.4000000059604645,4.0269999504089355,4.057000160217285,4.053999900817871,4.059000015258789,4.059999942779541,4.064000129699707,nan,nan,nan,nan,nan,nan,nan,nan,nan,nan,nan,nan
244.30203795433044,-0.4099999964237213,4.0269999504089355,4.057000160217285,4.053999900817871,4.059000015258789,4.059000015258789,4.063000202178955,nan,nan,nan,nan,nan,nan,nan,nan,nan,nan,nan,nan
244.4806787967682,-0.4000000059604645,4.0269999504089355,4.058000087738037,4.053999900817871,4.059000015258789,4.059000015258789,4.064000129699707,nan,nan,nan,nan,nan,nan,nan,nan,nan,nan,nan,nan
244.66096472740173,-0.3799999952316284,4.0269999504089355,4.057000160217285,4.053999900817871,4.059000015258789,4.059999942779541,4.064000129699707,nan,nan,nan,nan,nan,nan,nan,nan,nan,nan,nan,nan
244.820454120636,-0.4000000059604645,4.0269999504089355,4.058000087738037,4.053999900817871,4.059000015258789,4.059000015258789,4.064000129699707,nan,nan,nan,nan,nan,nan,nan,nan,nan,nan,nan,nan
245.00085186958313,-0.4000000059604645,4.0269999504089355,4.058000087738037,4.053999900817871,4.059000015258789,4.059000015258789,4.064000129699707,nan,nan,nan,nan,nan,nan,nan,nan,nan,nan,nan,nan
245.16185235977173,-0.4000000059604645,4.0269999504089355,4.057000160217285,4.053999900817871,4.059000015258789,4.059999942779541,4.064000129699707,nan,nan,nan,nan,nan,nan,nan,nan,nan,nan,nan,nan
245.3421506881714,-0.4099999964237213,4.0269999504089355,4.057000160217285,4.053999900817871,4.059000015258789,4.059999942779541,4.063000202178955,nan,nan,nan,nan,nan,nan,nan,nan,nan,nan,nan,nan
245.5213167667389,-0.4000000059604645,4.0269999504089355,4.057000160217285,4.053999900817871,4.059000015258789,4.059999942779541,4.064000129699707,nan,nan,nan,nan,nan,nan,nan,nan,nan,nan,nan,nan
245.6818516254425,-0.4099999964237213,4.0269999504089355,4.057000160217285,4.053999900817871,4.059000015258789,4.059000015258789,4.063000202178955,nan,nan,nan,nan,nan,nan,nan,nan,nan,nan,nan,nan
245.8606095314026,-0.4000000059604645,4.0269999504089355,4.057000160217285,4.053999900817871,4.059000015258789,4.059000015258789,4.063000202178955,nan,nan,nan,nan,nan,nan,nan,nan,nan,nan,nan,nan
246.0410771369934,-0.4000000059604645,4.0269999504089355,4.057000160217285,4.053999900817871,4.059000015258789,4.059000015258789,4.064000129699707,nan,nan,nan,nan,nan,nan,nan,nan,nan,nan,nan,nan
246.20078921318054,-0.4099999964237213,4.0269999504089355,4.057000160217285,4.053999900817871,4.059000015258789,4.059000015258789,4.064000129699707,nan,nan,nan,nan,nan,nan,nan,nan,nan,nan,nan,nan
246.38103103637695,-0.4000000059604645,4.0269999504089355,4.057000160217285,4.053999900817871,4.059000015258789,4.059999942779541,4.063000202178955,nan,nan,nan,nan,nan,nan,nan,nan,nan,nan,nan,nan
246.54060101509094,-0.4000000059604645,4.0269999504089355,4.057000160217285,4.053999900817871,4.059000015258789,4.059999942779541,4.064000129699707,nan,nan,nan,nan,nan,nan,nan,nan,nan,nan,nan,nan
246.7210292816162,-0.38999998569488525,4.0269999504089355,4.057000160217285,4.053999900817871,4.059000015258789,4.059000015258789,4.063000202178955,nan,nan,nan,nan,nan,nan,nan,nan,nan,nan,nan,nan
246.90118551254272,-0.4000000059604645,4.0269999504089355,4.057000160217285,4.053999900817871,4.059000015258789,4.059000015258789,4.064000129699707,nan,nan,nan,nan,nan,nan,nan,nan,nan,nan,nan,nan
247.06070041656494,-0.4000000059604645,4.0269999504089355,4.057000160217285,4.053999900817871,4.059000015258789,4.059000015258789,4.064000129699707,nan,nan,nan,nan,nan,nan,nan,nan,nan,nan,nan,nan
247.2409324645996,-0.4000000059604645,4.0269999504089355,4.057000160217285,4.053999900817871,4.059000015258789,4.059000015258789,4.064000129699707,nan,nan,nan,nan,nan,nan,nan,nan,nan,nan,nan,nan
247.40071415901184,-0.4000000059604645,4.0269999504089355,4.057000160217285,4.053999900817871,4.059000015258789,4.059999942779541,4.064000129699707,nan,nan,nan,nan,nan,nan,nan,nan,nan,nan,nan,nan
247.58112692832947,-0.4099999964237213,4.0269999504089355,4.057000160217285,4.053999900817871,4.059000015258789,4.059000015258789,4.063000202178955,nan,nan,nan,nan,nan,nan,nan,nan,nan,nan,nan,nan
247.76133346557617,-0.4000000059604645,4.0269999504089355,4.057000160217285,4.053999900817871,4.059000015258789,4.059000015258789,4.063000202178955,nan,nan,nan,nan,nan,nan,nan,nan,nan,nan,nan,nan
247.92099452018738,-0.4000000059604645,4.0269999504089355,4.057000160217285,4.053999900817871,4.059000015258789,4.059000015258789,4.063000202178955,nan,nan,nan,nan,nan,nan,nan,nan,nan,nan,nan,nan
248.10112404823303,-0.4000000059604645,4.0269999504089355,4.057000160217285,4.053999900817871,4.059000015258789,4.059000015258789,4.063000202178955,nan,nan,nan,nan,nan,nan,nan,nan,nan,nan,nan,nan
248.28288054466248,-0.4000000059604645,4.0269999504089355,4.057000160217285,4.053999900817871,4.059000015258789,4.059000015258789,4.063000202178955,nan,nan,nan,nan,nan,nan,nan,nan,nan,nan,nan,nan
248.44232630729675,-0.4000000059604645,4.0269999504089355,4.057000160217285,4.053999900817871,4.059000015258789,4.059000015258789,4.064000129699707,nan,nan,nan,nan,nan,nan,nan,nan,nan,nan,nan,nan
248.62119102478027,-0.4000000059604645,4.0269999504089355,4.057000160217285,4.053999900817871,4.059000015258789,4.059000015258789,4.064000129699707,nan,nan,nan,nan,nan,nan,nan,nan,nan,nan,nan,nan
248.78083992004395,-0.4099999964237213,4.0269999504089355,4.057000160217285,4.053999900817871,4.059000015258789,4.059000015258789,4.064000129699707,nan,nan,nan,nan,nan,nan,nan,nan,nan,nan,nan,nan
248.96122574806213,-0.4099999964237213,4.0269999504089355,4.057000160217285,4.053999900817871,4.059000015258789,4.059000015258789,4.064000129699707,nan,nan,nan,nan,nan,nan,nan,nan,nan,nan,nan,nan
249.14098834991455,-0.4000000059604645,4.0269999504089355,4.057000160217285,4.053999900817871,4.059000015258789,4.059000015258789,4.063000202178955,nan,nan,nan,nan,nan,nan,nan,nan,nan,nan,nan,nan
249.30071902275085,-0.4099999964237213,4.0269999504089355,4.057000160217285,4.053999900817871,4.059000015258789,4.059000015258789,4.063000202178955,nan,nan,nan,nan,nan,nan,nan,nan,nan,nan,nan,nan
249.4813461303711,-0.3799999952316284,4.0269999504089355,4.057000160217285,4.053999900817871,4.059000015258789,4.059000015258789,4.064000129699707,nan,nan,nan,nan,nan,nan,nan,nan,nan,nan,nan,nan
249.64105677604675,-0.4000000059604645,4.0269999504089355,4.057000160217285,4.053999900817871,4.059000015258789,4.059000015258789,4.063000202178955,nan,nan,nan,nan,nan,nan,nan,nan,nan,nan,nan,nan
249.82126665115356,-0.4099999964237213,4.0269999504089355,4.057000160217285,4.053999900817871,4.059000015258789,4.059000015258789,4.064000129699707,nan,nan,nan,nan,nan,nan,nan,nan,nan,nan,nan,nan
250.00151777267456,-0.4000000059604645,4.0269999504089355,4.057000160217285,4.053999900817871,4.059000015258789,4.059000015258789,4.063000202178955,nan,nan,nan,nan,nan,nan,nan,nan,nan,nan,nan,nan
250.1626603603363,-0.4099999964237213,4.0269999504089355,4.057000160217285,4.053999900817871,4.059000015258789,4.059000015258789,4.064000129699707,nan,nan,nan,nan,nan,nan,nan,nan,nan,nan,nan,nan
250.34161043167114,-0.41999998688697815,4.0269999504089355,4.057000160217285,4.053999900817871,4.059000015258789,4.059000015258789,4.064000129699707,nan,nan,nan,nan,nan,nan,nan,nan,nan,nan,nan,nan
250.52182483673096,-0.4000000059604645,4.0269999504089355,4.057000160217285,4.053999900817871,4.059000015258789,4.059000015258789,4.063000202178955,nan,nan,nan,nan,nan,nan,nan,nan,nan,nan,nan,nan
250.681813955307,-0.38999998569488525,4.0269999504089355,4.057000160217285,4.053999900817871,4.059000015258789,4.059000015258789,4.063000202178955,nan,nan,nan,nan,nan,nan,nan,nan,nan,nan,nan,nan
250.86181449890137,-0.4000000059604645,4.0269999504089355,4.057000160217285,4.053999900817871,4.059000015258789,4.059000015258789,4.063000202178955,nan,nan,nan,nan,nan,nan,nan,nan,nan,nan,nan,nan
251.02143263816833,-0.4000000059604645,4.0269999504089355,4.057000160217285,4.053999900817871,4.059000015258789,4.059000015258789,4.064000129699707,nan,nan,nan,nan,nan,nan,nan,nan,nan,nan,nan,nan
251.2016565799713,-0.38999998569488525,4.0269999504089355,4.057000160217285,4.053999900817871,4.059000015258789,4.059000015258789,4.063000202178955,nan,nan,nan,nan,nan,nan,nan,nan,nan,nan,nan,nan
251.38039350509644,-0.38999998569488525,4.0269999504089355,4.057000160217285,4.053999900817871,4.059000015258789,4.059000015258789,4.064000129699707,nan,nan,nan,nan,nan,nan,nan,nan,nan,nan,nan,nan
251.54179644584656,-0.4300000071525574,4.0269999504089355,4.057000160217285,4.053999900817871,4.059000015258789,4.059000015258789,4.064000129699707,nan,nan,nan,nan,nan,nan,nan,nan,nan,nan,nan,nan
251.721693277359,-0.4099999964237213,4.0269999504089355,4.057000160217285,4.053999900817871,4.059000015258789,4.059000015258789,4.064000129699707,nan,nan,nan,nan,nan,nan,nan,nan,nan,nan,nan,nan
251.9006757736206,-0.4099999964237213,4.0269999504089355,4.057000160217285,4.053999900817871,4.059000015258789,4.059000015258789,4.063000202178955,nan,nan,nan,nan,nan,nan,nan,nan,nan,nan,nan,nan
252.0600790977478,-0.38999998569488525,4.0269999504089355,4.057000160217285,4.053999900817871,4.059000015258789,4.059000015258789,4.063000202178955,nan,nan,nan,nan,nan,nan,nan,nan,nan,nan,nan,nan
252.24235320091248,-0.4000000059604645,4.0269999504089355,4.057000160217285,4.053999900817871,4.059000015258789,4.059000015258789,4.063000202178955,nan,nan,nan,nan,nan,nan,nan,nan,nan,nan,nan,nan
252.40205144882202,-0.4000000059604645,4.0269999504089355,4.057000160217285,4.053999900817871,4.059000015258789,4.059000015258789,4.063000202178955,nan,nan,nan,nan,nan,nan,nan,nan,nan,nan,nan,nan
252.58075618743896,-0.4099999964237213,4.0269999504089355,4.057000160217285,4.053999900817871,4.059000015258789,4.059000015258789,4.063000202178955,nan,nan,nan,nan,nan,nan,nan,nan,nan,nan,nan,nan
252.7607262134552,-0.38999998569488525,4.0269999504089355,4.057000160217285,4.053999900817871,4.059000015258789,4.059000015258789,4.063000202178955,nan,nan,nan,nan,nan,nan,nan,nan,nan,nan,nan,nan
252.92187643051147,-0.38999998569488525,4.0269999504089355,4.057000160217285,4.053999900817871,4.059000015258789,4.059000015258789,4.063000202178955,nan,nan,nan,nan,nan,nan,nan,nan,nan,nan,nan,nan
253.1016526222229,-0.4000000059604645,4.0269999504089355,4.057000160217285,4.053999900817871,4.059000015258789,4.059000015258789,4.063000202178955,nan,nan,nan,nan,nan,nan,nan,nan,nan,nan,nan,nan
253.26111698150635,-0.4000000059604645,4.0269999504089355,4.057000160217285,4.053999900817871,4.059000015258789,4.059000015258789,4.064000129699707,nan,nan,nan,nan,nan,nan,nan,nan,nan,nan,nan,nan
253.44134783744812,-0.4000000059604645,4.0269999504089355,4.057000160217285,4.053999900817871,4.059000015258789,4.059000015258789,4.063000202178955,nan,nan,nan,nan,nan,nan,nan,nan,nan,nan,nan,nan
253.62176752090454,-0.4099999964237213,4.0269999504089355,4.057000160217285,4.053999900817871,4.059000015258789,4.059000015258789,4.064000129699707,nan,nan,nan,nan,nan,nan,nan,nan,nan,nan,nan,nan
253.7814691066742,-0.4000000059604645,4.0269999504089355,4.057000160217285,4.053999900817871,4.059000015258789,4.059000015258789,4.063000202178955,nan,nan,nan,nan,nan,nan,nan,nan,nan,nan,nan,nan
253.9616162776947,-0.4099999964237213,4.0269999504089355,4.057000160217285,4.053999900817871,4.059000015258789,4.059000015258789,4.063000202178955,nan,nan,nan,nan,nan,nan,nan,nan,nan,nan,nan,nan
254.12270522117615,-0.4099999964237213,4.0269999504089355,4.057000160217285,4.053999900817871,4.059000015258789,4.059000015258789,4.063000202178955,nan,nan,nan,nan,nan,nan,nan,nan,nan,nan,nan,nan
254.3016333580017,-0.4000000059604645,4.0269999504089355,4.057000160217285,4.053999900817871,4.059000015258789,4.059000015258789,4.063000202178955,nan,nan,nan,nan,nan,nan,nan,nan,nan,nan,nan,nan
254.4822759628296,-0.38999998569488525,4.0269999504089355,4.057000160217285,4.053999900817871,4.059000015258789,4.059000015258789,4.063000202178955,nan,nan,nan,nan,nan,nan,nan,nan,nan,nan,nan,nan
254.6416072845459,-0.4000000059604645,4.0269999504089355,4.057000160217285,4.053999900817871,4.059000015258789,4.059000015258789,4.064000129699707,nan,nan,nan,nan,nan,nan,nan,nan,nan,nan,nan,nan
254.8218915462494,-0.4000000059604645,4.0269999504089355,4.057000160217285,4.053999900817871,4.059000015258789,4.059000015258789,4.063000202178955,nan,nan,nan,nan,nan,nan,nan,nan,nan,nan,nan,nan
255.0009045600891,-0.4000000059604645,4.0269999504089355,4.057000160217285,4.053999900817871,4.059000015258789,4.059000015258789,4.064000129699707,nan,nan,nan,nan,nan,nan,nan,nan,nan,nan,nan,nan
255.16189813613892,-0.4000000059604645,4.0269999504089355,4.057000160217285,4.053999900817871,4.059000015258789,4.059000015258789,4.063000202178955,nan,nan,nan,nan,nan,nan,nan,nan,nan,nan,nan,nan
255.34075379371643,-0.4099999964237213,4.0269999504089355,4.057000160217285,4.053999900817871,4.059000015258789,4.059000015258789,4.063000202178955,nan,nan,nan,nan,nan,nan,nan,nan,nan,nan,nan,nan
255.50170969963074,-0.4099999964237213,4.0269999504089355,4.057000160217285,4.053999900817871,4.059000015258789,4.059000015258789,4.064000129699707,nan,nan,nan,nan,nan,nan,nan,nan,nan,nan,nan,nan
255.68051314353943,-0.4000000059604645,4.0269999504089355,4.057000160217285,4.053999900817871,4.058000087738037,4.059000015258789,4.063000202178955,nan,nan,nan,nan,nan,nan,nan,nan,nan,nan,nan,nan
255.86099433898926,-0.38999998569488525,4.0269999504089355,4.057000160217285,4.053999900817871,4.059000015258789,4.059000015258789,4.063000202178955,nan,nan,nan,nan,nan,nan,nan,nan,nan,nan,nan,nan
256.0217845439911,-0.4099999964237213,4.0269999504089355,4.057000160217285,4.053999900817871,4.059000015258789,4.059000015258789,4.063000202178955,nan,nan,nan,nan,nan,nan,nan,nan,nan,nan,nan,nan
256.2020616531372,-0.4099999964237213,4.0269999504089355,4.057000160217285,4.053999900817871,4.059000015258789,4.059000015258789,4.064000129699707,nan,nan,nan,nan,nan,nan,nan,nan,nan,nan,nan,nan
256.3807466030121,-0.4000000059604645,4.0269999504089355,4.057000160217285,4.053999900817871,4.059000015258789,4.059000015258789,4.063000202178955,nan,nan,nan,nan,nan,nan,nan,nan,nan,nan,nan,nan
256.5419502258301,-0.4000000059604645,4.0269999504089355,4.057000160217285,4.053999900817871,4.058000087738037,4.059000015258789,4.063000202178955,nan,nan,nan,nan,nan,nan,nan,nan,nan,nan,nan,nan
256.72079253196716,-0.38999998569488525,4.0269999504089355,4.057000160217285,4.052999973297119,4.059000015258789,4.059000015258789,4.063000202178955,nan,nan,nan,nan,nan,nan,nan,nan,nan,nan,nan,nan
256.8805387020111,-0.4000000059604645,4.0269999504089355,4.057000160217285,4.053999900817871,4.059000015258789,4.059000015258789,4.063000202178955,nan,nan,nan,nan,nan,nan,nan,nan,nan,nan,nan,nan
257.0608186721802,-0.38999998569488525,4.0269999504089355,4.057000160217285,4.053999900817871,4.059000015258789,4.059000015258789,4.064000129699707,nan,nan,nan,nan,nan,nan,nan,nan,nan,nan,nan,nan
257.2413935661316,-0.4099999964237213,4.0269999504089355,4.057000160217285,4.053999900817871,4.059000015258789,4.059000015258789,4.063000202178955,nan,nan,nan,nan,nan,nan,nan,nan,nan,nan,nan,nan
257.4007625579834,-0.4000000059604645,4.0269999504089355,4.057000160217285,4.053999900817871,4.059000015258789,4.059000015258789,4.063000202178955,nan,nan,nan,nan,nan,nan,nan,nan,nan,nan,nan,nan
257.58088850975037,-0.4099999964237213,4.0269999504089355,4.057000160217285,4.053999900817871,4.058000087738037,4.059000015258789,4.063000202178955,nan,nan,nan,nan,nan,nan,nan,nan,nan,nan,nan,nan
257.74216175079346,-0.4099999964237213,4.0269999504089355,4.057000160217285,4.053999900817871,4.059000015258789,4.059000015258789,4.063000202178955,nan,nan,nan,nan,nan,nan,nan,nan,nan,nan,nan,nan
257.92227005958557,-0.4000000059604645,4.0269999504089355,4.057000160217285,4.053999900817871,4.059000015258789,4.059000015258789,4.063000202178955,nan,nan,nan,nan,nan,nan,nan,nan,nan,nan,nan,nan
258.10260915756226,-0.4000000059604645,4.0269999504089355,4.057000160217285,4.053999900817871,4.059000015258789,4.059000015258789,4.063000202178955,nan,nan,nan,nan,nan,nan,nan,nan,nan,nan,nan,nan
258.2607989311218,-0.4000000059604645,4.0269999504089355,4.057000160217285,4.053999900817871,4.058000087738037,4.059000015258789,4.063000202178955,nan,nan,nan,nan,nan,nan,nan,nan,nan,nan,nan,nan
258.44118785858154,-0.38999998569488525,4.0269999504089355,4.057000160217285,4.053999900817871,4.059000015258789,4.059000015258789,4.063000202178955,nan,nan,nan,nan,nan,nan,nan,nan,nan,nan,nan,nan
258.62133979797363,-0.38999998569488525,4.0269999504089355,4.057000160217285,4.053999900817871,4.059000015258789,4.059000015258789,4.064000129699707,nan,nan,nan,nan,nan,nan,nan,nan,nan,nan,nan,nan
258.78139877319336,-0.4000000059604645,4.0269999504089355,4.057000160217285,4.053999900817871,4.059000015258789,4.059000015258789,4.063000202178955,nan,nan,nan,nan,nan,nan,nan,nan,nan,nan,nan,nan
258.9610404968262,-0.4000000059604645,4.0269999504089355,4.057000160217285,4.053999900817871,4.059000015258789,4.059000015258789,4.063000202178955,nan,nan,nan,nan,nan,nan,nan,nan,nan,nan,nan,nan
259.12220907211304,-0.4099999964237213,4.0269999504089355,4.057000160217285,4.053999900817871,4.059000015258789,4.059000015258789,4.064000129699707,nan,nan,nan,nan,nan,nan,nan,nan,nan,nan,nan,nan
259.3037049770355,-0.4099999964237213,4.0269999504089355,4.057000160217285,4.053999900817871,4.059000015258789,4.059000015258789,4.064000129699707,nan,nan,nan,nan,nan,nan,nan,nan,nan,nan,nan,nan
259.4812698364258,-0.4000000059604645,4.0269999504089355,4.057000160217285,4.053999900817871,4.058000087738037,4.059000015258789,4.063000202178955,nan,nan,nan,nan,nan,nan,nan,nan,nan,nan,nan,nan
259.64189863204956,-0.4000000059604645,4.0269999504089355,4.057000160217285,4.053999900817871,4.059000015258789,4.059000015258789,4.064000129699707,nan,nan,nan,nan,nan,nan,nan,nan,nan,nan,nan,nan
259.82069993019104,-0.4099999964237213,4.0269999504089355,4.057000160217285,4.053999900817871,4.059000015258789,4.059000015258789,4.063000202178955,nan,nan,nan,nan,nan,nan,nan,nan,nan,nan,nan,nan
259.98174381256104,-0.4000000059604645,4.0269999504089355,4.057000160217285,4.053999900817871,4.058000087738037,4.059000015258789,4.063000202178955,nan,nan,nan,nan,nan,nan,nan,nan,nan,nan,nan,nan
260.16217136383057,-0.4000000059604645,4.0269999504089355,4.057000160217285,4.053999900817871,4.059000015258789,4.059000015258789,4.063000202178955,nan,nan,nan,nan,nan,nan,nan,nan,nan,nan,nan,nan
260.3412115573883,-0.4000000059604645,4.0269999504089355,4.057000160217285,4.053999900817871,4.059000015258789,4.059000015258789,4.063000202178955,nan,nan,nan,nan,nan,nan,nan,nan,nan,nan,nan,nan
260.50167059898376,-0.3799999952316284,4.0269999504089355,4.057000160217285,4.053999900817871,4.059000015258789,4.059000015258789,4.063000202178955,nan,nan,nan,nan,nan,nan,nan,nan,nan,nan,nan,nan
260.6819348335266,-0.4099999964237213,4.0269999504089355,4.057000160217285,4.053999900817871,4.059000015258789,4.059000015258789,4.064000129699707,nan,nan,nan,nan,nan,nan,nan,nan,nan,nan,nan,nan
260.8622508049011,-0.4000000059604645,4.0269999504089355,4.057000160217285,4.053999900817871,4.059000015258789,4.059000015258789,4.063000202178955,nan,nan,nan,nan,nan,nan,nan,nan,nan,nan,nan,nan
261.02139925956726,-0.4000000059604645,4.0269999504089355,4.057000160217285,4.053999900817871,4.059000015258789,4.059000015258789,4.063000202178955,nan,nan,nan,nan,nan,nan,nan,nan,nan,nan,nan,nan
261.20211482048035,-0.4000000059604645,4.0269999504089355,4.057000160217285,4.053999900817871,4.059000015258789,4.059000015258789,4.063000202178955,nan,nan,nan,nan,nan,nan,nan,nan,nan,nan,nan,nan
261.36289858818054,-0.38999998569488525,4.0269999504089355,4.057000160217285,4.053999900817871,4.059000015258789,4.059000015258789,4.063000202178955,nan,nan,nan,nan,nan,nan,nan,nan,nan,nan,nan,nan
261.54196882247925,-0.4000000059604645,4.0269999504089355,4.057000160217285,4.053999900817871,4.059000015258789,4.059000015258789,4.063000202178955,nan,nan,nan,nan,nan,nan,nan,nan,nan,nan,nan,nan
261.7221648693085,-0.4000000059604645,4.0269999504089355,4.057000160217285,4.053999900817871,4.058000087738037,4.059000015258789,4.063000202178955,nan,nan,nan,nan,nan,nan,nan,nan,nan,nan,nan,nan
261.8816990852356,-0.4000000059604645,4.0269999504089355,4.057000160217285,4.053999900817871,4.059000015258789,4.059000015258789,4.063000202178955,nan,nan,nan,nan,nan,nan,nan,nan,nan,nan,nan,nan
262.06169056892395,-0.4099999964237213,4.0269999504089355,4.057000160217285,4.053999900817871,4.058000087738037,4.059000015258789,4.063000202178955,nan,nan,nan,nan,nan,nan,nan,nan,nan,nan,nan,nan
262.2211763858795,-0.4000000059604645,4.0269999504089355,4.057000160217285,4.053999900817871,4.058000087738037,4.059000015258789,4.064000129699707,nan,nan,nan,nan,nan,nan,nan,nan,nan,nan,nan,nan
262.40179991722107,-0.4000000059604645,4.0269999504089355,4.057000160217285,4.053999900817871,4.059000015258789,4.059000015258789,4.063000202178955,nan,nan,nan,nan,nan,nan,nan,nan,nan,nan,nan,nan
262.58190083503723,-0.41999998688697815,4.026000022888184,4.057000160217285,4.053999900817871,4.059000015258789,4.059000015258789,4.063000202178955,nan,nan,nan,nan,nan,nan,nan,nan,nan,nan,nan,nan
262.7412106990814,-0.38999998569488525,4.0269999504089355,4.057000160217285,4.053999900817871,4.058000087738037,4.059000015258789,4.063000202178955,nan,nan,nan,nan,nan,nan,nan,nan,nan,nan,nan,nan
262.9215478897095,-0.38999998569488525,4.0269999504089355,4.057000160217285,4.053999900817871,4.059000015258789,4.059000015258789,4.063000202178955,nan,nan,nan,nan,nan,nan,nan,nan,nan,nan,nan,nan
263.0807363986969,-0.4099999964237213,4.0269999504089355,4.057000160217285,4.053999900817871,4.059000015258789,4.059000015258789,4.063000202178955,nan,nan,nan,nan,nan,nan,nan,nan,nan,nan,nan,nan
263.26116037368774,-0.4000000059604645,4.026000022888184,4.057000160217285,4.053999900817871,4.059000015258789,4.059000015258789,4.063000202178955,nan,nan,nan,nan,nan,nan,nan,nan,nan,nan,nan,nan
263.4427237510681,-0.38999998569488525,4.0269999504089355,4.057000160217285,4.053999900817871,4.059000015258789,4.059000015258789,4.063000202178955,nan,nan,nan,nan,nan,nan,nan,nan,nan,nan,nan,nan
263.60275626182556,-0.4300000071525574,4.0269999504089355,4.057000160217285,4.053999900817871,4.058000087738037,4.059000015258789,4.063000202178955,nan,nan,nan,nan,nan,nan,nan,nan,nan,nan,nan,nan
263.7822744846344,-0.7300000190734863,4.02400016784668,4.053999900817871,4.050000190734863,4.056000232696533,4.056000232696533,4.059000015258789,nan,nan,nan,nan,nan,0.013333955870709584,nan,nan,nan,nan,nan,0.013333955870709584
263.96146035194397,-0.699999988079071,4.026000022888184,4.056000232696533,4.052999973297119,4.058000087738037,4.058000087738037,4.061999797821045,nan,nan,nan,nan,nan,nan,nan,nan,nan,nan,nan,0.013333955870709584
264.120943069458,-0.7799999713897705,4.026000022888184,4.056000232696533,4.052000045776367,4.057000160217285,4.058000087738037,4.061999797821045,nan,nan,nan,nan,nan,nan,nan,nan,nan,nan,nan,0.013333955870709584
264.30098390579224,-0.5799999833106995,4.026000022888184,4.056000232696533,4.052999973297119,4.058000087738037,4.058000087738037,4.063000202178955,nan,nan,nan,nan,nan,nan,nan,nan,nan,nan,nan,0.013333955870709584
264.46188139915466,-0.6499999761581421,4.026000022888184,4.056000232696533,4.052999973297119,4.058000087738037,4.058000087738037,4.061999797821045,nan,nan,nan,nan,nan,nan,nan,nan,nan,nan,nan,0.013333955870709584
264.64093255996704,-0.6399999856948853,4.026000022888184,4.056000232696533,4.052999973297119,4.058000087738037,4.058000087738037,4.063000202178955,nan,nan,nan,nan,nan,nan,nan,nan,nan,nan,nan,0.013333955870709584
264.82093715667725,-0.5899999737739563,4.026000022888184,4.056000232696533,4.052999973297119,4.058000087738037,4.058000087738037,4.061999797821045,nan,nan,nan,nan,nan,nan,nan,nan,nan,nan,nan,0.013333955870709584
264.98202633857727,-0.6299999952316284,4.026000022888184,4.056000232696533,4.052999973297119,4.057000160217285,4.058000087738037,4.061999797821045,nan,nan,nan,nan,nan,nan,nan,nan,nan,nan,nan,0.013333955870709584
265.160959482193,-0.5799999833106995,4.026000022888184,4.056000232696533,4.052999973297119,4.057000160217285,4.058000087738037,4.061999797821045,nan,nan,nan,nan,nan,nan,nan,nan,nan,nan,nan,0.013333955870709584
265.322142124176,-0.6800000071525574,4.026000022888184,4.056000232696533,4.052000045776367,4.058000087738037,4.058000087738037,4.061999797821045,nan,nan,nan,nan,nan,nan,nan,nan,nan,nan,nan,0.013333955870709584
265.50099658966064,-0.7300000190734863,4.026000022888184,4.056000232696533,4.052999973297119,4.057000160217285,4.058000087738037,4.061999797821045,nan,nan,nan,nan,nan,nan,nan,nan,nan,nan,nan,0.013333955870709584
265.6815867424011,-0.6499999761581421,4.026000022888184,4.056000232696533,4.052999973297119,4.058000087738037,4.058000087738037,4.061999797821045,nan,nan,nan,nan,nan,nan,nan,nan,nan,nan,nan,0.013333955870709584
265.8422610759735,-0.6200000047683716,4.026000022888184,4.056000232696533,4.052000045776367,4.057000160217285,4.058000087738037,4.061999797821045,nan,nan,nan,nan,nan,nan,nan,nan,nan,nan,nan,0.013333955870709584
266.0211863517761,-0.5699999928474426,4.025000095367432,4.056000232696533,4.052999973297119,4.057000160217285,4.058000087738037,4.061999797821045,nan,nan,nan,nan,nan,nan,nan,nan,nan,nan,nan,0.013333955870709584
266.2031526565552,-0.6100000143051147,4.026000022888184,4.056000232696533,4.052999973297119,4.057000160217285,4.058000087738037,4.061999797821045,nan,nan,nan,nan,nan,nan,nan,nan,nan,nan,nan,0.013333955870709584
266.3608102798462,-0.5799999833106995,4.026000022888184,4.056000232696533,4.052999973297119,4.057000160217285,4.058000087738037,4.061999797821045,nan,nan,nan,nan,nan,nan,nan,nan,nan,nan,nan,0.013333955870709584
266.54108238220215,-0.7300000190734863,4.026000022888184,4.056000232696533,4.052999973297119,4.057000160217285,4.058000087738037,4.061999797821045,nan,nan,nan,nan,nan,nan,nan,nan,nan,nan,nan,0.013333955870709584
266.70103693008423,-0.6700000166893005,4.026000022888184,4.056000232696533,4.052999973297119,4.057000160217285,4.058000087738037,4.061999797821045,nan,nan,nan,nan,nan,nan,nan,nan,nan,nan,nan,0.013333955870709584
266.8825237751007,-0.699999988079071,4.026000022888184,4.056000232696533,4.052000045776367,4.057000160217285,4.058000087738037,4.061999797821045,nan,nan,nan,nan,nan,nan,nan,nan,nan,nan,nan,0.013333955870709584
267.0616056919098,-0.5799999833106995,4.026000022888184,4.056000232696533,4.052000045776367,4.058000087738037,4.058000087738037,4.061999797821045,nan,nan,nan,nan,nan,nan,nan,nan,nan,nan,nan,0.013333955870709584
267.22249603271484,-0.6000000238418579,4.026000022888184,4.056000232696533,4.052999973297119,4.057000160217285,4.058000087738037,4.061999797821045,nan,nan,nan,nan,nan,nan,nan,nan,nan,nan,nan,0.013333955870709584
267.4011266231537,-0.6000000238418579,4.026000022888184,4.056000232696533,4.052999973297119,4.057000160217285,4.058000087738037,4.061999797821045,nan,nan,nan,nan,nan,nan,nan,nan,nan,nan,nan,0.013333955870709584
267.5616772174835,-0.6800000071525574,4.025000095367432,4.056000232696533,4.052999973297119,4.057000160217285,4.058000087738037,4.061999797821045,nan,nan,nan,nan,nan,nan,nan,nan,nan,nan,nan,0.013333955870709584
267.7421600818634,-0.5699999928474426,4.025000095367432,4.056000232696533,4.052000045776367,4.057000160217285,4.057000160217285,4.061999797821045,nan,nan,nan,nan,nan,nan,nan,nan,nan,nan,nan,0.013333955870709584
267.9221394062042,-0.6100000143051147,4.026000022888184,4.056000232696533,4.052000045776367,4.057000160217285,4.058000087738037,4.061999797821045,nan,nan,nan,nan,nan,nan,nan,nan,nan,nan,nan,0.013333955870709584
268.0817768573761,-0.699999988079071,4.025000095367432,4.056000232696533,4.052000045776367,4.057000160217285,4.058000087738037,4.061999797821045,nan,nan,nan,nan,nan,nan,nan,nan,nan,nan,nan,0.013333955870709584
268.26168513298035,-0.7400000095367432,4.026000022888184,4.056000232696533,4.052000045776367,4.057000160217285,4.058000087738037,4.061999797821045,nan,nan,nan,nan,nan,nan,nan,nan,nan,nan,nan,0.013333955870709584
268.42272567749023,-0.5600000023841858,4.025000095367432,4.056000232696533,4.052000045776367,4.057000160217285,4.058000087738037,4.061999797821045,nan,nan,nan,nan,nan,nan,nan,nan,nan,nan,nan,0.013333955870709584
268.60177659988403,-0.7099999785423279,4.025000095367432,4.056000232696533,4.052000045776367,4.057000160217285,4.058000087738037,4.061999797821045,nan,nan,nan,nan,nan,nan,nan,nan,nan,nan,nan,0.013333955870709584
268.7822332382202,-0.6000000238418579,4.025000095367432,4.056000232696533,4.052000045776367,4.057000160217285,4.058000087738037,4.061999797821045,nan,nan,nan,nan,nan,nan,nan,nan,nan,nan,nan,0.013333955870709584
268.9416444301605,-0.6100000143051147,4.025000095367432,4.056000232696533,4.052000045776367,4.057000160217285,4.058000087738037,4.061999797821045,nan,nan,nan,nan,nan,nan,nan,nan,nan,nan,nan,0.013333955870709584
269.1212968826294,-0.7300000190734863,4.025000095367432,4.056000232696533,4.052000045776367,4.057000160217285,4.058000087738037,4.061999797821045,nan,nan,nan,nan,nan,nan,nan,nan,nan,nan,nan,0.013333955870709584
269.30152344703674,-0.5699999928474426,4.025000095367432,4.056000232696533,4.052000045776367,4.057000160217285,4.057000160217285,4.061999797821045,nan,nan,nan,nan,nan,nan,nan,nan,nan,nan,nan,0.013333955870709584
269.46274852752686,-0.6100000143051147,4.025000095367432,4.054999828338623,4.052000045776367,4.057000160217285,4.057000160217285,4.061999797821045,nan,nan,nan,nan,nan,nan,nan,nan,nan,nan,nan,0.013333955870709584
269.6415231227875,-0.4000000059604645,4.025000095367432,4.056000232696533,4.052999973297119,4.058000087738037,4.058000087738037,4.061999797821045,nan,nan,nan,nan,nan,nan,nan,nan,nan,nan,nan,0.013333955870709584
269.80255484580994,-0.4000000059604645,4.026000022888184,4.056000232696533,4.052999973297119,4.058000087738037,4.058000087738037,4.063000202178955,nan,nan,nan,nan,nan,nan,nan,nan,nan,nan,nan,0.013333955870709584
269.98084449768066,-0.4000000059604645,4.026000022888184,4.056000232696533,4.052999973297119,4.058000087738037,4.058000087738037,4.063000202178955,nan,nan,nan,nan,nan,nan,nan,nan,nan,nan,nan,0.013333955870709584
270.1613345146179,-0.38999998569488525,4.026000022888184,4.056000232696533,4.052999973297119,4.058000087738037,4.058000087738037,4.063000202178955,nan,nan,nan,nan,nan,nan,nan,nan,nan,nan,nan,0.013333955870709584
270.321088552475,-0.4000000059604645,4.026000022888184,4.056000232696533,4.052999973297119,4.058000087738037,4.058000087738037,4.061999797821045,nan,nan,nan,nan,nan,nan,nan,nan,nan,nan,nan,0.013333955870709584
270.5012483596802,-0.4099999964237213,4.026000022888184,4.056000232696533,4.052999973297119,4.058000087738037,4.058000087738037,4.063000202178955,nan,nan,nan,nan,nan,nan,nan,nan,nan,nan,nan,0.013333955870709584
270.6617295742035,-0.4099999964237213,4.026000022888184,4.056000232696533,4.052999973297119,4.058000087738037,4.058000087738037,4.063000202178955,nan,nan,nan,nan,nan,nan,nan,nan,nan,nan,nan,0.013333955870709584
270.840247631073,-0.4000000059604645,4.026000022888184,4.056000232696533,4.052999973297119,4.058000087738037,4.058000087738037,4.063000202178955,nan,nan,nan,nan,nan,nan,nan,nan,nan,nan,nan,0.013333955870709584
271.0208375453949,-0.38999998569488525,4.026000022888184,4.056000232696533,4.052999973297119,4.058000087738037,4.058000087738037,4.063000202178955,nan,nan,nan,nan,nan,nan,nan,nan,nan,nan,nan,0.013333955870709584
271.1817147731781,-0.4099999964237213,4.026000022888184,4.056000232696533,4.052999973297119,4.058000087738037,4.058000087738037,4.063000202178955,nan,nan,nan,nan,nan,nan,nan,nan,nan,nan,nan,0.013333955870709584
271.3611822128296,-0.4099999964237213,4.026000022888184,4.056000232696533,4.052999973297119,4.058000087738037,4.058000087738037,4.061999797821045,nan,nan,nan,nan,nan,nan,nan,nan,nan,nan,nan,0.013333955870709584
271.5412232875824,-0.4000000059604645,4.026000022888184,4.056000232696533,4.052999973297119,4.058000087738037,4.058000087738037,4.063000202178955,nan,nan,nan,nan,nan,nan,nan,nan,nan,nan,nan,0.013333955870709584
271.70233154296875,-0.4000000059604645,4.026000022888184,4.056000232696533,4.052999973297119,4.058000087738037,4.058000087738037,4.063000202178955,nan,nan,nan,nan,nan,nan,nan,nan,nan,nan,nan,0.013333955870709584
271.88123416900635,-0.4000000059604645,4.026000022888184,4.056000232696533,4.052999973297119,4.058000087738037,4.058000087738037,4.063000202178955,nan,nan,nan,nan,nan,nan,nan,nan,nan,nan,nan,0.013333955870709584
272.04129934310913,-0.4000000059604645,4.026000022888184,4.056000232696533,4.052999973297119,4.058000087738037,4.058000087738037,4.063000202178955,nan,nan,nan,nan,nan,nan,nan,nan,nan,nan,nan,0.013333955870709584
272.22268629074097,-0.4099999964237213,4.026000022888184,4.056000232696533,4.052999973297119,4.058000087738037,4.058000087738037,4.063000202178955,nan,nan,nan,nan,nan,nan,nan,nan,nan,nan,nan,0.013333955870709584
272.4025020599365,-0.4000000059604645,4.026000022888184,4.056000232696533,4.052999973297119,4.058000087738037,4.058000087738037,4.063000202178955,nan,nan,nan,nan,nan,nan,nan,nan,nan,nan,nan,0.013333955870709584
272.56123781204224,-0.4000000059604645,4.026000022888184,4.056000232696533,4.052999973297119,4.058000087738037,4.058000087738037,4.061999797821045,nan,nan,nan,nan,nan,nan,nan,nan,nan,nan,nan,0.013333955870709584
272.7410719394684,-0.41999998688697815,4.026000022888184,4.056000232696533,4.052999973297119,4.058000087738037,4.058000087738037,4.063000202178955,nan,nan,nan,nan,nan,nan,nan,nan,nan,nan,nan,0.013333955870709584
272.9023857116699,-0.4099999964237213,4.026000022888184,4.056000232696533,4.052999973297119,4.057000160217285,4.058000087738037,4.063000202178955,nan,nan,nan,nan,nan,nan,nan,nan,nan,nan,nan,0.013333955870709584
273.0813591480255,-0.4099999964237213,4.026000022888184,4.056000232696533,4.052999973297119,4.058000087738037,4.058000087738037,4.063000202178955,nan,nan,nan,nan,nan,nan,nan,nan,nan,nan,nan,0.013333955870709584
273.26139211654663,-0.4000000059604645,4.026000022888184,4.056000232696533,4.052999973297119,4.058000087738037,4.058000087738037,4.063000202178955,nan,nan,nan,nan,nan,nan,nan,nan,nan,nan,nan,0.013333955870709584
273.4210305213928,-0.38999998569488525,4.026000022888184,4.056000232696533,4.052999973297119,4.058000087738037,4.058000087738037,4.063000202178955,nan,nan,nan,nan,nan,nan,nan,nan,nan,nan,nan,0.013333955870709584
273.60135650634766,-0.38999998569488525,4.026000022888184,4.056000232696533,4.052999973297119,4.058000087738037,4.058000087738037,4.063000202178955,nan,nan,nan,nan,nan,nan,nan,nan,nan,nan,nan,0.013333955870709584
273.781445980072,-0.4099999964237213,4.026000022888184,4.056000232696533,4.052999973297119,4.058000087738037,4.058000087738037,4.063000202178955,nan,nan,nan,nan,nan,nan,nan,nan,nan,nan,nan,0.013333955870709584
273.9425196647644,-0.4000000059604645,4.026000022888184,4.056000232696533,4.052999973297119,4.058000087738037,4.058000087738037,4.063000202178955,nan,nan,nan,nan,nan,nan,nan,nan,nan,nan,nan,0.013333955870709584
274.12110114097595,-0.4000000059604645,4.026000022888184,4.056000232696533,4.052999973297119,4.058000087738037,4.059000015258789,4.063000202178955,nan,nan,nan,nan,nan,nan,nan,nan,nan,nan,nan,0.013333955870709584
274.2811920642853,-0.4000000059604645,4.026000022888184,4.056000232696533,4.052999973297119,4.058000087738037,4.058000087738037,4.061999797821045,nan,nan,nan,nan,nan,nan,nan,nan,nan,nan,nan,0.013333955870709584
274.4608705043793,-0.4099999964237213,4.026000022888184,4.056000232696533,4.052999973297119,4.058000087738037,4.058000087738037,4.063000202178955,nan,nan,nan,nan,nan,nan,nan,nan,nan,nan,nan,0.013333955870709584
274.64111590385437,-0.4000000059604645,4.026000022888184,4.056000232696533,4.052999973297119,4.058000087738037,4.058000087738037,4.063000202178955,nan,nan,nan,nan,nan,nan,nan,nan,nan,nan,nan,0.013333955870709584
274.8023610115051,-0.4000000059604645,4.026000022888184,4.056000232696533,4.052999973297119,4.058000087738037,4.058000087738037,4.063000202178955,nan,nan,nan,nan,nan,nan,nan,nan,nan,nan,nan,0.013333955870709584
274.98122000694275,-0.4099999964237213,4.026000022888184,4.056000232696533,4.052999973297119,4.058000087738037,4.058000087738037,4.063000202178955,nan,nan,nan,nan,nan,nan,nan,nan,nan,nan,nan,0.013333955870709584
275.14169454574585,-0.4000000059604645,4.026000022888184,4.056000232696533,4.052999973297119,4.058000087738037,4.058000087738037,4.063000202178955,nan,nan,nan,nan,nan,nan,nan,nan,nan,nan,nan,0.013333955870709584
275.32229566574097,-0.38999998569488525,4.026000022888184,4.056000232696533,4.052999973297119,4.058000087738037,4.058000087738037,4.061999797821045,nan,nan,nan,nan,nan,nan,nan,nan,nan,nan,nan,0.013333955870709584
275.5008063316345,-0.4000000059604645,4.026000022888184,4.056000232696533,4.052999973297119,4.058000087738037,4.058000087738037,4.063000202178955,nan,nan,nan,nan,nan,nan,nan,nan,nan,nan,nan,0.013333955870709584
275.66179513931274,-0.4000000059604645,4.026000022888184,4.056000232696533,4.052999973297119,4.058000087738037,4.058000087738037,4.063000202178955,nan,nan,nan,nan,nan,nan,nan,nan,nan,nan,nan,0.013333955870709584
275.8407368659973,-0.4000000059604645,4.026000022888184,4.056000232696533,4.052999973297119,4.058000087738037,4.059000015258789,4.063000202178955,nan,nan,nan,nan,nan,nan,nan,nan,nan,nan,nan,0.013333955870709584
276.02222084999084,-0.4000000059604645,4.026000022888184,4.056000232696533,4.052999973297119,4.058000087738037,4.058000087738037,4.061999797821045,nan,nan,nan,nan,nan,nan,nan,nan,nan,nan,nan,0.013333955870709584
276.1816129684448,-0.4000000059604645,4.026000022888184,4.056000232696533,4.052999973297119,4.058000087738037,4.058000087738037,4.063000202178955,nan,nan,nan,nan,nan,nan,nan,nan,nan,nan,nan,0.013333955870709584
276.36221051216125,-0.4000000059604645,4.026000022888184,4.056000232696533,4.052999973297119,4.058000087738037,4.058000087738037,4.063000202178955,nan,nan,nan,nan,nan,nan,nan,nan,nan,nan,nan,0.013333955870709584
276.522869348526,-0.4000000059604645,4.026000022888184,4.056000232696533,4.052999973297119,4.058000087738037,4.058000087738037,4.063000202178955,nan,nan,nan,nan,nan,nan,nan,nan,nan,nan,nan,0.013333955870709584
276.7016553878784,-0.4099999964237213,4.026000022888184,4.056000232696533,4.052999973297119,4.058000087738037,4.058000087738037,4.063000202178955,nan,nan,nan,nan,nan,nan,nan,nan,nan,nan,nan,0.013333955870709584
276.88171339035034,-0.4000000059604645,4.026000022888184,4.056000232696533,4.052999973297119,4.058000087738037,4.059000015258789,4.061999797821045,nan,nan,nan,nan,nan,nan,nan,nan,nan,nan,nan,0.013333955870709584
277.0427784919739,-0.4000000059604645,4.026000022888184,4.056000232696533,4.052999973297119,4.058000087738037,4.058000087738037,4.063000202178955,nan,nan,nan,nan,nan,nan,nan,nan,nan,nan,nan,0.013333955870709584
277.2220108509064,-0.4300000071525574,4.026000022888184,4.056000232696533,4.052999973297119,4.058000087738037,4.058000087738037,4.063000202178955,nan,nan,nan,nan,nan,nan,nan,nan,nan,nan,nan,0.013333955870709584
277.38235116004944,-0.4000000059604645,4.026000022888184,4.056000232696533,4.052999973297119,4.058000087738037,4.058000087738037,4.063000202178955,nan,nan,nan,nan,nan,nan,nan,nan,nan,nan,nan,0.013333955870709584
277.56157398223877,-0.4000000059604645,4.026000022888184,4.056000232696533,4.052999973297119,4.058000087738037,4.058000087738037,4.063000202178955,nan,nan,nan,nan,nan,nan,nan,nan,nan,nan,nan,0.013333955870709584
277.7410092353821,-0.38999998569488525,4.026000022888184,4.056000232696533,4.052999973297119,4.058000087738037,4.058000087738037,4.063000202178955,nan,nan,nan,nan,nan,nan,nan,nan,nan,nan,nan,0.013333955870709584
277.9019298553467,-0.4099999964237213,4.026000022888184,4.056000232696533,4.052999973297119,4.058000087738037,4.058000087738037,4.061999797821045,nan,nan,nan,nan,nan,nan,nan,nan,nan,nan,nan,0.013333955870709584
278.08213663101196,-0.4099999964237213,4.026000022888184,4.056000232696533,4.052999973297119,4.058000087738037,4.058000087738037,4.063000202178955,nan,nan,nan,nan,nan,nan,nan,nan,nan,nan,nan,0.013333955870709584
278.24192094802856,-0.4000000059604645,4.026000022888184,4.056000232696533,4.052999973297119,4.058000087738037,4.058000087738037,4.063000202178955,nan,nan,nan,nan,nan,nan,nan,nan,nan,nan,nan,0.013333955870709584
278.42171263694763,-0.4000000059604645,4.026000022888184,4.056000232696533,4.052999973297119,4.058000087738037,4.058000087738037,4.063000202178955,nan,nan,nan,nan,nan,nan,nan,nan,nan,nan,nan,0.013333955870709584
278.601957321167,-0.41999998688697815,4.026000022888184,4.056000232696533,4.052999973297119,4.058000087738037,4.058000087738037,4.063000202178955,nan,nan,nan,nan,nan,nan,nan,nan,nan,nan,nan,0.013333955870709584
278.7615315914154,-0.4000000059604645,4.026000022888184,4.056000232696533,4.052999973297119,4.058000087738037,4.058000087738037,4.063000202178955,nan,nan,nan,nan,nan,nan,nan,nan,nan,nan,nan,0.013333955870709584
278.94185161590576,-0.38999998569488525,4.026000022888184,4.056000232696533,4.052999973297119,4.058000087738037,4.058000087738037,4.063000202178955,nan,nan,nan,nan,nan,nan,nan,nan,nan,nan,nan,0.013333955870709584
279.12037444114685,-0.4000000059604645,4.026000022888184,4.056000232696533,4.052999973297119,4.058000087738037,4.059000015258789,4.063000202178955,nan,nan,nan,nan,nan,nan,nan,nan,nan,nan,nan,0.013333955870709584
279.28179001808167,-0.41999998688697815,4.026000022888184,4.056000232696533,4.052999973297119,4.058000087738037,4.058000087738037,4.061999797821045,nan,nan,nan,nan,nan,nan,nan,nan,nan,nan,nan,0.013333955870709584
279.46091318130493,-0.4000000059604645,4.026000022888184,4.056000232696533,4.052999973297119,4.058000087738037,4.058000087738037,4.061999797821045,nan,nan,nan,nan,nan,nan,nan,nan,nan,nan,nan,0.013333955870709584
279.6216790676117,-0.4000000059604645,4.026000022888184,4.056000232696533,4.052999973297119,4.058000087738037,4.058000087738037,4.063000202178955,nan,nan,nan,nan,nan,nan,nan,nan,nan,nan,nan,0.013333955870709584
279.8004686832428,-0.4000000059604645,4.026000022888184,4.056000232696533,4.052999973297119,4.058000087738037,4.059000015258789,4.063000202178955,nan,nan,nan,nan,nan,nan,nan,nan,nan,nan,nan,0.013333955870709584
279.98200511932373,-0.4000000059604645,4.026000022888184,4.056000232696533,4.052999973297119,4.058000087738037,4.058000087738037,4.063000202178955,nan,nan,nan,nan,nan,nan,nan,nan,nan,nan,nan,0.013333955870709584
280.14199352264404,-0.4000000059604645,4.026000022888184,4.056000232696533,4.052999973297119,4.058000087738037,4.058000087738037,4.063000202178955,nan,nan,nan,nan,nan,nan,nan,nan,nan,nan,nan,0.013333955870709584
280.32231545448303,-0.4099999964237213,4.026000022888184,4.056000232696533,4.052999973297119,4.058000087738037,4.058000087738037,4.063000202178955,nan,nan,nan,nan,nan,nan,nan,nan,nan,nan,nan,0.013333955870709584
280.48222851753235,-0.4000000059604645,4.026000022888184,4.056000232696533,4.052999973297119,4.058000087738037,4.058000087738037,4.063000202178955,nan,nan,nan,nan,nan,nan,nan,nan,nan,nan,nan,0.013333955870709584
280.66064047813416,-0.4000000059604645,4.026000022888184,4.056000232696533,4.052999973297119,4.058000087738037,4.058000087738037,4.063000202178955,nan,nan,nan,nan,nan,nan,nan,nan,nan,nan,nan,0.013333955870709584
280.8409113883972,-0.38999998569488525,4.026000022888184,4.056000232696533,4.052999973297119,4.058000087738037,4.058000087738037,4.063000202178955,nan,nan,nan,nan,nan,nan,nan,nan,nan,nan,nan,0.013333955870709584
281.0022225379944,-0.4000000059604645,4.026000022888184,4.056000232696533,4.052999973297119,4.058000087738037,4.058000087738037,4.063000202178955,nan,nan,nan,nan,nan,nan,nan,nan,nan,nan,nan,0.013333955870709584
281.18204164505005,-0.4000000059604645,4.026000022888184,4.056000232696533,4.052999973297119,4.058000087738037,4.058000087738037,4.063000202178955,nan,nan,nan,nan,nan,nan,nan,nan,nan,nan,nan,0.013333955870709584
281.3631830215454,-0.4000000059604645,4.026000022888184,4.056000232696533,4.052999973297119,4.058000087738037,4.058000087738037,4.063000202178955,nan,nan,nan,nan,nan,nan,nan,nan,nan,nan,nan,0.013333955870709584
281.5218412876129,-0.4000000059604645,4.026000022888184,4.056000232696533,4.052999973297119,4.058000087738037,4.058000087738037,4.063000202178955,nan,nan,nan,nan,nan,nan,nan,nan,nan,nan,nan,0.013333955870709584
281.7017228603363,-0.4000000059604645,4.026000022888184,4.056000232696533,4.052999973297119,4.058000087738037,4.058000087738037,4.063000202178955,nan,nan,nan,nan,nan,nan,nan,nan,nan,nan,nan,0.013333955870709584
281.86119532585144,-0.4000000059604645,4.026000022888184,4.056000232696533,4.052999973297119,4.058000087738037,4.058000087738037,4.063000202178955,nan,nan,nan,nan,nan,nan,nan,nan,nan,nan,nan,0.013333955870709584
282.0431504249573,-0.4000000059604645,4.026000022888184,4.056000232696533,4.052999973297119,4.058000087738037,4.058000087738037,4.061999797821045,nan,nan,nan,nan,nan,nan,nan,nan,nan,nan,nan,0.013333955870709584
282.22151136398315,-0.4000000059604645,4.026000022888184,4.056000232696533,4.052999973297119,4.058000087738037,4.058000087738037,4.063000202178955,nan,nan,nan,nan,nan,nan,nan,nan,nan,nan,nan,0.013333955870709584
282.3815402984619,-0.4000000059604645,4.025000095367432,4.056000232696533,4.052999973297119,4.058000087738037,4.058000087738037,4.063000202178955,nan,nan,nan,nan,nan,nan,nan,nan,nan,nan,nan,0.013333955870709584
282.5618324279785,-0.4000000059604645,4.026000022888184,4.056000232696533,4.052999973297119,4.058000087738037,4.058000087738037,4.063000202178955,nan,nan,nan,nan,nan,nan,nan,nan,nan,nan,nan,0.013333955870709584
282.721440076828,-0.4000000059604645,4.026000022888184,4.056000232696533,4.052999973297119,4.058000087738037,4.058000087738037,4.063000202178955,nan,nan,nan,nan,nan,nan,nan,nan,nan,nan,nan,0.013333955870709584
282.90162801742554,-0.41999998688697815,4.026000022888184,4.056000232696533,4.052999973297119,4.058000087738037,4.058000087738037,4.063000202178955,nan,nan,nan,nan,nan,nan,nan,nan,nan,nan,nan,0.013333955870709584
283.0820212364197,-0.4000000059604645,4.026000022888184,4.056000232696533,4.052999973297119,4.058000087738037,4.058000087738037,4.063000202178955,nan,nan,nan,nan,nan,nan,nan,nan,nan,nan,nan,0.013333955870709584
283.2413606643677,-0.4000000059604645,4.026000022888184,4.056000232696533,4.052999973297119,4.058000087738037,4.058000087738037,4.063000202178955,nan,nan,nan,nan,nan,nan,nan,nan,nan,nan,nan,0.013333955870709584
283.42139315605164,-0.4099999964237213,4.026000022888184,4.056000232696533,4.052999973297119,4.058000087738037,4.058000087738037,4.063000202178955,nan,nan,nan,nan,nan,nan,nan,nan,nan,nan,nan,0.013333955870709584
283.58096861839294,-0.4000000059604645,4.026000022888184,4.056000232696533,4.052999973297119,4.058000087738037,4.058000087738037,4.063000202178955,nan,nan,nan,nan,nan,nan,nan,nan,nan,nan,nan,0.013333955870709584
283.76148533821106,-0.4000000059604645,4.026000022888184,4.056000232696533,4.052999973297119,4.058000087738037,4.058000087738037,4.061999797821045,nan,nan,nan,nan,nan,nan,nan,nan,nan,nan,nan,0.013333955870709584
283.94189953804016,-0.38999998569488525,4.026000022888184,4.056000232696533,4.052999973297119,4.058000087738037,4.058000087738037,4.061999797821045,nan,nan,nan,nan,nan,nan,nan,nan,nan,nan,nan,0.013333955870709584
284.1027030944824,-0.4000000059604645,4.026000022888184,4.056000232696533,4.052999973297119,4.058000087738037,4.058000087738037,4.063000202178955,nan,nan,nan,nan,nan,nan,nan,nan,nan,nan,nan,0.013333955870709584
284.28288745880127,-0.4000000059604645,4.026000022888184,4.056000232696533,4.052999973297119,4.058000087738037,4.058000087738037,4.063000202178955,nan,nan,nan,nan,nan,nan,nan,nan,nan,nan,nan,0.013333955870709584
284.46182680130005,-0.4000000059604645,4.026000022888184,4.056000232696533,4.052999973297119,4.058000087738037,4.058000087738037,4.063000202178955,nan,nan,nan,nan,nan,nan,nan,nan,nan,nan,nan,0.013333955870709584
284.6226718425751,-0.4000000059604645,4.026000022888184,4.056000232696533,4.052999973297119,4.058000087738037,4.058000087738037,4.063000202178955,nan,nan,nan,nan,nan,nan,nan,nan,nan,nan,nan,0.013333955870709584
284.80194449424744,-0.4099999964237213,4.026000022888184,4.056000232696533,4.052999973297119,4.058000087738037,4.058000087738037,4.063000202178955,nan,nan,nan,nan,nan,nan,nan,nan,nan,nan,nan,0.013333955870709584
284.9626307487488,-0.41999998688697815,4.026000022888184,4.056000232696533,4.052999973297119,4.058000087738037,4.058000087738037,4.061999797821045,nan,nan,nan,nan,nan,nan,nan,nan,nan,nan,nan,0.013333955870709584
285.14329409599304,-0.4000000059604645,4.026000022888184,4.056000232696533,4.052999973297119,4.058000087738037,4.058000087738037,4.063000202178955,nan,nan,nan,nan,nan,nan,nan,nan,nan,nan,nan,0.013333955870709584
285.32165026664734,-0.4000000059604645,4.026000022888184,4.056000232696533,4.052999973297119,4.058000087738037,4.058000087738037,4.063000202178955,nan,nan,nan,nan,nan,nan,nan,nan,nan,nan,nan,0.013333955870709584
285.48257398605347,-0.4000000059604645,4.026000022888184,4.056000232696533,4.052999973297119,4.058000087738037,4.058000087738037,4.061999797821045,nan,nan,nan,nan,nan,nan,nan,nan,nan,nan,nan,0.013333955870709584
285.6629776954651,-0.4000000059604645,4.026000022888184,4.056000232696533,4.052999973297119,4.058000087738037,4.058000087738037,4.063000202178955,nan,nan,nan,nan,nan,nan,nan,nan,nan,nan,nan,0.013333955870709584
285.822172164917,-0.38999998569488525,4.026000022888184,4.056000232696533,4.052999973297119,4.058000087738037,4.058000087738037,4.063000202178955,nan,nan,nan,nan,nan,nan,nan,nan,nan,nan,nan,0.013333955870709584
286.0033814907074,-0.4000000059604645,4.026000022888184,4.056000232696533,4.052999973297119,4.058000087738037,4.058000087738037,4.063000202178955,nan,nan,nan,nan,nan,nan,nan,nan,nan,nan,nan,0.013333955870709584
286.1821403503418,-0.4000000059604645,4.026000022888184,4.056000232696533,4.052999973297119,4.058000087738037,4.058000087738037,4.063000202178955,nan,nan,nan,nan,nan,nan,nan,nan,nan,nan,nan,0.013333955870709584
286.3418538570404,-0.4099999964237213,4.026000022888184,4.056000232696533,4.052999973297119,4.058000087738037,4.058000087738037,4.061999797821045,nan,nan,nan,nan,nan,nan,nan,nan,nan,nan,nan,0.013333955870709584
286.52194118499756,-0.4000000059604645,4.026000022888184,4.056000232696533,4.052999973297119,4.058000087738037,4.058000087738037,4.063000202178955,nan,nan,nan,nan,nan,nan,nan,nan,nan,nan,nan,0.013333955870709584
286.6826913356781,-0.4000000059604645,4.026000022888184,4.056000232696533,4.052999973297119,4.058000087738037,4.058000087738037,4.063000202178955,nan,nan,nan,nan,nan,nan,nan,nan,nan,nan,nan,0.013333955870709584
286.8622622489929,-0.4000000059604645,4.026000022888184,4.056000232696533,4.052999973297119,4.058000087738037,4.058000087738037,4.063000202178955,nan,nan,nan,nan,nan,nan,nan,nan,nan,nan,nan,0.013333955870709584
287.0417535305023,-0.4000000059604645,4.026000022888184,4.056000232696533,4.052999973297119,4.058000087738037,4.058000087738037,4.063000202178955,nan,nan,nan,nan,nan,nan,nan,nan,nan,nan,nan,0.013333955870709584
287.20264649391174,-0.4099999964237213,4.026000022888184,4.056000232696533,4.052999973297119,4.058000087738037,4.058000087738037,4.063000202178955,nan,nan,nan,nan,nan,nan,nan,nan,nan,nan,nan,0.013333955870709584
287.3815884590149,-0.4000000059604645,4.025000095367432,4.056000232696533,4.052999973297119,4.058000087738037,4.058000087738037,4.063000202178955,nan,nan,nan,nan,nan,nan,nan,nan,nan,nan,nan,0.013333955870709584
287.5617835521698,-0.4000000059604645,4.025000095367432,4.056000232696533,4.052999973297119,4.058000087738037,4.058000087738037,4.063000202178955,nan,nan,nan,nan,nan,nan,nan,nan,nan,nan,nan,0.013333955870709584
287.72284269332886,-0.4099999964237213,4.026000022888184,4.056000232696533,4.052999973297119,4.058000087738037,4.058000087738037,4.061999797821045,nan,nan,nan,nan,nan,nan,nan,nan,nan,nan,nan,0.013333955870709584
287.90283489227295,-0.4000000059604645,4.025000095367432,4.056000232696533,4.052999973297119,4.058000087738037,4.058000087738037,4.063000202178955,nan,nan,nan,nan,nan,nan,nan,nan,nan,nan,nan,0.013333955870709584
288.06201457977295,-0.4000000059604645,4.026000022888184,4.056000232696533,4.052999973297119,4.058000087738037,4.058000087738037,4.061999797821045,nan,nan,nan,nan,nan,nan,nan,nan,nan,nan,nan,0.013333955870709584
288.24117636680603,-0.4000000059604645,4.026000022888184,4.056000232696533,4.052999973297119,4.058000087738037,4.058000087738037,4.061999797821045,nan,nan,nan,nan,nan,nan,nan,nan,nan,nan,nan,0.013333955870709584
288.4213287830353,-0.3799999952316284,4.026000022888184,4.056000232696533,4.052999973297119,4.058000087738037,4.058000087738037,4.063000202178955,nan,nan,nan,nan,nan,nan,nan,nan,nan,nan,nan,0.013333955870709584
288.581999540329,-0.4000000059604645,4.026000022888184,4.056000232696533,4.052999973297119,4.058000087738037,4.058000087738037,4.063000202178955,nan,nan,nan,nan,nan,nan,nan,nan,nan,nan,nan,0.013333955870709584
288.76092624664307,-0.4000000059604645,4.025000095367432,4.056000232696533,4.052999973297119,4.058000087738037,4.058000087738037,4.063000202178955,nan,nan,nan,nan,nan,nan,nan,nan,nan,nan,nan,0.013333955870709584
288.92307567596436,-0.4000000059604645,4.026000022888184,4.056000232696533,4.052999973297119,4.058000087738037,4.058000087738037,4.063000202178955,nan,nan,nan,nan,nan,nan,nan,nan,nan,nan,nan,0.013333955870709584
289.1031789779663,-0.4099999964237213,4.026000022888184,4.056000232696533,4.052999973297119,4.058000087738037,4.058000087738037,4.063000202178955,nan,nan,nan,nan,nan,nan,nan,nan,nan,nan,nan,0.013333955870709584
289.2818102836609,-0.4000000059604645,4.025000095367432,4.056000232696533,4.052999973297119,4.058000087738037,4.058000087738037,4.063000202178955,nan,nan,nan,nan,nan,nan,nan,nan,nan,nan,nan,0.013333955870709584
289.4415044784546,-0.38999998569488525,4.026000022888184,4.056000232696533,4.052999973297119,4.058000087738037,4.058000087738037,4.063000202178955,nan,nan,nan,nan,nan,nan,nan,nan,nan,nan,nan,0.013333955870709584
289.6228575706482,-0.38999998569488525,4.025000095367432,4.056000232696533,4.052999973297119,4.058000087738037,4.058000087738037,4.063000202178955,nan,nan,nan,nan,nan,nan,nan,nan,nan,nan,nan,0.013333955870709584
289.78109908103943,-0.38999998569488525,4.025000095367432,4.056000232696533,4.052999973297119,4.057000160217285,4.058000087738037,4.061999797821045,nan,nan,nan,nan,nan,nan,nan,nan,nan,nan,nan,0.013333955870709584
289.96127581596375,-0.4000000059604645,4.026000022888184,4.056000232696533,4.052999973297119,4.058000087738037,4.058000087738037,4.061999797821045,nan,nan,nan,nan,nan,nan,nan,nan,nan,nan,nan,0.013333955870709584
290.1428644657135,-0.4099999964237213,4.025000095367432,4.056000232696533,4.052999973297119,4.058000087738037,4.058000087738037,4.063000202178955,nan,nan,nan,nan,nan,nan,nan,nan,nan,nan,nan,0.013333955870709584
290.30197501182556,-0.4000000059604645,4.026000022888184,4.056000232696533,4.052999973297119,4.058000087738037,4.058000087738037,4.061999797821045,nan,nan,nan,nan,nan,nan,nan,nan,nan,nan,nan,0.013333955870709584
290.48220229148865,-0.4000000059604645,4.026000022888184,4.056000232696533,4.052999973297119,4.058000087738037,4.058000087738037,4.063000202178955,nan,nan,nan,nan,nan,nan,nan,nan,nan,nan,nan,0.013333955870709584
290.6608910560608,-0.4099999964237213,4.026000022888184,4.056000232696533,4.052999973297119,4.058000087738037,4.058000087738037,4.063000202178955,nan,nan,nan,nan,nan,nan,nan,nan,nan,nan,nan,0.013333955870709584
290.8223783969879,-0.4000000059604645,4.026000022888184,4.056000232696533,4.052999973297119,4.058000087738037,4.058000087738037,4.063000202178955,nan,nan,nan,nan,nan,nan,nan,nan,nan,nan,nan,0.013333955870709584
291.0022006034851,-0.38999998569488525,4.026000022888184,4.056000232696533,4.052000045776367,4.058000087738037,4.058000087738037,4.061999797821045,nan,nan,nan,nan,nan,nan,nan,nan,nan,nan,nan,0.013333955870709584
291.164617061615,-0.4300000071525574,4.025000095367432,4.056000232696533,4.052999973297119,4.058000087738037,4.058000087738037,4.063000202178955,nan,nan,nan,nan,nan,nan,nan,nan,nan,nan,nan,0.013333955870709584
291.3424642086029,-0.4000000059604645,4.026000022888184,4.056000232696533,4.052999973297119,4.058000087738037,4.058000087738037,4.061999797821045,nan,nan,nan,nan,nan,nan,nan,nan,nan,nan,nan,0.013333955870709584
291.52355551719666,-0.4099999964237213,4.026000022888184,4.056000232696533,4.052999973297119,4.058000087738037,4.058000087738037,4.063000202178955,nan,nan,nan,nan,nan,nan,nan,nan,nan,nan,nan,0.013333955870709584
291.681631565094,-0.38999998569488525,4.026000022888184,4.056000232696533,4.052000045776367,4.058000087738037,4.058000087738037,4.061999797821045,nan,nan,nan,nan,nan,nan,nan,nan,nan,nan,nan,0.013333955870709584
291.8608226776123,-0.4000000059604645,4.026000022888184,4.056000232696533,4.052999973297119,4.058000087738037,4.058000087738037,4.063000202178955,nan,nan,nan,nan,nan,nan,nan,nan,nan,nan,nan,0.013333955870709584
292.02170848846436,-0.4000000059604645,4.026000022888184,4.056000232696533,4.052000045776367,4.058000087738037,4.058000087738037,4.061999797821045,nan,nan,nan,nan,nan,nan,nan,nan,nan,nan,nan,0.013333955870709584
292.20231008529663,-0.41999998688697815,4.025000095367432,4.056000232696533,4.052999973297119,4.058000087738037,4.058000087738037,4.063000202178955,nan,nan,nan,nan,nan,nan,nan,nan,nan,nan,nan,0.013333955870709584
292.38209080696106,-0.4099999964237213,4.026000022888184,4.056000232696533,4.052999973297119,4.058000087738037,4.058000087738037,4.061999797821045,nan,nan,nan,nan,nan,nan,nan,nan,nan,nan,nan,0.013333955870709584
292.54182624816895,-0.4000000059604645,4.025000095367432,4.056000232696533,4.052999973297119,4.057000160217285,4.058000087738037,4.061999797821045,nan,nan,nan,nan,nan,nan,nan,nan,nan,nan,nan,0.013333955870709584
292.72195076942444,-0.4000000059604645,4.025000095367432,4.056000232696533,4.052000045776367,4.058000087738037,4.058000087738037,4.063000202178955,nan,nan,nan,nan,nan,nan,nan,nan,nan,nan,nan,0.013333955870709584
292.8825707435608,-0.4000000059604645,4.025000095367432,4.056000232696533,4.052999973297119,4.057000160217285,4.058000087738037,4.063000202178955,nan,nan,nan,nan,nan,nan,nan,nan,nan,nan,nan,0.013333955870709584
293.06183338165283,-0.38999998569488525,4.026000022888184,4.056000232696533,4.052999973297119,4.058000087738037,4.058000087738037,4.063000202178955,nan,nan,nan,nan,nan,nan,nan,nan,nan,nan,nan,0.013333955870709584
293.2421498298645,-0.41999998688697815,4.025000095367432,4.056000232696533,4.052999973297119,4.058000087738037,4.058000087738037,4.063000202178955,nan,nan,nan,nan,nan,nan,nan,nan,nan,nan,nan,0.013333955870709584
293.40265011787415,-0.4000000059604645,4.025000095367432,4.056000232696533,4.052999973297119,4.057000160217285,4.058000087738037,4.063000202178955,nan,nan,nan,nan,nan,nan,nan,nan,nan,nan,nan,0.013333955870709584
293.58277225494385,-0.38999998569488525,4.025000095367432,4.056000232696533,4.052000045776367,4.057000160217285,4.058000087738037,4.061999797821045,nan,nan,nan,nan,nan,nan,nan,nan,nan,nan,nan,0.013333955870709584
293.76138710975647,-0.4000000059604645,4.025000095367432,4.056000232696533,4.052000045776367,4.058000087738037,4.058000087738037,4.063000202178955,nan,nan,nan,nan,nan,nan,nan,nan,nan,nan,nan,0.013333955870709584
293.9224896430969,-0.4000000059604645,4.025000095367432,4.056000232696533,4.052999973297119,4.058000087738037,4.058000087738037,4.061999797821045,nan,nan,nan,nan,nan,nan,nan,nan,nan,nan,nan,0.013333955870709584
294.10137844085693,-0.4000000059604645,4.025000095367432,4.056000232696533,4.052999973297119,4.058000087738037,4.058000087738037,4.061999797821045,nan,nan,nan,nan,nan,nan,nan,nan,nan,nan,nan,0.013333955870709584
294.26240825653076,-0.4000000059604645,4.025000095367432,4.056000232696533,4.052999973297119,4.058000087738037,4.058000087738037,4.063000202178955,nan,nan,nan,nan,nan,nan,nan,nan,nan,nan,nan,0.013333955870709584
294.4414224624634,-0.4099999964237213,4.026000022888184,4.056000232696533,4.052999973297119,4.057000160217285,4.058000087738037,4.061999797821045,nan,nan,nan,nan,nan,nan,nan,nan,nan,nan,nan,0.013333955870709584
294.6210081577301,-0.4000000059604645,4.025000095367432,4.056000232696533,4.052999973297119,4.058000087738037,4.058000087738037,4.063000202178955,nan,nan,nan,nan,nan,nan,nan,nan,nan,nan,nan,0.013333955870709584
294.78114080429077,-0.4099999964237213,4.026000022888184,4.056000232696533,4.052000045776367,4.058000087738037,4.058000087738037,4.063000202178955,nan,nan,nan,nan,nan,nan,nan,nan,nan,nan,nan,0.013333955870709584
294.96106815338135,-0.4000000059604645,4.025000095367432,4.056000232696533,4.052999973297119,4.057000160217285,4.058000087738037,4.061999797821045,nan,nan,nan,nan,nan,nan,nan,nan,nan,nan,nan,0.013333955870709584
295.12083435058594,-0.4000000059604645,4.025000095367432,4.056000232696533,4.052999973297119,4.057000160217285,4.058000087738037,4.061999797821045,nan,nan,nan,nan,nan,nan,nan,nan,nan,nan,nan,0.013333955870709584
295.30227613449097,-0.4000000059604645,4.025000095367432,4.056000232696533,4.052000045776367,4.058000087738037,4.058000087738037,4.061999797821045,nan,nan,nan,nan,nan,nan,nan,nan,nan,nan,nan,0.013333955870709584
295.4815163612366,-0.4099999964237213,4.026000022888184,4.056000232696533,4.052999973297119,4.058000087738037,4.058000087738037,4.061999797821045,nan,nan,nan,nan,nan,nan,nan,nan,nan,nan,nan,0.013333955870709584
295.6419324874878,-0.4099999964237213,4.025000095367432,4.056000232696533,4.052000045776367,4.057000160217285,4.058000087738037,4.061999797821045,nan,nan,nan,nan,nan,nan,nan,nan,nan,nan,nan,0.013333955870709584
295.82163190841675,-0.4000000059604645,4.025000095367432,4.056000232696533,4.052999973297119,4.057000160217285,4.058000087738037,4.061999797821045,nan,nan,nan,nan,nan,nan,nan,nan,nan,nan,nan,0.013333955870709584
296.00196146965027,-0.4000000059604645,4.025000095367432,4.056000232696533,4.052999973297119,4.057000160217285,4.058000087738037,4.061999797821045,nan,nan,nan,nan,nan,nan,nan,nan,nan,nan,nan,0.013333955870709584
296.16171193122864,-0.38999998569488525,4.026000022888184,4.056000232696533,4.052000045776367,4.057000160217285,4.058000087738037,4.063000202178955,nan,nan,nan,nan,nan,nan,nan,nan,nan,nan,nan,0.013333955870709584
296.34209299087524,-0.4000000059604645,4.025000095367432,4.056000232696533,4.052999973297119,4.057000160217285,4.058000087738037,4.061999797821045,nan,nan,nan,nan,nan,nan,nan,nan,nan,nan,nan,0.013333955870709584
296.5018501281738,-0.4000000059604645,4.025000095367432,4.056000232696533,4.052999973297119,4.057000160217285,4.058000087738037,4.063000202178955,nan,nan,nan,nan,nan,nan,nan,nan,nan,nan,nan,0.013333955870709584
296.68176198005676,-0.4099999964237213,4.025000095367432,4.056000232696533,4.052000045776367,4.058000087738037,4.058000087738037,4.061999797821045,nan,nan,nan,nan,nan,nan,nan,nan,nan,nan,nan,0.013333955870709584
296.862113237381,-0.4000000059604645,4.025000095367432,4.056000232696533,4.052999973297119,4.058000087738037,4.058000087738037,4.061999797821045,nan,nan,nan,nan,nan,nan,nan,nan,nan,nan,nan,0.013333955870709584
297.0219256877899,-0.4000000059604645,4.025000095367432,4.056000232696533,4.052000045776367,4.057000160217285,4.058000087738037,4.061999797821045,nan,nan,nan,nan,nan,nan,nan,nan,nan,nan,nan,0.013333955870709584
297.20196199417114,-0.4099999964237213,4.025000095367432,4.056000232696533,4.052999973297119,4.057000160217285,4.058000087738037,4.061999797821045,nan,nan,nan,nan,nan,nan,nan,nan,nan,nan,nan,0.013333955870709584
297.36149501800537,-0.4000000059604645,4.025000095367432,4.056000232696533,4.052999973297119,4.058000087738037,4.058000087738037,4.063000202178955,nan,nan,nan,nan,nan,nan,nan,nan,nan,nan,nan,0.013333955870709584
297.5416295528412,-0.4000000059604645,4.025000095367432,4.056000232696533,4.052000045776367,4.058000087738037,4.058000087738037,4.061999797821045,nan,nan,nan,nan,nan,nan,nan,nan,nan,nan,nan,0.013333955870709584
297.7219750881195,-0.4099999964237213,4.025000095367432,4.056000232696533,4.052000045776367,4.057000160217285,4.058000087738037,4.061999797821045,nan,nan,nan,nan,nan,nan,nan,nan,nan,nan,nan,0.013333955870709584
297.8812539577484,-0.4000000059604645,4.026000022888184,4.056000232696533,4.052999973297119,4.057000160217285,4.058000087738037,4.061999797821045,nan,nan,nan,nan,nan,nan,nan,nan,nan,nan,nan,0.013333955870709584
298.0615735054016,-0.4000000059604645,4.025000095367432,4.056000232696533,4.052999973297119,4.057000160217285,4.058000087738037,4.063000202178955,nan,nan,nan,nan,nan,nan,nan,nan,nan,nan,nan,0.013333955870709584
298.2215449810028,-0.38999998569488525,4.025000095367432,4.056000232696533,4.052999973297119,4.057000160217285,4.058000087738037,4.061999797821045,nan,nan,nan,nan,nan,nan,nan,nan,nan,nan,nan,0.013333955870709584
298.4014718532562,-0.4099999964237213,4.025000095367432,4.056000232696533,4.052000045776367,4.057000160217285,4.058000087738037,4.063000202178955,nan,nan,nan,nan,nan,nan,nan,nan,nan,nan,nan,0.013333955870709584
298.58193039894104,-0.4000000059604645,4.025000095367432,4.056000232696533,4.052999973297119,4.057000160217285,4.058000087738037,4.063000202178955,nan,nan,nan,nan,nan,nan,nan,nan,nan,nan,nan,0.013333955870709584
298.7413115501404,-0.38999998569488525,4.025000095367432,4.056000232696533,4.052999973297119,4.057000160217285,4.058000087738037,4.061999797821045,nan,nan,nan,nan,nan,nan,nan,nan,nan,nan,nan,0.013333955870709584
298.9217846393585,-0.4000000059604645,4.025000095367432,4.056000232696533,4.052000045776367,4.057000160217285,4.058000087738037,4.061999797821045,nan,nan,nan,nan,nan,nan,nan,nan,nan,nan,nan,0.013333955870709584
299.100919008255,-0.4000000059604645,4.025000095367432,4.056000232696533,4.052000045776367,4.058000087738037,4.058000087738037,4.061999797821045,nan,nan,nan,nan,nan,nan,nan,nan,nan,nan,nan,0.013333955870709584
299.2614812850952,-0.4099999964237213,4.025000095367432,4.056000232696533,4.052000045776367,4.057000160217285,4.058000087738037,4.061999797821045,nan,nan,nan,nan,nan,nan,nan,nan,nan,nan,nan,0.013333955870709584
299.4420495033264,-0.4000000059604645,4.025000095367432,4.056000232696533,4.052000045776367,4.058000087738037,4.058000087738037,4.063000202178955,nan,nan,nan,nan,nan,nan,nan,nan,nan,nan,nan,0.013333955870709584
299.6016917228699,-0.4000000059604645,4.025000095367432,4.056000232696533,4.052000045776367,4.057000160217285,4.058000087738037,4.061999797821045,nan,nan,nan,nan,nan,nan,nan,nan,nan,nan,nan,0.013333955870709584
299.7821669578552,-0.38999998569488525,4.025000095367432,4.056000232696533,4.052000045776367,4.057000160217285,4.058000087738037,4.061999797821045,nan,nan,nan,nan,nan,nan,nan,nan,nan,nan,nan,0.013333955870709584
299.9620831012726,-0.4099999964237213,4.025000095367432,4.056000232696533,4.052000045776367,4.057000160217285,4.058000087738037,4.061999797821045,nan,nan,nan,nan,nan,nan,nan,nan,nan,nan,nan,0.013333955870709584
300.1216776371002,-0.4000000059604645,4.025000095367432,4.056000232696533,4.052000045776367,4.058000087738037,4.058000087738037,4.061999797821045,nan,nan,nan,nan,nan,nan,nan,nan,nan,nan,nan,0.013333955870709584
300.3008930683136,-0.4000000059604645,4.025000095367432,4.056000232696533,4.052000045776367,4.058000087738037,4.058000087738037,4.061999797821045,nan,nan,nan,nan,nan,nan,nan,nan,nan,nan,nan,0.013333955870709584
300.4826488494873,-0.4000000059604645,4.025000095367432,4.056000232696533,4.052000045776367,4.057000160217285,4.058000087738037,4.061999797821045,nan,nan,nan,nan,nan,nan,nan,nan,nan,nan,nan,0.013333955870709584
300.64315819740295,-0.4000000059604645,4.025000095367432,4.056000232696533,4.052000045776367,4.057000160217285,4.058000087738037,4.061999797821045,nan,nan,nan,nan,nan,nan,nan,nan,nan,nan,nan,0.013333955870709584
300.82252621650696,-0.4000000059604645,4.025000095367432,4.056000232696533,4.052000045776367,4.057000160217285,4.058000087738037,4.061999797821045,nan,nan,nan,nan,nan,nan,nan,nan,nan,nan,nan,0.013333955870709584
300.98269844055176,-0.4000000059604645,4.025000095367432,4.056000232696533,4.052000045776367,4.057000160217285,4.058000087738037,4.061999797821045,nan,nan,nan,nan,nan,nan,nan,nan,nan,nan,nan,0.013333955870709584
301.1639678478241,-0.4000000059604645,4.025000095367432,4.056000232696533,4.052000045776367,4.057000160217285,4.058000087738037,4.063000202178955,nan,nan,nan,nan,nan,nan,nan,nan,nan,nan,nan,0.013333955870709584
301.34258580207825,-0.4000000059604645,4.025000095367432,4.056000232696533,4.052000045776367,4.057000160217285,4.058000087738037,4.061999797821045,nan,nan,nan,nan,nan,nan,nan,nan,nan,nan,nan,0.013333955870709584
301.50374817848206,-0.4000000059604645,4.025000095367432,4.056000232696533,4.052999973297119,4.057000160217285,4.058000087738037,4.061999797821045,nan,nan,nan,nan,nan,nan,nan,nan,nan,nan,nan,0.013333955870709584
301.6849272251129,-0.4000000059604645,4.025000095367432,4.056000232696533,4.052000045776367,4.057000160217285,4.058000087738037,4.061999797821045,nan,nan,nan,nan,nan,nan,nan,nan,nan,nan,nan,0.013333955870709584
301.84270668029785,-0.4000000059604645,4.025000095367432,4.056000232696533,4.052000045776367,4.057000160217285,4.058000087738037,4.061999797821045,nan,nan,nan,nan,nan,nan,nan,nan,nan,nan,nan,0.013333955870709584
302.0243079662323,-0.4000000059604645,4.025000095367432,4.056000232696533,4.052000045776367,4.057000160217285,4.058000087738037,4.061999797821045,nan,nan,nan,nan,nan,nan,nan,nan,nan,nan,nan,0.013333955870709584
302.2041301727295,-0.3799999952316284,4.025000095367432,4.056000232696533,4.052000045776367,4.057000160217285,4.058000087738037,4.061999797821045,nan,nan,nan,nan,nan,nan,nan,nan,nan,nan,nan,0.013333955870709584
302.3637430667877,-0.4099999964237213,4.025000095367432,4.056000232696533,4.052000045776367,4.057000160217285,4.057000160217285,4.061999797821045,nan,nan,nan,nan,nan,nan,nan,nan,nan,nan,nan,0.013333955870709584
302.5423905849457,-0.4099999964237213,4.025000095367432,4.056000232696533,4.052000045776367,4.058000087738037,4.058000087738037,4.063000202178955,nan,nan,nan,nan,nan,nan,nan,nan,nan,nan,nan,0.013333955870709584
302.70342230796814,-0.4000000059604645,4.025000095367432,4.056000232696533,4.052000045776367,4.057000160217285,4.058000087738037,4.061999797821045,nan,nan,nan,nan,nan,nan,nan,nan,nan,nan,nan,0.013333955870709584
302.88370180130005,-0.4099999964237213,4.025000095367432,4.056000232696533,4.052000045776367,4.057000160217285,4.058000087738037,4.061999797821045,nan,nan,nan,nan,nan,nan,nan,nan,nan,nan,nan,0.013333955870709584
303.06280040740967,-0.41999998688697815,4.025000095367432,4.056000232696533,4.052000045776367,4.057000160217285,4.058000087738037,4.061999797821045,nan,nan,nan,nan,nan,nan,nan,nan,nan,nan,nan,0.013333955870709584
303.22309041023254,-0.4000000059604645,4.025000095367432,4.056000232696533,4.052000045776367,4.057000160217285,4.058000087738037,4.061999797821045,nan,nan,nan,nan,nan,nan,nan,nan,nan,nan,nan,0.013333955870709584
303.4043347835541,-0.4000000059604645,4.025000095367432,4.056000232696533,4.052000045776367,4.057000160217285,4.058000087738037,4.061999797821045,nan,nan,nan,nan,nan,nan,nan,nan,nan,nan,nan,0.013333955870709584
303.56230759620667,-0.41999998688697815,4.025000095367432,4.056000232696533,4.052000045776367,4.057000160217285,4.058000087738037,4.061999797821045,nan,nan,nan,nan,nan,nan,nan,nan,nan,nan,nan,0.013333955870709584
303.74369978904724,-0.4000000059604645,4.025000095367432,4.056000232696533,4.052000045776367,4.057000160217285,4.058000087738037,4.061999797821045,nan,nan,nan,nan,nan,nan,nan,nan,nan,nan,nan,0.013333955870709584
303.9227726459503,-0.4099999964237213,4.025000095367432,4.056000232696533,4.052000045776367,4.057000160217285,4.058000087738037,4.061999797821045,nan,nan,nan,nan,nan,nan,nan,nan,nan,nan,nan,0.013333955870709584
304.08307003974915,-0.4000000059604645,4.025000095367432,4.056000232696533,4.052999973297119,4.057000160217285,4.058000087738037,4.061999797821045,nan,nan,nan,nan,nan,nan,nan,nan,nan,nan,nan,0.013333955870709584
304.2620599269867,-0.4099999964237213,4.025000095367432,4.056000232696533,4.052000045776367,4.057000160217285,4.058000087738037,4.061999797821045,nan,nan,nan,nan,nan,nan,nan,nan,nan,nan,nan,0.013333955870709584
304.44190311431885,-0.38999998569488525,4.025000095367432,4.056000232696533,4.052000045776367,4.057000160217285,4.058000087738037,4.061999797821045,nan,nan,nan,nan,nan,nan,nan,nan,nan,nan,nan,0.013333955870709584
304.60170674324036,-0.38999998569488525,4.025000095367432,4.056000232696533,4.052000045776367,4.058000087738037,4.058000087738037,4.061999797821045,nan,nan,nan,nan,nan,nan,nan,nan,nan,nan,nan,0.013333955870709584
304.78222703933716,-0.4000000059604645,4.025000095367432,4.056000232696533,4.052000045776367,4.057000160217285,4.058000087738037,4.061999797821045,nan,nan,nan,nan,nan,nan,nan,nan,nan,nan,nan,0.013333955870709584
304.9426689147949,-0.4399999976158142,4.025000095367432,4.056000232696533,4.052000045776367,4.057000160217285,4.058000087738037,4.061999797821045,nan,nan,nan,nan,nan,nan,nan,nan,nan,nan,nan,0.013333955870709584
305.1214830875397,-0.4000000059604645,4.025000095367432,4.056000232696533,4.052000045776367,4.057000160217285,4.058000087738037,4.061999797821045,nan,nan,nan,nan,nan,nan,nan,nan,nan,nan,nan,0.013333955870709584
305.3016436100006,-0.4099999964237213,4.025000095367432,4.056000232696533,4.052000045776367,4.057000160217285,4.058000087738037,4.061999797821045,nan,nan,nan,nan,nan,nan,nan,nan,nan,nan,nan,0.013333955870709584
305.4611415863037,-0.4099999964237213,4.025000095367432,4.056000232696533,4.052000045776367,4.057000160217285,4.058000087738037,4.061999797821045,nan,nan,nan,nan,nan,nan,nan,nan,nan,nan,nan,0.013333955870709584
305.6414535045624,-0.4000000059604645,4.025000095367432,4.056000232696533,4.052000045776367,4.057000160217285,4.058000087738037,4.061999797821045,nan,nan,nan,nan,nan,nan,nan,nan,nan,nan,nan,0.013333955870709584
305.80229139328003,-0.4099999964237213,4.025000095367432,4.056000232696533,4.052000045776367,4.057000160217285,4.058000087738037,4.061999797821045,nan,nan,nan,nan,nan,nan,nan,nan,nan,nan,nan,0.013333955870709584
305.9824802875519,-0.4099999964237213,4.025000095367432,4.056000232696533,4.052000045776367,4.057000160217285,4.058000087738037,4.061999797821045,nan,nan,nan,nan,nan,nan,nan,nan,nan,nan,nan,0.013333955870709584
306.1614980697632,-0.4099999964237213,4.025000095367432,4.056000232696533,4.052000045776367,4.057000160217285,4.058000087738037,4.061999797821045,nan,nan,nan,nan,nan,nan,nan,nan,nan,nan,nan,0.013333955870709584
306.3222436904907,-0.4000000059604645,4.025000095367432,4.056000232696533,4.052000045776367,4.057000160217285,4.057000160217285,4.061999797821045,nan,nan,nan,nan,nan,nan,nan,nan,nan,nan,nan,0.013333955870709584
306.5023760795593,-0.4000000059604645,4.025000095367432,4.056000232696533,4.052000045776367,4.057000160217285,4.058000087738037,4.061999797821045,nan,nan,nan,nan,nan,nan,nan,nan,nan,nan,nan,0.013333955870709584
306.6619017124176,-0.4000000059604645,4.025000095367432,4.056000232696533,4.052000045776367,4.057000160217285,4.058000087738037,4.061999797821045,nan,nan,nan,nan,nan,nan,nan,nan,nan,nan,nan,0.013333955870709584
306.84201073646545,-0.4000000059604645,4.025000095367432,4.056000232696533,4.052000045776367,4.057000160217285,4.058000087738037,4.061999797821045,nan,nan,nan,nan,nan,nan,nan,nan,nan,nan,nan,0.013333955870709584
307.0223386287689,-0.4000000059604645,4.025000095367432,4.054999828338623,4.052000045776367,4.057000160217285,4.058000087738037,4.061999797821045,nan,nan,nan,nan,nan,nan,nan,nan,nan,nan,nan,0.013333955870709584
307.1815752983093,-0.4000000059604645,4.025000095367432,4.056000232696533,4.052000045776367,4.057000160217285,4.058000087738037,4.061999797821045,nan,nan,nan,nan,nan,nan,nan,nan,nan,nan,nan,0.013333955870709584
307.3622364997864,-0.4099999964237213,4.025000095367432,4.056000232696533,4.052000045776367,4.057000160217285,4.058000087738037,4.061999797821045,nan,nan,nan,nan,nan,nan,nan,nan,nan,nan,nan,0.013333955870709584
307.522794008255,-0.4000000059604645,4.025000095367432,4.056000232696533,4.052000045776367,4.057000160217285,4.058000087738037,4.061999797821045,nan,nan,nan,nan,nan,nan,nan,nan,nan,nan,nan,0.013333955870709584
307.7012343406677,-0.4000000059604645,4.025000095367432,4.056000232696533,4.052000045776367,4.057000160217285,4.058000087738037,4.061999797821045,nan,nan,nan,nan,nan,nan,nan,nan,nan,nan,nan,0.013333955870709584
307.88174295425415,-0.4099999964237213,4.025000095367432,4.056000232696533,4.052000045776367,4.057000160217285,4.058000087738037,4.061999797821045,nan,nan,nan,nan,nan,nan,nan,nan,nan,nan,nan,0.013333955870709584
308.04288601875305,-0.4000000059604645,4.025000095367432,4.056000232696533,4.052000045776367,4.057000160217285,4.058000087738037,4.061999797821045,nan,nan,nan,nan,nan,nan,nan,nan,nan,nan,nan,0.013333955870709584
308.22139501571655,-0.4099999964237213,4.025000095367432,4.056000232696533,4.052000045776367,4.057000160217285,4.058000087738037,4.061999797821045,nan,nan,nan,nan,nan,nan,nan,nan,nan,nan,nan,0.013333955870709584
308.40215706825256,-0.4000000059604645,4.025000095367432,4.056000232696533,4.052000045776367,4.057000160217285,4.058000087738037,4.061999797821045,nan,nan,nan,nan,nan,nan,nan,nan,nan,nan,nan,0.013333955870709584
308.56256341934204,-0.4099999964237213,4.025000095367432,4.056000232696533,4.052000045776367,4.057000160217285,4.058000087738037,4.061999797821045,nan,nan,nan,nan,nan,nan,nan,nan,nan,nan,nan,0.013333955870709584
308.7412304878235,-0.4000000059604645,4.025000095367432,4.056000232696533,4.052000045776367,4.057000160217285,4.058000087738037,4.061999797821045,nan,nan,nan,nan,nan,nan,nan,nan,nan,nan,nan,0.013333955870709584
308.9006223678589,-0.4000000059604645,4.025000095367432,4.056000232696533,4.052000045776367,4.057000160217285,4.057000160217285,4.061999797821045,nan,nan,nan,nan,nan,nan,nan,nan,nan,nan,nan,0.013333955870709584
309.08129835128784,-0.38999998569488525,4.025000095367432,4.056000232696533,4.052000045776367,4.057000160217285,4.058000087738037,4.061999797821045,nan,nan,nan,nan,nan,nan,nan,nan,nan,nan,nan,0.013333955870709584
309.2613923549652,-0.4099999964237213,4.025000095367432,4.056000232696533,4.052000045776367,4.057000160217285,4.058000087738037,4.061999797821045,nan,nan,nan,nan,nan,nan,nan,nan,nan,nan,nan,0.013333955870709584
309.4210214614868,-0.4099999964237213,4.025000095367432,4.056000232696533,4.052000045776367,4.057000160217285,4.058000087738037,4.061999797821045,nan,nan,nan,nan,nan,nan,nan,nan,nan,nan,nan,0.013333955870709584
309.60282850265503,-0.4000000059604645,4.025000095367432,4.054999828338623,4.052000045776367,4.057000160217285,4.058000087738037,4.061999797821045,nan,nan,nan,nan,nan,nan,nan,nan,nan,nan,nan,0.013333955870709584
309.76096296310425,-0.4000000059604645,4.025000095367432,4.054999828338623,4.052000045776367,4.057000160217285,4.058000087738037,4.061999797821045,nan,nan,nan,nan,nan,nan,nan,nan,nan,nan,nan,0.013333955870709584
309.94122433662415,-0.4099999964237213,4.025000095367432,4.056000232696533,4.052000045776367,4.057000160217285,4.058000087738037,4.061999797821045,nan,nan,nan,nan,nan,nan,nan,nan,nan,nan,nan,0.013333955870709584
310.1214249134064,-0.4000000059604645,4.025000095367432,4.054999828338623,4.052000045776367,4.057000160217285,4.058000087738037,4.061999797821045,nan,nan,nan,nan,nan,nan,nan,nan,nan,nan,nan,0.013333955870709584
310.28101086616516,-0.38999998569488525,4.025000095367432,4.056000232696533,4.052000045776367,4.057000160217285,4.058000087738037,4.061999797821045,nan,nan,nan,nan,nan,nan,nan,nan,nan,nan,nan,0.013333955870709584
310.4612030982971,-0.4099999964237213,4.025000095367432,4.054999828338623,4.052000045776367,4.057000160217285,4.058000087738037,4.061999797821045,nan,nan,nan,nan,nan,nan,nan,nan,nan,nan,nan,0.013333955870709584
310.64166712760925,-0.38999998569488525,4.025000095367432,4.056000232696533,4.052000045776367,4.057000160217285,4.058000087738037,4.061999797821045,nan,nan,nan,nan,nan,nan,nan,nan,nan,nan,nan,0.013333955870709584
310.80134201049805,-0.4000000059604645,4.025000095367432,4.056000232696533,4.052000045776367,4.057000160217285,4.058000087738037,4.061999797821045,nan,nan,nan,nan,nan,nan,nan,nan,nan,nan,nan,0.013333955870709584
310.9812026023865,-0.4099999964237213,4.025000095367432,4.056000232696533,4.052000045776367,4.057000160217285,4.058000087738037,4.061999797821045,nan,nan,nan,nan,nan,nan,nan,nan,nan,nan,nan,0.013333955870709584
311.14230823516846,-0.4000000059604645,4.025000095367432,4.056000232696533,4.052000045776367,4.057000160217285,4.058000087738037,4.061999797821045,nan,nan,nan,nan,nan,nan,nan,nan,nan,nan,nan,0.013333955870709584
311.32109785079956,-0.38999998569488525,4.025000095367432,4.054999828338623,4.052000045776367,4.057000160217285,4.057000160217285,4.061999797821045,nan,nan,nan,nan,nan,nan,nan,nan,nan,nan,nan,0.013333955870709584
311.50135040283203,-0.4000000059604645,4.025000095367432,4.056000232696533,4.052000045776367,4.057000160217285,4.058000087738037,4.061999797821045,nan,nan,nan,nan,nan,nan,nan,nan,nan,nan,nan,0.013333955870709584
311.6607553958893,-0.41999998688697815,4.025000095367432,4.056000232696533,4.052000045776367,4.057000160217285,4.058000087738037,4.061999797821045,nan,nan,nan,nan,nan,nan,nan,nan,nan,nan,nan,0.013333955870709584
311.84143567085266,-0.4000000059604645,4.025000095367432,4.056000232696533,4.052000045776367,4.057000160217285,4.058000087738037,4.061999797821045,nan,nan,nan,nan,nan,nan,nan,nan,nan,nan,nan,0.013333955870709584
312.001718044281,-0.4000000059604645,4.025000095367432,4.056000232696533,4.052000045776367,4.057000160217285,4.057000160217285,4.061999797821045,nan,nan,nan,nan,nan,nan,nan,nan,nan,nan,nan,0.013333955870709584
312.18048310279846,-0.4000000059604645,4.025000095367432,4.054999828338623,4.052000045776367,4.057000160217285,4.058000087738037,4.061999797821045,nan,nan,nan,nan,nan,nan,nan,nan,nan,nan,nan,0.013333955870709584
312.3611159324646,-0.4099999964237213,4.025000095367432,4.054999828338623,4.052000045776367,4.057000160217285,4.058000087738037,4.061999797821045,nan,nan,nan,nan,nan,nan,nan,nan,nan,nan,nan,0.013333955870709584
312.5218594074249,-0.4000000059604645,4.025000095367432,4.054999828338623,4.052000045776367,4.057000160217285,4.057000160217285,4.061999797821045,nan,nan,nan,nan,nan,nan,nan,nan,nan,nan,nan,0.013333955870709584
312.702246427536,-0.4000000059604645,4.025000095367432,4.054999828338623,4.052000045776367,4.057000160217285,4.057000160217285,4.061999797821045,nan,nan,nan,nan,nan,nan,nan,nan,nan,nan,nan,0.013333955870709584
312.86403226852417,-0.4000000059604645,4.025000095367432,4.054999828338623,4.052000045776367,4.057000160217285,4.058000087738037,4.061999797821045,nan,nan,nan,nan,nan,nan,nan,nan,nan,nan,nan,0.013333955870709584
313.042601108551,-0.4099999964237213,4.025000095367432,4.054999828338623,4.052000045776367,4.057000160217285,4.058000087738037,4.061999797821045,nan,nan,nan,nan,nan,nan,nan,nan,nan,nan,nan,0.013333955870709584
313.2231628894806,-0.41999998688697815,4.025000095367432,4.054999828338623,4.052000045776367,4.057000160217285,4.058000087738037,4.061999797821045,nan,nan,nan,nan,nan,nan,nan,nan,nan,nan,nan,0.013333955870709584
313.3822572231293,-0.4300000071525574,4.025000095367432,4.054999828338623,4.052000045776367,4.057000160217285,4.058000087738037,4.061999797821045,nan,nan,nan,nan,nan,nan,nan,nan,nan,nan,nan,0.013333955870709584
313.5615293979645,-0.4300000071525574,4.025000095367432,4.054999828338623,4.052000045776367,4.057000160217285,4.058000087738037,4.061999797821045,nan,nan,nan,nan,nan,nan,nan,nan,nan,nan,nan,0.013333955870709584
313.7426710128784,-0.4300000071525574,4.025000095367432,4.054999828338623,4.052000045776367,4.057000160217285,4.057000160217285,4.061999797821045,nan,nan,nan,nan,nan,nan,nan,nan,nan,nan,nan,0.013333955870709584
313.90353655815125,-0.4300000071525574,4.025000095367432,4.054999828338623,4.052000045776367,4.057000160217285,4.057000160217285,4.061999797821045,nan,nan,nan,nan,nan,nan,nan,nan,nan,nan,nan,0.013333955870709584
314.08085083961487,-0.4300000071525574,4.025000095367432,4.054999828338623,4.052000045776367,4.057000160217285,4.057000160217285,4.061999797821045,nan,nan,nan,nan,nan,nan,nan,nan,nan,nan,nan,0.013333955870709584
314.24158811569214,-0.4099999964237213,4.025000095367432,4.056000232696533,4.052000045776367,4.057000160217285,4.057000160217285,4.061999797821045,nan,nan,nan,nan,nan,nan,nan,nan,nan,nan,nan,0.013333955870709584
314.42201232910156,-0.4300000071525574,4.025000095367432,4.054999828338623,4.052000045776367,4.057000160217285,4.058000087738037,4.061999797821045,nan,nan,nan,nan,nan,nan,nan,nan,nan,nan,nan,0.013333955870709584
314.60067796707153,-0.4099999964237213,4.025000095367432,4.054999828338623,4.052000045776367,4.057000160217285,4.057000160217285,4.061999797821045,nan,nan,nan,nan,nan,nan,nan,nan,nan,nan,nan,0.013333955870709584
314.76159405708313,-0.41999998688697815,4.025000095367432,4.054999828338623,4.052000045776367,4.057000160217285,4.057000160217285,4.061999797821045,nan,nan,nan,nan,nan,nan,nan,nan,nan,nan,nan,0.013333955870709584
314.9411053657532,-0.4300000071525574,4.02400016784668,4.054999828338623,4.052000045776367,4.057000160217285,4.057000160217285,4.061999797821045,nan,nan,nan,nan,nan,nan,nan,nan,nan,nan,nan,0.013333955870709584
315.10162711143494,-0.4300000071525574,4.025000095367432,4.056000232696533,4.052000045776367,4.057000160217285,4.057000160217285,4.061999797821045,nan,nan,nan,nan,nan,nan,nan,nan,nan,nan,nan,0.013333955870709584
315.2819290161133,-0.41999998688697815,4.025000095367432,4.054999828338623,4.052000045776367,4.057000160217285,4.057000160217285,4.061999797821045,nan,nan,nan,nan,nan,nan,nan,nan,nan,nan,nan,0.013333955870709584
315.4610505104065,-0.4300000071525574,4.025000095367432,4.054999828338623,4.052000045776367,4.057000160217285,4.057000160217285,4.061999797821045,nan,nan,nan,nan,nan,nan,nan,nan,nan,nan,nan,0.013333955870709584
315.62172746658325,-0.4300000071525574,4.025000095367432,4.054999828338623,4.052000045776367,4.057000160217285,4.057000160217285,4.061999797821045,nan,nan,nan,nan,nan,nan,nan,nan,nan,nan,nan,0.013333955870709584
315.80192279815674,-0.4300000071525574,4.025000095367432,4.054999828338623,4.052000045776367,4.057000160217285,4.057000160217285,4.061999797821045,nan,nan,nan,nan,nan,nan,nan,nan,nan,nan,nan,0.013333955870709584
315.98218417167664,-0.4300000071525574,4.025000095367432,4.054999828338623,4.052000045776367,4.057000160217285,4.057000160217285,4.061999797821045,nan,nan,nan,nan,nan,nan,nan,nan,nan,nan,nan,0.013333955870709584
316.14142084121704,-0.4300000071525574,4.025000095367432,4.054999828338623,4.052000045776367,4.057000160217285,4.057000160217285,4.061999797821045,nan,nan,nan,nan,nan,nan,nan,nan,nan,nan,nan,0.013333955870709584
316.3218095302582,-0.4300000071525574,4.02400016784668,4.054999828338623,4.052000045776367,4.057000160217285,4.057000160217285,4.061999797821045,nan,nan,nan,nan,nan,nan,nan,nan,nan,nan,nan,0.013333955870709584
316.4830973148346,-0.4300000071525574,4.02400016784668,4.054999828338623,4.052000045776367,4.057000160217285,4.058000087738037,4.061999797821045,nan,nan,nan,nan,nan,nan,nan,nan,nan,nan,nan,0.013333955870709584
316.66141057014465,-0.41999998688697815,4.02400016784668,4.054999828338623,4.052000045776367,4.057000160217285,4.057000160217285,4.061999797821045,nan,nan,nan,nan,nan,nan,nan,nan,nan,nan,nan,0.013333955870709584
316.84291672706604,-0.41999998688697815,4.025000095367432,4.054999828338623,4.052000045776367,4.057000160217285,4.057000160217285,4.061999797821045,nan,nan,nan,nan,nan,nan,nan,nan,nan,nan,nan,0.013333955870709584
317.0026924610138,-0.41999998688697815,4.025000095367432,4.056000232696533,4.052000045776367,4.057000160217285,4.057000160217285,4.061999797821045,nan,nan,nan,nan,nan,nan,nan,nan,nan,nan,nan,0.013333955870709584
317.1813213825226,-0.4099999964237213,4.025000095367432,4.054999828338623,4.052000045776367,4.057000160217285,4.057000160217285,4.061999797821045,nan,nan,nan,nan,nan,nan,nan,nan,nan,nan,nan,0.013333955870709584
317.3408353328705,-0.4000000059604645,4.025000095367432,4.054999828338623,4.052000045776367,4.057000160217285,4.057000160217285,4.061999797821045,nan,nan,nan,nan,nan,nan,nan,nan,nan,nan,nan,0.013333955870709584
317.5214900970459,-0.4000000059604645,4.025000095367432,4.054999828338623,4.052000045776367,4.057000160217285,4.057000160217285,4.061999797821045,nan,nan,nan,nan,nan,nan,nan,nan,nan,nan,nan,0.013333955870709584
317.70150685310364,-0.4000000059604645,4.025000095367432,4.054999828338623,4.052000045776367,4.057000160217285,4.057000160217285,4.061999797821045,nan,nan,nan,nan,nan,nan,nan,nan,nan,nan,nan,0.013333955870709584
317.86108684539795,-0.4000000059604645,4.025000095367432,4.054999828338623,4.052000045776367,4.057000160217285,4.057000160217285,4.061999797821045,nan,nan,nan,nan,nan,nan,nan,nan,nan,nan,nan,0.013333955870709584
318.0412209033966,-0.4000000059604645,4.025000095367432,4.054999828338623,4.052000045776367,4.057000160217285,4.057000160217285,4.061999797821045,nan,nan,nan,nan,nan,nan,nan,nan,nan,nan,nan,0.013333955870709584
318.20084834098816,-0.4099999964237213,4.025000095367432,4.054999828338623,4.052000045776367,4.057000160217285,4.058000087738037,4.061999797821045,nan,nan,nan,nan,nan,nan,nan,nan,nan,nan,nan,0.013333955870709584
318.38110756874084,-0.38999998569488525,4.025000095367432,4.054999828338623,4.052000045776367,4.057000160217285,4.057000160217285,4.061999797821045,nan,nan,nan,nan,nan,nan,nan,nan,nan,nan,nan,0.013333955870709584
318.5615520477295,-0.4000000059604645,4.025000095367432,4.054999828338623,4.052000045776367,4.057000160217285,4.057000160217285,4.061999797821045,nan,nan,nan,nan,nan,nan,nan,nan,nan,nan,nan,0.013333955870709584
318.7210884094238,-0.4000000059604645,4.025000095367432,4.054999828338623,4.052000045776367,4.057000160217285,4.057000160217285,4.061999797821045,nan,nan,nan,nan,nan,nan,nan,nan,nan,nan,nan,0.013333955870709584
318.90140652656555,-0.38999998569488525,4.025000095367432,4.054999828338623,4.052000045776367,4.057000160217285,4.057000160217285,4.061999797821045,nan,nan,nan,nan,nan,nan,nan,nan,nan,nan,nan,0.013333955870709584
319.08253264427185,-0.4000000059604645,4.025000095367432,4.054999828338623,4.052000045776367,4.057000160217285,4.057000160217285,4.061999797821045,nan,nan,nan,nan,nan,nan,nan,nan,nan,nan,nan,0.013333955870709584
319.24170565605164,-0.4000000059604645,4.025000095367432,4.054999828338623,4.052000045776367,4.057000160217285,4.057000160217285,4.061999797821045,nan,nan,nan,nan,nan,nan,nan,nan,nan,nan,nan,0.013333955870709584
319.4219183921814,-0.4000000059604645,4.025000095367432,4.054999828338623,4.052000045776367,4.057000160217285,4.057000160217285,4.061999797821045,nan,nan,nan,nan,nan,nan,nan,nan,nan,nan,nan,0.013333955870709584
319.58220171928406,-0.4000000059604645,4.02400016784668,4.054999828338623,4.052000045776367,4.057000160217285,4.057000160217285,4.061999797821045,nan,nan,nan,nan,nan,nan,nan,nan,nan,nan,nan,0.013333955870709584
319.76213479042053,-0.4000000059604645,4.02400016784668,4.054999828338623,4.052000045776367,4.057000160217285,4.057000160217285,4.061999797821045,nan,nan,nan,nan,nan,nan,nan,nan,nan,nan,nan,0.013333955870709584
319.94367599487305,-0.41999998688697815,4.025000095367432,4.054999828338623,4.052000045776367,4.057000160217285,4.058000087738037,4.061999797821045,nan,nan,nan,nan,nan,nan,nan,nan,nan,nan,nan,0.013333955870709584
320.10194396972656,-0.4000000059604645,4.025000095367432,4.054999828338623,4.052000045776367,4.057000160217285,4.057000160217285,4.061999797821045,nan,nan,nan,nan,nan,nan,nan,nan,nan,nan,nan,0.013333955870709584
320.28252267837524,-0.38999998569488525,4.025000095367432,4.054999828338623,4.052000045776367,4.057000160217285,4.057000160217285,4.061999797821045,nan,nan,nan,nan,nan,nan,nan,nan,nan,nan,nan,0.013333955870709584
320.44142174720764,-0.38999998569488525,4.025000095367432,4.054999828338623,4.052000045776367,4.057000160217285,4.057000160217285,4.061999797821045,nan,nan,nan,nan,nan,nan,nan,nan,nan,nan,nan,0.013333955870709584
320.62300205230713,-0.4000000059604645,4.02400016784668,4.054999828338623,4.052000045776367,4.057000160217285,4.057000160217285,4.061999797821045,nan,nan,nan,nan,nan,nan,nan,nan,nan,nan,nan,0.013333955870709584
320.80332374572754,-0.4099999964237213,4.02400016784668,4.054999828338623,4.052000045776367,4.057000160217285,4.057000160217285,4.061999797821045,nan,nan,nan,nan,nan,nan,nan,nan,nan,nan,nan,0.013333955870709584
320.9623816013336,-0.38999998569488525,4.025000095367432,4.054999828338623,4.052000045776367,4.057000160217285,4.057000160217285,4.061999797821045,nan,nan,nan,nan,nan,nan,nan,nan,nan,nan,nan,0.013333955870709584
321.1411507129669,-0.4000000059604645,4.025000095367432,4.054999828338623,4.052000045776367,4.057000160217285,4.057000160217285,4.061999797821045,nan,nan,nan,nan,nan,nan,nan,nan,nan,nan,nan,0.013333955870709584
321.30200934410095,-0.4000000059604645,4.02400016784668,4.054999828338623,4.052000045776367,4.057000160217285,4.057000160217285,4.061999797821045,nan,nan,nan,nan,nan,nan,nan,nan,nan,nan,nan,0.013333955870709584
321.4815077781677,-0.4000000059604645,4.025000095367432,4.054999828338623,4.052000045776367,4.057000160217285,4.057000160217285,4.061999797821045,nan,nan,nan,nan,nan,nan,nan,nan,nan,nan,nan,0.013333955870709584
321.66275811195374,-0.38999998569488525,4.025000095367432,4.054999828338623,4.052000045776367,4.057000160217285,4.057000160217285,4.061999797821045,nan,nan,nan,nan,nan,nan,nan,nan,nan,nan,nan,0.013333955870709584
321.82107496261597,-0.4000000059604645,4.02400016784668,4.054999828338623,4.052000045776367,4.057000160217285,4.057000160217285,4.061999797821045,nan,nan,nan,nan,nan,nan,nan,nan,nan,nan,nan,0.013333955870709584
322.00118947029114,-0.38999998569488525,4.025000095367432,4.054999828338623,4.052000045776367,4.057000160217285,4.057000160217285,4.061999797821045,nan,nan,nan,nan,nan,nan,nan,nan,nan,nan,nan,0.013333955870709584
322.1815414428711,-0.4000000059604645,4.02400016784668,4.054999828338623,4.052000045776367,4.057000160217285,4.057000160217285,4.061999797821045,nan,nan,nan,nan,nan,nan,nan,nan,nan,nan,nan,0.013333955870709584
322.34130787849426,-0.38999998569488525,4.025000095367432,4.054999828338623,4.052000045776367,4.057000160217285,4.057000160217285,4.061999797821045,nan,nan,nan,nan,nan,nan,nan,nan,nan,nan,nan,0.013333955870709584
322.5217728614807,-0.4000000059604645,4.025000095367432,4.054999828338623,4.052000045776367,4.057000160217285,4.057000160217285,4.061999797821045,nan,nan,nan,nan,nan,nan,nan,nan,nan,nan,nan,0.013333955870709584
322.6826112270355,-0.38999998569488525,4.02400016784668,4.054999828338623,4.052000045776367,4.057000160217285,4.057000160217285,4.061999797821045,nan,nan,nan,nan,nan,nan,nan,nan,nan,nan,nan,0.013333955870709584
322.861225605011,-0.4000000059604645,4.02400016784668,4.054999828338623,4.052000045776367,4.057000160217285,4.057000160217285,4.061999797821045,nan,nan,nan,nan,nan,nan,nan,nan,nan,nan,nan,0.013333955870709584
323.0418484210968,-0.4000000059604645,4.02400016784668,4.054999828338623,4.052000045776367,4.057000160217285,4.057000160217285,4.061999797821045,nan,nan,nan,nan,nan,nan,nan,nan,nan,nan,nan,0.013333955870709584
323.2011516094208,-0.3799999952316284,4.025000095367432,4.054999828338623,4.052000045776367,4.057000160217285,4.057000160217285,4.061999797821045,nan,nan,nan,nan,nan,nan,nan,nan,nan,nan,nan,0.013333955870709584
323.38278698921204,-0.4099999964237213,4.02400016784668,4.054999828338623,4.052000045776367,4.057000160217285,4.057000160217285,4.061999797821045,nan,nan,nan,nan,nan,nan,nan,nan,nan,nan,nan,0.013333955870709584
323.5410575866699,-0.4000000059604645,4.02400016784668,4.054999828338623,4.052000045776367,4.057000160217285,4.057000160217285,4.061999797821045,nan,nan,nan,nan,nan,nan,nan,nan,nan,nan,nan,0.013333955870709584
323.7213680744171,-0.3799999952316284,4.025000095367432,4.054999828338623,4.052000045776367,4.057000160217285,4.057000160217285,4.061999797821045,nan,nan,nan,nan,nan,nan,nan,nan,nan,nan,nan,0.013333955870709584
323.9015247821808,-0.4000000059604645,4.02400016784668,4.054999828338623,4.052000045776367,4.057000160217285,4.057000160217285,4.061999797821045,nan,nan,nan,nan,nan,nan,nan,nan,nan,nan,nan,0.013333955870709584
324.06257939338684,-0.4000000059604645,4.02400016784668,4.054999828338623,4.052000045776367,4.057000160217285,4.057000160217285,4.061999797821045,nan,nan,nan,nan,nan,nan,nan,nan,nan,nan,nan,0.013333955870709584
324.24119782447815,-0.4000000059604645,4.02400016784668,4.054999828338623,4.052000045776367,4.057000160217285,4.057000160217285,4.061999797821045,nan,nan,nan,nan,nan,nan,nan,nan,nan,nan,nan,0.013333955870709584
324.4214868545532,-0.4000000059604645,4.02400016784668,4.054999828338623,4.052000045776367,4.057000160217285,4.057000160217285,4.061999797821045,nan,nan,nan,nan,nan,nan,nan,nan,nan,nan,nan,0.013333955870709584
324.5814039707184,-0.4000000059604645,4.02400016784668,4.054999828338623,4.051000118255615,4.057000160217285,4.057000160217285,4.061999797821045,nan,nan,nan,nan,nan,nan,nan,nan,nan,nan,nan,0.013333955870709584
324.76100754737854,-0.3799999952316284,4.02400016784668,4.054999828338623,4.052000045776367,4.057000160217285,4.057000160217285,4.061999797821045,nan,nan,nan,nan,nan,nan,nan,nan,nan,nan,nan,0.013333955870709584
324.9222185611725,-0.4000000059604645,4.02400016784668,4.054999828338623,4.052000045776367,4.057000160217285,4.057000160217285,4.061999797821045,nan,nan,nan,nan,nan,nan,nan,nan,nan,nan,nan,0.013333955870709584
325.1007525920868,-0.4000000059604645,4.02400016784668,4.054999828338623,4.051000118255615,4.057000160217285,4.057000160217285,4.061999797821045,nan,nan,nan,nan,nan,nan,nan,nan,nan,nan,nan,0.013333955870709584
325.28124356269836,-0.4000000059604645,4.02400016784668,4.054999828338623,4.052000045776367,4.057000160217285,4.057000160217285,4.061999797821045,nan,nan,nan,nan,nan,nan,nan,nan,nan,nan,nan,0.013333955870709584
325.4406831264496,-0.38999998569488525,4.02400016784668,4.054999828338623,4.052000045776367,4.057000160217285,4.057000160217285,4.061999797821045,nan,nan,nan,nan,nan,nan,nan,nan,nan,nan,nan,0.013333955870709584
325.62056136131287,-0.4000000059604645,4.02400016784668,4.054999828338623,4.052000045776367,4.057000160217285,4.057000160217285,4.061999797821045,nan,nan,nan,nan,nan,nan,nan,nan,nan,nan,nan,0.013333955870709584
325.782306432724,-0.4000000059604645,4.02400016784668,4.054999828338623,4.052000045776367,4.057000160217285,4.057000160217285,4.061999797821045,nan,nan,nan,nan,nan,nan,nan,nan,nan,nan,nan,0.013333955870709584
325.9619870185852,-0.4000000059604645,4.02400016784668,4.054999828338623,4.051000118255615,4.057000160217285,4.057000160217285,4.061999797821045,nan,nan,nan,nan,nan,nan,nan,nan,nan,nan,nan,0.013333955870709584
326.1419460773468,-0.4000000059604645,4.02400016784668,4.054999828338623,4.052000045776367,4.057000160217285,4.057000160217285,4.061999797821045,nan,nan,nan,nan,nan,nan,nan,nan,nan,nan,nan,0.013333955870709584
326.30163168907166,-0.4000000059604645,4.02400016784668,4.054999828338623,4.052000045776367,4.057000160217285,4.057000160217285,4.061999797821045,nan,nan,nan,nan,nan,nan,nan,nan,nan,nan,nan,0.013333955870709584
326.4831259250641,-0.4099999964237213,4.02400016784668,4.054999828338623,4.052000045776367,4.057000160217285,4.057000160217285,4.061999797821045,nan,nan,nan,nan,nan,nan,nan,nan,nan,nan,nan,0.013333955870709584
326.6424207687378,-0.38999998569488525,4.02400016784668,4.054999828338623,4.052000045776367,4.057000160217285,4.057000160217285,4.061999797821045,nan,nan,nan,nan,nan,nan,nan,nan,nan,nan,nan,0.013333955870709584
326.8226354122162,-0.4300000071525574,4.02400016784668,4.054999828338623,4.052000045776367,4.057000160217285,4.057000160217285,4.061999797821045,nan,nan,nan,nan,nan,nan,nan,nan,nan,nan,nan,0.013333955870709584
327.00288486480713,-0.4099999964237213,4.02400016784668,4.054999828338623,4.052000045776367,4.057000160217285,4.057000160217285,4.061999797821045,nan,nan,nan,nan,nan,nan,nan,nan,nan,nan,nan,0.013333955870709584
327.1622266769409,-0.4000000059604645,4.02400016784668,4.054999828338623,4.051000118255615,4.057000160217285,4.057000160217285,4.061999797821045,nan,nan,nan,nan,nan,nan,nan,nan,nan,nan,nan,0.013333955870709584
327.34112644195557,-0.4000000059604645,4.02400016784668,4.054999828338623,4.051000118255615,4.057000160217285,4.057000160217285,4.061999797821045,nan,nan,nan,nan,nan,nan,nan,nan,nan,nan,nan,0.013333955870709584
327.5215618610382,-0.4000000059604645,4.02400016784668,4.054999828338623,4.052000045776367,4.057000160217285,4.057000160217285,4.061999797821045,nan,nan,nan,nan,nan,nan,nan,nan,nan,nan,nan,0.013333955870709584
327.6819977760315,-0.4000000059604645,4.02400016784668,4.054999828338623,4.051000118255615,4.057000160217285,4.057000160217285,4.061999797821045,nan,nan,nan,nan,nan,nan,nan,nan,nan,nan,nan,0.013333955870709584
327.86102294921875,-0.38999998569488525,4.02400016784668,4.054999828338623,4.051000118255615,4.057000160217285,4.057000160217285,4.061999797821045,nan,nan,nan,nan,nan,nan,nan,nan,nan,nan,nan,0.013333955870709584
328.0208249092102,-0.4000000059604645,4.025000095367432,4.054999828338623,4.052000045776367,4.057000160217285,4.057000160217285,4.061999797821045,nan,nan,nan,nan,nan,nan,nan,nan,nan,nan,nan,0.013333955870709584
328.2009582519531,-0.4000000059604645,4.02400016784668,4.054999828338623,4.052000045776367,4.057000160217285,4.057000160217285,4.061999797821045,nan,nan,nan,nan,nan,nan,nan,nan,nan,nan,nan,0.013333955870709584
328.38092494010925,-0.4000000059604645,4.02400016784668,4.054999828338623,4.052000045776367,4.057000160217285,4.057000160217285,4.061999797821045,nan,nan,nan,nan,nan,nan,nan,nan,nan,nan,nan,0.013333955870709584
328.5406184196472,-0.4000000059604645,4.02400016784668,4.054999828338623,4.051000118255615,4.057000160217285,4.057000160217285,4.061999797821045,nan,nan,nan,nan,nan,nan,nan,nan,nan,nan,nan,0.013333955870709584
328.7210388183594,-0.38999998569488525,4.02400016784668,4.054999828338623,4.051000118255615,4.057000160217285,4.057000160217285,4.061999797821045,nan,nan,nan,nan,nan,nan,nan,nan,nan,nan,nan,0.013333955870709584
328.8818233013153,-0.4000000059604645,4.02400016784668,4.054999828338623,4.051000118255615,4.057000160217285,4.057000160217285,4.061999797821045,nan,nan,nan,nan,nan,nan,nan,nan,nan,nan,nan,0.013333955870709584
329.0620481967926,-0.4099999964237213,4.02400016784668,4.054999828338623,4.052000045776367,4.057000160217285,4.057000160217285,4.061999797821045,nan,nan,nan,nan,nan,nan,nan,nan,nan,nan,nan,0.013333955870709584
329.2411699295044,-0.4099999964237213,4.02400016784668,4.054999828338623,4.051000118255615,4.057000160217285,4.057000160217285,4.061999797821045,nan,nan,nan,nan,nan,nan,nan,nan,nan,nan,nan,0.013333955870709584
329.4031665325165,-0.41999998688697815,4.02400016784668,4.054999828338623,4.052000045776367,4.057000160217285,4.057000160217285,4.061999797821045,nan,nan,nan,nan,nan,nan,nan,nan,nan,nan,nan,0.013333955870709584
329.58161520957947,-0.38999998569488525,4.02400016784668,4.054999828338623,4.051000118255615,4.057000160217285,4.057000160217285,4.061999797821045,nan,nan,nan,nan,nan,nan,nan,nan,nan,nan,nan,0.013333955870709584
329.7409996986389,-0.4099999964237213,4.02400016784668,4.054999828338623,4.051000118255615,4.057000160217285,4.057000160217285,4.061999797821045,nan,nan,nan,nan,nan,nan,nan,nan,nan,nan,nan,0.013333955870709584
329.9227776527405,-0.4000000059604645,4.02400016784668,4.054999828338623,4.051000118255615,4.057000160217285,4.057000160217285,4.061999797821045,nan,nan,nan,nan,nan,nan,nan,nan,nan,nan,nan,0.013333955870709584
330.10156750679016,-0.41999998688697815,4.02400016784668,4.054999828338623,4.051000118255615,4.057000160217285,4.057000160217285,4.061999797821045,nan,nan,nan,nan,nan,nan,nan,nan,nan,nan,nan,0.013333955870709584
330.26219272613525,-0.4000000059604645,4.02400016784668,4.054999828338623,4.052000045776367,4.057000160217285,4.057000160217285,4.061999797821045,nan,nan,nan,nan,nan,nan,nan,nan,nan,nan,nan,0.013333955870709584
330.44120478630066,-0.4099999964237213,4.02400016784668,4.054999828338623,4.051000118255615,4.056000232696533,4.057000160217285,4.061999797821045,nan,nan,nan,nan,nan,nan,nan,nan,nan,nan,nan,0.013333955870709584
330.6227014064789,-0.38999998569488525,4.02400016784668,4.054999828338623,4.051000118255615,4.057000160217285,4.057000160217285,4.061999797821045,nan,nan,nan,nan,nan,nan,nan,nan,nan,nan,nan,0.013333955870709584
330.78211307525635,-0.4000000059604645,4.02400016784668,4.054999828338623,4.051000118255615,4.057000160217285,4.057000160217285,4.061999797821045,nan,nan,nan,nan,nan,nan,nan,nan,nan,nan,nan,0.013333955870709584
330.96092200279236,-0.4000000059604645,4.02400016784668,4.054999828338623,4.051000118255615,4.057000160217285,4.057000160217285,4.061999797821045,nan,nan,nan,nan,nan,nan,nan,nan,nan,nan,nan,0.013333955870709584
331.12201619148254,-0.4000000059604645,4.02400016784668,4.054999828338623,4.051000118255615,4.057000160217285,4.057000160217285,4.061999797821045,nan,nan,nan,nan,nan,nan,nan,nan,nan,nan,nan,0.013333955870709584
331.30219078063965,-0.4099999964237213,4.02400016784668,4.054999828338623,4.051000118255615,4.057000160217285,4.057000160217285,4.061999797821045,nan,nan,nan,nan,nan,nan,nan,nan,nan,nan,nan,0.013333955870709584
331.48102831840515,-0.4000000059604645,4.02400016784668,4.054999828338623,4.051000118255615,4.057000160217285,4.057000160217285,4.061999797821045,nan,nan,nan,nan,nan,nan,nan,nan,nan,nan,nan,0.013333955870709584
331.6410324573517,-0.4000000059604645,4.02400016784668,4.054999828338623,4.052000045776367,4.057000160217285,4.057000160217285,4.061999797821045,nan,nan,nan,nan,nan,nan,nan,nan,nan,nan,nan,0.013333955870709584
331.82129549980164,-0.4000000059604645,4.02400016784668,4.054999828338623,4.051000118255615,4.056000232696533,4.057000160217285,4.061999797821045,nan,nan,nan,nan,nan,nan,nan,nan,nan,nan,nan,0.013333955870709584
331.9811279773712,-0.4000000059604645,4.02400016784668,4.054999828338623,4.051000118255615,4.057000160217285,4.057000160217285,4.061999797821045,nan,nan,nan,nan,nan,nan,nan,nan,nan,nan,nan,0.013333955870709584
332.1609981060028,-0.4099999964237213,4.02400016784668,4.054999828338623,4.051000118255615,4.057000160217285,4.057000160217285,4.061999797821045,nan,nan,nan,nan,nan,nan,nan,nan,nan,nan,nan,0.013333955870709584
332.3413305282593,-0.4000000059604645,4.02400016784668,4.054999828338623,4.052000045776367,4.057000160217285,4.057000160217285,4.061999797821045,nan,nan,nan,nan,nan,nan,nan,nan,nan,nan,nan,0.013333955870709584
332.5007677078247,-0.4000000059604645,4.02400016784668,4.054999828338623,4.051000118255615,4.057000160217285,4.057000160217285,4.061999797821045,nan,nan,nan,nan,nan,nan,nan,nan,nan,nan,nan,0.013333955870709584
332.68305683135986,-0.38999998569488525,4.02400016784668,4.054999828338623,4.051000118255615,4.056000232696533,4.057000160217285,4.061999797821045,nan,nan,nan,nan,nan,nan,nan,nan,nan,nan,nan,0.013333955870709584
332.8642933368683,-0.4000000059604645,4.02400016784668,4.054999828338623,4.051000118255615,4.057000160217285,4.057000160217285,4.061999797821045,nan,nan,nan,nan,nan,nan,nan,nan,nan,nan,nan,0.013333955870709584
333.0249171257019,-0.46000000834465027,4.02400016784668,4.054999828338623,4.051000118255615,4.056000232696533,4.057000160217285,4.061999797821045,nan,nan,nan,nan,nan,nan,nan,nan,nan,nan,nan,0.013333955870709584
333.20356488227844,-2.390000104904175,4.011000156402588,4.041999816894531,4.038000106811523,4.044000148773193,4.044000148773193,4.047999858856201,0.006735756887922443,0.006735756887922443,0.006735756887922443,0.006217659752831904,0.006735756887922443,0.007253854023012982,0.006735756887922443,0.006735756887922443,0.006735756887922443,0.006217659752831904,0.006735756887922443,0.010293904946861283
333.3642611503601,-1.2599999904632568,4.021999835968018,4.052999973297119,4.050000190734863,4.053999900817871,4.056000232696533,4.059999942779541,0.009734228718084617,0.009734650697827902,0.010619542219495296,0.008849337196417223,0.010619542219495296,0.010619542219495296,0.00823499280300353,0.008235203792875172,0.00867764955370887,0.007533498474624563,0.00867764955370887,0.008936698121254139
333.5412883758545,-1.2899999618530273,4.021999835968018,4.052999973297119,4.048999786376953,4.053999900817871,4.054999828338623,4.059999942779541,nan,nan,nan,nan,nan,nan,0.00823499280300353,0.008235203792875172,0.00867764955370887,0.007533498474624563,0.00867764955370887,0.008936698121254139
333.72306966781616,-1.1399999856948853,4.021999835968018,4.052000045776367,4.048999786376953,4.053999900817871,4.054999828338623,4.059999942779541,nan,nan,nan,nan,nan,nan,0.00823499280300353,0.008235203792875172,0.00867764955370887,0.007533498474624563,0.00867764955370887,0.008936698121254139
333.88214683532715,-1.2899999618530273,4.021999835968018,4.052999973297119,4.048999786376953,4.053999900817871,4.053999900817871,4.059000015258789,nan,nan,nan,nan,nan,nan,0.00823499280300353,0.008235203792875172,0.00867764955370887,0.007533498474624563,0.00867764955370887,0.008936698121254139
334.06227374076843,-1.2699999809265137,4.021999835968018,4.052000045776367,4.048999786376953,4.053999900817871,4.054999828338623,4.059000015258789,nan,nan,nan,nan,nan,nan,0.00823499280300353,0.008235203792875172,0.00867764955370887,0.007533498474624563,0.00867764955370887,0.008936698121254139
334.2233724594116,-1.3300000429153442,4.021999835968018,4.052000045776367,4.048999786376953,4.053999900817871,4.054999828338623,4.059000015258789,nan,nan,nan,nan,nan,nan,0.00823499280300353,0.008235203792875172,0.00867764955370887,0.007533498474624563,0.00867764955370887,0.008936698121254139
334.40321493148804,-0.9300000071525574,4.020999908447266,4.052999973297119,4.048999786376953,4.053999900817871,4.054999828338623,4.059000015258789,nan,nan,nan,nan,nan,nan,0.00823499280300353,0.008235203792875172,0.00867764955370887,0.007533498474624563,0.00867764955370887,0.008936698121254139
334.5832622051239,-1.1799999475479126,4.021999835968018,4.052000045776367,4.048999786376953,4.053999900817871,4.054999828338623,4.059000015258789,nan,nan,nan,nan,nan,nan,0.00823499280300353,0.008235203792875172,0.00867764955370887,0.007533498474624563,0.00867764955370887,0.008936698121254139
334.74480271339417,-1.0700000524520874,4.021999835968018,4.052000045776367,4.048999786376953,4.053999900817871,4.054999828338623,4.059000015258789,nan,nan,nan,nan,nan,nan,0.00823499280300353,0.008235203792875172,0.00867764955370887,0.007533498474624563,0.00867764955370887,0.008936698121254139
334.9233250617981,-1.0199999809265137,4.021999835968018,4.052000045776367,4.048999786376953,4.053999900817871,4.054999828338623,4.059000015258789,nan,nan,nan,nan,nan,nan,0.00823499280300353,0.008235203792875172,0.00867764955370887,0.007533498474624563,0.00867764955370887,0.008936698121254139
335.0841774940491,-0.4000000059604645,4.0229997634887695,4.053999900817871,4.048999786376953,4.053999900817871,4.056000232696533,4.060999870300293,nan,nan,nan,nan,nan,nan,0.00823499280300353,0.008235203792875172,0.00867764955370887,0.007533498474624563,0.00867764955370887,0.008936698121254139
335.26249384880066,-0.4000000059604645,4.0229997634887695,4.053999900817871,4.051000118255615,4.056000232696533,4.056000232696533,4.060999870300293,nan,nan,nan,nan,nan,nan,0.00823499280300353,0.008235203792875172,0.00867764955370887,0.007533498474624563,0.00867764955370887,0.008936698121254139
335.4411766529083,-0.4000000059604645,4.0229997634887695,4.053999900817871,4.051000118255615,4.056000232696533,4.056000232696533,4.060999870300293,nan,nan,nan,nan,nan,nan,0.00823499280300353,0.008235203792875172,0.00867764955370887,0.007533498474624563,0.00867764955370887,0.008936698121254139
335.60077118873596,-0.4000000059604645,4.0229997634887695,4.053999900817871,4.051000118255615,4.056000232696533,4.056000232696533,4.060999870300293,nan,nan,nan,nan,nan,nan,0.00823499280300353,0.008235203792875172,0.00867764955370887,0.007533498474624563,0.00867764955370887,0.008936698121254139
335.781213760376,-0.4000000059604645,4.0229997634887695,4.053999900817871,4.051000118255615,4.056000232696533,4.056000232696533,4.060999870300293,nan,nan,nan,nan,nan,nan,0.00823499280300353,0.008235203792875172,0.00867764955370887,0.007533498474624563,0.00867764955370887,0.008936698121254139
335.9405310153961,-0.4000000059604645,4.02400016784668,4.053999900817871,4.051000118255615,4.056000232696533,4.056000232696533,4.060999870300293,nan,nan,nan,nan,nan,nan,0.00823499280300353,0.008235203792875172,0.00867764955370887,0.007533498474624563,0.00867764955370887,0.008936698121254139
336.121306180954,-0.38999998569488525,4.02400016784668,4.053999900817871,4.051000118255615,4.056000232696533,4.056000232696533,4.060999870300293,nan,nan,nan,nan,nan,nan,0.00823499280300353,0.008235203792875172,0.00867764955370887,0.007533498474624563,0.00867764955370887,0.008936698121254139
336.30178904533386,-0.41999998688697815,4.02400016784668,4.053999900817871,4.051000118255615,4.056000232696533,4.056000232696533,4.060999870300293,nan,nan,nan,nan,nan,nan,0.00823499280300353,0.008235203792875172,0.00867764955370887,0.007533498474624563,0.00867764955370887,0.008936698121254139
336.4608197212219,-0.4099999964237213,4.0229997634887695,4.053999900817871,4.051000118255615,4.056000232696533,4.056000232696533,4.060999870300293,nan,nan,nan,nan,nan,nan,0.00823499280300353,0.008235203792875172,0.00867764955370887,0.007533498474624563,0.00867764955370887,0.008936698121254139
336.64161372184753,-0.4000000059604645,4.02400016784668,4.053999900817871,4.051000118255615,4.056000232696533,4.056000232696533,4.060999870300293,nan,nan,nan,nan,nan,nan,0.00823499280300353,0.008235203792875172,0.00867764955370887,0.007533498474624563,0.00867764955370887,0.008936698121254139
336.82144021987915,-0.4000000059604645,4.02400016784668,4.053999900817871,4.051000118255615,4.056000232696533,4.056000232696533,4.060999870300293,nan,nan,nan,nan,nan,nan,0.00823499280300353,0.008235203792875172,0.00867764955370887,0.007533498474624563,0.00867764955370887,0.008936698121254139
336.98245334625244,-0.4000000059604645,4.02400016784668,4.053999900817871,4.051000118255615,4.056000232696533,4.056000232696533,4.060999870300293,nan,nan,nan,nan,nan,nan,0.00823499280300353,0.008235203792875172,0.00867764955370887,0.007533498474624563,0.00867764955370887,0.008936698121254139
337.1625747680664,-0.4000000059604645,4.02400016784668,4.053999900817871,4.051000118255615,4.056000232696533,4.056000232696533,4.060999870300293,nan,nan,nan,nan,nan,nan,0.00823499280300353,0.008235203792875172,0.00867764955370887,0.007533498474624563,0.00867764955370887,0.008936698121254139
337.32221817970276,-0.4000000059604645,4.02400016784668,4.053999900817871,4.051000118255615,4.056000232696533,4.056000232696533,4.060999870300293,nan,nan,nan,nan,nan,nan,0.00823499280300353,0.008235203792875172,0.00867764955370887,0.007533498474624563,0.00867764955370887,0.008936698121254139
337.5010085105896,-0.4000000059604645,4.0229997634887695,4.053999900817871,4.051000118255615,4.056000232696533,4.057000160217285,4.060999870300293,nan,nan,nan,nan,nan,nan,0.00823499280300353,0.008235203792875172,0.00867764955370887,0.007533498474624563,0.00867764955370887,0.008936698121254139
337.68104910850525,-0.38999998569488525,4.02400016784668,4.053999900817871,4.051000118255615,4.056000232696533,4.056000232696533,4.060999870300293,nan,nan,nan,nan,nan,nan,0.00823499280300353,0.008235203792875172,0.00867764955370887,0.007533498474624563,0.00867764955370887,0.008936698121254139
337.8408989906311,-0.4000000059604645,4.02400016784668,4.053999900817871,4.051000118255615,4.056000232696533,4.057000160217285,4.060999870300293,nan,nan,nan,nan,nan,nan,0.00823499280300353,0.008235203792875172,0.00867764955370887,0.007533498474624563,0.00867764955370887,0.008936698121254139
338.02153635025024,-0.4000000059604645,4.0229997634887695,4.053999900817871,4.051000118255615,4.056000232696533,4.056000232696533,4.060999870300293,nan,nan,nan,nan,nan,nan,0.00823499280300353,0.008235203792875172,0.00867764955370887,0.007533498474624563,0.00867764955370887,0.008936698121254139
338.1822278499603,-0.4000000059604645,4.02400016784668,4.053999900817871,4.051000118255615,4.056000232696533,4.057000160217285,4.060999870300293,nan,nan,nan,nan,nan,nan,0.00823499280300353,0.008235203792875172,0.00867764955370887,0.007533498474624563,0.00867764955370887,0.008936698121254139
338.36253333091736,-0.4000000059604645,4.0229997634887695,4.053999900817871,4.051000118255615,4.056000232696533,4.056000232696533,4.060999870300293,nan,nan,nan,nan,nan,nan,0.00823499280300353,0.008235203792875172,0.00867764955370887,0.007533498474624563,0.00867764955370887,0.008936698121254139
338.5409309864044,-0.4000000059604645,4.02400016784668,4.053999900817871,4.051000118255615,4.056000232696533,4.056000232696533,4.060999870300293,nan,nan,nan,nan,nan,nan,0.00823499280300353,0.008235203792875172,0.00867764955370887,0.007533498474624563,0.00867764955370887,0.008936698121254139
338.7008845806122,-0.4000000059604645,4.0229997634887695,4.053999900817871,4.051000118255615,4.056000232696533,4.057000160217285,4.060999870300293,nan,nan,nan,nan,nan,nan,0.00823499280300353,0.008235203792875172,0.00867764955370887,0.007533498474624563,0.00867764955370887,0.008936698121254139
338.8811399936676,-0.4000000059604645,4.02400016784668,4.053999900817871,4.051000118255615,4.056000232696533,4.057000160217285,4.060999870300293,nan,nan,nan,nan,nan,nan,0.00823499280300353,0.008235203792875172,0.00867764955370887,0.007533498474624563,0.00867764955370887,0.008936698121254139
339.061772108078,-0.4099999964237213,4.0229997634887695,4.053999900817871,4.051000118255615,4.056000232696533,4.057000160217285,4.060999870300293,nan,nan,nan,nan,nan,nan,0.00823499280300353,0.008235203792875172,0.00867764955370887,0.007533498474624563,0.00867764955370887,0.008936698121254139
339.2211158275604,-0.38999998569488525,4.02400016784668,4.053999900817871,4.051000118255615,4.056000232696533,4.056000232696533,4.060999870300293,nan,nan,nan,nan,nan,nan,0.00823499280300353,0.008235203792875172,0.00867764955370887,0.007533498474624563,0.00867764955370887,0.008936698121254139
339.4016101360321,-0.4099999964237213,4.02400016784668,4.053999900817871,4.051000118255615,4.056000232696533,4.057000160217285,4.060999870300293,nan,nan,nan,nan,nan,nan,0.00823499280300353,0.008235203792875172,0.00867764955370887,0.007533498474624563,0.00867764955370887,0.008936698121254139
339.5606632232666,-0.38999998569488525,4.02400016784668,4.053999900817871,4.051000118255615,4.056000232696533,4.057000160217285,4.060999870300293,nan,nan,nan,nan,nan,nan,0.00823499280300353,0.008235203792875172,0.00867764955370887,0.007533498474624563,0.00867764955370887,0.008936698121254139
339.741064786911,-0.4099999964237213,4.02400016784668,4.053999900817871,4.051000118255615,4.056000232696533,4.057000160217285,4.060999870300293,nan,nan,nan,nan,nan,nan,0.00823499280300353,0.008235203792875172,0.00867764955370887,0.007533498474624563,0.00867764955370887,0.008936698121254139
339.92156291007996,-0.4099999964237213,4.02400016784668,4.054999828338623,4.051000118255615,4.056000232696533,4.057000160217285,4.060999870300293,nan,nan,nan,nan,nan,nan,0.00823499280300353,0.008235203792875172,0.00867764955370887,0.007533498474624563,0.00867764955370887,0.008936698121254139
340.0809745788574,-0.4099999964237213,4.02400016784668,4.054999828338623,4.051000118255615,4.056000232696533,4.056000232696533,4.060999870300293,nan,nan,nan,nan,nan,nan,0.00823499280300353,0.008235203792875172,0.00867764955370887,0.007533498474624563,0.00867764955370887,0.008936698121254139
340.2612795829773,-0.4000000059604645,4.02400016784668,4.054999828338623,4.051000118255615,4.056000232696533,4.057000160217285,4.060999870300293,nan,nan,nan,nan,nan,nan,0.00823499280300353,0.008235203792875172,0.00867764955370887,0.007533498474624563,0.00867764955370887,0.008936698121254139
340.4222180843353,-0.4099999964237213,4.0229997634887695,4.053999900817871,4.051000118255615,4.056000232696533,4.057000160217285,4.060999870300293,nan,nan,nan,nan,nan,nan,0.00823499280300353,0.008235203792875172,0.00867764955370887,0.007533498474624563,0.00867764955370887,0.008936698121254139
340.6009588241577,-0.41999998688697815,4.02400016784668,4.053999900817871,4.051000118255615,4.056000232696533,4.057000160217285,4.060999870300293,nan,nan,nan,nan,nan,nan,0.00823499280300353,0.008235203792875172,0.00867764955370887,0.007533498474624563,0.00867764955370887,0.008936698121254139
340.7818830013275,-0.4099999964237213,4.02400016784668,4.053999900817871,4.051000118255615,4.056000232696533,4.057000160217285,4.060999870300293,nan,nan,nan,nan,nan,nan,0.00823499280300353,0.008235203792875172,0.00867764955370887,0.007533498474624563,0.00867764955370887,0.008936698121254139
340.94237065315247,-0.4000000059604645,4.02400016784668,4.053999900817871,4.051000118255615,4.056000232696533,4.057000160217285,4.061999797821045,nan,nan,nan,nan,nan,nan,0.00823499280300353,0.008235203792875172,0.00867764955370887,0.007533498474624563,0.00867764955370887,0.008936698121254139
341.1228919029236,-0.4000000059604645,4.02400016784668,4.053999900817871,4.051000118255615,4.056000232696533,4.057000160217285,4.060999870300293,nan,nan,nan,nan,nan,nan,0.00823499280300353,0.008235203792875172,0.00867764955370887,0.007533498474624563,0.00867764955370887,0.008936698121254139
341.3036050796509,-0.4099999964237213,4.02400016784668,4.053999900817871,4.051000118255615,4.056000232696533,4.057000160217285,4.060999870300293,nan,nan,nan,nan,nan,nan,0.00823499280300353,0.008235203792875172,0.00867764955370887,0.007533498474624563,0.00867764955370887,0.008936698121254139
341.46365547180176,-0.4000000059604645,4.0229997634887695,4.053999900817871,4.051000118255615,4.056000232696533,4.057000160217285,4.060999870300293,nan,nan,nan,nan,nan,nan,0.00823499280300353,0.008235203792875172,0.00867764955370887,0.007533498474624563,0.00867764955370887,0.008936698121254139
341.64186358451843,-0.41999998688697815,4.0229997634887695,4.053999900817871,4.051000118255615,4.056000232696533,4.056000232696533,4.060999870300293,nan,nan,nan,nan,nan,nan,0.00823499280300353,0.008235203792875172,0.00867764955370887,0.007533498474624563,0.00867764955370887,0.008936698121254139
341.80271792411804,-0.4000000059604645,4.02400016784668,4.053999900817871,4.051000118255615,4.056000232696533,4.057000160217285,4.060999870300293,nan,nan,nan,nan,nan,nan,0.00823499280300353,0.008235203792875172,0.00867764955370887,0.007533498474624563,0.00867764955370887,0.008936698121254139
341.9819128513336,-0.4099999964237213,4.02400016784668,4.053999900817871,4.051000118255615,4.056000232696533,4.057000160217285,4.060999870300293,nan,nan,nan,nan,nan,nan,0.00823499280300353,0.008235203792875172,0.00867764955370887,0.007533498474624563,0.00867764955370887,0.008936698121254139
342.162132024765,-0.4099999964237213,4.02400016784668,4.053999900817871,4.051000118255615,4.056000232696533,4.057000160217285,4.060999870300293,nan,nan,nan,nan,nan,nan,0.00823499280300353,0.008235203792875172,0.00867764955370887,0.007533498474624563,0.00867764955370887,0.008936698121254139
342.3212502002716,-0.4000000059604645,4.02400016784668,4.053999900817871,4.051000118255615,4.056000232696533,4.056000232696533,4.060999870300293,nan,nan,nan,nan,nan,nan,0.00823499280300353,0.008235203792875172,0.00867764955370887,0.007533498474624563,0.00867764955370887,0.008936698121254139
342.5017113685608,-0.4000000059604645,4.02400016784668,4.053999900817871,4.051000118255615,4.056000232696533,4.057000160217285,4.060999870300293,nan,nan,nan,nan,nan,nan,0.00823499280300353,0.008235203792875172,0.00867764955370887,0.007533498474624563,0.00867764955370887,0.008936698121254139
342.66136598587036,-0.4000000059604645,4.02400016784668,4.053999900817871,4.051000118255615,4.056000232696533,4.056000232696533,4.061999797821045,nan,nan,nan,nan,nan,nan,0.00823499280300353,0.008235203792875172,0.00867764955370887,0.007533498474624563,0.00867764955370887,0.008936698121254139
342.84161710739136,-0.4000000059604645,4.02400016784668,4.053999900817871,4.051000118255615,4.056000232696533,4.057000160217285,4.060999870300293,nan,nan,nan,nan,nan,nan,0.00823499280300353,0.008235203792875172,0.00867764955370887,0.007533498474624563,0.00867764955370887,0.008936698121254139
343.023241519928,-0.4000000059604645,4.0229997634887695,4.053999900817871,4.051000118255615,4.056000232696533,4.057000160217285,4.060999870300293,nan,nan,nan,nan,nan,nan,0.00823499280300353,0.008235203792875172,0.00867764955370887,0.007533498474624563,0.00867764955370887,0.008936698121254139
343.1827783584595,-0.4000000059604645,4.02400016784668,4.053999900817871,4.051000118255615,4.056000232696533,4.056000232696533,4.060999870300293,nan,nan,nan,nan,nan,nan,0.00823499280300353,0.008235203792875172,0.00867764955370887,0.007533498474624563,0.00867764955370887,0.008936698121254139
343.36246061325073,-0.4000000059604645,4.02400016784668,4.053999900817871,4.051000118255615,4.056000232696533,4.057000160217285,4.061999797821045,nan,nan,nan,nan,nan,nan,0.00823499280300353,0.008235203792875172,0.00867764955370887,0.007533498474624563,0.00867764955370887,0.008936698121254139
343.5216407775879,-0.4000000059604645,4.0229997634887695,4.053999900817871,4.051000118255615,4.056000232696533,4.056000232696533,4.060999870300293,nan,nan,nan,nan,nan,nan,0.00823499280300353,0.008235203792875172,0.00867764955370887,0.007533498474624563,0.00867764955370887,0.008936698121254139
343.70192670822144,-0.4000000059604645,4.02400016784668,4.053999900817871,4.051000118255615,4.056000232696533,4.057000160217285,4.060999870300293,nan,nan,nan,nan,nan,nan,0.00823499280300353,0.008235203792875172,0.00867764955370887,0.007533498474624563,0.00867764955370887,0.008936698121254139
343.8807044029236,-0.4099999964237213,4.02400016784668,4.053999900817871,4.051000118255615,4.056000232696533,4.057000160217285,4.060999870300293,nan,nan,nan,nan,nan,nan,0.00823499280300353,0.008235203792875172,0.00867764955370887,0.007533498474624563,0.00867764955370887,0.008936698121254139
344.04211258888245,-0.4099999964237213,4.02400016784668,4.053999900817871,4.051000118255615,4.056000232696533,4.057000160217285,4.060999870300293,nan,nan,nan,nan,nan,nan,0.00823499280300353,0.008235203792875172,0.00867764955370887,0.007533498474624563,0.00867764955370887,0.008936698121254139
344.22211599349976,-0.41999998688697815,4.0229997634887695,4.053999900817871,4.051000118255615,4.056000232696533,4.056000232696533,4.060999870300293,nan,nan,nan,nan,nan,nan,0.00823499280300353,0.008235203792875172,0.00867764955370887,0.007533498474624563,0.00867764955370887,0.008936698121254139
344.4036614894867,-0.4000000059604645,4.0229997634887695,4.053999900817871,4.051000118255615,4.056000232696533,4.057000160217285,4.060999870300293,nan,nan,nan,nan,nan,nan,0.00823499280300353,0.008235203792875172,0.00867764955370887,0.007533498474624563,0.00867764955370887,0.008936698121254139
344.56432580947876,-0.4000000059604645,4.02400016784668,4.053999900817871,4.051000118255615,4.056000232696533,4.056000232696533,4.060999870300293,nan,nan,nan,nan,nan,nan,0.00823499280300353,0.008235203792875172,0.00867764955370887,0.007533498474624563,0.00867764955370887,0.008936698121254139
344.74182534217834,-0.4000000059604645,4.0229997634887695,4.053999900817871,4.051000118255615,4.056000232696533,4.056000232696533,4.060999870300293,nan,nan,nan,nan,nan,nan,0.00823499280300353,0.008235203792875172,0.00867764955370887,0.007533498474624563,0.00867764955370887,0.008936698121254139
344.90233278274536,-0.4099999964237213,4.0229997634887695,4.053999900817871,4.051000118255615,4.056000232696533,4.057000160217285,4.060999870300293,nan,nan,nan,nan,nan,nan,0.00823499280300353,0.008235203792875172,0.00867764955370887,0.007533498474624563,0.00867764955370887,0.008936698121254139
345.0822174549103,-0.4000000059604645,4.02400016784668,4.053999900817871,4.051000118255615,4.056000232696533,4.057000160217285,4.060999870300293,nan,nan,nan,nan,nan,nan,0.00823499280300353,0.008235203792875172,0.00867764955370887,0.007533498474624563,0.00867764955370887,0.008936698121254139
345.26298356056213,-2.430000066757202,4.01800012588501,4.048999786376953,4.046000003814697,4.051000118255615,4.052000045776367,4.056000232696533,0.0029556856068836844,0.0024631104882605354,0.0024631104882605354,0.0024631104882605354,0.0024631104882605354,0.002462875593115746,0.006344957162484151,0.006098880593044219,0.006541326353877916,0.005656223842338879,0.006541326353877916,0.006541208906305521
345.4220128059387,-0.9200000166893005,4.0229997634887695,4.053999900817871,4.050000190734863,4.056000232696533,4.056000232696533,4.060999870300293,0.003311018170850353,0.0033113339570373683,0.0026491303228672975,0.0033113339570373683,0.0026491303228672975,0.003311018170850353,0.0031333518888670185,0.002887222222648952,0.0025561204055639165,0.002887222222648952,0.0025561204055639165,0.0028869468819830496
345.602157831192,-0.9599999785423279,4.021999835968018,4.052000045776367,4.048999786376953,4.052999973297119,4.053999900817871,4.059000015258789,nan,nan,nan,nan,nan,nan,0.0031333518888670185,0.002887222222648952,0.0025561204055639165,0.002887222222648952,0.0025561204055639165,0.0028869468819830496
345.76182079315186,-1.100000023841858,4.020999908447266,4.052999973297119,4.047999858856201,4.053999900817871,4.054999828338623,4.059000015258789,nan,nan,nan,nan,nan,nan,0.0031333518888670185,0.002887222222648952,0.0025561204055639165,0.002887222222648952,0.0025561204055639165,0.0028869468819830496
345.94205594062805,-1.1399999856948853,4.021999835968018,4.052000045776367,4.048999786376953,4.052999973297119,4.053999900817871,4.059000015258789,nan,nan,nan,nan,nan,nan,0.0031333518888670185,0.002887222222648952,0.0025561204055639165,0.002887222222648952,0.0025561204055639165,0.0028869468819830496
346.12095880508423,-0.8899999856948853,4.020999908447266,4.052000045776367,4.047999858856201,4.053999900817871,4.053999900817871,4.059000015258789,nan,nan,nan,nan,nan,nan,0.0031333518888670185,0.002887222222648952,0.0025561204055639165,0.002887222222648952,0.0025561204055639165,0.0028869468819830496
346.2819948196411,-0.9100000262260437,4.020999908447266,4.052000045776367,4.047999858856201,4.053999900817871,4.054999828338623,4.059000015258789,nan,nan,nan,nan,nan,nan,0.0031333518888670185,0.002887222222648952,0.0025561204055639165,0.002887222222648952,0.0025561204055639165,0.0028869468819830496
346.46085357666016,-1.059999942779541,4.020999908447266,4.052000045776367,4.047999858856201,4.053999900817871,4.053999900817871,4.058000087738037,nan,nan,nan,nan,nan,nan,0.0031333518888670185,0.002887222222648952,0.0025561204055639165,0.002887222222648952,0.0025561204055639165,0.0028869468819830496
346.6219232082367,-1.0099999904632568,4.020999908447266,4.052000045776367,4.047999858856201,4.052999973297119,4.053999900817871,4.058000087738037,nan,nan,nan,nan,nan,nan,0.0031333518888670185,0.002887222222648952,0.0025561204055639165,0.002887222222648952,0.0025561204055639165,0.0028869468819830496
346.80204033851624,-0.9800000190734863,4.020999908447266,4.051000118255615,4.048999786376953,4.053999900817871,4.053999900817871,4.058000087738037,nan,nan,nan,nan,nan,nan,0.0031333518888670185,0.002887222222648952,0.0025561204055639165,0.002887222222648952,0.0025561204055639165,0.0028869468819830496
346.98156213760376,-1.2000000476837158,4.020999908447266,4.052000045776367,4.047999858856201,4.053999900817871,4.052999973297119,4.059000015258789,nan,nan,nan,nan,nan,nan,0.0031333518888670185,0.002887222222648952,0.0025561204055639165,0.002887222222648952,0.0025561204055639165,0.0028869468819830496
347.140775680542,-0.9200000166893005,4.020999908447266,4.051000118255615,4.047999858856201,4.052999973297119,4.053999900817871,4.058000087738037,nan,nan,nan,nan,nan,nan,0.0031333518888670185,0.002887222222648952,0.0025561204055639165,0.002887222222648952,0.0025561204055639165,0.0028869468819830496
347.3210299015045,-0.38999998569488525,4.0229997634887695,4.053999900817871,4.050000190734863,4.054999828338623,4.056000232696533,4.060999870300293,nan,nan,nan,nan,nan,nan,0.0031333518888670185,0.002887222222648952,0.0025561204055639165,0.002887222222648952,0.0025561204055639165,0.0028869468819830496
347.50106167793274,-0.4099999964237213,4.0229997634887695,4.053999900817871,4.050000190734863,4.054999828338623,4.056000232696533,4.059999942779541,nan,nan,nan,nan,nan,nan,0.0031333518888670185,0.002887222222648952,0.0025561204055639165,0.002887222222648952,0.0025561204055639165,0.0028869468819830496
347.6607162952423,-0.38999998569488525,4.0229997634887695,4.053999900817871,4.050000190734863,4.054999828338623,4.056000232696533,4.059999942779541,nan,nan,nan,nan,nan,nan,0.0031333518888670185,0.002887222222648952,0.0025561204055639165,0.002887222222648952,0.0025561204055639165,0.0028869468819830496
347.8410725593567,-0.41999998688697815,4.0229997634887695,4.052999973297119,4.050000190734863,4.054999828338623,4.056000232696533,4.060999870300293,nan,nan,nan,nan,nan,nan,0.0031333518888670185,0.002887222222648952,0.0025561204055639165,0.002887222222648952,0.0025561204055639165,0.0028869468819830496
348.0019941329956,-0.38999998569488525,4.0229997634887695,4.053999900817871,4.050000190734863,4.054999828338623,4.056000232696533,4.060999870300293,nan,nan,nan,nan,nan,nan,0.0031333518888670185,0.002887222222648952,0.0025561204055639165,0.002887222222648952,0.0025561204055639165,0.0028869468819830496
348.18087792396545,-0.41999998688697815,4.0229997634887695,4.053999900817871,4.050000190734863,4.054999828338623,4.056000232696533,4.060999870300293,nan,nan,nan,nan,nan,nan,0.0031333518888670185,0.002887222222648952,0.0025561204055639165,0.002887222222648952,0.0025561204055639165,0.0028869468819830496
348.36154437065125,-0.4000000059604645,4.0229997634887695,4.053999900817871,4.050000190734863,4.056000232696533,4.056000232696533,4.060999870300293,nan,nan,nan,nan,nan,nan,0.0031333518888670185,0.002887222222648952,0.0025561204055639165,0.002887222222648952,0.0025561204055639165,0.0028869468819830496
348.52080368995667,-0.4000000059604645,4.0229997634887695,4.053999900817871,4.050000190734863,4.056000232696533,4.056000232696533,4.060999870300293,nan,nan,nan,nan,nan,nan,0.0031333518888670185,0.002887222222648952,0.0025561204055639165,0.002887222222648952,0.0025561204055639165,0.0028869468819830496
348.7023675441742,-0.4000000059604645,4.0229997634887695,4.053999900817871,4.050000190734863,4.054999828338623,4.056000232696533,4.060999870300293,nan,nan,nan,nan,nan,nan,0.0031333518888670185,0.002887222222648952,0.0025561204055639165,0.002887222222648952,0.0025561204055639165,0.0028869468819830496
348.86167645454407,-0.4099999964237213,4.0229997634887695,4.053999900817871,4.050000190734863,4.054999828338623,4.056000232696533,4.060999870300293,nan,nan,nan,nan,nan,nan,0.0031333518888670185,0.002887222222648952,0.0025561204055639165,0.002887222222648952,0.0025561204055639165,0.0028869468819830496
349.0421030521393,-0.4000000059604645,4.0229997634887695,4.053999900817871,4.050000190734863,4.056000232696533,4.056000232696533,4.060999870300293,nan,nan,nan,nan,nan,nan,0.0031333518888670185,0.002887222222648952,0.0025561204055639165,0.002887222222648952,0.0025561204055639165,0.0028869468819830496
349.22218680381775,-0.4099999964237213,4.0229997634887695,4.053999900817871,4.050000190734863,4.054999828338623,4.056000232696533,4.060999870300293,nan,nan,nan,nan,nan,nan,0.0031333518888670185,0.002887222222648952,0.0025561204055639165,0.002887222222648952,0.0025561204055639165,0.0028869468819830496
349.38211965560913,-0.4000000059604645,4.0229997634887695,4.053999900817871,4.050000190734863,4.056000232696533,4.056000232696533,4.060999870300293,nan,nan,nan,nan,nan,nan,0.0031333518888670185,0.002887222222648952,0.0025561204055639165,0.002887222222648952,0.0025561204055639165,0.0028869468819830496
349.56189584732056,-0.4000000059604645,4.0229997634887695,4.053999900817871,4.050000190734863,4.056000232696533,4.056000232696533,4.060999870300293,nan,nan,nan,nan,nan,nan,0.0031333518888670185,0.002887222222648952,0.0025561204055639165,0.002887222222648952,0.0025561204055639165,0.0028869468819830496
349.72157979011536,-0.4099999964237213,4.0229997634887695,4.053999900817871,4.050000190734863,4.054999828338623,4.056000232696533,4.060999870300293,nan,nan,nan,nan,nan,nan,0.0031333518888670185,0.002887222222648952,0.0025561204055639165,0.002887222222648952,0.0025561204055639165,0.0028869468819830496
349.9017150402069,-0.38999998569488525,4.0229997634887695,4.053999900817871,4.050000190734863,4.054999828338623,4.056000232696533,4.060999870300293,nan,nan,nan,nan,nan,nan,0.0031333518888670185,0.002887222222648952,0.0025561204055639165,0.002887222222648952,0.0025561204055639165,0.0028869468819830496
350.0821952819824,-0.4000000059604645,4.0229997634887695,4.053999900817871,4.050000190734863,4.056000232696533,4.056000232696533,4.060999870300293,nan,nan,nan,nan,nan,nan,0.0031333518888670185,0.002887222222648952,0.0025561204055639165,0.002887222222648952,0.0025561204055639165,0.0028869468819830496
350.2426874637604,-0.4000000059604645,4.0229997634887695,4.053999900817871,4.050000190734863,4.056000232696533,4.056000232696533,4.060999870300293,nan,nan,nan,nan,nan,nan,0.0031333518888670185,0.002887222222648952,0.0025561204055639165,0.002887222222648952,0.0025561204055639165,0.0028869468819830496
350.4230926036835,-0.38999998569488525,4.0229997634887695,4.053999900817871,4.050000190734863,4.056000232696533,4.056000232696533,4.060999870300293,nan,nan,nan,nan,nan,nan,0.0031333518888670185,0.002887222222648952,0.0025561204055639165,0.002887222222648952,0.0025561204055639165,0.0028869468819830496
350.60199332237244,-0.38999998569488525,4.0229997634887695,4.053999900817871,4.050000190734863,4.056000232696533,4.056000232696533,4.060999870300293,nan,nan,nan,nan,nan,nan,0.0031333518888670185,0.002887222222648952,0.0025561204055639165,0.002887222222648952,0.0025561204055639165,0.0028869468819830496
350.76245880126953,-0.4099999964237213,4.0229997634887695,4.053999900817871,4.050000190734863,4.056000232696533,4.056000232696533,4.060999870300293,nan,nan,nan,nan,nan,nan,0.0031333518888670185,0.002887222222648952,0.0025561204055639165,0.002887222222648952,0.0025561204055639165,0.0028869468819830496
350.9428675174713,-0.38999998569488525,4.0229997634887695,4.053999900817871,4.050000190734863,4.056000232696533,4.056000232696533,4.060999870300293,nan,nan,nan,nan,nan,nan,0.0031333518888670185,0.002887222222648952,0.0025561204055639165,0.002887222222648952,0.0025561204055639165,0.0028869468819830496
351.1008229255676,-0.4000000059604645,4.0229997634887695,4.053999900817871,4.050000190734863,4.056000232696533,4.056000232696533,4.060999870300293,nan,nan,nan,nan,nan,nan,0.0031333518888670185,0.002887222222648952,0.0025561204055639165,0.002887222222648952,0.0025561204055639165,0.0028869468819830496
351.2813415527344,-0.4000000059604645,4.0229997634887695,4.053999900817871,4.050000190734863,4.056000232696533,4.056000232696533,4.060999870300293,nan,nan,nan,nan,nan,nan,0.0031333518888670185,0.002887222222648952,0.0025561204055639165,0.002887222222648952,0.0025561204055639165,0.0028869468819830496
351.4615879058838,-0.4000000059604645,4.0229997634887695,4.053999900817871,4.050000190734863,4.056000232696533,4.056000232696533,4.060999870300293,nan,nan,nan,nan,nan,nan,0.0031333518888670185,0.002887222222648952,0.0025561204055639165,0.002887222222648952,0.0025561204055639165,0.0028869468819830496
351.62098956108093,-0.4000000059604645,4.0229997634887695,4.053999900817871,4.050000190734863,4.054999828338623,4.056000232696533,4.060999870300293,nan,nan,nan,nan,nan,nan,0.0031333518888670185,0.002887222222648952,0.0025561204055639165,0.002887222222648952,0.0025561204055639165,0.0028869468819830496
351.8014018535614,-0.4000000059604645,4.0229997634887695,4.053999900817871,4.050000190734863,4.056000232696533,4.056000232696533,4.060999870300293,nan,nan,nan,nan,nan,nan,0.0031333518888670185,0.002887222222648952,0.0025561204055639165,0.002887222222648952,0.0025561204055639165,0.0028869468819830496
351.9620563983917,-0.4000000059604645,4.0229997634887695,4.053999900817871,4.050000190734863,4.056000232696533,4.056000232696533,4.060999870300293,nan,nan,nan,nan,nan,nan,0.0031333518888670185,0.002887222222648952,0.0025561204055639165,0.002887222222648952,0.0025561204055639165,0.0028869468819830496
352.14096903800964,-0.4000000059604645,4.0229997634887695,4.053999900817871,4.050000190734863,4.056000232696533,4.056000232696533,4.060999870300293,nan,nan,nan,nan,nan,nan,0.0031333518888670185,0.002887222222648952,0.0025561204055639165,0.002887222222648952,0.0025561204055639165,0.0028869468819830496
352.3224034309387,-0.4099999964237213,4.0229997634887695,4.053999900817871,4.050000190734863,4.054999828338623,4.056000232696533,4.060999870300293,nan,nan,nan,nan,nan,nan,0.0031333518888670185,0.002887222222648952,0.0025561204055639165,0.002887222222648952,0.0025561204055639165,0.0028869468819830496
352.4814567565918,-0.4000000059604645,4.0229997634887695,4.053999900817871,4.050000190734863,4.056000232696533,4.056000232696533,4.060999870300293,nan,nan,nan,nan,nan,nan,0.0031333518888670185,0.002887222222648952,0.0025561204055639165,0.002887222222648952,0.0025561204055639165,0.0028869468819830496
352.66201734542847,-0.4000000059604645,4.0229997634887695,4.053999900817871,4.050000190734863,4.056000232696533,4.056000232696533,4.060999870300293,nan,nan,nan,nan,nan,nan,0.0031333518888670185,0.002887222222648952,0.0025561204055639165,0.002887222222648952,0.0025561204055639165,0.0028869468819830496
352.82268738746643,-0.4099999964237213,4.0229997634887695,4.053999900817871,4.050000190734863,4.056000232696533,4.056000232696533,4.060999870300293,nan,nan,nan,nan,nan,nan,0.0031333518888670185,0.002887222222648952,0.0025561204055639165,0.002887222222648952,0.0025561204055639165,0.0028869468819830496
353.001802444458,-0.4000000059604645,4.0229997634887695,4.053999900817871,4.050000190734863,4.056000232696533,4.056000232696533,4.060999870300293,nan,nan,nan,nan,nan,nan,0.0031333518888670185,0.002887222222648952,0.0025561204055639165,0.002887222222648952,0.0025561204055639165,0.0028869468819830496
353.18223762512207,-0.4000000059604645,4.0229997634887695,4.053999900817871,4.050000190734863,4.056000232696533,4.056000232696533,4.060999870300293,nan,nan,nan,nan,nan,nan,0.0031333518888670185,0.002887222222648952,0.0025561204055639165,0.002887222222648952,0.0025561204055639165,0.0028869468819830496
353.3417057991028,-0.4000000059604645,4.0229997634887695,4.053999900817871,4.050000190734863,4.056000232696533,4.056000232696533,4.060999870300293,nan,nan,nan,nan,nan,nan,0.0031333518888670185,0.002887222222648952,0.0025561204055639165,0.002887222222648952,0.0025561204055639165,0.0028869468819830496
353.5219523906708,-0.4000000059604645,4.0229997634887695,4.053999900817871,4.050000190734863,4.056000232696533,4.056000232696533,4.060999870300293,nan,nan,nan,nan,nan,nan,0.0031333518888670185,0.002887222222648952,0.0025561204055639165,0.002887222222648952,0.0025561204055639165,0.0028869468819830496
353.70200848579407,-0.38999998569488525,4.0229997634887695,4.053999900817871,4.050000190734863,4.056000232696533,4.056000232696533,4.060999870300293,nan,nan,nan,nan,nan,nan,0.0031333518888670185,0.002887222222648952,0.0025561204055639165,0.002887222222648952,0.0025561204055639165,0.0028869468819830496
353.86175322532654,-1.5099999904632568,4.0229997634887695,4.053999900817871,4.050000190734863,4.056000232696533,4.056000232696533,4.060999870300293,nan,nan,nan,nan,nan,nan,0.0031333518888670185,0.002887222222648952,0.0025561204055639165,0.002887222222648952,0.0025561204055639165,0.0028869468819830496
354.0419545173645,-0.3499999940395355,4.017000198364258,4.047999858856201,4.044000148773193,4.050000190734863,4.050000190734863,4.054999828338623,0.005172038916386527,0.005172449982903487,0.005172449982903487,0.005172449982903487,0.005172449982903487,0.005172449982903487,0.00424152854361844,0.004241891969970428,0.003910790152885393,0.004241891969970428,0.003910790152885393,0.00424173407687692
354.20165252685547,-1.1299999952316284,4.019999980926514,4.052000045776367,4.048999786376953,4.053999900817871,4.053999900817871,4.059000015258789,nan,0.005128444761605683,0.0064097917898957675,nan,nan,0.005128444761605683,0.00424152854361844,0.0051504473722545855,0.005791120886399628,0.004241891969970428,0.003910790152885393,0.0051504473722545855
354.38204050064087,-1.1100000143051147,4.020999908447266,4.051000118255615,4.047999858856201,4.052999973297119,4.053999900817871,4.059000015258789,nan,nan,nan,nan,nan,nan,0.00424152854361844,0.0051504473722545855,0.005791120886399628,0.004241891969970428,0.003910790152885393,0.0051504473722545855
354.5608048439026,-1.2799999713897705,4.019999980926514,4.052000045776367,4.047999858856201,4.053999900817871,4.053999900817871,4.059000015258789,nan,nan,nan,nan,nan,nan,0.00424152854361844,0.0051504473722545855,0.005791120886399628,0.004241891969970428,0.003910790152885393,0.0051504473722545855
354.7218871116638,-1.1399999856948853,4.020999908447266,4.051000118255615,4.048999786376953,4.052999973297119,4.053999900817871,4.058000087738037,nan,nan,nan,nan,nan,nan,0.00424152854361844,0.0051504473722545855,0.005791120886399628,0.004241891969970428,0.003910790152885393,0.0051504473722545855
354.90213561058044,-1.1399999856948853,4.020999908447266,4.051000118255615,4.047999858856201,4.052999973297119,4.053999900817871,4.059000015258789,nan,nan,nan,nan,nan,nan,0.00424152854361844,0.0051504473722545855,0.005791120886399628,0.004241891969970428,0.003910790152885393,0.0051504473722545855
355.08087706565857,-1.2300000190734863,4.019999980926514,4.051000118255615,4.047999858856201,4.052999973297119,4.053999900817871,4.059000015258789,nan,nan,nan,nan,nan,nan,0.00424152854361844,0.0051504473722545855,0.005791120886399628,0.004241891969970428,0.003910790152885393,0.0051504473722545855
355.24193930625916,-1.350000023841858,4.020999908447266,4.051000118255615,4.046999931335449,4.052999973297119,4.052999973297119,4.059000015258789,nan,nan,nan,nan,nan,nan,0.00424152854361844,0.0051504473722545855,0.005791120886399628,0.004241891969970428,0.003910790152885393,0.0051504473722545855
355.42244362831116,-0.8700000047683716,4.019999980926514,4.051000118255615,4.047999858856201,4.052999973297119,4.053999900817871,4.058000087738037,nan,nan,nan,nan,nan,nan,0.00424152854361844,0.0051504473722545855,0.005791120886399628,0.004241891969970428,0.003910790152885393,0.0051504473722545855
355.5818090438843,-1.1799999475479126,4.019999980926514,4.051000118255615,4.047999858856201,4.052999973297119,4.053999900817871,4.059000015258789,nan,nan,nan,nan,nan,nan,0.00424152854361844,0.0051504473722545855,0.005791120886399628,0.004241891969970428,0.003910790152885393,0.0051504473722545855
355.76218938827515,-1.1399999856948853,4.019999980926514,4.051000118255615,4.047999858856201,4.052999973297119,4.053999900817871,4.059000015258789,nan,nan,nan,nan,nan,nan,0.00424152854361844,0.0051504473722545855,0.005791120886399628,0.004241891969970428,0.003910790152885393,0.0051504473722545855
355.9421315193176,-0.4000000059604645,4.021999835968018,4.052999973297119,4.050000190734863,4.054999828338623,4.054999828338623,4.059999942779541,nan,nan,nan,nan,nan,nan,0.00424152854361844,0.0051504473722545855,0.005791120886399628,0.004241891969970428,0.003910790152885393,0.0051504473722545855
356.1019620895386,-0.4099999964237213,4.021999835968018,4.052999973297119,4.048999786376953,4.054999828338623,4.054999828338623,4.059999942779541,nan,nan,nan,nan,nan,nan,0.00424152854361844,0.0051504473722545855,0.005791120886399628,0.004241891969970428,0.003910790152885393,0.0051504473722545855
356.2839012145996,-0.4099999964237213,4.021999835968018,4.052999973297119,4.048999786376953,4.054999828338623,4.054999828338623,4.059999942779541,nan,nan,nan,nan,nan,nan,0.00424152854361844,0.0051504473722545855,0.005791120886399628,0.004241891969970428,0.003910790152885393,0.0051504473722545855
356.44314217567444,-0.4000000059604645,4.021999835968018,4.053999900817871,4.048999786376953,4.054999828338623,4.056000232696533,4.060999870300293,nan,nan,nan,nan,nan,nan,0.00424152854361844,0.0051504473722545855,0.005791120886399628,0.004241891969970428,0.003910790152885393,0.0051504473722545855
356.6222884654999,-0.38999998569488525,4.021999835968018,4.052999973297119,4.048999786376953,4.054999828338623,4.054999828338623,4.059999942779541,nan,nan,nan,nan,nan,nan,0.00424152854361844,0.0051504473722545855,0.005791120886399628,0.004241891969970428,0.003910790152885393,0.0051504473722545855
356.80377435684204,-0.4000000059604645,4.021999835968018,4.052999973297119,4.050000190734863,4.054999828338623,4.054999828338623,4.059999942779541,nan,nan,nan,nan,nan,nan,0.00424152854361844,0.0051504473722545855,0.005791120886399628,0.004241891969970428,0.003910790152885393,0.0051504473722545855
356.9633193016052,-0.4000000059604645,4.021999835968018,4.052999973297119,4.050000190734863,4.054999828338623,4.054999828338623,4.059999942779541,nan,nan,nan,nan,nan,nan,0.00424152854361844,0.0051504473722545855,0.005791120886399628,0.004241891969970428,0.003910790152885393,0.0051504473722545855
357.1429581642151,-0.4000000059604645,4.021999835968018,4.052999973297119,4.050000190734863,4.054999828338623,4.056000232696533,4.059999942779541,nan,nan,nan,nan,nan,nan,0.00424152854361844,0.0051504473722545855,0.005791120886399628,0.004241891969970428,0.003910790152885393,0.0051504473722545855
357.30337595939636,-0.4000000059604645,4.021999835968018,4.052999973297119,4.050000190734863,4.054999828338623,4.054999828338623,4.059999942779541,nan,nan,nan,nan,nan,nan,0.00424152854361844,0.0051504473722545855,0.005791120886399628,0.004241891969970428,0.003910790152885393,0.0051504473722545855
357.48189759254456,-0.41999998688697815,4.021999835968018,4.052999973297119,4.050000190734863,4.054999828338623,4.054999828338623,4.059999942779541,nan,nan,nan,nan,nan,nan,0.00424152854361844,0.0051504473722545855,0.005791120886399628,0.004241891969970428,0.003910790152885393,0.0051504473722545855
357.6628746986389,-0.4000000059604645,4.021999835968018,4.052999973297119,4.050000190734863,4.054999828338623,4.054999828338623,4.060999870300293,nan,nan,nan,nan,nan,nan,0.00424152854361844,0.0051504473722545855,0.005791120886399628,0.004241891969970428,0.003910790152885393,0.0051504473722545855
357.8250024318695,-0.4000000059604645,4.021999835968018,4.052999973297119,4.050000190734863,4.054999828338623,4.054999828338623,4.059999942779541,nan,nan,nan,nan,nan,nan,0.00424152854361844,0.0051504473722545855,0.005791120886399628,0.004241891969970428,0.003910790152885393,0.0051504473722545855
358.0035481452942,-0.3799999952316284,4.021999835968018,4.052999973297119,4.048999786376953,4.054999828338623,4.056000232696533,4.059999942779541,nan,nan,nan,nan,nan,nan,0.00424152854361844,0.0051504473722545855,0.005791120886399628,0.004241891969970428,0.003910790152885393,0.0051504473722545855
358.16440987586975,-0.4000000059604645,4.021999835968018,4.052999973297119,4.050000190734863,4.054999828338623,4.054999828338623,4.059999942779541,nan,nan,nan,nan,nan,nan,0.00424152854361844,0.0051504473722545855,0.005791120886399628,0.004241891969970428,0.003910790152885393,0.0051504473722545855
358.34310245513916,-0.4000000059604645,4.021999835968018,4.052999973297119,4.050000190734863,4.054999828338623,4.054999828338623,4.059999942779541,nan,nan,nan,nan,nan,nan,0.00424152854361844,0.0051504473722545855,0.005791120886399628,0.004241891969970428,0.003910790152885393,0.0051504473722545855
358.5214252471924,-0.4000000059604645,4.021999835968018,4.052999973297119,4.050000190734863,4.054999828338623,4.054999828338623,4.059999942779541,nan,nan,nan,nan,nan,nan,0.00424152854361844,0.0051504473722545855,0.005791120886399628,0.004241891969970428,0.003910790152885393,0.0051504473722545855
358.6810550689697,-0.4000000059604645,4.021999835968018,4.052999973297119,4.050000190734863,4.054999828338623,4.056000232696533,4.059999942779541,nan,nan,nan,nan,nan,nan,0.00424152854361844,0.0051504473722545855,0.005791120886399628,0.004241891969970428,0.003910790152885393,0.0051504473722545855
358.86127829551697,-0.4099999964237213,4.021999835968018,4.052999973297119,4.050000190734863,4.054999828338623,4.054999828338623,4.059999942779541,nan,nan,nan,nan,nan,nan,0.00424152854361844,0.0051504473722545855,0.005791120886399628,0.004241891969970428,0.003910790152885393,0.0051504473722545855
359.0429313182831,-0.4000000059604645,4.0229997634887695,4.052999973297119,4.050000190734863,4.054999828338623,4.054999828338623,4.060999870300293,nan,nan,nan,nan,nan,nan,0.00424152854361844,0.0051504473722545855,0.005791120886399628,0.004241891969970428,0.003910790152885393,0.0051504473722545855
359.20253324508667,-0.4000000059604645,4.021999835968018,4.053999900817871,4.050000190734863,4.054999828338623,4.054999828338623,4.059999942779541,nan,nan,nan,nan,nan,nan,0.00424152854361844,0.0051504473722545855,0.005791120886399628,0.004241891969970428,0.003910790152885393,0.0051504473722545855
359.38129591941833,-0.4000000059604645,4.021999835968018,4.052999973297119,4.048999786376953,4.054999828338623,4.056000232696533,4.059999942779541,nan,nan,nan,nan,nan,nan,0.00424152854361844,0.0051504473722545855,0.005791120886399628,0.004241891969970428,0.003910790152885393,0.0051504473722545855
359.541930437088,-0.4099999964237213,4.021999835968018,4.052999973297119,4.050000190734863,4.054999828338623,4.056000232696533,4.060999870300293,nan,nan,nan,nan,nan,nan,0.00424152854361844,0.0051504473722545855,0.005791120886399628,0.004241891969970428,0.003910790152885393,0.0051504473722545855
359.72097754478455,-0.38999998569488525,4.021999835968018,4.052999973297119,4.050000190734863,4.054999828338623,4.054999828338623,4.060999870300293,nan,nan,nan,nan,nan,nan,0.00424152854361844,0.0051504473722545855,0.005791120886399628,0.004241891969970428,0.003910790152885393,0.0051504473722545855
359.90289282798767,-0.4000000059604645,4.021999835968018,4.053999900817871,4.050000190734863,4.054999828338623,4.056000232696533,4.059999942779541,nan,nan,nan,nan,nan,nan,0.00424152854361844,0.0051504473722545855,0.005791120886399628,0.004241891969970428,0.003910790152885393,0.0051504473722545855
360.06197595596313,-0.4000000059604645,4.021999835968018,4.053999900817871,4.050000190734863,4.054999828338623,4.056000232696533,4.060999870300293,nan,nan,nan,nan,nan,nan,0.00424152854361844,0.0051504473722545855,0.005791120886399628,0.004241891969970428,0.003910790152885393,0.0051504473722545855
360.2411940097809,-0.4000000059604645,4.021999835968018,4.052999973297119,4.050000190734863,4.054999828338623,4.056000232696533,4.059999942779541,nan,nan,nan,nan,nan,nan,0.00424152854361844,0.0051504473722545855,0.005791120886399628,0.004241891969970428,0.003910790152885393,0.0051504473722545855
360.4020335674286,-0.38999998569488525,4.021999835968018,4.053999900817871,4.050000190734863,4.054999828338623,4.056000232696533,4.059999942779541,nan,nan,nan,nan,nan,nan,0.00424152854361844,0.0051504473722545855,0.005791120886399628,0.004241891969970428,0.003910790152885393,0.0051504473722545855
360.58186507225037,-0.4000000059604645,4.021999835968018,4.052999973297119,4.050000190734863,4.054999828338623,4.056000232696533,4.060999870300293,nan,nan,nan,nan,nan,nan,0.00424152854361844,0.0051504473722545855,0.005791120886399628,0.004241891969970428,0.003910790152885393,0.0051504473722545855
360.7618191242218,-0.4000000059604645,4.021999835968018,4.052999973297119,4.050000190734863,4.054999828338623,4.056000232696533,4.060999870300293,nan,nan,nan,nan,nan,nan,0.00424152854361844,0.0051504473722545855,0.005791120886399628,0.004241891969970428,0.003910790152885393,0.0051504473722545855
360.92131996154785,-0.4000000059604645,4.021999835968018,4.052999973297119,4.050000190734863,4.054999828338623,4.056000232696533,4.059999942779541,nan,nan,nan,nan,nan,nan,0.00424152854361844,0.0051504473722545855,0.005791120886399628,0.004241891969970428,0.003910790152885393,0.0051504473722545855
361.1017234325409,-0.4000000059604645,4.0229997634887695,4.052999973297119,4.050000190734863,4.054999828338623,4.056000232696533,4.059999942779541,nan,nan,nan,nan,nan,nan,0.00424152854361844,0.0051504473722545855,0.005791120886399628,0.004241891969970428,0.003910790152885393,0.0051504473722545855
361.2819983959198,-0.4000000059604645,4.0229997634887695,4.052999973297119,4.050000190734863,4.054999828338623,4.054999828338623,4.059999942779541,nan,nan,nan,nan,nan,nan,0.00424152854361844,0.0051504473722545855,0.005791120886399628,0.004241891969970428,0.003910790152885393,0.0051504473722545855
361.44132828712463,-0.4000000059604645,4.021999835968018,4.052999973297119,4.050000190734863,4.054999828338623,4.056000232696533,4.060999870300293,nan,nan,nan,nan,nan,nan,0.00424152854361844,0.0051504473722545855,0.005791120886399628,0.004241891969970428,0.003910790152885393,0.0051504473722545855
361.62156414985657,-0.4000000059604645,4.021999835968018,4.052999973297119,4.050000190734863,4.054999828338623,4.056000232696533,4.060999870300293,nan,nan,nan,nan,nan,nan,0.00424152854361844,0.0051504473722545855,0.005791120886399628,0.004241891969970428,0.003910790152885393,0.0051504473722545855
361.7811462879181,-0.4099999964237213,4.0229997634887695,4.053999900817871,4.050000190734863,4.054999828338623,4.054999828338623,4.060999870300293,nan,nan,nan,nan,nan,nan,0.00424152854361844,0.0051504473722545855,0.005791120886399628,0.004241891969970428,0.003910790152885393,0.0051504473722545855
361.96149611473083,-0.4000000059604645,4.021999835968018,4.053999900817871,4.048999786376953,4.054999828338623,4.056000232696533,4.059999942779541,nan,nan,nan,nan,nan,nan,0.00424152854361844,0.0051504473722545855,0.005791120886399628,0.004241891969970428,0.003910790152885393,0.0051504473722545855
362.1421649456024,-0.38999998569488525,4.0229997634887695,4.052999973297119,4.050000190734863,4.054999828338623,4.056000232696533,4.059999942779541,nan,nan,nan,nan,nan,nan,0.00424152854361844,0.0051504473722545855,0.005791120886399628,0.004241891969970428,0.003910790152885393,0.0051504473722545855
362.3012764453888,-0.4099999964237213,4.021999835968018,4.053999900817871,4.050000190734863,4.054999828338623,4.054999828338623,4.060999870300293,nan,nan,nan,nan,nan,nan,0.00424152854361844,0.0051504473722545855,0.005791120886399628,0.004241891969970428,0.003910790152885393,0.0051504473722545855
362.4820258617401,-0.4099999964237213,4.021999835968018,4.052999973297119,4.050000190734863,4.054999828338623,4.056000232696533,4.059999942779541,nan,nan,nan,nan,nan,nan,0.00424152854361844,0.0051504473722545855,0.005791120886399628,0.004241891969970428,0.003910790152885393,0.0051504473722545855
362.6408350467682,-0.4000000059604645,4.021999835968018,4.052999973297119,4.050000190734863,4.054999828338623,4.054999828338623,4.059999942779541,nan,nan,nan,nan,nan,nan,0.00424152854361844,0.0051504473722545855,0.005791120886399628,0.004241891969970428,0.003910790152885393,0.0051504473722545855
362.8213405609131,-0.4000000059604645,4.021999835968018,4.052999973297119,4.050000190734863,4.054999828338623,4.054999828338623,4.060999870300293,nan,nan,nan,nan,nan,nan,0.00424152854361844,0.0051504473722545855,0.005791120886399628,0.004241891969970428,0.003910790152885393,0.0051504473722545855
363.00272154808044,-0.38999998569488525,4.021999835968018,4.053999900817871,4.050000190734863,4.054999828338623,4.054999828338623,4.060999870300293,nan,nan,nan,nan,nan,nan,0.00424152854361844,0.0051504473722545855,0.005791120886399628,0.004241891969970428,0.003910790152885393,0.0051504473722545855
363.1622543334961,-0.4000000059604645,4.021999835968018,4.052999973297119,4.050000190734863,4.054999828338623,4.056000232696533,4.060999870300293,nan,nan,nan,nan,nan,nan,0.00424152854361844,0.0051504473722545855,0.005791120886399628,0.004241891969970428,0.003910790152885393,0.0051504473722545855
363.3408794403076,-0.4000000059604645,4.021999835968018,4.053999900817871,4.050000190734863,4.054999828338623,4.056000232696533,4.060999870300293,nan,nan,nan,nan,nan,nan,0.00424152854361844,0.0051504473722545855,0.005791120886399628,0.004241891969970428,0.003910790152885393,0.0051504473722545855
363.50157594680786,-0.41999998688697815,4.0229997634887695,4.053999900817871,4.050000190734863,4.054999828338623,4.054999828338623,4.059999942779541,nan,nan,nan,nan,nan,nan,0.00424152854361844,0.0051504473722545855,0.005791120886399628,0.004241891969970428,0.003910790152885393,0.0051504473722545855
363.6819579601288,-0.4000000059604645,4.021999835968018,4.053999900817871,4.050000190734863,4.054999828338623,4.056000232696533,4.059999942779541,nan,nan,nan,nan,nan,nan,0.00424152854361844,0.0051504473722545855,0.005791120886399628,0.004241891969970428,0.003910790152885393,0.0051504473722545855
363.8622581958771,-0.4000000059604645,4.021999835968018,4.053999900817871,4.050000190734863,4.054999828338623,4.056000232696533,4.059999942779541,nan,nan,nan,nan,nan,nan,0.00424152854361844,0.0051504473722545855,0.005791120886399628,0.004241891969970428,0.003910790152885393,0.0051504473722545855
364.0214293003082,-0.41999998688697815,4.0229997634887695,4.053999900817871,4.050000190734863,4.054999828338623,4.054999828338623,4.060999870300293,nan,nan,nan,nan,nan,nan,0.00424152854361844,0.0051504473722545855,0.005791120886399628,0.004241891969970428,0.003910790152885393,0.0051504473722545855
364.2033443450928,-0.4000000059604645,4.021999835968018,4.053999900817871,4.050000190734863,4.054999828338623,4.056000232696533,4.060999870300293,nan,nan,nan,nan,nan,nan,0.00424152854361844,0.0051504473722545855,0.005791120886399628,0.004241891969970428,0.003910790152885393,0.0051504473722545855
364.3609082698822,-0.4000000059604645,4.021999835968018,4.052999973297119,4.050000190734863,4.054999828338623,4.054999828338623,4.059999942779541,nan,nan,nan,nan,nan,nan,0.00424152854361844,0.0051504473722545855,0.005791120886399628,0.004241891969970428,0.003910790152885393,0.0051504473722545855
