Time (s),Current (A),Voltage_Cell1 (V),Voltage_Cell2 (V),Voltage_Cell3 (V),Voltage_Cell4 (V),Voltage_Cell5 (V),Voltage_Cell6 (V),Resistance_Cell1 (Ohm),Resistance_Cell2 (Ohm),Resistance_Cell3 (Ohm),Resistance_Cell4 (Ohm),Resistance_Cell5 (Ohm),Resistance_Cell6 (Ohm)
0.0,-0.4099999964237213,4.0370001792907715,4.063000202178955,4.059999942779541,4.064000129699707,4.065000057220459,4.067999839782715,nan,nan,nan,nan,nan,nan
0.15952610969543457,-0.4000000059604645,4.035999774932861,4.063000202178955,4.060999870300293,4.064000129699707,4.065000057220459,4.067999839782715,0.10004053119710082,0.0,0.09999284743580573,0.0,0.0,0.0
0.3400700092315674,-0.4000000059604645,4.035999774932861,4.063000202178955,4.060999870300293,4.064000129699707,4.065000057220459,4.067999839782715,nan,nan,nan,nan,nan,nan
0.4996182918548584,-0.4000000059604645,4.0370001792907715,4.063000202178955,4.059999942779541,4.064000129699707,4.065000057220459,4.067999839782715,nan,nan,nan,nan,nan,nan
0.6798288822174072,-0.4000000059604645,4.035999774932861,4.063000202178955,4.060999870300293,4.064000129699707,4.065000057220459,4.067999839782715,nan,nan,nan,nan,nan,nan
0.8606767654418945,-0.4000000059604645,4.035999774932861,4.063000202178955,4.060999870300293,4.064000129699707,4.065000057220459,4.067999839782715,nan,nan,nan,nan,nan,nan
1.0199651718139648,-0.41999998688697815,4.0370001792907715,4.063000202178955,4.060999870300293,4.064000129699707,4.065000057220459,4.067999839782715,0.05002026559855041,0.0,0.0,0.0,0.0,0.0
1.2001676559448242,-0.41999998688697815,4.0370001792907715,4.063000202178955,4.060999870300293,4.064000129699707,4.065000057220459,4.067999839782715,nan,nan,nan,nan,nan,nan
1.3596930503845215,-0.4000000059604645,4.035999774932861,4.063000202178955,4.059999942779541,4.064000129699707,4.065000057220459,4.067999839782715,0.05002026559855041,0.0,0.04999642371790287,0.0,0.0,0.0
1.5403776168823242,-0.38999998569488525,4.035999774932861,4.063000202178955,4.060999870300293,4.064000129699707,4.065000057220459,4.067999839782715,0.0,0.0,0.09999254943450207,0.0,0.0,0.0
1.7206830978393555,-0.4000000059604645,4.035999774932861,4.063000202178955,4.059999942779541,4.064000129699707,4.065000057220459,4.067999839782715,0.0,0.0,0.09999254943450207,0.0,0.0,0.0
1.8833715915679932,-0.4000000059604645,4.0370001792907715,4.063000202178955,4.060999870300293,4.064000129699707,4.065000057220459,4.067999839782715,nan,nan,nan,nan,nan,nan
2.0603156089782715,-0.4000000059604645,4.035999774932861,4.063000202178955,4.059999942779541,4.064000129699707,4.065000057220459,4.067999839782715,nan,nan,nan,nan,nan,nan
2.2393248081207275,-0.4099999964237213,4.035999774932861,4.063000202178955,4.060999870300293,4.064000129699707,4.065000057220459,4.067999839782715,0.0,0.0,0.09999284743580573,0.0,0.0,0.0
2.400618076324463,-0.4000000059604645,4.035999774932861,4.063000202178955,4.059999942779541,4.064000129699707,4.065000057220459,4.067999839782715,0.0,0.0,0.09999284743580573,0.0,0.0,0.0
2.579702138900757,-0.4099999964237213,4.035999774932861,4.063000202178955,4.059999942779541,4.064000129699707,4.065000057220459,4.067999839782715,0.0,0.0,0.0,0.0,0.0,0.0
2.740426540374756,-0.41999998688697815,4.035999774932861,4.063000202178955,4.059999942779541,4.064000129699707,4.065000057220459,4.067999839782715,0.0,0.0,0.0,0.0,0.0,0.0
2.9193215370178223,-0.4000000059604645,4.035999774932861,4.063000202178955,4.060999870300293,4.064000129699707,4.065000057220459,4.067999839782715,0.0,0.0,0.04999642371790287,0.0,0.0,0.0
3.0999057292938232,-0.4000000059604645,4.035999774932861,4.063000202178955,4.059999942779541,4.064000129699707,4.065000057220459,4.067999839782715,nan,nan,nan,nan,nan,nan
3.2594058513641357,-0.38999998569488525,4.035999774932861,4.063000202178955,4.059999942779541,4.064000129699707,4.065000057220459,4.067999839782715,0.0,0.0,0.0,0.0,0.0,0.0
3.4400289058685303,-0.4099999964237213,4.035999774932861,4.063000202178955,4.060999870300293,4.064000129699707,4.065000057220459,4.067999839782715,0.0,0.0,0.04999634921746594,0.0,0.0,0.0
3.621457099914551,-0.4000000059604645,4.035999774932861,4.063000202178955,4.060999870300293,4.064000129699707,4.065000057220459,4.067999839782715,0.0,0.0,0.0,0.0,0.0,0.0
3.7796032428741455,-0.4000000059604645,4.035999774932861,4.063000202178955,4.059999942779541,4.064000129699707,4.065000057220459,4.067999839782715,nan,nan,nan,nan,nan,nan
3.959818124771118,-0.4000000059604645,4.035999774932861,4.063000202178955,4.059999942779541,4.064000129699707,4.065000057220459,4.067999839782715,nan,nan,nan,nan,nan,nan
4.122662544250488,-0.4000000059604645,4.035999774932861,4.063000202178955,4.060999870300293,4.064000129699707,4.065000057220459,4.067999839782715,nan,nan,nan,nan,nan,nan
4.299269676208496,-0.3799999952316284,4.035999774932861,4.063000202178955,4.060999870300293,4.064000129699707,4.065000057220459,4.067999839782715,0.0,0.0,0.0,0.0,0.0,0.0
4.479879140853882,-0.4000000059604645,4.035999774932861,4.063000202178955,4.060999870300293,4.064000129699707,4.065000057220459,4.067999839782715,0.0,0.0,0.0,0.0,0.0,0.0
4.6392176151275635,-0.4000000059604645,4.035999774932861,4.063000202178955,4.060999870300293,4.064000129699707,4.065000057220459,4.067999839782715,nan,nan,nan,nan,nan,nan
4.819840431213379,-0.4000000059604645,4.035999774932861,4.063000202178955,4.059999942779541,4.064000129699707,4.065000057220459,4.067999839782715,nan,nan,nan,nan,nan,nan
4.979396104812622,-0.4000000059604645,4.035999774932861,4.063000202178955,4.060999870300293,4.064000129699707,4.065000057220459,4.067999839782715,nan,nan,nan,nan,nan,nan
5.159890651702881,-0.4000000059604645,4.035999774932861,4.063000202178955,4.059999942779541,4.064000129699707,4.065000057220459,4.067999839782715,nan,nan,nan,nan,nan,nan
5.340179681777954,-0.4000000059604645,4.035999774932861,4.063000202178955,4.059999942779541,4.064000129699707,4.065000057220459,4.067999839782715,nan,nan,nan,nan,nan,nan
5.499670505523682,-0.4099999964237213,4.035999774932861,4.063000202178955,4.059999942779541,4.064000129699707,4.065000057220459,4.067999839782715,0.0,0.0,0.0,0.0,0.0,0.0
5.681612014770508,-0.4000000059604645,4.035999774932861,4.063000202178955,4.060999870300293,4.064000129699707,4.065000057220459,4.067999839782715,0.0,0.0,0.09999284743580573,0.0,0.0,0.0
5.860108137130737,-0.4000000059604645,4.035999774932861,4.063000202178955,4.060999870300293,4.064000129699707,4.065000057220459,4.067999839782715,nan,nan,nan,nan,nan,nan
6.019705533981323,-0.4000000059604645,4.035999774932861,4.063000202178955,4.060999870300293,4.064000129699707,4.065000057220459,4.067999839782715,nan,nan,nan,nan,nan,nan
6.200272560119629,-0.4000000059604645,4.035999774932861,4.063000202178955,4.059999942779541,4.064000129699707,4.065000057220459,4.067999839782715,nan,nan,nan,nan,nan,nan
6.359826564788818,-0.4000000059604645,4.035999774932861,4.063000202178955,4.059999942779541,4.064000129699707,4.065000057220459,4.067999839782715,nan,nan,nan,nan,nan,nan
6.541849136352539,-0.38999998569488525,4.035999774932861,4.063000202178955,4.059999942779541,4.064000129699707,4.065000057220459,4.067999839782715,0.0,0.0,0.0,0.0,0.0,0.0
6.72054386138916,-0.4000000059604645,4.035999774932861,4.063000202178955,4.060999870300293,4.064000129699707,4.065000057220459,4.067999839782715,0.0,0.0,0.09999254943450207,0.0,0.0,0.0
6.880145311355591,-0.4000000059604645,4.035999774932861,4.063000202178955,4.059999942779541,4.064000129699707,4.065000057220459,4.067999839782715,nan,nan,nan,nan,nan,nan
7.060649394989014,-0.38999998569488525,4.035999774932861,4.063000202178955,4.059999942779541,4.064000129699707,4.065000057220459,4.067999839782715,0.0,0.0,0.0,0.0,0.0,0.0
7.220055103302002,-0.4000000059604645,4.035999774932861,4.063000202178955,4.059999942779541,4.064000129699707,4.065000057220459,4.067999839782715,0.0,0.0,0.0,0.0,0.0,0.0
7.400654077529907,-0.4099999964237213,4.035999774932861,4.063000202178955,4.059999942779541,4.064000129699707,4.065000057220459,4.067999839782715,0.0,0.0,0.0,0.0,0.0,0.0
7.5793352127075195,-0.4000000059604645,4.035999774932861,4.063000202178955,4.059999942779541,4.064000129699707,4.065000057220459,4.067999839782715,0.0,0.0,0.0,0.0,0.0,0.0
7.74041748046875,-0.4000000059604645,4.035999774932861,4.063000202178955,4.059999942779541,4.064000129699707,4.065000057220459,4.067999839782715,nan,nan,nan,nan,nan,nan
7.920631647109985,-0.4000000059604645,4.035999774932861,4.063000202178955,4.059999942779541,4.064000129699707,4.065000057220459,4.067999839782715,nan,nan,nan,nan,nan,nan
8.09924840927124,-0.4000000059604645,4.035999774932861,4.063000202178955,4.059999942779541,4.064000129699707,4.064000129699707,4.067999839782715,nan,nan,nan,nan,nan,nan
8.260933876037598,-0.4099999964237213,4.035999774932861,4.063000202178955,4.059999942779541,4.064000129699707,4.065000057220459,4.067999839782715,0.0,0.0,0.0,0.0,0.09999284743580573,0.0
8.440672159194946,-0.4099999964237213,4.035999774932861,4.063000202178955,4.060999870300293,4.064000129699707,4.065000057220459,4.067999839782715,nan,nan,nan,nan,nan,nan
8.600094318389893,-0.4000000059604645,4.035999774932861,4.063000202178955,4.059999942779541,4.064000129699707,4.065000057220459,4.067999839782715,0.0,0.0,0.09999284743580573,0.0,0.0,0.0
8.780630111694336,-0.38999998569488525,4.035999774932861,4.063000202178955,4.060999870300293,4.064000129699707,4.065000057220459,4.067999839782715,0.0,0.0,0.09999254943450207,0.0,0.0,0.0
8.960489511489868,-0.4000000059604645,4.035999774932861,4.063000202178955,4.059999942779541,4.064000129699707,4.065000057220459,4.067999839782715,0.0,0.0,0.09999254943450207,0.0,0.0,0.0
9.119980096817017,-0.3700000047683716,4.035999774932861,4.063000202178955,4.060999870300293,4.064000129699707,4.065000057220459,4.067999839782715,0.0,0.0,0.033330916033946834,0.0,0.0,0.0
9.299982786178589,-0.4000000059604645,4.035999774932861,4.063000202178955,4.059999942779541,4.064000129699707,4.065000057220459,4.067999839782715,0.0,0.0,0.033330916033946834,0.0,0.0,0.0
9.459676742553711,-0.4000000059604645,4.035999774932861,4.061999797821045,4.060999870300293,4.064000129699707,4.065000057220459,4.067999839782715,nan,nan,nan,nan,nan,nan
9.640102863311768,-0.4000000059604645,4.035999774932861,4.063000202178955,4.060999870300293,4.064000129699707,4.064000129699707,4.067999839782715,nan,nan,nan,nan,nan,nan
9.81919550895691,-0.4000000059604645,4.035999774932861,4.063000202178955,4.060999870300293,4.064000129699707,4.065000057220459,4.067999839782715,nan,nan,nan,nan,nan,nan
9.980433225631714,-0.4000000059604645,4.035999774932861,4.063000202178955,4.059999942779541,4.064000129699707,4.064000129699707,4.067999839782715,nan,nan,nan,nan,nan,nan
10.159191608428955,-0.4000000059604645,4.035999774932861,4.063000202178955,4.059999942779541,4.064000129699707,4.065000057220459,4.067999839782715,nan,nan,nan,nan,nan,nan
10.339553356170654,-0.4000000059604645,4.035999774932861,4.063000202178955,4.060999870300293,4.064000129699707,4.065000057220459,4.067999839782715,nan,nan,nan,nan,nan,nan
10.49929404258728,-0.4000000059604645,4.035999774932861,4.061999797821045,4.059999942779541,4.064000129699707,4.065000057220459,4.067999839782715,nan,nan,nan,nan,nan,nan
10.67964220046997,-0.4000000059604645,4.035999774932861,4.063000202178955,4.059999942779541,4.064000129699707,4.065000057220459,4.067999839782715,nan,nan,nan,nan,nan,nan
10.840578317642212,-0.4099999964237213,4.035999774932861,4.063000202178955,4.059999942779541,4.064000129699707,4.064000129699707,4.067999839782715,0.0,0.0,0.0,0.0,0.09999284743580573,0.0
11.019447803497314,-0.4099999964237213,4.035999774932861,4.063000202178955,4.059999942779541,4.064000129699707,4.065000057220459,4.067999839782715,nan,nan,nan,nan,nan,nan
11.201353073120117,-0.4000000059604645,4.035999774932861,4.063000202178955,4.059999942779541,4.064000129699707,4.065000057220459,4.067999839782715,0.0,0.0,0.0,0.0,0.0,0.0
11.359147310256958,-0.41999998688697815,4.035999774932861,4.063000202178955,4.059999942779541,4.064000129699707,4.065000057220459,4.067999839782715,0.0,0.0,0.0,0.0,0.0,0.0
11.539902210235596,-0.4000000059604645,4.035999774932861,4.063000202178955,4.059999942779541,4.064000129699707,4.065000057220459,4.067999839782715,0.0,0.0,0.0,0.0,0.0,0.0
11.719892740249634,-0.4000000059604645,4.035999774932861,4.063000202178955,4.059999942779541,4.064000129699707,4.065000057220459,4.067999839782715,nan,nan,nan,nan,nan,nan
11.87946081161499,-0.4099999964237213,4.035999774932861,4.063000202178955,4.059999942779541,4.064000129699707,4.065000057220459,4.067999839782715,0.0,0.0,0.0,0.0,0.0,0.0
12.059830665588379,-0.4000000059604645,4.035999774932861,4.063000202178955,4.059999942779541,4.064000129699707,4.065000057220459,4.067999839782715,0.0,0.0,0.0,0.0,0.0,0.0
12.219231367111206,-0.4000000059604645,4.035999774932861,4.063000202178955,4.059999942779541,4.064000129699707,4.065000057220459,4.067999839782715,nan,nan,nan,nan,nan,nan
12.39973521232605,-0.4000000059604645,4.035999774932861,4.063000202178955,4.059999942779541,4.064000129699707,4.065000057220459,4.067999839782715,nan,nan,nan,nan,nan,nan
12.5800302028656,-0.4000000059604645,4.035999774932861,4.063000202178955,4.059999942779541,4.064000129699707,4.064000129699707,4.067999839782715,nan,nan,nan,nan,nan,nan
12.739684820175171,-0.4000000059604645,4.035999774932861,4.063000202178955,4.059999942779541,4.064000129699707,4.065000057220459,4.067999839782715,nan,nan,nan,nan,nan,nan
12.920068979263306,-0.4000000059604645,4.035999774932861,4.063000202178955,4.059999942779541,4.064000129699707,4.064000129699707,4.067999839782715,nan,nan,nan,nan,nan,nan
13.081101417541504,-0.4000000059604645,4.035999774932861,4.063000202178955,4.059999942779541,4.064000129699707,4.065000057220459,4.067999839782715,nan,nan,nan,nan,nan,nan
13.259782791137695,-0.38999998569488525,4.035999774932861,4.063000202178955,4.059999942779541,4.064000129699707,4.065000057220459,4.067999839782715,0.0,0.0,0.0,0.0,0.0,0.0
13.439815759658813,-0.41999998688697815,4.035999774932861,4.063000202178955,4.059999942779541,4.064000129699707,4.064000129699707,4.067999839782715,0.0,0.0,0.0,0.0,0.033330916033946834,0.0
13.59940218925476,-0.41999998688697815,4.035999774932861,4.063000202178955,4.059999942779541,4.064000129699707,4.065000057220459,4.067999839782715,nan,nan,nan,nan,nan,nan
13.781346559524536,-0.4000000059604645,4.035999774932861,4.063000202178955,4.059999942779541,4.064000129699707,4.064000129699707,4.067999839782715,0.0,0.0,0.0,0.0,0.04999642371790287,0.0
13.959856986999512,-0.4000000059604645,4.035999774932861,4.063000202178955,4.059999942779541,4.064000129699707,4.065000057220459,4.067999839782715,nan,nan,nan,nan,nan,nan
14.119509220123291,-0.4099999964237213,4.035999774932861,4.063000202178955,4.059999942779541,4.064000129699707,4.064000129699707,4.067999839782715,0.0,0.0,0.0,0.0,0.09999284743580573,0.0
14.299991846084595,-0.38999998569488525,4.035999774932861,4.063000202178955,4.059999942779541,4.064000129699707,4.065000057220459,4.067999839782715,0.0,0.0,0.0,0.0,0.04999634921746594,0.0
14.459601402282715,-0.4000000059604645,4.035999774932861,4.063000202178955,4.059999942779541,4.064000129699707,4.065000057220459,4.067999839782715,0.0,0.0,0.0,0.0,0.0,0.0
14.639878988265991,-0.4000000059604645,4.035999774932861,4.063000202178955,4.059999942779541,4.064000129699707,4.064000129699707,4.067999839782715,nan,nan,nan,nan,nan,nan
14.820152521133423,-0.4000000059604645,4.035999774932861,4.061999797821045,4.059999942779541,4.064000129699707,4.065000057220459,4.067999839782715,nan,nan,nan,nan,nan,nan
14.979909896850586,-0.4000000059604645,4.035999774932861,4.061999797821045,4.059999942779541,4.064000129699707,4.064000129699707,4.067999839782715,nan,nan,nan,nan,nan,nan
15.160246849060059,-0.4099999964237213,4.035999774932861,4.061999797821045,4.059999942779541,4.064000129699707,4.065000057220459,4.067999839782715,0.0,0.0,0.0,0.0,0.09999284743580573,0.0
15.319658994674683,-0.4000000059604645,4.035999774932861,4.063000202178955,4.059999942779541,4.064000129699707,4.065000057220459,4.067999839782715,0.0,0.10004053119710082,0.0,0.0,0.0,0.0
15.500208854675293,-0.4000000059604645,4.035999774932861,4.063000202178955,4.059999942779541,4.064000129699707,4.065000057220459,4.067999839782715,nan,nan,nan,nan,nan,nan
15.681941747665405,-0.38999998569488525,4.035999774932861,4.063000202178955,4.059999942779541,4.064000129699707,4.065000057220459,4.067999839782715,0.0,0.0,0.0,0.0,0.0,0.0
15.840211153030396,-0.4000000059604645,4.035999774932861,4.063000202178955,4.059999942779541,4.064000129699707,4.065000057220459,4.067999839782715,0.0,0.0,0.0,0.0,0.0,0.0
16.020631790161133,-0.4000000059604645,4.035999774932861,4.063000202178955,4.060999870300293,4.064000129699707,4.064000129699707,4.067999839782715,nan,nan,nan,nan,nan,nan
16.199265718460083,-0.4099999964237213,4.035999774932861,4.061999797821045,4.059999942779541,4.064000129699707,4.065000057220459,4.067999839782715,0.0,0.10004053119710082,0.09999284743580573,0.0,0.09999284743580573,0.0
16.36041760444641,-0.38999998569488525,4.035999774932861,4.063000202178955,4.059999942779541,4.064000129699707,4.064000129699707,4.067999839782715,0.0,0.05002019106258633,0.0,0.0,0.04999634921746594,0.0
16.53916025161743,-0.4000000059604645,4.035999774932861,4.061999797821045,4.059999942779541,4.064000129699707,4.064000129699707,4.067999839782715,0.0,0.10004023305368878,0.0,0.0,0.0,0.0
16.70043659210205,-0.4000000059604645,4.035999774932861,4.063000202178955,4.059999942779541,4.064000129699707,4.065000057220459,4.067999839782715,nan,nan,nan,nan,nan,nan
16.880605936050415,-0.38999998569488525,4.035999774932861,4.061999797821045,4.059999942779541,4.064000129699707,4.065000057220459,4.067999839782715,0.0,0.10004023305368878,0.0,0.0,0.0,0.0
17.059221506118774,-0.4099999964237213,4.035999774932861,4.063000202178955,4.059999942779541,4.064000129699707,4.064000129699707,4.067999839782715,0.0,0.05002019106258633,0.0,0.0,0.04999634921746594,0.0
17.22214984893799,-0.4000000059604645,4.035999774932861,4.061999797821045,4.059999942779541,4.064000129699707,4.065000057220459,4.067999839782715,0.0,0.10004053119710082,0.0,0.0,0.09999284743580573,0.0
17.399417638778687,-0.4000000059604645,4.035999774932861,4.063000202178955,4.059999942779541,4.064000129699707,4.065000057220459,4.067999839782715,nan,nan,nan,nan,nan,nan
17.579484224319458,-0.4000000059604645,4.035999774932861,4.061999797821045,4.059999942779541,4.064000129699707,4.064000129699707,4.067999839782715,nan,nan,nan,nan,nan,nan
17.738901615142822,-0.38999998569488525,4.035999774932861,4.063000202178955,4.059999942779541,4.064000129699707,4.064000129699707,4.067999839782715,0.0,0.10004023305368878,0.0,0.0,0.0,0.0
17.919363975524902,-0.4000000059604645,4.035999774932861,4.063000202178955,4.059999942779541,4.064000129699707,4.065000057220459,4.067999839782715,0.0,0.0,0.0,0.0,0.09999254943450207,0.0
18.08042621612549,-0.4300000071525574,4.035999774932861,4.063000202178955,4.059999942779541,4.064000129699707,4.065000057220459,4.067999839782715,0.0,0.0,0.0,0.0,0.0,0.0
18.259397506713867,-0.4000000059604645,4.035999774932861,4.063000202178955,4.059999942779541,4.064000129699707,4.065000057220459,4.067999839782715,0.0,0.0,0.0,0.0,0.0,0.0
18.439509391784668,-0.4000000059604645,4.035999774932861,4.061999797821045,4.059999942779541,4.064000129699707,4.065000057220459,4.067999839782715,nan,nan,nan,nan,nan,nan
18.599260330200195,-0.4000000059604645,4.035999774932861,4.063000202178955,4.059999942779541,4.064000129699707,4.064000129699707,4.067999839782715,nan,nan,nan,nan,nan,nan
18.77976942062378,-0.4000000059604645,4.035999774932861,4.063000202178955,4.059999942779541,4.064000129699707,4.064000129699707,4.067999839782715,nan,nan,nan,nan,nan,nan
18.939368724822998,-0.38999998569488525,4.035999774932861,4.063000202178955,4.059999942779541,4.063000202178955,4.065000057220459,4.067999839782715,0.0,0.0,0.0,0.09999254943450207,0.09999254943450207,0.0
19.11994457244873,-0.4000000059604645,4.035999774932861,4.063000202178955,4.059999942779541,4.064000129699707,4.064000129699707,4.067999839782715,0.0,0.0,0.0,0.09999254943450207,0.09999254943450207,0.0
19.300185441970825,-0.4000000059604645,4.035999774932861,4.061999797821045,4.059999942779541,4.064000129699707,4.064000129699707,4.067999839782715,nan,nan,nan,nan,nan,nan
19.45949673652649,-0.4099999964237213,4.035999774932861,4.063000202178955,4.059999942779541,4.064000129699707,4.065000057220459,4.067999839782715,0.0,0.10004053119710082,0.0,0.0,0.09999284743580573,0.0
19.639896392822266,-0.4000000059604645,4.035999774932861,4.063000202178955,4.059999942779541,4.064000129699707,4.064000129699707,4.067999839782715,0.0,0.0,0.0,0.0,0.09999284743580573,0.0
19.81988835334778,-0.4000000059604645,4.035999774932861,4.061999797821045,4.059999942779541,4.064000129699707,4.064000129699707,4.067999839782715,nan,nan,nan,nan,nan,nan
19.980819940567017,-0.4000000059604645,4.035999774932861,4.061999797821045,4.059999942779541,4.064000129699707,4.064000129699707,4.067999839782715,nan,nan,nan,nan,nan,nan
20.16265034675598,-0.4099999964237213,4.035999774932861,4.063000202178955,4.059999942779541,4.064000129699707,4.065000057220459,4.067999839782715,0.0,0.10004053119710082,0.0,0.0,0.09999284743580573,0.0
20.320580005645752,-0.4000000059604645,4.035999774932861,4.061999797821045,4.059999942779541,4.064000129699707,4.065000057220459,4.067999839782715,0.0,0.10004053119710082,0.0,0.0,0.0,0.0
20.499448776245117,-0.41999998688697815,4.035999774932861,4.063000202178955,4.059999942779541,4.064000129699707,4.064000129699707,4.067999839782715,0.0,0.05002026559855041,0.0,0.0,0.04999642371790287,0.0
20.6796875,-0.4099999964237213,4.035999774932861,4.061999797821045,4.059999942779541,4.064000129699707,4.064000129699707,4.067999839782715,0.0,0.10004053119710082,0.0,0.0,0.0,0.0
20.839301347732544,-0.4099999964237213,4.035999774932861,4.061999797821045,4.059999942779541,4.063000202178955,4.064000129699707,4.067999839782715,nan,nan,nan,nan,nan,nan
21.019634246826172,-0.4000000059604645,4.035999774932861,4.063000202178955,4.059999942779541,4.064000129699707,4.064000129699707,4.066999912261963,0.0,0.10004053119710082,0.0,0.09999284743580573,0.0,0.09999284743580573
21.17926335334778,-0.4000000059604645,4.035999774932861,4.063000202178955,4.059999942779541,4.064000129699707,4.064000129699707,4.067999839782715,nan,nan,nan,nan,nan,nan
21.3598153591156,-0.4000000059604645,4.035999774932861,4.063000202178955,4.059999942779541,4.063000202178955,4.064000129699707,4.067999839782715,nan,nan,nan,nan,nan,nan
21.54037594795227,-0.4000000059604645,4.035999774932861,4.063000202178955,4.059999942779541,4.064000129699707,4.064000129699707,4.067999839782715,nan,nan,nan,nan,nan,nan
21.69954490661621,-0.3799999952316284,4.035999774932861,4.063000202178955,4.059999942779541,4.064000129699707,4.064000129699707,4.067999839782715,0.0,0.0,0.0,0.0,0.0,0.0
21.880086421966553,-0.4099999964237213,4.035999774932861,4.061999797821045,4.059999942779541,4.064000129699707,4.064000129699707,4.067999839782715,0.0,0.03334681060525534,0.0,0.0,0.0,0.0
22.060314416885376,-0.41999998688697815,4.035999774932861,4.061999797821045,4.059999942779541,4.064000129699707,4.064000129699707,4.066999912261963,0.0,0.0,0.0,0.0,0.0,0.09999284743580573
22.219980478286743,-0.4099999964237213,4.035999774932861,4.063000202178955,4.059999942779541,4.064000129699707,4.065000057220459,4.067999839782715,0.0,0.10004053119710082,0.0,0.0,0.09999284743580573,0.09999284743580573
22.4004123210907,-0.4099999964237213,4.035999774932861,4.063000202178955,4.059999942779541,4.064000129699707,4.064000129699707,4.067999839782715,nan,nan,nan,nan,nan,nan
22.56020712852478,-0.4000000059604645,4.035999774932861,4.061999797821045,4.059999942779541,4.063000202178955,4.064000129699707,4.067999839782715,0.0,0.10004053119710082,0.0,0.09999284743580573,0.0,0.0
22.74028754234314,-0.4099999964237213,4.035999774932861,4.063000202178955,4.059999942779541,4.064000129699707,4.064000129699707,4.067999839782715,0.0,0.10004053119710082,0.0,0.09999284743580573,0.0,0.0
22.920490026474,-0.4000000059604645,4.035999774932861,4.061999797821045,4.059999942779541,4.063000202178955,4.064000129699707,4.067999839782715,0.0,0.10004053119710082,0.0,0.09999284743580573,0.0,0.0
23.079967260360718,-0.4099999964237213,4.035999774932861,4.061999797821045,4.059999942779541,4.064000129699707,4.065000057220459,4.067999839782715,0.0,0.0,0.0,0.09999284743580573,0.09999284743580573,0.0
23.260358810424805,-0.4000000059604645,4.035999774932861,4.063000202178955,4.059999942779541,4.064000129699707,4.064000129699707,4.067999839782715,0.0,0.10004053119710082,0.0,0.0,0.09999284743580573,0.0
23.41966986656189,-0.4099999964237213,4.035999774932861,4.061999797821045,4.059999942779541,4.064000129699707,4.064000129699707,4.067999839782715,0.0,0.10004053119710082,0.0,0.0,0.0,0.0
23.60029411315918,-0.3799999952316284,4.035999774932861,4.063000202178955,4.059999942779541,4.064000129699707,4.064000129699707,4.067999839782715,0.0,0.03334681060525534,0.0,0.0,0.0,0.0
23.780678033828735,-0.4000000059604645,4.035999774932861,4.061999797821045,4.059999942779541,4.063000202178955,4.064000129699707,4.067999839782715,0.0,0.05002019106258633,0.0,0.04999634921746594,0.0,0.0
23.94173502922058,-0.4000000059604645,4.034999847412109,4.063000202178955,4.059999942779541,4.064000129699707,4.064000129699707,4.067999839782715,nan,nan,nan,nan,nan,nan
24.120472192764282,-0.4000000059604645,4.035999774932861,4.063000202178955,4.059999942779541,4.063000202178955,4.064000129699707,4.067999839782715,nan,nan,nan,nan,nan,nan
24.299359560012817,-0.4099999964237213,4.035999774932861,4.061999797821045,4.059999942779541,4.064000129699707,4.064000129699707,4.066999912261963,0.0,0.10004053119710082,0.0,0.09999284743580573,0.0,0.09999284743580573
24.460771799087524,-0.4000000059604645,4.035999774932861,4.063000202178955,4.059999942779541,4.063000202178955,4.064000129699707,4.067999839782715,0.0,0.10004053119710082,0.0,0.09999284743580573,0.0,0.09999284743580573
24.639421224594116,-0.4000000059604645,4.035999774932861,4.061999797821045,4.059999942779541,4.064000129699707,4.064000129699707,4.067999839782715,nan,nan,nan,nan,nan,nan
24.80038857460022,-0.4000000059604645,4.035999774932861,4.061999797821045,4.059999942779541,4.064000129699707,4.065000057220459,4.067999839782715,nan,nan,nan,nan,nan,nan
24.979276657104492,-0.4000000059604645,4.035999774932861,4.063000202178955,4.059999942779541,4.064000129699707,4.064000129699707,4.067999839782715,nan,nan,nan,nan,nan,nan
25.15973687171936,-0.38999998569488525,4.035999774932861,4.061999797821045,4.059999942779541,4.064000129699707,4.065000057220459,4.067999839782715,0.0,0.10004023305368878,0.0,0.0,0.09999254943450207,0.0
25.320672750473022,-0.4000000059604645,4.035999774932861,4.061999797821045,4.059999942779541,4.064000129699707,4.064000129699707,4.067999839782715,0.0,0.0,0.0,0.0,0.09999254943450207,0.0
25.499337911605835,-0.38999998569488525,4.035999774932861,4.063000202178955,4.059999942779541,4.063000202178955,4.064000129699707,4.066999912261963,0.0,0.10004023305368878,0.0,0.09999254943450207,0.0,0.09999254943450207
25.679620027542114,-0.3799999952316284,4.035999774932861,4.061999797821045,4.059999942779541,4.063000202178955,4.064000129699707,4.067999839782715,0.0,0.10004053119710082,0.0,0.0,0.0,0.09999284743580573
25.84096336364746,-0.4000000059604645,4.035999774932861,4.061999797821045,4.059999942779541,4.063000202178955,4.064000129699707,4.067999839782715,0.0,0.0,0.0,0.0,0.0,0.0
26.019781351089478,-0.4000000059604645,4.034999847412109,4.061999797821045,4.059999942779541,4.064000129699707,4.064000129699707,4.067999839782715,nan,nan,nan,nan,nan,nan
26.17916440963745,-0.4000000059604645,4.034999847412109,4.063000202178955,4.059999942779541,4.064000129699707,4.064000129699707,4.067999839782715,nan,nan,nan,nan,nan,nan
26.35953712463379,-0.38999998569488525,4.035999774932861,4.063000202178955,4.059999942779541,4.064000129699707,4.064000129699707,4.067999839782715,0.09999254943450207,0.0,0.0,0.0,0.0,0.0
26.539790868759155,-0.4000000059604645,4.035999774932861,4.061999797821045,4.059999942779541,4.063000202178955,4.064000129699707,4.066999912261963,0.0,0.10004023305368878,0.0,0.09999254943450207,0.0,0.09999254943450207
26.70037078857422,-0.4099999964237213,4.035999774932861,4.061999797821045,4.059999942779541,4.064000129699707,4.064000129699707,4.067999839782715,0.0,0.0,0.0,0.09999284743580573,0.0,0.09999284743580573
26.879292011260986,-0.38999998569488525,4.035999774932861,4.061999797821045,4.059999942779541,4.063000202178955,4.064000129699707,4.067999839782715,0.0,0.0,0.0,0.04999634921746594,0.0,0.0
27.04032301902771,-0.4000000059604645,4.035999774932861,4.061999797821045,4.059999942779541,4.064000129699707,4.064000129699707,4.066999912261963,0.0,0.0,0.0,0.09999254943450207,0.0,0.09999254943450207
27.219334840774536,-0.4000000059604645,4.035999774932861,4.063000202178955,4.059999942779541,4.064000129699707,4.065000057220459,4.067999839782715,nan,nan,nan,nan,nan,nan
27.39976453781128,-0.4000000059604645,4.035999774932861,4.061999797821045,4.059999942779541,4.064000129699707,4.064000129699707,4.067999839782715,nan,nan,nan,nan,nan,nan
27.56069803237915,-0.4000000059604645,4.034999847412109,4.061999797821045,4.059999942779541,4.064000129699707,4.064000129699707,4.067999839782715,nan,nan,nan,nan,nan,nan
27.74273419380188,-0.4000000059604645,4.035999774932861,4.063000202178955,4.059999942779541,4.063000202178955,4.064000129699707,4.067999839782715,nan,nan,nan,nan,nan,nan
27.921642780303955,-0.4000000059604645,4.034999847412109,4.061999797821045,4.059999942779541,4.064000129699707,4.064000129699707,4.067999839782715,nan,nan,nan,nan,nan,nan
28.079166173934937,-0.4000000059604645,4.035999774932861,4.061999797821045,4.059999942779541,4.063000202178955,4.064000129699707,4.067999839782715,nan,nan,nan,nan,nan,nan
28.259913444519043,-0.4000000059604645,4.034999847412109,4.061999797821045,4.059999942779541,4.064000129699707,4.064000129699707,4.067999839782715,nan,nan,nan,nan,nan,nan
28.41922664642334,-0.4000000059604645,4.035999774932861,4.061999797821045,4.059999942779541,4.063000202178955,4.064000129699707,4.067999839782715,nan,nan,nan,nan,nan,nan
28.599684238433838,-0.4000000059604645,4.034999847412109,4.061999797821045,4.059999942779541,4.064000129699707,4.064000129699707,4.067999839782715,nan,nan,nan,nan,nan,nan
28.779930353164673,-0.4000000059604645,4.034999847412109,4.061999797821045,4.059999942779541,4.063000202178955,4.064000129699707,4.066999912261963,nan,nan,nan,nan,nan,nan
28.93986487388611,-0.4000000059604645,4.035999774932861,4.061999797821045,4.059999942779541,4.063000202178955,4.064000129699707,4.066999912261963,nan,nan,nan,nan,nan,nan
29.12149429321289,-0.4099999964237213,4.034999847412109,4.061999797821045,4.059999942779541,4.064000129699707,4.064000129699707,4.067999839782715,0.09999284743580573,0.0,0.0,0.09999284743580573,0.0,0.09999284743580573
29.27938199043274,-0.38999998569488525,4.034999847412109,4.061999797821045,4.059999942779541,4.064000129699707,4.064000129699707,4.067999839782715,0.0,0.0,0.0,0.0,0.0,0.0
29.45981526374817,-0.4000000059604645,4.034999847412109,4.061999797821045,4.059999942779541,4.064000129699707,4.064000129699707,4.067999839782715,0.0,0.0,0.0,0.0,0.0,0.0
29.640218496322632,-0.4099999964237213,4.035999774932861,4.061999797821045,4.059999942779541,4.063000202178955,4.064000129699707,4.067999839782715,0.09999284743580573,0.0,0.0,0.09999284743580573,0.0,0.0
29.799582481384277,-0.4099999964237213,4.035999774932861,4.061999797821045,4.059999942779541,4.063000202178955,4.065000057220459,4.067999839782715,nan,nan,nan,nan,nan,nan
29.980209589004517,-0.3799999952316284,4.034999847412109,4.061999797821045,4.059999942779541,4.064000129699707,4.064000129699707,4.067999839782715,0.033330916033946834,0.0,0.0,0.033330916033946834,0.033330916033946834,0.0
30.16028332710266,-0.4000000059604645,4.035999774932861,4.063000202178955,4.059999942779541,4.063000202178955,4.064000129699707,4.067999839782715,0.04999634921746594,0.05002019106258633,0.0,0.04999634921746594,0.0,0.0
30.319929838180542,-0.4000000059604645,4.034999847412109,4.061999797821045,4.059999942779541,4.064000129699707,4.064000129699707,4.066999912261963,nan,nan,nan,nan,nan,nan
30.50031280517578,-0.4099999964237213,4.035999774932861,4.063000202178955,4.059999942779541,4.063000202178955,4.064000129699707,4.067999839782715,0.09999284743580573,0.10004053119710082,0.0,0.09999284743580573,0.0,0.09999284743580573
30.659923553466797,-0.4000000059604645,4.034999847412109,4.061999797821045,4.059999942779541,4.063000202178955,4.064000129699707,4.066999912261963,0.09999284743580573,0.10004053119710082,0.0,0.0,0.0,0.09999284743580573
30.841954469680786,-0.4000000059604645,4.035999774932861,4.061999797821045,4.059999942779541,4.063000202178955,4.064000129699707,4.067999839782715,nan,nan,nan,nan,nan,nan
31.020500421524048,-0.4099999964237213,4.035999774932861,4.061999797821045,4.059999942779541,4.063000202178955,4.064000129699707,4.067999839782715,0.0,0.0,0.0,0.0,0.0,0.0
31.179917812347412,-0.4000000059604645,4.034999847412109,4.061999797821045,4.059999942779541,4.063000202178955,4.064000129699707,4.067999839782715,0.09999284743580573,0.0,0.0,0.0,0.0,0.0
31.360006093978882,-0.38999998569488525,4.034999847412109,4.061999797821045,4.059999942779541,4.064000129699707,4.064000129699707,4.067999839782715,0.0,0.0,0.0,0.09999254943450207,0.0,0.0
31.521218299865723,-0.38999998569488525,4.034999847412109,4.061999797821045,4.059999942779541,4.063000202178955,4.064000129699707,4.067999839782715,nan,nan,nan,nan,nan,nan
31.699858903884888,-0.38999998569488525,4.034999847412109,4.061999797821045,4.059999942779541,4.064000129699707,4.064000129699707,4.067999839782715,nan,nan,nan,nan,nan,nan
31.88010859489441,-0.38999998569488525,4.035999774932861,4.061999797821045,4.059999942779541,4.063000202178955,4.064000129699707,4.067999839782715,nan,nan,nan,nan,nan,nan
32.03958010673523,-0.4000000059604645,4.034999847412109,4.061999797821045,4.059999942779541,4.064000129699707,4.064000129699707,4.067999839782715,0.09999254943450207,0.0,0.0,0.09999254943450207,0.0,0.0
32.2202467918396,-0.4099999964237213,4.034999847412109,4.061999797821045,4.059999942779541,4.063000202178955,4.064000129699707,4.067999839782715,0.0,0.0,0.0,0.09999284743580573,0.0,0.0
32.40046286582947,-0.4000000059604645,4.034999847412109,4.061999797821045,4.059999942779541,4.064000129699707,4.064000129699707,4.066999912261963,0.0,0.0,0.0,0.09999284743580573,0.0,0.09999284743580573
32.56011247634888,-0.4099999964237213,4.034999847412109,4.061999797821045,4.059999942779541,4.063000202178955,4.064000129699707,4.066999912261963,0.0,0.0,0.0,0.09999284743580573,0.0,0.0
32.74025201797485,-0.4000000059604645,4.034999847412109,4.063000202178955,4.059999942779541,4.064000129699707,4.064000129699707,4.067999839782715,0.0,0.10004053119710082,0.0,0.09999284743580573,0.0,0.09999284743580573
32.89986205101013,-0.4099999964237213,4.034999847412109,4.061999797821045,4.059999942779541,4.063000202178955,4.064000129699707,4.067999839782715,0.0,0.10004053119710082,0.0,0.09999284743580573,0.0,0.0
33.08043622970581,-0.4000000059604645,4.034999847412109,4.061999797821045,4.059999942779541,4.063000202178955,4.064000129699707,4.066999912261963,0.0,0.0,0.0,0.0,0.0,0.09999284743580573
33.26056981086731,-0.38999998569488525,4.034999847412109,4.061999797821045,4.059999942779541,4.063000202178955,4.064000129699707,4.066999912261963,0.0,0.0,0.0,0.0,0.0,0.0
33.420031785964966,-0.41999998688697815,4.034999847412109,4.061999797821045,4.059999942779541,4.063000202178955,4.064000129699707,4.067999839782715,0.0,0.0,0.0,0.0,0.0,0.033330916033946834
33.600361824035645,-0.4000000059604645,4.034999847412109,4.061999797821045,4.059999942779541,4.063000202178955,4.064000129699707,4.066999912261963,0.0,0.0,0.0,0.0,0.0,0.04999642371790287
33.759787797927856,-0.4000000059604645,4.034999847412109,4.061999797821045,4.059999942779541,4.063000202178955,4.064000129699707,4.067999839782715,nan,nan,nan,nan,nan,nan
33.94047474861145,-0.38999998569488525,4.035999774932861,4.061999797821045,4.059999942779541,4.063000202178955,4.064000129699707,4.067999839782715,0.09999254943450207,0.0,0.0,0.0,0.0,0.0
34.11936283111572,-0.4000000059604645,4.034999847412109,4.061999797821045,4.059999942779541,4.064000129699707,4.064000129699707,4.066999912261963,0.09999254943450207,0.0,0.0,0.09999254943450207,0.0,0.09999254943450207
34.280611515045166,-0.4099999964237213,4.034999847412109,4.061999797821045,4.059999942779541,4.063000202178955,4.064000129699707,4.066999912261963,0.0,0.0,0.0,0.09999284743580573,0.0,0.0
34.46067833900452,-0.4300000071525574,4.035999774932861,4.061999797821045,4.059999942779541,4.064000129699707,4.064000129699707,4.067999839782715,0.04999634921746594,0.0,0.0,0.04999634921746594,0.0,0.04999634921746594
34.64060616493225,-0.4000000059604645,4.034999847412109,4.063000202178955,4.059999942779541,4.063000202178955,4.064000129699707,4.066999912261963,0.033330916033946834,0.03334681060525534,0.0,0.033330916033946834,0.0,0.033330916033946834
34.80026388168335,-0.4000000059604645,4.034999847412109,4.061999797821045,4.059999942779541,4.064000129699707,4.064000129699707,4.067999839782715,nan,nan,nan,nan,nan,nan
34.979188680648804,-0.4000000059604645,4.034999847412109,4.061999797821045,4.059999942779541,4.063000202178955,4.064000129699707,4.066999912261963,nan,nan,nan,nan,nan,nan
35.14053726196289,-0.38999998569488525,4.034999847412109,4.061999797821045,4.059999942779541,4.063000202178955,4.064000129699707,4.067999839782715,0.0,0.0,0.0,0.0,0.0,0.09999254943450207
35.32116746902466,-0.4000000059604645,4.034999847412109,4.061999797821045,4.059999942779541,4.063000202178955,4.064000129699707,4.066999912261963,0.0,0.0,0.0,0.0,0.0,0.09999254943450207
35.49941110610962,-0.41999998688697815,4.034999847412109,4.061999797821045,4.059999942779541,4.063000202178955,4.064000129699707,4.066999912261963,0.0,0.0,0.0,0.0,0.0,0.0
35.660327196121216,-0.4000000059604645,4.034999847412109,4.061999797821045,4.059999942779541,4.063000202178955,4.064000129699707,4.066999912261963,0.0,0.0,0.0,0.0,0.0,0.0
35.83962845802307,-0.4000000059604645,4.034999847412109,4.061999797821045,4.059999942779541,4.063000202178955,4.064000129699707,4.067999839782715,nan,nan,nan,nan,nan,nan
36.0196373462677,-0.4000000059604645,4.034999847412109,4.061999797821045,4.059999942779541,4.063000202178955,4.064000129699707,4.066999912261963,nan,nan,nan,nan,nan,nan
36.17917513847351,-0.4000000059604645,4.034999847412109,4.061999797821045,4.059999942779541,4.063000202178955,4.064000129699707,4.067999839782715,nan,nan,nan,nan,nan,nan
36.35991883277893,-0.4000000059604645,4.034999847412109,4.061999797821045,4.059999942779541,4.063000202178955,4.064000129699707,4.067999839782715,nan,nan,nan,nan,nan,nan
36.51924443244934,-0.4000000059604645,4.034999847412109,4.061999797821045,4.059999942779541,4.063000202178955,4.064000129699707,4.067999839782715,nan,nan,nan,nan,nan,nan
36.69951868057251,-0.4000000059604645,4.034999847412109,4.061999797821045,4.059999942779541,4.063000202178955,4.064000129699707,4.066999912261963,nan,nan,nan,nan,nan,nan
36.87969660758972,-0.4000000059604645,4.034999847412109,4.063000202178955,4.059000015258789,4.063000202178955,4.064000129699707,4.066999912261963,nan,nan,nan,nan,nan,nan
37.039381980895996,-0.4000000059604645,4.034999847412109,4.061999797821045,4.059999942779541,4.063000202178955,4.064000129699707,4.066999912261963,nan,nan,nan,nan,nan,nan
37.22119665145874,-0.4000000059604645,4.034999847412109,4.061999797821045,4.059999942779541,4.063000202178955,4.064000129699707,4.066999912261963,nan,nan,nan,nan,nan,nan
37.38042449951172,-0.4000000059604645,4.034999847412109,4.061999797821045,4.059999942779541,4.063000202178955,4.064000129699707,4.066999912261963,nan,nan,nan,nan,nan,nan
37.56096386909485,-0.4000000059604645,4.034999847412109,4.061999797821045,4.059000015258789,4.063000202178955,4.064000129699707,4.066999912261963,nan,nan,nan,nan,nan,nan
37.7400586605072,-0.4000000059604645,4.034999847412109,4.061999797821045,4.059999942779541,4.063000202178955,4.064000129699707,4.067999839782715,nan,nan,nan,nan,nan,nan
37.8996000289917,-0.38999998569488525,4.034999847412109,4.061999797821045,4.059999942779541,4.063000202178955,4.064000129699707,4.067999839782715,0.0,0.0,0.0,0.0,0.0,0.0
38.07996153831482,-0.3799999952316284,4.034999847412109,4.061999797821045,4.059999942779541,4.063000202178955,4.064000129699707,4.066999912261963,0.0,0.0,0.0,0.0,0.0,0.09999284743580573
38.2599732875824,-0.4000000059604645,4.034999847412109,4.061999797821045,4.059999942779541,4.063000202178955,4.064000129699707,4.066999912261963,0.0,0.0,0.0,0.0,0.0,0.0
38.41954827308655,-0.4099999964237213,4.034999847412109,4.061999797821045,4.059999942779541,4.063000202178955,4.064000129699707,4.067999839782715,0.0,0.0,0.0,0.0,0.0,0.09999284743580573
38.59982991218567,-0.4000000059604645,4.034999847412109,4.061999797821045,4.059999942779541,4.064000129699707,4.064000129699707,4.066999912261963,0.0,0.0,0.0,0.09999284743580573,0.0,0.09999284743580573
38.759212017059326,-0.4000000059604645,4.034999847412109,4.061999797821045,4.059999942779541,4.063000202178955,4.064000129699707,4.066999912261963,nan,nan,nan,nan,nan,nan
38.939555406570435,-0.4000000059604645,4.034999847412109,4.061999797821045,4.059999942779541,4.063000202178955,4.064000129699707,4.067999839782715,nan,nan,nan,nan,nan,nan
39.12107539176941,-0.4000000059604645,4.034999847412109,4.063000202178955,4.059999942779541,4.063000202178955,4.064000129699707,4.066999912261963,nan,nan,nan,nan,nan,nan
39.2793333530426,-0.4000000059604645,4.034999847412109,4.061999797821045,4.059999942779541,4.063000202178955,4.064000129699707,4.066999912261963,nan,nan,nan,nan,nan,nan
39.45968246459961,-0.3799999952316284,4.034999847412109,4.061999797821045,4.059999942779541,4.063000202178955,4.064000129699707,4.067999839782715,0.0,0.0,0.0,0.0,0.0,0.04999634921746594
39.62068462371826,-0.4099999964237213,4.034999847412109,4.061999797821045,4.059999942779541,4.063000202178955,4.064000129699707,4.066999912261963,0.0,0.0,0.0,0.0,0.0,0.033330916033946834
39.79978799819946,-0.4000000059604645,4.034999847412109,4.061999797821045,4.059999942779541,4.063000202178955,4.064000129699707,4.066999912261963,0.0,0.0,0.0,0.0,0.0,0.0
39.98018407821655,-0.4000000059604645,4.034999847412109,4.061999797821045,4.059999942779541,4.063000202178955,4.064000129699707,4.066999912261963,nan,nan,nan,nan,nan,nan
40.13956093788147,-0.4000000059604645,4.034999847412109,4.061999797821045,4.059999942779541,4.063000202178955,4.064000129699707,4.066999912261963,nan,nan,nan,nan,nan,nan
40.320168018341064,-0.38999998569488525,4.034999847412109,4.061999797821045,4.059999942779541,4.063000202178955,4.064000129699707,4.066999912261963,0.0,0.0,0.0,0.0,0.0,0.0
40.500582456588745,-0.38999998569488525,4.034999847412109,4.061999797821045,4.059999942779541,4.063000202178955,4.064000129699707,4.067999839782715,nan,nan,nan,nan,nan,nan
40.659871101379395,-0.4000000059604645,4.034999847412109,4.061999797821045,4.059999942779541,4.063000202178955,4.064000129699707,4.066999912261963,0.0,0.0,0.0,0.0,0.0,0.09999254943450207
40.84046292304993,-0.4000000059604645,4.034999847412109,4.061999797821045,4.059999942779541,4.063000202178955,4.064000129699707,4.067999839782715,nan,nan,nan,nan,nan,nan
41.0000274181366,-0.38999998569488525,4.034999847412109,4.061999797821045,4.059999942779541,4.063000202178955,4.064000129699707,4.066999912261963,0.0,0.0,0.0,0.0,0.0,0.09999254943450207
41.180408239364624,-0.38999998569488525,4.034999847412109,4.061999797821045,4.059999942779541,4.063000202178955,4.064000129699707,4.066999912261963,nan,nan,nan,nan,nan,nan
41.36049270629883,-0.4000000059604645,4.034999847412109,4.061999797821045,4.059999942779541,4.063000202178955,4.064000129699707,4.066999912261963,0.0,0.0,0.0,0.0,0.0,0.0
41.520092248916626,-0.4000000059604645,4.034999847412109,4.061999797821045,4.059999942779541,4.063000202178955,4.064000129699707,4.066999912261963,nan,nan,nan,nan,nan,nan
41.70000767707825,-0.4000000059604645,4.034999847412109,4.061999797821045,4.059999942779541,4.063000202178955,4.064000129699707,4.066999912261963,nan,nan,nan,nan,nan,nan
41.859719038009644,-0.4000000059604645,4.034999847412109,4.061999797821045,4.059999942779541,4.063000202178955,4.064000129699707,4.066999912261963,nan,nan,nan,nan,nan,nan
42.040292263031006,-0.4000000059604645,4.034999847412109,4.061999797821045,4.059999942779541,4.063000202178955,4.064000129699707,4.066999912261963,nan,nan,nan,nan,nan,nan
42.21957969665527,-0.4000000059604645,4.034999847412109,4.061999797821045,4.059999942779541,4.063000202178955,4.064000129699707,4.066999912261963,nan,nan,nan,nan,nan,nan
42.380436182022095,-0.4000000059604645,4.034999847412109,4.061999797821045,4.059000015258789,4.063000202178955,4.064000129699707,4.066999912261963,nan,nan,nan,nan,nan,nan
42.5608024597168,-0.4000000059604645,4.034999847412109,4.061999797821045,4.059999942779541,4.063000202178955,4.064000129699707,4.066999912261963,nan,nan,nan,nan,nan,nan
42.74006772041321,-0.4000000059604645,4.034999847412109,4.061999797821045,4.059999942779541,4.063000202178955,4.064000129699707,4.066999912261963,nan,nan,nan,nan,nan,nan
42.89934587478638,-0.4000000059604645,4.034999847412109,4.061999797821045,4.059999942779541,4.063000202178955,4.064000129699707,4.066999912261963,nan,nan,nan,nan,nan,nan
43.0798556804657,-0.4000000059604645,4.034999847412109,4.061999797821045,4.059999942779541,4.063000202178955,4.064000129699707,4.066999912261963,nan,nan,nan,nan,nan,nan
43.23950910568237,-0.4000000059604645,4.034999847412109,4.061999797821045,4.059999942779541,4.063000202178955,4.064000129699707,4.066999912261963,nan,nan,nan,nan,nan,nan
43.42106294631958,-0.4099999964237213,4.034999847412109,4.061999797821045,4.059999942779541,4.063000202178955,4.064000129699707,4.067999839782715,0.0,0.0,0.0,0.0,0.0,0.09999284743580573
43.5999698638916,-0.4000000059604645,4.034999847412109,4.061999797821045,4.059000015258789,4.063000202178955,4.064000129699707,4.066999912261963,0.0,0.0,0.09999284743580573,0.0,0.0,0.09999284743580573
43.759268045425415,-0.4000000059604645,4.034999847412109,4.061999797821045,4.059999942779541,4.063000202178955,4.064000129699707,4.066999912261963,nan,nan,nan,nan,nan,nan
43.93987965583801,-0.38999998569488525,4.034999847412109,4.061999797821045,4.059999942779541,4.063000202178955,4.064000129699707,4.066999912261963,0.0,0.0,0.0,0.0,0.0,0.0
44.11982226371765,-0.4000000059604645,4.034999847412109,4.061999797821045,4.059999942779541,4.063000202178955,4.064000129699707,4.066999912261963,0.0,0.0,0.0,0.0,0.0,0.0
44.27965497970581,-0.4000000059604645,4.034999847412109,4.061999797821045,4.059000015258789,4.063000202178955,4.064000129699707,4.066999912261963,nan,nan,nan,nan,nan,nan
44.460028409957886,-0.4000000059604645,4.034999847412109,4.061999797821045,4.059999942779541,4.063000202178955,4.064000129699707,4.066999912261963,nan,nan,nan,nan,nan,nan
44.6192045211792,-0.4000000059604645,4.034999847412109,4.061999797821045,4.059999942779541,4.063000202178955,4.064000129699707,4.066999912261963,nan,nan,nan,nan,nan,nan
44.80173993110657,-0.4000000059604645,4.034999847412109,4.061999797821045,4.059000015258789,4.063000202178955,4.064000129699707,4.067999839782715,nan,nan,nan,nan,nan,nan
44.97976231575012,-0.4000000059604645,4.034999847412109,4.061999797821045,4.059999942779541,4.063000202178955,4.064000129699707,4.067999839782715,nan,nan,nan,nan,nan,nan
45.140825033187866,-0.4000000059604645,4.034999847412109,4.061999797821045,4.059999942779541,4.063000202178955,4.064000129699707,4.066999912261963,nan,nan,nan,nan,nan,nan
45.31954884529114,-0.4000000059604645,4.034999847412109,4.061999797821045,4.059999942779541,4.063000202178955,4.064000129699707,4.066999912261963,nan,nan,nan,nan,nan,nan
45.48045063018799,-0.4099999964237213,4.034999847412109,4.061999797821045,4.059000015258789,4.063000202178955,4.064000129699707,4.066999912261963,0.0,0.0,0.09999284743580573,0.0,0.0,0.0
45.65943217277527,-0.4000000059604645,4.034999847412109,4.061999797821045,4.059000015258789,4.063000202178955,4.064000129699707,4.066999912261963,0.0,0.0,0.0,0.0,0.0,0.0
45.84000086784363,-0.4000000059604645,4.034999847412109,4.061999797821045,4.059999942779541,4.063000202178955,4.064000129699707,4.066999912261963,nan,nan,nan,nan,nan,nan
46.00130891799927,-0.4000000059604645,4.034999847412109,4.061999797821045,4.059999942779541,4.063000202178955,4.064000129699707,4.066999912261963,nan,nan,nan,nan,nan,nan
46.17982363700867,-0.4000000059604645,4.034999847412109,4.061999797821045,4.059999942779541,4.063000202178955,4.064000129699707,4.066999912261963,nan,nan,nan,nan,nan,nan
46.35983204841614,-0.4000000059604645,4.034999847412109,4.061999797821045,4.059000015258789,4.063000202178955,4.064000129699707,4.066999912261963,nan,nan,nan,nan,nan,nan
46.5214307308197,-0.4000000059604645,4.034999847412109,4.061999797821045,4.059999942779541,4.063000202178955,4.064000129699707,4.066999912261963,nan,nan,nan,nan,nan,nan
46.70100951194763,-0.4000000059604645,4.034999847412109,4.061999797821045,4.059999942779541,4.063000202178955,4.064000129699707,4.066999912261963,nan,nan,nan,nan,nan,nan
46.862178325653076,-0.4000000059604645,4.034999847412109,4.061999797821045,4.059999942779541,4.063000202178955,4.064000129699707,4.066999912261963,nan,nan,nan,nan,nan,nan
47.04092597961426,-0.4099999964237213,4.034999847412109,4.061999797821045,4.059000015258789,4.063000202178955,4.064000129699707,4.066999912261963,0.0,0.0,0.09999284743580573,0.0,0.0,0.0
47.2212495803833,-0.38999998569488525,4.034999847412109,4.061999797821045,4.059999942779541,4.063000202178955,4.064000129699707,4.066999912261963,0.0,0.0,0.04999634921746594,0.0,0.0,0.0
47.38286113739014,-0.38999998569488525,4.034999847412109,4.061999797821045,4.059000015258789,4.063000202178955,4.064000129699707,4.066999912261963,nan,nan,nan,nan,nan,nan
47.56093406677246,-0.4000000059604645,4.034999847412109,4.061999797821045,4.059999942779541,4.063000202178955,4.064000129699707,4.066999912261963,0.0,0.0,0.09999254943450207,0.0,0.0,0.0
47.72152233123779,-0.38999998569488525,4.034999847412109,4.061999797821045,4.059000015258789,4.063000202178955,4.064000129699707,4.066999912261963,0.0,0.0,0.09999254943450207,0.0,0.0,0.0
47.90162992477417,-0.4000000059604645,4.034999847412109,4.061999797821045,4.059999942779541,4.063000202178955,4.064000129699707,4.066999912261963,0.0,0.0,0.09999254943450207,0.0,0.0,0.0
48.0808265209198,-0.4000000059604645,4.034999847412109,4.061999797821045,4.059999942779541,4.063000202178955,4.064000129699707,4.066999912261963,nan,nan,nan,nan,nan,nan
48.240172147750854,-0.4000000059604645,4.034999847412109,4.061999797821045,4.059999942779541,4.063000202178955,4.064000129699707,4.066999912261963,nan,nan,nan,nan,nan,nan
48.42180132865906,-0.4000000059604645,4.034999847412109,4.061999797821045,4.059999942779541,4.063000202178955,4.064000129699707,4.066999912261963,nan,nan,nan,nan,nan,nan
48.58143877983093,-0.4000000059604645,4.034999847412109,4.061999797821045,4.059999942779541,4.063000202178955,4.064000129699707,4.066999912261963,nan,nan,nan,nan,nan,nan
48.76194477081299,-0.4000000059604645,4.034999847412109,4.061999797821045,4.059000015258789,4.063000202178955,4.064000129699707,4.066999912261963,nan,nan,nan,nan,nan,nan
48.93996500968933,-0.4000000059604645,4.034999847412109,4.061999797821045,4.059999942779541,4.063000202178955,4.064000129699707,4.066999912261963,nan,nan,nan,nan,nan,nan
49.0992796421051,-0.4000000059604645,4.034999847412109,4.061999797821045,4.059999942779541,4.063000202178955,4.064000129699707,4.066999912261963,nan,nan,nan,nan,nan,nan
49.279972076416016,-0.4000000059604645,4.034999847412109,4.061999797821045,4.059000015258789,4.063000202178955,4.064000129699707,4.066999912261963,nan,nan,nan,nan,nan,nan
49.46003317832947,-0.4000000059604645,4.034999847412109,4.061999797821045,4.059000015258789,4.063000202178955,4.064000129699707,4.066999912261963,nan,nan,nan,nan,nan,nan
49.61979794502258,-0.4000000059604645,4.033999919891357,4.061999797821045,4.059000015258789,4.063000202178955,4.064000129699707,4.066999912261963,nan,nan,nan,nan,nan,nan
49.79979205131531,-0.4099999964237213,4.034999847412109,4.061999797821045,4.059000015258789,4.063000202178955,4.064000129699707,4.066999912261963,0.09999284743580573,0.0,0.0,0.0,0.0,0.0
49.960623264312744,-0.4000000059604645,4.034999847412109,4.061999797821045,4.059999942779541,4.063000202178955,4.064000129699707,4.066999912261963,0.0,0.0,0.09999284743580573,0.0,0.0,0.0
50.139561891555786,-0.3799999952316284,4.034999847412109,4.061999797821045,4.059999942779541,4.063000202178955,4.064000129699707,4.066999912261963,0.0,0.0,0.0,0.0,0.0,0.0
50.31931018829346,-0.4000000059604645,4.034999847412109,4.061999797821045,4.059000015258789,4.063000202178955,4.064000129699707,4.066999912261963,0.0,0.0,0.04999634921746594,0.0,0.0,0.0
50.48052144050598,-0.4000000059604645,4.034999847412109,4.061999797821045,4.059999942779541,4.063000202178955,4.064000129699707,4.066999912261963,nan,nan,nan,nan,nan,nan
50.65919756889343,-0.4000000059604645,4.034999847412109,4.061999797821045,4.059000015258789,4.063000202178955,4.064000129699707,4.066999912261963,nan,nan,nan,nan,nan,nan
50.82055139541626,-0.4000000059604645,4.034999847412109,4.061999797821045,4.059000015258789,4.063000202178955,4.064000129699707,4.066999912261963,nan,nan,nan,nan,nan,nan
51.00080895423889,-0.4000000059604645,4.034999847412109,4.061999797821045,4.059999942779541,4.063000202178955,4.064000129699707,4.066999912261963,nan,nan,nan,nan,nan,nan
51.17966938018799,-0.4000000059604645,4.033999919891357,4.061999797821045,4.059000015258789,4.063000202178955,4.064000129699707,4.066999912261963,nan,nan,nan,nan,nan,nan
51.340683937072754,-0.4000000059604645,4.033999919891357,4.061999797821045,4.059000015258789,4.063000202178955,4.064000129699707,4.066999912261963,nan,nan,nan,nan,nan,nan
51.51973342895508,-0.4000000059604645,4.034999847412109,4.061999797821045,4.059000015258789,4.063000202178955,4.064000129699707,4.066999912261963,nan,nan,nan,nan,nan,nan
51.699984550476074,-0.38999998569488525,4.034999847412109,4.061999797821045,4.059000015258789,4.063000202178955,4.064000129699707,4.066999912261963,0.0,0.0,0.0,0.0,0.0,0.0
51.859893798828125,-0.4000000059604645,4.034999847412109,4.061999797821045,4.059000015258789,4.063000202178955,4.064000129699707,4.066999912261963,0.0,0.0,0.0,0.0,0.0,0.0
52.04013729095459,-0.41999998688697815,4.034999847412109,4.061999797821045,4.059999942779541,4.063000202178955,4.064000129699707,4.066999912261963,0.0,0.0,0.04999642371790287,0.0,0.0,0.0
52.19941592216492,-0.4000000059604645,4.034999847412109,4.061999797821045,4.059000015258789,4.063000202178955,4.064000129699707,4.066999912261963,0.0,0.0,0.04999642371790287,0.0,0.0,0.0
52.37986445426941,-0.4000000059604645,4.034999847412109,4.061999797821045,4.059000015258789,4.063000202178955,4.064000129699707,4.066999912261963,nan,nan,nan,nan,nan,nan
52.56025981903076,-0.4000000059604645,4.034999847412109,4.061999797821045,4.059000015258789,4.063000202178955,4.064000129699707,4.066999912261963,nan,nan,nan,nan,nan,nan
52.723124742507935,-0.38999998569488525,4.033999919891357,4.061999797821045,4.059000015258789,4.063000202178955,4.064000129699707,4.066999912261963,0.09999254943450207,0.0,0.0,0.0,0.0,0.0
52.89985275268555,-0.4099999964237213,4.034999847412109,4.061999797821045,4.059000015258789,4.063000202178955,4.064000129699707,4.066999912261963,0.04999634921746594,0.0,0.0,0.0,0.0,0.0
53.05956697463989,-0.4000000059604645,4.034999847412109,4.061999797821045,4.059000015258789,4.063000202178955,4.064000129699707,4.066999912261963,0.0,0.0,0.0,0.0,0.0,0.0
53.239978551864624,-0.4000000059604645,4.033999919891357,4.061999797821045,4.059999942779541,4.063000202178955,4.064000129699707,4.066999912261963,nan,nan,nan,nan,nan,nan
53.42160892486572,-0.4000000059604645,4.033999919891357,4.061999797821045,4.059999942779541,4.063000202178955,4.064000129699707,4.066999912261963,nan,nan,nan,nan,nan,nan
53.57957983016968,-0.4000000059604645,4.033999919891357,4.061999797821045,4.059000015258789,4.063000202178955,4.064000129699707,4.066999912261963,nan,nan,nan,nan,nan,nan
53.759984493255615,-0.38999998569488525,4.034999847412109,4.061999797821045,4.059000015258789,4.063000202178955,4.064000129699707,4.066999912261963,0.09999254943450207,0.0,0.0,0.0,0.0,0.0
53.94192314147949,-0.4099999964237213,4.034999847412109,4.061999797821045,4.059000015258789,4.063000202178955,4.064000129699707,4.066999912261963,0.0,0.0,0.0,0.0,0.0,0.0
54.10230541229248,-0.4000000059604645,4.033999919891357,4.061999797821045,4.059000015258789,4.063000202178955,4.064000129699707,4.066999912261963,0.09999284743580573,0.0,0.0,0.0,0.0,0.0
54.28104853630066,-0.4000000059604645,4.033999919891357,4.061999797821045,4.059000015258789,4.063000202178955,4.064000129699707,4.066999912261963,nan,nan,nan,nan,nan,nan
54.44214653968811,-0.38999998569488525,4.034999847412109,4.061999797821045,4.059999942779541,4.063000202178955,4.064000129699707,4.066999912261963,0.09999254943450207,0.0,0.09999254943450207,0.0,0.0,0.0
54.621148347854614,-0.38999998569488525,4.034999847412109,4.061999797821045,4.059000015258789,4.063000202178955,4.064000129699707,4.066999912261963,nan,nan,nan,nan,nan,nan
54.80086040496826,-0.4000000059604645,4.033999919891357,4.061999797821045,4.059000015258789,4.063000202178955,4.064000129699707,4.066999912261963,0.09999254943450207,0.0,0.0,0.0,0.0,0.0
54.960700273513794,-0.4000000059604645,4.034999847412109,4.061999797821045,4.059999942779541,4.063000202178955,4.064000129699707,4.066999912261963,nan,nan,nan,nan,nan,nan
55.140785455703735,-0.38999998569488525,4.034999847412109,4.061999797821045,4.059000015258789,4.063000202178955,4.064000129699707,4.066999912261963,0.0,0.0,0.09999254943450207,0.0,0.0,0.0
55.300397872924805,-0.41999998688697815,4.033999919891357,4.061999797821045,4.059000015258789,4.063000202178955,4.064000129699707,4.066999912261963,0.033330916033946834,0.0,0.0,0.0,0.0,0.0
55.480759620666504,-0.3799999952316284,4.033999919891357,4.061999797821045,4.059000015258789,4.063000202178955,4.064000129699707,4.066999912261963,0.0,0.0,0.0,0.0,0.0,0.0
55.6598334312439,-0.4000000059604645,4.033999919891357,4.061999797821045,4.059999942779541,4.063000202178955,4.064000129699707,4.066999912261963,0.0,0.0,0.04999634921746594,0.0,0.0,0.0
55.82070302963257,-0.4000000059604645,4.033999919891357,4.061999797821045,4.059000015258789,4.063000202178955,4.064000129699707,4.066999912261963,nan,nan,nan,nan,nan,nan
56.001325368881226,-0.4099999964237213,4.033999919891357,4.060999870300293,4.059000015258789,4.063000202178955,4.064000129699707,4.066999912261963,0.0,0.09999284743580573,0.0,0.0,0.0,0.0
56.18076181411743,-0.4000000059604645,4.033999919891357,4.061999797821045,4.059999942779541,4.063000202178955,4.064000129699707,4.066999912261963,0.0,0.09999284743580573,0.09999284743580573,0.0,0.0,0.0
56.340919733047485,-0.4000000059604645,4.033999919891357,4.060999870300293,4.059000015258789,4.063000202178955,4.064000129699707,4.066999912261963,nan,nan,nan,nan,nan,nan
56.52223300933838,-0.4000000059604645,4.033999919891357,4.061999797821045,4.059000015258789,4.063000202178955,4.064000129699707,4.066999912261963,nan,nan,nan,nan,nan,nan
56.681663513183594,-0.3799999952316284,4.033999919891357,4.061999797821045,4.059000015258789,4.063000202178955,4.064000129699707,4.066999912261963,0.0,0.0,0.0,0.0,0.0,0.0
56.860326528549194,-0.38999998569488525,4.034999847412109,4.061999797821045,4.059000015258789,4.063000202178955,4.063000202178955,4.066999912261963,0.09999284743580573,0.0,0.0,0.0,0.09999284743580573,0.0
57.03931212425232,-0.4099999964237213,4.034999847412109,4.061999797821045,4.059000015258789,4.063000202178955,4.064000129699707,4.066999912261963,0.0,0.0,0.0,0.0,0.04999634921746594,0.0
57.200430393218994,-0.4000000059604645,4.033999919891357,4.061999797821045,4.059000015258789,4.063000202178955,4.064000129699707,4.066999912261963,0.09999284743580573,0.0,0.0,0.0,0.0,0.0
57.379449129104614,-0.4000000059604645,4.034999847412109,4.061999797821045,4.059000015258789,4.063000202178955,4.064000129699707,4.066999912261963,nan,nan,nan,nan,nan,nan
57.54064917564392,-0.4099999964237213,4.034999847412109,4.061999797821045,4.059000015258789,4.063000202178955,4.064000129699707,4.066999912261963,0.0,0.0,0.0,0.0,0.0,0.0
57.72080159187317,-0.4000000059604645,4.034999847412109,4.061999797821045,4.059000015258789,4.063000202178955,4.064000129699707,4.066999912261963,0.0,0.0,0.0,0.0,0.0,0.0
57.89950466156006,-0.4000000059604645,4.033999919891357,4.061999797821045,4.059999942779541,4.063000202178955,4.064000129699707,4.066999912261963,nan,nan,nan,nan,nan,nan
58.06070351600647,-0.38999998569488525,4.033999919891357,4.061999797821045,4.059000015258789,4.063000202178955,4.064000129699707,4.066999912261963,0.0,0.0,0.09999254943450207,0.0,0.0,0.0
58.23977279663086,-0.38999998569488525,4.034999847412109,4.061999797821045,4.059000015258789,4.063000202178955,4.064000129699707,4.066999912261963,nan,nan,nan,nan,nan,nan
58.419944763183594,-0.4000000059604645,4.033999919891357,4.061999797821045,4.059000015258789,4.063000202178955,4.064000129699707,4.066999912261963,0.09999254943450207,0.0,0.0,0.0,0.0,0.0
58.57934832572937,-0.4000000059604645,4.034999847412109,4.061999797821045,4.059000015258789,4.063000202178955,4.064000129699707,4.066999912261963,nan,nan,nan,nan,nan,nan
58.7608437538147,-0.38999998569488525,4.033999919891357,4.061999797821045,4.059000015258789,4.063000202178955,4.064000129699707,4.066999912261963,0.09999254943450207,0.0,0.0,0.0,0.0,0.0
58.92037057876587,-0.4099999964237213,4.033999919891357,4.061999797821045,4.059000015258789,4.063000202178955,4.064000129699707,4.066999912261963,0.0,0.0,0.0,0.0,0.0,0.0
59.09927558898926,-0.4000000059604645,4.033999919891357,4.061999797821045,4.059000015258789,4.063000202178955,4.064000129699707,4.066999912261963,0.0,0.0,0.0,0.0,0.0,0.0
59.28046226501465,-0.4099999964237213,4.033999919891357,4.061999797821045,4.059000015258789,4.063000202178955,4.064000129699707,4.066999912261963,0.0,0.0,0.0,0.0,0.0,0.0
59.44016075134277,-0.4000000059604645,4.033999919891357,4.061999797821045,4.059000015258789,4.063000202178955,4.064000129699707,4.066999912261963,0.0,0.0,0.0,0.0,0.0,0.0
59.62025785446167,-0.4000000059604645,4.033999919891357,4.061999797821045,4.059000015258789,4.063000202178955,4.064000129699707,4.066999912261963,nan,nan,nan,nan,nan,nan
59.77974796295166,-0.4000000059604645,4.033999919891357,4.061999797821045,4.059000015258789,4.063000202178955,4.064000129699707,4.066999912261963,nan,nan,nan,nan,nan,nan
59.96021866798401,-0.4000000059604645,4.033999919891357,4.061999797821045,4.059000015258789,4.063000202178955,4.064000129699707,4.066999912261963,nan,nan,nan,nan,nan,nan
60.14018940925598,-0.41999998688697815,4.033999919891357,4.061999797821045,4.059000015258789,4.063000202178955,4.064000129699707,4.066999912261963,0.0,0.0,0.0,0.0,0.0,0.0
60.299742698669434,-0.4000000059604645,4.033999919891357,4.061999797821045,4.059000015258789,4.063000202178955,4.064000129699707,4.066999912261963,0.0,0.0,0.0,0.0,0.0,0.0
60.48012018203735,-0.4000000059604645,4.033999919891357,4.061999797821045,4.059000015258789,4.063000202178955,4.064000129699707,4.066999912261963,nan,nan,nan,nan,nan,nan
60.639711141586304,-0.4000000059604645,4.033999919891357,4.061999797821045,4.059000015258789,4.063000202178955,4.063000202178955,4.066999912261963,nan,nan,nan,nan,nan,nan
60.81985807418823,-0.4000000059604645,4.033999919891357,4.061999797821045,4.059000015258789,4.063000202178955,4.064000129699707,4.066999912261963,nan,nan,nan,nan,nan,nan
61.00004863739014,-0.4000000059604645,4.034999847412109,4.061999797821045,4.059000015258789,4.063000202178955,4.064000129699707,4.066999912261963,nan,nan,nan,nan,nan,nan
61.15962362289429,-0.4000000059604645,4.033999919891357,4.061999797821045,4.059000015258789,4.063000202178955,4.064000129699707,4.066999912261963,nan,nan,nan,nan,nan,nan
61.340033292770386,-0.4099999964237213,4.033999919891357,4.061999797821045,4.059000015258789,4.063000202178955,4.064000129699707,4.066999912261963,0.0,0.0,0.0,0.0,0.0,0.0
61.5207245349884,-0.4000000059604645,4.033999919891357,4.061999797821045,4.059000015258789,4.063000202178955,4.063000202178955,4.066999912261963,0.0,0.0,0.0,0.0,0.09999284743580573,0.0
61.67977333068848,-0.4000000059604645,4.033999919891357,4.060999870300293,4.059000015258789,4.063000202178955,4.064000129699707,4.066999912261963,nan,nan,nan,nan,nan,nan
61.860010385513306,-0.4099999964237213,4.033999919891357,4.061999797821045,4.059000015258789,4.063000202178955,4.063000202178955,4.066999912261963,0.0,0.09999284743580573,0.0,0.0,0.09999284743580573,0.0
62.01948285102844,-0.4000000059604645,4.033999919891357,4.061999797821045,4.059000015258789,4.063000202178955,4.064000129699707,4.066999912261963,0.0,0.0,0.0,0.0,0.09999284743580573,0.0
62.19994068145752,-0.4000000059604645,4.033999919891357,4.061999797821045,4.059000015258789,4.063000202178955,4.064000129699707,4.066999912261963,nan,nan,nan,nan,nan,nan
62.38031005859375,-0.4000000059604645,4.033999919891357,4.061999797821045,4.059000015258789,4.063000202178955,4.063000202178955,4.066999912261963,nan,nan,nan,nan,nan,nan
62.53954267501831,-0.4000000059604645,4.033999919891357,4.061999797821045,4.059000015258789,4.063000202178955,4.064000129699707,4.066999912261963,nan,nan,nan,nan,nan,nan
62.71990728378296,-0.4000000059604645,4.033999919891357,4.061999797821045,4.059000015258789,4.063000202178955,4.064000129699707,4.066999912261963,nan,nan,nan,nan,nan,nan
62.879396200180054,-0.4000000059604645,4.033999919891357,4.061999797821045,4.059000015258789,4.063000202178955,4.063000202178955,4.066999912261963,nan,nan,nan,nan,nan,nan
63.05997657775879,-0.38999998569488525,4.033999919891357,4.061999797821045,4.059000015258789,4.063000202178955,4.064000129699707,4.066999912261963,0.0,0.0,0.0,0.0,0.09999254943450207,0.0
63.241374254226685,-0.38999998569488525,4.033999919891357,4.061999797821045,4.059000015258789,4.063000202178955,4.064000129699707,4.066999912261963,nan,nan,nan,nan,nan,nan
63.40141940116882,-0.4000000059604645,4.033999919891357,4.061999797821045,4.059000015258789,4.063000202178955,4.064000129699707,4.066999912261963,0.0,0.0,0.0,0.0,0.0,0.0
63.581141233444214,-0.4099999964237213,4.033999919891357,4.061999797821045,4.059000015258789,4.063000202178955,4.064000129699707,4.066999912261963,0.0,0.0,0.0,0.0,0.0,0.0
63.760002851486206,-0.4000000059604645,4.033999919891357,4.061999797821045,4.059000015258789,4.063000202178955,4.064000129699707,4.066999912261963,0.0,0.0,0.0,0.0,0.0,0.0
63.91991448402405,-0.4000000059604645,4.033999919891357,4.061999797821045,4.059000015258789,4.063000202178955,4.064000129699707,4.066999912261963,nan,nan,nan,nan,nan,nan
64.10114598274231,-0.4000000059604645,4.033999919891357,4.061999797821045,4.059000015258789,4.063000202178955,4.064000129699707,4.066999912261963,nan,nan,nan,nan,nan,nan
64.2610559463501,-0.4000000059604645,4.033999919891357,4.061999797821045,4.059000015258789,4.063000202178955,4.063000202178955,4.066999912261963,nan,nan,nan,nan,nan,nan
64.4408586025238,-0.4000000059604645,4.033999919891357,4.060999870300293,4.059000015258789,4.063000202178955,4.063000202178955,4.066999912261963,nan,nan,nan,nan,nan,nan
64.61942934989929,-0.4000000059604645,4.033999919891357,4.061999797821045,4.059000015258789,4.063000202178955,4.064000129699707,4.066999912261963,nan,nan,nan,nan,nan,nan
64.7806088924408,-0.3799999952316284,4.033999919891357,4.061999797821045,4.059000015258789,4.063000202178955,4.063000202178955,4.066999912261963,0.0,0.0,0.0,0.0,0.04999634921746594,0.0
64.95938634872437,-0.4000000059604645,4.033999919891357,4.061999797821045,4.059000015258789,4.063000202178955,4.063000202178955,4.066999912261963,0.0,0.0,0.0,0.0,0.0,0.0
65.12042045593262,-0.4099999964237213,4.033999919891357,4.061999797821045,4.059000015258789,4.063000202178955,4.064000129699707,4.066999912261963,0.0,0.0,0.0,0.0,0.09999284743580573,0.0
65.30058431625366,-0.4000000059604645,4.033999919891357,4.061999797821045,4.059000015258789,4.063000202178955,4.064000129699707,4.066999912261963,0.0,0.0,0.0,0.0,0.0,0.0
65.47992706298828,-0.4000000059604645,4.033999919891357,4.061999797821045,4.059000015258789,4.063000202178955,4.064000129699707,4.066999912261963,nan,nan,nan,nan,nan,nan
65.64048361778259,-0.4099999964237213,4.033999919891357,4.061999797821045,4.059000015258789,4.063000202178955,4.064000129699707,4.066999912261963,0.0,0.0,0.0,0.0,0.0,0.0
65.8197865486145,-0.4000000059604645,4.033999919891357,4.061999797821045,4.059000015258789,4.063000202178955,4.064000129699707,4.066999912261963,0.0,0.0,0.0,0.0,0.0,0.0
66.00068211555481,-0.4099999964237213,4.033999919891357,4.061999797821045,4.059000015258789,4.063000202178955,4.063000202178955,4.066999912261963,0.0,0.0,0.0,0.0,0.09999284743580573,0.0
66.1606216430664,-0.4000000059604645,4.033999919891357,4.061999797821045,4.059000015258789,4.063000202178955,4.064000129699707,4.066999912261963,0.0,0.0,0.0,0.0,0.09999284743580573,0.0
66.34080076217651,-0.4000000059604645,4.033999919891357,4.060999870300293,4.059000015258789,4.063000202178955,4.063000202178955,4.066999912261963,nan,nan,nan,nan,nan,nan
66.50021147727966,-0.4000000059604645,4.033999919891357,4.061999797821045,4.059000015258789,4.063000202178955,4.063000202178955,4.066999912261963,nan,nan,nan,nan,nan,nan
66.6802749633789,-0.4000000059604645,4.033999919891357,4.061999797821045,4.059000015258789,4.063000202178955,4.063000202178955,4.066999912261963,nan,nan,nan,nan,nan,nan
66.85941553115845,-0.4099999964237213,4.033999919891357,4.061999797821045,4.059000015258789,4.063000202178955,4.063000202178955,4.066999912261963,0.0,0.0,0.0,0.0,0.0,0.0
67.02058148384094,-0.4000000059604645,4.033999919891357,4.061999797821045,4.059000015258789,4.063000202178955,4.064000129699707,4.066999912261963,0.0,0.0,0.0,0.0,0.09999284743580573,0.0
67.19940972328186,-0.4099999964237213,4.033999919891357,4.061999797821045,4.059000015258789,4.063000202178955,4.064000129699707,4.066999912261963,0.0,0.0,0.0,0.0,0.0,0.0
67.36050128936768,-0.4000000059604645,4.033999919891357,4.060999870300293,4.059000015258789,4.063000202178955,4.063000202178955,4.066999912261963,0.0,0.09999284743580573,0.0,0.0,0.09999284743580573,0.0
67.54017877578735,-0.3799999952316284,4.033999919891357,4.060999870300293,4.059000015258789,4.063000202178955,4.064000129699707,4.066999912261963,0.0,0.0,0.0,0.0,0.04999634921746594,0.0
67.72061491012573,-0.4099999964237213,4.033999919891357,4.061999797821045,4.059000015258789,4.063000202178955,4.064000129699707,4.066999912261963,0.0,0.033330916033946834,0.0,0.0,0.0,0.0
67.88003063201904,-0.4000000059604645,4.033999919891357,4.061999797821045,4.059000015258789,4.063000202178955,4.064000129699707,4.066999912261963,0.0,0.0,0.0,0.0,0.0,0.0
68.06031107902527,-0.4000000059604645,4.033999919891357,4.060999870300293,4.059000015258789,4.063000202178955,4.063000202178955,4.066999912261963,nan,nan,nan,nan,nan,nan
68.2219717502594,-0.4000000059604645,4.033999919891357,4.060999870300293,4.059000015258789,4.063000202178955,4.064000129699707,4.066999912261963,nan,nan,nan,nan,nan,nan
68.40183019638062,-0.38999998569488525,4.033999919891357,4.061999797821045,4.059000015258789,4.063000202178955,4.063000202178955,4.066999912261963,0.0,0.09999254943450207,0.0,0.0,0.09999254943450207,0.0
68.57990217208862,-0.4000000059604645,4.033999919891357,4.060999870300293,4.059000015258789,4.063000202178955,4.063000202178955,4.066999912261963,0.0,0.09999254943450207,0.0,0.0,0.0,0.0
68.74123549461365,-0.38999998569488525,4.033999919891357,4.061999797821045,4.059000015258789,4.063000202178955,4.063000202178955,4.066999912261963,0.0,0.09999254943450207,0.0,0.0,0.0,0.0
68.92143511772156,-0.38999998569488525,4.033999919891357,4.060999870300293,4.059000015258789,4.063000202178955,4.063000202178955,4.066999912261963,nan,nan,nan,nan,nan,nan
69.09999871253967,-0.4000000059604645,4.033999919891357,4.061999797821045,4.059000015258789,4.063000202178955,4.063000202178955,4.066999912261963,0.0,0.09999254943450207,0.0,0.0,0.0,0.0
69.26108741760254,-0.38999998569488525,4.033999919891357,4.061999797821045,4.059000015258789,4.063000202178955,4.063000202178955,4.066999912261963,0.0,0.0,0.0,0.0,0.0,0.0
69.44288492202759,-0.38999998569488525,4.033999919891357,4.060999870300293,4.059000015258789,4.063000202178955,4.063000202178955,4.066999912261963,nan,nan,nan,nan,nan,nan
69.60065364837646,-0.4000000059604645,4.033999919891357,4.060999870300293,4.059000015258789,4.063000202178955,4.063000202178955,4.066999912261963,0.0,0.0,0.0,0.0,0.0,0.0
69.78105330467224,-0.4000000059604645,4.033999919891357,4.061999797821045,4.059000015258789,4.063000202178955,4.063000202178955,4.066999912261963,nan,nan,nan,nan,nan,nan
69.9609158039093,-0.4000000059604645,4.033999919891357,4.061999797821045,4.059000015258789,4.063000202178955,4.064000129699707,4.066999912261963,nan,nan,nan,nan,nan,nan
70.12069034576416,-0.38999998569488525,4.033999919891357,4.060999870300293,4.059000015258789,4.063000202178955,4.063000202178955,4.066999912261963,0.0,0.09999254943450207,0.0,0.0,0.09999254943450207,0.0
70.30107426643372,-0.4300000071525574,4.033999919891357,4.060999870300293,4.059000015258789,4.063000202178955,4.064000129699707,4.066999912261963,0.0,0.0,0.0,0.0,0.02499817460873297,0.0
70.46046900749207,-0.4000000059604645,4.033999919891357,4.060999870300293,4.059000015258789,4.063000202178955,4.064000129699707,4.066999912261963,0.0,0.0,0.0,0.0,0.0,0.0
70.64088201522827,-0.4000000059604645,4.033999919891357,4.060999870300293,4.059000015258789,4.063000202178955,4.064000129699707,4.066999912261963,nan,nan,nan,nan,nan,nan
70.82023978233337,-0.4000000059604645,4.033999919891357,4.060999870300293,4.059000015258789,4.063000202178955,4.063000202178955,4.066999912261963,nan,nan,nan,nan,nan,nan
70.9811942577362,-0.4000000059604645,4.033999919891357,4.060999870300293,4.059000015258789,4.063000202178955,4.064000129699707,4.066999912261963,nan,nan,nan,nan,nan,nan
71.16103553771973,-0.4000000059604645,4.033999919891357,4.060999870300293,4.059000015258789,4.063000202178955,4.064000129699707,4.066999912261963,nan,nan,nan,nan,nan,nan
71.33970308303833,-0.4099999964237213,4.033999919891357,4.060999870300293,4.059000015258789,4.063000202178955,4.063000202178955,4.066999912261963,0.0,0.0,0.0,0.0,0.09999284743580573,0.0
71.50046801567078,-0.4099999964237213,4.033999919891357,4.061999797821045,4.059000015258789,4.063000202178955,4.064000129699707,4.066999912261963,nan,nan,nan,nan,nan,nan
71.67949748039246,-0.4000000059604645,4.033999919891357,4.061999797821045,4.059000015258789,4.063000202178955,4.063000202178955,4.066999912261963,0.0,0.0,0.0,0.0,0.09999284743580573,0.0
71.8404552936554,-0.4099999964237213,4.033999919891357,4.060999870300293,4.059000015258789,4.063000202178955,4.063000202178955,4.066999912261963,0.0,0.09999284743580573,0.0,0.0,0.0,0.0
72.01946091651917,-0.4099999964237213,4.033999919891357,4.061999797821045,4.059000015258789,4.063000202178955,4.064000129699707,4.066999912261963,nan,nan,nan,nan,nan,nan
72.19988179206848,-0.4000000059604645,4.033999919891357,4.060999870300293,4.059000015258789,4.063000202178955,4.063000202178955,4.066999912261963,0.0,0.09999284743580573,0.0,0.0,0.09999284743580573,0.0
72.3594377040863,-0.4000000059604645,4.033999919891357,4.060999870300293,4.059000015258789,4.063000202178955,4.063000202178955,4.066999912261963,nan,nan,nan,nan,nan,nan
72.53986048698425,-0.4000000059604645,4.033999919891357,4.060999870300293,4.059000015258789,4.063000202178955,4.063000202178955,4.066999912261963,nan,nan,nan,nan,nan,nan
72.69947671890259,-0.38999998569488525,4.033999919891357,4.060999870300293,4.059000015258789,4.063000202178955,4.064000129699707,4.066999912261963,0.0,0.0,0.0,0.0,0.09999254943450207,0.0
72.8799798488617,-0.4099999964237213,4.033999919891357,4.060999870300293,4.059000015258789,4.063000202178955,4.063000202178955,4.066999912261963,0.0,0.0,0.0,0.0,0.04999634921746594,0.0
73.06058812141418,-0.38999998569488525,4.033999919891357,4.060999870300293,4.059000015258789,4.063000202178955,4.063000202178955,4.066999912261963,0.0,0.0,0.0,0.0,0.0,0.0
73.21982383728027,-0.4000000059604645,4.033999919891357,4.060999870300293,4.059000015258789,4.063000202178955,4.063000202178955,4.066999912261963,0.0,0.0,0.0,0.0,0.0,0.0
73.40034604072571,-0.4000000059604645,4.033999919891357,4.060999870300293,4.059000015258789,4.063000202178955,4.063000202178955,4.066999912261963,nan,nan,nan,nan,nan,nan
73.58034348487854,-0.4000000059604645,4.033999919891357,4.061999797821045,4.059000015258789,4.063000202178955,4.063000202178955,4.066999912261963,nan,nan,nan,nan,nan,nan
73.73988580703735,-0.4000000059604645,4.033999919891357,4.060999870300293,4.059000015258789,4.063000202178955,4.064000129699707,4.066999912261963,nan,nan,nan,nan,nan,nan
73.92053413391113,-0.38999998569488525,4.033999919891357,4.061999797821045,4.059000015258789,4.063000202178955,4.063000202178955,4.066999912261963,0.0,0.09999254943450207,0.0,0.0,0.09999254943450207,0.0
74.0798888206482,-0.4000000059604645,4.033999919891357,4.061999797821045,4.059000015258789,4.063000202178955,4.064000129699707,4.066999912261963,0.0,0.0,0.0,0.0,0.09999254943450207,0.0
74.2616879940033,-0.38999998569488525,4.033999919891357,4.060999870300293,4.059000015258789,4.063000202178955,4.063000202178955,4.066999912261963,0.0,0.09999254943450207,0.0,0.0,0.09999254943450207,0.0
74.44066190719604,-0.38999998569488525,4.033999919891357,4.060999870300293,4.059000015258789,4.063000202178955,4.064000129699707,4.066999912261963,nan,nan,nan,nan,nan,nan
74.6001546382904,-0.4000000059604645,4.033999919891357,4.060999870300293,4.059000015258789,4.063000202178955,4.063000202178955,4.066999912261963,0.0,0.0,0.0,0.0,0.09999254943450207,0.0
74.78151226043701,-0.4099999964237213,4.033999919891357,4.061999797821045,4.059000015258789,4.063000202178955,4.063000202178955,4.066999912261963,0.0,0.09999284743580573,0.0,0.0,0.0,0.0
74.94108867645264,-0.4000000059604645,4.033999919891357,4.060999870300293,4.059000015258789,4.063000202178955,4.063000202178955,4.066999912261963,0.0,0.09999284743580573,0.0,0.0,0.0,0.0
75.12025856971741,-0.4000000059604645,4.033999919891357,4.060999870300293,4.059000015258789,4.063000202178955,4.063000202178955,4.066999912261963,nan,nan,nan,nan,nan,nan
75.30165457725525,-0.4000000059604645,4.033999919891357,4.060999870300293,4.059000015258789,4.063000202178955,4.063000202178955,4.066999912261963,nan,nan,nan,nan,nan,nan
75.45959711074829,-0.38999998569488525,4.033999919891357,4.060999870300293,4.059000015258789,4.063000202178955,4.063000202178955,4.066999912261963,0.0,0.0,0.0,0.0,0.0,0.0
75.64010262489319,-0.4000000059604645,4.033999919891357,4.060999870300293,4.059000015258789,4.063000202178955,4.063000202178955,4.066999912261963,0.0,0.0,0.0,0.0,0.0,0.0
75.82039499282837,-0.38999998569488525,4.033999919891357,4.060999870300293,4.059000015258789,4.063000202178955,4.063000202178955,4.066999912261963,0.0,0.0,0.0,0.0,0.0,0.0
75.98158502578735,-0.4000000059604645,4.033999919891357,4.061999797821045,4.059000015258789,4.063000202178955,4.063000202178955,4.066999912261963,0.0,0.09999254943450207,0.0,0.0,0.0,0.0
76.16045904159546,-0.3799999952316284,4.033999919891357,4.060999870300293,4.059000015258789,4.063000202178955,4.063000202178955,4.066999912261963,0.0,0.04999634921746594,0.0,0.0,0.0,0.0
76.3199074268341,-0.38999998569488525,4.033999919891357,4.060999870300293,4.059000015258789,4.063000202178955,4.063000202178955,4.066999912261963,0.0,0.0,0.0,0.0,0.0,0.0
76.49986004829407,-0.4000000059604645,4.033999919891357,4.060999870300293,4.059000015258789,4.063000202178955,4.063000202178955,4.066999912261963,0.0,0.0,0.0,0.0,0.0,0.0
76.6805682182312,-0.38999998569488525,4.033999919891357,4.061999797821045,4.059000015258789,4.063000202178955,4.063000202178955,4.066999912261963,0.0,0.09999254943450207,0.0,0.0,0.0,0.0
76.83988332748413,-0.4000000059604645,4.033999919891357,4.060999870300293,4.059000015258789,4.063000202178955,4.063000202178955,4.066999912261963,0.0,0.09999254943450207,0.0,0.0,0.0,0.0
77.02165913581848,-0.4000000059604645,4.033999919891357,4.060999870300293,4.059000015258789,4.063000202178955,4.063000202178955,4.066999912261963,nan,nan,nan,nan,nan,nan
77.17966175079346,-0.4000000059604645,4.033999919891357,4.060999870300293,4.059000015258789,4.063000202178955,4.063000202178955,4.066999912261963,nan,nan,nan,nan,nan,nan
77.35991072654724,-0.4099999964237213,4.033999919891357,4.061999797821045,4.059000015258789,4.063000202178955,4.063000202178955,4.066999912261963,0.0,0.09999284743580573,0.0,0.0,0.0,0.0
77.54149103164673,-0.38999998569488525,4.033999919891357,4.060999870300293,4.059000015258789,4.063000202178955,4.063000202178955,4.066999912261963,0.0,0.04999634921746594,0.0,0.0,0.0,0.0
77.70010209083557,-0.4099999964237213,4.033999919891357,4.060999870300293,4.059000015258789,4.063000202178955,4.063000202178955,4.066999912261963,0.0,0.0,0.0,0.0,0.0,0.0
77.8800482749939,-0.4000000059604645,4.033999919891357,4.060999870300293,4.059000015258789,4.063000202178955,4.063000202178955,4.066999912261963,0.0,0.0,0.0,0.0,0.0,0.0
78.06044149398804,-0.38999998569488525,4.033999919891357,4.060999870300293,4.059000015258789,4.063000202178955,4.063000202178955,4.066999912261963,0.0,0.0,0.0,0.0,0.0,0.0
78.2198715209961,-0.38999998569488525,4.033999919891357,4.060999870300293,4.059000015258789,4.063000202178955,4.063000202178955,4.066999912261963,nan,nan,nan,nan,nan,nan
78.40033221244812,-0.4000000059604645,4.033999919891357,4.060999870300293,4.059000015258789,4.063000202178955,4.063000202178955,4.066999912261963,0.0,0.0,0.0,0.0,0.0,0.0
78.5597026348114,-0.4000000059604645,4.033999919891357,4.060999870300293,4.059000015258789,4.063000202178955,4.063000202178955,4.066999912261963,nan,nan,nan,nan,nan,nan
78.73992085456848,-0.4000000059604645,4.033999919891357,4.061999797821045,4.059000015258789,4.063000202178955,4.063000202178955,4.066999912261963,nan,nan,nan,nan,nan,nan
78.9204695224762,-0.4000000059604645,4.033999919891357,4.060999870300293,4.059000015258789,4.063000202178955,4.063000202178955,4.066999912261963,nan,nan,nan,nan,nan,nan
79.0798692703247,-0.4000000059604645,4.033999919891357,4.060999870300293,4.059000015258789,4.063000202178955,4.063000202178955,4.066999912261963,nan,nan,nan,nan,nan,nan
79.2616355419159,-0.4000000059604645,4.033999919891357,4.060999870300293,4.059000015258789,4.063000202178955,4.063000202178955,4.066999912261963,nan,nan,nan,nan,nan,nan
79.41971230506897,-0.4000000059604645,4.033999919891357,4.060999870300293,4.059000015258789,4.063000202178955,4.063000202178955,4.066999912261963,nan,nan,nan,nan,nan,nan
79.59991431236267,-0.4000000059604645,4.033999919891357,4.060999870300293,4.059000015258789,4.061999797821045,4.063000202178955,4.066999912261963,nan,nan,nan,nan,nan,nan
79.78000950813293,-0.4000000059604645,4.033999919891357,4.060999870300293,4.059000015258789,4.063000202178955,4.063000202178955,4.066999912261963,nan,nan,nan,nan,nan,nan
79.93983554840088,-0.38999998569488525,4.033999919891357,4.060999870300293,4.059000015258789,4.063000202178955,4.063000202178955,4.066999912261963,0.0,0.0,0.0,0.0,0.0,0.0
80.12020778656006,-0.4000000059604645,4.033999919891357,4.060999870300293,4.059000015258789,4.063000202178955,4.063000202178955,4.066999912261963,0.0,0.0,0.0,0.0,0.0,0.0
80.30162000656128,-0.4000000059604645,4.033999919891357,4.060999870300293,4.059000015258789,4.063000202178955,4.063000202178955,4.066999912261963,nan,nan,nan,nan,nan,nan
80.46070647239685,-0.41999998688697815,4.033999919891357,4.060999870300293,4.059000015258789,4.063000202178955,4.063000202178955,4.066999912261963,0.0,0.0,0.0,0.0,0.0,0.0
80.64093613624573,-0.4000000059604645,4.033999919891357,4.061999797821045,4.059000015258789,4.063000202178955,4.063000202178955,4.066999912261963,0.0,0.04999642371790287,0.0,0.0,0.0,0.0
80.80042600631714,-0.38999998569488525,4.033999919891357,4.060999870300293,4.059000015258789,4.063000202178955,4.063000202178955,4.066999912261963,0.0,0.09999254943450207,0.0,0.0,0.0,0.0
80.98084878921509,-0.4000000059604645,4.033999919891357,4.060999870300293,4.059000015258789,4.063000202178955,4.063000202178955,4.066999912261963,0.0,0.0,0.0,0.0,0.0,0.0
81.15984606742859,-0.38999998569488525,4.033999919891357,4.060999870300293,4.059000015258789,4.063000202178955,4.063000202178955,4.066999912261963,0.0,0.0,0.0,0.0,0.0,0.0
81.32071876525879,-0.4000000059604645,4.033999919891357,4.060999870300293,4.059000015258789,4.063000202178955,4.063000202178955,4.066999912261963,0.0,0.0,0.0,0.0,0.0,0.0
81.49984836578369,-0.4000000059604645,4.0329999923706055,4.060999870300293,4.059000015258789,4.063000202178955,4.063000202178955,4.066999912261963,nan,nan,nan,nan,nan,nan
81.66064310073853,-0.4000000059604645,4.033999919891357,4.060999870300293,4.059000015258789,4.061999797821045,4.063000202178955,4.066999912261963,nan,nan,nan,nan,nan,nan
81.84084415435791,-0.4000000059604645,4.033999919891357,4.060999870300293,4.059000015258789,4.061999797821045,4.063000202178955,4.066999912261963,nan,nan,nan,nan,nan,nan
82.01961088180542,-0.4000000059604645,4.033999919891357,4.060999870300293,4.059000015258789,4.063000202178955,4.063000202178955,4.066999912261963,nan,nan,nan,nan,nan,nan
82.18058347702026,-0.4000000059604645,4.033999919891357,4.060999870300293,4.059000015258789,4.063000202178955,4.063000202178955,4.066999912261963,nan,nan,nan,nan,nan,nan
82.36093521118164,-0.4000000059604645,4.033999919891357,4.060999870300293,4.059000015258789,4.063000202178955,4.063000202178955,4.066999912261963,nan,nan,nan,nan,nan,nan
82.53982210159302,-0.4000000059604645,4.033999919891357,4.060999870300293,4.059000015258789,4.061999797821045,4.063000202178955,4.066999912261963,nan,nan,nan,nan,nan,nan
82.69929647445679,-0.4099999964237213,4.033999919891357,4.060999870300293,4.059000015258789,4.063000202178955,4.064000129699707,4.066999912261963,0.0,0.0,0.0,0.10004053119710082,0.09999284743580573,0.0
82.8799500465393,-0.4000000059604645,4.033999919891357,4.060999870300293,4.059000015258789,4.063000202178955,4.063000202178955,4.066999912261963,0.0,0.0,0.0,0.0,0.09999284743580573,0.0
83.03936672210693,-0.4000000059604645,4.033999919891357,4.060999870300293,4.059000015258789,4.063000202178955,4.063000202178955,4.066999912261963,nan,nan,nan,nan,nan,nan
83.2196877002716,-0.4000000059604645,4.033999919891357,4.060999870300293,4.059000015258789,4.063000202178955,4.063000202178955,4.066999912261963,nan,nan,nan,nan,nan,nan
83.39999771118164,-0.4000000059604645,4.033999919891357,4.060999870300293,4.059000015258789,4.063000202178955,4.063000202178955,4.066999912261963,nan,nan,nan,nan,nan,nan
83.56070947647095,-0.38999998569488525,4.033999919891357,4.060999870300293,4.059000015258789,4.063000202178955,4.063000202178955,4.066999912261963,0.0,0.0,0.0,0.0,0.0,0.0
83.74111557006836,-0.4099999964237213,4.033999919891357,4.060999870300293,4.059000015258789,4.063000202178955,4.063000202178955,4.066999912261963,0.0,0.0,0.0,0.0,0.0,0.0
83.90036273002625,-0.41999998688697815,4.033999919891357,4.060999870300293,4.059000015258789,4.063000202178955,4.063000202178955,4.066999912261963,0.0,0.0,0.0,0.0,0.0,0.0
84.08108067512512,-0.4000000059604645,4.033999919891357,4.060999870300293,4.059000015258789,4.063000202178955,4.063000202178955,4.066999912261963,0.0,0.0,0.0,0.0,0.0,0.0
84.25962591171265,-0.4000000059604645,4.033999919891357,4.060999870300293,4.059000015258789,4.063000202178955,4.063000202178955,4.066999912261963,nan,nan,nan,nan,nan,nan
84.42048335075378,-0.4000000059604645,4.033999919891357,4.060999870300293,4.059000015258789,4.061999797821045,4.063000202178955,4.066999912261963,nan,nan,nan,nan,nan,nan
84.60096168518066,-0.4000000059604645,4.033999919891357,4.060999870300293,4.059000015258789,4.063000202178955,4.063000202178955,4.066999912261963,nan,nan,nan,nan,nan,nan
84.78051471710205,-0.4099999964237213,4.0329999923706055,4.060999870300293,4.059000015258789,4.063000202178955,4.063000202178955,4.066999912261963,0.09999284743580573,0.0,0.0,0.0,0.0,0.0
84.94034910202026,-0.4000000059604645,4.033999919891357,4.060999870300293,4.059000015258789,4.063000202178955,4.063000202178955,4.066999912261963,0.09999284743580573,0.0,0.0,0.0,0.0,0.0
85.12062740325928,-0.4099999964237213,4.033999919891357,4.060999870300293,4.059000015258789,4.061999797821045,4.063000202178955,4.066999912261963,0.0,0.0,0.0,0.10004053119710082,0.0,0.0
85.2800612449646,-0.4000000059604645,4.033999919891357,4.060999870300293,4.059000015258789,4.063000202178955,4.063000202178955,4.066999912261963,0.0,0.0,0.0,0.10004053119710082,0.0,0.0
85.46017479896545,-0.4000000059604645,4.033999919891357,4.060999870300293,4.059000015258789,4.063000202178955,4.063000202178955,4.066999912261963,nan,nan,nan,nan,nan,nan
85.63924598693848,-0.3799999952316284,4.033999919891357,4.060999870300293,4.059000015258789,4.061999797821045,4.063000202178955,4.066999912261963,0.0,0.0,0.0,0.05002019106258633,0.0,0.0
85.80061531066895,-0.4000000059604645,4.033999919891357,4.060999870300293,4.059000015258789,4.063000202178955,4.063000202178955,4.066999912261963,0.0,0.0,0.0,0.05002019106258633,0.0,0.0
85.97955441474915,-0.3799999952316284,4.033999919891357,4.060999870300293,4.059000015258789,4.061999797821045,4.063000202178955,4.066999912261963,0.0,0.0,0.0,0.05002019106258633,0.0,0.0
86.1409559249878,-0.4000000059604645,4.0329999923706055,4.060999870300293,4.059000015258789,4.063000202178955,4.063000202178955,4.066999912261963,0.04999634921746594,0.0,0.0,0.05002019106258633,0.0,0.0
86.32067942619324,-0.38999998569488525,4.0329999923706055,4.060999870300293,4.059000015258789,4.061999797821045,4.063000202178955,4.066999912261963,0.0,0.0,0.0,0.10004023305368878,0.0,0.0
86.50078701972961,-0.4000000059604645,4.033999919891357,4.060999870300293,4.059000015258789,4.061999797821045,4.063000202178955,4.066999912261963,0.09999254943450207,0.0,0.0,0.0,0.0,0.0
86.66031384468079,-0.4000000059604645,4.033999919891357,4.060999870300293,4.059000015258789,4.063000202178955,4.063000202178955,4.066999912261963,nan,nan,nan,nan,nan,nan
86.84072995185852,-0.4000000059604645,4.033999919891357,4.060999870300293,4.059000015258789,4.061999797821045,4.063000202178955,4.066999912261963,nan,nan,nan,nan,nan,nan
87.01948189735413,-0.4000000059604645,4.033999919891357,4.060999870300293,4.059000015258789,4.063000202178955,4.063000202178955,4.066999912261963,nan,nan,nan,nan,nan,nan
87.18071126937866,-0.4000000059604645,4.0329999923706055,4.060999870300293,4.059000015258789,4.063000202178955,4.063000202178955,4.066999912261963,nan,nan,nan,nan,nan,nan
87.35977053642273,-0.4000000059604645,4.033999919891357,4.060999870300293,4.059000015258789,4.063000202178955,4.063000202178955,4.066999912261963,nan,nan,nan,nan,nan,nan
87.52154278755188,-0.4000000059604645,4.033999919891357,4.060999870300293,4.059000015258789,4.063000202178955,4.063000202178955,4.066999912261963,nan,nan,nan,nan,nan,nan
87.70048642158508,-0.4000000059604645,4.0329999923706055,4.060999870300293,4.059000015258789,4.061999797821045,4.063000202178955,4.066999912261963,nan,nan,nan,nan,nan,nan
87.88044834136963,-0.4000000059604645,4.033999919891357,4.060999870300293,4.059000015258789,4.063000202178955,4.063000202178955,4.066999912261963,nan,nan,nan,nan,nan,nan
88.04155778884888,-0.38999998569488525,4.0329999923706055,4.060999870300293,4.059000015258789,4.061999797821045,4.063000202178955,4.066999912261963,0.09999254943450207,0.0,0.0,0.10004023305368878,0.0,0.0
88.22032165527344,-0.38999998569488525,4.033999919891357,4.060999870300293,4.059000015258789,4.063000202178955,4.063000202178955,4.066999912261963,nan,nan,nan,nan,nan,nan
88.37996053695679,-0.4000000059604645,4.0329999923706055,4.060999870300293,4.059000015258789,4.061999797821045,4.063000202178955,4.066999912261963,0.09999254943450207,0.0,0.0,0.10004023305368878,0.0,0.0
88.5599114894867,-0.4099999964237213,4.0329999923706055,4.060999870300293,4.059000015258789,4.061999797821045,4.063000202178955,4.066999912261963,0.0,0.0,0.0,0.0,0.0,0.0
88.73987340927124,-0.4099999964237213,4.0329999923706055,4.060999870300293,4.059000015258789,4.063000202178955,4.063000202178955,4.066999912261963,nan,nan,nan,nan,nan,nan
88.89947533607483,-0.4000000059604645,4.0329999923706055,4.060999870300293,4.059000015258789,4.061999797821045,4.063000202178955,4.066999912261963,0.0,0.0,0.0,0.10004053119710082,0.0,0.0
89.0798270702362,-0.4000000059604645,4.0329999923706055,4.060999870300293,4.059000015258789,4.061999797821045,4.063000202178955,4.066999912261963,nan,nan,nan,nan,nan,nan
89.24061751365662,-0.4300000071525574,4.0329999923706055,4.060999870300293,4.059000015258789,4.061999797821045,4.063000202178955,4.066999912261963,0.0,0.0,0.0,0.0,0.0,0.0
89.41937708854675,-0.4300000071525574,4.0329999923706055,4.060999870300293,4.058000087738037,4.063000202178955,4.063000202178955,4.066999912261963,nan,nan,nan,nan,nan,nan
89.59950733184814,-0.41999998688697815,4.0329999923706055,4.060999870300293,4.059000015258789,4.061999797821045,4.063000202178955,4.065999984741211,0.0,0.0,0.09999254943450207,0.10004023305368878,0.0,0.09999254943450207
89.76059889793396,-0.44999998807907104,4.0329999923706055,4.060999870300293,4.059000015258789,4.061999797821045,4.063000202178955,4.066999912261963,0.0,0.0,0.0,0.0,0.0,0.033330916033946834
89.94080996513367,-0.41999998688697815,4.0329999923706055,4.060999870300293,4.059000015258789,4.063000202178955,4.063000202178955,4.065999984741211,0.0,0.0,0.0,0.03334681060525534,0.0,0.033330916033946834
90.11930918693542,-0.4300000071525574,4.0329999923706055,4.060999870300293,4.059000015258789,4.061999797821045,4.063000202178955,4.066999912261963,0.0,0.0,0.0,0.10004023305368878,0.0,0.09999254943450207
90.28069996833801,-0.4099999964237213,4.0329999923706055,4.060999870300293,4.059000015258789,4.061999797821045,4.063000202178955,4.065999984741211,0.0,0.0,0.0,0.0,0.0,0.04999634921746594
90.45966362953186,-0.41999998688697815,4.0329999923706055,4.060999870300293,4.058000087738037,4.061999797821045,4.063000202178955,4.066999912261963,0.0,0.0,0.09999284743580573,0.0,0.0,0.09999284743580573
90.62070608139038,-0.4099999964237213,4.0329999923706055,4.060999870300293,4.059000015258789,4.063000202178955,4.063000202178955,4.066999912261963,0.0,0.0,0.09999284743580573,0.10004053119710082,0.0,0.0
90.79946565628052,-0.41999998688697815,4.0329999923706055,4.060999870300293,4.058000087738037,4.061999797821045,4.063000202178955,4.065999984741211,0.0,0.0,0.09999284743580573,0.10004053119710082,0.0,0.09999284743580573
90.9802017211914,-0.4300000071525574,4.0329999923706055,4.060999870300293,4.059000015258789,4.061999797821045,4.063000202178955,4.066999912261963,0.0,0.0,0.09999254943450207,0.0,0.0,0.09999254943450207
91.14088654518127,-0.41999998688697815,4.0329999923706055,4.060999870300293,4.059000015258789,4.061999797821045,4.063000202178955,4.066999912261963,0.0,0.0,0.0,0.0,0.0,0.0
91.31959366798401,-0.4300000071525574,4.0329999923706055,4.060999870300293,4.058000087738037,4.061999797821045,4.063000202178955,4.066999912261963,0.0,0.0,0.09999254943450207,0.0,0.0,0.0
91.48086285591125,-0.41999998688697815,4.0329999923706055,4.060999870300293,4.059000015258789,4.063000202178955,4.063000202178955,4.066999912261963,0.0,0.0,0.09999254943450207,0.10004023305368878,0.0,0.0
91.66082096099854,-0.41999998688697815,4.0329999923706055,4.060999870300293,4.059000015258789,4.061999797821045,4.063000202178955,4.066999912261963,nan,nan,nan,nan,nan,nan
91.83980298042297,-0.4300000071525574,4.0329999923706055,4.060999870300293,4.059000015258789,4.061999797821045,4.063000202178955,4.066999912261963,0.0,0.0,0.0,0.0,0.0,0.0
91.99951767921448,-0.41999998688697815,4.0329999923706055,4.060999870300293,4.059000015258789,4.061999797821045,4.063000202178955,4.066999912261963,0.0,0.0,0.0,0.0,0.0,0.0
92.17976450920105,-0.4099999964237213,4.0329999923706055,4.060999870300293,4.058000087738037,4.061999797821045,4.063000202178955,4.066999912261963,0.0,0.0,0.09999284743580573,0.0,0.0,0.0
92.35992455482483,-0.41999998688697815,4.0329999923706055,4.060999870300293,4.058000087738037,4.063000202178955,4.063000202178955,4.066999912261963,0.0,0.0,0.0,0.10004053119710082,0.0,0.0
92.5208101272583,-0.41999998688697815,4.0329999923706055,4.060999870300293,4.058000087738037,4.061999797821045,4.063000202178955,4.065999984741211,nan,nan,nan,nan,nan,nan
92.69980502128601,-0.41999998688697815,4.0329999923706055,4.060999870300293,4.058000087738037,4.061999797821045,4.063000202178955,4.065999984741211,nan,nan,nan,nan,nan,nan
92.86072611808777,-0.4300000071525574,4.0329999923706055,4.060999870300293,4.058000087738037,4.061999797821045,4.063000202178955,4.065999984741211,0.0,0.0,0.0,0.0,0.0,0.0
93.03952383995056,-0.4399999976158142,4.0329999923706055,4.060999870300293,4.058000087738037,4.061999797821045,4.063000202178955,4.066999912261963,0.0,0.0,0.0,0.0,0.0,0.09999284743580573
93.21997475624084,-0.4099999964237213,4.0329999923706055,4.060999870300293,4.059000015258789,4.061999797821045,4.063000202178955,4.065999984741211,0.0,0.0,0.033330916033946834,0.0,0.0,0.033330916033946834
93.37958884239197,-0.4000000059604645,4.0329999923706055,4.060999870300293,4.059000015258789,4.061999797821045,4.063000202178955,4.065999984741211,0.0,0.0,0.0,0.0,0.0,0.0
93.55968141555786,-0.4000000059604645,4.0329999923706055,4.060999870300293,4.058000087738037,4.061999797821045,4.063000202178955,4.065999984741211,nan,nan,nan,nan,nan,nan
93.72069787979126,-0.4000000059604645,4.0329999923706055,4.060999870300293,4.059000015258789,4.061999797821045,4.063000202178955,4.066999912261963,nan,nan,nan,nan,nan,nan
93.90100955963135,-0.4000000059604645,4.0329999923706055,4.060999870300293,4.059000015258789,4.061999797821045,4.063000202178955,4.066999912261963,nan,nan,nan,nan,nan,nan
94.07982897758484,-0.4000000059604645,4.0329999923706055,4.060999870300293,4.058000087738037,4.061999797821045,4.063000202178955,4.066999912261963,nan,nan,nan,nan,nan,nan
94.23973274230957,-0.4099999964237213,4.0329999923706055,4.060999870300293,4.058000087738037,4.063000202178955,4.063000202178955,4.065999984741211,0.0,0.0,0.0,0.10004053119710082,0.0,0.09999284743580573
94.41966152191162,-0.4000000059604645,4.0329999923706055,4.060999870300293,4.059000015258789,4.061999797821045,4.063000202178955,4.066999912261963,0.0,0.0,0.09999284743580573,0.10004053119710082,0.0,0.09999284743580573
94.60146117210388,-0.38999998569488525,4.0329999923706055,4.060999870300293,4.058000087738037,4.061999797821045,4.063000202178955,4.066999912261963,0.0,0.0,0.09999254943450207,0.0,0.0,0.0
94.75944828987122,-0.4000000059604645,4.0329999923706055,4.060999870300293,4.059000015258789,4.061999797821045,4.063000202178955,4.066999912261963,0.0,0.0,0.09999254943450207,0.0,0.0,0.0
94.93983244895935,-0.4000000059604645,4.0329999923706055,4.060999870300293,4.059000015258789,4.063000202178955,4.063000202178955,4.065999984741211,nan,nan,nan,nan,nan,nan
95.10093832015991,-0.4000000059604645,4.0329999923706055,4.060999870300293,4.058000087738037,4.063000202178955,4.063000202178955,4.066999912261963,nan,nan,nan,nan,nan,nan
95.27988076210022,-0.4000000059604645,4.0329999923706055,4.060999870300293,4.058000087738037,4.061999797821045,4.063000202178955,4.066999912261963,nan,nan,nan,nan,nan,nan
95.46002340316772,-0.4099999964237213,4.0329999923706055,4.060999870300293,4.058000087738037,4.061999797821045,4.063000202178955,4.066999912261963,0.0,0.0,0.0,0.0,0.0,0.0
95.61999201774597,-0.4000000059604645,4.0329999923706055,4.060999870300293,4.059000015258789,4.061999797821045,4.063000202178955,4.066999912261963,0.0,0.0,0.09999284743580573,0.0,0.0,0.0
95.80013799667358,-0.4000000059604645,4.0329999923706055,4.060999870300293,4.058000087738037,4.061999797821045,4.063000202178955,4.066999912261963,nan,nan,nan,nan,nan,nan
95.95971298217773,-0.4000000059604645,4.0329999923706055,4.060999870300293,4.058000087738037,4.061999797821045,4.063000202178955,4.066999912261963,nan,nan,nan,nan,nan,nan
96.14004588127136,-0.4000000059604645,4.0329999923706055,4.060999870300293,4.059000015258789,4.061999797821045,4.063000202178955,4.066999912261963,nan,nan,nan,nan,nan,nan
96.32045316696167,-0.38999998569488525,4.0329999923706055,4.060999870300293,4.058000087738037,4.061999797821045,4.063000202178955,4.066999912261963,0.0,0.0,0.09999254943450207,0.0,0.0,0.0
96.47953844070435,-0.38999998569488525,4.0329999923706055,4.060999870300293,4.059000015258789,4.061999797821045,4.063000202178955,4.066999912261963,nan,nan,nan,nan,nan,nan
96.66003108024597,-0.4000000059604645,4.0329999923706055,4.060999870300293,4.058000087738037,4.061999797821045,4.063000202178955,4.066999912261963,0.0,0.0,0.09999254943450207,0.0,0.0,0.0
96.84059548377991,-0.38999998569488525,4.0329999923706055,4.060999870300293,4.058000087738037,4.061999797821045,4.063000202178955,4.066999912261963,0.0,0.0,0.0,0.0,0.0,0.0
97.00137114524841,-0.4000000059604645,4.0329999923706055,4.060999870300293,4.058000087738037,4.061999797821045,4.063000202178955,4.066999912261963,0.0,0.0,0.0,0.0,0.0,0.0
97.17984175682068,-0.4000000059604645,4.0329999923706055,4.060999870300293,4.058000087738037,4.061999797821045,4.063000202178955,4.066999912261963,nan,nan,nan,nan,nan,nan
97.34068131446838,-0.4000000059604645,4.0329999923706055,4.060999870300293,4.059000015258789,4.061999797821045,4.063000202178955,4.066999912261963,nan,nan,nan,nan,nan,nan
97.5218152999878,-0.4000000059604645,4.0329999923706055,4.060999870300293,4.058000087738037,4.061999797821045,4.063000202178955,4.066999912261963,nan,nan,nan,nan,nan,nan
97.69941806793213,-0.38999998569488525,4.0329999923706055,4.060999870300293,4.058000087738037,4.063000202178955,4.063000202178955,4.066999912261963,0.0,0.0,0.0,0.10004023305368878,0.0,0.0
97.86107325553894,-0.3799999952316284,4.0329999923706055,4.060999870300293,4.058000087738037,4.061999797821045,4.063000202178955,4.065999984741211,0.0,0.0,0.0,0.10004053119710082,0.0,0.09999284743580573
98.04088354110718,-0.4000000059604645,4.0329999923706055,4.060999870300293,4.058000087738037,4.063000202178955,4.063000202178955,4.066999912261963,0.0,0.0,0.0,0.05002019106258633,0.0,0.04999634921746594
98.20057892799377,-0.4000000059604645,4.0329999923706055,4.060999870300293,4.058000087738037,4.061999797821045,4.063000202178955,4.066999912261963,nan,nan,nan,nan,nan,nan
98.38078999519348,-0.4000000059604645,4.0329999923706055,4.060999870300293,4.058000087738037,4.061999797821045,4.063000202178955,4.065999984741211,nan,nan,nan,nan,nan,nan
98.56068158149719,-0.4000000059604645,4.0329999923706055,4.060999870300293,4.059000015258789,4.061999797821045,4.063000202178955,4.065999984741211,nan,nan,nan,nan,nan,nan
98.72024011611938,-0.4099999964237213,4.0329999923706055,4.060999870300293,4.058000087738037,4.061999797821045,4.063000202178955,4.066999912261963,0.0,0.0,0.09999284743580573,0.0,0.0,0.09999284743580573
98.90042352676392,-0.4000000059604645,4.0329999923706055,4.060999870300293,4.059000015258789,4.061999797821045,4.063000202178955,4.066999912261963,0.0,0.0,0.09999284743580573,0.0,0.0,0.0
99.05999779701233,-0.4000000059604645,4.0329999923706055,4.060999870300293,4.059000015258789,4.061999797821045,4.063000202178955,4.066999912261963,nan,nan,nan,nan,nan,nan
99.24056649208069,-0.4000000059604645,4.0329999923706055,4.060999870300293,4.058000087738037,4.061999797821045,4.063000202178955,4.066999912261963,nan,nan,nan,nan,nan,nan
99.42061567306519,-0.38999998569488525,4.0329999923706055,4.060999870300293,4.058000087738037,4.061999797821045,4.063000202178955,4.065999984741211,0.0,0.0,0.0,0.0,0.0,0.09999254943450207
99.58154964447021,-0.4099999964237213,4.0329999923706055,4.060999870300293,4.058000087738037,4.061999797821045,4.063000202178955,4.066999912261963,0.0,0.0,0.0,0.0,0.0,0.04999634921746594
99.7603166103363,-0.4000000059604645,4.0329999923706055,4.060999870300293,4.059000015258789,4.061999797821045,4.063000202178955,4.065999984741211,0.0,0.0,0.09999284743580573,0.0,0.0,0.09999284743580573
99.94058966636658,-0.38999998569488525,4.0329999923706055,4.060999870300293,4.059000015258789,4.061999797821045,4.063000202178955,4.065999984741211,0.0,0.0,0.0,0.0,0.0,0.0
100.10011458396912,-0.4099999964237213,4.0329999923706055,4.060999870300293,4.058000087738037,4.063000202178955,4.063000202178955,4.066999912261963,0.0,0.0,0.04999634921746594,0.05002019106258633,0.0,0.04999634921746594
100.28042507171631,-0.4000000059604645,4.0329999923706055,4.060999870300293,4.058000087738037,4.061999797821045,4.063000202178955,4.065999984741211,0.0,0.0,0.0,0.10004053119710082,0.0,0.09999284743580573
100.44109082221985,-0.4000000059604645,4.0329999923706055,4.060999870300293,4.058000087738037,4.061999797821045,4.063000202178955,4.065999984741211,nan,nan,nan,nan,nan,nan
100.62041521072388,-0.41999998688697815,4.0329999923706055,4.060999870300293,4.058000087738037,4.061999797821045,4.063000202178955,4.065999984741211,0.0,0.0,0.0,0.0,0.0,0.0
100.79990792274475,-0.4000000059604645,4.0329999923706055,4.060999870300293,4.058000087738037,4.061999797821045,4.063000202178955,4.066999912261963,0.0,0.0,0.0,0.0,0.0,0.04999642371790287
100.95970392227173,-0.4000000059604645,4.0329999923706055,4.060999870300293,4.059000015258789,4.061999797821045,4.063000202178955,4.066999912261963,nan,nan,nan,nan,nan,nan
101.13996076583862,-0.4099999964237213,4.0329999923706055,4.060999870300293,4.058000087738037,4.061999797821045,4.063000202178955,4.065999984741211,0.0,0.0,0.09999284743580573,0.0,0.0,0.09999284743580573
101.30110478401184,-0.4099999964237213,4.0329999923706055,4.060999870300293,4.058000087738037,4.061999797821045,4.063000202178955,4.066999912261963,nan,nan,nan,nan,nan,nan
101.479984998703,-0.4000000059604645,4.0329999923706055,4.060999870300293,4.058000087738037,4.061999797821045,4.063000202178955,4.065999984741211,0.0,0.0,0.0,0.0,0.0,0.09999284743580573
101.66016030311584,-0.4000000059604645,4.0329999923706055,4.060999870300293,4.059000015258789,4.061999797821045,4.063000202178955,4.065999984741211,nan,nan,nan,nan,nan,nan
101.81967878341675,-0.4099999964237213,4.0329999923706055,4.060999870300293,4.059000015258789,4.061999797821045,4.063000202178955,4.065999984741211,0.0,0.0,0.0,0.0,0.0,0.0
102.00006699562073,-0.4000000059604645,4.0329999923706055,4.060999870300293,4.059000015258789,4.061999797821045,4.063000202178955,4.065999984741211,0.0,0.0,0.0,0.0,0.0,0.0
102.18036341667175,-0.4000000059604645,4.0329999923706055,4.060999870300293,4.058000087738037,4.061999797821045,4.063000202178955,4.066999912261963,nan,nan,nan,nan,nan,nan
102.33988976478577,-0.4000000059604645,4.0329999923706055,4.060999870300293,4.058000087738037,4.061999797821045,4.063000202178955,4.065999984741211,nan,nan,nan,nan,nan,nan
102.5200092792511,-0.3799999952316284,4.0329999923706055,4.060999870300293,4.058000087738037,4.061999797821045,4.063000202178955,4.066999912261963,0.0,0.0,0.0,0.0,0.0,0.04999634921746594
102.6804747581482,-0.4099999964237213,4.0329999923706055,4.060999870300293,4.058000087738037,4.061999797821045,4.063000202178955,4.066999912261963,0.0,0.0,0.0,0.0,0.0,0.0
102.86067128181458,-0.4000000059604645,4.0329999923706055,4.060999870300293,4.058000087738037,4.061999797821045,4.063000202178955,4.066999912261963,0.0,0.0,0.0,0.0,0.0,0.0
103.0394196510315,-0.4000000059604645,4.0329999923706055,4.060999870300293,4.058000087738037,4.061999797821045,4.063000202178955,4.066999912261963,nan,nan,nan,nan,nan,nan
103.20054292678833,-0.4000000059604645,4.0329999923706055,4.060999870300293,4.058000087738037,4.061999797821045,4.063000202178955,4.065999984741211,nan,nan,nan,nan,nan,nan
103.37913227081299,-0.38999998569488525,4.0329999923706055,4.060999870300293,4.058000087738037,4.061999797821045,4.063000202178955,4.065999984741211,0.0,0.0,0.0,0.0,0.0,0.0
103.54028677940369,-0.4000000059604645,4.0329999923706055,4.060999870300293,4.058000087738037,4.061999797821045,4.063000202178955,4.065999984741211,0.0,0.0,0.0,0.0,0.0,0.0
103.72068452835083,-0.4399999976158142,4.0329999923706055,4.060999870300293,4.058000087738037,4.061999797821045,4.063000202178955,4.066999912261963,0.0,0.0,0.0,0.0,0.0,0.024998193233828327
103.90080118179321,-0.41999998688697815,4.0329999923706055,4.060999870300293,4.059000015258789,4.061999797821045,4.063000202178955,4.066999912261963,0.0,0.0,0.04999634921746594,0.0,0.0,0.0
104.06045579910278,-0.4000000059604645,4.0329999923706055,4.060999870300293,4.059000015258789,4.061999797821045,4.063000202178955,4.065999984741211,0.0,0.0,0.0,0.0,0.0,0.04999642371790287
104.24107217788696,-0.4000000059604645,4.0329999923706055,4.060999870300293,4.058000087738037,4.061999797821045,4.063000202178955,4.065999984741211,nan,nan,nan,nan,nan,nan
104.39988803863525,-0.4000000059604645,4.0329999923706055,4.060999870300293,4.058000087738037,4.061999797821045,4.063000202178955,4.065999984741211,nan,nan,nan,nan,nan,nan
104.5804283618927,-0.4000000059604645,4.0329999923706055,4.060999870300293,4.058000087738037,4.061999797821045,4.063000202178955,4.065999984741211,nan,nan,nan,nan,nan,nan
104.76083302497864,-0.4000000059604645,4.0329999923706055,4.060999870300293,4.059000015258789,4.061999797821045,4.063000202178955,4.065999984741211,nan,nan,nan,nan,nan,nan
104.92018151283264,-0.38999998569488525,4.0329999923706055,4.060999870300293,4.058000087738037,4.061999797821045,4.063000202178955,4.066999912261963,0.0,0.0,0.09999254943450207,0.0,0.0,0.09999254943450207
105.10068011283875,-0.4099999964237213,4.0329999923706055,4.060999870300293,4.058000087738037,4.061999797821045,4.063000202178955,4.065999984741211,0.0,0.0,0.0,0.0,0.0,0.04999634921746594
105.27944946289062,-0.4000000059604645,4.0329999923706055,4.060999870300293,4.059000015258789,4.061999797821045,4.063000202178955,4.065999984741211,0.0,0.0,0.09999284743580573,0.0,0.0,0.0
105.44038844108582,-0.4000000059604645,4.0329999923706055,4.060999870300293,4.058000087738037,4.061999797821045,4.063000202178955,4.066999912261963,nan,nan,nan,nan,nan,nan
105.6207640171051,-0.38999998569488525,4.0329999923706055,4.060999870300293,4.058000087738037,4.061999797821045,4.063000202178955,4.066999912261963,0.0,0.0,0.0,0.0,0.0,0.0
105.78023052215576,-0.4099999964237213,4.0329999923706055,4.060999870300293,4.058000087738037,4.061999797821045,4.063000202178955,4.065999984741211,0.0,0.0,0.0,0.0,0.0,0.04999634921746594
105.96065211296082,-0.4000000059604645,4.0329999923706055,4.060999870300293,4.058000087738037,4.061999797821045,4.063000202178955,4.066999912261963,0.0,0.0,0.0,0.0,0.0,0.09999284743580573
106.14090394973755,-0.4099999964237213,4.0329999923706055,4.060999870300293,4.058000087738037,4.061999797821045,4.063000202178955,4.065999984741211,0.0,0.0,0.0,0.0,0.0,0.09999284743580573
106.30070996284485,-0.4000000059604645,4.0329999923706055,4.060999870300293,4.058000087738037,4.061999797821045,4.063000202178955,4.066999912261963,0.0,0.0,0.0,0.0,0.0,0.09999284743580573
106.48050045967102,-0.4000000059604645,4.0329999923706055,4.060999870300293,4.058000087738037,4.061999797821045,4.063000202178955,4.065999984741211,nan,nan,nan,nan,nan,nan
106.6399896144867,-0.4000000059604645,4.0329999923706055,4.060999870300293,4.058000087738037,4.061999797821045,4.063000202178955,4.065999984741211,nan,nan,nan,nan,nan,nan
106.82187414169312,-0.4000000059604645,4.0329999923706055,4.060999870300293,4.058000087738037,4.061999797821045,4.063000202178955,4.066999912261963,nan,nan,nan,nan,nan,nan
107.00071334838867,-0.4000000059604645,4.0329999923706055,4.060999870300293,4.058000087738037,4.061999797821045,4.063000202178955,4.066999912261963,nan,nan,nan,nan,nan,nan
107.16020274162292,-0.4000000059604645,4.0329999923706055,4.060999870300293,4.058000087738037,4.061999797821045,4.063000202178955,4.065999984741211,nan,nan,nan,nan,nan,nan
107.34050226211548,-0.38999998569488525,4.0329999923706055,4.060999870300293,4.058000087738037,4.061999797821045,4.063000202178955,4.065999984741211,0.0,0.0,0.0,0.0,0.0,0.0
107.51927614212036,-0.4000000059604645,4.0329999923706055,4.060999870300293,4.058000087738037,4.061999797821045,4.063000202178955,4.066999912261963,0.0,0.0,0.0,0.0,0.0,0.09999254943450207
107.6804769039154,-0.38999998569488525,4.0320000648498535,4.060999870300293,4.058000087738037,4.061999797821045,4.063000202178955,4.066999912261963,0.09999254943450207,0.0,0.0,0.0,0.0,0.0
107.85934519767761,-0.4000000059604645,4.0329999923706055,4.060999870300293,4.058000087738037,4.061999797821045,4.061999797821045,4.065999984741211,0.09999254943450207,0.0,0.0,0.0,0.10004023305368878,0.09999254943450207
108.02049994468689,-0.4000000059604645,4.0329999923706055,4.060999870300293,4.058000087738037,4.061999797821045,4.063000202178955,4.065999984741211,nan,nan,nan,nan,nan,nan
108.19925022125244,-0.4099999964237213,4.0320000648498535,4.060999870300293,4.058000087738037,4.061999797821045,4.063000202178955,4.065999984741211,0.09999284743580573,0.0,0.0,0.0,0.0,0.0
108.37936592102051,-0.4099999964237213,4.0329999923706055,4.060999870300293,4.058000087738037,4.061999797821045,4.063000202178955,4.065999984741211,nan,nan,nan,nan,nan,nan
108.54075455665588,-0.4000000059604645,4.0320000648498535,4.060999870300293,4.058000087738037,4.061999797821045,4.063000202178955,4.065999984741211,0.09999284743580573,0.0,0.0,0.0,0.0,0.0
108.71942615509033,-0.38999998569488525,4.0329999923706055,4.060999870300293,4.058000087738037,4.061999797821045,4.063000202178955,4.065999984741211,0.09999254943450207,0.0,0.0,0.0,0.0,0.0
108.89999485015869,-0.4000000059604645,4.0329999923706055,4.060999870300293,4.059000015258789,4.061999797821045,4.063000202178955,4.065999984741211,0.0,0.0,0.09999254943450207,0.0,0.0,0.0
109.05940055847168,-0.38999998569488525,4.0329999923706055,4.060999870300293,4.058000087738037,4.061999797821045,4.063000202178955,4.065999984741211,0.0,0.0,0.09999254943450207,0.0,0.0,0.0
109.24017477035522,-0.41999998688697815,4.0329999923706055,4.060999870300293,4.058000087738037,4.061999797821045,4.063000202178955,4.065999984741211,0.0,0.0,0.0,0.0,0.0,0.0
109.40050506591797,-0.4099999964237213,4.0329999923706055,4.060999870300293,4.058000087738037,4.061999797821045,4.063000202178955,4.065999984741211,0.0,0.0,0.0,0.0,0.0,0.0
109.58102774620056,-0.38999998569488525,4.0329999923706055,4.060999870300293,4.058000087738037,4.061999797821045,4.063000202178955,4.066999912261963,0.0,0.0,0.0,0.0,0.0,0.04999634921746594
109.75970411300659,-0.41999998688697815,4.0329999923706055,4.060999870300293,4.058000087738037,4.061999797821045,4.063000202178955,4.065999984741211,0.0,0.0,0.0,0.0,0.0,0.033330916033946834
109.92053198814392,-0.4099999964237213,4.0329999923706055,4.060999870300293,4.058000087738037,4.061999797821045,4.063000202178955,4.065999984741211,0.0,0.0,0.0,0.0,0.0,0.0
110.10086154937744,-0.4000000059604645,4.0329999923706055,4.060999870300293,4.058000087738037,4.061999797821045,4.061999797821045,4.065999984741211,0.0,0.0,0.0,0.0,0.10004053119710082,0.0
110.26058745384216,-0.4000000059604645,4.0329999923706055,4.060999870300293,4.058000087738037,4.063000202178955,4.063000202178955,4.065999984741211,nan,nan,nan,nan,nan,nan
110.4409282207489,-0.3799999952316284,4.0320000648498535,4.060999870300293,4.058000087738037,4.061999797821045,4.063000202178955,4.065999984741211,0.04999634921746594,0.0,0.0,0.05002019106258633,0.0,0.0
110.6211428642273,-0.4000000059604645,4.0320000648498535,4.060999870300293,4.058000087738037,4.061999797821045,4.063000202178955,4.065999984741211,0.0,0.0,0.0,0.0,0.0,0.0
110.78052401542664,-0.4000000059604645,4.0329999923706055,4.059999942779541,4.058000087738037,4.061999797821045,4.063000202178955,4.065999984741211,nan,nan,nan,nan,nan,nan
110.9606020450592,-0.3799999952316284,4.0329999923706055,4.060999870300293,4.058000087738037,4.061999797821045,4.063000202178955,4.065999984741211,0.0,0.04999634921746594,0.0,0.0,0.0,0.0
111.13951826095581,-0.4000000059604645,4.0329999923706055,4.060999870300293,4.058000087738037,4.061999797821045,4.063000202178955,4.065999984741211,0.0,0.0,0.0,0.0,0.0,0.0
111.30045127868652,-0.4000000059604645,4.0320000648498535,4.060999870300293,4.058000087738037,4.061999797821045,4.061999797821045,4.065999984741211,nan,nan,nan,nan,nan,nan
111.48049902915955,-0.4000000059604645,4.0320000648498535,4.060999870300293,4.058000087738037,4.061999797821045,4.061999797821045,4.066999912261963,nan,nan,nan,nan,nan,nan
111.64163398742676,-0.4000000059604645,4.0329999923706055,4.060999870300293,4.058000087738037,4.061999797821045,4.061999797821045,4.065999984741211,nan,nan,nan,nan,nan,nan
111.82013869285583,-0.4000000059604645,4.0329999923706055,4.060999870300293,4.058000087738037,4.061999797821045,4.063000202178955,4.065999984741211,nan,nan,nan,nan,nan,nan
112.00033187866211,-0.4000000059604645,4.0320000648498535,4.060999870300293,4.058000087738037,4.061999797821045,4.063000202178955,4.066999912261963,nan,nan,nan,nan,nan,nan
112.16114139556885,-0.4000000059604645,4.0329999923706055,4.060999870300293,4.058000087738037,4.061999797821045,4.063000202178955,4.065999984741211,nan,nan,nan,nan,nan,nan
112.34156346321106,-0.4000000059604645,4.0320000648498535,4.060999870300293,4.058000087738037,4.061999797821045,4.063000202178955,4.065999984741211,nan,nan,nan,nan,nan,nan
112.50206589698792,-0.4000000059604645,4.0329999923706055,4.060999870300293,4.058000087738037,4.061999797821045,4.063000202178955,4.065999984741211,nan,nan,nan,nan,nan,nan
112.68242502212524,-0.4099999964237213,4.0329999923706055,4.060999870300293,4.058000087738037,4.061999797821045,4.063000202178955,4.065999984741211,0.0,0.0,0.0,0.0,0.0,0.0
112.86220741271973,-0.4000000059604645,4.0320000648498535,4.060999870300293,4.058000087738037,4.061999797821045,4.063000202178955,4.065999984741211,0.09999284743580573,0.0,0.0,0.0,0.0,0.0
113.0217125415802,-0.4000000059604645,4.0329999923706055,4.060999870300293,4.058000087738037,4.061999797821045,4.063000202178955,4.065999984741211,nan,nan,nan,nan,nan,nan
113.20061254501343,-0.4000000059604645,4.0329999923706055,4.060999870300293,4.058000087738037,4.061999797821045,4.063000202178955,4.065999984741211,nan,nan,nan,nan,nan,nan
113.35986495018005,-0.38999998569488525,4.0329999923706055,4.060999870300293,4.058000087738037,4.061999797821045,4.061999797821045,4.065999984741211,0.0,0.0,0.0,0.0,0.10004023305368878,0.0
113.54168891906738,-0.4000000059604645,4.0320000648498535,4.060999870300293,4.058000087738037,4.061999797821045,4.061999797821045,4.065999984741211,0.09999254943450207,0.0,0.0,0.0,0.0,0.0
113.72035312652588,-0.4000000059604645,4.0320000648498535,4.060999870300293,4.058000087738037,4.061999797821045,4.061999797821045,4.065999984741211,nan,nan,nan,nan,nan,nan
113.87999272346497,-0.4399999976158142,4.0329999923706055,4.060999870300293,4.058000087738037,4.061999797821045,4.063000202178955,4.066999912261963,0.024998193233828327,0.0,0.0,0.0,0.025010114165270304,0.024998193233828327
114.0617663860321,-0.4099999964237213,4.0320000648498535,4.060999870300293,4.058000087738037,4.061999797821045,4.061999797821045,4.065999984741211,0.033330916033946834,0.0,0.0,0.0,0.03334681060525534,0.033330916033946834
114.21991682052612,-0.38999998569488525,4.0320000648498535,4.060999870300293,4.058000087738037,4.061999797821045,4.063000202178955,4.065999984741211,0.0,0.0,0.0,0.0,0.05002019106258633,0.0
114.39990735054016,-0.4000000059604645,4.0320000648498535,4.060999870300293,4.058000087738037,4.061999797821045,4.063000202178955,4.065999984741211,0.0,0.0,0.0,0.0,0.0,0.0
114.58018231391907,-0.4099999964237213,4.0320000648498535,4.060999870300293,4.058000087738037,4.061999797821045,4.063000202178955,4.065999984741211,0.0,0.0,0.0,0.0,0.0,0.0
114.73947954177856,-0.38999998569488525,4.0320000648498535,4.060999870300293,4.058000087738037,4.061999797821045,4.063000202178955,4.065999984741211,0.0,0.0,0.0,0.0,0.0,0.0
114.919926404953,-0.4000000059604645,4.0320000648498535,4.060999870300293,4.058000087738037,4.061999797821045,4.061999797821045,4.065999984741211,0.0,0.0,0.0,0.0,0.10004023305368878,0.0
115.10195875167847,-0.4099999964237213,4.0329999923706055,4.060999870300293,4.058000087738037,4.061999797821045,4.061999797821045,4.065999984741211,0.09999284743580573,0.0,0.0,0.0,0.0,0.0
115.2599036693573,-0.4000000059604645,4.0320000648498535,4.060999870300293,4.058000087738037,4.061999797821045,4.061999797821045,4.065999984741211,0.09999284743580573,0.0,0.0,0.0,0.0,0.0
115.43981266021729,-0.4000000059604645,4.0320000648498535,4.059999942779541,4.058000087738037,4.061999797821045,4.063000202178955,4.065999984741211,nan,nan,nan,nan,nan,nan
115.60088658332825,-0.4000000059604645,4.0320000648498535,4.060999870300293,4.058000087738037,4.061999797821045,4.063000202178955,4.065999984741211,nan,nan,nan,nan,nan,nan
115.77974939346313,-0.3799999952316284,4.0320000648498535,4.060999870300293,4.058000087738037,4.061999797821045,4.061999797821045,4.065999984741211,0.0,0.0,0.0,0.0,0.05002019106258633,0.0
115.96006464958191,-0.4000000059604645,4.0320000648498535,4.060999870300293,4.058000087738037,4.061999797821045,4.061999797821045,4.065999984741211,0.0,0.0,0.0,0.0,0.0,0.0
116.1193277835846,-0.4000000059604645,4.0320000648498535,4.060999870300293,4.058000087738037,4.061999797821045,4.063000202178955,4.065999984741211,nan,nan,nan,nan,nan,nan
116.30261754989624,-0.4000000059604645,4.0320000648498535,4.060999870300293,4.058000087738037,4.061999797821045,4.063000202178955,4.065999984741211,nan,nan,nan,nan,nan,nan
116.46118998527527,-0.38999998569488525,4.0320000648498535,4.060999870300293,4.058000087738037,4.061999797821045,4.061999797821045,4.065999984741211,0.0,0.0,0.0,0.0,0.10004023305368878,0.0
116.64069104194641,-0.4099999964237213,4.0320000648498535,4.060999870300293,4.058000087738037,4.061999797821045,4.063000202178955,4.065999984741211,0.0,0.0,0.0,0.0,0.05002019106258633,0.0
116.82093667984009,-0.38999998569488525,4.0320000648498535,4.060999870300293,4.058000087738037,4.061999797821045,4.063000202178955,4.065999984741211,0.0,0.0,0.0,0.0,0.0,0.0
116.98032546043396,-0.4000000059604645,4.0320000648498535,4.060999870300293,4.058000087738037,4.061999797821045,4.061999797821045,4.065999984741211,0.0,0.0,0.0,0.0,0.10004023305368878,0.0
117.1607620716095,-0.4000000059604645,4.0320000648498535,4.059999942779541,4.058000087738037,4.061999797821045,4.061999797821045,4.065999984741211,nan,nan,nan,nan,nan,nan
117.34090566635132,-0.38999998569488525,4.0320000648498535,4.060999870300293,4.058000087738037,4.061999797821045,4.061999797821045,4.065999984741211,0.0,0.09999254943450207,0.0,0.0,0.0,0.0
117.50076961517334,-0.3799999952316284,4.0320000648498535,4.060999870300293,4.058000087738037,4.061999797821045,4.063000202178955,4.065999984741211,0.0,0.0,0.0,0.0,0.10004053119710082,0.0
117.68279695510864,-0.4099999964237213,4.0320000648498535,4.060999870300293,4.058000087738037,4.061999797821045,4.063000202178955,4.065999984741211,0.0,0.0,0.0,0.0,0.0,0.0
117.84189343452454,-0.4000000059604645,4.0320000648498535,4.060999870300293,4.058000087738037,4.061999797821045,4.061999797821045,4.065999984741211,0.0,0.0,0.0,0.0,0.10004053119710082,0.0
118.02082467079163,-0.4000000059604645,4.0320000648498535,4.060999870300293,4.058000087738037,4.061999797821045,4.061999797821045,4.065999984741211,nan,nan,nan,nan,nan,nan
118.20112133026123,-0.4000000059604645,4.0320000648498535,4.060999870300293,4.058000087738037,4.061999797821045,4.061999797821045,4.065999984741211,nan,nan,nan,nan,nan,nan
118.36047339439392,-0.4000000059604645,4.0329999923706055,4.060999870300293,4.058000087738037,4.061999797821045,4.061999797821045,4.065999984741211,nan,nan,nan,nan,nan,nan
118.5411787033081,-0.4000000059604645,4.0320000648498535,4.059999942779541,4.058000087738037,4.061999797821045,4.063000202178955,4.065999984741211,nan,nan,nan,nan,nan,nan
118.70169115066528,-0.4000000059604645,4.0320000648498535,4.060999870300293,4.058000087738037,4.061999797821045,4.061999797821045,4.065999984741211,nan,nan,nan,nan,nan,nan
118.88149333000183,-0.4000000059604645,4.0320000648498535,4.060999870300293,4.058000087738037,4.061999797821045,4.061999797821045,4.065999984741211,nan,nan,nan,nan,nan,nan
119.060715675354,-0.4000000059604645,4.0320000648498535,4.060999870300293,4.058000087738037,4.061999797821045,4.061999797821045,4.065999984741211,nan,nan,nan,nan,nan,nan
119.22092914581299,-0.4000000059604645,4.0329999923706055,4.060999870300293,4.058000087738037,4.061999797821045,4.061999797821045,4.065999984741211,nan,nan,nan,nan,nan,nan
119.40120267868042,-0.4099999964237213,4.0320000648498535,4.060999870300293,4.058000087738037,4.061999797821045,4.061999797821045,4.065999984741211,0.09999284743580573,0.0,0.0,0.0,0.0,0.0
119.5623927116394,-0.4000000059604645,4.0329999923706055,4.059999942779541,4.058000087738037,4.061999797821045,4.061999797821045,4.065999984741211,0.09999284743580573,0.09999284743580573,0.0,0.0,0.0,0.0
119.74062132835388,-0.4000000059604645,4.0320000648498535,4.060999870300293,4.058000087738037,4.061999797821045,4.061999797821045,4.065999984741211,nan,nan,nan,nan,nan,nan
119.9209041595459,-0.4000000059604645,4.0320000648498535,4.060999870300293,4.058000087738037,4.061999797821045,4.061999797821045,4.065999984741211,nan,nan,nan,nan,nan,nan
120.08090543746948,-0.4000000059604645,4.0320000648498535,4.060999870300293,4.058000087738037,4.061999797821045,4.061999797821045,4.065999984741211,nan,nan,nan,nan,nan,nan
120.26083731651306,-0.4000000059604645,4.0320000648498535,4.060999870300293,4.058000087738037,4.061999797821045,4.061999797821045,4.065999984741211,nan,nan,nan,nan,nan,nan
120.42165064811707,-0.4000000059604645,4.0320000648498535,4.060999870300293,4.058000087738037,4.061999797821045,4.061999797821045,4.065999984741211,nan,nan,nan,nan,nan,nan
120.6003167629242,-0.4099999964237213,4.0320000648498535,4.060999870300293,4.058000087738037,4.061999797821045,4.061999797821045,4.065999984741211,0.0,0.0,0.0,0.0,0.0,0.0
120.78043365478516,-0.4000000059604645,4.0320000648498535,4.060999870300293,4.058000087738037,4.061999797821045,4.061999797821045,4.065999984741211,0.0,0.0,0.0,0.0,0.0,0.0
120.94007301330566,-0.38999998569488525,4.0320000648498535,4.059999942779541,4.058000087738037,4.061999797821045,4.063000202178955,4.065999984741211,0.0,0.09999254943450207,0.0,0.0,0.10004023305368878,0.0
121.1203019618988,-0.4099999964237213,4.0320000648498535,4.060999870300293,4.058000087738037,4.061999797821045,4.063000202178955,4.065999984741211,0.0,0.04999634921746594,0.0,0.0,0.0,0.0
121.30032634735107,-0.4099999964237213,4.0320000648498535,4.059999942779541,4.058000087738037,4.061999797821045,4.061999797821045,4.065999984741211,nan,nan,nan,nan,nan,nan
121.46117115020752,-0.3799999952316284,4.0320000648498535,4.059999942779541,4.058000087738037,4.061999797821045,4.061999797821045,4.065999984741211,0.0,0.0,0.0,0.0,0.0,0.0
121.640207529068,-0.38999998569488525,4.0320000648498535,4.060999870300293,4.058000087738037,4.061999797821045,4.061999797821045,4.065999984741211,0.0,0.09999284743580573,0.0,0.0,0.0,0.0
121.80085134506226,-0.4099999964237213,4.0320000648498535,4.059999942779541,4.058000087738037,4.061999797821045,4.061999797821045,4.065999984741211,0.0,0.04999634921746594,0.0,0.0,0.0,0.0
121.98109841346741,-0.38999998569488525,4.0320000648498535,4.059999942779541,4.058000087738037,4.061999797821045,4.061999797821045,4.065999984741211,0.0,0.0,0.0,0.0,0.0,0.0
122.16160082817078,-0.4099999964237213,4.0320000648498535,4.060999870300293,4.058000087738037,4.061999797821045,4.063000202178955,4.065999984741211,0.0,0.04999634921746594,0.0,0.0,0.05002019106258633,0.0
122.3193781375885,-0.4000000059604645,4.0320000648498535,4.060999870300293,4.058000087738037,4.061999797821045,4.061999797821045,4.065999984741211,0.0,0.0,0.0,0.0,0.10004053119710082,0.0
122.49997735023499,-0.4000000059604645,4.0320000648498535,4.059999942779541,4.058000087738037,4.061999797821045,4.061999797821045,4.065999984741211,nan,nan,nan,nan,nan,nan
122.66067552566528,-0.4000000059604645,4.0320000648498535,4.060999870300293,4.058000087738037,4.061999797821045,4.061999797821045,4.065999984741211,nan,nan,nan,nan,nan,nan
122.8410325050354,-0.38999998569488525,4.0320000648498535,4.060999870300293,4.058000087738037,4.061999797821045,4.061999797821045,4.065999984741211,0.0,0.0,0.0,0.0,0.0,0.0
123.02134847640991,-0.4000000059604645,4.0320000648498535,4.060999870300293,4.058000087738037,4.061999797821045,4.061999797821045,4.065999984741211,0.0,0.0,0.0,0.0,0.0,0.0
123.18074989318848,-0.4000000059604645,4.0320000648498535,4.059999942779541,4.058000087738037,4.061999797821045,4.061999797821045,4.065999984741211,nan,nan,nan,nan,nan,nan
123.3607587814331,-0.4099999964237213,4.0320000648498535,4.060999870300293,4.058000087738037,4.061999797821045,4.061999797821045,4.065999984741211,0.0,0.09999284743580573,0.0,0.0,0.0,0.0
123.54094171524048,-0.4000000059604645,4.0320000648498535,4.059999942779541,4.058000087738037,4.060999870300293,4.061999797821045,4.065999984741211,0.0,0.09999284743580573,0.0,0.09999284743580573,0.0,0.0
123.7005922794342,-0.4000000059604645,4.0320000648498535,4.059999942779541,4.058000087738037,4.060999870300293,4.061999797821045,4.065999984741211,nan,nan,nan,nan,nan,nan
123.88057255744934,-0.4000000059604645,4.0320000648498535,4.059999942779541,4.058000087738037,4.061999797821045,4.061999797821045,4.065999984741211,nan,nan,nan,nan,nan,nan
124.0415780544281,-0.4099999964237213,4.0320000648498535,4.060999870300293,4.058000087738037,4.061999797821045,4.063000202178955,4.065999984741211,0.0,0.09999284743580573,0.0,0.0,0.10004053119710082,0.0
124.22035598754883,-0.4099999964237213,4.0320000648498535,4.060999870300293,4.058000087738037,4.061999797821045,4.061999797821045,4.065999984741211,nan,nan,nan,nan,nan,nan
124.40071940422058,-0.4000000059604645,4.0320000648498535,4.060999870300293,4.058000087738037,4.061999797821045,4.061999797821045,4.065999984741211,0.0,0.0,0.0,0.0,0.0,0.0
124.5600574016571,-0.38999998569488525,4.0320000648498535,4.060999870300293,4.058000087738037,4.061999797821045,4.061999797821045,4.065999984741211,0.0,0.0,0.0,0.0,0.0,0.0
124.74023032188416,-0.4000000059604645,4.0320000648498535,4.060999870300293,4.058000087738037,4.061999797821045,4.061999797821045,4.065999984741211,0.0,0.0,0.0,0.0,0.0,0.0
124.90116667747498,-0.38999998569488525,4.0320000648498535,4.059999942779541,4.058000087738037,4.061999797821045,4.061999797821045,4.065999984741211,0.0,0.09999254943450207,0.0,0.0,0.0,0.0
125.08000469207764,-0.4000000059604645,4.0320000648498535,4.060999870300293,4.057000160217285,4.061999797821045,4.061999797821045,4.065999984741211,0.0,0.09999254943450207,0.09999254943450207,0.0,0.0,0.0
125.2602117061615,-0.4000000059604645,4.0320000648498535,4.059999942779541,4.058000087738037,4.061999797821045,4.061999797821045,4.065999984741211,nan,nan,nan,nan,nan,nan
125.42175936698914,-0.4000000059604645,4.0320000648498535,4.059999942779541,4.058000087738037,4.061999797821045,4.061999797821045,4.065999984741211,nan,nan,nan,nan,nan,nan
125.60124230384827,-0.4300000071525574,4.0320000648498535,4.059999942779541,4.058000087738037,4.061999797821045,4.061999797821045,4.065999984741211,0.0,0.0,0.0,0.0,0.0,0.0
125.76057291030884,-0.4000000059604645,4.0320000648498535,4.059999942779541,4.058000087738037,4.061999797821045,4.061999797821045,4.065999984741211,0.0,0.0,0.0,0.0,0.0,0.0
125.94096899032593,-0.38999998569488525,4.0320000648498535,4.059999942779541,4.058000087738037,4.061999797821045,4.061999797821045,4.065999984741211,0.0,0.0,0.0,0.0,0.0,0.0
126.12085199356079,-0.4099999964237213,4.0320000648498535,4.060999870300293,4.058000087738037,4.061999797821045,4.061999797821045,4.065999984741211,0.0,0.04999634921746594,0.0,0.0,0.0,0.0
126.27986717224121,-0.38999998569488525,4.0320000648498535,4.060999870300293,4.058000087738037,4.061999797821045,4.061999797821045,4.065999984741211,0.0,0.0,0.0,0.0,0.0,0.0
126.4616060256958,-0.4000000059604645,4.0320000648498535,4.060999870300293,4.058000087738037,4.061999797821045,4.061999797821045,4.065999984741211,0.0,0.0,0.0,0.0,0.0,0.0
126.62140560150146,-0.4099999964237213,4.0320000648498535,4.060999870300293,4.058000087738037,4.061999797821045,4.061999797821045,4.065999984741211,0.0,0.0,0.0,0.0,0.0,0.0
126.80115818977356,-0.4000000059604645,4.0320000648498535,4.059999942779541,4.058000087738037,4.061999797821045,4.061999797821045,4.065999984741211,0.0,0.09999284743580573,0.0,0.0,0.0,0.0
126.98188638687134,-0.38999998569488525,4.0320000648498535,4.060999870300293,4.058000087738037,4.061999797821045,4.061999797821045,4.065999984741211,0.0,0.09999254943450207,0.0,0.0,0.0,0.0
127.1410653591156,-0.4000000059604645,4.0320000648498535,4.059999942779541,4.058000087738037,4.061999797821045,4.061999797821045,4.065999984741211,0.0,0.09999254943450207,0.0,0.0,0.0,0.0
127.3211441040039,-0.4000000059604645,4.0320000648498535,4.059999942779541,4.058000087738037,4.061999797821045,4.061999797821045,4.065999984741211,nan,nan,nan,nan,nan,nan
127.50127792358398,-0.38999998569488525,4.0320000648498535,4.060999870300293,4.058000087738037,4.061999797821045,4.061999797821045,4.065999984741211,0.0,0.09999254943450207,0.0,0.0,0.0,0.0
127.66090130805969,-0.41999998688697815,4.0320000648498535,4.059999942779541,4.058000087738037,4.061999797821045,4.061999797821045,4.065999984741211,0.0,0.033330916033946834,0.0,0.0,0.0,0.0
127.84101939201355,-0.4000000059604645,4.0320000648498535,4.060999870300293,4.058000087738037,4.061999797821045,4.061999797821045,4.065999984741211,0.0,0.04999642371790287,0.0,0.0,0.0,0.0
128.00189065933228,-0.4000000059604645,4.0320000648498535,4.060999870300293,4.058000087738037,4.061999797821045,4.061999797821045,4.065999984741211,nan,nan,nan,nan,nan,nan
128.18079042434692,-0.4000000059604645,4.0320000648498535,4.059999942779541,4.058000087738037,4.061999797821045,4.061999797821045,4.065999984741211,nan,nan,nan,nan,nan,nan
128.36103296279907,-0.4000000059604645,4.0320000648498535,4.059999942779541,4.058000087738037,4.061999797821045,4.061999797821045,4.065999984741211,nan,nan,nan,nan,nan,nan
128.5215995311737,-0.4000000059604645,4.0320000648498535,4.060999870300293,4.058000087738037,4.060999870300293,4.061999797821045,4.065999984741211,nan,nan,nan,nan,nan,nan
128.70042514801025,-0.41999998688697815,4.0320000648498535,4.059999942779541,4.058000087738037,4.061999797821045,4.061999797821045,4.065999984741211,0.0,0.04999642371790287,0.0,0.04999642371790287,0.0,0.0
128.86174154281616,-0.4000000059604645,4.0320000648498535,4.059999942779541,4.058000087738037,4.061999797821045,4.061999797821045,4.065999984741211,0.0,0.0,0.0,0.0,0.0,0.0
129.04044699668884,-0.4000000059604645,4.0320000648498535,4.059999942779541,4.058000087738037,4.060999870300293,4.061999797821045,4.065999984741211,nan,nan,nan,nan,nan,nan
129.22150564193726,-0.4099999964237213,4.0320000648498535,4.060999870300293,4.058000087738037,4.061999797821045,4.061999797821045,4.065999984741211,0.0,0.09999284743580573,0.0,0.09999284743580573,0.0,0.0
129.38084435462952,-0.38999998569488525,4.0320000648498535,4.059999942779541,4.058000087738037,4.061999797821045,4.061999797821045,4.065999984741211,0.0,0.04999634921746594,0.0,0.0,0.0,0.0
129.5612564086914,-0.4000000059604645,4.0320000648498535,4.060999870300293,4.058000087738037,4.061999797821045,4.061999797821045,4.065999984741211,0.0,0.09999254943450207,0.0,0.0,0.0,0.0
129.72083568572998,-0.4000000059604645,4.0320000648498535,4.059999942779541,4.058000087738037,4.061999797821045,4.061999797821045,4.065999984741211,nan,nan,nan,nan,nan,nan
129.90098118782043,-0.4000000059604645,4.0320000648498535,4.059999942779541,4.058000087738037,4.061999797821045,4.061999797821045,4.065999984741211,nan,nan,nan,nan,nan,nan
130.08121037483215,-0.4000000059604645,4.0320000648498535,4.059999942779541,4.058000087738037,4.060999870300293,4.061999797821045,4.065999984741211,nan,nan,nan,nan,nan,nan
130.24091172218323,-0.4000000059604645,4.0320000648498535,4.059999942779541,4.058000087738037,4.061999797821045,4.061999797821045,4.065999984741211,nan,nan,nan,nan,nan,nan
130.42079091072083,-0.4000000059604645,4.0320000648498535,4.060999870300293,4.058000087738037,4.061999797821045,4.061999797821045,4.065999984741211,nan,nan,nan,nan,nan,nan
130.60115385055542,-0.4000000059604645,4.0320000648498535,4.060999870300293,4.058000087738037,4.061999797821045,4.061999797821045,4.065999984741211,nan,nan,nan,nan,nan,nan
130.76073598861694,-0.4000000059604645,4.0320000648498535,4.059999942779541,4.058000087738037,4.061999797821045,4.061999797821045,4.065999984741211,nan,nan,nan,nan,nan,nan
130.94055366516113,-0.4000000059604645,4.0320000648498535,4.059999942779541,4.058000087738037,4.061999797821045,4.061999797821045,4.065999984741211,nan,nan,nan,nan,nan,nan
131.09995365142822,-0.4000000059604645,4.0320000648498535,4.059999942779541,4.058000087738037,4.061999797821045,4.061999797821045,4.065999984741211,nan,nan,nan,nan,nan,nan
131.28039717674255,-0.4000000059604645,4.0320000648498535,4.059999942779541,4.058000087738037,4.060999870300293,4.061999797821045,4.065999984741211,nan,nan,nan,nan,nan,nan
131.45953178405762,-0.4099999964237213,4.0320000648498535,4.059999942779541,4.058000087738037,4.061999797821045,4.061999797821045,4.065999984741211,0.0,0.0,0.0,0.09999284743580573,0.0,0.0
131.62094736099243,-0.4099999964237213,4.0320000648498535,4.060999870300293,4.057000160217285,4.061999797821045,4.061999797821045,4.065999984741211,nan,nan,nan,nan,nan,nan
131.8012011051178,-0.4099999964237213,4.0320000648498535,4.059999942779541,4.058000087738037,4.061999797821045,4.061999797821045,4.065999984741211,nan,nan,nan,nan,nan,nan
131.96104669570923,-0.4000000059604645,4.0320000648498535,4.059999942779541,4.058000087738037,4.061999797821045,4.061999797821045,4.065999984741211,0.0,0.0,0.0,0.0,0.0,0.0
132.1403102874756,-0.4000000059604645,4.0320000648498535,4.059999942779541,4.058000087738037,4.061999797821045,4.061999797821045,4.065999984741211,nan,nan,nan,nan,nan,nan
132.32092094421387,-0.4000000059604645,4.0320000648498535,4.060999870300293,4.058000087738037,4.061999797821045,4.061999797821045,4.065999984741211,nan,nan,nan,nan,nan,nan
132.4798243045807,-0.4000000059604645,4.0320000648498535,4.059999942779541,4.057000160217285,4.060999870300293,4.061999797821045,4.065999984741211,nan,nan,nan,nan,nan,nan
132.66177582740784,-0.4099999964237213,4.0320000648498535,4.060999870300293,4.058000087738037,4.061999797821045,4.061999797821045,4.065999984741211,0.0,0.09999284743580573,0.09999284743580573,0.09999284743580573,0.0,0.0
132.82164907455444,-0.38999998569488525,4.0320000648498535,4.060999870300293,4.058000087738037,4.060999870300293,4.061999797821045,4.065999984741211,0.0,0.0,0.0,0.04999634921746594,0.0,0.0
133.00025939941406,-0.4000000059604645,4.0320000648498535,4.059999942779541,4.058000087738037,4.060999870300293,4.061999797821045,4.065999984741211,0.0,0.09999254943450207,0.0,0.0,0.0,0.0
133.1815905570984,-0.38999998569488525,4.0320000648498535,4.059999942779541,4.058000087738037,4.061999797821045,4.061999797821045,4.065999984741211,0.0,0.0,0.0,0.09999254943450207,0.0,0.0
133.33988618850708,-0.4000000059604645,4.0320000648498535,4.059999942779541,4.058000087738037,4.060999870300293,4.061999797821045,4.065999984741211,0.0,0.0,0.0,0.09999254943450207,0.0,0.0
133.52018976211548,-0.4000000059604645,4.0320000648498535,4.059999942779541,4.058000087738037,4.061999797821045,4.061999797821045,4.065999984741211,nan,nan,nan,nan,nan,nan
133.7018449306488,-0.4000000059604645,4.0320000648498535,4.059999942779541,4.058000087738037,4.061999797821045,4.061999797821045,4.065999984741211,nan,nan,nan,nan,nan,nan
133.8599910736084,-0.4000000059604645,4.0320000648498535,4.059999942779541,4.058000087738037,4.061999797821045,4.061999797821045,4.065999984741211,nan,nan,nan,nan,nan,nan
134.04027009010315,-0.4000000059604645,4.0320000648498535,4.059999942779541,4.058000087738037,4.061999797821045,4.061999797821045,4.065999984741211,nan,nan,nan,nan,nan,nan
134.19998288154602,-0.4000000059604645,4.0320000648498535,4.059999942779541,4.058000087738037,4.061999797821045,4.061999797821045,4.065999984741211,nan,nan,nan,nan,nan,nan
134.38144540786743,-0.4000000059604645,4.0320000648498535,4.059999942779541,4.058000087738037,4.060999870300293,4.061999797821045,4.065999984741211,nan,nan,nan,nan,nan,nan
134.55984473228455,-0.4000000059604645,4.0320000648498535,4.059999942779541,4.057000160217285,4.060999870300293,4.061999797821045,4.065999984741211,nan,nan,nan,nan,nan,nan
134.71969270706177,-0.4000000059604645,4.0320000648498535,4.059999942779541,4.058000087738037,4.060999870300293,4.061999797821045,4.065999984741211,nan,nan,nan,nan,nan,nan
134.90146708488464,-0.4099999964237213,4.0320000648498535,4.059999942779541,4.058000087738037,4.060999870300293,4.061999797821045,4.065999984741211,0.0,0.0,0.0,0.0,0.0,0.0
135.06067538261414,-0.4000000059604645,4.0320000648498535,4.059999942779541,4.058000087738037,4.061999797821045,4.061999797821045,4.065999984741211,0.0,0.0,0.0,0.09999284743580573,0.0,0.0
135.2407522201538,-0.4000000059604645,4.0320000648498535,4.059999942779541,4.057000160217285,4.061999797821045,4.061999797821045,4.065999984741211,nan,nan,nan,nan,nan,nan
135.41941571235657,-0.4000000059604645,4.0320000648498535,4.059999942779541,4.058000087738037,4.061999797821045,4.061999797821045,4.065999984741211,nan,nan,nan,nan,nan,nan
135.58068299293518,-0.4000000059604645,4.0320000648498535,4.059999942779541,4.057000160217285,4.061999797821045,4.061999797821045,4.065999984741211,nan,nan,nan,nan,nan,nan
135.75937056541443,-0.3799999952316284,4.0320000648498535,4.059999942779541,4.058000087738037,4.061999797821045,4.061999797821045,4.065999984741211,0.0,0.0,0.04999634921746594,0.0,0.0,0.0
135.94128799438477,-0.4000000059604645,4.0320000648498535,4.059999942779541,4.057000160217285,4.060999870300293,4.061999797821045,4.065999984741211,0.0,0.0,0.04999634921746594,0.04999634921746594,0.0,0.0
136.10091304779053,-0.38999998569488525,4.0320000648498535,4.059999942779541,4.057000160217285,4.060999870300293,4.061999797821045,4.065999984741211,0.0,0.0,0.0,0.0,0.0,0.0
136.28105974197388,-0.38999998569488525,4.0320000648498535,4.059999942779541,4.057000160217285,4.061999797821045,4.061999797821045,4.065999984741211,nan,nan,nan,nan,nan,nan
136.4408175945282,-0.4000000059604645,4.0320000648498535,4.059999942779541,4.057000160217285,4.061999797821045,4.061999797821045,4.065999984741211,0.0,0.0,0.0,0.0,0.0,0.0
136.62103986740112,-0.4000000059604645,4.0320000648498535,4.059999942779541,4.057000160217285,4.061999797821045,4.061999797821045,4.065999984741211,nan,nan,nan,nan,nan,nan
136.7997944355011,-0.4000000059604645,4.0320000648498535,4.059999942779541,4.058000087738037,4.060999870300293,4.061999797821045,4.065999984741211,nan,nan,nan,nan,nan,nan
136.96076679229736,-0.4000000059604645,4.0320000648498535,4.059999942779541,4.057000160217285,4.061999797821045,4.061999797821045,4.065999984741211,nan,nan,nan,nan,nan,nan
137.13983750343323,-0.4000000059604645,4.0320000648498535,4.059999942779541,4.058000087738037,4.060999870300293,4.061999797821045,4.065999984741211,nan,nan,nan,nan,nan,nan
137.30050206184387,-0.4000000059604645,4.0320000648498535,4.059999942779541,4.057000160217285,4.060999870300293,4.061999797821045,4.065999984741211,nan,nan,nan,nan,nan,nan
137.4809432029724,-0.4000000059604645,4.0320000648498535,4.059999942779541,4.058000087738037,4.060999870300293,4.061999797821045,4.065999984741211,nan,nan,nan,nan,nan,nan
137.66247010231018,-0.4000000059604645,4.0320000648498535,4.059999942779541,4.057000160217285,4.061999797821045,4.061999797821045,4.065999984741211,nan,nan,nan,nan,nan,nan
137.8205394744873,-0.4000000059604645,4.0320000648498535,4.059999942779541,4.057000160217285,4.061999797821045,4.061999797821045,4.065999984741211,nan,nan,nan,nan,nan,nan
138.0008773803711,-0.4099999964237213,4.0320000648498535,4.059999942779541,4.058000087738037,4.061999797821045,4.061999797821045,4.065999984741211,0.0,0.0,0.09999284743580573,0.0,0.0,0.0
138.18010449409485,-0.4000000059604645,4.0320000648498535,4.059999942779541,4.057000160217285,4.061999797821045,4.061999797821045,4.065999984741211,0.0,0.0,0.09999284743580573,0.0,0.0,0.0
138.34065985679626,-0.4000000059604645,4.0320000648498535,4.059999942779541,4.057000160217285,4.061999797821045,4.061999797821045,4.065999984741211,nan,nan,nan,nan,nan,nan
138.51936960220337,-0.4000000059604645,4.0320000648498535,4.059999942779541,4.058000087738037,4.060999870300293,4.061999797821045,4.065999984741211,nan,nan,nan,nan,nan,nan
138.68054842948914,-0.4000000059604645,4.0320000648498535,4.059999942779541,4.058000087738037,4.060999870300293,4.061999797821045,4.065999984741211,nan,nan,nan,nan,nan,nan
138.86061239242554,-0.4000000059604645,4.0320000648498535,4.059999942779541,4.058000087738037,4.060999870300293,4.061999797821045,4.065999984741211,nan,nan,nan,nan,nan,nan
139.04075694084167,-0.4099999964237213,4.0320000648498535,4.059999942779541,4.057000160217285,4.060999870300293,4.061999797821045,4.065999984741211,0.0,0.0,0.09999284743580573,0.0,0.0,0.0
139.20085048675537,-0.4000000059604645,4.0320000648498535,4.059999942779541,4.057000160217285,4.061999797821045,4.061999797821045,4.065999984741211,0.0,0.0,0.0,0.09999284743580573,0.0,0.0
139.38055324554443,-0.4000000059604645,4.0320000648498535,4.059999942779541,4.058000087738037,4.060999870300293,4.061999797821045,4.065999984741211,nan,nan,nan,nan,nan,nan
139.54023456573486,-0.4000000059604645,4.031000137329102,4.059999942779541,4.057000160217285,4.061999797821045,4.061999797821045,4.065999984741211,nan,nan,nan,nan,nan,nan
139.7229037284851,-0.4000000059604645,4.0320000648498535,4.059999942779541,4.057000160217285,4.060999870300293,4.061999797821045,4.065999984741211,nan,nan,nan,nan,nan,nan
139.8999743461609,-0.38999998569488525,4.0320000648498535,4.059999942779541,4.057000160217285,4.060999870300293,4.061999797821045,4.065999984741211,0.0,0.0,0.0,0.0,0.0,0.0
140.05927848815918,-0.4000000059604645,4.0320000648498535,4.059999942779541,4.057000160217285,4.060999870300293,4.061999797821045,4.065999984741211,0.0,0.0,0.0,0.0,0.0,0.0
140.2412621974945,-0.4099999964237213,4.031000137329102,4.059999942779541,4.057000160217285,4.060999870300293,4.061999797821045,4.065999984741211,0.09999284743580573,0.0,0.0,0.0,0.0,0.0
140.40060091018677,-0.38999998569488525,4.0320000648498535,4.059999942779541,4.058000087738037,4.060999870300293,4.061999797821045,4.065999984741211,0.04999634921746594,0.0,0.04999634921746594,0.0,0.0,0.0
140.5809576511383,-0.38999998569488525,4.0320000648498535,4.059999942779541,4.057000160217285,4.060999870300293,4.061999797821045,4.065999984741211,nan,nan,nan,nan,nan,nan
140.76097869873047,-0.4000000059604645,4.0320000648498535,4.059999942779541,4.057000160217285,4.061999797821045,4.061999797821045,4.065999984741211,0.0,0.0,0.0,0.09999254943450207,0.0,0.0
140.9205286502838,-0.4000000059604645,4.0320000648498535,4.059999942779541,4.057000160217285,4.060999870300293,4.061999797821045,4.065999984741211,nan,nan,nan,nan,nan,nan
141.1010274887085,-0.4099999964237213,4.0320000648498535,4.059999942779541,4.057000160217285,4.060999870300293,4.061999797821045,4.065999984741211,0.0,0.0,0.0,0.0,0.0,0.0
141.27947068214417,-0.4000000059604645,4.0320000648498535,4.059999942779541,4.057000160217285,4.060999870300293,4.061999797821045,4.065999984741211,0.0,0.0,0.0,0.0,0.0,0.0
141.44072771072388,-0.4000000059604645,4.0320000648498535,4.059999942779541,4.057000160217285,4.061999797821045,4.061999797821045,4.065999984741211,nan,nan,nan,nan,nan,nan
141.62097835540771,-0.4000000059604645,4.0320000648498535,4.059999942779541,4.057000160217285,4.060999870300293,4.061999797821045,4.065000057220459,nan,nan,nan,nan,nan,nan
141.7802450656891,-0.4000000059604645,4.0320000648498535,4.059999942779541,4.057000160217285,4.060999870300293,4.061999797821045,4.065999984741211,nan,nan,nan,nan,nan,nan
141.9609889984131,-0.41999998688697815,4.031000137329102,4.059999942779541,4.057000160217285,4.060999870300293,4.061999797821045,4.065999984741211,0.04999642371790287,0.0,0.0,0.0,0.0,0.0
142.1409137248993,-0.4000000059604645,4.0320000648498535,4.059999942779541,4.057000160217285,4.060999870300293,4.061999797821045,4.065999984741211,0.04999642371790287,0.0,0.0,0.0,0.0,0.0
142.3006625175476,-0.4000000059604645,4.0320000648498535,4.059999942779541,4.057000160217285,4.060999870300293,4.061999797821045,4.065999984741211,nan,nan,nan,nan,nan,nan
142.47988390922546,-0.4000000059604645,4.031000137329102,4.059999942779541,4.057000160217285,4.060999870300293,4.061999797821045,4.065999984741211,nan,nan,nan,nan,nan,nan
142.6404001712799,-0.4000000059604645,4.031000137329102,4.059999942779541,4.057000160217285,4.060999870300293,4.061999797821045,4.065999984741211,nan,nan,nan,nan,nan,nan
142.82095503807068,-0.4000000059604645,4.0320000648498535,4.059999942779541,4.057000160217285,4.060999870300293,4.061999797821045,4.065999984741211,nan,nan,nan,nan,nan,nan
142.99945282936096,-0.4000000059604645,4.0320000648498535,4.059999942779541,4.057000160217285,4.060999870300293,4.061999797821045,4.065999984741211,nan,nan,nan,nan,nan,nan
143.1606743335724,-0.38999998569488525,4.0320000648498535,4.059999942779541,4.057000160217285,4.060999870300293,4.061999797821045,4.065999984741211,0.0,0.0,0.0,0.0,0.0,0.0
143.340726852417,-0.4000000059604645,4.0320000648498535,4.059999942779541,4.057000160217285,4.060999870300293,4.061999797821045,4.065999984741211,0.0,0.0,0.0,0.0,0.0,0.0
143.52069067955017,-0.4000000059604645,4.0320000648498535,4.059999942779541,4.057000160217285,4.060999870300293,4.061999797821045,4.065999984741211,nan,nan,nan,nan,nan,nan
143.68063235282898,-0.4000000059604645,4.031000137329102,4.059999942779541,4.057000160217285,4.060999870300293,4.061999797821045,4.065999984741211,nan,nan,nan,nan,nan,nan
143.86103892326355,-0.4000000059604645,4.0320000648498535,4.059999942779541,4.057000160217285,4.060999870300293,4.061999797821045,4.065999984741211,nan,nan,nan,nan,nan,nan
144.02149176597595,-0.4000000059604645,4.0320000648498535,4.059999942779541,4.057000160217285,4.060999870300293,4.061999797821045,4.065000057220459,nan,nan,nan,nan,nan,nan
144.19983649253845,-0.4000000059604645,4.0320000648498535,4.059999942779541,4.057000160217285,4.060999870300293,4.061999797821045,4.065999984741211,nan,nan,nan,nan,nan,nan
144.38113617897034,-0.4000000059604645,4.031000137329102,4.059999942779541,4.057000160217285,4.060999870300293,4.061999797821045,4.065999984741211,nan,nan,nan,nan,nan,nan
144.54085087776184,-0.4000000059604645,4.031000137329102,4.059999942779541,4.057000160217285,4.060999870300293,4.061999797821045,4.065999984741211,nan,nan,nan,nan,nan,nan
144.71968507766724,-0.4000000059604645,4.031000137329102,4.059999942779541,4.058000087738037,4.060999870300293,4.061999797821045,4.065999984741211,nan,nan,nan,nan,nan,nan
144.879243850708,-0.4099999964237213,4.031000137329102,4.059999942779541,4.057000160217285,4.060999870300293,4.061999797821045,4.065999984741211,0.0,0.0,0.09999284743580573,0.0,0.0,0.0
145.05966758728027,-0.4300000071525574,4.031000137329102,4.059999942779541,4.057000160217285,4.060999870300293,4.061999797821045,4.065999984741211,0.0,0.0,0.0,0.0,0.0,0.0
145.23990106582642,-0.4099999964237213,4.0320000648498535,4.059999942779541,4.057000160217285,4.060999870300293,4.061999797821045,4.065999984741211,0.04999634921746594,0.0,0.0,0.0,0.0,0.0
145.40087604522705,-0.4000000059604645,4.031000137329102,4.059999942779541,4.057000160217285,4.060999870300293,4.061999797821045,4.065999984741211,0.09999284743580573,0.0,0.0,0.0,0.0,0.0
145.57993006706238,-0.4000000059604645,4.031000137329102,4.059999942779541,4.057000160217285,4.060999870300293,4.061999797821045,4.065000057220459,nan,nan,nan,nan,nan,nan
145.74044966697693,-0.4000000059604645,4.0320000648498535,4.059999942779541,4.058000087738037,4.060999870300293,4.061999797821045,4.065999984741211,nan,nan,nan,nan,nan,nan
145.91940546035767,-0.4000000059604645,4.0320000648498535,4.059999942779541,4.057000160217285,4.060999870300293,4.061999797821045,4.065999984741211,nan,nan,nan,nan,nan,nan
146.0998306274414,-0.4000000059604645,4.0320000648498535,4.059999942779541,4.057000160217285,4.060999870300293,4.061999797821045,4.065999984741211,nan,nan,nan,nan,nan,nan
146.2603621482849,-0.4099999964237213,4.031000137329102,4.059999942779541,4.057000160217285,4.060999870300293,4.061999797821045,4.065999984741211,0.09999284743580573,0.0,0.0,0.0,0.0,0.0
146.4404661655426,-0.4000000059604645,4.031000137329102,4.059999942779541,4.057000160217285,4.060999870300293,4.061999797821045,4.065999984741211,0.0,0.0,0.0,0.0,0.0,0.0
146.6003086566925,-0.4000000059604645,4.031000137329102,4.059999942779541,4.057000160217285,4.060999870300293,4.061999797821045,4.065000057220459,nan,nan,nan,nan,nan,nan
146.78018927574158,-0.4000000059604645,4.0320000648498535,4.059999942779541,4.057000160217285,4.060999870300293,4.061999797821045,4.065000057220459,nan,nan,nan,nan,nan,nan
146.9605519771576,-0.4000000059604645,4.0320000648498535,4.059999942779541,4.057000160217285,4.060999870300293,4.061999797821045,4.065999984741211,nan,nan,nan,nan,nan,nan
147.12024354934692,-0.38999998569488525,4.031000137329102,4.059999942779541,4.057000160217285,4.060999870300293,4.061999797821045,4.065999984741211,0.09999254943450207,0.0,0.0,0.0,0.0,0.0
147.30014157295227,-0.4099999964237213,4.0320000648498535,4.059999942779541,4.057000160217285,4.060999870300293,4.061999797821045,4.065999984741211,0.04999634921746594,0.0,0.0,0.0,0.0,0.0
147.4803295135498,-0.4000000059604645,4.031000137329102,4.059999942779541,4.057000160217285,4.060999870300293,4.061999797821045,4.065999984741211,0.09999284743580573,0.0,0.0,0.0,0.0,0.0
147.64017295837402,-0.4000000059604645,4.031000137329102,4.059999942779541,4.057000160217285,4.060999870300293,4.061999797821045,4.065999984741211,nan,nan,nan,nan,nan,nan
147.8202097415924,-0.4000000059604645,4.031000137329102,4.059999942779541,4.057000160217285,4.060999870300293,4.061999797821045,4.065999984741211,nan,nan,nan,nan,nan,nan
147.97981333732605,-0.4000000059604645,4.031000137329102,4.059999942779541,4.057000160217285,4.060999870300293,4.061999797821045,4.065999984741211,nan,nan,nan,nan,nan,nan
148.16156458854675,-0.4000000059604645,4.031000137329102,4.059999942779541,4.057000160217285,4.060999870300293,4.061999797821045,4.065999984741211,nan,nan,nan,nan,nan,nan
148.34151077270508,-0.4000000059604645,4.031000137329102,4.059999942779541,4.057000160217285,4.060999870300293,4.061999797821045,4.065999984741211,nan,nan,nan,nan,nan,nan
148.5021457672119,-0.4000000059604645,4.0320000648498535,4.059999942779541,4.057000160217285,4.060999870300293,4.061999797821045,4.065999984741211,nan,nan,nan,nan,nan,nan
148.68071031570435,-0.4099999964237213,4.031000137329102,4.059999942779541,4.057000160217285,4.060999870300293,4.061999797821045,4.065999984741211,0.09999284743580573,0.0,0.0,0.0,0.0,0.0
148.84137868881226,-0.4000000059604645,4.031000137329102,4.059999942779541,4.057000160217285,4.060999870300293,4.061999797821045,4.065000057220459,0.0,0.0,0.0,0.0,0.0,0.09999284743580573
149.02178263664246,-0.4000000059604645,4.031000137329102,4.059999942779541,4.057000160217285,4.060999870300293,4.061999797821045,4.065999984741211,nan,nan,nan,nan,nan,nan
149.20052075386047,-0.4000000059604645,4.031000137329102,4.059999942779541,4.057000160217285,4.060999870300293,4.061999797821045,4.065999984741211,nan,nan,nan,nan,nan,nan
149.35973811149597,-0.4000000059604645,4.031000137329102,4.059999942779541,4.057000160217285,4.060999870300293,4.061999797821045,4.065999984741211,nan,nan,nan,nan,nan,nan
149.54200720787048,-0.4000000059604645,4.031000137329102,4.059999942779541,4.057000160217285,4.060999870300293,4.061999797821045,4.065999984741211,nan,nan,nan,nan,nan,nan
149.7018187046051,-0.4000000059604645,4.031000137329102,4.059999942779541,4.057000160217285,4.060999870300293,4.061999797821045,4.065999984741211,nan,nan,nan,nan,nan,nan
149.8837342262268,-0.4000000059604645,4.031000137329102,4.059999942779541,4.057000160217285,4.060999870300293,4.061999797821045,4.065000057220459,nan,nan,nan,nan,nan,nan
150.0610945224762,-0.4000000059604645,4.031000137329102,4.059999942779541,4.057000160217285,4.060999870300293,4.061999797821045,4.065999984741211,nan,nan,nan,nan,nan,nan
150.22027897834778,-0.4000000059604645,4.031000137329102,4.059999942779541,4.057000160217285,4.060999870300293,4.061999797821045,4.065999984741211,nan,nan,nan,nan,nan,nan
150.401362657547,-0.3799999952316284,4.031000137329102,4.059999942779541,4.057000160217285,4.060999870300293,4.061999797821045,4.065999984741211,0.0,0.0,0.0,0.0,0.0,0.0
150.58239555358887,-0.4000000059604645,4.031000137329102,4.059999942779541,4.057000160217285,4.060999870300293,4.061999797821045,4.065999984741211,0.0,0.0,0.0,0.0,0.0,0.0
150.7416250705719,-0.4000000059604645,4.031000137329102,4.059999942779541,4.057000160217285,4.060999870300293,4.061999797821045,4.065000057220459,nan,nan,nan,nan,nan,nan
150.92160367965698,-0.4000000059604645,4.031000137329102,4.059999942779541,4.057000160217285,4.060999870300293,4.061999797821045,4.065999984741211,nan,nan,nan,nan,nan,nan
151.07993531227112,-0.4000000059604645,4.031000137329102,4.059999942779541,4.057000160217285,4.060999870300293,4.061999797821045,4.065999984741211,nan,nan,nan,nan,nan,nan
151.26192951202393,-0.38999998569488525,4.031000137329102,4.059999942779541,4.057000160217285,4.060999870300293,4.061999797821045,4.065999984741211,0.0,0.0,0.0,0.0,0.0,0.0
151.43981170654297,-0.38999998569488525,4.031000137329102,4.059999942779541,4.057000160217285,4.060999870300293,4.061999797821045,4.065999984741211,nan,nan,nan,nan,nan,nan
151.59958243370056,-0.4000000059604645,4.031000137329102,4.059999942779541,4.057000160217285,4.060999870300293,4.061999797821045,4.065999984741211,0.0,0.0,0.0,0.0,0.0,0.0
151.78044533729553,-0.4000000059604645,4.031000137329102,4.059999942779541,4.057000160217285,4.060999870300293,4.061999797821045,4.065999984741211,nan,nan,nan,nan,nan,nan
151.9413721561432,-0.4000000059604645,4.031000137329102,4.059999942779541,4.057000160217285,4.060999870300293,4.061999797821045,4.065999984741211,nan,nan,nan,nan,nan,nan
152.12000513076782,-0.4000000059604645,4.031000137329102,4.059999942779541,4.057000160217285,4.060999870300293,4.061999797821045,4.065999984741211,nan,nan,nan,nan,nan,nan
152.2997739315033,-0.4000000059604645,4.031000137329102,4.059999942779541,4.057000160217285,4.060999870300293,4.061999797821045,4.065000057220459,nan,nan,nan,nan,nan,nan
152.45948314666748,-0.38999998569488525,4.031000137329102,4.059999942779541,4.057000160217285,4.060999870300293,4.061999797821045,4.065000057220459,0.0,0.0,0.0,0.0,0.0,0.0
152.6420578956604,-0.4000000059604645,4.031000137329102,4.059999942779541,4.057000160217285,4.060999870300293,4.061999797821045,4.065999984741211,0.0,0.0,0.0,0.0,0.0,0.09999254943450207
152.80101323127747,-0.38999998569488525,4.031000137329102,4.059999942779541,4.057000160217285,4.060999870300293,4.061999797821045,4.065999984741211,0.0,0.0,0.0,0.0,0.0,0.0
152.9811496734619,-0.4000000059604645,4.031000137329102,4.059999942779541,4.057000160217285,4.060999870300293,4.061999797821045,4.065999984741211,0.0,0.0,0.0,0.0,0.0,0.0
153.15957975387573,-0.4000000059604645,4.031000137329102,4.059999942779541,4.057000160217285,4.060999870300293,4.061999797821045,4.065999984741211,nan,nan,nan,nan,nan,nan
153.32061767578125,-0.4000000059604645,4.031000137329102,4.059999942779541,4.057000160217285,4.060999870300293,4.061999797821045,4.065999984741211,nan,nan,nan,nan,nan,nan
153.49941611289978,-0.38999998569488525,4.031000137329102,4.059999942779541,4.057000160217285,4.060999870300293,4.061999797821045,4.065000057220459,0.0,0.0,0.0,0.0,0.0,0.09999254943450207
153.6797547340393,-0.4000000059604645,4.031000137329102,4.059999942779541,4.057000160217285,4.060999870300293,4.061999797821045,4.065999984741211,0.0,0.0,0.0,0.0,0.0,0.09999254943450207
153.84258794784546,-0.4000000059604645,4.031000137329102,4.059999942779541,4.057000160217285,4.060999870300293,4.061999797821045,4.065999984741211,nan,nan,nan,nan,nan,nan
154.02105808258057,-0.4000000059604645,4.031000137329102,4.059999942779541,4.057000160217285,4.060999870300293,4.061999797821045,4.065000057220459,nan,nan,nan,nan,nan,nan
154.18052911758423,-0.4099999964237213,4.031000137329102,4.059999942779541,4.057000160217285,4.060999870300293,4.061999797821045,4.065999984741211,0.0,0.0,0.0,0.0,0.0,0.09999284743580573
154.3606584072113,-0.4000000059604645,4.031000137329102,4.059999942779541,4.057000160217285,4.060999870300293,4.061999797821045,4.065000057220459,0.0,0.0,0.0,0.0,0.0,0.09999284743580573
154.54099035263062,-0.4000000059604645,4.031000137329102,4.059999942779541,4.057000160217285,4.060999870300293,4.061999797821045,4.065000057220459,nan,nan,nan,nan,nan,nan
154.701740026474,-0.4000000059604645,4.031000137329102,4.059999942779541,4.057000160217285,4.060999870300293,4.061999797821045,4.065000057220459,nan,nan,nan,nan,nan,nan
154.88037657737732,-0.4000000059604645,4.031000137329102,4.059999942779541,4.057000160217285,4.060999870300293,4.061999797821045,4.065000057220459,nan,nan,nan,nan,nan,nan
155.03975582122803,-0.4000000059604645,4.031000137329102,4.059999942779541,4.057000160217285,4.060999870300293,4.061999797821045,4.065999984741211,nan,nan,nan,nan,nan,nan
155.21980261802673,-0.4000000059604645,4.031000137329102,4.059999942779541,4.057000160217285,4.060999870300293,4.061999797821045,4.065999984741211,nan,nan,nan,nan,nan,nan
155.40047240257263,-0.4000000059604645,4.031000137329102,4.059999942779541,4.057000160217285,4.060999870300293,4.061999797821045,4.065000057220459,nan,nan,nan,nan,nan,nan
155.56129026412964,-0.4000000059604645,4.031000137329102,4.059999942779541,4.057000160217285,4.060999870300293,4.061999797821045,4.065000057220459,nan,nan,nan,nan,nan,nan
155.7399230003357,-0.38999998569488525,4.031000137329102,4.059999942779541,4.057000160217285,4.060999870300293,4.061999797821045,4.065999984741211,0.0,0.0,0.0,0.0,0.0,0.09999254943450207
155.8994743824005,-0.4000000059604645,4.031000137329102,4.059999942779541,4.057000160217285,4.060999870300293,4.061999797821045,4.065999984741211,0.0,0.0,0.0,0.0,0.0,0.0
156.0798807144165,-0.4000000059604645,4.031000137329102,4.059999942779541,4.057000160217285,4.060999870300293,4.061999797821045,4.065999984741211,nan,nan,nan,nan,nan,nan
156.26040244102478,-0.4000000059604645,4.031000137329102,4.059999942779541,4.057000160217285,4.060999870300293,4.061999797821045,4.065000057220459,nan,nan,nan,nan,nan,nan
156.41985177993774,-0.4000000059604645,4.031000137329102,4.059999942779541,4.057000160217285,4.060999870300293,4.061999797821045,4.065000057220459,nan,nan,nan,nan,nan,nan
156.6000235080719,-0.4099999964237213,4.031000137329102,4.059999942779541,4.057000160217285,4.060999870300293,4.061999797821045,4.065999984741211,0.0,0.0,0.0,0.0,0.0,0.09999284743580573
156.78022718429565,-0.4099999964237213,4.031000137329102,4.059999942779541,4.057000160217285,4.060999870300293,4.061999797821045,4.065000057220459,nan,nan,nan,nan,nan,nan
156.9399437904358,-0.4000000059604645,4.031000137329102,4.059999942779541,4.057000160217285,4.060999870300293,4.061999797821045,4.065000057220459,0.0,0.0,0.0,0.0,0.0,0.0
157.12030005455017,-0.4000000059604645,4.031000137329102,4.059999942779541,4.057000160217285,4.060999870300293,4.061999797821045,4.065999984741211,nan,nan,nan,nan,nan,nan
157.27992129325867,-0.4000000059604645,4.031000137329102,4.059999942779541,4.057000160217285,4.060999870300293,4.061999797821045,4.065000057220459,nan,nan,nan,nan,nan,nan
157.46043610572815,-0.4000000059604645,4.031000137329102,4.059999942779541,4.057000160217285,4.060999870300293,4.061999797821045,4.065000057220459,nan,nan,nan,nan,nan,nan
157.64072036743164,-0.4000000059604645,4.031000137329102,4.059999942779541,4.057000160217285,4.060999870300293,4.061999797821045,4.065000057220459,nan,nan,nan,nan,nan,nan
157.8000204563141,-0.4099999964237213,4.031000137329102,4.059999942779541,4.057000160217285,4.060999870300293,4.061999797821045,4.065999984741211,0.0,0.0,0.0,0.0,0.0,0.09999284743580573
157.98165678977966,-0.4000000059604645,4.031000137329102,4.059999942779541,4.057000160217285,4.060999870300293,4.061999797821045,4.065000057220459,0.0,0.0,0.0,0.0,0.0,0.09999284743580573
158.14097619056702,-0.4000000059604645,4.031000137329102,4.059999942779541,4.057000160217285,4.060999870300293,4.061999797821045,4.065000057220459,nan,nan,nan,nan,nan,nan
158.3198618888855,-0.4000000059604645,4.031000137329102,4.059999942779541,4.057000160217285,4.060999870300293,4.061999797821045,4.065000057220459,nan,nan,nan,nan,nan,nan
158.50007891654968,-0.4000000059604645,4.031000137329102,4.059999942779541,4.057000160217285,4.060999870300293,4.061999797821045,4.065000057220459,nan,nan,nan,nan,nan,nan
158.661114692688,-0.4099999964237213,4.031000137329102,4.059999942779541,4.057000160217285,4.060999870300293,4.061999797821045,4.065999984741211,0.0,0.0,0.0,0.0,0.0,0.09999284743580573
158.8418095111847,-0.41999998688697815,4.031000137329102,4.059999942779541,4.057000160217285,4.060999870300293,4.061999797821045,4.065000057220459,0.0,0.0,0.0,0.0,0.0,0.09999284743580573
159.02014923095703,-0.41999998688697815,4.031000137329102,4.059999942779541,4.057000160217285,4.060999870300293,4.061999797821045,4.065999984741211,nan,nan,nan,nan,nan,nan
159.1798312664032,-0.4099999964237213,4.031000137329102,4.059999942779541,4.057000160217285,4.060999870300293,4.061999797821045,4.065999984741211,0.0,0.0,0.0,0.0,0.0,0.0
159.360506772995,-0.4000000059604645,4.031000137329102,4.059999942779541,4.057000160217285,4.060999870300293,4.061999797821045,4.065999984741211,0.0,0.0,0.0,0.0,0.0,0.0
159.51979899406433,-0.38999998569488525,4.031000137329102,4.059999942779541,4.057000160217285,4.060999870300293,4.061999797821045,4.065000057220459,0.0,0.0,0.0,0.0,0.0,0.09999254943450207
159.69992923736572,-0.4000000059604645,4.031000137329102,4.059999942779541,4.057000160217285,4.060999870300293,4.061999797821045,4.065999984741211,0.0,0.0,0.0,0.0,0.0,0.09999254943450207
159.88027667999268,-0.4099999964237213,4.031000137329102,4.059999942779541,4.057000160217285,4.060999870300293,4.061999797821045,4.065999984741211,0.0,0.0,0.0,0.0,0.0,0.0
160.03982281684875,-0.38999998569488525,4.031000137329102,4.059999942779541,4.057000160217285,4.060999870300293,4.061999797821045,4.065000057220459,0.0,0.0,0.0,0.0,0.0,0.04999634921746594
160.2202503681183,-0.38999998569488525,4.031000137329102,4.059999942779541,4.057000160217285,4.060999870300293,4.061999797821045,4.065000057220459,nan,nan,nan,nan,nan,nan
160.38161826133728,-0.4000000059604645,4.031000137329102,4.059999942779541,4.057000160217285,4.060999870300293,4.061999797821045,4.065000057220459,0.0,0.0,0.0,0.0,0.0,0.0
160.55994939804077,-0.4000000059604645,4.031000137329102,4.059999942779541,4.057000160217285,4.060999870300293,4.061999797821045,4.065999984741211,nan,nan,nan,nan,nan,nan
160.7404863834381,-0.4000000059604645,4.031000137329102,4.059999942779541,4.057000160217285,4.060999870300293,4.061999797821045,4.065000057220459,nan,nan,nan,nan,nan,nan
160.89995646476746,-0.4000000059604645,4.031000137329102,4.059999942779541,4.057000160217285,4.060999870300293,4.060999870300293,4.065000057220459,nan,nan,nan,nan,nan,nan
161.08014798164368,-0.4000000059604645,4.031000137329102,4.059999942779541,4.057000160217285,4.060999870300293,4.061999797821045,4.065000057220459,nan,nan,nan,nan,nan,nan
161.26004910469055,-0.4000000059604645,4.031000137329102,4.059999942779541,4.057000160217285,4.060999870300293,4.061999797821045,4.065000057220459,nan,nan,nan,nan,nan,nan
161.41981840133667,-0.4000000059604645,4.031000137329102,4.059999942779541,4.057000160217285,4.060999870300293,4.061999797821045,4.065000057220459,nan,nan,nan,nan,nan,nan
161.60182929039001,-0.4000000059604645,4.031000137329102,4.059999942779541,4.057000160217285,4.060999870300293,4.061999797821045,4.065000057220459,nan,nan,nan,nan,nan,nan
161.75970911979675,-0.4099999964237213,4.031000137329102,4.059999942779541,4.057000160217285,4.060999870300293,4.061999797821045,4.065000057220459,0.0,0.0,0.0,0.0,0.0,0.0
161.94128918647766,-0.4099999964237213,4.031000137329102,4.059000015258789,4.057000160217285,4.060999870300293,4.061999797821045,4.065000057220459,nan,nan,nan,nan,nan,nan
162.11949706077576,-0.38999998569488525,4.031000137329102,4.059999942779541,4.057000160217285,4.060999870300293,4.061999797821045,4.065999984741211,0.0,0.04999634921746594,0.0,0.0,0.0,0.04999634921746594
162.2792296409607,-0.38999998569488525,4.031000137329102,4.059999942779541,4.057000160217285,4.060999870300293,4.061999797821045,4.065000057220459,nan,nan,nan,nan,nan,nan
162.4597990512848,-0.4000000059604645,4.031000137329102,4.059000015258789,4.057000160217285,4.060999870300293,4.061999797821045,4.065000057220459,0.0,0.09999254943450207,0.0,0.0,0.0,0.0
162.62065052986145,-0.4000000059604645,4.031000137329102,4.059999942779541,4.057000160217285,4.060999870300293,4.061999797821045,4.065999984741211,nan,nan,nan,nan,nan,nan
162.79953789710999,-0.38999998569488525,4.031000137329102,4.059999942779541,4.057000160217285,4.060999870300293,4.060999870300293,4.065000057220459,0.0,0.0,0.0,0.0,0.09999254943450207,0.09999254943450207
162.98033475875854,-0.4099999964237213,4.031000137329102,4.059999942779541,4.057000160217285,4.060999870300293,4.061999797821045,4.065000057220459,0.0,0.0,0.0,0.0,0.04999634921746594,0.0
163.13941407203674,-0.4000000059604645,4.031000137329102,4.059999942779541,4.057000160217285,4.060999870300293,4.061999797821045,4.065000057220459,0.0,0.0,0.0,0.0,0.0,0.0
163.3200867176056,-0.4000000059604645,4.031000137329102,4.059999942779541,4.057000160217285,4.060999870300293,4.061999797821045,4.065000057220459,nan,nan,nan,nan,nan,nan
163.5007927417755,-0.38999998569488525,4.031000137329102,4.059999942779541,4.057000160217285,4.060999870300293,4.061999797821045,4.065000057220459,0.0,0.0,0.0,0.0,0.0,0.0
163.66053342819214,-0.3799999952316284,4.031000137329102,4.059999942779541,4.057000160217285,4.060999870300293,4.061999797821045,4.065000057220459,0.0,0.0,0.0,0.0,0.0,0.0
163.84077095985413,-0.4099999964237213,4.031000137329102,4.059999942779541,4.057000160217285,4.060999870300293,4.061999797821045,4.065000057220459,0.0,0.0,0.0,0.0,0.0,0.0
164.00000166893005,-0.4099999964237213,4.031000137329102,4.059999942779541,4.057000160217285,4.060999870300293,4.061999797821045,4.065999984741211,nan,nan,nan,nan,nan,nan
164.18022179603577,-0.4000000059604645,4.031000137329102,4.059999942779541,4.057000160217285,4.060999870300293,4.061999797821045,4.065000057220459,0.0,0.0,0.0,0.0,0.0,0.09999284743580573
164.36014437675476,-0.4000000059604645,4.031000137329102,4.059999942779541,4.057000160217285,4.060999870300293,4.061999797821045,4.065999984741211,nan,nan,nan,nan,nan,nan
164.52018094062805,-0.4099999964237213,4.03000020980835,4.059000015258789,4.057000160217285,4.060999870300293,4.061999797821045,4.065000057220459,0.09999284743580573,0.09999284743580573,0.0,0.0,0.0,0.09999284743580573
164.70015478134155,-0.4099999964237213,4.031000137329102,4.059999942779541,4.057000160217285,4.060999870300293,4.060999870300293,4.065000057220459,nan,nan,nan,nan,nan,nan
164.85961961746216,-0.4000000059604645,4.031000137329102,4.059999942779541,4.057000160217285,4.060999870300293,4.061999797821045,4.065000057220459,0.0,0.0,0.0,0.0,0.09999284743580573,0.0
165.03981852531433,-0.4099999964237213,4.031000137329102,4.059999942779541,4.057000160217285,4.060999870300293,4.061999797821045,4.065000057220459,0.0,0.0,0.0,0.0,0.0,0.0
165.22009944915771,-0.41999998688697815,4.031000137329102,4.059999942779541,4.057000160217285,4.060999870300293,4.061999797821045,4.065000057220459,0.0,0.0,0.0,0.0,0.0,0.0
165.3796980381012,-0.4000000059604645,4.031000137329102,4.059000015258789,4.057000160217285,4.060999870300293,4.061999797821045,4.065999984741211,0.0,0.04999642371790287,0.0,0.0,0.0,0.04999642371790287
165.55994296073914,-0.41999998688697815,4.031000137329102,4.059999942779541,4.057000160217285,4.060999870300293,4.061999797821045,4.065999984741211,0.0,0.04999642371790287,0.0,0.0,0.0,0.0
165.7195324897766,-0.38999998569488525,4.031000137329102,4.059999942779541,4.057000160217285,4.060999870300293,4.061999797821045,4.065000057220459,0.0,0.0,0.0,0.0,0.0,0.033330916033946834
165.8997449874878,-0.4099999964237213,4.031000137329102,4.059999942779541,4.057000160217285,4.060999870300293,4.061999797821045,4.065000057220459,0.0,0.0,0.0,0.0,0.0,0.0
166.08000564575195,-0.41999998688697815,4.031000137329102,4.059000015258789,4.057000160217285,4.060999870300293,4.061999797821045,4.065000057220459,0.0,0.09999284743580573,0.0,0.0,0.0,0.0
166.2396514415741,-0.41999998688697815,4.031000137329102,4.059000015258789,4.057000160217285,4.060999870300293,4.061999797821045,4.065000057220459,nan,nan,nan,nan,nan,nan
166.4199287891388,-0.4000000059604645,4.031000137329102,4.059000015258789,4.057000160217285,4.060999870300293,4.060999870300293,4.065000057220459,0.0,0.0,0.0,0.0,0.04999642371790287,0.0
166.6000955104828,-0.38999998569488525,4.031000137329102,4.059999942779541,4.057000160217285,4.060999870300293,4.061999797821045,4.065000057220459,0.0,0.09999254943450207,0.0,0.0,0.09999254943450207,0.0
166.76004314422607,-0.4000000059604645,4.031000137329102,4.059999942779541,4.057000160217285,4.060999870300293,4.061999797821045,4.065000057220459,0.0,0.0,0.0,0.0,0.0,0.0
166.9401228427887,-0.4000000059604645,4.031000137329102,4.059000015258789,4.057000160217285,4.060999870300293,4.061999797821045,4.065000057220459,nan,nan,nan,nan,nan,nan
167.09950160980225,-0.4099999964237213,4.031000137329102,4.059000015258789,4.057000160217285,4.060999870300293,4.060999870300293,4.065000057220459,0.0,0.0,0.0,0.0,0.09999284743580573,0.0
167.28000116348267,-0.4099999964237213,4.031000137329102,4.059999942779541,4.057000160217285,4.060999870300293,4.061999797821045,4.065000057220459,nan,nan,nan,nan,nan,nan
167.46014046669006,-0.4000000059604645,4.031000137329102,4.059999942779541,4.057000160217285,4.060999870300293,4.061999797821045,4.065000057220459,0.0,0.0,0.0,0.0,0.0,0.0
167.62020468711853,-0.38999998569488525,4.031000137329102,4.059000015258789,4.057000160217285,4.060999870300293,4.060999870300293,4.065000057220459,0.0,0.09999254943450207,0.0,0.0,0.09999254943450207,0.0
167.79997563362122,-0.4000000059604645,4.031000137329102,4.059000015258789,4.057000160217285,4.060999870300293,4.061999797821045,4.065000057220459,0.0,0.0,0.0,0.0,0.09999254943450207,0.0
167.95960354804993,-0.4000000059604645,4.031000137329102,4.059999942779541,4.057000160217285,4.060999870300293,4.061999797821045,4.065000057220459,nan,nan,nan,nan,nan,nan
168.14020466804504,-0.4000000059604645,4.031000137329102,4.059000015258789,4.057000160217285,4.060999870300293,4.060999870300293,4.065000057220459,nan,nan,nan,nan,nan,nan
168.3204460144043,-0.4000000059604645,4.031000137329102,4.059999942779541,4.057000160217285,4.060999870300293,4.061999797821045,4.065000057220459,nan,nan,nan,nan,nan,nan
168.48001623153687,-0.4099999964237213,4.031000137329102,4.059000015258789,4.057000160217285,4.060999870300293,4.060999870300293,4.065000057220459,0.0,0.09999284743580573,0.0,0.0,0.09999284743580573,0.0
168.66041445732117,-0.4000000059604645,4.03000020980835,4.059000015258789,4.056000232696533,4.060999870300293,4.061999797821045,4.065000057220459,0.09999284743580573,0.0,0.09999284743580573,0.0,0.09999284743580573,0.0
168.83957028388977,-0.4099999964237213,4.031000137329102,4.059000015258789,4.057000160217285,4.060999870300293,4.060999870300293,4.065000057220459,0.09999284743580573,0.0,0.09999284743580573,0.0,0.09999284743580573,0.0
169.0004734992981,-0.4000000059604645,4.031000137329102,4.059000015258789,4.057000160217285,4.060999870300293,4.061999797821045,4.065000057220459,0.0,0.0,0.0,0.0,0.09999284743580573,0.0
169.18077659606934,-0.4000000059604645,4.03000020980835,4.059000015258789,4.057000160217285,4.060999870300293,4.061999797821045,4.065000057220459,nan,nan,nan,nan,nan,nan
169.3401095867157,-0.38999998569488525,4.031000137329102,4.059000015258789,4.056000232696533,4.060999870300293,4.061999797821045,4.065000057220459,0.09999254943450207,0.0,0.09999254943450207,0.0,0.0,0.0
169.5206274986267,-0.38999998569488525,4.031000137329102,4.059999942779541,4.057000160217285,4.060999870300293,4.061999797821045,4.065000057220459,nan,nan,nan,nan,nan,nan
169.70059990882874,-0.4099999964237213,4.03000020980835,4.059000015258789,4.056000232696533,4.060999870300293,4.061999797821045,4.065000057220459,0.04999634921746594,0.04999634921746594,0.04999634921746594,0.0,0.0,0.0
169.8602077960968,-0.4000000059604645,4.03000020980835,4.059000015258789,4.057000160217285,4.060999870300293,4.061999797821045,4.065000057220459,0.0,0.0,0.09999284743580573,0.0,0.0,0.0
170.04044604301453,-0.4000000059604645,4.031000137329102,4.059999942779541,4.057000160217285,4.060999870300293,4.061999797821045,4.065000057220459,nan,nan,nan,nan,nan,nan
170.20011377334595,-0.4000000059604645,4.031000137329102,4.059999942779541,4.057000160217285,4.060999870300293,4.061999797821045,4.065000057220459,nan,nan,nan,nan,nan,nan
170.38031315803528,-0.4000000059604645,4.031000137329102,4.059999942779541,4.057000160217285,4.060999870300293,4.061999797821045,4.065000057220459,nan,nan,nan,nan,nan,nan
170.56072974205017,-0.4000000059604645,4.03000020980835,4.059000015258789,4.057000160217285,4.060999870300293,4.061999797821045,4.065000057220459,nan,nan,nan,nan,nan,nan
170.71989750862122,-0.38999998569488525,4.03000020980835,4.059000015258789,4.056000232696533,4.060999870300293,4.060999870300293,4.065000057220459,0.0,0.0,0.09999254943450207,0.0,0.09999254943450207,0.0
170.9004876613617,-0.4000000059604645,4.031000137329102,4.059000015258789,4.057000160217285,4.060999870300293,4.060999870300293,4.065000057220459,0.09999254943450207,0.0,0.09999254943450207,0.0,0.0,0.0
171.08048295974731,-0.4099999964237213,4.03000020980835,4.059000015258789,4.057000160217285,4.060999870300293,4.060999870300293,4.065000057220459,0.09999284743580573,0.0,0.0,0.0,0.0,0.0
171.23965764045715,-0.4000000059604645,4.031000137329102,4.059000015258789,4.056000232696533,4.060999870300293,4.060999870300293,4.065000057220459,0.09999284743580573,0.0,0.09999284743580573,0.0,0.0,0.0
171.42031741142273,-0.4099999964237213,4.03000020980835,4.059000015258789,4.057000160217285,4.060999870300293,4.061999797821045,4.065000057220459,0.09999284743580573,0.0,0.09999284743580573,0.0,0.09999284743580573,0.0
171.579585313797,-0.38999998569488525,4.03000020980835,4.059000015258789,4.057000160217285,4.060999870300293,4.061999797821045,4.065000057220459,0.0,0.0,0.0,0.0,0.0,0.0
171.75998759269714,-0.4000000059604645,4.03000020980835,4.059000015258789,4.057000160217285,4.060999870300293,4.061999797821045,4.065000057220459,0.0,0.0,0.0,0.0,0.0,0.0
171.94047689437866,-0.38999998569488525,4.03000020980835,4.059999942779541,4.057000160217285,4.060999870300293,4.060999870300293,4.065000057220459,0.0,0.09999254943450207,0.0,0.0,0.09999254943450207,0.0
172.0997805595398,-0.4099999964237213,4.03000020980835,4.059999942779541,4.057000160217285,4.060999870300293,4.060999870300293,4.065000057220459,0.0,0.0,0.0,0.0,0.0,0.0
172.27998447418213,-0.4300000071525574,4.031000137329102,4.059000015258789,4.057000160217285,4.060999870300293,4.060999870300293,4.065000057220459,0.04999634921746594,0.04999634921746594,0.0,0.0,0.0,0.0
172.43970704078674,-0.38999998569488525,4.031000137329102,4.059000015258789,4.057000160217285,4.060999870300293,4.060999870300293,4.065000057220459,0.0,0.0,0.0,0.0,0.0,0.0
172.61990928649902,-0.4000000059604645,4.03000020980835,4.059000015258789,4.057000160217285,4.060999870300293,4.060999870300293,4.065000057220459,0.09999254943450207,0.0,0.0,0.0,0.0,0.0
172.80135035514832,-0.4099999964237213,4.03000020980835,4.059000015258789,4.056000232696533,4.060999870300293,4.061999797821045,4.065000057220459,0.0,0.0,0.09999284743580573,0.0,0.09999284743580573,0.0
172.96218872070312,-0.38999998569488525,4.03000020980835,4.059000015258789,4.057000160217285,4.060999870300293,4.060999870300293,4.065000057220459,0.0,0.0,0.04999634921746594,0.0,0.04999634921746594,0.0
173.13974046707153,-0.4099999964237213,4.031000137329102,4.059000015258789,4.056000232696533,4.060999870300293,4.060999870300293,4.065000057220459,0.04999634921746594,0.0,0.04999634921746594,0.0,0.0,0.0
173.31982588768005,-0.4000000059604645,4.031000137329102,4.059999942779541,4.056000232696533,4.060999870300293,4.060999870300293,4.065000057220459,0.0,0.09999284743580573,0.0,0.0,0.0,0.0
173.4793529510498,-0.38999998569488525,4.031000137329102,4.059000015258789,4.057000160217285,4.060999870300293,4.060999870300293,4.065000057220459,0.0,0.09999254943450207,0.09999254943450207,0.0,0.0,0.0
173.65994930267334,-0.4099999964237213,4.031000137329102,4.059000015258789,4.057000160217285,4.060999870300293,4.060999870300293,4.065000057220459,0.0,0.0,0.0,0.0,0.0,0.0
173.8197841644287,-0.4000000059604645,4.03000020980835,4.059000015258789,4.057000160217285,4.060999870300293,4.060999870300293,4.065000057220459,0.09999284743580573,0.0,0.0,0.0,0.0,0.0
173.9996213912964,-0.4000000059604645,4.03000020980835,4.059000015258789,4.056000232696533,4.060999870300293,4.061999797821045,4.065000057220459,nan,nan,nan,nan,nan,nan
174.18006873130798,-0.4000000059604645,4.03000020980835,4.059000015258789,4.057000160217285,4.060999870300293,4.060999870300293,4.065000057220459,nan,nan,nan,nan,nan,nan
174.3407962322235,-0.38999998569488525,4.031000137329102,4.059000015258789,4.056000232696533,4.060999870300293,4.060999870300293,4.065000057220459,0.09999254943450207,0.0,0.09999254943450207,0.0,0.0,0.0
174.51999402046204,-0.4000000059604645,4.03000020980835,4.059000015258789,4.057000160217285,4.060999870300293,4.060999870300293,4.065000057220459,0.09999254943450207,0.0,0.09999254943450207,0.0,0.0,0.0
174.68101811408997,-0.4000000059604645,4.03000020980835,4.059000015258789,4.057000160217285,4.060999870300293,4.060999870300293,4.065000057220459,nan,nan,nan,nan,nan,nan
174.85945653915405,-0.4000000059604645,4.03000020980835,4.059000015258789,4.057000160217285,4.060999870300293,4.060999870300293,4.065000057220459,nan,nan,nan,nan,nan,nan
175.03994750976562,-0.4000000059604645,4.031000137329102,4.059000015258789,4.057000160217285,4.060999870300293,4.061999797821045,4.065000057220459,nan,nan,nan,nan,nan,nan
175.20138120651245,-0.4000000059604645,4.03000020980835,4.059000015258789,4.056000232696533,4.060999870300293,4.060999870300293,4.065000057220459,nan,nan,nan,nan,nan,nan
175.380957365036,-0.4000000059604645,4.03000020980835,4.059000015258789,4.056000232696533,4.060999870300293,4.061999797821045,4.065000057220459,nan,nan,nan,nan,nan,nan
175.5609040260315,-0.38999998569488525,4.03000020980835,4.059000015258789,4.057000160217285,4.060999870300293,4.060999870300293,4.065000057220459,0.0,0.0,0.09999254943450207,0.0,0.09999254943450207,0.0
175.72038459777832,-0.4000000059604645,4.03000020980835,4.059000015258789,4.056000232696533,4.060999870300293,4.060999870300293,4.065000057220459,0.0,0.0,0.09999254943450207,0.0,0.0,0.0
175.90068745613098,-0.4000000059604645,4.03000020980835,4.059000015258789,4.056000232696533,4.060999870300293,4.060999870300293,4.065000057220459,nan,nan,nan,nan,nan,nan
176.05972957611084,-0.38999998569488525,4.03000020980835,4.059000015258789,4.057000160217285,4.060999870300293,4.060999870300293,4.065000057220459,0.0,0.0,0.09999254943450207,0.0,0.0,0.0
176.2399706840515,-0.41999998688697815,4.03000020980835,4.059000015258789,4.056000232696533,4.060999870300293,4.060999870300293,4.065000057220459,0.0,0.0,0.033330916033946834,0.0,0.0,0.0
176.42066764831543,-0.41999998688697815,4.03000020980835,4.059999942779541,4.056000232696533,4.060999870300293,4.060999870300293,4.065000057220459,nan,nan,nan,nan,nan,nan
176.57972288131714,-0.38999998569488525,4.03000020980835,4.059000015258789,4.056000232696533,4.060999870300293,4.060999870300293,4.065000057220459,0.0,0.033330916033946834,0.0,0.0,0.0,0.0
176.75994849205017,-0.4000000059604645,4.03000020980835,4.059000015258789,4.056000232696533,4.060999870300293,4.060999870300293,4.065000057220459,0.0,0.0,0.0,0.0,0.0,0.0
176.9208071231842,-0.4000000059604645,4.03000020980835,4.059000015258789,4.056000232696533,4.060999870300293,4.061999797821045,4.065000057220459,nan,nan,nan,nan,nan,nan
177.0994839668274,-0.4000000059604645,4.03000020980835,4.059000015258789,4.056000232696533,4.060999870300293,4.060999870300293,4.065000057220459,nan,nan,nan,nan,nan,nan
177.27996563911438,-0.4099999964237213,4.03000020980835,4.059999942779541,4.056000232696533,4.060999870300293,4.060999870300293,4.065000057220459,0.0,0.09999284743580573,0.0,0.0,0.0,0.0
177.4395763874054,-0.4000000059604645,4.03000020980835,4.059000015258789,4.056000232696533,4.060999870300293,4.060999870300293,4.065000057220459,0.0,0.09999284743580573,0.0,0.0,0.0,0.0
177.61989402770996,-0.4000000059604645,4.03000020980835,4.059000015258789,4.056000232696533,4.060999870300293,4.060999870300293,4.065000057220459,nan,nan,nan,nan,nan,nan
177.779550075531,-0.4000000059604645,4.03000020980835,4.059000015258789,4.056000232696533,4.060999870300293,4.060999870300293,4.065000057220459,nan,nan,nan,nan,nan,nan
177.95986914634705,-0.4099999964237213,4.03000020980835,4.059000015258789,4.056000232696533,4.060999870300293,4.060999870300293,4.065000057220459,0.0,0.0,0.0,0.0,0.0,0.0
178.14012956619263,-0.4099999964237213,4.03000020980835,4.059000015258789,4.056000232696533,4.060999870300293,4.060999870300293,4.065000057220459,nan,nan,nan,nan,nan,nan
178.29953360557556,-0.41999998688697815,4.03000020980835,4.059000015258789,4.056000232696533,4.060999870300293,4.060999870300293,4.065000057220459,0.0,0.0,0.0,0.0,0.0,0.0
178.47988438606262,-0.4000000059604645,4.03000020980835,4.059000015258789,4.056000232696533,4.060999870300293,4.060999870300293,4.065000057220459,0.0,0.0,0.0,0.0,0.0,0.0
178.6602325439453,-0.38999998569488525,4.03000020980835,4.059000015258789,4.057000160217285,4.060999870300293,4.061999797821045,4.065000057220459,0.0,0.0,0.09999254943450207,0.0,0.09999254943450207,0.0
178.81980991363525,-0.4000000059604645,4.03000020980835,4.059000015258789,4.056000232696533,4.060999870300293,4.060999870300293,4.065000057220459,0.0,0.0,0.09999254943450207,0.0,0.09999254943450207,0.0
179.0000524520874,-0.38999998569488525,4.03000020980835,4.059000015258789,4.056000232696533,4.060999870300293,4.060999870300293,4.065000057220459,0.0,0.0,0.0,0.0,0.0,0.0
179.160804271698,-0.4000000059604645,4.03000020980835,4.059000015258789,4.056000232696533,4.060999870300293,4.060999870300293,4.065000057220459,0.0,0.0,0.0,0.0,0.0,0.0
179.33961939811707,-0.38999998569488525,4.03000020980835,4.059000015258789,4.056000232696533,4.060999870300293,4.060999870300293,4.065000057220459,0.0,0.0,0.0,0.0,0.0,0.0
179.52026677131653,-0.4000000059604645,4.03000020980835,4.059000015258789,4.056000232696533,4.060999870300293,4.060999870300293,4.065000057220459,0.0,0.0,0.0,0.0,0.0,0.0
179.68088126182556,-0.4099999964237213,4.03000020980835,4.059000015258789,4.056000232696533,4.060999870300293,4.060999870300293,4.065000057220459,0.0,0.0,0.0,0.0,0.0,0.0
179.8598771095276,-0.4000000059604645,4.03000020980835,4.059000015258789,4.056000232696533,4.060999870300293,4.060999870300293,4.065000057220459,0.0,0.0,0.0,0.0,0.0,0.0
180.0191240310669,-0.4000000059604645,4.03000020980835,4.059000015258789,4.056000232696533,4.060999870300293,4.060999870300293,4.065000057220459,nan,nan,nan,nan,nan,nan
180.19970273971558,-0.4000000059604645,4.03000020980835,4.059000015258789,4.056000232696533,4.060999870300293,4.060999870300293,4.065000057220459,nan,nan,nan,nan,nan,nan
180.3798530101776,-0.4000000059604645,4.03000020980835,4.059000015258789,4.057000160217285,4.060999870300293,4.060999870300293,4.065000057220459,nan,nan,nan,nan,nan,nan
180.53952479362488,-0.4000000059604645,4.03000020980835,4.059000015258789,4.056000232696533,4.060999870300293,4.060999870300293,4.065000057220459,nan,nan,nan,nan,nan,nan
180.72001767158508,-0.4000000059604645,4.03000020980835,4.059000015258789,4.057000160217285,4.060999870300293,4.060999870300293,4.065000057220459,nan,nan,nan,nan,nan,nan
180.9003517627716,-0.4399999976158142,4.03000020980835,4.059000015258789,4.056000232696533,4.060999870300293,4.060999870300293,4.065000057220459,0.0,0.0,0.024998193233828327,0.0,0.0,0.0
181.05994081497192,-0.4099999964237213,4.03000020980835,4.059000015258789,4.056000232696533,4.059999942779541,4.060999870300293,4.065000057220459,0.0,0.0,0.0,0.033330916033946834,0.0,0.0
181.23985528945923,-0.4000000059604645,4.03000020980835,4.059000015258789,4.056000232696533,4.060999870300293,4.060999870300293,4.065000057220459,0.0,0.0,0.0,0.09999284743580573,0.0,0.0
181.40086483955383,-0.4000000059604645,4.03000020980835,4.059000015258789,4.056000232696533,4.060999870300293,4.060999870300293,4.065000057220459,nan,nan,nan,nan,nan,nan
181.5796718597412,-0.38999998569488525,4.03000020980835,4.059000015258789,4.056000232696533,4.060999870300293,4.060999870300293,4.065000057220459,0.0,0.0,0.0,0.0,0.0,0.0
181.7599654197693,-0.4000000059604645,4.03000020980835,4.059000015258789,4.056000232696533,4.060999870300293,4.060999870300293,4.065000057220459,0.0,0.0,0.0,0.0,0.0,0.0
181.91969394683838,-0.4300000071525574,4.03000020980835,4.059000015258789,4.056000232696533,4.060999870300293,4.060999870300293,4.065000057220459,0.0,0.0,0.0,0.0,0.0,0.0
182.10025429725647,-0.4000000059604645,4.03000020980835,4.059000015258789,4.056000232696533,4.060999870300293,4.060999870300293,4.065000057220459,0.0,0.0,0.0,0.0,0.0,0.0
182.25961756706238,-0.4000000059604645,4.03000020980835,4.059000015258789,4.056000232696533,4.060999870300293,4.060999870300293,4.065000057220459,nan,nan,nan,nan,nan,nan
182.44029426574707,-0.38999998569488525,4.03000020980835,4.059000015258789,4.056000232696533,4.060999870300293,4.060999870300293,4.065000057220459,0.0,0.0,0.0,0.0,0.0,0.0
182.62086415290833,-0.4000000059604645,4.03000020980835,4.059000015258789,4.056000232696533,4.060999870300293,4.060999870300293,4.065000057220459,0.0,0.0,0.0,0.0,0.0,0.0
182.78016304969788,-0.38999998569488525,4.03000020980835,4.059000015258789,4.056000232696533,4.060999870300293,4.060999870300293,4.065000057220459,0.0,0.0,0.0,0.0,0.0,0.0
182.96046900749207,-0.41999998688697815,4.03000020980835,4.059000015258789,4.056000232696533,4.060999870300293,4.060999870300293,4.065000057220459,0.0,0.0,0.0,0.0,0.0,0.0
183.13932085037231,-0.4000000059604645,4.03000020980835,4.059000015258789,4.056000232696533,4.060999870300293,4.060999870300293,4.065000057220459,0.0,0.0,0.0,0.0,0.0,0.0
183.29932475090027,-0.4000000059604645,4.03000020980835,4.059000015258789,4.056000232696533,4.060999870300293,4.060999870300293,4.065000057220459,nan,nan,nan,nan,nan,nan
183.47952365875244,-0.4000000059604645,4.03000020980835,4.059000015258789,4.056000232696533,4.060999870300293,4.060999870300293,4.065000057220459,nan,nan,nan,nan,nan,nan
183.64054775238037,-0.3799999952316284,4.03000020980835,4.059000015258789,4.056000232696533,4.060999870300293,4.061999797821045,4.065000057220459,0.0,0.0,0.0,0.0,0.04999634921746594,0.0
183.82060170173645,-0.4000000059604645,4.03000020980835,4.059000015258789,4.056000232696533,4.060999870300293,4.060999870300293,4.065000057220459,0.0,0.0,0.0,0.0,0.04999634921746594,0.0
183.9993965625763,-0.4000000059604645,4.03000020980835,4.059000015258789,4.056000232696533,4.060999870300293,4.060999870300293,4.065000057220459,nan,nan,nan,nan,nan,nan
184.16056728363037,-0.4000000059604645,4.03000020980835,4.059000015258789,4.056000232696533,4.060999870300293,4.060999870300293,4.065000057220459,nan,nan,nan,nan,nan,nan
184.3392984867096,-0.4000000059604645,4.03000020980835,4.059000015258789,4.056000232696533,4.060999870300293,4.060999870300293,4.065000057220459,nan,nan,nan,nan,nan,nan
184.51952624320984,-0.4099999964237213,4.03000020980835,4.059000015258789,4.056000232696533,4.059999942779541,4.060999870300293,4.065000057220459,0.0,0.0,0.0,0.09999284743580573,0.0,0.0
184.68077206611633,-0.38999998569488525,4.03000020980835,4.059000015258789,4.056000232696533,4.060999870300293,4.060999870300293,4.065000057220459,0.0,0.0,0.0,0.04999634921746594,0.0,0.0
184.85941410064697,-0.4000000059604645,4.03000020980835,4.059000015258789,4.056000232696533,4.060999870300293,4.060999870300293,4.065000057220459,0.0,0.0,0.0,0.0,0.0,0.0
185.02073884010315,-0.4099999964237213,4.03000020980835,4.059000015258789,4.056000232696533,4.060999870300293,4.060999870300293,4.065000057220459,0.0,0.0,0.0,0.0,0.0,0.0
185.20080828666687,-0.38999998569488525,4.03000020980835,4.059000015258789,4.056000232696533,4.060999870300293,4.060999870300293,4.065000057220459,0.0,0.0,0.0,0.0,0.0,0.0
185.37972569465637,-0.4000000059604645,4.03000020980835,4.059000015258789,4.056000232696533,4.060999870300293,4.060999870300293,4.065000057220459,0.0,0.0,0.0,0.0,0.0,0.0
185.5406711101532,-0.4000000059604645,4.03000020980835,4.059000015258789,4.056000232696533,4.059999942779541,4.060999870300293,4.065000057220459,nan,nan,nan,nan,nan,nan
185.72051072120667,-0.4000000059604645,4.03000020980835,4.059000015258789,4.056000232696533,4.060999870300293,4.060999870300293,4.065000057220459,nan,nan,nan,nan,nan,nan
185.88005924224854,-0.4099999964237213,4.03000020980835,4.059000015258789,4.056000232696533,4.060999870300293,4.060999870300293,4.065000057220459,0.0,0.0,0.0,0.0,0.0,0.0
186.0601019859314,-0.4000000059604645,4.03000020980835,4.059000015258789,4.056000232696533,4.060999870300293,4.060999870300293,4.065000057220459,0.0,0.0,0.0,0.0,0.0,0.0
186.2404386997223,-0.4000000059604645,4.03000020980835,4.059000015258789,4.056000232696533,4.060999870300293,4.060999870300293,4.065000057220459,nan,nan,nan,nan,nan,nan
186.40009188652039,-0.41999998688697815,4.03000020980835,4.059000015258789,4.056000232696533,4.060999870300293,4.060999870300293,4.065000057220459,0.0,0.0,0.0,0.0,0.0,0.0
186.58041524887085,-0.4000000059604645,4.03000020980835,4.059000015258789,4.056000232696533,4.060999870300293,4.060999870300293,4.065000057220459,0.0,0.0,0.0,0.0,0.0,0.0
186.74009776115417,-0.4000000059604645,4.03000020980835,4.059000015258789,4.056000232696533,4.060999870300293,4.060999870300293,4.065000057220459,nan,nan,nan,nan,nan,nan
186.92038011550903,-0.4099999964237213,4.03000020980835,4.059000015258789,4.056000232696533,4.060999870300293,4.060999870300293,4.065000057220459,0.0,0.0,0.0,0.0,0.0,0.0
187.10048007965088,-0.4000000059604645,4.03000020980835,4.059000015258789,4.056000232696533,4.060999870300293,4.060999870300293,4.065000057220459,0.0,0.0,0.0,0.0,0.0,0.0
187.25994443893433,-0.4000000059604645,4.03000020980835,4.059000015258789,4.056000232696533,4.060999870300293,4.060999870300293,4.065000057220459,nan,nan,nan,nan,nan,nan
187.44092416763306,-0.41999998688697815,4.03000020980835,4.059000015258789,4.056000232696533,4.060999870300293,4.060999870300293,4.065000057220459,0.0,0.0,0.0,0.0,0.0,0.0
187.6207971572876,-0.4000000059604645,4.03000020980835,4.059000015258789,4.056000232696533,4.059999942779541,4.060999870300293,4.065000057220459,0.0,0.0,0.0,0.04999642371790287,0.0,0.0
187.78060460090637,-0.4000000059604645,4.03000020980835,4.059000015258789,4.056000232696533,4.059999942779541,4.060999870300293,4.065000057220459,nan,nan,nan,nan,nan,nan
187.96115732192993,-0.4000000059604645,4.03000020980835,4.059000015258789,4.056000232696533,4.060999870300293,4.060999870300293,4.065000057220459,nan,nan,nan,nan,nan,nan
188.12012934684753,-0.4000000059604645,4.03000020980835,4.059000015258789,4.056000232696533,4.060999870300293,4.060999870300293,4.065000057220459,nan,nan,nan,nan,nan,nan
188.30048203468323,-0.4099999964237213,4.03000020980835,4.059000015258789,4.056000232696533,4.060999870300293,4.060999870300293,4.065000057220459,0.0,0.0,0.0,0.0,0.0,0.0
188.4794683456421,-0.4000000059604645,4.03000020980835,4.059000015258789,4.056000232696533,4.059999942779541,4.060999870300293,4.065000057220459,0.0,0.0,0.0,0.09999284743580573,0.0,0.0
188.64059281349182,-0.4000000059604645,4.03000020980835,4.059000015258789,4.056000232696533,4.060999870300293,4.060999870300293,4.065000057220459,nan,nan,nan,nan,nan,nan
188.81969380378723,-0.4000000059604645,4.03000020980835,4.059000015258789,4.056000232696533,4.059999942779541,4.060999870300293,4.065000057220459,nan,nan,nan,nan,nan,nan
189.0013427734375,-0.4000000059604645,4.03000020980835,4.059000015258789,4.056000232696533,4.060999870300293,4.060999870300293,4.065000057220459,nan,nan,nan,nan,nan,nan
189.1605725288391,-0.4000000059604645,4.03000020980835,4.059000015258789,4.056000232696533,4.059999942779541,4.060999870300293,4.065000057220459,nan,nan,nan,nan,nan,nan
189.33934259414673,-0.4000000059604645,4.03000020980835,4.059000015258789,4.056000232696533,4.060999870300293,4.060999870300293,4.065000057220459,nan,nan,nan,nan,nan,nan
189.50061655044556,-0.4099999964237213,4.03000020980835,4.059000015258789,4.056000232696533,4.060999870300293,4.060999870300293,4.065000057220459,0.0,0.0,0.0,0.0,0.0,0.0
189.67929673194885,-0.4000000059604645,4.03000020980835,4.059000015258789,4.056000232696533,4.060999870300293,4.060999870300293,4.065000057220459,0.0,0.0,0.0,0.0,0.0,0.0
189.85975861549377,-0.4000000059604645,4.03000020980835,4.059000015258789,4.056000232696533,4.060999870300293,4.060999870300293,4.065000057220459,nan,nan,nan,nan,nan,nan
190.01919841766357,-0.4000000059604645,4.03000020980835,4.059000015258789,4.056000232696533,4.059999942779541,4.060999870300293,4.065000057220459,nan,nan,nan,nan,nan,nan
190.20000076293945,-0.4000000059604645,4.03000020980835,4.059000015258789,4.056000232696533,4.060999870300293,4.060999870300293,4.065000057220459,nan,nan,nan,nan,nan,nan
190.35948991775513,-0.4000000059604645,4.03000020980835,4.059000015258789,4.056000232696533,4.060999870300293,4.060999870300293,4.065000057220459,nan,nan,nan,nan,nan,nan
190.53946805000305,-0.4000000059604645,4.03000020980835,4.059000015258789,4.056000232696533,4.059999942779541,4.060999870300293,4.065000057220459,nan,nan,nan,nan,nan,nan
190.72005796432495,-0.4000000059604645,4.03000020980835,4.059000015258789,4.056000232696533,4.060999870300293,4.060999870300293,4.065000057220459,nan,nan,nan,nan,nan,nan
190.87977194786072,-0.4000000059604645,4.03000020980835,4.059000015258789,4.056000232696533,4.060999870300293,4.060999870300293,4.065000057220459,nan,nan,nan,nan,nan,nan
191.05982780456543,-0.4000000059604645,4.03000020980835,4.059000015258789,4.056000232696533,4.059999942779541,4.060999870300293,4.065000057220459,nan,nan,nan,nan,nan,nan
191.24016976356506,-0.4000000059604645,4.03000020980835,4.059000015258789,4.056000232696533,4.060999870300293,4.060999870300293,4.065000057220459,nan,nan,nan,nan,nan,nan
191.3996376991272,-0.4000000059604645,4.03000020980835,4.059000015258789,4.056000232696533,4.059999942779541,4.060999870300293,4.065000057220459,nan,nan,nan,nan,nan,nan
191.58011198043823,-0.4000000059604645,4.03000020980835,4.059000015258789,4.056000232696533,4.060999870300293,4.060999870300293,4.065000057220459,nan,nan,nan,nan,nan,nan
191.73952412605286,-0.4000000059604645,4.03000020980835,4.059000015258789,4.056000232696533,4.060999870300293,4.060999870300293,4.065000057220459,nan,nan,nan,nan,nan,nan
191.91984724998474,-0.4099999964237213,4.03000020980835,4.059000015258789,4.056000232696533,4.060999870300293,4.060999870300293,4.065000057220459,0.0,0.0,0.0,0.0,0.0,0.0
192.10030126571655,-0.38999998569488525,4.03000020980835,4.059000015258789,4.056000232696533,4.060999870300293,4.060999870300293,4.065000057220459,0.0,0.0,0.0,0.0,0.0,0.0
192.2599105834961,-0.4000000059604645,4.03000020980835,4.059000015258789,4.056000232696533,4.060999870300293,4.060999870300293,4.065000057220459,0.0,0.0,0.0,0.0,0.0,0.0
192.44175553321838,-0.38999998569488525,4.03000020980835,4.059000015258789,4.056000232696533,4.059999942779541,4.060999870300293,4.065000057220459,0.0,0.0,0.0,0.09999254943450207,0.0,0.0
192.59973335266113,-0.4000000059604645,4.03000020980835,4.059000015258789,4.056000232696533,4.059999942779541,4.060999870300293,4.065000057220459,0.0,0.0,0.0,0.0,0.0,0.0
192.7800624370575,-0.3799999952316284,4.03000020980835,4.059000015258789,4.056000232696533,4.059999942779541,4.060999870300293,4.065000057220459,0.0,0.0,0.0,0.0,0.0,0.0
192.960196018219,-0.4000000059604645,4.03000020980835,4.059000015258789,4.056000232696533,4.059999942779541,4.060999870300293,4.065000057220459,0.0,0.0,0.0,0.0,0.0,0.0
193.11955571174622,-0.4099999964237213,4.03000020980835,4.059000015258789,4.056000232696533,4.059999942779541,4.060999870300293,4.065000057220459,0.0,0.0,0.0,0.0,0.0,0.0
193.3002109527588,-0.4000000059604645,4.03000020980835,4.059000015258789,4.056000232696533,4.059999942779541,4.060999870300293,4.065000057220459,0.0,0.0,0.0,0.0,0.0,0.0
193.48049807548523,-0.4099999964237213,4.03000020980835,4.059000015258789,4.056000232696533,4.059999942779541,4.060999870300293,4.065000057220459,0.0,0.0,0.0,0.0,0.0,0.0
193.64046096801758,-0.4000000059604645,4.03000020980835,4.059000015258789,4.056000232696533,4.059999942779541,4.060999870300293,4.065000057220459,0.0,0.0,0.0,0.0,0.0,0.0
193.82084774971008,-0.4000000059604645,4.03000020980835,4.059000015258789,4.056000232696533,4.059999942779541,4.060999870300293,4.065000057220459,nan,nan,nan,nan,nan,nan
193.97979974746704,-0.4000000059604645,4.03000020980835,4.059000015258789,4.056000232696533,4.059999942779541,4.060999870300293,4.065000057220459,nan,nan,nan,nan,nan,nan
194.16156601905823,-0.4000000059604645,4.0289998054504395,4.059000015258789,4.056000232696533,4.060999870300293,4.060999870300293,4.065000057220459,nan,nan,nan,nan,nan,nan
194.3406322002411,-0.38999998569488525,4.03000020980835,4.059000015258789,4.056000232696533,4.059999942779541,4.060999870300293,4.065000057220459,0.10004023305368878,0.0,0.0,0.09999254943450207,0.0,0.0
194.49999737739563,-0.4000000059604645,4.03000020980835,4.059000015258789,4.056000232696533,4.060999870300293,4.060999870300293,4.065000057220459,0.0,0.0,0.0,0.09999254943450207,0.0,0.0
194.6804075241089,-0.38999998569488525,4.03000020980835,4.059000015258789,4.056000232696533,4.060999870300293,4.060999870300293,4.065000057220459,0.0,0.0,0.0,0.0,0.0,0.0
194.84008526802063,-0.4099999964237213,4.03000020980835,4.059000015258789,4.056000232696533,4.059999942779541,4.060999870300293,4.065000057220459,0.0,0.0,0.0,0.04999634921746594,0.0,0.0
195.01992273330688,-0.4000000059604645,4.03000020980835,4.059000015258789,4.056000232696533,4.059999942779541,4.060999870300293,4.065000057220459,0.0,0.0,0.0,0.0,0.0,0.0
195.20179986953735,-0.4000000059604645,4.03000020980835,4.059000015258789,4.056000232696533,4.060999870300293,4.060999870300293,4.065000057220459,nan,nan,nan,nan,nan,nan
195.3599956035614,-0.4000000059604645,4.03000020980835,4.059000015258789,4.056000232696533,4.060999870300293,4.060999870300293,4.065000057220459,nan,nan,nan,nan,nan,nan
195.54136633872986,-0.4000000059604645,4.03000020980835,4.059000015258789,4.056000232696533,4.059999942779541,4.060999870300293,4.065000057220459,nan,nan,nan,nan,nan,nan
195.72000813484192,-0.4000000059604645,4.03000020980835,4.059000015258789,4.056000232696533,4.059999942779541,4.060999870300293,4.065000057220459,nan,nan,nan,nan,nan,nan
195.8811399936676,-0.41999998688697815,4.03000020980835,4.059000015258789,4.056000232696533,4.059999942779541,4.060999870300293,4.065000057220459,0.0,0.0,0.0,0.0,0.0,0.0
196.05962228775024,-0.4099999964237213,4.03000020980835,4.059000015258789,4.056000232696533,4.059999942779541,4.060999870300293,4.065000057220459,0.0,0.0,0.0,0.0,0.0,0.0
196.2192542552948,-0.4099999964237213,4.03000020980835,4.059000015258789,4.056000232696533,4.059999942779541,4.060999870300293,4.065000057220459,nan,nan,nan,nan,nan,nan
196.39967513084412,-0.4000000059604645,4.03000020980835,4.059000015258789,4.056000232696533,4.059999942779541,4.060999870300293,4.065000057220459,0.0,0.0,0.0,0.0,0.0,0.0
196.58000254631042,-0.38999998569488525,4.03000020980835,4.059000015258789,4.056000232696533,4.060999870300293,4.060999870300293,4.065000057220459,0.0,0.0,0.0,0.09999254943450207,0.0,0.0
196.73964977264404,-0.4099999964237213,4.0289998054504395,4.059000015258789,4.056000232696533,4.059999942779541,4.060999870300293,4.065000057220459,0.05002019106258633,0.0,0.0,0.04999634921746594,0.0,0.0
196.9201259613037,-0.4000000059604645,4.0289998054504395,4.059000015258789,4.056000232696533,4.059999942779541,4.060999870300293,4.065000057220459,0.0,0.0,0.0,0.0,0.0,0.0
197.07959914207458,-0.4000000059604645,4.0289998054504395,4.059000015258789,4.056000232696533,4.060999870300293,4.060999870300293,4.065000057220459,nan,nan,nan,nan,nan,nan
197.25953602790833,-0.4000000059604645,4.0289998054504395,4.059000015258789,4.056000232696533,4.059999942779541,4.060999870300293,4.065000057220459,nan,nan,nan,nan,nan,nan
197.44027018547058,-0.4000000059604645,4.03000020980835,4.059000015258789,4.056000232696533,4.059999942779541,4.060999870300293,4.065000057220459,nan,nan,nan,nan,nan,nan
197.6010446548462,-0.3700000047683716,4.03000020980835,4.059000015258789,4.056000232696533,4.059999942779541,4.060999870300293,4.065000057220459,0.0,0.0,0.0,0.0,0.0,0.0
197.78004479408264,-0.4000000059604645,4.0289998054504395,4.059000015258789,4.056000232696533,4.059999942779541,4.060999870300293,4.065000057220459,0.03334681060525534,0.0,0.0,0.0,0.0,0.0
197.95966744422913,-0.4000000059604645,4.03000020980835,4.059000015258789,4.056000232696533,4.059999942779541,4.060999870300293,4.065000057220459,nan,nan,nan,nan,nan,nan
198.12074422836304,-0.4000000059604645,4.03000020980835,4.059000015258789,4.056000232696533,4.059999942779541,4.060999870300293,4.065000057220459,nan,nan,nan,nan,nan,nan
198.30088353157043,-0.4000000059604645,4.03000020980835,4.059000015258789,4.056000232696533,4.059999942779541,4.060999870300293,4.065000057220459,nan,nan,nan,nan,nan,nan
198.4607093334198,-0.4000000059604645,4.0289998054504395,4.059000015258789,4.056000232696533,4.059999942779541,4.060999870300293,4.065000057220459,nan,nan,nan,nan,nan,nan
198.6407105922699,-0.4000000059604645,4.03000020980835,4.059000015258789,4.056000232696533,4.059999942779541,4.060999870300293,4.065000057220459,nan,nan,nan,nan,nan,nan
198.81935620307922,-0.4000000059604645,4.0289998054504395,4.059000015258789,4.056000232696533,4.059999942779541,4.060999870300293,4.065000057220459,nan,nan,nan,nan,nan,nan
198.98046731948853,-0.4000000059604645,4.0289998054504395,4.059000015258789,4.056000232696533,4.059999942779541,4.060999870300293,4.065000057220459,nan,nan,nan,nan,nan,nan
199.1607518196106,-0.4000000059604645,4.03000020980835,4.059000015258789,4.056000232696533,4.059999942779541,4.060999870300293,4.065000057220459,nan,nan,nan,nan,nan,nan
199.32038688659668,-0.4000000059604645,4.03000020980835,4.059000015258789,4.056000232696533,4.059999942779541,4.060999870300293,4.065000057220459,nan,nan,nan,nan,nan,nan
199.50081658363342,-0.4000000059604645,4.03000020980835,4.059000015258789,4.056000232696533,4.059999942779541,4.060999870300293,4.065000057220459,nan,nan,nan,nan,nan,nan
199.68089199066162,-0.4300000071525574,4.0289998054504395,4.059000015258789,4.056000232696533,4.059999942779541,4.060999870300293,4.065000057220459,0.03334681060525534,0.0,0.0,0.0,0.0,0.0
199.84206557273865,-0.4000000059604645,4.03000020980835,4.059000015258789,4.056000232696533,4.059999942779541,4.060999870300293,4.065000057220459,0.03334681060525534,0.0,0.0,0.0,0.0,0.0
200.02221608161926,-0.4099999964237213,4.0289998054504395,4.059000015258789,4.056000232696533,4.059999942779541,4.060999870300293,4.065000057220459,0.10004053119710082,0.0,0.0,0.0,0.0,0.0
200.18253111839294,-0.4000000059604645,4.0289998054504395,4.059000015258789,4.056000232696533,4.059999942779541,4.060999870300293,4.065000057220459,0.0,0.0,0.0,0.0,0.0,0.0
200.3627073764801,-0.4000000059604645,4.03000020980835,4.059000015258789,4.056000232696533,4.060999870300293,4.060999870300293,4.065000057220459,nan,nan,nan,nan,nan,nan
200.5404007434845,-0.4099999964237213,4.0289998054504395,4.059000015258789,4.056000232696533,4.059999942779541,4.060999870300293,4.065000057220459,0.10004053119710082,0.0,0.0,0.09999284743580573,0.0,0.0
200.70109128952026,-2.0899999141693115,4.0269999504089355,4.056000232696533,4.052999973297119,4.059999942779541,4.060999870300293,4.065000057220459,0.0011903899639397204,0.0017855849459095805,0.0017858687775652647,0.0,0.0,0.0
200.8803527355194,-0.7900000214576721,4.0289998054504395,4.058000087738037,4.054999828338623,4.059999942779541,4.059999942779541,4.064000129699707,0.0015383501588853638,0.0015383501588853638,0.0015383501588853638,0.0,0.0007691750794426819,0.0007691750794426819
201.06042981147766,-0.5899999737739563,4.0289998054504395,4.058000087738037,4.054999828338623,4.059000015258789,4.059999942779541,4.064000129699707,0.0,0.0,0.0,0.004999636411753557,0.0,0.0
201.22118425369263,-0.6000000238418579,4.0279998779296875,4.058000087738037,4.054999828338623,4.059000015258789,4.059999942779541,4.064000129699707,0.09999225143497464,0.0,0.0,0.0,0.0,0.0
201.40150260925293,-0.6399999856948853,4.0289998054504395,4.058000087738037,4.054999828338623,4.059000015258789,4.059999942779541,4.064000129699707,0.024998211858951434,0.0,0.0,0.0,0.0,0.0
201.5608730316162,-0.6000000238418579,4.0289998054504395,4.058000087738037,4.054999828338623,4.059000015258789,4.059999942779541,4.064000129699707,0.0,0.0,0.0,0.0,0.0,0.0
201.74162125587463,-0.550000011920929,4.0289998054504395,4.058000087738037,4.054999828338623,4.059000015258789,4.059999942779541,4.064000129699707,0.0,0.0,0.0,0.0,0.0,0.0
201.92000675201416,-0.6299999952316284,4.0279998779296875,4.058000087738037,4.054999828338623,4.059000015258789,4.059999942779541,4.064000129699707,0.012499096616914163,0.0,0.0,0.0,0.0,0.0
202.07933855056763,-0.6899999976158142,4.0279998779296875,4.058000087738037,4.054999828338623,4.059000015258789,4.059999942779541,4.064000129699707,0.0,0.0,0.0,0.0,0.0,0.0
202.25985646247864,-0.6700000166893005,4.0279998779296875,4.058000087738037,4.054999828338623,4.059000015258789,4.059999942779541,4.064000129699707,0.0,0.0,0.0,0.0,0.0,0.0
202.41926765441895,-0.6100000143051147,4.0289998054504395,4.058000087738037,4.054999828338623,4.059000015258789,4.059999942779541,4.064000129699707,0.016665458016973417,0.0,0.0,0.0,0.0,0.0
202.5998933315277,-0.7599999904632568,4.0289998054504395,4.058000087738037,4.054999828338623,4.059000015258789,4.059999942779541,4.064000129699707,0.0,0.0,0.0,0.0,0.0,0.0
202.78036379814148,-0.6700000166893005,4.0289998054504395,4.058000087738037,4.053999900817871,4.059000015258789,4.059999942779541,4.064000129699707,0.0,0.0,0.011110309023682256,0.0,0.0,0.0
202.93940901756287,-0.5799999833106995,4.0289998054504395,4.058000087738037,4.054999828338623,4.059000015258789,4.059999942779541,4.064000129699707,0.0,0.0,0.011110301665618067,0.0,0.0,0.0
203.11973452568054,-0.699999988079071,4.0289998054504395,4.058000087738037,4.054999828338623,4.059000015258789,4.059999942779541,4.064000129699707,0.0,0.0,0.0,0.0,0.0,0.0
203.30164980888367,-0.699999988079071,4.0289998054504395,4.058000087738037,4.054999828338623,4.059000015258789,4.059999942779541,4.064000129699707,nan,nan,nan,nan,nan,nan
203.45973205566406,-0.6499999761581421,4.0279998779296875,4.058000087738037,4.054999828338623,4.059000015258789,4.059999942779541,4.064000129699707,0.019998545647014226,0.0,0.0,0.0,0.0,0.0
203.63995742797852,-0.4099999964237213,4.0279998779296875,4.058000087738037,4.054999828338623,4.059000015258789,4.059999942779541,4.064000129699707,0.0,0.0,0.0,0.0,0.0,0.0
203.7995150089264,-0.4000000059604645,4.0289998054504395,4.058000087738037,4.056000232696533,4.059999942779541,4.060999870300293,4.064000129699707,0.09999284743580573,0.0,0.10004053119710082,0.09999284743580573,0.09999284743580573,0.0
203.98076343536377,-0.4000000059604645,4.0289998054504395,4.059000015258789,4.054999828338623,4.059999942779541,4.060999870300293,4.065000057220459,nan,nan,nan,nan,nan,nan
204.16077613830566,-0.4399999976158142,4.0289998054504395,4.058000087738037,4.054999828338623,4.059999942779541,4.059999942779541,4.064000129699707,0.0,0.024998193233828327,0.0,0.0,0.024998193233828327,0.024998193233828327
204.32021594047546,-0.38999998569488525,4.0289998054504395,4.059000015258789,4.056000232696533,4.059999942779541,4.059999942779541,4.064000129699707,0.0,0.019998545647014226,0.020008082387904552,0.0,0.0,0.0
204.50042533874512,-0.4099999964237213,4.0289998054504395,4.059000015258789,4.054999828338623,4.059999942779541,4.059999942779541,4.064000129699707,0.0,0.0,0.05002019106258633,0.0,0.0,0.0
204.65991020202637,-0.4000000059604645,4.0289998054504395,4.059000015258789,4.056000232696533,4.059999942779541,4.059999942779541,4.064000129699707,0.0,0.0,0.10004053119710082,0.0,0.0,0.0
204.84045457839966,-0.4000000059604645,4.0289998054504395,4.058000087738037,4.056000232696533,4.059999942779541,4.060999870300293,4.065000057220459,nan,nan,nan,nan,nan,nan
205.0200662612915,-0.4000000059604645,4.0289998054504395,4.058000087738037,4.056000232696533,4.059999942779541,4.060999870300293,4.065000057220459,nan,nan,nan,nan,nan,nan
205.1797342300415,-0.4000000059604645,4.0289998054504395,4.058000087738037,4.056000232696533,4.059999942779541,4.059999942779541,4.065000057220459,nan,nan,nan,nan,nan,nan
205.36148715019226,-0.4000000059604645,4.0289998054504395,4.058000087738037,4.056000232696533,4.059999942779541,4.059999942779541,4.065000057220459,nan,nan,nan,nan,nan,nan
205.51947832107544,-0.4000000059604645,4.0289998054504395,4.058000087738037,4.056000232696533,4.059999942779541,4.059999942779541,4.064000129699707,nan,nan,nan,nan,nan,nan
205.7000651359558,-0.4000000059604645,4.0289998054504395,4.058000087738037,4.054999828338623,4.059999942779541,4.060999870300293,4.065000057220459,nan,nan,nan,nan,nan,nan
205.88003182411194,-0.38999998569488525,4.0289998054504395,4.059000015258789,4.054999828338623,4.059999942779541,4.059999942779541,4.065000057220459,0.0,0.09999254943450207,0.0,0.0,0.09999254943450207,0.0
206.03968381881714,-0.4000000059604645,4.0289998054504395,4.058000087738037,4.054999828338623,4.059999942779541,4.059999942779541,4.065000057220459,0.0,0.09999254943450207,0.0,0.0,0.0,0.0
206.2201600074768,-0.4000000059604645,4.0289998054504395,4.058000087738037,4.056000232696533,4.059999942779541,4.060999870300293,4.064000129699707,nan,nan,nan,nan,nan,nan
206.40031242370605,-0.4000000059604645,4.0289998054504395,4.059000015258789,4.056000232696533,4.059999942779541,4.059999942779541,4.064000129699707,nan,nan,nan,nan,nan,nan
206.55972123146057,-0.4000000059604645,4.0289998054504395,4.059000015258789,4.056000232696533,4.059999942779541,4.060999870300293,4.065000057220459,nan,nan,nan,nan,nan,nan
206.74034762382507,-0.41999998688697815,4.0289998054504395,4.058000087738037,4.056000232696533,4.059999942779541,4.059999942779541,4.064000129699707,0.0,0.04999642371790287,0.0,0.0,0.04999642371790287,0.04999642371790287
206.90016508102417,-0.41999998688697815,4.0289998054504395,4.059000015258789,4.054999828338623,4.059999942779541,4.059999942779541,4.064000129699707,nan,nan,nan,nan,nan,nan
207.08069729804993,-0.4000000059604645,4.0289998054504395,4.058000087738037,4.056000232696533,4.059999942779541,4.059999942779541,4.065000057220459,0.0,0.04999642371790287,0.05002026559855041,0.0,0.0,0.04999642371790287
207.26056051254272,-0.4000000059604645,4.0289998054504395,4.059000015258789,4.056000232696533,4.059999942779541,4.059999942779541,4.065000057220459,nan,nan,nan,nan,nan,nan
207.42000913619995,-0.4099999964237213,4.0289998054504395,4.058000087738037,4.056000232696533,4.059999942779541,4.059999942779541,4.064000129699707,0.0,0.09999284743580573,0.0,0.0,0.0,0.09999284743580573
207.6004674434662,-0.4000000059604645,4.0289998054504395,4.058000087738037,4.056000232696533,4.059999942779541,4.059999942779541,4.065000057220459,0.0,0.0,0.0,0.0,0.0,0.09999284743580573
207.7598021030426,-0.4000000059604645,4.0289998054504395,4.059000015258789,4.054999828338623,4.059999942779541,4.060999870300293,4.064000129699707,nan,nan,nan,nan,nan,nan
207.9397599697113,-0.4099999964237213,4.0289998054504395,4.059000015258789,4.056000232696533,4.059999942779541,4.060999870300293,4.064000129699707,0.0,0.0,0.10004053119710082,0.0,0.0,0.0
208.12024760246277,-0.4099999964237213,4.0289998054504395,4.059000015258789,4.056000232696533,4.059999942779541,4.059999942779541,4.064000129699707,nan,nan,nan,nan,nan,nan
208.2796504497528,-0.4000000059604645,4.0289998054504395,4.058000087738037,4.056000232696533,4.059999942779541,4.059999942779541,4.065000057220459,0.0,0.09999284743580573,0.0,0.0,0.0,0.09999284743580573
208.4601652622223,-0.4000000059604645,4.0289998054504395,4.058000087738037,4.056000232696533,4.059999942779541,4.060999870300293,4.064000129699707,nan,nan,nan,nan,nan,nan
208.64098453521729,-0.4000000059604645,4.0289998054504395,4.059000015258789,4.054999828338623,4.059999942779541,4.059999942779541,4.065000057220459,nan,nan,nan,nan,nan,nan
208.79998445510864,-0.4000000059604645,4.0289998054504395,4.058000087738037,4.056000232696533,4.059999942779541,4.059999942779541,4.064000129699707,nan,nan,nan,nan,nan,nan
208.98042750358582,-0.4000000059604645,4.0289998054504395,4.058000087738037,4.056000232696533,4.059999942779541,4.059999942779541,4.065000057220459,nan,nan,nan,nan,nan,nan
209.14031624794006,-0.4000000059604645,4.0289998054504395,4.059000015258789,4.056000232696533,4.059999942779541,4.059999942779541,4.065000057220459,nan,nan,nan,nan,nan,nan
209.32009100914001,-0.4000000059604645,4.0289998054504395,4.059000015258789,4.054999828338623,4.059999942779541,4.059999942779541,4.065000057220459,nan,nan,nan,nan,nan,nan
209.50051403045654,-0.41999998688697815,4.0289998054504395,4.059000015258789,4.056000232696533,4.059999942779541,4.059999942779541,4.065000057220459,0.0,0.0,0.05002026559855041,0.0,0.0,0.0
209.6600580215454,-0.4000000059604645,4.0289998054504395,4.058000087738037,4.054999828338623,4.059999942779541,4.060999870300293,4.065000057220459,0.0,0.04999642371790287,0.05002026559855041,0.0,0.04999642371790287,0.0
209.84007000923157,-0.38999998569488525,4.0289998054504395,4.058000087738037,4.056000232696533,4.059999942779541,4.059999942779541,4.064000129699707,0.0,0.0,0.10004023305368878,0.0,0.09999254943450207,0.09999254943450207
210.01946711540222,-0.41999998688697815,4.0289998054504395,4.059000015258789,4.056000232696533,4.059999942779541,4.059999942779541,4.064000129699707,0.0,0.033330916033946834,0.0,0.0,0.0,0.0
210.18081712722778,-0.4000000059604645,4.0289998054504395,4.059000015258789,4.054999828338623,4.059999942779541,4.059999942779541,4.064000129699707,0.0,0.0,0.05002026559855041,0.0,0.0,0.0
210.3592939376831,-0.41999998688697815,4.0289998054504395,4.058000087738037,4.054999828338623,4.059999942779541,4.059999942779541,4.064000129699707,0.0,0.04999642371790287,0.0,0.0,0.0,0.0
210.52035522460938,-0.4300000071525574,4.0289998054504395,4.058000087738037,4.054999828338623,4.059999942779541,4.059999942779541,4.064000129699707,0.0,0.0,0.0,0.0,0.0,0.0
210.70050573349,-0.4099999964237213,4.0289998054504395,4.058000087738037,4.054999828338623,4.059999942779541,4.059999942779541,4.065000057220459,0.0,0.0,0.0,0.0,0.0,0.04999634921746594
210.87944793701172,-0.41999998688697815,4.0289998054504395,4.059000015258789,4.054999828338623,4.059999942779541,4.059999942779541,4.064000129699707,0.0,0.09999284743580573,0.0,0.0,0.0,0.09999284743580573
211.04057431221008,-0.4099999964237213,4.0289998054504395,4.059000015258789,4.054999828338623,4.059999942779541,4.059999942779541,4.064000129699707,0.0,0.0,0.0,0.0,0.0,0.0
211.21963334083557,-0.4300000071525574,4.0289998054504395,4.059000015258789,4.054999828338623,4.059999942779541,4.059999942779541,4.064000129699707,0.0,0.0,0.0,0.0,0.0,0.0
211.38067626953125,-0.4300000071525574,4.0289998054504395,4.058000087738037,4.054999828338623,4.059999942779541,4.059999942779541,4.064000129699707,nan,nan,nan,nan,nan,nan
211.56100940704346,-0.41999998688697815,4.0289998054504395,4.058000087738037,4.054999828338623,4.059999942779541,4.059999942779541,4.064000129699707,0.0,0.0,0.0,0.0,0.0,0.0
211.73982191085815,-0.41999998688697815,4.0289998054504395,4.058000087738037,4.054999828338623,4.059999942779541,4.059999942779541,4.065000057220459,nan,nan,nan,nan,nan,nan
211.8991038799286,-0.4300000071525574,4.0289998054504395,4.058000087738037,4.054999828338623,4.059999942779541,4.059999942779541,4.064000129699707,0.0,0.0,0.0,0.0,0.0,0.09999254943450207
212.07944798469543,-0.4300000071525574,4.0289998054504395,4.058000087738037,4.054999828338623,4.059999942779541,4.059999942779541,4.064000129699707,nan,nan,nan,nan,nan,nan
212.25981211662292,-0.4000000059604645,4.0289998054504395,4.058000087738037,4.056000232696533,4.059999942779541,4.059999942779541,4.065000057220459,0.0,0.0,0.03334681060525534,0.0,0.0,0.033330916033946834
212.41955971717834,-0.4300000071525574,4.0289998054504395,4.058000087738037,4.054999828338623,4.059999942779541,4.059999942779541,4.064000129699707,0.0,0.0,0.03334681060525534,0.0,0.0,0.033330916033946834
212.6001317501068,-0.41999998688697815,4.0289998054504395,4.058000087738037,4.054999828338623,4.059999942779541,4.059999942779541,4.064000129699707,0.0,0.0,0.0,0.0,0.0,0.0
212.7606725692749,-0.41999998688697815,4.0289998054504395,4.058000087738037,4.056000232696533,4.059999942779541,4.059999942779541,4.065000057220459,nan,nan,nan,nan,nan,nan
212.939790725708,-0.41999998688697815,4.0289998054504395,4.058000087738037,4.054999828338623,4.059999942779541,4.059999942779541,4.064000129699707,nan,nan,nan,nan,nan,nan
213.1200408935547,-0.41999998688697815,4.0289998054504395,4.058000087738037,4.054999828338623,4.059999942779541,4.059999942779541,4.065000057220459,nan,nan,nan,nan,nan,nan
213.27985548973083,-0.4300000071525574,4.0289998054504395,4.058000087738037,4.054999828338623,4.059999942779541,4.059999942779541,4.064000129699707,0.0,0.0,0.0,0.0,0.0,0.09999254943450207
213.46033906936646,-0.4300000071525574,4.0279998779296875,4.058000087738037,4.054999828338623,4.059999942779541,4.059999942779541,4.064000129699707,nan,nan,nan,nan,nan,nan
213.61972379684448,-0.4300000071525574,4.0289998054504395,4.058000087738037,4.054999828338623,4.059999942779541,4.060999870300293,4.064000129699707,nan,nan,nan,nan,nan,nan
213.79999804496765,-0.41999998688697815,4.0289998054504395,4.058000087738037,4.054999828338623,4.059999942779541,4.059999942779541,4.064000129699707,0.0,0.0,0.0,0.0,0.09999254943450207,0.0
213.98010635375977,-0.41999998688697815,4.0289998054504395,4.058000087738037,4.054999828338623,4.059999942779541,4.059999942779541,4.065000057220459,nan,nan,nan,nan,nan,nan
214.13952898979187,-0.4300000071525574,4.0289998054504395,4.058000087738037,4.054999828338623,4.059999942779541,4.059999942779541,4.065000057220459,0.0,0.0,0.0,0.0,0.0,0.0
214.31987929344177,-0.4000000059604645,4.0289998054504395,4.058000087738037,4.054999828338623,4.059999942779541,4.059999942779541,4.065000057220459,0.0,0.0,0.0,0.0,0.0,0.0
214.5003001689911,-0.4000000059604645,4.0289998054504395,4.059000015258789,4.054999828338623,4.059999942779541,4.059999942779541,4.065000057220459,nan,nan,nan,nan,nan,nan
214.65976190567017,-0.4000000059604645,4.0289998054504395,4.059000015258789,4.054999828338623,4.059999942779541,4.059999942779541,4.064000129699707,nan,nan,nan,nan,nan,nan
214.83993339538574,-0.4000000059604645,4.0289998054504395,4.058000087738037,4.054999828338623,4.059999942779541,4.059999942779541,4.064000129699707,nan,nan,nan,nan,nan,nan
214.9996907711029,-0.38999998569488525,4.0289998054504395,4.059000015258789,4.054999828338623,4.059999942779541,4.059999942779541,4.065000057220459,0.0,0.09999254943450207,0.0,0.0,0.0,0.09999254943450207
215.18008708953857,-0.4000000059604645,4.0289998054504395,4.059000015258789,4.054999828338623,4.059999942779541,4.059999942779541,4.064000129699707,0.0,0.0,0.0,0.0,0.0,0.09999254943450207
215.3606677055359,-0.4099999964237213,4.0289998054504395,4.058000087738037,4.054999828338623,4.059999942779541,4.059999942779541,4.065000057220459,0.0,0.09999284743580573,0.0,0.0,0.0,0.09999284743580573
215.52054691314697,-0.41999998688697815,4.0289998054504395,4.058000087738037,4.054999828338623,4.059999942779541,4.059999942779541,4.064000129699707,0.0,0.0,0.0,0.0,0.0,0.09999284743580573
215.7015118598938,-0.4000000059604645,4.0289998054504395,4.058000087738037,4.054999828338623,4.059999942779541,4.060999870300293,4.065000057220459,0.0,0.0,0.0,0.0,0.04999642371790287,0.04999642371790287
215.8598394393921,-0.4000000059604645,4.0289998054504395,4.059000015258789,4.054999828338623,4.059999942779541,4.059999942779541,4.064000129699707,nan,nan,nan,nan,nan,nan
216.04008889198303,-0.4099999964237213,4.0289998054504395,4.058000087738037,4.054999828338623,4.059999942779541,4.059999942779541,4.065000057220459,0.0,0.09999284743580573,0.0,0.0,0.0,0.09999284743580573
216.22027897834778,-0.4000000059604645,4.0289998054504395,4.059000015258789,4.054999828338623,4.059999942779541,4.059999942779541,4.064000129699707,0.0,0.09999284743580573,0.0,0.0,0.0,0.09999284743580573
216.37964367866516,-0.38999998569488525,4.0289998054504395,4.059000015258789,4.054999828338623,4.059999942779541,4.059999942779541,4.064000129699707,0.0,0.0,0.0,0.0,0.0,0.0
216.56024885177612,-0.4000000059604645,4.0289998054504395,4.058000087738037,4.054999828338623,4.059999942779541,4.059999942779541,4.065000057220459,0.0,0.09999254943450207,0.0,0.0,0.0,0.09999254943450207
216.74051547050476,-0.4300000071525574,4.0289998054504395,4.059000015258789,4.054999828338623,4.059999942779541,4.059999942779541,4.064000129699707,0.0,0.033330916033946834,0.0,0.0,0.0,0.033330916033946834
216.89980149269104,-0.4000000059604645,4.0289998054504395,4.059000015258789,4.054999828338623,4.059999942779541,4.059999942779541,4.064000129699707,0.0,0.0,0.0,0.0,0.0,0.0
217.08019089698792,-0.4000000059604645,4.0289998054504395,4.058000087738037,4.054999828338623,4.059000015258789,4.059999942779541,4.064000129699707,nan,nan,nan,nan,nan,nan
217.23986887931824,-0.4000000059604645,4.0289998054504395,4.058000087738037,4.054999828338623,4.059999942779541,4.059999942779541,4.065000057220459,nan,nan,nan,nan,nan,nan
217.42005515098572,-0.4000000059604645,4.0289998054504395,4.058000087738037,4.054999828338623,4.059999942779541,4.059999942779541,4.064000129699707,nan,nan,nan,nan,nan,nan
217.60018920898438,-0.4000000059604645,4.0289998054504395,4.058000087738037,4.054999828338623,4.059999942779541,4.059999942779541,4.064000129699707,nan,nan,nan,nan,nan,nan
217.75986886024475,-0.4000000059604645,4.0289998054504395,4.058000087738037,4.054999828338623,4.059999942779541,4.059999942779541,4.065000057220459,nan,nan,nan,nan,nan,nan
217.93971991539001,-0.4000000059604645,4.0289998054504395,4.058000087738037,4.054999828338623,4.059999942779541,4.059999942779541,4.064000129699707,nan,nan,nan,nan,nan,nan
218.1008710861206,-0.41999998688697815,4.0289998054504395,4.059000015258789,4.054999828338623,4.059999942779541,4.059999942779541,4.064000129699707,0.0,0.04999642371790287,0.0,0.0,0.0,0.0
218.27978992462158,-0.4000000059604645,4.0289998054504395,4.058000087738037,4.056000232696533,4.059999942779541,4.059999942779541,4.065000057220459,0.0,0.04999642371790287,0.05002026559855041,0.0,0.0,0.04999642371790287
218.4599802494049,-0.4000000059604645,4.0289998054504395,4.058000087738037,4.054999828338623,4.059999942779541,4.059999942779541,4.064000129699707,nan,nan,nan,nan,nan,nan
218.61963653564453,-0.38999998569488525,4.0289998054504395,4.058000087738037,4.056000232696533,4.059999942779541,4.059999942779541,4.065000057220459,0.0,0.0,0.10004023305368878,0.0,0.0,0.09999254943450207
218.80025029182434,-0.4000000059604645,4.0289998054504395,4.059000015258789,4.054999828338623,4.059999942779541,4.059999942779541,4.065000057220459,0.0,0.09999254943450207,0.10004023305368878,0.0,0.0,0.0
218.98038983345032,-0.4099999964237213,4.0289998054504395,4.058000087738037,4.054999828338623,4.059000015258789,4.059999942779541,4.064000129699707,0.0,0.09999284743580573,0.0,0.09999284743580573,0.0,0.09999284743580573
219.13997340202332,-0.38999998569488525,4.0289998054504395,4.058000087738037,4.054999828338623,4.059000015258789,4.059999942779541,4.064000129699707,0.0,0.0,0.0,0.0,0.0,0.0
219.32042288780212,-0.38999998569488525,4.0289998054504395,4.058000087738037,4.054999828338623,4.059999942779541,4.059999942779541,4.065000057220459,nan,nan,nan,nan,nan,nan
219.48000288009644,-0.38999998569488525,4.0289998054504395,4.058000087738037,4.054999828338623,4.059000015258789,4.059999942779541,4.065000057220459,nan,nan,nan,nan,nan,nan
219.66027355194092,-0.4000000059604645,4.0289998054504395,4.058000087738037,4.054999828338623,4.059999942779541,4.059999942779541,4.064000129699707,0.0,0.0,0.0,0.09999254943450207,0.0,0.09999254943450207
219.84043622016907,-0.38999998569488525,4.0289998054504395,4.058000087738037,4.054999828338623,4.059999942779541,4.059999942779541,4.064000129699707,0.0,0.0,0.0,0.0,0.0,0.0
220.00011038780212,-0.38999998569488525,4.0289998054504395,4.058000087738037,4.054999828338623,4.059999942779541,4.059999942779541,4.065000057220459,nan,nan,nan,nan,nan,nan
220.18063116073608,-0.38999998569488525,4.0289998054504395,4.058000087738037,4.054999828338623,4.059999942779541,4.059999942779541,4.065000057220459,nan,nan,nan,nan,nan,nan
220.35925555229187,-0.4000000059604645,4.0289998054504395,4.058000087738037,4.054999828338623,4.059999942779541,4.059999942779541,4.064000129699707,0.0,0.0,0.0,0.0,0.0,0.09999254943450207
220.52058815956116,-0.4000000059604645,4.0289998054504395,4.058000087738037,4.054999828338623,4.059999942779541,4.059999942779541,4.065000057220459,nan,nan,nan,nan,nan,nan
220.6994333267212,-0.4099999964237213,4.0289998054504395,4.058000087738037,4.054999828338623,4.059999942779541,4.059999942779541,4.064000129699707,0.0,0.0,0.0,0.0,0.0,0.09999284743580573
220.8605284690857,-0.38999998569488525,4.0289998054504395,4.058000087738037,4.054999828338623,4.059999942779541,4.059999942779541,4.065000057220459,0.0,0.0,0.0,0.0,0.0,0.04999634921746594
221.04061675071716,-0.4000000059604645,4.0289998054504395,4.058000087738037,4.054999828338623,4.059999942779541,4.059999942779541,4.064000129699707,0.0,0.0,0.0,0.0,0.0,0.09999254943450207
221.22073364257812,-0.4300000071525574,4.0289998054504395,4.058000087738037,4.054999828338623,4.059999942779541,4.059999942779541,4.064000129699707,0.0,0.0,0.0,0.0,0.0,0.0
221.38026452064514,-0.4000000059604645,4.0289998054504395,4.058000087738037,4.054999828338623,4.059999942779541,4.059999942779541,4.064000129699707,0.0,0.0,0.0,0.0,0.0,0.0
221.5607488155365,-0.41999998688697815,4.0289998054504395,4.058000087738037,4.054999828338623,4.059999942779541,4.059999942779541,4.064000129699707,0.0,0.0,0.0,0.0,0.0,0.0
221.72020196914673,-0.4000000059604645,4.0289998054504395,4.058000087738037,4.054999828338623,4.059999942779541,4.059999942779541,4.064000129699707,0.0,0.0,0.0,0.0,0.0,0.0
221.90093064308167,-0.4000000059604645,4.0279998779296875,4.058000087738037,4.054999828338623,4.059999942779541,4.059999942779541,4.064000129699707,nan,nan,nan,nan,nan,nan
222.08082914352417,-0.4099999964237213,4.0289998054504395,4.058000087738037,4.054999828338623,4.059999942779541,4.059999942779541,4.064000129699707,0.09999284743580573,0.0,0.0,0.0,0.0,0.0
222.2403702735901,-0.4099999964237213,4.0289998054504395,4.058000087738037,4.054999828338623,4.059999942779541,4.059999942779541,4.065000057220459,nan,nan,nan,nan,nan,nan
222.42080950737,-0.4099999964237213,4.0289998054504395,4.058000087738037,4.054999828338623,4.059999942779541,4.059999942779541,4.064000129699707,nan,nan,nan,nan,nan,nan
222.60064268112183,-0.4099999964237213,4.0289998054504395,4.058000087738037,4.054999828338623,4.059999942779541,4.059999942779541,4.064000129699707,nan,nan,nan,nan,nan,nan
222.76039862632751,-0.4000000059604645,4.0289998054504395,4.058000087738037,4.054999828338623,4.059999942779541,4.059999942779541,4.064000129699707,0.0,0.0,0.0,0.0,0.0,0.0
222.94039225578308,-0.4000000059604645,4.0289998054504395,4.058000087738037,4.054999828338623,4.059999942779541,4.059999942779541,4.064000129699707,nan,nan,nan,nan,nan,nan
223.1002335548401,-0.4000000059604645,4.0279998779296875,4.058000087738037,4.054999828338623,4.059999942779541,4.059999942779541,4.064000129699707,nan,nan,nan,nan,nan,nan
223.2805950641632,-0.4000000059604645,4.0289998054504395,4.058000087738037,4.054999828338623,4.059999942779541,4.059999942779541,4.064000129699707,nan,nan,nan,nan,nan,nan
223.45931839942932,-0.38999998569488525,4.0289998054504395,4.058000087738037,4.054999828338623,4.059999942779541,4.059999942779541,4.064000129699707,0.0,0.0,0.0,0.0,0.0,0.0
223.62069463729858,-0.4000000059604645,4.0289998054504395,4.058000087738037,4.054999828338623,4.059999942779541,4.059999942779541,4.064000129699707,0.0,0.0,0.0,0.0,0.0,0.0
223.80072569847107,-0.4000000059604645,4.0289998054504395,4.058000087738037,4.054999828338623,4.059999942779541,4.059999942779541,4.064000129699707,nan,nan,nan,nan,nan,nan
223.96023082733154,-0.41999998688697815,4.0289998054504395,4.058000087738037,4.054999828338623,4.059999942779541,4.059999942779541,4.064000129699707,0.0,0.0,0.0,0.0,0.0,0.0
224.14042806625366,-0.4000000059604645,4.0289998054504395,4.058000087738037,4.054999828338623,4.059999942779541,4.059999942779541,4.064000129699707,0.0,0.0,0.0,0.0,0.0,0.0
224.32056546211243,-0.4000000059604645,4.0279998779296875,4.058000087738037,4.054999828338623,4.059999942779541,4.059999942779541,4.065000057220459,nan,nan,nan,nan,nan,nan
224.48022747039795,-0.4099999964237213,4.0289998054504395,4.058000087738037,4.054999828338623,4.059999942779541,4.059999942779541,4.065000057220459,0.09999284743580573,0.0,0.0,0.0,0.0,0.0
224.66067028045654,-0.4000000059604645,4.0289998054504395,4.058000087738037,4.054999828338623,4.059000015258789,4.059999942779541,4.064000129699707,0.0,0.0,0.0,0.09999284743580573,0.0,0.09999284743580573
224.81996417045593,-0.4000000059604645,4.0289998054504395,4.058000087738037,4.054999828338623,4.059999942779541,4.059999942779541,4.064000129699707,nan,nan,nan,nan,nan,nan
225.00057554244995,-0.4099999964237213,4.0279998779296875,4.058000087738037,4.054999828338623,4.059999942779541,4.059999942779541,4.064000129699707,0.09999284743580573,0.0,0.0,0.0,0.0,0.0
225.17967653274536,-0.41999998688697815,4.0279998779296875,4.058000087738037,4.054999828338623,4.059999942779541,4.059999942779541,4.064000129699707,0.0,0.0,0.0,0.0,0.0,0.0
225.34057474136353,-0.4000000059604645,4.0289998054504395,4.058000087738037,4.054999828338623,4.059999942779541,4.059999942779541,4.064000129699707,0.04999642371790287,0.0,0.0,0.0,0.0,0.0
225.51944184303284,-0.4000000059604645,4.0279998779296875,4.058000087738037,4.054999828338623,4.059999942779541,4.059999942779541,4.065000057220459,nan,nan,nan,nan,nan,nan
225.6996898651123,-0.4000000059604645,4.0289998054504395,4.058000087738037,4.054999828338623,4.059999942779541,4.059999942779541,4.064000129699707,nan,nan,nan,nan,nan,nan
225.85941100120544,-0.41999998688697815,4.0289998054504395,4.058000087738037,4.054999828338623,4.059000015258789,4.059999942779541,4.064000129699707,0.0,0.0,0.0,0.04999642371790287,0.0,0.0
226.03948259353638,-0.4000000059604645,4.0289998054504395,4.058000087738037,4.054999828338623,4.059000015258789,4.059999942779541,4.064000129699707,0.0,0.0,0.0,0.0,0.0,0.0
226.2006711959839,-0.4000000059604645,4.0279998779296875,4.058000087738037,4.054999828338623,4.059999942779541,4.059999942779541,4.064000129699707,nan,nan,nan,nan,nan,nan
226.3795621395111,-0.4000000059604645,4.0279998779296875,4.058000087738037,4.054999828338623,4.059999942779541,4.059999942779541,4.064000129699707,nan,nan,nan,nan,nan,nan
226.5600552558899,-0.4000000059604645,4.0289998054504395,4.058000087738037,4.054999828338623,4.059000015258789,4.059999942779541,4.064000129699707,nan,nan,nan,nan,nan,nan
226.7196934223175,-0.38999998569488525,4.0279998779296875,4.058000087738037,4.054999828338623,4.059999942779541,4.059999942779541,4.064000129699707,0.09999254943450207,0.0,0.0,0.09999254943450207,0.0,0.0
226.89971208572388,-0.4000000059604645,4.0289998054504395,4.058000087738037,4.054999828338623,4.059000015258789,4.059999942779541,4.064000129699707,0.09999254943450207,0.0,0.0,0.09999254943450207,0.0,0.0
227.08150339126587,-0.4000000059604645,4.0289998054504395,4.058000087738037,4.054999828338623,4.059999942779541,4.059999942779541,4.064000129699707,nan,nan,nan,nan,nan,nan
227.2395920753479,-0.4000000059604645,4.0279998779296875,4.058000087738037,4.054999828338623,4.059999942779541,4.059999942779541,4.064000129699707,nan,nan,nan,nan,nan,nan
227.4198546409607,-0.4000000059604645,4.0279998779296875,4.058000087738037,4.054999828338623,4.059999942779541,4.059999942779541,4.064000129699707,nan,nan,nan,nan,nan,nan
227.5796356201172,-0.4099999964237213,4.0289998054504395,4.058000087738037,4.054999828338623,4.059999942779541,4.059999942779541,4.064000129699707,0.09999284743580573,0.0,0.0,0.0,0.0,0.0
227.7599277496338,-0.4000000059604645,4.0289998054504395,4.058000087738037,4.054999828338623,4.059000015258789,4.059999942779541,4.064000129699707,0.0,0.0,0.0,0.09999284743580573,0.0,0.0
227.93998456001282,-0.4000000059604645,4.0289998054504395,4.058000087738037,4.054999828338623,4.059999942779541,4.059999942779541,4.064000129699707,nan,nan,nan,nan,nan,nan
228.09962344169617,-0.4000000059604645,4.0289998054504395,4.058000087738037,4.054999828338623,4.059999942779541,4.059999942779541,4.064000129699707,nan,nan,nan,nan,nan,nan
228.28023171424866,-0.4000000059604645,4.0289998054504395,4.058000087738037,4.054999828338623,4.059000015258789,4.059999942779541,4.064000129699707,nan,nan,nan,nan,nan,nan
228.4394507408142,-0.4099999964237213,4.0289998054504395,4.058000087738037,4.054999828338623,4.059000015258789,4.059999942779541,4.064000129699707,0.0,0.0,0.0,0.0,0.0,0.0
228.61994004249573,-0.4000000059604645,4.0279998779296875,4.058000087738037,4.054999828338623,4.059000015258789,4.059999942779541,4.064000129699707,0.09999284743580573,0.0,0.0,0.0,0.0,0.0
228.8002815246582,-0.4000000059604645,4.0289998054504395,4.058000087738037,4.054999828338623,4.059000015258789,4.059999942779541,4.064000129699707,nan,nan,nan,nan,nan,nan
228.95946145057678,-0.41999998688697815,4.0279998779296875,4.058000087738037,4.054999828338623,4.059999942779541,4.059999942779541,4.064000129699707,0.04999642371790287,0.0,0.0,0.04999642371790287,0.0,0.0
229.13994812965393,-0.4099999964237213,4.0279998779296875,4.058000087738037,4.054999828338623,4.059000015258789,4.059999942779541,4.064000129699707,0.0,0.0,0.0,0.09999284743580573,0.0,0.0
229.32016134262085,-0.4000000059604645,4.0279998779296875,4.058000087738037,4.054999828338623,4.059000015258789,4.059999942779541,4.064000129699707,0.0,0.0,0.0,0.0,0.0,0.0
229.47975945472717,-0.4000000059604645,4.0289998054504395,4.058000087738037,4.054999828338623,4.059000015258789,4.059999942779541,4.064000129699707,nan,nan,nan,nan,nan,nan
229.66036677360535,-0.4099999964237213,4.0279998779296875,4.058000087738037,4.054999828338623,4.059999942779541,4.059999942779541,4.064000129699707,0.09999284743580573,0.0,0.0,0.09999284743580573,0.0,0.0
229.81968092918396,-0.4099999964237213,4.0289998054504395,4.058000087738037,4.054999828338623,4.059999942779541,4.059999942779541,4.064000129699707,nan,nan,nan,nan,nan,nan
230.00012040138245,-0.4099999964237213,4.0279998779296875,4.058000087738037,4.054999828338623,4.059000015258789,4.059999942779541,4.064000129699707,nan,nan,nan,nan,nan,nan
230.18054485321045,-0.4000000059604645,4.0289998054504395,4.058000087738037,4.054999828338623,4.059999942779541,4.059999942779541,4.064000129699707,0.09999284743580573,0.0,0.0,0.09999284743580573,0.0,0.0
230.3398952484131,-0.4000000059604645,4.0289998054504395,4.058000087738037,4.054999828338623,4.059000015258789,4.059999942779541,4.064000129699707,nan,nan,nan,nan,nan,nan
230.52043509483337,-0.4099999964237213,4.0279998779296875,4.058000087738037,4.054999828338623,4.059000015258789,4.059999942779541,4.064000129699707,0.09999284743580573,0.0,0.0,0.0,0.0,0.0
230.6798119544983,-0.4000000059604645,4.0279998779296875,4.058000087738037,4.054999828338623,4.059000015258789,4.059999942779541,4.064000129699707,0.0,0.0,0.0,0.0,0.0,0.0
230.86013436317444,-0.4000000059604645,4.0279998779296875,4.058000087738037,4.054999828338623,4.059000015258789,4.059999942779541,4.064000129699707,nan,nan,nan,nan,nan,nan
231.04058504104614,-0.4000000059604645,4.0279998779296875,4.058000087738037,4.054999828338623,4.059999942779541,4.059999942779541,4.064000129699707,nan,nan,nan,nan,nan,nan
231.20019459724426,-0.4000000059604645,4.0279998779296875,4.058000087738037,4.054999828338623,4.059000015258789,4.059999942779541,4.064000129699707,nan,nan,nan,nan,nan,nan
231.38072085380554,-0.4000000059604645,4.0279998779296875,4.058000087738037,4.054999828338623,4.059999942779541,4.059999942779541,4.064000129699707,nan,nan,nan,nan,nan,nan
231.55945324897766,-0.4099999964237213,4.0279998779296875,4.058000087738037,4.054999828338623,4.059000015258789,4.059999942779541,4.064000129699707,0.0,0.0,0.0,0.09999284743580573,0.0,0.0
231.72046542167664,-0.4099999964237213,4.0279998779296875,4.058000087738037,4.054999828338623,4.059000015258789,4.059999942779541,4.064000129699707,nan,nan,nan,nan,nan,nan
231.90056657791138,-0.4000000059604645,4.0279998779296875,4.058000087738037,4.054999828338623,4.059000015258789,4.059999942779541,4.064000129699707,0.0,0.0,0.0,0.0,0.0,0.0
232.06031036376953,-0.38999998569488525,4.0279998779296875,4.058000087738037,4.054999828338623,4.059000015258789,4.059999942779541,4.064000129699707,0.0,0.0,0.0,0.0,0.0,0.0
232.24046564102173,-0.4000000059604645,4.0279998779296875,4.058000087738037,4.054999828338623,4.059999942779541,4.059999942779541,4.064000129699707,0.0,0.0,0.0,0.09999254943450207,0.0,0.0
232.41940212249756,-0.4000000059604645,4.0279998779296875,4.058000087738037,4.054999828338623,4.059999942779541,4.059999942779541,4.064000129699707,nan,nan,nan,nan,nan,nan
232.58053612709045,-0.38999998569488525,4.0279998779296875,4.058000087738037,4.054999828338623,4.059000015258789,4.059999942779541,4.064000129699707,0.0,0.0,0.0,0.09999254943450207,0.0,0.0
232.7593641281128,-0.4000000059604645,4.0279998779296875,4.058000087738037,4.054999828338623,4.059999942779541,4.059999942779541,4.064000129699707,0.0,0.0,0.0,0.09999254943450207,0.0,0.0
232.93950700759888,-0.4099999964237213,4.0279998779296875,4.058000087738037,4.054999828338623,4.059000015258789,4.059999942779541,4.064000129699707,0.0,0.0,0.0,0.09999284743580573,0.0,0.0
233.10069227218628,-0.4000000059604645,4.0279998779296875,4.058000087738037,4.054999828338623,4.059000015258789,4.059999942779541,4.064000129699707,0.0,0.0,0.0,0.0,0.0,0.0
233.28101062774658,-0.4000000059604645,4.0279998779296875,4.058000087738037,4.054999828338623,4.059000015258789,4.059999942779541,4.064000129699707,nan,nan,nan,nan,nan,nan
233.44059419631958,-0.4000000059604645,4.0279998779296875,4.058000087738037,4.054999828338623,4.059000015258789,4.059999942779541,4.064000129699707,nan,nan,nan,nan,nan,nan
233.62087893486023,-0.4000000059604645,4.0279998779296875,4.058000087738037,4.054999828338623,4.059000015258789,4.059999942779541,4.064000129699707,nan,nan,nan,nan,nan,nan
233.79965996742249,-0.4099999964237213,4.0279998779296875,4.058000087738037,4.054999828338623,4.059000015258789,4.059999942779541,4.064000129699707,0.0,0.0,0.0,0.0,0.0,0.0
233.95959496498108,-0.4000000059604645,4.0279998779296875,4.058000087738037,4.054999828338623,4.059000015258789,4.059999942779541,4.064000129699707,0.0,0.0,0.0,0.0,0.0,0.0
234.139732837677,-0.4000000059604645,4.0279998779296875,4.058000087738037,4.054999828338623,4.059000015258789,4.059999942779541,4.064000129699707,nan,nan,nan,nan,nan,nan
234.30078530311584,-0.4000000059604645,4.0279998779296875,4.058000087738037,4.054999828338623,4.059000015258789,4.059999942779541,4.064000129699707,nan,nan,nan,nan,nan,nan
234.47979307174683,-0.4000000059604645,4.0279998779296875,4.058000087738037,4.054999828338623,4.059999942779541,4.059999942779541,4.064000129699707,nan,nan,nan,nan,nan,nan
234.66185474395752,-0.38999998569488525,4.0279998779296875,4.058000087738037,4.054999828338623,4.059000015258789,4.059999942779541,4.064000129699707,0.0,0.0,0.0,0.09999254943450207,0.0,0.0
234.8196520805359,-0.41999998688697815,4.0279998779296875,4.058000087738037,4.054999828338623,4.059000015258789,4.059999942779541,4.064000129699707,0.0,0.0,0.0,0.0,0.0,0.0
234.99990582466125,-0.4000000059604645,4.0279998779296875,4.058000087738037,4.054999828338623,4.059999942779541,4.059999942779541,4.064000129699707,0.0,0.0,0.0,0.04999642371790287,0.0,0.0
235.18201112747192,-0.4000000059604645,4.0279998779296875,4.058000087738037,4.054999828338623,4.059000015258789,4.059999942779541,4.064000129699707,nan,nan,nan,nan,nan,nan
235.3395471572876,-0.41999998688697815,4.0279998779296875,4.058000087738037,4.054999828338623,4.059000015258789,4.059999942779541,4.064000129699707,0.0,0.0,0.0,0.0,0.0,0.0
235.5199372768402,-0.4000000059604645,4.0279998779296875,4.058000087738037,4.054999828338623,4.059000015258789,4.059999942779541,4.064000129699707,0.0,0.0,0.0,0.0,0.0,0.0
235.67978382110596,-0.4000000059604645,4.0279998779296875,4.058000087738037,4.054999828338623,4.059000015258789,4.059999942779541,4.064000129699707,nan,nan,nan,nan,nan,nan
235.8599877357483,-0.4000000059604645,4.0279998779296875,4.058000087738037,4.054999828338623,4.059000015258789,4.059999942779541,4.064000129699707,nan,nan,nan,nan,nan,nan
236.04047989845276,-0.4000000059604645,4.0279998779296875,4.058000087738037,4.054999828338623,4.059999942779541,4.059999942779541,4.064000129699707,nan,nan,nan,nan,nan,nan
236.20023036003113,-0.4000000059604645,4.0279998779296875,4.058000087738037,4.054999828338623,4.059000015258789,4.059999942779541,4.064000129699707,nan,nan,nan,nan,nan,nan
236.3816113471985,-0.4099999964237213,4.0279998779296875,4.058000087738037,4.054999828338623,4.059000015258789,4.059999942779541,4.064000129699707,0.0,0.0,0.0,0.0,0.0,0.0
236.53965878486633,-0.4000000059604645,4.0279998779296875,4.058000087738037,4.054999828338623,4.059000015258789,4.059999942779541,4.064000129699707,0.0,0.0,0.0,0.0,0.0,0.0
236.719970703125,-0.4000000059604645,4.0279998779296875,4.058000087738037,4.054999828338623,4.059000015258789,4.059999942779541,4.064000129699707,nan,nan,nan,nan,nan,nan
236.90194249153137,-0.4000000059604645,4.0279998779296875,4.058000087738037,4.054999828338623,4.059000015258789,4.059999942779541,4.064000129699707,nan,nan,nan,nan,nan,nan
237.06143474578857,-0.4000000059604645,4.0279998779296875,4.058000087738037,4.054999828338623,4.059000015258789,4.059999942779541,4.064000129699707,nan,nan,nan,nan,nan,nan
237.24170184135437,-0.4099999964237213,4.0279998779296875,4.058000087738037,4.053999900817871,4.059000015258789,4.059999942779541,4.064000129699707,0.0,0.0,0.09999284743580573,0.0,0.0,0.0
237.4221487045288,-0.4000000059604645,4.0279998779296875,4.058000087738037,4.054999828338623,4.059000015258789,4.059999942779541,4.064000129699707,0.0,0.0,0.09999284743580573,0.0,0.0,0.0
237.58116960525513,-0.4000000059604645,4.0279998779296875,4.058000087738037,4.054999828338623,4.059000015258789,4.059999942779541,4.064000129699707,nan,nan,nan,nan,nan,nan
237.76149821281433,-0.4000000059604645,4.0279998779296875,4.058000087738037,4.054999828338623,4.059999942779541,4.059999942779541,4.064000129699707,nan,nan,nan,nan,nan,nan
237.92071080207825,-0.4000000059604645,4.0279998779296875,4.058000087738037,4.054999828338623,4.059000015258789,4.059999942779541,4.064000129699707,nan,nan,nan,nan,nan,nan
238.09995317459106,-0.38999998569488525,4.0279998779296875,4.058000087738037,4.054999828338623,4.059000015258789,4.059999942779541,4.064000129699707,0.0,0.0,0.0,0.0,0.0,0.0
238.27991580963135,-0.4099999964237213,4.0279998779296875,4.058000087738037,4.054999828338623,4.059999942779541,4.059999942779541,4.064000129699707,0.0,0.0,0.0,0.04999634921746594,0.0,0.0
238.43965458869934,-0.4099999964237213,4.0279998779296875,4.058000087738037,4.054999828338623,4.059999942779541,4.059999942779541,4.064000129699707,nan,nan,nan,nan,nan,nan
238.6199939250946,-0.4000000059604645,4.0279998779296875,4.058000087738037,4.054999828338623,4.059000015258789,4.059999942779541,4.064000129699707,0.0,0.0,0.0,0.09999284743580573,0.0,0.0
238.7811300754547,-0.4000000059604645,4.0279998779296875,4.058000087738037,4.054999828338623,4.059000015258789,4.059999942779541,4.064000129699707,nan,nan,nan,nan,nan,nan
238.9598526954651,-0.4000000059604645,4.0279998779296875,4.058000087738037,4.054999828338623,4.059000015258789,4.059999942779541,4.064000129699707,nan,nan,nan,nan,nan,nan
239.1414999961853,-0.4000000059604645,4.0279998779296875,4.058000087738037,4.054999828338623,4.059000015258789,4.059999942779541,4.064000129699707,nan,nan,nan,nan,nan,nan
239.29952025413513,-0.4000000059604645,4.0279998779296875,4.058000087738037,4.054999828338623,4.059000015258789,4.059999942779541,4.064000129699707,nan,nan,nan,nan,nan,nan
239.48003363609314,-0.4099999964237213,4.0279998779296875,4.058000087738037,4.054999828338623,4.059000015258789,4.059999942779541,4.064000129699707,0.0,0.0,0.0,0.0,0.0,0.0
239.66000652313232,-0.4000000059604645,4.0279998779296875,4.058000087738037,4.054999828338623,4.059000015258789,4.059999942779541,4.064000129699707,0.0,0.0,0.0,0.0,0.0,0.0
239.81983542442322,-0.4000000059604645,4.0279998779296875,4.058000087738037,4.054999828338623,4.059000015258789,4.059999942779541,4.064000129699707,nan,nan,nan,nan,nan,nan
240.00018215179443,-0.3799999952316284,4.0279998779296875,4.058000087738037,4.054999828338623,4.059000015258789,4.059999942779541,4.064000129699707,0.0,0.0,0.0,0.0,0.0,0.0
240.15970182418823,-0.4000000059604645,4.0279998779296875,4.058000087738037,4.054999828338623,4.059000015258789,4.059999942779541,4.064000129699707,0.0,0.0,0.0,0.0,0.0,0.0
240.34015274047852,-0.38999998569488525,4.0279998779296875,4.058000087738037,4.054999828338623,4.059000015258789,4.059999942779541,4.064000129699707,0.0,0.0,0.0,0.0,0.0,0.0
240.520414352417,-0.4000000059604645,4.0279998779296875,4.058000087738037,4.054999828338623,4.059999942779541,4.059999942779541,4.064000129699707,0.0,0.0,0.0,0.09999254943450207,0.0,0.0
240.67994570732117,-0.4000000059604645,4.0279998779296875,4.058000087738037,4.054999828338623,4.059000015258789,4.059999942779541,4.064000129699707,nan,nan,nan,nan,nan,nan
240.86006927490234,-0.38999998569488525,4.0279998779296875,4.058000087738037,4.054999828338623,4.059000015258789,4.059999942779541,4.064000129699707,0.0,0.0,0.0,0.0,0.0,0.0
241.01948261260986,-0.41999998688697815,4.0279998779296875,4.058000087738037,4.054999828338623,4.059000015258789,4.059999942779541,4.064000129699707,0.0,0.0,0.0,0.0,0.0,0.0
241.20205163955688,-0.4000000059604645,4.0279998779296875,4.058000087738037,4.053999900817871,4.059000015258789,4.059999942779541,4.064000129699707,0.0,0.0,0.04999642371790287,0.0,0.0,0.0
241.38196635246277,-0.4000000059604645,4.0279998779296875,4.058000087738037,4.054999828338623,4.059000015258789,4.059999942779541,4.064000129699707,nan,nan,nan,nan,nan,nan
241.54094457626343,-0.41999998688697815,4.0279998779296875,4.058000087738037,4.054999828338623,4.059000015258789,4.059999942779541,4.064000129699707,0.0,0.0,0.0,0.0,0.0,0.0
241.72409224510193,-0.4000000059604645,4.0279998779296875,4.058000087738037,4.054999828338623,4.059000015258789,4.059999942779541,4.064000129699707,0.0,0.0,0.0,0.0,0.0,0.0
241.90007257461548,-0.4099999964237213,4.0279998779296875,4.058000087738037,4.053999900817871,4.059000015258789,4.059999942779541,4.064000129699707,0.0,0.0,0.09999284743580573,0.0,0.0,0.0
242.06217503547668,-0.4000000059604645,4.0279998779296875,4.058000087738037,4.054999828338623,4.059000015258789,4.059999942779541,4.064000129699707,0.0,0.0,0.09999284743580573,0.0,0.0,0.0
242.24108743667603,-0.38999998569488525,4.0279998779296875,4.058000087738037,4.053999900817871,4.059000015258789,4.059999942779541,4.064000129699707,0.0,0.0,0.09999254943450207,0.0,0.0,0.0
242.40055799484253,-0.4000000059604645,4.0279998779296875,4.058000087738037,4.054999828338623,4.059000015258789,4.059999942779541,4.064000129699707,0.0,0.0,0.09999254943450207,0.0,0.0,0.0
242.58093357086182,-0.4000000059604645,4.0279998779296875,4.058000087738037,4.053999900817871,4.059000015258789,4.059999942779541,4.064000129699707,nan,nan,nan,nan,nan,nan
242.76236271858215,-0.4000000059604645,4.0279998779296875,4.058000087738037,4.054999828338623,4.059000015258789,4.059999942779541,4.064000129699707,nan,nan,nan,nan,nan,nan
242.9207272529602,-0.4000000059604645,4.0279998779296875,4.058000087738037,4.054999828338623,4.059000015258789,4.059999942779541,4.064000129699707,nan,nan,nan,nan,nan,nan
243.10005617141724,-0.4000000059604645,4.0279998779296875,4.058000087738037,4.054999828338623,4.059000015258789,4.059999942779541,4.064000129699707,nan,nan,nan,nan,nan,nan
243.26055812835693,-0.4000000059604645,4.0279998779296875,4.058000087738037,4.054999828338623,4.059000015258789,4.059999942779541,4.064000129699707,nan,nan,nan,nan,nan,nan
243.44124126434326,-0.4000000059604645,4.0279998779296875,4.058000087738037,4.054999828338623,4.059000015258789,4.059999942779541,4.064000129699707,nan,nan,nan,nan,nan,nan
243.62119364738464,-0.4099999964237213,4.0279998779296875,4.058000087738037,4.053999900817871,4.059000015258789,4.059999942779541,4.064000129699707,0.0,0.0,0.09999284743580573,0.0,0.0,0.0
243.78011560440063,-0.4000000059604645,4.0279998779296875,4.058000087738037,4.054999828338623,4.059000015258789,4.059999942779541,4.064000129699707,0.0,0.0,0.09999284743580573,0.0,0.0,0.0
243.9607503414154,-0.4000000059604645,4.0279998779296875,4.058000087738037,4.054999828338623,4.059000015258789,4.059999942779541,4.064000129699707,nan,nan,nan,nan,nan,nan
244.1218066215515,-0.4000000059604645,4.0279998779296875,4.058000087738037,4.054999828338623,4.059000015258789,4.059999942779541,4.064000129699707,nan,nan,nan,nan,nan,nan
244.30029344558716,-0.4000000059604645,4.0279998779296875,4.057000160217285,4.054999828338623,4.059000015258789,4.059999942779541,4.064000129699707,nan,nan,nan,nan,nan,nan
244.48260617256165,-0.4000000059604645,4.0279998779296875,4.058000087738037,4.054999828338623,4.059000015258789,4.059999942779541,4.064000129699707,nan,nan,nan,nan,nan,nan
244.6414279937744,-0.38999998569488525,4.0279998779296875,4.058000087738037,4.053999900817871,4.059000015258789,4.059999942779541,4.064000129699707,0.0,0.0,0.09999254943450207,0.0,0.0,0.0
244.82007813453674,-0.3799999952316284,4.0279998779296875,4.058000087738037,4.054999828338623,4.059000015258789,4.059999942779541,4.064000129699707,0.0,0.0,0.09999284743580573,0.0,0.0,0.0
245.00040745735168,-0.4000000059604645,4.0279998779296875,4.058000087738037,4.054999828338623,4.059000015258789,4.059999942779541,4.064000129699707,0.0,0.0,0.0,0.0,0.0,0.0
245.1614260673523,-0.38999998569488525,4.0279998779296875,4.058000087738037,4.053999900817871,4.059000015258789,4.059999942779541,4.064000129699707,0.0,0.0,0.09999254943450207,0.0,0.0,0.0
245.340411901474,-0.4000000059604645,4.0279998779296875,4.058000087738037,4.054999828338623,4.059000015258789,4.059999942779541,4.064000129699707,0.0,0.0,0.09999254943450207,0.0,0.0,0.0
245.5000705718994,-0.4000000059604645,4.0279998779296875,4.058000087738037,4.053999900817871,4.059000015258789,4.059999942779541,4.064000129699707,nan,nan,nan,nan,nan,nan
245.68010306358337,-0.38999998569488525,4.0279998779296875,4.058000087738037,4.054999828338623,4.059000015258789,4.059999942779541,4.064000129699707,0.0,0.0,0.09999254943450207,0.0,0.0,0.0
245.86059069633484,-0.4099999964237213,4.0279998779296875,4.058000087738037,4.054999828338623,4.059000015258789,4.059999942779541,4.064000129699707,0.0,0.0,0.0,0.0,0.0,0.0
246.01998448371887,-0.4000000059604645,4.0279998779296875,4.058000087738037,4.053999900817871,4.059000015258789,4.059999942779541,4.064000129699707,0.0,0.0,0.09999284743580573,0.0,0.0,0.0
246.20009541511536,-0.4000000059604645,4.0279998779296875,4.058000087738037,4.053999900817871,4.059000015258789,4.059999942779541,4.064000129699707,nan,nan,nan,nan,nan,nan
246.35959219932556,-0.4099999964237213,4.0279998779296875,4.058000087738037,4.054999828338623,4.059000015258789,4.059999942779541,4.064000129699707,0.0,0.0,0.09999284743580573,0.0,0.0,0.0
246.54159879684448,-0.4000000059604645,4.0279998779296875,4.058000087738037,4.054999828338623,4.059000015258789,4.059999942779541,4.064000129699707,0.0,0.0,0.0,0.0,0.0,0.0
246.72163653373718,-0.4000000059604645,4.0279998779296875,4.058000087738037,4.054999828338623,4.059000015258789,4.059999942779541,4.064000129699707,nan,nan,nan,nan,nan,nan
246.87958097457886,-0.4099999964237213,4.0279998779296875,4.058000087738037,4.054999828338623,4.059000015258789,4.059999942779541,4.064000129699707,0.0,0.0,0.0,0.0,0.0,0.0
247.06005764007568,-0.4000000059604645,4.0279998779296875,4.058000087738037,4.054999828338623,4.059000015258789,4.059999942779541,4.064000129699707,0.0,0.0,0.0,0.0,0.0,0.0
247.24042320251465,-0.4099999964237213,4.0279998779296875,4.058000087738037,4.054999828338623,4.059000015258789,4.059999942779541,4.064000129699707,0.0,0.0,0.0,0.0,0.0,0.0
247.39980483055115,-0.4000000059604645,4.0279998779296875,4.058000087738037,4.054999828338623,4.059000015258789,4.059999942779541,4.064000129699707,0.0,0.0,0.0,0.0,0.0,0.0
247.58043026924133,-0.4000000059604645,4.0279998779296875,4.058000087738037,4.053999900817871,4.059000015258789,4.059999942779541,4.064000129699707,nan,nan,nan,nan,nan,nan
247.7399275302887,-0.4000000059604645,4.0279998779296875,4.058000087738037,4.053999900817871,4.059000015258789,4.059999942779541,4.064000129699707,nan,nan,nan,nan,nan,nan
247.9200541973114,-0.4000000059604645,4.0279998779296875,4.058000087738037,4.054999828338623,4.059000015258789,4.059999942779541,4.064000129699707,nan,nan,nan,nan,nan,nan
248.10055947303772,-0.4000000059604645,4.0279998779296875,4.058000087738037,4.054999828338623,4.059000015258789,4.059999942779541,4.064000129699707,nan,nan,nan,nan,nan,nan
248.26008343696594,-0.4300000071525574,4.0279998779296875,4.058000087738037,4.053999900817871,4.059000015258789,4.059999942779541,4.064000129699707,0.0,0.0,0.033330916033946834,0.0,0.0,0.0
248.44036078453064,-0.4099999964237213,4.0279998779296875,4.058000087738037,4.053999900817871,4.059000015258789,4.059999942779541,4.064000129699707,0.0,0.0,0.0,0.0,0.0,0.0
248.59989953041077,-0.4000000059604645,4.0279998779296875,4.058000087738037,4.053999900817871,4.059000015258789,4.059999942779541,4.064000129699707,0.0,0.0,0.0,0.0,0.0,0.0
248.7801957130432,-0.4000000059604645,4.0279998779296875,4.058000087738037,4.053999900817871,4.059000015258789,4.059999942779541,4.064000129699707,nan,nan,nan,nan,nan,nan
248.96058344841003,-0.4099999964237213,4.0279998779296875,4.058000087738037,4.054999828338623,4.059000015258789,4.059999942779541,4.064000129699707,0.0,0.0,0.09999284743580573,0.0,0.0,0.0
249.11984658241272,-0.4099999964237213,4.0279998779296875,4.058000087738037,4.053999900817871,4.059000015258789,4.059999942779541,4.064000129699707,nan,nan,nan,nan,nan,nan
249.30026745796204,-0.4000000059604645,4.0279998779296875,4.057000160217285,4.053999900817871,4.059000015258789,4.059999942779541,4.064000129699707,0.0,0.09999284743580573,0.0,0.0,0.0,0.0
249.48057055473328,-0.4000000059604645,4.0279998779296875,4.058000087738037,4.053999900817871,4.059000015258789,4.059999942779541,4.064000129699707,nan,nan,nan,nan,nan,nan
249.64034748077393,-0.4000000059604645,4.0279998779296875,4.058000087738037,4.054999828338623,4.059000015258789,4.059999942779541,4.064000129699707,nan,nan,nan,nan,nan,nan
249.82022786140442,-0.38999998569488525,4.0279998779296875,4.058000087738037,4.054999828338623,4.059000015258789,4.059999942779541,4.064000129699707,0.0,0.0,0.0,0.0,0.0,0.0
249.98031783103943,-0.38999998569488525,4.0279998779296875,4.058000087738037,4.054999828338623,4.059000015258789,4.059000015258789,4.064000129699707,nan,nan,nan,nan,nan,nan
250.16164374351501,-0.4000000059604645,4.0279998779296875,4.058000087738037,4.054999828338623,4.059000015258789,4.059999942779541,4.064000129699707,0.0,0.0,0.0,0.0,0.09999254943450207,0.0
250.34045958518982,-0.4000000059604645,4.0279998779296875,4.058000087738037,4.053999900817871,4.059000015258789,4.059999942779541,4.064000129699707,nan,nan,nan,nan,nan,nan
250.500239610672,-0.4000000059604645,4.0279998779296875,4.058000087738037,4.053999900817871,4.059000015258789,4.059999942779541,4.064000129699707,nan,nan,nan,nan,nan,nan
250.68169951438904,-0.4000000059604645,4.0279998779296875,4.058000087738037,4.053999900817871,4.059000015258789,4.059999942779541,4.064000129699707,nan,nan,nan,nan,nan,nan
250.83930349349976,-0.4000000059604645,4.0279998779296875,4.057000160217285,4.053999900817871,4.059000015258789,4.059999942779541,4.064000129699707,nan,nan,nan,nan,nan,nan
251.02000880241394,-0.4000000059604645,4.0279998779296875,4.058000087738037,4.053999900817871,4.059000015258789,4.059999942779541,4.064000129699707,nan,nan,nan,nan,nan,nan
251.20182394981384,-0.4000000059604645,4.0279998779296875,4.058000087738037,4.054999828338623,4.059000015258789,4.059999942779541,4.064000129699707,nan,nan,nan,nan,nan,nan
251.35944151878357,-0.4000000059604645,4.0269999504089355,4.058000087738037,4.053999900817871,4.059000015258789,4.059999942779541,4.064000129699707,nan,nan,nan,nan,nan,nan
251.53999257087708,-0.38999998569488525,4.0279998779296875,4.057000160217285,4.054999828338623,4.059000015258789,4.059999942779541,4.064000129699707,0.09999254943450207,0.09999254943450207,0.09999254943450207,0.0,0.0,0.0
251.72017192840576,-0.4000000059604645,4.0279998779296875,4.058000087738037,4.054999828338623,4.059000015258789,4.059999942779541,4.064000129699707,0.0,0.09999254943450207,0.0,0.0,0.0,0.0
251.8796899318695,-0.4000000059604645,4.0269999504089355,4.058000087738037,4.053999900817871,4.059000015258789,4.059999942779541,4.064000129699707,nan,nan,nan,nan,nan,nan
252.0602400302887,-0.38999998569488525,4.0279998779296875,4.057000160217285,4.053999900817871,4.059000015258789,4.059999942779541,4.064000129699707,0.09999254943450207,0.09999254943450207,0.0,0.0,0.0,0.0
252.21951460838318,-0.4000000059604645,4.0279998779296875,4.058000087738037,4.053999900817871,4.059000015258789,4.059999942779541,4.064000129699707,0.0,0.09999254943450207,0.0,0.0,0.0,0.0
252.399808883667,-0.4000000059604645,4.0279998779296875,4.057000160217285,4.053999900817871,4.059000015258789,4.059999942779541,4.064000129699707,nan,nan,nan,nan,nan,nan
252.58037972450256,-0.4300000071525574,4.0279998779296875,4.058000087738037,4.053999900817871,4.059000015258789,4.059000015258789,4.064000129699707,0.0,0.033330916033946834,0.0,0.0,0.033330916033946834,0.0
252.73929834365845,-0.4099999964237213,4.0279998779296875,4.058000087738037,4.053999900817871,4.059000015258789,4.059999942779541,4.064000129699707,0.0,0.0,0.0,0.0,0.04999634921746594,0.0
252.91976118087769,-0.4000000059604645,4.0269999504089355,4.058000087738037,4.053999900817871,4.059000015258789,4.059999942779541,4.064000129699707,0.09999284743580573,0.0,0.0,0.0,0.0,0.0
253.08065462112427,-0.4000000059604645,4.0279998779296875,4.058000087738037,4.054999828338623,4.059000015258789,4.059999942779541,4.064000129699707,nan,nan,nan,nan,nan,nan
253.2607238292694,-0.4000000059604645,4.0279998779296875,4.058000087738037,4.053999900817871,4.059000015258789,4.059000015258789,4.064000129699707,nan,nan,nan,nan,nan,nan
253.4396436214447,-0.4000000059604645,4.0269999504089355,4.058000087738037,4.054999828338623,4.059000015258789,4.059999942779541,4.064000129699707,nan,nan,nan,nan,nan,nan
253.6005721092224,-0.4000000059604645,4.0269999504089355,4.058000087738037,4.053999900817871,4.059000015258789,4.059999942779541,4.064000129699707,nan,nan,nan,nan,nan,nan
253.78095149993896,-0.4000000059604645,4.0269999504089355,4.058000087738037,4.053999900817871,4.059000015258789,4.059999942779541,4.064000129699707,nan,nan,nan,nan,nan,nan
253.95965790748596,-0.38999998569488525,4.0269999504089355,4.058000087738037,4.053999900817871,4.059000015258789,4.059999942779541,4.064000129699707,0.0,0.0,0.0,0.0,0.0,0.0
254.12047362327576,-0.4000000059604645,4.0279998779296875,4.057000160217285,4.053999900817871,4.059000015258789,4.059999942779541,4.064000129699707,0.09999254943450207,0.09999254943450207,0.0,0.0,0.0,0.0
254.29963374137878,-0.4000000059604645,4.0279998779296875,4.058000087738037,4.053999900817871,4.059000015258789,4.059999942779541,4.064000129699707,nan,nan,nan,nan,nan,nan
254.46033668518066,-0.4000000059604645,4.0269999504089355,4.058000087738037,4.053999900817871,4.059000015258789,4.059999942779541,4.064000129699707,nan,nan,nan,nan,nan,nan
254.64080238342285,-0.4099999964237213,4.0279998779296875,4.057000160217285,4.053999900817871,4.059000015258789,4.059000015258789,4.064000129699707,0.09999284743580573,0.09999284743580573,0.0,0.0,0.09999284743580573,0.0
254.81994080543518,-0.4000000059604645,4.0269999504089355,4.057000160217285,4.053999900817871,4.059000015258789,4.059999942779541,4.064000129699707,0.09999284743580573,0.0,0.0,0.0,0.09999284743580573,0.0
254.9794545173645,-0.38999998569488525,4.0269999504089355,4.058000087738037,4.054999828338623,4.059000015258789,4.059999942779541,4.064000129699707,0.0,0.09999254943450207,0.09999254943450207,0.0,0.0,0.0
255.15990781784058,-0.4000000059604645,4.0269999504089355,4.057000160217285,4.053999900817871,4.059000015258789,4.059999942779541,4.064000129699707,0.0,0.09999254943450207,0.09999254943450207,0.0,0.0,0.0
255.31924486160278,-0.4000000059604645,4.0279998779296875,4.058000087738037,4.054999828338623,4.059000015258789,4.059999942779541,4.064000129699707,nan,nan,nan,nan,nan,nan
255.49992322921753,-0.4000000059604645,4.0279998779296875,4.058000087738037,4.053999900817871,4.059000015258789,4.059000015258789,4.064000129699707,nan,nan,nan,nan,nan,nan
255.6800274848938,-0.4099999964237213,4.0269999504089355,4.058000087738037,4.053999900817871,4.059000015258789,4.059999942779541,4.064000129699707,0.09999284743580573,0.0,0.0,0.0,0.09999284743580573,0.0
255.84263038635254,-0.4000000059604645,4.0269999504089355,4.058000087738037,4.053999900817871,4.059000015258789,4.059000015258789,4.064000129699707,0.0,0.0,0.0,0.0,0.09999284743580573,0.0
256.01974964141846,-0.4099999964237213,4.0279998779296875,4.058000087738037,4.053999900817871,4.059000015258789,4.059999942779541,4.064000129699707,0.09999284743580573,0.0,0.0,0.0,0.09999284743580573,0.0
256.19989562034607,-0.4000000059604645,4.0269999504089355,4.058000087738037,4.053999900817871,4.059000015258789,4.059999942779541,4.064000129699707,0.09999284743580573,0.0,0.0,0.0,0.0,0.0
256.36010789871216,-0.4000000059604645,4.0279998779296875,4.058000087738037,4.053999900817871,4.059000015258789,4.059999942779541,4.064000129699707,nan,nan,nan,nan,nan,nan
256.54142236709595,-0.4099999964237213,4.0269999504089355,4.057000160217285,4.053999900817871,4.059000015258789,4.059999942779541,4.064000129699707,0.09999284743580573,0.09999284743580573,0.0,0.0,0.0,0.0
256.6992802619934,-0.4099999964237213,4.0269999504089355,4.057000160217285,4.053999900817871,4.059000015258789,4.059999942779541,4.064000129699707,nan,nan,nan,nan,nan,nan
256.8810884952545,-0.38999998569488525,4.0269999504089355,4.057000160217285,4.054999828338623,4.059000015258789,4.059999942779541,4.064000129699707,0.0,0.0,0.04999634921746594,0.0,0.0,0.0
257.0595965385437,-0.41999998688697815,4.0279998779296875,4.057000160217285,4.053999900817871,4.059000015258789,4.059999942779541,4.064000129699707,0.033330916033946834,0.0,0.033330916033946834,0.0,0.0,0.0
257.21935081481934,-0.4000000059604645,4.0279998779296875,4.058000087738037,4.053999900817871,4.059000015258789,4.059000015258789,4.064000129699707,0.0,0.04999642371790287,0.0,0.0,0.04999642371790287,0.0
257.3997437953949,-0.4000000059604645,4.0279998779296875,4.058000087738037,4.053999900817871,4.059000015258789,4.059999942779541,4.064000129699707,nan,nan,nan,nan,nan,nan
257.56045150756836,-0.4000000059604645,4.0269999504089355,4.058000087738037,4.053999900817871,4.059000015258789,4.059999942779541,4.064000129699707,nan,nan,nan,nan,nan,nan
257.740731716156,-0.4000000059604645,4.0269999504089355,4.057000160217285,4.053999900817871,4.059000015258789,4.059999942779541,4.064000129699707,nan,nan,nan,nan,nan,nan
257.9194288253784,-0.4000000059604645,4.0269999504089355,4.057000160217285,4.053999900817871,4.059000015258789,4.059999942779541,4.064000129699707,nan,nan,nan,nan,nan,nan
258.08074474334717,-0.4000000059604645,4.0269999504089355,4.057000160217285,4.053999900817871,4.059000015258789,4.059999942779541,4.064000129699707,nan,nan,nan,nan,nan,nan
258.2593951225281,-0.4099999964237213,4.0269999504089355,4.057000160217285,4.053999900817871,4.059000015258789,4.059999942779541,4.064000129699707,0.0,0.0,0.0,0.0,0.0,0.0
258.43984150886536,-0.4099999964237213,4.0269999504089355,4.057000160217285,4.053999900817871,4.059000015258789,4.059999942779541,4.064000129699707,nan,nan,nan,nan,nan,nan
258.6007843017578,-0.4099999964237213,4.0269999504089355,4.057000160217285,4.053999900817871,4.059000015258789,4.059000015258789,4.064000129699707,nan,nan,nan,nan,nan,nan
258.78077816963196,-0.4000000059604645,4.0279998779296875,4.057000160217285,4.053999900817871,4.059000015258789,4.059999942779541,4.064000129699707,0.09999284743580573,0.0,0.0,0.0,0.09999284743580573,0.0
258.9413106441498,-0.4099999964237213,4.0269999504089355,4.058000087738037,4.053999900817871,4.059000015258789,4.059999942779541,4.064000129699707,0.09999284743580573,0.09999284743580573,0.0,0.0,0.0,0.0
259.12005949020386,-0.4099999964237213,4.0269999504089355,4.057000160217285,4.053999900817871,4.059000015258789,4.059999942779541,4.064000129699707,nan,nan,nan,nan,nan,nan
259.3003919124603,-0.4000000059604645,4.0269999504089355,4.057000160217285,4.053999900817871,4.059000015258789,4.059000015258789,4.064000129699707,0.0,0.0,0.0,0.0,0.09999284743580573,0.0
259.4598455429077,-0.4000000059604645,4.0269999504089355,4.057000160217285,4.053999900817871,4.059000015258789,4.059000015258789,4.064000129699707,nan,nan,nan,nan,nan,nan
259.64034032821655,-0.4000000059604645,4.0279998779296875,4.058000087738037,4.053999900817871,4.059000015258789,4.059999942779541,4.064000129699707,nan,nan,nan,nan,nan,nan
259.79940581321716,-0.4000000059604645,4.0269999504089355,4.057000160217285,4.053999900817871,4.059000015258789,4.059000015258789,4.064000129699707,nan,nan,nan,nan,nan,nan
259.9798963069916,-0.4000000059604645,4.0269999504089355,4.057000160217285,4.053999900817871,4.059000015258789,4.059999942779541,4.064000129699707,nan,nan,nan,nan,nan,nan
260.1601996421814,-0.4000000059604645,4.0269999504089355,4.057000160217285,4.053999900817871,4.059000015258789,4.059000015258789,4.064000129699707,nan,nan,nan,nan,nan,nan
260.31936383247375,-0.4000000059604645,4.0269999504089355,4.057000160217285,4.053999900817871,4.059000015258789,4.059000015258789,4.064000129699707,nan,nan,nan,nan,nan,nan
260.4997820854187,-0.4000000059604645,4.0269999504089355,4.057000160217285,4.053999900817871,4.059000015258789,4.059999942779541,4.063000202178955,nan,nan,nan,nan,nan,nan
260.6607549190521,-0.4000000059604645,4.0269999504089355,4.057000160217285,4.053999900817871,4.059000015258789,4.059000015258789,4.064000129699707,nan,nan,nan,nan,nan,nan
260.8395183086395,-0.4099999964237213,4.0279998779296875,4.057000160217285,4.053999900817871,4.059000015258789,4.059999942779541,4.064000129699707,0.09999284743580573,0.0,0.0,0.0,0.09999284743580573,0.0
261.0198290348053,-0.4000000059604645,4.0269999504089355,4.057000160217285,4.053999900817871,4.059000015258789,4.059000015258789,4.064000129699707,0.09999284743580573,0.0,0.0,0.0,0.09999284743580573,0.0
261.1808817386627,-0.41999998688697815,4.0269999504089355,4.057000160217285,4.053999900817871,4.059000015258789,4.059999942779541,4.063000202178955,0.0,0.0,0.0,0.0,0.04999642371790287,0.04999642371790287
261.35993456840515,-0.41999998688697815,4.0269999504089355,4.057000160217285,4.053999900817871,4.059000015258789,4.059999942779541,4.064000129699707,nan,nan,nan,nan,nan,nan
261.54009795188904,-0.4000000059604645,4.0269999504089355,4.057000160217285,4.053999900817871,4.059000015258789,4.059999942779541,4.063000202178955,0.0,0.0,0.0,0.0,0.0,0.04999642371790287
261.6993463039398,-0.4000000059604645,4.0269999504089355,4.057000160217285,4.053999900817871,4.059000015258789,4.059999942779541,4.064000129699707,nan,nan,nan,nan,nan,nan
261.8799433708191,-0.4000000059604645,4.0269999504089355,4.057000160217285,4.053999900817871,4.059000015258789,4.059999942779541,4.064000129699707,nan,nan,nan,nan,nan,nan
262.04093956947327,-0.4099999964237213,4.0269999504089355,4.057000160217285,4.053999900817871,4.059000015258789,4.059000015258789,4.063000202178955,0.0,0.0,0.0,0.0,0.09999284743580573,0.09999284743580573
262.219580411911,-0.4000000059604645,4.0269999504089355,4.058000087738037,4.053999900817871,4.059000015258789,4.059000015258789,4.064000129699707,0.0,0.09999284743580573,0.0,0.0,0.0,0.09999284743580573
262.39986634254456,-0.3799999952316284,4.0269999504089355,4.057000160217285,4.053999900817871,4.059000015258789,4.059999942779541,4.064000129699707,0.0,0.04999634921746594,0.0,0.0,0.04999634921746594,0.0
262.5593557357788,-0.4000000059604645,4.0269999504089355,4.058000087738037,4.053999900817871,4.059000015258789,4.059000015258789,4.064000129699707,0.0,0.04999634921746594,0.0,0.0,0.04999634921746594,0.0
262.73975348472595,-0.4000000059604645,4.0269999504089355,4.058000087738037,4.053999900817871,4.059000015258789,4.059000015258789,4.064000129699707,nan,nan,nan,nan,nan,nan
262.90075397491455,-0.4000000059604645,4.0269999504089355,4.057000160217285,4.053999900817871,4.059000015258789,4.059999942779541,4.064000129699707,nan,nan,nan,nan,nan,nan
263.0810523033142,-0.4099999964237213,4.0269999504089355,4.057000160217285,4.053999900817871,4.059000015258789,4.059999942779541,4.063000202178955,0.0,0.0,0.0,0.0,0.0,0.09999284743580573
263.2602183818817,-0.4000000059604645,4.0269999504089355,4.057000160217285,4.053999900817871,4.059000015258789,4.059999942779541,4.064000129699707,0.0,0.0,0.0,0.0,0.0,0.09999284743580573
263.4207532405853,-0.4099999964237213,4.0269999504089355,4.057000160217285,4.053999900817871,4.059000015258789,4.059000015258789,4.063000202178955,0.0,0.0,0.0,0.0,0.09999284743580573,0.09999284743580573
263.5995111465454,-0.4000000059604645,4.0269999504089355,4.057000160217285,4.053999900817871,4.059000015258789,4.059000015258789,4.063000202178955,0.0,0.0,0.0,0.0,0.0,0.0
263.77997875213623,-0.4000000059604645,4.0269999504089355,4.057000160217285,4.053999900817871,4.059000015258789,4.059000015258789,4.064000129699707,nan,nan,nan,nan,nan,nan
263.93969082832336,-0.4099999964237213,4.0269999504089355,4.057000160217285,4.053999900817871,4.059000015258789,4.059000015258789,4.064000129699707,0.0,0.0,0.0,0.0,0.0,0.0
264.1199326515198,-0.4000000059604645,4.0269999504089355,4.057000160217285,4.053999900817871,4.059000015258789,4.059999942779541,4.063000202178955,0.0,0.0,0.0,0.0,0.09999284743580573,0.09999284743580573
264.27950263023376,-0.4000000059604645,4.0269999504089355,4.057000160217285,4.053999900817871,4.059000015258789,4.059999942779541,4.064000129699707,nan,nan,nan,nan,nan,nan
264.45993089675903,-0.38999998569488525,4.0269999504089355,4.057000160217285,4.053999900817871,4.059000015258789,4.059000015258789,4.063000202178955,0.0,0.0,0.0,0.0,0.09999254943450207,0.09999254943450207
264.64008712768555,-0.4000000059604645,4.0269999504089355,4.057000160217285,4.053999900817871,4.059000015258789,4.059000015258789,4.064000129699707,0.0,0.0,0.0,0.0,0.0,0.09999254943450207
264.79960203170776,-0.4000000059604645,4.0269999504089355,4.057000160217285,4.053999900817871,4.059000015258789,4.059000015258789,4.064000129699707,nan,nan,nan,nan,nan,nan
264.97983407974243,-0.4000000059604645,4.0269999504089355,4.057000160217285,4.053999900817871,4.059000015258789,4.059000015258789,4.064000129699707,nan,nan,nan,nan,nan,nan
265.13961577415466,-0.4000000059604645,4.0269999504089355,4.057000160217285,4.053999900817871,4.059000015258789,4.059999942779541,4.064000129699707,nan,nan,nan,nan,nan,nan
265.3200285434723,-0.4099999964237213,4.0269999504089355,4.057000160217285,4.053999900817871,4.059000015258789,4.059000015258789,4.063000202178955,0.0,0.0,0.0,0.0,0.09999284743580573,0.09999284743580573
265.500235080719,-0.4000000059604645,4.0269999504089355,4.057000160217285,4.053999900817871,4.059000015258789,4.059000015258789,4.063000202178955,0.0,0.0,0.0,0.0,0.0,0.0
265.6598961353302,-0.4000000059604645,4.0269999504089355,4.057000160217285,4.053999900817871,4.059000015258789,4.059000015258789,4.063000202178955,nan,nan,nan,nan,nan,nan
265.84002566337585,-0.4000000059604645,4.0269999504089355,4.057000160217285,4.053999900817871,4.059000015258789,4.059000015258789,4.063000202178955,nan,nan,nan,nan,nan,nan
266.0217821598053,-0.4000000059604645,4.0269999504089355,4.057000160217285,4.053999900817871,4.059000015258789,4.059000015258789,4.063000202178955,nan,nan,nan,nan,nan,nan
266.1812279224396,-0.4000000059604645,4.0269999504089355,4.057000160217285,4.053999900817871,4.059000015258789,4.059000015258789,4.064000129699707,nan,nan,nan,nan,nan,nan
266.3600926399231,-0.4000000059604645,4.0269999504089355,4.057000160217285,4.053999900817871,4.059000015258789,4.059000015258789,4.064000129699707,nan,nan,nan,nan,nan,nan
266.51974153518677,-0.4099999964237213,4.0269999504089355,4.057000160217285,4.053999900817871,4.059000015258789,4.059000015258789,4.064000129699707,0.0,0.0,0.0,0.0,0.0,0.0
266.70012736320496,-0.4099999964237213,4.0269999504089355,4.057000160217285,4.053999900817871,4.059000015258789,4.059000015258789,4.064000129699707,nan,nan,nan,nan,nan,nan
266.8798899650574,-0.4000000059604645,4.0269999504089355,4.057000160217285,4.053999900817871,4.059000015258789,4.059000015258789,4.063000202178955,0.0,0.0,0.0,0.0,0.0,0.09999284743580573
267.0396206378937,-0.4099999964237213,4.0269999504089355,4.057000160217285,4.053999900817871,4.059000015258789,4.059000015258789,4.063000202178955,0.0,0.0,0.0,0.0,0.0,0.0
267.2202477455139,-0.3799999952316284,4.0269999504089355,4.057000160217285,4.053999900817871,4.059000015258789,4.059000015258789,4.064000129699707,0.0,0.0,0.0,0.0,0.0,0.033330916033946834
267.3799583911896,-0.4000000059604645,4.0269999504089355,4.057000160217285,4.053999900817871,4.059000015258789,4.059000015258789,4.063000202178955,0.0,0.0,0.0,0.0,0.0,0.04999634921746594
267.5601682662964,-0.4099999964237213,4.0269999504089355,4.057000160217285,4.053999900817871,4.059000015258789,4.059000015258789,4.064000129699707,0.0,0.0,0.0,0.0,0.0,0.09999284743580573
267.7404193878174,-0.4000000059604645,4.0269999504089355,4.057000160217285,4.053999900817871,4.059000015258789,4.059000015258789,4.063000202178955,0.0,0.0,0.0,0.0,0.0,0.09999284743580573
267.9015619754791,-0.4099999964237213,4.0269999504089355,4.057000160217285,4.053999900817871,4.059000015258789,4.059000015258789,4.064000129699707,0.0,0.0,0.0,0.0,0.0,0.09999284743580573
268.08051204681396,-0.41999998688697815,4.0269999504089355,4.057000160217285,4.053999900817871,4.059000015258789,4.059000015258789,4.064000129699707,0.0,0.0,0.0,0.0,0.0,0.0
268.2607264518738,-0.4000000059604645,4.0269999504089355,4.057000160217285,4.053999900817871,4.059000015258789,4.059000015258789,4.063000202178955,0.0,0.0,0.0,0.0,0.0,0.04999642371790287
268.42071557044983,-0.38999998569488525,4.0269999504089355,4.057000160217285,4.053999900817871,4.059000015258789,4.059000015258789,4.063000202178955,0.0,0.0,0.0,0.0,0.0,0.0
268.6007161140442,-0.4000000059604645,4.0269999504089355,4.057000160217285,4.053999900817871,4.059000015258789,4.059000015258789,4.063000202178955,0.0,0.0,0.0,0.0,0.0,0.0
268.76033425331116,-0.4000000059604645,4.0269999504089355,4.057000160217285,4.053999900817871,4.059000015258789,4.059000015258789,4.064000129699707,nan,nan,nan,nan,nan,nan
268.94055819511414,-0.38999998569488525,4.0269999504089355,4.057000160217285,4.053999900817871,4.059000015258789,4.059000015258789,4.063000202178955,0.0,0.0,0.0,0.0,0.0,0.09999254943450207
269.11929512023926,-0.38999998569488525,4.0269999504089355,4.057000160217285,4.053999900817871,4.059000015258789,4.059000015258789,4.064000129699707,nan,nan,nan,nan,nan,nan
269.2806980609894,-0.4300000071525574,4.0269999504089355,4.057000160217285,4.053999900817871,4.059000015258789,4.059000015258789,4.064000129699707,0.0,0.0,0.0,0.0,0.0,0.0
269.46059489250183,-0.4099999964237213,4.0269999504089355,4.057000160217285,4.053999900817871,4.059000015258789,4.059000015258789,4.064000129699707,0.0,0.0,0.0,0.0,0.0,0.0
269.6395773887634,-0.4099999964237213,4.0269999504089355,4.057000160217285,4.053999900817871,4.059000015258789,4.059000015258789,4.063000202178955,nan,nan,nan,nan,nan,nan
269.7989807128906,-0.38999998569488525,4.0269999504089355,4.057000160217285,4.053999900817871,4.059000015258789,4.059000015258789,4.063000202178955,0.0,0.0,0.0,0.0,0.0,0.0
269.9812548160553,-0.4000000059604645,4.0269999504089355,4.057000160217285,4.053999900817871,4.059000015258789,4.059000015258789,4.063000202178955,0.0,0.0,0.0,0.0,0.0,0.0
270.14095306396484,-0.4000000059604645,4.0269999504089355,4.057000160217285,4.053999900817871,4.059000015258789,4.059000015258789,4.063000202178955,nan,nan,nan,nan,nan,nan
270.3196578025818,-0.4099999964237213,4.0269999504089355,4.057000160217285,4.053999900817871,4.059000015258789,4.059000015258789,4.063000202178955,0.0,0.0,0.0,0.0,0.0,0.0
270.499627828598,-0.38999998569488525,4.0269999504089355,4.057000160217285,4.053999900817871,4.059000015258789,4.059000015258789,4.063000202178955,0.0,0.0,0.0,0.0,0.0,0.0
270.6607780456543,-0.38999998569488525,4.0269999504089355,4.057000160217285,4.053999900817871,4.059000015258789,4.059000015258789,4.063000202178955,nan,nan,nan,nan,nan,nan
270.8405542373657,-0.4000000059604645,4.0269999504089355,4.057000160217285,4.053999900817871,4.059000015258789,4.059000015258789,4.063000202178955,0.0,0.0,0.0,0.0,0.0,0.0
271.00001859664917,-0.4000000059604645,4.0269999504089355,4.057000160217285,4.053999900817871,4.059000015258789,4.059000015258789,4.064000129699707,nan,nan,nan,nan,nan,nan
271.18024945259094,-0.4000000059604645,4.0269999504089355,4.057000160217285,4.053999900817871,4.059000015258789,4.059000015258789,4.063000202178955,nan,nan,nan,nan,nan,nan
271.36066913604736,-0.4099999964237213,4.0269999504089355,4.057000160217285,4.053999900817871,4.059000015258789,4.059000015258789,4.064000129699707,0.0,0.0,0.0,0.0,0.0,0.09999284743580573
271.520370721817,-0.4000000059604645,4.0269999504089355,4.057000160217285,4.053999900817871,4.059000015258789,4.059000015258789,4.063000202178955,0.0,0.0,0.0,0.0,0.0,0.09999284743580573
271.7005178928375,-0.4099999964237213,4.0269999504089355,4.057000160217285,4.053999900817871,4.059000015258789,4.059000015258789,4.063000202178955,0.0,0.0,0.0,0.0,0.0,0.0
271.86160683631897,-0.4099999964237213,4.0269999504089355,4.057000160217285,4.053999900817871,4.059000015258789,4.059000015258789,4.063000202178955,nan,nan,nan,nan,nan,nan
272.04053497314453,-0.4000000059604645,4.0269999504089355,4.057000160217285,4.053999900817871,4.059000015258789,4.059000015258789,4.063000202178955,0.0,0.0,0.0,0.0,0.0,0.0
272.2211775779724,-0.38999998569488525,4.0269999504089355,4.057000160217285,4.053999900817871,4.059000015258789,4.059000015258789,4.063000202178955,0.0,0.0,0.0,0.0,0.0,0.0
272.3805088996887,-0.4000000059604645,4.0269999504089355,4.057000160217285,4.053999900817871,4.059000015258789,4.059000015258789,4.064000129699707,0.0,0.0,0.0,0.0,0.0,0.09999254943450207
272.5607931613922,-0.4000000059604645,4.0269999504089355,4.057000160217285,4.053999900817871,4.059000015258789,4.059000015258789,4.063000202178955,nan,nan,nan,nan,nan,nan
272.73980617523193,-0.4000000059604645,4.0269999504089355,4.057000160217285,4.053999900817871,4.059000015258789,4.059000015258789,4.064000129699707,nan,nan,nan,nan,nan,nan
272.90079975128174,-0.4000000059604645,4.0269999504089355,4.057000160217285,4.053999900817871,4.059000015258789,4.059000015258789,4.063000202178955,nan,nan,nan,nan,nan,nan
273.07965540885925,-0.4099999964237213,4.0269999504089355,4.057000160217285,4.053999900817871,4.059000015258789,4.059000015258789,4.063000202178955,0.0,0.0,0.0,0.0,0.0,0.0
273.24061131477356,-0.4099999964237213,4.0269999504089355,4.057000160217285,4.053999900817871,4.059000015258789,4.059000015258789,4.064000129699707,nan,nan,nan,nan,nan,nan
273.41941475868225,-0.4000000059604645,4.0269999504089355,4.057000160217285,4.053999900817871,4.058000087738037,4.059000015258789,4.063000202178955,0.0,0.0,0.0,0.09999284743580573,0.0,0.09999284743580573
273.5998959541321,-0.38999998569488525,4.0269999504089355,4.057000160217285,4.053999900817871,4.059000015258789,4.059000015258789,4.063000202178955,0.0,0.0,0.0,0.09999254943450207,0.0,0.0
273.7606861591339,-0.4099999964237213,4.0269999504089355,4.057000160217285,4.053999900817871,4.059000015258789,4.059000015258789,4.063000202178955,0.0,0.0,0.0,0.0,0.0,0.0
273.94096326828003,-0.4099999964237213,4.0269999504089355,4.057000160217285,4.053999900817871,4.059000015258789,4.059000015258789,4.064000129699707,nan,nan,nan,nan,nan,nan
274.1196482181549,-0.4000000059604645,4.0269999504089355,4.057000160217285,4.053999900817871,4.059000015258789,4.059000015258789,4.063000202178955,0.0,0.0,0.0,0.0,0.0,0.09999284743580573
274.2808518409729,-0.4000000059604645,4.0269999504089355,4.057000160217285,4.053999900817871,4.058000087738037,4.059000015258789,4.063000202178955,nan,nan,nan,nan,nan,nan
274.45969414711,-0.38999998569488525,4.0269999504089355,4.057000160217285,4.052999973297119,4.059000015258789,4.059000015258789,4.063000202178955,0.0,0.0,0.09999254943450207,0.09999254943450207,0.0,0.0
274.61944031715393,-0.4000000059604645,4.0269999504089355,4.057000160217285,4.053999900817871,4.059000015258789,4.059000015258789,4.063000202178955,0.0,0.0,0.09999254943450207,0.0,0.0,0.0
274.799720287323,-0.38999998569488525,4.0269999504089355,4.057000160217285,4.053999900817871,4.059000015258789,4.059000015258789,4.064000129699707,0.0,0.0,0.0,0.0,0.0,0.09999254943450207
274.9802951812744,-0.4099999964237213,4.0269999504089355,4.057000160217285,4.053999900817871,4.059000015258789,4.059000015258789,4.063000202178955,0.0,0.0,0.0,0.0,0.0,0.04999634921746594
275.1396641731262,-0.4000000059604645,4.0269999504089355,4.057000160217285,4.053999900817871,4.059000015258789,4.059000015258789,4.063000202178955,0.0,0.0,0.0,0.0,0.0,0.0
275.3197901248932,-0.4099999964237213,4.0269999504089355,4.057000160217285,4.053999900817871,4.058000087738037,4.059000015258789,4.063000202178955,0.0,0.0,0.0,0.09999284743580573,0.0,0.0
275.4810633659363,-0.4099999964237213,4.0269999504089355,4.057000160217285,4.053999900817871,4.059000015258789,4.059000015258789,4.063000202178955,nan,nan,nan,nan,nan,nan
275.6611716747284,-0.4000000059604645,4.0269999504089355,4.057000160217285,4.053999900817871,4.059000015258789,4.059000015258789,4.063000202178955,0.0,0.0,0.0,0.0,0.0,0.0
275.8415107727051,-0.4000000059604645,4.0269999504089355,4.057000160217285,4.053999900817871,4.059000015258789,4.059000015258789,4.063000202178955,nan,nan,nan,nan,nan,nan
275.99970054626465,-0.4000000059604645,4.0269999504089355,4.057000160217285,4.053999900817871,4.058000087738037,4.059000015258789,4.063000202178955,nan,nan,nan,nan,nan,nan
276.18008947372437,-0.38999998569488525,4.0269999504089355,4.057000160217285,4.053999900817871,4.059000015258789,4.059000015258789,4.063000202178955,0.0,0.0,0.0,0.09999254943450207,0.0,0.0
276.36024141311646,-0.38999998569488525,4.0269999504089355,4.057000160217285,4.053999900817871,4.059000015258789,4.059000015258789,4.064000129699707,nan,nan,nan,nan,nan,nan
276.5203003883362,-0.4000000059604645,4.0269999504089355,4.057000160217285,4.053999900817871,4.059000015258789,4.059000015258789,4.063000202178955,0.0,0.0,0.0,0.0,0.0,0.09999254943450207
276.699942111969,-0.4000000059604645,4.0269999504089355,4.057000160217285,4.053999900817871,4.059000015258789,4.059000015258789,4.063000202178955,nan,nan,nan,nan,nan,nan
276.86111068725586,-0.4099999964237213,4.0269999504089355,4.057000160217285,4.053999900817871,4.059000015258789,4.059000015258789,4.064000129699707,0.0,0.0,0.0,0.0,0.0,0.09999284743580573
277.04260659217834,-0.4099999964237213,4.0269999504089355,4.057000160217285,4.053999900817871,4.059000015258789,4.059000015258789,4.064000129699707,nan,nan,nan,nan,nan,nan
277.2201714515686,-0.4000000059604645,4.0269999504089355,4.057000160217285,4.053999900817871,4.058000087738037,4.059000015258789,4.063000202178955,0.0,0.0,0.0,0.09999284743580573,0.0,0.09999284743580573
277.3808002471924,-0.4000000059604645,4.0269999504089355,4.057000160217285,4.053999900817871,4.059000015258789,4.059000015258789,4.064000129699707,nan,nan,nan,nan,nan,nan
277.55960154533386,-0.4099999964237213,4.0269999504089355,4.057000160217285,4.053999900817871,4.059000015258789,4.059000015258789,4.063000202178955,0.0,0.0,0.0,0.0,0.0,0.09999284743580573
277.72064542770386,-0.4000000059604645,4.0269999504089355,4.057000160217285,4.053999900817871,4.058000087738037,4.059000015258789,4.063000202178955,0.0,0.0,0.0,0.09999284743580573,0.0,0.0
277.9010729789734,-0.4000000059604645,4.0269999504089355,4.057000160217285,4.053999900817871,4.059000015258789,4.059000015258789,4.063000202178955,nan,nan,nan,nan,nan,nan
278.0801131725311,-0.4000000059604645,4.0269999504089355,4.057000160217285,4.053999900817871,4.059000015258789,4.059000015258789,4.063000202178955,nan,nan,nan,nan,nan,nan
278.2405722141266,-0.3799999952316284,4.0269999504089355,4.057000160217285,4.053999900817871,4.059000015258789,4.059000015258789,4.063000202178955,0.0,0.0,0.0,0.0,0.0,0.0
278.42083644866943,-0.4099999964237213,4.0269999504089355,4.057000160217285,4.053999900817871,4.059000015258789,4.059000015258789,4.064000129699707,0.0,0.0,0.0,0.0,0.0,0.033330916033946834
278.60115242004395,-0.4000000059604645,4.0269999504089355,4.057000160217285,4.053999900817871,4.059000015258789,4.059000015258789,4.063000202178955,0.0,0.0,0.0,0.0,0.0,0.09999284743580573
278.7603008747101,-0.4000000059604645,4.0269999504089355,4.057000160217285,4.053999900817871,4.059000015258789,4.059000015258789,4.063000202178955,nan,nan,nan,nan,nan,nan
278.94101643562317,-0.4000000059604645,4.0269999504089355,4.057000160217285,4.053999900817871,4.059000015258789,4.059000015258789,4.063000202178955,nan,nan,nan,nan,nan,nan
279.10180020332336,-0.38999998569488525,4.0269999504089355,4.057000160217285,4.053999900817871,4.059000015258789,4.059000015258789,4.063000202178955,0.0,0.0,0.0,0.0,0.0,0.0
279.28087043762207,-0.4000000059604645,4.0269999504089355,4.057000160217285,4.053999900817871,4.059000015258789,4.059000015258789,4.063000202178955,0.0,0.0,0.0,0.0,0.0,0.0
279.4610664844513,-0.4000000059604645,4.0269999504089355,4.057000160217285,4.053999900817871,4.058000087738037,4.059000015258789,4.063000202178955,nan,nan,nan,nan,nan,nan
279.6206007003784,-0.4000000059604645,4.0269999504089355,4.057000160217285,4.053999900817871,4.059000015258789,4.059000015258789,4.063000202178955,nan,nan,nan,nan,nan,nan
279.8005921840668,-0.4099999964237213,4.0269999504089355,4.057000160217285,4.053999900817871,4.058000087738037,4.059000015258789,4.063000202178955,0.0,0.0,0.0,0.09999284743580573,0.0,0.0
279.96007800102234,-0.4000000059604645,4.0269999504089355,4.057000160217285,4.053999900817871,4.058000087738037,4.059000015258789,4.064000129699707,0.0,0.0,0.0,0.0,0.0,0.09999284743580573
280.1407015323639,-0.4000000059604645,4.0269999504089355,4.057000160217285,4.053999900817871,4.059000015258789,4.059000015258789,4.063000202178955,nan,nan,nan,nan,nan,nan
280.32080245018005,-0.41999998688697815,4.026000022888184,4.057000160217285,4.053999900817871,4.059000015258789,4.059000015258789,4.063000202178955,0.04999642371790287,0.0,0.0,0.0,0.0,0.0
280.48011231422424,-0.38999998569488525,4.0269999504089355,4.057000160217285,4.053999900817871,4.058000087738037,4.059000015258789,4.063000202178955,0.033330916033946834,0.0,0.0,0.033330916033946834,0.0,0.0
280.6604495048523,-0.38999998569488525,4.0269999504089355,4.057000160217285,4.053999900817871,4.059000015258789,4.059000015258789,4.063000202178955,nan,nan,nan,nan,nan,nan
280.8196380138397,-0.4099999964237213,4.0269999504089355,4.057000160217285,4.053999900817871,4.059000015258789,4.059000015258789,4.063000202178955,0.0,0.0,0.0,0.0,0.0,0.0
281.00006198883057,-0.4000000059604645,4.026000022888184,4.057000160217285,4.053999900817871,4.059000015258789,4.059000015258789,4.063000202178955,0.09999284743580573,0.0,0.0,0.0,0.0,0.0
281.18162536621094,-0.38999998569488525,4.0269999504089355,4.057000160217285,4.053999900817871,4.059000015258789,4.059000015258789,4.063000202178955,0.09999254943450207,0.0,0.0,0.0,0.0,0.0
281.3416578769684,-0.4300000071525574,4.0269999504089355,4.057000160217285,4.053999900817871,4.058000087738037,4.059000015258789,4.063000202178955,0.0,0.0,0.0,0.02499817460873297,0.0,0.0
281.5211760997772,-0.7300000190734863,4.02400016784668,4.053999900817871,4.050000190734863,4.056000232696533,4.056000232696533,4.059000015258789,0.009999274810184049,0.010000864267314901,0.013332366413578732,0.006666183206789366,0.009999274810184049,0.013333955870709584
281.7003619670868,-0.699999988079071,4.026000022888184,4.056000232696533,4.052999973297119,4.058000087738037,4.058000087738037,4.061999797821045,0.06666176584538173,0.06667766040090042,0.09999264876807261,0.06666176584538173,0.06666176584538173,0.09999264876807261
281.85984468460083,-0.7799999713897705,4.026000022888184,4.056000232696533,4.052000045776367,4.057000160217285,4.058000087738037,4.061999797821045,0.0,0.0,0.012499096616914163,0.012499096616914163,0.0,0.0
282.03988552093506,-0.5799999833106995,4.026000022888184,4.056000232696533,4.052999973297119,4.058000087738037,4.058000087738037,4.063000202178955,0.0,0.0,0.004999637901761406,0.004999637901761406,0.0,0.0050020220876945305
282.2007830142975,-0.6499999761581421,4.026000022888184,4.056000232696533,4.052999973297119,4.058000087738037,4.058000087738037,4.061999797821045,0.0,0.0,0.0,0.0,0.0,0.014291492287583925
282.37983417510986,-0.6399999856948853,4.026000022888184,4.056000232696533,4.052999973297119,4.058000087738037,4.058000087738037,4.063000202178955,0.0,0.0,0.0,0.0,0.0,0.10004053119710082
282.55983877182007,-0.5899999737739563,4.026000022888184,4.056000232696533,4.052999973297119,4.058000087738037,4.058000087738037,4.061999797821045,0.0,0.0,0.0,0.0,0.0,0.020008082387904552
282.7209279537201,-0.6299999952316284,4.026000022888184,4.056000232696533,4.052999973297119,4.057000160217285,4.058000087738037,4.061999797821045,0.0,0.0,0.0,0.02499817460873297,0.0,0.0
282.8998610973358,-0.5799999833106995,4.026000022888184,4.056000232696533,4.052999973297119,4.057000160217285,4.058000087738037,4.061999797821045,0.0,0.0,0.0,0.0,0.0,0.0
283.06104373931885,-0.6800000071525574,4.026000022888184,4.056000232696533,4.052000045776367,4.058000087738037,4.058000087738037,4.061999797821045,0.0,0.0,0.009999272823507113,0.009999272823507113,0.0,0.0
283.23989820480347,-0.7300000190734863,4.026000022888184,4.056000232696533,4.052999973297119,4.057000160217285,4.058000087738037,4.061999797821045,0.0,0.0,0.019998545647014226,0.019998545647014226,0.0,0.0
283.42048835754395,-0.6499999761581421,4.026000022888184,4.056000232696533,4.052999973297119,4.058000087738037,4.058000087738037,4.061999797821045,0.0,0.0,0.0,0.012499087304366484,0.0,0.0
283.58116269111633,-0.6200000047683716,4.026000022888184,4.056000232696533,4.052000045776367,4.057000160217285,4.058000087738037,4.061999797821045,0.0,0.0,0.03333094914526858,0.03333094914526858,0.0,0.0
283.76008796691895,-0.5699999928474426,4.025000095367432,4.056000232696533,4.052999973297119,4.057000160217285,4.058000087738037,4.061999797821045,0.019998545647014226,0.0,0.019998545647014226,0.0,0.0,0.0
283.942054271698,-0.6100000143051147,4.026000022888184,4.056000232696533,4.052999973297119,4.057000160217285,4.058000087738037,4.061999797821045,0.02499817460873297,0.0,0.0,0.0,0.0,0.0
284.099711894989,-0.5799999833106995,4.026000022888184,4.056000232696533,4.052999973297119,4.057000160217285,4.058000087738037,4.061999797821045,0.0,0.0,0.0,0.0,0.0,0.0
284.27998399734497,-0.7300000190734863,4.026000022888184,4.056000232696533,4.052999973297119,4.057000160217285,4.058000087738037,4.061999797821045,0.0,0.0,0.0,0.0,0.0,0.0
284.43993854522705,-0.6700000166893005,4.026000022888184,4.056000232696533,4.052999973297119,4.057000160217285,4.058000087738037,4.061999797821045,0.0,0.0,0.0,0.0,0.0,0.0
284.62142539024353,-0.699999988079071,4.026000022888184,4.056000232696533,4.052000045776367,4.057000160217285,4.058000087738037,4.061999797821045,0.0,0.0,0.03333094914526858,0.0,0.0,0.0
284.8005073070526,-0.5799999833106995,4.026000022888184,4.056000232696533,4.052000045776367,4.058000087738037,4.058000087738037,4.061999797821045,0.0,0.0,0.0,0.008332729008486708,0.0,0.0
284.96139764785767,-0.6000000238418579,4.026000022888184,4.056000232696533,4.052999973297119,4.057000160217285,4.058000087738037,4.061999797821045,0.0,0.0,0.04999627471725104,0.04999627471725104,0.0,0.0
285.1400282382965,-0.6000000238418579,4.026000022888184,4.056000232696533,4.052999973297119,4.057000160217285,4.058000087738037,4.061999797821045,nan,nan,nan,nan,nan,nan
285.30057883262634,-0.6800000071525574,4.025000095367432,4.056000232696533,4.052999973297119,4.057000160217285,4.058000087738037,4.061999797821045,0.012499096616914163,0.0,0.0,0.0,0.0,0.0
285.4810616970062,-0.5699999928474426,4.025000095367432,4.056000232696533,4.052000045776367,4.057000160217285,4.057000160217285,4.061999797821045,0.0,0.0,0.009090249006499072,0.0,0.009090249006499072,0.0
285.66104102134705,-0.6100000143051147,4.026000022888184,4.056000232696533,4.052000045776367,4.057000160217285,4.058000087738037,4.061999797821045,0.02499817460873297,0.0,0.0,0.0,0.02499817460873297,0.0
285.8206784725189,-0.699999988079071,4.025000095367432,4.056000232696533,4.052000045776367,4.057000160217285,4.058000087738037,4.061999797821045,0.011110309023682256,0.0,0.0,0.0,0.0,0.0
286.00058674812317,-0.7400000095367432,4.026000022888184,4.056000232696533,4.052000045776367,4.057000160217285,4.058000087738037,4.061999797821045,0.02499817460873297,0.0,0.0,0.0,0.0,0.0
286.16162729263306,-0.5600000023841858,4.025000095367432,4.056000232696533,4.052000045776367,4.057000160217285,4.058000087738037,4.061999797821045,0.005555152672324472,0.0,0.0,0.0,0.0,0.0
286.34067821502686,-0.7099999785423279,4.025000095367432,4.056000232696533,4.052000045776367,4.057000160217285,4.058000087738037,4.061999797821045,0.0,0.0,0.0,0.0,0.0,0.0
286.52113485336304,-0.6000000238418579,4.025000095367432,4.056000232696533,4.052000045776367,4.057000160217285,4.058000087738037,4.061999797821045,0.0,0.0,0.0,0.0,0.0,0.0
286.68054604530334,-0.6100000143051147,4.025000095367432,4.056000232696533,4.052000045776367,4.057000160217285,4.058000087738037,4.061999797821045,0.0,0.0,0.0,0.0,0.0,0.0
286.8601984977722,-0.7300000190734863,4.025000095367432,4.056000232696533,4.052000045776367,4.057000160217285,4.058000087738037,4.061999797821045,0.0,0.0,0.0,0.0,0.0,0.0
287.04042506217957,-0.5699999928474426,4.025000095367432,4.056000232696533,4.052000045776367,4.057000160217285,4.057000160217285,4.061999797821045,0.0,0.0,0.0,0.0,0.006249545980319295,0.0
287.2016501426697,-0.6100000143051147,4.025000095367432,4.054999828338623,4.052000045776367,4.057000160217285,4.057000160217285,4.061999797821045,0.0,0.025010095531293165,0.0,0.0,0.0,0.0
287.3804247379303,-0.4000000059604645,4.025000095367432,4.056000232696533,4.052999973297119,4.058000087738037,4.058000087738037,4.061999797821045,0.0,0.004763830086465049,0.004761559433420976,0.004761559433420976,0.004761559433420976,0.0
287.54145646095276,-0.4000000059604645,4.026000022888184,4.056000232696533,4.052999973297119,4.058000087738037,4.058000087738037,4.063000202178955,nan,nan,nan,nan,nan,nan
287.7197461128235,-0.4000000059604645,4.026000022888184,4.056000232696533,4.052999973297119,4.058000087738037,4.058000087738037,4.063000202178955,nan,nan,nan,nan,nan,nan
287.90023612976074,-0.38999998569488525,4.026000022888184,4.056000232696533,4.052999973297119,4.058000087738037,4.058000087738037,4.063000202178955,0.0,0.0,0.0,0.0,0.0,0.0
288.0599901676178,-0.4000000059604645,4.026000022888184,4.056000232696533,4.052999973297119,4.058000087738037,4.058000087738037,4.061999797821045,0.0,0.0,0.0,0.0,0.0,0.10004023305368878
288.240149974823,-0.4099999964237213,4.026000022888184,4.056000232696533,4.052999973297119,4.058000087738037,4.058000087738037,4.063000202178955,0.0,0.0,0.0,0.0,0.0,0.10004053119710082
288.4006311893463,-0.4099999964237213,4.026000022888184,4.056000232696533,4.052999973297119,4.058000087738037,4.058000087738037,4.063000202178955,nan,nan,nan,nan,nan,nan
288.5791492462158,-0.4000000059604645,4.026000022888184,4.056000232696533,4.052999973297119,4.058000087738037,4.058000087738037,4.063000202178955,0.0,0.0,0.0,0.0,0.0,0.0
288.7597391605377,-0.38999998569488525,4.026000022888184,4.056000232696533,4.052999973297119,4.058000087738037,4.058000087738037,4.063000202178955,0.0,0.0,0.0,0.0,0.0,0.0
288.9206163883209,-0.4099999964237213,4.026000022888184,4.056000232696533,4.052999973297119,4.058000087738037,4.058000087738037,4.063000202178955,0.0,0.0,0.0,0.0,0.0,0.0
289.1000838279724,-0.4099999964237213,4.026000022888184,4.056000232696533,4.052999973297119,4.058000087738037,4.058000087738037,4.061999797821045,nan,nan,nan,nan,nan,nan
289.2801249027252,-0.4000000059604645,4.026000022888184,4.056000232696533,4.052999973297119,4.058000087738037,4.058000087738037,4.063000202178955,0.0,0.0,0.0,0.0,0.0,0.10004053119710082
289.4412331581116,-0.4000000059604645,4.026000022888184,4.056000232696533,4.052999973297119,4.058000087738037,4.058000087738037,4.063000202178955,nan,nan,nan,nan,nan,nan
289.62013578414917,-0.4000000059604645,4.026000022888184,4.056000232696533,4.052999973297119,4.058000087738037,4.058000087738037,4.063000202178955,nan,nan,nan,nan,nan,nan
289.78020095825195,-0.4000000059604645,4.026000022888184,4.056000232696533,4.052999973297119,4.058000087738037,4.058000087738037,4.063000202178955,nan,nan,nan,nan,nan,nan
289.9615879058838,-0.4099999964237213,4.026000022888184,4.056000232696533,4.052999973297119,4.058000087738037,4.058000087738037,4.063000202178955,0.0,0.0,0.0,0.0,0.0,0.0
290.14140367507935,-0.4000000059604645,4.026000022888184,4.056000232696533,4.052999973297119,4.058000087738037,4.058000087738037,4.063000202178955,0.0,0.0,0.0,0.0,0.0,0.0
290.30013942718506,-0.4000000059604645,4.026000022888184,4.056000232696533,4.052999973297119,4.058000087738037,4.058000087738037,4.061999797821045,nan,nan,nan,nan,nan,nan
290.4799735546112,-0.41999998688697815,4.026000022888184,4.056000232696533,4.052999973297119,4.058000087738037,4.058000087738037,4.063000202178955,0.0,0.0,0.0,0.0,0.0,0.05002026559855041
290.64128732681274,-0.4099999964237213,4.026000022888184,4.056000232696533,4.052999973297119,4.057000160217285,4.058000087738037,4.063000202178955,0.0,0.0,0.0,0.09999284743580573,0.0,0.0
290.82026076316833,-0.4099999964237213,4.026000022888184,4.056000232696533,4.052999973297119,4.058000087738037,4.058000087738037,4.063000202178955,nan,nan,nan,nan,nan,nan
291.00029373168945,-0.4000000059604645,4.026000022888184,4.056000232696533,4.052999973297119,4.058000087738037,4.058000087738037,4.063000202178955,0.0,0.0,0.0,0.0,0.0,0.0
291.15993213653564,-0.38999998569488525,4.026000022888184,4.056000232696533,4.052999973297119,4.058000087738037,4.058000087738037,4.063000202178955,0.0,0.0,0.0,0.0,0.0,0.0
291.3402581214905,-0.38999998569488525,4.026000022888184,4.056000232696533,4.052999973297119,4.058000087738037,4.058000087738037,4.063000202178955,nan,nan,nan,nan,nan,nan
291.52034759521484,-0.4099999964237213,4.026000022888184,4.056000232696533,4.052999973297119,4.058000087738037,4.058000087738037,4.063000202178955,0.0,0.0,0.0,0.0,0.0,0.0
291.6814212799072,-0.4000000059604645,4.026000022888184,4.056000232696533,4.052999973297119,4.058000087738037,4.058000087738037,4.063000202178955,0.0,0.0,0.0,0.0,0.0,0.0
291.8600027561188,-0.4000000059604645,4.026000022888184,4.056000232696533,4.052999973297119,4.058000087738037,4.059000015258789,4.063000202178955,nan,nan,nan,nan,nan,nan
292.0200936794281,-0.4000000059604645,4.026000022888184,4.056000232696533,4.052999973297119,4.058000087738037,4.058000087738037,4.061999797821045,nan,nan,nan,nan,nan,nan
292.1997721195221,-0.4099999964237213,4.026000022888184,4.056000232696533,4.052999973297119,4.058000087738037,4.058000087738037,4.063000202178955,0.0,0.0,0.0,0.0,0.0,0.10004053119710082
292.3800175189972,-0.4000000059604645,4.026000022888184,4.056000232696533,4.052999973297119,4.058000087738037,4.058000087738037,4.063000202178955,0.0,0.0,0.0,0.0,0.0,0.0
292.54126262664795,-0.4000000059604645,4.026000022888184,4.056000232696533,4.052999973297119,4.058000087738037,4.058000087738037,4.063000202178955,nan,nan,nan,nan,nan,nan
292.72012162208557,-0.4099999964237213,4.026000022888184,4.056000232696533,4.052999973297119,4.058000087738037,4.058000087738037,4.063000202178955,0.0,0.0,0.0,0.0,0.0,0.0
292.8805961608887,-0.4000000059604645,4.026000022888184,4.056000232696533,4.052999973297119,4.058000087738037,4.058000087738037,4.063000202178955,0.0,0.0,0.0,0.0,0.0,0.0
293.0611972808838,-0.38999998569488525,4.026000022888184,4.056000232696533,4.052999973297119,4.058000087738037,4.058000087738037,4.061999797821045,0.0,0.0,0.0,0.0,0.0,0.10004023305368878
293.23970794677734,-0.4000000059604645,4.026000022888184,4.056000232696533,4.052999973297119,4.058000087738037,4.058000087738037,4.063000202178955,0.0,0.0,0.0,0.0,0.0,0.10004023305368878
293.40069675445557,-0.4000000059604645,4.026000022888184,4.056000232696533,4.052999973297119,4.058000087738037,4.058000087738037,4.063000202178955,nan,nan,nan,nan,nan,nan
293.57963848114014,-0.4000000059604645,4.026000022888184,4.056000232696533,4.052999973297119,4.058000087738037,4.059000015258789,4.063000202178955,nan,nan,nan,nan,nan,nan
293.76112246513367,-0.4000000059604645,4.026000022888184,4.056000232696533,4.052999973297119,4.058000087738037,4.058000087738037,4.061999797821045,nan,nan,nan,nan,nan,nan
293.92051458358765,-0.4000000059604645,4.026000022888184,4.056000232696533,4.052999973297119,4.058000087738037,4.058000087738037,4.063000202178955,nan,nan,nan,nan,nan,nan
294.1011121273041,-0.4000000059604645,4.026000022888184,4.056000232696533,4.052999973297119,4.058000087738037,4.058000087738037,4.063000202178955,nan,nan,nan,nan,nan,nan
294.2617709636688,-0.4000000059604645,4.026000022888184,4.056000232696533,4.052999973297119,4.058000087738037,4.058000087738037,4.063000202178955,nan,nan,nan,nan,nan,nan
294.44055700302124,-0.4099999964237213,4.026000022888184,4.056000232696533,4.052999973297119,4.058000087738037,4.058000087738037,4.063000202178955,0.0,0.0,0.0,0.0,0.0,0.0
294.62061500549316,-0.4000000059604645,4.026000022888184,4.056000232696533,4.052999973297119,4.058000087738037,4.059000015258789,4.061999797821045,0.0,0.0,0.0,0.0,0.09999284743580573,0.10004053119710082
294.7816801071167,-0.4000000059604645,4.026000022888184,4.056000232696533,4.052999973297119,4.058000087738037,4.058000087738037,4.063000202178955,nan,nan,nan,nan,nan,nan
294.9609124660492,-0.4300000071525574,4.026000022888184,4.056000232696533,4.052999973297119,4.058000087738037,4.058000087738037,4.063000202178955,0.0,0.0,0.0,0.0,0.0,0.0
295.12125277519226,-0.4000000059604645,4.026000022888184,4.056000232696533,4.052999973297119,4.058000087738037,4.058000087738037,4.063000202178955,0.0,0.0,0.0,0.0,0.0,0.0
295.3004755973816,-0.4000000059604645,4.026000022888184,4.056000232696533,4.052999973297119,4.058000087738037,4.058000087738037,4.063000202178955,nan,nan,nan,nan,nan,nan
295.4799108505249,-0.38999998569488525,4.026000022888184,4.056000232696533,4.052999973297119,4.058000087738037,4.058000087738037,4.063000202178955,0.0,0.0,0.0,0.0,0.0,0.0
295.6408314704895,-0.4099999964237213,4.026000022888184,4.056000232696533,4.052999973297119,4.058000087738037,4.058000087738037,4.061999797821045,0.0,0.0,0.0,0.0,0.0,0.05002019106258633
295.8210382461548,-0.4099999964237213,4.026000022888184,4.056000232696533,4.052999973297119,4.058000087738037,4.058000087738037,4.063000202178955,nan,nan,nan,nan,nan,nan
295.9808225631714,-0.4000000059604645,4.026000022888184,4.056000232696533,4.052999973297119,4.058000087738037,4.058000087738037,4.063000202178955,0.0,0.0,0.0,0.0,0.0,0.0
296.16061425209045,-0.4000000059604645,4.026000022888184,4.056000232696533,4.052999973297119,4.058000087738037,4.058000087738037,4.063000202178955,nan,nan,nan,nan,nan,nan
296.3408589363098,-0.41999998688697815,4.026000022888184,4.056000232696533,4.052999973297119,4.058000087738037,4.058000087738037,4.063000202178955,0.0,0.0,0.0,0.0,0.0,0.0
296.5004332065582,-0.4000000059604645,4.026000022888184,4.056000232696533,4.052999973297119,4.058000087738037,4.058000087738037,4.063000202178955,0.0,0.0,0.0,0.0,0.0,0.0
296.6807532310486,-0.38999998569488525,4.026000022888184,4.056000232696533,4.052999973297119,4.058000087738037,4.058000087738037,4.063000202178955,0.0,0.0,0.0,0.0,0.0,0.0
296.8592760562897,-0.4000000059604645,4.026000022888184,4.056000232696533,4.052999973297119,4.058000087738037,4.059000015258789,4.063000202178955,0.0,0.0,0.0,0.0,0.09999254943450207,0.0
297.0206916332245,-0.41999998688697815,4.026000022888184,4.056000232696533,4.052999973297119,4.058000087738037,4.058000087738037,4.061999797821045,0.0,0.0,0.0,0.0,0.04999642371790287,0.05002026559855041
297.19981479644775,-0.4000000059604645,4.026000022888184,4.056000232696533,4.052999973297119,4.058000087738037,4.058000087738037,4.061999797821045,0.0,0.0,0.0,0.0,0.0,0.0
297.3605806827545,-0.4000000059604645,4.026000022888184,4.056000232696533,4.052999973297119,4.058000087738037,4.058000087738037,4.063000202178955,nan,nan,nan,nan,nan,nan
297.5393702983856,-0.4000000059604645,4.026000022888184,4.056000232696533,4.052999973297119,4.058000087738037,4.059000015258789,4.063000202178955,nan,nan,nan,nan,nan,nan
297.72090673446655,-0.4000000059604645,4.026000022888184,4.056000232696533,4.052999973297119,4.058000087738037,4.058000087738037,4.063000202178955,nan,nan,nan,nan,nan,nan
297.88089513778687,-0.4000000059604645,4.026000022888184,4.056000232696533,4.052999973297119,4.058000087738037,4.058000087738037,4.063000202178955,nan,nan,nan,nan,nan,nan
298.06121706962585,-0.4099999964237213,4.026000022888184,4.056000232696533,4.052999973297119,4.058000087738037,4.058000087738037,4.063000202178955,0.0,0.0,0.0,0.0,0.0,0.0
298.22113013267517,-0.4000000059604645,4.026000022888184,4.056000232696533,4.052999973297119,4.058000087738037,4.058000087738037,4.063000202178955,0.0,0.0,0.0,0.0,0.0,0.0
298.399542093277,-0.4000000059604645,4.026000022888184,4.056000232696533,4.052999973297119,4.058000087738037,4.058000087738037,4.063000202178955,nan,nan,nan,nan,nan,nan
298.57981300354004,-0.38999998569488525,4.026000022888184,4.056000232696533,4.052999973297119,4.058000087738037,4.058000087738037,4.063000202178955,0.0,0.0,0.0,0.0,0.0,0.0
298.7411241531372,-0.4000000059604645,4.026000022888184,4.056000232696533,4.052999973297119,4.058000087738037,4.058000087738037,4.063000202178955,0.0,0.0,0.0,0.0,0.0,0.0
298.92094326019287,-0.4000000059604645,4.026000022888184,4.056000232696533,4.052999973297119,4.058000087738037,4.058000087738037,4.063000202178955,nan,nan,nan,nan,nan,nan
299.10208463668823,-0.4000000059604645,4.026000022888184,4.056000232696533,4.052999973297119,4.058000087738037,4.058000087738037,4.063000202178955,nan,nan,nan,nan,nan,nan
299.26074290275574,-0.4000000059604645,4.026000022888184,4.056000232696533,4.052999973297119,4.058000087738037,4.058000087738037,4.063000202178955,nan,nan,nan,nan,nan,nan
299.4406244754791,-0.4000000059604645,4.026000022888184,4.056000232696533,4.052999973297119,4.058000087738037,4.058000087738037,4.063000202178955,nan,nan,nan,nan,nan,nan
299.60009694099426,-0.4000000059604645,4.026000022888184,4.056000232696533,4.052999973297119,4.058000087738037,4.058000087738037,4.063000202178955,nan,nan,nan,nan,nan,nan
299.7820520401001,-0.4000000059604645,4.026000022888184,4.056000232696533,4.052999973297119,4.058000087738037,4.058000087738037,4.061999797821045,nan,nan,nan,nan,nan,nan
299.960412979126,-0.4000000059604645,4.026000022888184,4.056000232696533,4.052999973297119,4.058000087738037,4.058000087738037,4.063000202178955,nan,nan,nan,nan,nan,nan
300.12044191360474,-0.4000000059604645,4.025000095367432,4.056000232696533,4.052999973297119,4.058000087738037,4.058000087738037,4.063000202178955,nan,nan,nan,nan,nan,nan
300.30073404312134,-0.4000000059604645,4.026000022888184,4.056000232696533,4.052999973297119,4.058000087738037,4.058000087738037,4.063000202178955,nan,nan,nan,nan,nan,nan
300.4603416919708,-0.4000000059604645,4.026000022888184,4.056000232696533,4.052999973297119,4.058000087738037,4.058000087738037,4.063000202178955,nan,nan,nan,nan,nan,nan
300.64052963256836,-0.41999998688697815,4.026000022888184,4.056000232696533,4.052999973297119,4.058000087738037,4.058000087738037,4.063000202178955,0.0,0.0,0.0,0.0,0.0,0.0
300.8209228515625,-0.4000000059604645,4.026000022888184,4.056000232696533,4.052999973297119,4.058000087738037,4.058000087738037,4.063000202178955,0.0,0.0,0.0,0.0,0.0,0.0
300.9802622795105,-0.4000000059604645,4.026000022888184,4.056000232696533,4.052999973297119,4.058000087738037,4.058000087738037,4.063000202178955,nan,nan,nan,nan,nan,nan
301.16029477119446,-0.4099999964237213,4.026000022888184,4.056000232696533,4.052999973297119,4.058000087738037,4.058000087738037,4.063000202178955,0.0,0.0,0.0,0.0,0.0,0.0
301.31987023353577,-0.4000000059604645,4.026000022888184,4.056000232696533,4.052999973297119,4.058000087738037,4.058000087738037,4.063000202178955,0.0,0.0,0.0,0.0,0.0,0.0
301.5003869533539,-0.4000000059604645,4.026000022888184,4.056000232696533,4.052999973297119,4.058000087738037,4.058000087738037,4.061999797821045,nan,nan,nan,nan,nan,nan
301.680801153183,-0.38999998569488525,4.026000022888184,4.056000232696533,4.052999973297119,4.058000087738037,4.058000087738037,4.061999797821045,0.0,0.0,0.0,0.0,0.0,0.0
301.84160470962524,-0.4000000059604645,4.026000022888184,4.056000232696533,4.052999973297119,4.058000087738037,4.058000087738037,4.063000202178955,0.0,0.0,0.0,0.0,0.0,0.10004023305368878
302.0217890739441,-0.4000000059604645,4.026000022888184,4.056000232696533,4.052999973297119,4.058000087738037,4.058000087738037,4.063000202178955,nan,nan,nan,nan,nan,nan
302.20072841644287,-0.4000000059604645,4.026000022888184,4.056000232696533,4.052999973297119,4.058000087738037,4.058000087738037,4.063000202178955,nan,nan,nan,nan,nan,nan
302.3615734577179,-0.4000000059604645,4.026000022888184,4.056000232696533,4.052999973297119,4.058000087738037,4.058000087738037,4.063000202178955,nan,nan,nan,nan,nan,nan
302.54084610939026,-0.4099999964237213,4.026000022888184,4.056000232696533,4.052999973297119,4.058000087738037,4.058000087738037,4.063000202178955,0.0,0.0,0.0,0.0,0.0,0.0
302.7015323638916,-0.41999998688697815,4.026000022888184,4.056000232696533,4.052999973297119,4.058000087738037,4.058000087738037,4.061999797821045,0.0,0.0,0.0,0.0,0.0,0.10004053119710082
302.88219571113586,-0.4000000059604645,4.026000022888184,4.056000232696533,4.052999973297119,4.058000087738037,4.058000087738037,4.063000202178955,0.0,0.0,0.0,0.0,0.0,0.05002026559855041
303.06055188179016,-0.4000000059604645,4.026000022888184,4.056000232696533,4.052999973297119,4.058000087738037,4.058000087738037,4.063000202178955,nan,nan,nan,nan,nan,nan
303.2214756011963,-0.4000000059604645,4.026000022888184,4.056000232696533,4.052999973297119,4.058000087738037,4.058000087738037,4.061999797821045,nan,nan,nan,nan,nan,nan
303.4018793106079,-0.4000000059604645,4.026000022888184,4.056000232696533,4.052999973297119,4.058000087738037,4.058000087738037,4.063000202178955,nan,nan,nan,nan,nan,nan
303.5610737800598,-0.38999998569488525,4.026000022888184,4.056000232696533,4.052999973297119,4.058000087738037,4.058000087738037,4.063000202178955,0.0,0.0,0.0,0.0,0.0,0.0
303.7422831058502,-0.4000000059604645,4.026000022888184,4.056000232696533,4.052999973297119,4.058000087738037,4.058000087738037,4.063000202178955,0.0,0.0,0.0,0.0,0.0,0.0
303.9210419654846,-0.4000000059604645,4.026000022888184,4.056000232696533,4.052999973297119,4.058000087738037,4.058000087738037,4.063000202178955,nan,nan,nan,nan,nan,nan
304.0807554721832,-0.4099999964237213,4.026000022888184,4.056000232696533,4.052999973297119,4.058000087738037,4.058000087738037,4.061999797821045,0.0,0.0,0.0,0.0,0.0,0.10004053119710082
304.2608428001404,-0.4000000059604645,4.026000022888184,4.056000232696533,4.052999973297119,4.058000087738037,4.058000087738037,4.063000202178955,0.0,0.0,0.0,0.0,0.0,0.10004053119710082
304.4215929508209,-0.4000000059604645,4.026000022888184,4.056000232696533,4.052999973297119,4.058000087738037,4.058000087738037,4.063000202178955,nan,nan,nan,nan,nan,nan
304.60116386413574,-0.4000000059604645,4.026000022888184,4.056000232696533,4.052999973297119,4.058000087738037,4.058000087738037,4.063000202178955,nan,nan,nan,nan,nan,nan
304.78065514564514,-0.4000000059604645,4.026000022888184,4.056000232696533,4.052999973297119,4.058000087738037,4.058000087738037,4.063000202178955,nan,nan,nan,nan,nan,nan
304.94154810905457,-0.4099999964237213,4.026000022888184,4.056000232696533,4.052999973297119,4.058000087738037,4.058000087738037,4.063000202178955,0.0,0.0,0.0,0.0,0.0,0.0
305.1204900741577,-0.4000000059604645,4.025000095367432,4.056000232696533,4.052999973297119,4.058000087738037,4.058000087738037,4.063000202178955,0.09999284743580573,0.0,0.0,0.0,0.0,0.0
305.3006851673126,-0.4000000059604645,4.025000095367432,4.056000232696533,4.052999973297119,4.058000087738037,4.058000087738037,4.063000202178955,nan,nan,nan,nan,nan,nan
305.4617443084717,-0.4099999964237213,4.026000022888184,4.056000232696533,4.052999973297119,4.058000087738037,4.058000087738037,4.061999797821045,0.09999284743580573,0.0,0.0,0.0,0.0,0.10004053119710082
305.64173650741577,-0.4000000059604645,4.025000095367432,4.056000232696533,4.052999973297119,4.058000087738037,4.058000087738037,4.063000202178955,0.09999284743580573,0.0,0.0,0.0,0.0,0.10004053119710082
305.80091619491577,-0.4000000059604645,4.026000022888184,4.056000232696533,4.052999973297119,4.058000087738037,4.058000087738037,4.061999797821045,nan,nan,nan,nan,nan,nan
305.98007798194885,-0.4000000059604645,4.026000022888184,4.056000232696533,4.052999973297119,4.058000087738037,4.058000087738037,4.061999797821045,nan,nan,nan,nan,nan,nan
306.1602303981781,-0.3799999952316284,4.026000022888184,4.056000232696533,4.052999973297119,4.058000087738037,4.058000087738037,4.063000202178955,0.0,0.0,0.0,0.0,0.0,0.05002019106258633
306.3209011554718,-0.4000000059604645,4.026000022888184,4.056000232696533,4.052999973297119,4.058000087738037,4.058000087738037,4.063000202178955,0.0,0.0,0.0,0.0,0.0,0.0
306.4998278617859,-0.4000000059604645,4.025000095367432,4.056000232696533,4.052999973297119,4.058000087738037,4.058000087738037,4.063000202178955,nan,nan,nan,nan,nan,nan
306.6619772911072,-0.4000000059604645,4.026000022888184,4.056000232696533,4.052999973297119,4.058000087738037,4.058000087738037,4.063000202178955,nan,nan,nan,nan,nan,nan
306.84208059310913,-0.4099999964237213,4.026000022888184,4.056000232696533,4.052999973297119,4.058000087738037,4.058000087738037,4.063000202178955,0.0,0.0,0.0,0.0,0.0,0.0
307.0207118988037,-0.4000000059604645,4.025000095367432,4.056000232696533,4.052999973297119,4.058000087738037,4.058000087738037,4.063000202178955,0.09999284743580573,0.0,0.0,0.0,0.0,0.0
307.1804060935974,-0.38999998569488525,4.026000022888184,4.056000232696533,4.052999973297119,4.058000087738037,4.058000087738037,4.063000202178955,0.09999254943450207,0.0,0.0,0.0,0.0,0.0
307.361759185791,-0.38999998569488525,4.025000095367432,4.056000232696533,4.052999973297119,4.058000087738037,4.058000087738037,4.063000202178955,nan,nan,nan,nan,nan,nan
307.52000069618225,-0.38999998569488525,4.025000095367432,4.056000232696533,4.052999973297119,4.057000160217285,4.058000087738037,4.061999797821045,nan,nan,nan,nan,nan,nan
307.70017743110657,-0.4000000059604645,4.026000022888184,4.056000232696533,4.052999973297119,4.058000087738037,4.058000087738037,4.061999797821045,0.09999254943450207,0.0,0.0,0.09999254943450207,0.0,0.0
307.8817660808563,-0.4099999964237213,4.025000095367432,4.056000232696533,4.052999973297119,4.058000087738037,4.058000087738037,4.063000202178955,0.09999284743580573,0.0,0.0,0.0,0.0,0.10004053119710082
308.0408766269684,-0.4000000059604645,4.026000022888184,4.056000232696533,4.052999973297119,4.058000087738037,4.058000087738037,4.061999797821045,0.09999284743580573,0.0,0.0,0.0,0.0,0.10004053119710082
308.22110390663147,-0.4000000059604645,4.026000022888184,4.056000232696533,4.052999973297119,4.058000087738037,4.058000087738037,4.063000202178955,nan,nan,nan,nan,nan,nan
308.3997926712036,-0.4099999964237213,4.026000022888184,4.056000232696533,4.052999973297119,4.058000087738037,4.058000087738037,4.063000202178955,0.0,0.0,0.0,0.0,0.0,0.0
308.56128001213074,-0.4000000059604645,4.026000022888184,4.056000232696533,4.052999973297119,4.058000087738037,4.058000087738037,4.063000202178955,0.0,0.0,0.0,0.0,0.0,0.0
308.74110221862793,-0.38999998569488525,4.026000022888184,4.056000232696533,4.052000045776367,4.058000087738037,4.058000087738037,4.061999797821045,0.0,0.0,0.09999254943450207,0.0,0.0,0.10004023305368878
308.9035186767578,-0.4300000071525574,4.025000095367432,4.056000232696533,4.052999973297119,4.058000087738037,4.058000087738037,4.063000202178955,0.02499817460873297,0.0,0.02499817460873297,0.0,0.0,0.025010095531293165
309.0813658237457,-0.4000000059604645,4.026000022888184,4.056000232696533,4.052999973297119,4.058000087738037,4.058000087738037,4.061999797821045,0.033330916033946834,0.0,0.0,0.0,0.0,0.03334681060525534
309.2624571323395,-0.4099999964237213,4.026000022888184,4.056000232696533,4.052999973297119,4.058000087738037,4.058000087738037,4.063000202178955,0.0,0.0,0.0,0.0,0.0,0.10004053119710082
309.4205331802368,-0.38999998569488525,4.026000022888184,4.056000232696533,4.052000045776367,4.058000087738037,4.058000087738037,4.061999797821045,0.0,0.0,0.04999634921746594,0.0,0.0,0.05002019106258633
309.5997242927551,-0.4000000059604645,4.026000022888184,4.056000232696533,4.052999973297119,4.058000087738037,4.058000087738037,4.063000202178955,0.0,0.0,0.09999254943450207,0.0,0.0,0.10004023305368878
309.7606101036072,-0.4000000059604645,4.026000022888184,4.056000232696533,4.052000045776367,4.058000087738037,4.058000087738037,4.061999797821045,nan,nan,nan,nan,nan,nan
309.94121170043945,-0.41999998688697815,4.025000095367432,4.056000232696533,4.052999973297119,4.058000087738037,4.058000087738037,4.063000202178955,0.04999642371790287,0.0,0.04999642371790287,0.0,0.0,0.05002026559855041
310.1209924221039,-0.4099999964237213,4.026000022888184,4.056000232696533,4.052999973297119,4.058000087738037,4.058000087738037,4.061999797821045,0.09999284743580573,0.0,0.0,0.0,0.0,0.10004053119710082
310.28072786331177,-0.4000000059604645,4.025000095367432,4.056000232696533,4.052999973297119,4.057000160217285,4.058000087738037,4.061999797821045,0.09999284743580573,0.0,0.0,0.09999284743580573,0.0,0.0
310.46085238456726,-0.4000000059604645,4.025000095367432,4.056000232696533,4.052000045776367,4.058000087738037,4.058000087738037,4.063000202178955,nan,nan,nan,nan,nan,nan
310.6214723587036,-0.4000000059604645,4.025000095367432,4.056000232696533,4.052999973297119,4.057000160217285,4.058000087738037,4.063000202178955,nan,nan,nan,nan,nan,nan
310.80073499679565,-0.38999998569488525,4.026000022888184,4.056000232696533,4.052999973297119,4.058000087738037,4.058000087738037,4.063000202178955,0.09999254943450207,0.0,0.0,0.09999254943450207,0.0,0.0
310.9810514450073,-0.41999998688697815,4.025000095367432,4.056000232696533,4.052999973297119,4.058000087738037,4.058000087738037,4.063000202178955,0.033330916033946834,0.0,0.0,0.0,0.0,0.0
311.14155173301697,-0.4000000059604645,4.025000095367432,4.056000232696533,4.052999973297119,4.057000160217285,4.058000087738037,4.063000202178955,0.0,0.0,0.0,0.04999642371790287,0.0,0.0
311.32167387008667,-0.38999998569488525,4.025000095367432,4.056000232696533,4.052000045776367,4.057000160217285,4.058000087738037,4.061999797821045,0.0,0.0,0.09999254943450207,0.0,0.0,0.10004023305368878
311.5002887248993,-0.4000000059604645,4.025000095367432,4.056000232696533,4.052000045776367,4.058000087738037,4.058000087738037,4.063000202178955,0.0,0.0,0.0,0.09999254943450207,0.0,0.10004023305368878
311.66139125823975,-0.4000000059604645,4.025000095367432,4.056000232696533,4.052999973297119,4.058000087738037,4.058000087738037,4.061999797821045,nan,nan,nan,nan,nan,nan
311.84028005599976,-0.4000000059604645,4.025000095367432,4.056000232696533,4.052999973297119,4.058000087738037,4.058000087738037,4.061999797821045,nan,nan,nan,nan,nan,nan
312.0013098716736,-0.4000000059604645,4.025000095367432,4.056000232696533,4.052999973297119,4.058000087738037,4.058000087738037,4.063000202178955,nan,nan,nan,nan,nan,nan
312.1803240776062,-0.4099999964237213,4.026000022888184,4.056000232696533,4.052999973297119,4.057000160217285,4.058000087738037,4.061999797821045,0.09999284743580573,0.0,0.0,0.09999284743580573,0.0,0.10004053119710082
312.3599097728729,-0.4000000059604645,4.025000095367432,4.056000232696533,4.052999973297119,4.058000087738037,4.058000087738037,4.063000202178955,0.09999284743580573,0.0,0.0,0.09999284743580573,0.0,0.10004053119710082
312.5200424194336,-0.4099999964237213,4.026000022888184,4.056000232696533,4.052000045776367,4.058000087738037,4.058000087738037,4.063000202178955,0.09999284743580573,0.0,0.09999284743580573,0.0,0.0,0.0
312.69996976852417,-0.4000000059604645,4.025000095367432,4.056000232696533,4.052999973297119,4.057000160217285,4.058000087738037,4.061999797821045,0.09999284743580573,0.0,0.09999284743580573,0.09999284743580573,0.0,0.10004053119710082
312.85973596572876,-0.4000000059604645,4.025000095367432,4.056000232696533,4.052999973297119,4.057000160217285,4.058000087738037,4.061999797821045,nan,nan,nan,nan,nan,nan
313.0411777496338,-0.4000000059604645,4.025000095367432,4.056000232696533,4.052000045776367,4.058000087738037,4.058000087738037,4.061999797821045,nan,nan,nan,nan,nan,nan
313.2204179763794,-0.4099999964237213,4.026000022888184,4.056000232696533,4.052999973297119,4.058000087738037,4.058000087738037,4.061999797821045,0.09999284743580573,0.0,0.09999284743580573,0.0,0.0,0.0
313.3808341026306,-0.4099999964237213,4.025000095367432,4.056000232696533,4.052000045776367,4.057000160217285,4.058000087738037,4.061999797821045,nan,nan,nan,nan,nan,nan
313.56053352355957,-0.4000000059604645,4.025000095367432,4.056000232696533,4.052999973297119,4.057000160217285,4.058000087738037,4.061999797821045,0.0,0.0,0.09999284743580573,0.0,0.0,0.0
313.7408630847931,-0.4000000059604645,4.025000095367432,4.056000232696533,4.052999973297119,4.057000160217285,4.058000087738037,4.061999797821045,nan,nan,nan,nan,nan,nan
313.90061354637146,-0.38999998569488525,4.026000022888184,4.056000232696533,4.052000045776367,4.057000160217285,4.058000087738037,4.063000202178955,0.09999254943450207,0.0,0.09999254943450207,0.0,0.0,0.10004023305368878
314.08099460601807,-0.4000000059604645,4.025000095367432,4.056000232696533,4.052999973297119,4.057000160217285,4.058000087738037,4.061999797821045,0.09999254943450207,0.0,0.09999254943450207,0.0,0.0,0.10004023305368878
314.24075174331665,-0.4000000059604645,4.025000095367432,4.056000232696533,4.052999973297119,4.057000160217285,4.058000087738037,4.063000202178955,nan,nan,nan,nan,nan,nan
314.4206635951996,-0.4099999964237213,4.025000095367432,4.056000232696533,4.052000045776367,4.058000087738037,4.058000087738037,4.061999797821045,0.0,0.0,0.09999284743580573,0.09999284743580573,0.0,0.10004053119710082
314.6010148525238,-0.4000000059604645,4.025000095367432,4.056000232696533,4.052999973297119,4.058000087738037,4.058000087738037,4.061999797821045,0.0,0.0,0.09999284743580573,0.0,0.0,0.0
314.76082730293274,-0.4000000059604645,4.025000095367432,4.056000232696533,4.052000045776367,4.057000160217285,4.058000087738037,4.061999797821045,nan,nan,nan,nan,nan,nan
314.94086360931396,-0.4099999964237213,4.025000095367432,4.056000232696533,4.052999973297119,4.057000160217285,4.058000087738037,4.061999797821045,0.0,0.0,0.09999284743580573,0.0,0.0,0.0
315.1003966331482,-0.4000000059604645,4.025000095367432,4.056000232696533,4.052999973297119,4.058000087738037,4.058000087738037,4.063000202178955,0.0,0.0,0.0,0.09999284743580573,0.0,0.10004053119710082
315.280531167984,-0.4000000059604645,4.025000095367432,4.056000232696533,4.052000045776367,4.058000087738037,4.058000087738037,4.061999797821045,nan,nan,nan,nan,nan,nan
315.46087670326233,-0.4099999964237213,4.025000095367432,4.056000232696533,4.052000045776367,4.057000160217285,4.058000087738037,4.061999797821045,0.0,0.0,0.0,0.09999284743580573,0.0,0.0
315.62015557289124,-0.4000000059604645,4.026000022888184,4.056000232696533,4.052999973297119,4.057000160217285,4.058000087738037,4.061999797821045,0.09999284743580573,0.0,0.09999284743580573,0.0,0.0,0.0
315.80047512054443,-0.4000000059604645,4.025000095367432,4.056000232696533,4.052999973297119,4.057000160217285,4.058000087738037,4.063000202178955,nan,nan,nan,nan,nan,nan
315.96044659614563,-0.38999998569488525,4.025000095367432,4.056000232696533,4.052999973297119,4.057000160217285,4.058000087738037,4.061999797821045,0.0,0.0,0.0,0.0,0.0,0.10004023305368878
316.14037346839905,-0.4099999964237213,4.025000095367432,4.056000232696533,4.052000045776367,4.057000160217285,4.058000087738037,4.063000202178955,0.0,0.0,0.04999634921746594,0.0,0.0,0.05002019106258633
316.32083201408386,-0.4000000059604645,4.025000095367432,4.056000232696533,4.052999973297119,4.057000160217285,4.058000087738037,4.063000202178955,0.0,0.0,0.09999284743580573,0.0,0.0,0.0
316.4802131652832,-0.38999998569488525,4.025000095367432,4.056000232696533,4.052999973297119,4.057000160217285,4.058000087738037,4.061999797821045,0.0,0.0,0.0,0.0,0.0,0.10004023305368878
316.66068625450134,-0.4000000059604645,4.025000095367432,4.056000232696533,4.052000045776367,4.057000160217285,4.058000087738037,4.061999797821045,0.0,0.0,0.09999254943450207,0.0,0.0,0.0
316.8398206233978,-0.4000000059604645,4.025000095367432,4.056000232696533,4.052000045776367,4.058000087738037,4.058000087738037,4.061999797821045,nan,nan,nan,nan,nan,nan
317.00038290023804,-0.4099999964237213,4.025000095367432,4.056000232696533,4.052000045776367,4.057000160217285,4.058000087738037,4.061999797821045,0.0,0.0,0.0,0.09999284743580573,0.0,0.0
317.18095111846924,-0.4000000059604645,4.025000095367432,4.056000232696533,4.052000045776367,4.058000087738037,4.058000087738037,4.063000202178955,0.0,0.0,0.0,0.09999284743580573,0.0,0.10004053119710082
317.3405933380127,-0.4000000059604645,4.025000095367432,4.056000232696533,4.052000045776367,4.057000160217285,4.058000087738037,4.061999797821045,nan,nan,nan,nan,nan,nan
317.52106857299805,-0.38999998569488525,4.025000095367432,4.056000232696533,4.052000045776367,4.057000160217285,4.058000087738037,4.061999797821045,0.0,0.0,0.0,0.0,0.0,0.0
317.7009847164154,-0.4099999964237213,4.025000095367432,4.056000232696533,4.052000045776367,4.057000160217285,4.058000087738037,4.061999797821045,0.0,0.0,0.0,0.0,0.0,0.0
317.86057925224304,-0.4000000059604645,4.025000095367432,4.056000232696533,4.052000045776367,4.058000087738037,4.058000087738037,4.061999797821045,0.0,0.0,0.0,0.09999284743580573,0.0,0.0
318.0397946834564,-0.4000000059604645,4.025000095367432,4.056000232696533,4.052000045776367,4.058000087738037,4.058000087738037,4.061999797821045,nan,nan,nan,nan,nan,nan
318.2215504646301,-0.4000000059604645,4.025000095367432,4.056000232696533,4.052000045776367,4.057000160217285,4.058000087738037,4.061999797821045,nan,nan,nan,nan,nan,nan
318.3820598125458,-0.4000000059604645,4.025000095367432,4.056000232696533,4.052000045776367,4.057000160217285,4.058000087738037,4.061999797821045,nan,nan,nan,nan,nan,nan
318.5614278316498,-0.4000000059604645,4.025000095367432,4.056000232696533,4.052000045776367,4.057000160217285,4.058000087738037,4.061999797821045,nan,nan,nan,nan,nan,nan
318.7216000556946,-0.4000000059604645,4.025000095367432,4.056000232696533,4.052000045776367,4.057000160217285,4.058000087738037,4.061999797821045,nan,nan,nan,nan,nan,nan
318.9028694629669,-0.4000000059604645,4.025000095367432,4.056000232696533,4.052000045776367,4.057000160217285,4.058000087738037,4.063000202178955,nan,nan,nan,nan,nan,nan
319.08148741722107,-0.4000000059604645,4.025000095367432,4.056000232696533,4.052000045776367,4.057000160217285,4.058000087738037,4.061999797821045,nan,nan,nan,nan,nan,nan
319.2426497936249,-0.4000000059604645,4.025000095367432,4.056000232696533,4.052999973297119,4.057000160217285,4.058000087738037,4.061999797821045,nan,nan,nan,nan,nan,nan
319.42382884025574,-0.4000000059604645,4.025000095367432,4.056000232696533,4.052000045776367,4.057000160217285,4.058000087738037,4.061999797821045,nan,nan,nan,nan,nan,nan
319.5816082954407,-0.4000000059604645,4.025000095367432,4.056000232696533,4.052000045776367,4.057000160217285,4.058000087738037,4.061999797821045,nan,nan,nan,nan,nan,nan
319.7632095813751,-0.4000000059604645,4.025000095367432,4.056000232696533,4.052000045776367,4.057000160217285,4.058000087738037,4.061999797821045,nan,nan,nan,nan,nan,nan
319.9430317878723,-0.3799999952316284,4.025000095367432,4.056000232696533,4.052000045776367,4.057000160217285,4.058000087738037,4.061999797821045,0.0,0.0,0.0,0.0,0.0,0.0
320.10264468193054,-0.4099999964237213,4.025000095367432,4.056000232696533,4.052000045776367,4.057000160217285,4.057000160217285,4.061999797821045,0.0,0.0,0.0,0.0,0.033330916033946834,0.0
320.2812922000885,-0.4099999964237213,4.025000095367432,4.056000232696533,4.052000045776367,4.058000087738037,4.058000087738037,4.063000202178955,nan,nan,nan,nan,nan,nan
320.44232392311096,-0.4000000059604645,4.025000095367432,4.056000232696533,4.052000045776367,4.057000160217285,4.058000087738037,4.061999797821045,0.0,0.0,0.0,0.09999284743580573,0.0,0.10004053119710082
320.62260341644287,-0.4099999964237213,4.025000095367432,4.056000232696533,4.052000045776367,4.057000160217285,4.058000087738037,4.061999797821045,0.0,0.0,0.0,0.0,0.0,0.0
320.8017020225525,-0.41999998688697815,4.025000095367432,4.056000232696533,4.052000045776367,4.057000160217285,4.058000087738037,4.061999797821045,0.0,0.0,0.0,0.0,0.0,0.0
320.96199202537537,-0.4000000059604645,4.025000095367432,4.056000232696533,4.052000045776367,4.057000160217285,4.058000087738037,4.061999797821045,0.0,0.0,0.0,0.0,0.0,0.0
321.1432363986969,-0.4000000059604645,4.025000095367432,4.056000232696533,4.052000045776367,4.057000160217285,4.058000087738037,4.061999797821045,nan,nan,nan,nan,nan,nan
321.3012092113495,-0.41999998688697815,4.025000095367432,4.056000232696533,4.052000045776367,4.057000160217285,4.058000087738037,4.061999797821045,0.0,0.0,0.0,0.0,0.0,0.0
321.48260140419006,-0.4000000059604645,4.025000095367432,4.056000232696533,4.052000045776367,4.057000160217285,4.058000087738037,4.061999797821045,0.0,0.0,0.0,0.0,0.0,0.0
321.66167426109314,-0.4099999964237213,4.025000095367432,4.056000232696533,4.052000045776367,4.057000160217285,4.058000087738037,4.061999797821045,0.0,0.0,0.0,0.0,0.0,0.0
321.82197165489197,-0.4000000059604645,4.025000095367432,4.056000232696533,4.052999973297119,4.057000160217285,4.058000087738037,4.061999797821045,0.0,0.0,0.09999284743580573,0.0,0.0,0.0
322.0009615421295,-0.4099999964237213,4.025000095367432,4.056000232696533,4.052000045776367,4.057000160217285,4.058000087738037,4.061999797821045,0.0,0.0,0.09999284743580573,0.0,0.0,0.0
322.18080472946167,-0.38999998569488525,4.025000095367432,4.056000232696533,4.052000045776367,4.057000160217285,4.058000087738037,4.061999797821045,0.0,0.0,0.0,0.0,0.0,0.0
322.3406083583832,-0.38999998569488525,4.025000095367432,4.056000232696533,4.052000045776367,4.058000087738037,4.058000087738037,4.061999797821045,nan,nan,nan,nan,nan,nan
322.52112865448,-0.4000000059604645,4.025000095367432,4.056000232696533,4.052000045776367,4.057000160217285,4.058000087738037,4.061999797821045,0.0,0.0,0.0,0.09999254943450207,0.0,0.0
322.68157052993774,-0.4399999976158142,4.025000095367432,4.056000232696533,4.052000045776367,4.057000160217285,4.058000087738037,4.061999797821045,0.0,0.0,0.0,0.0,0.0,0.0
322.8603847026825,-0.4000000059604645,4.025000095367432,4.056000232696533,4.052000045776367,4.057000160217285,4.058000087738037,4.061999797821045,0.0,0.0,0.0,0.0,0.0,0.0
323.04054522514343,-0.4099999964237213,4.025000095367432,4.056000232696533,4.052000045776367,4.057000160217285,4.058000087738037,4.061999797821045,0.0,0.0,0.0,0.0,0.0,0.0
323.20004320144653,-0.4099999964237213,4.025000095367432,4.056000232696533,4.052000045776367,4.057000160217285,4.058000087738037,4.061999797821045,nan,nan,nan,nan,nan,nan
323.3803551197052,-0.4000000059604645,4.025000095367432,4.056000232696533,4.052000045776367,4.057000160217285,4.058000087738037,4.061999797821045,0.0,0.0,0.0,0.0,0.0,0.0
323.54119300842285,-0.4099999964237213,4.025000095367432,4.056000232696533,4.052000045776367,4.057000160217285,4.058000087738037,4.061999797821045,0.0,0.0,0.0,0.0,0.0,0.0
323.7213819026947,-0.4099999964237213,4.025000095367432,4.056000232696533,4.052000045776367,4.057000160217285,4.058000087738037,4.061999797821045,nan,nan,nan,nan,nan,nan
323.900399684906,-0.4099999964237213,4.025000095367432,4.056000232696533,4.052000045776367,4.057000160217285,4.058000087738037,4.061999797821045,nan,nan,nan,nan,nan,nan
324.06114530563354,-0.4000000059604645,4.025000095367432,4.056000232696533,4.052000045776367,4.057000160217285,4.057000160217285,4.061999797821045,0.0,0.0,0.0,0.0,0.09999284743580573,0.0
324.24127769470215,-0.4000000059604645,4.025000095367432,4.056000232696533,4.052000045776367,4.057000160217285,4.058000087738037,4.061999797821045,nan,nan,nan,nan,nan,nan
324.4008033275604,-0.4000000059604645,4.025000095367432,4.056000232696533,4.052000045776367,4.057000160217285,4.058000087738037,4.061999797821045,nan,nan,nan,nan,nan,nan
324.5809123516083,-0.4000000059604645,4.025000095367432,4.056000232696533,4.052000045776367,4.057000160217285,4.058000087738037,4.061999797821045,nan,nan,nan,nan,nan,nan
324.76124024391174,-0.4000000059604645,4.025000095367432,4.054999828338623,4.052000045776367,4.057000160217285,4.058000087738037,4.061999797821045,nan,nan,nan,nan,nan,nan
324.92047691345215,-0.4000000059604645,4.025000095367432,4.056000232696533,4.052000045776367,4.057000160217285,4.058000087738037,4.061999797821045,nan,nan,nan,nan,nan,nan
325.1011381149292,-0.4099999964237213,4.025000095367432,4.056000232696533,4.052000045776367,4.057000160217285,4.058000087738037,4.061999797821045,0.0,0.0,0.0,0.0,0.0,0.0
325.2616956233978,-0.4000000059604645,4.025000095367432,4.056000232696533,4.052000045776367,4.057000160217285,4.058000087738037,4.061999797821045,0.0,0.0,0.0,0.0,0.0,0.0
325.44013595581055,-0.4000000059604645,4.025000095367432,4.056000232696533,4.052000045776367,4.057000160217285,4.058000087738037,4.061999797821045,nan,nan,nan,nan,nan,nan
325.620644569397,-0.4099999964237213,4.025000095367432,4.056000232696533,4.052000045776367,4.057000160217285,4.058000087738037,4.061999797821045,0.0,0.0,0.0,0.0,0.0,0.0
325.7817876338959,-0.4000000059604645,4.025000095367432,4.056000232696533,4.052000045776367,4.057000160217285,4.058000087738037,4.061999797821045,0.0,0.0,0.0,0.0,0.0,0.0
325.9602966308594,-0.4099999964237213,4.025000095367432,4.056000232696533,4.052000045776367,4.057000160217285,4.058000087738037,4.061999797821045,0.0,0.0,0.0,0.0,0.0,0.0
326.1410586833954,-0.4000000059604645,4.025000095367432,4.056000232696533,4.052000045776367,4.057000160217285,4.058000087738037,4.061999797821045,0.0,0.0,0.0,0.0,0.0,0.0
326.30146503448486,-0.4099999964237213,4.025000095367432,4.056000232696533,4.052000045776367,4.057000160217285,4.058000087738037,4.061999797821045,0.0,0.0,0.0,0.0,0.0,0.0
326.4801321029663,-0.4000000059604645,4.025000095367432,4.056000232696533,4.052000045776367,4.057000160217285,4.058000087738037,4.061999797821045,0.0,0.0,0.0,0.0,0.0,0.0
326.6395239830017,-0.4000000059604645,4.025000095367432,4.056000232696533,4.052000045776367,4.057000160217285,4.057000160217285,4.061999797821045,nan,nan,nan,nan,nan,nan
326.82019996643066,-0.38999998569488525,4.025000095367432,4.056000232696533,4.052000045776367,4.057000160217285,4.058000087738037,4.061999797821045,0.0,0.0,0.0,0.0,0.09999254943450207,0.0
327.00029397010803,-0.4099999964237213,4.025000095367432,4.056000232696533,4.052000045776367,4.057000160217285,4.058000087738037,4.061999797821045,0.0,0.0,0.0,0.0,0.0,0.0
327.15992307662964,-0.4099999964237213,4.025000095367432,4.056000232696533,4.052000045776367,4.057000160217285,4.058000087738037,4.061999797821045,nan,nan,nan,nan,nan,nan
327.34173011779785,-0.4000000059604645,4.025000095367432,4.054999828338623,4.052000045776367,4.057000160217285,4.058000087738037,4.061999797821045,0.0,0.10004053119710082,0.0,0.0,0.0,0.0
327.49986457824707,-0.4000000059604645,4.025000095367432,4.054999828338623,4.052000045776367,4.057000160217285,4.058000087738037,4.061999797821045,nan,nan,nan,nan,nan,nan
327.68012595176697,-0.4099999964237213,4.025000095367432,4.056000232696533,4.052000045776367,4.057000160217285,4.058000087738037,4.061999797821045,0.0,0.10004053119710082,0.0,0.0,0.0,0.0
327.8603265285492,-0.4000000059604645,4.025000095367432,4.054999828338623,4.052000045776367,4.057000160217285,4.058000087738037,4.061999797821045,0.0,0.10004053119710082,0.0,0.0,0.0,0.0
328.019912481308,-0.38999998569488525,4.025000095367432,4.056000232696533,4.052000045776367,4.057000160217285,4.058000087738037,4.061999797821045,0.0,0.10004023305368878,0.0,0.0,0.0,0.0
328.20010471343994,-0.4099999964237213,4.025000095367432,4.054999828338623,4.052000045776367,4.057000160217285,4.058000087738037,4.061999797821045,0.0,0.05002019106258633,0.0,0.0,0.0,0.0
328.3805687427521,-0.38999998569488525,4.025000095367432,4.056000232696533,4.052000045776367,4.057000160217285,4.058000087738037,4.061999797821045,0.0,0.05002019106258633,0.0,0.0,0.0,0.0
328.54024362564087,-0.4000000059604645,4.025000095367432,4.056000232696533,4.052000045776367,4.057000160217285,4.058000087738037,4.061999797821045,0.0,0.0,0.0,0.0,0.0,0.0
328.7201042175293,-0.4099999964237213,4.025000095367432,4.056000232696533,4.052000045776367,4.057000160217285,4.058000087738037,4.061999797821045,0.0,0.0,0.0,0.0,0.0,0.0
328.8812098503113,-0.4000000059604645,4.025000095367432,4.056000232696533,4.052000045776367,4.057000160217285,4.058000087738037,4.061999797821045,0.0,0.0,0.0,0.0,0.0,0.0
329.0599994659424,-0.38999998569488525,4.025000095367432,4.054999828338623,4.052000045776367,4.057000160217285,4.057000160217285,4.061999797821045,0.0,0.10004023305368878,0.0,0.0,0.09999254943450207,0.0
329.24025201797485,-0.4000000059604645,4.025000095367432,4.056000232696533,4.052000045776367,4.057000160217285,4.058000087738037,4.061999797821045,0.0,0.10004023305368878,0.0,0.0,0.09999254943450207,0.0
329.3996570110321,-0.41999998688697815,4.025000095367432,4.056000232696533,4.052000045776367,4.057000160217285,4.058000087738037,4.061999797821045,0.0,0.0,0.0,0.0,0.0,0.0
329.5803372859955,-0.4000000059604645,4.025000095367432,4.056000232696533,4.052000045776367,4.057000160217285,4.058000087738037,4.061999797821045,0.0,0.0,0.0,0.0,0.0,0.0
329.7406196594238,-0.4000000059604645,4.025000095367432,4.056000232696533,4.052000045776367,4.057000160217285,4.057000160217285,4.061999797821045,nan,nan,nan,nan,nan,nan
329.9193847179413,-0.4000000059604645,4.025000095367432,4.054999828338623,4.052000045776367,4.057000160217285,4.058000087738037,4.061999797821045,nan,nan,nan,nan,nan,nan
330.1000175476074,-0.4099999964237213,4.025000095367432,4.054999828338623,4.052000045776367,4.057000160217285,4.058000087738037,4.061999797821045,0.0,0.0,0.0,0.0,0.0,0.0
330.26076102256775,-0.4000000059604645,4.025000095367432,4.054999828338623,4.052000045776367,4.057000160217285,4.057000160217285,4.061999797821045,0.0,0.0,0.0,0.0,0.09999284743580573,0.0
330.44114804267883,-0.4000000059604645,4.025000095367432,4.054999828338623,4.052000045776367,4.057000160217285,4.057000160217285,4.061999797821045,nan,nan,nan,nan,nan,nan
330.602933883667,-0.4000000059604645,4.025000095367432,4.054999828338623,4.052000045776367,4.057000160217285,4.058000087738037,4.061999797821045,nan,nan,nan,nan,nan,nan
330.78150272369385,-0.4099999964237213,4.025000095367432,4.054999828338623,4.052000045776367,4.057000160217285,4.058000087738037,4.061999797821045,0.0,0.0,0.0,0.0,0.0,0.0
330.9620645046234,-0.41999998688697815,4.025000095367432,4.054999828338623,4.052000045776367,4.057000160217285,4.058000087738037,4.061999797821045,0.0,0.0,0.0,0.0,0.0,0.0
331.1211588382721,-0.4300000071525574,4.025000095367432,4.054999828338623,4.052000045776367,4.057000160217285,4.058000087738037,4.061999797821045,0.0,0.0,0.0,0.0,0.0,0.0
331.3004310131073,-0.4300000071525574,4.025000095367432,4.054999828338623,4.052000045776367,4.057000160217285,4.058000087738037,4.061999797821045,nan,nan,nan,nan,nan,nan
331.48157262802124,-0.4300000071525574,4.025000095367432,4.054999828338623,4.052000045776367,4.057000160217285,4.057000160217285,4.061999797821045,nan,nan,nan,nan,nan,nan
331.64243817329407,-0.4300000071525574,4.025000095367432,4.054999828338623,4.052000045776367,4.057000160217285,4.057000160217285,4.061999797821045,nan,nan,nan,nan,nan,nan
331.8197524547577,-0.4300000071525574,4.025000095367432,4.054999828338623,4.052000045776367,4.057000160217285,4.057000160217285,4.061999797821045,nan,nan,nan,nan,nan,nan
331.98048973083496,-0.4099999964237213,4.025000095367432,4.056000232696533,4.052000045776367,4.057000160217285,4.057000160217285,4.061999797821045,0.0,0.05002019106258633,0.0,0.0,0.0,0.0
332.1609139442444,-0.4300000071525574,4.025000095367432,4.054999828338623,4.052000045776367,4.057000160217285,4.058000087738037,4.061999797821045,0.0,0.05002019106258633,0.0,0.0,0.04999634921746594,0.0
332.33957958221436,-0.4099999964237213,4.025000095367432,4.054999828338623,4.052000045776367,4.057000160217285,4.057000160217285,4.061999797821045,0.0,0.0,0.0,0.0,0.04999634921746594,0.0
332.50049567222595,-0.41999998688697815,4.025000095367432,4.054999828338623,4.052000045776367,4.057000160217285,4.057000160217285,4.061999797821045,0.0,0.0,0.0,0.0,0.0,0.0
332.680006980896,-0.4300000071525574,4.02400016784668,4.054999828338623,4.052000045776367,4.057000160217285,4.057000160217285,4.061999797821045,0.09999254943450207,0.0,0.0,0.0,0.0,0.0
332.84052872657776,-0.4300000071525574,4.025000095367432,4.056000232696533,4.052000045776367,4.057000160217285,4.057000160217285,4.061999797821045,nan,nan,nan,nan,nan,nan
333.0208306312561,-0.41999998688697815,4.025000095367432,4.054999828338623,4.052000045776367,4.057000160217285,4.057000160217285,4.061999797821045,0.0,0.10004023305368878,0.0,0.0,0.0,0.0
333.1999521255493,-0.4300000071525574,4.025000095367432,4.054999828338623,4.052000045776367,4.057000160217285,4.057000160217285,4.061999797821045,0.0,0.0,0.0,0.0,0.0,0.0
333.3606290817261,-0.4300000071525574,4.025000095367432,4.054999828338623,4.052000045776367,4.057000160217285,4.057000160217285,4.061999797821045,nan,nan,nan,nan,nan,nan
333.54082441329956,-0.4300000071525574,4.025000095367432,4.054999828338623,4.052000045776367,4.057000160217285,4.057000160217285,4.061999797821045,nan,nan,nan,nan,nan,nan
333.72108578681946,-0.4300000071525574,4.025000095367432,4.054999828338623,4.052000045776367,4.057000160217285,4.057000160217285,4.061999797821045,nan,nan,nan,nan,nan,nan
333.88032245635986,-0.4300000071525574,4.025000095367432,4.054999828338623,4.052000045776367,4.057000160217285,4.057000160217285,4.061999797821045,nan,nan,nan,nan,nan,nan
334.060711145401,-0.4300000071525574,4.02400016784668,4.054999828338623,4.052000045776367,4.057000160217285,4.057000160217285,4.061999797821045,nan,nan,nan,nan,nan,nan
334.2219989299774,-0.4300000071525574,4.02400016784668,4.054999828338623,4.052000045776367,4.057000160217285,4.058000087738037,4.061999797821045,nan,nan,nan,nan,nan,nan
334.4003121852875,-0.41999998688697815,4.02400016784668,4.054999828338623,4.052000045776367,4.057000160217285,4.057000160217285,4.061999797821045,0.0,0.0,0.0,0.0,0.09999254943450207,0.0
334.58181834220886,-0.41999998688697815,4.025000095367432,4.054999828338623,4.052000045776367,4.057000160217285,4.057000160217285,4.061999797821045,nan,nan,nan,nan,nan,nan
334.7415940761566,-0.41999998688697815,4.025000095367432,4.056000232696533,4.052000045776367,4.057000160217285,4.057000160217285,4.061999797821045,nan,nan,nan,nan,nan,nan
334.9202229976654,-0.4099999964237213,4.025000095367432,4.054999828338623,4.052000045776367,4.057000160217285,4.057000160217285,4.061999797821045,0.0,0.10004053119710082,0.0,0.0,0.0,0.0
335.0797369480133,-0.4000000059604645,4.025000095367432,4.054999828338623,4.052000045776367,4.057000160217285,4.057000160217285,4.061999797821045,0.0,0.0,0.0,0.0,0.0,0.0
335.2603917121887,-0.4000000059604645,4.025000095367432,4.054999828338623,4.052000045776367,4.057000160217285,4.057000160217285,4.061999797821045,nan,nan,nan,nan,nan,nan
335.44040846824646,-0.4000000059604645,4.025000095367432,4.054999828338623,4.052000045776367,4.057000160217285,4.057000160217285,4.061999797821045,nan,nan,nan,nan,nan,nan
335.59998846054077,-0.4000000059604645,4.025000095367432,4.054999828338623,4.052000045776367,4.057000160217285,4.057000160217285,4.061999797821045,nan,nan,nan,nan,nan,nan
335.78012251853943,-0.4000000059604645,4.025000095367432,4.054999828338623,4.052000045776367,4.057000160217285,4.057000160217285,4.061999797821045,nan,nan,nan,nan,nan,nan
335.939749956131,-0.4099999964237213,4.025000095367432,4.054999828338623,4.052000045776367,4.057000160217285,4.058000087738037,4.061999797821045,0.0,0.0,0.0,0.0,0.09999284743580573,0.0
336.12000918388367,-0.38999998569488525,4.025000095367432,4.054999828338623,4.052000045776367,4.057000160217285,4.057000160217285,4.061999797821045,0.0,0.0,0.0,0.0,0.04999634921746594,0.0
336.3004536628723,-0.4000000059604645,4.025000095367432,4.054999828338623,4.052000045776367,4.057000160217285,4.057000160217285,4.061999797821045,0.0,0.0,0.0,0.0,0.0,0.0
336.45999002456665,-0.4000000059604645,4.025000095367432,4.054999828338623,4.052000045776367,4.057000160217285,4.057000160217285,4.061999797821045,nan,nan,nan,nan,nan,nan
336.6403081417084,-0.38999998569488525,4.025000095367432,4.054999828338623,4.052000045776367,4.057000160217285,4.057000160217285,4.061999797821045,0.0,0.0,0.0,0.0,0.0,0.0
336.8214342594147,-0.4000000059604645,4.025000095367432,4.054999828338623,4.052000045776367,4.057000160217285,4.057000160217285,4.061999797821045,0.0,0.0,0.0,0.0,0.0,0.0
336.98060727119446,-0.4000000059604645,4.025000095367432,4.054999828338623,4.052000045776367,4.057000160217285,4.057000160217285,4.061999797821045,nan,nan,nan,nan,nan,nan
337.1608200073242,-0.4000000059604645,4.025000095367432,4.054999828338623,4.052000045776367,4.057000160217285,4.057000160217285,4.061999797821045,nan,nan,nan,nan,nan,nan
337.3211033344269,-0.4000000059604645,4.02400016784668,4.054999828338623,4.052000045776367,4.057000160217285,4.057000160217285,4.061999797821045,nan,nan,nan,nan,nan,nan
337.50103640556335,-0.4000000059604645,4.02400016784668,4.054999828338623,4.052000045776367,4.057000160217285,4.057000160217285,4.061999797821045,nan,nan,nan,nan,nan,nan
337.68257761001587,-0.41999998688697815,4.025000095367432,4.054999828338623,4.052000045776367,4.057000160217285,4.058000087738037,4.061999797821045,0.04999642371790287,0.0,0.0,0.0,0.04999642371790287,0.0
337.8408455848694,-0.4000000059604645,4.025000095367432,4.054999828338623,4.052000045776367,4.057000160217285,4.057000160217285,4.061999797821045,0.0,0.0,0.0,0.0,0.04999642371790287,0.0
338.02142429351807,-0.38999998569488525,4.025000095367432,4.054999828338623,4.052000045776367,4.057000160217285,4.057000160217285,4.061999797821045,0.0,0.0,0.0,0.0,0.0,0.0
338.18032336235046,-0.38999998569488525,4.025000095367432,4.054999828338623,4.052000045776367,4.057000160217285,4.057000160217285,4.061999797821045,nan,nan,nan,nan,nan,nan
338.36190366744995,-0.4000000059604645,4.02400016784668,4.054999828338623,4.052000045776367,4.057000160217285,4.057000160217285,4.061999797821045,0.09999254943450207,0.0,0.0,0.0,0.0,0.0
338.54222536087036,-0.4099999964237213,4.02400016784668,4.054999828338623,4.052000045776367,4.057000160217285,4.057000160217285,4.061999797821045,0.0,0.0,0.0,0.0,0.0,0.0
338.70128321647644,-0.38999998569488525,4.025000095367432,4.054999828338623,4.052000045776367,4.057000160217285,4.057000160217285,4.061999797821045,0.04999634921746594,0.0,0.0,0.0,0.0,0.0
338.88005232810974,-0.4000000059604645,4.025000095367432,4.054999828338623,4.052000045776367,4.057000160217285,4.057000160217285,4.061999797821045,0.0,0.0,0.0,0.0,0.0,0.0
339.0409109592438,-0.4000000059604645,4.02400016784668,4.054999828338623,4.052000045776367,4.057000160217285,4.057000160217285,4.061999797821045,nan,nan,nan,nan,nan,nan
339.22040939331055,-0.4000000059604645,4.025000095367432,4.054999828338623,4.052000045776367,4.057000160217285,4.057000160217285,4.061999797821045,nan,nan,nan,nan,nan,nan
339.40165972709656,-0.38999998569488525,4.025000095367432,4.054999828338623,4.052000045776367,4.057000160217285,4.057000160217285,4.061999797821045,0.0,0.0,0.0,0.0,0.0,0.0
339.5599765777588,-0.4000000059604645,4.02400016784668,4.054999828338623,4.052000045776367,4.057000160217285,4.057000160217285,4.061999797821045,0.09999254943450207,0.0,0.0,0.0,0.0,0.0
339.74009108543396,-0.38999998569488525,4.025000095367432,4.054999828338623,4.052000045776367,4.057000160217285,4.057000160217285,4.061999797821045,0.09999254943450207,0.0,0.0,0.0,0.0,0.0
339.9204430580139,-0.4000000059604645,4.02400016784668,4.054999828338623,4.052000045776367,4.057000160217285,4.057000160217285,4.061999797821045,0.09999254943450207,0.0,0.0,0.0,0.0,0.0
340.0802094936371,-0.38999998569488525,4.025000095367432,4.054999828338623,4.052000045776367,4.057000160217285,4.057000160217285,4.061999797821045,0.09999254943450207,0.0,0.0,0.0,0.0,0.0
340.26067447662354,-0.4000000059604645,4.025000095367432,4.054999828338623,4.052000045776367,4.057000160217285,4.057000160217285,4.061999797821045,0.0,0.0,0.0,0.0,0.0,0.0
340.42151284217834,-0.38999998569488525,4.02400016784668,4.054999828338623,4.052000045776367,4.057000160217285,4.057000160217285,4.061999797821045,0.09999254943450207,0.0,0.0,0.0,0.0,0.0
340.6001272201538,-0.4000000059604645,4.02400016784668,4.054999828338623,4.052000045776367,4.057000160217285,4.057000160217285,4.061999797821045,0.0,0.0,0.0,0.0,0.0,0.0
340.7807500362396,-0.4000000059604645,4.02400016784668,4.054999828338623,4.052000045776367,4.057000160217285,4.057000160217285,4.061999797821045,nan,nan,nan,nan,nan,nan
340.9400532245636,-0.3799999952316284,4.025000095367432,4.054999828338623,4.052000045776367,4.057000160217285,4.057000160217285,4.061999797821045,0.04999634921746594,0.0,0.0,0.0,0.0,0.0
341.12168860435486,-0.4099999964237213,4.02400016784668,4.054999828338623,4.052000045776367,4.057000160217285,4.057000160217285,4.061999797821045,0.033330916033946834,0.0,0.0,0.0,0.0,0.0
341.27995920181274,-0.4000000059604645,4.02400016784668,4.054999828338623,4.052000045776367,4.057000160217285,4.057000160217285,4.061999797821045,0.0,0.0,0.0,0.0,0.0,0.0
341.46026968955994,-0.3799999952316284,4.025000095367432,4.054999828338623,4.052000045776367,4.057000160217285,4.057000160217285,4.061999797821045,0.04999634921746594,0.0,0.0,0.0,0.0,0.0
341.6404263973236,-0.4000000059604645,4.02400016784668,4.054999828338623,4.052000045776367,4.057000160217285,4.057000160217285,4.061999797821045,0.04999634921746594,0.0,0.0,0.0,0.0,0.0
341.80148100852966,-0.4000000059604645,4.02400016784668,4.054999828338623,4.052000045776367,4.057000160217285,4.057000160217285,4.061999797821045,nan,nan,nan,nan,nan,nan
341.980099439621,-0.4000000059604645,4.02400016784668,4.054999828338623,4.052000045776367,4.057000160217285,4.057000160217285,4.061999797821045,nan,nan,nan,nan,nan,nan
342.16038846969604,-0.4000000059604645,4.02400016784668,4.054999828338623,4.052000045776367,4.057000160217285,4.057000160217285,4.061999797821045,nan,nan,nan,nan,nan,nan
342.3203055858612,-0.4000000059604645,4.02400016784668,4.054999828338623,4.051000118255615,4.057000160217285,4.057000160217285,4.061999797821045,nan,nan,nan,nan,nan,nan
342.49990916252136,-0.3799999952316284,4.02400016784668,4.054999828338623,4.052000045776367,4.057000160217285,4.057000160217285,4.061999797821045,0.0,0.0,0.04999634921746594,0.0,0.0,0.0
342.6611201763153,-0.4000000059604645,4.02400016784668,4.054999828338623,4.052000045776367,4.057000160217285,4.057000160217285,4.061999797821045,0.0,0.0,0.0,0.0,0.0,0.0
342.8396542072296,-0.4000000059604645,4.02400016784668,4.054999828338623,4.051000118255615,4.057000160217285,4.057000160217285,4.061999797821045,nan,nan,nan,nan,nan,nan
343.0201451778412,-0.4000000059604645,4.02400016784668,4.054999828338623,4.052000045776367,4.057000160217285,4.057000160217285,4.061999797821045,nan,nan,nan,nan,nan,nan
343.1795847415924,-0.38999998569488525,4.02400016784668,4.054999828338623,4.052000045776367,4.057000160217285,4.057000160217285,4.061999797821045,0.0,0.0,0.0,0.0,0.0,0.0
343.3594629764557,-0.4000000059604645,4.02400016784668,4.054999828338623,4.052000045776367,4.057000160217285,4.057000160217285,4.061999797821045,0.0,0.0,0.0,0.0,0.0,0.0
343.5212080478668,-0.4000000059604645,4.02400016784668,4.054999828338623,4.052000045776367,4.057000160217285,4.057000160217285,4.061999797821045,nan,nan,nan,nan,nan,nan
343.700888633728,-0.4000000059604645,4.02400016784668,4.054999828338623,4.051000118255615,4.057000160217285,4.057000160217285,4.061999797821045,nan,nan,nan,nan,nan,nan
343.8808476924896,-0.4000000059604645,4.02400016784668,4.054999828338623,4.052000045776367,4.057000160217285,4.057000160217285,4.061999797821045,nan,nan,nan,nan,nan,nan
344.0405333042145,-0.4000000059604645,4.02400016784668,4.054999828338623,4.052000045776367,4.057000160217285,4.057000160217285,4.061999797821045,nan,nan,nan,nan,nan,nan
344.2220275402069,-0.4099999964237213,4.02400016784668,4.054999828338623,4.052000045776367,4.057000160217285,4.057000160217285,4.061999797821045,0.0,0.0,0.0,0.0,0.0,0.0
344.3813223838806,-0.38999998569488525,4.02400016784668,4.054999828338623,4.052000045776367,4.057000160217285,4.057000160217285,4.061999797821045,0.0,0.0,0.0,0.0,0.0,0.0
344.561537027359,-0.4300000071525574,4.02400016784668,4.054999828338623,4.052000045776367,4.057000160217285,4.057000160217285,4.061999797821045,0.0,0.0,0.0,0.0,0.0,0.0
344.74178647994995,-0.4099999964237213,4.02400016784668,4.054999828338623,4.052000045776367,4.057000160217285,4.057000160217285,4.061999797821045,0.0,0.0,0.0,0.0,0.0,0.0
344.90112829208374,-0.4000000059604645,4.02400016784668,4.054999828338623,4.051000118255615,4.057000160217285,4.057000160217285,4.061999797821045,0.0,0.0,0.09999284743580573,0.0,0.0,0.0
345.0800280570984,-0.4000000059604645,4.02400016784668,4.054999828338623,4.051000118255615,4.057000160217285,4.057000160217285,4.061999797821045,nan,nan,nan,nan,nan,nan
345.26046347618103,-0.4000000059604645,4.02400016784668,4.054999828338623,4.052000045776367,4.057000160217285,4.057000160217285,4.061999797821045,nan,nan,nan,nan,nan,nan
345.4208993911743,-0.4000000059604645,4.02400016784668,4.054999828338623,4.051000118255615,4.057000160217285,4.057000160217285,4.061999797821045,nan,nan,nan,nan,nan,nan
345.5999245643616,-0.38999998569488525,4.02400016784668,4.054999828338623,4.051000118255615,4.057000160217285,4.057000160217285,4.061999797821045,0.0,0.0,0.0,0.0,0.0,0.0
345.759726524353,-0.4000000059604645,4.025000095367432,4.054999828338623,4.052000045776367,4.057000160217285,4.057000160217285,4.061999797821045,0.09999254943450207,0.0,0.09999254943450207,0.0,0.0,0.0
345.93985986709595,-0.4000000059604645,4.02400016784668,4.054999828338623,4.052000045776367,4.057000160217285,4.057000160217285,4.061999797821045,nan,nan,nan,nan,nan,nan
346.1198265552521,-0.4000000059604645,4.02400016784668,4.054999828338623,4.052000045776367,4.057000160217285,4.057000160217285,4.061999797821045,nan,nan,nan,nan,nan,nan
346.27952003479004,-0.4000000059604645,4.02400016784668,4.054999828338623,4.051000118255615,4.057000160217285,4.057000160217285,4.061999797821045,nan,nan,nan,nan,nan,nan
346.4599404335022,-0.38999998569488525,4.02400016784668,4.054999828338623,4.051000118255615,4.057000160217285,4.057000160217285,4.061999797821045,0.0,0.0,0.0,0.0,0.0,0.0
346.62072491645813,-0.4000000059604645,4.02400016784668,4.054999828338623,4.051000118255615,4.057000160217285,4.057000160217285,4.061999797821045,0.0,0.0,0.0,0.0,0.0,0.0
346.8009498119354,-0.4099999964237213,4.02400016784668,4.054999828338623,4.052000045776367,4.057000160217285,4.057000160217285,4.061999797821045,0.0,0.0,0.09999284743580573,0.0,0.0,0.0
346.9800715446472,-0.4099999964237213,4.02400016784668,4.054999828338623,4.051000118255615,4.057000160217285,4.057000160217285,4.061999797821045,nan,nan,nan,nan,nan,nan
347.1420681476593,-0.41999998688697815,4.02400016784668,4.054999828338623,4.052000045776367,4.057000160217285,4.057000160217285,4.061999797821045,0.0,0.0,0.09999284743580573,0.0,0.0,0.0
347.3205168247223,-0.38999998569488525,4.02400016784668,4.054999828338623,4.051000118255615,4.057000160217285,4.057000160217285,4.061999797821045,0.0,0.0,0.033330916033946834,0.0,0.0,0.0
347.47990131378174,-0.4099999964237213,4.02400016784668,4.054999828338623,4.051000118255615,4.057000160217285,4.057000160217285,4.061999797821045,0.0,0.0,0.0,0.0,0.0,0.0
347.6616792678833,-0.4000000059604645,4.02400016784668,4.054999828338623,4.051000118255615,4.057000160217285,4.057000160217285,4.061999797821045,0.0,0.0,0.0,0.0,0.0,0.0
347.840469121933,-0.41999998688697815,4.02400016784668,4.054999828338623,4.051000118255615,4.057000160217285,4.057000160217285,4.061999797821045,0.0,0.0,0.0,0.0,0.0,0.0
348.0010943412781,-0.4000000059604645,4.02400016784668,4.054999828338623,4.052000045776367,4.057000160217285,4.057000160217285,4.061999797821045,0.0,0.0,0.04999642371790287,0.0,0.0,0.0
348.1801064014435,-0.4099999964237213,4.02400016784668,4.054999828338623,4.051000118255615,4.056000232696533,4.057000160217285,4.061999797821045,0.0,0.0,0.09999284743580573,0.09999284743580573,0.0,0.0
348.3616030216217,-0.38999998569488525,4.02400016784668,4.054999828338623,4.051000118255615,4.057000160217285,4.057000160217285,4.061999797821045,0.0,0.0,0.0,0.04999634921746594,0.0,0.0
348.52101469039917,-0.4000000059604645,4.02400016784668,4.054999828338623,4.051000118255615,4.057000160217285,4.057000160217285,4.061999797821045,0.0,0.0,0.0,0.0,0.0,0.0
348.6998236179352,-0.4000000059604645,4.02400016784668,4.054999828338623,4.051000118255615,4.057000160217285,4.057000160217285,4.061999797821045,nan,nan,nan,nan,nan,nan
348.86091780662537,-0.4000000059604645,4.02400016784668,4.054999828338623,4.051000118255615,4.057000160217285,4.057000160217285,4.061999797821045,nan,nan,nan,nan,nan,nan
349.04109239578247,-0.4099999964237213,4.02400016784668,4.054999828338623,4.051000118255615,4.057000160217285,4.057000160217285,4.061999797821045,0.0,0.0,0.0,0.0,0.0,0.0
349.219929933548,-0.4000000059604645,4.02400016784668,4.054999828338623,4.051000118255615,4.057000160217285,4.057000160217285,4.061999797821045,0.0,0.0,0.0,0.0,0.0,0.0
349.3799340724945,-0.4000000059604645,4.02400016784668,4.054999828338623,4.052000045776367,4.057000160217285,4.057000160217285,4.061999797821045,nan,nan,nan,nan,nan,nan
349.56019711494446,-0.4000000059604645,4.02400016784668,4.054999828338623,4.051000118255615,4.056000232696533,4.057000160217285,4.061999797821045,nan,nan,nan,nan,nan,nan
349.72002959251404,-0.4000000059604645,4.02400016784668,4.054999828338623,4.051000118255615,4.057000160217285,4.057000160217285,4.061999797821045,nan,nan,nan,nan,nan,nan
349.89989972114563,-0.4099999964237213,4.02400016784668,4.054999828338623,4.051000118255615,4.057000160217285,4.057000160217285,4.061999797821045,0.0,0.0,0.0,0.0,0.0,0.0
350.0802321434021,-0.4000000059604645,4.02400016784668,4.054999828338623,4.052000045776367,4.057000160217285,4.057000160217285,4.061999797821045,0.0,0.0,0.09999284743580573,0.0,0.0,0.0
350.23966932296753,-0.4000000059604645,4.02400016784668,4.054999828338623,4.051000118255615,4.057000160217285,4.057000160217285,4.061999797821045,nan,nan,nan,nan,nan,nan
350.4219584465027,-0.38999998569488525,4.02400016784668,4.054999828338623,4.051000118255615,4.056000232696533,4.057000160217285,4.061999797821045,0.0,0.0,0.0,0.09999254943450207,0.0,0.0
350.6031949520111,-0.4000000059604645,4.02400016784668,4.054999828338623,4.051000118255615,4.057000160217285,4.057000160217285,4.061999797821045,0.0,0.0,0.0,0.09999254943450207,0.0,0.0
350.7638187408447,-0.46000000834465027,4.02400016784668,4.054999828338623,4.051000118255615,4.056000232696533,4.057000160217285,4.061999797821045,0.0,0.0,0.0,0.016665458016973417,0.0,0.0
350.94246649742126,-2.390000104904175,4.011000156402588,4.041999816894531,4.038000106811523,4.044000148773193,4.044000148773193,4.047999858856201,0.006735756887922443,0.006735756887922443,0.006735756887922443,0.006217659752831904,0.006735756887922443,0.007253854023012982
351.10316276550293,-1.2599999904632568,4.021999835968018,4.052999973297119,4.050000190734863,4.053999900817871,4.056000232696533,4.059999942779541,0.009734228718084617,0.009734650697827902,0.010619542219495296,0.008849337196417223,0.010619542219495296,0.010619542219495296
351.2801899909973,-1.2899999618530273,4.021999835968018,4.052999973297119,4.048999786376953,4.053999900817871,4.054999828338623,4.059999942779541,0.0,0.0,0.033346843732366946,0.0,0.033346843732366946,0.0
351.461971282959,-1.1399999856948853,4.021999835968018,4.052000045776367,4.048999786376953,4.053999900817871,4.054999828338623,4.059999942779541,0.0,0.006666184531241183,0.0,0.0,0.0,0.0
351.62104845046997,-1.2899999618530273,4.021999835968018,4.052999973297119,4.048999786376953,4.053999900817871,4.053999900817871,4.059000015258789,0.0,0.006666184531241183,0.0,0.0,0.006666184531241183,0.006666184531241183
351.80117535591125,-1.2699999809265137,4.021999835968018,4.052000045776367,4.048999786376953,4.053999900817871,4.054999828338623,4.059000015258789,0.0,0.04999642371790287,0.0,0.0,0.04999642371790287,0.0
351.96227407455444,-1.3300000429153442,4.021999835968018,4.052000045776367,4.048999786376953,4.053999900817871,4.054999828338623,4.059000015258789,0.0,0.0,0.0,0.0,0.0,0.0
352.14211654663086,-0.9300000071525574,4.020999908447266,4.052999973297119,4.048999786376953,4.053999900817871,4.054999828338623,4.059000015258789,0.0024998185783786852,0.0024998185783786852,0.0,0.0,0.0,0.0
352.3221638202667,-1.1799999475479126,4.021999835968018,4.052000045776367,4.048999786376953,4.053999900817871,4.054999828338623,4.059000015258789,0.0039997110366132346,0.0039997110366132346,0.0,0.0,0.0,0.0
352.483704328537,-1.0700000524520874,4.021999835968018,4.052000045776367,4.048999786376953,4.053999900817871,4.054999828338623,4.059000015258789,0.0,0.0,0.0,0.0,0.0,0.0
352.6622266769409,-1.0199999809265137,4.021999835968018,4.052000045776367,4.048999786376953,4.053999900817871,4.054999828338623,4.059000015258789,0.0,0.0,0.0,0.0,0.0,0.0
352.8230791091919,-0.4000000059604645,4.0229997634887695,4.053999900817871,4.048999786376953,4.053999900817871,4.056000232696533,4.060999870300293,0.0016127863889134973,0.0032255727778269946,0.0,0.0,0.0016135554811352014,0.0032255727778269946
353.0013954639435,-0.4000000059604645,4.0229997634887695,4.053999900817871,4.051000118255615,4.056000232696533,4.056000232696533,4.060999870300293,nan,nan,nan,nan,nan,nan
353.18007826805115,-0.4000000059604645,4.0229997634887695,4.053999900817871,4.051000118255615,4.056000232696533,4.056000232696533,4.060999870300293,nan,nan,nan,nan,nan,nan
353.3396728038788,-0.4000000059604645,4.0229997634887695,4.053999900817871,4.051000118255615,4.056000232696533,4.056000232696533,4.060999870300293,nan,nan,nan,nan,nan,nan
353.5201153755188,-0.4000000059604645,4.0229997634887695,4.053999900817871,4.051000118255615,4.056000232696533,4.056000232696533,4.060999870300293,nan,nan,nan,nan,nan,nan
353.67943263053894,-0.4000000059604645,4.02400016784668,4.053999900817871,4.051000118255615,4.056000232696533,4.056000232696533,4.060999870300293,nan,nan,nan,nan,nan,nan
353.8602077960968,-0.38999998569488525,4.02400016784668,4.053999900817871,4.051000118255615,4.056000232696533,4.056000232696533,4.060999870300293,0.0,0.0,0.0,0.0,0.0,0.0
354.0406906604767,-0.41999998688697815,4.02400016784668,4.053999900817871,4.051000118255615,4.056000232696533,4.056000232696533,4.060999870300293,0.0,0.0,0.0,0.0,0.0,0.0
354.19972133636475,-0.4099999964237213,4.0229997634887695,4.053999900817871,4.051000118255615,4.056000232696533,4.056000232696533,4.060999870300293,0.10004053119710082,0.0,0.0,0.0,0.0,0.0
354.38051533699036,-0.4000000059604645,4.02400016784668,4.053999900817871,4.051000118255615,4.056000232696533,4.056000232696533,4.060999870300293,0.10004053119710082,0.0,0.0,0.0,0.0,0.0
354.560341835022,-0.4000000059604645,4.02400016784668,4.053999900817871,4.051000118255615,4.056000232696533,4.056000232696533,4.060999870300293,nan,nan,nan,nan,nan,nan
354.72135496139526,-0.4000000059604645,4.02400016784668,4.053999900817871,4.051000118255615,4.056000232696533,4.056000232696533,4.060999870300293,nan,nan,nan,nan,nan,nan
354.90147638320923,-0.4000000059604645,4.02400016784668,4.053999900817871,4.051000118255615,4.056000232696533,4.056000232696533,4.060999870300293,nan,nan,nan,nan,nan,nan
355.0611197948456,-0.4000000059604645,4.02400016784668,4.053999900817871,4.051000118255615,4.056000232696533,4.056000232696533,4.060999870300293,nan,nan,nan,nan,nan,nan
355.2399101257324,-0.4000000059604645,4.0229997634887695,4.053999900817871,4.051000118255615,4.056000232696533,4.057000160217285,4.060999870300293,nan,nan,nan,nan,nan,nan
355.41995072364807,-0.38999998569488525,4.02400016784668,4.053999900817871,4.051000118255615,4.056000232696533,4.056000232696533,4.060999870300293,0.10004023305368878,0.0,0.0,0.0,0.09999254943450207,0.0
355.5798006057739,-0.4000000059604645,4.02400016784668,4.053999900817871,4.051000118255615,4.056000232696533,4.057000160217285,4.060999870300293,0.0,0.0,0.0,0.0,0.09999254943450207,0.0
355.76043796539307,-0.4000000059604645,4.0229997634887695,4.053999900817871,4.051000118255615,4.056000232696533,4.056000232696533,4.060999870300293,nan,nan,nan,nan,nan,nan
355.92112946510315,-0.4000000059604645,4.02400016784668,4.053999900817871,4.051000118255615,4.056000232696533,4.057000160217285,4.060999870300293,nan,nan,nan,nan,nan,nan
356.1014349460602,-0.4000000059604645,4.0229997634887695,4.053999900817871,4.051000118255615,4.056000232696533,4.056000232696533,4.060999870300293,nan,nan,nan,nan,nan,nan
356.27983260154724,-0.4000000059604645,4.02400016784668,4.053999900817871,4.051000118255615,4.056000232696533,4.056000232696533,4.060999870300293,nan,nan,nan,nan,nan,nan
356.439786195755,-0.4000000059604645,4.0229997634887695,4.053999900817871,4.051000118255615,4.056000232696533,4.057000160217285,4.060999870300293,nan,nan,nan,nan,nan,nan
356.6200416088104,-0.4000000059604645,4.02400016784668,4.053999900817871,4.051000118255615,4.056000232696533,4.057000160217285,4.060999870300293,nan,nan,nan,nan,nan,nan
356.8006737232208,-0.4099999964237213,4.0229997634887695,4.053999900817871,4.051000118255615,4.056000232696533,4.057000160217285,4.060999870300293,0.10004053119710082,0.0,0.0,0.0,0.0,0.0
356.96001744270325,-0.38999998569488525,4.02400016784668,4.053999900817871,4.051000118255615,4.056000232696533,4.056000232696533,4.060999870300293,0.05002019106258633,0.0,0.0,0.0,0.04999634921746594,0.0
357.1405117511749,-0.4099999964237213,4.02400016784668,4.053999900817871,4.051000118255615,4.056000232696533,4.057000160217285,4.060999870300293,0.0,0.0,0.0,0.0,0.04999634921746594,0.0
357.2995648384094,-0.38999998569488525,4.02400016784668,4.053999900817871,4.051000118255615,4.056000232696533,4.057000160217285,4.060999870300293,0.0,0.0,0.0,0.0,0.0,0.0
357.47996640205383,-0.4099999964237213,4.02400016784668,4.053999900817871,4.051000118255615,4.056000232696533,4.057000160217285,4.060999870300293,0.0,0.0,0.0,0.0,0.0,0.0
357.6604645252228,-0.4099999964237213,4.02400016784668,4.054999828338623,4.051000118255615,4.056000232696533,4.057000160217285,4.060999870300293,nan,nan,nan,nan,nan,nan
357.81987619400024,-0.4099999964237213,4.02400016784668,4.054999828338623,4.051000118255615,4.056000232696533,4.056000232696533,4.060999870300293,nan,nan,nan,nan,nan,nan
358.0001811981201,-0.4000000059604645,4.02400016784668,4.054999828338623,4.051000118255615,4.056000232696533,4.057000160217285,4.060999870300293,0.0,0.0,0.0,0.0,0.09999284743580573,0.0
358.16111969947815,-0.4099999964237213,4.0229997634887695,4.053999900817871,4.051000118255615,4.056000232696533,4.057000160217285,4.060999870300293,0.10004053119710082,0.09999284743580573,0.0,0.0,0.0,0.0
358.33986043930054,-0.41999998688697815,4.02400016784668,4.053999900817871,4.051000118255615,4.056000232696533,4.057000160217285,4.060999870300293,0.10004053119710082,0.0,0.0,0.0,0.0,0.0
358.52078461647034,-0.4099999964237213,4.02400016784668,4.053999900817871,4.051000118255615,4.056000232696533,4.057000160217285,4.060999870300293,0.0,0.0,0.0,0.0,0.0,0.0
358.6812722682953,-0.4000000059604645,4.02400016784668,4.053999900817871,4.051000118255615,4.056000232696533,4.057000160217285,4.061999797821045,0.0,0.0,0.0,0.0,0.0,0.09999284743580573
358.8617935180664,-0.4000000059604645,4.02400016784668,4.053999900817871,4.051000118255615,4.056000232696533,4.057000160217285,4.060999870300293,nan,nan,nan,nan,nan,nan
359.0425066947937,-0.4099999964237213,4.02400016784668,4.053999900817871,4.051000118255615,4.056000232696533,4.057000160217285,4.060999870300293,0.0,0.0,0.0,0.0,0.0,0.0
359.2025570869446,-0.4000000059604645,4.0229997634887695,4.053999900817871,4.051000118255615,4.056000232696533,4.057000160217285,4.060999870300293,0.10004053119710082,0.0,0.0,0.0,0.0,0.0
359.38076519966125,-0.41999998688697815,4.0229997634887695,4.053999900817871,4.051000118255615,4.056000232696533,4.056000232696533,4.060999870300293,0.0,0.0,0.0,0.0,0.04999642371790287,0.0
359.54161953926086,-0.4000000059604645,4.02400016784668,4.053999900817871,4.051000118255615,4.056000232696533,4.057000160217285,4.060999870300293,0.05002026559855041,0.0,0.0,0.0,0.04999642371790287,0.0
359.72081446647644,-0.4099999964237213,4.02400016784668,4.053999900817871,4.051000118255615,4.056000232696533,4.057000160217285,4.060999870300293,0.0,0.0,0.0,0.0,0.0,0.0
359.90103363990784,-0.4099999964237213,4.02400016784668,4.053999900817871,4.051000118255615,4.056000232696533,4.057000160217285,4.060999870300293,nan,nan,nan,nan,nan,nan
360.06015181541443,-0.4000000059604645,4.02400016784668,4.053999900817871,4.051000118255615,4.056000232696533,4.056000232696533,4.060999870300293,0.0,0.0,0.0,0.0,0.09999284743580573,0.0
360.2406129837036,-0.4000000059604645,4.02400016784668,4.053999900817871,4.051000118255615,4.056000232696533,4.057000160217285,4.060999870300293,nan,nan,nan,nan,nan,nan
360.4002676010132,-0.4000000059604645,4.02400016784668,4.053999900817871,4.051000118255615,4.056000232696533,4.056000232696533,4.061999797821045,nan,nan,nan,nan,nan,nan
360.5805187225342,-0.4000000059604645,4.02400016784668,4.053999900817871,4.051000118255615,4.056000232696533,4.057000160217285,4.060999870300293,nan,nan,nan,nan,nan,nan
360.7621431350708,-0.4000000059604645,4.0229997634887695,4.053999900817871,4.051000118255615,4.056000232696533,4.057000160217285,4.060999870300293,nan,nan,nan,nan,nan,nan
360.9216799736023,-0.4000000059604645,4.02400016784668,4.053999900817871,4.051000118255615,4.056000232696533,4.056000232696533,4.060999870300293,nan,nan,nan,nan,nan,nan
361.10136222839355,-0.4000000059604645,4.02400016784668,4.053999900817871,4.051000118255615,4.056000232696533,4.057000160217285,4.061999797821045,nan,nan,nan,nan,nan,nan
361.2605423927307,-0.4000000059604645,4.0229997634887695,4.053999900817871,4.051000118255615,4.056000232696533,4.056000232696533,4.060999870300293,nan,nan,nan,nan,nan,nan
361.44082832336426,-0.4000000059604645,4.02400016784668,4.053999900817871,4.051000118255615,4.056000232696533,4.057000160217285,4.060999870300293,nan,nan,nan,nan,nan,nan
361.6196060180664,-0.4099999964237213,4.02400016784668,4.053999900817871,4.051000118255615,4.056000232696533,4.057000160217285,4.060999870300293,0.0,0.0,0.0,0.0,0.0,0.0
361.78101420402527,-0.4099999964237213,4.02400016784668,4.053999900817871,4.051000118255615,4.056000232696533,4.057000160217285,4.060999870300293,nan,nan,nan,nan,nan,nan
361.9610176086426,-0.41999998688697815,4.0229997634887695,4.053999900817871,4.051000118255615,4.056000232696533,4.056000232696533,4.060999870300293,0.10004053119710082,0.0,0.0,0.0,0.09999284743580573,0.0
362.1425631046295,-0.4000000059604645,4.0229997634887695,4.053999900817871,4.051000118255615,4.056000232696533,4.057000160217285,4.060999870300293,0.0,0.0,0.0,0.0,0.04999642371790287,0.0
362.3032274246216,-0.4000000059604645,4.02400016784668,4.053999900817871,4.051000118255615,4.056000232696533,4.056000232696533,4.060999870300293,nan,nan,nan,nan,nan,nan
362.48072695732117,-0.4000000059604645,4.0229997634887695,4.053999900817871,4.051000118255615,4.056000232696533,4.056000232696533,4.060999870300293,nan,nan,nan,nan,nan,nan
362.6412343978882,-0.4099999964237213,4.0229997634887695,4.053999900817871,4.051000118255615,4.056000232696533,4.057000160217285,4.060999870300293,0.0,0.0,0.0,0.0,0.09999284743580573,0.0
362.8211190700531,-0.4000000059604645,4.02400016784668,4.053999900817871,4.051000118255615,4.056000232696533,4.057000160217285,4.060999870300293,0.10004053119710082,0.0,0.0,0.0,0.0,0.0
363.00188517570496,-2.430000066757202,4.01800012588501,4.048999786376953,4.046000003814697,4.051000118255615,4.052000045776367,4.056000232696533,0.0029556856068836844,0.0024631104882605354,0.0024631104882605354,0.0024631104882605354,0.0024631104882605354,0.002462875593115746
363.16091442108154,-0.9200000166893005,4.0229997634887695,4.053999900817871,4.050000190734863,4.056000232696533,4.056000232696533,4.060999870300293,0.003311018170850353,0.0033113339570373683,0.0026491303228672975,0.0033113339570373683,0.0026491303228672975,0.003311018170850353
363.34105944633484,-0.9599999785423279,4.021999835968018,4.052000045776367,4.048999786376953,4.052999973297119,4.053999900817871,4.059000015258789,0.024998211858951434,0.04999642371790287,0.025010132799275206,0.07500655651717808,0.05000834465822664,0.04999642371790287
363.5007224082947,-1.100000023841858,4.020999908447266,4.052999973297119,4.047999858856201,4.053999900817871,4.054999828338623,4.059000015258789,0.007142337122910273,0.007142337122910273,0.007142337122910273,0.007142337122910273,0.007142337122910273,0.0
363.6809575557709,-1.1399999856948853,4.021999835968018,4.052000045776367,4.048999786376953,4.052999973297119,4.053999900817871,4.059000015258789,0.024998211858951434,0.024998211858951434,0.024998211858951434,0.024998211858951434,0.024998211858951434,0.0
363.85986042022705,-0.8899999856948853,4.020999908447266,4.052000045776367,4.047999858856201,4.053999900817871,4.053999900817871,4.059000015258789,0.0039997100830078125,0.0,0.0039997100830078125,0.0039997100830078125,0.0,0.0
364.02089643478394,-0.9100000262260437,4.020999908447266,4.052000045776367,4.047999858856201,4.053999900817871,4.054999828338623,4.059000015258789,0.0,0.0,0.0,0.0,0.04999627471725104,0.0
364.199755191803,-1.059999942779541,4.020999908447266,4.052000045776367,4.047999858856201,4.053999900817871,4.053999900817871,4.058000087738037,0.0,0.0,0.0,0.0,0.006666187180146397,0.006666187180146397
364.3608248233795,-1.0099999904632568,4.020999908447266,4.052000045776367,4.047999858856201,4.052999973297119,4.053999900817871,4.058000087738037,0.0,0.0,0.0,0.01999856948716115,0.0,0.0
364.54094195365906,-0.9800000190734863,4.020999908447266,4.051000118255615,4.048999786376953,4.053999900817871,4.053999900817871,4.058000087738037,0.0,0.03333094914526858,0.03333094914526858,0.03333094914526858,0.0,0.0
364.7204637527466,-1.2000000476837158,4.020999908447266,4.052000045776367,4.047999858856201,4.053999900817871,4.052999973297119,4.059000015258789,0.0,0.004545124503249536,0.004545124503249536,0.0,0.004545124503249536,0.004545124503249536
364.8796772956848,-0.9200000166893005,4.020999908447266,4.051000118255615,4.047999858856201,4.052999973297119,4.053999900817871,4.058000087738037,0.0,0.003571169321663029,0.0,0.003571169321663029,0.003571169321663029,0.003571169321663029
365.05993151664734,-0.38999998569488525,4.0229997634887695,4.053999900817871,4.050000190734863,4.054999828338623,4.056000232696533,4.060999870300293,0.0037733111784006277,0.005659966767600941,0.0037742108710993403,0.0037733111784006277,0.0037742108710993403,0.005659966767600941
365.23996329307556,-0.4099999964237213,4.0229997634887695,4.053999900817871,4.050000190734863,4.054999828338623,4.056000232696533,4.059999942779541,0.0,0.0,0.0,0.0,0.0,0.04999634921746594
365.39961791038513,-0.38999998569488525,4.0229997634887695,4.053999900817871,4.050000190734863,4.054999828338623,4.056000232696533,4.059999942779541,0.0,0.0,0.0,0.0,0.0,0.0
365.5799741744995,-0.41999998688697815,4.0229997634887695,4.052999973297119,4.050000190734863,4.054999828338623,4.056000232696533,4.060999870300293,0.0,0.033330916033946834,0.0,0.0,0.0,0.033330916033946834
365.7408957481384,-0.38999998569488525,4.0229997634887695,4.053999900817871,4.050000190734863,4.054999828338623,4.056000232696533,4.060999870300293,0.0,0.033330916033946834,0.0,0.0,0.0,0.0
365.9197795391083,-0.41999998688697815,4.0229997634887695,4.053999900817871,4.050000190734863,4.054999828338623,4.056000232696533,4.060999870300293,0.0,0.0,0.0,0.0,0.0,0.0
366.10044598579407,-0.4000000059604645,4.0229997634887695,4.053999900817871,4.050000190734863,4.056000232696533,4.056000232696533,4.060999870300293,0.0,0.0,0.0,0.05002026559855041,0.0,0.0
366.2597053050995,-0.4000000059604645,4.0229997634887695,4.053999900817871,4.050000190734863,4.056000232696533,4.056000232696533,4.060999870300293,nan,nan,nan,nan,nan,nan
366.441269159317,-0.4000000059604645,4.0229997634887695,4.053999900817871,4.050000190734863,4.054999828338623,4.056000232696533,4.060999870300293,nan,nan,nan,nan,nan,nan
366.6005780696869,-0.4099999964237213,4.0229997634887695,4.053999900817871,4.050000190734863,4.054999828338623,4.056000232696533,4.060999870300293,0.0,0.0,0.0,0.0,0.0,0.0
366.7810046672821,-0.4000000059604645,4.0229997634887695,4.053999900817871,4.050000190734863,4.056000232696533,4.056000232696533,4.060999870300293,0.0,0.0,0.0,0.10004053119710082,0.0,0.0
366.96108841896057,-0.4099999964237213,4.0229997634887695,4.053999900817871,4.050000190734863,4.054999828338623,4.056000232696533,4.060999870300293,0.0,0.0,0.0,0.10004053119710082,0.0,0.0
367.12102127075195,-0.4000000059604645,4.0229997634887695,4.053999900817871,4.050000190734863,4.056000232696533,4.056000232696533,4.060999870300293,0.0,0.0,0.0,0.10004053119710082,0.0,0.0
367.3007974624634,-0.4000000059604645,4.0229997634887695,4.053999900817871,4.050000190734863,4.056000232696533,4.056000232696533,4.060999870300293,nan,nan,nan,nan,nan,nan
367.4604814052582,-0.4099999964237213,4.0229997634887695,4.053999900817871,4.050000190734863,4.054999828338623,4.056000232696533,4.060999870300293,0.0,0.0,0.0,0.10004053119710082,0.0,0.0
367.64061665534973,-0.38999998569488525,4.0229997634887695,4.053999900817871,4.050000190734863,4.054999828338623,4.056000232696533,4.060999870300293,0.0,0.0,0.0,0.0,0.0,0.0
367.82109689712524,-0.4000000059604645,4.0229997634887695,4.053999900817871,4.050000190734863,4.056000232696533,4.056000232696533,4.060999870300293,0.0,0.0,0.0,0.10004023305368878,0.0,0.0
367.9815890789032,-0.4000000059604645,4.0229997634887695,4.053999900817871,4.050000190734863,4.056000232696533,4.056000232696533,4.060999870300293,nan,nan,nan,nan,nan,nan
368.1619942188263,-0.38999998569488525,4.0229997634887695,4.053999900817871,4.050000190734863,4.056000232696533,4.056000232696533,4.060999870300293,0.0,0.0,0.0,0.0,0.0,0.0
368.34089493751526,-0.38999998569488525,4.0229997634887695,4.053999900817871,4.050000190734863,4.056000232696533,4.056000232696533,4.060999870300293,nan,nan,nan,nan,nan,nan
368.50136041641235,-0.4099999964237213,4.0229997634887695,4.053999900817871,4.050000190734863,4.056000232696533,4.056000232696533,4.060999870300293,0.0,0.0,0.0,0.0,0.0,0.0
368.68176913261414,-0.38999998569488525,4.0229997634887695,4.053999900817871,4.050000190734863,4.056000232696533,4.056000232696533,4.060999870300293,0.0,0.0,0.0,0.0,0.0,0.0
368.83972454071045,-0.4000000059604645,4.0229997634887695,4.053999900817871,4.050000190734863,4.056000232696533,4.056000232696533,4.060999870300293,0.0,0.0,0.0,0.0,0.0,0.0
369.0202431678772,-0.4000000059604645,4.0229997634887695,4.053999900817871,4.050000190734863,4.056000232696533,4.056000232696533,4.060999870300293,nan,nan,nan,nan,nan,nan
369.2004895210266,-0.4000000059604645,4.0229997634887695,4.053999900817871,4.050000190734863,4.056000232696533,4.056000232696533,4.060999870300293,nan,nan,nan,nan,nan,nan
369.35989117622375,-0.4000000059604645,4.0229997634887695,4.053999900817871,4.050000190734863,4.054999828338623,4.056000232696533,4.060999870300293,nan,nan,nan,nan,nan,nan
369.5403034687042,-0.4000000059604645,4.0229997634887695,4.053999900817871,4.050000190734863,4.056000232696533,4.056000232696533,4.060999870300293,nan,nan,nan,nan,nan,nan
369.70095801353455,-0.4000000059604645,4.0229997634887695,4.053999900817871,4.050000190734863,4.056000232696533,4.056000232696533,4.060999870300293,nan,nan,nan,nan,nan,nan
369.87987065315247,-0.4000000059604645,4.0229997634887695,4.053999900817871,4.050000190734863,4.056000232696533,4.056000232696533,4.060999870300293,nan,nan,nan,nan,nan,nan
370.06130504608154,-0.4099999964237213,4.0229997634887695,4.053999900817871,4.050000190734863,4.054999828338623,4.056000232696533,4.060999870300293,0.0,0.0,0.0,0.10004053119710082,0.0,0.0
370.2203583717346,-0.4000000059604645,4.0229997634887695,4.053999900817871,4.050000190734863,4.056000232696533,4.056000232696533,4.060999870300293,0.0,0.0,0.0,0.10004053119710082,0.0,0.0
370.4009189605713,-0.4000000059604645,4.0229997634887695,4.053999900817871,4.050000190734863,4.056000232696533,4.056000232696533,4.060999870300293,nan,nan,nan,nan,nan,nan
370.56158900260925,-0.4099999964237213,4.0229997634887695,4.053999900817871,4.050000190734863,4.056000232696533,4.056000232696533,4.060999870300293,0.0,0.0,0.0,0.0,0.0,0.0
370.74070405960083,-0.4000000059604645,4.0229997634887695,4.053999900817871,4.050000190734863,4.056000232696533,4.056000232696533,4.060999870300293,0.0,0.0,0.0,0.0,0.0,0.0
370.9211392402649,-0.4000000059604645,4.0229997634887695,4.053999900817871,4.050000190734863,4.056000232696533,4.056000232696533,4.060999870300293,nan,nan,nan,nan,nan,nan
371.0806074142456,-0.4000000059604645,4.0229997634887695,4.053999900817871,4.050000190734863,4.056000232696533,4.056000232696533,4.060999870300293,nan,nan,nan,nan,nan,nan
371.2608540058136,-0.4000000059604645,4.0229997634887695,4.053999900817871,4.050000190734863,4.056000232696533,4.056000232696533,4.060999870300293,nan,nan,nan,nan,nan,nan
371.4409101009369,-0.38999998569488525,4.0229997634887695,4.053999900817871,4.050000190734863,4.056000232696533,4.056000232696533,4.060999870300293,0.0,0.0,0.0,0.0,0.0,0.0
371.60065484046936,-1.5099999904632568,4.0229997634887695,4.053999900817871,4.050000190734863,4.056000232696533,4.056000232696533,4.060999870300293,0.0,0.0,0.0,0.0,0.0,0.0
371.7808561325073,-0.3499999940395355,4.017000198364258,4.047999858856201,4.044000148773193,4.050000190734863,4.050000190734863,4.054999828338623,0.005172038916386527,0.005172449982903487,0.005172449982903487,0.005172449982903487,0.005172449982903487,0.005172449982903487
371.9405541419983,-1.1299999952316284,4.019999980926514,4.052000045776367,4.048999786376953,4.053999900817871,4.053999900817871,4.059000015258789,0.0038458750739374602,0.005128444761605683,0.0064097917898957675,0.005127833431916614,0.005127833431916614,0.005128444761605683
372.1209421157837,-1.1100000143051147,4.020999908447266,4.051000118255615,4.047999858856201,4.052999973297119,4.053999900817871,4.059000015258789,0.04999642371790287,0.04999642371790287,0.04999642371790287,0.04999642371790287,0.0,0.0
372.2997064590454,-1.2799999713897705,4.019999980926514,4.052000045776367,4.047999858856201,4.053999900817871,4.053999900817871,4.059000015258789,0.005881928077511302,0.005881928077511302,0.0,0.005881928077511302,0.0,0.0
372.46078872680664,-1.1399999856948853,4.020999908447266,4.051000118255615,4.048999786376953,4.052999973297119,4.053999900817871,4.058000087738037,0.0071423401637424905,0.0071423401637424905,0.0071423401637424905,0.0071423401637424905,0.0,0.0071423401637424905
372.64103722572327,-1.1399999856948853,4.020999908447266,4.051000118255615,4.047999858856201,4.052999973297119,4.053999900817871,4.059000015258789,nan,nan,nan,nan,nan,nan
372.8197786808014,-1.2300000190734863,4.019999980926514,4.051000118255615,4.047999858856201,4.052999973297119,4.053999900817871,4.059000015258789,0.011110301665618067,0.0,0.0,0.0,0.0,0.0
372.980840921402,-1.350000023841858,4.020999908447266,4.051000118255615,4.046999931335449,4.052999973297119,4.052999973297119,4.059000015258789,0.008332729008486708,0.0,0.008332729008486708,0.0,0.008332729008486708,0.0
373.161345243454,-0.8700000047683716,4.019999980926514,4.051000118255615,4.047999858856201,4.052999973297119,4.053999900817871,4.058000087738037,0.002083182252121677,0.0,0.002083182252121677,0.0,0.002083182252121677,0.002083182252121677
373.3207106590271,-1.1799999475479126,4.019999980926514,4.051000118255615,4.047999858856201,4.052999973297119,4.053999900817871,4.059000015258789,0.0,0.0,0.0,0.0,0.0,0.0032255732429701117
373.50109100341797,-1.1399999856948853,4.019999980926514,4.051000118255615,4.047999858856201,4.052999973297119,4.053999900817871,4.059000015258789,0.0,0.0,0.0,0.0,0.0,0.0
373.68103313446045,-0.4000000059604645,4.021999835968018,4.052999973297119,4.050000190734863,4.054999828338623,4.054999828338623,4.059999942779541,0.0027025068868537483,0.0027025068868537483,0.0027031512614095073,0.0027025068868537483,0.0013512534434268742,0.0013512534434268742
373.8408637046814,-0.4099999964237213,4.021999835968018,4.052999973297119,4.048999786376953,4.054999828338623,4.054999828338623,4.059999942779541,0.0,0.0,0.10004053119710082,0.0,0.0,0.0
374.02280282974243,-0.4099999964237213,4.021999835968018,4.052999973297119,4.048999786376953,4.054999828338623,4.054999828338623,4.059999942779541,nan,nan,nan,nan,nan,nan
374.18204379081726,-0.4000000059604645,4.021999835968018,4.053999900817871,4.048999786376953,4.054999828338623,4.056000232696533,4.060999870300293,0.0,0.09999284743580573,0.0,0.0,0.10004053119710082,0.09999284743580573
374.3611900806427,-0.38999998569488525,4.021999835968018,4.052999973297119,4.048999786376953,4.054999828338623,4.054999828338623,4.059999942779541,0.0,0.09999254943450207,0.0,0.0,0.10004023305368878,0.09999254943450207
374.54267597198486,-0.4000000059604645,4.021999835968018,4.052999973297119,4.050000190734863,4.054999828338623,4.054999828338623,4.059999942779541,0.0,0.0,0.10004023305368878,0.0,0.0,0.0
374.70222091674805,-0.4000000059604645,4.021999835968018,4.052999973297119,4.050000190734863,4.054999828338623,4.054999828338623,4.059999942779541,nan,nan,nan,nan,nan,nan
374.8818597793579,-0.4000000059604645,4.021999835968018,4.052999973297119,4.050000190734863,4.054999828338623,4.056000232696533,4.059999942779541,nan,nan,nan,nan,nan,nan
375.0422775745392,-0.4000000059604645,4.021999835968018,4.052999973297119,4.050000190734863,4.054999828338623,4.054999828338623,4.059999942779541,nan,nan,nan,nan,nan,nan
375.2207992076874,-0.41999998688697815,4.021999835968018,4.052999973297119,4.050000190734863,4.054999828338623,4.054999828338623,4.059999942779541,0.0,0.0,0.0,0.0,0.0,0.0
375.40177631378174,-0.4000000059604645,4.021999835968018,4.052999973297119,4.050000190734863,4.054999828338623,4.054999828338623,4.060999870300293,0.0,0.0,0.0,0.0,0.0,0.04999642371790287
375.56390404701233,-0.4000000059604645,4.021999835968018,4.052999973297119,4.050000190734863,4.054999828338623,4.054999828338623,4.059999942779541,nan,nan,nan,nan,nan,nan
375.742449760437,-0.3799999952316284,4.021999835968018,4.052999973297119,4.048999786376953,4.054999828338623,4.056000232696533,4.059999942779541,0.0,0.0,0.05002019106258633,0.0,0.05002019106258633,0.0
375.9033114910126,-0.4000000059604645,4.021999835968018,4.052999973297119,4.050000190734863,4.054999828338623,4.054999828338623,4.059999942779541,0.0,0.0,0.05002019106258633,0.0,0.05002019106258633,0.0
376.082004070282,-0.4000000059604645,4.021999835968018,4.052999973297119,4.050000190734863,4.054999828338623,4.054999828338623,4.059999942779541,nan,nan,nan,nan,nan,nan
376.2603268623352,-0.4000000059604645,4.021999835968018,4.052999973297119,4.050000190734863,4.054999828338623,4.054999828338623,4.059999942779541,nan,nan,nan,nan,nan,nan
376.41995668411255,-0.4000000059604645,4.021999835968018,4.052999973297119,4.050000190734863,4.054999828338623,4.056000232696533,4.059999942779541,nan,nan,nan,nan,nan,nan
376.6001799106598,-0.4099999964237213,4.021999835968018,4.052999973297119,4.050000190734863,4.054999828338623,4.054999828338623,4.059999942779541,0.0,0.0,0.0,0.0,0.10004053119710082,0.0
376.7818329334259,-0.4000000059604645,4.0229997634887695,4.052999973297119,4.050000190734863,4.054999828338623,4.054999828338623,4.060999870300293,0.09999284743580573,0.0,0.0,0.0,0.0,0.09999284743580573
376.9414348602295,-0.4000000059604645,4.021999835968018,4.053999900817871,4.050000190734863,4.054999828338623,4.054999828338623,4.059999942779541,nan,nan,nan,nan,nan,nan
377.12019753456116,-0.4000000059604645,4.021999835968018,4.052999973297119,4.048999786376953,4.054999828338623,4.056000232696533,4.059999942779541,nan,nan,nan,nan,nan,nan
377.28083205223083,-0.4099999964237213,4.021999835968018,4.052999973297119,4.050000190734863,4.054999828338623,4.056000232696533,4.060999870300293,0.0,0.0,0.10004053119710082,0.0,0.0,0.09999284743580573
377.45987915992737,-0.38999998569488525,4.021999835968018,4.052999973297119,4.050000190734863,4.054999828338623,4.054999828338623,4.060999870300293,0.0,0.0,0.0,0.0,0.05002019106258633,0.0
377.6417944431305,-0.4000000059604645,4.021999835968018,4.053999900817871,4.050000190734863,4.054999828338623,4.056000232696533,4.059999942779541,0.0,0.09999254943450207,0.0,0.0,0.10004023305368878,0.09999254943450207
377.80087757110596,-0.4000000059604645,4.021999835968018,4.053999900817871,4.050000190734863,4.054999828338623,4.056000232696533,4.060999870300293,nan,nan,nan,nan,nan,nan
377.9800956249237,-0.4000000059604645,4.021999835968018,4.052999973297119,4.050000190734863,4.054999828338623,4.056000232696533,4.059999942779541,nan,nan,nan,nan,nan,nan
378.1409351825714,-0.38999998569488525,4.021999835968018,4.053999900817871,4.050000190734863,4.054999828338623,4.056000232696533,4.059999942779541,0.0,0.09999254943450207,0.0,0.0,0.0,0.0
378.3207666873932,-0.4000000059604645,4.021999835968018,4.052999973297119,4.050000190734863,4.054999828338623,4.056000232696533,4.060999870300293,0.0,0.09999254943450207,0.0,0.0,0.0,0.09999254943450207
378.5007207393646,-0.4000000059604645,4.021999835968018,4.052999973297119,4.050000190734863,4.054999828338623,4.056000232696533,4.060999870300293,nan,nan,nan,nan,nan,nan
378.6602215766907,-0.4000000059604645,4.021999835968018,4.052999973297119,4.050000190734863,4.054999828338623,4.056000232696533,4.059999942779541,nan,nan,nan,nan,nan,nan
378.8406250476837,-0.4000000059604645,4.0229997634887695,4.052999973297119,4.050000190734863,4.054999828338623,4.056000232696533,4.059999942779541,nan,nan,nan,nan,nan,nan
379.0209000110626,-0.4000000059604645,4.0229997634887695,4.052999973297119,4.050000190734863,4.054999828338623,4.054999828338623,4.059999942779541,nan,nan,nan,nan,nan,nan
379.18022990226746,-0.4000000059604645,4.021999835968018,4.052999973297119,4.050000190734863,4.054999828338623,4.056000232696533,4.060999870300293,nan,nan,nan,nan,nan,nan
379.3604657649994,-0.4000000059604645,4.021999835968018,4.052999973297119,4.050000190734863,4.054999828338623,4.056000232696533,4.060999870300293,nan,nan,nan,nan,nan,nan
379.5200479030609,-0.4099999964237213,4.0229997634887695,4.053999900817871,4.050000190734863,4.054999828338623,4.054999828338623,4.060999870300293,0.09999284743580573,0.09999284743580573,0.0,0.0,0.10004053119710082,0.0
379.70039772987366,-0.4000000059604645,4.021999835968018,4.053999900817871,4.048999786376953,4.054999828338623,4.056000232696533,4.059999942779541,0.09999284743580573,0.0,0.10004053119710082,0.0,0.10004053119710082,0.09999284743580573
379.88106656074524,-0.38999998569488525,4.0229997634887695,4.052999973297119,4.050000190734863,4.054999828338623,4.056000232696533,4.059999942779541,0.09999254943450207,0.09999254943450207,0.10004023305368878,0.0,0.0,0.0
380.0401780605316,-0.4099999964237213,4.021999835968018,4.053999900817871,4.050000190734863,4.054999828338623,4.054999828338623,4.060999870300293,0.04999634921746594,0.04999634921746594,0.0,0.0,0.05002019106258633,0.04999634921746594
380.22092747688293,-0.4099999964237213,4.021999835968018,4.052999973297119,4.050000190734863,4.054999828338623,4.056000232696533,4.059999942779541,nan,nan,nan,nan,nan,nan
380.379736661911,-0.4000000059604645,4.021999835968018,4.052999973297119,4.050000190734863,4.054999828338623,4.054999828338623,4.059999942779541,0.0,0.0,0.0,0.0,0.10004053119710082,0.0
380.5602421760559,-0.4000000059604645,4.021999835968018,4.052999973297119,4.050000190734863,4.054999828338623,4.054999828338623,4.060999870300293,nan,nan,nan,nan,nan,nan
380.74162316322327,-0.38999998569488525,4.021999835968018,4.053999900817871,4.050000190734863,4.054999828338623,4.054999828338623,4.060999870300293,0.0,0.09999254943450207,0.0,0.0,0.0,0.0
380.9011559486389,-0.4000000059604645,4.021999835968018,4.052999973297119,4.050000190734863,4.054999828338623,4.056000232696533,4.060999870300293,0.0,0.09999254943450207,0.0,0.0,0.10004023305368878,0.0
381.07978105545044,-0.4000000059604645,4.021999835968018,4.053999900817871,4.050000190734863,4.054999828338623,4.056000232696533,4.060999870300293,nan,nan,nan,nan,nan,nan
381.2404775619507,-0.41999998688697815,4.0229997634887695,4.053999900817871,4.050000190734863,4.054999828338623,4.054999828338623,4.059999942779541,0.04999642371790287,0.0,0.0,0.0,0.05002026559855041,0.04999642371790287
381.4208595752716,-0.4000000059604645,4.021999835968018,4.053999900817871,4.050000190734863,4.054999828338623,4.056000232696533,4.059999942779541,0.04999642371790287,0.0,0.0,0.0,0.05002026559855041,0.0
381.6011598110199,-0.4000000059604645,4.021999835968018,4.053999900817871,4.050000190734863,4.054999828338623,4.056000232696533,4.059999942779541,nan,nan,nan,nan,nan,nan
381.76033091545105,-0.41999998688697815,4.0229997634887695,4.053999900817871,4.050000190734863,4.054999828338623,4.054999828338623,4.060999870300293,0.04999642371790287,0.0,0.0,0.0,0.05002026559855041,0.04999642371790287
381.9422459602356,-0.4000000059604645,4.021999835968018,4.053999900817871,4.050000190734863,4.054999828338623,4.056000232696533,4.060999870300293,0.04999642371790287,0.0,0.0,0.0,0.05002026559855041,0.0
382.099809885025,-0.4000000059604645,4.021999835968018,4.052999973297119,4.050000190734863,4.054999828338623,4.054999828338623,4.059999942779541,nan,nan,nan,nan,nan,nan
