Time (s),Current (A),Voltage_Cell1 (V),Voltage_Cell2 (V),Voltage_Cell3 (V),Voltage_Cell4 (V),Voltage_Cell5 (V),Voltage_Cell6 (V),Resistance_Cell1 (Ohm),Resistance_Cell2 (Ohm),Resistance_Cell3 (Ohm),Resistance_Cell4 (Ohm),Resistance_Cell5 (Ohm),Resistance_Cell6 (Ohm)
0.0,-0.4000000059604645,4.034999847412109,4.061999797821045,4.059999942779541,4.063000202178955,4.064000129699707,4.066999912261963,nan,nan,nan,nan,nan,nan
0.15931463241577148,-0.4000000059604645,4.034999847412109,4.061999797821045,4.059999942779541,4.063000202178955,4.064000129699707,4.066999912261963,nan,nan,nan,nan,nan,nan
0.34000706672668457,-0.4000000059604645,4.034999847412109,4.061999797821045,4.059000015258789,4.063000202178955,4.064000129699707,4.066999912261963,nan,nan,nan,nan,nan,nan
0.5200681686401367,-0.4000000059604645,4.034999847412109,4.061999797821045,4.059000015258789,4.063000202178955,4.064000129699707,4.066999912261963,nan,nan,nan,nan,nan,nan
0.679832935333252,-0.4000000059604645,4.033999919891357,4.061999797821045,4.059000015258789,4.063000202178955,4.064000129699707,4.066999912261963,nan,nan,nan,nan,nan,nan
0.8598270416259766,-0.4099999964237213,4.034999847412109,4.061999797821045,4.059000015258789,4.063000202178955,4.064000129699707,4.066999912261963,0.09999284743580573,0.0,0.0,0.0,0.0,0.0
1.020658254623413,-0.4000000059604645,4.034999847412109,4.061999797821045,4.059999942779541,4.063000202178955,4.064000129699707,4.066999912261963,0.0,0.0,0.09999284743580573,0.0,0.0,0.0
1.199596881866455,-0.3799999952316284,4.034999847412109,4.061999797821045,4.059999942779541,4.063000202178955,4.064000129699707,4.066999912261963,0.0,0.0,0.0,0.0,0.0,0.0
1.379345178604126,-0.4000000059604645,4.034999847412109,4.061999797821045,4.059000015258789,4.063000202178955,4.064000129699707,4.066999912261963,0.0,0.0,0.04999634921746594,0.0,0.0,0.0
1.5405564308166504,-0.4000000059604645,4.034999847412109,4.061999797821045,4.059999942779541,4.063000202178955,4.064000129699707,4.066999912261963,nan,nan,nan,nan,nan,nan
1.7192325592041016,-0.4000000059604645,4.034999847412109,4.061999797821045,4.059000015258789,4.063000202178955,4.064000129699707,4.066999912261963,nan,nan,nan,nan,nan,nan
1.8805863857269287,-0.4000000059604645,4.034999847412109,4.061999797821045,4.059000015258789,4.063000202178955,4.064000129699707,4.066999912261963,nan,nan,nan,nan,nan,nan
2.0608439445495605,-0.4000000059604645,4.034999847412109,4.061999797821045,4.059999942779541,4.063000202178955,4.064000129699707,4.066999912261963,nan,nan,nan,nan,nan,nan
2.2397043704986572,-0.4000000059604645,4.033999919891357,4.061999797821045,4.059000015258789,4.063000202178955,4.064000129699707,4.066999912261963,nan,nan,nan,nan,nan,nan
2.400718927383423,-0.4000000059604645,4.033999919891357,4.061999797821045,4.059000015258789,4.063000202178955,4.064000129699707,4.066999912261963,nan,nan,nan,nan,nan,nan
2.579768419265747,-0.4000000059604645,4.034999847412109,4.061999797821045,4.059000015258789,4.063000202178955,4.064000129699707,4.066999912261963,nan,nan,nan,nan,nan,nan
2.760019540786743,-0.38999998569488525,4.034999847412109,4.061999797821045,4.059000015258789,4.063000202178955,4.064000129699707,4.066999912261963,0.0,0.0,0.0,0.0,0.0,0.0
2.919928789138794,-0.4000000059604645,4.034999847412109,4.061999797821045,4.059000015258789,4.063000202178955,4.064000129699707,4.066999912261963,0.0,0.0,0.0,0.0,0.0,0.0
3.100172281265259,-0.41999998688697815,4.034999847412109,4.061999797821045,4.059999942779541,4.063000202178955,4.064000129699707,4.066999912261963,0.0,0.0,0.04999642371790287,0.0,0.0,0.0
3.259450912475586,-0.4000000059604645,4.034999847412109,4.061999797821045,4.059000015258789,4.063000202178955,4.064000129699707,4.066999912261963,0.0,0.0,0.04999642371790287,0.0,0.0,0.0
3.439899444580078,-0.4000000059604645,4.034999847412109,4.061999797821045,4.059000015258789,4.063000202178955,4.064000129699707,4.066999912261963,nan,nan,nan,nan,nan,nan
3.6202948093414307,-0.4000000059604645,4.034999847412109,4.061999797821045,4.059000015258789,4.063000202178955,4.064000129699707,4.066999912261963,nan,nan,nan,nan,nan,nan
3.7831597328186035,-0.38999998569488525,4.033999919891357,4.061999797821045,4.059000015258789,4.063000202178955,4.064000129699707,4.066999912261963,0.09999254943450207,0.0,0.0,0.0,0.0,0.0
3.959887742996216,-0.4099999964237213,4.034999847412109,4.061999797821045,4.059000015258789,4.063000202178955,4.064000129699707,4.066999912261963,0.04999634921746594,0.0,0.0,0.0,0.0,0.0
4.1196019649505615,-0.4000000059604645,4.034999847412109,4.061999797821045,4.059000015258789,4.063000202178955,4.064000129699707,4.066999912261963,0.0,0.0,0.0,0.0,0.0,0.0
4.300013542175293,-0.4000000059604645,4.033999919891357,4.061999797821045,4.059999942779541,4.063000202178955,4.064000129699707,4.066999912261963,nan,nan,nan,nan,nan,nan
4.481643915176392,-0.4000000059604645,4.033999919891357,4.061999797821045,4.059999942779541,4.063000202178955,4.064000129699707,4.066999912261963,nan,nan,nan,nan,nan,nan
4.639614820480347,-0.4000000059604645,4.033999919891357,4.061999797821045,4.059000015258789,4.063000202178955,4.064000129699707,4.066999912261963,nan,nan,nan,nan,nan,nan
4.820019483566284,-0.38999998569488525,4.034999847412109,4.061999797821045,4.059000015258789,4.063000202178955,4.064000129699707,4.066999912261963,0.09999254943450207,0.0,0.0,0.0,0.0,0.0
5.001958131790161,-0.4099999964237213,4.034999847412109,4.061999797821045,4.059000015258789,4.063000202178955,4.064000129699707,4.066999912261963,0.0,0.0,0.0,0.0,0.0,0.0
5.162340402603149,-0.4000000059604645,4.033999919891357,4.061999797821045,4.059000015258789,4.063000202178955,4.064000129699707,4.066999912261963,0.09999284743580573,0.0,0.0,0.0,0.0,0.0
5.341083526611328,-0.4000000059604645,4.033999919891357,4.061999797821045,4.059000015258789,4.063000202178955,4.064000129699707,4.066999912261963,nan,nan,nan,nan,nan,nan
5.502181529998779,-0.38999998569488525,4.034999847412109,4.061999797821045,4.059999942779541,4.063000202178955,4.064000129699707,4.066999912261963,0.09999254943450207,0.0,0.09999254943450207,0.0,0.0,0.0
5.681183338165283,-0.38999998569488525,4.034999847412109,4.061999797821045,4.059000015258789,4.063000202178955,4.064000129699707,4.066999912261963,nan,nan,nan,nan,nan,nan
5.860895395278931,-0.4000000059604645,4.033999919891357,4.061999797821045,4.059000015258789,4.063000202178955,4.064000129699707,4.066999912261963,0.09999254943450207,0.0,0.0,0.0,0.0,0.0
6.020735263824463,-0.4000000059604645,4.034999847412109,4.061999797821045,4.059999942779541,4.063000202178955,4.064000129699707,4.066999912261963,nan,nan,nan,nan,nan,nan
6.200820446014404,-0.38999998569488525,4.034999847412109,4.061999797821045,4.059000015258789,4.063000202178955,4.064000129699707,4.066999912261963,0.0,0.0,0.09999254943450207,0.0,0.0,0.0
6.360432863235474,-0.41999998688697815,4.033999919891357,4.061999797821045,4.059000015258789,4.063000202178955,4.064000129699707,4.066999912261963,0.033330916033946834,0.0,0.0,0.0,0.0,0.0
6.540794610977173,-0.3799999952316284,4.033999919891357,4.061999797821045,4.059000015258789,4.063000202178955,4.064000129699707,4.066999912261963,0.0,0.0,0.0,0.0,0.0,0.0
6.719868421554565,-0.4000000059604645,4.033999919891357,4.061999797821045,4.059999942779541,4.063000202178955,4.064000129699707,4.066999912261963,0.0,0.0,0.04999634921746594,0.0,0.0,0.0
6.880738019943237,-0.4000000059604645,4.033999919891357,4.061999797821045,4.059000015258789,4.063000202178955,4.064000129699707,4.066999912261963,nan,nan,nan,nan,nan,nan
7.0613603591918945,-0.4099999964237213,4.033999919891357,4.060999870300293,4.059000015258789,4.063000202178955,4.064000129699707,4.066999912261963,0.0,0.09999284743580573,0.0,0.0,0.0,0.0
7.240796804428101,-0.4000000059604645,4.033999919891357,4.061999797821045,4.059999942779541,4.063000202178955,4.064000129699707,4.066999912261963,0.0,0.09999284743580573,0.09999284743580573,0.0,0.0,0.0
7.400954723358154,-0.4000000059604645,4.033999919891357,4.060999870300293,4.059000015258789,4.063000202178955,4.064000129699707,4.066999912261963,nan,nan,nan,nan,nan,nan
7.582267999649048,-0.4000000059604645,4.033999919891357,4.061999797821045,4.059000015258789,4.063000202178955,4.064000129699707,4.066999912261963,nan,nan,nan,nan,nan,nan
7.741698503494263,-0.3799999952316284,4.033999919891357,4.061999797821045,4.059000015258789,4.063000202178955,4.064000129699707,4.066999912261963,0.0,0.0,0.0,0.0,0.0,0.0
7.920361518859863,-0.38999998569488525,4.034999847412109,4.061999797821045,4.059000015258789,4.063000202178955,4.063000202178955,4.066999912261963,0.09999284743580573,0.0,0.0,0.0,0.09999284743580573,0.0
8.099347114562988,-0.4099999964237213,4.034999847412109,4.061999797821045,4.059000015258789,4.063000202178955,4.064000129699707,4.066999912261963,0.0,0.0,0.0,0.0,0.04999634921746594,0.0
8.260465383529663,-0.4000000059604645,4.033999919891357,4.061999797821045,4.059000015258789,4.063000202178955,4.064000129699707,4.066999912261963,0.09999284743580573,0.0,0.0,0.0,0.0,0.0
8.439484119415283,-0.4000000059604645,4.034999847412109,4.061999797821045,4.059000015258789,4.063000202178955,4.064000129699707,4.066999912261963,nan,nan,nan,nan,nan,nan
8.60068416595459,-0.4099999964237213,4.034999847412109,4.061999797821045,4.059000015258789,4.063000202178955,4.064000129699707,4.066999912261963,0.0,0.0,0.0,0.0,0.0,0.0
8.780836582183838,-0.4000000059604645,4.034999847412109,4.061999797821045,4.059000015258789,4.063000202178955,4.064000129699707,4.066999912261963,0.0,0.0,0.0,0.0,0.0,0.0
8.959539651870728,-0.4000000059604645,4.033999919891357,4.061999797821045,4.059999942779541,4.063000202178955,4.064000129699707,4.066999912261963,nan,nan,nan,nan,nan,nan
9.120738506317139,-0.38999998569488525,4.033999919891357,4.061999797821045,4.059000015258789,4.063000202178955,4.064000129699707,4.066999912261963,0.0,0.0,0.09999254943450207,0.0,0.0,0.0
9.299807786941528,-0.38999998569488525,4.034999847412109,4.061999797821045,4.059000015258789,4.063000202178955,4.064000129699707,4.066999912261963,nan,nan,nan,nan,nan,nan
9.479979753494263,-0.4000000059604645,4.033999919891357,4.061999797821045,4.059000015258789,4.063000202178955,4.064000129699707,4.066999912261963,0.09999254943450207,0.0,0.0,0.0,0.0,0.0
9.639383316040039,-0.4000000059604645,4.034999847412109,4.061999797821045,4.059000015258789,4.063000202178955,4.064000129699707,4.066999912261963,nan,nan,nan,nan,nan,nan
9.820878744125366,-0.38999998569488525,4.033999919891357,4.061999797821045,4.059000015258789,4.063000202178955,4.064000129699707,4.066999912261963,0.09999254943450207,0.0,0.0,0.0,0.0,0.0
9.980405569076538,-0.4099999964237213,4.033999919891357,4.061999797821045,4.059000015258789,4.063000202178955,4.064000129699707,4.066999912261963,0.0,0.0,0.0,0.0,0.0,0.0
10.159310579299927,-0.4000000059604645,4.033999919891357,4.061999797821045,4.059000015258789,4.063000202178955,4.064000129699707,4.066999912261963,0.0,0.0,0.0,0.0,0.0,0.0
10.340497255325317,-0.4099999964237213,4.033999919891357,4.061999797821045,4.059000015258789,4.063000202178955,4.064000129699707,4.066999912261963,0.0,0.0,0.0,0.0,0.0,0.0
10.500195741653442,-0.4000000059604645,4.033999919891357,4.061999797821045,4.059000015258789,4.063000202178955,4.064000129699707,4.066999912261963,0.0,0.0,0.0,0.0,0.0,0.0
10.680292844772339,-0.4000000059604645,4.033999919891357,4.061999797821045,4.059000015258789,4.063000202178955,4.064000129699707,4.066999912261963,nan,nan,nan,nan,nan,nan
10.839782953262329,-0.4000000059604645,4.033999919891357,4.061999797821045,4.059000015258789,4.063000202178955,4.064000129699707,4.066999912261963,nan,nan,nan,nan,nan,nan
11.020253658294678,-0.4000000059604645,4.033999919891357,4.061999797821045,4.059000015258789,4.063000202178955,4.064000129699707,4.066999912261963,nan,nan,nan,nan,nan,nan
11.20022439956665,-0.41999998688697815,4.033999919891357,4.061999797821045,4.059000015258789,4.063000202178955,4.064000129699707,4.066999912261963,0.0,0.0,0.0,0.0,0.0,0.0
11.359777688980103,-0.4000000059604645,4.033999919891357,4.061999797821045,4.059000015258789,4.063000202178955,4.064000129699707,4.066999912261963,0.0,0.0,0.0,0.0,0.0,0.0
11.540155172348022,-0.4000000059604645,4.033999919891357,4.061999797821045,4.059000015258789,4.063000202178955,4.064000129699707,4.066999912261963,nan,nan,nan,nan,nan,nan
11.699746131896973,-0.4000000059604645,4.033999919891357,4.061999797821045,4.059000015258789,4.063000202178955,4.063000202178955,4.066999912261963,nan,nan,nan,nan,nan,nan
11.879893064498901,-0.4000000059604645,4.033999919891357,4.061999797821045,4.059000015258789,4.063000202178955,4.064000129699707,4.066999912261963,nan,nan,nan,nan,nan,nan
12.060083627700806,-0.4000000059604645,4.034999847412109,4.061999797821045,4.059000015258789,4.063000202178955,4.064000129699707,4.066999912261963,nan,nan,nan,nan,nan,nan
12.219658613204956,-0.4000000059604645,4.033999919891357,4.061999797821045,4.059000015258789,4.063000202178955,4.064000129699707,4.066999912261963,nan,nan,nan,nan,nan,nan
12.400068283081055,-0.4099999964237213,4.033999919891357,4.061999797821045,4.059000015258789,4.063000202178955,4.064000129699707,4.066999912261963,0.0,0.0,0.0,0.0,0.0,0.0
12.580759525299072,-0.4000000059604645,4.033999919891357,4.061999797821045,4.059000015258789,4.063000202178955,4.063000202178955,4.066999912261963,0.0,0.0,0.0,0.0,0.09999284743580573,0.0
12.739808320999146,-0.4000000059604645,4.033999919891357,4.060999870300293,4.059000015258789,4.063000202178955,4.064000129699707,4.066999912261963,nan,nan,nan,nan,nan,nan
12.920045375823975,-0.4099999964237213,4.033999919891357,4.061999797821045,4.059000015258789,4.063000202178955,4.063000202178955,4.066999912261963,0.0,0.09999284743580573,0.0,0.0,0.09999284743580573,0.0
13.079517841339111,-0.4000000059604645,4.033999919891357,4.061999797821045,4.059000015258789,4.063000202178955,4.064000129699707,4.066999912261963,0.0,0.0,0.0,0.0,0.09999284743580573,0.0
13.259975671768188,-0.4000000059604645,4.033999919891357,4.061999797821045,4.059000015258789,4.063000202178955,4.064000129699707,4.066999912261963,nan,nan,nan,nan,nan,nan
13.440345048904419,-0.4000000059604645,4.033999919891357,4.061999797821045,4.059000015258789,4.063000202178955,4.063000202178955,4.066999912261963,nan,nan,nan,nan,nan,nan
13.59957766532898,-0.4000000059604645,4.033999919891357,4.061999797821045,4.059000015258789,4.063000202178955,4.064000129699707,4.066999912261963,nan,nan,nan,nan,nan,nan
13.779942274093628,-0.4000000059604645,4.033999919891357,4.061999797821045,4.059000015258789,4.063000202178955,4.064000129699707,4.066999912261963,nan,nan,nan,nan,nan,nan
13.939431190490723,-0.4000000059604645,4.033999919891357,4.061999797821045,4.059000015258789,4.063000202178955,4.063000202178955,4.066999912261963,nan,nan,nan,nan,nan,nan
14.120011568069458,-0.38999998569488525,4.033999919891357,4.061999797821045,4.059000015258789,4.063000202178955,4.064000129699707,4.066999912261963,0.0,0.0,0.0,0.0,0.09999254943450207,0.0
14.301409244537354,-0.38999998569488525,4.033999919891357,4.061999797821045,4.059000015258789,4.063000202178955,4.064000129699707,4.066999912261963,nan,nan,nan,nan,nan,nan
14.461454391479492,-0.4000000059604645,4.033999919891357,4.061999797821045,4.059000015258789,4.063000202178955,4.064000129699707,4.066999912261963,0.0,0.0,0.0,0.0,0.0,0.0
14.641176223754883,-0.4099999964237213,4.033999919891357,4.061999797821045,4.059000015258789,4.063000202178955,4.064000129699707,4.066999912261963,0.0,0.0,0.0,0.0,0.0,0.0
14.820037841796875,-0.4000000059604645,4.033999919891357,4.061999797821045,4.059000015258789,4.063000202178955,4.064000129699707,4.066999912261963,0.0,0.0,0.0,0.0,0.0,0.0
14.979949474334717,-0.4000000059604645,4.033999919891357,4.061999797821045,4.059000015258789,4.063000202178955,4.064000129699707,4.066999912261963,nan,nan,nan,nan,nan,nan
15.161180973052979,-0.4000000059604645,4.033999919891357,4.061999797821045,4.059000015258789,4.063000202178955,4.064000129699707,4.066999912261963,nan,nan,nan,nan,nan,nan
15.321090936660767,-0.4000000059604645,4.033999919891357,4.061999797821045,4.059000015258789,4.063000202178955,4.063000202178955,4.066999912261963,nan,nan,nan,nan,nan,nan
15.500893592834473,-0.4000000059604645,4.033999919891357,4.060999870300293,4.059000015258789,4.063000202178955,4.063000202178955,4.066999912261963,nan,nan,nan,nan,nan,nan
15.679464340209961,-0.4000000059604645,4.033999919891357,4.061999797821045,4.059000015258789,4.063000202178955,4.064000129699707,4.066999912261963,nan,nan,nan,nan,nan,nan
15.840643882751465,-0.3799999952316284,4.033999919891357,4.061999797821045,4.059000015258789,4.063000202178955,4.063000202178955,4.066999912261963,0.0,0.0,0.0,0.0,0.04999634921746594,0.0
16.019421339035034,-0.4000000059604645,4.033999919891357,4.061999797821045,4.059000015258789,4.063000202178955,4.063000202178955,4.066999912261963,0.0,0.0,0.0,0.0,0.0,0.0
16.180455446243286,-0.4099999964237213,4.033999919891357,4.061999797821045,4.059000015258789,4.063000202178955,4.064000129699707,4.066999912261963,0.0,0.0,0.0,0.0,0.09999284743580573,0.0
16.36061930656433,-0.4000000059604645,4.033999919891357,4.061999797821045,4.059000015258789,4.063000202178955,4.064000129699707,4.066999912261963,0.0,0.0,0.0,0.0,0.0,0.0
16.53996205329895,-0.4000000059604645,4.033999919891357,4.061999797821045,4.059000015258789,4.063000202178955,4.064000129699707,4.066999912261963,nan,nan,nan,nan,nan,nan
16.70051860809326,-0.4099999964237213,4.033999919891357,4.061999797821045,4.059000015258789,4.063000202178955,4.064000129699707,4.066999912261963,0.0,0.0,0.0,0.0,0.0,0.0
16.87982153892517,-0.4000000059604645,4.033999919891357,4.061999797821045,4.059000015258789,4.063000202178955,4.064000129699707,4.066999912261963,0.0,0.0,0.0,0.0,0.0,0.0
17.06071710586548,-0.4099999964237213,4.033999919891357,4.061999797821045,4.059000015258789,4.063000202178955,4.063000202178955,4.066999912261963,0.0,0.0,0.0,0.0,0.09999284743580573,0.0
17.220656633377075,-0.4000000059604645,4.033999919891357,4.061999797821045,4.059000015258789,4.063000202178955,4.064000129699707,4.066999912261963,0.0,0.0,0.0,0.0,0.09999284743580573,0.0
17.400835752487183,-0.4000000059604645,4.033999919891357,4.060999870300293,4.059000015258789,4.063000202178955,4.063000202178955,4.066999912261963,nan,nan,nan,nan,nan,nan
17.560246467590332,-0.4000000059604645,4.033999919891357,4.061999797821045,4.059000015258789,4.063000202178955,4.063000202178955,4.066999912261963,nan,nan,nan,nan,nan,nan
17.740309953689575,-0.4000000059604645,4.033999919891357,4.061999797821045,4.059000015258789,4.063000202178955,4.063000202178955,4.066999912261963,nan,nan,nan,nan,nan,nan
17.919450521469116,-0.4099999964237213,4.033999919891357,4.061999797821045,4.059000015258789,4.063000202178955,4.063000202178955,4.066999912261963,0.0,0.0,0.0,0.0,0.0,0.0
18.08061647415161,-0.4000000059604645,4.033999919891357,4.061999797821045,4.059000015258789,4.063000202178955,4.064000129699707,4.066999912261963,0.0,0.0,0.0,0.0,0.09999284743580573,0.0
18.25944471359253,-0.4099999964237213,4.033999919891357,4.061999797821045,4.059000015258789,4.063000202178955,4.064000129699707,4.066999912261963,0.0,0.0,0.0,0.0,0.0,0.0
18.420536279678345,-0.4000000059604645,4.033999919891357,4.060999870300293,4.059000015258789,4.063000202178955,4.063000202178955,4.066999912261963,0.0,0.09999284743580573,0.0,0.0,0.09999284743580573,0.0
18.600213766098022,-0.3799999952316284,4.033999919891357,4.060999870300293,4.059000015258789,4.063000202178955,4.064000129699707,4.066999912261963,0.0,0.0,0.0,0.0,0.04999634921746594,0.0
18.7806499004364,-0.4099999964237213,4.033999919891357,4.061999797821045,4.059000015258789,4.063000202178955,4.064000129699707,4.066999912261963,0.0,0.033330916033946834,0.0,0.0,0.0,0.0
18.940065622329712,-0.4000000059604645,4.033999919891357,4.061999797821045,4.059000015258789,4.063000202178955,4.064000129699707,4.066999912261963,0.0,0.0,0.0,0.0,0.0,0.0
19.120346069335938,-0.4000000059604645,4.033999919891357,4.060999870300293,4.059000015258789,4.063000202178955,4.063000202178955,4.066999912261963,nan,nan,nan,nan,nan,nan
19.28200674057007,-0.4000000059604645,4.033999919891357,4.060999870300293,4.059000015258789,4.063000202178955,4.064000129699707,4.066999912261963,nan,nan,nan,nan,nan,nan
19.461865186691284,-0.38999998569488525,4.033999919891357,4.061999797821045,4.059000015258789,4.063000202178955,4.063000202178955,4.066999912261963,0.0,0.09999254943450207,0.0,0.0,0.09999254943450207,0.0
19.639937162399292,-0.4000000059604645,4.033999919891357,4.060999870300293,4.059000015258789,4.063000202178955,4.063000202178955,4.066999912261963,0.0,0.09999254943450207,0.0,0.0,0.0,0.0
19.801270484924316,-0.38999998569488525,4.033999919891357,4.061999797821045,4.059000015258789,4.063000202178955,4.063000202178955,4.066999912261963,0.0,0.09999254943450207,0.0,0.0,0.0,0.0
19.981470108032227,-0.38999998569488525,4.033999919891357,4.060999870300293,4.059000015258789,4.063000202178955,4.063000202178955,4.066999912261963,nan,nan,nan,nan,nan,nan
20.160033702850342,-0.4000000059604645,4.033999919891357,4.061999797821045,4.059000015258789,4.063000202178955,4.063000202178955,4.066999912261963,0.0,0.09999254943450207,0.0,0.0,0.0,0.0
20.321122407913208,-0.38999998569488525,4.033999919891357,4.061999797821045,4.059000015258789,4.063000202178955,4.063000202178955,4.066999912261963,0.0,0.0,0.0,0.0,0.0,0.0
20.502919912338257,-0.38999998569488525,4.033999919891357,4.060999870300293,4.059000015258789,4.063000202178955,4.063000202178955,4.066999912261963,nan,nan,nan,nan,nan,nan
20.660688638687134,-0.4000000059604645,4.033999919891357,4.060999870300293,4.059000015258789,4.063000202178955,4.063000202178955,4.066999912261963,0.0,0.0,0.0,0.0,0.0,0.0
20.84108829498291,-0.4000000059604645,4.033999919891357,4.061999797821045,4.059000015258789,4.063000202178955,4.063000202178955,4.066999912261963,nan,nan,nan,nan,nan,nan
21.02095079421997,-0.4000000059604645,4.033999919891357,4.061999797821045,4.059000015258789,4.063000202178955,4.064000129699707,4.066999912261963,nan,nan,nan,nan,nan,nan
21.18072533607483,-0.38999998569488525,4.033999919891357,4.060999870300293,4.059000015258789,4.063000202178955,4.063000202178955,4.066999912261963,0.0,0.09999254943450207,0.0,0.0,0.09999254943450207,0.0
21.361109256744385,-0.4300000071525574,4.033999919891357,4.060999870300293,4.059000015258789,4.063000202178955,4.064000129699707,4.066999912261963,0.0,0.0,0.0,0.0,0.02499817460873297,0.0
21.520503997802734,-0.4000000059604645,4.033999919891357,4.060999870300293,4.059000015258789,4.063000202178955,4.064000129699707,4.066999912261963,0.0,0.0,0.0,0.0,0.0,0.0
21.70091700553894,-0.4000000059604645,4.033999919891357,4.060999870300293,4.059000015258789,4.063000202178955,4.064000129699707,4.066999912261963,nan,nan,nan,nan,nan,nan
21.880274772644043,-0.4000000059604645,4.033999919891357,4.060999870300293,4.059000015258789,4.063000202178955,4.063000202178955,4.066999912261963,nan,nan,nan,nan,nan,nan
22.041229248046875,-0.4000000059604645,4.033999919891357,4.060999870300293,4.059000015258789,4.063000202178955,4.064000129699707,4.066999912261963,nan,nan,nan,nan,nan,nan
22.221070528030396,-0.4000000059604645,4.033999919891357,4.060999870300293,4.059000015258789,4.063000202178955,4.064000129699707,4.066999912261963,nan,nan,nan,nan,nan,nan
22.399738073349,-0.4099999964237213,4.033999919891357,4.060999870300293,4.059000015258789,4.063000202178955,4.063000202178955,4.066999912261963,0.0,0.0,0.0,0.0,0.09999284743580573,0.0
22.560503005981445,-0.4099999964237213,4.033999919891357,4.061999797821045,4.059000015258789,4.063000202178955,4.064000129699707,4.066999912261963,nan,nan,nan,nan,nan,nan
22.739532470703125,-0.4000000059604645,4.033999919891357,4.061999797821045,4.059000015258789,4.063000202178955,4.063000202178955,4.066999912261963,0.0,0.0,0.0,0.0,0.09999284743580573,0.0
22.900490283966064,-0.4099999964237213,4.033999919891357,4.060999870300293,4.059000015258789,4.063000202178955,4.063000202178955,4.066999912261963,0.0,0.09999284743580573,0.0,0.0,0.0,0.0
23.079495906829834,-0.4099999964237213,4.033999919891357,4.061999797821045,4.059000015258789,4.063000202178955,4.064000129699707,4.066999912261963,nan,nan,nan,nan,nan,nan
23.25991678237915,-0.4000000059604645,4.033999919891357,4.060999870300293,4.059000015258789,4.063000202178955,4.063000202178955,4.066999912261963,0.0,0.09999284743580573,0.0,0.0,0.09999284743580573,0.0
23.419472694396973,-0.4000000059604645,4.033999919891357,4.060999870300293,4.059000015258789,4.063000202178955,4.063000202178955,4.066999912261963,nan,nan,nan,nan,nan,nan
23.599895477294922,-0.4000000059604645,4.033999919891357,4.060999870300293,4.059000015258789,4.063000202178955,4.063000202178955,4.066999912261963,nan,nan,nan,nan,nan,nan
23.759511709213257,-0.38999998569488525,4.033999919891357,4.060999870300293,4.059000015258789,4.063000202178955,4.064000129699707,4.066999912261963,0.0,0.0,0.0,0.0,0.09999254943450207,0.0
23.940014839172363,-0.4099999964237213,4.033999919891357,4.060999870300293,4.059000015258789,4.063000202178955,4.063000202178955,4.066999912261963,0.0,0.0,0.0,0.0,0.04999634921746594,0.0
24.120623111724854,-0.38999998569488525,4.033999919891357,4.060999870300293,4.059000015258789,4.063000202178955,4.063000202178955,4.066999912261963,0.0,0.0,0.0,0.0,0.0,0.0
24.279858827590942,-0.4000000059604645,4.033999919891357,4.060999870300293,4.059000015258789,4.063000202178955,4.063000202178955,4.066999912261963,0.0,0.0,0.0,0.0,0.0,0.0
24.460381031036377,-0.4000000059604645,4.033999919891357,4.060999870300293,4.059000015258789,4.063000202178955,4.063000202178955,4.066999912261963,nan,nan,nan,nan,nan,nan
24.64037847518921,-0.4000000059604645,4.033999919891357,4.061999797821045,4.059000015258789,4.063000202178955,4.063000202178955,4.066999912261963,nan,nan,nan,nan,nan,nan
24.799920797348022,-0.4000000059604645,4.033999919891357,4.060999870300293,4.059000015258789,4.063000202178955,4.064000129699707,4.066999912261963,nan,nan,nan,nan,nan,nan
24.9805691242218,-0.38999998569488525,4.033999919891357,4.061999797821045,4.059000015258789,4.063000202178955,4.063000202178955,4.066999912261963,0.0,0.09999254943450207,0.0,0.0,0.09999254943450207,0.0
25.139923810958862,-0.4000000059604645,4.033999919891357,4.061999797821045,4.059000015258789,4.063000202178955,4.064000129699707,4.066999912261963,0.0,0.0,0.0,0.0,0.09999254943450207,0.0
25.321722984313965,-0.38999998569488525,4.033999919891357,4.060999870300293,4.059000015258789,4.063000202178955,4.063000202178955,4.066999912261963,0.0,0.09999254943450207,0.0,0.0,0.09999254943450207,0.0
25.500696897506714,-0.38999998569488525,4.033999919891357,4.060999870300293,4.059000015258789,4.063000202178955,4.064000129699707,4.066999912261963,nan,nan,nan,nan,nan,nan
25.660189628601074,-0.4000000059604645,4.033999919891357,4.060999870300293,4.059000015258789,4.063000202178955,4.063000202178955,4.066999912261963,0.0,0.0,0.0,0.0,0.09999254943450207,0.0
25.84154725074768,-0.4099999964237213,4.033999919891357,4.061999797821045,4.059000015258789,4.063000202178955,4.063000202178955,4.066999912261963,0.0,0.09999284743580573,0.0,0.0,0.0,0.0
26.001123666763306,-0.4000000059604645,4.033999919891357,4.060999870300293,4.059000015258789,4.063000202178955,4.063000202178955,4.066999912261963,0.0,0.09999284743580573,0.0,0.0,0.0,0.0
26.180293560028076,-0.4000000059604645,4.033999919891357,4.060999870300293,4.059000015258789,4.063000202178955,4.063000202178955,4.066999912261963,nan,nan,nan,nan,nan,nan
26.361689567565918,-0.4000000059604645,4.033999919891357,4.060999870300293,4.059000015258789,4.063000202178955,4.063000202178955,4.066999912261963,nan,nan,nan,nan,nan,nan
26.51963210105896,-0.38999998569488525,4.033999919891357,4.060999870300293,4.059000015258789,4.063000202178955,4.063000202178955,4.066999912261963,0.0,0.0,0.0,0.0,0.0,0.0
26.700137615203857,-0.4000000059604645,4.033999919891357,4.060999870300293,4.059000015258789,4.063000202178955,4.063000202178955,4.066999912261963,0.0,0.0,0.0,0.0,0.0,0.0
26.880429983139038,-0.38999998569488525,4.033999919891357,4.060999870300293,4.059000015258789,4.063000202178955,4.063000202178955,4.066999912261963,0.0,0.0,0.0,0.0,0.0,0.0
27.041620016098022,-0.4000000059604645,4.033999919891357,4.061999797821045,4.059000015258789,4.063000202178955,4.063000202178955,4.066999912261963,0.0,0.09999254943450207,0.0,0.0,0.0,0.0
27.220494031906128,-0.3799999952316284,4.033999919891357,4.060999870300293,4.059000015258789,4.063000202178955,4.063000202178955,4.066999912261963,0.0,0.04999634921746594,0.0,0.0,0.0,0.0
27.379942417144775,-0.38999998569488525,4.033999919891357,4.060999870300293,4.059000015258789,4.063000202178955,4.063000202178955,4.066999912261963,0.0,0.0,0.0,0.0,0.0,0.0
27.559895038604736,-0.4000000059604645,4.033999919891357,4.060999870300293,4.059000015258789,4.063000202178955,4.063000202178955,4.066999912261963,0.0,0.0,0.0,0.0,0.0,0.0
27.74060320854187,-0.38999998569488525,4.033999919891357,4.061999797821045,4.059000015258789,4.063000202178955,4.063000202178955,4.066999912261963,0.0,0.09999254943450207,0.0,0.0,0.0,0.0
27.8999183177948,-0.4000000059604645,4.033999919891357,4.060999870300293,4.059000015258789,4.063000202178955,4.063000202178955,4.066999912261963,0.0,0.09999254943450207,0.0,0.0,0.0,0.0
28.08169412612915,-0.4000000059604645,4.033999919891357,4.060999870300293,4.059000015258789,4.063000202178955,4.063000202178955,4.066999912261963,nan,nan,nan,nan,nan,nan
28.239696741104126,-0.4000000059604645,4.033999919891357,4.060999870300293,4.059000015258789,4.063000202178955,4.063000202178955,4.066999912261963,nan,nan,nan,nan,nan,nan
28.41994571685791,-0.4099999964237213,4.033999919891357,4.061999797821045,4.059000015258789,4.063000202178955,4.063000202178955,4.066999912261963,0.0,0.09999284743580573,0.0,0.0,0.0,0.0
28.601526021957397,-0.38999998569488525,4.033999919891357,4.060999870300293,4.059000015258789,4.063000202178955,4.063000202178955,4.066999912261963,0.0,0.04999634921746594,0.0,0.0,0.0,0.0
28.76013708114624,-0.4099999964237213,4.033999919891357,4.060999870300293,4.059000015258789,4.063000202178955,4.063000202178955,4.066999912261963,0.0,0.0,0.0,0.0,0.0,0.0
28.940083265304565,-0.4000000059604645,4.033999919891357,4.060999870300293,4.059000015258789,4.063000202178955,4.063000202178955,4.066999912261963,0.0,0.0,0.0,0.0,0.0,0.0
29.120476484298706,-0.38999998569488525,4.033999919891357,4.060999870300293,4.059000015258789,4.063000202178955,4.063000202178955,4.066999912261963,0.0,0.0,0.0,0.0,0.0,0.0
29.279906511306763,-0.38999998569488525,4.033999919891357,4.060999870300293,4.059000015258789,4.063000202178955,4.063000202178955,4.066999912261963,nan,nan,nan,nan,nan,nan
29.46036720275879,-0.4000000059604645,4.033999919891357,4.060999870300293,4.059000015258789,4.063000202178955,4.063000202178955,4.066999912261963,0.0,0.0,0.0,0.0,0.0,0.0
29.61973762512207,-0.4000000059604645,4.033999919891357,4.060999870300293,4.059000015258789,4.063000202178955,4.063000202178955,4.066999912261963,nan,nan,nan,nan,nan,nan
29.79995584487915,-0.4000000059604645,4.033999919891357,4.061999797821045,4.059000015258789,4.063000202178955,4.063000202178955,4.066999912261963,nan,nan,nan,nan,nan,nan
29.980504512786865,-0.4000000059604645,4.033999919891357,4.060999870300293,4.059000015258789,4.063000202178955,4.063000202178955,4.066999912261963,nan,nan,nan,nan,nan,nan
30.139904260635376,-0.4000000059604645,4.033999919891357,4.060999870300293,4.059000015258789,4.063000202178955,4.063000202178955,4.066999912261963,nan,nan,nan,nan,nan,nan
30.321670532226562,-0.4000000059604645,4.033999919891357,4.060999870300293,4.059000015258789,4.063000202178955,4.063000202178955,4.066999912261963,nan,nan,nan,nan,nan,nan
30.47974729537964,-0.4000000059604645,4.033999919891357,4.060999870300293,4.059000015258789,4.063000202178955,4.063000202178955,4.066999912261963,nan,nan,nan,nan,nan,nan
30.65994930267334,-0.4000000059604645,4.033999919891357,4.060999870300293,4.059000015258789,4.061999797821045,4.063000202178955,4.066999912261963,nan,nan,nan,nan,nan,nan
30.840044498443604,-0.4000000059604645,4.033999919891357,4.060999870300293,4.059000015258789,4.063000202178955,4.063000202178955,4.066999912261963,nan,nan,nan,nan,nan,nan
30.999870538711548,-0.38999998569488525,4.033999919891357,4.060999870300293,4.059000015258789,4.063000202178955,4.063000202178955,4.066999912261963,0.0,0.0,0.0,0.0,0.0,0.0
31.180242776870728,-0.4000000059604645,4.033999919891357,4.060999870300293,4.059000015258789,4.063000202178955,4.063000202178955,4.066999912261963,0.0,0.0,0.0,0.0,0.0,0.0
31.36165499687195,-0.4000000059604645,4.033999919891357,4.060999870300293,4.059000015258789,4.063000202178955,4.063000202178955,4.066999912261963,nan,nan,nan,nan,nan,nan
31.52074146270752,-0.41999998688697815,4.033999919891357,4.060999870300293,4.059000015258789,4.063000202178955,4.063000202178955,4.066999912261963,0.0,0.0,0.0,0.0,0.0,0.0
31.700971126556396,-0.4000000059604645,4.033999919891357,4.061999797821045,4.059000015258789,4.063000202178955,4.063000202178955,4.066999912261963,0.0,0.04999642371790287,0.0,0.0,0.0,0.0
31.860460996627808,-0.38999998569488525,4.033999919891357,4.060999870300293,4.059000015258789,4.063000202178955,4.063000202178955,4.066999912261963,0.0,0.09999254943450207,0.0,0.0,0.0,0.0
32.04088377952576,-0.4000000059604645,4.033999919891357,4.060999870300293,4.059000015258789,4.063000202178955,4.063000202178955,4.066999912261963,0.0,0.0,0.0,0.0,0.0,0.0
32.21988105773926,-0.38999998569488525,4.033999919891357,4.060999870300293,4.059000015258789,4.063000202178955,4.063000202178955,4.066999912261963,0.0,0.0,0.0,0.0,0.0,0.0
32.38075375556946,-0.4000000059604645,4.033999919891357,4.060999870300293,4.059000015258789,4.063000202178955,4.063000202178955,4.066999912261963,0.0,0.0,0.0,0.0,0.0,0.0
32.55988335609436,-0.4000000059604645,4.0329999923706055,4.060999870300293,4.059000015258789,4.063000202178955,4.063000202178955,4.066999912261963,nan,nan,nan,nan,nan,nan
32.720678091049194,-0.4000000059604645,4.033999919891357,4.060999870300293,4.059000015258789,4.061999797821045,4.063000202178955,4.066999912261963,nan,nan,nan,nan,nan,nan
32.90087914466858,-0.4000000059604645,4.033999919891357,4.060999870300293,4.059000015258789,4.061999797821045,4.063000202178955,4.066999912261963,nan,nan,nan,nan,nan,nan
33.07964587211609,-0.4000000059604645,4.033999919891357,4.060999870300293,4.059000015258789,4.063000202178955,4.063000202178955,4.066999912261963,nan,nan,nan,nan,nan,nan
33.24061846733093,-0.4000000059604645,4.033999919891357,4.060999870300293,4.059000015258789,4.063000202178955,4.063000202178955,4.066999912261963,nan,nan,nan,nan,nan,nan
33.42097020149231,-0.4000000059604645,4.033999919891357,4.060999870300293,4.059000015258789,4.063000202178955,4.063000202178955,4.066999912261963,nan,nan,nan,nan,nan,nan
33.59985709190369,-0.4000000059604645,4.033999919891357,4.060999870300293,4.059000015258789,4.061999797821045,4.063000202178955,4.066999912261963,nan,nan,nan,nan,nan,nan
33.759331464767456,-0.4099999964237213,4.033999919891357,4.060999870300293,4.059000015258789,4.063000202178955,4.064000129699707,4.066999912261963,0.0,0.0,0.0,0.10004053119710082,0.09999284743580573,0.0
33.939985036849976,-0.4000000059604645,4.033999919891357,4.060999870300293,4.059000015258789,4.063000202178955,4.063000202178955,4.066999912261963,0.0,0.0,0.0,0.0,0.09999284743580573,0.0
34.0994017124176,-0.4000000059604645,4.033999919891357,4.060999870300293,4.059000015258789,4.063000202178955,4.063000202178955,4.066999912261963,nan,nan,nan,nan,nan,nan
34.279722690582275,-0.4000000059604645,4.033999919891357,4.060999870300293,4.059000015258789,4.063000202178955,4.063000202178955,4.066999912261963,nan,nan,nan,nan,nan,nan
34.46003270149231,-0.4000000059604645,4.033999919891357,4.060999870300293,4.059000015258789,4.063000202178955,4.063000202178955,4.066999912261963,nan,nan,nan,nan,nan,nan
34.620744466781616,-0.38999998569488525,4.033999919891357,4.060999870300293,4.059000015258789,4.063000202178955,4.063000202178955,4.066999912261963,0.0,0.0,0.0,0.0,0.0,0.0
34.80115056037903,-0.4099999964237213,4.033999919891357,4.060999870300293,4.059000015258789,4.063000202178955,4.063000202178955,4.066999912261963,0.0,0.0,0.0,0.0,0.0,0.0
34.960397720336914,-0.41999998688697815,4.033999919891357,4.060999870300293,4.059000015258789,4.063000202178955,4.063000202178955,4.066999912261963,0.0,0.0,0.0,0.0,0.0,0.0
35.14111566543579,-0.4000000059604645,4.033999919891357,4.060999870300293,4.059000015258789,4.063000202178955,4.063000202178955,4.066999912261963,0.0,0.0,0.0,0.0,0.0,0.0
35.319660902023315,-0.4000000059604645,4.033999919891357,4.060999870300293,4.059000015258789,4.063000202178955,4.063000202178955,4.066999912261963,nan,nan,nan,nan,nan,nan
35.48051834106445,-0.4000000059604645,4.033999919891357,4.060999870300293,4.059000015258789,4.061999797821045,4.063000202178955,4.066999912261963,nan,nan,nan,nan,nan,nan
35.66099667549133,-0.4000000059604645,4.033999919891357,4.060999870300293,4.059000015258789,4.063000202178955,4.063000202178955,4.066999912261963,nan,nan,nan,nan,nan,nan
35.84054970741272,-0.4099999964237213,4.0329999923706055,4.060999870300293,4.059000015258789,4.063000202178955,4.063000202178955,4.066999912261963,0.09999284743580573,0.0,0.0,0.0,0.0,0.0
36.00038409233093,-0.4000000059604645,4.033999919891357,4.060999870300293,4.059000015258789,4.063000202178955,4.063000202178955,4.066999912261963,0.09999284743580573,0.0,0.0,0.0,0.0,0.0
36.180662393569946,-0.4099999964237213,4.033999919891357,4.060999870300293,4.059000015258789,4.061999797821045,4.063000202178955,4.066999912261963,0.0,0.0,0.0,0.10004053119710082,0.0,0.0
36.34009623527527,-0.4000000059604645,4.033999919891357,4.060999870300293,4.059000015258789,4.063000202178955,4.063000202178955,4.066999912261963,0.0,0.0,0.0,0.10004053119710082,0.0,0.0
36.52020978927612,-0.4000000059604645,4.033999919891357,4.060999870300293,4.059000015258789,4.063000202178955,4.063000202178955,4.066999912261963,nan,nan,nan,nan,nan,nan
36.699280977249146,-0.3799999952316284,4.033999919891357,4.060999870300293,4.059000015258789,4.061999797821045,4.063000202178955,4.066999912261963,0.0,0.0,0.0,0.05002019106258633,0.0,0.0
36.860650300979614,-0.4000000059604645,4.033999919891357,4.060999870300293,4.059000015258789,4.063000202178955,4.063000202178955,4.066999912261963,0.0,0.0,0.0,0.05002019106258633,0.0,0.0
37.039589405059814,-0.3799999952316284,4.033999919891357,4.060999870300293,4.059000015258789,4.061999797821045,4.063000202178955,4.066999912261963,0.0,0.0,0.0,0.05002019106258633,0.0,0.0
37.20099091529846,-0.4000000059604645,4.0329999923706055,4.060999870300293,4.059000015258789,4.063000202178955,4.063000202178955,4.066999912261963,0.04999634921746594,0.0,0.0,0.05002019106258633,0.0,0.0
37.380714416503906,-0.38999998569488525,4.0329999923706055,4.060999870300293,4.059000015258789,4.061999797821045,4.063000202178955,4.066999912261963,0.0,0.0,0.0,0.10004023305368878,0.0,0.0
37.56082201004028,-0.4000000059604645,4.033999919891357,4.060999870300293,4.059000015258789,4.061999797821045,4.063000202178955,4.066999912261963,0.09999254943450207,0.0,0.0,0.0,0.0,0.0
37.720348834991455,-0.4000000059604645,4.033999919891357,4.060999870300293,4.059000015258789,4.063000202178955,4.063000202178955,4.066999912261963,nan,nan,nan,nan,nan,nan
37.90076494216919,-0.4000000059604645,4.033999919891357,4.060999870300293,4.059000015258789,4.061999797821045,4.063000202178955,4.066999912261963,nan,nan,nan,nan,nan,nan
38.079516887664795,-0.4000000059604645,4.033999919891357,4.060999870300293,4.059000015258789,4.063000202178955,4.063000202178955,4.066999912261963,nan,nan,nan,nan,nan,nan
38.24074625968933,-0.4000000059604645,4.0329999923706055,4.060999870300293,4.059000015258789,4.063000202178955,4.063000202178955,4.066999912261963,nan,nan,nan,nan,nan,nan
38.4198055267334,-0.4000000059604645,4.033999919891357,4.060999870300293,4.059000015258789,4.063000202178955,4.063000202178955,4.066999912261963,nan,nan,nan,nan,nan,nan
38.58157777786255,-0.4000000059604645,4.033999919891357,4.060999870300293,4.059000015258789,4.063000202178955,4.063000202178955,4.066999912261963,nan,nan,nan,nan,nan,nan
38.76052141189575,-0.4000000059604645,4.0329999923706055,4.060999870300293,4.059000015258789,4.061999797821045,4.063000202178955,4.066999912261963,nan,nan,nan,nan,nan,nan
38.9404833316803,-0.4000000059604645,4.033999919891357,4.060999870300293,4.059000015258789,4.063000202178955,4.063000202178955,4.066999912261963,nan,nan,nan,nan,nan,nan
39.101592779159546,-0.38999998569488525,4.0329999923706055,4.060999870300293,4.059000015258789,4.061999797821045,4.063000202178955,4.066999912261963,0.09999254943450207,0.0,0.0,0.10004023305368878,0.0,0.0
39.280356645584106,-0.38999998569488525,4.033999919891357,4.060999870300293,4.059000015258789,4.063000202178955,4.063000202178955,4.066999912261963,nan,nan,nan,nan,nan,nan
39.439995527267456,-0.4000000059604645,4.0329999923706055,4.060999870300293,4.059000015258789,4.061999797821045,4.063000202178955,4.066999912261963,0.09999254943450207,0.0,0.0,0.10004023305368878,0.0,0.0
39.61994647979736,-0.4099999964237213,4.0329999923706055,4.060999870300293,4.059000015258789,4.061999797821045,4.063000202178955,4.066999912261963,0.0,0.0,0.0,0.0,0.0,0.0
39.79990839958191,-0.4099999964237213,4.0329999923706055,4.060999870300293,4.059000015258789,4.063000202178955,4.063000202178955,4.066999912261963,nan,nan,nan,nan,nan,nan
39.9595103263855,-0.4000000059604645,4.0329999923706055,4.060999870300293,4.059000015258789,4.061999797821045,4.063000202178955,4.066999912261963,0.0,0.0,0.0,0.10004053119710082,0.0,0.0
40.139862060546875,-0.4000000059604645,4.0329999923706055,4.060999870300293,4.059000015258789,4.061999797821045,4.063000202178955,4.066999912261963,nan,nan,nan,nan,nan,nan
40.300652503967285,-0.4300000071525574,4.0329999923706055,4.060999870300293,4.059000015258789,4.061999797821045,4.063000202178955,4.066999912261963,0.0,0.0,0.0,0.0,0.0,0.0
40.47941207885742,-0.4300000071525574,4.0329999923706055,4.060999870300293,4.058000087738037,4.063000202178955,4.063000202178955,4.066999912261963,nan,nan,nan,nan,nan,nan
40.65954232215881,-0.41999998688697815,4.0329999923706055,4.060999870300293,4.059000015258789,4.061999797821045,4.063000202178955,4.065999984741211,0.0,0.0,0.09999254943450207,0.10004023305368878,0.0,0.09999254943450207
40.82063388824463,-0.44999998807907104,4.0329999923706055,4.060999870300293,4.059000015258789,4.061999797821045,4.063000202178955,4.066999912261963,0.0,0.0,0.0,0.0,0.0,0.033330916033946834
41.000844955444336,-0.41999998688697815,4.0329999923706055,4.060999870300293,4.059000015258789,4.063000202178955,4.063000202178955,4.065999984741211,0.0,0.0,0.0,0.03334681060525534,0.0,0.033330916033946834
41.179344177246094,-0.4300000071525574,4.0329999923706055,4.060999870300293,4.059000015258789,4.061999797821045,4.063000202178955,4.066999912261963,0.0,0.0,0.0,0.10004023305368878,0.0,0.09999254943450207
41.34073495864868,-0.4099999964237213,4.0329999923706055,4.060999870300293,4.059000015258789,4.061999797821045,4.063000202178955,4.065999984741211,0.0,0.0,0.0,0.0,0.0,0.04999634921746594
41.51969861984253,-0.41999998688697815,4.0329999923706055,4.060999870300293,4.058000087738037,4.061999797821045,4.063000202178955,4.066999912261963,0.0,0.0,0.09999284743580573,0.0,0.0,0.09999284743580573
41.68074107170105,-0.4099999964237213,4.0329999923706055,4.060999870300293,4.059000015258789,4.063000202178955,4.063000202178955,4.066999912261963,0.0,0.0,0.09999284743580573,0.10004053119710082,0.0,0.0
41.85950064659119,-0.41999998688697815,4.0329999923706055,4.060999870300293,4.058000087738037,4.061999797821045,4.063000202178955,4.065999984741211,0.0,0.0,0.09999284743580573,0.10004053119710082,0.0,0.09999284743580573
42.040236711502075,-0.4300000071525574,4.0329999923706055,4.060999870300293,4.059000015258789,4.061999797821045,4.063000202178955,4.066999912261963,0.0,0.0,0.09999254943450207,0.0,0.0,0.09999254943450207
42.20092153549194,-0.41999998688697815,4.0329999923706055,4.060999870300293,4.059000015258789,4.061999797821045,4.063000202178955,4.066999912261963,0.0,0.0,0.0,0.0,0.0,0.0
42.37962865829468,-0.4300000071525574,4.0329999923706055,4.060999870300293,4.058000087738037,4.061999797821045,4.063000202178955,4.066999912261963,0.0,0.0,0.09999254943450207,0.0,0.0,0.0
42.540897846221924,-0.41999998688697815,4.0329999923706055,4.060999870300293,4.059000015258789,4.063000202178955,4.063000202178955,4.066999912261963,0.0,0.0,0.09999254943450207,0.10004023305368878,0.0,0.0
42.720855951309204,-0.41999998688697815,4.0329999923706055,4.060999870300293,4.059000015258789,4.061999797821045,4.063000202178955,4.066999912261963,nan,nan,nan,nan,nan,nan
42.89983797073364,-0.4300000071525574,4.0329999923706055,4.060999870300293,4.059000015258789,4.061999797821045,4.063000202178955,4.066999912261963,0.0,0.0,0.0,0.0,0.0,0.0
43.05955266952515,-0.41999998688697815,4.0329999923706055,4.060999870300293,4.059000015258789,4.061999797821045,4.063000202178955,4.066999912261963,0.0,0.0,0.0,0.0,0.0,0.0
43.23979949951172,-0.4099999964237213,4.0329999923706055,4.060999870300293,4.058000087738037,4.061999797821045,4.063000202178955,4.066999912261963,0.0,0.0,0.09999284743580573,0.0,0.0,0.0
43.4199595451355,-0.41999998688697815,4.0329999923706055,4.060999870300293,4.058000087738037,4.063000202178955,4.063000202178955,4.066999912261963,0.0,0.0,0.0,0.10004053119710082,0.0,0.0
43.58084511756897,-0.41999998688697815,4.0329999923706055,4.060999870300293,4.058000087738037,4.061999797821045,4.063000202178955,4.065999984741211,nan,nan,nan,nan,nan,nan
43.75984001159668,-0.41999998688697815,4.0329999923706055,4.060999870300293,4.058000087738037,4.061999797821045,4.063000202178955,4.065999984741211,nan,nan,nan,nan,nan,nan
43.92076110839844,-0.4300000071525574,4.0329999923706055,4.060999870300293,4.058000087738037,4.061999797821045,4.063000202178955,4.065999984741211,0.0,0.0,0.0,0.0,0.0,0.0
44.09955883026123,-0.4399999976158142,4.0329999923706055,4.060999870300293,4.058000087738037,4.061999797821045,4.063000202178955,4.066999912261963,0.0,0.0,0.0,0.0,0.0,0.09999284743580573
44.280009746551514,-0.4099999964237213,4.0329999923706055,4.060999870300293,4.059000015258789,4.061999797821045,4.063000202178955,4.065999984741211,0.0,0.0,0.033330916033946834,0.0,0.0,0.033330916033946834
44.43962383270264,-0.4000000059604645,4.0329999923706055,4.060999870300293,4.059000015258789,4.061999797821045,4.063000202178955,4.065999984741211,0.0,0.0,0.0,0.0,0.0,0.0
44.61971640586853,-0.4000000059604645,4.0329999923706055,4.060999870300293,4.058000087738037,4.061999797821045,4.063000202178955,4.065999984741211,nan,nan,nan,nan,nan,nan
44.78073287010193,-0.4000000059604645,4.0329999923706055,4.060999870300293,4.059000015258789,4.061999797821045,4.063000202178955,4.066999912261963,nan,nan,nan,nan,nan,nan
44.96104454994202,-0.4000000059604645,4.0329999923706055,4.060999870300293,4.059000015258789,4.061999797821045,4.063000202178955,4.066999912261963,nan,nan,nan,nan,nan,nan
45.13986396789551,-0.4000000059604645,4.0329999923706055,4.060999870300293,4.058000087738037,4.061999797821045,4.063000202178955,4.066999912261963,nan,nan,nan,nan,nan,nan
45.29976773262024,-0.4099999964237213,4.0329999923706055,4.060999870300293,4.058000087738037,4.063000202178955,4.063000202178955,4.065999984741211,0.0,0.0,0.0,0.10004053119710082,0.0,0.09999284743580573
45.47969651222229,-0.4000000059604645,4.0329999923706055,4.060999870300293,4.059000015258789,4.061999797821045,4.063000202178955,4.066999912261963,0.0,0.0,0.09999284743580573,0.10004053119710082,0.0,0.09999284743580573
45.66149616241455,-0.38999998569488525,4.0329999923706055,4.060999870300293,4.058000087738037,4.061999797821045,4.063000202178955,4.066999912261963,0.0,0.0,0.09999254943450207,0.0,0.0,0.0
45.819483280181885,-0.4000000059604645,4.0329999923706055,4.060999870300293,4.059000015258789,4.061999797821045,4.063000202178955,4.066999912261963,0.0,0.0,0.09999254943450207,0.0,0.0,0.0
45.99986743927002,-0.4000000059604645,4.0329999923706055,4.060999870300293,4.059000015258789,4.063000202178955,4.063000202178955,4.065999984741211,nan,nan,nan,nan,nan,nan
46.16097331047058,-0.4000000059604645,4.0329999923706055,4.060999870300293,4.058000087738037,4.063000202178955,4.063000202178955,4.066999912261963,nan,nan,nan,nan,nan,nan
46.33991575241089,-0.4000000059604645,4.0329999923706055,4.060999870300293,4.058000087738037,4.061999797821045,4.063000202178955,4.066999912261963,nan,nan,nan,nan,nan,nan
46.520058393478394,-0.4099999964237213,4.0329999923706055,4.060999870300293,4.058000087738037,4.061999797821045,4.063000202178955,4.066999912261963,0.0,0.0,0.0,0.0,0.0,0.0
46.68002700805664,-0.4000000059604645,4.0329999923706055,4.060999870300293,4.059000015258789,4.061999797821045,4.063000202178955,4.066999912261963,0.0,0.0,0.09999284743580573,0.0,0.0,0.0
46.86017298698425,-0.4000000059604645,4.0329999923706055,4.060999870300293,4.058000087738037,4.061999797821045,4.063000202178955,4.066999912261963,nan,nan,nan,nan,nan,nan
47.0197479724884,-0.4000000059604645,4.0329999923706055,4.060999870300293,4.058000087738037,4.061999797821045,4.063000202178955,4.066999912261963,nan,nan,nan,nan,nan,nan
47.20008087158203,-0.4000000059604645,4.0329999923706055,4.060999870300293,4.059000015258789,4.061999797821045,4.063000202178955,4.066999912261963,nan,nan,nan,nan,nan,nan
47.38048815727234,-0.38999998569488525,4.0329999923706055,4.060999870300293,4.058000087738037,4.061999797821045,4.063000202178955,4.066999912261963,0.0,0.0,0.09999254943450207,0.0,0.0,0.0
47.539573431015015,-0.38999998569488525,4.0329999923706055,4.060999870300293,4.059000015258789,4.061999797821045,4.063000202178955,4.066999912261963,nan,nan,nan,nan,nan,nan
47.72006607055664,-0.4000000059604645,4.0329999923706055,4.060999870300293,4.058000087738037,4.061999797821045,4.063000202178955,4.066999912261963,0.0,0.0,0.09999254943450207,0.0,0.0,0.0
47.900630474090576,-0.38999998569488525,4.0329999923706055,4.060999870300293,4.058000087738037,4.061999797821045,4.063000202178955,4.066999912261963,0.0,0.0,0.0,0.0,0.0,0.0
48.06140613555908,-0.4000000059604645,4.0329999923706055,4.060999870300293,4.058000087738037,4.061999797821045,4.063000202178955,4.066999912261963,0.0,0.0,0.0,0.0,0.0,0.0
48.23987674713135,-0.4000000059604645,4.0329999923706055,4.060999870300293,4.058000087738037,4.061999797821045,4.063000202178955,4.066999912261963,nan,nan,nan,nan,nan,nan
48.40071630477905,-0.4000000059604645,4.0329999923706055,4.060999870300293,4.059000015258789,4.061999797821045,4.063000202178955,4.066999912261963,nan,nan,nan,nan,nan,nan
48.58185029029846,-0.4000000059604645,4.0329999923706055,4.060999870300293,4.058000087738037,4.061999797821045,4.063000202178955,4.066999912261963,nan,nan,nan,nan,nan,nan
48.7594530582428,-0.38999998569488525,4.0329999923706055,4.060999870300293,4.058000087738037,4.063000202178955,4.063000202178955,4.066999912261963,0.0,0.0,0.0,0.10004023305368878,0.0,0.0
48.92110824584961,-0.3799999952316284,4.0329999923706055,4.060999870300293,4.058000087738037,4.061999797821045,4.063000202178955,4.065999984741211,0.0,0.0,0.0,0.10004053119710082,0.0,0.09999284743580573
49.10091853141785,-0.4000000059604645,4.0329999923706055,4.060999870300293,4.058000087738037,4.063000202178955,4.063000202178955,4.066999912261963,0.0,0.0,0.0,0.05002019106258633,0.0,0.04999634921746594
49.26061391830444,-0.4000000059604645,4.0329999923706055,4.060999870300293,4.058000087738037,4.061999797821045,4.063000202178955,4.066999912261963,nan,nan,nan,nan,nan,nan
49.44082498550415,-0.4000000059604645,4.0329999923706055,4.060999870300293,4.058000087738037,4.061999797821045,4.063000202178955,4.065999984741211,nan,nan,nan,nan,nan,nan
49.62071657180786,-0.4000000059604645,4.0329999923706055,4.060999870300293,4.059000015258789,4.061999797821045,4.063000202178955,4.065999984741211,nan,nan,nan,nan,nan,nan
49.780275106430054,-0.4099999964237213,4.0329999923706055,4.060999870300293,4.058000087738037,4.061999797821045,4.063000202178955,4.066999912261963,0.0,0.0,0.09999284743580573,0.0,0.0,0.09999284743580573
49.960458517074585,-0.4000000059604645,4.0329999923706055,4.060999870300293,4.059000015258789,4.061999797821045,4.063000202178955,4.066999912261963,0.0,0.0,0.09999284743580573,0.0,0.0,0.0
50.120032787323,-0.4000000059604645,4.0329999923706055,4.060999870300293,4.059000015258789,4.061999797821045,4.063000202178955,4.066999912261963,nan,nan,nan,nan,nan,nan
50.30060148239136,-0.4000000059604645,4.0329999923706055,4.060999870300293,4.058000087738037,4.061999797821045,4.063000202178955,4.066999912261963,nan,nan,nan,nan,nan,nan
50.480650663375854,-0.38999998569488525,4.0329999923706055,4.060999870300293,4.058000087738037,4.061999797821045,4.063000202178955,4.065999984741211,0.0,0.0,0.0,0.0,0.0,0.09999254943450207
50.641584634780884,-0.4099999964237213,4.0329999923706055,4.060999870300293,4.058000087738037,4.061999797821045,4.063000202178955,4.066999912261963,0.0,0.0,0.0,0.0,0.0,0.04999634921746594
50.82035160064697,-0.4000000059604645,4.0329999923706055,4.060999870300293,4.059000015258789,4.061999797821045,4.063000202178955,4.065999984741211,0.0,0.0,0.09999284743580573,0.0,0.0,0.09999284743580573
51.000624656677246,-0.38999998569488525,4.0329999923706055,4.060999870300293,4.059000015258789,4.061999797821045,4.063000202178955,4.065999984741211,0.0,0.0,0.0,0.0,0.0,0.0
51.160149574279785,-0.4099999964237213,4.0329999923706055,4.060999870300293,4.058000087738037,4.063000202178955,4.063000202178955,4.066999912261963,0.0,0.0,0.04999634921746594,0.05002019106258633,0.0,0.04999634921746594
51.34046006202698,-0.4000000059604645,4.0329999923706055,4.060999870300293,4.058000087738037,4.061999797821045,4.063000202178955,4.065999984741211,0.0,0.0,0.0,0.10004053119710082,0.0,0.09999284743580573
51.50112581253052,-0.4000000059604645,4.0329999923706055,4.060999870300293,4.058000087738037,4.061999797821045,4.063000202178955,4.065999984741211,nan,nan,nan,nan,nan,nan
51.680450201034546,-0.41999998688697815,4.0329999923706055,4.060999870300293,4.058000087738037,4.061999797821045,4.063000202178955,4.065999984741211,0.0,0.0,0.0,0.0,0.0,0.0
51.85994291305542,-0.4000000059604645,4.0329999923706055,4.060999870300293,4.058000087738037,4.061999797821045,4.063000202178955,4.066999912261963,0.0,0.0,0.0,0.0,0.0,0.04999642371790287
52.0197389125824,-0.4000000059604645,4.0329999923706055,4.060999870300293,4.059000015258789,4.061999797821045,4.063000202178955,4.066999912261963,nan,nan,nan,nan,nan,nan
52.19999575614929,-0.4099999964237213,4.0329999923706055,4.060999870300293,4.058000087738037,4.061999797821045,4.063000202178955,4.065999984741211,0.0,0.0,0.09999284743580573,0.0,0.0,0.09999284743580573
52.36113977432251,-0.4099999964237213,4.0329999923706055,4.060999870300293,4.058000087738037,4.061999797821045,4.063000202178955,4.066999912261963,nan,nan,nan,nan,nan,nan
52.54001998901367,-0.4000000059604645,4.0329999923706055,4.060999870300293,4.058000087738037,4.061999797821045,4.063000202178955,4.065999984741211,0.0,0.0,0.0,0.0,0.0,0.09999284743580573
52.720195293426514,-0.4000000059604645,4.0329999923706055,4.060999870300293,4.059000015258789,4.061999797821045,4.063000202178955,4.065999984741211,nan,nan,nan,nan,nan,nan
52.87971377372742,-0.4099999964237213,4.0329999923706055,4.060999870300293,4.059000015258789,4.061999797821045,4.063000202178955,4.065999984741211,0.0,0.0,0.0,0.0,0.0,0.0
53.0601019859314,-0.4000000059604645,4.0329999923706055,4.060999870300293,4.059000015258789,4.061999797821045,4.063000202178955,4.065999984741211,0.0,0.0,0.0,0.0,0.0,0.0
53.24039840698242,-0.4000000059604645,4.0329999923706055,4.060999870300293,4.058000087738037,4.061999797821045,4.063000202178955,4.066999912261963,nan,nan,nan,nan,nan,nan
53.399924755096436,-0.4000000059604645,4.0329999923706055,4.060999870300293,4.058000087738037,4.061999797821045,4.063000202178955,4.065999984741211,nan,nan,nan,nan,nan,nan
53.58004426956177,-0.3799999952316284,4.0329999923706055,4.060999870300293,4.058000087738037,4.061999797821045,4.063000202178955,4.066999912261963,0.0,0.0,0.0,0.0,0.0,0.04999634921746594
53.74050974845886,-0.4099999964237213,4.0329999923706055,4.060999870300293,4.058000087738037,4.061999797821045,4.063000202178955,4.066999912261963,0.0,0.0,0.0,0.0,0.0,0.0
53.920706272125244,-0.4000000059604645,4.0329999923706055,4.060999870300293,4.058000087738037,4.061999797821045,4.063000202178955,4.066999912261963,0.0,0.0,0.0,0.0,0.0,0.0
54.09945464134216,-0.4000000059604645,4.0329999923706055,4.060999870300293,4.058000087738037,4.061999797821045,4.063000202178955,4.066999912261963,nan,nan,nan,nan,nan,nan
54.260577917099,-0.4000000059604645,4.0329999923706055,4.060999870300293,4.058000087738037,4.061999797821045,4.063000202178955,4.065999984741211,nan,nan,nan,nan,nan,nan
54.43916726112366,-0.38999998569488525,4.0329999923706055,4.060999870300293,4.058000087738037,4.061999797821045,4.063000202178955,4.065999984741211,0.0,0.0,0.0,0.0,0.0,0.0
54.600321769714355,-0.4000000059604645,4.0329999923706055,4.060999870300293,4.058000087738037,4.061999797821045,4.063000202178955,4.065999984741211,0.0,0.0,0.0,0.0,0.0,0.0
54.7807195186615,-0.4399999976158142,4.0329999923706055,4.060999870300293,4.058000087738037,4.061999797821045,4.063000202178955,4.066999912261963,0.0,0.0,0.0,0.0,0.0,0.024998193233828327
54.96083617210388,-0.41999998688697815,4.0329999923706055,4.060999870300293,4.059000015258789,4.061999797821045,4.063000202178955,4.066999912261963,0.0,0.0,0.04999634921746594,0.0,0.0,0.0
55.12049078941345,-0.4000000059604645,4.0329999923706055,4.060999870300293,4.059000015258789,4.061999797821045,4.063000202178955,4.065999984741211,0.0,0.0,0.0,0.0,0.0,0.04999642371790287
55.30110716819763,-0.4000000059604645,4.0329999923706055,4.060999870300293,4.058000087738037,4.061999797821045,4.063000202178955,4.065999984741211,nan,nan,nan,nan,nan,nan
55.45992302894592,-0.4000000059604645,4.0329999923706055,4.060999870300293,4.058000087738037,4.061999797821045,4.063000202178955,4.065999984741211,nan,nan,nan,nan,nan,nan
55.64046335220337,-0.4000000059604645,4.0329999923706055,4.060999870300293,4.058000087738037,4.061999797821045,4.063000202178955,4.065999984741211,nan,nan,nan,nan,nan,nan
55.82086801528931,-0.4000000059604645,4.0329999923706055,4.060999870300293,4.059000015258789,4.061999797821045,4.063000202178955,4.065999984741211,nan,nan,nan,nan,nan,nan
55.98021650314331,-0.38999998569488525,4.0329999923706055,4.060999870300293,4.058000087738037,4.061999797821045,4.063000202178955,4.066999912261963,0.0,0.0,0.09999254943450207,0.0,0.0,0.09999254943450207
56.160715103149414,-0.4099999964237213,4.0329999923706055,4.060999870300293,4.058000087738037,4.061999797821045,4.063000202178955,4.065999984741211,0.0,0.0,0.0,0.0,0.0,0.04999634921746594
56.339484453201294,-0.4000000059604645,4.0329999923706055,4.060999870300293,4.059000015258789,4.061999797821045,4.063000202178955,4.065999984741211,0.0,0.0,0.09999284743580573,0.0,0.0,0.0
56.500423431396484,-0.4000000059604645,4.0329999923706055,4.060999870300293,4.058000087738037,4.061999797821045,4.063000202178955,4.066999912261963,nan,nan,nan,nan,nan,nan
56.68079900741577,-0.38999998569488525,4.0329999923706055,4.060999870300293,4.058000087738037,4.061999797821045,4.063000202178955,4.066999912261963,0.0,0.0,0.0,0.0,0.0,0.0
56.84026551246643,-0.4099999964237213,4.0329999923706055,4.060999870300293,4.058000087738037,4.061999797821045,4.063000202178955,4.065999984741211,0.0,0.0,0.0,0.0,0.0,0.04999634921746594
57.020687103271484,-0.4000000059604645,4.0329999923706055,4.060999870300293,4.058000087738037,4.061999797821045,4.063000202178955,4.066999912261963,0.0,0.0,0.0,0.0,0.0,0.09999284743580573
57.20093894004822,-0.4099999964237213,4.0329999923706055,4.060999870300293,4.058000087738037,4.061999797821045,4.063000202178955,4.065999984741211,0.0,0.0,0.0,0.0,0.0,0.09999284743580573
57.36074495315552,-0.4000000059604645,4.0329999923706055,4.060999870300293,4.058000087738037,4.061999797821045,4.063000202178955,4.066999912261963,0.0,0.0,0.0,0.0,0.0,0.09999284743580573
57.54053544998169,-0.4000000059604645,4.0329999923706055,4.060999870300293,4.058000087738037,4.061999797821045,4.063000202178955,4.065999984741211,nan,nan,nan,nan,nan,nan
57.70002460479736,-0.4000000059604645,4.0329999923706055,4.060999870300293,4.058000087738037,4.061999797821045,4.063000202178955,4.065999984741211,nan,nan,nan,nan,nan,nan
57.881909132003784,-0.4000000059604645,4.0329999923706055,4.060999870300293,4.058000087738037,4.061999797821045,4.063000202178955,4.066999912261963,nan,nan,nan,nan,nan,nan
58.06074833869934,-0.4000000059604645,4.0329999923706055,4.060999870300293,4.058000087738037,4.061999797821045,4.063000202178955,4.066999912261963,nan,nan,nan,nan,nan,nan
58.220237731933594,-0.4000000059604645,4.0329999923706055,4.060999870300293,4.058000087738037,4.061999797821045,4.063000202178955,4.065999984741211,nan,nan,nan,nan,nan,nan
58.40053725242615,-0.38999998569488525,4.0329999923706055,4.060999870300293,4.058000087738037,4.061999797821045,4.063000202178955,4.065999984741211,0.0,0.0,0.0,0.0,0.0,0.0
58.57931113243103,-0.4000000059604645,4.0329999923706055,4.060999870300293,4.058000087738037,4.061999797821045,4.063000202178955,4.066999912261963,0.0,0.0,0.0,0.0,0.0,0.09999254943450207
58.740511894226074,-0.38999998569488525,4.0320000648498535,4.060999870300293,4.058000087738037,4.061999797821045,4.063000202178955,4.066999912261963,0.09999254943450207,0.0,0.0,0.0,0.0,0.0
58.91938018798828,-0.4000000059604645,4.0329999923706055,4.060999870300293,4.058000087738037,4.061999797821045,4.061999797821045,4.065999984741211,0.09999254943450207,0.0,0.0,0.0,0.10004023305368878,0.09999254943450207
59.08053493499756,-0.4000000059604645,4.0329999923706055,4.060999870300293,4.058000087738037,4.061999797821045,4.063000202178955,4.065999984741211,nan,nan,nan,nan,nan,nan
59.25928521156311,-0.4099999964237213,4.0320000648498535,4.060999870300293,4.058000087738037,4.061999797821045,4.063000202178955,4.065999984741211,0.09999284743580573,0.0,0.0,0.0,0.0,0.0
59.43940091133118,-0.4099999964237213,4.0329999923706055,4.060999870300293,4.058000087738037,4.061999797821045,4.063000202178955,4.065999984741211,nan,nan,nan,nan,nan,nan
59.60078954696655,-0.4000000059604645,4.0320000648498535,4.060999870300293,4.058000087738037,4.061999797821045,4.063000202178955,4.065999984741211,0.09999284743580573,0.0,0.0,0.0,0.0,0.0
59.779461145401,-0.38999998569488525,4.0329999923706055,4.060999870300293,4.058000087738037,4.061999797821045,4.063000202178955,4.065999984741211,0.09999254943450207,0.0,0.0,0.0,0.0,0.0
59.96002984046936,-0.4000000059604645,4.0329999923706055,4.060999870300293,4.059000015258789,4.061999797821045,4.063000202178955,4.065999984741211,0.0,0.0,0.09999254943450207,0.0,0.0,0.0
60.11943554878235,-0.38999998569488525,4.0329999923706055,4.060999870300293,4.058000087738037,4.061999797821045,4.063000202178955,4.065999984741211,0.0,0.0,0.09999254943450207,0.0,0.0,0.0
60.300209760665894,-0.41999998688697815,4.0329999923706055,4.060999870300293,4.058000087738037,4.061999797821045,4.063000202178955,4.065999984741211,0.0,0.0,0.0,0.0,0.0,0.0
60.46054005622864,-0.4099999964237213,4.0329999923706055,4.060999870300293,4.058000087738037,4.061999797821045,4.063000202178955,4.065999984741211,0.0,0.0,0.0,0.0,0.0,0.0
60.64106273651123,-0.38999998569488525,4.0329999923706055,4.060999870300293,4.058000087738037,4.061999797821045,4.063000202178955,4.066999912261963,0.0,0.0,0.0,0.0,0.0,0.04999634921746594
60.81973910331726,-0.41999998688697815,4.0329999923706055,4.060999870300293,4.058000087738037,4.061999797821045,4.063000202178955,4.065999984741211,0.0,0.0,0.0,0.0,0.0,0.033330916033946834
60.98056697845459,-0.4099999964237213,4.0329999923706055,4.060999870300293,4.058000087738037,4.061999797821045,4.063000202178955,4.065999984741211,0.0,0.0,0.0,0.0,0.0,0.0
61.16089653968811,-0.4000000059604645,4.0329999923706055,4.060999870300293,4.058000087738037,4.061999797821045,4.061999797821045,4.065999984741211,0.0,0.0,0.0,0.0,0.10004053119710082,0.0
61.32062244415283,-0.4000000059604645,4.0329999923706055,4.060999870300293,4.058000087738037,4.063000202178955,4.063000202178955,4.065999984741211,nan,nan,nan,nan,nan,nan
61.50096321105957,-0.3799999952316284,4.0320000648498535,4.060999870300293,4.058000087738037,4.061999797821045,4.063000202178955,4.065999984741211,0.04999634921746594,0.0,0.0,0.05002019106258633,0.0,0.0
61.681177854537964,-0.4000000059604645,4.0320000648498535,4.060999870300293,4.058000087738037,4.061999797821045,4.063000202178955,4.065999984741211,0.0,0.0,0.0,0.0,0.0,0.0
61.840559005737305,-0.4000000059604645,4.0329999923706055,4.059999942779541,4.058000087738037,4.061999797821045,4.063000202178955,4.065999984741211,nan,nan,nan,nan,nan,nan
62.02063703536987,-0.3799999952316284,4.0329999923706055,4.060999870300293,4.058000087738037,4.061999797821045,4.063000202178955,4.065999984741211,0.0,0.04999634921746594,0.0,0.0,0.0,0.0
62.19955325126648,-0.4000000059604645,4.0329999923706055,4.060999870300293,4.058000087738037,4.061999797821045,4.063000202178955,4.065999984741211,0.0,0.0,0.0,0.0,0.0,0.0
62.36048626899719,-0.4000000059604645,4.0320000648498535,4.060999870300293,4.058000087738037,4.061999797821045,4.061999797821045,4.065999984741211,nan,nan,nan,nan,nan,nan
62.540534019470215,-0.4000000059604645,4.0320000648498535,4.060999870300293,4.058000087738037,4.061999797821045,4.061999797821045,4.066999912261963,nan,nan,nan,nan,nan,nan
62.70166897773743,-0.4000000059604645,4.0329999923706055,4.060999870300293,4.058000087738037,4.061999797821045,4.061999797821045,4.065999984741211,nan,nan,nan,nan,nan,nan
62.880173683166504,-0.4000000059604645,4.0329999923706055,4.060999870300293,4.058000087738037,4.061999797821045,4.063000202178955,4.065999984741211,nan,nan,nan,nan,nan,nan
63.06036686897278,-0.4000000059604645,4.0320000648498535,4.060999870300293,4.058000087738037,4.061999797821045,4.063000202178955,4.066999912261963,nan,nan,nan,nan,nan,nan
63.22117638587952,-0.4000000059604645,4.0329999923706055,4.060999870300293,4.058000087738037,4.061999797821045,4.063000202178955,4.065999984741211,nan,nan,nan,nan,nan,nan
63.40159845352173,-0.4000000059604645,4.0320000648498535,4.060999870300293,4.058000087738037,4.061999797821045,4.063000202178955,4.065999984741211,nan,nan,nan,nan,nan,nan
63.562100887298584,-0.4000000059604645,4.0329999923706055,4.060999870300293,4.058000087738037,4.061999797821045,4.063000202178955,4.065999984741211,nan,nan,nan,nan,nan,nan
63.74246001243591,-0.4099999964237213,4.0329999923706055,4.060999870300293,4.058000087738037,4.061999797821045,4.063000202178955,4.065999984741211,0.0,0.0,0.0,0.0,0.0,0.0
63.922242403030396,-0.4000000059604645,4.0320000648498535,4.060999870300293,4.058000087738037,4.061999797821045,4.063000202178955,4.065999984741211,0.09999284743580573,0.0,0.0,0.0,0.0,0.0
64.08174753189087,-0.4000000059604645,4.0329999923706055,4.060999870300293,4.058000087738037,4.061999797821045,4.063000202178955,4.065999984741211,nan,nan,nan,nan,nan,nan
64.2606475353241,-0.4000000059604645,4.0329999923706055,4.060999870300293,4.058000087738037,4.061999797821045,4.063000202178955,4.065999984741211,nan,nan,nan,nan,nan,nan
64.41989994049072,-0.38999998569488525,4.0329999923706055,4.060999870300293,4.058000087738037,4.061999797821045,4.061999797821045,4.065999984741211,0.0,0.0,0.0,0.0,0.10004023305368878,0.0
64.60172390937805,-0.4000000059604645,4.0320000648498535,4.060999870300293,4.058000087738037,4.061999797821045,4.061999797821045,4.065999984741211,0.09999254943450207,0.0,0.0,0.0,0.0,0.0
64.78038811683655,-0.4000000059604645,4.0320000648498535,4.060999870300293,4.058000087738037,4.061999797821045,4.061999797821045,4.065999984741211,nan,nan,nan,nan,nan,nan
64.94002771377563,-0.4399999976158142,4.0329999923706055,4.060999870300293,4.058000087738037,4.061999797821045,4.063000202178955,4.066999912261963,0.024998193233828327,0.0,0.0,0.0,0.025010114165270304,0.024998193233828327
65.12180137634277,-0.4099999964237213,4.0320000648498535,4.060999870300293,4.058000087738037,4.061999797821045,4.061999797821045,4.065999984741211,0.033330916033946834,0.0,0.0,0.0,0.03334681060525534,0.033330916033946834
65.27995181083679,-0.38999998569488525,4.0320000648498535,4.060999870300293,4.058000087738037,4.061999797821045,4.063000202178955,4.065999984741211,0.0,0.0,0.0,0.0,0.05002019106258633,0.0
65.45994234085083,-0.4000000059604645,4.0320000648498535,4.060999870300293,4.058000087738037,4.061999797821045,4.063000202178955,4.065999984741211,0.0,0.0,0.0,0.0,0.0,0.0
65.64021730422974,-0.4099999964237213,4.0320000648498535,4.060999870300293,4.058000087738037,4.061999797821045,4.063000202178955,4.065999984741211,0.0,0.0,0.0,0.0,0.0,0.0
65.79951453208923,-0.38999998569488525,4.0320000648498535,4.060999870300293,4.058000087738037,4.061999797821045,4.063000202178955,4.065999984741211,0.0,0.0,0.0,0.0,0.0,0.0
65.97996139526367,-0.4000000059604645,4.0320000648498535,4.060999870300293,4.058000087738037,4.061999797821045,4.061999797821045,4.065999984741211,0.0,0.0,0.0,0.0,0.10004023305368878,0.0
66.16199374198914,-0.4099999964237213,4.0329999923706055,4.060999870300293,4.058000087738037,4.061999797821045,4.061999797821045,4.065999984741211,0.09999284743580573,0.0,0.0,0.0,0.0,0.0
66.31993865966797,-0.4000000059604645,4.0320000648498535,4.060999870300293,4.058000087738037,4.061999797821045,4.061999797821045,4.065999984741211,0.09999284743580573,0.0,0.0,0.0,0.0,0.0
66.49984765052795,-0.4000000059604645,4.0320000648498535,4.059999942779541,4.058000087738037,4.061999797821045,4.063000202178955,4.065999984741211,nan,nan,nan,nan,nan,nan
66.66092157363892,-0.4000000059604645,4.0320000648498535,4.060999870300293,4.058000087738037,4.061999797821045,4.063000202178955,4.065999984741211,nan,nan,nan,nan,nan,nan
66.8397843837738,-0.3799999952316284,4.0320000648498535,4.060999870300293,4.058000087738037,4.061999797821045,4.061999797821045,4.065999984741211,0.0,0.0,0.0,0.0,0.05002019106258633,0.0
67.02009963989258,-0.4000000059604645,4.0320000648498535,4.060999870300293,4.058000087738037,4.061999797821045,4.061999797821045,4.065999984741211,0.0,0.0,0.0,0.0,0.0,0.0
67.17936277389526,-0.4000000059604645,4.0320000648498535,4.060999870300293,4.058000087738037,4.061999797821045,4.063000202178955,4.065999984741211,nan,nan,nan,nan,nan,nan
67.36265254020691,-0.4000000059604645,4.0320000648498535,4.060999870300293,4.058000087738037,4.061999797821045,4.063000202178955,4.065999984741211,nan,nan,nan,nan,nan,nan
67.52122497558594,-0.38999998569488525,4.0320000648498535,4.060999870300293,4.058000087738037,4.061999797821045,4.061999797821045,4.065999984741211,0.0,0.0,0.0,0.0,0.10004023305368878,0.0
67.70072603225708,-0.4099999964237213,4.0320000648498535,4.060999870300293,4.058000087738037,4.061999797821045,4.063000202178955,4.065999984741211,0.0,0.0,0.0,0.0,0.05002019106258633,0.0
67.88097167015076,-0.38999998569488525,4.0320000648498535,4.060999870300293,4.058000087738037,4.061999797821045,4.063000202178955,4.065999984741211,0.0,0.0,0.0,0.0,0.0,0.0
68.04036045074463,-0.4000000059604645,4.0320000648498535,4.060999870300293,4.058000087738037,4.061999797821045,4.061999797821045,4.065999984741211,0.0,0.0,0.0,0.0,0.10004023305368878,0.0
68.22079706192017,-0.4000000059604645,4.0320000648498535,4.059999942779541,4.058000087738037,4.061999797821045,4.061999797821045,4.065999984741211,nan,nan,nan,nan,nan,nan
68.40094065666199,-0.38999998569488525,4.0320000648498535,4.060999870300293,4.058000087738037,4.061999797821045,4.061999797821045,4.065999984741211,0.0,0.09999254943450207,0.0,0.0,0.0,0.0
68.56080460548401,-0.3799999952316284,4.0320000648498535,4.060999870300293,4.058000087738037,4.061999797821045,4.063000202178955,4.065999984741211,0.0,0.0,0.0,0.0,0.10004053119710082,0.0
68.74283194541931,-0.4099999964237213,4.0320000648498535,4.060999870300293,4.058000087738037,4.061999797821045,4.063000202178955,4.065999984741211,0.0,0.0,0.0,0.0,0.0,0.0
68.9019284248352,-0.4000000059604645,4.0320000648498535,4.060999870300293,4.058000087738037,4.061999797821045,4.061999797821045,4.065999984741211,0.0,0.0,0.0,0.0,0.10004053119710082,0.0
69.0808596611023,-0.4000000059604645,4.0320000648498535,4.060999870300293,4.058000087738037,4.061999797821045,4.061999797821045,4.065999984741211,nan,nan,nan,nan,nan,nan
69.2611563205719,-0.4000000059604645,4.0320000648498535,4.060999870300293,4.058000087738037,4.061999797821045,4.061999797821045,4.065999984741211,nan,nan,nan,nan,nan,nan
69.42050838470459,-0.4000000059604645,4.0329999923706055,4.060999870300293,4.058000087738037,4.061999797821045,4.061999797821045,4.065999984741211,nan,nan,nan,nan,nan,nan
69.60121369361877,-0.4000000059604645,4.0320000648498535,4.059999942779541,4.058000087738037,4.061999797821045,4.063000202178955,4.065999984741211,nan,nan,nan,nan,nan,nan
69.76172614097595,-0.4000000059604645,4.0320000648498535,4.060999870300293,4.058000087738037,4.061999797821045,4.061999797821045,4.065999984741211,nan,nan,nan,nan,nan,nan
69.9415283203125,-0.4000000059604645,4.0320000648498535,4.060999870300293,4.058000087738037,4.061999797821045,4.061999797821045,4.065999984741211,nan,nan,nan,nan,nan,nan
70.12075066566467,-0.4000000059604645,4.0320000648498535,4.060999870300293,4.058000087738037,4.061999797821045,4.061999797821045,4.065999984741211,nan,nan,nan,nan,nan,nan
70.28096413612366,-0.4000000059604645,4.0329999923706055,4.060999870300293,4.058000087738037,4.061999797821045,4.061999797821045,4.065999984741211,nan,nan,nan,nan,nan,nan
70.46123766899109,-0.4099999964237213,4.0320000648498535,4.060999870300293,4.058000087738037,4.061999797821045,4.061999797821045,4.065999984741211,0.09999284743580573,0.0,0.0,0.0,0.0,0.0
70.62242770195007,-0.4000000059604645,4.0329999923706055,4.059999942779541,4.058000087738037,4.061999797821045,4.061999797821045,4.065999984741211,0.09999284743580573,0.09999284743580573,0.0,0.0,0.0,0.0
70.80065631866455,-0.4000000059604645,4.0320000648498535,4.060999870300293,4.058000087738037,4.061999797821045,4.061999797821045,4.065999984741211,nan,nan,nan,nan,nan,nan
70.98093914985657,-0.4000000059604645,4.0320000648498535,4.060999870300293,4.058000087738037,4.061999797821045,4.061999797821045,4.065999984741211,nan,nan,nan,nan,nan,nan
71.14094042778015,-0.4000000059604645,4.0320000648498535,4.060999870300293,4.058000087738037,4.061999797821045,4.061999797821045,4.065999984741211,nan,nan,nan,nan,nan,nan
71.32087230682373,-0.4000000059604645,4.0320000648498535,4.060999870300293,4.058000087738037,4.061999797821045,4.061999797821045,4.065999984741211,nan,nan,nan,nan,nan,nan
71.48168563842773,-0.4000000059604645,4.0320000648498535,4.060999870300293,4.058000087738037,4.061999797821045,4.061999797821045,4.065999984741211,nan,nan,nan,nan,nan,nan
71.66035175323486,-0.4099999964237213,4.0320000648498535,4.060999870300293,4.058000087738037,4.061999797821045,4.061999797821045,4.065999984741211,0.0,0.0,0.0,0.0,0.0,0.0
71.84046864509583,-0.4000000059604645,4.0320000648498535,4.060999870300293,4.058000087738037,4.061999797821045,4.061999797821045,4.065999984741211,0.0,0.0,0.0,0.0,0.0,0.0
72.00010800361633,-0.38999998569488525,4.0320000648498535,4.059999942779541,4.058000087738037,4.061999797821045,4.063000202178955,4.065999984741211,0.0,0.09999254943450207,0.0,0.0,0.10004023305368878,0.0
72.18033695220947,-0.4099999964237213,4.0320000648498535,4.060999870300293,4.058000087738037,4.061999797821045,4.063000202178955,4.065999984741211,0.0,0.04999634921746594,0.0,0.0,0.0,0.0
72.36036133766174,-0.4099999964237213,4.0320000648498535,4.059999942779541,4.058000087738037,4.061999797821045,4.061999797821045,4.065999984741211,nan,nan,nan,nan,nan,nan
72.52120614051819,-0.3799999952316284,4.0320000648498535,4.059999942779541,4.058000087738037,4.061999797821045,4.061999797821045,4.065999984741211,0.0,0.0,0.0,0.0,0.0,0.0
72.70024251937866,-0.38999998569488525,4.0320000648498535,4.060999870300293,4.058000087738037,4.061999797821045,4.061999797821045,4.065999984741211,0.0,0.09999284743580573,0.0,0.0,0.0,0.0
72.86088633537292,-0.4099999964237213,4.0320000648498535,4.059999942779541,4.058000087738037,4.061999797821045,4.061999797821045,4.065999984741211,0.0,0.04999634921746594,0.0,0.0,0.0,0.0
73.04113340377808,-0.38999998569488525,4.0320000648498535,4.059999942779541,4.058000087738037,4.061999797821045,4.061999797821045,4.065999984741211,0.0,0.0,0.0,0.0,0.0,0.0
73.22163581848145,-0.4099999964237213,4.0320000648498535,4.060999870300293,4.058000087738037,4.061999797821045,4.063000202178955,4.065999984741211,0.0,0.04999634921746594,0.0,0.0,0.05002019106258633,0.0
73.37941312789917,-0.4000000059604645,4.0320000648498535,4.060999870300293,4.058000087738037,4.061999797821045,4.061999797821045,4.065999984741211,0.0,0.0,0.0,0.0,0.10004053119710082,0.0
73.56001234054565,-0.4000000059604645,4.0320000648498535,4.059999942779541,4.058000087738037,4.061999797821045,4.061999797821045,4.065999984741211,nan,nan,nan,nan,nan,nan
73.72071051597595,-0.4000000059604645,4.0320000648498535,4.060999870300293,4.058000087738037,4.061999797821045,4.061999797821045,4.065999984741211,nan,nan,nan,nan,nan,nan
73.90106749534607,-0.38999998569488525,4.0320000648498535,4.060999870300293,4.058000087738037,4.061999797821045,4.061999797821045,4.065999984741211,0.0,0.0,0.0,0.0,0.0,0.0
74.08138346672058,-0.4000000059604645,4.0320000648498535,4.060999870300293,4.058000087738037,4.061999797821045,4.061999797821045,4.065999984741211,0.0,0.0,0.0,0.0,0.0,0.0
74.24078488349915,-0.4000000059604645,4.0320000648498535,4.059999942779541,4.058000087738037,4.061999797821045,4.061999797821045,4.065999984741211,nan,nan,nan,nan,nan,nan
74.42079377174377,-0.4099999964237213,4.0320000648498535,4.060999870300293,4.058000087738037,4.061999797821045,4.061999797821045,4.065999984741211,0.0,0.09999284743580573,0.0,0.0,0.0,0.0
74.60097670555115,-0.4000000059604645,4.0320000648498535,4.059999942779541,4.058000087738037,4.060999870300293,4.061999797821045,4.065999984741211,0.0,0.09999284743580573,0.0,0.09999284743580573,0.0,0.0
74.76062726974487,-0.4000000059604645,4.0320000648498535,4.059999942779541,4.058000087738037,4.060999870300293,4.061999797821045,4.065999984741211,nan,nan,nan,nan,nan,nan
74.94060754776001,-0.4000000059604645,4.0320000648498535,4.059999942779541,4.058000087738037,4.061999797821045,4.061999797821045,4.065999984741211,nan,nan,nan,nan,nan,nan
75.10161304473877,-0.4099999964237213,4.0320000648498535,4.060999870300293,4.058000087738037,4.061999797821045,4.063000202178955,4.065999984741211,0.0,0.09999284743580573,0.0,0.0,0.10004053119710082,0.0
75.2803909778595,-0.4099999964237213,4.0320000648498535,4.060999870300293,4.058000087738037,4.061999797821045,4.061999797821045,4.065999984741211,nan,nan,nan,nan,nan,nan
75.46075439453125,-0.4000000059604645,4.0320000648498535,4.060999870300293,4.058000087738037,4.061999797821045,4.061999797821045,4.065999984741211,0.0,0.0,0.0,0.0,0.0,0.0
75.62009239196777,-0.38999998569488525,4.0320000648498535,4.060999870300293,4.058000087738037,4.061999797821045,4.061999797821045,4.065999984741211,0.0,0.0,0.0,0.0,0.0,0.0
75.80026531219482,-0.4000000059604645,4.0320000648498535,4.060999870300293,4.058000087738037,4.061999797821045,4.061999797821045,4.065999984741211,0.0,0.0,0.0,0.0,0.0,0.0
75.96120166778564,-0.38999998569488525,4.0320000648498535,4.059999942779541,4.058000087738037,4.061999797821045,4.061999797821045,4.065999984741211,0.0,0.09999254943450207,0.0,0.0,0.0,0.0
76.1400396823883,-0.4000000059604645,4.0320000648498535,4.060999870300293,4.057000160217285,4.061999797821045,4.061999797821045,4.065999984741211,0.0,0.09999254943450207,0.09999254943450207,0.0,0.0,0.0
76.32024669647217,-0.4000000059604645,4.0320000648498535,4.059999942779541,4.058000087738037,4.061999797821045,4.061999797821045,4.065999984741211,nan,nan,nan,nan,nan,nan
76.4817943572998,-0.4000000059604645,4.0320000648498535,4.059999942779541,4.058000087738037,4.061999797821045,4.061999797821045,4.065999984741211,nan,nan,nan,nan,nan,nan
76.66127729415894,-0.4300000071525574,4.0320000648498535,4.059999942779541,4.058000087738037,4.061999797821045,4.061999797821045,4.065999984741211,0.0,0.0,0.0,0.0,0.0,0.0
76.8206079006195,-0.4000000059604645,4.0320000648498535,4.059999942779541,4.058000087738037,4.061999797821045,4.061999797821045,4.065999984741211,0.0,0.0,0.0,0.0,0.0,0.0
77.0010039806366,-0.38999998569488525,4.0320000648498535,4.059999942779541,4.058000087738037,4.061999797821045,4.061999797821045,4.065999984741211,0.0,0.0,0.0,0.0,0.0,0.0
77.18088698387146,-0.4099999964237213,4.0320000648498535,4.060999870300293,4.058000087738037,4.061999797821045,4.061999797821045,4.065999984741211,0.0,0.04999634921746594,0.0,0.0,0.0,0.0
77.33990216255188,-0.38999998569488525,4.0320000648498535,4.060999870300293,4.058000087738037,4.061999797821045,4.061999797821045,4.065999984741211,0.0,0.0,0.0,0.0,0.0,0.0
77.52164101600647,-0.4000000059604645,4.0320000648498535,4.060999870300293,4.058000087738037,4.061999797821045,4.061999797821045,4.065999984741211,0.0,0.0,0.0,0.0,0.0,0.0
77.68144059181213,-0.4099999964237213,4.0320000648498535,4.060999870300293,4.058000087738037,4.061999797821045,4.061999797821045,4.065999984741211,0.0,0.0,0.0,0.0,0.0,0.0
77.86119318008423,-0.4000000059604645,4.0320000648498535,4.059999942779541,4.058000087738037,4.061999797821045,4.061999797821045,4.065999984741211,0.0,0.09999284743580573,0.0,0.0,0.0,0.0
78.041921377182,-0.38999998569488525,4.0320000648498535,4.060999870300293,4.058000087738037,4.061999797821045,4.061999797821045,4.065999984741211,0.0,0.09999254943450207,0.0,0.0,0.0,0.0
78.20110034942627,-0.4000000059604645,4.0320000648498535,4.059999942779541,4.058000087738037,4.061999797821045,4.061999797821045,4.065999984741211,0.0,0.09999254943450207,0.0,0.0,0.0,0.0
78.38117909431458,-0.4000000059604645,4.0320000648498535,4.059999942779541,4.058000087738037,4.061999797821045,4.061999797821045,4.065999984741211,nan,nan,nan,nan,nan,nan
78.56131291389465,-0.38999998569488525,4.0320000648498535,4.060999870300293,4.058000087738037,4.061999797821045,4.061999797821045,4.065999984741211,0.0,0.09999254943450207,0.0,0.0,0.0,0.0
78.72093629837036,-0.41999998688697815,4.0320000648498535,4.059999942779541,4.058000087738037,4.061999797821045,4.061999797821045,4.065999984741211,0.0,0.033330916033946834,0.0,0.0,0.0,0.0
78.90105438232422,-0.4000000059604645,4.0320000648498535,4.060999870300293,4.058000087738037,4.061999797821045,4.061999797821045,4.065999984741211,0.0,0.04999642371790287,0.0,0.0,0.0,0.0
79.06192564964294,-0.4000000059604645,4.0320000648498535,4.060999870300293,4.058000087738037,4.061999797821045,4.061999797821045,4.065999984741211,nan,nan,nan,nan,nan,nan
79.24082541465759,-0.4000000059604645,4.0320000648498535,4.059999942779541,4.058000087738037,4.061999797821045,4.061999797821045,4.065999984741211,nan,nan,nan,nan,nan,nan
79.42106795310974,-0.4000000059604645,4.0320000648498535,4.059999942779541,4.058000087738037,4.061999797821045,4.061999797821045,4.065999984741211,nan,nan,nan,nan,nan,nan
79.58163452148438,-0.4000000059604645,4.0320000648498535,4.060999870300293,4.058000087738037,4.060999870300293,4.061999797821045,4.065999984741211,nan,nan,nan,nan,nan,nan
79.76046013832092,-0.41999998688697815,4.0320000648498535,4.059999942779541,4.058000087738037,4.061999797821045,4.061999797821045,4.065999984741211,0.0,0.04999642371790287,0.0,0.04999642371790287,0.0,0.0
79.92177653312683,-0.4000000059604645,4.0320000648498535,4.059999942779541,4.058000087738037,4.061999797821045,4.061999797821045,4.065999984741211,0.0,0.0,0.0,0.0,0.0,0.0
80.10048198699951,-0.4000000059604645,4.0320000648498535,4.059999942779541,4.058000087738037,4.060999870300293,4.061999797821045,4.065999984741211,nan,nan,nan,nan,nan,nan
80.28154063224792,-0.4099999964237213,4.0320000648498535,4.060999870300293,4.058000087738037,4.061999797821045,4.061999797821045,4.065999984741211,0.0,0.09999284743580573,0.0,0.09999284743580573,0.0,0.0
80.44087934494019,-0.38999998569488525,4.0320000648498535,4.059999942779541,4.058000087738037,4.061999797821045,4.061999797821045,4.065999984741211,0.0,0.04999634921746594,0.0,0.0,0.0,0.0
80.62129139900208,-0.4000000059604645,4.0320000648498535,4.060999870300293,4.058000087738037,4.061999797821045,4.061999797821045,4.065999984741211,0.0,0.09999254943450207,0.0,0.0,0.0,0.0
80.78087067604065,-0.4000000059604645,4.0320000648498535,4.059999942779541,4.058000087738037,4.061999797821045,4.061999797821045,4.065999984741211,nan,nan,nan,nan,nan,nan
80.9610161781311,-0.4000000059604645,4.0320000648498535,4.059999942779541,4.058000087738037,4.061999797821045,4.061999797821045,4.065999984741211,nan,nan,nan,nan,nan,nan
81.14124536514282,-0.4000000059604645,4.0320000648498535,4.059999942779541,4.058000087738037,4.060999870300293,4.061999797821045,4.065999984741211,nan,nan,nan,nan,nan,nan
81.3009467124939,-0.4000000059604645,4.0320000648498535,4.059999942779541,4.058000087738037,4.061999797821045,4.061999797821045,4.065999984741211,nan,nan,nan,nan,nan,nan
81.4808259010315,-0.4000000059604645,4.0320000648498535,4.060999870300293,4.058000087738037,4.061999797821045,4.061999797821045,4.065999984741211,nan,nan,nan,nan,nan,nan
81.66118884086609,-0.4000000059604645,4.0320000648498535,4.060999870300293,4.058000087738037,4.061999797821045,4.061999797821045,4.065999984741211,nan,nan,nan,nan,nan,nan
81.82077097892761,-0.4000000059604645,4.0320000648498535,4.059999942779541,4.058000087738037,4.061999797821045,4.061999797821045,4.065999984741211,nan,nan,nan,nan,nan,nan
82.0005886554718,-0.4000000059604645,4.0320000648498535,4.059999942779541,4.058000087738037,4.061999797821045,4.061999797821045,4.065999984741211,nan,nan,nan,nan,nan,nan
82.15998864173889,-0.4000000059604645,4.0320000648498535,4.059999942779541,4.058000087738037,4.061999797821045,4.061999797821045,4.065999984741211,nan,nan,nan,nan,nan,nan
82.34043216705322,-0.4000000059604645,4.0320000648498535,4.059999942779541,4.058000087738037,4.060999870300293,4.061999797821045,4.065999984741211,nan,nan,nan,nan,nan,nan
82.51956677436829,-0.4099999964237213,4.0320000648498535,4.059999942779541,4.058000087738037,4.061999797821045,4.061999797821045,4.065999984741211,0.0,0.0,0.0,0.09999284743580573,0.0,0.0
82.6809823513031,-0.4099999964237213,4.0320000648498535,4.060999870300293,4.057000160217285,4.061999797821045,4.061999797821045,4.065999984741211,nan,nan,nan,nan,nan,nan
82.86123609542847,-0.4099999964237213,4.0320000648498535,4.059999942779541,4.058000087738037,4.061999797821045,4.061999797821045,4.065999984741211,nan,nan,nan,nan,nan,nan
83.0210816860199,-0.4000000059604645,4.0320000648498535,4.059999942779541,4.058000087738037,4.061999797821045,4.061999797821045,4.065999984741211,0.0,0.0,0.0,0.0,0.0,0.0
83.20034527778625,-0.4000000059604645,4.0320000648498535,4.059999942779541,4.058000087738037,4.061999797821045,4.061999797821045,4.065999984741211,nan,nan,nan,nan,nan,nan
83.38095593452454,-0.4000000059604645,4.0320000648498535,4.060999870300293,4.058000087738037,4.061999797821045,4.061999797821045,4.065999984741211,nan,nan,nan,nan,nan,nan
83.53985929489136,-0.4000000059604645,4.0320000648498535,4.059999942779541,4.057000160217285,4.060999870300293,4.061999797821045,4.065999984741211,nan,nan,nan,nan,nan,nan
83.7218108177185,-0.4099999964237213,4.0320000648498535,4.060999870300293,4.058000087738037,4.061999797821045,4.061999797821045,4.065999984741211,0.0,0.09999284743580573,0.09999284743580573,0.09999284743580573,0.0,0.0
83.88168406486511,-0.38999998569488525,4.0320000648498535,4.060999870300293,4.058000087738037,4.060999870300293,4.061999797821045,4.065999984741211,0.0,0.0,0.0,0.04999634921746594,0.0,0.0
84.06029438972473,-0.4000000059604645,4.0320000648498535,4.059999942779541,4.058000087738037,4.060999870300293,4.061999797821045,4.065999984741211,0.0,0.09999254943450207,0.0,0.0,0.0,0.0
84.24162554740906,-0.38999998569488525,4.0320000648498535,4.059999942779541,4.058000087738037,4.061999797821045,4.061999797821045,4.065999984741211,0.0,0.0,0.0,0.09999254943450207,0.0,0.0
84.39992117881775,-0.4000000059604645,4.0320000648498535,4.059999942779541,4.058000087738037,4.060999870300293,4.061999797821045,4.065999984741211,0.0,0.0,0.0,0.09999254943450207,0.0,0.0
84.58022475242615,-0.4000000059604645,4.0320000648498535,4.059999942779541,4.058000087738037,4.061999797821045,4.061999797821045,4.065999984741211,nan,nan,nan,nan,nan,nan
84.76187992095947,-0.4000000059604645,4.0320000648498535,4.059999942779541,4.058000087738037,4.061999797821045,4.061999797821045,4.065999984741211,nan,nan,nan,nan,nan,nan
84.92002606391907,-0.4000000059604645,4.0320000648498535,4.059999942779541,4.058000087738037,4.061999797821045,4.061999797821045,4.065999984741211,nan,nan,nan,nan,nan,nan
85.10030508041382,-0.4000000059604645,4.0320000648498535,4.059999942779541,4.058000087738037,4.061999797821045,4.061999797821045,4.065999984741211,nan,nan,nan,nan,nan,nan
85.26001787185669,-0.4000000059604645,4.0320000648498535,4.059999942779541,4.058000087738037,4.061999797821045,4.061999797821045,4.065999984741211,nan,nan,nan,nan,nan,nan
85.4414803981781,-0.4000000059604645,4.0320000648498535,4.059999942779541,4.058000087738037,4.060999870300293,4.061999797821045,4.065999984741211,nan,nan,nan,nan,nan,nan
85.61987972259521,-0.4000000059604645,4.0320000648498535,4.059999942779541,4.057000160217285,4.060999870300293,4.061999797821045,4.065999984741211,nan,nan,nan,nan,nan,nan
85.77972769737244,-0.4000000059604645,4.0320000648498535,4.059999942779541,4.058000087738037,4.060999870300293,4.061999797821045,4.065999984741211,nan,nan,nan,nan,nan,nan
85.96150207519531,-0.4099999964237213,4.0320000648498535,4.059999942779541,4.058000087738037,4.060999870300293,4.061999797821045,4.065999984741211,0.0,0.0,0.0,0.0,0.0,0.0
86.1207103729248,-0.4000000059604645,4.0320000648498535,4.059999942779541,4.058000087738037,4.061999797821045,4.061999797821045,4.065999984741211,0.0,0.0,0.0,0.09999284743580573,0.0,0.0
86.30078721046448,-0.4000000059604645,4.0320000648498535,4.059999942779541,4.057000160217285,4.061999797821045,4.061999797821045,4.065999984741211,nan,nan,nan,nan,nan,nan
86.47945070266724,-0.4000000059604645,4.0320000648498535,4.059999942779541,4.058000087738037,4.061999797821045,4.061999797821045,4.065999984741211,nan,nan,nan,nan,nan,nan
86.64071798324585,-0.4000000059604645,4.0320000648498535,4.059999942779541,4.057000160217285,4.061999797821045,4.061999797821045,4.065999984741211,nan,nan,nan,nan,nan,nan
86.8194055557251,-0.3799999952316284,4.0320000648498535,4.059999942779541,4.058000087738037,4.061999797821045,4.061999797821045,4.065999984741211,0.0,0.0,0.04999634921746594,0.0,0.0,0.0
87.00132298469543,-0.4000000059604645,4.0320000648498535,4.059999942779541,4.057000160217285,4.060999870300293,4.061999797821045,4.065999984741211,0.0,0.0,0.04999634921746594,0.04999634921746594,0.0,0.0
87.1609480381012,-0.38999998569488525,4.0320000648498535,4.059999942779541,4.057000160217285,4.060999870300293,4.061999797821045,4.065999984741211,0.0,0.0,0.0,0.0,0.0,0.0
87.34109473228455,-0.38999998569488525,4.0320000648498535,4.059999942779541,4.057000160217285,4.061999797821045,4.061999797821045,4.065999984741211,nan,nan,nan,nan,nan,nan
87.50085258483887,-0.4000000059604645,4.0320000648498535,4.059999942779541,4.057000160217285,4.061999797821045,4.061999797821045,4.065999984741211,0.0,0.0,0.0,0.0,0.0,0.0
87.68107485771179,-0.4000000059604645,4.0320000648498535,4.059999942779541,4.057000160217285,4.061999797821045,4.061999797821045,4.065999984741211,nan,nan,nan,nan,nan,nan
87.85982942581177,-0.4000000059604645,4.0320000648498535,4.059999942779541,4.058000087738037,4.060999870300293,4.061999797821045,4.065999984741211,nan,nan,nan,nan,nan,nan
88.02080178260803,-0.4000000059604645,4.0320000648498535,4.059999942779541,4.057000160217285,4.061999797821045,4.061999797821045,4.065999984741211,nan,nan,nan,nan,nan,nan
88.1998724937439,-0.4000000059604645,4.0320000648498535,4.059999942779541,4.058000087738037,4.060999870300293,4.061999797821045,4.065999984741211,nan,nan,nan,nan,nan,nan
88.36053705215454,-0.4000000059604645,4.0320000648498535,4.059999942779541,4.057000160217285,4.060999870300293,4.061999797821045,4.065999984741211,nan,nan,nan,nan,nan,nan
88.54097819328308,-0.4000000059604645,4.0320000648498535,4.059999942779541,4.058000087738037,4.060999870300293,4.061999797821045,4.065999984741211,nan,nan,nan,nan,nan,nan
88.72250509262085,-0.4000000059604645,4.0320000648498535,4.059999942779541,4.057000160217285,4.061999797821045,4.061999797821045,4.065999984741211,nan,nan,nan,nan,nan,nan
88.88057446479797,-0.4000000059604645,4.0320000648498535,4.059999942779541,4.057000160217285,4.061999797821045,4.061999797821045,4.065999984741211,nan,nan,nan,nan,nan,nan
89.06091237068176,-0.4099999964237213,4.0320000648498535,4.059999942779541,4.058000087738037,4.061999797821045,4.061999797821045,4.065999984741211,0.0,0.0,0.09999284743580573,0.0,0.0,0.0
89.24013948440552,-0.4000000059604645,4.0320000648498535,4.059999942779541,4.057000160217285,4.061999797821045,4.061999797821045,4.065999984741211,0.0,0.0,0.09999284743580573,0.0,0.0,0.0
89.40069484710693,-0.4000000059604645,4.0320000648498535,4.059999942779541,4.057000160217285,4.061999797821045,4.061999797821045,4.065999984741211,nan,nan,nan,nan,nan,nan
89.57940459251404,-0.4000000059604645,4.0320000648498535,4.059999942779541,4.058000087738037,4.060999870300293,4.061999797821045,4.065999984741211,nan,nan,nan,nan,nan,nan
89.7405834197998,-0.4000000059604645,4.0320000648498535,4.059999942779541,4.058000087738037,4.060999870300293,4.061999797821045,4.065999984741211,nan,nan,nan,nan,nan,nan
89.9206473827362,-0.4000000059604645,4.0320000648498535,4.059999942779541,4.058000087738037,4.060999870300293,4.061999797821045,4.065999984741211,nan,nan,nan,nan,nan,nan
90.10079193115234,-0.4099999964237213,4.0320000648498535,4.059999942779541,4.057000160217285,4.060999870300293,4.061999797821045,4.065999984741211,0.0,0.0,0.09999284743580573,0.0,0.0,0.0
90.26088547706604,-0.4000000059604645,4.0320000648498535,4.059999942779541,4.057000160217285,4.061999797821045,4.061999797821045,4.065999984741211,0.0,0.0,0.0,0.09999284743580573,0.0,0.0
90.4405882358551,-0.4000000059604645,4.0320000648498535,4.059999942779541,4.058000087738037,4.060999870300293,4.061999797821045,4.065999984741211,nan,nan,nan,nan,nan,nan
90.60026955604553,-0.4000000059604645,4.031000137329102,4.059999942779541,4.057000160217285,4.061999797821045,4.061999797821045,4.065999984741211,nan,nan,nan,nan,nan,nan
90.78293871879578,-0.4000000059604645,4.0320000648498535,4.059999942779541,4.057000160217285,4.060999870300293,4.061999797821045,4.065999984741211,nan,nan,nan,nan,nan,nan
90.96000933647156,-0.38999998569488525,4.0320000648498535,4.059999942779541,4.057000160217285,4.060999870300293,4.061999797821045,4.065999984741211,0.0,0.0,0.0,0.0,0.0,0.0
91.11931347846985,-0.4000000059604645,4.0320000648498535,4.059999942779541,4.057000160217285,4.060999870300293,4.061999797821045,4.065999984741211,0.0,0.0,0.0,0.0,0.0,0.0
91.30129718780518,-0.4099999964237213,4.031000137329102,4.059999942779541,4.057000160217285,4.060999870300293,4.061999797821045,4.065999984741211,0.09999284743580573,0.0,0.0,0.0,0.0,0.0
91.46063590049744,-0.38999998569488525,4.0320000648498535,4.059999942779541,4.058000087738037,4.060999870300293,4.061999797821045,4.065999984741211,0.04999634921746594,0.0,0.04999634921746594,0.0,0.0,0.0
91.64099264144897,-0.38999998569488525,4.0320000648498535,4.059999942779541,4.057000160217285,4.060999870300293,4.061999797821045,4.065999984741211,nan,nan,nan,nan,nan,nan
91.82101368904114,-0.4000000059604645,4.0320000648498535,4.059999942779541,4.057000160217285,4.061999797821045,4.061999797821045,4.065999984741211,0.0,0.0,0.0,0.09999254943450207,0.0,0.0
91.98056364059448,-0.4000000059604645,4.0320000648498535,4.059999942779541,4.057000160217285,4.060999870300293,4.061999797821045,4.065999984741211,nan,nan,nan,nan,nan,nan
92.16106247901917,-0.4099999964237213,4.0320000648498535,4.059999942779541,4.057000160217285,4.060999870300293,4.061999797821045,4.065999984741211,0.0,0.0,0.0,0.0,0.0,0.0
92.33950567245483,-0.4000000059604645,4.0320000648498535,4.059999942779541,4.057000160217285,4.060999870300293,4.061999797821045,4.065999984741211,0.0,0.0,0.0,0.0,0.0,0.0
92.50076270103455,-0.4000000059604645,4.0320000648498535,4.059999942779541,4.057000160217285,4.061999797821045,4.061999797821045,4.065999984741211,nan,nan,nan,nan,nan,nan
92.68101334571838,-0.4000000059604645,4.0320000648498535,4.059999942779541,4.057000160217285,4.060999870300293,4.061999797821045,4.065000057220459,nan,nan,nan,nan,nan,nan
92.84028005599976,-0.4000000059604645,4.0320000648498535,4.059999942779541,4.057000160217285,4.060999870300293,4.061999797821045,4.065999984741211,nan,nan,nan,nan,nan,nan
93.02102398872375,-0.41999998688697815,4.031000137329102,4.059999942779541,4.057000160217285,4.060999870300293,4.061999797821045,4.065999984741211,0.04999642371790287,0.0,0.0,0.0,0.0,0.0
93.20094871520996,-0.4000000059604645,4.0320000648498535,4.059999942779541,4.057000160217285,4.060999870300293,4.061999797821045,4.065999984741211,0.04999642371790287,0.0,0.0,0.0,0.0,0.0
93.36069750785828,-0.4000000059604645,4.0320000648498535,4.059999942779541,4.057000160217285,4.060999870300293,4.061999797821045,4.065999984741211,nan,nan,nan,nan,nan,nan
93.53991889953613,-0.4000000059604645,4.031000137329102,4.059999942779541,4.057000160217285,4.060999870300293,4.061999797821045,4.065999984741211,nan,nan,nan,nan,nan,nan
93.70043516159058,-0.4000000059604645,4.031000137329102,4.059999942779541,4.057000160217285,4.060999870300293,4.061999797821045,4.065999984741211,nan,nan,nan,nan,nan,nan
93.88099002838135,-0.4000000059604645,4.0320000648498535,4.059999942779541,4.057000160217285,4.060999870300293,4.061999797821045,4.065999984741211,nan,nan,nan,nan,nan,nan
94.05948781967163,-0.4000000059604645,4.0320000648498535,4.059999942779541,4.057000160217285,4.060999870300293,4.061999797821045,4.065999984741211,nan,nan,nan,nan,nan,nan
94.22070932388306,-0.38999998569488525,4.0320000648498535,4.059999942779541,4.057000160217285,4.060999870300293,4.061999797821045,4.065999984741211,0.0,0.0,0.0,0.0,0.0,0.0
94.40076184272766,-0.4000000059604645,4.0320000648498535,4.059999942779541,4.057000160217285,4.060999870300293,4.061999797821045,4.065999984741211,0.0,0.0,0.0,0.0,0.0,0.0
94.58072566986084,-0.4000000059604645,4.0320000648498535,4.059999942779541,4.057000160217285,4.060999870300293,4.061999797821045,4.065999984741211,nan,nan,nan,nan,nan,nan
94.74066734313965,-0.4000000059604645,4.031000137329102,4.059999942779541,4.057000160217285,4.060999870300293,4.061999797821045,4.065999984741211,nan,nan,nan,nan,nan,nan
94.92107391357422,-0.4000000059604645,4.0320000648498535,4.059999942779541,4.057000160217285,4.060999870300293,4.061999797821045,4.065999984741211,nan,nan,nan,nan,nan,nan
95.08152675628662,-0.4000000059604645,4.0320000648498535,4.059999942779541,4.057000160217285,4.060999870300293,4.061999797821045,4.065000057220459,nan,nan,nan,nan,nan,nan
95.25987148284912,-0.4000000059604645,4.0320000648498535,4.059999942779541,4.057000160217285,4.060999870300293,4.061999797821045,4.065999984741211,nan,nan,nan,nan,nan,nan
95.441171169281,-0.4000000059604645,4.031000137329102,4.059999942779541,4.057000160217285,4.060999870300293,4.061999797821045,4.065999984741211,nan,nan,nan,nan,nan,nan
95.60088586807251,-0.4000000059604645,4.031000137329102,4.059999942779541,4.057000160217285,4.060999870300293,4.061999797821045,4.065999984741211,nan,nan,nan,nan,nan,nan
95.7797200679779,-0.4000000059604645,4.031000137329102,4.059999942779541,4.058000087738037,4.060999870300293,4.061999797821045,4.065999984741211,nan,nan,nan,nan,nan,nan
95.93927884101868,-0.4099999964237213,4.031000137329102,4.059999942779541,4.057000160217285,4.060999870300293,4.061999797821045,4.065999984741211,0.0,0.0,0.09999284743580573,0.0,0.0,0.0
96.11970257759094,-0.4300000071525574,4.031000137329102,4.059999942779541,4.057000160217285,4.060999870300293,4.061999797821045,4.065999984741211,0.0,0.0,0.0,0.0,0.0,0.0
96.29993605613708,-0.4099999964237213,4.0320000648498535,4.059999942779541,4.057000160217285,4.060999870300293,4.061999797821045,4.065999984741211,0.04999634921746594,0.0,0.0,0.0,0.0,0.0
96.46091103553772,-0.4000000059604645,4.031000137329102,4.059999942779541,4.057000160217285,4.060999870300293,4.061999797821045,4.065999984741211,0.09999284743580573,0.0,0.0,0.0,0.0,0.0
96.63996505737305,-0.4000000059604645,4.031000137329102,4.059999942779541,4.057000160217285,4.060999870300293,4.061999797821045,4.065000057220459,nan,nan,nan,nan,nan,nan
96.8004846572876,-0.4000000059604645,4.0320000648498535,4.059999942779541,4.058000087738037,4.060999870300293,4.061999797821045,4.065999984741211,nan,nan,nan,nan,nan,nan
96.97944045066833,-0.4000000059604645,4.0320000648498535,4.059999942779541,4.057000160217285,4.060999870300293,4.061999797821045,4.065999984741211,nan,nan,nan,nan,nan,nan
97.15986561775208,-0.4000000059604645,4.0320000648498535,4.059999942779541,4.057000160217285,4.060999870300293,4.061999797821045,4.065999984741211,nan,nan,nan,nan,nan,nan
97.32039713859558,-0.4099999964237213,4.031000137329102,4.059999942779541,4.057000160217285,4.060999870300293,4.061999797821045,4.065999984741211,0.09999284743580573,0.0,0.0,0.0,0.0,0.0
97.50050115585327,-0.4000000059604645,4.031000137329102,4.059999942779541,4.057000160217285,4.060999870300293,4.061999797821045,4.065999984741211,0.0,0.0,0.0,0.0,0.0,0.0
97.66034364700317,-0.4000000059604645,4.031000137329102,4.059999942779541,4.057000160217285,4.060999870300293,4.061999797821045,4.065000057220459,nan,nan,nan,nan,nan,nan
97.84022426605225,-0.4000000059604645,4.0320000648498535,4.059999942779541,4.057000160217285,4.060999870300293,4.061999797821045,4.065000057220459,nan,nan,nan,nan,nan,nan
98.02058696746826,-0.4000000059604645,4.0320000648498535,4.059999942779541,4.057000160217285,4.060999870300293,4.061999797821045,4.065999984741211,nan,nan,nan,nan,nan,nan
98.18027853965759,-0.38999998569488525,4.031000137329102,4.059999942779541,4.057000160217285,4.060999870300293,4.061999797821045,4.065999984741211,0.09999254943450207,0.0,0.0,0.0,0.0,0.0
98.36017656326294,-0.4099999964237213,4.0320000648498535,4.059999942779541,4.057000160217285,4.060999870300293,4.061999797821045,4.065999984741211,0.04999634921746594,0.0,0.0,0.0,0.0,0.0
98.54036450386047,-0.4000000059604645,4.031000137329102,4.059999942779541,4.057000160217285,4.060999870300293,4.061999797821045,4.065999984741211,0.09999284743580573,0.0,0.0,0.0,0.0,0.0
98.70020794868469,-0.4000000059604645,4.031000137329102,4.059999942779541,4.057000160217285,4.060999870300293,4.061999797821045,4.065999984741211,nan,nan,nan,nan,nan,nan
98.88024473190308,-0.4000000059604645,4.031000137329102,4.059999942779541,4.057000160217285,4.060999870300293,4.061999797821045,4.065999984741211,nan,nan,nan,nan,nan,nan
99.03984832763672,-0.4000000059604645,4.031000137329102,4.059999942779541,4.057000160217285,4.060999870300293,4.061999797821045,4.065999984741211,nan,nan,nan,nan,nan,nan
99.22159957885742,-0.4000000059604645,4.031000137329102,4.059999942779541,4.057000160217285,4.060999870300293,4.061999797821045,4.065999984741211,nan,nan,nan,nan,nan,nan
99.40154576301575,-0.4000000059604645,4.031000137329102,4.059999942779541,4.057000160217285,4.060999870300293,4.061999797821045,4.065999984741211,nan,nan,nan,nan,nan,nan
99.56218075752258,-0.4000000059604645,4.0320000648498535,4.059999942779541,4.057000160217285,4.060999870300293,4.061999797821045,4.065999984741211,nan,nan,nan,nan,nan,nan
99.74074530601501,-0.4099999964237213,4.031000137329102,4.059999942779541,4.057000160217285,4.060999870300293,4.061999797821045,4.065999984741211,0.09999284743580573,0.0,0.0,0.0,0.0,0.0
99.90141367912292,-0.4000000059604645,4.031000137329102,4.059999942779541,4.057000160217285,4.060999870300293,4.061999797821045,4.065000057220459,0.0,0.0,0.0,0.0,0.0,0.09999284743580573
100.08181762695312,-0.4000000059604645,4.031000137329102,4.059999942779541,4.057000160217285,4.060999870300293,4.061999797821045,4.065999984741211,nan,nan,nan,nan,nan,nan
100.26055574417114,-0.4000000059604645,4.031000137329102,4.059999942779541,4.057000160217285,4.060999870300293,4.061999797821045,4.065999984741211,nan,nan,nan,nan,nan,nan
100.41977310180664,-0.4000000059604645,4.031000137329102,4.059999942779541,4.057000160217285,4.060999870300293,4.061999797821045,4.065999984741211,nan,nan,nan,nan,nan,nan
100.60204219818115,-0.4000000059604645,4.031000137329102,4.059999942779541,4.057000160217285,4.060999870300293,4.061999797821045,4.065999984741211,nan,nan,nan,nan,nan,nan
100.76185369491577,-0.4000000059604645,4.031000137329102,4.059999942779541,4.057000160217285,4.060999870300293,4.061999797821045,4.065999984741211,nan,nan,nan,nan,nan,nan
100.94376921653748,-0.4000000059604645,4.031000137329102,4.059999942779541,4.057000160217285,4.060999870300293,4.061999797821045,4.065000057220459,nan,nan,nan,nan,nan,nan
101.12112951278687,-0.4000000059604645,4.031000137329102,4.059999942779541,4.057000160217285,4.060999870300293,4.061999797821045,4.065999984741211,nan,nan,nan,nan,nan,nan
101.28031396865845,-0.4000000059604645,4.031000137329102,4.059999942779541,4.057000160217285,4.060999870300293,4.061999797821045,4.065999984741211,nan,nan,nan,nan,nan,nan
101.46139764785767,-0.3799999952316284,4.031000137329102,4.059999942779541,4.057000160217285,4.060999870300293,4.061999797821045,4.065999984741211,0.0,0.0,0.0,0.0,0.0,0.0
101.64243054389954,-0.4000000059604645,4.031000137329102,4.059999942779541,4.057000160217285,4.060999870300293,4.061999797821045,4.065999984741211,0.0,0.0,0.0,0.0,0.0,0.0
101.80166006088257,-0.4000000059604645,4.031000137329102,4.059999942779541,4.057000160217285,4.060999870300293,4.061999797821045,4.065000057220459,nan,nan,nan,nan,nan,nan
101.98163866996765,-0.4000000059604645,4.031000137329102,4.059999942779541,4.057000160217285,4.060999870300293,4.061999797821045,4.065999984741211,nan,nan,nan,nan,nan,nan
102.13997030258179,-0.4000000059604645,4.031000137329102,4.059999942779541,4.057000160217285,4.060999870300293,4.061999797821045,4.065999984741211,nan,nan,nan,nan,nan,nan
102.3219645023346,-0.38999998569488525,4.031000137329102,4.059999942779541,4.057000160217285,4.060999870300293,4.061999797821045,4.065999984741211,0.0,0.0,0.0,0.0,0.0,0.0
102.49984669685364,-0.38999998569488525,4.031000137329102,4.059999942779541,4.057000160217285,4.060999870300293,4.061999797821045,4.065999984741211,nan,nan,nan,nan,nan,nan
102.65961742401123,-0.4000000059604645,4.031000137329102,4.059999942779541,4.057000160217285,4.060999870300293,4.061999797821045,4.065999984741211,0.0,0.0,0.0,0.0,0.0,0.0
102.8404803276062,-0.4000000059604645,4.031000137329102,4.059999942779541,4.057000160217285,4.060999870300293,4.061999797821045,4.065999984741211,nan,nan,nan,nan,nan,nan
103.00140714645386,-0.4000000059604645,4.031000137329102,4.059999942779541,4.057000160217285,4.060999870300293,4.061999797821045,4.065999984741211,nan,nan,nan,nan,nan,nan
103.18004012107849,-0.4000000059604645,4.031000137329102,4.059999942779541,4.057000160217285,4.060999870300293,4.061999797821045,4.065999984741211,nan,nan,nan,nan,nan,nan
103.35980892181396,-0.4000000059604645,4.031000137329102,4.059999942779541,4.057000160217285,4.060999870300293,4.061999797821045,4.065000057220459,nan,nan,nan,nan,nan,nan
103.51951813697815,-0.38999998569488525,4.031000137329102,4.059999942779541,4.057000160217285,4.060999870300293,4.061999797821045,4.065000057220459,0.0,0.0,0.0,0.0,0.0,0.0
103.70209288597107,-0.4000000059604645,4.031000137329102,4.059999942779541,4.057000160217285,4.060999870300293,4.061999797821045,4.065999984741211,0.0,0.0,0.0,0.0,0.0,0.09999254943450207
103.86104822158813,-0.38999998569488525,4.031000137329102,4.059999942779541,4.057000160217285,4.060999870300293,4.061999797821045,4.065999984741211,0.0,0.0,0.0,0.0,0.0,0.0
104.04118466377258,-0.4000000059604645,4.031000137329102,4.059999942779541,4.057000160217285,4.060999870300293,4.061999797821045,4.065999984741211,0.0,0.0,0.0,0.0,0.0,0.0
104.2196147441864,-0.4000000059604645,4.031000137329102,4.059999942779541,4.057000160217285,4.060999870300293,4.061999797821045,4.065999984741211,nan,nan,nan,nan,nan,nan
104.38065266609192,-0.4000000059604645,4.031000137329102,4.059999942779541,4.057000160217285,4.060999870300293,4.061999797821045,4.065999984741211,nan,nan,nan,nan,nan,nan
104.55945110321045,-0.38999998569488525,4.031000137329102,4.059999942779541,4.057000160217285,4.060999870300293,4.061999797821045,4.065000057220459,0.0,0.0,0.0,0.0,0.0,0.09999254943450207
104.73978972434998,-0.4000000059604645,4.031000137329102,4.059999942779541,4.057000160217285,4.060999870300293,4.061999797821045,4.065999984741211,0.0,0.0,0.0,0.0,0.0,0.09999254943450207
104.90262293815613,-0.4000000059604645,4.031000137329102,4.059999942779541,4.057000160217285,4.060999870300293,4.061999797821045,4.065999984741211,nan,nan,nan,nan,nan,nan
105.08109307289124,-0.4000000059604645,4.031000137329102,4.059999942779541,4.057000160217285,4.060999870300293,4.061999797821045,4.065000057220459,nan,nan,nan,nan,nan,nan
105.2405641078949,-0.4099999964237213,4.031000137329102,4.059999942779541,4.057000160217285,4.060999870300293,4.061999797821045,4.065999984741211,0.0,0.0,0.0,0.0,0.0,0.09999284743580573
105.42069339752197,-0.4000000059604645,4.031000137329102,4.059999942779541,4.057000160217285,4.060999870300293,4.061999797821045,4.065000057220459,0.0,0.0,0.0,0.0,0.0,0.09999284743580573
105.60102534294128,-0.4000000059604645,4.031000137329102,4.059999942779541,4.057000160217285,4.060999870300293,4.061999797821045,4.065000057220459,nan,nan,nan,nan,nan,nan
105.76177501678467,-0.4000000059604645,4.031000137329102,4.059999942779541,4.057000160217285,4.060999870300293,4.061999797821045,4.065000057220459,nan,nan,nan,nan,nan,nan
105.94041156768799,-0.4000000059604645,4.031000137329102,4.059999942779541,4.057000160217285,4.060999870300293,4.061999797821045,4.065000057220459,nan,nan,nan,nan,nan,nan
106.0997908115387,-0.4000000059604645,4.031000137329102,4.059999942779541,4.057000160217285,4.060999870300293,4.061999797821045,4.065999984741211,nan,nan,nan,nan,nan,nan
106.2798376083374,-0.4000000059604645,4.031000137329102,4.059999942779541,4.057000160217285,4.060999870300293,4.061999797821045,4.065999984741211,nan,nan,nan,nan,nan,nan
106.4605073928833,-0.4000000059604645,4.031000137329102,4.059999942779541,4.057000160217285,4.060999870300293,4.061999797821045,4.065000057220459,nan,nan,nan,nan,nan,nan
106.62132525444031,-0.4000000059604645,4.031000137329102,4.059999942779541,4.057000160217285,4.060999870300293,4.061999797821045,4.065000057220459,nan,nan,nan,nan,nan,nan
106.79995799064636,-0.38999998569488525,4.031000137329102,4.059999942779541,4.057000160217285,4.060999870300293,4.061999797821045,4.065999984741211,0.0,0.0,0.0,0.0,0.0,0.09999254943450207
106.95950937271118,-0.4000000059604645,4.031000137329102,4.059999942779541,4.057000160217285,4.060999870300293,4.061999797821045,4.065999984741211,0.0,0.0,0.0,0.0,0.0,0.0
107.13991570472717,-0.4000000059604645,4.031000137329102,4.059999942779541,4.057000160217285,4.060999870300293,4.061999797821045,4.065999984741211,nan,nan,nan,nan,nan,nan
107.32043743133545,-0.4000000059604645,4.031000137329102,4.059999942779541,4.057000160217285,4.060999870300293,4.061999797821045,4.065000057220459,nan,nan,nan,nan,nan,nan
107.47988677024841,-0.4000000059604645,4.031000137329102,4.059999942779541,4.057000160217285,4.060999870300293,4.061999797821045,4.065000057220459,nan,nan,nan,nan,nan,nan
107.66005849838257,-0.4099999964237213,4.031000137329102,4.059999942779541,4.057000160217285,4.060999870300293,4.061999797821045,4.065999984741211,0.0,0.0,0.0,0.0,0.0,0.09999284743580573
107.84026217460632,-0.4099999964237213,4.031000137329102,4.059999942779541,4.057000160217285,4.060999870300293,4.061999797821045,4.065000057220459,nan,nan,nan,nan,nan,nan
107.99997878074646,-0.4000000059604645,4.031000137329102,4.059999942779541,4.057000160217285,4.060999870300293,4.061999797821045,4.065000057220459,0.0,0.0,0.0,0.0,0.0,0.0
108.18033504486084,-0.4000000059604645,4.031000137329102,4.059999942779541,4.057000160217285,4.060999870300293,4.061999797821045,4.065999984741211,nan,nan,nan,nan,nan,nan
108.33995628356934,-0.4000000059604645,4.031000137329102,4.059999942779541,4.057000160217285,4.060999870300293,4.061999797821045,4.065000057220459,nan,nan,nan,nan,nan,nan
108.52047109603882,-0.4000000059604645,4.031000137329102,4.059999942779541,4.057000160217285,4.060999870300293,4.061999797821045,4.065000057220459,nan,nan,nan,nan,nan,nan
108.70075535774231,-0.4000000059604645,4.031000137329102,4.059999942779541,4.057000160217285,4.060999870300293,4.061999797821045,4.065000057220459,nan,nan,nan,nan,nan,nan
108.86005544662476,-0.4099999964237213,4.031000137329102,4.059999942779541,4.057000160217285,4.060999870300293,4.061999797821045,4.065999984741211,0.0,0.0,0.0,0.0,0.0,0.09999284743580573
109.04169178009033,-0.4000000059604645,4.031000137329102,4.059999942779541,4.057000160217285,4.060999870300293,4.061999797821045,4.065000057220459,0.0,0.0,0.0,0.0,0.0,0.09999284743580573
109.20101118087769,-0.4000000059604645,4.031000137329102,4.059999942779541,4.057000160217285,4.060999870300293,4.061999797821045,4.065000057220459,nan,nan,nan,nan,nan,nan
109.37989687919617,-0.4000000059604645,4.031000137329102,4.059999942779541,4.057000160217285,4.060999870300293,4.061999797821045,4.065000057220459,nan,nan,nan,nan,nan,nan
109.56011390686035,-0.4000000059604645,4.031000137329102,4.059999942779541,4.057000160217285,4.060999870300293,4.061999797821045,4.065000057220459,nan,nan,nan,nan,nan,nan
109.72114968299866,-0.4099999964237213,4.031000137329102,4.059999942779541,4.057000160217285,4.060999870300293,4.061999797821045,4.065999984741211,0.0,0.0,0.0,0.0,0.0,0.09999284743580573
109.90184450149536,-0.41999998688697815,4.031000137329102,4.059999942779541,4.057000160217285,4.060999870300293,4.061999797821045,4.065000057220459,0.0,0.0,0.0,0.0,0.0,0.09999284743580573
110.0801842212677,-0.41999998688697815,4.031000137329102,4.059999942779541,4.057000160217285,4.060999870300293,4.061999797821045,4.065999984741211,nan,nan,nan,nan,nan,nan
110.23986625671387,-0.4099999964237213,4.031000137329102,4.059999942779541,4.057000160217285,4.060999870300293,4.061999797821045,4.065999984741211,0.0,0.0,0.0,0.0,0.0,0.0
110.42054176330566,-0.4000000059604645,4.031000137329102,4.059999942779541,4.057000160217285,4.060999870300293,4.061999797821045,4.065999984741211,0.0,0.0,0.0,0.0,0.0,0.0
110.579833984375,-0.38999998569488525,4.031000137329102,4.059999942779541,4.057000160217285,4.060999870300293,4.061999797821045,4.065000057220459,0.0,0.0,0.0,0.0,0.0,0.09999254943450207
110.75996422767639,-0.4000000059604645,4.031000137329102,4.059999942779541,4.057000160217285,4.060999870300293,4.061999797821045,4.065999984741211,0.0,0.0,0.0,0.0,0.0,0.09999254943450207
110.94031167030334,-0.4099999964237213,4.031000137329102,4.059999942779541,4.057000160217285,4.060999870300293,4.061999797821045,4.065999984741211,0.0,0.0,0.0,0.0,0.0,0.0
111.09985780715942,-0.38999998569488525,4.031000137329102,4.059999942779541,4.057000160217285,4.060999870300293,4.061999797821045,4.065000057220459,0.0,0.0,0.0,0.0,0.0,0.04999634921746594
111.28028535842896,-0.38999998569488525,4.031000137329102,4.059999942779541,4.057000160217285,4.060999870300293,4.061999797821045,4.065000057220459,nan,nan,nan,nan,nan,nan
111.44165325164795,-0.4000000059604645,4.031000137329102,4.059999942779541,4.057000160217285,4.060999870300293,4.061999797821045,4.065000057220459,0.0,0.0,0.0,0.0,0.0,0.0
111.61998438835144,-0.4000000059604645,4.031000137329102,4.059999942779541,4.057000160217285,4.060999870300293,4.061999797821045,4.065999984741211,nan,nan,nan,nan,nan,nan
111.80052137374878,-0.4000000059604645,4.031000137329102,4.059999942779541,4.057000160217285,4.060999870300293,4.061999797821045,4.065000057220459,nan,nan,nan,nan,nan,nan
111.95999145507812,-0.4000000059604645,4.031000137329102,4.059999942779541,4.057000160217285,4.060999870300293,4.060999870300293,4.065000057220459,nan,nan,nan,nan,nan,nan
112.14018297195435,-0.4000000059604645,4.031000137329102,4.059999942779541,4.057000160217285,4.060999870300293,4.061999797821045,4.065000057220459,nan,nan,nan,nan,nan,nan
112.32008409500122,-0.4000000059604645,4.031000137329102,4.059999942779541,4.057000160217285,4.060999870300293,4.061999797821045,4.065000057220459,nan,nan,nan,nan,nan,nan
112.47985339164734,-0.4000000059604645,4.031000137329102,4.059999942779541,4.057000160217285,4.060999870300293,4.061999797821045,4.065000057220459,nan,nan,nan,nan,nan,nan
112.66186428070068,-0.4000000059604645,4.031000137329102,4.059999942779541,4.057000160217285,4.060999870300293,4.061999797821045,4.065000057220459,nan,nan,nan,nan,nan,nan
112.81974411010742,-0.4099999964237213,4.031000137329102,4.059999942779541,4.057000160217285,4.060999870300293,4.061999797821045,4.065000057220459,0.0,0.0,0.0,0.0,0.0,0.0
113.00132417678833,-0.4099999964237213,4.031000137329102,4.059000015258789,4.057000160217285,4.060999870300293,4.061999797821045,4.065000057220459,nan,nan,nan,nan,nan,nan
113.17953205108643,-0.38999998569488525,4.031000137329102,4.059999942779541,4.057000160217285,4.060999870300293,4.061999797821045,4.065999984741211,0.0,0.04999634921746594,0.0,0.0,0.0,0.04999634921746594
113.33926463127136,-0.38999998569488525,4.031000137329102,4.059999942779541,4.057000160217285,4.060999870300293,4.061999797821045,4.065000057220459,nan,nan,nan,nan,nan,nan
113.51983404159546,-0.4000000059604645,4.031000137329102,4.059000015258789,4.057000160217285,4.060999870300293,4.061999797821045,4.065000057220459,0.0,0.09999254943450207,0.0,0.0,0.0,0.0
113.68068552017212,-0.4000000059604645,4.031000137329102,4.059999942779541,4.057000160217285,4.060999870300293,4.061999797821045,4.065999984741211,nan,nan,nan,nan,nan,nan
113.85957288742065,-0.38999998569488525,4.031000137329102,4.059999942779541,4.057000160217285,4.060999870300293,4.060999870300293,4.065000057220459,0.0,0.0,0.0,0.0,0.09999254943450207,0.09999254943450207
114.04036974906921,-0.4099999964237213,4.031000137329102,4.059999942779541,4.057000160217285,4.060999870300293,4.061999797821045,4.065000057220459,0.0,0.0,0.0,0.0,0.04999634921746594,0.0
114.19944906234741,-0.4000000059604645,4.031000137329102,4.059999942779541,4.057000160217285,4.060999870300293,4.061999797821045,4.065000057220459,0.0,0.0,0.0,0.0,0.0,0.0
114.38012170791626,-0.4000000059604645,4.031000137329102,4.059999942779541,4.057000160217285,4.060999870300293,4.061999797821045,4.065000057220459,nan,nan,nan,nan,nan,nan
114.56082773208618,-0.38999998569488525,4.031000137329102,4.059999942779541,4.057000160217285,4.060999870300293,4.061999797821045,4.065000057220459,0.0,0.0,0.0,0.0,0.0,0.0
114.72056841850281,-0.3799999952316284,4.031000137329102,4.059999942779541,4.057000160217285,4.060999870300293,4.061999797821045,4.065000057220459,0.0,0.0,0.0,0.0,0.0,0.0
114.9008059501648,-0.4099999964237213,4.031000137329102,4.059999942779541,4.057000160217285,4.060999870300293,4.061999797821045,4.065000057220459,0.0,0.0,0.0,0.0,0.0,0.0
115.06003665924072,-0.4099999964237213,4.031000137329102,4.059999942779541,4.057000160217285,4.060999870300293,4.061999797821045,4.065999984741211,nan,nan,nan,nan,nan,nan
115.24025678634644,-0.4000000059604645,4.031000137329102,4.059999942779541,4.057000160217285,4.060999870300293,4.061999797821045,4.065000057220459,0.0,0.0,0.0,0.0,0.0,0.09999284743580573
115.42017936706543,-0.4000000059604645,4.031000137329102,4.059999942779541,4.057000160217285,4.060999870300293,4.061999797821045,4.065999984741211,nan,nan,nan,nan,nan,nan
115.58021593093872,-0.4099999964237213,4.03000020980835,4.059000015258789,4.057000160217285,4.060999870300293,4.061999797821045,4.065000057220459,0.09999284743580573,0.09999284743580573,0.0,0.0,0.0,0.09999284743580573
115.76018977165222,-0.4099999964237213,4.031000137329102,4.059999942779541,4.057000160217285,4.060999870300293,4.060999870300293,4.065000057220459,nan,nan,nan,nan,nan,nan
115.91965460777283,-0.4000000059604645,4.031000137329102,4.059999942779541,4.057000160217285,4.060999870300293,4.061999797821045,4.065000057220459,0.0,0.0,0.0,0.0,0.09999284743580573,0.0
116.099853515625,-0.4099999964237213,4.031000137329102,4.059999942779541,4.057000160217285,4.060999870300293,4.061999797821045,4.065000057220459,0.0,0.0,0.0,0.0,0.0,0.0
116.28013443946838,-0.41999998688697815,4.031000137329102,4.059999942779541,4.057000160217285,4.060999870300293,4.061999797821045,4.065000057220459,0.0,0.0,0.0,0.0,0.0,0.0
116.43973302841187,-0.4000000059604645,4.031000137329102,4.059000015258789,4.057000160217285,4.060999870300293,4.061999797821045,4.065999984741211,0.0,0.04999642371790287,0.0,0.0,0.0,0.04999642371790287
116.6199779510498,-0.41999998688697815,4.031000137329102,4.059999942779541,4.057000160217285,4.060999870300293,4.061999797821045,4.065999984741211,0.0,0.04999642371790287,0.0,0.0,0.0,0.0
116.77956748008728,-0.38999998569488525,4.031000137329102,4.059999942779541,4.057000160217285,4.060999870300293,4.061999797821045,4.065000057220459,0.0,0.0,0.0,0.0,0.0,0.033330916033946834
116.95977997779846,-0.4099999964237213,4.031000137329102,4.059999942779541,4.057000160217285,4.060999870300293,4.061999797821045,4.065000057220459,0.0,0.0,0.0,0.0,0.0,0.0
117.14004063606262,-0.41999998688697815,4.031000137329102,4.059000015258789,4.057000160217285,4.060999870300293,4.061999797821045,4.065000057220459,0.0,0.09999284743580573,0.0,0.0,0.0,0.0
117.29968643188477,-0.41999998688697815,4.031000137329102,4.059000015258789,4.057000160217285,4.060999870300293,4.061999797821045,4.065000057220459,nan,nan,nan,nan,nan,nan
117.47996377944946,-0.4000000059604645,4.031000137329102,4.059000015258789,4.057000160217285,4.060999870300293,4.060999870300293,4.065000057220459,0.0,0.0,0.0,0.0,0.04999642371790287,0.0
117.66013050079346,-0.38999998569488525,4.031000137329102,4.059999942779541,4.057000160217285,4.060999870300293,4.061999797821045,4.065000057220459,0.0,0.09999254943450207,0.0,0.0,0.09999254943450207,0.0
117.82007813453674,-0.4000000059604645,4.031000137329102,4.059999942779541,4.057000160217285,4.060999870300293,4.061999797821045,4.065000057220459,0.0,0.0,0.0,0.0,0.0,0.0
118.00015783309937,-0.4000000059604645,4.031000137329102,4.059000015258789,4.057000160217285,4.060999870300293,4.061999797821045,4.065000057220459,nan,nan,nan,nan,nan,nan
118.15953660011292,-0.4099999964237213,4.031000137329102,4.059000015258789,4.057000160217285,4.060999870300293,4.060999870300293,4.065000057220459,0.0,0.0,0.0,0.0,0.09999284743580573,0.0
118.34003615379333,-0.4099999964237213,4.031000137329102,4.059999942779541,4.057000160217285,4.060999870300293,4.061999797821045,4.065000057220459,nan,nan,nan,nan,nan,nan
118.52017545700073,-0.4000000059604645,4.031000137329102,4.059999942779541,4.057000160217285,4.060999870300293,4.061999797821045,4.065000057220459,0.0,0.0,0.0,0.0,0.0,0.0
118.6802396774292,-0.38999998569488525,4.031000137329102,4.059000015258789,4.057000160217285,4.060999870300293,4.060999870300293,4.065000057220459,0.0,0.09999254943450207,0.0,0.0,0.09999254943450207,0.0
118.86001062393188,-0.4000000059604645,4.031000137329102,4.059000015258789,4.057000160217285,4.060999870300293,4.061999797821045,4.065000057220459,0.0,0.0,0.0,0.0,0.09999254943450207,0.0
119.0196385383606,-0.4000000059604645,4.031000137329102,4.059999942779541,4.057000160217285,4.060999870300293,4.061999797821045,4.065000057220459,nan,nan,nan,nan,nan,nan
119.20023965835571,-0.4000000059604645,4.031000137329102,4.059000015258789,4.057000160217285,4.060999870300293,4.060999870300293,4.065000057220459,nan,nan,nan,nan,nan,nan
119.38048100471497,-0.4000000059604645,4.031000137329102,4.059999942779541,4.057000160217285,4.060999870300293,4.061999797821045,4.065000057220459,nan,nan,nan,nan,nan,nan
119.54005122184753,-0.4099999964237213,4.031000137329102,4.059000015258789,4.057000160217285,4.060999870300293,4.060999870300293,4.065000057220459,0.0,0.09999284743580573,0.0,0.0,0.09999284743580573,0.0
119.72044944763184,-0.4000000059604645,4.03000020980835,4.059000015258789,4.056000232696533,4.060999870300293,4.061999797821045,4.065000057220459,0.09999284743580573,0.0,0.09999284743580573,0.0,0.09999284743580573,0.0
119.89960527420044,-0.4099999964237213,4.031000137329102,4.059000015258789,4.057000160217285,4.060999870300293,4.060999870300293,4.065000057220459,0.09999284743580573,0.0,0.09999284743580573,0.0,0.09999284743580573,0.0
120.06050848960876,-0.4000000059604645,4.031000137329102,4.059000015258789,4.057000160217285,4.060999870300293,4.061999797821045,4.065000057220459,0.0,0.0,0.0,0.0,0.09999284743580573,0.0
120.24081158638,-0.4000000059604645,4.03000020980835,4.059000015258789,4.057000160217285,4.060999870300293,4.061999797821045,4.065000057220459,nan,nan,nan,nan,nan,nan
120.40014457702637,-0.38999998569488525,4.031000137329102,4.059000015258789,4.056000232696533,4.060999870300293,4.061999797821045,4.065000057220459,0.09999254943450207,0.0,0.09999254943450207,0.0,0.0,0.0
120.58066248893738,-0.38999998569488525,4.031000137329102,4.059999942779541,4.057000160217285,4.060999870300293,4.061999797821045,4.065000057220459,nan,nan,nan,nan,nan,nan
120.7606348991394,-0.4099999964237213,4.03000020980835,4.059000015258789,4.056000232696533,4.060999870300293,4.061999797821045,4.065000057220459,0.04999634921746594,0.04999634921746594,0.04999634921746594,0.0,0.0,0.0
120.92024278640747,-0.4000000059604645,4.03000020980835,4.059000015258789,4.057000160217285,4.060999870300293,4.061999797821045,4.065000057220459,0.0,0.0,0.09999284743580573,0.0,0.0,0.0
121.1004810333252,-0.4000000059604645,4.031000137329102,4.059999942779541,4.057000160217285,4.060999870300293,4.061999797821045,4.065000057220459,nan,nan,nan,nan,nan,nan
121.26014876365662,-0.4000000059604645,4.031000137329102,4.059999942779541,4.057000160217285,4.060999870300293,4.061999797821045,4.065000057220459,nan,nan,nan,nan,nan,nan
121.44034814834595,-0.4000000059604645,4.031000137329102,4.059999942779541,4.057000160217285,4.060999870300293,4.061999797821045,4.065000057220459,nan,nan,nan,nan,nan,nan
121.62076473236084,-0.4000000059604645,4.03000020980835,4.059000015258789,4.057000160217285,4.060999870300293,4.061999797821045,4.065000057220459,nan,nan,nan,nan,nan,nan
121.77993249893188,-0.38999998569488525,4.03000020980835,4.059000015258789,4.056000232696533,4.060999870300293,4.060999870300293,4.065000057220459,0.0,0.0,0.09999254943450207,0.0,0.09999254943450207,0.0
121.96052265167236,-0.4000000059604645,4.031000137329102,4.059000015258789,4.057000160217285,4.060999870300293,4.060999870300293,4.065000057220459,0.09999254943450207,0.0,0.09999254943450207,0.0,0.0,0.0
122.14051795005798,-0.4099999964237213,4.03000020980835,4.059000015258789,4.057000160217285,4.060999870300293,4.060999870300293,4.065000057220459,0.09999284743580573,0.0,0.0,0.0,0.0,0.0
122.29969263076782,-0.4000000059604645,4.031000137329102,4.059000015258789,4.056000232696533,4.060999870300293,4.060999870300293,4.065000057220459,0.09999284743580573,0.0,0.09999284743580573,0.0,0.0,0.0
122.4803524017334,-0.4099999964237213,4.03000020980835,4.059000015258789,4.057000160217285,4.060999870300293,4.061999797821045,4.065000057220459,0.09999284743580573,0.0,0.09999284743580573,0.0,0.09999284743580573,0.0
122.63962030410767,-0.38999998569488525,4.03000020980835,4.059000015258789,4.057000160217285,4.060999870300293,4.061999797821045,4.065000057220459,0.0,0.0,0.0,0.0,0.0,0.0
122.82002258300781,-0.4000000059604645,4.03000020980835,4.059000015258789,4.057000160217285,4.060999870300293,4.061999797821045,4.065000057220459,0.0,0.0,0.0,0.0,0.0,0.0
123.00051188468933,-0.38999998569488525,4.03000020980835,4.059999942779541,4.057000160217285,4.060999870300293,4.060999870300293,4.065000057220459,0.0,0.09999254943450207,0.0,0.0,0.09999254943450207,0.0
123.15981554985046,-0.4099999964237213,4.03000020980835,4.059999942779541,4.057000160217285,4.060999870300293,4.060999870300293,4.065000057220459,0.0,0.0,0.0,0.0,0.0,0.0
123.3400194644928,-0.4300000071525574,4.031000137329102,4.059000015258789,4.057000160217285,4.060999870300293,4.060999870300293,4.065000057220459,0.04999634921746594,0.04999634921746594,0.0,0.0,0.0,0.0
123.49974203109741,-0.38999998569488525,4.031000137329102,4.059000015258789,4.057000160217285,4.060999870300293,4.060999870300293,4.065000057220459,0.0,0.0,0.0,0.0,0.0,0.0
123.67994427680969,-0.4000000059604645,4.03000020980835,4.059000015258789,4.057000160217285,4.060999870300293,4.060999870300293,4.065000057220459,0.09999254943450207,0.0,0.0,0.0,0.0,0.0
123.86138534545898,-0.4099999964237213,4.03000020980835,4.059000015258789,4.056000232696533,4.060999870300293,4.061999797821045,4.065000057220459,0.0,0.0,0.09999284743580573,0.0,0.09999284743580573,0.0
124.0222237110138,-0.38999998569488525,4.03000020980835,4.059000015258789,4.057000160217285,4.060999870300293,4.060999870300293,4.065000057220459,0.0,0.0,0.04999634921746594,0.0,0.04999634921746594,0.0
124.1997754573822,-0.4099999964237213,4.031000137329102,4.059000015258789,4.056000232696533,4.060999870300293,4.060999870300293,4.065000057220459,0.04999634921746594,0.0,0.04999634921746594,0.0,0.0,0.0
124.37986087799072,-0.4000000059604645,4.031000137329102,4.059999942779541,4.056000232696533,4.060999870300293,4.060999870300293,4.065000057220459,0.0,0.09999284743580573,0.0,0.0,0.0,0.0
124.53938794136047,-0.38999998569488525,4.031000137329102,4.059000015258789,4.057000160217285,4.060999870300293,4.060999870300293,4.065000057220459,0.0,0.09999254943450207,0.09999254943450207,0.0,0.0,0.0
124.71998429298401,-0.4099999964237213,4.031000137329102,4.059000015258789,4.057000160217285,4.060999870300293,4.060999870300293,4.065000057220459,0.0,0.0,0.0,0.0,0.0,0.0
124.87981915473938,-0.4000000059604645,4.03000020980835,4.059000015258789,4.057000160217285,4.060999870300293,4.060999870300293,4.065000057220459,0.09999284743580573,0.0,0.0,0.0,0.0,0.0
125.05965638160706,-0.4000000059604645,4.03000020980835,4.059000015258789,4.056000232696533,4.060999870300293,4.061999797821045,4.065000057220459,nan,nan,nan,nan,nan,nan
125.24010372161865,-0.4000000059604645,4.03000020980835,4.059000015258789,4.057000160217285,4.060999870300293,4.060999870300293,4.065000057220459,nan,nan,nan,nan,nan,nan
125.40083122253418,-0.38999998569488525,4.031000137329102,4.059000015258789,4.056000232696533,4.060999870300293,4.060999870300293,4.065000057220459,0.09999254943450207,0.0,0.09999254943450207,0.0,0.0,0.0
125.5800290107727,-0.4000000059604645,4.03000020980835,4.059000015258789,4.057000160217285,4.060999870300293,4.060999870300293,4.065000057220459,0.09999254943450207,0.0,0.09999254943450207,0.0,0.0,0.0
125.74105310440063,-0.4000000059604645,4.03000020980835,4.059000015258789,4.057000160217285,4.060999870300293,4.060999870300293,4.065000057220459,nan,nan,nan,nan,nan,nan
125.91949152946472,-0.4000000059604645,4.03000020980835,4.059000015258789,4.057000160217285,4.060999870300293,4.060999870300293,4.065000057220459,nan,nan,nan,nan,nan,nan
126.0999825000763,-0.4000000059604645,4.031000137329102,4.059000015258789,4.057000160217285,4.060999870300293,4.061999797821045,4.065000057220459,nan,nan,nan,nan,nan,nan
126.26141619682312,-0.4000000059604645,4.03000020980835,4.059000015258789,4.056000232696533,4.060999870300293,4.060999870300293,4.065000057220459,nan,nan,nan,nan,nan,nan
126.44099235534668,-0.4000000059604645,4.03000020980835,4.059000015258789,4.056000232696533,4.060999870300293,4.061999797821045,4.065000057220459,nan,nan,nan,nan,nan,nan
126.62093901634216,-0.38999998569488525,4.03000020980835,4.059000015258789,4.057000160217285,4.060999870300293,4.060999870300293,4.065000057220459,0.0,0.0,0.09999254943450207,0.0,0.09999254943450207,0.0
126.78041958808899,-0.4000000059604645,4.03000020980835,4.059000015258789,4.056000232696533,4.060999870300293,4.060999870300293,4.065000057220459,0.0,0.0,0.09999254943450207,0.0,0.0,0.0
126.96072244644165,-0.4000000059604645,4.03000020980835,4.059000015258789,4.056000232696533,4.060999870300293,4.060999870300293,4.065000057220459,nan,nan,nan,nan,nan,nan
127.11976456642151,-0.38999998569488525,4.03000020980835,4.059000015258789,4.057000160217285,4.060999870300293,4.060999870300293,4.065000057220459,0.0,0.0,0.09999254943450207,0.0,0.0,0.0
127.30000567436218,-0.41999998688697815,4.03000020980835,4.059000015258789,4.056000232696533,4.060999870300293,4.060999870300293,4.065000057220459,0.0,0.0,0.033330916033946834,0.0,0.0,0.0
127.4807026386261,-0.41999998688697815,4.03000020980835,4.059999942779541,4.056000232696533,4.060999870300293,4.060999870300293,4.065000057220459,nan,nan,nan,nan,nan,nan
127.63975787162781,-0.38999998569488525,4.03000020980835,4.059000015258789,4.056000232696533,4.060999870300293,4.060999870300293,4.065000057220459,0.0,0.033330916033946834,0.0,0.0,0.0,0.0
127.81998348236084,-0.4000000059604645,4.03000020980835,4.059000015258789,4.056000232696533,4.060999870300293,4.060999870300293,4.065000057220459,0.0,0.0,0.0,0.0,0.0,0.0
127.98084211349487,-0.4000000059604645,4.03000020980835,4.059000015258789,4.056000232696533,4.060999870300293,4.061999797821045,4.065000057220459,nan,nan,nan,nan,nan,nan
128.15951895713806,-0.4000000059604645,4.03000020980835,4.059000015258789,4.056000232696533,4.060999870300293,4.060999870300293,4.065000057220459,nan,nan,nan,nan,nan,nan
128.34000062942505,-0.4099999964237213,4.03000020980835,4.059999942779541,4.056000232696533,4.060999870300293,4.060999870300293,4.065000057220459,0.0,0.09999284743580573,0.0,0.0,0.0,0.0
128.49961137771606,-0.4000000059604645,4.03000020980835,4.059000015258789,4.056000232696533,4.060999870300293,4.060999870300293,4.065000057220459,0.0,0.09999284743580573,0.0,0.0,0.0,0.0
128.67992901802063,-0.4000000059604645,4.03000020980835,4.059000015258789,4.056000232696533,4.060999870300293,4.060999870300293,4.065000057220459,nan,nan,nan,nan,nan,nan
128.83958506584167,-0.4000000059604645,4.03000020980835,4.059000015258789,4.056000232696533,4.060999870300293,4.060999870300293,4.065000057220459,nan,nan,nan,nan,nan,nan
129.01990413665771,-0.4099999964237213,4.03000020980835,4.059000015258789,4.056000232696533,4.060999870300293,4.060999870300293,4.065000057220459,0.0,0.0,0.0,0.0,0.0,0.0
129.2001645565033,-0.4099999964237213,4.03000020980835,4.059000015258789,4.056000232696533,4.060999870300293,4.060999870300293,4.065000057220459,nan,nan,nan,nan,nan,nan
129.35956859588623,-0.41999998688697815,4.03000020980835,4.059000015258789,4.056000232696533,4.060999870300293,4.060999870300293,4.065000057220459,0.0,0.0,0.0,0.0,0.0,0.0
129.5399193763733,-0.4000000059604645,4.03000020980835,4.059000015258789,4.056000232696533,4.060999870300293,4.060999870300293,4.065000057220459,0.0,0.0,0.0,0.0,0.0,0.0
129.72026753425598,-0.38999998569488525,4.03000020980835,4.059000015258789,4.057000160217285,4.060999870300293,4.061999797821045,4.065000057220459,0.0,0.0,0.09999254943450207,0.0,0.09999254943450207,0.0
129.87984490394592,-0.4000000059604645,4.03000020980835,4.059000015258789,4.056000232696533,4.060999870300293,4.060999870300293,4.065000057220459,0.0,0.0,0.09999254943450207,0.0,0.09999254943450207,0.0
130.06008744239807,-0.38999998569488525,4.03000020980835,4.059000015258789,4.056000232696533,4.060999870300293,4.060999870300293,4.065000057220459,0.0,0.0,0.0,0.0,0.0,0.0
130.22083926200867,-0.4000000059604645,4.03000020980835,4.059000015258789,4.056000232696533,4.060999870300293,4.060999870300293,4.065000057220459,0.0,0.0,0.0,0.0,0.0,0.0
130.39965438842773,-0.38999998569488525,4.03000020980835,4.059000015258789,4.056000232696533,4.060999870300293,4.060999870300293,4.065000057220459,0.0,0.0,0.0,0.0,0.0,0.0
130.5803017616272,-0.4000000059604645,4.03000020980835,4.059000015258789,4.056000232696533,4.060999870300293,4.060999870300293,4.065000057220459,0.0,0.0,0.0,0.0,0.0,0.0
130.74091625213623,-0.4099999964237213,4.03000020980835,4.059000015258789,4.056000232696533,4.060999870300293,4.060999870300293,4.065000057220459,0.0,0.0,0.0,0.0,0.0,0.0
130.91991209983826,-0.4000000059604645,4.03000020980835,4.059000015258789,4.056000232696533,4.060999870300293,4.060999870300293,4.065000057220459,0.0,0.0,0.0,0.0,0.0,0.0
131.07915902137756,-0.4000000059604645,4.03000020980835,4.059000015258789,4.056000232696533,4.060999870300293,4.060999870300293,4.065000057220459,nan,nan,nan,nan,nan,nan
131.25973773002625,-0.4000000059604645,4.03000020980835,4.059000015258789,4.056000232696533,4.060999870300293,4.060999870300293,4.065000057220459,nan,nan,nan,nan,nan,nan
131.43988800048828,-0.4000000059604645,4.03000020980835,4.059000015258789,4.057000160217285,4.060999870300293,4.060999870300293,4.065000057220459,nan,nan,nan,nan,nan,nan
131.59955978393555,-0.4000000059604645,4.03000020980835,4.059000015258789,4.056000232696533,4.060999870300293,4.060999870300293,4.065000057220459,nan,nan,nan,nan,nan,nan
131.78005266189575,-0.4000000059604645,4.03000020980835,4.059000015258789,4.057000160217285,4.060999870300293,4.060999870300293,4.065000057220459,nan,nan,nan,nan,nan,nan
131.96038675308228,-0.4399999976158142,4.03000020980835,4.059000015258789,4.056000232696533,4.060999870300293,4.060999870300293,4.065000057220459,0.0,0.0,0.024998193233828327,0.0,0.0,0.0
132.1199758052826,-0.4099999964237213,4.03000020980835,4.059000015258789,4.056000232696533,4.059999942779541,4.060999870300293,4.065000057220459,0.0,0.0,0.0,0.033330916033946834,0.0,0.0
132.2998902797699,-0.4000000059604645,4.03000020980835,4.059000015258789,4.056000232696533,4.060999870300293,4.060999870300293,4.065000057220459,0.0,0.0,0.0,0.09999284743580573,0.0,0.0
132.4608998298645,-0.4000000059604645,4.03000020980835,4.059000015258789,4.056000232696533,4.060999870300293,4.060999870300293,4.065000057220459,nan,nan,nan,nan,nan,nan
132.63970685005188,-0.38999998569488525,4.03000020980835,4.059000015258789,4.056000232696533,4.060999870300293,4.060999870300293,4.065000057220459,0.0,0.0,0.0,0.0,0.0,0.0
132.82000041007996,-0.4000000059604645,4.03000020980835,4.059000015258789,4.056000232696533,4.060999870300293,4.060999870300293,4.065000057220459,0.0,0.0,0.0,0.0,0.0,0.0
132.97972893714905,-0.4300000071525574,4.03000020980835,4.059000015258789,4.056000232696533,4.060999870300293,4.060999870300293,4.065000057220459,0.0,0.0,0.0,0.0,0.0,0.0
133.16028928756714,-0.4000000059604645,4.03000020980835,4.059000015258789,4.056000232696533,4.060999870300293,4.060999870300293,4.065000057220459,0.0,0.0,0.0,0.0,0.0,0.0
133.31965255737305,-0.4000000059604645,4.03000020980835,4.059000015258789,4.056000232696533,4.060999870300293,4.060999870300293,4.065000057220459,nan,nan,nan,nan,nan,nan
133.50032925605774,-0.38999998569488525,4.03000020980835,4.059000015258789,4.056000232696533,4.060999870300293,4.060999870300293,4.065000057220459,0.0,0.0,0.0,0.0,0.0,0.0
133.680899143219,-0.4000000059604645,4.03000020980835,4.059000015258789,4.056000232696533,4.060999870300293,4.060999870300293,4.065000057220459,0.0,0.0,0.0,0.0,0.0,0.0
133.84019804000854,-0.38999998569488525,4.03000020980835,4.059000015258789,4.056000232696533,4.060999870300293,4.060999870300293,4.065000057220459,0.0,0.0,0.0,0.0,0.0,0.0
134.02050399780273,-0.41999998688697815,4.03000020980835,4.059000015258789,4.056000232696533,4.060999870300293,4.060999870300293,4.065000057220459,0.0,0.0,0.0,0.0,0.0,0.0
134.19935584068298,-0.4000000059604645,4.03000020980835,4.059000015258789,4.056000232696533,4.060999870300293,4.060999870300293,4.065000057220459,0.0,0.0,0.0,0.0,0.0,0.0
134.35935974121094,-0.4000000059604645,4.03000020980835,4.059000015258789,4.056000232696533,4.060999870300293,4.060999870300293,4.065000057220459,nan,nan,nan,nan,nan,nan
134.5395586490631,-0.4000000059604645,4.03000020980835,4.059000015258789,4.056000232696533,4.060999870300293,4.060999870300293,4.065000057220459,nan,nan,nan,nan,nan,nan
134.70058274269104,-0.3799999952316284,4.03000020980835,4.059000015258789,4.056000232696533,4.060999870300293,4.061999797821045,4.065000057220459,0.0,0.0,0.0,0.0,0.04999634921746594,0.0
134.88063669204712,-0.4000000059604645,4.03000020980835,4.059000015258789,4.056000232696533,4.060999870300293,4.060999870300293,4.065000057220459,0.0,0.0,0.0,0.0,0.04999634921746594,0.0
135.05943155288696,-0.4000000059604645,4.03000020980835,4.059000015258789,4.056000232696533,4.060999870300293,4.060999870300293,4.065000057220459,nan,nan,nan,nan,nan,nan
135.22060227394104,-0.4000000059604645,4.03000020980835,4.059000015258789,4.056000232696533,4.060999870300293,4.060999870300293,4.065000057220459,nan,nan,nan,nan,nan,nan
135.39933347702026,-0.4000000059604645,4.03000020980835,4.059000015258789,4.056000232696533,4.060999870300293,4.060999870300293,4.065000057220459,nan,nan,nan,nan,nan,nan
135.5795612335205,-0.4099999964237213,4.03000020980835,4.059000015258789,4.056000232696533,4.059999942779541,4.060999870300293,4.065000057220459,0.0,0.0,0.0,0.09999284743580573,0.0,0.0
135.740807056427,-0.38999998569488525,4.03000020980835,4.059000015258789,4.056000232696533,4.060999870300293,4.060999870300293,4.065000057220459,0.0,0.0,0.0,0.04999634921746594,0.0,0.0
135.91944909095764,-0.4000000059604645,4.03000020980835,4.059000015258789,4.056000232696533,4.060999870300293,4.060999870300293,4.065000057220459,0.0,0.0,0.0,0.0,0.0,0.0
136.08077383041382,-0.4099999964237213,4.03000020980835,4.059000015258789,4.056000232696533,4.060999870300293,4.060999870300293,4.065000057220459,0.0,0.0,0.0,0.0,0.0,0.0
136.26084327697754,-0.38999998569488525,4.03000020980835,4.059000015258789,4.056000232696533,4.060999870300293,4.060999870300293,4.065000057220459,0.0,0.0,0.0,0.0,0.0,0.0
136.43976068496704,-0.4000000059604645,4.03000020980835,4.059000015258789,4.056000232696533,4.060999870300293,4.060999870300293,4.065000057220459,0.0,0.0,0.0,0.0,0.0,0.0
136.60070610046387,-0.4000000059604645,4.03000020980835,4.059000015258789,4.056000232696533,4.059999942779541,4.060999870300293,4.065000057220459,nan,nan,nan,nan,nan,nan
136.78054571151733,-0.4000000059604645,4.03000020980835,4.059000015258789,4.056000232696533,4.060999870300293,4.060999870300293,4.065000057220459,nan,nan,nan,nan,nan,nan
136.9400942325592,-0.4099999964237213,4.03000020980835,4.059000015258789,4.056000232696533,4.060999870300293,4.060999870300293,4.065000057220459,0.0,0.0,0.0,0.0,0.0,0.0
137.12013697624207,-0.4000000059604645,4.03000020980835,4.059000015258789,4.056000232696533,4.060999870300293,4.060999870300293,4.065000057220459,0.0,0.0,0.0,0.0,0.0,0.0
137.30047369003296,-0.4000000059604645,4.03000020980835,4.059000015258789,4.056000232696533,4.060999870300293,4.060999870300293,4.065000057220459,nan,nan,nan,nan,nan,nan
137.46012687683105,-0.41999998688697815,4.03000020980835,4.059000015258789,4.056000232696533,4.060999870300293,4.060999870300293,4.065000057220459,0.0,0.0,0.0,0.0,0.0,0.0
137.64045023918152,-0.4000000059604645,4.03000020980835,4.059000015258789,4.056000232696533,4.060999870300293,4.060999870300293,4.065000057220459,0.0,0.0,0.0,0.0,0.0,0.0
137.80013275146484,-0.4000000059604645,4.03000020980835,4.059000015258789,4.056000232696533,4.060999870300293,4.060999870300293,4.065000057220459,nan,nan,nan,nan,nan,nan
137.9804151058197,-0.4099999964237213,4.03000020980835,4.059000015258789,4.056000232696533,4.060999870300293,4.060999870300293,4.065000057220459,0.0,0.0,0.0,0.0,0.0,0.0
138.16051506996155,-0.4000000059604645,4.03000020980835,4.059000015258789,4.056000232696533,4.060999870300293,4.060999870300293,4.065000057220459,0.0,0.0,0.0,0.0,0.0,0.0
138.319979429245,-0.4000000059604645,4.03000020980835,4.059000015258789,4.056000232696533,4.060999870300293,4.060999870300293,4.065000057220459,nan,nan,nan,nan,nan,nan
138.50095915794373,-0.41999998688697815,4.03000020980835,4.059000015258789,4.056000232696533,4.060999870300293,4.060999870300293,4.065000057220459,0.0,0.0,0.0,0.0,0.0,0.0
138.68083214759827,-0.4000000059604645,4.03000020980835,4.059000015258789,4.056000232696533,4.059999942779541,4.060999870300293,4.065000057220459,0.0,0.0,0.0,0.04999642371790287,0.0,0.0
138.84063959121704,-0.4000000059604645,4.03000020980835,4.059000015258789,4.056000232696533,4.059999942779541,4.060999870300293,4.065000057220459,nan,nan,nan,nan,nan,nan
139.0211923122406,-0.4000000059604645,4.03000020980835,4.059000015258789,4.056000232696533,4.060999870300293,4.060999870300293,4.065000057220459,nan,nan,nan,nan,nan,nan
139.1801643371582,-0.4000000059604645,4.03000020980835,4.059000015258789,4.056000232696533,4.060999870300293,4.060999870300293,4.065000057220459,nan,nan,nan,nan,nan,nan
139.3605170249939,-0.4099999964237213,4.03000020980835,4.059000015258789,4.056000232696533,4.060999870300293,4.060999870300293,4.065000057220459,0.0,0.0,0.0,0.0,0.0,0.0
139.53950333595276,-0.4000000059604645,4.03000020980835,4.059000015258789,4.056000232696533,4.059999942779541,4.060999870300293,4.065000057220459,0.0,0.0,0.0,0.09999284743580573,0.0,0.0
139.7006278038025,-0.4000000059604645,4.03000020980835,4.059000015258789,4.056000232696533,4.060999870300293,4.060999870300293,4.065000057220459,nan,nan,nan,nan,nan,nan
139.8797287940979,-0.4000000059604645,4.03000020980835,4.059000015258789,4.056000232696533,4.059999942779541,4.060999870300293,4.065000057220459,nan,nan,nan,nan,nan,nan
140.06137776374817,-0.4000000059604645,4.03000020980835,4.059000015258789,4.056000232696533,4.060999870300293,4.060999870300293,4.065000057220459,nan,nan,nan,nan,nan,nan
140.22060751914978,-0.4000000059604645,4.03000020980835,4.059000015258789,4.056000232696533,4.059999942779541,4.060999870300293,4.065000057220459,nan,nan,nan,nan,nan,nan
140.3993775844574,-0.4000000059604645,4.03000020980835,4.059000015258789,4.056000232696533,4.060999870300293,4.060999870300293,4.065000057220459,nan,nan,nan,nan,nan,nan
140.56065154075623,-0.4099999964237213,4.03000020980835,4.059000015258789,4.056000232696533,4.060999870300293,4.060999870300293,4.065000057220459,0.0,0.0,0.0,0.0,0.0,0.0
140.73933172225952,-0.4000000059604645,4.03000020980835,4.059000015258789,4.056000232696533,4.060999870300293,4.060999870300293,4.065000057220459,0.0,0.0,0.0,0.0,0.0,0.0
140.91979360580444,-0.4000000059604645,4.03000020980835,4.059000015258789,4.056000232696533,4.060999870300293,4.060999870300293,4.065000057220459,nan,nan,nan,nan,nan,nan
141.07923340797424,-0.4000000059604645,4.03000020980835,4.059000015258789,4.056000232696533,4.059999942779541,4.060999870300293,4.065000057220459,nan,nan,nan,nan,nan,nan
141.26003575325012,-0.4000000059604645,4.03000020980835,4.059000015258789,4.056000232696533,4.060999870300293,4.060999870300293,4.065000057220459,nan,nan,nan,nan,nan,nan
141.4195249080658,-0.4000000059604645,4.03000020980835,4.059000015258789,4.056000232696533,4.060999870300293,4.060999870300293,4.065000057220459,nan,nan,nan,nan,nan,nan
141.59950304031372,-0.4000000059604645,4.03000020980835,4.059000015258789,4.056000232696533,4.059999942779541,4.060999870300293,4.065000057220459,nan,nan,nan,nan,nan,nan
141.78009295463562,-0.4000000059604645,4.03000020980835,4.059000015258789,4.056000232696533,4.060999870300293,4.060999870300293,4.065000057220459,nan,nan,nan,nan,nan,nan
141.9398069381714,-0.4000000059604645,4.03000020980835,4.059000015258789,4.056000232696533,4.060999870300293,4.060999870300293,4.065000057220459,nan,nan,nan,nan,nan,nan
142.1198627948761,-0.4000000059604645,4.03000020980835,4.059000015258789,4.056000232696533,4.059999942779541,4.060999870300293,4.065000057220459,nan,nan,nan,nan,nan,nan
142.30020475387573,-0.4000000059604645,4.03000020980835,4.059000015258789,4.056000232696533,4.060999870300293,4.060999870300293,4.065000057220459,nan,nan,nan,nan,nan,nan
142.45967268943787,-0.4000000059604645,4.03000020980835,4.059000015258789,4.056000232696533,4.059999942779541,4.060999870300293,4.065000057220459,nan,nan,nan,nan,nan,nan
142.6401469707489,-0.4000000059604645,4.03000020980835,4.059000015258789,4.056000232696533,4.060999870300293,4.060999870300293,4.065000057220459,nan,nan,nan,nan,nan,nan
142.79955911636353,-0.4000000059604645,4.03000020980835,4.059000015258789,4.056000232696533,4.060999870300293,4.060999870300293,4.065000057220459,nan,nan,nan,nan,nan,nan
142.9798822402954,-0.4099999964237213,4.03000020980835,4.059000015258789,4.056000232696533,4.060999870300293,4.060999870300293,4.065000057220459,0.0,0.0,0.0,0.0,0.0,0.0
143.16033625602722,-0.38999998569488525,4.03000020980835,4.059000015258789,4.056000232696533,4.060999870300293,4.060999870300293,4.065000057220459,0.0,0.0,0.0,0.0,0.0,0.0
143.31994557380676,-0.4000000059604645,4.03000020980835,4.059000015258789,4.056000232696533,4.060999870300293,4.060999870300293,4.065000057220459,0.0,0.0,0.0,0.0,0.0,0.0
143.50179052352905,-0.38999998569488525,4.03000020980835,4.059000015258789,4.056000232696533,4.059999942779541,4.060999870300293,4.065000057220459,0.0,0.0,0.0,0.09999254943450207,0.0,0.0
143.6597683429718,-0.4000000059604645,4.03000020980835,4.059000015258789,4.056000232696533,4.059999942779541,4.060999870300293,4.065000057220459,0.0,0.0,0.0,0.0,0.0,0.0
143.84009742736816,-0.3799999952316284,4.03000020980835,4.059000015258789,4.056000232696533,4.059999942779541,4.060999870300293,4.065000057220459,0.0,0.0,0.0,0.0,0.0,0.0
144.02023100852966,-0.4000000059604645,4.03000020980835,4.059000015258789,4.056000232696533,4.059999942779541,4.060999870300293,4.065000057220459,0.0,0.0,0.0,0.0,0.0,0.0
144.17959070205688,-0.4099999964237213,4.03000020980835,4.059000015258789,4.056000232696533,4.059999942779541,4.060999870300293,4.065000057220459,0.0,0.0,0.0,0.0,0.0,0.0
144.36024594306946,-0.4000000059604645,4.03000020980835,4.059000015258789,4.056000232696533,4.059999942779541,4.060999870300293,4.065000057220459,0.0,0.0,0.0,0.0,0.0,0.0
144.5405330657959,-0.4099999964237213,4.03000020980835,4.059000015258789,4.056000232696533,4.059999942779541,4.060999870300293,4.065000057220459,0.0,0.0,0.0,0.0,0.0,0.0
144.70049595832825,-0.4000000059604645,4.03000020980835,4.059000015258789,4.056000232696533,4.059999942779541,4.060999870300293,4.065000057220459,0.0,0.0,0.0,0.0,0.0,0.0
144.88088274002075,-0.4000000059604645,4.03000020980835,4.059000015258789,4.056000232696533,4.059999942779541,4.060999870300293,4.065000057220459,nan,nan,nan,nan,nan,nan
145.0398347377777,-0.4000000059604645,4.03000020980835,4.059000015258789,4.056000232696533,4.059999942779541,4.060999870300293,4.065000057220459,nan,nan,nan,nan,nan,nan
145.2216010093689,-0.4000000059604645,4.0289998054504395,4.059000015258789,4.056000232696533,4.060999870300293,4.060999870300293,4.065000057220459,nan,nan,nan,nan,nan,nan
145.40066719055176,-0.38999998569488525,4.03000020980835,4.059000015258789,4.056000232696533,4.059999942779541,4.060999870300293,4.065000057220459,0.10004023305368878,0.0,0.0,0.09999254943450207,0.0,0.0
145.5600323677063,-0.4000000059604645,4.03000020980835,4.059000015258789,4.056000232696533,4.060999870300293,4.060999870300293,4.065000057220459,0.0,0.0,0.0,0.09999254943450207,0.0,0.0
145.74044251441956,-0.38999998569488525,4.03000020980835,4.059000015258789,4.056000232696533,4.060999870300293,4.060999870300293,4.065000057220459,0.0,0.0,0.0,0.0,0.0,0.0
145.9001202583313,-0.4099999964237213,4.03000020980835,4.059000015258789,4.056000232696533,4.059999942779541,4.060999870300293,4.065000057220459,0.0,0.0,0.0,0.04999634921746594,0.0,0.0
146.07995772361755,-0.4000000059604645,4.03000020980835,4.059000015258789,4.056000232696533,4.059999942779541,4.060999870300293,4.065000057220459,0.0,0.0,0.0,0.0,0.0,0.0
146.26183485984802,-0.4000000059604645,4.03000020980835,4.059000015258789,4.056000232696533,4.060999870300293,4.060999870300293,4.065000057220459,nan,nan,nan,nan,nan,nan
146.42003059387207,-0.4000000059604645,4.03000020980835,4.059000015258789,4.056000232696533,4.060999870300293,4.060999870300293,4.065000057220459,nan,nan,nan,nan,nan,nan
146.60140132904053,-0.4000000059604645,4.03000020980835,4.059000015258789,4.056000232696533,4.059999942779541,4.060999870300293,4.065000057220459,nan,nan,nan,nan,nan,nan
146.7800431251526,-0.4000000059604645,4.03000020980835,4.059000015258789,4.056000232696533,4.059999942779541,4.060999870300293,4.065000057220459,nan,nan,nan,nan,nan,nan
146.94117498397827,-0.41999998688697815,4.03000020980835,4.059000015258789,4.056000232696533,4.059999942779541,4.060999870300293,4.065000057220459,0.0,0.0,0.0,0.0,0.0,0.0
147.1196572780609,-0.4099999964237213,4.03000020980835,4.059000015258789,4.056000232696533,4.059999942779541,4.060999870300293,4.065000057220459,0.0,0.0,0.0,0.0,0.0,0.0
147.27928924560547,-0.4099999964237213,4.03000020980835,4.059000015258789,4.056000232696533,4.059999942779541,4.060999870300293,4.065000057220459,nan,nan,nan,nan,nan,nan
147.45971012115479,-0.4000000059604645,4.03000020980835,4.059000015258789,4.056000232696533,4.059999942779541,4.060999870300293,4.065000057220459,0.0,0.0,0.0,0.0,0.0,0.0
147.6400375366211,-0.38999998569488525,4.03000020980835,4.059000015258789,4.056000232696533,4.060999870300293,4.060999870300293,4.065000057220459,0.0,0.0,0.0,0.09999254943450207,0.0,0.0
147.7996847629547,-0.4099999964237213,4.0289998054504395,4.059000015258789,4.056000232696533,4.059999942779541,4.060999870300293,4.065000057220459,0.05002019106258633,0.0,0.0,0.04999634921746594,0.0,0.0
147.98016095161438,-0.4000000059604645,4.0289998054504395,4.059000015258789,4.056000232696533,4.059999942779541,4.060999870300293,4.065000057220459,0.0,0.0,0.0,0.0,0.0,0.0
148.13963413238525,-0.4000000059604645,4.0289998054504395,4.059000015258789,4.056000232696533,4.060999870300293,4.060999870300293,4.065000057220459,nan,nan,nan,nan,nan,nan
148.319571018219,-0.4000000059604645,4.0289998054504395,4.059000015258789,4.056000232696533,4.059999942779541,4.060999870300293,4.065000057220459,nan,nan,nan,nan,nan,nan
148.50030517578125,-0.4000000059604645,4.03000020980835,4.059000015258789,4.056000232696533,4.059999942779541,4.060999870300293,4.065000057220459,nan,nan,nan,nan,nan,nan
148.66107964515686,-0.3700000047683716,4.03000020980835,4.059000015258789,4.056000232696533,4.059999942779541,4.060999870300293,4.065000057220459,0.0,0.0,0.0,0.0,0.0,0.0
148.8400797843933,-0.4000000059604645,4.0289998054504395,4.059000015258789,4.056000232696533,4.059999942779541,4.060999870300293,4.065000057220459,0.03334681060525534,0.0,0.0,0.0,0.0,0.0
149.0197024345398,-0.4000000059604645,4.03000020980835,4.059000015258789,4.056000232696533,4.059999942779541,4.060999870300293,4.065000057220459,nan,nan,nan,nan,nan,nan
149.1807792186737,-0.4000000059604645,4.03000020980835,4.059000015258789,4.056000232696533,4.059999942779541,4.060999870300293,4.065000057220459,nan,nan,nan,nan,nan,nan
149.3609185218811,-0.4000000059604645,4.03000020980835,4.059000015258789,4.056000232696533,4.059999942779541,4.060999870300293,4.065000057220459,nan,nan,nan,nan,nan,nan
149.52074432373047,-0.4000000059604645,4.0289998054504395,4.059000015258789,4.056000232696533,4.059999942779541,4.060999870300293,4.065000057220459,nan,nan,nan,nan,nan,nan
149.70074558258057,-0.4000000059604645,4.03000020980835,4.059000015258789,4.056000232696533,4.059999942779541,4.060999870300293,4.065000057220459,nan,nan,nan,nan,nan,nan
149.8793911933899,-0.4000000059604645,4.0289998054504395,4.059000015258789,4.056000232696533,4.059999942779541,4.060999870300293,4.065000057220459,nan,nan,nan,nan,nan,nan
150.0405023097992,-0.4000000059604645,4.0289998054504395,4.059000015258789,4.056000232696533,4.059999942779541,4.060999870300293,4.065000057220459,nan,nan,nan,nan,nan,nan
150.22078680992126,-0.4000000059604645,4.03000020980835,4.059000015258789,4.056000232696533,4.059999942779541,4.060999870300293,4.065000057220459,nan,nan,nan,nan,nan,nan
150.38042187690735,-0.4000000059604645,4.03000020980835,4.059000015258789,4.056000232696533,4.059999942779541,4.060999870300293,4.065000057220459,nan,nan,nan,nan,nan,nan
150.5608515739441,-0.4000000059604645,4.03000020980835,4.059000015258789,4.056000232696533,4.059999942779541,4.060999870300293,4.065000057220459,nan,nan,nan,nan,nan,nan
150.7409269809723,-0.4300000071525574,4.0289998054504395,4.059000015258789,4.056000232696533,4.059999942779541,4.060999870300293,4.065000057220459,0.03334681060525534,0.0,0.0,0.0,0.0,0.0
150.90210056304932,-0.4000000059604645,4.03000020980835,4.059000015258789,4.056000232696533,4.059999942779541,4.060999870300293,4.065000057220459,0.03334681060525534,0.0,0.0,0.0,0.0,0.0
151.08225107192993,-0.4099999964237213,4.0289998054504395,4.059000015258789,4.056000232696533,4.059999942779541,4.060999870300293,4.065000057220459,0.10004053119710082,0.0,0.0,0.0,0.0,0.0
151.2425661087036,-0.4000000059604645,4.0289998054504395,4.059000015258789,4.056000232696533,4.059999942779541,4.060999870300293,4.065000057220459,0.0,0.0,0.0,0.0,0.0,0.0
151.42274236679077,-0.4000000059604645,4.03000020980835,4.059000015258789,4.056000232696533,4.060999870300293,4.060999870300293,4.065000057220459,nan,nan,nan,nan,nan,nan
151.60043573379517,-0.4099999964237213,4.0289998054504395,4.059000015258789,4.056000232696533,4.059999942779541,4.060999870300293,4.065000057220459,0.10004053119710082,0.0,0.0,0.09999284743580573,0.0,0.0
151.76112627983093,-2.0899999141693115,4.0269999504089355,4.056000232696533,4.052999973297119,4.059999942779541,4.060999870300293,4.065000057220459,0.0011903899639397204,0.0017855849459095805,0.0017858687775652647,0.0,0.0,0.0
151.94038772583008,-0.7900000214576721,4.0289998054504395,4.058000087738037,4.054999828338623,4.059999942779541,4.059999942779541,4.064000129699707,0.0015383501588853638,0.0015383501588853638,0.0015383501588853638,0.0,0.0007691750794426819,0.0007691750794426819
152.12046480178833,-0.5899999737739563,4.0289998054504395,4.058000087738037,4.054999828338623,4.059000015258789,4.059999942779541,4.064000129699707,0.0,0.0,0.0,0.004999636411753557,0.0,0.0
152.2812192440033,-0.6000000238418579,4.0279998779296875,4.058000087738037,4.054999828338623,4.059000015258789,4.059999942779541,4.064000129699707,0.09999225143497464,0.0,0.0,0.0,0.0,0.0
152.4615375995636,-0.6399999856948853,4.0289998054504395,4.058000087738037,4.054999828338623,4.059000015258789,4.059999942779541,4.064000129699707,0.024998211858951434,0.0,0.0,0.0,0.0,0.0
152.62090802192688,-0.6000000238418579,4.0289998054504395,4.058000087738037,4.054999828338623,4.059000015258789,4.059999942779541,4.064000129699707,0.0,0.0,0.0,0.0,0.0,0.0
152.8016562461853,-0.550000011920929,4.0289998054504395,4.058000087738037,4.054999828338623,4.059000015258789,4.059999942779541,4.064000129699707,0.0,0.0,0.0,0.0,0.0,0.0
152.98004174232483,-0.6299999952316284,4.0279998779296875,4.058000087738037,4.054999828338623,4.059000015258789,4.059999942779541,4.064000129699707,0.012499096616914163,0.0,0.0,0.0,0.0,0.0
153.1393735408783,-0.6899999976158142,4.0279998779296875,4.058000087738037,4.054999828338623,4.059000015258789,4.059999942779541,4.064000129699707,0.0,0.0,0.0,0.0,0.0,0.0
153.3198914527893,-0.6700000166893005,4.0279998779296875,4.058000087738037,4.054999828338623,4.059000015258789,4.059999942779541,4.064000129699707,0.0,0.0,0.0,0.0,0.0,0.0
153.47930264472961,-0.6100000143051147,4.0289998054504395,4.058000087738037,4.054999828338623,4.059000015258789,4.059999942779541,4.064000129699707,0.016665458016973417,0.0,0.0,0.0,0.0,0.0
153.65992832183838,-0.7599999904632568,4.0289998054504395,4.058000087738037,4.054999828338623,4.059000015258789,4.059999942779541,4.064000129699707,0.0,0.0,0.0,0.0,0.0,0.0
153.84039878845215,-0.6700000166893005,4.0289998054504395,4.058000087738037,4.053999900817871,4.059000015258789,4.059999942779541,4.064000129699707,0.0,0.0,0.011110309023682256,0.0,0.0,0.0
153.99944400787354,-0.5799999833106995,4.0289998054504395,4.058000087738037,4.054999828338623,4.059000015258789,4.059999942779541,4.064000129699707,0.0,0.0,0.011110301665618067,0.0,0.0,0.0
154.1797695159912,-0.699999988079071,4.0289998054504395,4.058000087738037,4.054999828338623,4.059000015258789,4.059999942779541,4.064000129699707,0.0,0.0,0.0,0.0,0.0,0.0
154.36168479919434,-0.699999988079071,4.0289998054504395,4.058000087738037,4.054999828338623,4.059000015258789,4.059999942779541,4.064000129699707,nan,nan,nan,nan,nan,nan
154.51976704597473,-0.6499999761581421,4.0279998779296875,4.058000087738037,4.054999828338623,4.059000015258789,4.059999942779541,4.064000129699707,0.019998545647014226,0.0,0.0,0.0,0.0,0.0
154.69999241828918,-0.4099999964237213,4.0279998779296875,4.058000087738037,4.054999828338623,4.059000015258789,4.059999942779541,4.064000129699707,0.0,0.0,0.0,0.0,0.0,0.0
154.85954999923706,-0.4000000059604645,4.0289998054504395,4.058000087738037,4.056000232696533,4.059999942779541,4.060999870300293,4.064000129699707,0.09999284743580573,0.0,0.10004053119710082,0.09999284743580573,0.09999284743580573,0.0
155.04079842567444,-0.4000000059604645,4.0289998054504395,4.059000015258789,4.054999828338623,4.059999942779541,4.060999870300293,4.065000057220459,nan,nan,nan,nan,nan,nan
155.22081112861633,-0.4399999976158142,4.0289998054504395,4.058000087738037,4.054999828338623,4.059999942779541,4.059999942779541,4.064000129699707,0.0,0.024998193233828327,0.0,0.0,0.024998193233828327,0.024998193233828327
155.38025093078613,-0.38999998569488525,4.0289998054504395,4.059000015258789,4.056000232696533,4.059999942779541,4.059999942779541,4.064000129699707,0.0,0.019998545647014226,0.020008082387904552,0.0,0.0,0.0
155.5604603290558,-0.4099999964237213,4.0289998054504395,4.059000015258789,4.054999828338623,4.059999942779541,4.059999942779541,4.064000129699707,0.0,0.0,0.05002019106258633,0.0,0.0,0.0
155.71994519233704,-0.4000000059604645,4.0289998054504395,4.059000015258789,4.056000232696533,4.059999942779541,4.059999942779541,4.064000129699707,0.0,0.0,0.10004053119710082,0.0,0.0,0.0
155.90048956871033,-0.4000000059604645,4.0289998054504395,4.058000087738037,4.056000232696533,4.059999942779541,4.060999870300293,4.065000057220459,nan,nan,nan,nan,nan,nan
156.08010125160217,-0.4000000059604645,4.0289998054504395,4.058000087738037,4.056000232696533,4.059999942779541,4.060999870300293,4.065000057220459,nan,nan,nan,nan,nan,nan
156.23976922035217,-0.4000000059604645,4.0289998054504395,4.058000087738037,4.056000232696533,4.059999942779541,4.059999942779541,4.065000057220459,nan,nan,nan,nan,nan,nan
156.42152214050293,-0.4000000059604645,4.0289998054504395,4.058000087738037,4.056000232696533,4.059999942779541,4.059999942779541,4.065000057220459,nan,nan,nan,nan,nan,nan
156.5795133113861,-0.4000000059604645,4.0289998054504395,4.058000087738037,4.056000232696533,4.059999942779541,4.059999942779541,4.064000129699707,nan,nan,nan,nan,nan,nan
156.76010012626648,-0.4000000059604645,4.0289998054504395,4.058000087738037,4.054999828338623,4.059999942779541,4.060999870300293,4.065000057220459,nan,nan,nan,nan,nan,nan
156.9400668144226,-0.38999998569488525,4.0289998054504395,4.059000015258789,4.054999828338623,4.059999942779541,4.059999942779541,4.065000057220459,0.0,0.09999254943450207,0.0,0.0,0.09999254943450207,0.0
157.0997188091278,-0.4000000059604645,4.0289998054504395,4.058000087738037,4.054999828338623,4.059999942779541,4.059999942779541,4.065000057220459,0.0,0.09999254943450207,0.0,0.0,0.0,0.0
157.28019499778748,-0.4000000059604645,4.0289998054504395,4.058000087738037,4.056000232696533,4.059999942779541,4.060999870300293,4.064000129699707,nan,nan,nan,nan,nan,nan
157.46034741401672,-0.4000000059604645,4.0289998054504395,4.059000015258789,4.056000232696533,4.059999942779541,4.059999942779541,4.064000129699707,nan,nan,nan,nan,nan,nan
157.61975622177124,-0.4000000059604645,4.0289998054504395,4.059000015258789,4.056000232696533,4.059999942779541,4.060999870300293,4.065000057220459,nan,nan,nan,nan,nan,nan
157.80038261413574,-0.41999998688697815,4.0289998054504395,4.058000087738037,4.056000232696533,4.059999942779541,4.059999942779541,4.064000129699707,0.0,0.04999642371790287,0.0,0.0,0.04999642371790287,0.04999642371790287
157.96020007133484,-0.41999998688697815,4.0289998054504395,4.059000015258789,4.054999828338623,4.059999942779541,4.059999942779541,4.064000129699707,nan,nan,nan,nan,nan,nan
158.1407322883606,-0.4000000059604645,4.0289998054504395,4.058000087738037,4.056000232696533,4.059999942779541,4.059999942779541,4.065000057220459,0.0,0.04999642371790287,0.05002026559855041,0.0,0.0,0.04999642371790287
158.3205955028534,-0.4000000059604645,4.0289998054504395,4.059000015258789,4.056000232696533,4.059999942779541,4.059999942779541,4.065000057220459,nan,nan,nan,nan,nan,nan
158.48004412651062,-0.4099999964237213,4.0289998054504395,4.058000087738037,4.056000232696533,4.059999942779541,4.059999942779541,4.064000129699707,0.0,0.09999284743580573,0.0,0.0,0.0,0.09999284743580573
158.66050243377686,-0.4000000059604645,4.0289998054504395,4.058000087738037,4.056000232696533,4.059999942779541,4.059999942779541,4.065000057220459,0.0,0.0,0.0,0.0,0.0,0.09999284743580573
158.81983709335327,-0.4000000059604645,4.0289998054504395,4.059000015258789,4.054999828338623,4.059999942779541,4.060999870300293,4.064000129699707,nan,nan,nan,nan,nan,nan
158.99979496002197,-0.4099999964237213,4.0289998054504395,4.059000015258789,4.056000232696533,4.059999942779541,4.060999870300293,4.064000129699707,0.0,0.0,0.10004053119710082,0.0,0.0,0.0
159.18028259277344,-0.4099999964237213,4.0289998054504395,4.059000015258789,4.056000232696533,4.059999942779541,4.059999942779541,4.064000129699707,nan,nan,nan,nan,nan,nan
159.33968544006348,-0.4000000059604645,4.0289998054504395,4.058000087738037,4.056000232696533,4.059999942779541,4.059999942779541,4.065000057220459,0.0,0.09999284743580573,0.0,0.0,0.0,0.09999284743580573
159.52020025253296,-0.4000000059604645,4.0289998054504395,4.058000087738037,4.056000232696533,4.059999942779541,4.060999870300293,4.064000129699707,nan,nan,nan,nan,nan,nan
159.70101952552795,-0.4000000059604645,4.0289998054504395,4.059000015258789,4.054999828338623,4.059999942779541,4.059999942779541,4.065000057220459,nan,nan,nan,nan,nan,nan
159.8600194454193,-0.4000000059604645,4.0289998054504395,4.058000087738037,4.056000232696533,4.059999942779541,4.059999942779541,4.064000129699707,nan,nan,nan,nan,nan,nan
160.04046249389648,-0.4000000059604645,4.0289998054504395,4.058000087738037,4.056000232696533,4.059999942779541,4.059999942779541,4.065000057220459,nan,nan,nan,nan,nan,nan
160.20035123825073,-0.4000000059604645,4.0289998054504395,4.059000015258789,4.056000232696533,4.059999942779541,4.059999942779541,4.065000057220459,nan,nan,nan,nan,nan,nan
160.38012599945068,-0.4000000059604645,4.0289998054504395,4.059000015258789,4.054999828338623,4.059999942779541,4.059999942779541,4.065000057220459,nan,nan,nan,nan,nan,nan
160.5605490207672,-0.41999998688697815,4.0289998054504395,4.059000015258789,4.056000232696533,4.059999942779541,4.059999942779541,4.065000057220459,0.0,0.0,0.05002026559855041,0.0,0.0,0.0
160.72009301185608,-0.4000000059604645,4.0289998054504395,4.058000087738037,4.054999828338623,4.059999942779541,4.060999870300293,4.065000057220459,0.0,0.04999642371790287,0.05002026559855041,0.0,0.04999642371790287,0.0
160.90010499954224,-0.38999998569488525,4.0289998054504395,4.058000087738037,4.056000232696533,4.059999942779541,4.059999942779541,4.064000129699707,0.0,0.0,0.10004023305368878,0.0,0.09999254943450207,0.09999254943450207
161.0795021057129,-0.41999998688697815,4.0289998054504395,4.059000015258789,4.056000232696533,4.059999942779541,4.059999942779541,4.064000129699707,0.0,0.033330916033946834,0.0,0.0,0.0,0.0
161.24085211753845,-0.4000000059604645,4.0289998054504395,4.059000015258789,4.054999828338623,4.059999942779541,4.059999942779541,4.064000129699707,0.0,0.0,0.05002026559855041,0.0,0.0,0.0
161.41932892799377,-0.41999998688697815,4.0289998054504395,4.058000087738037,4.054999828338623,4.059999942779541,4.059999942779541,4.064000129699707,0.0,0.04999642371790287,0.0,0.0,0.0,0.0
161.58039021492004,-0.4300000071525574,4.0289998054504395,4.058000087738037,4.054999828338623,4.059999942779541,4.059999942779541,4.064000129699707,0.0,0.0,0.0,0.0,0.0,0.0
161.76054072380066,-0.4099999964237213,4.0289998054504395,4.058000087738037,4.054999828338623,4.059999942779541,4.059999942779541,4.065000057220459,0.0,0.0,0.0,0.0,0.0,0.04999634921746594
161.9394829273224,-0.41999998688697815,4.0289998054504395,4.059000015258789,4.054999828338623,4.059999942779541,4.059999942779541,4.064000129699707,0.0,0.09999284743580573,0.0,0.0,0.0,0.09999284743580573
162.10060930252075,-0.4099999964237213,4.0289998054504395,4.059000015258789,4.054999828338623,4.059999942779541,4.059999942779541,4.064000129699707,0.0,0.0,0.0,0.0,0.0,0.0
162.27966833114624,-0.4300000071525574,4.0289998054504395,4.059000015258789,4.054999828338623,4.059999942779541,4.059999942779541,4.064000129699707,0.0,0.0,0.0,0.0,0.0,0.0
162.44071125984192,-0.4300000071525574,4.0289998054504395,4.058000087738037,4.054999828338623,4.059999942779541,4.059999942779541,4.064000129699707,nan,nan,nan,nan,nan,nan
162.62104439735413,-0.41999998688697815,4.0289998054504395,4.058000087738037,4.054999828338623,4.059999942779541,4.059999942779541,4.064000129699707,0.0,0.0,0.0,0.0,0.0,0.0
162.79985690116882,-0.41999998688697815,4.0289998054504395,4.058000087738037,4.054999828338623,4.059999942779541,4.059999942779541,4.065000057220459,nan,nan,nan,nan,nan,nan
162.95913887023926,-0.4300000071525574,4.0289998054504395,4.058000087738037,4.054999828338623,4.059999942779541,4.059999942779541,4.064000129699707,0.0,0.0,0.0,0.0,0.0,0.09999254943450207
163.1394829750061,-0.4300000071525574,4.0289998054504395,4.058000087738037,4.054999828338623,4.059999942779541,4.059999942779541,4.064000129699707,nan,nan,nan,nan,nan,nan
163.3198471069336,-0.4000000059604645,4.0289998054504395,4.058000087738037,4.056000232696533,4.059999942779541,4.059999942779541,4.065000057220459,0.0,0.0,0.03334681060525534,0.0,0.0,0.033330916033946834
163.479594707489,-0.4300000071525574,4.0289998054504395,4.058000087738037,4.054999828338623,4.059999942779541,4.059999942779541,4.064000129699707,0.0,0.0,0.03334681060525534,0.0,0.0,0.033330916033946834
163.66016674041748,-0.41999998688697815,4.0289998054504395,4.058000087738037,4.054999828338623,4.059999942779541,4.059999942779541,4.064000129699707,0.0,0.0,0.0,0.0,0.0,0.0
163.82070755958557,-0.41999998688697815,4.0289998054504395,4.058000087738037,4.056000232696533,4.059999942779541,4.059999942779541,4.065000057220459,nan,nan,nan,nan,nan,nan
163.99982571601868,-0.41999998688697815,4.0289998054504395,4.058000087738037,4.054999828338623,4.059999942779541,4.059999942779541,4.064000129699707,nan,nan,nan,nan,nan,nan
164.18007588386536,-0.41999998688697815,4.0289998054504395,4.058000087738037,4.054999828338623,4.059999942779541,4.059999942779541,4.065000057220459,nan,nan,nan,nan,nan,nan
164.3398904800415,-0.4300000071525574,4.0289998054504395,4.058000087738037,4.054999828338623,4.059999942779541,4.059999942779541,4.064000129699707,0.0,0.0,0.0,0.0,0.0,0.09999254943450207
164.52037405967712,-0.4300000071525574,4.0279998779296875,4.058000087738037,4.054999828338623,4.059999942779541,4.059999942779541,4.064000129699707,nan,nan,nan,nan,nan,nan
164.67975878715515,-0.4300000071525574,4.0289998054504395,4.058000087738037,4.054999828338623,4.059999942779541,4.060999870300293,4.064000129699707,nan,nan,nan,nan,nan,nan
164.86003303527832,-0.41999998688697815,4.0289998054504395,4.058000087738037,4.054999828338623,4.059999942779541,4.059999942779541,4.064000129699707,0.0,0.0,0.0,0.0,0.09999254943450207,0.0
165.04014134407043,-0.41999998688697815,4.0289998054504395,4.058000087738037,4.054999828338623,4.059999942779541,4.059999942779541,4.065000057220459,nan,nan,nan,nan,nan,nan
165.19956398010254,-0.4300000071525574,4.0289998054504395,4.058000087738037,4.054999828338623,4.059999942779541,4.059999942779541,4.065000057220459,0.0,0.0,0.0,0.0,0.0,0.0
165.37991428375244,-0.4000000059604645,4.0289998054504395,4.058000087738037,4.054999828338623,4.059999942779541,4.059999942779541,4.065000057220459,0.0,0.0,0.0,0.0,0.0,0.0
165.56033515930176,-0.4000000059604645,4.0289998054504395,4.059000015258789,4.054999828338623,4.059999942779541,4.059999942779541,4.065000057220459,nan,nan,nan,nan,nan,nan
165.71979689598083,-0.4000000059604645,4.0289998054504395,4.059000015258789,4.054999828338623,4.059999942779541,4.059999942779541,4.064000129699707,nan,nan,nan,nan,nan,nan
165.8999683856964,-0.4000000059604645,4.0289998054504395,4.058000087738037,4.054999828338623,4.059999942779541,4.059999942779541,4.064000129699707,nan,nan,nan,nan,nan,nan
166.05972576141357,-0.38999998569488525,4.0289998054504395,4.059000015258789,4.054999828338623,4.059999942779541,4.059999942779541,4.065000057220459,0.0,0.09999254943450207,0.0,0.0,0.0,0.09999254943450207
166.24012207984924,-0.4000000059604645,4.0289998054504395,4.059000015258789,4.054999828338623,4.059999942779541,4.059999942779541,4.064000129699707,0.0,0.0,0.0,0.0,0.0,0.09999254943450207
166.42070269584656,-0.4099999964237213,4.0289998054504395,4.058000087738037,4.054999828338623,4.059999942779541,4.059999942779541,4.065000057220459,0.0,0.09999284743580573,0.0,0.0,0.0,0.09999284743580573
166.58058190345764,-0.41999998688697815,4.0289998054504395,4.058000087738037,4.054999828338623,4.059999942779541,4.059999942779541,4.064000129699707,0.0,0.0,0.0,0.0,0.0,0.09999284743580573
166.76154685020447,-0.4000000059604645,4.0289998054504395,4.058000087738037,4.054999828338623,4.059999942779541,4.060999870300293,4.065000057220459,0.0,0.0,0.0,0.0,0.04999642371790287,0.04999642371790287
166.91987442970276,-0.4000000059604645,4.0289998054504395,4.059000015258789,4.054999828338623,4.059999942779541,4.059999942779541,4.064000129699707,nan,nan,nan,nan,nan,nan
167.1001238822937,-0.4099999964237213,4.0289998054504395,4.058000087738037,4.054999828338623,4.059999942779541,4.059999942779541,4.065000057220459,0.0,0.09999284743580573,0.0,0.0,0.0,0.09999284743580573
167.28031396865845,-0.4000000059604645,4.0289998054504395,4.059000015258789,4.054999828338623,4.059999942779541,4.059999942779541,4.064000129699707,0.0,0.09999284743580573,0.0,0.0,0.0,0.09999284743580573
167.43967866897583,-0.38999998569488525,4.0289998054504395,4.059000015258789,4.054999828338623,4.059999942779541,4.059999942779541,4.064000129699707,0.0,0.0,0.0,0.0,0.0,0.0
167.6202838420868,-0.4000000059604645,4.0289998054504395,4.058000087738037,4.054999828338623,4.059999942779541,4.059999942779541,4.065000057220459,0.0,0.09999254943450207,0.0,0.0,0.0,0.09999254943450207
167.80055046081543,-0.4300000071525574,4.0289998054504395,4.059000015258789,4.054999828338623,4.059999942779541,4.059999942779541,4.064000129699707,0.0,0.033330916033946834,0.0,0.0,0.0,0.033330916033946834
167.9598364830017,-0.4000000059604645,4.0289998054504395,4.059000015258789,4.054999828338623,4.059999942779541,4.059999942779541,4.064000129699707,0.0,0.0,0.0,0.0,0.0,0.0
168.14022588729858,-0.4000000059604645,4.0289998054504395,4.058000087738037,4.054999828338623,4.059000015258789,4.059999942779541,4.064000129699707,nan,nan,nan,nan,nan,nan
168.2999038696289,-0.4000000059604645,4.0289998054504395,4.058000087738037,4.054999828338623,4.059999942779541,4.059999942779541,4.065000057220459,nan,nan,nan,nan,nan,nan
168.4800901412964,-0.4000000059604645,4.0289998054504395,4.058000087738037,4.054999828338623,4.059999942779541,4.059999942779541,4.064000129699707,nan,nan,nan,nan,nan,nan
168.66022419929504,-0.4000000059604645,4.0289998054504395,4.058000087738037,4.054999828338623,4.059999942779541,4.059999942779541,4.064000129699707,nan,nan,nan,nan,nan,nan
168.81990385055542,-0.4000000059604645,4.0289998054504395,4.058000087738037,4.054999828338623,4.059999942779541,4.059999942779541,4.065000057220459,nan,nan,nan,nan,nan,nan
168.99975490570068,-0.4000000059604645,4.0289998054504395,4.058000087738037,4.054999828338623,4.059999942779541,4.059999942779541,4.064000129699707,nan,nan,nan,nan,nan,nan
169.16090607643127,-0.41999998688697815,4.0289998054504395,4.059000015258789,4.054999828338623,4.059999942779541,4.059999942779541,4.064000129699707,0.0,0.04999642371790287,0.0,0.0,0.0,0.0
169.33982491493225,-0.4000000059604645,4.0289998054504395,4.058000087738037,4.056000232696533,4.059999942779541,4.059999942779541,4.065000057220459,0.0,0.04999642371790287,0.05002026559855041,0.0,0.0,0.04999642371790287
169.52001523971558,-0.4000000059604645,4.0289998054504395,4.058000087738037,4.054999828338623,4.059999942779541,4.059999942779541,4.064000129699707,nan,nan,nan,nan,nan,nan
169.6796715259552,-0.38999998569488525,4.0289998054504395,4.058000087738037,4.056000232696533,4.059999942779541,4.059999942779541,4.065000057220459,0.0,0.0,0.10004023305368878,0.0,0.0,0.09999254943450207
169.860285282135,-0.4000000059604645,4.0289998054504395,4.059000015258789,4.054999828338623,4.059999942779541,4.059999942779541,4.065000057220459,0.0,0.09999254943450207,0.10004023305368878,0.0,0.0,0.0
170.040424823761,-0.4099999964237213,4.0289998054504395,4.058000087738037,4.054999828338623,4.059000015258789,4.059999942779541,4.064000129699707,0.0,0.09999284743580573,0.0,0.09999284743580573,0.0,0.09999284743580573
170.20000839233398,-0.38999998569488525,4.0289998054504395,4.058000087738037,4.054999828338623,4.059000015258789,4.059999942779541,4.064000129699707,0.0,0.0,0.0,0.0,0.0,0.0
170.3804578781128,-0.38999998569488525,4.0289998054504395,4.058000087738037,4.054999828338623,4.059999942779541,4.059999942779541,4.065000057220459,nan,nan,nan,nan,nan,nan
170.5400378704071,-0.38999998569488525,4.0289998054504395,4.058000087738037,4.054999828338623,4.059000015258789,4.059999942779541,4.065000057220459,nan,nan,nan,nan,nan,nan
170.7203085422516,-0.4000000059604645,4.0289998054504395,4.058000087738037,4.054999828338623,4.059999942779541,4.059999942779541,4.064000129699707,0.0,0.0,0.0,0.09999254943450207,0.0,0.09999254943450207
170.90047121047974,-0.38999998569488525,4.0289998054504395,4.058000087738037,4.054999828338623,4.059999942779541,4.059999942779541,4.064000129699707,0.0,0.0,0.0,0.0,0.0,0.0
171.0601453781128,-0.38999998569488525,4.0289998054504395,4.058000087738037,4.054999828338623,4.059999942779541,4.059999942779541,4.065000057220459,nan,nan,nan,nan,nan,nan
171.24066615104675,-0.38999998569488525,4.0289998054504395,4.058000087738037,4.054999828338623,4.059999942779541,4.059999942779541,4.065000057220459,nan,nan,nan,nan,nan,nan
171.41929054260254,-0.4000000059604645,4.0289998054504395,4.058000087738037,4.054999828338623,4.059999942779541,4.059999942779541,4.064000129699707,0.0,0.0,0.0,0.0,0.0,0.09999254943450207
171.58062314987183,-0.4000000059604645,4.0289998054504395,4.058000087738037,4.054999828338623,4.059999942779541,4.059999942779541,4.065000057220459,nan,nan,nan,nan,nan,nan
171.75946831703186,-0.4099999964237213,4.0289998054504395,4.058000087738037,4.054999828338623,4.059999942779541,4.059999942779541,4.064000129699707,0.0,0.0,0.0,0.0,0.0,0.09999284743580573
171.92056345939636,-0.38999998569488525,4.0289998054504395,4.058000087738037,4.054999828338623,4.059999942779541,4.059999942779541,4.065000057220459,0.0,0.0,0.0,0.0,0.0,0.04999634921746594
172.10065174102783,-0.4000000059604645,4.0289998054504395,4.058000087738037,4.054999828338623,4.059999942779541,4.059999942779541,4.064000129699707,0.0,0.0,0.0,0.0,0.0,0.09999254943450207
172.2807686328888,-0.4300000071525574,4.0289998054504395,4.058000087738037,4.054999828338623,4.059999942779541,4.059999942779541,4.064000129699707,0.0,0.0,0.0,0.0,0.0,0.0
172.4402995109558,-0.4000000059604645,4.0289998054504395,4.058000087738037,4.054999828338623,4.059999942779541,4.059999942779541,4.064000129699707,0.0,0.0,0.0,0.0,0.0,0.0
172.62078380584717,-0.41999998688697815,4.0289998054504395,4.058000087738037,4.054999828338623,4.059999942779541,4.059999942779541,4.064000129699707,0.0,0.0,0.0,0.0,0.0,0.0
172.7802369594574,-0.4000000059604645,4.0289998054504395,4.058000087738037,4.054999828338623,4.059999942779541,4.059999942779541,4.064000129699707,0.0,0.0,0.0,0.0,0.0,0.0
172.96096563339233,-0.4000000059604645,4.0279998779296875,4.058000087738037,4.054999828338623,4.059999942779541,4.059999942779541,4.064000129699707,nan,nan,nan,nan,nan,nan
173.14086413383484,-0.4099999964237213,4.0289998054504395,4.058000087738037,4.054999828338623,4.059999942779541,4.059999942779541,4.064000129699707,0.09999284743580573,0.0,0.0,0.0,0.0,0.0
173.30040526390076,-0.4099999964237213,4.0289998054504395,4.058000087738037,4.054999828338623,4.059999942779541,4.059999942779541,4.065000057220459,nan,nan,nan,nan,nan,nan
173.48084449768066,-0.4099999964237213,4.0289998054504395,4.058000087738037,4.054999828338623,4.059999942779541,4.059999942779541,4.064000129699707,nan,nan,nan,nan,nan,nan
173.6606776714325,-0.4099999964237213,4.0289998054504395,4.058000087738037,4.054999828338623,4.059999942779541,4.059999942779541,4.064000129699707,nan,nan,nan,nan,nan,nan
173.82043361663818,-0.4000000059604645,4.0289998054504395,4.058000087738037,4.054999828338623,4.059999942779541,4.059999942779541,4.064000129699707,0.0,0.0,0.0,0.0,0.0,0.0
174.00042724609375,-0.4000000059604645,4.0289998054504395,4.058000087738037,4.054999828338623,4.059999942779541,4.059999942779541,4.064000129699707,nan,nan,nan,nan,nan,nan
174.16026854515076,-0.4000000059604645,4.0279998779296875,4.058000087738037,4.054999828338623,4.059999942779541,4.059999942779541,4.064000129699707,nan,nan,nan,nan,nan,nan
174.34063005447388,-0.4000000059604645,4.0289998054504395,4.058000087738037,4.054999828338623,4.059999942779541,4.059999942779541,4.064000129699707,nan,nan,nan,nan,nan,nan
174.51935338974,-0.38999998569488525,4.0289998054504395,4.058000087738037,4.054999828338623,4.059999942779541,4.059999942779541,4.064000129699707,0.0,0.0,0.0,0.0,0.0,0.0
174.68072962760925,-0.4000000059604645,4.0289998054504395,4.058000087738037,4.054999828338623,4.059999942779541,4.059999942779541,4.064000129699707,0.0,0.0,0.0,0.0,0.0,0.0
174.86076068878174,-0.4000000059604645,4.0289998054504395,4.058000087738037,4.054999828338623,4.059999942779541,4.059999942779541,4.064000129699707,nan,nan,nan,nan,nan,nan
175.0202658176422,-0.41999998688697815,4.0289998054504395,4.058000087738037,4.054999828338623,4.059999942779541,4.059999942779541,4.064000129699707,0.0,0.0,0.0,0.0,0.0,0.0
175.20046305656433,-0.4000000059604645,4.0289998054504395,4.058000087738037,4.054999828338623,4.059999942779541,4.059999942779541,4.064000129699707,0.0,0.0,0.0,0.0,0.0,0.0
175.3806004524231,-0.4000000059604645,4.0279998779296875,4.058000087738037,4.054999828338623,4.059999942779541,4.059999942779541,4.065000057220459,nan,nan,nan,nan,nan,nan
175.54026246070862,-0.4099999964237213,4.0289998054504395,4.058000087738037,4.054999828338623,4.059999942779541,4.059999942779541,4.065000057220459,0.09999284743580573,0.0,0.0,0.0,0.0,0.0
175.7207052707672,-0.4000000059604645,4.0289998054504395,4.058000087738037,4.054999828338623,4.059000015258789,4.059999942779541,4.064000129699707,0.0,0.0,0.0,0.09999284743580573,0.0,0.09999284743580573
175.8799991607666,-0.4000000059604645,4.0289998054504395,4.058000087738037,4.054999828338623,4.059999942779541,4.059999942779541,4.064000129699707,nan,nan,nan,nan,nan,nan
176.06061053276062,-0.4099999964237213,4.0279998779296875,4.058000087738037,4.054999828338623,4.059999942779541,4.059999942779541,4.064000129699707,0.09999284743580573,0.0,0.0,0.0,0.0,0.0
176.23971152305603,-0.41999998688697815,4.0279998779296875,4.058000087738037,4.054999828338623,4.059999942779541,4.059999942779541,4.064000129699707,0.0,0.0,0.0,0.0,0.0,0.0
176.4006097316742,-0.4000000059604645,4.0289998054504395,4.058000087738037,4.054999828338623,4.059999942779541,4.059999942779541,4.064000129699707,0.04999642371790287,0.0,0.0,0.0,0.0,0.0
176.5794768333435,-0.4000000059604645,4.0279998779296875,4.058000087738037,4.054999828338623,4.059999942779541,4.059999942779541,4.065000057220459,nan,nan,nan,nan,nan,nan
176.75972485542297,-0.4000000059604645,4.0289998054504395,4.058000087738037,4.054999828338623,4.059999942779541,4.059999942779541,4.064000129699707,nan,nan,nan,nan,nan,nan
176.9194459915161,-0.41999998688697815,4.0289998054504395,4.058000087738037,4.054999828338623,4.059000015258789,4.059999942779541,4.064000129699707,0.0,0.0,0.0,0.04999642371790287,0.0,0.0
177.09951758384705,-0.4000000059604645,4.0289998054504395,4.058000087738037,4.054999828338623,4.059000015258789,4.059999942779541,4.064000129699707,0.0,0.0,0.0,0.0,0.0,0.0
177.26070618629456,-0.4000000059604645,4.0279998779296875,4.058000087738037,4.054999828338623,4.059999942779541,4.059999942779541,4.064000129699707,nan,nan,nan,nan,nan,nan
177.43959712982178,-0.4000000059604645,4.0279998779296875,4.058000087738037,4.054999828338623,4.059999942779541,4.059999942779541,4.064000129699707,nan,nan,nan,nan,nan,nan
177.62009024620056,-0.4000000059604645,4.0289998054504395,4.058000087738037,4.054999828338623,4.059000015258789,4.059999942779541,4.064000129699707,nan,nan,nan,nan,nan,nan
177.77972841262817,-0.38999998569488525,4.0279998779296875,4.058000087738037,4.054999828338623,4.059999942779541,4.059999942779541,4.064000129699707,0.09999254943450207,0.0,0.0,0.09999254943450207,0.0,0.0
177.95974707603455,-0.4000000059604645,4.0289998054504395,4.058000087738037,4.054999828338623,4.059000015258789,4.059999942779541,4.064000129699707,0.09999254943450207,0.0,0.0,0.09999254943450207,0.0,0.0
178.14153838157654,-0.4000000059604645,4.0289998054504395,4.058000087738037,4.054999828338623,4.059999942779541,4.059999942779541,4.064000129699707,nan,nan,nan,nan,nan,nan
178.29962706565857,-0.4000000059604645,4.0279998779296875,4.058000087738037,4.054999828338623,4.059999942779541,4.059999942779541,4.064000129699707,nan,nan,nan,nan,nan,nan
178.47988963127136,-0.4000000059604645,4.0279998779296875,4.058000087738037,4.054999828338623,4.059999942779541,4.059999942779541,4.064000129699707,nan,nan,nan,nan,nan,nan
178.63967061042786,-0.4099999964237213,4.0289998054504395,4.058000087738037,4.054999828338623,4.059999942779541,4.059999942779541,4.064000129699707,0.09999284743580573,0.0,0.0,0.0,0.0,0.0
178.81996273994446,-0.4000000059604645,4.0289998054504395,4.058000087738037,4.054999828338623,4.059000015258789,4.059999942779541,4.064000129699707,0.0,0.0,0.0,0.09999284743580573,0.0,0.0
179.0000195503235,-0.4000000059604645,4.0289998054504395,4.058000087738037,4.054999828338623,4.059999942779541,4.059999942779541,4.064000129699707,nan,nan,nan,nan,nan,nan
179.15965843200684,-0.4000000059604645,4.0289998054504395,4.058000087738037,4.054999828338623,4.059999942779541,4.059999942779541,4.064000129699707,nan,nan,nan,nan,nan,nan
179.34026670455933,-0.4000000059604645,4.0289998054504395,4.058000087738037,4.054999828338623,4.059000015258789,4.059999942779541,4.064000129699707,nan,nan,nan,nan,nan,nan
179.49948573112488,-0.4099999964237213,4.0289998054504395,4.058000087738037,4.054999828338623,4.059000015258789,4.059999942779541,4.064000129699707,0.0,0.0,0.0,0.0,0.0,0.0
179.6799750328064,-0.4000000059604645,4.0279998779296875,4.058000087738037,4.054999828338623,4.059000015258789,4.059999942779541,4.064000129699707,0.09999284743580573,0.0,0.0,0.0,0.0,0.0
179.86031651496887,-0.4000000059604645,4.0289998054504395,4.058000087738037,4.054999828338623,4.059000015258789,4.059999942779541,4.064000129699707,nan,nan,nan,nan,nan,nan
180.01949644088745,-0.41999998688697815,4.0279998779296875,4.058000087738037,4.054999828338623,4.059999942779541,4.059999942779541,4.064000129699707,0.04999642371790287,0.0,0.0,0.04999642371790287,0.0,0.0
180.1999831199646,-0.4099999964237213,4.0279998779296875,4.058000087738037,4.054999828338623,4.059000015258789,4.059999942779541,4.064000129699707,0.0,0.0,0.0,0.09999284743580573,0.0,0.0
180.38019633293152,-0.4000000059604645,4.0279998779296875,4.058000087738037,4.054999828338623,4.059000015258789,4.059999942779541,4.064000129699707,0.0,0.0,0.0,0.0,0.0,0.0
180.53979444503784,-0.4000000059604645,4.0289998054504395,4.058000087738037,4.054999828338623,4.059000015258789,4.059999942779541,4.064000129699707,nan,nan,nan,nan,nan,nan
180.72040176391602,-0.4099999964237213,4.0279998779296875,4.058000087738037,4.054999828338623,4.059999942779541,4.059999942779541,4.064000129699707,0.09999284743580573,0.0,0.0,0.09999284743580573,0.0,0.0
180.87971591949463,-0.4099999964237213,4.0289998054504395,4.058000087738037,4.054999828338623,4.059999942779541,4.059999942779541,4.064000129699707,nan,nan,nan,nan,nan,nan
181.06015539169312,-0.4099999964237213,4.0279998779296875,4.058000087738037,4.054999828338623,4.059000015258789,4.059999942779541,4.064000129699707,nan,nan,nan,nan,nan,nan
181.24057984352112,-0.4000000059604645,4.0289998054504395,4.058000087738037,4.054999828338623,4.059999942779541,4.059999942779541,4.064000129699707,0.09999284743580573,0.0,0.0,0.09999284743580573,0.0,0.0
181.39993023872375,-0.4000000059604645,4.0289998054504395,4.058000087738037,4.054999828338623,4.059000015258789,4.059999942779541,4.064000129699707,nan,nan,nan,nan,nan,nan
181.58047008514404,-0.4099999964237213,4.0279998779296875,4.058000087738037,4.054999828338623,4.059000015258789,4.059999942779541,4.064000129699707,0.09999284743580573,0.0,0.0,0.0,0.0,0.0
181.73984694480896,-0.4000000059604645,4.0279998779296875,4.058000087738037,4.054999828338623,4.059000015258789,4.059999942779541,4.064000129699707,0.0,0.0,0.0,0.0,0.0,0.0
181.9201693534851,-0.4000000059604645,4.0279998779296875,4.058000087738037,4.054999828338623,4.059000015258789,4.059999942779541,4.064000129699707,nan,nan,nan,nan,nan,nan
182.1006200313568,-0.4000000059604645,4.0279998779296875,4.058000087738037,4.054999828338623,4.059999942779541,4.059999942779541,4.064000129699707,nan,nan,nan,nan,nan,nan
182.26022958755493,-0.4000000059604645,4.0279998779296875,4.058000087738037,4.054999828338623,4.059000015258789,4.059999942779541,4.064000129699707,nan,nan,nan,nan,nan,nan
182.4407558441162,-0.4000000059604645,4.0279998779296875,4.058000087738037,4.054999828338623,4.059999942779541,4.059999942779541,4.064000129699707,nan,nan,nan,nan,nan,nan
182.61948823928833,-0.4099999964237213,4.0279998779296875,4.058000087738037,4.054999828338623,4.059000015258789,4.059999942779541,4.064000129699707,0.0,0.0,0.0,0.09999284743580573,0.0,0.0
182.7805004119873,-0.4099999964237213,4.0279998779296875,4.058000087738037,4.054999828338623,4.059000015258789,4.059999942779541,4.064000129699707,nan,nan,nan,nan,nan,nan
182.96060156822205,-0.4000000059604645,4.0279998779296875,4.058000087738037,4.054999828338623,4.059000015258789,4.059999942779541,4.064000129699707,0.0,0.0,0.0,0.0,0.0,0.0
183.1203453540802,-0.38999998569488525,4.0279998779296875,4.058000087738037,4.054999828338623,4.059000015258789,4.059999942779541,4.064000129699707,0.0,0.0,0.0,0.0,0.0,0.0
183.3005006313324,-0.4000000059604645,4.0279998779296875,4.058000087738037,4.054999828338623,4.059999942779541,4.059999942779541,4.064000129699707,0.0,0.0,0.0,0.09999254943450207,0.0,0.0
183.47943711280823,-0.4000000059604645,4.0279998779296875,4.058000087738037,4.054999828338623,4.059999942779541,4.059999942779541,4.064000129699707,nan,nan,nan,nan,nan,nan
183.64057111740112,-0.38999998569488525,4.0279998779296875,4.058000087738037,4.054999828338623,4.059000015258789,4.059999942779541,4.064000129699707,0.0,0.0,0.0,0.09999254943450207,0.0,0.0
183.81939911842346,-0.4000000059604645,4.0279998779296875,4.058000087738037,4.054999828338623,4.059999942779541,4.059999942779541,4.064000129699707,0.0,0.0,0.0,0.09999254943450207,0.0,0.0
183.99954199790955,-0.4099999964237213,4.0279998779296875,4.058000087738037,4.054999828338623,4.059000015258789,4.059999942779541,4.064000129699707,0.0,0.0,0.0,0.09999284743580573,0.0,0.0
184.16072726249695,-0.4000000059604645,4.0279998779296875,4.058000087738037,4.054999828338623,4.059000015258789,4.059999942779541,4.064000129699707,0.0,0.0,0.0,0.0,0.0,0.0
184.34104561805725,-0.4000000059604645,4.0279998779296875,4.058000087738037,4.054999828338623,4.059000015258789,4.059999942779541,4.064000129699707,nan,nan,nan,nan,nan,nan
184.50062918663025,-0.4000000059604645,4.0279998779296875,4.058000087738037,4.054999828338623,4.059000015258789,4.059999942779541,4.064000129699707,nan,nan,nan,nan,nan,nan
184.6809139251709,-0.4000000059604645,4.0279998779296875,4.058000087738037,4.054999828338623,4.059000015258789,4.059999942779541,4.064000129699707,nan,nan,nan,nan,nan,nan
184.85969495773315,-0.4099999964237213,4.0279998779296875,4.058000087738037,4.054999828338623,4.059000015258789,4.059999942779541,4.064000129699707,0.0,0.0,0.0,0.0,0.0,0.0
185.01962995529175,-0.4000000059604645,4.0279998779296875,4.058000087738037,4.054999828338623,4.059000015258789,4.059999942779541,4.064000129699707,0.0,0.0,0.0,0.0,0.0,0.0
185.19976782798767,-0.4000000059604645,4.0279998779296875,4.058000087738037,4.054999828338623,4.059000015258789,4.059999942779541,4.064000129699707,nan,nan,nan,nan,nan,nan
185.3608202934265,-0.4000000059604645,4.0279998779296875,4.058000087738037,4.054999828338623,4.059000015258789,4.059999942779541,4.064000129699707,nan,nan,nan,nan,nan,nan
185.5398280620575,-0.4000000059604645,4.0279998779296875,4.058000087738037,4.054999828338623,4.059999942779541,4.059999942779541,4.064000129699707,nan,nan,nan,nan,nan,nan
185.7218897342682,-0.38999998569488525,4.0279998779296875,4.058000087738037,4.054999828338623,4.059000015258789,4.059999942779541,4.064000129699707,0.0,0.0,0.0,0.09999254943450207,0.0,0.0
185.87968707084656,-0.41999998688697815,4.0279998779296875,4.058000087738037,4.054999828338623,4.059000015258789,4.059999942779541,4.064000129699707,0.0,0.0,0.0,0.0,0.0,0.0
186.05994081497192,-0.4000000059604645,4.0279998779296875,4.058000087738037,4.054999828338623,4.059999942779541,4.059999942779541,4.064000129699707,0.0,0.0,0.0,0.04999642371790287,0.0,0.0
186.2420461177826,-0.4000000059604645,4.0279998779296875,4.058000087738037,4.054999828338623,4.059000015258789,4.059999942779541,4.064000129699707,nan,nan,nan,nan,nan,nan
186.39958214759827,-0.41999998688697815,4.0279998779296875,4.058000087738037,4.054999828338623,4.059000015258789,4.059999942779541,4.064000129699707,0.0,0.0,0.0,0.0,0.0,0.0
186.57997226715088,-0.4000000059604645,4.0279998779296875,4.058000087738037,4.054999828338623,4.059000015258789,4.059999942779541,4.064000129699707,0.0,0.0,0.0,0.0,0.0,0.0
186.73981881141663,-0.4000000059604645,4.0279998779296875,4.058000087738037,4.054999828338623,4.059000015258789,4.059999942779541,4.064000129699707,nan,nan,nan,nan,nan,nan
186.92002272605896,-0.4000000059604645,4.0279998779296875,4.058000087738037,4.054999828338623,4.059000015258789,4.059999942779541,4.064000129699707,nan,nan,nan,nan,nan,nan
187.10051488876343,-0.4000000059604645,4.0279998779296875,4.058000087738037,4.054999828338623,4.059999942779541,4.059999942779541,4.064000129699707,nan,nan,nan,nan,nan,nan
187.2602653503418,-0.4000000059604645,4.0279998779296875,4.058000087738037,4.054999828338623,4.059000015258789,4.059999942779541,4.064000129699707,nan,nan,nan,nan,nan,nan
187.44164633750916,-0.4099999964237213,4.0279998779296875,4.058000087738037,4.054999828338623,4.059000015258789,4.059999942779541,4.064000129699707,0.0,0.0,0.0,0.0,0.0,0.0
187.599693775177,-0.4000000059604645,4.0279998779296875,4.058000087738037,4.054999828338623,4.059000015258789,4.059999942779541,4.064000129699707,0.0,0.0,0.0,0.0,0.0,0.0
187.78000569343567,-0.4000000059604645,4.0279998779296875,4.058000087738037,4.054999828338623,4.059000015258789,4.059999942779541,4.064000129699707,nan,nan,nan,nan,nan,nan
187.96197748184204,-0.4000000059604645,4.0279998779296875,4.058000087738037,4.054999828338623,4.059000015258789,4.059999942779541,4.064000129699707,nan,nan,nan,nan,nan,nan
188.12146973609924,-0.4000000059604645,4.0279998779296875,4.058000087738037,4.054999828338623,4.059000015258789,4.059999942779541,4.064000129699707,nan,nan,nan,nan,nan,nan
188.30173683166504,-0.4099999964237213,4.0279998779296875,4.058000087738037,4.053999900817871,4.059000015258789,4.059999942779541,4.064000129699707,0.0,0.0,0.09999284743580573,0.0,0.0,0.0
188.48218369483948,-0.4000000059604645,4.0279998779296875,4.058000087738037,4.054999828338623,4.059000015258789,4.059999942779541,4.064000129699707,0.0,0.0,0.09999284743580573,0.0,0.0,0.0
188.6412045955658,-0.4000000059604645,4.0279998779296875,4.058000087738037,4.054999828338623,4.059000015258789,4.059999942779541,4.064000129699707,nan,nan,nan,nan,nan,nan
188.821533203125,-0.4000000059604645,4.0279998779296875,4.058000087738037,4.054999828338623,4.059999942779541,4.059999942779541,4.064000129699707,nan,nan,nan,nan,nan,nan
188.98074579238892,-0.4000000059604645,4.0279998779296875,4.058000087738037,4.054999828338623,4.059000015258789,4.059999942779541,4.064000129699707,nan,nan,nan,nan,nan,nan
189.15998816490173,-0.38999998569488525,4.0279998779296875,4.058000087738037,4.054999828338623,4.059000015258789,4.059999942779541,4.064000129699707,0.0,0.0,0.0,0.0,0.0,0.0
189.33995079994202,-0.4099999964237213,4.0279998779296875,4.058000087738037,4.054999828338623,4.059999942779541,4.059999942779541,4.064000129699707,0.0,0.0,0.0,0.04999634921746594,0.0,0.0
189.49968957901,-0.4099999964237213,4.0279998779296875,4.058000087738037,4.054999828338623,4.059999942779541,4.059999942779541,4.064000129699707,nan,nan,nan,nan,nan,nan
189.68002891540527,-0.4000000059604645,4.0279998779296875,4.058000087738037,4.054999828338623,4.059000015258789,4.059999942779541,4.064000129699707,0.0,0.0,0.0,0.09999284743580573,0.0,0.0
189.84116506576538,-0.4000000059604645,4.0279998779296875,4.058000087738037,4.054999828338623,4.059000015258789,4.059999942779541,4.064000129699707,nan,nan,nan,nan,nan,nan
190.01988768577576,-0.4000000059604645,4.0279998779296875,4.058000087738037,4.054999828338623,4.059000015258789,4.059999942779541,4.064000129699707,nan,nan,nan,nan,nan,nan
190.20153498649597,-0.4000000059604645,4.0279998779296875,4.058000087738037,4.054999828338623,4.059000015258789,4.059999942779541,4.064000129699707,nan,nan,nan,nan,nan,nan
190.3595552444458,-0.4000000059604645,4.0279998779296875,4.058000087738037,4.054999828338623,4.059000015258789,4.059999942779541,4.064000129699707,nan,nan,nan,nan,nan,nan
190.5400686264038,-0.4099999964237213,4.0279998779296875,4.058000087738037,4.054999828338623,4.059000015258789,4.059999942779541,4.064000129699707,0.0,0.0,0.0,0.0,0.0,0.0
190.720041513443,-0.4000000059604645,4.0279998779296875,4.058000087738037,4.054999828338623,4.059000015258789,4.059999942779541,4.064000129699707,0.0,0.0,0.0,0.0,0.0,0.0
190.8798704147339,-0.4000000059604645,4.0279998779296875,4.058000087738037,4.054999828338623,4.059000015258789,4.059999942779541,4.064000129699707,nan,nan,nan,nan,nan,nan
191.0602171421051,-0.3799999952316284,4.0279998779296875,4.058000087738037,4.054999828338623,4.059000015258789,4.059999942779541,4.064000129699707,0.0,0.0,0.0,0.0,0.0,0.0
191.2197368144989,-0.4000000059604645,4.0279998779296875,4.058000087738037,4.054999828338623,4.059000015258789,4.059999942779541,4.064000129699707,0.0,0.0,0.0,0.0,0.0,0.0
191.40018773078918,-0.38999998569488525,4.0279998779296875,4.058000087738037,4.054999828338623,4.059000015258789,4.059999942779541,4.064000129699707,0.0,0.0,0.0,0.0,0.0,0.0
191.58044934272766,-0.4000000059604645,4.0279998779296875,4.058000087738037,4.054999828338623,4.059999942779541,4.059999942779541,4.064000129699707,0.0,0.0,0.0,0.09999254943450207,0.0,0.0
191.73998069763184,-0.4000000059604645,4.0279998779296875,4.058000087738037,4.054999828338623,4.059000015258789,4.059999942779541,4.064000129699707,nan,nan,nan,nan,nan,nan
191.920104265213,-0.38999998569488525,4.0279998779296875,4.058000087738037,4.054999828338623,4.059000015258789,4.059999942779541,4.064000129699707,0.0,0.0,0.0,0.0,0.0,0.0
192.07951760292053,-0.41999998688697815,4.0279998779296875,4.058000087738037,4.054999828338623,4.059000015258789,4.059999942779541,4.064000129699707,0.0,0.0,0.0,0.0,0.0,0.0
192.26208662986755,-0.4000000059604645,4.0279998779296875,4.058000087738037,4.053999900817871,4.059000015258789,4.059999942779541,4.064000129699707,0.0,0.0,0.04999642371790287,0.0,0.0,0.0
192.44200134277344,-0.4000000059604645,4.0279998779296875,4.058000087738037,4.054999828338623,4.059000015258789,4.059999942779541,4.064000129699707,nan,nan,nan,nan,nan,nan
192.6009795665741,-0.41999998688697815,4.0279998779296875,4.058000087738037,4.054999828338623,4.059000015258789,4.059999942779541,4.064000129699707,0.0,0.0,0.0,0.0,0.0,0.0
192.7841272354126,-0.4000000059604645,4.0279998779296875,4.058000087738037,4.054999828338623,4.059000015258789,4.059999942779541,4.064000129699707,0.0,0.0,0.0,0.0,0.0,0.0
192.96010756492615,-0.4099999964237213,4.0279998779296875,4.058000087738037,4.053999900817871,4.059000015258789,4.059999942779541,4.064000129699707,0.0,0.0,0.09999284743580573,0.0,0.0,0.0
193.12221002578735,-0.4000000059604645,4.0279998779296875,4.058000087738037,4.054999828338623,4.059000015258789,4.059999942779541,4.064000129699707,0.0,0.0,0.09999284743580573,0.0,0.0,0.0
193.3011224269867,-0.38999998569488525,4.0279998779296875,4.058000087738037,4.053999900817871,4.059000015258789,4.059999942779541,4.064000129699707,0.0,0.0,0.09999254943450207,0.0,0.0,0.0
193.4605929851532,-0.4000000059604645,4.0279998779296875,4.058000087738037,4.054999828338623,4.059000015258789,4.059999942779541,4.064000129699707,0.0,0.0,0.09999254943450207,0.0,0.0,0.0
193.64096856117249,-0.4000000059604645,4.0279998779296875,4.058000087738037,4.053999900817871,4.059000015258789,4.059999942779541,4.064000129699707,nan,nan,nan,nan,nan,nan
193.82239770889282,-0.4000000059604645,4.0279998779296875,4.058000087738037,4.054999828338623,4.059000015258789,4.059999942779541,4.064000129699707,nan,nan,nan,nan,nan,nan
193.98076224327087,-0.4000000059604645,4.0279998779296875,4.058000087738037,4.054999828338623,4.059000015258789,4.059999942779541,4.064000129699707,nan,nan,nan,nan,nan,nan
194.1600911617279,-0.4000000059604645,4.0279998779296875,4.058000087738037,4.054999828338623,4.059000015258789,4.059999942779541,4.064000129699707,nan,nan,nan,nan,nan,nan
194.3205931186676,-0.4000000059604645,4.0279998779296875,4.058000087738037,4.054999828338623,4.059000015258789,4.059999942779541,4.064000129699707,nan,nan,nan,nan,nan,nan
194.50127625465393,-0.4000000059604645,4.0279998779296875,4.058000087738037,4.054999828338623,4.059000015258789,4.059999942779541,4.064000129699707,nan,nan,nan,nan,nan,nan
194.6812286376953,-0.4099999964237213,4.0279998779296875,4.058000087738037,4.053999900817871,4.059000015258789,4.059999942779541,4.064000129699707,0.0,0.0,0.09999284743580573,0.0,0.0,0.0
194.8401505947113,-0.4000000059604645,4.0279998779296875,4.058000087738037,4.054999828338623,4.059000015258789,4.059999942779541,4.064000129699707,0.0,0.0,0.09999284743580573,0.0,0.0,0.0
195.02078533172607,-0.4000000059604645,4.0279998779296875,4.058000087738037,4.054999828338623,4.059000015258789,4.059999942779541,4.064000129699707,nan,nan,nan,nan,nan,nan
195.18184161186218,-0.4000000059604645,4.0279998779296875,4.058000087738037,4.054999828338623,4.059000015258789,4.059999942779541,4.064000129699707,nan,nan,nan,nan,nan,nan
195.36032843589783,-0.4000000059604645,4.0279998779296875,4.057000160217285,4.054999828338623,4.059000015258789,4.059999942779541,4.064000129699707,nan,nan,nan,nan,nan,nan
195.54264116287231,-0.4000000059604645,4.0279998779296875,4.058000087738037,4.054999828338623,4.059000015258789,4.059999942779541,4.064000129699707,nan,nan,nan,nan,nan,nan
195.70146298408508,-0.38999998569488525,4.0279998779296875,4.058000087738037,4.053999900817871,4.059000015258789,4.059999942779541,4.064000129699707,0.0,0.0,0.09999254943450207,0.0,0.0,0.0
195.8801131248474,-0.3799999952316284,4.0279998779296875,4.058000087738037,4.054999828338623,4.059000015258789,4.059999942779541,4.064000129699707,0.0,0.0,0.09999284743580573,0.0,0.0,0.0
196.06044244766235,-0.4000000059604645,4.0279998779296875,4.058000087738037,4.054999828338623,4.059000015258789,4.059999942779541,4.064000129699707,0.0,0.0,0.0,0.0,0.0,0.0
196.22146105766296,-0.38999998569488525,4.0279998779296875,4.058000087738037,4.053999900817871,4.059000015258789,4.059999942779541,4.064000129699707,0.0,0.0,0.09999254943450207,0.0,0.0,0.0
196.40044689178467,-0.4000000059604645,4.0279998779296875,4.058000087738037,4.054999828338623,4.059000015258789,4.059999942779541,4.064000129699707,0.0,0.0,0.09999254943450207,0.0,0.0,0.0
196.56010556221008,-0.4000000059604645,4.0279998779296875,4.058000087738037,4.053999900817871,4.059000015258789,4.059999942779541,4.064000129699707,nan,nan,nan,nan,nan,nan
196.74013805389404,-0.38999998569488525,4.0279998779296875,4.058000087738037,4.054999828338623,4.059000015258789,4.059999942779541,4.064000129699707,0.0,0.0,0.09999254943450207,0.0,0.0,0.0
196.9206256866455,-0.4099999964237213,4.0279998779296875,4.058000087738037,4.054999828338623,4.059000015258789,4.059999942779541,4.064000129699707,0.0,0.0,0.0,0.0,0.0,0.0
197.08001947402954,-0.4000000059604645,4.0279998779296875,4.058000087738037,4.053999900817871,4.059000015258789,4.059999942779541,4.064000129699707,0.0,0.0,0.09999284743580573,0.0,0.0,0.0
197.26013040542603,-0.4000000059604645,4.0279998779296875,4.058000087738037,4.053999900817871,4.059000015258789,4.059999942779541,4.064000129699707,nan,nan,nan,nan,nan,nan
197.41962718963623,-0.4099999964237213,4.0279998779296875,4.058000087738037,4.054999828338623,4.059000015258789,4.059999942779541,4.064000129699707,0.0,0.0,0.09999284743580573,0.0,0.0,0.0
197.60163378715515,-0.4000000059604645,4.0279998779296875,4.058000087738037,4.054999828338623,4.059000015258789,4.059999942779541,4.064000129699707,0.0,0.0,0.0,0.0,0.0,0.0
197.78167152404785,-0.4000000059604645,4.0279998779296875,4.058000087738037,4.054999828338623,4.059000015258789,4.059999942779541,4.064000129699707,nan,nan,nan,nan,nan,nan
197.93961596488953,-0.4099999964237213,4.0279998779296875,4.058000087738037,4.054999828338623,4.059000015258789,4.059999942779541,4.064000129699707,0.0,0.0,0.0,0.0,0.0,0.0
198.12009263038635,-0.4000000059604645,4.0279998779296875,4.058000087738037,4.054999828338623,4.059000015258789,4.059999942779541,4.064000129699707,0.0,0.0,0.0,0.0,0.0,0.0
198.30045819282532,-0.4099999964237213,4.0279998779296875,4.058000087738037,4.054999828338623,4.059000015258789,4.059999942779541,4.064000129699707,0.0,0.0,0.0,0.0,0.0,0.0
198.45983982086182,-0.4000000059604645,4.0279998779296875,4.058000087738037,4.054999828338623,4.059000015258789,4.059999942779541,4.064000129699707,0.0,0.0,0.0,0.0,0.0,0.0
198.640465259552,-0.4000000059604645,4.0279998779296875,4.058000087738037,4.053999900817871,4.059000015258789,4.059999942779541,4.064000129699707,nan,nan,nan,nan,nan,nan
198.79996252059937,-0.4000000059604645,4.0279998779296875,4.058000087738037,4.053999900817871,4.059000015258789,4.059999942779541,4.064000129699707,nan,nan,nan,nan,nan,nan
198.98008918762207,-0.4000000059604645,4.0279998779296875,4.058000087738037,4.054999828338623,4.059000015258789,4.059999942779541,4.064000129699707,nan,nan,nan,nan,nan,nan
199.1605944633484,-0.4000000059604645,4.0279998779296875,4.058000087738037,4.054999828338623,4.059000015258789,4.059999942779541,4.064000129699707,nan,nan,nan,nan,nan,nan
199.3201184272766,-0.4300000071525574,4.0279998779296875,4.058000087738037,4.053999900817871,4.059000015258789,4.059999942779541,4.064000129699707,0.0,0.0,0.033330916033946834,0.0,0.0,0.0
199.5003957748413,-0.4099999964237213,4.0279998779296875,4.058000087738037,4.053999900817871,4.059000015258789,4.059999942779541,4.064000129699707,0.0,0.0,0.0,0.0,0.0,0.0
199.65993452072144,-0.4000000059604645,4.0279998779296875,4.058000087738037,4.053999900817871,4.059000015258789,4.059999942779541,4.064000129699707,0.0,0.0,0.0,0.0,0.0,0.0
199.84023070335388,-0.4000000059604645,4.0279998779296875,4.058000087738037,4.053999900817871,4.059000015258789,4.059999942779541,4.064000129699707,nan,nan,nan,nan,nan,nan
200.0206184387207,-0.4099999964237213,4.0279998779296875,4.058000087738037,4.054999828338623,4.059000015258789,4.059999942779541,4.064000129699707,0.0,0.0,0.09999284743580573,0.0,0.0,0.0
200.1798815727234,-0.4099999964237213,4.0279998779296875,4.058000087738037,4.053999900817871,4.059000015258789,4.059999942779541,4.064000129699707,nan,nan,nan,nan,nan,nan
200.3603024482727,-0.4000000059604645,4.0279998779296875,4.057000160217285,4.053999900817871,4.059000015258789,4.059999942779541,4.064000129699707,0.0,0.09999284743580573,0.0,0.0,0.0,0.0
200.54060554504395,-0.4000000059604645,4.0279998779296875,4.058000087738037,4.053999900817871,4.059000015258789,4.059999942779541,4.064000129699707,nan,nan,nan,nan,nan,nan
200.7003824710846,-0.4000000059604645,4.0279998779296875,4.058000087738037,4.054999828338623,4.059000015258789,4.059999942779541,4.064000129699707,nan,nan,nan,nan,nan,nan
200.8802628517151,-0.38999998569488525,4.0279998779296875,4.058000087738037,4.054999828338623,4.059000015258789,4.059999942779541,4.064000129699707,0.0,0.0,0.0,0.0,0.0,0.0
201.0403528213501,-0.38999998569488525,4.0279998779296875,4.058000087738037,4.054999828338623,4.059000015258789,4.059000015258789,4.064000129699707,nan,nan,nan,nan,nan,nan
201.22167873382568,-0.4000000059604645,4.0279998779296875,4.058000087738037,4.054999828338623,4.059000015258789,4.059999942779541,4.064000129699707,0.0,0.0,0.0,0.0,0.09999254943450207,0.0
201.4004945755005,-0.4000000059604645,4.0279998779296875,4.058000087738037,4.053999900817871,4.059000015258789,4.059999942779541,4.064000129699707,nan,nan,nan,nan,nan,nan
201.56027460098267,-0.4000000059604645,4.0279998779296875,4.058000087738037,4.053999900817871,4.059000015258789,4.059999942779541,4.064000129699707,nan,nan,nan,nan,nan,nan
201.7417345046997,-0.4000000059604645,4.0279998779296875,4.058000087738037,4.053999900817871,4.059000015258789,4.059999942779541,4.064000129699707,nan,nan,nan,nan,nan,nan
201.89933848381042,-0.4000000059604645,4.0279998779296875,4.057000160217285,4.053999900817871,4.059000015258789,4.059999942779541,4.064000129699707,nan,nan,nan,nan,nan,nan
202.0800437927246,-0.4000000059604645,4.0279998779296875,4.058000087738037,4.053999900817871,4.059000015258789,4.059999942779541,4.064000129699707,nan,nan,nan,nan,nan,nan
202.2618589401245,-0.4000000059604645,4.0279998779296875,4.058000087738037,4.054999828338623,4.059000015258789,4.059999942779541,4.064000129699707,nan,nan,nan,nan,nan,nan
202.41947650909424,-0.4000000059604645,4.0269999504089355,4.058000087738037,4.053999900817871,4.059000015258789,4.059999942779541,4.064000129699707,nan,nan,nan,nan,nan,nan
202.60002756118774,-0.38999998569488525,4.0279998779296875,4.057000160217285,4.054999828338623,4.059000015258789,4.059999942779541,4.064000129699707,0.09999254943450207,0.09999254943450207,0.09999254943450207,0.0,0.0,0.0
202.78020691871643,-0.4000000059604645,4.0279998779296875,4.058000087738037,4.054999828338623,4.059000015258789,4.059999942779541,4.064000129699707,0.0,0.09999254943450207,0.0,0.0,0.0,0.0
202.93972492218018,-0.4000000059604645,4.0269999504089355,4.058000087738037,4.053999900817871,4.059000015258789,4.059999942779541,4.064000129699707,nan,nan,nan,nan,nan,nan
203.12027502059937,-0.38999998569488525,4.0279998779296875,4.057000160217285,4.053999900817871,4.059000015258789,4.059999942779541,4.064000129699707,0.09999254943450207,0.09999254943450207,0.0,0.0,0.0,0.0
203.27954959869385,-0.4000000059604645,4.0279998779296875,4.058000087738037,4.053999900817871,4.059000015258789,4.059999942779541,4.064000129699707,0.0,0.09999254943450207,0.0,0.0,0.0,0.0
203.45984387397766,-0.4000000059604645,4.0279998779296875,4.057000160217285,4.053999900817871,4.059000015258789,4.059999942779541,4.064000129699707,nan,nan,nan,nan,nan,nan
203.64041471481323,-0.4300000071525574,4.0279998779296875,4.058000087738037,4.053999900817871,4.059000015258789,4.059000015258789,4.064000129699707,0.0,0.033330916033946834,0.0,0.0,0.033330916033946834,0.0
203.79933333396912,-0.4099999964237213,4.0279998779296875,4.058000087738037,4.053999900817871,4.059000015258789,4.059999942779541,4.064000129699707,0.0,0.0,0.0,0.0,0.04999634921746594,0.0
203.97979617118835,-0.4000000059604645,4.0269999504089355,4.058000087738037,4.053999900817871,4.059000015258789,4.059999942779541,4.064000129699707,0.09999284743580573,0.0,0.0,0.0,0.0,0.0
204.14068961143494,-0.4000000059604645,4.0279998779296875,4.058000087738037,4.054999828338623,4.059000015258789,4.059999942779541,4.064000129699707,nan,nan,nan,nan,nan,nan
204.32075881958008,-0.4000000059604645,4.0279998779296875,4.058000087738037,4.053999900817871,4.059000015258789,4.059000015258789,4.064000129699707,nan,nan,nan,nan,nan,nan
204.49967861175537,-0.4000000059604645,4.0269999504089355,4.058000087738037,4.054999828338623,4.059000015258789,4.059999942779541,4.064000129699707,nan,nan,nan,nan,nan,nan
204.66060709953308,-0.4000000059604645,4.0269999504089355,4.058000087738037,4.053999900817871,4.059000015258789,4.059999942779541,4.064000129699707,nan,nan,nan,nan,nan,nan
204.84098649024963,-0.4000000059604645,4.0269999504089355,4.058000087738037,4.053999900817871,4.059000015258789,4.059999942779541,4.064000129699707,nan,nan,nan,nan,nan,nan
205.01969289779663,-0.38999998569488525,4.0269999504089355,4.058000087738037,4.053999900817871,4.059000015258789,4.059999942779541,4.064000129699707,0.0,0.0,0.0,0.0,0.0,0.0
205.18050861358643,-0.4000000059604645,4.0279998779296875,4.057000160217285,4.053999900817871,4.059000015258789,4.059999942779541,4.064000129699707,0.09999254943450207,0.09999254943450207,0.0,0.0,0.0,0.0
205.35966873168945,-0.4000000059604645,4.0279998779296875,4.058000087738037,4.053999900817871,4.059000015258789,4.059999942779541,4.064000129699707,nan,nan,nan,nan,nan,nan
205.52037167549133,-0.4000000059604645,4.0269999504089355,4.058000087738037,4.053999900817871,4.059000015258789,4.059999942779541,4.064000129699707,nan,nan,nan,nan,nan,nan
205.70083737373352,-0.4099999964237213,4.0279998779296875,4.057000160217285,4.053999900817871,4.059000015258789,4.059000015258789,4.064000129699707,0.09999284743580573,0.09999284743580573,0.0,0.0,0.09999284743580573,0.0
205.87997579574585,-0.4000000059604645,4.0269999504089355,4.057000160217285,4.053999900817871,4.059000015258789,4.059999942779541,4.064000129699707,0.09999284743580573,0.0,0.0,0.0,0.09999284743580573,0.0
206.03948950767517,-0.38999998569488525,4.0269999504089355,4.058000087738037,4.054999828338623,4.059000015258789,4.059999942779541,4.064000129699707,0.0,0.09999254943450207,0.09999254943450207,0.0,0.0,0.0
206.21994280815125,-0.4000000059604645,4.0269999504089355,4.057000160217285,4.053999900817871,4.059000015258789,4.059999942779541,4.064000129699707,0.0,0.09999254943450207,0.09999254943450207,0.0,0.0,0.0
206.37927985191345,-0.4000000059604645,4.0279998779296875,4.058000087738037,4.054999828338623,4.059000015258789,4.059999942779541,4.064000129699707,nan,nan,nan,nan,nan,nan
206.5599582195282,-0.4000000059604645,4.0279998779296875,4.058000087738037,4.053999900817871,4.059000015258789,4.059000015258789,4.064000129699707,nan,nan,nan,nan,nan,nan
206.74006247520447,-0.4099999964237213,4.0269999504089355,4.058000087738037,4.053999900817871,4.059000015258789,4.059999942779541,4.064000129699707,0.09999284743580573,0.0,0.0,0.0,0.09999284743580573,0.0
206.9026653766632,-0.4000000059604645,4.0269999504089355,4.058000087738037,4.053999900817871,4.059000015258789,4.059000015258789,4.064000129699707,0.0,0.0,0.0,0.0,0.09999284743580573,0.0
207.07978463172913,-0.4099999964237213,4.0279998779296875,4.058000087738037,4.053999900817871,4.059000015258789,4.059999942779541,4.064000129699707,0.09999284743580573,0.0,0.0,0.0,0.09999284743580573,0.0
207.25993061065674,-0.4000000059604645,4.0269999504089355,4.058000087738037,4.053999900817871,4.059000015258789,4.059999942779541,4.064000129699707,0.09999284743580573,0.0,0.0,0.0,0.0,0.0
207.42014288902283,-0.4000000059604645,4.0279998779296875,4.058000087738037,4.053999900817871,4.059000015258789,4.059999942779541,4.064000129699707,nan,nan,nan,nan,nan,nan
207.60145735740662,-0.4099999964237213,4.0269999504089355,4.057000160217285,4.053999900817871,4.059000015258789,4.059999942779541,4.064000129699707,0.09999284743580573,0.09999284743580573,0.0,0.0,0.0,0.0
207.75931525230408,-0.4099999964237213,4.0269999504089355,4.057000160217285,4.053999900817871,4.059000015258789,4.059999942779541,4.064000129699707,nan,nan,nan,nan,nan,nan
207.94112348556519,-0.38999998569488525,4.0269999504089355,4.057000160217285,4.054999828338623,4.059000015258789,4.059999942779541,4.064000129699707,0.0,0.0,0.04999634921746594,0.0,0.0,0.0
208.11963152885437,-0.41999998688697815,4.0279998779296875,4.057000160217285,4.053999900817871,4.059000015258789,4.059999942779541,4.064000129699707,0.033330916033946834,0.0,0.033330916033946834,0.0,0.0,0.0
208.27938580513,-0.4000000059604645,4.0279998779296875,4.058000087738037,4.053999900817871,4.059000015258789,4.059000015258789,4.064000129699707,0.0,0.04999642371790287,0.0,0.0,0.04999642371790287,0.0
208.45977878570557,-0.4000000059604645,4.0279998779296875,4.058000087738037,4.053999900817871,4.059000015258789,4.059999942779541,4.064000129699707,nan,nan,nan,nan,nan,nan
208.62048649787903,-0.4000000059604645,4.0269999504089355,4.058000087738037,4.053999900817871,4.059000015258789,4.059999942779541,4.064000129699707,nan,nan,nan,nan,nan,nan
208.80076670646667,-0.4000000059604645,4.0269999504089355,4.057000160217285,4.053999900817871,4.059000015258789,4.059999942779541,4.064000129699707,nan,nan,nan,nan,nan,nan
208.9794638156891,-0.4000000059604645,4.0269999504089355,4.057000160217285,4.053999900817871,4.059000015258789,4.059999942779541,4.064000129699707,nan,nan,nan,nan,nan,nan
209.14077973365784,-0.4000000059604645,4.0269999504089355,4.057000160217285,4.053999900817871,4.059000015258789,4.059999942779541,4.064000129699707,nan,nan,nan,nan,nan,nan
209.31943011283875,-0.4099999964237213,4.0269999504089355,4.057000160217285,4.053999900817871,4.059000015258789,4.059999942779541,4.064000129699707,0.0,0.0,0.0,0.0,0.0,0.0
209.49987649917603,-0.4099999964237213,4.0269999504089355,4.057000160217285,4.053999900817871,4.059000015258789,4.059999942779541,4.064000129699707,nan,nan,nan,nan,nan,nan
209.66081929206848,-0.4099999964237213,4.0269999504089355,4.057000160217285,4.053999900817871,4.059000015258789,4.059000015258789,4.064000129699707,nan,nan,nan,nan,nan,nan
209.84081315994263,-0.4000000059604645,4.0279998779296875,4.057000160217285,4.053999900817871,4.059000015258789,4.059999942779541,4.064000129699707,0.09999284743580573,0.0,0.0,0.0,0.09999284743580573,0.0
210.00134563446045,-0.4099999964237213,4.0269999504089355,4.058000087738037,4.053999900817871,4.059000015258789,4.059999942779541,4.064000129699707,0.09999284743580573,0.09999284743580573,0.0,0.0,0.0,0.0
210.18009448051453,-0.4099999964237213,4.0269999504089355,4.057000160217285,4.053999900817871,4.059000015258789,4.059999942779541,4.064000129699707,nan,nan,nan,nan,nan,nan
210.360426902771,-0.4000000059604645,4.0269999504089355,4.057000160217285,4.053999900817871,4.059000015258789,4.059000015258789,4.064000129699707,0.0,0.0,0.0,0.0,0.09999284743580573,0.0
210.51988053321838,-0.4000000059604645,4.0269999504089355,4.057000160217285,4.053999900817871,4.059000015258789,4.059000015258789,4.064000129699707,nan,nan,nan,nan,nan,nan
210.70037531852722,-0.4000000059604645,4.0279998779296875,4.058000087738037,4.053999900817871,4.059000015258789,4.059999942779541,4.064000129699707,nan,nan,nan,nan,nan,nan
210.85944080352783,-0.4000000059604645,4.0269999504089355,4.057000160217285,4.053999900817871,4.059000015258789,4.059000015258789,4.064000129699707,nan,nan,nan,nan,nan,nan
211.03993129730225,-0.4000000059604645,4.0269999504089355,4.057000160217285,4.053999900817871,4.059000015258789,4.059999942779541,4.064000129699707,nan,nan,nan,nan,nan,nan
211.22023463249207,-0.4000000059604645,4.0269999504089355,4.057000160217285,4.053999900817871,4.059000015258789,4.059000015258789,4.064000129699707,nan,nan,nan,nan,nan,nan
211.37939882278442,-0.4000000059604645,4.0269999504089355,4.057000160217285,4.053999900817871,4.059000015258789,4.059000015258789,4.064000129699707,nan,nan,nan,nan,nan,nan
211.55981707572937,-0.4000000059604645,4.0269999504089355,4.057000160217285,4.053999900817871,4.059000015258789,4.059999942779541,4.063000202178955,nan,nan,nan,nan,nan,nan
211.7207899093628,-0.4000000059604645,4.0269999504089355,4.057000160217285,4.053999900817871,4.059000015258789,4.059000015258789,4.064000129699707,nan,nan,nan,nan,nan,nan
211.8995532989502,-0.4099999964237213,4.0279998779296875,4.057000160217285,4.053999900817871,4.059000015258789,4.059999942779541,4.064000129699707,0.09999284743580573,0.0,0.0,0.0,0.09999284743580573,0.0
212.07986402511597,-0.4000000059604645,4.0269999504089355,4.057000160217285,4.053999900817871,4.059000015258789,4.059000015258789,4.064000129699707,0.09999284743580573,0.0,0.0,0.0,0.09999284743580573,0.0
212.2409167289734,-0.41999998688697815,4.0269999504089355,4.057000160217285,4.053999900817871,4.059000015258789,4.059999942779541,4.063000202178955,0.0,0.0,0.0,0.0,0.04999642371790287,0.04999642371790287
212.41996955871582,-0.41999998688697815,4.0269999504089355,4.057000160217285,4.053999900817871,4.059000015258789,4.059999942779541,4.064000129699707,nan,nan,nan,nan,nan,nan
212.6001329421997,-0.4000000059604645,4.0269999504089355,4.057000160217285,4.053999900817871,4.059000015258789,4.059999942779541,4.063000202178955,0.0,0.0,0.0,0.0,0.0,0.04999642371790287
212.7593812942505,-0.4000000059604645,4.0269999504089355,4.057000160217285,4.053999900817871,4.059000015258789,4.059999942779541,4.064000129699707,nan,nan,nan,nan,nan,nan
212.93997836112976,-0.4000000059604645,4.0269999504089355,4.057000160217285,4.053999900817871,4.059000015258789,4.059999942779541,4.064000129699707,nan,nan,nan,nan,nan,nan
213.10097455978394,-0.4099999964237213,4.0269999504089355,4.057000160217285,4.053999900817871,4.059000015258789,4.059000015258789,4.063000202178955,0.0,0.0,0.0,0.0,0.09999284743580573,0.09999284743580573
213.27961540222168,-0.4000000059604645,4.0269999504089355,4.058000087738037,4.053999900817871,4.059000015258789,4.059000015258789,4.064000129699707,0.0,0.09999284743580573,0.0,0.0,0.0,0.09999284743580573
213.45990133285522,-0.3799999952316284,4.0269999504089355,4.057000160217285,4.053999900817871,4.059000015258789,4.059999942779541,4.064000129699707,0.0,0.04999634921746594,0.0,0.0,0.04999634921746594,0.0
213.61939072608948,-0.4000000059604645,4.0269999504089355,4.058000087738037,4.053999900817871,4.059000015258789,4.059000015258789,4.064000129699707,0.0,0.04999634921746594,0.0,0.0,0.04999634921746594,0.0
213.79978847503662,-0.4000000059604645,4.0269999504089355,4.058000087738037,4.053999900817871,4.059000015258789,4.059000015258789,4.064000129699707,nan,nan,nan,nan,nan,nan
213.96078896522522,-0.4000000059604645,4.0269999504089355,4.057000160217285,4.053999900817871,4.059000015258789,4.059999942779541,4.064000129699707,nan,nan,nan,nan,nan,nan
214.14108729362488,-0.4099999964237213,4.0269999504089355,4.057000160217285,4.053999900817871,4.059000015258789,4.059999942779541,4.063000202178955,0.0,0.0,0.0,0.0,0.0,0.09999284743580573
214.32025337219238,-0.4000000059604645,4.0269999504089355,4.057000160217285,4.053999900817871,4.059000015258789,4.059999942779541,4.064000129699707,0.0,0.0,0.0,0.0,0.0,0.09999284743580573
214.480788230896,-0.4099999964237213,4.0269999504089355,4.057000160217285,4.053999900817871,4.059000015258789,4.059000015258789,4.063000202178955,0.0,0.0,0.0,0.0,0.09999284743580573,0.09999284743580573
214.65954613685608,-0.4000000059604645,4.0269999504089355,4.057000160217285,4.053999900817871,4.059000015258789,4.059000015258789,4.063000202178955,0.0,0.0,0.0,0.0,0.0,0.0
214.8400137424469,-0.4000000059604645,4.0269999504089355,4.057000160217285,4.053999900817871,4.059000015258789,4.059000015258789,4.064000129699707,nan,nan,nan,nan,nan,nan
214.99972581863403,-0.4099999964237213,4.0269999504089355,4.057000160217285,4.053999900817871,4.059000015258789,4.059000015258789,4.064000129699707,0.0,0.0,0.0,0.0,0.0,0.0
215.17996764183044,-0.4000000059604645,4.0269999504089355,4.057000160217285,4.053999900817871,4.059000015258789,4.059999942779541,4.063000202178955,0.0,0.0,0.0,0.0,0.09999284743580573,0.09999284743580573
215.33953762054443,-0.4000000059604645,4.0269999504089355,4.057000160217285,4.053999900817871,4.059000015258789,4.059999942779541,4.064000129699707,nan,nan,nan,nan,nan,nan
215.5199658870697,-0.38999998569488525,4.0269999504089355,4.057000160217285,4.053999900817871,4.059000015258789,4.059000015258789,4.063000202178955,0.0,0.0,0.0,0.0,0.09999254943450207,0.09999254943450207
215.70012211799622,-0.4000000059604645,4.0269999504089355,4.057000160217285,4.053999900817871,4.059000015258789,4.059000015258789,4.064000129699707,0.0,0.0,0.0,0.0,0.0,0.09999254943450207
215.85963702201843,-0.4000000059604645,4.0269999504089355,4.057000160217285,4.053999900817871,4.059000015258789,4.059000015258789,4.064000129699707,nan,nan,nan,nan,nan,nan
216.0398690700531,-0.4000000059604645,4.0269999504089355,4.057000160217285,4.053999900817871,4.059000015258789,4.059000015258789,4.064000129699707,nan,nan,nan,nan,nan,nan
216.19965076446533,-0.4000000059604645,4.0269999504089355,4.057000160217285,4.053999900817871,4.059000015258789,4.059999942779541,4.064000129699707,nan,nan,nan,nan,nan,nan
216.38006353378296,-0.4099999964237213,4.0269999504089355,4.057000160217285,4.053999900817871,4.059000015258789,4.059000015258789,4.063000202178955,0.0,0.0,0.0,0.0,0.09999284743580573,0.09999284743580573
216.56027007102966,-0.4000000059604645,4.0269999504089355,4.057000160217285,4.053999900817871,4.059000015258789,4.059000015258789,4.063000202178955,0.0,0.0,0.0,0.0,0.0,0.0
216.71993112564087,-0.4000000059604645,4.0269999504089355,4.057000160217285,4.053999900817871,4.059000015258789,4.059000015258789,4.063000202178955,nan,nan,nan,nan,nan,nan
216.90006065368652,-0.4000000059604645,4.0269999504089355,4.057000160217285,4.053999900817871,4.059000015258789,4.059000015258789,4.063000202178955,nan,nan,nan,nan,nan,nan
217.08181715011597,-0.4000000059604645,4.0269999504089355,4.057000160217285,4.053999900817871,4.059000015258789,4.059000015258789,4.063000202178955,nan,nan,nan,nan,nan,nan
217.24126291275024,-0.4000000059604645,4.0269999504089355,4.057000160217285,4.053999900817871,4.059000015258789,4.059000015258789,4.064000129699707,nan,nan,nan,nan,nan,nan
217.42012763023376,-0.4000000059604645,4.0269999504089355,4.057000160217285,4.053999900817871,4.059000015258789,4.059000015258789,4.064000129699707,nan,nan,nan,nan,nan,nan
217.57977652549744,-0.4099999964237213,4.0269999504089355,4.057000160217285,4.053999900817871,4.059000015258789,4.059000015258789,4.064000129699707,0.0,0.0,0.0,0.0,0.0,0.0
217.76016235351562,-0.4099999964237213,4.0269999504089355,4.057000160217285,4.053999900817871,4.059000015258789,4.059000015258789,4.064000129699707,nan,nan,nan,nan,nan,nan
217.93992495536804,-0.4000000059604645,4.0269999504089355,4.057000160217285,4.053999900817871,4.059000015258789,4.059000015258789,4.063000202178955,0.0,0.0,0.0,0.0,0.0,0.09999284743580573
218.09965562820435,-0.4099999964237213,4.0269999504089355,4.057000160217285,4.053999900817871,4.059000015258789,4.059000015258789,4.063000202178955,0.0,0.0,0.0,0.0,0.0,0.0
218.28028273582458,-0.3799999952316284,4.0269999504089355,4.057000160217285,4.053999900817871,4.059000015258789,4.059000015258789,4.064000129699707,0.0,0.0,0.0,0.0,0.0,0.033330916033946834
218.43999338150024,-0.4000000059604645,4.0269999504089355,4.057000160217285,4.053999900817871,4.059000015258789,4.059000015258789,4.063000202178955,0.0,0.0,0.0,0.0,0.0,0.04999634921746594
218.62020325660706,-0.4099999964237213,4.0269999504089355,4.057000160217285,4.053999900817871,4.059000015258789,4.059000015258789,4.064000129699707,0.0,0.0,0.0,0.0,0.0,0.09999284743580573
218.80045437812805,-0.4000000059604645,4.0269999504089355,4.057000160217285,4.053999900817871,4.059000015258789,4.059000015258789,4.063000202178955,0.0,0.0,0.0,0.0,0.0,0.09999284743580573
218.9615969657898,-0.4099999964237213,4.0269999504089355,4.057000160217285,4.053999900817871,4.059000015258789,4.059000015258789,4.064000129699707,0.0,0.0,0.0,0.0,0.0,0.09999284743580573
219.14054703712463,-0.41999998688697815,4.0269999504089355,4.057000160217285,4.053999900817871,4.059000015258789,4.059000015258789,4.064000129699707,0.0,0.0,0.0,0.0,0.0,0.0
219.32076144218445,-0.4000000059604645,4.0269999504089355,4.057000160217285,4.053999900817871,4.059000015258789,4.059000015258789,4.063000202178955,0.0,0.0,0.0,0.0,0.0,0.04999642371790287
219.4807505607605,-0.38999998569488525,4.0269999504089355,4.057000160217285,4.053999900817871,4.059000015258789,4.059000015258789,4.063000202178955,0.0,0.0,0.0,0.0,0.0,0.0
219.66075110435486,-0.4000000059604645,4.0269999504089355,4.057000160217285,4.053999900817871,4.059000015258789,4.059000015258789,4.063000202178955,0.0,0.0,0.0,0.0,0.0,0.0
219.82036924362183,-0.4000000059604645,4.0269999504089355,4.057000160217285,4.053999900817871,4.059000015258789,4.059000015258789,4.064000129699707,nan,nan,nan,nan,nan,nan
220.0005931854248,-0.38999998569488525,4.0269999504089355,4.057000160217285,4.053999900817871,4.059000015258789,4.059000015258789,4.063000202178955,0.0,0.0,0.0,0.0,0.0,0.09999254943450207
220.17933011054993,-0.38999998569488525,4.0269999504089355,4.057000160217285,4.053999900817871,4.059000015258789,4.059000015258789,4.064000129699707,nan,nan,nan,nan,nan,nan
220.34073305130005,-0.4300000071525574,4.0269999504089355,4.057000160217285,4.053999900817871,4.059000015258789,4.059000015258789,4.064000129699707,0.0,0.0,0.0,0.0,0.0,0.0
220.5206298828125,-0.4099999964237213,4.0269999504089355,4.057000160217285,4.053999900817871,4.059000015258789,4.059000015258789,4.064000129699707,0.0,0.0,0.0,0.0,0.0,0.0
220.6996123790741,-0.4099999964237213,4.0269999504089355,4.057000160217285,4.053999900817871,4.059000015258789,4.059000015258789,4.063000202178955,nan,nan,nan,nan,nan,nan
220.8590157032013,-0.38999998569488525,4.0269999504089355,4.057000160217285,4.053999900817871,4.059000015258789,4.059000015258789,4.063000202178955,0.0,0.0,0.0,0.0,0.0,0.0
221.04128980636597,-0.4000000059604645,4.0269999504089355,4.057000160217285,4.053999900817871,4.059000015258789,4.059000015258789,4.063000202178955,0.0,0.0,0.0,0.0,0.0,0.0
221.2009880542755,-0.4000000059604645,4.0269999504089355,4.057000160217285,4.053999900817871,4.059000015258789,4.059000015258789,4.063000202178955,nan,nan,nan,nan,nan,nan
221.37969279289246,-0.4099999964237213,4.0269999504089355,4.057000160217285,4.053999900817871,4.059000015258789,4.059000015258789,4.063000202178955,0.0,0.0,0.0,0.0,0.0,0.0
221.5596628189087,-0.38999998569488525,4.0269999504089355,4.057000160217285,4.053999900817871,4.059000015258789,4.059000015258789,4.063000202178955,0.0,0.0,0.0,0.0,0.0,0.0
221.72081303596497,-0.38999998569488525,4.0269999504089355,4.057000160217285,4.053999900817871,4.059000015258789,4.059000015258789,4.063000202178955,nan,nan,nan,nan,nan,nan
221.9005892276764,-0.4000000059604645,4.0269999504089355,4.057000160217285,4.053999900817871,4.059000015258789,4.059000015258789,4.063000202178955,0.0,0.0,0.0,0.0,0.0,0.0
222.06005358695984,-0.4000000059604645,4.0269999504089355,4.057000160217285,4.053999900817871,4.059000015258789,4.059000015258789,4.064000129699707,nan,nan,nan,nan,nan,nan
222.2402844429016,-0.4000000059604645,4.0269999504089355,4.057000160217285,4.053999900817871,4.059000015258789,4.059000015258789,4.063000202178955,nan,nan,nan,nan,nan,nan
222.42070412635803,-0.4099999964237213,4.0269999504089355,4.057000160217285,4.053999900817871,4.059000015258789,4.059000015258789,4.064000129699707,0.0,0.0,0.0,0.0,0.0,0.09999284743580573
222.58040571212769,-0.4000000059604645,4.0269999504089355,4.057000160217285,4.053999900817871,4.059000015258789,4.059000015258789,4.063000202178955,0.0,0.0,0.0,0.0,0.0,0.09999284743580573
222.7605528831482,-0.4099999964237213,4.0269999504089355,4.057000160217285,4.053999900817871,4.059000015258789,4.059000015258789,4.063000202178955,0.0,0.0,0.0,0.0,0.0,0.0
222.92164182662964,-0.4099999964237213,4.0269999504089355,4.057000160217285,4.053999900817871,4.059000015258789,4.059000015258789,4.063000202178955,nan,nan,nan,nan,nan,nan
223.1005699634552,-0.4000000059604645,4.0269999504089355,4.057000160217285,4.053999900817871,4.059000015258789,4.059000015258789,4.063000202178955,0.0,0.0,0.0,0.0,0.0,0.0
223.28121256828308,-0.38999998569488525,4.0269999504089355,4.057000160217285,4.053999900817871,4.059000015258789,4.059000015258789,4.063000202178955,0.0,0.0,0.0,0.0,0.0,0.0
223.4405438899994,-0.4000000059604645,4.0269999504089355,4.057000160217285,4.053999900817871,4.059000015258789,4.059000015258789,4.064000129699707,0.0,0.0,0.0,0.0,0.0,0.09999254943450207
223.62082815170288,-0.4000000059604645,4.0269999504089355,4.057000160217285,4.053999900817871,4.059000015258789,4.059000015258789,4.063000202178955,nan,nan,nan,nan,nan,nan
223.7998411655426,-0.4000000059604645,4.0269999504089355,4.057000160217285,4.053999900817871,4.059000015258789,4.059000015258789,4.064000129699707,nan,nan,nan,nan,nan,nan
223.9608347415924,-0.4000000059604645,4.0269999504089355,4.057000160217285,4.053999900817871,4.059000015258789,4.059000015258789,4.063000202178955,nan,nan,nan,nan,nan,nan
224.13969039916992,-0.4099999964237213,4.0269999504089355,4.057000160217285,4.053999900817871,4.059000015258789,4.059000015258789,4.063000202178955,0.0,0.0,0.0,0.0,0.0,0.0
224.30064630508423,-0.4099999964237213,4.0269999504089355,4.057000160217285,4.053999900817871,4.059000015258789,4.059000015258789,4.064000129699707,nan,nan,nan,nan,nan,nan
224.47944974899292,-0.4000000059604645,4.0269999504089355,4.057000160217285,4.053999900817871,4.058000087738037,4.059000015258789,4.063000202178955,0.0,0.0,0.0,0.09999284743580573,0.0,0.09999284743580573
224.65993094444275,-0.38999998569488525,4.0269999504089355,4.057000160217285,4.053999900817871,4.059000015258789,4.059000015258789,4.063000202178955,0.0,0.0,0.0,0.09999254943450207,0.0,0.0
224.82072114944458,-0.4099999964237213,4.0269999504089355,4.057000160217285,4.053999900817871,4.059000015258789,4.059000015258789,4.063000202178955,0.0,0.0,0.0,0.0,0.0,0.0
225.0009982585907,-0.4099999964237213,4.0269999504089355,4.057000160217285,4.053999900817871,4.059000015258789,4.059000015258789,4.064000129699707,nan,nan,nan,nan,nan,nan
225.17968320846558,-0.4000000059604645,4.0269999504089355,4.057000160217285,4.053999900817871,4.059000015258789,4.059000015258789,4.063000202178955,0.0,0.0,0.0,0.0,0.0,0.09999284743580573
225.34088683128357,-0.4000000059604645,4.0269999504089355,4.057000160217285,4.053999900817871,4.058000087738037,4.059000015258789,4.063000202178955,nan,nan,nan,nan,nan,nan
225.51972913742065,-0.38999998569488525,4.0269999504089355,4.057000160217285,4.052999973297119,4.059000015258789,4.059000015258789,4.063000202178955,0.0,0.0,0.09999254943450207,0.09999254943450207,0.0,0.0
225.6794753074646,-0.4000000059604645,4.0269999504089355,4.057000160217285,4.053999900817871,4.059000015258789,4.059000015258789,4.063000202178955,0.0,0.0,0.09999254943450207,0.0,0.0,0.0
225.85975527763367,-0.38999998569488525,4.0269999504089355,4.057000160217285,4.053999900817871,4.059000015258789,4.059000015258789,4.064000129699707,0.0,0.0,0.0,0.0,0.0,0.09999254943450207
226.04033017158508,-0.4099999964237213,4.0269999504089355,4.057000160217285,4.053999900817871,4.059000015258789,4.059000015258789,4.063000202178955,0.0,0.0,0.0,0.0,0.0,0.04999634921746594
226.1996991634369,-0.4000000059604645,4.0269999504089355,4.057000160217285,4.053999900817871,4.059000015258789,4.059000015258789,4.063000202178955,0.0,0.0,0.0,0.0,0.0,0.0
226.37982511520386,-0.4099999964237213,4.0269999504089355,4.057000160217285,4.053999900817871,4.058000087738037,4.059000015258789,4.063000202178955,0.0,0.0,0.0,0.09999284743580573,0.0,0.0
226.54109835624695,-0.4099999964237213,4.0269999504089355,4.057000160217285,4.053999900817871,4.059000015258789,4.059000015258789,4.063000202178955,nan,nan,nan,nan,nan,nan
226.72120666503906,-0.4000000059604645,4.0269999504089355,4.057000160217285,4.053999900817871,4.059000015258789,4.059000015258789,4.063000202178955,0.0,0.0,0.0,0.0,0.0,0.0
226.90154576301575,-0.4000000059604645,4.0269999504089355,4.057000160217285,4.053999900817871,4.059000015258789,4.059000015258789,4.063000202178955,nan,nan,nan,nan,nan,nan
227.05973553657532,-0.4000000059604645,4.0269999504089355,4.057000160217285,4.053999900817871,4.058000087738037,4.059000015258789,4.063000202178955,nan,nan,nan,nan,nan,nan
227.24012446403503,-0.38999998569488525,4.0269999504089355,4.057000160217285,4.053999900817871,4.059000015258789,4.059000015258789,4.063000202178955,0.0,0.0,0.0,0.09999254943450207,0.0,0.0
227.42027640342712,-0.38999998569488525,4.0269999504089355,4.057000160217285,4.053999900817871,4.059000015258789,4.059000015258789,4.064000129699707,nan,nan,nan,nan,nan,nan
227.58033537864685,-0.4000000059604645,4.0269999504089355,4.057000160217285,4.053999900817871,4.059000015258789,4.059000015258789,4.063000202178955,0.0,0.0,0.0,0.0,0.0,0.09999254943450207
227.75997710227966,-0.4000000059604645,4.0269999504089355,4.057000160217285,4.053999900817871,4.059000015258789,4.059000015258789,4.063000202178955,nan,nan,nan,nan,nan,nan
227.92114567756653,-0.4099999964237213,4.0269999504089355,4.057000160217285,4.053999900817871,4.059000015258789,4.059000015258789,4.064000129699707,0.0,0.0,0.0,0.0,0.0,0.09999284743580573
228.102641582489,-0.4099999964237213,4.0269999504089355,4.057000160217285,4.053999900817871,4.059000015258789,4.059000015258789,4.064000129699707,nan,nan,nan,nan,nan,nan
228.28020644187927,-0.4000000059604645,4.0269999504089355,4.057000160217285,4.053999900817871,4.058000087738037,4.059000015258789,4.063000202178955,0.0,0.0,0.0,0.09999284743580573,0.0,0.09999284743580573
228.44083523750305,-0.4000000059604645,4.0269999504089355,4.057000160217285,4.053999900817871,4.059000015258789,4.059000015258789,4.064000129699707,nan,nan,nan,nan,nan,nan
228.61963653564453,-0.4099999964237213,4.0269999504089355,4.057000160217285,4.053999900817871,4.059000015258789,4.059000015258789,4.063000202178955,0.0,0.0,0.0,0.0,0.0,0.09999284743580573
228.78068041801453,-0.4000000059604645,4.0269999504089355,4.057000160217285,4.053999900817871,4.058000087738037,4.059000015258789,4.063000202178955,0.0,0.0,0.0,0.09999284743580573,0.0,0.0
228.96110796928406,-0.4000000059604645,4.0269999504089355,4.057000160217285,4.053999900817871,4.059000015258789,4.059000015258789,4.063000202178955,nan,nan,nan,nan,nan,nan
229.1401481628418,-0.4000000059604645,4.0269999504089355,4.057000160217285,4.053999900817871,4.059000015258789,4.059000015258789,4.063000202178955,nan,nan,nan,nan,nan,nan
229.30060720443726,-0.3799999952316284,4.0269999504089355,4.057000160217285,4.053999900817871,4.059000015258789,4.059000015258789,4.063000202178955,0.0,0.0,0.0,0.0,0.0,0.0
229.4808714389801,-0.4099999964237213,4.0269999504089355,4.057000160217285,4.053999900817871,4.059000015258789,4.059000015258789,4.064000129699707,0.0,0.0,0.0,0.0,0.0,0.033330916033946834
229.66118741035461,-0.4000000059604645,4.0269999504089355,4.057000160217285,4.053999900817871,4.059000015258789,4.059000015258789,4.063000202178955,0.0,0.0,0.0,0.0,0.0,0.09999284743580573
229.82033586502075,-0.4000000059604645,4.0269999504089355,4.057000160217285,4.053999900817871,4.059000015258789,4.059000015258789,4.063000202178955,nan,nan,nan,nan,nan,nan
230.00105142593384,-0.4000000059604645,4.0269999504089355,4.057000160217285,4.053999900817871,4.059000015258789,4.059000015258789,4.063000202178955,nan,nan,nan,nan,nan,nan
230.16183519363403,-0.38999998569488525,4.0269999504089355,4.057000160217285,4.053999900817871,4.059000015258789,4.059000015258789,4.063000202178955,0.0,0.0,0.0,0.0,0.0,0.0
230.34090542793274,-0.4000000059604645,4.0269999504089355,4.057000160217285,4.053999900817871,4.059000015258789,4.059000015258789,4.063000202178955,0.0,0.0,0.0,0.0,0.0,0.0
230.52110147476196,-0.4000000059604645,4.0269999504089355,4.057000160217285,4.053999900817871,4.058000087738037,4.059000015258789,4.063000202178955,nan,nan,nan,nan,nan,nan
230.6806356906891,-0.4000000059604645,4.0269999504089355,4.057000160217285,4.053999900817871,4.059000015258789,4.059000015258789,4.063000202178955,nan,nan,nan,nan,nan,nan
230.86062717437744,-0.4099999964237213,4.0269999504089355,4.057000160217285,4.053999900817871,4.058000087738037,4.059000015258789,4.063000202178955,0.0,0.0,0.0,0.09999284743580573,0.0,0.0
231.020112991333,-0.4000000059604645,4.0269999504089355,4.057000160217285,4.053999900817871,4.058000087738037,4.059000015258789,4.064000129699707,0.0,0.0,0.0,0.0,0.0,0.09999284743580573
231.20073652267456,-0.4000000059604645,4.0269999504089355,4.057000160217285,4.053999900817871,4.059000015258789,4.059000015258789,4.063000202178955,nan,nan,nan,nan,nan,nan
231.38083744049072,-0.41999998688697815,4.026000022888184,4.057000160217285,4.053999900817871,4.059000015258789,4.059000015258789,4.063000202178955,0.04999642371790287,0.0,0.0,0.0,0.0,0.0
231.5401473045349,-0.38999998569488525,4.0269999504089355,4.057000160217285,4.053999900817871,4.058000087738037,4.059000015258789,4.063000202178955,0.033330916033946834,0.0,0.0,0.033330916033946834,0.0,0.0
231.72048449516296,-0.38999998569488525,4.0269999504089355,4.057000160217285,4.053999900817871,4.059000015258789,4.059000015258789,4.063000202178955,nan,nan,nan,nan,nan,nan
231.8796730041504,-0.4099999964237213,4.0269999504089355,4.057000160217285,4.053999900817871,4.059000015258789,4.059000015258789,4.063000202178955,0.0,0.0,0.0,0.0,0.0,0.0
232.06009697914124,-0.4000000059604645,4.026000022888184,4.057000160217285,4.053999900817871,4.059000015258789,4.059000015258789,4.063000202178955,0.09999284743580573,0.0,0.0,0.0,0.0,0.0
232.2416603565216,-0.38999998569488525,4.0269999504089355,4.057000160217285,4.053999900817871,4.059000015258789,4.059000015258789,4.063000202178955,0.09999254943450207,0.0,0.0,0.0,0.0,0.0
232.40169286727905,-0.4300000071525574,4.0269999504089355,4.057000160217285,4.053999900817871,4.058000087738037,4.059000015258789,4.063000202178955,0.0,0.0,0.0,0.02499817460873297,0.0,0.0
232.5812110900879,-0.7300000190734863,4.02400016784668,4.053999900817871,4.050000190734863,4.056000232696533,4.056000232696533,4.059000015258789,0.009999274810184049,0.010000864267314901,0.013332366413578732,0.006666183206789366,0.009999274810184049,0.013333955870709584
232.76039695739746,-0.699999988079071,4.026000022888184,4.056000232696533,4.052999973297119,4.058000087738037,4.058000087738037,4.061999797821045,0.06666176584538173,0.06667766040090042,0.09999264876807261,0.06666176584538173,0.06666176584538173,0.09999264876807261
232.9198796749115,-0.7799999713897705,4.026000022888184,4.056000232696533,4.052000045776367,4.057000160217285,4.058000087738037,4.061999797821045,0.0,0.0,0.012499096616914163,0.012499096616914163,0.0,0.0
233.09992051124573,-0.5799999833106995,4.026000022888184,4.056000232696533,4.052999973297119,4.058000087738037,4.058000087738037,4.063000202178955,0.0,0.0,0.004999637901761406,0.004999637901761406,0.0,0.0050020220876945305
233.26081800460815,-0.6499999761581421,4.026000022888184,4.056000232696533,4.052999973297119,4.058000087738037,4.058000087738037,4.061999797821045,0.0,0.0,0.0,0.0,0.0,0.014291492287583925
233.43986916542053,-0.6399999856948853,4.026000022888184,4.056000232696533,4.052999973297119,4.058000087738037,4.058000087738037,4.063000202178955,0.0,0.0,0.0,0.0,0.0,0.10004053119710082
233.61987376213074,-0.5899999737739563,4.026000022888184,4.056000232696533,4.052999973297119,4.058000087738037,4.058000087738037,4.061999797821045,0.0,0.0,0.0,0.0,0.0,0.020008082387904552
233.78096294403076,-0.6299999952316284,4.026000022888184,4.056000232696533,4.052999973297119,4.057000160217285,4.058000087738037,4.061999797821045,0.0,0.0,0.0,0.02499817460873297,0.0,0.0
233.95989608764648,-0.5799999833106995,4.026000022888184,4.056000232696533,4.052999973297119,4.057000160217285,4.058000087738037,4.061999797821045,0.0,0.0,0.0,0.0,0.0,0.0
234.12107872962952,-0.6800000071525574,4.026000022888184,4.056000232696533,4.052000045776367,4.058000087738037,4.058000087738037,4.061999797821045,0.0,0.0,0.009999272823507113,0.009999272823507113,0.0,0.0
234.29993319511414,-0.7300000190734863,4.026000022888184,4.056000232696533,4.052999973297119,4.057000160217285,4.058000087738037,4.061999797821045,0.0,0.0,0.019998545647014226,0.019998545647014226,0.0,0.0
234.48052334785461,-0.6499999761581421,4.026000022888184,4.056000232696533,4.052999973297119,4.058000087738037,4.058000087738037,4.061999797821045,0.0,0.0,0.0,0.012499087304366484,0.0,0.0
234.641197681427,-0.6200000047683716,4.026000022888184,4.056000232696533,4.052000045776367,4.057000160217285,4.058000087738037,4.061999797821045,0.0,0.0,0.03333094914526858,0.03333094914526858,0.0,0.0
234.82012295722961,-0.5699999928474426,4.025000095367432,4.056000232696533,4.052999973297119,4.057000160217285,4.058000087738037,4.061999797821045,0.019998545647014226,0.0,0.019998545647014226,0.0,0.0,0.0
235.00208926200867,-0.6100000143051147,4.026000022888184,4.056000232696533,4.052999973297119,4.057000160217285,4.058000087738037,4.061999797821045,0.02499817460873297,0.0,0.0,0.0,0.0,0.0
235.15974688529968,-0.5799999833106995,4.026000022888184,4.056000232696533,4.052999973297119,4.057000160217285,4.058000087738037,4.061999797821045,0.0,0.0,0.0,0.0,0.0,0.0
235.34001898765564,-0.7300000190734863,4.026000022888184,4.056000232696533,4.052999973297119,4.057000160217285,4.058000087738037,4.061999797821045,0.0,0.0,0.0,0.0,0.0,0.0
235.49997353553772,-0.6700000166893005,4.026000022888184,4.056000232696533,4.052999973297119,4.057000160217285,4.058000087738037,4.061999797821045,0.0,0.0,0.0,0.0,0.0,0.0
235.6814603805542,-0.699999988079071,4.026000022888184,4.056000232696533,4.052000045776367,4.057000160217285,4.058000087738037,4.061999797821045,0.0,0.0,0.03333094914526858,0.0,0.0,0.0
235.86054229736328,-0.5799999833106995,4.026000022888184,4.056000232696533,4.052000045776367,4.058000087738037,4.058000087738037,4.061999797821045,0.0,0.0,0.0,0.008332729008486708,0.0,0.0
236.02143263816833,-0.6000000238418579,4.026000022888184,4.056000232696533,4.052999973297119,4.057000160217285,4.058000087738037,4.061999797821045,0.0,0.0,0.04999627471725104,0.04999627471725104,0.0,0.0
236.20006322860718,-0.6000000238418579,4.026000022888184,4.056000232696533,4.052999973297119,4.057000160217285,4.058000087738037,4.061999797821045,nan,nan,nan,nan,nan,nan
236.360613822937,-0.6800000071525574,4.025000095367432,4.056000232696533,4.052999973297119,4.057000160217285,4.058000087738037,4.061999797821045,0.012499096616914163,0.0,0.0,0.0,0.0,0.0
236.5410966873169,-0.5699999928474426,4.025000095367432,4.056000232696533,4.052000045776367,4.057000160217285,4.057000160217285,4.061999797821045,0.0,0.0,0.009090249006499072,0.0,0.009090249006499072,0.0
236.72107601165771,-0.6100000143051147,4.026000022888184,4.056000232696533,4.052000045776367,4.057000160217285,4.058000087738037,4.061999797821045,0.02499817460873297,0.0,0.0,0.0,0.02499817460873297,0.0
236.8807134628296,-0.699999988079071,4.025000095367432,4.056000232696533,4.052000045776367,4.057000160217285,4.058000087738037,4.061999797821045,0.011110309023682256,0.0,0.0,0.0,0.0,0.0
237.06062173843384,-0.7400000095367432,4.026000022888184,4.056000232696533,4.052000045776367,4.057000160217285,4.058000087738037,4.061999797821045,0.02499817460873297,0.0,0.0,0.0,0.0,0.0
237.22166228294373,-0.5600000023841858,4.025000095367432,4.056000232696533,4.052000045776367,4.057000160217285,4.058000087738037,4.061999797821045,0.005555152672324472,0.0,0.0,0.0,0.0,0.0
237.40071320533752,-0.7099999785423279,4.025000095367432,4.056000232696533,4.052000045776367,4.057000160217285,4.058000087738037,4.061999797821045,0.0,0.0,0.0,0.0,0.0,0.0
237.5811698436737,-0.6000000238418579,4.025000095367432,4.056000232696533,4.052000045776367,4.057000160217285,4.058000087738037,4.061999797821045,0.0,0.0,0.0,0.0,0.0,0.0
237.740581035614,-0.6100000143051147,4.025000095367432,4.056000232696533,4.052000045776367,4.057000160217285,4.058000087738037,4.061999797821045,0.0,0.0,0.0,0.0,0.0,0.0
237.92023348808289,-0.7300000190734863,4.025000095367432,4.056000232696533,4.052000045776367,4.057000160217285,4.058000087738037,4.061999797821045,0.0,0.0,0.0,0.0,0.0,0.0
238.10046005249023,-0.5699999928474426,4.025000095367432,4.056000232696533,4.052000045776367,4.057000160217285,4.057000160217285,4.061999797821045,0.0,0.0,0.0,0.0,0.006249545980319295,0.0
238.26168513298035,-0.6100000143051147,4.025000095367432,4.054999828338623,4.052000045776367,4.057000160217285,4.057000160217285,4.061999797821045,0.0,0.025010095531293165,0.0,0.0,0.0,0.0
238.44045972824097,-0.4000000059604645,4.025000095367432,4.056000232696533,4.052999973297119,4.058000087738037,4.058000087738037,4.061999797821045,0.0,0.004763830086465049,0.004761559433420976,0.004761559433420976,0.004761559433420976,0.0
238.60149145126343,-0.4000000059604645,4.026000022888184,4.056000232696533,4.052999973297119,4.058000087738037,4.058000087738037,4.063000202178955,nan,nan,nan,nan,nan,nan
238.77978110313416,-0.4000000059604645,4.026000022888184,4.056000232696533,4.052999973297119,4.058000087738037,4.058000087738037,4.063000202178955,nan,nan,nan,nan,nan,nan
238.9602711200714,-0.38999998569488525,4.026000022888184,4.056000232696533,4.052999973297119,4.058000087738037,4.058000087738037,4.063000202178955,0.0,0.0,0.0,0.0,0.0,0.0
239.12002515792847,-0.4000000059604645,4.026000022888184,4.056000232696533,4.052999973297119,4.058000087738037,4.058000087738037,4.061999797821045,0.0,0.0,0.0,0.0,0.0,0.10004023305368878
239.30018496513367,-0.4099999964237213,4.026000022888184,4.056000232696533,4.052999973297119,4.058000087738037,4.058000087738037,4.063000202178955,0.0,0.0,0.0,0.0,0.0,0.10004053119710082
239.46066617965698,-0.4099999964237213,4.026000022888184,4.056000232696533,4.052999973297119,4.058000087738037,4.058000087738037,4.063000202178955,nan,nan,nan,nan,nan,nan
239.6391842365265,-0.4000000059604645,4.026000022888184,4.056000232696533,4.052999973297119,4.058000087738037,4.058000087738037,4.063000202178955,0.0,0.0,0.0,0.0,0.0,0.0
239.8197741508484,-0.38999998569488525,4.026000022888184,4.056000232696533,4.052999973297119,4.058000087738037,4.058000087738037,4.063000202178955,0.0,0.0,0.0,0.0,0.0,0.0
239.9806513786316,-0.4099999964237213,4.026000022888184,4.056000232696533,4.052999973297119,4.058000087738037,4.058000087738037,4.063000202178955,0.0,0.0,0.0,0.0,0.0,0.0
240.16011881828308,-0.4099999964237213,4.026000022888184,4.056000232696533,4.052999973297119,4.058000087738037,4.058000087738037,4.061999797821045,nan,nan,nan,nan,nan,nan
240.3401598930359,-0.4000000059604645,4.026000022888184,4.056000232696533,4.052999973297119,4.058000087738037,4.058000087738037,4.063000202178955,0.0,0.0,0.0,0.0,0.0,0.10004053119710082
240.50126814842224,-0.4000000059604645,4.026000022888184,4.056000232696533,4.052999973297119,4.058000087738037,4.058000087738037,4.063000202178955,nan,nan,nan,nan,nan,nan
240.68017077445984,-0.4000000059604645,4.026000022888184,4.056000232696533,4.052999973297119,4.058000087738037,4.058000087738037,4.063000202178955,nan,nan,nan,nan,nan,nan
240.84023594856262,-0.4000000059604645,4.026000022888184,4.056000232696533,4.052999973297119,4.058000087738037,4.058000087738037,4.063000202178955,nan,nan,nan,nan,nan,nan
241.02162289619446,-0.4099999964237213,4.026000022888184,4.056000232696533,4.052999973297119,4.058000087738037,4.058000087738037,4.063000202178955,0.0,0.0,0.0,0.0,0.0,0.0
241.20143866539001,-0.4000000059604645,4.026000022888184,4.056000232696533,4.052999973297119,4.058000087738037,4.058000087738037,4.063000202178955,0.0,0.0,0.0,0.0,0.0,0.0
241.36017441749573,-0.4000000059604645,4.026000022888184,4.056000232696533,4.052999973297119,4.058000087738037,4.058000087738037,4.061999797821045,nan,nan,nan,nan,nan,nan
241.54000854492188,-0.41999998688697815,4.026000022888184,4.056000232696533,4.052999973297119,4.058000087738037,4.058000087738037,4.063000202178955,0.0,0.0,0.0,0.0,0.0,0.05002026559855041
241.7013223171234,-0.4099999964237213,4.026000022888184,4.056000232696533,4.052999973297119,4.057000160217285,4.058000087738037,4.063000202178955,0.0,0.0,0.0,0.09999284743580573,0.0,0.0
241.880295753479,-0.4099999964237213,4.026000022888184,4.056000232696533,4.052999973297119,4.058000087738037,4.058000087738037,4.063000202178955,nan,nan,nan,nan,nan,nan
242.06032872200012,-0.4000000059604645,4.026000022888184,4.056000232696533,4.052999973297119,4.058000087738037,4.058000087738037,4.063000202178955,0.0,0.0,0.0,0.0,0.0,0.0
242.2199671268463,-0.38999998569488525,4.026000022888184,4.056000232696533,4.052999973297119,4.058000087738037,4.058000087738037,4.063000202178955,0.0,0.0,0.0,0.0,0.0,0.0
242.40029311180115,-0.38999998569488525,4.026000022888184,4.056000232696533,4.052999973297119,4.058000087738037,4.058000087738037,4.063000202178955,nan,nan,nan,nan,nan,nan
242.5803825855255,-0.4099999964237213,4.026000022888184,4.056000232696533,4.052999973297119,4.058000087738037,4.058000087738037,4.063000202178955,0.0,0.0,0.0,0.0,0.0,0.0
242.7414562702179,-0.4000000059604645,4.026000022888184,4.056000232696533,4.052999973297119,4.058000087738037,4.058000087738037,4.063000202178955,0.0,0.0,0.0,0.0,0.0,0.0
242.92003774642944,-0.4000000059604645,4.026000022888184,4.056000232696533,4.052999973297119,4.058000087738037,4.059000015258789,4.063000202178955,nan,nan,nan,nan,nan,nan
243.08012866973877,-0.4000000059604645,4.026000022888184,4.056000232696533,4.052999973297119,4.058000087738037,4.058000087738037,4.061999797821045,nan,nan,nan,nan,nan,nan
243.25980710983276,-0.4099999964237213,4.026000022888184,4.056000232696533,4.052999973297119,4.058000087738037,4.058000087738037,4.063000202178955,0.0,0.0,0.0,0.0,0.0,0.10004053119710082
243.44005250930786,-0.4000000059604645,4.026000022888184,4.056000232696533,4.052999973297119,4.058000087738037,4.058000087738037,4.063000202178955,0.0,0.0,0.0,0.0,0.0,0.0
243.60129761695862,-0.4000000059604645,4.026000022888184,4.056000232696533,4.052999973297119,4.058000087738037,4.058000087738037,4.063000202178955,nan,nan,nan,nan,nan,nan
243.78015661239624,-0.4099999964237213,4.026000022888184,4.056000232696533,4.052999973297119,4.058000087738037,4.058000087738037,4.063000202178955,0.0,0.0,0.0,0.0,0.0,0.0
243.94063115119934,-0.4000000059604645,4.026000022888184,4.056000232696533,4.052999973297119,4.058000087738037,4.058000087738037,4.063000202178955,0.0,0.0,0.0,0.0,0.0,0.0
244.12123227119446,-0.38999998569488525,4.026000022888184,4.056000232696533,4.052999973297119,4.058000087738037,4.058000087738037,4.061999797821045,0.0,0.0,0.0,0.0,0.0,0.10004023305368878
244.299742937088,-0.4000000059604645,4.026000022888184,4.056000232696533,4.052999973297119,4.058000087738037,4.058000087738037,4.063000202178955,0.0,0.0,0.0,0.0,0.0,0.10004023305368878
244.46073174476624,-0.4000000059604645,4.026000022888184,4.056000232696533,4.052999973297119,4.058000087738037,4.058000087738037,4.063000202178955,nan,nan,nan,nan,nan,nan
244.6396734714508,-0.4000000059604645,4.026000022888184,4.056000232696533,4.052999973297119,4.058000087738037,4.059000015258789,4.063000202178955,nan,nan,nan,nan,nan,nan
244.82115745544434,-0.4000000059604645,4.026000022888184,4.056000232696533,4.052999973297119,4.058000087738037,4.058000087738037,4.061999797821045,nan,nan,nan,nan,nan,nan
244.98054957389832,-0.4000000059604645,4.026000022888184,4.056000232696533,4.052999973297119,4.058000087738037,4.058000087738037,4.063000202178955,nan,nan,nan,nan,nan,nan
245.16114711761475,-0.4000000059604645,4.026000022888184,4.056000232696533,4.052999973297119,4.058000087738037,4.058000087738037,4.063000202178955,nan,nan,nan,nan,nan,nan
245.3218059539795,-0.4000000059604645,4.026000022888184,4.056000232696533,4.052999973297119,4.058000087738037,4.058000087738037,4.063000202178955,nan,nan,nan,nan,nan,nan
245.5005919933319,-0.4099999964237213,4.026000022888184,4.056000232696533,4.052999973297119,4.058000087738037,4.058000087738037,4.063000202178955,0.0,0.0,0.0,0.0,0.0,0.0
245.68064999580383,-0.4000000059604645,4.026000022888184,4.056000232696533,4.052999973297119,4.058000087738037,4.059000015258789,4.061999797821045,0.0,0.0,0.0,0.0,0.09999284743580573,0.10004053119710082
245.84171509742737,-0.4000000059604645,4.026000022888184,4.056000232696533,4.052999973297119,4.058000087738037,4.058000087738037,4.063000202178955,nan,nan,nan,nan,nan,nan
246.02094745635986,-0.4300000071525574,4.026000022888184,4.056000232696533,4.052999973297119,4.058000087738037,4.058000087738037,4.063000202178955,0.0,0.0,0.0,0.0,0.0,0.0
246.18128776550293,-0.4000000059604645,4.026000022888184,4.056000232696533,4.052999973297119,4.058000087738037,4.058000087738037,4.063000202178955,0.0,0.0,0.0,0.0,0.0,0.0
246.36051058769226,-0.4000000059604645,4.026000022888184,4.056000232696533,4.052999973297119,4.058000087738037,4.058000087738037,4.063000202178955,nan,nan,nan,nan,nan,nan
246.53994584083557,-0.38999998569488525,4.026000022888184,4.056000232696533,4.052999973297119,4.058000087738037,4.058000087738037,4.063000202178955,0.0,0.0,0.0,0.0,0.0,0.0
246.70086646080017,-0.4099999964237213,4.026000022888184,4.056000232696533,4.052999973297119,4.058000087738037,4.058000087738037,4.061999797821045,0.0,0.0,0.0,0.0,0.0,0.05002019106258633
246.88107323646545,-0.4099999964237213,4.026000022888184,4.056000232696533,4.052999973297119,4.058000087738037,4.058000087738037,4.063000202178955,nan,nan,nan,nan,nan,nan
247.04085755348206,-0.4000000059604645,4.026000022888184,4.056000232696533,4.052999973297119,4.058000087738037,4.058000087738037,4.063000202178955,0.0,0.0,0.0,0.0,0.0,0.0
247.22064924240112,-0.4000000059604645,4.026000022888184,4.056000232696533,4.052999973297119,4.058000087738037,4.058000087738037,4.063000202178955,nan,nan,nan,nan,nan,nan
247.40089392662048,-0.41999998688697815,4.026000022888184,4.056000232696533,4.052999973297119,4.058000087738037,4.058000087738037,4.063000202178955,0.0,0.0,0.0,0.0,0.0,0.0
247.5604681968689,-0.4000000059604645,4.026000022888184,4.056000232696533,4.052999973297119,4.058000087738037,4.058000087738037,4.063000202178955,0.0,0.0,0.0,0.0,0.0,0.0
247.74078822135925,-0.38999998569488525,4.026000022888184,4.056000232696533,4.052999973297119,4.058000087738037,4.058000087738037,4.063000202178955,0.0,0.0,0.0,0.0,0.0,0.0
247.91931104660034,-0.4000000059604645,4.026000022888184,4.056000232696533,4.052999973297119,4.058000087738037,4.059000015258789,4.063000202178955,0.0,0.0,0.0,0.0,0.09999254943450207,0.0
248.08072662353516,-0.41999998688697815,4.026000022888184,4.056000232696533,4.052999973297119,4.058000087738037,4.058000087738037,4.061999797821045,0.0,0.0,0.0,0.0,0.04999642371790287,0.05002026559855041
248.25984978675842,-0.4000000059604645,4.026000022888184,4.056000232696533,4.052999973297119,4.058000087738037,4.058000087738037,4.061999797821045,0.0,0.0,0.0,0.0,0.0,0.0
248.42061567306519,-0.4000000059604645,4.026000022888184,4.056000232696533,4.052999973297119,4.058000087738037,4.058000087738037,4.063000202178955,nan,nan,nan,nan,nan,nan
248.5994052886963,-0.4000000059604645,4.026000022888184,4.056000232696533,4.052999973297119,4.058000087738037,4.059000015258789,4.063000202178955,nan,nan,nan,nan,nan,nan
248.78094172477722,-0.4000000059604645,4.026000022888184,4.056000232696533,4.052999973297119,4.058000087738037,4.058000087738037,4.063000202178955,nan,nan,nan,nan,nan,nan
248.94093012809753,-0.4000000059604645,4.026000022888184,4.056000232696533,4.052999973297119,4.058000087738037,4.058000087738037,4.063000202178955,nan,nan,nan,nan,nan,nan
249.12125205993652,-0.4099999964237213,4.026000022888184,4.056000232696533,4.052999973297119,4.058000087738037,4.058000087738037,4.063000202178955,0.0,0.0,0.0,0.0,0.0,0.0
249.28116512298584,-0.4000000059604645,4.026000022888184,4.056000232696533,4.052999973297119,4.058000087738037,4.058000087738037,4.063000202178955,0.0,0.0,0.0,0.0,0.0,0.0
249.45957708358765,-0.4000000059604645,4.026000022888184,4.056000232696533,4.052999973297119,4.058000087738037,4.058000087738037,4.063000202178955,nan,nan,nan,nan,nan,nan
249.6398479938507,-0.38999998569488525,4.026000022888184,4.056000232696533,4.052999973297119,4.058000087738037,4.058000087738037,4.063000202178955,0.0,0.0,0.0,0.0,0.0,0.0
249.80115914344788,-0.4000000059604645,4.026000022888184,4.056000232696533,4.052999973297119,4.058000087738037,4.058000087738037,4.063000202178955,0.0,0.0,0.0,0.0,0.0,0.0
249.98097825050354,-0.4000000059604645,4.026000022888184,4.056000232696533,4.052999973297119,4.058000087738037,4.058000087738037,4.063000202178955,nan,nan,nan,nan,nan,nan
250.1621196269989,-0.4000000059604645,4.026000022888184,4.056000232696533,4.052999973297119,4.058000087738037,4.058000087738037,4.063000202178955,nan,nan,nan,nan,nan,nan
250.3207778930664,-0.4000000059604645,4.026000022888184,4.056000232696533,4.052999973297119,4.058000087738037,4.058000087738037,4.063000202178955,nan,nan,nan,nan,nan,nan
250.5006594657898,-0.4000000059604645,4.026000022888184,4.056000232696533,4.052999973297119,4.058000087738037,4.058000087738037,4.063000202178955,nan,nan,nan,nan,nan,nan
250.66013193130493,-0.4000000059604645,4.026000022888184,4.056000232696533,4.052999973297119,4.058000087738037,4.058000087738037,4.063000202178955,nan,nan,nan,nan,nan,nan
250.84208703041077,-0.4000000059604645,4.026000022888184,4.056000232696533,4.052999973297119,4.058000087738037,4.058000087738037,4.061999797821045,nan,nan,nan,nan,nan,nan
251.02044796943665,-0.4000000059604645,4.026000022888184,4.056000232696533,4.052999973297119,4.058000087738037,4.058000087738037,4.063000202178955,nan,nan,nan,nan,nan,nan
251.1804769039154,-0.4000000059604645,4.025000095367432,4.056000232696533,4.052999973297119,4.058000087738037,4.058000087738037,4.063000202178955,nan,nan,nan,nan,nan,nan
251.360769033432,-0.4000000059604645,4.026000022888184,4.056000232696533,4.052999973297119,4.058000087738037,4.058000087738037,4.063000202178955,nan,nan,nan,nan,nan,nan
251.5203766822815,-0.4000000059604645,4.026000022888184,4.056000232696533,4.052999973297119,4.058000087738037,4.058000087738037,4.063000202178955,nan,nan,nan,nan,nan,nan
251.70056462287903,-0.41999998688697815,4.026000022888184,4.056000232696533,4.052999973297119,4.058000087738037,4.058000087738037,4.063000202178955,0.0,0.0,0.0,0.0,0.0,0.0
251.88095784187317,-0.4000000059604645,4.026000022888184,4.056000232696533,4.052999973297119,4.058000087738037,4.058000087738037,4.063000202178955,0.0,0.0,0.0,0.0,0.0,0.0
252.04029726982117,-0.4000000059604645,4.026000022888184,4.056000232696533,4.052999973297119,4.058000087738037,4.058000087738037,4.063000202178955,nan,nan,nan,nan,nan,nan
252.22032976150513,-0.4099999964237213,4.026000022888184,4.056000232696533,4.052999973297119,4.058000087738037,4.058000087738037,4.063000202178955,0.0,0.0,0.0,0.0,0.0,0.0
252.37990522384644,-0.4000000059604645,4.026000022888184,4.056000232696533,4.052999973297119,4.058000087738037,4.058000087738037,4.063000202178955,0.0,0.0,0.0,0.0,0.0,0.0
252.56042194366455,-0.4000000059604645,4.026000022888184,4.056000232696533,4.052999973297119,4.058000087738037,4.058000087738037,4.061999797821045,nan,nan,nan,nan,nan,nan
252.74083614349365,-0.38999998569488525,4.026000022888184,4.056000232696533,4.052999973297119,4.058000087738037,4.058000087738037,4.061999797821045,0.0,0.0,0.0,0.0,0.0,0.0
252.9016396999359,-0.4000000059604645,4.026000022888184,4.056000232696533,4.052999973297119,4.058000087738037,4.058000087738037,4.063000202178955,0.0,0.0,0.0,0.0,0.0,0.10004023305368878
253.08182406425476,-0.4000000059604645,4.026000022888184,4.056000232696533,4.052999973297119,4.058000087738037,4.058000087738037,4.063000202178955,nan,nan,nan,nan,nan,nan
253.26076340675354,-0.4000000059604645,4.026000022888184,4.056000232696533,4.052999973297119,4.058000087738037,4.058000087738037,4.063000202178955,nan,nan,nan,nan,nan,nan
253.42160844802856,-0.4000000059604645,4.026000022888184,4.056000232696533,4.052999973297119,4.058000087738037,4.058000087738037,4.063000202178955,nan,nan,nan,nan,nan,nan
253.60088109970093,-0.4099999964237213,4.026000022888184,4.056000232696533,4.052999973297119,4.058000087738037,4.058000087738037,4.063000202178955,0.0,0.0,0.0,0.0,0.0,0.0
253.76156735420227,-0.41999998688697815,4.026000022888184,4.056000232696533,4.052999973297119,4.058000087738037,4.058000087738037,4.061999797821045,0.0,0.0,0.0,0.0,0.0,0.10004053119710082
253.94223070144653,-0.4000000059604645,4.026000022888184,4.056000232696533,4.052999973297119,4.058000087738037,4.058000087738037,4.063000202178955,0.0,0.0,0.0,0.0,0.0,0.05002026559855041
254.12058687210083,-0.4000000059604645,4.026000022888184,4.056000232696533,4.052999973297119,4.058000087738037,4.058000087738037,4.063000202178955,nan,nan,nan,nan,nan,nan
254.28151059150696,-0.4000000059604645,4.026000022888184,4.056000232696533,4.052999973297119,4.058000087738037,4.058000087738037,4.061999797821045,nan,nan,nan,nan,nan,nan
254.46191430091858,-0.4000000059604645,4.026000022888184,4.056000232696533,4.052999973297119,4.058000087738037,4.058000087738037,4.063000202178955,nan,nan,nan,nan,nan,nan
254.62110877037048,-0.38999998569488525,4.026000022888184,4.056000232696533,4.052999973297119,4.058000087738037,4.058000087738037,4.063000202178955,0.0,0.0,0.0,0.0,0.0,0.0
254.8023180961609,-0.4000000059604645,4.026000022888184,4.056000232696533,4.052999973297119,4.058000087738037,4.058000087738037,4.063000202178955,0.0,0.0,0.0,0.0,0.0,0.0
254.9810769557953,-0.4000000059604645,4.026000022888184,4.056000232696533,4.052999973297119,4.058000087738037,4.058000087738037,4.063000202178955,nan,nan,nan,nan,nan,nan
255.1407904624939,-0.4099999964237213,4.026000022888184,4.056000232696533,4.052999973297119,4.058000087738037,4.058000087738037,4.061999797821045,0.0,0.0,0.0,0.0,0.0,0.10004053119710082
255.32087779045105,-0.4000000059604645,4.026000022888184,4.056000232696533,4.052999973297119,4.058000087738037,4.058000087738037,4.063000202178955,0.0,0.0,0.0,0.0,0.0,0.10004053119710082
255.4816279411316,-0.4000000059604645,4.026000022888184,4.056000232696533,4.052999973297119,4.058000087738037,4.058000087738037,4.063000202178955,nan,nan,nan,nan,nan,nan
255.6611988544464,-0.4000000059604645,4.026000022888184,4.056000232696533,4.052999973297119,4.058000087738037,4.058000087738037,4.063000202178955,nan,nan,nan,nan,nan,nan
255.8406901359558,-0.4000000059604645,4.026000022888184,4.056000232696533,4.052999973297119,4.058000087738037,4.058000087738037,4.063000202178955,nan,nan,nan,nan,nan,nan
256.00158309936523,-0.4099999964237213,4.026000022888184,4.056000232696533,4.052999973297119,4.058000087738037,4.058000087738037,4.063000202178955,0.0,0.0,0.0,0.0,0.0,0.0
256.1805250644684,-0.4000000059604645,4.025000095367432,4.056000232696533,4.052999973297119,4.058000087738037,4.058000087738037,4.063000202178955,0.09999284743580573,0.0,0.0,0.0,0.0,0.0
256.3607201576233,-0.4000000059604645,4.025000095367432,4.056000232696533,4.052999973297119,4.058000087738037,4.058000087738037,4.063000202178955,nan,nan,nan,nan,nan,nan
256.52177929878235,-0.4099999964237213,4.026000022888184,4.056000232696533,4.052999973297119,4.058000087738037,4.058000087738037,4.061999797821045,0.09999284743580573,0.0,0.0,0.0,0.0,0.10004053119710082
256.70177149772644,-0.4000000059604645,4.025000095367432,4.056000232696533,4.052999973297119,4.058000087738037,4.058000087738037,4.063000202178955,0.09999284743580573,0.0,0.0,0.0,0.0,0.10004053119710082
256.86095118522644,-0.4000000059604645,4.026000022888184,4.056000232696533,4.052999973297119,4.058000087738037,4.058000087738037,4.061999797821045,nan,nan,nan,nan,nan,nan
257.0401129722595,-0.4000000059604645,4.026000022888184,4.056000232696533,4.052999973297119,4.058000087738037,4.058000087738037,4.061999797821045,nan,nan,nan,nan,nan,nan
257.22026538848877,-0.3799999952316284,4.026000022888184,4.056000232696533,4.052999973297119,4.058000087738037,4.058000087738037,4.063000202178955,0.0,0.0,0.0,0.0,0.0,0.05002019106258633
257.38093614578247,-0.4000000059604645,4.026000022888184,4.056000232696533,4.052999973297119,4.058000087738037,4.058000087738037,4.063000202178955,0.0,0.0,0.0,0.0,0.0,0.0
257.55986285209656,-0.4000000059604645,4.025000095367432,4.056000232696533,4.052999973297119,4.058000087738037,4.058000087738037,4.063000202178955,nan,nan,nan,nan,nan,nan
257.72201228141785,-0.4000000059604645,4.026000022888184,4.056000232696533,4.052999973297119,4.058000087738037,4.058000087738037,4.063000202178955,nan,nan,nan,nan,nan,nan
257.9021155834198,-0.4099999964237213,4.026000022888184,4.056000232696533,4.052999973297119,4.058000087738037,4.058000087738037,4.063000202178955,0.0,0.0,0.0,0.0,0.0,0.0
258.0807468891144,-0.4000000059604645,4.025000095367432,4.056000232696533,4.052999973297119,4.058000087738037,4.058000087738037,4.063000202178955,0.09999284743580573,0.0,0.0,0.0,0.0,0.0
258.2404410839081,-0.38999998569488525,4.026000022888184,4.056000232696533,4.052999973297119,4.058000087738037,4.058000087738037,4.063000202178955,0.09999254943450207,0.0,0.0,0.0,0.0,0.0
258.4217941761017,-0.38999998569488525,4.025000095367432,4.056000232696533,4.052999973297119,4.058000087738037,4.058000087738037,4.063000202178955,nan,nan,nan,nan,nan,nan
258.5800356864929,-0.38999998569488525,4.025000095367432,4.056000232696533,4.052999973297119,4.057000160217285,4.058000087738037,4.061999797821045,nan,nan,nan,nan,nan,nan
258.76021242141724,-0.4000000059604645,4.026000022888184,4.056000232696533,4.052999973297119,4.058000087738037,4.058000087738037,4.061999797821045,0.09999254943450207,0.0,0.0,0.09999254943450207,0.0,0.0
258.941801071167,-0.4099999964237213,4.025000095367432,4.056000232696533,4.052999973297119,4.058000087738037,4.058000087738037,4.063000202178955,0.09999284743580573,0.0,0.0,0.0,0.0,0.10004053119710082
259.10091161727905,-0.4000000059604645,4.026000022888184,4.056000232696533,4.052999973297119,4.058000087738037,4.058000087738037,4.061999797821045,0.09999284743580573,0.0,0.0,0.0,0.0,0.10004053119710082
259.28113889694214,-0.4000000059604645,4.026000022888184,4.056000232696533,4.052999973297119,4.058000087738037,4.058000087738037,4.063000202178955,nan,nan,nan,nan,nan,nan
259.4598276615143,-0.4099999964237213,4.026000022888184,4.056000232696533,4.052999973297119,4.058000087738037,4.058000087738037,4.063000202178955,0.0,0.0,0.0,0.0,0.0,0.0
259.6213150024414,-0.4000000059604645,4.026000022888184,4.056000232696533,4.052999973297119,4.058000087738037,4.058000087738037,4.063000202178955,0.0,0.0,0.0,0.0,0.0,0.0
259.8011372089386,-0.38999998569488525,4.026000022888184,4.056000232696533,4.052000045776367,4.058000087738037,4.058000087738037,4.061999797821045,0.0,0.0,0.09999254943450207,0.0,0.0,0.10004023305368878
259.9635536670685,-0.4300000071525574,4.025000095367432,4.056000232696533,4.052999973297119,4.058000087738037,4.058000087738037,4.063000202178955,0.02499817460873297,0.0,0.02499817460873297,0.0,0.0,0.025010095531293165
260.1414008140564,-0.4000000059604645,4.026000022888184,4.056000232696533,4.052999973297119,4.058000087738037,4.058000087738037,4.061999797821045,0.033330916033946834,0.0,0.0,0.0,0.0,0.03334681060525534
260.32249212265015,-0.4099999964237213,4.026000022888184,4.056000232696533,4.052999973297119,4.058000087738037,4.058000087738037,4.063000202178955,0.0,0.0,0.0,0.0,0.0,0.10004053119710082
260.4805681705475,-0.38999998569488525,4.026000022888184,4.056000232696533,4.052000045776367,4.058000087738037,4.058000087738037,4.061999797821045,0.0,0.0,0.04999634921746594,0.0,0.0,0.05002019106258633
260.6597592830658,-0.4000000059604645,4.026000022888184,4.056000232696533,4.052999973297119,4.058000087738037,4.058000087738037,4.063000202178955,0.0,0.0,0.09999254943450207,0.0,0.0,0.10004023305368878
260.82064509391785,-0.4000000059604645,4.026000022888184,4.056000232696533,4.052000045776367,4.058000087738037,4.058000087738037,4.061999797821045,nan,nan,nan,nan,nan,nan
261.0012466907501,-0.41999998688697815,4.025000095367432,4.056000232696533,4.052999973297119,4.058000087738037,4.058000087738037,4.063000202178955,0.04999642371790287,0.0,0.04999642371790287,0.0,0.0,0.05002026559855041
261.18102741241455,-0.4099999964237213,4.026000022888184,4.056000232696533,4.052999973297119,4.058000087738037,4.058000087738037,4.061999797821045,0.09999284743580573,0.0,0.0,0.0,0.0,0.10004053119710082
261.34076285362244,-0.4000000059604645,4.025000095367432,4.056000232696533,4.052999973297119,4.057000160217285,4.058000087738037,4.061999797821045,0.09999284743580573,0.0,0.0,0.09999284743580573,0.0,0.0
261.52088737487793,-0.4000000059604645,4.025000095367432,4.056000232696533,4.052000045776367,4.058000087738037,4.058000087738037,4.063000202178955,nan,nan,nan,nan,nan,nan
261.6815073490143,-0.4000000059604645,4.025000095367432,4.056000232696533,4.052999973297119,4.057000160217285,4.058000087738037,4.063000202178955,nan,nan,nan,nan,nan,nan
261.8607699871063,-0.38999998569488525,4.026000022888184,4.056000232696533,4.052999973297119,4.058000087738037,4.058000087738037,4.063000202178955,0.09999254943450207,0.0,0.0,0.09999254943450207,0.0,0.0
262.041086435318,-0.41999998688697815,4.025000095367432,4.056000232696533,4.052999973297119,4.058000087738037,4.058000087738037,4.063000202178955,0.033330916033946834,0.0,0.0,0.0,0.0,0.0
262.20158672332764,-0.4000000059604645,4.025000095367432,4.056000232696533,4.052999973297119,4.057000160217285,4.058000087738037,4.063000202178955,0.0,0.0,0.0,0.04999642371790287,0.0,0.0
262.38170886039734,-0.38999998569488525,4.025000095367432,4.056000232696533,4.052000045776367,4.057000160217285,4.058000087738037,4.061999797821045,0.0,0.0,0.09999254943450207,0.0,0.0,0.10004023305368878
262.56032371520996,-0.4000000059604645,4.025000095367432,4.056000232696533,4.052000045776367,4.058000087738037,4.058000087738037,4.063000202178955,0.0,0.0,0.0,0.09999254943450207,0.0,0.10004023305368878
262.7214262485504,-0.4000000059604645,4.025000095367432,4.056000232696533,4.052999973297119,4.058000087738037,4.058000087738037,4.061999797821045,nan,nan,nan,nan,nan,nan
262.9003150463104,-0.4000000059604645,4.025000095367432,4.056000232696533,4.052999973297119,4.058000087738037,4.058000087738037,4.061999797821045,nan,nan,nan,nan,nan,nan
263.06134486198425,-0.4000000059604645,4.025000095367432,4.056000232696533,4.052999973297119,4.058000087738037,4.058000087738037,4.063000202178955,nan,nan,nan,nan,nan,nan
263.24035906791687,-0.4099999964237213,4.026000022888184,4.056000232696533,4.052999973297119,4.057000160217285,4.058000087738037,4.061999797821045,0.09999284743580573,0.0,0.0,0.09999284743580573,0.0,0.10004053119710082
263.4199447631836,-0.4000000059604645,4.025000095367432,4.056000232696533,4.052999973297119,4.058000087738037,4.058000087738037,4.063000202178955,0.09999284743580573,0.0,0.0,0.09999284743580573,0.0,0.10004053119710082
263.58007740974426,-0.4099999964237213,4.026000022888184,4.056000232696533,4.052000045776367,4.058000087738037,4.058000087738037,4.063000202178955,0.09999284743580573,0.0,0.09999284743580573,0.0,0.0,0.0
263.76000475883484,-0.4000000059604645,4.025000095367432,4.056000232696533,4.052999973297119,4.057000160217285,4.058000087738037,4.061999797821045,0.09999284743580573,0.0,0.09999284743580573,0.09999284743580573,0.0,0.10004053119710082
263.91977095603943,-0.4000000059604645,4.025000095367432,4.056000232696533,4.052999973297119,4.057000160217285,4.058000087738037,4.061999797821045,nan,nan,nan,nan,nan,nan
264.10121273994446,-0.4000000059604645,4.025000095367432,4.056000232696533,4.052000045776367,4.058000087738037,4.058000087738037,4.061999797821045,nan,nan,nan,nan,nan,nan
264.28045296669006,-0.4099999964237213,4.026000022888184,4.056000232696533,4.052999973297119,4.058000087738037,4.058000087738037,4.061999797821045,0.09999284743580573,0.0,0.09999284743580573,0.0,0.0,0.0
264.4408690929413,-0.4099999964237213,4.025000095367432,4.056000232696533,4.052000045776367,4.057000160217285,4.058000087738037,4.061999797821045,nan,nan,nan,nan,nan,nan
264.62056851387024,-0.4000000059604645,4.025000095367432,4.056000232696533,4.052999973297119,4.057000160217285,4.058000087738037,4.061999797821045,0.0,0.0,0.09999284743580573,0.0,0.0,0.0
264.80089807510376,-0.4000000059604645,4.025000095367432,4.056000232696533,4.052999973297119,4.057000160217285,4.058000087738037,4.061999797821045,nan,nan,nan,nan,nan,nan
264.96064853668213,-0.38999998569488525,4.026000022888184,4.056000232696533,4.052000045776367,4.057000160217285,4.058000087738037,4.063000202178955,0.09999254943450207,0.0,0.09999254943450207,0.0,0.0,0.10004023305368878
265.14102959632874,-0.4000000059604645,4.025000095367432,4.056000232696533,4.052999973297119,4.057000160217285,4.058000087738037,4.061999797821045,0.09999254943450207,0.0,0.09999254943450207,0.0,0.0,0.10004023305368878
265.3007867336273,-0.4000000059604645,4.025000095367432,4.056000232696533,4.052999973297119,4.057000160217285,4.058000087738037,4.063000202178955,nan,nan,nan,nan,nan,nan
265.48069858551025,-0.4099999964237213,4.025000095367432,4.056000232696533,4.052000045776367,4.058000087738037,4.058000087738037,4.061999797821045,0.0,0.0,0.09999284743580573,0.09999284743580573,0.0,0.10004053119710082
265.6610498428345,-0.4000000059604645,4.025000095367432,4.056000232696533,4.052999973297119,4.058000087738037,4.058000087738037,4.061999797821045,0.0,0.0,0.09999284743580573,0.0,0.0,0.0
265.8208622932434,-0.4000000059604645,4.025000095367432,4.056000232696533,4.052000045776367,4.057000160217285,4.058000087738037,4.061999797821045,nan,nan,nan,nan,nan,nan
266.00089859962463,-0.4099999964237213,4.025000095367432,4.056000232696533,4.052999973297119,4.057000160217285,4.058000087738037,4.061999797821045,0.0,0.0,0.09999284743580573,0.0,0.0,0.0
266.16043162345886,-0.4000000059604645,4.025000095367432,4.056000232696533,4.052999973297119,4.058000087738037,4.058000087738037,4.063000202178955,0.0,0.0,0.0,0.09999284743580573,0.0,0.10004053119710082
266.3405661582947,-0.4000000059604645,4.025000095367432,4.056000232696533,4.052000045776367,4.058000087738037,4.058000087738037,4.061999797821045,nan,nan,nan,nan,nan,nan
266.520911693573,-0.4099999964237213,4.025000095367432,4.056000232696533,4.052000045776367,4.057000160217285,4.058000087738037,4.061999797821045,0.0,0.0,0.0,0.09999284743580573,0.0,0.0
266.6801905632019,-0.4000000059604645,4.026000022888184,4.056000232696533,4.052999973297119,4.057000160217285,4.058000087738037,4.061999797821045,0.09999284743580573,0.0,0.09999284743580573,0.0,0.0,0.0
266.8605101108551,-0.4000000059604645,4.025000095367432,4.056000232696533,4.052999973297119,4.057000160217285,4.058000087738037,4.063000202178955,nan,nan,nan,nan,nan,nan
267.0204815864563,-0.38999998569488525,4.025000095367432,4.056000232696533,4.052999973297119,4.057000160217285,4.058000087738037,4.061999797821045,0.0,0.0,0.0,0.0,0.0,0.10004023305368878
267.2004084587097,-0.4099999964237213,4.025000095367432,4.056000232696533,4.052000045776367,4.057000160217285,4.058000087738037,4.063000202178955,0.0,0.0,0.04999634921746594,0.0,0.0,0.05002019106258633
267.38086700439453,-0.4000000059604645,4.025000095367432,4.056000232696533,4.052999973297119,4.057000160217285,4.058000087738037,4.063000202178955,0.0,0.0,0.09999284743580573,0.0,0.0,0.0
267.5402481555939,-0.38999998569488525,4.025000095367432,4.056000232696533,4.052999973297119,4.057000160217285,4.058000087738037,4.061999797821045,0.0,0.0,0.0,0.0,0.0,0.10004023305368878
267.720721244812,-0.4000000059604645,4.025000095367432,4.056000232696533,4.052000045776367,4.057000160217285,4.058000087738037,4.061999797821045,0.0,0.0,0.09999254943450207,0.0,0.0,0.0
267.8998556137085,-0.4000000059604645,4.025000095367432,4.056000232696533,4.052000045776367,4.058000087738037,4.058000087738037,4.061999797821045,nan,nan,nan,nan,nan,nan
268.0604178905487,-0.4099999964237213,4.025000095367432,4.056000232696533,4.052000045776367,4.057000160217285,4.058000087738037,4.061999797821045,0.0,0.0,0.0,0.09999284743580573,0.0,0.0
268.2409861087799,-0.4000000059604645,4.025000095367432,4.056000232696533,4.052000045776367,4.058000087738037,4.058000087738037,4.063000202178955,0.0,0.0,0.0,0.09999284743580573,0.0,0.10004053119710082
268.40062832832336,-0.4000000059604645,4.025000095367432,4.056000232696533,4.052000045776367,4.057000160217285,4.058000087738037,4.061999797821045,nan,nan,nan,nan,nan,nan
268.5811035633087,-0.38999998569488525,4.025000095367432,4.056000232696533,4.052000045776367,4.057000160217285,4.058000087738037,4.061999797821045,0.0,0.0,0.0,0.0,0.0,0.0
268.7610197067261,-0.4099999964237213,4.025000095367432,4.056000232696533,4.052000045776367,4.057000160217285,4.058000087738037,4.061999797821045,0.0,0.0,0.0,0.0,0.0,0.0
268.9206142425537,-0.4000000059604645,4.025000095367432,4.056000232696533,4.052000045776367,4.058000087738037,4.058000087738037,4.061999797821045,0.0,0.0,0.0,0.09999284743580573,0.0,0.0
269.0998296737671,-0.4000000059604645,4.025000095367432,4.056000232696533,4.052000045776367,4.058000087738037,4.058000087738037,4.061999797821045,nan,nan,nan,nan,nan,nan
269.2815854549408,-0.4000000059604645,4.025000095367432,4.056000232696533,4.052000045776367,4.057000160217285,4.058000087738037,4.061999797821045,nan,nan,nan,nan,nan,nan
269.44209480285645,-0.4000000059604645,4.025000095367432,4.056000232696533,4.052000045776367,4.057000160217285,4.058000087738037,4.061999797821045,nan,nan,nan,nan,nan,nan
269.62146282196045,-0.4000000059604645,4.025000095367432,4.056000232696533,4.052000045776367,4.057000160217285,4.058000087738037,4.061999797821045,nan,nan,nan,nan,nan,nan
269.78163504600525,-0.4000000059604645,4.025000095367432,4.056000232696533,4.052000045776367,4.057000160217285,4.058000087738037,4.061999797821045,nan,nan,nan,nan,nan,nan
269.9629044532776,-0.4000000059604645,4.025000095367432,4.056000232696533,4.052000045776367,4.057000160217285,4.058000087738037,4.063000202178955,nan,nan,nan,nan,nan,nan
270.14152240753174,-0.4000000059604645,4.025000095367432,4.056000232696533,4.052000045776367,4.057000160217285,4.058000087738037,4.061999797821045,nan,nan,nan,nan,nan,nan
270.30268478393555,-0.4000000059604645,4.025000095367432,4.056000232696533,4.052999973297119,4.057000160217285,4.058000087738037,4.061999797821045,nan,nan,nan,nan,nan,nan
270.4838638305664,-0.4000000059604645,4.025000095367432,4.056000232696533,4.052000045776367,4.057000160217285,4.058000087738037,4.061999797821045,nan,nan,nan,nan,nan,nan
270.64164328575134,-0.4000000059604645,4.025000095367432,4.056000232696533,4.052000045776367,4.057000160217285,4.058000087738037,4.061999797821045,nan,nan,nan,nan,nan,nan
270.8232445716858,-0.4000000059604645,4.025000095367432,4.056000232696533,4.052000045776367,4.057000160217285,4.058000087738037,4.061999797821045,nan,nan,nan,nan,nan,nan
271.003066778183,-0.3799999952316284,4.025000095367432,4.056000232696533,4.052000045776367,4.057000160217285,4.058000087738037,4.061999797821045,0.0,0.0,0.0,0.0,0.0,0.0
271.1626796722412,-0.4099999964237213,4.025000095367432,4.056000232696533,4.052000045776367,4.057000160217285,4.057000160217285,4.061999797821045,0.0,0.0,0.0,0.0,0.033330916033946834,0.0
271.34132719039917,-0.4099999964237213,4.025000095367432,4.056000232696533,4.052000045776367,4.058000087738037,4.058000087738037,4.063000202178955,nan,nan,nan,nan,nan,nan
271.50235891342163,-0.4000000059604645,4.025000095367432,4.056000232696533,4.052000045776367,4.057000160217285,4.058000087738037,4.061999797821045,0.0,0.0,0.0,0.09999284743580573,0.0,0.10004053119710082
271.68263840675354,-0.4099999964237213,4.025000095367432,4.056000232696533,4.052000045776367,4.057000160217285,4.058000087738037,4.061999797821045,0.0,0.0,0.0,0.0,0.0,0.0
271.86173701286316,-0.41999998688697815,4.025000095367432,4.056000232696533,4.052000045776367,4.057000160217285,4.058000087738037,4.061999797821045,0.0,0.0,0.0,0.0,0.0,0.0
272.02202701568604,-0.4000000059604645,4.025000095367432,4.056000232696533,4.052000045776367,4.057000160217285,4.058000087738037,4.061999797821045,0.0,0.0,0.0,0.0,0.0,0.0
272.20327138900757,-0.4000000059604645,4.025000095367432,4.056000232696533,4.052000045776367,4.057000160217285,4.058000087738037,4.061999797821045,nan,nan,nan,nan,nan,nan
272.36124420166016,-0.41999998688697815,4.025000095367432,4.056000232696533,4.052000045776367,4.057000160217285,4.058000087738037,4.061999797821045,0.0,0.0,0.0,0.0,0.0,0.0
272.54263639450073,-0.4000000059604645,4.025000095367432,4.056000232696533,4.052000045776367,4.057000160217285,4.058000087738037,4.061999797821045,0.0,0.0,0.0,0.0,0.0,0.0
272.7217092514038,-0.4099999964237213,4.025000095367432,4.056000232696533,4.052000045776367,4.057000160217285,4.058000087738037,4.061999797821045,0.0,0.0,0.0,0.0,0.0,0.0
272.88200664520264,-0.4000000059604645,4.025000095367432,4.056000232696533,4.052999973297119,4.057000160217285,4.058000087738037,4.061999797821045,0.0,0.0,0.09999284743580573,0.0,0.0,0.0
273.0609965324402,-0.4099999964237213,4.025000095367432,4.056000232696533,4.052000045776367,4.057000160217285,4.058000087738037,4.061999797821045,0.0,0.0,0.09999284743580573,0.0,0.0,0.0
273.24083971977234,-0.38999998569488525,4.025000095367432,4.056000232696533,4.052000045776367,4.057000160217285,4.058000087738037,4.061999797821045,0.0,0.0,0.0,0.0,0.0,0.0
273.40064334869385,-0.38999998569488525,4.025000095367432,4.056000232696533,4.052000045776367,4.058000087738037,4.058000087738037,4.061999797821045,nan,nan,nan,nan,nan,nan
273.58116364479065,-0.4000000059604645,4.025000095367432,4.056000232696533,4.052000045776367,4.057000160217285,4.058000087738037,4.061999797821045,0.0,0.0,0.0,0.09999254943450207,0.0,0.0
273.7416055202484,-0.4399999976158142,4.025000095367432,4.056000232696533,4.052000045776367,4.057000160217285,4.058000087738037,4.061999797821045,0.0,0.0,0.0,0.0,0.0,0.0
273.92041969299316,-0.4000000059604645,4.025000095367432,4.056000232696533,4.052000045776367,4.057000160217285,4.058000087738037,4.061999797821045,0.0,0.0,0.0,0.0,0.0,0.0
274.1005802154541,-0.4099999964237213,4.025000095367432,4.056000232696533,4.052000045776367,4.057000160217285,4.058000087738037,4.061999797821045,0.0,0.0,0.0,0.0,0.0,0.0
274.2600781917572,-0.4099999964237213,4.025000095367432,4.056000232696533,4.052000045776367,4.057000160217285,4.058000087738037,4.061999797821045,nan,nan,nan,nan,nan,nan
274.44039011001587,-0.4000000059604645,4.025000095367432,4.056000232696533,4.052000045776367,4.057000160217285,4.058000087738037,4.061999797821045,0.0,0.0,0.0,0.0,0.0,0.0
274.6012279987335,-0.4099999964237213,4.025000095367432,4.056000232696533,4.052000045776367,4.057000160217285,4.058000087738037,4.061999797821045,0.0,0.0,0.0,0.0,0.0,0.0
274.78141689300537,-0.4099999964237213,4.025000095367432,4.056000232696533,4.052000045776367,4.057000160217285,4.058000087738037,4.061999797821045,nan,nan,nan,nan,nan,nan
274.9604346752167,-0.4099999964237213,4.025000095367432,4.056000232696533,4.052000045776367,4.057000160217285,4.058000087738037,4.061999797821045,nan,nan,nan,nan,nan,nan
275.1211802959442,-0.4000000059604645,4.025000095367432,4.056000232696533,4.052000045776367,4.057000160217285,4.057000160217285,4.061999797821045,0.0,0.0,0.0,0.0,0.09999284743580573,0.0
275.3013126850128,-0.4000000059604645,4.025000095367432,4.056000232696533,4.052000045776367,4.057000160217285,4.058000087738037,4.061999797821045,nan,nan,nan,nan,nan,nan
275.4608383178711,-0.4000000059604645,4.025000095367432,4.056000232696533,4.052000045776367,4.057000160217285,4.058000087738037,4.061999797821045,nan,nan,nan,nan,nan,nan
275.64094734191895,-0.4000000059604645,4.025000095367432,4.056000232696533,4.052000045776367,4.057000160217285,4.058000087738037,4.061999797821045,nan,nan,nan,nan,nan,nan
275.8212752342224,-0.4000000059604645,4.025000095367432,4.054999828338623,4.052000045776367,4.057000160217285,4.058000087738037,4.061999797821045,nan,nan,nan,nan,nan,nan
275.9805119037628,-0.4000000059604645,4.025000095367432,4.056000232696533,4.052000045776367,4.057000160217285,4.058000087738037,4.061999797821045,nan,nan,nan,nan,nan,nan
276.16117310523987,-0.4099999964237213,4.025000095367432,4.056000232696533,4.052000045776367,4.057000160217285,4.058000087738037,4.061999797821045,0.0,0.0,0.0,0.0,0.0,0.0
276.3217306137085,-0.4000000059604645,4.025000095367432,4.056000232696533,4.052000045776367,4.057000160217285,4.058000087738037,4.061999797821045,0.0,0.0,0.0,0.0,0.0,0.0
276.5001709461212,-0.4000000059604645,4.025000095367432,4.056000232696533,4.052000045776367,4.057000160217285,4.058000087738037,4.061999797821045,nan,nan,nan,nan,nan,nan
276.68067955970764,-0.4099999964237213,4.025000095367432,4.056000232696533,4.052000045776367,4.057000160217285,4.058000087738037,4.061999797821045,0.0,0.0,0.0,0.0,0.0,0.0
276.84182262420654,-0.4000000059604645,4.025000095367432,4.056000232696533,4.052000045776367,4.057000160217285,4.058000087738037,4.061999797821045,0.0,0.0,0.0,0.0,0.0,0.0
277.02033162117004,-0.4099999964237213,4.025000095367432,4.056000232696533,4.052000045776367,4.057000160217285,4.058000087738037,4.061999797821045,0.0,0.0,0.0,0.0,0.0,0.0
277.20109367370605,-0.4000000059604645,4.025000095367432,4.056000232696533,4.052000045776367,4.057000160217285,4.058000087738037,4.061999797821045,0.0,0.0,0.0,0.0,0.0,0.0
277.36150002479553,-0.4099999964237213,4.025000095367432,4.056000232696533,4.052000045776367,4.057000160217285,4.058000087738037,4.061999797821045,0.0,0.0,0.0,0.0,0.0,0.0
277.540167093277,-0.4000000059604645,4.025000095367432,4.056000232696533,4.052000045776367,4.057000160217285,4.058000087738037,4.061999797821045,0.0,0.0,0.0,0.0,0.0,0.0
277.6995589733124,-0.4000000059604645,4.025000095367432,4.056000232696533,4.052000045776367,4.057000160217285,4.057000160217285,4.061999797821045,nan,nan,nan,nan,nan,nan
277.88023495674133,-0.38999998569488525,4.025000095367432,4.056000232696533,4.052000045776367,4.057000160217285,4.058000087738037,4.061999797821045,0.0,0.0,0.0,0.0,0.09999254943450207,0.0
278.0603289604187,-0.4099999964237213,4.025000095367432,4.056000232696533,4.052000045776367,4.057000160217285,4.058000087738037,4.061999797821045,0.0,0.0,0.0,0.0,0.0,0.0
278.2199580669403,-0.4099999964237213,4.025000095367432,4.056000232696533,4.052000045776367,4.057000160217285,4.058000087738037,4.061999797821045,nan,nan,nan,nan,nan,nan
278.4017651081085,-0.4000000059604645,4.025000095367432,4.054999828338623,4.052000045776367,4.057000160217285,4.058000087738037,4.061999797821045,0.0,0.10004053119710082,0.0,0.0,0.0,0.0
278.55989956855774,-0.4000000059604645,4.025000095367432,4.054999828338623,4.052000045776367,4.057000160217285,4.058000087738037,4.061999797821045,nan,nan,nan,nan,nan,nan
278.74016094207764,-0.4099999964237213,4.025000095367432,4.056000232696533,4.052000045776367,4.057000160217285,4.058000087738037,4.061999797821045,0.0,0.10004053119710082,0.0,0.0,0.0,0.0
278.92036151885986,-0.4000000059604645,4.025000095367432,4.054999828338623,4.052000045776367,4.057000160217285,4.058000087738037,4.061999797821045,0.0,0.10004053119710082,0.0,0.0,0.0,0.0
279.07994747161865,-0.38999998569488525,4.025000095367432,4.056000232696533,4.052000045776367,4.057000160217285,4.058000087738037,4.061999797821045,0.0,0.10004023305368878,0.0,0.0,0.0,0.0
279.2601397037506,-0.4099999964237213,4.025000095367432,4.054999828338623,4.052000045776367,4.057000160217285,4.058000087738037,4.061999797821045,0.0,0.05002019106258633,0.0,0.0,0.0,0.0
279.44060373306274,-0.38999998569488525,4.025000095367432,4.056000232696533,4.052000045776367,4.057000160217285,4.058000087738037,4.061999797821045,0.0,0.05002019106258633,0.0,0.0,0.0,0.0
279.60027861595154,-0.4000000059604645,4.025000095367432,4.056000232696533,4.052000045776367,4.057000160217285,4.058000087738037,4.061999797821045,0.0,0.0,0.0,0.0,0.0,0.0
279.78013920783997,-0.4099999964237213,4.025000095367432,4.056000232696533,4.052000045776367,4.057000160217285,4.058000087738037,4.061999797821045,0.0,0.0,0.0,0.0,0.0,0.0
279.94124484062195,-0.4000000059604645,4.025000095367432,4.056000232696533,4.052000045776367,4.057000160217285,4.058000087738037,4.061999797821045,0.0,0.0,0.0,0.0,0.0,0.0
280.12003445625305,-0.38999998569488525,4.025000095367432,4.054999828338623,4.052000045776367,4.057000160217285,4.057000160217285,4.061999797821045,0.0,0.10004023305368878,0.0,0.0,0.09999254943450207,0.0
280.3002870082855,-0.4000000059604645,4.025000095367432,4.056000232696533,4.052000045776367,4.057000160217285,4.058000087738037,4.061999797821045,0.0,0.10004023305368878,0.0,0.0,0.09999254943450207,0.0
280.4596920013428,-0.41999998688697815,4.025000095367432,4.056000232696533,4.052000045776367,4.057000160217285,4.058000087738037,4.061999797821045,0.0,0.0,0.0,0.0,0.0,0.0
280.64037227630615,-0.4000000059604645,4.025000095367432,4.056000232696533,4.052000045776367,4.057000160217285,4.058000087738037,4.061999797821045,0.0,0.0,0.0,0.0,0.0,0.0
280.8006546497345,-0.4000000059604645,4.025000095367432,4.056000232696533,4.052000045776367,4.057000160217285,4.057000160217285,4.061999797821045,nan,nan,nan,nan,nan,nan
280.97941970825195,-0.4000000059604645,4.025000095367432,4.054999828338623,4.052000045776367,4.057000160217285,4.058000087738037,4.061999797821045,nan,nan,nan,nan,nan,nan
281.1600525379181,-0.4099999964237213,4.025000095367432,4.054999828338623,4.052000045776367,4.057000160217285,4.058000087738037,4.061999797821045,0.0,0.0,0.0,0.0,0.0,0.0
281.3207960128784,-0.4000000059604645,4.025000095367432,4.054999828338623,4.052000045776367,4.057000160217285,4.057000160217285,4.061999797821045,0.0,0.0,0.0,0.0,0.09999284743580573,0.0
281.5011830329895,-0.4000000059604645,4.025000095367432,4.054999828338623,4.052000045776367,4.057000160217285,4.057000160217285,4.061999797821045,nan,nan,nan,nan,nan,nan
281.66296887397766,-0.4000000059604645,4.025000095367432,4.054999828338623,4.052000045776367,4.057000160217285,4.058000087738037,4.061999797821045,nan,nan,nan,nan,nan,nan
281.8415377140045,-0.4099999964237213,4.025000095367432,4.054999828338623,4.052000045776367,4.057000160217285,4.058000087738037,4.061999797821045,0.0,0.0,0.0,0.0,0.0,0.0
282.0220994949341,-0.41999998688697815,4.025000095367432,4.054999828338623,4.052000045776367,4.057000160217285,4.058000087738037,4.061999797821045,0.0,0.0,0.0,0.0,0.0,0.0
282.18119382858276,-0.4300000071525574,4.025000095367432,4.054999828338623,4.052000045776367,4.057000160217285,4.058000087738037,4.061999797821045,0.0,0.0,0.0,0.0,0.0,0.0
282.36046600341797,-0.4300000071525574,4.025000095367432,4.054999828338623,4.052000045776367,4.057000160217285,4.058000087738037,4.061999797821045,nan,nan,nan,nan,nan,nan
282.5416076183319,-0.4300000071525574,4.025000095367432,4.054999828338623,4.052000045776367,4.057000160217285,4.057000160217285,4.061999797821045,nan,nan,nan,nan,nan,nan
282.70247316360474,-0.4300000071525574,4.025000095367432,4.054999828338623,4.052000045776367,4.057000160217285,4.057000160217285,4.061999797821045,nan,nan,nan,nan,nan,nan
282.87978744506836,-0.4300000071525574,4.025000095367432,4.054999828338623,4.052000045776367,4.057000160217285,4.057000160217285,4.061999797821045,nan,nan,nan,nan,nan,nan
283.04052472114563,-0.4099999964237213,4.025000095367432,4.056000232696533,4.052000045776367,4.057000160217285,4.057000160217285,4.061999797821045,0.0,0.05002019106258633,0.0,0.0,0.0,0.0
283.22094893455505,-0.4300000071525574,4.025000095367432,4.054999828338623,4.052000045776367,4.057000160217285,4.058000087738037,4.061999797821045,0.0,0.05002019106258633,0.0,0.0,0.04999634921746594,0.0
283.399614572525,-0.4099999964237213,4.025000095367432,4.054999828338623,4.052000045776367,4.057000160217285,4.057000160217285,4.061999797821045,0.0,0.0,0.0,0.0,0.04999634921746594,0.0
283.5605306625366,-0.41999998688697815,4.025000095367432,4.054999828338623,4.052000045776367,4.057000160217285,4.057000160217285,4.061999797821045,0.0,0.0,0.0,0.0,0.0,0.0
283.74004197120667,-0.4300000071525574,4.02400016784668,4.054999828338623,4.052000045776367,4.057000160217285,4.057000160217285,4.061999797821045,0.09999254943450207,0.0,0.0,0.0,0.0,0.0
283.9005637168884,-0.4300000071525574,4.025000095367432,4.056000232696533,4.052000045776367,4.057000160217285,4.057000160217285,4.061999797821045,nan,nan,nan,nan,nan,nan
284.0808656215668,-0.41999998688697815,4.025000095367432,4.054999828338623,4.052000045776367,4.057000160217285,4.057000160217285,4.061999797821045,0.0,0.10004023305368878,0.0,0.0,0.0,0.0
284.25998711586,-0.4300000071525574,4.025000095367432,4.054999828338623,4.052000045776367,4.057000160217285,4.057000160217285,4.061999797821045,0.0,0.0,0.0,0.0,0.0,0.0
284.42066407203674,-0.4300000071525574,4.025000095367432,4.054999828338623,4.052000045776367,4.057000160217285,4.057000160217285,4.061999797821045,nan,nan,nan,nan,nan,nan
284.60085940361023,-0.4300000071525574,4.025000095367432,4.054999828338623,4.052000045776367,4.057000160217285,4.057000160217285,4.061999797821045,nan,nan,nan,nan,nan,nan
284.7811207771301,-0.4300000071525574,4.025000095367432,4.054999828338623,4.052000045776367,4.057000160217285,4.057000160217285,4.061999797821045,nan,nan,nan,nan,nan,nan
284.94035744667053,-0.4300000071525574,4.025000095367432,4.054999828338623,4.052000045776367,4.057000160217285,4.057000160217285,4.061999797821045,nan,nan,nan,nan,nan,nan
285.12074613571167,-0.4300000071525574,4.02400016784668,4.054999828338623,4.052000045776367,4.057000160217285,4.057000160217285,4.061999797821045,nan,nan,nan,nan,nan,nan
285.2820339202881,-0.4300000071525574,4.02400016784668,4.054999828338623,4.052000045776367,4.057000160217285,4.058000087738037,4.061999797821045,nan,nan,nan,nan,nan,nan
285.46034717559814,-0.41999998688697815,4.02400016784668,4.054999828338623,4.052000045776367,4.057000160217285,4.057000160217285,4.061999797821045,0.0,0.0,0.0,0.0,0.09999254943450207,0.0
285.64185333251953,-0.41999998688697815,4.025000095367432,4.054999828338623,4.052000045776367,4.057000160217285,4.057000160217285,4.061999797821045,nan,nan,nan,nan,nan,nan
285.8016290664673,-0.41999998688697815,4.025000095367432,4.056000232696533,4.052000045776367,4.057000160217285,4.057000160217285,4.061999797821045,nan,nan,nan,nan,nan,nan
285.9802579879761,-0.4099999964237213,4.025000095367432,4.054999828338623,4.052000045776367,4.057000160217285,4.057000160217285,4.061999797821045,0.0,0.10004053119710082,0.0,0.0,0.0,0.0
286.139771938324,-0.4000000059604645,4.025000095367432,4.054999828338623,4.052000045776367,4.057000160217285,4.057000160217285,4.061999797821045,0.0,0.0,0.0,0.0,0.0,0.0
286.3204267024994,-0.4000000059604645,4.025000095367432,4.054999828338623,4.052000045776367,4.057000160217285,4.057000160217285,4.061999797821045,nan,nan,nan,nan,nan,nan
286.50044345855713,-0.4000000059604645,4.025000095367432,4.054999828338623,4.052000045776367,4.057000160217285,4.057000160217285,4.061999797821045,nan,nan,nan,nan,nan,nan
286.66002345085144,-0.4000000059604645,4.025000095367432,4.054999828338623,4.052000045776367,4.057000160217285,4.057000160217285,4.061999797821045,nan,nan,nan,nan,nan,nan
286.8401575088501,-0.4000000059604645,4.025000095367432,4.054999828338623,4.052000045776367,4.057000160217285,4.057000160217285,4.061999797821045,nan,nan,nan,nan,nan,nan
286.99978494644165,-0.4099999964237213,4.025000095367432,4.054999828338623,4.052000045776367,4.057000160217285,4.058000087738037,4.061999797821045,0.0,0.0,0.0,0.0,0.09999284743580573,0.0
287.18004417419434,-0.38999998569488525,4.025000095367432,4.054999828338623,4.052000045776367,4.057000160217285,4.057000160217285,4.061999797821045,0.0,0.0,0.0,0.0,0.04999634921746594,0.0
287.360488653183,-0.4000000059604645,4.025000095367432,4.054999828338623,4.052000045776367,4.057000160217285,4.057000160217285,4.061999797821045,0.0,0.0,0.0,0.0,0.0,0.0
287.5200250148773,-0.4000000059604645,4.025000095367432,4.054999828338623,4.052000045776367,4.057000160217285,4.057000160217285,4.061999797821045,nan,nan,nan,nan,nan,nan
287.70034313201904,-0.38999998569488525,4.025000095367432,4.054999828338623,4.052000045776367,4.057000160217285,4.057000160217285,4.061999797821045,0.0,0.0,0.0,0.0,0.0,0.0
287.88146924972534,-0.4000000059604645,4.025000095367432,4.054999828338623,4.052000045776367,4.057000160217285,4.057000160217285,4.061999797821045,0.0,0.0,0.0,0.0,0.0,0.0
288.0406422615051,-0.4000000059604645,4.025000095367432,4.054999828338623,4.052000045776367,4.057000160217285,4.057000160217285,4.061999797821045,nan,nan,nan,nan,nan,nan
288.2208549976349,-0.4000000059604645,4.025000095367432,4.054999828338623,4.052000045776367,4.057000160217285,4.057000160217285,4.061999797821045,nan,nan,nan,nan,nan,nan
288.38113832473755,-0.4000000059604645,4.02400016784668,4.054999828338623,4.052000045776367,4.057000160217285,4.057000160217285,4.061999797821045,nan,nan,nan,nan,nan,nan
288.561071395874,-0.4000000059604645,4.02400016784668,4.054999828338623,4.052000045776367,4.057000160217285,4.057000160217285,4.061999797821045,nan,nan,nan,nan,nan,nan
288.74261260032654,-0.41999998688697815,4.025000095367432,4.054999828338623,4.052000045776367,4.057000160217285,4.058000087738037,4.061999797821045,0.04999642371790287,0.0,0.0,0.0,0.04999642371790287,0.0
288.90088057518005,-0.4000000059604645,4.025000095367432,4.054999828338623,4.052000045776367,4.057000160217285,4.057000160217285,4.061999797821045,0.0,0.0,0.0,0.0,0.04999642371790287,0.0
289.08145928382874,-0.38999998569488525,4.025000095367432,4.054999828338623,4.052000045776367,4.057000160217285,4.057000160217285,4.061999797821045,0.0,0.0,0.0,0.0,0.0,0.0
289.24035835266113,-0.38999998569488525,4.025000095367432,4.054999828338623,4.052000045776367,4.057000160217285,4.057000160217285,4.061999797821045,nan,nan,nan,nan,nan,nan
289.4219386577606,-0.4000000059604645,4.02400016784668,4.054999828338623,4.052000045776367,4.057000160217285,4.057000160217285,4.061999797821045,0.09999254943450207,0.0,0.0,0.0,0.0,0.0
289.60226035118103,-0.4099999964237213,4.02400016784668,4.054999828338623,4.052000045776367,4.057000160217285,4.057000160217285,4.061999797821045,0.0,0.0,0.0,0.0,0.0,0.0
289.7613182067871,-0.38999998569488525,4.025000095367432,4.054999828338623,4.052000045776367,4.057000160217285,4.057000160217285,4.061999797821045,0.04999634921746594,0.0,0.0,0.0,0.0,0.0
289.9400873184204,-0.4000000059604645,4.025000095367432,4.054999828338623,4.052000045776367,4.057000160217285,4.057000160217285,4.061999797821045,0.0,0.0,0.0,0.0,0.0,0.0
290.10094594955444,-0.4000000059604645,4.02400016784668,4.054999828338623,4.052000045776367,4.057000160217285,4.057000160217285,4.061999797821045,nan,nan,nan,nan,nan,nan
290.2804443836212,-0.4000000059604645,4.025000095367432,4.054999828338623,4.052000045776367,4.057000160217285,4.057000160217285,4.061999797821045,nan,nan,nan,nan,nan,nan
290.4616947174072,-0.38999998569488525,4.025000095367432,4.054999828338623,4.052000045776367,4.057000160217285,4.057000160217285,4.061999797821045,0.0,0.0,0.0,0.0,0.0,0.0
290.62001156806946,-0.4000000059604645,4.02400016784668,4.054999828338623,4.052000045776367,4.057000160217285,4.057000160217285,4.061999797821045,0.09999254943450207,0.0,0.0,0.0,0.0,0.0
290.80012607574463,-0.38999998569488525,4.025000095367432,4.054999828338623,4.052000045776367,4.057000160217285,4.057000160217285,4.061999797821045,0.09999254943450207,0.0,0.0,0.0,0.0,0.0
290.9804780483246,-0.4000000059604645,4.02400016784668,4.054999828338623,4.052000045776367,4.057000160217285,4.057000160217285,4.061999797821045,0.09999254943450207,0.0,0.0,0.0,0.0,0.0
291.14024448394775,-0.38999998569488525,4.025000095367432,4.054999828338623,4.052000045776367,4.057000160217285,4.057000160217285,4.061999797821045,0.09999254943450207,0.0,0.0,0.0,0.0,0.0
291.3207094669342,-0.4000000059604645,4.025000095367432,4.054999828338623,4.052000045776367,4.057000160217285,4.057000160217285,4.061999797821045,0.0,0.0,0.0,0.0,0.0,0.0
291.481547832489,-0.38999998569488525,4.02400016784668,4.054999828338623,4.052000045776367,4.057000160217285,4.057000160217285,4.061999797821045,0.09999254943450207,0.0,0.0,0.0,0.0,0.0
291.6601622104645,-0.4000000059604645,4.02400016784668,4.054999828338623,4.052000045776367,4.057000160217285,4.057000160217285,4.061999797821045,0.0,0.0,0.0,0.0,0.0,0.0
291.8407850265503,-0.4000000059604645,4.02400016784668,4.054999828338623,4.052000045776367,4.057000160217285,4.057000160217285,4.061999797821045,nan,nan,nan,nan,nan,nan
292.00008821487427,-0.3799999952316284,4.025000095367432,4.054999828338623,4.052000045776367,4.057000160217285,4.057000160217285,4.061999797821045,0.04999634921746594,0.0,0.0,0.0,0.0,0.0
292.1817235946655,-0.4099999964237213,4.02400016784668,4.054999828338623,4.052000045776367,4.057000160217285,4.057000160217285,4.061999797821045,0.033330916033946834,0.0,0.0,0.0,0.0,0.0
292.3399941921234,-0.4000000059604645,4.02400016784668,4.054999828338623,4.052000045776367,4.057000160217285,4.057000160217285,4.061999797821045,0.0,0.0,0.0,0.0,0.0,0.0
292.5203046798706,-0.3799999952316284,4.025000095367432,4.054999828338623,4.052000045776367,4.057000160217285,4.057000160217285,4.061999797821045,0.04999634921746594,0.0,0.0,0.0,0.0,0.0
292.7004613876343,-0.4000000059604645,4.02400016784668,4.054999828338623,4.052000045776367,4.057000160217285,4.057000160217285,4.061999797821045,0.04999634921746594,0.0,0.0,0.0,0.0,0.0
292.86151599884033,-0.4000000059604645,4.02400016784668,4.054999828338623,4.052000045776367,4.057000160217285,4.057000160217285,4.061999797821045,nan,nan,nan,nan,nan,nan
293.04013442993164,-0.4000000059604645,4.02400016784668,4.054999828338623,4.052000045776367,4.057000160217285,4.057000160217285,4.061999797821045,nan,nan,nan,nan,nan,nan
293.2204234600067,-0.4000000059604645,4.02400016784668,4.054999828338623,4.052000045776367,4.057000160217285,4.057000160217285,4.061999797821045,nan,nan,nan,nan,nan,nan
293.3803405761719,-0.4000000059604645,4.02400016784668,4.054999828338623,4.051000118255615,4.057000160217285,4.057000160217285,4.061999797821045,nan,nan,nan,nan,nan,nan
293.55994415283203,-0.3799999952316284,4.02400016784668,4.054999828338623,4.052000045776367,4.057000160217285,4.057000160217285,4.061999797821045,0.0,0.0,0.04999634921746594,0.0,0.0,0.0
293.721155166626,-0.4000000059604645,4.02400016784668,4.054999828338623,4.052000045776367,4.057000160217285,4.057000160217285,4.061999797821045,0.0,0.0,0.0,0.0,0.0,0.0
293.8996891975403,-0.4000000059604645,4.02400016784668,4.054999828338623,4.051000118255615,4.057000160217285,4.057000160217285,4.061999797821045,nan,nan,nan,nan,nan,nan
294.08018016815186,-0.4000000059604645,4.02400016784668,4.054999828338623,4.052000045776367,4.057000160217285,4.057000160217285,4.061999797821045,nan,nan,nan,nan,nan,nan
294.2396197319031,-0.38999998569488525,4.02400016784668,4.054999828338623,4.052000045776367,4.057000160217285,4.057000160217285,4.061999797821045,0.0,0.0,0.0,0.0,0.0,0.0
294.41949796676636,-0.4000000059604645,4.02400016784668,4.054999828338623,4.052000045776367,4.057000160217285,4.057000160217285,4.061999797821045,0.0,0.0,0.0,0.0,0.0,0.0
294.5812430381775,-0.4000000059604645,4.02400016784668,4.054999828338623,4.052000045776367,4.057000160217285,4.057000160217285,4.061999797821045,nan,nan,nan,nan,nan,nan
294.7609236240387,-0.4000000059604645,4.02400016784668,4.054999828338623,4.051000118255615,4.057000160217285,4.057000160217285,4.061999797821045,nan,nan,nan,nan,nan,nan
294.9408826828003,-0.4000000059604645,4.02400016784668,4.054999828338623,4.052000045776367,4.057000160217285,4.057000160217285,4.061999797821045,nan,nan,nan,nan,nan,nan
295.10056829452515,-0.4000000059604645,4.02400016784668,4.054999828338623,4.052000045776367,4.057000160217285,4.057000160217285,4.061999797821045,nan,nan,nan,nan,nan,nan
295.2820625305176,-0.4099999964237213,4.02400016784668,4.054999828338623,4.052000045776367,4.057000160217285,4.057000160217285,4.061999797821045,0.0,0.0,0.0,0.0,0.0,0.0
295.4413573741913,-0.38999998569488525,4.02400016784668,4.054999828338623,4.052000045776367,4.057000160217285,4.057000160217285,4.061999797821045,0.0,0.0,0.0,0.0,0.0,0.0
295.6215720176697,-0.4300000071525574,4.02400016784668,4.054999828338623,4.052000045776367,4.057000160217285,4.057000160217285,4.061999797821045,0.0,0.0,0.0,0.0,0.0,0.0
295.8018214702606,-0.4099999964237213,4.02400016784668,4.054999828338623,4.052000045776367,4.057000160217285,4.057000160217285,4.061999797821045,0.0,0.0,0.0,0.0,0.0,0.0
295.9611632823944,-0.4000000059604645,4.02400016784668,4.054999828338623,4.051000118255615,4.057000160217285,4.057000160217285,4.061999797821045,0.0,0.0,0.09999284743580573,0.0,0.0,0.0
296.14006304740906,-0.4000000059604645,4.02400016784668,4.054999828338623,4.051000118255615,4.057000160217285,4.057000160217285,4.061999797821045,nan,nan,nan,nan,nan,nan
296.3204984664917,-0.4000000059604645,4.02400016784668,4.054999828338623,4.052000045776367,4.057000160217285,4.057000160217285,4.061999797821045,nan,nan,nan,nan,nan,nan
296.480934381485,-0.4000000059604645,4.02400016784668,4.054999828338623,4.051000118255615,4.057000160217285,4.057000160217285,4.061999797821045,nan,nan,nan,nan,nan,nan
296.65995955467224,-0.38999998569488525,4.02400016784668,4.054999828338623,4.051000118255615,4.057000160217285,4.057000160217285,4.061999797821045,0.0,0.0,0.0,0.0,0.0,0.0
296.8197615146637,-0.4000000059604645,4.025000095367432,4.054999828338623,4.052000045776367,4.057000160217285,4.057000160217285,4.061999797821045,0.09999254943450207,0.0,0.09999254943450207,0.0,0.0,0.0
296.9998948574066,-0.4000000059604645,4.02400016784668,4.054999828338623,4.052000045776367,4.057000160217285,4.057000160217285,4.061999797821045,nan,nan,nan,nan,nan,nan
297.17986154556274,-0.4000000059604645,4.02400016784668,4.054999828338623,4.052000045776367,4.057000160217285,4.057000160217285,4.061999797821045,nan,nan,nan,nan,nan,nan
297.3395550251007,-0.4000000059604645,4.02400016784668,4.054999828338623,4.051000118255615,4.057000160217285,4.057000160217285,4.061999797821045,nan,nan,nan,nan,nan,nan
297.51997542381287,-0.38999998569488525,4.02400016784668,4.054999828338623,4.051000118255615,4.057000160217285,4.057000160217285,4.061999797821045,0.0,0.0,0.0,0.0,0.0,0.0
297.6807599067688,-0.4000000059604645,4.02400016784668,4.054999828338623,4.051000118255615,4.057000160217285,4.057000160217285,4.061999797821045,0.0,0.0,0.0,0.0,0.0,0.0
297.8609848022461,-0.4099999964237213,4.02400016784668,4.054999828338623,4.052000045776367,4.057000160217285,4.057000160217285,4.061999797821045,0.0,0.0,0.09999284743580573,0.0,0.0,0.0
298.0401065349579,-0.4099999964237213,4.02400016784668,4.054999828338623,4.051000118255615,4.057000160217285,4.057000160217285,4.061999797821045,nan,nan,nan,nan,nan,nan
298.20210313796997,-0.41999998688697815,4.02400016784668,4.054999828338623,4.052000045776367,4.057000160217285,4.057000160217285,4.061999797821045,0.0,0.0,0.09999284743580573,0.0,0.0,0.0
298.38055181503296,-0.38999998569488525,4.02400016784668,4.054999828338623,4.051000118255615,4.057000160217285,4.057000160217285,4.061999797821045,0.0,0.0,0.033330916033946834,0.0,0.0,0.0
298.5399363040924,-0.4099999964237213,4.02400016784668,4.054999828338623,4.051000118255615,4.057000160217285,4.057000160217285,4.061999797821045,0.0,0.0,0.0,0.0,0.0,0.0
298.72171425819397,-0.4000000059604645,4.02400016784668,4.054999828338623,4.051000118255615,4.057000160217285,4.057000160217285,4.061999797821045,0.0,0.0,0.0,0.0,0.0,0.0
298.90050411224365,-0.41999998688697815,4.02400016784668,4.054999828338623,4.051000118255615,4.057000160217285,4.057000160217285,4.061999797821045,0.0,0.0,0.0,0.0,0.0,0.0
299.06112933158875,-0.4000000059604645,4.02400016784668,4.054999828338623,4.052000045776367,4.057000160217285,4.057000160217285,4.061999797821045,0.0,0.0,0.04999642371790287,0.0,0.0,0.0
299.24014139175415,-0.4099999964237213,4.02400016784668,4.054999828338623,4.051000118255615,4.056000232696533,4.057000160217285,4.061999797821045,0.0,0.0,0.09999284743580573,0.09999284743580573,0.0,0.0
299.4216380119324,-0.38999998569488525,4.02400016784668,4.054999828338623,4.051000118255615,4.057000160217285,4.057000160217285,4.061999797821045,0.0,0.0,0.0,0.04999634921746594,0.0,0.0
299.58104968070984,-0.4000000059604645,4.02400016784668,4.054999828338623,4.051000118255615,4.057000160217285,4.057000160217285,4.061999797821045,0.0,0.0,0.0,0.0,0.0,0.0
299.75985860824585,-0.4000000059604645,4.02400016784668,4.054999828338623,4.051000118255615,4.057000160217285,4.057000160217285,4.061999797821045,nan,nan,nan,nan,nan,nan
299.92095279693604,-0.4000000059604645,4.02400016784668,4.054999828338623,4.051000118255615,4.057000160217285,4.057000160217285,4.061999797821045,nan,nan,nan,nan,nan,nan
300.10112738609314,-0.4099999964237213,4.02400016784668,4.054999828338623,4.051000118255615,4.057000160217285,4.057000160217285,4.061999797821045,0.0,0.0,0.0,0.0,0.0,0.0
300.27996492385864,-0.4000000059604645,4.02400016784668,4.054999828338623,4.051000118255615,4.057000160217285,4.057000160217285,4.061999797821045,0.0,0.0,0.0,0.0,0.0,0.0
300.4399690628052,-0.4000000059604645,4.02400016784668,4.054999828338623,4.052000045776367,4.057000160217285,4.057000160217285,4.061999797821045,nan,nan,nan,nan,nan,nan
300.6202321052551,-0.4000000059604645,4.02400016784668,4.054999828338623,4.051000118255615,4.056000232696533,4.057000160217285,4.061999797821045,nan,nan,nan,nan,nan,nan
300.7800645828247,-0.4000000059604645,4.02400016784668,4.054999828338623,4.051000118255615,4.057000160217285,4.057000160217285,4.061999797821045,nan,nan,nan,nan,nan,nan
300.9599347114563,-0.4099999964237213,4.02400016784668,4.054999828338623,4.051000118255615,4.057000160217285,4.057000160217285,4.061999797821045,0.0,0.0,0.0,0.0,0.0,0.0
301.14026713371277,-0.4000000059604645,4.02400016784668,4.054999828338623,4.052000045776367,4.057000160217285,4.057000160217285,4.061999797821045,0.0,0.0,0.09999284743580573,0.0,0.0,0.0
301.2997043132782,-0.4000000059604645,4.02400016784668,4.054999828338623,4.051000118255615,4.057000160217285,4.057000160217285,4.061999797821045,nan,nan,nan,nan,nan,nan
301.48199343681335,-0.38999998569488525,4.02400016784668,4.054999828338623,4.051000118255615,4.056000232696533,4.057000160217285,4.061999797821045,0.0,0.0,0.0,0.09999254943450207,0.0,0.0
301.6632299423218,-0.4000000059604645,4.02400016784668,4.054999828338623,4.051000118255615,4.057000160217285,4.057000160217285,4.061999797821045,0.0,0.0,0.0,0.09999254943450207,0.0,0.0
301.8238537311554,-0.46000000834465027,4.02400016784668,4.054999828338623,4.051000118255615,4.056000232696533,4.057000160217285,4.061999797821045,0.0,0.0,0.0,0.016665458016973417,0.0,0.0
302.00250148773193,-2.390000104904175,4.011000156402588,4.041999816894531,4.038000106811523,4.044000148773193,4.044000148773193,4.047999858856201,0.006735756887922443,0.006735756887922443,0.006735756887922443,0.006217659752831904,0.006735756887922443,0.007253854023012982
302.1631977558136,-1.2599999904632568,4.021999835968018,4.052999973297119,4.050000190734863,4.053999900817871,4.056000232696533,4.059999942779541,0.009734228718084617,0.009734650697827902,0.010619542219495296,0.008849337196417223,0.010619542219495296,0.010619542219495296
302.340224981308,-1.2899999618530273,4.021999835968018,4.052999973297119,4.048999786376953,4.053999900817871,4.054999828338623,4.059999942779541,0.0,0.0,0.033346843732366946,0.0,0.033346843732366946,0.0
302.52200627326965,-1.1399999856948853,4.021999835968018,4.052000045776367,4.048999786376953,4.053999900817871,4.054999828338623,4.059999942779541,0.0,0.006666184531241183,0.0,0.0,0.0,0.0
302.68108344078064,-1.2899999618530273,4.021999835968018,4.052999973297119,4.048999786376953,4.053999900817871,4.053999900817871,4.059000015258789,0.0,0.006666184531241183,0.0,0.0,0.006666184531241183,0.006666184531241183
302.8612103462219,-1.2699999809265137,4.021999835968018,4.052000045776367,4.048999786376953,4.053999900817871,4.054999828338623,4.059000015258789,0.0,0.04999642371790287,0.0,0.0,0.04999642371790287,0.0
303.0223090648651,-1.3300000429153442,4.021999835968018,4.052000045776367,4.048999786376953,4.053999900817871,4.054999828338623,4.059000015258789,0.0,0.0,0.0,0.0,0.0,0.0
303.2021515369415,-0.9300000071525574,4.020999908447266,4.052999973297119,4.048999786376953,4.053999900817871,4.054999828338623,4.059000015258789,0.0024998185783786852,0.0024998185783786852,0.0,0.0,0.0,0.0
303.3821988105774,-1.1799999475479126,4.021999835968018,4.052000045776367,4.048999786376953,4.053999900817871,4.054999828338623,4.059000015258789,0.0039997110366132346,0.0039997110366132346,0.0,0.0,0.0,0.0
303.54373931884766,-1.0700000524520874,4.021999835968018,4.052000045776367,4.048999786376953,4.053999900817871,4.054999828338623,4.059000015258789,0.0,0.0,0.0,0.0,0.0,0.0
303.7222616672516,-1.0199999809265137,4.021999835968018,4.052000045776367,4.048999786376953,4.053999900817871,4.054999828338623,4.059000015258789,0.0,0.0,0.0,0.0,0.0,0.0
303.88311409950256,-0.4000000059604645,4.0229997634887695,4.053999900817871,4.048999786376953,4.053999900817871,4.056000232696533,4.060999870300293,0.0016127863889134973,0.0032255727778269946,0.0,0.0,0.0016135554811352014,0.0032255727778269946
304.06143045425415,-0.4000000059604645,4.0229997634887695,4.053999900817871,4.051000118255615,4.056000232696533,4.056000232696533,4.060999870300293,nan,nan,nan,nan,nan,nan
304.2401132583618,-0.4000000059604645,4.0229997634887695,4.053999900817871,4.051000118255615,4.056000232696533,4.056000232696533,4.060999870300293,nan,nan,nan,nan,nan,nan
304.39970779418945,-0.4000000059604645,4.0229997634887695,4.053999900817871,4.051000118255615,4.056000232696533,4.056000232696533,4.060999870300293,nan,nan,nan,nan,nan,nan
304.58015036582947,-0.4000000059604645,4.0229997634887695,4.053999900817871,4.051000118255615,4.056000232696533,4.056000232696533,4.060999870300293,nan,nan,nan,nan,nan,nan
304.7394676208496,-0.4000000059604645,4.02400016784668,4.053999900817871,4.051000118255615,4.056000232696533,4.056000232696533,4.060999870300293,nan,nan,nan,nan,nan,nan
304.92024278640747,-0.38999998569488525,4.02400016784668,4.053999900817871,4.051000118255615,4.056000232696533,4.056000232696533,4.060999870300293,0.0,0.0,0.0,0.0,0.0,0.0
305.10072565078735,-0.41999998688697815,4.02400016784668,4.053999900817871,4.051000118255615,4.056000232696533,4.056000232696533,4.060999870300293,0.0,0.0,0.0,0.0,0.0,0.0
305.2597563266754,-0.4099999964237213,4.0229997634887695,4.053999900817871,4.051000118255615,4.056000232696533,4.056000232696533,4.060999870300293,0.10004053119710082,0.0,0.0,0.0,0.0,0.0
305.440550327301,-0.4000000059604645,4.02400016784668,4.053999900817871,4.051000118255615,4.056000232696533,4.056000232696533,4.060999870300293,0.10004053119710082,0.0,0.0,0.0,0.0,0.0
305.62037682533264,-0.4000000059604645,4.02400016784668,4.053999900817871,4.051000118255615,4.056000232696533,4.056000232696533,4.060999870300293,nan,nan,nan,nan,nan,nan
305.78138995170593,-0.4000000059604645,4.02400016784668,4.053999900817871,4.051000118255615,4.056000232696533,4.056000232696533,4.060999870300293,nan,nan,nan,nan,nan,nan
305.9615113735199,-0.4000000059604645,4.02400016784668,4.053999900817871,4.051000118255615,4.056000232696533,4.056000232696533,4.060999870300293,nan,nan,nan,nan,nan,nan
306.12115478515625,-0.4000000059604645,4.02400016784668,4.053999900817871,4.051000118255615,4.056000232696533,4.056000232696533,4.060999870300293,nan,nan,nan,nan,nan,nan
306.2999451160431,-0.4000000059604645,4.0229997634887695,4.053999900817871,4.051000118255615,4.056000232696533,4.057000160217285,4.060999870300293,nan,nan,nan,nan,nan,nan
306.47998571395874,-0.38999998569488525,4.02400016784668,4.053999900817871,4.051000118255615,4.056000232696533,4.056000232696533,4.060999870300293,0.10004023305368878,0.0,0.0,0.0,0.09999254943450207,0.0
306.6398355960846,-0.4000000059604645,4.02400016784668,4.053999900817871,4.051000118255615,4.056000232696533,4.057000160217285,4.060999870300293,0.0,0.0,0.0,0.0,0.09999254943450207,0.0
306.82047295570374,-0.4000000059604645,4.0229997634887695,4.053999900817871,4.051000118255615,4.056000232696533,4.056000232696533,4.060999870300293,nan,nan,nan,nan,nan,nan
306.9811644554138,-0.4000000059604645,4.02400016784668,4.053999900817871,4.051000118255615,4.056000232696533,4.057000160217285,4.060999870300293,nan,nan,nan,nan,nan,nan
307.16146993637085,-0.4000000059604645,4.0229997634887695,4.053999900817871,4.051000118255615,4.056000232696533,4.056000232696533,4.060999870300293,nan,nan,nan,nan,nan,nan
307.3398675918579,-0.4000000059604645,4.02400016784668,4.053999900817871,4.051000118255615,4.056000232696533,4.056000232696533,4.060999870300293,nan,nan,nan,nan,nan,nan
307.4998211860657,-0.4000000059604645,4.0229997634887695,4.053999900817871,4.051000118255615,4.056000232696533,4.057000160217285,4.060999870300293,nan,nan,nan,nan,nan,nan
307.6800765991211,-0.4000000059604645,4.02400016784668,4.053999900817871,4.051000118255615,4.056000232696533,4.057000160217285,4.060999870300293,nan,nan,nan,nan,nan,nan
307.8607087135315,-0.4099999964237213,4.0229997634887695,4.053999900817871,4.051000118255615,4.056000232696533,4.057000160217285,4.060999870300293,0.10004053119710082,0.0,0.0,0.0,0.0,0.0
308.0200524330139,-0.38999998569488525,4.02400016784668,4.053999900817871,4.051000118255615,4.056000232696533,4.056000232696533,4.060999870300293,0.05002019106258633,0.0,0.0,0.0,0.04999634921746594,0.0
308.2005467414856,-0.4099999964237213,4.02400016784668,4.053999900817871,4.051000118255615,4.056000232696533,4.057000160217285,4.060999870300293,0.0,0.0,0.0,0.0,0.04999634921746594,0.0
308.3595998287201,-0.38999998569488525,4.02400016784668,4.053999900817871,4.051000118255615,4.056000232696533,4.057000160217285,4.060999870300293,0.0,0.0,0.0,0.0,0.0,0.0
308.5400013923645,-0.4099999964237213,4.02400016784668,4.053999900817871,4.051000118255615,4.056000232696533,4.057000160217285,4.060999870300293,0.0,0.0,0.0,0.0,0.0,0.0
308.72049951553345,-0.4099999964237213,4.02400016784668,4.054999828338623,4.051000118255615,4.056000232696533,4.057000160217285,4.060999870300293,nan,nan,nan,nan,nan,nan
308.8799111843109,-0.4099999964237213,4.02400016784668,4.054999828338623,4.051000118255615,4.056000232696533,4.056000232696533,4.060999870300293,nan,nan,nan,nan,nan,nan
309.0602161884308,-0.4000000059604645,4.02400016784668,4.054999828338623,4.051000118255615,4.056000232696533,4.057000160217285,4.060999870300293,0.0,0.0,0.0,0.0,0.09999284743580573,0.0
309.2211546897888,-0.4099999964237213,4.0229997634887695,4.053999900817871,4.051000118255615,4.056000232696533,4.057000160217285,4.060999870300293,0.10004053119710082,0.09999284743580573,0.0,0.0,0.0,0.0
309.3998954296112,-0.41999998688697815,4.02400016784668,4.053999900817871,4.051000118255615,4.056000232696533,4.057000160217285,4.060999870300293,0.10004053119710082,0.0,0.0,0.0,0.0,0.0
309.580819606781,-0.4099999964237213,4.02400016784668,4.053999900817871,4.051000118255615,4.056000232696533,4.057000160217285,4.060999870300293,0.0,0.0,0.0,0.0,0.0,0.0
309.74130725860596,-0.4000000059604645,4.02400016784668,4.053999900817871,4.051000118255615,4.056000232696533,4.057000160217285,4.061999797821045,0.0,0.0,0.0,0.0,0.0,0.09999284743580573
309.9218285083771,-0.4000000059604645,4.02400016784668,4.053999900817871,4.051000118255615,4.056000232696533,4.057000160217285,4.060999870300293,nan,nan,nan,nan,nan,nan
310.10254168510437,-0.4099999964237213,4.02400016784668,4.053999900817871,4.051000118255615,4.056000232696533,4.057000160217285,4.060999870300293,0.0,0.0,0.0,0.0,0.0,0.0
310.26259207725525,-0.4000000059604645,4.0229997634887695,4.053999900817871,4.051000118255615,4.056000232696533,4.057000160217285,4.060999870300293,0.10004053119710082,0.0,0.0,0.0,0.0,0.0
310.4408001899719,-0.41999998688697815,4.0229997634887695,4.053999900817871,4.051000118255615,4.056000232696533,4.056000232696533,4.060999870300293,0.0,0.0,0.0,0.0,0.04999642371790287,0.0
310.60165452957153,-0.4000000059604645,4.02400016784668,4.053999900817871,4.051000118255615,4.056000232696533,4.057000160217285,4.060999870300293,0.05002026559855041,0.0,0.0,0.0,0.04999642371790287,0.0
310.7808494567871,-0.4099999964237213,4.02400016784668,4.053999900817871,4.051000118255615,4.056000232696533,4.057000160217285,4.060999870300293,0.0,0.0,0.0,0.0,0.0,0.0
310.9610686302185,-0.4099999964237213,4.02400016784668,4.053999900817871,4.051000118255615,4.056000232696533,4.057000160217285,4.060999870300293,nan,nan,nan,nan,nan,nan
311.1201868057251,-0.4000000059604645,4.02400016784668,4.053999900817871,4.051000118255615,4.056000232696533,4.056000232696533,4.060999870300293,0.0,0.0,0.0,0.0,0.09999284743580573,0.0
311.3006479740143,-0.4000000059604645,4.02400016784668,4.053999900817871,4.051000118255615,4.056000232696533,4.057000160217285,4.060999870300293,nan,nan,nan,nan,nan,nan
311.46030259132385,-0.4000000059604645,4.02400016784668,4.053999900817871,4.051000118255615,4.056000232696533,4.056000232696533,4.061999797821045,nan,nan,nan,nan,nan,nan
311.64055371284485,-0.4000000059604645,4.02400016784668,4.053999900817871,4.051000118255615,4.056000232696533,4.057000160217285,4.060999870300293,nan,nan,nan,nan,nan,nan
311.82217812538147,-0.4000000059604645,4.0229997634887695,4.053999900817871,4.051000118255615,4.056000232696533,4.057000160217285,4.060999870300293,nan,nan,nan,nan,nan,nan
311.98171496391296,-0.4000000059604645,4.02400016784668,4.053999900817871,4.051000118255615,4.056000232696533,4.056000232696533,4.060999870300293,nan,nan,nan,nan,nan,nan
312.1613972187042,-0.4000000059604645,4.02400016784668,4.053999900817871,4.051000118255615,4.056000232696533,4.057000160217285,4.061999797821045,nan,nan,nan,nan,nan,nan
312.3205773830414,-0.4000000059604645,4.0229997634887695,4.053999900817871,4.051000118255615,4.056000232696533,4.056000232696533,4.060999870300293,nan,nan,nan,nan,nan,nan
312.5008633136749,-0.4000000059604645,4.02400016784668,4.053999900817871,4.051000118255615,4.056000232696533,4.057000160217285,4.060999870300293,nan,nan,nan,nan,nan,nan
312.6796410083771,-0.4099999964237213,4.02400016784668,4.053999900817871,4.051000118255615,4.056000232696533,4.057000160217285,4.060999870300293,0.0,0.0,0.0,0.0,0.0,0.0
312.84104919433594,-0.4099999964237213,4.02400016784668,4.053999900817871,4.051000118255615,4.056000232696533,4.057000160217285,4.060999870300293,nan,nan,nan,nan,nan,nan
313.02105259895325,-0.41999998688697815,4.0229997634887695,4.053999900817871,4.051000118255615,4.056000232696533,4.056000232696533,4.060999870300293,0.10004053119710082,0.0,0.0,0.0,0.09999284743580573,0.0
313.2025980949402,-0.4000000059604645,4.0229997634887695,4.053999900817871,4.051000118255615,4.056000232696533,4.057000160217285,4.060999870300293,0.0,0.0,0.0,0.0,0.04999642371790287,0.0
313.36326241493225,-0.4000000059604645,4.02400016784668,4.053999900817871,4.051000118255615,4.056000232696533,4.056000232696533,4.060999870300293,nan,nan,nan,nan,nan,nan
313.54076194763184,-0.4000000059604645,4.0229997634887695,4.053999900817871,4.051000118255615,4.056000232696533,4.056000232696533,4.060999870300293,nan,nan,nan,nan,nan,nan
313.70126938819885,-0.4099999964237213,4.0229997634887695,4.053999900817871,4.051000118255615,4.056000232696533,4.057000160217285,4.060999870300293,0.0,0.0,0.0,0.0,0.09999284743580573,0.0
313.88115406036377,-0.4000000059604645,4.02400016784668,4.053999900817871,4.051000118255615,4.056000232696533,4.057000160217285,4.060999870300293,0.10004053119710082,0.0,0.0,0.0,0.0,0.0
314.0619201660156,-2.430000066757202,4.01800012588501,4.048999786376953,4.046000003814697,4.051000118255615,4.052000045776367,4.056000232696533,0.0029556856068836844,0.0024631104882605354,0.0024631104882605354,0.0024631104882605354,0.0024631104882605354,0.002462875593115746
314.2209494113922,-0.9200000166893005,4.0229997634887695,4.053999900817871,4.050000190734863,4.056000232696533,4.056000232696533,4.060999870300293,0.003311018170850353,0.0033113339570373683,0.0026491303228672975,0.0033113339570373683,0.0026491303228672975,0.003311018170850353
314.4010944366455,-0.9599999785423279,4.021999835968018,4.052000045776367,4.048999786376953,4.052999973297119,4.053999900817871,4.059000015258789,0.024998211858951434,0.04999642371790287,0.025010132799275206,0.07500655651717808,0.05000834465822664,0.04999642371790287
314.56075739860535,-1.100000023841858,4.020999908447266,4.052999973297119,4.047999858856201,4.053999900817871,4.054999828338623,4.059000015258789,0.007142337122910273,0.007142337122910273,0.007142337122910273,0.007142337122910273,0.007142337122910273,0.0
314.74099254608154,-1.1399999856948853,4.021999835968018,4.052000045776367,4.048999786376953,4.052999973297119,4.053999900817871,4.059000015258789,0.024998211858951434,0.024998211858951434,0.024998211858951434,0.024998211858951434,0.024998211858951434,0.0
314.9198954105377,-0.8899999856948853,4.020999908447266,4.052000045776367,4.047999858856201,4.053999900817871,4.053999900817871,4.059000015258789,0.0039997100830078125,0.0,0.0039997100830078125,0.0039997100830078125,0.0,0.0
315.0809314250946,-0.9100000262260437,4.020999908447266,4.052000045776367,4.047999858856201,4.053999900817871,4.054999828338623,4.059000015258789,0.0,0.0,0.0,0.0,0.04999627471725104,0.0
315.25979018211365,-1.059999942779541,4.020999908447266,4.052000045776367,4.047999858856201,4.053999900817871,4.053999900817871,4.058000087738037,0.0,0.0,0.0,0.0,0.006666187180146397,0.006666187180146397
315.4208598136902,-1.0099999904632568,4.020999908447266,4.052000045776367,4.047999858856201,4.052999973297119,4.053999900817871,4.058000087738037,0.0,0.0,0.0,0.01999856948716115,0.0,0.0
315.6009769439697,-0.9800000190734863,4.020999908447266,4.051000118255615,4.048999786376953,4.053999900817871,4.053999900817871,4.058000087738037,0.0,0.03333094914526858,0.03333094914526858,0.03333094914526858,0.0,0.0
315.78049874305725,-1.2000000476837158,4.020999908447266,4.052000045776367,4.047999858856201,4.053999900817871,4.052999973297119,4.059000015258789,0.0,0.004545124503249536,0.004545124503249536,0.0,0.004545124503249536,0.004545124503249536
315.9397122859955,-0.9200000166893005,4.020999908447266,4.051000118255615,4.047999858856201,4.052999973297119,4.053999900817871,4.058000087738037,0.0,0.003571169321663029,0.0,0.003571169321663029,0.003571169321663029,0.003571169321663029
316.119966506958,-0.38999998569488525,4.0229997634887695,4.053999900817871,4.050000190734863,4.054999828338623,4.056000232696533,4.060999870300293,0.0037733111784006277,0.005659966767600941,0.0037742108710993403,0.0037733111784006277,0.0037742108710993403,0.005659966767600941
316.29999828338623,-0.4099999964237213,4.0229997634887695,4.053999900817871,4.050000190734863,4.054999828338623,4.056000232696533,4.059999942779541,0.0,0.0,0.0,0.0,0.0,0.04999634921746594
316.4596529006958,-0.38999998569488525,4.0229997634887695,4.053999900817871,4.050000190734863,4.054999828338623,4.056000232696533,4.059999942779541,0.0,0.0,0.0,0.0,0.0,0.0
316.6400091648102,-0.41999998688697815,4.0229997634887695,4.052999973297119,4.050000190734863,4.054999828338623,4.056000232696533,4.060999870300293,0.0,0.033330916033946834,0.0,0.0,0.0,0.033330916033946834
316.8009307384491,-0.38999998569488525,4.0229997634887695,4.053999900817871,4.050000190734863,4.054999828338623,4.056000232696533,4.060999870300293,0.0,0.033330916033946834,0.0,0.0,0.0,0.0
316.97981452941895,-0.41999998688697815,4.0229997634887695,4.053999900817871,4.050000190734863,4.054999828338623,4.056000232696533,4.060999870300293,0.0,0.0,0.0,0.0,0.0,0.0
317.16048097610474,-0.4000000059604645,4.0229997634887695,4.053999900817871,4.050000190734863,4.056000232696533,4.056000232696533,4.060999870300293,0.0,0.0,0.0,0.05002026559855041,0.0,0.0
317.31974029541016,-0.4000000059604645,4.0229997634887695,4.053999900817871,4.050000190734863,4.056000232696533,4.056000232696533,4.060999870300293,nan,nan,nan,nan,nan,nan
317.5013041496277,-0.4000000059604645,4.0229997634887695,4.053999900817871,4.050000190734863,4.054999828338623,4.056000232696533,4.060999870300293,nan,nan,nan,nan,nan,nan
317.66061305999756,-0.4099999964237213,4.0229997634887695,4.053999900817871,4.050000190734863,4.054999828338623,4.056000232696533,4.060999870300293,0.0,0.0,0.0,0.0,0.0,0.0
317.8410396575928,-0.4000000059604645,4.0229997634887695,4.053999900817871,4.050000190734863,4.056000232696533,4.056000232696533,4.060999870300293,0.0,0.0,0.0,0.10004053119710082,0.0,0.0
318.02112340927124,-0.4099999964237213,4.0229997634887695,4.053999900817871,4.050000190734863,4.054999828338623,4.056000232696533,4.060999870300293,0.0,0.0,0.0,0.10004053119710082,0.0,0.0
318.1810562610626,-0.4000000059604645,4.0229997634887695,4.053999900817871,4.050000190734863,4.056000232696533,4.056000232696533,4.060999870300293,0.0,0.0,0.0,0.10004053119710082,0.0,0.0
318.36083245277405,-0.4000000059604645,4.0229997634887695,4.053999900817871,4.050000190734863,4.056000232696533,4.056000232696533,4.060999870300293,nan,nan,nan,nan,nan,nan
318.52051639556885,-0.4099999964237213,4.0229997634887695,4.053999900817871,4.050000190734863,4.054999828338623,4.056000232696533,4.060999870300293,0.0,0.0,0.0,0.10004053119710082,0.0,0.0
318.7006516456604,-0.38999998569488525,4.0229997634887695,4.053999900817871,4.050000190734863,4.054999828338623,4.056000232696533,4.060999870300293,0.0,0.0,0.0,0.0,0.0,0.0
318.8811318874359,-0.4000000059604645,4.0229997634887695,4.053999900817871,4.050000190734863,4.056000232696533,4.056000232696533,4.060999870300293,0.0,0.0,0.0,0.10004023305368878,0.0,0.0
319.04162406921387,-0.4000000059604645,4.0229997634887695,4.053999900817871,4.050000190734863,4.056000232696533,4.056000232696533,4.060999870300293,nan,nan,nan,nan,nan,nan
319.22202920913696,-0.38999998569488525,4.0229997634887695,4.053999900817871,4.050000190734863,4.056000232696533,4.056000232696533,4.060999870300293,0.0,0.0,0.0,0.0,0.0,0.0
319.4009299278259,-0.38999998569488525,4.0229997634887695,4.053999900817871,4.050000190734863,4.056000232696533,4.056000232696533,4.060999870300293,nan,nan,nan,nan,nan,nan
319.561395406723,-0.4099999964237213,4.0229997634887695,4.053999900817871,4.050000190734863,4.056000232696533,4.056000232696533,4.060999870300293,0.0,0.0,0.0,0.0,0.0,0.0
319.7418041229248,-0.38999998569488525,4.0229997634887695,4.053999900817871,4.050000190734863,4.056000232696533,4.056000232696533,4.060999870300293,0.0,0.0,0.0,0.0,0.0,0.0
319.8997595310211,-0.4000000059604645,4.0229997634887695,4.053999900817871,4.050000190734863,4.056000232696533,4.056000232696533,4.060999870300293,0.0,0.0,0.0,0.0,0.0,0.0
320.08027815818787,-0.4000000059604645,4.0229997634887695,4.053999900817871,4.050000190734863,4.056000232696533,4.056000232696533,4.060999870300293,nan,nan,nan,nan,nan,nan
320.2605245113373,-0.4000000059604645,4.0229997634887695,4.053999900817871,4.050000190734863,4.056000232696533,4.056000232696533,4.060999870300293,nan,nan,nan,nan,nan,nan
320.4199261665344,-0.4000000059604645,4.0229997634887695,4.053999900817871,4.050000190734863,4.054999828338623,4.056000232696533,4.060999870300293,nan,nan,nan,nan,nan,nan
320.6003384590149,-0.4000000059604645,4.0229997634887695,4.053999900817871,4.050000190734863,4.056000232696533,4.056000232696533,4.060999870300293,nan,nan,nan,nan,nan,nan
320.7609930038452,-0.4000000059604645,4.0229997634887695,4.053999900817871,4.050000190734863,4.056000232696533,4.056000232696533,4.060999870300293,nan,nan,nan,nan,nan,nan
320.93990564346313,-0.4000000059604645,4.0229997634887695,4.053999900817871,4.050000190734863,4.056000232696533,4.056000232696533,4.060999870300293,nan,nan,nan,nan,nan,nan
321.1213400363922,-0.4099999964237213,4.0229997634887695,4.053999900817871,4.050000190734863,4.054999828338623,4.056000232696533,4.060999870300293,0.0,0.0,0.0,0.10004053119710082,0.0,0.0
321.2803933620453,-0.4000000059604645,4.0229997634887695,4.053999900817871,4.050000190734863,4.056000232696533,4.056000232696533,4.060999870300293,0.0,0.0,0.0,0.10004053119710082,0.0,0.0
321.46095395088196,-0.4000000059604645,4.0229997634887695,4.053999900817871,4.050000190734863,4.056000232696533,4.056000232696533,4.060999870300293,nan,nan,nan,nan,nan,nan
321.6216239929199,-0.4099999964237213,4.0229997634887695,4.053999900817871,4.050000190734863,4.056000232696533,4.056000232696533,4.060999870300293,0.0,0.0,0.0,0.0,0.0,0.0
321.8007390499115,-0.4000000059604645,4.0229997634887695,4.053999900817871,4.050000190734863,4.056000232696533,4.056000232696533,4.060999870300293,0.0,0.0,0.0,0.0,0.0,0.0
321.98117423057556,-0.4000000059604645,4.0229997634887695,4.053999900817871,4.050000190734863,4.056000232696533,4.056000232696533,4.060999870300293,nan,nan,nan,nan,nan,nan
322.1406424045563,-0.4000000059604645,4.0229997634887695,4.053999900817871,4.050000190734863,4.056000232696533,4.056000232696533,4.060999870300293,nan,nan,nan,nan,nan,nan
322.32088899612427,-0.4000000059604645,4.0229997634887695,4.053999900817871,4.050000190734863,4.056000232696533,4.056000232696533,4.060999870300293,nan,nan,nan,nan,nan,nan
322.50094509124756,-0.38999998569488525,4.0229997634887695,4.053999900817871,4.050000190734863,4.056000232696533,4.056000232696533,4.060999870300293,0.0,0.0,0.0,0.0,0.0,0.0
322.66068983078003,-1.5099999904632568,4.0229997634887695,4.053999900817871,4.050000190734863,4.056000232696533,4.056000232696533,4.060999870300293,0.0,0.0,0.0,0.0,0.0,0.0
322.840891122818,-0.3499999940395355,4.017000198364258,4.047999858856201,4.044000148773193,4.050000190734863,4.050000190734863,4.054999828338623,0.005172038916386527,0.005172449982903487,0.005172449982903487,0.005172449982903487,0.005172449982903487,0.005172449982903487
323.00058913230896,-1.1299999952316284,4.019999980926514,4.052000045776367,4.048999786376953,4.053999900817871,4.053999900817871,4.059000015258789,0.0038458750739374602,0.005128444761605683,0.0064097917898957675,0.005127833431916614,0.005127833431916614,0.005128444761605683
323.18097710609436,-1.1100000143051147,4.020999908447266,4.051000118255615,4.047999858856201,4.052999973297119,4.053999900817871,4.059000015258789,0.04999642371790287,0.04999642371790287,0.04999642371790287,0.04999642371790287,0.0,0.0
323.3597414493561,-1.2799999713897705,4.019999980926514,4.052000045776367,4.047999858856201,4.053999900817871,4.053999900817871,4.059000015258789,0.005881928077511302,0.005881928077511302,0.0,0.005881928077511302,0.0,0.0
323.5208237171173,-1.1399999856948853,4.020999908447266,4.051000118255615,4.048999786376953,4.052999973297119,4.053999900817871,4.058000087738037,0.0071423401637424905,0.0071423401637424905,0.0071423401637424905,0.0071423401637424905,0.0,0.0071423401637424905
323.70107221603394,-1.1399999856948853,4.020999908447266,4.051000118255615,4.047999858856201,4.052999973297119,4.053999900817871,4.059000015258789,nan,nan,nan,nan,nan,nan
323.87981367111206,-1.2300000190734863,4.019999980926514,4.051000118255615,4.047999858856201,4.052999973297119,4.053999900817871,4.059000015258789,0.011110301665618067,0.0,0.0,0.0,0.0,0.0
324.04087591171265,-1.350000023841858,4.020999908447266,4.051000118255615,4.046999931335449,4.052999973297119,4.052999973297119,4.059000015258789,0.008332729008486708,0.0,0.008332729008486708,0.0,0.008332729008486708,0.0
324.22138023376465,-0.8700000047683716,4.019999980926514,4.051000118255615,4.047999858856201,4.052999973297119,4.053999900817871,4.058000087738037,0.002083182252121677,0.0,0.002083182252121677,0.0,0.002083182252121677,0.002083182252121677
324.38074564933777,-1.1799999475479126,4.019999980926514,4.051000118255615,4.047999858856201,4.052999973297119,4.053999900817871,4.059000015258789,0.0,0.0,0.0,0.0,0.0,0.0032255732429701117
324.56112599372864,-1.1399999856948853,4.019999980926514,4.051000118255615,4.047999858856201,4.052999973297119,4.053999900817871,4.059000015258789,0.0,0.0,0.0,0.0,0.0,0.0
324.7410681247711,-0.4000000059604645,4.021999835968018,4.052999973297119,4.050000190734863,4.054999828338623,4.054999828338623,4.059999942779541,0.0027025068868537483,0.0027025068868537483,0.0027031512614095073,0.0027025068868537483,0.0013512534434268742,0.0013512534434268742
324.90089869499207,-0.4099999964237213,4.021999835968018,4.052999973297119,4.048999786376953,4.054999828338623,4.054999828338623,4.059999942779541,0.0,0.0,0.10004053119710082,0.0,0.0,0.0
325.0828378200531,-0.4099999964237213,4.021999835968018,4.052999973297119,4.048999786376953,4.054999828338623,4.054999828338623,4.059999942779541,nan,nan,nan,nan,nan,nan
325.24207878112793,-0.4000000059604645,4.021999835968018,4.053999900817871,4.048999786376953,4.054999828338623,4.056000232696533,4.060999870300293,0.0,0.09999284743580573,0.0,0.0,0.10004053119710082,0.09999284743580573
325.42122507095337,-0.38999998569488525,4.021999835968018,4.052999973297119,4.048999786376953,4.054999828338623,4.054999828338623,4.059999942779541,0.0,0.09999254943450207,0.0,0.0,0.10004023305368878,0.09999254943450207
325.60271096229553,-0.4000000059604645,4.021999835968018,4.052999973297119,4.050000190734863,4.054999828338623,4.054999828338623,4.059999942779541,0.0,0.0,0.10004023305368878,0.0,0.0,0.0
325.7622559070587,-0.4000000059604645,4.021999835968018,4.052999973297119,4.050000190734863,4.054999828338623,4.054999828338623,4.059999942779541,nan,nan,nan,nan,nan,nan
325.9418947696686,-0.4000000059604645,4.021999835968018,4.052999973297119,4.050000190734863,4.054999828338623,4.056000232696533,4.059999942779541,nan,nan,nan,nan,nan,nan
326.10231256484985,-0.4000000059604645,4.021999835968018,4.052999973297119,4.050000190734863,4.054999828338623,4.054999828338623,4.059999942779541,nan,nan,nan,nan,nan,nan
326.28083419799805,-0.41999998688697815,4.021999835968018,4.052999973297119,4.050000190734863,4.054999828338623,4.054999828338623,4.059999942779541,0.0,0.0,0.0,0.0,0.0,0.0
326.4618113040924,-0.4000000059604645,4.021999835968018,4.052999973297119,4.050000190734863,4.054999828338623,4.054999828338623,4.060999870300293,0.0,0.0,0.0,0.0,0.0,0.04999642371790287
326.623939037323,-0.4000000059604645,4.021999835968018,4.052999973297119,4.050000190734863,4.054999828338623,4.054999828338623,4.059999942779541,nan,nan,nan,nan,nan,nan
326.8024847507477,-0.3799999952316284,4.021999835968018,4.052999973297119,4.048999786376953,4.054999828338623,4.056000232696533,4.059999942779541,0.0,0.0,0.05002019106258633,0.0,0.05002019106258633,0.0
326.96334648132324,-0.4000000059604645,4.021999835968018,4.052999973297119,4.050000190734863,4.054999828338623,4.054999828338623,4.059999942779541,0.0,0.0,0.05002019106258633,0.0,0.05002019106258633,0.0
327.14203906059265,-0.4000000059604645,4.021999835968018,4.052999973297119,4.050000190734863,4.054999828338623,4.054999828338623,4.059999942779541,nan,nan,nan,nan,nan,nan
327.3203618526459,-0.4000000059604645,4.021999835968018,4.052999973297119,4.050000190734863,4.054999828338623,4.054999828338623,4.059999942779541,nan,nan,nan,nan,nan,nan
327.4799916744232,-0.4000000059604645,4.021999835968018,4.052999973297119,4.050000190734863,4.054999828338623,4.056000232696533,4.059999942779541,nan,nan,nan,nan,nan,nan
327.66021490097046,-0.4099999964237213,4.021999835968018,4.052999973297119,4.050000190734863,4.054999828338623,4.054999828338623,4.059999942779541,0.0,0.0,0.0,0.0,0.10004053119710082,0.0
327.8418679237366,-0.4000000059604645,4.0229997634887695,4.052999973297119,4.050000190734863,4.054999828338623,4.054999828338623,4.060999870300293,0.09999284743580573,0.0,0.0,0.0,0.0,0.09999284743580573
328.00146985054016,-0.4000000059604645,4.021999835968018,4.053999900817871,4.050000190734863,4.054999828338623,4.054999828338623,4.059999942779541,nan,nan,nan,nan,nan,nan
328.1802325248718,-0.4000000059604645,4.021999835968018,4.052999973297119,4.048999786376953,4.054999828338623,4.056000232696533,4.059999942779541,nan,nan,nan,nan,nan,nan
328.3408670425415,-0.4099999964237213,4.021999835968018,4.052999973297119,4.050000190734863,4.054999828338623,4.056000232696533,4.060999870300293,0.0,0.0,0.10004053119710082,0.0,0.0,0.09999284743580573
328.51991415023804,-0.38999998569488525,4.021999835968018,4.052999973297119,4.050000190734863,4.054999828338623,4.054999828338623,4.060999870300293,0.0,0.0,0.0,0.0,0.05002019106258633,0.0
328.70182943344116,-0.4000000059604645,4.021999835968018,4.053999900817871,4.050000190734863,4.054999828338623,4.056000232696533,4.059999942779541,0.0,0.09999254943450207,0.0,0.0,0.10004023305368878,0.09999254943450207
328.8609125614166,-0.4000000059604645,4.021999835968018,4.053999900817871,4.050000190734863,4.054999828338623,4.056000232696533,4.060999870300293,nan,nan,nan,nan,nan,nan
329.0401306152344,-0.4000000059604645,4.021999835968018,4.052999973297119,4.050000190734863,4.054999828338623,4.056000232696533,4.059999942779541,nan,nan,nan,nan,nan,nan
329.2009701728821,-0.38999998569488525,4.021999835968018,4.053999900817871,4.050000190734863,4.054999828338623,4.056000232696533,4.059999942779541,0.0,0.09999254943450207,0.0,0.0,0.0,0.0
329.38080167770386,-0.4000000059604645,4.021999835968018,4.052999973297119,4.050000190734863,4.054999828338623,4.056000232696533,4.060999870300293,0.0,0.09999254943450207,0.0,0.0,0.0,0.09999254943450207
329.5607557296753,-0.4000000059604645,4.021999835968018,4.052999973297119,4.050000190734863,4.054999828338623,4.056000232696533,4.060999870300293,nan,nan,nan,nan,nan,nan
329.72025656700134,-0.4000000059604645,4.021999835968018,4.052999973297119,4.050000190734863,4.054999828338623,4.056000232696533,4.059999942779541,nan,nan,nan,nan,nan,nan
329.9006600379944,-0.4000000059604645,4.0229997634887695,4.052999973297119,4.050000190734863,4.054999828338623,4.056000232696533,4.059999942779541,nan,nan,nan,nan,nan,nan
330.0809350013733,-0.4000000059604645,4.0229997634887695,4.052999973297119,4.050000190734863,4.054999828338623,4.054999828338623,4.059999942779541,nan,nan,nan,nan,nan,nan
330.2402648925781,-0.4000000059604645,4.021999835968018,4.052999973297119,4.050000190734863,4.054999828338623,4.056000232696533,4.060999870300293,nan,nan,nan,nan,nan,nan
330.42050075531006,-0.4000000059604645,4.021999835968018,4.052999973297119,4.050000190734863,4.054999828338623,4.056000232696533,4.060999870300293,nan,nan,nan,nan,nan,nan
330.5800828933716,-0.4099999964237213,4.0229997634887695,4.053999900817871,4.050000190734863,4.054999828338623,4.054999828338623,4.060999870300293,0.09999284743580573,0.09999284743580573,0.0,0.0,0.10004053119710082,0.0
330.7604327201843,-0.4000000059604645,4.021999835968018,4.053999900817871,4.048999786376953,4.054999828338623,4.056000232696533,4.059999942779541,0.09999284743580573,0.0,0.10004053119710082,0.0,0.10004053119710082,0.09999284743580573
330.9411015510559,-0.38999998569488525,4.0229997634887695,4.052999973297119,4.050000190734863,4.054999828338623,4.056000232696533,4.059999942779541,0.09999254943450207,0.09999254943450207,0.10004023305368878,0.0,0.0,0.0
331.1002130508423,-0.4099999964237213,4.021999835968018,4.053999900817871,4.050000190734863,4.054999828338623,4.054999828338623,4.060999870300293,0.04999634921746594,0.04999634921746594,0.0,0.0,0.05002019106258633,0.04999634921746594
331.2809624671936,-0.4099999964237213,4.021999835968018,4.052999973297119,4.050000190734863,4.054999828338623,4.056000232696533,4.059999942779541,nan,nan,nan,nan,nan,nan
331.4397716522217,-0.4000000059604645,4.021999835968018,4.052999973297119,4.050000190734863,4.054999828338623,4.054999828338623,4.059999942779541,0.0,0.0,0.0,0.0,0.10004053119710082,0.0
331.6202771663666,-0.4000000059604645,4.021999835968018,4.052999973297119,4.050000190734863,4.054999828338623,4.054999828338623,4.060999870300293,nan,nan,nan,nan,nan,nan
331.80165815353394,-0.38999998569488525,4.021999835968018,4.053999900817871,4.050000190734863,4.054999828338623,4.054999828338623,4.060999870300293,0.0,0.09999254943450207,0.0,0.0,0.0,0.0
331.9611909389496,-0.4000000059604645,4.021999835968018,4.052999973297119,4.050000190734863,4.054999828338623,4.056000232696533,4.060999870300293,0.0,0.09999254943450207,0.0,0.0,0.10004023305368878,0.0
332.1398160457611,-0.4000000059604645,4.021999835968018,4.053999900817871,4.050000190734863,4.054999828338623,4.056000232696533,4.060999870300293,nan,nan,nan,nan,nan,nan
332.30051255226135,-0.41999998688697815,4.0229997634887695,4.053999900817871,4.050000190734863,4.054999828338623,4.054999828338623,4.059999942779541,0.04999642371790287,0.0,0.0,0.0,0.05002026559855041,0.04999642371790287
332.4808945655823,-0.4000000059604645,4.021999835968018,4.053999900817871,4.050000190734863,4.054999828338623,4.056000232696533,4.059999942779541,0.04999642371790287,0.0,0.0,0.0,0.05002026559855041,0.0
332.66119480133057,-0.4000000059604645,4.021999835968018,4.053999900817871,4.050000190734863,4.054999828338623,4.056000232696533,4.059999942779541,nan,nan,nan,nan,nan,nan
332.8203659057617,-0.41999998688697815,4.0229997634887695,4.053999900817871,4.050000190734863,4.054999828338623,4.054999828338623,4.060999870300293,0.04999642371790287,0.0,0.0,0.0,0.05002026559855041,0.04999642371790287
333.00228095054626,-0.4000000059604645,4.021999835968018,4.053999900817871,4.050000190734863,4.054999828338623,4.056000232696533,4.060999870300293,0.04999642371790287,0.0,0.0,0.0,0.05002026559855041,0.0
333.1598448753357,-0.4000000059604645,4.021999835968018,4.052999973297119,4.050000190734863,4.054999828338623,4.054999828338623,4.059999942779541,nan,nan,nan,nan,nan,nan
