Time (s),Current (A),Voltage_Cell1 (V),Voltage_Cell2 (V),Voltage_Cell3 (V),Voltage_Cell4 (V),Voltage_Cell5 (V),Voltage_Cell6 (V),delta_I,delta_U
0.0,0.9487963914871216,4.080999851226807,4.089000225067139,4.0879998207092285,4.0879998207092285,4.090000152587891,4.0879998207092285,nan,nan
0.049999999999954525,0.925000011920929,4.080999851226807,4.089000225067139,4.0879998207092285,4.0879998207092285,4.090000152587891,4.0886549949646,nan,nan
0.10000000000013642,0.925000011920929,4.080999851226807,4.089000225067139,4.0879998207092285,4.0879998207092285,4.090000152587891,4.0883469581604,nan,nan
0.15000000000009095,0.9359556436538696,4.080999851226807,4.089000225067139,4.0879998207092285,4.0879998207092285,4.090000152587891,4.0879998207092285,nan,nan
0.20000000000004547,0.9483426213264465,4.080999851226807,4.089000225067139,4.0879998207092285,4.0879998207092285,4.090000152587891,4.0879998207092285,nan,nan
0.25,0.925000011920929,4.080999851226807,4.089000225067139,4.0879998207092285,4.0879998207092285,4.090000152587891,4.0879998207092285,nan,nan
0.2999999999999545,0.925000011920929,4.080999851226807,4.089000225067139,4.0879998207092285,4.0879998207092285,4.090000152587891,4.0879998207092285,nan,nan
0.3500000000001364,0.925000011920929,4.080999851226807,4.089000225067139,4.0879998207092285,4.0879998207092285,4.090000152587891,4.0879998207092285,nan,nan
0.40000000000009095,0.9271396994590759,4.080999851226807,4.089000225067139,4.0879998207092285,4.0879998207092285,4.090000152587891,4.0879998207092285,nan,nan
0.4500000000000455,0.9398103356361389,4.080999851226807,4.089000225067139,4.0879998207092285,4.0879998207092285,4.090000152587891,4.0879998207092285,nan,nan
0.5,0.925000011920929,4.080999851226807,4.089000225067139,4.0879998207092285,4.0879998207092285,4.090000152587891,4.0879998207092285,nan,nan
0.5499999999999545,0.9350262880325317,4.080999851226807,4.089000225067139,4.0879998207092285,4.0879998207092285,4.090000152587891,4.088649749755859,nan,nan
0.6000000000001364,0.925000011920929,4.080999851226807,4.089000225067139,4.0879998207092285,4.088684558868408,4.090000152587891,4.088351726531982,nan,nan
0.650000000000091,0.925000011920929,4.080999851226807,4.089000225067139,4.0879998207092285,4.088314533233643,4.090000152587891,4.088648796081543,nan,nan
0.7000000000000455,0.925000011920929,4.080999851226807,4.089000225067139,4.0879998207092285,4.0879998207092285,4.090000152587891,4.088352680206299,nan,nan
0.75,0.9154449701309204,4.080999851226807,4.089000225067139,4.0879998207092285,4.0879998207092285,4.090000152587891,4.0879998207092285,nan,nan
0.7999999999999545,0.9219422340393066,4.080999851226807,4.089000225067139,4.0879998207092285,4.0879998207092285,4.090000152587891,4.0879998207092285,nan,nan
0.8500000000001364,0.925000011920929,4.080999851226807,4.089000225067139,4.0879998207092285,4.0879998207092285,4.090000152587891,4.0879998207092285,nan,nan
0.900000000000091,0.925000011920929,4.080999851226807,4.089000225067139,4.0879998207092285,4.0879998207092285,4.090000152587891,4.0879998207092285,nan,nan
0.9500000000000455,0.9090631008148193,4.080999851226807,4.089000225067139,4.0879998207092285,4.0879998207092285,4.090000152587891,4.0879998207092285,nan,nan
1.0,0.925000011920929,4.080999851226807,4.089000225067139,4.0879998207092285,4.0879998207092285,4.090000152587891,4.0879998207092285,nan,nan
1.0499999999999545,0.925000011920929,4.080999851226807,4.089000225067139,4.0879998207092285,4.0879998207092285,4.090000152587891,4.0879998207092285,nan,nan
1.1000000000001364,0.925000011920929,4.080999851226807,4.089000225067139,4.0879998207092285,4.0879998207092285,4.090000152587891,4.0879998207092285,nan,nan
1.150000000000091,0.9086213111877441,4.080999851226807,4.089000225067139,4.0879998207092285,4.0879998207092285,4.090000152587891,4.0879998207092285,nan,nan
1.2000000000000455,0.925000011920929,4.080999851226807,4.089000225067139,4.0879998207092285,4.0879998207092285,4.090000152587891,4.0879998207092285,nan,nan
1.25,0.925000011920929,4.080999851226807,4.089000225067139,4.0879998207092285,4.0879998207092285,4.090000152587891,4.0879998207092285,nan,nan
1.2999999999999545,0.925000011920929,4.080999851226807,4.089000225067139,4.0879998207092285,4.0879998207092285,4.090000152587891,4.0879998207092285,nan,nan
1.3500000000001364,0.925000011920929,4.080999851226807,4.089000225067139,4.0879998207092285,4.08867883682251,4.090000152587891,4.0879998207092285,nan,nan
1.400000000000091,0.9294605851173401,4.080999851226807,4.089676856994629,4.0879998207092285,4.08832311630249,4.090000152587891,4.0879998207092285,nan,nan
1.4500000000000455,0.9420785307884216,4.080999851226807,4.089322090148926,4.0879998207092285,4.0879998207092285,4.090000152587891,4.0879998207092285,nan,nan
1.5,0.9453058242797852,4.080999851226807,4.089000225067139,4.0879998207092285,4.0879998207092285,4.090000152587891,4.0879998207092285,nan,nan
1.5499999999999545,0.949999988079071,4.080999851226807,4.089000225067139,4.0879998207092285,4.0879998207092285,4.090000152587891,4.0879998207092285,nan,nan
1.6000000000001364,0.949999988079071,4.080999851226807,4.089000225067139,4.0879998207092285,4.0879998207092285,4.090000152587891,4.0879998207092285,nan,nan
1.650000000000091,0.9176329970359802,4.080999851226807,4.089000225067139,4.0879998207092285,4.0886735916137695,4.090000152587891,4.0879998207092285,nan,nan
1.7000000000000455,0.9447822570800781,4.080999851226807,4.089000225067139,4.0879998207092285,4.088327407836914,4.090000152587891,4.0879998207092285,nan,nan
1.75,0.9321834444999695,4.080999851226807,4.089000225067139,4.0879998207092285,4.0879998207092285,4.090000152587891,4.0886383056640625,nan,nan
1.7999999999999545,0.925000011920929,4.080999851226807,4.089000225067139,4.0879998207092285,4.0879998207092285,4.090000152587891,4.088363170623779,nan,nan
1.8500000000001364,0.9430204033851624,4.080326080322266,4.089000225067139,4.0879998207092285,4.0879998207092285,4.090000152587891,4.0879998207092285,nan,nan
1.900000000000091,0.925000011920929,4.080672264099121,4.089000225067139,4.0879998207092285,4.0879998207092285,4.090000152587891,4.0879998207092285,nan,nan
1.9500000000000455,0.9432535171508789,4.080999851226807,4.089000225067139,4.0879998207092285,4.0879998207092285,4.090000152587891,4.0879998207092285,nan,nan
2.0,0.925000011920929,4.080999851226807,4.089000225067139,4.0879998207092285,4.0879998207092285,4.090000152587891,4.0879998207092285,nan,nan
2.0499999999999545,0.925000011920929,4.080999851226807,4.089000225067139,4.0879998207092285,4.0879998207092285,4.090000152587891,4.0879998207092285,nan,nan
2.1000000000001364,0.949999988079071,4.080999851226807,4.089000225067139,4.0879998207092285,4.0879998207092285,4.090000152587891,4.0879998207092285,nan,nan
2.150000000000091,0.9062778353691101,4.080999851226807,4.089000225067139,4.0879998207092285,4.0879998207092285,4.090000152587891,4.0879998207092285,nan,nan
2.2000000000000455,0.8999999761581421,4.080999851226807,4.089000225067139,4.0879998207092285,4.0879998207092285,4.090000152587891,4.0879998207092285,nan,nan
2.25,0.925000011920929,4.080999851226807,4.089000225067139,4.0879998207092285,4.0879998207092285,4.090000152587891,4.0879998207092285,nan,nan
2.2999999999999545,0.9065721035003662,4.080999851226807,4.089000225067139,4.0879998207092285,4.0879998207092285,4.090000152587891,4.0879998207092285,nan,nan
2.3500000000001364,0.925000011920929,4.080999851226807,4.089000225067139,4.0879998207092285,4.0879998207092285,4.090000152587891,4.0879998207092285,nan,nan
2.400000000000091,0.9181971549987793,4.080999851226807,4.089000225067139,4.0879998207092285,4.0879998207092285,4.090000152587891,4.0879998207092285,nan,nan
2.4500000000000455,0.9194200038909912,4.080999851226807,4.089000225067139,4.0879998207092285,4.0879998207092285,4.090000152587891,4.0879998207092285,nan,nan
2.5,0.9070374965667725,4.080999851226807,4.089000225067139,4.0879998207092285,4.088665962219238,4.090000152587891,4.0879998207092285,nan,nan
2.5499999999999545,0.925000011920929,4.080999851226807,4.089000225067139,4.0879998207092285,4.089000225067139,4.090000152587891,4.0879998207092285,nan,nan
2.6000000000001364,0.9427288770675659,4.080999851226807,4.089000225067139,4.0879998207092285,4.088334560394287,4.090000152587891,4.0879998207092285,nan,nan
2.650000000000091,0.925000011920929,4.080999851226807,4.089000225067139,4.0879998207092285,4.0879998207092285,4.090000152587891,4.0879998207092285,nan,nan
2.7000000000000455,0.9325757026672363,4.080999851226807,4.089000225067139,4.0879998207092285,4.0879998207092285,4.090000152587891,4.0879998207092285,nan,nan
2.75,0.9451409578323364,4.080999851226807,4.089000225067139,4.0879998207092285,4.0879998207092285,4.090000152587891,4.0879998207092285,nan,nan
2.7999999999999545,0.9077481627464294,4.080999851226807,4.089000225067139,4.0879998207092285,4.0879998207092285,4.090000152587891,4.0879998207092285,nan,nan
2.8500000000001364,0.920351505279541,4.080999851226807,4.089000225067139,4.0879998207092285,4.0879998207092285,4.090000152587891,4.0879998207092285,nan,nan
2.900000000000091,0.925000011920929,4.080999851226807,4.089000225067139,4.0879998207092285,4.0879998207092285,4.090000152587891,4.0879998207092285,nan,nan
2.9500000000000455,0.925000011920929,4.080999851226807,4.089000225067139,4.0879998207092285,4.0879998207092285,4.090000152587891,4.0879998207092285,nan,nan
3.0,0.925000011920929,4.080999851226807,4.089000225067139,4.0879998207092285,4.0879998207092285,4.090000152587891,4.0879998207092285,nan,nan
3.0499999999999545,0.925000011920929,4.080999851226807,4.089000225067139,4.0879998207092285,4.0879998207092285,4.090000152587891,4.0879998207092285,nan,nan
3.1000000000001364,0.9415656924247742,4.080999851226807,4.089000225067139,4.0879998207092285,4.0879998207092285,4.090000152587891,4.0879998207092285,nan,nan
3.150000000000091,0.9421920776367188,4.080999851226807,4.089000225067139,4.0879998207092285,4.0879998207092285,4.090000152587891,4.0879998207092285,nan,nan
3.2000000000000455,0.9412592053413391,4.080999851226807,4.089000225067139,4.0879998207092285,4.0879998207092285,4.090000152587891,4.0879998207092285,nan,nan
3.25,0.9073882699012756,4.080999851226807,4.089660167694092,4.0879998207092285,4.0879998207092285,4.090000152587891,4.0879998207092285,nan,nan
3.2999999999999545,0.925000011920929,4.080999851226807,4.089341640472412,4.0879998207092285,4.0879998207092285,4.090000152587891,4.0879998207092285,nan,nan
3.3500000000001364,0.9284825325012207,4.080999851226807,4.089000225067139,4.0879998207092285,4.0879998207092285,4.090000152587891,4.0879998207092285,nan,nan
3.400000000000091,0.8999999761581421,4.080999851226807,4.089000225067139,4.0879998207092285,4.0879998207092285,4.090000152587891,4.0879998207092285,nan,nan
3.4500000000000455,0.925000011920929,4.080999851226807,4.089000225067139,4.0879998207092285,4.0879998207092285,4.090000152587891,4.0879998207092285,nan,nan
3.5,0.9312644600868225,4.080999851226807,4.089000225067139,4.0879998207092285,4.0879998207092285,4.090000152587891,4.0879998207092285,nan,nan
3.5499999999999545,0.949999988079071,4.080999851226807,4.089000225067139,4.0879998207092285,4.0879998207092285,4.090000152587891,4.0879998207092285,nan,nan
3.6000000000001364,0.925000011920929,4.080999851226807,4.089000225067139,4.0879998207092285,4.0879998207092285,4.090000152587891,4.0879998207092285,nan,nan
3.650000000000091,0.925000011920929,4.080999851226807,4.089000225067139,4.0879998207092285,4.0879998207092285,4.090000152587891,4.0879998207092285,nan,nan
3.7000000000000455,0.925000011920929,4.080999851226807,4.089000225067139,4.0879998207092285,4.0879998207092285,4.090000152587891,4.0879998207092285,nan,nan
3.75,0.9474507570266724,4.080999851226807,4.089000225067139,4.0879998207092285,4.0879998207092285,4.090000152587891,4.0879998207092285,nan,nan
3.7999999999999545,0.925000011920929,4.080999851226807,4.089000225067139,4.0879998207092285,4.0879998207092285,4.090000152587891,4.0879998207092285,nan,nan
3.8500000000001364,0.925000011920929,4.080999851226807,4.089000225067139,4.0879998207092285,4.0879998207092285,4.090000152587891,4.0879998207092285,nan,nan
3.900000000000091,0.925000011920929,4.080999851226807,4.089000225067139,4.0879998207092285,4.0879998207092285,4.090000152587891,4.0879998207092285,nan,nan
3.9500000000000455,0.9020835757255554,4.080999851226807,4.089000225067139,4.0879998207092285,4.0879998207092285,4.090000152587891,4.0879998207092285,nan,nan
4.0,0.925000011920929,4.080999851226807,4.089000225067139,4.0879998207092285,4.0879998207092285,4.090000152587891,4.0879998207092285,nan,nan
4.0499999999999545,0.9268375635147095,4.080999851226807,4.089000225067139,4.0879998207092285,4.0879998207092285,4.090000152587891,4.0879998207092285,nan,nan
4.100000000000136,0.9391046166419983,4.080999851226807,4.089000225067139,4.0879998207092285,4.0879998207092285,4.090000152587891,4.0879998207092285,nan,nan
4.150000000000091,0.9483857750892639,4.080999851226807,4.089000225067139,4.0879998207092285,4.0879998207092285,4.090000152587891,4.0879998207092285,nan,nan
4.2000000000000455,0.9360554218292236,4.080999851226807,4.089000225067139,4.0879998207092285,4.0879998207092285,4.090000152587891,4.0879998207092285,nan,nan
4.25,0.8999999761581421,4.080999851226807,4.089000225067139,4.0879998207092285,4.0879998207092285,4.090000152587891,4.0879998207092285,nan,nan
4.2999999999999545,0.925000011920929,4.080999851226807,4.089000225067139,4.0879998207092285,4.0879998207092285,4.090000152587891,4.0879998207092285,nan,nan
4.350000000000136,0.9261526465415955,4.080999851226807,4.089000225067139,4.0879998207092285,4.0879998207092285,4.090000152587891,4.0879998207092285,nan,nan
4.400000000000091,0.925000011920929,4.080999851226807,4.089000225067139,4.0879998207092285,4.0879998207092285,4.090000152587891,4.0879998207092285,nan,nan
4.4500000000000455,0.9259151220321655,4.080999851226807,4.089000225067139,4.0879998207092285,4.0879998207092285,4.090000152587891,4.0879998207092285,nan,nan
4.5,0.925000011920929,4.080999851226807,4.089000225067139,4.0879998207092285,4.0879998207092285,4.090000152587891,4.0879998207092285,nan,nan
4.5499999999999545,0.9256789684295654,4.080999851226807,4.089000225067139,4.0879998207092285,4.0879998207092285,4.090000152587891,4.0879998207092285,nan,nan
4.600000000000136,0.925000011920929,4.080999851226807,4.089000225067139,4.0879998207092285,4.0879998207092285,4.090000152587891,4.0879998207092285,nan,nan
4.650000000000091,0.9254502654075623,4.080999851226807,4.089000225067139,4.0879998207092285,4.0879998207092285,4.090000152587891,4.0879998207092285,nan,nan
4.7000000000000455,0.925000011920929,4.080999851226807,4.089000225067139,4.0879998207092285,4.0879998207092285,4.090000152587891,4.0879998207092285,nan,nan
4.75,0.949999988079071,4.080999851226807,4.089000225067139,4.0879998207092285,4.0879998207092285,4.090000152587891,4.0879998207092285,nan,nan
4.7999999999999545,0.925000011920929,4.080999851226807,4.089000225067139,4.0879998207092285,4.0879998207092285,4.090000152587891,4.0879998207092285,nan,nan
4.850000000000136,0.924986720085144,4.080999851226807,4.089000225067139,4.0879998207092285,4.0879998207092285,4.090000152587891,4.0879998207092285,nan,nan
4.900000000000091,0.925000011920929,4.080999851226807,4.089000225067139,4.0879998207092285,4.0879998207092285,4.090000152587891,4.0879998207092285,nan,nan
4.9500000000000455,0.9002487063407898,4.080999851226807,4.089000225067139,4.0879998207092285,4.0879998207092285,4.090000152587891,4.0879998207092285,nan,nan
5.0,0.925000011920929,4.080999851226807,4.089000225067139,4.0879998207092285,4.0879998207092285,4.090000152587891,4.0879998207092285,nan,nan
5.0499999999999545,0.949999988079071,4.080999851226807,4.089000225067139,4.0879998207092285,4.0879998207092285,4.090000152587891,4.0879998207092285,nan,nan
5.100000000000136,0.925000011920929,4.080999851226807,4.089000225067139,4.0879998207092285,4.0879998207092285,4.090000152587891,4.0879998207092285,nan,nan
5.150000000000091,0.9257184863090515,4.080999851226807,4.089000225067139,4.0879998207092285,4.0879998207092285,4.090000152587891,4.0879998207092285,nan,nan
5.2000000000000455,0.936672568321228,4.080360412597656,4.089000225067139,4.0879998207092285,4.0879998207092285,4.090000152587891,4.0879998207092285,nan,nan
5.25,0.925000011920929,4.0806403160095215,4.089000225067139,4.0879998207092285,4.0879998207092285,4.090000152587891,4.0879998207092285,nan,nan
5.2999999999999545,0.925000011920929,4.080999851226807,4.089000225067139,4.0879998207092285,4.0879998207092285,4.090000152587891,4.0879998207092285,nan,nan
5.350000000000136,0.925000011920929,4.080999851226807,4.089000225067139,4.0879998207092285,4.0879998207092285,4.090000152587891,4.0879998207092285,nan,nan
5.400000000000091,0.9387956857681274,4.080999851226807,4.089000225067139,4.0879998207092285,4.0879998207092285,4.090000152587891,4.0879998207092285,nan,nan
5.4500000000000455,0.925000011920929,4.080999851226807,4.089000225067139,4.0879998207092285,4.0879998207092285,4.090000152587891,4.0879998207092285,nan,nan
5.5,0.949999988079071,4.080999851226807,4.089000225067139,4.0879998207092285,4.0879998207092285,4.090000152587891,4.0879998207092285,nan,nan
5.5499999999999545,0.949999988079071,4.080999851226807,4.089000225067139,4.0879998207092285,4.0879998207092285,4.090000152587891,4.0879998207092285,nan,nan
5.600000000000136,0.9392618536949158,4.080999851226807,4.089000225067139,4.0879998207092285,4.0879998207092285,4.090000152587891,4.0879998207092285,nan,nan
5.650000000000091,0.925000011920929,4.080999851226807,4.089000225067139,4.0879998207092285,4.0879998207092285,4.090000152587891,4.0879998207092285,nan,nan
5.7000000000000455,0.925000011920929,4.080999851226807,4.089000225067139,4.0879998207092285,4.0879998207092285,4.090000152587891,4.0879998207092285,nan,nan
5.75,0.949999988079071,4.080999851226807,4.089000225067139,4.0879998207092285,4.0879998207092285,4.090000152587891,4.0879998207092285,nan,nan
5.7999999999999545,0.9352724552154541,4.080999851226807,4.089000225067139,4.0879998207092285,4.0879998207092285,4.090000152587891,4.0879998207092285,nan,nan
5.850000000000136,0.925000011920929,4.080999851226807,4.089000225067139,4.0879998207092285,4.0879998207092285,4.090000152587891,4.0879998207092285,nan,nan
5.900000000000091,0.8999999761581421,4.080999851226807,4.089000225067139,4.0879998207092285,4.0879998207092285,4.090000152587891,4.0879998207092285,nan,nan
5.9500000000000455,0.949999988079071,4.080999851226807,4.089000225067139,4.0879998207092285,4.0879998207092285,4.090000152587891,4.0879998207092285,nan,nan
6.0,0.9401968121528625,4.080999851226807,4.089000225067139,4.0879998207092285,4.0879998207092285,4.090000152587891,4.0879998207092285,nan,nan
6.0499999999999545,0.925000011920929,4.080999851226807,4.089000225067139,4.0879998207092285,4.088630676269531,4.090000152587891,4.0879998207092285,nan,nan
6.100000000000136,0.949999988079071,4.080999851226807,4.089000225067139,4.0879998207092285,4.088368892669678,4.090000152587891,4.0879998207092285,nan,nan
6.150000000000091,0.9469338059425354,4.080999851226807,4.089000225067139,4.0879998207092285,4.0879998207092285,4.090000152587891,4.0879998207092285,nan,nan
6.2000000000000455,0.9341582655906677,4.080999851226807,4.089000225067139,4.0879998207092285,4.0879998207092285,4.090000152587891,4.0879998207092285,nan,nan
6.25,0.949999988079071,4.080999851226807,4.089000225067139,4.0879998207092285,4.0879998207092285,4.090000152587891,4.0879998207092285,nan,nan
6.2999999999999545,0.9339215755462646,4.080999851226807,4.089000225067139,4.0879998207092285,4.0879998207092285,4.090000152587891,4.0879998207092285,nan,nan
6.350000000000136,0.9285334944725037,4.080999851226807,4.089000225067139,4.0879998207092285,4.0879998207092285,4.090000152587891,4.0879998207092285,nan,nan
6.400000000000091,0.925000011920929,4.080999851226807,4.089000225067139,4.0879998207092285,4.0879998207092285,4.090000152587891,4.0879998207092285,nan,nan
6.4500000000000455,0.9462525248527527,4.080999851226807,4.089000225067139,4.0879998207092285,4.0879998207092285,4.090000152587891,4.0879998207092285,nan,nan
6.5,0.9414052963256836,4.080999851226807,4.089000225067139,4.0879998207092285,4.0879998207092285,4.090000152587891,4.0879998207092285,nan,nan
6.5499999999999545,0.925000011920929,4.080999851226807,4.089000225067139,4.0879998207092285,4.0879998207092285,4.090000152587891,4.0879998207092285,nan,nan
6.600000000000136,0.9415947198867798,4.080999851226807,4.089000225067139,4.0879998207092285,4.0879998207092285,4.090000152587891,4.088589668273926,nan,nan
6.650000000000091,0.925000011920929,4.080999851226807,4.089000225067139,4.0879998207092285,4.0879998207092285,4.090000152587891,4.088409900665283,nan,nan
6.7000000000000455,0.925000011920929,4.080999851226807,4.089000225067139,4.0879998207092285,4.0879998207092285,4.090000152587891,4.0879998207092285,nan,nan
6.75,0.9294407367706299,4.080999851226807,4.089000225067139,4.0879998207092285,4.0879998207092285,4.090000152587891,4.0879998207092285,nan,nan
6.7999999999999545,0.925000011920929,4.080999851226807,4.089000225067139,4.0879998207092285,4.0879998207092285,4.090000152587891,4.0879998207092285,nan,nan
6.850000000000136,0.925000011920929,4.080999851226807,4.089000225067139,4.0879998207092285,4.0879998207092285,4.090000152587891,4.0879998207092285,nan,nan
6.900000000000091,0.925000011920929,4.080999851226807,4.089000225067139,4.0879998207092285,4.0879998207092285,4.090000152587891,4.0879998207092285,nan,nan
6.9500000000000455,0.949999988079071,4.080376148223877,4.089000225067139,4.0879998207092285,4.0879998207092285,4.090000152587891,4.0879998207092285,nan,nan
7.0,0.925000011920929,4.0806193351745605,4.089000225067139,4.0879998207092285,4.0879998207092285,4.090000152587891,4.0879998207092285,nan,nan
7.0499999999999545,0.9301466941833496,4.080999851226807,4.089000225067139,4.0879998207092285,4.0879998207092285,4.090000152587891,4.0879998207092285,nan,nan
7.100000000000136,0.925000011920929,4.080999851226807,4.089000225067139,4.0879998207092285,4.0879998207092285,4.090000152587891,4.0879998207092285,nan,nan
7.150000000000091,0.925000011920929,4.080999851226807,4.089000225067139,4.0879998207092285,4.0879998207092285,4.090000152587891,4.0879998207092285,nan,nan
7.2000000000000455,0.9429939389228821,4.080999851226807,4.089000225067139,4.0879998207092285,4.0879998207092285,4.090000152587891,4.0879998207092285,nan,nan
7.25,0.930671751499176,4.080999851226807,4.089000225067139,4.0879998207092285,4.0879998207092285,4.090000152587891,4.0879998207092285,nan,nan
7.2999999999999545,0.949999988079071,4.080999851226807,4.089000225067139,4.0879998207092285,4.0879998207092285,4.090000152587891,4.0879998207092285,nan,nan
7.350000000000136,0.949999988079071,4.080380439758301,4.089000225067139,4.0879998207092285,4.0879998207092285,4.090000152587891,4.0879998207092285,nan,nan
7.400000000000091,0.949999988079071,4.080618381500244,4.089000225067139,4.0879998207092285,4.0879998207092285,4.090000152587891,4.0879998207092285,nan,nan
7.4500000000000455,0.9310740828514099,4.080999851226807,4.089000225067139,4.0879998207092285,4.0879998207092285,4.090000152587891,4.0879998207092285,nan,nan
7.5,0.925000011920929,4.080999851226807,4.089000225067139,4.0879998207092285,4.0879998207092285,4.090000152587891,4.0879998207092285,nan,nan
7.5499999999999545,0.9313104748725891,4.080999851226807,4.089000225067139,4.0879998207092285,4.0879998207092285,4.090000152587891,4.0879998207092285,nan,nan
7.600000000000136,0.925000011920929,4.080999851226807,4.089616298675537,4.0879998207092285,4.0879998207092285,4.090000152587891,4.0879998207092285,nan,nan
7.650000000000091,0.925000011920929,4.080999851226807,4.089383125305176,4.0879998207092285,4.0879998207092285,4.090000152587891,4.0879998207092285,nan,nan
7.7000000000000455,0.925000011920929,4.080999851226807,4.089000225067139,4.0879998207092285,4.0879998207092285,4.090000152587891,4.0879998207092285,nan,nan
7.75,0.925000011920929,4.080999851226807,4.089000225067139,4.0879998207092285,4.0879998207092285,4.090000152587891,4.0879998207092285,nan,nan
7.7999999999999545,0.925000011920929,4.080999851226807,4.089000225067139,4.0879998207092285,4.0879998207092285,4.090000152587891,4.0879998207092285,nan,nan
7.850000000000136,0.9070466756820679,4.080999851226807,4.089000225067139,4.0879998207092285,4.0879998207092285,4.090000152587891,4.0879998207092285,nan,nan
7.900000000000091,0.9303723573684692,4.080999851226807,4.089000225067139,4.0879998207092285,4.0879998207092285,4.090000152587891,4.0879998207092285,nan,nan
7.9500000000000455,0.9322452545166016,4.080385684967041,4.089000225067139,4.0879998207092285,4.0879998207092285,4.090000152587891,4.088577747344971,nan,nan
8.0,0.925000011920929,4.0806097984313965,4.089000225067139,4.0879998207092285,4.0879998207092285,4.090000152587891,4.088423728942871,nan,nan
8.049999999999955,0.9324750900268555,4.080999851226807,4.089000225067139,4.0879998207092285,4.0879998207092285,4.090000152587891,4.0879998207092285,nan,nan
8.100000000000136,0.925000011920929,4.08038854598999,4.089000225067139,4.0879998207092285,4.0879998207092285,4.090000152587891,4.0879998207092285,nan,nan
8.150000000000091,0.9327095746994019,4.0806121826171875,4.089000225067139,4.0879998207092285,4.0879998207092285,4.090000152587891,4.0879998207092285,nan,nan
8.200000000000045,1.0138850212097168,4.080389499664307,4.089000225067139,4.0879998207092285,4.0879998207092285,4.089425563812256,4.0879998207092285,nan,nan
8.25,1.2432379722595215,4.079999923706055,4.088388919830322,4.08738899230957,4.08738899230957,4.089000225067139,4.087425231933594,nan,nan
8.299999999999955,1.5221788883209229,4.078780651092529,4.087390422821045,4.086390495300293,4.086390495300293,4.087852954864502,4.086426734924316,nan,nan
8.350000000000136,1.8173242807388306,4.078000068664551,4.086390018463135,4.085390090942383,4.085390090942383,4.086426258087158,4.085426330566406,nan,nan
8.400000000000091,2.012634754180908,4.077391624450684,4.085391521453857,4.0843915939331055,4.0843915939331055,4.085427761077881,4.084427356719971,nan,nan
8.450000000000045,2.183194875717163,4.076390743255615,4.084391117095947,4.083391189575195,4.083391189575195,4.085000038146973,4.083427429199219,nan,nan
8.5,2.357961893081665,4.075393199920654,4.083393096923828,4.082393169403076,4.083000183105469,4.08385705947876,4.082428455352783,nan,nan
8.549999999999955,2.523951768875122,4.074392318725586,4.083000183105469,4.081999778747559,4.08239221572876,4.083000183105469,4.081999778747559,nan,nan
8.600000000000136,2.7075002193450928,4.073999881744385,4.082394123077393,4.081394195556641,4.081394195556641,4.0824294090271,4.081429481506348,nan,nan
8.650000000000091,2.848400354385376,4.07339334487915,4.081393241882324,4.080393314361572,4.080999851226807,4.081999778747559,4.080999851226807,nan,nan
8.700000000000045,2.9853882789611816,4.072394847869873,4.080999851226807,4.079394817352295,4.080394744873047,4.081430435180664,4.080430507659912,nan,nan
8.75,3.1568052768707275,4.072000026702881,4.080394268035889,4.078999996185303,4.079394340515137,4.080430507659912,4.07943058013916,nan,nan
8.799999999999955,3.30985951423645,4.0713958740234375,4.079395771026611,4.078395843505859,4.078395843505859,4.079431533813477,4.078431606292725,nan,nan
8.850000000000136,3.4813435077667236,4.070395469665527,4.078999996185303,4.078000068664551,4.078000068664551,4.078999996185303,4.078000068664551,nan,nan
8.900000000000091,3.6560568809509277,4.070000171661377,4.07839822769165,4.077398300170898,4.077398300170898,4.078432559967041,4.077432155609131,nan,nan
8.950000000000045,3.805715322494507,4.069397449493408,4.077397346496582,4.07639741897583,4.07639741897583,4.077432155609131,4.076432228088379,nan,nan
9.0,3.977813959121704,4.068403720855713,4.076404094696045,4.075403690338135,4.076000213623047,4.076435089111328,4.076000213623047,nan,nan
9.049999999999955,4.130382061004639,4.06740140914917,4.076000213623047,4.074401378631592,4.075401306152344,4.076000213623047,4.075434684753418,nan,nan
9.100000000000136,4.282149791717529,4.066999912261963,4.075401306152344,4.073999881744385,4.074401378631592,4.074868679046631,4.074434280395508,nan,nan
9.150000000000091,4.439910888671875,4.066400051116943,4.074399948120117,4.073400020599365,4.073400020599365,4.073999881744385,4.073999881744385,nan,nan
9.200000000000045,4.652355670928955,4.065999984741211,4.073999881744385,4.072999954223633,4.072999954223633,4.073435306549072,4.073435306549072,nan,nan
9.25,4.764740467071533,4.065399169921875,4.073399066925049,4.072399139404297,4.072399139404297,4.07243537902832,4.07243537902832,nan,nan
9.299999999999955,4.908478736877441,4.064400672912598,4.07240104675293,4.0714006423950195,4.072000026702881,4.072000026702881,4.072000026702881,nan,nan
9.350000000000136,5.143530368804932,4.0634002685546875,4.071400165557861,4.070400238037109,4.071400165557861,4.071436405181885,4.070872783660889,nan,nan
9.400000000000091,5.330678462982178,4.063000202178955,4.071000099182129,4.070000171661377,4.070401668548584,4.070437431335449,4.069437503814697,nan,nan
9.450000000000045,5.478542327880859,4.061802864074707,4.070401191711426,4.069401264190674,4.069401264190674,4.069437503814697,4.068999767303467,nan,nan
9.5,5.57831335067749,4.060999870300293,4.069402694702148,4.0684027671813965,4.068999767303467,4.068999767303467,4.068999767303467,nan,nan
9.549999999999955,5.74212121963501,4.060999870300293,4.068999767303467,4.067999839782715,4.068402290344238,4.06843900680542,4.067878246307373,nan,nan
9.600000000000136,5.952850341796875,4.060405254364014,4.067810535430908,4.066810607910156,4.066810607910156,4.067441463470459,4.066441535949707,nan,nan
9.650000000000091,6.077606201171875,4.059404373168945,4.066999912261963,4.065999984741211,4.065999984741211,4.066441059112549,4.065999984741211,nan,nan
9.700000000000045,6.226183891296387,4.058406829833984,4.066407203674316,4.065406799316406,4.065406799316406,4.065442085266113,4.065442085266113,nan,nan
9.75,6.390710830688477,4.058000087738037,4.06540584564209,4.064405918121338,4.064405918121338,4.064441680908203,4.065000057220459,nan,nan
9.799999999999955,6.626915454864502,4.057409286499023,4.065000057220459,4.064000129699707,4.064000129699707,4.064000129699707,4.064443588256836,nan,nan
9.850000000000136,6.715014457702637,4.056407928466797,4.064407825469971,4.063407897949219,4.063407897949219,4.063443183898926,4.063443183898926,nan,nan
9.900000000000091,6.8771772384643555,4.05540657043457,4.063406467437744,4.062406539916992,4.063000202178955,4.063000202178955,4.063000202178955,nan,nan
9.950000000000045,7.076893329620361,4.054999828338623,4.062406063079834,4.061999797821045,4.062406063079834,4.061886310577393,4.061886310577393,nan,nan
10.0,7.275979995727539,4.054409980773926,4.061409950256348,4.06082010269165,4.061409950256348,4.060999870300293,4.060999870300293,nan,nan
10.049999999999955,7.4512739181518555,4.053408622741699,4.060999870300293,4.059999942779541,4.060408592224121,4.06044340133667,4.06044340133667,nan,nan
10.100000000000136,7.651026725769043,4.052408218383789,4.060408115386963,4.059408187866211,4.059408187866211,4.058890342712402,4.059445381164551,nan,nan
10.150000000000091,7.8755598068237305,4.051407814025879,4.0588154792785645,4.0578155517578125,4.058407783508301,4.058000087738037,4.058444976806641,nan,nan
10.200000000000045,8.025046348571777,4.051000118255615,4.058000087738037,4.057000160217285,4.057409286499023,4.0574493408203125,4.0574493408203125,nan,nan
10.25,8.199636459350586,4.050408840179443,4.057408809661865,4.056408882141113,4.056408882141113,4.056448459625244,4.057000160217285,nan,nan
10.299999999999955,8.374186515808105,4.049410820007324,4.056410789489746,4.055410861968994,4.056000232696533,4.055450439453125,4.056450843811035,nan,nan
10.350000000000136,8.598709106445312,4.048410415649414,4.055410385131836,4.054410457611084,4.054820537567139,4.054450035095215,4.055449962615967,nan,nan
10.400000000000091,8.748249053955078,4.047413349151611,4.054413318634033,4.053999900817871,4.053999900817871,4.053450584411621,4.054450511932373,nan,nan
10.450000000000045,8.922218322753906,4.046412467956543,4.053999900817871,4.053412437438965,4.053412437438965,4.052449703216553,4.053449630737305,nan,nan
10.5,9.170920372009277,4.045414447784424,4.053414344787598,4.052414417266846,4.052999973297119,4.052000045776367,4.052448749542236,nan,nan
10.549999999999955,9.383309364318848,4.045000076293945,4.052413463592529,4.051413536071777,4.0518269538879395,4.050897121429443,4.051448345184326,nan,nan
10.600000000000136,9.600000381469727,4.043825626373291,4.050825595855713,4.049825191497803,4.049825191497803,4.048899173736572,4.049899101257324,nan,nan
10.650000000000091,9.64588737487793,4.043000221252441,4.050000190734863,4.048999786376953,4.049587726593018,4.048550605773926,4.049550533294678,nan,nan
10.700000000000045,9.797701835632324,4.042413711547852,4.049413681030273,4.048999786376953,4.049413681030273,4.047901153564453,4.048901081085205,nan,nan
10.75,9.994961738586426,4.041999816894531,4.048413276672363,4.047826766967773,4.048413276672363,4.047549724578857,4.047999858856201,nan,nan
10.799999999999955,10.195871353149414,4.040829181671143,4.047999858856201,4.046999931335449,4.047414779663086,4.046904563903809,4.047452449798584,nan,nan
10.850000000000136,10.394021987915039,4.039999961853027,4.046828746795654,4.046414375305176,4.046414375305176,4.045452117919922,4.046452045440674,nan,nan
10.900000000000091,10.595145225524902,4.0388312339782715,4.04541540145874,4.04541540145874,4.046000003814697,4.044455051422119,4.045454978942871,nan,nan
10.950000000000045,10.281514167785645,4.0385847091674805,4.046169281005859,4.045584678649902,4.046000003814697,4.044545650482178,4.04554557800293,nan,nan
11.0,9.42764663696289,4.041322231292725,4.048741817474365,4.047741889953613,4.047741889953613,4.046628475189209,4.047628402709961,nan,nan
11.049999999999955,8.822290420532227,4.043581485748291,4.051163196563721,4.050744533538818,4.050744533538818,4.049630165100098,4.05063009262085,nan,nan
11.100000000000136,8.135353088378906,4.04574728012085,4.053747177124023,4.052582263946533,4.053164958953857,4.052083969116211,4.053083896636963,nan,nan
11.150000000000091,5.737705230712891,4.052243232727051,4.060243129730225,4.058825492858887,4.059825897216797,4.058966159820557,4.0588812828063965,nan,nan
11.200000000000045,3.662341356277466,4.061232089996338,4.06923246383667,4.06823205947876,4.068650722503662,4.068325519561768,4.067866325378418,nan,nan
11.25,2.590165615081787,4.067326545715332,4.075326442718506,4.074326515197754,4.074326515197754,4.074706554412842,4.074165344238281,nan,nan
11.299999999999955,2.042783737182617,4.070160865783691,4.078741550445557,4.077160835266113,4.077741622924805,4.078627109527588,4.077627182006836,nan,nan
11.350000000000136,1.7459748983383179,4.071580410003662,4.080580711364746,4.079161167144775,4.079580783843994,4.08054256439209,4.079542636871338,nan,nan
11.400000000000091,1.6777750253677368,4.072579383850098,4.080999851226807,4.079999923706055,4.079999923706055,4.081541538238525,4.079999923706055,nan,nan
11.450000000000045,2.1777877807617188,4.072420120239258,4.08042049407959,4.07942008972168,4.07942008972168,4.080916881561279,4.079458236694336,nan,nan
11.5,3.414889335632324,4.0685296058654785,4.077107906341553,4.0755295753479,4.076107978820801,4.077297687530518,4.076297760009766,nan,nan
11.549999999999955,4.293740272521973,4.064264297485352,4.072685718536377,4.071264266967773,4.071685791015625,4.0728373527526855,4.072378158569336,nan,nan
11.600000000000136,4.733750820159912,4.061844825744629,4.069845199584961,4.068844795227051,4.069422721862793,4.069921016693115,4.069921016693115,nan,nan
11.650000000000091,4.993288993835449,4.060999870300293,4.068999767303467,4.067422389984131,4.068422317504883,4.068459987640381,4.067920207977295,nan,nan
11.700000000000045,5.096526145935059,4.060423374176025,4.068423271179199,4.066999912261963,4.067423343658447,4.0674614906311035,4.066999912261963,nan,nan
11.75,5.175000190734863,4.059999942779541,4.067423343658447,4.066423416137695,4.066999912261963,4.066999912261963,4.066999912261963,nan,nan
11.799999999999955,5.221297264099121,4.05942440032959,4.066999912261963,4.065999984741211,4.066999912261963,4.066999912261963,4.066999912261963,nan,nan
11.850000000000136,5.224999904632568,4.059000015258789,4.066999912261963,4.065999984741211,4.0664238929748535,4.066999912261963,4.066999912261963,nan,nan
11.900000000000091,5.224999904632568,4.059000015258789,4.066999912261963,4.065999984741211,4.066574573516846,4.066999912261963,4.066461563110352,nan,nan
11.950000000000045,5.2665557861328125,4.059000015258789,4.066999912261963,4.065999984741211,4.06642484664917,4.066461563110352,4.065999984741211,nan,nan
12.0,5.2958269119262695,4.059000015258789,4.066999912261963,4.065999984741211,4.065999984741211,4.065999984741211,4.065999984741211,nan,nan
12.049999999999955,5.997715473175049,4.05785608291626,4.065284252166748,4.064284324645996,4.064856052398682,4.064925193786621,4.064387798309326,nan,nan
12.100000000000136,7.505959987640381,4.053563594818115,4.060563564300537,4.059563636779785,4.060563564300537,4.060781002044678,4.060317516326904,nan,nan
12.150000000000091,9.258440017700195,4.046989917755127,4.053989887237549,4.052989959716797,4.053989887237549,4.053708553314209,4.053708553314209,nan,nan
12.200000000000045,10.459705352783203,4.041140556335449,4.048140525817871,4.047140598297119,4.0475687980651855,4.046786785125732,4.0473222732543945,nan,nan
12.25,11.129196166992188,4.036712169647217,4.043712139129639,4.043283939361572,4.043283939361572,4.042929172515869,4.043929100036621,nan,nan
12.299999999999955,11.425000190734863,4.03442907333374,4.041429042816162,4.041429042816162,4.040858268737793,4.040395736694336,4.041930675506592,nan,nan
12.350000000000136,11.179940223693848,4.034570693969727,4.041571140289307,4.040999889373779,4.041141986846924,4.040069103240967,4.041534423828125,nan,nan
12.400000000000091,10.96025276184082,4.035569667816162,4.042569637298584,4.042139530181885,4.042569637298584,4.040999889373779,4.041999816894531,nan,nan
12.450000000000045,10.935443878173828,4.035999774932861,4.043000221252441,4.0424299240112305,4.0424299240112305,4.040999889373779,4.0425333976745605,nan,nan
12.5,11.048320770263672,4.035999774932861,4.043000221252441,4.041999816894531,4.041999816894531,4.040467262268066,4.041934490203857,nan,nan
12.549999999999955,11.455607414245605,4.034862041473389,4.0418620109558105,4.040293216705322,4.040862083435059,4.03893518447876,4.040467262268066,nan,nan
12.600000000000136,11.980452537536621,4.032864093780518,4.0392961502075195,4.0384321212768555,4.0388641357421875,4.0369367599487305,4.038404941558838,nan,nan
12.650000000000091,12.377266883850098,4.0308637619018555,4.0374321937561035,4.036863803863525,4.036863803863525,4.034936904907227,4.036468505859375,nan,nan
12.700000000000045,12.601661682128906,4.029433250427246,4.036433219909668,4.035432815551758,4.035999774932861,4.033999919891357,4.035469055175781,nan,nan
12.75,12.788162231445312,4.027865886688232,4.034865856170654,4.034432888031006,4.035432815551758,4.0329389572143555,4.0344696044921875,nan,nan
12.799999999999955,12.975841522216797,4.027565956115723,4.033999919891357,4.03343391418457,4.033867835998535,4.03147029876709,4.033470153808594,nan,nan
12.850000000000136,13.13134479522705,4.026867866516113,4.03343391418457,4.032433986663818,4.0329999923706055,4.031000137329102,4.0329999923706055,nan,nan
12.900000000000091,13.27466106414795,4.025434970855713,4.032434940338135,4.0320000648498535,4.032434940338135,4.029942035675049,4.031942367553711,nan,nan
12.950000000000045,13.456117630004883,4.025000095367432,4.031435012817383,4.030869483947754,4.031435012817383,4.0289998054504395,4.031000137329102,nan,nan
13.0,13.605422973632812,4.023877143859863,4.0304388999938965,4.029438495635986,4.0304388999938965,4.028471946716309,4.0304718017578125,nan,nan
13.049999999999955,14.052895545959473,4.022438049316406,4.028875827789307,4.028438091278076,4.028875827789307,4.026944160461426,4.028944492340088,nan,nan
13.100000000000136,14.589373588562012,4.020310401916504,4.026309967041016,4.026873588562012,4.02743673324585,4.0249457359313965,4.027472972869873,nan,nan
13.150000000000091,14.916954040527344,4.018436908721924,4.024436950683594,4.024873733520508,4.025310039520264,4.022419452667236,4.02541971206665,nan,nan
13.200000000000045,15.280279159545898,4.017437934875488,4.023437976837158,4.023437976837158,4.023437976837158,4.020473957061768,4.022947788238525,nan,nan
13.25,15.854195594787598,4.015313148498535,4.021875381469727,4.021875381469727,4.021313190460205,4.018422603607178,4.02094841003418,nan,nan
13.299999999999955,16.513607025146484,4.0123162269592285,4.018754959106445,4.018194198608398,4.018316268920898,4.015425205230713,4.01894998550415,nan,nan
13.350000000000136,16.770755767822266,4.010438919067383,4.016438961029053,4.015999794006348,4.016438961029053,4.01347541809082,4.016950607299805,nan,nan
13.400000000000091,17.06261444091797,4.009439945220947,4.015439987182617,4.015439987182617,4.0148797035217285,4.011951923370361,4.014951705932617,nan,nan
13.450000000000045,17.264863967895508,4.008439540863037,4.013879299163818,4.013879299163818,4.013439655303955,4.010476112365723,4.013476371765137,nan,nan
13.5,17.108591079711914,4.007999897003174,4.013559341430664,4.013000011444092,4.013000011444092,4.009477138519287,4.013000011444092,nan,nan
13.549999999999955,15.811781883239746,4.010796070098877,4.016796112060547,4.016355514526367,4.016355514526367,4.012659549713135,4.016136646270752,nan,nan
13.600000000000136,14.762216567993164,4.014675140380859,4.021233081817627,4.021233081817627,4.021791458129883,4.01861047744751,4.021088600158691,nan,nan
13.650000000000091,14.241230010986328,4.017674922943115,4.024116516113281,4.023558139801025,4.02400016784668,4.021522045135498,4.024043560028076,nan,nan
13.700000000000045,13.998799324035645,4.018442630767822,4.025000095367432,4.02400016784668,4.024557590484619,4.022521018981934,4.025000095367432,nan,nan
13.75,12.968792915344238,4.020787239074707,4.027787208557129,4.026786804199219,4.0272297859191895,4.024562358856201,4.026562690734863,nan,nan
13.799999999999955,11.342361450195312,4.026895046234131,4.03333854675293,4.032338619232178,4.032338619232178,4.030160903930664,4.032160758972168,nan,nan
13.850000000000136,10.127620697021484,4.032225608825684,4.038782119750977,4.037781715393066,4.0383381843566895,4.036599159240723,4.038079261779785,nan,nan
13.900000000000091,8.451619148254395,4.0378875732421875,4.044332504272461,4.043332099914551,4.043776988983154,4.0426344871521,4.043115139007568,nan,nan
13.950000000000045,5.986196994781494,4.045998573303223,4.052554130554199,4.051554203033447,4.052109241485596,4.051188945770264,4.051707744598389,nan,nan
14.0,4.4265666007995605,4.053310394287109,4.060862064361572,4.05986213684082,4.060862064361572,4.060145378112793,4.0601091384887695,nan,nan
14.049999999999955,3.573413848876953,4.05820894241333,4.066208839416504,4.064656734466553,4.065656661987305,4.065553665161133,4.0650715827941895,nan,nan
14.100000000000136,3.161224126815796,4.060553550720215,4.068553447723389,4.067660808563232,4.0681071281433105,4.068552017211914,4.068034648895264,nan,nan
14.150000000000091,2.9435322284698486,4.061553478240967,4.0701069831848145,4.068999767303467,4.069553375244141,4.070000171661377,4.069517135620117,nan,nan
14.200000000000045,3.12278151512146,4.062552452087402,4.0704474449157715,4.068999767303467,4.070000171661377,4.070516109466553,4.070000171661377,nan,nan
14.25,4.386431694030762,4.060237884521484,4.0677900314331055,4.0667901039123535,4.067237854003906,4.067904472351074,4.067420482635498,nan,nan
14.299999999999955,5.8844685554504395,4.054691314697266,4.062139987945557,4.061140060424805,4.061140060424805,4.061392784118652,4.06190824508667,nan,nan
14.350000000000136,6.70074462890625,4.049794673919678,4.057345867156982,4.0563459396362305,4.056897163391113,4.056455135345459,4.056940078735352,nan,nan
14.400000000000091,7.141430854797363,4.047449588775635,4.054899215698242,4.05389928817749,4.054899215698242,4.05448579788208,4.05448579788208,nan,nan
14.450000000000045,7.310498237609863,4.046449661254883,4.053449630737305,4.052999973297119,4.053449630737305,4.053485870361328,4.053485870361328,nan,nan
14.5,7.454794883728027,4.0465497970581055,4.052999973297119,4.052450656890869,4.052450656890869,4.051973342895508,4.052486896514893,nan,nan
14.549999999999955,7.522607326507568,4.046450614929199,4.052999973297119,4.052000045776367,4.052549362182617,4.051512718200684,4.052000045776367,nan,nan
14.600000000000136,7.525000095367432,4.045451641082764,4.052999973297119,4.052000045776367,4.0524516105651855,4.052000045776367,4.052000045776367,nan,nan
14.650000000000091,7.522839069366455,4.045548439025879,4.052999973297119,4.052000045776367,4.052000045776367,4.051487922668457,4.052000045776367,nan,nan
14.700000000000045,6.865410804748535,4.0465474128723145,4.0540947914123535,4.053094863891602,4.053094863891602,4.052022933959961,4.053022861480713,nan,nan
14.75,5.201655387878418,4.051379680633545,4.058832168579102,4.05783224105835,4.05783224105835,4.057088375091553,4.057577610015869,nan,nan
14.799999999999955,3.7529232501983643,4.057733058929443,4.065279960632324,4.064280033111572,4.064280033111572,4.064573287963867,4.064062595367432,nan,nan
14.850000000000136,2.78562068939209,4.062186241149902,4.070186138153076,4.069186210632324,4.069186210632324,4.070040225982666,4.069039821624756,nan,nan
14.900000000000091,2.2909038066864014,4.065091609954834,4.073091506958008,4.072091579437256,4.072091579437256,4.073019027709961,4.072019100189209,nan,nan
14.950000000000045,2.0458662509918213,4.066545486450195,4.074545860290527,4.073545932769775,4.073545932769775,4.074509143829346,4.073509216308594,nan,nan
15.0,1.9362655878067017,4.06754207611084,4.074999809265137,4.074542045593262,4.074542045593262,4.0755085945129395,4.0745086669921875,nan,nan
15.049999999999955,1.8987692594528198,4.067999839782715,4.075542449951172,4.074999809265137,4.074999809265137,4.076000213623047,4.074999809265137,nan,nan
15.100000000000136,1.8364274501800537,4.067999839782715,4.076000213623047,4.074999809265137,4.0755438804626465,4.076507568359375,4.074999809265137,nan,nan
15.150000000000091,1.8020074367523193,4.067999839782715,4.076000213623047,4.074999809265137,4.076000213623047,4.077000141143799,4.075507164001465,nan,nan
15.200000000000045,2.2007901668548584,4.06745719909668,4.0754570960998535,4.074457168579102,4.0754570960998535,4.076493263244629,4.075493335723877,nan,nan
15.25,3.6747000217437744,4.064286708831787,4.072286605834961,4.071286678314209,4.071743965148926,4.0724568367004395,4.071962833404541,nan,nan
15.299999999999955,5.414443492889404,4.057665824890137,4.0656657218933105,4.064665794372559,4.065207481384277,4.065461158752441,4.064955711364746,nan,nan
15.350000000000136,6.377980709075928,4.052374839782715,4.059833526611328,4.058833599090576,4.059291839599609,4.059474468231201,4.058979511260986,nan,nan
15.400000000000091,6.889589786529541,4.049918174743652,4.056918144226074,4.055918216705322,4.056458950042725,4.056495666503906,4.056495666503906,nan,nan
15.450000000000045,7.125847816467285,4.048459529876709,4.055459499359131,4.054459571838379,4.0549187660217285,4.054991722106934,4.055495738983154,nan,nan
15.5,7.7033915519714355,4.047460079193115,4.054460048675537,4.053460121154785,4.053460121154785,4.053496360778809,4.053992748260498,nan,nan
15.549999999999955,9.928322792053223,4.04214334487915,4.0491437911987305,4.04814338684082,4.04814338684082,4.047465801239014,4.047968864440918,nan,nan
15.600000000000136,12.985611915588379,4.030995845794678,4.0379958152771,4.036995887756348,4.036995887756348,4.035467147827148,4.0369696617126465,nan,nan
15.650000000000091,15.04598617553711,4.020690441131592,4.027152061462402,4.026690483093262,4.02615213394165,4.024481296539307,4.0264811515808105,nan,nan
15.700000000000045,16.134445190429688,4.014848232269287,4.020310401916504,4.020310401916504,4.019848346710205,4.017992973327637,4.0204949378967285,nan,nan
15.75,16.79600715637207,4.0108489990234375,4.01638650894165,4.01638650894165,4.01638650894165,4.014495849609375,4.017496109008789,nan,nan
15.799999999999955,17.211923599243164,4.007925987243652,4.013926029205322,4.013926029205322,4.013926029205322,4.011497497558594,4.01449728012085,nan,nan
15.850000000000136,17.250633239746094,4.006999969482422,4.013000011444092,4.012463092803955,4.013000011444092,4.009499549865723,4.013000011444092,nan,nan
15.900000000000091,17.277976989746094,4.006999969482422,4.0124640464782715,4.01200008392334,4.013000011444092,4.009500026702881,4.013000011444092,nan,nan
15.950000000000045,17.25,4.006999969482422,4.01253604888916,4.01253604888916,4.013000011444092,4.010000228881836,4.012500762939453,nan,nan
16.0,17.348047256469727,4.006467342376709,4.011934280395508,4.011401653289795,4.011934280395508,4.009002208709717,4.01200008392334,nan,nan
16.049999999999955,17.473899841308594,4.004934787750244,4.011000156402588,4.010532855987549,4.011532783508301,4.007999897003174,4.011003494262695,nan,nan
16.100000000000136,17.572580337524414,4.004533767700195,4.0104660987854,4.0104660987854,4.010931968688965,4.007004261016846,4.010000228881836,nan,nan
16.15000000000009,17.86837387084961,4.00393533706665,4.008935451507568,4.009467601776123,4.009467601776123,4.00600004196167,4.009502410888672,nan,nan
16.200000000000045,17.798423767089844,4.0035319328308105,4.009063720703125,4.008999824523926,4.008999824523926,4.005006313323975,4.008502960205078,nan,nan
16.25,17.337562561035156,4.004532814025879,4.010532855987549,4.009532928466797,4.009532928466797,4.005488872528076,4.008992671966553,nan,nan
16.299999999999955,16.935205459594727,4.0055317878723145,4.011531829833984,4.011064052581787,4.011064052581787,4.007991790771484,4.010495662689209,nan,nan
16.350000000000136,16.70179557800293,4.006531715393066,4.01200008392334,4.01200008392334,4.01200008392334,4.009495258331299,4.011495113372803,nan,nan
16.40000000000009,16.539501190185547,4.006999969482422,4.012531280517578,4.01200008392334,4.013062000274658,4.010000228881836,4.0124945640563965,nan,nan
16.450000000000045,16.56875228881836,4.007530689239502,4.013000011444092,4.01253080368042,4.012938499450684,4.010000228881836,4.012505531311035,nan,nan
16.5,16.639644622802734,4.006939888000488,4.01246976852417,4.013000011444092,4.012530326843262,4.010000228881836,4.01200008392334,nan,nan
16.549999999999955,16.740886688232422,4.006529808044434,4.0125298500061035,4.012470245361328,4.0119404792785645,4.0090131759643555,4.0115065574646,nan,nan
16.600000000000136,16.770240783691406,4.006470680236816,4.011941432952881,4.011470794677734,4.011000156402588,4.008492946624756,4.011000156402588,nan,nan
16.65000000000009,16.957536697387695,4.005471229553223,4.011528968811035,4.011000156402588,4.011000156402588,4.008015155792236,4.010507583618164,nan,nan
16.700000000000045,17.019777297973633,4.005000114440918,4.011471748352051,4.010471820831299,4.00994348526001,4.006507873535156,4.010000228881836,nan,nan
16.75,17.091773986816406,4.004472255706787,4.009944438934326,4.009472370147705,4.009527683258057,4.006491661071777,4.010000228881836,nan,nan
16.799999999999955,17.26361656188965,4.003472805023193,4.009527206420898,4.008472919464111,4.008945941925049,4.005526542663574,4.0090179443359375,nan,nan
16.850000000000136,17.388139724731445,4.002999782562256,4.008949279785156,4.007474899291992,4.007999897003174,4.004490375518799,4.008490562438965,nan,nan
16.90000000000009,17.43769073486328,4.002475261688232,4.00747537612915,4.0075249671936035,4.0085248947143555,4.005000114440918,4.008509635925293,nan,nan
16.950000000000045,17.590402603149414,4.001999855041504,4.00752592086792,4.007473945617676,4.007421493530273,4.003530979156494,4.007020950317383,nan,nan
17.0,17.64592170715332,4.001999855041504,4.006954193115234,4.006477355957031,4.00600004196167,4.00248908996582,4.006489276885986,nan,nan
17.049999999999955,17.789623260498047,4.000431537628174,4.005477428436279,4.00600004196167,4.00600004196167,4.002511501312256,4.0060224533081055,nan,nan
17.100000000000136,17.926856994628906,3.9995245933532715,4.005000114440918,4.0054755210876465,4.0054755210876465,4.001999855041504,4.005000114440918,nan,nan
17.15000000000009,17.996326446533203,3.9989516735076904,4.004476070404053,4.004476070404053,4.005524158477783,4.001999855041504,4.005000114440918,nan,nan
17.200000000000045,18.01768684387207,3.998523235321045,4.004000186920166,4.004000186920166,4.005476474761963,4.00151252746582,4.004512786865234,nan,nan
17.25,18.798059463500977,3.997432231903076,4.002432346343994,4.002432346343994,4.003432273864746,4.000026702880859,4.003026962280273,nan,nan
17.299999999999955,21.320831298828125,3.99078106880188,3.996303081512451,3.996303081512451,3.9962592124938965,3.992194414138794,3.996166706085205,nan,nan
17.350000000000136,23.591367721557617,3.98026180267334,3.9857401847839355,3.986783504486084,3.9868268966674805,3.9811158180236816,3.9856302738189697,nan,nan
17.40000000000009,25.89617156982422,3.970832109451294,3.975831985473633,3.977311134338379,3.978311061859131,3.9726340770721436,3.976148843765259,nan,nan
17.450000000000045,28.852710723876953,3.961287260055542,3.9647293090820312,3.965729236602783,3.9667294025421143,3.9617178440093994,3.966167449951172,nan,nan
17.5,31.21200180053711,3.949773073196411,3.9533298015594482,3.9548487663269043,3.9558486938476562,3.9492039680480957,3.9552040100097656,nan,nan
17.549999999999955,33.58770751953125,3.9408819675445557,3.944842576980591,3.94580340385437,3.9457640647888184,3.937678575515747,3.945129871368408,nan,nan
17.600000000000136,34.17787170410156,3.9354047775268555,3.9384047985076904,3.9389238357543945,3.939481019973755,3.932483434677124,3.940033197402954,nan,nan
17.65000000000009,35.02743911743164,3.9324827194213867,3.9354827404022217,3.935448408126831,3.935896873474121,3.929137945175171,3.9365861415863037,nan,nan
17.700000000000045,36.393089294433594,3.9294166564941406,3.9313833713531494,3.9298665523529053,3.9293832778930664,3.9225881099700928,3.9325528144836426,nan,nan
17.75,39.52077102661133,3.9192264080047607,3.921781063079834,3.9213356971740723,3.9208176136016846,3.9137375354766846,3.923774242401123,nan,nan
17.799999999999955,45.46010971069336,3.8995749950408936,3.9035749435424805,3.9045748710632324,3.903057098388672,3.8940012454986572,3.9044454097747803,nan,nan
17.850000000000136,53.07770538330078,3.8729965686798096,3.874927043914795,3.8769617080688477,3.878066062927246,3.866056203842163,3.8770945072174072,nan,nan
17.90000000000009,62.1770133972168,3.8424651622772217,3.8414316177368164,3.843398332595825,3.846364736557007,3.829373836517334,3.842737913131714,nan,nan
17.950000000000045,72.19515228271484,3.8068597316741943,3.8012449741363525,3.8053433895111084,3.8063106536865234,3.7868032455444336,3.805722951889038,10.018138885498047,-0.03891444206237793
18.0,81.60352325439453,3.766948699951172,3.7661638259887695,3.7675158977508545,3.7716236114501953,3.747774362564087,3.7716522216796875,nan,nan
18.049999999999955,95.81155395507812,3.704404592514038,3.714996814727783,3.7043251991271973,3.716430902481079,3.685373544692993,3.717641830444336,14.208030700683594,-0.05808428923288981
18.100000000000136,63.559146881103516,3.7479047775268555,3.755727767944336,3.7469637393951416,3.7578163146972656,3.721313238143921,3.7511775493621826,-32.25240707397461,0.03962175051371256
18.15000000000009,44.81488800048828,3.8583686351776123,3.8603687286376953,3.8598830699920654,3.863826036453247,3.8448331356048584,3.859161853790283,-18.744258880615234,0.11092301209767659
18.200000000000045,45.14303207397461,3.8838908672332764,3.884349822998047,3.886918067932129,3.88634991645813,3.877239227294922,3.885667324066162,nan,nan
18.25,39.096763610839844,3.8923187255859375,3.8928587436676025,3.895805597305298,3.894345283508301,3.8834402561187744,3.892963409423828,nan,nan
18.299999999999955,26.923215866088867,3.927579641342163,3.9300920963287354,3.9310922622680664,3.9316048622131348,3.9198195934295654,3.928819417953491,-12.173547744750977,0.036212642987569175
18.350000000000136,15.90587329864502,3.970996856689453,3.9760451316833496,3.9770452976226807,3.9775331020355225,3.969308614730835,3.975454330444336,-11.017342567443848,0.04622924327850342
18.40000000000009,10.499543190002441,4.002763271331787,4.009763240814209,4.009740352630615,4.009740352630615,4.005932807922363,4.008457183837891,nan,nan
18.450000000000045,9.274999618530273,4.016044616699219,4.023044586181641,4.022555351257324,4.022555351257324,4.020847320556641,4.022372722625732,nan,nan
18.5,11.503294944763184,4.013916015625,4.02091646194458,4.0204057693481445,4.0204057693481445,4.018782138824463,4.020256519317627,nan,nan
18.549999999999955,14.189637184143066,4.00438928604126,4.0108795166015625,4.01038932800293,4.01038932800293,4.007795810699463,4.010268688201904,nan,nan
18.600000000000136,15.810028076171875,3.996961832046509,4.002452373504639,4.0019426345825195,4.002452373504639,3.9991636276245117,4.002163887023926,nan,nan
18.65000000000009,17.121217727661133,3.9924545288085938,3.996945381164551,3.9964544773101807,3.996945381164551,3.9936392307281494,3.9971113204956055,nan,nan
18.700000000000045,18.07632827758789,3.987457036972046,3.9919657707214355,3.992474317550659,3.9934914112091064,3.98958420753479,3.992640256881714,nan,nan
18.75,18.605663299560547,3.9844918251037598,3.9894917011260986,3.989983558654785,3.991983413696289,3.986588954925537,3.9890592098236084,nan,nan
18.799999999999955,18.904993057250977,3.983492374420166,3.988492250442505,3.988492250442505,3.9899845123291016,3.984999895095825,3.98799991607666,nan,nan
18.850000000000136,19.059751510620117,3.9830000400543213,3.9885072708129883,3.9885072708129883,3.988492727279663,3.9840590953826904,3.9875295162200928,nan,nan
18.90000000000009,19.523801803588867,3.9819865226745605,3.9874799251556396,3.9874799251556396,3.9869866371154785,3.982529640197754,3.9860594272613525,nan,nan
18.950000000000045,19.995025634765625,3.979987382888794,3.984987497329712,3.984987497329712,3.984987497329712,3.9810636043548584,3.984531879425049,nan,nan
19.0,20.77937126159668,3.9779934883117676,3.982490301132202,3.982490301132202,3.9829936027526855,3.9785964488983154,3.9825963973999023,nan,nan
19.049999999999955,21.485280990600586,3.9749886989593506,3.9789886474609375,3.9794914722442627,3.9804913997650146,3.975593328475952,3.980062246322632,nan,nan
19.100000000000136,22.054054260253906,3.9724953174591064,3.9769999980926514,3.9769904613494873,3.9774856567382812,3.9725942611694336,3.977125883102417,nan,nan
19.15000000000009,22.675132751464844,3.970487356185913,3.9749832153320312,3.9744873046875,3.9744873046875,3.970064640045166,3.97453236579895,nan,nan
19.200000000000045,23.13717269897461,3.9679927825927734,3.972496509552002,3.9719929695129395,3.972496509552002,3.967597723007202,3.97259783744812,nan,nan
19.25,23.589473724365234,3.9654910564422607,3.9704909324645996,3.9704971313476562,3.970993995666504,3.965066909790039,3.9705333709716797,nan,nan
19.299999999999955,23.932661056518555,3.9634974002838135,3.9684975147247314,3.9689950942993164,3.9694974422454834,3.9644663333892822,3.9700000286102295,nan,nan
19.350000000000136,24.295930862426758,3.9630000591278076,3.9669957160949707,3.9669957160949707,3.9679958820343018,3.9636030197143555,3.9686031341552734,nan,nan
19.40000000000009,24.657190322875977,3.9614949226379395,3.965498447418213,3.965498447418213,3.9670000076293945,3.961069107055664,3.966068983078003,nan,nan
19.450000000000045,24.895509719848633,3.960501194000244,3.9649999141693115,3.96449875831604,3.96549654006958,3.9595353603363037,3.9645352363586426,nan,nan
19.5,25.03508949279785,3.959998607635498,3.963998794555664,3.9634993076324463,3.9639999866485596,3.9590001106262207,3.9639999866485596,nan,nan
19.549999999999955,25.212526321411133,3.9584999084472656,3.9624998569488525,3.9635000228881836,3.9639999866485596,3.957608699798584,3.962608814239502,nan,nan
19.600000000000136,25.14997673034668,3.9584996700286865,3.9619998931884766,3.963000774383545,3.9635002613067627,3.956463575363159,3.9619271755218506,nan,nan
19.65000000000009,23.263572692871094,3.9614953994750977,3.9654934406280518,3.9659924507141113,3.9664933681488037,3.9607014656066895,3.9662389755249023,nan,nan
19.700000000000045,19.239479064941406,3.97247576713562,3.9769773483276367,3.9779772758483887,3.9779772758483887,3.9723997116088867,3.9769372940063477,nan,nan
19.75,13.448746681213379,3.991961717605591,3.9969582557678223,3.997460126876831,3.9979584217071533,3.9930052757263184,3.9965436458587646,nan,nan
19.799999999999955,8.936017990112305,4.011961936950684,4.0179619789123535,4.017463684082031,4.018464088439941,4.01577091217041,4.017848014831543,nan,nan
19.850000000000136,6.02452278137207,4.026968479156494,4.032968521118164,4.031968116760254,4.032968521118164,4.031529426574707,4.032529830932617,nan,nan
19.90000000000009,4.463623523712158,4.035484313964844,4.041981220245361,4.041478157043457,4.042478084564209,4.041224479675293,4.0413031578063965,nan,nan
19.950000000000045,3.6924285888671875,4.039985656738281,4.047482013702393,4.046985626220703,4.047489166259766,4.046379566192627,4.045839309692383,nan,nan
20.0,3.2890307903289795,4.042986869812012,4.0504937171936035,4.049493312835693,4.049493312835693,4.049379348754883,4.049379348754883,nan,nan
20.049999999999955,3.0562853813171387,4.044492721557617,4.051492691040039,4.050985813140869,4.050985813140869,4.051458835601807,4.051458835601807,nan,nan
20.100000000000136,2.9710803031921387,4.045000076293945,4.052495002746582,4.052495002746582,4.052495002746582,4.052000045776367,4.052000045776367,nan,nan
20.15000000000009,2.9107117652893066,4.045989036560059,4.053494453430176,4.052999973297119,4.052999973297119,4.052915573120117,4.052457809448242,nan,nan
20.200000000000045,2.8499999046325684,4.046999931335449,4.0544939041137695,4.052999973297119,4.053493976593018,4.053999900817871,4.052999973297119,nan,nan
20.25,2.8499999046325684,4.046999931335449,4.054999828338623,4.053493499755859,4.053999900817871,4.053999900817871,4.053456783294678,nan,nan
20.299999999999955,2.8499999046325684,4.047492980957031,4.054999828338623,4.053999900817871,4.054492950439453,4.05445671081543,4.053999900817871,nan,nan
20.350000000000136,2.825000047683716,4.047999858856201,4.054999828338623,4.053999900817871,4.054999828338623,4.054999828338623,4.054455757141113,nan,nan
20.40000000000009,2.798733949661255,4.048491954803467,4.055491924285889,4.054491996765137,4.054999828338623,4.055455684661865,4.055455684661865,nan,nan
20.450000000000045,2.711347818374634,4.0494914054870605,4.056000232696533,4.054999828338623,4.0554914474487305,4.056454658508301,4.056000232696533,nan,nan
20.5,2.7041351795196533,4.049509048461914,4.056490898132324,4.055490970611572,4.056490898132324,4.056545257568359,4.056000232696533,nan,nan
20.549999999999955,4.126383304595947,4.047529220581055,4.055038928985596,4.054039001464844,4.054548740386963,4.054184913635254,4.054184913635254,nan,nan
20.600000000000136,9.65382194519043,4.034733295440674,4.0407538414001465,4.040243625640869,4.040243625640869,4.040655612945557,4.040655612945557,nan,nan
20.65000000000009,14.787810325622559,4.013213157653809,4.018702507019043,4.018213272094727,4.018213272094727,4.016583442687988,4.017942428588867,nan,nan
20.700000000000045,17.667739868164062,3.9971320629119873,4.003131866455078,4.002621173858643,4.002621173858643,3.9990193843841553,4.002472400665283,nan,nan
20.75,19.132993698120117,3.9885575771331787,3.9940693378448486,3.9940693378448486,3.9940693378448486,3.990288734436035,3.994288682937622,nan,nan
20.799999999999955,19.878665924072266,3.9850239753723145,3.9895358085632324,3.9900238513946533,3.9895358085632324,3.9851925373077393,3.989192485809326,nan,nan
20.850000000000136,20.288251876831055,3.9820501804351807,3.986537456512451,3.9875376224517822,3.9875125885009766,3.9830000400543213,3.986999988555908,nan,nan
20.90000000000009,20.325746536254883,3.9800000190734863,3.985487222671509,3.9864871501922607,3.986999988555908,3.98209810256958,3.985647201538086,nan,nan
20.950000000000045,18.313152313232422,3.9843785762786865,3.989405632019043,3.990405559539795,3.990892171859741,3.9850494861602783,3.9880495071411133,nan,nan
21.0,16.379032135009766,3.992385149002075,3.997352361679077,3.997868776321411,3.998385190963745,3.9935994148254395,3.9961493015289307,nan,nan
21.049999999999955,15.390766143798828,3.9979312419891357,4.003448486328125,4.002965450286865,4.003448486328125,3.999795913696289,4.00224494934082,nan,nan
21.100000000000136,14.877547264099121,4.000485420227051,4.005970478057861,4.004970550537109,4.0054850578308105,4.002898216247559,4.0058979988098145,nan,nan
21.15000000000009,14.664925575256348,4.001968860626221,4.007484436035156,4.006968975067139,4.006968975067139,4.004447937011719,4.006999969482422,nan,nan
21.200000000000045,14.575593948364258,4.002999782562256,4.007999897003174,4.007999897003174,4.007999897003174,4.005000114440918,4.007448196411133,nan,nan
21.25,14.797146797180176,4.002516746520996,4.007516384124756,4.007516384124756,4.007999897003174,4.005000114440918,4.007106304168701,nan,nan
21.299999999999955,15.146663665771484,4.001033782958984,4.006516933441162,4.006516933441162,4.007033824920654,4.003211975097656,4.005553245544434,nan,nan
21.350000000000136,15.688620567321777,3.999035120010376,4.004552841186523,4.004552841186523,4.005035400390625,4.000999927520752,4.00410795211792,nan,nan
21.40000000000009,16.681886672973633,3.9960718154907227,4.001071929931641,4.001071929931641,4.001589775085449,3.998324394226074,4.001216411590576,nan,nan
21.450000000000045,17.674522399902344,3.992074489593506,3.997074604034424,3.9965932369232178,3.99755597114563,3.994110107421875,3.9976651668548584,nan,nan
21.5,18.29350471496582,3.989518880844116,3.994518995285034,3.993518829345703,3.9945566654205322,3.991219997406006,3.9946649074554443,nan,nan
21.549999999999955,18.167272567749023,3.989000082015991,3.9935195446014404,3.9925196170806885,3.993000030517578,3.9894440174102783,3.9934439659118652,nan,nan
21.600000000000136,16.88373374938965,3.990920066833496,3.995880126953125,3.9953601360321045,3.995880126953125,3.9922196865081787,3.9957759380340576,nan,nan
21.65000000000009,13.814553260803223,3.9992313385009766,4.004752159118652,4.004272937774658,4.004272937774658,3.9998726844787598,4.003315448760986,nan,nan
21.700000000000045,9.508000373840332,4.01366662979126,4.019625186920166,4.018624782562256,4.01910400390625,4.015303611755371,4.017974853515625,nan,nan
21.75,6.74669885635376,4.026785373687744,4.033785343170166,4.03326416015625,4.033785343170166,4.031862735748291,4.032420635223389,nan,nan
21.799999999999955,4.922942638397217,4.035826683044434,4.0428266525268555,4.042348384857178,4.042348384857178,4.041536808013916,4.041536808013916,nan,nan
21.850000000000136,3.9117748737335205,4.041432857513428,4.048910617828369,4.047910690307617,4.048388481140137,4.047764301300049,4.047764301300049,nan,nan
21.90000000000009,3.34062123298645,4.044432163238525,4.051954746246338,4.051432132720947,4.051954746246338,4.051323413848877,4.051323413848877,nan,nan
21.950000000000045,2.9640488624572754,4.046953201293945,4.053953170776367,4.053476810455322,4.053476810455322,4.053440093994141,4.053880214691162,nan,nan
22.0,2.709848165512085,4.048473834991455,4.055473804473877,4.054473876953125,4.055422306060791,4.055320739746094,4.054999828338623,nan,nan
22.049999999999955,2.580153703689575,4.049472808837891,4.056946277618408,4.0554728507995605,4.056527137756348,4.057000160217285,4.055439472198486,nan,nan
22.100000000000136,2.477719783782959,4.050000190734863,4.058000087738037,4.056475639343262,4.056475639343262,4.057000160217285,4.056439399719238,nan,nan
22.15000000000009,2.375,4.050949573516846,4.058474540710449,4.057000160217285,4.057000160217285,4.057438373565674,4.057438373565674,nan,nan
22.200000000000045,2.303070545196533,4.051525592803955,4.059000015258789,4.057474613189697,4.057949066162109,4.058438301086426,4.058000087738037,nan,nan
22.25,2.265542507171631,4.051473617553711,4.059000015258789,4.058000087738037,4.059000015258789,4.059437274932861,4.058000087738037,nan,nan
22.299999999999955,2.2281858921051025,4.052000045776367,4.059473514556885,4.058000087738037,4.059000015258789,4.059562683105469,4.058437347412109,nan,nan
22.350000000000136,2.2249999046325684,4.0524725914001465,4.059999942779541,4.058472633361816,4.059000015258789,4.059436321258545,4.059000015258789,nan,nan
22.40000000000009,2.221606731414795,4.052999973297119,4.06047248840332,4.059000015258789,4.059472560882568,4.060436248779297,4.059436321258545,nan,nan
22.450000000000045,2.2410097122192383,4.052999973297119,4.060999870300293,4.059000015258789,4.059999942779541,4.060564994812012,4.059564590454102,nan,nan
22.5,2.182244062423706,4.053471565246582,4.060999870300293,4.059471607208252,4.059999942779541,4.059999942779541,4.0594353675842285,nan,nan
22.549999999999955,2.1912386417388916,4.053529262542725,4.0605292320251465,4.059999942779541,4.0604705810546875,4.060433864593506,4.059999942779541,nan,nan
22.600000000000136,2.196143865585327,4.053470611572266,4.0604705810546875,4.059999942779541,4.060999870300293,4.060999870300293,4.059999942779541,nan,nan
22.65000000000009,2.174999952316284,4.053999900817871,4.061469554901123,4.059999942779541,4.060530185699463,4.060999870300293,4.060433387756348,nan,nan
22.700000000000045,2.1500000953674316,4.053999900817871,4.061999797821045,4.060469627380371,4.060469627380371,4.060999870300293,4.060999870300293,nan,nan
22.75,2.141702890396118,4.053999900817871,4.061999797821045,4.060999870300293,4.061468601226807,4.061432361602783,4.060567855834961,nan,nan
22.799999999999955,2.125,4.054468631744385,4.061999797821045,4.060999870300293,4.0615315437316895,4.061999797821045,4.060432434082031,nan,nan
22.850000000000136,2.125,4.054999828338623,4.061999797821045,4.060999870300293,4.06146764755249,4.061999797821045,4.060999870300293,nan,nan
22.90000000000009,2.125,4.054999828338623,4.062467575073242,4.06146764755249,4.061999797821045,4.061999797821045,4.060999870300293,nan,nan
22.950000000000045,2.1171610355377197,4.054999828338623,4.063000202178955,4.061999797821045,4.061999797821045,4.061999797821045,4.060999870300293,nan,nan
23.0,2.3271560668945312,4.054999828338623,4.062535762786865,4.061535835266113,4.061999797821045,4.061999797821045,4.060999870300293,nan,nan
23.049999999999955,4.6097822189331055,4.050833225250244,4.057833194732666,4.056833267211914,4.057370185852051,4.057713985443115,4.057142734527588,nan,nan
23.100000000000136,8.012463569641113,4.039487838745117,4.046487808227539,4.045487880706787,4.045487880706787,4.045555591583252,4.045985221862793,nan,nan
23.15000000000009,10.194169998168945,4.028285503387451,4.034821510314941,4.033821105957031,4.033821105957031,4.033143997192383,4.034572601318359,nan,nan
23.200000000000045,11.320422172546387,4.0221428871154785,4.028142929077148,4.0271430015563965,4.0271430015563965,4.0262861251831055,4.027857303619385,nan,nan
23.25,11.910679817199707,4.018610000610352,4.024609565734863,4.024073123931885,4.024536609649658,4.0231451988220215,4.024145126342773,nan,nan
23.299999999999955,12.172444343566895,4.016536712646484,4.0229997634887695,4.022536754608154,4.023073673248291,4.021144866943359,4.0225725173950195,nan,nan
23.350000000000136,12.313796043395996,4.015999794006348,4.022537708282471,4.021537780761719,4.021537780761719,4.01957368850708,4.021999835968018,nan,nan
23.40000000000009,12.427129745483398,4.015538692474365,4.021538257598877,4.020538330078125,4.020999908447266,4.019000053405762,4.021573543548584,nan,nan
23.450000000000045,12.413005828857422,4.014999866485596,4.02146053314209,4.020460605621338,4.020539283752441,4.0185747146606445,4.020574569702148,nan,nan
23.5,12.438100814819336,4.014999866485596,4.021081447601318,4.020540714263916,4.019999980926514,4.01800012588501,4.020425319671631,nan,nan
23.549999999999955,12.430814743041992,4.014542102813721,4.020458221435547,4.019999980926514,4.020458221435547,4.01800012588501,4.020151138305664,nan,nan
23.600000000000136,11.761518478393555,4.015833854675293,4.022375106811523,4.0213751792907715,4.021458625793457,4.018848896026611,4.020698070526123,nan,nan
23.65000000000009,10.2190523147583,4.0202860832214355,4.0262861251831055,4.0252861976623535,4.025200366973877,4.022964000701904,4.025540351867676,nan,nan
23.700000000000045,7.547190189361572,4.028054714202881,4.0345139503479,4.033973693847656,4.034054756164551,4.032083988189697,4.033660411834717,nan,nan
23.75,5.456735134124756,4.037668704986572,4.044668674468994,4.044209957122803,4.044127464294434,4.042802333831787,4.043379783630371,nan,nan
23.799999999999955,4.163393974304199,4.04429292678833,4.051292896270752,4.05029296875,4.051292896270752,4.050113677978516,4.050113677978516,nan,nan
23.850000000000136,3.2118871212005615,4.048830986022949,4.055830955505371,4.054373264312744,4.055373191833496,4.054686546325684,4.054686546325684,nan,nan
23.90000000000009,2.623137950897217,4.051915168762207,4.058915138244629,4.057372570037842,4.058372974395752,4.058265686035156,4.0578436851501465,nan,nan
23.950000000000045,2.313991069793701,4.053456783294678,4.060913562774658,4.059913158416748,4.0604567527771,4.060420513153076,4.059420585632324,nan,nan
24.0,2.2249999046325684,4.054454803466797,4.061999797821045,4.060999870300293,4.060999870300293,4.061420440673828,4.060420036315918,nan,nan
24.049999999999955,2.1197259426116943,4.054999828338623,4.061999797821045,4.060999870300293,4.061453342437744,4.0624189376831055,4.0614190101623535,nan,nan
24.100000000000136,2.075000047683716,4.055454730987549,4.062454700469971,4.061454772949219,4.061999797821045,4.063000202178955,4.061999797821045,nan,nan
24.15000000000009,2.0250000953674316,4.056000232696533,4.063000202178955,4.062453269958496,4.062453269958496,4.063000202178955,4.061999797821045,nan,nan
24.200000000000045,2.017425775527954,4.056000232696533,4.06345272064209,4.063000202178955,4.063000202178955,4.063000202178955,4.062417507171631,nan,nan
24.25,2.0,4.056000232696533,4.064000129699707,4.063000202178955,4.063000202178955,4.063416004180908,4.063000202178955,nan,nan
24.299999999999955,1.975000023841858,4.056451320648193,4.064000129699707,4.063000202178955,4.063000202178955,4.064000129699707,4.063000202178955,nan,nan
24.350000000000136,1.9795737266540527,4.057000160217285,4.064000129699707,4.063000202178955,4.063000202178955,4.064000129699707,4.063000202178955,nan,nan
24.40000000000009,1.9500000476837158,4.057000160217285,4.064448833465576,4.063000202178955,4.063000202178955,4.064000129699707,4.063000202178955,nan,nan
24.450000000000045,1.9500000476837158,4.057000160217285,4.065000057220459,4.063000202178955,4.063446998596191,4.064000129699707,4.063415050506592,nan,nan
24.5,1.9249999523162842,4.057000160217285,4.064548492431641,4.063000202178955,4.064000129699707,4.064000129699707,4.064000129699707,nan,nan
24.549999999999955,1.899999976158142,4.057000160217285,4.064000129699707,4.063450336456299,4.064000129699707,4.064413070678711,4.064000129699707,nan,nan
24.600000000000136,1.899999976158142,4.057000160217285,4.064450740814209,4.064000129699707,4.064450740814209,4.065000057220459,4.064000129699707,nan,nan
24.65000000000009,1.899999976158142,4.057449817657471,4.065000057220459,4.064000129699707,4.065000057220459,4.065000057220459,4.0644121170043945,nan,nan
24.700000000000045,1.899999976158142,4.058000087738037,4.0654497146606445,4.064449787139893,4.065000057220459,4.065000057220459,4.064587116241455,nan,nan
24.75,1.8536442518234253,4.058000087738037,4.065551280975342,4.065000057220459,4.065000057220459,4.065000057220459,4.064411163330078,nan,nan
24.799999999999955,1.8410301208496094,4.058000087738037,4.065448760986328,4.065000057220459,4.065000057220459,4.065410137176514,4.065000057220459,nan,nan
24.850000000000136,1.8034130334854126,4.058000087738037,4.065999984741211,4.065000057220459,4.065000057220459,4.065999984741211,4.065000057220459,nan,nan
24.90000000000009,1.8250000476837158,4.058000087738037,4.065999984741211,4.065000057220459,4.065000057220459,4.065999984741211,4.065000057220459,nan,nan
24.950000000000045,1.7999999523162842,4.058445453643799,4.065999984741211,4.065000057220459,4.065445423126221,4.065999984741211,4.065404891967773,nan,nan
25.0,1.8559354543685913,4.059000015258789,4.065999984741211,4.065000057220459,4.065999984741211,4.065999984741211,4.065591335296631,nan,nan
25.049999999999955,3.1207480430603027,4.056795597076416,4.064236640930176,4.062795639038086,4.0633544921875,4.063564777374268,4.0629706382751465,nan,nan
25.100000000000136,7.040144920349121,4.046892166137695,4.054003715515137,4.05244779586792,4.05244779586792,4.053035259246826,4.053035259246826,nan,nan
25.15000000000009,11.005322456359863,4.030473232269287,4.0369157791137695,4.03635835647583,4.03635835647583,4.036059856414795,4.036468029022217,nan,nan
25.200000000000045,13.545409202575684,4.017437934875488,4.023992538452148,4.023547172546387,4.023547172546387,4.021913051605225,4.023321628570557,nan,nan
25.25,14.984800338745117,4.010334014892578,4.015889644622803,4.015778541564941,4.0162224769592285,4.0139641761779785,4.015964508056641,nan,nan
25.299999999999955,15.778959274291992,4.006111145019531,4.0115556716918945,4.012111186981201,4.0122222900390625,4.008962154388428,4.011369705200195,nan,nan
25.350000000000136,16.317996978759766,4.0032267570495605,4.009226322174072,4.008783340454102,4.009113311767578,4.005594253540039,4.008594036102295,nan,nan
25.40000000000009,16.743892669677734,4.000556468963623,4.006556510925293,4.00600004196167,4.007113456726074,4.003783226013184,4.006783485412598,nan,nan
25.450000000000045,16.979034423828125,3.9995577335357666,4.005115032196045,4.005115032196045,4.005557537078857,4.001999855041504,4.005000114440918,nan,nan
25.5,17.160606384277344,3.998115301132202,4.0035576820373535,4.004000186920166,4.005000114440918,4.001193046569824,4.003789901733398,nan,nan
25.549999999999955,17.303560256958008,3.997441530227661,4.002999782562256,4.003117084503174,4.003675937652588,3.9991989135742188,4.001999855041504,nan,nan
25.600000000000136,17.5,3.997117042541504,4.002117156982422,4.001558780670166,4.001999855041504,3.9984023571014404,4.001999855041504,nan,nan
25.65000000000009,17.648454666137695,3.9955594539642334,4.000999927520752,4.000999927520752,4.001559257507324,3.9978017807006836,4.001201152801514,nan,nan
25.700000000000045,17.777860641479492,3.994999885559082,4.000119209289551,4.000119209289551,4.000119209289551,3.996401309967041,4.0,nan,nan
25.75,18.131956100463867,3.9936816692352295,3.9981210231781006,3.998560667037964,3.999000072479248,3.9962027072906494,3.9992027282714844,nan,nan
25.799999999999955,18.566102981567383,3.991560459136963,3.9965603351593018,3.9971208572387695,3.997681140899658,3.9937925338745117,3.9967923164367676,nan,nan
25.850000000000136,18.92661476135254,3.9901225566864014,3.9951226711273193,3.9951226711273193,3.995561361312866,3.9915993213653564,3.994999885559082,nan,nan
25.90000000000009,19.255796432495117,3.9885613918304443,3.993561267852783,3.99399995803833,3.9941225051879883,3.990196943283081,3.993795394897461,nan,nan
25.950000000000045,19.9573917388916,3.9871246814727783,3.991687059402466,3.991811513900757,3.9912493228912354,3.9878010749816895,3.9912006855010986,nan,nan
26.0,20.707338333129883,3.9833858013153076,3.9882571697235107,3.988128662109375,3.9885642528533936,3.9843976497650146,3.9883975982666016,nan,nan
26.049999999999955,21.328088760375977,3.9800000190734863,3.9855659008026123,3.9861319065093994,3.9866979122161865,3.98040509223938,3.9848039150238037,nan,nan
26.100000000000136,21.76601219177246,3.97825288772583,3.983252763748169,3.983689546585083,3.984126329421997,3.9783997535705566,3.9830000400543213,nan,nan
26.15000000000009,22.151151657104492,3.9755642414093018,3.9805641174316406,3.981128454208374,3.982128381729126,3.977806568145752,3.981806516647339,nan,nan
26.200000000000045,22.501617431640625,3.9745640754699707,3.979128360748291,3.9786925315856934,3.9796924591064453,3.975203037261963,3.97920298576355,nan,nan
26.25,22.900312423706055,3.973130464553833,3.977565288543701,3.9774348735809326,3.9779999256134033,3.9732069969177246,3.9772069454193115,nan,nan
26.299999999999955,23.162612915039062,3.9719998836517334,3.97656512260437,3.9766955375671387,3.9766955375671387,3.9708096981048584,3.9752063751220703,nan,nan
26.350000000000136,23.372865676879883,3.970698833465576,3.974698781967163,3.9745662212371826,3.9749999046325684,3.9693942070007324,3.9739999771118164,nan,nan
26.40000000000009,23.377328872680664,3.9685661792755127,3.9730000495910645,3.9735662937164307,3.974132537841797,3.9692087173461914,3.973604440689087,nan,nan
26.450000000000045,20.474931716918945,3.9740567207336426,3.978624105453491,3.978191614151001,3.978624105453491,3.973505973815918,3.978506088256836,nan,nan
26.5,14.118010520935059,3.992821455001831,3.9976871013641357,3.9971201419830322,3.9976871013641357,3.9931063652038574,3.9969162940979004,nan,nan
26.549999999999955,9.011889457702637,4.015204429626465,4.021204471588135,4.020772457122803,4.020772457122803,4.017903804779053,4.019903659820557,nan,nan
26.600000000000136,6.172700881958008,4.0303192138671875,4.036318778991699,4.035750865936279,4.035750865936279,4.034352779388428,4.035957336425781,nan,nan
26.65000000000009,4.565613746643066,4.038585186004639,4.045016288757324,4.044585227966309,4.045016288757324,4.043760776519775,4.044366359710693,nan,nan
26.700000000000045,3.648299217224121,4.0437235832214355,4.050724029541016,4.0497236251831055,4.05029296875,4.049579620361328,4.049579620361328,nan,nan
26.75,3.1310501098632812,4.0468597412109375,4.053859710693359,4.052859783172607,4.052859783172607,4.05318021774292,4.052786827087402,nan,nan
26.799999999999955,2.8025622367858887,4.0484299659729,4.055429935455322,4.0548601150512695,4.0548601150512695,4.055394172668457,4.054788112640381,nan,nan
26.850000000000136,2.627485990524292,4.049428939819336,4.056858062744141,4.056000232696533,4.056428909301758,4.056392669677734,4.056392669677734,nan,nan
26.90000000000009,2.513918876647949,4.050429344177246,4.058000087738037,4.056428909301758,4.057000160217285,4.0573930740356445,4.057000160217285,nan,nan
26.950000000000045,2.4749999046325684,4.051000118255615,4.0584282875061035,4.057000160217285,4.057428359985352,4.058000087738037,4.057000160217285,nan,nan
27.0,2.4000000953674316,4.051000118255615,4.059000015258789,4.0574259757995605,4.0584259033203125,4.05839204788208,4.057392120361328,nan,nan
27.049999999999955,2.373164653778076,4.051424026489258,4.05942440032959,4.05842399597168,4.059000015258789,4.059000015258789,4.058000087738037,nan,nan
27.100000000000136,2.2893266677856445,4.052000045776367,4.059999942779541,4.059000015258789,4.059000015258789,4.059391021728516,4.058391094207764,nan,nan
27.15000000000009,2.2750000953674316,4.052425861358643,4.060426235198975,4.059426307678223,4.059426307678223,4.059999942779541,4.059000015258789,nan,nan
27.200000000000045,2.25,4.053426265716553,4.060999870300293,4.059999942779541,4.059999942779541,4.059999942779541,4.059390068054199,nan,nan
27.25,2.2521815299987793,4.053575038909912,4.060999870300293,4.059999942779541,4.059999942779541,4.059999942779541,4.059999942779541,nan,nan
27.299999999999955,2.1898014545440674,4.053425312042236,4.060999870300293,4.059999942779541,4.060425281524658,4.060389041900635,4.059999942779541,nan,nan
27.350000000000136,2.1274218559265137,4.053999900817871,4.060999870300293,4.059999942779541,4.060999870300293,4.061387538909912,4.06038761138916,nan,nan
27.40000000000009,2.5844080448150635,4.05357551574707,4.06057596206665,4.05957555770874,4.06057596206665,4.061223983764648,4.0602240562438965,nan,nan
27.450000000000045,4.981143474578857,4.048345565795898,4.05534553527832,4.0547685623168945,4.05534553527832,4.0557475090026855,4.055134296417236,nan,nan
27.5,7.1757049560546875,4.039037227630615,4.045613765716553,4.045190811157227,4.045190811157227,4.045516014099121,4.045903205871582,nan,nan
27.549999999999955,8.858139038085938,4.032467842102051,4.038045883178711,4.037045478820801,4.037467956542969,4.037301540374756,4.038301467895508,nan,nan
27.600000000000136,11.351820945739746,4.024355888366699,4.030200481414795,4.029200553894043,4.029778003692627,4.02836799621582,4.029754161834717,nan,nan
27.65000000000009,13.106755256652832,4.015894889831543,4.022052764892578,4.021052837371826,4.020631790161133,4.018692493438721,4.020692348480225,nan,nan
27.700000000000045,14.120566368103027,4.01089334487915,4.015893459320068,4.015315055847168,4.015157222747803,4.0138444900512695,4.015459060668945,nan,nan
27.75,14.676665306091309,4.00715970993042,4.01215934753418,4.01215934753418,4.012739181518555,4.010465145111084,4.0118489265441895,nan,nan
27.799999999999955,14.959052085876465,4.0051589012146,4.010579586029053,4.010159015655518,4.010159015655518,4.007615566253662,4.010000228881836,nan,nan
27.850000000000136,12.642690658569336,4.008193492889404,4.014193534851074,4.013612747192383,4.013612747192383,4.0112104415893555,4.013827323913574,nan,nan
27.90000000000009,7.919763565063477,4.0223894119262695,4.0283894538879395,4.027970314025879,4.0283894538879395,4.026050090789795,4.0276665687561035,nan,nan
27.950000000000045,4.978649139404297,4.038183689117432,4.044601917266846,4.043601989746094,4.044183731079102,4.043199062347412,4.043817520141602,nan,nan
28.0,3.7764644622802734,4.045666217803955,4.052666187286377,4.052082538604736,4.052082538604736,4.0519118309021,4.051529407501221,nan,nan
28.049999999999955,6.240152835845947,4.043440341949463,4.050440788269043,4.050025939941406,4.049611568450928,4.049667835235596,4.049429416656494,nan,nan
28.100000000000136,10.238085746765137,4.030317783355713,4.036900043487549,4.036317825317383,4.036153316497803,4.035277366638184,4.0362772941589355,nan,nan
28.15000000000009,12.624582290649414,4.017668724060059,4.0236687660217285,4.023252487182617,4.023836135864258,4.022200584411621,4.023580551147461,nan,nan
28.200000000000045,13.865574836730957,4.010916709899902,4.016499996185303,4.01591682434082,4.01633358001709,4.0144782066345215,4.016478061676025,nan,nan
28.25,12.748714447021484,4.010492324829102,4.0159077644348145,4.0159077644348145,4.0164923667907715,4.013894081115723,4.015515327453613,nan,nan
28.299999999999955,10.801655769348145,4.016908645629883,4.022908687591553,4.022908687591553,4.022908687591553,4.020035266876221,4.021414756774902,nan,nan
28.350000000000136,9.686185836791992,4.022243022918701,4.028656959533691,4.028656959533691,4.02907133102417,4.026511192321777,4.028133392333984,nan,nan
28.40000000000009,7.08313512802124,4.02897310256958,4.035973072052002,4.035558700561523,4.036144256591797,4.033541679382324,4.034541606903076,nan,nan
28.450000000000045,4.594522953033447,4.039719581604004,4.046719551086426,4.045719146728516,4.046132564544678,4.044768333435059,4.04539155960083,nan,nan
28.5,3.2387912273406982,4.047067642211914,4.054067611694336,4.053067684173584,4.053654193878174,4.052886962890625,4.052886962890625,nan,nan
28.549999999999955,2.541989803314209,4.051236629486084,4.058237075805664,4.057236671447754,4.057236671447754,4.057127475738525,4.057127475738525,nan,nan
28.600000000000136,2.371823310852051,4.052999973297119,4.060412406921387,4.059412479400635,4.059412479400635,4.059376239776611,4.059000015258789,nan,nan
28.65000000000009,4.573760032653809,4.04929780960083,4.056886196136475,4.055886268615723,4.056297779083252,4.056626319885254,4.05600118637085,nan,nan
28.700000000000045,9.989240646362305,4.0345330238342285,4.04153299331665,4.040533065795898,4.04153299331665,4.041612148284912,4.041987895965576,nan,nan
28.75,13.812314987182617,4.015664577484131,4.022254467010498,4.021254062652588,4.021843910217285,4.020017623901367,4.02176570892334,nan,nan
28.799999999999955,15.820899963378906,4.005125045776367,4.010714530944824,4.010125160217285,4.010125160217285,4.007377624511719,4.010377883911133,nan,nan
28.850000000000136,16.834352493286133,3.9993624687194824,4.0043625831604,4.0043625831604,4.003952980041504,4.001134872436523,4.0041351318359375,nan,nan
28.90000000000009,17.714792251586914,3.9957706928253174,4.000770568847656,4.00036096572876,3.9997706413269043,3.9968788623809814,4.000252723693848,nan,nan
28.950000000000045,18.28803062438965,3.992366313934326,3.997774600982666,3.997591495513916,3.997999906539917,3.994255781173706,3.9978837966918945,nan,nan
29.0,18.487503051757812,3.9904067516326904,3.996000051498413,3.9965932369232178,3.996779680252075,3.9922544956207275,3.9956274032592773,nan,nan
29.049999999999955,18.393630981445312,3.990595579147339,3.9955954551696777,3.9955954551696777,3.9954044818878174,3.9913711547851562,3.995371103286743,nan,nan
29.100000000000136,18.617664337158203,3.990000009536743,3.994999885559082,3.994999885559082,3.9951841831207275,3.9912567138671875,3.9952566623687744,nan,nan
29.15000000000009,18.99199104309082,3.989187002182007,3.9937803745269775,3.9937803745269775,3.9931869506835938,3.989259958267212,3.9936299324035645,nan,nan
29.200000000000045,19.36733055114746,3.9871864318847656,3.992000102996826,3.9915931224823,3.9915931224823,3.9872586727142334,3.9918878078460693,nan,nan
29.25,19.46367645263672,3.9855945110321045,3.9911890029907227,3.9905943870544434,3.9901888370513916,3.985630989074707,3.989630937576294,nan,nan
29.299999999999955,19.155790328979492,3.984999895095825,3.990405797958374,3.990405797958374,3.990217685699463,3.9857394695281982,3.989739418029785,nan,nan
29.350000000000136,16.857505798339844,3.989854097366333,3.9954497814178467,3.9950451850891113,3.9952361583709717,3.9906795024871826,3.994311571121216,nan,nan
29.40000000000009,14.023819923400879,4.001048564910889,4.006048679351807,4.005453109741211,4.005262851715088,4.001791477203369,4.004422664642334,nan,nan
29.450000000000045,12.358564376831055,4.009421348571777,4.014824867248535,4.014420986175537,4.015017509460449,4.011834621429443,4.014201641082764,nan,nan
29.5,11.719498634338379,4.01340389251709,4.0198073387146,4.018807411193848,4.019211292266846,4.0161027908325195,4.018735408782959,nan,nan
29.549999999999955,11.515175819396973,4.014402389526367,4.021402359008789,4.020402431488037,4.020999908447266,4.018365859985352,4.0203657150268555,nan,nan
29.600000000000136,11.449999809265137,4.015402793884277,4.021999835968018,4.020999908447266,4.020999908447266,4.0186333656311035,4.020633220672607,nan,nan
29.65000000000009,11.442137718200684,4.015598297119141,4.021999835968018,4.020999908447266,4.020999908447266,4.018364906311035,4.019999980926514,nan,nan
29.700000000000045,11.440773010253906,4.014999866485596,4.021597862243652,4.020999908447266,4.021401882171631,4.019000053405762,4.019999980926514,nan,nan
29.75,11.27324390411377,4.015400409698486,4.021400451660156,4.020999908447266,4.021599292755127,4.019000053405762,4.02072811126709,nan,nan
29.799999999999955,9.624669075012207,4.0188069343566895,4.025207996368408,4.024208068847656,4.024609088897705,4.021918773651123,4.0245537757873535,nan,nan
29.850000000000136,7.3994598388671875,4.026596546173096,4.033596992492676,4.032596588134766,4.033196926116943,4.030632019042969,4.03226900100708,nan,nan
29.90000000000009,6.041923522949219,4.033599853515625,4.040999889373779,4.039999961853027,4.04040002822876,4.039183616638184,4.039819717407227,nan,nan
29.950000000000045,5.714118003845215,4.036797523498535,4.044398784637451,4.043398857116699,4.044398784637451,4.043362140655518,4.043362140655518,nan,nan
30.0,8.511144638061523,4.033234596252441,4.039837837219238,4.038837432861328,4.039440631866455,4.038557052612305,4.03928279876709,nan,nan
30.049999999999955,12.928589820861816,4.018896102905273,4.024896144866943,4.024290561676025,4.023896217346191,4.022498607635498,4.024498462677002,nan,nan
30.100000000000136,16.03244972229004,4.004019260406494,4.0096211433410645,4.009222984313965,4.0086212158203125,4.006293296813965,4.009017467498779,nan,nan
30.15000000000009,17.76947021484375,3.994826316833496,3.999826192855835,3.999619722366333,4.000016212463379,3.9961986541748047,3.999838352203369,nan,nan
30.200000000000045,18.669862747192383,3.9892055988311768,3.9942054748535156,3.9944112300872803,3.995013952255249,3.9908337593078613,3.994555950164795,nan,nan
30.25,19.311552047729492,3.9868123531341553,3.9914164543151855,3.990812301635742,3.990812301635742,3.986640691757202,3.991281509399414,nan,nan
30.299999999999955,20.35175323486328,3.9826226234436035,3.987415075302124,3.987811326980591,3.9882075786590576,3.9842002391815186,3.9882001876831055,nan,nan
30.350000000000136,20.68804359436035,3.9793946743011475,3.984605312347412,3.985210418701172,3.9858157634735107,3.9806418418884277,3.9846417903900146,nan,nan
30.40000000000009,20.51611328125,3.9792096614837646,3.9839999675750732,3.9843950271606445,3.9843950271606445,3.9800000190734863,3.9839999675750732,nan,nan
30.450000000000045,20.08475685119629,3.9791810512542725,3.9851810932159424,3.985393762588501,3.985393762588501,3.9803571701049805,3.9843571186065674,nan,nan
30.5,20.113712310791016,3.9806058406829834,3.9858176708221436,3.9856059551239014,3.9860000610351562,3.981358051300049,3.9853579998016357,nan,nan
30.549999999999955,20.215028762817383,3.9800000190734863,3.9843926429748535,3.984999895095825,3.9860000610351562,3.981287717819214,3.985287666320801,nan,nan
30.600000000000136,20.160049438476562,3.9800000190734863,3.9846067428588867,3.9846067428588867,3.9856066703796387,3.9803569316864014,3.9843571186065674,nan,nan
30.65000000000009,20.180416107177734,3.9796090126037598,3.9839999675750732,3.9843909740448,3.9853909015655518,3.9809999465942383,3.984644651412964,nan,nan
30.700000000000045,19.339920043945312,3.98095440864563,3.9859542846679688,3.986172676086426,3.9867818355560303,3.9817121028900146,3.985424280166626,nan,nan
30.75,17.631433486938477,3.9863452911376953,3.991345167160034,3.9907360076904297,3.9911270141601562,3.986189126968384,3.990834951400757,nan,nan
30.799999999999955,16.554975509643555,3.991564989089966,3.996565103530884,3.996565103530884,3.99717378616333,3.993065595626831,3.9967103004455566,nan,nan
30.850000000000136,16.035991668701172,3.994779348373413,3.9993896484375,3.9993896484375,3.9993896484375,3.995706558227539,3.998706579208374,nan,nan
30.90000000000009,15.821697235107422,3.996000051498413,4.000390529632568,4.000390529632568,4.0007805824279785,3.997354030609131,4.000354290008545,nan,nan
30.950000000000045,15.73243236541748,3.9963889122009277,4.001389026641846,4.000999927520752,4.00161075592041,3.997999906539917,4.000999927520752,nan,nan
31.0,15.768708229064941,3.996999979019165,4.001612186431885,4.000999927520752,4.000999927520752,3.997999906539917,4.000999927520752,nan,nan
31.049999999999955,14.709335327148438,3.998539924621582,4.002924919128418,4.002924919128418,4.003310203552246,3.9997575283050537,4.002406120300293,nan,nan
31.100000000000136,11.337990760803223,4.006439208984375,4.01182746887207,4.011438846588135,4.012050628662109,4.0082855224609375,4.0106377601623535,nan,nan
31.15000000000009,7.794553279876709,4.0204176902771,4.0264177322387695,4.025417804718018,4.025417804718018,4.023257255554199,4.025556564331055,nan,nan
31.200000000000045,5.544076442718506,4.032099723815918,4.038487434387207,4.037099838256836,4.037487506866455,4.036161422729492,4.037161350250244,nan,nan
31.25,4.108606338500977,4.0389299392700195,4.0459303855896,4.044316291809082,4.0449299812316895,4.04409646987915,4.044747352600098,nan,nan
31.299999999999955,3.293001174926758,4.043159484863281,4.050159454345703,4.049159526824951,4.049159526824951,4.049051284790039,4.049051284790039,nan,nan
31.350000000000136,2.8954615592956543,4.045383930206299,4.052383899688721,4.0517683029174805,4.0517683029174805,4.05169677734375,4.0513482093811035,nan,nan
31.40000000000009,2.648709774017334,4.0467681884765625,4.053768157958984,4.053383827209473,4.053383827209473,4.053349494934082,4.052698612213135,nan,nan
31.450000000000045,2.5239431858062744,4.047999858856201,4.055384159088135,4.054383754730225,4.054768085479736,4.054347515106201,4.054347515106201,nan,nan
31.5,2.3995859622955322,4.048384189605713,4.056384563446045,4.055384635925293,4.056000232696533,4.0553483963012695,4.054999828338623,nan,nan
31.549999999999955,2.2996227741241455,4.049383163452148,4.057000160217285,4.056000232696533,4.056000232696533,4.056000232696533,4.054999828338623,nan,nan
31.600000000000136,2.2750000953674316,4.050000190734863,4.057000160217285,4.0563836097717285,4.0563836097717285,4.056347370147705,4.055347442626953,nan,nan
31.65000000000009,2.2750000953674316,4.050000190734863,4.057382106781006,4.057000160217285,4.057000160217285,4.057000160217285,4.056345462799072,nan,nan
31.700000000000045,2.250054121017456,4.050382614135742,4.058000087738037,4.057000160217285,4.057000160217285,4.057346343994141,4.057000160217285,nan,nan
31.75,2.212754249572754,4.051000118255615,4.058380603790283,4.057000160217285,4.057380676269531,4.058000087738037,4.057000160217285,nan,nan
31.799999999999955,2.2245447635650635,4.0513811111450195,4.059000015258789,4.0573811531066895,4.058000087738037,4.058000087738037,4.057345390319824,nan,nan
31.850000000000136,2.2249999046325684,4.0516204833984375,4.059000015258789,4.058000087738037,4.058000087738037,4.058000087738037,4.057656288146973,nan,nan
31.90000000000009,2.2249999046325684,4.051380157470703,4.059000015258789,4.058000087738037,4.058000087738037,4.058344841003418,4.057344436645508,nan,nan
31.950000000000045,2.1632158756256104,4.052000045776367,4.059000015258789,4.058000087738037,4.058000087738037,4.059000015258789,4.058341979980469,nan,nan
32.0,2.0999999046325684,4.0523762702941895,4.059000015258789,4.058376312255859,4.058376312255859,4.059342384338379,4.059000015258789,nan,nan
32.049999999999955,2.0385169982910156,4.052999973297119,4.059375286102295,4.059000015258789,4.059000015258789,4.059659957885742,4.059000015258789,nan,nan
32.100000000000136,2.0250000953674316,4.052999973297119,4.059999942779541,4.059000015258789,4.059378623962402,4.05933952331543,4.05933952331543,nan,nan
32.15000000000009,2.0023224353790283,4.052999973297119,4.059999942779541,4.059376239776611,4.059999942779541,4.060340881347656,4.059999942779541,nan,nan
32.200000000000045,2.0012149810791016,4.052999973297119,4.060375690460205,4.059999942779541,4.059999942779541,4.0606584548950195,4.059999942779541,nan,nan
32.25,1.9638296365737915,4.052999973297119,4.060999870300293,4.059999942779541,4.060376167297363,4.060339450836182,4.059999942779541,nan,nan
32.299999999999955,1.9500000476837158,4.0533766746521,4.061376571655273,4.059999942779541,4.0606231689453125,4.060999870300293,4.059999942779541,nan,nan
32.350000000000136,1.9500000476837158,4.053999900817871,4.061999797821045,4.059999942779541,4.060375213623047,4.060999870300293,4.059999942779541,nan,nan
32.40000000000009,1.9500000476837158,4.053999900817871,4.061999797821045,4.060375690460205,4.060999870300293,4.060999870300293,4.059999942779541,nan,nan
32.450000000000045,3.303408145904541,4.051755428314209,4.059381484985352,4.058755397796631,4.058755397796631,4.0589752197265625,4.0579752922058105,nan,nan
32.5,6.4732747077941895,4.043129920959473,4.0501298904418945,4.0501298904418945,4.0501298904418945,4.050261497497559,4.049600124359131,nan,nan
32.549999999999955,8.529146194458008,4.032389163970947,4.039016246795654,4.039016246795654,4.039016246795654,4.038308143615723,4.038644790649414,nan,nan
32.600000000000136,9.70931625366211,4.026505470275879,4.03287935256958,4.032505512237549,4.032505512237549,4.031312942504883,4.032312870025635,nan,nan
32.65000000000009,10.571338653564453,4.022883892059326,4.02951192855835,4.028883934020996,4.028883934020996,4.0269951820373535,4.028329849243164,nan,nan
32.700000000000045,11.06074333190918,4.020254611968994,4.026254653930664,4.026254653930664,4.026627063751221,4.024328708648682,4.025993347167969,nan,nan
32.75,11.324901580810547,4.01862907409668,4.025000095367432,4.02462911605835,4.025257587432861,4.02233362197876,4.023666858673096,nan,nan
32.799999999999955,11.469780921936035,4.017628192901611,4.024256706237793,4.023256778717041,4.023628234863281,4.020999908447266,4.0229997634887695,nan,nan
32.850000000000136,11.519545555114746,4.017000198364258,4.0229997634887695,4.021999835968018,4.022629737854004,4.020999908447266,4.0229997634887695,nan,nan
32.90000000000009,11.569276809692383,4.017000198364258,4.022629261016846,4.021999835968018,4.021999835968018,4.020999908447266,4.0229997634887695,nan,nan
32.950000000000045,11.12597942352295,4.017738342285156,4.023107528686523,4.022738456726074,4.023107528686523,4.021665573120117,4.023332595825195,nan,nan
33.0,10.19174575805664,4.020472049713135,4.026472091674805,4.025472164154053,4.026103973388672,4.024001598358154,4.025001525878906,nan,nan
33.049999999999955,9.961664199829102,4.0229997634887695,4.0289998054504395,4.027635097503662,4.0279998779296875,4.026331424713135,4.027662754058838,nan,nan
33.100000000000136,11.342144012451172,4.020417213439941,4.026417255401611,4.025155067443848,4.025786399841309,4.024343013763428,4.026342868804932,nan,nan
33.15000000000009,13.063033103942871,4.013796806335449,4.0194292068481445,4.0194292068481445,4.0194292068481445,4.016687393188477,4.019017696380615,nan,nan
33.200000000000045,14.90474796295166,4.006689071655273,4.012424945831299,4.012056827545166,4.012424945831299,4.009352684020996,4.012352466583252,nan,nan
33.25,17.091615676879883,3.9984371662139893,4.00507116317749,4.004071235656738,4.00433874130249,4.000709533691406,4.004038333892822,nan,nan
33.299999999999955,18.649456024169922,3.9914331436157227,3.9970662593841553,3.9964330196380615,3.996166467666626,3.992682456970215,3.9963529109954834,nan,nan
33.350000000000136,19.545425415039062,3.98626971244812,3.991269826889038,3.9909045696258545,3.9911744594573975,3.98771071434021,3.9913649559020996,nan,nan
33.40000000000009,20.100894927978516,3.9839024543762207,3.9889023303985596,3.9882683753967285,3.9876341819763184,3.9830000400543213,3.98767352104187,nan,nan
33.450000000000045,20.408592224121094,3.981271505355835,3.986635684967041,3.986999988555908,3.986999988555908,3.982346296310425,3.9860196113586426,nan,nan
33.5,20.662277221679688,3.9800000190734863,3.984905481338501,3.9855406284332275,3.985905408859253,3.98067307472229,3.9839999675750732,nan,nan
33.549999999999955,20.890714645385742,3.979273796081543,3.9830000400543213,3.983363151550293,3.9839999675750732,3.979673385620117,3.983673334121704,nan,nan
33.600000000000136,21.020282745361328,3.9779999256134033,3.9826362133026123,3.9832725524902344,3.9832725524902344,3.978344440460205,3.9826722145080566,nan,nan
33.65000000000009,21.197444915771484,3.977275848388672,3.981637954711914,3.9820001125335693,3.9820001125335693,3.9769999980926514,3.9816744327545166,nan,nan
33.700000000000045,21.399999618530273,3.9760000705718994,3.9809999465942383,3.9816370010375977,3.981274127960205,3.9760196208953857,3.980346441268921,nan,nan
33.75,21.505691528320312,3.9756386280059814,3.9802775382995605,3.9802775382995605,3.9796388149261475,3.9743247032165527,3.9793248176574707,nan,nan
33.799999999999955,21.670059204101562,3.9739139080047607,3.978637933731079,3.9790000915527344,3.9793620109558105,3.9746742248535156,3.97902250289917,nan,nan
33.850000000000136,21.87233543395996,3.9727206230163574,3.9779999256134033,3.9782793521881104,3.9785585403442383,3.9733526706695557,3.9773237705230713,nan,nan
33.90000000000009,21.955171585083008,3.973278045654297,3.977277994155884,3.9766390323638916,3.976361036300659,3.9719998836517334,3.977675199508667,nan,nan
33.950000000000045,22.17133331298828,3.9716405868530273,3.9763593673706055,3.9760000705718994,3.9762814044952393,3.971031665802002,3.9763543605804443,nan,nan
34.0,22.325000762939453,3.970641613006592,3.9759252071380615,3.97528338432312,3.9749999046325684,3.9696478843688965,3.9749999046325684,nan,nan
34.049999999999955,22.452116012573242,3.9696450233459473,3.973644971847534,3.9739999771118164,3.9749999046325684,3.9706783294677734,3.9749999046325684,nan,nan
34.100000000000136,22.669361114501953,3.9690001010894775,3.9730000495910645,3.9736409187316895,3.9742817878723145,3.9693541526794434,3.9743542671203613,nan,nan
34.15000000000009,22.845050811767578,3.967928171157837,3.972285509109497,3.9730000495910645,3.9733572006225586,3.9679999351501465,3.972679376602173,nan,nan
34.200000000000045,22.950000762939453,3.9667160511016846,3.971358060836792,3.9722840785980225,3.972925901412964,3.9673564434051514,3.9716782569885254,nan,nan
34.25,23.13771629333496,3.967287302017212,3.971287488937378,3.9709999561309814,3.9709999561309814,3.9660000801086426,3.9709999561309814,nan,nan
34.299999999999955,23.28750228881836,3.9656429290771484,3.9703569412231445,3.9706430435180664,3.9706430435180664,3.965358257293701,3.970358371734619,nan,nan
34.350000000000136,23.456247329711914,3.9646449089050293,3.9699344635009766,3.969644784927368,3.969644784927368,3.963681221008301,3.9686813354492188,nan,nan
34.40000000000009,23.606353759765625,3.9632880687713623,3.967643976211548,3.968644142150879,3.9690001010894775,3.963319778442383,3.9676802158355713,nan,nan
34.450000000000045,23.744140625,3.9627084732055664,3.9670000076293945,3.9676458835601807,3.9682915210723877,3.963364601135254,3.9670000076293945,nan,nan
34.5,23.93684196472168,3.963289976119995,3.96628999710083,3.96628999710083,3.9670000076293945,3.9626379013061523,3.9670000076293945,nan,nan
34.549999999999955,23.71010971069336,3.9619998931884766,3.9657065868377686,3.966059923171997,3.9670000076293945,3.9630496501922607,3.9666831493377686,nan,nan
34.600000000000136,19.869903564453125,3.968374013900757,3.9733738899230957,3.973665714263916,3.9737281799316406,3.9676759243011475,3.9720401763916016,nan,nan
34.65000000000009,13.40172004699707,3.9891626834869385,3.9945151805877686,3.9938676357269287,3.9951627254486084,3.990527391433716,3.993527412414551,nan,nan
34.700000000000045,8.175793647766113,4.012709617614746,4.0190629959106445,4.018709659576416,4.018709659576416,4.015340328216553,4.017706394195557,nan,nan
34.75,5.265234470367432,4.0285139083862305,4.035162448883057,4.034162521362305,4.0345139503479,4.032777309417725,4.0334625244140625,nan,nan
34.799999999999955,2.8829548358917236,4.038522243499756,4.04487419128418,4.043874263763428,4.04487419128418,4.044161796569824,4.044161796569824,nan,nan
34.850000000000136,2.3499743938446045,4.045000076293945,4.0523505210876465,4.0513505935668945,4.0523505210876465,4.051313877105713,4.051000118255615,nan,nan
34.90000000000009,2.200000047683716,4.045702934265137,4.053351402282715,4.052000045776367,4.052648544311523,4.0523152351379395,4.05163049697876,nan,nan
34.950000000000045,2.195125102996826,4.046999931335449,4.053999900817871,4.05234956741333,4.05234956741333,4.052999973297119,4.052687168121338,nan,nan
35.0,2.132744550704956,4.046999931335449,4.053999900817871,4.052999973297119,4.052999973297119,4.053314208984375,4.052314281463623,nan,nan
35.049999999999955,2.1500000953674316,4.046999931335449,4.05434513092041,4.053345203399658,4.053345203399658,4.053999900817871,4.052999973297119,nan,nan
35.100000000000136,2.125,4.047349452972412,4.055349349975586,4.053999900817871,4.053999900817871,4.053999900817871,4.053313255310059,nan,nan
35.15000000000009,2.120718002319336,4.047999858856201,4.056000232696533,4.053999900817871,4.054347515106201,4.054311275482178,4.054311275482178,nan,nan
35.200000000000045,2.0999999046325684,4.047999858856201,4.056000232696533,4.054348468780518,4.054999828338623,4.054999828338623,4.054687976837158,nan,nan
35.25,2.0960545539855957,4.048346519470215,4.056000232696533,4.054999828338623,4.054999828338623,4.055309772491455,4.054309844970703,nan,nan
35.299999999999955,2.075000047683716,4.048999786376953,4.056000232696533,4.055347442626953,4.055347442626953,4.056000232696533,4.054999828338623,nan,nan
35.350000000000136,2.0711398124694824,4.04934549331665,4.056345462799072,4.056000232696533,4.056000232696533,4.056000232696533,4.054999828338623,nan,nan
35.40000000000009,2.049999952316284,4.050000190734863,4.057346343994141,4.056000232696533,4.056000232696533,4.056000232696533,4.054999828338623,nan,nan
35.450000000000045,2.0212795734405518,4.050000190734863,4.057655334472656,4.056344509124756,4.056000232696533,4.056000232696533,4.055307865142822,nan,nan
35.5,2.0,4.050000190734863,4.057000160217285,4.056654453277588,4.056345462799072,4.056309223175049,4.056309223175049,nan,nan
35.549999999999955,2.021517515182495,4.050000190734863,4.057343482971191,4.0563435554504395,4.057000160217285,4.057000160217285,4.057000160217285,nan,nan
35.600000000000136,2.0,4.050000190734863,4.058000087738037,4.057000160217285,4.057344436645508,4.057308197021484,4.057000160217285,nan,nan
35.65000000000009,1.9500000476837158,4.050342559814453,4.058000087738037,4.057000160217285,4.058000087738037,4.058000087738037,4.057000160217285,nan,nan
35.700000000000045,1.9500000476837158,4.051000118255615,4.058000087738037,4.057343482971191,4.058000087738037,4.058000087738037,4.057000160217285,nan,nan
35.75,1.9280120134353638,4.051000118255615,4.0583415031433105,4.058000087738037,4.058000087738037,4.058000087738037,4.057305335998535,nan,nan
35.799999999999955,1.995986819267273,4.051342487335205,4.059000015258789,4.058000087738037,4.058000087738037,4.058000087738037,4.058000087738037,nan,nan
35.850000000000136,3.7831435203552246,4.048933029174805,4.055932998657227,4.054933071136475,4.054933071136475,4.055262565612793,4.055262565612793,nan,nan
35.90000000000009,9.124838829040527,4.0351409912109375,4.041799545288086,4.041141033172607,4.041141033172607,4.041362285614014,4.041973114013672,nan,nan
35.950000000000045,14.097709655761719,4.014564037322998,4.020224094390869,4.01954460144043,4.01954460144043,4.017934322357178,4.020237445831299,nan,nan
36.0,17.002033233642578,3.999932289123535,4.004932403564453,4.003949165344238,4.004288196563721,4.001258373260498,4.004258155822754,nan,nan
36.049999999999955,18.53011703491211,3.99065899848938,3.9956588745117188,3.996323585510254,3.9966530799865723,3.9925811290740967,3.9958834648132324,nan,nan
36.100000000000136,18.948455810546875,3.986980676651001,3.991980791091919,3.9923205375671387,3.992000102996826,3.986999988555908,3.990999937057495,nan,nan
36.15000000000009,18.979145050048828,3.985337734222412,3.99033784866333,3.990999937057495,3.9913244247436523,3.9863972663879395,3.9903974533081055,nan,nan
36.200000000000045,18.427915573120117,3.986677408218384,3.9913387298583984,3.9913387298583984,3.991016149520874,3.986513137817383,3.99021053314209,nan,nan
36.25,15.797703742980957,3.9917054176330566,3.9963791370391846,3.9963791370391846,3.997042179107666,3.9933032989501953,3.9963033199310303,nan,nan
36.299999999999955,13.490999221801758,4.002039432525635,4.007701873779297,4.007364273071289,4.007364273071289,4.003714561462402,4.006412982940674,nan,nan
36.350000000000136,12.326408386230469,4.008671283721924,4.014007091522217,4.01334285736084,4.01334285736084,4.011197090148926,4.012897491455078,nan,nan
36.40000000000009,12.667913436889648,4.0096635818481445,4.015326976776123,4.015326976776123,4.015326976776123,4.013098239898682,4.01439905166626,nan,nan
36.450000000000045,13.31458854675293,4.007660865783691,4.012995719909668,4.012995719909668,4.012995719909668,4.010403633117676,4.0121049880981445,nan,nan
36.5,13.967663764953613,4.00432825088501,4.01032829284668,4.009992599487305,4.01032829284668,4.007801532745361,4.009400844573975,nan,nan
36.549999999999955,15.01605224609375,4.001664638519287,4.007330894470215,4.006664752960205,4.007664680480957,4.004108428955078,4.006811141967773,nan,nan
36.600000000000136,15.759127616882324,3.9979958534240723,4.003330707550049,4.003330707550049,4.004330635070801,4.001104354858398,4.0031046867370605,nan,nan
36.65000000000009,16.184410095214844,3.9953343868255615,4.001001358032227,4.001001358032227,4.001668453216553,3.9981112480163574,4.000407695770264,nan,nan
36.700000000000045,17.13945960998535,3.9926652908325195,3.9976651668548584,3.9976651668548584,3.9979989528656006,3.99480938911438,3.9978091716766357,nan,nan
36.75,18.489910125732422,3.988340377807617,3.993340253829956,3.993340253829956,3.9936764240264893,3.9899322986602783,3.99322772026062,nan,nan
36.799999999999955,19.40180778503418,3.9843342304229736,3.988668441772461,3.988668441772461,3.9880013465881348,3.98410964012146,3.988109588623047,nan,nan
36.850000000000136,19.727510452270508,3.9820072650909424,3.9853382110595703,3.9856691360473633,3.9860000610351562,3.981705665588379,3.9854111671447754,nan,nan
36.90000000000009,20.177560806274414,3.979668140411377,3.983668088912964,3.984004259109497,3.9846723079681396,3.9801125526428223,3.9837043285369873,nan,nan
36.950000000000045,20.37584114074707,3.9780099391937256,3.982340097427368,3.9820001125335693,3.982330083847046,3.9782934188842773,3.9827065467834473,nan,nan
37.0,20.5,3.9763293266296387,3.9813294410705566,3.981670618057251,3.9823412895202637,3.9781150817871094,3.9817049503326416,nan,nan
37.049999999999955,20.525074005126953,3.9769999980926514,3.9816744327545166,3.9806745052337646,3.9806745052337646,3.9760000705718994,3.9809999465942383,nan,nan
37.100000000000136,20.6623592376709,3.976339817047119,3.9806699752807617,3.980329990386963,3.9806602001190186,3.9762940406799316,3.980705976486206,nan,nan
37.15000000000009,20.552026748657227,3.975327968597412,3.98032808303833,3.9809999465942383,3.9816720485687256,3.97670841217041,3.9800000190734863,nan,nan
37.200000000000045,19.918840408325195,3.97698712348938,3.9816579818725586,3.9819869995117188,3.9819869995117188,3.9771716594696045,3.9811718463897705,nan,nan
37.25,19.578874588012695,3.9790000915527344,3.983654022216797,3.9843270778656006,3.983672857284546,3.979418992996216,3.983419179916382,nan,nan
37.299999999999955,19.016719818115234,3.979656219482422,3.985328197479248,3.985328197479248,3.9843125343322754,3.9797511100769043,3.9831674098968506,nan,nan
37.350000000000136,17.222349166870117,3.983933925628662,3.988933801651001,3.988607883453369,3.989607810974121,3.986025810241699,3.9883153438568115,nan,nan
37.40000000000009,16.076671600341797,3.990981101989746,3.995981216430664,3.994981288909912,3.995981216430664,3.991872787475586,3.995163679122925,nan,nan
37.450000000000045,15.433616638183594,3.9933249950408936,3.998650074005127,3.9979751110076904,3.9989752769470215,3.9951536655426025,3.9985768795013428,nan,nan
37.5,14.661408424377441,3.995303153991699,4.000977516174316,4.000651836395264,4.001651763916016,3.9982898235321045,4.000869274139404,nan,nan
37.549999999999955,10.906700134277344,4.0035014152526855,4.008824825286865,4.008148670196533,4.008824825286865,4.0047478675842285,4.008172988891602,nan,nan
37.600000000000136,7.4727606773376465,4.01922082901001,4.0252203941345215,4.024896144866943,4.0252203941345215,4.023044109344482,4.024466514587402,nan,nan
37.65000000000009,8.547691345214844,4.0251007080078125,4.031100749969482,4.0301008224487305,4.030778884887695,4.0301361083984375,4.030422210693359,nan,nan
37.700000000000045,13.212803840637207,4.012524127960205,4.018524169921875,4.017848014831543,4.017848014831543,4.016951560974121,4.018239974975586,nan,nan
37.75,16.43233299255371,3.996107816696167,4.001465320587158,4.001465320587158,4.001465320587158,3.9988584518432617,4.001143932342529,nan,nan
37.799999999999955,18.034832000732422,3.9877405166625977,3.992063283920288,3.992063283920288,3.9923861026763916,3.9895646572113037,3.9925646781921387,nan,nan
37.850000000000136,18.95241928100586,3.9823591709136963,3.9873592853546143,3.9873592853546143,3.9880387783050537,3.98457670211792,3.987861394882202,nan,nan
37.90000000000009,19.350000381469727,3.9809999465942383,3.9853570461273193,3.9850354194641113,3.9850354194641113,3.9809999465942383,3.984999895095825,nan,nan
37.950000000000045,19.44075584411621,3.9803626537323,3.9839999675750732,3.983318567276001,3.9836373329162598,3.9804325103759766,3.9844324588775635,nan,nan
38.0,19.494199752807617,3.979318141937256,3.984318256378174,3.9836819171905518,3.984363555908203,3.978715181350708,3.9830000400543213,nan,nan
38.049999999999955,19.567888259887695,3.979375123977661,3.984375238418579,3.9830000400543213,3.9833123683929443,3.9782817363739014,3.9830000400543213,nan,nan
38.100000000000136,19.144582748413086,3.978637456893921,3.983637571334839,3.983637571334839,3.984637498855591,3.9795684814453125,3.9835684299468994,nan,nan
38.15000000000009,18.544042587280273,3.9809446334838867,3.9856297969818115,3.9856297969818115,3.9863147735595703,3.9818453788757324,3.9858453273773193,nan,nan
38.200000000000045,18.221242904663086,3.9830000400543213,3.987319231033325,3.987638473510742,3.987638473510742,3.9839999675750732,3.9877166748046875,nan,nan
38.25,18.05282211303711,3.983633518218994,3.988316774368286,3.9886832237243652,3.9886832237243652,3.9839999675750732,3.9875614643096924,nan,nan
38.299999999999955,17.984500885009766,3.9843637943267822,3.9886820316314697,3.9883179664611816,3.9883179664611816,3.9839999675750732,3.988717794418335,nan,nan
38.350000000000136,18.062768936157227,3.9830000400543213,3.9883155822753906,3.989000082015991,3.9886844158172607,3.983720302581787,3.987720251083374,nan,nan
38.40000000000009,18.018651962280273,3.9830000400543213,3.988365888595581,3.988682985305786,3.98799991607666,3.9838435649871826,3.987562417984009,nan,nan
38.450000000000045,18.068424224853516,3.9830000400543213,3.9876291751861572,3.98799991607666,3.98799991607666,3.985164165496826,3.9884426593780518,nan,nan
38.5,18.11818504333496,3.9830000400543213,3.9886839389801025,3.98799991607666,3.98799991607666,3.9830000400543213,3.9872798919677734,nan,nan
38.549999999999955,18.164432525634766,3.9830000400543213,3.988313674926758,3.988313674926758,3.98799991607666,3.9830000400543213,3.987722873687744,nan,nan
38.600000000000136,18.201580047607422,3.9830000400543213,3.988370656967163,3.988056182861328,3.987685441970825,3.9830000400543213,3.986999988555908,nan,nan
38.65000000000009,18.22124481201172,3.9826884269714355,3.986999988555908,3.986311674118042,3.986999988555908,3.9830000400543213,3.986999988555908,nan,nan
38.700000000000045,18.25087547302246,3.9820001125335693,3.986999988555908,3.986687183380127,3.986687183380127,3.982722282409668,3.986722230911255,nan,nan
38.75,18.346004486083984,3.9816911220550537,3.9866909980773926,3.9856910705566406,3.9863088130950928,3.9822745323181152,3.986274480819702,nan,nan
38.799999999999955,18.349842071533203,3.9809999465942383,3.9860000610351562,3.98531174659729,3.986999988555908,3.9827232360839844,3.9867231845855713,nan,nan
38.850000000000136,18.416547775268555,3.9813075065612793,3.9856925010681152,3.9856925010681152,3.9866926670074463,3.9820001125335693,3.9857265949249268,nan,nan
38.90000000000009,18.466310501098633,3.9813802242279053,3.984999895095825,3.984999895095825,3.9860000610351562,3.9820001125335693,3.985276222229004,nan,nan
38.950000000000045,18.483930587768555,3.9800000190734863,3.985304594039917,3.985304594039917,3.9860000610351562,3.9817264080047607,3.985452651977539,nan,nan
39.0,18.557720184326172,3.9800000190734863,3.985691547393799,3.9853832721710205,3.9853832721710205,3.9809999465942383,3.9842748641967773,nan,nan
39.049999999999955,18.92611312866211,3.9793953895568848,3.9843955039978027,3.9836976528167725,3.9839999675750732,3.980456829071045,3.984456777572632,nan,nan
39.100000000000136,20.082509994506836,3.9764485359191895,3.9814484119415283,3.9814484119415283,3.982138156890869,3.9770827293395996,3.981356620788574,nan,nan
39.15000000000009,21.535869598388672,3.971153736114502,3.9758460521698,3.97615385055542,3.976461410522461,3.970919370651245,3.975649118423462,nan,nan
39.200000000000045,22.539350509643555,3.9660720825195312,3.970072031021118,3.97107195854187,3.9717626571655273,3.9666364192962646,3.9709091186523438,nan,nan
39.25,23.14896583557129,3.963386297225952,3.9670794010162354,3.9677727222442627,3.9680795669555664,3.9624617099761963,3.967461585998535,nan,nan
39.299999999999955,23.464431762695312,3.961383104324341,3.9649999141693115,3.965308427810669,3.965691566467285,3.960458517074585,3.965458631515503,nan,nan
39.350000000000136,23.674999237060547,3.9596939086914062,3.964694023132324,3.9653878211975098,3.964387893676758,3.9587349891662598,3.9637351036071777,nan,nan
39.40000000000009,23.868017196655273,3.958693265914917,3.9633865356445312,3.963693380355835,3.9633066654205322,3.9579999446868896,3.962730884552002,nan,nan
39.450000000000045,23.930633544921875,3.958303213119507,3.9619998931884766,3.9626967906951904,3.9636969566345215,3.957738161087036,3.9619998931884766,nan,nan
39.5,24.125,3.9583895206451416,3.9613893032073975,3.9616947174072266,3.9626946449279785,3.9572689533233643,3.962268829345703,nan,nan
39.549999999999955,24.193082809448242,3.956397533416748,3.9600000381469727,3.9609999656677246,3.9619998931884766,3.957210063934326,3.962210178375244,nan,nan
39.600000000000136,24.36855125427246,3.95560884475708,3.95969557762146,3.9603912830352783,3.9613912105560303,3.9549999237060547,3.9602694511413574,nan,nan
39.65000000000009,24.424436569213867,3.9566996097564697,3.9593002796173096,3.9590001106262207,3.9600000381469727,3.9549999237060547,3.960733652114868,nan,nan
39.700000000000045,24.625484466552734,3.955695152282715,3.9596951007843018,3.9593048095703125,3.9596951007843018,3.9541947841644287,3.959463119506836,nan,nan
39.75,24.693626403808594,3.954394578933716,3.9580917358398438,3.9593944549560547,3.9590001106262207,3.9522652626037598,3.9579999446868896,nan,nan
39.799999999999955,24.800914764404297,3.953000068664551,3.956303834915161,3.9579999446868896,3.958696126937866,3.952465295791626,3.957465410232544,nan,nan
39.850000000000136,24.924999237060547,3.9523963928222656,3.9563963413238525,3.957698106765747,3.9579999446868896,3.951263904571533,3.9560000896453857,nan,nan
39.90000000000009,25.057558059692383,3.9509999752044678,3.9549999237060547,3.9566969871520996,3.9576969146728516,3.9517343044281006,3.9560000896453857,nan,nan
39.950000000000045,25.125,3.95160174369812,3.955300807952881,3.9556992053985596,3.9563982486724854,3.9504778385162354,3.9557390213012695,nan,nan
40.0,25.2694149017334,3.9520981311798096,3.9550981521606445,3.9546992778778076,3.9549999237060547,3.949528455734253,3.9552643299102783,nan,nan
40.049999999999955,24.731325149536133,3.9508888721466064,3.954481601715088,3.9551851749420166,3.9561853408813477,3.951517105102539,3.956516981124878,nan,nan
40.100000000000136,23.134031295776367,3.9554085731506348,3.959806442260742,3.959505319595337,3.960505485534668,3.9548428058624268,3.9598426818847656,nan,nan
40.15000000000009,21.215473175048828,3.9627926349639893,3.9663901329040527,3.9659876823425293,3.966688871383667,3.9618000984191895,3.9667999744415283,nan,nan
40.200000000000045,19.45210075378418,3.969099998474121,3.97409987449646,3.974799871444702,3.9744999408721924,3.968834400177002,3.973572254180908,nan,nan
40.25,17.834741592407227,3.975787401199341,3.9807872772216797,3.9807872772216797,3.9800851345062256,3.9760499000549316,3.9800498485565186,nan,nan
40.299999999999955,15.653280258178711,3.9823920726776123,3.9876911640167236,3.987990140914917,3.9876911640167236,3.9838366508483887,3.9878365993499756,nan,nan
40.350000000000136,13.58142375946045,3.9906704425811768,3.9963738918304443,3.997076988220215,3.9966704845428467,3.991847515106201,3.995588779449463,nan,nan
40.40000000000009,9.889400482177734,4.001769065856934,4.0070672035217285,4.0070672035217285,4.0077691078186035,4.004182815551758,4.006921291351318,nan,nan
40.450000000000045,6.914535999298096,4.015957832336426,4.021957874298096,4.021957874298096,4.022253513336182,4.019093036651611,4.0208353996276855,nan,nan
40.5,4.973343849182129,4.025079250335693,4.031079292297363,4.031079292297363,4.032079219818115,4.030084133148193,4.030823707580566,nan,nan
40.549999999999955,3.8410253524780273,4.031178951263428,4.037473678588867,4.037178993225098,4.03817892074585,4.037028789520264,4.037028789520264,nan,nan
40.600000000000136,2.662302255630493,4.0357770919799805,4.042777061462402,4.04177713394165,4.042480945587158,4.041557312011719,4.041557312011719,nan,nan
40.65000000000009,2.3419249057769775,4.039999961853027,4.046999931335449,4.046000003814697,4.04629373550415,4.046256065368652,4.046000003814697,nan,nan
40.700000000000045,2.296046733856201,4.040295124053955,4.047295093536377,4.046000003814697,4.046999931335449,4.046999931335449,4.046258449554443,nan,nan
40.75,2.2750000953674316,4.040999889373779,4.047999858856201,4.046292781829834,4.046999931335449,4.046999931335449,4.046999931335449,nan,nan
40.799999999999955,2.2962772846221924,4.040999889373779,4.047999858856201,4.046999931335449,4.0472941398620605,4.047256946563721,4.046999931335449,nan,nan
40.850000000000136,2.25,4.041292190551758,4.04829216003418,4.046999931335449,4.047999858856201,4.047999858856201,4.047252178192139,nan,nan
40.90000000000009,2.2249999046325684,4.041706562042236,4.048999786376953,4.047586917877197,4.048293590545654,4.047999858856201,4.047743797302246,nan,nan
40.950000000000045,2.200000047683716,4.041582107543945,4.049291133880615,4.048999786376953,4.048999786376953,4.047999858856201,4.047251224517822,nan,nan
41.0,2.171743869781494,4.043000221252441,4.050000190734863,4.048999786376953,4.049291133880615,4.0482563972473145,4.0482563972473145,nan,nan
41.049999999999955,2.16557240486145,4.043000221252441,4.050000190734863,4.049286365509033,4.050000190734863,4.049253463745117,4.048999786376953,nan,nan
41.100000000000136,2.1472246646881104,4.0432915687561035,4.050291538238525,4.050000190734863,4.050000190734863,4.050000190734863,4.048999786376953,nan,nan
41.15000000000009,2.125,4.044000148773193,4.051000118255615,4.050000190734863,4.050289154052734,4.050252437591553,4.049252510070801,nan,nan
41.200000000000045,2.0973024368286133,4.044000148773193,4.051290512084961,4.050290584564209,4.051000118255615,4.050745487213135,4.050000190734863,nan,nan
41.25,2.075000047683716,4.044288158416748,4.052000045776367,4.0507121086120605,4.051000118255615,4.050251483917236,4.050251483917236,nan,nan
41.299999999999955,2.047644853591919,4.045000076293945,4.052000045776367,4.050289630889893,4.051000118255615,4.051000118255615,4.051000118255615,nan,nan
41.350000000000136,2.0250000953674316,4.045000076293945,4.052000045776367,4.051000118255615,4.0512871742248535,4.051250457763672,4.051000118255615,nan,nan
41.40000000000009,2.0,4.045000076293945,4.05228853225708,4.051288604736328,4.052000045776367,4.052000045776367,4.051000118255615,nan,nan
41.450000000000045,1.9604511260986328,4.045286178588867,4.052999973297119,4.052000045776367,4.052000045776367,4.052249908447266,4.0512495040893555,nan,nan
41.5,1.9500000476837158,4.046000003814697,4.052999973297119,4.052287578582764,4.052287578582764,4.052999973297119,4.052000045776367,nan,nan
41.549999999999955,1.9500000476837158,4.046285152435303,4.052999973297119,4.052999973297119,4.052999973297119,4.052999973297119,4.052000045776367,nan,nan
41.600000000000136,3.3045527935028076,4.044707298278809,4.050993919372559,4.0507073402404785,4.0507073402404785,4.050996780395508,4.0502471923828125,nan,nan
41.65000000000009,8.688873291015625,4.032463073730469,4.039178848266602,4.03817892074585,4.0378947257995605,4.038313388824463,4.038808822631836,nan,nan
41.700000000000045,14.045153617858887,4.010572910308838,4.0160017013549805,4.015287399291992,4.014573097229004,4.013011455535889,4.015260696411133,nan,nan
41.75,17.3275203704834,3.993600368499756,3.9978837966918945,3.998167037963867,3.998167037963867,3.995286226272583,3.998286247253418,nan,nan
41.799999999999955,18.78872299194336,3.9841456413269043,3.9891457557678223,3.989861011505127,3.989861011505127,3.9857571125030518,3.9890058040618896,nan,nan
41.850000000000136,19.149999618530273,3.9811527729034424,3.9861526489257812,3.9864351749420166,3.986717462539673,3.9820001125335693,3.9857542514801025,nan,nan
41.90000000000009,18.973848342895508,3.979567527770996,3.984567403793335,3.985283851623535,3.9860000610351562,3.981752395629883,3.9847524166107178,nan,nan
41.950000000000045,18.832324981689453,3.9809999465942383,3.9860000610351562,3.9857187271118164,3.9857187271118164,3.9812448024749756,3.9844894409179688,nan,nan
42.0,17.58453369140625,3.9826889038085938,3.9876887798309326,3.9872517585754395,3.9872517585754395,3.9837265014648438,3.9874796867370605,nan,nan
42.049999999999955,13.394383430480957,3.992258310317993,3.997535228729248,3.9979817867279053,3.9979817867279053,3.9936327934265137,3.9966328144073486,nan,nan
42.100000000000136,8.508846282958984,4.011072158813477,4.0170722007751465,4.0160722732543945,4.016354084014893,4.013158321380615,4.015421390533447,nan,nan
42.15000000000009,5.390301704406738,4.026793479919434,4.0327935218811035,4.0320725440979,4.0327935218811035,4.031428337097168,4.031671047210693,nan,nan
42.200000000000045,3.5924134254455566,4.035684585571289,4.041965484619141,4.041684627532959,4.041684627532959,4.040712833404541,4.041468143463135,nan,nan
42.25,2.747305393218994,4.040556907653809,4.047835350036621,4.046835422515869,4.046835422515869,4.046725749969482,4.046725749969482,nan,nan
42.299999999999955,2.3491463661193848,4.042559623718262,4.05027961730957,4.049559593200684,4.049559593200684,4.049243450164795,4.049243450164795,nan,nan
42.350000000000136,2.124793767929077,4.044277191162109,4.051277160644531,4.051000118255615,4.051000118255615,4.050240993499756,4.050240993499756,nan,nan
42.40000000000009,2.025280237197876,4.045278549194336,4.052278518676758,4.051278591156006,4.051278591156006,4.051242828369141,4.051242828369141,nan,nan
42.450000000000045,1.9876362085342407,4.046000003814697,4.052999973297119,4.052000045776367,4.052000045776367,4.052239894866943,4.052000045776367,nan,nan
42.5,1.9500000476837158,4.046000003814697,4.052999973297119,4.052277565002441,4.052277565002441,4.052999973297119,4.052000045776367,nan,nan
42.549999999999955,1.9379571676254272,4.046275615692139,4.0532755851745605,4.052999973297119,4.052999973297119,4.052999973297119,4.052238941192627,nan,nan
42.600000000000136,1.9249999523162842,4.046999931335449,4.053999900817871,4.052999973297119,4.053277015686035,4.053240776062012,4.052999973297119,nan,nan
42.65000000000009,1.9249999523162842,4.046999931335449,4.054274559020996,4.052999973297119,4.053999900817871,4.053999900817871,4.052999973297119,nan,nan
42.700000000000045,2.0214295387268066,4.046999931335449,4.054724216461182,4.052999973297119,4.05372428894043,4.053760051727295,4.052999973297119,nan,nan
42.75,5.18787956237793,4.042624473571777,4.049350738525391,4.048350811004639,4.048350811004639,4.048734188079834,4.048734188079834,nan,nan
42.799999999999955,11.504185676574707,4.02412748336792,4.03012752532959,4.028852462768555,4.029127597808838,4.028549671173096,4.029266357421875,nan,nan
43.049999999999955,12.544782638549805,4.004800319671631,4.010800361633301,4.009800434112549,4.010066986083984,4.006936073303223,4.008936405181885,nan,nan
43.100000000000136,12.746936798095703,4.006183624267578,4.012183666229248,4.011455535888672,4.012183666229248,4.009291648864746,4.011291980743408,nan,nan
43.15000000000009,15.375199317932129,4.000764846801758,4.006494998931885,4.006494998931885,4.006494998931885,4.003735542297363,4.005969047546387,nan,nan
43.200000000000045,18.370939254760742,3.9890170097351074,3.9940171241760254,3.994288206100464,3.994288206100464,3.990649461746216,3.9934144020080566,nan,nan
43.25,20.187313079833984,3.979656934738159,3.984656810760498,3.985119581222534,3.984851121902466,3.9809107780456543,3.983607292175293,nan,nan
43.299999999999955,21.18906021118164,3.974649429321289,3.979379177093506,3.978919506072998,3.9784598350524902,3.97353196144104,3.9782979488372803,nan,nan
43.350000000000136,21.786087036132812,3.9701974391937256,3.9744648933410645,3.9754650592803955,3.9761974811553955,3.971076488494873,3.9753072261810303,nan,nan
43.40000000000009,22.20859146118164,3.968269109725952,3.972730875015259,3.9731929302215576,3.9731929302215576,3.9677670001983643,3.9730000495910645,nan,nan
43.450000000000045,22.140216827392578,3.968733310699463,3.972266674041748,3.9715330600738525,3.9715330600738525,3.9674599170684814,3.9730000495910645,nan,nan
43.5,21.63789176940918,3.968535900115967,3.9732680320739746,3.9732680320739746,3.9732680320739746,3.9690001010894775,3.9732320308685303,nan,nan
43.549999999999955,21.26519203186035,3.9700000286102295,3.9739999771118164,3.9742655754089355,3.9745309352874756,3.9694578647613525,3.974228858947754,nan,nan
43.600000000000136,21.144058227539062,3.9702670574188232,3.9748013019561768,3.975267171859741,3.9760000705718994,3.9705381393432617,3.974769115447998,nan,nan
43.65000000000009,21.119144439697266,3.9709999561309814,3.976470947265625,3.9757354259490967,3.9757354259490967,3.9692280292510986,3.9739999771118164,nan,nan
43.700000000000045,21.190845489501953,3.9704675674438477,3.974733829498291,3.9749999046325684,3.9749999046325684,3.9697699546813965,3.9737701416015625,nan,nan
43.75,21.29041290283203,3.9692635536193848,3.9739999771118164,3.974736452102661,3.974472761154175,3.968773126602173,3.9730000495910645,nan,nan
43.799999999999955,21.457473754882812,3.9694695472717285,3.9734694957733154,3.9734694957733154,3.9730000495910645,3.968229055404663,3.9730000495910645,nan,nan
43.850000000000136,21.552331924438477,3.9679999351501465,3.9722626209259033,3.9722626209259033,3.9727373123168945,3.968547821044922,3.972547769546509,nan,nan
43.90000000000009,21.749652862548828,3.967735767364502,3.9724714756011963,3.9724714756011963,3.971735715866089,3.9670000076293945,3.9709999561309814,nan,nan
43.950000000000045,21.86728858947754,3.966738224029541,3.9709999561309814,3.9709999561309814,3.971261739730835,3.9667747020721436,3.9709999561309814,nan,nan
44.0,21.309844970703125,3.967047691345215,3.9717857837677,3.9717857837677,3.9725239276885986,3.96645450592041,3.971454381942749,nan,nan
44.049999999999955,20.17206573486328,3.970770835876465,3.9747707843780518,3.9747707843780518,3.975027561187744,3.9695699214935303,3.974121332168579,nan,nan
44.100000000000136,18.918882369995117,3.9743125438690186,3.9785749912261963,3.9785749912261963,3.9795751571655273,3.975905656814575,3.97890567779541,nan,nan
44.15000000000009,16.91035270690918,3.980339288711548,3.985079288482666,3.9848194122314453,3.9858193397521973,3.9810097217559814,3.9842331409454346,nan,nan
44.200000000000045,15.51722526550293,3.988046169281006,3.992307662963867,3.9915692806243896,3.992307662963867,3.989126682281494,3.992676019668579,nan,nan
44.25,15.206969261169434,3.9912588596343994,3.9962589740753174,3.996000051498413,3.996000051498413,3.9927775859832764,3.995222330093384,nan,nan
44.299999999999955,15.812918663024902,3.9909584522247314,3.9959583282470703,3.9949584007263184,3.9952187538146973,3.991551160812378,3.9953267574310303,nan,nan
44.350000000000136,16.970373153686523,3.986968517303467,3.9919686317443848,3.9909684658050537,3.991710662841797,3.988450288772583,3.991671562194824,nan,nan
44.40000000000009,18.281721115112305,3.982443332672119,3.9871838092803955,3.986443281173706,3.9867026805877686,3.9821062088012695,3.9858827590942383,nan,nan
44.450000000000045,19.1516056060791,3.977229595184326,3.9814863204956055,3.981743335723877,3.9824864864349365,3.978118419647217,3.9813387393951416,nan,nan
44.5,19.595563888549805,3.9747414588928223,3.979483127593994,3.979965925216675,3.979965925216675,3.974555253982544,3.9790000915527344,nan,nan
44.549999999999955,19.869293212890625,3.9734883308410645,3.9777441024780273,3.9769999980926514,3.9772558212280273,3.9730000495910645,3.9785611629486084,nan,nan
44.600000000000136,20.129444122314453,3.9717423915863037,3.9767425060272217,3.9767425060272217,3.9777424335479736,3.9723360538482666,3.9765572547912598,nan,nan
44.65000000000009,20.178180694580078,3.9709999561309814,3.9757449626922607,3.9757449626922607,3.976745128631592,3.9704363346099854,3.9752180576324463,nan,nan
44.700000000000045,20.264263153076172,3.9712564945220947,3.9752564430236816,3.9749999046325684,3.975743532180786,3.9715592861175537,3.9757797718048096,nan,nan
44.75,20.7304744720459,3.971238136291504,3.975238084793091,3.974238157272339,3.974238157272339,3.9695651531219482,3.974565267562866,nan,nan
45.15000000000009,28.871397018432617,3.9390013217926025,3.942502021789551,3.9432525634765625,3.942751884460449,3.9351446628570557,3.9423584938049316,nan,nan
45.200000000000045,29.757972717285156,3.9347498416900635,3.936999797821045,3.9375,3.938499927520752,3.9313526153564453,3.9387052059173584,nan,nan
45.25,30.464937210083008,3.9305014610290527,3.9332523345947266,3.9352521896362305,3.9362523555755615,3.9281492233276367,3.933574676513672,nan,nan
45.299999999999955,30.922096252441406,3.9284980297088623,3.93074893951416,3.9322469234466553,3.9332470893859863,3.9247851371765137,3.9317851066589355,nan,nan
45.350000000000136,31.341796875,3.927000045776367,3.9297516345977783,3.9295034408569336,3.930255174636841,3.9233648777008057,3.930788278579712,nan,nan
45.40000000000009,31.65755271911621,3.9257500171661377,3.927999973297119,3.927500009536743,3.927999973297119,3.9210000038146973,3.92935848236084,nan,nan
45.450000000000045,32.61302185058594,3.9212582111358643,3.9245054721832275,3.925010919570923,3.926269054412842,3.919313907623291,3.9257354736328125,nan,nan
45.5,33.56710433959961,3.918004035949707,3.92150616645813,3.921004056930542,3.920501947402954,3.912574052810669,3.920574188232422,nan,nan
45.549999999999955,34.464656829833984,3.9137685298919678,3.9165074825286865,3.9175074100494385,3.9185073375701904,3.9103705883026123,3.918160915374756,nan,nan
45.600000000000136,35.4454345703125,3.909752130508423,3.913264274597168,3.9140162467956543,3.915264129638672,3.906940460205078,3.9139404296875,nan,nan
45.65000000000009,36.334163665771484,3.9075286388397217,3.9075095653533936,3.907754898071289,3.9095096588134766,3.901956796646118,3.9093739986419678,nan,nan
45.700000000000045,36.811492919921875,3.9027531147003174,3.905506134033203,3.906506061553955,3.907259225845337,3.8973677158355713,3.906367778778076,nan,nan
45.75,37.18867492675781,3.9012675285339355,3.9032673835754395,3.9040231704711914,3.9045116901397705,3.8949999809265137,3.9040000438690186,nan,nan
45.799999999999955,37.74445343017578,3.8987538814544678,3.9007537364959717,3.9010000228881836,3.9027538299560547,3.8943700790405273,3.9029502868652344,nan,nan
45.850000000000136,38.31001281738281,3.8975143432617188,3.8992714881896973,3.900028705596924,3.901028633117676,3.891172409057617,3.8985862731933594,nan,nan
45.90000000000009,38.43413162231445,3.895270347595215,3.8965137004852295,3.896756887435913,3.897756814956665,3.8875815868377686,3.8967907428741455,nan,nan
45.950000000000045,38.79999923706055,3.8929998874664307,3.8954851627349854,3.8959999084472656,3.8960297107696533,3.885793924331665,3.895794153213501,nan,nan
46.0,39.10818099975586,3.8925137519836426,3.8960275650024414,3.8950276374816895,3.892756938934326,3.8845834732055664,3.894791841506958,nan,nan
46.049999999999955,39.45000076293945,3.8905246257781982,3.8927624225616455,3.8924753665924072,3.8924753665924072,3.882999897003174,3.893589735031128,nan,nan
46.100000000000136,39.766357421875,3.8889999389648438,3.8915135860443115,3.893270254135132,3.893270254135132,3.882378339767456,3.8917927742004395,nan,nan
46.15000000000009,40.07149124145508,3.8877973556518555,3.889037847518921,3.8902785778045654,3.8905189037323,3.879796028137207,3.890183925628662,nan,nan
46.200000000000045,40.304019927978516,3.8844845294952393,3.886242151260376,3.8877577781677246,3.8887577056884766,3.878587484359741,3.886793851852417,nan,nan
46.25,40.79657745361328,3.885042905807495,3.885803699493408,3.886043071746826,3.887521505355835,3.876594066619873,3.885594129562378,nan,nan
46.299999999999955,40.94709396362305,3.8815195560455322,3.8822402954101562,3.8834803104400635,3.885279417037964,3.874384641647339,3.8837947845458984,nan,nan
46.350000000000136,41.37827682495117,3.8797616958618164,3.882523536682129,3.884047031402588,3.8827617168426514,3.872201919555664,3.882999897003174,nan,nan
46.40000000000009,41.6251335144043,3.878521203994751,3.880521297454834,3.88100004196167,3.88223934173584,3.871978998184204,3.881978988647461,nan,nan
46.450000000000045,42.19709396362305,3.876763105392456,3.8782896995544434,3.8800528049468994,3.8818161487579346,3.8677995204925537,3.878000020980835,nan,nan
46.5,42.21977996826172,3.875525712966919,3.875762939453125,3.877000093460083,3.878000020980835,3.867000102996826,3.877798557281494,nan,nan
46.549999999999955,42.558467864990234,3.874000072479248,3.8754725456237793,3.877000093460083,3.8777637481689453,3.8668010234832764,3.877000093460083,nan,nan
46.600000000000136,42.921630859375,3.873286008834839,3.875810146331787,3.8760480880737305,3.8767621517181396,3.865999937057495,3.8764050006866455,nan,nan
46.65000000000009,43.40767288208008,3.870765209197998,3.872469425201416,3.873704195022583,3.875765323638916,3.865403890609741,3.8738012313842773,nan,nan
46.700000000000045,43.2699089050293,3.870234727859497,3.873530626296997,3.874826431274414,3.873826265335083,3.8627989292144775,3.872999906539917,nan,nan
46.75,43.908485412597656,3.8700625896453857,3.87082839012146,3.8705313205718994,3.870234251022339,3.8614065647125244,3.872406482696533,nan,nan
46.799999999999955,44.13761520385742,3.867000102996826,3.867236375808716,3.8692362308502197,3.870290994644165,3.858799934387207,3.869799852371216,nan,nan
46.850000000000136,44.270896911621094,3.867000102996826,3.8672993183135986,3.869065999984741,3.8677663803100586,3.8576059341430664,3.8682119846343994,nan,nan
46.90000000000009,44.447471618652344,3.8658227920532227,3.865706443786621,3.866706371307373,3.866764545440674,3.8558006286621094,3.8648006916046143,nan,nan
46.950000000000045,44.7733154296875,3.8626978397369385,3.8668367862701416,3.8676042556762695,3.865534782409668,3.854607582092285,3.8641960620880127,nan,nan
47.0,44.97855758666992,3.8635995388031006,3.8620662689208984,3.86299991607666,3.8642334938049316,3.853595495223999,3.8648014068603516,nan,nan
47.049999999999955,45.275001525878906,3.8594555854797363,3.8603665828704834,3.862772226333618,3.864089012145996,3.8548293113708496,3.863414764404297,nan,nan
47.100000000000136,45.6419563293457,3.859832286834717,3.863598585128784,3.8615329265594482,3.8602993488311768,3.848815441131592,3.860407829284668,nan,nan
47.15000000000009,45.80125427246094,3.855769395828247,3.8589999675750732,3.8604612350463867,3.8589224815368652,3.844581127166748,3.8578062057495117,nan,nan
47.200000000000045,46.07432556152344,3.8545351028442383,3.858302593231201,3.861070156097412,3.861070156097412,3.8468050956726074,3.8568053245544434,nan,nan
47.25,46.27617645263672,3.8525407314300537,3.855311155319214,3.8580000400543213,3.858229637145996,3.8461921215057373,3.8558080196380615,nan,nan
47.299999999999955,46.5538215637207,3.85192608833313,3.8529999256134033,3.857537031173706,3.857842445373535,3.8458497524261475,3.8550000190734863,nan,nan
47.350000000000136,46.88081741333008,3.853628396987915,3.8523142337799072,3.855314254760742,3.854457139968872,3.8411920070648193,3.854231595993042,nan,nan
47.40000000000009,47.081363677978516,3.8492305278778076,3.850691318511963,3.8529999256134033,3.8550784587860107,3.840834856033325,3.850611686706543,nan,nan
47.450000000000045,47.354366302490234,3.8488616943359375,3.8516340255737305,3.8527722358703613,3.8517723083496094,3.8363819122314453,3.8491909503936768,nan,nan
47.5,47.60539245605469,3.845458745956421,3.8469998836517334,3.852229356765747,3.8507704734802246,3.8374204635620117,3.849806785583496,nan,nan
47.549999999999955,47.851497650146484,3.8474531173706055,3.846773386001587,3.850961446762085,3.8499999046325684,3.8357584476470947,3.848620891571045,nan,nan
47.600000000000136,48.06473159790039,3.847630262374878,3.8459999561309814,3.8449132442474365,3.8493151664733887,3.8382351398468018,3.846808910369873,nan,nan
47.65000000000009,48.276611328125,3.8429999351501465,3.8459999561309814,3.8468730449676514,3.8467745780944824,3.834622859954834,3.845623016357422,nan,nan
47.700000000000045,48.52516174316406,3.8427727222442627,3.8444085121154785,3.8432273864746094,3.8459999561309814,3.8326196670532227,3.8443803787231445,nan,nan
47.75,46.94561004638672,3.8444695472717285,3.8425920009613037,3.846693992614746,3.8484694957733154,3.833063840866089,3.847501039505005,nan,nan
47.799999999999955,36.394737243652344,3.8647866249084473,3.8670132160186768,3.8677866458892822,3.868786573410034,3.8531312942504883,3.864565134048462,-10.550872802734375,0.020546595255533855
47.850000000000136,21.867679595947266,3.916417360305786,3.9198648929595947,3.919417142868042,3.920865058898926,3.911241292953491,3.9193103313446045,-14.527057647705078,0.05350776513417562
47.90000000000009,13.403159141540527,3.9618685245513916,3.9668684005737305,3.9650940895080566,3.9678685665130615,3.961198329925537,3.964827060699463,nan,nan
47.950000000000045,9.097992897033691,3.984895706176758,3.9901182651519775,3.9891183376312256,3.9908955097198486,3.9867849349975586,3.9885993003845215,nan,nan
48.0,7.6033124923706055,3.995893955230713,4.0016703605651855,4.001117706298828,4.00211763381958,3.999558687210083,4.000558376312256,nan,nan
48.049999999999955,7.991342067718506,3.9981298446655273,4.003564834594727,4.004347324371338,4.004912376403809,4.001444339752197,4.002444267272949,nan,nan
48.100000000000136,9.248456954956055,3.9943289756774902,4.001105308532715,4.000881671905518,4.000105381011963,3.99825382232666,3.9994401931762695,nan,nan
48.15000000000009,10.436555862426758,3.991337776184082,3.997117042541504,3.996337652206421,3.996337652206421,3.994278907775879,3.9964592456817627,nan,nan
48.200000000000045,11.102778434753418,3.9887773990631104,3.9935548305511475,3.9933321475982666,3.993777275085449,3.9908134937286377,3.993626832962036,nan,nan
48.25,11.46932601928711,3.9877800941467285,3.992219924926758,3.990999937057495,3.992560386657715,3.989816904067993,3.991816997528076,nan,nan
48.299999999999955,11.586251258850098,3.9872217178344727,3.9927783012390137,3.990999937057495,3.990999937057495,3.989000082015991,3.990999937057495,nan,nan
48.350000000000136,11.603281021118164,3.987781286239624,3.9922187328338623,3.9912185668945312,3.990999937057495,3.989182233810425,3.9911820888519287,nan,nan
48.40000000000009,11.661014556884766,3.987441062927246,3.992779493331909,3.992000102996826,3.991661787033081,3.9898154735565186,3.9918155670166016,nan,nan
48.450000000000045,12.15091609954834,3.987912654876709,3.991347551345825,3.991564989089966,3.9931302070617676,3.9884567260742188,3.99063777923584,nan,nan
48.5,12.965103149414062,3.9837806224823,3.9887804985046387,3.989122152328491,3.9893417358398438,3.985633373260498,3.988633394241333,nan,nan
48.549999999999955,14.92836856842041,3.9804015159606934,3.9856181144714355,3.98405122756958,3.984834671020508,3.9818410873413086,3.985020875930786,nan,nan
48.600000000000136,19.51695442199707,3.9670650959014893,3.972846508026123,3.972846508026123,3.97240948677063,3.968169927597046,3.9723525047302246,nan,nan
48.65000000000009,24.623119354248047,3.949117422103882,3.9532546997070312,3.953470468521118,3.9523332118988037,3.947418451309204,3.9525976181030273,nan,nan
48.700000000000045,27.988576889038086,3.932170867919922,3.9342589378356934,3.9350414276123047,3.936605930328369,3.928821563720703,3.934821605682373,nan,nan
48.75,30.613779067993164,3.9202828407287598,3.9256389141082764,3.925424098968506,3.9258534908294678,3.917752981185913,3.9233968257904053,nan,nan
48.799999999999955,32.21879959106445,3.912266731262207,3.9154834747314453,3.914916753768921,3.917133331298828,3.9109160900115967,3.9147355556488037,nan,nan
48.850000000000136,33.052127838134766,3.9062137603759766,3.9093589782714844,3.9103589057922363,3.9133589267730713,3.90511417388916,3.9086456298828125,nan,nan
48.90000000000009,33.514339447021484,3.9065682888031006,3.9063522815704346,3.9077839851379395,3.9103522300720215,3.9006407260894775,3.9073593616485596,nan,nan
48.950000000000045,33.81905746459961,3.9043614864349365,3.904851198196411,3.9070000648498535,3.9073615074157715,3.8988237380981445,3.908295154571533,nan,nan
49.0,33.974998474121094,3.9026408195495605,3.9071455001831055,3.9063591957092285,3.9047863483428955,3.8976426124572754,3.9051787853240967,nan,nan
49.049999999999955,34.090858459472656,3.9037561416625977,3.9040000438690186,3.9040000438690186,3.9040000438690186,3.8959999084472656,3.905299186706543,nan,nan
49.100000000000136,34.29062271118164,3.8996410369873047,3.9037864208221436,3.9037864208221436,3.9037864208221436,3.8956446647644043,3.902177572250366,nan,nan
49.15000000000009,34.29999923706055,3.901578426361084,3.902789354324341,3.9030001163482666,3.902789354324341,3.894174337387085,3.9030001163482666,nan,nan
49.200000000000045,34.43170166015625,3.9000000953674316,3.9019999504089355,3.902787208557129,3.902212619781494,3.8948233127593994,3.902646541595459,nan,nan
49.25,34.38544464111328,3.9000000953674316,3.902209758758545,3.9017903804779053,3.902580738067627,3.8941731452941895,3.901346445083618,nan,nan
49.299999999999955,31.760128021240234,3.9029653072357178,3.9055416584014893,3.9046006202697754,3.9048123359680176,3.8972859382629395,3.9054617881774902,nan,nan
49.350000000000136,26.815227508544922,3.9185938835144043,3.9195940494537354,3.9221763610839844,3.9231762886047363,3.912135362625122,3.9206182956695557,nan,nan
49.40000000000009,18.216541290283203,3.943169355392456,3.9448020458221436,3.9455912113189697,3.9465911388397217,3.9389851093292236,3.9444611072540283,nan,nan
49.450000000000045,4.900115489959717,3.9801809787750244,3.9845964908599854,3.984804153442383,3.9855964183807373,3.9808950424194336,3.983552932739258,-13.316425800323486,0.03933767477671305
49.5,2.824294328689575,4.019209861755371,4.025209903717041,4.025790214538574,4.026000022888184,4.024173736572266,4.024826526641846,nan,nan
49.549999999999955,2.63332200050354,4.019999980926514,4.0262064933776855,4.025206565856934,4.0262064933776855,4.02517032623291,4.0243401527404785,nan,nan
49.600000000000136,2.6417794227600098,4.0204176902771,4.0272088050842285,4.026208877563477,4.0272088050842285,4.026172637939453,4.026000022888184,nan,nan
49.65000000000009,2.6409497261047363,4.021999835968018,4.0279998779296875,4.0269999504089355,4.0279998779296875,4.026830673217773,4.026000022888184,nan,nan
49.700000000000045,2.6500000953674316,4.022207736968994,4.028207778930664,4.027207851409912,4.0279998779296875,4.02634334564209,4.02634334564209,nan,nan
49.75,2.640294313430786,4.0229997634887695,4.029204845428467,4.0279998779296875,4.028204917907715,4.028168201446533,4.0279998779296875,nan,nan
49.799999999999955,2.567396402359009,4.02320671081543,4.03000020980835,4.028206825256348,4.0292067527771,4.0289998054504395,4.0279998779296875,nan,nan
49.850000000000136,2.5598931312561035,4.02400016784668,4.030203819274902,4.0289998054504395,4.030203819274902,4.029167175292969,4.028334617614746,nan,nan
49.90000000000009,2.549999952316284,4.024206161499023,4.031000137329102,4.029205799102783,4.031000137329102,4.03000020980835,4.03000020980835,nan,nan
49.950000000000045,2.5550930500030518,4.025000095367432,4.031202793121338,4.030202865600586,4.031000137329102,4.03000020980835,4.03000020980835,nan,nan
50.0,2.5428361892700195,4.025203704833984,4.0322041511535645,4.031000137329102,4.031203746795654,4.030168533325195,4.030168533325195,nan,nan
50.049999999999955,2.5,4.026000022888184,4.0329999923706055,4.031197547912598,4.0320000648498535,4.03116512298584,4.031000137329102,nan,nan
50.100000000000136,2.4929511547088623,4.0262041091918945,4.0329999923706055,4.0320000648498535,4.032203674316406,4.0320000648498535,4.031167984008789,nan,nan
50.15000000000009,2.4805634021759033,4.0269999504089355,4.033200740814209,4.032200813293457,4.0329999923706055,4.032164096832275,4.032164096832275,nan,nan
50.200000000000045,2.456821918487549,4.02720308303833,4.033999919891357,4.0329999923706055,4.033203125,4.0329999923706055,4.0329999923706055,nan,nan
50.25,2.469203472137451,4.0279998779296875,4.034200191497803,4.033199787139893,4.033999919891357,4.0329999923706055,4.0329999923706055,nan,nan
50.299999999999955,2.424999952316284,4.0279998779296875,4.034999847412109,4.0342020988464355,4.033999919891357,4.0329999923706055,4.03316593170166,nan,nan
50.350000000000136,2.4189727306365967,4.0279998779296875,4.034999847412109,4.034999847412109,4.034198760986328,4.0331621170043945,4.033999919891357,nan,nan
50.40000000000009,2.375,4.028201103210449,4.035402297973633,4.034999847412109,4.034999847412109,4.034164905548096,4.034164905548096,nan,nan
50.450000000000045,2.3562629222869873,4.029197692871094,4.036802291870117,4.034999847412109,4.034999847412109,4.034999847412109,4.034999847412109,nan,nan
50.5,2.362764835357666,4.03000020980835,4.035999774932861,4.034999847412109,4.035200119018555,4.035163879394531,4.034999847412109,nan,nan
50.549999999999955,2.325000047683716,4.03000020980835,4.036196708679199,4.035196781158447,4.035999774932861,4.035839557647705,4.035160064697266,nan,nan
50.600000000000136,2.299999952316284,4.03019905090332,4.0370001792907715,4.035999774932861,4.035999774932861,4.035162925720215,4.035999774932861,nan,nan
50.65000000000009,2.25,4.031000137329102,4.037196159362793,4.036195755004883,4.036195755004883,4.036159038543701,4.035999774932861,nan,nan
50.700000000000045,2.2750000953674316,4.031198024749756,4.038000106811523,4.0370001792907715,4.037198066711426,4.0370001792907715,4.03616189956665,nan,nan
50.75,2.2319507598876953,4.0320000648498535,4.038000106811523,4.0370001792907715,4.037805080413818,4.0370001792907715,4.0370001792907715,nan,nan
50.799999999999955,2.20870041847229,4.0320000648498535,4.038197040557861,4.037197113037109,4.037197113037109,4.037160873413086,4.037160873413086,nan,nan
50.850000000000136,2.145646333694458,4.0320000648498535,4.038805961608887,4.038000106811523,4.038000106811523,4.037842750549316,4.037842750549316,nan,nan
50.90000000000009,2.1447999477386475,4.032196044921875,4.038196086883545,4.038196086883545,4.038196086883545,4.037160396575928,4.037160396575928,nan,nan
50.950000000000045,2.039902925491333,4.033193111419678,4.039193153381348,4.039000034332275,4.039193153381348,4.038312911987305,4.038156509399414,nan,nan
51.0,2.0799694061279297,4.033805847167969,4.039999961853027,4.039000034332275,4.039999961853027,4.0398406982421875,4.039000034332275,nan,nan
51.049999999999955,2.075000047683716,4.0331878662109375,4.039999961853027,4.039000034332275,4.039999961853027,4.03915548324585,4.03915548324585,nan,nan
51.100000000000136,2.049999952316284,4.033999919891357,4.040194511413574,4.039194107055664,4.039999961853027,4.039999961853027,4.039999961853027,nan,nan
51.15000000000009,2.0250000953674316,4.034191131591797,4.040999889373779,4.039999961853027,4.040191173553467,4.040154457092285,4.039999961853027,nan,nan
51.200000000000045,2.016162157058716,4.034999847412109,4.041193008422852,4.0401930809021,4.040999889373779,4.040999889373779,4.039999961853027,nan,nan
51.25,1.958108901977539,4.034999847412109,4.041999816894531,4.040999889373779,4.040999889373779,4.040999889373779,4.039999961853027,nan,nan
51.299999999999955,1.9249999523162842,4.035192012786865,4.041999816894531,4.040999889373779,4.040999889373779,4.040999889373779,4.04015588760376,nan,nan
51.350000000000136,1.899999976158142,4.035999774932861,4.041999816894531,4.041189193725586,4.041189193725586,4.040999889373779,4.040999889373779,nan,nan
51.40000000000009,1.8709743022918701,4.035999774932861,4.042191028594971,4.04180908203125,4.041999816894531,4.0411553382873535,4.0411553382873535,nan,nan
51.450000000000045,1.8664082288742065,4.035999774932861,4.043000221252441,4.0411882400512695,4.041999816894531,4.041999816894531,4.041999816894531,nan,nan
51.5,1.8461906909942627,4.035999774932861,4.043000221252441,4.041999816894531,4.042190074920654,4.042154312133789,4.041999816894531,nan,nan
51.549999999999955,1.8250000476837158,4.036187171936035,4.043187141418457,4.042187213897705,4.043000221252441,4.043000221252441,4.041999816894531,nan,nan
51.600000000000136,1.7999999523162842,4.0370001792907715,4.044000148773193,4.043000221252441,4.043000221252441,4.043000221252441,4.041999816894531,nan,nan
51.65000000000009,1.8319278955459595,4.0370001792907715,4.044000148773193,4.043000221252441,4.043000221252441,4.043000221252441,4.041999816894531,nan,nan
51.700000000000045,1.8530720472335815,4.0370001792907715,4.044000148773193,4.043000221252441,4.043000221252441,4.043000221252441,4.042152404785156,nan,nan
51.75,1.8592722415924072,4.037185192108154,4.044000148773193,4.043000221252441,4.043185234069824,4.043000221252441,4.043000221252441,nan,nan
51.799999999999955,1.850000023841858,4.038000106811523,4.044187545776367,4.043187618255615,4.044000148773193,4.043000221252441,4.043000221252441,nan,nan
51.850000000000136,1.8095078468322754,4.038000106811523,4.045000076293945,4.044000148773193,4.044000148773193,4.043147563934326,4.043147563934326,nan,nan
51.90000000000009,1.75,4.038186550140381,4.045000076293945,4.044000148773193,4.044186592102051,4.044150352478027,4.044000148773193,nan,nan
51.950000000000045,1.75,4.038816928863525,4.045000076293945,4.044000148773193,4.045000076293945,4.044853210449219,4.044000148773193,nan,nan
52.0,1.75,4.038184642791748,4.04518461227417,4.044184684753418,4.045000076293945,4.044149398803711,4.044000148773193,nan,nan
52.049999999999955,1.75,4.039000034332275,4.046000003814697,4.045000076293945,4.045000076293945,4.045000076293945,4.044145107269287,nan,nan
52.100000000000136,1.75,4.039000034332275,4.046000003814697,4.045000076293945,4.045000076293945,4.045000076293945,4.044851303100586,nan,nan
52.15000000000009,1.7397444248199463,4.039000034332275,4.046000003814697,4.045000076293945,4.045180320739746,4.045144557952881,4.044144630432129,nan,nan
52.200000000000045,1.75,4.039000034332275,4.046000003814697,4.045000076293945,4.046000003814697,4.0458526611328125,4.045000076293945,nan,nan
52.25,1.75,4.03917932510376,4.046179294586182,4.04517936706543,4.046000003814697,4.0451436042785645,4.045000076293945,nan,nan
52.299999999999955,1.725000023841858,4.039999961853027,4.046999931335449,4.046000003814697,4.046000003814697,4.046000003814697,4.045146465301514,nan,nan
52.350000000000136,1.725000023841858,4.039999961853027,4.046999931335449,4.046000003814697,4.046000003814697,4.046000003814697,4.046000003814697,nan,nan
52.40000000000009,1.7232919931411743,4.039999961853027,4.046999931335449,4.046000003814697,4.046000003814697,4.046000003814697,4.045854568481445,nan,nan
52.450000000000045,1.7000000476837158,4.039999961853027,4.046999931335449,4.046000003814697,4.046176910400391,4.046141624450684,4.045141696929932,nan,nan
52.5,1.7677042484283447,4.039999961853027,4.046820163726807,4.045820236206055,4.046820163726807,4.046711444854736,4.045855522155762,nan,nan
52.549999999999955,3.322659969329834,4.03843879699707,4.04443883895874,4.043438911437988,4.04443883895874,4.043735027313232,4.043735027313232,nan,nan
52.600000000000136,6.479537010192871,4.0288567543029785,4.034856796264648,4.0338568687438965,4.0346784591674805,4.033994674682617,4.034137725830078,nan,nan
52.65000000000009,8.840799331665039,4.017622947692871,4.023622989654541,4.022623062133789,4.0227952003479,4.021022796630859,4.022022724151611,nan,nan
52.700000000000045,10.237150192260742,4.0102858543396,4.0162858963012695,4.0154643058776855,4.0162858963012695,4.01428747177124,4.015429973602295,nan,nan
52.75,10.932110786437988,4.006649971008301,4.012650012969971,4.012474536895752,4.012474536895752,4.009722709655762,4.011722564697266,nan,nan
52.799999999999955,11.35196304321289,4.004822254180908,4.010644912719727,4.009822368621826,4.009822368621826,4.007717132568359,4.009716987609863,nan,nan
52.850000000000136,11.47104263305664,4.004000186920166,4.00917387008667,4.008999824523926,4.008999824523926,4.006137847900391,4.0081377029418945,nan,nan
52.90000000000009,10.639666557312012,4.004706382751465,4.0105299949646,4.009530067443848,4.009706497192383,4.007562637329102,4.009562969207764,nan,nan
52.950000000000045,9.694893836975098,4.008345603942871,4.013518333435059,4.012691497802734,4.013518333435059,4.011410713195801,4.013411045074463,nan,nan
53.0,9.223113059997559,4.010349750518799,4.016349792480469,4.016174793243408,4.016174793243408,4.014278888702393,4.016139507293701,nan,nan
53.049999999999955,8.987305641174316,4.01200008392334,4.01800012588501,4.017168045043945,4.017168045043945,4.015999794006348,4.017000198364258,nan,nan
53.100000000000136,9.17523193359375,4.01200008392334,4.017825603485107,4.017825603485107,4.017651081085205,4.015722751617432,4.016861438751221,nan,nan
53.15000000000009,9.487139701843262,4.011660575866699,4.016660690307617,4.016660690307617,4.015830039978027,4.013999938964844,4.015866279602051,nan,nan
53.200000000000045,10.12294864654541,4.009480953216553,4.014654159545898,4.014481067657471,4.014654159545898,4.013312816619873,4.01458740234375,nan,nan
53.25,11.021732330322266,4.006500244140625,4.012333393096924,4.011333465576172,4.012333393096924,4.008734226226807,4.011601448059082,nan,nan
53.299999999999955,11.718539237976074,4.00348424911499,4.008656024932861,4.007656097412109,4.008656024932861,4.006453514099121,4.008590221405029,nan,nan
53.350000000000136,12.084975242614746,4.0008344650268555,4.006834506988525,4.005834579467773,4.006669521331787,4.002868175506592,4.005868434906006,nan,nan
53.40000000000009,12.42068862915039,3.999659299850464,4.005659103393555,4.004829406738281,4.005000114440918,4.001999855041504,4.004730224609375,nan,nan
53.450000000000045,12.992586135864258,3.9976766109466553,4.003676891326904,4.003353595733643,4.0043535232543945,4.00148868560791,4.002744674682617,nan,nan
53.5,13.686243057250977,3.9953181743621826,4.001147747039795,3.999488592147827,4.000488758087158,3.9974632263183594,4.000463485717773,nan,nan
53.549999999999955,14.986519813537598,3.9911675453186035,3.9963340759277344,3.9961676597595215,3.9970011711120605,3.99322772026062,3.996227741241455,nan,nan
53.600000000000136,16.15241813659668,3.986321449279785,3.9921517372131348,3.991321563720703,3.991321563720703,3.9875998497009277,3.9905998706817627,nan,nan
53.65000000000009,16.898242950439453,3.9825029373168945,3.9875030517578125,3.9875030517578125,3.987668752670288,3.984488010406494,3.9876160621643066,nan,nan
53.700000000000045,17.318376541137695,3.9800000190734863,3.9848313331604004,3.9848313331604004,3.9854936599731445,3.980867385864258,3.9847350120544434,nan,nan
53.75,17.68433952331543,3.9796698093414307,3.9836697578430176,3.9836697578430176,3.9830000400543213,3.979872941970825,3.98287296295166,nan,nan
53.799999999999955,18.064085006713867,3.9776644706726074,3.981832265853882,3.981832265853882,3.9826643466949463,3.978607177734375,3.9817380905151367,nan,nan
53.850000000000136,18.36480712890625,3.9758360385894775,3.9806718826293945,3.9806718826293945,3.9806718826293945,3.9758780002593994,3.9798779487609863,nan,nan
53.90000000000009,18.662443161010742,3.9748334884643555,3.9788334369659424,3.9788334369659424,3.9788334369659424,3.974870204925537,3.978870153427124,nan,nan
53.950000000000045,18.92411994934082,3.9738388061523438,3.9779999256134033,3.9778389930725098,3.9778389930725098,3.9737625122070312,3.9778811931610107,nan,nan
54.0,19.190982818603516,3.9726712703704834,3.9775068759918213,3.9766712188720703,3.9768357276916504,3.9719998836517334,3.9768710136413574,nan,nan
54.049999999999955,19.44044303894043,3.9708456993103027,3.9749999046325684,3.9749999046325684,3.9758458137512207,3.971640110015869,3.975640058517456,nan,nan
54.100000000000136,19.618017196655273,3.9700000286102295,3.9746716022491455,3.9746716022491455,3.9746716022491455,3.9690001010894775,3.9731285572052,nan,nan
54.15000000000009,19.825321197509766,3.9696848392486572,3.9730000495910645,3.9731576442718506,3.9731576442718506,3.968876361846924,3.973752498626709,nan,nan
54.200000000000045,20.044660568237305,3.9679999351501465,3.9730000495910645,3.9736721515655518,3.9736721515655518,3.967745065689087,3.971872568130493,nan,nan
54.25,20.322608947753906,3.9675185680389404,3.9725184440612793,3.9716789722442627,3.9716789722442627,3.9658775329589844,3.970755100250244,nan,nan
54.299999999999955,20.850143432617188,3.964674234390259,3.9696743488311768,3.9696743488311768,3.9695115089416504,3.9644932746887207,3.9686200618743896,nan,nan
54.350000000000136,21.779186248779297,3.9623618125915527,3.9670426845550537,3.9672021865844727,3.9663617610931396,3.960756540298462,3.965634822845459,nan,nan
54.40000000000009,22.57038688659668,3.9585134983062744,3.9618377685546875,3.9626755714416504,3.9626755714416504,3.95837140083313,3.9624969959259033,nan,nan
54.450000000000045,23.050369262695312,3.9556825160980225,3.960523843765259,3.960523843765259,3.9606826305389404,3.953880786895752,3.9590001106262207,nan,nan
54.5,23.415407180786133,3.9536778926849365,3.9576778411865234,3.957839012145996,3.958838939666748,3.953000068664551,3.9587512016296387,nan,nan
54.549999999999955,23.713106155395508,3.9519999027252197,3.9560000896453857,3.9566845893859863,3.957526922225952,3.9526515007019043,3.9567677974700928,nan,nan
54.600000000000136,24.03972625732422,3.9518396854400635,3.955518960952759,3.9548397064208984,3.9548397064208984,3.9498767852783203,3.954876661300659,nan,nan
54.65000000000009,24.387279510498047,3.9505293369293213,3.952843189239502,3.953843116760254,3.9539999961853027,3.948655366897583,3.953770160675049,nan,nan
54.700000000000045,24.600000381469727,3.947999954223633,3.95184063911438,3.952840805053711,3.953681468963623,3.9458775520324707,3.9518775939941406,nan,nan
54.75,24.834178924560547,3.947688341140747,3.950688362121582,3.951688289642334,3.9518442153930664,3.9451141357421875,3.950885772705078,nan,nan
54.799999999999955,25.088336944580078,3.9458415508270264,3.9489998817443848,3.950000047683716,3.950683355331421,3.94551157951355,3.949755907058716,nan,nan
54.850000000000136,25.38350486755371,3.944844961166382,3.9488449096679688,3.9495348930358887,3.9486899375915527,3.941882610321045,3.947999954223633,nan,nan
54.90000000000009,25.641746520996094,3.9436848163604736,3.9476850032806396,3.947000026702881,3.947000026702881,3.9407575130462646,3.947636127471924,nan,nan
54.950000000000045,25.949399948120117,3.941999912261963,3.94584584236145,3.9468460083007812,3.9468460083007812,3.938999891281128,3.944999933242798,nan,nan
55.0,26.186906814575195,3.9416885375976562,3.944688558578491,3.94553279876709,3.9456887245178223,3.9388794898986816,3.9448795318603516,nan,nan
55.049999999999955,26.42351722717285,3.9398510456085205,3.9428510665893555,3.943000078201294,3.9438512325286865,3.9377684593200684,3.943768262863159,nan,nan
55.100000000000136,26.645404815673828,3.9388444423675537,3.9416887760162354,3.9426887035369873,3.9428443908691406,3.935880661010742,3.941880702972412,nan,nan
55.15000000000009,26.890474319458008,3.9376957416534424,3.940152168273926,3.9411520957946777,3.941848039627075,3.934885263442993,3.940885066986084,nan,nan
55.200000000000045,27.16050910949707,3.936000108718872,3.940690755844116,3.9415361881256104,3.9405360221862793,3.933645009994507,3.939763307571411,nan,nan
55.25,27.475000381469727,3.9356977939605713,3.938546657562256,3.9388489723205566,3.9381511211395264,3.93111252784729,3.937999963760376,nan,nan
55.299999999999955,27.664880752563477,3.934000015258789,3.936000108718872,3.937692880630493,3.938692808151245,3.9317662715911865,3.9377663135528564,nan,nan
55.350000000000136,27.889116287231445,3.933849811553955,3.935849905014038,3.935849905014038,3.93684983253479,3.930000066757202,3.9361093044281006,nan,nan
55.40000000000009,28.13410758972168,3.932694911956787,3.934999942779541,3.935152530670166,3.935847520828247,3.9297680854797363,3.936652183532715,nan,nan
55.450000000000045,28.389007568359375,3.9308509826660156,3.9345526695251465,3.93540358543396,3.9348509311676025,3.927891731262207,3.933891773223877,nan,nan
55.5,28.65289306640625,3.929696798324585,3.931999921798706,3.9323031902313232,3.934000015258789,3.9267687797546387,3.932884454727173,nan,nan
55.549999999999955,28.81830406188965,3.928148031234741,3.931851863861084,3.933555841445923,3.933407783508301,3.924776792526245,3.9318883419036865,nan,nan
55.600000000000136,29.076086044311523,3.9285476207733154,3.9306983947753906,3.9306983947753906,3.930000066757202,3.923229455947876,3.9308853149414062,nan,nan
55.65000000000009,29.26978874206543,3.9258527755737305,3.9288527965545654,3.928999900817871,3.930000066757202,3.924778699874878,3.92988920211792,nan,nan
55.700000000000045,29.557512283325195,3.9248502254486084,3.9278502464294434,3.9287002086639404,3.9297003746032715,3.9226584434509277,3.928772449493408,nan,nan
55.75,29.762781143188477,3.9237072467803955,3.9267072677612305,3.927000045776367,3.9281463623046875,3.920109748840332,3.9268901348114014,nan,nan
55.799999999999955,29.918054580688477,3.9221489429473877,3.9248509407043457,3.9265527725219727,3.9282548427581787,3.920436143875122,3.925774574279785,nan,nan
55.850000000000136,30.430360794067383,3.9224178791046143,3.923708915710449,3.923708915710449,3.923708915710449,3.915891170501709,3.923891067504883,nan,nan
55.90000000000009,30.87303352355957,3.918704032897949,3.9218521118164062,3.921999931335449,3.9221479892730713,3.9149999618530273,3.9227757453918457,nan,nan
55.950000000000045,31.296838760375977,3.9170000553131104,3.9208555221557617,3.921710968017578,3.9225664138793945,3.9145679473876953,3.9206759929656982,nan,nan
56.0,31.83782196044922,3.916414260864258,3.9192678928375244,3.9194142818450928,3.9197070598602295,3.9110000133514404,3.917888879776001,nan,nan
56.049999999999955,32.325897216796875,3.9127213954925537,3.914860725402832,3.915860652923584,3.917442560195923,3.9104645252227783,3.9166786670684814,nan,nan
56.100000000000136,32.73335647583008,3.9110000133514404,3.913707733154297,3.914707660675049,3.913853883743286,3.9058899879455566,3.9138901233673096,nan,nan
56.15000000000009,33.00697708129883,3.910571813583374,3.9119999408721924,3.9130001068115234,3.9130001068115234,3.9049999713897705,3.9128940105438232,nan,nan
56.200000000000045,33.37074661254883,3.9079999923706055,3.9118547439575195,3.912564277648926,3.912418842315674,3.9045639038085938,3.911890983581543,nan,nan
56.25,33.53998565673828,3.9077165126800537,3.9107165336608887,3.9100000858306885,3.909283399581909,3.9010000228881836,3.910790205001831,nan,nan
56.299999999999955,31.713001251220703,3.9081618785858154,3.9111618995666504,3.912017583847046,3.912729501724243,3.9025120735168457,3.9104042053222656,nan,nan
56.350000000000136,24.17100715637207,3.92606258392334,3.929062604904175,3.929062604904175,3.9283437728881836,3.9192605018615723,3.9259488582611084,nan,nan
56.40000000000009,14.73637866973877,3.9614388942718506,3.9647252559661865,3.9645822048187256,3.9654388427734375,3.959641456604004,3.963534355163574,nan,nan
56.450000000000045,6.164494037628174,3.993021249771118,3.9981608390808105,3.9971609115600586,3.9971609115600586,3.993910551071167,3.996704578399658,nan,nan
56.5,2.6538772583007812,4.02400016784668,4.03000020980835,4.0289998054504395,4.029141902923584,4.028105735778809,4.0289998054504395,nan,nan
56.549999999999955,2.375,4.024138450622559,4.0301384925842285,4.029138565063477,4.0301384925842285,4.029101848602295,4.029101848602295,nan,nan
56.600000000000136,2.3499999046325684,4.025000095367432,4.03114128112793,4.0301408767700195,4.03114128112793,4.03000020980835,4.03000020980835,nan,nan
56.65000000000009,2.3499999046325684,4.025137424468994,4.032137393951416,4.031137466430664,4.032137393951416,4.030201435089111,4.030201435089111,nan,nan
56.700000000000045,2.325000047683716,4.026140213012695,4.0329999923706055,4.0320000648498535,4.0329999923706055,4.0320000648498535,4.0320000648498535,nan,nan
56.75,2.3209428787231445,4.0269999504089355,4.033136367797852,4.0321364402771,4.0329999923706055,4.032099723815918,4.0320000648498535,nan,nan
56.799999999999955,2.2750000953674316,4.027139186859131,4.033999919891357,4.033139228820801,4.033139228820801,4.0329999923706055,4.032103061676025,nan,nan
56.850000000000136,2.2750000953674316,4.028135776519775,4.034135341644287,4.033999919891357,4.033999919891357,4.0329999923706055,4.0330986976623535,nan,nan
56.90000000000009,2.2588682174682617,4.0288615226745605,4.034999847412109,4.034138202667236,4.034138202667236,4.033102035522461,4.033999919891357,nan,nan
56.950000000000045,2.25,4.028134822845459,4.035134792327881,4.034999847412109,4.035134792327881,4.034098148345947,4.033999919891357,nan,nan
57.0,2.2249999046325684,4.029136657714844,4.035999774932861,4.034999847412109,4.035999774932861,4.035101413726807,4.0341010093688965,nan,nan
57.049999999999955,2.2031803131103516,4.03000020980835,4.036128997802734,4.035129070281982,4.035999774932861,4.035999774932861,4.034999847412109,nan,nan
57.100000000000136,2.215698719024658,4.03000020980835,4.0370001792907715,4.036136150360107,4.036136150360107,4.035999774932861,4.034999847412109,nan,nan
57.15000000000009,2.174999952316284,4.03013277053833,4.037132740020752,4.036867141723633,4.0370001792907715,4.036096096038818,4.035096168518066,nan,nan
57.200000000000045,2.1655197143554688,4.031000137329102,4.038000106811523,4.036270618438721,4.037135124206543,4.0370001792907715,4.035999774932861,nan,nan
57.25,2.174999952316284,4.031131744384766,4.038000106811523,4.038000106811523,4.038000106811523,4.0370001792907715,4.036095142364502,nan,nan
57.299999999999955,2.125,4.0320000648498535,4.0381340980529785,4.038000106811523,4.038000106811523,4.0370001792907715,4.0370001792907715,nan,nan
57.350000000000136,2.125,4.032130718231201,4.039000034332275,4.038000106811523,4.038000106811523,4.0370941162109375,4.0370941162109375,nan,nan
57.40000000000009,2.0999999046325684,4.0329999923706055,4.039000034332275,4.038000106811523,4.038000106811523,4.038000106811523,4.038000106811523,nan,nan
57.450000000000045,2.075000047683716,4.0329999923706055,4.039129734039307,4.038129806518555,4.038129806518555,4.038093090057373,4.038093090057373,nan,nan
57.5,2.060173273086548,4.033132553100586,4.039999961853027,4.039000034332275,4.039000034332275,4.039000034332275,4.039000034332275,nan,nan
57.549999999999955,2.0250000953674316,4.033999919891357,4.040128707885742,4.03912878036499,4.03912878036499,4.039000034332275,4.039000034332275,nan,nan
57.600000000000136,2.0145907402038574,4.033999919891357,4.040999889373779,4.039999961853027,4.039999961853027,4.039095401763916,4.039095401763916,nan,nan
57.65000000000009,1.975000023841858,4.034127712249756,4.040999889373779,4.039999961853027,4.039999961853027,4.039999961853027,4.039999961853027,nan,nan
57.700000000000045,1.9500000476837158,4.034999847412109,4.040999889373779,4.040130615234375,4.040130615234375,4.040094375610352,4.039999961853027,nan,nan
57.75,1.9265320301055908,4.034999847412109,4.041126728057861,4.040999889373779,4.041126728057861,4.040999889373779,4.040090084075928,nan,nan
57.799999999999955,1.91087806224823,4.034999847412109,4.041999816894531,4.040999889373779,4.041999816894531,4.040999889373779,4.040999889373779,nan,nan
57.850000000000136,1.875,4.035125732421875,4.042125701904297,4.041125774383545,4.041999816894531,4.040999889373779,4.040999889373779,nan,nan
57.90000000000009,1.850000023841858,4.035999774932861,4.043000221252441,4.041999816894531,4.041999816894531,4.041092395782471,4.041092395782471,nan,nan
57.950000000000045,1.850000023841858,4.035999774932861,4.043000221252441,4.041999816894531,4.041999816894531,4.041999816894531,4.041999816894531,nan,nan
58.0,1.8113361597061157,4.035999774932861,4.043000221252441,4.041999816894531,4.0421271324157715,4.041999816894531,4.041999816894531,nan,nan
58.049999999999955,1.801046371459961,4.03611946105957,4.043000221252441,4.041999816894531,4.043000221252441,4.042087078094482,4.042087078094482,nan,nan
58.100000000000136,1.9298306703567505,4.0368733406066895,4.043000221252441,4.041999816894531,4.042873382568359,4.042909622192383,4.042819023132324,nan,nan
58.15000000000009,2.8921420574188232,4.035385608673096,4.042385578155518,4.041385650634766,4.041385650634766,4.041568756103516,4.040568828582764,nan,nan
58.200000000000045,4.048913478851318,4.0304975509643555,4.037497520446777,4.036497592926025,4.036497592926025,4.036552906036377,4.035642147064209,nan,nan
58.25,5.981585502624512,4.025781631469727,4.032660007476807,4.031660079956055,4.031660079956055,4.031065464019775,4.0311503410339355,nan,nan
58.299999999999955,9.567070007324219,4.015130996704102,4.0210065841674805,4.0201311111450195,4.0201311111450195,4.019585132598877,4.020673751831055,nan,nan
58.350000000000136,13.468499183654785,4.000308513641357,4.005308628082275,4.005308628082275,4.005308628082275,4.003736972808838,4.005736827850342,nan,nan
58.40000000000009,16.414594650268555,3.9868881702423096,3.991764545440674,3.991764545440674,3.991764545440674,3.9891252517700195,3.991300106048584,nan,nan
58.450000000000045,18.17127799987793,3.978280782699585,3.982280731201172,3.98240065574646,3.98240065574646,3.979417324066162,3.983417510986328,nan,nan
58.5,19.28726577758789,3.97263240814209,3.9766323566436768,3.9773874282836914,3.9773874282836914,3.9726545810699463,3.976740837097168,nan,nan
58.549999999999955,19.923044204711914,3.9696438312530518,3.9736437797546387,3.9727625846862793,3.972881317138672,3.9688358306884766,3.9737536907196045,nan,nan
58.600000000000136,20.1033992767334,3.967242956161499,3.971243143081665,3.971243143081665,3.9719998836517334,3.9670000076293945,3.9710853099823,nan,nan
58.65000000000009,19.137165069580078,3.969353437423706,3.973353385925293,3.973353385925293,3.972471237182617,3.9674057960510254,3.9723246097564697,nan,nan
58.700000000000045,18.40584945678711,3.972241163253784,3.976241111755371,3.9763617515563965,3.976241111755371,3.9721689224243164,3.9760844707489014,nan,nan
58.75,17.291728973388672,3.974817991256714,3.978817939758301,3.979584217071533,3.978701114654541,3.9744815826416016,3.9775619506835938,nan,nan
58.799999999999955,14.90479564666748,3.9820773601531982,3.9861972332000732,3.985316753387451,3.985316753387451,3.9809205532073975,3.9848368167877197,nan,nan
58.850000000000136,12.754701614379883,3.9906959533691406,3.9956960678100586,3.9956960678100586,3.9956960678100586,3.991555690765381,3.994555711746216,nan,nan
58.90000000000009,11.624706268310547,3.99635648727417,4.001356601715088,4.001356601715088,4.001356601715088,3.9982481002807617,4.001248359680176,nan,nan
58.950000000000045,10.983572959899902,3.999229907989502,4.00423002243042,4.004344940185547,4.004344940185547,4.001235485076904,4.004157066345215,nan,nan
59.0,10.766022682189941,4.00111722946167,4.006117343902588,4.006999969482422,4.006999969482422,4.004000186920166,4.00600004196167,nan,nan
59.049999999999955,10.652838706970215,4.001999855041504,4.006999969482422,4.006999969482422,4.007109642028809,4.004077434539795,4.006077289581299,nan,nan
59.100000000000136,10.588906288146973,4.001999855041504,4.006999969482422,4.006999969482422,4.007883071899414,4.005000114440918,4.006918907165527,nan,nan
59.15000000000009,11.051908493041992,4.0016608238220215,4.0066609382629395,4.006547451019287,4.006547451019287,4.004693984985352,4.005770683288574,nan,nan
59.200000000000045,12.2845458984375,3.9985365867614746,4.003420829772949,4.002536296844482,4.002536296844482,4.000600814819336,4.002680778503418,nan,nan
59.25,13.320131301879883,3.9945521354675293,3.998664140701294,3.998552083969116,3.998552083969116,3.9956984519958496,3.9986984729766846,nan,nan
59.299999999999955,14.140752792358398,3.990654945373535,3.995655059814453,3.994770050048828,3.994770050048828,3.991842269897461,3.9947633743286133,nan,nan
59.350000000000136,14.777972221374512,3.9877777099609375,3.9927778244018555,3.992666721343994,3.9927778244018555,3.989776134490967,3.9918508529663086,nan,nan
59.40000000000009,15.176809310913086,3.985772132873535,3.990772008895874,3.9898860454559326,3.990772008895874,3.986922025680542,3.989922046661377,nan,nan
59.450000000000045,15.463578224182129,3.9838898181915283,3.988889694213867,3.988889694213867,3.988889694213867,3.9858529567718506,3.9888529777526855,nan,nan
59.5,15.730483055114746,3.9830000400543213,3.987774133682251,3.987774133682251,3.987774133682251,3.9839999675750732,3.986999988555908,nan,nan
59.549999999999955,15.866830825805664,3.982891082763672,3.9860000610351562,3.9861090183258057,3.9861090183258057,3.9839274883270264,3.9869275093078613,nan,nan
59.600000000000136,15.97977352142334,3.9818880558013916,3.9860000610351562,3.9868879318237305,3.9868879318237305,3.982924222946167,3.985924005508423,nan,nan
59.65000000000009,16.094398498535156,3.9808921813964844,3.9858920574188232,3.9858920574188232,3.9860000610351562,3.9820001125335693,3.984999895095825,nan,nan
59.700000000000045,16.184505462646484,3.9800000190734863,3.984999895095825,3.984999895095825,3.9860000610351562,3.9819250106811523,3.9849250316619873,nan,nan
59.75,16.271862030029297,3.980106830596924,3.984999895095825,3.984893321990967,3.9857864379882812,3.9809999465942383,3.9840705394744873,nan,nan
59.799999999999955,16.318674087524414,3.980787754058838,3.984893798828125,3.9839999675750732,3.9839999675750732,3.9809257984161377,3.984851837158203,nan,nan
59.850000000000136,16.350000381469727,3.9790000915527344,3.9839999675750732,3.9839999675750732,3.9839999675750732,3.9800000190734863,3.9830000400543213,nan,nan
59.90000000000009,16.452566146850586,3.9788906574249268,3.9838907718658447,3.9839999675750732,3.9839999675750732,3.9800000190734863,3.9830000400543213,nan,nan
59.950000000000045,16.539838790893555,3.978105306625366,3.983105421066284,3.9839999675750732,3.9838945865631104,3.979931116104126,3.982931137084961,nan,nan
60.0,16.626985549926758,3.9788920879364014,3.9837844371795654,3.9837844371795654,3.9828922748565674,3.9790000915527344,3.982072114944458,nan,nan
60.049999999999955,16.742332458496094,3.9779000282287598,3.982100009918213,3.982100009918213,3.982100009918213,3.9789321422576904,3.9828641414642334,nan,nan
60.100000000000136,16.808759689331055,3.977107286453247,3.9828925132751465,3.982785224914551,3.9828925132751465,3.9779999256134033,3.9810712337493896,nan,nan
60.15000000000009,16.86715316772461,3.9778964519500732,3.9818966388702393,3.9809999465942383,3.9820001125335693,3.9779999256134033,3.981933116912842,nan,nan
60.200000000000045,16.975584030151367,3.9767873287200928,3.9809999465942383,3.9809999465942383,3.981893539428711,3.9779298305511475,3.9809296131134033,nan,nan
60.25,17.120737075805664,3.9749999046325684,3.9808974266052246,3.9808974266052246,3.9809999465942383,3.9769341945648193,3.9800000190734863,nan,nan
60.299999999999955,17.22486686706543,3.9749999046325684,3.9800000190734863,3.9800000190734863,3.9808945655822754,3.9760000705718994,3.979930877685547,nan,nan
60.350000000000136,17.316282272338867,3.9749999046325684,3.9798989295959473,3.9798989295959473,3.9798989295959473,3.975935220718384,3.9790000915527344,nan,nan
60.40000000000009,17.399999618530273,3.9748973846435547,3.9790000915527344,3.9788973331451416,3.9790000915527344,3.9749999046325684,3.9790000915527344,nan,nan
60.450000000000045,17.14331817626953,3.9744997024536133,3.979499578475952,3.9784996509552,3.9793996810913086,3.975255250930786,3.979255437850952,nan,nan
60.5,13.35064697265625,3.980886697769165,3.9859859943389893,3.9849860668182373,3.9849860668182373,3.980410575866699,3.984276294708252,nan,nan
60.549999999999955,8.754720687866211,3.9993913173675537,4.0053911209106445,4.004490375518799,4.004490375518799,4.001063823699951,4.0030012130737305,nan,nan
60.600000000000136,6.0244245529174805,4.012817859649658,4.018919944763184,4.018919944763184,4.018919944763184,4.017596244812012,4.018529891967773,nan,nan
60.65000000000009,4.3008575439453125,4.0205912590026855,4.027492523193359,4.027492523193359,4.027492523193359,4.026371002197266,4.026371002197266,nan,nan
60.700000000000045,3.285043954849243,4.026303768157959,4.032404899597168,4.032303810119629,4.032303810119629,4.032130241394043,4.032130241394043,nan,nan
60.75,2.2177441120147705,4.02938985824585,4.0363898277282715,4.035389423370361,4.035389423370361,4.034243106842041,4.034304141998291,nan,nan
60.799999999999955,2.075000047683716,4.03309965133667,4.040099620819092,4.039000034332275,4.03909969329834,4.038064479827881,4.039000034332275,nan,nan
60.850000000000136,2.0359654426574707,4.033999919891357,4.040999889373779,4.039096355438232,4.039999961853027,4.039060115814209,4.039060115814209,nan,nan
60.90000000000009,2.0250000953674316,4.033999919891357,4.040999889373779,4.040098667144775,4.040098667144775,4.039999961853027,4.039999961853027,nan,nan
60.950000000000045,2.0,4.034095287322998,4.041095733642578,4.040999889373779,4.040999889373779,4.040058612823486,4.040058612823486,nan,nan
61.0,1.9633373022079468,4.034999847412109,4.041999816894531,4.040999889373779,4.040999889373779,4.040999889373779,4.040999889373779,nan,nan
61.049999999999955,2.0250000953674316,4.034999847412109,4.041999816894531,4.040999889373779,4.040999889373779,4.040999889373779,4.040999889373779,nan,nan
61.100000000000136,2.0878753662109375,4.034999847412109,4.041999816894531,4.040999889373779,4.040999889373779,4.040942192077637,4.040942192077637,nan,nan
61.15000000000009,2.081303596496582,4.035093307495117,4.042093276977539,4.041093349456787,4.041093349456787,4.0400567054748535,4.0400567054748535,nan,nan
61.200000000000045,2.0937976837158203,4.035999774932861,4.043000221252441,4.041999816894531,4.041999816894531,4.041060447692871,4.040999889373779,nan,nan
61.25,2.155123710632324,4.03590726852417,4.042907238006592,4.04190731048584,4.04190731048584,4.0419440269470215,4.040999889373779,nan,nan
61.299999999999955,3.7721195220947266,4.0340447425842285,4.04094934463501,4.039949417114258,4.039949417114258,4.040285587310791,4.040345191955566,nan,nan
61.350000000000136,7.372363090515137,4.0238118171691895,4.029720783233643,4.028720378875732,4.028720378875732,4.028231143951416,4.029231071472168,nan,nan
61.40000000000009,9.989039421081543,4.0112433433532715,4.0162434577941895,4.015337944030762,4.015337944030762,4.014474391937256,4.015532493591309,nan,nan
61.450000000000045,11.362053871154785,4.003546714782715,4.008637428283691,4.008546829223633,4.00872802734375,4.005838394165039,4.007838249206543,nan,nan
61.5,12.185585975646973,3.9987199306488037,4.0047197341918945,4.00381326675415,4.005720138549805,4.00277042388916,4.004827499389648,nan,nan
61.549999999999955,13.017230033874512,3.995821237564087,4.001731872558594,4.001642227172852,4.0025529861450195,3.998789072036743,4.001789093017578,nan,nan
61.600000000000136,13.9132719039917,3.9936304092407227,3.9986302852630615,3.997722864151001,3.9978151321411133,3.99483060836792,3.997830629348755,nan,nan
61.65000000000009,14.547534942626953,3.9898228645324707,3.9948229789733887,3.9949114322662354,3.995734453201294,3.991896390914917,3.994844436645508,nan,nan
61.700000000000045,14.945148468017578,3.987908363342285,3.992908477783203,3.99381685256958,3.992816686630249,3.9898910522460938,3.991945505142212,nan,nan
61.75,15.177191734313965,3.986912250518799,3.991912364959717,3.991912364959717,3.990999937057495,3.9879493713378906,3.9909493923187256,nan,nan
61.799999999999955,15.614169120788574,3.9857277870178223,3.990818500518799,3.990818500518799,3.9907279014587402,3.986847162246704,3.989847183227539,nan,nan
61.850000000000136,16.73604965209961,3.9825663566589355,3.9884796142578125,3.9883930683135986,3.9875664710998535,3.983750343322754,3.986750364303589,nan,nan
61.90000000000009,18.353363037109375,3.9773716926574707,3.9823718070983887,3.981461524963379,3.9822819232940674,3.9785706996917725,3.9816243648529053,nan,nan
61.950000000000045,19.738313674926758,3.9706575870513916,3.975572109222412,3.975572109222412,3.9746575355529785,3.970755100250244,3.974804162979126,nan,nan
62.0,20.61387825012207,3.966646909713745,3.9707350730895996,3.9708235263824463,3.9707350730895996,3.9658420085906982,3.9707894325256348,nan,nan
62.049999999999955,20.958127975463867,3.9631600379943848,3.9680800437927246,3.9689199924468994,3.9679999351501465,3.9630000591278076,3.9670963287353516,nan,nan
62.100000000000136,17.761316299438477,3.9667534828186035,3.9708409309387207,3.969928741455078,3.9700164794921875,3.9642231464385986,3.9700703620910645,nan,nan
62.15000000000009,11.499914169311523,3.9868416786193848,3.9919254779815674,3.9918417930603027,3.9928417205810547,3.988128185272217,3.9910812377929688,nan,nan
62.200000000000045,7.2324700355529785,4.008041858673096,4.014128684997559,4.013128757476807,4.014041900634766,4.011646747589111,4.013597011566162,nan,nan
62.25,4.944889068603516,4.0195794105529785,4.026496887207031,4.025579452514648,4.025579452514648,4.024321556091309,4.0253214836120605,nan,nan
62.299999999999955,3.7563202381134033,4.026256561279297,4.032341957092285,4.032256603240967,4.032341957092285,4.031193256378174,4.032145023345947,nan,nan
62.350000000000136,3.137847661972046,4.029162883758545,4.036163330078125,4.035162925720215,4.036081314086914,4.035089492797852,4.035089492797852,nan,nan
62.40000000000009,2.7613656520843506,4.031169414520264,4.0381693840026855,4.037169456481934,4.037169456481934,4.037045001983643,4.037045001983643,nan,nan
62.450000000000045,2.568418025970459,4.033080577850342,4.039999961853027,4.039000034332275,4.039080619812012,4.038087368011475,4.03804349899292,nan,nan
62.5,2.440478801727295,4.034083366394043,4.040083408355713,4.039083480834961,4.040083408355713,4.039999961853027,4.039092063903809,nan,nan
62.549999999999955,2.2533369064331055,4.035079479217529,4.041079521179199,4.040158748626709,4.041079521179199,4.040042877197266,4.040999889373779,nan,nan
62.600000000000136,2.12209415435791,4.036082744598389,4.042082786560059,4.041999816894531,4.041999816894531,4.041042327880859,4.041042327880859,nan,nan
62.65000000000009,2.059670925140381,4.0370001792907715,4.043000221252441,4.041999816894531,4.042078495025635,4.042041778564453,4.041999816894531,nan,nan
62.700000000000045,2.0250000953674316,4.0370001792907715,4.043000221252441,4.041999816894531,4.043000221252441,4.043000221252441,4.042045593261719,nan,nan
62.75,1.975000023841858,4.0370001792907715,4.04307746887207,4.042077541351318,4.043000221252441,4.043000221252441,4.043000221252441,nan,nan
62.799999999999955,1.9500000476837158,4.037080764770508,4.044000148773193,4.043000221252441,4.043000221252441,4.043000221252441,4.043000221252441,nan,nan
62.850000000000136,1.9500000476837158,4.038000106811523,4.044000148773193,4.043000221252441,4.043000221252441,4.043000221252441,4.043000221252441,nan,nan
62.90000000000009,1.9249999523162842,4.038000106811523,4.044079780578613,4.043079853057861,4.043079853057861,4.043044090270996,4.043000221252441,nan,nan
62.950000000000045,1.9249999523162842,4.038000106811523,4.045000076293945,4.044000148773193,4.044000148773193,4.044000148773193,4.043039321899414,nan,nan
63.0,1.9229928255081177,4.038000106811523,4.045000076293945,4.044000148773193,4.044078350067139,4.044043064117432,4.044000148773193,nan,nan
63.049999999999955,2.1284618377685547,4.037859916687012,4.044859886169434,4.043859958648682,4.044859886169434,4.044885635375977,4.043923854827881,nan,nan
63.100000000000136,3.540837287902832,4.03537654876709,4.04237699508667,4.04137659072876,4.042298793792725,4.041665554046631,4.041665554046631,nan,nan
63.15000000000009,5.85568904876709,4.027484893798828,4.034411430358887,4.033484935760498,4.033484935760498,4.033668041229248,4.03370475769043,nan,nan
63.200000000000045,7.3040595054626465,4.020615577697754,4.026615619659424,4.026615619659424,4.026615619659424,4.024837017059326,4.025836944580078,nan,nan
63.25,8.67622184753418,4.015564441680908,4.021564483642578,4.021564483642578,4.021564483642578,4.020711421966553,4.02174711227417,nan,nan
63.299999999999955,10.628328323364258,4.00954532623291,4.01554536819458,4.015470027923584,4.015470027923584,4.012721538543701,4.014721870422363,nan,nan
63.350000000000136,11.994168281555176,4.003713130950928,4.009641647338867,4.008641242980957,4.008641242980957,4.005825042724609,4.00786018371582,nan,nan
63.40000000000009,12.478385925292969,4.000074863433838,4.005074977874756,4.004075050354004,4.004075050354004,4.001077651977539,4.004077911376953,nan,nan
63.450000000000045,10.049999237060547,4.001920223236084,4.006990909576416,4.006061553955078,4.006061553955078,4.003510475158691,4.006442070007324,nan,nan
63.5,6.543633937835693,4.014811038970947,4.020811080932617,4.020811080932617,4.020811080932617,4.0184526443481445,4.0194525718688965,nan,nan
63.549999999999955,4.533973693847656,4.025417804718018,4.031487464904785,4.0314178466796875,4.0314178466796875,4.0301971435546875,4.031164169311523,nan,nan
63.600000000000136,3.443822145462036,4.031218528747559,4.038218975067139,4.0372185707092285,4.0372185707092285,4.036146640777588,4.036146640777588,nan,nan
63.65000000000009,2.9477624893188477,4.03413724899292,4.041137218475342,4.040068626403809,4.040068626403809,4.040031909942627,4.040031909942627,nan,nan
63.700000000000045,2.6742429733276367,4.035999774932861,4.043000221252441,4.041071891784668,4.041071891784668,4.041036128997803,4.041036128997803,nan,nan
63.75,2.536817789077759,4.036067962646484,4.043067932128906,4.042067527770996,4.042067527770996,4.041999816894531,4.041999816894531,nan,nan
63.799999999999955,2.5268752574920654,4.036928653717041,4.043929100036621,4.042928695678711,4.042928695678711,4.041965007781982,4.041965007781982,nan,nan
63.850000000000136,4.234495162963867,4.03526496887207,4.042130947113037,4.041197776794434,4.041197776794434,4.04063606262207,4.040666103363037,nan,nan
63.90000000000009,7.894810676574707,4.024020671844482,4.0290207862854,4.029090881347656,4.029090881347656,4.0285234451293945,4.0295233726501465,nan,nan
63.950000000000045,10.643051147460938,4.010539531707764,4.015539646148682,4.0164079666137695,4.016473770141602,4.014736175537109,4.015765190124512,nan,nan
64.0,12.16901969909668,4.003655910491943,4.008655548095703,4.007724761962891,4.008655548095703,4.005834579467773,4.007867813110352,nan,nan
64.04999999999995,13.032342910766602,3.9988794326782227,4.003879547119141,4.003879547119141,4.003879547119141,4.000943183898926,4.003942966461182,nan,nan
64.10000000000014,13.447781562805176,3.996863603591919,4.001863479614258,4.001863479614258,4.001931667327881,3.9989359378814697,4.001935958862305,nan,nan
64.15000000000009,13.710309982299805,3.994935989379883,3.999936103820801,3.999936103820801,4.0008721351623535,3.9969727993011475,3.9999728202819824,nan,nan
64.20000000000005,13.848411560058594,3.99399995803833,3.999000072479248,3.999000072479248,3.999000072479248,3.996000051498413,3.9989688396453857,nan,nan
64.25,13.936482429504395,3.9939372539520264,3.9989371299743652,3.9989371299743652,3.9989371299743652,3.996000051498413,3.997999906539917,nan,nan
64.29999999999995,14.072577476501465,3.993000030517578,3.997933864593506,3.997999906539917,3.997999906539917,3.9959700107574463,3.997999906539917,nan,nan
64.35000000000014,14.138669967651367,3.992938280105591,3.996999979019165,3.9979381561279297,3.997999906539917,3.9949748516082764,3.9979748725891113,nan,nan
64.40000000000009,14.19872760772705,3.992000102996826,3.996999979019165,3.996999979019165,3.9979348182678223,3.9939708709716797,3.9969708919525146,nan,nan
64.45000000000005,14.272255897521973,3.991939067840576,3.996939182281494,3.996939182281494,3.996999979019165,3.9930243492126465,3.996000051498413,nan,nan
64.5,14.351625442504883,3.990999937057495,3.9960641860961914,3.996000051498413,3.9969358444213867,3.9939441680908203,3.995972156524658,nan,nan
64.54999999999995,14.425000190734863,3.990999937057495,3.9969401359558105,3.996000051498413,3.996000051498413,3.992000102996826,3.994999885559082,nan,nan
64.60000000000014,14.521574974060059,3.990999937057495,3.995936870574951,3.995936870574951,3.995936870574951,3.992000102996826,3.994999885559082,nan,nan
64.65000000000009,14.585670471191406,3.99088191986084,3.994999885559082,3.994999885559082,3.994999885559082,3.9919776916503906,3.9949777126312256,nan,nan
64.70000000000005,14.673050880432129,3.9890623092651367,3.994999885559082,3.994999885559082,3.9949376583099365,3.990999937057495,3.99399995803833,nan,nan
64.75,14.720870971679688,3.9899420738220215,3.9949419498443604,3.9949419498443604,3.9940578937530518,3.990999937057495,3.99399995803833,nan,nan
64.79999999999995,14.820241928100586,3.989000082015991,3.99399995803833,3.993938684463501,3.994877338409424,3.9909746646881104,3.9939746856689453,nan,nan
64.85000000000014,14.910195350646973,3.988942861557007,3.993942975997925,3.9930570125579834,3.993000030517578,3.990000009536743,3.9929795265197754,nan,nan
64.90000000000009,14.9700927734375,3.98799991607666,3.9929394721984863,3.9938790798187256,3.9929394721984863,3.989975690841675,3.992000102996826,nan,nan
64.95000000000005,15.059964179992676,3.98799991607666,3.992000102996826,3.991943836212158,3.992000102996826,3.988980531692505,3.992000102996826,nan,nan
65.0,15.144689559936523,3.987940788269043,3.992000102996826,3.990999937057495,3.992000102996826,3.98799991607666,3.991976737976074,nan,nan
65.04999999999995,15.209725379943848,3.9869496822357178,3.9919497966766357,3.9910502433776855,3.992000102996826,3.98799991607666,3.990999937057495,nan,nan
65.10000000000014,15.272112846374512,3.9860000610351562,3.990999937057495,3.991941452026367,3.991941452026367,3.9879775047302246,3.9909775257110596,nan,nan
65.15000000000009,15.359495162963867,3.9860000610351562,3.990999937057495,3.990945816040039,3.990945816040039,3.986999988555908,3.9900176525115967,nan,nan
65.20000000000005,15.468746185302734,3.9859426021575928,3.990885019302368,3.990000009536743,3.990000009536743,3.986999988555908,3.990978479385376,nan,nan
65.25,15.70278263092041,3.9849469661712646,3.989000082015991,3.9899468421936035,3.990000009536743,3.98698353767395,3.989983558654785,nan,nan
65.29999999999995,15.864912033081055,3.9839999675750732,3.988943576812744,3.988943576812744,3.989886999130249,3.9859795570373535,3.989000082015991,nan,nan
65.35000000000014,16.0,3.9839999675750732,3.98799991607666,3.98799991607666,3.98799991607666,3.9849843978881836,3.9889843463897705,nan,nan
65.40000000000009,16.089223861694336,3.983889102935791,3.9879446029663086,3.9879446029663086,3.98799991607666,3.983980655670166,3.987980604171753,nan,nan
65.45000000000005,16.158769607543945,3.9820001125335693,3.986999988555908,3.9869487285614014,3.9879488945007324,3.9830000400543213,3.986985445022583,nan,nan
65.5,16.2385311126709,3.9820001125335693,3.986999988555908,3.9860544204711914,3.986999988555908,3.9829816818237305,3.9860000610351562,nan,nan
65.54999999999995,16.33347511291504,3.9820001125335693,3.986949920654297,3.986949920654297,3.986949920654297,3.982013463973999,3.9860000610351562,nan,nan
65.60000000000014,16.39579200744629,3.9819467067718506,3.9859466552734375,3.9860000610351562,3.9859466552734375,3.982982635498047,3.985982656478882,nan,nan
65.65000000000009,16.50821876525879,3.9809999465942383,3.985049247741699,3.9860000610351562,3.985049247741699,3.981987476348877,3.984987497329712,nan,nan
65.70000000000005,16.570707321166992,3.980947494506836,3.985947370529175,3.985947370529175,3.985947370529175,3.9810163974761963,3.9840164184570312,nan,nan
65.75,16.648780822753906,3.979951858520508,3.9849517345428467,3.9849517345428467,3.9849517345428467,3.9819769859313965,3.9849884510040283,nan,nan
65.79999999999995,16.765714645385742,3.9790000915527344,3.9839484691619873,3.9839484691619873,3.9839999675750732,3.9800000190734863,3.9839999675750732,nan,nan
65.85000000000014,16.832748413085938,3.9790000915527344,3.9830000400543213,3.9830000400543213,3.9839999675750732,3.9800000190734863,3.9839999675750732,nan,nan
65.90000000000009,17.055953979492188,3.978898525238037,3.9829492568969727,3.9829492568969727,3.9839491844177246,3.979970693588257,3.9839560985565186,nan,nan
65.95000000000005,17.155445098876953,3.9769537448883057,3.981907606124878,3.9819538593292236,3.9829537868499756,3.9779999256134033,3.9809999465942383,nan,nan
66.0,17.215003967285156,3.9760000705718994,3.9800989627838135,3.9809999465942383,3.981950521469116,3.9779863357543945,3.9809999465942383,nan,nan
66.04999999999995,17.306846618652344,3.9761221408843994,3.982081413269043,3.9811222553253174,3.9811222553253174,3.9770267009735107,3.9810266494750977,nan,nan
66.10000000000014,15.730079650878906,3.979536533355713,3.984536647796631,3.9845852851867676,3.9846341609954834,3.980151414871216,3.9841389656066895,nan,nan
66.15000000000009,12.5249605178833,3.9902663230895996,3.9952664375305176,3.9962663650512695,3.9972219467163086,3.992053747177124,3.9950459003448486,nan,nan
66.20000000000005,11.860328674316406,3.9961907863616943,4.0012383460998535,4.002142906188965,4.002191066741943,3.999046802520752,4.001058578491211,nan,nan
66.25,8.865205764770508,4.000649929046631,4.006649971008301,4.005650043487549,4.006649971008301,4.003101825714111,4.0060882568359375,nan,nan
66.29999999999995,6.163832664489746,4.0153279304504395,4.021327972412109,4.020374774932861,4.021327972412109,4.018096923828125,4.019096851348877,nan,nan
66.35000000000014,4.87675666809082,4.022042274475098,4.028084754943848,4.028042316436768,4.028042316436768,4.027005672454834,4.0279998779296875,nan,nan
66.40000000000009,8.076455116271973,4.021900653839111,4.028854846954346,4.027900695800781,4.027900695800781,4.027749061584473,4.027768611907959,nan,nan
66.45000000000005,14.893446922302246,3.9980485439300537,4.004007339477539,4.004007339477539,4.003965854644775,4.001880645751953,4.003885269165039,nan,nan
66.5,19.479734420776367,3.9754624366760254,3.9804177284240723,3.9804177284240723,3.9794623851776123,3.9768781661987305,3.979887008666992,nan,nan
66.54999999999995,21.9907283782959,3.963679075241089,3.9676389694213867,3.9676389694213867,3.967679023742676,3.9629743099212646,3.9669742584228516,nan,nan
66.60000000000014,22.68257713317871,3.9560439586639404,3.9591317176818848,3.9591317176818848,3.960087776184082,3.9560000896453857,3.960007667541504,nan,nan
66.65000000000009,22.307106018066406,3.957038640975952,3.9619998931884766,3.9619998931884766,3.96203875541687,3.956002712249756,3.961002826690674,nan,nan
66.70000000000005,21.539152145385742,3.9582138061523438,3.9622137546539307,3.9622137546539307,3.9631710052490234,3.95703387260437,3.962033987045288,nan,nan
66.75,20.319488525390625,3.9631505012512207,3.9671130180358887,3.9671130180358887,3.9671506881713867,3.9620070457458496,3.9670069217681885,nan,nan
66.79999999999995,19.264638900756836,3.967125177383423,3.9701671600341797,3.9701671600341797,3.9711670875549316,3.9660229682922363,3.971017360687256,nan,nan
66.85000000000014,18.633623123168945,3.970036506652832,3.9740729331970215,3.9740729331970215,3.975036382675171,3.970000743865967,3.9740006923675537,nan,nan
66.90000000000009,18.5320987701416,3.971040964126587,3.9760000705718994,3.975959062576294,3.9760000705718994,3.9710049629211426,3.9750049114227295,nan,nan
66.95000000000005,18.475000381469727,3.9719302654266357,3.9759652614593506,3.9750349521636963,3.9760348796844482,3.9719998836517334,3.9759998321533203,nan,nan
67.0,18.585338592529297,3.9700000286102295,3.9749999046325684,3.9760000705718994,3.9769604206085205,3.971992015838623,3.9749960899353027,nan,nan
67.04999999999995,18.5952091217041,3.9700000286102295,3.9749999046325684,3.9759745597839355,3.9759745597839355,3.970006227493286,3.9740030765533447,nan,nan
67.10000000000014,18.634876251220703,3.9700000286102295,3.974961042404175,3.974961042404175,3.9749999046325684,3.9700000286102295,3.9739999771118164,nan,nan
67.15000000000009,18.715543746948242,3.9700000286102295,3.9739999771118164,3.974029541015625,3.9749703407287598,3.9700000286102295,3.9739999771118164,nan,nan
67.20000000000005,17.538570404052734,3.970341920852661,3.974379777908325,3.975341796875,3.974379777908325,3.9690208435058594,3.9730191230773926,nan,nan
67.25,14.094710350036621,3.9795374870300293,3.9845712184906006,3.9845376014709473,3.9845712184906006,3.979966878890991,3.9829699993133545,nan,nan
67.29999999999995,9.92098331451416,3.9955196380615234,4.0014824867248535,4.000519752502441,4.001519680023193,3.9970145225524902,4.0000128746032715,nan,nan
67.35000000000014,7.328075408935547,4.009191513061523,4.014255046844482,4.014223098754883,4.015223503112793,4.012937068939209,4.01394510269165,nan,nan
67.40000000000009,5.865250587463379,4.015215873718262,4.022180080413818,4.021180152893066,4.022143840789795,4.019999980926514,4.020999908447266,nan,nan
67.45000000000005,4.9296770095825195,4.021061897277832,4.027061939239502,4.026093006134033,4.026093006134033,4.024975299835205,4.025975227355957,nan,nan
67.5,4.384469032287598,4.023105144500732,4.029105186462402,4.029069900512695,4.029069900512695,4.02799654006958,4.0279974937438965,nan,nan
67.54999999999995,4.0883355140686035,4.026029586791992,4.032029628753662,4.03102970123291,4.031059265136719,4.02998685836792,4.030980587005615,nan,nan
67.60000000000014,3.9174537658691406,4.0269999504089355,4.0329999923706055,4.0320000648498535,4.0329999923706055,4.0309977531433105,4.031000137329102,nan,nan
67.65000000000009,3.8426921367645264,4.027027606964111,4.033055782318115,4.032027721405029,4.033027648925781,4.031992435455322,4.031992435455322,nan,nan
67.70000000000005,3.6932802200317383,4.0279998779296875,4.034966945648193,4.0330328941345215,4.034032821655273,4.032997131347656,4.032997131347656,nan,nan
67.75,3.4828877449035645,4.028048515319824,4.034048557281494,4.034024238586426,4.035024166107178,4.033990859985352,4.033990859985352,nan,nan
67.79999999999995,3.130547523498535,4.030032157897949,4.036064147949219,4.035095691680908,4.036064147949219,4.034996032714844,4.034996032714844,nan,nan
67.85000000000014,2.96223783493042,4.0310444831848145,4.038022518157959,4.037977695465088,4.038000106811523,4.035989284515381,4.035989284515381,nan,nan
67.90000000000009,2.7782697677612305,4.0329999923706055,4.039031028747559,4.037062168121338,4.038031101226807,4.037990093231201,4.037990093231201,nan,nan
67.95000000000005,2.6941020488739014,4.0329999923706055,4.039999961853027,4.039000034332275,4.039018630981445,4.038000106811523,4.038000106811523,nan,nan
68.0,2.3022735118865967,4.033090114593506,4.040090084075928,4.039060115814209,4.040030002593994,4.038994312286377,4.038994312286377,nan,nan
68.04999999999995,2.125,4.035999774932861,4.043000221252441,4.041016101837158,4.041016101837158,4.040976047515869,4.040976047515869,nan,nan
68.10000000000014,2.125,4.035999774932861,4.043000221252441,4.041999816894531,4.041999816894531,4.041993141174316,4.041993141174316,nan,nan
68.15000000000009,2.125,4.035999774932861,4.043000221252441,4.041999816894531,4.041999816894531,4.041013717651367,4.041013717651367,nan,nan
68.20000000000005,2.1101250648498535,4.0360283851623535,4.043028354644775,4.042028427124023,4.042028427124023,4.040999889373779,4.0419921875,nan,nan
68.25,2.0979349613189697,4.0370001792907715,4.044000148773193,4.043000221252441,4.043000221252441,4.041985511779785,4.041999816894531,nan,nan
68.29999999999995,2.060359001159668,4.0370001792907715,4.044000148773193,4.043000221252441,4.043000221252441,4.041999816894531,4.041999816894531,nan,nan
68.35000000000014,2.0480144023895264,4.0370001792907715,4.044000148773193,4.043000221252441,4.043022632598877,4.042979717254639,4.041999816894531,nan,nan
68.40000000000009,2.064410448074341,4.037026405334473,4.0440263748168945,4.043000221252441,4.043973922729492,4.043990135192871,4.042990207672119,nan,nan
68.45000000000005,2.0999999046325684,4.038000106811523,4.044980525970459,4.043000221252441,4.043000221252441,4.043023109436035,4.043000221252441,nan,nan
68.5,2.1390628814697266,4.038000106811523,4.044000148773193,4.043025493621826,4.043000221252441,4.043000221252441,4.043000221252441,nan,nan
68.54999999999995,2.1737053394317627,4.0379838943481445,4.044000148773193,4.0439839363098145,4.043015956878662,4.043000221252441,4.043000221252441,nan,nan
68.60000000000014,2.1500000953674316,4.03702449798584,4.044024467468262,4.04302453994751,4.044000148773193,4.043988227844238,4.043000221252441,nan,nan
68.65000000000009,2.1287267208099365,4.038000106811523,4.044984817504883,4.044000148773193,4.044000148773193,4.044000148773193,4.043982028961182,nan,nan
68.70000000000005,2.8906736373901367,4.0378594398498535,4.043859481811523,4.0438361167907715,4.043859481811523,4.044000148773193,4.044000148773193,nan,nan
68.75,4.92996883392334,4.0318498611450195,4.0378499031066895,4.036868572235107,4.0378313064575195,4.037132263183594,4.037132263183594,nan,nan
68.79999999999995,6.800400257110596,4.023865222930908,4.029865264892578,4.029865264892578,4.028887748718262,4.028122901916504,4.029109001159668,nan,nan
68.85000000000014,8.449618339538574,4.017874717712402,4.023874759674072,4.023874759674072,4.0238566398620605,4.023098945617676,4.023118495941162,nan,nan
68.90000000000009,10.398693084716797,4.010847568511963,4.0168256759643555,4.016803741455078,4.015847682952881,4.01413106918335,4.016101837158203,nan,nan
68.95000000000005,12.087636947631836,4.003897190093994,4.008897304534912,4.0079145431518555,4.008897304534912,4.007157325744629,4.009157657623291,nan,nan
69.0,13.145085334777832,3.9979379177093506,4.00295877456665,4.0029377937316895,4.0029377937316895,4.001092910766602,4.0030927658081055,nan,nan
69.04999999999995,13.900943756103516,3.994966745376587,4.000955581665039,3.999966859817505,3.999966859817505,3.9971065521240234,4.00007963180542,nan,nan
69.10000000000014,14.414421081542969,3.9919800758361816,3.9969801902770996,3.9969801902770996,3.9969801902770996,3.994049549102783,3.997049570083618,nan,nan
69.15000000000009,14.801018714904785,3.9909698963165283,3.9959700107574463,3.9959700107574463,3.995954990386963,3.9930260181427,3.9950520992279053,nan,nan
69.20000000000005,15.237715721130371,3.988962411880493,3.993962287902832,3.993943452835083,3.99296236038208,3.9900527000427246,3.9940176010131836,nan,nan
69.25,15.44932746887207,3.986985921859741,3.99198579788208,3.990999937057495,3.990999937057495,3.987067222595215,3.9910671710968018,nan,nan
69.29999999999995,15.884984970092773,3.985964298248291,3.9909465312957764,3.9909286499023438,3.9909465312957764,3.986999988555908,3.990999937057495,nan,nan
69.35000000000014,16.870384216308594,3.9839346408843994,3.9879345893859863,3.9869606494903564,3.987947702407837,3.9840712547302246,3.9880712032318115,nan,nan
69.40000000000009,17.57585906982422,3.978983163833618,3.9830000400543213,3.9839999675750732,3.9839999675750732,3.9800777435302734,3.9830973148345947,nan,nan
69.45000000000005,17.69734764099121,3.977987766265869,3.982987880706787,3.983975648880005,3.983975648880005,3.979024887084961,3.9830000400543213,nan,nan
69.5,18.082883834838867,3.97696852684021,3.981968402862549,3.981968402862549,3.981968402862549,3.978020429611206,3.9810409545898438,nan,nan
69.54999999999995,18.61578941345215,3.974977731704712,3.97997784614563,3.979966878890991,3.979966878890991,3.9750771522521973,3.979051351547241,nan,nan
69.60000000000014,19.09284019470215,3.9729702472686768,3.9779555797576904,3.9769701957702637,3.9769701957702637,3.9730429649353027,3.9770429134368896,nan,nan
69.65000000000009,19.591264724731445,3.970989942550659,3.974979877471924,3.974979877471924,3.974979877471924,3.9710536003112793,3.9750537872314453,nan,nan
69.70000000000005,20.065868377685547,3.9699583053588867,3.9729862213134766,3.9729862213134766,3.9729862213134766,3.9690449237823486,3.9730448722839355,nan,nan
69.75,20.16877555847168,3.9670000076293945,3.9719908237457275,3.9719908237457275,3.9719908237457275,3.9670584201812744,3.972029209136963,nan,nan
69.79999999999995,20.333425521850586,3.9669740200042725,3.97098708152771,3.9709999561309814,3.9709999561309814,3.9660234451293945,3.9710233211517334,nan,nan
69.85000000000014,20.498260498046875,3.9649999141693115,3.969991683959961,3.9709835052490234,3.9709835052490234,3.9650328159332275,3.9690654277801514,nan,nan
69.90000000000009,20.751333236694336,3.9649879932403564,3.9689760208129883,3.9689760208129883,3.9689879417419434,3.964024305343628,3.9690001010894775,nan,nan
69.95000000000005,21.333751678466797,3.963970899581909,3.9669854640960693,3.9669854640960693,3.9679853916168213,3.963033437728882,3.967066764831543,nan,nan
70.0,21.83538818359375,3.959989070892334,3.9649667739868164,3.9649667739868164,3.9659669399261475,3.9591007232666016,3.9640755653381348,nan,nan
70.04999999999995,22.264299392700195,3.958996057510376,3.9619979858398438,3.9619979858398438,3.962996006011963,3.9580297470092773,3.9630298614501953,nan,nan
70.10000000000014,22.682796478271484,3.9569895267486572,3.9609792232513428,3.9609687328338623,3.9609792232513428,3.95605206489563,3.961052179336548,nan,nan
70.15000000000009,23.15945053100586,3.9559779167175293,3.958988904953003,3.9579944610595703,3.958988904953003,3.954061508178711,3.959061622619629,nan,nan
70.20000000000005,24.223979949951172,3.951953411102295,3.956934690475464,3.956943988800049,3.956943988800049,3.950108289718628,3.9560813903808594,nan,nan
70.25,25.626712799072266,3.946976900100708,3.949976921081543,3.950976848602295,3.950981616973877,3.9441914558410645,3.9501914978027344,nan,nan
70.29999999999995,26.538728713989258,3.9419753551483154,3.9449753761291504,3.9459753036499023,3.946967124938965,3.9410839080810547,3.9470837116241455,nan,nan
70.35000000000014,27.243213653564453,3.93898606300354,3.941986083984375,3.942986011505127,3.942986011505127,3.9361648559570312,3.942164897918701,nan,nan
70.40000000000009,27.774999618530273,3.934999942779541,3.937999963760376,3.938999891281128,3.938999891281128,3.9321162700653076,3.939087390899658,nan,nan
70.45000000000005,27.985595703125,3.93499755859375,3.937995195388794,3.938990354537964,3.938992738723755,3.9310338497161865,3.9380338191986084,nan,nan
70.5,28.347497940063477,3.933987617492676,3.9359939098358154,3.934999942779541,3.936000108718872,3.930999994277954,3.937999963760376,nan,nan
70.54999999999995,28.61494255065918,3.931997299194336,3.9349987506866455,3.934999942779541,3.9359986782073975,3.9281044006347656,3.9351043701171875,nan,nan
70.60000000000014,28.81207275390625,3.930000066757202,3.933994770050049,3.9349844455718994,3.9349844455718994,3.927999973297119,3.9330618381500244,nan,nan
70.65000000000009,29.014707565307617,3.929999351501465,3.9329986572265625,3.9319987297058105,3.9319987297058105,3.925107002258301,3.9320356845855713,nan,nan
70.70000000000005,30.470613479614258,3.9289557933807373,3.9309558868408203,3.929964780807495,3.929969072341919,3.924031972885132,3.9310319423675537,nan,nan
70.75,32.380741119384766,3.9190027713775635,3.9210028648376465,3.9220023155212402,3.923002004623413,3.915327548980713,3.9213640689849854,nan,nan
70.79999999999995,34.2473030090332,3.9119725227355957,3.9139726161956787,3.91398286819458,3.91398286819458,3.907261610031128,3.915196180343628,nan,nan
70.85000000000014,35.226863861083984,3.9040110111236572,3.9060111045837402,3.9090068340301514,3.9090068340301514,3.8983402252197266,3.9063401222229004,nan,nan
70.90000000000009,34.80500030517578,3.9020144939422607,3.9040098190307617,3.9070072174072266,3.9060120582580566,3.89510178565979,3.9059998989105225,nan,nan
70.95000000000005,34.25074005126953,3.907986879348755,3.9079911708831787,3.9099934101104736,3.9109890460968018,3.9017300605773926,3.9108071327209473,nan,nan
71.0,35.51540756225586,3.9049882888793945,3.9079883098602295,3.907989978790283,3.909985065460205,3.9010345935821533,3.9071388244628906,nan,nan
71.04999999999995,36.531681060791016,3.8980560302734375,3.9010560512542725,3.902047872543335,3.9010720252990723,3.894275665283203,3.9012362957000732,nan,nan
71.10000000000014,36.53512191772461,3.8969991207122803,3.899000883102417,3.9009993076324463,3.900000810623169,3.8911068439483643,3.9000356197357178,nan,nan
71.15000000000009,34.84636688232422,3.8960041999816895,3.899995803833008,3.9000041484832764,3.9009957313537598,3.8919596672058105,3.899040460586548,nan,nan
71.20000000000005,32.4022331237793,3.9089958667755127,3.909996747970581,3.909996747970581,3.911996364593506,3.9035584926605225,3.909595251083374,nan,nan
71.25,31.087953567504883,3.915963888168335,3.9179587364196777,3.9179587364196777,3.91896390914917,3.9107108116149902,3.918628215789795,nan,nan
71.29999999999995,31.024999618530273,3.917997360229492,3.919997453689575,3.9189987182617188,3.9189999103546143,3.9129247665405273,3.9189999103546143,nan,nan
71.35000000000014,31.140045166015625,3.917006254196167,3.9180123805999756,3.918006181716919,3.9199938774108887,3.9120423793792725,3.9180424213409424,nan,nan
71.40000000000009,31.33238410949707,3.9160022735595703,3.9179999828338623,3.9189977645874023,3.9190022945404053,3.911038637161255,3.9179999828338623,nan,nan
71.45000000000005,31.498933792114258,3.9150071144104004,3.9170069694519043,3.9180071353912354,3.9180071353912354,3.9090867042541504,3.9179999828338623,nan,nan
71.5,31.66059112548828,3.91300630569458,3.9160032272338867,3.9170031547546387,3.9170031547546387,3.9080398082733154,3.916079521179199,nan,nan
71.54999999999995,31.83318519592285,3.9110162258148193,3.9140162467956543,3.916008234024048,3.916008234024048,3.9070441722869873,3.9150443077087402,nan,nan
71.90000000000009,34.58122634887695,3.9010424613952637,3.9030354022979736,3.9070141315460205,3.9060354232788086,3.8953046798706055,3.9042177200317383,nan,nan
71.95000000000005,35.36051940917969,3.89902400970459,3.9020118713378906,3.903047800064087,3.902047872543335,3.8940482139587402,3.9020965099334717,nan,nan
72.0,35.793033599853516,3.896023988723755,3.89902400970459,3.8990318775177,3.89902400970459,3.8920888900756836,3.8981778621673584,nan,nan
72.04999999999995,36.127586364746094,3.895017147064209,3.895068645477295,3.898017168045044,3.8989999294281006,3.8881962299346924,3.8960981369018555,nan,nan
72.10000000000014,36.43279266357422,3.8930180072784424,3.8949999809265137,3.8980000019073486,3.8970179557800293,3.887045383453369,3.895045280456543,nan,nan
72.15000000000009,36.904354095458984,3.8900415897369385,3.8920414447784424,3.89306902885437,3.8930552005767822,3.886050224304199,3.894050121307373,nan,nan
72.20000000000005,37.052730560302734,3.890000104904175,3.8919999599456787,3.8910200595855713,3.8929998874664307,3.8831393718719482,3.891139268875122,nan,nan
72.25,37.388980865478516,3.889014720916748,3.891014575958252,3.8910000324249268,3.892014741897583,3.882999897003174,3.8910000324249268,nan,nan
72.29999999999995,37.61214828491211,3.8880109786987305,3.8890221118927,3.8890221118927,3.8910109996795654,3.8810946941375732,3.889094829559326,nan,nan
72.35000000000014,37.822486877441406,3.885047435760498,3.8870315551757812,3.8880157470703125,3.8890316486358643,3.8781564235687256,3.8861563205718994,nan,nan
72.40000000000009,37.97537612915039,3.884999990463257,3.88700008392334,3.8899757862091064,3.8889999389648438,3.878000020980835,3.886951446533203,nan,nan
72.45000000000005,38.155540466308594,3.884999990463257,3.8840503692626953,3.8850839138031006,3.887033462524414,3.8761065006256104,3.885106325149536,nan,nan
72.5,38.33950424194336,3.882040023803711,3.884986639022827,3.885986566543579,3.8860132694244385,3.875999927520752,3.884049654006958,nan,nan
72.54999999999995,38.59554672241211,3.8810179233551025,3.8840179443359375,3.88403582572937,3.88403582572937,3.875999927520752,3.884945869445801,nan,nan
72.60000000000014,38.85240173339844,3.880014181137085,3.884000062942505,3.88498592376709,3.88301420211792,3.8731517791748047,3.8821518421173096,nan,nan
72.65000000000009,39.00898361206055,3.878037452697754,3.880074977874756,3.881075143814087,3.883981227874756,3.8720550537109375,3.8810551166534424,nan,nan
72.70000000000005,39.168701171875,3.878000020980835,3.880000114440918,3.882969856262207,3.8830151557922363,3.872948408126831,3.88100004196167,nan,nan
72.75,39.5,3.876039505004883,3.8770594596862793,3.878098964691162,3.8800594806671143,3.872999906539917,3.8791117668151855,nan,nan
72.79999999999995,40.32015609741211,3.875999927520752,3.8789680004119873,3.878983974456787,3.8790159225463867,3.8692097663879395,3.8780524730682373,nan,nan
72.85000000000014,40.92158508300781,3.8730618953704834,3.874103307723999,3.8760619163513184,3.8750827312469482,3.8614563941955566,3.8742282390594482,nan,nan
72.90000000000009,42.44132614135742,3.870051145553589,3.8690853118896484,3.8701024055480957,3.871068239212036,3.860053539276123,3.870213747024536,nan,nan
72.95000000000005,43.69075012207031,3.865107536315918,3.8611719608306885,3.864129066467285,3.86610746383667,3.8552892208099365,3.8662314414978027,nan,nan
73.0,44.594146728515625,3.8581252098083496,3.8590357303619385,3.8600716590881348,3.857161045074463,3.848379611968994,3.8612711429595947,nan,nan
73.04999999999995,45.05321502685547,3.8560545444488525,3.856081962585449,3.856109380722046,3.854081869125366,3.8451764583587646,3.8600587844848633,nan,nan
73.10000000000014,45.597869873046875,3.8530566692352295,3.8540377616882324,3.8559999465942383,3.8549811840057373,3.8431105613708496,3.855276107788086,nan,nan
73.15000000000009,46.94569778442383,3.8471405506134033,3.8471639156341553,3.8530702590942383,3.8530468940734863,3.83829927444458,3.8493592739105225,nan,nan
73.20000000000005,46.93326187133789,3.8430795669555664,3.844059705734253,3.84809947013855,3.8471193313598633,3.834225654602051,3.8452255725860596,nan,nan
73.25,46.45941162109375,3.847876787185669,3.8459508419036865,3.8480000495910645,3.8509013652801514,3.839634418487549,3.8468780517578125,nan,nan
73.29999999999995,46.63209915161133,3.8489789962768555,3.8459999561309814,3.8470208644866943,3.8500208854675293,3.839057207107544,3.8507707118988037,nan,nan
73.35000000000014,44.35782241821289,3.8470513820648193,3.8459999561309814,3.8499228954315186,3.8519484996795654,3.8361856937408447,3.847247362136841,nan,nan
73.40000000000009,36.235103607177734,3.864607095718384,3.866541624069214,3.8715198040008545,3.8676507472991943,3.855775833129883,3.868659257888794,nan,nan
73.45000000000005,9.256661415100098,3.9049203395843506,3.9078941345214844,3.9080257415771484,3.909867763519287,3.8982388973236084,3.9056153297424316,-26.978442192077637,0.039967974026997886
73.5,3.0698115825653076,4.00565242767334,4.0125603675842285,4.0115838050842285,4.011629581451416,4.006363391876221,4.006778240203857,nan,nan
73.54999999999995,2.689842462539673,4.00897216796875,4.015972137451172,4.01497220993042,4.01497220993042,4.014872074127197,4.014872074127197,nan,nan
73.60000000000014,2.6431400775909424,4.010951995849609,4.017951965332031,4.017928123474121,4.017928123474121,4.015939712524414,4.016879558563232,nan,nan
73.65000000000009,2.5999999046325684,4.012942790985107,4.0189714431762695,4.01800012588501,4.01800012588501,4.016935348510742,4.017935276031494,nan,nan
73.70000000000005,2.641791582107544,4.012024879455566,4.019975185394287,4.018975257873535,4.018975257873535,4.0188775062561035,4.0189385414123535,nan,nan
73.75,2.571193218231201,4.014911651611328,4.019999980926514,4.019000053405762,4.020941257476807,4.019000053405762,4.019000053405762,nan,nan
73.79999999999995,2.548194408416748,4.014999866485596,4.020974159240723,4.02094841003418,4.020999908447266,4.019000053405762,4.019937992095947,nan,nan
73.85000000000014,2.514098644256592,4.014999866485596,4.021969795227051,4.020999908447266,4.020999908447266,4.019933223724365,4.020933151245117,nan,nan
73.90000000000009,2.5,4.015973091125488,4.02297306060791,4.021973133087158,4.021973133087158,4.020936965942383,4.020999908447266,nan,nan
73.95000000000005,2.4860360622406006,4.015999794006348,4.0229997634887695,4.021999835968018,4.021999835968018,4.021932601928711,4.021932601928711,nan,nan
74.0,2.4749999046325684,4.017944812774658,4.023972511291504,4.022972583770752,4.022972583770752,4.02293586730957,4.021999835968018,nan,nan
74.04999999999995,2.436404228210449,4.01800012588501,4.02400016784668,4.0229997634887695,4.0229997634887695,4.0229997634887695,4.0229315757751465,nan,nan
74.10000000000014,2.375,4.0189714431762695,4.0249714851379395,4.023971080780029,4.024942398071289,4.023934841156006,4.023934841156006,nan,nan
74.15000000000009,2.375,4.019000053405762,4.025966644287109,4.024966716766357,4.025000095367432,4.02400016784668,4.024930477142334,nan,nan
74.20000000000005,2.3492729663848877,4.019000053405762,4.025031089782715,4.025000095367432,4.026937484741211,4.024933815002441,4.024065971374512,nan,nan
74.25,2.3131606578826904,4.020931243896484,4.026931285858154,4.025965690612793,4.026034355163574,4.0259294509887695,4.025858402252197,nan,nan
74.29999999999995,2.324352502822876,4.020999908447266,4.027965068817139,4.026965141296387,4.026000022888184,4.026000022888184,4.026000022888184,nan,nan
74.35000000000014,2.2619922161102295,4.0219645500183105,4.0279998779296875,4.0269999504089355,4.0269646644592285,4.026000022888184,4.026000022888184,nan,nan
74.40000000000009,2.2491531372070312,4.021999835968018,4.028968334197998,4.027968406677246,4.027968406677246,4.026000022888184,4.0269317626953125,nan,nan
74.45000000000005,2.200000047683716,4.022963523864746,4.0289998054504395,4.0279998779296875,4.0279998779296875,4.026927471160889,4.027927398681641,nan,nan
74.5,2.174999952316284,4.022032737731934,4.0289998054504395,4.028967380523682,4.029934406280518,4.027930736541748,4.0279998779296875,nan,nan
74.54999999999995,2.125,4.02392578125,4.0289998054504395,4.0289998054504395,4.029036998748779,4.0279998779296875,4.028926372528076,nan,nan
74.60000000000014,2.0999999046325684,4.02400016784668,4.029966354370117,4.0289998054504395,4.029966354370117,4.028929710388184,4.0289998054504395,nan,nan
74.65000000000009,2.075000047683716,4.024961471557617,4.030961513519287,4.029961585998535,4.03000020980835,4.0289998054504395,4.0289998054504395,nan,nan
74.70000000000005,2.075000047683716,4.025000095367432,4.031000137329102,4.03000020980835,4.030965328216553,4.029928684234619,4.029928684234619,nan,nan
74.75,2.0250000953674316,4.025000095367432,4.031000137329102,4.030960559844971,4.031000137329102,4.03000020980835,4.03000020980835,nan,nan
74.79999999999995,2.0005102157592773,4.025000095367432,4.031964302062988,4.031000137329102,4.031000137329102,4.030927658081055,4.030927658081055,nan,nan
74.85000000000014,2.01314377784729,4.0259599685668945,4.0320000648498535,4.031000137329102,4.031959533691406,4.031000137329102,4.031000137329102,nan,nan
74.90000000000009,1.975000023841858,4.026000022888184,4.032961845397949,4.031961441040039,4.0320000648498535,4.031927108764648,4.031927108764648,nan,nan
74.95000000000005,1.975000023841858,4.026000022888184,4.0329999923706055,4.0320000648498535,4.032958984375,4.0320000648498535,4.0310773849487305,nan,nan
75.0,1.9509735107421875,4.026957988739014,4.0329999923706055,4.0320000648498535,4.0329999923706055,4.0320000648498535,4.031925678253174,nan,nan
75.04999999999995,1.975000023841858,4.0269999504089355,4.0329999923706055,4.032953262329102,4.0329999923706055,4.032921314239502,4.0320000648498535,nan,nan
75.10000000000014,1.9500000476837158,4.0269999504089355,4.033961296081543,4.0329999923706055,4.0329999923706055,4.0329999923706055,4.032925128936768,nan,nan
75.15000000000009,1.9249999523162842,4.0269999504089355,4.033999919891357,4.0329999923706055,4.033957004547119,4.0329999923706055,4.0329999923706055,nan,nan
75.20000000000005,1.9500000476837158,4.027960300445557,4.0349602699279785,4.033960342407227,4.033999919891357,4.0329999923706055,4.0329999923706055,nan,nan
75.25,1.9109135866165161,4.0279998779296875,4.034043788909912,4.033999919891357,4.033999919891357,4.0329999923706055,4.0329999923706055,nan,nan
75.29999999999995,1.926927924156189,4.028958797454834,4.034958839416504,4.033999919891357,4.033999919891357,4.033923149108887,4.033923149108887,nan,nan
75.35000000000014,1.9249999523162842,4.0289998054504395,4.034999847412109,4.033999919891357,4.034955024719238,4.033999919891357,4.033999919891357,nan,nan
75.40000000000009,1.8769984245300293,4.0289998054504395,4.0359578132629395,4.0349578857421875,4.034999847412109,4.034922122955322,4.033999919891357,nan,nan
75.45000000000005,1.9145989418029785,4.0289998054504395,4.035999774932861,4.034999847412109,4.034999847412109,4.034082412719727,4.033999919891357,nan,nan
75.5,1.899999976158142,4.029955863952637,4.035999774932861,4.034999847412109,4.035955905914307,4.0349202156066895,4.0349202156066895,nan,nan
75.54999999999995,2.795713424682617,4.029047012329102,4.035999774932861,4.034999847412109,4.0350470542907715,4.034999847412109,4.034083366394043,nan,nan
75.60000000000014,4.293179988861084,4.024238586425781,4.0302863121032715,4.0292863845825195,4.0292863845825195,4.028583526611328,4.028500080108643,nan,nan
75.65000000000009,5.229425430297852,4.019240856170654,4.025240898132324,4.024240493774414,4.024240493774414,4.023422718048096,4.024338245391846,nan,nan
75.70000000000005,5.804203033447266,4.016139984130859,4.022140026092529,4.022093296051025,4.022093296051025,4.020242691040039,4.021242618560791,nan,nan
75.75,6.408079624176025,4.014098167419434,4.0200982093811035,4.0200982093811035,4.0200982093811035,4.019084930419922,4.01917028427124,nan,nan
75.79999999999995,7.135308265686035,4.013045310974121,4.019045352935791,4.018090724945068,4.018090724945068,4.0171637535095215,4.0171637535095215,nan,nan
75.85000000000014,9.741498947143555,4.00634765625,4.011397361755371,4.011347770690918,4.011347770690918,4.009688854217529,4.011516571044922,nan,nan
75.90000000000009,12.382866859436035,3.995511531829834,3.9995579719543457,3.9995579719543457,3.9995579719543457,3.9979944229125977,3.9999945163726807,nan,nan
75.95000000000005,13.996479988098145,3.9874062538146973,3.9923555850982666,3.9923555850982666,3.9923555850982666,3.9896957874298096,3.9916958808898926,nan,nan
76.0,15.692680358886719,3.981283187866211,3.9872360229492188,3.9872360229492188,3.9872360229492188,3.98350191116333,3.985501766204834,nan,nan
76.04999999999995,15.390932083129883,3.979111671447754,3.9832234382629395,3.9832234382629395,3.9832234382629395,3.97935152053833,3.983175754547119,nan,nan
76.10000000000014,15.046177864074707,3.9790000915527344,3.9830000400543213,3.9830000400543213,3.9839515686035156,3.9808309078216553,3.983915328979492,nan,nan
76.15000000000009,15.158236503601074,3.981842279434204,3.9867897033691406,3.9867897033691406,3.986842393875122,3.9828221797943115,3.9858219623565674,nan,nan
76.20000000000005,16.38220977783203,3.9781975746154785,3.9822471141815186,3.9822471141815186,3.9822471141815186,3.978433847427368,3.981433868408203,nan,nan
76.25,16.07771873474121,3.974214553833008,3.979161024093628,3.979161024093628,3.980107307434082,3.9752700328826904,3.979180097579956,nan,nan
76.29999999999995,14.251084327697754,3.9796977043151855,3.983748197555542,3.983748197555542,3.9837985038757324,3.979548692703247,3.983548641204834,nan,nan
76.35000000000014,12.88370418548584,3.9875614643096924,3.992506504058838,3.992506504058838,3.992506504058838,3.9890875816345215,3.991270065307617,nan,nan
76.40000000000009,13.47004508972168,3.986102819442749,3.991102933883667,3.991102933883667,3.992051362991333,3.988175630569458,3.9910876750946045,nan,nan
76.45000000000005,13.591301918029785,3.985055685043335,3.990999937057495,3.990999937057495,3.991055727005005,3.9870920181274414,3.9891841411590576,nan,nan
76.5,13.777678489685059,3.984999895095825,3.9900524616241455,3.9900524616241455,3.9900524616241455,3.986999988555908,3.9899110794067383,nan,nan
76.54999999999995,14.237086296081543,3.9840567111968994,3.9881136417388916,3.9890568256378174,3.9890568256378174,3.986093044281006,3.989093065261841,nan,nan
76.60000000000014,14.817158699035645,3.9811601638793945,3.987053394317627,3.9861602783203125,3.9861602783203125,3.9823601245880127,3.9853601455688477,nan,nan
76.65000000000009,15.196125984191895,3.980057716369629,3.984173059463501,3.9841153621673584,3.9850575923919678,3.9810941219329834,3.9840941429138184,nan,nan
76.70000000000005,15.369958877563477,3.9781086444854736,3.9830543994903564,3.9839999675750732,3.9831087589263916,3.979182720184326,3.982182741165161,nan,nan
76.75,15.504836082458496,3.9779999256134033,3.9830000400543213,3.9830586910247803,3.9830000400543213,3.9790000915527344,3.9820001125335693,nan,nan
76.79999999999995,15.68968391418457,3.9779999256134033,3.9830000400543213,3.982055187225342,3.9830000400543213,3.978092670440674,3.9820001125335693,nan,nan
76.85000000000014,15.81444263458252,3.97611927986145,3.981119394302368,3.9820001125335693,3.9820597171783447,3.9779999256134033,3.981096029281616,nan,nan
76.90000000000009,15.894600868225098,3.9760000705718994,3.9809999465942383,3.980112314224243,3.9810562133789062,3.9770963191986084,3.9809999465942383,nan,nan
76.95000000000005,15.981980323791504,3.9760000705718994,3.9809999465942383,3.9800000190734863,3.980060577392578,3.9760971069335938,3.9800970554351807,nan,nan
77.0,16.04436492919922,3.9760000705718994,3.9800572395324707,3.9800000190734863,3.980942726135254,3.9769046306610107,3.9800000190734863,nan,nan
77.04999999999995,16.106748580932617,3.9750659465789795,3.9800000190734863,3.9800000190734863,3.9800658226013184,3.97609806060791,3.979097843170166,nan,nan
77.10000000000014,16.295682907104492,3.9749999046325684,3.9800000190734863,3.9800000190734863,3.9790585041046143,3.9750986099243164,3.9790000915527344,nan,nan
77.15000000000009,16.557575225830078,3.9731249809265137,3.9781250953674316,3.9781250953674316,3.978062629699707,3.9740991592407227,3.977198362350464,nan,nan
77.20000000000005,16.718801498413086,3.9730000495910645,3.9770591259002686,3.976118564605713,3.9770591259002686,3.973095655441284,3.9769999980926514,nan,nan
77.25,16.843862533569336,3.9730000495910645,3.9769999980926514,3.9760000705718994,3.9760634899139404,3.9730000495910645,3.9769999980926514,nan,nan
77.29999999999995,17.01233673095703,3.971120834350586,3.976060390472412,3.9760000705718994,3.9760000705718994,3.9720969200134277,3.9760968685150146,nan,nan
77.35000000000014,17.14299201965332,3.9709999561309814,3.9760000705718994,3.9760000705718994,3.9760000705718994,3.9711010456085205,3.9751009941101074,nan,nan
77.40000000000009,17.268442153930664,3.9709999561309814,3.9750614166259766,3.9750614166259766,3.9750614166259766,3.9709999561309814,3.9749999046325684,nan,nan
77.45000000000005,17.330810546875,3.9700655937194824,3.9740655422210693,3.9749999046325684,3.9749999046325684,3.970102071762085,3.9732038974761963,nan,nan
77.5,17.375,3.969062566757202,3.9739999771118164,3.9731249809265137,3.974062442779541,3.9700000286102295,3.9739010334014893,nan,nan
77.54999999999995,17.51109504699707,3.969933032989502,3.9739999771118164,3.973932981491089,3.9739999771118164,3.9700000286102295,3.9731030464172363,nan,nan
77.60000000000014,17.607025146484375,3.9681272506713867,3.9721271991729736,3.9721271991729736,3.9730637073516846,3.969099760055542,3.9730000495910645,nan,nan
77.65000000000009,17.641056060791016,3.9689323902130127,3.9729323387145996,3.9729323387145996,3.9730000495910645,3.9690001010894775,3.972104072570801,nan,nan
77.70000000000005,18.04759979248047,3.968064546585083,3.97206449508667,3.97206449508667,3.97206449508667,3.9681010246276855,3.9719998836517334,nan,nan
77.75,17.919898986816406,3.967068672180176,3.970137357711792,3.9710686206817627,3.9710686206817627,3.967104911804199,3.970209836959839,nan,nan
77.79999999999995,18.19916534423828,3.9670000076293945,3.9709346294403076,3.9719347953796387,3.9709999561309814,3.966101884841919,3.9700000286102295,nan,nan
77.85000000000014,19.24282455444336,3.965139150619507,3.9682085514068604,3.968278169631958,3.9682085514068604,3.9642117023468018,3.9682118892669678,nan,nan
77.90000000000009,18.945558547973633,3.959397077560425,3.9633307456970215,3.9633307456970215,3.9642646312713623,3.9604101181030273,3.9644100666046143,nan,nan
77.95000000000005,16.91317367553711,3.968294382095337,3.972294330596924,3.972294330596924,3.972364902496338,3.9671449661254883,3.9720382690429688,nan,nan
78.0,17.075000762939453,3.970865488052368,3.974865436553955,3.974865436553955,3.9757983684539795,3.9715850353240967,3.9756886959075928,nan,nan
78.04999999999995,13.355118751525879,3.9737730026245117,3.9796218872070312,3.9796218872070312,3.9796974658966064,3.974677085876465,3.9786770343780518,nan,nan
78.10000000000014,8.800274848937988,3.9935622215270996,3.9986307621002197,3.9986307621002197,3.9986307621002197,3.9946975708007812,3.9978020191192627,nan,nan
78.15000000000009,8.231861114501953,4.006131649017334,4.011131763458252,4.011131763458252,4.011131763458252,4.009479522705078,4.009805202484131,nan,nan
78.20000000000005,13.033699989318848,3.994901180267334,3.999901056289673,3.9989705085754395,3.999901056289673,3.9975836277008057,3.9993724822998047,nan,nan
78.25,16.961605072021484,3.976393222808838,3.980466604232788,3.9813199043273926,3.981393337249756,3.978191614151001,3.981081962585449,nan,nan
78.29999999999995,19.03333282470703,3.9657034873962402,3.9706332683563232,3.969773769378662,3.970703601837158,3.9661741256713867,3.9700675010681152,nan,nan
78.35000000000014,20.190603256225586,3.9603726863861084,3.9653728008270264,3.9652981758117676,3.964447259902954,3.9596643447875977,3.9645535945892334,nan,nan
78.40000000000009,20.803821563720703,3.956284761428833,3.961284875869751,3.961284875869751,3.9621424674987793,3.9563229084014893,3.96043062210083,nan,nan
78.45000000000005,21.142431259155273,3.955075263977051,3.9600753784179688,3.9600753784179688,3.960150718688965,3.9533350467681885,3.9591116905212402,nan,nan
78.5,21.388469696044922,3.9531443119049072,3.957216501235962,3.958144426345825,3.9590721130371094,3.95210862159729,3.957217216491699,nan,nan
78.54999999999995,21.603214263916016,3.9539237022399902,3.9560763835906982,3.95707631111145,3.9580764770507812,3.9519999027252197,3.9570000171661377,nan,nan
78.60000000000014,21.728174209594727,3.952146291732788,3.9560000896453857,3.9570000171661377,3.957073211669922,3.9511096477508545,3.9561095237731934,nan,nan
78.65000000000009,21.85603141784668,3.9510772228240967,3.9560000896453857,3.9551544189453125,3.9551544189453125,3.950113534927368,3.955113649368286,nan,nan
78.70000000000005,21.980812072753906,3.9509999752044678,3.9550740718841553,3.9549999237060547,3.9549999237060547,3.950000047683716,3.9549999237060547,nan,nan
78.75,22.080537796020508,3.950078248977661,3.954078435897827,3.9549999237060547,3.9549999237060547,3.9491145610809326,3.9532289505004883,nan,nan
78.79999999999995,22.18018341064453,3.950000047683716,3.9549248218536377,3.9540750980377197,3.9531502723693848,3.9472227096557617,3.953000068664551,nan,nan
78.85000000000014,22.274999618530273,3.9490790367126465,3.953158140182495,3.9530789852142334,3.953000068664551,3.947000026702881,3.953000068664551,nan,nan
78.90000000000009,22.413789749145508,3.9489998817443848,3.953000068664551,3.953000068664551,3.953000068664551,3.947887659072876,3.953000068664551,nan,nan
78.95000000000005,22.88028335571289,3.948080062866211,3.951160192489624,3.951160192489624,3.951160192489624,3.9453489780426025,3.951232671737671,nan,nan
79.0,23.6260929107666,3.944308042526245,3.9482309818267822,3.9491539001464844,3.9500770568847656,3.9432265758514404,3.947453260421753,nan,nan
79.04999999999995,24.1480655670166,3.9421703815460205,3.9461703300476074,3.9471702575683594,3.946340560913086,3.939469337463379,3.946117401123047,nan,nan
79.10000000000014,24.809263229370117,3.939234733581543,3.9423129558563232,3.943312883377075,3.945078134536743,3.9381144046783447,3.942457914352417,nan,nan
79.15000000000009,25.30929946899414,3.937164306640625,3.94016432762146,3.941164255142212,3.942246437072754,3.9353556632995605,3.9411184787750244,nan,nan
79.20000000000005,25.69243621826172,3.937000036239624,3.9381580352783203,3.938237190246582,3.939237117767334,3.934115409851074,3.940115451812744,nan,nan
79.25,26.20650291442871,3.933332681655884,3.9370832443237305,3.937999963760376,3.9380831718444824,3.931358575820923,3.9364781379699707,nan,nan
79.29999999999995,26.472078323364258,3.932080030441284,3.93608021736145,3.9352405071258545,3.9361603260040283,3.9292328357696533,3.936000108718872,nan,nan
79.35000000000014,26.75553321838379,3.931084394454956,3.935084342956543,3.934999942779541,3.935084342956543,3.9281206130981445,3.9342410564422607,nan,nan
79.40000000000009,26.929962158203125,3.930999994277954,3.933161973953247,3.933161973953247,3.933161973953247,3.9262349605560303,3.9322350025177,nan,nan
79.45000000000005,27.10346794128418,3.9291701316833496,3.933000087738037,3.93391489982605,3.9320850372314453,3.9242427349090576,3.931121349334717,nan,nan
79.5,27.29271125793457,3.92808198928833,3.932082176208496,3.932164192199707,3.932917833328247,3.9248814582824707,3.930999994277954,nan,nan
79.54999999999995,27.40461540222168,3.927086353302002,3.9301726818084717,3.9301726818084717,3.9302589893341064,3.9241225719451904,3.930999994277954,nan,nan
79.60000000000014,27.664941787719727,3.9260830879211426,3.9290831089019775,3.930000066757202,3.930000066757202,3.923119306564331,3.929238796234131,nan,nan
79.65000000000009,27.751388549804688,3.926913022994995,3.928999900817871,3.9281740188598633,3.9290871620178223,3.9230000972747803,3.928999900817871,nan,nan
79.70000000000005,27.928478240966797,3.926084041595459,3.928084135055542,3.927999973297119,3.928084135055542,3.9221205711364746,3.9281203746795654,nan,nan
79.75,28.10140037536621,3.924175977706909,3.926176071166992,3.9270880222320557,3.927999973297119,3.920248508453369,3.927124261856079,nan,nan
79.79999999999995,28.226367950439453,3.9240000247955322,3.9260001182556152,3.927000045776367,3.9270849227905273,3.9200000762939453,3.926121473312378,nan,nan
79.85000000000014,28.375885009765625,3.922178030014038,3.925089120864868,3.92608904838562,3.92608904838562,3.918250560760498,3.9251253604888916,nan,nan
79.90000000000009,28.22364044189453,3.921999931335449,3.924999952316284,3.9241719245910645,3.9241719245910645,3.9171223640441895,3.9241223335266113,nan,nan
79.95000000000005,26.900285720825195,3.92290997505188,3.925909996032715,3.927639961242676,3.927639961242676,3.92049503326416,3.9257476329803467,nan,nan
80.0,23.084835052490234,3.9330453872680664,3.9360454082489014,3.9362189769744873,3.9371321201324463,3.9306435585021973,3.9356436729431152,nan,nan
80.04999999999995,17.491558074951172,3.952106475830078,3.9560117721557617,3.9560117721557617,3.9552011489868164,3.9494569301605225,3.955329656600952,nan,nan
80.10000000000014,11.906179428100586,3.9722366333007812,3.9771485328674316,3.9771485328674316,3.977060317993164,3.9721434116363525,3.975515842437744,nan,nan
80.15000000000009,3.498800039291382,4.005786418914795,4.011694431304932,4.010786533355713,4.011694431304932,4.0081257820129395,4.009382247924805,nan,nan
80.20000000000005,2.4523673057556152,4.017199993133545,4.023200035095215,4.023110866546631,4.024110794067383,4.0226216316223145,4.021872520446777,nan,nan
80.25,2.326812267303467,4.018907070159912,4.025814056396484,4.024907112121582,4.025000095367432,4.02400016784668,4.023870944976807,nan,nan
80.29999999999995,2.325000047683716,4.019909858703613,4.026909828186035,4.025909900665283,4.025000095367432,4.02400016784668,4.024873733520508,nan,nan
80.35000000000014,2.299999952316284,4.0209059715271,4.0269999504089355,4.026000022888184,4.0268120765686035,4.025739669799805,4.025000095367432,nan,nan
80.40000000000009,2.299999952316284,4.020999908447266,4.0269999504089355,4.026000022888184,4.0269999504089355,4.026000022888184,4.025872707366943,nan,nan
80.45000000000005,2.2988336086273193,4.021904945373535,4.027904987335205,4.026905059814453,4.027904987335205,4.02686882019043,4.02686882019043,nan,nan
80.5,2.25,4.021999835968018,4.028907775878906,4.027907848358154,4.0279998779296875,4.0269999504089355,4.027871608734131,nan,nan
80.54999999999995,2.25,4.022903919219971,4.0289998054504395,4.0279998779296875,4.028903961181641,4.028735160827637,4.0279998779296875,nan,nan
80.60000000000014,2.2249999046325684,4.02390718460083,4.0299072265625,4.02890682220459,4.0289998054504395,4.028129577636719,4.0279998779296875,nan,nan
80.65000000000009,2.201632022857666,4.02400016784668,4.03000020980835,4.0289998054504395,4.0289998054504395,4.028866767883301,4.028866767883301,nan,nan
80.70000000000005,2.1857519149780273,4.02400016784668,4.030905723571777,4.029905796051025,4.029905796051025,4.0289998054504395,4.0289998054504395,nan,nan
80.75,2.1768805980682373,4.024901866912842,4.031000137329102,4.03000020980835,4.03000020980835,4.0289998054504395,4.029865741729736,nan,nan
80.79999999999995,2.1395509243011475,4.025000095367432,4.031905174255371,4.030905246734619,4.030905246734619,4.0298686027526855,4.0308685302734375,nan,nan
80.85000000000014,2.125,4.025900840759277,4.0320000648498535,4.031000137329102,4.031000137329102,4.030864715576172,4.030135154724121,nan,nan
80.90000000000009,2.089712142944336,4.026000022888184,4.0320000648498535,4.031000137329102,4.031000137329102,4.031000137329102,4.030867576599121,nan,nan
80.95000000000005,2.0773274898529053,4.026000022888184,4.0320000648498535,4.031899929046631,4.031899929046631,4.031000137329102,4.031000137329102,nan,nan
81.0,2.075000047683716,4.02690315246582,4.03290319442749,4.0320000648498535,4.0320000648498535,4.031000137329102,4.031866550445557,nan,nan
81.04999999999995,2.0275607109069824,4.0269999504089355,4.0329999923706055,4.0320000648498535,4.032891273498535,4.032723903656006,4.032862186431885,nan,nan
81.10000000000014,2.0250000953674316,4.0269999504089355,4.0329999923706055,4.032901287078857,4.0329999923706055,4.0329999923706055,4.032134532928467,nan,nan
81.15000000000009,2.0250000953674316,4.0269999504089355,4.033897876739502,4.0329999923706055,4.0329999923706055,4.032138347625732,4.0320000648498535,nan,nan
81.20000000000005,2.3380515575408936,4.0279011726379395,4.033999919891357,4.0329999923706055,4.0329999923706055,4.032864570617676,4.032864570617676,nan,nan
81.25,4.188028335571289,4.0235137939453125,4.030411243438721,4.0294108390808105,4.0294108390808105,4.028695583343506,4.028695583343506,nan,nan
81.29999999999995,6.282363414764404,4.014899253845215,4.021899223327637,4.020898818969727,4.020898818969727,4.02022647857666,4.02022647857666,nan,nan
81.35000000000014,7.61619758605957,4.009519100189209,4.0147271156311035,4.014623165130615,4.014623165130615,4.013840198516846,4.014699935913086,nan,nan
81.40000000000009,9.173539161682129,4.004504680633545,4.009504318237305,4.009504318237305,4.010403633117676,4.008686542510986,4.009686470031738,nan,nan
81.45000000000005,11.141887664794922,3.997739553451538,4.002739429473877,4.002739429473877,4.002845287322998,4.000270843505859,4.002988338470459,nan,nan
81.5,12.483292579650879,3.991611957550049,3.995713949203491,3.9966118335723877,3.995713949203491,3.993830442428589,3.995968818664551,nan,nan
81.54999999999995,13.197455406188965,3.987436056137085,3.9923269748687744,3.992436170578003,3.9923269748687744,3.9895687103271484,3.992426633834839,nan,nan
81.60000000000014,13.60959529876709,3.985206365585327,3.991103172302246,3.991103172302246,3.991103172302246,3.987278699874878,3.990278720855713,nan,nan
81.65000000000009,13.574079513549805,3.984999895095825,3.9901113510131836,3.9901113510131836,3.9901113510131836,3.986143112182617,3.988286018371582,nan,nan
81.70000000000005,12.497953414916992,3.9876868724823,3.991791248321533,3.991791248321533,3.991791248321533,3.9877195358276367,3.99057936668396,nan,nan
81.75,10.694028854370117,3.9924395084381104,3.9973275661468506,3.9964396953582764,3.9964396953582764,3.993992328643799,3.99613618850708,nan,nan
81.79999999999995,8.116950988769531,4.001052379608154,4.006052494049072,4.005947113037109,4.00505256652832,4.002729415893555,4.004729270935059,nan,nan
81.85000000000014,6.0901947021484375,4.01002311706543,4.015914440155029,4.0150227546691895,4.014914512634277,4.013406753540039,4.014551639556885,nan,nan
81.90000000000009,5.046592712402344,4.015471458435059,4.0214715003967285,4.020471572875977,4.020471572875977,4.019289493560791,4.020289421081543,nan,nan
81.95000000000005,4.908077239990234,4.017780780792236,4.0246710777282715,4.0236711502075195,4.0236711502075195,4.0217084884643555,4.022708415985107,nan,nan
82.0,7.222349643707275,4.013533115386963,4.019639492034912,4.019533157348633,4.019533157348633,4.0185723304748535,4.0187153816223145,nan,nan
82.04999999999995,9.568327903747559,4.004226207733154,4.0093488693237305,4.0093488693237305,4.0093488693237305,4.007768630981445,4.0086212158203125,nan,nan
82.10000000000014,10.847323417663574,3.997654676437378,4.003545761108398,4.002654552459717,4.002654552459717,4.000009536743164,4.002720832824707,nan,nan
82.15000000000009,11.548669815063477,3.9934499263763428,3.9994499683380127,3.9993374347686768,3.9993374347686768,3.996443271636963,3.9985909461975098,nan,nan
82.20000000000005,11.896541595458984,3.9921088218688965,3.9981088638305664,3.9972176551818848,3.9981088638305664,3.9942901134490967,3.997145175933838,nan,nan
82.25,12.078557968139648,3.9911158084869385,3.9962317943573,3.9961159229278564,3.9962317943573,3.9931490421295166,3.995297908782959,nan,nan
82.29999999999995,12.13598918914795,3.990109920501709,3.995110034942627,3.995110034942627,3.996000051498413,3.993000030517578,3.994999885559082,nan,nan
82.35000000000014,12.094408988952637,3.990882158279419,3.9967644214630127,3.995882272720337,3.996000051498413,3.993000030517578,3.995849132537842,nan,nan
82.40000000000009,12.206790924072266,3.990999937057495,3.9961113929748535,3.996000051498413,3.996000051498413,3.992147445678711,3.995147466659546,nan,nan
82.45000000000005,12.282533645629883,3.990999937057495,3.9951202869415283,3.9951202869415283,3.9951202869415283,3.992846727371216,3.994999885559082,nan,nan
82.5,12.62750244140625,3.989224910736084,3.994999885559082,3.994999885559082,3.995887517929077,3.9921486377716064,3.9941487312316895,nan,nan
82.54999999999995,13.10615062713623,3.9872472286224365,3.992370843887329,3.9932472705841064,3.9924943447113037,3.989457607269287,3.992305040359497,nan,nan
82.60000000000014,13.475151062011719,3.9861137866973877,3.9911136627197266,3.991227388381958,3.9911136627197266,3.9881491661071777,3.9902985095977783,nan,nan
82.65000000000009,13.655913352966309,3.9851205348968506,3.9901204109191895,3.9901204109191895,3.9901204109191895,3.986307382583618,3.9891536235809326,nan,nan
82.70000000000005,13.762186050415039,3.984999895095825,3.9891140460968018,3.990000009536743,3.990000009536743,3.986849784851074,3.989849805831909,nan,nan
82.75,13.836627960205078,3.984121561050415,3.989000082015991,3.989121437072754,3.989121437072754,3.985309362411499,3.987464189529419,nan,nan
82.79999999999995,13.923437118530273,3.9839999675750732,3.989000082015991,3.989000082015991,3.989000082015991,3.985848903656006,3.9878487586975098,nan,nan
82.85000000000014,14.036415100097656,3.9831223487854004,3.9881224632263184,3.9881224632263184,3.9881224632263184,3.985159397125244,3.98799991607666,nan,nan
82.90000000000009,14.03062915802002,3.9830000400543213,3.9888839721679688,3.98799991607666,3.98799991607666,3.984999895095825,3.98799991607666,nan,nan
82.95000000000005,14.18307113647461,3.9830000400543213,3.9881205558776855,3.9871206283569336,3.9871206283569336,3.9841620922088623,3.987161874771118,nan,nan
83.0,14.728601455688477,3.9812331199645996,3.9862332344055176,3.9852330684661865,3.986116647720337,3.9823081493377686,3.9853081703186035,nan,nan
83.04999999999995,15.353589057922363,3.9792559146881104,3.984255790710449,3.9832558631896973,3.9833836555480957,3.9794838428497314,3.9833226203918457,nan,nan
83.10000000000014,16.34185791015625,3.975473642349243,3.980473756790161,3.9803552627563477,3.9812369346618652,3.977309465408325,3.980463981628418,nan,nan
83.15000000000009,17.119794845581055,3.971501111984253,3.9773759841918945,3.976501226425171,3.977501153945923,3.9727935791015625,3.9766347408294678,nan,nan
83.20000000000005,17.50934600830078,3.9709999561309814,3.9743571281433105,3.974238157272339,3.9743571281433105,3.9703102111816406,3.9751551151275635,nan,nan
83.25,17.751388549804688,3.9692444801330566,3.9731221199035645,3.9739999771118164,3.9731221199035645,3.9691598415374756,3.972479820251465,nan,nan
83.29999999999995,18.15317153930664,3.9681196212768555,3.9721195697784424,3.9713587760925293,3.9721195697784424,3.9673125743865967,3.9719998836517334,nan,nan
83.35000000000014,18.273954391479492,3.9662466049194336,3.9702465534210205,3.970123291015625,3.971123218536377,3.9670000076293945,3.971160650253296,nan,nan
83.40000000000009,18.2044620513916,3.9660000801086426,3.970879554748535,3.970879554748535,3.9709999561309814,3.9661571979522705,3.9701571464538574,nan,nan
83.45000000000005,18.341842651367188,3.9677515029907227,3.9709999561309814,3.9701242446899414,3.9701242446899414,3.9668374061584473,3.970837354660034,nan,nan
83.5,18.51654624938965,3.964486598968506,3.969243288040161,3.9700000286102295,3.9700000286102295,3.9653165340423584,3.968474864959717,nan,nan
83.54999999999995,17.02659797668457,3.9657492637634277,3.9707491397857666,3.970874547958374,3.9700000286102295,3.9649999141693115,3.9688353538513184,nan,nan
83.60000000000014,11.822554588317871,3.9800422191619873,3.9841647148132324,3.9850423336029053,3.985797643661499,3.9809718132019043,3.983290433883667,nan,nan
83.65000000000009,7.541228294372559,3.999479055404663,4.005227088928223,4.004478931427002,4.004605293273926,4.001445293426514,4.002614498138428,nan,nan
83.70000000000005,4.998708248138428,4.01164436340332,4.01764440536499,4.016644477844238,4.017520904541016,4.015068054199219,4.015229225158691,nan,nan
83.75,2.6680750846862793,4.019111156463623,4.025111198425293,4.024111270904541,4.024238109588623,4.0228095054626465,4.0228095054626465,nan,nan
83.79999999999995,2.0964787006378174,4.026130199432373,4.032130241394043,4.031129837036133,4.032005786895752,4.030703067779541,4.030703067779541,nan,nan
83.85000000000014,2.0340898036956787,4.0269999504089355,4.033872127532959,4.032872200012207,4.0329999923706055,4.0320000648498535,4.032828330993652,nan,nan
83.90000000000009,2.003289222717285,4.027874946594238,4.033999919891357,4.033874988555908,4.033874988555908,4.0336737632751465,4.0329999923706055,nan,nan
83.95000000000005,2.040600299835205,4.0279998779296875,4.0348711013793945,4.03312873840332,4.033999919891357,4.033999919891357,4.0329999923706055,nan,nan
84.0,2.05305814743042,4.0279998779296875,4.034999847412109,4.033874034881592,4.033999919891357,4.033999919891357,4.033836841583252,nan,nan
84.04999999999995,2.084556818008423,4.028866767883301,4.034999847412109,4.033999919891357,4.033999919891357,4.033999919891357,4.033999919891357,nan,nan
84.10000000000014,2.072169780731201,4.0289998054504395,4.034999847412109,4.034872531890869,4.034872531890869,4.033999919891357,4.033999919891357,nan,nan
84.15000000000009,2.0955142974853516,4.0289998054504395,4.035869121551514,4.034999847412109,4.034999847412109,4.034829139709473,4.033999919891357,nan,nan
84.20000000000005,3.130406379699707,4.028128147125244,4.0342559814453125,4.0332560539245605,4.0332560539245605,4.03333044052124,4.033165454864502,nan,nan
84.25,5.409055709838867,4.021052360534668,4.027920722961426,4.027789115905762,4.027789115905762,4.026350975036621,4.026350975036621,nan,nan
84.29999999999995,8.157651901245117,4.012160301208496,4.017417907714844,4.016547203063965,4.016547203063965,4.015821933746338,4.016656398773193,nan,nan
84.35000000000014,9.999476432800293,4.003194332122803,4.008194446563721,4.00806188583374,4.00806188583374,4.006547927856445,4.008376121520996,nan,nan
84.40000000000009,11.042023658752441,3.9985201358795166,4.0035200119018555,4.002650260925293,4.002650260925293,4.000002384185791,4.002835273742676,nan,nan
84.45000000000005,11.507648468017578,3.99540114402771,4.000401020050049,4.000267505645752,4.000267505645752,3.998173952102661,4.000348091125488,nan,nan
84.5,11.78067398071289,3.994131088256836,3.999131202697754,3.999131202697754,3.999131202697754,3.9963364601135254,3.9983363151550293,nan,nan
84.54999999999995,12.031429290771484,3.9931347370147705,3.9981346130371094,3.99726939201355,3.9981346130371094,3.995170831680298,3.997999906539917,nan,nan
84.60000000000014,12.199999809265137,3.9921319484710693,3.997131824493408,3.996999979019165,3.997131824493408,3.994168281555176,3.9963366985321045,nan,nan
84.65000000000009,12.300000190734863,3.992000102996826,3.996999979019165,3.996999979019165,3.996999979019165,3.99399995803833,3.996000051498413,nan,nan
84.70000000000005,12.423569679260254,3.9911327362060547,3.9961328506469727,3.9952657222747803,3.9952657222747803,3.9931693077087402,3.996000051498413,nan,nan
84.75,12.438819885253906,3.9901366233825684,3.996000051498413,3.995863437652588,3.995863437652588,3.993000030517578,3.9951727390289307,nan,nan
84.79999999999995,12.497605323791504,3.990866184234619,3.996000051498413,3.995133638381958,3.996000051498413,3.9921700954437256,3.994999885559082,nan,nan
84.85000000000014,12.5,3.9901373386383057,3.996000051498413,3.9958624839782715,3.996000051498413,3.992000102996826,3.994173526763916,nan,nan
84.90000000000009,12.548054695129395,3.990000009536743,3.9951345920562744,3.9951345920562744,3.9951345920562744,3.992000102996826,3.994828939437866,nan,nan
84.95000000000005,12.524999618530273,3.990000009536743,3.994999885559082,3.994138240814209,3.994999885559082,3.992000102996826,3.994999885559082,nan,nan
85.0,12.60073471069336,3.990000009536743,3.994999885559082,3.9957287311553955,3.9958643913269043,3.992000102996826,3.9941720962524414,nan,nan
85.04999999999995,12.637007713317871,3.9908571243286133,3.994999885559082,3.994285821914673,3.994285821914673,3.991175651550293,3.99399995803833,nan,nan
85.10000000000014,12.649999618530273,3.989274263381958,3.9941370487213135,3.9948627948760986,3.9948627948760986,3.9918270111083984,3.99399995803833,nan,nan
85.15000000000009,12.687844276428223,3.9898595809936523,3.99399995803833,3.994140386581421,3.994140386581421,3.9911763668060303,3.99399995803833,nan,nan
85.20000000000005,12.74973201751709,3.989137649536133,3.9948625564575195,3.9948625564575195,3.9948625564575195,3.990999937057495,3.99399995803833,nan,nan
85.25,12.75,3.989000082015991,3.994141101837158,3.994141101837158,3.994999885559082,3.990999937057495,3.9931774139404297,nan,nan
85.29999999999995,12.849960327148438,3.989000082015991,3.99399995803833,3.993138551712036,3.994138479232788,3.990999937057495,3.9938249588012695,nan,nan
85.35000000000014,12.887588500976562,3.989000082015991,3.99399995803833,3.9938576221466064,3.99399995803833,3.990999937057495,3.993178367614746,nan,nan
85.40000000000009,13.04865837097168,3.989000082015991,3.99399995803833,3.99399995803833,3.9931395053863525,3.990176200866699,3.993000030517578,nan,nan
85.45000000000005,14.006573677062988,3.986429214477539,3.991429328918457,3.991429328918457,3.991286277770996,3.9875385761260986,3.9905385971069336,nan,nan
85.5,14.992799758911133,3.9817028045654297,3.9875621795654297,3.9875621795654297,3.9875621795654297,3.983708381652832,3.986708402633667,nan,nan
85.54999999999995,15.47066879272461,3.979288339614868,3.9844326972961426,3.9844326972961426,3.9844326972961426,3.980541467666626,3.983541488647461,nan,nan
85.60000000000014,15.82040786743164,3.9781415462493896,3.9831416606903076,3.9831416606903076,3.9831416606903076,3.979177951812744,3.982177972793579,nan,nan
85.65000000000009,15.983610153198242,3.977145195007324,3.982145071029663,3.981290340423584,3.982145071029663,3.9781813621520996,3.9811813831329346,nan,nan
85.70000000000005,16.147336959838867,3.975285053253174,3.9802849292755127,3.980142593383789,3.981142520904541,3.9771790504455566,3.9801790714263916,nan,nan
85.75,16.359477996826172,3.9749999046325684,3.9800000190734863,3.9800000190734863,3.9801459312438965,3.9753646850585938,3.979182243347168,nan,nan
85.79999999999995,16.81264877319336,3.9741435050964355,3.9791433811187744,3.9782869815826416,3.9782869815826416,3.974179983139038,3.9790000915527344,nan,nan
85.85000000000014,17.57389259338379,3.970587730407715,3.976440906524658,3.9762938022613525,3.9762938022613525,3.9715499877929688,3.975733518600464,nan,nan
85.90000000000009,18.137807846069336,3.969144344329834,3.973433256149292,3.973433256149292,3.973433256149292,3.9693617820739746,3.9733617305755615,nan,nan
85.95000000000005,18.613222122192383,3.9672961235046387,3.9712960720062256,3.9712960720062256,3.9712960720062256,3.9673683643341064,3.9713683128356934,nan,nan
86.0,19.01546287536621,3.9652910232543945,3.9701454639434814,3.9701454639434814,3.9701454639434814,3.964545726776123,3.96854567527771,nan,nan
86.04999999999995,19.142810821533203,3.9641525745391846,3.9683051109313965,3.9683051109313965,3.9683051109313965,3.9631850719451904,3.9679999351501465,nan,nan
86.10000000000014,19.319536209106445,3.963146924972534,3.967146873474121,3.9679999351501465,3.967146873474121,3.9630000591278076,3.9671826362609863,nan,nan
86.15000000000009,19.52109146118164,3.9630000591278076,3.9670000076293945,3.9671497344970703,3.9670000076293945,3.962186098098755,3.966186046600342,nan,nan
86.20000000000005,19.570838928222656,3.961294651031494,3.9661471843719482,3.9661471843719482,3.9661471843719482,3.9619998931884766,3.9660000801086426,nan,nan
86.25,20.119213104248047,3.959301233291626,3.963451862335205,3.964301109313965,3.9651505947113037,3.9595606327056885,3.9635608196258545,nan,nan
86.29999999999995,20.104320526123047,3.9607036113739014,3.9638516902923584,3.9648518562316895,3.9658517837524414,3.9606308937072754,3.9646310806274414,nan,nan
86.35000000000014,21.304607391357422,3.956758975982666,3.9606072902679443,3.960759162902832,3.961759090423584,3.956127882003784,3.960939884185791,nan,nan
86.40000000000009,22.10227394104004,3.9534473419189453,3.956596612930298,3.956596612930298,3.955894947052002,3.9509284496307373,3.956742763519287,nan,nan
86.45000000000005,21.613601684570312,3.952152729034424,3.9560000896453857,3.9560000896453857,3.9558472633361816,3.950000047683716,3.9551889896392822,nan,nan
86.5,20.41086196899414,3.956249713897705,3.960249662399292,3.960249662399292,3.960249662399292,3.9548802375793457,3.959066867828369,nan,nan
86.54999999999995,20.31905746459961,3.9570000171661377,3.9609999656677246,3.9609999656677246,3.9609999656677246,3.956810235977173,3.9608101844787598,nan,nan
86.60000000000014,20.44402313232422,3.956151247024536,3.9609999656677246,3.961848735809326,3.961848735809326,3.9561877250671387,3.9601876735687256,nan,nan
86.65000000000009,20.562467575073242,3.95684552192688,3.9601545333862305,3.9611544609069824,3.9611544609069824,3.9560000896453857,3.9600000381469727,nan,nan
86.70000000000005,20.75,3.9561519622802734,3.9600000381469727,3.9609999656677246,3.9609999656677246,3.955188512802124,3.9600000381469727,nan,nan
86.75,20.840909957885742,3.955155611038208,3.959155559539795,3.959311008453369,3.959311008453369,3.953383684158325,3.958383798599243,nan,nan
86.79999999999995,20.924999237060547,3.954153299331665,3.958153247833252,3.958153247833252,3.9590001106262207,3.9546210765838623,3.958810567855835,nan,nan
86.85000000000014,20.817983627319336,3.9539999961853027,3.958843469619751,3.958843469619751,3.9590001106262207,3.953385591506958,3.958192825317383,nan,nan
86.90000000000009,18.859691619873047,3.957383632659912,3.9615375995635986,3.9606919288635254,3.9615375995635986,3.95623779296875,3.961237907409668,nan,nan
86.95000000000005,15.07894515991211,3.96895170211792,3.972951889038086,3.9736366271972656,3.9737942218780518,3.969090700149536,3.9724786281585693,nan,nan
87.0,10.654306411743164,3.9853644371032715,3.9893643856048584,3.9895195960998535,3.9886746406555176,3.985745668411255,3.98874568939209,nan,nan
87.04999999999995,7.175497055053711,3.998894214630127,4.004570484161377,4.004570484161377,4.004408359527588,4.002688884735107,4.0040788650512695,nan,nan
87.10000000000014,2.8081367015838623,4.0187087059021,4.0247087478637695,4.023865699768066,4.0247087478637695,4.0229573249816895,4.0231499671936035,nan,nan
87.15000000000009,2.208561420440674,4.024521350860596,4.030521392822266,4.0295209884643555,4.030521392822266,4.029412269592285,4.029412269592285,nan,nan
87.20000000000005,2.174999952316284,4.025000095367432,4.031000137329102,4.0308427810668945,4.031000137329102,4.03000020980835,4.03000020980835,nan,nan
87.25,2.1500000953674316,4.025839328765869,4.031839370727539,4.031000137329102,4.031000137329102,4.030803203582764,4.030803203582764,nan,nan
87.29999999999995,2.2709062099456787,4.026000022888184,4.0320000648498535,4.031000137329102,4.03184175491333,4.031805038452148,4.031805038452148,nan,nan
87.35000000000014,2.7215375900268555,4.0251617431640625,4.031161785125732,4.031000137329102,4.031161785125732,4.030395984649658,4.030395984649658,nan,nan
87.40000000000009,3.0101735591888428,4.0241594314575195,4.030158996582031,4.029318332672119,4.030158996582031,4.029195785522461,4.029195785522461,nan,nan
87.45000000000005,3.1399316787719727,4.023162364959717,4.029162406921387,4.0289998054504395,4.029162406921387,4.028198719024658,4.0289998054504395,nan,nan
87.5,3.2198643684387207,4.023839950561523,4.029839992523193,4.0289998054504395,4.0289998054504395,4.0279998779296875,4.0289998054504395,nan,nan
87.54999999999995,3.2249999046325684,4.02400016784668,4.03000020980835,4.029836177825928,4.0289998054504395,4.0279998779296875,4.028199672698975,nan,nan
87.60000000000014,3.1856586933135986,4.02400016784668,4.03000020980835,4.029160976409912,4.0289998054504395,4.0279998779296875,4.028802394866943,nan,nan
87.65000000000009,3.032916784286499,4.024835109710693,4.030835151672363,4.029835224151611,4.029835224151611,4.028799057006836,4.029798984527588,nan,nan
87.70000000000005,2.5833165645599365,4.0258378982543945,4.032675266265869,4.031675338745117,4.031675338745117,4.030602931976318,4.030801296234131,nan,nan
87.75,2.3229904174804688,4.026834487915039,4.033834457397461,4.032834529876709,4.0336689949035645,4.032596111297607,4.032596111297607,nan,nan
87.79999999999995,2.161571741104126,4.0286736488342285,4.034836769104004,4.033836841583252,4.033999919891357,4.03380012512207,4.03380012512207,nan,nan
87.85000000000014,2.075000047683716,4.0289998054504395,4.035833835601807,4.034833908081055,4.034833908081055,4.034797191619873,4.033999919891357,nan,nan
87.90000000000009,2.031019449234009,4.029836177825928,4.035999774932861,4.034999847412109,4.034999847412109,4.034999847412109,4.034799575805664,nan,nan
87.95000000000005,1.993696928024292,4.03000020980835,4.035999774932861,4.035832405090332,4.035832405090332,4.034999847412109,4.034999847412109,nan,nan
88.0,2.0,4.03000020980835,4.036835193634033,4.035999774932861,4.035999774932861,4.0357985496521,4.0357985496521,nan,nan
88.04999999999995,1.975000023841858,4.030828475952148,4.0370001792907715,4.03682804107666,4.03682804107666,4.035999774932861,4.035999774932861,nan,nan
88.10000000000014,1.9684971570968628,4.031000137329102,4.0370001792907715,4.036166667938232,4.036166667938232,4.035999774932861,4.035999774932861,nan,nan
88.15000000000009,1.9500000476837158,4.031000137329102,4.037830829620361,4.036830902099609,4.036830902099609,4.035999774932861,4.035999774932861,nan,nan
88.20000000000005,1.9500000476837158,4.031000137329102,4.037167072296143,4.036166667938232,4.0370001792907715,4.036796569824219,4.036796569824219,nan,nan
88.25,1.9500000476837158,4.031829833984375,4.037829875946045,4.036829948425293,4.0370001792907715,4.0362067222595215,4.0370001792907715,nan,nan
88.29999999999995,1.9430546760559082,4.0320000648498535,4.038832187652588,4.037832260131836,4.037832260131836,4.036795616149902,4.0370001792907715,nan,nan
88.35000000000014,2.7970900535583496,4.0320000648498535,4.038171291351318,4.037171363830566,4.037171363830566,4.0370001792907715,4.0370001792907715,nan,nan
88.40000000000009,8.413057327270508,4.019534111022949,4.025534152984619,4.024534225463867,4.025364875793457,4.024287223815918,4.025081634521484,nan,nan
88.45000000000005,14.471084594726562,3.996307134628296,4.000651836395264,3.9996516704559326,3.999824047088623,3.998838424682617,4.0014214515686035,nan,nan
88.5,19.032676696777344,3.9753987789154053,3.979398727416992,3.9800589084625244,3.9800589084625244,3.9771289825439453,3.9801290035247803,nan,nan
88.54999999999995,21.82232093811035,3.962080240249634,3.9660801887512207,3.9670801162719727,3.9662535190582275,3.96114444732666,3.964934825897217,nan,nan
88.60000000000014,23.543418884277344,3.953366994857788,3.957366943359375,3.957537889480591,3.9581961631774902,3.9532439708709717,3.9580366611480713,nan,nan
88.65000000000009,24.225000381469727,3.9478700160980225,3.9518699645996094,3.953521966934204,3.954521894454956,3.9472620487213135,3.9522619247436523,nan,nan
88.70000000000005,24.314836502075195,3.947000026702881,3.950172185897827,3.950516700744629,3.95151686668396,3.946000099182129,3.9509999752044678,nan,nan
88.75,24.031206130981445,3.947824716567993,3.950824737548828,3.950824737548828,3.951824903488159,3.946788787841797,3.9517886638641357,nan,nan
88.79999999999995,24.376949310302734,3.9471755027770996,3.9509999752044678,3.9501755237579346,3.9503509998321533,3.9438364505767822,3.95041823387146,nan,nan
88.85000000000014,25.034603118896484,3.9453530311584473,3.9485294818878174,3.9475295543670654,3.9475295543670654,3.9422123432159424,3.9492123126983643,nan,nan
88.90000000000009,25.19174575805664,3.9416942596435547,3.9455206394195557,3.9453470706939697,3.9453470706939697,3.938840389251709,3.945840358734131,nan,nan
88.95000000000005,24.026601791381836,3.943469762802124,3.947469711303711,3.9466464519500732,3.9466464519500732,3.9403607845306396,3.9465737342834473,nan,nan
89.0,23.393659591674805,3.946476697921753,3.95047664642334,3.9503021240234375,3.951127767562866,3.945734739303589,3.9509456157684326,nan,nan
89.04999999999995,22.317996978759766,3.949456214904785,3.954274892807007,3.954274892807007,3.954456090927124,3.9477858543395996,3.9535717964172363,nan,nan
89.10000000000014,21.660293579101562,3.9532947540283203,3.9566473960876465,3.9566473960876465,3.9574711322784424,3.951939821243286,3.9571518898010254,nan,nan
89.15000000000009,21.328548431396484,3.9539999961853027,3.9586422443389893,3.959463357925415,3.959642171859741,3.953784942626953,3.9579999446868896,nan,nan
89.20000000000005,21.290956497192383,3.9548234939575195,3.9590001106262207,3.959176540374756,3.959176540374756,3.9539999961853027,3.958786964416504,nan,nan
89.25,21.30991554260254,3.9541800022125244,3.9581799507141113,3.9590001106262207,3.9590001106262207,3.9539999961853027,3.9582161903381348,nan,nan
89.29999999999995,21.372169494628906,3.954822301864624,3.958822250366211,3.9581775665283203,3.9581775665283203,3.953213930130005,3.9579999446868896,nan,nan
89.35000000000014,21.48733901977539,3.9541807174682617,3.9573616981506348,3.9571807384490967,3.9579999446868896,3.953000068664551,3.95721697807312,nan,nan
89.40000000000009,21.63693618774414,3.953179121017456,3.9578208923339844,3.9578208923339844,3.957179069519043,3.951430082321167,3.9562149047851562,nan,nan
89.45000000000005,21.742036819458008,3.952181816101074,3.955545663833618,3.9563636779785156,3.9570000171661377,3.951781749725342,3.9560000896453857,nan,nan
89.5,21.96100425720215,3.950364589691162,3.9549999237060547,3.9560000896453857,3.9570000171661377,3.951215982437134,3.9552161693573,nan,nan
89.54999999999995,22.063108444213867,3.9508163928985596,3.9549999237060547,3.955183506011963,3.9545507431030273,3.9494383335113525,3.954219102859497,nan,nan
89.60000000000014,22.23508071899414,3.9493610858917236,3.9533610343933105,3.9549999237060547,3.954819440841675,3.9489998817443848,3.953217029571533,nan,nan
89.65000000000009,22.329763412475586,3.9489998817443848,3.9538161754608154,3.95418381690979,3.95418381690979,3.9474401473999023,3.9522199630737305,nan,nan
89.70000000000005,22.448932647705078,3.9489998817443848,3.951544761657715,3.9523632526397705,3.9539999961853027,3.948563814163208,3.953563928604126,nan,nan
89.75,22.697830200195312,3.947369337081909,3.951815366744995,3.952815294265747,3.952369451522827,3.9466633796691895,3.9508845806121826,nan,nan
89.79999999999995,22.568191528320312,3.9486351013183594,3.9519999027252197,3.9521825313568115,3.9519999027252197,3.946000099182129,3.95156192779541,nan,nan
89.85000000000014,22.628877639770508,3.948185682296753,3.9519999027252197,3.9519999027252197,3.9519999027252197,3.9467780590057373,3.9512219429016113,nan,nan
89.90000000000009,22.678539276123047,3.94718337059021,3.951183319091797,3.9519999027252197,3.9519999027252197,3.9462199211120605,3.9502198696136475,nan,nan
89.95000000000005,22.78350067138672,3.947000026702881,3.9501867294311523,3.950373411178589,3.9511866569519043,3.946000099182129,3.950000047683716,nan,nan
90.0,22.899999618530273,3.9453701972961426,3.950000047683716,3.950000047683716,3.9501850605010986,3.944441795349121,3.949220895767212,nan,nan
90.04999999999995,22.95740509033203,3.946617841720581,3.950000047683716,3.950000047683716,3.950000047683716,3.9447762966156006,3.9497761726379395,nan,nan
90.10000000000014,23.12772560119629,3.945377826690674,3.9491889476776123,3.9491889476776123,3.9491889476776123,3.9442241191864014,3.9492239952087402,nan,nan
90.15000000000009,23.181201934814453,3.944999933242798,3.9498109817504883,3.9489998817443848,3.9489998817443848,3.942451000213623,3.947451114654541,nan,nan
90.20000000000005,23.340900421142578,3.9433746337890625,3.9475619792938232,3.9473745822906494,3.9481873512268066,3.941999912261963,3.947000026702881,nan,nan
90.25,23.429019927978516,3.943000078201294,3.947000026702881,3.947810411453247,3.947999954223633,3.94122576713562,3.947000026702881,nan,nan
90.29999999999995,23.549999237060547,3.943000078201294,3.947000026702881,3.947190523147583,3.947190523147583,3.9402239322662354,3.946223735809326,nan,nan
90.35000000000014,23.72733497619629,3.9421913623809814,3.945382833480835,3.9461915493011475,3.947000026702881,3.9407732486724854,3.9452266693115234,nan,nan
90.40000000000009,23.799999237060547,3.941999912261963,3.944999933242798,3.945188522338867,3.946188449859619,3.9402248859405518,3.945775032043457,nan,nan
90.45000000000005,22.600202560424805,3.941999912261963,3.944999933242798,3.944999933242798,3.946000099182129,3.94077205657959,3.945227861404419,nan,nan
90.5,15.60848331451416,3.959019184112549,3.96282958984375,3.96282958984375,3.9630191326141357,3.957251787185669,3.961251735687256,nan,nan
90.54999999999995,9.254165649414062,3.984795331954956,3.989602565765381,3.989602565765381,3.9904098510742188,3.9866700172424316,3.9883570671081543,nan,nan
90.60000000000014,5.779286861419678,4.0029497146606445,4.008759021759033,4.0079498291015625,4.0081400871276855,4.006365776062012,4.007366180419922,nan,nan
90.65000000000009,3.9234445095062256,4.012449264526367,4.018449306488037,4.018255233764648,4.018255233764648,4.016159534454346,4.017159461975098,nan,nan
90.70000000000005,3.0503087043762207,4.018042087554932,4.024042129516602,4.023233413696289,4.024042129516602,4.022631645202637,4.022859573364258,nan,nan
90.75,2.576016664505005,4.020610332489014,4.026610374450684,4.026415824890137,4.026610374450684,4.025537967681885,4.025537967681885,nan,nan
90.79999999999995,2.3885915279388428,4.0218071937561035,4.027807235717773,4.027807235717773,4.027807235717773,4.027537822723389,4.027537822723389,nan,nan
90.85000000000014,2.2011377811431885,4.023608207702637,4.029608249664307,4.028804302215576,4.029608249664307,4.0287675857543945,4.0287675857543945,nan,nan
90.90000000000009,2.174999952316284,4.02400016784668,4.03000020980835,4.0289998054504395,4.03000020980835,4.0289998054504395,4.0289998054504395,nan,nan
90.95000000000005,2.22438383102417,4.02400016784668,4.03000020980835,4.0289998054504395,4.03000020980835,4.029767036437988,4.029767036437988,nan,nan
91.0,2.188229560852051,4.024805545806885,4.030805587768555,4.029805660247803,4.030805587768555,4.03000020980835,4.03000020980835,nan,nan
91.04999999999995,2.174999952316284,4.025798797607422,4.031798839569092,4.03000020980835,4.031000137329102,4.030766010284424,4.030766010284424,nan,nan
91.10000000000014,2.1384568214416504,4.025196552276611,4.0320000648498535,4.030803680419922,4.031803607940674,4.031000137329102,4.031000137329102,nan,nan
91.15000000000009,2.1500000953674316,4.025801181793213,4.032801151275635,4.031801223754883,4.0320000648498535,4.031000137329102,4.031000137329102,nan,nan
91.20000000000005,2.138768196105957,4.026000022888184,4.0329999923706055,4.0320000648498535,4.0320000648498535,4.031766891479492,4.031766891479492,nan,nan
91.25,2.125,4.026800155639648,4.0329999923706055,4.0320000648498535,4.0320000648498535,4.0320000648498535,4.0320000648498535,nan,nan
91.29999999999995,2.125,4.0269999504089355,4.0329999923706055,4.032802581787109,4.032802581787109,4.0320000648498535,4.0320000648498535,nan,nan
91.35000000000014,2.386145830154419,4.0269999504089355,4.0329999923706055,4.0329999923706055,4.0329999923706055,4.0320000648498535,4.0320000648498535,nan,nan
91.40000000000009,4.675605297088623,4.022993087768555,4.029794692993164,4.028993129730225,4.028993129730225,4.02818489074707,4.02818489074707,nan,nan
91.45000000000005,8.906318664550781,4.010024070739746,4.016225814819336,4.015225887298584,4.015225887298584,4.013293266296387,4.0148162841796875,nan,nan
91.5,12.106711387634277,3.995795488357544,4.00099515914917,4.000795364379883,4.000795364379883,3.9983086585998535,4.001072406768799,nan,nan
91.54999999999995,13.949631690979004,3.9866228103637695,3.9916226863861084,3.992419958114624,3.9916226863861084,3.988152265548706,3.991152286529541,nan,nan
91.60000000000014,14.833000183105469,3.981802463531494,3.986802577972412,3.986203670501709,3.9860031604766846,3.9829578399658203,3.9867184162139893,nan,nan
91.65000000000009,15.186505317687988,3.980203866958618,3.985203742980957,3.984999895095825,3.984203815460205,3.981240749359131,3.9844813346862793,nan,nan
91.70000000000005,15.274465560913086,3.979201555252075,3.983403205871582,3.983403205871582,3.983201503753662,3.9802379608154297,3.9832379817962646,nan,nan
91.75,13.710021018981934,3.9805908203125,3.984590768814087,3.984590768814087,3.9853861331939697,3.9830362796783447,3.9852771759033203,nan,nan
91.79999999999995,11.41911792755127,3.9881765842437744,3.9937713146209717,3.992974042892456,3.993973970413208,3.9900879859924316,3.9928488731384277,nan,nan
91.85000000000014,9.66244125366211,3.996356248855591,4.001561641693115,4.00135612487793,4.001561641693115,3.998065233230591,4.000307083129883,nan,nan
91.90000000000009,9.21607494354248,4.001186370849609,4.006186485290527,4.00538969039917,4.006186485290527,4.003800392150879,4.005040168762207,nan,nan
91.95000000000005,11.006966590881348,3.998032808303833,4.003826141357422,4.00282621383667,4.003032684326172,4.000456809997559,4.002971172332764,nan,nan
92.0,13.132906913757324,3.989839792251587,3.995044231414795,3.994839906692505,3.994839906692505,3.9921677112579346,3.99440860748291,nan,nan
92.04999999999995,14.230875968933105,3.983264207839966,3.9882640838623047,3.9882640838623047,3.9882640838623047,3.9847052097320557,3.987461566925049,nan,nan
92.10000000000014,14.623629570007324,3.981206178665161,3.986206293106079,3.986206293106079,3.986206293106079,3.9822418689727783,3.9860000610351562,nan,nan
92.15000000000009,15.044269561767578,3.980208396911621,3.985208511352539,3.985208511352539,3.985208511352539,3.9804892539978027,3.9844894409179688,nan,nan
92.20000000000005,15.362909317016602,3.977619171142578,3.982619285583496,3.983412742614746,3.983412742614746,3.9784858226776123,3.982485771179199,nan,nan
92.25,15.238972663879395,3.9769999980926514,3.98279070854187,3.9830000400543213,3.9830000400543213,3.9787542819976807,3.9820001125335693,nan,nan
92.29999999999995,16.48921775817871,3.9762074947357178,3.981414794921875,3.9806222915649414,3.981414794921875,3.977487802505493,3.980487823486328,nan,nan
92.35000000000014,18.869537353515625,3.968895196914673,3.9731059074401855,3.9728951454162598,3.973895311355591,3.9694674015045166,3.9732205867767334,nan,nan
92.40000000000009,20.485942840576172,3.9598758220672607,3.964667320251465,3.965459108352661,3.9648759365081787,3.9602041244506836,3.9642043113708496,nan,nan
92.45000000000005,20.962646484375,3.956422805786133,3.960634231567383,3.960845708847046,3.961422920227051,3.956495523452759,3.9604954719543457,nan,nan
92.5,20.849319458007812,3.9560000896453857,3.9600000381469727,3.961580991744995,3.962581157684326,3.9560000896453857,3.9600000381469727,nan,nan
92.54999999999995,21.24451446533203,3.9560000896453857,3.9600000381469727,3.95963716506958,3.9598493576049805,3.9544973373413086,3.9592487812042236,nan,nan
92.60000000000014,21.866060256958008,3.952841281890869,3.956841468811035,3.957420587539673,3.957420587539673,3.9517405033111572,3.956740379333496,nan,nan
92.65000000000009,21.516313552856445,3.9519999027252197,3.9560000896453857,3.9562132358551025,3.9562132358551025,3.950249671936035,3.9560000896453857,nan,nan
92.70000000000005,21.429561614990234,3.9535775184631348,3.9567887783050537,3.9567887783050537,3.9567887783050537,3.9515044689178467,3.956752300262451,nan,nan
92.75,21.70570945739746,3.9524288177490234,3.956214427947998,3.9570000171661377,3.9577856063842773,3.9512503147125244,3.955500841140747,nan,nan
92.79999999999995,21.837181091308594,3.9512124061584473,3.9544248580932617,3.954637289047241,3.9548497200012207,3.9494974613189697,3.9542486667633057,nan,nan
92.85000000000014,21.63510513305664,3.9509999752044678,3.954784870147705,3.9555695056915283,3.9563543796539307,3.9504971504211426,3.9554970264434814,nan,nan
92.90000000000009,21.318166732788086,3.9509999752044678,3.955786943435669,3.956786870956421,3.9562132358551025,3.9494993686676025,3.9544994831085205,nan,nan
92.95000000000005,19.754737854003906,3.9549195766448975,3.9591355323791504,3.9601356983184814,3.9599194526672363,3.954232692718506,3.959232807159424,nan,nan
93.0,16.784610748291016,3.963070869445801,3.9678564071655273,3.9688563346862793,3.969642162322998,3.9642412662506104,3.966993570327759,nan,nan
93.04999999999995,13.40369701385498,3.9759128093719482,3.980133295059204,3.980353832244873,3.980574369430542,3.9759583473205566,3.9794514179229736,nan,nan
93.10000000000014,9.690763473510742,3.9891886711120605,3.9931886196136475,3.9939725399017334,3.9947562217712402,3.9909725189208984,3.992727756500244,nan,nan
93.15000000000009,6.793783664703369,4.002161979675293,4.006943702697754,4.007162094116211,4.007380485534668,4.004692554473877,4.005692958831787,nan,nan
93.20000000000005,5.0427985191345215,4.010485649108887,4.016269683837891,4.015485763549805,4.015485763549805,4.013978481292725,4.014978408813477,nan,nan
93.25,2.6314234733581543,4.019806861877441,4.025806903839111,4.024806976318359,4.025587558746338,4.024190902709961,4.0244460105896,nan,nan
93.29999999999995,2.174999952316284,4.023565292358398,4.03034782409668,4.0293474197387695,4.029565334320068,4.029238224029541,4.029238224029541,nan,nan
93.35000000000014,2.1312193870544434,4.024779796600342,4.031000137329102,4.030779838562012,4.030779838562012,4.03074312210083,4.03000020980835,nan,nan
93.40000000000009,2.1061036586761475,4.025781631469727,4.0317816734313965,4.031000137329102,4.0317816734313965,4.031000137329102,4.030745029449463,nan,nan
93.45000000000005,2.0815234184265137,4.026000022888184,4.0320000648498535,4.031778812408447,4.0320000648498535,4.031000137329102,4.031000137329102,nan,nan
93.5,2.0927417278289795,4.026780605316162,4.032780647277832,4.0320000648498535,4.0320000648498535,4.031744003295898,4.031744003295898,nan,nan
93.54999999999995,2.2249999046325684,4.0262227058410645,4.032222747802734,4.0320000648498535,4.0320000648498535,4.031258583068848,4.031258583068848,nan,nan
93.60000000000014,2.163607120513916,4.026000022888184,4.032779216766357,4.0320000648498535,4.032779216766357,4.031743049621582,4.031743049621582,nan,nan
93.65000000000009,2.0888397693634033,4.0267767906188965,4.033776760101318,4.032776832580566,4.033776760101318,4.0320000648498535,4.0320000648498535,nan,nan
93.70000000000005,2.0445363521575928,4.027778625488281,4.033999919891357,4.0329999923706055,4.033221244812012,4.032742023468018,4.032742023468018,nan,nan
93.75,2.007154941558838,4.0279998779296875,4.034775733947754,4.033775806427002,4.033775806427002,4.0329999923706055,4.0329999923706055,nan,nan
93.79999999999995,2.0198261737823486,4.0279998779296875,4.03422212600708,4.033999919891357,4.034777641296387,4.033740997314453,4.033740997314453,nan,nan
93.85000000000014,2.0250000953674316,4.0279998779296875,4.0347747802734375,4.033999919891357,4.034999847412109,4.033999919891357,4.033999919891357,nan,nan
93.90000000000009,2.194506883621216,4.0287766456604,4.034999847412109,4.03477668762207,4.034999847412109,4.033999919891357,4.033999919891357,nan,nan
93.95000000000005,4.598658084869385,4.024356842041016,4.031130790710449,4.0303568840026855,4.0303568840026855,4.029574394226074,4.029574394226074,nan,nan
94.0,7.807283878326416,4.012914657592773,4.019138813018799,4.018138885498047,4.018138885498047,4.016911029815674,4.017650127410889,nan,nan
94.04999999999995,9.432890892028809,4.003841400146484,4.0090718269348145,4.008841514587402,4.008841514587402,4.007843017578125,4.009580135345459,nan,nan
94.10000000000014,10.274829864501953,3.999678373336792,4.0054521560668945,4.0054521560668945,4.004678249359131,4.00304651260376,4.004307746887207,nan,nan
94.15000000000009,10.683834075927734,3.9974560737609863,4.002684116363525,4.002684116363525,4.002456188201904,4.000528335571289,4.002264499664307,nan,nan
94.20000000000005,10.837884902954102,3.9962260723114014,4.00122594833374,4.00122594833374,4.001999855041504,3.999262571334839,4.001262664794922,nan,nan
94.25,11.141743659973145,3.996000051498413,4.000999927520752,4.0002288818359375,4.000457763671875,3.998265504837036,4.000265598297119,nan,nan
94.29999999999995,11.42027473449707,3.9944546222686768,3.9994544982910156,4.0,4.0,3.9972636699676514,3.9992637634277344,nan,nan
94.35000000000014,11.649312973022461,3.993230104446411,3.999000072479248,3.999230146408081,3.999230146408081,3.995532512664795,3.997532606124878,nan,nan
94.40000000000009,11.703821182250977,3.9922282695770264,3.9982283115386963,3.9982283115386963,3.9982283115386963,3.994999885559082,3.996999979019165,nan,nan
94.45000000000005,11.707411766052246,3.9927690029144287,3.997999906539917,3.997999906539917,3.997999906539917,3.994999885559082,3.997732639312744,nan,nan
94.5,11.75355339050293,3.993000030517578,3.997999906539917,3.9972293376922607,3.997999906539917,3.994999885559082,3.997265577316284,nan,nan
94.54999999999995,11.740829467773438,3.993000030517578,3.997999906539917,3.997767925262451,3.997999906539917,3.994999885559082,3.996999979019165,nan,nan
94.60000000000014,11.774999618530273,3.992230176925659,3.997999906539917,3.997999906539917,3.997999906539917,3.9942667484283447,3.996999979019165,nan,nan
94.65000000000009,11.806421279907227,3.992000102996826,3.9972329139709473,3.9972329139709473,3.9972329139709473,3.9947309494018555,3.996999979019165,nan,nan
94.70000000000005,11.824999809265137,3.9927690029144287,3.9977688789367676,3.9977688789367676,3.9977688789367676,3.994267702102661,3.996267557144165,nan,nan
94.75,11.79030990600586,3.992233991622925,3.997999906539917,3.9972338676452637,3.997999906539917,3.99399995803833,3.996729850769043,nan,nan
94.79999999999995,10.856263160705566,3.992000102996826,3.997999906539917,3.997767925262451,3.998767852783203,3.9947314262390137,3.996999979019165,nan,nan
94.85000000000014,7.6329827308654785,4.002711772918701,4.008711814880371,4.007946491241455,4.008181571960449,4.004475116729736,4.006475448608398,nan,nan
94.90000000000009,5.463643550872803,4.012903690338135,4.018903732299805,4.017903804779053,4.018670558929443,4.016036510467529,4.017305850982666,nan,nan
94.95000000000005,4.249245643615723,4.018056869506836,4.0248212814331055,4.0238213539123535,4.0248212814331055,4.022639751434326,4.02291202545166,nan,nan
95.0,3.4506492614746094,4.022064685821533,4.028298377990723,4.028064727783203,4.028298377990723,4.026918411254883,4.027647972106934,nan,nan
95.04999999999995,2.965724229812622,4.024519920349121,4.031279563903809,4.030519962310791,4.031279563903809,4.030180931091309,4.029726982116699,nan,nan
95.10000000000014,2.718390464782715,4.025763988494873,4.032763957977295,4.031764030456543,4.0320000648498535,4.031000137329102,4.03145694732666,nan,nan
95.15000000000009,2.5208370685577393,4.026762008666992,4.033762454986572,4.032762050628662,4.033524513244629,4.032451629638672,4.032725811004639,nan,nan
95.20000000000005,2.375,4.027763843536377,4.034763813018799,4.033763885498047,4.033999919891357,4.033727645874023,4.033727645874023,nan,nan
