[0.359s] DEBUG:colcon:Command line arguments: ['/usr/bin/colcon', 'build']
[0.360s] DEBUG:colcon:Parsed command line arguments: Namespace(log_base=None, log_level=None, verb_name='build', build_base='build', install_base='install', merge_install=False, symlink_install=False, test_result_base=None, continue_on_error=False, executor='parallel', parallel_workers=4, event_handlers=None, ignore_user_meta=False, metas=['./colcon.meta'], base_paths=['.'], packages_ignore=None, packages_ignore_regex=None, paths=None, packages_up_to=None, packages_up_to_regex=None, packages_above=None, packages_above_and_dependencies=None, packages_above_depth=None, packages_select_by_dep=None, packages_skip_by_dep=None, packages_skip_up_to=None, packages_select_build_failed=False, packages_skip_build_finished=False, packages_select_test_failures=False, packages_skip_test_passed=False, packages_select=None, packages_skip=None, packages_select_regex=None, packages_skip_regex=None, packages_start=None, packages_end=None, allow_overriding=[], cmake_args=None, cmake_target=None, cmake_target_skip_unavailable=False, cmake_clean_cache=False, cmake_clean_first=False, cmake_force_configure=False, ament_cmake_args=None, catkin_cmake_args=None, catkin_skip_building_tests=False, mixin_files=None, mixin=None, verb_parser=<colcon_mixin.mixin.mixin_argument.MixinArgumentDecorator object at 0x7f8a889d8e50>, verb_extension=<colcon_core.verb.build.BuildVerb object at 0x7f8a889d8880>, main=<bound method BuildVerb.main of <colcon_core.verb.build.BuildVerb object at 0x7f8a889d8880>>, mixin_verb=('build',))
[0.692s] Level 1:colcon.colcon_core.package_discovery:discover_packages(colcon_meta) check parameters
[0.699s] Level 1:colcon.colcon_core.package_discovery:discover_packages(recursive) check parameters
[0.700s] Level 1:colcon.colcon_core.package_discovery:discover_packages(ignore) check parameters
[0.703s] Level 1:colcon.colcon_core.package_discovery:discover_packages(path) check parameters
[0.704s] Level 1:colcon.colcon_core.package_discovery:discover_packages(colcon_meta) discover
[0.705s] Level 1:colcon.colcon_core.package_discovery:discover_packages(recursive) discover
[0.705s] INFO:colcon.colcon_core.package_discovery:Crawling recursively for packages in '/home/vboxuser/ros2_ws'
[0.706s] Level 1:colcon.colcon_core.package_identification:_identify(.) by extensions ['ignore', 'ignore_ament_install']
[0.706s] Level 1:colcon.colcon_core.package_identification:_identify(.) by extension 'ignore'
[0.706s] Level 1:colcon.colcon_core.package_identification:_identify(.) by extension 'ignore_ament_install'
[0.706s] Level 1:colcon.colcon_core.package_identification:_identify(.) by extensions ['colcon_pkg']
[0.706s] Level 1:colcon.colcon_core.package_identification:_identify(.) by extension 'colcon_pkg'
[0.706s] Level 1:colcon.colcon_core.package_identification:_identify(.) by extensions ['colcon_meta']
[0.706s] Level 1:colcon.colcon_core.package_identification:_identify(.) by extension 'colcon_meta'
[0.706s] Level 1:colcon.colcon_core.package_identification:_identify(.) by extensions ['ros']
[0.706s] Level 1:colcon.colcon_core.package_identification:_identify(.) by extension 'ros'
[0.723s] Level 1:colcon.colcon_core.package_identification:_identify(.) by extensions ['cmake', 'python']
[0.723s] Level 1:colcon.colcon_core.package_identification:_identify(.) by extension 'cmake'
[0.723s] Level 1:colcon.colcon_core.package_identification:_identify(.) by extension 'python'
[0.723s] Level 1:colcon.colcon_core.package_identification:_identify(.) by extensions ['python_setup_py']
[0.723s] Level 1:colcon.colcon_core.package_identification:_identify(.) by extension 'python_setup_py'
[0.724s] Level 1:colcon.colcon_core.package_identification:_identify(build) by extensions ['ignore', 'ignore_ament_install']
[0.725s] Level 1:colcon.colcon_core.package_identification:_identify(build) by extension 'ignore'
[0.725s] Level 1:colcon.colcon_core.package_identification:_identify(build) ignored
[0.725s] Level 1:colcon.colcon_core.package_identification:_identify(install) by extensions ['ignore', 'ignore_ament_install']
[0.726s] Level 1:colcon.colcon_core.package_identification:_identify(install) by extension 'ignore'
[0.726s] Level 1:colcon.colcon_core.package_identification:_identify(install) ignored
[0.726s] Level 1:colcon.colcon_core.package_identification:_identify(log) by extensions ['ignore', 'ignore_ament_install']
[0.726s] Level 1:colcon.colcon_core.package_identification:_identify(log) by extension 'ignore'
[0.726s] Level 1:colcon.colcon_core.package_identification:_identify(log) ignored
[0.727s] Level 1:colcon.colcon_core.package_identification:_identify(src) by extensions ['ignore', 'ignore_ament_install']
[0.727s] Level 1:colcon.colcon_core.package_identification:_identify(src) by extension 'ignore'
[0.727s] Level 1:colcon.colcon_core.package_identification:_identify(src) by extension 'ignore_ament_install'
[0.727s] Level 1:colcon.colcon_core.package_identification:_identify(src) by extensions ['colcon_pkg']
[0.727s] Level 1:colcon.colcon_core.package_identification:_identify(src) by extension 'colcon_pkg'
[0.727s] Level 1:colcon.colcon_core.package_identification:_identify(src) by extensions ['colcon_meta']
[0.727s] Level 1:colcon.colcon_core.package_identification:_identify(src) by extension 'colcon_meta'
[0.727s] Level 1:colcon.colcon_core.package_identification:_identify(src) by extensions ['ros']
[0.727s] Level 1:colcon.colcon_core.package_identification:_identify(src) by extension 'ros'
[0.727s] Level 1:colcon.colcon_core.package_identification:_identify(src) by extensions ['cmake', 'python']
[0.727s] Level 1:colcon.colcon_core.package_identification:_identify(src) by extension 'cmake'
[0.727s] Level 1:colcon.colcon_core.package_identification:_identify(src) by extension 'python'
[0.727s] Level 1:colcon.colcon_core.package_identification:_identify(src) by extensions ['python_setup_py']
[0.727s] Level 1:colcon.colcon_core.package_identification:_identify(src) by extension 'python_setup_py'
[0.727s] Level 1:colcon.colcon_core.package_identification:_identify(src/BMS_BQ769X2) by extensions ['ignore', 'ignore_ament_install']
[0.728s] Level 1:colcon.colcon_core.package_identification:_identify(src/BMS_BQ769X2) by extension 'ignore'
[0.728s] Level 1:colcon.colcon_core.package_identification:_identify(src/BMS_BQ769X2) by extension 'ignore_ament_install'
[0.728s] Level 1:colcon.colcon_core.package_identification:_identify(src/BMS_BQ769X2) by extensions ['colcon_pkg']
[0.728s] Level 1:colcon.colcon_core.package_identification:_identify(src/BMS_BQ769X2) by extension 'colcon_pkg'
[0.728s] Level 1:colcon.colcon_core.package_identification:_identify(src/BMS_BQ769X2) by extensions ['colcon_meta']
[0.728s] Level 1:colcon.colcon_core.package_identification:_identify(src/BMS_BQ769X2) by extension 'colcon_meta'
[0.728s] Level 1:colcon.colcon_core.package_identification:_identify(src/BMS_BQ769X2) by extensions ['ros']
[0.728s] Level 1:colcon.colcon_core.package_identification:_identify(src/BMS_BQ769X2) by extension 'ros'
[0.728s] Level 1:colcon.colcon_core.package_identification:_identify(src/BMS_BQ769X2) by extensions ['cmake', 'python']
[0.728s] Level 1:colcon.colcon_core.package_identification:_identify(src/BMS_BQ769X2) by extension 'cmake'
[0.728s] Level 1:colcon.colcon_core.package_identification:_identify(src/BMS_BQ769X2) by extension 'python'
[0.729s] Level 1:colcon.colcon_core.package_identification:_identify(src/BMS_BQ769X2) by extensions ['python_setup_py']
[0.729s] Level 1:colcon.colcon_core.package_identification:_identify(src/BMS_BQ769X2) by extension 'python_setup_py'
[0.729s] Level 1:colcon.colcon_core.package_identification:_identify(src/BMS_BQ769X2/src) by extensions ['ignore', 'ignore_ament_install']
[0.729s] Level 1:colcon.colcon_core.package_identification:_identify(src/BMS_BQ769X2/src) by extension 'ignore'
[0.729s] Level 1:colcon.colcon_core.package_identification:_identify(src/BMS_BQ769X2/src) by extension 'ignore_ament_install'
[0.729s] Level 1:colcon.colcon_core.package_identification:_identify(src/BMS_BQ769X2/src) by extensions ['colcon_pkg']
[0.729s] Level 1:colcon.colcon_core.package_identification:_identify(src/BMS_BQ769X2/src) by extension 'colcon_pkg'
[0.729s] Level 1:colcon.colcon_core.package_identification:_identify(src/BMS_BQ769X2/src) by extensions ['colcon_meta']
[0.729s] Level 1:colcon.colcon_core.package_identification:_identify(src/BMS_BQ769X2/src) by extension 'colcon_meta'
[0.729s] Level 1:colcon.colcon_core.package_identification:_identify(src/BMS_BQ769X2/src) by extensions ['ros']
[0.729s] Level 1:colcon.colcon_core.package_identification:_identify(src/BMS_BQ769X2/src) by extension 'ros'
[0.729s] Level 1:colcon.colcon_core.package_identification:_identify(src/BMS_BQ769X2/src) by extensions ['cmake', 'python']
[0.729s] Level 1:colcon.colcon_core.package_identification:_identify(src/BMS_BQ769X2/src) by extension 'cmake'
[0.729s] Level 1:colcon.colcon_core.package_identification:_identify(src/BMS_BQ769X2/src) by extension 'python'
[0.729s] Level 1:colcon.colcon_core.package_identification:_identify(src/BMS_BQ769X2/src) by extensions ['python_setup_py']
[0.729s] Level 1:colcon.colcon_core.package_identification:_identify(src/BMS_BQ769X2/src) by extension 'python_setup_py'
[0.729s] Level 1:colcon.colcon_core.package_identification:_identify(src/BMS_BQ769X2/src/bms_visualizer) by extensions ['ignore', 'ignore_ament_install']
[0.729s] Level 1:colcon.colcon_core.package_identification:_identify(src/BMS_BQ769X2/src/bms_visualizer) by extension 'ignore'
[0.729s] Level 1:colcon.colcon_core.package_identification:_identify(src/BMS_BQ769X2/src/bms_visualizer) by extension 'ignore_ament_install'
[0.730s] Level 1:colcon.colcon_core.package_identification:_identify(src/BMS_BQ769X2/src/bms_visualizer) by extensions ['colcon_pkg']
[0.730s] Level 1:colcon.colcon_core.package_identification:_identify(src/BMS_BQ769X2/src/bms_visualizer) by extension 'colcon_pkg'
[0.730s] Level 1:colcon.colcon_core.package_identification:_identify(src/BMS_BQ769X2/src/bms_visualizer) by extensions ['colcon_meta']
[0.730s] Level 1:colcon.colcon_core.package_identification:_identify(src/BMS_BQ769X2/src/bms_visualizer) by extension 'colcon_meta'
[0.730s] Level 1:colcon.colcon_core.package_identification:_identify(src/BMS_BQ769X2/src/bms_visualizer) by extensions ['ros']
[0.730s] Level 1:colcon.colcon_core.package_identification:_identify(src/BMS_BQ769X2/src/bms_visualizer) by extension 'ros'
[0.734s] DEBUG:colcon.colcon_core.package_identification:Package 'src/BMS_BQ769X2/src/bms_visualizer' with type 'ros.ament_python' and name 'bms_visualizer'
[0.735s] Level 1:colcon.colcon_core.package_identification:_identify(src/BMS_BQ769X2/src/bq769x2_i2c_ros) by extensions ['ignore', 'ignore_ament_install']
[0.735s] Level 1:colcon.colcon_core.package_identification:_identify(src/BMS_BQ769X2/src/bq769x2_i2c_ros) by extension 'ignore'
[0.735s] Level 1:colcon.colcon_core.package_identification:_identify(src/BMS_BQ769X2/src/bq769x2_i2c_ros) by extension 'ignore_ament_install'
[0.735s] Level 1:colcon.colcon_core.package_identification:_identify(src/BMS_BQ769X2/src/bq769x2_i2c_ros) by extensions ['colcon_pkg']
[0.735s] Level 1:colcon.colcon_core.package_identification:_identify(src/BMS_BQ769X2/src/bq769x2_i2c_ros) by extension 'colcon_pkg'
[0.735s] Level 1:colcon.colcon_core.package_identification:_identify(src/BMS_BQ769X2/src/bq769x2_i2c_ros) by extensions ['colcon_meta']
[0.735s] Level 1:colcon.colcon_core.package_identification:_identify(src/BMS_BQ769X2/src/bq769x2_i2c_ros) by extension 'colcon_meta'
[0.735s] Level 1:colcon.colcon_core.package_identification:_identify(src/BMS_BQ769X2/src/bq769x2_i2c_ros) by extensions ['ros']
[0.735s] Level 1:colcon.colcon_core.package_identification:_identify(src/BMS_BQ769X2/src/bq769x2_i2c_ros) by extension 'ros'
[0.736s] DEBUG:colcon.colcon_core.package_identification:Package 'src/BMS_BQ769X2/src/bq769x2_i2c_ros' with type 'ros.ament_cmake' and name 'bq769x2_i2c_ros'
[0.737s] Level 1:colcon.colcon_core.package_identification:_identify(src/Results) by extensions ['ignore', 'ignore_ament_install']
[0.738s] Level 1:colcon.colcon_core.package_identification:_identify(src/Results) by extension 'ignore'
[0.738s] Level 1:colcon.colcon_core.package_identification:_identify(src/Results) by extension 'ignore_ament_install'
[0.738s] Level 1:colcon.colcon_core.package_identification:_identify(src/Results) by extensions ['colcon_pkg']
[0.738s] Level 1:colcon.colcon_core.package_identification:_identify(src/Results) by extension 'colcon_pkg'
[0.738s] Level 1:colcon.colcon_core.package_identification:_identify(src/Results) by extensions ['colcon_meta']
[0.738s] Level 1:colcon.colcon_core.package_identification:_identify(src/Results) by extension 'colcon_meta'
[0.738s] Level 1:colcon.colcon_core.package_identification:_identify(src/Results) by extensions ['ros']
[0.738s] Level 1:colcon.colcon_core.package_identification:_identify(src/Results) by extension 'ros'
[0.738s] Level 1:colcon.colcon_core.package_identification:_identify(src/Results) by extensions ['cmake', 'python']
[0.738s] Level 1:colcon.colcon_core.package_identification:_identify(src/Results) by extension 'cmake'
[0.739s] Level 1:colcon.colcon_core.package_identification:_identify(src/Results) by extension 'python'
[0.739s] Level 1:colcon.colcon_core.package_identification:_identify(src/Results) by extensions ['python_setup_py']
[0.739s] Level 1:colcon.colcon_core.package_identification:_identify(src/Results) by extension 'python_setup_py'
[0.739s] Level 1:colcon.colcon_core.package_identification:_identify(src/Results_from_28_07_28) by extensions ['ignore', 'ignore_ament_install']
[0.739s] Level 1:colcon.colcon_core.package_identification:_identify(src/Results_from_28_07_28) by extension 'ignore'
[0.739s] Level 1:colcon.colcon_core.package_identification:_identify(src/Results_from_28_07_28) by extension 'ignore_ament_install'
[0.739s] Level 1:colcon.colcon_core.package_identification:_identify(src/Results_from_28_07_28) by extensions ['colcon_pkg']
[0.739s] Level 1:colcon.colcon_core.package_identification:_identify(src/Results_from_28_07_28) by extension 'colcon_pkg'
[0.739s] Level 1:colcon.colcon_core.package_identification:_identify(src/Results_from_28_07_28) by extensions ['colcon_meta']
[0.739s] Level 1:colcon.colcon_core.package_identification:_identify(src/Results_from_28_07_28) by extension 'colcon_meta'
[0.739s] Level 1:colcon.colcon_core.package_identification:_identify(src/Results_from_28_07_28) by extensions ['ros']
[0.739s] Level 1:colcon.colcon_core.package_identification:_identify(src/Results_from_28_07_28) by extension 'ros'
[0.739s] Level 1:colcon.colcon_core.package_identification:_identify(src/Results_from_28_07_28) by extensions ['cmake', 'python']
[0.739s] Level 1:colcon.colcon_core.package_identification:_identify(src/Results_from_28_07_28) by extension 'cmake'
[0.739s] Level 1:colcon.colcon_core.package_identification:_identify(src/Results_from_28_07_28) by extension 'python'
[0.739s] Level 1:colcon.colcon_core.package_identification:_identify(src/Results_from_28_07_28) by extensions ['python_setup_py']
[0.739s] Level 1:colcon.colcon_core.package_identification:_identify(src/Results_from_28_07_28) by extension 'python_setup_py'
[0.739s] Level 1:colcon.colcon_core.package_identification:_identify(src/build) by extensions ['ignore', 'ignore_ament_install']
[0.740s] Level 1:colcon.colcon_core.package_identification:_identify(src/build) by extension 'ignore'
[0.740s] Level 1:colcon.colcon_core.package_identification:_identify(src/build) ignored
[0.740s] Level 1:colcon.colcon_core.package_identification:_identify(src/examples) by extensions ['ignore', 'ignore_ament_install']
[0.740s] Level 1:colcon.colcon_core.package_identification:_identify(src/examples) by extension 'ignore'
[0.740s] Level 1:colcon.colcon_core.package_identification:_identify(src/examples) by extension 'ignore_ament_install'
[0.740s] Level 1:colcon.colcon_core.package_identification:_identify(src/examples) by extensions ['colcon_pkg']
[0.740s] Level 1:colcon.colcon_core.package_identification:_identify(src/examples) by extension 'colcon_pkg'
[0.740s] Level 1:colcon.colcon_core.package_identification:_identify(src/examples) by extensions ['colcon_meta']
[0.740s] Level 1:colcon.colcon_core.package_identification:_identify(src/examples) by extension 'colcon_meta'
[0.740s] Level 1:colcon.colcon_core.package_identification:_identify(src/examples) by extensions ['ros']
[0.740s] Level 1:colcon.colcon_core.package_identification:_identify(src/examples) by extension 'ros'
[0.740s] Level 1:colcon.colcon_core.package_identification:_identify(src/examples) by extensions ['cmake', 'python']
[0.740s] Level 1:colcon.colcon_core.package_identification:_identify(src/examples) by extension 'cmake'
[0.740s] Level 1:colcon.colcon_core.package_identification:_identify(src/examples) by extension 'python'
[0.740s] Level 1:colcon.colcon_core.package_identification:_identify(src/examples) by extensions ['python_setup_py']
[0.740s] Level 1:colcon.colcon_core.package_identification:_identify(src/examples) by extension 'python_setup_py'
[0.740s] Level 1:colcon.colcon_core.package_identification:_identify(src/examples/launch_testing) by extensions ['ignore', 'ignore_ament_install']
[0.740s] Level 1:colcon.colcon_core.package_identification:_identify(src/examples/launch_testing) by extension 'ignore'
[0.741s] Level 1:colcon.colcon_core.package_identification:_identify(src/examples/launch_testing) by extension 'ignore_ament_install'
[0.741s] Level 1:colcon.colcon_core.package_identification:_identify(src/examples/launch_testing) by extensions ['colcon_pkg']
[0.741s] Level 1:colcon.colcon_core.package_identification:_identify(src/examples/launch_testing) by extension 'colcon_pkg'
[0.741s] Level 1:colcon.colcon_core.package_identification:_identify(src/examples/launch_testing) by extensions ['colcon_meta']
[0.741s] Level 1:colcon.colcon_core.package_identification:_identify(src/examples/launch_testing) by extension 'colcon_meta'
[0.741s] Level 1:colcon.colcon_core.package_identification:_identify(src/examples/launch_testing) by extensions ['ros']
[0.741s] Level 1:colcon.colcon_core.package_identification:_identify(src/examples/launch_testing) by extension 'ros'
[0.741s] Level 1:colcon.colcon_core.package_identification:_identify(src/examples/launch_testing) by extensions ['cmake', 'python']
[0.741s] Level 1:colcon.colcon_core.package_identification:_identify(src/examples/launch_testing) by extension 'cmake'
[0.741s] Level 1:colcon.colcon_core.package_identification:_identify(src/examples/launch_testing) by extension 'python'
[0.741s] Level 1:colcon.colcon_core.package_identification:_identify(src/examples/launch_testing) by extensions ['python_setup_py']
[0.741s] Level 1:colcon.colcon_core.package_identification:_identify(src/examples/launch_testing) by extension 'python_setup_py'
[0.741s] Level 1:colcon.colcon_core.package_identification:_identify(src/examples/launch_testing/launch_testing_examples) by extensions ['ignore', 'ignore_ament_install']
[0.742s] Level 1:colcon.colcon_core.package_identification:_identify(src/examples/launch_testing/launch_testing_examples) by extension 'ignore'
[0.742s] Level 1:colcon.colcon_core.package_identification:_identify(src/examples/launch_testing/launch_testing_examples) by extension 'ignore_ament_install'
[0.742s] Level 1:colcon.colcon_core.package_identification:_identify(src/examples/launch_testing/launch_testing_examples) by extensions ['colcon_pkg']
[0.742s] Level 1:colcon.colcon_core.package_identification:_identify(src/examples/launch_testing/launch_testing_examples) by extension 'colcon_pkg'
[0.742s] Level 1:colcon.colcon_core.package_identification:_identify(src/examples/launch_testing/launch_testing_examples) by extensions ['colcon_meta']
[0.742s] Level 1:colcon.colcon_core.package_identification:_identify(src/examples/launch_testing/launch_testing_examples) by extension 'colcon_meta'
[0.742s] Level 1:colcon.colcon_core.package_identification:_identify(src/examples/launch_testing/launch_testing_examples) by extensions ['ros']
[0.742s] Level 1:colcon.colcon_core.package_identification:_identify(src/examples/launch_testing/launch_testing_examples) by extension 'ros'
[0.743s] DEBUG:colcon.colcon_core.package_identification:Package 'src/examples/launch_testing/launch_testing_examples' with type 'ros.ament_python' and name 'launch_testing_examples'
[0.743s] Level 1:colcon.colcon_core.package_identification:_identify(src/examples/rclcpp) by extensions ['ignore', 'ignore_ament_install']
[0.743s] Level 1:colcon.colcon_core.package_identification:_identify(src/examples/rclcpp) by extension 'ignore'
[0.743s] Level 1:colcon.colcon_core.package_identification:_identify(src/examples/rclcpp) by extension 'ignore_ament_install'
[0.744s] Level 1:colcon.colcon_core.package_identification:_identify(src/examples/rclcpp) by extensions ['colcon_pkg']
[0.744s] Level 1:colcon.colcon_core.package_identification:_identify(src/examples/rclcpp) by extension 'colcon_pkg'
[0.744s] Level 1:colcon.colcon_core.package_identification:_identify(src/examples/rclcpp) by extensions ['colcon_meta']
[0.744s] Level 1:colcon.colcon_core.package_identification:_identify(src/examples/rclcpp) by extension 'colcon_meta'
[0.744s] Level 1:colcon.colcon_core.package_identification:_identify(src/examples/rclcpp) by extensions ['ros']
[0.744s] Level 1:colcon.colcon_core.package_identification:_identify(src/examples/rclcpp) by extension 'ros'
[0.744s] Level 1:colcon.colcon_core.package_identification:_identify(src/examples/rclcpp) by extensions ['cmake', 'python']
[0.744s] Level 1:colcon.colcon_core.package_identification:_identify(src/examples/rclcpp) by extension 'cmake'
[0.744s] Level 1:colcon.colcon_core.package_identification:_identify(src/examples/rclcpp) by extension 'python'
[0.744s] Level 1:colcon.colcon_core.package_identification:_identify(src/examples/rclcpp) by extensions ['python_setup_py']
[0.744s] Level 1:colcon.colcon_core.package_identification:_identify(src/examples/rclcpp) by extension 'python_setup_py'
[0.744s] Level 1:colcon.colcon_core.package_identification:_identify(src/examples/rclcpp/actions) by extensions ['ignore', 'ignore_ament_install']
[0.744s] Level 1:colcon.colcon_core.package_identification:_identify(src/examples/rclcpp/actions) by extension 'ignore'
[0.744s] Level 1:colcon.colcon_core.package_identification:_identify(src/examples/rclcpp/actions) by extension 'ignore_ament_install'
[0.744s] Level 1:colcon.colcon_core.package_identification:_identify(src/examples/rclcpp/actions) by extensions ['colcon_pkg']
[0.744s] Level 1:colcon.colcon_core.package_identification:_identify(src/examples/rclcpp/actions) by extension 'colcon_pkg'
[0.744s] Level 1:colcon.colcon_core.package_identification:_identify(src/examples/rclcpp/actions) by extensions ['colcon_meta']
[0.744s] Level 1:colcon.colcon_core.package_identification:_identify(src/examples/rclcpp/actions) by extension 'colcon_meta'
[0.745s] Level 1:colcon.colcon_core.package_identification:_identify(src/examples/rclcpp/actions) by extensions ['ros']
[0.745s] Level 1:colcon.colcon_core.package_identification:_identify(src/examples/rclcpp/actions) by extension 'ros'
[0.745s] Level 1:colcon.colcon_core.package_identification:_identify(src/examples/rclcpp/actions) by extensions ['cmake', 'python']
[0.745s] Level 1:colcon.colcon_core.package_identification:_identify(src/examples/rclcpp/actions) by extension 'cmake'
[0.745s] Level 1:colcon.colcon_core.package_identification:_identify(src/examples/rclcpp/actions) by extension 'python'
[0.745s] Level 1:colcon.colcon_core.package_identification:_identify(src/examples/rclcpp/actions) by extensions ['python_setup_py']
[0.745s] Level 1:colcon.colcon_core.package_identification:_identify(src/examples/rclcpp/actions) by extension 'python_setup_py'
[0.746s] Level 1:colcon.colcon_core.package_identification:_identify(src/examples/rclcpp/actions/minimal_action_client) by extensions ['ignore', 'ignore_ament_install']
[0.746s] Level 1:colcon.colcon_core.package_identification:_identify(src/examples/rclcpp/actions/minimal_action_client) by extension 'ignore'
[0.746s] Level 1:colcon.colcon_core.package_identification:_identify(src/examples/rclcpp/actions/minimal_action_client) by extension 'ignore_ament_install'
[0.746s] Level 1:colcon.colcon_core.package_identification:_identify(src/examples/rclcpp/actions/minimal_action_client) by extensions ['colcon_pkg']
[0.746s] Level 1:colcon.colcon_core.package_identification:_identify(src/examples/rclcpp/actions/minimal_action_client) by extension 'colcon_pkg'
[0.746s] Level 1:colcon.colcon_core.package_identification:_identify(src/examples/rclcpp/actions/minimal_action_client) by extensions ['colcon_meta']
[0.746s] Level 1:colcon.colcon_core.package_identification:_identify(src/examples/rclcpp/actions/minimal_action_client) by extension 'colcon_meta'
[0.746s] Level 1:colcon.colcon_core.package_identification:_identify(src/examples/rclcpp/actions/minimal_action_client) by extensions ['ros']
[0.747s] Level 1:colcon.colcon_core.package_identification:_identify(src/examples/rclcpp/actions/minimal_action_client) by extension 'ros'
[0.747s] DEBUG:colcon.colcon_core.package_identification:Package 'src/examples/rclcpp/actions/minimal_action_client' with type 'ros.ament_cmake' and name 'examples_rclcpp_minimal_action_client'
[0.748s] Level 1:colcon.colcon_core.package_identification:_identify(src/examples/rclcpp/actions/minimal_action_server) by extensions ['ignore', 'ignore_ament_install']
[0.748s] Level 1:colcon.colcon_core.package_identification:_identify(src/examples/rclcpp/actions/minimal_action_server) by extension 'ignore'
[0.749s] Level 1:colcon.colcon_core.package_identification:_identify(src/examples/rclcpp/actions/minimal_action_server) by extension 'ignore_ament_install'
[0.749s] Level 1:colcon.colcon_core.package_identification:_identify(src/examples/rclcpp/actions/minimal_action_server) by extensions ['colcon_pkg']
[0.749s] Level 1:colcon.colcon_core.package_identification:_identify(src/examples/rclcpp/actions/minimal_action_server) by extension 'colcon_pkg'
[0.749s] Level 1:colcon.colcon_core.package_identification:_identify(src/examples/rclcpp/actions/minimal_action_server) by extensions ['colcon_meta']
[0.749s] Level 1:colcon.colcon_core.package_identification:_identify(src/examples/rclcpp/actions/minimal_action_server) by extension 'colcon_meta'
[0.749s] Level 1:colcon.colcon_core.package_identification:_identify(src/examples/rclcpp/actions/minimal_action_server) by extensions ['ros']
[0.749s] Level 1:colcon.colcon_core.package_identification:_identify(src/examples/rclcpp/actions/minimal_action_server) by extension 'ros'
[0.751s] DEBUG:colcon.colcon_core.package_identification:Package 'src/examples/rclcpp/actions/minimal_action_server' with type 'ros.ament_cmake' and name 'examples_rclcpp_minimal_action_server'
[0.751s] Level 1:colcon.colcon_core.package_identification:_identify(src/examples/rclcpp/composition) by extensions ['ignore', 'ignore_ament_install']
[0.751s] Level 1:colcon.colcon_core.package_identification:_identify(src/examples/rclcpp/composition) by extension 'ignore'
[0.751s] Level 1:colcon.colcon_core.package_identification:_identify(src/examples/rclcpp/composition) by extension 'ignore_ament_install'
[0.751s] Level 1:colcon.colcon_core.package_identification:_identify(src/examples/rclcpp/composition) by extensions ['colcon_pkg']
[0.751s] Level 1:colcon.colcon_core.package_identification:_identify(src/examples/rclcpp/composition) by extension 'colcon_pkg'
[0.751s] Level 1:colcon.colcon_core.package_identification:_identify(src/examples/rclcpp/composition) by extensions ['colcon_meta']
[0.751s] Level 1:colcon.colcon_core.package_identification:_identify(src/examples/rclcpp/composition) by extension 'colcon_meta'
[0.751s] Level 1:colcon.colcon_core.package_identification:_identify(src/examples/rclcpp/composition) by extensions ['ros']
[0.751s] Level 1:colcon.colcon_core.package_identification:_identify(src/examples/rclcpp/composition) by extension 'ros'
[0.751s] Level 1:colcon.colcon_core.package_identification:_identify(src/examples/rclcpp/composition) by extensions ['cmake', 'python']
[0.751s] Level 1:colcon.colcon_core.package_identification:_identify(src/examples/rclcpp/composition) by extension 'cmake'
[0.751s] Level 1:colcon.colcon_core.package_identification:_identify(src/examples/rclcpp/composition) by extension 'python'
[0.751s] Level 1:colcon.colcon_core.package_identification:_identify(src/examples/rclcpp/composition) by extensions ['python_setup_py']
[0.751s] Level 1:colcon.colcon_core.package_identification:_identify(src/examples/rclcpp/composition) by extension 'python_setup_py'
[0.752s] Level 1:colcon.colcon_core.package_identification:_identify(src/examples/rclcpp/composition/minimal_composition) by extensions ['ignore', 'ignore_ament_install']
[0.752s] Level 1:colcon.colcon_core.package_identification:_identify(src/examples/rclcpp/composition/minimal_composition) by extension 'ignore'
[0.752s] Level 1:colcon.colcon_core.package_identification:_identify(src/examples/rclcpp/composition/minimal_composition) by extension 'ignore_ament_install'
[0.752s] Level 1:colcon.colcon_core.package_identification:_identify(src/examples/rclcpp/composition/minimal_composition) by extensions ['colcon_pkg']
[0.752s] Level 1:colcon.colcon_core.package_identification:_identify(src/examples/rclcpp/composition/minimal_composition) by extension 'colcon_pkg'
[0.752s] Level 1:colcon.colcon_core.package_identification:_identify(src/examples/rclcpp/composition/minimal_composition) by extensions ['colcon_meta']
[0.752s] Level 1:colcon.colcon_core.package_identification:_identify(src/examples/rclcpp/composition/minimal_composition) by extension 'colcon_meta'
[0.752s] Level 1:colcon.colcon_core.package_identification:_identify(src/examples/rclcpp/composition/minimal_composition) by extensions ['ros']
[0.752s] Level 1:colcon.colcon_core.package_identification:_identify(src/examples/rclcpp/composition/minimal_composition) by extension 'ros'
[0.753s] DEBUG:colcon.colcon_core.package_identification:Package 'src/examples/rclcpp/composition/minimal_composition' with type 'ros.ament_cmake' and name 'examples_rclcpp_minimal_composition'
[0.753s] Level 1:colcon.colcon_core.package_identification:_identify(src/examples/rclcpp/executors) by extensions ['ignore', 'ignore_ament_install']
[0.753s] Level 1:colcon.colcon_core.package_identification:_identify(src/examples/rclcpp/executors) by extension 'ignore'
[0.753s] Level 1:colcon.colcon_core.package_identification:_identify(src/examples/rclcpp/executors) by extension 'ignore_ament_install'
[0.753s] Level 1:colcon.colcon_core.package_identification:_identify(src/examples/rclcpp/executors) by extensions ['colcon_pkg']
[0.754s] Level 1:colcon.colcon_core.package_identification:_identify(src/examples/rclcpp/executors) by extension 'colcon_pkg'
[0.754s] Level 1:colcon.colcon_core.package_identification:_identify(src/examples/rclcpp/executors) by extensions ['colcon_meta']
[0.754s] Level 1:colcon.colcon_core.package_identification:_identify(src/examples/rclcpp/executors) by extension 'colcon_meta'
[0.754s] Level 1:colcon.colcon_core.package_identification:_identify(src/examples/rclcpp/executors) by extensions ['ros']
[0.754s] Level 1:colcon.colcon_core.package_identification:_identify(src/examples/rclcpp/executors) by extension 'ros'
[0.754s] Level 1:colcon.colcon_core.package_identification:_identify(src/examples/rclcpp/executors) by extensions ['cmake', 'python']
[0.754s] Level 1:colcon.colcon_core.package_identification:_identify(src/examples/rclcpp/executors) by extension 'cmake'
[0.754s] Level 1:colcon.colcon_core.package_identification:_identify(src/examples/rclcpp/executors) by extension 'python'
[0.754s] Level 1:colcon.colcon_core.package_identification:_identify(src/examples/rclcpp/executors) by extensions ['python_setup_py']
[0.754s] Level 1:colcon.colcon_core.package_identification:_identify(src/examples/rclcpp/executors) by extension 'python_setup_py'
[0.754s] Level 1:colcon.colcon_core.package_identification:_identify(src/examples/rclcpp/executors/cbg_executor) by extensions ['ignore', 'ignore_ament_install']
[0.755s] Level 1:colcon.colcon_core.package_identification:_identify(src/examples/rclcpp/executors/cbg_executor) by extension 'ignore'
[0.755s] Level 1:colcon.colcon_core.package_identification:_identify(src/examples/rclcpp/executors/cbg_executor) by extension 'ignore_ament_install'
[0.755s] Level 1:colcon.colcon_core.package_identification:_identify(src/examples/rclcpp/executors/cbg_executor) by extensions ['colcon_pkg']
[0.755s] Level 1:colcon.colcon_core.package_identification:_identify(src/examples/rclcpp/executors/cbg_executor) by extension 'colcon_pkg'
[0.755s] Level 1:colcon.colcon_core.package_identification:_identify(src/examples/rclcpp/executors/cbg_executor) by extensions ['colcon_meta']
[0.755s] Level 1:colcon.colcon_core.package_identification:_identify(src/examples/rclcpp/executors/cbg_executor) by extension 'colcon_meta'
[0.755s] Level 1:colcon.colcon_core.package_identification:_identify(src/examples/rclcpp/executors/cbg_executor) by extensions ['ros']
[0.755s] Level 1:colcon.colcon_core.package_identification:_identify(src/examples/rclcpp/executors/cbg_executor) by extension 'ros'
[0.756s] DEBUG:colcon.colcon_core.package_identification:Package 'src/examples/rclcpp/executors/cbg_executor' with type 'ros.ament_cmake' and name 'examples_rclcpp_cbg_executor'
[0.757s] Level 1:colcon.colcon_core.package_identification:_identify(src/examples/rclcpp/executors/multithreaded_executor) by extensions ['ignore', 'ignore_ament_install']
[0.757s] Level 1:colcon.colcon_core.package_identification:_identify(src/examples/rclcpp/executors/multithreaded_executor) by extension 'ignore'
[0.757s] Level 1:colcon.colcon_core.package_identification:_identify(src/examples/rclcpp/executors/multithreaded_executor) by extension 'ignore_ament_install'
[0.757s] Level 1:colcon.colcon_core.package_identification:_identify(src/examples/rclcpp/executors/multithreaded_executor) by extensions ['colcon_pkg']
[0.757s] Level 1:colcon.colcon_core.package_identification:_identify(src/examples/rclcpp/executors/multithreaded_executor) by extension 'colcon_pkg'
[0.757s] Level 1:colcon.colcon_core.package_identification:_identify(src/examples/rclcpp/executors/multithreaded_executor) by extensions ['colcon_meta']
[0.757s] Level 1:colcon.colcon_core.package_identification:_identify(src/examples/rclcpp/executors/multithreaded_executor) by extension 'colcon_meta'
[0.757s] Level 1:colcon.colcon_core.package_identification:_identify(src/examples/rclcpp/executors/multithreaded_executor) by extensions ['ros']
[0.757s] Level 1:colcon.colcon_core.package_identification:_identify(src/examples/rclcpp/executors/multithreaded_executor) by extension 'ros'
[0.758s] DEBUG:colcon.colcon_core.package_identification:Package 'src/examples/rclcpp/executors/multithreaded_executor' with type 'ros.ament_cmake' and name 'examples_rclcpp_multithreaded_executor'
[0.758s] Level 1:colcon.colcon_core.package_identification:_identify(src/examples/rclcpp/services) by extensions ['ignore', 'ignore_ament_install']
[0.758s] Level 1:colcon.colcon_core.package_identification:_identify(src/examples/rclcpp/services) by extension 'ignore'
[0.758s] Level 1:colcon.colcon_core.package_identification:_identify(src/examples/rclcpp/services) by extension 'ignore_ament_install'
[0.759s] Level 1:colcon.colcon_core.package_identification:_identify(src/examples/rclcpp/services) by extensions ['colcon_pkg']
[0.759s] Level 1:colcon.colcon_core.package_identification:_identify(src/examples/rclcpp/services) by extension 'colcon_pkg'
[0.759s] Level 1:colcon.colcon_core.package_identification:_identify(src/examples/rclcpp/services) by extensions ['colcon_meta']
[0.759s] Level 1:colcon.colcon_core.package_identification:_identify(src/examples/rclcpp/services) by extension 'colcon_meta'
[0.759s] Level 1:colcon.colcon_core.package_identification:_identify(src/examples/rclcpp/services) by extensions ['ros']
[0.759s] Level 1:colcon.colcon_core.package_identification:_identify(src/examples/rclcpp/services) by extension 'ros'
[0.759s] Level 1:colcon.colcon_core.package_identification:_identify(src/examples/rclcpp/services) by extensions ['cmake', 'python']
[0.759s] Level 1:colcon.colcon_core.package_identification:_identify(src/examples/rclcpp/services) by extension 'cmake'
[0.760s] Level 1:colcon.colcon_core.package_identification:_identify(src/examples/rclcpp/services) by extension 'python'
[0.760s] Level 1:colcon.colcon_core.package_identification:_identify(src/examples/rclcpp/services) by extensions ['python_setup_py']
[0.760s] Level 1:colcon.colcon_core.package_identification:_identify(src/examples/rclcpp/services) by extension 'python_setup_py'
[0.760s] Level 1:colcon.colcon_core.package_identification:_identify(src/examples/rclcpp/services/async_client) by extensions ['ignore', 'ignore_ament_install']
[0.760s] Level 1:colcon.colcon_core.package_identification:_identify(src/examples/rclcpp/services/async_client) by extension 'ignore'
[0.760s] Level 1:colcon.colcon_core.package_identification:_identify(src/examples/rclcpp/services/async_client) by extension 'ignore_ament_install'
[0.761s] Level 1:colcon.colcon_core.package_identification:_identify(src/examples/rclcpp/services/async_client) by extensions ['colcon_pkg']
[0.761s] Level 1:colcon.colcon_core.package_identification:_identify(src/examples/rclcpp/services/async_client) by extension 'colcon_pkg'
[0.761s] Level 1:colcon.colcon_core.package_identification:_identify(src/examples/rclcpp/services/async_client) by extensions ['colcon_meta']
[0.761s] Level 1:colcon.colcon_core.package_identification:_identify(src/examples/rclcpp/services/async_client) by extension 'colcon_meta'
[0.761s] Level 1:colcon.colcon_core.package_identification:_identify(src/examples/rclcpp/services/async_client) by extensions ['ros']
[0.761s] Level 1:colcon.colcon_core.package_identification:_identify(src/examples/rclcpp/services/async_client) by extension 'ros'
[0.762s] DEBUG:colcon.colcon_core.package_identification:Package 'src/examples/rclcpp/services/async_client' with type 'ros.ament_cmake' and name 'examples_rclcpp_async_client'
[0.762s] Level 1:colcon.colcon_core.package_identification:_identify(src/examples/rclcpp/services/minimal_client) by extensions ['ignore', 'ignore_ament_install']
[0.763s] Level 1:colcon.colcon_core.package_identification:_identify(src/examples/rclcpp/services/minimal_client) by extension 'ignore'
[0.763s] Level 1:colcon.colcon_core.package_identification:_identify(src/examples/rclcpp/services/minimal_client) by extension 'ignore_ament_install'
[0.763s] Level 1:colcon.colcon_core.package_identification:_identify(src/examples/rclcpp/services/minimal_client) by extensions ['colcon_pkg']
[0.763s] Level 1:colcon.colcon_core.package_identification:_identify(src/examples/rclcpp/services/minimal_client) by extension 'colcon_pkg'
[0.763s] Level 1:colcon.colcon_core.package_identification:_identify(src/examples/rclcpp/services/minimal_client) by extensions ['colcon_meta']
[0.763s] Level 1:colcon.colcon_core.package_identification:_identify(src/examples/rclcpp/services/minimal_client) by extension 'colcon_meta'
[0.763s] Level 1:colcon.colcon_core.package_identification:_identify(src/examples/rclcpp/services/minimal_client) by extensions ['ros']
[0.763s] Level 1:colcon.colcon_core.package_identification:_identify(src/examples/rclcpp/services/minimal_client) by extension 'ros'
[0.764s] DEBUG:colcon.colcon_core.package_identification:Package 'src/examples/rclcpp/services/minimal_client' with type 'ros.ament_cmake' and name 'examples_rclcpp_minimal_client'
[0.764s] Level 1:colcon.colcon_core.package_identification:_identify(src/examples/rclcpp/services/minimal_service) by extensions ['ignore', 'ignore_ament_install']
[0.764s] Level 1:colcon.colcon_core.package_identification:_identify(src/examples/rclcpp/services/minimal_service) by extension 'ignore'
[0.764s] Level 1:colcon.colcon_core.package_identification:_identify(src/examples/rclcpp/services/minimal_service) by extension 'ignore_ament_install'
[0.765s] Level 1:colcon.colcon_core.package_identification:_identify(src/examples/rclcpp/services/minimal_service) by extensions ['colcon_pkg']
[0.765s] Level 1:colcon.colcon_core.package_identification:_identify(src/examples/rclcpp/services/minimal_service) by extension 'colcon_pkg'
[0.765s] Level 1:colcon.colcon_core.package_identification:_identify(src/examples/rclcpp/services/minimal_service) by extensions ['colcon_meta']
[0.765s] Level 1:colcon.colcon_core.package_identification:_identify(src/examples/rclcpp/services/minimal_service) by extension 'colcon_meta'
[0.765s] Level 1:colcon.colcon_core.package_identification:_identify(src/examples/rclcpp/services/minimal_service) by extensions ['ros']
[0.765s] Level 1:colcon.colcon_core.package_identification:_identify(src/examples/rclcpp/services/minimal_service) by extension 'ros'
[0.765s] DEBUG:colcon.colcon_core.package_identification:Package 'src/examples/rclcpp/services/minimal_service' with type 'ros.ament_cmake' and name 'examples_rclcpp_minimal_service'
[0.766s] Level 1:colcon.colcon_core.package_identification:_identify(src/examples/rclcpp/timers) by extensions ['ignore', 'ignore_ament_install']
[0.766s] Level 1:colcon.colcon_core.package_identification:_identify(src/examples/rclcpp/timers) by extension 'ignore'
[0.766s] Level 1:colcon.colcon_core.package_identification:_identify(src/examples/rclcpp/timers) by extension 'ignore_ament_install'
[0.766s] Level 1:colcon.colcon_core.package_identification:_identify(src/examples/rclcpp/timers) by extensions ['colcon_pkg']
[0.766s] Level 1:colcon.colcon_core.package_identification:_identify(src/examples/rclcpp/timers) by extension 'colcon_pkg'
[0.767s] Level 1:colcon.colcon_core.package_identification:_identify(src/examples/rclcpp/timers) by extensions ['colcon_meta']
[0.767s] Level 1:colcon.colcon_core.package_identification:_identify(src/examples/rclcpp/timers) by extension 'colcon_meta'
[0.767s] Level 1:colcon.colcon_core.package_identification:_identify(src/examples/rclcpp/timers) by extensions ['ros']
[0.767s] Level 1:colcon.colcon_core.package_identification:_identify(src/examples/rclcpp/timers) by extension 'ros'
[0.767s] Level 1:colcon.colcon_core.package_identification:_identify(src/examples/rclcpp/timers) by extensions ['cmake', 'python']
[0.767s] Level 1:colcon.colcon_core.package_identification:_identify(src/examples/rclcpp/timers) by extension 'cmake'
[0.767s] Level 1:colcon.colcon_core.package_identification:_identify(src/examples/rclcpp/timers) by extension 'python'
[0.767s] Level 1:colcon.colcon_core.package_identification:_identify(src/examples/rclcpp/timers) by extensions ['python_setup_py']
[0.767s] Level 1:colcon.colcon_core.package_identification:_identify(src/examples/rclcpp/timers) by extension 'python_setup_py'
[0.767s] Level 1:colcon.colcon_core.package_identification:_identify(src/examples/rclcpp/timers/minimal_timer) by extensions ['ignore', 'ignore_ament_install']
[0.767s] Level 1:colcon.colcon_core.package_identification:_identify(src/examples/rclcpp/timers/minimal_timer) by extension 'ignore'
[0.767s] Level 1:colcon.colcon_core.package_identification:_identify(src/examples/rclcpp/timers/minimal_timer) by extension 'ignore_ament_install'
[0.768s] Level 1:colcon.colcon_core.package_identification:_identify(src/examples/rclcpp/timers/minimal_timer) by extensions ['colcon_pkg']
[0.768s] Level 1:colcon.colcon_core.package_identification:_identify(src/examples/rclcpp/timers/minimal_timer) by extension 'colcon_pkg'
[0.768s] Level 1:colcon.colcon_core.package_identification:_identify(src/examples/rclcpp/timers/minimal_timer) by extensions ['colcon_meta']
[0.768s] Level 1:colcon.colcon_core.package_identification:_identify(src/examples/rclcpp/timers/minimal_timer) by extension 'colcon_meta'
[0.768s] Level 1:colcon.colcon_core.package_identification:_identify(src/examples/rclcpp/timers/minimal_timer) by extensions ['ros']
[0.768s] Level 1:colcon.colcon_core.package_identification:_identify(src/examples/rclcpp/timers/minimal_timer) by extension 'ros'
[0.769s] DEBUG:colcon.colcon_core.package_identification:Package 'src/examples/rclcpp/timers/minimal_timer' with type 'ros.ament_cmake' and name 'examples_rclcpp_minimal_timer'
[0.769s] Level 1:colcon.colcon_core.package_identification:_identify(src/examples/rclcpp/topics) by extensions ['ignore', 'ignore_ament_install']
[0.769s] Level 1:colcon.colcon_core.package_identification:_identify(src/examples/rclcpp/topics) by extension 'ignore'
[0.769s] Level 1:colcon.colcon_core.package_identification:_identify(src/examples/rclcpp/topics) by extension 'ignore_ament_install'
[0.770s] Level 1:colcon.colcon_core.package_identification:_identify(src/examples/rclcpp/topics) by extensions ['colcon_pkg']
[0.770s] Level 1:colcon.colcon_core.package_identification:_identify(src/examples/rclcpp/topics) by extension 'colcon_pkg'
[0.770s] Level 1:colcon.colcon_core.package_identification:_identify(src/examples/rclcpp/topics) by extensions ['colcon_meta']
[0.770s] Level 1:colcon.colcon_core.package_identification:_identify(src/examples/rclcpp/topics) by extension 'colcon_meta'
[0.770s] Level 1:colcon.colcon_core.package_identification:_identify(src/examples/rclcpp/topics) by extensions ['ros']
[0.770s] Level 1:colcon.colcon_core.package_identification:_identify(src/examples/rclcpp/topics) by extension 'ros'
[0.770s] Level 1:colcon.colcon_core.package_identification:_identify(src/examples/rclcpp/topics) by extensions ['cmake', 'python']
[0.770s] Level 1:colcon.colcon_core.package_identification:_identify(src/examples/rclcpp/topics) by extension 'cmake'
[0.770s] Level 1:colcon.colcon_core.package_identification:_identify(src/examples/rclcpp/topics) by extension 'python'
[0.770s] Level 1:colcon.colcon_core.package_identification:_identify(src/examples/rclcpp/topics) by extensions ['python_setup_py']
[0.770s] Level 1:colcon.colcon_core.package_identification:_identify(src/examples/rclcpp/topics) by extension 'python_setup_py'
[0.770s] Level 1:colcon.colcon_core.package_identification:_identify(src/examples/rclcpp/topics/minimal_publisher) by extensions ['ignore', 'ignore_ament_install']
[0.771s] Level 1:colcon.colcon_core.package_identification:_identify(src/examples/rclcpp/topics/minimal_publisher) by extension 'ignore'
[0.771s] Level 1:colcon.colcon_core.package_identification:_identify(src/examples/rclcpp/topics/minimal_publisher) by extension 'ignore_ament_install'
[0.771s] Level 1:colcon.colcon_core.package_identification:_identify(src/examples/rclcpp/topics/minimal_publisher) by extensions ['colcon_pkg']
[0.771s] Level 1:colcon.colcon_core.package_identification:_identify(src/examples/rclcpp/topics/minimal_publisher) by extension 'colcon_pkg'
[0.771s] Level 1:colcon.colcon_core.package_identification:_identify(src/examples/rclcpp/topics/minimal_publisher) by extensions ['colcon_meta']
[0.771s] Level 1:colcon.colcon_core.package_identification:_identify(src/examples/rclcpp/topics/minimal_publisher) by extension 'colcon_meta'
[0.771s] Level 1:colcon.colcon_core.package_identification:_identify(src/examples/rclcpp/topics/minimal_publisher) by extensions ['ros']
[0.771s] Level 1:colcon.colcon_core.package_identification:_identify(src/examples/rclcpp/topics/minimal_publisher) by extension 'ros'
[0.772s] DEBUG:colcon.colcon_core.package_identification:Package 'src/examples/rclcpp/topics/minimal_publisher' with type 'ros.ament_cmake' and name 'examples_rclcpp_minimal_publisher'
[0.772s] Level 1:colcon.colcon_core.package_identification:_identify(src/examples/rclcpp/topics/minimal_subscriber) by extensions ['ignore', 'ignore_ament_install']
[0.773s] Level 1:colcon.colcon_core.package_identification:_identify(src/examples/rclcpp/topics/minimal_subscriber) by extension 'ignore'
[0.773s] Level 1:colcon.colcon_core.package_identification:_identify(src/examples/rclcpp/topics/minimal_subscriber) by extension 'ignore_ament_install'
[0.773s] Level 1:colcon.colcon_core.package_identification:_identify(src/examples/rclcpp/topics/minimal_subscriber) by extensions ['colcon_pkg']
[0.773s] Level 1:colcon.colcon_core.package_identification:_identify(src/examples/rclcpp/topics/minimal_subscriber) by extension 'colcon_pkg'
[0.773s] Level 1:colcon.colcon_core.package_identification:_identify(src/examples/rclcpp/topics/minimal_subscriber) by extensions ['colcon_meta']
[0.773s] Level 1:colcon.colcon_core.package_identification:_identify(src/examples/rclcpp/topics/minimal_subscriber) by extension 'colcon_meta'
[0.773s] Level 1:colcon.colcon_core.package_identification:_identify(src/examples/rclcpp/topics/minimal_subscriber) by extensions ['ros']
[0.773s] Level 1:colcon.colcon_core.package_identification:_identify(src/examples/rclcpp/topics/minimal_subscriber) by extension 'ros'
[0.774s] DEBUG:colcon.colcon_core.package_identification:Package 'src/examples/rclcpp/topics/minimal_subscriber' with type 'ros.ament_cmake' and name 'examples_rclcpp_minimal_subscriber'
[0.775s] Level 1:colcon.colcon_core.package_identification:_identify(src/examples/rclcpp/wait_set) by extensions ['ignore', 'ignore_ament_install']
[0.775s] Level 1:colcon.colcon_core.package_identification:_identify(src/examples/rclcpp/wait_set) by extension 'ignore'
[0.775s] Level 1:colcon.colcon_core.package_identification:_identify(src/examples/rclcpp/wait_set) by extension 'ignore_ament_install'
[0.775s] Level 1:colcon.colcon_core.package_identification:_identify(src/examples/rclcpp/wait_set) by extensions ['colcon_pkg']
[0.775s] Level 1:colcon.colcon_core.package_identification:_identify(src/examples/rclcpp/wait_set) by extension 'colcon_pkg'
[0.775s] Level 1:colcon.colcon_core.package_identification:_identify(src/examples/rclcpp/wait_set) by extensions ['colcon_meta']
[0.775s] Level 1:colcon.colcon_core.package_identification:_identify(src/examples/rclcpp/wait_set) by extension 'colcon_meta'
[0.775s] Level 1:colcon.colcon_core.package_identification:_identify(src/examples/rclcpp/wait_set) by extensions ['ros']
[0.775s] Level 1:colcon.colcon_core.package_identification:_identify(src/examples/rclcpp/wait_set) by extension 'ros'
[0.776s] DEBUG:colcon.colcon_core.package_identification:Package 'src/examples/rclcpp/wait_set' with type 'ros.ament_cmake' and name 'examples_rclcpp_wait_set'
[0.776s] Level 1:colcon.colcon_core.package_identification:_identify(src/examples/rclpy) by extensions ['ignore', 'ignore_ament_install']
[0.776s] Level 1:colcon.colcon_core.package_identification:_identify(src/examples/rclpy) by extension 'ignore'
[0.776s] Level 1:colcon.colcon_core.package_identification:_identify(src/examples/rclpy) by extension 'ignore_ament_install'
[0.777s] Level 1:colcon.colcon_core.package_identification:_identify(src/examples/rclpy) by extensions ['colcon_pkg']
[0.777s] Level 1:colcon.colcon_core.package_identification:_identify(src/examples/rclpy) by extension 'colcon_pkg'
[0.777s] Level 1:colcon.colcon_core.package_identification:_identify(src/examples/rclpy) by extensions ['colcon_meta']
[0.777s] Level 1:colcon.colcon_core.package_identification:_identify(src/examples/rclpy) by extension 'colcon_meta'
[0.777s] Level 1:colcon.colcon_core.package_identification:_identify(src/examples/rclpy) by extensions ['ros']
[0.777s] Level 1:colcon.colcon_core.package_identification:_identify(src/examples/rclpy) by extension 'ros'
[0.777s] Level 1:colcon.colcon_core.package_identification:_identify(src/examples/rclpy) by extensions ['cmake', 'python']
[0.777s] Level 1:colcon.colcon_core.package_identification:_identify(src/examples/rclpy) by extension 'cmake'
[0.777s] Level 1:colcon.colcon_core.package_identification:_identify(src/examples/rclpy) by extension 'python'
[0.777s] Level 1:colcon.colcon_core.package_identification:_identify(src/examples/rclpy) by extensions ['python_setup_py']
[0.777s] Level 1:colcon.colcon_core.package_identification:_identify(src/examples/rclpy) by extension 'python_setup_py'
[0.777s] Level 1:colcon.colcon_core.package_identification:_identify(src/examples/rclpy/actions) by extensions ['ignore', 'ignore_ament_install']
[0.778s] Level 1:colcon.colcon_core.package_identification:_identify(src/examples/rclpy/actions) by extension 'ignore'
[0.778s] Level 1:colcon.colcon_core.package_identification:_identify(src/examples/rclpy/actions) by extension 'ignore_ament_install'
[0.778s] Level 1:colcon.colcon_core.package_identification:_identify(src/examples/rclpy/actions) by extensions ['colcon_pkg']
[0.778s] Level 1:colcon.colcon_core.package_identification:_identify(src/examples/rclpy/actions) by extension 'colcon_pkg'
[0.778s] Level 1:colcon.colcon_core.package_identification:_identify(src/examples/rclpy/actions) by extensions ['colcon_meta']
[0.778s] Level 1:colcon.colcon_core.package_identification:_identify(src/examples/rclpy/actions) by extension 'colcon_meta'
[0.778s] Level 1:colcon.colcon_core.package_identification:_identify(src/examples/rclpy/actions) by extensions ['ros']
[0.778s] Level 1:colcon.colcon_core.package_identification:_identify(src/examples/rclpy/actions) by extension 'ros'
[0.778s] Level 1:colcon.colcon_core.package_identification:_identify(src/examples/rclpy/actions) by extensions ['cmake', 'python']
[0.779s] Level 1:colcon.colcon_core.package_identification:_identify(src/examples/rclpy/actions) by extension 'cmake'
[0.779s] Level 1:colcon.colcon_core.package_identification:_identify(src/examples/rclpy/actions) by extension 'python'
[0.779s] Level 1:colcon.colcon_core.package_identification:_identify(src/examples/rclpy/actions) by extensions ['python_setup_py']
[0.779s] Level 1:colcon.colcon_core.package_identification:_identify(src/examples/rclpy/actions) by extension 'python_setup_py'
[0.779s] Level 1:colcon.colcon_core.package_identification:_identify(src/examples/rclpy/actions/minimal_action_client) by extensions ['ignore', 'ignore_ament_install']
[0.779s] Level 1:colcon.colcon_core.package_identification:_identify(src/examples/rclpy/actions/minimal_action_client) by extension 'ignore'
[0.779s] Level 1:colcon.colcon_core.package_identification:_identify(src/examples/rclpy/actions/minimal_action_client) by extension 'ignore_ament_install'
[0.780s] Level 1:colcon.colcon_core.package_identification:_identify(src/examples/rclpy/actions/minimal_action_client) by extensions ['colcon_pkg']
[0.780s] Level 1:colcon.colcon_core.package_identification:_identify(src/examples/rclpy/actions/minimal_action_client) by extension 'colcon_pkg'
[0.780s] Level 1:colcon.colcon_core.package_identification:_identify(src/examples/rclpy/actions/minimal_action_client) by extensions ['colcon_meta']
[0.780s] Level 1:colcon.colcon_core.package_identification:_identify(src/examples/rclpy/actions/minimal_action_client) by extension 'colcon_meta'
[0.780s] Level 1:colcon.colcon_core.package_identification:_identify(src/examples/rclpy/actions/minimal_action_client) by extensions ['ros']
[0.780s] Level 1:colcon.colcon_core.package_identification:_identify(src/examples/rclpy/actions/minimal_action_client) by extension 'ros'
[0.781s] DEBUG:colcon.colcon_core.package_identification:Package 'src/examples/rclpy/actions/minimal_action_client' with type 'ros.ament_python' and name 'examples_rclpy_minimal_action_client'
[0.781s] Level 1:colcon.colcon_core.package_identification:_identify(src/examples/rclpy/actions/minimal_action_server) by extensions ['ignore', 'ignore_ament_install']
[0.781s] Level 1:colcon.colcon_core.package_identification:_identify(src/examples/rclpy/actions/minimal_action_server) by extension 'ignore'
[0.781s] Level 1:colcon.colcon_core.package_identification:_identify(src/examples/rclpy/actions/minimal_action_server) by extension 'ignore_ament_install'
[0.782s] Level 1:colcon.colcon_core.package_identification:_identify(src/examples/rclpy/actions/minimal_action_server) by extensions ['colcon_pkg']
[0.782s] Level 1:colcon.colcon_core.package_identification:_identify(src/examples/rclpy/actions/minimal_action_server) by extension 'colcon_pkg'
[0.782s] Level 1:colcon.colcon_core.package_identification:_identify(src/examples/rclpy/actions/minimal_action_server) by extensions ['colcon_meta']
[0.782s] Level 1:colcon.colcon_core.package_identification:_identify(src/examples/rclpy/actions/minimal_action_server) by extension 'colcon_meta'
[0.782s] Level 1:colcon.colcon_core.package_identification:_identify(src/examples/rclpy/actions/minimal_action_server) by extensions ['ros']
[0.782s] Level 1:colcon.colcon_core.package_identification:_identify(src/examples/rclpy/actions/minimal_action_server) by extension 'ros'
[0.782s] DEBUG:colcon.colcon_core.package_identification:Package 'src/examples/rclpy/actions/minimal_action_server' with type 'ros.ament_python' and name 'examples_rclpy_minimal_action_server'
[0.783s] Level 1:colcon.colcon_core.package_identification:_identify(src/examples/rclpy/executors) by extensions ['ignore', 'ignore_ament_install']
[0.783s] Level 1:colcon.colcon_core.package_identification:_identify(src/examples/rclpy/executors) by extension 'ignore'
[0.783s] Level 1:colcon.colcon_core.package_identification:_identify(src/examples/rclpy/executors) by extension 'ignore_ament_install'
[0.783s] Level 1:colcon.colcon_core.package_identification:_identify(src/examples/rclpy/executors) by extensions ['colcon_pkg']
[0.783s] Level 1:colcon.colcon_core.package_identification:_identify(src/examples/rclpy/executors) by extension 'colcon_pkg'
[0.783s] Level 1:colcon.colcon_core.package_identification:_identify(src/examples/rclpy/executors) by extensions ['colcon_meta']
[0.783s] Level 1:colcon.colcon_core.package_identification:_identify(src/examples/rclpy/executors) by extension 'colcon_meta'
[0.783s] Level 1:colcon.colcon_core.package_identification:_identify(src/examples/rclpy/executors) by extensions ['ros']
[0.783s] Level 1:colcon.colcon_core.package_identification:_identify(src/examples/rclpy/executors) by extension 'ros'
[0.784s] DEBUG:colcon.colcon_core.package_identification:Package 'src/examples/rclpy/executors' with type 'ros.ament_python' and name 'examples_rclpy_executors'
[0.784s] Level 1:colcon.colcon_core.package_identification:_identify(src/examples/rclpy/guard_conditions) by extensions ['ignore', 'ignore_ament_install']
[0.785s] Level 1:colcon.colcon_core.package_identification:_identify(src/examples/rclpy/guard_conditions) by extension 'ignore'
[0.785s] Level 1:colcon.colcon_core.package_identification:_identify(src/examples/rclpy/guard_conditions) by extension 'ignore_ament_install'
[0.786s] Level 1:colcon.colcon_core.package_identification:_identify(src/examples/rclpy/guard_conditions) by extensions ['colcon_pkg']
[0.786s] Level 1:colcon.colcon_core.package_identification:_identify(src/examples/rclpy/guard_conditions) by extension 'colcon_pkg'
[0.786s] Level 1:colcon.colcon_core.package_identification:_identify(src/examples/rclpy/guard_conditions) by extensions ['colcon_meta']
[0.786s] Level 1:colcon.colcon_core.package_identification:_identify(src/examples/rclpy/guard_conditions) by extension 'colcon_meta'
[0.786s] Level 1:colcon.colcon_core.package_identification:_identify(src/examples/rclpy/guard_conditions) by extensions ['ros']
[0.786s] Level 1:colcon.colcon_core.package_identification:_identify(src/examples/rclpy/guard_conditions) by extension 'ros'
[0.787s] DEBUG:colcon.colcon_core.package_identification:Package 'src/examples/rclpy/guard_conditions' with type 'ros.ament_python' and name 'examples_rclpy_guard_conditions'
[0.787s] Level 1:colcon.colcon_core.package_identification:_identify(src/examples/rclpy/services) by extensions ['ignore', 'ignore_ament_install']
[0.787s] Level 1:colcon.colcon_core.package_identification:_identify(src/examples/rclpy/services) by extension 'ignore'
[0.788s] Level 1:colcon.colcon_core.package_identification:_identify(src/examples/rclpy/services) by extension 'ignore_ament_install'
[0.788s] Level 1:colcon.colcon_core.package_identification:_identify(src/examples/rclpy/services) by extensions ['colcon_pkg']
[0.788s] Level 1:colcon.colcon_core.package_identification:_identify(src/examples/rclpy/services) by extension 'colcon_pkg'
[0.788s] Level 1:colcon.colcon_core.package_identification:_identify(src/examples/rclpy/services) by extensions ['colcon_meta']
[0.788s] Level 1:colcon.colcon_core.package_identification:_identify(src/examples/rclpy/services) by extension 'colcon_meta'
[0.788s] Level 1:colcon.colcon_core.package_identification:_identify(src/examples/rclpy/services) by extensions ['ros']
[0.788s] Level 1:colcon.colcon_core.package_identification:_identify(src/examples/rclpy/services) by extension 'ros'
[0.788s] Level 1:colcon.colcon_core.package_identification:_identify(src/examples/rclpy/services) by extensions ['cmake', 'python']
[0.788s] Level 1:colcon.colcon_core.package_identification:_identify(src/examples/rclpy/services) by extension 'cmake'
[0.788s] Level 1:colcon.colcon_core.package_identification:_identify(src/examples/rclpy/services) by extension 'python'
[0.788s] Level 1:colcon.colcon_core.package_identification:_identify(src/examples/rclpy/services) by extensions ['python_setup_py']
[0.788s] Level 1:colcon.colcon_core.package_identification:_identify(src/examples/rclpy/services) by extension 'python_setup_py'
[0.789s] Level 1:colcon.colcon_core.package_identification:_identify(src/examples/rclpy/services/minimal_client) by extensions ['ignore', 'ignore_ament_install']
[0.789s] Level 1:colcon.colcon_core.package_identification:_identify(src/examples/rclpy/services/minimal_client) by extension 'ignore'
[0.789s] Level 1:colcon.colcon_core.package_identification:_identify(src/examples/rclpy/services/minimal_client) by extension 'ignore_ament_install'
[0.789s] Level 1:colcon.colcon_core.package_identification:_identify(src/examples/rclpy/services/minimal_client) by extensions ['colcon_pkg']
[0.789s] Level 1:colcon.colcon_core.package_identification:_identify(src/examples/rclpy/services/minimal_client) by extension 'colcon_pkg'
[0.789s] Level 1:colcon.colcon_core.package_identification:_identify(src/examples/rclpy/services/minimal_client) by extensions ['colcon_meta']
[0.789s] Level 1:colcon.colcon_core.package_identification:_identify(src/examples/rclpy/services/minimal_client) by extension 'colcon_meta'
[0.789s] Level 1:colcon.colcon_core.package_identification:_identify(src/examples/rclpy/services/minimal_client) by extensions ['ros']
[0.789s] Level 1:colcon.colcon_core.package_identification:_identify(src/examples/rclpy/services/minimal_client) by extension 'ros'
[0.790s] DEBUG:colcon.colcon_core.package_identification:Package 'src/examples/rclpy/services/minimal_client' with type 'ros.ament_python' and name 'examples_rclpy_minimal_client'
[0.790s] Level 1:colcon.colcon_core.package_identification:_identify(src/examples/rclpy/services/minimal_service) by extensions ['ignore', 'ignore_ament_install']
[0.791s] Level 1:colcon.colcon_core.package_identification:_identify(src/examples/rclpy/services/minimal_service) by extension 'ignore'
[0.791s] Level 1:colcon.colcon_core.package_identification:_identify(src/examples/rclpy/services/minimal_service) by extension 'ignore_ament_install'
[0.791s] Level 1:colcon.colcon_core.package_identification:_identify(src/examples/rclpy/services/minimal_service) by extensions ['colcon_pkg']
[0.791s] Level 1:colcon.colcon_core.package_identification:_identify(src/examples/rclpy/services/minimal_service) by extension 'colcon_pkg'
[0.791s] Level 1:colcon.colcon_core.package_identification:_identify(src/examples/rclpy/services/minimal_service) by extensions ['colcon_meta']
[0.791s] Level 1:colcon.colcon_core.package_identification:_identify(src/examples/rclpy/services/minimal_service) by extension 'colcon_meta'
[0.791s] Level 1:colcon.colcon_core.package_identification:_identify(src/examples/rclpy/services/minimal_service) by extensions ['ros']
[0.791s] Level 1:colcon.colcon_core.package_identification:_identify(src/examples/rclpy/services/minimal_service) by extension 'ros'
[0.792s] DEBUG:colcon.colcon_core.package_identification:Package 'src/examples/rclpy/services/minimal_service' with type 'ros.ament_python' and name 'examples_rclpy_minimal_service'
[0.792s] Level 1:colcon.colcon_core.package_identification:_identify(src/examples/rclpy/topics) by extensions ['ignore', 'ignore_ament_install']
[0.792s] Level 1:colcon.colcon_core.package_identification:_identify(src/examples/rclpy/topics) by extension 'ignore'
[0.792s] Level 1:colcon.colcon_core.package_identification:_identify(src/examples/rclpy/topics) by extension 'ignore_ament_install'
[0.792s] Level 1:colcon.colcon_core.package_identification:_identify(src/examples/rclpy/topics) by extensions ['colcon_pkg']
[0.792s] Level 1:colcon.colcon_core.package_identification:_identify(src/examples/rclpy/topics) by extension 'colcon_pkg'
[0.792s] Level 1:colcon.colcon_core.package_identification:_identify(src/examples/rclpy/topics) by extensions ['colcon_meta']
[0.793s] Level 1:colcon.colcon_core.package_identification:_identify(src/examples/rclpy/topics) by extension 'colcon_meta'
[0.793s] Level 1:colcon.colcon_core.package_identification:_identify(src/examples/rclpy/topics) by extensions ['ros']
[0.793s] Level 1:colcon.colcon_core.package_identification:_identify(src/examples/rclpy/topics) by extension 'ros'
[0.793s] Level 1:colcon.colcon_core.package_identification:_identify(src/examples/rclpy/topics) by extensions ['cmake', 'python']
[0.793s] Level 1:colcon.colcon_core.package_identification:_identify(src/examples/rclpy/topics) by extension 'cmake'
[0.793s] Level 1:colcon.colcon_core.package_identification:_identify(src/examples/rclpy/topics) by extension 'python'
[0.793s] Level 1:colcon.colcon_core.package_identification:_identify(src/examples/rclpy/topics) by extensions ['python_setup_py']
[0.793s] Level 1:colcon.colcon_core.package_identification:_identify(src/examples/rclpy/topics) by extension 'python_setup_py'
[0.793s] Level 1:colcon.colcon_core.package_identification:_identify(src/examples/rclpy/topics/minimal_publisher) by extensions ['ignore', 'ignore_ament_install']
[0.793s] Level 1:colcon.colcon_core.package_identification:_identify(src/examples/rclpy/topics/minimal_publisher) by extension 'ignore'
[0.793s] Level 1:colcon.colcon_core.package_identification:_identify(src/examples/rclpy/topics/minimal_publisher) by extension 'ignore_ament_install'
[0.794s] Level 1:colcon.colcon_core.package_identification:_identify(src/examples/rclpy/topics/minimal_publisher) by extensions ['colcon_pkg']
[0.794s] Level 1:colcon.colcon_core.package_identification:_identify(src/examples/rclpy/topics/minimal_publisher) by extension 'colcon_pkg'
[0.794s] Level 1:colcon.colcon_core.package_identification:_identify(src/examples/rclpy/topics/minimal_publisher) by extensions ['colcon_meta']
[0.794s] Level 1:colcon.colcon_core.package_identification:_identify(src/examples/rclpy/topics/minimal_publisher) by extension 'colcon_meta'
[0.794s] Level 1:colcon.colcon_core.package_identification:_identify(src/examples/rclpy/topics/minimal_publisher) by extensions ['ros']
[0.794s] Level 1:colcon.colcon_core.package_identification:_identify(src/examples/rclpy/topics/minimal_publisher) by extension 'ros'
[0.795s] DEBUG:colcon.colcon_core.package_identification:Package 'src/examples/rclpy/topics/minimal_publisher' with type 'ros.ament_python' and name 'examples_rclpy_minimal_publisher'
[0.795s] Level 1:colcon.colcon_core.package_identification:_identify(src/examples/rclpy/topics/minimal_subscriber) by extensions ['ignore', 'ignore_ament_install']
[0.795s] Level 1:colcon.colcon_core.package_identification:_identify(src/examples/rclpy/topics/minimal_subscriber) by extension 'ignore'
[0.796s] Level 1:colcon.colcon_core.package_identification:_identify(src/examples/rclpy/topics/minimal_subscriber) by extension 'ignore_ament_install'
[0.796s] Level 1:colcon.colcon_core.package_identification:_identify(src/examples/rclpy/topics/minimal_subscriber) by extensions ['colcon_pkg']
[0.796s] Level 1:colcon.colcon_core.package_identification:_identify(src/examples/rclpy/topics/minimal_subscriber) by extension 'colcon_pkg'
[0.796s] Level 1:colcon.colcon_core.package_identification:_identify(src/examples/rclpy/topics/minimal_subscriber) by extensions ['colcon_meta']
[0.796s] Level 1:colcon.colcon_core.package_identification:_identify(src/examples/rclpy/topics/minimal_subscriber) by extension 'colcon_meta'
[0.796s] Level 1:colcon.colcon_core.package_identification:_identify(src/examples/rclpy/topics/minimal_subscriber) by extensions ['ros']
[0.796s] Level 1:colcon.colcon_core.package_identification:_identify(src/examples/rclpy/topics/minimal_subscriber) by extension 'ros'
[0.797s] DEBUG:colcon.colcon_core.package_identification:Package 'src/examples/rclpy/topics/minimal_subscriber' with type 'ros.ament_python' and name 'examples_rclpy_minimal_subscriber'
[0.797s] Level 1:colcon.colcon_core.package_identification:_identify(src/examples/rclpy/topics/pointcloud_publisher) by extensions ['ignore', 'ignore_ament_install']
[0.797s] Level 1:colcon.colcon_core.package_identification:_identify(src/examples/rclpy/topics/pointcloud_publisher) by extension 'ignore'
[0.797s] Level 1:colcon.colcon_core.package_identification:_identify(src/examples/rclpy/topics/pointcloud_publisher) by extension 'ignore_ament_install'
[0.797s] Level 1:colcon.colcon_core.package_identification:_identify(src/examples/rclpy/topics/pointcloud_publisher) by extensions ['colcon_pkg']
[0.797s] Level 1:colcon.colcon_core.package_identification:_identify(src/examples/rclpy/topics/pointcloud_publisher) by extension 'colcon_pkg'
[0.798s] Level 1:colcon.colcon_core.package_identification:_identify(src/examples/rclpy/topics/pointcloud_publisher) by extensions ['colcon_meta']
[0.798s] Level 1:colcon.colcon_core.package_identification:_identify(src/examples/rclpy/topics/pointcloud_publisher) by extension 'colcon_meta'
[0.798s] Level 1:colcon.colcon_core.package_identification:_identify(src/examples/rclpy/topics/pointcloud_publisher) by extensions ['ros']
[0.798s] Level 1:colcon.colcon_core.package_identification:_identify(src/examples/rclpy/topics/pointcloud_publisher) by extension 'ros'
[0.799s] DEBUG:colcon.colcon_core.package_identification:Package 'src/examples/rclpy/topics/pointcloud_publisher' with type 'ros.ament_python' and name 'examples_rclpy_pointcloud_publisher'
[0.799s] Level 1:colcon.colcon_core.package_identification:_identify(src/install) by extensions ['ignore', 'ignore_ament_install']
[0.799s] Level 1:colcon.colcon_core.package_identification:_identify(src/install) by extension 'ignore'
[0.799s] Level 1:colcon.colcon_core.package_identification:_identify(src/install) ignored
[0.799s] Level 1:colcon.colcon_core.package_identification:_identify(src/log) by extensions ['ignore', 'ignore_ament_install']
[0.799s] Level 1:colcon.colcon_core.package_identification:_identify(src/log) by extension 'ignore'
[0.799s] Level 1:colcon.colcon_core.package_identification:_identify(src/log) ignored
[0.799s] Level 1:colcon.colcon_core.package_identification:_identify(src/my_package) by extensions ['ignore', 'ignore_ament_install']
[0.800s] Level 1:colcon.colcon_core.package_identification:_identify(src/my_package) by extension 'ignore'
[0.800s] Level 1:colcon.colcon_core.package_identification:_identify(src/my_package) by extension 'ignore_ament_install'
[0.800s] Level 1:colcon.colcon_core.package_identification:_identify(src/my_package) by extensions ['colcon_pkg']
[0.800s] Level 1:colcon.colcon_core.package_identification:_identify(src/my_package) by extension 'colcon_pkg'
[0.800s] Level 1:colcon.colcon_core.package_identification:_identify(src/my_package) by extensions ['colcon_meta']
[0.800s] Level 1:colcon.colcon_core.package_identification:_identify(src/my_package) by extension 'colcon_meta'
[0.800s] Level 1:colcon.colcon_core.package_identification:_identify(src/my_package) by extensions ['ros']
[0.800s] Level 1:colcon.colcon_core.package_identification:_identify(src/my_package) by extension 'ros'
[0.801s] DEBUG:colcon.colcon_core.package_identification:Package 'src/my_package' with type 'ros.ament_cmake' and name 'my_package'
[0.801s] Level 1:colcon.colcon_core.package_identification:_identify(src/py_pubsub) by extensions ['ignore', 'ignore_ament_install']
[0.801s] Level 1:colcon.colcon_core.package_identification:_identify(src/py_pubsub) by extension 'ignore'
[0.801s] Level 1:colcon.colcon_core.package_identification:_identify(src/py_pubsub) by extension 'ignore_ament_install'
[0.801s] Level 1:colcon.colcon_core.package_identification:_identify(src/py_pubsub) by extensions ['colcon_pkg']
[0.801s] Level 1:colcon.colcon_core.package_identification:_identify(src/py_pubsub) by extension 'colcon_pkg'
[0.801s] Level 1:colcon.colcon_core.package_identification:_identify(src/py_pubsub) by extensions ['colcon_meta']
[0.801s] Level 1:colcon.colcon_core.package_identification:_identify(src/py_pubsub) by extension 'colcon_meta'
[0.801s] Level 1:colcon.colcon_core.package_identification:_identify(src/py_pubsub) by extensions ['ros']
[0.801s] Level 1:colcon.colcon_core.package_identification:_identify(src/py_pubsub) by extension 'ros'
[0.802s] DEBUG:colcon.colcon_core.package_identification:Package 'src/py_pubsub' with type 'ros.ament_python' and name 'py_pubsub'
[0.802s] Level 1:colcon.colcon_core.package_identification:_identify(src/read_rosbag) by extensions ['ignore', 'ignore_ament_install']
[0.802s] Level 1:colcon.colcon_core.package_identification:_identify(src/read_rosbag) by extension 'ignore'
[0.803s] Level 1:colcon.colcon_core.package_identification:_identify(src/read_rosbag) by extension 'ignore_ament_install'
[0.803s] Level 1:colcon.colcon_core.package_identification:_identify(src/read_rosbag) by extensions ['colcon_pkg']
[0.803s] Level 1:colcon.colcon_core.package_identification:_identify(src/read_rosbag) by extension 'colcon_pkg'
[0.803s] Level 1:colcon.colcon_core.package_identification:_identify(src/read_rosbag) by extensions ['colcon_meta']
[0.803s] Level 1:colcon.colcon_core.package_identification:_identify(src/read_rosbag) by extension 'colcon_meta'
[0.803s] Level 1:colcon.colcon_core.package_identification:_identify(src/read_rosbag) by extensions ['ros']
[0.803s] Level 1:colcon.colcon_core.package_identification:_identify(src/read_rosbag) by extension 'ros'
[0.804s] DEBUG:colcon.colcon_core.package_identification:Package 'src/read_rosbag' with type 'ros.ament_python' and name 'read_rosbag'
[0.804s] Level 1:colcon.colcon_core.package_identification:_identify(src/ros_tutorials) by extensions ['ignore', 'ignore_ament_install']
[0.804s] Level 1:colcon.colcon_core.package_identification:_identify(src/ros_tutorials) by extension 'ignore'
[0.804s] Level 1:colcon.colcon_core.package_identification:_identify(src/ros_tutorials) by extension 'ignore_ament_install'
[0.805s] Level 1:colcon.colcon_core.package_identification:_identify(src/ros_tutorials) by extensions ['colcon_pkg']
[0.805s] Level 1:colcon.colcon_core.package_identification:_identify(src/ros_tutorials) by extension 'colcon_pkg'
[0.805s] Level 1:colcon.colcon_core.package_identification:_identify(src/ros_tutorials) by extensions ['colcon_meta']
[0.805s] Level 1:colcon.colcon_core.package_identification:_identify(src/ros_tutorials) by extension 'colcon_meta'
[0.805s] Level 1:colcon.colcon_core.package_identification:_identify(src/ros_tutorials) by extensions ['ros']
[0.805s] Level 1:colcon.colcon_core.package_identification:_identify(src/ros_tutorials) by extension 'ros'
[0.805s] Level 1:colcon.colcon_core.package_identification:_identify(src/ros_tutorials) by extensions ['cmake', 'python']
[0.805s] Level 1:colcon.colcon_core.package_identification:_identify(src/ros_tutorials) by extension 'cmake'
[0.805s] Level 1:colcon.colcon_core.package_identification:_identify(src/ros_tutorials) by extension 'python'
[0.805s] Level 1:colcon.colcon_core.package_identification:_identify(src/ros_tutorials) by extensions ['python_setup_py']
[0.805s] Level 1:colcon.colcon_core.package_identification:_identify(src/ros_tutorials) by extension 'python_setup_py'
[0.805s] Level 1:colcon.colcon_core.package_identification:_identify(src/ros_tutorials/ros_tutorials) by extensions ['ignore', 'ignore_ament_install']
[0.805s] Level 1:colcon.colcon_core.package_identification:_identify(src/ros_tutorials/ros_tutorials) by extension 'ignore'
[0.806s] Level 1:colcon.colcon_core.package_identification:_identify(src/ros_tutorials/ros_tutorials) ignored
[0.806s] Level 1:colcon.colcon_core.package_identification:_identify(src/ros_tutorials/roscpp_tutorials) by extensions ['ignore', 'ignore_ament_install']
[0.806s] Level 1:colcon.colcon_core.package_identification:_identify(src/ros_tutorials/roscpp_tutorials) by extension 'ignore'
[0.806s] Level 1:colcon.colcon_core.package_identification:_identify(src/ros_tutorials/roscpp_tutorials) ignored
[0.806s] Level 1:colcon.colcon_core.package_identification:_identify(src/ros_tutorials/rospy_tutorials) by extensions ['ignore', 'ignore_ament_install']
[0.806s] Level 1:colcon.colcon_core.package_identification:_identify(src/ros_tutorials/rospy_tutorials) by extension 'ignore'
[0.806s] Level 1:colcon.colcon_core.package_identification:_identify(src/ros_tutorials/rospy_tutorials) ignored
[0.807s] Level 1:colcon.colcon_core.package_identification:_identify(src/ros_tutorials/turtlesim) by extensions ['ignore', 'ignore_ament_install']
[0.807s] Level 1:colcon.colcon_core.package_identification:_identify(src/ros_tutorials/turtlesim) by extension 'ignore'
[0.807s] Level 1:colcon.colcon_core.package_identification:_identify(src/ros_tutorials/turtlesim) by extension 'ignore_ament_install'
[0.807s] Level 1:colcon.colcon_core.package_identification:_identify(src/ros_tutorials/turtlesim) by extensions ['colcon_pkg']
[0.807s] Level 1:colcon.colcon_core.package_identification:_identify(src/ros_tutorials/turtlesim) by extension 'colcon_pkg'
[0.807s] Level 1:colcon.colcon_core.package_identification:_identify(src/ros_tutorials/turtlesim) by extensions ['colcon_meta']
[0.807s] Level 1:colcon.colcon_core.package_identification:_identify(src/ros_tutorials/turtlesim) by extension 'colcon_meta'
[0.807s] Level 1:colcon.colcon_core.package_identification:_identify(src/ros_tutorials/turtlesim) by extensions ['ros']
[0.807s] Level 1:colcon.colcon_core.package_identification:_identify(src/ros_tutorials/turtlesim) by extension 'ros'
[0.809s] DEBUG:colcon.colcon_core.package_identification:Package 'src/ros_tutorials/turtlesim' with type 'ros.ament_cmake' and name 'turtlesim'
[0.809s] Level 1:colcon.colcon_core.package_identification:_identify(src/rosbag2_2025_07_21-14_34_13) by extensions ['ignore', 'ignore_ament_install']
[0.809s] Level 1:colcon.colcon_core.package_identification:_identify(src/rosbag2_2025_07_21-14_34_13) by extension 'ignore'
[0.809s] Level 1:colcon.colcon_core.package_identification:_identify(src/rosbag2_2025_07_21-14_34_13) by extension 'ignore_ament_install'
[0.809s] Level 1:colcon.colcon_core.package_identification:_identify(src/rosbag2_2025_07_21-14_34_13) by extensions ['colcon_pkg']
[0.809s] Level 1:colcon.colcon_core.package_identification:_identify(src/rosbag2_2025_07_21-14_34_13) by extension 'colcon_pkg'
[0.809s] Level 1:colcon.colcon_core.package_identification:_identify(src/rosbag2_2025_07_21-14_34_13) by extensions ['colcon_meta']
[0.809s] Level 1:colcon.colcon_core.package_identification:_identify(src/rosbag2_2025_07_21-14_34_13) by extension 'colcon_meta'
[0.809s] Level 1:colcon.colcon_core.package_identification:_identify(src/rosbag2_2025_07_21-14_34_13) by extensions ['ros']
[0.809s] Level 1:colcon.colcon_core.package_identification:_identify(src/rosbag2_2025_07_21-14_34_13) by extension 'ros'
[0.810s] Level 1:colcon.colcon_core.package_identification:_identify(src/rosbag2_2025_07_21-14_34_13) by extensions ['cmake', 'python']
[0.810s] Level 1:colcon.colcon_core.package_identification:_identify(src/rosbag2_2025_07_21-14_34_13) by extension 'cmake'
[0.810s] Level 1:colcon.colcon_core.package_identification:_identify(src/rosbag2_2025_07_21-14_34_13) by extension 'python'
[0.810s] Level 1:colcon.colcon_core.package_identification:_identify(src/rosbag2_2025_07_21-14_34_13) by extensions ['python_setup_py']
[0.810s] Level 1:colcon.colcon_core.package_identification:_identify(src/rosbag2_2025_07_21-14_34_13) by extension 'python_setup_py'
[0.810s] Level 1:colcon.colcon_core.package_identification:_identify(src/rosbag2_2025_07_28-14_07_34) by extensions ['ignore', 'ignore_ament_install']
[0.810s] Level 1:colcon.colcon_core.package_identification:_identify(src/rosbag2_2025_07_28-14_07_34) by extension 'ignore'
[0.811s] Level 1:colcon.colcon_core.package_identification:_identify(src/rosbag2_2025_07_28-14_07_34) by extension 'ignore_ament_install'
[0.811s] Level 1:colcon.colcon_core.package_identification:_identify(src/rosbag2_2025_07_28-14_07_34) by extensions ['colcon_pkg']
[0.811s] Level 1:colcon.colcon_core.package_identification:_identify(src/rosbag2_2025_07_28-14_07_34) by extension 'colcon_pkg'
[0.811s] Level 1:colcon.colcon_core.package_identification:_identify(src/rosbag2_2025_07_28-14_07_34) by extensions ['colcon_meta']
[0.811s] Level 1:colcon.colcon_core.package_identification:_identify(src/rosbag2_2025_07_28-14_07_34) by extension 'colcon_meta'
[0.811s] Level 1:colcon.colcon_core.package_identification:_identify(src/rosbag2_2025_07_28-14_07_34) by extensions ['ros']
[0.811s] Level 1:colcon.colcon_core.package_identification:_identify(src/rosbag2_2025_07_28-14_07_34) by extension 'ros'
[0.811s] Level 1:colcon.colcon_core.package_identification:_identify(src/rosbag2_2025_07_28-14_07_34) by extensions ['cmake', 'python']
[0.811s] Level 1:colcon.colcon_core.package_identification:_identify(src/rosbag2_2025_07_28-14_07_34) by extension 'cmake'
[0.811s] Level 1:colcon.colcon_core.package_identification:_identify(src/rosbag2_2025_07_28-14_07_34) by extension 'python'
[0.811s] Level 1:colcon.colcon_core.package_identification:_identify(src/rosbag2_2025_07_28-14_07_34) by extensions ['python_setup_py']
[0.811s] Level 1:colcon.colcon_core.package_identification:_identify(src/rosbag2_2025_07_28-14_07_34) by extension 'python_setup_py'
[0.811s] Level 1:colcon.colcon_core.package_discovery:discover_packages(recursive) using defaults
[0.811s] Level 1:colcon.colcon_core.package_discovery:discover_packages(ignore) discover
[0.812s] Level 1:colcon.colcon_core.package_discovery:discover_packages(ignore) using defaults
[0.812s] Level 1:colcon.colcon_core.package_discovery:discover_packages(path) discover
[0.812s] Level 1:colcon.colcon_core.package_discovery:discover_packages(path) using defaults
[0.870s] Level 1:colcon.colcon_core.package_discovery:discover_packages(prefix_path) check parameters
[0.871s] Level 1:colcon.colcon_core.package_discovery:discover_packages(prefix_path) discover
[0.886s] DEBUG:colcon.colcon_installed_package_information.package_discovery:Found 28 installed packages in /home/vboxuser/ros2_ws/install
[0.898s] DEBUG:colcon.colcon_installed_package_information.package_discovery:Found 358 installed packages in /home/vboxuser/ros2_iron/install
[0.903s] DEBUG:colcon.colcon_installed_package_information.package_discovery:Found 178 installed packages in /opt/ros/iron
[0.911s] Level 1:colcon.colcon_core.package_discovery:discover_packages(prefix_path) using defaults
[0.981s] Level 5:colcon.colcon_core.verb:set package 'bms_visualizer' build argument 'cmake_args' from command line to 'None'
[0.985s] Level 5:colcon.colcon_core.verb:set package 'bms_visualizer' build argument 'cmake_target' from command line to 'None'
[0.987s] Level 5:colcon.colcon_core.verb:set package 'bms_visualizer' build argument 'cmake_target_skip_unavailable' from command line to 'False'
[0.987s] Level 5:colcon.colcon_core.verb:set package 'bms_visualizer' build argument 'cmake_clean_cache' from command line to 'False'
[0.987s] Level 5:colcon.colcon_core.verb:set package 'bms_visualizer' build argument 'cmake_clean_first' from command line to 'False'
[0.987s] Level 5:colcon.colcon_core.verb:set package 'bms_visualizer' build argument 'cmake_force_configure' from command line to 'False'
[0.987s] Level 5:colcon.colcon_core.verb:set package 'bms_visualizer' build argument 'ament_cmake_args' from command line to 'None'
[0.987s] Level 5:colcon.colcon_core.verb:set package 'bms_visualizer' build argument 'catkin_cmake_args' from command line to 'None'
[0.987s] Level 5:colcon.colcon_core.verb:set package 'bms_visualizer' build argument 'catkin_skip_building_tests' from command line to 'False'
[0.988s] DEBUG:colcon.colcon_core.verb:Building package 'bms_visualizer' with the following arguments: {'ament_cmake_args': None, 'build_base': '/home/vboxuser/ros2_ws/build/bms_visualizer', 'catkin_cmake_args': None, 'catkin_skip_building_tests': False, 'cmake_args': None, 'cmake_clean_cache': False, 'cmake_clean_first': False, 'cmake_force_configure': False, 'cmake_target': None, 'cmake_target_skip_unavailable': False, 'install_base': '/home/vboxuser/ros2_ws/install/bms_visualizer', 'merge_install': False, 'path': '/home/vboxuser/ros2_ws/src/BMS_BQ769X2/src/bms_visualizer', 'symlink_install': False, 'test_result_base': None}
[0.988s] Level 5:colcon.colcon_core.verb:set package 'bq769x2_i2c_ros' build argument 'cmake_args' from command line to 'None'
[0.989s] Level 5:colcon.colcon_core.verb:set package 'bq769x2_i2c_ros' build argument 'cmake_target' from command line to 'None'
[0.989s] Level 5:colcon.colcon_core.verb:set package 'bq769x2_i2c_ros' build argument 'cmake_target_skip_unavailable' from command line to 'False'
[0.989s] Level 5:colcon.colcon_core.verb:set package 'bq769x2_i2c_ros' build argument 'cmake_clean_cache' from command line to 'False'
[0.989s] Level 5:colcon.colcon_core.verb:set package 'bq769x2_i2c_ros' build argument 'cmake_clean_first' from command line to 'False'
[0.989s] Level 5:colcon.colcon_core.verb:set package 'bq769x2_i2c_ros' build argument 'cmake_force_configure' from command line to 'False'
[0.989s] Level 5:colcon.colcon_core.verb:set package 'bq769x2_i2c_ros' build argument 'ament_cmake_args' from command line to 'None'
[0.989s] Level 5:colcon.colcon_core.verb:set package 'bq769x2_i2c_ros' build argument 'catkin_cmake_args' from command line to 'None'
[0.989s] Level 5:colcon.colcon_core.verb:set package 'bq769x2_i2c_ros' build argument 'catkin_skip_building_tests' from command line to 'False'
[0.989s] DEBUG:colcon.colcon_core.verb:Building package 'bq769x2_i2c_ros' with the following arguments: {'ament_cmake_args': None, 'build_base': '/home/vboxuser/ros2_ws/build/bq769x2_i2c_ros', 'catkin_cmake_args': None, 'catkin_skip_building_tests': False, 'cmake_args': None, 'cmake_clean_cache': False, 'cmake_clean_first': False, 'cmake_force_configure': False, 'cmake_target': None, 'cmake_target_skip_unavailable': False, 'install_base': '/home/vboxuser/ros2_ws/install/bq769x2_i2c_ros', 'merge_install': False, 'path': '/home/vboxuser/ros2_ws/src/BMS_BQ769X2/src/bq769x2_i2c_ros', 'symlink_install': False, 'test_result_base': None}
[0.990s] Level 5:colcon.colcon_core.verb:set package 'examples_rclcpp_async_client' build argument 'cmake_args' from command line to 'None'
[0.990s] Level 5:colcon.colcon_core.verb:set package 'examples_rclcpp_async_client' build argument 'cmake_target' from command line to 'None'
[0.990s] Level 5:colcon.colcon_core.verb:set package 'examples_rclcpp_async_client' build argument 'cmake_target_skip_unavailable' from command line to 'False'
[0.990s] Level 5:colcon.colcon_core.verb:set package 'examples_rclcpp_async_client' build argument 'cmake_clean_cache' from command line to 'False'
[0.990s] Level 5:colcon.colcon_core.verb:set package 'examples_rclcpp_async_client' build argument 'cmake_clean_first' from command line to 'False'
[0.990s] Level 5:colcon.colcon_core.verb:set package 'examples_rclcpp_async_client' build argument 'cmake_force_configure' from command line to 'False'
[0.990s] Level 5:colcon.colcon_core.verb:set package 'examples_rclcpp_async_client' build argument 'ament_cmake_args' from command line to 'None'
[0.990s] Level 5:colcon.colcon_core.verb:set package 'examples_rclcpp_async_client' build argument 'catkin_cmake_args' from command line to 'None'
[0.990s] Level 5:colcon.colcon_core.verb:set package 'examples_rclcpp_async_client' build argument 'catkin_skip_building_tests' from command line to 'False'
[0.990s] DEBUG:colcon.colcon_core.verb:Building package 'examples_rclcpp_async_client' with the following arguments: {'ament_cmake_args': None, 'build_base': '/home/vboxuser/ros2_ws/build/examples_rclcpp_async_client', 'catkin_cmake_args': None, 'catkin_skip_building_tests': False, 'cmake_args': None, 'cmake_clean_cache': False, 'cmake_clean_first': False, 'cmake_force_configure': False, 'cmake_target': None, 'cmake_target_skip_unavailable': False, 'install_base': '/home/vboxuser/ros2_ws/install/examples_rclcpp_async_client', 'merge_install': False, 'path': '/home/vboxuser/ros2_ws/src/examples/rclcpp/services/async_client', 'symlink_install': False, 'test_result_base': None}
[0.991s] Level 5:colcon.colcon_core.verb:set package 'examples_rclcpp_cbg_executor' build argument 'cmake_args' from command line to 'None'
[0.991s] Level 5:colcon.colcon_core.verb:set package 'examples_rclcpp_cbg_executor' build argument 'cmake_target' from command line to 'None'
[0.991s] Level 5:colcon.colcon_core.verb:set package 'examples_rclcpp_cbg_executor' build argument 'cmake_target_skip_unavailable' from command line to 'False'
[0.991s] Level 5:colcon.colcon_core.verb:set package 'examples_rclcpp_cbg_executor' build argument 'cmake_clean_cache' from command line to 'False'
[0.991s] Level 5:colcon.colcon_core.verb:set package 'examples_rclcpp_cbg_executor' build argument 'cmake_clean_first' from command line to 'False'
[0.991s] Level 5:colcon.colcon_core.verb:set package 'examples_rclcpp_cbg_executor' build argument 'cmake_force_configure' from command line to 'False'
[0.991s] Level 5:colcon.colcon_core.verb:set package 'examples_rclcpp_cbg_executor' build argument 'ament_cmake_args' from command line to 'None'
[0.991s] Level 5:colcon.colcon_core.verb:set package 'examples_rclcpp_cbg_executor' build argument 'catkin_cmake_args' from command line to 'None'
[0.991s] Level 5:colcon.colcon_core.verb:set package 'examples_rclcpp_cbg_executor' build argument 'catkin_skip_building_tests' from command line to 'False'
[0.991s] DEBUG:colcon.colcon_core.verb:Building package 'examples_rclcpp_cbg_executor' with the following arguments: {'ament_cmake_args': None, 'build_base': '/home/vboxuser/ros2_ws/build/examples_rclcpp_cbg_executor', 'catkin_cmake_args': None, 'catkin_skip_building_tests': False, 'cmake_args': None, 'cmake_clean_cache': False, 'cmake_clean_first': False, 'cmake_force_configure': False, 'cmake_target': None, 'cmake_target_skip_unavailable': False, 'install_base': '/home/vboxuser/ros2_ws/install/examples_rclcpp_cbg_executor', 'merge_install': False, 'path': '/home/vboxuser/ros2_ws/src/examples/rclcpp/executors/cbg_executor', 'symlink_install': False, 'test_result_base': None}
[0.992s] Level 5:colcon.colcon_core.verb:set package 'examples_rclcpp_minimal_action_client' build argument 'cmake_args' from command line to 'None'
[0.992s] Level 5:colcon.colcon_core.verb:set package 'examples_rclcpp_minimal_action_client' build argument 'cmake_target' from command line to 'None'
[0.992s] Level 5:colcon.colcon_core.verb:set package 'examples_rclcpp_minimal_action_client' build argument 'cmake_target_skip_unavailable' from command line to 'False'
[0.992s] Level 5:colcon.colcon_core.verb:set package 'examples_rclcpp_minimal_action_client' build argument 'cmake_clean_cache' from command line to 'False'
[0.992s] Level 5:colcon.colcon_core.verb:set package 'examples_rclcpp_minimal_action_client' build argument 'cmake_clean_first' from command line to 'False'
[0.992s] Level 5:colcon.colcon_core.verb:set package 'examples_rclcpp_minimal_action_client' build argument 'cmake_force_configure' from command line to 'False'
[0.992s] Level 5:colcon.colcon_core.verb:set package 'examples_rclcpp_minimal_action_client' build argument 'ament_cmake_args' from command line to 'None'
[0.992s] Level 5:colcon.colcon_core.verb:set package 'examples_rclcpp_minimal_action_client' build argument 'catkin_cmake_args' from command line to 'None'
[0.992s] Level 5:colcon.colcon_core.verb:set package 'examples_rclcpp_minimal_action_client' build argument 'catkin_skip_building_tests' from command line to 'False'
[0.992s] DEBUG:colcon.colcon_core.verb:Building package 'examples_rclcpp_minimal_action_client' with the following arguments: {'ament_cmake_args': None, 'build_base': '/home/vboxuser/ros2_ws/build/examples_rclcpp_minimal_action_client', 'catkin_cmake_args': None, 'catkin_skip_building_tests': False, 'cmake_args': None, 'cmake_clean_cache': False, 'cmake_clean_first': False, 'cmake_force_configure': False, 'cmake_target': None, 'cmake_target_skip_unavailable': False, 'install_base': '/home/vboxuser/ros2_ws/install/examples_rclcpp_minimal_action_client', 'merge_install': False, 'path': '/home/vboxuser/ros2_ws/src/examples/rclcpp/actions/minimal_action_client', 'symlink_install': False, 'test_result_base': None}
[0.993s] Level 5:colcon.colcon_core.verb:set package 'examples_rclcpp_minimal_action_server' build argument 'cmake_args' from command line to 'None'
[0.993s] Level 5:colcon.colcon_core.verb:set package 'examples_rclcpp_minimal_action_server' build argument 'cmake_target' from command line to 'None'
[0.993s] Level 5:colcon.colcon_core.verb:set package 'examples_rclcpp_minimal_action_server' build argument 'cmake_target_skip_unavailable' from command line to 'False'
[0.993s] Level 5:colcon.colcon_core.verb:set package 'examples_rclcpp_minimal_action_server' build argument 'cmake_clean_cache' from command line to 'False'
[0.993s] Level 5:colcon.colcon_core.verb:set package 'examples_rclcpp_minimal_action_server' build argument 'cmake_clean_first' from command line to 'False'
[0.993s] Level 5:colcon.colcon_core.verb:set package 'examples_rclcpp_minimal_action_server' build argument 'cmake_force_configure' from command line to 'False'
[0.993s] Level 5:colcon.colcon_core.verb:set package 'examples_rclcpp_minimal_action_server' build argument 'ament_cmake_args' from command line to 'None'
[0.993s] Level 5:colcon.colcon_core.verb:set package 'examples_rclcpp_minimal_action_server' build argument 'catkin_cmake_args' from command line to 'None'
[0.993s] Level 5:colcon.colcon_core.verb:set package 'examples_rclcpp_minimal_action_server' build argument 'catkin_skip_building_tests' from command line to 'False'
[0.993s] DEBUG:colcon.colcon_core.verb:Building package 'examples_rclcpp_minimal_action_server' with the following arguments: {'ament_cmake_args': None, 'build_base': '/home/vboxuser/ros2_ws/build/examples_rclcpp_minimal_action_server', 'catkin_cmake_args': None, 'catkin_skip_building_tests': False, 'cmake_args': None, 'cmake_clean_cache': False, 'cmake_clean_first': False, 'cmake_force_configure': False, 'cmake_target': None, 'cmake_target_skip_unavailable': False, 'install_base': '/home/vboxuser/ros2_ws/install/examples_rclcpp_minimal_action_server', 'merge_install': False, 'path': '/home/vboxuser/ros2_ws/src/examples/rclcpp/actions/minimal_action_server', 'symlink_install': False, 'test_result_base': None}
[0.994s] Level 5:colcon.colcon_core.verb:set package 'examples_rclcpp_minimal_client' build argument 'cmake_args' from command line to 'None'
[0.994s] Level 5:colcon.colcon_core.verb:set package 'examples_rclcpp_minimal_client' build argument 'cmake_target' from command line to 'None'
[0.994s] Level 5:colcon.colcon_core.verb:set package 'examples_rclcpp_minimal_client' build argument 'cmake_target_skip_unavailable' from command line to 'False'
[0.994s] Level 5:colcon.colcon_core.verb:set package 'examples_rclcpp_minimal_client' build argument 'cmake_clean_cache' from command line to 'False'
[0.994s] Level 5:colcon.colcon_core.verb:set package 'examples_rclcpp_minimal_client' build argument 'cmake_clean_first' from command line to 'False'
[0.994s] Level 5:colcon.colcon_core.verb:set package 'examples_rclcpp_minimal_client' build argument 'cmake_force_configure' from command line to 'False'
[0.994s] Level 5:colcon.colcon_core.verb:set package 'examples_rclcpp_minimal_client' build argument 'ament_cmake_args' from command line to 'None'
[0.994s] Level 5:colcon.colcon_core.verb:set package 'examples_rclcpp_minimal_client' build argument 'catkin_cmake_args' from command line to 'None'
[0.995s] Level 5:colcon.colcon_core.verb:set package 'examples_rclcpp_minimal_client' build argument 'catkin_skip_building_tests' from command line to 'False'
[0.995s] DEBUG:colcon.colcon_core.verb:Building package 'examples_rclcpp_minimal_client' with the following arguments: {'ament_cmake_args': None, 'build_base': '/home/vboxuser/ros2_ws/build/examples_rclcpp_minimal_client', 'catkin_cmake_args': None, 'catkin_skip_building_tests': False, 'cmake_args': None, 'cmake_clean_cache': False, 'cmake_clean_first': False, 'cmake_force_configure': False, 'cmake_target': None, 'cmake_target_skip_unavailable': False, 'install_base': '/home/vboxuser/ros2_ws/install/examples_rclcpp_minimal_client', 'merge_install': False, 'path': '/home/vboxuser/ros2_ws/src/examples/rclcpp/services/minimal_client', 'symlink_install': False, 'test_result_base': None}
[0.995s] Level 5:colcon.colcon_core.verb:set package 'examples_rclcpp_minimal_composition' build argument 'cmake_args' from command line to 'None'
[0.995s] Level 5:colcon.colcon_core.verb:set package 'examples_rclcpp_minimal_composition' build argument 'cmake_target' from command line to 'None'
[0.995s] Level 5:colcon.colcon_core.verb:set package 'examples_rclcpp_minimal_composition' build argument 'cmake_target_skip_unavailable' from command line to 'False'
[0.996s] Level 5:colcon.colcon_core.verb:set package 'examples_rclcpp_minimal_composition' build argument 'cmake_clean_cache' from command line to 'False'
[0.996s] Level 5:colcon.colcon_core.verb:set package 'examples_rclcpp_minimal_composition' build argument 'cmake_clean_first' from command line to 'False'
[0.996s] Level 5:colcon.colcon_core.verb:set package 'examples_rclcpp_minimal_composition' build argument 'cmake_force_configure' from command line to 'False'
[0.996s] Level 5:colcon.colcon_core.verb:set package 'examples_rclcpp_minimal_composition' build argument 'ament_cmake_args' from command line to 'None'
[0.996s] Level 5:colcon.colcon_core.verb:set package 'examples_rclcpp_minimal_composition' build argument 'catkin_cmake_args' from command line to 'None'
[0.996s] Level 5:colcon.colcon_core.verb:set package 'examples_rclcpp_minimal_composition' build argument 'catkin_skip_building_tests' from command line to 'False'
[0.996s] DEBUG:colcon.colcon_core.verb:Building package 'examples_rclcpp_minimal_composition' with the following arguments: {'ament_cmake_args': None, 'build_base': '/home/vboxuser/ros2_ws/build/examples_rclcpp_minimal_composition', 'catkin_cmake_args': None, 'catkin_skip_building_tests': False, 'cmake_args': None, 'cmake_clean_cache': False, 'cmake_clean_first': False, 'cmake_force_configure': False, 'cmake_target': None, 'cmake_target_skip_unavailable': False, 'install_base': '/home/vboxuser/ros2_ws/install/examples_rclcpp_minimal_composition', 'merge_install': False, 'path': '/home/vboxuser/ros2_ws/src/examples/rclcpp/composition/minimal_composition', 'symlink_install': False, 'test_result_base': None}
[0.996s] Level 5:colcon.colcon_core.verb:set package 'examples_rclcpp_minimal_publisher' build argument 'cmake_args' from command line to 'None'
[0.996s] Level 5:colcon.colcon_core.verb:set package 'examples_rclcpp_minimal_publisher' build argument 'cmake_target' from command line to 'None'
[0.996s] Level 5:colcon.colcon_core.verb:set package 'examples_rclcpp_minimal_publisher' build argument 'cmake_target_skip_unavailable' from command line to 'False'
[0.996s] Level 5:colcon.colcon_core.verb:set package 'examples_rclcpp_minimal_publisher' build argument 'cmake_clean_cache' from command line to 'False'
[0.996s] Level 5:colcon.colcon_core.verb:set package 'examples_rclcpp_minimal_publisher' build argument 'cmake_clean_first' from command line to 'False'
[0.996s] Level 5:colcon.colcon_core.verb:set package 'examples_rclcpp_minimal_publisher' build argument 'cmake_force_configure' from command line to 'False'
[0.996s] Level 5:colcon.colcon_core.verb:set package 'examples_rclcpp_minimal_publisher' build argument 'ament_cmake_args' from command line to 'None'
[0.997s] Level 5:colcon.colcon_core.verb:set package 'examples_rclcpp_minimal_publisher' build argument 'catkin_cmake_args' from command line to 'None'
[0.997s] Level 5:colcon.colcon_core.verb:set package 'examples_rclcpp_minimal_publisher' build argument 'catkin_skip_building_tests' from command line to 'False'
[0.997s] DEBUG:colcon.colcon_core.verb:Building package 'examples_rclcpp_minimal_publisher' with the following arguments: {'ament_cmake_args': None, 'build_base': '/home/vboxuser/ros2_ws/build/examples_rclcpp_minimal_publisher', 'catkin_cmake_args': None, 'catkin_skip_building_tests': False, 'cmake_args': None, 'cmake_clean_cache': False, 'cmake_clean_first': False, 'cmake_force_configure': False, 'cmake_target': None, 'cmake_target_skip_unavailable': False, 'install_base': '/home/vboxuser/ros2_ws/install/examples_rclcpp_minimal_publisher', 'merge_install': False, 'path': '/home/vboxuser/ros2_ws/src/examples/rclcpp/topics/minimal_publisher', 'symlink_install': False, 'test_result_base': None}
[0.997s] Level 5:colcon.colcon_core.verb:set package 'examples_rclcpp_minimal_service' build argument 'cmake_args' from command line to 'None'
[0.997s] Level 5:colcon.colcon_core.verb:set package 'examples_rclcpp_minimal_service' build argument 'cmake_target' from command line to 'None'
[0.997s] Level 5:colcon.colcon_core.verb:set package 'examples_rclcpp_minimal_service' build argument 'cmake_target_skip_unavailable' from command line to 'False'
[0.997s] Level 5:colcon.colcon_core.verb:set package 'examples_rclcpp_minimal_service' build argument 'cmake_clean_cache' from command line to 'False'
[0.997s] Level 5:colcon.colcon_core.verb:set package 'examples_rclcpp_minimal_service' build argument 'cmake_clean_first' from command line to 'False'
[0.997s] Level 5:colcon.colcon_core.verb:set package 'examples_rclcpp_minimal_service' build argument 'cmake_force_configure' from command line to 'False'
[0.997s] Level 5:colcon.colcon_core.verb:set package 'examples_rclcpp_minimal_service' build argument 'ament_cmake_args' from command line to 'None'
[0.998s] Level 5:colcon.colcon_core.verb:set package 'examples_rclcpp_minimal_service' build argument 'catkin_cmake_args' from command line to 'None'
[0.998s] Level 5:colcon.colcon_core.verb:set package 'examples_rclcpp_minimal_service' build argument 'catkin_skip_building_tests' from command line to 'False'
[0.998s] DEBUG:colcon.colcon_core.verb:Building package 'examples_rclcpp_minimal_service' with the following arguments: {'ament_cmake_args': None, 'build_base': '/home/vboxuser/ros2_ws/build/examples_rclcpp_minimal_service', 'catkin_cmake_args': None, 'catkin_skip_building_tests': False, 'cmake_args': None, 'cmake_clean_cache': False, 'cmake_clean_first': False, 'cmake_force_configure': False, 'cmake_target': None, 'cmake_target_skip_unavailable': False, 'install_base': '/home/vboxuser/ros2_ws/install/examples_rclcpp_minimal_service', 'merge_install': False, 'path': '/home/vboxuser/ros2_ws/src/examples/rclcpp/services/minimal_service', 'symlink_install': False, 'test_result_base': None}
[0.998s] Level 5:colcon.colcon_core.verb:set package 'examples_rclcpp_minimal_subscriber' build argument 'cmake_args' from command line to 'None'
[0.998s] Level 5:colcon.colcon_core.verb:set package 'examples_rclcpp_minimal_subscriber' build argument 'cmake_target' from command line to 'None'
[0.998s] Level 5:colcon.colcon_core.verb:set package 'examples_rclcpp_minimal_subscriber' build argument 'cmake_target_skip_unavailable' from command line to 'False'
[0.998s] Level 5:colcon.colcon_core.verb:set package 'examples_rclcpp_minimal_subscriber' build argument 'cmake_clean_cache' from command line to 'False'
[0.998s] Level 5:colcon.colcon_core.verb:set package 'examples_rclcpp_minimal_subscriber' build argument 'cmake_clean_first' from command line to 'False'
[0.998s] Level 5:colcon.colcon_core.verb:set package 'examples_rclcpp_minimal_subscriber' build argument 'cmake_force_configure' from command line to 'False'
[0.998s] Level 5:colcon.colcon_core.verb:set package 'examples_rclcpp_minimal_subscriber' build argument 'ament_cmake_args' from command line to 'None'
[0.998s] Level 5:colcon.colcon_core.verb:set package 'examples_rclcpp_minimal_subscriber' build argument 'catkin_cmake_args' from command line to 'None'
[0.998s] Level 5:colcon.colcon_core.verb:set package 'examples_rclcpp_minimal_subscriber' build argument 'catkin_skip_building_tests' from command line to 'False'
[0.998s] DEBUG:colcon.colcon_core.verb:Building package 'examples_rclcpp_minimal_subscriber' with the following arguments: {'ament_cmake_args': None, 'build_base': '/home/vboxuser/ros2_ws/build/examples_rclcpp_minimal_subscriber', 'catkin_cmake_args': None, 'catkin_skip_building_tests': False, 'cmake_args': None, 'cmake_clean_cache': False, 'cmake_clean_first': False, 'cmake_force_configure': False, 'cmake_target': None, 'cmake_target_skip_unavailable': False, 'install_base': '/home/vboxuser/ros2_ws/install/examples_rclcpp_minimal_subscriber', 'merge_install': False, 'path': '/home/vboxuser/ros2_ws/src/examples/rclcpp/topics/minimal_subscriber', 'symlink_install': False, 'test_result_base': None}
[0.999s] Level 5:colcon.colcon_core.verb:set package 'examples_rclcpp_minimal_timer' build argument 'cmake_args' from command line to 'None'
[0.999s] Level 5:colcon.colcon_core.verb:set package 'examples_rclcpp_minimal_timer' build argument 'cmake_target' from command line to 'None'
[0.999s] Level 5:colcon.colcon_core.verb:set package 'examples_rclcpp_minimal_timer' build argument 'cmake_target_skip_unavailable' from command line to 'False'
[0.999s] Level 5:colcon.colcon_core.verb:set package 'examples_rclcpp_minimal_timer' build argument 'cmake_clean_cache' from command line to 'False'
[0.999s] Level 5:colcon.colcon_core.verb:set package 'examples_rclcpp_minimal_timer' build argument 'cmake_clean_first' from command line to 'False'
[0.999s] Level 5:colcon.colcon_core.verb:set package 'examples_rclcpp_minimal_timer' build argument 'cmake_force_configure' from command line to 'False'
[0.999s] Level 5:colcon.colcon_core.verb:set package 'examples_rclcpp_minimal_timer' build argument 'ament_cmake_args' from command line to 'None'
[0.999s] Level 5:colcon.colcon_core.verb:set package 'examples_rclcpp_minimal_timer' build argument 'catkin_cmake_args' from command line to 'None'
[0.999s] Level 5:colcon.colcon_core.verb:set package 'examples_rclcpp_minimal_timer' build argument 'catkin_skip_building_tests' from command line to 'False'
[1.000s] DEBUG:colcon.colcon_core.verb:Building package 'examples_rclcpp_minimal_timer' with the following arguments: {'ament_cmake_args': None, 'build_base': '/home/vboxuser/ros2_ws/build/examples_rclcpp_minimal_timer', 'catkin_cmake_args': None, 'catkin_skip_building_tests': False, 'cmake_args': None, 'cmake_clean_cache': False, 'cmake_clean_first': False, 'cmake_force_configure': False, 'cmake_target': None, 'cmake_target_skip_unavailable': False, 'install_base': '/home/vboxuser/ros2_ws/install/examples_rclcpp_minimal_timer', 'merge_install': False, 'path': '/home/vboxuser/ros2_ws/src/examples/rclcpp/timers/minimal_timer', 'symlink_install': False, 'test_result_base': None}
[1.000s] Level 5:colcon.colcon_core.verb:set package 'examples_rclcpp_multithreaded_executor' build argument 'cmake_args' from command line to 'None'
[1.000s] Level 5:colcon.colcon_core.verb:set package 'examples_rclcpp_multithreaded_executor' build argument 'cmake_target' from command line to 'None'
[1.000s] Level 5:colcon.colcon_core.verb:set package 'examples_rclcpp_multithreaded_executor' build argument 'cmake_target_skip_unavailable' from command line to 'False'
[1.000s] Level 5:colcon.colcon_core.verb:set package 'examples_rclcpp_multithreaded_executor' build argument 'cmake_clean_cache' from command line to 'False'
[1.000s] Level 5:colcon.colcon_core.verb:set package 'examples_rclcpp_multithreaded_executor' build argument 'cmake_clean_first' from command line to 'False'
[1.000s] Level 5:colcon.colcon_core.verb:set package 'examples_rclcpp_multithreaded_executor' build argument 'cmake_force_configure' from command line to 'False'
[1.000s] Level 5:colcon.colcon_core.verb:set package 'examples_rclcpp_multithreaded_executor' build argument 'ament_cmake_args' from command line to 'None'
[1.000s] Level 5:colcon.colcon_core.verb:set package 'examples_rclcpp_multithreaded_executor' build argument 'catkin_cmake_args' from command line to 'None'
[1.000s] Level 5:colcon.colcon_core.verb:set package 'examples_rclcpp_multithreaded_executor' build argument 'catkin_skip_building_tests' from command line to 'False'
[1.001s] DEBUG:colcon.colcon_core.verb:Building package 'examples_rclcpp_multithreaded_executor' with the following arguments: {'ament_cmake_args': None, 'build_base': '/home/vboxuser/ros2_ws/build/examples_rclcpp_multithreaded_executor', 'catkin_cmake_args': None, 'catkin_skip_building_tests': False, 'cmake_args': None, 'cmake_clean_cache': False, 'cmake_clean_first': False, 'cmake_force_configure': False, 'cmake_target': None, 'cmake_target_skip_unavailable': False, 'install_base': '/home/vboxuser/ros2_ws/install/examples_rclcpp_multithreaded_executor', 'merge_install': False, 'path': '/home/vboxuser/ros2_ws/src/examples/rclcpp/executors/multithreaded_executor', 'symlink_install': False, 'test_result_base': None}
[1.001s] Level 5:colcon.colcon_core.verb:set package 'examples_rclcpp_wait_set' build argument 'cmake_args' from command line to 'None'
[1.001s] Level 5:colcon.colcon_core.verb:set package 'examples_rclcpp_wait_set' build argument 'cmake_target' from command line to 'None'
[1.001s] Level 5:colcon.colcon_core.verb:set package 'examples_rclcpp_wait_set' build argument 'cmake_target_skip_unavailable' from command line to 'False'
[1.001s] Level 5:colcon.colcon_core.verb:set package 'examples_rclcpp_wait_set' build argument 'cmake_clean_cache' from command line to 'False'
[1.002s] Level 5:colcon.colcon_core.verb:set package 'examples_rclcpp_wait_set' build argument 'cmake_clean_first' from command line to 'False'
[1.002s] Level 5:colcon.colcon_core.verb:set package 'examples_rclcpp_wait_set' build argument 'cmake_force_configure' from command line to 'False'
[1.002s] Level 5:colcon.colcon_core.verb:set package 'examples_rclcpp_wait_set' build argument 'ament_cmake_args' from command line to 'None'
[1.002s] Level 5:colcon.colcon_core.verb:set package 'examples_rclcpp_wait_set' build argument 'catkin_cmake_args' from command line to 'None'
[1.002s] Level 5:colcon.colcon_core.verb:set package 'examples_rclcpp_wait_set' build argument 'catkin_skip_building_tests' from command line to 'False'
[1.002s] DEBUG:colcon.colcon_core.verb:Building package 'examples_rclcpp_wait_set' with the following arguments: {'ament_cmake_args': None, 'build_base': '/home/vboxuser/ros2_ws/build/examples_rclcpp_wait_set', 'catkin_cmake_args': None, 'catkin_skip_building_tests': False, 'cmake_args': None, 'cmake_clean_cache': False, 'cmake_clean_first': False, 'cmake_force_configure': False, 'cmake_target': None, 'cmake_target_skip_unavailable': False, 'install_base': '/home/vboxuser/ros2_ws/install/examples_rclcpp_wait_set', 'merge_install': False, 'path': '/home/vboxuser/ros2_ws/src/examples/rclcpp/wait_set', 'symlink_install': False, 'test_result_base': None}
[1.003s] Level 5:colcon.colcon_core.verb:set package 'examples_rclpy_executors' build argument 'cmake_args' from command line to 'None'
[1.003s] Level 5:colcon.colcon_core.verb:set package 'examples_rclpy_executors' build argument 'cmake_target' from command line to 'None'
[1.003s] Level 5:colcon.colcon_core.verb:set package 'examples_rclpy_executors' build argument 'cmake_target_skip_unavailable' from command line to 'False'
[1.003s] Level 5:colcon.colcon_core.verb:set package 'examples_rclpy_executors' build argument 'cmake_clean_cache' from command line to 'False'
[1.003s] Level 5:colcon.colcon_core.verb:set package 'examples_rclpy_executors' build argument 'cmake_clean_first' from command line to 'False'
[1.003s] Level 5:colcon.colcon_core.verb:set package 'examples_rclpy_executors' build argument 'cmake_force_configure' from command line to 'False'
[1.003s] Level 5:colcon.colcon_core.verb:set package 'examples_rclpy_executors' build argument 'ament_cmake_args' from command line to 'None'
[1.003s] Level 5:colcon.colcon_core.verb:set package 'examples_rclpy_executors' build argument 'catkin_cmake_args' from command line to 'None'
[1.003s] Level 5:colcon.colcon_core.verb:set package 'examples_rclpy_executors' build argument 'catkin_skip_building_tests' from command line to 'False'
[1.003s] DEBUG:colcon.colcon_core.verb:Building package 'examples_rclpy_executors' with the following arguments: {'ament_cmake_args': None, 'build_base': '/home/vboxuser/ros2_ws/build/examples_rclpy_executors', 'catkin_cmake_args': None, 'catkin_skip_building_tests': False, 'cmake_args': None, 'cmake_clean_cache': False, 'cmake_clean_first': False, 'cmake_force_configure': False, 'cmake_target': None, 'cmake_target_skip_unavailable': False, 'install_base': '/home/vboxuser/ros2_ws/install/examples_rclpy_executors', 'merge_install': False, 'path': '/home/vboxuser/ros2_ws/src/examples/rclpy/executors', 'symlink_install': False, 'test_result_base': None}
[1.004s] Level 5:colcon.colcon_core.verb:set package 'examples_rclpy_guard_conditions' build argument 'cmake_args' from command line to 'None'
[1.004s] Level 5:colcon.colcon_core.verb:set package 'examples_rclpy_guard_conditions' build argument 'cmake_target' from command line to 'None'
[1.004s] Level 5:colcon.colcon_core.verb:set package 'examples_rclpy_guard_conditions' build argument 'cmake_target_skip_unavailable' from command line to 'False'
[1.004s] Level 5:colcon.colcon_core.verb:set package 'examples_rclpy_guard_conditions' build argument 'cmake_clean_cache' from command line to 'False'
[1.004s] Level 5:colcon.colcon_core.verb:set package 'examples_rclpy_guard_conditions' build argument 'cmake_clean_first' from command line to 'False'
[1.004s] Level 5:colcon.colcon_core.verb:set package 'examples_rclpy_guard_conditions' build argument 'cmake_force_configure' from command line to 'False'
[1.005s] Level 5:colcon.colcon_core.verb:set package 'examples_rclpy_guard_conditions' build argument 'ament_cmake_args' from command line to 'None'
[1.005s] Level 5:colcon.colcon_core.verb:set package 'examples_rclpy_guard_conditions' build argument 'catkin_cmake_args' from command line to 'None'
[1.005s] Level 5:colcon.colcon_core.verb:set package 'examples_rclpy_guard_conditions' build argument 'catkin_skip_building_tests' from command line to 'False'
[1.005s] DEBUG:colcon.colcon_core.verb:Building package 'examples_rclpy_guard_conditions' with the following arguments: {'ament_cmake_args': None, 'build_base': '/home/vboxuser/ros2_ws/build/examples_rclpy_guard_conditions', 'catkin_cmake_args': None, 'catkin_skip_building_tests': False, 'cmake_args': None, 'cmake_clean_cache': False, 'cmake_clean_first': False, 'cmake_force_configure': False, 'cmake_target': None, 'cmake_target_skip_unavailable': False, 'install_base': '/home/vboxuser/ros2_ws/install/examples_rclpy_guard_conditions', 'merge_install': False, 'path': '/home/vboxuser/ros2_ws/src/examples/rclpy/guard_conditions', 'symlink_install': False, 'test_result_base': None}
[1.006s] Level 5:colcon.colcon_core.verb:set package 'examples_rclpy_minimal_action_client' build argument 'cmake_args' from command line to 'None'
[1.006s] Level 5:colcon.colcon_core.verb:set package 'examples_rclpy_minimal_action_client' build argument 'cmake_target' from command line to 'None'
[1.006s] Level 5:colcon.colcon_core.verb:set package 'examples_rclpy_minimal_action_client' build argument 'cmake_target_skip_unavailable' from command line to 'False'
[1.006s] Level 5:colcon.colcon_core.verb:set package 'examples_rclpy_minimal_action_client' build argument 'cmake_clean_cache' from command line to 'False'
[1.006s] Level 5:colcon.colcon_core.verb:set package 'examples_rclpy_minimal_action_client' build argument 'cmake_clean_first' from command line to 'False'
[1.006s] Level 5:colcon.colcon_core.verb:set package 'examples_rclpy_minimal_action_client' build argument 'cmake_force_configure' from command line to 'False'
[1.006s] Level 5:colcon.colcon_core.verb:set package 'examples_rclpy_minimal_action_client' build argument 'ament_cmake_args' from command line to 'None'
[1.006s] Level 5:colcon.colcon_core.verb:set package 'examples_rclpy_minimal_action_client' build argument 'catkin_cmake_args' from command line to 'None'
[1.006s] Level 5:colcon.colcon_core.verb:set package 'examples_rclpy_minimal_action_client' build argument 'catkin_skip_building_tests' from command line to 'False'
[1.006s] DEBUG:colcon.colcon_core.verb:Building package 'examples_rclpy_minimal_action_client' with the following arguments: {'ament_cmake_args': None, 'build_base': '/home/vboxuser/ros2_ws/build/examples_rclpy_minimal_action_client', 'catkin_cmake_args': None, 'catkin_skip_building_tests': False, 'cmake_args': None, 'cmake_clean_cache': False, 'cmake_clean_first': False, 'cmake_force_configure': False, 'cmake_target': None, 'cmake_target_skip_unavailable': False, 'install_base': '/home/vboxuser/ros2_ws/install/examples_rclpy_minimal_action_client', 'merge_install': False, 'path': '/home/vboxuser/ros2_ws/src/examples/rclpy/actions/minimal_action_client', 'symlink_install': False, 'test_result_base': None}
[1.009s] Level 5:colcon.colcon_core.verb:set package 'examples_rclpy_minimal_action_server' build argument 'cmake_args' from command line to 'None'
[1.009s] Level 5:colcon.colcon_core.verb:set package 'examples_rclpy_minimal_action_server' build argument 'cmake_target' from command line to 'None'
[1.009s] Level 5:colcon.colcon_core.verb:set package 'examples_rclpy_minimal_action_server' build argument 'cmake_target_skip_unavailable' from command line to 'False'
[1.010s] Level 5:colcon.colcon_core.verb:set package 'examples_rclpy_minimal_action_server' build argument 'cmake_clean_cache' from command line to 'False'
[1.010s] Level 5:colcon.colcon_core.verb:set package 'examples_rclpy_minimal_action_server' build argument 'cmake_clean_first' from command line to 'False'
[1.010s] Level 5:colcon.colcon_core.verb:set package 'examples_rclpy_minimal_action_server' build argument 'cmake_force_configure' from command line to 'False'
[1.010s] Level 5:colcon.colcon_core.verb:set package 'examples_rclpy_minimal_action_server' build argument 'ament_cmake_args' from command line to 'None'
[1.010s] Level 5:colcon.colcon_core.verb:set package 'examples_rclpy_minimal_action_server' build argument 'catkin_cmake_args' from command line to 'None'
[1.010s] Level 5:colcon.colcon_core.verb:set package 'examples_rclpy_minimal_action_server' build argument 'catkin_skip_building_tests' from command line to 'False'
[1.010s] DEBUG:colcon.colcon_core.verb:Building package 'examples_rclpy_minimal_action_server' with the following arguments: {'ament_cmake_args': None, 'build_base': '/home/vboxuser/ros2_ws/build/examples_rclpy_minimal_action_server', 'catkin_cmake_args': None, 'catkin_skip_building_tests': False, 'cmake_args': None, 'cmake_clean_cache': False, 'cmake_clean_first': False, 'cmake_force_configure': False, 'cmake_target': None, 'cmake_target_skip_unavailable': False, 'install_base': '/home/vboxuser/ros2_ws/install/examples_rclpy_minimal_action_server', 'merge_install': False, 'path': '/home/vboxuser/ros2_ws/src/examples/rclpy/actions/minimal_action_server', 'symlink_install': False, 'test_result_base': None}
[1.011s] Level 5:colcon.colcon_core.verb:set package 'examples_rclpy_minimal_client' build argument 'cmake_args' from command line to 'None'
[1.011s] Level 5:colcon.colcon_core.verb:set package 'examples_rclpy_minimal_client' build argument 'cmake_target' from command line to 'None'
[1.011s] Level 5:colcon.colcon_core.verb:set package 'examples_rclpy_minimal_client' build argument 'cmake_target_skip_unavailable' from command line to 'False'
[1.011s] Level 5:colcon.colcon_core.verb:set package 'examples_rclpy_minimal_client' build argument 'cmake_clean_cache' from command line to 'False'
[1.011s] Level 5:colcon.colcon_core.verb:set package 'examples_rclpy_minimal_client' build argument 'cmake_clean_first' from command line to 'False'
[1.011s] Level 5:colcon.colcon_core.verb:set package 'examples_rclpy_minimal_client' build argument 'cmake_force_configure' from command line to 'False'
[1.011s] Level 5:colcon.colcon_core.verb:set package 'examples_rclpy_minimal_client' build argument 'ament_cmake_args' from command line to 'None'
[1.011s] Level 5:colcon.colcon_core.verb:set package 'examples_rclpy_minimal_client' build argument 'catkin_cmake_args' from command line to 'None'
[1.011s] Level 5:colcon.colcon_core.verb:set package 'examples_rclpy_minimal_client' build argument 'catkin_skip_building_tests' from command line to 'False'
[1.011s] DEBUG:colcon.colcon_core.verb:Building package 'examples_rclpy_minimal_client' with the following arguments: {'ament_cmake_args': None, 'build_base': '/home/vboxuser/ros2_ws/build/examples_rclpy_minimal_client', 'catkin_cmake_args': None, 'catkin_skip_building_tests': False, 'cmake_args': None, 'cmake_clean_cache': False, 'cmake_clean_first': False, 'cmake_force_configure': False, 'cmake_target': None, 'cmake_target_skip_unavailable': False, 'install_base': '/home/vboxuser/ros2_ws/install/examples_rclpy_minimal_client', 'merge_install': False, 'path': '/home/vboxuser/ros2_ws/src/examples/rclpy/services/minimal_client', 'symlink_install': False, 'test_result_base': None}
[1.012s] Level 5:colcon.colcon_core.verb:set package 'examples_rclpy_minimal_publisher' build argument 'cmake_args' from command line to 'None'
[1.012s] Level 5:colcon.colcon_core.verb:set package 'examples_rclpy_minimal_publisher' build argument 'cmake_target' from command line to 'None'
[1.012s] Level 5:colcon.colcon_core.verb:set package 'examples_rclpy_minimal_publisher' build argument 'cmake_target_skip_unavailable' from command line to 'False'
[1.012s] Level 5:colcon.colcon_core.verb:set package 'examples_rclpy_minimal_publisher' build argument 'cmake_clean_cache' from command line to 'False'
[1.012s] Level 5:colcon.colcon_core.verb:set package 'examples_rclpy_minimal_publisher' build argument 'cmake_clean_first' from command line to 'False'
[1.012s] Level 5:colcon.colcon_core.verb:set package 'examples_rclpy_minimal_publisher' build argument 'cmake_force_configure' from command line to 'False'
[1.012s] Level 5:colcon.colcon_core.verb:set package 'examples_rclpy_minimal_publisher' build argument 'ament_cmake_args' from command line to 'None'
[1.012s] Level 5:colcon.colcon_core.verb:set package 'examples_rclpy_minimal_publisher' build argument 'catkin_cmake_args' from command line to 'None'
[1.012s] Level 5:colcon.colcon_core.verb:set package 'examples_rclpy_minimal_publisher' build argument 'catkin_skip_building_tests' from command line to 'False'
[1.012s] DEBUG:colcon.colcon_core.verb:Building package 'examples_rclpy_minimal_publisher' with the following arguments: {'ament_cmake_args': None, 'build_base': '/home/vboxuser/ros2_ws/build/examples_rclpy_minimal_publisher', 'catkin_cmake_args': None, 'catkin_skip_building_tests': False, 'cmake_args': None, 'cmake_clean_cache': False, 'cmake_clean_first': False, 'cmake_force_configure': False, 'cmake_target': None, 'cmake_target_skip_unavailable': False, 'install_base': '/home/vboxuser/ros2_ws/install/examples_rclpy_minimal_publisher', 'merge_install': False, 'path': '/home/vboxuser/ros2_ws/src/examples/rclpy/topics/minimal_publisher', 'symlink_install': False, 'test_result_base': None}
[1.013s] Level 5:colcon.colcon_core.verb:set package 'examples_rclpy_minimal_service' build argument 'cmake_args' from command line to 'None'
[1.013s] Level 5:colcon.colcon_core.verb:set package 'examples_rclpy_minimal_service' build argument 'cmake_target' from command line to 'None'
[1.013s] Level 5:colcon.colcon_core.verb:set package 'examples_rclpy_minimal_service' build argument 'cmake_target_skip_unavailable' from command line to 'False'
[1.013s] Level 5:colcon.colcon_core.verb:set package 'examples_rclpy_minimal_service' build argument 'cmake_clean_cache' from command line to 'False'
[1.013s] Level 5:colcon.colcon_core.verb:set package 'examples_rclpy_minimal_service' build argument 'cmake_clean_first' from command line to 'False'
[1.013s] Level 5:colcon.colcon_core.verb:set package 'examples_rclpy_minimal_service' build argument 'cmake_force_configure' from command line to 'False'
[1.013s] Level 5:colcon.colcon_core.verb:set package 'examples_rclpy_minimal_service' build argument 'ament_cmake_args' from command line to 'None'
[1.013s] Level 5:colcon.colcon_core.verb:set package 'examples_rclpy_minimal_service' build argument 'catkin_cmake_args' from command line to 'None'
[1.013s] Level 5:colcon.colcon_core.verb:set package 'examples_rclpy_minimal_service' build argument 'catkin_skip_building_tests' from command line to 'False'
[1.013s] DEBUG:colcon.colcon_core.verb:Building package 'examples_rclpy_minimal_service' with the following arguments: {'ament_cmake_args': None, 'build_base': '/home/vboxuser/ros2_ws/build/examples_rclpy_minimal_service', 'catkin_cmake_args': None, 'catkin_skip_building_tests': False, 'cmake_args': None, 'cmake_clean_cache': False, 'cmake_clean_first': False, 'cmake_force_configure': False, 'cmake_target': None, 'cmake_target_skip_unavailable': False, 'install_base': '/home/vboxuser/ros2_ws/install/examples_rclpy_minimal_service', 'merge_install': False, 'path': '/home/vboxuser/ros2_ws/src/examples/rclpy/services/minimal_service', 'symlink_install': False, 'test_result_base': None}
[1.014s] Level 5:colcon.colcon_core.verb:set package 'examples_rclpy_minimal_subscriber' build argument 'cmake_args' from command line to 'None'
[1.014s] Level 5:colcon.colcon_core.verb:set package 'examples_rclpy_minimal_subscriber' build argument 'cmake_target' from command line to 'None'
[1.014s] Level 5:colcon.colcon_core.verb:set package 'examples_rclpy_minimal_subscriber' build argument 'cmake_target_skip_unavailable' from command line to 'False'
[1.014s] Level 5:colcon.colcon_core.verb:set package 'examples_rclpy_minimal_subscriber' build argument 'cmake_clean_cache' from command line to 'False'
[1.014s] Level 5:colcon.colcon_core.verb:set package 'examples_rclpy_minimal_subscriber' build argument 'cmake_clean_first' from command line to 'False'
[1.014s] Level 5:colcon.colcon_core.verb:set package 'examples_rclpy_minimal_subscriber' build argument 'cmake_force_configure' from command line to 'False'
[1.014s] Level 5:colcon.colcon_core.verb:set package 'examples_rclpy_minimal_subscriber' build argument 'ament_cmake_args' from command line to 'None'
[1.014s] Level 5:colcon.colcon_core.verb:set package 'examples_rclpy_minimal_subscriber' build argument 'catkin_cmake_args' from command line to 'None'
[1.014s] Level 5:colcon.colcon_core.verb:set package 'examples_rclpy_minimal_subscriber' build argument 'catkin_skip_building_tests' from command line to 'False'
[1.014s] DEBUG:colcon.colcon_core.verb:Building package 'examples_rclpy_minimal_subscriber' with the following arguments: {'ament_cmake_args': None, 'build_base': '/home/vboxuser/ros2_ws/build/examples_rclpy_minimal_subscriber', 'catkin_cmake_args': None, 'catkin_skip_building_tests': False, 'cmake_args': None, 'cmake_clean_cache': False, 'cmake_clean_first': False, 'cmake_force_configure': False, 'cmake_target': None, 'cmake_target_skip_unavailable': False, 'install_base': '/home/vboxuser/ros2_ws/install/examples_rclpy_minimal_subscriber', 'merge_install': False, 'path': '/home/vboxuser/ros2_ws/src/examples/rclpy/topics/minimal_subscriber', 'symlink_install': False, 'test_result_base': None}
[1.015s] Level 5:colcon.colcon_core.verb:set package 'examples_rclpy_pointcloud_publisher' build argument 'cmake_args' from command line to 'None'
[1.015s] Level 5:colcon.colcon_core.verb:set package 'examples_rclpy_pointcloud_publisher' build argument 'cmake_target' from command line to 'None'
[1.015s] Level 5:colcon.colcon_core.verb:set package 'examples_rclpy_pointcloud_publisher' build argument 'cmake_target_skip_unavailable' from command line to 'False'
[1.015s] Level 5:colcon.colcon_core.verb:set package 'examples_rclpy_pointcloud_publisher' build argument 'cmake_clean_cache' from command line to 'False'
[1.015s] Level 5:colcon.colcon_core.verb:set package 'examples_rclpy_pointcloud_publisher' build argument 'cmake_clean_first' from command line to 'False'
[1.015s] Level 5:colcon.colcon_core.verb:set package 'examples_rclpy_pointcloud_publisher' build argument 'cmake_force_configure' from command line to 'False'
[1.015s] Level 5:colcon.colcon_core.verb:set package 'examples_rclpy_pointcloud_publisher' build argument 'ament_cmake_args' from command line to 'None'
[1.015s] Level 5:colcon.colcon_core.verb:set package 'examples_rclpy_pointcloud_publisher' build argument 'catkin_cmake_args' from command line to 'None'
[1.015s] Level 5:colcon.colcon_core.verb:set package 'examples_rclpy_pointcloud_publisher' build argument 'catkin_skip_building_tests' from command line to 'False'
[1.015s] DEBUG:colcon.colcon_core.verb:Building package 'examples_rclpy_pointcloud_publisher' with the following arguments: {'ament_cmake_args': None, 'build_base': '/home/vboxuser/ros2_ws/build/examples_rclpy_pointcloud_publisher', 'catkin_cmake_args': None, 'catkin_skip_building_tests': False, 'cmake_args': None, 'cmake_clean_cache': False, 'cmake_clean_first': False, 'cmake_force_configure': False, 'cmake_target': None, 'cmake_target_skip_unavailable': False, 'install_base': '/home/vboxuser/ros2_ws/install/examples_rclpy_pointcloud_publisher', 'merge_install': False, 'path': '/home/vboxuser/ros2_ws/src/examples/rclpy/topics/pointcloud_publisher', 'symlink_install': False, 'test_result_base': None}
[1.016s] Level 5:colcon.colcon_core.verb:set package 'launch_testing_examples' build argument 'cmake_args' from command line to 'None'
[1.016s] Level 5:colcon.colcon_core.verb:set package 'launch_testing_examples' build argument 'cmake_target' from command line to 'None'
[1.016s] Level 5:colcon.colcon_core.verb:set package 'launch_testing_examples' build argument 'cmake_target_skip_unavailable' from command line to 'False'
[1.016s] Level 5:colcon.colcon_core.verb:set package 'launch_testing_examples' build argument 'cmake_clean_cache' from command line to 'False'
[1.016s] Level 5:colcon.colcon_core.verb:set package 'launch_testing_examples' build argument 'cmake_clean_first' from command line to 'False'
[1.016s] Level 5:colcon.colcon_core.verb:set package 'launch_testing_examples' build argument 'cmake_force_configure' from command line to 'False'
[1.016s] Level 5:colcon.colcon_core.verb:set package 'launch_testing_examples' build argument 'ament_cmake_args' from command line to 'None'
[1.016s] Level 5:colcon.colcon_core.verb:set package 'launch_testing_examples' build argument 'catkin_cmake_args' from command line to 'None'
[1.016s] Level 5:colcon.colcon_core.verb:set package 'launch_testing_examples' build argument 'catkin_skip_building_tests' from command line to 'False'
[1.016s] DEBUG:colcon.colcon_core.verb:Building package 'launch_testing_examples' with the following arguments: {'ament_cmake_args': None, 'build_base': '/home/vboxuser/ros2_ws/build/launch_testing_examples', 'catkin_cmake_args': None, 'catkin_skip_building_tests': False, 'cmake_args': None, 'cmake_clean_cache': False, 'cmake_clean_first': False, 'cmake_force_configure': False, 'cmake_target': None, 'cmake_target_skip_unavailable': False, 'install_base': '/home/vboxuser/ros2_ws/install/launch_testing_examples', 'merge_install': False, 'path': '/home/vboxuser/ros2_ws/src/examples/launch_testing/launch_testing_examples', 'symlink_install': False, 'test_result_base': None}
[1.017s] Level 5:colcon.colcon_core.verb:set package 'my_package' build argument 'cmake_args' from command line to 'None'
[1.017s] Level 5:colcon.colcon_core.verb:set package 'my_package' build argument 'cmake_target' from command line to 'None'
[1.017s] Level 5:colcon.colcon_core.verb:set package 'my_package' build argument 'cmake_target_skip_unavailable' from command line to 'False'
[1.017s] Level 5:colcon.colcon_core.verb:set package 'my_package' build argument 'cmake_clean_cache' from command line to 'False'
[1.017s] Level 5:colcon.colcon_core.verb:set package 'my_package' build argument 'cmake_clean_first' from command line to 'False'
[1.017s] Level 5:colcon.colcon_core.verb:set package 'my_package' build argument 'cmake_force_configure' from command line to 'False'
[1.017s] Level 5:colcon.colcon_core.verb:set package 'my_package' build argument 'ament_cmake_args' from command line to 'None'
[1.017s] Level 5:colcon.colcon_core.verb:set package 'my_package' build argument 'catkin_cmake_args' from command line to 'None'
[1.017s] Level 5:colcon.colcon_core.verb:set package 'my_package' build argument 'catkin_skip_building_tests' from command line to 'False'
[1.018s] DEBUG:colcon.colcon_core.verb:Building package 'my_package' with the following arguments: {'ament_cmake_args': None, 'build_base': '/home/vboxuser/ros2_ws/build/my_package', 'catkin_cmake_args': None, 'catkin_skip_building_tests': False, 'cmake_args': None, 'cmake_clean_cache': False, 'cmake_clean_first': False, 'cmake_force_configure': False, 'cmake_target': None, 'cmake_target_skip_unavailable': False, 'install_base': '/home/vboxuser/ros2_ws/install/my_package', 'merge_install': False, 'path': '/home/vboxuser/ros2_ws/src/my_package', 'symlink_install': False, 'test_result_base': None}
[1.018s] Level 5:colcon.colcon_core.verb:set package 'py_pubsub' build argument 'cmake_args' from command line to 'None'
[1.018s] Level 5:colcon.colcon_core.verb:set package 'py_pubsub' build argument 'cmake_target' from command line to 'None'
[1.018s] Level 5:colcon.colcon_core.verb:set package 'py_pubsub' build argument 'cmake_target_skip_unavailable' from command line to 'False'
[1.018s] Level 5:colcon.colcon_core.verb:set package 'py_pubsub' build argument 'cmake_clean_cache' from command line to 'False'
[1.019s] Level 5:colcon.colcon_core.verb:set package 'py_pubsub' build argument 'cmake_clean_first' from command line to 'False'
[1.019s] Level 5:colcon.colcon_core.verb:set package 'py_pubsub' build argument 'cmake_force_configure' from command line to 'False'
[1.019s] Level 5:colcon.colcon_core.verb:set package 'py_pubsub' build argument 'ament_cmake_args' from command line to 'None'
[1.019s] Level 5:colcon.colcon_core.verb:set package 'py_pubsub' build argument 'catkin_cmake_args' from command line to 'None'
[1.019s] Level 5:colcon.colcon_core.verb:set package 'py_pubsub' build argument 'catkin_skip_building_tests' from command line to 'False'
[1.019s] DEBUG:colcon.colcon_core.verb:Building package 'py_pubsub' with the following arguments: {'ament_cmake_args': None, 'build_base': '/home/vboxuser/ros2_ws/build/py_pubsub', 'catkin_cmake_args': None, 'catkin_skip_building_tests': False, 'cmake_args': None, 'cmake_clean_cache': False, 'cmake_clean_first': False, 'cmake_force_configure': False, 'cmake_target': None, 'cmake_target_skip_unavailable': False, 'install_base': '/home/vboxuser/ros2_ws/install/py_pubsub', 'merge_install': False, 'path': '/home/vboxuser/ros2_ws/src/py_pubsub', 'symlink_install': False, 'test_result_base': None}
[1.019s] Level 5:colcon.colcon_core.verb:set package 'read_rosbag' build argument 'cmake_args' from command line to 'None'
[1.020s] Level 5:colcon.colcon_core.verb:set package 'read_rosbag' build argument 'cmake_target' from command line to 'None'
[1.020s] Level 5:colcon.colcon_core.verb:set package 'read_rosbag' build argument 'cmake_target_skip_unavailable' from command line to 'False'
[1.020s] Level 5:colcon.colcon_core.verb:set package 'read_rosbag' build argument 'cmake_clean_cache' from command line to 'False'
[1.020s] Level 5:colcon.colcon_core.verb:set package 'read_rosbag' build argument 'cmake_clean_first' from command line to 'False'
[1.020s] Level 5:colcon.colcon_core.verb:set package 'read_rosbag' build argument 'cmake_force_configure' from command line to 'False'
[1.020s] Level 5:colcon.colcon_core.verb:set package 'read_rosbag' build argument 'ament_cmake_args' from command line to 'None'
[1.020s] Level 5:colcon.colcon_core.verb:set package 'read_rosbag' build argument 'catkin_cmake_args' from command line to 'None'
[1.020s] Level 5:colcon.colcon_core.verb:set package 'read_rosbag' build argument 'catkin_skip_building_tests' from command line to 'False'
[1.020s] DEBUG:colcon.colcon_core.verb:Building package 'read_rosbag' with the following arguments: {'ament_cmake_args': None, 'build_base': '/home/vboxuser/ros2_ws/build/read_rosbag', 'catkin_cmake_args': None, 'catkin_skip_building_tests': False, 'cmake_args': None, 'cmake_clean_cache': False, 'cmake_clean_first': False, 'cmake_force_configure': False, 'cmake_target': None, 'cmake_target_skip_unavailable': False, 'install_base': '/home/vboxuser/ros2_ws/install/read_rosbag', 'merge_install': False, 'path': '/home/vboxuser/ros2_ws/src/read_rosbag', 'symlink_install': False, 'test_result_base': None}
[1.021s] Level 5:colcon.colcon_core.verb:set package 'turtlesim' build argument 'cmake_args' from command line to 'None'
[1.021s] Level 5:colcon.colcon_core.verb:set package 'turtlesim' build argument 'cmake_target' from command line to 'None'
[1.021s] Level 5:colcon.colcon_core.verb:set package 'turtlesim' build argument 'cmake_target_skip_unavailable' from command line to 'False'
[1.021s] Level 5:colcon.colcon_core.verb:set package 'turtlesim' build argument 'cmake_clean_cache' from command line to 'False'
[1.021s] Level 5:colcon.colcon_core.verb:set package 'turtlesim' build argument 'cmake_clean_first' from command line to 'False'
[1.021s] Level 5:colcon.colcon_core.verb:set package 'turtlesim' build argument 'cmake_force_configure' from command line to 'False'
[1.021s] Level 5:colcon.colcon_core.verb:set package 'turtlesim' build argument 'ament_cmake_args' from command line to 'None'
[1.021s] Level 5:colcon.colcon_core.verb:set package 'turtlesim' build argument 'catkin_cmake_args' from command line to 'None'
[1.021s] Level 5:colcon.colcon_core.verb:set package 'turtlesim' build argument 'catkin_skip_building_tests' from command line to 'False'
[1.021s] DEBUG:colcon.colcon_core.verb:Building package 'turtlesim' with the following arguments: {'ament_cmake_args': None, 'build_base': '/home/vboxuser/ros2_ws/build/turtlesim', 'catkin_cmake_args': None, 'catkin_skip_building_tests': False, 'cmake_args': None, 'cmake_clean_cache': False, 'cmake_clean_first': False, 'cmake_force_configure': False, 'cmake_target': None, 'cmake_target_skip_unavailable': False, 'install_base': '/home/vboxuser/ros2_ws/install/turtlesim', 'merge_install': False, 'path': '/home/vboxuser/ros2_ws/src/ros_tutorials/turtlesim', 'symlink_install': False, 'test_result_base': None}
[1.022s] INFO:colcon.colcon_core.executor:Executing jobs using 'parallel' executor
[1.024s] DEBUG:colcon.colcon_parallel_executor.executor.parallel:run_until_complete
[1.025s] INFO:colcon.colcon_ros.task.ament_python.build:Building ROS package in '/home/vboxuser/ros2_ws/src/BMS_BQ769X2/src/bms_visualizer' with build type 'ament_python'
[1.026s] Level 1:colcon.colcon_core.shell:create_environment_hook('bms_visualizer', 'ament_prefix_path')
[1.040s] INFO:colcon.colcon_core.plugin_system:Skipping extension 'colcon_core.shell.bat': Not used on non-Windows systems
[1.040s] INFO:colcon.colcon_core.shell:Creating environment hook '/home/vboxuser/ros2_ws/install/bms_visualizer/share/bms_visualizer/hook/ament_prefix_path.ps1'
[1.041s] INFO:colcon.colcon_core.shell:Creating environment descriptor '/home/vboxuser/ros2_ws/install/bms_visualizer/share/bms_visualizer/hook/ament_prefix_path.dsv'
[1.042s] INFO:colcon.colcon_core.shell:Creating environment hook '/home/vboxuser/ros2_ws/install/bms_visualizer/share/bms_visualizer/hook/ament_prefix_path.sh'
[1.044s] INFO:colcon.colcon_core.shell:Skip shell extension 'powershell' for command environment: Not usable outside of PowerShell
[1.045s] DEBUG:colcon.colcon_core.shell:Skip shell extension 'dsv' for command environment
[1.083s] INFO:colcon.colcon_ros.task.ament_cmake.build:Building ROS package in '/home/vboxuser/ros2_ws/src/BMS_BQ769X2/src/bq769x2_i2c_ros' with build type 'ament_cmake'
[1.083s] INFO:colcon.colcon_cmake.task.cmake.build:Building CMake package in '/home/vboxuser/ros2_ws/src/BMS_BQ769X2/src/bq769x2_i2c_ros'
[1.084s] INFO:colcon.colcon_core.shell:Skip shell extension 'powershell' for command environment: Not usable outside of PowerShell
[1.084s] DEBUG:colcon.colcon_core.shell:Skip shell extension 'dsv' for command environment
[1.126s] INFO:colcon.colcon_ros.task.ament_cmake.build:Building ROS package in '/home/vboxuser/ros2_ws/src/examples/rclcpp/services/async_client' with build type 'ament_cmake'
[1.127s] INFO:colcon.colcon_cmake.task.cmake.build:Building CMake package in '/home/vboxuser/ros2_ws/src/examples/rclcpp/services/async_client'
[1.128s] INFO:colcon.colcon_core.shell:Skip shell extension 'powershell' for command environment: Not usable outside of PowerShell
[1.128s] DEBUG:colcon.colcon_core.shell:Skip shell extension 'dsv' for command environment
[1.201s] INFO:colcon.colcon_ros.task.ament_cmake.build:Building ROS package in '/home/vboxuser/ros2_ws/src/examples/rclcpp/executors/cbg_executor' with build type 'ament_cmake'
[1.202s] INFO:colcon.colcon_cmake.task.cmake.build:Building CMake package in '/home/vboxuser/ros2_ws/src/examples/rclcpp/executors/cbg_executor'
[1.202s] INFO:colcon.colcon_core.shell:Skip shell extension 'powershell' for command environment: Not usable outside of PowerShell
[1.202s] DEBUG:colcon.colcon_core.shell:Skip shell extension 'dsv' for command environment
[1.996s] INFO:colcon.colcon_core.task.python.build:Building Python package in '/home/vboxuser/ros2_ws/src/BMS_BQ769X2/src/bms_visualizer'
[1.999s] INFO:colcon.colcon_core.shell:Skip shell extension 'powershell' for command environment: Not usable outside of PowerShell
[2.000s] DEBUG:colcon.colcon_core.shell:Skip shell extension 'dsv' for command environment
[2.058s] DEBUG:colcon.colcon_core.event_handler.log_command:Invoking command in '/home/vboxuser/ros2_ws/build/examples_rclcpp_async_client': CMAKE_PREFIX_PATH=${CMAKE_PREFIX_PATH}:/home/vboxuser/ros2_ws/install/read_rosbag:/home/vboxuser/ros2_ws/install/py_pubsub:/home/vboxuser/ros2_ws/install/launch_testing_examples:/home/vboxuser/ros2_ws/install/examples_rclpy_pointcloud_publisher:/home/vboxuser/ros2_ws/install/examples_rclpy_minimal_subscriber:/home/vboxuser/ros2_ws/install/examples_rclpy_minimal_service:/home/vboxuser/ros2_ws/install/examples_rclpy_minimal_publisher:/home/vboxuser/ros2_ws/install/examples_rclpy_minimal_client:/home/vboxuser/ros2_ws/install/examples_rclpy_minimal_action_server:/home/vboxuser/ros2_ws/install/examples_rclpy_minimal_action_client:/home/vboxuser/ros2_ws/install/examples_rclpy_guard_conditions:/home/vboxuser/ros2_ws/install/examples_rclpy_executors:/home/vboxuser/ros2_ws/install/bms_visualizer:/opt/ros/iron:/home/vboxuser/ros2_iron/install/rqt_bag_plugins:/home/vboxuser/ros2_iron/install/rqt_bag:/home/vboxuser/ros2_iron/install/rosbag2_examples_py:/home/vboxuser/ros2_iron/install/launch_testing_examples:/home/vboxuser/ros2_iron/install/ros2bag:/home/vboxuser/ros2_iron/install/tracetools_test:/home/vboxuser/ros2_iron/install/tracetools_launch:/home/vboxuser/ros2_iron/install/topic_monitor:/home/vboxuser/ros2_iron/install/tf2_tools:/home/vboxuser/ros2_iron/install/examples_tf2_py:/home/vboxuser/ros2_iron/install/tf2_ros_py:/home/vboxuser/ros2_iron/install/examples_rclpy_pointcloud_publisher:/home/vboxuser/ros2_iron/install/sensor_msgs_py:/home/vboxuser/ros2_iron/install/quality_of_service_demo_py:/home/vboxuser/ros2_iron/install/rqt_plot:/home/vboxuser/ros2_iron/install/ros2doctor:/home/vboxuser/ros2_iron/install/lifecycle_py:/home/vboxuser/ros2_iron/install/examples_rclpy_minimal_subscriber:/home/vboxuser/ros2_iron/install/examples_rclpy_minimal_service:/home/vboxuser/ros2_iron/install/examples_rclpy_minimal_publisher:/home/vboxuser/ros2_iron/install/examples_rclpy_minimal_client:/home/vboxuser/ros2_iron/install/examples_rclpy_executors:/home/vboxuser/ros2_iron/install/demo_nodes_py:/home/vboxuser/ros2_iron/install/rqt:/home/vboxuser/ros2_iron/install/ros2component:/home/vboxuser/ros2_iron/install/sros2:/home/vboxuser/ros2_iron/install/rqt_topic:/home/vboxuser/ros2_iron/install/rqt_srv:/home/vboxuser/ros2_iron/install/rqt_shell:/home/vboxuser/ros2_iron/install/rqt_service_caller:/home/vboxuser/ros2_iron/install/rqt_reconfigure:/home/vboxuser/ros2_iron/install/rqt_py_console:/home/vboxuser/ros2_iron/install/rqt_publisher:/home/vboxuser/ros2_iron/install/rqt_action:/home/vboxuser/ros2_iron/install/rqt_msg:/home/vboxuser/ros2_iron/install/rqt_console:/home/vboxuser/ros2_iron/install/rqt_graph:/home/vboxuser/ros2_iron/install/rqt_gui_py:/home/vboxuser/ros2_iron/install/rqt_gui:/home/vboxuser/ros2_iron/install/ros2trace:/home/vboxuser/ros2_iron/install/ros2topic:/home/vboxuser/ros2_iron/install/ros2test:/home/vboxuser/ros2_iron/install/ros2param:/home/vboxuser/ros2_iron/install/ros2lifecycle:/home/vboxuser/ros2_iron/install/ros2service:/home/vboxuser/ros2_iron/install/ros2run:/home/vboxuser/ros2_iron/install/ros2launch:/home/vboxuser/ros2_iron/install/ros2pkg:/home/vboxuser/ros2_iron/install/ros2node:/home/vboxuser/ros2_iron/install/ros2multicast:/home/vboxuser/ros2_iron/install/ros2interface:/home/vboxuser/ros2_iron/install/ros2action:/home/vboxuser/ros2_iron/install/ros2cli:/home/vboxuser/ros2_iron/install/launch_testing_ros:/home/vboxuser/ros2_iron/install/launch_ros:/home/vboxuser/ros2_iron/install/examples_rclpy_minimal_action_server:/home/vboxuser/ros2_iron/install/examples_rclpy_minimal_action_client:/home/vboxuser/ros2_iron/install/examples_rclpy_guard_conditions:/home/vboxuser/ros2_iron/install/action_tutorials_py:/home/vboxuser/ros2_iron/install/ament_uncrustify:/home/vboxuser/ros2_iron/install/tracetools_trace:/home/vboxuser/ros2_iron/install/tracetools_read:/home/vboxuser/ros2_iron/install/test_tracetools_launch:/home/vboxuser/ros2_iron/install/test_ros2trace:/home/vboxuser/ros2_iron/install/test_launch_ros:/home/vboxuser/ros2_iron/install/rpyutils:/home/vboxuser/ros2_iron/install/rosidl_runtime_py:/home/vboxuser/ros2_iron/install/rosidl_pycommon:/home/vboxuser/ros2_iron/install/rosidl_cli:/home/vboxuser/ros2_iron/install/launch_pytest:/home/vboxuser/ros2_iron/install/launch_testing:/home/vboxuser/ros2_iron/install/launch_yaml:/home/vboxuser/ros2_iron/install/launch_xml:/home/vboxuser/ros2_iron/install/launch:/home/vboxuser/ros2_iron/install/osrf_pycommon:/home/vboxuser/ros2_iron/install/domain_coordinator:/home/vboxuser/ros2_iron/install/ament_xmllint:/home/vboxuser/ros2_iron/install/ament_pyflakes:/home/vboxuser/ros2_iron/install/ament_pycodestyle:/home/vboxuser/ros2_iron/install/ament_pep257:/home/vboxuser/ros2_iron/install/ament_pclint:/home/vboxuser/ros2_iron/install/ament_package:/home/vboxuser/ros2_iron/install/ament_mypy:/home/vboxuser/ros2_iron/install/ament_lint_cmake:/home/vboxuser/ros2_iron/install/ament_flake8:/home/vboxuser/ros2_iron/install/ament_copyright:/home/vboxuser/ros2_iron/install/ament_lint:/home/vboxuser/ros2_iron/install/ament_index_python:/home/vboxuser/ros2_iron/install/ament_cpplint:/home/vboxuser/ros2_iron/install/ament_cppcheck:/home/vboxuser/ros2_iron/install/ament_clang_tidy:/home/vboxuser/ros2_iron/install/ament_clang_format /usr/bin/cmake --build /home/vboxuser/ros2_ws/build/examples_rclcpp_async_client -- -j4 -l4
[2.086s] DEBUG:colcon.colcon_core.event_handler.log_command:Invoking command in '/home/vboxuser/ros2_ws/build/bq769x2_i2c_ros': CMAKE_PREFIX_PATH=${CMAKE_PREFIX_PATH}:/home/vboxuser/ros2_ws/install/read_rosbag:/home/vboxuser/ros2_ws/install/py_pubsub:/home/vboxuser/ros2_ws/install/launch_testing_examples:/home/vboxuser/ros2_ws/install/examples_rclpy_pointcloud_publisher:/home/vboxuser/ros2_ws/install/examples_rclpy_minimal_subscriber:/home/vboxuser/ros2_ws/install/examples_rclpy_minimal_service:/home/vboxuser/ros2_ws/install/examples_rclpy_minimal_publisher:/home/vboxuser/ros2_ws/install/examples_rclpy_minimal_client:/home/vboxuser/ros2_ws/install/examples_rclpy_minimal_action_server:/home/vboxuser/ros2_ws/install/examples_rclpy_minimal_action_client:/home/vboxuser/ros2_ws/install/examples_rclpy_guard_conditions:/home/vboxuser/ros2_ws/install/examples_rclpy_executors:/home/vboxuser/ros2_ws/install/bms_visualizer:/opt/ros/iron:/home/vboxuser/ros2_iron/install/rqt_bag_plugins:/home/vboxuser/ros2_iron/install/rqt_bag:/home/vboxuser/ros2_iron/install/rosbag2_examples_py:/home/vboxuser/ros2_iron/install/launch_testing_examples:/home/vboxuser/ros2_iron/install/ros2bag:/home/vboxuser/ros2_iron/install/tracetools_test:/home/vboxuser/ros2_iron/install/tracetools_launch:/home/vboxuser/ros2_iron/install/topic_monitor:/home/vboxuser/ros2_iron/install/tf2_tools:/home/vboxuser/ros2_iron/install/examples_tf2_py:/home/vboxuser/ros2_iron/install/tf2_ros_py:/home/vboxuser/ros2_iron/install/examples_rclpy_pointcloud_publisher:/home/vboxuser/ros2_iron/install/sensor_msgs_py:/home/vboxuser/ros2_iron/install/quality_of_service_demo_py:/home/vboxuser/ros2_iron/install/rqt_plot:/home/vboxuser/ros2_iron/install/ros2doctor:/home/vboxuser/ros2_iron/install/lifecycle_py:/home/vboxuser/ros2_iron/install/examples_rclpy_minimal_subscriber:/home/vboxuser/ros2_iron/install/examples_rclpy_minimal_service:/home/vboxuser/ros2_iron/install/examples_rclpy_minimal_publisher:/home/vboxuser/ros2_iron/install/examples_rclpy_minimal_client:/home/vboxuser/ros2_iron/install/examples_rclpy_executors:/home/vboxuser/ros2_iron/install/demo_nodes_py:/home/vboxuser/ros2_iron/install/rqt:/home/vboxuser/ros2_iron/install/ros2component:/home/vboxuser/ros2_iron/install/sros2:/home/vboxuser/ros2_iron/install/rqt_topic:/home/vboxuser/ros2_iron/install/rqt_srv:/home/vboxuser/ros2_iron/install/rqt_shell:/home/vboxuser/ros2_iron/install/rqt_service_caller:/home/vboxuser/ros2_iron/install/rqt_reconfigure:/home/vboxuser/ros2_iron/install/rqt_py_console:/home/vboxuser/ros2_iron/install/rqt_publisher:/home/vboxuser/ros2_iron/install/rqt_action:/home/vboxuser/ros2_iron/install/rqt_msg:/home/vboxuser/ros2_iron/install/rqt_console:/home/vboxuser/ros2_iron/install/rqt_graph:/home/vboxuser/ros2_iron/install/rqt_gui_py:/home/vboxuser/ros2_iron/install/rqt_gui:/home/vboxuser/ros2_iron/install/ros2trace:/home/vboxuser/ros2_iron/install/ros2topic:/home/vboxuser/ros2_iron/install/ros2test:/home/vboxuser/ros2_iron/install/ros2param:/home/vboxuser/ros2_iron/install/ros2lifecycle:/home/vboxuser/ros2_iron/install/ros2service:/home/vboxuser/ros2_iron/install/ros2run:/home/vboxuser/ros2_iron/install/ros2launch:/home/vboxuser/ros2_iron/install/ros2pkg:/home/vboxuser/ros2_iron/install/ros2node:/home/vboxuser/ros2_iron/install/ros2multicast:/home/vboxuser/ros2_iron/install/ros2interface:/home/vboxuser/ros2_iron/install/ros2action:/home/vboxuser/ros2_iron/install/ros2cli:/home/vboxuser/ros2_iron/install/launch_testing_ros:/home/vboxuser/ros2_iron/install/launch_ros:/home/vboxuser/ros2_iron/install/examples_rclpy_minimal_action_server:/home/vboxuser/ros2_iron/install/examples_rclpy_minimal_action_client:/home/vboxuser/ros2_iron/install/examples_rclpy_guard_conditions:/home/vboxuser/ros2_iron/install/action_tutorials_py:/home/vboxuser/ros2_iron/install/ament_uncrustify:/home/vboxuser/ros2_iron/install/tracetools_trace:/home/vboxuser/ros2_iron/install/tracetools_read:/home/vboxuser/ros2_iron/install/test_tracetools_launch:/home/vboxuser/ros2_iron/install/test_ros2trace:/home/vboxuser/ros2_iron/install/test_launch_ros:/home/vboxuser/ros2_iron/install/rpyutils:/home/vboxuser/ros2_iron/install/rosidl_runtime_py:/home/vboxuser/ros2_iron/install/rosidl_pycommon:/home/vboxuser/ros2_iron/install/rosidl_cli:/home/vboxuser/ros2_iron/install/launch_pytest:/home/vboxuser/ros2_iron/install/launch_testing:/home/vboxuser/ros2_iron/install/launch_yaml:/home/vboxuser/ros2_iron/install/launch_xml:/home/vboxuser/ros2_iron/install/launch:/home/vboxuser/ros2_iron/install/osrf_pycommon:/home/vboxuser/ros2_iron/install/domain_coordinator:/home/vboxuser/ros2_iron/install/ament_xmllint:/home/vboxuser/ros2_iron/install/ament_pyflakes:/home/vboxuser/ros2_iron/install/ament_pycodestyle:/home/vboxuser/ros2_iron/install/ament_pep257:/home/vboxuser/ros2_iron/install/ament_pclint:/home/vboxuser/ros2_iron/install/ament_package:/home/vboxuser/ros2_iron/install/ament_mypy:/home/vboxuser/ros2_iron/install/ament_lint_cmake:/home/vboxuser/ros2_iron/install/ament_flake8:/home/vboxuser/ros2_iron/install/ament_copyright:/home/vboxuser/ros2_iron/install/ament_lint:/home/vboxuser/ros2_iron/install/ament_index_python:/home/vboxuser/ros2_iron/install/ament_cpplint:/home/vboxuser/ros2_iron/install/ament_cppcheck:/home/vboxuser/ros2_iron/install/ament_clang_tidy:/home/vboxuser/ros2_iron/install/ament_clang_format /usr/bin/cmake --build /home/vboxuser/ros2_ws/build/bq769x2_i2c_ros -- -j4 -l4
[2.116s] DEBUG:colcon.colcon_core.event_handler.log_command:Invoking command in '/home/vboxuser/ros2_ws/build/examples_rclcpp_cbg_executor': CMAKE_PREFIX_PATH=${CMAKE_PREFIX_PATH}:/home/vboxuser/ros2_ws/install/read_rosbag:/home/vboxuser/ros2_ws/install/py_pubsub:/home/vboxuser/ros2_ws/install/launch_testing_examples:/home/vboxuser/ros2_ws/install/examples_rclpy_pointcloud_publisher:/home/vboxuser/ros2_ws/install/examples_rclpy_minimal_subscriber:/home/vboxuser/ros2_ws/install/examples_rclpy_minimal_service:/home/vboxuser/ros2_ws/install/examples_rclpy_minimal_publisher:/home/vboxuser/ros2_ws/install/examples_rclpy_minimal_client:/home/vboxuser/ros2_ws/install/examples_rclpy_minimal_action_server:/home/vboxuser/ros2_ws/install/examples_rclpy_minimal_action_client:/home/vboxuser/ros2_ws/install/examples_rclpy_guard_conditions:/home/vboxuser/ros2_ws/install/examples_rclpy_executors:/home/vboxuser/ros2_ws/install/bms_visualizer:/opt/ros/iron:/home/vboxuser/ros2_iron/install/rqt_bag_plugins:/home/vboxuser/ros2_iron/install/rqt_bag:/home/vboxuser/ros2_iron/install/rosbag2_examples_py:/home/vboxuser/ros2_iron/install/launch_testing_examples:/home/vboxuser/ros2_iron/install/ros2bag:/home/vboxuser/ros2_iron/install/tracetools_test:/home/vboxuser/ros2_iron/install/tracetools_launch:/home/vboxuser/ros2_iron/install/topic_monitor:/home/vboxuser/ros2_iron/install/tf2_tools:/home/vboxuser/ros2_iron/install/examples_tf2_py:/home/vboxuser/ros2_iron/install/tf2_ros_py:/home/vboxuser/ros2_iron/install/examples_rclpy_pointcloud_publisher:/home/vboxuser/ros2_iron/install/sensor_msgs_py:/home/vboxuser/ros2_iron/install/quality_of_service_demo_py:/home/vboxuser/ros2_iron/install/rqt_plot:/home/vboxuser/ros2_iron/install/ros2doctor:/home/vboxuser/ros2_iron/install/lifecycle_py:/home/vboxuser/ros2_iron/install/examples_rclpy_minimal_subscriber:/home/vboxuser/ros2_iron/install/examples_rclpy_minimal_service:/home/vboxuser/ros2_iron/install/examples_rclpy_minimal_publisher:/home/vboxuser/ros2_iron/install/examples_rclpy_minimal_client:/home/vboxuser/ros2_iron/install/examples_rclpy_executors:/home/vboxuser/ros2_iron/install/demo_nodes_py:/home/vboxuser/ros2_iron/install/rqt:/home/vboxuser/ros2_iron/install/ros2component:/home/vboxuser/ros2_iron/install/sros2:/home/vboxuser/ros2_iron/install/rqt_topic:/home/vboxuser/ros2_iron/install/rqt_srv:/home/vboxuser/ros2_iron/install/rqt_shell:/home/vboxuser/ros2_iron/install/rqt_service_caller:/home/vboxuser/ros2_iron/install/rqt_reconfigure:/home/vboxuser/ros2_iron/install/rqt_py_console:/home/vboxuser/ros2_iron/install/rqt_publisher:/home/vboxuser/ros2_iron/install/rqt_action:/home/vboxuser/ros2_iron/install/rqt_msg:/home/vboxuser/ros2_iron/install/rqt_console:/home/vboxuser/ros2_iron/install/rqt_graph:/home/vboxuser/ros2_iron/install/rqt_gui_py:/home/vboxuser/ros2_iron/install/rqt_gui:/home/vboxuser/ros2_iron/install/ros2trace:/home/vboxuser/ros2_iron/install/ros2topic:/home/vboxuser/ros2_iron/install/ros2test:/home/vboxuser/ros2_iron/install/ros2param:/home/vboxuser/ros2_iron/install/ros2lifecycle:/home/vboxuser/ros2_iron/install/ros2service:/home/vboxuser/ros2_iron/install/ros2run:/home/vboxuser/ros2_iron/install/ros2launch:/home/vboxuser/ros2_iron/install/ros2pkg:/home/vboxuser/ros2_iron/install/ros2node:/home/vboxuser/ros2_iron/install/ros2multicast:/home/vboxuser/ros2_iron/install/ros2interface:/home/vboxuser/ros2_iron/install/ros2action:/home/vboxuser/ros2_iron/install/ros2cli:/home/vboxuser/ros2_iron/install/launch_testing_ros:/home/vboxuser/ros2_iron/install/launch_ros:/home/vboxuser/ros2_iron/install/examples_rclpy_minimal_action_server:/home/vboxuser/ros2_iron/install/examples_rclpy_minimal_action_client:/home/vboxuser/ros2_iron/install/examples_rclpy_guard_conditions:/home/vboxuser/ros2_iron/install/action_tutorials_py:/home/vboxuser/ros2_iron/install/ament_uncrustify:/home/vboxuser/ros2_iron/install/tracetools_trace:/home/vboxuser/ros2_iron/install/tracetools_read:/home/vboxuser/ros2_iron/install/test_tracetools_launch:/home/vboxuser/ros2_iron/install/test_ros2trace:/home/vboxuser/ros2_iron/install/test_launch_ros:/home/vboxuser/ros2_iron/install/rpyutils:/home/vboxuser/ros2_iron/install/rosidl_runtime_py:/home/vboxuser/ros2_iron/install/rosidl_pycommon:/home/vboxuser/ros2_iron/install/rosidl_cli:/home/vboxuser/ros2_iron/install/launch_pytest:/home/vboxuser/ros2_iron/install/launch_testing:/home/vboxuser/ros2_iron/install/launch_yaml:/home/vboxuser/ros2_iron/install/launch_xml:/home/vboxuser/ros2_iron/install/launch:/home/vboxuser/ros2_iron/install/osrf_pycommon:/home/vboxuser/ros2_iron/install/domain_coordinator:/home/vboxuser/ros2_iron/install/ament_xmllint:/home/vboxuser/ros2_iron/install/ament_pyflakes:/home/vboxuser/ros2_iron/install/ament_pycodestyle:/home/vboxuser/ros2_iron/install/ament_pep257:/home/vboxuser/ros2_iron/install/ament_pclint:/home/vboxuser/ros2_iron/install/ament_package:/home/vboxuser/ros2_iron/install/ament_mypy:/home/vboxuser/ros2_iron/install/ament_lint_cmake:/home/vboxuser/ros2_iron/install/ament_flake8:/home/vboxuser/ros2_iron/install/ament_copyright:/home/vboxuser/ros2_iron/install/ament_lint:/home/vboxuser/ros2_iron/install/ament_index_python:/home/vboxuser/ros2_iron/install/ament_cpplint:/home/vboxuser/ros2_iron/install/ament_cppcheck:/home/vboxuser/ros2_iron/install/ament_clang_tidy:/home/vboxuser/ros2_iron/install/ament_clang_format /usr/bin/cmake --build /home/vboxuser/ros2_ws/build/examples_rclcpp_cbg_executor -- -j4 -l4
[2.410s] DEBUG:colcon.colcon_core.event_handler.log_command:Invoked command in '/home/vboxuser/ros2_ws/build/examples_rclcpp_async_client' returned '0': CMAKE_PREFIX_PATH=${CMAKE_PREFIX_PATH}:/home/vboxuser/ros2_ws/install/read_rosbag:/home/vboxuser/ros2_ws/install/py_pubsub:/home/vboxuser/ros2_ws/install/launch_testing_examples:/home/vboxuser/ros2_ws/install/examples_rclpy_pointcloud_publisher:/home/vboxuser/ros2_ws/install/examples_rclpy_minimal_subscriber:/home/vboxuser/ros2_ws/install/examples_rclpy_minimal_service:/home/vboxuser/ros2_ws/install/examples_rclpy_minimal_publisher:/home/vboxuser/ros2_ws/install/examples_rclpy_minimal_client:/home/vboxuser/ros2_ws/install/examples_rclpy_minimal_action_server:/home/vboxuser/ros2_ws/install/examples_rclpy_minimal_action_client:/home/vboxuser/ros2_ws/install/examples_rclpy_guard_conditions:/home/vboxuser/ros2_ws/install/examples_rclpy_executors:/home/vboxuser/ros2_ws/install/bms_visualizer:/opt/ros/iron:/home/vboxuser/ros2_iron/install/rqt_bag_plugins:/home/vboxuser/ros2_iron/install/rqt_bag:/home/vboxuser/ros2_iron/install/rosbag2_examples_py:/home/vboxuser/ros2_iron/install/launch_testing_examples:/home/vboxuser/ros2_iron/install/ros2bag:/home/vboxuser/ros2_iron/install/tracetools_test:/home/vboxuser/ros2_iron/install/tracetools_launch:/home/vboxuser/ros2_iron/install/topic_monitor:/home/vboxuser/ros2_iron/install/tf2_tools:/home/vboxuser/ros2_iron/install/examples_tf2_py:/home/vboxuser/ros2_iron/install/tf2_ros_py:/home/vboxuser/ros2_iron/install/examples_rclpy_pointcloud_publisher:/home/vboxuser/ros2_iron/install/sensor_msgs_py:/home/vboxuser/ros2_iron/install/quality_of_service_demo_py:/home/vboxuser/ros2_iron/install/rqt_plot:/home/vboxuser/ros2_iron/install/ros2doctor:/home/vboxuser/ros2_iron/install/lifecycle_py:/home/vboxuser/ros2_iron/install/examples_rclpy_minimal_subscriber:/home/vboxuser/ros2_iron/install/examples_rclpy_minimal_service:/home/vboxuser/ros2_iron/install/examples_rclpy_minimal_publisher:/home/vboxuser/ros2_iron/install/examples_rclpy_minimal_client:/home/vboxuser/ros2_iron/install/examples_rclpy_executors:/home/vboxuser/ros2_iron/install/demo_nodes_py:/home/vboxuser/ros2_iron/install/rqt:/home/vboxuser/ros2_iron/install/ros2component:/home/vboxuser/ros2_iron/install/sros2:/home/vboxuser/ros2_iron/install/rqt_topic:/home/vboxuser/ros2_iron/install/rqt_srv:/home/vboxuser/ros2_iron/install/rqt_shell:/home/vboxuser/ros2_iron/install/rqt_service_caller:/home/vboxuser/ros2_iron/install/rqt_reconfigure:/home/vboxuser/ros2_iron/install/rqt_py_console:/home/vboxuser/ros2_iron/install/rqt_publisher:/home/vboxuser/ros2_iron/install/rqt_action:/home/vboxuser/ros2_iron/install/rqt_msg:/home/vboxuser/ros2_iron/install/rqt_console:/home/vboxuser/ros2_iron/install/rqt_graph:/home/vboxuser/ros2_iron/install/rqt_gui_py:/home/vboxuser/ros2_iron/install/rqt_gui:/home/vboxuser/ros2_iron/install/ros2trace:/home/vboxuser/ros2_iron/install/ros2topic:/home/vboxuser/ros2_iron/install/ros2test:/home/vboxuser/ros2_iron/install/ros2param:/home/vboxuser/ros2_iron/install/ros2lifecycle:/home/vboxuser/ros2_iron/install/ros2service:/home/vboxuser/ros2_iron/install/ros2run:/home/vboxuser/ros2_iron/install/ros2launch:/home/vboxuser/ros2_iron/install/ros2pkg:/home/vboxuser/ros2_iron/install/ros2node:/home/vboxuser/ros2_iron/install/ros2multicast:/home/vboxuser/ros2_iron/install/ros2interface:/home/vboxuser/ros2_iron/install/ros2action:/home/vboxuser/ros2_iron/install/ros2cli:/home/vboxuser/ros2_iron/install/launch_testing_ros:/home/vboxuser/ros2_iron/install/launch_ros:/home/vboxuser/ros2_iron/install/examples_rclpy_minimal_action_server:/home/vboxuser/ros2_iron/install/examples_rclpy_minimal_action_client:/home/vboxuser/ros2_iron/install/examples_rclpy_guard_conditions:/home/vboxuser/ros2_iron/install/action_tutorials_py:/home/vboxuser/ros2_iron/install/ament_uncrustify:/home/vboxuser/ros2_iron/install/tracetools_trace:/home/vboxuser/ros2_iron/install/tracetools_read:/home/vboxuser/ros2_iron/install/test_tracetools_launch:/home/vboxuser/ros2_iron/install/test_ros2trace:/home/vboxuser/ros2_iron/install/test_launch_ros:/home/vboxuser/ros2_iron/install/rpyutils:/home/vboxuser/ros2_iron/install/rosidl_runtime_py:/home/vboxuser/ros2_iron/install/rosidl_pycommon:/home/vboxuser/ros2_iron/install/rosidl_cli:/home/vboxuser/ros2_iron/install/launch_pytest:/home/vboxuser/ros2_iron/install/launch_testing:/home/vboxuser/ros2_iron/install/launch_yaml:/home/vboxuser/ros2_iron/install/launch_xml:/home/vboxuser/ros2_iron/install/launch:/home/vboxuser/ros2_iron/install/osrf_pycommon:/home/vboxuser/ros2_iron/install/domain_coordinator:/home/vboxuser/ros2_iron/install/ament_xmllint:/home/vboxuser/ros2_iron/install/ament_pyflakes:/home/vboxuser/ros2_iron/install/ament_pycodestyle:/home/vboxuser/ros2_iron/install/ament_pep257:/home/vboxuser/ros2_iron/install/ament_pclint:/home/vboxuser/ros2_iron/install/ament_package:/home/vboxuser/ros2_iron/install/ament_mypy:/home/vboxuser/ros2_iron/install/ament_lint_cmake:/home/vboxuser/ros2_iron/install/ament_flake8:/home/vboxuser/ros2_iron/install/ament_copyright:/home/vboxuser/ros2_iron/install/ament_lint:/home/vboxuser/ros2_iron/install/ament_index_python:/home/vboxuser/ros2_iron/install/ament_cpplint:/home/vboxuser/ros2_iron/install/ament_cppcheck:/home/vboxuser/ros2_iron/install/ament_clang_tidy:/home/vboxuser/ros2_iron/install/ament_clang_format /usr/bin/cmake --build /home/vboxuser/ros2_ws/build/examples_rclcpp_async_client -- -j4 -l4
[2.466s] DEBUG:colcon.colcon_core.event_handler.log_command:Invoking command in '/home/vboxuser/ros2_ws/build/examples_rclcpp_async_client': CMAKE_PREFIX_PATH=${CMAKE_PREFIX_PATH}:/home/vboxuser/ros2_ws/install/read_rosbag:/home/vboxuser/ros2_ws/install/py_pubsub:/home/vboxuser/ros2_ws/install/launch_testing_examples:/home/vboxuser/ros2_ws/install/examples_rclpy_pointcloud_publisher:/home/vboxuser/ros2_ws/install/examples_rclpy_minimal_subscriber:/home/vboxuser/ros2_ws/install/examples_rclpy_minimal_service:/home/vboxuser/ros2_ws/install/examples_rclpy_minimal_publisher:/home/vboxuser/ros2_ws/install/examples_rclpy_minimal_client:/home/vboxuser/ros2_ws/install/examples_rclpy_minimal_action_server:/home/vboxuser/ros2_ws/install/examples_rclpy_minimal_action_client:/home/vboxuser/ros2_ws/install/examples_rclpy_guard_conditions:/home/vboxuser/ros2_ws/install/examples_rclpy_executors:/home/vboxuser/ros2_ws/install/bms_visualizer:/opt/ros/iron:/home/vboxuser/ros2_iron/install/rqt_bag_plugins:/home/vboxuser/ros2_iron/install/rqt_bag:/home/vboxuser/ros2_iron/install/rosbag2_examples_py:/home/vboxuser/ros2_iron/install/launch_testing_examples:/home/vboxuser/ros2_iron/install/ros2bag:/home/vboxuser/ros2_iron/install/tracetools_test:/home/vboxuser/ros2_iron/install/tracetools_launch:/home/vboxuser/ros2_iron/install/topic_monitor:/home/vboxuser/ros2_iron/install/tf2_tools:/home/vboxuser/ros2_iron/install/examples_tf2_py:/home/vboxuser/ros2_iron/install/tf2_ros_py:/home/vboxuser/ros2_iron/install/examples_rclpy_pointcloud_publisher:/home/vboxuser/ros2_iron/install/sensor_msgs_py:/home/vboxuser/ros2_iron/install/quality_of_service_demo_py:/home/vboxuser/ros2_iron/install/rqt_plot:/home/vboxuser/ros2_iron/install/ros2doctor:/home/vboxuser/ros2_iron/install/lifecycle_py:/home/vboxuser/ros2_iron/install/examples_rclpy_minimal_subscriber:/home/vboxuser/ros2_iron/install/examples_rclpy_minimal_service:/home/vboxuser/ros2_iron/install/examples_rclpy_minimal_publisher:/home/vboxuser/ros2_iron/install/examples_rclpy_minimal_client:/home/vboxuser/ros2_iron/install/examples_rclpy_executors:/home/vboxuser/ros2_iron/install/demo_nodes_py:/home/vboxuser/ros2_iron/install/rqt:/home/vboxuser/ros2_iron/install/ros2component:/home/vboxuser/ros2_iron/install/sros2:/home/vboxuser/ros2_iron/install/rqt_topic:/home/vboxuser/ros2_iron/install/rqt_srv:/home/vboxuser/ros2_iron/install/rqt_shell:/home/vboxuser/ros2_iron/install/rqt_service_caller:/home/vboxuser/ros2_iron/install/rqt_reconfigure:/home/vboxuser/ros2_iron/install/rqt_py_console:/home/vboxuser/ros2_iron/install/rqt_publisher:/home/vboxuser/ros2_iron/install/rqt_action:/home/vboxuser/ros2_iron/install/rqt_msg:/home/vboxuser/ros2_iron/install/rqt_console:/home/vboxuser/ros2_iron/install/rqt_graph:/home/vboxuser/ros2_iron/install/rqt_gui_py:/home/vboxuser/ros2_iron/install/rqt_gui:/home/vboxuser/ros2_iron/install/ros2trace:/home/vboxuser/ros2_iron/install/ros2topic:/home/vboxuser/ros2_iron/install/ros2test:/home/vboxuser/ros2_iron/install/ros2param:/home/vboxuser/ros2_iron/install/ros2lifecycle:/home/vboxuser/ros2_iron/install/ros2service:/home/vboxuser/ros2_iron/install/ros2run:/home/vboxuser/ros2_iron/install/ros2launch:/home/vboxuser/ros2_iron/install/ros2pkg:/home/vboxuser/ros2_iron/install/ros2node:/home/vboxuser/ros2_iron/install/ros2multicast:/home/vboxuser/ros2_iron/install/ros2interface:/home/vboxuser/ros2_iron/install/ros2action:/home/vboxuser/ros2_iron/install/ros2cli:/home/vboxuser/ros2_iron/install/launch_testing_ros:/home/vboxuser/ros2_iron/install/launch_ros:/home/vboxuser/ros2_iron/install/examples_rclpy_minimal_action_server:/home/vboxuser/ros2_iron/install/examples_rclpy_minimal_action_client:/home/vboxuser/ros2_iron/install/examples_rclpy_guard_conditions:/home/vboxuser/ros2_iron/install/action_tutorials_py:/home/vboxuser/ros2_iron/install/ament_uncrustify:/home/vboxuser/ros2_iron/install/tracetools_trace:/home/vboxuser/ros2_iron/install/tracetools_read:/home/vboxuser/ros2_iron/install/test_tracetools_launch:/home/vboxuser/ros2_iron/install/test_ros2trace:/home/vboxuser/ros2_iron/install/test_launch_ros:/home/vboxuser/ros2_iron/install/rpyutils:/home/vboxuser/ros2_iron/install/rosidl_runtime_py:/home/vboxuser/ros2_iron/install/rosidl_pycommon:/home/vboxuser/ros2_iron/install/rosidl_cli:/home/vboxuser/ros2_iron/install/launch_pytest:/home/vboxuser/ros2_iron/install/launch_testing:/home/vboxuser/ros2_iron/install/launch_yaml:/home/vboxuser/ros2_iron/install/launch_xml:/home/vboxuser/ros2_iron/install/launch:/home/vboxuser/ros2_iron/install/osrf_pycommon:/home/vboxuser/ros2_iron/install/domain_coordinator:/home/vboxuser/ros2_iron/install/ament_xmllint:/home/vboxuser/ros2_iron/install/ament_pyflakes:/home/vboxuser/ros2_iron/install/ament_pycodestyle:/home/vboxuser/ros2_iron/install/ament_pep257:/home/vboxuser/ros2_iron/install/ament_pclint:/home/vboxuser/ros2_iron/install/ament_package:/home/vboxuser/ros2_iron/install/ament_mypy:/home/vboxuser/ros2_iron/install/ament_lint_cmake:/home/vboxuser/ros2_iron/install/ament_flake8:/home/vboxuser/ros2_iron/install/ament_copyright:/home/vboxuser/ros2_iron/install/ament_lint:/home/vboxuser/ros2_iron/install/ament_index_python:/home/vboxuser/ros2_iron/install/ament_cpplint:/home/vboxuser/ros2_iron/install/ament_cppcheck:/home/vboxuser/ros2_iron/install/ament_clang_tidy:/home/vboxuser/ros2_iron/install/ament_clang_format /usr/bin/cmake --install /home/vboxuser/ros2_ws/build/examples_rclcpp_async_client
[2.471s] DEBUG:colcon.colcon_core.event_handler.log_command:Invoked command in '/home/vboxuser/ros2_ws/build/bq769x2_i2c_ros' returned '0': CMAKE_PREFIX_PATH=${CMAKE_PREFIX_PATH}:/home/vboxuser/ros2_ws/install/read_rosbag:/home/vboxuser/ros2_ws/install/py_pubsub:/home/vboxuser/ros2_ws/install/launch_testing_examples:/home/vboxuser/ros2_ws/install/examples_rclpy_pointcloud_publisher:/home/vboxuser/ros2_ws/install/examples_rclpy_minimal_subscriber:/home/vboxuser/ros2_ws/install/examples_rclpy_minimal_service:/home/vboxuser/ros2_ws/install/examples_rclpy_minimal_publisher:/home/vboxuser/ros2_ws/install/examples_rclpy_minimal_client:/home/vboxuser/ros2_ws/install/examples_rclpy_minimal_action_server:/home/vboxuser/ros2_ws/install/examples_rclpy_minimal_action_client:/home/vboxuser/ros2_ws/install/examples_rclpy_guard_conditions:/home/vboxuser/ros2_ws/install/examples_rclpy_executors:/home/vboxuser/ros2_ws/install/bms_visualizer:/opt/ros/iron:/home/vboxuser/ros2_iron/install/rqt_bag_plugins:/home/vboxuser/ros2_iron/install/rqt_bag:/home/vboxuser/ros2_iron/install/rosbag2_examples_py:/home/vboxuser/ros2_iron/install/launch_testing_examples:/home/vboxuser/ros2_iron/install/ros2bag:/home/vboxuser/ros2_iron/install/tracetools_test:/home/vboxuser/ros2_iron/install/tracetools_launch:/home/vboxuser/ros2_iron/install/topic_monitor:/home/vboxuser/ros2_iron/install/tf2_tools:/home/vboxuser/ros2_iron/install/examples_tf2_py:/home/vboxuser/ros2_iron/install/tf2_ros_py:/home/vboxuser/ros2_iron/install/examples_rclpy_pointcloud_publisher:/home/vboxuser/ros2_iron/install/sensor_msgs_py:/home/vboxuser/ros2_iron/install/quality_of_service_demo_py:/home/vboxuser/ros2_iron/install/rqt_plot:/home/vboxuser/ros2_iron/install/ros2doctor:/home/vboxuser/ros2_iron/install/lifecycle_py:/home/vboxuser/ros2_iron/install/examples_rclpy_minimal_subscriber:/home/vboxuser/ros2_iron/install/examples_rclpy_minimal_service:/home/vboxuser/ros2_iron/install/examples_rclpy_minimal_publisher:/home/vboxuser/ros2_iron/install/examples_rclpy_minimal_client:/home/vboxuser/ros2_iron/install/examples_rclpy_executors:/home/vboxuser/ros2_iron/install/demo_nodes_py:/home/vboxuser/ros2_iron/install/rqt:/home/vboxuser/ros2_iron/install/ros2component:/home/vboxuser/ros2_iron/install/sros2:/home/vboxuser/ros2_iron/install/rqt_topic:/home/vboxuser/ros2_iron/install/rqt_srv:/home/vboxuser/ros2_iron/install/rqt_shell:/home/vboxuser/ros2_iron/install/rqt_service_caller:/home/vboxuser/ros2_iron/install/rqt_reconfigure:/home/vboxuser/ros2_iron/install/rqt_py_console:/home/vboxuser/ros2_iron/install/rqt_publisher:/home/vboxuser/ros2_iron/install/rqt_action:/home/vboxuser/ros2_iron/install/rqt_msg:/home/vboxuser/ros2_iron/install/rqt_console:/home/vboxuser/ros2_iron/install/rqt_graph:/home/vboxuser/ros2_iron/install/rqt_gui_py:/home/vboxuser/ros2_iron/install/rqt_gui:/home/vboxuser/ros2_iron/install/ros2trace:/home/vboxuser/ros2_iron/install/ros2topic:/home/vboxuser/ros2_iron/install/ros2test:/home/vboxuser/ros2_iron/install/ros2param:/home/vboxuser/ros2_iron/install/ros2lifecycle:/home/vboxuser/ros2_iron/install/ros2service:/home/vboxuser/ros2_iron/install/ros2run:/home/vboxuser/ros2_iron/install/ros2launch:/home/vboxuser/ros2_iron/install/ros2pkg:/home/vboxuser/ros2_iron/install/ros2node:/home/vboxuser/ros2_iron/install/ros2multicast:/home/vboxuser/ros2_iron/install/ros2interface:/home/vboxuser/ros2_iron/install/ros2action:/home/vboxuser/ros2_iron/install/ros2cli:/home/vboxuser/ros2_iron/install/launch_testing_ros:/home/vboxuser/ros2_iron/install/launch_ros:/home/vboxuser/ros2_iron/install/examples_rclpy_minimal_action_server:/home/vboxuser/ros2_iron/install/examples_rclpy_minimal_action_client:/home/vboxuser/ros2_iron/install/examples_rclpy_guard_conditions:/home/vboxuser/ros2_iron/install/action_tutorials_py:/home/vboxuser/ros2_iron/install/ament_uncrustify:/home/vboxuser/ros2_iron/install/tracetools_trace:/home/vboxuser/ros2_iron/install/tracetools_read:/home/vboxuser/ros2_iron/install/test_tracetools_launch:/home/vboxuser/ros2_iron/install/test_ros2trace:/home/vboxuser/ros2_iron/install/test_launch_ros:/home/vboxuser/ros2_iron/install/rpyutils:/home/vboxuser/ros2_iron/install/rosidl_runtime_py:/home/vboxuser/ros2_iron/install/rosidl_pycommon:/home/vboxuser/ros2_iron/install/rosidl_cli:/home/vboxuser/ros2_iron/install/launch_pytest:/home/vboxuser/ros2_iron/install/launch_testing:/home/vboxuser/ros2_iron/install/launch_yaml:/home/vboxuser/ros2_iron/install/launch_xml:/home/vboxuser/ros2_iron/install/launch:/home/vboxuser/ros2_iron/install/osrf_pycommon:/home/vboxuser/ros2_iron/install/domain_coordinator:/home/vboxuser/ros2_iron/install/ament_xmllint:/home/vboxuser/ros2_iron/install/ament_pyflakes:/home/vboxuser/ros2_iron/install/ament_pycodestyle:/home/vboxuser/ros2_iron/install/ament_pep257:/home/vboxuser/ros2_iron/install/ament_pclint:/home/vboxuser/ros2_iron/install/ament_package:/home/vboxuser/ros2_iron/install/ament_mypy:/home/vboxuser/ros2_iron/install/ament_lint_cmake:/home/vboxuser/ros2_iron/install/ament_flake8:/home/vboxuser/ros2_iron/install/ament_copyright:/home/vboxuser/ros2_iron/install/ament_lint:/home/vboxuser/ros2_iron/install/ament_index_python:/home/vboxuser/ros2_iron/install/ament_cpplint:/home/vboxuser/ros2_iron/install/ament_cppcheck:/home/vboxuser/ros2_iron/install/ament_clang_tidy:/home/vboxuser/ros2_iron/install/ament_clang_format /usr/bin/cmake --build /home/vboxuser/ros2_ws/build/bq769x2_i2c_ros -- -j4 -l4
[2.497s] DEBUG:colcon.colcon_core.event_handler.log_command:Invoking command in '/home/vboxuser/ros2_ws/build/bq769x2_i2c_ros': CMAKE_PREFIX_PATH=${CMAKE_PREFIX_PATH}:/home/vboxuser/ros2_ws/install/read_rosbag:/home/vboxuser/ros2_ws/install/py_pubsub:/home/vboxuser/ros2_ws/install/launch_testing_examples:/home/vboxuser/ros2_ws/install/examples_rclpy_pointcloud_publisher:/home/vboxuser/ros2_ws/install/examples_rclpy_minimal_subscriber:/home/vboxuser/ros2_ws/install/examples_rclpy_minimal_service:/home/vboxuser/ros2_ws/install/examples_rclpy_minimal_publisher:/home/vboxuser/ros2_ws/install/examples_rclpy_minimal_client:/home/vboxuser/ros2_ws/install/examples_rclpy_minimal_action_server:/home/vboxuser/ros2_ws/install/examples_rclpy_minimal_action_client:/home/vboxuser/ros2_ws/install/examples_rclpy_guard_conditions:/home/vboxuser/ros2_ws/install/examples_rclpy_executors:/home/vboxuser/ros2_ws/install/bms_visualizer:/opt/ros/iron:/home/vboxuser/ros2_iron/install/rqt_bag_plugins:/home/vboxuser/ros2_iron/install/rqt_bag:/home/vboxuser/ros2_iron/install/rosbag2_examples_py:/home/vboxuser/ros2_iron/install/launch_testing_examples:/home/vboxuser/ros2_iron/install/ros2bag:/home/vboxuser/ros2_iron/install/tracetools_test:/home/vboxuser/ros2_iron/install/tracetools_launch:/home/vboxuser/ros2_iron/install/topic_monitor:/home/vboxuser/ros2_iron/install/tf2_tools:/home/vboxuser/ros2_iron/install/examples_tf2_py:/home/vboxuser/ros2_iron/install/tf2_ros_py:/home/vboxuser/ros2_iron/install/examples_rclpy_pointcloud_publisher:/home/vboxuser/ros2_iron/install/sensor_msgs_py:/home/vboxuser/ros2_iron/install/quality_of_service_demo_py:/home/vboxuser/ros2_iron/install/rqt_plot:/home/vboxuser/ros2_iron/install/ros2doctor:/home/vboxuser/ros2_iron/install/lifecycle_py:/home/vboxuser/ros2_iron/install/examples_rclpy_minimal_subscriber:/home/vboxuser/ros2_iron/install/examples_rclpy_minimal_service:/home/vboxuser/ros2_iron/install/examples_rclpy_minimal_publisher:/home/vboxuser/ros2_iron/install/examples_rclpy_minimal_client:/home/vboxuser/ros2_iron/install/examples_rclpy_executors:/home/vboxuser/ros2_iron/install/demo_nodes_py:/home/vboxuser/ros2_iron/install/rqt:/home/vboxuser/ros2_iron/install/ros2component:/home/vboxuser/ros2_iron/install/sros2:/home/vboxuser/ros2_iron/install/rqt_topic:/home/vboxuser/ros2_iron/install/rqt_srv:/home/vboxuser/ros2_iron/install/rqt_shell:/home/vboxuser/ros2_iron/install/rqt_service_caller:/home/vboxuser/ros2_iron/install/rqt_reconfigure:/home/vboxuser/ros2_iron/install/rqt_py_console:/home/vboxuser/ros2_iron/install/rqt_publisher:/home/vboxuser/ros2_iron/install/rqt_action:/home/vboxuser/ros2_iron/install/rqt_msg:/home/vboxuser/ros2_iron/install/rqt_console:/home/vboxuser/ros2_iron/install/rqt_graph:/home/vboxuser/ros2_iron/install/rqt_gui_py:/home/vboxuser/ros2_iron/install/rqt_gui:/home/vboxuser/ros2_iron/install/ros2trace:/home/vboxuser/ros2_iron/install/ros2topic:/home/vboxuser/ros2_iron/install/ros2test:/home/vboxuser/ros2_iron/install/ros2param:/home/vboxuser/ros2_iron/install/ros2lifecycle:/home/vboxuser/ros2_iron/install/ros2service:/home/vboxuser/ros2_iron/install/ros2run:/home/vboxuser/ros2_iron/install/ros2launch:/home/vboxuser/ros2_iron/install/ros2pkg:/home/vboxuser/ros2_iron/install/ros2node:/home/vboxuser/ros2_iron/install/ros2multicast:/home/vboxuser/ros2_iron/install/ros2interface:/home/vboxuser/ros2_iron/install/ros2action:/home/vboxuser/ros2_iron/install/ros2cli:/home/vboxuser/ros2_iron/install/launch_testing_ros:/home/vboxuser/ros2_iron/install/launch_ros:/home/vboxuser/ros2_iron/install/examples_rclpy_minimal_action_server:/home/vboxuser/ros2_iron/install/examples_rclpy_minimal_action_client:/home/vboxuser/ros2_iron/install/examples_rclpy_guard_conditions:/home/vboxuser/ros2_iron/install/action_tutorials_py:/home/vboxuser/ros2_iron/install/ament_uncrustify:/home/vboxuser/ros2_iron/install/tracetools_trace:/home/vboxuser/ros2_iron/install/tracetools_read:/home/vboxuser/ros2_iron/install/test_tracetools_launch:/home/vboxuser/ros2_iron/install/test_ros2trace:/home/vboxuser/ros2_iron/install/test_launch_ros:/home/vboxuser/ros2_iron/install/rpyutils:/home/vboxuser/ros2_iron/install/rosidl_runtime_py:/home/vboxuser/ros2_iron/install/rosidl_pycommon:/home/vboxuser/ros2_iron/install/rosidl_cli:/home/vboxuser/ros2_iron/install/launch_pytest:/home/vboxuser/ros2_iron/install/launch_testing:/home/vboxuser/ros2_iron/install/launch_yaml:/home/vboxuser/ros2_iron/install/launch_xml:/home/vboxuser/ros2_iron/install/launch:/home/vboxuser/ros2_iron/install/osrf_pycommon:/home/vboxuser/ros2_iron/install/domain_coordinator:/home/vboxuser/ros2_iron/install/ament_xmllint:/home/vboxuser/ros2_iron/install/ament_pyflakes:/home/vboxuser/ros2_iron/install/ament_pycodestyle:/home/vboxuser/ros2_iron/install/ament_pep257:/home/vboxuser/ros2_iron/install/ament_pclint:/home/vboxuser/ros2_iron/install/ament_package:/home/vboxuser/ros2_iron/install/ament_mypy:/home/vboxuser/ros2_iron/install/ament_lint_cmake:/home/vboxuser/ros2_iron/install/ament_flake8:/home/vboxuser/ros2_iron/install/ament_copyright:/home/vboxuser/ros2_iron/install/ament_lint:/home/vboxuser/ros2_iron/install/ament_index_python:/home/vboxuser/ros2_iron/install/ament_cpplint:/home/vboxuser/ros2_iron/install/ament_cppcheck:/home/vboxuser/ros2_iron/install/ament_clang_tidy:/home/vboxuser/ros2_iron/install/ament_clang_format /usr/bin/cmake --install /home/vboxuser/ros2_ws/build/bq769x2_i2c_ros
[2.527s] Level 1:colcon.colcon_core.environment:create_environment_scripts_only(examples_rclcpp_async_client)
[2.530s] DEBUG:colcon.colcon_core.event_handler.log_command:Invoked command in '/home/vboxuser/ros2_ws/build/examples_rclcpp_async_client' returned '0': CMAKE_PREFIX_PATH=${CMAKE_PREFIX_PATH}:/home/vboxuser/ros2_ws/install/read_rosbag:/home/vboxuser/ros2_ws/install/py_pubsub:/home/vboxuser/ros2_ws/install/launch_testing_examples:/home/vboxuser/ros2_ws/install/examples_rclpy_pointcloud_publisher:/home/vboxuser/ros2_ws/install/examples_rclpy_minimal_subscriber:/home/vboxuser/ros2_ws/install/examples_rclpy_minimal_service:/home/vboxuser/ros2_ws/install/examples_rclpy_minimal_publisher:/home/vboxuser/ros2_ws/install/examples_rclpy_minimal_client:/home/vboxuser/ros2_ws/install/examples_rclpy_minimal_action_server:/home/vboxuser/ros2_ws/install/examples_rclpy_minimal_action_client:/home/vboxuser/ros2_ws/install/examples_rclpy_guard_conditions:/home/vboxuser/ros2_ws/install/examples_rclpy_executors:/home/vboxuser/ros2_ws/install/bms_visualizer:/opt/ros/iron:/home/vboxuser/ros2_iron/install/rqt_bag_plugins:/home/vboxuser/ros2_iron/install/rqt_bag:/home/vboxuser/ros2_iron/install/rosbag2_examples_py:/home/vboxuser/ros2_iron/install/launch_testing_examples:/home/vboxuser/ros2_iron/install/ros2bag:/home/vboxuser/ros2_iron/install/tracetools_test:/home/vboxuser/ros2_iron/install/tracetools_launch:/home/vboxuser/ros2_iron/install/topic_monitor:/home/vboxuser/ros2_iron/install/tf2_tools:/home/vboxuser/ros2_iron/install/examples_tf2_py:/home/vboxuser/ros2_iron/install/tf2_ros_py:/home/vboxuser/ros2_iron/install/examples_rclpy_pointcloud_publisher:/home/vboxuser/ros2_iron/install/sensor_msgs_py:/home/vboxuser/ros2_iron/install/quality_of_service_demo_py:/home/vboxuser/ros2_iron/install/rqt_plot:/home/vboxuser/ros2_iron/install/ros2doctor:/home/vboxuser/ros2_iron/install/lifecycle_py:/home/vboxuser/ros2_iron/install/examples_rclpy_minimal_subscriber:/home/vboxuser/ros2_iron/install/examples_rclpy_minimal_service:/home/vboxuser/ros2_iron/install/examples_rclpy_minimal_publisher:/home/vboxuser/ros2_iron/install/examples_rclpy_minimal_client:/home/vboxuser/ros2_iron/install/examples_rclpy_executors:/home/vboxuser/ros2_iron/install/demo_nodes_py:/home/vboxuser/ros2_iron/install/rqt:/home/vboxuser/ros2_iron/install/ros2component:/home/vboxuser/ros2_iron/install/sros2:/home/vboxuser/ros2_iron/install/rqt_topic:/home/vboxuser/ros2_iron/install/rqt_srv:/home/vboxuser/ros2_iron/install/rqt_shell:/home/vboxuser/ros2_iron/install/rqt_service_caller:/home/vboxuser/ros2_iron/install/rqt_reconfigure:/home/vboxuser/ros2_iron/install/rqt_py_console:/home/vboxuser/ros2_iron/install/rqt_publisher:/home/vboxuser/ros2_iron/install/rqt_action:/home/vboxuser/ros2_iron/install/rqt_msg:/home/vboxuser/ros2_iron/install/rqt_console:/home/vboxuser/ros2_iron/install/rqt_graph:/home/vboxuser/ros2_iron/install/rqt_gui_py:/home/vboxuser/ros2_iron/install/rqt_gui:/home/vboxuser/ros2_iron/install/ros2trace:/home/vboxuser/ros2_iron/install/ros2topic:/home/vboxuser/ros2_iron/install/ros2test:/home/vboxuser/ros2_iron/install/ros2param:/home/vboxuser/ros2_iron/install/ros2lifecycle:/home/vboxuser/ros2_iron/install/ros2service:/home/vboxuser/ros2_iron/install/ros2run:/home/vboxuser/ros2_iron/install/ros2launch:/home/vboxuser/ros2_iron/install/ros2pkg:/home/vboxuser/ros2_iron/install/ros2node:/home/vboxuser/ros2_iron/install/ros2multicast:/home/vboxuser/ros2_iron/install/ros2interface:/home/vboxuser/ros2_iron/install/ros2action:/home/vboxuser/ros2_iron/install/ros2cli:/home/vboxuser/ros2_iron/install/launch_testing_ros:/home/vboxuser/ros2_iron/install/launch_ros:/home/vboxuser/ros2_iron/install/examples_rclpy_minimal_action_server:/home/vboxuser/ros2_iron/install/examples_rclpy_minimal_action_client:/home/vboxuser/ros2_iron/install/examples_rclpy_guard_conditions:/home/vboxuser/ros2_iron/install/action_tutorials_py:/home/vboxuser/ros2_iron/install/ament_uncrustify:/home/vboxuser/ros2_iron/install/tracetools_trace:/home/vboxuser/ros2_iron/install/tracetools_read:/home/vboxuser/ros2_iron/install/test_tracetools_launch:/home/vboxuser/ros2_iron/install/test_ros2trace:/home/vboxuser/ros2_iron/install/test_launch_ros:/home/vboxuser/ros2_iron/install/rpyutils:/home/vboxuser/ros2_iron/install/rosidl_runtime_py:/home/vboxuser/ros2_iron/install/rosidl_pycommon:/home/vboxuser/ros2_iron/install/rosidl_cli:/home/vboxuser/ros2_iron/install/launch_pytest:/home/vboxuser/ros2_iron/install/launch_testing:/home/vboxuser/ros2_iron/install/launch_yaml:/home/vboxuser/ros2_iron/install/launch_xml:/home/vboxuser/ros2_iron/install/launch:/home/vboxuser/ros2_iron/install/osrf_pycommon:/home/vboxuser/ros2_iron/install/domain_coordinator:/home/vboxuser/ros2_iron/install/ament_xmllint:/home/vboxuser/ros2_iron/install/ament_pyflakes:/home/vboxuser/ros2_iron/install/ament_pycodestyle:/home/vboxuser/ros2_iron/install/ament_pep257:/home/vboxuser/ros2_iron/install/ament_pclint:/home/vboxuser/ros2_iron/install/ament_package:/home/vboxuser/ros2_iron/install/ament_mypy:/home/vboxuser/ros2_iron/install/ament_lint_cmake:/home/vboxuser/ros2_iron/install/ament_flake8:/home/vboxuser/ros2_iron/install/ament_copyright:/home/vboxuser/ros2_iron/install/ament_lint:/home/vboxuser/ros2_iron/install/ament_index_python:/home/vboxuser/ros2_iron/install/ament_cpplint:/home/vboxuser/ros2_iron/install/ament_cppcheck:/home/vboxuser/ros2_iron/install/ament_clang_tidy:/home/vboxuser/ros2_iron/install/ament_clang_format /usr/bin/cmake --install /home/vboxuser/ros2_ws/build/examples_rclcpp_async_client
[2.547s] Level 1:colcon.colcon_core.environment:checking '/home/vboxuser/ros2_ws/install/examples_rclcpp_async_client' for CMake module files
[2.548s] Level 1:colcon.colcon_core.environment:checking '/home/vboxuser/ros2_ws/install/examples_rclcpp_async_client' for CMake config files
[2.548s] Level 1:colcon.colcon_core.shell:create_environment_hook('examples_rclcpp_async_client', 'cmake_prefix_path')
[2.548s] INFO:colcon.colcon_core.shell:Creating environment hook '/home/vboxuser/ros2_ws/install/examples_rclcpp_async_client/share/examples_rclcpp_async_client/hook/cmake_prefix_path.ps1'
[2.549s] INFO:colcon.colcon_core.shell:Creating environment descriptor '/home/vboxuser/ros2_ws/install/examples_rclcpp_async_client/share/examples_rclcpp_async_client/hook/cmake_prefix_path.dsv'
[2.550s] INFO:colcon.colcon_core.shell:Creating environment hook '/home/vboxuser/ros2_ws/install/examples_rclcpp_async_client/share/examples_rclcpp_async_client/hook/cmake_prefix_path.sh'
[2.552s] Level 1:colcon.colcon_core.environment:checking '/home/vboxuser/ros2_ws/install/examples_rclcpp_async_client/lib'
[2.552s] Level 1:colcon.colcon_core.environment:checking '/home/vboxuser/ros2_ws/install/examples_rclcpp_async_client/bin'
[2.552s] Level 1:colcon.colcon_core.environment:checking '/home/vboxuser/ros2_ws/install/examples_rclcpp_async_client/lib/pkgconfig/examples_rclcpp_async_client.pc'
[2.552s] Level 1:colcon.colcon_core.environment:checking '/home/vboxuser/ros2_ws/install/examples_rclcpp_async_client/lib/python3.10/site-packages'
[2.553s] Level 1:colcon.colcon_core.environment:checking '/home/vboxuser/ros2_ws/install/examples_rclcpp_async_client/bin'
[2.553s] INFO:colcon.colcon_core.shell:Creating package script '/home/vboxuser/ros2_ws/install/examples_rclcpp_async_client/share/examples_rclcpp_async_client/package.ps1'
[2.555s] INFO:colcon.colcon_core.shell:Creating package descriptor '/home/vboxuser/ros2_ws/install/examples_rclcpp_async_client/share/examples_rclcpp_async_client/package.dsv'
[2.558s] INFO:colcon.colcon_core.shell:Creating package script '/home/vboxuser/ros2_ws/install/examples_rclcpp_async_client/share/examples_rclcpp_async_client/package.sh'
[2.559s] INFO:colcon.colcon_core.shell:Creating package script '/home/vboxuser/ros2_ws/install/examples_rclcpp_async_client/share/examples_rclcpp_async_client/package.bash'
[2.561s] INFO:colcon.colcon_core.shell:Creating package script '/home/vboxuser/ros2_ws/install/examples_rclcpp_async_client/share/examples_rclcpp_async_client/package.zsh'
[2.562s] Level 1:colcon.colcon_core.environment:create_file_with_runtime_dependencies(/home/vboxuser/ros2_ws/install/examples_rclcpp_async_client/share/colcon-core/packages/examples_rclcpp_async_client)
[2.563s] Level 1:colcon.colcon_core.environment:create_environment_scripts_only(examples_rclcpp_async_client)
[2.563s] Level 1:colcon.colcon_core.environment:checking '/home/vboxuser/ros2_ws/install/examples_rclcpp_async_client' for CMake module files
[2.564s] Level 1:colcon.colcon_core.environment:checking '/home/vboxuser/ros2_ws/install/examples_rclcpp_async_client' for CMake config files
[2.564s] Level 1:colcon.colcon_core.shell:create_environment_hook('examples_rclcpp_async_client', 'cmake_prefix_path')
[2.564s] INFO:colcon.colcon_core.shell:Creating environment hook '/home/vboxuser/ros2_ws/install/examples_rclcpp_async_client/share/examples_rclcpp_async_client/hook/cmake_prefix_path.ps1'
[2.565s] INFO:colcon.colcon_core.shell:Creating environment descriptor '/home/vboxuser/ros2_ws/install/examples_rclcpp_async_client/share/examples_rclcpp_async_client/hook/cmake_prefix_path.dsv'
[2.566s] INFO:colcon.colcon_core.shell:Creating environment hook '/home/vboxuser/ros2_ws/install/examples_rclcpp_async_client/share/examples_rclcpp_async_client/hook/cmake_prefix_path.sh'
[2.567s] Level 1:colcon.colcon_core.environment:checking '/home/vboxuser/ros2_ws/install/examples_rclcpp_async_client/lib'
[2.567s] Level 1:colcon.colcon_core.environment:checking '/home/vboxuser/ros2_ws/install/examples_rclcpp_async_client/bin'
[2.567s] Level 1:colcon.colcon_core.environment:checking '/home/vboxuser/ros2_ws/install/examples_rclcpp_async_client/lib/pkgconfig/examples_rclcpp_async_client.pc'
[2.567s] Level 1:colcon.colcon_core.environment:checking '/home/vboxuser/ros2_ws/install/examples_rclcpp_async_client/lib/python3.10/site-packages'
[2.568s] Level 1:colcon.colcon_core.environment:checking '/home/vboxuser/ros2_ws/install/examples_rclcpp_async_client/bin'
[2.568s] INFO:colcon.colcon_core.shell:Creating package script '/home/vboxuser/ros2_ws/install/examples_rclcpp_async_client/share/examples_rclcpp_async_client/package.ps1'
[2.569s] INFO:colcon.colcon_core.shell:Creating package descriptor '/home/vboxuser/ros2_ws/install/examples_rclcpp_async_client/share/examples_rclcpp_async_client/package.dsv'
[2.570s] INFO:colcon.colcon_core.shell:Creating package script '/home/vboxuser/ros2_ws/install/examples_rclcpp_async_client/share/examples_rclcpp_async_client/package.sh'
[2.571s] INFO:colcon.colcon_core.shell:Creating package script '/home/vboxuser/ros2_ws/install/examples_rclcpp_async_client/share/examples_rclcpp_async_client/package.bash'
[2.572s] INFO:colcon.colcon_core.shell:Creating package script '/home/vboxuser/ros2_ws/install/examples_rclcpp_async_client/share/examples_rclcpp_async_client/package.zsh'
[2.573s] Level 1:colcon.colcon_core.environment:create_file_with_runtime_dependencies(/home/vboxuser/ros2_ws/install/examples_rclcpp_async_client/share/colcon-core/packages/examples_rclcpp_async_client)
[2.574s] INFO:colcon.colcon_ros.task.ament_cmake.build:Building ROS package in '/home/vboxuser/ros2_ws/src/examples/rclcpp/actions/minimal_action_client' with build type 'ament_cmake'
[2.574s] INFO:colcon.colcon_cmake.task.cmake.build:Building CMake package in '/home/vboxuser/ros2_ws/src/examples/rclcpp/actions/minimal_action_client'
[2.575s] INFO:colcon.colcon_core.shell:Skip shell extension 'powershell' for command environment: Not usable outside of PowerShell
[2.575s] DEBUG:colcon.colcon_core.shell:Skip shell extension 'dsv' for command environment
[2.606s] DEBUG:colcon.colcon_core.event_handler.log_command:Invoked command in '/home/vboxuser/ros2_ws/build/examples_rclcpp_cbg_executor' returned '0': CMAKE_PREFIX_PATH=${CMAKE_PREFIX_PATH}:/home/vboxuser/ros2_ws/install/read_rosbag:/home/vboxuser/ros2_ws/install/py_pubsub:/home/vboxuser/ros2_ws/install/launch_testing_examples:/home/vboxuser/ros2_ws/install/examples_rclpy_pointcloud_publisher:/home/vboxuser/ros2_ws/install/examples_rclpy_minimal_subscriber:/home/vboxuser/ros2_ws/install/examples_rclpy_minimal_service:/home/vboxuser/ros2_ws/install/examples_rclpy_minimal_publisher:/home/vboxuser/ros2_ws/install/examples_rclpy_minimal_client:/home/vboxuser/ros2_ws/install/examples_rclpy_minimal_action_server:/home/vboxuser/ros2_ws/install/examples_rclpy_minimal_action_client:/home/vboxuser/ros2_ws/install/examples_rclpy_guard_conditions:/home/vboxuser/ros2_ws/install/examples_rclpy_executors:/home/vboxuser/ros2_ws/install/bms_visualizer:/opt/ros/iron:/home/vboxuser/ros2_iron/install/rqt_bag_plugins:/home/vboxuser/ros2_iron/install/rqt_bag:/home/vboxuser/ros2_iron/install/rosbag2_examples_py:/home/vboxuser/ros2_iron/install/launch_testing_examples:/home/vboxuser/ros2_iron/install/ros2bag:/home/vboxuser/ros2_iron/install/tracetools_test:/home/vboxuser/ros2_iron/install/tracetools_launch:/home/vboxuser/ros2_iron/install/topic_monitor:/home/vboxuser/ros2_iron/install/tf2_tools:/home/vboxuser/ros2_iron/install/examples_tf2_py:/home/vboxuser/ros2_iron/install/tf2_ros_py:/home/vboxuser/ros2_iron/install/examples_rclpy_pointcloud_publisher:/home/vboxuser/ros2_iron/install/sensor_msgs_py:/home/vboxuser/ros2_iron/install/quality_of_service_demo_py:/home/vboxuser/ros2_iron/install/rqt_plot:/home/vboxuser/ros2_iron/install/ros2doctor:/home/vboxuser/ros2_iron/install/lifecycle_py:/home/vboxuser/ros2_iron/install/examples_rclpy_minimal_subscriber:/home/vboxuser/ros2_iron/install/examples_rclpy_minimal_service:/home/vboxuser/ros2_iron/install/examples_rclpy_minimal_publisher:/home/vboxuser/ros2_iron/install/examples_rclpy_minimal_client:/home/vboxuser/ros2_iron/install/examples_rclpy_executors:/home/vboxuser/ros2_iron/install/demo_nodes_py:/home/vboxuser/ros2_iron/install/rqt:/home/vboxuser/ros2_iron/install/ros2component:/home/vboxuser/ros2_iron/install/sros2:/home/vboxuser/ros2_iron/install/rqt_topic:/home/vboxuser/ros2_iron/install/rqt_srv:/home/vboxuser/ros2_iron/install/rqt_shell:/home/vboxuser/ros2_iron/install/rqt_service_caller:/home/vboxuser/ros2_iron/install/rqt_reconfigure:/home/vboxuser/ros2_iron/install/rqt_py_console:/home/vboxuser/ros2_iron/install/rqt_publisher:/home/vboxuser/ros2_iron/install/rqt_action:/home/vboxuser/ros2_iron/install/rqt_msg:/home/vboxuser/ros2_iron/install/rqt_console:/home/vboxuser/ros2_iron/install/rqt_graph:/home/vboxuser/ros2_iron/install/rqt_gui_py:/home/vboxuser/ros2_iron/install/rqt_gui:/home/vboxuser/ros2_iron/install/ros2trace:/home/vboxuser/ros2_iron/install/ros2topic:/home/vboxuser/ros2_iron/install/ros2test:/home/vboxuser/ros2_iron/install/ros2param:/home/vboxuser/ros2_iron/install/ros2lifecycle:/home/vboxuser/ros2_iron/install/ros2service:/home/vboxuser/ros2_iron/install/ros2run:/home/vboxuser/ros2_iron/install/ros2launch:/home/vboxuser/ros2_iron/install/ros2pkg:/home/vboxuser/ros2_iron/install/ros2node:/home/vboxuser/ros2_iron/install/ros2multicast:/home/vboxuser/ros2_iron/install/ros2interface:/home/vboxuser/ros2_iron/install/ros2action:/home/vboxuser/ros2_iron/install/ros2cli:/home/vboxuser/ros2_iron/install/launch_testing_ros:/home/vboxuser/ros2_iron/install/launch_ros:/home/vboxuser/ros2_iron/install/examples_rclpy_minimal_action_server:/home/vboxuser/ros2_iron/install/examples_rclpy_minimal_action_client:/home/vboxuser/ros2_iron/install/examples_rclpy_guard_conditions:/home/vboxuser/ros2_iron/install/action_tutorials_py:/home/vboxuser/ros2_iron/install/ament_uncrustify:/home/vboxuser/ros2_iron/install/tracetools_trace:/home/vboxuser/ros2_iron/install/tracetools_read:/home/vboxuser/ros2_iron/install/test_tracetools_launch:/home/vboxuser/ros2_iron/install/test_ros2trace:/home/vboxuser/ros2_iron/install/test_launch_ros:/home/vboxuser/ros2_iron/install/rpyutils:/home/vboxuser/ros2_iron/install/rosidl_runtime_py:/home/vboxuser/ros2_iron/install/rosidl_pycommon:/home/vboxuser/ros2_iron/install/rosidl_cli:/home/vboxuser/ros2_iron/install/launch_pytest:/home/vboxuser/ros2_iron/install/launch_testing:/home/vboxuser/ros2_iron/install/launch_yaml:/home/vboxuser/ros2_iron/install/launch_xml:/home/vboxuser/ros2_iron/install/launch:/home/vboxuser/ros2_iron/install/osrf_pycommon:/home/vboxuser/ros2_iron/install/domain_coordinator:/home/vboxuser/ros2_iron/install/ament_xmllint:/home/vboxuser/ros2_iron/install/ament_pyflakes:/home/vboxuser/ros2_iron/install/ament_pycodestyle:/home/vboxuser/ros2_iron/install/ament_pep257:/home/vboxuser/ros2_iron/install/ament_pclint:/home/vboxuser/ros2_iron/install/ament_package:/home/vboxuser/ros2_iron/install/ament_mypy:/home/vboxuser/ros2_iron/install/ament_lint_cmake:/home/vboxuser/ros2_iron/install/ament_flake8:/home/vboxuser/ros2_iron/install/ament_copyright:/home/vboxuser/ros2_iron/install/ament_lint:/home/vboxuser/ros2_iron/install/ament_index_python:/home/vboxuser/ros2_iron/install/ament_cpplint:/home/vboxuser/ros2_iron/install/ament_cppcheck:/home/vboxuser/ros2_iron/install/ament_clang_tidy:/home/vboxuser/ros2_iron/install/ament_clang_format /usr/bin/cmake --build /home/vboxuser/ros2_ws/build/examples_rclcpp_cbg_executor -- -j4 -l4
[2.609s] Level 1:colcon.colcon_core.environment:create_environment_scripts_only(bq769x2_i2c_ros)
[2.610s] Level 1:colcon.colcon_core.environment:checking '/home/vboxuser/ros2_ws/install/bq769x2_i2c_ros' for CMake module files
[2.610s] Level 1:colcon.colcon_core.environment:checking '/home/vboxuser/ros2_ws/install/bq769x2_i2c_ros' for CMake config files
[2.610s] Level 1:colcon.colcon_core.shell:create_environment_hook('bq769x2_i2c_ros', 'cmake_prefix_path')
[2.611s] INFO:colcon.colcon_core.shell:Creating environment hook '/home/vboxuser/ros2_ws/install/bq769x2_i2c_ros/share/bq769x2_i2c_ros/hook/cmake_prefix_path.ps1'
[2.611s] INFO:colcon.colcon_core.shell:Creating environment descriptor '/home/vboxuser/ros2_ws/install/bq769x2_i2c_ros/share/bq769x2_i2c_ros/hook/cmake_prefix_path.dsv'
[2.613s] DEBUG:colcon.colcon_core.event_handler.log_command:Invoking command in '/home/vboxuser/ros2_ws/build/examples_rclcpp_cbg_executor': CMAKE_PREFIX_PATH=${CMAKE_PREFIX_PATH}:/home/vboxuser/ros2_ws/install/read_rosbag:/home/vboxuser/ros2_ws/install/py_pubsub:/home/vboxuser/ros2_ws/install/launch_testing_examples:/home/vboxuser/ros2_ws/install/examples_rclpy_pointcloud_publisher:/home/vboxuser/ros2_ws/install/examples_rclpy_minimal_subscriber:/home/vboxuser/ros2_ws/install/examples_rclpy_minimal_service:/home/vboxuser/ros2_ws/install/examples_rclpy_minimal_publisher:/home/vboxuser/ros2_ws/install/examples_rclpy_minimal_client:/home/vboxuser/ros2_ws/install/examples_rclpy_minimal_action_server:/home/vboxuser/ros2_ws/install/examples_rclpy_minimal_action_client:/home/vboxuser/ros2_ws/install/examples_rclpy_guard_conditions:/home/vboxuser/ros2_ws/install/examples_rclpy_executors:/home/vboxuser/ros2_ws/install/bms_visualizer:/opt/ros/iron:/home/vboxuser/ros2_iron/install/rqt_bag_plugins:/home/vboxuser/ros2_iron/install/rqt_bag:/home/vboxuser/ros2_iron/install/rosbag2_examples_py:/home/vboxuser/ros2_iron/install/launch_testing_examples:/home/vboxuser/ros2_iron/install/ros2bag:/home/vboxuser/ros2_iron/install/tracetools_test:/home/vboxuser/ros2_iron/install/tracetools_launch:/home/vboxuser/ros2_iron/install/topic_monitor:/home/vboxuser/ros2_iron/install/tf2_tools:/home/vboxuser/ros2_iron/install/examples_tf2_py:/home/vboxuser/ros2_iron/install/tf2_ros_py:/home/vboxuser/ros2_iron/install/examples_rclpy_pointcloud_publisher:/home/vboxuser/ros2_iron/install/sensor_msgs_py:/home/vboxuser/ros2_iron/install/quality_of_service_demo_py:/home/vboxuser/ros2_iron/install/rqt_plot:/home/vboxuser/ros2_iron/install/ros2doctor:/home/vboxuser/ros2_iron/install/lifecycle_py:/home/vboxuser/ros2_iron/install/examples_rclpy_minimal_subscriber:/home/vboxuser/ros2_iron/install/examples_rclpy_minimal_service:/home/vboxuser/ros2_iron/install/examples_rclpy_minimal_publisher:/home/vboxuser/ros2_iron/install/examples_rclpy_minimal_client:/home/vboxuser/ros2_iron/install/examples_rclpy_executors:/home/vboxuser/ros2_iron/install/demo_nodes_py:/home/vboxuser/ros2_iron/install/rqt:/home/vboxuser/ros2_iron/install/ros2component:/home/vboxuser/ros2_iron/install/sros2:/home/vboxuser/ros2_iron/install/rqt_topic:/home/vboxuser/ros2_iron/install/rqt_srv:/home/vboxuser/ros2_iron/install/rqt_shell:/home/vboxuser/ros2_iron/install/rqt_service_caller:/home/vboxuser/ros2_iron/install/rqt_reconfigure:/home/vboxuser/ros2_iron/install/rqt_py_console:/home/vboxuser/ros2_iron/install/rqt_publisher:/home/vboxuser/ros2_iron/install/rqt_action:/home/vboxuser/ros2_iron/install/rqt_msg:/home/vboxuser/ros2_iron/install/rqt_console:/home/vboxuser/ros2_iron/install/rqt_graph:/home/vboxuser/ros2_iron/install/rqt_gui_py:/home/vboxuser/ros2_iron/install/rqt_gui:/home/vboxuser/ros2_iron/install/ros2trace:/home/vboxuser/ros2_iron/install/ros2topic:/home/vboxuser/ros2_iron/install/ros2test:/home/vboxuser/ros2_iron/install/ros2param:/home/vboxuser/ros2_iron/install/ros2lifecycle:/home/vboxuser/ros2_iron/install/ros2service:/home/vboxuser/ros2_iron/install/ros2run:/home/vboxuser/ros2_iron/install/ros2launch:/home/vboxuser/ros2_iron/install/ros2pkg:/home/vboxuser/ros2_iron/install/ros2node:/home/vboxuser/ros2_iron/install/ros2multicast:/home/vboxuser/ros2_iron/install/ros2interface:/home/vboxuser/ros2_iron/install/ros2action:/home/vboxuser/ros2_iron/install/ros2cli:/home/vboxuser/ros2_iron/install/launch_testing_ros:/home/vboxuser/ros2_iron/install/launch_ros:/home/vboxuser/ros2_iron/install/examples_rclpy_minimal_action_server:/home/vboxuser/ros2_iron/install/examples_rclpy_minimal_action_client:/home/vboxuser/ros2_iron/install/examples_rclpy_guard_conditions:/home/vboxuser/ros2_iron/install/action_tutorials_py:/home/vboxuser/ros2_iron/install/ament_uncrustify:/home/vboxuser/ros2_iron/install/tracetools_trace:/home/vboxuser/ros2_iron/install/tracetools_read:/home/vboxuser/ros2_iron/install/test_tracetools_launch:/home/vboxuser/ros2_iron/install/test_ros2trace:/home/vboxuser/ros2_iron/install/test_launch_ros:/home/vboxuser/ros2_iron/install/rpyutils:/home/vboxuser/ros2_iron/install/rosidl_runtime_py:/home/vboxuser/ros2_iron/install/rosidl_pycommon:/home/vboxuser/ros2_iron/install/rosidl_cli:/home/vboxuser/ros2_iron/install/launch_pytest:/home/vboxuser/ros2_iron/install/launch_testing:/home/vboxuser/ros2_iron/install/launch_yaml:/home/vboxuser/ros2_iron/install/launch_xml:/home/vboxuser/ros2_iron/install/launch:/home/vboxuser/ros2_iron/install/osrf_pycommon:/home/vboxuser/ros2_iron/install/domain_coordinator:/home/vboxuser/ros2_iron/install/ament_xmllint:/home/vboxuser/ros2_iron/install/ament_pyflakes:/home/vboxuser/ros2_iron/install/ament_pycodestyle:/home/vboxuser/ros2_iron/install/ament_pep257:/home/vboxuser/ros2_iron/install/ament_pclint:/home/vboxuser/ros2_iron/install/ament_package:/home/vboxuser/ros2_iron/install/ament_mypy:/home/vboxuser/ros2_iron/install/ament_lint_cmake:/home/vboxuser/ros2_iron/install/ament_flake8:/home/vboxuser/ros2_iron/install/ament_copyright:/home/vboxuser/ros2_iron/install/ament_lint:/home/vboxuser/ros2_iron/install/ament_index_python:/home/vboxuser/ros2_iron/install/ament_cpplint:/home/vboxuser/ros2_iron/install/ament_cppcheck:/home/vboxuser/ros2_iron/install/ament_clang_tidy:/home/vboxuser/ros2_iron/install/ament_clang_format /usr/bin/cmake --install /home/vboxuser/ros2_ws/build/examples_rclcpp_cbg_executor
[2.613s] DEBUG:colcon.colcon_core.event_handler.log_command:Invoked command in '/home/vboxuser/ros2_ws/build/bq769x2_i2c_ros' returned '0': CMAKE_PREFIX_PATH=${CMAKE_PREFIX_PATH}:/home/vboxuser/ros2_ws/install/read_rosbag:/home/vboxuser/ros2_ws/install/py_pubsub:/home/vboxuser/ros2_ws/install/launch_testing_examples:/home/vboxuser/ros2_ws/install/examples_rclpy_pointcloud_publisher:/home/vboxuser/ros2_ws/install/examples_rclpy_minimal_subscriber:/home/vboxuser/ros2_ws/install/examples_rclpy_minimal_service:/home/vboxuser/ros2_ws/install/examples_rclpy_minimal_publisher:/home/vboxuser/ros2_ws/install/examples_rclpy_minimal_client:/home/vboxuser/ros2_ws/install/examples_rclpy_minimal_action_server:/home/vboxuser/ros2_ws/install/examples_rclpy_minimal_action_client:/home/vboxuser/ros2_ws/install/examples_rclpy_guard_conditions:/home/vboxuser/ros2_ws/install/examples_rclpy_executors:/home/vboxuser/ros2_ws/install/bms_visualizer:/opt/ros/iron:/home/vboxuser/ros2_iron/install/rqt_bag_plugins:/home/vboxuser/ros2_iron/install/rqt_bag:/home/vboxuser/ros2_iron/install/rosbag2_examples_py:/home/vboxuser/ros2_iron/install/launch_testing_examples:/home/vboxuser/ros2_iron/install/ros2bag:/home/vboxuser/ros2_iron/install/tracetools_test:/home/vboxuser/ros2_iron/install/tracetools_launch:/home/vboxuser/ros2_iron/install/topic_monitor:/home/vboxuser/ros2_iron/install/tf2_tools:/home/vboxuser/ros2_iron/install/examples_tf2_py:/home/vboxuser/ros2_iron/install/tf2_ros_py:/home/vboxuser/ros2_iron/install/examples_rclpy_pointcloud_publisher:/home/vboxuser/ros2_iron/install/sensor_msgs_py:/home/vboxuser/ros2_iron/install/quality_of_service_demo_py:/home/vboxuser/ros2_iron/install/rqt_plot:/home/vboxuser/ros2_iron/install/ros2doctor:/home/vboxuser/ros2_iron/install/lifecycle_py:/home/vboxuser/ros2_iron/install/examples_rclpy_minimal_subscriber:/home/vboxuser/ros2_iron/install/examples_rclpy_minimal_service:/home/vboxuser/ros2_iron/install/examples_rclpy_minimal_publisher:/home/vboxuser/ros2_iron/install/examples_rclpy_minimal_client:/home/vboxuser/ros2_iron/install/examples_rclpy_executors:/home/vboxuser/ros2_iron/install/demo_nodes_py:/home/vboxuser/ros2_iron/install/rqt:/home/vboxuser/ros2_iron/install/ros2component:/home/vboxuser/ros2_iron/install/sros2:/home/vboxuser/ros2_iron/install/rqt_topic:/home/vboxuser/ros2_iron/install/rqt_srv:/home/vboxuser/ros2_iron/install/rqt_shell:/home/vboxuser/ros2_iron/install/rqt_service_caller:/home/vboxuser/ros2_iron/install/rqt_reconfigure:/home/vboxuser/ros2_iron/install/rqt_py_console:/home/vboxuser/ros2_iron/install/rqt_publisher:/home/vboxuser/ros2_iron/install/rqt_action:/home/vboxuser/ros2_iron/install/rqt_msg:/home/vboxuser/ros2_iron/install/rqt_console:/home/vboxuser/ros2_iron/install/rqt_graph:/home/vboxuser/ros2_iron/install/rqt_gui_py:/home/vboxuser/ros2_iron/install/rqt_gui:/home/vboxuser/ros2_iron/install/ros2trace:/home/vboxuser/ros2_iron/install/ros2topic:/home/vboxuser/ros2_iron/install/ros2test:/home/vboxuser/ros2_iron/install/ros2param:/home/vboxuser/ros2_iron/install/ros2lifecycle:/home/vboxuser/ros2_iron/install/ros2service:/home/vboxuser/ros2_iron/install/ros2run:/home/vboxuser/ros2_iron/install/ros2launch:/home/vboxuser/ros2_iron/install/ros2pkg:/home/vboxuser/ros2_iron/install/ros2node:/home/vboxuser/ros2_iron/install/ros2multicast:/home/vboxuser/ros2_iron/install/ros2interface:/home/vboxuser/ros2_iron/install/ros2action:/home/vboxuser/ros2_iron/install/ros2cli:/home/vboxuser/ros2_iron/install/launch_testing_ros:/home/vboxuser/ros2_iron/install/launch_ros:/home/vboxuser/ros2_iron/install/examples_rclpy_minimal_action_server:/home/vboxuser/ros2_iron/install/examples_rclpy_minimal_action_client:/home/vboxuser/ros2_iron/install/examples_rclpy_guard_conditions:/home/vboxuser/ros2_iron/install/action_tutorials_py:/home/vboxuser/ros2_iron/install/ament_uncrustify:/home/vboxuser/ros2_iron/install/tracetools_trace:/home/vboxuser/ros2_iron/install/tracetools_read:/home/vboxuser/ros2_iron/install/test_tracetools_launch:/home/vboxuser/ros2_iron/install/test_ros2trace:/home/vboxuser/ros2_iron/install/test_launch_ros:/home/vboxuser/ros2_iron/install/rpyutils:/home/vboxuser/ros2_iron/install/rosidl_runtime_py:/home/vboxuser/ros2_iron/install/rosidl_pycommon:/home/vboxuser/ros2_iron/install/rosidl_cli:/home/vboxuser/ros2_iron/install/launch_pytest:/home/vboxuser/ros2_iron/install/launch_testing:/home/vboxuser/ros2_iron/install/launch_yaml:/home/vboxuser/ros2_iron/install/launch_xml:/home/vboxuser/ros2_iron/install/launch:/home/vboxuser/ros2_iron/install/osrf_pycommon:/home/vboxuser/ros2_iron/install/domain_coordinator:/home/vboxuser/ros2_iron/install/ament_xmllint:/home/vboxuser/ros2_iron/install/ament_pyflakes:/home/vboxuser/ros2_iron/install/ament_pycodestyle:/home/vboxuser/ros2_iron/install/ament_pep257:/home/vboxuser/ros2_iron/install/ament_pclint:/home/vboxuser/ros2_iron/install/ament_package:/home/vboxuser/ros2_iron/install/ament_mypy:/home/vboxuser/ros2_iron/install/ament_lint_cmake:/home/vboxuser/ros2_iron/install/ament_flake8:/home/vboxuser/ros2_iron/install/ament_copyright:/home/vboxuser/ros2_iron/install/ament_lint:/home/vboxuser/ros2_iron/install/ament_index_python:/home/vboxuser/ros2_iron/install/ament_cpplint:/home/vboxuser/ros2_iron/install/ament_cppcheck:/home/vboxuser/ros2_iron/install/ament_clang_tidy:/home/vboxuser/ros2_iron/install/ament_clang_format /usr/bin/cmake --install /home/vboxuser/ros2_ws/build/bq769x2_i2c_ros
[2.614s] INFO:colcon.colcon_core.shell:Creating environment hook '/home/vboxuser/ros2_ws/install/bq769x2_i2c_ros/share/bq769x2_i2c_ros/hook/cmake_prefix_path.sh'
[2.615s] Level 1:colcon.colcon_core.environment:checking '/home/vboxuser/ros2_ws/install/bq769x2_i2c_ros/lib'
[2.615s] Level 1:colcon.colcon_core.environment:checking '/home/vboxuser/ros2_ws/install/bq769x2_i2c_ros/bin'
[2.615s] Level 1:colcon.colcon_core.environment:checking '/home/vboxuser/ros2_ws/install/bq769x2_i2c_ros/lib/pkgconfig/bq769x2_i2c_ros.pc'
[2.615s] Level 1:colcon.colcon_core.environment:checking '/home/vboxuser/ros2_ws/install/bq769x2_i2c_ros/lib/python3.10/site-packages'
[2.615s] Level 1:colcon.colcon_core.environment:checking '/home/vboxuser/ros2_ws/install/bq769x2_i2c_ros/bin'
[2.616s] INFO:colcon.colcon_core.shell:Creating package script '/home/vboxuser/ros2_ws/install/bq769x2_i2c_ros/share/bq769x2_i2c_ros/package.ps1'
[2.616s] INFO:colcon.colcon_core.shell:Creating package descriptor '/home/vboxuser/ros2_ws/install/bq769x2_i2c_ros/share/bq769x2_i2c_ros/package.dsv'
[2.617s] INFO:colcon.colcon_core.shell:Creating package script '/home/vboxuser/ros2_ws/install/bq769x2_i2c_ros/share/bq769x2_i2c_ros/package.sh'
[2.618s] INFO:colcon.colcon_core.shell:Creating package script '/home/vboxuser/ros2_ws/install/bq769x2_i2c_ros/share/bq769x2_i2c_ros/package.bash'
[2.619s] INFO:colcon.colcon_core.shell:Creating package script '/home/vboxuser/ros2_ws/install/bq769x2_i2c_ros/share/bq769x2_i2c_ros/package.zsh'
[2.620s] Level 1:colcon.colcon_core.environment:create_file_with_runtime_dependencies(/home/vboxuser/ros2_ws/install/bq769x2_i2c_ros/share/colcon-core/packages/bq769x2_i2c_ros)
[2.621s] Level 1:colcon.colcon_core.environment:create_environment_scripts_only(bq769x2_i2c_ros)
[2.621s] Level 1:colcon.colcon_core.environment:checking '/home/vboxuser/ros2_ws/install/bq769x2_i2c_ros' for CMake module files
[2.621s] Level 1:colcon.colcon_core.environment:checking '/home/vboxuser/ros2_ws/install/bq769x2_i2c_ros' for CMake config files
[2.622s] Level 1:colcon.colcon_core.shell:create_environment_hook('bq769x2_i2c_ros', 'cmake_prefix_path')
[2.622s] INFO:colcon.colcon_core.shell:Creating environment hook '/home/vboxuser/ros2_ws/install/bq769x2_i2c_ros/share/bq769x2_i2c_ros/hook/cmake_prefix_path.ps1'
[2.622s] INFO:colcon.colcon_core.shell:Creating environment descriptor '/home/vboxuser/ros2_ws/install/bq769x2_i2c_ros/share/bq769x2_i2c_ros/hook/cmake_prefix_path.dsv'
[2.623s] INFO:colcon.colcon_core.shell:Creating environment hook '/home/vboxuser/ros2_ws/install/bq769x2_i2c_ros/share/bq769x2_i2c_ros/hook/cmake_prefix_path.sh'
[2.624s] Level 1:colcon.colcon_core.environment:checking '/home/vboxuser/ros2_ws/install/bq769x2_i2c_ros/lib'
[2.624s] Level 1:colcon.colcon_core.environment:checking '/home/vboxuser/ros2_ws/install/bq769x2_i2c_ros/bin'
[2.624s] Level 1:colcon.colcon_core.environment:checking '/home/vboxuser/ros2_ws/install/bq769x2_i2c_ros/lib/pkgconfig/bq769x2_i2c_ros.pc'
[2.625s] Level 1:colcon.colcon_core.environment:checking '/home/vboxuser/ros2_ws/install/bq769x2_i2c_ros/lib/python3.10/site-packages'
[2.625s] Level 1:colcon.colcon_core.environment:checking '/home/vboxuser/ros2_ws/install/bq769x2_i2c_ros/bin'
[2.625s] INFO:colcon.colcon_core.shell:Creating package script '/home/vboxuser/ros2_ws/install/bq769x2_i2c_ros/share/bq769x2_i2c_ros/package.ps1'
[2.626s] INFO:colcon.colcon_core.shell:Creating package descriptor '/home/vboxuser/ros2_ws/install/bq769x2_i2c_ros/share/bq769x2_i2c_ros/package.dsv'
[2.627s] INFO:colcon.colcon_core.shell:Creating package script '/home/vboxuser/ros2_ws/install/bq769x2_i2c_ros/share/bq769x2_i2c_ros/package.sh'
[2.628s] INFO:colcon.colcon_core.shell:Creating package script '/home/vboxuser/ros2_ws/install/bq769x2_i2c_ros/share/bq769x2_i2c_ros/package.bash'
[2.629s] INFO:colcon.colcon_core.shell:Creating package script '/home/vboxuser/ros2_ws/install/bq769x2_i2c_ros/share/bq769x2_i2c_ros/package.zsh'
[2.630s] Level 1:colcon.colcon_core.environment:create_file_with_runtime_dependencies(/home/vboxuser/ros2_ws/install/bq769x2_i2c_ros/share/colcon-core/packages/bq769x2_i2c_ros)
[2.631s] INFO:colcon.colcon_ros.task.ament_cmake.build:Building ROS package in '/home/vboxuser/ros2_ws/src/examples/rclcpp/actions/minimal_action_server' with build type 'ament_cmake'
[2.635s] INFO:colcon.colcon_cmake.task.cmake.build:Building CMake package in '/home/vboxuser/ros2_ws/src/examples/rclcpp/actions/minimal_action_server'
[2.643s] INFO:colcon.colcon_core.shell:Skip shell extension 'powershell' for command environment: Not usable outside of PowerShell
[2.645s] DEBUG:colcon.colcon_core.shell:Skip shell extension 'dsv' for command environment
[2.723s] DEBUG:colcon.colcon_core.event_handler.log_command:Invoking command in '/home/vboxuser/ros2_ws/build/examples_rclcpp_minimal_action_client': CMAKE_PREFIX_PATH=${CMAKE_PREFIX_PATH}:/home/vboxuser/ros2_ws/install/read_rosbag:/home/vboxuser/ros2_ws/install/py_pubsub:/home/vboxuser/ros2_ws/install/launch_testing_examples:/home/vboxuser/ros2_ws/install/examples_rclpy_pointcloud_publisher:/home/vboxuser/ros2_ws/install/examples_rclpy_minimal_subscriber:/home/vboxuser/ros2_ws/install/examples_rclpy_minimal_service:/home/vboxuser/ros2_ws/install/examples_rclpy_minimal_publisher:/home/vboxuser/ros2_ws/install/examples_rclpy_minimal_client:/home/vboxuser/ros2_ws/install/examples_rclpy_minimal_action_server:/home/vboxuser/ros2_ws/install/examples_rclpy_minimal_action_client:/home/vboxuser/ros2_ws/install/examples_rclpy_guard_conditions:/home/vboxuser/ros2_ws/install/examples_rclpy_executors:/home/vboxuser/ros2_ws/install/bms_visualizer:/opt/ros/iron:/home/vboxuser/ros2_iron/install/rqt_bag_plugins:/home/vboxuser/ros2_iron/install/rqt_bag:/home/vboxuser/ros2_iron/install/rosbag2_examples_py:/home/vboxuser/ros2_iron/install/launch_testing_examples:/home/vboxuser/ros2_iron/install/ros2bag:/home/vboxuser/ros2_iron/install/tracetools_test:/home/vboxuser/ros2_iron/install/tracetools_launch:/home/vboxuser/ros2_iron/install/topic_monitor:/home/vboxuser/ros2_iron/install/tf2_tools:/home/vboxuser/ros2_iron/install/examples_tf2_py:/home/vboxuser/ros2_iron/install/tf2_ros_py:/home/vboxuser/ros2_iron/install/examples_rclpy_pointcloud_publisher:/home/vboxuser/ros2_iron/install/sensor_msgs_py:/home/vboxuser/ros2_iron/install/quality_of_service_demo_py:/home/vboxuser/ros2_iron/install/rqt_plot:/home/vboxuser/ros2_iron/install/ros2doctor:/home/vboxuser/ros2_iron/install/lifecycle_py:/home/vboxuser/ros2_iron/install/examples_rclpy_minimal_subscriber:/home/vboxuser/ros2_iron/install/examples_rclpy_minimal_service:/home/vboxuser/ros2_iron/install/examples_rclpy_minimal_publisher:/home/vboxuser/ros2_iron/install/examples_rclpy_minimal_client:/home/vboxuser/ros2_iron/install/examples_rclpy_executors:/home/vboxuser/ros2_iron/install/demo_nodes_py:/home/vboxuser/ros2_iron/install/rqt:/home/vboxuser/ros2_iron/install/ros2component:/home/vboxuser/ros2_iron/install/sros2:/home/vboxuser/ros2_iron/install/rqt_topic:/home/vboxuser/ros2_iron/install/rqt_srv:/home/vboxuser/ros2_iron/install/rqt_shell:/home/vboxuser/ros2_iron/install/rqt_service_caller:/home/vboxuser/ros2_iron/install/rqt_reconfigure:/home/vboxuser/ros2_iron/install/rqt_py_console:/home/vboxuser/ros2_iron/install/rqt_publisher:/home/vboxuser/ros2_iron/install/rqt_action:/home/vboxuser/ros2_iron/install/rqt_msg:/home/vboxuser/ros2_iron/install/rqt_console:/home/vboxuser/ros2_iron/install/rqt_graph:/home/vboxuser/ros2_iron/install/rqt_gui_py:/home/vboxuser/ros2_iron/install/rqt_gui:/home/vboxuser/ros2_iron/install/ros2trace:/home/vboxuser/ros2_iron/install/ros2topic:/home/vboxuser/ros2_iron/install/ros2test:/home/vboxuser/ros2_iron/install/ros2param:/home/vboxuser/ros2_iron/install/ros2lifecycle:/home/vboxuser/ros2_iron/install/ros2service:/home/vboxuser/ros2_iron/install/ros2run:/home/vboxuser/ros2_iron/install/ros2launch:/home/vboxuser/ros2_iron/install/ros2pkg:/home/vboxuser/ros2_iron/install/ros2node:/home/vboxuser/ros2_iron/install/ros2multicast:/home/vboxuser/ros2_iron/install/ros2interface:/home/vboxuser/ros2_iron/install/ros2action:/home/vboxuser/ros2_iron/install/ros2cli:/home/vboxuser/ros2_iron/install/launch_testing_ros:/home/vboxuser/ros2_iron/install/launch_ros:/home/vboxuser/ros2_iron/install/examples_rclpy_minimal_action_server:/home/vboxuser/ros2_iron/install/examples_rclpy_minimal_action_client:/home/vboxuser/ros2_iron/install/examples_rclpy_guard_conditions:/home/vboxuser/ros2_iron/install/action_tutorials_py:/home/vboxuser/ros2_iron/install/ament_uncrustify:/home/vboxuser/ros2_iron/install/tracetools_trace:/home/vboxuser/ros2_iron/install/tracetools_read:/home/vboxuser/ros2_iron/install/test_tracetools_launch:/home/vboxuser/ros2_iron/install/test_ros2trace:/home/vboxuser/ros2_iron/install/test_launch_ros:/home/vboxuser/ros2_iron/install/rpyutils:/home/vboxuser/ros2_iron/install/rosidl_runtime_py:/home/vboxuser/ros2_iron/install/rosidl_pycommon:/home/vboxuser/ros2_iron/install/rosidl_cli:/home/vboxuser/ros2_iron/install/launch_pytest:/home/vboxuser/ros2_iron/install/launch_testing:/home/vboxuser/ros2_iron/install/launch_yaml:/home/vboxuser/ros2_iron/install/launch_xml:/home/vboxuser/ros2_iron/install/launch:/home/vboxuser/ros2_iron/install/osrf_pycommon:/home/vboxuser/ros2_iron/install/domain_coordinator:/home/vboxuser/ros2_iron/install/ament_xmllint:/home/vboxuser/ros2_iron/install/ament_pyflakes:/home/vboxuser/ros2_iron/install/ament_pycodestyle:/home/vboxuser/ros2_iron/install/ament_pep257:/home/vboxuser/ros2_iron/install/ament_pclint:/home/vboxuser/ros2_iron/install/ament_package:/home/vboxuser/ros2_iron/install/ament_mypy:/home/vboxuser/ros2_iron/install/ament_lint_cmake:/home/vboxuser/ros2_iron/install/ament_flake8:/home/vboxuser/ros2_iron/install/ament_copyright:/home/vboxuser/ros2_iron/install/ament_lint:/home/vboxuser/ros2_iron/install/ament_index_python:/home/vboxuser/ros2_iron/install/ament_cpplint:/home/vboxuser/ros2_iron/install/ament_cppcheck:/home/vboxuser/ros2_iron/install/ament_clang_tidy:/home/vboxuser/ros2_iron/install/ament_clang_format /usr/bin/cmake --build /home/vboxuser/ros2_ws/build/examples_rclcpp_minimal_action_client -- -j4 -l4
[2.763s] DEBUG:colcon.colcon_core.event_handler.log_command:Invoking command in '/home/vboxuser/ros2_ws/build/examples_rclcpp_minimal_action_server': CMAKE_PREFIX_PATH=${CMAKE_PREFIX_PATH}:/home/vboxuser/ros2_ws/install/read_rosbag:/home/vboxuser/ros2_ws/install/py_pubsub:/home/vboxuser/ros2_ws/install/launch_testing_examples:/home/vboxuser/ros2_ws/install/examples_rclpy_pointcloud_publisher:/home/vboxuser/ros2_ws/install/examples_rclpy_minimal_subscriber:/home/vboxuser/ros2_ws/install/examples_rclpy_minimal_service:/home/vboxuser/ros2_ws/install/examples_rclpy_minimal_publisher:/home/vboxuser/ros2_ws/install/examples_rclpy_minimal_client:/home/vboxuser/ros2_ws/install/examples_rclpy_minimal_action_server:/home/vboxuser/ros2_ws/install/examples_rclpy_minimal_action_client:/home/vboxuser/ros2_ws/install/examples_rclpy_guard_conditions:/home/vboxuser/ros2_ws/install/examples_rclpy_executors:/home/vboxuser/ros2_ws/install/bms_visualizer:/opt/ros/iron:/home/vboxuser/ros2_iron/install/rqt_bag_plugins:/home/vboxuser/ros2_iron/install/rqt_bag:/home/vboxuser/ros2_iron/install/rosbag2_examples_py:/home/vboxuser/ros2_iron/install/launch_testing_examples:/home/vboxuser/ros2_iron/install/ros2bag:/home/vboxuser/ros2_iron/install/tracetools_test:/home/vboxuser/ros2_iron/install/tracetools_launch:/home/vboxuser/ros2_iron/install/topic_monitor:/home/vboxuser/ros2_iron/install/tf2_tools:/home/vboxuser/ros2_iron/install/examples_tf2_py:/home/vboxuser/ros2_iron/install/tf2_ros_py:/home/vboxuser/ros2_iron/install/examples_rclpy_pointcloud_publisher:/home/vboxuser/ros2_iron/install/sensor_msgs_py:/home/vboxuser/ros2_iron/install/quality_of_service_demo_py:/home/vboxuser/ros2_iron/install/rqt_plot:/home/vboxuser/ros2_iron/install/ros2doctor:/home/vboxuser/ros2_iron/install/lifecycle_py:/home/vboxuser/ros2_iron/install/examples_rclpy_minimal_subscriber:/home/vboxuser/ros2_iron/install/examples_rclpy_minimal_service:/home/vboxuser/ros2_iron/install/examples_rclpy_minimal_publisher:/home/vboxuser/ros2_iron/install/examples_rclpy_minimal_client:/home/vboxuser/ros2_iron/install/examples_rclpy_executors:/home/vboxuser/ros2_iron/install/demo_nodes_py:/home/vboxuser/ros2_iron/install/rqt:/home/vboxuser/ros2_iron/install/ros2component:/home/vboxuser/ros2_iron/install/sros2:/home/vboxuser/ros2_iron/install/rqt_topic:/home/vboxuser/ros2_iron/install/rqt_srv:/home/vboxuser/ros2_iron/install/rqt_shell:/home/vboxuser/ros2_iron/install/rqt_service_caller:/home/vboxuser/ros2_iron/install/rqt_reconfigure:/home/vboxuser/ros2_iron/install/rqt_py_console:/home/vboxuser/ros2_iron/install/rqt_publisher:/home/vboxuser/ros2_iron/install/rqt_action:/home/vboxuser/ros2_iron/install/rqt_msg:/home/vboxuser/ros2_iron/install/rqt_console:/home/vboxuser/ros2_iron/install/rqt_graph:/home/vboxuser/ros2_iron/install/rqt_gui_py:/home/vboxuser/ros2_iron/install/rqt_gui:/home/vboxuser/ros2_iron/install/ros2trace:/home/vboxuser/ros2_iron/install/ros2topic:/home/vboxuser/ros2_iron/install/ros2test:/home/vboxuser/ros2_iron/install/ros2param:/home/vboxuser/ros2_iron/install/ros2lifecycle:/home/vboxuser/ros2_iron/install/ros2service:/home/vboxuser/ros2_iron/install/ros2run:/home/vboxuser/ros2_iron/install/ros2launch:/home/vboxuser/ros2_iron/install/ros2pkg:/home/vboxuser/ros2_iron/install/ros2node:/home/vboxuser/ros2_iron/install/ros2multicast:/home/vboxuser/ros2_iron/install/ros2interface:/home/vboxuser/ros2_iron/install/ros2action:/home/vboxuser/ros2_iron/install/ros2cli:/home/vboxuser/ros2_iron/install/launch_testing_ros:/home/vboxuser/ros2_iron/install/launch_ros:/home/vboxuser/ros2_iron/install/examples_rclpy_minimal_action_server:/home/vboxuser/ros2_iron/install/examples_rclpy_minimal_action_client:/home/vboxuser/ros2_iron/install/examples_rclpy_guard_conditions:/home/vboxuser/ros2_iron/install/action_tutorials_py:/home/vboxuser/ros2_iron/install/ament_uncrustify:/home/vboxuser/ros2_iron/install/tracetools_trace:/home/vboxuser/ros2_iron/install/tracetools_read:/home/vboxuser/ros2_iron/install/test_tracetools_launch:/home/vboxuser/ros2_iron/install/test_ros2trace:/home/vboxuser/ros2_iron/install/test_launch_ros:/home/vboxuser/ros2_iron/install/rpyutils:/home/vboxuser/ros2_iron/install/rosidl_runtime_py:/home/vboxuser/ros2_iron/install/rosidl_pycommon:/home/vboxuser/ros2_iron/install/rosidl_cli:/home/vboxuser/ros2_iron/install/launch_pytest:/home/vboxuser/ros2_iron/install/launch_testing:/home/vboxuser/ros2_iron/install/launch_yaml:/home/vboxuser/ros2_iron/install/launch_xml:/home/vboxuser/ros2_iron/install/launch:/home/vboxuser/ros2_iron/install/osrf_pycommon:/home/vboxuser/ros2_iron/install/domain_coordinator:/home/vboxuser/ros2_iron/install/ament_xmllint:/home/vboxuser/ros2_iron/install/ament_pyflakes:/home/vboxuser/ros2_iron/install/ament_pycodestyle:/home/vboxuser/ros2_iron/install/ament_pep257:/home/vboxuser/ros2_iron/install/ament_pclint:/home/vboxuser/ros2_iron/install/ament_package:/home/vboxuser/ros2_iron/install/ament_mypy:/home/vboxuser/ros2_iron/install/ament_lint_cmake:/home/vboxuser/ros2_iron/install/ament_flake8:/home/vboxuser/ros2_iron/install/ament_copyright:/home/vboxuser/ros2_iron/install/ament_lint:/home/vboxuser/ros2_iron/install/ament_index_python:/home/vboxuser/ros2_iron/install/ament_cpplint:/home/vboxuser/ros2_iron/install/ament_cppcheck:/home/vboxuser/ros2_iron/install/ament_clang_tidy:/home/vboxuser/ros2_iron/install/ament_clang_format /usr/bin/cmake --build /home/vboxuser/ros2_ws/build/examples_rclcpp_minimal_action_server -- -j4 -l4
[2.769s] Level 1:colcon.colcon_core.environment:create_environment_scripts_only(examples_rclcpp_cbg_executor)
[2.770s] Level 1:colcon.colcon_core.environment:checking '/home/vboxuser/ros2_ws/install/examples_rclcpp_cbg_executor' for CMake module files
[2.771s] DEBUG:colcon.colcon_core.event_handler.log_command:Invoked command in '/home/vboxuser/ros2_ws/build/examples_rclcpp_cbg_executor' returned '0': CMAKE_PREFIX_PATH=${CMAKE_PREFIX_PATH}:/home/vboxuser/ros2_ws/install/read_rosbag:/home/vboxuser/ros2_ws/install/py_pubsub:/home/vboxuser/ros2_ws/install/launch_testing_examples:/home/vboxuser/ros2_ws/install/examples_rclpy_pointcloud_publisher:/home/vboxuser/ros2_ws/install/examples_rclpy_minimal_subscriber:/home/vboxuser/ros2_ws/install/examples_rclpy_minimal_service:/home/vboxuser/ros2_ws/install/examples_rclpy_minimal_publisher:/home/vboxuser/ros2_ws/install/examples_rclpy_minimal_client:/home/vboxuser/ros2_ws/install/examples_rclpy_minimal_action_server:/home/vboxuser/ros2_ws/install/examples_rclpy_minimal_action_client:/home/vboxuser/ros2_ws/install/examples_rclpy_guard_conditions:/home/vboxuser/ros2_ws/install/examples_rclpy_executors:/home/vboxuser/ros2_ws/install/bms_visualizer:/opt/ros/iron:/home/vboxuser/ros2_iron/install/rqt_bag_plugins:/home/vboxuser/ros2_iron/install/rqt_bag:/home/vboxuser/ros2_iron/install/rosbag2_examples_py:/home/vboxuser/ros2_iron/install/launch_testing_examples:/home/vboxuser/ros2_iron/install/ros2bag:/home/vboxuser/ros2_iron/install/tracetools_test:/home/vboxuser/ros2_iron/install/tracetools_launch:/home/vboxuser/ros2_iron/install/topic_monitor:/home/vboxuser/ros2_iron/install/tf2_tools:/home/vboxuser/ros2_iron/install/examples_tf2_py:/home/vboxuser/ros2_iron/install/tf2_ros_py:/home/vboxuser/ros2_iron/install/examples_rclpy_pointcloud_publisher:/home/vboxuser/ros2_iron/install/sensor_msgs_py:/home/vboxuser/ros2_iron/install/quality_of_service_demo_py:/home/vboxuser/ros2_iron/install/rqt_plot:/home/vboxuser/ros2_iron/install/ros2doctor:/home/vboxuser/ros2_iron/install/lifecycle_py:/home/vboxuser/ros2_iron/install/examples_rclpy_minimal_subscriber:/home/vboxuser/ros2_iron/install/examples_rclpy_minimal_service:/home/vboxuser/ros2_iron/install/examples_rclpy_minimal_publisher:/home/vboxuser/ros2_iron/install/examples_rclpy_minimal_client:/home/vboxuser/ros2_iron/install/examples_rclpy_executors:/home/vboxuser/ros2_iron/install/demo_nodes_py:/home/vboxuser/ros2_iron/install/rqt:/home/vboxuser/ros2_iron/install/ros2component:/home/vboxuser/ros2_iron/install/sros2:/home/vboxuser/ros2_iron/install/rqt_topic:/home/vboxuser/ros2_iron/install/rqt_srv:/home/vboxuser/ros2_iron/install/rqt_shell:/home/vboxuser/ros2_iron/install/rqt_service_caller:/home/vboxuser/ros2_iron/install/rqt_reconfigure:/home/vboxuser/ros2_iron/install/rqt_py_console:/home/vboxuser/ros2_iron/install/rqt_publisher:/home/vboxuser/ros2_iron/install/rqt_action:/home/vboxuser/ros2_iron/install/rqt_msg:/home/vboxuser/ros2_iron/install/rqt_console:/home/vboxuser/ros2_iron/install/rqt_graph:/home/vboxuser/ros2_iron/install/rqt_gui_py:/home/vboxuser/ros2_iron/install/rqt_gui:/home/vboxuser/ros2_iron/install/ros2trace:/home/vboxuser/ros2_iron/install/ros2topic:/home/vboxuser/ros2_iron/install/ros2test:/home/vboxuser/ros2_iron/install/ros2param:/home/vboxuser/ros2_iron/install/ros2lifecycle:/home/vboxuser/ros2_iron/install/ros2service:/home/vboxuser/ros2_iron/install/ros2run:/home/vboxuser/ros2_iron/install/ros2launch:/home/vboxuser/ros2_iron/install/ros2pkg:/home/vboxuser/ros2_iron/install/ros2node:/home/vboxuser/ros2_iron/install/ros2multicast:/home/vboxuser/ros2_iron/install/ros2interface:/home/vboxuser/ros2_iron/install/ros2action:/home/vboxuser/ros2_iron/install/ros2cli:/home/vboxuser/ros2_iron/install/launch_testing_ros:/home/vboxuser/ros2_iron/install/launch_ros:/home/vboxuser/ros2_iron/install/examples_rclpy_minimal_action_server:/home/vboxuser/ros2_iron/install/examples_rclpy_minimal_action_client:/home/vboxuser/ros2_iron/install/examples_rclpy_guard_conditions:/home/vboxuser/ros2_iron/install/action_tutorials_py:/home/vboxuser/ros2_iron/install/ament_uncrustify:/home/vboxuser/ros2_iron/install/tracetools_trace:/home/vboxuser/ros2_iron/install/tracetools_read:/home/vboxuser/ros2_iron/install/test_tracetools_launch:/home/vboxuser/ros2_iron/install/test_ros2trace:/home/vboxuser/ros2_iron/install/test_launch_ros:/home/vboxuser/ros2_iron/install/rpyutils:/home/vboxuser/ros2_iron/install/rosidl_runtime_py:/home/vboxuser/ros2_iron/install/rosidl_pycommon:/home/vboxuser/ros2_iron/install/rosidl_cli:/home/vboxuser/ros2_iron/install/launch_pytest:/home/vboxuser/ros2_iron/install/launch_testing:/home/vboxuser/ros2_iron/install/launch_yaml:/home/vboxuser/ros2_iron/install/launch_xml:/home/vboxuser/ros2_iron/install/launch:/home/vboxuser/ros2_iron/install/osrf_pycommon:/home/vboxuser/ros2_iron/install/domain_coordinator:/home/vboxuser/ros2_iron/install/ament_xmllint:/home/vboxuser/ros2_iron/install/ament_pyflakes:/home/vboxuser/ros2_iron/install/ament_pycodestyle:/home/vboxuser/ros2_iron/install/ament_pep257:/home/vboxuser/ros2_iron/install/ament_pclint:/home/vboxuser/ros2_iron/install/ament_package:/home/vboxuser/ros2_iron/install/ament_mypy:/home/vboxuser/ros2_iron/install/ament_lint_cmake:/home/vboxuser/ros2_iron/install/ament_flake8:/home/vboxuser/ros2_iron/install/ament_copyright:/home/vboxuser/ros2_iron/install/ament_lint:/home/vboxuser/ros2_iron/install/ament_index_python:/home/vboxuser/ros2_iron/install/ament_cpplint:/home/vboxuser/ros2_iron/install/ament_cppcheck:/home/vboxuser/ros2_iron/install/ament_clang_tidy:/home/vboxuser/ros2_iron/install/ament_clang_format /usr/bin/cmake --install /home/vboxuser/ros2_ws/build/examples_rclcpp_cbg_executor
[2.776s] Level 1:colcon.colcon_core.environment:checking '/home/vboxuser/ros2_ws/install/examples_rclcpp_cbg_executor' for CMake config files
[2.776s] Level 1:colcon.colcon_core.shell:create_environment_hook('examples_rclcpp_cbg_executor', 'cmake_prefix_path')
[2.777s] INFO:colcon.colcon_core.shell:Creating environment hook '/home/vboxuser/ros2_ws/install/examples_rclcpp_cbg_executor/share/examples_rclcpp_cbg_executor/hook/cmake_prefix_path.ps1'
[2.778s] INFO:colcon.colcon_core.shell:Creating environment descriptor '/home/vboxuser/ros2_ws/install/examples_rclcpp_cbg_executor/share/examples_rclcpp_cbg_executor/hook/cmake_prefix_path.dsv'
[2.794s] INFO:colcon.colcon_core.shell:Creating environment hook '/home/vboxuser/ros2_ws/install/examples_rclcpp_cbg_executor/share/examples_rclcpp_cbg_executor/hook/cmake_prefix_path.sh'
[2.795s] Level 1:colcon.colcon_core.environment:checking '/home/vboxuser/ros2_ws/install/examples_rclcpp_cbg_executor/lib'
[2.795s] Level 1:colcon.colcon_core.environment:checking '/home/vboxuser/ros2_ws/install/examples_rclcpp_cbg_executor/bin'
[2.795s] Level 1:colcon.colcon_core.environment:checking '/home/vboxuser/ros2_ws/install/examples_rclcpp_cbg_executor/lib/pkgconfig/examples_rclcpp_cbg_executor.pc'
[2.795s] Level 1:colcon.colcon_core.environment:checking '/home/vboxuser/ros2_ws/install/examples_rclcpp_cbg_executor/lib/python3.10/site-packages'
[2.796s] Level 1:colcon.colcon_core.environment:checking '/home/vboxuser/ros2_ws/install/examples_rclcpp_cbg_executor/bin'
[2.796s] INFO:colcon.colcon_core.shell:Creating package script '/home/vboxuser/ros2_ws/install/examples_rclcpp_cbg_executor/share/examples_rclcpp_cbg_executor/package.ps1'
[2.797s] INFO:colcon.colcon_core.shell:Creating package descriptor '/home/vboxuser/ros2_ws/install/examples_rclcpp_cbg_executor/share/examples_rclcpp_cbg_executor/package.dsv'
[2.797s] INFO:colcon.colcon_core.shell:Creating package script '/home/vboxuser/ros2_ws/install/examples_rclcpp_cbg_executor/share/examples_rclcpp_cbg_executor/package.sh'
[2.798s] INFO:colcon.colcon_core.shell:Creating package script '/home/vboxuser/ros2_ws/install/examples_rclcpp_cbg_executor/share/examples_rclcpp_cbg_executor/package.bash'
[2.799s] INFO:colcon.colcon_core.shell:Creating package script '/home/vboxuser/ros2_ws/install/examples_rclcpp_cbg_executor/share/examples_rclcpp_cbg_executor/package.zsh'
[2.806s] Level 1:colcon.colcon_core.environment:create_file_with_runtime_dependencies(/home/vboxuser/ros2_ws/install/examples_rclcpp_cbg_executor/share/colcon-core/packages/examples_rclcpp_cbg_executor)
[2.808s] Level 1:colcon.colcon_core.environment:create_environment_scripts_only(examples_rclcpp_cbg_executor)
[2.808s] Level 1:colcon.colcon_core.environment:checking '/home/vboxuser/ros2_ws/install/examples_rclcpp_cbg_executor' for CMake module files
[2.808s] Level 1:colcon.colcon_core.environment:checking '/home/vboxuser/ros2_ws/install/examples_rclcpp_cbg_executor' for CMake config files
[2.809s] Level 1:colcon.colcon_core.shell:create_environment_hook('examples_rclcpp_cbg_executor', 'cmake_prefix_path')
[2.809s] INFO:colcon.colcon_core.shell:Creating environment hook '/home/vboxuser/ros2_ws/install/examples_rclcpp_cbg_executor/share/examples_rclcpp_cbg_executor/hook/cmake_prefix_path.ps1'
[2.810s] INFO:colcon.colcon_core.shell:Creating environment descriptor '/home/vboxuser/ros2_ws/install/examples_rclcpp_cbg_executor/share/examples_rclcpp_cbg_executor/hook/cmake_prefix_path.dsv'
[2.811s] INFO:colcon.colcon_core.shell:Creating environment hook '/home/vboxuser/ros2_ws/install/examples_rclcpp_cbg_executor/share/examples_rclcpp_cbg_executor/hook/cmake_prefix_path.sh'
[2.812s] Level 1:colcon.colcon_core.environment:checking '/home/vboxuser/ros2_ws/install/examples_rclcpp_cbg_executor/lib'
[2.812s] Level 1:colcon.colcon_core.environment:checking '/home/vboxuser/ros2_ws/install/examples_rclcpp_cbg_executor/bin'
[2.813s] Level 1:colcon.colcon_core.environment:checking '/home/vboxuser/ros2_ws/install/examples_rclcpp_cbg_executor/lib/pkgconfig/examples_rclcpp_cbg_executor.pc'
[2.813s] Level 1:colcon.colcon_core.environment:checking '/home/vboxuser/ros2_ws/install/examples_rclcpp_cbg_executor/lib/python3.10/site-packages'
[2.813s] Level 1:colcon.colcon_core.environment:checking '/home/vboxuser/ros2_ws/install/examples_rclcpp_cbg_executor/bin'
[2.814s] INFO:colcon.colcon_core.shell:Creating package script '/home/vboxuser/ros2_ws/install/examples_rclcpp_cbg_executor/share/examples_rclcpp_cbg_executor/package.ps1'
[2.814s] INFO:colcon.colcon_core.shell:Creating package descriptor '/home/vboxuser/ros2_ws/install/examples_rclcpp_cbg_executor/share/examples_rclcpp_cbg_executor/package.dsv'
[2.816s] INFO:colcon.colcon_core.shell:Creating package script '/home/vboxuser/ros2_ws/install/examples_rclcpp_cbg_executor/share/examples_rclcpp_cbg_executor/package.sh'
[2.817s] INFO:colcon.colcon_core.shell:Creating package script '/home/vboxuser/ros2_ws/install/examples_rclcpp_cbg_executor/share/examples_rclcpp_cbg_executor/package.bash'
[2.818s] INFO:colcon.colcon_core.shell:Creating package script '/home/vboxuser/ros2_ws/install/examples_rclcpp_cbg_executor/share/examples_rclcpp_cbg_executor/package.zsh'
[2.819s] Level 1:colcon.colcon_core.environment:create_file_with_runtime_dependencies(/home/vboxuser/ros2_ws/install/examples_rclcpp_cbg_executor/share/colcon-core/packages/examples_rclcpp_cbg_executor)
[2.820s] INFO:colcon.colcon_ros.task.ament_cmake.build:Building ROS package in '/home/vboxuser/ros2_ws/src/examples/rclcpp/services/minimal_client' with build type 'ament_cmake'
[2.820s] INFO:colcon.colcon_cmake.task.cmake.build:Building CMake package in '/home/vboxuser/ros2_ws/src/examples/rclcpp/services/minimal_client'
[2.820s] INFO:colcon.colcon_core.shell:Skip shell extension 'powershell' for command environment: Not usable outside of PowerShell
[2.820s] DEBUG:colcon.colcon_core.shell:Skip shell extension 'dsv' for command environment
[2.909s] DEBUG:colcon.colcon_core.event_handler.log_command:Invoking command in '/home/vboxuser/ros2_ws/build/examples_rclcpp_minimal_client': CMAKE_PREFIX_PATH=${CMAKE_PREFIX_PATH}:/home/vboxuser/ros2_ws/install/read_rosbag:/home/vboxuser/ros2_ws/install/py_pubsub:/home/vboxuser/ros2_ws/install/launch_testing_examples:/home/vboxuser/ros2_ws/install/examples_rclpy_pointcloud_publisher:/home/vboxuser/ros2_ws/install/examples_rclpy_minimal_subscriber:/home/vboxuser/ros2_ws/install/examples_rclpy_minimal_service:/home/vboxuser/ros2_ws/install/examples_rclpy_minimal_publisher:/home/vboxuser/ros2_ws/install/examples_rclpy_minimal_client:/home/vboxuser/ros2_ws/install/examples_rclpy_minimal_action_server:/home/vboxuser/ros2_ws/install/examples_rclpy_minimal_action_client:/home/vboxuser/ros2_ws/install/examples_rclpy_guard_conditions:/home/vboxuser/ros2_ws/install/examples_rclpy_executors:/home/vboxuser/ros2_ws/install/bms_visualizer:/opt/ros/iron:/home/vboxuser/ros2_iron/install/rqt_bag_plugins:/home/vboxuser/ros2_iron/install/rqt_bag:/home/vboxuser/ros2_iron/install/rosbag2_examples_py:/home/vboxuser/ros2_iron/install/launch_testing_examples:/home/vboxuser/ros2_iron/install/ros2bag:/home/vboxuser/ros2_iron/install/tracetools_test:/home/vboxuser/ros2_iron/install/tracetools_launch:/home/vboxuser/ros2_iron/install/topic_monitor:/home/vboxuser/ros2_iron/install/tf2_tools:/home/vboxuser/ros2_iron/install/examples_tf2_py:/home/vboxuser/ros2_iron/install/tf2_ros_py:/home/vboxuser/ros2_iron/install/examples_rclpy_pointcloud_publisher:/home/vboxuser/ros2_iron/install/sensor_msgs_py:/home/vboxuser/ros2_iron/install/quality_of_service_demo_py:/home/vboxuser/ros2_iron/install/rqt_plot:/home/vboxuser/ros2_iron/install/ros2doctor:/home/vboxuser/ros2_iron/install/lifecycle_py:/home/vboxuser/ros2_iron/install/examples_rclpy_minimal_subscriber:/home/vboxuser/ros2_iron/install/examples_rclpy_minimal_service:/home/vboxuser/ros2_iron/install/examples_rclpy_minimal_publisher:/home/vboxuser/ros2_iron/install/examples_rclpy_minimal_client:/home/vboxuser/ros2_iron/install/examples_rclpy_executors:/home/vboxuser/ros2_iron/install/demo_nodes_py:/home/vboxuser/ros2_iron/install/rqt:/home/vboxuser/ros2_iron/install/ros2component:/home/vboxuser/ros2_iron/install/sros2:/home/vboxuser/ros2_iron/install/rqt_topic:/home/vboxuser/ros2_iron/install/rqt_srv:/home/vboxuser/ros2_iron/install/rqt_shell:/home/vboxuser/ros2_iron/install/rqt_service_caller:/home/vboxuser/ros2_iron/install/rqt_reconfigure:/home/vboxuser/ros2_iron/install/rqt_py_console:/home/vboxuser/ros2_iron/install/rqt_publisher:/home/vboxuser/ros2_iron/install/rqt_action:/home/vboxuser/ros2_iron/install/rqt_msg:/home/vboxuser/ros2_iron/install/rqt_console:/home/vboxuser/ros2_iron/install/rqt_graph:/home/vboxuser/ros2_iron/install/rqt_gui_py:/home/vboxuser/ros2_iron/install/rqt_gui:/home/vboxuser/ros2_iron/install/ros2trace:/home/vboxuser/ros2_iron/install/ros2topic:/home/vboxuser/ros2_iron/install/ros2test:/home/vboxuser/ros2_iron/install/ros2param:/home/vboxuser/ros2_iron/install/ros2lifecycle:/home/vboxuser/ros2_iron/install/ros2service:/home/vboxuser/ros2_iron/install/ros2run:/home/vboxuser/ros2_iron/install/ros2launch:/home/vboxuser/ros2_iron/install/ros2pkg:/home/vboxuser/ros2_iron/install/ros2node:/home/vboxuser/ros2_iron/install/ros2multicast:/home/vboxuser/ros2_iron/install/ros2interface:/home/vboxuser/ros2_iron/install/ros2action:/home/vboxuser/ros2_iron/install/ros2cli:/home/vboxuser/ros2_iron/install/launch_testing_ros:/home/vboxuser/ros2_iron/install/launch_ros:/home/vboxuser/ros2_iron/install/examples_rclpy_minimal_action_server:/home/vboxuser/ros2_iron/install/examples_rclpy_minimal_action_client:/home/vboxuser/ros2_iron/install/examples_rclpy_guard_conditions:/home/vboxuser/ros2_iron/install/action_tutorials_py:/home/vboxuser/ros2_iron/install/ament_uncrustify:/home/vboxuser/ros2_iron/install/tracetools_trace:/home/vboxuser/ros2_iron/install/tracetools_read:/home/vboxuser/ros2_iron/install/test_tracetools_launch:/home/vboxuser/ros2_iron/install/test_ros2trace:/home/vboxuser/ros2_iron/install/test_launch_ros:/home/vboxuser/ros2_iron/install/rpyutils:/home/vboxuser/ros2_iron/install/rosidl_runtime_py:/home/vboxuser/ros2_iron/install/rosidl_pycommon:/home/vboxuser/ros2_iron/install/rosidl_cli:/home/vboxuser/ros2_iron/install/launch_pytest:/home/vboxuser/ros2_iron/install/launch_testing:/home/vboxuser/ros2_iron/install/launch_yaml:/home/vboxuser/ros2_iron/install/launch_xml:/home/vboxuser/ros2_iron/install/launch:/home/vboxuser/ros2_iron/install/osrf_pycommon:/home/vboxuser/ros2_iron/install/domain_coordinator:/home/vboxuser/ros2_iron/install/ament_xmllint:/home/vboxuser/ros2_iron/install/ament_pyflakes:/home/vboxuser/ros2_iron/install/ament_pycodestyle:/home/vboxuser/ros2_iron/install/ament_pep257:/home/vboxuser/ros2_iron/install/ament_pclint:/home/vboxuser/ros2_iron/install/ament_package:/home/vboxuser/ros2_iron/install/ament_mypy:/home/vboxuser/ros2_iron/install/ament_lint_cmake:/home/vboxuser/ros2_iron/install/ament_flake8:/home/vboxuser/ros2_iron/install/ament_copyright:/home/vboxuser/ros2_iron/install/ament_lint:/home/vboxuser/ros2_iron/install/ament_index_python:/home/vboxuser/ros2_iron/install/ament_cpplint:/home/vboxuser/ros2_iron/install/ament_cppcheck:/home/vboxuser/ros2_iron/install/ament_clang_tidy:/home/vboxuser/ros2_iron/install/ament_clang_format /usr/bin/cmake --build /home/vboxuser/ros2_ws/build/examples_rclcpp_minimal_client -- -j4 -l4
[3.265s] DEBUG:colcon.colcon_core.event_handler.log_command:Invoked command in '/home/vboxuser/ros2_ws/build/examples_rclcpp_minimal_action_server' returned '0': CMAKE_PREFIX_PATH=${CMAKE_PREFIX_PATH}:/home/vboxuser/ros2_ws/install/read_rosbag:/home/vboxuser/ros2_ws/install/py_pubsub:/home/vboxuser/ros2_ws/install/launch_testing_examples:/home/vboxuser/ros2_ws/install/examples_rclpy_pointcloud_publisher:/home/vboxuser/ros2_ws/install/examples_rclpy_minimal_subscriber:/home/vboxuser/ros2_ws/install/examples_rclpy_minimal_service:/home/vboxuser/ros2_ws/install/examples_rclpy_minimal_publisher:/home/vboxuser/ros2_ws/install/examples_rclpy_minimal_client:/home/vboxuser/ros2_ws/install/examples_rclpy_minimal_action_server:/home/vboxuser/ros2_ws/install/examples_rclpy_minimal_action_client:/home/vboxuser/ros2_ws/install/examples_rclpy_guard_conditions:/home/vboxuser/ros2_ws/install/examples_rclpy_executors:/home/vboxuser/ros2_ws/install/bms_visualizer:/opt/ros/iron:/home/vboxuser/ros2_iron/install/rqt_bag_plugins:/home/vboxuser/ros2_iron/install/rqt_bag:/home/vboxuser/ros2_iron/install/rosbag2_examples_py:/home/vboxuser/ros2_iron/install/launch_testing_examples:/home/vboxuser/ros2_iron/install/ros2bag:/home/vboxuser/ros2_iron/install/tracetools_test:/home/vboxuser/ros2_iron/install/tracetools_launch:/home/vboxuser/ros2_iron/install/topic_monitor:/home/vboxuser/ros2_iron/install/tf2_tools:/home/vboxuser/ros2_iron/install/examples_tf2_py:/home/vboxuser/ros2_iron/install/tf2_ros_py:/home/vboxuser/ros2_iron/install/examples_rclpy_pointcloud_publisher:/home/vboxuser/ros2_iron/install/sensor_msgs_py:/home/vboxuser/ros2_iron/install/quality_of_service_demo_py:/home/vboxuser/ros2_iron/install/rqt_plot:/home/vboxuser/ros2_iron/install/ros2doctor:/home/vboxuser/ros2_iron/install/lifecycle_py:/home/vboxuser/ros2_iron/install/examples_rclpy_minimal_subscriber:/home/vboxuser/ros2_iron/install/examples_rclpy_minimal_service:/home/vboxuser/ros2_iron/install/examples_rclpy_minimal_publisher:/home/vboxuser/ros2_iron/install/examples_rclpy_minimal_client:/home/vboxuser/ros2_iron/install/examples_rclpy_executors:/home/vboxuser/ros2_iron/install/demo_nodes_py:/home/vboxuser/ros2_iron/install/rqt:/home/vboxuser/ros2_iron/install/ros2component:/home/vboxuser/ros2_iron/install/sros2:/home/vboxuser/ros2_iron/install/rqt_topic:/home/vboxuser/ros2_iron/install/rqt_srv:/home/vboxuser/ros2_iron/install/rqt_shell:/home/vboxuser/ros2_iron/install/rqt_service_caller:/home/vboxuser/ros2_iron/install/rqt_reconfigure:/home/vboxuser/ros2_iron/install/rqt_py_console:/home/vboxuser/ros2_iron/install/rqt_publisher:/home/vboxuser/ros2_iron/install/rqt_action:/home/vboxuser/ros2_iron/install/rqt_msg:/home/vboxuser/ros2_iron/install/rqt_console:/home/vboxuser/ros2_iron/install/rqt_graph:/home/vboxuser/ros2_iron/install/rqt_gui_py:/home/vboxuser/ros2_iron/install/rqt_gui:/home/vboxuser/ros2_iron/install/ros2trace:/home/vboxuser/ros2_iron/install/ros2topic:/home/vboxuser/ros2_iron/install/ros2test:/home/vboxuser/ros2_iron/install/ros2param:/home/vboxuser/ros2_iron/install/ros2lifecycle:/home/vboxuser/ros2_iron/install/ros2service:/home/vboxuser/ros2_iron/install/ros2run:/home/vboxuser/ros2_iron/install/ros2launch:/home/vboxuser/ros2_iron/install/ros2pkg:/home/vboxuser/ros2_iron/install/ros2node:/home/vboxuser/ros2_iron/install/ros2multicast:/home/vboxuser/ros2_iron/install/ros2interface:/home/vboxuser/ros2_iron/install/ros2action:/home/vboxuser/ros2_iron/install/ros2cli:/home/vboxuser/ros2_iron/install/launch_testing_ros:/home/vboxuser/ros2_iron/install/launch_ros:/home/vboxuser/ros2_iron/install/examples_rclpy_minimal_action_server:/home/vboxuser/ros2_iron/install/examples_rclpy_minimal_action_client:/home/vboxuser/ros2_iron/install/examples_rclpy_guard_conditions:/home/vboxuser/ros2_iron/install/action_tutorials_py:/home/vboxuser/ros2_iron/install/ament_uncrustify:/home/vboxuser/ros2_iron/install/tracetools_trace:/home/vboxuser/ros2_iron/install/tracetools_read:/home/vboxuser/ros2_iron/install/test_tracetools_launch:/home/vboxuser/ros2_iron/install/test_ros2trace:/home/vboxuser/ros2_iron/install/test_launch_ros:/home/vboxuser/ros2_iron/install/rpyutils:/home/vboxuser/ros2_iron/install/rosidl_runtime_py:/home/vboxuser/ros2_iron/install/rosidl_pycommon:/home/vboxuser/ros2_iron/install/rosidl_cli:/home/vboxuser/ros2_iron/install/launch_pytest:/home/vboxuser/ros2_iron/install/launch_testing:/home/vboxuser/ros2_iron/install/launch_yaml:/home/vboxuser/ros2_iron/install/launch_xml:/home/vboxuser/ros2_iron/install/launch:/home/vboxuser/ros2_iron/install/osrf_pycommon:/home/vboxuser/ros2_iron/install/domain_coordinator:/home/vboxuser/ros2_iron/install/ament_xmllint:/home/vboxuser/ros2_iron/install/ament_pyflakes:/home/vboxuser/ros2_iron/install/ament_pycodestyle:/home/vboxuser/ros2_iron/install/ament_pep257:/home/vboxuser/ros2_iron/install/ament_pclint:/home/vboxuser/ros2_iron/install/ament_package:/home/vboxuser/ros2_iron/install/ament_mypy:/home/vboxuser/ros2_iron/install/ament_lint_cmake:/home/vboxuser/ros2_iron/install/ament_flake8:/home/vboxuser/ros2_iron/install/ament_copyright:/home/vboxuser/ros2_iron/install/ament_lint:/home/vboxuser/ros2_iron/install/ament_index_python:/home/vboxuser/ros2_iron/install/ament_cpplint:/home/vboxuser/ros2_iron/install/ament_cppcheck:/home/vboxuser/ros2_iron/install/ament_clang_tidy:/home/vboxuser/ros2_iron/install/ament_clang_format /usr/bin/cmake --build /home/vboxuser/ros2_ws/build/examples_rclcpp_minimal_action_server -- -j4 -l4
[3.276s] DEBUG:colcon.colcon_core.event_handler.log_command:Invoking command in '/home/vboxuser/ros2_ws/build/examples_rclcpp_minimal_action_server': CMAKE_PREFIX_PATH=${CMAKE_PREFIX_PATH}:/home/vboxuser/ros2_ws/install/read_rosbag:/home/vboxuser/ros2_ws/install/py_pubsub:/home/vboxuser/ros2_ws/install/launch_testing_examples:/home/vboxuser/ros2_ws/install/examples_rclpy_pointcloud_publisher:/home/vboxuser/ros2_ws/install/examples_rclpy_minimal_subscriber:/home/vboxuser/ros2_ws/install/examples_rclpy_minimal_service:/home/vboxuser/ros2_ws/install/examples_rclpy_minimal_publisher:/home/vboxuser/ros2_ws/install/examples_rclpy_minimal_client:/home/vboxuser/ros2_ws/install/examples_rclpy_minimal_action_server:/home/vboxuser/ros2_ws/install/examples_rclpy_minimal_action_client:/home/vboxuser/ros2_ws/install/examples_rclpy_guard_conditions:/home/vboxuser/ros2_ws/install/examples_rclpy_executors:/home/vboxuser/ros2_ws/install/bms_visualizer:/opt/ros/iron:/home/vboxuser/ros2_iron/install/rqt_bag_plugins:/home/vboxuser/ros2_iron/install/rqt_bag:/home/vboxuser/ros2_iron/install/rosbag2_examples_py:/home/vboxuser/ros2_iron/install/launch_testing_examples:/home/vboxuser/ros2_iron/install/ros2bag:/home/vboxuser/ros2_iron/install/tracetools_test:/home/vboxuser/ros2_iron/install/tracetools_launch:/home/vboxuser/ros2_iron/install/topic_monitor:/home/vboxuser/ros2_iron/install/tf2_tools:/home/vboxuser/ros2_iron/install/examples_tf2_py:/home/vboxuser/ros2_iron/install/tf2_ros_py:/home/vboxuser/ros2_iron/install/examples_rclpy_pointcloud_publisher:/home/vboxuser/ros2_iron/install/sensor_msgs_py:/home/vboxuser/ros2_iron/install/quality_of_service_demo_py:/home/vboxuser/ros2_iron/install/rqt_plot:/home/vboxuser/ros2_iron/install/ros2doctor:/home/vboxuser/ros2_iron/install/lifecycle_py:/home/vboxuser/ros2_iron/install/examples_rclpy_minimal_subscriber:/home/vboxuser/ros2_iron/install/examples_rclpy_minimal_service:/home/vboxuser/ros2_iron/install/examples_rclpy_minimal_publisher:/home/vboxuser/ros2_iron/install/examples_rclpy_minimal_client:/home/vboxuser/ros2_iron/install/examples_rclpy_executors:/home/vboxuser/ros2_iron/install/demo_nodes_py:/home/vboxuser/ros2_iron/install/rqt:/home/vboxuser/ros2_iron/install/ros2component:/home/vboxuser/ros2_iron/install/sros2:/home/vboxuser/ros2_iron/install/rqt_topic:/home/vboxuser/ros2_iron/install/rqt_srv:/home/vboxuser/ros2_iron/install/rqt_shell:/home/vboxuser/ros2_iron/install/rqt_service_caller:/home/vboxuser/ros2_iron/install/rqt_reconfigure:/home/vboxuser/ros2_iron/install/rqt_py_console:/home/vboxuser/ros2_iron/install/rqt_publisher:/home/vboxuser/ros2_iron/install/rqt_action:/home/vboxuser/ros2_iron/install/rqt_msg:/home/vboxuser/ros2_iron/install/rqt_console:/home/vboxuser/ros2_iron/install/rqt_graph:/home/vboxuser/ros2_iron/install/rqt_gui_py:/home/vboxuser/ros2_iron/install/rqt_gui:/home/vboxuser/ros2_iron/install/ros2trace:/home/vboxuser/ros2_iron/install/ros2topic:/home/vboxuser/ros2_iron/install/ros2test:/home/vboxuser/ros2_iron/install/ros2param:/home/vboxuser/ros2_iron/install/ros2lifecycle:/home/vboxuser/ros2_iron/install/ros2service:/home/vboxuser/ros2_iron/install/ros2run:/home/vboxuser/ros2_iron/install/ros2launch:/home/vboxuser/ros2_iron/install/ros2pkg:/home/vboxuser/ros2_iron/install/ros2node:/home/vboxuser/ros2_iron/install/ros2multicast:/home/vboxuser/ros2_iron/install/ros2interface:/home/vboxuser/ros2_iron/install/ros2action:/home/vboxuser/ros2_iron/install/ros2cli:/home/vboxuser/ros2_iron/install/launch_testing_ros:/home/vboxuser/ros2_iron/install/launch_ros:/home/vboxuser/ros2_iron/install/examples_rclpy_minimal_action_server:/home/vboxuser/ros2_iron/install/examples_rclpy_minimal_action_client:/home/vboxuser/ros2_iron/install/examples_rclpy_guard_conditions:/home/vboxuser/ros2_iron/install/action_tutorials_py:/home/vboxuser/ros2_iron/install/ament_uncrustify:/home/vboxuser/ros2_iron/install/tracetools_trace:/home/vboxuser/ros2_iron/install/tracetools_read:/home/vboxuser/ros2_iron/install/test_tracetools_launch:/home/vboxuser/ros2_iron/install/test_ros2trace:/home/vboxuser/ros2_iron/install/test_launch_ros:/home/vboxuser/ros2_iron/install/rpyutils:/home/vboxuser/ros2_iron/install/rosidl_runtime_py:/home/vboxuser/ros2_iron/install/rosidl_pycommon:/home/vboxuser/ros2_iron/install/rosidl_cli:/home/vboxuser/ros2_iron/install/launch_pytest:/home/vboxuser/ros2_iron/install/launch_testing:/home/vboxuser/ros2_iron/install/launch_yaml:/home/vboxuser/ros2_iron/install/launch_xml:/home/vboxuser/ros2_iron/install/launch:/home/vboxuser/ros2_iron/install/osrf_pycommon:/home/vboxuser/ros2_iron/install/domain_coordinator:/home/vboxuser/ros2_iron/install/ament_xmllint:/home/vboxuser/ros2_iron/install/ament_pyflakes:/home/vboxuser/ros2_iron/install/ament_pycodestyle:/home/vboxuser/ros2_iron/install/ament_pep257:/home/vboxuser/ros2_iron/install/ament_pclint:/home/vboxuser/ros2_iron/install/ament_package:/home/vboxuser/ros2_iron/install/ament_mypy:/home/vboxuser/ros2_iron/install/ament_lint_cmake:/home/vboxuser/ros2_iron/install/ament_flake8:/home/vboxuser/ros2_iron/install/ament_copyright:/home/vboxuser/ros2_iron/install/ament_lint:/home/vboxuser/ros2_iron/install/ament_index_python:/home/vboxuser/ros2_iron/install/ament_cpplint:/home/vboxuser/ros2_iron/install/ament_cppcheck:/home/vboxuser/ros2_iron/install/ament_clang_tidy:/home/vboxuser/ros2_iron/install/ament_clang_format /usr/bin/cmake --install /home/vboxuser/ros2_ws/build/examples_rclcpp_minimal_action_server
[3.328s] Level 1:colcon.colcon_core.environment:create_environment_scripts_only(examples_rclcpp_minimal_action_server)
[3.328s] DEBUG:colcon.colcon_core.event_handler.log_command:Invoked command in '/home/vboxuser/ros2_ws/build/examples_rclcpp_minimal_action_server' returned '0': CMAKE_PREFIX_PATH=${CMAKE_PREFIX_PATH}:/home/vboxuser/ros2_ws/install/read_rosbag:/home/vboxuser/ros2_ws/install/py_pubsub:/home/vboxuser/ros2_ws/install/launch_testing_examples:/home/vboxuser/ros2_ws/install/examples_rclpy_pointcloud_publisher:/home/vboxuser/ros2_ws/install/examples_rclpy_minimal_subscriber:/home/vboxuser/ros2_ws/install/examples_rclpy_minimal_service:/home/vboxuser/ros2_ws/install/examples_rclpy_minimal_publisher:/home/vboxuser/ros2_ws/install/examples_rclpy_minimal_client:/home/vboxuser/ros2_ws/install/examples_rclpy_minimal_action_server:/home/vboxuser/ros2_ws/install/examples_rclpy_minimal_action_client:/home/vboxuser/ros2_ws/install/examples_rclpy_guard_conditions:/home/vboxuser/ros2_ws/install/examples_rclpy_executors:/home/vboxuser/ros2_ws/install/bms_visualizer:/opt/ros/iron:/home/vboxuser/ros2_iron/install/rqt_bag_plugins:/home/vboxuser/ros2_iron/install/rqt_bag:/home/vboxuser/ros2_iron/install/rosbag2_examples_py:/home/vboxuser/ros2_iron/install/launch_testing_examples:/home/vboxuser/ros2_iron/install/ros2bag:/home/vboxuser/ros2_iron/install/tracetools_test:/home/vboxuser/ros2_iron/install/tracetools_launch:/home/vboxuser/ros2_iron/install/topic_monitor:/home/vboxuser/ros2_iron/install/tf2_tools:/home/vboxuser/ros2_iron/install/examples_tf2_py:/home/vboxuser/ros2_iron/install/tf2_ros_py:/home/vboxuser/ros2_iron/install/examples_rclpy_pointcloud_publisher:/home/vboxuser/ros2_iron/install/sensor_msgs_py:/home/vboxuser/ros2_iron/install/quality_of_service_demo_py:/home/vboxuser/ros2_iron/install/rqt_plot:/home/vboxuser/ros2_iron/install/ros2doctor:/home/vboxuser/ros2_iron/install/lifecycle_py:/home/vboxuser/ros2_iron/install/examples_rclpy_minimal_subscriber:/home/vboxuser/ros2_iron/install/examples_rclpy_minimal_service:/home/vboxuser/ros2_iron/install/examples_rclpy_minimal_publisher:/home/vboxuser/ros2_iron/install/examples_rclpy_minimal_client:/home/vboxuser/ros2_iron/install/examples_rclpy_executors:/home/vboxuser/ros2_iron/install/demo_nodes_py:/home/vboxuser/ros2_iron/install/rqt:/home/vboxuser/ros2_iron/install/ros2component:/home/vboxuser/ros2_iron/install/sros2:/home/vboxuser/ros2_iron/install/rqt_topic:/home/vboxuser/ros2_iron/install/rqt_srv:/home/vboxuser/ros2_iron/install/rqt_shell:/home/vboxuser/ros2_iron/install/rqt_service_caller:/home/vboxuser/ros2_iron/install/rqt_reconfigure:/home/vboxuser/ros2_iron/install/rqt_py_console:/home/vboxuser/ros2_iron/install/rqt_publisher:/home/vboxuser/ros2_iron/install/rqt_action:/home/vboxuser/ros2_iron/install/rqt_msg:/home/vboxuser/ros2_iron/install/rqt_console:/home/vboxuser/ros2_iron/install/rqt_graph:/home/vboxuser/ros2_iron/install/rqt_gui_py:/home/vboxuser/ros2_iron/install/rqt_gui:/home/vboxuser/ros2_iron/install/ros2trace:/home/vboxuser/ros2_iron/install/ros2topic:/home/vboxuser/ros2_iron/install/ros2test:/home/vboxuser/ros2_iron/install/ros2param:/home/vboxuser/ros2_iron/install/ros2lifecycle:/home/vboxuser/ros2_iron/install/ros2service:/home/vboxuser/ros2_iron/install/ros2run:/home/vboxuser/ros2_iron/install/ros2launch:/home/vboxuser/ros2_iron/install/ros2pkg:/home/vboxuser/ros2_iron/install/ros2node:/home/vboxuser/ros2_iron/install/ros2multicast:/home/vboxuser/ros2_iron/install/ros2interface:/home/vboxuser/ros2_iron/install/ros2action:/home/vboxuser/ros2_iron/install/ros2cli:/home/vboxuser/ros2_iron/install/launch_testing_ros:/home/vboxuser/ros2_iron/install/launch_ros:/home/vboxuser/ros2_iron/install/examples_rclpy_minimal_action_server:/home/vboxuser/ros2_iron/install/examples_rclpy_minimal_action_client:/home/vboxuser/ros2_iron/install/examples_rclpy_guard_conditions:/home/vboxuser/ros2_iron/install/action_tutorials_py:/home/vboxuser/ros2_iron/install/ament_uncrustify:/home/vboxuser/ros2_iron/install/tracetools_trace:/home/vboxuser/ros2_iron/install/tracetools_read:/home/vboxuser/ros2_iron/install/test_tracetools_launch:/home/vboxuser/ros2_iron/install/test_ros2trace:/home/vboxuser/ros2_iron/install/test_launch_ros:/home/vboxuser/ros2_iron/install/rpyutils:/home/vboxuser/ros2_iron/install/rosidl_runtime_py:/home/vboxuser/ros2_iron/install/rosidl_pycommon:/home/vboxuser/ros2_iron/install/rosidl_cli:/home/vboxuser/ros2_iron/install/launch_pytest:/home/vboxuser/ros2_iron/install/launch_testing:/home/vboxuser/ros2_iron/install/launch_yaml:/home/vboxuser/ros2_iron/install/launch_xml:/home/vboxuser/ros2_iron/install/launch:/home/vboxuser/ros2_iron/install/osrf_pycommon:/home/vboxuser/ros2_iron/install/domain_coordinator:/home/vboxuser/ros2_iron/install/ament_xmllint:/home/vboxuser/ros2_iron/install/ament_pyflakes:/home/vboxuser/ros2_iron/install/ament_pycodestyle:/home/vboxuser/ros2_iron/install/ament_pep257:/home/vboxuser/ros2_iron/install/ament_pclint:/home/vboxuser/ros2_iron/install/ament_package:/home/vboxuser/ros2_iron/install/ament_mypy:/home/vboxuser/ros2_iron/install/ament_lint_cmake:/home/vboxuser/ros2_iron/install/ament_flake8:/home/vboxuser/ros2_iron/install/ament_copyright:/home/vboxuser/ros2_iron/install/ament_lint:/home/vboxuser/ros2_iron/install/ament_index_python:/home/vboxuser/ros2_iron/install/ament_cpplint:/home/vboxuser/ros2_iron/install/ament_cppcheck:/home/vboxuser/ros2_iron/install/ament_clang_tidy:/home/vboxuser/ros2_iron/install/ament_clang_format /usr/bin/cmake --install /home/vboxuser/ros2_ws/build/examples_rclcpp_minimal_action_server
[3.329s] Level 1:colcon.colcon_core.environment:checking '/home/vboxuser/ros2_ws/install/examples_rclcpp_minimal_action_server' for CMake module files
[3.332s] Level 1:colcon.colcon_core.environment:checking '/home/vboxuser/ros2_ws/install/examples_rclcpp_minimal_action_server' for CMake config files
[3.332s] Level 1:colcon.colcon_core.shell:create_environment_hook('examples_rclcpp_minimal_action_server', 'cmake_prefix_path')
[3.332s] INFO:colcon.colcon_core.shell:Creating environment hook '/home/vboxuser/ros2_ws/install/examples_rclcpp_minimal_action_server/share/examples_rclcpp_minimal_action_server/hook/cmake_prefix_path.ps1'
[3.333s] INFO:colcon.colcon_core.shell:Creating environment descriptor '/home/vboxuser/ros2_ws/install/examples_rclcpp_minimal_action_server/share/examples_rclcpp_minimal_action_server/hook/cmake_prefix_path.dsv'
[3.340s] INFO:colcon.colcon_core.shell:Creating environment hook '/home/vboxuser/ros2_ws/install/examples_rclcpp_minimal_action_server/share/examples_rclcpp_minimal_action_server/hook/cmake_prefix_path.sh'
[3.342s] Level 1:colcon.colcon_core.environment:checking '/home/vboxuser/ros2_ws/install/examples_rclcpp_minimal_action_server/lib'
[3.342s] Level 1:colcon.colcon_core.environment:checking '/home/vboxuser/ros2_ws/install/examples_rclcpp_minimal_action_server/bin'
[3.342s] Level 1:colcon.colcon_core.environment:checking '/home/vboxuser/ros2_ws/install/examples_rclcpp_minimal_action_server/lib/pkgconfig/examples_rclcpp_minimal_action_server.pc'
[3.342s] Level 1:colcon.colcon_core.environment:checking '/home/vboxuser/ros2_ws/install/examples_rclcpp_minimal_action_server/lib/python3.10/site-packages'
[3.342s] Level 1:colcon.colcon_core.environment:checking '/home/vboxuser/ros2_ws/install/examples_rclcpp_minimal_action_server/bin'
[3.349s] INFO:colcon.colcon_core.shell:Creating package script '/home/vboxuser/ros2_ws/install/examples_rclcpp_minimal_action_server/share/examples_rclcpp_minimal_action_server/package.ps1'
[3.352s] INFO:colcon.colcon_core.shell:Creating package descriptor '/home/vboxuser/ros2_ws/install/examples_rclcpp_minimal_action_server/share/examples_rclcpp_minimal_action_server/package.dsv'
[3.356s] INFO:colcon.colcon_core.shell:Creating package script '/home/vboxuser/ros2_ws/install/examples_rclcpp_minimal_action_server/share/examples_rclcpp_minimal_action_server/package.sh'
[3.357s] INFO:colcon.colcon_core.shell:Creating package script '/home/vboxuser/ros2_ws/install/examples_rclcpp_minimal_action_server/share/examples_rclcpp_minimal_action_server/package.bash'
[3.361s] INFO:colcon.colcon_core.shell:Creating package script '/home/vboxuser/ros2_ws/install/examples_rclcpp_minimal_action_server/share/examples_rclcpp_minimal_action_server/package.zsh'
[3.361s] Level 1:colcon.colcon_core.environment:create_file_with_runtime_dependencies(/home/vboxuser/ros2_ws/install/examples_rclcpp_minimal_action_server/share/colcon-core/packages/examples_rclcpp_minimal_action_server)
[3.363s] Level 1:colcon.colcon_core.environment:create_environment_scripts_only(examples_rclcpp_minimal_action_server)
[3.363s] Level 1:colcon.colcon_core.environment:checking '/home/vboxuser/ros2_ws/install/examples_rclcpp_minimal_action_server' for CMake module files
[3.363s] Level 1:colcon.colcon_core.environment:checking '/home/vboxuser/ros2_ws/install/examples_rclcpp_minimal_action_server' for CMake config files
[3.364s] Level 1:colcon.colcon_core.shell:create_environment_hook('examples_rclcpp_minimal_action_server', 'cmake_prefix_path')
[3.364s] INFO:colcon.colcon_core.shell:Creating environment hook '/home/vboxuser/ros2_ws/install/examples_rclcpp_minimal_action_server/share/examples_rclcpp_minimal_action_server/hook/cmake_prefix_path.ps1'
[3.370s] INFO:colcon.colcon_core.shell:Creating environment descriptor '/home/vboxuser/ros2_ws/install/examples_rclcpp_minimal_action_server/share/examples_rclcpp_minimal_action_server/hook/cmake_prefix_path.dsv'
[3.373s] INFO:colcon.colcon_core.shell:Creating environment hook '/home/vboxuser/ros2_ws/install/examples_rclcpp_minimal_action_server/share/examples_rclcpp_minimal_action_server/hook/cmake_prefix_path.sh'
[3.375s] Level 1:colcon.colcon_core.environment:checking '/home/vboxuser/ros2_ws/install/examples_rclcpp_minimal_action_server/lib'
[3.375s] Level 1:colcon.colcon_core.environment:checking '/home/vboxuser/ros2_ws/install/examples_rclcpp_minimal_action_server/bin'
[3.375s] Level 1:colcon.colcon_core.environment:checking '/home/vboxuser/ros2_ws/install/examples_rclcpp_minimal_action_server/lib/pkgconfig/examples_rclcpp_minimal_action_server.pc'
[3.376s] Level 1:colcon.colcon_core.environment:checking '/home/vboxuser/ros2_ws/install/examples_rclcpp_minimal_action_server/lib/python3.10/site-packages'
[3.376s] Level 1:colcon.colcon_core.environment:checking '/home/vboxuser/ros2_ws/install/examples_rclcpp_minimal_action_server/bin'
[3.377s] INFO:colcon.colcon_core.shell:Creating package script '/home/vboxuser/ros2_ws/install/examples_rclcpp_minimal_action_server/share/examples_rclcpp_minimal_action_server/package.ps1'
[3.378s] INFO:colcon.colcon_core.shell:Creating package descriptor '/home/vboxuser/ros2_ws/install/examples_rclcpp_minimal_action_server/share/examples_rclcpp_minimal_action_server/package.dsv'
[3.387s] INFO:colcon.colcon_core.shell:Creating package script '/home/vboxuser/ros2_ws/install/examples_rclcpp_minimal_action_server/share/examples_rclcpp_minimal_action_server/package.sh'
[3.388s] INFO:colcon.colcon_core.shell:Creating package script '/home/vboxuser/ros2_ws/install/examples_rclcpp_minimal_action_server/share/examples_rclcpp_minimal_action_server/package.bash'
[3.390s] INFO:colcon.colcon_core.shell:Creating package script '/home/vboxuser/ros2_ws/install/examples_rclcpp_minimal_action_server/share/examples_rclcpp_minimal_action_server/package.zsh'
[3.395s] Level 1:colcon.colcon_core.environment:create_file_with_runtime_dependencies(/home/vboxuser/ros2_ws/install/examples_rclcpp_minimal_action_server/share/colcon-core/packages/examples_rclcpp_minimal_action_server)
[3.397s] INFO:colcon.colcon_ros.task.ament_cmake.build:Building ROS package in '/home/vboxuser/ros2_ws/src/examples/rclcpp/composition/minimal_composition' with build type 'ament_cmake'
[3.397s] INFO:colcon.colcon_cmake.task.cmake.build:Building CMake package in '/home/vboxuser/ros2_ws/src/examples/rclcpp/composition/minimal_composition'
[3.398s] INFO:colcon.colcon_core.shell:Skip shell extension 'powershell' for command environment: Not usable outside of PowerShell
[3.398s] DEBUG:colcon.colcon_core.shell:Skip shell extension 'dsv' for command environment
[3.480s] DEBUG:colcon.colcon_core.event_handler.log_command:Invoked command in '/home/vboxuser/ros2_ws/build/examples_rclcpp_minimal_action_client' returned '0': CMAKE_PREFIX_PATH=${CMAKE_PREFIX_PATH}:/home/vboxuser/ros2_ws/install/read_rosbag:/home/vboxuser/ros2_ws/install/py_pubsub:/home/vboxuser/ros2_ws/install/launch_testing_examples:/home/vboxuser/ros2_ws/install/examples_rclpy_pointcloud_publisher:/home/vboxuser/ros2_ws/install/examples_rclpy_minimal_subscriber:/home/vboxuser/ros2_ws/install/examples_rclpy_minimal_service:/home/vboxuser/ros2_ws/install/examples_rclpy_minimal_publisher:/home/vboxuser/ros2_ws/install/examples_rclpy_minimal_client:/home/vboxuser/ros2_ws/install/examples_rclpy_minimal_action_server:/home/vboxuser/ros2_ws/install/examples_rclpy_minimal_action_client:/home/vboxuser/ros2_ws/install/examples_rclpy_guard_conditions:/home/vboxuser/ros2_ws/install/examples_rclpy_executors:/home/vboxuser/ros2_ws/install/bms_visualizer:/opt/ros/iron:/home/vboxuser/ros2_iron/install/rqt_bag_plugins:/home/vboxuser/ros2_iron/install/rqt_bag:/home/vboxuser/ros2_iron/install/rosbag2_examples_py:/home/vboxuser/ros2_iron/install/launch_testing_examples:/home/vboxuser/ros2_iron/install/ros2bag:/home/vboxuser/ros2_iron/install/tracetools_test:/home/vboxuser/ros2_iron/install/tracetools_launch:/home/vboxuser/ros2_iron/install/topic_monitor:/home/vboxuser/ros2_iron/install/tf2_tools:/home/vboxuser/ros2_iron/install/examples_tf2_py:/home/vboxuser/ros2_iron/install/tf2_ros_py:/home/vboxuser/ros2_iron/install/examples_rclpy_pointcloud_publisher:/home/vboxuser/ros2_iron/install/sensor_msgs_py:/home/vboxuser/ros2_iron/install/quality_of_service_demo_py:/home/vboxuser/ros2_iron/install/rqt_plot:/home/vboxuser/ros2_iron/install/ros2doctor:/home/vboxuser/ros2_iron/install/lifecycle_py:/home/vboxuser/ros2_iron/install/examples_rclpy_minimal_subscriber:/home/vboxuser/ros2_iron/install/examples_rclpy_minimal_service:/home/vboxuser/ros2_iron/install/examples_rclpy_minimal_publisher:/home/vboxuser/ros2_iron/install/examples_rclpy_minimal_client:/home/vboxuser/ros2_iron/install/examples_rclpy_executors:/home/vboxuser/ros2_iron/install/demo_nodes_py:/home/vboxuser/ros2_iron/install/rqt:/home/vboxuser/ros2_iron/install/ros2component:/home/vboxuser/ros2_iron/install/sros2:/home/vboxuser/ros2_iron/install/rqt_topic:/home/vboxuser/ros2_iron/install/rqt_srv:/home/vboxuser/ros2_iron/install/rqt_shell:/home/vboxuser/ros2_iron/install/rqt_service_caller:/home/vboxuser/ros2_iron/install/rqt_reconfigure:/home/vboxuser/ros2_iron/install/rqt_py_console:/home/vboxuser/ros2_iron/install/rqt_publisher:/home/vboxuser/ros2_iron/install/rqt_action:/home/vboxuser/ros2_iron/install/rqt_msg:/home/vboxuser/ros2_iron/install/rqt_console:/home/vboxuser/ros2_iron/install/rqt_graph:/home/vboxuser/ros2_iron/install/rqt_gui_py:/home/vboxuser/ros2_iron/install/rqt_gui:/home/vboxuser/ros2_iron/install/ros2trace:/home/vboxuser/ros2_iron/install/ros2topic:/home/vboxuser/ros2_iron/install/ros2test:/home/vboxuser/ros2_iron/install/ros2param:/home/vboxuser/ros2_iron/install/ros2lifecycle:/home/vboxuser/ros2_iron/install/ros2service:/home/vboxuser/ros2_iron/install/ros2run:/home/vboxuser/ros2_iron/install/ros2launch:/home/vboxuser/ros2_iron/install/ros2pkg:/home/vboxuser/ros2_iron/install/ros2node:/home/vboxuser/ros2_iron/install/ros2multicast:/home/vboxuser/ros2_iron/install/ros2interface:/home/vboxuser/ros2_iron/install/ros2action:/home/vboxuser/ros2_iron/install/ros2cli:/home/vboxuser/ros2_iron/install/launch_testing_ros:/home/vboxuser/ros2_iron/install/launch_ros:/home/vboxuser/ros2_iron/install/examples_rclpy_minimal_action_server:/home/vboxuser/ros2_iron/install/examples_rclpy_minimal_action_client:/home/vboxuser/ros2_iron/install/examples_rclpy_guard_conditions:/home/vboxuser/ros2_iron/install/action_tutorials_py:/home/vboxuser/ros2_iron/install/ament_uncrustify:/home/vboxuser/ros2_iron/install/tracetools_trace:/home/vboxuser/ros2_iron/install/tracetools_read:/home/vboxuser/ros2_iron/install/test_tracetools_launch:/home/vboxuser/ros2_iron/install/test_ros2trace:/home/vboxuser/ros2_iron/install/test_launch_ros:/home/vboxuser/ros2_iron/install/rpyutils:/home/vboxuser/ros2_iron/install/rosidl_runtime_py:/home/vboxuser/ros2_iron/install/rosidl_pycommon:/home/vboxuser/ros2_iron/install/rosidl_cli:/home/vboxuser/ros2_iron/install/launch_pytest:/home/vboxuser/ros2_iron/install/launch_testing:/home/vboxuser/ros2_iron/install/launch_yaml:/home/vboxuser/ros2_iron/install/launch_xml:/home/vboxuser/ros2_iron/install/launch:/home/vboxuser/ros2_iron/install/osrf_pycommon:/home/vboxuser/ros2_iron/install/domain_coordinator:/home/vboxuser/ros2_iron/install/ament_xmllint:/home/vboxuser/ros2_iron/install/ament_pyflakes:/home/vboxuser/ros2_iron/install/ament_pycodestyle:/home/vboxuser/ros2_iron/install/ament_pep257:/home/vboxuser/ros2_iron/install/ament_pclint:/home/vboxuser/ros2_iron/install/ament_package:/home/vboxuser/ros2_iron/install/ament_mypy:/home/vboxuser/ros2_iron/install/ament_lint_cmake:/home/vboxuser/ros2_iron/install/ament_flake8:/home/vboxuser/ros2_iron/install/ament_copyright:/home/vboxuser/ros2_iron/install/ament_lint:/home/vboxuser/ros2_iron/install/ament_index_python:/home/vboxuser/ros2_iron/install/ament_cpplint:/home/vboxuser/ros2_iron/install/ament_cppcheck:/home/vboxuser/ros2_iron/install/ament_clang_tidy:/home/vboxuser/ros2_iron/install/ament_clang_format /usr/bin/cmake --build /home/vboxuser/ros2_ws/build/examples_rclcpp_minimal_action_client -- -j4 -l4
[3.490s] DEBUG:colcon.colcon_core.event_handler.log_command:Invoking command in '/home/vboxuser/ros2_ws/build/examples_rclcpp_minimal_action_client': CMAKE_PREFIX_PATH=${CMAKE_PREFIX_PATH}:/home/vboxuser/ros2_ws/install/read_rosbag:/home/vboxuser/ros2_ws/install/py_pubsub:/home/vboxuser/ros2_ws/install/launch_testing_examples:/home/vboxuser/ros2_ws/install/examples_rclpy_pointcloud_publisher:/home/vboxuser/ros2_ws/install/examples_rclpy_minimal_subscriber:/home/vboxuser/ros2_ws/install/examples_rclpy_minimal_service:/home/vboxuser/ros2_ws/install/examples_rclpy_minimal_publisher:/home/vboxuser/ros2_ws/install/examples_rclpy_minimal_client:/home/vboxuser/ros2_ws/install/examples_rclpy_minimal_action_server:/home/vboxuser/ros2_ws/install/examples_rclpy_minimal_action_client:/home/vboxuser/ros2_ws/install/examples_rclpy_guard_conditions:/home/vboxuser/ros2_ws/install/examples_rclpy_executors:/home/vboxuser/ros2_ws/install/bms_visualizer:/opt/ros/iron:/home/vboxuser/ros2_iron/install/rqt_bag_plugins:/home/vboxuser/ros2_iron/install/rqt_bag:/home/vboxuser/ros2_iron/install/rosbag2_examples_py:/home/vboxuser/ros2_iron/install/launch_testing_examples:/home/vboxuser/ros2_iron/install/ros2bag:/home/vboxuser/ros2_iron/install/tracetools_test:/home/vboxuser/ros2_iron/install/tracetools_launch:/home/vboxuser/ros2_iron/install/topic_monitor:/home/vboxuser/ros2_iron/install/tf2_tools:/home/vboxuser/ros2_iron/install/examples_tf2_py:/home/vboxuser/ros2_iron/install/tf2_ros_py:/home/vboxuser/ros2_iron/install/examples_rclpy_pointcloud_publisher:/home/vboxuser/ros2_iron/install/sensor_msgs_py:/home/vboxuser/ros2_iron/install/quality_of_service_demo_py:/home/vboxuser/ros2_iron/install/rqt_plot:/home/vboxuser/ros2_iron/install/ros2doctor:/home/vboxuser/ros2_iron/install/lifecycle_py:/home/vboxuser/ros2_iron/install/examples_rclpy_minimal_subscriber:/home/vboxuser/ros2_iron/install/examples_rclpy_minimal_service:/home/vboxuser/ros2_iron/install/examples_rclpy_minimal_publisher:/home/vboxuser/ros2_iron/install/examples_rclpy_minimal_client:/home/vboxuser/ros2_iron/install/examples_rclpy_executors:/home/vboxuser/ros2_iron/install/demo_nodes_py:/home/vboxuser/ros2_iron/install/rqt:/home/vboxuser/ros2_iron/install/ros2component:/home/vboxuser/ros2_iron/install/sros2:/home/vboxuser/ros2_iron/install/rqt_topic:/home/vboxuser/ros2_iron/install/rqt_srv:/home/vboxuser/ros2_iron/install/rqt_shell:/home/vboxuser/ros2_iron/install/rqt_service_caller:/home/vboxuser/ros2_iron/install/rqt_reconfigure:/home/vboxuser/ros2_iron/install/rqt_py_console:/home/vboxuser/ros2_iron/install/rqt_publisher:/home/vboxuser/ros2_iron/install/rqt_action:/home/vboxuser/ros2_iron/install/rqt_msg:/home/vboxuser/ros2_iron/install/rqt_console:/home/vboxuser/ros2_iron/install/rqt_graph:/home/vboxuser/ros2_iron/install/rqt_gui_py:/home/vboxuser/ros2_iron/install/rqt_gui:/home/vboxuser/ros2_iron/install/ros2trace:/home/vboxuser/ros2_iron/install/ros2topic:/home/vboxuser/ros2_iron/install/ros2test:/home/vboxuser/ros2_iron/install/ros2param:/home/vboxuser/ros2_iron/install/ros2lifecycle:/home/vboxuser/ros2_iron/install/ros2service:/home/vboxuser/ros2_iron/install/ros2run:/home/vboxuser/ros2_iron/install/ros2launch:/home/vboxuser/ros2_iron/install/ros2pkg:/home/vboxuser/ros2_iron/install/ros2node:/home/vboxuser/ros2_iron/install/ros2multicast:/home/vboxuser/ros2_iron/install/ros2interface:/home/vboxuser/ros2_iron/install/ros2action:/home/vboxuser/ros2_iron/install/ros2cli:/home/vboxuser/ros2_iron/install/launch_testing_ros:/home/vboxuser/ros2_iron/install/launch_ros:/home/vboxuser/ros2_iron/install/examples_rclpy_minimal_action_server:/home/vboxuser/ros2_iron/install/examples_rclpy_minimal_action_client:/home/vboxuser/ros2_iron/install/examples_rclpy_guard_conditions:/home/vboxuser/ros2_iron/install/action_tutorials_py:/home/vboxuser/ros2_iron/install/ament_uncrustify:/home/vboxuser/ros2_iron/install/tracetools_trace:/home/vboxuser/ros2_iron/install/tracetools_read:/home/vboxuser/ros2_iron/install/test_tracetools_launch:/home/vboxuser/ros2_iron/install/test_ros2trace:/home/vboxuser/ros2_iron/install/test_launch_ros:/home/vboxuser/ros2_iron/install/rpyutils:/home/vboxuser/ros2_iron/install/rosidl_runtime_py:/home/vboxuser/ros2_iron/install/rosidl_pycommon:/home/vboxuser/ros2_iron/install/rosidl_cli:/home/vboxuser/ros2_iron/install/launch_pytest:/home/vboxuser/ros2_iron/install/launch_testing:/home/vboxuser/ros2_iron/install/launch_yaml:/home/vboxuser/ros2_iron/install/launch_xml:/home/vboxuser/ros2_iron/install/launch:/home/vboxuser/ros2_iron/install/osrf_pycommon:/home/vboxuser/ros2_iron/install/domain_coordinator:/home/vboxuser/ros2_iron/install/ament_xmllint:/home/vboxuser/ros2_iron/install/ament_pyflakes:/home/vboxuser/ros2_iron/install/ament_pycodestyle:/home/vboxuser/ros2_iron/install/ament_pep257:/home/vboxuser/ros2_iron/install/ament_pclint:/home/vboxuser/ros2_iron/install/ament_package:/home/vboxuser/ros2_iron/install/ament_mypy:/home/vboxuser/ros2_iron/install/ament_lint_cmake:/home/vboxuser/ros2_iron/install/ament_flake8:/home/vboxuser/ros2_iron/install/ament_copyright:/home/vboxuser/ros2_iron/install/ament_lint:/home/vboxuser/ros2_iron/install/ament_index_python:/home/vboxuser/ros2_iron/install/ament_cpplint:/home/vboxuser/ros2_iron/install/ament_cppcheck:/home/vboxuser/ros2_iron/install/ament_clang_tidy:/home/vboxuser/ros2_iron/install/ament_clang_format /usr/bin/cmake --install /home/vboxuser/ros2_ws/build/examples_rclcpp_minimal_action_client
[3.491s] DEBUG:colcon.colcon_core.event_handler.log_command:Invoked command in '/home/vboxuser/ros2_ws/build/examples_rclcpp_minimal_client' returned '0': CMAKE_PREFIX_PATH=${CMAKE_PREFIX_PATH}:/home/vboxuser/ros2_ws/install/read_rosbag:/home/vboxuser/ros2_ws/install/py_pubsub:/home/vboxuser/ros2_ws/install/launch_testing_examples:/home/vboxuser/ros2_ws/install/examples_rclpy_pointcloud_publisher:/home/vboxuser/ros2_ws/install/examples_rclpy_minimal_subscriber:/home/vboxuser/ros2_ws/install/examples_rclpy_minimal_service:/home/vboxuser/ros2_ws/install/examples_rclpy_minimal_publisher:/home/vboxuser/ros2_ws/install/examples_rclpy_minimal_client:/home/vboxuser/ros2_ws/install/examples_rclpy_minimal_action_server:/home/vboxuser/ros2_ws/install/examples_rclpy_minimal_action_client:/home/vboxuser/ros2_ws/install/examples_rclpy_guard_conditions:/home/vboxuser/ros2_ws/install/examples_rclpy_executors:/home/vboxuser/ros2_ws/install/bms_visualizer:/opt/ros/iron:/home/vboxuser/ros2_iron/install/rqt_bag_plugins:/home/vboxuser/ros2_iron/install/rqt_bag:/home/vboxuser/ros2_iron/install/rosbag2_examples_py:/home/vboxuser/ros2_iron/install/launch_testing_examples:/home/vboxuser/ros2_iron/install/ros2bag:/home/vboxuser/ros2_iron/install/tracetools_test:/home/vboxuser/ros2_iron/install/tracetools_launch:/home/vboxuser/ros2_iron/install/topic_monitor:/home/vboxuser/ros2_iron/install/tf2_tools:/home/vboxuser/ros2_iron/install/examples_tf2_py:/home/vboxuser/ros2_iron/install/tf2_ros_py:/home/vboxuser/ros2_iron/install/examples_rclpy_pointcloud_publisher:/home/vboxuser/ros2_iron/install/sensor_msgs_py:/home/vboxuser/ros2_iron/install/quality_of_service_demo_py:/home/vboxuser/ros2_iron/install/rqt_plot:/home/vboxuser/ros2_iron/install/ros2doctor:/home/vboxuser/ros2_iron/install/lifecycle_py:/home/vboxuser/ros2_iron/install/examples_rclpy_minimal_subscriber:/home/vboxuser/ros2_iron/install/examples_rclpy_minimal_service:/home/vboxuser/ros2_iron/install/examples_rclpy_minimal_publisher:/home/vboxuser/ros2_iron/install/examples_rclpy_minimal_client:/home/vboxuser/ros2_iron/install/examples_rclpy_executors:/home/vboxuser/ros2_iron/install/demo_nodes_py:/home/vboxuser/ros2_iron/install/rqt:/home/vboxuser/ros2_iron/install/ros2component:/home/vboxuser/ros2_iron/install/sros2:/home/vboxuser/ros2_iron/install/rqt_topic:/home/vboxuser/ros2_iron/install/rqt_srv:/home/vboxuser/ros2_iron/install/rqt_shell:/home/vboxuser/ros2_iron/install/rqt_service_caller:/home/vboxuser/ros2_iron/install/rqt_reconfigure:/home/vboxuser/ros2_iron/install/rqt_py_console:/home/vboxuser/ros2_iron/install/rqt_publisher:/home/vboxuser/ros2_iron/install/rqt_action:/home/vboxuser/ros2_iron/install/rqt_msg:/home/vboxuser/ros2_iron/install/rqt_console:/home/vboxuser/ros2_iron/install/rqt_graph:/home/vboxuser/ros2_iron/install/rqt_gui_py:/home/vboxuser/ros2_iron/install/rqt_gui:/home/vboxuser/ros2_iron/install/ros2trace:/home/vboxuser/ros2_iron/install/ros2topic:/home/vboxuser/ros2_iron/install/ros2test:/home/vboxuser/ros2_iron/install/ros2param:/home/vboxuser/ros2_iron/install/ros2lifecycle:/home/vboxuser/ros2_iron/install/ros2service:/home/vboxuser/ros2_iron/install/ros2run:/home/vboxuser/ros2_iron/install/ros2launch:/home/vboxuser/ros2_iron/install/ros2pkg:/home/vboxuser/ros2_iron/install/ros2node:/home/vboxuser/ros2_iron/install/ros2multicast:/home/vboxuser/ros2_iron/install/ros2interface:/home/vboxuser/ros2_iron/install/ros2action:/home/vboxuser/ros2_iron/install/ros2cli:/home/vboxuser/ros2_iron/install/launch_testing_ros:/home/vboxuser/ros2_iron/install/launch_ros:/home/vboxuser/ros2_iron/install/examples_rclpy_minimal_action_server:/home/vboxuser/ros2_iron/install/examples_rclpy_minimal_action_client:/home/vboxuser/ros2_iron/install/examples_rclpy_guard_conditions:/home/vboxuser/ros2_iron/install/action_tutorials_py:/home/vboxuser/ros2_iron/install/ament_uncrustify:/home/vboxuser/ros2_iron/install/tracetools_trace:/home/vboxuser/ros2_iron/install/tracetools_read:/home/vboxuser/ros2_iron/install/test_tracetools_launch:/home/vboxuser/ros2_iron/install/test_ros2trace:/home/vboxuser/ros2_iron/install/test_launch_ros:/home/vboxuser/ros2_iron/install/rpyutils:/home/vboxuser/ros2_iron/install/rosidl_runtime_py:/home/vboxuser/ros2_iron/install/rosidl_pycommon:/home/vboxuser/ros2_iron/install/rosidl_cli:/home/vboxuser/ros2_iron/install/launch_pytest:/home/vboxuser/ros2_iron/install/launch_testing:/home/vboxuser/ros2_iron/install/launch_yaml:/home/vboxuser/ros2_iron/install/launch_xml:/home/vboxuser/ros2_iron/install/launch:/home/vboxuser/ros2_iron/install/osrf_pycommon:/home/vboxuser/ros2_iron/install/domain_coordinator:/home/vboxuser/ros2_iron/install/ament_xmllint:/home/vboxuser/ros2_iron/install/ament_pyflakes:/home/vboxuser/ros2_iron/install/ament_pycodestyle:/home/vboxuser/ros2_iron/install/ament_pep257:/home/vboxuser/ros2_iron/install/ament_pclint:/home/vboxuser/ros2_iron/install/ament_package:/home/vboxuser/ros2_iron/install/ament_mypy:/home/vboxuser/ros2_iron/install/ament_lint_cmake:/home/vboxuser/ros2_iron/install/ament_flake8:/home/vboxuser/ros2_iron/install/ament_copyright:/home/vboxuser/ros2_iron/install/ament_lint:/home/vboxuser/ros2_iron/install/ament_index_python:/home/vboxuser/ros2_iron/install/ament_cpplint:/home/vboxuser/ros2_iron/install/ament_cppcheck:/home/vboxuser/ros2_iron/install/ament_clang_tidy:/home/vboxuser/ros2_iron/install/ament_clang_format /usr/bin/cmake --build /home/vboxuser/ros2_ws/build/examples_rclcpp_minimal_client -- -j4 -l4
[3.496s] DEBUG:colcon.colcon_core.event_handler.log_command:Invoking command in '/home/vboxuser/ros2_ws/build/examples_rclcpp_minimal_client': CMAKE_PREFIX_PATH=${CMAKE_PREFIX_PATH}:/home/vboxuser/ros2_ws/install/read_rosbag:/home/vboxuser/ros2_ws/install/py_pubsub:/home/vboxuser/ros2_ws/install/launch_testing_examples:/home/vboxuser/ros2_ws/install/examples_rclpy_pointcloud_publisher:/home/vboxuser/ros2_ws/install/examples_rclpy_minimal_subscriber:/home/vboxuser/ros2_ws/install/examples_rclpy_minimal_service:/home/vboxuser/ros2_ws/install/examples_rclpy_minimal_publisher:/home/vboxuser/ros2_ws/install/examples_rclpy_minimal_client:/home/vboxuser/ros2_ws/install/examples_rclpy_minimal_action_server:/home/vboxuser/ros2_ws/install/examples_rclpy_minimal_action_client:/home/vboxuser/ros2_ws/install/examples_rclpy_guard_conditions:/home/vboxuser/ros2_ws/install/examples_rclpy_executors:/home/vboxuser/ros2_ws/install/bms_visualizer:/opt/ros/iron:/home/vboxuser/ros2_iron/install/rqt_bag_plugins:/home/vboxuser/ros2_iron/install/rqt_bag:/home/vboxuser/ros2_iron/install/rosbag2_examples_py:/home/vboxuser/ros2_iron/install/launch_testing_examples:/home/vboxuser/ros2_iron/install/ros2bag:/home/vboxuser/ros2_iron/install/tracetools_test:/home/vboxuser/ros2_iron/install/tracetools_launch:/home/vboxuser/ros2_iron/install/topic_monitor:/home/vboxuser/ros2_iron/install/tf2_tools:/home/vboxuser/ros2_iron/install/examples_tf2_py:/home/vboxuser/ros2_iron/install/tf2_ros_py:/home/vboxuser/ros2_iron/install/examples_rclpy_pointcloud_publisher:/home/vboxuser/ros2_iron/install/sensor_msgs_py:/home/vboxuser/ros2_iron/install/quality_of_service_demo_py:/home/vboxuser/ros2_iron/install/rqt_plot:/home/vboxuser/ros2_iron/install/ros2doctor:/home/vboxuser/ros2_iron/install/lifecycle_py:/home/vboxuser/ros2_iron/install/examples_rclpy_minimal_subscriber:/home/vboxuser/ros2_iron/install/examples_rclpy_minimal_service:/home/vboxuser/ros2_iron/install/examples_rclpy_minimal_publisher:/home/vboxuser/ros2_iron/install/examples_rclpy_minimal_client:/home/vboxuser/ros2_iron/install/examples_rclpy_executors:/home/vboxuser/ros2_iron/install/demo_nodes_py:/home/vboxuser/ros2_iron/install/rqt:/home/vboxuser/ros2_iron/install/ros2component:/home/vboxuser/ros2_iron/install/sros2:/home/vboxuser/ros2_iron/install/rqt_topic:/home/vboxuser/ros2_iron/install/rqt_srv:/home/vboxuser/ros2_iron/install/rqt_shell:/home/vboxuser/ros2_iron/install/rqt_service_caller:/home/vboxuser/ros2_iron/install/rqt_reconfigure:/home/vboxuser/ros2_iron/install/rqt_py_console:/home/vboxuser/ros2_iron/install/rqt_publisher:/home/vboxuser/ros2_iron/install/rqt_action:/home/vboxuser/ros2_iron/install/rqt_msg:/home/vboxuser/ros2_iron/install/rqt_console:/home/vboxuser/ros2_iron/install/rqt_graph:/home/vboxuser/ros2_iron/install/rqt_gui_py:/home/vboxuser/ros2_iron/install/rqt_gui:/home/vboxuser/ros2_iron/install/ros2trace:/home/vboxuser/ros2_iron/install/ros2topic:/home/vboxuser/ros2_iron/install/ros2test:/home/vboxuser/ros2_iron/install/ros2param:/home/vboxuser/ros2_iron/install/ros2lifecycle:/home/vboxuser/ros2_iron/install/ros2service:/home/vboxuser/ros2_iron/install/ros2run:/home/vboxuser/ros2_iron/install/ros2launch:/home/vboxuser/ros2_iron/install/ros2pkg:/home/vboxuser/ros2_iron/install/ros2node:/home/vboxuser/ros2_iron/install/ros2multicast:/home/vboxuser/ros2_iron/install/ros2interface:/home/vboxuser/ros2_iron/install/ros2action:/home/vboxuser/ros2_iron/install/ros2cli:/home/vboxuser/ros2_iron/install/launch_testing_ros:/home/vboxuser/ros2_iron/install/launch_ros:/home/vboxuser/ros2_iron/install/examples_rclpy_minimal_action_server:/home/vboxuser/ros2_iron/install/examples_rclpy_minimal_action_client:/home/vboxuser/ros2_iron/install/examples_rclpy_guard_conditions:/home/vboxuser/ros2_iron/install/action_tutorials_py:/home/vboxuser/ros2_iron/install/ament_uncrustify:/home/vboxuser/ros2_iron/install/tracetools_trace:/home/vboxuser/ros2_iron/install/tracetools_read:/home/vboxuser/ros2_iron/install/test_tracetools_launch:/home/vboxuser/ros2_iron/install/test_ros2trace:/home/vboxuser/ros2_iron/install/test_launch_ros:/home/vboxuser/ros2_iron/install/rpyutils:/home/vboxuser/ros2_iron/install/rosidl_runtime_py:/home/vboxuser/ros2_iron/install/rosidl_pycommon:/home/vboxuser/ros2_iron/install/rosidl_cli:/home/vboxuser/ros2_iron/install/launch_pytest:/home/vboxuser/ros2_iron/install/launch_testing:/home/vboxuser/ros2_iron/install/launch_yaml:/home/vboxuser/ros2_iron/install/launch_xml:/home/vboxuser/ros2_iron/install/launch:/home/vboxuser/ros2_iron/install/osrf_pycommon:/home/vboxuser/ros2_iron/install/domain_coordinator:/home/vboxuser/ros2_iron/install/ament_xmllint:/home/vboxuser/ros2_iron/install/ament_pyflakes:/home/vboxuser/ros2_iron/install/ament_pycodestyle:/home/vboxuser/ros2_iron/install/ament_pep257:/home/vboxuser/ros2_iron/install/ament_pclint:/home/vboxuser/ros2_iron/install/ament_package:/home/vboxuser/ros2_iron/install/ament_mypy:/home/vboxuser/ros2_iron/install/ament_lint_cmake:/home/vboxuser/ros2_iron/install/ament_flake8:/home/vboxuser/ros2_iron/install/ament_copyright:/home/vboxuser/ros2_iron/install/ament_lint:/home/vboxuser/ros2_iron/install/ament_index_python:/home/vboxuser/ros2_iron/install/ament_cpplint:/home/vboxuser/ros2_iron/install/ament_cppcheck:/home/vboxuser/ros2_iron/install/ament_clang_tidy:/home/vboxuser/ros2_iron/install/ament_clang_format /usr/bin/cmake --install /home/vboxuser/ros2_ws/build/examples_rclcpp_minimal_client
[3.542s] DEBUG:colcon.colcon_core.event_handler.log_command:Invoking command in '/home/vboxuser/ros2_ws/build/examples_rclcpp_minimal_composition': CMAKE_PREFIX_PATH=${CMAKE_PREFIX_PATH}:/home/vboxuser/ros2_ws/install/read_rosbag:/home/vboxuser/ros2_ws/install/py_pubsub:/home/vboxuser/ros2_ws/install/launch_testing_examples:/home/vboxuser/ros2_ws/install/examples_rclpy_pointcloud_publisher:/home/vboxuser/ros2_ws/install/examples_rclpy_minimal_subscriber:/home/vboxuser/ros2_ws/install/examples_rclpy_minimal_service:/home/vboxuser/ros2_ws/install/examples_rclpy_minimal_publisher:/home/vboxuser/ros2_ws/install/examples_rclpy_minimal_client:/home/vboxuser/ros2_ws/install/examples_rclpy_minimal_action_server:/home/vboxuser/ros2_ws/install/examples_rclpy_minimal_action_client:/home/vboxuser/ros2_ws/install/examples_rclpy_guard_conditions:/home/vboxuser/ros2_ws/install/examples_rclpy_executors:/home/vboxuser/ros2_ws/install/bms_visualizer:/opt/ros/iron:/home/vboxuser/ros2_iron/install/rqt_bag_plugins:/home/vboxuser/ros2_iron/install/rqt_bag:/home/vboxuser/ros2_iron/install/rosbag2_examples_py:/home/vboxuser/ros2_iron/install/launch_testing_examples:/home/vboxuser/ros2_iron/install/ros2bag:/home/vboxuser/ros2_iron/install/tracetools_test:/home/vboxuser/ros2_iron/install/tracetools_launch:/home/vboxuser/ros2_iron/install/topic_monitor:/home/vboxuser/ros2_iron/install/tf2_tools:/home/vboxuser/ros2_iron/install/examples_tf2_py:/home/vboxuser/ros2_iron/install/tf2_ros_py:/home/vboxuser/ros2_iron/install/examples_rclpy_pointcloud_publisher:/home/vboxuser/ros2_iron/install/sensor_msgs_py:/home/vboxuser/ros2_iron/install/quality_of_service_demo_py:/home/vboxuser/ros2_iron/install/rqt_plot:/home/vboxuser/ros2_iron/install/ros2doctor:/home/vboxuser/ros2_iron/install/lifecycle_py:/home/vboxuser/ros2_iron/install/examples_rclpy_minimal_subscriber:/home/vboxuser/ros2_iron/install/examples_rclpy_minimal_service:/home/vboxuser/ros2_iron/install/examples_rclpy_minimal_publisher:/home/vboxuser/ros2_iron/install/examples_rclpy_minimal_client:/home/vboxuser/ros2_iron/install/examples_rclpy_executors:/home/vboxuser/ros2_iron/install/demo_nodes_py:/home/vboxuser/ros2_iron/install/rqt:/home/vboxuser/ros2_iron/install/ros2component:/home/vboxuser/ros2_iron/install/sros2:/home/vboxuser/ros2_iron/install/rqt_topic:/home/vboxuser/ros2_iron/install/rqt_srv:/home/vboxuser/ros2_iron/install/rqt_shell:/home/vboxuser/ros2_iron/install/rqt_service_caller:/home/vboxuser/ros2_iron/install/rqt_reconfigure:/home/vboxuser/ros2_iron/install/rqt_py_console:/home/vboxuser/ros2_iron/install/rqt_publisher:/home/vboxuser/ros2_iron/install/rqt_action:/home/vboxuser/ros2_iron/install/rqt_msg:/home/vboxuser/ros2_iron/install/rqt_console:/home/vboxuser/ros2_iron/install/rqt_graph:/home/vboxuser/ros2_iron/install/rqt_gui_py:/home/vboxuser/ros2_iron/install/rqt_gui:/home/vboxuser/ros2_iron/install/ros2trace:/home/vboxuser/ros2_iron/install/ros2topic:/home/vboxuser/ros2_iron/install/ros2test:/home/vboxuser/ros2_iron/install/ros2param:/home/vboxuser/ros2_iron/install/ros2lifecycle:/home/vboxuser/ros2_iron/install/ros2service:/home/vboxuser/ros2_iron/install/ros2run:/home/vboxuser/ros2_iron/install/ros2launch:/home/vboxuser/ros2_iron/install/ros2pkg:/home/vboxuser/ros2_iron/install/ros2node:/home/vboxuser/ros2_iron/install/ros2multicast:/home/vboxuser/ros2_iron/install/ros2interface:/home/vboxuser/ros2_iron/install/ros2action:/home/vboxuser/ros2_iron/install/ros2cli:/home/vboxuser/ros2_iron/install/launch_testing_ros:/home/vboxuser/ros2_iron/install/launch_ros:/home/vboxuser/ros2_iron/install/examples_rclpy_minimal_action_server:/home/vboxuser/ros2_iron/install/examples_rclpy_minimal_action_client:/home/vboxuser/ros2_iron/install/examples_rclpy_guard_conditions:/home/vboxuser/ros2_iron/install/action_tutorials_py:/home/vboxuser/ros2_iron/install/ament_uncrustify:/home/vboxuser/ros2_iron/install/tracetools_trace:/home/vboxuser/ros2_iron/install/tracetools_read:/home/vboxuser/ros2_iron/install/test_tracetools_launch:/home/vboxuser/ros2_iron/install/test_ros2trace:/home/vboxuser/ros2_iron/install/test_launch_ros:/home/vboxuser/ros2_iron/install/rpyutils:/home/vboxuser/ros2_iron/install/rosidl_runtime_py:/home/vboxuser/ros2_iron/install/rosidl_pycommon:/home/vboxuser/ros2_iron/install/rosidl_cli:/home/vboxuser/ros2_iron/install/launch_pytest:/home/vboxuser/ros2_iron/install/launch_testing:/home/vboxuser/ros2_iron/install/launch_yaml:/home/vboxuser/ros2_iron/install/launch_xml:/home/vboxuser/ros2_iron/install/launch:/home/vboxuser/ros2_iron/install/osrf_pycommon:/home/vboxuser/ros2_iron/install/domain_coordinator:/home/vboxuser/ros2_iron/install/ament_xmllint:/home/vboxuser/ros2_iron/install/ament_pyflakes:/home/vboxuser/ros2_iron/install/ament_pycodestyle:/home/vboxuser/ros2_iron/install/ament_pep257:/home/vboxuser/ros2_iron/install/ament_pclint:/home/vboxuser/ros2_iron/install/ament_package:/home/vboxuser/ros2_iron/install/ament_mypy:/home/vboxuser/ros2_iron/install/ament_lint_cmake:/home/vboxuser/ros2_iron/install/ament_flake8:/home/vboxuser/ros2_iron/install/ament_copyright:/home/vboxuser/ros2_iron/install/ament_lint:/home/vboxuser/ros2_iron/install/ament_index_python:/home/vboxuser/ros2_iron/install/ament_cpplint:/home/vboxuser/ros2_iron/install/ament_cppcheck:/home/vboxuser/ros2_iron/install/ament_clang_tidy:/home/vboxuser/ros2_iron/install/ament_clang_format /usr/bin/cmake --build /home/vboxuser/ros2_ws/build/examples_rclcpp_minimal_composition -- -j4 -l4
[3.552s] Level 1:colcon.colcon_core.environment:create_environment_scripts_only(examples_rclcpp_minimal_action_client)
[3.553s] Level 1:colcon.colcon_core.environment:checking '/home/vboxuser/ros2_ws/install/examples_rclcpp_minimal_action_client' for CMake module files
[3.555s] Level 1:colcon.colcon_core.environment:checking '/home/vboxuser/ros2_ws/install/examples_rclcpp_minimal_action_client' for CMake config files
[3.555s] Level 1:colcon.colcon_core.shell:create_environment_hook('examples_rclcpp_minimal_action_client', 'cmake_prefix_path')
[3.555s] INFO:colcon.colcon_core.shell:Creating environment hook '/home/vboxuser/ros2_ws/install/examples_rclcpp_minimal_action_client/share/examples_rclcpp_minimal_action_client/hook/cmake_prefix_path.ps1'
[3.554s] DEBUG:colcon.colcon_core.event_handler.log_command:Invoked command in '/home/vboxuser/ros2_ws/build/examples_rclcpp_minimal_action_client' returned '0': CMAKE_PREFIX_PATH=${CMAKE_PREFIX_PATH}:/home/vboxuser/ros2_ws/install/read_rosbag:/home/vboxuser/ros2_ws/install/py_pubsub:/home/vboxuser/ros2_ws/install/launch_testing_examples:/home/vboxuser/ros2_ws/install/examples_rclpy_pointcloud_publisher:/home/vboxuser/ros2_ws/install/examples_rclpy_minimal_subscriber:/home/vboxuser/ros2_ws/install/examples_rclpy_minimal_service:/home/vboxuser/ros2_ws/install/examples_rclpy_minimal_publisher:/home/vboxuser/ros2_ws/install/examples_rclpy_minimal_client:/home/vboxuser/ros2_ws/install/examples_rclpy_minimal_action_server:/home/vboxuser/ros2_ws/install/examples_rclpy_minimal_action_client:/home/vboxuser/ros2_ws/install/examples_rclpy_guard_conditions:/home/vboxuser/ros2_ws/install/examples_rclpy_executors:/home/vboxuser/ros2_ws/install/bms_visualizer:/opt/ros/iron:/home/vboxuser/ros2_iron/install/rqt_bag_plugins:/home/vboxuser/ros2_iron/install/rqt_bag:/home/vboxuser/ros2_iron/install/rosbag2_examples_py:/home/vboxuser/ros2_iron/install/launch_testing_examples:/home/vboxuser/ros2_iron/install/ros2bag:/home/vboxuser/ros2_iron/install/tracetools_test:/home/vboxuser/ros2_iron/install/tracetools_launch:/home/vboxuser/ros2_iron/install/topic_monitor:/home/vboxuser/ros2_iron/install/tf2_tools:/home/vboxuser/ros2_iron/install/examples_tf2_py:/home/vboxuser/ros2_iron/install/tf2_ros_py:/home/vboxuser/ros2_iron/install/examples_rclpy_pointcloud_publisher:/home/vboxuser/ros2_iron/install/sensor_msgs_py:/home/vboxuser/ros2_iron/install/quality_of_service_demo_py:/home/vboxuser/ros2_iron/install/rqt_plot:/home/vboxuser/ros2_iron/install/ros2doctor:/home/vboxuser/ros2_iron/install/lifecycle_py:/home/vboxuser/ros2_iron/install/examples_rclpy_minimal_subscriber:/home/vboxuser/ros2_iron/install/examples_rclpy_minimal_service:/home/vboxuser/ros2_iron/install/examples_rclpy_minimal_publisher:/home/vboxuser/ros2_iron/install/examples_rclpy_minimal_client:/home/vboxuser/ros2_iron/install/examples_rclpy_executors:/home/vboxuser/ros2_iron/install/demo_nodes_py:/home/vboxuser/ros2_iron/install/rqt:/home/vboxuser/ros2_iron/install/ros2component:/home/vboxuser/ros2_iron/install/sros2:/home/vboxuser/ros2_iron/install/rqt_topic:/home/vboxuser/ros2_iron/install/rqt_srv:/home/vboxuser/ros2_iron/install/rqt_shell:/home/vboxuser/ros2_iron/install/rqt_service_caller:/home/vboxuser/ros2_iron/install/rqt_reconfigure:/home/vboxuser/ros2_iron/install/rqt_py_console:/home/vboxuser/ros2_iron/install/rqt_publisher:/home/vboxuser/ros2_iron/install/rqt_action:/home/vboxuser/ros2_iron/install/rqt_msg:/home/vboxuser/ros2_iron/install/rqt_console:/home/vboxuser/ros2_iron/install/rqt_graph:/home/vboxuser/ros2_iron/install/rqt_gui_py:/home/vboxuser/ros2_iron/install/rqt_gui:/home/vboxuser/ros2_iron/install/ros2trace:/home/vboxuser/ros2_iron/install/ros2topic:/home/vboxuser/ros2_iron/install/ros2test:/home/vboxuser/ros2_iron/install/ros2param:/home/vboxuser/ros2_iron/install/ros2lifecycle:/home/vboxuser/ros2_iron/install/ros2service:/home/vboxuser/ros2_iron/install/ros2run:/home/vboxuser/ros2_iron/install/ros2launch:/home/vboxuser/ros2_iron/install/ros2pkg:/home/vboxuser/ros2_iron/install/ros2node:/home/vboxuser/ros2_iron/install/ros2multicast:/home/vboxuser/ros2_iron/install/ros2interface:/home/vboxuser/ros2_iron/install/ros2action:/home/vboxuser/ros2_iron/install/ros2cli:/home/vboxuser/ros2_iron/install/launch_testing_ros:/home/vboxuser/ros2_iron/install/launch_ros:/home/vboxuser/ros2_iron/install/examples_rclpy_minimal_action_server:/home/vboxuser/ros2_iron/install/examples_rclpy_minimal_action_client:/home/vboxuser/ros2_iron/install/examples_rclpy_guard_conditions:/home/vboxuser/ros2_iron/install/action_tutorials_py:/home/vboxuser/ros2_iron/install/ament_uncrustify:/home/vboxuser/ros2_iron/install/tracetools_trace:/home/vboxuser/ros2_iron/install/tracetools_read:/home/vboxuser/ros2_iron/install/test_tracetools_launch:/home/vboxuser/ros2_iron/install/test_ros2trace:/home/vboxuser/ros2_iron/install/test_launch_ros:/home/vboxuser/ros2_iron/install/rpyutils:/home/vboxuser/ros2_iron/install/rosidl_runtime_py:/home/vboxuser/ros2_iron/install/rosidl_pycommon:/home/vboxuser/ros2_iron/install/rosidl_cli:/home/vboxuser/ros2_iron/install/launch_pytest:/home/vboxuser/ros2_iron/install/launch_testing:/home/vboxuser/ros2_iron/install/launch_yaml:/home/vboxuser/ros2_iron/install/launch_xml:/home/vboxuser/ros2_iron/install/launch:/home/vboxuser/ros2_iron/install/osrf_pycommon:/home/vboxuser/ros2_iron/install/domain_coordinator:/home/vboxuser/ros2_iron/install/ament_xmllint:/home/vboxuser/ros2_iron/install/ament_pyflakes:/home/vboxuser/ros2_iron/install/ament_pycodestyle:/home/vboxuser/ros2_iron/install/ament_pep257:/home/vboxuser/ros2_iron/install/ament_pclint:/home/vboxuser/ros2_iron/install/ament_package:/home/vboxuser/ros2_iron/install/ament_mypy:/home/vboxuser/ros2_iron/install/ament_lint_cmake:/home/vboxuser/ros2_iron/install/ament_flake8:/home/vboxuser/ros2_iron/install/ament_copyright:/home/vboxuser/ros2_iron/install/ament_lint:/home/vboxuser/ros2_iron/install/ament_index_python:/home/vboxuser/ros2_iron/install/ament_cpplint:/home/vboxuser/ros2_iron/install/ament_cppcheck:/home/vboxuser/ros2_iron/install/ament_clang_tidy:/home/vboxuser/ros2_iron/install/ament_clang_format /usr/bin/cmake --install /home/vboxuser/ros2_ws/build/examples_rclcpp_minimal_action_client
[3.559s] INFO:colcon.colcon_core.shell:Creating environment descriptor '/home/vboxuser/ros2_ws/install/examples_rclcpp_minimal_action_client/share/examples_rclcpp_minimal_action_client/hook/cmake_prefix_path.dsv'
[3.562s] INFO:colcon.colcon_core.shell:Creating environment hook '/home/vboxuser/ros2_ws/install/examples_rclcpp_minimal_action_client/share/examples_rclcpp_minimal_action_client/hook/cmake_prefix_path.sh'
[3.564s] Level 1:colcon.colcon_core.environment:checking '/home/vboxuser/ros2_ws/install/examples_rclcpp_minimal_action_client/lib'
[3.565s] Level 1:colcon.colcon_core.environment:checking '/home/vboxuser/ros2_ws/install/examples_rclcpp_minimal_action_client/bin'
[3.565s] Level 1:colcon.colcon_core.environment:checking '/home/vboxuser/ros2_ws/install/examples_rclcpp_minimal_action_client/lib/pkgconfig/examples_rclcpp_minimal_action_client.pc'
[3.565s] Level 1:colcon.colcon_core.environment:checking '/home/vboxuser/ros2_ws/install/examples_rclcpp_minimal_action_client/lib/python3.10/site-packages'
[3.565s] Level 1:colcon.colcon_core.environment:checking '/home/vboxuser/ros2_ws/install/examples_rclcpp_minimal_action_client/bin'
[3.566s] INFO:colcon.colcon_core.shell:Creating package script '/home/vboxuser/ros2_ws/install/examples_rclcpp_minimal_action_client/share/examples_rclcpp_minimal_action_client/package.ps1'
[3.566s] INFO:colcon.colcon_core.shell:Creating package descriptor '/home/vboxuser/ros2_ws/install/examples_rclcpp_minimal_action_client/share/examples_rclcpp_minimal_action_client/package.dsv'
[3.567s] INFO:colcon.colcon_core.shell:Creating package script '/home/vboxuser/ros2_ws/install/examples_rclcpp_minimal_action_client/share/examples_rclcpp_minimal_action_client/package.sh'
[3.568s] INFO:colcon.colcon_core.shell:Creating package script '/home/vboxuser/ros2_ws/install/examples_rclcpp_minimal_action_client/share/examples_rclcpp_minimal_action_client/package.bash'
[3.575s] INFO:colcon.colcon_core.shell:Creating package script '/home/vboxuser/ros2_ws/install/examples_rclcpp_minimal_action_client/share/examples_rclcpp_minimal_action_client/package.zsh'
[3.576s] Level 1:colcon.colcon_core.environment:create_file_with_runtime_dependencies(/home/vboxuser/ros2_ws/install/examples_rclcpp_minimal_action_client/share/colcon-core/packages/examples_rclcpp_minimal_action_client)
[3.580s] Level 1:colcon.colcon_core.environment:create_environment_scripts_only(examples_rclcpp_minimal_action_client)
[3.581s] Level 1:colcon.colcon_core.environment:checking '/home/vboxuser/ros2_ws/install/examples_rclcpp_minimal_action_client' for CMake module files
[3.584s] Level 1:colcon.colcon_core.environment:checking '/home/vboxuser/ros2_ws/install/examples_rclcpp_minimal_action_client' for CMake config files
[3.585s] Level 1:colcon.colcon_core.shell:create_environment_hook('examples_rclcpp_minimal_action_client', 'cmake_prefix_path')
[3.586s] INFO:colcon.colcon_core.shell:Creating environment hook '/home/vboxuser/ros2_ws/install/examples_rclcpp_minimal_action_client/share/examples_rclcpp_minimal_action_client/hook/cmake_prefix_path.ps1'
[3.587s] INFO:colcon.colcon_core.shell:Creating environment descriptor '/home/vboxuser/ros2_ws/install/examples_rclcpp_minimal_action_client/share/examples_rclcpp_minimal_action_client/hook/cmake_prefix_path.dsv'
[3.592s] INFO:colcon.colcon_core.shell:Creating environment hook '/home/vboxuser/ros2_ws/install/examples_rclcpp_minimal_action_client/share/examples_rclcpp_minimal_action_client/hook/cmake_prefix_path.sh'
[3.593s] Level 1:colcon.colcon_core.environment:checking '/home/vboxuser/ros2_ws/install/examples_rclcpp_minimal_action_client/lib'
[3.593s] Level 1:colcon.colcon_core.environment:checking '/home/vboxuser/ros2_ws/install/examples_rclcpp_minimal_action_client/bin'
[3.593s] Level 1:colcon.colcon_core.environment:checking '/home/vboxuser/ros2_ws/install/examples_rclcpp_minimal_action_client/lib/pkgconfig/examples_rclcpp_minimal_action_client.pc'
[3.594s] Level 1:colcon.colcon_core.environment:checking '/home/vboxuser/ros2_ws/install/examples_rclcpp_minimal_action_client/lib/python3.10/site-packages'
[3.594s] Level 1:colcon.colcon_core.environment:checking '/home/vboxuser/ros2_ws/install/examples_rclcpp_minimal_action_client/bin'
[3.594s] INFO:colcon.colcon_core.shell:Creating package script '/home/vboxuser/ros2_ws/install/examples_rclcpp_minimal_action_client/share/examples_rclcpp_minimal_action_client/package.ps1'
[3.595s] INFO:colcon.colcon_core.shell:Creating package descriptor '/home/vboxuser/ros2_ws/install/examples_rclcpp_minimal_action_client/share/examples_rclcpp_minimal_action_client/package.dsv'
[3.596s] INFO:colcon.colcon_core.shell:Creating package script '/home/vboxuser/ros2_ws/install/examples_rclcpp_minimal_action_client/share/examples_rclcpp_minimal_action_client/package.sh'
[3.597s] INFO:colcon.colcon_core.shell:Creating package script '/home/vboxuser/ros2_ws/install/examples_rclcpp_minimal_action_client/share/examples_rclcpp_minimal_action_client/package.bash'
[3.598s] INFO:colcon.colcon_core.shell:Creating package script '/home/vboxuser/ros2_ws/install/examples_rclcpp_minimal_action_client/share/examples_rclcpp_minimal_action_client/package.zsh'
[3.598s] Level 1:colcon.colcon_core.environment:create_file_with_runtime_dependencies(/home/vboxuser/ros2_ws/install/examples_rclcpp_minimal_action_client/share/colcon-core/packages/examples_rclcpp_minimal_action_client)
[3.602s] INFO:colcon.colcon_ros.task.ament_cmake.build:Building ROS package in '/home/vboxuser/ros2_ws/src/examples/rclcpp/topics/minimal_publisher' with build type 'ament_cmake'
[3.603s] INFO:colcon.colcon_cmake.task.cmake.build:Building CMake package in '/home/vboxuser/ros2_ws/src/examples/rclcpp/topics/minimal_publisher'
[3.603s] INFO:colcon.colcon_core.shell:Skip shell extension 'powershell' for command environment: Not usable outside of PowerShell
[3.603s] DEBUG:colcon.colcon_core.shell:Skip shell extension 'dsv' for command environment
[3.649s] Level 1:colcon.colcon_core.environment:create_environment_scripts_only(examples_rclcpp_minimal_client)
[3.650s] DEBUG:colcon.colcon_core.event_handler.log_command:Invoked command in '/home/vboxuser/ros2_ws/build/examples_rclcpp_minimal_client' returned '0': CMAKE_PREFIX_PATH=${CMAKE_PREFIX_PATH}:/home/vboxuser/ros2_ws/install/read_rosbag:/home/vboxuser/ros2_ws/install/py_pubsub:/home/vboxuser/ros2_ws/install/launch_testing_examples:/home/vboxuser/ros2_ws/install/examples_rclpy_pointcloud_publisher:/home/vboxuser/ros2_ws/install/examples_rclpy_minimal_subscriber:/home/vboxuser/ros2_ws/install/examples_rclpy_minimal_service:/home/vboxuser/ros2_ws/install/examples_rclpy_minimal_publisher:/home/vboxuser/ros2_ws/install/examples_rclpy_minimal_client:/home/vboxuser/ros2_ws/install/examples_rclpy_minimal_action_server:/home/vboxuser/ros2_ws/install/examples_rclpy_minimal_action_client:/home/vboxuser/ros2_ws/install/examples_rclpy_guard_conditions:/home/vboxuser/ros2_ws/install/examples_rclpy_executors:/home/vboxuser/ros2_ws/install/bms_visualizer:/opt/ros/iron:/home/vboxuser/ros2_iron/install/rqt_bag_plugins:/home/vboxuser/ros2_iron/install/rqt_bag:/home/vboxuser/ros2_iron/install/rosbag2_examples_py:/home/vboxuser/ros2_iron/install/launch_testing_examples:/home/vboxuser/ros2_iron/install/ros2bag:/home/vboxuser/ros2_iron/install/tracetools_test:/home/vboxuser/ros2_iron/install/tracetools_launch:/home/vboxuser/ros2_iron/install/topic_monitor:/home/vboxuser/ros2_iron/install/tf2_tools:/home/vboxuser/ros2_iron/install/examples_tf2_py:/home/vboxuser/ros2_iron/install/tf2_ros_py:/home/vboxuser/ros2_iron/install/examples_rclpy_pointcloud_publisher:/home/vboxuser/ros2_iron/install/sensor_msgs_py:/home/vboxuser/ros2_iron/install/quality_of_service_demo_py:/home/vboxuser/ros2_iron/install/rqt_plot:/home/vboxuser/ros2_iron/install/ros2doctor:/home/vboxuser/ros2_iron/install/lifecycle_py:/home/vboxuser/ros2_iron/install/examples_rclpy_minimal_subscriber:/home/vboxuser/ros2_iron/install/examples_rclpy_minimal_service:/home/vboxuser/ros2_iron/install/examples_rclpy_minimal_publisher:/home/vboxuser/ros2_iron/install/examples_rclpy_minimal_client:/home/vboxuser/ros2_iron/install/examples_rclpy_executors:/home/vboxuser/ros2_iron/install/demo_nodes_py:/home/vboxuser/ros2_iron/install/rqt:/home/vboxuser/ros2_iron/install/ros2component:/home/vboxuser/ros2_iron/install/sros2:/home/vboxuser/ros2_iron/install/rqt_topic:/home/vboxuser/ros2_iron/install/rqt_srv:/home/vboxuser/ros2_iron/install/rqt_shell:/home/vboxuser/ros2_iron/install/rqt_service_caller:/home/vboxuser/ros2_iron/install/rqt_reconfigure:/home/vboxuser/ros2_iron/install/rqt_py_console:/home/vboxuser/ros2_iron/install/rqt_publisher:/home/vboxuser/ros2_iron/install/rqt_action:/home/vboxuser/ros2_iron/install/rqt_msg:/home/vboxuser/ros2_iron/install/rqt_console:/home/vboxuser/ros2_iron/install/rqt_graph:/home/vboxuser/ros2_iron/install/rqt_gui_py:/home/vboxuser/ros2_iron/install/rqt_gui:/home/vboxuser/ros2_iron/install/ros2trace:/home/vboxuser/ros2_iron/install/ros2topic:/home/vboxuser/ros2_iron/install/ros2test:/home/vboxuser/ros2_iron/install/ros2param:/home/vboxuser/ros2_iron/install/ros2lifecycle:/home/vboxuser/ros2_iron/install/ros2service:/home/vboxuser/ros2_iron/install/ros2run:/home/vboxuser/ros2_iron/install/ros2launch:/home/vboxuser/ros2_iron/install/ros2pkg:/home/vboxuser/ros2_iron/install/ros2node:/home/vboxuser/ros2_iron/install/ros2multicast:/home/vboxuser/ros2_iron/install/ros2interface:/home/vboxuser/ros2_iron/install/ros2action:/home/vboxuser/ros2_iron/install/ros2cli:/home/vboxuser/ros2_iron/install/launch_testing_ros:/home/vboxuser/ros2_iron/install/launch_ros:/home/vboxuser/ros2_iron/install/examples_rclpy_minimal_action_server:/home/vboxuser/ros2_iron/install/examples_rclpy_minimal_action_client:/home/vboxuser/ros2_iron/install/examples_rclpy_guard_conditions:/home/vboxuser/ros2_iron/install/action_tutorials_py:/home/vboxuser/ros2_iron/install/ament_uncrustify:/home/vboxuser/ros2_iron/install/tracetools_trace:/home/vboxuser/ros2_iron/install/tracetools_read:/home/vboxuser/ros2_iron/install/test_tracetools_launch:/home/vboxuser/ros2_iron/install/test_ros2trace:/home/vboxuser/ros2_iron/install/test_launch_ros:/home/vboxuser/ros2_iron/install/rpyutils:/home/vboxuser/ros2_iron/install/rosidl_runtime_py:/home/vboxuser/ros2_iron/install/rosidl_pycommon:/home/vboxuser/ros2_iron/install/rosidl_cli:/home/vboxuser/ros2_iron/install/launch_pytest:/home/vboxuser/ros2_iron/install/launch_testing:/home/vboxuser/ros2_iron/install/launch_yaml:/home/vboxuser/ros2_iron/install/launch_xml:/home/vboxuser/ros2_iron/install/launch:/home/vboxuser/ros2_iron/install/osrf_pycommon:/home/vboxuser/ros2_iron/install/domain_coordinator:/home/vboxuser/ros2_iron/install/ament_xmllint:/home/vboxuser/ros2_iron/install/ament_pyflakes:/home/vboxuser/ros2_iron/install/ament_pycodestyle:/home/vboxuser/ros2_iron/install/ament_pep257:/home/vboxuser/ros2_iron/install/ament_pclint:/home/vboxuser/ros2_iron/install/ament_package:/home/vboxuser/ros2_iron/install/ament_mypy:/home/vboxuser/ros2_iron/install/ament_lint_cmake:/home/vboxuser/ros2_iron/install/ament_flake8:/home/vboxuser/ros2_iron/install/ament_copyright:/home/vboxuser/ros2_iron/install/ament_lint:/home/vboxuser/ros2_iron/install/ament_index_python:/home/vboxuser/ros2_iron/install/ament_cpplint:/home/vboxuser/ros2_iron/install/ament_cppcheck:/home/vboxuser/ros2_iron/install/ament_clang_tidy:/home/vboxuser/ros2_iron/install/ament_clang_format /usr/bin/cmake --install /home/vboxuser/ros2_ws/build/examples_rclcpp_minimal_client
[3.650s] Level 1:colcon.colcon_core.environment:checking '/home/vboxuser/ros2_ws/install/examples_rclcpp_minimal_client' for CMake module files
[3.651s] Level 1:colcon.colcon_core.environment:checking '/home/vboxuser/ros2_ws/install/examples_rclcpp_minimal_client' for CMake config files
[3.651s] Level 1:colcon.colcon_core.shell:create_environment_hook('examples_rclcpp_minimal_client', 'cmake_prefix_path')
[3.652s] INFO:colcon.colcon_core.shell:Creating environment hook '/home/vboxuser/ros2_ws/install/examples_rclcpp_minimal_client/share/examples_rclcpp_minimal_client/hook/cmake_prefix_path.ps1'
[3.653s] INFO:colcon.colcon_core.shell:Creating environment descriptor '/home/vboxuser/ros2_ws/install/examples_rclcpp_minimal_client/share/examples_rclcpp_minimal_client/hook/cmake_prefix_path.dsv'
[3.655s] INFO:colcon.colcon_core.shell:Creating environment hook '/home/vboxuser/ros2_ws/install/examples_rclcpp_minimal_client/share/examples_rclcpp_minimal_client/hook/cmake_prefix_path.sh'
[3.657s] Level 1:colcon.colcon_core.environment:checking '/home/vboxuser/ros2_ws/install/examples_rclcpp_minimal_client/lib'
[3.657s] Level 1:colcon.colcon_core.environment:checking '/home/vboxuser/ros2_ws/install/examples_rclcpp_minimal_client/bin'
[3.657s] Level 1:colcon.colcon_core.environment:checking '/home/vboxuser/ros2_ws/install/examples_rclcpp_minimal_client/lib/pkgconfig/examples_rclcpp_minimal_client.pc'
[3.658s] Level 1:colcon.colcon_core.environment:checking '/home/vboxuser/ros2_ws/install/examples_rclcpp_minimal_client/lib/python3.10/site-packages'
[3.658s] Level 1:colcon.colcon_core.environment:checking '/home/vboxuser/ros2_ws/install/examples_rclcpp_minimal_client/bin'
[3.658s] INFO:colcon.colcon_core.shell:Creating package script '/home/vboxuser/ros2_ws/install/examples_rclcpp_minimal_client/share/examples_rclcpp_minimal_client/package.ps1'
[3.659s] INFO:colcon.colcon_core.shell:Creating package descriptor '/home/vboxuser/ros2_ws/install/examples_rclcpp_minimal_client/share/examples_rclcpp_minimal_client/package.dsv'
[3.663s] INFO:colcon.colcon_core.shell:Creating package script '/home/vboxuser/ros2_ws/install/examples_rclcpp_minimal_client/share/examples_rclcpp_minimal_client/package.sh'
[3.665s] INFO:colcon.colcon_core.shell:Creating package script '/home/vboxuser/ros2_ws/install/examples_rclcpp_minimal_client/share/examples_rclcpp_minimal_client/package.bash'
[3.666s] INFO:colcon.colcon_core.shell:Creating package script '/home/vboxuser/ros2_ws/install/examples_rclcpp_minimal_client/share/examples_rclcpp_minimal_client/package.zsh'
[3.668s] Level 1:colcon.colcon_core.environment:create_file_with_runtime_dependencies(/home/vboxuser/ros2_ws/install/examples_rclcpp_minimal_client/share/colcon-core/packages/examples_rclcpp_minimal_client)
[3.671s] Level 1:colcon.colcon_core.environment:create_environment_scripts_only(examples_rclcpp_minimal_client)
[3.672s] Level 1:colcon.colcon_core.environment:checking '/home/vboxuser/ros2_ws/install/examples_rclcpp_minimal_client' for CMake module files
[3.673s] Level 1:colcon.colcon_core.environment:checking '/home/vboxuser/ros2_ws/install/examples_rclcpp_minimal_client' for CMake config files
[3.674s] Level 1:colcon.colcon_core.shell:create_environment_hook('examples_rclcpp_minimal_client', 'cmake_prefix_path')
[3.674s] INFO:colcon.colcon_core.shell:Creating environment hook '/home/vboxuser/ros2_ws/install/examples_rclcpp_minimal_client/share/examples_rclcpp_minimal_client/hook/cmake_prefix_path.ps1'
[3.677s] INFO:colcon.colcon_core.shell:Creating environment descriptor '/home/vboxuser/ros2_ws/install/examples_rclcpp_minimal_client/share/examples_rclcpp_minimal_client/hook/cmake_prefix_path.dsv'
[3.678s] INFO:colcon.colcon_core.shell:Creating environment hook '/home/vboxuser/ros2_ws/install/examples_rclcpp_minimal_client/share/examples_rclcpp_minimal_client/hook/cmake_prefix_path.sh'
[3.681s] Level 1:colcon.colcon_core.environment:checking '/home/vboxuser/ros2_ws/install/examples_rclcpp_minimal_client/lib'
[3.681s] Level 1:colcon.colcon_core.environment:checking '/home/vboxuser/ros2_ws/install/examples_rclcpp_minimal_client/bin'
[3.681s] Level 1:colcon.colcon_core.environment:checking '/home/vboxuser/ros2_ws/install/examples_rclcpp_minimal_client/lib/pkgconfig/examples_rclcpp_minimal_client.pc'
[3.681s] Level 1:colcon.colcon_core.environment:checking '/home/vboxuser/ros2_ws/install/examples_rclcpp_minimal_client/lib/python3.10/site-packages'
[3.682s] Level 1:colcon.colcon_core.environment:checking '/home/vboxuser/ros2_ws/install/examples_rclcpp_minimal_client/bin'
[3.683s] INFO:colcon.colcon_core.shell:Creating package script '/home/vboxuser/ros2_ws/install/examples_rclcpp_minimal_client/share/examples_rclcpp_minimal_client/package.ps1'
[3.685s] INFO:colcon.colcon_core.shell:Creating package descriptor '/home/vboxuser/ros2_ws/install/examples_rclcpp_minimal_client/share/examples_rclcpp_minimal_client/package.dsv'
[3.686s] INFO:colcon.colcon_core.shell:Creating package script '/home/vboxuser/ros2_ws/install/examples_rclcpp_minimal_client/share/examples_rclcpp_minimal_client/package.sh'
[3.688s] INFO:colcon.colcon_core.shell:Creating package script '/home/vboxuser/ros2_ws/install/examples_rclcpp_minimal_client/share/examples_rclcpp_minimal_client/package.bash'
[3.689s] INFO:colcon.colcon_core.shell:Creating package script '/home/vboxuser/ros2_ws/install/examples_rclcpp_minimal_client/share/examples_rclcpp_minimal_client/package.zsh'
[3.691s] Level 1:colcon.colcon_core.environment:create_file_with_runtime_dependencies(/home/vboxuser/ros2_ws/install/examples_rclcpp_minimal_client/share/colcon-core/packages/examples_rclcpp_minimal_client)
[3.702s] INFO:colcon.colcon_ros.task.ament_cmake.build:Building ROS package in '/home/vboxuser/ros2_ws/src/examples/rclcpp/services/minimal_service' with build type 'ament_cmake'
[3.703s] INFO:colcon.colcon_cmake.task.cmake.build:Building CMake package in '/home/vboxuser/ros2_ws/src/examples/rclcpp/services/minimal_service'
[3.703s] INFO:colcon.colcon_core.shell:Skip shell extension 'powershell' for command environment: Not usable outside of PowerShell
[3.703s] DEBUG:colcon.colcon_core.shell:Skip shell extension 'dsv' for command environment
[3.778s] DEBUG:colcon.colcon_core.event_handler.log_command:Invoking command in '/home/vboxuser/ros2_ws/build/examples_rclcpp_minimal_publisher': CMAKE_PREFIX_PATH=${CMAKE_PREFIX_PATH}:/home/vboxuser/ros2_ws/install/read_rosbag:/home/vboxuser/ros2_ws/install/py_pubsub:/home/vboxuser/ros2_ws/install/launch_testing_examples:/home/vboxuser/ros2_ws/install/examples_rclpy_pointcloud_publisher:/home/vboxuser/ros2_ws/install/examples_rclpy_minimal_subscriber:/home/vboxuser/ros2_ws/install/examples_rclpy_minimal_service:/home/vboxuser/ros2_ws/install/examples_rclpy_minimal_publisher:/home/vboxuser/ros2_ws/install/examples_rclpy_minimal_client:/home/vboxuser/ros2_ws/install/examples_rclpy_minimal_action_server:/home/vboxuser/ros2_ws/install/examples_rclpy_minimal_action_client:/home/vboxuser/ros2_ws/install/examples_rclpy_guard_conditions:/home/vboxuser/ros2_ws/install/examples_rclpy_executors:/home/vboxuser/ros2_ws/install/bms_visualizer:/opt/ros/iron:/home/vboxuser/ros2_iron/install/rqt_bag_plugins:/home/vboxuser/ros2_iron/install/rqt_bag:/home/vboxuser/ros2_iron/install/rosbag2_examples_py:/home/vboxuser/ros2_iron/install/launch_testing_examples:/home/vboxuser/ros2_iron/install/ros2bag:/home/vboxuser/ros2_iron/install/tracetools_test:/home/vboxuser/ros2_iron/install/tracetools_launch:/home/vboxuser/ros2_iron/install/topic_monitor:/home/vboxuser/ros2_iron/install/tf2_tools:/home/vboxuser/ros2_iron/install/examples_tf2_py:/home/vboxuser/ros2_iron/install/tf2_ros_py:/home/vboxuser/ros2_iron/install/examples_rclpy_pointcloud_publisher:/home/vboxuser/ros2_iron/install/sensor_msgs_py:/home/vboxuser/ros2_iron/install/quality_of_service_demo_py:/home/vboxuser/ros2_iron/install/rqt_plot:/home/vboxuser/ros2_iron/install/ros2doctor:/home/vboxuser/ros2_iron/install/lifecycle_py:/home/vboxuser/ros2_iron/install/examples_rclpy_minimal_subscriber:/home/vboxuser/ros2_iron/install/examples_rclpy_minimal_service:/home/vboxuser/ros2_iron/install/examples_rclpy_minimal_publisher:/home/vboxuser/ros2_iron/install/examples_rclpy_minimal_client:/home/vboxuser/ros2_iron/install/examples_rclpy_executors:/home/vboxuser/ros2_iron/install/demo_nodes_py:/home/vboxuser/ros2_iron/install/rqt:/home/vboxuser/ros2_iron/install/ros2component:/home/vboxuser/ros2_iron/install/sros2:/home/vboxuser/ros2_iron/install/rqt_topic:/home/vboxuser/ros2_iron/install/rqt_srv:/home/vboxuser/ros2_iron/install/rqt_shell:/home/vboxuser/ros2_iron/install/rqt_service_caller:/home/vboxuser/ros2_iron/install/rqt_reconfigure:/home/vboxuser/ros2_iron/install/rqt_py_console:/home/vboxuser/ros2_iron/install/rqt_publisher:/home/vboxuser/ros2_iron/install/rqt_action:/home/vboxuser/ros2_iron/install/rqt_msg:/home/vboxuser/ros2_iron/install/rqt_console:/home/vboxuser/ros2_iron/install/rqt_graph:/home/vboxuser/ros2_iron/install/rqt_gui_py:/home/vboxuser/ros2_iron/install/rqt_gui:/home/vboxuser/ros2_iron/install/ros2trace:/home/vboxuser/ros2_iron/install/ros2topic:/home/vboxuser/ros2_iron/install/ros2test:/home/vboxuser/ros2_iron/install/ros2param:/home/vboxuser/ros2_iron/install/ros2lifecycle:/home/vboxuser/ros2_iron/install/ros2service:/home/vboxuser/ros2_iron/install/ros2run:/home/vboxuser/ros2_iron/install/ros2launch:/home/vboxuser/ros2_iron/install/ros2pkg:/home/vboxuser/ros2_iron/install/ros2node:/home/vboxuser/ros2_iron/install/ros2multicast:/home/vboxuser/ros2_iron/install/ros2interface:/home/vboxuser/ros2_iron/install/ros2action:/home/vboxuser/ros2_iron/install/ros2cli:/home/vboxuser/ros2_iron/install/launch_testing_ros:/home/vboxuser/ros2_iron/install/launch_ros:/home/vboxuser/ros2_iron/install/examples_rclpy_minimal_action_server:/home/vboxuser/ros2_iron/install/examples_rclpy_minimal_action_client:/home/vboxuser/ros2_iron/install/examples_rclpy_guard_conditions:/home/vboxuser/ros2_iron/install/action_tutorials_py:/home/vboxuser/ros2_iron/install/ament_uncrustify:/home/vboxuser/ros2_iron/install/tracetools_trace:/home/vboxuser/ros2_iron/install/tracetools_read:/home/vboxuser/ros2_iron/install/test_tracetools_launch:/home/vboxuser/ros2_iron/install/test_ros2trace:/home/vboxuser/ros2_iron/install/test_launch_ros:/home/vboxuser/ros2_iron/install/rpyutils:/home/vboxuser/ros2_iron/install/rosidl_runtime_py:/home/vboxuser/ros2_iron/install/rosidl_pycommon:/home/vboxuser/ros2_iron/install/rosidl_cli:/home/vboxuser/ros2_iron/install/launch_pytest:/home/vboxuser/ros2_iron/install/launch_testing:/home/vboxuser/ros2_iron/install/launch_yaml:/home/vboxuser/ros2_iron/install/launch_xml:/home/vboxuser/ros2_iron/install/launch:/home/vboxuser/ros2_iron/install/osrf_pycommon:/home/vboxuser/ros2_iron/install/domain_coordinator:/home/vboxuser/ros2_iron/install/ament_xmllint:/home/vboxuser/ros2_iron/install/ament_pyflakes:/home/vboxuser/ros2_iron/install/ament_pycodestyle:/home/vboxuser/ros2_iron/install/ament_pep257:/home/vboxuser/ros2_iron/install/ament_pclint:/home/vboxuser/ros2_iron/install/ament_package:/home/vboxuser/ros2_iron/install/ament_mypy:/home/vboxuser/ros2_iron/install/ament_lint_cmake:/home/vboxuser/ros2_iron/install/ament_flake8:/home/vboxuser/ros2_iron/install/ament_copyright:/home/vboxuser/ros2_iron/install/ament_lint:/home/vboxuser/ros2_iron/install/ament_index_python:/home/vboxuser/ros2_iron/install/ament_cpplint:/home/vboxuser/ros2_iron/install/ament_cppcheck:/home/vboxuser/ros2_iron/install/ament_clang_tidy:/home/vboxuser/ros2_iron/install/ament_clang_format /usr/bin/cmake --build /home/vboxuser/ros2_ws/build/examples_rclcpp_minimal_publisher -- -j4 -l4
[3.791s] DEBUG:colcon.colcon_core.event_handler.log_command:Invoking command in '/home/vboxuser/ros2_ws/src/BMS_BQ769X2/src/bms_visualizer': PYTHONPATH=/home/vboxuser/ros2_ws/build/bms_visualizer/prefix_override:/usr/lib/python3/dist-packages/colcon_core/task/python/colcon_distutils_commands:/home/vboxuser/ros2_ws/install/bms_visualizer/lib/python3.10/site-packages:${PYTHONPATH} /usr/bin/python3 -W ignore:setup.py install is deprecated -W ignore:easy_install command is deprecated setup.py egg_info --egg-base ../../../../build/bms_visualizer build --build-base /home/vboxuser/ros2_ws/build/bms_visualizer/build install --record /home/vboxuser/ros2_ws/build/bms_visualizer/install.log --single-version-externally-managed install_data
[3.813s] DEBUG:colcon.colcon_core.event_handler.log_command:Invoking command in '/home/vboxuser/ros2_ws/build/examples_rclcpp_minimal_service': CMAKE_PREFIX_PATH=${CMAKE_PREFIX_PATH}:/home/vboxuser/ros2_ws/install/read_rosbag:/home/vboxuser/ros2_ws/install/py_pubsub:/home/vboxuser/ros2_ws/install/launch_testing_examples:/home/vboxuser/ros2_ws/install/examples_rclpy_pointcloud_publisher:/home/vboxuser/ros2_ws/install/examples_rclpy_minimal_subscriber:/home/vboxuser/ros2_ws/install/examples_rclpy_minimal_service:/home/vboxuser/ros2_ws/install/examples_rclpy_minimal_publisher:/home/vboxuser/ros2_ws/install/examples_rclpy_minimal_client:/home/vboxuser/ros2_ws/install/examples_rclpy_minimal_action_server:/home/vboxuser/ros2_ws/install/examples_rclpy_minimal_action_client:/home/vboxuser/ros2_ws/install/examples_rclpy_guard_conditions:/home/vboxuser/ros2_ws/install/examples_rclpy_executors:/home/vboxuser/ros2_ws/install/bms_visualizer:/opt/ros/iron:/home/vboxuser/ros2_iron/install/rqt_bag_plugins:/home/vboxuser/ros2_iron/install/rqt_bag:/home/vboxuser/ros2_iron/install/rosbag2_examples_py:/home/vboxuser/ros2_iron/install/launch_testing_examples:/home/vboxuser/ros2_iron/install/ros2bag:/home/vboxuser/ros2_iron/install/tracetools_test:/home/vboxuser/ros2_iron/install/tracetools_launch:/home/vboxuser/ros2_iron/install/topic_monitor:/home/vboxuser/ros2_iron/install/tf2_tools:/home/vboxuser/ros2_iron/install/examples_tf2_py:/home/vboxuser/ros2_iron/install/tf2_ros_py:/home/vboxuser/ros2_iron/install/examples_rclpy_pointcloud_publisher:/home/vboxuser/ros2_iron/install/sensor_msgs_py:/home/vboxuser/ros2_iron/install/quality_of_service_demo_py:/home/vboxuser/ros2_iron/install/rqt_plot:/home/vboxuser/ros2_iron/install/ros2doctor:/home/vboxuser/ros2_iron/install/lifecycle_py:/home/vboxuser/ros2_iron/install/examples_rclpy_minimal_subscriber:/home/vboxuser/ros2_iron/install/examples_rclpy_minimal_service:/home/vboxuser/ros2_iron/install/examples_rclpy_minimal_publisher:/home/vboxuser/ros2_iron/install/examples_rclpy_minimal_client:/home/vboxuser/ros2_iron/install/examples_rclpy_executors:/home/vboxuser/ros2_iron/install/demo_nodes_py:/home/vboxuser/ros2_iron/install/rqt:/home/vboxuser/ros2_iron/install/ros2component:/home/vboxuser/ros2_iron/install/sros2:/home/vboxuser/ros2_iron/install/rqt_topic:/home/vboxuser/ros2_iron/install/rqt_srv:/home/vboxuser/ros2_iron/install/rqt_shell:/home/vboxuser/ros2_iron/install/rqt_service_caller:/home/vboxuser/ros2_iron/install/rqt_reconfigure:/home/vboxuser/ros2_iron/install/rqt_py_console:/home/vboxuser/ros2_iron/install/rqt_publisher:/home/vboxuser/ros2_iron/install/rqt_action:/home/vboxuser/ros2_iron/install/rqt_msg:/home/vboxuser/ros2_iron/install/rqt_console:/home/vboxuser/ros2_iron/install/rqt_graph:/home/vboxuser/ros2_iron/install/rqt_gui_py:/home/vboxuser/ros2_iron/install/rqt_gui:/home/vboxuser/ros2_iron/install/ros2trace:/home/vboxuser/ros2_iron/install/ros2topic:/home/vboxuser/ros2_iron/install/ros2test:/home/vboxuser/ros2_iron/install/ros2param:/home/vboxuser/ros2_iron/install/ros2lifecycle:/home/vboxuser/ros2_iron/install/ros2service:/home/vboxuser/ros2_iron/install/ros2run:/home/vboxuser/ros2_iron/install/ros2launch:/home/vboxuser/ros2_iron/install/ros2pkg:/home/vboxuser/ros2_iron/install/ros2node:/home/vboxuser/ros2_iron/install/ros2multicast:/home/vboxuser/ros2_iron/install/ros2interface:/home/vboxuser/ros2_iron/install/ros2action:/home/vboxuser/ros2_iron/install/ros2cli:/home/vboxuser/ros2_iron/install/launch_testing_ros:/home/vboxuser/ros2_iron/install/launch_ros:/home/vboxuser/ros2_iron/install/examples_rclpy_minimal_action_server:/home/vboxuser/ros2_iron/install/examples_rclpy_minimal_action_client:/home/vboxuser/ros2_iron/install/examples_rclpy_guard_conditions:/home/vboxuser/ros2_iron/install/action_tutorials_py:/home/vboxuser/ros2_iron/install/ament_uncrustify:/home/vboxuser/ros2_iron/install/tracetools_trace:/home/vboxuser/ros2_iron/install/tracetools_read:/home/vboxuser/ros2_iron/install/test_tracetools_launch:/home/vboxuser/ros2_iron/install/test_ros2trace:/home/vboxuser/ros2_iron/install/test_launch_ros:/home/vboxuser/ros2_iron/install/rpyutils:/home/vboxuser/ros2_iron/install/rosidl_runtime_py:/home/vboxuser/ros2_iron/install/rosidl_pycommon:/home/vboxuser/ros2_iron/install/rosidl_cli:/home/vboxuser/ros2_iron/install/launch_pytest:/home/vboxuser/ros2_iron/install/launch_testing:/home/vboxuser/ros2_iron/install/launch_yaml:/home/vboxuser/ros2_iron/install/launch_xml:/home/vboxuser/ros2_iron/install/launch:/home/vboxuser/ros2_iron/install/osrf_pycommon:/home/vboxuser/ros2_iron/install/domain_coordinator:/home/vboxuser/ros2_iron/install/ament_xmllint:/home/vboxuser/ros2_iron/install/ament_pyflakes:/home/vboxuser/ros2_iron/install/ament_pycodestyle:/home/vboxuser/ros2_iron/install/ament_pep257:/home/vboxuser/ros2_iron/install/ament_pclint:/home/vboxuser/ros2_iron/install/ament_package:/home/vboxuser/ros2_iron/install/ament_mypy:/home/vboxuser/ros2_iron/install/ament_lint_cmake:/home/vboxuser/ros2_iron/install/ament_flake8:/home/vboxuser/ros2_iron/install/ament_copyright:/home/vboxuser/ros2_iron/install/ament_lint:/home/vboxuser/ros2_iron/install/ament_index_python:/home/vboxuser/ros2_iron/install/ament_cpplint:/home/vboxuser/ros2_iron/install/ament_cppcheck:/home/vboxuser/ros2_iron/install/ament_clang_tidy:/home/vboxuser/ros2_iron/install/ament_clang_format /usr/bin/cmake --build /home/vboxuser/ros2_ws/build/examples_rclcpp_minimal_service -- -j4 -l4
[4.183s] DEBUG:colcon.colcon_core.event_handler.log_command:Invoked command in '/home/vboxuser/ros2_ws/build/examples_rclcpp_minimal_composition' returned '0': CMAKE_PREFIX_PATH=${CMAKE_PREFIX_PATH}:/home/vboxuser/ros2_ws/install/read_rosbag:/home/vboxuser/ros2_ws/install/py_pubsub:/home/vboxuser/ros2_ws/install/launch_testing_examples:/home/vboxuser/ros2_ws/install/examples_rclpy_pointcloud_publisher:/home/vboxuser/ros2_ws/install/examples_rclpy_minimal_subscriber:/home/vboxuser/ros2_ws/install/examples_rclpy_minimal_service:/home/vboxuser/ros2_ws/install/examples_rclpy_minimal_publisher:/home/vboxuser/ros2_ws/install/examples_rclpy_minimal_client:/home/vboxuser/ros2_ws/install/examples_rclpy_minimal_action_server:/home/vboxuser/ros2_ws/install/examples_rclpy_minimal_action_client:/home/vboxuser/ros2_ws/install/examples_rclpy_guard_conditions:/home/vboxuser/ros2_ws/install/examples_rclpy_executors:/home/vboxuser/ros2_ws/install/bms_visualizer:/opt/ros/iron:/home/vboxuser/ros2_iron/install/rqt_bag_plugins:/home/vboxuser/ros2_iron/install/rqt_bag:/home/vboxuser/ros2_iron/install/rosbag2_examples_py:/home/vboxuser/ros2_iron/install/launch_testing_examples:/home/vboxuser/ros2_iron/install/ros2bag:/home/vboxuser/ros2_iron/install/tracetools_test:/home/vboxuser/ros2_iron/install/tracetools_launch:/home/vboxuser/ros2_iron/install/topic_monitor:/home/vboxuser/ros2_iron/install/tf2_tools:/home/vboxuser/ros2_iron/install/examples_tf2_py:/home/vboxuser/ros2_iron/install/tf2_ros_py:/home/vboxuser/ros2_iron/install/examples_rclpy_pointcloud_publisher:/home/vboxuser/ros2_iron/install/sensor_msgs_py:/home/vboxuser/ros2_iron/install/quality_of_service_demo_py:/home/vboxuser/ros2_iron/install/rqt_plot:/home/vboxuser/ros2_iron/install/ros2doctor:/home/vboxuser/ros2_iron/install/lifecycle_py:/home/vboxuser/ros2_iron/install/examples_rclpy_minimal_subscriber:/home/vboxuser/ros2_iron/install/examples_rclpy_minimal_service:/home/vboxuser/ros2_iron/install/examples_rclpy_minimal_publisher:/home/vboxuser/ros2_iron/install/examples_rclpy_minimal_client:/home/vboxuser/ros2_iron/install/examples_rclpy_executors:/home/vboxuser/ros2_iron/install/demo_nodes_py:/home/vboxuser/ros2_iron/install/rqt:/home/vboxuser/ros2_iron/install/ros2component:/home/vboxuser/ros2_iron/install/sros2:/home/vboxuser/ros2_iron/install/rqt_topic:/home/vboxuser/ros2_iron/install/rqt_srv:/home/vboxuser/ros2_iron/install/rqt_shell:/home/vboxuser/ros2_iron/install/rqt_service_caller:/home/vboxuser/ros2_iron/install/rqt_reconfigure:/home/vboxuser/ros2_iron/install/rqt_py_console:/home/vboxuser/ros2_iron/install/rqt_publisher:/home/vboxuser/ros2_iron/install/rqt_action:/home/vboxuser/ros2_iron/install/rqt_msg:/home/vboxuser/ros2_iron/install/rqt_console:/home/vboxuser/ros2_iron/install/rqt_graph:/home/vboxuser/ros2_iron/install/rqt_gui_py:/home/vboxuser/ros2_iron/install/rqt_gui:/home/vboxuser/ros2_iron/install/ros2trace:/home/vboxuser/ros2_iron/install/ros2topic:/home/vboxuser/ros2_iron/install/ros2test:/home/vboxuser/ros2_iron/install/ros2param:/home/vboxuser/ros2_iron/install/ros2lifecycle:/home/vboxuser/ros2_iron/install/ros2service:/home/vboxuser/ros2_iron/install/ros2run:/home/vboxuser/ros2_iron/install/ros2launch:/home/vboxuser/ros2_iron/install/ros2pkg:/home/vboxuser/ros2_iron/install/ros2node:/home/vboxuser/ros2_iron/install/ros2multicast:/home/vboxuser/ros2_iron/install/ros2interface:/home/vboxuser/ros2_iron/install/ros2action:/home/vboxuser/ros2_iron/install/ros2cli:/home/vboxuser/ros2_iron/install/launch_testing_ros:/home/vboxuser/ros2_iron/install/launch_ros:/home/vboxuser/ros2_iron/install/examples_rclpy_minimal_action_server:/home/vboxuser/ros2_iron/install/examples_rclpy_minimal_action_client:/home/vboxuser/ros2_iron/install/examples_rclpy_guard_conditions:/home/vboxuser/ros2_iron/install/action_tutorials_py:/home/vboxuser/ros2_iron/install/ament_uncrustify:/home/vboxuser/ros2_iron/install/tracetools_trace:/home/vboxuser/ros2_iron/install/tracetools_read:/home/vboxuser/ros2_iron/install/test_tracetools_launch:/home/vboxuser/ros2_iron/install/test_ros2trace:/home/vboxuser/ros2_iron/install/test_launch_ros:/home/vboxuser/ros2_iron/install/rpyutils:/home/vboxuser/ros2_iron/install/rosidl_runtime_py:/home/vboxuser/ros2_iron/install/rosidl_pycommon:/home/vboxuser/ros2_iron/install/rosidl_cli:/home/vboxuser/ros2_iron/install/launch_pytest:/home/vboxuser/ros2_iron/install/launch_testing:/home/vboxuser/ros2_iron/install/launch_yaml:/home/vboxuser/ros2_iron/install/launch_xml:/home/vboxuser/ros2_iron/install/launch:/home/vboxuser/ros2_iron/install/osrf_pycommon:/home/vboxuser/ros2_iron/install/domain_coordinator:/home/vboxuser/ros2_iron/install/ament_xmllint:/home/vboxuser/ros2_iron/install/ament_pyflakes:/home/vboxuser/ros2_iron/install/ament_pycodestyle:/home/vboxuser/ros2_iron/install/ament_pep257:/home/vboxuser/ros2_iron/install/ament_pclint:/home/vboxuser/ros2_iron/install/ament_package:/home/vboxuser/ros2_iron/install/ament_mypy:/home/vboxuser/ros2_iron/install/ament_lint_cmake:/home/vboxuser/ros2_iron/install/ament_flake8:/home/vboxuser/ros2_iron/install/ament_copyright:/home/vboxuser/ros2_iron/install/ament_lint:/home/vboxuser/ros2_iron/install/ament_index_python:/home/vboxuser/ros2_iron/install/ament_cpplint:/home/vboxuser/ros2_iron/install/ament_cppcheck:/home/vboxuser/ros2_iron/install/ament_clang_tidy:/home/vboxuser/ros2_iron/install/ament_clang_format /usr/bin/cmake --build /home/vboxuser/ros2_ws/build/examples_rclcpp_minimal_composition -- -j4 -l4
[4.190s] DEBUG:colcon.colcon_core.event_handler.log_command:Invoking command in '/home/vboxuser/ros2_ws/build/examples_rclcpp_minimal_composition': CMAKE_PREFIX_PATH=${CMAKE_PREFIX_PATH}:/home/vboxuser/ros2_ws/install/read_rosbag:/home/vboxuser/ros2_ws/install/py_pubsub:/home/vboxuser/ros2_ws/install/launch_testing_examples:/home/vboxuser/ros2_ws/install/examples_rclpy_pointcloud_publisher:/home/vboxuser/ros2_ws/install/examples_rclpy_minimal_subscriber:/home/vboxuser/ros2_ws/install/examples_rclpy_minimal_service:/home/vboxuser/ros2_ws/install/examples_rclpy_minimal_publisher:/home/vboxuser/ros2_ws/install/examples_rclpy_minimal_client:/home/vboxuser/ros2_ws/install/examples_rclpy_minimal_action_server:/home/vboxuser/ros2_ws/install/examples_rclpy_minimal_action_client:/home/vboxuser/ros2_ws/install/examples_rclpy_guard_conditions:/home/vboxuser/ros2_ws/install/examples_rclpy_executors:/home/vboxuser/ros2_ws/install/bms_visualizer:/opt/ros/iron:/home/vboxuser/ros2_iron/install/rqt_bag_plugins:/home/vboxuser/ros2_iron/install/rqt_bag:/home/vboxuser/ros2_iron/install/rosbag2_examples_py:/home/vboxuser/ros2_iron/install/launch_testing_examples:/home/vboxuser/ros2_iron/install/ros2bag:/home/vboxuser/ros2_iron/install/tracetools_test:/home/vboxuser/ros2_iron/install/tracetools_launch:/home/vboxuser/ros2_iron/install/topic_monitor:/home/vboxuser/ros2_iron/install/tf2_tools:/home/vboxuser/ros2_iron/install/examples_tf2_py:/home/vboxuser/ros2_iron/install/tf2_ros_py:/home/vboxuser/ros2_iron/install/examples_rclpy_pointcloud_publisher:/home/vboxuser/ros2_iron/install/sensor_msgs_py:/home/vboxuser/ros2_iron/install/quality_of_service_demo_py:/home/vboxuser/ros2_iron/install/rqt_plot:/home/vboxuser/ros2_iron/install/ros2doctor:/home/vboxuser/ros2_iron/install/lifecycle_py:/home/vboxuser/ros2_iron/install/examples_rclpy_minimal_subscriber:/home/vboxuser/ros2_iron/install/examples_rclpy_minimal_service:/home/vboxuser/ros2_iron/install/examples_rclpy_minimal_publisher:/home/vboxuser/ros2_iron/install/examples_rclpy_minimal_client:/home/vboxuser/ros2_iron/install/examples_rclpy_executors:/home/vboxuser/ros2_iron/install/demo_nodes_py:/home/vboxuser/ros2_iron/install/rqt:/home/vboxuser/ros2_iron/install/ros2component:/home/vboxuser/ros2_iron/install/sros2:/home/vboxuser/ros2_iron/install/rqt_topic:/home/vboxuser/ros2_iron/install/rqt_srv:/home/vboxuser/ros2_iron/install/rqt_shell:/home/vboxuser/ros2_iron/install/rqt_service_caller:/home/vboxuser/ros2_iron/install/rqt_reconfigure:/home/vboxuser/ros2_iron/install/rqt_py_console:/home/vboxuser/ros2_iron/install/rqt_publisher:/home/vboxuser/ros2_iron/install/rqt_action:/home/vboxuser/ros2_iron/install/rqt_msg:/home/vboxuser/ros2_iron/install/rqt_console:/home/vboxuser/ros2_iron/install/rqt_graph:/home/vboxuser/ros2_iron/install/rqt_gui_py:/home/vboxuser/ros2_iron/install/rqt_gui:/home/vboxuser/ros2_iron/install/ros2trace:/home/vboxuser/ros2_iron/install/ros2topic:/home/vboxuser/ros2_iron/install/ros2test:/home/vboxuser/ros2_iron/install/ros2param:/home/vboxuser/ros2_iron/install/ros2lifecycle:/home/vboxuser/ros2_iron/install/ros2service:/home/vboxuser/ros2_iron/install/ros2run:/home/vboxuser/ros2_iron/install/ros2launch:/home/vboxuser/ros2_iron/install/ros2pkg:/home/vboxuser/ros2_iron/install/ros2node:/home/vboxuser/ros2_iron/install/ros2multicast:/home/vboxuser/ros2_iron/install/ros2interface:/home/vboxuser/ros2_iron/install/ros2action:/home/vboxuser/ros2_iron/install/ros2cli:/home/vboxuser/ros2_iron/install/launch_testing_ros:/home/vboxuser/ros2_iron/install/launch_ros:/home/vboxuser/ros2_iron/install/examples_rclpy_minimal_action_server:/home/vboxuser/ros2_iron/install/examples_rclpy_minimal_action_client:/home/vboxuser/ros2_iron/install/examples_rclpy_guard_conditions:/home/vboxuser/ros2_iron/install/action_tutorials_py:/home/vboxuser/ros2_iron/install/ament_uncrustify:/home/vboxuser/ros2_iron/install/tracetools_trace:/home/vboxuser/ros2_iron/install/tracetools_read:/home/vboxuser/ros2_iron/install/test_tracetools_launch:/home/vboxuser/ros2_iron/install/test_ros2trace:/home/vboxuser/ros2_iron/install/test_launch_ros:/home/vboxuser/ros2_iron/install/rpyutils:/home/vboxuser/ros2_iron/install/rosidl_runtime_py:/home/vboxuser/ros2_iron/install/rosidl_pycommon:/home/vboxuser/ros2_iron/install/rosidl_cli:/home/vboxuser/ros2_iron/install/launch_pytest:/home/vboxuser/ros2_iron/install/launch_testing:/home/vboxuser/ros2_iron/install/launch_yaml:/home/vboxuser/ros2_iron/install/launch_xml:/home/vboxuser/ros2_iron/install/launch:/home/vboxuser/ros2_iron/install/osrf_pycommon:/home/vboxuser/ros2_iron/install/domain_coordinator:/home/vboxuser/ros2_iron/install/ament_xmllint:/home/vboxuser/ros2_iron/install/ament_pyflakes:/home/vboxuser/ros2_iron/install/ament_pycodestyle:/home/vboxuser/ros2_iron/install/ament_pep257:/home/vboxuser/ros2_iron/install/ament_pclint:/home/vboxuser/ros2_iron/install/ament_package:/home/vboxuser/ros2_iron/install/ament_mypy:/home/vboxuser/ros2_iron/install/ament_lint_cmake:/home/vboxuser/ros2_iron/install/ament_flake8:/home/vboxuser/ros2_iron/install/ament_copyright:/home/vboxuser/ros2_iron/install/ament_lint:/home/vboxuser/ros2_iron/install/ament_index_python:/home/vboxuser/ros2_iron/install/ament_cpplint:/home/vboxuser/ros2_iron/install/ament_cppcheck:/home/vboxuser/ros2_iron/install/ament_clang_tidy:/home/vboxuser/ros2_iron/install/ament_clang_format /usr/bin/cmake --install /home/vboxuser/ros2_ws/build/examples_rclcpp_minimal_composition
[4.392s] Level 1:colcon.colcon_core.environment:create_environment_scripts_only(examples_rclcpp_minimal_composition)
[4.395s] Level 1:colcon.colcon_core.environment:checking '/home/vboxuser/ros2_ws/install/examples_rclcpp_minimal_composition' for CMake module files
[4.396s] Level 1:colcon.colcon_core.environment:checking '/home/vboxuser/ros2_ws/install/examples_rclcpp_minimal_composition' for CMake config files
[4.396s] Level 1:colcon.colcon_core.shell:create_environment_hook('examples_rclcpp_minimal_composition', 'cmake_prefix_path')
[4.396s] INFO:colcon.colcon_core.shell:Creating environment hook '/home/vboxuser/ros2_ws/install/examples_rclcpp_minimal_composition/share/examples_rclcpp_minimal_composition/hook/cmake_prefix_path.ps1'
[4.397s] INFO:colcon.colcon_core.shell:Creating environment descriptor '/home/vboxuser/ros2_ws/install/examples_rclcpp_minimal_composition/share/examples_rclcpp_minimal_composition/hook/cmake_prefix_path.dsv'
[4.398s] INFO:colcon.colcon_core.shell:Creating environment hook '/home/vboxuser/ros2_ws/install/examples_rclcpp_minimal_composition/share/examples_rclcpp_minimal_composition/hook/cmake_prefix_path.sh'
[4.399s] Level 1:colcon.colcon_core.environment:checking '/home/vboxuser/ros2_ws/install/examples_rclcpp_minimal_composition/lib'
[4.399s] Level 1:colcon.colcon_core.shell:create_environment_hook('examples_rclcpp_minimal_composition', 'ld_library_path_lib')
[4.399s] INFO:colcon.colcon_core.shell:Creating environment hook '/home/vboxuser/ros2_ws/install/examples_rclcpp_minimal_composition/share/examples_rclcpp_minimal_composition/hook/ld_library_path_lib.ps1'
[4.400s] INFO:colcon.colcon_core.shell:Creating environment descriptor '/home/vboxuser/ros2_ws/install/examples_rclcpp_minimal_composition/share/examples_rclcpp_minimal_composition/hook/ld_library_path_lib.dsv'
[4.401s] INFO:colcon.colcon_core.shell:Creating environment hook '/home/vboxuser/ros2_ws/install/examples_rclcpp_minimal_composition/share/examples_rclcpp_minimal_composition/hook/ld_library_path_lib.sh'
[4.401s] Level 1:colcon.colcon_core.environment:checking '/home/vboxuser/ros2_ws/install/examples_rclcpp_minimal_composition/bin'
[4.401s] Level 1:colcon.colcon_core.environment:checking '/home/vboxuser/ros2_ws/install/examples_rclcpp_minimal_composition/lib/pkgconfig/examples_rclcpp_minimal_composition.pc'
[4.402s] Level 1:colcon.colcon_core.environment:checking '/home/vboxuser/ros2_ws/install/examples_rclcpp_minimal_composition/lib/python3.10/site-packages'
[4.402s] Level 1:colcon.colcon_core.environment:checking '/home/vboxuser/ros2_ws/install/examples_rclcpp_minimal_composition/bin'
[4.403s] INFO:colcon.colcon_core.shell:Creating package script '/home/vboxuser/ros2_ws/install/examples_rclcpp_minimal_composition/share/examples_rclcpp_minimal_composition/package.ps1'
[4.411s] DEBUG:colcon.colcon_core.event_handler.log_command:Invoked command in '/home/vboxuser/ros2_ws/build/examples_rclcpp_minimal_composition' returned '0': CMAKE_PREFIX_PATH=${CMAKE_PREFIX_PATH}:/home/vboxuser/ros2_ws/install/read_rosbag:/home/vboxuser/ros2_ws/install/py_pubsub:/home/vboxuser/ros2_ws/install/launch_testing_examples:/home/vboxuser/ros2_ws/install/examples_rclpy_pointcloud_publisher:/home/vboxuser/ros2_ws/install/examples_rclpy_minimal_subscriber:/home/vboxuser/ros2_ws/install/examples_rclpy_minimal_service:/home/vboxuser/ros2_ws/install/examples_rclpy_minimal_publisher:/home/vboxuser/ros2_ws/install/examples_rclpy_minimal_client:/home/vboxuser/ros2_ws/install/examples_rclpy_minimal_action_server:/home/vboxuser/ros2_ws/install/examples_rclpy_minimal_action_client:/home/vboxuser/ros2_ws/install/examples_rclpy_guard_conditions:/home/vboxuser/ros2_ws/install/examples_rclpy_executors:/home/vboxuser/ros2_ws/install/bms_visualizer:/opt/ros/iron:/home/vboxuser/ros2_iron/install/rqt_bag_plugins:/home/vboxuser/ros2_iron/install/rqt_bag:/home/vboxuser/ros2_iron/install/rosbag2_examples_py:/home/vboxuser/ros2_iron/install/launch_testing_examples:/home/vboxuser/ros2_iron/install/ros2bag:/home/vboxuser/ros2_iron/install/tracetools_test:/home/vboxuser/ros2_iron/install/tracetools_launch:/home/vboxuser/ros2_iron/install/topic_monitor:/home/vboxuser/ros2_iron/install/tf2_tools:/home/vboxuser/ros2_iron/install/examples_tf2_py:/home/vboxuser/ros2_iron/install/tf2_ros_py:/home/vboxuser/ros2_iron/install/examples_rclpy_pointcloud_publisher:/home/vboxuser/ros2_iron/install/sensor_msgs_py:/home/vboxuser/ros2_iron/install/quality_of_service_demo_py:/home/vboxuser/ros2_iron/install/rqt_plot:/home/vboxuser/ros2_iron/install/ros2doctor:/home/vboxuser/ros2_iron/install/lifecycle_py:/home/vboxuser/ros2_iron/install/examples_rclpy_minimal_subscriber:/home/vboxuser/ros2_iron/install/examples_rclpy_minimal_service:/home/vboxuser/ros2_iron/install/examples_rclpy_minimal_publisher:/home/vboxuser/ros2_iron/install/examples_rclpy_minimal_client:/home/vboxuser/ros2_iron/install/examples_rclpy_executors:/home/vboxuser/ros2_iron/install/demo_nodes_py:/home/vboxuser/ros2_iron/install/rqt:/home/vboxuser/ros2_iron/install/ros2component:/home/vboxuser/ros2_iron/install/sros2:/home/vboxuser/ros2_iron/install/rqt_topic:/home/vboxuser/ros2_iron/install/rqt_srv:/home/vboxuser/ros2_iron/install/rqt_shell:/home/vboxuser/ros2_iron/install/rqt_service_caller:/home/vboxuser/ros2_iron/install/rqt_reconfigure:/home/vboxuser/ros2_iron/install/rqt_py_console:/home/vboxuser/ros2_iron/install/rqt_publisher:/home/vboxuser/ros2_iron/install/rqt_action:/home/vboxuser/ros2_iron/install/rqt_msg:/home/vboxuser/ros2_iron/install/rqt_console:/home/vboxuser/ros2_iron/install/rqt_graph:/home/vboxuser/ros2_iron/install/rqt_gui_py:/home/vboxuser/ros2_iron/install/rqt_gui:/home/vboxuser/ros2_iron/install/ros2trace:/home/vboxuser/ros2_iron/install/ros2topic:/home/vboxuser/ros2_iron/install/ros2test:/home/vboxuser/ros2_iron/install/ros2param:/home/vboxuser/ros2_iron/install/ros2lifecycle:/home/vboxuser/ros2_iron/install/ros2service:/home/vboxuser/ros2_iron/install/ros2run:/home/vboxuser/ros2_iron/install/ros2launch:/home/vboxuser/ros2_iron/install/ros2pkg:/home/vboxuser/ros2_iron/install/ros2node:/home/vboxuser/ros2_iron/install/ros2multicast:/home/vboxuser/ros2_iron/install/ros2interface:/home/vboxuser/ros2_iron/install/ros2action:/home/vboxuser/ros2_iron/install/ros2cli:/home/vboxuser/ros2_iron/install/launch_testing_ros:/home/vboxuser/ros2_iron/install/launch_ros:/home/vboxuser/ros2_iron/install/examples_rclpy_minimal_action_server:/home/vboxuser/ros2_iron/install/examples_rclpy_minimal_action_client:/home/vboxuser/ros2_iron/install/examples_rclpy_guard_conditions:/home/vboxuser/ros2_iron/install/action_tutorials_py:/home/vboxuser/ros2_iron/install/ament_uncrustify:/home/vboxuser/ros2_iron/install/tracetools_trace:/home/vboxuser/ros2_iron/install/tracetools_read:/home/vboxuser/ros2_iron/install/test_tracetools_launch:/home/vboxuser/ros2_iron/install/test_ros2trace:/home/vboxuser/ros2_iron/install/test_launch_ros:/home/vboxuser/ros2_iron/install/rpyutils:/home/vboxuser/ros2_iron/install/rosidl_runtime_py:/home/vboxuser/ros2_iron/install/rosidl_pycommon:/home/vboxuser/ros2_iron/install/rosidl_cli:/home/vboxuser/ros2_iron/install/launch_pytest:/home/vboxuser/ros2_iron/install/launch_testing:/home/vboxuser/ros2_iron/install/launch_yaml:/home/vboxuser/ros2_iron/install/launch_xml:/home/vboxuser/ros2_iron/install/launch:/home/vboxuser/ros2_iron/install/osrf_pycommon:/home/vboxuser/ros2_iron/install/domain_coordinator:/home/vboxuser/ros2_iron/install/ament_xmllint:/home/vboxuser/ros2_iron/install/ament_pyflakes:/home/vboxuser/ros2_iron/install/ament_pycodestyle:/home/vboxuser/ros2_iron/install/ament_pep257:/home/vboxuser/ros2_iron/install/ament_pclint:/home/vboxuser/ros2_iron/install/ament_package:/home/vboxuser/ros2_iron/install/ament_mypy:/home/vboxuser/ros2_iron/install/ament_lint_cmake:/home/vboxuser/ros2_iron/install/ament_flake8:/home/vboxuser/ros2_iron/install/ament_copyright:/home/vboxuser/ros2_iron/install/ament_lint:/home/vboxuser/ros2_iron/install/ament_index_python:/home/vboxuser/ros2_iron/install/ament_cpplint:/home/vboxuser/ros2_iron/install/ament_cppcheck:/home/vboxuser/ros2_iron/install/ament_clang_tidy:/home/vboxuser/ros2_iron/install/ament_clang_format /usr/bin/cmake --install /home/vboxuser/ros2_ws/build/examples_rclcpp_minimal_composition
[4.421s] INFO:colcon.colcon_core.shell:Creating package descriptor '/home/vboxuser/ros2_ws/install/examples_rclcpp_minimal_composition/share/examples_rclcpp_minimal_composition/package.dsv'
[4.422s] INFO:colcon.colcon_core.shell:Creating package script '/home/vboxuser/ros2_ws/install/examples_rclcpp_minimal_composition/share/examples_rclcpp_minimal_composition/package.sh'
[4.423s] INFO:colcon.colcon_core.shell:Creating package script '/home/vboxuser/ros2_ws/install/examples_rclcpp_minimal_composition/share/examples_rclcpp_minimal_composition/package.bash'
[4.424s] INFO:colcon.colcon_core.shell:Creating package script '/home/vboxuser/ros2_ws/install/examples_rclcpp_minimal_composition/share/examples_rclcpp_minimal_composition/package.zsh'
[4.425s] Level 1:colcon.colcon_core.environment:create_file_with_runtime_dependencies(/home/vboxuser/ros2_ws/install/examples_rclcpp_minimal_composition/share/colcon-core/packages/examples_rclcpp_minimal_composition)
[4.426s] Level 1:colcon.colcon_core.environment:create_environment_scripts_only(examples_rclcpp_minimal_composition)
[4.433s] Level 1:colcon.colcon_core.environment:checking '/home/vboxuser/ros2_ws/install/examples_rclcpp_minimal_composition' for CMake module files
[4.433s] Level 1:colcon.colcon_core.environment:checking '/home/vboxuser/ros2_ws/install/examples_rclcpp_minimal_composition' for CMake config files
[4.434s] Level 1:colcon.colcon_core.shell:create_environment_hook('examples_rclcpp_minimal_composition', 'cmake_prefix_path')
[4.434s] INFO:colcon.colcon_core.shell:Creating environment hook '/home/vboxuser/ros2_ws/install/examples_rclcpp_minimal_composition/share/examples_rclcpp_minimal_composition/hook/cmake_prefix_path.ps1'
[4.442s] INFO:colcon.colcon_core.shell:Creating environment descriptor '/home/vboxuser/ros2_ws/install/examples_rclcpp_minimal_composition/share/examples_rclcpp_minimal_composition/hook/cmake_prefix_path.dsv'
[4.443s] INFO:colcon.colcon_core.shell:Creating environment hook '/home/vboxuser/ros2_ws/install/examples_rclcpp_minimal_composition/share/examples_rclcpp_minimal_composition/hook/cmake_prefix_path.sh'
[4.444s] Level 1:colcon.colcon_core.environment:checking '/home/vboxuser/ros2_ws/install/examples_rclcpp_minimal_composition/lib'
[4.444s] Level 1:colcon.colcon_core.shell:create_environment_hook('examples_rclcpp_minimal_composition', 'ld_library_path_lib')
[4.445s] INFO:colcon.colcon_core.shell:Creating environment hook '/home/vboxuser/ros2_ws/install/examples_rclcpp_minimal_composition/share/examples_rclcpp_minimal_composition/hook/ld_library_path_lib.ps1'
[4.446s] INFO:colcon.colcon_core.shell:Creating environment descriptor '/home/vboxuser/ros2_ws/install/examples_rclcpp_minimal_composition/share/examples_rclcpp_minimal_composition/hook/ld_library_path_lib.dsv'
[4.457s] INFO:colcon.colcon_core.shell:Creating environment hook '/home/vboxuser/ros2_ws/install/examples_rclcpp_minimal_composition/share/examples_rclcpp_minimal_composition/hook/ld_library_path_lib.sh'
[4.459s] Level 1:colcon.colcon_core.environment:checking '/home/vboxuser/ros2_ws/install/examples_rclcpp_minimal_composition/bin'
[4.459s] Level 1:colcon.colcon_core.environment:checking '/home/vboxuser/ros2_ws/install/examples_rclcpp_minimal_composition/lib/pkgconfig/examples_rclcpp_minimal_composition.pc'
[4.460s] Level 1:colcon.colcon_core.environment:checking '/home/vboxuser/ros2_ws/install/examples_rclcpp_minimal_composition/lib/python3.10/site-packages'
[4.460s] Level 1:colcon.colcon_core.environment:checking '/home/vboxuser/ros2_ws/install/examples_rclcpp_minimal_composition/bin'
[4.461s] INFO:colcon.colcon_core.shell:Creating package script '/home/vboxuser/ros2_ws/install/examples_rclcpp_minimal_composition/share/examples_rclcpp_minimal_composition/package.ps1'
[4.467s] INFO:colcon.colcon_core.shell:Creating package descriptor '/home/vboxuser/ros2_ws/install/examples_rclcpp_minimal_composition/share/examples_rclcpp_minimal_composition/package.dsv'
[4.478s] INFO:colcon.colcon_core.shell:Creating package script '/home/vboxuser/ros2_ws/install/examples_rclcpp_minimal_composition/share/examples_rclcpp_minimal_composition/package.sh'
[4.480s] INFO:colcon.colcon_core.shell:Creating package script '/home/vboxuser/ros2_ws/install/examples_rclcpp_minimal_composition/share/examples_rclcpp_minimal_composition/package.bash'
[4.482s] INFO:colcon.colcon_core.shell:Creating package script '/home/vboxuser/ros2_ws/install/examples_rclcpp_minimal_composition/share/examples_rclcpp_minimal_composition/package.zsh'
[4.483s] Level 1:colcon.colcon_core.environment:create_file_with_runtime_dependencies(/home/vboxuser/ros2_ws/install/examples_rclcpp_minimal_composition/share/colcon-core/packages/examples_rclcpp_minimal_composition)
[4.484s] INFO:colcon.colcon_ros.task.ament_cmake.build:Building ROS package in '/home/vboxuser/ros2_ws/src/examples/rclcpp/topics/minimal_subscriber' with build type 'ament_cmake'
[4.484s] INFO:colcon.colcon_cmake.task.cmake.build:Building CMake package in '/home/vboxuser/ros2_ws/src/examples/rclcpp/topics/minimal_subscriber'
[4.484s] INFO:colcon.colcon_core.shell:Skip shell extension 'powershell' for command environment: Not usable outside of PowerShell
[4.484s] DEBUG:colcon.colcon_core.shell:Skip shell extension 'dsv' for command environment
[4.550s] DEBUG:colcon.colcon_core.event_handler.log_command:Invoked command in '/home/vboxuser/ros2_ws/build/examples_rclcpp_minimal_publisher' returned '0': CMAKE_PREFIX_PATH=${CMAKE_PREFIX_PATH}:/home/vboxuser/ros2_ws/install/read_rosbag:/home/vboxuser/ros2_ws/install/py_pubsub:/home/vboxuser/ros2_ws/install/launch_testing_examples:/home/vboxuser/ros2_ws/install/examples_rclpy_pointcloud_publisher:/home/vboxuser/ros2_ws/install/examples_rclpy_minimal_subscriber:/home/vboxuser/ros2_ws/install/examples_rclpy_minimal_service:/home/vboxuser/ros2_ws/install/examples_rclpy_minimal_publisher:/home/vboxuser/ros2_ws/install/examples_rclpy_minimal_client:/home/vboxuser/ros2_ws/install/examples_rclpy_minimal_action_server:/home/vboxuser/ros2_ws/install/examples_rclpy_minimal_action_client:/home/vboxuser/ros2_ws/install/examples_rclpy_guard_conditions:/home/vboxuser/ros2_ws/install/examples_rclpy_executors:/home/vboxuser/ros2_ws/install/bms_visualizer:/opt/ros/iron:/home/vboxuser/ros2_iron/install/rqt_bag_plugins:/home/vboxuser/ros2_iron/install/rqt_bag:/home/vboxuser/ros2_iron/install/rosbag2_examples_py:/home/vboxuser/ros2_iron/install/launch_testing_examples:/home/vboxuser/ros2_iron/install/ros2bag:/home/vboxuser/ros2_iron/install/tracetools_test:/home/vboxuser/ros2_iron/install/tracetools_launch:/home/vboxuser/ros2_iron/install/topic_monitor:/home/vboxuser/ros2_iron/install/tf2_tools:/home/vboxuser/ros2_iron/install/examples_tf2_py:/home/vboxuser/ros2_iron/install/tf2_ros_py:/home/vboxuser/ros2_iron/install/examples_rclpy_pointcloud_publisher:/home/vboxuser/ros2_iron/install/sensor_msgs_py:/home/vboxuser/ros2_iron/install/quality_of_service_demo_py:/home/vboxuser/ros2_iron/install/rqt_plot:/home/vboxuser/ros2_iron/install/ros2doctor:/home/vboxuser/ros2_iron/install/lifecycle_py:/home/vboxuser/ros2_iron/install/examples_rclpy_minimal_subscriber:/home/vboxuser/ros2_iron/install/examples_rclpy_minimal_service:/home/vboxuser/ros2_iron/install/examples_rclpy_minimal_publisher:/home/vboxuser/ros2_iron/install/examples_rclpy_minimal_client:/home/vboxuser/ros2_iron/install/examples_rclpy_executors:/home/vboxuser/ros2_iron/install/demo_nodes_py:/home/vboxuser/ros2_iron/install/rqt:/home/vboxuser/ros2_iron/install/ros2component:/home/vboxuser/ros2_iron/install/sros2:/home/vboxuser/ros2_iron/install/rqt_topic:/home/vboxuser/ros2_iron/install/rqt_srv:/home/vboxuser/ros2_iron/install/rqt_shell:/home/vboxuser/ros2_iron/install/rqt_service_caller:/home/vboxuser/ros2_iron/install/rqt_reconfigure:/home/vboxuser/ros2_iron/install/rqt_py_console:/home/vboxuser/ros2_iron/install/rqt_publisher:/home/vboxuser/ros2_iron/install/rqt_action:/home/vboxuser/ros2_iron/install/rqt_msg:/home/vboxuser/ros2_iron/install/rqt_console:/home/vboxuser/ros2_iron/install/rqt_graph:/home/vboxuser/ros2_iron/install/rqt_gui_py:/home/vboxuser/ros2_iron/install/rqt_gui:/home/vboxuser/ros2_iron/install/ros2trace:/home/vboxuser/ros2_iron/install/ros2topic:/home/vboxuser/ros2_iron/install/ros2test:/home/vboxuser/ros2_iron/install/ros2param:/home/vboxuser/ros2_iron/install/ros2lifecycle:/home/vboxuser/ros2_iron/install/ros2service:/home/vboxuser/ros2_iron/install/ros2run:/home/vboxuser/ros2_iron/install/ros2launch:/home/vboxuser/ros2_iron/install/ros2pkg:/home/vboxuser/ros2_iron/install/ros2node:/home/vboxuser/ros2_iron/install/ros2multicast:/home/vboxuser/ros2_iron/install/ros2interface:/home/vboxuser/ros2_iron/install/ros2action:/home/vboxuser/ros2_iron/install/ros2cli:/home/vboxuser/ros2_iron/install/launch_testing_ros:/home/vboxuser/ros2_iron/install/launch_ros:/home/vboxuser/ros2_iron/install/examples_rclpy_minimal_action_server:/home/vboxuser/ros2_iron/install/examples_rclpy_minimal_action_client:/home/vboxuser/ros2_iron/install/examples_rclpy_guard_conditions:/home/vboxuser/ros2_iron/install/action_tutorials_py:/home/vboxuser/ros2_iron/install/ament_uncrustify:/home/vboxuser/ros2_iron/install/tracetools_trace:/home/vboxuser/ros2_iron/install/tracetools_read:/home/vboxuser/ros2_iron/install/test_tracetools_launch:/home/vboxuser/ros2_iron/install/test_ros2trace:/home/vboxuser/ros2_iron/install/test_launch_ros:/home/vboxuser/ros2_iron/install/rpyutils:/home/vboxuser/ros2_iron/install/rosidl_runtime_py:/home/vboxuser/ros2_iron/install/rosidl_pycommon:/home/vboxuser/ros2_iron/install/rosidl_cli:/home/vboxuser/ros2_iron/install/launch_pytest:/home/vboxuser/ros2_iron/install/launch_testing:/home/vboxuser/ros2_iron/install/launch_yaml:/home/vboxuser/ros2_iron/install/launch_xml:/home/vboxuser/ros2_iron/install/launch:/home/vboxuser/ros2_iron/install/osrf_pycommon:/home/vboxuser/ros2_iron/install/domain_coordinator:/home/vboxuser/ros2_iron/install/ament_xmllint:/home/vboxuser/ros2_iron/install/ament_pyflakes:/home/vboxuser/ros2_iron/install/ament_pycodestyle:/home/vboxuser/ros2_iron/install/ament_pep257:/home/vboxuser/ros2_iron/install/ament_pclint:/home/vboxuser/ros2_iron/install/ament_package:/home/vboxuser/ros2_iron/install/ament_mypy:/home/vboxuser/ros2_iron/install/ament_lint_cmake:/home/vboxuser/ros2_iron/install/ament_flake8:/home/vboxuser/ros2_iron/install/ament_copyright:/home/vboxuser/ros2_iron/install/ament_lint:/home/vboxuser/ros2_iron/install/ament_index_python:/home/vboxuser/ros2_iron/install/ament_cpplint:/home/vboxuser/ros2_iron/install/ament_cppcheck:/home/vboxuser/ros2_iron/install/ament_clang_tidy:/home/vboxuser/ros2_iron/install/ament_clang_format /usr/bin/cmake --build /home/vboxuser/ros2_ws/build/examples_rclcpp_minimal_publisher -- -j4 -l4
[4.553s] DEBUG:colcon.colcon_core.event_handler.log_command:Invoking command in '/home/vboxuser/ros2_ws/build/examples_rclcpp_minimal_publisher': CMAKE_PREFIX_PATH=${CMAKE_PREFIX_PATH}:/home/vboxuser/ros2_ws/install/read_rosbag:/home/vboxuser/ros2_ws/install/py_pubsub:/home/vboxuser/ros2_ws/install/launch_testing_examples:/home/vboxuser/ros2_ws/install/examples_rclpy_pointcloud_publisher:/home/vboxuser/ros2_ws/install/examples_rclpy_minimal_subscriber:/home/vboxuser/ros2_ws/install/examples_rclpy_minimal_service:/home/vboxuser/ros2_ws/install/examples_rclpy_minimal_publisher:/home/vboxuser/ros2_ws/install/examples_rclpy_minimal_client:/home/vboxuser/ros2_ws/install/examples_rclpy_minimal_action_server:/home/vboxuser/ros2_ws/install/examples_rclpy_minimal_action_client:/home/vboxuser/ros2_ws/install/examples_rclpy_guard_conditions:/home/vboxuser/ros2_ws/install/examples_rclpy_executors:/home/vboxuser/ros2_ws/install/bms_visualizer:/opt/ros/iron:/home/vboxuser/ros2_iron/install/rqt_bag_plugins:/home/vboxuser/ros2_iron/install/rqt_bag:/home/vboxuser/ros2_iron/install/rosbag2_examples_py:/home/vboxuser/ros2_iron/install/launch_testing_examples:/home/vboxuser/ros2_iron/install/ros2bag:/home/vboxuser/ros2_iron/install/tracetools_test:/home/vboxuser/ros2_iron/install/tracetools_launch:/home/vboxuser/ros2_iron/install/topic_monitor:/home/vboxuser/ros2_iron/install/tf2_tools:/home/vboxuser/ros2_iron/install/examples_tf2_py:/home/vboxuser/ros2_iron/install/tf2_ros_py:/home/vboxuser/ros2_iron/install/examples_rclpy_pointcloud_publisher:/home/vboxuser/ros2_iron/install/sensor_msgs_py:/home/vboxuser/ros2_iron/install/quality_of_service_demo_py:/home/vboxuser/ros2_iron/install/rqt_plot:/home/vboxuser/ros2_iron/install/ros2doctor:/home/vboxuser/ros2_iron/install/lifecycle_py:/home/vboxuser/ros2_iron/install/examples_rclpy_minimal_subscriber:/home/vboxuser/ros2_iron/install/examples_rclpy_minimal_service:/home/vboxuser/ros2_iron/install/examples_rclpy_minimal_publisher:/home/vboxuser/ros2_iron/install/examples_rclpy_minimal_client:/home/vboxuser/ros2_iron/install/examples_rclpy_executors:/home/vboxuser/ros2_iron/install/demo_nodes_py:/home/vboxuser/ros2_iron/install/rqt:/home/vboxuser/ros2_iron/install/ros2component:/home/vboxuser/ros2_iron/install/sros2:/home/vboxuser/ros2_iron/install/rqt_topic:/home/vboxuser/ros2_iron/install/rqt_srv:/home/vboxuser/ros2_iron/install/rqt_shell:/home/vboxuser/ros2_iron/install/rqt_service_caller:/home/vboxuser/ros2_iron/install/rqt_reconfigure:/home/vboxuser/ros2_iron/install/rqt_py_console:/home/vboxuser/ros2_iron/install/rqt_publisher:/home/vboxuser/ros2_iron/install/rqt_action:/home/vboxuser/ros2_iron/install/rqt_msg:/home/vboxuser/ros2_iron/install/rqt_console:/home/vboxuser/ros2_iron/install/rqt_graph:/home/vboxuser/ros2_iron/install/rqt_gui_py:/home/vboxuser/ros2_iron/install/rqt_gui:/home/vboxuser/ros2_iron/install/ros2trace:/home/vboxuser/ros2_iron/install/ros2topic:/home/vboxuser/ros2_iron/install/ros2test:/home/vboxuser/ros2_iron/install/ros2param:/home/vboxuser/ros2_iron/install/ros2lifecycle:/home/vboxuser/ros2_iron/install/ros2service:/home/vboxuser/ros2_iron/install/ros2run:/home/vboxuser/ros2_iron/install/ros2launch:/home/vboxuser/ros2_iron/install/ros2pkg:/home/vboxuser/ros2_iron/install/ros2node:/home/vboxuser/ros2_iron/install/ros2multicast:/home/vboxuser/ros2_iron/install/ros2interface:/home/vboxuser/ros2_iron/install/ros2action:/home/vboxuser/ros2_iron/install/ros2cli:/home/vboxuser/ros2_iron/install/launch_testing_ros:/home/vboxuser/ros2_iron/install/launch_ros:/home/vboxuser/ros2_iron/install/examples_rclpy_minimal_action_server:/home/vboxuser/ros2_iron/install/examples_rclpy_minimal_action_client:/home/vboxuser/ros2_iron/install/examples_rclpy_guard_conditions:/home/vboxuser/ros2_iron/install/action_tutorials_py:/home/vboxuser/ros2_iron/install/ament_uncrustify:/home/vboxuser/ros2_iron/install/tracetools_trace:/home/vboxuser/ros2_iron/install/tracetools_read:/home/vboxuser/ros2_iron/install/test_tracetools_launch:/home/vboxuser/ros2_iron/install/test_ros2trace:/home/vboxuser/ros2_iron/install/test_launch_ros:/home/vboxuser/ros2_iron/install/rpyutils:/home/vboxuser/ros2_iron/install/rosidl_runtime_py:/home/vboxuser/ros2_iron/install/rosidl_pycommon:/home/vboxuser/ros2_iron/install/rosidl_cli:/home/vboxuser/ros2_iron/install/launch_pytest:/home/vboxuser/ros2_iron/install/launch_testing:/home/vboxuser/ros2_iron/install/launch_yaml:/home/vboxuser/ros2_iron/install/launch_xml:/home/vboxuser/ros2_iron/install/launch:/home/vboxuser/ros2_iron/install/osrf_pycommon:/home/vboxuser/ros2_iron/install/domain_coordinator:/home/vboxuser/ros2_iron/install/ament_xmllint:/home/vboxuser/ros2_iron/install/ament_pyflakes:/home/vboxuser/ros2_iron/install/ament_pycodestyle:/home/vboxuser/ros2_iron/install/ament_pep257:/home/vboxuser/ros2_iron/install/ament_pclint:/home/vboxuser/ros2_iron/install/ament_package:/home/vboxuser/ros2_iron/install/ament_mypy:/home/vboxuser/ros2_iron/install/ament_lint_cmake:/home/vboxuser/ros2_iron/install/ament_flake8:/home/vboxuser/ros2_iron/install/ament_copyright:/home/vboxuser/ros2_iron/install/ament_lint:/home/vboxuser/ros2_iron/install/ament_index_python:/home/vboxuser/ros2_iron/install/ament_cpplint:/home/vboxuser/ros2_iron/install/ament_cppcheck:/home/vboxuser/ros2_iron/install/ament_clang_tidy:/home/vboxuser/ros2_iron/install/ament_clang_format /usr/bin/cmake --install /home/vboxuser/ros2_ws/build/examples_rclcpp_minimal_publisher
[4.570s] DEBUG:colcon.colcon_core.event_handler.log_command:Invoked command in '/home/vboxuser/ros2_ws/build/examples_rclcpp_minimal_service' returned '0': CMAKE_PREFIX_PATH=${CMAKE_PREFIX_PATH}:/home/vboxuser/ros2_ws/install/read_rosbag:/home/vboxuser/ros2_ws/install/py_pubsub:/home/vboxuser/ros2_ws/install/launch_testing_examples:/home/vboxuser/ros2_ws/install/examples_rclpy_pointcloud_publisher:/home/vboxuser/ros2_ws/install/examples_rclpy_minimal_subscriber:/home/vboxuser/ros2_ws/install/examples_rclpy_minimal_service:/home/vboxuser/ros2_ws/install/examples_rclpy_minimal_publisher:/home/vboxuser/ros2_ws/install/examples_rclpy_minimal_client:/home/vboxuser/ros2_ws/install/examples_rclpy_minimal_action_server:/home/vboxuser/ros2_ws/install/examples_rclpy_minimal_action_client:/home/vboxuser/ros2_ws/install/examples_rclpy_guard_conditions:/home/vboxuser/ros2_ws/install/examples_rclpy_executors:/home/vboxuser/ros2_ws/install/bms_visualizer:/opt/ros/iron:/home/vboxuser/ros2_iron/install/rqt_bag_plugins:/home/vboxuser/ros2_iron/install/rqt_bag:/home/vboxuser/ros2_iron/install/rosbag2_examples_py:/home/vboxuser/ros2_iron/install/launch_testing_examples:/home/vboxuser/ros2_iron/install/ros2bag:/home/vboxuser/ros2_iron/install/tracetools_test:/home/vboxuser/ros2_iron/install/tracetools_launch:/home/vboxuser/ros2_iron/install/topic_monitor:/home/vboxuser/ros2_iron/install/tf2_tools:/home/vboxuser/ros2_iron/install/examples_tf2_py:/home/vboxuser/ros2_iron/install/tf2_ros_py:/home/vboxuser/ros2_iron/install/examples_rclpy_pointcloud_publisher:/home/vboxuser/ros2_iron/install/sensor_msgs_py:/home/vboxuser/ros2_iron/install/quality_of_service_demo_py:/home/vboxuser/ros2_iron/install/rqt_plot:/home/vboxuser/ros2_iron/install/ros2doctor:/home/vboxuser/ros2_iron/install/lifecycle_py:/home/vboxuser/ros2_iron/install/examples_rclpy_minimal_subscriber:/home/vboxuser/ros2_iron/install/examples_rclpy_minimal_service:/home/vboxuser/ros2_iron/install/examples_rclpy_minimal_publisher:/home/vboxuser/ros2_iron/install/examples_rclpy_minimal_client:/home/vboxuser/ros2_iron/install/examples_rclpy_executors:/home/vboxuser/ros2_iron/install/demo_nodes_py:/home/vboxuser/ros2_iron/install/rqt:/home/vboxuser/ros2_iron/install/ros2component:/home/vboxuser/ros2_iron/install/sros2:/home/vboxuser/ros2_iron/install/rqt_topic:/home/vboxuser/ros2_iron/install/rqt_srv:/home/vboxuser/ros2_iron/install/rqt_shell:/home/vboxuser/ros2_iron/install/rqt_service_caller:/home/vboxuser/ros2_iron/install/rqt_reconfigure:/home/vboxuser/ros2_iron/install/rqt_py_console:/home/vboxuser/ros2_iron/install/rqt_publisher:/home/vboxuser/ros2_iron/install/rqt_action:/home/vboxuser/ros2_iron/install/rqt_msg:/home/vboxuser/ros2_iron/install/rqt_console:/home/vboxuser/ros2_iron/install/rqt_graph:/home/vboxuser/ros2_iron/install/rqt_gui_py:/home/vboxuser/ros2_iron/install/rqt_gui:/home/vboxuser/ros2_iron/install/ros2trace:/home/vboxuser/ros2_iron/install/ros2topic:/home/vboxuser/ros2_iron/install/ros2test:/home/vboxuser/ros2_iron/install/ros2param:/home/vboxuser/ros2_iron/install/ros2lifecycle:/home/vboxuser/ros2_iron/install/ros2service:/home/vboxuser/ros2_iron/install/ros2run:/home/vboxuser/ros2_iron/install/ros2launch:/home/vboxuser/ros2_iron/install/ros2pkg:/home/vboxuser/ros2_iron/install/ros2node:/home/vboxuser/ros2_iron/install/ros2multicast:/home/vboxuser/ros2_iron/install/ros2interface:/home/vboxuser/ros2_iron/install/ros2action:/home/vboxuser/ros2_iron/install/ros2cli:/home/vboxuser/ros2_iron/install/launch_testing_ros:/home/vboxuser/ros2_iron/install/launch_ros:/home/vboxuser/ros2_iron/install/examples_rclpy_minimal_action_server:/home/vboxuser/ros2_iron/install/examples_rclpy_minimal_action_client:/home/vboxuser/ros2_iron/install/examples_rclpy_guard_conditions:/home/vboxuser/ros2_iron/install/action_tutorials_py:/home/vboxuser/ros2_iron/install/ament_uncrustify:/home/vboxuser/ros2_iron/install/tracetools_trace:/home/vboxuser/ros2_iron/install/tracetools_read:/home/vboxuser/ros2_iron/install/test_tracetools_launch:/home/vboxuser/ros2_iron/install/test_ros2trace:/home/vboxuser/ros2_iron/install/test_launch_ros:/home/vboxuser/ros2_iron/install/rpyutils:/home/vboxuser/ros2_iron/install/rosidl_runtime_py:/home/vboxuser/ros2_iron/install/rosidl_pycommon:/home/vboxuser/ros2_iron/install/rosidl_cli:/home/vboxuser/ros2_iron/install/launch_pytest:/home/vboxuser/ros2_iron/install/launch_testing:/home/vboxuser/ros2_iron/install/launch_yaml:/home/vboxuser/ros2_iron/install/launch_xml:/home/vboxuser/ros2_iron/install/launch:/home/vboxuser/ros2_iron/install/osrf_pycommon:/home/vboxuser/ros2_iron/install/domain_coordinator:/home/vboxuser/ros2_iron/install/ament_xmllint:/home/vboxuser/ros2_iron/install/ament_pyflakes:/home/vboxuser/ros2_iron/install/ament_pycodestyle:/home/vboxuser/ros2_iron/install/ament_pep257:/home/vboxuser/ros2_iron/install/ament_pclint:/home/vboxuser/ros2_iron/install/ament_package:/home/vboxuser/ros2_iron/install/ament_mypy:/home/vboxuser/ros2_iron/install/ament_lint_cmake:/home/vboxuser/ros2_iron/install/ament_flake8:/home/vboxuser/ros2_iron/install/ament_copyright:/home/vboxuser/ros2_iron/install/ament_lint:/home/vboxuser/ros2_iron/install/ament_index_python:/home/vboxuser/ros2_iron/install/ament_cpplint:/home/vboxuser/ros2_iron/install/ament_cppcheck:/home/vboxuser/ros2_iron/install/ament_clang_tidy:/home/vboxuser/ros2_iron/install/ament_clang_format /usr/bin/cmake --build /home/vboxuser/ros2_ws/build/examples_rclcpp_minimal_service -- -j4 -l4
[4.583s] DEBUG:colcon.colcon_core.event_handler.log_command:Invoking command in '/home/vboxuser/ros2_ws/build/examples_rclcpp_minimal_service': CMAKE_PREFIX_PATH=${CMAKE_PREFIX_PATH}:/home/vboxuser/ros2_ws/install/read_rosbag:/home/vboxuser/ros2_ws/install/py_pubsub:/home/vboxuser/ros2_ws/install/launch_testing_examples:/home/vboxuser/ros2_ws/install/examples_rclpy_pointcloud_publisher:/home/vboxuser/ros2_ws/install/examples_rclpy_minimal_subscriber:/home/vboxuser/ros2_ws/install/examples_rclpy_minimal_service:/home/vboxuser/ros2_ws/install/examples_rclpy_minimal_publisher:/home/vboxuser/ros2_ws/install/examples_rclpy_minimal_client:/home/vboxuser/ros2_ws/install/examples_rclpy_minimal_action_server:/home/vboxuser/ros2_ws/install/examples_rclpy_minimal_action_client:/home/vboxuser/ros2_ws/install/examples_rclpy_guard_conditions:/home/vboxuser/ros2_ws/install/examples_rclpy_executors:/home/vboxuser/ros2_ws/install/bms_visualizer:/opt/ros/iron:/home/vboxuser/ros2_iron/install/rqt_bag_plugins:/home/vboxuser/ros2_iron/install/rqt_bag:/home/vboxuser/ros2_iron/install/rosbag2_examples_py:/home/vboxuser/ros2_iron/install/launch_testing_examples:/home/vboxuser/ros2_iron/install/ros2bag:/home/vboxuser/ros2_iron/install/tracetools_test:/home/vboxuser/ros2_iron/install/tracetools_launch:/home/vboxuser/ros2_iron/install/topic_monitor:/home/vboxuser/ros2_iron/install/tf2_tools:/home/vboxuser/ros2_iron/install/examples_tf2_py:/home/vboxuser/ros2_iron/install/tf2_ros_py:/home/vboxuser/ros2_iron/install/examples_rclpy_pointcloud_publisher:/home/vboxuser/ros2_iron/install/sensor_msgs_py:/home/vboxuser/ros2_iron/install/quality_of_service_demo_py:/home/vboxuser/ros2_iron/install/rqt_plot:/home/vboxuser/ros2_iron/install/ros2doctor:/home/vboxuser/ros2_iron/install/lifecycle_py:/home/vboxuser/ros2_iron/install/examples_rclpy_minimal_subscriber:/home/vboxuser/ros2_iron/install/examples_rclpy_minimal_service:/home/vboxuser/ros2_iron/install/examples_rclpy_minimal_publisher:/home/vboxuser/ros2_iron/install/examples_rclpy_minimal_client:/home/vboxuser/ros2_iron/install/examples_rclpy_executors:/home/vboxuser/ros2_iron/install/demo_nodes_py:/home/vboxuser/ros2_iron/install/rqt:/home/vboxuser/ros2_iron/install/ros2component:/home/vboxuser/ros2_iron/install/sros2:/home/vboxuser/ros2_iron/install/rqt_topic:/home/vboxuser/ros2_iron/install/rqt_srv:/home/vboxuser/ros2_iron/install/rqt_shell:/home/vboxuser/ros2_iron/install/rqt_service_caller:/home/vboxuser/ros2_iron/install/rqt_reconfigure:/home/vboxuser/ros2_iron/install/rqt_py_console:/home/vboxuser/ros2_iron/install/rqt_publisher:/home/vboxuser/ros2_iron/install/rqt_action:/home/vboxuser/ros2_iron/install/rqt_msg:/home/vboxuser/ros2_iron/install/rqt_console:/home/vboxuser/ros2_iron/install/rqt_graph:/home/vboxuser/ros2_iron/install/rqt_gui_py:/home/vboxuser/ros2_iron/install/rqt_gui:/home/vboxuser/ros2_iron/install/ros2trace:/home/vboxuser/ros2_iron/install/ros2topic:/home/vboxuser/ros2_iron/install/ros2test:/home/vboxuser/ros2_iron/install/ros2param:/home/vboxuser/ros2_iron/install/ros2lifecycle:/home/vboxuser/ros2_iron/install/ros2service:/home/vboxuser/ros2_iron/install/ros2run:/home/vboxuser/ros2_iron/install/ros2launch:/home/vboxuser/ros2_iron/install/ros2pkg:/home/vboxuser/ros2_iron/install/ros2node:/home/vboxuser/ros2_iron/install/ros2multicast:/home/vboxuser/ros2_iron/install/ros2interface:/home/vboxuser/ros2_iron/install/ros2action:/home/vboxuser/ros2_iron/install/ros2cli:/home/vboxuser/ros2_iron/install/launch_testing_ros:/home/vboxuser/ros2_iron/install/launch_ros:/home/vboxuser/ros2_iron/install/examples_rclpy_minimal_action_server:/home/vboxuser/ros2_iron/install/examples_rclpy_minimal_action_client:/home/vboxuser/ros2_iron/install/examples_rclpy_guard_conditions:/home/vboxuser/ros2_iron/install/action_tutorials_py:/home/vboxuser/ros2_iron/install/ament_uncrustify:/home/vboxuser/ros2_iron/install/tracetools_trace:/home/vboxuser/ros2_iron/install/tracetools_read:/home/vboxuser/ros2_iron/install/test_tracetools_launch:/home/vboxuser/ros2_iron/install/test_ros2trace:/home/vboxuser/ros2_iron/install/test_launch_ros:/home/vboxuser/ros2_iron/install/rpyutils:/home/vboxuser/ros2_iron/install/rosidl_runtime_py:/home/vboxuser/ros2_iron/install/rosidl_pycommon:/home/vboxuser/ros2_iron/install/rosidl_cli:/home/vboxuser/ros2_iron/install/launch_pytest:/home/vboxuser/ros2_iron/install/launch_testing:/home/vboxuser/ros2_iron/install/launch_yaml:/home/vboxuser/ros2_iron/install/launch_xml:/home/vboxuser/ros2_iron/install/launch:/home/vboxuser/ros2_iron/install/osrf_pycommon:/home/vboxuser/ros2_iron/install/domain_coordinator:/home/vboxuser/ros2_iron/install/ament_xmllint:/home/vboxuser/ros2_iron/install/ament_pyflakes:/home/vboxuser/ros2_iron/install/ament_pycodestyle:/home/vboxuser/ros2_iron/install/ament_pep257:/home/vboxuser/ros2_iron/install/ament_pclint:/home/vboxuser/ros2_iron/install/ament_package:/home/vboxuser/ros2_iron/install/ament_mypy:/home/vboxuser/ros2_iron/install/ament_lint_cmake:/home/vboxuser/ros2_iron/install/ament_flake8:/home/vboxuser/ros2_iron/install/ament_copyright:/home/vboxuser/ros2_iron/install/ament_lint:/home/vboxuser/ros2_iron/install/ament_index_python:/home/vboxuser/ros2_iron/install/ament_cpplint:/home/vboxuser/ros2_iron/install/ament_cppcheck:/home/vboxuser/ros2_iron/install/ament_clang_tidy:/home/vboxuser/ros2_iron/install/ament_clang_format /usr/bin/cmake --install /home/vboxuser/ros2_ws/build/examples_rclcpp_minimal_service
[4.628s] DEBUG:colcon.colcon_core.event_handler.log_command:Invoking command in '/home/vboxuser/ros2_ws/build/examples_rclcpp_minimal_subscriber': CMAKE_PREFIX_PATH=${CMAKE_PREFIX_PATH}:/home/vboxuser/ros2_ws/install/read_rosbag:/home/vboxuser/ros2_ws/install/py_pubsub:/home/vboxuser/ros2_ws/install/launch_testing_examples:/home/vboxuser/ros2_ws/install/examples_rclpy_pointcloud_publisher:/home/vboxuser/ros2_ws/install/examples_rclpy_minimal_subscriber:/home/vboxuser/ros2_ws/install/examples_rclpy_minimal_service:/home/vboxuser/ros2_ws/install/examples_rclpy_minimal_publisher:/home/vboxuser/ros2_ws/install/examples_rclpy_minimal_client:/home/vboxuser/ros2_ws/install/examples_rclpy_minimal_action_server:/home/vboxuser/ros2_ws/install/examples_rclpy_minimal_action_client:/home/vboxuser/ros2_ws/install/examples_rclpy_guard_conditions:/home/vboxuser/ros2_ws/install/examples_rclpy_executors:/home/vboxuser/ros2_ws/install/bms_visualizer:/opt/ros/iron:/home/vboxuser/ros2_iron/install/rqt_bag_plugins:/home/vboxuser/ros2_iron/install/rqt_bag:/home/vboxuser/ros2_iron/install/rosbag2_examples_py:/home/vboxuser/ros2_iron/install/launch_testing_examples:/home/vboxuser/ros2_iron/install/ros2bag:/home/vboxuser/ros2_iron/install/tracetools_test:/home/vboxuser/ros2_iron/install/tracetools_launch:/home/vboxuser/ros2_iron/install/topic_monitor:/home/vboxuser/ros2_iron/install/tf2_tools:/home/vboxuser/ros2_iron/install/examples_tf2_py:/home/vboxuser/ros2_iron/install/tf2_ros_py:/home/vboxuser/ros2_iron/install/examples_rclpy_pointcloud_publisher:/home/vboxuser/ros2_iron/install/sensor_msgs_py:/home/vboxuser/ros2_iron/install/quality_of_service_demo_py:/home/vboxuser/ros2_iron/install/rqt_plot:/home/vboxuser/ros2_iron/install/ros2doctor:/home/vboxuser/ros2_iron/install/lifecycle_py:/home/vboxuser/ros2_iron/install/examples_rclpy_minimal_subscriber:/home/vboxuser/ros2_iron/install/examples_rclpy_minimal_service:/home/vboxuser/ros2_iron/install/examples_rclpy_minimal_publisher:/home/vboxuser/ros2_iron/install/examples_rclpy_minimal_client:/home/vboxuser/ros2_iron/install/examples_rclpy_executors:/home/vboxuser/ros2_iron/install/demo_nodes_py:/home/vboxuser/ros2_iron/install/rqt:/home/vboxuser/ros2_iron/install/ros2component:/home/vboxuser/ros2_iron/install/sros2:/home/vboxuser/ros2_iron/install/rqt_topic:/home/vboxuser/ros2_iron/install/rqt_srv:/home/vboxuser/ros2_iron/install/rqt_shell:/home/vboxuser/ros2_iron/install/rqt_service_caller:/home/vboxuser/ros2_iron/install/rqt_reconfigure:/home/vboxuser/ros2_iron/install/rqt_py_console:/home/vboxuser/ros2_iron/install/rqt_publisher:/home/vboxuser/ros2_iron/install/rqt_action:/home/vboxuser/ros2_iron/install/rqt_msg:/home/vboxuser/ros2_iron/install/rqt_console:/home/vboxuser/ros2_iron/install/rqt_graph:/home/vboxuser/ros2_iron/install/rqt_gui_py:/home/vboxuser/ros2_iron/install/rqt_gui:/home/vboxuser/ros2_iron/install/ros2trace:/home/vboxuser/ros2_iron/install/ros2topic:/home/vboxuser/ros2_iron/install/ros2test:/home/vboxuser/ros2_iron/install/ros2param:/home/vboxuser/ros2_iron/install/ros2lifecycle:/home/vboxuser/ros2_iron/install/ros2service:/home/vboxuser/ros2_iron/install/ros2run:/home/vboxuser/ros2_iron/install/ros2launch:/home/vboxuser/ros2_iron/install/ros2pkg:/home/vboxuser/ros2_iron/install/ros2node:/home/vboxuser/ros2_iron/install/ros2multicast:/home/vboxuser/ros2_iron/install/ros2interface:/home/vboxuser/ros2_iron/install/ros2action:/home/vboxuser/ros2_iron/install/ros2cli:/home/vboxuser/ros2_iron/install/launch_testing_ros:/home/vboxuser/ros2_iron/install/launch_ros:/home/vboxuser/ros2_iron/install/examples_rclpy_minimal_action_server:/home/vboxuser/ros2_iron/install/examples_rclpy_minimal_action_client:/home/vboxuser/ros2_iron/install/examples_rclpy_guard_conditions:/home/vboxuser/ros2_iron/install/action_tutorials_py:/home/vboxuser/ros2_iron/install/ament_uncrustify:/home/vboxuser/ros2_iron/install/tracetools_trace:/home/vboxuser/ros2_iron/install/tracetools_read:/home/vboxuser/ros2_iron/install/test_tracetools_launch:/home/vboxuser/ros2_iron/install/test_ros2trace:/home/vboxuser/ros2_iron/install/test_launch_ros:/home/vboxuser/ros2_iron/install/rpyutils:/home/vboxuser/ros2_iron/install/rosidl_runtime_py:/home/vboxuser/ros2_iron/install/rosidl_pycommon:/home/vboxuser/ros2_iron/install/rosidl_cli:/home/vboxuser/ros2_iron/install/launch_pytest:/home/vboxuser/ros2_iron/install/launch_testing:/home/vboxuser/ros2_iron/install/launch_yaml:/home/vboxuser/ros2_iron/install/launch_xml:/home/vboxuser/ros2_iron/install/launch:/home/vboxuser/ros2_iron/install/osrf_pycommon:/home/vboxuser/ros2_iron/install/domain_coordinator:/home/vboxuser/ros2_iron/install/ament_xmllint:/home/vboxuser/ros2_iron/install/ament_pyflakes:/home/vboxuser/ros2_iron/install/ament_pycodestyle:/home/vboxuser/ros2_iron/install/ament_pep257:/home/vboxuser/ros2_iron/install/ament_pclint:/home/vboxuser/ros2_iron/install/ament_package:/home/vboxuser/ros2_iron/install/ament_mypy:/home/vboxuser/ros2_iron/install/ament_lint_cmake:/home/vboxuser/ros2_iron/install/ament_flake8:/home/vboxuser/ros2_iron/install/ament_copyright:/home/vboxuser/ros2_iron/install/ament_lint:/home/vboxuser/ros2_iron/install/ament_index_python:/home/vboxuser/ros2_iron/install/ament_cpplint:/home/vboxuser/ros2_iron/install/ament_cppcheck:/home/vboxuser/ros2_iron/install/ament_clang_tidy:/home/vboxuser/ros2_iron/install/ament_clang_format /usr/bin/cmake --build /home/vboxuser/ros2_ws/build/examples_rclcpp_minimal_subscriber -- -j4 -l4
[4.687s] Level 1:colcon.colcon_core.environment:create_environment_scripts_only(examples_rclcpp_minimal_publisher)
[4.687s] Level 1:colcon.colcon_core.environment:checking '/home/vboxuser/ros2_ws/install/examples_rclcpp_minimal_publisher' for CMake module files
[4.688s] DEBUG:colcon.colcon_core.event_handler.log_command:Invoked command in '/home/vboxuser/ros2_ws/build/examples_rclcpp_minimal_publisher' returned '0': CMAKE_PREFIX_PATH=${CMAKE_PREFIX_PATH}:/home/vboxuser/ros2_ws/install/read_rosbag:/home/vboxuser/ros2_ws/install/py_pubsub:/home/vboxuser/ros2_ws/install/launch_testing_examples:/home/vboxuser/ros2_ws/install/examples_rclpy_pointcloud_publisher:/home/vboxuser/ros2_ws/install/examples_rclpy_minimal_subscriber:/home/vboxuser/ros2_ws/install/examples_rclpy_minimal_service:/home/vboxuser/ros2_ws/install/examples_rclpy_minimal_publisher:/home/vboxuser/ros2_ws/install/examples_rclpy_minimal_client:/home/vboxuser/ros2_ws/install/examples_rclpy_minimal_action_server:/home/vboxuser/ros2_ws/install/examples_rclpy_minimal_action_client:/home/vboxuser/ros2_ws/install/examples_rclpy_guard_conditions:/home/vboxuser/ros2_ws/install/examples_rclpy_executors:/home/vboxuser/ros2_ws/install/bms_visualizer:/opt/ros/iron:/home/vboxuser/ros2_iron/install/rqt_bag_plugins:/home/vboxuser/ros2_iron/install/rqt_bag:/home/vboxuser/ros2_iron/install/rosbag2_examples_py:/home/vboxuser/ros2_iron/install/launch_testing_examples:/home/vboxuser/ros2_iron/install/ros2bag:/home/vboxuser/ros2_iron/install/tracetools_test:/home/vboxuser/ros2_iron/install/tracetools_launch:/home/vboxuser/ros2_iron/install/topic_monitor:/home/vboxuser/ros2_iron/install/tf2_tools:/home/vboxuser/ros2_iron/install/examples_tf2_py:/home/vboxuser/ros2_iron/install/tf2_ros_py:/home/vboxuser/ros2_iron/install/examples_rclpy_pointcloud_publisher:/home/vboxuser/ros2_iron/install/sensor_msgs_py:/home/vboxuser/ros2_iron/install/quality_of_service_demo_py:/home/vboxuser/ros2_iron/install/rqt_plot:/home/vboxuser/ros2_iron/install/ros2doctor:/home/vboxuser/ros2_iron/install/lifecycle_py:/home/vboxuser/ros2_iron/install/examples_rclpy_minimal_subscriber:/home/vboxuser/ros2_iron/install/examples_rclpy_minimal_service:/home/vboxuser/ros2_iron/install/examples_rclpy_minimal_publisher:/home/vboxuser/ros2_iron/install/examples_rclpy_minimal_client:/home/vboxuser/ros2_iron/install/examples_rclpy_executors:/home/vboxuser/ros2_iron/install/demo_nodes_py:/home/vboxuser/ros2_iron/install/rqt:/home/vboxuser/ros2_iron/install/ros2component:/home/vboxuser/ros2_iron/install/sros2:/home/vboxuser/ros2_iron/install/rqt_topic:/home/vboxuser/ros2_iron/install/rqt_srv:/home/vboxuser/ros2_iron/install/rqt_shell:/home/vboxuser/ros2_iron/install/rqt_service_caller:/home/vboxuser/ros2_iron/install/rqt_reconfigure:/home/vboxuser/ros2_iron/install/rqt_py_console:/home/vboxuser/ros2_iron/install/rqt_publisher:/home/vboxuser/ros2_iron/install/rqt_action:/home/vboxuser/ros2_iron/install/rqt_msg:/home/vboxuser/ros2_iron/install/rqt_console:/home/vboxuser/ros2_iron/install/rqt_graph:/home/vboxuser/ros2_iron/install/rqt_gui_py:/home/vboxuser/ros2_iron/install/rqt_gui:/home/vboxuser/ros2_iron/install/ros2trace:/home/vboxuser/ros2_iron/install/ros2topic:/home/vboxuser/ros2_iron/install/ros2test:/home/vboxuser/ros2_iron/install/ros2param:/home/vboxuser/ros2_iron/install/ros2lifecycle:/home/vboxuser/ros2_iron/install/ros2service:/home/vboxuser/ros2_iron/install/ros2run:/home/vboxuser/ros2_iron/install/ros2launch:/home/vboxuser/ros2_iron/install/ros2pkg:/home/vboxuser/ros2_iron/install/ros2node:/home/vboxuser/ros2_iron/install/ros2multicast:/home/vboxuser/ros2_iron/install/ros2interface:/home/vboxuser/ros2_iron/install/ros2action:/home/vboxuser/ros2_iron/install/ros2cli:/home/vboxuser/ros2_iron/install/launch_testing_ros:/home/vboxuser/ros2_iron/install/launch_ros:/home/vboxuser/ros2_iron/install/examples_rclpy_minimal_action_server:/home/vboxuser/ros2_iron/install/examples_rclpy_minimal_action_client:/home/vboxuser/ros2_iron/install/examples_rclpy_guard_conditions:/home/vboxuser/ros2_iron/install/action_tutorials_py:/home/vboxuser/ros2_iron/install/ament_uncrustify:/home/vboxuser/ros2_iron/install/tracetools_trace:/home/vboxuser/ros2_iron/install/tracetools_read:/home/vboxuser/ros2_iron/install/test_tracetools_launch:/home/vboxuser/ros2_iron/install/test_ros2trace:/home/vboxuser/ros2_iron/install/test_launch_ros:/home/vboxuser/ros2_iron/install/rpyutils:/home/vboxuser/ros2_iron/install/rosidl_runtime_py:/home/vboxuser/ros2_iron/install/rosidl_pycommon:/home/vboxuser/ros2_iron/install/rosidl_cli:/home/vboxuser/ros2_iron/install/launch_pytest:/home/vboxuser/ros2_iron/install/launch_testing:/home/vboxuser/ros2_iron/install/launch_yaml:/home/vboxuser/ros2_iron/install/launch_xml:/home/vboxuser/ros2_iron/install/launch:/home/vboxuser/ros2_iron/install/osrf_pycommon:/home/vboxuser/ros2_iron/install/domain_coordinator:/home/vboxuser/ros2_iron/install/ament_xmllint:/home/vboxuser/ros2_iron/install/ament_pyflakes:/home/vboxuser/ros2_iron/install/ament_pycodestyle:/home/vboxuser/ros2_iron/install/ament_pep257:/home/vboxuser/ros2_iron/install/ament_pclint:/home/vboxuser/ros2_iron/install/ament_package:/home/vboxuser/ros2_iron/install/ament_mypy:/home/vboxuser/ros2_iron/install/ament_lint_cmake:/home/vboxuser/ros2_iron/install/ament_flake8:/home/vboxuser/ros2_iron/install/ament_copyright:/home/vboxuser/ros2_iron/install/ament_lint:/home/vboxuser/ros2_iron/install/ament_index_python:/home/vboxuser/ros2_iron/install/ament_cpplint:/home/vboxuser/ros2_iron/install/ament_cppcheck:/home/vboxuser/ros2_iron/install/ament_clang_tidy:/home/vboxuser/ros2_iron/install/ament_clang_format /usr/bin/cmake --install /home/vboxuser/ros2_ws/build/examples_rclcpp_minimal_publisher
[4.689s] Level 1:colcon.colcon_core.environment:checking '/home/vboxuser/ros2_ws/install/examples_rclcpp_minimal_publisher' for CMake config files
[4.689s] Level 1:colcon.colcon_core.shell:create_environment_hook('examples_rclcpp_minimal_publisher', 'cmake_prefix_path')
[4.689s] INFO:colcon.colcon_core.shell:Creating environment hook '/home/vboxuser/ros2_ws/install/examples_rclcpp_minimal_publisher/share/examples_rclcpp_minimal_publisher/hook/cmake_prefix_path.ps1'
[4.690s] INFO:colcon.colcon_core.shell:Creating environment descriptor '/home/vboxuser/ros2_ws/install/examples_rclcpp_minimal_publisher/share/examples_rclcpp_minimal_publisher/hook/cmake_prefix_path.dsv'
[4.691s] INFO:colcon.colcon_core.shell:Creating environment hook '/home/vboxuser/ros2_ws/install/examples_rclcpp_minimal_publisher/share/examples_rclcpp_minimal_publisher/hook/cmake_prefix_path.sh'
[4.692s] Level 1:colcon.colcon_core.environment:checking '/home/vboxuser/ros2_ws/install/examples_rclcpp_minimal_publisher/lib'
[4.692s] Level 1:colcon.colcon_core.environment:checking '/home/vboxuser/ros2_ws/install/examples_rclcpp_minimal_publisher/bin'
[4.692s] Level 1:colcon.colcon_core.environment:checking '/home/vboxuser/ros2_ws/install/examples_rclcpp_minimal_publisher/lib/pkgconfig/examples_rclcpp_minimal_publisher.pc'
[4.692s] Level 1:colcon.colcon_core.environment:checking '/home/vboxuser/ros2_ws/install/examples_rclcpp_minimal_publisher/lib/python3.10/site-packages'
[4.693s] Level 1:colcon.colcon_core.environment:checking '/home/vboxuser/ros2_ws/install/examples_rclcpp_minimal_publisher/bin'
[4.693s] INFO:colcon.colcon_core.shell:Creating package script '/home/vboxuser/ros2_ws/install/examples_rclcpp_minimal_publisher/share/examples_rclcpp_minimal_publisher/package.ps1'
[4.694s] INFO:colcon.colcon_core.shell:Creating package descriptor '/home/vboxuser/ros2_ws/install/examples_rclcpp_minimal_publisher/share/examples_rclcpp_minimal_publisher/package.dsv'
[4.694s] INFO:colcon.colcon_core.shell:Creating package script '/home/vboxuser/ros2_ws/install/examples_rclcpp_minimal_publisher/share/examples_rclcpp_minimal_publisher/package.sh'
[4.695s] INFO:colcon.colcon_core.shell:Creating package script '/home/vboxuser/ros2_ws/install/examples_rclcpp_minimal_publisher/share/examples_rclcpp_minimal_publisher/package.bash'
[4.696s] INFO:colcon.colcon_core.shell:Creating package script '/home/vboxuser/ros2_ws/install/examples_rclcpp_minimal_publisher/share/examples_rclcpp_minimal_publisher/package.zsh'
[4.697s] Level 1:colcon.colcon_core.environment:create_file_with_runtime_dependencies(/home/vboxuser/ros2_ws/install/examples_rclcpp_minimal_publisher/share/colcon-core/packages/examples_rclcpp_minimal_publisher)
[4.698s] Level 1:colcon.colcon_core.environment:create_environment_scripts_only(examples_rclcpp_minimal_publisher)
[4.698s] Level 1:colcon.colcon_core.environment:checking '/home/vboxuser/ros2_ws/install/examples_rclcpp_minimal_publisher' for CMake module files
[4.699s] Level 1:colcon.colcon_core.environment:checking '/home/vboxuser/ros2_ws/install/examples_rclcpp_minimal_publisher' for CMake config files
[4.699s] Level 1:colcon.colcon_core.shell:create_environment_hook('examples_rclcpp_minimal_publisher', 'cmake_prefix_path')
[4.699s] INFO:colcon.colcon_core.shell:Creating environment hook '/home/vboxuser/ros2_ws/install/examples_rclcpp_minimal_publisher/share/examples_rclcpp_minimal_publisher/hook/cmake_prefix_path.ps1'
[4.700s] INFO:colcon.colcon_core.shell:Creating environment descriptor '/home/vboxuser/ros2_ws/install/examples_rclcpp_minimal_publisher/share/examples_rclcpp_minimal_publisher/hook/cmake_prefix_path.dsv'
[4.701s] INFO:colcon.colcon_core.shell:Creating environment hook '/home/vboxuser/ros2_ws/install/examples_rclcpp_minimal_publisher/share/examples_rclcpp_minimal_publisher/hook/cmake_prefix_path.sh'
[4.701s] Level 1:colcon.colcon_core.environment:checking '/home/vboxuser/ros2_ws/install/examples_rclcpp_minimal_publisher/lib'
[4.702s] Level 1:colcon.colcon_core.environment:checking '/home/vboxuser/ros2_ws/install/examples_rclcpp_minimal_publisher/bin'
[4.702s] Level 1:colcon.colcon_core.environment:checking '/home/vboxuser/ros2_ws/install/examples_rclcpp_minimal_publisher/lib/pkgconfig/examples_rclcpp_minimal_publisher.pc'
[4.702s] Level 1:colcon.colcon_core.environment:checking '/home/vboxuser/ros2_ws/install/examples_rclcpp_minimal_publisher/lib/python3.10/site-packages'
[4.702s] Level 1:colcon.colcon_core.environment:checking '/home/vboxuser/ros2_ws/install/examples_rclcpp_minimal_publisher/bin'
[4.703s] INFO:colcon.colcon_core.shell:Creating package script '/home/vboxuser/ros2_ws/install/examples_rclcpp_minimal_publisher/share/examples_rclcpp_minimal_publisher/package.ps1'
[4.703s] INFO:colcon.colcon_core.shell:Creating package descriptor '/home/vboxuser/ros2_ws/install/examples_rclcpp_minimal_publisher/share/examples_rclcpp_minimal_publisher/package.dsv'
[4.704s] INFO:colcon.colcon_core.shell:Creating package script '/home/vboxuser/ros2_ws/install/examples_rclcpp_minimal_publisher/share/examples_rclcpp_minimal_publisher/package.sh'
[4.705s] INFO:colcon.colcon_core.shell:Creating package script '/home/vboxuser/ros2_ws/install/examples_rclcpp_minimal_publisher/share/examples_rclcpp_minimal_publisher/package.bash'
[4.706s] INFO:colcon.colcon_core.shell:Creating package script '/home/vboxuser/ros2_ws/install/examples_rclcpp_minimal_publisher/share/examples_rclcpp_minimal_publisher/package.zsh'
[4.707s] Level 1:colcon.colcon_core.environment:create_file_with_runtime_dependencies(/home/vboxuser/ros2_ws/install/examples_rclcpp_minimal_publisher/share/colcon-core/packages/examples_rclcpp_minimal_publisher)
[4.708s] INFO:colcon.colcon_ros.task.ament_cmake.build:Building ROS package in '/home/vboxuser/ros2_ws/src/examples/rclcpp/timers/minimal_timer' with build type 'ament_cmake'
[4.708s] INFO:colcon.colcon_cmake.task.cmake.build:Building CMake package in '/home/vboxuser/ros2_ws/src/examples/rclcpp/timers/minimal_timer'
[4.708s] INFO:colcon.colcon_core.shell:Skip shell extension 'powershell' for command environment: Not usable outside of PowerShell
[4.708s] DEBUG:colcon.colcon_core.shell:Skip shell extension 'dsv' for command environment
[4.736s] Level 1:colcon.colcon_core.environment:create_environment_scripts_only(examples_rclcpp_minimal_service)
[4.737s] Level 1:colcon.colcon_core.environment:checking '/home/vboxuser/ros2_ws/install/examples_rclcpp_minimal_service' for CMake module files
[4.737s] Level 1:colcon.colcon_core.environment:checking '/home/vboxuser/ros2_ws/install/examples_rclcpp_minimal_service' for CMake config files
[4.738s] Level 1:colcon.colcon_core.shell:create_environment_hook('examples_rclcpp_minimal_service', 'cmake_prefix_path')
[4.738s] INFO:colcon.colcon_core.shell:Creating environment hook '/home/vboxuser/ros2_ws/install/examples_rclcpp_minimal_service/share/examples_rclcpp_minimal_service/hook/cmake_prefix_path.ps1'
[4.738s] INFO:colcon.colcon_core.shell:Creating environment descriptor '/home/vboxuser/ros2_ws/install/examples_rclcpp_minimal_service/share/examples_rclcpp_minimal_service/hook/cmake_prefix_path.dsv'
[4.740s] DEBUG:colcon.colcon_core.event_handler.log_command:Invoked command in '/home/vboxuser/ros2_ws/build/examples_rclcpp_minimal_service' returned '0': CMAKE_PREFIX_PATH=${CMAKE_PREFIX_PATH}:/home/vboxuser/ros2_ws/install/read_rosbag:/home/vboxuser/ros2_ws/install/py_pubsub:/home/vboxuser/ros2_ws/install/launch_testing_examples:/home/vboxuser/ros2_ws/install/examples_rclpy_pointcloud_publisher:/home/vboxuser/ros2_ws/install/examples_rclpy_minimal_subscriber:/home/vboxuser/ros2_ws/install/examples_rclpy_minimal_service:/home/vboxuser/ros2_ws/install/examples_rclpy_minimal_publisher:/home/vboxuser/ros2_ws/install/examples_rclpy_minimal_client:/home/vboxuser/ros2_ws/install/examples_rclpy_minimal_action_server:/home/vboxuser/ros2_ws/install/examples_rclpy_minimal_action_client:/home/vboxuser/ros2_ws/install/examples_rclpy_guard_conditions:/home/vboxuser/ros2_ws/install/examples_rclpy_executors:/home/vboxuser/ros2_ws/install/bms_visualizer:/opt/ros/iron:/home/vboxuser/ros2_iron/install/rqt_bag_plugins:/home/vboxuser/ros2_iron/install/rqt_bag:/home/vboxuser/ros2_iron/install/rosbag2_examples_py:/home/vboxuser/ros2_iron/install/launch_testing_examples:/home/vboxuser/ros2_iron/install/ros2bag:/home/vboxuser/ros2_iron/install/tracetools_test:/home/vboxuser/ros2_iron/install/tracetools_launch:/home/vboxuser/ros2_iron/install/topic_monitor:/home/vboxuser/ros2_iron/install/tf2_tools:/home/vboxuser/ros2_iron/install/examples_tf2_py:/home/vboxuser/ros2_iron/install/tf2_ros_py:/home/vboxuser/ros2_iron/install/examples_rclpy_pointcloud_publisher:/home/vboxuser/ros2_iron/install/sensor_msgs_py:/home/vboxuser/ros2_iron/install/quality_of_service_demo_py:/home/vboxuser/ros2_iron/install/rqt_plot:/home/vboxuser/ros2_iron/install/ros2doctor:/home/vboxuser/ros2_iron/install/lifecycle_py:/home/vboxuser/ros2_iron/install/examples_rclpy_minimal_subscriber:/home/vboxuser/ros2_iron/install/examples_rclpy_minimal_service:/home/vboxuser/ros2_iron/install/examples_rclpy_minimal_publisher:/home/vboxuser/ros2_iron/install/examples_rclpy_minimal_client:/home/vboxuser/ros2_iron/install/examples_rclpy_executors:/home/vboxuser/ros2_iron/install/demo_nodes_py:/home/vboxuser/ros2_iron/install/rqt:/home/vboxuser/ros2_iron/install/ros2component:/home/vboxuser/ros2_iron/install/sros2:/home/vboxuser/ros2_iron/install/rqt_topic:/home/vboxuser/ros2_iron/install/rqt_srv:/home/vboxuser/ros2_iron/install/rqt_shell:/home/vboxuser/ros2_iron/install/rqt_service_caller:/home/vboxuser/ros2_iron/install/rqt_reconfigure:/home/vboxuser/ros2_iron/install/rqt_py_console:/home/vboxuser/ros2_iron/install/rqt_publisher:/home/vboxuser/ros2_iron/install/rqt_action:/home/vboxuser/ros2_iron/install/rqt_msg:/home/vboxuser/ros2_iron/install/rqt_console:/home/vboxuser/ros2_iron/install/rqt_graph:/home/vboxuser/ros2_iron/install/rqt_gui_py:/home/vboxuser/ros2_iron/install/rqt_gui:/home/vboxuser/ros2_iron/install/ros2trace:/home/vboxuser/ros2_iron/install/ros2topic:/home/vboxuser/ros2_iron/install/ros2test:/home/vboxuser/ros2_iron/install/ros2param:/home/vboxuser/ros2_iron/install/ros2lifecycle:/home/vboxuser/ros2_iron/install/ros2service:/home/vboxuser/ros2_iron/install/ros2run:/home/vboxuser/ros2_iron/install/ros2launch:/home/vboxuser/ros2_iron/install/ros2pkg:/home/vboxuser/ros2_iron/install/ros2node:/home/vboxuser/ros2_iron/install/ros2multicast:/home/vboxuser/ros2_iron/install/ros2interface:/home/vboxuser/ros2_iron/install/ros2action:/home/vboxuser/ros2_iron/install/ros2cli:/home/vboxuser/ros2_iron/install/launch_testing_ros:/home/vboxuser/ros2_iron/install/launch_ros:/home/vboxuser/ros2_iron/install/examples_rclpy_minimal_action_server:/home/vboxuser/ros2_iron/install/examples_rclpy_minimal_action_client:/home/vboxuser/ros2_iron/install/examples_rclpy_guard_conditions:/home/vboxuser/ros2_iron/install/action_tutorials_py:/home/vboxuser/ros2_iron/install/ament_uncrustify:/home/vboxuser/ros2_iron/install/tracetools_trace:/home/vboxuser/ros2_iron/install/tracetools_read:/home/vboxuser/ros2_iron/install/test_tracetools_launch:/home/vboxuser/ros2_iron/install/test_ros2trace:/home/vboxuser/ros2_iron/install/test_launch_ros:/home/vboxuser/ros2_iron/install/rpyutils:/home/vboxuser/ros2_iron/install/rosidl_runtime_py:/home/vboxuser/ros2_iron/install/rosidl_pycommon:/home/vboxuser/ros2_iron/install/rosidl_cli:/home/vboxuser/ros2_iron/install/launch_pytest:/home/vboxuser/ros2_iron/install/launch_testing:/home/vboxuser/ros2_iron/install/launch_yaml:/home/vboxuser/ros2_iron/install/launch_xml:/home/vboxuser/ros2_iron/install/launch:/home/vboxuser/ros2_iron/install/osrf_pycommon:/home/vboxuser/ros2_iron/install/domain_coordinator:/home/vboxuser/ros2_iron/install/ament_xmllint:/home/vboxuser/ros2_iron/install/ament_pyflakes:/home/vboxuser/ros2_iron/install/ament_pycodestyle:/home/vboxuser/ros2_iron/install/ament_pep257:/home/vboxuser/ros2_iron/install/ament_pclint:/home/vboxuser/ros2_iron/install/ament_package:/home/vboxuser/ros2_iron/install/ament_mypy:/home/vboxuser/ros2_iron/install/ament_lint_cmake:/home/vboxuser/ros2_iron/install/ament_flake8:/home/vboxuser/ros2_iron/install/ament_copyright:/home/vboxuser/ros2_iron/install/ament_lint:/home/vboxuser/ros2_iron/install/ament_index_python:/home/vboxuser/ros2_iron/install/ament_cpplint:/home/vboxuser/ros2_iron/install/ament_cppcheck:/home/vboxuser/ros2_iron/install/ament_clang_tidy:/home/vboxuser/ros2_iron/install/ament_clang_format /usr/bin/cmake --install /home/vboxuser/ros2_ws/build/examples_rclcpp_minimal_service
[4.740s] INFO:colcon.colcon_core.shell:Creating environment hook '/home/vboxuser/ros2_ws/install/examples_rclcpp_minimal_service/share/examples_rclcpp_minimal_service/hook/cmake_prefix_path.sh'
[4.741s] Level 1:colcon.colcon_core.environment:checking '/home/vboxuser/ros2_ws/install/examples_rclcpp_minimal_service/lib'
[4.741s] Level 1:colcon.colcon_core.environment:checking '/home/vboxuser/ros2_ws/install/examples_rclcpp_minimal_service/bin'
[4.742s] Level 1:colcon.colcon_core.environment:checking '/home/vboxuser/ros2_ws/install/examples_rclcpp_minimal_service/lib/pkgconfig/examples_rclcpp_minimal_service.pc'
[4.742s] Level 1:colcon.colcon_core.environment:checking '/home/vboxuser/ros2_ws/install/examples_rclcpp_minimal_service/lib/python3.10/site-packages'
[4.742s] Level 1:colcon.colcon_core.environment:checking '/home/vboxuser/ros2_ws/install/examples_rclcpp_minimal_service/bin'
[4.743s] INFO:colcon.colcon_core.shell:Creating package script '/home/vboxuser/ros2_ws/install/examples_rclcpp_minimal_service/share/examples_rclcpp_minimal_service/package.ps1'
[4.744s] INFO:colcon.colcon_core.shell:Creating package descriptor '/home/vboxuser/ros2_ws/install/examples_rclcpp_minimal_service/share/examples_rclcpp_minimal_service/package.dsv'
[4.745s] INFO:colcon.colcon_core.shell:Creating package script '/home/vboxuser/ros2_ws/install/examples_rclcpp_minimal_service/share/examples_rclcpp_minimal_service/package.sh'
[4.745s] INFO:colcon.colcon_core.shell:Creating package script '/home/vboxuser/ros2_ws/install/examples_rclcpp_minimal_service/share/examples_rclcpp_minimal_service/package.bash'
[4.746s] INFO:colcon.colcon_core.shell:Creating package script '/home/vboxuser/ros2_ws/install/examples_rclcpp_minimal_service/share/examples_rclcpp_minimal_service/package.zsh'
[4.747s] Level 1:colcon.colcon_core.environment:create_file_with_runtime_dependencies(/home/vboxuser/ros2_ws/install/examples_rclcpp_minimal_service/share/colcon-core/packages/examples_rclcpp_minimal_service)
[4.748s] Level 1:colcon.colcon_core.environment:create_environment_scripts_only(examples_rclcpp_minimal_service)
[4.748s] Level 1:colcon.colcon_core.environment:checking '/home/vboxuser/ros2_ws/install/examples_rclcpp_minimal_service' for CMake module files
[4.749s] Level 1:colcon.colcon_core.environment:checking '/home/vboxuser/ros2_ws/install/examples_rclcpp_minimal_service' for CMake config files
[4.749s] Level 1:colcon.colcon_core.shell:create_environment_hook('examples_rclcpp_minimal_service', 'cmake_prefix_path')
[4.749s] INFO:colcon.colcon_core.shell:Creating environment hook '/home/vboxuser/ros2_ws/install/examples_rclcpp_minimal_service/share/examples_rclcpp_minimal_service/hook/cmake_prefix_path.ps1'
[4.750s] INFO:colcon.colcon_core.shell:Creating environment descriptor '/home/vboxuser/ros2_ws/install/examples_rclcpp_minimal_service/share/examples_rclcpp_minimal_service/hook/cmake_prefix_path.dsv'
[4.751s] INFO:colcon.colcon_core.shell:Creating environment hook '/home/vboxuser/ros2_ws/install/examples_rclcpp_minimal_service/share/examples_rclcpp_minimal_service/hook/cmake_prefix_path.sh'
[4.752s] Level 1:colcon.colcon_core.environment:checking '/home/vboxuser/ros2_ws/install/examples_rclcpp_minimal_service/lib'
[4.752s] Level 1:colcon.colcon_core.environment:checking '/home/vboxuser/ros2_ws/install/examples_rclcpp_minimal_service/bin'
[4.752s] Level 1:colcon.colcon_core.environment:checking '/home/vboxuser/ros2_ws/install/examples_rclcpp_minimal_service/lib/pkgconfig/examples_rclcpp_minimal_service.pc'
[4.753s] Level 1:colcon.colcon_core.environment:checking '/home/vboxuser/ros2_ws/install/examples_rclcpp_minimal_service/lib/python3.10/site-packages'
[4.753s] Level 1:colcon.colcon_core.environment:checking '/home/vboxuser/ros2_ws/install/examples_rclcpp_minimal_service/bin'
[4.753s] INFO:colcon.colcon_core.shell:Creating package script '/home/vboxuser/ros2_ws/install/examples_rclcpp_minimal_service/share/examples_rclcpp_minimal_service/package.ps1'
[4.754s] INFO:colcon.colcon_core.shell:Creating package descriptor '/home/vboxuser/ros2_ws/install/examples_rclcpp_minimal_service/share/examples_rclcpp_minimal_service/package.dsv'
[4.755s] INFO:colcon.colcon_core.shell:Creating package script '/home/vboxuser/ros2_ws/install/examples_rclcpp_minimal_service/share/examples_rclcpp_minimal_service/package.sh'
[4.756s] INFO:colcon.colcon_core.shell:Creating package script '/home/vboxuser/ros2_ws/install/examples_rclcpp_minimal_service/share/examples_rclcpp_minimal_service/package.bash'
[4.757s] INFO:colcon.colcon_core.shell:Creating package script '/home/vboxuser/ros2_ws/install/examples_rclcpp_minimal_service/share/examples_rclcpp_minimal_service/package.zsh'
[4.758s] Level 1:colcon.colcon_core.environment:create_file_with_runtime_dependencies(/home/vboxuser/ros2_ws/install/examples_rclcpp_minimal_service/share/colcon-core/packages/examples_rclcpp_minimal_service)
[4.760s] INFO:colcon.colcon_ros.task.ament_cmake.build:Building ROS package in '/home/vboxuser/ros2_ws/src/examples/rclcpp/executors/multithreaded_executor' with build type 'ament_cmake'
[4.760s] INFO:colcon.colcon_cmake.task.cmake.build:Building CMake package in '/home/vboxuser/ros2_ws/src/examples/rclcpp/executors/multithreaded_executor'
[4.761s] INFO:colcon.colcon_core.shell:Skip shell extension 'powershell' for command environment: Not usable outside of PowerShell
[4.761s] DEBUG:colcon.colcon_core.shell:Skip shell extension 'dsv' for command environment
[4.874s] DEBUG:colcon.colcon_core.event_handler.log_command:Invoking command in '/home/vboxuser/ros2_ws/build/examples_rclcpp_minimal_timer': CMAKE_PREFIX_PATH=${CMAKE_PREFIX_PATH}:/home/vboxuser/ros2_ws/install/read_rosbag:/home/vboxuser/ros2_ws/install/py_pubsub:/home/vboxuser/ros2_ws/install/launch_testing_examples:/home/vboxuser/ros2_ws/install/examples_rclpy_pointcloud_publisher:/home/vboxuser/ros2_ws/install/examples_rclpy_minimal_subscriber:/home/vboxuser/ros2_ws/install/examples_rclpy_minimal_service:/home/vboxuser/ros2_ws/install/examples_rclpy_minimal_publisher:/home/vboxuser/ros2_ws/install/examples_rclpy_minimal_client:/home/vboxuser/ros2_ws/install/examples_rclpy_minimal_action_server:/home/vboxuser/ros2_ws/install/examples_rclpy_minimal_action_client:/home/vboxuser/ros2_ws/install/examples_rclpy_guard_conditions:/home/vboxuser/ros2_ws/install/examples_rclpy_executors:/home/vboxuser/ros2_ws/install/bms_visualizer:/opt/ros/iron:/home/vboxuser/ros2_iron/install/rqt_bag_plugins:/home/vboxuser/ros2_iron/install/rqt_bag:/home/vboxuser/ros2_iron/install/rosbag2_examples_py:/home/vboxuser/ros2_iron/install/launch_testing_examples:/home/vboxuser/ros2_iron/install/ros2bag:/home/vboxuser/ros2_iron/install/tracetools_test:/home/vboxuser/ros2_iron/install/tracetools_launch:/home/vboxuser/ros2_iron/install/topic_monitor:/home/vboxuser/ros2_iron/install/tf2_tools:/home/vboxuser/ros2_iron/install/examples_tf2_py:/home/vboxuser/ros2_iron/install/tf2_ros_py:/home/vboxuser/ros2_iron/install/examples_rclpy_pointcloud_publisher:/home/vboxuser/ros2_iron/install/sensor_msgs_py:/home/vboxuser/ros2_iron/install/quality_of_service_demo_py:/home/vboxuser/ros2_iron/install/rqt_plot:/home/vboxuser/ros2_iron/install/ros2doctor:/home/vboxuser/ros2_iron/install/lifecycle_py:/home/vboxuser/ros2_iron/install/examples_rclpy_minimal_subscriber:/home/vboxuser/ros2_iron/install/examples_rclpy_minimal_service:/home/vboxuser/ros2_iron/install/examples_rclpy_minimal_publisher:/home/vboxuser/ros2_iron/install/examples_rclpy_minimal_client:/home/vboxuser/ros2_iron/install/examples_rclpy_executors:/home/vboxuser/ros2_iron/install/demo_nodes_py:/home/vboxuser/ros2_iron/install/rqt:/home/vboxuser/ros2_iron/install/ros2component:/home/vboxuser/ros2_iron/install/sros2:/home/vboxuser/ros2_iron/install/rqt_topic:/home/vboxuser/ros2_iron/install/rqt_srv:/home/vboxuser/ros2_iron/install/rqt_shell:/home/vboxuser/ros2_iron/install/rqt_service_caller:/home/vboxuser/ros2_iron/install/rqt_reconfigure:/home/vboxuser/ros2_iron/install/rqt_py_console:/home/vboxuser/ros2_iron/install/rqt_publisher:/home/vboxuser/ros2_iron/install/rqt_action:/home/vboxuser/ros2_iron/install/rqt_msg:/home/vboxuser/ros2_iron/install/rqt_console:/home/vboxuser/ros2_iron/install/rqt_graph:/home/vboxuser/ros2_iron/install/rqt_gui_py:/home/vboxuser/ros2_iron/install/rqt_gui:/home/vboxuser/ros2_iron/install/ros2trace:/home/vboxuser/ros2_iron/install/ros2topic:/home/vboxuser/ros2_iron/install/ros2test:/home/vboxuser/ros2_iron/install/ros2param:/home/vboxuser/ros2_iron/install/ros2lifecycle:/home/vboxuser/ros2_iron/install/ros2service:/home/vboxuser/ros2_iron/install/ros2run:/home/vboxuser/ros2_iron/install/ros2launch:/home/vboxuser/ros2_iron/install/ros2pkg:/home/vboxuser/ros2_iron/install/ros2node:/home/vboxuser/ros2_iron/install/ros2multicast:/home/vboxuser/ros2_iron/install/ros2interface:/home/vboxuser/ros2_iron/install/ros2action:/home/vboxuser/ros2_iron/install/ros2cli:/home/vboxuser/ros2_iron/install/launch_testing_ros:/home/vboxuser/ros2_iron/install/launch_ros:/home/vboxuser/ros2_iron/install/examples_rclpy_minimal_action_server:/home/vboxuser/ros2_iron/install/examples_rclpy_minimal_action_client:/home/vboxuser/ros2_iron/install/examples_rclpy_guard_conditions:/home/vboxuser/ros2_iron/install/action_tutorials_py:/home/vboxuser/ros2_iron/install/ament_uncrustify:/home/vboxuser/ros2_iron/install/tracetools_trace:/home/vboxuser/ros2_iron/install/tracetools_read:/home/vboxuser/ros2_iron/install/test_tracetools_launch:/home/vboxuser/ros2_iron/install/test_ros2trace:/home/vboxuser/ros2_iron/install/test_launch_ros:/home/vboxuser/ros2_iron/install/rpyutils:/home/vboxuser/ros2_iron/install/rosidl_runtime_py:/home/vboxuser/ros2_iron/install/rosidl_pycommon:/home/vboxuser/ros2_iron/install/rosidl_cli:/home/vboxuser/ros2_iron/install/launch_pytest:/home/vboxuser/ros2_iron/install/launch_testing:/home/vboxuser/ros2_iron/install/launch_yaml:/home/vboxuser/ros2_iron/install/launch_xml:/home/vboxuser/ros2_iron/install/launch:/home/vboxuser/ros2_iron/install/osrf_pycommon:/home/vboxuser/ros2_iron/install/domain_coordinator:/home/vboxuser/ros2_iron/install/ament_xmllint:/home/vboxuser/ros2_iron/install/ament_pyflakes:/home/vboxuser/ros2_iron/install/ament_pycodestyle:/home/vboxuser/ros2_iron/install/ament_pep257:/home/vboxuser/ros2_iron/install/ament_pclint:/home/vboxuser/ros2_iron/install/ament_package:/home/vboxuser/ros2_iron/install/ament_mypy:/home/vboxuser/ros2_iron/install/ament_lint_cmake:/home/vboxuser/ros2_iron/install/ament_flake8:/home/vboxuser/ros2_iron/install/ament_copyright:/home/vboxuser/ros2_iron/install/ament_lint:/home/vboxuser/ros2_iron/install/ament_index_python:/home/vboxuser/ros2_iron/install/ament_cpplint:/home/vboxuser/ros2_iron/install/ament_cppcheck:/home/vboxuser/ros2_iron/install/ament_clang_tidy:/home/vboxuser/ros2_iron/install/ament_clang_format /usr/bin/cmake --build /home/vboxuser/ros2_ws/build/examples_rclcpp_minimal_timer -- -j4 -l4
[4.902s] DEBUG:colcon.colcon_core.event_handler.log_command:Invoking command in '/home/vboxuser/ros2_ws/build/examples_rclcpp_multithreaded_executor': CMAKE_PREFIX_PATH=${CMAKE_PREFIX_PATH}:/home/vboxuser/ros2_ws/install/read_rosbag:/home/vboxuser/ros2_ws/install/py_pubsub:/home/vboxuser/ros2_ws/install/launch_testing_examples:/home/vboxuser/ros2_ws/install/examples_rclpy_pointcloud_publisher:/home/vboxuser/ros2_ws/install/examples_rclpy_minimal_subscriber:/home/vboxuser/ros2_ws/install/examples_rclpy_minimal_service:/home/vboxuser/ros2_ws/install/examples_rclpy_minimal_publisher:/home/vboxuser/ros2_ws/install/examples_rclpy_minimal_client:/home/vboxuser/ros2_ws/install/examples_rclpy_minimal_action_server:/home/vboxuser/ros2_ws/install/examples_rclpy_minimal_action_client:/home/vboxuser/ros2_ws/install/examples_rclpy_guard_conditions:/home/vboxuser/ros2_ws/install/examples_rclpy_executors:/home/vboxuser/ros2_ws/install/bms_visualizer:/opt/ros/iron:/home/vboxuser/ros2_iron/install/rqt_bag_plugins:/home/vboxuser/ros2_iron/install/rqt_bag:/home/vboxuser/ros2_iron/install/rosbag2_examples_py:/home/vboxuser/ros2_iron/install/launch_testing_examples:/home/vboxuser/ros2_iron/install/ros2bag:/home/vboxuser/ros2_iron/install/tracetools_test:/home/vboxuser/ros2_iron/install/tracetools_launch:/home/vboxuser/ros2_iron/install/topic_monitor:/home/vboxuser/ros2_iron/install/tf2_tools:/home/vboxuser/ros2_iron/install/examples_tf2_py:/home/vboxuser/ros2_iron/install/tf2_ros_py:/home/vboxuser/ros2_iron/install/examples_rclpy_pointcloud_publisher:/home/vboxuser/ros2_iron/install/sensor_msgs_py:/home/vboxuser/ros2_iron/install/quality_of_service_demo_py:/home/vboxuser/ros2_iron/install/rqt_plot:/home/vboxuser/ros2_iron/install/ros2doctor:/home/vboxuser/ros2_iron/install/lifecycle_py:/home/vboxuser/ros2_iron/install/examples_rclpy_minimal_subscriber:/home/vboxuser/ros2_iron/install/examples_rclpy_minimal_service:/home/vboxuser/ros2_iron/install/examples_rclpy_minimal_publisher:/home/vboxuser/ros2_iron/install/examples_rclpy_minimal_client:/home/vboxuser/ros2_iron/install/examples_rclpy_executors:/home/vboxuser/ros2_iron/install/demo_nodes_py:/home/vboxuser/ros2_iron/install/rqt:/home/vboxuser/ros2_iron/install/ros2component:/home/vboxuser/ros2_iron/install/sros2:/home/vboxuser/ros2_iron/install/rqt_topic:/home/vboxuser/ros2_iron/install/rqt_srv:/home/vboxuser/ros2_iron/install/rqt_shell:/home/vboxuser/ros2_iron/install/rqt_service_caller:/home/vboxuser/ros2_iron/install/rqt_reconfigure:/home/vboxuser/ros2_iron/install/rqt_py_console:/home/vboxuser/ros2_iron/install/rqt_publisher:/home/vboxuser/ros2_iron/install/rqt_action:/home/vboxuser/ros2_iron/install/rqt_msg:/home/vboxuser/ros2_iron/install/rqt_console:/home/vboxuser/ros2_iron/install/rqt_graph:/home/vboxuser/ros2_iron/install/rqt_gui_py:/home/vboxuser/ros2_iron/install/rqt_gui:/home/vboxuser/ros2_iron/install/ros2trace:/home/vboxuser/ros2_iron/install/ros2topic:/home/vboxuser/ros2_iron/install/ros2test:/home/vboxuser/ros2_iron/install/ros2param:/home/vboxuser/ros2_iron/install/ros2lifecycle:/home/vboxuser/ros2_iron/install/ros2service:/home/vboxuser/ros2_iron/install/ros2run:/home/vboxuser/ros2_iron/install/ros2launch:/home/vboxuser/ros2_iron/install/ros2pkg:/home/vboxuser/ros2_iron/install/ros2node:/home/vboxuser/ros2_iron/install/ros2multicast:/home/vboxuser/ros2_iron/install/ros2interface:/home/vboxuser/ros2_iron/install/ros2action:/home/vboxuser/ros2_iron/install/ros2cli:/home/vboxuser/ros2_iron/install/launch_testing_ros:/home/vboxuser/ros2_iron/install/launch_ros:/home/vboxuser/ros2_iron/install/examples_rclpy_minimal_action_server:/home/vboxuser/ros2_iron/install/examples_rclpy_minimal_action_client:/home/vboxuser/ros2_iron/install/examples_rclpy_guard_conditions:/home/vboxuser/ros2_iron/install/action_tutorials_py:/home/vboxuser/ros2_iron/install/ament_uncrustify:/home/vboxuser/ros2_iron/install/tracetools_trace:/home/vboxuser/ros2_iron/install/tracetools_read:/home/vboxuser/ros2_iron/install/test_tracetools_launch:/home/vboxuser/ros2_iron/install/test_ros2trace:/home/vboxuser/ros2_iron/install/test_launch_ros:/home/vboxuser/ros2_iron/install/rpyutils:/home/vboxuser/ros2_iron/install/rosidl_runtime_py:/home/vboxuser/ros2_iron/install/rosidl_pycommon:/home/vboxuser/ros2_iron/install/rosidl_cli:/home/vboxuser/ros2_iron/install/launch_pytest:/home/vboxuser/ros2_iron/install/launch_testing:/home/vboxuser/ros2_iron/install/launch_yaml:/home/vboxuser/ros2_iron/install/launch_xml:/home/vboxuser/ros2_iron/install/launch:/home/vboxuser/ros2_iron/install/osrf_pycommon:/home/vboxuser/ros2_iron/install/domain_coordinator:/home/vboxuser/ros2_iron/install/ament_xmllint:/home/vboxuser/ros2_iron/install/ament_pyflakes:/home/vboxuser/ros2_iron/install/ament_pycodestyle:/home/vboxuser/ros2_iron/install/ament_pep257:/home/vboxuser/ros2_iron/install/ament_pclint:/home/vboxuser/ros2_iron/install/ament_package:/home/vboxuser/ros2_iron/install/ament_mypy:/home/vboxuser/ros2_iron/install/ament_lint_cmake:/home/vboxuser/ros2_iron/install/ament_flake8:/home/vboxuser/ros2_iron/install/ament_copyright:/home/vboxuser/ros2_iron/install/ament_lint:/home/vboxuser/ros2_iron/install/ament_index_python:/home/vboxuser/ros2_iron/install/ament_cpplint:/home/vboxuser/ros2_iron/install/ament_cppcheck:/home/vboxuser/ros2_iron/install/ament_clang_tidy:/home/vboxuser/ros2_iron/install/ament_clang_format /usr/bin/cmake --build /home/vboxuser/ros2_ws/build/examples_rclcpp_multithreaded_executor -- -j4 -l4
[5.425s] Level 1:colcon.colcon_core.environment:checking '/home/vboxuser/ros2_ws/install/bms_visualizer' for CMake module files
[5.426s] Level 1:colcon.colcon_core.environment:checking '/home/vboxuser/ros2_ws/install/bms_visualizer' for CMake config files
[5.427s] DEBUG:colcon.colcon_core.event_handler.log_command:Invoked command in '/home/vboxuser/ros2_ws/src/BMS_BQ769X2/src/bms_visualizer' returned '0': PYTHONPATH=/home/vboxuser/ros2_ws/build/bms_visualizer/prefix_override:/usr/lib/python3/dist-packages/colcon_core/task/python/colcon_distutils_commands:/home/vboxuser/ros2_ws/install/bms_visualizer/lib/python3.10/site-packages:${PYTHONPATH} /usr/bin/python3 -W ignore:setup.py install is deprecated -W ignore:easy_install command is deprecated setup.py egg_info --egg-base ../../../../build/bms_visualizer build --build-base /home/vboxuser/ros2_ws/build/bms_visualizer/build install --record /home/vboxuser/ros2_ws/build/bms_visualizer/install.log --single-version-externally-managed install_data
[5.427s] Level 1:colcon.colcon_core.environment:checking '/home/vboxuser/ros2_ws/install/bms_visualizer/lib'
[5.427s] Level 1:colcon.colcon_core.environment:checking '/home/vboxuser/ros2_ws/install/bms_visualizer/bin'
[5.427s] Level 1:colcon.colcon_core.environment:checking '/home/vboxuser/ros2_ws/install/bms_visualizer/lib/pkgconfig/bms_visualizer.pc'
[5.428s] Level 1:colcon.colcon_core.environment:checking '/home/vboxuser/ros2_ws/install/bms_visualizer/lib/python3.10/site-packages'
[5.428s] Level 1:colcon.colcon_core.shell:create_environment_hook('bms_visualizer', 'pythonpath')
[5.429s] INFO:colcon.colcon_core.shell:Creating environment hook '/home/vboxuser/ros2_ws/install/bms_visualizer/share/bms_visualizer/hook/pythonpath.ps1'
[5.430s] INFO:colcon.colcon_core.shell:Creating environment descriptor '/home/vboxuser/ros2_ws/install/bms_visualizer/share/bms_visualizer/hook/pythonpath.dsv'
[5.432s] INFO:colcon.colcon_core.shell:Creating environment hook '/home/vboxuser/ros2_ws/install/bms_visualizer/share/bms_visualizer/hook/pythonpath.sh'
[5.438s] Level 1:colcon.colcon_core.environment:checking '/home/vboxuser/ros2_ws/install/bms_visualizer/bin'
[5.438s] Level 1:colcon.colcon_core.environment:create_environment_scripts_only(bms_visualizer)
[5.443s] INFO:colcon.colcon_core.shell:Creating package script '/home/vboxuser/ros2_ws/install/bms_visualizer/share/bms_visualizer/package.ps1'
[5.450s] INFO:colcon.colcon_core.shell:Creating package descriptor '/home/vboxuser/ros2_ws/install/bms_visualizer/share/bms_visualizer/package.dsv'
[5.451s] INFO:colcon.colcon_core.shell:Creating package script '/home/vboxuser/ros2_ws/install/bms_visualizer/share/bms_visualizer/package.sh'
[5.451s] INFO:colcon.colcon_core.shell:Creating package script '/home/vboxuser/ros2_ws/install/bms_visualizer/share/bms_visualizer/package.bash'
[5.452s] INFO:colcon.colcon_core.shell:Creating package script '/home/vboxuser/ros2_ws/install/bms_visualizer/share/bms_visualizer/package.zsh'
[5.453s] Level 1:colcon.colcon_core.environment:create_file_with_runtime_dependencies(/home/vboxuser/ros2_ws/install/bms_visualizer/share/colcon-core/packages/bms_visualizer)
[5.470s] INFO:colcon.colcon_ros.task.ament_cmake.build:Building ROS package in '/home/vboxuser/ros2_ws/src/examples/rclcpp/wait_set' with build type 'ament_cmake'
[5.470s] INFO:colcon.colcon_cmake.task.cmake.build:Building CMake package in '/home/vboxuser/ros2_ws/src/examples/rclcpp/wait_set'
[5.474s] INFO:colcon.colcon_core.shell:Skip shell extension 'powershell' for command environment: Not usable outside of PowerShell
[5.475s] DEBUG:colcon.colcon_core.shell:Skip shell extension 'dsv' for command environment
[5.569s] DEBUG:colcon.colcon_core.event_handler.log_command:Invoked command in '/home/vboxuser/ros2_ws/build/examples_rclcpp_multithreaded_executor' returned '0': CMAKE_PREFIX_PATH=${CMAKE_PREFIX_PATH}:/home/vboxuser/ros2_ws/install/read_rosbag:/home/vboxuser/ros2_ws/install/py_pubsub:/home/vboxuser/ros2_ws/install/launch_testing_examples:/home/vboxuser/ros2_ws/install/examples_rclpy_pointcloud_publisher:/home/vboxuser/ros2_ws/install/examples_rclpy_minimal_subscriber:/home/vboxuser/ros2_ws/install/examples_rclpy_minimal_service:/home/vboxuser/ros2_ws/install/examples_rclpy_minimal_publisher:/home/vboxuser/ros2_ws/install/examples_rclpy_minimal_client:/home/vboxuser/ros2_ws/install/examples_rclpy_minimal_action_server:/home/vboxuser/ros2_ws/install/examples_rclpy_minimal_action_client:/home/vboxuser/ros2_ws/install/examples_rclpy_guard_conditions:/home/vboxuser/ros2_ws/install/examples_rclpy_executors:/home/vboxuser/ros2_ws/install/bms_visualizer:/opt/ros/iron:/home/vboxuser/ros2_iron/install/rqt_bag_plugins:/home/vboxuser/ros2_iron/install/rqt_bag:/home/vboxuser/ros2_iron/install/rosbag2_examples_py:/home/vboxuser/ros2_iron/install/launch_testing_examples:/home/vboxuser/ros2_iron/install/ros2bag:/home/vboxuser/ros2_iron/install/tracetools_test:/home/vboxuser/ros2_iron/install/tracetools_launch:/home/vboxuser/ros2_iron/install/topic_monitor:/home/vboxuser/ros2_iron/install/tf2_tools:/home/vboxuser/ros2_iron/install/examples_tf2_py:/home/vboxuser/ros2_iron/install/tf2_ros_py:/home/vboxuser/ros2_iron/install/examples_rclpy_pointcloud_publisher:/home/vboxuser/ros2_iron/install/sensor_msgs_py:/home/vboxuser/ros2_iron/install/quality_of_service_demo_py:/home/vboxuser/ros2_iron/install/rqt_plot:/home/vboxuser/ros2_iron/install/ros2doctor:/home/vboxuser/ros2_iron/install/lifecycle_py:/home/vboxuser/ros2_iron/install/examples_rclpy_minimal_subscriber:/home/vboxuser/ros2_iron/install/examples_rclpy_minimal_service:/home/vboxuser/ros2_iron/install/examples_rclpy_minimal_publisher:/home/vboxuser/ros2_iron/install/examples_rclpy_minimal_client:/home/vboxuser/ros2_iron/install/examples_rclpy_executors:/home/vboxuser/ros2_iron/install/demo_nodes_py:/home/vboxuser/ros2_iron/install/rqt:/home/vboxuser/ros2_iron/install/ros2component:/home/vboxuser/ros2_iron/install/sros2:/home/vboxuser/ros2_iron/install/rqt_topic:/home/vboxuser/ros2_iron/install/rqt_srv:/home/vboxuser/ros2_iron/install/rqt_shell:/home/vboxuser/ros2_iron/install/rqt_service_caller:/home/vboxuser/ros2_iron/install/rqt_reconfigure:/home/vboxuser/ros2_iron/install/rqt_py_console:/home/vboxuser/ros2_iron/install/rqt_publisher:/home/vboxuser/ros2_iron/install/rqt_action:/home/vboxuser/ros2_iron/install/rqt_msg:/home/vboxuser/ros2_iron/install/rqt_console:/home/vboxuser/ros2_iron/install/rqt_graph:/home/vboxuser/ros2_iron/install/rqt_gui_py:/home/vboxuser/ros2_iron/install/rqt_gui:/home/vboxuser/ros2_iron/install/ros2trace:/home/vboxuser/ros2_iron/install/ros2topic:/home/vboxuser/ros2_iron/install/ros2test:/home/vboxuser/ros2_iron/install/ros2param:/home/vboxuser/ros2_iron/install/ros2lifecycle:/home/vboxuser/ros2_iron/install/ros2service:/home/vboxuser/ros2_iron/install/ros2run:/home/vboxuser/ros2_iron/install/ros2launch:/home/vboxuser/ros2_iron/install/ros2pkg:/home/vboxuser/ros2_iron/install/ros2node:/home/vboxuser/ros2_iron/install/ros2multicast:/home/vboxuser/ros2_iron/install/ros2interface:/home/vboxuser/ros2_iron/install/ros2action:/home/vboxuser/ros2_iron/install/ros2cli:/home/vboxuser/ros2_iron/install/launch_testing_ros:/home/vboxuser/ros2_iron/install/launch_ros:/home/vboxuser/ros2_iron/install/examples_rclpy_minimal_action_server:/home/vboxuser/ros2_iron/install/examples_rclpy_minimal_action_client:/home/vboxuser/ros2_iron/install/examples_rclpy_guard_conditions:/home/vboxuser/ros2_iron/install/action_tutorials_py:/home/vboxuser/ros2_iron/install/ament_uncrustify:/home/vboxuser/ros2_iron/install/tracetools_trace:/home/vboxuser/ros2_iron/install/tracetools_read:/home/vboxuser/ros2_iron/install/test_tracetools_launch:/home/vboxuser/ros2_iron/install/test_ros2trace:/home/vboxuser/ros2_iron/install/test_launch_ros:/home/vboxuser/ros2_iron/install/rpyutils:/home/vboxuser/ros2_iron/install/rosidl_runtime_py:/home/vboxuser/ros2_iron/install/rosidl_pycommon:/home/vboxuser/ros2_iron/install/rosidl_cli:/home/vboxuser/ros2_iron/install/launch_pytest:/home/vboxuser/ros2_iron/install/launch_testing:/home/vboxuser/ros2_iron/install/launch_yaml:/home/vboxuser/ros2_iron/install/launch_xml:/home/vboxuser/ros2_iron/install/launch:/home/vboxuser/ros2_iron/install/osrf_pycommon:/home/vboxuser/ros2_iron/install/domain_coordinator:/home/vboxuser/ros2_iron/install/ament_xmllint:/home/vboxuser/ros2_iron/install/ament_pyflakes:/home/vboxuser/ros2_iron/install/ament_pycodestyle:/home/vboxuser/ros2_iron/install/ament_pep257:/home/vboxuser/ros2_iron/install/ament_pclint:/home/vboxuser/ros2_iron/install/ament_package:/home/vboxuser/ros2_iron/install/ament_mypy:/home/vboxuser/ros2_iron/install/ament_lint_cmake:/home/vboxuser/ros2_iron/install/ament_flake8:/home/vboxuser/ros2_iron/install/ament_copyright:/home/vboxuser/ros2_iron/install/ament_lint:/home/vboxuser/ros2_iron/install/ament_index_python:/home/vboxuser/ros2_iron/install/ament_cpplint:/home/vboxuser/ros2_iron/install/ament_cppcheck:/home/vboxuser/ros2_iron/install/ament_clang_tidy:/home/vboxuser/ros2_iron/install/ament_clang_format /usr/bin/cmake --build /home/vboxuser/ros2_ws/build/examples_rclcpp_multithreaded_executor -- -j4 -l4
[5.570s] DEBUG:colcon.colcon_core.event_handler.log_command:Invoking command in '/home/vboxuser/ros2_ws/build/examples_rclcpp_multithreaded_executor': CMAKE_PREFIX_PATH=${CMAKE_PREFIX_PATH}:/home/vboxuser/ros2_ws/install/read_rosbag:/home/vboxuser/ros2_ws/install/py_pubsub:/home/vboxuser/ros2_ws/install/launch_testing_examples:/home/vboxuser/ros2_ws/install/examples_rclpy_pointcloud_publisher:/home/vboxuser/ros2_ws/install/examples_rclpy_minimal_subscriber:/home/vboxuser/ros2_ws/install/examples_rclpy_minimal_service:/home/vboxuser/ros2_ws/install/examples_rclpy_minimal_publisher:/home/vboxuser/ros2_ws/install/examples_rclpy_minimal_client:/home/vboxuser/ros2_ws/install/examples_rclpy_minimal_action_server:/home/vboxuser/ros2_ws/install/examples_rclpy_minimal_action_client:/home/vboxuser/ros2_ws/install/examples_rclpy_guard_conditions:/home/vboxuser/ros2_ws/install/examples_rclpy_executors:/home/vboxuser/ros2_ws/install/bms_visualizer:/opt/ros/iron:/home/vboxuser/ros2_iron/install/rqt_bag_plugins:/home/vboxuser/ros2_iron/install/rqt_bag:/home/vboxuser/ros2_iron/install/rosbag2_examples_py:/home/vboxuser/ros2_iron/install/launch_testing_examples:/home/vboxuser/ros2_iron/install/ros2bag:/home/vboxuser/ros2_iron/install/tracetools_test:/home/vboxuser/ros2_iron/install/tracetools_launch:/home/vboxuser/ros2_iron/install/topic_monitor:/home/vboxuser/ros2_iron/install/tf2_tools:/home/vboxuser/ros2_iron/install/examples_tf2_py:/home/vboxuser/ros2_iron/install/tf2_ros_py:/home/vboxuser/ros2_iron/install/examples_rclpy_pointcloud_publisher:/home/vboxuser/ros2_iron/install/sensor_msgs_py:/home/vboxuser/ros2_iron/install/quality_of_service_demo_py:/home/vboxuser/ros2_iron/install/rqt_plot:/home/vboxuser/ros2_iron/install/ros2doctor:/home/vboxuser/ros2_iron/install/lifecycle_py:/home/vboxuser/ros2_iron/install/examples_rclpy_minimal_subscriber:/home/vboxuser/ros2_iron/install/examples_rclpy_minimal_service:/home/vboxuser/ros2_iron/install/examples_rclpy_minimal_publisher:/home/vboxuser/ros2_iron/install/examples_rclpy_minimal_client:/home/vboxuser/ros2_iron/install/examples_rclpy_executors:/home/vboxuser/ros2_iron/install/demo_nodes_py:/home/vboxuser/ros2_iron/install/rqt:/home/vboxuser/ros2_iron/install/ros2component:/home/vboxuser/ros2_iron/install/sros2:/home/vboxuser/ros2_iron/install/rqt_topic:/home/vboxuser/ros2_iron/install/rqt_srv:/home/vboxuser/ros2_iron/install/rqt_shell:/home/vboxuser/ros2_iron/install/rqt_service_caller:/home/vboxuser/ros2_iron/install/rqt_reconfigure:/home/vboxuser/ros2_iron/install/rqt_py_console:/home/vboxuser/ros2_iron/install/rqt_publisher:/home/vboxuser/ros2_iron/install/rqt_action:/home/vboxuser/ros2_iron/install/rqt_msg:/home/vboxuser/ros2_iron/install/rqt_console:/home/vboxuser/ros2_iron/install/rqt_graph:/home/vboxuser/ros2_iron/install/rqt_gui_py:/home/vboxuser/ros2_iron/install/rqt_gui:/home/vboxuser/ros2_iron/install/ros2trace:/home/vboxuser/ros2_iron/install/ros2topic:/home/vboxuser/ros2_iron/install/ros2test:/home/vboxuser/ros2_iron/install/ros2param:/home/vboxuser/ros2_iron/install/ros2lifecycle:/home/vboxuser/ros2_iron/install/ros2service:/home/vboxuser/ros2_iron/install/ros2run:/home/vboxuser/ros2_iron/install/ros2launch:/home/vboxuser/ros2_iron/install/ros2pkg:/home/vboxuser/ros2_iron/install/ros2node:/home/vboxuser/ros2_iron/install/ros2multicast:/home/vboxuser/ros2_iron/install/ros2interface:/home/vboxuser/ros2_iron/install/ros2action:/home/vboxuser/ros2_iron/install/ros2cli:/home/vboxuser/ros2_iron/install/launch_testing_ros:/home/vboxuser/ros2_iron/install/launch_ros:/home/vboxuser/ros2_iron/install/examples_rclpy_minimal_action_server:/home/vboxuser/ros2_iron/install/examples_rclpy_minimal_action_client:/home/vboxuser/ros2_iron/install/examples_rclpy_guard_conditions:/home/vboxuser/ros2_iron/install/action_tutorials_py:/home/vboxuser/ros2_iron/install/ament_uncrustify:/home/vboxuser/ros2_iron/install/tracetools_trace:/home/vboxuser/ros2_iron/install/tracetools_read:/home/vboxuser/ros2_iron/install/test_tracetools_launch:/home/vboxuser/ros2_iron/install/test_ros2trace:/home/vboxuser/ros2_iron/install/test_launch_ros:/home/vboxuser/ros2_iron/install/rpyutils:/home/vboxuser/ros2_iron/install/rosidl_runtime_py:/home/vboxuser/ros2_iron/install/rosidl_pycommon:/home/vboxuser/ros2_iron/install/rosidl_cli:/home/vboxuser/ros2_iron/install/launch_pytest:/home/vboxuser/ros2_iron/install/launch_testing:/home/vboxuser/ros2_iron/install/launch_yaml:/home/vboxuser/ros2_iron/install/launch_xml:/home/vboxuser/ros2_iron/install/launch:/home/vboxuser/ros2_iron/install/osrf_pycommon:/home/vboxuser/ros2_iron/install/domain_coordinator:/home/vboxuser/ros2_iron/install/ament_xmllint:/home/vboxuser/ros2_iron/install/ament_pyflakes:/home/vboxuser/ros2_iron/install/ament_pycodestyle:/home/vboxuser/ros2_iron/install/ament_pep257:/home/vboxuser/ros2_iron/install/ament_pclint:/home/vboxuser/ros2_iron/install/ament_package:/home/vboxuser/ros2_iron/install/ament_mypy:/home/vboxuser/ros2_iron/install/ament_lint_cmake:/home/vboxuser/ros2_iron/install/ament_flake8:/home/vboxuser/ros2_iron/install/ament_copyright:/home/vboxuser/ros2_iron/install/ament_lint:/home/vboxuser/ros2_iron/install/ament_index_python:/home/vboxuser/ros2_iron/install/ament_cpplint:/home/vboxuser/ros2_iron/install/ament_cppcheck:/home/vboxuser/ros2_iron/install/ament_clang_tidy:/home/vboxuser/ros2_iron/install/ament_clang_format /usr/bin/cmake --install /home/vboxuser/ros2_ws/build/examples_rclcpp_multithreaded_executor
[5.593s] DEBUG:colcon.colcon_core.event_handler.log_command:Invoked command in '/home/vboxuser/ros2_ws/build/examples_rclcpp_minimal_subscriber' returned '0': CMAKE_PREFIX_PATH=${CMAKE_PREFIX_PATH}:/home/vboxuser/ros2_ws/install/read_rosbag:/home/vboxuser/ros2_ws/install/py_pubsub:/home/vboxuser/ros2_ws/install/launch_testing_examples:/home/vboxuser/ros2_ws/install/examples_rclpy_pointcloud_publisher:/home/vboxuser/ros2_ws/install/examples_rclpy_minimal_subscriber:/home/vboxuser/ros2_ws/install/examples_rclpy_minimal_service:/home/vboxuser/ros2_ws/install/examples_rclpy_minimal_publisher:/home/vboxuser/ros2_ws/install/examples_rclpy_minimal_client:/home/vboxuser/ros2_ws/install/examples_rclpy_minimal_action_server:/home/vboxuser/ros2_ws/install/examples_rclpy_minimal_action_client:/home/vboxuser/ros2_ws/install/examples_rclpy_guard_conditions:/home/vboxuser/ros2_ws/install/examples_rclpy_executors:/home/vboxuser/ros2_ws/install/bms_visualizer:/opt/ros/iron:/home/vboxuser/ros2_iron/install/rqt_bag_plugins:/home/vboxuser/ros2_iron/install/rqt_bag:/home/vboxuser/ros2_iron/install/rosbag2_examples_py:/home/vboxuser/ros2_iron/install/launch_testing_examples:/home/vboxuser/ros2_iron/install/ros2bag:/home/vboxuser/ros2_iron/install/tracetools_test:/home/vboxuser/ros2_iron/install/tracetools_launch:/home/vboxuser/ros2_iron/install/topic_monitor:/home/vboxuser/ros2_iron/install/tf2_tools:/home/vboxuser/ros2_iron/install/examples_tf2_py:/home/vboxuser/ros2_iron/install/tf2_ros_py:/home/vboxuser/ros2_iron/install/examples_rclpy_pointcloud_publisher:/home/vboxuser/ros2_iron/install/sensor_msgs_py:/home/vboxuser/ros2_iron/install/quality_of_service_demo_py:/home/vboxuser/ros2_iron/install/rqt_plot:/home/vboxuser/ros2_iron/install/ros2doctor:/home/vboxuser/ros2_iron/install/lifecycle_py:/home/vboxuser/ros2_iron/install/examples_rclpy_minimal_subscriber:/home/vboxuser/ros2_iron/install/examples_rclpy_minimal_service:/home/vboxuser/ros2_iron/install/examples_rclpy_minimal_publisher:/home/vboxuser/ros2_iron/install/examples_rclpy_minimal_client:/home/vboxuser/ros2_iron/install/examples_rclpy_executors:/home/vboxuser/ros2_iron/install/demo_nodes_py:/home/vboxuser/ros2_iron/install/rqt:/home/vboxuser/ros2_iron/install/ros2component:/home/vboxuser/ros2_iron/install/sros2:/home/vboxuser/ros2_iron/install/rqt_topic:/home/vboxuser/ros2_iron/install/rqt_srv:/home/vboxuser/ros2_iron/install/rqt_shell:/home/vboxuser/ros2_iron/install/rqt_service_caller:/home/vboxuser/ros2_iron/install/rqt_reconfigure:/home/vboxuser/ros2_iron/install/rqt_py_console:/home/vboxuser/ros2_iron/install/rqt_publisher:/home/vboxuser/ros2_iron/install/rqt_action:/home/vboxuser/ros2_iron/install/rqt_msg:/home/vboxuser/ros2_iron/install/rqt_console:/home/vboxuser/ros2_iron/install/rqt_graph:/home/vboxuser/ros2_iron/install/rqt_gui_py:/home/vboxuser/ros2_iron/install/rqt_gui:/home/vboxuser/ros2_iron/install/ros2trace:/home/vboxuser/ros2_iron/install/ros2topic:/home/vboxuser/ros2_iron/install/ros2test:/home/vboxuser/ros2_iron/install/ros2param:/home/vboxuser/ros2_iron/install/ros2lifecycle:/home/vboxuser/ros2_iron/install/ros2service:/home/vboxuser/ros2_iron/install/ros2run:/home/vboxuser/ros2_iron/install/ros2launch:/home/vboxuser/ros2_iron/install/ros2pkg:/home/vboxuser/ros2_iron/install/ros2node:/home/vboxuser/ros2_iron/install/ros2multicast:/home/vboxuser/ros2_iron/install/ros2interface:/home/vboxuser/ros2_iron/install/ros2action:/home/vboxuser/ros2_iron/install/ros2cli:/home/vboxuser/ros2_iron/install/launch_testing_ros:/home/vboxuser/ros2_iron/install/launch_ros:/home/vboxuser/ros2_iron/install/examples_rclpy_minimal_action_server:/home/vboxuser/ros2_iron/install/examples_rclpy_minimal_action_client:/home/vboxuser/ros2_iron/install/examples_rclpy_guard_conditions:/home/vboxuser/ros2_iron/install/action_tutorials_py:/home/vboxuser/ros2_iron/install/ament_uncrustify:/home/vboxuser/ros2_iron/install/tracetools_trace:/home/vboxuser/ros2_iron/install/tracetools_read:/home/vboxuser/ros2_iron/install/test_tracetools_launch:/home/vboxuser/ros2_iron/install/test_ros2trace:/home/vboxuser/ros2_iron/install/test_launch_ros:/home/vboxuser/ros2_iron/install/rpyutils:/home/vboxuser/ros2_iron/install/rosidl_runtime_py:/home/vboxuser/ros2_iron/install/rosidl_pycommon:/home/vboxuser/ros2_iron/install/rosidl_cli:/home/vboxuser/ros2_iron/install/launch_pytest:/home/vboxuser/ros2_iron/install/launch_testing:/home/vboxuser/ros2_iron/install/launch_yaml:/home/vboxuser/ros2_iron/install/launch_xml:/home/vboxuser/ros2_iron/install/launch:/home/vboxuser/ros2_iron/install/osrf_pycommon:/home/vboxuser/ros2_iron/install/domain_coordinator:/home/vboxuser/ros2_iron/install/ament_xmllint:/home/vboxuser/ros2_iron/install/ament_pyflakes:/home/vboxuser/ros2_iron/install/ament_pycodestyle:/home/vboxuser/ros2_iron/install/ament_pep257:/home/vboxuser/ros2_iron/install/ament_pclint:/home/vboxuser/ros2_iron/install/ament_package:/home/vboxuser/ros2_iron/install/ament_mypy:/home/vboxuser/ros2_iron/install/ament_lint_cmake:/home/vboxuser/ros2_iron/install/ament_flake8:/home/vboxuser/ros2_iron/install/ament_copyright:/home/vboxuser/ros2_iron/install/ament_lint:/home/vboxuser/ros2_iron/install/ament_index_python:/home/vboxuser/ros2_iron/install/ament_cpplint:/home/vboxuser/ros2_iron/install/ament_cppcheck:/home/vboxuser/ros2_iron/install/ament_clang_tidy:/home/vboxuser/ros2_iron/install/ament_clang_format /usr/bin/cmake --build /home/vboxuser/ros2_ws/build/examples_rclcpp_minimal_subscriber -- -j4 -l4
[5.601s] DEBUG:colcon.colcon_core.event_handler.log_command:Invoking command in '/home/vboxuser/ros2_ws/build/examples_rclcpp_minimal_subscriber': CMAKE_PREFIX_PATH=${CMAKE_PREFIX_PATH}:/home/vboxuser/ros2_ws/install/read_rosbag:/home/vboxuser/ros2_ws/install/py_pubsub:/home/vboxuser/ros2_ws/install/launch_testing_examples:/home/vboxuser/ros2_ws/install/examples_rclpy_pointcloud_publisher:/home/vboxuser/ros2_ws/install/examples_rclpy_minimal_subscriber:/home/vboxuser/ros2_ws/install/examples_rclpy_minimal_service:/home/vboxuser/ros2_ws/install/examples_rclpy_minimal_publisher:/home/vboxuser/ros2_ws/install/examples_rclpy_minimal_client:/home/vboxuser/ros2_ws/install/examples_rclpy_minimal_action_server:/home/vboxuser/ros2_ws/install/examples_rclpy_minimal_action_client:/home/vboxuser/ros2_ws/install/examples_rclpy_guard_conditions:/home/vboxuser/ros2_ws/install/examples_rclpy_executors:/home/vboxuser/ros2_ws/install/bms_visualizer:/opt/ros/iron:/home/vboxuser/ros2_iron/install/rqt_bag_plugins:/home/vboxuser/ros2_iron/install/rqt_bag:/home/vboxuser/ros2_iron/install/rosbag2_examples_py:/home/vboxuser/ros2_iron/install/launch_testing_examples:/home/vboxuser/ros2_iron/install/ros2bag:/home/vboxuser/ros2_iron/install/tracetools_test:/home/vboxuser/ros2_iron/install/tracetools_launch:/home/vboxuser/ros2_iron/install/topic_monitor:/home/vboxuser/ros2_iron/install/tf2_tools:/home/vboxuser/ros2_iron/install/examples_tf2_py:/home/vboxuser/ros2_iron/install/tf2_ros_py:/home/vboxuser/ros2_iron/install/examples_rclpy_pointcloud_publisher:/home/vboxuser/ros2_iron/install/sensor_msgs_py:/home/vboxuser/ros2_iron/install/quality_of_service_demo_py:/home/vboxuser/ros2_iron/install/rqt_plot:/home/vboxuser/ros2_iron/install/ros2doctor:/home/vboxuser/ros2_iron/install/lifecycle_py:/home/vboxuser/ros2_iron/install/examples_rclpy_minimal_subscriber:/home/vboxuser/ros2_iron/install/examples_rclpy_minimal_service:/home/vboxuser/ros2_iron/install/examples_rclpy_minimal_publisher:/home/vboxuser/ros2_iron/install/examples_rclpy_minimal_client:/home/vboxuser/ros2_iron/install/examples_rclpy_executors:/home/vboxuser/ros2_iron/install/demo_nodes_py:/home/vboxuser/ros2_iron/install/rqt:/home/vboxuser/ros2_iron/install/ros2component:/home/vboxuser/ros2_iron/install/sros2:/home/vboxuser/ros2_iron/install/rqt_topic:/home/vboxuser/ros2_iron/install/rqt_srv:/home/vboxuser/ros2_iron/install/rqt_shell:/home/vboxuser/ros2_iron/install/rqt_service_caller:/home/vboxuser/ros2_iron/install/rqt_reconfigure:/home/vboxuser/ros2_iron/install/rqt_py_console:/home/vboxuser/ros2_iron/install/rqt_publisher:/home/vboxuser/ros2_iron/install/rqt_action:/home/vboxuser/ros2_iron/install/rqt_msg:/home/vboxuser/ros2_iron/install/rqt_console:/home/vboxuser/ros2_iron/install/rqt_graph:/home/vboxuser/ros2_iron/install/rqt_gui_py:/home/vboxuser/ros2_iron/install/rqt_gui:/home/vboxuser/ros2_iron/install/ros2trace:/home/vboxuser/ros2_iron/install/ros2topic:/home/vboxuser/ros2_iron/install/ros2test:/home/vboxuser/ros2_iron/install/ros2param:/home/vboxuser/ros2_iron/install/ros2lifecycle:/home/vboxuser/ros2_iron/install/ros2service:/home/vboxuser/ros2_iron/install/ros2run:/home/vboxuser/ros2_iron/install/ros2launch:/home/vboxuser/ros2_iron/install/ros2pkg:/home/vboxuser/ros2_iron/install/ros2node:/home/vboxuser/ros2_iron/install/ros2multicast:/home/vboxuser/ros2_iron/install/ros2interface:/home/vboxuser/ros2_iron/install/ros2action:/home/vboxuser/ros2_iron/install/ros2cli:/home/vboxuser/ros2_iron/install/launch_testing_ros:/home/vboxuser/ros2_iron/install/launch_ros:/home/vboxuser/ros2_iron/install/examples_rclpy_minimal_action_server:/home/vboxuser/ros2_iron/install/examples_rclpy_minimal_action_client:/home/vboxuser/ros2_iron/install/examples_rclpy_guard_conditions:/home/vboxuser/ros2_iron/install/action_tutorials_py:/home/vboxuser/ros2_iron/install/ament_uncrustify:/home/vboxuser/ros2_iron/install/tracetools_trace:/home/vboxuser/ros2_iron/install/tracetools_read:/home/vboxuser/ros2_iron/install/test_tracetools_launch:/home/vboxuser/ros2_iron/install/test_ros2trace:/home/vboxuser/ros2_iron/install/test_launch_ros:/home/vboxuser/ros2_iron/install/rpyutils:/home/vboxuser/ros2_iron/install/rosidl_runtime_py:/home/vboxuser/ros2_iron/install/rosidl_pycommon:/home/vboxuser/ros2_iron/install/rosidl_cli:/home/vboxuser/ros2_iron/install/launch_pytest:/home/vboxuser/ros2_iron/install/launch_testing:/home/vboxuser/ros2_iron/install/launch_yaml:/home/vboxuser/ros2_iron/install/launch_xml:/home/vboxuser/ros2_iron/install/launch:/home/vboxuser/ros2_iron/install/osrf_pycommon:/home/vboxuser/ros2_iron/install/domain_coordinator:/home/vboxuser/ros2_iron/install/ament_xmllint:/home/vboxuser/ros2_iron/install/ament_pyflakes:/home/vboxuser/ros2_iron/install/ament_pycodestyle:/home/vboxuser/ros2_iron/install/ament_pep257:/home/vboxuser/ros2_iron/install/ament_pclint:/home/vboxuser/ros2_iron/install/ament_package:/home/vboxuser/ros2_iron/install/ament_mypy:/home/vboxuser/ros2_iron/install/ament_lint_cmake:/home/vboxuser/ros2_iron/install/ament_flake8:/home/vboxuser/ros2_iron/install/ament_copyright:/home/vboxuser/ros2_iron/install/ament_lint:/home/vboxuser/ros2_iron/install/ament_index_python:/home/vboxuser/ros2_iron/install/ament_cpplint:/home/vboxuser/ros2_iron/install/ament_cppcheck:/home/vboxuser/ros2_iron/install/ament_clang_tidy:/home/vboxuser/ros2_iron/install/ament_clang_format /usr/bin/cmake --install /home/vboxuser/ros2_ws/build/examples_rclcpp_minimal_subscriber
[5.686s] DEBUG:colcon.colcon_core.event_handler.log_command:Invoking command in '/home/vboxuser/ros2_ws/build/examples_rclcpp_wait_set': CMAKE_PREFIX_PATH=${CMAKE_PREFIX_PATH}:/home/vboxuser/ros2_ws/install/read_rosbag:/home/vboxuser/ros2_ws/install/py_pubsub:/home/vboxuser/ros2_ws/install/launch_testing_examples:/home/vboxuser/ros2_ws/install/examples_rclpy_pointcloud_publisher:/home/vboxuser/ros2_ws/install/examples_rclpy_minimal_subscriber:/home/vboxuser/ros2_ws/install/examples_rclpy_minimal_service:/home/vboxuser/ros2_ws/install/examples_rclpy_minimal_publisher:/home/vboxuser/ros2_ws/install/examples_rclpy_minimal_client:/home/vboxuser/ros2_ws/install/examples_rclpy_minimal_action_server:/home/vboxuser/ros2_ws/install/examples_rclpy_minimal_action_client:/home/vboxuser/ros2_ws/install/examples_rclpy_guard_conditions:/home/vboxuser/ros2_ws/install/examples_rclpy_executors:/home/vboxuser/ros2_ws/install/bms_visualizer:/opt/ros/iron:/home/vboxuser/ros2_iron/install/rqt_bag_plugins:/home/vboxuser/ros2_iron/install/rqt_bag:/home/vboxuser/ros2_iron/install/rosbag2_examples_py:/home/vboxuser/ros2_iron/install/launch_testing_examples:/home/vboxuser/ros2_iron/install/ros2bag:/home/vboxuser/ros2_iron/install/tracetools_test:/home/vboxuser/ros2_iron/install/tracetools_launch:/home/vboxuser/ros2_iron/install/topic_monitor:/home/vboxuser/ros2_iron/install/tf2_tools:/home/vboxuser/ros2_iron/install/examples_tf2_py:/home/vboxuser/ros2_iron/install/tf2_ros_py:/home/vboxuser/ros2_iron/install/examples_rclpy_pointcloud_publisher:/home/vboxuser/ros2_iron/install/sensor_msgs_py:/home/vboxuser/ros2_iron/install/quality_of_service_demo_py:/home/vboxuser/ros2_iron/install/rqt_plot:/home/vboxuser/ros2_iron/install/ros2doctor:/home/vboxuser/ros2_iron/install/lifecycle_py:/home/vboxuser/ros2_iron/install/examples_rclpy_minimal_subscriber:/home/vboxuser/ros2_iron/install/examples_rclpy_minimal_service:/home/vboxuser/ros2_iron/install/examples_rclpy_minimal_publisher:/home/vboxuser/ros2_iron/install/examples_rclpy_minimal_client:/home/vboxuser/ros2_iron/install/examples_rclpy_executors:/home/vboxuser/ros2_iron/install/demo_nodes_py:/home/vboxuser/ros2_iron/install/rqt:/home/vboxuser/ros2_iron/install/ros2component:/home/vboxuser/ros2_iron/install/sros2:/home/vboxuser/ros2_iron/install/rqt_topic:/home/vboxuser/ros2_iron/install/rqt_srv:/home/vboxuser/ros2_iron/install/rqt_shell:/home/vboxuser/ros2_iron/install/rqt_service_caller:/home/vboxuser/ros2_iron/install/rqt_reconfigure:/home/vboxuser/ros2_iron/install/rqt_py_console:/home/vboxuser/ros2_iron/install/rqt_publisher:/home/vboxuser/ros2_iron/install/rqt_action:/home/vboxuser/ros2_iron/install/rqt_msg:/home/vboxuser/ros2_iron/install/rqt_console:/home/vboxuser/ros2_iron/install/rqt_graph:/home/vboxuser/ros2_iron/install/rqt_gui_py:/home/vboxuser/ros2_iron/install/rqt_gui:/home/vboxuser/ros2_iron/install/ros2trace:/home/vboxuser/ros2_iron/install/ros2topic:/home/vboxuser/ros2_iron/install/ros2test:/home/vboxuser/ros2_iron/install/ros2param:/home/vboxuser/ros2_iron/install/ros2lifecycle:/home/vboxuser/ros2_iron/install/ros2service:/home/vboxuser/ros2_iron/install/ros2run:/home/vboxuser/ros2_iron/install/ros2launch:/home/vboxuser/ros2_iron/install/ros2pkg:/home/vboxuser/ros2_iron/install/ros2node:/home/vboxuser/ros2_iron/install/ros2multicast:/home/vboxuser/ros2_iron/install/ros2interface:/home/vboxuser/ros2_iron/install/ros2action:/home/vboxuser/ros2_iron/install/ros2cli:/home/vboxuser/ros2_iron/install/launch_testing_ros:/home/vboxuser/ros2_iron/install/launch_ros:/home/vboxuser/ros2_iron/install/examples_rclpy_minimal_action_server:/home/vboxuser/ros2_iron/install/examples_rclpy_minimal_action_client:/home/vboxuser/ros2_iron/install/examples_rclpy_guard_conditions:/home/vboxuser/ros2_iron/install/action_tutorials_py:/home/vboxuser/ros2_iron/install/ament_uncrustify:/home/vboxuser/ros2_iron/install/tracetools_trace:/home/vboxuser/ros2_iron/install/tracetools_read:/home/vboxuser/ros2_iron/install/test_tracetools_launch:/home/vboxuser/ros2_iron/install/test_ros2trace:/home/vboxuser/ros2_iron/install/test_launch_ros:/home/vboxuser/ros2_iron/install/rpyutils:/home/vboxuser/ros2_iron/install/rosidl_runtime_py:/home/vboxuser/ros2_iron/install/rosidl_pycommon:/home/vboxuser/ros2_iron/install/rosidl_cli:/home/vboxuser/ros2_iron/install/launch_pytest:/home/vboxuser/ros2_iron/install/launch_testing:/home/vboxuser/ros2_iron/install/launch_yaml:/home/vboxuser/ros2_iron/install/launch_xml:/home/vboxuser/ros2_iron/install/launch:/home/vboxuser/ros2_iron/install/osrf_pycommon:/home/vboxuser/ros2_iron/install/domain_coordinator:/home/vboxuser/ros2_iron/install/ament_xmllint:/home/vboxuser/ros2_iron/install/ament_pyflakes:/home/vboxuser/ros2_iron/install/ament_pycodestyle:/home/vboxuser/ros2_iron/install/ament_pep257:/home/vboxuser/ros2_iron/install/ament_pclint:/home/vboxuser/ros2_iron/install/ament_package:/home/vboxuser/ros2_iron/install/ament_mypy:/home/vboxuser/ros2_iron/install/ament_lint_cmake:/home/vboxuser/ros2_iron/install/ament_flake8:/home/vboxuser/ros2_iron/install/ament_copyright:/home/vboxuser/ros2_iron/install/ament_lint:/home/vboxuser/ros2_iron/install/ament_index_python:/home/vboxuser/ros2_iron/install/ament_cpplint:/home/vboxuser/ros2_iron/install/ament_cppcheck:/home/vboxuser/ros2_iron/install/ament_clang_tidy:/home/vboxuser/ros2_iron/install/ament_clang_format /usr/bin/cmake --build /home/vboxuser/ros2_ws/build/examples_rclcpp_wait_set -- -j4 -l4
[5.694s] DEBUG:colcon.colcon_core.event_handler.log_command:Invoked command in '/home/vboxuser/ros2_ws/build/examples_rclcpp_minimal_timer' returned '0': CMAKE_PREFIX_PATH=${CMAKE_PREFIX_PATH}:/home/vboxuser/ros2_ws/install/read_rosbag:/home/vboxuser/ros2_ws/install/py_pubsub:/home/vboxuser/ros2_ws/install/launch_testing_examples:/home/vboxuser/ros2_ws/install/examples_rclpy_pointcloud_publisher:/home/vboxuser/ros2_ws/install/examples_rclpy_minimal_subscriber:/home/vboxuser/ros2_ws/install/examples_rclpy_minimal_service:/home/vboxuser/ros2_ws/install/examples_rclpy_minimal_publisher:/home/vboxuser/ros2_ws/install/examples_rclpy_minimal_client:/home/vboxuser/ros2_ws/install/examples_rclpy_minimal_action_server:/home/vboxuser/ros2_ws/install/examples_rclpy_minimal_action_client:/home/vboxuser/ros2_ws/install/examples_rclpy_guard_conditions:/home/vboxuser/ros2_ws/install/examples_rclpy_executors:/home/vboxuser/ros2_ws/install/bms_visualizer:/opt/ros/iron:/home/vboxuser/ros2_iron/install/rqt_bag_plugins:/home/vboxuser/ros2_iron/install/rqt_bag:/home/vboxuser/ros2_iron/install/rosbag2_examples_py:/home/vboxuser/ros2_iron/install/launch_testing_examples:/home/vboxuser/ros2_iron/install/ros2bag:/home/vboxuser/ros2_iron/install/tracetools_test:/home/vboxuser/ros2_iron/install/tracetools_launch:/home/vboxuser/ros2_iron/install/topic_monitor:/home/vboxuser/ros2_iron/install/tf2_tools:/home/vboxuser/ros2_iron/install/examples_tf2_py:/home/vboxuser/ros2_iron/install/tf2_ros_py:/home/vboxuser/ros2_iron/install/examples_rclpy_pointcloud_publisher:/home/vboxuser/ros2_iron/install/sensor_msgs_py:/home/vboxuser/ros2_iron/install/quality_of_service_demo_py:/home/vboxuser/ros2_iron/install/rqt_plot:/home/vboxuser/ros2_iron/install/ros2doctor:/home/vboxuser/ros2_iron/install/lifecycle_py:/home/vboxuser/ros2_iron/install/examples_rclpy_minimal_subscriber:/home/vboxuser/ros2_iron/install/examples_rclpy_minimal_service:/home/vboxuser/ros2_iron/install/examples_rclpy_minimal_publisher:/home/vboxuser/ros2_iron/install/examples_rclpy_minimal_client:/home/vboxuser/ros2_iron/install/examples_rclpy_executors:/home/vboxuser/ros2_iron/install/demo_nodes_py:/home/vboxuser/ros2_iron/install/rqt:/home/vboxuser/ros2_iron/install/ros2component:/home/vboxuser/ros2_iron/install/sros2:/home/vboxuser/ros2_iron/install/rqt_topic:/home/vboxuser/ros2_iron/install/rqt_srv:/home/vboxuser/ros2_iron/install/rqt_shell:/home/vboxuser/ros2_iron/install/rqt_service_caller:/home/vboxuser/ros2_iron/install/rqt_reconfigure:/home/vboxuser/ros2_iron/install/rqt_py_console:/home/vboxuser/ros2_iron/install/rqt_publisher:/home/vboxuser/ros2_iron/install/rqt_action:/home/vboxuser/ros2_iron/install/rqt_msg:/home/vboxuser/ros2_iron/install/rqt_console:/home/vboxuser/ros2_iron/install/rqt_graph:/home/vboxuser/ros2_iron/install/rqt_gui_py:/home/vboxuser/ros2_iron/install/rqt_gui:/home/vboxuser/ros2_iron/install/ros2trace:/home/vboxuser/ros2_iron/install/ros2topic:/home/vboxuser/ros2_iron/install/ros2test:/home/vboxuser/ros2_iron/install/ros2param:/home/vboxuser/ros2_iron/install/ros2lifecycle:/home/vboxuser/ros2_iron/install/ros2service:/home/vboxuser/ros2_iron/install/ros2run:/home/vboxuser/ros2_iron/install/ros2launch:/home/vboxuser/ros2_iron/install/ros2pkg:/home/vboxuser/ros2_iron/install/ros2node:/home/vboxuser/ros2_iron/install/ros2multicast:/home/vboxuser/ros2_iron/install/ros2interface:/home/vboxuser/ros2_iron/install/ros2action:/home/vboxuser/ros2_iron/install/ros2cli:/home/vboxuser/ros2_iron/install/launch_testing_ros:/home/vboxuser/ros2_iron/install/launch_ros:/home/vboxuser/ros2_iron/install/examples_rclpy_minimal_action_server:/home/vboxuser/ros2_iron/install/examples_rclpy_minimal_action_client:/home/vboxuser/ros2_iron/install/examples_rclpy_guard_conditions:/home/vboxuser/ros2_iron/install/action_tutorials_py:/home/vboxuser/ros2_iron/install/ament_uncrustify:/home/vboxuser/ros2_iron/install/tracetools_trace:/home/vboxuser/ros2_iron/install/tracetools_read:/home/vboxuser/ros2_iron/install/test_tracetools_launch:/home/vboxuser/ros2_iron/install/test_ros2trace:/home/vboxuser/ros2_iron/install/test_launch_ros:/home/vboxuser/ros2_iron/install/rpyutils:/home/vboxuser/ros2_iron/install/rosidl_runtime_py:/home/vboxuser/ros2_iron/install/rosidl_pycommon:/home/vboxuser/ros2_iron/install/rosidl_cli:/home/vboxuser/ros2_iron/install/launch_pytest:/home/vboxuser/ros2_iron/install/launch_testing:/home/vboxuser/ros2_iron/install/launch_yaml:/home/vboxuser/ros2_iron/install/launch_xml:/home/vboxuser/ros2_iron/install/launch:/home/vboxuser/ros2_iron/install/osrf_pycommon:/home/vboxuser/ros2_iron/install/domain_coordinator:/home/vboxuser/ros2_iron/install/ament_xmllint:/home/vboxuser/ros2_iron/install/ament_pyflakes:/home/vboxuser/ros2_iron/install/ament_pycodestyle:/home/vboxuser/ros2_iron/install/ament_pep257:/home/vboxuser/ros2_iron/install/ament_pclint:/home/vboxuser/ros2_iron/install/ament_package:/home/vboxuser/ros2_iron/install/ament_mypy:/home/vboxuser/ros2_iron/install/ament_lint_cmake:/home/vboxuser/ros2_iron/install/ament_flake8:/home/vboxuser/ros2_iron/install/ament_copyright:/home/vboxuser/ros2_iron/install/ament_lint:/home/vboxuser/ros2_iron/install/ament_index_python:/home/vboxuser/ros2_iron/install/ament_cpplint:/home/vboxuser/ros2_iron/install/ament_cppcheck:/home/vboxuser/ros2_iron/install/ament_clang_tidy:/home/vboxuser/ros2_iron/install/ament_clang_format /usr/bin/cmake --build /home/vboxuser/ros2_ws/build/examples_rclcpp_minimal_timer -- -j4 -l4
[5.697s] DEBUG:colcon.colcon_core.event_handler.log_command:Invoking command in '/home/vboxuser/ros2_ws/build/examples_rclcpp_minimal_timer': CMAKE_PREFIX_PATH=${CMAKE_PREFIX_PATH}:/home/vboxuser/ros2_ws/install/read_rosbag:/home/vboxuser/ros2_ws/install/py_pubsub:/home/vboxuser/ros2_ws/install/launch_testing_examples:/home/vboxuser/ros2_ws/install/examples_rclpy_pointcloud_publisher:/home/vboxuser/ros2_ws/install/examples_rclpy_minimal_subscriber:/home/vboxuser/ros2_ws/install/examples_rclpy_minimal_service:/home/vboxuser/ros2_ws/install/examples_rclpy_minimal_publisher:/home/vboxuser/ros2_ws/install/examples_rclpy_minimal_client:/home/vboxuser/ros2_ws/install/examples_rclpy_minimal_action_server:/home/vboxuser/ros2_ws/install/examples_rclpy_minimal_action_client:/home/vboxuser/ros2_ws/install/examples_rclpy_guard_conditions:/home/vboxuser/ros2_ws/install/examples_rclpy_executors:/home/vboxuser/ros2_ws/install/bms_visualizer:/opt/ros/iron:/home/vboxuser/ros2_iron/install/rqt_bag_plugins:/home/vboxuser/ros2_iron/install/rqt_bag:/home/vboxuser/ros2_iron/install/rosbag2_examples_py:/home/vboxuser/ros2_iron/install/launch_testing_examples:/home/vboxuser/ros2_iron/install/ros2bag:/home/vboxuser/ros2_iron/install/tracetools_test:/home/vboxuser/ros2_iron/install/tracetools_launch:/home/vboxuser/ros2_iron/install/topic_monitor:/home/vboxuser/ros2_iron/install/tf2_tools:/home/vboxuser/ros2_iron/install/examples_tf2_py:/home/vboxuser/ros2_iron/install/tf2_ros_py:/home/vboxuser/ros2_iron/install/examples_rclpy_pointcloud_publisher:/home/vboxuser/ros2_iron/install/sensor_msgs_py:/home/vboxuser/ros2_iron/install/quality_of_service_demo_py:/home/vboxuser/ros2_iron/install/rqt_plot:/home/vboxuser/ros2_iron/install/ros2doctor:/home/vboxuser/ros2_iron/install/lifecycle_py:/home/vboxuser/ros2_iron/install/examples_rclpy_minimal_subscriber:/home/vboxuser/ros2_iron/install/examples_rclpy_minimal_service:/home/vboxuser/ros2_iron/install/examples_rclpy_minimal_publisher:/home/vboxuser/ros2_iron/install/examples_rclpy_minimal_client:/home/vboxuser/ros2_iron/install/examples_rclpy_executors:/home/vboxuser/ros2_iron/install/demo_nodes_py:/home/vboxuser/ros2_iron/install/rqt:/home/vboxuser/ros2_iron/install/ros2component:/home/vboxuser/ros2_iron/install/sros2:/home/vboxuser/ros2_iron/install/rqt_topic:/home/vboxuser/ros2_iron/install/rqt_srv:/home/vboxuser/ros2_iron/install/rqt_shell:/home/vboxuser/ros2_iron/install/rqt_service_caller:/home/vboxuser/ros2_iron/install/rqt_reconfigure:/home/vboxuser/ros2_iron/install/rqt_py_console:/home/vboxuser/ros2_iron/install/rqt_publisher:/home/vboxuser/ros2_iron/install/rqt_action:/home/vboxuser/ros2_iron/install/rqt_msg:/home/vboxuser/ros2_iron/install/rqt_console:/home/vboxuser/ros2_iron/install/rqt_graph:/home/vboxuser/ros2_iron/install/rqt_gui_py:/home/vboxuser/ros2_iron/install/rqt_gui:/home/vboxuser/ros2_iron/install/ros2trace:/home/vboxuser/ros2_iron/install/ros2topic:/home/vboxuser/ros2_iron/install/ros2test:/home/vboxuser/ros2_iron/install/ros2param:/home/vboxuser/ros2_iron/install/ros2lifecycle:/home/vboxuser/ros2_iron/install/ros2service:/home/vboxuser/ros2_iron/install/ros2run:/home/vboxuser/ros2_iron/install/ros2launch:/home/vboxuser/ros2_iron/install/ros2pkg:/home/vboxuser/ros2_iron/install/ros2node:/home/vboxuser/ros2_iron/install/ros2multicast:/home/vboxuser/ros2_iron/install/ros2interface:/home/vboxuser/ros2_iron/install/ros2action:/home/vboxuser/ros2_iron/install/ros2cli:/home/vboxuser/ros2_iron/install/launch_testing_ros:/home/vboxuser/ros2_iron/install/launch_ros:/home/vboxuser/ros2_iron/install/examples_rclpy_minimal_action_server:/home/vboxuser/ros2_iron/install/examples_rclpy_minimal_action_client:/home/vboxuser/ros2_iron/install/examples_rclpy_guard_conditions:/home/vboxuser/ros2_iron/install/action_tutorials_py:/home/vboxuser/ros2_iron/install/ament_uncrustify:/home/vboxuser/ros2_iron/install/tracetools_trace:/home/vboxuser/ros2_iron/install/tracetools_read:/home/vboxuser/ros2_iron/install/test_tracetools_launch:/home/vboxuser/ros2_iron/install/test_ros2trace:/home/vboxuser/ros2_iron/install/test_launch_ros:/home/vboxuser/ros2_iron/install/rpyutils:/home/vboxuser/ros2_iron/install/rosidl_runtime_py:/home/vboxuser/ros2_iron/install/rosidl_pycommon:/home/vboxuser/ros2_iron/install/rosidl_cli:/home/vboxuser/ros2_iron/install/launch_pytest:/home/vboxuser/ros2_iron/install/launch_testing:/home/vboxuser/ros2_iron/install/launch_yaml:/home/vboxuser/ros2_iron/install/launch_xml:/home/vboxuser/ros2_iron/install/launch:/home/vboxuser/ros2_iron/install/osrf_pycommon:/home/vboxuser/ros2_iron/install/domain_coordinator:/home/vboxuser/ros2_iron/install/ament_xmllint:/home/vboxuser/ros2_iron/install/ament_pyflakes:/home/vboxuser/ros2_iron/install/ament_pycodestyle:/home/vboxuser/ros2_iron/install/ament_pep257:/home/vboxuser/ros2_iron/install/ament_pclint:/home/vboxuser/ros2_iron/install/ament_package:/home/vboxuser/ros2_iron/install/ament_mypy:/home/vboxuser/ros2_iron/install/ament_lint_cmake:/home/vboxuser/ros2_iron/install/ament_flake8:/home/vboxuser/ros2_iron/install/ament_copyright:/home/vboxuser/ros2_iron/install/ament_lint:/home/vboxuser/ros2_iron/install/ament_index_python:/home/vboxuser/ros2_iron/install/ament_cpplint:/home/vboxuser/ros2_iron/install/ament_cppcheck:/home/vboxuser/ros2_iron/install/ament_clang_tidy:/home/vboxuser/ros2_iron/install/ament_clang_format /usr/bin/cmake --install /home/vboxuser/ros2_ws/build/examples_rclcpp_minimal_timer
[5.761s] Level 1:colcon.colcon_core.environment:create_environment_scripts_only(examples_rclcpp_multithreaded_executor)
[5.762s] Level 1:colcon.colcon_core.environment:checking '/home/vboxuser/ros2_ws/install/examples_rclcpp_multithreaded_executor' for CMake module files
[5.763s] Level 1:colcon.colcon_core.environment:checking '/home/vboxuser/ros2_ws/install/examples_rclcpp_multithreaded_executor' for CMake config files
[5.772s] DEBUG:colcon.colcon_core.event_handler.log_command:Invoked command in '/home/vboxuser/ros2_ws/build/examples_rclcpp_multithreaded_executor' returned '0': CMAKE_PREFIX_PATH=${CMAKE_PREFIX_PATH}:/home/vboxuser/ros2_ws/install/read_rosbag:/home/vboxuser/ros2_ws/install/py_pubsub:/home/vboxuser/ros2_ws/install/launch_testing_examples:/home/vboxuser/ros2_ws/install/examples_rclpy_pointcloud_publisher:/home/vboxuser/ros2_ws/install/examples_rclpy_minimal_subscriber:/home/vboxuser/ros2_ws/install/examples_rclpy_minimal_service:/home/vboxuser/ros2_ws/install/examples_rclpy_minimal_publisher:/home/vboxuser/ros2_ws/install/examples_rclpy_minimal_client:/home/vboxuser/ros2_ws/install/examples_rclpy_minimal_action_server:/home/vboxuser/ros2_ws/install/examples_rclpy_minimal_action_client:/home/vboxuser/ros2_ws/install/examples_rclpy_guard_conditions:/home/vboxuser/ros2_ws/install/examples_rclpy_executors:/home/vboxuser/ros2_ws/install/bms_visualizer:/opt/ros/iron:/home/vboxuser/ros2_iron/install/rqt_bag_plugins:/home/vboxuser/ros2_iron/install/rqt_bag:/home/vboxuser/ros2_iron/install/rosbag2_examples_py:/home/vboxuser/ros2_iron/install/launch_testing_examples:/home/vboxuser/ros2_iron/install/ros2bag:/home/vboxuser/ros2_iron/install/tracetools_test:/home/vboxuser/ros2_iron/install/tracetools_launch:/home/vboxuser/ros2_iron/install/topic_monitor:/home/vboxuser/ros2_iron/install/tf2_tools:/home/vboxuser/ros2_iron/install/examples_tf2_py:/home/vboxuser/ros2_iron/install/tf2_ros_py:/home/vboxuser/ros2_iron/install/examples_rclpy_pointcloud_publisher:/home/vboxuser/ros2_iron/install/sensor_msgs_py:/home/vboxuser/ros2_iron/install/quality_of_service_demo_py:/home/vboxuser/ros2_iron/install/rqt_plot:/home/vboxuser/ros2_iron/install/ros2doctor:/home/vboxuser/ros2_iron/install/lifecycle_py:/home/vboxuser/ros2_iron/install/examples_rclpy_minimal_subscriber:/home/vboxuser/ros2_iron/install/examples_rclpy_minimal_service:/home/vboxuser/ros2_iron/install/examples_rclpy_minimal_publisher:/home/vboxuser/ros2_iron/install/examples_rclpy_minimal_client:/home/vboxuser/ros2_iron/install/examples_rclpy_executors:/home/vboxuser/ros2_iron/install/demo_nodes_py:/home/vboxuser/ros2_iron/install/rqt:/home/vboxuser/ros2_iron/install/ros2component:/home/vboxuser/ros2_iron/install/sros2:/home/vboxuser/ros2_iron/install/rqt_topic:/home/vboxuser/ros2_iron/install/rqt_srv:/home/vboxuser/ros2_iron/install/rqt_shell:/home/vboxuser/ros2_iron/install/rqt_service_caller:/home/vboxuser/ros2_iron/install/rqt_reconfigure:/home/vboxuser/ros2_iron/install/rqt_py_console:/home/vboxuser/ros2_iron/install/rqt_publisher:/home/vboxuser/ros2_iron/install/rqt_action:/home/vboxuser/ros2_iron/install/rqt_msg:/home/vboxuser/ros2_iron/install/rqt_console:/home/vboxuser/ros2_iron/install/rqt_graph:/home/vboxuser/ros2_iron/install/rqt_gui_py:/home/vboxuser/ros2_iron/install/rqt_gui:/home/vboxuser/ros2_iron/install/ros2trace:/home/vboxuser/ros2_iron/install/ros2topic:/home/vboxuser/ros2_iron/install/ros2test:/home/vboxuser/ros2_iron/install/ros2param:/home/vboxuser/ros2_iron/install/ros2lifecycle:/home/vboxuser/ros2_iron/install/ros2service:/home/vboxuser/ros2_iron/install/ros2run:/home/vboxuser/ros2_iron/install/ros2launch:/home/vboxuser/ros2_iron/install/ros2pkg:/home/vboxuser/ros2_iron/install/ros2node:/home/vboxuser/ros2_iron/install/ros2multicast:/home/vboxuser/ros2_iron/install/ros2interface:/home/vboxuser/ros2_iron/install/ros2action:/home/vboxuser/ros2_iron/install/ros2cli:/home/vboxuser/ros2_iron/install/launch_testing_ros:/home/vboxuser/ros2_iron/install/launch_ros:/home/vboxuser/ros2_iron/install/examples_rclpy_minimal_action_server:/home/vboxuser/ros2_iron/install/examples_rclpy_minimal_action_client:/home/vboxuser/ros2_iron/install/examples_rclpy_guard_conditions:/home/vboxuser/ros2_iron/install/action_tutorials_py:/home/vboxuser/ros2_iron/install/ament_uncrustify:/home/vboxuser/ros2_iron/install/tracetools_trace:/home/vboxuser/ros2_iron/install/tracetools_read:/home/vboxuser/ros2_iron/install/test_tracetools_launch:/home/vboxuser/ros2_iron/install/test_ros2trace:/home/vboxuser/ros2_iron/install/test_launch_ros:/home/vboxuser/ros2_iron/install/rpyutils:/home/vboxuser/ros2_iron/install/rosidl_runtime_py:/home/vboxuser/ros2_iron/install/rosidl_pycommon:/home/vboxuser/ros2_iron/install/rosidl_cli:/home/vboxuser/ros2_iron/install/launch_pytest:/home/vboxuser/ros2_iron/install/launch_testing:/home/vboxuser/ros2_iron/install/launch_yaml:/home/vboxuser/ros2_iron/install/launch_xml:/home/vboxuser/ros2_iron/install/launch:/home/vboxuser/ros2_iron/install/osrf_pycommon:/home/vboxuser/ros2_iron/install/domain_coordinator:/home/vboxuser/ros2_iron/install/ament_xmllint:/home/vboxuser/ros2_iron/install/ament_pyflakes:/home/vboxuser/ros2_iron/install/ament_pycodestyle:/home/vboxuser/ros2_iron/install/ament_pep257:/home/vboxuser/ros2_iron/install/ament_pclint:/home/vboxuser/ros2_iron/install/ament_package:/home/vboxuser/ros2_iron/install/ament_mypy:/home/vboxuser/ros2_iron/install/ament_lint_cmake:/home/vboxuser/ros2_iron/install/ament_flake8:/home/vboxuser/ros2_iron/install/ament_copyright:/home/vboxuser/ros2_iron/install/ament_lint:/home/vboxuser/ros2_iron/install/ament_index_python:/home/vboxuser/ros2_iron/install/ament_cpplint:/home/vboxuser/ros2_iron/install/ament_cppcheck:/home/vboxuser/ros2_iron/install/ament_clang_tidy:/home/vboxuser/ros2_iron/install/ament_clang_format /usr/bin/cmake --install /home/vboxuser/ros2_ws/build/examples_rclcpp_multithreaded_executor
[5.778s] Level 1:colcon.colcon_core.shell:create_environment_hook('examples_rclcpp_multithreaded_executor', 'cmake_prefix_path')
[5.779s] INFO:colcon.colcon_core.shell:Creating environment hook '/home/vboxuser/ros2_ws/install/examples_rclcpp_multithreaded_executor/share/examples_rclcpp_multithreaded_executor/hook/cmake_prefix_path.ps1'
[5.790s] INFO:colcon.colcon_core.shell:Creating environment descriptor '/home/vboxuser/ros2_ws/install/examples_rclcpp_multithreaded_executor/share/examples_rclcpp_multithreaded_executor/hook/cmake_prefix_path.dsv'
[5.791s] INFO:colcon.colcon_core.shell:Creating environment hook '/home/vboxuser/ros2_ws/install/examples_rclcpp_multithreaded_executor/share/examples_rclcpp_multithreaded_executor/hook/cmake_prefix_path.sh'
[5.797s] Level 1:colcon.colcon_core.environment:checking '/home/vboxuser/ros2_ws/install/examples_rclcpp_multithreaded_executor/lib'
[5.798s] Level 1:colcon.colcon_core.environment:checking '/home/vboxuser/ros2_ws/install/examples_rclcpp_multithreaded_executor/bin'
[5.798s] Level 1:colcon.colcon_core.environment:checking '/home/vboxuser/ros2_ws/install/examples_rclcpp_multithreaded_executor/lib/pkgconfig/examples_rclcpp_multithreaded_executor.pc'
[5.799s] Level 1:colcon.colcon_core.environment:checking '/home/vboxuser/ros2_ws/install/examples_rclcpp_multithreaded_executor/lib/python3.10/site-packages'
[5.824s] Level 1:colcon.colcon_core.environment:checking '/home/vboxuser/ros2_ws/install/examples_rclcpp_multithreaded_executor/bin'
[5.827s] INFO:colcon.colcon_core.shell:Creating package script '/home/vboxuser/ros2_ws/install/examples_rclcpp_multithreaded_executor/share/examples_rclcpp_multithreaded_executor/package.ps1'
[5.830s] INFO:colcon.colcon_core.shell:Creating package descriptor '/home/vboxuser/ros2_ws/install/examples_rclcpp_multithreaded_executor/share/examples_rclcpp_multithreaded_executor/package.dsv'
[5.840s] INFO:colcon.colcon_core.shell:Creating package script '/home/vboxuser/ros2_ws/install/examples_rclcpp_multithreaded_executor/share/examples_rclcpp_multithreaded_executor/package.sh'
[5.841s] INFO:colcon.colcon_core.shell:Creating package script '/home/vboxuser/ros2_ws/install/examples_rclcpp_multithreaded_executor/share/examples_rclcpp_multithreaded_executor/package.bash'
[5.846s] INFO:colcon.colcon_core.shell:Creating package script '/home/vboxuser/ros2_ws/install/examples_rclcpp_multithreaded_executor/share/examples_rclcpp_multithreaded_executor/package.zsh'
[5.850s] Level 1:colcon.colcon_core.environment:create_file_with_runtime_dependencies(/home/vboxuser/ros2_ws/install/examples_rclcpp_multithreaded_executor/share/colcon-core/packages/examples_rclcpp_multithreaded_executor)
[5.858s] Level 1:colcon.colcon_core.environment:create_environment_scripts_only(examples_rclcpp_multithreaded_executor)
[5.862s] Level 1:colcon.colcon_core.environment:checking '/home/vboxuser/ros2_ws/install/examples_rclcpp_multithreaded_executor' for CMake module files
[5.865s] Level 1:colcon.colcon_core.environment:checking '/home/vboxuser/ros2_ws/install/examples_rclcpp_multithreaded_executor' for CMake config files
[5.868s] Level 1:colcon.colcon_core.shell:create_environment_hook('examples_rclcpp_multithreaded_executor', 'cmake_prefix_path')
[5.875s] INFO:colcon.colcon_core.shell:Creating environment hook '/home/vboxuser/ros2_ws/install/examples_rclcpp_multithreaded_executor/share/examples_rclcpp_multithreaded_executor/hook/cmake_prefix_path.ps1'
[5.884s] INFO:colcon.colcon_core.shell:Creating environment descriptor '/home/vboxuser/ros2_ws/install/examples_rclcpp_multithreaded_executor/share/examples_rclcpp_multithreaded_executor/hook/cmake_prefix_path.dsv'
[5.886s] INFO:colcon.colcon_core.shell:Creating environment hook '/home/vboxuser/ros2_ws/install/examples_rclcpp_multithreaded_executor/share/examples_rclcpp_multithreaded_executor/hook/cmake_prefix_path.sh'
[5.897s] Level 1:colcon.colcon_core.environment:checking '/home/vboxuser/ros2_ws/install/examples_rclcpp_multithreaded_executor/lib'
[5.898s] Level 1:colcon.colcon_core.environment:checking '/home/vboxuser/ros2_ws/install/examples_rclcpp_multithreaded_executor/bin'
[5.898s] Level 1:colcon.colcon_core.environment:checking '/home/vboxuser/ros2_ws/install/examples_rclcpp_multithreaded_executor/lib/pkgconfig/examples_rclcpp_multithreaded_executor.pc'
[5.899s] Level 1:colcon.colcon_core.environment:checking '/home/vboxuser/ros2_ws/install/examples_rclcpp_multithreaded_executor/lib/python3.10/site-packages'
[5.900s] Level 1:colcon.colcon_core.environment:checking '/home/vboxuser/ros2_ws/install/examples_rclcpp_multithreaded_executor/bin'
[5.901s] INFO:colcon.colcon_core.shell:Creating package script '/home/vboxuser/ros2_ws/install/examples_rclcpp_multithreaded_executor/share/examples_rclcpp_multithreaded_executor/package.ps1'
[5.906s] INFO:colcon.colcon_core.shell:Creating package descriptor '/home/vboxuser/ros2_ws/install/examples_rclcpp_multithreaded_executor/share/examples_rclcpp_multithreaded_executor/package.dsv'
[5.908s] INFO:colcon.colcon_core.shell:Creating package script '/home/vboxuser/ros2_ws/install/examples_rclcpp_multithreaded_executor/share/examples_rclcpp_multithreaded_executor/package.sh'
[5.909s] INFO:colcon.colcon_core.shell:Creating package script '/home/vboxuser/ros2_ws/install/examples_rclcpp_multithreaded_executor/share/examples_rclcpp_multithreaded_executor/package.bash'
[5.912s] INFO:colcon.colcon_core.shell:Creating package script '/home/vboxuser/ros2_ws/install/examples_rclcpp_multithreaded_executor/share/examples_rclcpp_multithreaded_executor/package.zsh'
[5.914s] Level 1:colcon.colcon_core.environment:create_file_with_runtime_dependencies(/home/vboxuser/ros2_ws/install/examples_rclcpp_multithreaded_executor/share/colcon-core/packages/examples_rclcpp_multithreaded_executor)
[5.919s] INFO:colcon.colcon_ros.task.ament_python.build:Building ROS package in '/home/vboxuser/ros2_ws/src/examples/rclpy/executors' with build type 'ament_python'
[5.920s] Level 1:colcon.colcon_core.shell:create_environment_hook('examples_rclpy_executors', 'ament_prefix_path')
[5.920s] INFO:colcon.colcon_core.shell:Creating environment hook '/home/vboxuser/ros2_ws/install/examples_rclpy_executors/share/examples_rclpy_executors/hook/ament_prefix_path.ps1'
[5.926s] INFO:colcon.colcon_core.shell:Creating environment descriptor '/home/vboxuser/ros2_ws/install/examples_rclpy_executors/share/examples_rclpy_executors/hook/ament_prefix_path.dsv'
[5.930s] INFO:colcon.colcon_core.shell:Creating environment hook '/home/vboxuser/ros2_ws/install/examples_rclpy_executors/share/examples_rclpy_executors/hook/ament_prefix_path.sh'
[5.933s] INFO:colcon.colcon_core.shell:Skip shell extension 'powershell' for command environment: Not usable outside of PowerShell
[5.934s] DEBUG:colcon.colcon_core.shell:Skip shell extension 'dsv' for command environment
[6.103s] Level 1:colcon.colcon_core.environment:create_environment_scripts_only(examples_rclcpp_minimal_timer)
[6.106s] Level 1:colcon.colcon_core.environment:checking '/home/vboxuser/ros2_ws/install/examples_rclcpp_minimal_timer' for CMake module files
[6.108s] Level 1:colcon.colcon_core.environment:checking '/home/vboxuser/ros2_ws/install/examples_rclcpp_minimal_timer' for CMake config files
[6.114s] Level 1:colcon.colcon_core.shell:create_environment_hook('examples_rclcpp_minimal_timer', 'cmake_prefix_path')
[6.116s] INFO:colcon.colcon_core.shell:Creating environment hook '/home/vboxuser/ros2_ws/install/examples_rclcpp_minimal_timer/share/examples_rclcpp_minimal_timer/hook/cmake_prefix_path.ps1'
[6.134s] DEBUG:colcon.colcon_core.event_handler.log_command:Invoked command in '/home/vboxuser/ros2_ws/build/examples_rclcpp_minimal_timer' returned '0': CMAKE_PREFIX_PATH=${CMAKE_PREFIX_PATH}:/home/vboxuser/ros2_ws/install/read_rosbag:/home/vboxuser/ros2_ws/install/py_pubsub:/home/vboxuser/ros2_ws/install/launch_testing_examples:/home/vboxuser/ros2_ws/install/examples_rclpy_pointcloud_publisher:/home/vboxuser/ros2_ws/install/examples_rclpy_minimal_subscriber:/home/vboxuser/ros2_ws/install/examples_rclpy_minimal_service:/home/vboxuser/ros2_ws/install/examples_rclpy_minimal_publisher:/home/vboxuser/ros2_ws/install/examples_rclpy_minimal_client:/home/vboxuser/ros2_ws/install/examples_rclpy_minimal_action_server:/home/vboxuser/ros2_ws/install/examples_rclpy_minimal_action_client:/home/vboxuser/ros2_ws/install/examples_rclpy_guard_conditions:/home/vboxuser/ros2_ws/install/examples_rclpy_executors:/home/vboxuser/ros2_ws/install/bms_visualizer:/opt/ros/iron:/home/vboxuser/ros2_iron/install/rqt_bag_plugins:/home/vboxuser/ros2_iron/install/rqt_bag:/home/vboxuser/ros2_iron/install/rosbag2_examples_py:/home/vboxuser/ros2_iron/install/launch_testing_examples:/home/vboxuser/ros2_iron/install/ros2bag:/home/vboxuser/ros2_iron/install/tracetools_test:/home/vboxuser/ros2_iron/install/tracetools_launch:/home/vboxuser/ros2_iron/install/topic_monitor:/home/vboxuser/ros2_iron/install/tf2_tools:/home/vboxuser/ros2_iron/install/examples_tf2_py:/home/vboxuser/ros2_iron/install/tf2_ros_py:/home/vboxuser/ros2_iron/install/examples_rclpy_pointcloud_publisher:/home/vboxuser/ros2_iron/install/sensor_msgs_py:/home/vboxuser/ros2_iron/install/quality_of_service_demo_py:/home/vboxuser/ros2_iron/install/rqt_plot:/home/vboxuser/ros2_iron/install/ros2doctor:/home/vboxuser/ros2_iron/install/lifecycle_py:/home/vboxuser/ros2_iron/install/examples_rclpy_minimal_subscriber:/home/vboxuser/ros2_iron/install/examples_rclpy_minimal_service:/home/vboxuser/ros2_iron/install/examples_rclpy_minimal_publisher:/home/vboxuser/ros2_iron/install/examples_rclpy_minimal_client:/home/vboxuser/ros2_iron/install/examples_rclpy_executors:/home/vboxuser/ros2_iron/install/demo_nodes_py:/home/vboxuser/ros2_iron/install/rqt:/home/vboxuser/ros2_iron/install/ros2component:/home/vboxuser/ros2_iron/install/sros2:/home/vboxuser/ros2_iron/install/rqt_topic:/home/vboxuser/ros2_iron/install/rqt_srv:/home/vboxuser/ros2_iron/install/rqt_shell:/home/vboxuser/ros2_iron/install/rqt_service_caller:/home/vboxuser/ros2_iron/install/rqt_reconfigure:/home/vboxuser/ros2_iron/install/rqt_py_console:/home/vboxuser/ros2_iron/install/rqt_publisher:/home/vboxuser/ros2_iron/install/rqt_action:/home/vboxuser/ros2_iron/install/rqt_msg:/home/vboxuser/ros2_iron/install/rqt_console:/home/vboxuser/ros2_iron/install/rqt_graph:/home/vboxuser/ros2_iron/install/rqt_gui_py:/home/vboxuser/ros2_iron/install/rqt_gui:/home/vboxuser/ros2_iron/install/ros2trace:/home/vboxuser/ros2_iron/install/ros2topic:/home/vboxuser/ros2_iron/install/ros2test:/home/vboxuser/ros2_iron/install/ros2param:/home/vboxuser/ros2_iron/install/ros2lifecycle:/home/vboxuser/ros2_iron/install/ros2service:/home/vboxuser/ros2_iron/install/ros2run:/home/vboxuser/ros2_iron/install/ros2launch:/home/vboxuser/ros2_iron/install/ros2pkg:/home/vboxuser/ros2_iron/install/ros2node:/home/vboxuser/ros2_iron/install/ros2multicast:/home/vboxuser/ros2_iron/install/ros2interface:/home/vboxuser/ros2_iron/install/ros2action:/home/vboxuser/ros2_iron/install/ros2cli:/home/vboxuser/ros2_iron/install/launch_testing_ros:/home/vboxuser/ros2_iron/install/launch_ros:/home/vboxuser/ros2_iron/install/examples_rclpy_minimal_action_server:/home/vboxuser/ros2_iron/install/examples_rclpy_minimal_action_client:/home/vboxuser/ros2_iron/install/examples_rclpy_guard_conditions:/home/vboxuser/ros2_iron/install/action_tutorials_py:/home/vboxuser/ros2_iron/install/ament_uncrustify:/home/vboxuser/ros2_iron/install/tracetools_trace:/home/vboxuser/ros2_iron/install/tracetools_read:/home/vboxuser/ros2_iron/install/test_tracetools_launch:/home/vboxuser/ros2_iron/install/test_ros2trace:/home/vboxuser/ros2_iron/install/test_launch_ros:/home/vboxuser/ros2_iron/install/rpyutils:/home/vboxuser/ros2_iron/install/rosidl_runtime_py:/home/vboxuser/ros2_iron/install/rosidl_pycommon:/home/vboxuser/ros2_iron/install/rosidl_cli:/home/vboxuser/ros2_iron/install/launch_pytest:/home/vboxuser/ros2_iron/install/launch_testing:/home/vboxuser/ros2_iron/install/launch_yaml:/home/vboxuser/ros2_iron/install/launch_xml:/home/vboxuser/ros2_iron/install/launch:/home/vboxuser/ros2_iron/install/osrf_pycommon:/home/vboxuser/ros2_iron/install/domain_coordinator:/home/vboxuser/ros2_iron/install/ament_xmllint:/home/vboxuser/ros2_iron/install/ament_pyflakes:/home/vboxuser/ros2_iron/install/ament_pycodestyle:/home/vboxuser/ros2_iron/install/ament_pep257:/home/vboxuser/ros2_iron/install/ament_pclint:/home/vboxuser/ros2_iron/install/ament_package:/home/vboxuser/ros2_iron/install/ament_mypy:/home/vboxuser/ros2_iron/install/ament_lint_cmake:/home/vboxuser/ros2_iron/install/ament_flake8:/home/vboxuser/ros2_iron/install/ament_copyright:/home/vboxuser/ros2_iron/install/ament_lint:/home/vboxuser/ros2_iron/install/ament_index_python:/home/vboxuser/ros2_iron/install/ament_cpplint:/home/vboxuser/ros2_iron/install/ament_cppcheck:/home/vboxuser/ros2_iron/install/ament_clang_tidy:/home/vboxuser/ros2_iron/install/ament_clang_format /usr/bin/cmake --install /home/vboxuser/ros2_ws/build/examples_rclcpp_minimal_timer
[6.134s] INFO:colcon.colcon_core.shell:Creating environment descriptor '/home/vboxuser/ros2_ws/install/examples_rclcpp_minimal_timer/share/examples_rclcpp_minimal_timer/hook/cmake_prefix_path.dsv'
[6.140s] INFO:colcon.colcon_core.shell:Creating environment hook '/home/vboxuser/ros2_ws/install/examples_rclcpp_minimal_timer/share/examples_rclcpp_minimal_timer/hook/cmake_prefix_path.sh'
[6.149s] Level 1:colcon.colcon_core.environment:checking '/home/vboxuser/ros2_ws/install/examples_rclcpp_minimal_timer/lib'
[6.150s] Level 1:colcon.colcon_core.environment:checking '/home/vboxuser/ros2_ws/install/examples_rclcpp_minimal_timer/bin'
[6.150s] Level 1:colcon.colcon_core.environment:checking '/home/vboxuser/ros2_ws/install/examples_rclcpp_minimal_timer/lib/pkgconfig/examples_rclcpp_minimal_timer.pc'
[6.150s] Level 1:colcon.colcon_core.environment:checking '/home/vboxuser/ros2_ws/install/examples_rclcpp_minimal_timer/lib/python3.10/site-packages'
[6.150s] Level 1:colcon.colcon_core.environment:checking '/home/vboxuser/ros2_ws/install/examples_rclcpp_minimal_timer/bin'
[6.151s] INFO:colcon.colcon_core.shell:Creating package script '/home/vboxuser/ros2_ws/install/examples_rclcpp_minimal_timer/share/examples_rclcpp_minimal_timer/package.ps1'
[6.152s] INFO:colcon.colcon_core.shell:Creating package descriptor '/home/vboxuser/ros2_ws/install/examples_rclcpp_minimal_timer/share/examples_rclcpp_minimal_timer/package.dsv'
[6.152s] INFO:colcon.colcon_core.shell:Creating package script '/home/vboxuser/ros2_ws/install/examples_rclcpp_minimal_timer/share/examples_rclcpp_minimal_timer/package.sh'
[6.163s] INFO:colcon.colcon_core.shell:Creating package script '/home/vboxuser/ros2_ws/install/examples_rclcpp_minimal_timer/share/examples_rclcpp_minimal_timer/package.bash'
[6.169s] INFO:colcon.colcon_core.shell:Creating package script '/home/vboxuser/ros2_ws/install/examples_rclcpp_minimal_timer/share/examples_rclcpp_minimal_timer/package.zsh'
[6.178s] Level 1:colcon.colcon_core.environment:create_file_with_runtime_dependencies(/home/vboxuser/ros2_ws/install/examples_rclcpp_minimal_timer/share/colcon-core/packages/examples_rclcpp_minimal_timer)
[6.180s] Level 1:colcon.colcon_core.environment:create_environment_scripts_only(examples_rclcpp_minimal_timer)
[6.182s] Level 1:colcon.colcon_core.environment:checking '/home/vboxuser/ros2_ws/install/examples_rclcpp_minimal_timer' for CMake module files
[6.183s] Level 1:colcon.colcon_core.environment:checking '/home/vboxuser/ros2_ws/install/examples_rclcpp_minimal_timer' for CMake config files
[6.184s] Level 1:colcon.colcon_core.shell:create_environment_hook('examples_rclcpp_minimal_timer', 'cmake_prefix_path')
[6.184s] INFO:colcon.colcon_core.shell:Creating environment hook '/home/vboxuser/ros2_ws/install/examples_rclcpp_minimal_timer/share/examples_rclcpp_minimal_timer/hook/cmake_prefix_path.ps1'
[6.198s] INFO:colcon.colcon_core.shell:Creating environment descriptor '/home/vboxuser/ros2_ws/install/examples_rclcpp_minimal_timer/share/examples_rclcpp_minimal_timer/hook/cmake_prefix_path.dsv'
[6.211s] INFO:colcon.colcon_core.shell:Creating environment hook '/home/vboxuser/ros2_ws/install/examples_rclcpp_minimal_timer/share/examples_rclcpp_minimal_timer/hook/cmake_prefix_path.sh'
[6.214s] Level 1:colcon.colcon_core.environment:checking '/home/vboxuser/ros2_ws/install/examples_rclcpp_minimal_timer/lib'
[6.215s] Level 1:colcon.colcon_core.environment:checking '/home/vboxuser/ros2_ws/install/examples_rclcpp_minimal_timer/bin'
[6.215s] Level 1:colcon.colcon_core.environment:checking '/home/vboxuser/ros2_ws/install/examples_rclcpp_minimal_timer/lib/pkgconfig/examples_rclcpp_minimal_timer.pc'
[6.216s] Level 1:colcon.colcon_core.environment:checking '/home/vboxuser/ros2_ws/install/examples_rclcpp_minimal_timer/lib/python3.10/site-packages'
[6.217s] Level 1:colcon.colcon_core.environment:checking '/home/vboxuser/ros2_ws/install/examples_rclcpp_minimal_timer/bin'
[6.218s] INFO:colcon.colcon_core.shell:Creating package script '/home/vboxuser/ros2_ws/install/examples_rclcpp_minimal_timer/share/examples_rclcpp_minimal_timer/package.ps1'
[6.219s] INFO:colcon.colcon_core.shell:Creating package descriptor '/home/vboxuser/ros2_ws/install/examples_rclcpp_minimal_timer/share/examples_rclcpp_minimal_timer/package.dsv'
[6.221s] INFO:colcon.colcon_core.shell:Creating package script '/home/vboxuser/ros2_ws/install/examples_rclcpp_minimal_timer/share/examples_rclcpp_minimal_timer/package.sh'
[6.226s] INFO:colcon.colcon_core.shell:Creating package script '/home/vboxuser/ros2_ws/install/examples_rclcpp_minimal_timer/share/examples_rclcpp_minimal_timer/package.bash'
[6.228s] INFO:colcon.colcon_core.shell:Creating package script '/home/vboxuser/ros2_ws/install/examples_rclcpp_minimal_timer/share/examples_rclcpp_minimal_timer/package.zsh'
[6.234s] Level 1:colcon.colcon_core.environment:create_file_with_runtime_dependencies(/home/vboxuser/ros2_ws/install/examples_rclcpp_minimal_timer/share/colcon-core/packages/examples_rclcpp_minimal_timer)
[6.238s] Level 1:colcon.colcon_core.environment:create_environment_scripts_only(examples_rclcpp_minimal_subscriber)
[6.239s] Level 1:colcon.colcon_core.environment:checking '/home/vboxuser/ros2_ws/install/examples_rclcpp_minimal_subscriber' for CMake module files
[6.244s] Level 1:colcon.colcon_core.environment:checking '/home/vboxuser/ros2_ws/install/examples_rclcpp_minimal_subscriber' for CMake config files
[6.245s] Level 1:colcon.colcon_core.shell:create_environment_hook('examples_rclcpp_minimal_subscriber', 'cmake_prefix_path')
[6.245s] INFO:colcon.colcon_core.shell:Creating environment hook '/home/vboxuser/ros2_ws/install/examples_rclcpp_minimal_subscriber/share/examples_rclcpp_minimal_subscriber/hook/cmake_prefix_path.ps1'
[6.253s] DEBUG:colcon.colcon_core.event_handler.log_command:Invoked command in '/home/vboxuser/ros2_ws/build/examples_rclcpp_minimal_subscriber' returned '0': CMAKE_PREFIX_PATH=${CMAKE_PREFIX_PATH}:/home/vboxuser/ros2_ws/install/read_rosbag:/home/vboxuser/ros2_ws/install/py_pubsub:/home/vboxuser/ros2_ws/install/launch_testing_examples:/home/vboxuser/ros2_ws/install/examples_rclpy_pointcloud_publisher:/home/vboxuser/ros2_ws/install/examples_rclpy_minimal_subscriber:/home/vboxuser/ros2_ws/install/examples_rclpy_minimal_service:/home/vboxuser/ros2_ws/install/examples_rclpy_minimal_publisher:/home/vboxuser/ros2_ws/install/examples_rclpy_minimal_client:/home/vboxuser/ros2_ws/install/examples_rclpy_minimal_action_server:/home/vboxuser/ros2_ws/install/examples_rclpy_minimal_action_client:/home/vboxuser/ros2_ws/install/examples_rclpy_guard_conditions:/home/vboxuser/ros2_ws/install/examples_rclpy_executors:/home/vboxuser/ros2_ws/install/bms_visualizer:/opt/ros/iron:/home/vboxuser/ros2_iron/install/rqt_bag_plugins:/home/vboxuser/ros2_iron/install/rqt_bag:/home/vboxuser/ros2_iron/install/rosbag2_examples_py:/home/vboxuser/ros2_iron/install/launch_testing_examples:/home/vboxuser/ros2_iron/install/ros2bag:/home/vboxuser/ros2_iron/install/tracetools_test:/home/vboxuser/ros2_iron/install/tracetools_launch:/home/vboxuser/ros2_iron/install/topic_monitor:/home/vboxuser/ros2_iron/install/tf2_tools:/home/vboxuser/ros2_iron/install/examples_tf2_py:/home/vboxuser/ros2_iron/install/tf2_ros_py:/home/vboxuser/ros2_iron/install/examples_rclpy_pointcloud_publisher:/home/vboxuser/ros2_iron/install/sensor_msgs_py:/home/vboxuser/ros2_iron/install/quality_of_service_demo_py:/home/vboxuser/ros2_iron/install/rqt_plot:/home/vboxuser/ros2_iron/install/ros2doctor:/home/vboxuser/ros2_iron/install/lifecycle_py:/home/vboxuser/ros2_iron/install/examples_rclpy_minimal_subscriber:/home/vboxuser/ros2_iron/install/examples_rclpy_minimal_service:/home/vboxuser/ros2_iron/install/examples_rclpy_minimal_publisher:/home/vboxuser/ros2_iron/install/examples_rclpy_minimal_client:/home/vboxuser/ros2_iron/install/examples_rclpy_executors:/home/vboxuser/ros2_iron/install/demo_nodes_py:/home/vboxuser/ros2_iron/install/rqt:/home/vboxuser/ros2_iron/install/ros2component:/home/vboxuser/ros2_iron/install/sros2:/home/vboxuser/ros2_iron/install/rqt_topic:/home/vboxuser/ros2_iron/install/rqt_srv:/home/vboxuser/ros2_iron/install/rqt_shell:/home/vboxuser/ros2_iron/install/rqt_service_caller:/home/vboxuser/ros2_iron/install/rqt_reconfigure:/home/vboxuser/ros2_iron/install/rqt_py_console:/home/vboxuser/ros2_iron/install/rqt_publisher:/home/vboxuser/ros2_iron/install/rqt_action:/home/vboxuser/ros2_iron/install/rqt_msg:/home/vboxuser/ros2_iron/install/rqt_console:/home/vboxuser/ros2_iron/install/rqt_graph:/home/vboxuser/ros2_iron/install/rqt_gui_py:/home/vboxuser/ros2_iron/install/rqt_gui:/home/vboxuser/ros2_iron/install/ros2trace:/home/vboxuser/ros2_iron/install/ros2topic:/home/vboxuser/ros2_iron/install/ros2test:/home/vboxuser/ros2_iron/install/ros2param:/home/vboxuser/ros2_iron/install/ros2lifecycle:/home/vboxuser/ros2_iron/install/ros2service:/home/vboxuser/ros2_iron/install/ros2run:/home/vboxuser/ros2_iron/install/ros2launch:/home/vboxuser/ros2_iron/install/ros2pkg:/home/vboxuser/ros2_iron/install/ros2node:/home/vboxuser/ros2_iron/install/ros2multicast:/home/vboxuser/ros2_iron/install/ros2interface:/home/vboxuser/ros2_iron/install/ros2action:/home/vboxuser/ros2_iron/install/ros2cli:/home/vboxuser/ros2_iron/install/launch_testing_ros:/home/vboxuser/ros2_iron/install/launch_ros:/home/vboxuser/ros2_iron/install/examples_rclpy_minimal_action_server:/home/vboxuser/ros2_iron/install/examples_rclpy_minimal_action_client:/home/vboxuser/ros2_iron/install/examples_rclpy_guard_conditions:/home/vboxuser/ros2_iron/install/action_tutorials_py:/home/vboxuser/ros2_iron/install/ament_uncrustify:/home/vboxuser/ros2_iron/install/tracetools_trace:/home/vboxuser/ros2_iron/install/tracetools_read:/home/vboxuser/ros2_iron/install/test_tracetools_launch:/home/vboxuser/ros2_iron/install/test_ros2trace:/home/vboxuser/ros2_iron/install/test_launch_ros:/home/vboxuser/ros2_iron/install/rpyutils:/home/vboxuser/ros2_iron/install/rosidl_runtime_py:/home/vboxuser/ros2_iron/install/rosidl_pycommon:/home/vboxuser/ros2_iron/install/rosidl_cli:/home/vboxuser/ros2_iron/install/launch_pytest:/home/vboxuser/ros2_iron/install/launch_testing:/home/vboxuser/ros2_iron/install/launch_yaml:/home/vboxuser/ros2_iron/install/launch_xml:/home/vboxuser/ros2_iron/install/launch:/home/vboxuser/ros2_iron/install/osrf_pycommon:/home/vboxuser/ros2_iron/install/domain_coordinator:/home/vboxuser/ros2_iron/install/ament_xmllint:/home/vboxuser/ros2_iron/install/ament_pyflakes:/home/vboxuser/ros2_iron/install/ament_pycodestyle:/home/vboxuser/ros2_iron/install/ament_pep257:/home/vboxuser/ros2_iron/install/ament_pclint:/home/vboxuser/ros2_iron/install/ament_package:/home/vboxuser/ros2_iron/install/ament_mypy:/home/vboxuser/ros2_iron/install/ament_lint_cmake:/home/vboxuser/ros2_iron/install/ament_flake8:/home/vboxuser/ros2_iron/install/ament_copyright:/home/vboxuser/ros2_iron/install/ament_lint:/home/vboxuser/ros2_iron/install/ament_index_python:/home/vboxuser/ros2_iron/install/ament_cpplint:/home/vboxuser/ros2_iron/install/ament_cppcheck:/home/vboxuser/ros2_iron/install/ament_clang_tidy:/home/vboxuser/ros2_iron/install/ament_clang_format /usr/bin/cmake --install /home/vboxuser/ros2_ws/build/examples_rclcpp_minimal_subscriber
[6.254s] INFO:colcon.colcon_core.shell:Creating environment descriptor '/home/vboxuser/ros2_ws/install/examples_rclcpp_minimal_subscriber/share/examples_rclcpp_minimal_subscriber/hook/cmake_prefix_path.dsv'
[6.257s] INFO:colcon.colcon_core.shell:Creating environment hook '/home/vboxuser/ros2_ws/install/examples_rclcpp_minimal_subscriber/share/examples_rclcpp_minimal_subscriber/hook/cmake_prefix_path.sh'
[6.262s] Level 1:colcon.colcon_core.environment:checking '/home/vboxuser/ros2_ws/install/examples_rclcpp_minimal_subscriber/lib'
[6.262s] Level 1:colcon.colcon_core.shell:create_environment_hook('examples_rclcpp_minimal_subscriber', 'ld_library_path_lib')
[6.263s] INFO:colcon.colcon_core.shell:Creating environment hook '/home/vboxuser/ros2_ws/install/examples_rclcpp_minimal_subscriber/share/examples_rclcpp_minimal_subscriber/hook/ld_library_path_lib.ps1'
[6.264s] INFO:colcon.colcon_core.shell:Creating environment descriptor '/home/vboxuser/ros2_ws/install/examples_rclcpp_minimal_subscriber/share/examples_rclcpp_minimal_subscriber/hook/ld_library_path_lib.dsv'
[6.268s] INFO:colcon.colcon_core.shell:Creating environment hook '/home/vboxuser/ros2_ws/install/examples_rclcpp_minimal_subscriber/share/examples_rclcpp_minimal_subscriber/hook/ld_library_path_lib.sh'
[6.270s] Level 1:colcon.colcon_core.environment:checking '/home/vboxuser/ros2_ws/install/examples_rclcpp_minimal_subscriber/bin'
[6.271s] Level 1:colcon.colcon_core.environment:checking '/home/vboxuser/ros2_ws/install/examples_rclcpp_minimal_subscriber/lib/pkgconfig/examples_rclcpp_minimal_subscriber.pc'
[6.272s] Level 1:colcon.colcon_core.environment:checking '/home/vboxuser/ros2_ws/install/examples_rclcpp_minimal_subscriber/lib/python3.10/site-packages'
[6.273s] Level 1:colcon.colcon_core.environment:checking '/home/vboxuser/ros2_ws/install/examples_rclcpp_minimal_subscriber/bin'
[6.274s] INFO:colcon.colcon_core.shell:Creating package script '/home/vboxuser/ros2_ws/install/examples_rclcpp_minimal_subscriber/share/examples_rclcpp_minimal_subscriber/package.ps1'
[6.276s] INFO:colcon.colcon_core.shell:Creating package descriptor '/home/vboxuser/ros2_ws/install/examples_rclcpp_minimal_subscriber/share/examples_rclcpp_minimal_subscriber/package.dsv'
[6.278s] INFO:colcon.colcon_core.shell:Creating package script '/home/vboxuser/ros2_ws/install/examples_rclcpp_minimal_subscriber/share/examples_rclcpp_minimal_subscriber/package.sh'
[6.280s] INFO:colcon.colcon_core.shell:Creating package script '/home/vboxuser/ros2_ws/install/examples_rclcpp_minimal_subscriber/share/examples_rclcpp_minimal_subscriber/package.bash'
[6.281s] INFO:colcon.colcon_core.shell:Creating package script '/home/vboxuser/ros2_ws/install/examples_rclcpp_minimal_subscriber/share/examples_rclcpp_minimal_subscriber/package.zsh'
[6.282s] Level 1:colcon.colcon_core.environment:create_file_with_runtime_dependencies(/home/vboxuser/ros2_ws/install/examples_rclcpp_minimal_subscriber/share/colcon-core/packages/examples_rclcpp_minimal_subscriber)
[6.284s] Level 1:colcon.colcon_core.environment:create_environment_scripts_only(examples_rclcpp_minimal_subscriber)
[6.284s] Level 1:colcon.colcon_core.environment:checking '/home/vboxuser/ros2_ws/install/examples_rclcpp_minimal_subscriber' for CMake module files
[6.285s] Level 1:colcon.colcon_core.environment:checking '/home/vboxuser/ros2_ws/install/examples_rclcpp_minimal_subscriber' for CMake config files
[6.285s] Level 1:colcon.colcon_core.shell:create_environment_hook('examples_rclcpp_minimal_subscriber', 'cmake_prefix_path')
[6.286s] INFO:colcon.colcon_core.shell:Creating environment hook '/home/vboxuser/ros2_ws/install/examples_rclcpp_minimal_subscriber/share/examples_rclcpp_minimal_subscriber/hook/cmake_prefix_path.ps1'
[6.287s] INFO:colcon.colcon_core.shell:Creating environment descriptor '/home/vboxuser/ros2_ws/install/examples_rclcpp_minimal_subscriber/share/examples_rclcpp_minimal_subscriber/hook/cmake_prefix_path.dsv'
[6.290s] INFO:colcon.colcon_core.shell:Creating environment hook '/home/vboxuser/ros2_ws/install/examples_rclcpp_minimal_subscriber/share/examples_rclcpp_minimal_subscriber/hook/cmake_prefix_path.sh'
[6.292s] Level 1:colcon.colcon_core.environment:checking '/home/vboxuser/ros2_ws/install/examples_rclcpp_minimal_subscriber/lib'
[6.292s] Level 1:colcon.colcon_core.shell:create_environment_hook('examples_rclcpp_minimal_subscriber', 'ld_library_path_lib')
[6.293s] INFO:colcon.colcon_core.shell:Creating environment hook '/home/vboxuser/ros2_ws/install/examples_rclcpp_minimal_subscriber/share/examples_rclcpp_minimal_subscriber/hook/ld_library_path_lib.ps1'
[6.294s] INFO:colcon.colcon_core.shell:Creating environment descriptor '/home/vboxuser/ros2_ws/install/examples_rclcpp_minimal_subscriber/share/examples_rclcpp_minimal_subscriber/hook/ld_library_path_lib.dsv'
[6.296s] INFO:colcon.colcon_core.shell:Creating environment hook '/home/vboxuser/ros2_ws/install/examples_rclcpp_minimal_subscriber/share/examples_rclcpp_minimal_subscriber/hook/ld_library_path_lib.sh'
[6.298s] Level 1:colcon.colcon_core.environment:checking '/home/vboxuser/ros2_ws/install/examples_rclcpp_minimal_subscriber/bin'
[6.299s] Level 1:colcon.colcon_core.environment:checking '/home/vboxuser/ros2_ws/install/examples_rclcpp_minimal_subscriber/lib/pkgconfig/examples_rclcpp_minimal_subscriber.pc'
[6.300s] Level 1:colcon.colcon_core.environment:checking '/home/vboxuser/ros2_ws/install/examples_rclcpp_minimal_subscriber/lib/python3.10/site-packages'
[6.301s] Level 1:colcon.colcon_core.environment:checking '/home/vboxuser/ros2_ws/install/examples_rclcpp_minimal_subscriber/bin'
[6.302s] INFO:colcon.colcon_core.shell:Creating package script '/home/vboxuser/ros2_ws/install/examples_rclcpp_minimal_subscriber/share/examples_rclcpp_minimal_subscriber/package.ps1'
[6.304s] INFO:colcon.colcon_core.shell:Creating package descriptor '/home/vboxuser/ros2_ws/install/examples_rclcpp_minimal_subscriber/share/examples_rclcpp_minimal_subscriber/package.dsv'
[6.306s] INFO:colcon.colcon_core.shell:Creating package script '/home/vboxuser/ros2_ws/install/examples_rclcpp_minimal_subscriber/share/examples_rclcpp_minimal_subscriber/package.sh'
[6.308s] INFO:colcon.colcon_core.shell:Creating package script '/home/vboxuser/ros2_ws/install/examples_rclcpp_minimal_subscriber/share/examples_rclcpp_minimal_subscriber/package.bash'
[6.310s] INFO:colcon.colcon_core.shell:Creating package script '/home/vboxuser/ros2_ws/install/examples_rclcpp_minimal_subscriber/share/examples_rclcpp_minimal_subscriber/package.zsh'
[6.312s] Level 1:colcon.colcon_core.environment:create_file_with_runtime_dependencies(/home/vboxuser/ros2_ws/install/examples_rclcpp_minimal_subscriber/share/colcon-core/packages/examples_rclcpp_minimal_subscriber)
[6.314s] INFO:colcon.colcon_ros.task.ament_python.build:Building ROS package in '/home/vboxuser/ros2_ws/src/examples/rclpy/guard_conditions' with build type 'ament_python'
[6.315s] Level 1:colcon.colcon_core.shell:create_environment_hook('examples_rclpy_guard_conditions', 'ament_prefix_path')
[6.326s] INFO:colcon.colcon_core.shell:Creating environment hook '/home/vboxuser/ros2_ws/install/examples_rclpy_guard_conditions/share/examples_rclpy_guard_conditions/hook/ament_prefix_path.ps1'
[6.331s] INFO:colcon.colcon_core.shell:Creating environment descriptor '/home/vboxuser/ros2_ws/install/examples_rclpy_guard_conditions/share/examples_rclpy_guard_conditions/hook/ament_prefix_path.dsv'
[6.335s] INFO:colcon.colcon_core.shell:Creating environment hook '/home/vboxuser/ros2_ws/install/examples_rclpy_guard_conditions/share/examples_rclpy_guard_conditions/hook/ament_prefix_path.sh'
[6.340s] INFO:colcon.colcon_core.shell:Skip shell extension 'powershell' for command environment: Not usable outside of PowerShell
[6.340s] DEBUG:colcon.colcon_core.shell:Skip shell extension 'dsv' for command environment
[6.469s] INFO:colcon.colcon_ros.task.ament_python.build:Building ROS package in '/home/vboxuser/ros2_ws/src/examples/rclpy/actions/minimal_action_client' with build type 'ament_python'
[6.470s] Level 1:colcon.colcon_core.shell:create_environment_hook('examples_rclpy_minimal_action_client', 'ament_prefix_path')
[6.470s] INFO:colcon.colcon_core.shell:Creating environment hook '/home/vboxuser/ros2_ws/install/examples_rclpy_minimal_action_client/share/examples_rclpy_minimal_action_client/hook/ament_prefix_path.ps1'
[6.475s] INFO:colcon.colcon_core.shell:Creating environment descriptor '/home/vboxuser/ros2_ws/install/examples_rclpy_minimal_action_client/share/examples_rclpy_minimal_action_client/hook/ament_prefix_path.dsv'
[6.477s] INFO:colcon.colcon_core.shell:Creating environment hook '/home/vboxuser/ros2_ws/install/examples_rclpy_minimal_action_client/share/examples_rclpy_minimal_action_client/hook/ament_prefix_path.sh'
[6.490s] INFO:colcon.colcon_core.shell:Skip shell extension 'powershell' for command environment: Not usable outside of PowerShell
[6.491s] DEBUG:colcon.colcon_core.shell:Skip shell extension 'dsv' for command environment
[8.525s] INFO:colcon.colcon_core.task.python.build:Building Python package in '/home/vboxuser/ros2_ws/src/examples/rclpy/executors'
[8.526s] INFO:colcon.colcon_core.shell:Skip shell extension 'powershell' for command environment: Not usable outside of PowerShell
[8.527s] DEBUG:colcon.colcon_core.shell:Skip shell extension 'dsv' for command environment
[9.807s] INFO:colcon.colcon_core.task.python.build:Building Python package in '/home/vboxuser/ros2_ws/src/examples/rclpy/guard_conditions'
[9.808s] INFO:colcon.colcon_core.shell:Skip shell extension 'powershell' for command environment: Not usable outside of PowerShell
[9.808s] DEBUG:colcon.colcon_core.shell:Skip shell extension 'dsv' for command environment
[11.204s] INFO:colcon.colcon_core.task.python.build:Building Python package in '/home/vboxuser/ros2_ws/src/examples/rclpy/actions/minimal_action_client'
[11.206s] INFO:colcon.colcon_core.shell:Skip shell extension 'powershell' for command environment: Not usable outside of PowerShell
[11.206s] DEBUG:colcon.colcon_core.shell:Skip shell extension 'dsv' for command environment
[11.282s] DEBUG:colcon.colcon_core.event_handler.log_command:Invoked command in '/home/vboxuser/ros2_ws/build/examples_rclcpp_wait_set' returned '0': CMAKE_PREFIX_PATH=${CMAKE_PREFIX_PATH}:/home/vboxuser/ros2_ws/install/read_rosbag:/home/vboxuser/ros2_ws/install/py_pubsub:/home/vboxuser/ros2_ws/install/launch_testing_examples:/home/vboxuser/ros2_ws/install/examples_rclpy_pointcloud_publisher:/home/vboxuser/ros2_ws/install/examples_rclpy_minimal_subscriber:/home/vboxuser/ros2_ws/install/examples_rclpy_minimal_service:/home/vboxuser/ros2_ws/install/examples_rclpy_minimal_publisher:/home/vboxuser/ros2_ws/install/examples_rclpy_minimal_client:/home/vboxuser/ros2_ws/install/examples_rclpy_minimal_action_server:/home/vboxuser/ros2_ws/install/examples_rclpy_minimal_action_client:/home/vboxuser/ros2_ws/install/examples_rclpy_guard_conditions:/home/vboxuser/ros2_ws/install/examples_rclpy_executors:/home/vboxuser/ros2_ws/install/bms_visualizer:/opt/ros/iron:/home/vboxuser/ros2_iron/install/rqt_bag_plugins:/home/vboxuser/ros2_iron/install/rqt_bag:/home/vboxuser/ros2_iron/install/rosbag2_examples_py:/home/vboxuser/ros2_iron/install/launch_testing_examples:/home/vboxuser/ros2_iron/install/ros2bag:/home/vboxuser/ros2_iron/install/tracetools_test:/home/vboxuser/ros2_iron/install/tracetools_launch:/home/vboxuser/ros2_iron/install/topic_monitor:/home/vboxuser/ros2_iron/install/tf2_tools:/home/vboxuser/ros2_iron/install/examples_tf2_py:/home/vboxuser/ros2_iron/install/tf2_ros_py:/home/vboxuser/ros2_iron/install/examples_rclpy_pointcloud_publisher:/home/vboxuser/ros2_iron/install/sensor_msgs_py:/home/vboxuser/ros2_iron/install/quality_of_service_demo_py:/home/vboxuser/ros2_iron/install/rqt_plot:/home/vboxuser/ros2_iron/install/ros2doctor:/home/vboxuser/ros2_iron/install/lifecycle_py:/home/vboxuser/ros2_iron/install/examples_rclpy_minimal_subscriber:/home/vboxuser/ros2_iron/install/examples_rclpy_minimal_service:/home/vboxuser/ros2_iron/install/examples_rclpy_minimal_publisher:/home/vboxuser/ros2_iron/install/examples_rclpy_minimal_client:/home/vboxuser/ros2_iron/install/examples_rclpy_executors:/home/vboxuser/ros2_iron/install/demo_nodes_py:/home/vboxuser/ros2_iron/install/rqt:/home/vboxuser/ros2_iron/install/ros2component:/home/vboxuser/ros2_iron/install/sros2:/home/vboxuser/ros2_iron/install/rqt_topic:/home/vboxuser/ros2_iron/install/rqt_srv:/home/vboxuser/ros2_iron/install/rqt_shell:/home/vboxuser/ros2_iron/install/rqt_service_caller:/home/vboxuser/ros2_iron/install/rqt_reconfigure:/home/vboxuser/ros2_iron/install/rqt_py_console:/home/vboxuser/ros2_iron/install/rqt_publisher:/home/vboxuser/ros2_iron/install/rqt_action:/home/vboxuser/ros2_iron/install/rqt_msg:/home/vboxuser/ros2_iron/install/rqt_console:/home/vboxuser/ros2_iron/install/rqt_graph:/home/vboxuser/ros2_iron/install/rqt_gui_py:/home/vboxuser/ros2_iron/install/rqt_gui:/home/vboxuser/ros2_iron/install/ros2trace:/home/vboxuser/ros2_iron/install/ros2topic:/home/vboxuser/ros2_iron/install/ros2test:/home/vboxuser/ros2_iron/install/ros2param:/home/vboxuser/ros2_iron/install/ros2lifecycle:/home/vboxuser/ros2_iron/install/ros2service:/home/vboxuser/ros2_iron/install/ros2run:/home/vboxuser/ros2_iron/install/ros2launch:/home/vboxuser/ros2_iron/install/ros2pkg:/home/vboxuser/ros2_iron/install/ros2node:/home/vboxuser/ros2_iron/install/ros2multicast:/home/vboxuser/ros2_iron/install/ros2interface:/home/vboxuser/ros2_iron/install/ros2action:/home/vboxuser/ros2_iron/install/ros2cli:/home/vboxuser/ros2_iron/install/launch_testing_ros:/home/vboxuser/ros2_iron/install/launch_ros:/home/vboxuser/ros2_iron/install/examples_rclpy_minimal_action_server:/home/vboxuser/ros2_iron/install/examples_rclpy_minimal_action_client:/home/vboxuser/ros2_iron/install/examples_rclpy_guard_conditions:/home/vboxuser/ros2_iron/install/action_tutorials_py:/home/vboxuser/ros2_iron/install/ament_uncrustify:/home/vboxuser/ros2_iron/install/tracetools_trace:/home/vboxuser/ros2_iron/install/tracetools_read:/home/vboxuser/ros2_iron/install/test_tracetools_launch:/home/vboxuser/ros2_iron/install/test_ros2trace:/home/vboxuser/ros2_iron/install/test_launch_ros:/home/vboxuser/ros2_iron/install/rpyutils:/home/vboxuser/ros2_iron/install/rosidl_runtime_py:/home/vboxuser/ros2_iron/install/rosidl_pycommon:/home/vboxuser/ros2_iron/install/rosidl_cli:/home/vboxuser/ros2_iron/install/launch_pytest:/home/vboxuser/ros2_iron/install/launch_testing:/home/vboxuser/ros2_iron/install/launch_yaml:/home/vboxuser/ros2_iron/install/launch_xml:/home/vboxuser/ros2_iron/install/launch:/home/vboxuser/ros2_iron/install/osrf_pycommon:/home/vboxuser/ros2_iron/install/domain_coordinator:/home/vboxuser/ros2_iron/install/ament_xmllint:/home/vboxuser/ros2_iron/install/ament_pyflakes:/home/vboxuser/ros2_iron/install/ament_pycodestyle:/home/vboxuser/ros2_iron/install/ament_pep257:/home/vboxuser/ros2_iron/install/ament_pclint:/home/vboxuser/ros2_iron/install/ament_package:/home/vboxuser/ros2_iron/install/ament_mypy:/home/vboxuser/ros2_iron/install/ament_lint_cmake:/home/vboxuser/ros2_iron/install/ament_flake8:/home/vboxuser/ros2_iron/install/ament_copyright:/home/vboxuser/ros2_iron/install/ament_lint:/home/vboxuser/ros2_iron/install/ament_index_python:/home/vboxuser/ros2_iron/install/ament_cpplint:/home/vboxuser/ros2_iron/install/ament_cppcheck:/home/vboxuser/ros2_iron/install/ament_clang_tidy:/home/vboxuser/ros2_iron/install/ament_clang_format /usr/bin/cmake --build /home/vboxuser/ros2_ws/build/examples_rclcpp_wait_set -- -j4 -l4
[11.312s] DEBUG:colcon.colcon_core.event_handler.log_command:Invoking command in '/home/vboxuser/ros2_ws/build/examples_rclcpp_wait_set': CMAKE_PREFIX_PATH=${CMAKE_PREFIX_PATH}:/home/vboxuser/ros2_ws/install/read_rosbag:/home/vboxuser/ros2_ws/install/py_pubsub:/home/vboxuser/ros2_ws/install/launch_testing_examples:/home/vboxuser/ros2_ws/install/examples_rclpy_pointcloud_publisher:/home/vboxuser/ros2_ws/install/examples_rclpy_minimal_subscriber:/home/vboxuser/ros2_ws/install/examples_rclpy_minimal_service:/home/vboxuser/ros2_ws/install/examples_rclpy_minimal_publisher:/home/vboxuser/ros2_ws/install/examples_rclpy_minimal_client:/home/vboxuser/ros2_ws/install/examples_rclpy_minimal_action_server:/home/vboxuser/ros2_ws/install/examples_rclpy_minimal_action_client:/home/vboxuser/ros2_ws/install/examples_rclpy_guard_conditions:/home/vboxuser/ros2_ws/install/examples_rclpy_executors:/home/vboxuser/ros2_ws/install/bms_visualizer:/opt/ros/iron:/home/vboxuser/ros2_iron/install/rqt_bag_plugins:/home/vboxuser/ros2_iron/install/rqt_bag:/home/vboxuser/ros2_iron/install/rosbag2_examples_py:/home/vboxuser/ros2_iron/install/launch_testing_examples:/home/vboxuser/ros2_iron/install/ros2bag:/home/vboxuser/ros2_iron/install/tracetools_test:/home/vboxuser/ros2_iron/install/tracetools_launch:/home/vboxuser/ros2_iron/install/topic_monitor:/home/vboxuser/ros2_iron/install/tf2_tools:/home/vboxuser/ros2_iron/install/examples_tf2_py:/home/vboxuser/ros2_iron/install/tf2_ros_py:/home/vboxuser/ros2_iron/install/examples_rclpy_pointcloud_publisher:/home/vboxuser/ros2_iron/install/sensor_msgs_py:/home/vboxuser/ros2_iron/install/quality_of_service_demo_py:/home/vboxuser/ros2_iron/install/rqt_plot:/home/vboxuser/ros2_iron/install/ros2doctor:/home/vboxuser/ros2_iron/install/lifecycle_py:/home/vboxuser/ros2_iron/install/examples_rclpy_minimal_subscriber:/home/vboxuser/ros2_iron/install/examples_rclpy_minimal_service:/home/vboxuser/ros2_iron/install/examples_rclpy_minimal_publisher:/home/vboxuser/ros2_iron/install/examples_rclpy_minimal_client:/home/vboxuser/ros2_iron/install/examples_rclpy_executors:/home/vboxuser/ros2_iron/install/demo_nodes_py:/home/vboxuser/ros2_iron/install/rqt:/home/vboxuser/ros2_iron/install/ros2component:/home/vboxuser/ros2_iron/install/sros2:/home/vboxuser/ros2_iron/install/rqt_topic:/home/vboxuser/ros2_iron/install/rqt_srv:/home/vboxuser/ros2_iron/install/rqt_shell:/home/vboxuser/ros2_iron/install/rqt_service_caller:/home/vboxuser/ros2_iron/install/rqt_reconfigure:/home/vboxuser/ros2_iron/install/rqt_py_console:/home/vboxuser/ros2_iron/install/rqt_publisher:/home/vboxuser/ros2_iron/install/rqt_action:/home/vboxuser/ros2_iron/install/rqt_msg:/home/vboxuser/ros2_iron/install/rqt_console:/home/vboxuser/ros2_iron/install/rqt_graph:/home/vboxuser/ros2_iron/install/rqt_gui_py:/home/vboxuser/ros2_iron/install/rqt_gui:/home/vboxuser/ros2_iron/install/ros2trace:/home/vboxuser/ros2_iron/install/ros2topic:/home/vboxuser/ros2_iron/install/ros2test:/home/vboxuser/ros2_iron/install/ros2param:/home/vboxuser/ros2_iron/install/ros2lifecycle:/home/vboxuser/ros2_iron/install/ros2service:/home/vboxuser/ros2_iron/install/ros2run:/home/vboxuser/ros2_iron/install/ros2launch:/home/vboxuser/ros2_iron/install/ros2pkg:/home/vboxuser/ros2_iron/install/ros2node:/home/vboxuser/ros2_iron/install/ros2multicast:/home/vboxuser/ros2_iron/install/ros2interface:/home/vboxuser/ros2_iron/install/ros2action:/home/vboxuser/ros2_iron/install/ros2cli:/home/vboxuser/ros2_iron/install/launch_testing_ros:/home/vboxuser/ros2_iron/install/launch_ros:/home/vboxuser/ros2_iron/install/examples_rclpy_minimal_action_server:/home/vboxuser/ros2_iron/install/examples_rclpy_minimal_action_client:/home/vboxuser/ros2_iron/install/examples_rclpy_guard_conditions:/home/vboxuser/ros2_iron/install/action_tutorials_py:/home/vboxuser/ros2_iron/install/ament_uncrustify:/home/vboxuser/ros2_iron/install/tracetools_trace:/home/vboxuser/ros2_iron/install/tracetools_read:/home/vboxuser/ros2_iron/install/test_tracetools_launch:/home/vboxuser/ros2_iron/install/test_ros2trace:/home/vboxuser/ros2_iron/install/test_launch_ros:/home/vboxuser/ros2_iron/install/rpyutils:/home/vboxuser/ros2_iron/install/rosidl_runtime_py:/home/vboxuser/ros2_iron/install/rosidl_pycommon:/home/vboxuser/ros2_iron/install/rosidl_cli:/home/vboxuser/ros2_iron/install/launch_pytest:/home/vboxuser/ros2_iron/install/launch_testing:/home/vboxuser/ros2_iron/install/launch_yaml:/home/vboxuser/ros2_iron/install/launch_xml:/home/vboxuser/ros2_iron/install/launch:/home/vboxuser/ros2_iron/install/osrf_pycommon:/home/vboxuser/ros2_iron/install/domain_coordinator:/home/vboxuser/ros2_iron/install/ament_xmllint:/home/vboxuser/ros2_iron/install/ament_pyflakes:/home/vboxuser/ros2_iron/install/ament_pycodestyle:/home/vboxuser/ros2_iron/install/ament_pep257:/home/vboxuser/ros2_iron/install/ament_pclint:/home/vboxuser/ros2_iron/install/ament_package:/home/vboxuser/ros2_iron/install/ament_mypy:/home/vboxuser/ros2_iron/install/ament_lint_cmake:/home/vboxuser/ros2_iron/install/ament_flake8:/home/vboxuser/ros2_iron/install/ament_copyright:/home/vboxuser/ros2_iron/install/ament_lint:/home/vboxuser/ros2_iron/install/ament_index_python:/home/vboxuser/ros2_iron/install/ament_cpplint:/home/vboxuser/ros2_iron/install/ament_cppcheck:/home/vboxuser/ros2_iron/install/ament_clang_tidy:/home/vboxuser/ros2_iron/install/ament_clang_format /usr/bin/cmake --install /home/vboxuser/ros2_ws/build/examples_rclcpp_wait_set
[11.453s] Level 1:colcon.colcon_core.environment:create_environment_scripts_only(examples_rclcpp_wait_set)
[11.454s] Level 1:colcon.colcon_core.environment:checking '/home/vboxuser/ros2_ws/install/examples_rclcpp_wait_set' for CMake module files
[11.455s] Level 1:colcon.colcon_core.environment:checking '/home/vboxuser/ros2_ws/install/examples_rclcpp_wait_set' for CMake config files
[11.456s] Level 1:colcon.colcon_core.shell:create_environment_hook('examples_rclcpp_wait_set', 'cmake_prefix_path')
[11.457s] INFO:colcon.colcon_core.shell:Creating environment hook '/home/vboxuser/ros2_ws/install/examples_rclcpp_wait_set/share/examples_rclcpp_wait_set/hook/cmake_prefix_path.ps1'
[11.463s] DEBUG:colcon.colcon_core.event_handler.log_command:Invoked command in '/home/vboxuser/ros2_ws/build/examples_rclcpp_wait_set' returned '0': CMAKE_PREFIX_PATH=${CMAKE_PREFIX_PATH}:/home/vboxuser/ros2_ws/install/read_rosbag:/home/vboxuser/ros2_ws/install/py_pubsub:/home/vboxuser/ros2_ws/install/launch_testing_examples:/home/vboxuser/ros2_ws/install/examples_rclpy_pointcloud_publisher:/home/vboxuser/ros2_ws/install/examples_rclpy_minimal_subscriber:/home/vboxuser/ros2_ws/install/examples_rclpy_minimal_service:/home/vboxuser/ros2_ws/install/examples_rclpy_minimal_publisher:/home/vboxuser/ros2_ws/install/examples_rclpy_minimal_client:/home/vboxuser/ros2_ws/install/examples_rclpy_minimal_action_server:/home/vboxuser/ros2_ws/install/examples_rclpy_minimal_action_client:/home/vboxuser/ros2_ws/install/examples_rclpy_guard_conditions:/home/vboxuser/ros2_ws/install/examples_rclpy_executors:/home/vboxuser/ros2_ws/install/bms_visualizer:/opt/ros/iron:/home/vboxuser/ros2_iron/install/rqt_bag_plugins:/home/vboxuser/ros2_iron/install/rqt_bag:/home/vboxuser/ros2_iron/install/rosbag2_examples_py:/home/vboxuser/ros2_iron/install/launch_testing_examples:/home/vboxuser/ros2_iron/install/ros2bag:/home/vboxuser/ros2_iron/install/tracetools_test:/home/vboxuser/ros2_iron/install/tracetools_launch:/home/vboxuser/ros2_iron/install/topic_monitor:/home/vboxuser/ros2_iron/install/tf2_tools:/home/vboxuser/ros2_iron/install/examples_tf2_py:/home/vboxuser/ros2_iron/install/tf2_ros_py:/home/vboxuser/ros2_iron/install/examples_rclpy_pointcloud_publisher:/home/vboxuser/ros2_iron/install/sensor_msgs_py:/home/vboxuser/ros2_iron/install/quality_of_service_demo_py:/home/vboxuser/ros2_iron/install/rqt_plot:/home/vboxuser/ros2_iron/install/ros2doctor:/home/vboxuser/ros2_iron/install/lifecycle_py:/home/vboxuser/ros2_iron/install/examples_rclpy_minimal_subscriber:/home/vboxuser/ros2_iron/install/examples_rclpy_minimal_service:/home/vboxuser/ros2_iron/install/examples_rclpy_minimal_publisher:/home/vboxuser/ros2_iron/install/examples_rclpy_minimal_client:/home/vboxuser/ros2_iron/install/examples_rclpy_executors:/home/vboxuser/ros2_iron/install/demo_nodes_py:/home/vboxuser/ros2_iron/install/rqt:/home/vboxuser/ros2_iron/install/ros2component:/home/vboxuser/ros2_iron/install/sros2:/home/vboxuser/ros2_iron/install/rqt_topic:/home/vboxuser/ros2_iron/install/rqt_srv:/home/vboxuser/ros2_iron/install/rqt_shell:/home/vboxuser/ros2_iron/install/rqt_service_caller:/home/vboxuser/ros2_iron/install/rqt_reconfigure:/home/vboxuser/ros2_iron/install/rqt_py_console:/home/vboxuser/ros2_iron/install/rqt_publisher:/home/vboxuser/ros2_iron/install/rqt_action:/home/vboxuser/ros2_iron/install/rqt_msg:/home/vboxuser/ros2_iron/install/rqt_console:/home/vboxuser/ros2_iron/install/rqt_graph:/home/vboxuser/ros2_iron/install/rqt_gui_py:/home/vboxuser/ros2_iron/install/rqt_gui:/home/vboxuser/ros2_iron/install/ros2trace:/home/vboxuser/ros2_iron/install/ros2topic:/home/vboxuser/ros2_iron/install/ros2test:/home/vboxuser/ros2_iron/install/ros2param:/home/vboxuser/ros2_iron/install/ros2lifecycle:/home/vboxuser/ros2_iron/install/ros2service:/home/vboxuser/ros2_iron/install/ros2run:/home/vboxuser/ros2_iron/install/ros2launch:/home/vboxuser/ros2_iron/install/ros2pkg:/home/vboxuser/ros2_iron/install/ros2node:/home/vboxuser/ros2_iron/install/ros2multicast:/home/vboxuser/ros2_iron/install/ros2interface:/home/vboxuser/ros2_iron/install/ros2action:/home/vboxuser/ros2_iron/install/ros2cli:/home/vboxuser/ros2_iron/install/launch_testing_ros:/home/vboxuser/ros2_iron/install/launch_ros:/home/vboxuser/ros2_iron/install/examples_rclpy_minimal_action_server:/home/vboxuser/ros2_iron/install/examples_rclpy_minimal_action_client:/home/vboxuser/ros2_iron/install/examples_rclpy_guard_conditions:/home/vboxuser/ros2_iron/install/action_tutorials_py:/home/vboxuser/ros2_iron/install/ament_uncrustify:/home/vboxuser/ros2_iron/install/tracetools_trace:/home/vboxuser/ros2_iron/install/tracetools_read:/home/vboxuser/ros2_iron/install/test_tracetools_launch:/home/vboxuser/ros2_iron/install/test_ros2trace:/home/vboxuser/ros2_iron/install/test_launch_ros:/home/vboxuser/ros2_iron/install/rpyutils:/home/vboxuser/ros2_iron/install/rosidl_runtime_py:/home/vboxuser/ros2_iron/install/rosidl_pycommon:/home/vboxuser/ros2_iron/install/rosidl_cli:/home/vboxuser/ros2_iron/install/launch_pytest:/home/vboxuser/ros2_iron/install/launch_testing:/home/vboxuser/ros2_iron/install/launch_yaml:/home/vboxuser/ros2_iron/install/launch_xml:/home/vboxuser/ros2_iron/install/launch:/home/vboxuser/ros2_iron/install/osrf_pycommon:/home/vboxuser/ros2_iron/install/domain_coordinator:/home/vboxuser/ros2_iron/install/ament_xmllint:/home/vboxuser/ros2_iron/install/ament_pyflakes:/home/vboxuser/ros2_iron/install/ament_pycodestyle:/home/vboxuser/ros2_iron/install/ament_pep257:/home/vboxuser/ros2_iron/install/ament_pclint:/home/vboxuser/ros2_iron/install/ament_package:/home/vboxuser/ros2_iron/install/ament_mypy:/home/vboxuser/ros2_iron/install/ament_lint_cmake:/home/vboxuser/ros2_iron/install/ament_flake8:/home/vboxuser/ros2_iron/install/ament_copyright:/home/vboxuser/ros2_iron/install/ament_lint:/home/vboxuser/ros2_iron/install/ament_index_python:/home/vboxuser/ros2_iron/install/ament_cpplint:/home/vboxuser/ros2_iron/install/ament_cppcheck:/home/vboxuser/ros2_iron/install/ament_clang_tidy:/home/vboxuser/ros2_iron/install/ament_clang_format /usr/bin/cmake --install /home/vboxuser/ros2_ws/build/examples_rclcpp_wait_set
[11.471s] INFO:colcon.colcon_core.shell:Creating environment descriptor '/home/vboxuser/ros2_ws/install/examples_rclcpp_wait_set/share/examples_rclcpp_wait_set/hook/cmake_prefix_path.dsv'
[11.476s] INFO:colcon.colcon_core.shell:Creating environment hook '/home/vboxuser/ros2_ws/install/examples_rclcpp_wait_set/share/examples_rclcpp_wait_set/hook/cmake_prefix_path.sh'
[11.478s] Level 1:colcon.colcon_core.environment:checking '/home/vboxuser/ros2_ws/install/examples_rclcpp_wait_set/lib'
[11.478s] Level 1:colcon.colcon_core.shell:create_environment_hook('examples_rclcpp_wait_set', 'ld_library_path_lib')
[11.479s] INFO:colcon.colcon_core.shell:Creating environment hook '/home/vboxuser/ros2_ws/install/examples_rclcpp_wait_set/share/examples_rclcpp_wait_set/hook/ld_library_path_lib.ps1'
[11.481s] INFO:colcon.colcon_core.shell:Creating environment descriptor '/home/vboxuser/ros2_ws/install/examples_rclcpp_wait_set/share/examples_rclcpp_wait_set/hook/ld_library_path_lib.dsv'
[11.490s] INFO:colcon.colcon_core.shell:Creating environment hook '/home/vboxuser/ros2_ws/install/examples_rclcpp_wait_set/share/examples_rclcpp_wait_set/hook/ld_library_path_lib.sh'
[11.494s] Level 1:colcon.colcon_core.environment:checking '/home/vboxuser/ros2_ws/install/examples_rclcpp_wait_set/bin'
[11.494s] Level 1:colcon.colcon_core.environment:checking '/home/vboxuser/ros2_ws/install/examples_rclcpp_wait_set/lib/pkgconfig/examples_rclcpp_wait_set.pc'
[11.495s] Level 1:colcon.colcon_core.environment:checking '/home/vboxuser/ros2_ws/install/examples_rclcpp_wait_set/lib/python3.10/site-packages'
[11.495s] Level 1:colcon.colcon_core.environment:checking '/home/vboxuser/ros2_ws/install/examples_rclcpp_wait_set/bin'
[11.510s] INFO:colcon.colcon_core.shell:Creating package script '/home/vboxuser/ros2_ws/install/examples_rclcpp_wait_set/share/examples_rclcpp_wait_set/package.ps1'
[11.515s] INFO:colcon.colcon_core.shell:Creating package descriptor '/home/vboxuser/ros2_ws/install/examples_rclcpp_wait_set/share/examples_rclcpp_wait_set/package.dsv'
[11.517s] INFO:colcon.colcon_core.shell:Creating package script '/home/vboxuser/ros2_ws/install/examples_rclcpp_wait_set/share/examples_rclcpp_wait_set/package.sh'
[11.518s] INFO:colcon.colcon_core.shell:Creating package script '/home/vboxuser/ros2_ws/install/examples_rclcpp_wait_set/share/examples_rclcpp_wait_set/package.bash'
[11.524s] INFO:colcon.colcon_core.shell:Creating package script '/home/vboxuser/ros2_ws/install/examples_rclcpp_wait_set/share/examples_rclcpp_wait_set/package.zsh'
[11.529s] Level 1:colcon.colcon_core.environment:create_file_with_runtime_dependencies(/home/vboxuser/ros2_ws/install/examples_rclcpp_wait_set/share/colcon-core/packages/examples_rclcpp_wait_set)
[11.536s] Level 1:colcon.colcon_core.environment:create_environment_scripts_only(examples_rclcpp_wait_set)
[11.542s] Level 1:colcon.colcon_core.environment:checking '/home/vboxuser/ros2_ws/install/examples_rclcpp_wait_set' for CMake module files
[11.543s] Level 1:colcon.colcon_core.environment:checking '/home/vboxuser/ros2_ws/install/examples_rclcpp_wait_set' for CMake config files
[11.543s] Level 1:colcon.colcon_core.shell:create_environment_hook('examples_rclcpp_wait_set', 'cmake_prefix_path')
[11.555s] INFO:colcon.colcon_core.shell:Creating environment hook '/home/vboxuser/ros2_ws/install/examples_rclcpp_wait_set/share/examples_rclcpp_wait_set/hook/cmake_prefix_path.ps1'
[11.558s] INFO:colcon.colcon_core.shell:Creating environment descriptor '/home/vboxuser/ros2_ws/install/examples_rclcpp_wait_set/share/examples_rclcpp_wait_set/hook/cmake_prefix_path.dsv'
[11.559s] INFO:colcon.colcon_core.shell:Creating environment hook '/home/vboxuser/ros2_ws/install/examples_rclcpp_wait_set/share/examples_rclcpp_wait_set/hook/cmake_prefix_path.sh'
[11.560s] Level 1:colcon.colcon_core.environment:checking '/home/vboxuser/ros2_ws/install/examples_rclcpp_wait_set/lib'
[11.561s] Level 1:colcon.colcon_core.shell:create_environment_hook('examples_rclcpp_wait_set', 'ld_library_path_lib')
[11.561s] INFO:colcon.colcon_core.shell:Creating environment hook '/home/vboxuser/ros2_ws/install/examples_rclcpp_wait_set/share/examples_rclcpp_wait_set/hook/ld_library_path_lib.ps1'
[11.562s] INFO:colcon.colcon_core.shell:Creating environment descriptor '/home/vboxuser/ros2_ws/install/examples_rclcpp_wait_set/share/examples_rclcpp_wait_set/hook/ld_library_path_lib.dsv'
[11.563s] INFO:colcon.colcon_core.shell:Creating environment hook '/home/vboxuser/ros2_ws/install/examples_rclcpp_wait_set/share/examples_rclcpp_wait_set/hook/ld_library_path_lib.sh'
[11.564s] Level 1:colcon.colcon_core.environment:checking '/home/vboxuser/ros2_ws/install/examples_rclcpp_wait_set/bin'
[11.564s] Level 1:colcon.colcon_core.environment:checking '/home/vboxuser/ros2_ws/install/examples_rclcpp_wait_set/lib/pkgconfig/examples_rclcpp_wait_set.pc'
[11.565s] Level 1:colcon.colcon_core.environment:checking '/home/vboxuser/ros2_ws/install/examples_rclcpp_wait_set/lib/python3.10/site-packages'
[11.565s] Level 1:colcon.colcon_core.environment:checking '/home/vboxuser/ros2_ws/install/examples_rclcpp_wait_set/bin'
[11.566s] INFO:colcon.colcon_core.shell:Creating package script '/home/vboxuser/ros2_ws/install/examples_rclcpp_wait_set/share/examples_rclcpp_wait_set/package.ps1'
[11.567s] INFO:colcon.colcon_core.shell:Creating package descriptor '/home/vboxuser/ros2_ws/install/examples_rclcpp_wait_set/share/examples_rclcpp_wait_set/package.dsv'
[11.569s] INFO:colcon.colcon_core.shell:Creating package script '/home/vboxuser/ros2_ws/install/examples_rclcpp_wait_set/share/examples_rclcpp_wait_set/package.sh'
[11.571s] INFO:colcon.colcon_core.shell:Creating package script '/home/vboxuser/ros2_ws/install/examples_rclcpp_wait_set/share/examples_rclcpp_wait_set/package.bash'
[11.573s] INFO:colcon.colcon_core.shell:Creating package script '/home/vboxuser/ros2_ws/install/examples_rclcpp_wait_set/share/examples_rclcpp_wait_set/package.zsh'
[11.575s] Level 1:colcon.colcon_core.environment:create_file_with_runtime_dependencies(/home/vboxuser/ros2_ws/install/examples_rclcpp_wait_set/share/colcon-core/packages/examples_rclcpp_wait_set)
[11.592s] INFO:colcon.colcon_ros.task.ament_python.build:Building ROS package in '/home/vboxuser/ros2_ws/src/examples/rclpy/actions/minimal_action_server' with build type 'ament_python'
[11.593s] Level 1:colcon.colcon_core.shell:create_environment_hook('examples_rclpy_minimal_action_server', 'ament_prefix_path')
[11.597s] INFO:colcon.colcon_core.shell:Creating environment hook '/home/vboxuser/ros2_ws/install/examples_rclpy_minimal_action_server/share/examples_rclpy_minimal_action_server/hook/ament_prefix_path.ps1'
[11.604s] INFO:colcon.colcon_core.shell:Creating environment descriptor '/home/vboxuser/ros2_ws/install/examples_rclpy_minimal_action_server/share/examples_rclpy_minimal_action_server/hook/ament_prefix_path.dsv'
[11.618s] INFO:colcon.colcon_core.shell:Creating environment hook '/home/vboxuser/ros2_ws/install/examples_rclpy_minimal_action_server/share/examples_rclpy_minimal_action_server/hook/ament_prefix_path.sh'
[11.620s] INFO:colcon.colcon_core.shell:Skip shell extension 'powershell' for command environment: Not usable outside of PowerShell
[11.625s] DEBUG:colcon.colcon_core.shell:Skip shell extension 'dsv' for command environment
[13.235s] INFO:colcon.colcon_core.task.python.build:Building Python package in '/home/vboxuser/ros2_ws/src/examples/rclpy/actions/minimal_action_server'
[13.236s] INFO:colcon.colcon_core.shell:Skip shell extension 'powershell' for command environment: Not usable outside of PowerShell
[13.236s] DEBUG:colcon.colcon_core.shell:Skip shell extension 'dsv' for command environment
[13.329s] DEBUG:colcon.colcon_core.event_handler.log_command:Invoking command in '/home/vboxuser/ros2_ws/src/examples/rclpy/actions/minimal_action_client': PYTHONPATH=/home/vboxuser/ros2_ws/build/examples_rclpy_minimal_action_client/prefix_override:/usr/lib/python3/dist-packages/colcon_core/task/python/colcon_distutils_commands:/home/vboxuser/ros2_ws/install/examples_rclpy_minimal_action_client/lib/python3.10/site-packages:${PYTHONPATH} /usr/bin/python3 -W ignore:setup.py install is deprecated -W ignore:easy_install command is deprecated setup.py egg_info --egg-base ../../../../../build/examples_rclpy_minimal_action_client build --build-base /home/vboxuser/ros2_ws/build/examples_rclpy_minimal_action_client/build install --record /home/vboxuser/ros2_ws/build/examples_rclpy_minimal_action_client/install.log --single-version-externally-managed install_data
[13.399s] DEBUG:colcon.colcon_core.event_handler.log_command:Invoking command in '/home/vboxuser/ros2_ws/src/examples/rclpy/guard_conditions': PYTHONPATH=/home/vboxuser/ros2_ws/build/examples_rclpy_guard_conditions/prefix_override:/usr/lib/python3/dist-packages/colcon_core/task/python/colcon_distutils_commands:/home/vboxuser/ros2_ws/install/examples_rclpy_guard_conditions/lib/python3.10/site-packages:${PYTHONPATH} /usr/bin/python3 -W ignore:setup.py install is deprecated -W ignore:easy_install command is deprecated setup.py egg_info --egg-base ../../../../build/examples_rclpy_guard_conditions build --build-base /home/vboxuser/ros2_ws/build/examples_rclpy_guard_conditions/build install --record /home/vboxuser/ros2_ws/build/examples_rclpy_guard_conditions/install.log --single-version-externally-managed install_data
[13.400s] DEBUG:colcon.colcon_core.event_handler.log_command:Invoking command in '/home/vboxuser/ros2_ws/src/examples/rclpy/executors': PYTHONPATH=/home/vboxuser/ros2_ws/build/examples_rclpy_executors/prefix_override:/usr/lib/python3/dist-packages/colcon_core/task/python/colcon_distutils_commands:/home/vboxuser/ros2_ws/install/examples_rclpy_executors/lib/python3.10/site-packages:${PYTHONPATH} /usr/bin/python3 -W ignore:setup.py install is deprecated -W ignore:easy_install command is deprecated setup.py egg_info --egg-base ../../../../build/examples_rclpy_executors build --build-base /home/vboxuser/ros2_ws/build/examples_rclpy_executors/build install --record /home/vboxuser/ros2_ws/build/examples_rclpy_executors/install.log --single-version-externally-managed install_data
[14.781s] Level 1:colcon.colcon_core.environment:checking '/home/vboxuser/ros2_ws/install/examples_rclpy_minimal_action_client' for CMake module files
[14.785s] DEBUG:colcon.colcon_core.event_handler.log_command:Invoked command in '/home/vboxuser/ros2_ws/src/examples/rclpy/actions/minimal_action_client' returned '0': PYTHONPATH=/home/vboxuser/ros2_ws/build/examples_rclpy_minimal_action_client/prefix_override:/usr/lib/python3/dist-packages/colcon_core/task/python/colcon_distutils_commands:/home/vboxuser/ros2_ws/install/examples_rclpy_minimal_action_client/lib/python3.10/site-packages:${PYTHONPATH} /usr/bin/python3 -W ignore:setup.py install is deprecated -W ignore:easy_install command is deprecated setup.py egg_info --egg-base ../../../../../build/examples_rclpy_minimal_action_client build --build-base /home/vboxuser/ros2_ws/build/examples_rclpy_minimal_action_client/build install --record /home/vboxuser/ros2_ws/build/examples_rclpy_minimal_action_client/install.log --single-version-externally-managed install_data
[14.795s] Level 1:colcon.colcon_core.environment:checking '/home/vboxuser/ros2_ws/install/examples_rclpy_minimal_action_client' for CMake config files
[14.796s] Level 1:colcon.colcon_core.environment:checking '/home/vboxuser/ros2_ws/install/examples_rclpy_minimal_action_client/lib'
[14.796s] Level 1:colcon.colcon_core.environment:checking '/home/vboxuser/ros2_ws/install/examples_rclpy_minimal_action_client/bin'
[14.796s] Level 1:colcon.colcon_core.environment:checking '/home/vboxuser/ros2_ws/install/examples_rclpy_minimal_action_client/lib/pkgconfig/examples_rclpy_minimal_action_client.pc'
[14.796s] Level 1:colcon.colcon_core.environment:checking '/home/vboxuser/ros2_ws/install/examples_rclpy_minimal_action_client/lib/python3.10/site-packages'
[14.796s] Level 1:colcon.colcon_core.shell:create_environment_hook('examples_rclpy_minimal_action_client', 'pythonpath')
[14.797s] INFO:colcon.colcon_core.shell:Creating environment hook '/home/vboxuser/ros2_ws/install/examples_rclpy_minimal_action_client/share/examples_rclpy_minimal_action_client/hook/pythonpath.ps1'
[14.798s] INFO:colcon.colcon_core.shell:Creating environment descriptor '/home/vboxuser/ros2_ws/install/examples_rclpy_minimal_action_client/share/examples_rclpy_minimal_action_client/hook/pythonpath.dsv'
[14.799s] INFO:colcon.colcon_core.shell:Creating environment hook '/home/vboxuser/ros2_ws/install/examples_rclpy_minimal_action_client/share/examples_rclpy_minimal_action_client/hook/pythonpath.sh'
[14.801s] Level 1:colcon.colcon_core.environment:checking '/home/vboxuser/ros2_ws/install/examples_rclpy_minimal_action_client/bin'
[14.801s] Level 1:colcon.colcon_core.environment:create_environment_scripts_only(examples_rclpy_minimal_action_client)
[14.801s] INFO:colcon.colcon_core.shell:Creating package script '/home/vboxuser/ros2_ws/install/examples_rclpy_minimal_action_client/share/examples_rclpy_minimal_action_client/package.ps1'
[14.802s] INFO:colcon.colcon_core.shell:Creating package descriptor '/home/vboxuser/ros2_ws/install/examples_rclpy_minimal_action_client/share/examples_rclpy_minimal_action_client/package.dsv'
[14.804s] INFO:colcon.colcon_core.shell:Creating package script '/home/vboxuser/ros2_ws/install/examples_rclpy_minimal_action_client/share/examples_rclpy_minimal_action_client/package.sh'
[14.805s] INFO:colcon.colcon_core.shell:Creating package script '/home/vboxuser/ros2_ws/install/examples_rclpy_minimal_action_client/share/examples_rclpy_minimal_action_client/package.bash'
[14.806s] INFO:colcon.colcon_core.shell:Creating package script '/home/vboxuser/ros2_ws/install/examples_rclpy_minimal_action_client/share/examples_rclpy_minimal_action_client/package.zsh'
[14.807s] Level 1:colcon.colcon_core.environment:create_file_with_runtime_dependencies(/home/vboxuser/ros2_ws/install/examples_rclpy_minimal_action_client/share/colcon-core/packages/examples_rclpy_minimal_action_client)
[14.809s] INFO:colcon.colcon_ros.task.ament_python.build:Building ROS package in '/home/vboxuser/ros2_ws/src/examples/rclpy/services/minimal_client' with build type 'ament_python'
[14.809s] Level 1:colcon.colcon_core.shell:create_environment_hook('examples_rclpy_minimal_client', 'ament_prefix_path')
[14.809s] INFO:colcon.colcon_core.shell:Creating environment hook '/home/vboxuser/ros2_ws/install/examples_rclpy_minimal_client/share/examples_rclpy_minimal_client/hook/ament_prefix_path.ps1'
[14.820s] INFO:colcon.colcon_core.shell:Creating environment descriptor '/home/vboxuser/ros2_ws/install/examples_rclpy_minimal_client/share/examples_rclpy_minimal_client/hook/ament_prefix_path.dsv'
[14.822s] INFO:colcon.colcon_core.shell:Creating environment hook '/home/vboxuser/ros2_ws/install/examples_rclpy_minimal_client/share/examples_rclpy_minimal_client/hook/ament_prefix_path.sh'
[14.833s] INFO:colcon.colcon_core.shell:Skip shell extension 'powershell' for command environment: Not usable outside of PowerShell
[14.851s] DEBUG:colcon.colcon_core.shell:Skip shell extension 'dsv' for command environment
[15.141s] DEBUG:colcon.colcon_core.event_handler.log_command:Invoking command in '/home/vboxuser/ros2_ws/src/examples/rclpy/actions/minimal_action_server': PYTHONPATH=/home/vboxuser/ros2_ws/build/examples_rclpy_minimal_action_server/prefix_override:/usr/lib/python3/dist-packages/colcon_core/task/python/colcon_distutils_commands:/home/vboxuser/ros2_ws/install/examples_rclpy_minimal_action_server/lib/python3.10/site-packages:${PYTHONPATH} /usr/bin/python3 -W ignore:setup.py install is deprecated -W ignore:easy_install command is deprecated setup.py egg_info --egg-base ../../../../../build/examples_rclpy_minimal_action_server build --build-base /home/vboxuser/ros2_ws/build/examples_rclpy_minimal_action_server/build install --record /home/vboxuser/ros2_ws/build/examples_rclpy_minimal_action_server/install.log --single-version-externally-managed install_data
[15.156s] Level 1:colcon.colcon_core.environment:checking '/home/vboxuser/ros2_ws/install/examples_rclpy_guard_conditions' for CMake module files
[15.164s] DEBUG:colcon.colcon_core.event_handler.log_command:Invoked command in '/home/vboxuser/ros2_ws/src/examples/rclpy/guard_conditions' returned '0': PYTHONPATH=/home/vboxuser/ros2_ws/build/examples_rclpy_guard_conditions/prefix_override:/usr/lib/python3/dist-packages/colcon_core/task/python/colcon_distutils_commands:/home/vboxuser/ros2_ws/install/examples_rclpy_guard_conditions/lib/python3.10/site-packages:${PYTHONPATH} /usr/bin/python3 -W ignore:setup.py install is deprecated -W ignore:easy_install command is deprecated setup.py egg_info --egg-base ../../../../build/examples_rclpy_guard_conditions build --build-base /home/vboxuser/ros2_ws/build/examples_rclpy_guard_conditions/build install --record /home/vboxuser/ros2_ws/build/examples_rclpy_guard_conditions/install.log --single-version-externally-managed install_data
[15.165s] Level 1:colcon.colcon_core.environment:checking '/home/vboxuser/ros2_ws/install/examples_rclpy_guard_conditions' for CMake config files
[15.166s] Level 1:colcon.colcon_core.environment:checking '/home/vboxuser/ros2_ws/install/examples_rclpy_guard_conditions/lib'
[15.166s] Level 1:colcon.colcon_core.environment:checking '/home/vboxuser/ros2_ws/install/examples_rclpy_guard_conditions/bin'
[15.166s] Level 1:colcon.colcon_core.environment:checking '/home/vboxuser/ros2_ws/install/examples_rclpy_guard_conditions/lib/pkgconfig/examples_rclpy_guard_conditions.pc'
[15.167s] Level 1:colcon.colcon_core.environment:checking '/home/vboxuser/ros2_ws/install/examples_rclpy_guard_conditions/lib/python3.10/site-packages'
[15.167s] Level 1:colcon.colcon_core.shell:create_environment_hook('examples_rclpy_guard_conditions', 'pythonpath')
[15.168s] INFO:colcon.colcon_core.shell:Creating environment hook '/home/vboxuser/ros2_ws/install/examples_rclpy_guard_conditions/share/examples_rclpy_guard_conditions/hook/pythonpath.ps1'
[15.169s] INFO:colcon.colcon_core.shell:Creating environment descriptor '/home/vboxuser/ros2_ws/install/examples_rclpy_guard_conditions/share/examples_rclpy_guard_conditions/hook/pythonpath.dsv'
[15.170s] INFO:colcon.colcon_core.shell:Creating environment hook '/home/vboxuser/ros2_ws/install/examples_rclpy_guard_conditions/share/examples_rclpy_guard_conditions/hook/pythonpath.sh'
[15.181s] Level 1:colcon.colcon_core.environment:checking '/home/vboxuser/ros2_ws/install/examples_rclpy_guard_conditions/bin'
[15.181s] Level 1:colcon.colcon_core.environment:create_environment_scripts_only(examples_rclpy_guard_conditions)
[15.182s] INFO:colcon.colcon_core.shell:Creating package script '/home/vboxuser/ros2_ws/install/examples_rclpy_guard_conditions/share/examples_rclpy_guard_conditions/package.ps1'
[15.214s] INFO:colcon.colcon_core.shell:Creating package descriptor '/home/vboxuser/ros2_ws/install/examples_rclpy_guard_conditions/share/examples_rclpy_guard_conditions/package.dsv'
[15.216s] INFO:colcon.colcon_core.shell:Creating package script '/home/vboxuser/ros2_ws/install/examples_rclpy_guard_conditions/share/examples_rclpy_guard_conditions/package.sh'
[15.219s] INFO:colcon.colcon_core.shell:Creating package script '/home/vboxuser/ros2_ws/install/examples_rclpy_guard_conditions/share/examples_rclpy_guard_conditions/package.bash'
[15.225s] INFO:colcon.colcon_core.shell:Creating package script '/home/vboxuser/ros2_ws/install/examples_rclpy_guard_conditions/share/examples_rclpy_guard_conditions/package.zsh'
[15.227s] Level 1:colcon.colcon_core.environment:create_file_with_runtime_dependencies(/home/vboxuser/ros2_ws/install/examples_rclpy_guard_conditions/share/colcon-core/packages/examples_rclpy_guard_conditions)
[16.713s] INFO:colcon.colcon_core.task.python.build:Building Python package in '/home/vboxuser/ros2_ws/src/examples/rclpy/services/minimal_client'
[16.713s] INFO:colcon.colcon_core.shell:Skip shell extension 'powershell' for command environment: Not usable outside of PowerShell
[16.714s] DEBUG:colcon.colcon_core.shell:Skip shell extension 'dsv' for command environment
[16.795s] INFO:colcon.colcon_ros.task.ament_python.build:Building ROS package in '/home/vboxuser/ros2_ws/src/examples/rclpy/topics/minimal_publisher' with build type 'ament_python'
[16.796s] Level 1:colcon.colcon_core.shell:create_environment_hook('examples_rclpy_minimal_publisher', 'ament_prefix_path')
[16.796s] INFO:colcon.colcon_core.shell:Creating environment hook '/home/vboxuser/ros2_ws/install/examples_rclpy_minimal_publisher/share/examples_rclpy_minimal_publisher/hook/ament_prefix_path.ps1'
[16.803s] INFO:colcon.colcon_core.shell:Creating environment descriptor '/home/vboxuser/ros2_ws/install/examples_rclpy_minimal_publisher/share/examples_rclpy_minimal_publisher/hook/ament_prefix_path.dsv'
[16.805s] INFO:colcon.colcon_core.shell:Creating environment hook '/home/vboxuser/ros2_ws/install/examples_rclpy_minimal_publisher/share/examples_rclpy_minimal_publisher/hook/ament_prefix_path.sh'
[16.809s] INFO:colcon.colcon_core.shell:Skip shell extension 'powershell' for command environment: Not usable outside of PowerShell
[16.810s] DEBUG:colcon.colcon_core.shell:Skip shell extension 'dsv' for command environment
[16.887s] Level 1:colcon.colcon_core.environment:checking '/home/vboxuser/ros2_ws/install/examples_rclpy_executors' for CMake module files
[16.889s] Level 1:colcon.colcon_core.environment:checking '/home/vboxuser/ros2_ws/install/examples_rclpy_executors' for CMake config files
[16.891s] DEBUG:colcon.colcon_core.event_handler.log_command:Invoked command in '/home/vboxuser/ros2_ws/src/examples/rclpy/executors' returned '0': PYTHONPATH=/home/vboxuser/ros2_ws/build/examples_rclpy_executors/prefix_override:/usr/lib/python3/dist-packages/colcon_core/task/python/colcon_distutils_commands:/home/vboxuser/ros2_ws/install/examples_rclpy_executors/lib/python3.10/site-packages:${PYTHONPATH} /usr/bin/python3 -W ignore:setup.py install is deprecated -W ignore:easy_install command is deprecated setup.py egg_info --egg-base ../../../../build/examples_rclpy_executors build --build-base /home/vboxuser/ros2_ws/build/examples_rclpy_executors/build install --record /home/vboxuser/ros2_ws/build/examples_rclpy_executors/install.log --single-version-externally-managed install_data
[16.893s] Level 1:colcon.colcon_core.environment:checking '/home/vboxuser/ros2_ws/install/examples_rclpy_executors/lib'
[16.893s] Level 1:colcon.colcon_core.environment:checking '/home/vboxuser/ros2_ws/install/examples_rclpy_executors/bin'
[16.893s] Level 1:colcon.colcon_core.environment:checking '/home/vboxuser/ros2_ws/install/examples_rclpy_executors/lib/pkgconfig/examples_rclpy_executors.pc'
[16.893s] Level 1:colcon.colcon_core.environment:checking '/home/vboxuser/ros2_ws/install/examples_rclpy_executors/lib/python3.10/site-packages'
[16.893s] Level 1:colcon.colcon_core.shell:create_environment_hook('examples_rclpy_executors', 'pythonpath')
[16.894s] INFO:colcon.colcon_core.shell:Creating environment hook '/home/vboxuser/ros2_ws/install/examples_rclpy_executors/share/examples_rclpy_executors/hook/pythonpath.ps1'
[16.896s] INFO:colcon.colcon_core.shell:Creating environment descriptor '/home/vboxuser/ros2_ws/install/examples_rclpy_executors/share/examples_rclpy_executors/hook/pythonpath.dsv'
[16.898s] INFO:colcon.colcon_core.shell:Creating environment hook '/home/vboxuser/ros2_ws/install/examples_rclpy_executors/share/examples_rclpy_executors/hook/pythonpath.sh'
[16.900s] Level 1:colcon.colcon_core.environment:checking '/home/vboxuser/ros2_ws/install/examples_rclpy_executors/bin'
[16.900s] Level 1:colcon.colcon_core.environment:create_environment_scripts_only(examples_rclpy_executors)
[16.901s] INFO:colcon.colcon_core.shell:Creating package script '/home/vboxuser/ros2_ws/install/examples_rclpy_executors/share/examples_rclpy_executors/package.ps1'
[16.906s] INFO:colcon.colcon_core.shell:Creating package descriptor '/home/vboxuser/ros2_ws/install/examples_rclpy_executors/share/examples_rclpy_executors/package.dsv'
[16.907s] INFO:colcon.colcon_core.shell:Creating package script '/home/vboxuser/ros2_ws/install/examples_rclpy_executors/share/examples_rclpy_executors/package.sh'
[16.908s] INFO:colcon.colcon_core.shell:Creating package script '/home/vboxuser/ros2_ws/install/examples_rclpy_executors/share/examples_rclpy_executors/package.bash'
[16.914s] INFO:colcon.colcon_core.shell:Creating package script '/home/vboxuser/ros2_ws/install/examples_rclpy_executors/share/examples_rclpy_executors/package.zsh'
[16.916s] Level 1:colcon.colcon_core.environment:create_file_with_runtime_dependencies(/home/vboxuser/ros2_ws/install/examples_rclpy_executors/share/colcon-core/packages/examples_rclpy_executors)
[16.918s] INFO:colcon.colcon_ros.task.ament_python.build:Building ROS package in '/home/vboxuser/ros2_ws/src/examples/rclpy/services/minimal_service' with build type 'ament_python'
[16.919s] Level 1:colcon.colcon_core.shell:create_environment_hook('examples_rclpy_minimal_service', 'ament_prefix_path')
[16.919s] INFO:colcon.colcon_core.shell:Creating environment hook '/home/vboxuser/ros2_ws/install/examples_rclpy_minimal_service/share/examples_rclpy_minimal_service/hook/ament_prefix_path.ps1'
[16.921s] INFO:colcon.colcon_core.shell:Creating environment descriptor '/home/vboxuser/ros2_ws/install/examples_rclpy_minimal_service/share/examples_rclpy_minimal_service/hook/ament_prefix_path.dsv'
[16.922s] INFO:colcon.colcon_core.shell:Creating environment hook '/home/vboxuser/ros2_ws/install/examples_rclpy_minimal_service/share/examples_rclpy_minimal_service/hook/ament_prefix_path.sh'
[16.925s] INFO:colcon.colcon_core.shell:Skip shell extension 'powershell' for command environment: Not usable outside of PowerShell
[16.925s] DEBUG:colcon.colcon_core.shell:Skip shell extension 'dsv' for command environment
[16.996s] Level 1:colcon.colcon_core.environment:checking '/home/vboxuser/ros2_ws/install/examples_rclpy_minimal_action_server' for CMake module files
[16.997s] DEBUG:colcon.colcon_core.event_handler.log_command:Invoked command in '/home/vboxuser/ros2_ws/src/examples/rclpy/actions/minimal_action_server' returned '0': PYTHONPATH=/home/vboxuser/ros2_ws/build/examples_rclpy_minimal_action_server/prefix_override:/usr/lib/python3/dist-packages/colcon_core/task/python/colcon_distutils_commands:/home/vboxuser/ros2_ws/install/examples_rclpy_minimal_action_server/lib/python3.10/site-packages:${PYTHONPATH} /usr/bin/python3 -W ignore:setup.py install is deprecated -W ignore:easy_install command is deprecated setup.py egg_info --egg-base ../../../../../build/examples_rclpy_minimal_action_server build --build-base /home/vboxuser/ros2_ws/build/examples_rclpy_minimal_action_server/build install --record /home/vboxuser/ros2_ws/build/examples_rclpy_minimal_action_server/install.log --single-version-externally-managed install_data
[17.003s] Level 1:colcon.colcon_core.environment:checking '/home/vboxuser/ros2_ws/install/examples_rclpy_minimal_action_server' for CMake config files
[17.005s] Level 1:colcon.colcon_core.environment:checking '/home/vboxuser/ros2_ws/install/examples_rclpy_minimal_action_server/lib'
[17.005s] Level 1:colcon.colcon_core.environment:checking '/home/vboxuser/ros2_ws/install/examples_rclpy_minimal_action_server/bin'
[17.005s] Level 1:colcon.colcon_core.environment:checking '/home/vboxuser/ros2_ws/install/examples_rclpy_minimal_action_server/lib/pkgconfig/examples_rclpy_minimal_action_server.pc'
[17.006s] Level 1:colcon.colcon_core.environment:checking '/home/vboxuser/ros2_ws/install/examples_rclpy_minimal_action_server/lib/python3.10/site-packages'
[17.006s] Level 1:colcon.colcon_core.shell:create_environment_hook('examples_rclpy_minimal_action_server', 'pythonpath')
[17.007s] INFO:colcon.colcon_core.shell:Creating environment hook '/home/vboxuser/ros2_ws/install/examples_rclpy_minimal_action_server/share/examples_rclpy_minimal_action_server/hook/pythonpath.ps1'
[17.010s] INFO:colcon.colcon_core.shell:Creating environment descriptor '/home/vboxuser/ros2_ws/install/examples_rclpy_minimal_action_server/share/examples_rclpy_minimal_action_server/hook/pythonpath.dsv'
[17.011s] INFO:colcon.colcon_core.shell:Creating environment hook '/home/vboxuser/ros2_ws/install/examples_rclpy_minimal_action_server/share/examples_rclpy_minimal_action_server/hook/pythonpath.sh'
[17.014s] Level 1:colcon.colcon_core.environment:checking '/home/vboxuser/ros2_ws/install/examples_rclpy_minimal_action_server/bin'
[17.014s] Level 1:colcon.colcon_core.environment:create_environment_scripts_only(examples_rclpy_minimal_action_server)
[17.015s] INFO:colcon.colcon_core.shell:Creating package script '/home/vboxuser/ros2_ws/install/examples_rclpy_minimal_action_server/share/examples_rclpy_minimal_action_server/package.ps1'
[17.017s] INFO:colcon.colcon_core.shell:Creating package descriptor '/home/vboxuser/ros2_ws/install/examples_rclpy_minimal_action_server/share/examples_rclpy_minimal_action_server/package.dsv'
[17.020s] INFO:colcon.colcon_core.shell:Creating package script '/home/vboxuser/ros2_ws/install/examples_rclpy_minimal_action_server/share/examples_rclpy_minimal_action_server/package.sh'
[17.021s] INFO:colcon.colcon_core.shell:Creating package script '/home/vboxuser/ros2_ws/install/examples_rclpy_minimal_action_server/share/examples_rclpy_minimal_action_server/package.bash'
[17.022s] INFO:colcon.colcon_core.shell:Creating package script '/home/vboxuser/ros2_ws/install/examples_rclpy_minimal_action_server/share/examples_rclpy_minimal_action_server/package.zsh'
[17.024s] Level 1:colcon.colcon_core.environment:create_file_with_runtime_dependencies(/home/vboxuser/ros2_ws/install/examples_rclpy_minimal_action_server/share/colcon-core/packages/examples_rclpy_minimal_action_server)
[17.040s] INFO:colcon.colcon_ros.task.ament_python.build:Building ROS package in '/home/vboxuser/ros2_ws/src/examples/rclpy/topics/minimal_subscriber' with build type 'ament_python'
[17.041s] Level 1:colcon.colcon_core.shell:create_environment_hook('examples_rclpy_minimal_subscriber', 'ament_prefix_path')
[17.043s] INFO:colcon.colcon_core.shell:Creating environment hook '/home/vboxuser/ros2_ws/install/examples_rclpy_minimal_subscriber/share/examples_rclpy_minimal_subscriber/hook/ament_prefix_path.ps1'
[17.047s] INFO:colcon.colcon_core.shell:Creating environment descriptor '/home/vboxuser/ros2_ws/install/examples_rclpy_minimal_subscriber/share/examples_rclpy_minimal_subscriber/hook/ament_prefix_path.dsv'
[17.049s] INFO:colcon.colcon_core.shell:Creating environment hook '/home/vboxuser/ros2_ws/install/examples_rclpy_minimal_subscriber/share/examples_rclpy_minimal_subscriber/hook/ament_prefix_path.sh'
[17.052s] INFO:colcon.colcon_core.shell:Skip shell extension 'powershell' for command environment: Not usable outside of PowerShell
[17.053s] DEBUG:colcon.colcon_core.shell:Skip shell extension 'dsv' for command environment
[18.555s] INFO:colcon.colcon_core.task.python.build:Building Python package in '/home/vboxuser/ros2_ws/src/examples/rclpy/topics/minimal_publisher'
[18.556s] INFO:colcon.colcon_core.shell:Skip shell extension 'powershell' for command environment: Not usable outside of PowerShell
[18.556s] DEBUG:colcon.colcon_core.shell:Skip shell extension 'dsv' for command environment
[20.285s] INFO:colcon.colcon_core.task.python.build:Building Python package in '/home/vboxuser/ros2_ws/src/examples/rclpy/services/minimal_service'
[20.286s] INFO:colcon.colcon_core.shell:Skip shell extension 'powershell' for command environment: Not usable outside of PowerShell
[20.286s] DEBUG:colcon.colcon_core.shell:Skip shell extension 'dsv' for command environment
[21.588s] INFO:colcon.colcon_core.task.python.build:Building Python package in '/home/vboxuser/ros2_ws/src/examples/rclpy/topics/minimal_subscriber'
[21.589s] INFO:colcon.colcon_core.shell:Skip shell extension 'powershell' for command environment: Not usable outside of PowerShell
[21.590s] DEBUG:colcon.colcon_core.shell:Skip shell extension 'dsv' for command environment
[21.666s] DEBUG:colcon.colcon_core.event_handler.log_command:Invoking command in '/home/vboxuser/ros2_ws/src/examples/rclpy/services/minimal_client': PYTHONPATH=/home/vboxuser/ros2_ws/build/examples_rclpy_minimal_client/prefix_override:/usr/lib/python3/dist-packages/colcon_core/task/python/colcon_distutils_commands:/home/vboxuser/ros2_ws/install/examples_rclpy_minimal_client/lib/python3.10/site-packages:${PYTHONPATH} /usr/bin/python3 -W ignore:setup.py install is deprecated -W ignore:easy_install command is deprecated setup.py egg_info --egg-base ../../../../../build/examples_rclpy_minimal_client build --build-base /home/vboxuser/ros2_ws/build/examples_rclpy_minimal_client/build install --record /home/vboxuser/ros2_ws/build/examples_rclpy_minimal_client/install.log --single-version-externally-managed install_data
[23.193s] Level 1:colcon.colcon_core.environment:checking '/home/vboxuser/ros2_ws/install/examples_rclpy_minimal_client' for CMake module files
[23.195s] Level 1:colcon.colcon_core.environment:checking '/home/vboxuser/ros2_ws/install/examples_rclpy_minimal_client' for CMake config files
[23.196s] DEBUG:colcon.colcon_core.event_handler.log_command:Invoked command in '/home/vboxuser/ros2_ws/src/examples/rclpy/services/minimal_client' returned '0': PYTHONPATH=/home/vboxuser/ros2_ws/build/examples_rclpy_minimal_client/prefix_override:/usr/lib/python3/dist-packages/colcon_core/task/python/colcon_distutils_commands:/home/vboxuser/ros2_ws/install/examples_rclpy_minimal_client/lib/python3.10/site-packages:${PYTHONPATH} /usr/bin/python3 -W ignore:setup.py install is deprecated -W ignore:easy_install command is deprecated setup.py egg_info --egg-base ../../../../../build/examples_rclpy_minimal_client build --build-base /home/vboxuser/ros2_ws/build/examples_rclpy_minimal_client/build install --record /home/vboxuser/ros2_ws/build/examples_rclpy_minimal_client/install.log --single-version-externally-managed install_data
[23.203s] Level 1:colcon.colcon_core.environment:checking '/home/vboxuser/ros2_ws/install/examples_rclpy_minimal_client/lib'
[23.203s] Level 1:colcon.colcon_core.environment:checking '/home/vboxuser/ros2_ws/install/examples_rclpy_minimal_client/bin'
[23.203s] Level 1:colcon.colcon_core.environment:checking '/home/vboxuser/ros2_ws/install/examples_rclpy_minimal_client/lib/pkgconfig/examples_rclpy_minimal_client.pc'
[23.203s] Level 1:colcon.colcon_core.environment:checking '/home/vboxuser/ros2_ws/install/examples_rclpy_minimal_client/lib/python3.10/site-packages'
[23.204s] Level 1:colcon.colcon_core.shell:create_environment_hook('examples_rclpy_minimal_client', 'pythonpath')
[23.204s] INFO:colcon.colcon_core.shell:Creating environment hook '/home/vboxuser/ros2_ws/install/examples_rclpy_minimal_client/share/examples_rclpy_minimal_client/hook/pythonpath.ps1'
[23.205s] INFO:colcon.colcon_core.shell:Creating environment descriptor '/home/vboxuser/ros2_ws/install/examples_rclpy_minimal_client/share/examples_rclpy_minimal_client/hook/pythonpath.dsv'
[23.218s] INFO:colcon.colcon_core.shell:Creating environment hook '/home/vboxuser/ros2_ws/install/examples_rclpy_minimal_client/share/examples_rclpy_minimal_client/hook/pythonpath.sh'
[23.305s] Level 1:colcon.colcon_core.environment:checking '/home/vboxuser/ros2_ws/install/examples_rclpy_minimal_client/bin'
[23.306s] Level 1:colcon.colcon_core.environment:create_environment_scripts_only(examples_rclpy_minimal_client)
[23.308s] INFO:colcon.colcon_core.shell:Creating package script '/home/vboxuser/ros2_ws/install/examples_rclpy_minimal_client/share/examples_rclpy_minimal_client/package.ps1'
[23.312s] INFO:colcon.colcon_core.shell:Creating package descriptor '/home/vboxuser/ros2_ws/install/examples_rclpy_minimal_client/share/examples_rclpy_minimal_client/package.dsv'
[23.315s] INFO:colcon.colcon_core.shell:Creating package script '/home/vboxuser/ros2_ws/install/examples_rclpy_minimal_client/share/examples_rclpy_minimal_client/package.sh'
[23.320s] INFO:colcon.colcon_core.shell:Creating package script '/home/vboxuser/ros2_ws/install/examples_rclpy_minimal_client/share/examples_rclpy_minimal_client/package.bash'
[23.326s] INFO:colcon.colcon_core.shell:Creating package script '/home/vboxuser/ros2_ws/install/examples_rclpy_minimal_client/share/examples_rclpy_minimal_client/package.zsh'
[23.329s] Level 1:colcon.colcon_core.environment:create_file_with_runtime_dependencies(/home/vboxuser/ros2_ws/install/examples_rclpy_minimal_client/share/colcon-core/packages/examples_rclpy_minimal_client)
[23.334s] INFO:colcon.colcon_ros.task.ament_python.build:Building ROS package in '/home/vboxuser/ros2_ws/src/examples/rclpy/topics/pointcloud_publisher' with build type 'ament_python'
[23.334s] Level 1:colcon.colcon_core.shell:create_environment_hook('examples_rclpy_pointcloud_publisher', 'ament_prefix_path')
[23.335s] INFO:colcon.colcon_core.shell:Creating environment hook '/home/vboxuser/ros2_ws/install/examples_rclpy_pointcloud_publisher/share/examples_rclpy_pointcloud_publisher/hook/ament_prefix_path.ps1'
[23.340s] INFO:colcon.colcon_core.shell:Creating environment descriptor '/home/vboxuser/ros2_ws/install/examples_rclpy_pointcloud_publisher/share/examples_rclpy_pointcloud_publisher/hook/ament_prefix_path.dsv'
[23.342s] INFO:colcon.colcon_core.shell:Creating environment hook '/home/vboxuser/ros2_ws/install/examples_rclpy_pointcloud_publisher/share/examples_rclpy_pointcloud_publisher/hook/ament_prefix_path.sh'
[23.363s] INFO:colcon.colcon_core.shell:Skip shell extension 'powershell' for command environment: Not usable outside of PowerShell
[23.363s] DEBUG:colcon.colcon_core.shell:Skip shell extension 'dsv' for command environment
[23.568s] DEBUG:colcon.colcon_core.event_handler.log_command:Invoking command in '/home/vboxuser/ros2_ws/src/examples/rclpy/services/minimal_service': PYTHONPATH=/home/vboxuser/ros2_ws/build/examples_rclpy_minimal_service/prefix_override:/usr/lib/python3/dist-packages/colcon_core/task/python/colcon_distutils_commands:/home/vboxuser/ros2_ws/install/examples_rclpy_minimal_service/lib/python3.10/site-packages:${PYTHONPATH} /usr/bin/python3 -W ignore:setup.py install is deprecated -W ignore:easy_install command is deprecated setup.py egg_info --egg-base ../../../../../build/examples_rclpy_minimal_service build --build-base /home/vboxuser/ros2_ws/build/examples_rclpy_minimal_service/build install --record /home/vboxuser/ros2_ws/build/examples_rclpy_minimal_service/install.log --single-version-externally-managed install_data
[23.588s] DEBUG:colcon.colcon_core.event_handler.log_command:Invoking command in '/home/vboxuser/ros2_ws/src/examples/rclpy/topics/minimal_publisher': PYTHONPATH=/home/vboxuser/ros2_ws/build/examples_rclpy_minimal_publisher/prefix_override:/usr/lib/python3/dist-packages/colcon_core/task/python/colcon_distutils_commands:/home/vboxuser/ros2_ws/install/examples_rclpy_minimal_publisher/lib/python3.10/site-packages:${PYTHONPATH} /usr/bin/python3 -W ignore:setup.py install is deprecated -W ignore:easy_install command is deprecated setup.py egg_info --egg-base ../../../../../build/examples_rclpy_minimal_publisher build --build-base /home/vboxuser/ros2_ws/build/examples_rclpy_minimal_publisher/build install --record /home/vboxuser/ros2_ws/build/examples_rclpy_minimal_publisher/install.log --single-version-externally-managed install_data
[24.803s] INFO:colcon.colcon_core.task.python.build:Building Python package in '/home/vboxuser/ros2_ws/src/examples/rclpy/topics/pointcloud_publisher'
[24.803s] INFO:colcon.colcon_core.shell:Skip shell extension 'powershell' for command environment: Not usable outside of PowerShell
[24.803s] DEBUG:colcon.colcon_core.shell:Skip shell extension 'dsv' for command environment
[24.861s] DEBUG:colcon.colcon_core.event_handler.log_command:Invoking command in '/home/vboxuser/ros2_ws/src/examples/rclpy/topics/minimal_subscriber': PYTHONPATH=/home/vboxuser/ros2_ws/build/examples_rclpy_minimal_subscriber/prefix_override:/usr/lib/python3/dist-packages/colcon_core/task/python/colcon_distutils_commands:/home/vboxuser/ros2_ws/install/examples_rclpy_minimal_subscriber/lib/python3.10/site-packages:${PYTHONPATH} /usr/bin/python3 -W ignore:setup.py install is deprecated -W ignore:easy_install command is deprecated setup.py egg_info --egg-base ../../../../../build/examples_rclpy_minimal_subscriber build --build-base /home/vboxuser/ros2_ws/build/examples_rclpy_minimal_subscriber/build install --record /home/vboxuser/ros2_ws/build/examples_rclpy_minimal_subscriber/install.log --single-version-externally-managed install_data
[24.939s] Level 1:colcon.colcon_core.environment:checking '/home/vboxuser/ros2_ws/install/examples_rclpy_minimal_publisher' for CMake module files
[24.960s] DEBUG:colcon.colcon_core.event_handler.log_command:Invoked command in '/home/vboxuser/ros2_ws/src/examples/rclpy/topics/minimal_publisher' returned '0': PYTHONPATH=/home/vboxuser/ros2_ws/build/examples_rclpy_minimal_publisher/prefix_override:/usr/lib/python3/dist-packages/colcon_core/task/python/colcon_distutils_commands:/home/vboxuser/ros2_ws/install/examples_rclpy_minimal_publisher/lib/python3.10/site-packages:${PYTHONPATH} /usr/bin/python3 -W ignore:setup.py install is deprecated -W ignore:easy_install command is deprecated setup.py egg_info --egg-base ../../../../../build/examples_rclpy_minimal_publisher build --build-base /home/vboxuser/ros2_ws/build/examples_rclpy_minimal_publisher/build install --record /home/vboxuser/ros2_ws/build/examples_rclpy_minimal_publisher/install.log --single-version-externally-managed install_data
[24.966s] Level 1:colcon.colcon_core.environment:checking '/home/vboxuser/ros2_ws/install/examples_rclpy_minimal_publisher' for CMake config files
[24.967s] Level 1:colcon.colcon_core.environment:checking '/home/vboxuser/ros2_ws/install/examples_rclpy_minimal_publisher/lib'
[24.967s] Level 1:colcon.colcon_core.environment:checking '/home/vboxuser/ros2_ws/install/examples_rclpy_minimal_publisher/bin'
[24.967s] Level 1:colcon.colcon_core.environment:checking '/home/vboxuser/ros2_ws/install/examples_rclpy_minimal_publisher/lib/pkgconfig/examples_rclpy_minimal_publisher.pc'
[24.968s] Level 1:colcon.colcon_core.environment:checking '/home/vboxuser/ros2_ws/install/examples_rclpy_minimal_publisher/lib/python3.10/site-packages'
[24.968s] Level 1:colcon.colcon_core.shell:create_environment_hook('examples_rclpy_minimal_publisher', 'pythonpath')
[24.969s] INFO:colcon.colcon_core.shell:Creating environment hook '/home/vboxuser/ros2_ws/install/examples_rclpy_minimal_publisher/share/examples_rclpy_minimal_publisher/hook/pythonpath.ps1'
[24.970s] INFO:colcon.colcon_core.shell:Creating environment descriptor '/home/vboxuser/ros2_ws/install/examples_rclpy_minimal_publisher/share/examples_rclpy_minimal_publisher/hook/pythonpath.dsv'
[24.971s] INFO:colcon.colcon_core.shell:Creating environment hook '/home/vboxuser/ros2_ws/install/examples_rclpy_minimal_publisher/share/examples_rclpy_minimal_publisher/hook/pythonpath.sh'
[24.973s] Level 1:colcon.colcon_core.environment:checking '/home/vboxuser/ros2_ws/install/examples_rclpy_minimal_publisher/bin'
[24.974s] Level 1:colcon.colcon_core.environment:create_environment_scripts_only(examples_rclpy_minimal_publisher)
[24.975s] INFO:colcon.colcon_core.shell:Creating package script '/home/vboxuser/ros2_ws/install/examples_rclpy_minimal_publisher/share/examples_rclpy_minimal_publisher/package.ps1'
[24.977s] INFO:colcon.colcon_core.shell:Creating package descriptor '/home/vboxuser/ros2_ws/install/examples_rclpy_minimal_publisher/share/examples_rclpy_minimal_publisher/package.dsv'
[24.997s] INFO:colcon.colcon_core.shell:Creating package script '/home/vboxuser/ros2_ws/install/examples_rclpy_minimal_publisher/share/examples_rclpy_minimal_publisher/package.sh'
[24.999s] INFO:colcon.colcon_core.shell:Creating package script '/home/vboxuser/ros2_ws/install/examples_rclpy_minimal_publisher/share/examples_rclpy_minimal_publisher/package.bash'
[25.000s] INFO:colcon.colcon_core.shell:Creating package script '/home/vboxuser/ros2_ws/install/examples_rclpy_minimal_publisher/share/examples_rclpy_minimal_publisher/package.zsh'
[25.003s] Level 1:colcon.colcon_core.environment:create_file_with_runtime_dependencies(/home/vboxuser/ros2_ws/install/examples_rclpy_minimal_publisher/share/colcon-core/packages/examples_rclpy_minimal_publisher)
[25.011s] INFO:colcon.colcon_ros.task.ament_python.build:Building ROS package in '/home/vboxuser/ros2_ws/src/examples/launch_testing/launch_testing_examples' with build type 'ament_python'
[25.012s] Level 1:colcon.colcon_core.shell:create_environment_hook('launch_testing_examples', 'ament_prefix_path')
[25.013s] INFO:colcon.colcon_core.shell:Creating environment hook '/home/vboxuser/ros2_ws/install/launch_testing_examples/share/launch_testing_examples/hook/ament_prefix_path.ps1'
[25.015s] INFO:colcon.colcon_core.shell:Creating environment descriptor '/home/vboxuser/ros2_ws/install/launch_testing_examples/share/launch_testing_examples/hook/ament_prefix_path.dsv'
[25.018s] INFO:colcon.colcon_core.shell:Creating environment hook '/home/vboxuser/ros2_ws/install/launch_testing_examples/share/launch_testing_examples/hook/ament_prefix_path.sh'
[25.020s] INFO:colcon.colcon_core.shell:Skip shell extension 'powershell' for command environment: Not usable outside of PowerShell
[25.020s] DEBUG:colcon.colcon_core.shell:Skip shell extension 'dsv' for command environment
[25.113s] Level 1:colcon.colcon_core.environment:checking '/home/vboxuser/ros2_ws/install/examples_rclpy_minimal_service' for CMake module files
[25.118s] Level 1:colcon.colcon_core.environment:checking '/home/vboxuser/ros2_ws/install/examples_rclpy_minimal_service' for CMake config files
[25.120s] Level 1:colcon.colcon_core.environment:checking '/home/vboxuser/ros2_ws/install/examples_rclpy_minimal_service/lib'
[25.120s] Level 1:colcon.colcon_core.environment:checking '/home/vboxuser/ros2_ws/install/examples_rclpy_minimal_service/bin'
[25.125s] Level 1:colcon.colcon_core.environment:checking '/home/vboxuser/ros2_ws/install/examples_rclpy_minimal_service/lib/pkgconfig/examples_rclpy_minimal_service.pc'
[25.126s] Level 1:colcon.colcon_core.environment:checking '/home/vboxuser/ros2_ws/install/examples_rclpy_minimal_service/lib/python3.10/site-packages'
[25.126s] Level 1:colcon.colcon_core.shell:create_environment_hook('examples_rclpy_minimal_service', 'pythonpath')
[25.127s] INFO:colcon.colcon_core.shell:Creating environment hook '/home/vboxuser/ros2_ws/install/examples_rclpy_minimal_service/share/examples_rclpy_minimal_service/hook/pythonpath.ps1'
[25.128s] INFO:colcon.colcon_core.shell:Creating environment descriptor '/home/vboxuser/ros2_ws/install/examples_rclpy_minimal_service/share/examples_rclpy_minimal_service/hook/pythonpath.dsv'
[25.130s] INFO:colcon.colcon_core.shell:Creating environment hook '/home/vboxuser/ros2_ws/install/examples_rclpy_minimal_service/share/examples_rclpy_minimal_service/hook/pythonpath.sh'
[25.132s] Level 1:colcon.colcon_core.environment:checking '/home/vboxuser/ros2_ws/install/examples_rclpy_minimal_service/bin'
[25.132s] Level 1:colcon.colcon_core.environment:create_environment_scripts_only(examples_rclpy_minimal_service)
[25.133s] INFO:colcon.colcon_core.shell:Creating package script '/home/vboxuser/ros2_ws/install/examples_rclpy_minimal_service/share/examples_rclpy_minimal_service/package.ps1'
[25.139s] DEBUG:colcon.colcon_core.event_handler.log_command:Invoked command in '/home/vboxuser/ros2_ws/src/examples/rclpy/services/minimal_service' returned '0': PYTHONPATH=/home/vboxuser/ros2_ws/build/examples_rclpy_minimal_service/prefix_override:/usr/lib/python3/dist-packages/colcon_core/task/python/colcon_distutils_commands:/home/vboxuser/ros2_ws/install/examples_rclpy_minimal_service/lib/python3.10/site-packages:${PYTHONPATH} /usr/bin/python3 -W ignore:setup.py install is deprecated -W ignore:easy_install command is deprecated setup.py egg_info --egg-base ../../../../../build/examples_rclpy_minimal_service build --build-base /home/vboxuser/ros2_ws/build/examples_rclpy_minimal_service/build install --record /home/vboxuser/ros2_ws/build/examples_rclpy_minimal_service/install.log --single-version-externally-managed install_data
[25.144s] INFO:colcon.colcon_core.shell:Creating package descriptor '/home/vboxuser/ros2_ws/install/examples_rclpy_minimal_service/share/examples_rclpy_minimal_service/package.dsv'
[25.147s] INFO:colcon.colcon_core.shell:Creating package script '/home/vboxuser/ros2_ws/install/examples_rclpy_minimal_service/share/examples_rclpy_minimal_service/package.sh'
[25.149s] INFO:colcon.colcon_core.shell:Creating package script '/home/vboxuser/ros2_ws/install/examples_rclpy_minimal_service/share/examples_rclpy_minimal_service/package.bash'
[25.156s] INFO:colcon.colcon_core.shell:Creating package script '/home/vboxuser/ros2_ws/install/examples_rclpy_minimal_service/share/examples_rclpy_minimal_service/package.zsh'
[25.157s] Level 1:colcon.colcon_core.environment:create_file_with_runtime_dependencies(/home/vboxuser/ros2_ws/install/examples_rclpy_minimal_service/share/colcon-core/packages/examples_rclpy_minimal_service)
[25.162s] INFO:colcon.colcon_ros.task.ament_cmake.build:Building ROS package in '/home/vboxuser/ros2_ws/src/my_package' with build type 'ament_cmake'
[25.163s] INFO:colcon.colcon_cmake.task.cmake.build:Building CMake package in '/home/vboxuser/ros2_ws/src/my_package'
[25.164s] INFO:colcon.colcon_core.shell:Skip shell extension 'powershell' for command environment: Not usable outside of PowerShell
[25.164s] DEBUG:colcon.colcon_core.shell:Skip shell extension 'dsv' for command environment
[26.525s] INFO:colcon.colcon_core.task.python.build:Building Python package in '/home/vboxuser/ros2_ws/src/examples/launch_testing/launch_testing_examples'
[26.526s] INFO:colcon.colcon_core.shell:Skip shell extension 'powershell' for command environment: Not usable outside of PowerShell
[26.526s] DEBUG:colcon.colcon_core.shell:Skip shell extension 'dsv' for command environment
[26.618s] Level 1:colcon.colcon_core.environment:checking '/home/vboxuser/ros2_ws/install/examples_rclpy_minimal_subscriber' for CMake module files
[26.620s] DEBUG:colcon.colcon_core.event_handler.log_command:Invoked command in '/home/vboxuser/ros2_ws/src/examples/rclpy/topics/minimal_subscriber' returned '0': PYTHONPATH=/home/vboxuser/ros2_ws/build/examples_rclpy_minimal_subscriber/prefix_override:/usr/lib/python3/dist-packages/colcon_core/task/python/colcon_distutils_commands:/home/vboxuser/ros2_ws/install/examples_rclpy_minimal_subscriber/lib/python3.10/site-packages:${PYTHONPATH} /usr/bin/python3 -W ignore:setup.py install is deprecated -W ignore:easy_install command is deprecated setup.py egg_info --egg-base ../../../../../build/examples_rclpy_minimal_subscriber build --build-base /home/vboxuser/ros2_ws/build/examples_rclpy_minimal_subscriber/build install --record /home/vboxuser/ros2_ws/build/examples_rclpy_minimal_subscriber/install.log --single-version-externally-managed install_data
[26.623s] Level 1:colcon.colcon_core.environment:checking '/home/vboxuser/ros2_ws/install/examples_rclpy_minimal_subscriber' for CMake config files
[26.624s] Level 1:colcon.colcon_core.environment:checking '/home/vboxuser/ros2_ws/install/examples_rclpy_minimal_subscriber/lib'
[26.624s] Level 1:colcon.colcon_core.environment:checking '/home/vboxuser/ros2_ws/install/examples_rclpy_minimal_subscriber/bin'
[26.624s] Level 1:colcon.colcon_core.environment:checking '/home/vboxuser/ros2_ws/install/examples_rclpy_minimal_subscriber/lib/pkgconfig/examples_rclpy_minimal_subscriber.pc'
[26.625s] Level 1:colcon.colcon_core.environment:checking '/home/vboxuser/ros2_ws/install/examples_rclpy_minimal_subscriber/lib/python3.10/site-packages'
[26.625s] Level 1:colcon.colcon_core.shell:create_environment_hook('examples_rclpy_minimal_subscriber', 'pythonpath')
[26.625s] INFO:colcon.colcon_core.shell:Creating environment hook '/home/vboxuser/ros2_ws/install/examples_rclpy_minimal_subscriber/share/examples_rclpy_minimal_subscriber/hook/pythonpath.ps1'
[26.634s] INFO:colcon.colcon_core.shell:Creating environment descriptor '/home/vboxuser/ros2_ws/install/examples_rclpy_minimal_subscriber/share/examples_rclpy_minimal_subscriber/hook/pythonpath.dsv'
[26.635s] INFO:colcon.colcon_core.shell:Creating environment hook '/home/vboxuser/ros2_ws/install/examples_rclpy_minimal_subscriber/share/examples_rclpy_minimal_subscriber/hook/pythonpath.sh'
[26.642s] Level 1:colcon.colcon_core.environment:checking '/home/vboxuser/ros2_ws/install/examples_rclpy_minimal_subscriber/bin'
[26.642s] Level 1:colcon.colcon_core.environment:create_environment_scripts_only(examples_rclpy_minimal_subscriber)
[26.643s] INFO:colcon.colcon_core.shell:Creating package script '/home/vboxuser/ros2_ws/install/examples_rclpy_minimal_subscriber/share/examples_rclpy_minimal_subscriber/package.ps1'
[26.647s] INFO:colcon.colcon_core.shell:Creating package descriptor '/home/vboxuser/ros2_ws/install/examples_rclpy_minimal_subscriber/share/examples_rclpy_minimal_subscriber/package.dsv'
[26.649s] INFO:colcon.colcon_core.shell:Creating package script '/home/vboxuser/ros2_ws/install/examples_rclpy_minimal_subscriber/share/examples_rclpy_minimal_subscriber/package.sh'
[26.652s] INFO:colcon.colcon_core.shell:Creating package script '/home/vboxuser/ros2_ws/install/examples_rclpy_minimal_subscriber/share/examples_rclpy_minimal_subscriber/package.bash'
[26.656s] INFO:colcon.colcon_core.shell:Creating package script '/home/vboxuser/ros2_ws/install/examples_rclpy_minimal_subscriber/share/examples_rclpy_minimal_subscriber/package.zsh'
[26.657s] Level 1:colcon.colcon_core.environment:create_file_with_runtime_dependencies(/home/vboxuser/ros2_ws/install/examples_rclpy_minimal_subscriber/share/colcon-core/packages/examples_rclpy_minimal_subscriber)
[26.679s] DEBUG:colcon.colcon_core.event_handler.log_command:Invoking command in '/home/vboxuser/ros2_ws/build/my_package': CMAKE_PREFIX_PATH=${CMAKE_PREFIX_PATH}:/home/vboxuser/ros2_ws/install/read_rosbag:/home/vboxuser/ros2_ws/install/py_pubsub:/home/vboxuser/ros2_ws/install/launch_testing_examples:/home/vboxuser/ros2_ws/install/examples_rclpy_pointcloud_publisher:/home/vboxuser/ros2_ws/install/examples_rclpy_minimal_subscriber:/home/vboxuser/ros2_ws/install/examples_rclpy_minimal_service:/home/vboxuser/ros2_ws/install/examples_rclpy_minimal_publisher:/home/vboxuser/ros2_ws/install/examples_rclpy_minimal_client:/home/vboxuser/ros2_ws/install/examples_rclpy_minimal_action_server:/home/vboxuser/ros2_ws/install/examples_rclpy_minimal_action_client:/home/vboxuser/ros2_ws/install/examples_rclpy_guard_conditions:/home/vboxuser/ros2_ws/install/examples_rclpy_executors:/home/vboxuser/ros2_ws/install/bms_visualizer:/opt/ros/iron:/home/vboxuser/ros2_iron/install/rqt_bag_plugins:/home/vboxuser/ros2_iron/install/rqt_bag:/home/vboxuser/ros2_iron/install/rosbag2_examples_py:/home/vboxuser/ros2_iron/install/launch_testing_examples:/home/vboxuser/ros2_iron/install/ros2bag:/home/vboxuser/ros2_iron/install/tracetools_test:/home/vboxuser/ros2_iron/install/tracetools_launch:/home/vboxuser/ros2_iron/install/topic_monitor:/home/vboxuser/ros2_iron/install/tf2_tools:/home/vboxuser/ros2_iron/install/examples_tf2_py:/home/vboxuser/ros2_iron/install/tf2_ros_py:/home/vboxuser/ros2_iron/install/examples_rclpy_pointcloud_publisher:/home/vboxuser/ros2_iron/install/sensor_msgs_py:/home/vboxuser/ros2_iron/install/quality_of_service_demo_py:/home/vboxuser/ros2_iron/install/rqt_plot:/home/vboxuser/ros2_iron/install/ros2doctor:/home/vboxuser/ros2_iron/install/lifecycle_py:/home/vboxuser/ros2_iron/install/examples_rclpy_minimal_subscriber:/home/vboxuser/ros2_iron/install/examples_rclpy_minimal_service:/home/vboxuser/ros2_iron/install/examples_rclpy_minimal_publisher:/home/vboxuser/ros2_iron/install/examples_rclpy_minimal_client:/home/vboxuser/ros2_iron/install/examples_rclpy_executors:/home/vboxuser/ros2_iron/install/demo_nodes_py:/home/vboxuser/ros2_iron/install/rqt:/home/vboxuser/ros2_iron/install/ros2component:/home/vboxuser/ros2_iron/install/sros2:/home/vboxuser/ros2_iron/install/rqt_topic:/home/vboxuser/ros2_iron/install/rqt_srv:/home/vboxuser/ros2_iron/install/rqt_shell:/home/vboxuser/ros2_iron/install/rqt_service_caller:/home/vboxuser/ros2_iron/install/rqt_reconfigure:/home/vboxuser/ros2_iron/install/rqt_py_console:/home/vboxuser/ros2_iron/install/rqt_publisher:/home/vboxuser/ros2_iron/install/rqt_action:/home/vboxuser/ros2_iron/install/rqt_msg:/home/vboxuser/ros2_iron/install/rqt_console:/home/vboxuser/ros2_iron/install/rqt_graph:/home/vboxuser/ros2_iron/install/rqt_gui_py:/home/vboxuser/ros2_iron/install/rqt_gui:/home/vboxuser/ros2_iron/install/ros2trace:/home/vboxuser/ros2_iron/install/ros2topic:/home/vboxuser/ros2_iron/install/ros2test:/home/vboxuser/ros2_iron/install/ros2param:/home/vboxuser/ros2_iron/install/ros2lifecycle:/home/vboxuser/ros2_iron/install/ros2service:/home/vboxuser/ros2_iron/install/ros2run:/home/vboxuser/ros2_iron/install/ros2launch:/home/vboxuser/ros2_iron/install/ros2pkg:/home/vboxuser/ros2_iron/install/ros2node:/home/vboxuser/ros2_iron/install/ros2multicast:/home/vboxuser/ros2_iron/install/ros2interface:/home/vboxuser/ros2_iron/install/ros2action:/home/vboxuser/ros2_iron/install/ros2cli:/home/vboxuser/ros2_iron/install/launch_testing_ros:/home/vboxuser/ros2_iron/install/launch_ros:/home/vboxuser/ros2_iron/install/examples_rclpy_minimal_action_server:/home/vboxuser/ros2_iron/install/examples_rclpy_minimal_action_client:/home/vboxuser/ros2_iron/install/examples_rclpy_guard_conditions:/home/vboxuser/ros2_iron/install/action_tutorials_py:/home/vboxuser/ros2_iron/install/ament_uncrustify:/home/vboxuser/ros2_iron/install/tracetools_trace:/home/vboxuser/ros2_iron/install/tracetools_read:/home/vboxuser/ros2_iron/install/test_tracetools_launch:/home/vboxuser/ros2_iron/install/test_ros2trace:/home/vboxuser/ros2_iron/install/test_launch_ros:/home/vboxuser/ros2_iron/install/rpyutils:/home/vboxuser/ros2_iron/install/rosidl_runtime_py:/home/vboxuser/ros2_iron/install/rosidl_pycommon:/home/vboxuser/ros2_iron/install/rosidl_cli:/home/vboxuser/ros2_iron/install/launch_pytest:/home/vboxuser/ros2_iron/install/launch_testing:/home/vboxuser/ros2_iron/install/launch_yaml:/home/vboxuser/ros2_iron/install/launch_xml:/home/vboxuser/ros2_iron/install/launch:/home/vboxuser/ros2_iron/install/osrf_pycommon:/home/vboxuser/ros2_iron/install/domain_coordinator:/home/vboxuser/ros2_iron/install/ament_xmllint:/home/vboxuser/ros2_iron/install/ament_pyflakes:/home/vboxuser/ros2_iron/install/ament_pycodestyle:/home/vboxuser/ros2_iron/install/ament_pep257:/home/vboxuser/ros2_iron/install/ament_pclint:/home/vboxuser/ros2_iron/install/ament_package:/home/vboxuser/ros2_iron/install/ament_mypy:/home/vboxuser/ros2_iron/install/ament_lint_cmake:/home/vboxuser/ros2_iron/install/ament_flake8:/home/vboxuser/ros2_iron/install/ament_copyright:/home/vboxuser/ros2_iron/install/ament_lint:/home/vboxuser/ros2_iron/install/ament_index_python:/home/vboxuser/ros2_iron/install/ament_cpplint:/home/vboxuser/ros2_iron/install/ament_cppcheck:/home/vboxuser/ros2_iron/install/ament_clang_tidy:/home/vboxuser/ros2_iron/install/ament_clang_format /usr/bin/cmake --build /home/vboxuser/ros2_ws/build/my_package -- -j4 -l4
[26.685s] INFO:colcon.colcon_ros.task.ament_python.build:Building ROS package in '/home/vboxuser/ros2_ws/src/py_pubsub' with build type 'ament_python'
[26.686s] Level 1:colcon.colcon_core.shell:create_environment_hook('py_pubsub', 'ament_prefix_path')
[26.687s] INFO:colcon.colcon_core.shell:Creating environment hook '/home/vboxuser/ros2_ws/install/py_pubsub/share/py_pubsub/hook/ament_prefix_path.ps1'
[26.690s] INFO:colcon.colcon_core.shell:Creating environment descriptor '/home/vboxuser/ros2_ws/install/py_pubsub/share/py_pubsub/hook/ament_prefix_path.dsv'
[26.698s] INFO:colcon.colcon_core.shell:Creating environment hook '/home/vboxuser/ros2_ws/install/py_pubsub/share/py_pubsub/hook/ament_prefix_path.sh'
[26.700s] INFO:colcon.colcon_core.shell:Skip shell extension 'powershell' for command environment: Not usable outside of PowerShell
[26.700s] DEBUG:colcon.colcon_core.shell:Skip shell extension 'dsv' for command environment
[26.813s] DEBUG:colcon.colcon_core.event_handler.log_command:Invoking command in '/home/vboxuser/ros2_ws/src/examples/rclpy/topics/pointcloud_publisher': PYTHONPATH=/home/vboxuser/ros2_ws/build/examples_rclpy_pointcloud_publisher/prefix_override:/usr/lib/python3/dist-packages/colcon_core/task/python/colcon_distutils_commands:/home/vboxuser/ros2_ws/install/examples_rclpy_pointcloud_publisher/lib/python3.10/site-packages:${PYTHONPATH} /usr/bin/python3 -W ignore:setup.py install is deprecated -W ignore:easy_install command is deprecated setup.py egg_info --egg-base ../../../../../build/examples_rclpy_pointcloud_publisher build --build-base /home/vboxuser/ros2_ws/build/examples_rclpy_pointcloud_publisher/build install --record /home/vboxuser/ros2_ws/build/examples_rclpy_pointcloud_publisher/install.log --single-version-externally-managed install_data
[28.549s] INFO:colcon.colcon_core.task.python.build:Building Python package in '/home/vboxuser/ros2_ws/src/py_pubsub'
[28.550s] INFO:colcon.colcon_core.shell:Skip shell extension 'powershell' for command environment: Not usable outside of PowerShell
[28.550s] DEBUG:colcon.colcon_core.shell:Skip shell extension 'dsv' for command environment
[28.649s] Level 1:colcon.colcon_core.environment:checking '/home/vboxuser/ros2_ws/install/examples_rclpy_pointcloud_publisher' for CMake module files
[28.652s] DEBUG:colcon.colcon_core.event_handler.log_command:Invoked command in '/home/vboxuser/ros2_ws/src/examples/rclpy/topics/pointcloud_publisher' returned '0': PYTHONPATH=/home/vboxuser/ros2_ws/build/examples_rclpy_pointcloud_publisher/prefix_override:/usr/lib/python3/dist-packages/colcon_core/task/python/colcon_distutils_commands:/home/vboxuser/ros2_ws/install/examples_rclpy_pointcloud_publisher/lib/python3.10/site-packages:${PYTHONPATH} /usr/bin/python3 -W ignore:setup.py install is deprecated -W ignore:easy_install command is deprecated setup.py egg_info --egg-base ../../../../../build/examples_rclpy_pointcloud_publisher build --build-base /home/vboxuser/ros2_ws/build/examples_rclpy_pointcloud_publisher/build install --record /home/vboxuser/ros2_ws/build/examples_rclpy_pointcloud_publisher/install.log --single-version-externally-managed install_data
[28.653s] Level 1:colcon.colcon_core.environment:checking '/home/vboxuser/ros2_ws/install/examples_rclpy_pointcloud_publisher' for CMake config files
[28.654s] Level 1:colcon.colcon_core.environment:checking '/home/vboxuser/ros2_ws/install/examples_rclpy_pointcloud_publisher/lib'
[28.655s] Level 1:colcon.colcon_core.environment:checking '/home/vboxuser/ros2_ws/install/examples_rclpy_pointcloud_publisher/bin'
[28.655s] Level 1:colcon.colcon_core.environment:checking '/home/vboxuser/ros2_ws/install/examples_rclpy_pointcloud_publisher/lib/pkgconfig/examples_rclpy_pointcloud_publisher.pc'
[28.656s] Level 1:colcon.colcon_core.environment:checking '/home/vboxuser/ros2_ws/install/examples_rclpy_pointcloud_publisher/lib/python3.10/site-packages'
[28.656s] Level 1:colcon.colcon_core.shell:create_environment_hook('examples_rclpy_pointcloud_publisher', 'pythonpath')
[28.657s] INFO:colcon.colcon_core.shell:Creating environment hook '/home/vboxuser/ros2_ws/install/examples_rclpy_pointcloud_publisher/share/examples_rclpy_pointcloud_publisher/hook/pythonpath.ps1'
[28.664s] INFO:colcon.colcon_core.shell:Creating environment descriptor '/home/vboxuser/ros2_ws/install/examples_rclpy_pointcloud_publisher/share/examples_rclpy_pointcloud_publisher/hook/pythonpath.dsv'
[28.668s] INFO:colcon.colcon_core.shell:Creating environment hook '/home/vboxuser/ros2_ws/install/examples_rclpy_pointcloud_publisher/share/examples_rclpy_pointcloud_publisher/hook/pythonpath.sh'
[28.670s] Level 1:colcon.colcon_core.environment:checking '/home/vboxuser/ros2_ws/install/examples_rclpy_pointcloud_publisher/bin'
[28.671s] Level 1:colcon.colcon_core.environment:create_environment_scripts_only(examples_rclpy_pointcloud_publisher)
[28.672s] INFO:colcon.colcon_core.shell:Creating package script '/home/vboxuser/ros2_ws/install/examples_rclpy_pointcloud_publisher/share/examples_rclpy_pointcloud_publisher/package.ps1'
[28.674s] INFO:colcon.colcon_core.shell:Creating package descriptor '/home/vboxuser/ros2_ws/install/examples_rclpy_pointcloud_publisher/share/examples_rclpy_pointcloud_publisher/package.dsv'
[28.676s] INFO:colcon.colcon_core.shell:Creating package script '/home/vboxuser/ros2_ws/install/examples_rclpy_pointcloud_publisher/share/examples_rclpy_pointcloud_publisher/package.sh'
[28.678s] INFO:colcon.colcon_core.shell:Creating package script '/home/vboxuser/ros2_ws/install/examples_rclpy_pointcloud_publisher/share/examples_rclpy_pointcloud_publisher/package.bash'
[28.680s] INFO:colcon.colcon_core.shell:Creating package script '/home/vboxuser/ros2_ws/install/examples_rclpy_pointcloud_publisher/share/examples_rclpy_pointcloud_publisher/package.zsh'
[28.687s] Level 1:colcon.colcon_core.environment:create_file_with_runtime_dependencies(/home/vboxuser/ros2_ws/install/examples_rclpy_pointcloud_publisher/share/colcon-core/packages/examples_rclpy_pointcloud_publisher)
[28.710s] INFO:colcon.colcon_ros.task.ament_python.build:Building ROS package in '/home/vboxuser/ros2_ws/src/read_rosbag' with build type 'ament_python'
[28.710s] Level 1:colcon.colcon_core.shell:create_environment_hook('read_rosbag', 'ament_prefix_path')
[28.714s] INFO:colcon.colcon_core.shell:Creating environment hook '/home/vboxuser/ros2_ws/install/read_rosbag/share/read_rosbag/hook/ament_prefix_path.ps1'
[28.732s] INFO:colcon.colcon_core.shell:Creating environment descriptor '/home/vboxuser/ros2_ws/install/read_rosbag/share/read_rosbag/hook/ament_prefix_path.dsv'
[28.735s] INFO:colcon.colcon_core.shell:Creating environment hook '/home/vboxuser/ros2_ws/install/read_rosbag/share/read_rosbag/hook/ament_prefix_path.sh'
[28.738s] DEBUG:colcon.colcon_core.event_handler.log_command:Invoking command in '/home/vboxuser/ros2_ws/src/examples/launch_testing/launch_testing_examples': PYTHONPATH=/home/vboxuser/ros2_ws/build/launch_testing_examples/prefix_override:/usr/lib/python3/dist-packages/colcon_core/task/python/colcon_distutils_commands:/home/vboxuser/ros2_ws/install/launch_testing_examples/lib/python3.10/site-packages:${PYTHONPATH} /usr/bin/python3 -W ignore:setup.py install is deprecated -W ignore:easy_install command is deprecated setup.py egg_info --egg-base ../../../../build/launch_testing_examples build --build-base /home/vboxuser/ros2_ws/build/launch_testing_examples/build install --record /home/vboxuser/ros2_ws/build/launch_testing_examples/install.log --single-version-externally-managed install_data
[28.746s] INFO:colcon.colcon_core.shell:Skip shell extension 'powershell' for command environment: Not usable outside of PowerShell
[28.746s] DEBUG:colcon.colcon_core.shell:Skip shell extension 'dsv' for command environment
[28.831s] DEBUG:colcon.colcon_core.event_handler.log_command:Invoked command in '/home/vboxuser/ros2_ws/build/my_package' returned '0': CMAKE_PREFIX_PATH=${CMAKE_PREFIX_PATH}:/home/vboxuser/ros2_ws/install/read_rosbag:/home/vboxuser/ros2_ws/install/py_pubsub:/home/vboxuser/ros2_ws/install/launch_testing_examples:/home/vboxuser/ros2_ws/install/examples_rclpy_pointcloud_publisher:/home/vboxuser/ros2_ws/install/examples_rclpy_minimal_subscriber:/home/vboxuser/ros2_ws/install/examples_rclpy_minimal_service:/home/vboxuser/ros2_ws/install/examples_rclpy_minimal_publisher:/home/vboxuser/ros2_ws/install/examples_rclpy_minimal_client:/home/vboxuser/ros2_ws/install/examples_rclpy_minimal_action_server:/home/vboxuser/ros2_ws/install/examples_rclpy_minimal_action_client:/home/vboxuser/ros2_ws/install/examples_rclpy_guard_conditions:/home/vboxuser/ros2_ws/install/examples_rclpy_executors:/home/vboxuser/ros2_ws/install/bms_visualizer:/opt/ros/iron:/home/vboxuser/ros2_iron/install/rqt_bag_plugins:/home/vboxuser/ros2_iron/install/rqt_bag:/home/vboxuser/ros2_iron/install/rosbag2_examples_py:/home/vboxuser/ros2_iron/install/launch_testing_examples:/home/vboxuser/ros2_iron/install/ros2bag:/home/vboxuser/ros2_iron/install/tracetools_test:/home/vboxuser/ros2_iron/install/tracetools_launch:/home/vboxuser/ros2_iron/install/topic_monitor:/home/vboxuser/ros2_iron/install/tf2_tools:/home/vboxuser/ros2_iron/install/examples_tf2_py:/home/vboxuser/ros2_iron/install/tf2_ros_py:/home/vboxuser/ros2_iron/install/examples_rclpy_pointcloud_publisher:/home/vboxuser/ros2_iron/install/sensor_msgs_py:/home/vboxuser/ros2_iron/install/quality_of_service_demo_py:/home/vboxuser/ros2_iron/install/rqt_plot:/home/vboxuser/ros2_iron/install/ros2doctor:/home/vboxuser/ros2_iron/install/lifecycle_py:/home/vboxuser/ros2_iron/install/examples_rclpy_minimal_subscriber:/home/vboxuser/ros2_iron/install/examples_rclpy_minimal_service:/home/vboxuser/ros2_iron/install/examples_rclpy_minimal_publisher:/home/vboxuser/ros2_iron/install/examples_rclpy_minimal_client:/home/vboxuser/ros2_iron/install/examples_rclpy_executors:/home/vboxuser/ros2_iron/install/demo_nodes_py:/home/vboxuser/ros2_iron/install/rqt:/home/vboxuser/ros2_iron/install/ros2component:/home/vboxuser/ros2_iron/install/sros2:/home/vboxuser/ros2_iron/install/rqt_topic:/home/vboxuser/ros2_iron/install/rqt_srv:/home/vboxuser/ros2_iron/install/rqt_shell:/home/vboxuser/ros2_iron/install/rqt_service_caller:/home/vboxuser/ros2_iron/install/rqt_reconfigure:/home/vboxuser/ros2_iron/install/rqt_py_console:/home/vboxuser/ros2_iron/install/rqt_publisher:/home/vboxuser/ros2_iron/install/rqt_action:/home/vboxuser/ros2_iron/install/rqt_msg:/home/vboxuser/ros2_iron/install/rqt_console:/home/vboxuser/ros2_iron/install/rqt_graph:/home/vboxuser/ros2_iron/install/rqt_gui_py:/home/vboxuser/ros2_iron/install/rqt_gui:/home/vboxuser/ros2_iron/install/ros2trace:/home/vboxuser/ros2_iron/install/ros2topic:/home/vboxuser/ros2_iron/install/ros2test:/home/vboxuser/ros2_iron/install/ros2param:/home/vboxuser/ros2_iron/install/ros2lifecycle:/home/vboxuser/ros2_iron/install/ros2service:/home/vboxuser/ros2_iron/install/ros2run:/home/vboxuser/ros2_iron/install/ros2launch:/home/vboxuser/ros2_iron/install/ros2pkg:/home/vboxuser/ros2_iron/install/ros2node:/home/vboxuser/ros2_iron/install/ros2multicast:/home/vboxuser/ros2_iron/install/ros2interface:/home/vboxuser/ros2_iron/install/ros2action:/home/vboxuser/ros2_iron/install/ros2cli:/home/vboxuser/ros2_iron/install/launch_testing_ros:/home/vboxuser/ros2_iron/install/launch_ros:/home/vboxuser/ros2_iron/install/examples_rclpy_minimal_action_server:/home/vboxuser/ros2_iron/install/examples_rclpy_minimal_action_client:/home/vboxuser/ros2_iron/install/examples_rclpy_guard_conditions:/home/vboxuser/ros2_iron/install/action_tutorials_py:/home/vboxuser/ros2_iron/install/ament_uncrustify:/home/vboxuser/ros2_iron/install/tracetools_trace:/home/vboxuser/ros2_iron/install/tracetools_read:/home/vboxuser/ros2_iron/install/test_tracetools_launch:/home/vboxuser/ros2_iron/install/test_ros2trace:/home/vboxuser/ros2_iron/install/test_launch_ros:/home/vboxuser/ros2_iron/install/rpyutils:/home/vboxuser/ros2_iron/install/rosidl_runtime_py:/home/vboxuser/ros2_iron/install/rosidl_pycommon:/home/vboxuser/ros2_iron/install/rosidl_cli:/home/vboxuser/ros2_iron/install/launch_pytest:/home/vboxuser/ros2_iron/install/launch_testing:/home/vboxuser/ros2_iron/install/launch_yaml:/home/vboxuser/ros2_iron/install/launch_xml:/home/vboxuser/ros2_iron/install/launch:/home/vboxuser/ros2_iron/install/osrf_pycommon:/home/vboxuser/ros2_iron/install/domain_coordinator:/home/vboxuser/ros2_iron/install/ament_xmllint:/home/vboxuser/ros2_iron/install/ament_pyflakes:/home/vboxuser/ros2_iron/install/ament_pycodestyle:/home/vboxuser/ros2_iron/install/ament_pep257:/home/vboxuser/ros2_iron/install/ament_pclint:/home/vboxuser/ros2_iron/install/ament_package:/home/vboxuser/ros2_iron/install/ament_mypy:/home/vboxuser/ros2_iron/install/ament_lint_cmake:/home/vboxuser/ros2_iron/install/ament_flake8:/home/vboxuser/ros2_iron/install/ament_copyright:/home/vboxuser/ros2_iron/install/ament_lint:/home/vboxuser/ros2_iron/install/ament_index_python:/home/vboxuser/ros2_iron/install/ament_cpplint:/home/vboxuser/ros2_iron/install/ament_cppcheck:/home/vboxuser/ros2_iron/install/ament_clang_tidy:/home/vboxuser/ros2_iron/install/ament_clang_format /usr/bin/cmake --build /home/vboxuser/ros2_ws/build/my_package -- -j4 -l4
[28.872s] DEBUG:colcon.colcon_core.event_handler.log_command:Invoking command in '/home/vboxuser/ros2_ws/build/my_package': CMAKE_PREFIX_PATH=${CMAKE_PREFIX_PATH}:/home/vboxuser/ros2_ws/install/read_rosbag:/home/vboxuser/ros2_ws/install/py_pubsub:/home/vboxuser/ros2_ws/install/launch_testing_examples:/home/vboxuser/ros2_ws/install/examples_rclpy_pointcloud_publisher:/home/vboxuser/ros2_ws/install/examples_rclpy_minimal_subscriber:/home/vboxuser/ros2_ws/install/examples_rclpy_minimal_service:/home/vboxuser/ros2_ws/install/examples_rclpy_minimal_publisher:/home/vboxuser/ros2_ws/install/examples_rclpy_minimal_client:/home/vboxuser/ros2_ws/install/examples_rclpy_minimal_action_server:/home/vboxuser/ros2_ws/install/examples_rclpy_minimal_action_client:/home/vboxuser/ros2_ws/install/examples_rclpy_guard_conditions:/home/vboxuser/ros2_ws/install/examples_rclpy_executors:/home/vboxuser/ros2_ws/install/bms_visualizer:/opt/ros/iron:/home/vboxuser/ros2_iron/install/rqt_bag_plugins:/home/vboxuser/ros2_iron/install/rqt_bag:/home/vboxuser/ros2_iron/install/rosbag2_examples_py:/home/vboxuser/ros2_iron/install/launch_testing_examples:/home/vboxuser/ros2_iron/install/ros2bag:/home/vboxuser/ros2_iron/install/tracetools_test:/home/vboxuser/ros2_iron/install/tracetools_launch:/home/vboxuser/ros2_iron/install/topic_monitor:/home/vboxuser/ros2_iron/install/tf2_tools:/home/vboxuser/ros2_iron/install/examples_tf2_py:/home/vboxuser/ros2_iron/install/tf2_ros_py:/home/vboxuser/ros2_iron/install/examples_rclpy_pointcloud_publisher:/home/vboxuser/ros2_iron/install/sensor_msgs_py:/home/vboxuser/ros2_iron/install/quality_of_service_demo_py:/home/vboxuser/ros2_iron/install/rqt_plot:/home/vboxuser/ros2_iron/install/ros2doctor:/home/vboxuser/ros2_iron/install/lifecycle_py:/home/vboxuser/ros2_iron/install/examples_rclpy_minimal_subscriber:/home/vboxuser/ros2_iron/install/examples_rclpy_minimal_service:/home/vboxuser/ros2_iron/install/examples_rclpy_minimal_publisher:/home/vboxuser/ros2_iron/install/examples_rclpy_minimal_client:/home/vboxuser/ros2_iron/install/examples_rclpy_executors:/home/vboxuser/ros2_iron/install/demo_nodes_py:/home/vboxuser/ros2_iron/install/rqt:/home/vboxuser/ros2_iron/install/ros2component:/home/vboxuser/ros2_iron/install/sros2:/home/vboxuser/ros2_iron/install/rqt_topic:/home/vboxuser/ros2_iron/install/rqt_srv:/home/vboxuser/ros2_iron/install/rqt_shell:/home/vboxuser/ros2_iron/install/rqt_service_caller:/home/vboxuser/ros2_iron/install/rqt_reconfigure:/home/vboxuser/ros2_iron/install/rqt_py_console:/home/vboxuser/ros2_iron/install/rqt_publisher:/home/vboxuser/ros2_iron/install/rqt_action:/home/vboxuser/ros2_iron/install/rqt_msg:/home/vboxuser/ros2_iron/install/rqt_console:/home/vboxuser/ros2_iron/install/rqt_graph:/home/vboxuser/ros2_iron/install/rqt_gui_py:/home/vboxuser/ros2_iron/install/rqt_gui:/home/vboxuser/ros2_iron/install/ros2trace:/home/vboxuser/ros2_iron/install/ros2topic:/home/vboxuser/ros2_iron/install/ros2test:/home/vboxuser/ros2_iron/install/ros2param:/home/vboxuser/ros2_iron/install/ros2lifecycle:/home/vboxuser/ros2_iron/install/ros2service:/home/vboxuser/ros2_iron/install/ros2run:/home/vboxuser/ros2_iron/install/ros2launch:/home/vboxuser/ros2_iron/install/ros2pkg:/home/vboxuser/ros2_iron/install/ros2node:/home/vboxuser/ros2_iron/install/ros2multicast:/home/vboxuser/ros2_iron/install/ros2interface:/home/vboxuser/ros2_iron/install/ros2action:/home/vboxuser/ros2_iron/install/ros2cli:/home/vboxuser/ros2_iron/install/launch_testing_ros:/home/vboxuser/ros2_iron/install/launch_ros:/home/vboxuser/ros2_iron/install/examples_rclpy_minimal_action_server:/home/vboxuser/ros2_iron/install/examples_rclpy_minimal_action_client:/home/vboxuser/ros2_iron/install/examples_rclpy_guard_conditions:/home/vboxuser/ros2_iron/install/action_tutorials_py:/home/vboxuser/ros2_iron/install/ament_uncrustify:/home/vboxuser/ros2_iron/install/tracetools_trace:/home/vboxuser/ros2_iron/install/tracetools_read:/home/vboxuser/ros2_iron/install/test_tracetools_launch:/home/vboxuser/ros2_iron/install/test_ros2trace:/home/vboxuser/ros2_iron/install/test_launch_ros:/home/vboxuser/ros2_iron/install/rpyutils:/home/vboxuser/ros2_iron/install/rosidl_runtime_py:/home/vboxuser/ros2_iron/install/rosidl_pycommon:/home/vboxuser/ros2_iron/install/rosidl_cli:/home/vboxuser/ros2_iron/install/launch_pytest:/home/vboxuser/ros2_iron/install/launch_testing:/home/vboxuser/ros2_iron/install/launch_yaml:/home/vboxuser/ros2_iron/install/launch_xml:/home/vboxuser/ros2_iron/install/launch:/home/vboxuser/ros2_iron/install/osrf_pycommon:/home/vboxuser/ros2_iron/install/domain_coordinator:/home/vboxuser/ros2_iron/install/ament_xmllint:/home/vboxuser/ros2_iron/install/ament_pyflakes:/home/vboxuser/ros2_iron/install/ament_pycodestyle:/home/vboxuser/ros2_iron/install/ament_pep257:/home/vboxuser/ros2_iron/install/ament_pclint:/home/vboxuser/ros2_iron/install/ament_package:/home/vboxuser/ros2_iron/install/ament_mypy:/home/vboxuser/ros2_iron/install/ament_lint_cmake:/home/vboxuser/ros2_iron/install/ament_flake8:/home/vboxuser/ros2_iron/install/ament_copyright:/home/vboxuser/ros2_iron/install/ament_lint:/home/vboxuser/ros2_iron/install/ament_index_python:/home/vboxuser/ros2_iron/install/ament_cpplint:/home/vboxuser/ros2_iron/install/ament_cppcheck:/home/vboxuser/ros2_iron/install/ament_clang_tidy:/home/vboxuser/ros2_iron/install/ament_clang_format /usr/bin/cmake --install /home/vboxuser/ros2_ws/build/my_package
[30.185s] INFO:colcon.colcon_core.task.python.build:Building Python package in '/home/vboxuser/ros2_ws/src/read_rosbag'
[30.186s] INFO:colcon.colcon_core.shell:Skip shell extension 'powershell' for command environment: Not usable outside of PowerShell
[30.186s] DEBUG:colcon.colcon_core.shell:Skip shell extension 'dsv' for command environment
[30.289s] Level 1:colcon.colcon_core.environment:create_environment_scripts_only(my_package)
[30.290s] DEBUG:colcon.colcon_core.event_handler.log_command:Invoked command in '/home/vboxuser/ros2_ws/build/my_package' returned '0': CMAKE_PREFIX_PATH=${CMAKE_PREFIX_PATH}:/home/vboxuser/ros2_ws/install/read_rosbag:/home/vboxuser/ros2_ws/install/py_pubsub:/home/vboxuser/ros2_ws/install/launch_testing_examples:/home/vboxuser/ros2_ws/install/examples_rclpy_pointcloud_publisher:/home/vboxuser/ros2_ws/install/examples_rclpy_minimal_subscriber:/home/vboxuser/ros2_ws/install/examples_rclpy_minimal_service:/home/vboxuser/ros2_ws/install/examples_rclpy_minimal_publisher:/home/vboxuser/ros2_ws/install/examples_rclpy_minimal_client:/home/vboxuser/ros2_ws/install/examples_rclpy_minimal_action_server:/home/vboxuser/ros2_ws/install/examples_rclpy_minimal_action_client:/home/vboxuser/ros2_ws/install/examples_rclpy_guard_conditions:/home/vboxuser/ros2_ws/install/examples_rclpy_executors:/home/vboxuser/ros2_ws/install/bms_visualizer:/opt/ros/iron:/home/vboxuser/ros2_iron/install/rqt_bag_plugins:/home/vboxuser/ros2_iron/install/rqt_bag:/home/vboxuser/ros2_iron/install/rosbag2_examples_py:/home/vboxuser/ros2_iron/install/launch_testing_examples:/home/vboxuser/ros2_iron/install/ros2bag:/home/vboxuser/ros2_iron/install/tracetools_test:/home/vboxuser/ros2_iron/install/tracetools_launch:/home/vboxuser/ros2_iron/install/topic_monitor:/home/vboxuser/ros2_iron/install/tf2_tools:/home/vboxuser/ros2_iron/install/examples_tf2_py:/home/vboxuser/ros2_iron/install/tf2_ros_py:/home/vboxuser/ros2_iron/install/examples_rclpy_pointcloud_publisher:/home/vboxuser/ros2_iron/install/sensor_msgs_py:/home/vboxuser/ros2_iron/install/quality_of_service_demo_py:/home/vboxuser/ros2_iron/install/rqt_plot:/home/vboxuser/ros2_iron/install/ros2doctor:/home/vboxuser/ros2_iron/install/lifecycle_py:/home/vboxuser/ros2_iron/install/examples_rclpy_minimal_subscriber:/home/vboxuser/ros2_iron/install/examples_rclpy_minimal_service:/home/vboxuser/ros2_iron/install/examples_rclpy_minimal_publisher:/home/vboxuser/ros2_iron/install/examples_rclpy_minimal_client:/home/vboxuser/ros2_iron/install/examples_rclpy_executors:/home/vboxuser/ros2_iron/install/demo_nodes_py:/home/vboxuser/ros2_iron/install/rqt:/home/vboxuser/ros2_iron/install/ros2component:/home/vboxuser/ros2_iron/install/sros2:/home/vboxuser/ros2_iron/install/rqt_topic:/home/vboxuser/ros2_iron/install/rqt_srv:/home/vboxuser/ros2_iron/install/rqt_shell:/home/vboxuser/ros2_iron/install/rqt_service_caller:/home/vboxuser/ros2_iron/install/rqt_reconfigure:/home/vboxuser/ros2_iron/install/rqt_py_console:/home/vboxuser/ros2_iron/install/rqt_publisher:/home/vboxuser/ros2_iron/install/rqt_action:/home/vboxuser/ros2_iron/install/rqt_msg:/home/vboxuser/ros2_iron/install/rqt_console:/home/vboxuser/ros2_iron/install/rqt_graph:/home/vboxuser/ros2_iron/install/rqt_gui_py:/home/vboxuser/ros2_iron/install/rqt_gui:/home/vboxuser/ros2_iron/install/ros2trace:/home/vboxuser/ros2_iron/install/ros2topic:/home/vboxuser/ros2_iron/install/ros2test:/home/vboxuser/ros2_iron/install/ros2param:/home/vboxuser/ros2_iron/install/ros2lifecycle:/home/vboxuser/ros2_iron/install/ros2service:/home/vboxuser/ros2_iron/install/ros2run:/home/vboxuser/ros2_iron/install/ros2launch:/home/vboxuser/ros2_iron/install/ros2pkg:/home/vboxuser/ros2_iron/install/ros2node:/home/vboxuser/ros2_iron/install/ros2multicast:/home/vboxuser/ros2_iron/install/ros2interface:/home/vboxuser/ros2_iron/install/ros2action:/home/vboxuser/ros2_iron/install/ros2cli:/home/vboxuser/ros2_iron/install/launch_testing_ros:/home/vboxuser/ros2_iron/install/launch_ros:/home/vboxuser/ros2_iron/install/examples_rclpy_minimal_action_server:/home/vboxuser/ros2_iron/install/examples_rclpy_minimal_action_client:/home/vboxuser/ros2_iron/install/examples_rclpy_guard_conditions:/home/vboxuser/ros2_iron/install/action_tutorials_py:/home/vboxuser/ros2_iron/install/ament_uncrustify:/home/vboxuser/ros2_iron/install/tracetools_trace:/home/vboxuser/ros2_iron/install/tracetools_read:/home/vboxuser/ros2_iron/install/test_tracetools_launch:/home/vboxuser/ros2_iron/install/test_ros2trace:/home/vboxuser/ros2_iron/install/test_launch_ros:/home/vboxuser/ros2_iron/install/rpyutils:/home/vboxuser/ros2_iron/install/rosidl_runtime_py:/home/vboxuser/ros2_iron/install/rosidl_pycommon:/home/vboxuser/ros2_iron/install/rosidl_cli:/home/vboxuser/ros2_iron/install/launch_pytest:/home/vboxuser/ros2_iron/install/launch_testing:/home/vboxuser/ros2_iron/install/launch_yaml:/home/vboxuser/ros2_iron/install/launch_xml:/home/vboxuser/ros2_iron/install/launch:/home/vboxuser/ros2_iron/install/osrf_pycommon:/home/vboxuser/ros2_iron/install/domain_coordinator:/home/vboxuser/ros2_iron/install/ament_xmllint:/home/vboxuser/ros2_iron/install/ament_pyflakes:/home/vboxuser/ros2_iron/install/ament_pycodestyle:/home/vboxuser/ros2_iron/install/ament_pep257:/home/vboxuser/ros2_iron/install/ament_pclint:/home/vboxuser/ros2_iron/install/ament_package:/home/vboxuser/ros2_iron/install/ament_mypy:/home/vboxuser/ros2_iron/install/ament_lint_cmake:/home/vboxuser/ros2_iron/install/ament_flake8:/home/vboxuser/ros2_iron/install/ament_copyright:/home/vboxuser/ros2_iron/install/ament_lint:/home/vboxuser/ros2_iron/install/ament_index_python:/home/vboxuser/ros2_iron/install/ament_cpplint:/home/vboxuser/ros2_iron/install/ament_cppcheck:/home/vboxuser/ros2_iron/install/ament_clang_tidy:/home/vboxuser/ros2_iron/install/ament_clang_format /usr/bin/cmake --install /home/vboxuser/ros2_ws/build/my_package
[30.290s] Level 1:colcon.colcon_core.environment:checking '/home/vboxuser/ros2_ws/install/my_package' for CMake module files
[30.292s] Level 1:colcon.colcon_core.environment:checking '/home/vboxuser/ros2_ws/install/my_package' for CMake config files
[30.292s] Level 1:colcon.colcon_core.shell:create_environment_hook('my_package', 'cmake_prefix_path')
[30.292s] INFO:colcon.colcon_core.shell:Creating environment hook '/home/vboxuser/ros2_ws/install/my_package/share/my_package/hook/cmake_prefix_path.ps1'
[30.293s] INFO:colcon.colcon_core.shell:Creating environment descriptor '/home/vboxuser/ros2_ws/install/my_package/share/my_package/hook/cmake_prefix_path.dsv'
[30.302s] INFO:colcon.colcon_core.shell:Creating environment hook '/home/vboxuser/ros2_ws/install/my_package/share/my_package/hook/cmake_prefix_path.sh'
[30.305s] Level 1:colcon.colcon_core.environment:checking '/home/vboxuser/ros2_ws/install/my_package/lib'
[30.305s] Level 1:colcon.colcon_core.environment:checking '/home/vboxuser/ros2_ws/install/my_package/bin'
[30.308s] Level 1:colcon.colcon_core.environment:checking '/home/vboxuser/ros2_ws/install/my_package/lib/pkgconfig/my_package.pc'
[30.309s] Level 1:colcon.colcon_core.environment:checking '/home/vboxuser/ros2_ws/install/my_package/lib/python3.10/site-packages'
[30.309s] Level 1:colcon.colcon_core.environment:checking '/home/vboxuser/ros2_ws/install/my_package/bin'
[30.310s] INFO:colcon.colcon_core.shell:Creating package script '/home/vboxuser/ros2_ws/install/my_package/share/my_package/package.ps1'
[30.315s] INFO:colcon.colcon_core.shell:Creating package descriptor '/home/vboxuser/ros2_ws/install/my_package/share/my_package/package.dsv'
[30.318s] INFO:colcon.colcon_core.shell:Creating package script '/home/vboxuser/ros2_ws/install/my_package/share/my_package/package.sh'
[30.320s] INFO:colcon.colcon_core.shell:Creating package script '/home/vboxuser/ros2_ws/install/my_package/share/my_package/package.bash'
[30.322s] INFO:colcon.colcon_core.shell:Creating package script '/home/vboxuser/ros2_ws/install/my_package/share/my_package/package.zsh'
[30.323s] Level 1:colcon.colcon_core.environment:create_file_with_runtime_dependencies(/home/vboxuser/ros2_ws/install/my_package/share/colcon-core/packages/my_package)
[30.325s] Level 1:colcon.colcon_core.environment:create_environment_scripts_only(my_package)
[30.325s] Level 1:colcon.colcon_core.environment:checking '/home/vboxuser/ros2_ws/install/my_package' for CMake module files
[30.326s] Level 1:colcon.colcon_core.environment:checking '/home/vboxuser/ros2_ws/install/my_package' for CMake config files
[30.327s] Level 1:colcon.colcon_core.shell:create_environment_hook('my_package', 'cmake_prefix_path')
[30.327s] INFO:colcon.colcon_core.shell:Creating environment hook '/home/vboxuser/ros2_ws/install/my_package/share/my_package/hook/cmake_prefix_path.ps1'
[30.328s] INFO:colcon.colcon_core.shell:Creating environment descriptor '/home/vboxuser/ros2_ws/install/my_package/share/my_package/hook/cmake_prefix_path.dsv'
[30.330s] INFO:colcon.colcon_core.shell:Creating environment hook '/home/vboxuser/ros2_ws/install/my_package/share/my_package/hook/cmake_prefix_path.sh'
[30.332s] Level 1:colcon.colcon_core.environment:checking '/home/vboxuser/ros2_ws/install/my_package/lib'
[30.332s] Level 1:colcon.colcon_core.environment:checking '/home/vboxuser/ros2_ws/install/my_package/bin'
[30.332s] Level 1:colcon.colcon_core.environment:checking '/home/vboxuser/ros2_ws/install/my_package/lib/pkgconfig/my_package.pc'
[30.333s] Level 1:colcon.colcon_core.environment:checking '/home/vboxuser/ros2_ws/install/my_package/lib/python3.10/site-packages'
[30.333s] Level 1:colcon.colcon_core.environment:checking '/home/vboxuser/ros2_ws/install/my_package/bin'
[30.334s] INFO:colcon.colcon_core.shell:Creating package script '/home/vboxuser/ros2_ws/install/my_package/share/my_package/package.ps1'
[30.336s] INFO:colcon.colcon_core.shell:Creating package descriptor '/home/vboxuser/ros2_ws/install/my_package/share/my_package/package.dsv'
[30.338s] INFO:colcon.colcon_core.shell:Creating package script '/home/vboxuser/ros2_ws/install/my_package/share/my_package/package.sh'
[30.341s] INFO:colcon.colcon_core.shell:Creating package script '/home/vboxuser/ros2_ws/install/my_package/share/my_package/package.bash'
[30.343s] INFO:colcon.colcon_core.shell:Creating package script '/home/vboxuser/ros2_ws/install/my_package/share/my_package/package.zsh'
[30.344s] Level 1:colcon.colcon_core.environment:create_file_with_runtime_dependencies(/home/vboxuser/ros2_ws/install/my_package/share/colcon-core/packages/my_package)
[30.348s] INFO:colcon.colcon_ros.task.ament_cmake.build:Building ROS package in '/home/vboxuser/ros2_ws/src/ros_tutorials/turtlesim' with build type 'ament_cmake'
[30.349s] INFO:colcon.colcon_cmake.task.cmake.build:Building CMake package in '/home/vboxuser/ros2_ws/src/ros_tutorials/turtlesim'
[30.350s] INFO:colcon.colcon_core.shell:Skip shell extension 'powershell' for command environment: Not usable outside of PowerShell
[30.350s] DEBUG:colcon.colcon_core.shell:Skip shell extension 'dsv' for command environment
[30.493s] DEBUG:colcon.colcon_core.event_handler.log_command:Invoking command in '/home/vboxuser/ros2_ws/build/turtlesim': CMAKE_PREFIX_PATH=${CMAKE_PREFIX_PATH}:/home/vboxuser/ros2_ws/install/read_rosbag:/home/vboxuser/ros2_ws/install/py_pubsub:/home/vboxuser/ros2_ws/install/launch_testing_examples:/home/vboxuser/ros2_ws/install/examples_rclpy_pointcloud_publisher:/home/vboxuser/ros2_ws/install/examples_rclpy_minimal_subscriber:/home/vboxuser/ros2_ws/install/examples_rclpy_minimal_service:/home/vboxuser/ros2_ws/install/examples_rclpy_minimal_publisher:/home/vboxuser/ros2_ws/install/examples_rclpy_minimal_client:/home/vboxuser/ros2_ws/install/examples_rclpy_minimal_action_server:/home/vboxuser/ros2_ws/install/examples_rclpy_minimal_action_client:/home/vboxuser/ros2_ws/install/examples_rclpy_guard_conditions:/home/vboxuser/ros2_ws/install/examples_rclpy_executors:/home/vboxuser/ros2_ws/install/bms_visualizer:/opt/ros/iron:/home/vboxuser/ros2_iron/install/rqt_bag_plugins:/home/vboxuser/ros2_iron/install/rqt_bag:/home/vboxuser/ros2_iron/install/rosbag2_examples_py:/home/vboxuser/ros2_iron/install/launch_testing_examples:/home/vboxuser/ros2_iron/install/ros2bag:/home/vboxuser/ros2_iron/install/tracetools_test:/home/vboxuser/ros2_iron/install/tracetools_launch:/home/vboxuser/ros2_iron/install/topic_monitor:/home/vboxuser/ros2_iron/install/tf2_tools:/home/vboxuser/ros2_iron/install/examples_tf2_py:/home/vboxuser/ros2_iron/install/tf2_ros_py:/home/vboxuser/ros2_iron/install/examples_rclpy_pointcloud_publisher:/home/vboxuser/ros2_iron/install/sensor_msgs_py:/home/vboxuser/ros2_iron/install/quality_of_service_demo_py:/home/vboxuser/ros2_iron/install/rqt_plot:/home/vboxuser/ros2_iron/install/ros2doctor:/home/vboxuser/ros2_iron/install/lifecycle_py:/home/vboxuser/ros2_iron/install/examples_rclpy_minimal_subscriber:/home/vboxuser/ros2_iron/install/examples_rclpy_minimal_service:/home/vboxuser/ros2_iron/install/examples_rclpy_minimal_publisher:/home/vboxuser/ros2_iron/install/examples_rclpy_minimal_client:/home/vboxuser/ros2_iron/install/examples_rclpy_executors:/home/vboxuser/ros2_iron/install/demo_nodes_py:/home/vboxuser/ros2_iron/install/rqt:/home/vboxuser/ros2_iron/install/ros2component:/home/vboxuser/ros2_iron/install/sros2:/home/vboxuser/ros2_iron/install/rqt_topic:/home/vboxuser/ros2_iron/install/rqt_srv:/home/vboxuser/ros2_iron/install/rqt_shell:/home/vboxuser/ros2_iron/install/rqt_service_caller:/home/vboxuser/ros2_iron/install/rqt_reconfigure:/home/vboxuser/ros2_iron/install/rqt_py_console:/home/vboxuser/ros2_iron/install/rqt_publisher:/home/vboxuser/ros2_iron/install/rqt_action:/home/vboxuser/ros2_iron/install/rqt_msg:/home/vboxuser/ros2_iron/install/rqt_console:/home/vboxuser/ros2_iron/install/rqt_graph:/home/vboxuser/ros2_iron/install/rqt_gui_py:/home/vboxuser/ros2_iron/install/rqt_gui:/home/vboxuser/ros2_iron/install/ros2trace:/home/vboxuser/ros2_iron/install/ros2topic:/home/vboxuser/ros2_iron/install/ros2test:/home/vboxuser/ros2_iron/install/ros2param:/home/vboxuser/ros2_iron/install/ros2lifecycle:/home/vboxuser/ros2_iron/install/ros2service:/home/vboxuser/ros2_iron/install/ros2run:/home/vboxuser/ros2_iron/install/ros2launch:/home/vboxuser/ros2_iron/install/ros2pkg:/home/vboxuser/ros2_iron/install/ros2node:/home/vboxuser/ros2_iron/install/ros2multicast:/home/vboxuser/ros2_iron/install/ros2interface:/home/vboxuser/ros2_iron/install/ros2action:/home/vboxuser/ros2_iron/install/ros2cli:/home/vboxuser/ros2_iron/install/launch_testing_ros:/home/vboxuser/ros2_iron/install/launch_ros:/home/vboxuser/ros2_iron/install/examples_rclpy_minimal_action_server:/home/vboxuser/ros2_iron/install/examples_rclpy_minimal_action_client:/home/vboxuser/ros2_iron/install/examples_rclpy_guard_conditions:/home/vboxuser/ros2_iron/install/action_tutorials_py:/home/vboxuser/ros2_iron/install/ament_uncrustify:/home/vboxuser/ros2_iron/install/tracetools_trace:/home/vboxuser/ros2_iron/install/tracetools_read:/home/vboxuser/ros2_iron/install/test_tracetools_launch:/home/vboxuser/ros2_iron/install/test_ros2trace:/home/vboxuser/ros2_iron/install/test_launch_ros:/home/vboxuser/ros2_iron/install/rpyutils:/home/vboxuser/ros2_iron/install/rosidl_runtime_py:/home/vboxuser/ros2_iron/install/rosidl_pycommon:/home/vboxuser/ros2_iron/install/rosidl_cli:/home/vboxuser/ros2_iron/install/launch_pytest:/home/vboxuser/ros2_iron/install/launch_testing:/home/vboxuser/ros2_iron/install/launch_yaml:/home/vboxuser/ros2_iron/install/launch_xml:/home/vboxuser/ros2_iron/install/launch:/home/vboxuser/ros2_iron/install/osrf_pycommon:/home/vboxuser/ros2_iron/install/domain_coordinator:/home/vboxuser/ros2_iron/install/ament_xmllint:/home/vboxuser/ros2_iron/install/ament_pyflakes:/home/vboxuser/ros2_iron/install/ament_pycodestyle:/home/vboxuser/ros2_iron/install/ament_pep257:/home/vboxuser/ros2_iron/install/ament_pclint:/home/vboxuser/ros2_iron/install/ament_package:/home/vboxuser/ros2_iron/install/ament_mypy:/home/vboxuser/ros2_iron/install/ament_lint_cmake:/home/vboxuser/ros2_iron/install/ament_flake8:/home/vboxuser/ros2_iron/install/ament_copyright:/home/vboxuser/ros2_iron/install/ament_lint:/home/vboxuser/ros2_iron/install/ament_index_python:/home/vboxuser/ros2_iron/install/ament_cpplint:/home/vboxuser/ros2_iron/install/ament_cppcheck:/home/vboxuser/ros2_iron/install/ament_clang_tidy:/home/vboxuser/ros2_iron/install/ament_clang_format /usr/bin/cmake --build /home/vboxuser/ros2_ws/build/turtlesim -- -j4 -l4
[30.501s] Level 1:colcon.colcon_core.environment:checking '/home/vboxuser/ros2_ws/install/launch_testing_examples' for CMake module files
[30.508s] Level 1:colcon.colcon_core.environment:checking '/home/vboxuser/ros2_ws/install/launch_testing_examples' for CMake config files
[30.509s] Level 1:colcon.colcon_core.environment:checking '/home/vboxuser/ros2_ws/install/launch_testing_examples/lib'
[30.509s] Level 1:colcon.colcon_core.environment:checking '/home/vboxuser/ros2_ws/install/launch_testing_examples/bin'
[30.509s] Level 1:colcon.colcon_core.environment:checking '/home/vboxuser/ros2_ws/install/launch_testing_examples/lib/pkgconfig/launch_testing_examples.pc'
[30.509s] Level 1:colcon.colcon_core.environment:checking '/home/vboxuser/ros2_ws/install/launch_testing_examples/lib/python3.10/site-packages'
[30.510s] Level 1:colcon.colcon_core.shell:create_environment_hook('launch_testing_examples', 'pythonpath')
[30.505s] DEBUG:colcon.colcon_core.event_handler.log_command:Invoked command in '/home/vboxuser/ros2_ws/src/examples/launch_testing/launch_testing_examples' returned '0': PYTHONPATH=/home/vboxuser/ros2_ws/build/launch_testing_examples/prefix_override:/usr/lib/python3/dist-packages/colcon_core/task/python/colcon_distutils_commands:/home/vboxuser/ros2_ws/install/launch_testing_examples/lib/python3.10/site-packages:${PYTHONPATH} /usr/bin/python3 -W ignore:setup.py install is deprecated -W ignore:easy_install command is deprecated setup.py egg_info --egg-base ../../../../build/launch_testing_examples build --build-base /home/vboxuser/ros2_ws/build/launch_testing_examples/build install --record /home/vboxuser/ros2_ws/build/launch_testing_examples/install.log --single-version-externally-managed install_data
[30.512s] INFO:colcon.colcon_core.shell:Creating environment hook '/home/vboxuser/ros2_ws/install/launch_testing_examples/share/launch_testing_examples/hook/pythonpath.ps1'
[30.514s] INFO:colcon.colcon_core.shell:Creating environment descriptor '/home/vboxuser/ros2_ws/install/launch_testing_examples/share/launch_testing_examples/hook/pythonpath.dsv'
[30.515s] INFO:colcon.colcon_core.shell:Creating environment hook '/home/vboxuser/ros2_ws/install/launch_testing_examples/share/launch_testing_examples/hook/pythonpath.sh'
[30.516s] Level 1:colcon.colcon_core.environment:checking '/home/vboxuser/ros2_ws/install/launch_testing_examples/bin'
[30.516s] Level 1:colcon.colcon_core.environment:create_environment_scripts_only(launch_testing_examples)
[30.517s] INFO:colcon.colcon_core.shell:Creating package script '/home/vboxuser/ros2_ws/install/launch_testing_examples/share/launch_testing_examples/package.ps1'
[30.518s] INFO:colcon.colcon_core.shell:Creating package descriptor '/home/vboxuser/ros2_ws/install/launch_testing_examples/share/launch_testing_examples/package.dsv'
[30.519s] INFO:colcon.colcon_core.shell:Creating package script '/home/vboxuser/ros2_ws/install/launch_testing_examples/share/launch_testing_examples/package.sh'
[30.520s] INFO:colcon.colcon_core.shell:Creating package script '/home/vboxuser/ros2_ws/install/launch_testing_examples/share/launch_testing_examples/package.bash'
[30.521s] INFO:colcon.colcon_core.shell:Creating package script '/home/vboxuser/ros2_ws/install/launch_testing_examples/share/launch_testing_examples/package.zsh'
[30.522s] Level 1:colcon.colcon_core.environment:create_file_with_runtime_dependencies(/home/vboxuser/ros2_ws/install/launch_testing_examples/share/colcon-core/packages/launch_testing_examples)
[30.764s] DEBUG:colcon.colcon_core.event_handler.log_command:Invoking command in '/home/vboxuser/ros2_ws/src/py_pubsub': PYTHONPATH=/home/vboxuser/ros2_ws/build/py_pubsub/prefix_override:/usr/lib/python3/dist-packages/colcon_core/task/python/colcon_distutils_commands:/home/vboxuser/ros2_ws/install/py_pubsub/lib/python3.10/site-packages:${PYTHONPATH} /usr/bin/python3 -W ignore:setup.py install is deprecated -W ignore:easy_install command is deprecated setup.py egg_info --egg-base ../../build/py_pubsub build --build-base /home/vboxuser/ros2_ws/build/py_pubsub/build install --record /home/vboxuser/ros2_ws/build/py_pubsub/install.log --single-version-externally-managed install_data
[32.298s] DEBUG:colcon.colcon_core.event_handler.log_command:Invoking command in '/home/vboxuser/ros2_ws/src/read_rosbag': PYTHONPATH=/home/vboxuser/ros2_ws/build/read_rosbag/prefix_override:/usr/lib/python3/dist-packages/colcon_core/task/python/colcon_distutils_commands:/home/vboxuser/ros2_ws/install/read_rosbag/lib/python3.10/site-packages:${PYTHONPATH} /usr/bin/python3 -W ignore:setup.py install is deprecated -W ignore:easy_install command is deprecated setup.py egg_info --egg-base ../../build/read_rosbag build --build-base /home/vboxuser/ros2_ws/build/read_rosbag/build install --record /home/vboxuser/ros2_ws/build/read_rosbag/install.log --single-version-externally-managed install_data
[32.593s] Level 1:colcon.colcon_core.environment:checking '/home/vboxuser/ros2_ws/install/py_pubsub' for CMake module files
[32.595s] DEBUG:colcon.colcon_core.event_handler.log_command:Invoked command in '/home/vboxuser/ros2_ws/src/py_pubsub' returned '0': PYTHONPATH=/home/vboxuser/ros2_ws/build/py_pubsub/prefix_override:/usr/lib/python3/dist-packages/colcon_core/task/python/colcon_distutils_commands:/home/vboxuser/ros2_ws/install/py_pubsub/lib/python3.10/site-packages:${PYTHONPATH} /usr/bin/python3 -W ignore:setup.py install is deprecated -W ignore:easy_install command is deprecated setup.py egg_info --egg-base ../../build/py_pubsub build --build-base /home/vboxuser/ros2_ws/build/py_pubsub/build install --record /home/vboxuser/ros2_ws/build/py_pubsub/install.log --single-version-externally-managed install_data
[32.596s] Level 1:colcon.colcon_core.environment:checking '/home/vboxuser/ros2_ws/install/py_pubsub' for CMake config files
[32.597s] Level 1:colcon.colcon_core.environment:checking '/home/vboxuser/ros2_ws/install/py_pubsub/lib'
[32.597s] Level 1:colcon.colcon_core.environment:checking '/home/vboxuser/ros2_ws/install/py_pubsub/bin'
[32.597s] Level 1:colcon.colcon_core.environment:checking '/home/vboxuser/ros2_ws/install/py_pubsub/lib/pkgconfig/py_pubsub.pc'
[32.598s] Level 1:colcon.colcon_core.environment:checking '/home/vboxuser/ros2_ws/install/py_pubsub/lib/python3.10/site-packages'
[32.598s] Level 1:colcon.colcon_core.shell:create_environment_hook('py_pubsub', 'pythonpath')
[32.598s] INFO:colcon.colcon_core.shell:Creating environment hook '/home/vboxuser/ros2_ws/install/py_pubsub/share/py_pubsub/hook/pythonpath.ps1'
[32.599s] INFO:colcon.colcon_core.shell:Creating environment descriptor '/home/vboxuser/ros2_ws/install/py_pubsub/share/py_pubsub/hook/pythonpath.dsv'
[32.601s] INFO:colcon.colcon_core.shell:Creating environment hook '/home/vboxuser/ros2_ws/install/py_pubsub/share/py_pubsub/hook/pythonpath.sh'
[32.603s] Level 1:colcon.colcon_core.environment:checking '/home/vboxuser/ros2_ws/install/py_pubsub/bin'
[32.603s] Level 1:colcon.colcon_core.environment:create_environment_scripts_only(py_pubsub)
[32.604s] INFO:colcon.colcon_core.shell:Creating package script '/home/vboxuser/ros2_ws/install/py_pubsub/share/py_pubsub/package.ps1'
[32.629s] INFO:colcon.colcon_core.shell:Creating package descriptor '/home/vboxuser/ros2_ws/install/py_pubsub/share/py_pubsub/package.dsv'
[32.635s] INFO:colcon.colcon_core.shell:Creating package script '/home/vboxuser/ros2_ws/install/py_pubsub/share/py_pubsub/package.sh'
[32.651s] INFO:colcon.colcon_core.shell:Creating package script '/home/vboxuser/ros2_ws/install/py_pubsub/share/py_pubsub/package.bash'
[32.655s] INFO:colcon.colcon_core.shell:Creating package script '/home/vboxuser/ros2_ws/install/py_pubsub/share/py_pubsub/package.zsh'
[32.657s] Level 1:colcon.colcon_core.environment:create_file_with_runtime_dependencies(/home/vboxuser/ros2_ws/install/py_pubsub/share/colcon-core/packages/py_pubsub)
[33.914s] Level 1:colcon.colcon_core.environment:checking '/home/vboxuser/ros2_ws/install/read_rosbag' for CMake module files
[33.917s] Level 1:colcon.colcon_core.environment:checking '/home/vboxuser/ros2_ws/install/read_rosbag' for CMake config files
[33.918s] Level 1:colcon.colcon_core.environment:checking '/home/vboxuser/ros2_ws/install/read_rosbag/lib'
[33.919s] Level 1:colcon.colcon_core.environment:checking '/home/vboxuser/ros2_ws/install/read_rosbag/bin'
[33.919s] Level 1:colcon.colcon_core.environment:checking '/home/vboxuser/ros2_ws/install/read_rosbag/lib/pkgconfig/read_rosbag.pc'
[33.919s] Level 1:colcon.colcon_core.environment:checking '/home/vboxuser/ros2_ws/install/read_rosbag/lib/python3.10/site-packages'
[33.915s] DEBUG:colcon.colcon_core.event_handler.log_command:Invoked command in '/home/vboxuser/ros2_ws/src/read_rosbag' returned '0': PYTHONPATH=/home/vboxuser/ros2_ws/build/read_rosbag/prefix_override:/usr/lib/python3/dist-packages/colcon_core/task/python/colcon_distutils_commands:/home/vboxuser/ros2_ws/install/read_rosbag/lib/python3.10/site-packages:${PYTHONPATH} /usr/bin/python3 -W ignore:setup.py install is deprecated -W ignore:easy_install command is deprecated setup.py egg_info --egg-base ../../build/read_rosbag build --build-base /home/vboxuser/ros2_ws/build/read_rosbag/build install --record /home/vboxuser/ros2_ws/build/read_rosbag/install.log --single-version-externally-managed install_data
[33.925s] Level 1:colcon.colcon_core.shell:create_environment_hook('read_rosbag', 'pythonpath')
[33.926s] INFO:colcon.colcon_core.shell:Creating environment hook '/home/vboxuser/ros2_ws/install/read_rosbag/share/read_rosbag/hook/pythonpath.ps1'
[33.928s] INFO:colcon.colcon_core.shell:Creating environment descriptor '/home/vboxuser/ros2_ws/install/read_rosbag/share/read_rosbag/hook/pythonpath.dsv'
[33.930s] INFO:colcon.colcon_core.shell:Creating environment hook '/home/vboxuser/ros2_ws/install/read_rosbag/share/read_rosbag/hook/pythonpath.sh'
[33.936s] Level 1:colcon.colcon_core.environment:checking '/home/vboxuser/ros2_ws/install/read_rosbag/bin'
[33.936s] Level 1:colcon.colcon_core.environment:create_environment_scripts_only(read_rosbag)
[33.937s] INFO:colcon.colcon_core.shell:Creating package script '/home/vboxuser/ros2_ws/install/read_rosbag/share/read_rosbag/package.ps1'
[33.938s] INFO:colcon.colcon_core.shell:Creating package descriptor '/home/vboxuser/ros2_ws/install/read_rosbag/share/read_rosbag/package.dsv'
[33.940s] INFO:colcon.colcon_core.shell:Creating package script '/home/vboxuser/ros2_ws/install/read_rosbag/share/read_rosbag/package.sh'
[33.943s] INFO:colcon.colcon_core.shell:Creating package script '/home/vboxuser/ros2_ws/install/read_rosbag/share/read_rosbag/package.bash'
[33.947s] INFO:colcon.colcon_core.shell:Creating package script '/home/vboxuser/ros2_ws/install/read_rosbag/share/read_rosbag/package.zsh'
[33.949s] Level 1:colcon.colcon_core.environment:create_file_with_runtime_dependencies(/home/vboxuser/ros2_ws/install/read_rosbag/share/colcon-core/packages/read_rosbag)
[35.921s] DEBUG:colcon.colcon_core.event_handler.log_command:Invoked command in '/home/vboxuser/ros2_ws/build/turtlesim' returned '0': CMAKE_PREFIX_PATH=${CMAKE_PREFIX_PATH}:/home/vboxuser/ros2_ws/install/read_rosbag:/home/vboxuser/ros2_ws/install/py_pubsub:/home/vboxuser/ros2_ws/install/launch_testing_examples:/home/vboxuser/ros2_ws/install/examples_rclpy_pointcloud_publisher:/home/vboxuser/ros2_ws/install/examples_rclpy_minimal_subscriber:/home/vboxuser/ros2_ws/install/examples_rclpy_minimal_service:/home/vboxuser/ros2_ws/install/examples_rclpy_minimal_publisher:/home/vboxuser/ros2_ws/install/examples_rclpy_minimal_client:/home/vboxuser/ros2_ws/install/examples_rclpy_minimal_action_server:/home/vboxuser/ros2_ws/install/examples_rclpy_minimal_action_client:/home/vboxuser/ros2_ws/install/examples_rclpy_guard_conditions:/home/vboxuser/ros2_ws/install/examples_rclpy_executors:/home/vboxuser/ros2_ws/install/bms_visualizer:/opt/ros/iron:/home/vboxuser/ros2_iron/install/rqt_bag_plugins:/home/vboxuser/ros2_iron/install/rqt_bag:/home/vboxuser/ros2_iron/install/rosbag2_examples_py:/home/vboxuser/ros2_iron/install/launch_testing_examples:/home/vboxuser/ros2_iron/install/ros2bag:/home/vboxuser/ros2_iron/install/tracetools_test:/home/vboxuser/ros2_iron/install/tracetools_launch:/home/vboxuser/ros2_iron/install/topic_monitor:/home/vboxuser/ros2_iron/install/tf2_tools:/home/vboxuser/ros2_iron/install/examples_tf2_py:/home/vboxuser/ros2_iron/install/tf2_ros_py:/home/vboxuser/ros2_iron/install/examples_rclpy_pointcloud_publisher:/home/vboxuser/ros2_iron/install/sensor_msgs_py:/home/vboxuser/ros2_iron/install/quality_of_service_demo_py:/home/vboxuser/ros2_iron/install/rqt_plot:/home/vboxuser/ros2_iron/install/ros2doctor:/home/vboxuser/ros2_iron/install/lifecycle_py:/home/vboxuser/ros2_iron/install/examples_rclpy_minimal_subscriber:/home/vboxuser/ros2_iron/install/examples_rclpy_minimal_service:/home/vboxuser/ros2_iron/install/examples_rclpy_minimal_publisher:/home/vboxuser/ros2_iron/install/examples_rclpy_minimal_client:/home/vboxuser/ros2_iron/install/examples_rclpy_executors:/home/vboxuser/ros2_iron/install/demo_nodes_py:/home/vboxuser/ros2_iron/install/rqt:/home/vboxuser/ros2_iron/install/ros2component:/home/vboxuser/ros2_iron/install/sros2:/home/vboxuser/ros2_iron/install/rqt_topic:/home/vboxuser/ros2_iron/install/rqt_srv:/home/vboxuser/ros2_iron/install/rqt_shell:/home/vboxuser/ros2_iron/install/rqt_service_caller:/home/vboxuser/ros2_iron/install/rqt_reconfigure:/home/vboxuser/ros2_iron/install/rqt_py_console:/home/vboxuser/ros2_iron/install/rqt_publisher:/home/vboxuser/ros2_iron/install/rqt_action:/home/vboxuser/ros2_iron/install/rqt_msg:/home/vboxuser/ros2_iron/install/rqt_console:/home/vboxuser/ros2_iron/install/rqt_graph:/home/vboxuser/ros2_iron/install/rqt_gui_py:/home/vboxuser/ros2_iron/install/rqt_gui:/home/vboxuser/ros2_iron/install/ros2trace:/home/vboxuser/ros2_iron/install/ros2topic:/home/vboxuser/ros2_iron/install/ros2test:/home/vboxuser/ros2_iron/install/ros2param:/home/vboxuser/ros2_iron/install/ros2lifecycle:/home/vboxuser/ros2_iron/install/ros2service:/home/vboxuser/ros2_iron/install/ros2run:/home/vboxuser/ros2_iron/install/ros2launch:/home/vboxuser/ros2_iron/install/ros2pkg:/home/vboxuser/ros2_iron/install/ros2node:/home/vboxuser/ros2_iron/install/ros2multicast:/home/vboxuser/ros2_iron/install/ros2interface:/home/vboxuser/ros2_iron/install/ros2action:/home/vboxuser/ros2_iron/install/ros2cli:/home/vboxuser/ros2_iron/install/launch_testing_ros:/home/vboxuser/ros2_iron/install/launch_ros:/home/vboxuser/ros2_iron/install/examples_rclpy_minimal_action_server:/home/vboxuser/ros2_iron/install/examples_rclpy_minimal_action_client:/home/vboxuser/ros2_iron/install/examples_rclpy_guard_conditions:/home/vboxuser/ros2_iron/install/action_tutorials_py:/home/vboxuser/ros2_iron/install/ament_uncrustify:/home/vboxuser/ros2_iron/install/tracetools_trace:/home/vboxuser/ros2_iron/install/tracetools_read:/home/vboxuser/ros2_iron/install/test_tracetools_launch:/home/vboxuser/ros2_iron/install/test_ros2trace:/home/vboxuser/ros2_iron/install/test_launch_ros:/home/vboxuser/ros2_iron/install/rpyutils:/home/vboxuser/ros2_iron/install/rosidl_runtime_py:/home/vboxuser/ros2_iron/install/rosidl_pycommon:/home/vboxuser/ros2_iron/install/rosidl_cli:/home/vboxuser/ros2_iron/install/launch_pytest:/home/vboxuser/ros2_iron/install/launch_testing:/home/vboxuser/ros2_iron/install/launch_yaml:/home/vboxuser/ros2_iron/install/launch_xml:/home/vboxuser/ros2_iron/install/launch:/home/vboxuser/ros2_iron/install/osrf_pycommon:/home/vboxuser/ros2_iron/install/domain_coordinator:/home/vboxuser/ros2_iron/install/ament_xmllint:/home/vboxuser/ros2_iron/install/ament_pyflakes:/home/vboxuser/ros2_iron/install/ament_pycodestyle:/home/vboxuser/ros2_iron/install/ament_pep257:/home/vboxuser/ros2_iron/install/ament_pclint:/home/vboxuser/ros2_iron/install/ament_package:/home/vboxuser/ros2_iron/install/ament_mypy:/home/vboxuser/ros2_iron/install/ament_lint_cmake:/home/vboxuser/ros2_iron/install/ament_flake8:/home/vboxuser/ros2_iron/install/ament_copyright:/home/vboxuser/ros2_iron/install/ament_lint:/home/vboxuser/ros2_iron/install/ament_index_python:/home/vboxuser/ros2_iron/install/ament_cpplint:/home/vboxuser/ros2_iron/install/ament_cppcheck:/home/vboxuser/ros2_iron/install/ament_clang_tidy:/home/vboxuser/ros2_iron/install/ament_clang_format /usr/bin/cmake --build /home/vboxuser/ros2_ws/build/turtlesim -- -j4 -l4
[35.930s] DEBUG:colcon.colcon_core.event_handler.log_command:Invoking command in '/home/vboxuser/ros2_ws/build/turtlesim': CMAKE_PREFIX_PATH=${CMAKE_PREFIX_PATH}:/home/vboxuser/ros2_ws/install/read_rosbag:/home/vboxuser/ros2_ws/install/py_pubsub:/home/vboxuser/ros2_ws/install/launch_testing_examples:/home/vboxuser/ros2_ws/install/examples_rclpy_pointcloud_publisher:/home/vboxuser/ros2_ws/install/examples_rclpy_minimal_subscriber:/home/vboxuser/ros2_ws/install/examples_rclpy_minimal_service:/home/vboxuser/ros2_ws/install/examples_rclpy_minimal_publisher:/home/vboxuser/ros2_ws/install/examples_rclpy_minimal_client:/home/vboxuser/ros2_ws/install/examples_rclpy_minimal_action_server:/home/vboxuser/ros2_ws/install/examples_rclpy_minimal_action_client:/home/vboxuser/ros2_ws/install/examples_rclpy_guard_conditions:/home/vboxuser/ros2_ws/install/examples_rclpy_executors:/home/vboxuser/ros2_ws/install/bms_visualizer:/opt/ros/iron:/home/vboxuser/ros2_iron/install/rqt_bag_plugins:/home/vboxuser/ros2_iron/install/rqt_bag:/home/vboxuser/ros2_iron/install/rosbag2_examples_py:/home/vboxuser/ros2_iron/install/launch_testing_examples:/home/vboxuser/ros2_iron/install/ros2bag:/home/vboxuser/ros2_iron/install/tracetools_test:/home/vboxuser/ros2_iron/install/tracetools_launch:/home/vboxuser/ros2_iron/install/topic_monitor:/home/vboxuser/ros2_iron/install/tf2_tools:/home/vboxuser/ros2_iron/install/examples_tf2_py:/home/vboxuser/ros2_iron/install/tf2_ros_py:/home/vboxuser/ros2_iron/install/examples_rclpy_pointcloud_publisher:/home/vboxuser/ros2_iron/install/sensor_msgs_py:/home/vboxuser/ros2_iron/install/quality_of_service_demo_py:/home/vboxuser/ros2_iron/install/rqt_plot:/home/vboxuser/ros2_iron/install/ros2doctor:/home/vboxuser/ros2_iron/install/lifecycle_py:/home/vboxuser/ros2_iron/install/examples_rclpy_minimal_subscriber:/home/vboxuser/ros2_iron/install/examples_rclpy_minimal_service:/home/vboxuser/ros2_iron/install/examples_rclpy_minimal_publisher:/home/vboxuser/ros2_iron/install/examples_rclpy_minimal_client:/home/vboxuser/ros2_iron/install/examples_rclpy_executors:/home/vboxuser/ros2_iron/install/demo_nodes_py:/home/vboxuser/ros2_iron/install/rqt:/home/vboxuser/ros2_iron/install/ros2component:/home/vboxuser/ros2_iron/install/sros2:/home/vboxuser/ros2_iron/install/rqt_topic:/home/vboxuser/ros2_iron/install/rqt_srv:/home/vboxuser/ros2_iron/install/rqt_shell:/home/vboxuser/ros2_iron/install/rqt_service_caller:/home/vboxuser/ros2_iron/install/rqt_reconfigure:/home/vboxuser/ros2_iron/install/rqt_py_console:/home/vboxuser/ros2_iron/install/rqt_publisher:/home/vboxuser/ros2_iron/install/rqt_action:/home/vboxuser/ros2_iron/install/rqt_msg:/home/vboxuser/ros2_iron/install/rqt_console:/home/vboxuser/ros2_iron/install/rqt_graph:/home/vboxuser/ros2_iron/install/rqt_gui_py:/home/vboxuser/ros2_iron/install/rqt_gui:/home/vboxuser/ros2_iron/install/ros2trace:/home/vboxuser/ros2_iron/install/ros2topic:/home/vboxuser/ros2_iron/install/ros2test:/home/vboxuser/ros2_iron/install/ros2param:/home/vboxuser/ros2_iron/install/ros2lifecycle:/home/vboxuser/ros2_iron/install/ros2service:/home/vboxuser/ros2_iron/install/ros2run:/home/vboxuser/ros2_iron/install/ros2launch:/home/vboxuser/ros2_iron/install/ros2pkg:/home/vboxuser/ros2_iron/install/ros2node:/home/vboxuser/ros2_iron/install/ros2multicast:/home/vboxuser/ros2_iron/install/ros2interface:/home/vboxuser/ros2_iron/install/ros2action:/home/vboxuser/ros2_iron/install/ros2cli:/home/vboxuser/ros2_iron/install/launch_testing_ros:/home/vboxuser/ros2_iron/install/launch_ros:/home/vboxuser/ros2_iron/install/examples_rclpy_minimal_action_server:/home/vboxuser/ros2_iron/install/examples_rclpy_minimal_action_client:/home/vboxuser/ros2_iron/install/examples_rclpy_guard_conditions:/home/vboxuser/ros2_iron/install/action_tutorials_py:/home/vboxuser/ros2_iron/install/ament_uncrustify:/home/vboxuser/ros2_iron/install/tracetools_trace:/home/vboxuser/ros2_iron/install/tracetools_read:/home/vboxuser/ros2_iron/install/test_tracetools_launch:/home/vboxuser/ros2_iron/install/test_ros2trace:/home/vboxuser/ros2_iron/install/test_launch_ros:/home/vboxuser/ros2_iron/install/rpyutils:/home/vboxuser/ros2_iron/install/rosidl_runtime_py:/home/vboxuser/ros2_iron/install/rosidl_pycommon:/home/vboxuser/ros2_iron/install/rosidl_cli:/home/vboxuser/ros2_iron/install/launch_pytest:/home/vboxuser/ros2_iron/install/launch_testing:/home/vboxuser/ros2_iron/install/launch_yaml:/home/vboxuser/ros2_iron/install/launch_xml:/home/vboxuser/ros2_iron/install/launch:/home/vboxuser/ros2_iron/install/osrf_pycommon:/home/vboxuser/ros2_iron/install/domain_coordinator:/home/vboxuser/ros2_iron/install/ament_xmllint:/home/vboxuser/ros2_iron/install/ament_pyflakes:/home/vboxuser/ros2_iron/install/ament_pycodestyle:/home/vboxuser/ros2_iron/install/ament_pep257:/home/vboxuser/ros2_iron/install/ament_pclint:/home/vboxuser/ros2_iron/install/ament_package:/home/vboxuser/ros2_iron/install/ament_mypy:/home/vboxuser/ros2_iron/install/ament_lint_cmake:/home/vboxuser/ros2_iron/install/ament_flake8:/home/vboxuser/ros2_iron/install/ament_copyright:/home/vboxuser/ros2_iron/install/ament_lint:/home/vboxuser/ros2_iron/install/ament_index_python:/home/vboxuser/ros2_iron/install/ament_cpplint:/home/vboxuser/ros2_iron/install/ament_cppcheck:/home/vboxuser/ros2_iron/install/ament_clang_tidy:/home/vboxuser/ros2_iron/install/ament_clang_format /usr/bin/cmake --install /home/vboxuser/ros2_ws/build/turtlesim
[36.609s] Level 1:colcon.colcon_core.environment:create_environment_scripts_only(turtlesim)
[36.610s] Level 1:colcon.colcon_core.environment:checking '/home/vboxuser/ros2_ws/install/turtlesim' for CMake module files
[36.611s] Level 1:colcon.colcon_core.environment:checking '/home/vboxuser/ros2_ws/install/turtlesim' for CMake config files
[36.612s] Level 1:colcon.colcon_core.shell:create_environment_hook('turtlesim', 'cmake_prefix_path')
[36.615s] INFO:colcon.colcon_core.shell:Creating environment hook '/home/vboxuser/ros2_ws/install/turtlesim/share/turtlesim/hook/cmake_prefix_path.ps1'
[36.617s] DEBUG:colcon.colcon_core.event_handler.log_command:Invoked command in '/home/vboxuser/ros2_ws/build/turtlesim' returned '0': CMAKE_PREFIX_PATH=${CMAKE_PREFIX_PATH}:/home/vboxuser/ros2_ws/install/read_rosbag:/home/vboxuser/ros2_ws/install/py_pubsub:/home/vboxuser/ros2_ws/install/launch_testing_examples:/home/vboxuser/ros2_ws/install/examples_rclpy_pointcloud_publisher:/home/vboxuser/ros2_ws/install/examples_rclpy_minimal_subscriber:/home/vboxuser/ros2_ws/install/examples_rclpy_minimal_service:/home/vboxuser/ros2_ws/install/examples_rclpy_minimal_publisher:/home/vboxuser/ros2_ws/install/examples_rclpy_minimal_client:/home/vboxuser/ros2_ws/install/examples_rclpy_minimal_action_server:/home/vboxuser/ros2_ws/install/examples_rclpy_minimal_action_client:/home/vboxuser/ros2_ws/install/examples_rclpy_guard_conditions:/home/vboxuser/ros2_ws/install/examples_rclpy_executors:/home/vboxuser/ros2_ws/install/bms_visualizer:/opt/ros/iron:/home/vboxuser/ros2_iron/install/rqt_bag_plugins:/home/vboxuser/ros2_iron/install/rqt_bag:/home/vboxuser/ros2_iron/install/rosbag2_examples_py:/home/vboxuser/ros2_iron/install/launch_testing_examples:/home/vboxuser/ros2_iron/install/ros2bag:/home/vboxuser/ros2_iron/install/tracetools_test:/home/vboxuser/ros2_iron/install/tracetools_launch:/home/vboxuser/ros2_iron/install/topic_monitor:/home/vboxuser/ros2_iron/install/tf2_tools:/home/vboxuser/ros2_iron/install/examples_tf2_py:/home/vboxuser/ros2_iron/install/tf2_ros_py:/home/vboxuser/ros2_iron/install/examples_rclpy_pointcloud_publisher:/home/vboxuser/ros2_iron/install/sensor_msgs_py:/home/vboxuser/ros2_iron/install/quality_of_service_demo_py:/home/vboxuser/ros2_iron/install/rqt_plot:/home/vboxuser/ros2_iron/install/ros2doctor:/home/vboxuser/ros2_iron/install/lifecycle_py:/home/vboxuser/ros2_iron/install/examples_rclpy_minimal_subscriber:/home/vboxuser/ros2_iron/install/examples_rclpy_minimal_service:/home/vboxuser/ros2_iron/install/examples_rclpy_minimal_publisher:/home/vboxuser/ros2_iron/install/examples_rclpy_minimal_client:/home/vboxuser/ros2_iron/install/examples_rclpy_executors:/home/vboxuser/ros2_iron/install/demo_nodes_py:/home/vboxuser/ros2_iron/install/rqt:/home/vboxuser/ros2_iron/install/ros2component:/home/vboxuser/ros2_iron/install/sros2:/home/vboxuser/ros2_iron/install/rqt_topic:/home/vboxuser/ros2_iron/install/rqt_srv:/home/vboxuser/ros2_iron/install/rqt_shell:/home/vboxuser/ros2_iron/install/rqt_service_caller:/home/vboxuser/ros2_iron/install/rqt_reconfigure:/home/vboxuser/ros2_iron/install/rqt_py_console:/home/vboxuser/ros2_iron/install/rqt_publisher:/home/vboxuser/ros2_iron/install/rqt_action:/home/vboxuser/ros2_iron/install/rqt_msg:/home/vboxuser/ros2_iron/install/rqt_console:/home/vboxuser/ros2_iron/install/rqt_graph:/home/vboxuser/ros2_iron/install/rqt_gui_py:/home/vboxuser/ros2_iron/install/rqt_gui:/home/vboxuser/ros2_iron/install/ros2trace:/home/vboxuser/ros2_iron/install/ros2topic:/home/vboxuser/ros2_iron/install/ros2test:/home/vboxuser/ros2_iron/install/ros2param:/home/vboxuser/ros2_iron/install/ros2lifecycle:/home/vboxuser/ros2_iron/install/ros2service:/home/vboxuser/ros2_iron/install/ros2run:/home/vboxuser/ros2_iron/install/ros2launch:/home/vboxuser/ros2_iron/install/ros2pkg:/home/vboxuser/ros2_iron/install/ros2node:/home/vboxuser/ros2_iron/install/ros2multicast:/home/vboxuser/ros2_iron/install/ros2interface:/home/vboxuser/ros2_iron/install/ros2action:/home/vboxuser/ros2_iron/install/ros2cli:/home/vboxuser/ros2_iron/install/launch_testing_ros:/home/vboxuser/ros2_iron/install/launch_ros:/home/vboxuser/ros2_iron/install/examples_rclpy_minimal_action_server:/home/vboxuser/ros2_iron/install/examples_rclpy_minimal_action_client:/home/vboxuser/ros2_iron/install/examples_rclpy_guard_conditions:/home/vboxuser/ros2_iron/install/action_tutorials_py:/home/vboxuser/ros2_iron/install/ament_uncrustify:/home/vboxuser/ros2_iron/install/tracetools_trace:/home/vboxuser/ros2_iron/install/tracetools_read:/home/vboxuser/ros2_iron/install/test_tracetools_launch:/home/vboxuser/ros2_iron/install/test_ros2trace:/home/vboxuser/ros2_iron/install/test_launch_ros:/home/vboxuser/ros2_iron/install/rpyutils:/home/vboxuser/ros2_iron/install/rosidl_runtime_py:/home/vboxuser/ros2_iron/install/rosidl_pycommon:/home/vboxuser/ros2_iron/install/rosidl_cli:/home/vboxuser/ros2_iron/install/launch_pytest:/home/vboxuser/ros2_iron/install/launch_testing:/home/vboxuser/ros2_iron/install/launch_yaml:/home/vboxuser/ros2_iron/install/launch_xml:/home/vboxuser/ros2_iron/install/launch:/home/vboxuser/ros2_iron/install/osrf_pycommon:/home/vboxuser/ros2_iron/install/domain_coordinator:/home/vboxuser/ros2_iron/install/ament_xmllint:/home/vboxuser/ros2_iron/install/ament_pyflakes:/home/vboxuser/ros2_iron/install/ament_pycodestyle:/home/vboxuser/ros2_iron/install/ament_pep257:/home/vboxuser/ros2_iron/install/ament_pclint:/home/vboxuser/ros2_iron/install/ament_package:/home/vboxuser/ros2_iron/install/ament_mypy:/home/vboxuser/ros2_iron/install/ament_lint_cmake:/home/vboxuser/ros2_iron/install/ament_flake8:/home/vboxuser/ros2_iron/install/ament_copyright:/home/vboxuser/ros2_iron/install/ament_lint:/home/vboxuser/ros2_iron/install/ament_index_python:/home/vboxuser/ros2_iron/install/ament_cpplint:/home/vboxuser/ros2_iron/install/ament_cppcheck:/home/vboxuser/ros2_iron/install/ament_clang_tidy:/home/vboxuser/ros2_iron/install/ament_clang_format /usr/bin/cmake --install /home/vboxuser/ros2_ws/build/turtlesim
[36.619s] INFO:colcon.colcon_core.shell:Creating environment descriptor '/home/vboxuser/ros2_ws/install/turtlesim/share/turtlesim/hook/cmake_prefix_path.dsv'
[36.621s] INFO:colcon.colcon_core.shell:Creating environment hook '/home/vboxuser/ros2_ws/install/turtlesim/share/turtlesim/hook/cmake_prefix_path.sh'
[36.624s] Level 1:colcon.colcon_core.environment:checking '/home/vboxuser/ros2_ws/install/turtlesim/lib'
[36.625s] Level 1:colcon.colcon_core.shell:create_environment_hook('turtlesim', 'ld_library_path_lib')
[36.625s] INFO:colcon.colcon_core.shell:Creating environment hook '/home/vboxuser/ros2_ws/install/turtlesim/share/turtlesim/hook/ld_library_path_lib.ps1'
[36.627s] INFO:colcon.colcon_core.shell:Creating environment descriptor '/home/vboxuser/ros2_ws/install/turtlesim/share/turtlesim/hook/ld_library_path_lib.dsv'
[36.628s] INFO:colcon.colcon_core.shell:Creating environment hook '/home/vboxuser/ros2_ws/install/turtlesim/share/turtlesim/hook/ld_library_path_lib.sh'
[36.629s] Level 1:colcon.colcon_core.environment:checking '/home/vboxuser/ros2_ws/install/turtlesim/bin'
[36.629s] Level 1:colcon.colcon_core.environment:checking '/home/vboxuser/ros2_ws/install/turtlesim/lib/pkgconfig/turtlesim.pc'
[36.630s] Level 1:colcon.colcon_core.environment:checking '/home/vboxuser/ros2_ws/install/turtlesim/lib/python3.10/site-packages'
[36.631s] Level 1:colcon.colcon_core.shell:create_environment_hook('turtlesim', 'pythonpath')
[36.633s] INFO:colcon.colcon_core.shell:Creating environment hook '/home/vboxuser/ros2_ws/install/turtlesim/share/turtlesim/hook/pythonpath.ps1'
[36.635s] INFO:colcon.colcon_core.shell:Creating environment descriptor '/home/vboxuser/ros2_ws/install/turtlesim/share/turtlesim/hook/pythonpath.dsv'
[36.636s] INFO:colcon.colcon_core.shell:Creating environment hook '/home/vboxuser/ros2_ws/install/turtlesim/share/turtlesim/hook/pythonpath.sh'
[36.640s] Level 1:colcon.colcon_core.environment:checking '/home/vboxuser/ros2_ws/install/turtlesim/bin'
[36.641s] INFO:colcon.colcon_core.shell:Creating package script '/home/vboxuser/ros2_ws/install/turtlesim/share/turtlesim/package.ps1'
[36.643s] INFO:colcon.colcon_core.shell:Creating package descriptor '/home/vboxuser/ros2_ws/install/turtlesim/share/turtlesim/package.dsv'
[36.645s] INFO:colcon.colcon_core.shell:Creating package script '/home/vboxuser/ros2_ws/install/turtlesim/share/turtlesim/package.sh'
[36.648s] INFO:colcon.colcon_core.shell:Creating package script '/home/vboxuser/ros2_ws/install/turtlesim/share/turtlesim/package.bash'
[36.650s] INFO:colcon.colcon_core.shell:Creating package script '/home/vboxuser/ros2_ws/install/turtlesim/share/turtlesim/package.zsh'
[36.651s] Level 1:colcon.colcon_core.environment:create_file_with_runtime_dependencies(/home/vboxuser/ros2_ws/install/turtlesim/share/colcon-core/packages/turtlesim)
[36.653s] Level 1:colcon.colcon_core.environment:create_environment_scripts_only(turtlesim)
[36.654s] Level 1:colcon.colcon_core.environment:checking '/home/vboxuser/ros2_ws/install/turtlesim' for CMake module files
[36.655s] Level 1:colcon.colcon_core.environment:checking '/home/vboxuser/ros2_ws/install/turtlesim' for CMake config files
[36.656s] Level 1:colcon.colcon_core.shell:create_environment_hook('turtlesim', 'cmake_prefix_path')
[36.656s] INFO:colcon.colcon_core.shell:Creating environment hook '/home/vboxuser/ros2_ws/install/turtlesim/share/turtlesim/hook/cmake_prefix_path.ps1'
[36.658s] INFO:colcon.colcon_core.shell:Creating environment descriptor '/home/vboxuser/ros2_ws/install/turtlesim/share/turtlesim/hook/cmake_prefix_path.dsv'
[36.659s] INFO:colcon.colcon_core.shell:Creating environment hook '/home/vboxuser/ros2_ws/install/turtlesim/share/turtlesim/hook/cmake_prefix_path.sh'
[36.662s] Level 1:colcon.colcon_core.environment:checking '/home/vboxuser/ros2_ws/install/turtlesim/lib'
[36.663s] Level 1:colcon.colcon_core.shell:create_environment_hook('turtlesim', 'ld_library_path_lib')
[36.664s] INFO:colcon.colcon_core.shell:Creating environment hook '/home/vboxuser/ros2_ws/install/turtlesim/share/turtlesim/hook/ld_library_path_lib.ps1'
[36.666s] INFO:colcon.colcon_core.shell:Creating environment descriptor '/home/vboxuser/ros2_ws/install/turtlesim/share/turtlesim/hook/ld_library_path_lib.dsv'
[36.668s] INFO:colcon.colcon_core.shell:Creating environment hook '/home/vboxuser/ros2_ws/install/turtlesim/share/turtlesim/hook/ld_library_path_lib.sh'
[36.670s] Level 1:colcon.colcon_core.environment:checking '/home/vboxuser/ros2_ws/install/turtlesim/bin'
[36.671s] Level 1:colcon.colcon_core.environment:checking '/home/vboxuser/ros2_ws/install/turtlesim/lib/pkgconfig/turtlesim.pc'
[36.672s] Level 1:colcon.colcon_core.environment:checking '/home/vboxuser/ros2_ws/install/turtlesim/lib/python3.10/site-packages'
[36.672s] Level 1:colcon.colcon_core.shell:create_environment_hook('turtlesim', 'pythonpath')
[36.672s] INFO:colcon.colcon_core.shell:Creating environment hook '/home/vboxuser/ros2_ws/install/turtlesim/share/turtlesim/hook/pythonpath.ps1'
[36.674s] INFO:colcon.colcon_core.shell:Creating environment descriptor '/home/vboxuser/ros2_ws/install/turtlesim/share/turtlesim/hook/pythonpath.dsv'
[36.676s] INFO:colcon.colcon_core.shell:Creating environment hook '/home/vboxuser/ros2_ws/install/turtlesim/share/turtlesim/hook/pythonpath.sh'
[36.679s] Level 1:colcon.colcon_core.environment:checking '/home/vboxuser/ros2_ws/install/turtlesim/bin'
[36.680s] INFO:colcon.colcon_core.shell:Creating package script '/home/vboxuser/ros2_ws/install/turtlesim/share/turtlesim/package.ps1'
[36.683s] INFO:colcon.colcon_core.shell:Creating package descriptor '/home/vboxuser/ros2_ws/install/turtlesim/share/turtlesim/package.dsv'
[36.685s] INFO:colcon.colcon_core.shell:Creating package script '/home/vboxuser/ros2_ws/install/turtlesim/share/turtlesim/package.sh'
[36.687s] INFO:colcon.colcon_core.shell:Creating package script '/home/vboxuser/ros2_ws/install/turtlesim/share/turtlesim/package.bash'
[36.689s] INFO:colcon.colcon_core.shell:Creating package script '/home/vboxuser/ros2_ws/install/turtlesim/share/turtlesim/package.zsh'
[36.691s] Level 1:colcon.colcon_core.environment:create_file_with_runtime_dependencies(/home/vboxuser/ros2_ws/install/turtlesim/share/colcon-core/packages/turtlesim)
[36.696s] DEBUG:colcon.colcon_parallel_executor.executor.parallel:closing loop
[36.696s] DEBUG:colcon.colcon_parallel_executor.executor.parallel:loop closed
[36.697s] DEBUG:colcon.colcon_parallel_executor.executor.parallel:run_until_complete finished with '0'
[36.697s] DEBUG:colcon.colcon_core.event_reactor:joining thread
[36.728s] INFO:colcon.colcon_core.plugin_system:Skipping extension 'colcon_notification.desktop_notification.terminal_notifier': Not used on non-Darwin systems
[36.730s] INFO:colcon.colcon_core.plugin_system:Skipping extension 'colcon_notification.desktop_notification.win32': Not used on non-Windows systems
[36.731s] INFO:colcon.colcon_notification.desktop_notification:Sending desktop notification using 'notify2'
[36.812s] DEBUG:colcon.colcon_core.event_reactor:joined thread
[36.814s] INFO:colcon.colcon_core.shell:Creating prefix script '/home/vboxuser/ros2_ws/install/local_setup.ps1'
[36.820s] INFO:colcon.colcon_core.shell:Creating prefix util module '/home/vboxuser/ros2_ws/install/_local_setup_util_ps1.py'
[36.824s] INFO:colcon.colcon_core.shell:Creating prefix chain script '/home/vboxuser/ros2_ws/install/setup.ps1'
[36.855s] INFO:colcon.colcon_core.shell:Creating prefix script '/home/vboxuser/ros2_ws/install/local_setup.sh'
[36.857s] INFO:colcon.colcon_core.shell:Creating prefix util module '/home/vboxuser/ros2_ws/install/_local_setup_util_sh.py'
[36.859s] INFO:colcon.colcon_core.shell:Creating prefix chain script '/home/vboxuser/ros2_ws/install/setup.sh'
[36.896s] INFO:colcon.colcon_core.shell:Creating prefix script '/home/vboxuser/ros2_ws/install/local_setup.bash'
[36.898s] INFO:colcon.colcon_core.shell:Creating prefix chain script '/home/vboxuser/ros2_ws/install/setup.bash'
[36.926s] INFO:colcon.colcon_core.shell:Creating prefix script '/home/vboxuser/ros2_ws/install/local_setup.zsh'
[36.928s] INFO:colcon.colcon_core.shell:Creating prefix chain script '/home/vboxuser/ros2_ws/install/setup.zsh'
