[2.977s] DEBUG:colcon:Command line arguments: ['/usr/bin/colcon', 'build']
[2.978s] DEBUG:colcon:Parsed command line arguments: Namespace(log_base=None, log_level=None, verb_name='build', build_base='build', install_base='install', merge_install=False, symlink_install=False, test_result_base=None, continue_on_error=False, executor='parallel', parallel_workers=4, event_handlers=None, ignore_user_meta=False, metas=['./colcon.meta'], base_paths=['.'], packages_ignore=None, packages_ignore_regex=None, paths=None, packages_up_to=None, packages_up_to_regex=None, packages_above=None, packages_above_and_dependencies=None, packages_above_depth=None, packages_select_by_dep=None, packages_skip_by_dep=None, packages_skip_up_to=None, packages_select_build_failed=False, packages_skip_build_finished=False, packages_select_test_failures=False, packages_skip_test_passed=False, packages_select=None, packages_skip=None, packages_select_regex=None, packages_skip_regex=None, packages_start=None, packages_end=None, allow_overriding=[], cmake_args=None, cmake_target=None, cmake_target_skip_unavailable=False, cmake_clean_cache=False, cmake_clean_first=False, cmake_force_configure=False, ament_cmake_args=None, catkin_cmake_args=None, catkin_skip_building_tests=False, mixin_files=None, mixin=None, verb_parser=<colcon_mixin.mixin.mixin_argument.MixinArgumentDecorator object at 0x7da00fbd41c0>, verb_extension=<colcon_core.verb.build.BuildVerb object at 0x7da00fb9bc40>, main=<bound method BuildVerb.main of <colcon_core.verb.build.BuildVerb object at 0x7da00fb9bc40>>, mixin_verb=('build',))
[11.251s] Level 1:colcon.colcon_core.package_discovery:discover_packages(colcon_meta) check parameters
[11.252s] Level 1:colcon.colcon_core.package_discovery:discover_packages(recursive) check parameters
[11.252s] Level 1:colcon.colcon_core.package_discovery:discover_packages(ignore) check parameters
[11.252s] Level 1:colcon.colcon_core.package_discovery:discover_packages(path) check parameters
[11.252s] Level 1:colcon.colcon_core.package_discovery:discover_packages(colcon_meta) discover
[11.252s] Level 1:colcon.colcon_core.package_discovery:discover_packages(recursive) discover
[11.252s] INFO:colcon.colcon_core.package_discovery:Crawling recursively for packages in '/home/vboxuser/ros2_ws'
[11.252s] Level 1:colcon.colcon_core.package_identification:_identify(.) by extensions ['ignore', 'ignore_ament_install']
[11.253s] Level 1:colcon.colcon_core.package_identification:_identify(.) by extension 'ignore'
[11.253s] Level 1:colcon.colcon_core.package_identification:_identify(.) by extension 'ignore_ament_install'
[11.253s] Level 1:colcon.colcon_core.package_identification:_identify(.) by extensions ['colcon_pkg']
[11.253s] Level 1:colcon.colcon_core.package_identification:_identify(.) by extension 'colcon_pkg'
[11.253s] Level 1:colcon.colcon_core.package_identification:_identify(.) by extensions ['colcon_meta']
[11.253s] Level 1:colcon.colcon_core.package_identification:_identify(.) by extension 'colcon_meta'
[11.253s] Level 1:colcon.colcon_core.package_identification:_identify(.) by extensions ['ros']
[11.253s] Level 1:colcon.colcon_core.package_identification:_identify(.) by extension 'ros'
[11.332s] Level 1:colcon.colcon_core.package_identification:_identify(.) by extensions ['cmake', 'python']
[11.333s] Level 1:colcon.colcon_core.package_identification:_identify(.) by extension 'cmake'
[11.334s] Level 1:colcon.colcon_core.package_identification:_identify(.) by extension 'python'
[11.334s] Level 1:colcon.colcon_core.package_identification:_identify(.) by extensions ['python_setup_py']
[11.335s] Level 1:colcon.colcon_core.package_identification:_identify(.) by extension 'python_setup_py'
[11.335s] Level 1:colcon.colcon_core.package_identification:_identify(build) by extensions ['ignore', 'ignore_ament_install']
[11.336s] Level 1:colcon.colcon_core.package_identification:_identify(build) by extension 'ignore'
[11.337s] Level 1:colcon.colcon_core.package_identification:_identify(build) ignored
[11.338s] Level 1:colcon.colcon_core.package_identification:_identify(install) by extensions ['ignore', 'ignore_ament_install']
[11.340s] Level 1:colcon.colcon_core.package_identification:_identify(install) by extension 'ignore'
[11.340s] Level 1:colcon.colcon_core.package_identification:_identify(install) ignored
[11.343s] Level 1:colcon.colcon_core.package_identification:_identify(log) by extensions ['ignore', 'ignore_ament_install']
[11.344s] Level 1:colcon.colcon_core.package_identification:_identify(log) by extension 'ignore'
[11.344s] Level 1:colcon.colcon_core.package_identification:_identify(log) ignored
[11.344s] Level 1:colcon.colcon_core.package_identification:_identify(src) by extensions ['ignore', 'ignore_ament_install']
[11.344s] Level 1:colcon.colcon_core.package_identification:_identify(src) by extension 'ignore'
[11.345s] Level 1:colcon.colcon_core.package_identification:_identify(src) by extension 'ignore_ament_install'
[11.345s] Level 1:colcon.colcon_core.package_identification:_identify(src) by extensions ['colcon_pkg']
[11.345s] Level 1:colcon.colcon_core.package_identification:_identify(src) by extension 'colcon_pkg'
[11.345s] Level 1:colcon.colcon_core.package_identification:_identify(src) by extensions ['colcon_meta']
[11.345s] Level 1:colcon.colcon_core.package_identification:_identify(src) by extension 'colcon_meta'
[11.345s] Level 1:colcon.colcon_core.package_identification:_identify(src) by extensions ['ros']
[11.345s] Level 1:colcon.colcon_core.package_identification:_identify(src) by extension 'ros'
[11.345s] Level 1:colcon.colcon_core.package_identification:_identify(src) by extensions ['cmake', 'python']
[11.345s] Level 1:colcon.colcon_core.package_identification:_identify(src) by extension 'cmake'
[11.345s] Level 1:colcon.colcon_core.package_identification:_identify(src) by extension 'python'
[11.345s] Level 1:colcon.colcon_core.package_identification:_identify(src) by extensions ['python_setup_py']
[11.346s] Level 1:colcon.colcon_core.package_identification:_identify(src) by extension 'python_setup_py'
[11.346s] Level 1:colcon.colcon_core.package_identification:_identify(src/BMS_BQ769X2) by extensions ['ignore', 'ignore_ament_install']
[11.347s] Level 1:colcon.colcon_core.package_identification:_identify(src/BMS_BQ769X2) by extension 'ignore'
[11.347s] Level 1:colcon.colcon_core.package_identification:_identify(src/BMS_BQ769X2) by extension 'ignore_ament_install'
[11.347s] Level 1:colcon.colcon_core.package_identification:_identify(src/BMS_BQ769X2) by extensions ['colcon_pkg']
[11.347s] Level 1:colcon.colcon_core.package_identification:_identify(src/BMS_BQ769X2) by extension 'colcon_pkg'
[11.347s] Level 1:colcon.colcon_core.package_identification:_identify(src/BMS_BQ769X2) by extensions ['colcon_meta']
[11.347s] Level 1:colcon.colcon_core.package_identification:_identify(src/BMS_BQ769X2) by extension 'colcon_meta'
[11.347s] Level 1:colcon.colcon_core.package_identification:_identify(src/BMS_BQ769X2) by extensions ['ros']
[11.347s] Level 1:colcon.colcon_core.package_identification:_identify(src/BMS_BQ769X2) by extension 'ros'
[11.348s] Level 1:colcon.colcon_core.package_identification:_identify(src/BMS_BQ769X2) by extensions ['cmake', 'python']
[11.348s] Level 1:colcon.colcon_core.package_identification:_identify(src/BMS_BQ769X2) by extension 'cmake'
[11.348s] Level 1:colcon.colcon_core.package_identification:_identify(src/BMS_BQ769X2) by extension 'python'
[11.349s] Level 1:colcon.colcon_core.package_identification:_identify(src/BMS_BQ769X2) by extensions ['python_setup_py']
[11.350s] Level 1:colcon.colcon_core.package_identification:_identify(src/BMS_BQ769X2) by extension 'python_setup_py'
[11.350s] Level 1:colcon.colcon_core.package_identification:_identify(src/BMS_BQ769X2/src) by extensions ['ignore', 'ignore_ament_install']
[11.350s] Level 1:colcon.colcon_core.package_identification:_identify(src/BMS_BQ769X2/src) by extension 'ignore'
[11.351s] Level 1:colcon.colcon_core.package_identification:_identify(src/BMS_BQ769X2/src) by extension 'ignore_ament_install'
[11.351s] Level 1:colcon.colcon_core.package_identification:_identify(src/BMS_BQ769X2/src) by extensions ['colcon_pkg']
[11.351s] Level 1:colcon.colcon_core.package_identification:_identify(src/BMS_BQ769X2/src) by extension 'colcon_pkg'
[11.351s] Level 1:colcon.colcon_core.package_identification:_identify(src/BMS_BQ769X2/src) by extensions ['colcon_meta']
[11.351s] Level 1:colcon.colcon_core.package_identification:_identify(src/BMS_BQ769X2/src) by extension 'colcon_meta'
[11.351s] Level 1:colcon.colcon_core.package_identification:_identify(src/BMS_BQ769X2/src) by extensions ['ros']
[11.351s] Level 1:colcon.colcon_core.package_identification:_identify(src/BMS_BQ769X2/src) by extension 'ros'
[11.351s] Level 1:colcon.colcon_core.package_identification:_identify(src/BMS_BQ769X2/src) by extensions ['cmake', 'python']
[11.351s] Level 1:colcon.colcon_core.package_identification:_identify(src/BMS_BQ769X2/src) by extension 'cmake'
[11.352s] Level 1:colcon.colcon_core.package_identification:_identify(src/BMS_BQ769X2/src) by extension 'python'
[11.352s] Level 1:colcon.colcon_core.package_identification:_identify(src/BMS_BQ769X2/src) by extensions ['python_setup_py']
[11.352s] Level 1:colcon.colcon_core.package_identification:_identify(src/BMS_BQ769X2/src) by extension 'python_setup_py'
[11.352s] Level 1:colcon.colcon_core.package_identification:_identify(src/BMS_BQ769X2/src/bms_visualizer) by extensions ['ignore', 'ignore_ament_install']
[11.353s] Level 1:colcon.colcon_core.package_identification:_identify(src/BMS_BQ769X2/src/bms_visualizer) by extension 'ignore'
[11.353s] Level 1:colcon.colcon_core.package_identification:_identify(src/BMS_BQ769X2/src/bms_visualizer) by extension 'ignore_ament_install'
[11.353s] Level 1:colcon.colcon_core.package_identification:_identify(src/BMS_BQ769X2/src/bms_visualizer) by extensions ['colcon_pkg']
[11.353s] Level 1:colcon.colcon_core.package_identification:_identify(src/BMS_BQ769X2/src/bms_visualizer) by extension 'colcon_pkg'
[11.354s] Level 1:colcon.colcon_core.package_identification:_identify(src/BMS_BQ769X2/src/bms_visualizer) by extensions ['colcon_meta']
[11.354s] Level 1:colcon.colcon_core.package_identification:_identify(src/BMS_BQ769X2/src/bms_visualizer) by extension 'colcon_meta'
[11.354s] Level 1:colcon.colcon_core.package_identification:_identify(src/BMS_BQ769X2/src/bms_visualizer) by extensions ['ros']
[11.354s] Level 1:colcon.colcon_core.package_identification:_identify(src/BMS_BQ769X2/src/bms_visualizer) by extension 'ros'
[11.401s] DEBUG:colcon.colcon_core.package_identification:Package 'src/BMS_BQ769X2/src/bms_visualizer' with type 'ros.ament_python' and name 'bms_visualizer'
[11.402s] Level 1:colcon.colcon_core.package_identification:_identify(src/BMS_BQ769X2/src/bq769x2_i2c_ros) by extensions ['ignore', 'ignore_ament_install']
[11.402s] Level 1:colcon.colcon_core.package_identification:_identify(src/BMS_BQ769X2/src/bq769x2_i2c_ros) by extension 'ignore'
[11.403s] Level 1:colcon.colcon_core.package_identification:_identify(src/BMS_BQ769X2/src/bq769x2_i2c_ros) by extension 'ignore_ament_install'
[11.403s] Level 1:colcon.colcon_core.package_identification:_identify(src/BMS_BQ769X2/src/bq769x2_i2c_ros) by extensions ['colcon_pkg']
[11.403s] Level 1:colcon.colcon_core.package_identification:_identify(src/BMS_BQ769X2/src/bq769x2_i2c_ros) by extension 'colcon_pkg'
[11.403s] Level 1:colcon.colcon_core.package_identification:_identify(src/BMS_BQ769X2/src/bq769x2_i2c_ros) by extensions ['colcon_meta']
[11.403s] Level 1:colcon.colcon_core.package_identification:_identify(src/BMS_BQ769X2/src/bq769x2_i2c_ros) by extension 'colcon_meta'
[11.404s] Level 1:colcon.colcon_core.package_identification:_identify(src/BMS_BQ769X2/src/bq769x2_i2c_ros) by extensions ['ros']
[11.404s] Level 1:colcon.colcon_core.package_identification:_identify(src/BMS_BQ769X2/src/bq769x2_i2c_ros) by extension 'ros'
[11.421s] DEBUG:colcon.colcon_core.package_identification:Package 'src/BMS_BQ769X2/src/bq769x2_i2c_ros' with type 'ros.ament_cmake' and name 'bq769x2_i2c_ros'
[11.422s] Level 1:colcon.colcon_core.package_identification:_identify(src/Results) by extensions ['ignore', 'ignore_ament_install']
[11.423s] Level 1:colcon.colcon_core.package_identification:_identify(src/Results) by extension 'ignore'
[11.423s] Level 1:colcon.colcon_core.package_identification:_identify(src/Results) by extension 'ignore_ament_install'
[11.423s] Level 1:colcon.colcon_core.package_identification:_identify(src/Results) by extensions ['colcon_pkg']
[11.424s] Level 1:colcon.colcon_core.package_identification:_identify(src/Results) by extension 'colcon_pkg'
[11.424s] Level 1:colcon.colcon_core.package_identification:_identify(src/Results) by extensions ['colcon_meta']
[11.424s] Level 1:colcon.colcon_core.package_identification:_identify(src/Results) by extension 'colcon_meta'
[11.424s] Level 1:colcon.colcon_core.package_identification:_identify(src/Results) by extensions ['ros']
[11.424s] Level 1:colcon.colcon_core.package_identification:_identify(src/Results) by extension 'ros'
[11.424s] Level 1:colcon.colcon_core.package_identification:_identify(src/Results) by extensions ['cmake', 'python']
[11.424s] Level 1:colcon.colcon_core.package_identification:_identify(src/Results) by extension 'cmake'
[11.424s] Level 1:colcon.colcon_core.package_identification:_identify(src/Results) by extension 'python'
[11.424s] Level 1:colcon.colcon_core.package_identification:_identify(src/Results) by extensions ['python_setup_py']
[11.424s] Level 1:colcon.colcon_core.package_identification:_identify(src/Results) by extension 'python_setup_py'
[11.425s] Level 1:colcon.colcon_core.package_identification:_identify(src/examples) by extensions ['ignore', 'ignore_ament_install']
[11.425s] Level 1:colcon.colcon_core.package_identification:_identify(src/examples) by extension 'ignore'
[11.426s] Level 1:colcon.colcon_core.package_identification:_identify(src/examples) by extension 'ignore_ament_install'
[11.426s] Level 1:colcon.colcon_core.package_identification:_identify(src/examples) by extensions ['colcon_pkg']
[11.426s] Level 1:colcon.colcon_core.package_identification:_identify(src/examples) by extension 'colcon_pkg'
[11.426s] Level 1:colcon.colcon_core.package_identification:_identify(src/examples) by extensions ['colcon_meta']
[11.426s] Level 1:colcon.colcon_core.package_identification:_identify(src/examples) by extension 'colcon_meta'
[11.426s] Level 1:colcon.colcon_core.package_identification:_identify(src/examples) by extensions ['ros']
[11.426s] Level 1:colcon.colcon_core.package_identification:_identify(src/examples) by extension 'ros'
[11.426s] Level 1:colcon.colcon_core.package_identification:_identify(src/examples) by extensions ['cmake', 'python']
[11.426s] Level 1:colcon.colcon_core.package_identification:_identify(src/examples) by extension 'cmake'
[11.427s] Level 1:colcon.colcon_core.package_identification:_identify(src/examples) by extension 'python'
[11.427s] Level 1:colcon.colcon_core.package_identification:_identify(src/examples) by extensions ['python_setup_py']
[11.427s] Level 1:colcon.colcon_core.package_identification:_identify(src/examples) by extension 'python_setup_py'
[11.427s] Level 1:colcon.colcon_core.package_identification:_identify(src/examples/launch_testing) by extensions ['ignore', 'ignore_ament_install']
[11.428s] Level 1:colcon.colcon_core.package_identification:_identify(src/examples/launch_testing) by extension 'ignore'
[11.428s] Level 1:colcon.colcon_core.package_identification:_identify(src/examples/launch_testing) by extension 'ignore_ament_install'
[11.428s] Level 1:colcon.colcon_core.package_identification:_identify(src/examples/launch_testing) by extensions ['colcon_pkg']
[11.428s] Level 1:colcon.colcon_core.package_identification:_identify(src/examples/launch_testing) by extension 'colcon_pkg'
[11.429s] Level 1:colcon.colcon_core.package_identification:_identify(src/examples/launch_testing) by extensions ['colcon_meta']
[11.429s] Level 1:colcon.colcon_core.package_identification:_identify(src/examples/launch_testing) by extension 'colcon_meta'
[11.429s] Level 1:colcon.colcon_core.package_identification:_identify(src/examples/launch_testing) by extensions ['ros']
[11.429s] Level 1:colcon.colcon_core.package_identification:_identify(src/examples/launch_testing) by extension 'ros'
[11.429s] Level 1:colcon.colcon_core.package_identification:_identify(src/examples/launch_testing) by extensions ['cmake', 'python']
[11.429s] Level 1:colcon.colcon_core.package_identification:_identify(src/examples/launch_testing) by extension 'cmake'
[11.430s] Level 1:colcon.colcon_core.package_identification:_identify(src/examples/launch_testing) by extension 'python'
[11.430s] Level 1:colcon.colcon_core.package_identification:_identify(src/examples/launch_testing) by extensions ['python_setup_py']
[11.430s] Level 1:colcon.colcon_core.package_identification:_identify(src/examples/launch_testing) by extension 'python_setup_py'
[11.430s] Level 1:colcon.colcon_core.package_identification:_identify(src/examples/launch_testing/launch_testing_examples) by extensions ['ignore', 'ignore_ament_install']
[11.430s] Level 1:colcon.colcon_core.package_identification:_identify(src/examples/launch_testing/launch_testing_examples) by extension 'ignore'
[11.430s] Level 1:colcon.colcon_core.package_identification:_identify(src/examples/launch_testing/launch_testing_examples) by extension 'ignore_ament_install'
[11.430s] Level 1:colcon.colcon_core.package_identification:_identify(src/examples/launch_testing/launch_testing_examples) by extensions ['colcon_pkg']
[11.431s] Level 1:colcon.colcon_core.package_identification:_identify(src/examples/launch_testing/launch_testing_examples) by extension 'colcon_pkg'
[11.431s] Level 1:colcon.colcon_core.package_identification:_identify(src/examples/launch_testing/launch_testing_examples) by extensions ['colcon_meta']
[11.431s] Level 1:colcon.colcon_core.package_identification:_identify(src/examples/launch_testing/launch_testing_examples) by extension 'colcon_meta'
[11.431s] Level 1:colcon.colcon_core.package_identification:_identify(src/examples/launch_testing/launch_testing_examples) by extensions ['ros']
[11.431s] Level 1:colcon.colcon_core.package_identification:_identify(src/examples/launch_testing/launch_testing_examples) by extension 'ros'
[11.445s] DEBUG:colcon.colcon_core.package_identification:Package 'src/examples/launch_testing/launch_testing_examples' with type 'ros.ament_python' and name 'launch_testing_examples'
[11.446s] Level 1:colcon.colcon_core.package_identification:_identify(src/examples/rclcpp) by extensions ['ignore', 'ignore_ament_install']
[11.447s] Level 1:colcon.colcon_core.package_identification:_identify(src/examples/rclcpp) by extension 'ignore'
[11.447s] Level 1:colcon.colcon_core.package_identification:_identify(src/examples/rclcpp) by extension 'ignore_ament_install'
[11.448s] Level 1:colcon.colcon_core.package_identification:_identify(src/examples/rclcpp) by extensions ['colcon_pkg']
[11.448s] Level 1:colcon.colcon_core.package_identification:_identify(src/examples/rclcpp) by extension 'colcon_pkg'
[11.448s] Level 1:colcon.colcon_core.package_identification:_identify(src/examples/rclcpp) by extensions ['colcon_meta']
[11.448s] Level 1:colcon.colcon_core.package_identification:_identify(src/examples/rclcpp) by extension 'colcon_meta'
[11.448s] Level 1:colcon.colcon_core.package_identification:_identify(src/examples/rclcpp) by extensions ['ros']
[11.448s] Level 1:colcon.colcon_core.package_identification:_identify(src/examples/rclcpp) by extension 'ros'
[11.449s] Level 1:colcon.colcon_core.package_identification:_identify(src/examples/rclcpp) by extensions ['cmake', 'python']
[11.449s] Level 1:colcon.colcon_core.package_identification:_identify(src/examples/rclcpp) by extension 'cmake'
[11.449s] Level 1:colcon.colcon_core.package_identification:_identify(src/examples/rclcpp) by extension 'python'
[11.449s] Level 1:colcon.colcon_core.package_identification:_identify(src/examples/rclcpp) by extensions ['python_setup_py']
[11.449s] Level 1:colcon.colcon_core.package_identification:_identify(src/examples/rclcpp) by extension 'python_setup_py'
[11.450s] Level 1:colcon.colcon_core.package_identification:_identify(src/examples/rclcpp/actions) by extensions ['ignore', 'ignore_ament_install']
[11.450s] Level 1:colcon.colcon_core.package_identification:_identify(src/examples/rclcpp/actions) by extension 'ignore'
[11.451s] Level 1:colcon.colcon_core.package_identification:_identify(src/examples/rclcpp/actions) by extension 'ignore_ament_install'
[11.451s] Level 1:colcon.colcon_core.package_identification:_identify(src/examples/rclcpp/actions) by extensions ['colcon_pkg']
[11.451s] Level 1:colcon.colcon_core.package_identification:_identify(src/examples/rclcpp/actions) by extension 'colcon_pkg'
[11.451s] Level 1:colcon.colcon_core.package_identification:_identify(src/examples/rclcpp/actions) by extensions ['colcon_meta']
[11.451s] Level 1:colcon.colcon_core.package_identification:_identify(src/examples/rclcpp/actions) by extension 'colcon_meta'
[11.451s] Level 1:colcon.colcon_core.package_identification:_identify(src/examples/rclcpp/actions) by extensions ['ros']
[11.452s] Level 1:colcon.colcon_core.package_identification:_identify(src/examples/rclcpp/actions) by extension 'ros'
[11.452s] Level 1:colcon.colcon_core.package_identification:_identify(src/examples/rclcpp/actions) by extensions ['cmake', 'python']
[11.452s] Level 1:colcon.colcon_core.package_identification:_identify(src/examples/rclcpp/actions) by extension 'cmake'
[11.452s] Level 1:colcon.colcon_core.package_identification:_identify(src/examples/rclcpp/actions) by extension 'python'
[11.452s] Level 1:colcon.colcon_core.package_identification:_identify(src/examples/rclcpp/actions) by extensions ['python_setup_py']
[11.452s] Level 1:colcon.colcon_core.package_identification:_identify(src/examples/rclcpp/actions) by extension 'python_setup_py'
[11.452s] Level 1:colcon.colcon_core.package_identification:_identify(src/examples/rclcpp/actions/minimal_action_client) by extensions ['ignore', 'ignore_ament_install']
[11.453s] Level 1:colcon.colcon_core.package_identification:_identify(src/examples/rclcpp/actions/minimal_action_client) by extension 'ignore'
[11.453s] Level 1:colcon.colcon_core.package_identification:_identify(src/examples/rclcpp/actions/minimal_action_client) by extension 'ignore_ament_install'
[11.454s] Level 1:colcon.colcon_core.package_identification:_identify(src/examples/rclcpp/actions/minimal_action_client) by extensions ['colcon_pkg']
[11.454s] Level 1:colcon.colcon_core.package_identification:_identify(src/examples/rclcpp/actions/minimal_action_client) by extension 'colcon_pkg'
[11.454s] Level 1:colcon.colcon_core.package_identification:_identify(src/examples/rclcpp/actions/minimal_action_client) by extensions ['colcon_meta']
[11.454s] Level 1:colcon.colcon_core.package_identification:_identify(src/examples/rclcpp/actions/minimal_action_client) by extension 'colcon_meta'
[11.454s] Level 1:colcon.colcon_core.package_identification:_identify(src/examples/rclcpp/actions/minimal_action_client) by extensions ['ros']
[11.454s] Level 1:colcon.colcon_core.package_identification:_identify(src/examples/rclcpp/actions/minimal_action_client) by extension 'ros'
[11.457s] DEBUG:colcon.colcon_core.package_identification:Package 'src/examples/rclcpp/actions/minimal_action_client' with type 'ros.ament_cmake' and name 'examples_rclcpp_minimal_action_client'
[11.458s] Level 1:colcon.colcon_core.package_identification:_identify(src/examples/rclcpp/actions/minimal_action_server) by extensions ['ignore', 'ignore_ament_install']
[11.459s] Level 1:colcon.colcon_core.package_identification:_identify(src/examples/rclcpp/actions/minimal_action_server) by extension 'ignore'
[11.459s] Level 1:colcon.colcon_core.package_identification:_identify(src/examples/rclcpp/actions/minimal_action_server) by extension 'ignore_ament_install'
[11.460s] Level 1:colcon.colcon_core.package_identification:_identify(src/examples/rclcpp/actions/minimal_action_server) by extensions ['colcon_pkg']
[11.460s] Level 1:colcon.colcon_core.package_identification:_identify(src/examples/rclcpp/actions/minimal_action_server) by extension 'colcon_pkg'
[11.460s] Level 1:colcon.colcon_core.package_identification:_identify(src/examples/rclcpp/actions/minimal_action_server) by extensions ['colcon_meta']
[11.460s] Level 1:colcon.colcon_core.package_identification:_identify(src/examples/rclcpp/actions/minimal_action_server) by extension 'colcon_meta'
[11.460s] Level 1:colcon.colcon_core.package_identification:_identify(src/examples/rclcpp/actions/minimal_action_server) by extensions ['ros']
[11.460s] Level 1:colcon.colcon_core.package_identification:_identify(src/examples/rclcpp/actions/minimal_action_server) by extension 'ros'
[11.463s] DEBUG:colcon.colcon_core.package_identification:Package 'src/examples/rclcpp/actions/minimal_action_server' with type 'ros.ament_cmake' and name 'examples_rclcpp_minimal_action_server'
[11.464s] Level 1:colcon.colcon_core.package_identification:_identify(src/examples/rclcpp/composition) by extensions ['ignore', 'ignore_ament_install']
[11.465s] Level 1:colcon.colcon_core.package_identification:_identify(src/examples/rclcpp/composition) by extension 'ignore'
[11.465s] Level 1:colcon.colcon_core.package_identification:_identify(src/examples/rclcpp/composition) by extension 'ignore_ament_install'
[11.466s] Level 1:colcon.colcon_core.package_identification:_identify(src/examples/rclcpp/composition) by extensions ['colcon_pkg']
[11.466s] Level 1:colcon.colcon_core.package_identification:_identify(src/examples/rclcpp/composition) by extension 'colcon_pkg'
[11.466s] Level 1:colcon.colcon_core.package_identification:_identify(src/examples/rclcpp/composition) by extensions ['colcon_meta']
[11.466s] Level 1:colcon.colcon_core.package_identification:_identify(src/examples/rclcpp/composition) by extension 'colcon_meta'
[11.466s] Level 1:colcon.colcon_core.package_identification:_identify(src/examples/rclcpp/composition) by extensions ['ros']
[11.466s] Level 1:colcon.colcon_core.package_identification:_identify(src/examples/rclcpp/composition) by extension 'ros'
[11.467s] Level 1:colcon.colcon_core.package_identification:_identify(src/examples/rclcpp/composition) by extensions ['cmake', 'python']
[11.467s] Level 1:colcon.colcon_core.package_identification:_identify(src/examples/rclcpp/composition) by extension 'cmake'
[11.467s] Level 1:colcon.colcon_core.package_identification:_identify(src/examples/rclcpp/composition) by extension 'python'
[11.467s] Level 1:colcon.colcon_core.package_identification:_identify(src/examples/rclcpp/composition) by extensions ['python_setup_py']
[11.467s] Level 1:colcon.colcon_core.package_identification:_identify(src/examples/rclcpp/composition) by extension 'python_setup_py'
[11.467s] Level 1:colcon.colcon_core.package_identification:_identify(src/examples/rclcpp/composition/minimal_composition) by extensions ['ignore', 'ignore_ament_install']
[11.468s] Level 1:colcon.colcon_core.package_identification:_identify(src/examples/rclcpp/composition/minimal_composition) by extension 'ignore'
[11.468s] Level 1:colcon.colcon_core.package_identification:_identify(src/examples/rclcpp/composition/minimal_composition) by extension 'ignore_ament_install'
[11.468s] Level 1:colcon.colcon_core.package_identification:_identify(src/examples/rclcpp/composition/minimal_composition) by extensions ['colcon_pkg']
[11.468s] Level 1:colcon.colcon_core.package_identification:_identify(src/examples/rclcpp/composition/minimal_composition) by extension 'colcon_pkg'
[11.468s] Level 1:colcon.colcon_core.package_identification:_identify(src/examples/rclcpp/composition/minimal_composition) by extensions ['colcon_meta']
[11.468s] Level 1:colcon.colcon_core.package_identification:_identify(src/examples/rclcpp/composition/minimal_composition) by extension 'colcon_meta'
[11.468s] Level 1:colcon.colcon_core.package_identification:_identify(src/examples/rclcpp/composition/minimal_composition) by extensions ['ros']
[11.468s] Level 1:colcon.colcon_core.package_identification:_identify(src/examples/rclcpp/composition/minimal_composition) by extension 'ros'
[11.471s] DEBUG:colcon.colcon_core.package_identification:Package 'src/examples/rclcpp/composition/minimal_composition' with type 'ros.ament_cmake' and name 'examples_rclcpp_minimal_composition'
[11.472s] Level 1:colcon.colcon_core.package_identification:_identify(src/examples/rclcpp/executors) by extensions ['ignore', 'ignore_ament_install']
[11.472s] Level 1:colcon.colcon_core.package_identification:_identify(src/examples/rclcpp/executors) by extension 'ignore'
[11.473s] Level 1:colcon.colcon_core.package_identification:_identify(src/examples/rclcpp/executors) by extension 'ignore_ament_install'
[11.473s] Level 1:colcon.colcon_core.package_identification:_identify(src/examples/rclcpp/executors) by extensions ['colcon_pkg']
[11.473s] Level 1:colcon.colcon_core.package_identification:_identify(src/examples/rclcpp/executors) by extension 'colcon_pkg'
[11.473s] Level 1:colcon.colcon_core.package_identification:_identify(src/examples/rclcpp/executors) by extensions ['colcon_meta']
[11.473s] Level 1:colcon.colcon_core.package_identification:_identify(src/examples/rclcpp/executors) by extension 'colcon_meta'
[11.473s] Level 1:colcon.colcon_core.package_identification:_identify(src/examples/rclcpp/executors) by extensions ['ros']
[11.473s] Level 1:colcon.colcon_core.package_identification:_identify(src/examples/rclcpp/executors) by extension 'ros'
[11.473s] Level 1:colcon.colcon_core.package_identification:_identify(src/examples/rclcpp/executors) by extensions ['cmake', 'python']
[11.474s] Level 1:colcon.colcon_core.package_identification:_identify(src/examples/rclcpp/executors) by extension 'cmake'
[11.474s] Level 1:colcon.colcon_core.package_identification:_identify(src/examples/rclcpp/executors) by extension 'python'
[11.474s] Level 1:colcon.colcon_core.package_identification:_identify(src/examples/rclcpp/executors) by extensions ['python_setup_py']
[11.475s] Level 1:colcon.colcon_core.package_identification:_identify(src/examples/rclcpp/executors) by extension 'python_setup_py'
[11.475s] Level 1:colcon.colcon_core.package_identification:_identify(src/examples/rclcpp/executors/cbg_executor) by extensions ['ignore', 'ignore_ament_install']
[11.475s] Level 1:colcon.colcon_core.package_identification:_identify(src/examples/rclcpp/executors/cbg_executor) by extension 'ignore'
[11.476s] Level 1:colcon.colcon_core.package_identification:_identify(src/examples/rclcpp/executors/cbg_executor) by extension 'ignore_ament_install'
[11.476s] Level 1:colcon.colcon_core.package_identification:_identify(src/examples/rclcpp/executors/cbg_executor) by extensions ['colcon_pkg']
[11.476s] Level 1:colcon.colcon_core.package_identification:_identify(src/examples/rclcpp/executors/cbg_executor) by extension 'colcon_pkg'
[11.476s] Level 1:colcon.colcon_core.package_identification:_identify(src/examples/rclcpp/executors/cbg_executor) by extensions ['colcon_meta']
[11.476s] Level 1:colcon.colcon_core.package_identification:_identify(src/examples/rclcpp/executors/cbg_executor) by extension 'colcon_meta'
[11.476s] Level 1:colcon.colcon_core.package_identification:_identify(src/examples/rclcpp/executors/cbg_executor) by extensions ['ros']
[11.476s] Level 1:colcon.colcon_core.package_identification:_identify(src/examples/rclcpp/executors/cbg_executor) by extension 'ros'
[11.479s] DEBUG:colcon.colcon_core.package_identification:Package 'src/examples/rclcpp/executors/cbg_executor' with type 'ros.ament_cmake' and name 'examples_rclcpp_cbg_executor'
[11.480s] Level 1:colcon.colcon_core.package_identification:_identify(src/examples/rclcpp/executors/multithreaded_executor) by extensions ['ignore', 'ignore_ament_install']
[11.483s] Level 1:colcon.colcon_core.package_identification:_identify(src/examples/rclcpp/executors/multithreaded_executor) by extension 'ignore'
[11.484s] Level 1:colcon.colcon_core.package_identification:_identify(src/examples/rclcpp/executors/multithreaded_executor) by extension 'ignore_ament_install'
[11.484s] Level 1:colcon.colcon_core.package_identification:_identify(src/examples/rclcpp/executors/multithreaded_executor) by extensions ['colcon_pkg']
[11.484s] Level 1:colcon.colcon_core.package_identification:_identify(src/examples/rclcpp/executors/multithreaded_executor) by extension 'colcon_pkg'
[11.484s] Level 1:colcon.colcon_core.package_identification:_identify(src/examples/rclcpp/executors/multithreaded_executor) by extensions ['colcon_meta']
[11.484s] Level 1:colcon.colcon_core.package_identification:_identify(src/examples/rclcpp/executors/multithreaded_executor) by extension 'colcon_meta'
[11.484s] Level 1:colcon.colcon_core.package_identification:_identify(src/examples/rclcpp/executors/multithreaded_executor) by extensions ['ros']
[11.485s] Level 1:colcon.colcon_core.package_identification:_identify(src/examples/rclcpp/executors/multithreaded_executor) by extension 'ros'
[11.487s] DEBUG:colcon.colcon_core.package_identification:Package 'src/examples/rclcpp/executors/multithreaded_executor' with type 'ros.ament_cmake' and name 'examples_rclcpp_multithreaded_executor'
[11.488s] Level 1:colcon.colcon_core.package_identification:_identify(src/examples/rclcpp/services) by extensions ['ignore', 'ignore_ament_install']
[11.489s] Level 1:colcon.colcon_core.package_identification:_identify(src/examples/rclcpp/services) by extension 'ignore'
[11.489s] Level 1:colcon.colcon_core.package_identification:_identify(src/examples/rclcpp/services) by extension 'ignore_ament_install'
[11.490s] Level 1:colcon.colcon_core.package_identification:_identify(src/examples/rclcpp/services) by extensions ['colcon_pkg']
[11.490s] Level 1:colcon.colcon_core.package_identification:_identify(src/examples/rclcpp/services) by extension 'colcon_pkg'
[11.490s] Level 1:colcon.colcon_core.package_identification:_identify(src/examples/rclcpp/services) by extensions ['colcon_meta']
[11.490s] Level 1:colcon.colcon_core.package_identification:_identify(src/examples/rclcpp/services) by extension 'colcon_meta'
[11.490s] Level 1:colcon.colcon_core.package_identification:_identify(src/examples/rclcpp/services) by extensions ['ros']
[11.490s] Level 1:colcon.colcon_core.package_identification:_identify(src/examples/rclcpp/services) by extension 'ros'
[11.490s] Level 1:colcon.colcon_core.package_identification:_identify(src/examples/rclcpp/services) by extensions ['cmake', 'python']
[11.491s] Level 1:colcon.colcon_core.package_identification:_identify(src/examples/rclcpp/services) by extension 'cmake'
[11.491s] Level 1:colcon.colcon_core.package_identification:_identify(src/examples/rclcpp/services) by extension 'python'
[11.492s] Level 1:colcon.colcon_core.package_identification:_identify(src/examples/rclcpp/services) by extensions ['python_setup_py']
[11.492s] Level 1:colcon.colcon_core.package_identification:_identify(src/examples/rclcpp/services) by extension 'python_setup_py'
[11.492s] Level 1:colcon.colcon_core.package_identification:_identify(src/examples/rclcpp/services/async_client) by extensions ['ignore', 'ignore_ament_install']
[11.492s] Level 1:colcon.colcon_core.package_identification:_identify(src/examples/rclcpp/services/async_client) by extension 'ignore'
[11.492s] Level 1:colcon.colcon_core.package_identification:_identify(src/examples/rclcpp/services/async_client) by extension 'ignore_ament_install'
[11.493s] Level 1:colcon.colcon_core.package_identification:_identify(src/examples/rclcpp/services/async_client) by extensions ['colcon_pkg']
[11.493s] Level 1:colcon.colcon_core.package_identification:_identify(src/examples/rclcpp/services/async_client) by extension 'colcon_pkg'
[11.493s] Level 1:colcon.colcon_core.package_identification:_identify(src/examples/rclcpp/services/async_client) by extensions ['colcon_meta']
[11.493s] Level 1:colcon.colcon_core.package_identification:_identify(src/examples/rclcpp/services/async_client) by extension 'colcon_meta'
[11.493s] Level 1:colcon.colcon_core.package_identification:_identify(src/examples/rclcpp/services/async_client) by extensions ['ros']
[11.493s] Level 1:colcon.colcon_core.package_identification:_identify(src/examples/rclcpp/services/async_client) by extension 'ros'
[11.496s] DEBUG:colcon.colcon_core.package_identification:Package 'src/examples/rclcpp/services/async_client' with type 'ros.ament_cmake' and name 'examples_rclcpp_async_client'
[11.497s] Level 1:colcon.colcon_core.package_identification:_identify(src/examples/rclcpp/services/minimal_client) by extensions ['ignore', 'ignore_ament_install']
[11.498s] Level 1:colcon.colcon_core.package_identification:_identify(src/examples/rclcpp/services/minimal_client) by extension 'ignore'
[11.498s] Level 1:colcon.colcon_core.package_identification:_identify(src/examples/rclcpp/services/minimal_client) by extension 'ignore_ament_install'
[11.499s] Level 1:colcon.colcon_core.package_identification:_identify(src/examples/rclcpp/services/minimal_client) by extensions ['colcon_pkg']
[11.499s] Level 1:colcon.colcon_core.package_identification:_identify(src/examples/rclcpp/services/minimal_client) by extension 'colcon_pkg'
[11.499s] Level 1:colcon.colcon_core.package_identification:_identify(src/examples/rclcpp/services/minimal_client) by extensions ['colcon_meta']
[11.499s] Level 1:colcon.colcon_core.package_identification:_identify(src/examples/rclcpp/services/minimal_client) by extension 'colcon_meta'
[11.499s] Level 1:colcon.colcon_core.package_identification:_identify(src/examples/rclcpp/services/minimal_client) by extensions ['ros']
[11.500s] Level 1:colcon.colcon_core.package_identification:_identify(src/examples/rclcpp/services/minimal_client) by extension 'ros'
[11.502s] DEBUG:colcon.colcon_core.package_identification:Package 'src/examples/rclcpp/services/minimal_client' with type 'ros.ament_cmake' and name 'examples_rclcpp_minimal_client'
[11.503s] Level 1:colcon.colcon_core.package_identification:_identify(src/examples/rclcpp/services/minimal_service) by extensions ['ignore', 'ignore_ament_install']
[11.503s] Level 1:colcon.colcon_core.package_identification:_identify(src/examples/rclcpp/services/minimal_service) by extension 'ignore'
[11.503s] Level 1:colcon.colcon_core.package_identification:_identify(src/examples/rclcpp/services/minimal_service) by extension 'ignore_ament_install'
[11.503s] Level 1:colcon.colcon_core.package_identification:_identify(src/examples/rclcpp/services/minimal_service) by extensions ['colcon_pkg']
[11.503s] Level 1:colcon.colcon_core.package_identification:_identify(src/examples/rclcpp/services/minimal_service) by extension 'colcon_pkg'
[11.504s] Level 1:colcon.colcon_core.package_identification:_identify(src/examples/rclcpp/services/minimal_service) by extensions ['colcon_meta']
[11.504s] Level 1:colcon.colcon_core.package_identification:_identify(src/examples/rclcpp/services/minimal_service) by extension 'colcon_meta'
[11.504s] Level 1:colcon.colcon_core.package_identification:_identify(src/examples/rclcpp/services/minimal_service) by extensions ['ros']
[11.504s] Level 1:colcon.colcon_core.package_identification:_identify(src/examples/rclcpp/services/minimal_service) by extension 'ros'
[11.507s] DEBUG:colcon.colcon_core.package_identification:Package 'src/examples/rclcpp/services/minimal_service' with type 'ros.ament_cmake' and name 'examples_rclcpp_minimal_service'
[11.507s] Level 1:colcon.colcon_core.package_identification:_identify(src/examples/rclcpp/timers) by extensions ['ignore', 'ignore_ament_install']
[11.508s] Level 1:colcon.colcon_core.package_identification:_identify(src/examples/rclcpp/timers) by extension 'ignore'
[11.508s] Level 1:colcon.colcon_core.package_identification:_identify(src/examples/rclcpp/timers) by extension 'ignore_ament_install'
[11.508s] Level 1:colcon.colcon_core.package_identification:_identify(src/examples/rclcpp/timers) by extensions ['colcon_pkg']
[11.508s] Level 1:colcon.colcon_core.package_identification:_identify(src/examples/rclcpp/timers) by extension 'colcon_pkg'
[11.508s] Level 1:colcon.colcon_core.package_identification:_identify(src/examples/rclcpp/timers) by extensions ['colcon_meta']
[11.509s] Level 1:colcon.colcon_core.package_identification:_identify(src/examples/rclcpp/timers) by extension 'colcon_meta'
[11.509s] Level 1:colcon.colcon_core.package_identification:_identify(src/examples/rclcpp/timers) by extensions ['ros']
[11.509s] Level 1:colcon.colcon_core.package_identification:_identify(src/examples/rclcpp/timers) by extension 'ros'
[11.509s] Level 1:colcon.colcon_core.package_identification:_identify(src/examples/rclcpp/timers) by extensions ['cmake', 'python']
[11.509s] Level 1:colcon.colcon_core.package_identification:_identify(src/examples/rclcpp/timers) by extension 'cmake'
[11.509s] Level 1:colcon.colcon_core.package_identification:_identify(src/examples/rclcpp/timers) by extension 'python'
[11.509s] Level 1:colcon.colcon_core.package_identification:_identify(src/examples/rclcpp/timers) by extensions ['python_setup_py']
[11.509s] Level 1:colcon.colcon_core.package_identification:_identify(src/examples/rclcpp/timers) by extension 'python_setup_py'
[11.510s] Level 1:colcon.colcon_core.package_identification:_identify(src/examples/rclcpp/timers/minimal_timer) by extensions ['ignore', 'ignore_ament_install']
[11.510s] Level 1:colcon.colcon_core.package_identification:_identify(src/examples/rclcpp/timers/minimal_timer) by extension 'ignore'
[11.510s] Level 1:colcon.colcon_core.package_identification:_identify(src/examples/rclcpp/timers/minimal_timer) by extension 'ignore_ament_install'
[11.511s] Level 1:colcon.colcon_core.package_identification:_identify(src/examples/rclcpp/timers/minimal_timer) by extensions ['colcon_pkg']
[11.511s] Level 1:colcon.colcon_core.package_identification:_identify(src/examples/rclcpp/timers/minimal_timer) by extension 'colcon_pkg'
[11.511s] Level 1:colcon.colcon_core.package_identification:_identify(src/examples/rclcpp/timers/minimal_timer) by extensions ['colcon_meta']
[11.511s] Level 1:colcon.colcon_core.package_identification:_identify(src/examples/rclcpp/timers/minimal_timer) by extension 'colcon_meta'
[11.511s] Level 1:colcon.colcon_core.package_identification:_identify(src/examples/rclcpp/timers/minimal_timer) by extensions ['ros']
[11.511s] Level 1:colcon.colcon_core.package_identification:_identify(src/examples/rclcpp/timers/minimal_timer) by extension 'ros'
[11.514s] DEBUG:colcon.colcon_core.package_identification:Package 'src/examples/rclcpp/timers/minimal_timer' with type 'ros.ament_cmake' and name 'examples_rclcpp_minimal_timer'
[11.515s] Level 1:colcon.colcon_core.package_identification:_identify(src/examples/rclcpp/topics) by extensions ['ignore', 'ignore_ament_install']
[11.515s] Level 1:colcon.colcon_core.package_identification:_identify(src/examples/rclcpp/topics) by extension 'ignore'
[11.515s] Level 1:colcon.colcon_core.package_identification:_identify(src/examples/rclcpp/topics) by extension 'ignore_ament_install'
[11.515s] Level 1:colcon.colcon_core.package_identification:_identify(src/examples/rclcpp/topics) by extensions ['colcon_pkg']
[11.515s] Level 1:colcon.colcon_core.package_identification:_identify(src/examples/rclcpp/topics) by extension 'colcon_pkg'
[11.515s] Level 1:colcon.colcon_core.package_identification:_identify(src/examples/rclcpp/topics) by extensions ['colcon_meta']
[11.515s] Level 1:colcon.colcon_core.package_identification:_identify(src/examples/rclcpp/topics) by extension 'colcon_meta'
[11.516s] Level 1:colcon.colcon_core.package_identification:_identify(src/examples/rclcpp/topics) by extensions ['ros']
[11.516s] Level 1:colcon.colcon_core.package_identification:_identify(src/examples/rclcpp/topics) by extension 'ros'
[11.516s] Level 1:colcon.colcon_core.package_identification:_identify(src/examples/rclcpp/topics) by extensions ['cmake', 'python']
[11.516s] Level 1:colcon.colcon_core.package_identification:_identify(src/examples/rclcpp/topics) by extension 'cmake'
[11.516s] Level 1:colcon.colcon_core.package_identification:_identify(src/examples/rclcpp/topics) by extension 'python'
[11.516s] Level 1:colcon.colcon_core.package_identification:_identify(src/examples/rclcpp/topics) by extensions ['python_setup_py']
[11.516s] Level 1:colcon.colcon_core.package_identification:_identify(src/examples/rclcpp/topics) by extension 'python_setup_py'
[11.516s] Level 1:colcon.colcon_core.package_identification:_identify(src/examples/rclcpp/topics/minimal_publisher) by extensions ['ignore', 'ignore_ament_install']
[11.517s] Level 1:colcon.colcon_core.package_identification:_identify(src/examples/rclcpp/topics/minimal_publisher) by extension 'ignore'
[11.517s] Level 1:colcon.colcon_core.package_identification:_identify(src/examples/rclcpp/topics/minimal_publisher) by extension 'ignore_ament_install'
[11.518s] Level 1:colcon.colcon_core.package_identification:_identify(src/examples/rclcpp/topics/minimal_publisher) by extensions ['colcon_pkg']
[11.518s] Level 1:colcon.colcon_core.package_identification:_identify(src/examples/rclcpp/topics/minimal_publisher) by extension 'colcon_pkg'
[11.518s] Level 1:colcon.colcon_core.package_identification:_identify(src/examples/rclcpp/topics/minimal_publisher) by extensions ['colcon_meta']
[11.518s] Level 1:colcon.colcon_core.package_identification:_identify(src/examples/rclcpp/topics/minimal_publisher) by extension 'colcon_meta'
[11.518s] Level 1:colcon.colcon_core.package_identification:_identify(src/examples/rclcpp/topics/minimal_publisher) by extensions ['ros']
[11.519s] Level 1:colcon.colcon_core.package_identification:_identify(src/examples/rclcpp/topics/minimal_publisher) by extension 'ros'
[11.522s] DEBUG:colcon.colcon_core.package_identification:Package 'src/examples/rclcpp/topics/minimal_publisher' with type 'ros.ament_cmake' and name 'examples_rclcpp_minimal_publisher'
[11.522s] Level 1:colcon.colcon_core.package_identification:_identify(src/examples/rclcpp/topics/minimal_subscriber) by extensions ['ignore', 'ignore_ament_install']
[11.522s] Level 1:colcon.colcon_core.package_identification:_identify(src/examples/rclcpp/topics/minimal_subscriber) by extension 'ignore'
[11.522s] Level 1:colcon.colcon_core.package_identification:_identify(src/examples/rclcpp/topics/minimal_subscriber) by extension 'ignore_ament_install'
[11.523s] Level 1:colcon.colcon_core.package_identification:_identify(src/examples/rclcpp/topics/minimal_subscriber) by extensions ['colcon_pkg']
[11.523s] Level 1:colcon.colcon_core.package_identification:_identify(src/examples/rclcpp/topics/minimal_subscriber) by extension 'colcon_pkg'
[11.523s] Level 1:colcon.colcon_core.package_identification:_identify(src/examples/rclcpp/topics/minimal_subscriber) by extensions ['colcon_meta']
[11.523s] Level 1:colcon.colcon_core.package_identification:_identify(src/examples/rclcpp/topics/minimal_subscriber) by extension 'colcon_meta'
[11.523s] Level 1:colcon.colcon_core.package_identification:_identify(src/examples/rclcpp/topics/minimal_subscriber) by extensions ['ros']
[11.523s] Level 1:colcon.colcon_core.package_identification:_identify(src/examples/rclcpp/topics/minimal_subscriber) by extension 'ros'
[11.526s] DEBUG:colcon.colcon_core.package_identification:Package 'src/examples/rclcpp/topics/minimal_subscriber' with type 'ros.ament_cmake' and name 'examples_rclcpp_minimal_subscriber'
[11.527s] Level 1:colcon.colcon_core.package_identification:_identify(src/examples/rclcpp/wait_set) by extensions ['ignore', 'ignore_ament_install']
[11.527s] Level 1:colcon.colcon_core.package_identification:_identify(src/examples/rclcpp/wait_set) by extension 'ignore'
[11.527s] Level 1:colcon.colcon_core.package_identification:_identify(src/examples/rclcpp/wait_set) by extension 'ignore_ament_install'
[11.527s] Level 1:colcon.colcon_core.package_identification:_identify(src/examples/rclcpp/wait_set) by extensions ['colcon_pkg']
[11.527s] Level 1:colcon.colcon_core.package_identification:_identify(src/examples/rclcpp/wait_set) by extension 'colcon_pkg'
[11.528s] Level 1:colcon.colcon_core.package_identification:_identify(src/examples/rclcpp/wait_set) by extensions ['colcon_meta']
[11.528s] Level 1:colcon.colcon_core.package_identification:_identify(src/examples/rclcpp/wait_set) by extension 'colcon_meta'
[11.528s] Level 1:colcon.colcon_core.package_identification:_identify(src/examples/rclcpp/wait_set) by extensions ['ros']
[11.528s] Level 1:colcon.colcon_core.package_identification:_identify(src/examples/rclcpp/wait_set) by extension 'ros'
[11.536s] DEBUG:colcon.colcon_core.package_identification:Package 'src/examples/rclcpp/wait_set' with type 'ros.ament_cmake' and name 'examples_rclcpp_wait_set'
[11.537s] Level 1:colcon.colcon_core.package_identification:_identify(src/examples/rclpy) by extensions ['ignore', 'ignore_ament_install']
[11.538s] Level 1:colcon.colcon_core.package_identification:_identify(src/examples/rclpy) by extension 'ignore'
[11.538s] Level 1:colcon.colcon_core.package_identification:_identify(src/examples/rclpy) by extension 'ignore_ament_install'
[11.538s] Level 1:colcon.colcon_core.package_identification:_identify(src/examples/rclpy) by extensions ['colcon_pkg']
[11.538s] Level 1:colcon.colcon_core.package_identification:_identify(src/examples/rclpy) by extension 'colcon_pkg'
[11.539s] Level 1:colcon.colcon_core.package_identification:_identify(src/examples/rclpy) by extensions ['colcon_meta']
[11.539s] Level 1:colcon.colcon_core.package_identification:_identify(src/examples/rclpy) by extension 'colcon_meta'
[11.539s] Level 1:colcon.colcon_core.package_identification:_identify(src/examples/rclpy) by extensions ['ros']
[11.539s] Level 1:colcon.colcon_core.package_identification:_identify(src/examples/rclpy) by extension 'ros'
[11.539s] Level 1:colcon.colcon_core.package_identification:_identify(src/examples/rclpy) by extensions ['cmake', 'python']
[11.539s] Level 1:colcon.colcon_core.package_identification:_identify(src/examples/rclpy) by extension 'cmake'
[11.539s] Level 1:colcon.colcon_core.package_identification:_identify(src/examples/rclpy) by extension 'python'
[11.539s] Level 1:colcon.colcon_core.package_identification:_identify(src/examples/rclpy) by extensions ['python_setup_py']
[11.539s] Level 1:colcon.colcon_core.package_identification:_identify(src/examples/rclpy) by extension 'python_setup_py'
[11.540s] Level 1:colcon.colcon_core.package_identification:_identify(src/examples/rclpy/actions) by extensions ['ignore', 'ignore_ament_install']
[11.540s] Level 1:colcon.colcon_core.package_identification:_identify(src/examples/rclpy/actions) by extension 'ignore'
[11.540s] Level 1:colcon.colcon_core.package_identification:_identify(src/examples/rclpy/actions) by extension 'ignore_ament_install'
[11.540s] Level 1:colcon.colcon_core.package_identification:_identify(src/examples/rclpy/actions) by extensions ['colcon_pkg']
[11.540s] Level 1:colcon.colcon_core.package_identification:_identify(src/examples/rclpy/actions) by extension 'colcon_pkg'
[11.540s] Level 1:colcon.colcon_core.package_identification:_identify(src/examples/rclpy/actions) by extensions ['colcon_meta']
[11.540s] Level 1:colcon.colcon_core.package_identification:_identify(src/examples/rclpy/actions) by extension 'colcon_meta'
[11.541s] Level 1:colcon.colcon_core.package_identification:_identify(src/examples/rclpy/actions) by extensions ['ros']
[11.541s] Level 1:colcon.colcon_core.package_identification:_identify(src/examples/rclpy/actions) by extension 'ros'
[11.541s] Level 1:colcon.colcon_core.package_identification:_identify(src/examples/rclpy/actions) by extensions ['cmake', 'python']
[11.541s] Level 1:colcon.colcon_core.package_identification:_identify(src/examples/rclpy/actions) by extension 'cmake'
[11.541s] Level 1:colcon.colcon_core.package_identification:_identify(src/examples/rclpy/actions) by extension 'python'
[11.542s] Level 1:colcon.colcon_core.package_identification:_identify(src/examples/rclpy/actions) by extensions ['python_setup_py']
[11.542s] Level 1:colcon.colcon_core.package_identification:_identify(src/examples/rclpy/actions) by extension 'python_setup_py'
[11.542s] Level 1:colcon.colcon_core.package_identification:_identify(src/examples/rclpy/actions/minimal_action_client) by extensions ['ignore', 'ignore_ament_install']
[11.542s] Level 1:colcon.colcon_core.package_identification:_identify(src/examples/rclpy/actions/minimal_action_client) by extension 'ignore'
[11.542s] Level 1:colcon.colcon_core.package_identification:_identify(src/examples/rclpy/actions/minimal_action_client) by extension 'ignore_ament_install'
[11.543s] Level 1:colcon.colcon_core.package_identification:_identify(src/examples/rclpy/actions/minimal_action_client) by extensions ['colcon_pkg']
[11.543s] Level 1:colcon.colcon_core.package_identification:_identify(src/examples/rclpy/actions/minimal_action_client) by extension 'colcon_pkg'
[11.543s] Level 1:colcon.colcon_core.package_identification:_identify(src/examples/rclpy/actions/minimal_action_client) by extensions ['colcon_meta']
[11.543s] Level 1:colcon.colcon_core.package_identification:_identify(src/examples/rclpy/actions/minimal_action_client) by extension 'colcon_meta'
[11.543s] Level 1:colcon.colcon_core.package_identification:_identify(src/examples/rclpy/actions/minimal_action_client) by extensions ['ros']
[11.543s] Level 1:colcon.colcon_core.package_identification:_identify(src/examples/rclpy/actions/minimal_action_client) by extension 'ros'
[11.546s] DEBUG:colcon.colcon_core.package_identification:Package 'src/examples/rclpy/actions/minimal_action_client' with type 'ros.ament_python' and name 'examples_rclpy_minimal_action_client'
[11.547s] Level 1:colcon.colcon_core.package_identification:_identify(src/examples/rclpy/actions/minimal_action_server) by extensions ['ignore', 'ignore_ament_install']
[11.547s] Level 1:colcon.colcon_core.package_identification:_identify(src/examples/rclpy/actions/minimal_action_server) by extension 'ignore'
[11.548s] Level 1:colcon.colcon_core.package_identification:_identify(src/examples/rclpy/actions/minimal_action_server) by extension 'ignore_ament_install'
[11.548s] Level 1:colcon.colcon_core.package_identification:_identify(src/examples/rclpy/actions/minimal_action_server) by extensions ['colcon_pkg']
[11.548s] Level 1:colcon.colcon_core.package_identification:_identify(src/examples/rclpy/actions/minimal_action_server) by extension 'colcon_pkg'
[11.548s] Level 1:colcon.colcon_core.package_identification:_identify(src/examples/rclpy/actions/minimal_action_server) by extensions ['colcon_meta']
[11.548s] Level 1:colcon.colcon_core.package_identification:_identify(src/examples/rclpy/actions/minimal_action_server) by extension 'colcon_meta'
[11.548s] Level 1:colcon.colcon_core.package_identification:_identify(src/examples/rclpy/actions/minimal_action_server) by extensions ['ros']
[11.548s] Level 1:colcon.colcon_core.package_identification:_identify(src/examples/rclpy/actions/minimal_action_server) by extension 'ros'
[11.551s] DEBUG:colcon.colcon_core.package_identification:Package 'src/examples/rclpy/actions/minimal_action_server' with type 'ros.ament_python' and name 'examples_rclpy_minimal_action_server'
[11.551s] Level 1:colcon.colcon_core.package_identification:_identify(src/examples/rclpy/executors) by extensions ['ignore', 'ignore_ament_install']
[11.551s] Level 1:colcon.colcon_core.package_identification:_identify(src/examples/rclpy/executors) by extension 'ignore'
[11.552s] Level 1:colcon.colcon_core.package_identification:_identify(src/examples/rclpy/executors) by extension 'ignore_ament_install'
[11.552s] Level 1:colcon.colcon_core.package_identification:_identify(src/examples/rclpy/executors) by extensions ['colcon_pkg']
[11.552s] Level 1:colcon.colcon_core.package_identification:_identify(src/examples/rclpy/executors) by extension 'colcon_pkg'
[11.552s] Level 1:colcon.colcon_core.package_identification:_identify(src/examples/rclpy/executors) by extensions ['colcon_meta']
[11.552s] Level 1:colcon.colcon_core.package_identification:_identify(src/examples/rclpy/executors) by extension 'colcon_meta'
[11.553s] Level 1:colcon.colcon_core.package_identification:_identify(src/examples/rclpy/executors) by extensions ['ros']
[11.553s] Level 1:colcon.colcon_core.package_identification:_identify(src/examples/rclpy/executors) by extension 'ros'
[11.569s] DEBUG:colcon.colcon_core.package_identification:Package 'src/examples/rclpy/executors' with type 'ros.ament_python' and name 'examples_rclpy_executors'
[11.570s] Level 1:colcon.colcon_core.package_identification:_identify(src/examples/rclpy/guard_conditions) by extensions ['ignore', 'ignore_ament_install']
[11.570s] Level 1:colcon.colcon_core.package_identification:_identify(src/examples/rclpy/guard_conditions) by extension 'ignore'
[11.570s] Level 1:colcon.colcon_core.package_identification:_identify(src/examples/rclpy/guard_conditions) by extension 'ignore_ament_install'
[11.570s] Level 1:colcon.colcon_core.package_identification:_identify(src/examples/rclpy/guard_conditions) by extensions ['colcon_pkg']
[11.570s] Level 1:colcon.colcon_core.package_identification:_identify(src/examples/rclpy/guard_conditions) by extension 'colcon_pkg'
[11.571s] Level 1:colcon.colcon_core.package_identification:_identify(src/examples/rclpy/guard_conditions) by extensions ['colcon_meta']
[11.571s] Level 1:colcon.colcon_core.package_identification:_identify(src/examples/rclpy/guard_conditions) by extension 'colcon_meta'
[11.571s] Level 1:colcon.colcon_core.package_identification:_identify(src/examples/rclpy/guard_conditions) by extensions ['ros']
[11.571s] Level 1:colcon.colcon_core.package_identification:_identify(src/examples/rclpy/guard_conditions) by extension 'ros'
[11.573s] DEBUG:colcon.colcon_core.package_identification:Package 'src/examples/rclpy/guard_conditions' with type 'ros.ament_python' and name 'examples_rclpy_guard_conditions'
[11.574s] Level 1:colcon.colcon_core.package_identification:_identify(src/examples/rclpy/services) by extensions ['ignore', 'ignore_ament_install']
[11.574s] Level 1:colcon.colcon_core.package_identification:_identify(src/examples/rclpy/services) by extension 'ignore'
[11.574s] Level 1:colcon.colcon_core.package_identification:_identify(src/examples/rclpy/services) by extension 'ignore_ament_install'
[11.574s] Level 1:colcon.colcon_core.package_identification:_identify(src/examples/rclpy/services) by extensions ['colcon_pkg']
[11.574s] Level 1:colcon.colcon_core.package_identification:_identify(src/examples/rclpy/services) by extension 'colcon_pkg'
[11.574s] Level 1:colcon.colcon_core.package_identification:_identify(src/examples/rclpy/services) by extensions ['colcon_meta']
[11.574s] Level 1:colcon.colcon_core.package_identification:_identify(src/examples/rclpy/services) by extension 'colcon_meta'
[11.575s] Level 1:colcon.colcon_core.package_identification:_identify(src/examples/rclpy/services) by extensions ['ros']
[11.575s] Level 1:colcon.colcon_core.package_identification:_identify(src/examples/rclpy/services) by extension 'ros'
[11.575s] Level 1:colcon.colcon_core.package_identification:_identify(src/examples/rclpy/services) by extensions ['cmake', 'python']
[11.575s] Level 1:colcon.colcon_core.package_identification:_identify(src/examples/rclpy/services) by extension 'cmake'
[11.576s] Level 1:colcon.colcon_core.package_identification:_identify(src/examples/rclpy/services) by extension 'python'
[11.576s] Level 1:colcon.colcon_core.package_identification:_identify(src/examples/rclpy/services) by extensions ['python_setup_py']
[11.576s] Level 1:colcon.colcon_core.package_identification:_identify(src/examples/rclpy/services) by extension 'python_setup_py'
[11.576s] Level 1:colcon.colcon_core.package_identification:_identify(src/examples/rclpy/services/minimal_client) by extensions ['ignore', 'ignore_ament_install']
[11.576s] Level 1:colcon.colcon_core.package_identification:_identify(src/examples/rclpy/services/minimal_client) by extension 'ignore'
[11.577s] Level 1:colcon.colcon_core.package_identification:_identify(src/examples/rclpy/services/minimal_client) by extension 'ignore_ament_install'
[11.577s] Level 1:colcon.colcon_core.package_identification:_identify(src/examples/rclpy/services/minimal_client) by extensions ['colcon_pkg']
[11.577s] Level 1:colcon.colcon_core.package_identification:_identify(src/examples/rclpy/services/minimal_client) by extension 'colcon_pkg'
[11.577s] Level 1:colcon.colcon_core.package_identification:_identify(src/examples/rclpy/services/minimal_client) by extensions ['colcon_meta']
[11.577s] Level 1:colcon.colcon_core.package_identification:_identify(src/examples/rclpy/services/minimal_client) by extension 'colcon_meta'
[11.577s] Level 1:colcon.colcon_core.package_identification:_identify(src/examples/rclpy/services/minimal_client) by extensions ['ros']
[11.577s] Level 1:colcon.colcon_core.package_identification:_identify(src/examples/rclpy/services/minimal_client) by extension 'ros'
[11.580s] DEBUG:colcon.colcon_core.package_identification:Package 'src/examples/rclpy/services/minimal_client' with type 'ros.ament_python' and name 'examples_rclpy_minimal_client'
[11.581s] Level 1:colcon.colcon_core.package_identification:_identify(src/examples/rclpy/services/minimal_service) by extensions ['ignore', 'ignore_ament_install']
[11.581s] Level 1:colcon.colcon_core.package_identification:_identify(src/examples/rclpy/services/minimal_service) by extension 'ignore'
[11.581s] Level 1:colcon.colcon_core.package_identification:_identify(src/examples/rclpy/services/minimal_service) by extension 'ignore_ament_install'
[11.581s] Level 1:colcon.colcon_core.package_identification:_identify(src/examples/rclpy/services/minimal_service) by extensions ['colcon_pkg']
[11.581s] Level 1:colcon.colcon_core.package_identification:_identify(src/examples/rclpy/services/minimal_service) by extension 'colcon_pkg'
[11.581s] Level 1:colcon.colcon_core.package_identification:_identify(src/examples/rclpy/services/minimal_service) by extensions ['colcon_meta']
[11.581s] Level 1:colcon.colcon_core.package_identification:_identify(src/examples/rclpy/services/minimal_service) by extension 'colcon_meta'
[11.582s] Level 1:colcon.colcon_core.package_identification:_identify(src/examples/rclpy/services/minimal_service) by extensions ['ros']
[11.582s] Level 1:colcon.colcon_core.package_identification:_identify(src/examples/rclpy/services/minimal_service) by extension 'ros'
[11.584s] DEBUG:colcon.colcon_core.package_identification:Package 'src/examples/rclpy/services/minimal_service' with type 'ros.ament_python' and name 'examples_rclpy_minimal_service'
[11.584s] Level 1:colcon.colcon_core.package_identification:_identify(src/examples/rclpy/topics) by extensions ['ignore', 'ignore_ament_install']
[11.585s] Level 1:colcon.colcon_core.package_identification:_identify(src/examples/rclpy/topics) by extension 'ignore'
[11.585s] Level 1:colcon.colcon_core.package_identification:_identify(src/examples/rclpy/topics) by extension 'ignore_ament_install'
[11.585s] Level 1:colcon.colcon_core.package_identification:_identify(src/examples/rclpy/topics) by extensions ['colcon_pkg']
[11.585s] Level 1:colcon.colcon_core.package_identification:_identify(src/examples/rclpy/topics) by extension 'colcon_pkg'
[11.585s] Level 1:colcon.colcon_core.package_identification:_identify(src/examples/rclpy/topics) by extensions ['colcon_meta']
[11.585s] Level 1:colcon.colcon_core.package_identification:_identify(src/examples/rclpy/topics) by extension 'colcon_meta'
[11.585s] Level 1:colcon.colcon_core.package_identification:_identify(src/examples/rclpy/topics) by extensions ['ros']
[11.585s] Level 1:colcon.colcon_core.package_identification:_identify(src/examples/rclpy/topics) by extension 'ros'
[11.586s] Level 1:colcon.colcon_core.package_identification:_identify(src/examples/rclpy/topics) by extensions ['cmake', 'python']
[11.586s] Level 1:colcon.colcon_core.package_identification:_identify(src/examples/rclpy/topics) by extension 'cmake'
[11.587s] Level 1:colcon.colcon_core.package_identification:_identify(src/examples/rclpy/topics) by extension 'python'
[11.587s] Level 1:colcon.colcon_core.package_identification:_identify(src/examples/rclpy/topics) by extensions ['python_setup_py']
[11.587s] Level 1:colcon.colcon_core.package_identification:_identify(src/examples/rclpy/topics) by extension 'python_setup_py'
[11.587s] Level 1:colcon.colcon_core.package_identification:_identify(src/examples/rclpy/topics/minimal_publisher) by extensions ['ignore', 'ignore_ament_install']
[11.588s] Level 1:colcon.colcon_core.package_identification:_identify(src/examples/rclpy/topics/minimal_publisher) by extension 'ignore'
[11.588s] Level 1:colcon.colcon_core.package_identification:_identify(src/examples/rclpy/topics/minimal_publisher) by extension 'ignore_ament_install'
[11.588s] Level 1:colcon.colcon_core.package_identification:_identify(src/examples/rclpy/topics/minimal_publisher) by extensions ['colcon_pkg']
[11.588s] Level 1:colcon.colcon_core.package_identification:_identify(src/examples/rclpy/topics/minimal_publisher) by extension 'colcon_pkg'
[11.588s] Level 1:colcon.colcon_core.package_identification:_identify(src/examples/rclpy/topics/minimal_publisher) by extensions ['colcon_meta']
[11.588s] Level 1:colcon.colcon_core.package_identification:_identify(src/examples/rclpy/topics/minimal_publisher) by extension 'colcon_meta'
[11.588s] Level 1:colcon.colcon_core.package_identification:_identify(src/examples/rclpy/topics/minimal_publisher) by extensions ['ros']
[11.589s] Level 1:colcon.colcon_core.package_identification:_identify(src/examples/rclpy/topics/minimal_publisher) by extension 'ros'
[11.591s] DEBUG:colcon.colcon_core.package_identification:Package 'src/examples/rclpy/topics/minimal_publisher' with type 'ros.ament_python' and name 'examples_rclpy_minimal_publisher'
[11.592s] Level 1:colcon.colcon_core.package_identification:_identify(src/examples/rclpy/topics/minimal_subscriber) by extensions ['ignore', 'ignore_ament_install']
[11.592s] Level 1:colcon.colcon_core.package_identification:_identify(src/examples/rclpy/topics/minimal_subscriber) by extension 'ignore'
[11.592s] Level 1:colcon.colcon_core.package_identification:_identify(src/examples/rclpy/topics/minimal_subscriber) by extension 'ignore_ament_install'
[11.592s] Level 1:colcon.colcon_core.package_identification:_identify(src/examples/rclpy/topics/minimal_subscriber) by extensions ['colcon_pkg']
[11.592s] Level 1:colcon.colcon_core.package_identification:_identify(src/examples/rclpy/topics/minimal_subscriber) by extension 'colcon_pkg'
[11.592s] Level 1:colcon.colcon_core.package_identification:_identify(src/examples/rclpy/topics/minimal_subscriber) by extensions ['colcon_meta']
[11.592s] Level 1:colcon.colcon_core.package_identification:_identify(src/examples/rclpy/topics/minimal_subscriber) by extension 'colcon_meta'
[11.592s] Level 1:colcon.colcon_core.package_identification:_identify(src/examples/rclpy/topics/minimal_subscriber) by extensions ['ros']
[11.593s] Level 1:colcon.colcon_core.package_identification:_identify(src/examples/rclpy/topics/minimal_subscriber) by extension 'ros'
[11.595s] DEBUG:colcon.colcon_core.package_identification:Package 'src/examples/rclpy/topics/minimal_subscriber' with type 'ros.ament_python' and name 'examples_rclpy_minimal_subscriber'
[11.596s] Level 1:colcon.colcon_core.package_identification:_identify(src/examples/rclpy/topics/pointcloud_publisher) by extensions ['ignore', 'ignore_ament_install']
[11.597s] Level 1:colcon.colcon_core.package_identification:_identify(src/examples/rclpy/topics/pointcloud_publisher) by extension 'ignore'
[11.597s] Level 1:colcon.colcon_core.package_identification:_identify(src/examples/rclpy/topics/pointcloud_publisher) by extension 'ignore_ament_install'
[11.597s] Level 1:colcon.colcon_core.package_identification:_identify(src/examples/rclpy/topics/pointcloud_publisher) by extensions ['colcon_pkg']
[11.597s] Level 1:colcon.colcon_core.package_identification:_identify(src/examples/rclpy/topics/pointcloud_publisher) by extension 'colcon_pkg'
[11.597s] Level 1:colcon.colcon_core.package_identification:_identify(src/examples/rclpy/topics/pointcloud_publisher) by extensions ['colcon_meta']
[11.597s] Level 1:colcon.colcon_core.package_identification:_identify(src/examples/rclpy/topics/pointcloud_publisher) by extension 'colcon_meta'
[11.597s] Level 1:colcon.colcon_core.package_identification:_identify(src/examples/rclpy/topics/pointcloud_publisher) by extensions ['ros']
[11.597s] Level 1:colcon.colcon_core.package_identification:_identify(src/examples/rclpy/topics/pointcloud_publisher) by extension 'ros'
[11.600s] DEBUG:colcon.colcon_core.package_identification:Package 'src/examples/rclpy/topics/pointcloud_publisher' with type 'ros.ament_python' and name 'examples_rclpy_pointcloud_publisher'
[11.600s] Level 1:colcon.colcon_core.package_identification:_identify(src/install) by extensions ['ignore', 'ignore_ament_install']
[11.601s] Level 1:colcon.colcon_core.package_identification:_identify(src/install) by extension 'ignore'
[11.601s] Level 1:colcon.colcon_core.package_identification:_identify(src/install) ignored
[11.602s] Level 1:colcon.colcon_core.package_identification:_identify(src/log) by extensions ['ignore', 'ignore_ament_install']
[11.602s] Level 1:colcon.colcon_core.package_identification:_identify(src/log) by extension 'ignore'
[11.602s] Level 1:colcon.colcon_core.package_identification:_identify(src/log) ignored
[11.602s] Level 1:colcon.colcon_core.package_identification:_identify(src/my_package) by extensions ['ignore', 'ignore_ament_install']
[11.602s] Level 1:colcon.colcon_core.package_identification:_identify(src/my_package) by extension 'ignore'
[11.603s] Level 1:colcon.colcon_core.package_identification:_identify(src/my_package) by extension 'ignore_ament_install'
[11.603s] Level 1:colcon.colcon_core.package_identification:_identify(src/my_package) by extensions ['colcon_pkg']
[11.603s] Level 1:colcon.colcon_core.package_identification:_identify(src/my_package) by extension 'colcon_pkg'
[11.603s] Level 1:colcon.colcon_core.package_identification:_identify(src/my_package) by extensions ['colcon_meta']
[11.603s] Level 1:colcon.colcon_core.package_identification:_identify(src/my_package) by extension 'colcon_meta'
[11.603s] Level 1:colcon.colcon_core.package_identification:_identify(src/my_package) by extensions ['ros']
[11.603s] Level 1:colcon.colcon_core.package_identification:_identify(src/my_package) by extension 'ros'
[11.617s] DEBUG:colcon.colcon_core.package_identification:Package 'src/my_package' with type 'ros.ament_cmake' and name 'my_package'
[11.617s] Level 1:colcon.colcon_core.package_identification:_identify(src/py_pubsub) by extensions ['ignore', 'ignore_ament_install']
[11.618s] Level 1:colcon.colcon_core.package_identification:_identify(src/py_pubsub) by extension 'ignore'
[11.618s] Level 1:colcon.colcon_core.package_identification:_identify(src/py_pubsub) by extension 'ignore_ament_install'
[11.618s] Level 1:colcon.colcon_core.package_identification:_identify(src/py_pubsub) by extensions ['colcon_pkg']
[11.618s] Level 1:colcon.colcon_core.package_identification:_identify(src/py_pubsub) by extension 'colcon_pkg'
[11.618s] Level 1:colcon.colcon_core.package_identification:_identify(src/py_pubsub) by extensions ['colcon_meta']
[11.618s] Level 1:colcon.colcon_core.package_identification:_identify(src/py_pubsub) by extension 'colcon_meta'
[11.618s] Level 1:colcon.colcon_core.package_identification:_identify(src/py_pubsub) by extensions ['ros']
[11.618s] Level 1:colcon.colcon_core.package_identification:_identify(src/py_pubsub) by extension 'ros'
[11.633s] DEBUG:colcon.colcon_core.package_identification:Package 'src/py_pubsub' with type 'ros.ament_python' and name 'py_pubsub'
[11.634s] Level 1:colcon.colcon_core.package_identification:_identify(src/ros_tutorials) by extensions ['ignore', 'ignore_ament_install']
[11.634s] Level 1:colcon.colcon_core.package_identification:_identify(src/ros_tutorials) by extension 'ignore'
[11.634s] Level 1:colcon.colcon_core.package_identification:_identify(src/ros_tutorials) by extension 'ignore_ament_install'
[11.635s] Level 1:colcon.colcon_core.package_identification:_identify(src/ros_tutorials) by extensions ['colcon_pkg']
[11.635s] Level 1:colcon.colcon_core.package_identification:_identify(src/ros_tutorials) by extension 'colcon_pkg'
[11.635s] Level 1:colcon.colcon_core.package_identification:_identify(src/ros_tutorials) by extensions ['colcon_meta']
[11.635s] Level 1:colcon.colcon_core.package_identification:_identify(src/ros_tutorials) by extension 'colcon_meta'
[11.635s] Level 1:colcon.colcon_core.package_identification:_identify(src/ros_tutorials) by extensions ['ros']
[11.635s] Level 1:colcon.colcon_core.package_identification:_identify(src/ros_tutorials) by extension 'ros'
[11.635s] Level 1:colcon.colcon_core.package_identification:_identify(src/ros_tutorials) by extensions ['cmake', 'python']
[11.635s] Level 1:colcon.colcon_core.package_identification:_identify(src/ros_tutorials) by extension 'cmake'
[11.636s] Level 1:colcon.colcon_core.package_identification:_identify(src/ros_tutorials) by extension 'python'
[11.636s] Level 1:colcon.colcon_core.package_identification:_identify(src/ros_tutorials) by extensions ['python_setup_py']
[11.636s] Level 1:colcon.colcon_core.package_identification:_identify(src/ros_tutorials) by extension 'python_setup_py'
[11.637s] Level 1:colcon.colcon_core.package_identification:_identify(src/ros_tutorials/ros_tutorials) by extensions ['ignore', 'ignore_ament_install']
[11.637s] Level 1:colcon.colcon_core.package_identification:_identify(src/ros_tutorials/ros_tutorials) by extension 'ignore'
[11.637s] Level 1:colcon.colcon_core.package_identification:_identify(src/ros_tutorials/ros_tutorials) ignored
[11.637s] Level 1:colcon.colcon_core.package_identification:_identify(src/ros_tutorials/roscpp_tutorials) by extensions ['ignore', 'ignore_ament_install']
[11.638s] Level 1:colcon.colcon_core.package_identification:_identify(src/ros_tutorials/roscpp_tutorials) by extension 'ignore'
[11.638s] Level 1:colcon.colcon_core.package_identification:_identify(src/ros_tutorials/roscpp_tutorials) ignored
[11.639s] Level 1:colcon.colcon_core.package_identification:_identify(src/ros_tutorials/rospy_tutorials) by extensions ['ignore', 'ignore_ament_install']
[11.639s] Level 1:colcon.colcon_core.package_identification:_identify(src/ros_tutorials/rospy_tutorials) by extension 'ignore'
[11.639s] Level 1:colcon.colcon_core.package_identification:_identify(src/ros_tutorials/rospy_tutorials) ignored
[11.639s] Level 1:colcon.colcon_core.package_identification:_identify(src/ros_tutorials/turtlesim) by extensions ['ignore', 'ignore_ament_install']
[11.640s] Level 1:colcon.colcon_core.package_identification:_identify(src/ros_tutorials/turtlesim) by extension 'ignore'
[11.640s] Level 1:colcon.colcon_core.package_identification:_identify(src/ros_tutorials/turtlesim) by extension 'ignore_ament_install'
[11.640s] Level 1:colcon.colcon_core.package_identification:_identify(src/ros_tutorials/turtlesim) by extensions ['colcon_pkg']
[11.640s] Level 1:colcon.colcon_core.package_identification:_identify(src/ros_tutorials/turtlesim) by extension 'colcon_pkg'
[11.640s] Level 1:colcon.colcon_core.package_identification:_identify(src/ros_tutorials/turtlesim) by extensions ['colcon_meta']
[11.640s] Level 1:colcon.colcon_core.package_identification:_identify(src/ros_tutorials/turtlesim) by extension 'colcon_meta'
[11.641s] Level 1:colcon.colcon_core.package_identification:_identify(src/ros_tutorials/turtlesim) by extensions ['ros']
[11.641s] Level 1:colcon.colcon_core.package_identification:_identify(src/ros_tutorials/turtlesim) by extension 'ros'
[11.665s] DEBUG:colcon.colcon_core.package_identification:Package 'src/ros_tutorials/turtlesim' with type 'ros.ament_cmake' and name 'turtlesim'
[11.666s] Level 1:colcon.colcon_core.package_identification:_identify(src/rosbag2_2025_07_21-14_34_13) by extensions ['ignore', 'ignore_ament_install']
[11.667s] Level 1:colcon.colcon_core.package_identification:_identify(src/rosbag2_2025_07_21-14_34_13) by extension 'ignore'
[11.667s] Level 1:colcon.colcon_core.package_identification:_identify(src/rosbag2_2025_07_21-14_34_13) by extension 'ignore_ament_install'
[11.668s] Level 1:colcon.colcon_core.package_identification:_identify(src/rosbag2_2025_07_21-14_34_13) by extensions ['colcon_pkg']
[11.668s] Level 1:colcon.colcon_core.package_identification:_identify(src/rosbag2_2025_07_21-14_34_13) by extension 'colcon_pkg'
[11.668s] Level 1:colcon.colcon_core.package_identification:_identify(src/rosbag2_2025_07_21-14_34_13) by extensions ['colcon_meta']
[11.668s] Level 1:colcon.colcon_core.package_identification:_identify(src/rosbag2_2025_07_21-14_34_13) by extension 'colcon_meta'
[11.668s] Level 1:colcon.colcon_core.package_identification:_identify(src/rosbag2_2025_07_21-14_34_13) by extensions ['ros']
[11.668s] Level 1:colcon.colcon_core.package_identification:_identify(src/rosbag2_2025_07_21-14_34_13) by extension 'ros'
[11.668s] Level 1:colcon.colcon_core.package_identification:_identify(src/rosbag2_2025_07_21-14_34_13) by extensions ['cmake', 'python']
[11.668s] Level 1:colcon.colcon_core.package_identification:_identify(src/rosbag2_2025_07_21-14_34_13) by extension 'cmake'
[11.669s] Level 1:colcon.colcon_core.package_identification:_identify(src/rosbag2_2025_07_21-14_34_13) by extension 'python'
[11.669s] Level 1:colcon.colcon_core.package_identification:_identify(src/rosbag2_2025_07_21-14_34_13) by extensions ['python_setup_py']
[11.669s] Level 1:colcon.colcon_core.package_identification:_identify(src/rosbag2_2025_07_21-14_34_13) by extension 'python_setup_py'
[11.669s] Level 1:colcon.colcon_core.package_discovery:discover_packages(recursive) using defaults
[11.669s] Level 1:colcon.colcon_core.package_discovery:discover_packages(ignore) discover
[11.669s] Level 1:colcon.colcon_core.package_discovery:discover_packages(ignore) using defaults
[11.670s] Level 1:colcon.colcon_core.package_discovery:discover_packages(path) discover
[11.670s] Level 1:colcon.colcon_core.package_discovery:discover_packages(path) using defaults
[11.928s] Level 1:colcon.colcon_core.package_discovery:discover_packages(prefix_path) check parameters
[11.931s] Level 1:colcon.colcon_core.package_discovery:discover_packages(prefix_path) discover
[11.979s] DEBUG:colcon.colcon_installed_package_information.package_discovery:Found 27 installed packages in /home/vboxuser/ros2_ws/install
[12.009s] DEBUG:colcon.colcon_installed_package_information.package_discovery:Found 358 installed packages in /home/vboxuser/ros2_iron/install
[12.023s] DEBUG:colcon.colcon_installed_package_information.package_discovery:Found 178 installed packages in /opt/ros/iron
[12.034s] Level 1:colcon.colcon_core.package_discovery:discover_packages(prefix_path) using defaults
[24.718s] Level 5:colcon.colcon_core.verb:set package 'bms_visualizer' build argument 'cmake_args' from command line to 'None'
[24.718s] Level 5:colcon.colcon_core.verb:set package 'bms_visualizer' build argument 'cmake_target' from command line to 'None'
[24.718s] Level 5:colcon.colcon_core.verb:set package 'bms_visualizer' build argument 'cmake_target_skip_unavailable' from command line to 'False'
[24.718s] Level 5:colcon.colcon_core.verb:set package 'bms_visualizer' build argument 'cmake_clean_cache' from command line to 'False'
[24.718s] Level 5:colcon.colcon_core.verb:set package 'bms_visualizer' build argument 'cmake_clean_first' from command line to 'False'
[24.719s] Level 5:colcon.colcon_core.verb:set package 'bms_visualizer' build argument 'cmake_force_configure' from command line to 'False'
[24.719s] Level 5:colcon.colcon_core.verb:set package 'bms_visualizer' build argument 'ament_cmake_args' from command line to 'None'
[24.719s] Level 5:colcon.colcon_core.verb:set package 'bms_visualizer' build argument 'catkin_cmake_args' from command line to 'None'
[24.719s] Level 5:colcon.colcon_core.verb:set package 'bms_visualizer' build argument 'catkin_skip_building_tests' from command line to 'False'
[24.719s] DEBUG:colcon.colcon_core.verb:Building package 'bms_visualizer' with the following arguments: {'ament_cmake_args': None, 'build_base': '/home/vboxuser/ros2_ws/build/bms_visualizer', 'catkin_cmake_args': None, 'catkin_skip_building_tests': False, 'cmake_args': None, 'cmake_clean_cache': False, 'cmake_clean_first': False, 'cmake_force_configure': False, 'cmake_target': None, 'cmake_target_skip_unavailable': False, 'install_base': '/home/vboxuser/ros2_ws/install/bms_visualizer', 'merge_install': False, 'path': '/home/vboxuser/ros2_ws/src/BMS_BQ769X2/src/bms_visualizer', 'symlink_install': False, 'test_result_base': None}
[24.720s] Level 5:colcon.colcon_core.verb:set package 'bq769x2_i2c_ros' build argument 'cmake_args' from command line to 'None'
[24.720s] Level 5:colcon.colcon_core.verb:set package 'bq769x2_i2c_ros' build argument 'cmake_target' from command line to 'None'
[24.720s] Level 5:colcon.colcon_core.verb:set package 'bq769x2_i2c_ros' build argument 'cmake_target_skip_unavailable' from command line to 'False'
[24.721s] Level 5:colcon.colcon_core.verb:set package 'bq769x2_i2c_ros' build argument 'cmake_clean_cache' from command line to 'False'
[24.721s] Level 5:colcon.colcon_core.verb:set package 'bq769x2_i2c_ros' build argument 'cmake_clean_first' from command line to 'False'
[24.721s] Level 5:colcon.colcon_core.verb:set package 'bq769x2_i2c_ros' build argument 'cmake_force_configure' from command line to 'False'
[24.721s] Level 5:colcon.colcon_core.verb:set package 'bq769x2_i2c_ros' build argument 'ament_cmake_args' from command line to 'None'
[24.721s] Level 5:colcon.colcon_core.verb:set package 'bq769x2_i2c_ros' build argument 'catkin_cmake_args' from command line to 'None'
[24.721s] Level 5:colcon.colcon_core.verb:set package 'bq769x2_i2c_ros' build argument 'catkin_skip_building_tests' from command line to 'False'
[24.721s] DEBUG:colcon.colcon_core.verb:Building package 'bq769x2_i2c_ros' with the following arguments: {'ament_cmake_args': None, 'build_base': '/home/vboxuser/ros2_ws/build/bq769x2_i2c_ros', 'catkin_cmake_args': None, 'catkin_skip_building_tests': False, 'cmake_args': None, 'cmake_clean_cache': False, 'cmake_clean_first': False, 'cmake_force_configure': False, 'cmake_target': None, 'cmake_target_skip_unavailable': False, 'install_base': '/home/vboxuser/ros2_ws/install/bq769x2_i2c_ros', 'merge_install': False, 'path': '/home/vboxuser/ros2_ws/src/BMS_BQ769X2/src/bq769x2_i2c_ros', 'symlink_install': False, 'test_result_base': None}
[24.722s] Level 5:colcon.colcon_core.verb:set package 'examples_rclcpp_async_client' build argument 'cmake_args' from command line to 'None'
[24.722s] Level 5:colcon.colcon_core.verb:set package 'examples_rclcpp_async_client' build argument 'cmake_target' from command line to 'None'
[24.722s] Level 5:colcon.colcon_core.verb:set package 'examples_rclcpp_async_client' build argument 'cmake_target_skip_unavailable' from command line to 'False'
[24.722s] Level 5:colcon.colcon_core.verb:set package 'examples_rclcpp_async_client' build argument 'cmake_clean_cache' from command line to 'False'
[24.722s] Level 5:colcon.colcon_core.verb:set package 'examples_rclcpp_async_client' build argument 'cmake_clean_first' from command line to 'False'
[24.722s] Level 5:colcon.colcon_core.verb:set package 'examples_rclcpp_async_client' build argument 'cmake_force_configure' from command line to 'False'
[24.722s] Level 5:colcon.colcon_core.verb:set package 'examples_rclcpp_async_client' build argument 'ament_cmake_args' from command line to 'None'
[24.723s] Level 5:colcon.colcon_core.verb:set package 'examples_rclcpp_async_client' build argument 'catkin_cmake_args' from command line to 'None'
[24.723s] Level 5:colcon.colcon_core.verb:set package 'examples_rclcpp_async_client' build argument 'catkin_skip_building_tests' from command line to 'False'
[24.723s] DEBUG:colcon.colcon_core.verb:Building package 'examples_rclcpp_async_client' with the following arguments: {'ament_cmake_args': None, 'build_base': '/home/vboxuser/ros2_ws/build/examples_rclcpp_async_client', 'catkin_cmake_args': None, 'catkin_skip_building_tests': False, 'cmake_args': None, 'cmake_clean_cache': False, 'cmake_clean_first': False, 'cmake_force_configure': False, 'cmake_target': None, 'cmake_target_skip_unavailable': False, 'install_base': '/home/vboxuser/ros2_ws/install/examples_rclcpp_async_client', 'merge_install': False, 'path': '/home/vboxuser/ros2_ws/src/examples/rclcpp/services/async_client', 'symlink_install': False, 'test_result_base': None}
[24.724s] Level 5:colcon.colcon_core.verb:set package 'examples_rclcpp_cbg_executor' build argument 'cmake_args' from command line to 'None'
[24.724s] Level 5:colcon.colcon_core.verb:set package 'examples_rclcpp_cbg_executor' build argument 'cmake_target' from command line to 'None'
[24.724s] Level 5:colcon.colcon_core.verb:set package 'examples_rclcpp_cbg_executor' build argument 'cmake_target_skip_unavailable' from command line to 'False'
[24.724s] Level 5:colcon.colcon_core.verb:set package 'examples_rclcpp_cbg_executor' build argument 'cmake_clean_cache' from command line to 'False'
[24.724s] Level 5:colcon.colcon_core.verb:set package 'examples_rclcpp_cbg_executor' build argument 'cmake_clean_first' from command line to 'False'
[24.724s] Level 5:colcon.colcon_core.verb:set package 'examples_rclcpp_cbg_executor' build argument 'cmake_force_configure' from command line to 'False'
[24.725s] Level 5:colcon.colcon_core.verb:set package 'examples_rclcpp_cbg_executor' build argument 'ament_cmake_args' from command line to 'None'
[24.725s] Level 5:colcon.colcon_core.verb:set package 'examples_rclcpp_cbg_executor' build argument 'catkin_cmake_args' from command line to 'None'
[24.725s] Level 5:colcon.colcon_core.verb:set package 'examples_rclcpp_cbg_executor' build argument 'catkin_skip_building_tests' from command line to 'False'
[24.725s] DEBUG:colcon.colcon_core.verb:Building package 'examples_rclcpp_cbg_executor' with the following arguments: {'ament_cmake_args': None, 'build_base': '/home/vboxuser/ros2_ws/build/examples_rclcpp_cbg_executor', 'catkin_cmake_args': None, 'catkin_skip_building_tests': False, 'cmake_args': None, 'cmake_clean_cache': False, 'cmake_clean_first': False, 'cmake_force_configure': False, 'cmake_target': None, 'cmake_target_skip_unavailable': False, 'install_base': '/home/vboxuser/ros2_ws/install/examples_rclcpp_cbg_executor', 'merge_install': False, 'path': '/home/vboxuser/ros2_ws/src/examples/rclcpp/executors/cbg_executor', 'symlink_install': False, 'test_result_base': None}
[24.726s] Level 5:colcon.colcon_core.verb:set package 'examples_rclcpp_minimal_action_client' build argument 'cmake_args' from command line to 'None'
[24.726s] Level 5:colcon.colcon_core.verb:set package 'examples_rclcpp_minimal_action_client' build argument 'cmake_target' from command line to 'None'
[24.726s] Level 5:colcon.colcon_core.verb:set package 'examples_rclcpp_minimal_action_client' build argument 'cmake_target_skip_unavailable' from command line to 'False'
[24.726s] Level 5:colcon.colcon_core.verb:set package 'examples_rclcpp_minimal_action_client' build argument 'cmake_clean_cache' from command line to 'False'
[24.727s] Level 5:colcon.colcon_core.verb:set package 'examples_rclcpp_minimal_action_client' build argument 'cmake_clean_first' from command line to 'False'
[24.727s] Level 5:colcon.colcon_core.verb:set package 'examples_rclcpp_minimal_action_client' build argument 'cmake_force_configure' from command line to 'False'
[24.727s] Level 5:colcon.colcon_core.verb:set package 'examples_rclcpp_minimal_action_client' build argument 'ament_cmake_args' from command line to 'None'
[24.727s] Level 5:colcon.colcon_core.verb:set package 'examples_rclcpp_minimal_action_client' build argument 'catkin_cmake_args' from command line to 'None'
[24.727s] Level 5:colcon.colcon_core.verb:set package 'examples_rclcpp_minimal_action_client' build argument 'catkin_skip_building_tests' from command line to 'False'
[24.727s] DEBUG:colcon.colcon_core.verb:Building package 'examples_rclcpp_minimal_action_client' with the following arguments: {'ament_cmake_args': None, 'build_base': '/home/vboxuser/ros2_ws/build/examples_rclcpp_minimal_action_client', 'catkin_cmake_args': None, 'catkin_skip_building_tests': False, 'cmake_args': None, 'cmake_clean_cache': False, 'cmake_clean_first': False, 'cmake_force_configure': False, 'cmake_target': None, 'cmake_target_skip_unavailable': False, 'install_base': '/home/vboxuser/ros2_ws/install/examples_rclcpp_minimal_action_client', 'merge_install': False, 'path': '/home/vboxuser/ros2_ws/src/examples/rclcpp/actions/minimal_action_client', 'symlink_install': False, 'test_result_base': None}
[24.727s] Level 5:colcon.colcon_core.verb:set package 'examples_rclcpp_minimal_action_server' build argument 'cmake_args' from command line to 'None'
[24.728s] Level 5:colcon.colcon_core.verb:set package 'examples_rclcpp_minimal_action_server' build argument 'cmake_target' from command line to 'None'
[24.728s] Level 5:colcon.colcon_core.verb:set package 'examples_rclcpp_minimal_action_server' build argument 'cmake_target_skip_unavailable' from command line to 'False'
[24.728s] Level 5:colcon.colcon_core.verb:set package 'examples_rclcpp_minimal_action_server' build argument 'cmake_clean_cache' from command line to 'False'
[24.728s] Level 5:colcon.colcon_core.verb:set package 'examples_rclcpp_minimal_action_server' build argument 'cmake_clean_first' from command line to 'False'
[24.728s] Level 5:colcon.colcon_core.verb:set package 'examples_rclcpp_minimal_action_server' build argument 'cmake_force_configure' from command line to 'False'
[24.728s] Level 5:colcon.colcon_core.verb:set package 'examples_rclcpp_minimal_action_server' build argument 'ament_cmake_args' from command line to 'None'
[24.729s] Level 5:colcon.colcon_core.verb:set package 'examples_rclcpp_minimal_action_server' build argument 'catkin_cmake_args' from command line to 'None'
[24.729s] Level 5:colcon.colcon_core.verb:set package 'examples_rclcpp_minimal_action_server' build argument 'catkin_skip_building_tests' from command line to 'False'
[24.729s] DEBUG:colcon.colcon_core.verb:Building package 'examples_rclcpp_minimal_action_server' with the following arguments: {'ament_cmake_args': None, 'build_base': '/home/vboxuser/ros2_ws/build/examples_rclcpp_minimal_action_server', 'catkin_cmake_args': None, 'catkin_skip_building_tests': False, 'cmake_args': None, 'cmake_clean_cache': False, 'cmake_clean_first': False, 'cmake_force_configure': False, 'cmake_target': None, 'cmake_target_skip_unavailable': False, 'install_base': '/home/vboxuser/ros2_ws/install/examples_rclcpp_minimal_action_server', 'merge_install': False, 'path': '/home/vboxuser/ros2_ws/src/examples/rclcpp/actions/minimal_action_server', 'symlink_install': False, 'test_result_base': None}
[24.729s] Level 5:colcon.colcon_core.verb:set package 'examples_rclcpp_minimal_client' build argument 'cmake_args' from command line to 'None'
[24.729s] Level 5:colcon.colcon_core.verb:set package 'examples_rclcpp_minimal_client' build argument 'cmake_target' from command line to 'None'
[24.729s] Level 5:colcon.colcon_core.verb:set package 'examples_rclcpp_minimal_client' build argument 'cmake_target_skip_unavailable' from command line to 'False'
[24.729s] Level 5:colcon.colcon_core.verb:set package 'examples_rclcpp_minimal_client' build argument 'cmake_clean_cache' from command line to 'False'
[24.730s] Level 5:colcon.colcon_core.verb:set package 'examples_rclcpp_minimal_client' build argument 'cmake_clean_first' from command line to 'False'
[24.730s] Level 5:colcon.colcon_core.verb:set package 'examples_rclcpp_minimal_client' build argument 'cmake_force_configure' from command line to 'False'
[24.730s] Level 5:colcon.colcon_core.verb:set package 'examples_rclcpp_minimal_client' build argument 'ament_cmake_args' from command line to 'None'
[24.730s] Level 5:colcon.colcon_core.verb:set package 'examples_rclcpp_minimal_client' build argument 'catkin_cmake_args' from command line to 'None'
[24.730s] Level 5:colcon.colcon_core.verb:set package 'examples_rclcpp_minimal_client' build argument 'catkin_skip_building_tests' from command line to 'False'
[24.730s] DEBUG:colcon.colcon_core.verb:Building package 'examples_rclcpp_minimal_client' with the following arguments: {'ament_cmake_args': None, 'build_base': '/home/vboxuser/ros2_ws/build/examples_rclcpp_minimal_client', 'catkin_cmake_args': None, 'catkin_skip_building_tests': False, 'cmake_args': None, 'cmake_clean_cache': False, 'cmake_clean_first': False, 'cmake_force_configure': False, 'cmake_target': None, 'cmake_target_skip_unavailable': False, 'install_base': '/home/vboxuser/ros2_ws/install/examples_rclcpp_minimal_client', 'merge_install': False, 'path': '/home/vboxuser/ros2_ws/src/examples/rclcpp/services/minimal_client', 'symlink_install': False, 'test_result_base': None}
[24.730s] Level 5:colcon.colcon_core.verb:set package 'examples_rclcpp_minimal_composition' build argument 'cmake_args' from command line to 'None'
[24.730s] Level 5:colcon.colcon_core.verb:set package 'examples_rclcpp_minimal_composition' build argument 'cmake_target' from command line to 'None'
[24.730s] Level 5:colcon.colcon_core.verb:set package 'examples_rclcpp_minimal_composition' build argument 'cmake_target_skip_unavailable' from command line to 'False'
[24.730s] Level 5:colcon.colcon_core.verb:set package 'examples_rclcpp_minimal_composition' build argument 'cmake_clean_cache' from command line to 'False'
[24.730s] Level 5:colcon.colcon_core.verb:set package 'examples_rclcpp_minimal_composition' build argument 'cmake_clean_first' from command line to 'False'
[24.730s] Level 5:colcon.colcon_core.verb:set package 'examples_rclcpp_minimal_composition' build argument 'cmake_force_configure' from command line to 'False'
[24.731s] Level 5:colcon.colcon_core.verb:set package 'examples_rclcpp_minimal_composition' build argument 'ament_cmake_args' from command line to 'None'
[24.731s] Level 5:colcon.colcon_core.verb:set package 'examples_rclcpp_minimal_composition' build argument 'catkin_cmake_args' from command line to 'None'
[24.731s] Level 5:colcon.colcon_core.verb:set package 'examples_rclcpp_minimal_composition' build argument 'catkin_skip_building_tests' from command line to 'False'
[24.731s] DEBUG:colcon.colcon_core.verb:Building package 'examples_rclcpp_minimal_composition' with the following arguments: {'ament_cmake_args': None, 'build_base': '/home/vboxuser/ros2_ws/build/examples_rclcpp_minimal_composition', 'catkin_cmake_args': None, 'catkin_skip_building_tests': False, 'cmake_args': None, 'cmake_clean_cache': False, 'cmake_clean_first': False, 'cmake_force_configure': False, 'cmake_target': None, 'cmake_target_skip_unavailable': False, 'install_base': '/home/vboxuser/ros2_ws/install/examples_rclcpp_minimal_composition', 'merge_install': False, 'path': '/home/vboxuser/ros2_ws/src/examples/rclcpp/composition/minimal_composition', 'symlink_install': False, 'test_result_base': None}
[24.731s] Level 5:colcon.colcon_core.verb:set package 'examples_rclcpp_minimal_publisher' build argument 'cmake_args' from command line to 'None'
[24.731s] Level 5:colcon.colcon_core.verb:set package 'examples_rclcpp_minimal_publisher' build argument 'cmake_target' from command line to 'None'
[24.731s] Level 5:colcon.colcon_core.verb:set package 'examples_rclcpp_minimal_publisher' build argument 'cmake_target_skip_unavailable' from command line to 'False'
[24.731s] Level 5:colcon.colcon_core.verb:set package 'examples_rclcpp_minimal_publisher' build argument 'cmake_clean_cache' from command line to 'False'
[24.732s] Level 5:colcon.colcon_core.verb:set package 'examples_rclcpp_minimal_publisher' build argument 'cmake_clean_first' from command line to 'False'
[24.732s] Level 5:colcon.colcon_core.verb:set package 'examples_rclcpp_minimal_publisher' build argument 'cmake_force_configure' from command line to 'False'
[24.732s] Level 5:colcon.colcon_core.verb:set package 'examples_rclcpp_minimal_publisher' build argument 'ament_cmake_args' from command line to 'None'
[24.732s] Level 5:colcon.colcon_core.verb:set package 'examples_rclcpp_minimal_publisher' build argument 'catkin_cmake_args' from command line to 'None'
[24.732s] Level 5:colcon.colcon_core.verb:set package 'examples_rclcpp_minimal_publisher' build argument 'catkin_skip_building_tests' from command line to 'False'
[24.732s] DEBUG:colcon.colcon_core.verb:Building package 'examples_rclcpp_minimal_publisher' with the following arguments: {'ament_cmake_args': None, 'build_base': '/home/vboxuser/ros2_ws/build/examples_rclcpp_minimal_publisher', 'catkin_cmake_args': None, 'catkin_skip_building_tests': False, 'cmake_args': None, 'cmake_clean_cache': False, 'cmake_clean_first': False, 'cmake_force_configure': False, 'cmake_target': None, 'cmake_target_skip_unavailable': False, 'install_base': '/home/vboxuser/ros2_ws/install/examples_rclcpp_minimal_publisher', 'merge_install': False, 'path': '/home/vboxuser/ros2_ws/src/examples/rclcpp/topics/minimal_publisher', 'symlink_install': False, 'test_result_base': None}
[24.732s] Level 5:colcon.colcon_core.verb:set package 'examples_rclcpp_minimal_service' build argument 'cmake_args' from command line to 'None'
[24.732s] Level 5:colcon.colcon_core.verb:set package 'examples_rclcpp_minimal_service' build argument 'cmake_target' from command line to 'None'
[24.732s] Level 5:colcon.colcon_core.verb:set package 'examples_rclcpp_minimal_service' build argument 'cmake_target_skip_unavailable' from command line to 'False'
[24.732s] Level 5:colcon.colcon_core.verb:set package 'examples_rclcpp_minimal_service' build argument 'cmake_clean_cache' from command line to 'False'
[24.733s] Level 5:colcon.colcon_core.verb:set package 'examples_rclcpp_minimal_service' build argument 'cmake_clean_first' from command line to 'False'
[24.733s] Level 5:colcon.colcon_core.verb:set package 'examples_rclcpp_minimal_service' build argument 'cmake_force_configure' from command line to 'False'
[24.733s] Level 5:colcon.colcon_core.verb:set package 'examples_rclcpp_minimal_service' build argument 'ament_cmake_args' from command line to 'None'
[24.733s] Level 5:colcon.colcon_core.verb:set package 'examples_rclcpp_minimal_service' build argument 'catkin_cmake_args' from command line to 'None'
[24.733s] Level 5:colcon.colcon_core.verb:set package 'examples_rclcpp_minimal_service' build argument 'catkin_skip_building_tests' from command line to 'False'
[24.733s] DEBUG:colcon.colcon_core.verb:Building package 'examples_rclcpp_minimal_service' with the following arguments: {'ament_cmake_args': None, 'build_base': '/home/vboxuser/ros2_ws/build/examples_rclcpp_minimal_service', 'catkin_cmake_args': None, 'catkin_skip_building_tests': False, 'cmake_args': None, 'cmake_clean_cache': False, 'cmake_clean_first': False, 'cmake_force_configure': False, 'cmake_target': None, 'cmake_target_skip_unavailable': False, 'install_base': '/home/vboxuser/ros2_ws/install/examples_rclcpp_minimal_service', 'merge_install': False, 'path': '/home/vboxuser/ros2_ws/src/examples/rclcpp/services/minimal_service', 'symlink_install': False, 'test_result_base': None}
[24.733s] Level 5:colcon.colcon_core.verb:set package 'examples_rclcpp_minimal_subscriber' build argument 'cmake_args' from command line to 'None'
[24.733s] Level 5:colcon.colcon_core.verb:set package 'examples_rclcpp_minimal_subscriber' build argument 'cmake_target' from command line to 'None'
[24.733s] Level 5:colcon.colcon_core.verb:set package 'examples_rclcpp_minimal_subscriber' build argument 'cmake_target_skip_unavailable' from command line to 'False'
[24.733s] Level 5:colcon.colcon_core.verb:set package 'examples_rclcpp_minimal_subscriber' build argument 'cmake_clean_cache' from command line to 'False'
[24.733s] Level 5:colcon.colcon_core.verb:set package 'examples_rclcpp_minimal_subscriber' build argument 'cmake_clean_first' from command line to 'False'
[24.733s] Level 5:colcon.colcon_core.verb:set package 'examples_rclcpp_minimal_subscriber' build argument 'cmake_force_configure' from command line to 'False'
[24.733s] Level 5:colcon.colcon_core.verb:set package 'examples_rclcpp_minimal_subscriber' build argument 'ament_cmake_args' from command line to 'None'
[24.733s] Level 5:colcon.colcon_core.verb:set package 'examples_rclcpp_minimal_subscriber' build argument 'catkin_cmake_args' from command line to 'None'
[24.733s] Level 5:colcon.colcon_core.verb:set package 'examples_rclcpp_minimal_subscriber' build argument 'catkin_skip_building_tests' from command line to 'False'
[24.733s] DEBUG:colcon.colcon_core.verb:Building package 'examples_rclcpp_minimal_subscriber' with the following arguments: {'ament_cmake_args': None, 'build_base': '/home/vboxuser/ros2_ws/build/examples_rclcpp_minimal_subscriber', 'catkin_cmake_args': None, 'catkin_skip_building_tests': False, 'cmake_args': None, 'cmake_clean_cache': False, 'cmake_clean_first': False, 'cmake_force_configure': False, 'cmake_target': None, 'cmake_target_skip_unavailable': False, 'install_base': '/home/vboxuser/ros2_ws/install/examples_rclcpp_minimal_subscriber', 'merge_install': False, 'path': '/home/vboxuser/ros2_ws/src/examples/rclcpp/topics/minimal_subscriber', 'symlink_install': False, 'test_result_base': None}
[24.734s] Level 5:colcon.colcon_core.verb:set package 'examples_rclcpp_minimal_timer' build argument 'cmake_args' from command line to 'None'
[24.734s] Level 5:colcon.colcon_core.verb:set package 'examples_rclcpp_minimal_timer' build argument 'cmake_target' from command line to 'None'
[24.734s] Level 5:colcon.colcon_core.verb:set package 'examples_rclcpp_minimal_timer' build argument 'cmake_target_skip_unavailable' from command line to 'False'
[24.734s] Level 5:colcon.colcon_core.verb:set package 'examples_rclcpp_minimal_timer' build argument 'cmake_clean_cache' from command line to 'False'
[24.734s] Level 5:colcon.colcon_core.verb:set package 'examples_rclcpp_minimal_timer' build argument 'cmake_clean_first' from command line to 'False'
[24.734s] Level 5:colcon.colcon_core.verb:set package 'examples_rclcpp_minimal_timer' build argument 'cmake_force_configure' from command line to 'False'
[24.734s] Level 5:colcon.colcon_core.verb:set package 'examples_rclcpp_minimal_timer' build argument 'ament_cmake_args' from command line to 'None'
[24.734s] Level 5:colcon.colcon_core.verb:set package 'examples_rclcpp_minimal_timer' build argument 'catkin_cmake_args' from command line to 'None'
[24.734s] Level 5:colcon.colcon_core.verb:set package 'examples_rclcpp_minimal_timer' build argument 'catkin_skip_building_tests' from command line to 'False'
[24.734s] DEBUG:colcon.colcon_core.verb:Building package 'examples_rclcpp_minimal_timer' with the following arguments: {'ament_cmake_args': None, 'build_base': '/home/vboxuser/ros2_ws/build/examples_rclcpp_minimal_timer', 'catkin_cmake_args': None, 'catkin_skip_building_tests': False, 'cmake_args': None, 'cmake_clean_cache': False, 'cmake_clean_first': False, 'cmake_force_configure': False, 'cmake_target': None, 'cmake_target_skip_unavailable': False, 'install_base': '/home/vboxuser/ros2_ws/install/examples_rclcpp_minimal_timer', 'merge_install': False, 'path': '/home/vboxuser/ros2_ws/src/examples/rclcpp/timers/minimal_timer', 'symlink_install': False, 'test_result_base': None}
[24.735s] Level 5:colcon.colcon_core.verb:set package 'examples_rclcpp_multithreaded_executor' build argument 'cmake_args' from command line to 'None'
[24.735s] Level 5:colcon.colcon_core.verb:set package 'examples_rclcpp_multithreaded_executor' build argument 'cmake_target' from command line to 'None'
[24.735s] Level 5:colcon.colcon_core.verb:set package 'examples_rclcpp_multithreaded_executor' build argument 'cmake_target_skip_unavailable' from command line to 'False'
[24.735s] Level 5:colcon.colcon_core.verb:set package 'examples_rclcpp_multithreaded_executor' build argument 'cmake_clean_cache' from command line to 'False'
[24.735s] Level 5:colcon.colcon_core.verb:set package 'examples_rclcpp_multithreaded_executor' build argument 'cmake_clean_first' from command line to 'False'
[24.735s] Level 5:colcon.colcon_core.verb:set package 'examples_rclcpp_multithreaded_executor' build argument 'cmake_force_configure' from command line to 'False'
[24.735s] Level 5:colcon.colcon_core.verb:set package 'examples_rclcpp_multithreaded_executor' build argument 'ament_cmake_args' from command line to 'None'
[24.735s] Level 5:colcon.colcon_core.verb:set package 'examples_rclcpp_multithreaded_executor' build argument 'catkin_cmake_args' from command line to 'None'
[24.735s] Level 5:colcon.colcon_core.verb:set package 'examples_rclcpp_multithreaded_executor' build argument 'catkin_skip_building_tests' from command line to 'False'
[24.735s] DEBUG:colcon.colcon_core.verb:Building package 'examples_rclcpp_multithreaded_executor' with the following arguments: {'ament_cmake_args': None, 'build_base': '/home/vboxuser/ros2_ws/build/examples_rclcpp_multithreaded_executor', 'catkin_cmake_args': None, 'catkin_skip_building_tests': False, 'cmake_args': None, 'cmake_clean_cache': False, 'cmake_clean_first': False, 'cmake_force_configure': False, 'cmake_target': None, 'cmake_target_skip_unavailable': False, 'install_base': '/home/vboxuser/ros2_ws/install/examples_rclcpp_multithreaded_executor', 'merge_install': False, 'path': '/home/vboxuser/ros2_ws/src/examples/rclcpp/executors/multithreaded_executor', 'symlink_install': False, 'test_result_base': None}
[24.735s] Level 5:colcon.colcon_core.verb:set package 'examples_rclcpp_wait_set' build argument 'cmake_args' from command line to 'None'
[24.736s] Level 5:colcon.colcon_core.verb:set package 'examples_rclcpp_wait_set' build argument 'cmake_target' from command line to 'None'
[24.736s] Level 5:colcon.colcon_core.verb:set package 'examples_rclcpp_wait_set' build argument 'cmake_target_skip_unavailable' from command line to 'False'
[24.736s] Level 5:colcon.colcon_core.verb:set package 'examples_rclcpp_wait_set' build argument 'cmake_clean_cache' from command line to 'False'
[24.736s] Level 5:colcon.colcon_core.verb:set package 'examples_rclcpp_wait_set' build argument 'cmake_clean_first' from command line to 'False'
[24.736s] Level 5:colcon.colcon_core.verb:set package 'examples_rclcpp_wait_set' build argument 'cmake_force_configure' from command line to 'False'
[24.736s] Level 5:colcon.colcon_core.verb:set package 'examples_rclcpp_wait_set' build argument 'ament_cmake_args' from command line to 'None'
[24.736s] Level 5:colcon.colcon_core.verb:set package 'examples_rclcpp_wait_set' build argument 'catkin_cmake_args' from command line to 'None'
[24.736s] Level 5:colcon.colcon_core.verb:set package 'examples_rclcpp_wait_set' build argument 'catkin_skip_building_tests' from command line to 'False'
[24.736s] DEBUG:colcon.colcon_core.verb:Building package 'examples_rclcpp_wait_set' with the following arguments: {'ament_cmake_args': None, 'build_base': '/home/vboxuser/ros2_ws/build/examples_rclcpp_wait_set', 'catkin_cmake_args': None, 'catkin_skip_building_tests': False, 'cmake_args': None, 'cmake_clean_cache': False, 'cmake_clean_first': False, 'cmake_force_configure': False, 'cmake_target': None, 'cmake_target_skip_unavailable': False, 'install_base': '/home/vboxuser/ros2_ws/install/examples_rclcpp_wait_set', 'merge_install': False, 'path': '/home/vboxuser/ros2_ws/src/examples/rclcpp/wait_set', 'symlink_install': False, 'test_result_base': None}
[24.736s] Level 5:colcon.colcon_core.verb:set package 'examples_rclpy_executors' build argument 'cmake_args' from command line to 'None'
[24.737s] Level 5:colcon.colcon_core.verb:set package 'examples_rclpy_executors' build argument 'cmake_target' from command line to 'None'
[24.737s] Level 5:colcon.colcon_core.verb:set package 'examples_rclpy_executors' build argument 'cmake_target_skip_unavailable' from command line to 'False'
[24.737s] Level 5:colcon.colcon_core.verb:set package 'examples_rclpy_executors' build argument 'cmake_clean_cache' from command line to 'False'
[24.737s] Level 5:colcon.colcon_core.verb:set package 'examples_rclpy_executors' build argument 'cmake_clean_first' from command line to 'False'
[24.737s] Level 5:colcon.colcon_core.verb:set package 'examples_rclpy_executors' build argument 'cmake_force_configure' from command line to 'False'
[24.737s] Level 5:colcon.colcon_core.verb:set package 'examples_rclpy_executors' build argument 'ament_cmake_args' from command line to 'None'
[24.737s] Level 5:colcon.colcon_core.verb:set package 'examples_rclpy_executors' build argument 'catkin_cmake_args' from command line to 'None'
[24.737s] Level 5:colcon.colcon_core.verb:set package 'examples_rclpy_executors' build argument 'catkin_skip_building_tests' from command line to 'False'
[24.737s] DEBUG:colcon.colcon_core.verb:Building package 'examples_rclpy_executors' with the following arguments: {'ament_cmake_args': None, 'build_base': '/home/vboxuser/ros2_ws/build/examples_rclpy_executors', 'catkin_cmake_args': None, 'catkin_skip_building_tests': False, 'cmake_args': None, 'cmake_clean_cache': False, 'cmake_clean_first': False, 'cmake_force_configure': False, 'cmake_target': None, 'cmake_target_skip_unavailable': False, 'install_base': '/home/vboxuser/ros2_ws/install/examples_rclpy_executors', 'merge_install': False, 'path': '/home/vboxuser/ros2_ws/src/examples/rclpy/executors', 'symlink_install': False, 'test_result_base': None}
[24.737s] Level 5:colcon.colcon_core.verb:set package 'examples_rclpy_guard_conditions' build argument 'cmake_args' from command line to 'None'
[24.737s] Level 5:colcon.colcon_core.verb:set package 'examples_rclpy_guard_conditions' build argument 'cmake_target' from command line to 'None'
[24.737s] Level 5:colcon.colcon_core.verb:set package 'examples_rclpy_guard_conditions' build argument 'cmake_target_skip_unavailable' from command line to 'False'
[24.738s] Level 5:colcon.colcon_core.verb:set package 'examples_rclpy_guard_conditions' build argument 'cmake_clean_cache' from command line to 'False'
[24.738s] Level 5:colcon.colcon_core.verb:set package 'examples_rclpy_guard_conditions' build argument 'cmake_clean_first' from command line to 'False'
[24.738s] Level 5:colcon.colcon_core.verb:set package 'examples_rclpy_guard_conditions' build argument 'cmake_force_configure' from command line to 'False'
[24.738s] Level 5:colcon.colcon_core.verb:set package 'examples_rclpy_guard_conditions' build argument 'ament_cmake_args' from command line to 'None'
[24.738s] Level 5:colcon.colcon_core.verb:set package 'examples_rclpy_guard_conditions' build argument 'catkin_cmake_args' from command line to 'None'
[24.738s] Level 5:colcon.colcon_core.verb:set package 'examples_rclpy_guard_conditions' build argument 'catkin_skip_building_tests' from command line to 'False'
[24.738s] DEBUG:colcon.colcon_core.verb:Building package 'examples_rclpy_guard_conditions' with the following arguments: {'ament_cmake_args': None, 'build_base': '/home/vboxuser/ros2_ws/build/examples_rclpy_guard_conditions', 'catkin_cmake_args': None, 'catkin_skip_building_tests': False, 'cmake_args': None, 'cmake_clean_cache': False, 'cmake_clean_first': False, 'cmake_force_configure': False, 'cmake_target': None, 'cmake_target_skip_unavailable': False, 'install_base': '/home/vboxuser/ros2_ws/install/examples_rclpy_guard_conditions', 'merge_install': False, 'path': '/home/vboxuser/ros2_ws/src/examples/rclpy/guard_conditions', 'symlink_install': False, 'test_result_base': None}
[24.738s] Level 5:colcon.colcon_core.verb:set package 'examples_rclpy_minimal_action_client' build argument 'cmake_args' from command line to 'None'
[24.738s] Level 5:colcon.colcon_core.verb:set package 'examples_rclpy_minimal_action_client' build argument 'cmake_target' from command line to 'None'
[24.738s] Level 5:colcon.colcon_core.verb:set package 'examples_rclpy_minimal_action_client' build argument 'cmake_target_skip_unavailable' from command line to 'False'
[24.739s] Level 5:colcon.colcon_core.verb:set package 'examples_rclpy_minimal_action_client' build argument 'cmake_clean_cache' from command line to 'False'
[24.739s] Level 5:colcon.colcon_core.verb:set package 'examples_rclpy_minimal_action_client' build argument 'cmake_clean_first' from command line to 'False'
[24.739s] Level 5:colcon.colcon_core.verb:set package 'examples_rclpy_minimal_action_client' build argument 'cmake_force_configure' from command line to 'False'
[24.739s] Level 5:colcon.colcon_core.verb:set package 'examples_rclpy_minimal_action_client' build argument 'ament_cmake_args' from command line to 'None'
[24.739s] Level 5:colcon.colcon_core.verb:set package 'examples_rclpy_minimal_action_client' build argument 'catkin_cmake_args' from command line to 'None'
[24.739s] Level 5:colcon.colcon_core.verb:set package 'examples_rclpy_minimal_action_client' build argument 'catkin_skip_building_tests' from command line to 'False'
[24.739s] DEBUG:colcon.colcon_core.verb:Building package 'examples_rclpy_minimal_action_client' with the following arguments: {'ament_cmake_args': None, 'build_base': '/home/vboxuser/ros2_ws/build/examples_rclpy_minimal_action_client', 'catkin_cmake_args': None, 'catkin_skip_building_tests': False, 'cmake_args': None, 'cmake_clean_cache': False, 'cmake_clean_first': False, 'cmake_force_configure': False, 'cmake_target': None, 'cmake_target_skip_unavailable': False, 'install_base': '/home/vboxuser/ros2_ws/install/examples_rclpy_minimal_action_client', 'merge_install': False, 'path': '/home/vboxuser/ros2_ws/src/examples/rclpy/actions/minimal_action_client', 'symlink_install': False, 'test_result_base': None}
[24.739s] Level 5:colcon.colcon_core.verb:set package 'examples_rclpy_minimal_action_server' build argument 'cmake_args' from command line to 'None'
[24.739s] Level 5:colcon.colcon_core.verb:set package 'examples_rclpy_minimal_action_server' build argument 'cmake_target' from command line to 'None'
[24.739s] Level 5:colcon.colcon_core.verb:set package 'examples_rclpy_minimal_action_server' build argument 'cmake_target_skip_unavailable' from command line to 'False'
[24.739s] Level 5:colcon.colcon_core.verb:set package 'examples_rclpy_minimal_action_server' build argument 'cmake_clean_cache' from command line to 'False'
[24.740s] Level 5:colcon.colcon_core.verb:set package 'examples_rclpy_minimal_action_server' build argument 'cmake_clean_first' from command line to 'False'
[24.740s] Level 5:colcon.colcon_core.verb:set package 'examples_rclpy_minimal_action_server' build argument 'cmake_force_configure' from command line to 'False'
[24.740s] Level 5:colcon.colcon_core.verb:set package 'examples_rclpy_minimal_action_server' build argument 'ament_cmake_args' from command line to 'None'
[24.740s] Level 5:colcon.colcon_core.verb:set package 'examples_rclpy_minimal_action_server' build argument 'catkin_cmake_args' from command line to 'None'
[24.740s] Level 5:colcon.colcon_core.verb:set package 'examples_rclpy_minimal_action_server' build argument 'catkin_skip_building_tests' from command line to 'False'
[24.740s] DEBUG:colcon.colcon_core.verb:Building package 'examples_rclpy_minimal_action_server' with the following arguments: {'ament_cmake_args': None, 'build_base': '/home/vboxuser/ros2_ws/build/examples_rclpy_minimal_action_server', 'catkin_cmake_args': None, 'catkin_skip_building_tests': False, 'cmake_args': None, 'cmake_clean_cache': False, 'cmake_clean_first': False, 'cmake_force_configure': False, 'cmake_target': None, 'cmake_target_skip_unavailable': False, 'install_base': '/home/vboxuser/ros2_ws/install/examples_rclpy_minimal_action_server', 'merge_install': False, 'path': '/home/vboxuser/ros2_ws/src/examples/rclpy/actions/minimal_action_server', 'symlink_install': False, 'test_result_base': None}
[24.740s] Level 5:colcon.colcon_core.verb:set package 'examples_rclpy_minimal_client' build argument 'cmake_args' from command line to 'None'
[24.740s] Level 5:colcon.colcon_core.verb:set package 'examples_rclpy_minimal_client' build argument 'cmake_target' from command line to 'None'
[24.740s] Level 5:colcon.colcon_core.verb:set package 'examples_rclpy_minimal_client' build argument 'cmake_target_skip_unavailable' from command line to 'False'
[24.740s] Level 5:colcon.colcon_core.verb:set package 'examples_rclpy_minimal_client' build argument 'cmake_clean_cache' from command line to 'False'
[24.740s] Level 5:colcon.colcon_core.verb:set package 'examples_rclpy_minimal_client' build argument 'cmake_clean_first' from command line to 'False'
[24.740s] Level 5:colcon.colcon_core.verb:set package 'examples_rclpy_minimal_client' build argument 'cmake_force_configure' from command line to 'False'
[24.740s] Level 5:colcon.colcon_core.verb:set package 'examples_rclpy_minimal_client' build argument 'ament_cmake_args' from command line to 'None'
[24.741s] Level 5:colcon.colcon_core.verb:set package 'examples_rclpy_minimal_client' build argument 'catkin_cmake_args' from command line to 'None'
[24.741s] Level 5:colcon.colcon_core.verb:set package 'examples_rclpy_minimal_client' build argument 'catkin_skip_building_tests' from command line to 'False'
[24.741s] DEBUG:colcon.colcon_core.verb:Building package 'examples_rclpy_minimal_client' with the following arguments: {'ament_cmake_args': None, 'build_base': '/home/vboxuser/ros2_ws/build/examples_rclpy_minimal_client', 'catkin_cmake_args': None, 'catkin_skip_building_tests': False, 'cmake_args': None, 'cmake_clean_cache': False, 'cmake_clean_first': False, 'cmake_force_configure': False, 'cmake_target': None, 'cmake_target_skip_unavailable': False, 'install_base': '/home/vboxuser/ros2_ws/install/examples_rclpy_minimal_client', 'merge_install': False, 'path': '/home/vboxuser/ros2_ws/src/examples/rclpy/services/minimal_client', 'symlink_install': False, 'test_result_base': None}
[24.741s] Level 5:colcon.colcon_core.verb:set package 'examples_rclpy_minimal_publisher' build argument 'cmake_args' from command line to 'None'
[24.741s] Level 5:colcon.colcon_core.verb:set package 'examples_rclpy_minimal_publisher' build argument 'cmake_target' from command line to 'None'
[24.741s] Level 5:colcon.colcon_core.verb:set package 'examples_rclpy_minimal_publisher' build argument 'cmake_target_skip_unavailable' from command line to 'False'
[24.741s] Level 5:colcon.colcon_core.verb:set package 'examples_rclpy_minimal_publisher' build argument 'cmake_clean_cache' from command line to 'False'
[24.741s] Level 5:colcon.colcon_core.verb:set package 'examples_rclpy_minimal_publisher' build argument 'cmake_clean_first' from command line to 'False'
[24.741s] Level 5:colcon.colcon_core.verb:set package 'examples_rclpy_minimal_publisher' build argument 'cmake_force_configure' from command line to 'False'
[24.741s] Level 5:colcon.colcon_core.verb:set package 'examples_rclpy_minimal_publisher' build argument 'ament_cmake_args' from command line to 'None'
[24.741s] Level 5:colcon.colcon_core.verb:set package 'examples_rclpy_minimal_publisher' build argument 'catkin_cmake_args' from command line to 'None'
[24.741s] Level 5:colcon.colcon_core.verb:set package 'examples_rclpy_minimal_publisher' build argument 'catkin_skip_building_tests' from command line to 'False'
[24.741s] DEBUG:colcon.colcon_core.verb:Building package 'examples_rclpy_minimal_publisher' with the following arguments: {'ament_cmake_args': None, 'build_base': '/home/vboxuser/ros2_ws/build/examples_rclpy_minimal_publisher', 'catkin_cmake_args': None, 'catkin_skip_building_tests': False, 'cmake_args': None, 'cmake_clean_cache': False, 'cmake_clean_first': False, 'cmake_force_configure': False, 'cmake_target': None, 'cmake_target_skip_unavailable': False, 'install_base': '/home/vboxuser/ros2_ws/install/examples_rclpy_minimal_publisher', 'merge_install': False, 'path': '/home/vboxuser/ros2_ws/src/examples/rclpy/topics/minimal_publisher', 'symlink_install': False, 'test_result_base': None}
[24.742s] Level 5:colcon.colcon_core.verb:set package 'examples_rclpy_minimal_service' build argument 'cmake_args' from command line to 'None'
[24.742s] Level 5:colcon.colcon_core.verb:set package 'examples_rclpy_minimal_service' build argument 'cmake_target' from command line to 'None'
[24.742s] Level 5:colcon.colcon_core.verb:set package 'examples_rclpy_minimal_service' build argument 'cmake_target_skip_unavailable' from command line to 'False'
[24.742s] Level 5:colcon.colcon_core.verb:set package 'examples_rclpy_minimal_service' build argument 'cmake_clean_cache' from command line to 'False'
[24.742s] Level 5:colcon.colcon_core.verb:set package 'examples_rclpy_minimal_service' build argument 'cmake_clean_first' from command line to 'False'
[24.742s] Level 5:colcon.colcon_core.verb:set package 'examples_rclpy_minimal_service' build argument 'cmake_force_configure' from command line to 'False'
[24.742s] Level 5:colcon.colcon_core.verb:set package 'examples_rclpy_minimal_service' build argument 'ament_cmake_args' from command line to 'None'
[24.742s] Level 5:colcon.colcon_core.verb:set package 'examples_rclpy_minimal_service' build argument 'catkin_cmake_args' from command line to 'None'
[24.742s] Level 5:colcon.colcon_core.verb:set package 'examples_rclpy_minimal_service' build argument 'catkin_skip_building_tests' from command line to 'False'
[24.742s] DEBUG:colcon.colcon_core.verb:Building package 'examples_rclpy_minimal_service' with the following arguments: {'ament_cmake_args': None, 'build_base': '/home/vboxuser/ros2_ws/build/examples_rclpy_minimal_service', 'catkin_cmake_args': None, 'catkin_skip_building_tests': False, 'cmake_args': None, 'cmake_clean_cache': False, 'cmake_clean_first': False, 'cmake_force_configure': False, 'cmake_target': None, 'cmake_target_skip_unavailable': False, 'install_base': '/home/vboxuser/ros2_ws/install/examples_rclpy_minimal_service', 'merge_install': False, 'path': '/home/vboxuser/ros2_ws/src/examples/rclpy/services/minimal_service', 'symlink_install': False, 'test_result_base': None}
[24.743s] Level 5:colcon.colcon_core.verb:set package 'examples_rclpy_minimal_subscriber' build argument 'cmake_args' from command line to 'None'
[24.743s] Level 5:colcon.colcon_core.verb:set package 'examples_rclpy_minimal_subscriber' build argument 'cmake_target' from command line to 'None'
[24.743s] Level 5:colcon.colcon_core.verb:set package 'examples_rclpy_minimal_subscriber' build argument 'cmake_target_skip_unavailable' from command line to 'False'
[24.743s] Level 5:colcon.colcon_core.verb:set package 'examples_rclpy_minimal_subscriber' build argument 'cmake_clean_cache' from command line to 'False'
[24.743s] Level 5:colcon.colcon_core.verb:set package 'examples_rclpy_minimal_subscriber' build argument 'cmake_clean_first' from command line to 'False'
[24.743s] Level 5:colcon.colcon_core.verb:set package 'examples_rclpy_minimal_subscriber' build argument 'cmake_force_configure' from command line to 'False'
[24.743s] Level 5:colcon.colcon_core.verb:set package 'examples_rclpy_minimal_subscriber' build argument 'ament_cmake_args' from command line to 'None'
[24.743s] Level 5:colcon.colcon_core.verb:set package 'examples_rclpy_minimal_subscriber' build argument 'catkin_cmake_args' from command line to 'None'
[24.743s] Level 5:colcon.colcon_core.verb:set package 'examples_rclpy_minimal_subscriber' build argument 'catkin_skip_building_tests' from command line to 'False'
[24.743s] DEBUG:colcon.colcon_core.verb:Building package 'examples_rclpy_minimal_subscriber' with the following arguments: {'ament_cmake_args': None, 'build_base': '/home/vboxuser/ros2_ws/build/examples_rclpy_minimal_subscriber', 'catkin_cmake_args': None, 'catkin_skip_building_tests': False, 'cmake_args': None, 'cmake_clean_cache': False, 'cmake_clean_first': False, 'cmake_force_configure': False, 'cmake_target': None, 'cmake_target_skip_unavailable': False, 'install_base': '/home/vboxuser/ros2_ws/install/examples_rclpy_minimal_subscriber', 'merge_install': False, 'path': '/home/vboxuser/ros2_ws/src/examples/rclpy/topics/minimal_subscriber', 'symlink_install': False, 'test_result_base': None}
[24.744s] Level 5:colcon.colcon_core.verb:set package 'examples_rclpy_pointcloud_publisher' build argument 'cmake_args' from command line to 'None'
[24.744s] Level 5:colcon.colcon_core.verb:set package 'examples_rclpy_pointcloud_publisher' build argument 'cmake_target' from command line to 'None'
[24.744s] Level 5:colcon.colcon_core.verb:set package 'examples_rclpy_pointcloud_publisher' build argument 'cmake_target_skip_unavailable' from command line to 'False'
[24.744s] Level 5:colcon.colcon_core.verb:set package 'examples_rclpy_pointcloud_publisher' build argument 'cmake_clean_cache' from command line to 'False'
[24.744s] Level 5:colcon.colcon_core.verb:set package 'examples_rclpy_pointcloud_publisher' build argument 'cmake_clean_first' from command line to 'False'
[24.744s] Level 5:colcon.colcon_core.verb:set package 'examples_rclpy_pointcloud_publisher' build argument 'cmake_force_configure' from command line to 'False'
[24.744s] Level 5:colcon.colcon_core.verb:set package 'examples_rclpy_pointcloud_publisher' build argument 'ament_cmake_args' from command line to 'None'
[24.744s] Level 5:colcon.colcon_core.verb:set package 'examples_rclpy_pointcloud_publisher' build argument 'catkin_cmake_args' from command line to 'None'
[24.744s] Level 5:colcon.colcon_core.verb:set package 'examples_rclpy_pointcloud_publisher' build argument 'catkin_skip_building_tests' from command line to 'False'
[24.744s] DEBUG:colcon.colcon_core.verb:Building package 'examples_rclpy_pointcloud_publisher' with the following arguments: {'ament_cmake_args': None, 'build_base': '/home/vboxuser/ros2_ws/build/examples_rclpy_pointcloud_publisher', 'catkin_cmake_args': None, 'catkin_skip_building_tests': False, 'cmake_args': None, 'cmake_clean_cache': False, 'cmake_clean_first': False, 'cmake_force_configure': False, 'cmake_target': None, 'cmake_target_skip_unavailable': False, 'install_base': '/home/vboxuser/ros2_ws/install/examples_rclpy_pointcloud_publisher', 'merge_install': False, 'path': '/home/vboxuser/ros2_ws/src/examples/rclpy/topics/pointcloud_publisher', 'symlink_install': False, 'test_result_base': None}
[24.745s] Level 5:colcon.colcon_core.verb:set package 'launch_testing_examples' build argument 'cmake_args' from command line to 'None'
[24.745s] Level 5:colcon.colcon_core.verb:set package 'launch_testing_examples' build argument 'cmake_target' from command line to 'None'
[24.745s] Level 5:colcon.colcon_core.verb:set package 'launch_testing_examples' build argument 'cmake_target_skip_unavailable' from command line to 'False'
[24.745s] Level 5:colcon.colcon_core.verb:set package 'launch_testing_examples' build argument 'cmake_clean_cache' from command line to 'False'
[24.745s] Level 5:colcon.colcon_core.verb:set package 'launch_testing_examples' build argument 'cmake_clean_first' from command line to 'False'
[24.745s] Level 5:colcon.colcon_core.verb:set package 'launch_testing_examples' build argument 'cmake_force_configure' from command line to 'False'
[24.745s] Level 5:colcon.colcon_core.verb:set package 'launch_testing_examples' build argument 'ament_cmake_args' from command line to 'None'
[24.745s] Level 5:colcon.colcon_core.verb:set package 'launch_testing_examples' build argument 'catkin_cmake_args' from command line to 'None'
[24.745s] Level 5:colcon.colcon_core.verb:set package 'launch_testing_examples' build argument 'catkin_skip_building_tests' from command line to 'False'
[24.745s] DEBUG:colcon.colcon_core.verb:Building package 'launch_testing_examples' with the following arguments: {'ament_cmake_args': None, 'build_base': '/home/vboxuser/ros2_ws/build/launch_testing_examples', 'catkin_cmake_args': None, 'catkin_skip_building_tests': False, 'cmake_args': None, 'cmake_clean_cache': False, 'cmake_clean_first': False, 'cmake_force_configure': False, 'cmake_target': None, 'cmake_target_skip_unavailable': False, 'install_base': '/home/vboxuser/ros2_ws/install/launch_testing_examples', 'merge_install': False, 'path': '/home/vboxuser/ros2_ws/src/examples/launch_testing/launch_testing_examples', 'symlink_install': False, 'test_result_base': None}
[24.746s] Level 5:colcon.colcon_core.verb:set package 'my_package' build argument 'cmake_args' from command line to 'None'
[24.746s] Level 5:colcon.colcon_core.verb:set package 'my_package' build argument 'cmake_target' from command line to 'None'
[24.746s] Level 5:colcon.colcon_core.verb:set package 'my_package' build argument 'cmake_target_skip_unavailable' from command line to 'False'
[24.746s] Level 5:colcon.colcon_core.verb:set package 'my_package' build argument 'cmake_clean_cache' from command line to 'False'
[24.746s] Level 5:colcon.colcon_core.verb:set package 'my_package' build argument 'cmake_clean_first' from command line to 'False'
[24.746s] Level 5:colcon.colcon_core.verb:set package 'my_package' build argument 'cmake_force_configure' from command line to 'False'
[24.746s] Level 5:colcon.colcon_core.verb:set package 'my_package' build argument 'ament_cmake_args' from command line to 'None'
[24.746s] Level 5:colcon.colcon_core.verb:set package 'my_package' build argument 'catkin_cmake_args' from command line to 'None'
[24.746s] Level 5:colcon.colcon_core.verb:set package 'my_package' build argument 'catkin_skip_building_tests' from command line to 'False'
[24.746s] DEBUG:colcon.colcon_core.verb:Building package 'my_package' with the following arguments: {'ament_cmake_args': None, 'build_base': '/home/vboxuser/ros2_ws/build/my_package', 'catkin_cmake_args': None, 'catkin_skip_building_tests': False, 'cmake_args': None, 'cmake_clean_cache': False, 'cmake_clean_first': False, 'cmake_force_configure': False, 'cmake_target': None, 'cmake_target_skip_unavailable': False, 'install_base': '/home/vboxuser/ros2_ws/install/my_package', 'merge_install': False, 'path': '/home/vboxuser/ros2_ws/src/my_package', 'symlink_install': False, 'test_result_base': None}
[24.746s] Level 5:colcon.colcon_core.verb:set package 'py_pubsub' build argument 'cmake_args' from command line to 'None'
[24.746s] Level 5:colcon.colcon_core.verb:set package 'py_pubsub' build argument 'cmake_target' from command line to 'None'
[24.746s] Level 5:colcon.colcon_core.verb:set package 'py_pubsub' build argument 'cmake_target_skip_unavailable' from command line to 'False'
[24.746s] Level 5:colcon.colcon_core.verb:set package 'py_pubsub' build argument 'cmake_clean_cache' from command line to 'False'
[24.747s] Level 5:colcon.colcon_core.verb:set package 'py_pubsub' build argument 'cmake_clean_first' from command line to 'False'
[24.747s] Level 5:colcon.colcon_core.verb:set package 'py_pubsub' build argument 'cmake_force_configure' from command line to 'False'
[24.747s] Level 5:colcon.colcon_core.verb:set package 'py_pubsub' build argument 'ament_cmake_args' from command line to 'None'
[24.747s] Level 5:colcon.colcon_core.verb:set package 'py_pubsub' build argument 'catkin_cmake_args' from command line to 'None'
[24.747s] Level 5:colcon.colcon_core.verb:set package 'py_pubsub' build argument 'catkin_skip_building_tests' from command line to 'False'
[24.747s] DEBUG:colcon.colcon_core.verb:Building package 'py_pubsub' with the following arguments: {'ament_cmake_args': None, 'build_base': '/home/vboxuser/ros2_ws/build/py_pubsub', 'catkin_cmake_args': None, 'catkin_skip_building_tests': False, 'cmake_args': None, 'cmake_clean_cache': False, 'cmake_clean_first': False, 'cmake_force_configure': False, 'cmake_target': None, 'cmake_target_skip_unavailable': False, 'install_base': '/home/vboxuser/ros2_ws/install/py_pubsub', 'merge_install': False, 'path': '/home/vboxuser/ros2_ws/src/py_pubsub', 'symlink_install': False, 'test_result_base': None}
[24.747s] Level 5:colcon.colcon_core.verb:set package 'turtlesim' build argument 'cmake_args' from command line to 'None'
[24.747s] Level 5:colcon.colcon_core.verb:set package 'turtlesim' build argument 'cmake_target' from command line to 'None'
[24.747s] Level 5:colcon.colcon_core.verb:set package 'turtlesim' build argument 'cmake_target_skip_unavailable' from command line to 'False'
[24.748s] Level 5:colcon.colcon_core.verb:set package 'turtlesim' build argument 'cmake_clean_cache' from command line to 'False'
[24.748s] Level 5:colcon.colcon_core.verb:set package 'turtlesim' build argument 'cmake_clean_first' from command line to 'False'
[24.748s] Level 5:colcon.colcon_core.verb:set package 'turtlesim' build argument 'cmake_force_configure' from command line to 'False'
[24.748s] Level 5:colcon.colcon_core.verb:set package 'turtlesim' build argument 'ament_cmake_args' from command line to 'None'
[24.748s] Level 5:colcon.colcon_core.verb:set package 'turtlesim' build argument 'catkin_cmake_args' from command line to 'None'
[24.748s] Level 5:colcon.colcon_core.verb:set package 'turtlesim' build argument 'catkin_skip_building_tests' from command line to 'False'
[24.748s] DEBUG:colcon.colcon_core.verb:Building package 'turtlesim' with the following arguments: {'ament_cmake_args': None, 'build_base': '/home/vboxuser/ros2_ws/build/turtlesim', 'catkin_cmake_args': None, 'catkin_skip_building_tests': False, 'cmake_args': None, 'cmake_clean_cache': False, 'cmake_clean_first': False, 'cmake_force_configure': False, 'cmake_target': None, 'cmake_target_skip_unavailable': False, 'install_base': '/home/vboxuser/ros2_ws/install/turtlesim', 'merge_install': False, 'path': '/home/vboxuser/ros2_ws/src/ros_tutorials/turtlesim', 'symlink_install': False, 'test_result_base': None}
[24.748s] INFO:colcon.colcon_core.executor:Executing jobs using 'parallel' executor
[24.750s] DEBUG:colcon.colcon_parallel_executor.executor.parallel:run_until_complete
[24.751s] INFO:colcon.colcon_ros.task.ament_python.build:Building ROS package in '/home/vboxuser/ros2_ws/src/BMS_BQ769X2/src/bms_visualizer' with build type 'ament_python'
[24.751s] Level 1:colcon.colcon_core.shell:create_environment_hook('bms_visualizer', 'ament_prefix_path')
[24.826s] INFO:colcon.colcon_core.plugin_system:Skipping extension 'colcon_core.shell.bat': Not used on non-Windows systems
[24.827s] INFO:colcon.colcon_core.shell:Creating environment hook '/home/vboxuser/ros2_ws/install/bms_visualizer/share/bms_visualizer/hook/ament_prefix_path.ps1'
[24.844s] INFO:colcon.colcon_core.shell:Creating environment descriptor '/home/vboxuser/ros2_ws/install/bms_visualizer/share/bms_visualizer/hook/ament_prefix_path.dsv'
[24.862s] INFO:colcon.colcon_core.shell:Creating environment hook '/home/vboxuser/ros2_ws/install/bms_visualizer/share/bms_visualizer/hook/ament_prefix_path.sh'
[24.865s] INFO:colcon.colcon_core.shell:Skip shell extension 'powershell' for command environment: Not usable outside of PowerShell
[24.866s] DEBUG:colcon.colcon_core.shell:Skip shell extension 'dsv' for command environment
[24.904s] INFO:colcon.colcon_ros.task.ament_cmake.build:Building ROS package in '/home/vboxuser/ros2_ws/src/BMS_BQ769X2/src/bq769x2_i2c_ros' with build type 'ament_cmake'
[24.905s] INFO:colcon.colcon_cmake.task.cmake.build:Building CMake package in '/home/vboxuser/ros2_ws/src/BMS_BQ769X2/src/bq769x2_i2c_ros'
[24.905s] INFO:colcon.colcon_core.shell:Skip shell extension 'powershell' for command environment: Not usable outside of PowerShell
[24.905s] DEBUG:colcon.colcon_core.shell:Skip shell extension 'dsv' for command environment
[24.955s] INFO:colcon.colcon_ros.task.ament_cmake.build:Building ROS package in '/home/vboxuser/ros2_ws/src/examples/rclcpp/services/async_client' with build type 'ament_cmake'
[24.955s] INFO:colcon.colcon_cmake.task.cmake.build:Building CMake package in '/home/vboxuser/ros2_ws/src/examples/rclcpp/services/async_client'
[24.955s] INFO:colcon.colcon_core.shell:Skip shell extension 'powershell' for command environment: Not usable outside of PowerShell
[24.955s] DEBUG:colcon.colcon_core.shell:Skip shell extension 'dsv' for command environment
[24.995s] INFO:colcon.colcon_ros.task.ament_cmake.build:Building ROS package in '/home/vboxuser/ros2_ws/src/examples/rclcpp/executors/cbg_executor' with build type 'ament_cmake'
[24.996s] INFO:colcon.colcon_cmake.task.cmake.build:Building CMake package in '/home/vboxuser/ros2_ws/src/examples/rclcpp/executors/cbg_executor'
[24.996s] INFO:colcon.colcon_core.shell:Skip shell extension 'powershell' for command environment: Not usable outside of PowerShell
[24.996s] DEBUG:colcon.colcon_core.shell:Skip shell extension 'dsv' for command environment
[25.084s] DEBUG:colcon.colcon_core.event_handler.log_command:Invoking command in '/home/vboxuser/ros2_ws/build/examples_rclcpp_async_client': CMAKE_PREFIX_PATH=${CMAKE_PREFIX_PATH}:/home/vboxuser/ros2_ws/install/py_pubsub:/home/vboxuser/ros2_ws/install/launch_testing_examples:/home/vboxuser/ros2_ws/install/examples_rclpy_pointcloud_publisher:/home/vboxuser/ros2_ws/install/examples_rclpy_minimal_subscriber:/home/vboxuser/ros2_ws/install/examples_rclpy_minimal_service:/home/vboxuser/ros2_ws/install/examples_rclpy_minimal_publisher:/home/vboxuser/ros2_ws/install/examples_rclpy_minimal_client:/home/vboxuser/ros2_ws/install/examples_rclpy_minimal_action_server:/home/vboxuser/ros2_ws/install/examples_rclpy_minimal_action_client:/home/vboxuser/ros2_ws/install/examples_rclpy_guard_conditions:/home/vboxuser/ros2_ws/install/examples_rclpy_executors:/home/vboxuser/ros2_ws/install/bms_visualizer:/opt/ros/iron:/home/vboxuser/ros2_iron/install/rqt_bag_plugins:/home/vboxuser/ros2_iron/install/rqt_bag:/home/vboxuser/ros2_iron/install/rosbag2_examples_py:/home/vboxuser/ros2_iron/install/launch_testing_examples:/home/vboxuser/ros2_iron/install/ros2bag:/home/vboxuser/ros2_iron/install/tracetools_test:/home/vboxuser/ros2_iron/install/tracetools_launch:/home/vboxuser/ros2_iron/install/topic_monitor:/home/vboxuser/ros2_iron/install/tf2_tools:/home/vboxuser/ros2_iron/install/examples_tf2_py:/home/vboxuser/ros2_iron/install/tf2_ros_py:/home/vboxuser/ros2_iron/install/examples_rclpy_pointcloud_publisher:/home/vboxuser/ros2_iron/install/sensor_msgs_py:/home/vboxuser/ros2_iron/install/quality_of_service_demo_py:/home/vboxuser/ros2_iron/install/rqt_plot:/home/vboxuser/ros2_iron/install/ros2doctor:/home/vboxuser/ros2_iron/install/lifecycle_py:/home/vboxuser/ros2_iron/install/examples_rclpy_minimal_subscriber:/home/vboxuser/ros2_iron/install/examples_rclpy_minimal_service:/home/vboxuser/ros2_iron/install/examples_rclpy_minimal_publisher:/home/vboxuser/ros2_iron/install/examples_rclpy_minimal_client:/home/vboxuser/ros2_iron/install/examples_rclpy_executors:/home/vboxuser/ros2_iron/install/demo_nodes_py:/home/vboxuser/ros2_iron/install/rqt:/home/vboxuser/ros2_iron/install/ros2component:/home/vboxuser/ros2_iron/install/sros2:/home/vboxuser/ros2_iron/install/rqt_topic:/home/vboxuser/ros2_iron/install/rqt_srv:/home/vboxuser/ros2_iron/install/rqt_shell:/home/vboxuser/ros2_iron/install/rqt_service_caller:/home/vboxuser/ros2_iron/install/rqt_reconfigure:/home/vboxuser/ros2_iron/install/rqt_py_console:/home/vboxuser/ros2_iron/install/rqt_publisher:/home/vboxuser/ros2_iron/install/rqt_action:/home/vboxuser/ros2_iron/install/rqt_msg:/home/vboxuser/ros2_iron/install/rqt_console:/home/vboxuser/ros2_iron/install/rqt_graph:/home/vboxuser/ros2_iron/install/rqt_gui_py:/home/vboxuser/ros2_iron/install/rqt_gui:/home/vboxuser/ros2_iron/install/ros2trace:/home/vboxuser/ros2_iron/install/ros2topic:/home/vboxuser/ros2_iron/install/ros2test:/home/vboxuser/ros2_iron/install/ros2param:/home/vboxuser/ros2_iron/install/ros2lifecycle:/home/vboxuser/ros2_iron/install/ros2service:/home/vboxuser/ros2_iron/install/ros2run:/home/vboxuser/ros2_iron/install/ros2launch:/home/vboxuser/ros2_iron/install/ros2pkg:/home/vboxuser/ros2_iron/install/ros2node:/home/vboxuser/ros2_iron/install/ros2multicast:/home/vboxuser/ros2_iron/install/ros2interface:/home/vboxuser/ros2_iron/install/ros2action:/home/vboxuser/ros2_iron/install/ros2cli:/home/vboxuser/ros2_iron/install/launch_testing_ros:/home/vboxuser/ros2_iron/install/launch_ros:/home/vboxuser/ros2_iron/install/examples_rclpy_minimal_action_server:/home/vboxuser/ros2_iron/install/examples_rclpy_minimal_action_client:/home/vboxuser/ros2_iron/install/examples_rclpy_guard_conditions:/home/vboxuser/ros2_iron/install/action_tutorials_py:/home/vboxuser/ros2_iron/install/ament_uncrustify:/home/vboxuser/ros2_iron/install/tracetools_trace:/home/vboxuser/ros2_iron/install/tracetools_read:/home/vboxuser/ros2_iron/install/test_tracetools_launch:/home/vboxuser/ros2_iron/install/test_ros2trace:/home/vboxuser/ros2_iron/install/test_launch_ros:/home/vboxuser/ros2_iron/install/rpyutils:/home/vboxuser/ros2_iron/install/rosidl_runtime_py:/home/vboxuser/ros2_iron/install/rosidl_pycommon:/home/vboxuser/ros2_iron/install/rosidl_cli:/home/vboxuser/ros2_iron/install/launch_pytest:/home/vboxuser/ros2_iron/install/launch_testing:/home/vboxuser/ros2_iron/install/launch_yaml:/home/vboxuser/ros2_iron/install/launch_xml:/home/vboxuser/ros2_iron/install/launch:/home/vboxuser/ros2_iron/install/osrf_pycommon:/home/vboxuser/ros2_iron/install/domain_coordinator:/home/vboxuser/ros2_iron/install/ament_xmllint:/home/vboxuser/ros2_iron/install/ament_pyflakes:/home/vboxuser/ros2_iron/install/ament_pycodestyle:/home/vboxuser/ros2_iron/install/ament_pep257:/home/vboxuser/ros2_iron/install/ament_pclint:/home/vboxuser/ros2_iron/install/ament_package:/home/vboxuser/ros2_iron/install/ament_mypy:/home/vboxuser/ros2_iron/install/ament_lint_cmake:/home/vboxuser/ros2_iron/install/ament_flake8:/home/vboxuser/ros2_iron/install/ament_copyright:/home/vboxuser/ros2_iron/install/ament_lint:/home/vboxuser/ros2_iron/install/ament_index_python:/home/vboxuser/ros2_iron/install/ament_cpplint:/home/vboxuser/ros2_iron/install/ament_cppcheck:/home/vboxuser/ros2_iron/install/ament_clang_tidy:/home/vboxuser/ros2_iron/install/ament_clang_format /usr/bin/cmake --build /home/vboxuser/ros2_ws/build/examples_rclcpp_async_client -- -j4 -l4
[26.358s] INFO:colcon.colcon_core.task.python.build:Building Python package in '/home/vboxuser/ros2_ws/src/BMS_BQ769X2/src/bms_visualizer'
[26.359s] INFO:colcon.colcon_core.shell:Skip shell extension 'powershell' for command environment: Not usable outside of PowerShell
[26.359s] DEBUG:colcon.colcon_core.shell:Skip shell extension 'dsv' for command environment
[26.432s] DEBUG:colcon.colcon_core.event_handler.log_command:Invoking command in '/home/vboxuser/ros2_ws/build/bq769x2_i2c_ros': CMAKE_PREFIX_PATH=${CMAKE_PREFIX_PATH}:/home/vboxuser/ros2_ws/install/py_pubsub:/home/vboxuser/ros2_ws/install/launch_testing_examples:/home/vboxuser/ros2_ws/install/examples_rclpy_pointcloud_publisher:/home/vboxuser/ros2_ws/install/examples_rclpy_minimal_subscriber:/home/vboxuser/ros2_ws/install/examples_rclpy_minimal_service:/home/vboxuser/ros2_ws/install/examples_rclpy_minimal_publisher:/home/vboxuser/ros2_ws/install/examples_rclpy_minimal_client:/home/vboxuser/ros2_ws/install/examples_rclpy_minimal_action_server:/home/vboxuser/ros2_ws/install/examples_rclpy_minimal_action_client:/home/vboxuser/ros2_ws/install/examples_rclpy_guard_conditions:/home/vboxuser/ros2_ws/install/examples_rclpy_executors:/home/vboxuser/ros2_ws/install/bms_visualizer:/opt/ros/iron:/home/vboxuser/ros2_iron/install/rqt_bag_plugins:/home/vboxuser/ros2_iron/install/rqt_bag:/home/vboxuser/ros2_iron/install/rosbag2_examples_py:/home/vboxuser/ros2_iron/install/launch_testing_examples:/home/vboxuser/ros2_iron/install/ros2bag:/home/vboxuser/ros2_iron/install/tracetools_test:/home/vboxuser/ros2_iron/install/tracetools_launch:/home/vboxuser/ros2_iron/install/topic_monitor:/home/vboxuser/ros2_iron/install/tf2_tools:/home/vboxuser/ros2_iron/install/examples_tf2_py:/home/vboxuser/ros2_iron/install/tf2_ros_py:/home/vboxuser/ros2_iron/install/examples_rclpy_pointcloud_publisher:/home/vboxuser/ros2_iron/install/sensor_msgs_py:/home/vboxuser/ros2_iron/install/quality_of_service_demo_py:/home/vboxuser/ros2_iron/install/rqt_plot:/home/vboxuser/ros2_iron/install/ros2doctor:/home/vboxuser/ros2_iron/install/lifecycle_py:/home/vboxuser/ros2_iron/install/examples_rclpy_minimal_subscriber:/home/vboxuser/ros2_iron/install/examples_rclpy_minimal_service:/home/vboxuser/ros2_iron/install/examples_rclpy_minimal_publisher:/home/vboxuser/ros2_iron/install/examples_rclpy_minimal_client:/home/vboxuser/ros2_iron/install/examples_rclpy_executors:/home/vboxuser/ros2_iron/install/demo_nodes_py:/home/vboxuser/ros2_iron/install/rqt:/home/vboxuser/ros2_iron/install/ros2component:/home/vboxuser/ros2_iron/install/sros2:/home/vboxuser/ros2_iron/install/rqt_topic:/home/vboxuser/ros2_iron/install/rqt_srv:/home/vboxuser/ros2_iron/install/rqt_shell:/home/vboxuser/ros2_iron/install/rqt_service_caller:/home/vboxuser/ros2_iron/install/rqt_reconfigure:/home/vboxuser/ros2_iron/install/rqt_py_console:/home/vboxuser/ros2_iron/install/rqt_publisher:/home/vboxuser/ros2_iron/install/rqt_action:/home/vboxuser/ros2_iron/install/rqt_msg:/home/vboxuser/ros2_iron/install/rqt_console:/home/vboxuser/ros2_iron/install/rqt_graph:/home/vboxuser/ros2_iron/install/rqt_gui_py:/home/vboxuser/ros2_iron/install/rqt_gui:/home/vboxuser/ros2_iron/install/ros2trace:/home/vboxuser/ros2_iron/install/ros2topic:/home/vboxuser/ros2_iron/install/ros2test:/home/vboxuser/ros2_iron/install/ros2param:/home/vboxuser/ros2_iron/install/ros2lifecycle:/home/vboxuser/ros2_iron/install/ros2service:/home/vboxuser/ros2_iron/install/ros2run:/home/vboxuser/ros2_iron/install/ros2launch:/home/vboxuser/ros2_iron/install/ros2pkg:/home/vboxuser/ros2_iron/install/ros2node:/home/vboxuser/ros2_iron/install/ros2multicast:/home/vboxuser/ros2_iron/install/ros2interface:/home/vboxuser/ros2_iron/install/ros2action:/home/vboxuser/ros2_iron/install/ros2cli:/home/vboxuser/ros2_iron/install/launch_testing_ros:/home/vboxuser/ros2_iron/install/launch_ros:/home/vboxuser/ros2_iron/install/examples_rclpy_minimal_action_server:/home/vboxuser/ros2_iron/install/examples_rclpy_minimal_action_client:/home/vboxuser/ros2_iron/install/examples_rclpy_guard_conditions:/home/vboxuser/ros2_iron/install/action_tutorials_py:/home/vboxuser/ros2_iron/install/ament_uncrustify:/home/vboxuser/ros2_iron/install/tracetools_trace:/home/vboxuser/ros2_iron/install/tracetools_read:/home/vboxuser/ros2_iron/install/test_tracetools_launch:/home/vboxuser/ros2_iron/install/test_ros2trace:/home/vboxuser/ros2_iron/install/test_launch_ros:/home/vboxuser/ros2_iron/install/rpyutils:/home/vboxuser/ros2_iron/install/rosidl_runtime_py:/home/vboxuser/ros2_iron/install/rosidl_pycommon:/home/vboxuser/ros2_iron/install/rosidl_cli:/home/vboxuser/ros2_iron/install/launch_pytest:/home/vboxuser/ros2_iron/install/launch_testing:/home/vboxuser/ros2_iron/install/launch_yaml:/home/vboxuser/ros2_iron/install/launch_xml:/home/vboxuser/ros2_iron/install/launch:/home/vboxuser/ros2_iron/install/osrf_pycommon:/home/vboxuser/ros2_iron/install/domain_coordinator:/home/vboxuser/ros2_iron/install/ament_xmllint:/home/vboxuser/ros2_iron/install/ament_pyflakes:/home/vboxuser/ros2_iron/install/ament_pycodestyle:/home/vboxuser/ros2_iron/install/ament_pep257:/home/vboxuser/ros2_iron/install/ament_pclint:/home/vboxuser/ros2_iron/install/ament_package:/home/vboxuser/ros2_iron/install/ament_mypy:/home/vboxuser/ros2_iron/install/ament_lint_cmake:/home/vboxuser/ros2_iron/install/ament_flake8:/home/vboxuser/ros2_iron/install/ament_copyright:/home/vboxuser/ros2_iron/install/ament_lint:/home/vboxuser/ros2_iron/install/ament_index_python:/home/vboxuser/ros2_iron/install/ament_cpplint:/home/vboxuser/ros2_iron/install/ament_cppcheck:/home/vboxuser/ros2_iron/install/ament_clang_tidy:/home/vboxuser/ros2_iron/install/ament_clang_format /usr/bin/cmake --build /home/vboxuser/ros2_ws/build/bq769x2_i2c_ros -- -j4 -l4
[26.480s] DEBUG:colcon.colcon_core.event_handler.log_command:Invoking command in '/home/vboxuser/ros2_ws/build/examples_rclcpp_cbg_executor': CMAKE_PREFIX_PATH=${CMAKE_PREFIX_PATH}:/home/vboxuser/ros2_ws/install/py_pubsub:/home/vboxuser/ros2_ws/install/launch_testing_examples:/home/vboxuser/ros2_ws/install/examples_rclpy_pointcloud_publisher:/home/vboxuser/ros2_ws/install/examples_rclpy_minimal_subscriber:/home/vboxuser/ros2_ws/install/examples_rclpy_minimal_service:/home/vboxuser/ros2_ws/install/examples_rclpy_minimal_publisher:/home/vboxuser/ros2_ws/install/examples_rclpy_minimal_client:/home/vboxuser/ros2_ws/install/examples_rclpy_minimal_action_server:/home/vboxuser/ros2_ws/install/examples_rclpy_minimal_action_client:/home/vboxuser/ros2_ws/install/examples_rclpy_guard_conditions:/home/vboxuser/ros2_ws/install/examples_rclpy_executors:/home/vboxuser/ros2_ws/install/bms_visualizer:/opt/ros/iron:/home/vboxuser/ros2_iron/install/rqt_bag_plugins:/home/vboxuser/ros2_iron/install/rqt_bag:/home/vboxuser/ros2_iron/install/rosbag2_examples_py:/home/vboxuser/ros2_iron/install/launch_testing_examples:/home/vboxuser/ros2_iron/install/ros2bag:/home/vboxuser/ros2_iron/install/tracetools_test:/home/vboxuser/ros2_iron/install/tracetools_launch:/home/vboxuser/ros2_iron/install/topic_monitor:/home/vboxuser/ros2_iron/install/tf2_tools:/home/vboxuser/ros2_iron/install/examples_tf2_py:/home/vboxuser/ros2_iron/install/tf2_ros_py:/home/vboxuser/ros2_iron/install/examples_rclpy_pointcloud_publisher:/home/vboxuser/ros2_iron/install/sensor_msgs_py:/home/vboxuser/ros2_iron/install/quality_of_service_demo_py:/home/vboxuser/ros2_iron/install/rqt_plot:/home/vboxuser/ros2_iron/install/ros2doctor:/home/vboxuser/ros2_iron/install/lifecycle_py:/home/vboxuser/ros2_iron/install/examples_rclpy_minimal_subscriber:/home/vboxuser/ros2_iron/install/examples_rclpy_minimal_service:/home/vboxuser/ros2_iron/install/examples_rclpy_minimal_publisher:/home/vboxuser/ros2_iron/install/examples_rclpy_minimal_client:/home/vboxuser/ros2_iron/install/examples_rclpy_executors:/home/vboxuser/ros2_iron/install/demo_nodes_py:/home/vboxuser/ros2_iron/install/rqt:/home/vboxuser/ros2_iron/install/ros2component:/home/vboxuser/ros2_iron/install/sros2:/home/vboxuser/ros2_iron/install/rqt_topic:/home/vboxuser/ros2_iron/install/rqt_srv:/home/vboxuser/ros2_iron/install/rqt_shell:/home/vboxuser/ros2_iron/install/rqt_service_caller:/home/vboxuser/ros2_iron/install/rqt_reconfigure:/home/vboxuser/ros2_iron/install/rqt_py_console:/home/vboxuser/ros2_iron/install/rqt_publisher:/home/vboxuser/ros2_iron/install/rqt_action:/home/vboxuser/ros2_iron/install/rqt_msg:/home/vboxuser/ros2_iron/install/rqt_console:/home/vboxuser/ros2_iron/install/rqt_graph:/home/vboxuser/ros2_iron/install/rqt_gui_py:/home/vboxuser/ros2_iron/install/rqt_gui:/home/vboxuser/ros2_iron/install/ros2trace:/home/vboxuser/ros2_iron/install/ros2topic:/home/vboxuser/ros2_iron/install/ros2test:/home/vboxuser/ros2_iron/install/ros2param:/home/vboxuser/ros2_iron/install/ros2lifecycle:/home/vboxuser/ros2_iron/install/ros2service:/home/vboxuser/ros2_iron/install/ros2run:/home/vboxuser/ros2_iron/install/ros2launch:/home/vboxuser/ros2_iron/install/ros2pkg:/home/vboxuser/ros2_iron/install/ros2node:/home/vboxuser/ros2_iron/install/ros2multicast:/home/vboxuser/ros2_iron/install/ros2interface:/home/vboxuser/ros2_iron/install/ros2action:/home/vboxuser/ros2_iron/install/ros2cli:/home/vboxuser/ros2_iron/install/launch_testing_ros:/home/vboxuser/ros2_iron/install/launch_ros:/home/vboxuser/ros2_iron/install/examples_rclpy_minimal_action_server:/home/vboxuser/ros2_iron/install/examples_rclpy_minimal_action_client:/home/vboxuser/ros2_iron/install/examples_rclpy_guard_conditions:/home/vboxuser/ros2_iron/install/action_tutorials_py:/home/vboxuser/ros2_iron/install/ament_uncrustify:/home/vboxuser/ros2_iron/install/tracetools_trace:/home/vboxuser/ros2_iron/install/tracetools_read:/home/vboxuser/ros2_iron/install/test_tracetools_launch:/home/vboxuser/ros2_iron/install/test_ros2trace:/home/vboxuser/ros2_iron/install/test_launch_ros:/home/vboxuser/ros2_iron/install/rpyutils:/home/vboxuser/ros2_iron/install/rosidl_runtime_py:/home/vboxuser/ros2_iron/install/rosidl_pycommon:/home/vboxuser/ros2_iron/install/rosidl_cli:/home/vboxuser/ros2_iron/install/launch_pytest:/home/vboxuser/ros2_iron/install/launch_testing:/home/vboxuser/ros2_iron/install/launch_yaml:/home/vboxuser/ros2_iron/install/launch_xml:/home/vboxuser/ros2_iron/install/launch:/home/vboxuser/ros2_iron/install/osrf_pycommon:/home/vboxuser/ros2_iron/install/domain_coordinator:/home/vboxuser/ros2_iron/install/ament_xmllint:/home/vboxuser/ros2_iron/install/ament_pyflakes:/home/vboxuser/ros2_iron/install/ament_pycodestyle:/home/vboxuser/ros2_iron/install/ament_pep257:/home/vboxuser/ros2_iron/install/ament_pclint:/home/vboxuser/ros2_iron/install/ament_package:/home/vboxuser/ros2_iron/install/ament_mypy:/home/vboxuser/ros2_iron/install/ament_lint_cmake:/home/vboxuser/ros2_iron/install/ament_flake8:/home/vboxuser/ros2_iron/install/ament_copyright:/home/vboxuser/ros2_iron/install/ament_lint:/home/vboxuser/ros2_iron/install/ament_index_python:/home/vboxuser/ros2_iron/install/ament_cpplint:/home/vboxuser/ros2_iron/install/ament_cppcheck:/home/vboxuser/ros2_iron/install/ament_clang_tidy:/home/vboxuser/ros2_iron/install/ament_clang_format /usr/bin/cmake --build /home/vboxuser/ros2_ws/build/examples_rclcpp_cbg_executor -- -j4 -l4
[28.639s] DEBUG:colcon.colcon_core.event_handler.log_command:Invoking command in '/home/vboxuser/ros2_ws/src/BMS_BQ769X2/src/bms_visualizer': PYTHONPATH=/home/vboxuser/ros2_ws/build/bms_visualizer/prefix_override:/usr/lib/python3/dist-packages/colcon_core/task/python/colcon_distutils_commands:/home/vboxuser/ros2_ws/install/bms_visualizer/lib/python3.10/site-packages:${PYTHONPATH} /usr/bin/python3 -W ignore:setup.py install is deprecated -W ignore:easy_install command is deprecated setup.py egg_info --egg-base ../../../../build/bms_visualizer build --build-base /home/vboxuser/ros2_ws/build/bms_visualizer/build install --record /home/vboxuser/ros2_ws/build/bms_visualizer/install.log --single-version-externally-managed install_data
[29.684s] DEBUG:colcon.colcon_core.event_handler.log_command:Invoked command in '/home/vboxuser/ros2_ws/src/BMS_BQ769X2/src/bms_visualizer' returned '0': PYTHONPATH=/home/vboxuser/ros2_ws/build/bms_visualizer/prefix_override:/usr/lib/python3/dist-packages/colcon_core/task/python/colcon_distutils_commands:/home/vboxuser/ros2_ws/install/bms_visualizer/lib/python3.10/site-packages:${PYTHONPATH} /usr/bin/python3 -W ignore:setup.py install is deprecated -W ignore:easy_install command is deprecated setup.py egg_info --egg-base ../../../../build/bms_visualizer build --build-base /home/vboxuser/ros2_ws/build/bms_visualizer/build install --record /home/vboxuser/ros2_ws/build/bms_visualizer/install.log --single-version-externally-managed install_data
[29.744s] Level 1:colcon.colcon_core.environment:checking '/home/vboxuser/ros2_ws/install/bms_visualizer' for CMake module files
[29.746s] Level 1:colcon.colcon_core.environment:checking '/home/vboxuser/ros2_ws/install/bms_visualizer' for CMake config files
[29.750s] Level 1:colcon.colcon_core.environment:checking '/home/vboxuser/ros2_ws/install/bms_visualizer/lib'
[29.754s] Level 1:colcon.colcon_core.environment:checking '/home/vboxuser/ros2_ws/install/bms_visualizer/bin'
[29.755s] Level 1:colcon.colcon_core.environment:checking '/home/vboxuser/ros2_ws/install/bms_visualizer/lib/pkgconfig/bms_visualizer.pc'
[29.755s] Level 1:colcon.colcon_core.environment:checking '/home/vboxuser/ros2_ws/install/bms_visualizer/lib/python3.10/site-packages'
[29.755s] Level 1:colcon.colcon_core.shell:create_environment_hook('bms_visualizer', 'pythonpath')
[29.758s] INFO:colcon.colcon_core.shell:Creating environment hook '/home/vboxuser/ros2_ws/install/bms_visualizer/share/bms_visualizer/hook/pythonpath.ps1'
[29.764s] INFO:colcon.colcon_core.shell:Creating environment descriptor '/home/vboxuser/ros2_ws/install/bms_visualizer/share/bms_visualizer/hook/pythonpath.dsv'
[29.779s] INFO:colcon.colcon_core.shell:Creating environment hook '/home/vboxuser/ros2_ws/install/bms_visualizer/share/bms_visualizer/hook/pythonpath.sh'
[29.782s] Level 1:colcon.colcon_core.environment:checking '/home/vboxuser/ros2_ws/install/bms_visualizer/bin'
[29.783s] Level 1:colcon.colcon_core.environment:create_environment_scripts_only(bms_visualizer)
[29.787s] INFO:colcon.colcon_core.shell:Creating package script '/home/vboxuser/ros2_ws/install/bms_visualizer/share/bms_visualizer/package.ps1'
[29.807s] INFO:colcon.colcon_core.shell:Creating package descriptor '/home/vboxuser/ros2_ws/install/bms_visualizer/share/bms_visualizer/package.dsv'
[29.814s] INFO:colcon.colcon_core.shell:Creating package script '/home/vboxuser/ros2_ws/install/bms_visualizer/share/bms_visualizer/package.sh'
[29.821s] INFO:colcon.colcon_core.shell:Creating package script '/home/vboxuser/ros2_ws/install/bms_visualizer/share/bms_visualizer/package.bash'
[29.840s] INFO:colcon.colcon_core.shell:Creating package script '/home/vboxuser/ros2_ws/install/bms_visualizer/share/bms_visualizer/package.zsh'
[29.846s] Level 1:colcon.colcon_core.environment:create_file_with_runtime_dependencies(/home/vboxuser/ros2_ws/install/bms_visualizer/share/colcon-core/packages/bms_visualizer)
[29.850s] INFO:colcon.colcon_ros.task.ament_cmake.build:Building ROS package in '/home/vboxuser/ros2_ws/src/examples/rclcpp/actions/minimal_action_client' with build type 'ament_cmake'
[29.851s] INFO:colcon.colcon_cmake.task.cmake.build:Building CMake package in '/home/vboxuser/ros2_ws/src/examples/rclcpp/actions/minimal_action_client'
[29.851s] INFO:colcon.colcon_core.shell:Skip shell extension 'powershell' for command environment: Not usable outside of PowerShell
[29.851s] DEBUG:colcon.colcon_core.shell:Skip shell extension 'dsv' for command environment
[29.967s] DEBUG:colcon.colcon_core.event_handler.log_command:Invoking command in '/home/vboxuser/ros2_ws/build/examples_rclcpp_minimal_action_client': CMAKE_PREFIX_PATH=${CMAKE_PREFIX_PATH}:/home/vboxuser/ros2_ws/install/py_pubsub:/home/vboxuser/ros2_ws/install/launch_testing_examples:/home/vboxuser/ros2_ws/install/examples_rclpy_pointcloud_publisher:/home/vboxuser/ros2_ws/install/examples_rclpy_minimal_subscriber:/home/vboxuser/ros2_ws/install/examples_rclpy_minimal_service:/home/vboxuser/ros2_ws/install/examples_rclpy_minimal_publisher:/home/vboxuser/ros2_ws/install/examples_rclpy_minimal_client:/home/vboxuser/ros2_ws/install/examples_rclpy_minimal_action_server:/home/vboxuser/ros2_ws/install/examples_rclpy_minimal_action_client:/home/vboxuser/ros2_ws/install/examples_rclpy_guard_conditions:/home/vboxuser/ros2_ws/install/examples_rclpy_executors:/home/vboxuser/ros2_ws/install/bms_visualizer:/opt/ros/iron:/home/vboxuser/ros2_iron/install/rqt_bag_plugins:/home/vboxuser/ros2_iron/install/rqt_bag:/home/vboxuser/ros2_iron/install/rosbag2_examples_py:/home/vboxuser/ros2_iron/install/launch_testing_examples:/home/vboxuser/ros2_iron/install/ros2bag:/home/vboxuser/ros2_iron/install/tracetools_test:/home/vboxuser/ros2_iron/install/tracetools_launch:/home/vboxuser/ros2_iron/install/topic_monitor:/home/vboxuser/ros2_iron/install/tf2_tools:/home/vboxuser/ros2_iron/install/examples_tf2_py:/home/vboxuser/ros2_iron/install/tf2_ros_py:/home/vboxuser/ros2_iron/install/examples_rclpy_pointcloud_publisher:/home/vboxuser/ros2_iron/install/sensor_msgs_py:/home/vboxuser/ros2_iron/install/quality_of_service_demo_py:/home/vboxuser/ros2_iron/install/rqt_plot:/home/vboxuser/ros2_iron/install/ros2doctor:/home/vboxuser/ros2_iron/install/lifecycle_py:/home/vboxuser/ros2_iron/install/examples_rclpy_minimal_subscriber:/home/vboxuser/ros2_iron/install/examples_rclpy_minimal_service:/home/vboxuser/ros2_iron/install/examples_rclpy_minimal_publisher:/home/vboxuser/ros2_iron/install/examples_rclpy_minimal_client:/home/vboxuser/ros2_iron/install/examples_rclpy_executors:/home/vboxuser/ros2_iron/install/demo_nodes_py:/home/vboxuser/ros2_iron/install/rqt:/home/vboxuser/ros2_iron/install/ros2component:/home/vboxuser/ros2_iron/install/sros2:/home/vboxuser/ros2_iron/install/rqt_topic:/home/vboxuser/ros2_iron/install/rqt_srv:/home/vboxuser/ros2_iron/install/rqt_shell:/home/vboxuser/ros2_iron/install/rqt_service_caller:/home/vboxuser/ros2_iron/install/rqt_reconfigure:/home/vboxuser/ros2_iron/install/rqt_py_console:/home/vboxuser/ros2_iron/install/rqt_publisher:/home/vboxuser/ros2_iron/install/rqt_action:/home/vboxuser/ros2_iron/install/rqt_msg:/home/vboxuser/ros2_iron/install/rqt_console:/home/vboxuser/ros2_iron/install/rqt_graph:/home/vboxuser/ros2_iron/install/rqt_gui_py:/home/vboxuser/ros2_iron/install/rqt_gui:/home/vboxuser/ros2_iron/install/ros2trace:/home/vboxuser/ros2_iron/install/ros2topic:/home/vboxuser/ros2_iron/install/ros2test:/home/vboxuser/ros2_iron/install/ros2param:/home/vboxuser/ros2_iron/install/ros2lifecycle:/home/vboxuser/ros2_iron/install/ros2service:/home/vboxuser/ros2_iron/install/ros2run:/home/vboxuser/ros2_iron/install/ros2launch:/home/vboxuser/ros2_iron/install/ros2pkg:/home/vboxuser/ros2_iron/install/ros2node:/home/vboxuser/ros2_iron/install/ros2multicast:/home/vboxuser/ros2_iron/install/ros2interface:/home/vboxuser/ros2_iron/install/ros2action:/home/vboxuser/ros2_iron/install/ros2cli:/home/vboxuser/ros2_iron/install/launch_testing_ros:/home/vboxuser/ros2_iron/install/launch_ros:/home/vboxuser/ros2_iron/install/examples_rclpy_minimal_action_server:/home/vboxuser/ros2_iron/install/examples_rclpy_minimal_action_client:/home/vboxuser/ros2_iron/install/examples_rclpy_guard_conditions:/home/vboxuser/ros2_iron/install/action_tutorials_py:/home/vboxuser/ros2_iron/install/ament_uncrustify:/home/vboxuser/ros2_iron/install/tracetools_trace:/home/vboxuser/ros2_iron/install/tracetools_read:/home/vboxuser/ros2_iron/install/test_tracetools_launch:/home/vboxuser/ros2_iron/install/test_ros2trace:/home/vboxuser/ros2_iron/install/test_launch_ros:/home/vboxuser/ros2_iron/install/rpyutils:/home/vboxuser/ros2_iron/install/rosidl_runtime_py:/home/vboxuser/ros2_iron/install/rosidl_pycommon:/home/vboxuser/ros2_iron/install/rosidl_cli:/home/vboxuser/ros2_iron/install/launch_pytest:/home/vboxuser/ros2_iron/install/launch_testing:/home/vboxuser/ros2_iron/install/launch_yaml:/home/vboxuser/ros2_iron/install/launch_xml:/home/vboxuser/ros2_iron/install/launch:/home/vboxuser/ros2_iron/install/osrf_pycommon:/home/vboxuser/ros2_iron/install/domain_coordinator:/home/vboxuser/ros2_iron/install/ament_xmllint:/home/vboxuser/ros2_iron/install/ament_pyflakes:/home/vboxuser/ros2_iron/install/ament_pycodestyle:/home/vboxuser/ros2_iron/install/ament_pep257:/home/vboxuser/ros2_iron/install/ament_pclint:/home/vboxuser/ros2_iron/install/ament_package:/home/vboxuser/ros2_iron/install/ament_mypy:/home/vboxuser/ros2_iron/install/ament_lint_cmake:/home/vboxuser/ros2_iron/install/ament_flake8:/home/vboxuser/ros2_iron/install/ament_copyright:/home/vboxuser/ros2_iron/install/ament_lint:/home/vboxuser/ros2_iron/install/ament_index_python:/home/vboxuser/ros2_iron/install/ament_cpplint:/home/vboxuser/ros2_iron/install/ament_cppcheck:/home/vboxuser/ros2_iron/install/ament_clang_tidy:/home/vboxuser/ros2_iron/install/ament_clang_format /usr/bin/cmake --build /home/vboxuser/ros2_ws/build/examples_rclcpp_minimal_action_client -- -j4 -l4
[30.123s] DEBUG:colcon.colcon_core.event_handler.log_command:Invoked command in '/home/vboxuser/ros2_ws/build/examples_rclcpp_async_client' returned '0': CMAKE_PREFIX_PATH=${CMAKE_PREFIX_PATH}:/home/vboxuser/ros2_ws/install/py_pubsub:/home/vboxuser/ros2_ws/install/launch_testing_examples:/home/vboxuser/ros2_ws/install/examples_rclpy_pointcloud_publisher:/home/vboxuser/ros2_ws/install/examples_rclpy_minimal_subscriber:/home/vboxuser/ros2_ws/install/examples_rclpy_minimal_service:/home/vboxuser/ros2_ws/install/examples_rclpy_minimal_publisher:/home/vboxuser/ros2_ws/install/examples_rclpy_minimal_client:/home/vboxuser/ros2_ws/install/examples_rclpy_minimal_action_server:/home/vboxuser/ros2_ws/install/examples_rclpy_minimal_action_client:/home/vboxuser/ros2_ws/install/examples_rclpy_guard_conditions:/home/vboxuser/ros2_ws/install/examples_rclpy_executors:/home/vboxuser/ros2_ws/install/bms_visualizer:/opt/ros/iron:/home/vboxuser/ros2_iron/install/rqt_bag_plugins:/home/vboxuser/ros2_iron/install/rqt_bag:/home/vboxuser/ros2_iron/install/rosbag2_examples_py:/home/vboxuser/ros2_iron/install/launch_testing_examples:/home/vboxuser/ros2_iron/install/ros2bag:/home/vboxuser/ros2_iron/install/tracetools_test:/home/vboxuser/ros2_iron/install/tracetools_launch:/home/vboxuser/ros2_iron/install/topic_monitor:/home/vboxuser/ros2_iron/install/tf2_tools:/home/vboxuser/ros2_iron/install/examples_tf2_py:/home/vboxuser/ros2_iron/install/tf2_ros_py:/home/vboxuser/ros2_iron/install/examples_rclpy_pointcloud_publisher:/home/vboxuser/ros2_iron/install/sensor_msgs_py:/home/vboxuser/ros2_iron/install/quality_of_service_demo_py:/home/vboxuser/ros2_iron/install/rqt_plot:/home/vboxuser/ros2_iron/install/ros2doctor:/home/vboxuser/ros2_iron/install/lifecycle_py:/home/vboxuser/ros2_iron/install/examples_rclpy_minimal_subscriber:/home/vboxuser/ros2_iron/install/examples_rclpy_minimal_service:/home/vboxuser/ros2_iron/install/examples_rclpy_minimal_publisher:/home/vboxuser/ros2_iron/install/examples_rclpy_minimal_client:/home/vboxuser/ros2_iron/install/examples_rclpy_executors:/home/vboxuser/ros2_iron/install/demo_nodes_py:/home/vboxuser/ros2_iron/install/rqt:/home/vboxuser/ros2_iron/install/ros2component:/home/vboxuser/ros2_iron/install/sros2:/home/vboxuser/ros2_iron/install/rqt_topic:/home/vboxuser/ros2_iron/install/rqt_srv:/home/vboxuser/ros2_iron/install/rqt_shell:/home/vboxuser/ros2_iron/install/rqt_service_caller:/home/vboxuser/ros2_iron/install/rqt_reconfigure:/home/vboxuser/ros2_iron/install/rqt_py_console:/home/vboxuser/ros2_iron/install/rqt_publisher:/home/vboxuser/ros2_iron/install/rqt_action:/home/vboxuser/ros2_iron/install/rqt_msg:/home/vboxuser/ros2_iron/install/rqt_console:/home/vboxuser/ros2_iron/install/rqt_graph:/home/vboxuser/ros2_iron/install/rqt_gui_py:/home/vboxuser/ros2_iron/install/rqt_gui:/home/vboxuser/ros2_iron/install/ros2trace:/home/vboxuser/ros2_iron/install/ros2topic:/home/vboxuser/ros2_iron/install/ros2test:/home/vboxuser/ros2_iron/install/ros2param:/home/vboxuser/ros2_iron/install/ros2lifecycle:/home/vboxuser/ros2_iron/install/ros2service:/home/vboxuser/ros2_iron/install/ros2run:/home/vboxuser/ros2_iron/install/ros2launch:/home/vboxuser/ros2_iron/install/ros2pkg:/home/vboxuser/ros2_iron/install/ros2node:/home/vboxuser/ros2_iron/install/ros2multicast:/home/vboxuser/ros2_iron/install/ros2interface:/home/vboxuser/ros2_iron/install/ros2action:/home/vboxuser/ros2_iron/install/ros2cli:/home/vboxuser/ros2_iron/install/launch_testing_ros:/home/vboxuser/ros2_iron/install/launch_ros:/home/vboxuser/ros2_iron/install/examples_rclpy_minimal_action_server:/home/vboxuser/ros2_iron/install/examples_rclpy_minimal_action_client:/home/vboxuser/ros2_iron/install/examples_rclpy_guard_conditions:/home/vboxuser/ros2_iron/install/action_tutorials_py:/home/vboxuser/ros2_iron/install/ament_uncrustify:/home/vboxuser/ros2_iron/install/tracetools_trace:/home/vboxuser/ros2_iron/install/tracetools_read:/home/vboxuser/ros2_iron/install/test_tracetools_launch:/home/vboxuser/ros2_iron/install/test_ros2trace:/home/vboxuser/ros2_iron/install/test_launch_ros:/home/vboxuser/ros2_iron/install/rpyutils:/home/vboxuser/ros2_iron/install/rosidl_runtime_py:/home/vboxuser/ros2_iron/install/rosidl_pycommon:/home/vboxuser/ros2_iron/install/rosidl_cli:/home/vboxuser/ros2_iron/install/launch_pytest:/home/vboxuser/ros2_iron/install/launch_testing:/home/vboxuser/ros2_iron/install/launch_yaml:/home/vboxuser/ros2_iron/install/launch_xml:/home/vboxuser/ros2_iron/install/launch:/home/vboxuser/ros2_iron/install/osrf_pycommon:/home/vboxuser/ros2_iron/install/domain_coordinator:/home/vboxuser/ros2_iron/install/ament_xmllint:/home/vboxuser/ros2_iron/install/ament_pyflakes:/home/vboxuser/ros2_iron/install/ament_pycodestyle:/home/vboxuser/ros2_iron/install/ament_pep257:/home/vboxuser/ros2_iron/install/ament_pclint:/home/vboxuser/ros2_iron/install/ament_package:/home/vboxuser/ros2_iron/install/ament_mypy:/home/vboxuser/ros2_iron/install/ament_lint_cmake:/home/vboxuser/ros2_iron/install/ament_flake8:/home/vboxuser/ros2_iron/install/ament_copyright:/home/vboxuser/ros2_iron/install/ament_lint:/home/vboxuser/ros2_iron/install/ament_index_python:/home/vboxuser/ros2_iron/install/ament_cpplint:/home/vboxuser/ros2_iron/install/ament_cppcheck:/home/vboxuser/ros2_iron/install/ament_clang_tidy:/home/vboxuser/ros2_iron/install/ament_clang_format /usr/bin/cmake --build /home/vboxuser/ros2_ws/build/examples_rclcpp_async_client -- -j4 -l4
[30.271s] DEBUG:colcon.colcon_core.event_handler.log_command:Invoking command in '/home/vboxuser/ros2_ws/build/examples_rclcpp_async_client': CMAKE_PREFIX_PATH=${CMAKE_PREFIX_PATH}:/home/vboxuser/ros2_ws/install/py_pubsub:/home/vboxuser/ros2_ws/install/launch_testing_examples:/home/vboxuser/ros2_ws/install/examples_rclpy_pointcloud_publisher:/home/vboxuser/ros2_ws/install/examples_rclpy_minimal_subscriber:/home/vboxuser/ros2_ws/install/examples_rclpy_minimal_service:/home/vboxuser/ros2_ws/install/examples_rclpy_minimal_publisher:/home/vboxuser/ros2_ws/install/examples_rclpy_minimal_client:/home/vboxuser/ros2_ws/install/examples_rclpy_minimal_action_server:/home/vboxuser/ros2_ws/install/examples_rclpy_minimal_action_client:/home/vboxuser/ros2_ws/install/examples_rclpy_guard_conditions:/home/vboxuser/ros2_ws/install/examples_rclpy_executors:/home/vboxuser/ros2_ws/install/bms_visualizer:/opt/ros/iron:/home/vboxuser/ros2_iron/install/rqt_bag_plugins:/home/vboxuser/ros2_iron/install/rqt_bag:/home/vboxuser/ros2_iron/install/rosbag2_examples_py:/home/vboxuser/ros2_iron/install/launch_testing_examples:/home/vboxuser/ros2_iron/install/ros2bag:/home/vboxuser/ros2_iron/install/tracetools_test:/home/vboxuser/ros2_iron/install/tracetools_launch:/home/vboxuser/ros2_iron/install/topic_monitor:/home/vboxuser/ros2_iron/install/tf2_tools:/home/vboxuser/ros2_iron/install/examples_tf2_py:/home/vboxuser/ros2_iron/install/tf2_ros_py:/home/vboxuser/ros2_iron/install/examples_rclpy_pointcloud_publisher:/home/vboxuser/ros2_iron/install/sensor_msgs_py:/home/vboxuser/ros2_iron/install/quality_of_service_demo_py:/home/vboxuser/ros2_iron/install/rqt_plot:/home/vboxuser/ros2_iron/install/ros2doctor:/home/vboxuser/ros2_iron/install/lifecycle_py:/home/vboxuser/ros2_iron/install/examples_rclpy_minimal_subscriber:/home/vboxuser/ros2_iron/install/examples_rclpy_minimal_service:/home/vboxuser/ros2_iron/install/examples_rclpy_minimal_publisher:/home/vboxuser/ros2_iron/install/examples_rclpy_minimal_client:/home/vboxuser/ros2_iron/install/examples_rclpy_executors:/home/vboxuser/ros2_iron/install/demo_nodes_py:/home/vboxuser/ros2_iron/install/rqt:/home/vboxuser/ros2_iron/install/ros2component:/home/vboxuser/ros2_iron/install/sros2:/home/vboxuser/ros2_iron/install/rqt_topic:/home/vboxuser/ros2_iron/install/rqt_srv:/home/vboxuser/ros2_iron/install/rqt_shell:/home/vboxuser/ros2_iron/install/rqt_service_caller:/home/vboxuser/ros2_iron/install/rqt_reconfigure:/home/vboxuser/ros2_iron/install/rqt_py_console:/home/vboxuser/ros2_iron/install/rqt_publisher:/home/vboxuser/ros2_iron/install/rqt_action:/home/vboxuser/ros2_iron/install/rqt_msg:/home/vboxuser/ros2_iron/install/rqt_console:/home/vboxuser/ros2_iron/install/rqt_graph:/home/vboxuser/ros2_iron/install/rqt_gui_py:/home/vboxuser/ros2_iron/install/rqt_gui:/home/vboxuser/ros2_iron/install/ros2trace:/home/vboxuser/ros2_iron/install/ros2topic:/home/vboxuser/ros2_iron/install/ros2test:/home/vboxuser/ros2_iron/install/ros2param:/home/vboxuser/ros2_iron/install/ros2lifecycle:/home/vboxuser/ros2_iron/install/ros2service:/home/vboxuser/ros2_iron/install/ros2run:/home/vboxuser/ros2_iron/install/ros2launch:/home/vboxuser/ros2_iron/install/ros2pkg:/home/vboxuser/ros2_iron/install/ros2node:/home/vboxuser/ros2_iron/install/ros2multicast:/home/vboxuser/ros2_iron/install/ros2interface:/home/vboxuser/ros2_iron/install/ros2action:/home/vboxuser/ros2_iron/install/ros2cli:/home/vboxuser/ros2_iron/install/launch_testing_ros:/home/vboxuser/ros2_iron/install/launch_ros:/home/vboxuser/ros2_iron/install/examples_rclpy_minimal_action_server:/home/vboxuser/ros2_iron/install/examples_rclpy_minimal_action_client:/home/vboxuser/ros2_iron/install/examples_rclpy_guard_conditions:/home/vboxuser/ros2_iron/install/action_tutorials_py:/home/vboxuser/ros2_iron/install/ament_uncrustify:/home/vboxuser/ros2_iron/install/tracetools_trace:/home/vboxuser/ros2_iron/install/tracetools_read:/home/vboxuser/ros2_iron/install/test_tracetools_launch:/home/vboxuser/ros2_iron/install/test_ros2trace:/home/vboxuser/ros2_iron/install/test_launch_ros:/home/vboxuser/ros2_iron/install/rpyutils:/home/vboxuser/ros2_iron/install/rosidl_runtime_py:/home/vboxuser/ros2_iron/install/rosidl_pycommon:/home/vboxuser/ros2_iron/install/rosidl_cli:/home/vboxuser/ros2_iron/install/launch_pytest:/home/vboxuser/ros2_iron/install/launch_testing:/home/vboxuser/ros2_iron/install/launch_yaml:/home/vboxuser/ros2_iron/install/launch_xml:/home/vboxuser/ros2_iron/install/launch:/home/vboxuser/ros2_iron/install/osrf_pycommon:/home/vboxuser/ros2_iron/install/domain_coordinator:/home/vboxuser/ros2_iron/install/ament_xmllint:/home/vboxuser/ros2_iron/install/ament_pyflakes:/home/vboxuser/ros2_iron/install/ament_pycodestyle:/home/vboxuser/ros2_iron/install/ament_pep257:/home/vboxuser/ros2_iron/install/ament_pclint:/home/vboxuser/ros2_iron/install/ament_package:/home/vboxuser/ros2_iron/install/ament_mypy:/home/vboxuser/ros2_iron/install/ament_lint_cmake:/home/vboxuser/ros2_iron/install/ament_flake8:/home/vboxuser/ros2_iron/install/ament_copyright:/home/vboxuser/ros2_iron/install/ament_lint:/home/vboxuser/ros2_iron/install/ament_index_python:/home/vboxuser/ros2_iron/install/ament_cpplint:/home/vboxuser/ros2_iron/install/ament_cppcheck:/home/vboxuser/ros2_iron/install/ament_clang_tidy:/home/vboxuser/ros2_iron/install/ament_clang_format /usr/bin/cmake --install /home/vboxuser/ros2_ws/build/examples_rclcpp_async_client
[30.325s] DEBUG:colcon.colcon_core.event_handler.log_command:Invoked command in '/home/vboxuser/ros2_ws/build/examples_rclcpp_cbg_executor' returned '0': CMAKE_PREFIX_PATH=${CMAKE_PREFIX_PATH}:/home/vboxuser/ros2_ws/install/py_pubsub:/home/vboxuser/ros2_ws/install/launch_testing_examples:/home/vboxuser/ros2_ws/install/examples_rclpy_pointcloud_publisher:/home/vboxuser/ros2_ws/install/examples_rclpy_minimal_subscriber:/home/vboxuser/ros2_ws/install/examples_rclpy_minimal_service:/home/vboxuser/ros2_ws/install/examples_rclpy_minimal_publisher:/home/vboxuser/ros2_ws/install/examples_rclpy_minimal_client:/home/vboxuser/ros2_ws/install/examples_rclpy_minimal_action_server:/home/vboxuser/ros2_ws/install/examples_rclpy_minimal_action_client:/home/vboxuser/ros2_ws/install/examples_rclpy_guard_conditions:/home/vboxuser/ros2_ws/install/examples_rclpy_executors:/home/vboxuser/ros2_ws/install/bms_visualizer:/opt/ros/iron:/home/vboxuser/ros2_iron/install/rqt_bag_plugins:/home/vboxuser/ros2_iron/install/rqt_bag:/home/vboxuser/ros2_iron/install/rosbag2_examples_py:/home/vboxuser/ros2_iron/install/launch_testing_examples:/home/vboxuser/ros2_iron/install/ros2bag:/home/vboxuser/ros2_iron/install/tracetools_test:/home/vboxuser/ros2_iron/install/tracetools_launch:/home/vboxuser/ros2_iron/install/topic_monitor:/home/vboxuser/ros2_iron/install/tf2_tools:/home/vboxuser/ros2_iron/install/examples_tf2_py:/home/vboxuser/ros2_iron/install/tf2_ros_py:/home/vboxuser/ros2_iron/install/examples_rclpy_pointcloud_publisher:/home/vboxuser/ros2_iron/install/sensor_msgs_py:/home/vboxuser/ros2_iron/install/quality_of_service_demo_py:/home/vboxuser/ros2_iron/install/rqt_plot:/home/vboxuser/ros2_iron/install/ros2doctor:/home/vboxuser/ros2_iron/install/lifecycle_py:/home/vboxuser/ros2_iron/install/examples_rclpy_minimal_subscriber:/home/vboxuser/ros2_iron/install/examples_rclpy_minimal_service:/home/vboxuser/ros2_iron/install/examples_rclpy_minimal_publisher:/home/vboxuser/ros2_iron/install/examples_rclpy_minimal_client:/home/vboxuser/ros2_iron/install/examples_rclpy_executors:/home/vboxuser/ros2_iron/install/demo_nodes_py:/home/vboxuser/ros2_iron/install/rqt:/home/vboxuser/ros2_iron/install/ros2component:/home/vboxuser/ros2_iron/install/sros2:/home/vboxuser/ros2_iron/install/rqt_topic:/home/vboxuser/ros2_iron/install/rqt_srv:/home/vboxuser/ros2_iron/install/rqt_shell:/home/vboxuser/ros2_iron/install/rqt_service_caller:/home/vboxuser/ros2_iron/install/rqt_reconfigure:/home/vboxuser/ros2_iron/install/rqt_py_console:/home/vboxuser/ros2_iron/install/rqt_publisher:/home/vboxuser/ros2_iron/install/rqt_action:/home/vboxuser/ros2_iron/install/rqt_msg:/home/vboxuser/ros2_iron/install/rqt_console:/home/vboxuser/ros2_iron/install/rqt_graph:/home/vboxuser/ros2_iron/install/rqt_gui_py:/home/vboxuser/ros2_iron/install/rqt_gui:/home/vboxuser/ros2_iron/install/ros2trace:/home/vboxuser/ros2_iron/install/ros2topic:/home/vboxuser/ros2_iron/install/ros2test:/home/vboxuser/ros2_iron/install/ros2param:/home/vboxuser/ros2_iron/install/ros2lifecycle:/home/vboxuser/ros2_iron/install/ros2service:/home/vboxuser/ros2_iron/install/ros2run:/home/vboxuser/ros2_iron/install/ros2launch:/home/vboxuser/ros2_iron/install/ros2pkg:/home/vboxuser/ros2_iron/install/ros2node:/home/vboxuser/ros2_iron/install/ros2multicast:/home/vboxuser/ros2_iron/install/ros2interface:/home/vboxuser/ros2_iron/install/ros2action:/home/vboxuser/ros2_iron/install/ros2cli:/home/vboxuser/ros2_iron/install/launch_testing_ros:/home/vboxuser/ros2_iron/install/launch_ros:/home/vboxuser/ros2_iron/install/examples_rclpy_minimal_action_server:/home/vboxuser/ros2_iron/install/examples_rclpy_minimal_action_client:/home/vboxuser/ros2_iron/install/examples_rclpy_guard_conditions:/home/vboxuser/ros2_iron/install/action_tutorials_py:/home/vboxuser/ros2_iron/install/ament_uncrustify:/home/vboxuser/ros2_iron/install/tracetools_trace:/home/vboxuser/ros2_iron/install/tracetools_read:/home/vboxuser/ros2_iron/install/test_tracetools_launch:/home/vboxuser/ros2_iron/install/test_ros2trace:/home/vboxuser/ros2_iron/install/test_launch_ros:/home/vboxuser/ros2_iron/install/rpyutils:/home/vboxuser/ros2_iron/install/rosidl_runtime_py:/home/vboxuser/ros2_iron/install/rosidl_pycommon:/home/vboxuser/ros2_iron/install/rosidl_cli:/home/vboxuser/ros2_iron/install/launch_pytest:/home/vboxuser/ros2_iron/install/launch_testing:/home/vboxuser/ros2_iron/install/launch_yaml:/home/vboxuser/ros2_iron/install/launch_xml:/home/vboxuser/ros2_iron/install/launch:/home/vboxuser/ros2_iron/install/osrf_pycommon:/home/vboxuser/ros2_iron/install/domain_coordinator:/home/vboxuser/ros2_iron/install/ament_xmllint:/home/vboxuser/ros2_iron/install/ament_pyflakes:/home/vboxuser/ros2_iron/install/ament_pycodestyle:/home/vboxuser/ros2_iron/install/ament_pep257:/home/vboxuser/ros2_iron/install/ament_pclint:/home/vboxuser/ros2_iron/install/ament_package:/home/vboxuser/ros2_iron/install/ament_mypy:/home/vboxuser/ros2_iron/install/ament_lint_cmake:/home/vboxuser/ros2_iron/install/ament_flake8:/home/vboxuser/ros2_iron/install/ament_copyright:/home/vboxuser/ros2_iron/install/ament_lint:/home/vboxuser/ros2_iron/install/ament_index_python:/home/vboxuser/ros2_iron/install/ament_cpplint:/home/vboxuser/ros2_iron/install/ament_cppcheck:/home/vboxuser/ros2_iron/install/ament_clang_tidy:/home/vboxuser/ros2_iron/install/ament_clang_format /usr/bin/cmake --build /home/vboxuser/ros2_ws/build/examples_rclcpp_cbg_executor -- -j4 -l4
[30.344s] DEBUG:colcon.colcon_core.event_handler.log_command:Invoking command in '/home/vboxuser/ros2_ws/build/examples_rclcpp_cbg_executor': CMAKE_PREFIX_PATH=${CMAKE_PREFIX_PATH}:/home/vboxuser/ros2_ws/install/py_pubsub:/home/vboxuser/ros2_ws/install/launch_testing_examples:/home/vboxuser/ros2_ws/install/examples_rclpy_pointcloud_publisher:/home/vboxuser/ros2_ws/install/examples_rclpy_minimal_subscriber:/home/vboxuser/ros2_ws/install/examples_rclpy_minimal_service:/home/vboxuser/ros2_ws/install/examples_rclpy_minimal_publisher:/home/vboxuser/ros2_ws/install/examples_rclpy_minimal_client:/home/vboxuser/ros2_ws/install/examples_rclpy_minimal_action_server:/home/vboxuser/ros2_ws/install/examples_rclpy_minimal_action_client:/home/vboxuser/ros2_ws/install/examples_rclpy_guard_conditions:/home/vboxuser/ros2_ws/install/examples_rclpy_executors:/home/vboxuser/ros2_ws/install/bms_visualizer:/opt/ros/iron:/home/vboxuser/ros2_iron/install/rqt_bag_plugins:/home/vboxuser/ros2_iron/install/rqt_bag:/home/vboxuser/ros2_iron/install/rosbag2_examples_py:/home/vboxuser/ros2_iron/install/launch_testing_examples:/home/vboxuser/ros2_iron/install/ros2bag:/home/vboxuser/ros2_iron/install/tracetools_test:/home/vboxuser/ros2_iron/install/tracetools_launch:/home/vboxuser/ros2_iron/install/topic_monitor:/home/vboxuser/ros2_iron/install/tf2_tools:/home/vboxuser/ros2_iron/install/examples_tf2_py:/home/vboxuser/ros2_iron/install/tf2_ros_py:/home/vboxuser/ros2_iron/install/examples_rclpy_pointcloud_publisher:/home/vboxuser/ros2_iron/install/sensor_msgs_py:/home/vboxuser/ros2_iron/install/quality_of_service_demo_py:/home/vboxuser/ros2_iron/install/rqt_plot:/home/vboxuser/ros2_iron/install/ros2doctor:/home/vboxuser/ros2_iron/install/lifecycle_py:/home/vboxuser/ros2_iron/install/examples_rclpy_minimal_subscriber:/home/vboxuser/ros2_iron/install/examples_rclpy_minimal_service:/home/vboxuser/ros2_iron/install/examples_rclpy_minimal_publisher:/home/vboxuser/ros2_iron/install/examples_rclpy_minimal_client:/home/vboxuser/ros2_iron/install/examples_rclpy_executors:/home/vboxuser/ros2_iron/install/demo_nodes_py:/home/vboxuser/ros2_iron/install/rqt:/home/vboxuser/ros2_iron/install/ros2component:/home/vboxuser/ros2_iron/install/sros2:/home/vboxuser/ros2_iron/install/rqt_topic:/home/vboxuser/ros2_iron/install/rqt_srv:/home/vboxuser/ros2_iron/install/rqt_shell:/home/vboxuser/ros2_iron/install/rqt_service_caller:/home/vboxuser/ros2_iron/install/rqt_reconfigure:/home/vboxuser/ros2_iron/install/rqt_py_console:/home/vboxuser/ros2_iron/install/rqt_publisher:/home/vboxuser/ros2_iron/install/rqt_action:/home/vboxuser/ros2_iron/install/rqt_msg:/home/vboxuser/ros2_iron/install/rqt_console:/home/vboxuser/ros2_iron/install/rqt_graph:/home/vboxuser/ros2_iron/install/rqt_gui_py:/home/vboxuser/ros2_iron/install/rqt_gui:/home/vboxuser/ros2_iron/install/ros2trace:/home/vboxuser/ros2_iron/install/ros2topic:/home/vboxuser/ros2_iron/install/ros2test:/home/vboxuser/ros2_iron/install/ros2param:/home/vboxuser/ros2_iron/install/ros2lifecycle:/home/vboxuser/ros2_iron/install/ros2service:/home/vboxuser/ros2_iron/install/ros2run:/home/vboxuser/ros2_iron/install/ros2launch:/home/vboxuser/ros2_iron/install/ros2pkg:/home/vboxuser/ros2_iron/install/ros2node:/home/vboxuser/ros2_iron/install/ros2multicast:/home/vboxuser/ros2_iron/install/ros2interface:/home/vboxuser/ros2_iron/install/ros2action:/home/vboxuser/ros2_iron/install/ros2cli:/home/vboxuser/ros2_iron/install/launch_testing_ros:/home/vboxuser/ros2_iron/install/launch_ros:/home/vboxuser/ros2_iron/install/examples_rclpy_minimal_action_server:/home/vboxuser/ros2_iron/install/examples_rclpy_minimal_action_client:/home/vboxuser/ros2_iron/install/examples_rclpy_guard_conditions:/home/vboxuser/ros2_iron/install/action_tutorials_py:/home/vboxuser/ros2_iron/install/ament_uncrustify:/home/vboxuser/ros2_iron/install/tracetools_trace:/home/vboxuser/ros2_iron/install/tracetools_read:/home/vboxuser/ros2_iron/install/test_tracetools_launch:/home/vboxuser/ros2_iron/install/test_ros2trace:/home/vboxuser/ros2_iron/install/test_launch_ros:/home/vboxuser/ros2_iron/install/rpyutils:/home/vboxuser/ros2_iron/install/rosidl_runtime_py:/home/vboxuser/ros2_iron/install/rosidl_pycommon:/home/vboxuser/ros2_iron/install/rosidl_cli:/home/vboxuser/ros2_iron/install/launch_pytest:/home/vboxuser/ros2_iron/install/launch_testing:/home/vboxuser/ros2_iron/install/launch_yaml:/home/vboxuser/ros2_iron/install/launch_xml:/home/vboxuser/ros2_iron/install/launch:/home/vboxuser/ros2_iron/install/osrf_pycommon:/home/vboxuser/ros2_iron/install/domain_coordinator:/home/vboxuser/ros2_iron/install/ament_xmllint:/home/vboxuser/ros2_iron/install/ament_pyflakes:/home/vboxuser/ros2_iron/install/ament_pycodestyle:/home/vboxuser/ros2_iron/install/ament_pep257:/home/vboxuser/ros2_iron/install/ament_pclint:/home/vboxuser/ros2_iron/install/ament_package:/home/vboxuser/ros2_iron/install/ament_mypy:/home/vboxuser/ros2_iron/install/ament_lint_cmake:/home/vboxuser/ros2_iron/install/ament_flake8:/home/vboxuser/ros2_iron/install/ament_copyright:/home/vboxuser/ros2_iron/install/ament_lint:/home/vboxuser/ros2_iron/install/ament_index_python:/home/vboxuser/ros2_iron/install/ament_cpplint:/home/vboxuser/ros2_iron/install/ament_cppcheck:/home/vboxuser/ros2_iron/install/ament_clang_tidy:/home/vboxuser/ros2_iron/install/ament_clang_format /usr/bin/cmake --install /home/vboxuser/ros2_ws/build/examples_rclcpp_cbg_executor
[30.358s] DEBUG:colcon.colcon_core.event_handler.log_command:Invoked command in '/home/vboxuser/ros2_ws/build/bq769x2_i2c_ros' returned '0': CMAKE_PREFIX_PATH=${CMAKE_PREFIX_PATH}:/home/vboxuser/ros2_ws/install/py_pubsub:/home/vboxuser/ros2_ws/install/launch_testing_examples:/home/vboxuser/ros2_ws/install/examples_rclpy_pointcloud_publisher:/home/vboxuser/ros2_ws/install/examples_rclpy_minimal_subscriber:/home/vboxuser/ros2_ws/install/examples_rclpy_minimal_service:/home/vboxuser/ros2_ws/install/examples_rclpy_minimal_publisher:/home/vboxuser/ros2_ws/install/examples_rclpy_minimal_client:/home/vboxuser/ros2_ws/install/examples_rclpy_minimal_action_server:/home/vboxuser/ros2_ws/install/examples_rclpy_minimal_action_client:/home/vboxuser/ros2_ws/install/examples_rclpy_guard_conditions:/home/vboxuser/ros2_ws/install/examples_rclpy_executors:/home/vboxuser/ros2_ws/install/bms_visualizer:/opt/ros/iron:/home/vboxuser/ros2_iron/install/rqt_bag_plugins:/home/vboxuser/ros2_iron/install/rqt_bag:/home/vboxuser/ros2_iron/install/rosbag2_examples_py:/home/vboxuser/ros2_iron/install/launch_testing_examples:/home/vboxuser/ros2_iron/install/ros2bag:/home/vboxuser/ros2_iron/install/tracetools_test:/home/vboxuser/ros2_iron/install/tracetools_launch:/home/vboxuser/ros2_iron/install/topic_monitor:/home/vboxuser/ros2_iron/install/tf2_tools:/home/vboxuser/ros2_iron/install/examples_tf2_py:/home/vboxuser/ros2_iron/install/tf2_ros_py:/home/vboxuser/ros2_iron/install/examples_rclpy_pointcloud_publisher:/home/vboxuser/ros2_iron/install/sensor_msgs_py:/home/vboxuser/ros2_iron/install/quality_of_service_demo_py:/home/vboxuser/ros2_iron/install/rqt_plot:/home/vboxuser/ros2_iron/install/ros2doctor:/home/vboxuser/ros2_iron/install/lifecycle_py:/home/vboxuser/ros2_iron/install/examples_rclpy_minimal_subscriber:/home/vboxuser/ros2_iron/install/examples_rclpy_minimal_service:/home/vboxuser/ros2_iron/install/examples_rclpy_minimal_publisher:/home/vboxuser/ros2_iron/install/examples_rclpy_minimal_client:/home/vboxuser/ros2_iron/install/examples_rclpy_executors:/home/vboxuser/ros2_iron/install/demo_nodes_py:/home/vboxuser/ros2_iron/install/rqt:/home/vboxuser/ros2_iron/install/ros2component:/home/vboxuser/ros2_iron/install/sros2:/home/vboxuser/ros2_iron/install/rqt_topic:/home/vboxuser/ros2_iron/install/rqt_srv:/home/vboxuser/ros2_iron/install/rqt_shell:/home/vboxuser/ros2_iron/install/rqt_service_caller:/home/vboxuser/ros2_iron/install/rqt_reconfigure:/home/vboxuser/ros2_iron/install/rqt_py_console:/home/vboxuser/ros2_iron/install/rqt_publisher:/home/vboxuser/ros2_iron/install/rqt_action:/home/vboxuser/ros2_iron/install/rqt_msg:/home/vboxuser/ros2_iron/install/rqt_console:/home/vboxuser/ros2_iron/install/rqt_graph:/home/vboxuser/ros2_iron/install/rqt_gui_py:/home/vboxuser/ros2_iron/install/rqt_gui:/home/vboxuser/ros2_iron/install/ros2trace:/home/vboxuser/ros2_iron/install/ros2topic:/home/vboxuser/ros2_iron/install/ros2test:/home/vboxuser/ros2_iron/install/ros2param:/home/vboxuser/ros2_iron/install/ros2lifecycle:/home/vboxuser/ros2_iron/install/ros2service:/home/vboxuser/ros2_iron/install/ros2run:/home/vboxuser/ros2_iron/install/ros2launch:/home/vboxuser/ros2_iron/install/ros2pkg:/home/vboxuser/ros2_iron/install/ros2node:/home/vboxuser/ros2_iron/install/ros2multicast:/home/vboxuser/ros2_iron/install/ros2interface:/home/vboxuser/ros2_iron/install/ros2action:/home/vboxuser/ros2_iron/install/ros2cli:/home/vboxuser/ros2_iron/install/launch_testing_ros:/home/vboxuser/ros2_iron/install/launch_ros:/home/vboxuser/ros2_iron/install/examples_rclpy_minimal_action_server:/home/vboxuser/ros2_iron/install/examples_rclpy_minimal_action_client:/home/vboxuser/ros2_iron/install/examples_rclpy_guard_conditions:/home/vboxuser/ros2_iron/install/action_tutorials_py:/home/vboxuser/ros2_iron/install/ament_uncrustify:/home/vboxuser/ros2_iron/install/tracetools_trace:/home/vboxuser/ros2_iron/install/tracetools_read:/home/vboxuser/ros2_iron/install/test_tracetools_launch:/home/vboxuser/ros2_iron/install/test_ros2trace:/home/vboxuser/ros2_iron/install/test_launch_ros:/home/vboxuser/ros2_iron/install/rpyutils:/home/vboxuser/ros2_iron/install/rosidl_runtime_py:/home/vboxuser/ros2_iron/install/rosidl_pycommon:/home/vboxuser/ros2_iron/install/rosidl_cli:/home/vboxuser/ros2_iron/install/launch_pytest:/home/vboxuser/ros2_iron/install/launch_testing:/home/vboxuser/ros2_iron/install/launch_yaml:/home/vboxuser/ros2_iron/install/launch_xml:/home/vboxuser/ros2_iron/install/launch:/home/vboxuser/ros2_iron/install/osrf_pycommon:/home/vboxuser/ros2_iron/install/domain_coordinator:/home/vboxuser/ros2_iron/install/ament_xmllint:/home/vboxuser/ros2_iron/install/ament_pyflakes:/home/vboxuser/ros2_iron/install/ament_pycodestyle:/home/vboxuser/ros2_iron/install/ament_pep257:/home/vboxuser/ros2_iron/install/ament_pclint:/home/vboxuser/ros2_iron/install/ament_package:/home/vboxuser/ros2_iron/install/ament_mypy:/home/vboxuser/ros2_iron/install/ament_lint_cmake:/home/vboxuser/ros2_iron/install/ament_flake8:/home/vboxuser/ros2_iron/install/ament_copyright:/home/vboxuser/ros2_iron/install/ament_lint:/home/vboxuser/ros2_iron/install/ament_index_python:/home/vboxuser/ros2_iron/install/ament_cpplint:/home/vboxuser/ros2_iron/install/ament_cppcheck:/home/vboxuser/ros2_iron/install/ament_clang_tidy:/home/vboxuser/ros2_iron/install/ament_clang_format /usr/bin/cmake --build /home/vboxuser/ros2_ws/build/bq769x2_i2c_ros -- -j4 -l4
[30.395s] DEBUG:colcon.colcon_core.event_handler.log_command:Invoking command in '/home/vboxuser/ros2_ws/build/bq769x2_i2c_ros': CMAKE_PREFIX_PATH=${CMAKE_PREFIX_PATH}:/home/vboxuser/ros2_ws/install/py_pubsub:/home/vboxuser/ros2_ws/install/launch_testing_examples:/home/vboxuser/ros2_ws/install/examples_rclpy_pointcloud_publisher:/home/vboxuser/ros2_ws/install/examples_rclpy_minimal_subscriber:/home/vboxuser/ros2_ws/install/examples_rclpy_minimal_service:/home/vboxuser/ros2_ws/install/examples_rclpy_minimal_publisher:/home/vboxuser/ros2_ws/install/examples_rclpy_minimal_client:/home/vboxuser/ros2_ws/install/examples_rclpy_minimal_action_server:/home/vboxuser/ros2_ws/install/examples_rclpy_minimal_action_client:/home/vboxuser/ros2_ws/install/examples_rclpy_guard_conditions:/home/vboxuser/ros2_ws/install/examples_rclpy_executors:/home/vboxuser/ros2_ws/install/bms_visualizer:/opt/ros/iron:/home/vboxuser/ros2_iron/install/rqt_bag_plugins:/home/vboxuser/ros2_iron/install/rqt_bag:/home/vboxuser/ros2_iron/install/rosbag2_examples_py:/home/vboxuser/ros2_iron/install/launch_testing_examples:/home/vboxuser/ros2_iron/install/ros2bag:/home/vboxuser/ros2_iron/install/tracetools_test:/home/vboxuser/ros2_iron/install/tracetools_launch:/home/vboxuser/ros2_iron/install/topic_monitor:/home/vboxuser/ros2_iron/install/tf2_tools:/home/vboxuser/ros2_iron/install/examples_tf2_py:/home/vboxuser/ros2_iron/install/tf2_ros_py:/home/vboxuser/ros2_iron/install/examples_rclpy_pointcloud_publisher:/home/vboxuser/ros2_iron/install/sensor_msgs_py:/home/vboxuser/ros2_iron/install/quality_of_service_demo_py:/home/vboxuser/ros2_iron/install/rqt_plot:/home/vboxuser/ros2_iron/install/ros2doctor:/home/vboxuser/ros2_iron/install/lifecycle_py:/home/vboxuser/ros2_iron/install/examples_rclpy_minimal_subscriber:/home/vboxuser/ros2_iron/install/examples_rclpy_minimal_service:/home/vboxuser/ros2_iron/install/examples_rclpy_minimal_publisher:/home/vboxuser/ros2_iron/install/examples_rclpy_minimal_client:/home/vboxuser/ros2_iron/install/examples_rclpy_executors:/home/vboxuser/ros2_iron/install/demo_nodes_py:/home/vboxuser/ros2_iron/install/rqt:/home/vboxuser/ros2_iron/install/ros2component:/home/vboxuser/ros2_iron/install/sros2:/home/vboxuser/ros2_iron/install/rqt_topic:/home/vboxuser/ros2_iron/install/rqt_srv:/home/vboxuser/ros2_iron/install/rqt_shell:/home/vboxuser/ros2_iron/install/rqt_service_caller:/home/vboxuser/ros2_iron/install/rqt_reconfigure:/home/vboxuser/ros2_iron/install/rqt_py_console:/home/vboxuser/ros2_iron/install/rqt_publisher:/home/vboxuser/ros2_iron/install/rqt_action:/home/vboxuser/ros2_iron/install/rqt_msg:/home/vboxuser/ros2_iron/install/rqt_console:/home/vboxuser/ros2_iron/install/rqt_graph:/home/vboxuser/ros2_iron/install/rqt_gui_py:/home/vboxuser/ros2_iron/install/rqt_gui:/home/vboxuser/ros2_iron/install/ros2trace:/home/vboxuser/ros2_iron/install/ros2topic:/home/vboxuser/ros2_iron/install/ros2test:/home/vboxuser/ros2_iron/install/ros2param:/home/vboxuser/ros2_iron/install/ros2lifecycle:/home/vboxuser/ros2_iron/install/ros2service:/home/vboxuser/ros2_iron/install/ros2run:/home/vboxuser/ros2_iron/install/ros2launch:/home/vboxuser/ros2_iron/install/ros2pkg:/home/vboxuser/ros2_iron/install/ros2node:/home/vboxuser/ros2_iron/install/ros2multicast:/home/vboxuser/ros2_iron/install/ros2interface:/home/vboxuser/ros2_iron/install/ros2action:/home/vboxuser/ros2_iron/install/ros2cli:/home/vboxuser/ros2_iron/install/launch_testing_ros:/home/vboxuser/ros2_iron/install/launch_ros:/home/vboxuser/ros2_iron/install/examples_rclpy_minimal_action_server:/home/vboxuser/ros2_iron/install/examples_rclpy_minimal_action_client:/home/vboxuser/ros2_iron/install/examples_rclpy_guard_conditions:/home/vboxuser/ros2_iron/install/action_tutorials_py:/home/vboxuser/ros2_iron/install/ament_uncrustify:/home/vboxuser/ros2_iron/install/tracetools_trace:/home/vboxuser/ros2_iron/install/tracetools_read:/home/vboxuser/ros2_iron/install/test_tracetools_launch:/home/vboxuser/ros2_iron/install/test_ros2trace:/home/vboxuser/ros2_iron/install/test_launch_ros:/home/vboxuser/ros2_iron/install/rpyutils:/home/vboxuser/ros2_iron/install/rosidl_runtime_py:/home/vboxuser/ros2_iron/install/rosidl_pycommon:/home/vboxuser/ros2_iron/install/rosidl_cli:/home/vboxuser/ros2_iron/install/launch_pytest:/home/vboxuser/ros2_iron/install/launch_testing:/home/vboxuser/ros2_iron/install/launch_yaml:/home/vboxuser/ros2_iron/install/launch_xml:/home/vboxuser/ros2_iron/install/launch:/home/vboxuser/ros2_iron/install/osrf_pycommon:/home/vboxuser/ros2_iron/install/domain_coordinator:/home/vboxuser/ros2_iron/install/ament_xmllint:/home/vboxuser/ros2_iron/install/ament_pyflakes:/home/vboxuser/ros2_iron/install/ament_pycodestyle:/home/vboxuser/ros2_iron/install/ament_pep257:/home/vboxuser/ros2_iron/install/ament_pclint:/home/vboxuser/ros2_iron/install/ament_package:/home/vboxuser/ros2_iron/install/ament_mypy:/home/vboxuser/ros2_iron/install/ament_lint_cmake:/home/vboxuser/ros2_iron/install/ament_flake8:/home/vboxuser/ros2_iron/install/ament_copyright:/home/vboxuser/ros2_iron/install/ament_lint:/home/vboxuser/ros2_iron/install/ament_index_python:/home/vboxuser/ros2_iron/install/ament_cpplint:/home/vboxuser/ros2_iron/install/ament_cppcheck:/home/vboxuser/ros2_iron/install/ament_clang_tidy:/home/vboxuser/ros2_iron/install/ament_clang_format /usr/bin/cmake --install /home/vboxuser/ros2_ws/build/bq769x2_i2c_ros
[30.558s] Level 1:colcon.colcon_core.environment:create_environment_scripts_only(bq769x2_i2c_ros)
[30.558s] Level 1:colcon.colcon_core.environment:checking '/home/vboxuser/ros2_ws/install/bq769x2_i2c_ros' for CMake module files
[30.560s] DEBUG:colcon.colcon_core.event_handler.log_command:Invoked command in '/home/vboxuser/ros2_ws/build/bq769x2_i2c_ros' returned '0': CMAKE_PREFIX_PATH=${CMAKE_PREFIX_PATH}:/home/vboxuser/ros2_ws/install/py_pubsub:/home/vboxuser/ros2_ws/install/launch_testing_examples:/home/vboxuser/ros2_ws/install/examples_rclpy_pointcloud_publisher:/home/vboxuser/ros2_ws/install/examples_rclpy_minimal_subscriber:/home/vboxuser/ros2_ws/install/examples_rclpy_minimal_service:/home/vboxuser/ros2_ws/install/examples_rclpy_minimal_publisher:/home/vboxuser/ros2_ws/install/examples_rclpy_minimal_client:/home/vboxuser/ros2_ws/install/examples_rclpy_minimal_action_server:/home/vboxuser/ros2_ws/install/examples_rclpy_minimal_action_client:/home/vboxuser/ros2_ws/install/examples_rclpy_guard_conditions:/home/vboxuser/ros2_ws/install/examples_rclpy_executors:/home/vboxuser/ros2_ws/install/bms_visualizer:/opt/ros/iron:/home/vboxuser/ros2_iron/install/rqt_bag_plugins:/home/vboxuser/ros2_iron/install/rqt_bag:/home/vboxuser/ros2_iron/install/rosbag2_examples_py:/home/vboxuser/ros2_iron/install/launch_testing_examples:/home/vboxuser/ros2_iron/install/ros2bag:/home/vboxuser/ros2_iron/install/tracetools_test:/home/vboxuser/ros2_iron/install/tracetools_launch:/home/vboxuser/ros2_iron/install/topic_monitor:/home/vboxuser/ros2_iron/install/tf2_tools:/home/vboxuser/ros2_iron/install/examples_tf2_py:/home/vboxuser/ros2_iron/install/tf2_ros_py:/home/vboxuser/ros2_iron/install/examples_rclpy_pointcloud_publisher:/home/vboxuser/ros2_iron/install/sensor_msgs_py:/home/vboxuser/ros2_iron/install/quality_of_service_demo_py:/home/vboxuser/ros2_iron/install/rqt_plot:/home/vboxuser/ros2_iron/install/ros2doctor:/home/vboxuser/ros2_iron/install/lifecycle_py:/home/vboxuser/ros2_iron/install/examples_rclpy_minimal_subscriber:/home/vboxuser/ros2_iron/install/examples_rclpy_minimal_service:/home/vboxuser/ros2_iron/install/examples_rclpy_minimal_publisher:/home/vboxuser/ros2_iron/install/examples_rclpy_minimal_client:/home/vboxuser/ros2_iron/install/examples_rclpy_executors:/home/vboxuser/ros2_iron/install/demo_nodes_py:/home/vboxuser/ros2_iron/install/rqt:/home/vboxuser/ros2_iron/install/ros2component:/home/vboxuser/ros2_iron/install/sros2:/home/vboxuser/ros2_iron/install/rqt_topic:/home/vboxuser/ros2_iron/install/rqt_srv:/home/vboxuser/ros2_iron/install/rqt_shell:/home/vboxuser/ros2_iron/install/rqt_service_caller:/home/vboxuser/ros2_iron/install/rqt_reconfigure:/home/vboxuser/ros2_iron/install/rqt_py_console:/home/vboxuser/ros2_iron/install/rqt_publisher:/home/vboxuser/ros2_iron/install/rqt_action:/home/vboxuser/ros2_iron/install/rqt_msg:/home/vboxuser/ros2_iron/install/rqt_console:/home/vboxuser/ros2_iron/install/rqt_graph:/home/vboxuser/ros2_iron/install/rqt_gui_py:/home/vboxuser/ros2_iron/install/rqt_gui:/home/vboxuser/ros2_iron/install/ros2trace:/home/vboxuser/ros2_iron/install/ros2topic:/home/vboxuser/ros2_iron/install/ros2test:/home/vboxuser/ros2_iron/install/ros2param:/home/vboxuser/ros2_iron/install/ros2lifecycle:/home/vboxuser/ros2_iron/install/ros2service:/home/vboxuser/ros2_iron/install/ros2run:/home/vboxuser/ros2_iron/install/ros2launch:/home/vboxuser/ros2_iron/install/ros2pkg:/home/vboxuser/ros2_iron/install/ros2node:/home/vboxuser/ros2_iron/install/ros2multicast:/home/vboxuser/ros2_iron/install/ros2interface:/home/vboxuser/ros2_iron/install/ros2action:/home/vboxuser/ros2_iron/install/ros2cli:/home/vboxuser/ros2_iron/install/launch_testing_ros:/home/vboxuser/ros2_iron/install/launch_ros:/home/vboxuser/ros2_iron/install/examples_rclpy_minimal_action_server:/home/vboxuser/ros2_iron/install/examples_rclpy_minimal_action_client:/home/vboxuser/ros2_iron/install/examples_rclpy_guard_conditions:/home/vboxuser/ros2_iron/install/action_tutorials_py:/home/vboxuser/ros2_iron/install/ament_uncrustify:/home/vboxuser/ros2_iron/install/tracetools_trace:/home/vboxuser/ros2_iron/install/tracetools_read:/home/vboxuser/ros2_iron/install/test_tracetools_launch:/home/vboxuser/ros2_iron/install/test_ros2trace:/home/vboxuser/ros2_iron/install/test_launch_ros:/home/vboxuser/ros2_iron/install/rpyutils:/home/vboxuser/ros2_iron/install/rosidl_runtime_py:/home/vboxuser/ros2_iron/install/rosidl_pycommon:/home/vboxuser/ros2_iron/install/rosidl_cli:/home/vboxuser/ros2_iron/install/launch_pytest:/home/vboxuser/ros2_iron/install/launch_testing:/home/vboxuser/ros2_iron/install/launch_yaml:/home/vboxuser/ros2_iron/install/launch_xml:/home/vboxuser/ros2_iron/install/launch:/home/vboxuser/ros2_iron/install/osrf_pycommon:/home/vboxuser/ros2_iron/install/domain_coordinator:/home/vboxuser/ros2_iron/install/ament_xmllint:/home/vboxuser/ros2_iron/install/ament_pyflakes:/home/vboxuser/ros2_iron/install/ament_pycodestyle:/home/vboxuser/ros2_iron/install/ament_pep257:/home/vboxuser/ros2_iron/install/ament_pclint:/home/vboxuser/ros2_iron/install/ament_package:/home/vboxuser/ros2_iron/install/ament_mypy:/home/vboxuser/ros2_iron/install/ament_lint_cmake:/home/vboxuser/ros2_iron/install/ament_flake8:/home/vboxuser/ros2_iron/install/ament_copyright:/home/vboxuser/ros2_iron/install/ament_lint:/home/vboxuser/ros2_iron/install/ament_index_python:/home/vboxuser/ros2_iron/install/ament_cpplint:/home/vboxuser/ros2_iron/install/ament_cppcheck:/home/vboxuser/ros2_iron/install/ament_clang_tidy:/home/vboxuser/ros2_iron/install/ament_clang_format /usr/bin/cmake --install /home/vboxuser/ros2_ws/build/bq769x2_i2c_ros
[30.562s] Level 1:colcon.colcon_core.environment:checking '/home/vboxuser/ros2_ws/install/bq769x2_i2c_ros' for CMake config files
[30.562s] Level 1:colcon.colcon_core.shell:create_environment_hook('bq769x2_i2c_ros', 'cmake_prefix_path')
[30.563s] INFO:colcon.colcon_core.shell:Creating environment hook '/home/vboxuser/ros2_ws/install/bq769x2_i2c_ros/share/bq769x2_i2c_ros/hook/cmake_prefix_path.ps1'
[30.573s] INFO:colcon.colcon_core.shell:Creating environment descriptor '/home/vboxuser/ros2_ws/install/bq769x2_i2c_ros/share/bq769x2_i2c_ros/hook/cmake_prefix_path.dsv'
[30.577s] INFO:colcon.colcon_core.shell:Creating environment hook '/home/vboxuser/ros2_ws/install/bq769x2_i2c_ros/share/bq769x2_i2c_ros/hook/cmake_prefix_path.sh'
[30.579s] Level 1:colcon.colcon_core.environment:checking '/home/vboxuser/ros2_ws/install/bq769x2_i2c_ros/lib'
[30.585s] Level 1:colcon.colcon_core.environment:checking '/home/vboxuser/ros2_ws/install/bq769x2_i2c_ros/bin'
[30.589s] Level 1:colcon.colcon_core.environment:checking '/home/vboxuser/ros2_ws/install/bq769x2_i2c_ros/lib/pkgconfig/bq769x2_i2c_ros.pc'
[30.590s] Level 1:colcon.colcon_core.environment:checking '/home/vboxuser/ros2_ws/install/bq769x2_i2c_ros/lib/python3.10/site-packages'
[30.593s] Level 1:colcon.colcon_core.environment:checking '/home/vboxuser/ros2_ws/install/bq769x2_i2c_ros/bin'
[30.594s] INFO:colcon.colcon_core.shell:Creating package script '/home/vboxuser/ros2_ws/install/bq769x2_i2c_ros/share/bq769x2_i2c_ros/package.ps1'
[30.612s] INFO:colcon.colcon_core.shell:Creating package descriptor '/home/vboxuser/ros2_ws/install/bq769x2_i2c_ros/share/bq769x2_i2c_ros/package.dsv'
[30.620s] INFO:colcon.colcon_core.shell:Creating package script '/home/vboxuser/ros2_ws/install/bq769x2_i2c_ros/share/bq769x2_i2c_ros/package.sh'
[30.623s] INFO:colcon.colcon_core.shell:Creating package script '/home/vboxuser/ros2_ws/install/bq769x2_i2c_ros/share/bq769x2_i2c_ros/package.bash'
[30.642s] INFO:colcon.colcon_core.shell:Creating package script '/home/vboxuser/ros2_ws/install/bq769x2_i2c_ros/share/bq769x2_i2c_ros/package.zsh'
[30.646s] Level 1:colcon.colcon_core.environment:create_file_with_runtime_dependencies(/home/vboxuser/ros2_ws/install/bq769x2_i2c_ros/share/colcon-core/packages/bq769x2_i2c_ros)
[30.654s] Level 1:colcon.colcon_core.environment:create_environment_scripts_only(bq769x2_i2c_ros)
[30.660s] Level 1:colcon.colcon_core.environment:checking '/home/vboxuser/ros2_ws/install/bq769x2_i2c_ros' for CMake module files
[30.668s] Level 1:colcon.colcon_core.environment:checking '/home/vboxuser/ros2_ws/install/bq769x2_i2c_ros' for CMake config files
[30.668s] Level 1:colcon.colcon_core.shell:create_environment_hook('bq769x2_i2c_ros', 'cmake_prefix_path')
[30.676s] INFO:colcon.colcon_core.shell:Creating environment hook '/home/vboxuser/ros2_ws/install/bq769x2_i2c_ros/share/bq769x2_i2c_ros/hook/cmake_prefix_path.ps1'
[30.682s] INFO:colcon.colcon_core.shell:Creating environment descriptor '/home/vboxuser/ros2_ws/install/bq769x2_i2c_ros/share/bq769x2_i2c_ros/hook/cmake_prefix_path.dsv'
[30.688s] INFO:colcon.colcon_core.shell:Creating environment hook '/home/vboxuser/ros2_ws/install/bq769x2_i2c_ros/share/bq769x2_i2c_ros/hook/cmake_prefix_path.sh'
[30.691s] Level 1:colcon.colcon_core.environment:checking '/home/vboxuser/ros2_ws/install/bq769x2_i2c_ros/lib'
[30.691s] Level 1:colcon.colcon_core.environment:checking '/home/vboxuser/ros2_ws/install/bq769x2_i2c_ros/bin'
[30.692s] Level 1:colcon.colcon_core.environment:checking '/home/vboxuser/ros2_ws/install/bq769x2_i2c_ros/lib/pkgconfig/bq769x2_i2c_ros.pc'
[30.692s] Level 1:colcon.colcon_core.environment:checking '/home/vboxuser/ros2_ws/install/bq769x2_i2c_ros/lib/python3.10/site-packages'
[30.693s] Level 1:colcon.colcon_core.environment:checking '/home/vboxuser/ros2_ws/install/bq769x2_i2c_ros/bin'
[30.693s] INFO:colcon.colcon_core.shell:Creating package script '/home/vboxuser/ros2_ws/install/bq769x2_i2c_ros/share/bq769x2_i2c_ros/package.ps1'
[30.698s] INFO:colcon.colcon_core.shell:Creating package descriptor '/home/vboxuser/ros2_ws/install/bq769x2_i2c_ros/share/bq769x2_i2c_ros/package.dsv'
[30.702s] INFO:colcon.colcon_core.shell:Creating package script '/home/vboxuser/ros2_ws/install/bq769x2_i2c_ros/share/bq769x2_i2c_ros/package.sh'
[30.705s] INFO:colcon.colcon_core.shell:Creating package script '/home/vboxuser/ros2_ws/install/bq769x2_i2c_ros/share/bq769x2_i2c_ros/package.bash'
[30.711s] INFO:colcon.colcon_core.shell:Creating package script '/home/vboxuser/ros2_ws/install/bq769x2_i2c_ros/share/bq769x2_i2c_ros/package.zsh'
[30.716s] Level 1:colcon.colcon_core.environment:create_file_with_runtime_dependencies(/home/vboxuser/ros2_ws/install/bq769x2_i2c_ros/share/colcon-core/packages/bq769x2_i2c_ros)
[30.720s] INFO:colcon.colcon_ros.task.ament_cmake.build:Building ROS package in '/home/vboxuser/ros2_ws/src/examples/rclcpp/actions/minimal_action_server' with build type 'ament_cmake'
[30.721s] INFO:colcon.colcon_cmake.task.cmake.build:Building CMake package in '/home/vboxuser/ros2_ws/src/examples/rclcpp/actions/minimal_action_server'
[30.722s] INFO:colcon.colcon_core.shell:Skip shell extension 'powershell' for command environment: Not usable outside of PowerShell
[30.723s] DEBUG:colcon.colcon_core.shell:Skip shell extension 'dsv' for command environment
[30.807s] Level 1:colcon.colcon_core.environment:create_environment_scripts_only(examples_rclcpp_async_client)
[30.809s] Level 1:colcon.colcon_core.environment:checking '/home/vboxuser/ros2_ws/install/examples_rclcpp_async_client' for CMake module files
[30.808s] DEBUG:colcon.colcon_core.event_handler.log_command:Invoked command in '/home/vboxuser/ros2_ws/build/examples_rclcpp_async_client' returned '0': CMAKE_PREFIX_PATH=${CMAKE_PREFIX_PATH}:/home/vboxuser/ros2_ws/install/py_pubsub:/home/vboxuser/ros2_ws/install/launch_testing_examples:/home/vboxuser/ros2_ws/install/examples_rclpy_pointcloud_publisher:/home/vboxuser/ros2_ws/install/examples_rclpy_minimal_subscriber:/home/vboxuser/ros2_ws/install/examples_rclpy_minimal_service:/home/vboxuser/ros2_ws/install/examples_rclpy_minimal_publisher:/home/vboxuser/ros2_ws/install/examples_rclpy_minimal_client:/home/vboxuser/ros2_ws/install/examples_rclpy_minimal_action_server:/home/vboxuser/ros2_ws/install/examples_rclpy_minimal_action_client:/home/vboxuser/ros2_ws/install/examples_rclpy_guard_conditions:/home/vboxuser/ros2_ws/install/examples_rclpy_executors:/home/vboxuser/ros2_ws/install/bms_visualizer:/opt/ros/iron:/home/vboxuser/ros2_iron/install/rqt_bag_plugins:/home/vboxuser/ros2_iron/install/rqt_bag:/home/vboxuser/ros2_iron/install/rosbag2_examples_py:/home/vboxuser/ros2_iron/install/launch_testing_examples:/home/vboxuser/ros2_iron/install/ros2bag:/home/vboxuser/ros2_iron/install/tracetools_test:/home/vboxuser/ros2_iron/install/tracetools_launch:/home/vboxuser/ros2_iron/install/topic_monitor:/home/vboxuser/ros2_iron/install/tf2_tools:/home/vboxuser/ros2_iron/install/examples_tf2_py:/home/vboxuser/ros2_iron/install/tf2_ros_py:/home/vboxuser/ros2_iron/install/examples_rclpy_pointcloud_publisher:/home/vboxuser/ros2_iron/install/sensor_msgs_py:/home/vboxuser/ros2_iron/install/quality_of_service_demo_py:/home/vboxuser/ros2_iron/install/rqt_plot:/home/vboxuser/ros2_iron/install/ros2doctor:/home/vboxuser/ros2_iron/install/lifecycle_py:/home/vboxuser/ros2_iron/install/examples_rclpy_minimal_subscriber:/home/vboxuser/ros2_iron/install/examples_rclpy_minimal_service:/home/vboxuser/ros2_iron/install/examples_rclpy_minimal_publisher:/home/vboxuser/ros2_iron/install/examples_rclpy_minimal_client:/home/vboxuser/ros2_iron/install/examples_rclpy_executors:/home/vboxuser/ros2_iron/install/demo_nodes_py:/home/vboxuser/ros2_iron/install/rqt:/home/vboxuser/ros2_iron/install/ros2component:/home/vboxuser/ros2_iron/install/sros2:/home/vboxuser/ros2_iron/install/rqt_topic:/home/vboxuser/ros2_iron/install/rqt_srv:/home/vboxuser/ros2_iron/install/rqt_shell:/home/vboxuser/ros2_iron/install/rqt_service_caller:/home/vboxuser/ros2_iron/install/rqt_reconfigure:/home/vboxuser/ros2_iron/install/rqt_py_console:/home/vboxuser/ros2_iron/install/rqt_publisher:/home/vboxuser/ros2_iron/install/rqt_action:/home/vboxuser/ros2_iron/install/rqt_msg:/home/vboxuser/ros2_iron/install/rqt_console:/home/vboxuser/ros2_iron/install/rqt_graph:/home/vboxuser/ros2_iron/install/rqt_gui_py:/home/vboxuser/ros2_iron/install/rqt_gui:/home/vboxuser/ros2_iron/install/ros2trace:/home/vboxuser/ros2_iron/install/ros2topic:/home/vboxuser/ros2_iron/install/ros2test:/home/vboxuser/ros2_iron/install/ros2param:/home/vboxuser/ros2_iron/install/ros2lifecycle:/home/vboxuser/ros2_iron/install/ros2service:/home/vboxuser/ros2_iron/install/ros2run:/home/vboxuser/ros2_iron/install/ros2launch:/home/vboxuser/ros2_iron/install/ros2pkg:/home/vboxuser/ros2_iron/install/ros2node:/home/vboxuser/ros2_iron/install/ros2multicast:/home/vboxuser/ros2_iron/install/ros2interface:/home/vboxuser/ros2_iron/install/ros2action:/home/vboxuser/ros2_iron/install/ros2cli:/home/vboxuser/ros2_iron/install/launch_testing_ros:/home/vboxuser/ros2_iron/install/launch_ros:/home/vboxuser/ros2_iron/install/examples_rclpy_minimal_action_server:/home/vboxuser/ros2_iron/install/examples_rclpy_minimal_action_client:/home/vboxuser/ros2_iron/install/examples_rclpy_guard_conditions:/home/vboxuser/ros2_iron/install/action_tutorials_py:/home/vboxuser/ros2_iron/install/ament_uncrustify:/home/vboxuser/ros2_iron/install/tracetools_trace:/home/vboxuser/ros2_iron/install/tracetools_read:/home/vboxuser/ros2_iron/install/test_tracetools_launch:/home/vboxuser/ros2_iron/install/test_ros2trace:/home/vboxuser/ros2_iron/install/test_launch_ros:/home/vboxuser/ros2_iron/install/rpyutils:/home/vboxuser/ros2_iron/install/rosidl_runtime_py:/home/vboxuser/ros2_iron/install/rosidl_pycommon:/home/vboxuser/ros2_iron/install/rosidl_cli:/home/vboxuser/ros2_iron/install/launch_pytest:/home/vboxuser/ros2_iron/install/launch_testing:/home/vboxuser/ros2_iron/install/launch_yaml:/home/vboxuser/ros2_iron/install/launch_xml:/home/vboxuser/ros2_iron/install/launch:/home/vboxuser/ros2_iron/install/osrf_pycommon:/home/vboxuser/ros2_iron/install/domain_coordinator:/home/vboxuser/ros2_iron/install/ament_xmllint:/home/vboxuser/ros2_iron/install/ament_pyflakes:/home/vboxuser/ros2_iron/install/ament_pycodestyle:/home/vboxuser/ros2_iron/install/ament_pep257:/home/vboxuser/ros2_iron/install/ament_pclint:/home/vboxuser/ros2_iron/install/ament_package:/home/vboxuser/ros2_iron/install/ament_mypy:/home/vboxuser/ros2_iron/install/ament_lint_cmake:/home/vboxuser/ros2_iron/install/ament_flake8:/home/vboxuser/ros2_iron/install/ament_copyright:/home/vboxuser/ros2_iron/install/ament_lint:/home/vboxuser/ros2_iron/install/ament_index_python:/home/vboxuser/ros2_iron/install/ament_cpplint:/home/vboxuser/ros2_iron/install/ament_cppcheck:/home/vboxuser/ros2_iron/install/ament_clang_tidy:/home/vboxuser/ros2_iron/install/ament_clang_format /usr/bin/cmake --install /home/vboxuser/ros2_ws/build/examples_rclcpp_async_client
[30.811s] Level 1:colcon.colcon_core.environment:checking '/home/vboxuser/ros2_ws/install/examples_rclcpp_async_client' for CMake config files
[30.812s] Level 1:colcon.colcon_core.shell:create_environment_hook('examples_rclcpp_async_client', 'cmake_prefix_path')
[30.813s] INFO:colcon.colcon_core.shell:Creating environment hook '/home/vboxuser/ros2_ws/install/examples_rclcpp_async_client/share/examples_rclcpp_async_client/hook/cmake_prefix_path.ps1'
[30.815s] INFO:colcon.colcon_core.shell:Creating environment descriptor '/home/vboxuser/ros2_ws/install/examples_rclcpp_async_client/share/examples_rclcpp_async_client/hook/cmake_prefix_path.dsv'
[30.816s] INFO:colcon.colcon_core.shell:Creating environment hook '/home/vboxuser/ros2_ws/install/examples_rclcpp_async_client/share/examples_rclcpp_async_client/hook/cmake_prefix_path.sh'
[30.818s] Level 1:colcon.colcon_core.environment:checking '/home/vboxuser/ros2_ws/install/examples_rclcpp_async_client/lib'
[30.818s] Level 1:colcon.colcon_core.environment:checking '/home/vboxuser/ros2_ws/install/examples_rclcpp_async_client/bin'
[30.818s] Level 1:colcon.colcon_core.environment:checking '/home/vboxuser/ros2_ws/install/examples_rclcpp_async_client/lib/pkgconfig/examples_rclcpp_async_client.pc'
[30.819s] Level 1:colcon.colcon_core.environment:checking '/home/vboxuser/ros2_ws/install/examples_rclcpp_async_client/lib/python3.10/site-packages'
[30.819s] Level 1:colcon.colcon_core.environment:checking '/home/vboxuser/ros2_ws/install/examples_rclcpp_async_client/bin'
[30.820s] INFO:colcon.colcon_core.shell:Creating package script '/home/vboxuser/ros2_ws/install/examples_rclcpp_async_client/share/examples_rclcpp_async_client/package.ps1'
[30.822s] INFO:colcon.colcon_core.shell:Creating package descriptor '/home/vboxuser/ros2_ws/install/examples_rclcpp_async_client/share/examples_rclcpp_async_client/package.dsv'
[30.823s] INFO:colcon.colcon_core.shell:Creating package script '/home/vboxuser/ros2_ws/install/examples_rclcpp_async_client/share/examples_rclcpp_async_client/package.sh'
[30.823s] INFO:colcon.colcon_core.shell:Creating package script '/home/vboxuser/ros2_ws/install/examples_rclcpp_async_client/share/examples_rclcpp_async_client/package.bash'
[30.824s] INFO:colcon.colcon_core.shell:Creating package script '/home/vboxuser/ros2_ws/install/examples_rclcpp_async_client/share/examples_rclcpp_async_client/package.zsh'
[30.825s] Level 1:colcon.colcon_core.environment:create_file_with_runtime_dependencies(/home/vboxuser/ros2_ws/install/examples_rclcpp_async_client/share/colcon-core/packages/examples_rclcpp_async_client)
[30.826s] Level 1:colcon.colcon_core.environment:create_environment_scripts_only(examples_rclcpp_async_client)
[30.826s] Level 1:colcon.colcon_core.environment:checking '/home/vboxuser/ros2_ws/install/examples_rclcpp_async_client' for CMake module files
[30.826s] Level 1:colcon.colcon_core.environment:checking '/home/vboxuser/ros2_ws/install/examples_rclcpp_async_client' for CMake config files
[30.827s] Level 1:colcon.colcon_core.shell:create_environment_hook('examples_rclcpp_async_client', 'cmake_prefix_path')
[30.827s] INFO:colcon.colcon_core.shell:Creating environment hook '/home/vboxuser/ros2_ws/install/examples_rclcpp_async_client/share/examples_rclcpp_async_client/hook/cmake_prefix_path.ps1'
[30.828s] INFO:colcon.colcon_core.shell:Creating environment descriptor '/home/vboxuser/ros2_ws/install/examples_rclcpp_async_client/share/examples_rclcpp_async_client/hook/cmake_prefix_path.dsv'
[30.828s] INFO:colcon.colcon_core.shell:Creating environment hook '/home/vboxuser/ros2_ws/install/examples_rclcpp_async_client/share/examples_rclcpp_async_client/hook/cmake_prefix_path.sh'
[30.829s] Level 1:colcon.colcon_core.environment:checking '/home/vboxuser/ros2_ws/install/examples_rclcpp_async_client/lib'
[30.830s] Level 1:colcon.colcon_core.environment:checking '/home/vboxuser/ros2_ws/install/examples_rclcpp_async_client/bin'
[30.830s] Level 1:colcon.colcon_core.environment:checking '/home/vboxuser/ros2_ws/install/examples_rclcpp_async_client/lib/pkgconfig/examples_rclcpp_async_client.pc'
[30.830s] Level 1:colcon.colcon_core.environment:checking '/home/vboxuser/ros2_ws/install/examples_rclcpp_async_client/lib/python3.10/site-packages'
[30.830s] Level 1:colcon.colcon_core.environment:checking '/home/vboxuser/ros2_ws/install/examples_rclcpp_async_client/bin'
[30.830s] INFO:colcon.colcon_core.shell:Creating package script '/home/vboxuser/ros2_ws/install/examples_rclcpp_async_client/share/examples_rclcpp_async_client/package.ps1'
[30.831s] INFO:colcon.colcon_core.shell:Creating package descriptor '/home/vboxuser/ros2_ws/install/examples_rclcpp_async_client/share/examples_rclcpp_async_client/package.dsv'
[30.832s] INFO:colcon.colcon_core.shell:Creating package script '/home/vboxuser/ros2_ws/install/examples_rclcpp_async_client/share/examples_rclcpp_async_client/package.sh'
[30.833s] INFO:colcon.colcon_core.shell:Creating package script '/home/vboxuser/ros2_ws/install/examples_rclcpp_async_client/share/examples_rclcpp_async_client/package.bash'
[30.834s] INFO:colcon.colcon_core.shell:Creating package script '/home/vboxuser/ros2_ws/install/examples_rclcpp_async_client/share/examples_rclcpp_async_client/package.zsh'
[30.834s] Level 1:colcon.colcon_core.environment:create_file_with_runtime_dependencies(/home/vboxuser/ros2_ws/install/examples_rclcpp_async_client/share/colcon-core/packages/examples_rclcpp_async_client)
[30.839s] INFO:colcon.colcon_ros.task.ament_cmake.build:Building ROS package in '/home/vboxuser/ros2_ws/src/examples/rclcpp/services/minimal_client' with build type 'ament_cmake'
[30.842s] INFO:colcon.colcon_cmake.task.cmake.build:Building CMake package in '/home/vboxuser/ros2_ws/src/examples/rclcpp/services/minimal_client'
[30.843s] INFO:colcon.colcon_core.shell:Skip shell extension 'powershell' for command environment: Not usable outside of PowerShell
[30.843s] DEBUG:colcon.colcon_core.shell:Skip shell extension 'dsv' for command environment
[30.889s] Level 1:colcon.colcon_core.environment:create_environment_scripts_only(examples_rclcpp_cbg_executor)
[30.889s] Level 1:colcon.colcon_core.environment:checking '/home/vboxuser/ros2_ws/install/examples_rclcpp_cbg_executor' for CMake module files
[30.890s] DEBUG:colcon.colcon_core.event_handler.log_command:Invoked command in '/home/vboxuser/ros2_ws/build/examples_rclcpp_cbg_executor' returned '0': CMAKE_PREFIX_PATH=${CMAKE_PREFIX_PATH}:/home/vboxuser/ros2_ws/install/py_pubsub:/home/vboxuser/ros2_ws/install/launch_testing_examples:/home/vboxuser/ros2_ws/install/examples_rclpy_pointcloud_publisher:/home/vboxuser/ros2_ws/install/examples_rclpy_minimal_subscriber:/home/vboxuser/ros2_ws/install/examples_rclpy_minimal_service:/home/vboxuser/ros2_ws/install/examples_rclpy_minimal_publisher:/home/vboxuser/ros2_ws/install/examples_rclpy_minimal_client:/home/vboxuser/ros2_ws/install/examples_rclpy_minimal_action_server:/home/vboxuser/ros2_ws/install/examples_rclpy_minimal_action_client:/home/vboxuser/ros2_ws/install/examples_rclpy_guard_conditions:/home/vboxuser/ros2_ws/install/examples_rclpy_executors:/home/vboxuser/ros2_ws/install/bms_visualizer:/opt/ros/iron:/home/vboxuser/ros2_iron/install/rqt_bag_plugins:/home/vboxuser/ros2_iron/install/rqt_bag:/home/vboxuser/ros2_iron/install/rosbag2_examples_py:/home/vboxuser/ros2_iron/install/launch_testing_examples:/home/vboxuser/ros2_iron/install/ros2bag:/home/vboxuser/ros2_iron/install/tracetools_test:/home/vboxuser/ros2_iron/install/tracetools_launch:/home/vboxuser/ros2_iron/install/topic_monitor:/home/vboxuser/ros2_iron/install/tf2_tools:/home/vboxuser/ros2_iron/install/examples_tf2_py:/home/vboxuser/ros2_iron/install/tf2_ros_py:/home/vboxuser/ros2_iron/install/examples_rclpy_pointcloud_publisher:/home/vboxuser/ros2_iron/install/sensor_msgs_py:/home/vboxuser/ros2_iron/install/quality_of_service_demo_py:/home/vboxuser/ros2_iron/install/rqt_plot:/home/vboxuser/ros2_iron/install/ros2doctor:/home/vboxuser/ros2_iron/install/lifecycle_py:/home/vboxuser/ros2_iron/install/examples_rclpy_minimal_subscriber:/home/vboxuser/ros2_iron/install/examples_rclpy_minimal_service:/home/vboxuser/ros2_iron/install/examples_rclpy_minimal_publisher:/home/vboxuser/ros2_iron/install/examples_rclpy_minimal_client:/home/vboxuser/ros2_iron/install/examples_rclpy_executors:/home/vboxuser/ros2_iron/install/demo_nodes_py:/home/vboxuser/ros2_iron/install/rqt:/home/vboxuser/ros2_iron/install/ros2component:/home/vboxuser/ros2_iron/install/sros2:/home/vboxuser/ros2_iron/install/rqt_topic:/home/vboxuser/ros2_iron/install/rqt_srv:/home/vboxuser/ros2_iron/install/rqt_shell:/home/vboxuser/ros2_iron/install/rqt_service_caller:/home/vboxuser/ros2_iron/install/rqt_reconfigure:/home/vboxuser/ros2_iron/install/rqt_py_console:/home/vboxuser/ros2_iron/install/rqt_publisher:/home/vboxuser/ros2_iron/install/rqt_action:/home/vboxuser/ros2_iron/install/rqt_msg:/home/vboxuser/ros2_iron/install/rqt_console:/home/vboxuser/ros2_iron/install/rqt_graph:/home/vboxuser/ros2_iron/install/rqt_gui_py:/home/vboxuser/ros2_iron/install/rqt_gui:/home/vboxuser/ros2_iron/install/ros2trace:/home/vboxuser/ros2_iron/install/ros2topic:/home/vboxuser/ros2_iron/install/ros2test:/home/vboxuser/ros2_iron/install/ros2param:/home/vboxuser/ros2_iron/install/ros2lifecycle:/home/vboxuser/ros2_iron/install/ros2service:/home/vboxuser/ros2_iron/install/ros2run:/home/vboxuser/ros2_iron/install/ros2launch:/home/vboxuser/ros2_iron/install/ros2pkg:/home/vboxuser/ros2_iron/install/ros2node:/home/vboxuser/ros2_iron/install/ros2multicast:/home/vboxuser/ros2_iron/install/ros2interface:/home/vboxuser/ros2_iron/install/ros2action:/home/vboxuser/ros2_iron/install/ros2cli:/home/vboxuser/ros2_iron/install/launch_testing_ros:/home/vboxuser/ros2_iron/install/launch_ros:/home/vboxuser/ros2_iron/install/examples_rclpy_minimal_action_server:/home/vboxuser/ros2_iron/install/examples_rclpy_minimal_action_client:/home/vboxuser/ros2_iron/install/examples_rclpy_guard_conditions:/home/vboxuser/ros2_iron/install/action_tutorials_py:/home/vboxuser/ros2_iron/install/ament_uncrustify:/home/vboxuser/ros2_iron/install/tracetools_trace:/home/vboxuser/ros2_iron/install/tracetools_read:/home/vboxuser/ros2_iron/install/test_tracetools_launch:/home/vboxuser/ros2_iron/install/test_ros2trace:/home/vboxuser/ros2_iron/install/test_launch_ros:/home/vboxuser/ros2_iron/install/rpyutils:/home/vboxuser/ros2_iron/install/rosidl_runtime_py:/home/vboxuser/ros2_iron/install/rosidl_pycommon:/home/vboxuser/ros2_iron/install/rosidl_cli:/home/vboxuser/ros2_iron/install/launch_pytest:/home/vboxuser/ros2_iron/install/launch_testing:/home/vboxuser/ros2_iron/install/launch_yaml:/home/vboxuser/ros2_iron/install/launch_xml:/home/vboxuser/ros2_iron/install/launch:/home/vboxuser/ros2_iron/install/osrf_pycommon:/home/vboxuser/ros2_iron/install/domain_coordinator:/home/vboxuser/ros2_iron/install/ament_xmllint:/home/vboxuser/ros2_iron/install/ament_pyflakes:/home/vboxuser/ros2_iron/install/ament_pycodestyle:/home/vboxuser/ros2_iron/install/ament_pep257:/home/vboxuser/ros2_iron/install/ament_pclint:/home/vboxuser/ros2_iron/install/ament_package:/home/vboxuser/ros2_iron/install/ament_mypy:/home/vboxuser/ros2_iron/install/ament_lint_cmake:/home/vboxuser/ros2_iron/install/ament_flake8:/home/vboxuser/ros2_iron/install/ament_copyright:/home/vboxuser/ros2_iron/install/ament_lint:/home/vboxuser/ros2_iron/install/ament_index_python:/home/vboxuser/ros2_iron/install/ament_cpplint:/home/vboxuser/ros2_iron/install/ament_cppcheck:/home/vboxuser/ros2_iron/install/ament_clang_tidy:/home/vboxuser/ros2_iron/install/ament_clang_format /usr/bin/cmake --install /home/vboxuser/ros2_ws/build/examples_rclcpp_cbg_executor
[30.892s] Level 1:colcon.colcon_core.environment:checking '/home/vboxuser/ros2_ws/install/examples_rclcpp_cbg_executor' for CMake config files
[30.892s] Level 1:colcon.colcon_core.shell:create_environment_hook('examples_rclcpp_cbg_executor', 'cmake_prefix_path')
[30.893s] INFO:colcon.colcon_core.shell:Creating environment hook '/home/vboxuser/ros2_ws/install/examples_rclcpp_cbg_executor/share/examples_rclcpp_cbg_executor/hook/cmake_prefix_path.ps1'
[30.893s] INFO:colcon.colcon_core.shell:Creating environment descriptor '/home/vboxuser/ros2_ws/install/examples_rclcpp_cbg_executor/share/examples_rclcpp_cbg_executor/hook/cmake_prefix_path.dsv'
[30.894s] INFO:colcon.colcon_core.shell:Creating environment hook '/home/vboxuser/ros2_ws/install/examples_rclcpp_cbg_executor/share/examples_rclcpp_cbg_executor/hook/cmake_prefix_path.sh'
[30.895s] Level 1:colcon.colcon_core.environment:checking '/home/vboxuser/ros2_ws/install/examples_rclcpp_cbg_executor/lib'
[30.895s] Level 1:colcon.colcon_core.environment:checking '/home/vboxuser/ros2_ws/install/examples_rclcpp_cbg_executor/bin'
[30.895s] Level 1:colcon.colcon_core.environment:checking '/home/vboxuser/ros2_ws/install/examples_rclcpp_cbg_executor/lib/pkgconfig/examples_rclcpp_cbg_executor.pc'
[30.896s] Level 1:colcon.colcon_core.environment:checking '/home/vboxuser/ros2_ws/install/examples_rclcpp_cbg_executor/lib/python3.10/site-packages'
[30.896s] Level 1:colcon.colcon_core.environment:checking '/home/vboxuser/ros2_ws/install/examples_rclcpp_cbg_executor/bin'
[30.896s] INFO:colcon.colcon_core.shell:Creating package script '/home/vboxuser/ros2_ws/install/examples_rclcpp_cbg_executor/share/examples_rclcpp_cbg_executor/package.ps1'
[30.897s] INFO:colcon.colcon_core.shell:Creating package descriptor '/home/vboxuser/ros2_ws/install/examples_rclcpp_cbg_executor/share/examples_rclcpp_cbg_executor/package.dsv'
[30.898s] INFO:colcon.colcon_core.shell:Creating package script '/home/vboxuser/ros2_ws/install/examples_rclcpp_cbg_executor/share/examples_rclcpp_cbg_executor/package.sh'
[30.898s] INFO:colcon.colcon_core.shell:Creating package script '/home/vboxuser/ros2_ws/install/examples_rclcpp_cbg_executor/share/examples_rclcpp_cbg_executor/package.bash'
[30.899s] INFO:colcon.colcon_core.shell:Creating package script '/home/vboxuser/ros2_ws/install/examples_rclcpp_cbg_executor/share/examples_rclcpp_cbg_executor/package.zsh'
[30.900s] Level 1:colcon.colcon_core.environment:create_file_with_runtime_dependencies(/home/vboxuser/ros2_ws/install/examples_rclcpp_cbg_executor/share/colcon-core/packages/examples_rclcpp_cbg_executor)
[30.901s] Level 1:colcon.colcon_core.environment:create_environment_scripts_only(examples_rclcpp_cbg_executor)
[30.901s] Level 1:colcon.colcon_core.environment:checking '/home/vboxuser/ros2_ws/install/examples_rclcpp_cbg_executor' for CMake module files
[30.901s] Level 1:colcon.colcon_core.environment:checking '/home/vboxuser/ros2_ws/install/examples_rclcpp_cbg_executor' for CMake config files
[30.902s] Level 1:colcon.colcon_core.shell:create_environment_hook('examples_rclcpp_cbg_executor', 'cmake_prefix_path')
[30.902s] INFO:colcon.colcon_core.shell:Creating environment hook '/home/vboxuser/ros2_ws/install/examples_rclcpp_cbg_executor/share/examples_rclcpp_cbg_executor/hook/cmake_prefix_path.ps1'
[30.906s] INFO:colcon.colcon_core.shell:Creating environment descriptor '/home/vboxuser/ros2_ws/install/examples_rclcpp_cbg_executor/share/examples_rclcpp_cbg_executor/hook/cmake_prefix_path.dsv'
[30.908s] INFO:colcon.colcon_core.shell:Creating environment hook '/home/vboxuser/ros2_ws/install/examples_rclcpp_cbg_executor/share/examples_rclcpp_cbg_executor/hook/cmake_prefix_path.sh'
[30.911s] Level 1:colcon.colcon_core.environment:checking '/home/vboxuser/ros2_ws/install/examples_rclcpp_cbg_executor/lib'
[30.912s] Level 1:colcon.colcon_core.environment:checking '/home/vboxuser/ros2_ws/install/examples_rclcpp_cbg_executor/bin'
[30.912s] Level 1:colcon.colcon_core.environment:checking '/home/vboxuser/ros2_ws/install/examples_rclcpp_cbg_executor/lib/pkgconfig/examples_rclcpp_cbg_executor.pc'
[30.913s] Level 1:colcon.colcon_core.environment:checking '/home/vboxuser/ros2_ws/install/examples_rclcpp_cbg_executor/lib/python3.10/site-packages'
[30.913s] Level 1:colcon.colcon_core.environment:checking '/home/vboxuser/ros2_ws/install/examples_rclcpp_cbg_executor/bin'
[30.914s] INFO:colcon.colcon_core.shell:Creating package script '/home/vboxuser/ros2_ws/install/examples_rclcpp_cbg_executor/share/examples_rclcpp_cbg_executor/package.ps1'
[30.917s] INFO:colcon.colcon_core.shell:Creating package descriptor '/home/vboxuser/ros2_ws/install/examples_rclcpp_cbg_executor/share/examples_rclcpp_cbg_executor/package.dsv'
[30.927s] INFO:colcon.colcon_core.shell:Creating package script '/home/vboxuser/ros2_ws/install/examples_rclcpp_cbg_executor/share/examples_rclcpp_cbg_executor/package.sh'
[30.950s] INFO:colcon.colcon_core.shell:Creating package script '/home/vboxuser/ros2_ws/install/examples_rclcpp_cbg_executor/share/examples_rclcpp_cbg_executor/package.bash'
[30.964s] INFO:colcon.colcon_core.shell:Creating package script '/home/vboxuser/ros2_ws/install/examples_rclcpp_cbg_executor/share/examples_rclcpp_cbg_executor/package.zsh'
[30.977s] Level 1:colcon.colcon_core.environment:create_file_with_runtime_dependencies(/home/vboxuser/ros2_ws/install/examples_rclcpp_cbg_executor/share/colcon-core/packages/examples_rclcpp_cbg_executor)
[30.986s] INFO:colcon.colcon_ros.task.ament_cmake.build:Building ROS package in '/home/vboxuser/ros2_ws/src/examples/rclcpp/composition/minimal_composition' with build type 'ament_cmake'
[30.991s] INFO:colcon.colcon_cmake.task.cmake.build:Building CMake package in '/home/vboxuser/ros2_ws/src/examples/rclcpp/composition/minimal_composition'
[31.001s] INFO:colcon.colcon_core.shell:Skip shell extension 'powershell' for command environment: Not usable outside of PowerShell
[31.002s] DEBUG:colcon.colcon_core.shell:Skip shell extension 'dsv' for command environment
[31.298s] DEBUG:colcon.colcon_core.event_handler.log_command:Invoking command in '/home/vboxuser/ros2_ws/build/examples_rclcpp_minimal_action_server': CMAKE_PREFIX_PATH=${CMAKE_PREFIX_PATH}:/home/vboxuser/ros2_ws/install/py_pubsub:/home/vboxuser/ros2_ws/install/launch_testing_examples:/home/vboxuser/ros2_ws/install/examples_rclpy_pointcloud_publisher:/home/vboxuser/ros2_ws/install/examples_rclpy_minimal_subscriber:/home/vboxuser/ros2_ws/install/examples_rclpy_minimal_service:/home/vboxuser/ros2_ws/install/examples_rclpy_minimal_publisher:/home/vboxuser/ros2_ws/install/examples_rclpy_minimal_client:/home/vboxuser/ros2_ws/install/examples_rclpy_minimal_action_server:/home/vboxuser/ros2_ws/install/examples_rclpy_minimal_action_client:/home/vboxuser/ros2_ws/install/examples_rclpy_guard_conditions:/home/vboxuser/ros2_ws/install/examples_rclpy_executors:/home/vboxuser/ros2_ws/install/bms_visualizer:/opt/ros/iron:/home/vboxuser/ros2_iron/install/rqt_bag_plugins:/home/vboxuser/ros2_iron/install/rqt_bag:/home/vboxuser/ros2_iron/install/rosbag2_examples_py:/home/vboxuser/ros2_iron/install/launch_testing_examples:/home/vboxuser/ros2_iron/install/ros2bag:/home/vboxuser/ros2_iron/install/tracetools_test:/home/vboxuser/ros2_iron/install/tracetools_launch:/home/vboxuser/ros2_iron/install/topic_monitor:/home/vboxuser/ros2_iron/install/tf2_tools:/home/vboxuser/ros2_iron/install/examples_tf2_py:/home/vboxuser/ros2_iron/install/tf2_ros_py:/home/vboxuser/ros2_iron/install/examples_rclpy_pointcloud_publisher:/home/vboxuser/ros2_iron/install/sensor_msgs_py:/home/vboxuser/ros2_iron/install/quality_of_service_demo_py:/home/vboxuser/ros2_iron/install/rqt_plot:/home/vboxuser/ros2_iron/install/ros2doctor:/home/vboxuser/ros2_iron/install/lifecycle_py:/home/vboxuser/ros2_iron/install/examples_rclpy_minimal_subscriber:/home/vboxuser/ros2_iron/install/examples_rclpy_minimal_service:/home/vboxuser/ros2_iron/install/examples_rclpy_minimal_publisher:/home/vboxuser/ros2_iron/install/examples_rclpy_minimal_client:/home/vboxuser/ros2_iron/install/examples_rclpy_executors:/home/vboxuser/ros2_iron/install/demo_nodes_py:/home/vboxuser/ros2_iron/install/rqt:/home/vboxuser/ros2_iron/install/ros2component:/home/vboxuser/ros2_iron/install/sros2:/home/vboxuser/ros2_iron/install/rqt_topic:/home/vboxuser/ros2_iron/install/rqt_srv:/home/vboxuser/ros2_iron/install/rqt_shell:/home/vboxuser/ros2_iron/install/rqt_service_caller:/home/vboxuser/ros2_iron/install/rqt_reconfigure:/home/vboxuser/ros2_iron/install/rqt_py_console:/home/vboxuser/ros2_iron/install/rqt_publisher:/home/vboxuser/ros2_iron/install/rqt_action:/home/vboxuser/ros2_iron/install/rqt_msg:/home/vboxuser/ros2_iron/install/rqt_console:/home/vboxuser/ros2_iron/install/rqt_graph:/home/vboxuser/ros2_iron/install/rqt_gui_py:/home/vboxuser/ros2_iron/install/rqt_gui:/home/vboxuser/ros2_iron/install/ros2trace:/home/vboxuser/ros2_iron/install/ros2topic:/home/vboxuser/ros2_iron/install/ros2test:/home/vboxuser/ros2_iron/install/ros2param:/home/vboxuser/ros2_iron/install/ros2lifecycle:/home/vboxuser/ros2_iron/install/ros2service:/home/vboxuser/ros2_iron/install/ros2run:/home/vboxuser/ros2_iron/install/ros2launch:/home/vboxuser/ros2_iron/install/ros2pkg:/home/vboxuser/ros2_iron/install/ros2node:/home/vboxuser/ros2_iron/install/ros2multicast:/home/vboxuser/ros2_iron/install/ros2interface:/home/vboxuser/ros2_iron/install/ros2action:/home/vboxuser/ros2_iron/install/ros2cli:/home/vboxuser/ros2_iron/install/launch_testing_ros:/home/vboxuser/ros2_iron/install/launch_ros:/home/vboxuser/ros2_iron/install/examples_rclpy_minimal_action_server:/home/vboxuser/ros2_iron/install/examples_rclpy_minimal_action_client:/home/vboxuser/ros2_iron/install/examples_rclpy_guard_conditions:/home/vboxuser/ros2_iron/install/action_tutorials_py:/home/vboxuser/ros2_iron/install/ament_uncrustify:/home/vboxuser/ros2_iron/install/tracetools_trace:/home/vboxuser/ros2_iron/install/tracetools_read:/home/vboxuser/ros2_iron/install/test_tracetools_launch:/home/vboxuser/ros2_iron/install/test_ros2trace:/home/vboxuser/ros2_iron/install/test_launch_ros:/home/vboxuser/ros2_iron/install/rpyutils:/home/vboxuser/ros2_iron/install/rosidl_runtime_py:/home/vboxuser/ros2_iron/install/rosidl_pycommon:/home/vboxuser/ros2_iron/install/rosidl_cli:/home/vboxuser/ros2_iron/install/launch_pytest:/home/vboxuser/ros2_iron/install/launch_testing:/home/vboxuser/ros2_iron/install/launch_yaml:/home/vboxuser/ros2_iron/install/launch_xml:/home/vboxuser/ros2_iron/install/launch:/home/vboxuser/ros2_iron/install/osrf_pycommon:/home/vboxuser/ros2_iron/install/domain_coordinator:/home/vboxuser/ros2_iron/install/ament_xmllint:/home/vboxuser/ros2_iron/install/ament_pyflakes:/home/vboxuser/ros2_iron/install/ament_pycodestyle:/home/vboxuser/ros2_iron/install/ament_pep257:/home/vboxuser/ros2_iron/install/ament_pclint:/home/vboxuser/ros2_iron/install/ament_package:/home/vboxuser/ros2_iron/install/ament_mypy:/home/vboxuser/ros2_iron/install/ament_lint_cmake:/home/vboxuser/ros2_iron/install/ament_flake8:/home/vboxuser/ros2_iron/install/ament_copyright:/home/vboxuser/ros2_iron/install/ament_lint:/home/vboxuser/ros2_iron/install/ament_index_python:/home/vboxuser/ros2_iron/install/ament_cpplint:/home/vboxuser/ros2_iron/install/ament_cppcheck:/home/vboxuser/ros2_iron/install/ament_clang_tidy:/home/vboxuser/ros2_iron/install/ament_clang_format /usr/bin/cmake --build /home/vboxuser/ros2_ws/build/examples_rclcpp_minimal_action_server -- -j4 -l4
[31.334s] DEBUG:colcon.colcon_core.event_handler.log_command:Invoking command in '/home/vboxuser/ros2_ws/build/examples_rclcpp_minimal_client': CMAKE_PREFIX_PATH=${CMAKE_PREFIX_PATH}:/home/vboxuser/ros2_ws/install/py_pubsub:/home/vboxuser/ros2_ws/install/launch_testing_examples:/home/vboxuser/ros2_ws/install/examples_rclpy_pointcloud_publisher:/home/vboxuser/ros2_ws/install/examples_rclpy_minimal_subscriber:/home/vboxuser/ros2_ws/install/examples_rclpy_minimal_service:/home/vboxuser/ros2_ws/install/examples_rclpy_minimal_publisher:/home/vboxuser/ros2_ws/install/examples_rclpy_minimal_client:/home/vboxuser/ros2_ws/install/examples_rclpy_minimal_action_server:/home/vboxuser/ros2_ws/install/examples_rclpy_minimal_action_client:/home/vboxuser/ros2_ws/install/examples_rclpy_guard_conditions:/home/vboxuser/ros2_ws/install/examples_rclpy_executors:/home/vboxuser/ros2_ws/install/bms_visualizer:/opt/ros/iron:/home/vboxuser/ros2_iron/install/rqt_bag_plugins:/home/vboxuser/ros2_iron/install/rqt_bag:/home/vboxuser/ros2_iron/install/rosbag2_examples_py:/home/vboxuser/ros2_iron/install/launch_testing_examples:/home/vboxuser/ros2_iron/install/ros2bag:/home/vboxuser/ros2_iron/install/tracetools_test:/home/vboxuser/ros2_iron/install/tracetools_launch:/home/vboxuser/ros2_iron/install/topic_monitor:/home/vboxuser/ros2_iron/install/tf2_tools:/home/vboxuser/ros2_iron/install/examples_tf2_py:/home/vboxuser/ros2_iron/install/tf2_ros_py:/home/vboxuser/ros2_iron/install/examples_rclpy_pointcloud_publisher:/home/vboxuser/ros2_iron/install/sensor_msgs_py:/home/vboxuser/ros2_iron/install/quality_of_service_demo_py:/home/vboxuser/ros2_iron/install/rqt_plot:/home/vboxuser/ros2_iron/install/ros2doctor:/home/vboxuser/ros2_iron/install/lifecycle_py:/home/vboxuser/ros2_iron/install/examples_rclpy_minimal_subscriber:/home/vboxuser/ros2_iron/install/examples_rclpy_minimal_service:/home/vboxuser/ros2_iron/install/examples_rclpy_minimal_publisher:/home/vboxuser/ros2_iron/install/examples_rclpy_minimal_client:/home/vboxuser/ros2_iron/install/examples_rclpy_executors:/home/vboxuser/ros2_iron/install/demo_nodes_py:/home/vboxuser/ros2_iron/install/rqt:/home/vboxuser/ros2_iron/install/ros2component:/home/vboxuser/ros2_iron/install/sros2:/home/vboxuser/ros2_iron/install/rqt_topic:/home/vboxuser/ros2_iron/install/rqt_srv:/home/vboxuser/ros2_iron/install/rqt_shell:/home/vboxuser/ros2_iron/install/rqt_service_caller:/home/vboxuser/ros2_iron/install/rqt_reconfigure:/home/vboxuser/ros2_iron/install/rqt_py_console:/home/vboxuser/ros2_iron/install/rqt_publisher:/home/vboxuser/ros2_iron/install/rqt_action:/home/vboxuser/ros2_iron/install/rqt_msg:/home/vboxuser/ros2_iron/install/rqt_console:/home/vboxuser/ros2_iron/install/rqt_graph:/home/vboxuser/ros2_iron/install/rqt_gui_py:/home/vboxuser/ros2_iron/install/rqt_gui:/home/vboxuser/ros2_iron/install/ros2trace:/home/vboxuser/ros2_iron/install/ros2topic:/home/vboxuser/ros2_iron/install/ros2test:/home/vboxuser/ros2_iron/install/ros2param:/home/vboxuser/ros2_iron/install/ros2lifecycle:/home/vboxuser/ros2_iron/install/ros2service:/home/vboxuser/ros2_iron/install/ros2run:/home/vboxuser/ros2_iron/install/ros2launch:/home/vboxuser/ros2_iron/install/ros2pkg:/home/vboxuser/ros2_iron/install/ros2node:/home/vboxuser/ros2_iron/install/ros2multicast:/home/vboxuser/ros2_iron/install/ros2interface:/home/vboxuser/ros2_iron/install/ros2action:/home/vboxuser/ros2_iron/install/ros2cli:/home/vboxuser/ros2_iron/install/launch_testing_ros:/home/vboxuser/ros2_iron/install/launch_ros:/home/vboxuser/ros2_iron/install/examples_rclpy_minimal_action_server:/home/vboxuser/ros2_iron/install/examples_rclpy_minimal_action_client:/home/vboxuser/ros2_iron/install/examples_rclpy_guard_conditions:/home/vboxuser/ros2_iron/install/action_tutorials_py:/home/vboxuser/ros2_iron/install/ament_uncrustify:/home/vboxuser/ros2_iron/install/tracetools_trace:/home/vboxuser/ros2_iron/install/tracetools_read:/home/vboxuser/ros2_iron/install/test_tracetools_launch:/home/vboxuser/ros2_iron/install/test_ros2trace:/home/vboxuser/ros2_iron/install/test_launch_ros:/home/vboxuser/ros2_iron/install/rpyutils:/home/vboxuser/ros2_iron/install/rosidl_runtime_py:/home/vboxuser/ros2_iron/install/rosidl_pycommon:/home/vboxuser/ros2_iron/install/rosidl_cli:/home/vboxuser/ros2_iron/install/launch_pytest:/home/vboxuser/ros2_iron/install/launch_testing:/home/vboxuser/ros2_iron/install/launch_yaml:/home/vboxuser/ros2_iron/install/launch_xml:/home/vboxuser/ros2_iron/install/launch:/home/vboxuser/ros2_iron/install/osrf_pycommon:/home/vboxuser/ros2_iron/install/domain_coordinator:/home/vboxuser/ros2_iron/install/ament_xmllint:/home/vboxuser/ros2_iron/install/ament_pyflakes:/home/vboxuser/ros2_iron/install/ament_pycodestyle:/home/vboxuser/ros2_iron/install/ament_pep257:/home/vboxuser/ros2_iron/install/ament_pclint:/home/vboxuser/ros2_iron/install/ament_package:/home/vboxuser/ros2_iron/install/ament_mypy:/home/vboxuser/ros2_iron/install/ament_lint_cmake:/home/vboxuser/ros2_iron/install/ament_flake8:/home/vboxuser/ros2_iron/install/ament_copyright:/home/vboxuser/ros2_iron/install/ament_lint:/home/vboxuser/ros2_iron/install/ament_index_python:/home/vboxuser/ros2_iron/install/ament_cpplint:/home/vboxuser/ros2_iron/install/ament_cppcheck:/home/vboxuser/ros2_iron/install/ament_clang_tidy:/home/vboxuser/ros2_iron/install/ament_clang_format /usr/bin/cmake --build /home/vboxuser/ros2_ws/build/examples_rclcpp_minimal_client -- -j4 -l4
[31.351s] DEBUG:colcon.colcon_core.event_handler.log_command:Invoked command in '/home/vboxuser/ros2_ws/build/examples_rclcpp_minimal_action_client' returned '0': CMAKE_PREFIX_PATH=${CMAKE_PREFIX_PATH}:/home/vboxuser/ros2_ws/install/py_pubsub:/home/vboxuser/ros2_ws/install/launch_testing_examples:/home/vboxuser/ros2_ws/install/examples_rclpy_pointcloud_publisher:/home/vboxuser/ros2_ws/install/examples_rclpy_minimal_subscriber:/home/vboxuser/ros2_ws/install/examples_rclpy_minimal_service:/home/vboxuser/ros2_ws/install/examples_rclpy_minimal_publisher:/home/vboxuser/ros2_ws/install/examples_rclpy_minimal_client:/home/vboxuser/ros2_ws/install/examples_rclpy_minimal_action_server:/home/vboxuser/ros2_ws/install/examples_rclpy_minimal_action_client:/home/vboxuser/ros2_ws/install/examples_rclpy_guard_conditions:/home/vboxuser/ros2_ws/install/examples_rclpy_executors:/home/vboxuser/ros2_ws/install/bms_visualizer:/opt/ros/iron:/home/vboxuser/ros2_iron/install/rqt_bag_plugins:/home/vboxuser/ros2_iron/install/rqt_bag:/home/vboxuser/ros2_iron/install/rosbag2_examples_py:/home/vboxuser/ros2_iron/install/launch_testing_examples:/home/vboxuser/ros2_iron/install/ros2bag:/home/vboxuser/ros2_iron/install/tracetools_test:/home/vboxuser/ros2_iron/install/tracetools_launch:/home/vboxuser/ros2_iron/install/topic_monitor:/home/vboxuser/ros2_iron/install/tf2_tools:/home/vboxuser/ros2_iron/install/examples_tf2_py:/home/vboxuser/ros2_iron/install/tf2_ros_py:/home/vboxuser/ros2_iron/install/examples_rclpy_pointcloud_publisher:/home/vboxuser/ros2_iron/install/sensor_msgs_py:/home/vboxuser/ros2_iron/install/quality_of_service_demo_py:/home/vboxuser/ros2_iron/install/rqt_plot:/home/vboxuser/ros2_iron/install/ros2doctor:/home/vboxuser/ros2_iron/install/lifecycle_py:/home/vboxuser/ros2_iron/install/examples_rclpy_minimal_subscriber:/home/vboxuser/ros2_iron/install/examples_rclpy_minimal_service:/home/vboxuser/ros2_iron/install/examples_rclpy_minimal_publisher:/home/vboxuser/ros2_iron/install/examples_rclpy_minimal_client:/home/vboxuser/ros2_iron/install/examples_rclpy_executors:/home/vboxuser/ros2_iron/install/demo_nodes_py:/home/vboxuser/ros2_iron/install/rqt:/home/vboxuser/ros2_iron/install/ros2component:/home/vboxuser/ros2_iron/install/sros2:/home/vboxuser/ros2_iron/install/rqt_topic:/home/vboxuser/ros2_iron/install/rqt_srv:/home/vboxuser/ros2_iron/install/rqt_shell:/home/vboxuser/ros2_iron/install/rqt_service_caller:/home/vboxuser/ros2_iron/install/rqt_reconfigure:/home/vboxuser/ros2_iron/install/rqt_py_console:/home/vboxuser/ros2_iron/install/rqt_publisher:/home/vboxuser/ros2_iron/install/rqt_action:/home/vboxuser/ros2_iron/install/rqt_msg:/home/vboxuser/ros2_iron/install/rqt_console:/home/vboxuser/ros2_iron/install/rqt_graph:/home/vboxuser/ros2_iron/install/rqt_gui_py:/home/vboxuser/ros2_iron/install/rqt_gui:/home/vboxuser/ros2_iron/install/ros2trace:/home/vboxuser/ros2_iron/install/ros2topic:/home/vboxuser/ros2_iron/install/ros2test:/home/vboxuser/ros2_iron/install/ros2param:/home/vboxuser/ros2_iron/install/ros2lifecycle:/home/vboxuser/ros2_iron/install/ros2service:/home/vboxuser/ros2_iron/install/ros2run:/home/vboxuser/ros2_iron/install/ros2launch:/home/vboxuser/ros2_iron/install/ros2pkg:/home/vboxuser/ros2_iron/install/ros2node:/home/vboxuser/ros2_iron/install/ros2multicast:/home/vboxuser/ros2_iron/install/ros2interface:/home/vboxuser/ros2_iron/install/ros2action:/home/vboxuser/ros2_iron/install/ros2cli:/home/vboxuser/ros2_iron/install/launch_testing_ros:/home/vboxuser/ros2_iron/install/launch_ros:/home/vboxuser/ros2_iron/install/examples_rclpy_minimal_action_server:/home/vboxuser/ros2_iron/install/examples_rclpy_minimal_action_client:/home/vboxuser/ros2_iron/install/examples_rclpy_guard_conditions:/home/vboxuser/ros2_iron/install/action_tutorials_py:/home/vboxuser/ros2_iron/install/ament_uncrustify:/home/vboxuser/ros2_iron/install/tracetools_trace:/home/vboxuser/ros2_iron/install/tracetools_read:/home/vboxuser/ros2_iron/install/test_tracetools_launch:/home/vboxuser/ros2_iron/install/test_ros2trace:/home/vboxuser/ros2_iron/install/test_launch_ros:/home/vboxuser/ros2_iron/install/rpyutils:/home/vboxuser/ros2_iron/install/rosidl_runtime_py:/home/vboxuser/ros2_iron/install/rosidl_pycommon:/home/vboxuser/ros2_iron/install/rosidl_cli:/home/vboxuser/ros2_iron/install/launch_pytest:/home/vboxuser/ros2_iron/install/launch_testing:/home/vboxuser/ros2_iron/install/launch_yaml:/home/vboxuser/ros2_iron/install/launch_xml:/home/vboxuser/ros2_iron/install/launch:/home/vboxuser/ros2_iron/install/osrf_pycommon:/home/vboxuser/ros2_iron/install/domain_coordinator:/home/vboxuser/ros2_iron/install/ament_xmllint:/home/vboxuser/ros2_iron/install/ament_pyflakes:/home/vboxuser/ros2_iron/install/ament_pycodestyle:/home/vboxuser/ros2_iron/install/ament_pep257:/home/vboxuser/ros2_iron/install/ament_pclint:/home/vboxuser/ros2_iron/install/ament_package:/home/vboxuser/ros2_iron/install/ament_mypy:/home/vboxuser/ros2_iron/install/ament_lint_cmake:/home/vboxuser/ros2_iron/install/ament_flake8:/home/vboxuser/ros2_iron/install/ament_copyright:/home/vboxuser/ros2_iron/install/ament_lint:/home/vboxuser/ros2_iron/install/ament_index_python:/home/vboxuser/ros2_iron/install/ament_cpplint:/home/vboxuser/ros2_iron/install/ament_cppcheck:/home/vboxuser/ros2_iron/install/ament_clang_tidy:/home/vboxuser/ros2_iron/install/ament_clang_format /usr/bin/cmake --build /home/vboxuser/ros2_ws/build/examples_rclcpp_minimal_action_client -- -j4 -l4
[31.359s] DEBUG:colcon.colcon_core.event_handler.log_command:Invoking command in '/home/vboxuser/ros2_ws/build/examples_rclcpp_minimal_action_client': CMAKE_PREFIX_PATH=${CMAKE_PREFIX_PATH}:/home/vboxuser/ros2_ws/install/py_pubsub:/home/vboxuser/ros2_ws/install/launch_testing_examples:/home/vboxuser/ros2_ws/install/examples_rclpy_pointcloud_publisher:/home/vboxuser/ros2_ws/install/examples_rclpy_minimal_subscriber:/home/vboxuser/ros2_ws/install/examples_rclpy_minimal_service:/home/vboxuser/ros2_ws/install/examples_rclpy_minimal_publisher:/home/vboxuser/ros2_ws/install/examples_rclpy_minimal_client:/home/vboxuser/ros2_ws/install/examples_rclpy_minimal_action_server:/home/vboxuser/ros2_ws/install/examples_rclpy_minimal_action_client:/home/vboxuser/ros2_ws/install/examples_rclpy_guard_conditions:/home/vboxuser/ros2_ws/install/examples_rclpy_executors:/home/vboxuser/ros2_ws/install/bms_visualizer:/opt/ros/iron:/home/vboxuser/ros2_iron/install/rqt_bag_plugins:/home/vboxuser/ros2_iron/install/rqt_bag:/home/vboxuser/ros2_iron/install/rosbag2_examples_py:/home/vboxuser/ros2_iron/install/launch_testing_examples:/home/vboxuser/ros2_iron/install/ros2bag:/home/vboxuser/ros2_iron/install/tracetools_test:/home/vboxuser/ros2_iron/install/tracetools_launch:/home/vboxuser/ros2_iron/install/topic_monitor:/home/vboxuser/ros2_iron/install/tf2_tools:/home/vboxuser/ros2_iron/install/examples_tf2_py:/home/vboxuser/ros2_iron/install/tf2_ros_py:/home/vboxuser/ros2_iron/install/examples_rclpy_pointcloud_publisher:/home/vboxuser/ros2_iron/install/sensor_msgs_py:/home/vboxuser/ros2_iron/install/quality_of_service_demo_py:/home/vboxuser/ros2_iron/install/rqt_plot:/home/vboxuser/ros2_iron/install/ros2doctor:/home/vboxuser/ros2_iron/install/lifecycle_py:/home/vboxuser/ros2_iron/install/examples_rclpy_minimal_subscriber:/home/vboxuser/ros2_iron/install/examples_rclpy_minimal_service:/home/vboxuser/ros2_iron/install/examples_rclpy_minimal_publisher:/home/vboxuser/ros2_iron/install/examples_rclpy_minimal_client:/home/vboxuser/ros2_iron/install/examples_rclpy_executors:/home/vboxuser/ros2_iron/install/demo_nodes_py:/home/vboxuser/ros2_iron/install/rqt:/home/vboxuser/ros2_iron/install/ros2component:/home/vboxuser/ros2_iron/install/sros2:/home/vboxuser/ros2_iron/install/rqt_topic:/home/vboxuser/ros2_iron/install/rqt_srv:/home/vboxuser/ros2_iron/install/rqt_shell:/home/vboxuser/ros2_iron/install/rqt_service_caller:/home/vboxuser/ros2_iron/install/rqt_reconfigure:/home/vboxuser/ros2_iron/install/rqt_py_console:/home/vboxuser/ros2_iron/install/rqt_publisher:/home/vboxuser/ros2_iron/install/rqt_action:/home/vboxuser/ros2_iron/install/rqt_msg:/home/vboxuser/ros2_iron/install/rqt_console:/home/vboxuser/ros2_iron/install/rqt_graph:/home/vboxuser/ros2_iron/install/rqt_gui_py:/home/vboxuser/ros2_iron/install/rqt_gui:/home/vboxuser/ros2_iron/install/ros2trace:/home/vboxuser/ros2_iron/install/ros2topic:/home/vboxuser/ros2_iron/install/ros2test:/home/vboxuser/ros2_iron/install/ros2param:/home/vboxuser/ros2_iron/install/ros2lifecycle:/home/vboxuser/ros2_iron/install/ros2service:/home/vboxuser/ros2_iron/install/ros2run:/home/vboxuser/ros2_iron/install/ros2launch:/home/vboxuser/ros2_iron/install/ros2pkg:/home/vboxuser/ros2_iron/install/ros2node:/home/vboxuser/ros2_iron/install/ros2multicast:/home/vboxuser/ros2_iron/install/ros2interface:/home/vboxuser/ros2_iron/install/ros2action:/home/vboxuser/ros2_iron/install/ros2cli:/home/vboxuser/ros2_iron/install/launch_testing_ros:/home/vboxuser/ros2_iron/install/launch_ros:/home/vboxuser/ros2_iron/install/examples_rclpy_minimal_action_server:/home/vboxuser/ros2_iron/install/examples_rclpy_minimal_action_client:/home/vboxuser/ros2_iron/install/examples_rclpy_guard_conditions:/home/vboxuser/ros2_iron/install/action_tutorials_py:/home/vboxuser/ros2_iron/install/ament_uncrustify:/home/vboxuser/ros2_iron/install/tracetools_trace:/home/vboxuser/ros2_iron/install/tracetools_read:/home/vboxuser/ros2_iron/install/test_tracetools_launch:/home/vboxuser/ros2_iron/install/test_ros2trace:/home/vboxuser/ros2_iron/install/test_launch_ros:/home/vboxuser/ros2_iron/install/rpyutils:/home/vboxuser/ros2_iron/install/rosidl_runtime_py:/home/vboxuser/ros2_iron/install/rosidl_pycommon:/home/vboxuser/ros2_iron/install/rosidl_cli:/home/vboxuser/ros2_iron/install/launch_pytest:/home/vboxuser/ros2_iron/install/launch_testing:/home/vboxuser/ros2_iron/install/launch_yaml:/home/vboxuser/ros2_iron/install/launch_xml:/home/vboxuser/ros2_iron/install/launch:/home/vboxuser/ros2_iron/install/osrf_pycommon:/home/vboxuser/ros2_iron/install/domain_coordinator:/home/vboxuser/ros2_iron/install/ament_xmllint:/home/vboxuser/ros2_iron/install/ament_pyflakes:/home/vboxuser/ros2_iron/install/ament_pycodestyle:/home/vboxuser/ros2_iron/install/ament_pep257:/home/vboxuser/ros2_iron/install/ament_pclint:/home/vboxuser/ros2_iron/install/ament_package:/home/vboxuser/ros2_iron/install/ament_mypy:/home/vboxuser/ros2_iron/install/ament_lint_cmake:/home/vboxuser/ros2_iron/install/ament_flake8:/home/vboxuser/ros2_iron/install/ament_copyright:/home/vboxuser/ros2_iron/install/ament_lint:/home/vboxuser/ros2_iron/install/ament_index_python:/home/vboxuser/ros2_iron/install/ament_cpplint:/home/vboxuser/ros2_iron/install/ament_cppcheck:/home/vboxuser/ros2_iron/install/ament_clang_tidy:/home/vboxuser/ros2_iron/install/ament_clang_format /usr/bin/cmake --install /home/vboxuser/ros2_ws/build/examples_rclcpp_minimal_action_client
[31.430s] DEBUG:colcon.colcon_core.event_handler.log_command:Invoking command in '/home/vboxuser/ros2_ws/build/examples_rclcpp_minimal_composition': CMAKE_PREFIX_PATH=${CMAKE_PREFIX_PATH}:/home/vboxuser/ros2_ws/install/py_pubsub:/home/vboxuser/ros2_ws/install/launch_testing_examples:/home/vboxuser/ros2_ws/install/examples_rclpy_pointcloud_publisher:/home/vboxuser/ros2_ws/install/examples_rclpy_minimal_subscriber:/home/vboxuser/ros2_ws/install/examples_rclpy_minimal_service:/home/vboxuser/ros2_ws/install/examples_rclpy_minimal_publisher:/home/vboxuser/ros2_ws/install/examples_rclpy_minimal_client:/home/vboxuser/ros2_ws/install/examples_rclpy_minimal_action_server:/home/vboxuser/ros2_ws/install/examples_rclpy_minimal_action_client:/home/vboxuser/ros2_ws/install/examples_rclpy_guard_conditions:/home/vboxuser/ros2_ws/install/examples_rclpy_executors:/home/vboxuser/ros2_ws/install/bms_visualizer:/opt/ros/iron:/home/vboxuser/ros2_iron/install/rqt_bag_plugins:/home/vboxuser/ros2_iron/install/rqt_bag:/home/vboxuser/ros2_iron/install/rosbag2_examples_py:/home/vboxuser/ros2_iron/install/launch_testing_examples:/home/vboxuser/ros2_iron/install/ros2bag:/home/vboxuser/ros2_iron/install/tracetools_test:/home/vboxuser/ros2_iron/install/tracetools_launch:/home/vboxuser/ros2_iron/install/topic_monitor:/home/vboxuser/ros2_iron/install/tf2_tools:/home/vboxuser/ros2_iron/install/examples_tf2_py:/home/vboxuser/ros2_iron/install/tf2_ros_py:/home/vboxuser/ros2_iron/install/examples_rclpy_pointcloud_publisher:/home/vboxuser/ros2_iron/install/sensor_msgs_py:/home/vboxuser/ros2_iron/install/quality_of_service_demo_py:/home/vboxuser/ros2_iron/install/rqt_plot:/home/vboxuser/ros2_iron/install/ros2doctor:/home/vboxuser/ros2_iron/install/lifecycle_py:/home/vboxuser/ros2_iron/install/examples_rclpy_minimal_subscriber:/home/vboxuser/ros2_iron/install/examples_rclpy_minimal_service:/home/vboxuser/ros2_iron/install/examples_rclpy_minimal_publisher:/home/vboxuser/ros2_iron/install/examples_rclpy_minimal_client:/home/vboxuser/ros2_iron/install/examples_rclpy_executors:/home/vboxuser/ros2_iron/install/demo_nodes_py:/home/vboxuser/ros2_iron/install/rqt:/home/vboxuser/ros2_iron/install/ros2component:/home/vboxuser/ros2_iron/install/sros2:/home/vboxuser/ros2_iron/install/rqt_topic:/home/vboxuser/ros2_iron/install/rqt_srv:/home/vboxuser/ros2_iron/install/rqt_shell:/home/vboxuser/ros2_iron/install/rqt_service_caller:/home/vboxuser/ros2_iron/install/rqt_reconfigure:/home/vboxuser/ros2_iron/install/rqt_py_console:/home/vboxuser/ros2_iron/install/rqt_publisher:/home/vboxuser/ros2_iron/install/rqt_action:/home/vboxuser/ros2_iron/install/rqt_msg:/home/vboxuser/ros2_iron/install/rqt_console:/home/vboxuser/ros2_iron/install/rqt_graph:/home/vboxuser/ros2_iron/install/rqt_gui_py:/home/vboxuser/ros2_iron/install/rqt_gui:/home/vboxuser/ros2_iron/install/ros2trace:/home/vboxuser/ros2_iron/install/ros2topic:/home/vboxuser/ros2_iron/install/ros2test:/home/vboxuser/ros2_iron/install/ros2param:/home/vboxuser/ros2_iron/install/ros2lifecycle:/home/vboxuser/ros2_iron/install/ros2service:/home/vboxuser/ros2_iron/install/ros2run:/home/vboxuser/ros2_iron/install/ros2launch:/home/vboxuser/ros2_iron/install/ros2pkg:/home/vboxuser/ros2_iron/install/ros2node:/home/vboxuser/ros2_iron/install/ros2multicast:/home/vboxuser/ros2_iron/install/ros2interface:/home/vboxuser/ros2_iron/install/ros2action:/home/vboxuser/ros2_iron/install/ros2cli:/home/vboxuser/ros2_iron/install/launch_testing_ros:/home/vboxuser/ros2_iron/install/launch_ros:/home/vboxuser/ros2_iron/install/examples_rclpy_minimal_action_server:/home/vboxuser/ros2_iron/install/examples_rclpy_minimal_action_client:/home/vboxuser/ros2_iron/install/examples_rclpy_guard_conditions:/home/vboxuser/ros2_iron/install/action_tutorials_py:/home/vboxuser/ros2_iron/install/ament_uncrustify:/home/vboxuser/ros2_iron/install/tracetools_trace:/home/vboxuser/ros2_iron/install/tracetools_read:/home/vboxuser/ros2_iron/install/test_tracetools_launch:/home/vboxuser/ros2_iron/install/test_ros2trace:/home/vboxuser/ros2_iron/install/test_launch_ros:/home/vboxuser/ros2_iron/install/rpyutils:/home/vboxuser/ros2_iron/install/rosidl_runtime_py:/home/vboxuser/ros2_iron/install/rosidl_pycommon:/home/vboxuser/ros2_iron/install/rosidl_cli:/home/vboxuser/ros2_iron/install/launch_pytest:/home/vboxuser/ros2_iron/install/launch_testing:/home/vboxuser/ros2_iron/install/launch_yaml:/home/vboxuser/ros2_iron/install/launch_xml:/home/vboxuser/ros2_iron/install/launch:/home/vboxuser/ros2_iron/install/osrf_pycommon:/home/vboxuser/ros2_iron/install/domain_coordinator:/home/vboxuser/ros2_iron/install/ament_xmllint:/home/vboxuser/ros2_iron/install/ament_pyflakes:/home/vboxuser/ros2_iron/install/ament_pycodestyle:/home/vboxuser/ros2_iron/install/ament_pep257:/home/vboxuser/ros2_iron/install/ament_pclint:/home/vboxuser/ros2_iron/install/ament_package:/home/vboxuser/ros2_iron/install/ament_mypy:/home/vboxuser/ros2_iron/install/ament_lint_cmake:/home/vboxuser/ros2_iron/install/ament_flake8:/home/vboxuser/ros2_iron/install/ament_copyright:/home/vboxuser/ros2_iron/install/ament_lint:/home/vboxuser/ros2_iron/install/ament_index_python:/home/vboxuser/ros2_iron/install/ament_cpplint:/home/vboxuser/ros2_iron/install/ament_cppcheck:/home/vboxuser/ros2_iron/install/ament_clang_tidy:/home/vboxuser/ros2_iron/install/ament_clang_format /usr/bin/cmake --build /home/vboxuser/ros2_ws/build/examples_rclcpp_minimal_composition -- -j4 -l4
[31.509s] Level 1:colcon.colcon_core.environment:create_environment_scripts_only(examples_rclcpp_minimal_action_client)
[31.511s] Level 1:colcon.colcon_core.environment:checking '/home/vboxuser/ros2_ws/install/examples_rclcpp_minimal_action_client' for CMake module files
[31.511s] Level 1:colcon.colcon_core.environment:checking '/home/vboxuser/ros2_ws/install/examples_rclcpp_minimal_action_client' for CMake config files
[31.510s] DEBUG:colcon.colcon_core.event_handler.log_command:Invoked command in '/home/vboxuser/ros2_ws/build/examples_rclcpp_minimal_action_client' returned '0': CMAKE_PREFIX_PATH=${CMAKE_PREFIX_PATH}:/home/vboxuser/ros2_ws/install/py_pubsub:/home/vboxuser/ros2_ws/install/launch_testing_examples:/home/vboxuser/ros2_ws/install/examples_rclpy_pointcloud_publisher:/home/vboxuser/ros2_ws/install/examples_rclpy_minimal_subscriber:/home/vboxuser/ros2_ws/install/examples_rclpy_minimal_service:/home/vboxuser/ros2_ws/install/examples_rclpy_minimal_publisher:/home/vboxuser/ros2_ws/install/examples_rclpy_minimal_client:/home/vboxuser/ros2_ws/install/examples_rclpy_minimal_action_server:/home/vboxuser/ros2_ws/install/examples_rclpy_minimal_action_client:/home/vboxuser/ros2_ws/install/examples_rclpy_guard_conditions:/home/vboxuser/ros2_ws/install/examples_rclpy_executors:/home/vboxuser/ros2_ws/install/bms_visualizer:/opt/ros/iron:/home/vboxuser/ros2_iron/install/rqt_bag_plugins:/home/vboxuser/ros2_iron/install/rqt_bag:/home/vboxuser/ros2_iron/install/rosbag2_examples_py:/home/vboxuser/ros2_iron/install/launch_testing_examples:/home/vboxuser/ros2_iron/install/ros2bag:/home/vboxuser/ros2_iron/install/tracetools_test:/home/vboxuser/ros2_iron/install/tracetools_launch:/home/vboxuser/ros2_iron/install/topic_monitor:/home/vboxuser/ros2_iron/install/tf2_tools:/home/vboxuser/ros2_iron/install/examples_tf2_py:/home/vboxuser/ros2_iron/install/tf2_ros_py:/home/vboxuser/ros2_iron/install/examples_rclpy_pointcloud_publisher:/home/vboxuser/ros2_iron/install/sensor_msgs_py:/home/vboxuser/ros2_iron/install/quality_of_service_demo_py:/home/vboxuser/ros2_iron/install/rqt_plot:/home/vboxuser/ros2_iron/install/ros2doctor:/home/vboxuser/ros2_iron/install/lifecycle_py:/home/vboxuser/ros2_iron/install/examples_rclpy_minimal_subscriber:/home/vboxuser/ros2_iron/install/examples_rclpy_minimal_service:/home/vboxuser/ros2_iron/install/examples_rclpy_minimal_publisher:/home/vboxuser/ros2_iron/install/examples_rclpy_minimal_client:/home/vboxuser/ros2_iron/install/examples_rclpy_executors:/home/vboxuser/ros2_iron/install/demo_nodes_py:/home/vboxuser/ros2_iron/install/rqt:/home/vboxuser/ros2_iron/install/ros2component:/home/vboxuser/ros2_iron/install/sros2:/home/vboxuser/ros2_iron/install/rqt_topic:/home/vboxuser/ros2_iron/install/rqt_srv:/home/vboxuser/ros2_iron/install/rqt_shell:/home/vboxuser/ros2_iron/install/rqt_service_caller:/home/vboxuser/ros2_iron/install/rqt_reconfigure:/home/vboxuser/ros2_iron/install/rqt_py_console:/home/vboxuser/ros2_iron/install/rqt_publisher:/home/vboxuser/ros2_iron/install/rqt_action:/home/vboxuser/ros2_iron/install/rqt_msg:/home/vboxuser/ros2_iron/install/rqt_console:/home/vboxuser/ros2_iron/install/rqt_graph:/home/vboxuser/ros2_iron/install/rqt_gui_py:/home/vboxuser/ros2_iron/install/rqt_gui:/home/vboxuser/ros2_iron/install/ros2trace:/home/vboxuser/ros2_iron/install/ros2topic:/home/vboxuser/ros2_iron/install/ros2test:/home/vboxuser/ros2_iron/install/ros2param:/home/vboxuser/ros2_iron/install/ros2lifecycle:/home/vboxuser/ros2_iron/install/ros2service:/home/vboxuser/ros2_iron/install/ros2run:/home/vboxuser/ros2_iron/install/ros2launch:/home/vboxuser/ros2_iron/install/ros2pkg:/home/vboxuser/ros2_iron/install/ros2node:/home/vboxuser/ros2_iron/install/ros2multicast:/home/vboxuser/ros2_iron/install/ros2interface:/home/vboxuser/ros2_iron/install/ros2action:/home/vboxuser/ros2_iron/install/ros2cli:/home/vboxuser/ros2_iron/install/launch_testing_ros:/home/vboxuser/ros2_iron/install/launch_ros:/home/vboxuser/ros2_iron/install/examples_rclpy_minimal_action_server:/home/vboxuser/ros2_iron/install/examples_rclpy_minimal_action_client:/home/vboxuser/ros2_iron/install/examples_rclpy_guard_conditions:/home/vboxuser/ros2_iron/install/action_tutorials_py:/home/vboxuser/ros2_iron/install/ament_uncrustify:/home/vboxuser/ros2_iron/install/tracetools_trace:/home/vboxuser/ros2_iron/install/tracetools_read:/home/vboxuser/ros2_iron/install/test_tracetools_launch:/home/vboxuser/ros2_iron/install/test_ros2trace:/home/vboxuser/ros2_iron/install/test_launch_ros:/home/vboxuser/ros2_iron/install/rpyutils:/home/vboxuser/ros2_iron/install/rosidl_runtime_py:/home/vboxuser/ros2_iron/install/rosidl_pycommon:/home/vboxuser/ros2_iron/install/rosidl_cli:/home/vboxuser/ros2_iron/install/launch_pytest:/home/vboxuser/ros2_iron/install/launch_testing:/home/vboxuser/ros2_iron/install/launch_yaml:/home/vboxuser/ros2_iron/install/launch_xml:/home/vboxuser/ros2_iron/install/launch:/home/vboxuser/ros2_iron/install/osrf_pycommon:/home/vboxuser/ros2_iron/install/domain_coordinator:/home/vboxuser/ros2_iron/install/ament_xmllint:/home/vboxuser/ros2_iron/install/ament_pyflakes:/home/vboxuser/ros2_iron/install/ament_pycodestyle:/home/vboxuser/ros2_iron/install/ament_pep257:/home/vboxuser/ros2_iron/install/ament_pclint:/home/vboxuser/ros2_iron/install/ament_package:/home/vboxuser/ros2_iron/install/ament_mypy:/home/vboxuser/ros2_iron/install/ament_lint_cmake:/home/vboxuser/ros2_iron/install/ament_flake8:/home/vboxuser/ros2_iron/install/ament_copyright:/home/vboxuser/ros2_iron/install/ament_lint:/home/vboxuser/ros2_iron/install/ament_index_python:/home/vboxuser/ros2_iron/install/ament_cpplint:/home/vboxuser/ros2_iron/install/ament_cppcheck:/home/vboxuser/ros2_iron/install/ament_clang_tidy:/home/vboxuser/ros2_iron/install/ament_clang_format /usr/bin/cmake --install /home/vboxuser/ros2_ws/build/examples_rclcpp_minimal_action_client
[31.514s] Level 1:colcon.colcon_core.shell:create_environment_hook('examples_rclcpp_minimal_action_client', 'cmake_prefix_path')
[31.515s] INFO:colcon.colcon_core.shell:Creating environment hook '/home/vboxuser/ros2_ws/install/examples_rclcpp_minimal_action_client/share/examples_rclcpp_minimal_action_client/hook/cmake_prefix_path.ps1'
[31.516s] INFO:colcon.colcon_core.shell:Creating environment descriptor '/home/vboxuser/ros2_ws/install/examples_rclcpp_minimal_action_client/share/examples_rclcpp_minimal_action_client/hook/cmake_prefix_path.dsv'
[31.518s] INFO:colcon.colcon_core.shell:Creating environment hook '/home/vboxuser/ros2_ws/install/examples_rclcpp_minimal_action_client/share/examples_rclcpp_minimal_action_client/hook/cmake_prefix_path.sh'
[31.520s] Level 1:colcon.colcon_core.environment:checking '/home/vboxuser/ros2_ws/install/examples_rclcpp_minimal_action_client/lib'
[31.520s] Level 1:colcon.colcon_core.environment:checking '/home/vboxuser/ros2_ws/install/examples_rclcpp_minimal_action_client/bin'
[31.520s] Level 1:colcon.colcon_core.environment:checking '/home/vboxuser/ros2_ws/install/examples_rclcpp_minimal_action_client/lib/pkgconfig/examples_rclcpp_minimal_action_client.pc'
[31.521s] Level 1:colcon.colcon_core.environment:checking '/home/vboxuser/ros2_ws/install/examples_rclcpp_minimal_action_client/lib/python3.10/site-packages'
[31.521s] Level 1:colcon.colcon_core.environment:checking '/home/vboxuser/ros2_ws/install/examples_rclcpp_minimal_action_client/bin'
[31.522s] INFO:colcon.colcon_core.shell:Creating package script '/home/vboxuser/ros2_ws/install/examples_rclcpp_minimal_action_client/share/examples_rclcpp_minimal_action_client/package.ps1'
[31.530s] INFO:colcon.colcon_core.shell:Creating package descriptor '/home/vboxuser/ros2_ws/install/examples_rclcpp_minimal_action_client/share/examples_rclcpp_minimal_action_client/package.dsv'
[31.531s] INFO:colcon.colcon_core.shell:Creating package script '/home/vboxuser/ros2_ws/install/examples_rclcpp_minimal_action_client/share/examples_rclcpp_minimal_action_client/package.sh'
[31.539s] INFO:colcon.colcon_core.shell:Creating package script '/home/vboxuser/ros2_ws/install/examples_rclcpp_minimal_action_client/share/examples_rclcpp_minimal_action_client/package.bash'
[31.543s] INFO:colcon.colcon_core.shell:Creating package script '/home/vboxuser/ros2_ws/install/examples_rclcpp_minimal_action_client/share/examples_rclcpp_minimal_action_client/package.zsh'
[31.547s] Level 1:colcon.colcon_core.environment:create_file_with_runtime_dependencies(/home/vboxuser/ros2_ws/install/examples_rclcpp_minimal_action_client/share/colcon-core/packages/examples_rclcpp_minimal_action_client)
[31.550s] Level 1:colcon.colcon_core.environment:create_environment_scripts_only(examples_rclcpp_minimal_action_client)
[31.550s] Level 1:colcon.colcon_core.environment:checking '/home/vboxuser/ros2_ws/install/examples_rclcpp_minimal_action_client' for CMake module files
[31.557s] Level 1:colcon.colcon_core.environment:checking '/home/vboxuser/ros2_ws/install/examples_rclcpp_minimal_action_client' for CMake config files
[31.561s] Level 1:colcon.colcon_core.shell:create_environment_hook('examples_rclcpp_minimal_action_client', 'cmake_prefix_path')
[31.565s] INFO:colcon.colcon_core.shell:Creating environment hook '/home/vboxuser/ros2_ws/install/examples_rclcpp_minimal_action_client/share/examples_rclcpp_minimal_action_client/hook/cmake_prefix_path.ps1'
[31.568s] INFO:colcon.colcon_core.shell:Creating environment descriptor '/home/vboxuser/ros2_ws/install/examples_rclcpp_minimal_action_client/share/examples_rclcpp_minimal_action_client/hook/cmake_prefix_path.dsv'
[31.569s] INFO:colcon.colcon_core.shell:Creating environment hook '/home/vboxuser/ros2_ws/install/examples_rclcpp_minimal_action_client/share/examples_rclcpp_minimal_action_client/hook/cmake_prefix_path.sh'
[31.571s] Level 1:colcon.colcon_core.environment:checking '/home/vboxuser/ros2_ws/install/examples_rclcpp_minimal_action_client/lib'
[31.572s] Level 1:colcon.colcon_core.environment:checking '/home/vboxuser/ros2_ws/install/examples_rclcpp_minimal_action_client/bin'
[31.572s] Level 1:colcon.colcon_core.environment:checking '/home/vboxuser/ros2_ws/install/examples_rclcpp_minimal_action_client/lib/pkgconfig/examples_rclcpp_minimal_action_client.pc'
[31.572s] Level 1:colcon.colcon_core.environment:checking '/home/vboxuser/ros2_ws/install/examples_rclcpp_minimal_action_client/lib/python3.10/site-packages'
[31.573s] Level 1:colcon.colcon_core.environment:checking '/home/vboxuser/ros2_ws/install/examples_rclcpp_minimal_action_client/bin'
[31.574s] INFO:colcon.colcon_core.shell:Creating package script '/home/vboxuser/ros2_ws/install/examples_rclcpp_minimal_action_client/share/examples_rclcpp_minimal_action_client/package.ps1'
[31.575s] INFO:colcon.colcon_core.shell:Creating package descriptor '/home/vboxuser/ros2_ws/install/examples_rclcpp_minimal_action_client/share/examples_rclcpp_minimal_action_client/package.dsv'
[31.576s] INFO:colcon.colcon_core.shell:Creating package script '/home/vboxuser/ros2_ws/install/examples_rclcpp_minimal_action_client/share/examples_rclcpp_minimal_action_client/package.sh'
[31.577s] INFO:colcon.colcon_core.shell:Creating package script '/home/vboxuser/ros2_ws/install/examples_rclcpp_minimal_action_client/share/examples_rclcpp_minimal_action_client/package.bash'
[31.579s] INFO:colcon.colcon_core.shell:Creating package script '/home/vboxuser/ros2_ws/install/examples_rclcpp_minimal_action_client/share/examples_rclcpp_minimal_action_client/package.zsh'
[31.581s] Level 1:colcon.colcon_core.environment:create_file_with_runtime_dependencies(/home/vboxuser/ros2_ws/install/examples_rclcpp_minimal_action_client/share/colcon-core/packages/examples_rclcpp_minimal_action_client)
[31.592s] INFO:colcon.colcon_ros.task.ament_cmake.build:Building ROS package in '/home/vboxuser/ros2_ws/src/examples/rclcpp/topics/minimal_publisher' with build type 'ament_cmake'
[31.592s] INFO:colcon.colcon_cmake.task.cmake.build:Building CMake package in '/home/vboxuser/ros2_ws/src/examples/rclcpp/topics/minimal_publisher'
[31.592s] INFO:colcon.colcon_core.shell:Skip shell extension 'powershell' for command environment: Not usable outside of PowerShell
[31.592s] DEBUG:colcon.colcon_core.shell:Skip shell extension 'dsv' for command environment
[31.735s] DEBUG:colcon.colcon_core.event_handler.log_command:Invoking command in '/home/vboxuser/ros2_ws/build/examples_rclcpp_minimal_publisher': CMAKE_PREFIX_PATH=${CMAKE_PREFIX_PATH}:/home/vboxuser/ros2_ws/install/py_pubsub:/home/vboxuser/ros2_ws/install/launch_testing_examples:/home/vboxuser/ros2_ws/install/examples_rclpy_pointcloud_publisher:/home/vboxuser/ros2_ws/install/examples_rclpy_minimal_subscriber:/home/vboxuser/ros2_ws/install/examples_rclpy_minimal_service:/home/vboxuser/ros2_ws/install/examples_rclpy_minimal_publisher:/home/vboxuser/ros2_ws/install/examples_rclpy_minimal_client:/home/vboxuser/ros2_ws/install/examples_rclpy_minimal_action_server:/home/vboxuser/ros2_ws/install/examples_rclpy_minimal_action_client:/home/vboxuser/ros2_ws/install/examples_rclpy_guard_conditions:/home/vboxuser/ros2_ws/install/examples_rclpy_executors:/home/vboxuser/ros2_ws/install/bms_visualizer:/opt/ros/iron:/home/vboxuser/ros2_iron/install/rqt_bag_plugins:/home/vboxuser/ros2_iron/install/rqt_bag:/home/vboxuser/ros2_iron/install/rosbag2_examples_py:/home/vboxuser/ros2_iron/install/launch_testing_examples:/home/vboxuser/ros2_iron/install/ros2bag:/home/vboxuser/ros2_iron/install/tracetools_test:/home/vboxuser/ros2_iron/install/tracetools_launch:/home/vboxuser/ros2_iron/install/topic_monitor:/home/vboxuser/ros2_iron/install/tf2_tools:/home/vboxuser/ros2_iron/install/examples_tf2_py:/home/vboxuser/ros2_iron/install/tf2_ros_py:/home/vboxuser/ros2_iron/install/examples_rclpy_pointcloud_publisher:/home/vboxuser/ros2_iron/install/sensor_msgs_py:/home/vboxuser/ros2_iron/install/quality_of_service_demo_py:/home/vboxuser/ros2_iron/install/rqt_plot:/home/vboxuser/ros2_iron/install/ros2doctor:/home/vboxuser/ros2_iron/install/lifecycle_py:/home/vboxuser/ros2_iron/install/examples_rclpy_minimal_subscriber:/home/vboxuser/ros2_iron/install/examples_rclpy_minimal_service:/home/vboxuser/ros2_iron/install/examples_rclpy_minimal_publisher:/home/vboxuser/ros2_iron/install/examples_rclpy_minimal_client:/home/vboxuser/ros2_iron/install/examples_rclpy_executors:/home/vboxuser/ros2_iron/install/demo_nodes_py:/home/vboxuser/ros2_iron/install/rqt:/home/vboxuser/ros2_iron/install/ros2component:/home/vboxuser/ros2_iron/install/sros2:/home/vboxuser/ros2_iron/install/rqt_topic:/home/vboxuser/ros2_iron/install/rqt_srv:/home/vboxuser/ros2_iron/install/rqt_shell:/home/vboxuser/ros2_iron/install/rqt_service_caller:/home/vboxuser/ros2_iron/install/rqt_reconfigure:/home/vboxuser/ros2_iron/install/rqt_py_console:/home/vboxuser/ros2_iron/install/rqt_publisher:/home/vboxuser/ros2_iron/install/rqt_action:/home/vboxuser/ros2_iron/install/rqt_msg:/home/vboxuser/ros2_iron/install/rqt_console:/home/vboxuser/ros2_iron/install/rqt_graph:/home/vboxuser/ros2_iron/install/rqt_gui_py:/home/vboxuser/ros2_iron/install/rqt_gui:/home/vboxuser/ros2_iron/install/ros2trace:/home/vboxuser/ros2_iron/install/ros2topic:/home/vboxuser/ros2_iron/install/ros2test:/home/vboxuser/ros2_iron/install/ros2param:/home/vboxuser/ros2_iron/install/ros2lifecycle:/home/vboxuser/ros2_iron/install/ros2service:/home/vboxuser/ros2_iron/install/ros2run:/home/vboxuser/ros2_iron/install/ros2launch:/home/vboxuser/ros2_iron/install/ros2pkg:/home/vboxuser/ros2_iron/install/ros2node:/home/vboxuser/ros2_iron/install/ros2multicast:/home/vboxuser/ros2_iron/install/ros2interface:/home/vboxuser/ros2_iron/install/ros2action:/home/vboxuser/ros2_iron/install/ros2cli:/home/vboxuser/ros2_iron/install/launch_testing_ros:/home/vboxuser/ros2_iron/install/launch_ros:/home/vboxuser/ros2_iron/install/examples_rclpy_minimal_action_server:/home/vboxuser/ros2_iron/install/examples_rclpy_minimal_action_client:/home/vboxuser/ros2_iron/install/examples_rclpy_guard_conditions:/home/vboxuser/ros2_iron/install/action_tutorials_py:/home/vboxuser/ros2_iron/install/ament_uncrustify:/home/vboxuser/ros2_iron/install/tracetools_trace:/home/vboxuser/ros2_iron/install/tracetools_read:/home/vboxuser/ros2_iron/install/test_tracetools_launch:/home/vboxuser/ros2_iron/install/test_ros2trace:/home/vboxuser/ros2_iron/install/test_launch_ros:/home/vboxuser/ros2_iron/install/rpyutils:/home/vboxuser/ros2_iron/install/rosidl_runtime_py:/home/vboxuser/ros2_iron/install/rosidl_pycommon:/home/vboxuser/ros2_iron/install/rosidl_cli:/home/vboxuser/ros2_iron/install/launch_pytest:/home/vboxuser/ros2_iron/install/launch_testing:/home/vboxuser/ros2_iron/install/launch_yaml:/home/vboxuser/ros2_iron/install/launch_xml:/home/vboxuser/ros2_iron/install/launch:/home/vboxuser/ros2_iron/install/osrf_pycommon:/home/vboxuser/ros2_iron/install/domain_coordinator:/home/vboxuser/ros2_iron/install/ament_xmllint:/home/vboxuser/ros2_iron/install/ament_pyflakes:/home/vboxuser/ros2_iron/install/ament_pycodestyle:/home/vboxuser/ros2_iron/install/ament_pep257:/home/vboxuser/ros2_iron/install/ament_pclint:/home/vboxuser/ros2_iron/install/ament_package:/home/vboxuser/ros2_iron/install/ament_mypy:/home/vboxuser/ros2_iron/install/ament_lint_cmake:/home/vboxuser/ros2_iron/install/ament_flake8:/home/vboxuser/ros2_iron/install/ament_copyright:/home/vboxuser/ros2_iron/install/ament_lint:/home/vboxuser/ros2_iron/install/ament_index_python:/home/vboxuser/ros2_iron/install/ament_cpplint:/home/vboxuser/ros2_iron/install/ament_cppcheck:/home/vboxuser/ros2_iron/install/ament_clang_tidy:/home/vboxuser/ros2_iron/install/ament_clang_format /usr/bin/cmake --build /home/vboxuser/ros2_ws/build/examples_rclcpp_minimal_publisher -- -j4 -l4
[31.906s] DEBUG:colcon.colcon_core.event_handler.log_command:Invoked command in '/home/vboxuser/ros2_ws/build/examples_rclcpp_minimal_action_server' returned '0': CMAKE_PREFIX_PATH=${CMAKE_PREFIX_PATH}:/home/vboxuser/ros2_ws/install/py_pubsub:/home/vboxuser/ros2_ws/install/launch_testing_examples:/home/vboxuser/ros2_ws/install/examples_rclpy_pointcloud_publisher:/home/vboxuser/ros2_ws/install/examples_rclpy_minimal_subscriber:/home/vboxuser/ros2_ws/install/examples_rclpy_minimal_service:/home/vboxuser/ros2_ws/install/examples_rclpy_minimal_publisher:/home/vboxuser/ros2_ws/install/examples_rclpy_minimal_client:/home/vboxuser/ros2_ws/install/examples_rclpy_minimal_action_server:/home/vboxuser/ros2_ws/install/examples_rclpy_minimal_action_client:/home/vboxuser/ros2_ws/install/examples_rclpy_guard_conditions:/home/vboxuser/ros2_ws/install/examples_rclpy_executors:/home/vboxuser/ros2_ws/install/bms_visualizer:/opt/ros/iron:/home/vboxuser/ros2_iron/install/rqt_bag_plugins:/home/vboxuser/ros2_iron/install/rqt_bag:/home/vboxuser/ros2_iron/install/rosbag2_examples_py:/home/vboxuser/ros2_iron/install/launch_testing_examples:/home/vboxuser/ros2_iron/install/ros2bag:/home/vboxuser/ros2_iron/install/tracetools_test:/home/vboxuser/ros2_iron/install/tracetools_launch:/home/vboxuser/ros2_iron/install/topic_monitor:/home/vboxuser/ros2_iron/install/tf2_tools:/home/vboxuser/ros2_iron/install/examples_tf2_py:/home/vboxuser/ros2_iron/install/tf2_ros_py:/home/vboxuser/ros2_iron/install/examples_rclpy_pointcloud_publisher:/home/vboxuser/ros2_iron/install/sensor_msgs_py:/home/vboxuser/ros2_iron/install/quality_of_service_demo_py:/home/vboxuser/ros2_iron/install/rqt_plot:/home/vboxuser/ros2_iron/install/ros2doctor:/home/vboxuser/ros2_iron/install/lifecycle_py:/home/vboxuser/ros2_iron/install/examples_rclpy_minimal_subscriber:/home/vboxuser/ros2_iron/install/examples_rclpy_minimal_service:/home/vboxuser/ros2_iron/install/examples_rclpy_minimal_publisher:/home/vboxuser/ros2_iron/install/examples_rclpy_minimal_client:/home/vboxuser/ros2_iron/install/examples_rclpy_executors:/home/vboxuser/ros2_iron/install/demo_nodes_py:/home/vboxuser/ros2_iron/install/rqt:/home/vboxuser/ros2_iron/install/ros2component:/home/vboxuser/ros2_iron/install/sros2:/home/vboxuser/ros2_iron/install/rqt_topic:/home/vboxuser/ros2_iron/install/rqt_srv:/home/vboxuser/ros2_iron/install/rqt_shell:/home/vboxuser/ros2_iron/install/rqt_service_caller:/home/vboxuser/ros2_iron/install/rqt_reconfigure:/home/vboxuser/ros2_iron/install/rqt_py_console:/home/vboxuser/ros2_iron/install/rqt_publisher:/home/vboxuser/ros2_iron/install/rqt_action:/home/vboxuser/ros2_iron/install/rqt_msg:/home/vboxuser/ros2_iron/install/rqt_console:/home/vboxuser/ros2_iron/install/rqt_graph:/home/vboxuser/ros2_iron/install/rqt_gui_py:/home/vboxuser/ros2_iron/install/rqt_gui:/home/vboxuser/ros2_iron/install/ros2trace:/home/vboxuser/ros2_iron/install/ros2topic:/home/vboxuser/ros2_iron/install/ros2test:/home/vboxuser/ros2_iron/install/ros2param:/home/vboxuser/ros2_iron/install/ros2lifecycle:/home/vboxuser/ros2_iron/install/ros2service:/home/vboxuser/ros2_iron/install/ros2run:/home/vboxuser/ros2_iron/install/ros2launch:/home/vboxuser/ros2_iron/install/ros2pkg:/home/vboxuser/ros2_iron/install/ros2node:/home/vboxuser/ros2_iron/install/ros2multicast:/home/vboxuser/ros2_iron/install/ros2interface:/home/vboxuser/ros2_iron/install/ros2action:/home/vboxuser/ros2_iron/install/ros2cli:/home/vboxuser/ros2_iron/install/launch_testing_ros:/home/vboxuser/ros2_iron/install/launch_ros:/home/vboxuser/ros2_iron/install/examples_rclpy_minimal_action_server:/home/vboxuser/ros2_iron/install/examples_rclpy_minimal_action_client:/home/vboxuser/ros2_iron/install/examples_rclpy_guard_conditions:/home/vboxuser/ros2_iron/install/action_tutorials_py:/home/vboxuser/ros2_iron/install/ament_uncrustify:/home/vboxuser/ros2_iron/install/tracetools_trace:/home/vboxuser/ros2_iron/install/tracetools_read:/home/vboxuser/ros2_iron/install/test_tracetools_launch:/home/vboxuser/ros2_iron/install/test_ros2trace:/home/vboxuser/ros2_iron/install/test_launch_ros:/home/vboxuser/ros2_iron/install/rpyutils:/home/vboxuser/ros2_iron/install/rosidl_runtime_py:/home/vboxuser/ros2_iron/install/rosidl_pycommon:/home/vboxuser/ros2_iron/install/rosidl_cli:/home/vboxuser/ros2_iron/install/launch_pytest:/home/vboxuser/ros2_iron/install/launch_testing:/home/vboxuser/ros2_iron/install/launch_yaml:/home/vboxuser/ros2_iron/install/launch_xml:/home/vboxuser/ros2_iron/install/launch:/home/vboxuser/ros2_iron/install/osrf_pycommon:/home/vboxuser/ros2_iron/install/domain_coordinator:/home/vboxuser/ros2_iron/install/ament_xmllint:/home/vboxuser/ros2_iron/install/ament_pyflakes:/home/vboxuser/ros2_iron/install/ament_pycodestyle:/home/vboxuser/ros2_iron/install/ament_pep257:/home/vboxuser/ros2_iron/install/ament_pclint:/home/vboxuser/ros2_iron/install/ament_package:/home/vboxuser/ros2_iron/install/ament_mypy:/home/vboxuser/ros2_iron/install/ament_lint_cmake:/home/vboxuser/ros2_iron/install/ament_flake8:/home/vboxuser/ros2_iron/install/ament_copyright:/home/vboxuser/ros2_iron/install/ament_lint:/home/vboxuser/ros2_iron/install/ament_index_python:/home/vboxuser/ros2_iron/install/ament_cpplint:/home/vboxuser/ros2_iron/install/ament_cppcheck:/home/vboxuser/ros2_iron/install/ament_clang_tidy:/home/vboxuser/ros2_iron/install/ament_clang_format /usr/bin/cmake --build /home/vboxuser/ros2_ws/build/examples_rclcpp_minimal_action_server -- -j4 -l4
[31.922s] DEBUG:colcon.colcon_core.event_handler.log_command:Invoking command in '/home/vboxuser/ros2_ws/build/examples_rclcpp_minimal_action_server': CMAKE_PREFIX_PATH=${CMAKE_PREFIX_PATH}:/home/vboxuser/ros2_ws/install/py_pubsub:/home/vboxuser/ros2_ws/install/launch_testing_examples:/home/vboxuser/ros2_ws/install/examples_rclpy_pointcloud_publisher:/home/vboxuser/ros2_ws/install/examples_rclpy_minimal_subscriber:/home/vboxuser/ros2_ws/install/examples_rclpy_minimal_service:/home/vboxuser/ros2_ws/install/examples_rclpy_minimal_publisher:/home/vboxuser/ros2_ws/install/examples_rclpy_minimal_client:/home/vboxuser/ros2_ws/install/examples_rclpy_minimal_action_server:/home/vboxuser/ros2_ws/install/examples_rclpy_minimal_action_client:/home/vboxuser/ros2_ws/install/examples_rclpy_guard_conditions:/home/vboxuser/ros2_ws/install/examples_rclpy_executors:/home/vboxuser/ros2_ws/install/bms_visualizer:/opt/ros/iron:/home/vboxuser/ros2_iron/install/rqt_bag_plugins:/home/vboxuser/ros2_iron/install/rqt_bag:/home/vboxuser/ros2_iron/install/rosbag2_examples_py:/home/vboxuser/ros2_iron/install/launch_testing_examples:/home/vboxuser/ros2_iron/install/ros2bag:/home/vboxuser/ros2_iron/install/tracetools_test:/home/vboxuser/ros2_iron/install/tracetools_launch:/home/vboxuser/ros2_iron/install/topic_monitor:/home/vboxuser/ros2_iron/install/tf2_tools:/home/vboxuser/ros2_iron/install/examples_tf2_py:/home/vboxuser/ros2_iron/install/tf2_ros_py:/home/vboxuser/ros2_iron/install/examples_rclpy_pointcloud_publisher:/home/vboxuser/ros2_iron/install/sensor_msgs_py:/home/vboxuser/ros2_iron/install/quality_of_service_demo_py:/home/vboxuser/ros2_iron/install/rqt_plot:/home/vboxuser/ros2_iron/install/ros2doctor:/home/vboxuser/ros2_iron/install/lifecycle_py:/home/vboxuser/ros2_iron/install/examples_rclpy_minimal_subscriber:/home/vboxuser/ros2_iron/install/examples_rclpy_minimal_service:/home/vboxuser/ros2_iron/install/examples_rclpy_minimal_publisher:/home/vboxuser/ros2_iron/install/examples_rclpy_minimal_client:/home/vboxuser/ros2_iron/install/examples_rclpy_executors:/home/vboxuser/ros2_iron/install/demo_nodes_py:/home/vboxuser/ros2_iron/install/rqt:/home/vboxuser/ros2_iron/install/ros2component:/home/vboxuser/ros2_iron/install/sros2:/home/vboxuser/ros2_iron/install/rqt_topic:/home/vboxuser/ros2_iron/install/rqt_srv:/home/vboxuser/ros2_iron/install/rqt_shell:/home/vboxuser/ros2_iron/install/rqt_service_caller:/home/vboxuser/ros2_iron/install/rqt_reconfigure:/home/vboxuser/ros2_iron/install/rqt_py_console:/home/vboxuser/ros2_iron/install/rqt_publisher:/home/vboxuser/ros2_iron/install/rqt_action:/home/vboxuser/ros2_iron/install/rqt_msg:/home/vboxuser/ros2_iron/install/rqt_console:/home/vboxuser/ros2_iron/install/rqt_graph:/home/vboxuser/ros2_iron/install/rqt_gui_py:/home/vboxuser/ros2_iron/install/rqt_gui:/home/vboxuser/ros2_iron/install/ros2trace:/home/vboxuser/ros2_iron/install/ros2topic:/home/vboxuser/ros2_iron/install/ros2test:/home/vboxuser/ros2_iron/install/ros2param:/home/vboxuser/ros2_iron/install/ros2lifecycle:/home/vboxuser/ros2_iron/install/ros2service:/home/vboxuser/ros2_iron/install/ros2run:/home/vboxuser/ros2_iron/install/ros2launch:/home/vboxuser/ros2_iron/install/ros2pkg:/home/vboxuser/ros2_iron/install/ros2node:/home/vboxuser/ros2_iron/install/ros2multicast:/home/vboxuser/ros2_iron/install/ros2interface:/home/vboxuser/ros2_iron/install/ros2action:/home/vboxuser/ros2_iron/install/ros2cli:/home/vboxuser/ros2_iron/install/launch_testing_ros:/home/vboxuser/ros2_iron/install/launch_ros:/home/vboxuser/ros2_iron/install/examples_rclpy_minimal_action_server:/home/vboxuser/ros2_iron/install/examples_rclpy_minimal_action_client:/home/vboxuser/ros2_iron/install/examples_rclpy_guard_conditions:/home/vboxuser/ros2_iron/install/action_tutorials_py:/home/vboxuser/ros2_iron/install/ament_uncrustify:/home/vboxuser/ros2_iron/install/tracetools_trace:/home/vboxuser/ros2_iron/install/tracetools_read:/home/vboxuser/ros2_iron/install/test_tracetools_launch:/home/vboxuser/ros2_iron/install/test_ros2trace:/home/vboxuser/ros2_iron/install/test_launch_ros:/home/vboxuser/ros2_iron/install/rpyutils:/home/vboxuser/ros2_iron/install/rosidl_runtime_py:/home/vboxuser/ros2_iron/install/rosidl_pycommon:/home/vboxuser/ros2_iron/install/rosidl_cli:/home/vboxuser/ros2_iron/install/launch_pytest:/home/vboxuser/ros2_iron/install/launch_testing:/home/vboxuser/ros2_iron/install/launch_yaml:/home/vboxuser/ros2_iron/install/launch_xml:/home/vboxuser/ros2_iron/install/launch:/home/vboxuser/ros2_iron/install/osrf_pycommon:/home/vboxuser/ros2_iron/install/domain_coordinator:/home/vboxuser/ros2_iron/install/ament_xmllint:/home/vboxuser/ros2_iron/install/ament_pyflakes:/home/vboxuser/ros2_iron/install/ament_pycodestyle:/home/vboxuser/ros2_iron/install/ament_pep257:/home/vboxuser/ros2_iron/install/ament_pclint:/home/vboxuser/ros2_iron/install/ament_package:/home/vboxuser/ros2_iron/install/ament_mypy:/home/vboxuser/ros2_iron/install/ament_lint_cmake:/home/vboxuser/ros2_iron/install/ament_flake8:/home/vboxuser/ros2_iron/install/ament_copyright:/home/vboxuser/ros2_iron/install/ament_lint:/home/vboxuser/ros2_iron/install/ament_index_python:/home/vboxuser/ros2_iron/install/ament_cpplint:/home/vboxuser/ros2_iron/install/ament_cppcheck:/home/vboxuser/ros2_iron/install/ament_clang_tidy:/home/vboxuser/ros2_iron/install/ament_clang_format /usr/bin/cmake --install /home/vboxuser/ros2_ws/build/examples_rclcpp_minimal_action_server
[31.975s] DEBUG:colcon.colcon_core.event_handler.log_command:Invoked command in '/home/vboxuser/ros2_ws/build/examples_rclcpp_minimal_client' returned '0': CMAKE_PREFIX_PATH=${CMAKE_PREFIX_PATH}:/home/vboxuser/ros2_ws/install/py_pubsub:/home/vboxuser/ros2_ws/install/launch_testing_examples:/home/vboxuser/ros2_ws/install/examples_rclpy_pointcloud_publisher:/home/vboxuser/ros2_ws/install/examples_rclpy_minimal_subscriber:/home/vboxuser/ros2_ws/install/examples_rclpy_minimal_service:/home/vboxuser/ros2_ws/install/examples_rclpy_minimal_publisher:/home/vboxuser/ros2_ws/install/examples_rclpy_minimal_client:/home/vboxuser/ros2_ws/install/examples_rclpy_minimal_action_server:/home/vboxuser/ros2_ws/install/examples_rclpy_minimal_action_client:/home/vboxuser/ros2_ws/install/examples_rclpy_guard_conditions:/home/vboxuser/ros2_ws/install/examples_rclpy_executors:/home/vboxuser/ros2_ws/install/bms_visualizer:/opt/ros/iron:/home/vboxuser/ros2_iron/install/rqt_bag_plugins:/home/vboxuser/ros2_iron/install/rqt_bag:/home/vboxuser/ros2_iron/install/rosbag2_examples_py:/home/vboxuser/ros2_iron/install/launch_testing_examples:/home/vboxuser/ros2_iron/install/ros2bag:/home/vboxuser/ros2_iron/install/tracetools_test:/home/vboxuser/ros2_iron/install/tracetools_launch:/home/vboxuser/ros2_iron/install/topic_monitor:/home/vboxuser/ros2_iron/install/tf2_tools:/home/vboxuser/ros2_iron/install/examples_tf2_py:/home/vboxuser/ros2_iron/install/tf2_ros_py:/home/vboxuser/ros2_iron/install/examples_rclpy_pointcloud_publisher:/home/vboxuser/ros2_iron/install/sensor_msgs_py:/home/vboxuser/ros2_iron/install/quality_of_service_demo_py:/home/vboxuser/ros2_iron/install/rqt_plot:/home/vboxuser/ros2_iron/install/ros2doctor:/home/vboxuser/ros2_iron/install/lifecycle_py:/home/vboxuser/ros2_iron/install/examples_rclpy_minimal_subscriber:/home/vboxuser/ros2_iron/install/examples_rclpy_minimal_service:/home/vboxuser/ros2_iron/install/examples_rclpy_minimal_publisher:/home/vboxuser/ros2_iron/install/examples_rclpy_minimal_client:/home/vboxuser/ros2_iron/install/examples_rclpy_executors:/home/vboxuser/ros2_iron/install/demo_nodes_py:/home/vboxuser/ros2_iron/install/rqt:/home/vboxuser/ros2_iron/install/ros2component:/home/vboxuser/ros2_iron/install/sros2:/home/vboxuser/ros2_iron/install/rqt_topic:/home/vboxuser/ros2_iron/install/rqt_srv:/home/vboxuser/ros2_iron/install/rqt_shell:/home/vboxuser/ros2_iron/install/rqt_service_caller:/home/vboxuser/ros2_iron/install/rqt_reconfigure:/home/vboxuser/ros2_iron/install/rqt_py_console:/home/vboxuser/ros2_iron/install/rqt_publisher:/home/vboxuser/ros2_iron/install/rqt_action:/home/vboxuser/ros2_iron/install/rqt_msg:/home/vboxuser/ros2_iron/install/rqt_console:/home/vboxuser/ros2_iron/install/rqt_graph:/home/vboxuser/ros2_iron/install/rqt_gui_py:/home/vboxuser/ros2_iron/install/rqt_gui:/home/vboxuser/ros2_iron/install/ros2trace:/home/vboxuser/ros2_iron/install/ros2topic:/home/vboxuser/ros2_iron/install/ros2test:/home/vboxuser/ros2_iron/install/ros2param:/home/vboxuser/ros2_iron/install/ros2lifecycle:/home/vboxuser/ros2_iron/install/ros2service:/home/vboxuser/ros2_iron/install/ros2run:/home/vboxuser/ros2_iron/install/ros2launch:/home/vboxuser/ros2_iron/install/ros2pkg:/home/vboxuser/ros2_iron/install/ros2node:/home/vboxuser/ros2_iron/install/ros2multicast:/home/vboxuser/ros2_iron/install/ros2interface:/home/vboxuser/ros2_iron/install/ros2action:/home/vboxuser/ros2_iron/install/ros2cli:/home/vboxuser/ros2_iron/install/launch_testing_ros:/home/vboxuser/ros2_iron/install/launch_ros:/home/vboxuser/ros2_iron/install/examples_rclpy_minimal_action_server:/home/vboxuser/ros2_iron/install/examples_rclpy_minimal_action_client:/home/vboxuser/ros2_iron/install/examples_rclpy_guard_conditions:/home/vboxuser/ros2_iron/install/action_tutorials_py:/home/vboxuser/ros2_iron/install/ament_uncrustify:/home/vboxuser/ros2_iron/install/tracetools_trace:/home/vboxuser/ros2_iron/install/tracetools_read:/home/vboxuser/ros2_iron/install/test_tracetools_launch:/home/vboxuser/ros2_iron/install/test_ros2trace:/home/vboxuser/ros2_iron/install/test_launch_ros:/home/vboxuser/ros2_iron/install/rpyutils:/home/vboxuser/ros2_iron/install/rosidl_runtime_py:/home/vboxuser/ros2_iron/install/rosidl_pycommon:/home/vboxuser/ros2_iron/install/rosidl_cli:/home/vboxuser/ros2_iron/install/launch_pytest:/home/vboxuser/ros2_iron/install/launch_testing:/home/vboxuser/ros2_iron/install/launch_yaml:/home/vboxuser/ros2_iron/install/launch_xml:/home/vboxuser/ros2_iron/install/launch:/home/vboxuser/ros2_iron/install/osrf_pycommon:/home/vboxuser/ros2_iron/install/domain_coordinator:/home/vboxuser/ros2_iron/install/ament_xmllint:/home/vboxuser/ros2_iron/install/ament_pyflakes:/home/vboxuser/ros2_iron/install/ament_pycodestyle:/home/vboxuser/ros2_iron/install/ament_pep257:/home/vboxuser/ros2_iron/install/ament_pclint:/home/vboxuser/ros2_iron/install/ament_package:/home/vboxuser/ros2_iron/install/ament_mypy:/home/vboxuser/ros2_iron/install/ament_lint_cmake:/home/vboxuser/ros2_iron/install/ament_flake8:/home/vboxuser/ros2_iron/install/ament_copyright:/home/vboxuser/ros2_iron/install/ament_lint:/home/vboxuser/ros2_iron/install/ament_index_python:/home/vboxuser/ros2_iron/install/ament_cpplint:/home/vboxuser/ros2_iron/install/ament_cppcheck:/home/vboxuser/ros2_iron/install/ament_clang_tidy:/home/vboxuser/ros2_iron/install/ament_clang_format /usr/bin/cmake --build /home/vboxuser/ros2_ws/build/examples_rclcpp_minimal_client -- -j4 -l4
[32.008s] DEBUG:colcon.colcon_core.event_handler.log_command:Invoking command in '/home/vboxuser/ros2_ws/build/examples_rclcpp_minimal_client': CMAKE_PREFIX_PATH=${CMAKE_PREFIX_PATH}:/home/vboxuser/ros2_ws/install/py_pubsub:/home/vboxuser/ros2_ws/install/launch_testing_examples:/home/vboxuser/ros2_ws/install/examples_rclpy_pointcloud_publisher:/home/vboxuser/ros2_ws/install/examples_rclpy_minimal_subscriber:/home/vboxuser/ros2_ws/install/examples_rclpy_minimal_service:/home/vboxuser/ros2_ws/install/examples_rclpy_minimal_publisher:/home/vboxuser/ros2_ws/install/examples_rclpy_minimal_client:/home/vboxuser/ros2_ws/install/examples_rclpy_minimal_action_server:/home/vboxuser/ros2_ws/install/examples_rclpy_minimal_action_client:/home/vboxuser/ros2_ws/install/examples_rclpy_guard_conditions:/home/vboxuser/ros2_ws/install/examples_rclpy_executors:/home/vboxuser/ros2_ws/install/bms_visualizer:/opt/ros/iron:/home/vboxuser/ros2_iron/install/rqt_bag_plugins:/home/vboxuser/ros2_iron/install/rqt_bag:/home/vboxuser/ros2_iron/install/rosbag2_examples_py:/home/vboxuser/ros2_iron/install/launch_testing_examples:/home/vboxuser/ros2_iron/install/ros2bag:/home/vboxuser/ros2_iron/install/tracetools_test:/home/vboxuser/ros2_iron/install/tracetools_launch:/home/vboxuser/ros2_iron/install/topic_monitor:/home/vboxuser/ros2_iron/install/tf2_tools:/home/vboxuser/ros2_iron/install/examples_tf2_py:/home/vboxuser/ros2_iron/install/tf2_ros_py:/home/vboxuser/ros2_iron/install/examples_rclpy_pointcloud_publisher:/home/vboxuser/ros2_iron/install/sensor_msgs_py:/home/vboxuser/ros2_iron/install/quality_of_service_demo_py:/home/vboxuser/ros2_iron/install/rqt_plot:/home/vboxuser/ros2_iron/install/ros2doctor:/home/vboxuser/ros2_iron/install/lifecycle_py:/home/vboxuser/ros2_iron/install/examples_rclpy_minimal_subscriber:/home/vboxuser/ros2_iron/install/examples_rclpy_minimal_service:/home/vboxuser/ros2_iron/install/examples_rclpy_minimal_publisher:/home/vboxuser/ros2_iron/install/examples_rclpy_minimal_client:/home/vboxuser/ros2_iron/install/examples_rclpy_executors:/home/vboxuser/ros2_iron/install/demo_nodes_py:/home/vboxuser/ros2_iron/install/rqt:/home/vboxuser/ros2_iron/install/ros2component:/home/vboxuser/ros2_iron/install/sros2:/home/vboxuser/ros2_iron/install/rqt_topic:/home/vboxuser/ros2_iron/install/rqt_srv:/home/vboxuser/ros2_iron/install/rqt_shell:/home/vboxuser/ros2_iron/install/rqt_service_caller:/home/vboxuser/ros2_iron/install/rqt_reconfigure:/home/vboxuser/ros2_iron/install/rqt_py_console:/home/vboxuser/ros2_iron/install/rqt_publisher:/home/vboxuser/ros2_iron/install/rqt_action:/home/vboxuser/ros2_iron/install/rqt_msg:/home/vboxuser/ros2_iron/install/rqt_console:/home/vboxuser/ros2_iron/install/rqt_graph:/home/vboxuser/ros2_iron/install/rqt_gui_py:/home/vboxuser/ros2_iron/install/rqt_gui:/home/vboxuser/ros2_iron/install/ros2trace:/home/vboxuser/ros2_iron/install/ros2topic:/home/vboxuser/ros2_iron/install/ros2test:/home/vboxuser/ros2_iron/install/ros2param:/home/vboxuser/ros2_iron/install/ros2lifecycle:/home/vboxuser/ros2_iron/install/ros2service:/home/vboxuser/ros2_iron/install/ros2run:/home/vboxuser/ros2_iron/install/ros2launch:/home/vboxuser/ros2_iron/install/ros2pkg:/home/vboxuser/ros2_iron/install/ros2node:/home/vboxuser/ros2_iron/install/ros2multicast:/home/vboxuser/ros2_iron/install/ros2interface:/home/vboxuser/ros2_iron/install/ros2action:/home/vboxuser/ros2_iron/install/ros2cli:/home/vboxuser/ros2_iron/install/launch_testing_ros:/home/vboxuser/ros2_iron/install/launch_ros:/home/vboxuser/ros2_iron/install/examples_rclpy_minimal_action_server:/home/vboxuser/ros2_iron/install/examples_rclpy_minimal_action_client:/home/vboxuser/ros2_iron/install/examples_rclpy_guard_conditions:/home/vboxuser/ros2_iron/install/action_tutorials_py:/home/vboxuser/ros2_iron/install/ament_uncrustify:/home/vboxuser/ros2_iron/install/tracetools_trace:/home/vboxuser/ros2_iron/install/tracetools_read:/home/vboxuser/ros2_iron/install/test_tracetools_launch:/home/vboxuser/ros2_iron/install/test_ros2trace:/home/vboxuser/ros2_iron/install/test_launch_ros:/home/vboxuser/ros2_iron/install/rpyutils:/home/vboxuser/ros2_iron/install/rosidl_runtime_py:/home/vboxuser/ros2_iron/install/rosidl_pycommon:/home/vboxuser/ros2_iron/install/rosidl_cli:/home/vboxuser/ros2_iron/install/launch_pytest:/home/vboxuser/ros2_iron/install/launch_testing:/home/vboxuser/ros2_iron/install/launch_yaml:/home/vboxuser/ros2_iron/install/launch_xml:/home/vboxuser/ros2_iron/install/launch:/home/vboxuser/ros2_iron/install/osrf_pycommon:/home/vboxuser/ros2_iron/install/domain_coordinator:/home/vboxuser/ros2_iron/install/ament_xmllint:/home/vboxuser/ros2_iron/install/ament_pyflakes:/home/vboxuser/ros2_iron/install/ament_pycodestyle:/home/vboxuser/ros2_iron/install/ament_pep257:/home/vboxuser/ros2_iron/install/ament_pclint:/home/vboxuser/ros2_iron/install/ament_package:/home/vboxuser/ros2_iron/install/ament_mypy:/home/vboxuser/ros2_iron/install/ament_lint_cmake:/home/vboxuser/ros2_iron/install/ament_flake8:/home/vboxuser/ros2_iron/install/ament_copyright:/home/vboxuser/ros2_iron/install/ament_lint:/home/vboxuser/ros2_iron/install/ament_index_python:/home/vboxuser/ros2_iron/install/ament_cpplint:/home/vboxuser/ros2_iron/install/ament_cppcheck:/home/vboxuser/ros2_iron/install/ament_clang_tidy:/home/vboxuser/ros2_iron/install/ament_clang_format /usr/bin/cmake --install /home/vboxuser/ros2_ws/build/examples_rclcpp_minimal_client
[32.118s] Level 1:colcon.colcon_core.environment:create_environment_scripts_only(examples_rclcpp_minimal_action_server)
[32.119s] Level 1:colcon.colcon_core.environment:checking '/home/vboxuser/ros2_ws/install/examples_rclcpp_minimal_action_server' for CMake module files
[32.136s] Level 1:colcon.colcon_core.environment:checking '/home/vboxuser/ros2_ws/install/examples_rclcpp_minimal_action_server' for CMake config files
[32.136s] Level 1:colcon.colcon_core.shell:create_environment_hook('examples_rclcpp_minimal_action_server', 'cmake_prefix_path')
[32.137s] INFO:colcon.colcon_core.shell:Creating environment hook '/home/vboxuser/ros2_ws/install/examples_rclcpp_minimal_action_server/share/examples_rclcpp_minimal_action_server/hook/cmake_prefix_path.ps1'
[32.133s] DEBUG:colcon.colcon_core.event_handler.log_command:Invoked command in '/home/vboxuser/ros2_ws/build/examples_rclcpp_minimal_action_server' returned '0': CMAKE_PREFIX_PATH=${CMAKE_PREFIX_PATH}:/home/vboxuser/ros2_ws/install/py_pubsub:/home/vboxuser/ros2_ws/install/launch_testing_examples:/home/vboxuser/ros2_ws/install/examples_rclpy_pointcloud_publisher:/home/vboxuser/ros2_ws/install/examples_rclpy_minimal_subscriber:/home/vboxuser/ros2_ws/install/examples_rclpy_minimal_service:/home/vboxuser/ros2_ws/install/examples_rclpy_minimal_publisher:/home/vboxuser/ros2_ws/install/examples_rclpy_minimal_client:/home/vboxuser/ros2_ws/install/examples_rclpy_minimal_action_server:/home/vboxuser/ros2_ws/install/examples_rclpy_minimal_action_client:/home/vboxuser/ros2_ws/install/examples_rclpy_guard_conditions:/home/vboxuser/ros2_ws/install/examples_rclpy_executors:/home/vboxuser/ros2_ws/install/bms_visualizer:/opt/ros/iron:/home/vboxuser/ros2_iron/install/rqt_bag_plugins:/home/vboxuser/ros2_iron/install/rqt_bag:/home/vboxuser/ros2_iron/install/rosbag2_examples_py:/home/vboxuser/ros2_iron/install/launch_testing_examples:/home/vboxuser/ros2_iron/install/ros2bag:/home/vboxuser/ros2_iron/install/tracetools_test:/home/vboxuser/ros2_iron/install/tracetools_launch:/home/vboxuser/ros2_iron/install/topic_monitor:/home/vboxuser/ros2_iron/install/tf2_tools:/home/vboxuser/ros2_iron/install/examples_tf2_py:/home/vboxuser/ros2_iron/install/tf2_ros_py:/home/vboxuser/ros2_iron/install/examples_rclpy_pointcloud_publisher:/home/vboxuser/ros2_iron/install/sensor_msgs_py:/home/vboxuser/ros2_iron/install/quality_of_service_demo_py:/home/vboxuser/ros2_iron/install/rqt_plot:/home/vboxuser/ros2_iron/install/ros2doctor:/home/vboxuser/ros2_iron/install/lifecycle_py:/home/vboxuser/ros2_iron/install/examples_rclpy_minimal_subscriber:/home/vboxuser/ros2_iron/install/examples_rclpy_minimal_service:/home/vboxuser/ros2_iron/install/examples_rclpy_minimal_publisher:/home/vboxuser/ros2_iron/install/examples_rclpy_minimal_client:/home/vboxuser/ros2_iron/install/examples_rclpy_executors:/home/vboxuser/ros2_iron/install/demo_nodes_py:/home/vboxuser/ros2_iron/install/rqt:/home/vboxuser/ros2_iron/install/ros2component:/home/vboxuser/ros2_iron/install/sros2:/home/vboxuser/ros2_iron/install/rqt_topic:/home/vboxuser/ros2_iron/install/rqt_srv:/home/vboxuser/ros2_iron/install/rqt_shell:/home/vboxuser/ros2_iron/install/rqt_service_caller:/home/vboxuser/ros2_iron/install/rqt_reconfigure:/home/vboxuser/ros2_iron/install/rqt_py_console:/home/vboxuser/ros2_iron/install/rqt_publisher:/home/vboxuser/ros2_iron/install/rqt_action:/home/vboxuser/ros2_iron/install/rqt_msg:/home/vboxuser/ros2_iron/install/rqt_console:/home/vboxuser/ros2_iron/install/rqt_graph:/home/vboxuser/ros2_iron/install/rqt_gui_py:/home/vboxuser/ros2_iron/install/rqt_gui:/home/vboxuser/ros2_iron/install/ros2trace:/home/vboxuser/ros2_iron/install/ros2topic:/home/vboxuser/ros2_iron/install/ros2test:/home/vboxuser/ros2_iron/install/ros2param:/home/vboxuser/ros2_iron/install/ros2lifecycle:/home/vboxuser/ros2_iron/install/ros2service:/home/vboxuser/ros2_iron/install/ros2run:/home/vboxuser/ros2_iron/install/ros2launch:/home/vboxuser/ros2_iron/install/ros2pkg:/home/vboxuser/ros2_iron/install/ros2node:/home/vboxuser/ros2_iron/install/ros2multicast:/home/vboxuser/ros2_iron/install/ros2interface:/home/vboxuser/ros2_iron/install/ros2action:/home/vboxuser/ros2_iron/install/ros2cli:/home/vboxuser/ros2_iron/install/launch_testing_ros:/home/vboxuser/ros2_iron/install/launch_ros:/home/vboxuser/ros2_iron/install/examples_rclpy_minimal_action_server:/home/vboxuser/ros2_iron/install/examples_rclpy_minimal_action_client:/home/vboxuser/ros2_iron/install/examples_rclpy_guard_conditions:/home/vboxuser/ros2_iron/install/action_tutorials_py:/home/vboxuser/ros2_iron/install/ament_uncrustify:/home/vboxuser/ros2_iron/install/tracetools_trace:/home/vboxuser/ros2_iron/install/tracetools_read:/home/vboxuser/ros2_iron/install/test_tracetools_launch:/home/vboxuser/ros2_iron/install/test_ros2trace:/home/vboxuser/ros2_iron/install/test_launch_ros:/home/vboxuser/ros2_iron/install/rpyutils:/home/vboxuser/ros2_iron/install/rosidl_runtime_py:/home/vboxuser/ros2_iron/install/rosidl_pycommon:/home/vboxuser/ros2_iron/install/rosidl_cli:/home/vboxuser/ros2_iron/install/launch_pytest:/home/vboxuser/ros2_iron/install/launch_testing:/home/vboxuser/ros2_iron/install/launch_yaml:/home/vboxuser/ros2_iron/install/launch_xml:/home/vboxuser/ros2_iron/install/launch:/home/vboxuser/ros2_iron/install/osrf_pycommon:/home/vboxuser/ros2_iron/install/domain_coordinator:/home/vboxuser/ros2_iron/install/ament_xmllint:/home/vboxuser/ros2_iron/install/ament_pyflakes:/home/vboxuser/ros2_iron/install/ament_pycodestyle:/home/vboxuser/ros2_iron/install/ament_pep257:/home/vboxuser/ros2_iron/install/ament_pclint:/home/vboxuser/ros2_iron/install/ament_package:/home/vboxuser/ros2_iron/install/ament_mypy:/home/vboxuser/ros2_iron/install/ament_lint_cmake:/home/vboxuser/ros2_iron/install/ament_flake8:/home/vboxuser/ros2_iron/install/ament_copyright:/home/vboxuser/ros2_iron/install/ament_lint:/home/vboxuser/ros2_iron/install/ament_index_python:/home/vboxuser/ros2_iron/install/ament_cpplint:/home/vboxuser/ros2_iron/install/ament_cppcheck:/home/vboxuser/ros2_iron/install/ament_clang_tidy:/home/vboxuser/ros2_iron/install/ament_clang_format /usr/bin/cmake --install /home/vboxuser/ros2_ws/build/examples_rclcpp_minimal_action_server
[32.152s] INFO:colcon.colcon_core.shell:Creating environment descriptor '/home/vboxuser/ros2_ws/install/examples_rclcpp_minimal_action_server/share/examples_rclcpp_minimal_action_server/hook/cmake_prefix_path.dsv'
[32.165s] INFO:colcon.colcon_core.shell:Creating environment hook '/home/vboxuser/ros2_ws/install/examples_rclcpp_minimal_action_server/share/examples_rclcpp_minimal_action_server/hook/cmake_prefix_path.sh'
[32.171s] Level 1:colcon.colcon_core.environment:checking '/home/vboxuser/ros2_ws/install/examples_rclcpp_minimal_action_server/lib'
[32.172s] Level 1:colcon.colcon_core.environment:checking '/home/vboxuser/ros2_ws/install/examples_rclcpp_minimal_action_server/bin'
[32.172s] Level 1:colcon.colcon_core.environment:checking '/home/vboxuser/ros2_ws/install/examples_rclcpp_minimal_action_server/lib/pkgconfig/examples_rclcpp_minimal_action_server.pc'
[32.172s] Level 1:colcon.colcon_core.environment:checking '/home/vboxuser/ros2_ws/install/examples_rclcpp_minimal_action_server/lib/python3.10/site-packages'
[32.180s] Level 1:colcon.colcon_core.environment:checking '/home/vboxuser/ros2_ws/install/examples_rclcpp_minimal_action_server/bin'
[32.181s] INFO:colcon.colcon_core.shell:Creating package script '/home/vboxuser/ros2_ws/install/examples_rclcpp_minimal_action_server/share/examples_rclcpp_minimal_action_server/package.ps1'
[32.182s] INFO:colcon.colcon_core.shell:Creating package descriptor '/home/vboxuser/ros2_ws/install/examples_rclcpp_minimal_action_server/share/examples_rclcpp_minimal_action_server/package.dsv'
[32.183s] INFO:colcon.colcon_core.shell:Creating package script '/home/vboxuser/ros2_ws/install/examples_rclcpp_minimal_action_server/share/examples_rclcpp_minimal_action_server/package.sh'
[32.238s] INFO:colcon.colcon_core.shell:Creating package script '/home/vboxuser/ros2_ws/install/examples_rclcpp_minimal_action_server/share/examples_rclcpp_minimal_action_server/package.bash'
[32.249s] INFO:colcon.colcon_core.shell:Creating package script '/home/vboxuser/ros2_ws/install/examples_rclcpp_minimal_action_server/share/examples_rclcpp_minimal_action_server/package.zsh'
[32.294s] Level 1:colcon.colcon_core.environment:create_file_with_runtime_dependencies(/home/vboxuser/ros2_ws/install/examples_rclcpp_minimal_action_server/share/colcon-core/packages/examples_rclcpp_minimal_action_server)
[32.296s] Level 1:colcon.colcon_core.environment:create_environment_scripts_only(examples_rclcpp_minimal_action_server)
[32.296s] Level 1:colcon.colcon_core.environment:checking '/home/vboxuser/ros2_ws/install/examples_rclcpp_minimal_action_server' for CMake module files
[32.297s] Level 1:colcon.colcon_core.environment:checking '/home/vboxuser/ros2_ws/install/examples_rclcpp_minimal_action_server' for CMake config files
[32.297s] Level 1:colcon.colcon_core.shell:create_environment_hook('examples_rclcpp_minimal_action_server', 'cmake_prefix_path')
[32.298s] INFO:colcon.colcon_core.shell:Creating environment hook '/home/vboxuser/ros2_ws/install/examples_rclcpp_minimal_action_server/share/examples_rclcpp_minimal_action_server/hook/cmake_prefix_path.ps1'
[32.299s] INFO:colcon.colcon_core.shell:Creating environment descriptor '/home/vboxuser/ros2_ws/install/examples_rclcpp_minimal_action_server/share/examples_rclcpp_minimal_action_server/hook/cmake_prefix_path.dsv'
[32.300s] INFO:colcon.colcon_core.shell:Creating environment hook '/home/vboxuser/ros2_ws/install/examples_rclcpp_minimal_action_server/share/examples_rclcpp_minimal_action_server/hook/cmake_prefix_path.sh'
[32.304s] Level 1:colcon.colcon_core.environment:checking '/home/vboxuser/ros2_ws/install/examples_rclcpp_minimal_action_server/lib'
[32.304s] Level 1:colcon.colcon_core.environment:checking '/home/vboxuser/ros2_ws/install/examples_rclcpp_minimal_action_server/bin'
[32.318s] Level 1:colcon.colcon_core.environment:checking '/home/vboxuser/ros2_ws/install/examples_rclcpp_minimal_action_server/lib/pkgconfig/examples_rclcpp_minimal_action_server.pc'
[32.322s] Level 1:colcon.colcon_core.environment:checking '/home/vboxuser/ros2_ws/install/examples_rclcpp_minimal_action_server/lib/python3.10/site-packages'
[32.325s] Level 1:colcon.colcon_core.environment:checking '/home/vboxuser/ros2_ws/install/examples_rclcpp_minimal_action_server/bin'
[32.326s] INFO:colcon.colcon_core.shell:Creating package script '/home/vboxuser/ros2_ws/install/examples_rclcpp_minimal_action_server/share/examples_rclcpp_minimal_action_server/package.ps1'
[32.329s] INFO:colcon.colcon_core.shell:Creating package descriptor '/home/vboxuser/ros2_ws/install/examples_rclcpp_minimal_action_server/share/examples_rclcpp_minimal_action_server/package.dsv'
[32.348s] INFO:colcon.colcon_core.shell:Creating package script '/home/vboxuser/ros2_ws/install/examples_rclcpp_minimal_action_server/share/examples_rclcpp_minimal_action_server/package.sh'
[32.360s] INFO:colcon.colcon_core.shell:Creating package script '/home/vboxuser/ros2_ws/install/examples_rclcpp_minimal_action_server/share/examples_rclcpp_minimal_action_server/package.bash'
[32.363s] INFO:colcon.colcon_core.shell:Creating package script '/home/vboxuser/ros2_ws/install/examples_rclcpp_minimal_action_server/share/examples_rclcpp_minimal_action_server/package.zsh'
[32.364s] Level 1:colcon.colcon_core.environment:create_file_with_runtime_dependencies(/home/vboxuser/ros2_ws/install/examples_rclcpp_minimal_action_server/share/colcon-core/packages/examples_rclcpp_minimal_action_server)
[32.377s] INFO:colcon.colcon_ros.task.ament_cmake.build:Building ROS package in '/home/vboxuser/ros2_ws/src/examples/rclcpp/services/minimal_service' with build type 'ament_cmake'
[32.378s] INFO:colcon.colcon_cmake.task.cmake.build:Building CMake package in '/home/vboxuser/ros2_ws/src/examples/rclcpp/services/minimal_service'
[32.378s] INFO:colcon.colcon_core.shell:Skip shell extension 'powershell' for command environment: Not usable outside of PowerShell
[32.378s] DEBUG:colcon.colcon_core.shell:Skip shell extension 'dsv' for command environment
[32.472s] Level 1:colcon.colcon_core.environment:create_environment_scripts_only(examples_rclcpp_minimal_client)
[32.473s] DEBUG:colcon.colcon_core.event_handler.log_command:Invoked command in '/home/vboxuser/ros2_ws/build/examples_rclcpp_minimal_client' returned '0': CMAKE_PREFIX_PATH=${CMAKE_PREFIX_PATH}:/home/vboxuser/ros2_ws/install/py_pubsub:/home/vboxuser/ros2_ws/install/launch_testing_examples:/home/vboxuser/ros2_ws/install/examples_rclpy_pointcloud_publisher:/home/vboxuser/ros2_ws/install/examples_rclpy_minimal_subscriber:/home/vboxuser/ros2_ws/install/examples_rclpy_minimal_service:/home/vboxuser/ros2_ws/install/examples_rclpy_minimal_publisher:/home/vboxuser/ros2_ws/install/examples_rclpy_minimal_client:/home/vboxuser/ros2_ws/install/examples_rclpy_minimal_action_server:/home/vboxuser/ros2_ws/install/examples_rclpy_minimal_action_client:/home/vboxuser/ros2_ws/install/examples_rclpy_guard_conditions:/home/vboxuser/ros2_ws/install/examples_rclpy_executors:/home/vboxuser/ros2_ws/install/bms_visualizer:/opt/ros/iron:/home/vboxuser/ros2_iron/install/rqt_bag_plugins:/home/vboxuser/ros2_iron/install/rqt_bag:/home/vboxuser/ros2_iron/install/rosbag2_examples_py:/home/vboxuser/ros2_iron/install/launch_testing_examples:/home/vboxuser/ros2_iron/install/ros2bag:/home/vboxuser/ros2_iron/install/tracetools_test:/home/vboxuser/ros2_iron/install/tracetools_launch:/home/vboxuser/ros2_iron/install/topic_monitor:/home/vboxuser/ros2_iron/install/tf2_tools:/home/vboxuser/ros2_iron/install/examples_tf2_py:/home/vboxuser/ros2_iron/install/tf2_ros_py:/home/vboxuser/ros2_iron/install/examples_rclpy_pointcloud_publisher:/home/vboxuser/ros2_iron/install/sensor_msgs_py:/home/vboxuser/ros2_iron/install/quality_of_service_demo_py:/home/vboxuser/ros2_iron/install/rqt_plot:/home/vboxuser/ros2_iron/install/ros2doctor:/home/vboxuser/ros2_iron/install/lifecycle_py:/home/vboxuser/ros2_iron/install/examples_rclpy_minimal_subscriber:/home/vboxuser/ros2_iron/install/examples_rclpy_minimal_service:/home/vboxuser/ros2_iron/install/examples_rclpy_minimal_publisher:/home/vboxuser/ros2_iron/install/examples_rclpy_minimal_client:/home/vboxuser/ros2_iron/install/examples_rclpy_executors:/home/vboxuser/ros2_iron/install/demo_nodes_py:/home/vboxuser/ros2_iron/install/rqt:/home/vboxuser/ros2_iron/install/ros2component:/home/vboxuser/ros2_iron/install/sros2:/home/vboxuser/ros2_iron/install/rqt_topic:/home/vboxuser/ros2_iron/install/rqt_srv:/home/vboxuser/ros2_iron/install/rqt_shell:/home/vboxuser/ros2_iron/install/rqt_service_caller:/home/vboxuser/ros2_iron/install/rqt_reconfigure:/home/vboxuser/ros2_iron/install/rqt_py_console:/home/vboxuser/ros2_iron/install/rqt_publisher:/home/vboxuser/ros2_iron/install/rqt_action:/home/vboxuser/ros2_iron/install/rqt_msg:/home/vboxuser/ros2_iron/install/rqt_console:/home/vboxuser/ros2_iron/install/rqt_graph:/home/vboxuser/ros2_iron/install/rqt_gui_py:/home/vboxuser/ros2_iron/install/rqt_gui:/home/vboxuser/ros2_iron/install/ros2trace:/home/vboxuser/ros2_iron/install/ros2topic:/home/vboxuser/ros2_iron/install/ros2test:/home/vboxuser/ros2_iron/install/ros2param:/home/vboxuser/ros2_iron/install/ros2lifecycle:/home/vboxuser/ros2_iron/install/ros2service:/home/vboxuser/ros2_iron/install/ros2run:/home/vboxuser/ros2_iron/install/ros2launch:/home/vboxuser/ros2_iron/install/ros2pkg:/home/vboxuser/ros2_iron/install/ros2node:/home/vboxuser/ros2_iron/install/ros2multicast:/home/vboxuser/ros2_iron/install/ros2interface:/home/vboxuser/ros2_iron/install/ros2action:/home/vboxuser/ros2_iron/install/ros2cli:/home/vboxuser/ros2_iron/install/launch_testing_ros:/home/vboxuser/ros2_iron/install/launch_ros:/home/vboxuser/ros2_iron/install/examples_rclpy_minimal_action_server:/home/vboxuser/ros2_iron/install/examples_rclpy_minimal_action_client:/home/vboxuser/ros2_iron/install/examples_rclpy_guard_conditions:/home/vboxuser/ros2_iron/install/action_tutorials_py:/home/vboxuser/ros2_iron/install/ament_uncrustify:/home/vboxuser/ros2_iron/install/tracetools_trace:/home/vboxuser/ros2_iron/install/tracetools_read:/home/vboxuser/ros2_iron/install/test_tracetools_launch:/home/vboxuser/ros2_iron/install/test_ros2trace:/home/vboxuser/ros2_iron/install/test_launch_ros:/home/vboxuser/ros2_iron/install/rpyutils:/home/vboxuser/ros2_iron/install/rosidl_runtime_py:/home/vboxuser/ros2_iron/install/rosidl_pycommon:/home/vboxuser/ros2_iron/install/rosidl_cli:/home/vboxuser/ros2_iron/install/launch_pytest:/home/vboxuser/ros2_iron/install/launch_testing:/home/vboxuser/ros2_iron/install/launch_yaml:/home/vboxuser/ros2_iron/install/launch_xml:/home/vboxuser/ros2_iron/install/launch:/home/vboxuser/ros2_iron/install/osrf_pycommon:/home/vboxuser/ros2_iron/install/domain_coordinator:/home/vboxuser/ros2_iron/install/ament_xmllint:/home/vboxuser/ros2_iron/install/ament_pyflakes:/home/vboxuser/ros2_iron/install/ament_pycodestyle:/home/vboxuser/ros2_iron/install/ament_pep257:/home/vboxuser/ros2_iron/install/ament_pclint:/home/vboxuser/ros2_iron/install/ament_package:/home/vboxuser/ros2_iron/install/ament_mypy:/home/vboxuser/ros2_iron/install/ament_lint_cmake:/home/vboxuser/ros2_iron/install/ament_flake8:/home/vboxuser/ros2_iron/install/ament_copyright:/home/vboxuser/ros2_iron/install/ament_lint:/home/vboxuser/ros2_iron/install/ament_index_python:/home/vboxuser/ros2_iron/install/ament_cpplint:/home/vboxuser/ros2_iron/install/ament_cppcheck:/home/vboxuser/ros2_iron/install/ament_clang_tidy:/home/vboxuser/ros2_iron/install/ament_clang_format /usr/bin/cmake --install /home/vboxuser/ros2_ws/build/examples_rclcpp_minimal_client
[32.473s] Level 1:colcon.colcon_core.environment:checking '/home/vboxuser/ros2_ws/install/examples_rclcpp_minimal_client' for CMake module files
[32.474s] Level 1:colcon.colcon_core.environment:checking '/home/vboxuser/ros2_ws/install/examples_rclcpp_minimal_client' for CMake config files
[32.474s] Level 1:colcon.colcon_core.shell:create_environment_hook('examples_rclcpp_minimal_client', 'cmake_prefix_path')
[32.475s] INFO:colcon.colcon_core.shell:Creating environment hook '/home/vboxuser/ros2_ws/install/examples_rclcpp_minimal_client/share/examples_rclcpp_minimal_client/hook/cmake_prefix_path.ps1'
[32.476s] INFO:colcon.colcon_core.shell:Creating environment descriptor '/home/vboxuser/ros2_ws/install/examples_rclcpp_minimal_client/share/examples_rclcpp_minimal_client/hook/cmake_prefix_path.dsv'
[32.477s] INFO:colcon.colcon_core.shell:Creating environment hook '/home/vboxuser/ros2_ws/install/examples_rclcpp_minimal_client/share/examples_rclcpp_minimal_client/hook/cmake_prefix_path.sh'
[32.490s] Level 1:colcon.colcon_core.environment:checking '/home/vboxuser/ros2_ws/install/examples_rclcpp_minimal_client/lib'
[32.490s] Level 1:colcon.colcon_core.environment:checking '/home/vboxuser/ros2_ws/install/examples_rclcpp_minimal_client/bin'
[32.490s] Level 1:colcon.colcon_core.environment:checking '/home/vboxuser/ros2_ws/install/examples_rclcpp_minimal_client/lib/pkgconfig/examples_rclcpp_minimal_client.pc'
[32.491s] Level 1:colcon.colcon_core.environment:checking '/home/vboxuser/ros2_ws/install/examples_rclcpp_minimal_client/lib/python3.10/site-packages'
[32.491s] Level 1:colcon.colcon_core.environment:checking '/home/vboxuser/ros2_ws/install/examples_rclcpp_minimal_client/bin'
[32.491s] INFO:colcon.colcon_core.shell:Creating package script '/home/vboxuser/ros2_ws/install/examples_rclcpp_minimal_client/share/examples_rclcpp_minimal_client/package.ps1'
[32.492s] INFO:colcon.colcon_core.shell:Creating package descriptor '/home/vboxuser/ros2_ws/install/examples_rclcpp_minimal_client/share/examples_rclcpp_minimal_client/package.dsv'
[32.520s] INFO:colcon.colcon_core.shell:Creating package script '/home/vboxuser/ros2_ws/install/examples_rclcpp_minimal_client/share/examples_rclcpp_minimal_client/package.sh'
[32.525s] INFO:colcon.colcon_core.shell:Creating package script '/home/vboxuser/ros2_ws/install/examples_rclcpp_minimal_client/share/examples_rclcpp_minimal_client/package.bash'
[32.526s] INFO:colcon.colcon_core.shell:Creating package script '/home/vboxuser/ros2_ws/install/examples_rclcpp_minimal_client/share/examples_rclcpp_minimal_client/package.zsh'
[32.535s] Level 1:colcon.colcon_core.environment:create_file_with_runtime_dependencies(/home/vboxuser/ros2_ws/install/examples_rclcpp_minimal_client/share/colcon-core/packages/examples_rclcpp_minimal_client)
[32.541s] Level 1:colcon.colcon_core.environment:create_environment_scripts_only(examples_rclcpp_minimal_client)
[32.542s] Level 1:colcon.colcon_core.environment:checking '/home/vboxuser/ros2_ws/install/examples_rclcpp_minimal_client' for CMake module files
[32.543s] Level 1:colcon.colcon_core.environment:checking '/home/vboxuser/ros2_ws/install/examples_rclcpp_minimal_client' for CMake config files
[32.543s] Level 1:colcon.colcon_core.shell:create_environment_hook('examples_rclcpp_minimal_client', 'cmake_prefix_path')
[32.545s] INFO:colcon.colcon_core.shell:Creating environment hook '/home/vboxuser/ros2_ws/install/examples_rclcpp_minimal_client/share/examples_rclcpp_minimal_client/hook/cmake_prefix_path.ps1'
[32.548s] INFO:colcon.colcon_core.shell:Creating environment descriptor '/home/vboxuser/ros2_ws/install/examples_rclcpp_minimal_client/share/examples_rclcpp_minimal_client/hook/cmake_prefix_path.dsv'
[32.549s] INFO:colcon.colcon_core.shell:Creating environment hook '/home/vboxuser/ros2_ws/install/examples_rclcpp_minimal_client/share/examples_rclcpp_minimal_client/hook/cmake_prefix_path.sh'
[32.550s] Level 1:colcon.colcon_core.environment:checking '/home/vboxuser/ros2_ws/install/examples_rclcpp_minimal_client/lib'
[32.551s] Level 1:colcon.colcon_core.environment:checking '/home/vboxuser/ros2_ws/install/examples_rclcpp_minimal_client/bin'
[32.551s] Level 1:colcon.colcon_core.environment:checking '/home/vboxuser/ros2_ws/install/examples_rclcpp_minimal_client/lib/pkgconfig/examples_rclcpp_minimal_client.pc'
[32.551s] Level 1:colcon.colcon_core.environment:checking '/home/vboxuser/ros2_ws/install/examples_rclcpp_minimal_client/lib/python3.10/site-packages'
[32.555s] Level 1:colcon.colcon_core.environment:checking '/home/vboxuser/ros2_ws/install/examples_rclcpp_minimal_client/bin'
[32.556s] INFO:colcon.colcon_core.shell:Creating package script '/home/vboxuser/ros2_ws/install/examples_rclcpp_minimal_client/share/examples_rclcpp_minimal_client/package.ps1'
[32.558s] INFO:colcon.colcon_core.shell:Creating package descriptor '/home/vboxuser/ros2_ws/install/examples_rclcpp_minimal_client/share/examples_rclcpp_minimal_client/package.dsv'
[32.560s] INFO:colcon.colcon_core.shell:Creating package script '/home/vboxuser/ros2_ws/install/examples_rclcpp_minimal_client/share/examples_rclcpp_minimal_client/package.sh'
[32.564s] INFO:colcon.colcon_core.shell:Creating package script '/home/vboxuser/ros2_ws/install/examples_rclcpp_minimal_client/share/examples_rclcpp_minimal_client/package.bash'
[32.568s] INFO:colcon.colcon_core.shell:Creating package script '/home/vboxuser/ros2_ws/install/examples_rclcpp_minimal_client/share/examples_rclcpp_minimal_client/package.zsh'
[32.570s] Level 1:colcon.colcon_core.environment:create_file_with_runtime_dependencies(/home/vboxuser/ros2_ws/install/examples_rclcpp_minimal_client/share/colcon-core/packages/examples_rclcpp_minimal_client)
[32.575s] INFO:colcon.colcon_ros.task.ament_cmake.build:Building ROS package in '/home/vboxuser/ros2_ws/src/examples/rclcpp/topics/minimal_subscriber' with build type 'ament_cmake'
[32.578s] INFO:colcon.colcon_cmake.task.cmake.build:Building CMake package in '/home/vboxuser/ros2_ws/src/examples/rclcpp/topics/minimal_subscriber'
[32.578s] INFO:colcon.colcon_core.shell:Skip shell extension 'powershell' for command environment: Not usable outside of PowerShell
[32.578s] DEBUG:colcon.colcon_core.shell:Skip shell extension 'dsv' for command environment
[32.707s] DEBUG:colcon.colcon_core.event_handler.log_command:Invoking command in '/home/vboxuser/ros2_ws/build/examples_rclcpp_minimal_service': CMAKE_PREFIX_PATH=${CMAKE_PREFIX_PATH}:/home/vboxuser/ros2_ws/install/py_pubsub:/home/vboxuser/ros2_ws/install/launch_testing_examples:/home/vboxuser/ros2_ws/install/examples_rclpy_pointcloud_publisher:/home/vboxuser/ros2_ws/install/examples_rclpy_minimal_subscriber:/home/vboxuser/ros2_ws/install/examples_rclpy_minimal_service:/home/vboxuser/ros2_ws/install/examples_rclpy_minimal_publisher:/home/vboxuser/ros2_ws/install/examples_rclpy_minimal_client:/home/vboxuser/ros2_ws/install/examples_rclpy_minimal_action_server:/home/vboxuser/ros2_ws/install/examples_rclpy_minimal_action_client:/home/vboxuser/ros2_ws/install/examples_rclpy_guard_conditions:/home/vboxuser/ros2_ws/install/examples_rclpy_executors:/home/vboxuser/ros2_ws/install/bms_visualizer:/opt/ros/iron:/home/vboxuser/ros2_iron/install/rqt_bag_plugins:/home/vboxuser/ros2_iron/install/rqt_bag:/home/vboxuser/ros2_iron/install/rosbag2_examples_py:/home/vboxuser/ros2_iron/install/launch_testing_examples:/home/vboxuser/ros2_iron/install/ros2bag:/home/vboxuser/ros2_iron/install/tracetools_test:/home/vboxuser/ros2_iron/install/tracetools_launch:/home/vboxuser/ros2_iron/install/topic_monitor:/home/vboxuser/ros2_iron/install/tf2_tools:/home/vboxuser/ros2_iron/install/examples_tf2_py:/home/vboxuser/ros2_iron/install/tf2_ros_py:/home/vboxuser/ros2_iron/install/examples_rclpy_pointcloud_publisher:/home/vboxuser/ros2_iron/install/sensor_msgs_py:/home/vboxuser/ros2_iron/install/quality_of_service_demo_py:/home/vboxuser/ros2_iron/install/rqt_plot:/home/vboxuser/ros2_iron/install/ros2doctor:/home/vboxuser/ros2_iron/install/lifecycle_py:/home/vboxuser/ros2_iron/install/examples_rclpy_minimal_subscriber:/home/vboxuser/ros2_iron/install/examples_rclpy_minimal_service:/home/vboxuser/ros2_iron/install/examples_rclpy_minimal_publisher:/home/vboxuser/ros2_iron/install/examples_rclpy_minimal_client:/home/vboxuser/ros2_iron/install/examples_rclpy_executors:/home/vboxuser/ros2_iron/install/demo_nodes_py:/home/vboxuser/ros2_iron/install/rqt:/home/vboxuser/ros2_iron/install/ros2component:/home/vboxuser/ros2_iron/install/sros2:/home/vboxuser/ros2_iron/install/rqt_topic:/home/vboxuser/ros2_iron/install/rqt_srv:/home/vboxuser/ros2_iron/install/rqt_shell:/home/vboxuser/ros2_iron/install/rqt_service_caller:/home/vboxuser/ros2_iron/install/rqt_reconfigure:/home/vboxuser/ros2_iron/install/rqt_py_console:/home/vboxuser/ros2_iron/install/rqt_publisher:/home/vboxuser/ros2_iron/install/rqt_action:/home/vboxuser/ros2_iron/install/rqt_msg:/home/vboxuser/ros2_iron/install/rqt_console:/home/vboxuser/ros2_iron/install/rqt_graph:/home/vboxuser/ros2_iron/install/rqt_gui_py:/home/vboxuser/ros2_iron/install/rqt_gui:/home/vboxuser/ros2_iron/install/ros2trace:/home/vboxuser/ros2_iron/install/ros2topic:/home/vboxuser/ros2_iron/install/ros2test:/home/vboxuser/ros2_iron/install/ros2param:/home/vboxuser/ros2_iron/install/ros2lifecycle:/home/vboxuser/ros2_iron/install/ros2service:/home/vboxuser/ros2_iron/install/ros2run:/home/vboxuser/ros2_iron/install/ros2launch:/home/vboxuser/ros2_iron/install/ros2pkg:/home/vboxuser/ros2_iron/install/ros2node:/home/vboxuser/ros2_iron/install/ros2multicast:/home/vboxuser/ros2_iron/install/ros2interface:/home/vboxuser/ros2_iron/install/ros2action:/home/vboxuser/ros2_iron/install/ros2cli:/home/vboxuser/ros2_iron/install/launch_testing_ros:/home/vboxuser/ros2_iron/install/launch_ros:/home/vboxuser/ros2_iron/install/examples_rclpy_minimal_action_server:/home/vboxuser/ros2_iron/install/examples_rclpy_minimal_action_client:/home/vboxuser/ros2_iron/install/examples_rclpy_guard_conditions:/home/vboxuser/ros2_iron/install/action_tutorials_py:/home/vboxuser/ros2_iron/install/ament_uncrustify:/home/vboxuser/ros2_iron/install/tracetools_trace:/home/vboxuser/ros2_iron/install/tracetools_read:/home/vboxuser/ros2_iron/install/test_tracetools_launch:/home/vboxuser/ros2_iron/install/test_ros2trace:/home/vboxuser/ros2_iron/install/test_launch_ros:/home/vboxuser/ros2_iron/install/rpyutils:/home/vboxuser/ros2_iron/install/rosidl_runtime_py:/home/vboxuser/ros2_iron/install/rosidl_pycommon:/home/vboxuser/ros2_iron/install/rosidl_cli:/home/vboxuser/ros2_iron/install/launch_pytest:/home/vboxuser/ros2_iron/install/launch_testing:/home/vboxuser/ros2_iron/install/launch_yaml:/home/vboxuser/ros2_iron/install/launch_xml:/home/vboxuser/ros2_iron/install/launch:/home/vboxuser/ros2_iron/install/osrf_pycommon:/home/vboxuser/ros2_iron/install/domain_coordinator:/home/vboxuser/ros2_iron/install/ament_xmllint:/home/vboxuser/ros2_iron/install/ament_pyflakes:/home/vboxuser/ros2_iron/install/ament_pycodestyle:/home/vboxuser/ros2_iron/install/ament_pep257:/home/vboxuser/ros2_iron/install/ament_pclint:/home/vboxuser/ros2_iron/install/ament_package:/home/vboxuser/ros2_iron/install/ament_mypy:/home/vboxuser/ros2_iron/install/ament_lint_cmake:/home/vboxuser/ros2_iron/install/ament_flake8:/home/vboxuser/ros2_iron/install/ament_copyright:/home/vboxuser/ros2_iron/install/ament_lint:/home/vboxuser/ros2_iron/install/ament_index_python:/home/vboxuser/ros2_iron/install/ament_cpplint:/home/vboxuser/ros2_iron/install/ament_cppcheck:/home/vboxuser/ros2_iron/install/ament_clang_tidy:/home/vboxuser/ros2_iron/install/ament_clang_format /usr/bin/cmake --build /home/vboxuser/ros2_ws/build/examples_rclcpp_minimal_service -- -j4 -l4
[32.758s] DEBUG:colcon.colcon_core.event_handler.log_command:Invoking command in '/home/vboxuser/ros2_ws/build/examples_rclcpp_minimal_subscriber': CMAKE_PREFIX_PATH=${CMAKE_PREFIX_PATH}:/home/vboxuser/ros2_ws/install/py_pubsub:/home/vboxuser/ros2_ws/install/launch_testing_examples:/home/vboxuser/ros2_ws/install/examples_rclpy_pointcloud_publisher:/home/vboxuser/ros2_ws/install/examples_rclpy_minimal_subscriber:/home/vboxuser/ros2_ws/install/examples_rclpy_minimal_service:/home/vboxuser/ros2_ws/install/examples_rclpy_minimal_publisher:/home/vboxuser/ros2_ws/install/examples_rclpy_minimal_client:/home/vboxuser/ros2_ws/install/examples_rclpy_minimal_action_server:/home/vboxuser/ros2_ws/install/examples_rclpy_minimal_action_client:/home/vboxuser/ros2_ws/install/examples_rclpy_guard_conditions:/home/vboxuser/ros2_ws/install/examples_rclpy_executors:/home/vboxuser/ros2_ws/install/bms_visualizer:/opt/ros/iron:/home/vboxuser/ros2_iron/install/rqt_bag_plugins:/home/vboxuser/ros2_iron/install/rqt_bag:/home/vboxuser/ros2_iron/install/rosbag2_examples_py:/home/vboxuser/ros2_iron/install/launch_testing_examples:/home/vboxuser/ros2_iron/install/ros2bag:/home/vboxuser/ros2_iron/install/tracetools_test:/home/vboxuser/ros2_iron/install/tracetools_launch:/home/vboxuser/ros2_iron/install/topic_monitor:/home/vboxuser/ros2_iron/install/tf2_tools:/home/vboxuser/ros2_iron/install/examples_tf2_py:/home/vboxuser/ros2_iron/install/tf2_ros_py:/home/vboxuser/ros2_iron/install/examples_rclpy_pointcloud_publisher:/home/vboxuser/ros2_iron/install/sensor_msgs_py:/home/vboxuser/ros2_iron/install/quality_of_service_demo_py:/home/vboxuser/ros2_iron/install/rqt_plot:/home/vboxuser/ros2_iron/install/ros2doctor:/home/vboxuser/ros2_iron/install/lifecycle_py:/home/vboxuser/ros2_iron/install/examples_rclpy_minimal_subscriber:/home/vboxuser/ros2_iron/install/examples_rclpy_minimal_service:/home/vboxuser/ros2_iron/install/examples_rclpy_minimal_publisher:/home/vboxuser/ros2_iron/install/examples_rclpy_minimal_client:/home/vboxuser/ros2_iron/install/examples_rclpy_executors:/home/vboxuser/ros2_iron/install/demo_nodes_py:/home/vboxuser/ros2_iron/install/rqt:/home/vboxuser/ros2_iron/install/ros2component:/home/vboxuser/ros2_iron/install/sros2:/home/vboxuser/ros2_iron/install/rqt_topic:/home/vboxuser/ros2_iron/install/rqt_srv:/home/vboxuser/ros2_iron/install/rqt_shell:/home/vboxuser/ros2_iron/install/rqt_service_caller:/home/vboxuser/ros2_iron/install/rqt_reconfigure:/home/vboxuser/ros2_iron/install/rqt_py_console:/home/vboxuser/ros2_iron/install/rqt_publisher:/home/vboxuser/ros2_iron/install/rqt_action:/home/vboxuser/ros2_iron/install/rqt_msg:/home/vboxuser/ros2_iron/install/rqt_console:/home/vboxuser/ros2_iron/install/rqt_graph:/home/vboxuser/ros2_iron/install/rqt_gui_py:/home/vboxuser/ros2_iron/install/rqt_gui:/home/vboxuser/ros2_iron/install/ros2trace:/home/vboxuser/ros2_iron/install/ros2topic:/home/vboxuser/ros2_iron/install/ros2test:/home/vboxuser/ros2_iron/install/ros2param:/home/vboxuser/ros2_iron/install/ros2lifecycle:/home/vboxuser/ros2_iron/install/ros2service:/home/vboxuser/ros2_iron/install/ros2run:/home/vboxuser/ros2_iron/install/ros2launch:/home/vboxuser/ros2_iron/install/ros2pkg:/home/vboxuser/ros2_iron/install/ros2node:/home/vboxuser/ros2_iron/install/ros2multicast:/home/vboxuser/ros2_iron/install/ros2interface:/home/vboxuser/ros2_iron/install/ros2action:/home/vboxuser/ros2_iron/install/ros2cli:/home/vboxuser/ros2_iron/install/launch_testing_ros:/home/vboxuser/ros2_iron/install/launch_ros:/home/vboxuser/ros2_iron/install/examples_rclpy_minimal_action_server:/home/vboxuser/ros2_iron/install/examples_rclpy_minimal_action_client:/home/vboxuser/ros2_iron/install/examples_rclpy_guard_conditions:/home/vboxuser/ros2_iron/install/action_tutorials_py:/home/vboxuser/ros2_iron/install/ament_uncrustify:/home/vboxuser/ros2_iron/install/tracetools_trace:/home/vboxuser/ros2_iron/install/tracetools_read:/home/vboxuser/ros2_iron/install/test_tracetools_launch:/home/vboxuser/ros2_iron/install/test_ros2trace:/home/vboxuser/ros2_iron/install/test_launch_ros:/home/vboxuser/ros2_iron/install/rpyutils:/home/vboxuser/ros2_iron/install/rosidl_runtime_py:/home/vboxuser/ros2_iron/install/rosidl_pycommon:/home/vboxuser/ros2_iron/install/rosidl_cli:/home/vboxuser/ros2_iron/install/launch_pytest:/home/vboxuser/ros2_iron/install/launch_testing:/home/vboxuser/ros2_iron/install/launch_yaml:/home/vboxuser/ros2_iron/install/launch_xml:/home/vboxuser/ros2_iron/install/launch:/home/vboxuser/ros2_iron/install/osrf_pycommon:/home/vboxuser/ros2_iron/install/domain_coordinator:/home/vboxuser/ros2_iron/install/ament_xmllint:/home/vboxuser/ros2_iron/install/ament_pyflakes:/home/vboxuser/ros2_iron/install/ament_pycodestyle:/home/vboxuser/ros2_iron/install/ament_pep257:/home/vboxuser/ros2_iron/install/ament_pclint:/home/vboxuser/ros2_iron/install/ament_package:/home/vboxuser/ros2_iron/install/ament_mypy:/home/vboxuser/ros2_iron/install/ament_lint_cmake:/home/vboxuser/ros2_iron/install/ament_flake8:/home/vboxuser/ros2_iron/install/ament_copyright:/home/vboxuser/ros2_iron/install/ament_lint:/home/vboxuser/ros2_iron/install/ament_index_python:/home/vboxuser/ros2_iron/install/ament_cpplint:/home/vboxuser/ros2_iron/install/ament_cppcheck:/home/vboxuser/ros2_iron/install/ament_clang_tidy:/home/vboxuser/ros2_iron/install/ament_clang_format /usr/bin/cmake --build /home/vboxuser/ros2_ws/build/examples_rclcpp_minimal_subscriber -- -j4 -l4
[32.767s] DEBUG:colcon.colcon_core.event_handler.log_command:Invoked command in '/home/vboxuser/ros2_ws/build/examples_rclcpp_minimal_publisher' returned '0': CMAKE_PREFIX_PATH=${CMAKE_PREFIX_PATH}:/home/vboxuser/ros2_ws/install/py_pubsub:/home/vboxuser/ros2_ws/install/launch_testing_examples:/home/vboxuser/ros2_ws/install/examples_rclpy_pointcloud_publisher:/home/vboxuser/ros2_ws/install/examples_rclpy_minimal_subscriber:/home/vboxuser/ros2_ws/install/examples_rclpy_minimal_service:/home/vboxuser/ros2_ws/install/examples_rclpy_minimal_publisher:/home/vboxuser/ros2_ws/install/examples_rclpy_minimal_client:/home/vboxuser/ros2_ws/install/examples_rclpy_minimal_action_server:/home/vboxuser/ros2_ws/install/examples_rclpy_minimal_action_client:/home/vboxuser/ros2_ws/install/examples_rclpy_guard_conditions:/home/vboxuser/ros2_ws/install/examples_rclpy_executors:/home/vboxuser/ros2_ws/install/bms_visualizer:/opt/ros/iron:/home/vboxuser/ros2_iron/install/rqt_bag_plugins:/home/vboxuser/ros2_iron/install/rqt_bag:/home/vboxuser/ros2_iron/install/rosbag2_examples_py:/home/vboxuser/ros2_iron/install/launch_testing_examples:/home/vboxuser/ros2_iron/install/ros2bag:/home/vboxuser/ros2_iron/install/tracetools_test:/home/vboxuser/ros2_iron/install/tracetools_launch:/home/vboxuser/ros2_iron/install/topic_monitor:/home/vboxuser/ros2_iron/install/tf2_tools:/home/vboxuser/ros2_iron/install/examples_tf2_py:/home/vboxuser/ros2_iron/install/tf2_ros_py:/home/vboxuser/ros2_iron/install/examples_rclpy_pointcloud_publisher:/home/vboxuser/ros2_iron/install/sensor_msgs_py:/home/vboxuser/ros2_iron/install/quality_of_service_demo_py:/home/vboxuser/ros2_iron/install/rqt_plot:/home/vboxuser/ros2_iron/install/ros2doctor:/home/vboxuser/ros2_iron/install/lifecycle_py:/home/vboxuser/ros2_iron/install/examples_rclpy_minimal_subscriber:/home/vboxuser/ros2_iron/install/examples_rclpy_minimal_service:/home/vboxuser/ros2_iron/install/examples_rclpy_minimal_publisher:/home/vboxuser/ros2_iron/install/examples_rclpy_minimal_client:/home/vboxuser/ros2_iron/install/examples_rclpy_executors:/home/vboxuser/ros2_iron/install/demo_nodes_py:/home/vboxuser/ros2_iron/install/rqt:/home/vboxuser/ros2_iron/install/ros2component:/home/vboxuser/ros2_iron/install/sros2:/home/vboxuser/ros2_iron/install/rqt_topic:/home/vboxuser/ros2_iron/install/rqt_srv:/home/vboxuser/ros2_iron/install/rqt_shell:/home/vboxuser/ros2_iron/install/rqt_service_caller:/home/vboxuser/ros2_iron/install/rqt_reconfigure:/home/vboxuser/ros2_iron/install/rqt_py_console:/home/vboxuser/ros2_iron/install/rqt_publisher:/home/vboxuser/ros2_iron/install/rqt_action:/home/vboxuser/ros2_iron/install/rqt_msg:/home/vboxuser/ros2_iron/install/rqt_console:/home/vboxuser/ros2_iron/install/rqt_graph:/home/vboxuser/ros2_iron/install/rqt_gui_py:/home/vboxuser/ros2_iron/install/rqt_gui:/home/vboxuser/ros2_iron/install/ros2trace:/home/vboxuser/ros2_iron/install/ros2topic:/home/vboxuser/ros2_iron/install/ros2test:/home/vboxuser/ros2_iron/install/ros2param:/home/vboxuser/ros2_iron/install/ros2lifecycle:/home/vboxuser/ros2_iron/install/ros2service:/home/vboxuser/ros2_iron/install/ros2run:/home/vboxuser/ros2_iron/install/ros2launch:/home/vboxuser/ros2_iron/install/ros2pkg:/home/vboxuser/ros2_iron/install/ros2node:/home/vboxuser/ros2_iron/install/ros2multicast:/home/vboxuser/ros2_iron/install/ros2interface:/home/vboxuser/ros2_iron/install/ros2action:/home/vboxuser/ros2_iron/install/ros2cli:/home/vboxuser/ros2_iron/install/launch_testing_ros:/home/vboxuser/ros2_iron/install/launch_ros:/home/vboxuser/ros2_iron/install/examples_rclpy_minimal_action_server:/home/vboxuser/ros2_iron/install/examples_rclpy_minimal_action_client:/home/vboxuser/ros2_iron/install/examples_rclpy_guard_conditions:/home/vboxuser/ros2_iron/install/action_tutorials_py:/home/vboxuser/ros2_iron/install/ament_uncrustify:/home/vboxuser/ros2_iron/install/tracetools_trace:/home/vboxuser/ros2_iron/install/tracetools_read:/home/vboxuser/ros2_iron/install/test_tracetools_launch:/home/vboxuser/ros2_iron/install/test_ros2trace:/home/vboxuser/ros2_iron/install/test_launch_ros:/home/vboxuser/ros2_iron/install/rpyutils:/home/vboxuser/ros2_iron/install/rosidl_runtime_py:/home/vboxuser/ros2_iron/install/rosidl_pycommon:/home/vboxuser/ros2_iron/install/rosidl_cli:/home/vboxuser/ros2_iron/install/launch_pytest:/home/vboxuser/ros2_iron/install/launch_testing:/home/vboxuser/ros2_iron/install/launch_yaml:/home/vboxuser/ros2_iron/install/launch_xml:/home/vboxuser/ros2_iron/install/launch:/home/vboxuser/ros2_iron/install/osrf_pycommon:/home/vboxuser/ros2_iron/install/domain_coordinator:/home/vboxuser/ros2_iron/install/ament_xmllint:/home/vboxuser/ros2_iron/install/ament_pyflakes:/home/vboxuser/ros2_iron/install/ament_pycodestyle:/home/vboxuser/ros2_iron/install/ament_pep257:/home/vboxuser/ros2_iron/install/ament_pclint:/home/vboxuser/ros2_iron/install/ament_package:/home/vboxuser/ros2_iron/install/ament_mypy:/home/vboxuser/ros2_iron/install/ament_lint_cmake:/home/vboxuser/ros2_iron/install/ament_flake8:/home/vboxuser/ros2_iron/install/ament_copyright:/home/vboxuser/ros2_iron/install/ament_lint:/home/vboxuser/ros2_iron/install/ament_index_python:/home/vboxuser/ros2_iron/install/ament_cpplint:/home/vboxuser/ros2_iron/install/ament_cppcheck:/home/vboxuser/ros2_iron/install/ament_clang_tidy:/home/vboxuser/ros2_iron/install/ament_clang_format /usr/bin/cmake --build /home/vboxuser/ros2_ws/build/examples_rclcpp_minimal_publisher -- -j4 -l4
[32.798s] DEBUG:colcon.colcon_core.event_handler.log_command:Invoking command in '/home/vboxuser/ros2_ws/build/examples_rclcpp_minimal_publisher': CMAKE_PREFIX_PATH=${CMAKE_PREFIX_PATH}:/home/vboxuser/ros2_ws/install/py_pubsub:/home/vboxuser/ros2_ws/install/launch_testing_examples:/home/vboxuser/ros2_ws/install/examples_rclpy_pointcloud_publisher:/home/vboxuser/ros2_ws/install/examples_rclpy_minimal_subscriber:/home/vboxuser/ros2_ws/install/examples_rclpy_minimal_service:/home/vboxuser/ros2_ws/install/examples_rclpy_minimal_publisher:/home/vboxuser/ros2_ws/install/examples_rclpy_minimal_client:/home/vboxuser/ros2_ws/install/examples_rclpy_minimal_action_server:/home/vboxuser/ros2_ws/install/examples_rclpy_minimal_action_client:/home/vboxuser/ros2_ws/install/examples_rclpy_guard_conditions:/home/vboxuser/ros2_ws/install/examples_rclpy_executors:/home/vboxuser/ros2_ws/install/bms_visualizer:/opt/ros/iron:/home/vboxuser/ros2_iron/install/rqt_bag_plugins:/home/vboxuser/ros2_iron/install/rqt_bag:/home/vboxuser/ros2_iron/install/rosbag2_examples_py:/home/vboxuser/ros2_iron/install/launch_testing_examples:/home/vboxuser/ros2_iron/install/ros2bag:/home/vboxuser/ros2_iron/install/tracetools_test:/home/vboxuser/ros2_iron/install/tracetools_launch:/home/vboxuser/ros2_iron/install/topic_monitor:/home/vboxuser/ros2_iron/install/tf2_tools:/home/vboxuser/ros2_iron/install/examples_tf2_py:/home/vboxuser/ros2_iron/install/tf2_ros_py:/home/vboxuser/ros2_iron/install/examples_rclpy_pointcloud_publisher:/home/vboxuser/ros2_iron/install/sensor_msgs_py:/home/vboxuser/ros2_iron/install/quality_of_service_demo_py:/home/vboxuser/ros2_iron/install/rqt_plot:/home/vboxuser/ros2_iron/install/ros2doctor:/home/vboxuser/ros2_iron/install/lifecycle_py:/home/vboxuser/ros2_iron/install/examples_rclpy_minimal_subscriber:/home/vboxuser/ros2_iron/install/examples_rclpy_minimal_service:/home/vboxuser/ros2_iron/install/examples_rclpy_minimal_publisher:/home/vboxuser/ros2_iron/install/examples_rclpy_minimal_client:/home/vboxuser/ros2_iron/install/examples_rclpy_executors:/home/vboxuser/ros2_iron/install/demo_nodes_py:/home/vboxuser/ros2_iron/install/rqt:/home/vboxuser/ros2_iron/install/ros2component:/home/vboxuser/ros2_iron/install/sros2:/home/vboxuser/ros2_iron/install/rqt_topic:/home/vboxuser/ros2_iron/install/rqt_srv:/home/vboxuser/ros2_iron/install/rqt_shell:/home/vboxuser/ros2_iron/install/rqt_service_caller:/home/vboxuser/ros2_iron/install/rqt_reconfigure:/home/vboxuser/ros2_iron/install/rqt_py_console:/home/vboxuser/ros2_iron/install/rqt_publisher:/home/vboxuser/ros2_iron/install/rqt_action:/home/vboxuser/ros2_iron/install/rqt_msg:/home/vboxuser/ros2_iron/install/rqt_console:/home/vboxuser/ros2_iron/install/rqt_graph:/home/vboxuser/ros2_iron/install/rqt_gui_py:/home/vboxuser/ros2_iron/install/rqt_gui:/home/vboxuser/ros2_iron/install/ros2trace:/home/vboxuser/ros2_iron/install/ros2topic:/home/vboxuser/ros2_iron/install/ros2test:/home/vboxuser/ros2_iron/install/ros2param:/home/vboxuser/ros2_iron/install/ros2lifecycle:/home/vboxuser/ros2_iron/install/ros2service:/home/vboxuser/ros2_iron/install/ros2run:/home/vboxuser/ros2_iron/install/ros2launch:/home/vboxuser/ros2_iron/install/ros2pkg:/home/vboxuser/ros2_iron/install/ros2node:/home/vboxuser/ros2_iron/install/ros2multicast:/home/vboxuser/ros2_iron/install/ros2interface:/home/vboxuser/ros2_iron/install/ros2action:/home/vboxuser/ros2_iron/install/ros2cli:/home/vboxuser/ros2_iron/install/launch_testing_ros:/home/vboxuser/ros2_iron/install/launch_ros:/home/vboxuser/ros2_iron/install/examples_rclpy_minimal_action_server:/home/vboxuser/ros2_iron/install/examples_rclpy_minimal_action_client:/home/vboxuser/ros2_iron/install/examples_rclpy_guard_conditions:/home/vboxuser/ros2_iron/install/action_tutorials_py:/home/vboxuser/ros2_iron/install/ament_uncrustify:/home/vboxuser/ros2_iron/install/tracetools_trace:/home/vboxuser/ros2_iron/install/tracetools_read:/home/vboxuser/ros2_iron/install/test_tracetools_launch:/home/vboxuser/ros2_iron/install/test_ros2trace:/home/vboxuser/ros2_iron/install/test_launch_ros:/home/vboxuser/ros2_iron/install/rpyutils:/home/vboxuser/ros2_iron/install/rosidl_runtime_py:/home/vboxuser/ros2_iron/install/rosidl_pycommon:/home/vboxuser/ros2_iron/install/rosidl_cli:/home/vboxuser/ros2_iron/install/launch_pytest:/home/vboxuser/ros2_iron/install/launch_testing:/home/vboxuser/ros2_iron/install/launch_yaml:/home/vboxuser/ros2_iron/install/launch_xml:/home/vboxuser/ros2_iron/install/launch:/home/vboxuser/ros2_iron/install/osrf_pycommon:/home/vboxuser/ros2_iron/install/domain_coordinator:/home/vboxuser/ros2_iron/install/ament_xmllint:/home/vboxuser/ros2_iron/install/ament_pyflakes:/home/vboxuser/ros2_iron/install/ament_pycodestyle:/home/vboxuser/ros2_iron/install/ament_pep257:/home/vboxuser/ros2_iron/install/ament_pclint:/home/vboxuser/ros2_iron/install/ament_package:/home/vboxuser/ros2_iron/install/ament_mypy:/home/vboxuser/ros2_iron/install/ament_lint_cmake:/home/vboxuser/ros2_iron/install/ament_flake8:/home/vboxuser/ros2_iron/install/ament_copyright:/home/vboxuser/ros2_iron/install/ament_lint:/home/vboxuser/ros2_iron/install/ament_index_python:/home/vboxuser/ros2_iron/install/ament_cpplint:/home/vboxuser/ros2_iron/install/ament_cppcheck:/home/vboxuser/ros2_iron/install/ament_clang_tidy:/home/vboxuser/ros2_iron/install/ament_clang_format /usr/bin/cmake --install /home/vboxuser/ros2_ws/build/examples_rclcpp_minimal_publisher
[32.811s] DEBUG:colcon.colcon_core.event_handler.log_command:Invoked command in '/home/vboxuser/ros2_ws/build/examples_rclcpp_minimal_composition' returned '0': CMAKE_PREFIX_PATH=${CMAKE_PREFIX_PATH}:/home/vboxuser/ros2_ws/install/py_pubsub:/home/vboxuser/ros2_ws/install/launch_testing_examples:/home/vboxuser/ros2_ws/install/examples_rclpy_pointcloud_publisher:/home/vboxuser/ros2_ws/install/examples_rclpy_minimal_subscriber:/home/vboxuser/ros2_ws/install/examples_rclpy_minimal_service:/home/vboxuser/ros2_ws/install/examples_rclpy_minimal_publisher:/home/vboxuser/ros2_ws/install/examples_rclpy_minimal_client:/home/vboxuser/ros2_ws/install/examples_rclpy_minimal_action_server:/home/vboxuser/ros2_ws/install/examples_rclpy_minimal_action_client:/home/vboxuser/ros2_ws/install/examples_rclpy_guard_conditions:/home/vboxuser/ros2_ws/install/examples_rclpy_executors:/home/vboxuser/ros2_ws/install/bms_visualizer:/opt/ros/iron:/home/vboxuser/ros2_iron/install/rqt_bag_plugins:/home/vboxuser/ros2_iron/install/rqt_bag:/home/vboxuser/ros2_iron/install/rosbag2_examples_py:/home/vboxuser/ros2_iron/install/launch_testing_examples:/home/vboxuser/ros2_iron/install/ros2bag:/home/vboxuser/ros2_iron/install/tracetools_test:/home/vboxuser/ros2_iron/install/tracetools_launch:/home/vboxuser/ros2_iron/install/topic_monitor:/home/vboxuser/ros2_iron/install/tf2_tools:/home/vboxuser/ros2_iron/install/examples_tf2_py:/home/vboxuser/ros2_iron/install/tf2_ros_py:/home/vboxuser/ros2_iron/install/examples_rclpy_pointcloud_publisher:/home/vboxuser/ros2_iron/install/sensor_msgs_py:/home/vboxuser/ros2_iron/install/quality_of_service_demo_py:/home/vboxuser/ros2_iron/install/rqt_plot:/home/vboxuser/ros2_iron/install/ros2doctor:/home/vboxuser/ros2_iron/install/lifecycle_py:/home/vboxuser/ros2_iron/install/examples_rclpy_minimal_subscriber:/home/vboxuser/ros2_iron/install/examples_rclpy_minimal_service:/home/vboxuser/ros2_iron/install/examples_rclpy_minimal_publisher:/home/vboxuser/ros2_iron/install/examples_rclpy_minimal_client:/home/vboxuser/ros2_iron/install/examples_rclpy_executors:/home/vboxuser/ros2_iron/install/demo_nodes_py:/home/vboxuser/ros2_iron/install/rqt:/home/vboxuser/ros2_iron/install/ros2component:/home/vboxuser/ros2_iron/install/sros2:/home/vboxuser/ros2_iron/install/rqt_topic:/home/vboxuser/ros2_iron/install/rqt_srv:/home/vboxuser/ros2_iron/install/rqt_shell:/home/vboxuser/ros2_iron/install/rqt_service_caller:/home/vboxuser/ros2_iron/install/rqt_reconfigure:/home/vboxuser/ros2_iron/install/rqt_py_console:/home/vboxuser/ros2_iron/install/rqt_publisher:/home/vboxuser/ros2_iron/install/rqt_action:/home/vboxuser/ros2_iron/install/rqt_msg:/home/vboxuser/ros2_iron/install/rqt_console:/home/vboxuser/ros2_iron/install/rqt_graph:/home/vboxuser/ros2_iron/install/rqt_gui_py:/home/vboxuser/ros2_iron/install/rqt_gui:/home/vboxuser/ros2_iron/install/ros2trace:/home/vboxuser/ros2_iron/install/ros2topic:/home/vboxuser/ros2_iron/install/ros2test:/home/vboxuser/ros2_iron/install/ros2param:/home/vboxuser/ros2_iron/install/ros2lifecycle:/home/vboxuser/ros2_iron/install/ros2service:/home/vboxuser/ros2_iron/install/ros2run:/home/vboxuser/ros2_iron/install/ros2launch:/home/vboxuser/ros2_iron/install/ros2pkg:/home/vboxuser/ros2_iron/install/ros2node:/home/vboxuser/ros2_iron/install/ros2multicast:/home/vboxuser/ros2_iron/install/ros2interface:/home/vboxuser/ros2_iron/install/ros2action:/home/vboxuser/ros2_iron/install/ros2cli:/home/vboxuser/ros2_iron/install/launch_testing_ros:/home/vboxuser/ros2_iron/install/launch_ros:/home/vboxuser/ros2_iron/install/examples_rclpy_minimal_action_server:/home/vboxuser/ros2_iron/install/examples_rclpy_minimal_action_client:/home/vboxuser/ros2_iron/install/examples_rclpy_guard_conditions:/home/vboxuser/ros2_iron/install/action_tutorials_py:/home/vboxuser/ros2_iron/install/ament_uncrustify:/home/vboxuser/ros2_iron/install/tracetools_trace:/home/vboxuser/ros2_iron/install/tracetools_read:/home/vboxuser/ros2_iron/install/test_tracetools_launch:/home/vboxuser/ros2_iron/install/test_ros2trace:/home/vboxuser/ros2_iron/install/test_launch_ros:/home/vboxuser/ros2_iron/install/rpyutils:/home/vboxuser/ros2_iron/install/rosidl_runtime_py:/home/vboxuser/ros2_iron/install/rosidl_pycommon:/home/vboxuser/ros2_iron/install/rosidl_cli:/home/vboxuser/ros2_iron/install/launch_pytest:/home/vboxuser/ros2_iron/install/launch_testing:/home/vboxuser/ros2_iron/install/launch_yaml:/home/vboxuser/ros2_iron/install/launch_xml:/home/vboxuser/ros2_iron/install/launch:/home/vboxuser/ros2_iron/install/osrf_pycommon:/home/vboxuser/ros2_iron/install/domain_coordinator:/home/vboxuser/ros2_iron/install/ament_xmllint:/home/vboxuser/ros2_iron/install/ament_pyflakes:/home/vboxuser/ros2_iron/install/ament_pycodestyle:/home/vboxuser/ros2_iron/install/ament_pep257:/home/vboxuser/ros2_iron/install/ament_pclint:/home/vboxuser/ros2_iron/install/ament_package:/home/vboxuser/ros2_iron/install/ament_mypy:/home/vboxuser/ros2_iron/install/ament_lint_cmake:/home/vboxuser/ros2_iron/install/ament_flake8:/home/vboxuser/ros2_iron/install/ament_copyright:/home/vboxuser/ros2_iron/install/ament_lint:/home/vboxuser/ros2_iron/install/ament_index_python:/home/vboxuser/ros2_iron/install/ament_cpplint:/home/vboxuser/ros2_iron/install/ament_cppcheck:/home/vboxuser/ros2_iron/install/ament_clang_tidy:/home/vboxuser/ros2_iron/install/ament_clang_format /usr/bin/cmake --build /home/vboxuser/ros2_ws/build/examples_rclcpp_minimal_composition -- -j4 -l4
[32.837s] DEBUG:colcon.colcon_core.event_handler.log_command:Invoking command in '/home/vboxuser/ros2_ws/build/examples_rclcpp_minimal_composition': CMAKE_PREFIX_PATH=${CMAKE_PREFIX_PATH}:/home/vboxuser/ros2_ws/install/py_pubsub:/home/vboxuser/ros2_ws/install/launch_testing_examples:/home/vboxuser/ros2_ws/install/examples_rclpy_pointcloud_publisher:/home/vboxuser/ros2_ws/install/examples_rclpy_minimal_subscriber:/home/vboxuser/ros2_ws/install/examples_rclpy_minimal_service:/home/vboxuser/ros2_ws/install/examples_rclpy_minimal_publisher:/home/vboxuser/ros2_ws/install/examples_rclpy_minimal_client:/home/vboxuser/ros2_ws/install/examples_rclpy_minimal_action_server:/home/vboxuser/ros2_ws/install/examples_rclpy_minimal_action_client:/home/vboxuser/ros2_ws/install/examples_rclpy_guard_conditions:/home/vboxuser/ros2_ws/install/examples_rclpy_executors:/home/vboxuser/ros2_ws/install/bms_visualizer:/opt/ros/iron:/home/vboxuser/ros2_iron/install/rqt_bag_plugins:/home/vboxuser/ros2_iron/install/rqt_bag:/home/vboxuser/ros2_iron/install/rosbag2_examples_py:/home/vboxuser/ros2_iron/install/launch_testing_examples:/home/vboxuser/ros2_iron/install/ros2bag:/home/vboxuser/ros2_iron/install/tracetools_test:/home/vboxuser/ros2_iron/install/tracetools_launch:/home/vboxuser/ros2_iron/install/topic_monitor:/home/vboxuser/ros2_iron/install/tf2_tools:/home/vboxuser/ros2_iron/install/examples_tf2_py:/home/vboxuser/ros2_iron/install/tf2_ros_py:/home/vboxuser/ros2_iron/install/examples_rclpy_pointcloud_publisher:/home/vboxuser/ros2_iron/install/sensor_msgs_py:/home/vboxuser/ros2_iron/install/quality_of_service_demo_py:/home/vboxuser/ros2_iron/install/rqt_plot:/home/vboxuser/ros2_iron/install/ros2doctor:/home/vboxuser/ros2_iron/install/lifecycle_py:/home/vboxuser/ros2_iron/install/examples_rclpy_minimal_subscriber:/home/vboxuser/ros2_iron/install/examples_rclpy_minimal_service:/home/vboxuser/ros2_iron/install/examples_rclpy_minimal_publisher:/home/vboxuser/ros2_iron/install/examples_rclpy_minimal_client:/home/vboxuser/ros2_iron/install/examples_rclpy_executors:/home/vboxuser/ros2_iron/install/demo_nodes_py:/home/vboxuser/ros2_iron/install/rqt:/home/vboxuser/ros2_iron/install/ros2component:/home/vboxuser/ros2_iron/install/sros2:/home/vboxuser/ros2_iron/install/rqt_topic:/home/vboxuser/ros2_iron/install/rqt_srv:/home/vboxuser/ros2_iron/install/rqt_shell:/home/vboxuser/ros2_iron/install/rqt_service_caller:/home/vboxuser/ros2_iron/install/rqt_reconfigure:/home/vboxuser/ros2_iron/install/rqt_py_console:/home/vboxuser/ros2_iron/install/rqt_publisher:/home/vboxuser/ros2_iron/install/rqt_action:/home/vboxuser/ros2_iron/install/rqt_msg:/home/vboxuser/ros2_iron/install/rqt_console:/home/vboxuser/ros2_iron/install/rqt_graph:/home/vboxuser/ros2_iron/install/rqt_gui_py:/home/vboxuser/ros2_iron/install/rqt_gui:/home/vboxuser/ros2_iron/install/ros2trace:/home/vboxuser/ros2_iron/install/ros2topic:/home/vboxuser/ros2_iron/install/ros2test:/home/vboxuser/ros2_iron/install/ros2param:/home/vboxuser/ros2_iron/install/ros2lifecycle:/home/vboxuser/ros2_iron/install/ros2service:/home/vboxuser/ros2_iron/install/ros2run:/home/vboxuser/ros2_iron/install/ros2launch:/home/vboxuser/ros2_iron/install/ros2pkg:/home/vboxuser/ros2_iron/install/ros2node:/home/vboxuser/ros2_iron/install/ros2multicast:/home/vboxuser/ros2_iron/install/ros2interface:/home/vboxuser/ros2_iron/install/ros2action:/home/vboxuser/ros2_iron/install/ros2cli:/home/vboxuser/ros2_iron/install/launch_testing_ros:/home/vboxuser/ros2_iron/install/launch_ros:/home/vboxuser/ros2_iron/install/examples_rclpy_minimal_action_server:/home/vboxuser/ros2_iron/install/examples_rclpy_minimal_action_client:/home/vboxuser/ros2_iron/install/examples_rclpy_guard_conditions:/home/vboxuser/ros2_iron/install/action_tutorials_py:/home/vboxuser/ros2_iron/install/ament_uncrustify:/home/vboxuser/ros2_iron/install/tracetools_trace:/home/vboxuser/ros2_iron/install/tracetools_read:/home/vboxuser/ros2_iron/install/test_tracetools_launch:/home/vboxuser/ros2_iron/install/test_ros2trace:/home/vboxuser/ros2_iron/install/test_launch_ros:/home/vboxuser/ros2_iron/install/rpyutils:/home/vboxuser/ros2_iron/install/rosidl_runtime_py:/home/vboxuser/ros2_iron/install/rosidl_pycommon:/home/vboxuser/ros2_iron/install/rosidl_cli:/home/vboxuser/ros2_iron/install/launch_pytest:/home/vboxuser/ros2_iron/install/launch_testing:/home/vboxuser/ros2_iron/install/launch_yaml:/home/vboxuser/ros2_iron/install/launch_xml:/home/vboxuser/ros2_iron/install/launch:/home/vboxuser/ros2_iron/install/osrf_pycommon:/home/vboxuser/ros2_iron/install/domain_coordinator:/home/vboxuser/ros2_iron/install/ament_xmllint:/home/vboxuser/ros2_iron/install/ament_pyflakes:/home/vboxuser/ros2_iron/install/ament_pycodestyle:/home/vboxuser/ros2_iron/install/ament_pep257:/home/vboxuser/ros2_iron/install/ament_pclint:/home/vboxuser/ros2_iron/install/ament_package:/home/vboxuser/ros2_iron/install/ament_mypy:/home/vboxuser/ros2_iron/install/ament_lint_cmake:/home/vboxuser/ros2_iron/install/ament_flake8:/home/vboxuser/ros2_iron/install/ament_copyright:/home/vboxuser/ros2_iron/install/ament_lint:/home/vboxuser/ros2_iron/install/ament_index_python:/home/vboxuser/ros2_iron/install/ament_cpplint:/home/vboxuser/ros2_iron/install/ament_cppcheck:/home/vboxuser/ros2_iron/install/ament_clang_tidy:/home/vboxuser/ros2_iron/install/ament_clang_format /usr/bin/cmake --install /home/vboxuser/ros2_ws/build/examples_rclcpp_minimal_composition
[32.974s] Level 1:colcon.colcon_core.environment:create_environment_scripts_only(examples_rclcpp_minimal_composition)
[32.974s] Level 1:colcon.colcon_core.environment:checking '/home/vboxuser/ros2_ws/install/examples_rclcpp_minimal_composition' for CMake module files
[32.975s] Level 1:colcon.colcon_core.environment:checking '/home/vboxuser/ros2_ws/install/examples_rclcpp_minimal_composition' for CMake config files
[32.976s] Level 1:colcon.colcon_core.shell:create_environment_hook('examples_rclcpp_minimal_composition', 'cmake_prefix_path')
[32.976s] INFO:colcon.colcon_core.shell:Creating environment hook '/home/vboxuser/ros2_ws/install/examples_rclcpp_minimal_composition/share/examples_rclcpp_minimal_composition/hook/cmake_prefix_path.ps1'
[32.981s] DEBUG:colcon.colcon_core.event_handler.log_command:Invoked command in '/home/vboxuser/ros2_ws/build/examples_rclcpp_minimal_composition' returned '0': CMAKE_PREFIX_PATH=${CMAKE_PREFIX_PATH}:/home/vboxuser/ros2_ws/install/py_pubsub:/home/vboxuser/ros2_ws/install/launch_testing_examples:/home/vboxuser/ros2_ws/install/examples_rclpy_pointcloud_publisher:/home/vboxuser/ros2_ws/install/examples_rclpy_minimal_subscriber:/home/vboxuser/ros2_ws/install/examples_rclpy_minimal_service:/home/vboxuser/ros2_ws/install/examples_rclpy_minimal_publisher:/home/vboxuser/ros2_ws/install/examples_rclpy_minimal_client:/home/vboxuser/ros2_ws/install/examples_rclpy_minimal_action_server:/home/vboxuser/ros2_ws/install/examples_rclpy_minimal_action_client:/home/vboxuser/ros2_ws/install/examples_rclpy_guard_conditions:/home/vboxuser/ros2_ws/install/examples_rclpy_executors:/home/vboxuser/ros2_ws/install/bms_visualizer:/opt/ros/iron:/home/vboxuser/ros2_iron/install/rqt_bag_plugins:/home/vboxuser/ros2_iron/install/rqt_bag:/home/vboxuser/ros2_iron/install/rosbag2_examples_py:/home/vboxuser/ros2_iron/install/launch_testing_examples:/home/vboxuser/ros2_iron/install/ros2bag:/home/vboxuser/ros2_iron/install/tracetools_test:/home/vboxuser/ros2_iron/install/tracetools_launch:/home/vboxuser/ros2_iron/install/topic_monitor:/home/vboxuser/ros2_iron/install/tf2_tools:/home/vboxuser/ros2_iron/install/examples_tf2_py:/home/vboxuser/ros2_iron/install/tf2_ros_py:/home/vboxuser/ros2_iron/install/examples_rclpy_pointcloud_publisher:/home/vboxuser/ros2_iron/install/sensor_msgs_py:/home/vboxuser/ros2_iron/install/quality_of_service_demo_py:/home/vboxuser/ros2_iron/install/rqt_plot:/home/vboxuser/ros2_iron/install/ros2doctor:/home/vboxuser/ros2_iron/install/lifecycle_py:/home/vboxuser/ros2_iron/install/examples_rclpy_minimal_subscriber:/home/vboxuser/ros2_iron/install/examples_rclpy_minimal_service:/home/vboxuser/ros2_iron/install/examples_rclpy_minimal_publisher:/home/vboxuser/ros2_iron/install/examples_rclpy_minimal_client:/home/vboxuser/ros2_iron/install/examples_rclpy_executors:/home/vboxuser/ros2_iron/install/demo_nodes_py:/home/vboxuser/ros2_iron/install/rqt:/home/vboxuser/ros2_iron/install/ros2component:/home/vboxuser/ros2_iron/install/sros2:/home/vboxuser/ros2_iron/install/rqt_topic:/home/vboxuser/ros2_iron/install/rqt_srv:/home/vboxuser/ros2_iron/install/rqt_shell:/home/vboxuser/ros2_iron/install/rqt_service_caller:/home/vboxuser/ros2_iron/install/rqt_reconfigure:/home/vboxuser/ros2_iron/install/rqt_py_console:/home/vboxuser/ros2_iron/install/rqt_publisher:/home/vboxuser/ros2_iron/install/rqt_action:/home/vboxuser/ros2_iron/install/rqt_msg:/home/vboxuser/ros2_iron/install/rqt_console:/home/vboxuser/ros2_iron/install/rqt_graph:/home/vboxuser/ros2_iron/install/rqt_gui_py:/home/vboxuser/ros2_iron/install/rqt_gui:/home/vboxuser/ros2_iron/install/ros2trace:/home/vboxuser/ros2_iron/install/ros2topic:/home/vboxuser/ros2_iron/install/ros2test:/home/vboxuser/ros2_iron/install/ros2param:/home/vboxuser/ros2_iron/install/ros2lifecycle:/home/vboxuser/ros2_iron/install/ros2service:/home/vboxuser/ros2_iron/install/ros2run:/home/vboxuser/ros2_iron/install/ros2launch:/home/vboxuser/ros2_iron/install/ros2pkg:/home/vboxuser/ros2_iron/install/ros2node:/home/vboxuser/ros2_iron/install/ros2multicast:/home/vboxuser/ros2_iron/install/ros2interface:/home/vboxuser/ros2_iron/install/ros2action:/home/vboxuser/ros2_iron/install/ros2cli:/home/vboxuser/ros2_iron/install/launch_testing_ros:/home/vboxuser/ros2_iron/install/launch_ros:/home/vboxuser/ros2_iron/install/examples_rclpy_minimal_action_server:/home/vboxuser/ros2_iron/install/examples_rclpy_minimal_action_client:/home/vboxuser/ros2_iron/install/examples_rclpy_guard_conditions:/home/vboxuser/ros2_iron/install/action_tutorials_py:/home/vboxuser/ros2_iron/install/ament_uncrustify:/home/vboxuser/ros2_iron/install/tracetools_trace:/home/vboxuser/ros2_iron/install/tracetools_read:/home/vboxuser/ros2_iron/install/test_tracetools_launch:/home/vboxuser/ros2_iron/install/test_ros2trace:/home/vboxuser/ros2_iron/install/test_launch_ros:/home/vboxuser/ros2_iron/install/rpyutils:/home/vboxuser/ros2_iron/install/rosidl_runtime_py:/home/vboxuser/ros2_iron/install/rosidl_pycommon:/home/vboxuser/ros2_iron/install/rosidl_cli:/home/vboxuser/ros2_iron/install/launch_pytest:/home/vboxuser/ros2_iron/install/launch_testing:/home/vboxuser/ros2_iron/install/launch_yaml:/home/vboxuser/ros2_iron/install/launch_xml:/home/vboxuser/ros2_iron/install/launch:/home/vboxuser/ros2_iron/install/osrf_pycommon:/home/vboxuser/ros2_iron/install/domain_coordinator:/home/vboxuser/ros2_iron/install/ament_xmllint:/home/vboxuser/ros2_iron/install/ament_pyflakes:/home/vboxuser/ros2_iron/install/ament_pycodestyle:/home/vboxuser/ros2_iron/install/ament_pep257:/home/vboxuser/ros2_iron/install/ament_pclint:/home/vboxuser/ros2_iron/install/ament_package:/home/vboxuser/ros2_iron/install/ament_mypy:/home/vboxuser/ros2_iron/install/ament_lint_cmake:/home/vboxuser/ros2_iron/install/ament_flake8:/home/vboxuser/ros2_iron/install/ament_copyright:/home/vboxuser/ros2_iron/install/ament_lint:/home/vboxuser/ros2_iron/install/ament_index_python:/home/vboxuser/ros2_iron/install/ament_cpplint:/home/vboxuser/ros2_iron/install/ament_cppcheck:/home/vboxuser/ros2_iron/install/ament_clang_tidy:/home/vboxuser/ros2_iron/install/ament_clang_format /usr/bin/cmake --install /home/vboxuser/ros2_ws/build/examples_rclcpp_minimal_composition
[32.984s] INFO:colcon.colcon_core.shell:Creating environment descriptor '/home/vboxuser/ros2_ws/install/examples_rclcpp_minimal_composition/share/examples_rclcpp_minimal_composition/hook/cmake_prefix_path.dsv'
[32.999s] INFO:colcon.colcon_core.shell:Creating environment hook '/home/vboxuser/ros2_ws/install/examples_rclcpp_minimal_composition/share/examples_rclcpp_minimal_composition/hook/cmake_prefix_path.sh'
[33.005s] Level 1:colcon.colcon_core.environment:checking '/home/vboxuser/ros2_ws/install/examples_rclcpp_minimal_composition/lib'
[33.005s] Level 1:colcon.colcon_core.shell:create_environment_hook('examples_rclcpp_minimal_composition', 'ld_library_path_lib')
[33.006s] INFO:colcon.colcon_core.shell:Creating environment hook '/home/vboxuser/ros2_ws/install/examples_rclcpp_minimal_composition/share/examples_rclcpp_minimal_composition/hook/ld_library_path_lib.ps1'
[33.007s] INFO:colcon.colcon_core.shell:Creating environment descriptor '/home/vboxuser/ros2_ws/install/examples_rclcpp_minimal_composition/share/examples_rclcpp_minimal_composition/hook/ld_library_path_lib.dsv'
[33.008s] INFO:colcon.colcon_core.shell:Creating environment hook '/home/vboxuser/ros2_ws/install/examples_rclcpp_minimal_composition/share/examples_rclcpp_minimal_composition/hook/ld_library_path_lib.sh'
[33.008s] Level 1:colcon.colcon_core.environment:checking '/home/vboxuser/ros2_ws/install/examples_rclcpp_minimal_composition/bin'
[33.008s] Level 1:colcon.colcon_core.environment:checking '/home/vboxuser/ros2_ws/install/examples_rclcpp_minimal_composition/lib/pkgconfig/examples_rclcpp_minimal_composition.pc'
[33.009s] Level 1:colcon.colcon_core.environment:checking '/home/vboxuser/ros2_ws/install/examples_rclcpp_minimal_composition/lib/python3.10/site-packages'
[33.009s] Level 1:colcon.colcon_core.environment:checking '/home/vboxuser/ros2_ws/install/examples_rclcpp_minimal_composition/bin'
[33.010s] INFO:colcon.colcon_core.shell:Creating package script '/home/vboxuser/ros2_ws/install/examples_rclcpp_minimal_composition/share/examples_rclcpp_minimal_composition/package.ps1'
[33.010s] INFO:colcon.colcon_core.shell:Creating package descriptor '/home/vboxuser/ros2_ws/install/examples_rclcpp_minimal_composition/share/examples_rclcpp_minimal_composition/package.dsv'
[33.011s] INFO:colcon.colcon_core.shell:Creating package script '/home/vboxuser/ros2_ws/install/examples_rclcpp_minimal_composition/share/examples_rclcpp_minimal_composition/package.sh'
[33.011s] INFO:colcon.colcon_core.shell:Creating package script '/home/vboxuser/ros2_ws/install/examples_rclcpp_minimal_composition/share/examples_rclcpp_minimal_composition/package.bash'
[33.012s] INFO:colcon.colcon_core.shell:Creating package script '/home/vboxuser/ros2_ws/install/examples_rclcpp_minimal_composition/share/examples_rclcpp_minimal_composition/package.zsh'
[33.013s] Level 1:colcon.colcon_core.environment:create_file_with_runtime_dependencies(/home/vboxuser/ros2_ws/install/examples_rclcpp_minimal_composition/share/colcon-core/packages/examples_rclcpp_minimal_composition)
[33.014s] Level 1:colcon.colcon_core.environment:create_environment_scripts_only(examples_rclcpp_minimal_composition)
[33.014s] Level 1:colcon.colcon_core.environment:checking '/home/vboxuser/ros2_ws/install/examples_rclcpp_minimal_composition' for CMake module files
[33.015s] Level 1:colcon.colcon_core.environment:checking '/home/vboxuser/ros2_ws/install/examples_rclcpp_minimal_composition' for CMake config files
[33.015s] Level 1:colcon.colcon_core.shell:create_environment_hook('examples_rclcpp_minimal_composition', 'cmake_prefix_path')
[33.015s] INFO:colcon.colcon_core.shell:Creating environment hook '/home/vboxuser/ros2_ws/install/examples_rclcpp_minimal_composition/share/examples_rclcpp_minimal_composition/hook/cmake_prefix_path.ps1'
[33.016s] INFO:colcon.colcon_core.shell:Creating environment descriptor '/home/vboxuser/ros2_ws/install/examples_rclcpp_minimal_composition/share/examples_rclcpp_minimal_composition/hook/cmake_prefix_path.dsv'
[33.017s] INFO:colcon.colcon_core.shell:Creating environment hook '/home/vboxuser/ros2_ws/install/examples_rclcpp_minimal_composition/share/examples_rclcpp_minimal_composition/hook/cmake_prefix_path.sh'
[33.035s] Level 1:colcon.colcon_core.environment:checking '/home/vboxuser/ros2_ws/install/examples_rclcpp_minimal_composition/lib'
[33.039s] Level 1:colcon.colcon_core.shell:create_environment_hook('examples_rclcpp_minimal_composition', 'ld_library_path_lib')
[33.040s] INFO:colcon.colcon_core.shell:Creating environment hook '/home/vboxuser/ros2_ws/install/examples_rclcpp_minimal_composition/share/examples_rclcpp_minimal_composition/hook/ld_library_path_lib.ps1'
[33.041s] INFO:colcon.colcon_core.shell:Creating environment descriptor '/home/vboxuser/ros2_ws/install/examples_rclcpp_minimal_composition/share/examples_rclcpp_minimal_composition/hook/ld_library_path_lib.dsv'
[33.046s] INFO:colcon.colcon_core.shell:Creating environment hook '/home/vboxuser/ros2_ws/install/examples_rclcpp_minimal_composition/share/examples_rclcpp_minimal_composition/hook/ld_library_path_lib.sh'
[33.047s] Level 1:colcon.colcon_core.environment:checking '/home/vboxuser/ros2_ws/install/examples_rclcpp_minimal_composition/bin'
[33.047s] Level 1:colcon.colcon_core.environment:checking '/home/vboxuser/ros2_ws/install/examples_rclcpp_minimal_composition/lib/pkgconfig/examples_rclcpp_minimal_composition.pc'
[33.047s] Level 1:colcon.colcon_core.environment:checking '/home/vboxuser/ros2_ws/install/examples_rclcpp_minimal_composition/lib/python3.10/site-packages'
[33.047s] Level 1:colcon.colcon_core.environment:checking '/home/vboxuser/ros2_ws/install/examples_rclcpp_minimal_composition/bin'
[33.048s] INFO:colcon.colcon_core.shell:Creating package script '/home/vboxuser/ros2_ws/install/examples_rclcpp_minimal_composition/share/examples_rclcpp_minimal_composition/package.ps1'
[33.049s] INFO:colcon.colcon_core.shell:Creating package descriptor '/home/vboxuser/ros2_ws/install/examples_rclcpp_minimal_composition/share/examples_rclcpp_minimal_composition/package.dsv'
[33.051s] INFO:colcon.colcon_core.shell:Creating package script '/home/vboxuser/ros2_ws/install/examples_rclcpp_minimal_composition/share/examples_rclcpp_minimal_composition/package.sh'
[33.061s] INFO:colcon.colcon_core.shell:Creating package script '/home/vboxuser/ros2_ws/install/examples_rclcpp_minimal_composition/share/examples_rclcpp_minimal_composition/package.bash'
[33.061s] INFO:colcon.colcon_core.shell:Creating package script '/home/vboxuser/ros2_ws/install/examples_rclcpp_minimal_composition/share/examples_rclcpp_minimal_composition/package.zsh'
[33.062s] Level 1:colcon.colcon_core.environment:create_file_with_runtime_dependencies(/home/vboxuser/ros2_ws/install/examples_rclcpp_minimal_composition/share/colcon-core/packages/examples_rclcpp_minimal_composition)
[33.076s] INFO:colcon.colcon_ros.task.ament_cmake.build:Building ROS package in '/home/vboxuser/ros2_ws/src/examples/rclcpp/timers/minimal_timer' with build type 'ament_cmake'
[33.087s] INFO:colcon.colcon_cmake.task.cmake.build:Building CMake package in '/home/vboxuser/ros2_ws/src/examples/rclcpp/timers/minimal_timer'
[33.087s] INFO:colcon.colcon_core.shell:Skip shell extension 'powershell' for command environment: Not usable outside of PowerShell
[33.087s] DEBUG:colcon.colcon_core.shell:Skip shell extension 'dsv' for command environment
[33.162s] Level 1:colcon.colcon_core.environment:create_environment_scripts_only(examples_rclcpp_minimal_publisher)
[33.163s] Level 1:colcon.colcon_core.environment:checking '/home/vboxuser/ros2_ws/install/examples_rclcpp_minimal_publisher' for CMake module files
[33.165s] Level 1:colcon.colcon_core.environment:checking '/home/vboxuser/ros2_ws/install/examples_rclcpp_minimal_publisher' for CMake config files
[33.165s] Level 1:colcon.colcon_core.shell:create_environment_hook('examples_rclcpp_minimal_publisher', 'cmake_prefix_path')
[33.166s] INFO:colcon.colcon_core.shell:Creating environment hook '/home/vboxuser/ros2_ws/install/examples_rclcpp_minimal_publisher/share/examples_rclcpp_minimal_publisher/hook/cmake_prefix_path.ps1'
[33.168s] DEBUG:colcon.colcon_core.event_handler.log_command:Invoked command in '/home/vboxuser/ros2_ws/build/examples_rclcpp_minimal_publisher' returned '0': CMAKE_PREFIX_PATH=${CMAKE_PREFIX_PATH}:/home/vboxuser/ros2_ws/install/py_pubsub:/home/vboxuser/ros2_ws/install/launch_testing_examples:/home/vboxuser/ros2_ws/install/examples_rclpy_pointcloud_publisher:/home/vboxuser/ros2_ws/install/examples_rclpy_minimal_subscriber:/home/vboxuser/ros2_ws/install/examples_rclpy_minimal_service:/home/vboxuser/ros2_ws/install/examples_rclpy_minimal_publisher:/home/vboxuser/ros2_ws/install/examples_rclpy_minimal_client:/home/vboxuser/ros2_ws/install/examples_rclpy_minimal_action_server:/home/vboxuser/ros2_ws/install/examples_rclpy_minimal_action_client:/home/vboxuser/ros2_ws/install/examples_rclpy_guard_conditions:/home/vboxuser/ros2_ws/install/examples_rclpy_executors:/home/vboxuser/ros2_ws/install/bms_visualizer:/opt/ros/iron:/home/vboxuser/ros2_iron/install/rqt_bag_plugins:/home/vboxuser/ros2_iron/install/rqt_bag:/home/vboxuser/ros2_iron/install/rosbag2_examples_py:/home/vboxuser/ros2_iron/install/launch_testing_examples:/home/vboxuser/ros2_iron/install/ros2bag:/home/vboxuser/ros2_iron/install/tracetools_test:/home/vboxuser/ros2_iron/install/tracetools_launch:/home/vboxuser/ros2_iron/install/topic_monitor:/home/vboxuser/ros2_iron/install/tf2_tools:/home/vboxuser/ros2_iron/install/examples_tf2_py:/home/vboxuser/ros2_iron/install/tf2_ros_py:/home/vboxuser/ros2_iron/install/examples_rclpy_pointcloud_publisher:/home/vboxuser/ros2_iron/install/sensor_msgs_py:/home/vboxuser/ros2_iron/install/quality_of_service_demo_py:/home/vboxuser/ros2_iron/install/rqt_plot:/home/vboxuser/ros2_iron/install/ros2doctor:/home/vboxuser/ros2_iron/install/lifecycle_py:/home/vboxuser/ros2_iron/install/examples_rclpy_minimal_subscriber:/home/vboxuser/ros2_iron/install/examples_rclpy_minimal_service:/home/vboxuser/ros2_iron/install/examples_rclpy_minimal_publisher:/home/vboxuser/ros2_iron/install/examples_rclpy_minimal_client:/home/vboxuser/ros2_iron/install/examples_rclpy_executors:/home/vboxuser/ros2_iron/install/demo_nodes_py:/home/vboxuser/ros2_iron/install/rqt:/home/vboxuser/ros2_iron/install/ros2component:/home/vboxuser/ros2_iron/install/sros2:/home/vboxuser/ros2_iron/install/rqt_topic:/home/vboxuser/ros2_iron/install/rqt_srv:/home/vboxuser/ros2_iron/install/rqt_shell:/home/vboxuser/ros2_iron/install/rqt_service_caller:/home/vboxuser/ros2_iron/install/rqt_reconfigure:/home/vboxuser/ros2_iron/install/rqt_py_console:/home/vboxuser/ros2_iron/install/rqt_publisher:/home/vboxuser/ros2_iron/install/rqt_action:/home/vboxuser/ros2_iron/install/rqt_msg:/home/vboxuser/ros2_iron/install/rqt_console:/home/vboxuser/ros2_iron/install/rqt_graph:/home/vboxuser/ros2_iron/install/rqt_gui_py:/home/vboxuser/ros2_iron/install/rqt_gui:/home/vboxuser/ros2_iron/install/ros2trace:/home/vboxuser/ros2_iron/install/ros2topic:/home/vboxuser/ros2_iron/install/ros2test:/home/vboxuser/ros2_iron/install/ros2param:/home/vboxuser/ros2_iron/install/ros2lifecycle:/home/vboxuser/ros2_iron/install/ros2service:/home/vboxuser/ros2_iron/install/ros2run:/home/vboxuser/ros2_iron/install/ros2launch:/home/vboxuser/ros2_iron/install/ros2pkg:/home/vboxuser/ros2_iron/install/ros2node:/home/vboxuser/ros2_iron/install/ros2multicast:/home/vboxuser/ros2_iron/install/ros2interface:/home/vboxuser/ros2_iron/install/ros2action:/home/vboxuser/ros2_iron/install/ros2cli:/home/vboxuser/ros2_iron/install/launch_testing_ros:/home/vboxuser/ros2_iron/install/launch_ros:/home/vboxuser/ros2_iron/install/examples_rclpy_minimal_action_server:/home/vboxuser/ros2_iron/install/examples_rclpy_minimal_action_client:/home/vboxuser/ros2_iron/install/examples_rclpy_guard_conditions:/home/vboxuser/ros2_iron/install/action_tutorials_py:/home/vboxuser/ros2_iron/install/ament_uncrustify:/home/vboxuser/ros2_iron/install/tracetools_trace:/home/vboxuser/ros2_iron/install/tracetools_read:/home/vboxuser/ros2_iron/install/test_tracetools_launch:/home/vboxuser/ros2_iron/install/test_ros2trace:/home/vboxuser/ros2_iron/install/test_launch_ros:/home/vboxuser/ros2_iron/install/rpyutils:/home/vboxuser/ros2_iron/install/rosidl_runtime_py:/home/vboxuser/ros2_iron/install/rosidl_pycommon:/home/vboxuser/ros2_iron/install/rosidl_cli:/home/vboxuser/ros2_iron/install/launch_pytest:/home/vboxuser/ros2_iron/install/launch_testing:/home/vboxuser/ros2_iron/install/launch_yaml:/home/vboxuser/ros2_iron/install/launch_xml:/home/vboxuser/ros2_iron/install/launch:/home/vboxuser/ros2_iron/install/osrf_pycommon:/home/vboxuser/ros2_iron/install/domain_coordinator:/home/vboxuser/ros2_iron/install/ament_xmllint:/home/vboxuser/ros2_iron/install/ament_pyflakes:/home/vboxuser/ros2_iron/install/ament_pycodestyle:/home/vboxuser/ros2_iron/install/ament_pep257:/home/vboxuser/ros2_iron/install/ament_pclint:/home/vboxuser/ros2_iron/install/ament_package:/home/vboxuser/ros2_iron/install/ament_mypy:/home/vboxuser/ros2_iron/install/ament_lint_cmake:/home/vboxuser/ros2_iron/install/ament_flake8:/home/vboxuser/ros2_iron/install/ament_copyright:/home/vboxuser/ros2_iron/install/ament_lint:/home/vboxuser/ros2_iron/install/ament_index_python:/home/vboxuser/ros2_iron/install/ament_cpplint:/home/vboxuser/ros2_iron/install/ament_cppcheck:/home/vboxuser/ros2_iron/install/ament_clang_tidy:/home/vboxuser/ros2_iron/install/ament_clang_format /usr/bin/cmake --install /home/vboxuser/ros2_ws/build/examples_rclcpp_minimal_publisher
[33.170s] INFO:colcon.colcon_core.shell:Creating environment descriptor '/home/vboxuser/ros2_ws/install/examples_rclcpp_minimal_publisher/share/examples_rclcpp_minimal_publisher/hook/cmake_prefix_path.dsv'
[33.171s] INFO:colcon.colcon_core.shell:Creating environment hook '/home/vboxuser/ros2_ws/install/examples_rclcpp_minimal_publisher/share/examples_rclcpp_minimal_publisher/hook/cmake_prefix_path.sh'
[33.171s] Level 1:colcon.colcon_core.environment:checking '/home/vboxuser/ros2_ws/install/examples_rclcpp_minimal_publisher/lib'
[33.171s] Level 1:colcon.colcon_core.environment:checking '/home/vboxuser/ros2_ws/install/examples_rclcpp_minimal_publisher/bin'
[33.172s] Level 1:colcon.colcon_core.environment:checking '/home/vboxuser/ros2_ws/install/examples_rclcpp_minimal_publisher/lib/pkgconfig/examples_rclcpp_minimal_publisher.pc'
[33.172s] Level 1:colcon.colcon_core.environment:checking '/home/vboxuser/ros2_ws/install/examples_rclcpp_minimal_publisher/lib/python3.10/site-packages'
[33.172s] Level 1:colcon.colcon_core.environment:checking '/home/vboxuser/ros2_ws/install/examples_rclcpp_minimal_publisher/bin'
[33.173s] INFO:colcon.colcon_core.shell:Creating package script '/home/vboxuser/ros2_ws/install/examples_rclcpp_minimal_publisher/share/examples_rclcpp_minimal_publisher/package.ps1'
[33.174s] INFO:colcon.colcon_core.shell:Creating package descriptor '/home/vboxuser/ros2_ws/install/examples_rclcpp_minimal_publisher/share/examples_rclcpp_minimal_publisher/package.dsv'
[33.174s] INFO:colcon.colcon_core.shell:Creating package script '/home/vboxuser/ros2_ws/install/examples_rclcpp_minimal_publisher/share/examples_rclcpp_minimal_publisher/package.sh'
[33.175s] INFO:colcon.colcon_core.shell:Creating package script '/home/vboxuser/ros2_ws/install/examples_rclcpp_minimal_publisher/share/examples_rclcpp_minimal_publisher/package.bash'
[33.175s] INFO:colcon.colcon_core.shell:Creating package script '/home/vboxuser/ros2_ws/install/examples_rclcpp_minimal_publisher/share/examples_rclcpp_minimal_publisher/package.zsh'
[33.176s] Level 1:colcon.colcon_core.environment:create_file_with_runtime_dependencies(/home/vboxuser/ros2_ws/install/examples_rclcpp_minimal_publisher/share/colcon-core/packages/examples_rclcpp_minimal_publisher)
[33.176s] Level 1:colcon.colcon_core.environment:create_environment_scripts_only(examples_rclcpp_minimal_publisher)
[33.177s] Level 1:colcon.colcon_core.environment:checking '/home/vboxuser/ros2_ws/install/examples_rclcpp_minimal_publisher' for CMake module files
[33.181s] Level 1:colcon.colcon_core.environment:checking '/home/vboxuser/ros2_ws/install/examples_rclcpp_minimal_publisher' for CMake config files
[33.181s] Level 1:colcon.colcon_core.shell:create_environment_hook('examples_rclcpp_minimal_publisher', 'cmake_prefix_path')
[33.182s] INFO:colcon.colcon_core.shell:Creating environment hook '/home/vboxuser/ros2_ws/install/examples_rclcpp_minimal_publisher/share/examples_rclcpp_minimal_publisher/hook/cmake_prefix_path.ps1'
[33.212s] INFO:colcon.colcon_core.shell:Creating environment descriptor '/home/vboxuser/ros2_ws/install/examples_rclcpp_minimal_publisher/share/examples_rclcpp_minimal_publisher/hook/cmake_prefix_path.dsv'
[33.213s] INFO:colcon.colcon_core.shell:Creating environment hook '/home/vboxuser/ros2_ws/install/examples_rclcpp_minimal_publisher/share/examples_rclcpp_minimal_publisher/hook/cmake_prefix_path.sh'
[33.221s] Level 1:colcon.colcon_core.environment:checking '/home/vboxuser/ros2_ws/install/examples_rclcpp_minimal_publisher/lib'
[33.221s] Level 1:colcon.colcon_core.environment:checking '/home/vboxuser/ros2_ws/install/examples_rclcpp_minimal_publisher/bin'
[33.222s] Level 1:colcon.colcon_core.environment:checking '/home/vboxuser/ros2_ws/install/examples_rclcpp_minimal_publisher/lib/pkgconfig/examples_rclcpp_minimal_publisher.pc'
[33.222s] Level 1:colcon.colcon_core.environment:checking '/home/vboxuser/ros2_ws/install/examples_rclcpp_minimal_publisher/lib/python3.10/site-packages'
[33.223s] Level 1:colcon.colcon_core.environment:checking '/home/vboxuser/ros2_ws/install/examples_rclcpp_minimal_publisher/bin'
[33.224s] INFO:colcon.colcon_core.shell:Creating package script '/home/vboxuser/ros2_ws/install/examples_rclcpp_minimal_publisher/share/examples_rclcpp_minimal_publisher/package.ps1'
[33.226s] INFO:colcon.colcon_core.shell:Creating package descriptor '/home/vboxuser/ros2_ws/install/examples_rclcpp_minimal_publisher/share/examples_rclcpp_minimal_publisher/package.dsv'
[33.227s] INFO:colcon.colcon_core.shell:Creating package script '/home/vboxuser/ros2_ws/install/examples_rclcpp_minimal_publisher/share/examples_rclcpp_minimal_publisher/package.sh'
[33.227s] INFO:colcon.colcon_core.shell:Creating package script '/home/vboxuser/ros2_ws/install/examples_rclcpp_minimal_publisher/share/examples_rclcpp_minimal_publisher/package.bash'
[33.227s] INFO:colcon.colcon_core.shell:Creating package script '/home/vboxuser/ros2_ws/install/examples_rclcpp_minimal_publisher/share/examples_rclcpp_minimal_publisher/package.zsh'
[33.231s] Level 1:colcon.colcon_core.environment:create_file_with_runtime_dependencies(/home/vboxuser/ros2_ws/install/examples_rclcpp_minimal_publisher/share/colcon-core/packages/examples_rclcpp_minimal_publisher)
[33.232s] INFO:colcon.colcon_ros.task.ament_cmake.build:Building ROS package in '/home/vboxuser/ros2_ws/src/examples/rclcpp/executors/multithreaded_executor' with build type 'ament_cmake'
[33.232s] INFO:colcon.colcon_cmake.task.cmake.build:Building CMake package in '/home/vboxuser/ros2_ws/src/examples/rclcpp/executors/multithreaded_executor'
[33.232s] INFO:colcon.colcon_core.shell:Skip shell extension 'powershell' for command environment: Not usable outside of PowerShell
[33.232s] DEBUG:colcon.colcon_core.shell:Skip shell extension 'dsv' for command environment
[33.398s] DEBUG:colcon.colcon_core.event_handler.log_command:Invoking command in '/home/vboxuser/ros2_ws/build/examples_rclcpp_minimal_timer': CMAKE_PREFIX_PATH=${CMAKE_PREFIX_PATH}:/home/vboxuser/ros2_ws/install/py_pubsub:/home/vboxuser/ros2_ws/install/launch_testing_examples:/home/vboxuser/ros2_ws/install/examples_rclpy_pointcloud_publisher:/home/vboxuser/ros2_ws/install/examples_rclpy_minimal_subscriber:/home/vboxuser/ros2_ws/install/examples_rclpy_minimal_service:/home/vboxuser/ros2_ws/install/examples_rclpy_minimal_publisher:/home/vboxuser/ros2_ws/install/examples_rclpy_minimal_client:/home/vboxuser/ros2_ws/install/examples_rclpy_minimal_action_server:/home/vboxuser/ros2_ws/install/examples_rclpy_minimal_action_client:/home/vboxuser/ros2_ws/install/examples_rclpy_guard_conditions:/home/vboxuser/ros2_ws/install/examples_rclpy_executors:/home/vboxuser/ros2_ws/install/bms_visualizer:/opt/ros/iron:/home/vboxuser/ros2_iron/install/rqt_bag_plugins:/home/vboxuser/ros2_iron/install/rqt_bag:/home/vboxuser/ros2_iron/install/rosbag2_examples_py:/home/vboxuser/ros2_iron/install/launch_testing_examples:/home/vboxuser/ros2_iron/install/ros2bag:/home/vboxuser/ros2_iron/install/tracetools_test:/home/vboxuser/ros2_iron/install/tracetools_launch:/home/vboxuser/ros2_iron/install/topic_monitor:/home/vboxuser/ros2_iron/install/tf2_tools:/home/vboxuser/ros2_iron/install/examples_tf2_py:/home/vboxuser/ros2_iron/install/tf2_ros_py:/home/vboxuser/ros2_iron/install/examples_rclpy_pointcloud_publisher:/home/vboxuser/ros2_iron/install/sensor_msgs_py:/home/vboxuser/ros2_iron/install/quality_of_service_demo_py:/home/vboxuser/ros2_iron/install/rqt_plot:/home/vboxuser/ros2_iron/install/ros2doctor:/home/vboxuser/ros2_iron/install/lifecycle_py:/home/vboxuser/ros2_iron/install/examples_rclpy_minimal_subscriber:/home/vboxuser/ros2_iron/install/examples_rclpy_minimal_service:/home/vboxuser/ros2_iron/install/examples_rclpy_minimal_publisher:/home/vboxuser/ros2_iron/install/examples_rclpy_minimal_client:/home/vboxuser/ros2_iron/install/examples_rclpy_executors:/home/vboxuser/ros2_iron/install/demo_nodes_py:/home/vboxuser/ros2_iron/install/rqt:/home/vboxuser/ros2_iron/install/ros2component:/home/vboxuser/ros2_iron/install/sros2:/home/vboxuser/ros2_iron/install/rqt_topic:/home/vboxuser/ros2_iron/install/rqt_srv:/home/vboxuser/ros2_iron/install/rqt_shell:/home/vboxuser/ros2_iron/install/rqt_service_caller:/home/vboxuser/ros2_iron/install/rqt_reconfigure:/home/vboxuser/ros2_iron/install/rqt_py_console:/home/vboxuser/ros2_iron/install/rqt_publisher:/home/vboxuser/ros2_iron/install/rqt_action:/home/vboxuser/ros2_iron/install/rqt_msg:/home/vboxuser/ros2_iron/install/rqt_console:/home/vboxuser/ros2_iron/install/rqt_graph:/home/vboxuser/ros2_iron/install/rqt_gui_py:/home/vboxuser/ros2_iron/install/rqt_gui:/home/vboxuser/ros2_iron/install/ros2trace:/home/vboxuser/ros2_iron/install/ros2topic:/home/vboxuser/ros2_iron/install/ros2test:/home/vboxuser/ros2_iron/install/ros2param:/home/vboxuser/ros2_iron/install/ros2lifecycle:/home/vboxuser/ros2_iron/install/ros2service:/home/vboxuser/ros2_iron/install/ros2run:/home/vboxuser/ros2_iron/install/ros2launch:/home/vboxuser/ros2_iron/install/ros2pkg:/home/vboxuser/ros2_iron/install/ros2node:/home/vboxuser/ros2_iron/install/ros2multicast:/home/vboxuser/ros2_iron/install/ros2interface:/home/vboxuser/ros2_iron/install/ros2action:/home/vboxuser/ros2_iron/install/ros2cli:/home/vboxuser/ros2_iron/install/launch_testing_ros:/home/vboxuser/ros2_iron/install/launch_ros:/home/vboxuser/ros2_iron/install/examples_rclpy_minimal_action_server:/home/vboxuser/ros2_iron/install/examples_rclpy_minimal_action_client:/home/vboxuser/ros2_iron/install/examples_rclpy_guard_conditions:/home/vboxuser/ros2_iron/install/action_tutorials_py:/home/vboxuser/ros2_iron/install/ament_uncrustify:/home/vboxuser/ros2_iron/install/tracetools_trace:/home/vboxuser/ros2_iron/install/tracetools_read:/home/vboxuser/ros2_iron/install/test_tracetools_launch:/home/vboxuser/ros2_iron/install/test_ros2trace:/home/vboxuser/ros2_iron/install/test_launch_ros:/home/vboxuser/ros2_iron/install/rpyutils:/home/vboxuser/ros2_iron/install/rosidl_runtime_py:/home/vboxuser/ros2_iron/install/rosidl_pycommon:/home/vboxuser/ros2_iron/install/rosidl_cli:/home/vboxuser/ros2_iron/install/launch_pytest:/home/vboxuser/ros2_iron/install/launch_testing:/home/vboxuser/ros2_iron/install/launch_yaml:/home/vboxuser/ros2_iron/install/launch_xml:/home/vboxuser/ros2_iron/install/launch:/home/vboxuser/ros2_iron/install/osrf_pycommon:/home/vboxuser/ros2_iron/install/domain_coordinator:/home/vboxuser/ros2_iron/install/ament_xmllint:/home/vboxuser/ros2_iron/install/ament_pyflakes:/home/vboxuser/ros2_iron/install/ament_pycodestyle:/home/vboxuser/ros2_iron/install/ament_pep257:/home/vboxuser/ros2_iron/install/ament_pclint:/home/vboxuser/ros2_iron/install/ament_package:/home/vboxuser/ros2_iron/install/ament_mypy:/home/vboxuser/ros2_iron/install/ament_lint_cmake:/home/vboxuser/ros2_iron/install/ament_flake8:/home/vboxuser/ros2_iron/install/ament_copyright:/home/vboxuser/ros2_iron/install/ament_lint:/home/vboxuser/ros2_iron/install/ament_index_python:/home/vboxuser/ros2_iron/install/ament_cpplint:/home/vboxuser/ros2_iron/install/ament_cppcheck:/home/vboxuser/ros2_iron/install/ament_clang_tidy:/home/vboxuser/ros2_iron/install/ament_clang_format /usr/bin/cmake --build /home/vboxuser/ros2_ws/build/examples_rclcpp_minimal_timer -- -j4 -l4
[33.476s] DEBUG:colcon.colcon_core.event_handler.log_command:Invoking command in '/home/vboxuser/ros2_ws/build/examples_rclcpp_multithreaded_executor': CMAKE_PREFIX_PATH=${CMAKE_PREFIX_PATH}:/home/vboxuser/ros2_ws/install/py_pubsub:/home/vboxuser/ros2_ws/install/launch_testing_examples:/home/vboxuser/ros2_ws/install/examples_rclpy_pointcloud_publisher:/home/vboxuser/ros2_ws/install/examples_rclpy_minimal_subscriber:/home/vboxuser/ros2_ws/install/examples_rclpy_minimal_service:/home/vboxuser/ros2_ws/install/examples_rclpy_minimal_publisher:/home/vboxuser/ros2_ws/install/examples_rclpy_minimal_client:/home/vboxuser/ros2_ws/install/examples_rclpy_minimal_action_server:/home/vboxuser/ros2_ws/install/examples_rclpy_minimal_action_client:/home/vboxuser/ros2_ws/install/examples_rclpy_guard_conditions:/home/vboxuser/ros2_ws/install/examples_rclpy_executors:/home/vboxuser/ros2_ws/install/bms_visualizer:/opt/ros/iron:/home/vboxuser/ros2_iron/install/rqt_bag_plugins:/home/vboxuser/ros2_iron/install/rqt_bag:/home/vboxuser/ros2_iron/install/rosbag2_examples_py:/home/vboxuser/ros2_iron/install/launch_testing_examples:/home/vboxuser/ros2_iron/install/ros2bag:/home/vboxuser/ros2_iron/install/tracetools_test:/home/vboxuser/ros2_iron/install/tracetools_launch:/home/vboxuser/ros2_iron/install/topic_monitor:/home/vboxuser/ros2_iron/install/tf2_tools:/home/vboxuser/ros2_iron/install/examples_tf2_py:/home/vboxuser/ros2_iron/install/tf2_ros_py:/home/vboxuser/ros2_iron/install/examples_rclpy_pointcloud_publisher:/home/vboxuser/ros2_iron/install/sensor_msgs_py:/home/vboxuser/ros2_iron/install/quality_of_service_demo_py:/home/vboxuser/ros2_iron/install/rqt_plot:/home/vboxuser/ros2_iron/install/ros2doctor:/home/vboxuser/ros2_iron/install/lifecycle_py:/home/vboxuser/ros2_iron/install/examples_rclpy_minimal_subscriber:/home/vboxuser/ros2_iron/install/examples_rclpy_minimal_service:/home/vboxuser/ros2_iron/install/examples_rclpy_minimal_publisher:/home/vboxuser/ros2_iron/install/examples_rclpy_minimal_client:/home/vboxuser/ros2_iron/install/examples_rclpy_executors:/home/vboxuser/ros2_iron/install/demo_nodes_py:/home/vboxuser/ros2_iron/install/rqt:/home/vboxuser/ros2_iron/install/ros2component:/home/vboxuser/ros2_iron/install/sros2:/home/vboxuser/ros2_iron/install/rqt_topic:/home/vboxuser/ros2_iron/install/rqt_srv:/home/vboxuser/ros2_iron/install/rqt_shell:/home/vboxuser/ros2_iron/install/rqt_service_caller:/home/vboxuser/ros2_iron/install/rqt_reconfigure:/home/vboxuser/ros2_iron/install/rqt_py_console:/home/vboxuser/ros2_iron/install/rqt_publisher:/home/vboxuser/ros2_iron/install/rqt_action:/home/vboxuser/ros2_iron/install/rqt_msg:/home/vboxuser/ros2_iron/install/rqt_console:/home/vboxuser/ros2_iron/install/rqt_graph:/home/vboxuser/ros2_iron/install/rqt_gui_py:/home/vboxuser/ros2_iron/install/rqt_gui:/home/vboxuser/ros2_iron/install/ros2trace:/home/vboxuser/ros2_iron/install/ros2topic:/home/vboxuser/ros2_iron/install/ros2test:/home/vboxuser/ros2_iron/install/ros2param:/home/vboxuser/ros2_iron/install/ros2lifecycle:/home/vboxuser/ros2_iron/install/ros2service:/home/vboxuser/ros2_iron/install/ros2run:/home/vboxuser/ros2_iron/install/ros2launch:/home/vboxuser/ros2_iron/install/ros2pkg:/home/vboxuser/ros2_iron/install/ros2node:/home/vboxuser/ros2_iron/install/ros2multicast:/home/vboxuser/ros2_iron/install/ros2interface:/home/vboxuser/ros2_iron/install/ros2action:/home/vboxuser/ros2_iron/install/ros2cli:/home/vboxuser/ros2_iron/install/launch_testing_ros:/home/vboxuser/ros2_iron/install/launch_ros:/home/vboxuser/ros2_iron/install/examples_rclpy_minimal_action_server:/home/vboxuser/ros2_iron/install/examples_rclpy_minimal_action_client:/home/vboxuser/ros2_iron/install/examples_rclpy_guard_conditions:/home/vboxuser/ros2_iron/install/action_tutorials_py:/home/vboxuser/ros2_iron/install/ament_uncrustify:/home/vboxuser/ros2_iron/install/tracetools_trace:/home/vboxuser/ros2_iron/install/tracetools_read:/home/vboxuser/ros2_iron/install/test_tracetools_launch:/home/vboxuser/ros2_iron/install/test_ros2trace:/home/vboxuser/ros2_iron/install/test_launch_ros:/home/vboxuser/ros2_iron/install/rpyutils:/home/vboxuser/ros2_iron/install/rosidl_runtime_py:/home/vboxuser/ros2_iron/install/rosidl_pycommon:/home/vboxuser/ros2_iron/install/rosidl_cli:/home/vboxuser/ros2_iron/install/launch_pytest:/home/vboxuser/ros2_iron/install/launch_testing:/home/vboxuser/ros2_iron/install/launch_yaml:/home/vboxuser/ros2_iron/install/launch_xml:/home/vboxuser/ros2_iron/install/launch:/home/vboxuser/ros2_iron/install/osrf_pycommon:/home/vboxuser/ros2_iron/install/domain_coordinator:/home/vboxuser/ros2_iron/install/ament_xmllint:/home/vboxuser/ros2_iron/install/ament_pyflakes:/home/vboxuser/ros2_iron/install/ament_pycodestyle:/home/vboxuser/ros2_iron/install/ament_pep257:/home/vboxuser/ros2_iron/install/ament_pclint:/home/vboxuser/ros2_iron/install/ament_package:/home/vboxuser/ros2_iron/install/ament_mypy:/home/vboxuser/ros2_iron/install/ament_lint_cmake:/home/vboxuser/ros2_iron/install/ament_flake8:/home/vboxuser/ros2_iron/install/ament_copyright:/home/vboxuser/ros2_iron/install/ament_lint:/home/vboxuser/ros2_iron/install/ament_index_python:/home/vboxuser/ros2_iron/install/ament_cpplint:/home/vboxuser/ros2_iron/install/ament_cppcheck:/home/vboxuser/ros2_iron/install/ament_clang_tidy:/home/vboxuser/ros2_iron/install/ament_clang_format /usr/bin/cmake --build /home/vboxuser/ros2_ws/build/examples_rclcpp_multithreaded_executor -- -j4 -l4
[33.575s] DEBUG:colcon.colcon_core.event_handler.log_command:Invoked command in '/home/vboxuser/ros2_ws/build/examples_rclcpp_minimal_service' returned '0': CMAKE_PREFIX_PATH=${CMAKE_PREFIX_PATH}:/home/vboxuser/ros2_ws/install/py_pubsub:/home/vboxuser/ros2_ws/install/launch_testing_examples:/home/vboxuser/ros2_ws/install/examples_rclpy_pointcloud_publisher:/home/vboxuser/ros2_ws/install/examples_rclpy_minimal_subscriber:/home/vboxuser/ros2_ws/install/examples_rclpy_minimal_service:/home/vboxuser/ros2_ws/install/examples_rclpy_minimal_publisher:/home/vboxuser/ros2_ws/install/examples_rclpy_minimal_client:/home/vboxuser/ros2_ws/install/examples_rclpy_minimal_action_server:/home/vboxuser/ros2_ws/install/examples_rclpy_minimal_action_client:/home/vboxuser/ros2_ws/install/examples_rclpy_guard_conditions:/home/vboxuser/ros2_ws/install/examples_rclpy_executors:/home/vboxuser/ros2_ws/install/bms_visualizer:/opt/ros/iron:/home/vboxuser/ros2_iron/install/rqt_bag_plugins:/home/vboxuser/ros2_iron/install/rqt_bag:/home/vboxuser/ros2_iron/install/rosbag2_examples_py:/home/vboxuser/ros2_iron/install/launch_testing_examples:/home/vboxuser/ros2_iron/install/ros2bag:/home/vboxuser/ros2_iron/install/tracetools_test:/home/vboxuser/ros2_iron/install/tracetools_launch:/home/vboxuser/ros2_iron/install/topic_monitor:/home/vboxuser/ros2_iron/install/tf2_tools:/home/vboxuser/ros2_iron/install/examples_tf2_py:/home/vboxuser/ros2_iron/install/tf2_ros_py:/home/vboxuser/ros2_iron/install/examples_rclpy_pointcloud_publisher:/home/vboxuser/ros2_iron/install/sensor_msgs_py:/home/vboxuser/ros2_iron/install/quality_of_service_demo_py:/home/vboxuser/ros2_iron/install/rqt_plot:/home/vboxuser/ros2_iron/install/ros2doctor:/home/vboxuser/ros2_iron/install/lifecycle_py:/home/vboxuser/ros2_iron/install/examples_rclpy_minimal_subscriber:/home/vboxuser/ros2_iron/install/examples_rclpy_minimal_service:/home/vboxuser/ros2_iron/install/examples_rclpy_minimal_publisher:/home/vboxuser/ros2_iron/install/examples_rclpy_minimal_client:/home/vboxuser/ros2_iron/install/examples_rclpy_executors:/home/vboxuser/ros2_iron/install/demo_nodes_py:/home/vboxuser/ros2_iron/install/rqt:/home/vboxuser/ros2_iron/install/ros2component:/home/vboxuser/ros2_iron/install/sros2:/home/vboxuser/ros2_iron/install/rqt_topic:/home/vboxuser/ros2_iron/install/rqt_srv:/home/vboxuser/ros2_iron/install/rqt_shell:/home/vboxuser/ros2_iron/install/rqt_service_caller:/home/vboxuser/ros2_iron/install/rqt_reconfigure:/home/vboxuser/ros2_iron/install/rqt_py_console:/home/vboxuser/ros2_iron/install/rqt_publisher:/home/vboxuser/ros2_iron/install/rqt_action:/home/vboxuser/ros2_iron/install/rqt_msg:/home/vboxuser/ros2_iron/install/rqt_console:/home/vboxuser/ros2_iron/install/rqt_graph:/home/vboxuser/ros2_iron/install/rqt_gui_py:/home/vboxuser/ros2_iron/install/rqt_gui:/home/vboxuser/ros2_iron/install/ros2trace:/home/vboxuser/ros2_iron/install/ros2topic:/home/vboxuser/ros2_iron/install/ros2test:/home/vboxuser/ros2_iron/install/ros2param:/home/vboxuser/ros2_iron/install/ros2lifecycle:/home/vboxuser/ros2_iron/install/ros2service:/home/vboxuser/ros2_iron/install/ros2run:/home/vboxuser/ros2_iron/install/ros2launch:/home/vboxuser/ros2_iron/install/ros2pkg:/home/vboxuser/ros2_iron/install/ros2node:/home/vboxuser/ros2_iron/install/ros2multicast:/home/vboxuser/ros2_iron/install/ros2interface:/home/vboxuser/ros2_iron/install/ros2action:/home/vboxuser/ros2_iron/install/ros2cli:/home/vboxuser/ros2_iron/install/launch_testing_ros:/home/vboxuser/ros2_iron/install/launch_ros:/home/vboxuser/ros2_iron/install/examples_rclpy_minimal_action_server:/home/vboxuser/ros2_iron/install/examples_rclpy_minimal_action_client:/home/vboxuser/ros2_iron/install/examples_rclpy_guard_conditions:/home/vboxuser/ros2_iron/install/action_tutorials_py:/home/vboxuser/ros2_iron/install/ament_uncrustify:/home/vboxuser/ros2_iron/install/tracetools_trace:/home/vboxuser/ros2_iron/install/tracetools_read:/home/vboxuser/ros2_iron/install/test_tracetools_launch:/home/vboxuser/ros2_iron/install/test_ros2trace:/home/vboxuser/ros2_iron/install/test_launch_ros:/home/vboxuser/ros2_iron/install/rpyutils:/home/vboxuser/ros2_iron/install/rosidl_runtime_py:/home/vboxuser/ros2_iron/install/rosidl_pycommon:/home/vboxuser/ros2_iron/install/rosidl_cli:/home/vboxuser/ros2_iron/install/launch_pytest:/home/vboxuser/ros2_iron/install/launch_testing:/home/vboxuser/ros2_iron/install/launch_yaml:/home/vboxuser/ros2_iron/install/launch_xml:/home/vboxuser/ros2_iron/install/launch:/home/vboxuser/ros2_iron/install/osrf_pycommon:/home/vboxuser/ros2_iron/install/domain_coordinator:/home/vboxuser/ros2_iron/install/ament_xmllint:/home/vboxuser/ros2_iron/install/ament_pyflakes:/home/vboxuser/ros2_iron/install/ament_pycodestyle:/home/vboxuser/ros2_iron/install/ament_pep257:/home/vboxuser/ros2_iron/install/ament_pclint:/home/vboxuser/ros2_iron/install/ament_package:/home/vboxuser/ros2_iron/install/ament_mypy:/home/vboxuser/ros2_iron/install/ament_lint_cmake:/home/vboxuser/ros2_iron/install/ament_flake8:/home/vboxuser/ros2_iron/install/ament_copyright:/home/vboxuser/ros2_iron/install/ament_lint:/home/vboxuser/ros2_iron/install/ament_index_python:/home/vboxuser/ros2_iron/install/ament_cpplint:/home/vboxuser/ros2_iron/install/ament_cppcheck:/home/vboxuser/ros2_iron/install/ament_clang_tidy:/home/vboxuser/ros2_iron/install/ament_clang_format /usr/bin/cmake --build /home/vboxuser/ros2_ws/build/examples_rclcpp_minimal_service -- -j4 -l4
[33.597s] DEBUG:colcon.colcon_core.event_handler.log_command:Invoking command in '/home/vboxuser/ros2_ws/build/examples_rclcpp_minimal_service': CMAKE_PREFIX_PATH=${CMAKE_PREFIX_PATH}:/home/vboxuser/ros2_ws/install/py_pubsub:/home/vboxuser/ros2_ws/install/launch_testing_examples:/home/vboxuser/ros2_ws/install/examples_rclpy_pointcloud_publisher:/home/vboxuser/ros2_ws/install/examples_rclpy_minimal_subscriber:/home/vboxuser/ros2_ws/install/examples_rclpy_minimal_service:/home/vboxuser/ros2_ws/install/examples_rclpy_minimal_publisher:/home/vboxuser/ros2_ws/install/examples_rclpy_minimal_client:/home/vboxuser/ros2_ws/install/examples_rclpy_minimal_action_server:/home/vboxuser/ros2_ws/install/examples_rclpy_minimal_action_client:/home/vboxuser/ros2_ws/install/examples_rclpy_guard_conditions:/home/vboxuser/ros2_ws/install/examples_rclpy_executors:/home/vboxuser/ros2_ws/install/bms_visualizer:/opt/ros/iron:/home/vboxuser/ros2_iron/install/rqt_bag_plugins:/home/vboxuser/ros2_iron/install/rqt_bag:/home/vboxuser/ros2_iron/install/rosbag2_examples_py:/home/vboxuser/ros2_iron/install/launch_testing_examples:/home/vboxuser/ros2_iron/install/ros2bag:/home/vboxuser/ros2_iron/install/tracetools_test:/home/vboxuser/ros2_iron/install/tracetools_launch:/home/vboxuser/ros2_iron/install/topic_monitor:/home/vboxuser/ros2_iron/install/tf2_tools:/home/vboxuser/ros2_iron/install/examples_tf2_py:/home/vboxuser/ros2_iron/install/tf2_ros_py:/home/vboxuser/ros2_iron/install/examples_rclpy_pointcloud_publisher:/home/vboxuser/ros2_iron/install/sensor_msgs_py:/home/vboxuser/ros2_iron/install/quality_of_service_demo_py:/home/vboxuser/ros2_iron/install/rqt_plot:/home/vboxuser/ros2_iron/install/ros2doctor:/home/vboxuser/ros2_iron/install/lifecycle_py:/home/vboxuser/ros2_iron/install/examples_rclpy_minimal_subscriber:/home/vboxuser/ros2_iron/install/examples_rclpy_minimal_service:/home/vboxuser/ros2_iron/install/examples_rclpy_minimal_publisher:/home/vboxuser/ros2_iron/install/examples_rclpy_minimal_client:/home/vboxuser/ros2_iron/install/examples_rclpy_executors:/home/vboxuser/ros2_iron/install/demo_nodes_py:/home/vboxuser/ros2_iron/install/rqt:/home/vboxuser/ros2_iron/install/ros2component:/home/vboxuser/ros2_iron/install/sros2:/home/vboxuser/ros2_iron/install/rqt_topic:/home/vboxuser/ros2_iron/install/rqt_srv:/home/vboxuser/ros2_iron/install/rqt_shell:/home/vboxuser/ros2_iron/install/rqt_service_caller:/home/vboxuser/ros2_iron/install/rqt_reconfigure:/home/vboxuser/ros2_iron/install/rqt_py_console:/home/vboxuser/ros2_iron/install/rqt_publisher:/home/vboxuser/ros2_iron/install/rqt_action:/home/vboxuser/ros2_iron/install/rqt_msg:/home/vboxuser/ros2_iron/install/rqt_console:/home/vboxuser/ros2_iron/install/rqt_graph:/home/vboxuser/ros2_iron/install/rqt_gui_py:/home/vboxuser/ros2_iron/install/rqt_gui:/home/vboxuser/ros2_iron/install/ros2trace:/home/vboxuser/ros2_iron/install/ros2topic:/home/vboxuser/ros2_iron/install/ros2test:/home/vboxuser/ros2_iron/install/ros2param:/home/vboxuser/ros2_iron/install/ros2lifecycle:/home/vboxuser/ros2_iron/install/ros2service:/home/vboxuser/ros2_iron/install/ros2run:/home/vboxuser/ros2_iron/install/ros2launch:/home/vboxuser/ros2_iron/install/ros2pkg:/home/vboxuser/ros2_iron/install/ros2node:/home/vboxuser/ros2_iron/install/ros2multicast:/home/vboxuser/ros2_iron/install/ros2interface:/home/vboxuser/ros2_iron/install/ros2action:/home/vboxuser/ros2_iron/install/ros2cli:/home/vboxuser/ros2_iron/install/launch_testing_ros:/home/vboxuser/ros2_iron/install/launch_ros:/home/vboxuser/ros2_iron/install/examples_rclpy_minimal_action_server:/home/vboxuser/ros2_iron/install/examples_rclpy_minimal_action_client:/home/vboxuser/ros2_iron/install/examples_rclpy_guard_conditions:/home/vboxuser/ros2_iron/install/action_tutorials_py:/home/vboxuser/ros2_iron/install/ament_uncrustify:/home/vboxuser/ros2_iron/install/tracetools_trace:/home/vboxuser/ros2_iron/install/tracetools_read:/home/vboxuser/ros2_iron/install/test_tracetools_launch:/home/vboxuser/ros2_iron/install/test_ros2trace:/home/vboxuser/ros2_iron/install/test_launch_ros:/home/vboxuser/ros2_iron/install/rpyutils:/home/vboxuser/ros2_iron/install/rosidl_runtime_py:/home/vboxuser/ros2_iron/install/rosidl_pycommon:/home/vboxuser/ros2_iron/install/rosidl_cli:/home/vboxuser/ros2_iron/install/launch_pytest:/home/vboxuser/ros2_iron/install/launch_testing:/home/vboxuser/ros2_iron/install/launch_yaml:/home/vboxuser/ros2_iron/install/launch_xml:/home/vboxuser/ros2_iron/install/launch:/home/vboxuser/ros2_iron/install/osrf_pycommon:/home/vboxuser/ros2_iron/install/domain_coordinator:/home/vboxuser/ros2_iron/install/ament_xmllint:/home/vboxuser/ros2_iron/install/ament_pyflakes:/home/vboxuser/ros2_iron/install/ament_pycodestyle:/home/vboxuser/ros2_iron/install/ament_pep257:/home/vboxuser/ros2_iron/install/ament_pclint:/home/vboxuser/ros2_iron/install/ament_package:/home/vboxuser/ros2_iron/install/ament_mypy:/home/vboxuser/ros2_iron/install/ament_lint_cmake:/home/vboxuser/ros2_iron/install/ament_flake8:/home/vboxuser/ros2_iron/install/ament_copyright:/home/vboxuser/ros2_iron/install/ament_lint:/home/vboxuser/ros2_iron/install/ament_index_python:/home/vboxuser/ros2_iron/install/ament_cpplint:/home/vboxuser/ros2_iron/install/ament_cppcheck:/home/vboxuser/ros2_iron/install/ament_clang_tidy:/home/vboxuser/ros2_iron/install/ament_clang_format /usr/bin/cmake --install /home/vboxuser/ros2_ws/build/examples_rclcpp_minimal_service
[33.766s] Level 1:colcon.colcon_core.environment:create_environment_scripts_only(examples_rclcpp_minimal_service)
[33.766s] Level 1:colcon.colcon_core.environment:checking '/home/vboxuser/ros2_ws/install/examples_rclcpp_minimal_service' for CMake module files
[33.767s] Level 1:colcon.colcon_core.environment:checking '/home/vboxuser/ros2_ws/install/examples_rclcpp_minimal_service' for CMake config files
[33.770s] Level 1:colcon.colcon_core.shell:create_environment_hook('examples_rclcpp_minimal_service', 'cmake_prefix_path')
[33.772s] DEBUG:colcon.colcon_core.event_handler.log_command:Invoked command in '/home/vboxuser/ros2_ws/build/examples_rclcpp_minimal_service' returned '0': CMAKE_PREFIX_PATH=${CMAKE_PREFIX_PATH}:/home/vboxuser/ros2_ws/install/py_pubsub:/home/vboxuser/ros2_ws/install/launch_testing_examples:/home/vboxuser/ros2_ws/install/examples_rclpy_pointcloud_publisher:/home/vboxuser/ros2_ws/install/examples_rclpy_minimal_subscriber:/home/vboxuser/ros2_ws/install/examples_rclpy_minimal_service:/home/vboxuser/ros2_ws/install/examples_rclpy_minimal_publisher:/home/vboxuser/ros2_ws/install/examples_rclpy_minimal_client:/home/vboxuser/ros2_ws/install/examples_rclpy_minimal_action_server:/home/vboxuser/ros2_ws/install/examples_rclpy_minimal_action_client:/home/vboxuser/ros2_ws/install/examples_rclpy_guard_conditions:/home/vboxuser/ros2_ws/install/examples_rclpy_executors:/home/vboxuser/ros2_ws/install/bms_visualizer:/opt/ros/iron:/home/vboxuser/ros2_iron/install/rqt_bag_plugins:/home/vboxuser/ros2_iron/install/rqt_bag:/home/vboxuser/ros2_iron/install/rosbag2_examples_py:/home/vboxuser/ros2_iron/install/launch_testing_examples:/home/vboxuser/ros2_iron/install/ros2bag:/home/vboxuser/ros2_iron/install/tracetools_test:/home/vboxuser/ros2_iron/install/tracetools_launch:/home/vboxuser/ros2_iron/install/topic_monitor:/home/vboxuser/ros2_iron/install/tf2_tools:/home/vboxuser/ros2_iron/install/examples_tf2_py:/home/vboxuser/ros2_iron/install/tf2_ros_py:/home/vboxuser/ros2_iron/install/examples_rclpy_pointcloud_publisher:/home/vboxuser/ros2_iron/install/sensor_msgs_py:/home/vboxuser/ros2_iron/install/quality_of_service_demo_py:/home/vboxuser/ros2_iron/install/rqt_plot:/home/vboxuser/ros2_iron/install/ros2doctor:/home/vboxuser/ros2_iron/install/lifecycle_py:/home/vboxuser/ros2_iron/install/examples_rclpy_minimal_subscriber:/home/vboxuser/ros2_iron/install/examples_rclpy_minimal_service:/home/vboxuser/ros2_iron/install/examples_rclpy_minimal_publisher:/home/vboxuser/ros2_iron/install/examples_rclpy_minimal_client:/home/vboxuser/ros2_iron/install/examples_rclpy_executors:/home/vboxuser/ros2_iron/install/demo_nodes_py:/home/vboxuser/ros2_iron/install/rqt:/home/vboxuser/ros2_iron/install/ros2component:/home/vboxuser/ros2_iron/install/sros2:/home/vboxuser/ros2_iron/install/rqt_topic:/home/vboxuser/ros2_iron/install/rqt_srv:/home/vboxuser/ros2_iron/install/rqt_shell:/home/vboxuser/ros2_iron/install/rqt_service_caller:/home/vboxuser/ros2_iron/install/rqt_reconfigure:/home/vboxuser/ros2_iron/install/rqt_py_console:/home/vboxuser/ros2_iron/install/rqt_publisher:/home/vboxuser/ros2_iron/install/rqt_action:/home/vboxuser/ros2_iron/install/rqt_msg:/home/vboxuser/ros2_iron/install/rqt_console:/home/vboxuser/ros2_iron/install/rqt_graph:/home/vboxuser/ros2_iron/install/rqt_gui_py:/home/vboxuser/ros2_iron/install/rqt_gui:/home/vboxuser/ros2_iron/install/ros2trace:/home/vboxuser/ros2_iron/install/ros2topic:/home/vboxuser/ros2_iron/install/ros2test:/home/vboxuser/ros2_iron/install/ros2param:/home/vboxuser/ros2_iron/install/ros2lifecycle:/home/vboxuser/ros2_iron/install/ros2service:/home/vboxuser/ros2_iron/install/ros2run:/home/vboxuser/ros2_iron/install/ros2launch:/home/vboxuser/ros2_iron/install/ros2pkg:/home/vboxuser/ros2_iron/install/ros2node:/home/vboxuser/ros2_iron/install/ros2multicast:/home/vboxuser/ros2_iron/install/ros2interface:/home/vboxuser/ros2_iron/install/ros2action:/home/vboxuser/ros2_iron/install/ros2cli:/home/vboxuser/ros2_iron/install/launch_testing_ros:/home/vboxuser/ros2_iron/install/launch_ros:/home/vboxuser/ros2_iron/install/examples_rclpy_minimal_action_server:/home/vboxuser/ros2_iron/install/examples_rclpy_minimal_action_client:/home/vboxuser/ros2_iron/install/examples_rclpy_guard_conditions:/home/vboxuser/ros2_iron/install/action_tutorials_py:/home/vboxuser/ros2_iron/install/ament_uncrustify:/home/vboxuser/ros2_iron/install/tracetools_trace:/home/vboxuser/ros2_iron/install/tracetools_read:/home/vboxuser/ros2_iron/install/test_tracetools_launch:/home/vboxuser/ros2_iron/install/test_ros2trace:/home/vboxuser/ros2_iron/install/test_launch_ros:/home/vboxuser/ros2_iron/install/rpyutils:/home/vboxuser/ros2_iron/install/rosidl_runtime_py:/home/vboxuser/ros2_iron/install/rosidl_pycommon:/home/vboxuser/ros2_iron/install/rosidl_cli:/home/vboxuser/ros2_iron/install/launch_pytest:/home/vboxuser/ros2_iron/install/launch_testing:/home/vboxuser/ros2_iron/install/launch_yaml:/home/vboxuser/ros2_iron/install/launch_xml:/home/vboxuser/ros2_iron/install/launch:/home/vboxuser/ros2_iron/install/osrf_pycommon:/home/vboxuser/ros2_iron/install/domain_coordinator:/home/vboxuser/ros2_iron/install/ament_xmllint:/home/vboxuser/ros2_iron/install/ament_pyflakes:/home/vboxuser/ros2_iron/install/ament_pycodestyle:/home/vboxuser/ros2_iron/install/ament_pep257:/home/vboxuser/ros2_iron/install/ament_pclint:/home/vboxuser/ros2_iron/install/ament_package:/home/vboxuser/ros2_iron/install/ament_mypy:/home/vboxuser/ros2_iron/install/ament_lint_cmake:/home/vboxuser/ros2_iron/install/ament_flake8:/home/vboxuser/ros2_iron/install/ament_copyright:/home/vboxuser/ros2_iron/install/ament_lint:/home/vboxuser/ros2_iron/install/ament_index_python:/home/vboxuser/ros2_iron/install/ament_cpplint:/home/vboxuser/ros2_iron/install/ament_cppcheck:/home/vboxuser/ros2_iron/install/ament_clang_tidy:/home/vboxuser/ros2_iron/install/ament_clang_format /usr/bin/cmake --install /home/vboxuser/ros2_ws/build/examples_rclcpp_minimal_service
[33.774s] INFO:colcon.colcon_core.shell:Creating environment hook '/home/vboxuser/ros2_ws/install/examples_rclcpp_minimal_service/share/examples_rclcpp_minimal_service/hook/cmake_prefix_path.ps1'
[33.778s] INFO:colcon.colcon_core.shell:Creating environment descriptor '/home/vboxuser/ros2_ws/install/examples_rclcpp_minimal_service/share/examples_rclcpp_minimal_service/hook/cmake_prefix_path.dsv'
[33.779s] INFO:colcon.colcon_core.shell:Creating environment hook '/home/vboxuser/ros2_ws/install/examples_rclcpp_minimal_service/share/examples_rclcpp_minimal_service/hook/cmake_prefix_path.sh'
[33.780s] Level 1:colcon.colcon_core.environment:checking '/home/vboxuser/ros2_ws/install/examples_rclcpp_minimal_service/lib'
[33.780s] Level 1:colcon.colcon_core.environment:checking '/home/vboxuser/ros2_ws/install/examples_rclcpp_minimal_service/bin'
[33.780s] Level 1:colcon.colcon_core.environment:checking '/home/vboxuser/ros2_ws/install/examples_rclcpp_minimal_service/lib/pkgconfig/examples_rclcpp_minimal_service.pc'
[33.781s] Level 1:colcon.colcon_core.environment:checking '/home/vboxuser/ros2_ws/install/examples_rclcpp_minimal_service/lib/python3.10/site-packages'
[33.781s] Level 1:colcon.colcon_core.environment:checking '/home/vboxuser/ros2_ws/install/examples_rclcpp_minimal_service/bin'
[33.781s] INFO:colcon.colcon_core.shell:Creating package script '/home/vboxuser/ros2_ws/install/examples_rclcpp_minimal_service/share/examples_rclcpp_minimal_service/package.ps1'
[33.782s] INFO:colcon.colcon_core.shell:Creating package descriptor '/home/vboxuser/ros2_ws/install/examples_rclcpp_minimal_service/share/examples_rclcpp_minimal_service/package.dsv'
[33.783s] INFO:colcon.colcon_core.shell:Creating package script '/home/vboxuser/ros2_ws/install/examples_rclcpp_minimal_service/share/examples_rclcpp_minimal_service/package.sh'
[33.783s] INFO:colcon.colcon_core.shell:Creating package script '/home/vboxuser/ros2_ws/install/examples_rclcpp_minimal_service/share/examples_rclcpp_minimal_service/package.bash'
[33.784s] INFO:colcon.colcon_core.shell:Creating package script '/home/vboxuser/ros2_ws/install/examples_rclcpp_minimal_service/share/examples_rclcpp_minimal_service/package.zsh'
[33.785s] Level 1:colcon.colcon_core.environment:create_file_with_runtime_dependencies(/home/vboxuser/ros2_ws/install/examples_rclcpp_minimal_service/share/colcon-core/packages/examples_rclcpp_minimal_service)
[33.802s] Level 1:colcon.colcon_core.environment:create_environment_scripts_only(examples_rclcpp_minimal_service)
[33.803s] Level 1:colcon.colcon_core.environment:checking '/home/vboxuser/ros2_ws/install/examples_rclcpp_minimal_service' for CMake module files
[33.808s] Level 1:colcon.colcon_core.environment:checking '/home/vboxuser/ros2_ws/install/examples_rclcpp_minimal_service' for CMake config files
[33.818s] Level 1:colcon.colcon_core.shell:create_environment_hook('examples_rclcpp_minimal_service', 'cmake_prefix_path')
[33.819s] INFO:colcon.colcon_core.shell:Creating environment hook '/home/vboxuser/ros2_ws/install/examples_rclcpp_minimal_service/share/examples_rclcpp_minimal_service/hook/cmake_prefix_path.ps1'
[33.820s] INFO:colcon.colcon_core.shell:Creating environment descriptor '/home/vboxuser/ros2_ws/install/examples_rclcpp_minimal_service/share/examples_rclcpp_minimal_service/hook/cmake_prefix_path.dsv'
[33.830s] INFO:colcon.colcon_core.shell:Creating environment hook '/home/vboxuser/ros2_ws/install/examples_rclcpp_minimal_service/share/examples_rclcpp_minimal_service/hook/cmake_prefix_path.sh'
[33.834s] Level 1:colcon.colcon_core.environment:checking '/home/vboxuser/ros2_ws/install/examples_rclcpp_minimal_service/lib'
[33.834s] Level 1:colcon.colcon_core.environment:checking '/home/vboxuser/ros2_ws/install/examples_rclcpp_minimal_service/bin'
[33.834s] Level 1:colcon.colcon_core.environment:checking '/home/vboxuser/ros2_ws/install/examples_rclcpp_minimal_service/lib/pkgconfig/examples_rclcpp_minimal_service.pc'
[33.835s] Level 1:colcon.colcon_core.environment:checking '/home/vboxuser/ros2_ws/install/examples_rclcpp_minimal_service/lib/python3.10/site-packages'
[33.835s] Level 1:colcon.colcon_core.environment:checking '/home/vboxuser/ros2_ws/install/examples_rclcpp_minimal_service/bin'
[33.844s] INFO:colcon.colcon_core.shell:Creating package script '/home/vboxuser/ros2_ws/install/examples_rclcpp_minimal_service/share/examples_rclcpp_minimal_service/package.ps1'
[33.846s] INFO:colcon.colcon_core.shell:Creating package descriptor '/home/vboxuser/ros2_ws/install/examples_rclcpp_minimal_service/share/examples_rclcpp_minimal_service/package.dsv'
[33.849s] INFO:colcon.colcon_core.shell:Creating package script '/home/vboxuser/ros2_ws/install/examples_rclcpp_minimal_service/share/examples_rclcpp_minimal_service/package.sh'
[33.853s] INFO:colcon.colcon_core.shell:Creating package script '/home/vboxuser/ros2_ws/install/examples_rclcpp_minimal_service/share/examples_rclcpp_minimal_service/package.bash'
[33.856s] INFO:colcon.colcon_core.shell:Creating package script '/home/vboxuser/ros2_ws/install/examples_rclcpp_minimal_service/share/examples_rclcpp_minimal_service/package.zsh'
[33.864s] Level 1:colcon.colcon_core.environment:create_file_with_runtime_dependencies(/home/vboxuser/ros2_ws/install/examples_rclcpp_minimal_service/share/colcon-core/packages/examples_rclcpp_minimal_service)
[33.875s] INFO:colcon.colcon_ros.task.ament_cmake.build:Building ROS package in '/home/vboxuser/ros2_ws/src/examples/rclcpp/wait_set' with build type 'ament_cmake'
[33.875s] INFO:colcon.colcon_cmake.task.cmake.build:Building CMake package in '/home/vboxuser/ros2_ws/src/examples/rclcpp/wait_set'
[33.875s] INFO:colcon.colcon_core.shell:Skip shell extension 'powershell' for command environment: Not usable outside of PowerShell
[33.876s] DEBUG:colcon.colcon_core.shell:Skip shell extension 'dsv' for command environment
[34.039s] DEBUG:colcon.colcon_core.event_handler.log_command:Invoking command in '/home/vboxuser/ros2_ws/build/examples_rclcpp_wait_set': CMAKE_PREFIX_PATH=${CMAKE_PREFIX_PATH}:/home/vboxuser/ros2_ws/install/py_pubsub:/home/vboxuser/ros2_ws/install/launch_testing_examples:/home/vboxuser/ros2_ws/install/examples_rclpy_pointcloud_publisher:/home/vboxuser/ros2_ws/install/examples_rclpy_minimal_subscriber:/home/vboxuser/ros2_ws/install/examples_rclpy_minimal_service:/home/vboxuser/ros2_ws/install/examples_rclpy_minimal_publisher:/home/vboxuser/ros2_ws/install/examples_rclpy_minimal_client:/home/vboxuser/ros2_ws/install/examples_rclpy_minimal_action_server:/home/vboxuser/ros2_ws/install/examples_rclpy_minimal_action_client:/home/vboxuser/ros2_ws/install/examples_rclpy_guard_conditions:/home/vboxuser/ros2_ws/install/examples_rclpy_executors:/home/vboxuser/ros2_ws/install/bms_visualizer:/opt/ros/iron:/home/vboxuser/ros2_iron/install/rqt_bag_plugins:/home/vboxuser/ros2_iron/install/rqt_bag:/home/vboxuser/ros2_iron/install/rosbag2_examples_py:/home/vboxuser/ros2_iron/install/launch_testing_examples:/home/vboxuser/ros2_iron/install/ros2bag:/home/vboxuser/ros2_iron/install/tracetools_test:/home/vboxuser/ros2_iron/install/tracetools_launch:/home/vboxuser/ros2_iron/install/topic_monitor:/home/vboxuser/ros2_iron/install/tf2_tools:/home/vboxuser/ros2_iron/install/examples_tf2_py:/home/vboxuser/ros2_iron/install/tf2_ros_py:/home/vboxuser/ros2_iron/install/examples_rclpy_pointcloud_publisher:/home/vboxuser/ros2_iron/install/sensor_msgs_py:/home/vboxuser/ros2_iron/install/quality_of_service_demo_py:/home/vboxuser/ros2_iron/install/rqt_plot:/home/vboxuser/ros2_iron/install/ros2doctor:/home/vboxuser/ros2_iron/install/lifecycle_py:/home/vboxuser/ros2_iron/install/examples_rclpy_minimal_subscriber:/home/vboxuser/ros2_iron/install/examples_rclpy_minimal_service:/home/vboxuser/ros2_iron/install/examples_rclpy_minimal_publisher:/home/vboxuser/ros2_iron/install/examples_rclpy_minimal_client:/home/vboxuser/ros2_iron/install/examples_rclpy_executors:/home/vboxuser/ros2_iron/install/demo_nodes_py:/home/vboxuser/ros2_iron/install/rqt:/home/vboxuser/ros2_iron/install/ros2component:/home/vboxuser/ros2_iron/install/sros2:/home/vboxuser/ros2_iron/install/rqt_topic:/home/vboxuser/ros2_iron/install/rqt_srv:/home/vboxuser/ros2_iron/install/rqt_shell:/home/vboxuser/ros2_iron/install/rqt_service_caller:/home/vboxuser/ros2_iron/install/rqt_reconfigure:/home/vboxuser/ros2_iron/install/rqt_py_console:/home/vboxuser/ros2_iron/install/rqt_publisher:/home/vboxuser/ros2_iron/install/rqt_action:/home/vboxuser/ros2_iron/install/rqt_msg:/home/vboxuser/ros2_iron/install/rqt_console:/home/vboxuser/ros2_iron/install/rqt_graph:/home/vboxuser/ros2_iron/install/rqt_gui_py:/home/vboxuser/ros2_iron/install/rqt_gui:/home/vboxuser/ros2_iron/install/ros2trace:/home/vboxuser/ros2_iron/install/ros2topic:/home/vboxuser/ros2_iron/install/ros2test:/home/vboxuser/ros2_iron/install/ros2param:/home/vboxuser/ros2_iron/install/ros2lifecycle:/home/vboxuser/ros2_iron/install/ros2service:/home/vboxuser/ros2_iron/install/ros2run:/home/vboxuser/ros2_iron/install/ros2launch:/home/vboxuser/ros2_iron/install/ros2pkg:/home/vboxuser/ros2_iron/install/ros2node:/home/vboxuser/ros2_iron/install/ros2multicast:/home/vboxuser/ros2_iron/install/ros2interface:/home/vboxuser/ros2_iron/install/ros2action:/home/vboxuser/ros2_iron/install/ros2cli:/home/vboxuser/ros2_iron/install/launch_testing_ros:/home/vboxuser/ros2_iron/install/launch_ros:/home/vboxuser/ros2_iron/install/examples_rclpy_minimal_action_server:/home/vboxuser/ros2_iron/install/examples_rclpy_minimal_action_client:/home/vboxuser/ros2_iron/install/examples_rclpy_guard_conditions:/home/vboxuser/ros2_iron/install/action_tutorials_py:/home/vboxuser/ros2_iron/install/ament_uncrustify:/home/vboxuser/ros2_iron/install/tracetools_trace:/home/vboxuser/ros2_iron/install/tracetools_read:/home/vboxuser/ros2_iron/install/test_tracetools_launch:/home/vboxuser/ros2_iron/install/test_ros2trace:/home/vboxuser/ros2_iron/install/test_launch_ros:/home/vboxuser/ros2_iron/install/rpyutils:/home/vboxuser/ros2_iron/install/rosidl_runtime_py:/home/vboxuser/ros2_iron/install/rosidl_pycommon:/home/vboxuser/ros2_iron/install/rosidl_cli:/home/vboxuser/ros2_iron/install/launch_pytest:/home/vboxuser/ros2_iron/install/launch_testing:/home/vboxuser/ros2_iron/install/launch_yaml:/home/vboxuser/ros2_iron/install/launch_xml:/home/vboxuser/ros2_iron/install/launch:/home/vboxuser/ros2_iron/install/osrf_pycommon:/home/vboxuser/ros2_iron/install/domain_coordinator:/home/vboxuser/ros2_iron/install/ament_xmllint:/home/vboxuser/ros2_iron/install/ament_pyflakes:/home/vboxuser/ros2_iron/install/ament_pycodestyle:/home/vboxuser/ros2_iron/install/ament_pep257:/home/vboxuser/ros2_iron/install/ament_pclint:/home/vboxuser/ros2_iron/install/ament_package:/home/vboxuser/ros2_iron/install/ament_mypy:/home/vboxuser/ros2_iron/install/ament_lint_cmake:/home/vboxuser/ros2_iron/install/ament_flake8:/home/vboxuser/ros2_iron/install/ament_copyright:/home/vboxuser/ros2_iron/install/ament_lint:/home/vboxuser/ros2_iron/install/ament_index_python:/home/vboxuser/ros2_iron/install/ament_cpplint:/home/vboxuser/ros2_iron/install/ament_cppcheck:/home/vboxuser/ros2_iron/install/ament_clang_tidy:/home/vboxuser/ros2_iron/install/ament_clang_format /usr/bin/cmake --build /home/vboxuser/ros2_ws/build/examples_rclcpp_wait_set -- -j4 -l4
[34.252s] DEBUG:colcon.colcon_core.event_handler.log_command:Invoked command in '/home/vboxuser/ros2_ws/build/examples_rclcpp_multithreaded_executor' returned '0': CMAKE_PREFIX_PATH=${CMAKE_PREFIX_PATH}:/home/vboxuser/ros2_ws/install/py_pubsub:/home/vboxuser/ros2_ws/install/launch_testing_examples:/home/vboxuser/ros2_ws/install/examples_rclpy_pointcloud_publisher:/home/vboxuser/ros2_ws/install/examples_rclpy_minimal_subscriber:/home/vboxuser/ros2_ws/install/examples_rclpy_minimal_service:/home/vboxuser/ros2_ws/install/examples_rclpy_minimal_publisher:/home/vboxuser/ros2_ws/install/examples_rclpy_minimal_client:/home/vboxuser/ros2_ws/install/examples_rclpy_minimal_action_server:/home/vboxuser/ros2_ws/install/examples_rclpy_minimal_action_client:/home/vboxuser/ros2_ws/install/examples_rclpy_guard_conditions:/home/vboxuser/ros2_ws/install/examples_rclpy_executors:/home/vboxuser/ros2_ws/install/bms_visualizer:/opt/ros/iron:/home/vboxuser/ros2_iron/install/rqt_bag_plugins:/home/vboxuser/ros2_iron/install/rqt_bag:/home/vboxuser/ros2_iron/install/rosbag2_examples_py:/home/vboxuser/ros2_iron/install/launch_testing_examples:/home/vboxuser/ros2_iron/install/ros2bag:/home/vboxuser/ros2_iron/install/tracetools_test:/home/vboxuser/ros2_iron/install/tracetools_launch:/home/vboxuser/ros2_iron/install/topic_monitor:/home/vboxuser/ros2_iron/install/tf2_tools:/home/vboxuser/ros2_iron/install/examples_tf2_py:/home/vboxuser/ros2_iron/install/tf2_ros_py:/home/vboxuser/ros2_iron/install/examples_rclpy_pointcloud_publisher:/home/vboxuser/ros2_iron/install/sensor_msgs_py:/home/vboxuser/ros2_iron/install/quality_of_service_demo_py:/home/vboxuser/ros2_iron/install/rqt_plot:/home/vboxuser/ros2_iron/install/ros2doctor:/home/vboxuser/ros2_iron/install/lifecycle_py:/home/vboxuser/ros2_iron/install/examples_rclpy_minimal_subscriber:/home/vboxuser/ros2_iron/install/examples_rclpy_minimal_service:/home/vboxuser/ros2_iron/install/examples_rclpy_minimal_publisher:/home/vboxuser/ros2_iron/install/examples_rclpy_minimal_client:/home/vboxuser/ros2_iron/install/examples_rclpy_executors:/home/vboxuser/ros2_iron/install/demo_nodes_py:/home/vboxuser/ros2_iron/install/rqt:/home/vboxuser/ros2_iron/install/ros2component:/home/vboxuser/ros2_iron/install/sros2:/home/vboxuser/ros2_iron/install/rqt_topic:/home/vboxuser/ros2_iron/install/rqt_srv:/home/vboxuser/ros2_iron/install/rqt_shell:/home/vboxuser/ros2_iron/install/rqt_service_caller:/home/vboxuser/ros2_iron/install/rqt_reconfigure:/home/vboxuser/ros2_iron/install/rqt_py_console:/home/vboxuser/ros2_iron/install/rqt_publisher:/home/vboxuser/ros2_iron/install/rqt_action:/home/vboxuser/ros2_iron/install/rqt_msg:/home/vboxuser/ros2_iron/install/rqt_console:/home/vboxuser/ros2_iron/install/rqt_graph:/home/vboxuser/ros2_iron/install/rqt_gui_py:/home/vboxuser/ros2_iron/install/rqt_gui:/home/vboxuser/ros2_iron/install/ros2trace:/home/vboxuser/ros2_iron/install/ros2topic:/home/vboxuser/ros2_iron/install/ros2test:/home/vboxuser/ros2_iron/install/ros2param:/home/vboxuser/ros2_iron/install/ros2lifecycle:/home/vboxuser/ros2_iron/install/ros2service:/home/vboxuser/ros2_iron/install/ros2run:/home/vboxuser/ros2_iron/install/ros2launch:/home/vboxuser/ros2_iron/install/ros2pkg:/home/vboxuser/ros2_iron/install/ros2node:/home/vboxuser/ros2_iron/install/ros2multicast:/home/vboxuser/ros2_iron/install/ros2interface:/home/vboxuser/ros2_iron/install/ros2action:/home/vboxuser/ros2_iron/install/ros2cli:/home/vboxuser/ros2_iron/install/launch_testing_ros:/home/vboxuser/ros2_iron/install/launch_ros:/home/vboxuser/ros2_iron/install/examples_rclpy_minimal_action_server:/home/vboxuser/ros2_iron/install/examples_rclpy_minimal_action_client:/home/vboxuser/ros2_iron/install/examples_rclpy_guard_conditions:/home/vboxuser/ros2_iron/install/action_tutorials_py:/home/vboxuser/ros2_iron/install/ament_uncrustify:/home/vboxuser/ros2_iron/install/tracetools_trace:/home/vboxuser/ros2_iron/install/tracetools_read:/home/vboxuser/ros2_iron/install/test_tracetools_launch:/home/vboxuser/ros2_iron/install/test_ros2trace:/home/vboxuser/ros2_iron/install/test_launch_ros:/home/vboxuser/ros2_iron/install/rpyutils:/home/vboxuser/ros2_iron/install/rosidl_runtime_py:/home/vboxuser/ros2_iron/install/rosidl_pycommon:/home/vboxuser/ros2_iron/install/rosidl_cli:/home/vboxuser/ros2_iron/install/launch_pytest:/home/vboxuser/ros2_iron/install/launch_testing:/home/vboxuser/ros2_iron/install/launch_yaml:/home/vboxuser/ros2_iron/install/launch_xml:/home/vboxuser/ros2_iron/install/launch:/home/vboxuser/ros2_iron/install/osrf_pycommon:/home/vboxuser/ros2_iron/install/domain_coordinator:/home/vboxuser/ros2_iron/install/ament_xmllint:/home/vboxuser/ros2_iron/install/ament_pyflakes:/home/vboxuser/ros2_iron/install/ament_pycodestyle:/home/vboxuser/ros2_iron/install/ament_pep257:/home/vboxuser/ros2_iron/install/ament_pclint:/home/vboxuser/ros2_iron/install/ament_package:/home/vboxuser/ros2_iron/install/ament_mypy:/home/vboxuser/ros2_iron/install/ament_lint_cmake:/home/vboxuser/ros2_iron/install/ament_flake8:/home/vboxuser/ros2_iron/install/ament_copyright:/home/vboxuser/ros2_iron/install/ament_lint:/home/vboxuser/ros2_iron/install/ament_index_python:/home/vboxuser/ros2_iron/install/ament_cpplint:/home/vboxuser/ros2_iron/install/ament_cppcheck:/home/vboxuser/ros2_iron/install/ament_clang_tidy:/home/vboxuser/ros2_iron/install/ament_clang_format /usr/bin/cmake --build /home/vboxuser/ros2_ws/build/examples_rclcpp_multithreaded_executor -- -j4 -l4
[34.281s] DEBUG:colcon.colcon_core.event_handler.log_command:Invoking command in '/home/vboxuser/ros2_ws/build/examples_rclcpp_multithreaded_executor': CMAKE_PREFIX_PATH=${CMAKE_PREFIX_PATH}:/home/vboxuser/ros2_ws/install/py_pubsub:/home/vboxuser/ros2_ws/install/launch_testing_examples:/home/vboxuser/ros2_ws/install/examples_rclpy_pointcloud_publisher:/home/vboxuser/ros2_ws/install/examples_rclpy_minimal_subscriber:/home/vboxuser/ros2_ws/install/examples_rclpy_minimal_service:/home/vboxuser/ros2_ws/install/examples_rclpy_minimal_publisher:/home/vboxuser/ros2_ws/install/examples_rclpy_minimal_client:/home/vboxuser/ros2_ws/install/examples_rclpy_minimal_action_server:/home/vboxuser/ros2_ws/install/examples_rclpy_minimal_action_client:/home/vboxuser/ros2_ws/install/examples_rclpy_guard_conditions:/home/vboxuser/ros2_ws/install/examples_rclpy_executors:/home/vboxuser/ros2_ws/install/bms_visualizer:/opt/ros/iron:/home/vboxuser/ros2_iron/install/rqt_bag_plugins:/home/vboxuser/ros2_iron/install/rqt_bag:/home/vboxuser/ros2_iron/install/rosbag2_examples_py:/home/vboxuser/ros2_iron/install/launch_testing_examples:/home/vboxuser/ros2_iron/install/ros2bag:/home/vboxuser/ros2_iron/install/tracetools_test:/home/vboxuser/ros2_iron/install/tracetools_launch:/home/vboxuser/ros2_iron/install/topic_monitor:/home/vboxuser/ros2_iron/install/tf2_tools:/home/vboxuser/ros2_iron/install/examples_tf2_py:/home/vboxuser/ros2_iron/install/tf2_ros_py:/home/vboxuser/ros2_iron/install/examples_rclpy_pointcloud_publisher:/home/vboxuser/ros2_iron/install/sensor_msgs_py:/home/vboxuser/ros2_iron/install/quality_of_service_demo_py:/home/vboxuser/ros2_iron/install/rqt_plot:/home/vboxuser/ros2_iron/install/ros2doctor:/home/vboxuser/ros2_iron/install/lifecycle_py:/home/vboxuser/ros2_iron/install/examples_rclpy_minimal_subscriber:/home/vboxuser/ros2_iron/install/examples_rclpy_minimal_service:/home/vboxuser/ros2_iron/install/examples_rclpy_minimal_publisher:/home/vboxuser/ros2_iron/install/examples_rclpy_minimal_client:/home/vboxuser/ros2_iron/install/examples_rclpy_executors:/home/vboxuser/ros2_iron/install/demo_nodes_py:/home/vboxuser/ros2_iron/install/rqt:/home/vboxuser/ros2_iron/install/ros2component:/home/vboxuser/ros2_iron/install/sros2:/home/vboxuser/ros2_iron/install/rqt_topic:/home/vboxuser/ros2_iron/install/rqt_srv:/home/vboxuser/ros2_iron/install/rqt_shell:/home/vboxuser/ros2_iron/install/rqt_service_caller:/home/vboxuser/ros2_iron/install/rqt_reconfigure:/home/vboxuser/ros2_iron/install/rqt_py_console:/home/vboxuser/ros2_iron/install/rqt_publisher:/home/vboxuser/ros2_iron/install/rqt_action:/home/vboxuser/ros2_iron/install/rqt_msg:/home/vboxuser/ros2_iron/install/rqt_console:/home/vboxuser/ros2_iron/install/rqt_graph:/home/vboxuser/ros2_iron/install/rqt_gui_py:/home/vboxuser/ros2_iron/install/rqt_gui:/home/vboxuser/ros2_iron/install/ros2trace:/home/vboxuser/ros2_iron/install/ros2topic:/home/vboxuser/ros2_iron/install/ros2test:/home/vboxuser/ros2_iron/install/ros2param:/home/vboxuser/ros2_iron/install/ros2lifecycle:/home/vboxuser/ros2_iron/install/ros2service:/home/vboxuser/ros2_iron/install/ros2run:/home/vboxuser/ros2_iron/install/ros2launch:/home/vboxuser/ros2_iron/install/ros2pkg:/home/vboxuser/ros2_iron/install/ros2node:/home/vboxuser/ros2_iron/install/ros2multicast:/home/vboxuser/ros2_iron/install/ros2interface:/home/vboxuser/ros2_iron/install/ros2action:/home/vboxuser/ros2_iron/install/ros2cli:/home/vboxuser/ros2_iron/install/launch_testing_ros:/home/vboxuser/ros2_iron/install/launch_ros:/home/vboxuser/ros2_iron/install/examples_rclpy_minimal_action_server:/home/vboxuser/ros2_iron/install/examples_rclpy_minimal_action_client:/home/vboxuser/ros2_iron/install/examples_rclpy_guard_conditions:/home/vboxuser/ros2_iron/install/action_tutorials_py:/home/vboxuser/ros2_iron/install/ament_uncrustify:/home/vboxuser/ros2_iron/install/tracetools_trace:/home/vboxuser/ros2_iron/install/tracetools_read:/home/vboxuser/ros2_iron/install/test_tracetools_launch:/home/vboxuser/ros2_iron/install/test_ros2trace:/home/vboxuser/ros2_iron/install/test_launch_ros:/home/vboxuser/ros2_iron/install/rpyutils:/home/vboxuser/ros2_iron/install/rosidl_runtime_py:/home/vboxuser/ros2_iron/install/rosidl_pycommon:/home/vboxuser/ros2_iron/install/rosidl_cli:/home/vboxuser/ros2_iron/install/launch_pytest:/home/vboxuser/ros2_iron/install/launch_testing:/home/vboxuser/ros2_iron/install/launch_yaml:/home/vboxuser/ros2_iron/install/launch_xml:/home/vboxuser/ros2_iron/install/launch:/home/vboxuser/ros2_iron/install/osrf_pycommon:/home/vboxuser/ros2_iron/install/domain_coordinator:/home/vboxuser/ros2_iron/install/ament_xmllint:/home/vboxuser/ros2_iron/install/ament_pyflakes:/home/vboxuser/ros2_iron/install/ament_pycodestyle:/home/vboxuser/ros2_iron/install/ament_pep257:/home/vboxuser/ros2_iron/install/ament_pclint:/home/vboxuser/ros2_iron/install/ament_package:/home/vboxuser/ros2_iron/install/ament_mypy:/home/vboxuser/ros2_iron/install/ament_lint_cmake:/home/vboxuser/ros2_iron/install/ament_flake8:/home/vboxuser/ros2_iron/install/ament_copyright:/home/vboxuser/ros2_iron/install/ament_lint:/home/vboxuser/ros2_iron/install/ament_index_python:/home/vboxuser/ros2_iron/install/ament_cpplint:/home/vboxuser/ros2_iron/install/ament_cppcheck:/home/vboxuser/ros2_iron/install/ament_clang_tidy:/home/vboxuser/ros2_iron/install/ament_clang_format /usr/bin/cmake --install /home/vboxuser/ros2_ws/build/examples_rclcpp_multithreaded_executor
[34.285s] DEBUG:colcon.colcon_core.event_handler.log_command:Invoked command in '/home/vboxuser/ros2_ws/build/examples_rclcpp_minimal_timer' returned '0': CMAKE_PREFIX_PATH=${CMAKE_PREFIX_PATH}:/home/vboxuser/ros2_ws/install/py_pubsub:/home/vboxuser/ros2_ws/install/launch_testing_examples:/home/vboxuser/ros2_ws/install/examples_rclpy_pointcloud_publisher:/home/vboxuser/ros2_ws/install/examples_rclpy_minimal_subscriber:/home/vboxuser/ros2_ws/install/examples_rclpy_minimal_service:/home/vboxuser/ros2_ws/install/examples_rclpy_minimal_publisher:/home/vboxuser/ros2_ws/install/examples_rclpy_minimal_client:/home/vboxuser/ros2_ws/install/examples_rclpy_minimal_action_server:/home/vboxuser/ros2_ws/install/examples_rclpy_minimal_action_client:/home/vboxuser/ros2_ws/install/examples_rclpy_guard_conditions:/home/vboxuser/ros2_ws/install/examples_rclpy_executors:/home/vboxuser/ros2_ws/install/bms_visualizer:/opt/ros/iron:/home/vboxuser/ros2_iron/install/rqt_bag_plugins:/home/vboxuser/ros2_iron/install/rqt_bag:/home/vboxuser/ros2_iron/install/rosbag2_examples_py:/home/vboxuser/ros2_iron/install/launch_testing_examples:/home/vboxuser/ros2_iron/install/ros2bag:/home/vboxuser/ros2_iron/install/tracetools_test:/home/vboxuser/ros2_iron/install/tracetools_launch:/home/vboxuser/ros2_iron/install/topic_monitor:/home/vboxuser/ros2_iron/install/tf2_tools:/home/vboxuser/ros2_iron/install/examples_tf2_py:/home/vboxuser/ros2_iron/install/tf2_ros_py:/home/vboxuser/ros2_iron/install/examples_rclpy_pointcloud_publisher:/home/vboxuser/ros2_iron/install/sensor_msgs_py:/home/vboxuser/ros2_iron/install/quality_of_service_demo_py:/home/vboxuser/ros2_iron/install/rqt_plot:/home/vboxuser/ros2_iron/install/ros2doctor:/home/vboxuser/ros2_iron/install/lifecycle_py:/home/vboxuser/ros2_iron/install/examples_rclpy_minimal_subscriber:/home/vboxuser/ros2_iron/install/examples_rclpy_minimal_service:/home/vboxuser/ros2_iron/install/examples_rclpy_minimal_publisher:/home/vboxuser/ros2_iron/install/examples_rclpy_minimal_client:/home/vboxuser/ros2_iron/install/examples_rclpy_executors:/home/vboxuser/ros2_iron/install/demo_nodes_py:/home/vboxuser/ros2_iron/install/rqt:/home/vboxuser/ros2_iron/install/ros2component:/home/vboxuser/ros2_iron/install/sros2:/home/vboxuser/ros2_iron/install/rqt_topic:/home/vboxuser/ros2_iron/install/rqt_srv:/home/vboxuser/ros2_iron/install/rqt_shell:/home/vboxuser/ros2_iron/install/rqt_service_caller:/home/vboxuser/ros2_iron/install/rqt_reconfigure:/home/vboxuser/ros2_iron/install/rqt_py_console:/home/vboxuser/ros2_iron/install/rqt_publisher:/home/vboxuser/ros2_iron/install/rqt_action:/home/vboxuser/ros2_iron/install/rqt_msg:/home/vboxuser/ros2_iron/install/rqt_console:/home/vboxuser/ros2_iron/install/rqt_graph:/home/vboxuser/ros2_iron/install/rqt_gui_py:/home/vboxuser/ros2_iron/install/rqt_gui:/home/vboxuser/ros2_iron/install/ros2trace:/home/vboxuser/ros2_iron/install/ros2topic:/home/vboxuser/ros2_iron/install/ros2test:/home/vboxuser/ros2_iron/install/ros2param:/home/vboxuser/ros2_iron/install/ros2lifecycle:/home/vboxuser/ros2_iron/install/ros2service:/home/vboxuser/ros2_iron/install/ros2run:/home/vboxuser/ros2_iron/install/ros2launch:/home/vboxuser/ros2_iron/install/ros2pkg:/home/vboxuser/ros2_iron/install/ros2node:/home/vboxuser/ros2_iron/install/ros2multicast:/home/vboxuser/ros2_iron/install/ros2interface:/home/vboxuser/ros2_iron/install/ros2action:/home/vboxuser/ros2_iron/install/ros2cli:/home/vboxuser/ros2_iron/install/launch_testing_ros:/home/vboxuser/ros2_iron/install/launch_ros:/home/vboxuser/ros2_iron/install/examples_rclpy_minimal_action_server:/home/vboxuser/ros2_iron/install/examples_rclpy_minimal_action_client:/home/vboxuser/ros2_iron/install/examples_rclpy_guard_conditions:/home/vboxuser/ros2_iron/install/action_tutorials_py:/home/vboxuser/ros2_iron/install/ament_uncrustify:/home/vboxuser/ros2_iron/install/tracetools_trace:/home/vboxuser/ros2_iron/install/tracetools_read:/home/vboxuser/ros2_iron/install/test_tracetools_launch:/home/vboxuser/ros2_iron/install/test_ros2trace:/home/vboxuser/ros2_iron/install/test_launch_ros:/home/vboxuser/ros2_iron/install/rpyutils:/home/vboxuser/ros2_iron/install/rosidl_runtime_py:/home/vboxuser/ros2_iron/install/rosidl_pycommon:/home/vboxuser/ros2_iron/install/rosidl_cli:/home/vboxuser/ros2_iron/install/launch_pytest:/home/vboxuser/ros2_iron/install/launch_testing:/home/vboxuser/ros2_iron/install/launch_yaml:/home/vboxuser/ros2_iron/install/launch_xml:/home/vboxuser/ros2_iron/install/launch:/home/vboxuser/ros2_iron/install/osrf_pycommon:/home/vboxuser/ros2_iron/install/domain_coordinator:/home/vboxuser/ros2_iron/install/ament_xmllint:/home/vboxuser/ros2_iron/install/ament_pyflakes:/home/vboxuser/ros2_iron/install/ament_pycodestyle:/home/vboxuser/ros2_iron/install/ament_pep257:/home/vboxuser/ros2_iron/install/ament_pclint:/home/vboxuser/ros2_iron/install/ament_package:/home/vboxuser/ros2_iron/install/ament_mypy:/home/vboxuser/ros2_iron/install/ament_lint_cmake:/home/vboxuser/ros2_iron/install/ament_flake8:/home/vboxuser/ros2_iron/install/ament_copyright:/home/vboxuser/ros2_iron/install/ament_lint:/home/vboxuser/ros2_iron/install/ament_index_python:/home/vboxuser/ros2_iron/install/ament_cpplint:/home/vboxuser/ros2_iron/install/ament_cppcheck:/home/vboxuser/ros2_iron/install/ament_clang_tidy:/home/vboxuser/ros2_iron/install/ament_clang_format /usr/bin/cmake --build /home/vboxuser/ros2_ws/build/examples_rclcpp_minimal_timer -- -j4 -l4
[34.313s] DEBUG:colcon.colcon_core.event_handler.log_command:Invoking command in '/home/vboxuser/ros2_ws/build/examples_rclcpp_minimal_timer': CMAKE_PREFIX_PATH=${CMAKE_PREFIX_PATH}:/home/vboxuser/ros2_ws/install/py_pubsub:/home/vboxuser/ros2_ws/install/launch_testing_examples:/home/vboxuser/ros2_ws/install/examples_rclpy_pointcloud_publisher:/home/vboxuser/ros2_ws/install/examples_rclpy_minimal_subscriber:/home/vboxuser/ros2_ws/install/examples_rclpy_minimal_service:/home/vboxuser/ros2_ws/install/examples_rclpy_minimal_publisher:/home/vboxuser/ros2_ws/install/examples_rclpy_minimal_client:/home/vboxuser/ros2_ws/install/examples_rclpy_minimal_action_server:/home/vboxuser/ros2_ws/install/examples_rclpy_minimal_action_client:/home/vboxuser/ros2_ws/install/examples_rclpy_guard_conditions:/home/vboxuser/ros2_ws/install/examples_rclpy_executors:/home/vboxuser/ros2_ws/install/bms_visualizer:/opt/ros/iron:/home/vboxuser/ros2_iron/install/rqt_bag_plugins:/home/vboxuser/ros2_iron/install/rqt_bag:/home/vboxuser/ros2_iron/install/rosbag2_examples_py:/home/vboxuser/ros2_iron/install/launch_testing_examples:/home/vboxuser/ros2_iron/install/ros2bag:/home/vboxuser/ros2_iron/install/tracetools_test:/home/vboxuser/ros2_iron/install/tracetools_launch:/home/vboxuser/ros2_iron/install/topic_monitor:/home/vboxuser/ros2_iron/install/tf2_tools:/home/vboxuser/ros2_iron/install/examples_tf2_py:/home/vboxuser/ros2_iron/install/tf2_ros_py:/home/vboxuser/ros2_iron/install/examples_rclpy_pointcloud_publisher:/home/vboxuser/ros2_iron/install/sensor_msgs_py:/home/vboxuser/ros2_iron/install/quality_of_service_demo_py:/home/vboxuser/ros2_iron/install/rqt_plot:/home/vboxuser/ros2_iron/install/ros2doctor:/home/vboxuser/ros2_iron/install/lifecycle_py:/home/vboxuser/ros2_iron/install/examples_rclpy_minimal_subscriber:/home/vboxuser/ros2_iron/install/examples_rclpy_minimal_service:/home/vboxuser/ros2_iron/install/examples_rclpy_minimal_publisher:/home/vboxuser/ros2_iron/install/examples_rclpy_minimal_client:/home/vboxuser/ros2_iron/install/examples_rclpy_executors:/home/vboxuser/ros2_iron/install/demo_nodes_py:/home/vboxuser/ros2_iron/install/rqt:/home/vboxuser/ros2_iron/install/ros2component:/home/vboxuser/ros2_iron/install/sros2:/home/vboxuser/ros2_iron/install/rqt_topic:/home/vboxuser/ros2_iron/install/rqt_srv:/home/vboxuser/ros2_iron/install/rqt_shell:/home/vboxuser/ros2_iron/install/rqt_service_caller:/home/vboxuser/ros2_iron/install/rqt_reconfigure:/home/vboxuser/ros2_iron/install/rqt_py_console:/home/vboxuser/ros2_iron/install/rqt_publisher:/home/vboxuser/ros2_iron/install/rqt_action:/home/vboxuser/ros2_iron/install/rqt_msg:/home/vboxuser/ros2_iron/install/rqt_console:/home/vboxuser/ros2_iron/install/rqt_graph:/home/vboxuser/ros2_iron/install/rqt_gui_py:/home/vboxuser/ros2_iron/install/rqt_gui:/home/vboxuser/ros2_iron/install/ros2trace:/home/vboxuser/ros2_iron/install/ros2topic:/home/vboxuser/ros2_iron/install/ros2test:/home/vboxuser/ros2_iron/install/ros2param:/home/vboxuser/ros2_iron/install/ros2lifecycle:/home/vboxuser/ros2_iron/install/ros2service:/home/vboxuser/ros2_iron/install/ros2run:/home/vboxuser/ros2_iron/install/ros2launch:/home/vboxuser/ros2_iron/install/ros2pkg:/home/vboxuser/ros2_iron/install/ros2node:/home/vboxuser/ros2_iron/install/ros2multicast:/home/vboxuser/ros2_iron/install/ros2interface:/home/vboxuser/ros2_iron/install/ros2action:/home/vboxuser/ros2_iron/install/ros2cli:/home/vboxuser/ros2_iron/install/launch_testing_ros:/home/vboxuser/ros2_iron/install/launch_ros:/home/vboxuser/ros2_iron/install/examples_rclpy_minimal_action_server:/home/vboxuser/ros2_iron/install/examples_rclpy_minimal_action_client:/home/vboxuser/ros2_iron/install/examples_rclpy_guard_conditions:/home/vboxuser/ros2_iron/install/action_tutorials_py:/home/vboxuser/ros2_iron/install/ament_uncrustify:/home/vboxuser/ros2_iron/install/tracetools_trace:/home/vboxuser/ros2_iron/install/tracetools_read:/home/vboxuser/ros2_iron/install/test_tracetools_launch:/home/vboxuser/ros2_iron/install/test_ros2trace:/home/vboxuser/ros2_iron/install/test_launch_ros:/home/vboxuser/ros2_iron/install/rpyutils:/home/vboxuser/ros2_iron/install/rosidl_runtime_py:/home/vboxuser/ros2_iron/install/rosidl_pycommon:/home/vboxuser/ros2_iron/install/rosidl_cli:/home/vboxuser/ros2_iron/install/launch_pytest:/home/vboxuser/ros2_iron/install/launch_testing:/home/vboxuser/ros2_iron/install/launch_yaml:/home/vboxuser/ros2_iron/install/launch_xml:/home/vboxuser/ros2_iron/install/launch:/home/vboxuser/ros2_iron/install/osrf_pycommon:/home/vboxuser/ros2_iron/install/domain_coordinator:/home/vboxuser/ros2_iron/install/ament_xmllint:/home/vboxuser/ros2_iron/install/ament_pyflakes:/home/vboxuser/ros2_iron/install/ament_pycodestyle:/home/vboxuser/ros2_iron/install/ament_pep257:/home/vboxuser/ros2_iron/install/ament_pclint:/home/vboxuser/ros2_iron/install/ament_package:/home/vboxuser/ros2_iron/install/ament_mypy:/home/vboxuser/ros2_iron/install/ament_lint_cmake:/home/vboxuser/ros2_iron/install/ament_flake8:/home/vboxuser/ros2_iron/install/ament_copyright:/home/vboxuser/ros2_iron/install/ament_lint:/home/vboxuser/ros2_iron/install/ament_index_python:/home/vboxuser/ros2_iron/install/ament_cpplint:/home/vboxuser/ros2_iron/install/ament_cppcheck:/home/vboxuser/ros2_iron/install/ament_clang_tidy:/home/vboxuser/ros2_iron/install/ament_clang_format /usr/bin/cmake --install /home/vboxuser/ros2_ws/build/examples_rclcpp_minimal_timer
[34.322s] DEBUG:colcon.colcon_core.event_handler.log_command:Invoked command in '/home/vboxuser/ros2_ws/build/examples_rclcpp_minimal_subscriber' returned '0': CMAKE_PREFIX_PATH=${CMAKE_PREFIX_PATH}:/home/vboxuser/ros2_ws/install/py_pubsub:/home/vboxuser/ros2_ws/install/launch_testing_examples:/home/vboxuser/ros2_ws/install/examples_rclpy_pointcloud_publisher:/home/vboxuser/ros2_ws/install/examples_rclpy_minimal_subscriber:/home/vboxuser/ros2_ws/install/examples_rclpy_minimal_service:/home/vboxuser/ros2_ws/install/examples_rclpy_minimal_publisher:/home/vboxuser/ros2_ws/install/examples_rclpy_minimal_client:/home/vboxuser/ros2_ws/install/examples_rclpy_minimal_action_server:/home/vboxuser/ros2_ws/install/examples_rclpy_minimal_action_client:/home/vboxuser/ros2_ws/install/examples_rclpy_guard_conditions:/home/vboxuser/ros2_ws/install/examples_rclpy_executors:/home/vboxuser/ros2_ws/install/bms_visualizer:/opt/ros/iron:/home/vboxuser/ros2_iron/install/rqt_bag_plugins:/home/vboxuser/ros2_iron/install/rqt_bag:/home/vboxuser/ros2_iron/install/rosbag2_examples_py:/home/vboxuser/ros2_iron/install/launch_testing_examples:/home/vboxuser/ros2_iron/install/ros2bag:/home/vboxuser/ros2_iron/install/tracetools_test:/home/vboxuser/ros2_iron/install/tracetools_launch:/home/vboxuser/ros2_iron/install/topic_monitor:/home/vboxuser/ros2_iron/install/tf2_tools:/home/vboxuser/ros2_iron/install/examples_tf2_py:/home/vboxuser/ros2_iron/install/tf2_ros_py:/home/vboxuser/ros2_iron/install/examples_rclpy_pointcloud_publisher:/home/vboxuser/ros2_iron/install/sensor_msgs_py:/home/vboxuser/ros2_iron/install/quality_of_service_demo_py:/home/vboxuser/ros2_iron/install/rqt_plot:/home/vboxuser/ros2_iron/install/ros2doctor:/home/vboxuser/ros2_iron/install/lifecycle_py:/home/vboxuser/ros2_iron/install/examples_rclpy_minimal_subscriber:/home/vboxuser/ros2_iron/install/examples_rclpy_minimal_service:/home/vboxuser/ros2_iron/install/examples_rclpy_minimal_publisher:/home/vboxuser/ros2_iron/install/examples_rclpy_minimal_client:/home/vboxuser/ros2_iron/install/examples_rclpy_executors:/home/vboxuser/ros2_iron/install/demo_nodes_py:/home/vboxuser/ros2_iron/install/rqt:/home/vboxuser/ros2_iron/install/ros2component:/home/vboxuser/ros2_iron/install/sros2:/home/vboxuser/ros2_iron/install/rqt_topic:/home/vboxuser/ros2_iron/install/rqt_srv:/home/vboxuser/ros2_iron/install/rqt_shell:/home/vboxuser/ros2_iron/install/rqt_service_caller:/home/vboxuser/ros2_iron/install/rqt_reconfigure:/home/vboxuser/ros2_iron/install/rqt_py_console:/home/vboxuser/ros2_iron/install/rqt_publisher:/home/vboxuser/ros2_iron/install/rqt_action:/home/vboxuser/ros2_iron/install/rqt_msg:/home/vboxuser/ros2_iron/install/rqt_console:/home/vboxuser/ros2_iron/install/rqt_graph:/home/vboxuser/ros2_iron/install/rqt_gui_py:/home/vboxuser/ros2_iron/install/rqt_gui:/home/vboxuser/ros2_iron/install/ros2trace:/home/vboxuser/ros2_iron/install/ros2topic:/home/vboxuser/ros2_iron/install/ros2test:/home/vboxuser/ros2_iron/install/ros2param:/home/vboxuser/ros2_iron/install/ros2lifecycle:/home/vboxuser/ros2_iron/install/ros2service:/home/vboxuser/ros2_iron/install/ros2run:/home/vboxuser/ros2_iron/install/ros2launch:/home/vboxuser/ros2_iron/install/ros2pkg:/home/vboxuser/ros2_iron/install/ros2node:/home/vboxuser/ros2_iron/install/ros2multicast:/home/vboxuser/ros2_iron/install/ros2interface:/home/vboxuser/ros2_iron/install/ros2action:/home/vboxuser/ros2_iron/install/ros2cli:/home/vboxuser/ros2_iron/install/launch_testing_ros:/home/vboxuser/ros2_iron/install/launch_ros:/home/vboxuser/ros2_iron/install/examples_rclpy_minimal_action_server:/home/vboxuser/ros2_iron/install/examples_rclpy_minimal_action_client:/home/vboxuser/ros2_iron/install/examples_rclpy_guard_conditions:/home/vboxuser/ros2_iron/install/action_tutorials_py:/home/vboxuser/ros2_iron/install/ament_uncrustify:/home/vboxuser/ros2_iron/install/tracetools_trace:/home/vboxuser/ros2_iron/install/tracetools_read:/home/vboxuser/ros2_iron/install/test_tracetools_launch:/home/vboxuser/ros2_iron/install/test_ros2trace:/home/vboxuser/ros2_iron/install/test_launch_ros:/home/vboxuser/ros2_iron/install/rpyutils:/home/vboxuser/ros2_iron/install/rosidl_runtime_py:/home/vboxuser/ros2_iron/install/rosidl_pycommon:/home/vboxuser/ros2_iron/install/rosidl_cli:/home/vboxuser/ros2_iron/install/launch_pytest:/home/vboxuser/ros2_iron/install/launch_testing:/home/vboxuser/ros2_iron/install/launch_yaml:/home/vboxuser/ros2_iron/install/launch_xml:/home/vboxuser/ros2_iron/install/launch:/home/vboxuser/ros2_iron/install/osrf_pycommon:/home/vboxuser/ros2_iron/install/domain_coordinator:/home/vboxuser/ros2_iron/install/ament_xmllint:/home/vboxuser/ros2_iron/install/ament_pyflakes:/home/vboxuser/ros2_iron/install/ament_pycodestyle:/home/vboxuser/ros2_iron/install/ament_pep257:/home/vboxuser/ros2_iron/install/ament_pclint:/home/vboxuser/ros2_iron/install/ament_package:/home/vboxuser/ros2_iron/install/ament_mypy:/home/vboxuser/ros2_iron/install/ament_lint_cmake:/home/vboxuser/ros2_iron/install/ament_flake8:/home/vboxuser/ros2_iron/install/ament_copyright:/home/vboxuser/ros2_iron/install/ament_lint:/home/vboxuser/ros2_iron/install/ament_index_python:/home/vboxuser/ros2_iron/install/ament_cpplint:/home/vboxuser/ros2_iron/install/ament_cppcheck:/home/vboxuser/ros2_iron/install/ament_clang_tidy:/home/vboxuser/ros2_iron/install/ament_clang_format /usr/bin/cmake --build /home/vboxuser/ros2_ws/build/examples_rclcpp_minimal_subscriber -- -j4 -l4
[34.353s] DEBUG:colcon.colcon_core.event_handler.log_command:Invoking command in '/home/vboxuser/ros2_ws/build/examples_rclcpp_minimal_subscriber': CMAKE_PREFIX_PATH=${CMAKE_PREFIX_PATH}:/home/vboxuser/ros2_ws/install/py_pubsub:/home/vboxuser/ros2_ws/install/launch_testing_examples:/home/vboxuser/ros2_ws/install/examples_rclpy_pointcloud_publisher:/home/vboxuser/ros2_ws/install/examples_rclpy_minimal_subscriber:/home/vboxuser/ros2_ws/install/examples_rclpy_minimal_service:/home/vboxuser/ros2_ws/install/examples_rclpy_minimal_publisher:/home/vboxuser/ros2_ws/install/examples_rclpy_minimal_client:/home/vboxuser/ros2_ws/install/examples_rclpy_minimal_action_server:/home/vboxuser/ros2_ws/install/examples_rclpy_minimal_action_client:/home/vboxuser/ros2_ws/install/examples_rclpy_guard_conditions:/home/vboxuser/ros2_ws/install/examples_rclpy_executors:/home/vboxuser/ros2_ws/install/bms_visualizer:/opt/ros/iron:/home/vboxuser/ros2_iron/install/rqt_bag_plugins:/home/vboxuser/ros2_iron/install/rqt_bag:/home/vboxuser/ros2_iron/install/rosbag2_examples_py:/home/vboxuser/ros2_iron/install/launch_testing_examples:/home/vboxuser/ros2_iron/install/ros2bag:/home/vboxuser/ros2_iron/install/tracetools_test:/home/vboxuser/ros2_iron/install/tracetools_launch:/home/vboxuser/ros2_iron/install/topic_monitor:/home/vboxuser/ros2_iron/install/tf2_tools:/home/vboxuser/ros2_iron/install/examples_tf2_py:/home/vboxuser/ros2_iron/install/tf2_ros_py:/home/vboxuser/ros2_iron/install/examples_rclpy_pointcloud_publisher:/home/vboxuser/ros2_iron/install/sensor_msgs_py:/home/vboxuser/ros2_iron/install/quality_of_service_demo_py:/home/vboxuser/ros2_iron/install/rqt_plot:/home/vboxuser/ros2_iron/install/ros2doctor:/home/vboxuser/ros2_iron/install/lifecycle_py:/home/vboxuser/ros2_iron/install/examples_rclpy_minimal_subscriber:/home/vboxuser/ros2_iron/install/examples_rclpy_minimal_service:/home/vboxuser/ros2_iron/install/examples_rclpy_minimal_publisher:/home/vboxuser/ros2_iron/install/examples_rclpy_minimal_client:/home/vboxuser/ros2_iron/install/examples_rclpy_executors:/home/vboxuser/ros2_iron/install/demo_nodes_py:/home/vboxuser/ros2_iron/install/rqt:/home/vboxuser/ros2_iron/install/ros2component:/home/vboxuser/ros2_iron/install/sros2:/home/vboxuser/ros2_iron/install/rqt_topic:/home/vboxuser/ros2_iron/install/rqt_srv:/home/vboxuser/ros2_iron/install/rqt_shell:/home/vboxuser/ros2_iron/install/rqt_service_caller:/home/vboxuser/ros2_iron/install/rqt_reconfigure:/home/vboxuser/ros2_iron/install/rqt_py_console:/home/vboxuser/ros2_iron/install/rqt_publisher:/home/vboxuser/ros2_iron/install/rqt_action:/home/vboxuser/ros2_iron/install/rqt_msg:/home/vboxuser/ros2_iron/install/rqt_console:/home/vboxuser/ros2_iron/install/rqt_graph:/home/vboxuser/ros2_iron/install/rqt_gui_py:/home/vboxuser/ros2_iron/install/rqt_gui:/home/vboxuser/ros2_iron/install/ros2trace:/home/vboxuser/ros2_iron/install/ros2topic:/home/vboxuser/ros2_iron/install/ros2test:/home/vboxuser/ros2_iron/install/ros2param:/home/vboxuser/ros2_iron/install/ros2lifecycle:/home/vboxuser/ros2_iron/install/ros2service:/home/vboxuser/ros2_iron/install/ros2run:/home/vboxuser/ros2_iron/install/ros2launch:/home/vboxuser/ros2_iron/install/ros2pkg:/home/vboxuser/ros2_iron/install/ros2node:/home/vboxuser/ros2_iron/install/ros2multicast:/home/vboxuser/ros2_iron/install/ros2interface:/home/vboxuser/ros2_iron/install/ros2action:/home/vboxuser/ros2_iron/install/ros2cli:/home/vboxuser/ros2_iron/install/launch_testing_ros:/home/vboxuser/ros2_iron/install/launch_ros:/home/vboxuser/ros2_iron/install/examples_rclpy_minimal_action_server:/home/vboxuser/ros2_iron/install/examples_rclpy_minimal_action_client:/home/vboxuser/ros2_iron/install/examples_rclpy_guard_conditions:/home/vboxuser/ros2_iron/install/action_tutorials_py:/home/vboxuser/ros2_iron/install/ament_uncrustify:/home/vboxuser/ros2_iron/install/tracetools_trace:/home/vboxuser/ros2_iron/install/tracetools_read:/home/vboxuser/ros2_iron/install/test_tracetools_launch:/home/vboxuser/ros2_iron/install/test_ros2trace:/home/vboxuser/ros2_iron/install/test_launch_ros:/home/vboxuser/ros2_iron/install/rpyutils:/home/vboxuser/ros2_iron/install/rosidl_runtime_py:/home/vboxuser/ros2_iron/install/rosidl_pycommon:/home/vboxuser/ros2_iron/install/rosidl_cli:/home/vboxuser/ros2_iron/install/launch_pytest:/home/vboxuser/ros2_iron/install/launch_testing:/home/vboxuser/ros2_iron/install/launch_yaml:/home/vboxuser/ros2_iron/install/launch_xml:/home/vboxuser/ros2_iron/install/launch:/home/vboxuser/ros2_iron/install/osrf_pycommon:/home/vboxuser/ros2_iron/install/domain_coordinator:/home/vboxuser/ros2_iron/install/ament_xmllint:/home/vboxuser/ros2_iron/install/ament_pyflakes:/home/vboxuser/ros2_iron/install/ament_pycodestyle:/home/vboxuser/ros2_iron/install/ament_pep257:/home/vboxuser/ros2_iron/install/ament_pclint:/home/vboxuser/ros2_iron/install/ament_package:/home/vboxuser/ros2_iron/install/ament_mypy:/home/vboxuser/ros2_iron/install/ament_lint_cmake:/home/vboxuser/ros2_iron/install/ament_flake8:/home/vboxuser/ros2_iron/install/ament_copyright:/home/vboxuser/ros2_iron/install/ament_lint:/home/vboxuser/ros2_iron/install/ament_index_python:/home/vboxuser/ros2_iron/install/ament_cpplint:/home/vboxuser/ros2_iron/install/ament_cppcheck:/home/vboxuser/ros2_iron/install/ament_clang_tidy:/home/vboxuser/ros2_iron/install/ament_clang_format /usr/bin/cmake --install /home/vboxuser/ros2_ws/build/examples_rclcpp_minimal_subscriber
[34.496s] Level 1:colcon.colcon_core.environment:create_environment_scripts_only(examples_rclcpp_multithreaded_executor)
[34.497s] Level 1:colcon.colcon_core.environment:checking '/home/vboxuser/ros2_ws/install/examples_rclcpp_multithreaded_executor' for CMake module files
[34.498s] Level 1:colcon.colcon_core.environment:checking '/home/vboxuser/ros2_ws/install/examples_rclcpp_multithreaded_executor' for CMake config files
[34.498s] Level 1:colcon.colcon_core.shell:create_environment_hook('examples_rclcpp_multithreaded_executor', 'cmake_prefix_path')
[34.499s] INFO:colcon.colcon_core.shell:Creating environment hook '/home/vboxuser/ros2_ws/install/examples_rclcpp_multithreaded_executor/share/examples_rclcpp_multithreaded_executor/hook/cmake_prefix_path.ps1'
[34.522s] INFO:colcon.colcon_core.shell:Creating environment descriptor '/home/vboxuser/ros2_ws/install/examples_rclcpp_multithreaded_executor/share/examples_rclcpp_multithreaded_executor/hook/cmake_prefix_path.dsv'
[34.525s] INFO:colcon.colcon_core.shell:Creating environment hook '/home/vboxuser/ros2_ws/install/examples_rclcpp_multithreaded_executor/share/examples_rclcpp_multithreaded_executor/hook/cmake_prefix_path.sh'
[34.530s] Level 1:colcon.colcon_core.environment:checking '/home/vboxuser/ros2_ws/install/examples_rclcpp_multithreaded_executor/lib'
[34.531s] Level 1:colcon.colcon_core.environment:checking '/home/vboxuser/ros2_ws/install/examples_rclcpp_multithreaded_executor/bin'
[34.532s] Level 1:colcon.colcon_core.environment:checking '/home/vboxuser/ros2_ws/install/examples_rclcpp_multithreaded_executor/lib/pkgconfig/examples_rclcpp_multithreaded_executor.pc'
[34.532s] Level 1:colcon.colcon_core.environment:checking '/home/vboxuser/ros2_ws/install/examples_rclcpp_multithreaded_executor/lib/python3.10/site-packages'
[34.533s] Level 1:colcon.colcon_core.environment:checking '/home/vboxuser/ros2_ws/install/examples_rclcpp_multithreaded_executor/bin'
[34.534s] INFO:colcon.colcon_core.shell:Creating package script '/home/vboxuser/ros2_ws/install/examples_rclcpp_multithreaded_executor/share/examples_rclcpp_multithreaded_executor/package.ps1'
[34.536s] DEBUG:colcon.colcon_core.event_handler.log_command:Invoked command in '/home/vboxuser/ros2_ws/build/examples_rclcpp_multithreaded_executor' returned '0': CMAKE_PREFIX_PATH=${CMAKE_PREFIX_PATH}:/home/vboxuser/ros2_ws/install/py_pubsub:/home/vboxuser/ros2_ws/install/launch_testing_examples:/home/vboxuser/ros2_ws/install/examples_rclpy_pointcloud_publisher:/home/vboxuser/ros2_ws/install/examples_rclpy_minimal_subscriber:/home/vboxuser/ros2_ws/install/examples_rclpy_minimal_service:/home/vboxuser/ros2_ws/install/examples_rclpy_minimal_publisher:/home/vboxuser/ros2_ws/install/examples_rclpy_minimal_client:/home/vboxuser/ros2_ws/install/examples_rclpy_minimal_action_server:/home/vboxuser/ros2_ws/install/examples_rclpy_minimal_action_client:/home/vboxuser/ros2_ws/install/examples_rclpy_guard_conditions:/home/vboxuser/ros2_ws/install/examples_rclpy_executors:/home/vboxuser/ros2_ws/install/bms_visualizer:/opt/ros/iron:/home/vboxuser/ros2_iron/install/rqt_bag_plugins:/home/vboxuser/ros2_iron/install/rqt_bag:/home/vboxuser/ros2_iron/install/rosbag2_examples_py:/home/vboxuser/ros2_iron/install/launch_testing_examples:/home/vboxuser/ros2_iron/install/ros2bag:/home/vboxuser/ros2_iron/install/tracetools_test:/home/vboxuser/ros2_iron/install/tracetools_launch:/home/vboxuser/ros2_iron/install/topic_monitor:/home/vboxuser/ros2_iron/install/tf2_tools:/home/vboxuser/ros2_iron/install/examples_tf2_py:/home/vboxuser/ros2_iron/install/tf2_ros_py:/home/vboxuser/ros2_iron/install/examples_rclpy_pointcloud_publisher:/home/vboxuser/ros2_iron/install/sensor_msgs_py:/home/vboxuser/ros2_iron/install/quality_of_service_demo_py:/home/vboxuser/ros2_iron/install/rqt_plot:/home/vboxuser/ros2_iron/install/ros2doctor:/home/vboxuser/ros2_iron/install/lifecycle_py:/home/vboxuser/ros2_iron/install/examples_rclpy_minimal_subscriber:/home/vboxuser/ros2_iron/install/examples_rclpy_minimal_service:/home/vboxuser/ros2_iron/install/examples_rclpy_minimal_publisher:/home/vboxuser/ros2_iron/install/examples_rclpy_minimal_client:/home/vboxuser/ros2_iron/install/examples_rclpy_executors:/home/vboxuser/ros2_iron/install/demo_nodes_py:/home/vboxuser/ros2_iron/install/rqt:/home/vboxuser/ros2_iron/install/ros2component:/home/vboxuser/ros2_iron/install/sros2:/home/vboxuser/ros2_iron/install/rqt_topic:/home/vboxuser/ros2_iron/install/rqt_srv:/home/vboxuser/ros2_iron/install/rqt_shell:/home/vboxuser/ros2_iron/install/rqt_service_caller:/home/vboxuser/ros2_iron/install/rqt_reconfigure:/home/vboxuser/ros2_iron/install/rqt_py_console:/home/vboxuser/ros2_iron/install/rqt_publisher:/home/vboxuser/ros2_iron/install/rqt_action:/home/vboxuser/ros2_iron/install/rqt_msg:/home/vboxuser/ros2_iron/install/rqt_console:/home/vboxuser/ros2_iron/install/rqt_graph:/home/vboxuser/ros2_iron/install/rqt_gui_py:/home/vboxuser/ros2_iron/install/rqt_gui:/home/vboxuser/ros2_iron/install/ros2trace:/home/vboxuser/ros2_iron/install/ros2topic:/home/vboxuser/ros2_iron/install/ros2test:/home/vboxuser/ros2_iron/install/ros2param:/home/vboxuser/ros2_iron/install/ros2lifecycle:/home/vboxuser/ros2_iron/install/ros2service:/home/vboxuser/ros2_iron/install/ros2run:/home/vboxuser/ros2_iron/install/ros2launch:/home/vboxuser/ros2_iron/install/ros2pkg:/home/vboxuser/ros2_iron/install/ros2node:/home/vboxuser/ros2_iron/install/ros2multicast:/home/vboxuser/ros2_iron/install/ros2interface:/home/vboxuser/ros2_iron/install/ros2action:/home/vboxuser/ros2_iron/install/ros2cli:/home/vboxuser/ros2_iron/install/launch_testing_ros:/home/vboxuser/ros2_iron/install/launch_ros:/home/vboxuser/ros2_iron/install/examples_rclpy_minimal_action_server:/home/vboxuser/ros2_iron/install/examples_rclpy_minimal_action_client:/home/vboxuser/ros2_iron/install/examples_rclpy_guard_conditions:/home/vboxuser/ros2_iron/install/action_tutorials_py:/home/vboxuser/ros2_iron/install/ament_uncrustify:/home/vboxuser/ros2_iron/install/tracetools_trace:/home/vboxuser/ros2_iron/install/tracetools_read:/home/vboxuser/ros2_iron/install/test_tracetools_launch:/home/vboxuser/ros2_iron/install/test_ros2trace:/home/vboxuser/ros2_iron/install/test_launch_ros:/home/vboxuser/ros2_iron/install/rpyutils:/home/vboxuser/ros2_iron/install/rosidl_runtime_py:/home/vboxuser/ros2_iron/install/rosidl_pycommon:/home/vboxuser/ros2_iron/install/rosidl_cli:/home/vboxuser/ros2_iron/install/launch_pytest:/home/vboxuser/ros2_iron/install/launch_testing:/home/vboxuser/ros2_iron/install/launch_yaml:/home/vboxuser/ros2_iron/install/launch_xml:/home/vboxuser/ros2_iron/install/launch:/home/vboxuser/ros2_iron/install/osrf_pycommon:/home/vboxuser/ros2_iron/install/domain_coordinator:/home/vboxuser/ros2_iron/install/ament_xmllint:/home/vboxuser/ros2_iron/install/ament_pyflakes:/home/vboxuser/ros2_iron/install/ament_pycodestyle:/home/vboxuser/ros2_iron/install/ament_pep257:/home/vboxuser/ros2_iron/install/ament_pclint:/home/vboxuser/ros2_iron/install/ament_package:/home/vboxuser/ros2_iron/install/ament_mypy:/home/vboxuser/ros2_iron/install/ament_lint_cmake:/home/vboxuser/ros2_iron/install/ament_flake8:/home/vboxuser/ros2_iron/install/ament_copyright:/home/vboxuser/ros2_iron/install/ament_lint:/home/vboxuser/ros2_iron/install/ament_index_python:/home/vboxuser/ros2_iron/install/ament_cpplint:/home/vboxuser/ros2_iron/install/ament_cppcheck:/home/vboxuser/ros2_iron/install/ament_clang_tidy:/home/vboxuser/ros2_iron/install/ament_clang_format /usr/bin/cmake --install /home/vboxuser/ros2_ws/build/examples_rclcpp_multithreaded_executor
[34.552s] INFO:colcon.colcon_core.shell:Creating package descriptor '/home/vboxuser/ros2_ws/install/examples_rclcpp_multithreaded_executor/share/examples_rclcpp_multithreaded_executor/package.dsv'
[34.553s] INFO:colcon.colcon_core.shell:Creating package script '/home/vboxuser/ros2_ws/install/examples_rclcpp_multithreaded_executor/share/examples_rclcpp_multithreaded_executor/package.sh'
[34.559s] INFO:colcon.colcon_core.shell:Creating package script '/home/vboxuser/ros2_ws/install/examples_rclcpp_multithreaded_executor/share/examples_rclcpp_multithreaded_executor/package.bash'
[34.561s] INFO:colcon.colcon_core.shell:Creating package script '/home/vboxuser/ros2_ws/install/examples_rclcpp_multithreaded_executor/share/examples_rclcpp_multithreaded_executor/package.zsh'
[34.564s] Level 1:colcon.colcon_core.environment:create_file_with_runtime_dependencies(/home/vboxuser/ros2_ws/install/examples_rclcpp_multithreaded_executor/share/colcon-core/packages/examples_rclcpp_multithreaded_executor)
[34.567s] Level 1:colcon.colcon_core.environment:create_environment_scripts_only(examples_rclcpp_multithreaded_executor)
[34.568s] Level 1:colcon.colcon_core.environment:checking '/home/vboxuser/ros2_ws/install/examples_rclcpp_multithreaded_executor' for CMake module files
[34.568s] Level 1:colcon.colcon_core.environment:checking '/home/vboxuser/ros2_ws/install/examples_rclcpp_multithreaded_executor' for CMake config files
[34.568s] Level 1:colcon.colcon_core.shell:create_environment_hook('examples_rclcpp_multithreaded_executor', 'cmake_prefix_path')
[34.569s] INFO:colcon.colcon_core.shell:Creating environment hook '/home/vboxuser/ros2_ws/install/examples_rclcpp_multithreaded_executor/share/examples_rclcpp_multithreaded_executor/hook/cmake_prefix_path.ps1'
[34.570s] INFO:colcon.colcon_core.shell:Creating environment descriptor '/home/vboxuser/ros2_ws/install/examples_rclcpp_multithreaded_executor/share/examples_rclcpp_multithreaded_executor/hook/cmake_prefix_path.dsv'
[34.571s] INFO:colcon.colcon_core.shell:Creating environment hook '/home/vboxuser/ros2_ws/install/examples_rclcpp_multithreaded_executor/share/examples_rclcpp_multithreaded_executor/hook/cmake_prefix_path.sh'
[34.573s] Level 1:colcon.colcon_core.environment:checking '/home/vboxuser/ros2_ws/install/examples_rclcpp_multithreaded_executor/lib'
[34.573s] Level 1:colcon.colcon_core.environment:checking '/home/vboxuser/ros2_ws/install/examples_rclcpp_multithreaded_executor/bin'
[34.573s] Level 1:colcon.colcon_core.environment:checking '/home/vboxuser/ros2_ws/install/examples_rclcpp_multithreaded_executor/lib/pkgconfig/examples_rclcpp_multithreaded_executor.pc'
[34.573s] Level 1:colcon.colcon_core.environment:checking '/home/vboxuser/ros2_ws/install/examples_rclcpp_multithreaded_executor/lib/python3.10/site-packages'
[34.574s] Level 1:colcon.colcon_core.environment:checking '/home/vboxuser/ros2_ws/install/examples_rclcpp_multithreaded_executor/bin'
[34.574s] INFO:colcon.colcon_core.shell:Creating package script '/home/vboxuser/ros2_ws/install/examples_rclcpp_multithreaded_executor/share/examples_rclcpp_multithreaded_executor/package.ps1'
[34.576s] INFO:colcon.colcon_core.shell:Creating package descriptor '/home/vboxuser/ros2_ws/install/examples_rclcpp_multithreaded_executor/share/examples_rclcpp_multithreaded_executor/package.dsv'
[34.582s] INFO:colcon.colcon_core.shell:Creating package script '/home/vboxuser/ros2_ws/install/examples_rclcpp_multithreaded_executor/share/examples_rclcpp_multithreaded_executor/package.sh'
[34.586s] INFO:colcon.colcon_core.shell:Creating package script '/home/vboxuser/ros2_ws/install/examples_rclcpp_multithreaded_executor/share/examples_rclcpp_multithreaded_executor/package.bash'
[34.597s] INFO:colcon.colcon_core.shell:Creating package script '/home/vboxuser/ros2_ws/install/examples_rclcpp_multithreaded_executor/share/examples_rclcpp_multithreaded_executor/package.zsh'
[34.612s] Level 1:colcon.colcon_core.environment:create_file_with_runtime_dependencies(/home/vboxuser/ros2_ws/install/examples_rclcpp_multithreaded_executor/share/colcon-core/packages/examples_rclcpp_multithreaded_executor)
[34.616s] Level 1:colcon.colcon_core.environment:create_environment_scripts_only(examples_rclcpp_minimal_timer)
[34.617s] Level 1:colcon.colcon_core.environment:checking '/home/vboxuser/ros2_ws/install/examples_rclcpp_minimal_timer' for CMake module files
[34.618s] Level 1:colcon.colcon_core.environment:checking '/home/vboxuser/ros2_ws/install/examples_rclcpp_minimal_timer' for CMake config files
[34.618s] Level 1:colcon.colcon_core.shell:create_environment_hook('examples_rclcpp_minimal_timer', 'cmake_prefix_path')
[34.619s] INFO:colcon.colcon_core.shell:Creating environment hook '/home/vboxuser/ros2_ws/install/examples_rclcpp_minimal_timer/share/examples_rclcpp_minimal_timer/hook/cmake_prefix_path.ps1'
[34.637s] INFO:colcon.colcon_core.shell:Creating environment descriptor '/home/vboxuser/ros2_ws/install/examples_rclcpp_minimal_timer/share/examples_rclcpp_minimal_timer/hook/cmake_prefix_path.dsv'
[34.644s] DEBUG:colcon.colcon_core.event_handler.log_command:Invoked command in '/home/vboxuser/ros2_ws/build/examples_rclcpp_minimal_timer' returned '0': CMAKE_PREFIX_PATH=${CMAKE_PREFIX_PATH}:/home/vboxuser/ros2_ws/install/py_pubsub:/home/vboxuser/ros2_ws/install/launch_testing_examples:/home/vboxuser/ros2_ws/install/examples_rclpy_pointcloud_publisher:/home/vboxuser/ros2_ws/install/examples_rclpy_minimal_subscriber:/home/vboxuser/ros2_ws/install/examples_rclpy_minimal_service:/home/vboxuser/ros2_ws/install/examples_rclpy_minimal_publisher:/home/vboxuser/ros2_ws/install/examples_rclpy_minimal_client:/home/vboxuser/ros2_ws/install/examples_rclpy_minimal_action_server:/home/vboxuser/ros2_ws/install/examples_rclpy_minimal_action_client:/home/vboxuser/ros2_ws/install/examples_rclpy_guard_conditions:/home/vboxuser/ros2_ws/install/examples_rclpy_executors:/home/vboxuser/ros2_ws/install/bms_visualizer:/opt/ros/iron:/home/vboxuser/ros2_iron/install/rqt_bag_plugins:/home/vboxuser/ros2_iron/install/rqt_bag:/home/vboxuser/ros2_iron/install/rosbag2_examples_py:/home/vboxuser/ros2_iron/install/launch_testing_examples:/home/vboxuser/ros2_iron/install/ros2bag:/home/vboxuser/ros2_iron/install/tracetools_test:/home/vboxuser/ros2_iron/install/tracetools_launch:/home/vboxuser/ros2_iron/install/topic_monitor:/home/vboxuser/ros2_iron/install/tf2_tools:/home/vboxuser/ros2_iron/install/examples_tf2_py:/home/vboxuser/ros2_iron/install/tf2_ros_py:/home/vboxuser/ros2_iron/install/examples_rclpy_pointcloud_publisher:/home/vboxuser/ros2_iron/install/sensor_msgs_py:/home/vboxuser/ros2_iron/install/quality_of_service_demo_py:/home/vboxuser/ros2_iron/install/rqt_plot:/home/vboxuser/ros2_iron/install/ros2doctor:/home/vboxuser/ros2_iron/install/lifecycle_py:/home/vboxuser/ros2_iron/install/examples_rclpy_minimal_subscriber:/home/vboxuser/ros2_iron/install/examples_rclpy_minimal_service:/home/vboxuser/ros2_iron/install/examples_rclpy_minimal_publisher:/home/vboxuser/ros2_iron/install/examples_rclpy_minimal_client:/home/vboxuser/ros2_iron/install/examples_rclpy_executors:/home/vboxuser/ros2_iron/install/demo_nodes_py:/home/vboxuser/ros2_iron/install/rqt:/home/vboxuser/ros2_iron/install/ros2component:/home/vboxuser/ros2_iron/install/sros2:/home/vboxuser/ros2_iron/install/rqt_topic:/home/vboxuser/ros2_iron/install/rqt_srv:/home/vboxuser/ros2_iron/install/rqt_shell:/home/vboxuser/ros2_iron/install/rqt_service_caller:/home/vboxuser/ros2_iron/install/rqt_reconfigure:/home/vboxuser/ros2_iron/install/rqt_py_console:/home/vboxuser/ros2_iron/install/rqt_publisher:/home/vboxuser/ros2_iron/install/rqt_action:/home/vboxuser/ros2_iron/install/rqt_msg:/home/vboxuser/ros2_iron/install/rqt_console:/home/vboxuser/ros2_iron/install/rqt_graph:/home/vboxuser/ros2_iron/install/rqt_gui_py:/home/vboxuser/ros2_iron/install/rqt_gui:/home/vboxuser/ros2_iron/install/ros2trace:/home/vboxuser/ros2_iron/install/ros2topic:/home/vboxuser/ros2_iron/install/ros2test:/home/vboxuser/ros2_iron/install/ros2param:/home/vboxuser/ros2_iron/install/ros2lifecycle:/home/vboxuser/ros2_iron/install/ros2service:/home/vboxuser/ros2_iron/install/ros2run:/home/vboxuser/ros2_iron/install/ros2launch:/home/vboxuser/ros2_iron/install/ros2pkg:/home/vboxuser/ros2_iron/install/ros2node:/home/vboxuser/ros2_iron/install/ros2multicast:/home/vboxuser/ros2_iron/install/ros2interface:/home/vboxuser/ros2_iron/install/ros2action:/home/vboxuser/ros2_iron/install/ros2cli:/home/vboxuser/ros2_iron/install/launch_testing_ros:/home/vboxuser/ros2_iron/install/launch_ros:/home/vboxuser/ros2_iron/install/examples_rclpy_minimal_action_server:/home/vboxuser/ros2_iron/install/examples_rclpy_minimal_action_client:/home/vboxuser/ros2_iron/install/examples_rclpy_guard_conditions:/home/vboxuser/ros2_iron/install/action_tutorials_py:/home/vboxuser/ros2_iron/install/ament_uncrustify:/home/vboxuser/ros2_iron/install/tracetools_trace:/home/vboxuser/ros2_iron/install/tracetools_read:/home/vboxuser/ros2_iron/install/test_tracetools_launch:/home/vboxuser/ros2_iron/install/test_ros2trace:/home/vboxuser/ros2_iron/install/test_launch_ros:/home/vboxuser/ros2_iron/install/rpyutils:/home/vboxuser/ros2_iron/install/rosidl_runtime_py:/home/vboxuser/ros2_iron/install/rosidl_pycommon:/home/vboxuser/ros2_iron/install/rosidl_cli:/home/vboxuser/ros2_iron/install/launch_pytest:/home/vboxuser/ros2_iron/install/launch_testing:/home/vboxuser/ros2_iron/install/launch_yaml:/home/vboxuser/ros2_iron/install/launch_xml:/home/vboxuser/ros2_iron/install/launch:/home/vboxuser/ros2_iron/install/osrf_pycommon:/home/vboxuser/ros2_iron/install/domain_coordinator:/home/vboxuser/ros2_iron/install/ament_xmllint:/home/vboxuser/ros2_iron/install/ament_pyflakes:/home/vboxuser/ros2_iron/install/ament_pycodestyle:/home/vboxuser/ros2_iron/install/ament_pep257:/home/vboxuser/ros2_iron/install/ament_pclint:/home/vboxuser/ros2_iron/install/ament_package:/home/vboxuser/ros2_iron/install/ament_mypy:/home/vboxuser/ros2_iron/install/ament_lint_cmake:/home/vboxuser/ros2_iron/install/ament_flake8:/home/vboxuser/ros2_iron/install/ament_copyright:/home/vboxuser/ros2_iron/install/ament_lint:/home/vboxuser/ros2_iron/install/ament_index_python:/home/vboxuser/ros2_iron/install/ament_cpplint:/home/vboxuser/ros2_iron/install/ament_cppcheck:/home/vboxuser/ros2_iron/install/ament_clang_tidy:/home/vboxuser/ros2_iron/install/ament_clang_format /usr/bin/cmake --install /home/vboxuser/ros2_ws/build/examples_rclcpp_minimal_timer
[34.647s] INFO:colcon.colcon_core.shell:Creating environment hook '/home/vboxuser/ros2_ws/install/examples_rclcpp_minimal_timer/share/examples_rclcpp_minimal_timer/hook/cmake_prefix_path.sh'
[34.652s] Level 1:colcon.colcon_core.environment:checking '/home/vboxuser/ros2_ws/install/examples_rclcpp_minimal_timer/lib'
[34.652s] Level 1:colcon.colcon_core.environment:checking '/home/vboxuser/ros2_ws/install/examples_rclcpp_minimal_timer/bin'
[34.653s] Level 1:colcon.colcon_core.environment:checking '/home/vboxuser/ros2_ws/install/examples_rclcpp_minimal_timer/lib/pkgconfig/examples_rclcpp_minimal_timer.pc'
[34.653s] Level 1:colcon.colcon_core.environment:checking '/home/vboxuser/ros2_ws/install/examples_rclcpp_minimal_timer/lib/python3.10/site-packages'
[34.654s] Level 1:colcon.colcon_core.environment:checking '/home/vboxuser/ros2_ws/install/examples_rclcpp_minimal_timer/bin'
[34.657s] INFO:colcon.colcon_core.shell:Creating package script '/home/vboxuser/ros2_ws/install/examples_rclcpp_minimal_timer/share/examples_rclcpp_minimal_timer/package.ps1'
[34.659s] INFO:colcon.colcon_core.shell:Creating package descriptor '/home/vboxuser/ros2_ws/install/examples_rclcpp_minimal_timer/share/examples_rclcpp_minimal_timer/package.dsv'
[34.660s] INFO:colcon.colcon_core.shell:Creating package script '/home/vboxuser/ros2_ws/install/examples_rclcpp_minimal_timer/share/examples_rclcpp_minimal_timer/package.sh'
[34.661s] INFO:colcon.colcon_core.shell:Creating package script '/home/vboxuser/ros2_ws/install/examples_rclcpp_minimal_timer/share/examples_rclcpp_minimal_timer/package.bash'
[34.663s] INFO:colcon.colcon_core.shell:Creating package script '/home/vboxuser/ros2_ws/install/examples_rclcpp_minimal_timer/share/examples_rclcpp_minimal_timer/package.zsh'
[34.668s] Level 1:colcon.colcon_core.environment:create_file_with_runtime_dependencies(/home/vboxuser/ros2_ws/install/examples_rclcpp_minimal_timer/share/colcon-core/packages/examples_rclcpp_minimal_timer)
[34.677s] Level 1:colcon.colcon_core.environment:create_environment_scripts_only(examples_rclcpp_minimal_timer)
[34.681s] Level 1:colcon.colcon_core.environment:checking '/home/vboxuser/ros2_ws/install/examples_rclcpp_minimal_timer' for CMake module files
[34.686s] Level 1:colcon.colcon_core.environment:checking '/home/vboxuser/ros2_ws/install/examples_rclcpp_minimal_timer' for CMake config files
[34.693s] Level 1:colcon.colcon_core.shell:create_environment_hook('examples_rclcpp_minimal_timer', 'cmake_prefix_path')
[34.696s] INFO:colcon.colcon_core.shell:Creating environment hook '/home/vboxuser/ros2_ws/install/examples_rclcpp_minimal_timer/share/examples_rclcpp_minimal_timer/hook/cmake_prefix_path.ps1'
[34.703s] INFO:colcon.colcon_core.shell:Creating environment descriptor '/home/vboxuser/ros2_ws/install/examples_rclcpp_minimal_timer/share/examples_rclcpp_minimal_timer/hook/cmake_prefix_path.dsv'
[34.708s] INFO:colcon.colcon_core.shell:Creating environment hook '/home/vboxuser/ros2_ws/install/examples_rclcpp_minimal_timer/share/examples_rclcpp_minimal_timer/hook/cmake_prefix_path.sh'
[34.733s] Level 1:colcon.colcon_core.environment:checking '/home/vboxuser/ros2_ws/install/examples_rclcpp_minimal_timer/lib'
[34.733s] Level 1:colcon.colcon_core.environment:checking '/home/vboxuser/ros2_ws/install/examples_rclcpp_minimal_timer/bin'
[34.733s] Level 1:colcon.colcon_core.environment:checking '/home/vboxuser/ros2_ws/install/examples_rclcpp_minimal_timer/lib/pkgconfig/examples_rclcpp_minimal_timer.pc'
[34.734s] Level 1:colcon.colcon_core.environment:checking '/home/vboxuser/ros2_ws/install/examples_rclcpp_minimal_timer/lib/python3.10/site-packages'
[34.734s] Level 1:colcon.colcon_core.environment:checking '/home/vboxuser/ros2_ws/install/examples_rclcpp_minimal_timer/bin'
[34.735s] INFO:colcon.colcon_core.shell:Creating package script '/home/vboxuser/ros2_ws/install/examples_rclcpp_minimal_timer/share/examples_rclcpp_minimal_timer/package.ps1'
[34.738s] INFO:colcon.colcon_core.shell:Creating package descriptor '/home/vboxuser/ros2_ws/install/examples_rclcpp_minimal_timer/share/examples_rclcpp_minimal_timer/package.dsv'
[34.742s] INFO:colcon.colcon_core.shell:Creating package script '/home/vboxuser/ros2_ws/install/examples_rclcpp_minimal_timer/share/examples_rclcpp_minimal_timer/package.sh'
[34.747s] INFO:colcon.colcon_core.shell:Creating package script '/home/vboxuser/ros2_ws/install/examples_rclcpp_minimal_timer/share/examples_rclcpp_minimal_timer/package.bash'
[34.751s] INFO:colcon.colcon_core.shell:Creating package script '/home/vboxuser/ros2_ws/install/examples_rclcpp_minimal_timer/share/examples_rclcpp_minimal_timer/package.zsh'
[34.755s] Level 1:colcon.colcon_core.environment:create_file_with_runtime_dependencies(/home/vboxuser/ros2_ws/install/examples_rclcpp_minimal_timer/share/colcon-core/packages/examples_rclcpp_minimal_timer)
[34.757s] INFO:colcon.colcon_ros.task.ament_python.build:Building ROS package in '/home/vboxuser/ros2_ws/src/examples/rclpy/executors' with build type 'ament_python'
[34.757s] Level 1:colcon.colcon_core.shell:create_environment_hook('examples_rclpy_executors', 'ament_prefix_path')
[34.757s] INFO:colcon.colcon_core.shell:Creating environment hook '/home/vboxuser/ros2_ws/install/examples_rclpy_executors/share/examples_rclpy_executors/hook/ament_prefix_path.ps1'
[34.759s] INFO:colcon.colcon_core.shell:Creating environment descriptor '/home/vboxuser/ros2_ws/install/examples_rclpy_executors/share/examples_rclpy_executors/hook/ament_prefix_path.dsv'
[34.761s] INFO:colcon.colcon_core.shell:Creating environment hook '/home/vboxuser/ros2_ws/install/examples_rclpy_executors/share/examples_rclpy_executors/hook/ament_prefix_path.sh'
[34.763s] INFO:colcon.colcon_core.shell:Skip shell extension 'powershell' for command environment: Not usable outside of PowerShell
[34.763s] DEBUG:colcon.colcon_core.shell:Skip shell extension 'dsv' for command environment
[34.850s] INFO:colcon.colcon_ros.task.ament_python.build:Building ROS package in '/home/vboxuser/ros2_ws/src/examples/rclpy/guard_conditions' with build type 'ament_python'
[34.850s] Level 1:colcon.colcon_core.shell:create_environment_hook('examples_rclpy_guard_conditions', 'ament_prefix_path')
[34.855s] INFO:colcon.colcon_core.shell:Creating environment hook '/home/vboxuser/ros2_ws/install/examples_rclpy_guard_conditions/share/examples_rclpy_guard_conditions/hook/ament_prefix_path.ps1'
[34.867s] INFO:colcon.colcon_core.shell:Creating environment descriptor '/home/vboxuser/ros2_ws/install/examples_rclpy_guard_conditions/share/examples_rclpy_guard_conditions/hook/ament_prefix_path.dsv'
[34.868s] INFO:colcon.colcon_core.shell:Creating environment hook '/home/vboxuser/ros2_ws/install/examples_rclpy_guard_conditions/share/examples_rclpy_guard_conditions/hook/ament_prefix_path.sh'
[34.875s] INFO:colcon.colcon_core.shell:Skip shell extension 'powershell' for command environment: Not usable outside of PowerShell
[34.876s] DEBUG:colcon.colcon_core.shell:Skip shell extension 'dsv' for command environment
[36.038s] INFO:colcon.colcon_core.task.python.build:Building Python package in '/home/vboxuser/ros2_ws/src/examples/rclpy/executors'
[36.039s] INFO:colcon.colcon_core.shell:Skip shell extension 'powershell' for command environment: Not usable outside of PowerShell
[36.039s] DEBUG:colcon.colcon_core.shell:Skip shell extension 'dsv' for command environment
[36.157s] Level 1:colcon.colcon_core.environment:create_environment_scripts_only(examples_rclcpp_minimal_subscriber)
[36.158s] Level 1:colcon.colcon_core.environment:checking '/home/vboxuser/ros2_ws/install/examples_rclcpp_minimal_subscriber' for CMake module files
[36.164s] DEBUG:colcon.colcon_core.event_handler.log_command:Invoked command in '/home/vboxuser/ros2_ws/build/examples_rclcpp_minimal_subscriber' returned '0': CMAKE_PREFIX_PATH=${CMAKE_PREFIX_PATH}:/home/vboxuser/ros2_ws/install/py_pubsub:/home/vboxuser/ros2_ws/install/launch_testing_examples:/home/vboxuser/ros2_ws/install/examples_rclpy_pointcloud_publisher:/home/vboxuser/ros2_ws/install/examples_rclpy_minimal_subscriber:/home/vboxuser/ros2_ws/install/examples_rclpy_minimal_service:/home/vboxuser/ros2_ws/install/examples_rclpy_minimal_publisher:/home/vboxuser/ros2_ws/install/examples_rclpy_minimal_client:/home/vboxuser/ros2_ws/install/examples_rclpy_minimal_action_server:/home/vboxuser/ros2_ws/install/examples_rclpy_minimal_action_client:/home/vboxuser/ros2_ws/install/examples_rclpy_guard_conditions:/home/vboxuser/ros2_ws/install/examples_rclpy_executors:/home/vboxuser/ros2_ws/install/bms_visualizer:/opt/ros/iron:/home/vboxuser/ros2_iron/install/rqt_bag_plugins:/home/vboxuser/ros2_iron/install/rqt_bag:/home/vboxuser/ros2_iron/install/rosbag2_examples_py:/home/vboxuser/ros2_iron/install/launch_testing_examples:/home/vboxuser/ros2_iron/install/ros2bag:/home/vboxuser/ros2_iron/install/tracetools_test:/home/vboxuser/ros2_iron/install/tracetools_launch:/home/vboxuser/ros2_iron/install/topic_monitor:/home/vboxuser/ros2_iron/install/tf2_tools:/home/vboxuser/ros2_iron/install/examples_tf2_py:/home/vboxuser/ros2_iron/install/tf2_ros_py:/home/vboxuser/ros2_iron/install/examples_rclpy_pointcloud_publisher:/home/vboxuser/ros2_iron/install/sensor_msgs_py:/home/vboxuser/ros2_iron/install/quality_of_service_demo_py:/home/vboxuser/ros2_iron/install/rqt_plot:/home/vboxuser/ros2_iron/install/ros2doctor:/home/vboxuser/ros2_iron/install/lifecycle_py:/home/vboxuser/ros2_iron/install/examples_rclpy_minimal_subscriber:/home/vboxuser/ros2_iron/install/examples_rclpy_minimal_service:/home/vboxuser/ros2_iron/install/examples_rclpy_minimal_publisher:/home/vboxuser/ros2_iron/install/examples_rclpy_minimal_client:/home/vboxuser/ros2_iron/install/examples_rclpy_executors:/home/vboxuser/ros2_iron/install/demo_nodes_py:/home/vboxuser/ros2_iron/install/rqt:/home/vboxuser/ros2_iron/install/ros2component:/home/vboxuser/ros2_iron/install/sros2:/home/vboxuser/ros2_iron/install/rqt_topic:/home/vboxuser/ros2_iron/install/rqt_srv:/home/vboxuser/ros2_iron/install/rqt_shell:/home/vboxuser/ros2_iron/install/rqt_service_caller:/home/vboxuser/ros2_iron/install/rqt_reconfigure:/home/vboxuser/ros2_iron/install/rqt_py_console:/home/vboxuser/ros2_iron/install/rqt_publisher:/home/vboxuser/ros2_iron/install/rqt_action:/home/vboxuser/ros2_iron/install/rqt_msg:/home/vboxuser/ros2_iron/install/rqt_console:/home/vboxuser/ros2_iron/install/rqt_graph:/home/vboxuser/ros2_iron/install/rqt_gui_py:/home/vboxuser/ros2_iron/install/rqt_gui:/home/vboxuser/ros2_iron/install/ros2trace:/home/vboxuser/ros2_iron/install/ros2topic:/home/vboxuser/ros2_iron/install/ros2test:/home/vboxuser/ros2_iron/install/ros2param:/home/vboxuser/ros2_iron/install/ros2lifecycle:/home/vboxuser/ros2_iron/install/ros2service:/home/vboxuser/ros2_iron/install/ros2run:/home/vboxuser/ros2_iron/install/ros2launch:/home/vboxuser/ros2_iron/install/ros2pkg:/home/vboxuser/ros2_iron/install/ros2node:/home/vboxuser/ros2_iron/install/ros2multicast:/home/vboxuser/ros2_iron/install/ros2interface:/home/vboxuser/ros2_iron/install/ros2action:/home/vboxuser/ros2_iron/install/ros2cli:/home/vboxuser/ros2_iron/install/launch_testing_ros:/home/vboxuser/ros2_iron/install/launch_ros:/home/vboxuser/ros2_iron/install/examples_rclpy_minimal_action_server:/home/vboxuser/ros2_iron/install/examples_rclpy_minimal_action_client:/home/vboxuser/ros2_iron/install/examples_rclpy_guard_conditions:/home/vboxuser/ros2_iron/install/action_tutorials_py:/home/vboxuser/ros2_iron/install/ament_uncrustify:/home/vboxuser/ros2_iron/install/tracetools_trace:/home/vboxuser/ros2_iron/install/tracetools_read:/home/vboxuser/ros2_iron/install/test_tracetools_launch:/home/vboxuser/ros2_iron/install/test_ros2trace:/home/vboxuser/ros2_iron/install/test_launch_ros:/home/vboxuser/ros2_iron/install/rpyutils:/home/vboxuser/ros2_iron/install/rosidl_runtime_py:/home/vboxuser/ros2_iron/install/rosidl_pycommon:/home/vboxuser/ros2_iron/install/rosidl_cli:/home/vboxuser/ros2_iron/install/launch_pytest:/home/vboxuser/ros2_iron/install/launch_testing:/home/vboxuser/ros2_iron/install/launch_yaml:/home/vboxuser/ros2_iron/install/launch_xml:/home/vboxuser/ros2_iron/install/launch:/home/vboxuser/ros2_iron/install/osrf_pycommon:/home/vboxuser/ros2_iron/install/domain_coordinator:/home/vboxuser/ros2_iron/install/ament_xmllint:/home/vboxuser/ros2_iron/install/ament_pyflakes:/home/vboxuser/ros2_iron/install/ament_pycodestyle:/home/vboxuser/ros2_iron/install/ament_pep257:/home/vboxuser/ros2_iron/install/ament_pclint:/home/vboxuser/ros2_iron/install/ament_package:/home/vboxuser/ros2_iron/install/ament_mypy:/home/vboxuser/ros2_iron/install/ament_lint_cmake:/home/vboxuser/ros2_iron/install/ament_flake8:/home/vboxuser/ros2_iron/install/ament_copyright:/home/vboxuser/ros2_iron/install/ament_lint:/home/vboxuser/ros2_iron/install/ament_index_python:/home/vboxuser/ros2_iron/install/ament_cpplint:/home/vboxuser/ros2_iron/install/ament_cppcheck:/home/vboxuser/ros2_iron/install/ament_clang_tidy:/home/vboxuser/ros2_iron/install/ament_clang_format /usr/bin/cmake --install /home/vboxuser/ros2_ws/build/examples_rclcpp_minimal_subscriber
[36.166s] Level 1:colcon.colcon_core.environment:checking '/home/vboxuser/ros2_ws/install/examples_rclcpp_minimal_subscriber' for CMake config files
[36.166s] Level 1:colcon.colcon_core.shell:create_environment_hook('examples_rclcpp_minimal_subscriber', 'cmake_prefix_path')
[36.167s] INFO:colcon.colcon_core.shell:Creating environment hook '/home/vboxuser/ros2_ws/install/examples_rclcpp_minimal_subscriber/share/examples_rclcpp_minimal_subscriber/hook/cmake_prefix_path.ps1'
[36.173s] INFO:colcon.colcon_core.shell:Creating environment descriptor '/home/vboxuser/ros2_ws/install/examples_rclcpp_minimal_subscriber/share/examples_rclcpp_minimal_subscriber/hook/cmake_prefix_path.dsv'
[36.174s] INFO:colcon.colcon_core.shell:Creating environment hook '/home/vboxuser/ros2_ws/install/examples_rclcpp_minimal_subscriber/share/examples_rclcpp_minimal_subscriber/hook/cmake_prefix_path.sh'
[36.182s] Level 1:colcon.colcon_core.environment:checking '/home/vboxuser/ros2_ws/install/examples_rclcpp_minimal_subscriber/lib'
[36.183s] Level 1:colcon.colcon_core.shell:create_environment_hook('examples_rclcpp_minimal_subscriber', 'ld_library_path_lib')
[36.184s] INFO:colcon.colcon_core.shell:Creating environment hook '/home/vboxuser/ros2_ws/install/examples_rclcpp_minimal_subscriber/share/examples_rclcpp_minimal_subscriber/hook/ld_library_path_lib.ps1'
[36.190s] INFO:colcon.colcon_core.shell:Creating environment descriptor '/home/vboxuser/ros2_ws/install/examples_rclcpp_minimal_subscriber/share/examples_rclcpp_minimal_subscriber/hook/ld_library_path_lib.dsv'
[36.197s] INFO:colcon.colcon_core.shell:Creating environment hook '/home/vboxuser/ros2_ws/install/examples_rclcpp_minimal_subscriber/share/examples_rclcpp_minimal_subscriber/hook/ld_library_path_lib.sh'
[36.200s] Level 1:colcon.colcon_core.environment:checking '/home/vboxuser/ros2_ws/install/examples_rclcpp_minimal_subscriber/bin'
[36.200s] Level 1:colcon.colcon_core.environment:checking '/home/vboxuser/ros2_ws/install/examples_rclcpp_minimal_subscriber/lib/pkgconfig/examples_rclcpp_minimal_subscriber.pc'
[36.201s] Level 1:colcon.colcon_core.environment:checking '/home/vboxuser/ros2_ws/install/examples_rclcpp_minimal_subscriber/lib/python3.10/site-packages'
[36.202s] Level 1:colcon.colcon_core.environment:checking '/home/vboxuser/ros2_ws/install/examples_rclcpp_minimal_subscriber/bin'
[36.203s] INFO:colcon.colcon_core.shell:Creating package script '/home/vboxuser/ros2_ws/install/examples_rclcpp_minimal_subscriber/share/examples_rclcpp_minimal_subscriber/package.ps1'
[36.207s] INFO:colcon.colcon_core.shell:Creating package descriptor '/home/vboxuser/ros2_ws/install/examples_rclcpp_minimal_subscriber/share/examples_rclcpp_minimal_subscriber/package.dsv'
[36.208s] INFO:colcon.colcon_core.shell:Creating package script '/home/vboxuser/ros2_ws/install/examples_rclcpp_minimal_subscriber/share/examples_rclcpp_minimal_subscriber/package.sh'
[36.210s] INFO:colcon.colcon_core.shell:Creating package script '/home/vboxuser/ros2_ws/install/examples_rclcpp_minimal_subscriber/share/examples_rclcpp_minimal_subscriber/package.bash'
[36.213s] INFO:colcon.colcon_core.shell:Creating package script '/home/vboxuser/ros2_ws/install/examples_rclcpp_minimal_subscriber/share/examples_rclcpp_minimal_subscriber/package.zsh'
[36.215s] Level 1:colcon.colcon_core.environment:create_file_with_runtime_dependencies(/home/vboxuser/ros2_ws/install/examples_rclcpp_minimal_subscriber/share/colcon-core/packages/examples_rclcpp_minimal_subscriber)
[36.218s] Level 1:colcon.colcon_core.environment:create_environment_scripts_only(examples_rclcpp_minimal_subscriber)
[36.218s] Level 1:colcon.colcon_core.environment:checking '/home/vboxuser/ros2_ws/install/examples_rclcpp_minimal_subscriber' for CMake module files
[36.220s] Level 1:colcon.colcon_core.environment:checking '/home/vboxuser/ros2_ws/install/examples_rclcpp_minimal_subscriber' for CMake config files
[36.221s] Level 1:colcon.colcon_core.shell:create_environment_hook('examples_rclcpp_minimal_subscriber', 'cmake_prefix_path')
[36.222s] INFO:colcon.colcon_core.shell:Creating environment hook '/home/vboxuser/ros2_ws/install/examples_rclcpp_minimal_subscriber/share/examples_rclcpp_minimal_subscriber/hook/cmake_prefix_path.ps1'
[36.223s] INFO:colcon.colcon_core.shell:Creating environment descriptor '/home/vboxuser/ros2_ws/install/examples_rclcpp_minimal_subscriber/share/examples_rclcpp_minimal_subscriber/hook/cmake_prefix_path.dsv'
[36.225s] INFO:colcon.colcon_core.shell:Creating environment hook '/home/vboxuser/ros2_ws/install/examples_rclcpp_minimal_subscriber/share/examples_rclcpp_minimal_subscriber/hook/cmake_prefix_path.sh'
[36.228s] Level 1:colcon.colcon_core.environment:checking '/home/vboxuser/ros2_ws/install/examples_rclcpp_minimal_subscriber/lib'
[36.228s] Level 1:colcon.colcon_core.shell:create_environment_hook('examples_rclcpp_minimal_subscriber', 'ld_library_path_lib')
[36.229s] INFO:colcon.colcon_core.shell:Creating environment hook '/home/vboxuser/ros2_ws/install/examples_rclcpp_minimal_subscriber/share/examples_rclcpp_minimal_subscriber/hook/ld_library_path_lib.ps1'
[36.231s] INFO:colcon.colcon_core.shell:Creating environment descriptor '/home/vboxuser/ros2_ws/install/examples_rclcpp_minimal_subscriber/share/examples_rclcpp_minimal_subscriber/hook/ld_library_path_lib.dsv'
[36.233s] INFO:colcon.colcon_core.shell:Creating environment hook '/home/vboxuser/ros2_ws/install/examples_rclcpp_minimal_subscriber/share/examples_rclcpp_minimal_subscriber/hook/ld_library_path_lib.sh'
[36.235s] Level 1:colcon.colcon_core.environment:checking '/home/vboxuser/ros2_ws/install/examples_rclcpp_minimal_subscriber/bin'
[36.235s] Level 1:colcon.colcon_core.environment:checking '/home/vboxuser/ros2_ws/install/examples_rclcpp_minimal_subscriber/lib/pkgconfig/examples_rclcpp_minimal_subscriber.pc'
[36.236s] Level 1:colcon.colcon_core.environment:checking '/home/vboxuser/ros2_ws/install/examples_rclcpp_minimal_subscriber/lib/python3.10/site-packages'
[36.236s] Level 1:colcon.colcon_core.environment:checking '/home/vboxuser/ros2_ws/install/examples_rclcpp_minimal_subscriber/bin'
[36.237s] INFO:colcon.colcon_core.shell:Creating package script '/home/vboxuser/ros2_ws/install/examples_rclcpp_minimal_subscriber/share/examples_rclcpp_minimal_subscriber/package.ps1'
[36.240s] INFO:colcon.colcon_core.shell:Creating package descriptor '/home/vboxuser/ros2_ws/install/examples_rclcpp_minimal_subscriber/share/examples_rclcpp_minimal_subscriber/package.dsv'
[36.242s] INFO:colcon.colcon_core.shell:Creating package script '/home/vboxuser/ros2_ws/install/examples_rclcpp_minimal_subscriber/share/examples_rclcpp_minimal_subscriber/package.sh'
[36.244s] INFO:colcon.colcon_core.shell:Creating package script '/home/vboxuser/ros2_ws/install/examples_rclcpp_minimal_subscriber/share/examples_rclcpp_minimal_subscriber/package.bash'
[36.246s] INFO:colcon.colcon_core.shell:Creating package script '/home/vboxuser/ros2_ws/install/examples_rclcpp_minimal_subscriber/share/examples_rclcpp_minimal_subscriber/package.zsh'
[36.248s] Level 1:colcon.colcon_core.environment:create_file_with_runtime_dependencies(/home/vboxuser/ros2_ws/install/examples_rclcpp_minimal_subscriber/share/colcon-core/packages/examples_rclcpp_minimal_subscriber)
[36.258s] INFO:colcon.colcon_ros.task.ament_python.build:Building ROS package in '/home/vboxuser/ros2_ws/src/examples/rclpy/actions/minimal_action_client' with build type 'ament_python'
[36.259s] Level 1:colcon.colcon_core.shell:create_environment_hook('examples_rclpy_minimal_action_client', 'ament_prefix_path')
[36.260s] INFO:colcon.colcon_core.shell:Creating environment hook '/home/vboxuser/ros2_ws/install/examples_rclpy_minimal_action_client/share/examples_rclpy_minimal_action_client/hook/ament_prefix_path.ps1'
[36.265s] INFO:colcon.colcon_core.shell:Creating environment descriptor '/home/vboxuser/ros2_ws/install/examples_rclpy_minimal_action_client/share/examples_rclpy_minimal_action_client/hook/ament_prefix_path.dsv'
[36.269s] INFO:colcon.colcon_core.shell:Creating environment hook '/home/vboxuser/ros2_ws/install/examples_rclpy_minimal_action_client/share/examples_rclpy_minimal_action_client/hook/ament_prefix_path.sh'
[36.273s] INFO:colcon.colcon_core.shell:Skip shell extension 'powershell' for command environment: Not usable outside of PowerShell
[36.274s] DEBUG:colcon.colcon_core.shell:Skip shell extension 'dsv' for command environment
[36.350s] DEBUG:colcon.colcon_core.event_handler.log_command:Invoked command in '/home/vboxuser/ros2_ws/build/examples_rclcpp_wait_set' returned '0': CMAKE_PREFIX_PATH=${CMAKE_PREFIX_PATH}:/home/vboxuser/ros2_ws/install/py_pubsub:/home/vboxuser/ros2_ws/install/launch_testing_examples:/home/vboxuser/ros2_ws/install/examples_rclpy_pointcloud_publisher:/home/vboxuser/ros2_ws/install/examples_rclpy_minimal_subscriber:/home/vboxuser/ros2_ws/install/examples_rclpy_minimal_service:/home/vboxuser/ros2_ws/install/examples_rclpy_minimal_publisher:/home/vboxuser/ros2_ws/install/examples_rclpy_minimal_client:/home/vboxuser/ros2_ws/install/examples_rclpy_minimal_action_server:/home/vboxuser/ros2_ws/install/examples_rclpy_minimal_action_client:/home/vboxuser/ros2_ws/install/examples_rclpy_guard_conditions:/home/vboxuser/ros2_ws/install/examples_rclpy_executors:/home/vboxuser/ros2_ws/install/bms_visualizer:/opt/ros/iron:/home/vboxuser/ros2_iron/install/rqt_bag_plugins:/home/vboxuser/ros2_iron/install/rqt_bag:/home/vboxuser/ros2_iron/install/rosbag2_examples_py:/home/vboxuser/ros2_iron/install/launch_testing_examples:/home/vboxuser/ros2_iron/install/ros2bag:/home/vboxuser/ros2_iron/install/tracetools_test:/home/vboxuser/ros2_iron/install/tracetools_launch:/home/vboxuser/ros2_iron/install/topic_monitor:/home/vboxuser/ros2_iron/install/tf2_tools:/home/vboxuser/ros2_iron/install/examples_tf2_py:/home/vboxuser/ros2_iron/install/tf2_ros_py:/home/vboxuser/ros2_iron/install/examples_rclpy_pointcloud_publisher:/home/vboxuser/ros2_iron/install/sensor_msgs_py:/home/vboxuser/ros2_iron/install/quality_of_service_demo_py:/home/vboxuser/ros2_iron/install/rqt_plot:/home/vboxuser/ros2_iron/install/ros2doctor:/home/vboxuser/ros2_iron/install/lifecycle_py:/home/vboxuser/ros2_iron/install/examples_rclpy_minimal_subscriber:/home/vboxuser/ros2_iron/install/examples_rclpy_minimal_service:/home/vboxuser/ros2_iron/install/examples_rclpy_minimal_publisher:/home/vboxuser/ros2_iron/install/examples_rclpy_minimal_client:/home/vboxuser/ros2_iron/install/examples_rclpy_executors:/home/vboxuser/ros2_iron/install/demo_nodes_py:/home/vboxuser/ros2_iron/install/rqt:/home/vboxuser/ros2_iron/install/ros2component:/home/vboxuser/ros2_iron/install/sros2:/home/vboxuser/ros2_iron/install/rqt_topic:/home/vboxuser/ros2_iron/install/rqt_srv:/home/vboxuser/ros2_iron/install/rqt_shell:/home/vboxuser/ros2_iron/install/rqt_service_caller:/home/vboxuser/ros2_iron/install/rqt_reconfigure:/home/vboxuser/ros2_iron/install/rqt_py_console:/home/vboxuser/ros2_iron/install/rqt_publisher:/home/vboxuser/ros2_iron/install/rqt_action:/home/vboxuser/ros2_iron/install/rqt_msg:/home/vboxuser/ros2_iron/install/rqt_console:/home/vboxuser/ros2_iron/install/rqt_graph:/home/vboxuser/ros2_iron/install/rqt_gui_py:/home/vboxuser/ros2_iron/install/rqt_gui:/home/vboxuser/ros2_iron/install/ros2trace:/home/vboxuser/ros2_iron/install/ros2topic:/home/vboxuser/ros2_iron/install/ros2test:/home/vboxuser/ros2_iron/install/ros2param:/home/vboxuser/ros2_iron/install/ros2lifecycle:/home/vboxuser/ros2_iron/install/ros2service:/home/vboxuser/ros2_iron/install/ros2run:/home/vboxuser/ros2_iron/install/ros2launch:/home/vboxuser/ros2_iron/install/ros2pkg:/home/vboxuser/ros2_iron/install/ros2node:/home/vboxuser/ros2_iron/install/ros2multicast:/home/vboxuser/ros2_iron/install/ros2interface:/home/vboxuser/ros2_iron/install/ros2action:/home/vboxuser/ros2_iron/install/ros2cli:/home/vboxuser/ros2_iron/install/launch_testing_ros:/home/vboxuser/ros2_iron/install/launch_ros:/home/vboxuser/ros2_iron/install/examples_rclpy_minimal_action_server:/home/vboxuser/ros2_iron/install/examples_rclpy_minimal_action_client:/home/vboxuser/ros2_iron/install/examples_rclpy_guard_conditions:/home/vboxuser/ros2_iron/install/action_tutorials_py:/home/vboxuser/ros2_iron/install/ament_uncrustify:/home/vboxuser/ros2_iron/install/tracetools_trace:/home/vboxuser/ros2_iron/install/tracetools_read:/home/vboxuser/ros2_iron/install/test_tracetools_launch:/home/vboxuser/ros2_iron/install/test_ros2trace:/home/vboxuser/ros2_iron/install/test_launch_ros:/home/vboxuser/ros2_iron/install/rpyutils:/home/vboxuser/ros2_iron/install/rosidl_runtime_py:/home/vboxuser/ros2_iron/install/rosidl_pycommon:/home/vboxuser/ros2_iron/install/rosidl_cli:/home/vboxuser/ros2_iron/install/launch_pytest:/home/vboxuser/ros2_iron/install/launch_testing:/home/vboxuser/ros2_iron/install/launch_yaml:/home/vboxuser/ros2_iron/install/launch_xml:/home/vboxuser/ros2_iron/install/launch:/home/vboxuser/ros2_iron/install/osrf_pycommon:/home/vboxuser/ros2_iron/install/domain_coordinator:/home/vboxuser/ros2_iron/install/ament_xmllint:/home/vboxuser/ros2_iron/install/ament_pyflakes:/home/vboxuser/ros2_iron/install/ament_pycodestyle:/home/vboxuser/ros2_iron/install/ament_pep257:/home/vboxuser/ros2_iron/install/ament_pclint:/home/vboxuser/ros2_iron/install/ament_package:/home/vboxuser/ros2_iron/install/ament_mypy:/home/vboxuser/ros2_iron/install/ament_lint_cmake:/home/vboxuser/ros2_iron/install/ament_flake8:/home/vboxuser/ros2_iron/install/ament_copyright:/home/vboxuser/ros2_iron/install/ament_lint:/home/vboxuser/ros2_iron/install/ament_index_python:/home/vboxuser/ros2_iron/install/ament_cpplint:/home/vboxuser/ros2_iron/install/ament_cppcheck:/home/vboxuser/ros2_iron/install/ament_clang_tidy:/home/vboxuser/ros2_iron/install/ament_clang_format /usr/bin/cmake --build /home/vboxuser/ros2_ws/build/examples_rclcpp_wait_set -- -j4 -l4
[36.368s] DEBUG:colcon.colcon_core.event_handler.log_command:Invoking command in '/home/vboxuser/ros2_ws/build/examples_rclcpp_wait_set': CMAKE_PREFIX_PATH=${CMAKE_PREFIX_PATH}:/home/vboxuser/ros2_ws/install/py_pubsub:/home/vboxuser/ros2_ws/install/launch_testing_examples:/home/vboxuser/ros2_ws/install/examples_rclpy_pointcloud_publisher:/home/vboxuser/ros2_ws/install/examples_rclpy_minimal_subscriber:/home/vboxuser/ros2_ws/install/examples_rclpy_minimal_service:/home/vboxuser/ros2_ws/install/examples_rclpy_minimal_publisher:/home/vboxuser/ros2_ws/install/examples_rclpy_minimal_client:/home/vboxuser/ros2_ws/install/examples_rclpy_minimal_action_server:/home/vboxuser/ros2_ws/install/examples_rclpy_minimal_action_client:/home/vboxuser/ros2_ws/install/examples_rclpy_guard_conditions:/home/vboxuser/ros2_ws/install/examples_rclpy_executors:/home/vboxuser/ros2_ws/install/bms_visualizer:/opt/ros/iron:/home/vboxuser/ros2_iron/install/rqt_bag_plugins:/home/vboxuser/ros2_iron/install/rqt_bag:/home/vboxuser/ros2_iron/install/rosbag2_examples_py:/home/vboxuser/ros2_iron/install/launch_testing_examples:/home/vboxuser/ros2_iron/install/ros2bag:/home/vboxuser/ros2_iron/install/tracetools_test:/home/vboxuser/ros2_iron/install/tracetools_launch:/home/vboxuser/ros2_iron/install/topic_monitor:/home/vboxuser/ros2_iron/install/tf2_tools:/home/vboxuser/ros2_iron/install/examples_tf2_py:/home/vboxuser/ros2_iron/install/tf2_ros_py:/home/vboxuser/ros2_iron/install/examples_rclpy_pointcloud_publisher:/home/vboxuser/ros2_iron/install/sensor_msgs_py:/home/vboxuser/ros2_iron/install/quality_of_service_demo_py:/home/vboxuser/ros2_iron/install/rqt_plot:/home/vboxuser/ros2_iron/install/ros2doctor:/home/vboxuser/ros2_iron/install/lifecycle_py:/home/vboxuser/ros2_iron/install/examples_rclpy_minimal_subscriber:/home/vboxuser/ros2_iron/install/examples_rclpy_minimal_service:/home/vboxuser/ros2_iron/install/examples_rclpy_minimal_publisher:/home/vboxuser/ros2_iron/install/examples_rclpy_minimal_client:/home/vboxuser/ros2_iron/install/examples_rclpy_executors:/home/vboxuser/ros2_iron/install/demo_nodes_py:/home/vboxuser/ros2_iron/install/rqt:/home/vboxuser/ros2_iron/install/ros2component:/home/vboxuser/ros2_iron/install/sros2:/home/vboxuser/ros2_iron/install/rqt_topic:/home/vboxuser/ros2_iron/install/rqt_srv:/home/vboxuser/ros2_iron/install/rqt_shell:/home/vboxuser/ros2_iron/install/rqt_service_caller:/home/vboxuser/ros2_iron/install/rqt_reconfigure:/home/vboxuser/ros2_iron/install/rqt_py_console:/home/vboxuser/ros2_iron/install/rqt_publisher:/home/vboxuser/ros2_iron/install/rqt_action:/home/vboxuser/ros2_iron/install/rqt_msg:/home/vboxuser/ros2_iron/install/rqt_console:/home/vboxuser/ros2_iron/install/rqt_graph:/home/vboxuser/ros2_iron/install/rqt_gui_py:/home/vboxuser/ros2_iron/install/rqt_gui:/home/vboxuser/ros2_iron/install/ros2trace:/home/vboxuser/ros2_iron/install/ros2topic:/home/vboxuser/ros2_iron/install/ros2test:/home/vboxuser/ros2_iron/install/ros2param:/home/vboxuser/ros2_iron/install/ros2lifecycle:/home/vboxuser/ros2_iron/install/ros2service:/home/vboxuser/ros2_iron/install/ros2run:/home/vboxuser/ros2_iron/install/ros2launch:/home/vboxuser/ros2_iron/install/ros2pkg:/home/vboxuser/ros2_iron/install/ros2node:/home/vboxuser/ros2_iron/install/ros2multicast:/home/vboxuser/ros2_iron/install/ros2interface:/home/vboxuser/ros2_iron/install/ros2action:/home/vboxuser/ros2_iron/install/ros2cli:/home/vboxuser/ros2_iron/install/launch_testing_ros:/home/vboxuser/ros2_iron/install/launch_ros:/home/vboxuser/ros2_iron/install/examples_rclpy_minimal_action_server:/home/vboxuser/ros2_iron/install/examples_rclpy_minimal_action_client:/home/vboxuser/ros2_iron/install/examples_rclpy_guard_conditions:/home/vboxuser/ros2_iron/install/action_tutorials_py:/home/vboxuser/ros2_iron/install/ament_uncrustify:/home/vboxuser/ros2_iron/install/tracetools_trace:/home/vboxuser/ros2_iron/install/tracetools_read:/home/vboxuser/ros2_iron/install/test_tracetools_launch:/home/vboxuser/ros2_iron/install/test_ros2trace:/home/vboxuser/ros2_iron/install/test_launch_ros:/home/vboxuser/ros2_iron/install/rpyutils:/home/vboxuser/ros2_iron/install/rosidl_runtime_py:/home/vboxuser/ros2_iron/install/rosidl_pycommon:/home/vboxuser/ros2_iron/install/rosidl_cli:/home/vboxuser/ros2_iron/install/launch_pytest:/home/vboxuser/ros2_iron/install/launch_testing:/home/vboxuser/ros2_iron/install/launch_yaml:/home/vboxuser/ros2_iron/install/launch_xml:/home/vboxuser/ros2_iron/install/launch:/home/vboxuser/ros2_iron/install/osrf_pycommon:/home/vboxuser/ros2_iron/install/domain_coordinator:/home/vboxuser/ros2_iron/install/ament_xmllint:/home/vboxuser/ros2_iron/install/ament_pyflakes:/home/vboxuser/ros2_iron/install/ament_pycodestyle:/home/vboxuser/ros2_iron/install/ament_pep257:/home/vboxuser/ros2_iron/install/ament_pclint:/home/vboxuser/ros2_iron/install/ament_package:/home/vboxuser/ros2_iron/install/ament_mypy:/home/vboxuser/ros2_iron/install/ament_lint_cmake:/home/vboxuser/ros2_iron/install/ament_flake8:/home/vboxuser/ros2_iron/install/ament_copyright:/home/vboxuser/ros2_iron/install/ament_lint:/home/vboxuser/ros2_iron/install/ament_index_python:/home/vboxuser/ros2_iron/install/ament_cpplint:/home/vboxuser/ros2_iron/install/ament_cppcheck:/home/vboxuser/ros2_iron/install/ament_clang_tidy:/home/vboxuser/ros2_iron/install/ament_clang_format /usr/bin/cmake --install /home/vboxuser/ros2_ws/build/examples_rclcpp_wait_set
[38.141s] INFO:colcon.colcon_core.task.python.build:Building Python package in '/home/vboxuser/ros2_ws/src/examples/rclpy/guard_conditions'
[38.142s] INFO:colcon.colcon_core.shell:Skip shell extension 'powershell' for command environment: Not usable outside of PowerShell
[38.142s] DEBUG:colcon.colcon_core.shell:Skip shell extension 'dsv' for command environment
[40.307s] INFO:colcon.colcon_core.task.python.build:Building Python package in '/home/vboxuser/ros2_ws/src/examples/rclpy/actions/minimal_action_client'
[40.312s] INFO:colcon.colcon_core.shell:Skip shell extension 'powershell' for command environment: Not usable outside of PowerShell
[40.313s] DEBUG:colcon.colcon_core.shell:Skip shell extension 'dsv' for command environment
[40.459s] Level 1:colcon.colcon_core.environment:create_environment_scripts_only(examples_rclcpp_wait_set)
[40.462s] DEBUG:colcon.colcon_core.event_handler.log_command:Invoked command in '/home/vboxuser/ros2_ws/build/examples_rclcpp_wait_set' returned '0': CMAKE_PREFIX_PATH=${CMAKE_PREFIX_PATH}:/home/vboxuser/ros2_ws/install/py_pubsub:/home/vboxuser/ros2_ws/install/launch_testing_examples:/home/vboxuser/ros2_ws/install/examples_rclpy_pointcloud_publisher:/home/vboxuser/ros2_ws/install/examples_rclpy_minimal_subscriber:/home/vboxuser/ros2_ws/install/examples_rclpy_minimal_service:/home/vboxuser/ros2_ws/install/examples_rclpy_minimal_publisher:/home/vboxuser/ros2_ws/install/examples_rclpy_minimal_client:/home/vboxuser/ros2_ws/install/examples_rclpy_minimal_action_server:/home/vboxuser/ros2_ws/install/examples_rclpy_minimal_action_client:/home/vboxuser/ros2_ws/install/examples_rclpy_guard_conditions:/home/vboxuser/ros2_ws/install/examples_rclpy_executors:/home/vboxuser/ros2_ws/install/bms_visualizer:/opt/ros/iron:/home/vboxuser/ros2_iron/install/rqt_bag_plugins:/home/vboxuser/ros2_iron/install/rqt_bag:/home/vboxuser/ros2_iron/install/rosbag2_examples_py:/home/vboxuser/ros2_iron/install/launch_testing_examples:/home/vboxuser/ros2_iron/install/ros2bag:/home/vboxuser/ros2_iron/install/tracetools_test:/home/vboxuser/ros2_iron/install/tracetools_launch:/home/vboxuser/ros2_iron/install/topic_monitor:/home/vboxuser/ros2_iron/install/tf2_tools:/home/vboxuser/ros2_iron/install/examples_tf2_py:/home/vboxuser/ros2_iron/install/tf2_ros_py:/home/vboxuser/ros2_iron/install/examples_rclpy_pointcloud_publisher:/home/vboxuser/ros2_iron/install/sensor_msgs_py:/home/vboxuser/ros2_iron/install/quality_of_service_demo_py:/home/vboxuser/ros2_iron/install/rqt_plot:/home/vboxuser/ros2_iron/install/ros2doctor:/home/vboxuser/ros2_iron/install/lifecycle_py:/home/vboxuser/ros2_iron/install/examples_rclpy_minimal_subscriber:/home/vboxuser/ros2_iron/install/examples_rclpy_minimal_service:/home/vboxuser/ros2_iron/install/examples_rclpy_minimal_publisher:/home/vboxuser/ros2_iron/install/examples_rclpy_minimal_client:/home/vboxuser/ros2_iron/install/examples_rclpy_executors:/home/vboxuser/ros2_iron/install/demo_nodes_py:/home/vboxuser/ros2_iron/install/rqt:/home/vboxuser/ros2_iron/install/ros2component:/home/vboxuser/ros2_iron/install/sros2:/home/vboxuser/ros2_iron/install/rqt_topic:/home/vboxuser/ros2_iron/install/rqt_srv:/home/vboxuser/ros2_iron/install/rqt_shell:/home/vboxuser/ros2_iron/install/rqt_service_caller:/home/vboxuser/ros2_iron/install/rqt_reconfigure:/home/vboxuser/ros2_iron/install/rqt_py_console:/home/vboxuser/ros2_iron/install/rqt_publisher:/home/vboxuser/ros2_iron/install/rqt_action:/home/vboxuser/ros2_iron/install/rqt_msg:/home/vboxuser/ros2_iron/install/rqt_console:/home/vboxuser/ros2_iron/install/rqt_graph:/home/vboxuser/ros2_iron/install/rqt_gui_py:/home/vboxuser/ros2_iron/install/rqt_gui:/home/vboxuser/ros2_iron/install/ros2trace:/home/vboxuser/ros2_iron/install/ros2topic:/home/vboxuser/ros2_iron/install/ros2test:/home/vboxuser/ros2_iron/install/ros2param:/home/vboxuser/ros2_iron/install/ros2lifecycle:/home/vboxuser/ros2_iron/install/ros2service:/home/vboxuser/ros2_iron/install/ros2run:/home/vboxuser/ros2_iron/install/ros2launch:/home/vboxuser/ros2_iron/install/ros2pkg:/home/vboxuser/ros2_iron/install/ros2node:/home/vboxuser/ros2_iron/install/ros2multicast:/home/vboxuser/ros2_iron/install/ros2interface:/home/vboxuser/ros2_iron/install/ros2action:/home/vboxuser/ros2_iron/install/ros2cli:/home/vboxuser/ros2_iron/install/launch_testing_ros:/home/vboxuser/ros2_iron/install/launch_ros:/home/vboxuser/ros2_iron/install/examples_rclpy_minimal_action_server:/home/vboxuser/ros2_iron/install/examples_rclpy_minimal_action_client:/home/vboxuser/ros2_iron/install/examples_rclpy_guard_conditions:/home/vboxuser/ros2_iron/install/action_tutorials_py:/home/vboxuser/ros2_iron/install/ament_uncrustify:/home/vboxuser/ros2_iron/install/tracetools_trace:/home/vboxuser/ros2_iron/install/tracetools_read:/home/vboxuser/ros2_iron/install/test_tracetools_launch:/home/vboxuser/ros2_iron/install/test_ros2trace:/home/vboxuser/ros2_iron/install/test_launch_ros:/home/vboxuser/ros2_iron/install/rpyutils:/home/vboxuser/ros2_iron/install/rosidl_runtime_py:/home/vboxuser/ros2_iron/install/rosidl_pycommon:/home/vboxuser/ros2_iron/install/rosidl_cli:/home/vboxuser/ros2_iron/install/launch_pytest:/home/vboxuser/ros2_iron/install/launch_testing:/home/vboxuser/ros2_iron/install/launch_yaml:/home/vboxuser/ros2_iron/install/launch_xml:/home/vboxuser/ros2_iron/install/launch:/home/vboxuser/ros2_iron/install/osrf_pycommon:/home/vboxuser/ros2_iron/install/domain_coordinator:/home/vboxuser/ros2_iron/install/ament_xmllint:/home/vboxuser/ros2_iron/install/ament_pyflakes:/home/vboxuser/ros2_iron/install/ament_pycodestyle:/home/vboxuser/ros2_iron/install/ament_pep257:/home/vboxuser/ros2_iron/install/ament_pclint:/home/vboxuser/ros2_iron/install/ament_package:/home/vboxuser/ros2_iron/install/ament_mypy:/home/vboxuser/ros2_iron/install/ament_lint_cmake:/home/vboxuser/ros2_iron/install/ament_flake8:/home/vboxuser/ros2_iron/install/ament_copyright:/home/vboxuser/ros2_iron/install/ament_lint:/home/vboxuser/ros2_iron/install/ament_index_python:/home/vboxuser/ros2_iron/install/ament_cpplint:/home/vboxuser/ros2_iron/install/ament_cppcheck:/home/vboxuser/ros2_iron/install/ament_clang_tidy:/home/vboxuser/ros2_iron/install/ament_clang_format /usr/bin/cmake --install /home/vboxuser/ros2_ws/build/examples_rclcpp_wait_set
[40.467s] Level 1:colcon.colcon_core.environment:checking '/home/vboxuser/ros2_ws/install/examples_rclcpp_wait_set' for CMake module files
[40.471s] Level 1:colcon.colcon_core.environment:checking '/home/vboxuser/ros2_ws/install/examples_rclcpp_wait_set' for CMake config files
[40.472s] Level 1:colcon.colcon_core.shell:create_environment_hook('examples_rclcpp_wait_set', 'cmake_prefix_path')
[40.475s] INFO:colcon.colcon_core.shell:Creating environment hook '/home/vboxuser/ros2_ws/install/examples_rclcpp_wait_set/share/examples_rclcpp_wait_set/hook/cmake_prefix_path.ps1'
[40.480s] INFO:colcon.colcon_core.shell:Creating environment descriptor '/home/vboxuser/ros2_ws/install/examples_rclcpp_wait_set/share/examples_rclcpp_wait_set/hook/cmake_prefix_path.dsv'
[40.482s] INFO:colcon.colcon_core.shell:Creating environment hook '/home/vboxuser/ros2_ws/install/examples_rclcpp_wait_set/share/examples_rclcpp_wait_set/hook/cmake_prefix_path.sh'
[40.487s] Level 1:colcon.colcon_core.environment:checking '/home/vboxuser/ros2_ws/install/examples_rclcpp_wait_set/lib'
[40.488s] Level 1:colcon.colcon_core.shell:create_environment_hook('examples_rclcpp_wait_set', 'ld_library_path_lib')
[40.488s] INFO:colcon.colcon_core.shell:Creating environment hook '/home/vboxuser/ros2_ws/install/examples_rclcpp_wait_set/share/examples_rclcpp_wait_set/hook/ld_library_path_lib.ps1'
[40.489s] INFO:colcon.colcon_core.shell:Creating environment descriptor '/home/vboxuser/ros2_ws/install/examples_rclcpp_wait_set/share/examples_rclcpp_wait_set/hook/ld_library_path_lib.dsv'
[40.491s] INFO:colcon.colcon_core.shell:Creating environment hook '/home/vboxuser/ros2_ws/install/examples_rclcpp_wait_set/share/examples_rclcpp_wait_set/hook/ld_library_path_lib.sh'
[40.498s] Level 1:colcon.colcon_core.environment:checking '/home/vboxuser/ros2_ws/install/examples_rclcpp_wait_set/bin'
[40.498s] Level 1:colcon.colcon_core.environment:checking '/home/vboxuser/ros2_ws/install/examples_rclcpp_wait_set/lib/pkgconfig/examples_rclcpp_wait_set.pc'
[40.499s] Level 1:colcon.colcon_core.environment:checking '/home/vboxuser/ros2_ws/install/examples_rclcpp_wait_set/lib/python3.10/site-packages'
[40.503s] Level 1:colcon.colcon_core.environment:checking '/home/vboxuser/ros2_ws/install/examples_rclcpp_wait_set/bin'
[40.505s] INFO:colcon.colcon_core.shell:Creating package script '/home/vboxuser/ros2_ws/install/examples_rclcpp_wait_set/share/examples_rclcpp_wait_set/package.ps1'
[40.507s] INFO:colcon.colcon_core.shell:Creating package descriptor '/home/vboxuser/ros2_ws/install/examples_rclcpp_wait_set/share/examples_rclcpp_wait_set/package.dsv'
[40.508s] INFO:colcon.colcon_core.shell:Creating package script '/home/vboxuser/ros2_ws/install/examples_rclcpp_wait_set/share/examples_rclcpp_wait_set/package.sh'
[40.509s] INFO:colcon.colcon_core.shell:Creating package script '/home/vboxuser/ros2_ws/install/examples_rclcpp_wait_set/share/examples_rclcpp_wait_set/package.bash'
[40.510s] INFO:colcon.colcon_core.shell:Creating package script '/home/vboxuser/ros2_ws/install/examples_rclcpp_wait_set/share/examples_rclcpp_wait_set/package.zsh'
[40.511s] Level 1:colcon.colcon_core.environment:create_file_with_runtime_dependencies(/home/vboxuser/ros2_ws/install/examples_rclcpp_wait_set/share/colcon-core/packages/examples_rclcpp_wait_set)
[40.512s] Level 1:colcon.colcon_core.environment:create_environment_scripts_only(examples_rclcpp_wait_set)
[40.512s] Level 1:colcon.colcon_core.environment:checking '/home/vboxuser/ros2_ws/install/examples_rclcpp_wait_set' for CMake module files
[40.513s] Level 1:colcon.colcon_core.environment:checking '/home/vboxuser/ros2_ws/install/examples_rclcpp_wait_set' for CMake config files
[40.513s] Level 1:colcon.colcon_core.shell:create_environment_hook('examples_rclcpp_wait_set', 'cmake_prefix_path')
[40.514s] INFO:colcon.colcon_core.shell:Creating environment hook '/home/vboxuser/ros2_ws/install/examples_rclcpp_wait_set/share/examples_rclcpp_wait_set/hook/cmake_prefix_path.ps1'
[40.514s] INFO:colcon.colcon_core.shell:Creating environment descriptor '/home/vboxuser/ros2_ws/install/examples_rclcpp_wait_set/share/examples_rclcpp_wait_set/hook/cmake_prefix_path.dsv'
[40.515s] INFO:colcon.colcon_core.shell:Creating environment hook '/home/vboxuser/ros2_ws/install/examples_rclcpp_wait_set/share/examples_rclcpp_wait_set/hook/cmake_prefix_path.sh'
[40.520s] Level 1:colcon.colcon_core.environment:checking '/home/vboxuser/ros2_ws/install/examples_rclcpp_wait_set/lib'
[40.520s] Level 1:colcon.colcon_core.shell:create_environment_hook('examples_rclcpp_wait_set', 'ld_library_path_lib')
[40.521s] INFO:colcon.colcon_core.shell:Creating environment hook '/home/vboxuser/ros2_ws/install/examples_rclcpp_wait_set/share/examples_rclcpp_wait_set/hook/ld_library_path_lib.ps1'
[40.523s] INFO:colcon.colcon_core.shell:Creating environment descriptor '/home/vboxuser/ros2_ws/install/examples_rclcpp_wait_set/share/examples_rclcpp_wait_set/hook/ld_library_path_lib.dsv'
[40.526s] INFO:colcon.colcon_core.shell:Creating environment hook '/home/vboxuser/ros2_ws/install/examples_rclcpp_wait_set/share/examples_rclcpp_wait_set/hook/ld_library_path_lib.sh'
[40.537s] Level 1:colcon.colcon_core.environment:checking '/home/vboxuser/ros2_ws/install/examples_rclcpp_wait_set/bin'
[40.538s] Level 1:colcon.colcon_core.environment:checking '/home/vboxuser/ros2_ws/install/examples_rclcpp_wait_set/lib/pkgconfig/examples_rclcpp_wait_set.pc'
[40.538s] Level 1:colcon.colcon_core.environment:checking '/home/vboxuser/ros2_ws/install/examples_rclcpp_wait_set/lib/python3.10/site-packages'
[40.539s] Level 1:colcon.colcon_core.environment:checking '/home/vboxuser/ros2_ws/install/examples_rclcpp_wait_set/bin'
[40.541s] INFO:colcon.colcon_core.shell:Creating package script '/home/vboxuser/ros2_ws/install/examples_rclcpp_wait_set/share/examples_rclcpp_wait_set/package.ps1'
[40.543s] INFO:colcon.colcon_core.shell:Creating package descriptor '/home/vboxuser/ros2_ws/install/examples_rclcpp_wait_set/share/examples_rclcpp_wait_set/package.dsv'
[40.545s] INFO:colcon.colcon_core.shell:Creating package script '/home/vboxuser/ros2_ws/install/examples_rclcpp_wait_set/share/examples_rclcpp_wait_set/package.sh'
[40.551s] INFO:colcon.colcon_core.shell:Creating package script '/home/vboxuser/ros2_ws/install/examples_rclcpp_wait_set/share/examples_rclcpp_wait_set/package.bash'
[40.555s] INFO:colcon.colcon_core.shell:Creating package script '/home/vboxuser/ros2_ws/install/examples_rclcpp_wait_set/share/examples_rclcpp_wait_set/package.zsh'
[40.562s] Level 1:colcon.colcon_core.environment:create_file_with_runtime_dependencies(/home/vboxuser/ros2_ws/install/examples_rclcpp_wait_set/share/colcon-core/packages/examples_rclcpp_wait_set)
[40.585s] INFO:colcon.colcon_ros.task.ament_python.build:Building ROS package in '/home/vboxuser/ros2_ws/src/examples/rclpy/actions/minimal_action_server' with build type 'ament_python'
[40.588s] Level 1:colcon.colcon_core.shell:create_environment_hook('examples_rclpy_minimal_action_server', 'ament_prefix_path')
[40.589s] INFO:colcon.colcon_core.shell:Creating environment hook '/home/vboxuser/ros2_ws/install/examples_rclpy_minimal_action_server/share/examples_rclpy_minimal_action_server/hook/ament_prefix_path.ps1'
[40.595s] INFO:colcon.colcon_core.shell:Creating environment descriptor '/home/vboxuser/ros2_ws/install/examples_rclpy_minimal_action_server/share/examples_rclpy_minimal_action_server/hook/ament_prefix_path.dsv'
[40.601s] INFO:colcon.colcon_core.shell:Creating environment hook '/home/vboxuser/ros2_ws/install/examples_rclpy_minimal_action_server/share/examples_rclpy_minimal_action_server/hook/ament_prefix_path.sh'
[40.605s] INFO:colcon.colcon_core.shell:Skip shell extension 'powershell' for command environment: Not usable outside of PowerShell
[40.605s] DEBUG:colcon.colcon_core.shell:Skip shell extension 'dsv' for command environment
[40.759s] DEBUG:colcon.colcon_core.event_handler.log_command:Invoking command in '/home/vboxuser/ros2_ws/src/examples/rclpy/executors': PYTHONPATH=/home/vboxuser/ros2_ws/build/examples_rclpy_executors/prefix_override:/usr/lib/python3/dist-packages/colcon_core/task/python/colcon_distutils_commands:/home/vboxuser/ros2_ws/install/examples_rclpy_executors/lib/python3.10/site-packages:${PYTHONPATH} /usr/bin/python3 -W ignore:setup.py install is deprecated -W ignore:easy_install command is deprecated setup.py egg_info --egg-base ../../../../build/examples_rclpy_executors build --build-base /home/vboxuser/ros2_ws/build/examples_rclpy_executors/build install --record /home/vboxuser/ros2_ws/build/examples_rclpy_executors/install.log --single-version-externally-managed install_data
[42.813s] INFO:colcon.colcon_core.task.python.build:Building Python package in '/home/vboxuser/ros2_ws/src/examples/rclpy/actions/minimal_action_server'
[42.827s] INFO:colcon.colcon_core.shell:Skip shell extension 'powershell' for command environment: Not usable outside of PowerShell
[42.834s] DEBUG:colcon.colcon_core.shell:Skip shell extension 'dsv' for command environment
[42.960s] Level 1:colcon.colcon_core.environment:checking '/home/vboxuser/ros2_ws/install/examples_rclpy_executors' for CMake module files
[42.966s] Level 1:colcon.colcon_core.environment:checking '/home/vboxuser/ros2_ws/install/examples_rclpy_executors' for CMake config files
[42.964s] DEBUG:colcon.colcon_core.event_handler.log_command:Invoked command in '/home/vboxuser/ros2_ws/src/examples/rclpy/executors' returned '0': PYTHONPATH=/home/vboxuser/ros2_ws/build/examples_rclpy_executors/prefix_override:/usr/lib/python3/dist-packages/colcon_core/task/python/colcon_distutils_commands:/home/vboxuser/ros2_ws/install/examples_rclpy_executors/lib/python3.10/site-packages:${PYTHONPATH} /usr/bin/python3 -W ignore:setup.py install is deprecated -W ignore:easy_install command is deprecated setup.py egg_info --egg-base ../../../../build/examples_rclpy_executors build --build-base /home/vboxuser/ros2_ws/build/examples_rclpy_executors/build install --record /home/vboxuser/ros2_ws/build/examples_rclpy_executors/install.log --single-version-externally-managed install_data
[42.971s] Level 1:colcon.colcon_core.environment:checking '/home/vboxuser/ros2_ws/install/examples_rclpy_executors/lib'
[42.971s] Level 1:colcon.colcon_core.environment:checking '/home/vboxuser/ros2_ws/install/examples_rclpy_executors/bin'
[42.972s] Level 1:colcon.colcon_core.environment:checking '/home/vboxuser/ros2_ws/install/examples_rclpy_executors/lib/pkgconfig/examples_rclpy_executors.pc'
[42.972s] Level 1:colcon.colcon_core.environment:checking '/home/vboxuser/ros2_ws/install/examples_rclpy_executors/lib/python3.10/site-packages'
[42.972s] Level 1:colcon.colcon_core.shell:create_environment_hook('examples_rclpy_executors', 'pythonpath')
[42.973s] INFO:colcon.colcon_core.shell:Creating environment hook '/home/vboxuser/ros2_ws/install/examples_rclpy_executors/share/examples_rclpy_executors/hook/pythonpath.ps1'
[42.974s] INFO:colcon.colcon_core.shell:Creating environment descriptor '/home/vboxuser/ros2_ws/install/examples_rclpy_executors/share/examples_rclpy_executors/hook/pythonpath.dsv'
[42.976s] INFO:colcon.colcon_core.shell:Creating environment hook '/home/vboxuser/ros2_ws/install/examples_rclpy_executors/share/examples_rclpy_executors/hook/pythonpath.sh'
[42.978s] Level 1:colcon.colcon_core.environment:checking '/home/vboxuser/ros2_ws/install/examples_rclpy_executors/bin'
[42.978s] Level 1:colcon.colcon_core.environment:create_environment_scripts_only(examples_rclpy_executors)
[42.979s] INFO:colcon.colcon_core.shell:Creating package script '/home/vboxuser/ros2_ws/install/examples_rclpy_executors/share/examples_rclpy_executors/package.ps1'
[42.981s] INFO:colcon.colcon_core.shell:Creating package descriptor '/home/vboxuser/ros2_ws/install/examples_rclpy_executors/share/examples_rclpy_executors/package.dsv'
[42.983s] INFO:colcon.colcon_core.shell:Creating package script '/home/vboxuser/ros2_ws/install/examples_rclpy_executors/share/examples_rclpy_executors/package.sh'
[42.985s] INFO:colcon.colcon_core.shell:Creating package script '/home/vboxuser/ros2_ws/install/examples_rclpy_executors/share/examples_rclpy_executors/package.bash'
[42.986s] INFO:colcon.colcon_core.shell:Creating package script '/home/vboxuser/ros2_ws/install/examples_rclpy_executors/share/examples_rclpy_executors/package.zsh'
[42.988s] Level 1:colcon.colcon_core.environment:create_file_with_runtime_dependencies(/home/vboxuser/ros2_ws/install/examples_rclpy_executors/share/colcon-core/packages/examples_rclpy_executors)
[43.007s] INFO:colcon.colcon_ros.task.ament_python.build:Building ROS package in '/home/vboxuser/ros2_ws/src/examples/rclpy/services/minimal_client' with build type 'ament_python'
[43.009s] Level 1:colcon.colcon_core.shell:create_environment_hook('examples_rclpy_minimal_client', 'ament_prefix_path')
[43.010s] INFO:colcon.colcon_core.shell:Creating environment hook '/home/vboxuser/ros2_ws/install/examples_rclpy_minimal_client/share/examples_rclpy_minimal_client/hook/ament_prefix_path.ps1'
[43.012s] INFO:colcon.colcon_core.shell:Creating environment descriptor '/home/vboxuser/ros2_ws/install/examples_rclpy_minimal_client/share/examples_rclpy_minimal_client/hook/ament_prefix_path.dsv'
[43.013s] INFO:colcon.colcon_core.shell:Creating environment hook '/home/vboxuser/ros2_ws/install/examples_rclpy_minimal_client/share/examples_rclpy_minimal_client/hook/ament_prefix_path.sh'
[43.024s] INFO:colcon.colcon_core.shell:Skip shell extension 'powershell' for command environment: Not usable outside of PowerShell
[43.028s] DEBUG:colcon.colcon_core.shell:Skip shell extension 'dsv' for command environment
[43.134s] DEBUG:colcon.colcon_core.event_handler.log_command:Invoking command in '/home/vboxuser/ros2_ws/src/examples/rclpy/actions/minimal_action_client': PYTHONPATH=/home/vboxuser/ros2_ws/build/examples_rclpy_minimal_action_client/prefix_override:/usr/lib/python3/dist-packages/colcon_core/task/python/colcon_distutils_commands:/home/vboxuser/ros2_ws/install/examples_rclpy_minimal_action_client/lib/python3.10/site-packages:${PYTHONPATH} /usr/bin/python3 -W ignore:setup.py install is deprecated -W ignore:easy_install command is deprecated setup.py egg_info --egg-base ../../../../../build/examples_rclpy_minimal_action_client build --build-base /home/vboxuser/ros2_ws/build/examples_rclpy_minimal_action_client/build install --record /home/vboxuser/ros2_ws/build/examples_rclpy_minimal_action_client/install.log --single-version-externally-managed install_data
[45.053s] INFO:colcon.colcon_core.task.python.build:Building Python package in '/home/vboxuser/ros2_ws/src/examples/rclpy/services/minimal_client'
[45.054s] INFO:colcon.colcon_core.shell:Skip shell extension 'powershell' for command environment: Not usable outside of PowerShell
[45.054s] DEBUG:colcon.colcon_core.shell:Skip shell extension 'dsv' for command environment
[45.247s] DEBUG:colcon.colcon_core.event_handler.log_command:Invoking command in '/home/vboxuser/ros2_ws/src/examples/rclpy/guard_conditions': PYTHONPATH=/home/vboxuser/ros2_ws/build/examples_rclpy_guard_conditions/prefix_override:/usr/lib/python3/dist-packages/colcon_core/task/python/colcon_distutils_commands:/home/vboxuser/ros2_ws/install/examples_rclpy_guard_conditions/lib/python3.10/site-packages:${PYTHONPATH} /usr/bin/python3 -W ignore:setup.py install is deprecated -W ignore:easy_install command is deprecated setup.py egg_info --egg-base ../../../../build/examples_rclpy_guard_conditions build --build-base /home/vboxuser/ros2_ws/build/examples_rclpy_guard_conditions/build install --record /home/vboxuser/ros2_ws/build/examples_rclpy_guard_conditions/install.log --single-version-externally-managed install_data
[45.286s] DEBUG:colcon.colcon_core.event_handler.log_command:Invoking command in '/home/vboxuser/ros2_ws/src/examples/rclpy/actions/minimal_action_server': PYTHONPATH=/home/vboxuser/ros2_ws/build/examples_rclpy_minimal_action_server/prefix_override:/usr/lib/python3/dist-packages/colcon_core/task/python/colcon_distutils_commands:/home/vboxuser/ros2_ws/install/examples_rclpy_minimal_action_server/lib/python3.10/site-packages:${PYTHONPATH} /usr/bin/python3 -W ignore:setup.py install is deprecated -W ignore:easy_install command is deprecated setup.py egg_info --egg-base ../../../../../build/examples_rclpy_minimal_action_server build --build-base /home/vboxuser/ros2_ws/build/examples_rclpy_minimal_action_server/build install --record /home/vboxuser/ros2_ws/build/examples_rclpy_minimal_action_server/install.log --single-version-externally-managed install_data
[45.321s] Level 1:colcon.colcon_core.environment:checking '/home/vboxuser/ros2_ws/install/examples_rclpy_minimal_action_client' for CMake module files
[45.334s] DEBUG:colcon.colcon_core.event_handler.log_command:Invoked command in '/home/vboxuser/ros2_ws/src/examples/rclpy/actions/minimal_action_client' returned '0': PYTHONPATH=/home/vboxuser/ros2_ws/build/examples_rclpy_minimal_action_client/prefix_override:/usr/lib/python3/dist-packages/colcon_core/task/python/colcon_distutils_commands:/home/vboxuser/ros2_ws/install/examples_rclpy_minimal_action_client/lib/python3.10/site-packages:${PYTHONPATH} /usr/bin/python3 -W ignore:setup.py install is deprecated -W ignore:easy_install command is deprecated setup.py egg_info --egg-base ../../../../../build/examples_rclpy_minimal_action_client build --build-base /home/vboxuser/ros2_ws/build/examples_rclpy_minimal_action_client/build install --record /home/vboxuser/ros2_ws/build/examples_rclpy_minimal_action_client/install.log --single-version-externally-managed install_data
[45.339s] Level 1:colcon.colcon_core.environment:checking '/home/vboxuser/ros2_ws/install/examples_rclpy_minimal_action_client' for CMake config files
[45.350s] Level 1:colcon.colcon_core.environment:checking '/home/vboxuser/ros2_ws/install/examples_rclpy_minimal_action_client/lib'
[45.352s] Level 1:colcon.colcon_core.environment:checking '/home/vboxuser/ros2_ws/install/examples_rclpy_minimal_action_client/bin'
[45.352s] Level 1:colcon.colcon_core.environment:checking '/home/vboxuser/ros2_ws/install/examples_rclpy_minimal_action_client/lib/pkgconfig/examples_rclpy_minimal_action_client.pc'
[45.353s] Level 1:colcon.colcon_core.environment:checking '/home/vboxuser/ros2_ws/install/examples_rclpy_minimal_action_client/lib/python3.10/site-packages'
[45.353s] Level 1:colcon.colcon_core.shell:create_environment_hook('examples_rclpy_minimal_action_client', 'pythonpath')
[45.353s] INFO:colcon.colcon_core.shell:Creating environment hook '/home/vboxuser/ros2_ws/install/examples_rclpy_minimal_action_client/share/examples_rclpy_minimal_action_client/hook/pythonpath.ps1'
[45.374s] INFO:colcon.colcon_core.shell:Creating environment descriptor '/home/vboxuser/ros2_ws/install/examples_rclpy_minimal_action_client/share/examples_rclpy_minimal_action_client/hook/pythonpath.dsv'
[45.379s] INFO:colcon.colcon_core.shell:Creating environment hook '/home/vboxuser/ros2_ws/install/examples_rclpy_minimal_action_client/share/examples_rclpy_minimal_action_client/hook/pythonpath.sh'
[45.383s] Level 1:colcon.colcon_core.environment:checking '/home/vboxuser/ros2_ws/install/examples_rclpy_minimal_action_client/bin'
[45.384s] Level 1:colcon.colcon_core.environment:create_environment_scripts_only(examples_rclpy_minimal_action_client)
[45.385s] INFO:colcon.colcon_core.shell:Creating package script '/home/vboxuser/ros2_ws/install/examples_rclpy_minimal_action_client/share/examples_rclpy_minimal_action_client/package.ps1'
[45.386s] INFO:colcon.colcon_core.shell:Creating package descriptor '/home/vboxuser/ros2_ws/install/examples_rclpy_minimal_action_client/share/examples_rclpy_minimal_action_client/package.dsv'
[45.392s] INFO:colcon.colcon_core.shell:Creating package script '/home/vboxuser/ros2_ws/install/examples_rclpy_minimal_action_client/share/examples_rclpy_minimal_action_client/package.sh'
[45.397s] INFO:colcon.colcon_core.shell:Creating package script '/home/vboxuser/ros2_ws/install/examples_rclpy_minimal_action_client/share/examples_rclpy_minimal_action_client/package.bash'
[45.401s] INFO:colcon.colcon_core.shell:Creating package script '/home/vboxuser/ros2_ws/install/examples_rclpy_minimal_action_client/share/examples_rclpy_minimal_action_client/package.zsh'
[45.408s] Level 1:colcon.colcon_core.environment:create_file_with_runtime_dependencies(/home/vboxuser/ros2_ws/install/examples_rclpy_minimal_action_client/share/colcon-core/packages/examples_rclpy_minimal_action_client)
[45.414s] INFO:colcon.colcon_ros.task.ament_python.build:Building ROS package in '/home/vboxuser/ros2_ws/src/examples/rclpy/topics/minimal_publisher' with build type 'ament_python'
[45.415s] Level 1:colcon.colcon_core.shell:create_environment_hook('examples_rclpy_minimal_publisher', 'ament_prefix_path')
[45.418s] INFO:colcon.colcon_core.shell:Creating environment hook '/home/vboxuser/ros2_ws/install/examples_rclpy_minimal_publisher/share/examples_rclpy_minimal_publisher/hook/ament_prefix_path.ps1'
[45.424s] INFO:colcon.colcon_core.shell:Creating environment descriptor '/home/vboxuser/ros2_ws/install/examples_rclpy_minimal_publisher/share/examples_rclpy_minimal_publisher/hook/ament_prefix_path.dsv'
[45.426s] INFO:colcon.colcon_core.shell:Creating environment hook '/home/vboxuser/ros2_ws/install/examples_rclpy_minimal_publisher/share/examples_rclpy_minimal_publisher/hook/ament_prefix_path.sh'
[45.432s] INFO:colcon.colcon_core.shell:Skip shell extension 'powershell' for command environment: Not usable outside of PowerShell
[45.432s] DEBUG:colcon.colcon_core.shell:Skip shell extension 'dsv' for command environment
[47.374s] INFO:colcon.colcon_core.task.python.build:Building Python package in '/home/vboxuser/ros2_ws/src/examples/rclpy/topics/minimal_publisher'
[47.378s] INFO:colcon.colcon_core.shell:Skip shell extension 'powershell' for command environment: Not usable outside of PowerShell
[47.378s] DEBUG:colcon.colcon_core.shell:Skip shell extension 'dsv' for command environment
[47.526s] Level 1:colcon.colcon_core.environment:checking '/home/vboxuser/ros2_ws/install/examples_rclpy_minimal_action_server' for CMake module files
[47.530s] DEBUG:colcon.colcon_core.event_handler.log_command:Invoked command in '/home/vboxuser/ros2_ws/src/examples/rclpy/actions/minimal_action_server' returned '0': PYTHONPATH=/home/vboxuser/ros2_ws/build/examples_rclpy_minimal_action_server/prefix_override:/usr/lib/python3/dist-packages/colcon_core/task/python/colcon_distutils_commands:/home/vboxuser/ros2_ws/install/examples_rclpy_minimal_action_server/lib/python3.10/site-packages:${PYTHONPATH} /usr/bin/python3 -W ignore:setup.py install is deprecated -W ignore:easy_install command is deprecated setup.py egg_info --egg-base ../../../../../build/examples_rclpy_minimal_action_server build --build-base /home/vboxuser/ros2_ws/build/examples_rclpy_minimal_action_server/build install --record /home/vboxuser/ros2_ws/build/examples_rclpy_minimal_action_server/install.log --single-version-externally-managed install_data
[47.532s] Level 1:colcon.colcon_core.environment:checking '/home/vboxuser/ros2_ws/install/examples_rclpy_minimal_action_server' for CMake config files
[47.534s] Level 1:colcon.colcon_core.environment:checking '/home/vboxuser/ros2_ws/install/examples_rclpy_minimal_action_server/lib'
[47.534s] Level 1:colcon.colcon_core.environment:checking '/home/vboxuser/ros2_ws/install/examples_rclpy_minimal_action_server/bin'
[47.538s] Level 1:colcon.colcon_core.environment:checking '/home/vboxuser/ros2_ws/install/examples_rclpy_minimal_action_server/lib/pkgconfig/examples_rclpy_minimal_action_server.pc'
[47.539s] Level 1:colcon.colcon_core.environment:checking '/home/vboxuser/ros2_ws/install/examples_rclpy_minimal_action_server/lib/python3.10/site-packages'
[47.539s] Level 1:colcon.colcon_core.shell:create_environment_hook('examples_rclpy_minimal_action_server', 'pythonpath')
[47.540s] INFO:colcon.colcon_core.shell:Creating environment hook '/home/vboxuser/ros2_ws/install/examples_rclpy_minimal_action_server/share/examples_rclpy_minimal_action_server/hook/pythonpath.ps1'
[47.546s] INFO:colcon.colcon_core.shell:Creating environment descriptor '/home/vboxuser/ros2_ws/install/examples_rclpy_minimal_action_server/share/examples_rclpy_minimal_action_server/hook/pythonpath.dsv'
[47.551s] INFO:colcon.colcon_core.shell:Creating environment hook '/home/vboxuser/ros2_ws/install/examples_rclpy_minimal_action_server/share/examples_rclpy_minimal_action_server/hook/pythonpath.sh'
[47.557s] Level 1:colcon.colcon_core.environment:checking '/home/vboxuser/ros2_ws/install/examples_rclpy_minimal_action_server/bin'
[47.557s] Level 1:colcon.colcon_core.environment:create_environment_scripts_only(examples_rclpy_minimal_action_server)
[47.565s] INFO:colcon.colcon_core.shell:Creating package script '/home/vboxuser/ros2_ws/install/examples_rclpy_minimal_action_server/share/examples_rclpy_minimal_action_server/package.ps1'
[47.569s] INFO:colcon.colcon_core.shell:Creating package descriptor '/home/vboxuser/ros2_ws/install/examples_rclpy_minimal_action_server/share/examples_rclpy_minimal_action_server/package.dsv'
[47.571s] INFO:colcon.colcon_core.shell:Creating package script '/home/vboxuser/ros2_ws/install/examples_rclpy_minimal_action_server/share/examples_rclpy_minimal_action_server/package.sh'
[47.574s] INFO:colcon.colcon_core.shell:Creating package script '/home/vboxuser/ros2_ws/install/examples_rclpy_minimal_action_server/share/examples_rclpy_minimal_action_server/package.bash'
[47.576s] INFO:colcon.colcon_core.shell:Creating package script '/home/vboxuser/ros2_ws/install/examples_rclpy_minimal_action_server/share/examples_rclpy_minimal_action_server/package.zsh'
[47.578s] Level 1:colcon.colcon_core.environment:create_file_with_runtime_dependencies(/home/vboxuser/ros2_ws/install/examples_rclpy_minimal_action_server/share/colcon-core/packages/examples_rclpy_minimal_action_server)
[47.581s] INFO:colcon.colcon_ros.task.ament_python.build:Building ROS package in '/home/vboxuser/ros2_ws/src/examples/rclpy/services/minimal_service' with build type 'ament_python'
[47.582s] Level 1:colcon.colcon_core.shell:create_environment_hook('examples_rclpy_minimal_service', 'ament_prefix_path')
[47.583s] INFO:colcon.colcon_core.shell:Creating environment hook '/home/vboxuser/ros2_ws/install/examples_rclpy_minimal_service/share/examples_rclpy_minimal_service/hook/ament_prefix_path.ps1'
[47.587s] INFO:colcon.colcon_core.shell:Creating environment descriptor '/home/vboxuser/ros2_ws/install/examples_rclpy_minimal_service/share/examples_rclpy_minimal_service/hook/ament_prefix_path.dsv'
[47.590s] INFO:colcon.colcon_core.shell:Creating environment hook '/home/vboxuser/ros2_ws/install/examples_rclpy_minimal_service/share/examples_rclpy_minimal_service/hook/ament_prefix_path.sh'
[47.593s] INFO:colcon.colcon_core.shell:Skip shell extension 'powershell' for command environment: Not usable outside of PowerShell
[47.593s] DEBUG:colcon.colcon_core.shell:Skip shell extension 'dsv' for command environment
[47.677s] Level 1:colcon.colcon_core.environment:checking '/home/vboxuser/ros2_ws/install/examples_rclpy_guard_conditions' for CMake module files
[47.678s] Level 1:colcon.colcon_core.environment:checking '/home/vboxuser/ros2_ws/install/examples_rclpy_guard_conditions' for CMake config files
[47.684s] Level 1:colcon.colcon_core.environment:checking '/home/vboxuser/ros2_ws/install/examples_rclpy_guard_conditions/lib'
[47.684s] Level 1:colcon.colcon_core.environment:checking '/home/vboxuser/ros2_ws/install/examples_rclpy_guard_conditions/bin'
[47.685s] Level 1:colcon.colcon_core.environment:checking '/home/vboxuser/ros2_ws/install/examples_rclpy_guard_conditions/lib/pkgconfig/examples_rclpy_guard_conditions.pc'
[47.686s] DEBUG:colcon.colcon_core.event_handler.log_command:Invoked command in '/home/vboxuser/ros2_ws/src/examples/rclpy/guard_conditions' returned '0': PYTHONPATH=/home/vboxuser/ros2_ws/build/examples_rclpy_guard_conditions/prefix_override:/usr/lib/python3/dist-packages/colcon_core/task/python/colcon_distutils_commands:/home/vboxuser/ros2_ws/install/examples_rclpy_guard_conditions/lib/python3.10/site-packages:${PYTHONPATH} /usr/bin/python3 -W ignore:setup.py install is deprecated -W ignore:easy_install command is deprecated setup.py egg_info --egg-base ../../../../build/examples_rclpy_guard_conditions build --build-base /home/vboxuser/ros2_ws/build/examples_rclpy_guard_conditions/build install --record /home/vboxuser/ros2_ws/build/examples_rclpy_guard_conditions/install.log --single-version-externally-managed install_data
[47.687s] Level 1:colcon.colcon_core.environment:checking '/home/vboxuser/ros2_ws/install/examples_rclpy_guard_conditions/lib/python3.10/site-packages'
[47.687s] Level 1:colcon.colcon_core.shell:create_environment_hook('examples_rclpy_guard_conditions', 'pythonpath')
[47.688s] INFO:colcon.colcon_core.shell:Creating environment hook '/home/vboxuser/ros2_ws/install/examples_rclpy_guard_conditions/share/examples_rclpy_guard_conditions/hook/pythonpath.ps1'
[47.689s] INFO:colcon.colcon_core.shell:Creating environment descriptor '/home/vboxuser/ros2_ws/install/examples_rclpy_guard_conditions/share/examples_rclpy_guard_conditions/hook/pythonpath.dsv'
[47.691s] INFO:colcon.colcon_core.shell:Creating environment hook '/home/vboxuser/ros2_ws/install/examples_rclpy_guard_conditions/share/examples_rclpy_guard_conditions/hook/pythonpath.sh'
[47.693s] Level 1:colcon.colcon_core.environment:checking '/home/vboxuser/ros2_ws/install/examples_rclpy_guard_conditions/bin'
[47.694s] Level 1:colcon.colcon_core.environment:create_environment_scripts_only(examples_rclpy_guard_conditions)
[47.694s] INFO:colcon.colcon_core.shell:Creating package script '/home/vboxuser/ros2_ws/install/examples_rclpy_guard_conditions/share/examples_rclpy_guard_conditions/package.ps1'
[47.696s] INFO:colcon.colcon_core.shell:Creating package descriptor '/home/vboxuser/ros2_ws/install/examples_rclpy_guard_conditions/share/examples_rclpy_guard_conditions/package.dsv'
[47.698s] INFO:colcon.colcon_core.shell:Creating package script '/home/vboxuser/ros2_ws/install/examples_rclpy_guard_conditions/share/examples_rclpy_guard_conditions/package.sh'
[47.699s] INFO:colcon.colcon_core.shell:Creating package script '/home/vboxuser/ros2_ws/install/examples_rclpy_guard_conditions/share/examples_rclpy_guard_conditions/package.bash'
[47.701s] INFO:colcon.colcon_core.shell:Creating package script '/home/vboxuser/ros2_ws/install/examples_rclpy_guard_conditions/share/examples_rclpy_guard_conditions/package.zsh'
[47.702s] Level 1:colcon.colcon_core.environment:create_file_with_runtime_dependencies(/home/vboxuser/ros2_ws/install/examples_rclpy_guard_conditions/share/colcon-core/packages/examples_rclpy_guard_conditions)
[47.705s] INFO:colcon.colcon_ros.task.ament_python.build:Building ROS package in '/home/vboxuser/ros2_ws/src/examples/rclpy/topics/minimal_subscriber' with build type 'ament_python'
[47.706s] Level 1:colcon.colcon_core.shell:create_environment_hook('examples_rclpy_minimal_subscriber', 'ament_prefix_path')
[47.707s] INFO:colcon.colcon_core.shell:Creating environment hook '/home/vboxuser/ros2_ws/install/examples_rclpy_minimal_subscriber/share/examples_rclpy_minimal_subscriber/hook/ament_prefix_path.ps1'
[47.710s] INFO:colcon.colcon_core.shell:Creating environment descriptor '/home/vboxuser/ros2_ws/install/examples_rclpy_minimal_subscriber/share/examples_rclpy_minimal_subscriber/hook/ament_prefix_path.dsv'
[47.711s] INFO:colcon.colcon_core.shell:Creating environment hook '/home/vboxuser/ros2_ws/install/examples_rclpy_minimal_subscriber/share/examples_rclpy_minimal_subscriber/hook/ament_prefix_path.sh'
[47.721s] INFO:colcon.colcon_core.shell:Skip shell extension 'powershell' for command environment: Not usable outside of PowerShell
[47.721s] DEBUG:colcon.colcon_core.shell:Skip shell extension 'dsv' for command environment
[47.933s] DEBUG:colcon.colcon_core.event_handler.log_command:Invoking command in '/home/vboxuser/ros2_ws/src/examples/rclpy/services/minimal_client': PYTHONPATH=/home/vboxuser/ros2_ws/build/examples_rclpy_minimal_client/prefix_override:/usr/lib/python3/dist-packages/colcon_core/task/python/colcon_distutils_commands:/home/vboxuser/ros2_ws/install/examples_rclpy_minimal_client/lib/python3.10/site-packages:${PYTHONPATH} /usr/bin/python3 -W ignore:setup.py install is deprecated -W ignore:easy_install command is deprecated setup.py egg_info --egg-base ../../../../../build/examples_rclpy_minimal_client build --build-base /home/vboxuser/ros2_ws/build/examples_rclpy_minimal_client/build install --record /home/vboxuser/ros2_ws/build/examples_rclpy_minimal_client/install.log --single-version-externally-managed install_data
[49.837s] INFO:colcon.colcon_core.task.python.build:Building Python package in '/home/vboxuser/ros2_ws/src/examples/rclpy/services/minimal_service'
[49.844s] INFO:colcon.colcon_core.shell:Skip shell extension 'powershell' for command environment: Not usable outside of PowerShell
[49.845s] DEBUG:colcon.colcon_core.shell:Skip shell extension 'dsv' for command environment
[51.664s] INFO:colcon.colcon_core.task.python.build:Building Python package in '/home/vboxuser/ros2_ws/src/examples/rclpy/topics/minimal_subscriber'
[51.665s] INFO:colcon.colcon_core.shell:Skip shell extension 'powershell' for command environment: Not usable outside of PowerShell
[51.665s] DEBUG:colcon.colcon_core.shell:Skip shell extension 'dsv' for command environment
[51.768s] Level 1:colcon.colcon_core.environment:checking '/home/vboxuser/ros2_ws/install/examples_rclpy_minimal_client' for CMake module files
[51.770s] DEBUG:colcon.colcon_core.event_handler.log_command:Invoked command in '/home/vboxuser/ros2_ws/src/examples/rclpy/services/minimal_client' returned '0': PYTHONPATH=/home/vboxuser/ros2_ws/build/examples_rclpy_minimal_client/prefix_override:/usr/lib/python3/dist-packages/colcon_core/task/python/colcon_distutils_commands:/home/vboxuser/ros2_ws/install/examples_rclpy_minimal_client/lib/python3.10/site-packages:${PYTHONPATH} /usr/bin/python3 -W ignore:setup.py install is deprecated -W ignore:easy_install command is deprecated setup.py egg_info --egg-base ../../../../../build/examples_rclpy_minimal_client build --build-base /home/vboxuser/ros2_ws/build/examples_rclpy_minimal_client/build install --record /home/vboxuser/ros2_ws/build/examples_rclpy_minimal_client/install.log --single-version-externally-managed install_data
[51.774s] Level 1:colcon.colcon_core.environment:checking '/home/vboxuser/ros2_ws/install/examples_rclpy_minimal_client' for CMake config files
[51.775s] Level 1:colcon.colcon_core.environment:checking '/home/vboxuser/ros2_ws/install/examples_rclpy_minimal_client/lib'
[51.775s] Level 1:colcon.colcon_core.environment:checking '/home/vboxuser/ros2_ws/install/examples_rclpy_minimal_client/bin'
[51.775s] Level 1:colcon.colcon_core.environment:checking '/home/vboxuser/ros2_ws/install/examples_rclpy_minimal_client/lib/pkgconfig/examples_rclpy_minimal_client.pc'
[51.776s] Level 1:colcon.colcon_core.environment:checking '/home/vboxuser/ros2_ws/install/examples_rclpy_minimal_client/lib/python3.10/site-packages'
[51.778s] Level 1:colcon.colcon_core.shell:create_environment_hook('examples_rclpy_minimal_client', 'pythonpath')
[51.779s] INFO:colcon.colcon_core.shell:Creating environment hook '/home/vboxuser/ros2_ws/install/examples_rclpy_minimal_client/share/examples_rclpy_minimal_client/hook/pythonpath.ps1'
[51.780s] INFO:colcon.colcon_core.shell:Creating environment descriptor '/home/vboxuser/ros2_ws/install/examples_rclpy_minimal_client/share/examples_rclpy_minimal_client/hook/pythonpath.dsv'
[51.784s] INFO:colcon.colcon_core.shell:Creating environment hook '/home/vboxuser/ros2_ws/install/examples_rclpy_minimal_client/share/examples_rclpy_minimal_client/hook/pythonpath.sh'
[51.786s] Level 1:colcon.colcon_core.environment:checking '/home/vboxuser/ros2_ws/install/examples_rclpy_minimal_client/bin'
[51.787s] Level 1:colcon.colcon_core.environment:create_environment_scripts_only(examples_rclpy_minimal_client)
[51.787s] INFO:colcon.colcon_core.shell:Creating package script '/home/vboxuser/ros2_ws/install/examples_rclpy_minimal_client/share/examples_rclpy_minimal_client/package.ps1'
[51.790s] INFO:colcon.colcon_core.shell:Creating package descriptor '/home/vboxuser/ros2_ws/install/examples_rclpy_minimal_client/share/examples_rclpy_minimal_client/package.dsv'
[51.792s] INFO:colcon.colcon_core.shell:Creating package script '/home/vboxuser/ros2_ws/install/examples_rclpy_minimal_client/share/examples_rclpy_minimal_client/package.sh'
[51.794s] INFO:colcon.colcon_core.shell:Creating package script '/home/vboxuser/ros2_ws/install/examples_rclpy_minimal_client/share/examples_rclpy_minimal_client/package.bash'
[51.796s] INFO:colcon.colcon_core.shell:Creating package script '/home/vboxuser/ros2_ws/install/examples_rclpy_minimal_client/share/examples_rclpy_minimal_client/package.zsh'
[51.798s] Level 1:colcon.colcon_core.environment:create_file_with_runtime_dependencies(/home/vboxuser/ros2_ws/install/examples_rclpy_minimal_client/share/colcon-core/packages/examples_rclpy_minimal_client)
[51.804s] INFO:colcon.colcon_ros.task.ament_python.build:Building ROS package in '/home/vboxuser/ros2_ws/src/examples/rclpy/topics/pointcloud_publisher' with build type 'ament_python'
[51.805s] Level 1:colcon.colcon_core.shell:create_environment_hook('examples_rclpy_pointcloud_publisher', 'ament_prefix_path')
[51.805s] INFO:colcon.colcon_core.shell:Creating environment hook '/home/vboxuser/ros2_ws/install/examples_rclpy_pointcloud_publisher/share/examples_rclpy_pointcloud_publisher/hook/ament_prefix_path.ps1'
[51.811s] INFO:colcon.colcon_core.shell:Creating environment descriptor '/home/vboxuser/ros2_ws/install/examples_rclpy_pointcloud_publisher/share/examples_rclpy_pointcloud_publisher/hook/ament_prefix_path.dsv'
[51.813s] INFO:colcon.colcon_core.shell:Creating environment hook '/home/vboxuser/ros2_ws/install/examples_rclpy_pointcloud_publisher/share/examples_rclpy_pointcloud_publisher/hook/ament_prefix_path.sh'
[51.815s] INFO:colcon.colcon_core.shell:Skip shell extension 'powershell' for command environment: Not usable outside of PowerShell
[51.815s] DEBUG:colcon.colcon_core.shell:Skip shell extension 'dsv' for command environment
[51.907s] DEBUG:colcon.colcon_core.event_handler.log_command:Invoking command in '/home/vboxuser/ros2_ws/src/examples/rclpy/topics/minimal_publisher': PYTHONPATH=/home/vboxuser/ros2_ws/build/examples_rclpy_minimal_publisher/prefix_override:/usr/lib/python3/dist-packages/colcon_core/task/python/colcon_distutils_commands:/home/vboxuser/ros2_ws/install/examples_rclpy_minimal_publisher/lib/python3.10/site-packages:${PYTHONPATH} /usr/bin/python3 -W ignore:setup.py install is deprecated -W ignore:easy_install command is deprecated setup.py egg_info --egg-base ../../../../../build/examples_rclpy_minimal_publisher build --build-base /home/vboxuser/ros2_ws/build/examples_rclpy_minimal_publisher/build install --record /home/vboxuser/ros2_ws/build/examples_rclpy_minimal_publisher/install.log --single-version-externally-managed install_data
[53.202s] INFO:colcon.colcon_core.task.python.build:Building Python package in '/home/vboxuser/ros2_ws/src/examples/rclpy/topics/pointcloud_publisher'
[53.213s] INFO:colcon.colcon_core.shell:Skip shell extension 'powershell' for command environment: Not usable outside of PowerShell
[53.213s] DEBUG:colcon.colcon_core.shell:Skip shell extension 'dsv' for command environment
[53.455s] Level 1:colcon.colcon_core.environment:checking '/home/vboxuser/ros2_ws/install/examples_rclpy_minimal_publisher' for CMake module files
[53.464s] DEBUG:colcon.colcon_core.event_handler.log_command:Invoked command in '/home/vboxuser/ros2_ws/src/examples/rclpy/topics/minimal_publisher' returned '0': PYTHONPATH=/home/vboxuser/ros2_ws/build/examples_rclpy_minimal_publisher/prefix_override:/usr/lib/python3/dist-packages/colcon_core/task/python/colcon_distutils_commands:/home/vboxuser/ros2_ws/install/examples_rclpy_minimal_publisher/lib/python3.10/site-packages:${PYTHONPATH} /usr/bin/python3 -W ignore:setup.py install is deprecated -W ignore:easy_install command is deprecated setup.py egg_info --egg-base ../../../../../build/examples_rclpy_minimal_publisher build --build-base /home/vboxuser/ros2_ws/build/examples_rclpy_minimal_publisher/build install --record /home/vboxuser/ros2_ws/build/examples_rclpy_minimal_publisher/install.log --single-version-externally-managed install_data
[53.477s] Level 1:colcon.colcon_core.environment:checking '/home/vboxuser/ros2_ws/install/examples_rclpy_minimal_publisher' for CMake config files
[53.479s] Level 1:colcon.colcon_core.environment:checking '/home/vboxuser/ros2_ws/install/examples_rclpy_minimal_publisher/lib'
[53.479s] Level 1:colcon.colcon_core.environment:checking '/home/vboxuser/ros2_ws/install/examples_rclpy_minimal_publisher/bin'
[53.479s] Level 1:colcon.colcon_core.environment:checking '/home/vboxuser/ros2_ws/install/examples_rclpy_minimal_publisher/lib/pkgconfig/examples_rclpy_minimal_publisher.pc'
[53.480s] Level 1:colcon.colcon_core.environment:checking '/home/vboxuser/ros2_ws/install/examples_rclpy_minimal_publisher/lib/python3.10/site-packages'
[53.480s] Level 1:colcon.colcon_core.shell:create_environment_hook('examples_rclpy_minimal_publisher', 'pythonpath')
[53.481s] INFO:colcon.colcon_core.shell:Creating environment hook '/home/vboxuser/ros2_ws/install/examples_rclpy_minimal_publisher/share/examples_rclpy_minimal_publisher/hook/pythonpath.ps1'
[53.482s] INFO:colcon.colcon_core.shell:Creating environment descriptor '/home/vboxuser/ros2_ws/install/examples_rclpy_minimal_publisher/share/examples_rclpy_minimal_publisher/hook/pythonpath.dsv'
[53.488s] INFO:colcon.colcon_core.shell:Creating environment hook '/home/vboxuser/ros2_ws/install/examples_rclpy_minimal_publisher/share/examples_rclpy_minimal_publisher/hook/pythonpath.sh'
[53.492s] Level 1:colcon.colcon_core.environment:checking '/home/vboxuser/ros2_ws/install/examples_rclpy_minimal_publisher/bin'
[53.493s] Level 1:colcon.colcon_core.environment:create_environment_scripts_only(examples_rclpy_minimal_publisher)
[53.494s] INFO:colcon.colcon_core.shell:Creating package script '/home/vboxuser/ros2_ws/install/examples_rclpy_minimal_publisher/share/examples_rclpy_minimal_publisher/package.ps1'
[53.499s] INFO:colcon.colcon_core.shell:Creating package descriptor '/home/vboxuser/ros2_ws/install/examples_rclpy_minimal_publisher/share/examples_rclpy_minimal_publisher/package.dsv'
[53.504s] INFO:colcon.colcon_core.shell:Creating package script '/home/vboxuser/ros2_ws/install/examples_rclpy_minimal_publisher/share/examples_rclpy_minimal_publisher/package.sh'
[53.507s] INFO:colcon.colcon_core.shell:Creating package script '/home/vboxuser/ros2_ws/install/examples_rclpy_minimal_publisher/share/examples_rclpy_minimal_publisher/package.bash'
[53.508s] INFO:colcon.colcon_core.shell:Creating package script '/home/vboxuser/ros2_ws/install/examples_rclpy_minimal_publisher/share/examples_rclpy_minimal_publisher/package.zsh'
[53.510s] Level 1:colcon.colcon_core.environment:create_file_with_runtime_dependencies(/home/vboxuser/ros2_ws/install/examples_rclpy_minimal_publisher/share/colcon-core/packages/examples_rclpy_minimal_publisher)
[53.523s] INFO:colcon.colcon_ros.task.ament_python.build:Building ROS package in '/home/vboxuser/ros2_ws/src/examples/launch_testing/launch_testing_examples' with build type 'ament_python'
[53.524s] Level 1:colcon.colcon_core.shell:create_environment_hook('launch_testing_examples', 'ament_prefix_path')
[53.525s] INFO:colcon.colcon_core.shell:Creating environment hook '/home/vboxuser/ros2_ws/install/launch_testing_examples/share/launch_testing_examples/hook/ament_prefix_path.ps1'
[53.527s] INFO:colcon.colcon_core.shell:Creating environment descriptor '/home/vboxuser/ros2_ws/install/launch_testing_examples/share/launch_testing_examples/hook/ament_prefix_path.dsv'
[53.528s] INFO:colcon.colcon_core.shell:Creating environment hook '/home/vboxuser/ros2_ws/install/launch_testing_examples/share/launch_testing_examples/hook/ament_prefix_path.sh'
[53.530s] INFO:colcon.colcon_core.shell:Skip shell extension 'powershell' for command environment: Not usable outside of PowerShell
[53.531s] DEBUG:colcon.colcon_core.shell:Skip shell extension 'dsv' for command environment
[55.412s] INFO:colcon.colcon_core.task.python.build:Building Python package in '/home/vboxuser/ros2_ws/src/examples/launch_testing/launch_testing_examples'
[55.414s] INFO:colcon.colcon_core.shell:Skip shell extension 'powershell' for command environment: Not usable outside of PowerShell
[55.414s] DEBUG:colcon.colcon_core.shell:Skip shell extension 'dsv' for command environment
[55.567s] DEBUG:colcon.colcon_core.event_handler.log_command:Invoking command in '/home/vboxuser/ros2_ws/src/examples/rclpy/services/minimal_service': PYTHONPATH=/home/vboxuser/ros2_ws/build/examples_rclpy_minimal_service/prefix_override:/usr/lib/python3/dist-packages/colcon_core/task/python/colcon_distutils_commands:/home/vboxuser/ros2_ws/install/examples_rclpy_minimal_service/lib/python3.10/site-packages:${PYTHONPATH} /usr/bin/python3 -W ignore:setup.py install is deprecated -W ignore:easy_install command is deprecated setup.py egg_info --egg-base ../../../../../build/examples_rclpy_minimal_service build --build-base /home/vboxuser/ros2_ws/build/examples_rclpy_minimal_service/build install --record /home/vboxuser/ros2_ws/build/examples_rclpy_minimal_service/install.log --single-version-externally-managed install_data
[55.581s] DEBUG:colcon.colcon_core.event_handler.log_command:Invoking command in '/home/vboxuser/ros2_ws/src/examples/rclpy/topics/minimal_subscriber': PYTHONPATH=/home/vboxuser/ros2_ws/build/examples_rclpy_minimal_subscriber/prefix_override:/usr/lib/python3/dist-packages/colcon_core/task/python/colcon_distutils_commands:/home/vboxuser/ros2_ws/install/examples_rclpy_minimal_subscriber/lib/python3.10/site-packages:${PYTHONPATH} /usr/bin/python3 -W ignore:setup.py install is deprecated -W ignore:easy_install command is deprecated setup.py egg_info --egg-base ../../../../../build/examples_rclpy_minimal_subscriber build --build-base /home/vboxuser/ros2_ws/build/examples_rclpy_minimal_subscriber/build install --record /home/vboxuser/ros2_ws/build/examples_rclpy_minimal_subscriber/install.log --single-version-externally-managed install_data
[55.599s] DEBUG:colcon.colcon_core.event_handler.log_command:Invoking command in '/home/vboxuser/ros2_ws/src/examples/rclpy/topics/pointcloud_publisher': PYTHONPATH=/home/vboxuser/ros2_ws/build/examples_rclpy_pointcloud_publisher/prefix_override:/usr/lib/python3/dist-packages/colcon_core/task/python/colcon_distutils_commands:/home/vboxuser/ros2_ws/install/examples_rclpy_pointcloud_publisher/lib/python3.10/site-packages:${PYTHONPATH} /usr/bin/python3 -W ignore:setup.py install is deprecated -W ignore:easy_install command is deprecated setup.py egg_info --egg-base ../../../../../build/examples_rclpy_pointcloud_publisher build --build-base /home/vboxuser/ros2_ws/build/examples_rclpy_pointcloud_publisher/build install --record /home/vboxuser/ros2_ws/build/examples_rclpy_pointcloud_publisher/install.log --single-version-externally-managed install_data
[57.305s] Level 1:colcon.colcon_core.environment:checking '/home/vboxuser/ros2_ws/install/examples_rclpy_minimal_subscriber' for CMake module files
[57.322s] DEBUG:colcon.colcon_core.event_handler.log_command:Invoked command in '/home/vboxuser/ros2_ws/src/examples/rclpy/topics/minimal_subscriber' returned '0': PYTHONPATH=/home/vboxuser/ros2_ws/build/examples_rclpy_minimal_subscriber/prefix_override:/usr/lib/python3/dist-packages/colcon_core/task/python/colcon_distutils_commands:/home/vboxuser/ros2_ws/install/examples_rclpy_minimal_subscriber/lib/python3.10/site-packages:${PYTHONPATH} /usr/bin/python3 -W ignore:setup.py install is deprecated -W ignore:easy_install command is deprecated setup.py egg_info --egg-base ../../../../../build/examples_rclpy_minimal_subscriber build --build-base /home/vboxuser/ros2_ws/build/examples_rclpy_minimal_subscriber/build install --record /home/vboxuser/ros2_ws/build/examples_rclpy_minimal_subscriber/install.log --single-version-externally-managed install_data
[57.325s] Level 1:colcon.colcon_core.environment:checking '/home/vboxuser/ros2_ws/install/examples_rclpy_minimal_subscriber' for CMake config files
[57.327s] Level 1:colcon.colcon_core.environment:checking '/home/vboxuser/ros2_ws/install/examples_rclpy_minimal_subscriber/lib'
[57.327s] Level 1:colcon.colcon_core.environment:checking '/home/vboxuser/ros2_ws/install/examples_rclpy_minimal_subscriber/bin'
[57.327s] Level 1:colcon.colcon_core.environment:checking '/home/vboxuser/ros2_ws/install/examples_rclpy_minimal_subscriber/lib/pkgconfig/examples_rclpy_minimal_subscriber.pc'
[57.330s] Level 1:colcon.colcon_core.environment:checking '/home/vboxuser/ros2_ws/install/examples_rclpy_minimal_subscriber/lib/python3.10/site-packages'
[57.330s] Level 1:colcon.colcon_core.shell:create_environment_hook('examples_rclpy_minimal_subscriber', 'pythonpath')
[57.332s] INFO:colcon.colcon_core.shell:Creating environment hook '/home/vboxuser/ros2_ws/install/examples_rclpy_minimal_subscriber/share/examples_rclpy_minimal_subscriber/hook/pythonpath.ps1'
[57.335s] INFO:colcon.colcon_core.shell:Creating environment descriptor '/home/vboxuser/ros2_ws/install/examples_rclpy_minimal_subscriber/share/examples_rclpy_minimal_subscriber/hook/pythonpath.dsv'
[57.337s] INFO:colcon.colcon_core.shell:Creating environment hook '/home/vboxuser/ros2_ws/install/examples_rclpy_minimal_subscriber/share/examples_rclpy_minimal_subscriber/hook/pythonpath.sh'
[57.342s] Level 1:colcon.colcon_core.environment:checking '/home/vboxuser/ros2_ws/install/examples_rclpy_minimal_subscriber/bin'
[57.342s] Level 1:colcon.colcon_core.environment:create_environment_scripts_only(examples_rclpy_minimal_subscriber)
[57.344s] INFO:colcon.colcon_core.shell:Creating package script '/home/vboxuser/ros2_ws/install/examples_rclpy_minimal_subscriber/share/examples_rclpy_minimal_subscriber/package.ps1'
[57.346s] INFO:colcon.colcon_core.shell:Creating package descriptor '/home/vboxuser/ros2_ws/install/examples_rclpy_minimal_subscriber/share/examples_rclpy_minimal_subscriber/package.dsv'
[57.352s] INFO:colcon.colcon_core.shell:Creating package script '/home/vboxuser/ros2_ws/install/examples_rclpy_minimal_subscriber/share/examples_rclpy_minimal_subscriber/package.sh'
[57.355s] INFO:colcon.colcon_core.shell:Creating package script '/home/vboxuser/ros2_ws/install/examples_rclpy_minimal_subscriber/share/examples_rclpy_minimal_subscriber/package.bash'
[57.358s] INFO:colcon.colcon_core.shell:Creating package script '/home/vboxuser/ros2_ws/install/examples_rclpy_minimal_subscriber/share/examples_rclpy_minimal_subscriber/package.zsh'
[57.361s] Level 1:colcon.colcon_core.environment:create_file_with_runtime_dependencies(/home/vboxuser/ros2_ws/install/examples_rclpy_minimal_subscriber/share/colcon-core/packages/examples_rclpy_minimal_subscriber)
[57.363s] INFO:colcon.colcon_ros.task.ament_cmake.build:Building ROS package in '/home/vboxuser/ros2_ws/src/my_package' with build type 'ament_cmake'
[57.363s] INFO:colcon.colcon_cmake.task.cmake.build:Building CMake package in '/home/vboxuser/ros2_ws/src/my_package'
[57.366s] INFO:colcon.colcon_core.shell:Skip shell extension 'powershell' for command environment: Not usable outside of PowerShell
[57.369s] DEBUG:colcon.colcon_core.shell:Skip shell extension 'dsv' for command environment
[57.490s] Level 1:colcon.colcon_core.environment:checking '/home/vboxuser/ros2_ws/install/examples_rclpy_minimal_service' for CMake module files
[57.492s] Level 1:colcon.colcon_core.environment:checking '/home/vboxuser/ros2_ws/install/examples_rclpy_minimal_service' for CMake config files
[57.491s] DEBUG:colcon.colcon_core.event_handler.log_command:Invoked command in '/home/vboxuser/ros2_ws/src/examples/rclpy/services/minimal_service' returned '0': PYTHONPATH=/home/vboxuser/ros2_ws/build/examples_rclpy_minimal_service/prefix_override:/usr/lib/python3/dist-packages/colcon_core/task/python/colcon_distutils_commands:/home/vboxuser/ros2_ws/install/examples_rclpy_minimal_service/lib/python3.10/site-packages:${PYTHONPATH} /usr/bin/python3 -W ignore:setup.py install is deprecated -W ignore:easy_install command is deprecated setup.py egg_info --egg-base ../../../../../build/examples_rclpy_minimal_service build --build-base /home/vboxuser/ros2_ws/build/examples_rclpy_minimal_service/build install --record /home/vboxuser/ros2_ws/build/examples_rclpy_minimal_service/install.log --single-version-externally-managed install_data
[57.494s] Level 1:colcon.colcon_core.environment:checking '/home/vboxuser/ros2_ws/install/examples_rclpy_minimal_service/lib'
[57.494s] Level 1:colcon.colcon_core.environment:checking '/home/vboxuser/ros2_ws/install/examples_rclpy_minimal_service/bin'
[57.494s] Level 1:colcon.colcon_core.environment:checking '/home/vboxuser/ros2_ws/install/examples_rclpy_minimal_service/lib/pkgconfig/examples_rclpy_minimal_service.pc'
[57.495s] Level 1:colcon.colcon_core.environment:checking '/home/vboxuser/ros2_ws/install/examples_rclpy_minimal_service/lib/python3.10/site-packages'
[57.495s] Level 1:colcon.colcon_core.shell:create_environment_hook('examples_rclpy_minimal_service', 'pythonpath')
[57.495s] INFO:colcon.colcon_core.shell:Creating environment hook '/home/vboxuser/ros2_ws/install/examples_rclpy_minimal_service/share/examples_rclpy_minimal_service/hook/pythonpath.ps1'
[57.497s] INFO:colcon.colcon_core.shell:Creating environment descriptor '/home/vboxuser/ros2_ws/install/examples_rclpy_minimal_service/share/examples_rclpy_minimal_service/hook/pythonpath.dsv'
[57.498s] INFO:colcon.colcon_core.shell:Creating environment hook '/home/vboxuser/ros2_ws/install/examples_rclpy_minimal_service/share/examples_rclpy_minimal_service/hook/pythonpath.sh'
[57.502s] Level 1:colcon.colcon_core.environment:checking '/home/vboxuser/ros2_ws/install/examples_rclpy_minimal_service/bin'
[57.502s] Level 1:colcon.colcon_core.environment:create_environment_scripts_only(examples_rclpy_minimal_service)
[57.509s] INFO:colcon.colcon_core.shell:Creating package script '/home/vboxuser/ros2_ws/install/examples_rclpy_minimal_service/share/examples_rclpy_minimal_service/package.ps1'
[57.512s] INFO:colcon.colcon_core.shell:Creating package descriptor '/home/vboxuser/ros2_ws/install/examples_rclpy_minimal_service/share/examples_rclpy_minimal_service/package.dsv'
[57.513s] INFO:colcon.colcon_core.shell:Creating package script '/home/vboxuser/ros2_ws/install/examples_rclpy_minimal_service/share/examples_rclpy_minimal_service/package.sh'
[57.515s] INFO:colcon.colcon_core.shell:Creating package script '/home/vboxuser/ros2_ws/install/examples_rclpy_minimal_service/share/examples_rclpy_minimal_service/package.bash'
[57.516s] INFO:colcon.colcon_core.shell:Creating package script '/home/vboxuser/ros2_ws/install/examples_rclpy_minimal_service/share/examples_rclpy_minimal_service/package.zsh'
[57.517s] Level 1:colcon.colcon_core.environment:create_file_with_runtime_dependencies(/home/vboxuser/ros2_ws/install/examples_rclpy_minimal_service/share/colcon-core/packages/examples_rclpy_minimal_service)
[57.522s] INFO:colcon.colcon_ros.task.ament_python.build:Building ROS package in '/home/vboxuser/ros2_ws/src/py_pubsub' with build type 'ament_python'
[57.522s] Level 1:colcon.colcon_core.shell:create_environment_hook('py_pubsub', 'ament_prefix_path')
[57.522s] INFO:colcon.colcon_core.shell:Creating environment hook '/home/vboxuser/ros2_ws/install/py_pubsub/share/py_pubsub/hook/ament_prefix_path.ps1'
[57.526s] INFO:colcon.colcon_core.shell:Creating environment descriptor '/home/vboxuser/ros2_ws/install/py_pubsub/share/py_pubsub/hook/ament_prefix_path.dsv'
[57.530s] INFO:colcon.colcon_core.shell:Creating environment hook '/home/vboxuser/ros2_ws/install/py_pubsub/share/py_pubsub/hook/ament_prefix_path.sh'
[57.533s] INFO:colcon.colcon_core.shell:Skip shell extension 'powershell' for command environment: Not usable outside of PowerShell
[57.534s] DEBUG:colcon.colcon_core.shell:Skip shell extension 'dsv' for command environment
[57.635s] Level 1:colcon.colcon_core.environment:checking '/home/vboxuser/ros2_ws/install/examples_rclpy_pointcloud_publisher' for CMake module files
[57.646s] Level 1:colcon.colcon_core.environment:checking '/home/vboxuser/ros2_ws/install/examples_rclpy_pointcloud_publisher' for CMake config files
[57.654s] DEBUG:colcon.colcon_core.event_handler.log_command:Invoked command in '/home/vboxuser/ros2_ws/src/examples/rclpy/topics/pointcloud_publisher' returned '0': PYTHONPATH=/home/vboxuser/ros2_ws/build/examples_rclpy_pointcloud_publisher/prefix_override:/usr/lib/python3/dist-packages/colcon_core/task/python/colcon_distutils_commands:/home/vboxuser/ros2_ws/install/examples_rclpy_pointcloud_publisher/lib/python3.10/site-packages:${PYTHONPATH} /usr/bin/python3 -W ignore:setup.py install is deprecated -W ignore:easy_install command is deprecated setup.py egg_info --egg-base ../../../../../build/examples_rclpy_pointcloud_publisher build --build-base /home/vboxuser/ros2_ws/build/examples_rclpy_pointcloud_publisher/build install --record /home/vboxuser/ros2_ws/build/examples_rclpy_pointcloud_publisher/install.log --single-version-externally-managed install_data
[57.657s] Level 1:colcon.colcon_core.environment:checking '/home/vboxuser/ros2_ws/install/examples_rclpy_pointcloud_publisher/lib'
[57.658s] Level 1:colcon.colcon_core.environment:checking '/home/vboxuser/ros2_ws/install/examples_rclpy_pointcloud_publisher/bin'
[57.658s] Level 1:colcon.colcon_core.environment:checking '/home/vboxuser/ros2_ws/install/examples_rclpy_pointcloud_publisher/lib/pkgconfig/examples_rclpy_pointcloud_publisher.pc'
[57.658s] Level 1:colcon.colcon_core.environment:checking '/home/vboxuser/ros2_ws/install/examples_rclpy_pointcloud_publisher/lib/python3.10/site-packages'
[57.658s] Level 1:colcon.colcon_core.shell:create_environment_hook('examples_rclpy_pointcloud_publisher', 'pythonpath')
[57.659s] INFO:colcon.colcon_core.shell:Creating environment hook '/home/vboxuser/ros2_ws/install/examples_rclpy_pointcloud_publisher/share/examples_rclpy_pointcloud_publisher/hook/pythonpath.ps1'
[57.667s] INFO:colcon.colcon_core.shell:Creating environment descriptor '/home/vboxuser/ros2_ws/install/examples_rclpy_pointcloud_publisher/share/examples_rclpy_pointcloud_publisher/hook/pythonpath.dsv'
[57.674s] INFO:colcon.colcon_core.shell:Creating environment hook '/home/vboxuser/ros2_ws/install/examples_rclpy_pointcloud_publisher/share/examples_rclpy_pointcloud_publisher/hook/pythonpath.sh'
[57.682s] Level 1:colcon.colcon_core.environment:checking '/home/vboxuser/ros2_ws/install/examples_rclpy_pointcloud_publisher/bin'
[57.682s] Level 1:colcon.colcon_core.environment:create_environment_scripts_only(examples_rclpy_pointcloud_publisher)
[57.684s] INFO:colcon.colcon_core.shell:Creating package script '/home/vboxuser/ros2_ws/install/examples_rclpy_pointcloud_publisher/share/examples_rclpy_pointcloud_publisher/package.ps1'
[57.688s] INFO:colcon.colcon_core.shell:Creating package descriptor '/home/vboxuser/ros2_ws/install/examples_rclpy_pointcloud_publisher/share/examples_rclpy_pointcloud_publisher/package.dsv'
[57.691s] INFO:colcon.colcon_core.shell:Creating package script '/home/vboxuser/ros2_ws/install/examples_rclpy_pointcloud_publisher/share/examples_rclpy_pointcloud_publisher/package.sh'
[57.694s] INFO:colcon.colcon_core.shell:Creating package script '/home/vboxuser/ros2_ws/install/examples_rclpy_pointcloud_publisher/share/examples_rclpy_pointcloud_publisher/package.bash'
[57.696s] INFO:colcon.colcon_core.shell:Creating package script '/home/vboxuser/ros2_ws/install/examples_rclpy_pointcloud_publisher/share/examples_rclpy_pointcloud_publisher/package.zsh'
[57.701s] Level 1:colcon.colcon_core.environment:create_file_with_runtime_dependencies(/home/vboxuser/ros2_ws/install/examples_rclpy_pointcloud_publisher/share/colcon-core/packages/examples_rclpy_pointcloud_publisher)
[57.707s] INFO:colcon.colcon_ros.task.ament_cmake.build:Building ROS package in '/home/vboxuser/ros2_ws/src/ros_tutorials/turtlesim' with build type 'ament_cmake'
[57.710s] INFO:colcon.colcon_cmake.task.cmake.build:Building CMake package in '/home/vboxuser/ros2_ws/src/ros_tutorials/turtlesim'
[57.712s] INFO:colcon.colcon_core.shell:Skip shell extension 'powershell' for command environment: Not usable outside of PowerShell
[57.712s] DEBUG:colcon.colcon_core.shell:Skip shell extension 'dsv' for command environment
[57.834s] DEBUG:colcon.colcon_core.event_handler.log_command:Invoking command in '/home/vboxuser/ros2_ws/src/examples/launch_testing/launch_testing_examples': PYTHONPATH=/home/vboxuser/ros2_ws/build/launch_testing_examples/prefix_override:/usr/lib/python3/dist-packages/colcon_core/task/python/colcon_distutils_commands:/home/vboxuser/ros2_ws/install/launch_testing_examples/lib/python3.10/site-packages:${PYTHONPATH} /usr/bin/python3 -W ignore:setup.py install is deprecated -W ignore:easy_install command is deprecated setup.py egg_info --egg-base ../../../../build/launch_testing_examples build --build-base /home/vboxuser/ros2_ws/build/launch_testing_examples/build install --record /home/vboxuser/ros2_ws/build/launch_testing_examples/install.log --single-version-externally-managed install_data
[57.881s] DEBUG:colcon.colcon_core.event_handler.log_command:Invoking command in '/home/vboxuser/ros2_ws/build/my_package': CMAKE_PREFIX_PATH=${CMAKE_PREFIX_PATH}:/home/vboxuser/ros2_ws/install/py_pubsub:/home/vboxuser/ros2_ws/install/launch_testing_examples:/home/vboxuser/ros2_ws/install/examples_rclpy_pointcloud_publisher:/home/vboxuser/ros2_ws/install/examples_rclpy_minimal_subscriber:/home/vboxuser/ros2_ws/install/examples_rclpy_minimal_service:/home/vboxuser/ros2_ws/install/examples_rclpy_minimal_publisher:/home/vboxuser/ros2_ws/install/examples_rclpy_minimal_client:/home/vboxuser/ros2_ws/install/examples_rclpy_minimal_action_server:/home/vboxuser/ros2_ws/install/examples_rclpy_minimal_action_client:/home/vboxuser/ros2_ws/install/examples_rclpy_guard_conditions:/home/vboxuser/ros2_ws/install/examples_rclpy_executors:/home/vboxuser/ros2_ws/install/bms_visualizer:/opt/ros/iron:/home/vboxuser/ros2_iron/install/rqt_bag_plugins:/home/vboxuser/ros2_iron/install/rqt_bag:/home/vboxuser/ros2_iron/install/rosbag2_examples_py:/home/vboxuser/ros2_iron/install/launch_testing_examples:/home/vboxuser/ros2_iron/install/ros2bag:/home/vboxuser/ros2_iron/install/tracetools_test:/home/vboxuser/ros2_iron/install/tracetools_launch:/home/vboxuser/ros2_iron/install/topic_monitor:/home/vboxuser/ros2_iron/install/tf2_tools:/home/vboxuser/ros2_iron/install/examples_tf2_py:/home/vboxuser/ros2_iron/install/tf2_ros_py:/home/vboxuser/ros2_iron/install/examples_rclpy_pointcloud_publisher:/home/vboxuser/ros2_iron/install/sensor_msgs_py:/home/vboxuser/ros2_iron/install/quality_of_service_demo_py:/home/vboxuser/ros2_iron/install/rqt_plot:/home/vboxuser/ros2_iron/install/ros2doctor:/home/vboxuser/ros2_iron/install/lifecycle_py:/home/vboxuser/ros2_iron/install/examples_rclpy_minimal_subscriber:/home/vboxuser/ros2_iron/install/examples_rclpy_minimal_service:/home/vboxuser/ros2_iron/install/examples_rclpy_minimal_publisher:/home/vboxuser/ros2_iron/install/examples_rclpy_minimal_client:/home/vboxuser/ros2_iron/install/examples_rclpy_executors:/home/vboxuser/ros2_iron/install/demo_nodes_py:/home/vboxuser/ros2_iron/install/rqt:/home/vboxuser/ros2_iron/install/ros2component:/home/vboxuser/ros2_iron/install/sros2:/home/vboxuser/ros2_iron/install/rqt_topic:/home/vboxuser/ros2_iron/install/rqt_srv:/home/vboxuser/ros2_iron/install/rqt_shell:/home/vboxuser/ros2_iron/install/rqt_service_caller:/home/vboxuser/ros2_iron/install/rqt_reconfigure:/home/vboxuser/ros2_iron/install/rqt_py_console:/home/vboxuser/ros2_iron/install/rqt_publisher:/home/vboxuser/ros2_iron/install/rqt_action:/home/vboxuser/ros2_iron/install/rqt_msg:/home/vboxuser/ros2_iron/install/rqt_console:/home/vboxuser/ros2_iron/install/rqt_graph:/home/vboxuser/ros2_iron/install/rqt_gui_py:/home/vboxuser/ros2_iron/install/rqt_gui:/home/vboxuser/ros2_iron/install/ros2trace:/home/vboxuser/ros2_iron/install/ros2topic:/home/vboxuser/ros2_iron/install/ros2test:/home/vboxuser/ros2_iron/install/ros2param:/home/vboxuser/ros2_iron/install/ros2lifecycle:/home/vboxuser/ros2_iron/install/ros2service:/home/vboxuser/ros2_iron/install/ros2run:/home/vboxuser/ros2_iron/install/ros2launch:/home/vboxuser/ros2_iron/install/ros2pkg:/home/vboxuser/ros2_iron/install/ros2node:/home/vboxuser/ros2_iron/install/ros2multicast:/home/vboxuser/ros2_iron/install/ros2interface:/home/vboxuser/ros2_iron/install/ros2action:/home/vboxuser/ros2_iron/install/ros2cli:/home/vboxuser/ros2_iron/install/launch_testing_ros:/home/vboxuser/ros2_iron/install/launch_ros:/home/vboxuser/ros2_iron/install/examples_rclpy_minimal_action_server:/home/vboxuser/ros2_iron/install/examples_rclpy_minimal_action_client:/home/vboxuser/ros2_iron/install/examples_rclpy_guard_conditions:/home/vboxuser/ros2_iron/install/action_tutorials_py:/home/vboxuser/ros2_iron/install/ament_uncrustify:/home/vboxuser/ros2_iron/install/tracetools_trace:/home/vboxuser/ros2_iron/install/tracetools_read:/home/vboxuser/ros2_iron/install/test_tracetools_launch:/home/vboxuser/ros2_iron/install/test_ros2trace:/home/vboxuser/ros2_iron/install/test_launch_ros:/home/vboxuser/ros2_iron/install/rpyutils:/home/vboxuser/ros2_iron/install/rosidl_runtime_py:/home/vboxuser/ros2_iron/install/rosidl_pycommon:/home/vboxuser/ros2_iron/install/rosidl_cli:/home/vboxuser/ros2_iron/install/launch_pytest:/home/vboxuser/ros2_iron/install/launch_testing:/home/vboxuser/ros2_iron/install/launch_yaml:/home/vboxuser/ros2_iron/install/launch_xml:/home/vboxuser/ros2_iron/install/launch:/home/vboxuser/ros2_iron/install/osrf_pycommon:/home/vboxuser/ros2_iron/install/domain_coordinator:/home/vboxuser/ros2_iron/install/ament_xmllint:/home/vboxuser/ros2_iron/install/ament_pyflakes:/home/vboxuser/ros2_iron/install/ament_pycodestyle:/home/vboxuser/ros2_iron/install/ament_pep257:/home/vboxuser/ros2_iron/install/ament_pclint:/home/vboxuser/ros2_iron/install/ament_package:/home/vboxuser/ros2_iron/install/ament_mypy:/home/vboxuser/ros2_iron/install/ament_lint_cmake:/home/vboxuser/ros2_iron/install/ament_flake8:/home/vboxuser/ros2_iron/install/ament_copyright:/home/vboxuser/ros2_iron/install/ament_lint:/home/vboxuser/ros2_iron/install/ament_index_python:/home/vboxuser/ros2_iron/install/ament_cpplint:/home/vboxuser/ros2_iron/install/ament_cppcheck:/home/vboxuser/ros2_iron/install/ament_clang_tidy:/home/vboxuser/ros2_iron/install/ament_clang_format /usr/bin/cmake --build /home/vboxuser/ros2_ws/build/my_package -- -j4 -l4
[59.322s] INFO:colcon.colcon_core.task.python.build:Building Python package in '/home/vboxuser/ros2_ws/src/py_pubsub'
[59.326s] INFO:colcon.colcon_core.shell:Skip shell extension 'powershell' for command environment: Not usable outside of PowerShell
[59.326s] DEBUG:colcon.colcon_core.shell:Skip shell extension 'dsv' for command environment
[59.479s] DEBUG:colcon.colcon_core.event_handler.log_command:Invoking command in '/home/vboxuser/ros2_ws/build/turtlesim': CMAKE_PREFIX_PATH=${CMAKE_PREFIX_PATH}:/home/vboxuser/ros2_ws/install/py_pubsub:/home/vboxuser/ros2_ws/install/launch_testing_examples:/home/vboxuser/ros2_ws/install/examples_rclpy_pointcloud_publisher:/home/vboxuser/ros2_ws/install/examples_rclpy_minimal_subscriber:/home/vboxuser/ros2_ws/install/examples_rclpy_minimal_service:/home/vboxuser/ros2_ws/install/examples_rclpy_minimal_publisher:/home/vboxuser/ros2_ws/install/examples_rclpy_minimal_client:/home/vboxuser/ros2_ws/install/examples_rclpy_minimal_action_server:/home/vboxuser/ros2_ws/install/examples_rclpy_minimal_action_client:/home/vboxuser/ros2_ws/install/examples_rclpy_guard_conditions:/home/vboxuser/ros2_ws/install/examples_rclpy_executors:/home/vboxuser/ros2_ws/install/bms_visualizer:/opt/ros/iron:/home/vboxuser/ros2_iron/install/rqt_bag_plugins:/home/vboxuser/ros2_iron/install/rqt_bag:/home/vboxuser/ros2_iron/install/rosbag2_examples_py:/home/vboxuser/ros2_iron/install/launch_testing_examples:/home/vboxuser/ros2_iron/install/ros2bag:/home/vboxuser/ros2_iron/install/tracetools_test:/home/vboxuser/ros2_iron/install/tracetools_launch:/home/vboxuser/ros2_iron/install/topic_monitor:/home/vboxuser/ros2_iron/install/tf2_tools:/home/vboxuser/ros2_iron/install/examples_tf2_py:/home/vboxuser/ros2_iron/install/tf2_ros_py:/home/vboxuser/ros2_iron/install/examples_rclpy_pointcloud_publisher:/home/vboxuser/ros2_iron/install/sensor_msgs_py:/home/vboxuser/ros2_iron/install/quality_of_service_demo_py:/home/vboxuser/ros2_iron/install/rqt_plot:/home/vboxuser/ros2_iron/install/ros2doctor:/home/vboxuser/ros2_iron/install/lifecycle_py:/home/vboxuser/ros2_iron/install/examples_rclpy_minimal_subscriber:/home/vboxuser/ros2_iron/install/examples_rclpy_minimal_service:/home/vboxuser/ros2_iron/install/examples_rclpy_minimal_publisher:/home/vboxuser/ros2_iron/install/examples_rclpy_minimal_client:/home/vboxuser/ros2_iron/install/examples_rclpy_executors:/home/vboxuser/ros2_iron/install/demo_nodes_py:/home/vboxuser/ros2_iron/install/rqt:/home/vboxuser/ros2_iron/install/ros2component:/home/vboxuser/ros2_iron/install/sros2:/home/vboxuser/ros2_iron/install/rqt_topic:/home/vboxuser/ros2_iron/install/rqt_srv:/home/vboxuser/ros2_iron/install/rqt_shell:/home/vboxuser/ros2_iron/install/rqt_service_caller:/home/vboxuser/ros2_iron/install/rqt_reconfigure:/home/vboxuser/ros2_iron/install/rqt_py_console:/home/vboxuser/ros2_iron/install/rqt_publisher:/home/vboxuser/ros2_iron/install/rqt_action:/home/vboxuser/ros2_iron/install/rqt_msg:/home/vboxuser/ros2_iron/install/rqt_console:/home/vboxuser/ros2_iron/install/rqt_graph:/home/vboxuser/ros2_iron/install/rqt_gui_py:/home/vboxuser/ros2_iron/install/rqt_gui:/home/vboxuser/ros2_iron/install/ros2trace:/home/vboxuser/ros2_iron/install/ros2topic:/home/vboxuser/ros2_iron/install/ros2test:/home/vboxuser/ros2_iron/install/ros2param:/home/vboxuser/ros2_iron/install/ros2lifecycle:/home/vboxuser/ros2_iron/install/ros2service:/home/vboxuser/ros2_iron/install/ros2run:/home/vboxuser/ros2_iron/install/ros2launch:/home/vboxuser/ros2_iron/install/ros2pkg:/home/vboxuser/ros2_iron/install/ros2node:/home/vboxuser/ros2_iron/install/ros2multicast:/home/vboxuser/ros2_iron/install/ros2interface:/home/vboxuser/ros2_iron/install/ros2action:/home/vboxuser/ros2_iron/install/ros2cli:/home/vboxuser/ros2_iron/install/launch_testing_ros:/home/vboxuser/ros2_iron/install/launch_ros:/home/vboxuser/ros2_iron/install/examples_rclpy_minimal_action_server:/home/vboxuser/ros2_iron/install/examples_rclpy_minimal_action_client:/home/vboxuser/ros2_iron/install/examples_rclpy_guard_conditions:/home/vboxuser/ros2_iron/install/action_tutorials_py:/home/vboxuser/ros2_iron/install/ament_uncrustify:/home/vboxuser/ros2_iron/install/tracetools_trace:/home/vboxuser/ros2_iron/install/tracetools_read:/home/vboxuser/ros2_iron/install/test_tracetools_launch:/home/vboxuser/ros2_iron/install/test_ros2trace:/home/vboxuser/ros2_iron/install/test_launch_ros:/home/vboxuser/ros2_iron/install/rpyutils:/home/vboxuser/ros2_iron/install/rosidl_runtime_py:/home/vboxuser/ros2_iron/install/rosidl_pycommon:/home/vboxuser/ros2_iron/install/rosidl_cli:/home/vboxuser/ros2_iron/install/launch_pytest:/home/vboxuser/ros2_iron/install/launch_testing:/home/vboxuser/ros2_iron/install/launch_yaml:/home/vboxuser/ros2_iron/install/launch_xml:/home/vboxuser/ros2_iron/install/launch:/home/vboxuser/ros2_iron/install/osrf_pycommon:/home/vboxuser/ros2_iron/install/domain_coordinator:/home/vboxuser/ros2_iron/install/ament_xmllint:/home/vboxuser/ros2_iron/install/ament_pyflakes:/home/vboxuser/ros2_iron/install/ament_pycodestyle:/home/vboxuser/ros2_iron/install/ament_pep257:/home/vboxuser/ros2_iron/install/ament_pclint:/home/vboxuser/ros2_iron/install/ament_package:/home/vboxuser/ros2_iron/install/ament_mypy:/home/vboxuser/ros2_iron/install/ament_lint_cmake:/home/vboxuser/ros2_iron/install/ament_flake8:/home/vboxuser/ros2_iron/install/ament_copyright:/home/vboxuser/ros2_iron/install/ament_lint:/home/vboxuser/ros2_iron/install/ament_index_python:/home/vboxuser/ros2_iron/install/ament_cpplint:/home/vboxuser/ros2_iron/install/ament_cppcheck:/home/vboxuser/ros2_iron/install/ament_clang_tidy:/home/vboxuser/ros2_iron/install/ament_clang_format /usr/bin/cmake --build /home/vboxuser/ros2_ws/build/turtlesim -- -j4 -l4
[59.481s] DEBUG:colcon.colcon_core.event_handler.log_command:Invoked command in '/home/vboxuser/ros2_ws/build/my_package' returned '0': CMAKE_PREFIX_PATH=${CMAKE_PREFIX_PATH}:/home/vboxuser/ros2_ws/install/py_pubsub:/home/vboxuser/ros2_ws/install/launch_testing_examples:/home/vboxuser/ros2_ws/install/examples_rclpy_pointcloud_publisher:/home/vboxuser/ros2_ws/install/examples_rclpy_minimal_subscriber:/home/vboxuser/ros2_ws/install/examples_rclpy_minimal_service:/home/vboxuser/ros2_ws/install/examples_rclpy_minimal_publisher:/home/vboxuser/ros2_ws/install/examples_rclpy_minimal_client:/home/vboxuser/ros2_ws/install/examples_rclpy_minimal_action_server:/home/vboxuser/ros2_ws/install/examples_rclpy_minimal_action_client:/home/vboxuser/ros2_ws/install/examples_rclpy_guard_conditions:/home/vboxuser/ros2_ws/install/examples_rclpy_executors:/home/vboxuser/ros2_ws/install/bms_visualizer:/opt/ros/iron:/home/vboxuser/ros2_iron/install/rqt_bag_plugins:/home/vboxuser/ros2_iron/install/rqt_bag:/home/vboxuser/ros2_iron/install/rosbag2_examples_py:/home/vboxuser/ros2_iron/install/launch_testing_examples:/home/vboxuser/ros2_iron/install/ros2bag:/home/vboxuser/ros2_iron/install/tracetools_test:/home/vboxuser/ros2_iron/install/tracetools_launch:/home/vboxuser/ros2_iron/install/topic_monitor:/home/vboxuser/ros2_iron/install/tf2_tools:/home/vboxuser/ros2_iron/install/examples_tf2_py:/home/vboxuser/ros2_iron/install/tf2_ros_py:/home/vboxuser/ros2_iron/install/examples_rclpy_pointcloud_publisher:/home/vboxuser/ros2_iron/install/sensor_msgs_py:/home/vboxuser/ros2_iron/install/quality_of_service_demo_py:/home/vboxuser/ros2_iron/install/rqt_plot:/home/vboxuser/ros2_iron/install/ros2doctor:/home/vboxuser/ros2_iron/install/lifecycle_py:/home/vboxuser/ros2_iron/install/examples_rclpy_minimal_subscriber:/home/vboxuser/ros2_iron/install/examples_rclpy_minimal_service:/home/vboxuser/ros2_iron/install/examples_rclpy_minimal_publisher:/home/vboxuser/ros2_iron/install/examples_rclpy_minimal_client:/home/vboxuser/ros2_iron/install/examples_rclpy_executors:/home/vboxuser/ros2_iron/install/demo_nodes_py:/home/vboxuser/ros2_iron/install/rqt:/home/vboxuser/ros2_iron/install/ros2component:/home/vboxuser/ros2_iron/install/sros2:/home/vboxuser/ros2_iron/install/rqt_topic:/home/vboxuser/ros2_iron/install/rqt_srv:/home/vboxuser/ros2_iron/install/rqt_shell:/home/vboxuser/ros2_iron/install/rqt_service_caller:/home/vboxuser/ros2_iron/install/rqt_reconfigure:/home/vboxuser/ros2_iron/install/rqt_py_console:/home/vboxuser/ros2_iron/install/rqt_publisher:/home/vboxuser/ros2_iron/install/rqt_action:/home/vboxuser/ros2_iron/install/rqt_msg:/home/vboxuser/ros2_iron/install/rqt_console:/home/vboxuser/ros2_iron/install/rqt_graph:/home/vboxuser/ros2_iron/install/rqt_gui_py:/home/vboxuser/ros2_iron/install/rqt_gui:/home/vboxuser/ros2_iron/install/ros2trace:/home/vboxuser/ros2_iron/install/ros2topic:/home/vboxuser/ros2_iron/install/ros2test:/home/vboxuser/ros2_iron/install/ros2param:/home/vboxuser/ros2_iron/install/ros2lifecycle:/home/vboxuser/ros2_iron/install/ros2service:/home/vboxuser/ros2_iron/install/ros2run:/home/vboxuser/ros2_iron/install/ros2launch:/home/vboxuser/ros2_iron/install/ros2pkg:/home/vboxuser/ros2_iron/install/ros2node:/home/vboxuser/ros2_iron/install/ros2multicast:/home/vboxuser/ros2_iron/install/ros2interface:/home/vboxuser/ros2_iron/install/ros2action:/home/vboxuser/ros2_iron/install/ros2cli:/home/vboxuser/ros2_iron/install/launch_testing_ros:/home/vboxuser/ros2_iron/install/launch_ros:/home/vboxuser/ros2_iron/install/examples_rclpy_minimal_action_server:/home/vboxuser/ros2_iron/install/examples_rclpy_minimal_action_client:/home/vboxuser/ros2_iron/install/examples_rclpy_guard_conditions:/home/vboxuser/ros2_iron/install/action_tutorials_py:/home/vboxuser/ros2_iron/install/ament_uncrustify:/home/vboxuser/ros2_iron/install/tracetools_trace:/home/vboxuser/ros2_iron/install/tracetools_read:/home/vboxuser/ros2_iron/install/test_tracetools_launch:/home/vboxuser/ros2_iron/install/test_ros2trace:/home/vboxuser/ros2_iron/install/test_launch_ros:/home/vboxuser/ros2_iron/install/rpyutils:/home/vboxuser/ros2_iron/install/rosidl_runtime_py:/home/vboxuser/ros2_iron/install/rosidl_pycommon:/home/vboxuser/ros2_iron/install/rosidl_cli:/home/vboxuser/ros2_iron/install/launch_pytest:/home/vboxuser/ros2_iron/install/launch_testing:/home/vboxuser/ros2_iron/install/launch_yaml:/home/vboxuser/ros2_iron/install/launch_xml:/home/vboxuser/ros2_iron/install/launch:/home/vboxuser/ros2_iron/install/osrf_pycommon:/home/vboxuser/ros2_iron/install/domain_coordinator:/home/vboxuser/ros2_iron/install/ament_xmllint:/home/vboxuser/ros2_iron/install/ament_pyflakes:/home/vboxuser/ros2_iron/install/ament_pycodestyle:/home/vboxuser/ros2_iron/install/ament_pep257:/home/vboxuser/ros2_iron/install/ament_pclint:/home/vboxuser/ros2_iron/install/ament_package:/home/vboxuser/ros2_iron/install/ament_mypy:/home/vboxuser/ros2_iron/install/ament_lint_cmake:/home/vboxuser/ros2_iron/install/ament_flake8:/home/vboxuser/ros2_iron/install/ament_copyright:/home/vboxuser/ros2_iron/install/ament_lint:/home/vboxuser/ros2_iron/install/ament_index_python:/home/vboxuser/ros2_iron/install/ament_cpplint:/home/vboxuser/ros2_iron/install/ament_cppcheck:/home/vboxuser/ros2_iron/install/ament_clang_tidy:/home/vboxuser/ros2_iron/install/ament_clang_format /usr/bin/cmake --build /home/vboxuser/ros2_ws/build/my_package -- -j4 -l4
[59.519s] DEBUG:colcon.colcon_core.event_handler.log_command:Invoking command in '/home/vboxuser/ros2_ws/build/my_package': CMAKE_PREFIX_PATH=${CMAKE_PREFIX_PATH}:/home/vboxuser/ros2_ws/install/py_pubsub:/home/vboxuser/ros2_ws/install/launch_testing_examples:/home/vboxuser/ros2_ws/install/examples_rclpy_pointcloud_publisher:/home/vboxuser/ros2_ws/install/examples_rclpy_minimal_subscriber:/home/vboxuser/ros2_ws/install/examples_rclpy_minimal_service:/home/vboxuser/ros2_ws/install/examples_rclpy_minimal_publisher:/home/vboxuser/ros2_ws/install/examples_rclpy_minimal_client:/home/vboxuser/ros2_ws/install/examples_rclpy_minimal_action_server:/home/vboxuser/ros2_ws/install/examples_rclpy_minimal_action_client:/home/vboxuser/ros2_ws/install/examples_rclpy_guard_conditions:/home/vboxuser/ros2_ws/install/examples_rclpy_executors:/home/vboxuser/ros2_ws/install/bms_visualizer:/opt/ros/iron:/home/vboxuser/ros2_iron/install/rqt_bag_plugins:/home/vboxuser/ros2_iron/install/rqt_bag:/home/vboxuser/ros2_iron/install/rosbag2_examples_py:/home/vboxuser/ros2_iron/install/launch_testing_examples:/home/vboxuser/ros2_iron/install/ros2bag:/home/vboxuser/ros2_iron/install/tracetools_test:/home/vboxuser/ros2_iron/install/tracetools_launch:/home/vboxuser/ros2_iron/install/topic_monitor:/home/vboxuser/ros2_iron/install/tf2_tools:/home/vboxuser/ros2_iron/install/examples_tf2_py:/home/vboxuser/ros2_iron/install/tf2_ros_py:/home/vboxuser/ros2_iron/install/examples_rclpy_pointcloud_publisher:/home/vboxuser/ros2_iron/install/sensor_msgs_py:/home/vboxuser/ros2_iron/install/quality_of_service_demo_py:/home/vboxuser/ros2_iron/install/rqt_plot:/home/vboxuser/ros2_iron/install/ros2doctor:/home/vboxuser/ros2_iron/install/lifecycle_py:/home/vboxuser/ros2_iron/install/examples_rclpy_minimal_subscriber:/home/vboxuser/ros2_iron/install/examples_rclpy_minimal_service:/home/vboxuser/ros2_iron/install/examples_rclpy_minimal_publisher:/home/vboxuser/ros2_iron/install/examples_rclpy_minimal_client:/home/vboxuser/ros2_iron/install/examples_rclpy_executors:/home/vboxuser/ros2_iron/install/demo_nodes_py:/home/vboxuser/ros2_iron/install/rqt:/home/vboxuser/ros2_iron/install/ros2component:/home/vboxuser/ros2_iron/install/sros2:/home/vboxuser/ros2_iron/install/rqt_topic:/home/vboxuser/ros2_iron/install/rqt_srv:/home/vboxuser/ros2_iron/install/rqt_shell:/home/vboxuser/ros2_iron/install/rqt_service_caller:/home/vboxuser/ros2_iron/install/rqt_reconfigure:/home/vboxuser/ros2_iron/install/rqt_py_console:/home/vboxuser/ros2_iron/install/rqt_publisher:/home/vboxuser/ros2_iron/install/rqt_action:/home/vboxuser/ros2_iron/install/rqt_msg:/home/vboxuser/ros2_iron/install/rqt_console:/home/vboxuser/ros2_iron/install/rqt_graph:/home/vboxuser/ros2_iron/install/rqt_gui_py:/home/vboxuser/ros2_iron/install/rqt_gui:/home/vboxuser/ros2_iron/install/ros2trace:/home/vboxuser/ros2_iron/install/ros2topic:/home/vboxuser/ros2_iron/install/ros2test:/home/vboxuser/ros2_iron/install/ros2param:/home/vboxuser/ros2_iron/install/ros2lifecycle:/home/vboxuser/ros2_iron/install/ros2service:/home/vboxuser/ros2_iron/install/ros2run:/home/vboxuser/ros2_iron/install/ros2launch:/home/vboxuser/ros2_iron/install/ros2pkg:/home/vboxuser/ros2_iron/install/ros2node:/home/vboxuser/ros2_iron/install/ros2multicast:/home/vboxuser/ros2_iron/install/ros2interface:/home/vboxuser/ros2_iron/install/ros2action:/home/vboxuser/ros2_iron/install/ros2cli:/home/vboxuser/ros2_iron/install/launch_testing_ros:/home/vboxuser/ros2_iron/install/launch_ros:/home/vboxuser/ros2_iron/install/examples_rclpy_minimal_action_server:/home/vboxuser/ros2_iron/install/examples_rclpy_minimal_action_client:/home/vboxuser/ros2_iron/install/examples_rclpy_guard_conditions:/home/vboxuser/ros2_iron/install/action_tutorials_py:/home/vboxuser/ros2_iron/install/ament_uncrustify:/home/vboxuser/ros2_iron/install/tracetools_trace:/home/vboxuser/ros2_iron/install/tracetools_read:/home/vboxuser/ros2_iron/install/test_tracetools_launch:/home/vboxuser/ros2_iron/install/test_ros2trace:/home/vboxuser/ros2_iron/install/test_launch_ros:/home/vboxuser/ros2_iron/install/rpyutils:/home/vboxuser/ros2_iron/install/rosidl_runtime_py:/home/vboxuser/ros2_iron/install/rosidl_pycommon:/home/vboxuser/ros2_iron/install/rosidl_cli:/home/vboxuser/ros2_iron/install/launch_pytest:/home/vboxuser/ros2_iron/install/launch_testing:/home/vboxuser/ros2_iron/install/launch_yaml:/home/vboxuser/ros2_iron/install/launch_xml:/home/vboxuser/ros2_iron/install/launch:/home/vboxuser/ros2_iron/install/osrf_pycommon:/home/vboxuser/ros2_iron/install/domain_coordinator:/home/vboxuser/ros2_iron/install/ament_xmllint:/home/vboxuser/ros2_iron/install/ament_pyflakes:/home/vboxuser/ros2_iron/install/ament_pycodestyle:/home/vboxuser/ros2_iron/install/ament_pep257:/home/vboxuser/ros2_iron/install/ament_pclint:/home/vboxuser/ros2_iron/install/ament_package:/home/vboxuser/ros2_iron/install/ament_mypy:/home/vboxuser/ros2_iron/install/ament_lint_cmake:/home/vboxuser/ros2_iron/install/ament_flake8:/home/vboxuser/ros2_iron/install/ament_copyright:/home/vboxuser/ros2_iron/install/ament_lint:/home/vboxuser/ros2_iron/install/ament_index_python:/home/vboxuser/ros2_iron/install/ament_cpplint:/home/vboxuser/ros2_iron/install/ament_cppcheck:/home/vboxuser/ros2_iron/install/ament_clang_tidy:/home/vboxuser/ros2_iron/install/ament_clang_format /usr/bin/cmake --install /home/vboxuser/ros2_ws/build/my_package
[59.555s] Level 1:colcon.colcon_core.environment:checking '/home/vboxuser/ros2_ws/install/launch_testing_examples' for CMake module files
[59.563s] Level 1:colcon.colcon_core.environment:checking '/home/vboxuser/ros2_ws/install/launch_testing_examples' for CMake config files
[59.564s] Level 1:colcon.colcon_core.environment:checking '/home/vboxuser/ros2_ws/install/launch_testing_examples/lib'
[59.564s] Level 1:colcon.colcon_core.environment:checking '/home/vboxuser/ros2_ws/install/launch_testing_examples/bin'
[59.564s] Level 1:colcon.colcon_core.environment:checking '/home/vboxuser/ros2_ws/install/launch_testing_examples/lib/pkgconfig/launch_testing_examples.pc'
[59.557s] DEBUG:colcon.colcon_core.event_handler.log_command:Invoked command in '/home/vboxuser/ros2_ws/src/examples/launch_testing/launch_testing_examples' returned '0': PYTHONPATH=/home/vboxuser/ros2_ws/build/launch_testing_examples/prefix_override:/usr/lib/python3/dist-packages/colcon_core/task/python/colcon_distutils_commands:/home/vboxuser/ros2_ws/install/launch_testing_examples/lib/python3.10/site-packages:${PYTHONPATH} /usr/bin/python3 -W ignore:setup.py install is deprecated -W ignore:easy_install command is deprecated setup.py egg_info --egg-base ../../../../build/launch_testing_examples build --build-base /home/vboxuser/ros2_ws/build/launch_testing_examples/build install --record /home/vboxuser/ros2_ws/build/launch_testing_examples/install.log --single-version-externally-managed install_data
[59.565s] Level 1:colcon.colcon_core.environment:checking '/home/vboxuser/ros2_ws/install/launch_testing_examples/lib/python3.10/site-packages'
[59.571s] Level 1:colcon.colcon_core.shell:create_environment_hook('launch_testing_examples', 'pythonpath')
[59.571s] INFO:colcon.colcon_core.shell:Creating environment hook '/home/vboxuser/ros2_ws/install/launch_testing_examples/share/launch_testing_examples/hook/pythonpath.ps1'
[59.573s] INFO:colcon.colcon_core.shell:Creating environment descriptor '/home/vboxuser/ros2_ws/install/launch_testing_examples/share/launch_testing_examples/hook/pythonpath.dsv'
[59.575s] INFO:colcon.colcon_core.shell:Creating environment hook '/home/vboxuser/ros2_ws/install/launch_testing_examples/share/launch_testing_examples/hook/pythonpath.sh'
[59.596s] Level 1:colcon.colcon_core.environment:checking '/home/vboxuser/ros2_ws/install/launch_testing_examples/bin'
[59.599s] Level 1:colcon.colcon_core.environment:create_environment_scripts_only(launch_testing_examples)
[59.600s] INFO:colcon.colcon_core.shell:Creating package script '/home/vboxuser/ros2_ws/install/launch_testing_examples/share/launch_testing_examples/package.ps1'
[59.602s] INFO:colcon.colcon_core.shell:Creating package descriptor '/home/vboxuser/ros2_ws/install/launch_testing_examples/share/launch_testing_examples/package.dsv'
[59.604s] INFO:colcon.colcon_core.shell:Creating package script '/home/vboxuser/ros2_ws/install/launch_testing_examples/share/launch_testing_examples/package.sh'
[59.627s] INFO:colcon.colcon_core.shell:Creating package script '/home/vboxuser/ros2_ws/install/launch_testing_examples/share/launch_testing_examples/package.bash'
[59.628s] INFO:colcon.colcon_core.shell:Creating package script '/home/vboxuser/ros2_ws/install/launch_testing_examples/share/launch_testing_examples/package.zsh'
[59.629s] Level 1:colcon.colcon_core.environment:create_file_with_runtime_dependencies(/home/vboxuser/ros2_ws/install/launch_testing_examples/share/colcon-core/packages/launch_testing_examples)
[59.683s] Level 1:colcon.colcon_core.environment:create_environment_scripts_only(my_package)
[59.684s] Level 1:colcon.colcon_core.environment:checking '/home/vboxuser/ros2_ws/install/my_package' for CMake module files
[59.685s] DEBUG:colcon.colcon_core.event_handler.log_command:Invoked command in '/home/vboxuser/ros2_ws/build/my_package' returned '0': CMAKE_PREFIX_PATH=${CMAKE_PREFIX_PATH}:/home/vboxuser/ros2_ws/install/py_pubsub:/home/vboxuser/ros2_ws/install/launch_testing_examples:/home/vboxuser/ros2_ws/install/examples_rclpy_pointcloud_publisher:/home/vboxuser/ros2_ws/install/examples_rclpy_minimal_subscriber:/home/vboxuser/ros2_ws/install/examples_rclpy_minimal_service:/home/vboxuser/ros2_ws/install/examples_rclpy_minimal_publisher:/home/vboxuser/ros2_ws/install/examples_rclpy_minimal_client:/home/vboxuser/ros2_ws/install/examples_rclpy_minimal_action_server:/home/vboxuser/ros2_ws/install/examples_rclpy_minimal_action_client:/home/vboxuser/ros2_ws/install/examples_rclpy_guard_conditions:/home/vboxuser/ros2_ws/install/examples_rclpy_executors:/home/vboxuser/ros2_ws/install/bms_visualizer:/opt/ros/iron:/home/vboxuser/ros2_iron/install/rqt_bag_plugins:/home/vboxuser/ros2_iron/install/rqt_bag:/home/vboxuser/ros2_iron/install/rosbag2_examples_py:/home/vboxuser/ros2_iron/install/launch_testing_examples:/home/vboxuser/ros2_iron/install/ros2bag:/home/vboxuser/ros2_iron/install/tracetools_test:/home/vboxuser/ros2_iron/install/tracetools_launch:/home/vboxuser/ros2_iron/install/topic_monitor:/home/vboxuser/ros2_iron/install/tf2_tools:/home/vboxuser/ros2_iron/install/examples_tf2_py:/home/vboxuser/ros2_iron/install/tf2_ros_py:/home/vboxuser/ros2_iron/install/examples_rclpy_pointcloud_publisher:/home/vboxuser/ros2_iron/install/sensor_msgs_py:/home/vboxuser/ros2_iron/install/quality_of_service_demo_py:/home/vboxuser/ros2_iron/install/rqt_plot:/home/vboxuser/ros2_iron/install/ros2doctor:/home/vboxuser/ros2_iron/install/lifecycle_py:/home/vboxuser/ros2_iron/install/examples_rclpy_minimal_subscriber:/home/vboxuser/ros2_iron/install/examples_rclpy_minimal_service:/home/vboxuser/ros2_iron/install/examples_rclpy_minimal_publisher:/home/vboxuser/ros2_iron/install/examples_rclpy_minimal_client:/home/vboxuser/ros2_iron/install/examples_rclpy_executors:/home/vboxuser/ros2_iron/install/demo_nodes_py:/home/vboxuser/ros2_iron/install/rqt:/home/vboxuser/ros2_iron/install/ros2component:/home/vboxuser/ros2_iron/install/sros2:/home/vboxuser/ros2_iron/install/rqt_topic:/home/vboxuser/ros2_iron/install/rqt_srv:/home/vboxuser/ros2_iron/install/rqt_shell:/home/vboxuser/ros2_iron/install/rqt_service_caller:/home/vboxuser/ros2_iron/install/rqt_reconfigure:/home/vboxuser/ros2_iron/install/rqt_py_console:/home/vboxuser/ros2_iron/install/rqt_publisher:/home/vboxuser/ros2_iron/install/rqt_action:/home/vboxuser/ros2_iron/install/rqt_msg:/home/vboxuser/ros2_iron/install/rqt_console:/home/vboxuser/ros2_iron/install/rqt_graph:/home/vboxuser/ros2_iron/install/rqt_gui_py:/home/vboxuser/ros2_iron/install/rqt_gui:/home/vboxuser/ros2_iron/install/ros2trace:/home/vboxuser/ros2_iron/install/ros2topic:/home/vboxuser/ros2_iron/install/ros2test:/home/vboxuser/ros2_iron/install/ros2param:/home/vboxuser/ros2_iron/install/ros2lifecycle:/home/vboxuser/ros2_iron/install/ros2service:/home/vboxuser/ros2_iron/install/ros2run:/home/vboxuser/ros2_iron/install/ros2launch:/home/vboxuser/ros2_iron/install/ros2pkg:/home/vboxuser/ros2_iron/install/ros2node:/home/vboxuser/ros2_iron/install/ros2multicast:/home/vboxuser/ros2_iron/install/ros2interface:/home/vboxuser/ros2_iron/install/ros2action:/home/vboxuser/ros2_iron/install/ros2cli:/home/vboxuser/ros2_iron/install/launch_testing_ros:/home/vboxuser/ros2_iron/install/launch_ros:/home/vboxuser/ros2_iron/install/examples_rclpy_minimal_action_server:/home/vboxuser/ros2_iron/install/examples_rclpy_minimal_action_client:/home/vboxuser/ros2_iron/install/examples_rclpy_guard_conditions:/home/vboxuser/ros2_iron/install/action_tutorials_py:/home/vboxuser/ros2_iron/install/ament_uncrustify:/home/vboxuser/ros2_iron/install/tracetools_trace:/home/vboxuser/ros2_iron/install/tracetools_read:/home/vboxuser/ros2_iron/install/test_tracetools_launch:/home/vboxuser/ros2_iron/install/test_ros2trace:/home/vboxuser/ros2_iron/install/test_launch_ros:/home/vboxuser/ros2_iron/install/rpyutils:/home/vboxuser/ros2_iron/install/rosidl_runtime_py:/home/vboxuser/ros2_iron/install/rosidl_pycommon:/home/vboxuser/ros2_iron/install/rosidl_cli:/home/vboxuser/ros2_iron/install/launch_pytest:/home/vboxuser/ros2_iron/install/launch_testing:/home/vboxuser/ros2_iron/install/launch_yaml:/home/vboxuser/ros2_iron/install/launch_xml:/home/vboxuser/ros2_iron/install/launch:/home/vboxuser/ros2_iron/install/osrf_pycommon:/home/vboxuser/ros2_iron/install/domain_coordinator:/home/vboxuser/ros2_iron/install/ament_xmllint:/home/vboxuser/ros2_iron/install/ament_pyflakes:/home/vboxuser/ros2_iron/install/ament_pycodestyle:/home/vboxuser/ros2_iron/install/ament_pep257:/home/vboxuser/ros2_iron/install/ament_pclint:/home/vboxuser/ros2_iron/install/ament_package:/home/vboxuser/ros2_iron/install/ament_mypy:/home/vboxuser/ros2_iron/install/ament_lint_cmake:/home/vboxuser/ros2_iron/install/ament_flake8:/home/vboxuser/ros2_iron/install/ament_copyright:/home/vboxuser/ros2_iron/install/ament_lint:/home/vboxuser/ros2_iron/install/ament_index_python:/home/vboxuser/ros2_iron/install/ament_cpplint:/home/vboxuser/ros2_iron/install/ament_cppcheck:/home/vboxuser/ros2_iron/install/ament_clang_tidy:/home/vboxuser/ros2_iron/install/ament_clang_format /usr/bin/cmake --install /home/vboxuser/ros2_ws/build/my_package
[59.687s] Level 1:colcon.colcon_core.environment:checking '/home/vboxuser/ros2_ws/install/my_package' for CMake config files
[59.687s] Level 1:colcon.colcon_core.shell:create_environment_hook('my_package', 'cmake_prefix_path')
[59.688s] INFO:colcon.colcon_core.shell:Creating environment hook '/home/vboxuser/ros2_ws/install/my_package/share/my_package/hook/cmake_prefix_path.ps1'
[59.690s] INFO:colcon.colcon_core.shell:Creating environment descriptor '/home/vboxuser/ros2_ws/install/my_package/share/my_package/hook/cmake_prefix_path.dsv'
[59.691s] INFO:colcon.colcon_core.shell:Creating environment hook '/home/vboxuser/ros2_ws/install/my_package/share/my_package/hook/cmake_prefix_path.sh'
[59.693s] Level 1:colcon.colcon_core.environment:checking '/home/vboxuser/ros2_ws/install/my_package/lib'
[59.694s] Level 1:colcon.colcon_core.environment:checking '/home/vboxuser/ros2_ws/install/my_package/bin'
[59.694s] Level 1:colcon.colcon_core.environment:checking '/home/vboxuser/ros2_ws/install/my_package/lib/pkgconfig/my_package.pc'
[59.694s] Level 1:colcon.colcon_core.environment:checking '/home/vboxuser/ros2_ws/install/my_package/lib/python3.10/site-packages'
[59.702s] Level 1:colcon.colcon_core.environment:checking '/home/vboxuser/ros2_ws/install/my_package/bin'
[59.703s] INFO:colcon.colcon_core.shell:Creating package script '/home/vboxuser/ros2_ws/install/my_package/share/my_package/package.ps1'
[59.705s] INFO:colcon.colcon_core.shell:Creating package descriptor '/home/vboxuser/ros2_ws/install/my_package/share/my_package/package.dsv'
[59.707s] INFO:colcon.colcon_core.shell:Creating package script '/home/vboxuser/ros2_ws/install/my_package/share/my_package/package.sh'
[59.709s] INFO:colcon.colcon_core.shell:Creating package script '/home/vboxuser/ros2_ws/install/my_package/share/my_package/package.bash'
[59.711s] INFO:colcon.colcon_core.shell:Creating package script '/home/vboxuser/ros2_ws/install/my_package/share/my_package/package.zsh'
[59.712s] Level 1:colcon.colcon_core.environment:create_file_with_runtime_dependencies(/home/vboxuser/ros2_ws/install/my_package/share/colcon-core/packages/my_package)
[59.713s] Level 1:colcon.colcon_core.environment:create_environment_scripts_only(my_package)
[59.713s] Level 1:colcon.colcon_core.environment:checking '/home/vboxuser/ros2_ws/install/my_package' for CMake module files
[59.714s] Level 1:colcon.colcon_core.environment:checking '/home/vboxuser/ros2_ws/install/my_package' for CMake config files
[59.714s] Level 1:colcon.colcon_core.shell:create_environment_hook('my_package', 'cmake_prefix_path')
[59.715s] INFO:colcon.colcon_core.shell:Creating environment hook '/home/vboxuser/ros2_ws/install/my_package/share/my_package/hook/cmake_prefix_path.ps1'
[59.716s] INFO:colcon.colcon_core.shell:Creating environment descriptor '/home/vboxuser/ros2_ws/install/my_package/share/my_package/hook/cmake_prefix_path.dsv'
[59.718s] INFO:colcon.colcon_core.shell:Creating environment hook '/home/vboxuser/ros2_ws/install/my_package/share/my_package/hook/cmake_prefix_path.sh'
[59.720s] Level 1:colcon.colcon_core.environment:checking '/home/vboxuser/ros2_ws/install/my_package/lib'
[59.720s] Level 1:colcon.colcon_core.environment:checking '/home/vboxuser/ros2_ws/install/my_package/bin'
[59.720s] Level 1:colcon.colcon_core.environment:checking '/home/vboxuser/ros2_ws/install/my_package/lib/pkgconfig/my_package.pc'
[59.721s] Level 1:colcon.colcon_core.environment:checking '/home/vboxuser/ros2_ws/install/my_package/lib/python3.10/site-packages'
[59.721s] Level 1:colcon.colcon_core.environment:checking '/home/vboxuser/ros2_ws/install/my_package/bin'
[59.722s] INFO:colcon.colcon_core.shell:Creating package script '/home/vboxuser/ros2_ws/install/my_package/share/my_package/package.ps1'
[59.724s] INFO:colcon.colcon_core.shell:Creating package descriptor '/home/vboxuser/ros2_ws/install/my_package/share/my_package/package.dsv'
[59.726s] INFO:colcon.colcon_core.shell:Creating package script '/home/vboxuser/ros2_ws/install/my_package/share/my_package/package.sh'
[59.728s] INFO:colcon.colcon_core.shell:Creating package script '/home/vboxuser/ros2_ws/install/my_package/share/my_package/package.bash'
[59.729s] INFO:colcon.colcon_core.shell:Creating package script '/home/vboxuser/ros2_ws/install/my_package/share/my_package/package.zsh'
[59.731s] Level 1:colcon.colcon_core.environment:create_file_with_runtime_dependencies(/home/vboxuser/ros2_ws/install/my_package/share/colcon-core/packages/my_package)
[61.727s] DEBUG:colcon.colcon_core.event_handler.log_command:Invoking command in '/home/vboxuser/ros2_ws/src/py_pubsub': PYTHONPATH=/home/vboxuser/ros2_ws/build/py_pubsub/prefix_override:/usr/lib/python3/dist-packages/colcon_core/task/python/colcon_distutils_commands:/home/vboxuser/ros2_ws/install/py_pubsub/lib/python3.10/site-packages:${PYTHONPATH} /usr/bin/python3 -W ignore:setup.py install is deprecated -W ignore:easy_install command is deprecated setup.py egg_info --egg-base ../../build/py_pubsub build --build-base /home/vboxuser/ros2_ws/build/py_pubsub/build install --record /home/vboxuser/ros2_ws/build/py_pubsub/install.log --single-version-externally-managed install_data
[64.075s] Level 1:colcon.colcon_core.environment:checking '/home/vboxuser/ros2_ws/install/py_pubsub' for CMake module files
[64.082s] Level 1:colcon.colcon_core.environment:checking '/home/vboxuser/ros2_ws/install/py_pubsub' for CMake config files
[64.084s] DEBUG:colcon.colcon_core.event_handler.log_command:Invoked command in '/home/vboxuser/ros2_ws/src/py_pubsub' returned '0': PYTHONPATH=/home/vboxuser/ros2_ws/build/py_pubsub/prefix_override:/usr/lib/python3/dist-packages/colcon_core/task/python/colcon_distutils_commands:/home/vboxuser/ros2_ws/install/py_pubsub/lib/python3.10/site-packages:${PYTHONPATH} /usr/bin/python3 -W ignore:setup.py install is deprecated -W ignore:easy_install command is deprecated setup.py egg_info --egg-base ../../build/py_pubsub build --build-base /home/vboxuser/ros2_ws/build/py_pubsub/build install --record /home/vboxuser/ros2_ws/build/py_pubsub/install.log --single-version-externally-managed install_data
[64.087s] Level 1:colcon.colcon_core.environment:checking '/home/vboxuser/ros2_ws/install/py_pubsub/lib'
[64.090s] Level 1:colcon.colcon_core.environment:checking '/home/vboxuser/ros2_ws/install/py_pubsub/bin'
[64.092s] Level 1:colcon.colcon_core.environment:checking '/home/vboxuser/ros2_ws/install/py_pubsub/lib/pkgconfig/py_pubsub.pc'
[64.093s] Level 1:colcon.colcon_core.environment:checking '/home/vboxuser/ros2_ws/install/py_pubsub/lib/python3.10/site-packages'
[64.093s] Level 1:colcon.colcon_core.shell:create_environment_hook('py_pubsub', 'pythonpath')
[64.093s] INFO:colcon.colcon_core.shell:Creating environment hook '/home/vboxuser/ros2_ws/install/py_pubsub/share/py_pubsub/hook/pythonpath.ps1'
[64.095s] INFO:colcon.colcon_core.shell:Creating environment descriptor '/home/vboxuser/ros2_ws/install/py_pubsub/share/py_pubsub/hook/pythonpath.dsv'
[64.111s] INFO:colcon.colcon_core.shell:Creating environment hook '/home/vboxuser/ros2_ws/install/py_pubsub/share/py_pubsub/hook/pythonpath.sh'
[64.124s] Level 1:colcon.colcon_core.environment:checking '/home/vboxuser/ros2_ws/install/py_pubsub/bin'
[64.124s] Level 1:colcon.colcon_core.environment:create_environment_scripts_only(py_pubsub)
[64.125s] INFO:colcon.colcon_core.shell:Creating package script '/home/vboxuser/ros2_ws/install/py_pubsub/share/py_pubsub/package.ps1'
[64.126s] INFO:colcon.colcon_core.shell:Creating package descriptor '/home/vboxuser/ros2_ws/install/py_pubsub/share/py_pubsub/package.dsv'
[64.132s] INFO:colcon.colcon_core.shell:Creating package script '/home/vboxuser/ros2_ws/install/py_pubsub/share/py_pubsub/package.sh'
[64.136s] INFO:colcon.colcon_core.shell:Creating package script '/home/vboxuser/ros2_ws/install/py_pubsub/share/py_pubsub/package.bash'
[64.141s] INFO:colcon.colcon_core.shell:Creating package script '/home/vboxuser/ros2_ws/install/py_pubsub/share/py_pubsub/package.zsh'
[64.143s] Level 1:colcon.colcon_core.environment:create_file_with_runtime_dependencies(/home/vboxuser/ros2_ws/install/py_pubsub/share/colcon-core/packages/py_pubsub)
[66.502s] DEBUG:colcon.colcon_core.event_handler.log_command:Invoked command in '/home/vboxuser/ros2_ws/build/turtlesim' returned '0': CMAKE_PREFIX_PATH=${CMAKE_PREFIX_PATH}:/home/vboxuser/ros2_ws/install/py_pubsub:/home/vboxuser/ros2_ws/install/launch_testing_examples:/home/vboxuser/ros2_ws/install/examples_rclpy_pointcloud_publisher:/home/vboxuser/ros2_ws/install/examples_rclpy_minimal_subscriber:/home/vboxuser/ros2_ws/install/examples_rclpy_minimal_service:/home/vboxuser/ros2_ws/install/examples_rclpy_minimal_publisher:/home/vboxuser/ros2_ws/install/examples_rclpy_minimal_client:/home/vboxuser/ros2_ws/install/examples_rclpy_minimal_action_server:/home/vboxuser/ros2_ws/install/examples_rclpy_minimal_action_client:/home/vboxuser/ros2_ws/install/examples_rclpy_guard_conditions:/home/vboxuser/ros2_ws/install/examples_rclpy_executors:/home/vboxuser/ros2_ws/install/bms_visualizer:/opt/ros/iron:/home/vboxuser/ros2_iron/install/rqt_bag_plugins:/home/vboxuser/ros2_iron/install/rqt_bag:/home/vboxuser/ros2_iron/install/rosbag2_examples_py:/home/vboxuser/ros2_iron/install/launch_testing_examples:/home/vboxuser/ros2_iron/install/ros2bag:/home/vboxuser/ros2_iron/install/tracetools_test:/home/vboxuser/ros2_iron/install/tracetools_launch:/home/vboxuser/ros2_iron/install/topic_monitor:/home/vboxuser/ros2_iron/install/tf2_tools:/home/vboxuser/ros2_iron/install/examples_tf2_py:/home/vboxuser/ros2_iron/install/tf2_ros_py:/home/vboxuser/ros2_iron/install/examples_rclpy_pointcloud_publisher:/home/vboxuser/ros2_iron/install/sensor_msgs_py:/home/vboxuser/ros2_iron/install/quality_of_service_demo_py:/home/vboxuser/ros2_iron/install/rqt_plot:/home/vboxuser/ros2_iron/install/ros2doctor:/home/vboxuser/ros2_iron/install/lifecycle_py:/home/vboxuser/ros2_iron/install/examples_rclpy_minimal_subscriber:/home/vboxuser/ros2_iron/install/examples_rclpy_minimal_service:/home/vboxuser/ros2_iron/install/examples_rclpy_minimal_publisher:/home/vboxuser/ros2_iron/install/examples_rclpy_minimal_client:/home/vboxuser/ros2_iron/install/examples_rclpy_executors:/home/vboxuser/ros2_iron/install/demo_nodes_py:/home/vboxuser/ros2_iron/install/rqt:/home/vboxuser/ros2_iron/install/ros2component:/home/vboxuser/ros2_iron/install/sros2:/home/vboxuser/ros2_iron/install/rqt_topic:/home/vboxuser/ros2_iron/install/rqt_srv:/home/vboxuser/ros2_iron/install/rqt_shell:/home/vboxuser/ros2_iron/install/rqt_service_caller:/home/vboxuser/ros2_iron/install/rqt_reconfigure:/home/vboxuser/ros2_iron/install/rqt_py_console:/home/vboxuser/ros2_iron/install/rqt_publisher:/home/vboxuser/ros2_iron/install/rqt_action:/home/vboxuser/ros2_iron/install/rqt_msg:/home/vboxuser/ros2_iron/install/rqt_console:/home/vboxuser/ros2_iron/install/rqt_graph:/home/vboxuser/ros2_iron/install/rqt_gui_py:/home/vboxuser/ros2_iron/install/rqt_gui:/home/vboxuser/ros2_iron/install/ros2trace:/home/vboxuser/ros2_iron/install/ros2topic:/home/vboxuser/ros2_iron/install/ros2test:/home/vboxuser/ros2_iron/install/ros2param:/home/vboxuser/ros2_iron/install/ros2lifecycle:/home/vboxuser/ros2_iron/install/ros2service:/home/vboxuser/ros2_iron/install/ros2run:/home/vboxuser/ros2_iron/install/ros2launch:/home/vboxuser/ros2_iron/install/ros2pkg:/home/vboxuser/ros2_iron/install/ros2node:/home/vboxuser/ros2_iron/install/ros2multicast:/home/vboxuser/ros2_iron/install/ros2interface:/home/vboxuser/ros2_iron/install/ros2action:/home/vboxuser/ros2_iron/install/ros2cli:/home/vboxuser/ros2_iron/install/launch_testing_ros:/home/vboxuser/ros2_iron/install/launch_ros:/home/vboxuser/ros2_iron/install/examples_rclpy_minimal_action_server:/home/vboxuser/ros2_iron/install/examples_rclpy_minimal_action_client:/home/vboxuser/ros2_iron/install/examples_rclpy_guard_conditions:/home/vboxuser/ros2_iron/install/action_tutorials_py:/home/vboxuser/ros2_iron/install/ament_uncrustify:/home/vboxuser/ros2_iron/install/tracetools_trace:/home/vboxuser/ros2_iron/install/tracetools_read:/home/vboxuser/ros2_iron/install/test_tracetools_launch:/home/vboxuser/ros2_iron/install/test_ros2trace:/home/vboxuser/ros2_iron/install/test_launch_ros:/home/vboxuser/ros2_iron/install/rpyutils:/home/vboxuser/ros2_iron/install/rosidl_runtime_py:/home/vboxuser/ros2_iron/install/rosidl_pycommon:/home/vboxuser/ros2_iron/install/rosidl_cli:/home/vboxuser/ros2_iron/install/launch_pytest:/home/vboxuser/ros2_iron/install/launch_testing:/home/vboxuser/ros2_iron/install/launch_yaml:/home/vboxuser/ros2_iron/install/launch_xml:/home/vboxuser/ros2_iron/install/launch:/home/vboxuser/ros2_iron/install/osrf_pycommon:/home/vboxuser/ros2_iron/install/domain_coordinator:/home/vboxuser/ros2_iron/install/ament_xmllint:/home/vboxuser/ros2_iron/install/ament_pyflakes:/home/vboxuser/ros2_iron/install/ament_pycodestyle:/home/vboxuser/ros2_iron/install/ament_pep257:/home/vboxuser/ros2_iron/install/ament_pclint:/home/vboxuser/ros2_iron/install/ament_package:/home/vboxuser/ros2_iron/install/ament_mypy:/home/vboxuser/ros2_iron/install/ament_lint_cmake:/home/vboxuser/ros2_iron/install/ament_flake8:/home/vboxuser/ros2_iron/install/ament_copyright:/home/vboxuser/ros2_iron/install/ament_lint:/home/vboxuser/ros2_iron/install/ament_index_python:/home/vboxuser/ros2_iron/install/ament_cpplint:/home/vboxuser/ros2_iron/install/ament_cppcheck:/home/vboxuser/ros2_iron/install/ament_clang_tidy:/home/vboxuser/ros2_iron/install/ament_clang_format /usr/bin/cmake --build /home/vboxuser/ros2_ws/build/turtlesim -- -j4 -l4
[66.542s] DEBUG:colcon.colcon_core.event_handler.log_command:Invoking command in '/home/vboxuser/ros2_ws/build/turtlesim': CMAKE_PREFIX_PATH=${CMAKE_PREFIX_PATH}:/home/vboxuser/ros2_ws/install/py_pubsub:/home/vboxuser/ros2_ws/install/launch_testing_examples:/home/vboxuser/ros2_ws/install/examples_rclpy_pointcloud_publisher:/home/vboxuser/ros2_ws/install/examples_rclpy_minimal_subscriber:/home/vboxuser/ros2_ws/install/examples_rclpy_minimal_service:/home/vboxuser/ros2_ws/install/examples_rclpy_minimal_publisher:/home/vboxuser/ros2_ws/install/examples_rclpy_minimal_client:/home/vboxuser/ros2_ws/install/examples_rclpy_minimal_action_server:/home/vboxuser/ros2_ws/install/examples_rclpy_minimal_action_client:/home/vboxuser/ros2_ws/install/examples_rclpy_guard_conditions:/home/vboxuser/ros2_ws/install/examples_rclpy_executors:/home/vboxuser/ros2_ws/install/bms_visualizer:/opt/ros/iron:/home/vboxuser/ros2_iron/install/rqt_bag_plugins:/home/vboxuser/ros2_iron/install/rqt_bag:/home/vboxuser/ros2_iron/install/rosbag2_examples_py:/home/vboxuser/ros2_iron/install/launch_testing_examples:/home/vboxuser/ros2_iron/install/ros2bag:/home/vboxuser/ros2_iron/install/tracetools_test:/home/vboxuser/ros2_iron/install/tracetools_launch:/home/vboxuser/ros2_iron/install/topic_monitor:/home/vboxuser/ros2_iron/install/tf2_tools:/home/vboxuser/ros2_iron/install/examples_tf2_py:/home/vboxuser/ros2_iron/install/tf2_ros_py:/home/vboxuser/ros2_iron/install/examples_rclpy_pointcloud_publisher:/home/vboxuser/ros2_iron/install/sensor_msgs_py:/home/vboxuser/ros2_iron/install/quality_of_service_demo_py:/home/vboxuser/ros2_iron/install/rqt_plot:/home/vboxuser/ros2_iron/install/ros2doctor:/home/vboxuser/ros2_iron/install/lifecycle_py:/home/vboxuser/ros2_iron/install/examples_rclpy_minimal_subscriber:/home/vboxuser/ros2_iron/install/examples_rclpy_minimal_service:/home/vboxuser/ros2_iron/install/examples_rclpy_minimal_publisher:/home/vboxuser/ros2_iron/install/examples_rclpy_minimal_client:/home/vboxuser/ros2_iron/install/examples_rclpy_executors:/home/vboxuser/ros2_iron/install/demo_nodes_py:/home/vboxuser/ros2_iron/install/rqt:/home/vboxuser/ros2_iron/install/ros2component:/home/vboxuser/ros2_iron/install/sros2:/home/vboxuser/ros2_iron/install/rqt_topic:/home/vboxuser/ros2_iron/install/rqt_srv:/home/vboxuser/ros2_iron/install/rqt_shell:/home/vboxuser/ros2_iron/install/rqt_service_caller:/home/vboxuser/ros2_iron/install/rqt_reconfigure:/home/vboxuser/ros2_iron/install/rqt_py_console:/home/vboxuser/ros2_iron/install/rqt_publisher:/home/vboxuser/ros2_iron/install/rqt_action:/home/vboxuser/ros2_iron/install/rqt_msg:/home/vboxuser/ros2_iron/install/rqt_console:/home/vboxuser/ros2_iron/install/rqt_graph:/home/vboxuser/ros2_iron/install/rqt_gui_py:/home/vboxuser/ros2_iron/install/rqt_gui:/home/vboxuser/ros2_iron/install/ros2trace:/home/vboxuser/ros2_iron/install/ros2topic:/home/vboxuser/ros2_iron/install/ros2test:/home/vboxuser/ros2_iron/install/ros2param:/home/vboxuser/ros2_iron/install/ros2lifecycle:/home/vboxuser/ros2_iron/install/ros2service:/home/vboxuser/ros2_iron/install/ros2run:/home/vboxuser/ros2_iron/install/ros2launch:/home/vboxuser/ros2_iron/install/ros2pkg:/home/vboxuser/ros2_iron/install/ros2node:/home/vboxuser/ros2_iron/install/ros2multicast:/home/vboxuser/ros2_iron/install/ros2interface:/home/vboxuser/ros2_iron/install/ros2action:/home/vboxuser/ros2_iron/install/ros2cli:/home/vboxuser/ros2_iron/install/launch_testing_ros:/home/vboxuser/ros2_iron/install/launch_ros:/home/vboxuser/ros2_iron/install/examples_rclpy_minimal_action_server:/home/vboxuser/ros2_iron/install/examples_rclpy_minimal_action_client:/home/vboxuser/ros2_iron/install/examples_rclpy_guard_conditions:/home/vboxuser/ros2_iron/install/action_tutorials_py:/home/vboxuser/ros2_iron/install/ament_uncrustify:/home/vboxuser/ros2_iron/install/tracetools_trace:/home/vboxuser/ros2_iron/install/tracetools_read:/home/vboxuser/ros2_iron/install/test_tracetools_launch:/home/vboxuser/ros2_iron/install/test_ros2trace:/home/vboxuser/ros2_iron/install/test_launch_ros:/home/vboxuser/ros2_iron/install/rpyutils:/home/vboxuser/ros2_iron/install/rosidl_runtime_py:/home/vboxuser/ros2_iron/install/rosidl_pycommon:/home/vboxuser/ros2_iron/install/rosidl_cli:/home/vboxuser/ros2_iron/install/launch_pytest:/home/vboxuser/ros2_iron/install/launch_testing:/home/vboxuser/ros2_iron/install/launch_yaml:/home/vboxuser/ros2_iron/install/launch_xml:/home/vboxuser/ros2_iron/install/launch:/home/vboxuser/ros2_iron/install/osrf_pycommon:/home/vboxuser/ros2_iron/install/domain_coordinator:/home/vboxuser/ros2_iron/install/ament_xmllint:/home/vboxuser/ros2_iron/install/ament_pyflakes:/home/vboxuser/ros2_iron/install/ament_pycodestyle:/home/vboxuser/ros2_iron/install/ament_pep257:/home/vboxuser/ros2_iron/install/ament_pclint:/home/vboxuser/ros2_iron/install/ament_package:/home/vboxuser/ros2_iron/install/ament_mypy:/home/vboxuser/ros2_iron/install/ament_lint_cmake:/home/vboxuser/ros2_iron/install/ament_flake8:/home/vboxuser/ros2_iron/install/ament_copyright:/home/vboxuser/ros2_iron/install/ament_lint:/home/vboxuser/ros2_iron/install/ament_index_python:/home/vboxuser/ros2_iron/install/ament_cpplint:/home/vboxuser/ros2_iron/install/ament_cppcheck:/home/vboxuser/ros2_iron/install/ament_clang_tidy:/home/vboxuser/ros2_iron/install/ament_clang_format /usr/bin/cmake --install /home/vboxuser/ros2_ws/build/turtlesim
[67.906s] Level 1:colcon.colcon_core.environment:create_environment_scripts_only(turtlesim)
[67.909s] DEBUG:colcon.colcon_core.event_handler.log_command:Invoked command in '/home/vboxuser/ros2_ws/build/turtlesim' returned '0': CMAKE_PREFIX_PATH=${CMAKE_PREFIX_PATH}:/home/vboxuser/ros2_ws/install/py_pubsub:/home/vboxuser/ros2_ws/install/launch_testing_examples:/home/vboxuser/ros2_ws/install/examples_rclpy_pointcloud_publisher:/home/vboxuser/ros2_ws/install/examples_rclpy_minimal_subscriber:/home/vboxuser/ros2_ws/install/examples_rclpy_minimal_service:/home/vboxuser/ros2_ws/install/examples_rclpy_minimal_publisher:/home/vboxuser/ros2_ws/install/examples_rclpy_minimal_client:/home/vboxuser/ros2_ws/install/examples_rclpy_minimal_action_server:/home/vboxuser/ros2_ws/install/examples_rclpy_minimal_action_client:/home/vboxuser/ros2_ws/install/examples_rclpy_guard_conditions:/home/vboxuser/ros2_ws/install/examples_rclpy_executors:/home/vboxuser/ros2_ws/install/bms_visualizer:/opt/ros/iron:/home/vboxuser/ros2_iron/install/rqt_bag_plugins:/home/vboxuser/ros2_iron/install/rqt_bag:/home/vboxuser/ros2_iron/install/rosbag2_examples_py:/home/vboxuser/ros2_iron/install/launch_testing_examples:/home/vboxuser/ros2_iron/install/ros2bag:/home/vboxuser/ros2_iron/install/tracetools_test:/home/vboxuser/ros2_iron/install/tracetools_launch:/home/vboxuser/ros2_iron/install/topic_monitor:/home/vboxuser/ros2_iron/install/tf2_tools:/home/vboxuser/ros2_iron/install/examples_tf2_py:/home/vboxuser/ros2_iron/install/tf2_ros_py:/home/vboxuser/ros2_iron/install/examples_rclpy_pointcloud_publisher:/home/vboxuser/ros2_iron/install/sensor_msgs_py:/home/vboxuser/ros2_iron/install/quality_of_service_demo_py:/home/vboxuser/ros2_iron/install/rqt_plot:/home/vboxuser/ros2_iron/install/ros2doctor:/home/vboxuser/ros2_iron/install/lifecycle_py:/home/vboxuser/ros2_iron/install/examples_rclpy_minimal_subscriber:/home/vboxuser/ros2_iron/install/examples_rclpy_minimal_service:/home/vboxuser/ros2_iron/install/examples_rclpy_minimal_publisher:/home/vboxuser/ros2_iron/install/examples_rclpy_minimal_client:/home/vboxuser/ros2_iron/install/examples_rclpy_executors:/home/vboxuser/ros2_iron/install/demo_nodes_py:/home/vboxuser/ros2_iron/install/rqt:/home/vboxuser/ros2_iron/install/ros2component:/home/vboxuser/ros2_iron/install/sros2:/home/vboxuser/ros2_iron/install/rqt_topic:/home/vboxuser/ros2_iron/install/rqt_srv:/home/vboxuser/ros2_iron/install/rqt_shell:/home/vboxuser/ros2_iron/install/rqt_service_caller:/home/vboxuser/ros2_iron/install/rqt_reconfigure:/home/vboxuser/ros2_iron/install/rqt_py_console:/home/vboxuser/ros2_iron/install/rqt_publisher:/home/vboxuser/ros2_iron/install/rqt_action:/home/vboxuser/ros2_iron/install/rqt_msg:/home/vboxuser/ros2_iron/install/rqt_console:/home/vboxuser/ros2_iron/install/rqt_graph:/home/vboxuser/ros2_iron/install/rqt_gui_py:/home/vboxuser/ros2_iron/install/rqt_gui:/home/vboxuser/ros2_iron/install/ros2trace:/home/vboxuser/ros2_iron/install/ros2topic:/home/vboxuser/ros2_iron/install/ros2test:/home/vboxuser/ros2_iron/install/ros2param:/home/vboxuser/ros2_iron/install/ros2lifecycle:/home/vboxuser/ros2_iron/install/ros2service:/home/vboxuser/ros2_iron/install/ros2run:/home/vboxuser/ros2_iron/install/ros2launch:/home/vboxuser/ros2_iron/install/ros2pkg:/home/vboxuser/ros2_iron/install/ros2node:/home/vboxuser/ros2_iron/install/ros2multicast:/home/vboxuser/ros2_iron/install/ros2interface:/home/vboxuser/ros2_iron/install/ros2action:/home/vboxuser/ros2_iron/install/ros2cli:/home/vboxuser/ros2_iron/install/launch_testing_ros:/home/vboxuser/ros2_iron/install/launch_ros:/home/vboxuser/ros2_iron/install/examples_rclpy_minimal_action_server:/home/vboxuser/ros2_iron/install/examples_rclpy_minimal_action_client:/home/vboxuser/ros2_iron/install/examples_rclpy_guard_conditions:/home/vboxuser/ros2_iron/install/action_tutorials_py:/home/vboxuser/ros2_iron/install/ament_uncrustify:/home/vboxuser/ros2_iron/install/tracetools_trace:/home/vboxuser/ros2_iron/install/tracetools_read:/home/vboxuser/ros2_iron/install/test_tracetools_launch:/home/vboxuser/ros2_iron/install/test_ros2trace:/home/vboxuser/ros2_iron/install/test_launch_ros:/home/vboxuser/ros2_iron/install/rpyutils:/home/vboxuser/ros2_iron/install/rosidl_runtime_py:/home/vboxuser/ros2_iron/install/rosidl_pycommon:/home/vboxuser/ros2_iron/install/rosidl_cli:/home/vboxuser/ros2_iron/install/launch_pytest:/home/vboxuser/ros2_iron/install/launch_testing:/home/vboxuser/ros2_iron/install/launch_yaml:/home/vboxuser/ros2_iron/install/launch_xml:/home/vboxuser/ros2_iron/install/launch:/home/vboxuser/ros2_iron/install/osrf_pycommon:/home/vboxuser/ros2_iron/install/domain_coordinator:/home/vboxuser/ros2_iron/install/ament_xmllint:/home/vboxuser/ros2_iron/install/ament_pyflakes:/home/vboxuser/ros2_iron/install/ament_pycodestyle:/home/vboxuser/ros2_iron/install/ament_pep257:/home/vboxuser/ros2_iron/install/ament_pclint:/home/vboxuser/ros2_iron/install/ament_package:/home/vboxuser/ros2_iron/install/ament_mypy:/home/vboxuser/ros2_iron/install/ament_lint_cmake:/home/vboxuser/ros2_iron/install/ament_flake8:/home/vboxuser/ros2_iron/install/ament_copyright:/home/vboxuser/ros2_iron/install/ament_lint:/home/vboxuser/ros2_iron/install/ament_index_python:/home/vboxuser/ros2_iron/install/ament_cpplint:/home/vboxuser/ros2_iron/install/ament_cppcheck:/home/vboxuser/ros2_iron/install/ament_clang_tidy:/home/vboxuser/ros2_iron/install/ament_clang_format /usr/bin/cmake --install /home/vboxuser/ros2_ws/build/turtlesim
[67.910s] Level 1:colcon.colcon_core.environment:checking '/home/vboxuser/ros2_ws/install/turtlesim' for CMake module files
[67.919s] Level 1:colcon.colcon_core.environment:checking '/home/vboxuser/ros2_ws/install/turtlesim' for CMake config files
[67.929s] Level 1:colcon.colcon_core.shell:create_environment_hook('turtlesim', 'cmake_prefix_path')
[67.935s] INFO:colcon.colcon_core.shell:Creating environment hook '/home/vboxuser/ros2_ws/install/turtlesim/share/turtlesim/hook/cmake_prefix_path.ps1'
[67.941s] INFO:colcon.colcon_core.shell:Creating environment descriptor '/home/vboxuser/ros2_ws/install/turtlesim/share/turtlesim/hook/cmake_prefix_path.dsv'
[67.948s] INFO:colcon.colcon_core.shell:Creating environment hook '/home/vboxuser/ros2_ws/install/turtlesim/share/turtlesim/hook/cmake_prefix_path.sh'
[67.956s] Level 1:colcon.colcon_core.environment:checking '/home/vboxuser/ros2_ws/install/turtlesim/lib'
[67.960s] Level 1:colcon.colcon_core.shell:create_environment_hook('turtlesim', 'ld_library_path_lib')
[67.961s] INFO:colcon.colcon_core.shell:Creating environment hook '/home/vboxuser/ros2_ws/install/turtlesim/share/turtlesim/hook/ld_library_path_lib.ps1'
[67.968s] INFO:colcon.colcon_core.shell:Creating environment descriptor '/home/vboxuser/ros2_ws/install/turtlesim/share/turtlesim/hook/ld_library_path_lib.dsv'
[67.971s] INFO:colcon.colcon_core.shell:Creating environment hook '/home/vboxuser/ros2_ws/install/turtlesim/share/turtlesim/hook/ld_library_path_lib.sh'
[67.975s] Level 1:colcon.colcon_core.environment:checking '/home/vboxuser/ros2_ws/install/turtlesim/bin'
[67.977s] Level 1:colcon.colcon_core.environment:checking '/home/vboxuser/ros2_ws/install/turtlesim/lib/pkgconfig/turtlesim.pc'
[67.980s] Level 1:colcon.colcon_core.environment:checking '/home/vboxuser/ros2_ws/install/turtlesim/lib/python3.10/site-packages'
[67.980s] Level 1:colcon.colcon_core.shell:create_environment_hook('turtlesim', 'pythonpath')
[67.981s] INFO:colcon.colcon_core.shell:Creating environment hook '/home/vboxuser/ros2_ws/install/turtlesim/share/turtlesim/hook/pythonpath.ps1'
[67.983s] INFO:colcon.colcon_core.shell:Creating environment descriptor '/home/vboxuser/ros2_ws/install/turtlesim/share/turtlesim/hook/pythonpath.dsv'
[67.987s] INFO:colcon.colcon_core.shell:Creating environment hook '/home/vboxuser/ros2_ws/install/turtlesim/share/turtlesim/hook/pythonpath.sh'
[67.991s] Level 1:colcon.colcon_core.environment:checking '/home/vboxuser/ros2_ws/install/turtlesim/bin'
[67.994s] INFO:colcon.colcon_core.shell:Creating package script '/home/vboxuser/ros2_ws/install/turtlesim/share/turtlesim/package.ps1'
[68.000s] INFO:colcon.colcon_core.shell:Creating package descriptor '/home/vboxuser/ros2_ws/install/turtlesim/share/turtlesim/package.dsv'
[68.003s] INFO:colcon.colcon_core.shell:Creating package script '/home/vboxuser/ros2_ws/install/turtlesim/share/turtlesim/package.sh'
[68.007s] INFO:colcon.colcon_core.shell:Creating package script '/home/vboxuser/ros2_ws/install/turtlesim/share/turtlesim/package.bash'
[68.013s] INFO:colcon.colcon_core.shell:Creating package script '/home/vboxuser/ros2_ws/install/turtlesim/share/turtlesim/package.zsh'
[68.015s] Level 1:colcon.colcon_core.environment:create_file_with_runtime_dependencies(/home/vboxuser/ros2_ws/install/turtlesim/share/colcon-core/packages/turtlesim)
[68.032s] Level 1:colcon.colcon_core.environment:create_environment_scripts_only(turtlesim)
[68.034s] Level 1:colcon.colcon_core.environment:checking '/home/vboxuser/ros2_ws/install/turtlesim' for CMake module files
[68.038s] Level 1:colcon.colcon_core.environment:checking '/home/vboxuser/ros2_ws/install/turtlesim' for CMake config files
[68.039s] Level 1:colcon.colcon_core.shell:create_environment_hook('turtlesim', 'cmake_prefix_path')
[68.040s] INFO:colcon.colcon_core.shell:Creating environment hook '/home/vboxuser/ros2_ws/install/turtlesim/share/turtlesim/hook/cmake_prefix_path.ps1'
[68.045s] INFO:colcon.colcon_core.shell:Creating environment descriptor '/home/vboxuser/ros2_ws/install/turtlesim/share/turtlesim/hook/cmake_prefix_path.dsv'
[68.048s] INFO:colcon.colcon_core.shell:Creating environment hook '/home/vboxuser/ros2_ws/install/turtlesim/share/turtlesim/hook/cmake_prefix_path.sh'
[68.052s] Level 1:colcon.colcon_core.environment:checking '/home/vboxuser/ros2_ws/install/turtlesim/lib'
[68.053s] Level 1:colcon.colcon_core.shell:create_environment_hook('turtlesim', 'ld_library_path_lib')
[68.054s] INFO:colcon.colcon_core.shell:Creating environment hook '/home/vboxuser/ros2_ws/install/turtlesim/share/turtlesim/hook/ld_library_path_lib.ps1'
[68.056s] INFO:colcon.colcon_core.shell:Creating environment descriptor '/home/vboxuser/ros2_ws/install/turtlesim/share/turtlesim/hook/ld_library_path_lib.dsv'
[68.058s] INFO:colcon.colcon_core.shell:Creating environment hook '/home/vboxuser/ros2_ws/install/turtlesim/share/turtlesim/hook/ld_library_path_lib.sh'
[68.062s] Level 1:colcon.colcon_core.environment:checking '/home/vboxuser/ros2_ws/install/turtlesim/bin'
[68.062s] Level 1:colcon.colcon_core.environment:checking '/home/vboxuser/ros2_ws/install/turtlesim/lib/pkgconfig/turtlesim.pc'
[68.062s] Level 1:colcon.colcon_core.environment:checking '/home/vboxuser/ros2_ws/install/turtlesim/lib/python3.10/site-packages'
[68.063s] Level 1:colcon.colcon_core.shell:create_environment_hook('turtlesim', 'pythonpath')
[68.063s] INFO:colcon.colcon_core.shell:Creating environment hook '/home/vboxuser/ros2_ws/install/turtlesim/share/turtlesim/hook/pythonpath.ps1'
[68.065s] INFO:colcon.colcon_core.shell:Creating environment descriptor '/home/vboxuser/ros2_ws/install/turtlesim/share/turtlesim/hook/pythonpath.dsv'
[68.066s] INFO:colcon.colcon_core.shell:Creating environment hook '/home/vboxuser/ros2_ws/install/turtlesim/share/turtlesim/hook/pythonpath.sh'
[68.069s] Level 1:colcon.colcon_core.environment:checking '/home/vboxuser/ros2_ws/install/turtlesim/bin'
[68.070s] INFO:colcon.colcon_core.shell:Creating package script '/home/vboxuser/ros2_ws/install/turtlesim/share/turtlesim/package.ps1'
[68.072s] INFO:colcon.colcon_core.shell:Creating package descriptor '/home/vboxuser/ros2_ws/install/turtlesim/share/turtlesim/package.dsv'
[68.075s] INFO:colcon.colcon_core.shell:Creating package script '/home/vboxuser/ros2_ws/install/turtlesim/share/turtlesim/package.sh'
[68.078s] INFO:colcon.colcon_core.shell:Creating package script '/home/vboxuser/ros2_ws/install/turtlesim/share/turtlesim/package.bash'
[68.081s] INFO:colcon.colcon_core.shell:Creating package script '/home/vboxuser/ros2_ws/install/turtlesim/share/turtlesim/package.zsh'
[68.084s] Level 1:colcon.colcon_core.environment:create_file_with_runtime_dependencies(/home/vboxuser/ros2_ws/install/turtlesim/share/colcon-core/packages/turtlesim)
[68.089s] DEBUG:colcon.colcon_parallel_executor.executor.parallel:closing loop
[68.090s] DEBUG:colcon.colcon_parallel_executor.executor.parallel:loop closed
[68.091s] DEBUG:colcon.colcon_parallel_executor.executor.parallel:run_until_complete finished with '0'
[68.091s] DEBUG:colcon.colcon_core.event_reactor:joining thread
[68.182s] INFO:colcon.colcon_core.plugin_system:Skipping extension 'colcon_notification.desktop_notification.terminal_notifier': Not used on non-Darwin systems
[68.183s] INFO:colcon.colcon_core.plugin_system:Skipping extension 'colcon_notification.desktop_notification.win32': Not used on non-Windows systems
[68.184s] INFO:colcon.colcon_notification.desktop_notification:Sending desktop notification using 'notify2'
[68.314s] DEBUG:colcon.colcon_core.event_reactor:joined thread
[68.316s] INFO:colcon.colcon_core.shell:Creating prefix script '/home/vboxuser/ros2_ws/install/local_setup.ps1'
[68.344s] INFO:colcon.colcon_core.shell:Creating prefix util module '/home/vboxuser/ros2_ws/install/_local_setup_util_ps1.py'
[68.365s] INFO:colcon.colcon_core.shell:Creating prefix chain script '/home/vboxuser/ros2_ws/install/setup.ps1'
[68.412s] INFO:colcon.colcon_core.shell:Creating prefix script '/home/vboxuser/ros2_ws/install/local_setup.sh'
[68.432s] INFO:colcon.colcon_core.shell:Creating prefix util module '/home/vboxuser/ros2_ws/install/_local_setup_util_sh.py'
[68.434s] INFO:colcon.colcon_core.shell:Creating prefix chain script '/home/vboxuser/ros2_ws/install/setup.sh'
[68.465s] INFO:colcon.colcon_core.shell:Creating prefix script '/home/vboxuser/ros2_ws/install/local_setup.bash'
[68.490s] INFO:colcon.colcon_core.shell:Creating prefix chain script '/home/vboxuser/ros2_ws/install/setup.bash'
[68.518s] INFO:colcon.colcon_core.shell:Creating prefix script '/home/vboxuser/ros2_ws/install/local_setup.zsh'
[68.522s] INFO:colcon.colcon_core.shell:Creating prefix chain script '/home/vboxuser/ros2_ws/install/setup.zsh'
