[0.357s] DEBUG:colcon:Command line arguments: ['/usr/bin/colcon', 'build']
[0.358s] DEBUG:colcon:Parsed command line arguments: Namespace(log_base=None, log_level=None, verb_name='build', build_base='build', install_base='install', merge_install=False, symlink_install=False, test_result_base=None, continue_on_error=False, executor='parallel', parallel_workers=4, event_handlers=None, ignore_user_meta=False, metas=['./colcon.meta'], base_paths=['.'], packages_ignore=None, packages_ignore_regex=None, paths=None, packages_up_to=None, packages_up_to_regex=None, packages_above=None, packages_above_and_dependencies=None, packages_above_depth=None, packages_select_by_dep=None, packages_skip_by_dep=None, packages_skip_up_to=None, packages_select_build_failed=False, packages_skip_build_finished=False, packages_select_test_failures=False, packages_skip_test_passed=False, packages_select=None, packages_skip=None, packages_select_regex=None, packages_skip_regex=None, packages_start=None, packages_end=None, allow_overriding=[], cmake_args=None, cmake_target=None, cmake_target_skip_unavailable=False, cmake_clean_cache=False, cmake_clean_first=False, cmake_force_configure=False, ament_cmake_args=None, catkin_cmake_args=None, catkin_skip_building_tests=False, mixin_files=None, mixin=None, verb_parser=<colcon_mixin.mixin.mixin_argument.MixinArgumentDecorator object at 0x7ce450fdc460>, verb_extension=<colcon_core.verb.build.BuildVerb object at 0x7ce450fa7ee0>, main=<bound method BuildVerb.main of <colcon_core.verb.build.BuildVerb object at 0x7ce450fa7ee0>>, mixin_verb=('build',))
[0.810s] Level 1:colcon.colcon_core.package_discovery:discover_packages(colcon_meta) check parameters
[0.811s] Level 1:colcon.colcon_core.package_discovery:discover_packages(recursive) check parameters
[0.811s] Level 1:colcon.colcon_core.package_discovery:discover_packages(ignore) check parameters
[0.811s] Level 1:colcon.colcon_core.package_discovery:discover_packages(path) check parameters
[0.811s] Level 1:colcon.colcon_core.package_discovery:discover_packages(colcon_meta) discover
[0.811s] Level 1:colcon.colcon_core.package_discovery:discover_packages(recursive) discover
[0.812s] INFO:colcon.colcon_core.package_discovery:Crawling recursively for packages in '/home/vboxuser/ros2_ws'
[0.812s] Level 1:colcon.colcon_core.package_identification:_identify(.) by extensions ['ignore', 'ignore_ament_install']
[0.812s] Level 1:colcon.colcon_core.package_identification:_identify(.) by extension 'ignore'
[0.812s] Level 1:colcon.colcon_core.package_identification:_identify(.) by extension 'ignore_ament_install'
[0.813s] Level 1:colcon.colcon_core.package_identification:_identify(.) by extensions ['colcon_pkg']
[0.813s] Level 1:colcon.colcon_core.package_identification:_identify(.) by extension 'colcon_pkg'
[0.813s] Level 1:colcon.colcon_core.package_identification:_identify(.) by extensions ['colcon_meta']
[0.813s] Level 1:colcon.colcon_core.package_identification:_identify(.) by extension 'colcon_meta'
[0.813s] Level 1:colcon.colcon_core.package_identification:_identify(.) by extensions ['ros']
[0.813s] Level 1:colcon.colcon_core.package_identification:_identify(.) by extension 'ros'
[0.832s] Level 1:colcon.colcon_core.package_identification:_identify(.) by extensions ['cmake', 'python']
[0.832s] Level 1:colcon.colcon_core.package_identification:_identify(.) by extension 'cmake'
[0.832s] Level 1:colcon.colcon_core.package_identification:_identify(.) by extension 'python'
[0.833s] Level 1:colcon.colcon_core.package_identification:_identify(.) by extensions ['python_setup_py']
[0.833s] Level 1:colcon.colcon_core.package_identification:_identify(.) by extension 'python_setup_py'
[0.835s] Level 1:colcon.colcon_core.package_identification:_identify(build) by extensions ['ignore', 'ignore_ament_install']
[0.835s] Level 1:colcon.colcon_core.package_identification:_identify(build) by extension 'ignore'
[0.835s] Level 1:colcon.colcon_core.package_identification:_identify(build) ignored
[0.836s] Level 1:colcon.colcon_core.package_identification:_identify(install) by extensions ['ignore', 'ignore_ament_install']
[0.836s] Level 1:colcon.colcon_core.package_identification:_identify(install) by extension 'ignore'
[0.836s] Level 1:colcon.colcon_core.package_identification:_identify(install) ignored
[0.836s] Level 1:colcon.colcon_core.package_identification:_identify(log) by extensions ['ignore', 'ignore_ament_install']
[0.837s] Level 1:colcon.colcon_core.package_identification:_identify(log) by extension 'ignore'
[0.837s] Level 1:colcon.colcon_core.package_identification:_identify(log) ignored
[0.837s] Level 1:colcon.colcon_core.package_identification:_identify(src) by extensions ['ignore', 'ignore_ament_install']
[0.837s] Level 1:colcon.colcon_core.package_identification:_identify(src) by extension 'ignore'
[0.837s] Level 1:colcon.colcon_core.package_identification:_identify(src) by extension 'ignore_ament_install'
[0.837s] Level 1:colcon.colcon_core.package_identification:_identify(src) by extensions ['colcon_pkg']
[0.837s] Level 1:colcon.colcon_core.package_identification:_identify(src) by extension 'colcon_pkg'
[0.837s] Level 1:colcon.colcon_core.package_identification:_identify(src) by extensions ['colcon_meta']
[0.837s] Level 1:colcon.colcon_core.package_identification:_identify(src) by extension 'colcon_meta'
[0.837s] Level 1:colcon.colcon_core.package_identification:_identify(src) by extensions ['ros']
[0.837s] Level 1:colcon.colcon_core.package_identification:_identify(src) by extension 'ros'
[0.837s] Level 1:colcon.colcon_core.package_identification:_identify(src) by extensions ['cmake', 'python']
[0.837s] Level 1:colcon.colcon_core.package_identification:_identify(src) by extension 'cmake'
[0.838s] Level 1:colcon.colcon_core.package_identification:_identify(src) by extension 'python'
[0.838s] Level 1:colcon.colcon_core.package_identification:_identify(src) by extensions ['python_setup_py']
[0.838s] Level 1:colcon.colcon_core.package_identification:_identify(src) by extension 'python_setup_py'
[0.838s] Level 1:colcon.colcon_core.package_identification:_identify(src/BMS_BQ769X2) by extensions ['ignore', 'ignore_ament_install']
[0.838s] Level 1:colcon.colcon_core.package_identification:_identify(src/BMS_BQ769X2) by extension 'ignore'
[0.838s] Level 1:colcon.colcon_core.package_identification:_identify(src/BMS_BQ769X2) by extension 'ignore_ament_install'
[0.838s] Level 1:colcon.colcon_core.package_identification:_identify(src/BMS_BQ769X2) by extensions ['colcon_pkg']
[0.838s] Level 1:colcon.colcon_core.package_identification:_identify(src/BMS_BQ769X2) by extension 'colcon_pkg'
[0.838s] Level 1:colcon.colcon_core.package_identification:_identify(src/BMS_BQ769X2) by extensions ['colcon_meta']
[0.838s] Level 1:colcon.colcon_core.package_identification:_identify(src/BMS_BQ769X2) by extension 'colcon_meta'
[0.838s] Level 1:colcon.colcon_core.package_identification:_identify(src/BMS_BQ769X2) by extensions ['ros']
[0.838s] Level 1:colcon.colcon_core.package_identification:_identify(src/BMS_BQ769X2) by extension 'ros'
[0.839s] Level 1:colcon.colcon_core.package_identification:_identify(src/BMS_BQ769X2) by extensions ['cmake', 'python']
[0.839s] Level 1:colcon.colcon_core.package_identification:_identify(src/BMS_BQ769X2) by extension 'cmake'
[0.839s] Level 1:colcon.colcon_core.package_identification:_identify(src/BMS_BQ769X2) by extension 'python'
[0.839s] Level 1:colcon.colcon_core.package_identification:_identify(src/BMS_BQ769X2) by extensions ['python_setup_py']
[0.839s] Level 1:colcon.colcon_core.package_identification:_identify(src/BMS_BQ769X2) by extension 'python_setup_py'
[0.839s] Level 1:colcon.colcon_core.package_identification:_identify(src/BMS_BQ769X2/src) by extensions ['ignore', 'ignore_ament_install']
[0.839s] Level 1:colcon.colcon_core.package_identification:_identify(src/BMS_BQ769X2/src) by extension 'ignore'
[0.839s] Level 1:colcon.colcon_core.package_identification:_identify(src/BMS_BQ769X2/src) by extension 'ignore_ament_install'
[0.839s] Level 1:colcon.colcon_core.package_identification:_identify(src/BMS_BQ769X2/src) by extensions ['colcon_pkg']
[0.839s] Level 1:colcon.colcon_core.package_identification:_identify(src/BMS_BQ769X2/src) by extension 'colcon_pkg'
[0.840s] Level 1:colcon.colcon_core.package_identification:_identify(src/BMS_BQ769X2/src) by extensions ['colcon_meta']
[0.840s] Level 1:colcon.colcon_core.package_identification:_identify(src/BMS_BQ769X2/src) by extension 'colcon_meta'
[0.840s] Level 1:colcon.colcon_core.package_identification:_identify(src/BMS_BQ769X2/src) by extensions ['ros']
[0.840s] Level 1:colcon.colcon_core.package_identification:_identify(src/BMS_BQ769X2/src) by extension 'ros'
[0.840s] Level 1:colcon.colcon_core.package_identification:_identify(src/BMS_BQ769X2/src) by extensions ['cmake', 'python']
[0.840s] Level 1:colcon.colcon_core.package_identification:_identify(src/BMS_BQ769X2/src) by extension 'cmake'
[0.840s] Level 1:colcon.colcon_core.package_identification:_identify(src/BMS_BQ769X2/src) by extension 'python'
[0.840s] Level 1:colcon.colcon_core.package_identification:_identify(src/BMS_BQ769X2/src) by extensions ['python_setup_py']
[0.840s] Level 1:colcon.colcon_core.package_identification:_identify(src/BMS_BQ769X2/src) by extension 'python_setup_py'
[0.840s] Level 1:colcon.colcon_core.package_identification:_identify(src/BMS_BQ769X2/src/bms_visualizer) by extensions ['ignore', 'ignore_ament_install']
[0.841s] Level 1:colcon.colcon_core.package_identification:_identify(src/BMS_BQ769X2/src/bms_visualizer) by extension 'ignore'
[0.841s] Level 1:colcon.colcon_core.package_identification:_identify(src/BMS_BQ769X2/src/bms_visualizer) by extension 'ignore_ament_install'
[0.841s] Level 1:colcon.colcon_core.package_identification:_identify(src/BMS_BQ769X2/src/bms_visualizer) by extensions ['colcon_pkg']
[0.841s] Level 1:colcon.colcon_core.package_identification:_identify(src/BMS_BQ769X2/src/bms_visualizer) by extension 'colcon_pkg'
[0.841s] Level 1:colcon.colcon_core.package_identification:_identify(src/BMS_BQ769X2/src/bms_visualizer) by extensions ['colcon_meta']
[0.841s] Level 1:colcon.colcon_core.package_identification:_identify(src/BMS_BQ769X2/src/bms_visualizer) by extension 'colcon_meta'
[0.841s] Level 1:colcon.colcon_core.package_identification:_identify(src/BMS_BQ769X2/src/bms_visualizer) by extensions ['ros']
[0.841s] Level 1:colcon.colcon_core.package_identification:_identify(src/BMS_BQ769X2/src/bms_visualizer) by extension 'ros'
[0.847s] DEBUG:colcon.colcon_core.package_identification:Package 'src/BMS_BQ769X2/src/bms_visualizer' with type 'ros.ament_python' and name 'bms_visualizer'
[0.848s] Level 1:colcon.colcon_core.package_identification:_identify(src/BMS_BQ769X2/src/bq769x2_i2c_ros) by extensions ['ignore', 'ignore_ament_install']
[0.848s] Level 1:colcon.colcon_core.package_identification:_identify(src/BMS_BQ769X2/src/bq769x2_i2c_ros) by extension 'ignore'
[0.848s] Level 1:colcon.colcon_core.package_identification:_identify(src/BMS_BQ769X2/src/bq769x2_i2c_ros) by extension 'ignore_ament_install'
[0.849s] Level 1:colcon.colcon_core.package_identification:_identify(src/BMS_BQ769X2/src/bq769x2_i2c_ros) by extensions ['colcon_pkg']
[0.849s] Level 1:colcon.colcon_core.package_identification:_identify(src/BMS_BQ769X2/src/bq769x2_i2c_ros) by extension 'colcon_pkg'
[0.849s] Level 1:colcon.colcon_core.package_identification:_identify(src/BMS_BQ769X2/src/bq769x2_i2c_ros) by extensions ['colcon_meta']
[0.849s] Level 1:colcon.colcon_core.package_identification:_identify(src/BMS_BQ769X2/src/bq769x2_i2c_ros) by extension 'colcon_meta'
[0.849s] Level 1:colcon.colcon_core.package_identification:_identify(src/BMS_BQ769X2/src/bq769x2_i2c_ros) by extensions ['ros']
[0.849s] Level 1:colcon.colcon_core.package_identification:_identify(src/BMS_BQ769X2/src/bq769x2_i2c_ros) by extension 'ros'
[0.851s] DEBUG:colcon.colcon_core.package_identification:Package 'src/BMS_BQ769X2/src/bq769x2_i2c_ros' with type 'ros.ament_cmake' and name 'bq769x2_i2c_ros'
[0.851s] Level 1:colcon.colcon_core.package_identification:_identify(src/Results) by extensions ['ignore', 'ignore_ament_install']
[0.851s] Level 1:colcon.colcon_core.package_identification:_identify(src/Results) by extension 'ignore'
[0.851s] Level 1:colcon.colcon_core.package_identification:_identify(src/Results) by extension 'ignore_ament_install'
[0.851s] Level 1:colcon.colcon_core.package_identification:_identify(src/Results) by extensions ['colcon_pkg']
[0.851s] Level 1:colcon.colcon_core.package_identification:_identify(src/Results) by extension 'colcon_pkg'
[0.852s] Level 1:colcon.colcon_core.package_identification:_identify(src/Results) by extensions ['colcon_meta']
[0.852s] Level 1:colcon.colcon_core.package_identification:_identify(src/Results) by extension 'colcon_meta'
[0.852s] Level 1:colcon.colcon_core.package_identification:_identify(src/Results) by extensions ['ros']
[0.852s] Level 1:colcon.colcon_core.package_identification:_identify(src/Results) by extension 'ros'
[0.852s] Level 1:colcon.colcon_core.package_identification:_identify(src/Results) by extensions ['cmake', 'python']
[0.852s] Level 1:colcon.colcon_core.package_identification:_identify(src/Results) by extension 'cmake'
[0.852s] Level 1:colcon.colcon_core.package_identification:_identify(src/Results) by extension 'python'
[0.852s] Level 1:colcon.colcon_core.package_identification:_identify(src/Results) by extensions ['python_setup_py']
[0.852s] Level 1:colcon.colcon_core.package_identification:_identify(src/Results) by extension 'python_setup_py'
[0.852s] Level 1:colcon.colcon_core.package_identification:_identify(src/examples) by extensions ['ignore', 'ignore_ament_install']
[0.852s] Level 1:colcon.colcon_core.package_identification:_identify(src/examples) by extension 'ignore'
[0.853s] Level 1:colcon.colcon_core.package_identification:_identify(src/examples) by extension 'ignore_ament_install'
[0.853s] Level 1:colcon.colcon_core.package_identification:_identify(src/examples) by extensions ['colcon_pkg']
[0.853s] Level 1:colcon.colcon_core.package_identification:_identify(src/examples) by extension 'colcon_pkg'
[0.853s] Level 1:colcon.colcon_core.package_identification:_identify(src/examples) by extensions ['colcon_meta']
[0.853s] Level 1:colcon.colcon_core.package_identification:_identify(src/examples) by extension 'colcon_meta'
[0.853s] Level 1:colcon.colcon_core.package_identification:_identify(src/examples) by extensions ['ros']
[0.853s] Level 1:colcon.colcon_core.package_identification:_identify(src/examples) by extension 'ros'
[0.853s] Level 1:colcon.colcon_core.package_identification:_identify(src/examples) by extensions ['cmake', 'python']
[0.853s] Level 1:colcon.colcon_core.package_identification:_identify(src/examples) by extension 'cmake'
[0.853s] Level 1:colcon.colcon_core.package_identification:_identify(src/examples) by extension 'python'
[0.853s] Level 1:colcon.colcon_core.package_identification:_identify(src/examples) by extensions ['python_setup_py']
[0.853s] Level 1:colcon.colcon_core.package_identification:_identify(src/examples) by extension 'python_setup_py'
[0.853s] Level 1:colcon.colcon_core.package_identification:_identify(src/examples/launch_testing) by extensions ['ignore', 'ignore_ament_install']
[0.854s] Level 1:colcon.colcon_core.package_identification:_identify(src/examples/launch_testing) by extension 'ignore'
[0.854s] Level 1:colcon.colcon_core.package_identification:_identify(src/examples/launch_testing) by extension 'ignore_ament_install'
[0.854s] Level 1:colcon.colcon_core.package_identification:_identify(src/examples/launch_testing) by extensions ['colcon_pkg']
[0.854s] Level 1:colcon.colcon_core.package_identification:_identify(src/examples/launch_testing) by extension 'colcon_pkg'
[0.854s] Level 1:colcon.colcon_core.package_identification:_identify(src/examples/launch_testing) by extensions ['colcon_meta']
[0.854s] Level 1:colcon.colcon_core.package_identification:_identify(src/examples/launch_testing) by extension 'colcon_meta'
[0.854s] Level 1:colcon.colcon_core.package_identification:_identify(src/examples/launch_testing) by extensions ['ros']
[0.854s] Level 1:colcon.colcon_core.package_identification:_identify(src/examples/launch_testing) by extension 'ros'
[0.854s] Level 1:colcon.colcon_core.package_identification:_identify(src/examples/launch_testing) by extensions ['cmake', 'python']
[0.854s] Level 1:colcon.colcon_core.package_identification:_identify(src/examples/launch_testing) by extension 'cmake'
[0.854s] Level 1:colcon.colcon_core.package_identification:_identify(src/examples/launch_testing) by extension 'python'
[0.854s] Level 1:colcon.colcon_core.package_identification:_identify(src/examples/launch_testing) by extensions ['python_setup_py']
[0.854s] Level 1:colcon.colcon_core.package_identification:_identify(src/examples/launch_testing) by extension 'python_setup_py'
[0.854s] Level 1:colcon.colcon_core.package_identification:_identify(src/examples/launch_testing/launch_testing_examples) by extensions ['ignore', 'ignore_ament_install']
[0.855s] Level 1:colcon.colcon_core.package_identification:_identify(src/examples/launch_testing/launch_testing_examples) by extension 'ignore'
[0.855s] Level 1:colcon.colcon_core.package_identification:_identify(src/examples/launch_testing/launch_testing_examples) by extension 'ignore_ament_install'
[0.855s] Level 1:colcon.colcon_core.package_identification:_identify(src/examples/launch_testing/launch_testing_examples) by extensions ['colcon_pkg']
[0.855s] Level 1:colcon.colcon_core.package_identification:_identify(src/examples/launch_testing/launch_testing_examples) by extension 'colcon_pkg'
[0.855s] Level 1:colcon.colcon_core.package_identification:_identify(src/examples/launch_testing/launch_testing_examples) by extensions ['colcon_meta']
[0.855s] Level 1:colcon.colcon_core.package_identification:_identify(src/examples/launch_testing/launch_testing_examples) by extension 'colcon_meta'
[0.855s] Level 1:colcon.colcon_core.package_identification:_identify(src/examples/launch_testing/launch_testing_examples) by extensions ['ros']
[0.855s] Level 1:colcon.colcon_core.package_identification:_identify(src/examples/launch_testing/launch_testing_examples) by extension 'ros'
[0.856s] DEBUG:colcon.colcon_core.package_identification:Package 'src/examples/launch_testing/launch_testing_examples' with type 'ros.ament_python' and name 'launch_testing_examples'
[0.857s] Level 1:colcon.colcon_core.package_identification:_identify(src/examples/rclcpp) by extensions ['ignore', 'ignore_ament_install']
[0.857s] Level 1:colcon.colcon_core.package_identification:_identify(src/examples/rclcpp) by extension 'ignore'
[0.857s] Level 1:colcon.colcon_core.package_identification:_identify(src/examples/rclcpp) by extension 'ignore_ament_install'
[0.857s] Level 1:colcon.colcon_core.package_identification:_identify(src/examples/rclcpp) by extensions ['colcon_pkg']
[0.857s] Level 1:colcon.colcon_core.package_identification:_identify(src/examples/rclcpp) by extension 'colcon_pkg'
[0.857s] Level 1:colcon.colcon_core.package_identification:_identify(src/examples/rclcpp) by extensions ['colcon_meta']
[0.857s] Level 1:colcon.colcon_core.package_identification:_identify(src/examples/rclcpp) by extension 'colcon_meta'
[0.857s] Level 1:colcon.colcon_core.package_identification:_identify(src/examples/rclcpp) by extensions ['ros']
[0.857s] Level 1:colcon.colcon_core.package_identification:_identify(src/examples/rclcpp) by extension 'ros'
[0.857s] Level 1:colcon.colcon_core.package_identification:_identify(src/examples/rclcpp) by extensions ['cmake', 'python']
[0.857s] Level 1:colcon.colcon_core.package_identification:_identify(src/examples/rclcpp) by extension 'cmake'
[0.857s] Level 1:colcon.colcon_core.package_identification:_identify(src/examples/rclcpp) by extension 'python'
[0.857s] Level 1:colcon.colcon_core.package_identification:_identify(src/examples/rclcpp) by extensions ['python_setup_py']
[0.857s] Level 1:colcon.colcon_core.package_identification:_identify(src/examples/rclcpp) by extension 'python_setup_py'
[0.858s] Level 1:colcon.colcon_core.package_identification:_identify(src/examples/rclcpp/actions) by extensions ['ignore', 'ignore_ament_install']
[0.858s] Level 1:colcon.colcon_core.package_identification:_identify(src/examples/rclcpp/actions) by extension 'ignore'
[0.858s] Level 1:colcon.colcon_core.package_identification:_identify(src/examples/rclcpp/actions) by extension 'ignore_ament_install'
[0.859s] Level 1:colcon.colcon_core.package_identification:_identify(src/examples/rclcpp/actions) by extensions ['colcon_pkg']
[0.859s] Level 1:colcon.colcon_core.package_identification:_identify(src/examples/rclcpp/actions) by extension 'colcon_pkg'
[0.859s] Level 1:colcon.colcon_core.package_identification:_identify(src/examples/rclcpp/actions) by extensions ['colcon_meta']
[0.859s] Level 1:colcon.colcon_core.package_identification:_identify(src/examples/rclcpp/actions) by extension 'colcon_meta'
[0.859s] Level 1:colcon.colcon_core.package_identification:_identify(src/examples/rclcpp/actions) by extensions ['ros']
[0.859s] Level 1:colcon.colcon_core.package_identification:_identify(src/examples/rclcpp/actions) by extension 'ros'
[0.859s] Level 1:colcon.colcon_core.package_identification:_identify(src/examples/rclcpp/actions) by extensions ['cmake', 'python']
[0.859s] Level 1:colcon.colcon_core.package_identification:_identify(src/examples/rclcpp/actions) by extension 'cmake'
[0.859s] Level 1:colcon.colcon_core.package_identification:_identify(src/examples/rclcpp/actions) by extension 'python'
[0.859s] Level 1:colcon.colcon_core.package_identification:_identify(src/examples/rclcpp/actions) by extensions ['python_setup_py']
[0.859s] Level 1:colcon.colcon_core.package_identification:_identify(src/examples/rclcpp/actions) by extension 'python_setup_py'
[0.860s] Level 1:colcon.colcon_core.package_identification:_identify(src/examples/rclcpp/actions/minimal_action_client) by extensions ['ignore', 'ignore_ament_install']
[0.860s] Level 1:colcon.colcon_core.package_identification:_identify(src/examples/rclcpp/actions/minimal_action_client) by extension 'ignore'
[0.860s] Level 1:colcon.colcon_core.package_identification:_identify(src/examples/rclcpp/actions/minimal_action_client) by extension 'ignore_ament_install'
[0.861s] Level 1:colcon.colcon_core.package_identification:_identify(src/examples/rclcpp/actions/minimal_action_client) by extensions ['colcon_pkg']
[0.861s] Level 1:colcon.colcon_core.package_identification:_identify(src/examples/rclcpp/actions/minimal_action_client) by extension 'colcon_pkg'
[0.861s] Level 1:colcon.colcon_core.package_identification:_identify(src/examples/rclcpp/actions/minimal_action_client) by extensions ['colcon_meta']
[0.861s] Level 1:colcon.colcon_core.package_identification:_identify(src/examples/rclcpp/actions/minimal_action_client) by extension 'colcon_meta'
[0.861s] Level 1:colcon.colcon_core.package_identification:_identify(src/examples/rclcpp/actions/minimal_action_client) by extensions ['ros']
[0.862s] Level 1:colcon.colcon_core.package_identification:_identify(src/examples/rclcpp/actions/minimal_action_client) by extension 'ros'
[0.863s] DEBUG:colcon.colcon_core.package_identification:Package 'src/examples/rclcpp/actions/minimal_action_client' with type 'ros.ament_cmake' and name 'examples_rclcpp_minimal_action_client'
[0.864s] Level 1:colcon.colcon_core.package_identification:_identify(src/examples/rclcpp/actions/minimal_action_server) by extensions ['ignore', 'ignore_ament_install']
[0.864s] Level 1:colcon.colcon_core.package_identification:_identify(src/examples/rclcpp/actions/minimal_action_server) by extension 'ignore'
[0.865s] Level 1:colcon.colcon_core.package_identification:_identify(src/examples/rclcpp/actions/minimal_action_server) by extension 'ignore_ament_install'
[0.865s] Level 1:colcon.colcon_core.package_identification:_identify(src/examples/rclcpp/actions/minimal_action_server) by extensions ['colcon_pkg']
[0.865s] Level 1:colcon.colcon_core.package_identification:_identify(src/examples/rclcpp/actions/minimal_action_server) by extension 'colcon_pkg'
[0.865s] Level 1:colcon.colcon_core.package_identification:_identify(src/examples/rclcpp/actions/minimal_action_server) by extensions ['colcon_meta']
[0.865s] Level 1:colcon.colcon_core.package_identification:_identify(src/examples/rclcpp/actions/minimal_action_server) by extension 'colcon_meta'
[0.865s] Level 1:colcon.colcon_core.package_identification:_identify(src/examples/rclcpp/actions/minimal_action_server) by extensions ['ros']
[0.865s] Level 1:colcon.colcon_core.package_identification:_identify(src/examples/rclcpp/actions/minimal_action_server) by extension 'ros'
[0.866s] DEBUG:colcon.colcon_core.package_identification:Package 'src/examples/rclcpp/actions/minimal_action_server' with type 'ros.ament_cmake' and name 'examples_rclcpp_minimal_action_server'
[0.867s] Level 1:colcon.colcon_core.package_identification:_identify(src/examples/rclcpp/composition) by extensions ['ignore', 'ignore_ament_install']
[0.867s] Level 1:colcon.colcon_core.package_identification:_identify(src/examples/rclcpp/composition) by extension 'ignore'
[0.867s] Level 1:colcon.colcon_core.package_identification:_identify(src/examples/rclcpp/composition) by extension 'ignore_ament_install'
[0.867s] Level 1:colcon.colcon_core.package_identification:_identify(src/examples/rclcpp/composition) by extensions ['colcon_pkg']
[0.867s] Level 1:colcon.colcon_core.package_identification:_identify(src/examples/rclcpp/composition) by extension 'colcon_pkg'
[0.867s] Level 1:colcon.colcon_core.package_identification:_identify(src/examples/rclcpp/composition) by extensions ['colcon_meta']
[0.867s] Level 1:colcon.colcon_core.package_identification:_identify(src/examples/rclcpp/composition) by extension 'colcon_meta'
[0.867s] Level 1:colcon.colcon_core.package_identification:_identify(src/examples/rclcpp/composition) by extensions ['ros']
[0.867s] Level 1:colcon.colcon_core.package_identification:_identify(src/examples/rclcpp/composition) by extension 'ros'
[0.867s] Level 1:colcon.colcon_core.package_identification:_identify(src/examples/rclcpp/composition) by extensions ['cmake', 'python']
[0.867s] Level 1:colcon.colcon_core.package_identification:_identify(src/examples/rclcpp/composition) by extension 'cmake'
[0.867s] Level 1:colcon.colcon_core.package_identification:_identify(src/examples/rclcpp/composition) by extension 'python'
[0.867s] Level 1:colcon.colcon_core.package_identification:_identify(src/examples/rclcpp/composition) by extensions ['python_setup_py']
[0.867s] Level 1:colcon.colcon_core.package_identification:_identify(src/examples/rclcpp/composition) by extension 'python_setup_py'
[0.868s] Level 1:colcon.colcon_core.package_identification:_identify(src/examples/rclcpp/composition/minimal_composition) by extensions ['ignore', 'ignore_ament_install']
[0.868s] Level 1:colcon.colcon_core.package_identification:_identify(src/examples/rclcpp/composition/minimal_composition) by extension 'ignore'
[0.868s] Level 1:colcon.colcon_core.package_identification:_identify(src/examples/rclcpp/composition/minimal_composition) by extension 'ignore_ament_install'
[0.868s] Level 1:colcon.colcon_core.package_identification:_identify(src/examples/rclcpp/composition/minimal_composition) by extensions ['colcon_pkg']
[0.868s] Level 1:colcon.colcon_core.package_identification:_identify(src/examples/rclcpp/composition/minimal_composition) by extension 'colcon_pkg'
[0.868s] Level 1:colcon.colcon_core.package_identification:_identify(src/examples/rclcpp/composition/minimal_composition) by extensions ['colcon_meta']
[0.868s] Level 1:colcon.colcon_core.package_identification:_identify(src/examples/rclcpp/composition/minimal_composition) by extension 'colcon_meta'
[0.868s] Level 1:colcon.colcon_core.package_identification:_identify(src/examples/rclcpp/composition/minimal_composition) by extensions ['ros']
[0.868s] Level 1:colcon.colcon_core.package_identification:_identify(src/examples/rclcpp/composition/minimal_composition) by extension 'ros'
[0.869s] DEBUG:colcon.colcon_core.package_identification:Package 'src/examples/rclcpp/composition/minimal_composition' with type 'ros.ament_cmake' and name 'examples_rclcpp_minimal_composition'
[0.869s] Level 1:colcon.colcon_core.package_identification:_identify(src/examples/rclcpp/executors) by extensions ['ignore', 'ignore_ament_install']
[0.869s] Level 1:colcon.colcon_core.package_identification:_identify(src/examples/rclcpp/executors) by extension 'ignore'
[0.869s] Level 1:colcon.colcon_core.package_identification:_identify(src/examples/rclcpp/executors) by extension 'ignore_ament_install'
[0.869s] Level 1:colcon.colcon_core.package_identification:_identify(src/examples/rclcpp/executors) by extensions ['colcon_pkg']
[0.870s] Level 1:colcon.colcon_core.package_identification:_identify(src/examples/rclcpp/executors) by extension 'colcon_pkg'
[0.870s] Level 1:colcon.colcon_core.package_identification:_identify(src/examples/rclcpp/executors) by extensions ['colcon_meta']
[0.870s] Level 1:colcon.colcon_core.package_identification:_identify(src/examples/rclcpp/executors) by extension 'colcon_meta'
[0.870s] Level 1:colcon.colcon_core.package_identification:_identify(src/examples/rclcpp/executors) by extensions ['ros']
[0.870s] Level 1:colcon.colcon_core.package_identification:_identify(src/examples/rclcpp/executors) by extension 'ros'
[0.870s] Level 1:colcon.colcon_core.package_identification:_identify(src/examples/rclcpp/executors) by extensions ['cmake', 'python']
[0.870s] Level 1:colcon.colcon_core.package_identification:_identify(src/examples/rclcpp/executors) by extension 'cmake'
[0.870s] Level 1:colcon.colcon_core.package_identification:_identify(src/examples/rclcpp/executors) by extension 'python'
[0.870s] Level 1:colcon.colcon_core.package_identification:_identify(src/examples/rclcpp/executors) by extensions ['python_setup_py']
[0.870s] Level 1:colcon.colcon_core.package_identification:_identify(src/examples/rclcpp/executors) by extension 'python_setup_py'
[0.870s] Level 1:colcon.colcon_core.package_identification:_identify(src/examples/rclcpp/executors/cbg_executor) by extensions ['ignore', 'ignore_ament_install']
[0.870s] Level 1:colcon.colcon_core.package_identification:_identify(src/examples/rclcpp/executors/cbg_executor) by extension 'ignore'
[0.870s] Level 1:colcon.colcon_core.package_identification:_identify(src/examples/rclcpp/executors/cbg_executor) by extension 'ignore_ament_install'
[0.870s] Level 1:colcon.colcon_core.package_identification:_identify(src/examples/rclcpp/executors/cbg_executor) by extensions ['colcon_pkg']
[0.870s] Level 1:colcon.colcon_core.package_identification:_identify(src/examples/rclcpp/executors/cbg_executor) by extension 'colcon_pkg'
[0.871s] Level 1:colcon.colcon_core.package_identification:_identify(src/examples/rclcpp/executors/cbg_executor) by extensions ['colcon_meta']
[0.871s] Level 1:colcon.colcon_core.package_identification:_identify(src/examples/rclcpp/executors/cbg_executor) by extension 'colcon_meta'
[0.871s] Level 1:colcon.colcon_core.package_identification:_identify(src/examples/rclcpp/executors/cbg_executor) by extensions ['ros']
[0.871s] Level 1:colcon.colcon_core.package_identification:_identify(src/examples/rclcpp/executors/cbg_executor) by extension 'ros'
[0.872s] DEBUG:colcon.colcon_core.package_identification:Package 'src/examples/rclcpp/executors/cbg_executor' with type 'ros.ament_cmake' and name 'examples_rclcpp_cbg_executor'
[0.872s] Level 1:colcon.colcon_core.package_identification:_identify(src/examples/rclcpp/executors/multithreaded_executor) by extensions ['ignore', 'ignore_ament_install']
[0.875s] Level 1:colcon.colcon_core.package_identification:_identify(src/examples/rclcpp/executors/multithreaded_executor) by extension 'ignore'
[0.876s] Level 1:colcon.colcon_core.package_identification:_identify(src/examples/rclcpp/executors/multithreaded_executor) by extension 'ignore_ament_install'
[0.876s] Level 1:colcon.colcon_core.package_identification:_identify(src/examples/rclcpp/executors/multithreaded_executor) by extensions ['colcon_pkg']
[0.876s] Level 1:colcon.colcon_core.package_identification:_identify(src/examples/rclcpp/executors/multithreaded_executor) by extension 'colcon_pkg'
[0.876s] Level 1:colcon.colcon_core.package_identification:_identify(src/examples/rclcpp/executors/multithreaded_executor) by extensions ['colcon_meta']
[0.877s] Level 1:colcon.colcon_core.package_identification:_identify(src/examples/rclcpp/executors/multithreaded_executor) by extension 'colcon_meta'
[0.877s] Level 1:colcon.colcon_core.package_identification:_identify(src/examples/rclcpp/executors/multithreaded_executor) by extensions ['ros']
[0.877s] Level 1:colcon.colcon_core.package_identification:_identify(src/examples/rclcpp/executors/multithreaded_executor) by extension 'ros'
[0.878s] DEBUG:colcon.colcon_core.package_identification:Package 'src/examples/rclcpp/executors/multithreaded_executor' with type 'ros.ament_cmake' and name 'examples_rclcpp_multithreaded_executor'
[0.878s] Level 1:colcon.colcon_core.package_identification:_identify(src/examples/rclcpp/services) by extensions ['ignore', 'ignore_ament_install']
[0.879s] Level 1:colcon.colcon_core.package_identification:_identify(src/examples/rclcpp/services) by extension 'ignore'
[0.879s] Level 1:colcon.colcon_core.package_identification:_identify(src/examples/rclcpp/services) by extension 'ignore_ament_install'
[0.879s] Level 1:colcon.colcon_core.package_identification:_identify(src/examples/rclcpp/services) by extensions ['colcon_pkg']
[0.879s] Level 1:colcon.colcon_core.package_identification:_identify(src/examples/rclcpp/services) by extension 'colcon_pkg'
[0.879s] Level 1:colcon.colcon_core.package_identification:_identify(src/examples/rclcpp/services) by extensions ['colcon_meta']
[0.879s] Level 1:colcon.colcon_core.package_identification:_identify(src/examples/rclcpp/services) by extension 'colcon_meta'
[0.879s] Level 1:colcon.colcon_core.package_identification:_identify(src/examples/rclcpp/services) by extensions ['ros']
[0.879s] Level 1:colcon.colcon_core.package_identification:_identify(src/examples/rclcpp/services) by extension 'ros'
[0.879s] Level 1:colcon.colcon_core.package_identification:_identify(src/examples/rclcpp/services) by extensions ['cmake', 'python']
[0.879s] Level 1:colcon.colcon_core.package_identification:_identify(src/examples/rclcpp/services) by extension 'cmake'
[0.880s] Level 1:colcon.colcon_core.package_identification:_identify(src/examples/rclcpp/services) by extension 'python'
[0.880s] Level 1:colcon.colcon_core.package_identification:_identify(src/examples/rclcpp/services) by extensions ['python_setup_py']
[0.880s] Level 1:colcon.colcon_core.package_identification:_identify(src/examples/rclcpp/services) by extension 'python_setup_py'
[0.880s] Level 1:colcon.colcon_core.package_identification:_identify(src/examples/rclcpp/services/async_client) by extensions ['ignore', 'ignore_ament_install']
[0.880s] Level 1:colcon.colcon_core.package_identification:_identify(src/examples/rclcpp/services/async_client) by extension 'ignore'
[0.880s] Level 1:colcon.colcon_core.package_identification:_identify(src/examples/rclcpp/services/async_client) by extension 'ignore_ament_install'
[0.880s] Level 1:colcon.colcon_core.package_identification:_identify(src/examples/rclcpp/services/async_client) by extensions ['colcon_pkg']
[0.880s] Level 1:colcon.colcon_core.package_identification:_identify(src/examples/rclcpp/services/async_client) by extension 'colcon_pkg'
[0.881s] Level 1:colcon.colcon_core.package_identification:_identify(src/examples/rclcpp/services/async_client) by extensions ['colcon_meta']
[0.881s] Level 1:colcon.colcon_core.package_identification:_identify(src/examples/rclcpp/services/async_client) by extension 'colcon_meta'
[0.881s] Level 1:colcon.colcon_core.package_identification:_identify(src/examples/rclcpp/services/async_client) by extensions ['ros']
[0.881s] Level 1:colcon.colcon_core.package_identification:_identify(src/examples/rclcpp/services/async_client) by extension 'ros'
[0.881s] DEBUG:colcon.colcon_core.package_identification:Package 'src/examples/rclcpp/services/async_client' with type 'ros.ament_cmake' and name 'examples_rclcpp_async_client'
[0.882s] Level 1:colcon.colcon_core.package_identification:_identify(src/examples/rclcpp/services/minimal_client) by extensions ['ignore', 'ignore_ament_install']
[0.882s] Level 1:colcon.colcon_core.package_identification:_identify(src/examples/rclcpp/services/minimal_client) by extension 'ignore'
[0.882s] Level 1:colcon.colcon_core.package_identification:_identify(src/examples/rclcpp/services/minimal_client) by extension 'ignore_ament_install'
[0.882s] Level 1:colcon.colcon_core.package_identification:_identify(src/examples/rclcpp/services/minimal_client) by extensions ['colcon_pkg']
[0.882s] Level 1:colcon.colcon_core.package_identification:_identify(src/examples/rclcpp/services/minimal_client) by extension 'colcon_pkg'
[0.882s] Level 1:colcon.colcon_core.package_identification:_identify(src/examples/rclcpp/services/minimal_client) by extensions ['colcon_meta']
[0.882s] Level 1:colcon.colcon_core.package_identification:_identify(src/examples/rclcpp/services/minimal_client) by extension 'colcon_meta'
[0.882s] Level 1:colcon.colcon_core.package_identification:_identify(src/examples/rclcpp/services/minimal_client) by extensions ['ros']
[0.882s] Level 1:colcon.colcon_core.package_identification:_identify(src/examples/rclcpp/services/minimal_client) by extension 'ros'
[0.883s] DEBUG:colcon.colcon_core.package_identification:Package 'src/examples/rclcpp/services/minimal_client' with type 'ros.ament_cmake' and name 'examples_rclcpp_minimal_client'
[0.883s] Level 1:colcon.colcon_core.package_identification:_identify(src/examples/rclcpp/services/minimal_service) by extensions ['ignore', 'ignore_ament_install']
[0.883s] Level 1:colcon.colcon_core.package_identification:_identify(src/examples/rclcpp/services/minimal_service) by extension 'ignore'
[0.883s] Level 1:colcon.colcon_core.package_identification:_identify(src/examples/rclcpp/services/minimal_service) by extension 'ignore_ament_install'
[0.883s] Level 1:colcon.colcon_core.package_identification:_identify(src/examples/rclcpp/services/minimal_service) by extensions ['colcon_pkg']
[0.883s] Level 1:colcon.colcon_core.package_identification:_identify(src/examples/rclcpp/services/minimal_service) by extension 'colcon_pkg'
[0.883s] Level 1:colcon.colcon_core.package_identification:_identify(src/examples/rclcpp/services/minimal_service) by extensions ['colcon_meta']
[0.883s] Level 1:colcon.colcon_core.package_identification:_identify(src/examples/rclcpp/services/minimal_service) by extension 'colcon_meta'
[0.883s] Level 1:colcon.colcon_core.package_identification:_identify(src/examples/rclcpp/services/minimal_service) by extensions ['ros']
[0.883s] Level 1:colcon.colcon_core.package_identification:_identify(src/examples/rclcpp/services/minimal_service) by extension 'ros'
[0.884s] DEBUG:colcon.colcon_core.package_identification:Package 'src/examples/rclcpp/services/minimal_service' with type 'ros.ament_cmake' and name 'examples_rclcpp_minimal_service'
[0.884s] Level 1:colcon.colcon_core.package_identification:_identify(src/examples/rclcpp/timers) by extensions ['ignore', 'ignore_ament_install']
[0.884s] Level 1:colcon.colcon_core.package_identification:_identify(src/examples/rclcpp/timers) by extension 'ignore'
[0.884s] Level 1:colcon.colcon_core.package_identification:_identify(src/examples/rclcpp/timers) by extension 'ignore_ament_install'
[0.884s] Level 1:colcon.colcon_core.package_identification:_identify(src/examples/rclcpp/timers) by extensions ['colcon_pkg']
[0.884s] Level 1:colcon.colcon_core.package_identification:_identify(src/examples/rclcpp/timers) by extension 'colcon_pkg'
[0.884s] Level 1:colcon.colcon_core.package_identification:_identify(src/examples/rclcpp/timers) by extensions ['colcon_meta']
[0.884s] Level 1:colcon.colcon_core.package_identification:_identify(src/examples/rclcpp/timers) by extension 'colcon_meta'
[0.885s] Level 1:colcon.colcon_core.package_identification:_identify(src/examples/rclcpp/timers) by extensions ['ros']
[0.885s] Level 1:colcon.colcon_core.package_identification:_identify(src/examples/rclcpp/timers) by extension 'ros'
[0.885s] Level 1:colcon.colcon_core.package_identification:_identify(src/examples/rclcpp/timers) by extensions ['cmake', 'python']
[0.885s] Level 1:colcon.colcon_core.package_identification:_identify(src/examples/rclcpp/timers) by extension 'cmake'
[0.885s] Level 1:colcon.colcon_core.package_identification:_identify(src/examples/rclcpp/timers) by extension 'python'
[0.885s] Level 1:colcon.colcon_core.package_identification:_identify(src/examples/rclcpp/timers) by extensions ['python_setup_py']
[0.885s] Level 1:colcon.colcon_core.package_identification:_identify(src/examples/rclcpp/timers) by extension 'python_setup_py'
[0.886s] Level 1:colcon.colcon_core.package_identification:_identify(src/examples/rclcpp/timers/minimal_timer) by extensions ['ignore', 'ignore_ament_install']
[0.886s] Level 1:colcon.colcon_core.package_identification:_identify(src/examples/rclcpp/timers/minimal_timer) by extension 'ignore'
[0.887s] Level 1:colcon.colcon_core.package_identification:_identify(src/examples/rclcpp/timers/minimal_timer) by extension 'ignore_ament_install'
[0.887s] Level 1:colcon.colcon_core.package_identification:_identify(src/examples/rclcpp/timers/minimal_timer) by extensions ['colcon_pkg']
[0.887s] Level 1:colcon.colcon_core.package_identification:_identify(src/examples/rclcpp/timers/minimal_timer) by extension 'colcon_pkg'
[0.887s] Level 1:colcon.colcon_core.package_identification:_identify(src/examples/rclcpp/timers/minimal_timer) by extensions ['colcon_meta']
[0.887s] Level 1:colcon.colcon_core.package_identification:_identify(src/examples/rclcpp/timers/minimal_timer) by extension 'colcon_meta'
[0.887s] Level 1:colcon.colcon_core.package_identification:_identify(src/examples/rclcpp/timers/minimal_timer) by extensions ['ros']
[0.887s] Level 1:colcon.colcon_core.package_identification:_identify(src/examples/rclcpp/timers/minimal_timer) by extension 'ros'
[0.888s] DEBUG:colcon.colcon_core.package_identification:Package 'src/examples/rclcpp/timers/minimal_timer' with type 'ros.ament_cmake' and name 'examples_rclcpp_minimal_timer'
[0.888s] Level 1:colcon.colcon_core.package_identification:_identify(src/examples/rclcpp/topics) by extensions ['ignore', 'ignore_ament_install']
[0.889s] Level 1:colcon.colcon_core.package_identification:_identify(src/examples/rclcpp/topics) by extension 'ignore'
[0.889s] Level 1:colcon.colcon_core.package_identification:_identify(src/examples/rclcpp/topics) by extension 'ignore_ament_install'
[0.889s] Level 1:colcon.colcon_core.package_identification:_identify(src/examples/rclcpp/topics) by extensions ['colcon_pkg']
[0.889s] Level 1:colcon.colcon_core.package_identification:_identify(src/examples/rclcpp/topics) by extension 'colcon_pkg'
[0.889s] Level 1:colcon.colcon_core.package_identification:_identify(src/examples/rclcpp/topics) by extensions ['colcon_meta']
[0.889s] Level 1:colcon.colcon_core.package_identification:_identify(src/examples/rclcpp/topics) by extension 'colcon_meta'
[0.889s] Level 1:colcon.colcon_core.package_identification:_identify(src/examples/rclcpp/topics) by extensions ['ros']
[0.889s] Level 1:colcon.colcon_core.package_identification:_identify(src/examples/rclcpp/topics) by extension 'ros'
[0.889s] Level 1:colcon.colcon_core.package_identification:_identify(src/examples/rclcpp/topics) by extensions ['cmake', 'python']
[0.889s] Level 1:colcon.colcon_core.package_identification:_identify(src/examples/rclcpp/topics) by extension 'cmake'
[0.889s] Level 1:colcon.colcon_core.package_identification:_identify(src/examples/rclcpp/topics) by extension 'python'
[0.889s] Level 1:colcon.colcon_core.package_identification:_identify(src/examples/rclcpp/topics) by extensions ['python_setup_py']
[0.889s] Level 1:colcon.colcon_core.package_identification:_identify(src/examples/rclcpp/topics) by extension 'python_setup_py'
[0.890s] Level 1:colcon.colcon_core.package_identification:_identify(src/examples/rclcpp/topics/minimal_publisher) by extensions ['ignore', 'ignore_ament_install']
[0.890s] Level 1:colcon.colcon_core.package_identification:_identify(src/examples/rclcpp/topics/minimal_publisher) by extension 'ignore'
[0.890s] Level 1:colcon.colcon_core.package_identification:_identify(src/examples/rclcpp/topics/minimal_publisher) by extension 'ignore_ament_install'
[0.890s] Level 1:colcon.colcon_core.package_identification:_identify(src/examples/rclcpp/topics/minimal_publisher) by extensions ['colcon_pkg']
[0.890s] Level 1:colcon.colcon_core.package_identification:_identify(src/examples/rclcpp/topics/minimal_publisher) by extension 'colcon_pkg'
[0.890s] Level 1:colcon.colcon_core.package_identification:_identify(src/examples/rclcpp/topics/minimal_publisher) by extensions ['colcon_meta']
[0.890s] Level 1:colcon.colcon_core.package_identification:_identify(src/examples/rclcpp/topics/minimal_publisher) by extension 'colcon_meta'
[0.890s] Level 1:colcon.colcon_core.package_identification:_identify(src/examples/rclcpp/topics/minimal_publisher) by extensions ['ros']
[0.891s] Level 1:colcon.colcon_core.package_identification:_identify(src/examples/rclcpp/topics/minimal_publisher) by extension 'ros'
[0.892s] DEBUG:colcon.colcon_core.package_identification:Package 'src/examples/rclcpp/topics/minimal_publisher' with type 'ros.ament_cmake' and name 'examples_rclcpp_minimal_publisher'
[0.892s] Level 1:colcon.colcon_core.package_identification:_identify(src/examples/rclcpp/topics/minimal_subscriber) by extensions ['ignore', 'ignore_ament_install']
[0.892s] Level 1:colcon.colcon_core.package_identification:_identify(src/examples/rclcpp/topics/minimal_subscriber) by extension 'ignore'
[0.892s] Level 1:colcon.colcon_core.package_identification:_identify(src/examples/rclcpp/topics/minimal_subscriber) by extension 'ignore_ament_install'
[0.892s] Level 1:colcon.colcon_core.package_identification:_identify(src/examples/rclcpp/topics/minimal_subscriber) by extensions ['colcon_pkg']
[0.892s] Level 1:colcon.colcon_core.package_identification:_identify(src/examples/rclcpp/topics/minimal_subscriber) by extension 'colcon_pkg'
[0.893s] Level 1:colcon.colcon_core.package_identification:_identify(src/examples/rclcpp/topics/minimal_subscriber) by extensions ['colcon_meta']
[0.893s] Level 1:colcon.colcon_core.package_identification:_identify(src/examples/rclcpp/topics/minimal_subscriber) by extension 'colcon_meta'
[0.893s] Level 1:colcon.colcon_core.package_identification:_identify(src/examples/rclcpp/topics/minimal_subscriber) by extensions ['ros']
[0.893s] Level 1:colcon.colcon_core.package_identification:_identify(src/examples/rclcpp/topics/minimal_subscriber) by extension 'ros'
[0.894s] DEBUG:colcon.colcon_core.package_identification:Package 'src/examples/rclcpp/topics/minimal_subscriber' with type 'ros.ament_cmake' and name 'examples_rclcpp_minimal_subscriber'
[0.895s] Level 1:colcon.colcon_core.package_identification:_identify(src/examples/rclcpp/wait_set) by extensions ['ignore', 'ignore_ament_install']
[0.896s] Level 1:colcon.colcon_core.package_identification:_identify(src/examples/rclcpp/wait_set) by extension 'ignore'
[0.897s] Level 1:colcon.colcon_core.package_identification:_identify(src/examples/rclcpp/wait_set) by extension 'ignore_ament_install'
[0.897s] Level 1:colcon.colcon_core.package_identification:_identify(src/examples/rclcpp/wait_set) by extensions ['colcon_pkg']
[0.897s] Level 1:colcon.colcon_core.package_identification:_identify(src/examples/rclcpp/wait_set) by extension 'colcon_pkg'
[0.897s] Level 1:colcon.colcon_core.package_identification:_identify(src/examples/rclcpp/wait_set) by extensions ['colcon_meta']
[0.897s] Level 1:colcon.colcon_core.package_identification:_identify(src/examples/rclcpp/wait_set) by extension 'colcon_meta'
[0.897s] Level 1:colcon.colcon_core.package_identification:_identify(src/examples/rclcpp/wait_set) by extensions ['ros']
[0.897s] Level 1:colcon.colcon_core.package_identification:_identify(src/examples/rclcpp/wait_set) by extension 'ros'
[0.898s] DEBUG:colcon.colcon_core.package_identification:Package 'src/examples/rclcpp/wait_set' with type 'ros.ament_cmake' and name 'examples_rclcpp_wait_set'
[0.898s] Level 1:colcon.colcon_core.package_identification:_identify(src/examples/rclpy) by extensions ['ignore', 'ignore_ament_install']
[0.898s] Level 1:colcon.colcon_core.package_identification:_identify(src/examples/rclpy) by extension 'ignore'
[0.898s] Level 1:colcon.colcon_core.package_identification:_identify(src/examples/rclpy) by extension 'ignore_ament_install'
[0.898s] Level 1:colcon.colcon_core.package_identification:_identify(src/examples/rclpy) by extensions ['colcon_pkg']
[0.898s] Level 1:colcon.colcon_core.package_identification:_identify(src/examples/rclpy) by extension 'colcon_pkg'
[0.898s] Level 1:colcon.colcon_core.package_identification:_identify(src/examples/rclpy) by extensions ['colcon_meta']
[0.898s] Level 1:colcon.colcon_core.package_identification:_identify(src/examples/rclpy) by extension 'colcon_meta'
[0.898s] Level 1:colcon.colcon_core.package_identification:_identify(src/examples/rclpy) by extensions ['ros']
[0.898s] Level 1:colcon.colcon_core.package_identification:_identify(src/examples/rclpy) by extension 'ros'
[0.899s] Level 1:colcon.colcon_core.package_identification:_identify(src/examples/rclpy) by extensions ['cmake', 'python']
[0.899s] Level 1:colcon.colcon_core.package_identification:_identify(src/examples/rclpy) by extension 'cmake'
[0.899s] Level 1:colcon.colcon_core.package_identification:_identify(src/examples/rclpy) by extension 'python'
[0.899s] Level 1:colcon.colcon_core.package_identification:_identify(src/examples/rclpy) by extensions ['python_setup_py']
[0.899s] Level 1:colcon.colcon_core.package_identification:_identify(src/examples/rclpy) by extension 'python_setup_py'
[0.899s] Level 1:colcon.colcon_core.package_identification:_identify(src/examples/rclpy/actions) by extensions ['ignore', 'ignore_ament_install']
[0.899s] Level 1:colcon.colcon_core.package_identification:_identify(src/examples/rclpy/actions) by extension 'ignore'
[0.899s] Level 1:colcon.colcon_core.package_identification:_identify(src/examples/rclpy/actions) by extension 'ignore_ament_install'
[0.899s] Level 1:colcon.colcon_core.package_identification:_identify(src/examples/rclpy/actions) by extensions ['colcon_pkg']
[0.899s] Level 1:colcon.colcon_core.package_identification:_identify(src/examples/rclpy/actions) by extension 'colcon_pkg'
[0.899s] Level 1:colcon.colcon_core.package_identification:_identify(src/examples/rclpy/actions) by extensions ['colcon_meta']
[0.899s] Level 1:colcon.colcon_core.package_identification:_identify(src/examples/rclpy/actions) by extension 'colcon_meta'
[0.899s] Level 1:colcon.colcon_core.package_identification:_identify(src/examples/rclpy/actions) by extensions ['ros']
[0.899s] Level 1:colcon.colcon_core.package_identification:_identify(src/examples/rclpy/actions) by extension 'ros'
[0.899s] Level 1:colcon.colcon_core.package_identification:_identify(src/examples/rclpy/actions) by extensions ['cmake', 'python']
[0.899s] Level 1:colcon.colcon_core.package_identification:_identify(src/examples/rclpy/actions) by extension 'cmake'
[0.899s] Level 1:colcon.colcon_core.package_identification:_identify(src/examples/rclpy/actions) by extension 'python'
[0.899s] Level 1:colcon.colcon_core.package_identification:_identify(src/examples/rclpy/actions) by extensions ['python_setup_py']
[0.900s] Level 1:colcon.colcon_core.package_identification:_identify(src/examples/rclpy/actions) by extension 'python_setup_py'
[0.900s] Level 1:colcon.colcon_core.package_identification:_identify(src/examples/rclpy/actions/minimal_action_client) by extensions ['ignore', 'ignore_ament_install']
[0.900s] Level 1:colcon.colcon_core.package_identification:_identify(src/examples/rclpy/actions/minimal_action_client) by extension 'ignore'
[0.900s] Level 1:colcon.colcon_core.package_identification:_identify(src/examples/rclpy/actions/minimal_action_client) by extension 'ignore_ament_install'
[0.900s] Level 1:colcon.colcon_core.package_identification:_identify(src/examples/rclpy/actions/minimal_action_client) by extensions ['colcon_pkg']
[0.900s] Level 1:colcon.colcon_core.package_identification:_identify(src/examples/rclpy/actions/minimal_action_client) by extension 'colcon_pkg'
[0.900s] Level 1:colcon.colcon_core.package_identification:_identify(src/examples/rclpy/actions/minimal_action_client) by extensions ['colcon_meta']
[0.900s] Level 1:colcon.colcon_core.package_identification:_identify(src/examples/rclpy/actions/minimal_action_client) by extension 'colcon_meta'
[0.900s] Level 1:colcon.colcon_core.package_identification:_identify(src/examples/rclpy/actions/minimal_action_client) by extensions ['ros']
[0.900s] Level 1:colcon.colcon_core.package_identification:_identify(src/examples/rclpy/actions/minimal_action_client) by extension 'ros'
[0.901s] DEBUG:colcon.colcon_core.package_identification:Package 'src/examples/rclpy/actions/minimal_action_client' with type 'ros.ament_python' and name 'examples_rclpy_minimal_action_client'
[0.901s] Level 1:colcon.colcon_core.package_identification:_identify(src/examples/rclpy/actions/minimal_action_server) by extensions ['ignore', 'ignore_ament_install']
[0.902s] Level 1:colcon.colcon_core.package_identification:_identify(src/examples/rclpy/actions/minimal_action_server) by extension 'ignore'
[0.902s] Level 1:colcon.colcon_core.package_identification:_identify(src/examples/rclpy/actions/minimal_action_server) by extension 'ignore_ament_install'
[0.902s] Level 1:colcon.colcon_core.package_identification:_identify(src/examples/rclpy/actions/minimal_action_server) by extensions ['colcon_pkg']
[0.902s] Level 1:colcon.colcon_core.package_identification:_identify(src/examples/rclpy/actions/minimal_action_server) by extension 'colcon_pkg'
[0.902s] Level 1:colcon.colcon_core.package_identification:_identify(src/examples/rclpy/actions/minimal_action_server) by extensions ['colcon_meta']
[0.907s] Level 1:colcon.colcon_core.package_identification:_identify(src/examples/rclpy/actions/minimal_action_server) by extension 'colcon_meta'
[0.907s] Level 1:colcon.colcon_core.package_identification:_identify(src/examples/rclpy/actions/minimal_action_server) by extensions ['ros']
[0.908s] Level 1:colcon.colcon_core.package_identification:_identify(src/examples/rclpy/actions/minimal_action_server) by extension 'ros'
[0.909s] DEBUG:colcon.colcon_core.package_identification:Package 'src/examples/rclpy/actions/minimal_action_server' with type 'ros.ament_python' and name 'examples_rclpy_minimal_action_server'
[0.909s] Level 1:colcon.colcon_core.package_identification:_identify(src/examples/rclpy/executors) by extensions ['ignore', 'ignore_ament_install']
[0.910s] Level 1:colcon.colcon_core.package_identification:_identify(src/examples/rclpy/executors) by extension 'ignore'
[0.910s] Level 1:colcon.colcon_core.package_identification:_identify(src/examples/rclpy/executors) by extension 'ignore_ament_install'
[0.910s] Level 1:colcon.colcon_core.package_identification:_identify(src/examples/rclpy/executors) by extensions ['colcon_pkg']
[0.910s] Level 1:colcon.colcon_core.package_identification:_identify(src/examples/rclpy/executors) by extension 'colcon_pkg'
[0.910s] Level 1:colcon.colcon_core.package_identification:_identify(src/examples/rclpy/executors) by extensions ['colcon_meta']
[0.910s] Level 1:colcon.colcon_core.package_identification:_identify(src/examples/rclpy/executors) by extension 'colcon_meta'
[0.910s] Level 1:colcon.colcon_core.package_identification:_identify(src/examples/rclpy/executors) by extensions ['ros']
[0.911s] Level 1:colcon.colcon_core.package_identification:_identify(src/examples/rclpy/executors) by extension 'ros'
[0.912s] DEBUG:colcon.colcon_core.package_identification:Package 'src/examples/rclpy/executors' with type 'ros.ament_python' and name 'examples_rclpy_executors'
[0.912s] Level 1:colcon.colcon_core.package_identification:_identify(src/examples/rclpy/guard_conditions) by extensions ['ignore', 'ignore_ament_install']
[0.913s] Level 1:colcon.colcon_core.package_identification:_identify(src/examples/rclpy/guard_conditions) by extension 'ignore'
[0.913s] Level 1:colcon.colcon_core.package_identification:_identify(src/examples/rclpy/guard_conditions) by extension 'ignore_ament_install'
[0.913s] Level 1:colcon.colcon_core.package_identification:_identify(src/examples/rclpy/guard_conditions) by extensions ['colcon_pkg']
[0.913s] Level 1:colcon.colcon_core.package_identification:_identify(src/examples/rclpy/guard_conditions) by extension 'colcon_pkg'
[0.913s] Level 1:colcon.colcon_core.package_identification:_identify(src/examples/rclpy/guard_conditions) by extensions ['colcon_meta']
[0.913s] Level 1:colcon.colcon_core.package_identification:_identify(src/examples/rclpy/guard_conditions) by extension 'colcon_meta'
[0.913s] Level 1:colcon.colcon_core.package_identification:_identify(src/examples/rclpy/guard_conditions) by extensions ['ros']
[0.913s] Level 1:colcon.colcon_core.package_identification:_identify(src/examples/rclpy/guard_conditions) by extension 'ros'
[0.914s] DEBUG:colcon.colcon_core.package_identification:Package 'src/examples/rclpy/guard_conditions' with type 'ros.ament_python' and name 'examples_rclpy_guard_conditions'
[0.914s] Level 1:colcon.colcon_core.package_identification:_identify(src/examples/rclpy/services) by extensions ['ignore', 'ignore_ament_install']
[0.914s] Level 1:colcon.colcon_core.package_identification:_identify(src/examples/rclpy/services) by extension 'ignore'
[0.915s] Level 1:colcon.colcon_core.package_identification:_identify(src/examples/rclpy/services) by extension 'ignore_ament_install'
[0.915s] Level 1:colcon.colcon_core.package_identification:_identify(src/examples/rclpy/services) by extensions ['colcon_pkg']
[0.915s] Level 1:colcon.colcon_core.package_identification:_identify(src/examples/rclpy/services) by extension 'colcon_pkg'
[0.915s] Level 1:colcon.colcon_core.package_identification:_identify(src/examples/rclpy/services) by extensions ['colcon_meta']
[0.915s] Level 1:colcon.colcon_core.package_identification:_identify(src/examples/rclpy/services) by extension 'colcon_meta'
[0.915s] Level 1:colcon.colcon_core.package_identification:_identify(src/examples/rclpy/services) by extensions ['ros']
[0.915s] Level 1:colcon.colcon_core.package_identification:_identify(src/examples/rclpy/services) by extension 'ros'
[0.915s] Level 1:colcon.colcon_core.package_identification:_identify(src/examples/rclpy/services) by extensions ['cmake', 'python']
[0.915s] Level 1:colcon.colcon_core.package_identification:_identify(src/examples/rclpy/services) by extension 'cmake'
[0.915s] Level 1:colcon.colcon_core.package_identification:_identify(src/examples/rclpy/services) by extension 'python'
[0.915s] Level 1:colcon.colcon_core.package_identification:_identify(src/examples/rclpy/services) by extensions ['python_setup_py']
[0.915s] Level 1:colcon.colcon_core.package_identification:_identify(src/examples/rclpy/services) by extension 'python_setup_py'
[0.915s] Level 1:colcon.colcon_core.package_identification:_identify(src/examples/rclpy/services/minimal_client) by extensions ['ignore', 'ignore_ament_install']
[0.915s] Level 1:colcon.colcon_core.package_identification:_identify(src/examples/rclpy/services/minimal_client) by extension 'ignore'
[0.915s] Level 1:colcon.colcon_core.package_identification:_identify(src/examples/rclpy/services/minimal_client) by extension 'ignore_ament_install'
[0.915s] Level 1:colcon.colcon_core.package_identification:_identify(src/examples/rclpy/services/minimal_client) by extensions ['colcon_pkg']
[0.915s] Level 1:colcon.colcon_core.package_identification:_identify(src/examples/rclpy/services/minimal_client) by extension 'colcon_pkg'
[0.916s] Level 1:colcon.colcon_core.package_identification:_identify(src/examples/rclpy/services/minimal_client) by extensions ['colcon_meta']
[0.916s] Level 1:colcon.colcon_core.package_identification:_identify(src/examples/rclpy/services/minimal_client) by extension 'colcon_meta'
[0.916s] Level 1:colcon.colcon_core.package_identification:_identify(src/examples/rclpy/services/minimal_client) by extensions ['ros']
[0.916s] Level 1:colcon.colcon_core.package_identification:_identify(src/examples/rclpy/services/minimal_client) by extension 'ros'
[0.917s] DEBUG:colcon.colcon_core.package_identification:Package 'src/examples/rclpy/services/minimal_client' with type 'ros.ament_python' and name 'examples_rclpy_minimal_client'
[0.917s] Level 1:colcon.colcon_core.package_identification:_identify(src/examples/rclpy/services/minimal_service) by extensions ['ignore', 'ignore_ament_install']
[0.917s] Level 1:colcon.colcon_core.package_identification:_identify(src/examples/rclpy/services/minimal_service) by extension 'ignore'
[0.917s] Level 1:colcon.colcon_core.package_identification:_identify(src/examples/rclpy/services/minimal_service) by extension 'ignore_ament_install'
[0.918s] Level 1:colcon.colcon_core.package_identification:_identify(src/examples/rclpy/services/minimal_service) by extensions ['colcon_pkg']
[0.918s] Level 1:colcon.colcon_core.package_identification:_identify(src/examples/rclpy/services/minimal_service) by extension 'colcon_pkg'
[0.918s] Level 1:colcon.colcon_core.package_identification:_identify(src/examples/rclpy/services/minimal_service) by extensions ['colcon_meta']
[0.918s] Level 1:colcon.colcon_core.package_identification:_identify(src/examples/rclpy/services/minimal_service) by extension 'colcon_meta'
[0.918s] Level 1:colcon.colcon_core.package_identification:_identify(src/examples/rclpy/services/minimal_service) by extensions ['ros']
[0.918s] Level 1:colcon.colcon_core.package_identification:_identify(src/examples/rclpy/services/minimal_service) by extension 'ros'
[0.919s] DEBUG:colcon.colcon_core.package_identification:Package 'src/examples/rclpy/services/minimal_service' with type 'ros.ament_python' and name 'examples_rclpy_minimal_service'
[0.919s] Level 1:colcon.colcon_core.package_identification:_identify(src/examples/rclpy/topics) by extensions ['ignore', 'ignore_ament_install']
[0.920s] Level 1:colcon.colcon_core.package_identification:_identify(src/examples/rclpy/topics) by extension 'ignore'
[0.920s] Level 1:colcon.colcon_core.package_identification:_identify(src/examples/rclpy/topics) by extension 'ignore_ament_install'
[0.920s] Level 1:colcon.colcon_core.package_identification:_identify(src/examples/rclpy/topics) by extensions ['colcon_pkg']
[0.920s] Level 1:colcon.colcon_core.package_identification:_identify(src/examples/rclpy/topics) by extension 'colcon_pkg'
[0.920s] Level 1:colcon.colcon_core.package_identification:_identify(src/examples/rclpy/topics) by extensions ['colcon_meta']
[0.920s] Level 1:colcon.colcon_core.package_identification:_identify(src/examples/rclpy/topics) by extension 'colcon_meta'
[0.920s] Level 1:colcon.colcon_core.package_identification:_identify(src/examples/rclpy/topics) by extensions ['ros']
[0.920s] Level 1:colcon.colcon_core.package_identification:_identify(src/examples/rclpy/topics) by extension 'ros'
[0.920s] Level 1:colcon.colcon_core.package_identification:_identify(src/examples/rclpy/topics) by extensions ['cmake', 'python']
[0.920s] Level 1:colcon.colcon_core.package_identification:_identify(src/examples/rclpy/topics) by extension 'cmake'
[0.920s] Level 1:colcon.colcon_core.package_identification:_identify(src/examples/rclpy/topics) by extension 'python'
[0.920s] Level 1:colcon.colcon_core.package_identification:_identify(src/examples/rclpy/topics) by extensions ['python_setup_py']
[0.920s] Level 1:colcon.colcon_core.package_identification:_identify(src/examples/rclpy/topics) by extension 'python_setup_py'
[0.920s] Level 1:colcon.colcon_core.package_identification:_identify(src/examples/rclpy/topics/minimal_publisher) by extensions ['ignore', 'ignore_ament_install']
[0.921s] Level 1:colcon.colcon_core.package_identification:_identify(src/examples/rclpy/topics/minimal_publisher) by extension 'ignore'
[0.921s] Level 1:colcon.colcon_core.package_identification:_identify(src/examples/rclpy/topics/minimal_publisher) by extension 'ignore_ament_install'
[0.921s] Level 1:colcon.colcon_core.package_identification:_identify(src/examples/rclpy/topics/minimal_publisher) by extensions ['colcon_pkg']
[0.921s] Level 1:colcon.colcon_core.package_identification:_identify(src/examples/rclpy/topics/minimal_publisher) by extension 'colcon_pkg'
[0.921s] Level 1:colcon.colcon_core.package_identification:_identify(src/examples/rclpy/topics/minimal_publisher) by extensions ['colcon_meta']
[0.921s] Level 1:colcon.colcon_core.package_identification:_identify(src/examples/rclpy/topics/minimal_publisher) by extension 'colcon_meta'
[0.921s] Level 1:colcon.colcon_core.package_identification:_identify(src/examples/rclpy/topics/minimal_publisher) by extensions ['ros']
[0.921s] Level 1:colcon.colcon_core.package_identification:_identify(src/examples/rclpy/topics/minimal_publisher) by extension 'ros'
[0.923s] DEBUG:colcon.colcon_core.package_identification:Package 'src/examples/rclpy/topics/minimal_publisher' with type 'ros.ament_python' and name 'examples_rclpy_minimal_publisher'
[0.923s] Level 1:colcon.colcon_core.package_identification:_identify(src/examples/rclpy/topics/minimal_subscriber) by extensions ['ignore', 'ignore_ament_install']
[0.923s] Level 1:colcon.colcon_core.package_identification:_identify(src/examples/rclpy/topics/minimal_subscriber) by extension 'ignore'
[0.923s] Level 1:colcon.colcon_core.package_identification:_identify(src/examples/rclpy/topics/minimal_subscriber) by extension 'ignore_ament_install'
[0.923s] Level 1:colcon.colcon_core.package_identification:_identify(src/examples/rclpy/topics/minimal_subscriber) by extensions ['colcon_pkg']
[0.923s] Level 1:colcon.colcon_core.package_identification:_identify(src/examples/rclpy/topics/minimal_subscriber) by extension 'colcon_pkg'
[0.923s] Level 1:colcon.colcon_core.package_identification:_identify(src/examples/rclpy/topics/minimal_subscriber) by extensions ['colcon_meta']
[0.923s] Level 1:colcon.colcon_core.package_identification:_identify(src/examples/rclpy/topics/minimal_subscriber) by extension 'colcon_meta'
[0.923s] Level 1:colcon.colcon_core.package_identification:_identify(src/examples/rclpy/topics/minimal_subscriber) by extensions ['ros']
[0.923s] Level 1:colcon.colcon_core.package_identification:_identify(src/examples/rclpy/topics/minimal_subscriber) by extension 'ros'
[0.924s] DEBUG:colcon.colcon_core.package_identification:Package 'src/examples/rclpy/topics/minimal_subscriber' with type 'ros.ament_python' and name 'examples_rclpy_minimal_subscriber'
[0.924s] Level 1:colcon.colcon_core.package_identification:_identify(src/examples/rclpy/topics/pointcloud_publisher) by extensions ['ignore', 'ignore_ament_install']
[0.925s] Level 1:colcon.colcon_core.package_identification:_identify(src/examples/rclpy/topics/pointcloud_publisher) by extension 'ignore'
[0.925s] Level 1:colcon.colcon_core.package_identification:_identify(src/examples/rclpy/topics/pointcloud_publisher) by extension 'ignore_ament_install'
[0.925s] Level 1:colcon.colcon_core.package_identification:_identify(src/examples/rclpy/topics/pointcloud_publisher) by extensions ['colcon_pkg']
[0.925s] Level 1:colcon.colcon_core.package_identification:_identify(src/examples/rclpy/topics/pointcloud_publisher) by extension 'colcon_pkg'
[0.925s] Level 1:colcon.colcon_core.package_identification:_identify(src/examples/rclpy/topics/pointcloud_publisher) by extensions ['colcon_meta']
[0.925s] Level 1:colcon.colcon_core.package_identification:_identify(src/examples/rclpy/topics/pointcloud_publisher) by extension 'colcon_meta'
[0.925s] Level 1:colcon.colcon_core.package_identification:_identify(src/examples/rclpy/topics/pointcloud_publisher) by extensions ['ros']
[0.925s] Level 1:colcon.colcon_core.package_identification:_identify(src/examples/rclpy/topics/pointcloud_publisher) by extension 'ros'
[0.926s] DEBUG:colcon.colcon_core.package_identification:Package 'src/examples/rclpy/topics/pointcloud_publisher' with type 'ros.ament_python' and name 'examples_rclpy_pointcloud_publisher'
[0.926s] Level 1:colcon.colcon_core.package_identification:_identify(src/install) by extensions ['ignore', 'ignore_ament_install']
[0.926s] Level 1:colcon.colcon_core.package_identification:_identify(src/install) by extension 'ignore'
[0.926s] Level 1:colcon.colcon_core.package_identification:_identify(src/install) ignored
[0.926s] Level 1:colcon.colcon_core.package_identification:_identify(src/log) by extensions ['ignore', 'ignore_ament_install']
[0.926s] Level 1:colcon.colcon_core.package_identification:_identify(src/log) by extension 'ignore'
[0.926s] Level 1:colcon.colcon_core.package_identification:_identify(src/log) ignored
[0.926s] Level 1:colcon.colcon_core.package_identification:_identify(src/my_package) by extensions ['ignore', 'ignore_ament_install']
[0.927s] Level 1:colcon.colcon_core.package_identification:_identify(src/my_package) by extension 'ignore'
[0.927s] Level 1:colcon.colcon_core.package_identification:_identify(src/my_package) by extension 'ignore_ament_install'
[0.928s] Level 1:colcon.colcon_core.package_identification:_identify(src/my_package) by extensions ['colcon_pkg']
[0.928s] Level 1:colcon.colcon_core.package_identification:_identify(src/my_package) by extension 'colcon_pkg'
[0.928s] Level 1:colcon.colcon_core.package_identification:_identify(src/my_package) by extensions ['colcon_meta']
[0.928s] Level 1:colcon.colcon_core.package_identification:_identify(src/my_package) by extension 'colcon_meta'
[0.928s] Level 1:colcon.colcon_core.package_identification:_identify(src/my_package) by extensions ['ros']
[0.928s] Level 1:colcon.colcon_core.package_identification:_identify(src/my_package) by extension 'ros'
[0.929s] DEBUG:colcon.colcon_core.package_identification:Package 'src/my_package' with type 'ros.ament_cmake' and name 'my_package'
[0.930s] Level 1:colcon.colcon_core.package_identification:_identify(src/py_pubsub) by extensions ['ignore', 'ignore_ament_install']
[0.930s] Level 1:colcon.colcon_core.package_identification:_identify(src/py_pubsub) by extension 'ignore'
[0.930s] Level 1:colcon.colcon_core.package_identification:_identify(src/py_pubsub) by extension 'ignore_ament_install'
[0.930s] Level 1:colcon.colcon_core.package_identification:_identify(src/py_pubsub) by extensions ['colcon_pkg']
[0.930s] Level 1:colcon.colcon_core.package_identification:_identify(src/py_pubsub) by extension 'colcon_pkg'
[0.930s] Level 1:colcon.colcon_core.package_identification:_identify(src/py_pubsub) by extensions ['colcon_meta']
[0.930s] Level 1:colcon.colcon_core.package_identification:_identify(src/py_pubsub) by extension 'colcon_meta'
[0.930s] Level 1:colcon.colcon_core.package_identification:_identify(src/py_pubsub) by extensions ['ros']
[0.930s] Level 1:colcon.colcon_core.package_identification:_identify(src/py_pubsub) by extension 'ros'
[0.931s] DEBUG:colcon.colcon_core.package_identification:Package 'src/py_pubsub' with type 'ros.ament_python' and name 'py_pubsub'
[0.931s] Level 1:colcon.colcon_core.package_identification:_identify(src/ros_tutorials) by extensions ['ignore', 'ignore_ament_install']
[0.932s] Level 1:colcon.colcon_core.package_identification:_identify(src/ros_tutorials) by extension 'ignore'
[0.932s] Level 1:colcon.colcon_core.package_identification:_identify(src/ros_tutorials) by extension 'ignore_ament_install'
[0.932s] Level 1:colcon.colcon_core.package_identification:_identify(src/ros_tutorials) by extensions ['colcon_pkg']
[0.932s] Level 1:colcon.colcon_core.package_identification:_identify(src/ros_tutorials) by extension 'colcon_pkg'
[0.932s] Level 1:colcon.colcon_core.package_identification:_identify(src/ros_tutorials) by extensions ['colcon_meta']
[0.932s] Level 1:colcon.colcon_core.package_identification:_identify(src/ros_tutorials) by extension 'colcon_meta'
[0.932s] Level 1:colcon.colcon_core.package_identification:_identify(src/ros_tutorials) by extensions ['ros']
[0.932s] Level 1:colcon.colcon_core.package_identification:_identify(src/ros_tutorials) by extension 'ros'
[0.932s] Level 1:colcon.colcon_core.package_identification:_identify(src/ros_tutorials) by extensions ['cmake', 'python']
[0.932s] Level 1:colcon.colcon_core.package_identification:_identify(src/ros_tutorials) by extension 'cmake'
[0.932s] Level 1:colcon.colcon_core.package_identification:_identify(src/ros_tutorials) by extension 'python'
[0.932s] Level 1:colcon.colcon_core.package_identification:_identify(src/ros_tutorials) by extensions ['python_setup_py']
[0.932s] Level 1:colcon.colcon_core.package_identification:_identify(src/ros_tutorials) by extension 'python_setup_py'
[0.932s] Level 1:colcon.colcon_core.package_identification:_identify(src/ros_tutorials/ros_tutorials) by extensions ['ignore', 'ignore_ament_install']
[0.933s] Level 1:colcon.colcon_core.package_identification:_identify(src/ros_tutorials/ros_tutorials) by extension 'ignore'
[0.933s] Level 1:colcon.colcon_core.package_identification:_identify(src/ros_tutorials/ros_tutorials) ignored
[0.933s] Level 1:colcon.colcon_core.package_identification:_identify(src/ros_tutorials/roscpp_tutorials) by extensions ['ignore', 'ignore_ament_install']
[0.933s] Level 1:colcon.colcon_core.package_identification:_identify(src/ros_tutorials/roscpp_tutorials) by extension 'ignore'
[0.933s] Level 1:colcon.colcon_core.package_identification:_identify(src/ros_tutorials/roscpp_tutorials) ignored
[0.933s] Level 1:colcon.colcon_core.package_identification:_identify(src/ros_tutorials/rospy_tutorials) by extensions ['ignore', 'ignore_ament_install']
[0.933s] Level 1:colcon.colcon_core.package_identification:_identify(src/ros_tutorials/rospy_tutorials) by extension 'ignore'
[0.933s] Level 1:colcon.colcon_core.package_identification:_identify(src/ros_tutorials/rospy_tutorials) ignored
[0.933s] Level 1:colcon.colcon_core.package_identification:_identify(src/ros_tutorials/turtlesim) by extensions ['ignore', 'ignore_ament_install']
[0.933s] Level 1:colcon.colcon_core.package_identification:_identify(src/ros_tutorials/turtlesim) by extension 'ignore'
[0.934s] Level 1:colcon.colcon_core.package_identification:_identify(src/ros_tutorials/turtlesim) by extension 'ignore_ament_install'
[0.934s] Level 1:colcon.colcon_core.package_identification:_identify(src/ros_tutorials/turtlesim) by extensions ['colcon_pkg']
[0.934s] Level 1:colcon.colcon_core.package_identification:_identify(src/ros_tutorials/turtlesim) by extension 'colcon_pkg'
[0.934s] Level 1:colcon.colcon_core.package_identification:_identify(src/ros_tutorials/turtlesim) by extensions ['colcon_meta']
[0.934s] Level 1:colcon.colcon_core.package_identification:_identify(src/ros_tutorials/turtlesim) by extension 'colcon_meta'
[0.934s] Level 1:colcon.colcon_core.package_identification:_identify(src/ros_tutorials/turtlesim) by extensions ['ros']
[0.934s] Level 1:colcon.colcon_core.package_identification:_identify(src/ros_tutorials/turtlesim) by extension 'ros'
[0.936s] DEBUG:colcon.colcon_core.package_identification:Package 'src/ros_tutorials/turtlesim' with type 'ros.ament_cmake' and name 'turtlesim'
[0.936s] Level 1:colcon.colcon_core.package_identification:_identify(src/rosbag2_2025_07_21-14_34_13) by extensions ['ignore', 'ignore_ament_install']
[0.937s] Level 1:colcon.colcon_core.package_identification:_identify(src/rosbag2_2025_07_21-14_34_13) by extension 'ignore'
[0.937s] Level 1:colcon.colcon_core.package_identification:_identify(src/rosbag2_2025_07_21-14_34_13) by extension 'ignore_ament_install'
[0.937s] Level 1:colcon.colcon_core.package_identification:_identify(src/rosbag2_2025_07_21-14_34_13) by extensions ['colcon_pkg']
[0.937s] Level 1:colcon.colcon_core.package_identification:_identify(src/rosbag2_2025_07_21-14_34_13) by extension 'colcon_pkg'
[0.937s] Level 1:colcon.colcon_core.package_identification:_identify(src/rosbag2_2025_07_21-14_34_13) by extensions ['colcon_meta']
[0.937s] Level 1:colcon.colcon_core.package_identification:_identify(src/rosbag2_2025_07_21-14_34_13) by extension 'colcon_meta'
[0.937s] Level 1:colcon.colcon_core.package_identification:_identify(src/rosbag2_2025_07_21-14_34_13) by extensions ['ros']
[0.937s] Level 1:colcon.colcon_core.package_identification:_identify(src/rosbag2_2025_07_21-14_34_13) by extension 'ros'
[0.938s] Level 1:colcon.colcon_core.package_identification:_identify(src/rosbag2_2025_07_21-14_34_13) by extensions ['cmake', 'python']
[0.938s] Level 1:colcon.colcon_core.package_identification:_identify(src/rosbag2_2025_07_21-14_34_13) by extension 'cmake'
[0.938s] Level 1:colcon.colcon_core.package_identification:_identify(src/rosbag2_2025_07_21-14_34_13) by extension 'python'
[0.938s] Level 1:colcon.colcon_core.package_identification:_identify(src/rosbag2_2025_07_21-14_34_13) by extensions ['python_setup_py']
[0.938s] Level 1:colcon.colcon_core.package_identification:_identify(src/rosbag2_2025_07_21-14_34_13) by extension 'python_setup_py'
[0.938s] Level 1:colcon.colcon_core.package_discovery:discover_packages(recursive) using defaults
[0.938s] Level 1:colcon.colcon_core.package_discovery:discover_packages(ignore) discover
[0.938s] Level 1:colcon.colcon_core.package_discovery:discover_packages(ignore) using defaults
[0.938s] Level 1:colcon.colcon_core.package_discovery:discover_packages(path) discover
[0.938s] Level 1:colcon.colcon_core.package_discovery:discover_packages(path) using defaults
[1.035s] Level 1:colcon.colcon_core.package_discovery:discover_packages(prefix_path) check parameters
[1.035s] Level 1:colcon.colcon_core.package_discovery:discover_packages(prefix_path) discover
[1.061s] DEBUG:colcon.colcon_installed_package_information.package_discovery:Found 27 installed packages in /home/vboxuser/ros2_ws/install
[1.079s] DEBUG:colcon.colcon_installed_package_information.package_discovery:Found 358 installed packages in /home/vboxuser/ros2_iron/install
[1.087s] DEBUG:colcon.colcon_installed_package_information.package_discovery:Found 178 installed packages in /opt/ros/iron
[1.098s] Level 1:colcon.colcon_core.package_discovery:discover_packages(prefix_path) using defaults
[1.203s] Level 5:colcon.colcon_core.verb:set package 'bms_visualizer' build argument 'cmake_args' from command line to 'None'
[1.203s] Level 5:colcon.colcon_core.verb:set package 'bms_visualizer' build argument 'cmake_target' from command line to 'None'
[1.203s] Level 5:colcon.colcon_core.verb:set package 'bms_visualizer' build argument 'cmake_target_skip_unavailable' from command line to 'False'
[1.203s] Level 5:colcon.colcon_core.verb:set package 'bms_visualizer' build argument 'cmake_clean_cache' from command line to 'False'
[1.203s] Level 5:colcon.colcon_core.verb:set package 'bms_visualizer' build argument 'cmake_clean_first' from command line to 'False'
[1.203s] Level 5:colcon.colcon_core.verb:set package 'bms_visualizer' build argument 'cmake_force_configure' from command line to 'False'
[1.203s] Level 5:colcon.colcon_core.verb:set package 'bms_visualizer' build argument 'ament_cmake_args' from command line to 'None'
[1.203s] Level 5:colcon.colcon_core.verb:set package 'bms_visualizer' build argument 'catkin_cmake_args' from command line to 'None'
[1.203s] Level 5:colcon.colcon_core.verb:set package 'bms_visualizer' build argument 'catkin_skip_building_tests' from command line to 'False'
[1.203s] DEBUG:colcon.colcon_core.verb:Building package 'bms_visualizer' with the following arguments: {'ament_cmake_args': None, 'build_base': '/home/vboxuser/ros2_ws/build/bms_visualizer', 'catkin_cmake_args': None, 'catkin_skip_building_tests': False, 'cmake_args': None, 'cmake_clean_cache': False, 'cmake_clean_first': False, 'cmake_force_configure': False, 'cmake_target': None, 'cmake_target_skip_unavailable': False, 'install_base': '/home/vboxuser/ros2_ws/install/bms_visualizer', 'merge_install': False, 'path': '/home/vboxuser/ros2_ws/src/BMS_BQ769X2/src/bms_visualizer', 'symlink_install': False, 'test_result_base': None}
[1.203s] Level 5:colcon.colcon_core.verb:set package 'bq769x2_i2c_ros' build argument 'cmake_args' from command line to 'None'
[1.204s] Level 5:colcon.colcon_core.verb:set package 'bq769x2_i2c_ros' build argument 'cmake_target' from command line to 'None'
[1.204s] Level 5:colcon.colcon_core.verb:set package 'bq769x2_i2c_ros' build argument 'cmake_target_skip_unavailable' from command line to 'False'
[1.204s] Level 5:colcon.colcon_core.verb:set package 'bq769x2_i2c_ros' build argument 'cmake_clean_cache' from command line to 'False'
[1.204s] Level 5:colcon.colcon_core.verb:set package 'bq769x2_i2c_ros' build argument 'cmake_clean_first' from command line to 'False'
[1.204s] Level 5:colcon.colcon_core.verb:set package 'bq769x2_i2c_ros' build argument 'cmake_force_configure' from command line to 'False'
[1.204s] Level 5:colcon.colcon_core.verb:set package 'bq769x2_i2c_ros' build argument 'ament_cmake_args' from command line to 'None'
[1.204s] Level 5:colcon.colcon_core.verb:set package 'bq769x2_i2c_ros' build argument 'catkin_cmake_args' from command line to 'None'
[1.204s] Level 5:colcon.colcon_core.verb:set package 'bq769x2_i2c_ros' build argument 'catkin_skip_building_tests' from command line to 'False'
[1.204s] DEBUG:colcon.colcon_core.verb:Building package 'bq769x2_i2c_ros' with the following arguments: {'ament_cmake_args': None, 'build_base': '/home/vboxuser/ros2_ws/build/bq769x2_i2c_ros', 'catkin_cmake_args': None, 'catkin_skip_building_tests': False, 'cmake_args': None, 'cmake_clean_cache': False, 'cmake_clean_first': False, 'cmake_force_configure': False, 'cmake_target': None, 'cmake_target_skip_unavailable': False, 'install_base': '/home/vboxuser/ros2_ws/install/bq769x2_i2c_ros', 'merge_install': False, 'path': '/home/vboxuser/ros2_ws/src/BMS_BQ769X2/src/bq769x2_i2c_ros', 'symlink_install': False, 'test_result_base': None}
[1.204s] Level 5:colcon.colcon_core.verb:set package 'examples_rclcpp_async_client' build argument 'cmake_args' from command line to 'None'
[1.204s] Level 5:colcon.colcon_core.verb:set package 'examples_rclcpp_async_client' build argument 'cmake_target' from command line to 'None'
[1.204s] Level 5:colcon.colcon_core.verb:set package 'examples_rclcpp_async_client' build argument 'cmake_target_skip_unavailable' from command line to 'False'
[1.204s] Level 5:colcon.colcon_core.verb:set package 'examples_rclcpp_async_client' build argument 'cmake_clean_cache' from command line to 'False'
[1.204s] Level 5:colcon.colcon_core.verb:set package 'examples_rclcpp_async_client' build argument 'cmake_clean_first' from command line to 'False'
[1.204s] Level 5:colcon.colcon_core.verb:set package 'examples_rclcpp_async_client' build argument 'cmake_force_configure' from command line to 'False'
[1.204s] Level 5:colcon.colcon_core.verb:set package 'examples_rclcpp_async_client' build argument 'ament_cmake_args' from command line to 'None'
[1.204s] Level 5:colcon.colcon_core.verb:set package 'examples_rclcpp_async_client' build argument 'catkin_cmake_args' from command line to 'None'
[1.204s] Level 5:colcon.colcon_core.verb:set package 'examples_rclcpp_async_client' build argument 'catkin_skip_building_tests' from command line to 'False'
[1.205s] DEBUG:colcon.colcon_core.verb:Building package 'examples_rclcpp_async_client' with the following arguments: {'ament_cmake_args': None, 'build_base': '/home/vboxuser/ros2_ws/build/examples_rclcpp_async_client', 'catkin_cmake_args': None, 'catkin_skip_building_tests': False, 'cmake_args': None, 'cmake_clean_cache': False, 'cmake_clean_first': False, 'cmake_force_configure': False, 'cmake_target': None, 'cmake_target_skip_unavailable': False, 'install_base': '/home/vboxuser/ros2_ws/install/examples_rclcpp_async_client', 'merge_install': False, 'path': '/home/vboxuser/ros2_ws/src/examples/rclcpp/services/async_client', 'symlink_install': False, 'test_result_base': None}
[1.205s] Level 5:colcon.colcon_core.verb:set package 'examples_rclcpp_cbg_executor' build argument 'cmake_args' from command line to 'None'
[1.205s] Level 5:colcon.colcon_core.verb:set package 'examples_rclcpp_cbg_executor' build argument 'cmake_target' from command line to 'None'
[1.205s] Level 5:colcon.colcon_core.verb:set package 'examples_rclcpp_cbg_executor' build argument 'cmake_target_skip_unavailable' from command line to 'False'
[1.205s] Level 5:colcon.colcon_core.verb:set package 'examples_rclcpp_cbg_executor' build argument 'cmake_clean_cache' from command line to 'False'
[1.205s] Level 5:colcon.colcon_core.verb:set package 'examples_rclcpp_cbg_executor' build argument 'cmake_clean_first' from command line to 'False'
[1.205s] Level 5:colcon.colcon_core.verb:set package 'examples_rclcpp_cbg_executor' build argument 'cmake_force_configure' from command line to 'False'
[1.205s] Level 5:colcon.colcon_core.verb:set package 'examples_rclcpp_cbg_executor' build argument 'ament_cmake_args' from command line to 'None'
[1.205s] Level 5:colcon.colcon_core.verb:set package 'examples_rclcpp_cbg_executor' build argument 'catkin_cmake_args' from command line to 'None'
[1.205s] Level 5:colcon.colcon_core.verb:set package 'examples_rclcpp_cbg_executor' build argument 'catkin_skip_building_tests' from command line to 'False'
[1.205s] DEBUG:colcon.colcon_core.verb:Building package 'examples_rclcpp_cbg_executor' with the following arguments: {'ament_cmake_args': None, 'build_base': '/home/vboxuser/ros2_ws/build/examples_rclcpp_cbg_executor', 'catkin_cmake_args': None, 'catkin_skip_building_tests': False, 'cmake_args': None, 'cmake_clean_cache': False, 'cmake_clean_first': False, 'cmake_force_configure': False, 'cmake_target': None, 'cmake_target_skip_unavailable': False, 'install_base': '/home/vboxuser/ros2_ws/install/examples_rclcpp_cbg_executor', 'merge_install': False, 'path': '/home/vboxuser/ros2_ws/src/examples/rclcpp/executors/cbg_executor', 'symlink_install': False, 'test_result_base': None}
[1.205s] Level 5:colcon.colcon_core.verb:set package 'examples_rclcpp_minimal_action_client' build argument 'cmake_args' from command line to 'None'
[1.206s] Level 5:colcon.colcon_core.verb:set package 'examples_rclcpp_minimal_action_client' build argument 'cmake_target' from command line to 'None'
[1.206s] Level 5:colcon.colcon_core.verb:set package 'examples_rclcpp_minimal_action_client' build argument 'cmake_target_skip_unavailable' from command line to 'False'
[1.206s] Level 5:colcon.colcon_core.verb:set package 'examples_rclcpp_minimal_action_client' build argument 'cmake_clean_cache' from command line to 'False'
[1.206s] Level 5:colcon.colcon_core.verb:set package 'examples_rclcpp_minimal_action_client' build argument 'cmake_clean_first' from command line to 'False'
[1.206s] Level 5:colcon.colcon_core.verb:set package 'examples_rclcpp_minimal_action_client' build argument 'cmake_force_configure' from command line to 'False'
[1.206s] Level 5:colcon.colcon_core.verb:set package 'examples_rclcpp_minimal_action_client' build argument 'ament_cmake_args' from command line to 'None'
[1.206s] Level 5:colcon.colcon_core.verb:set package 'examples_rclcpp_minimal_action_client' build argument 'catkin_cmake_args' from command line to 'None'
[1.206s] Level 5:colcon.colcon_core.verb:set package 'examples_rclcpp_minimal_action_client' build argument 'catkin_skip_building_tests' from command line to 'False'
[1.206s] DEBUG:colcon.colcon_core.verb:Building package 'examples_rclcpp_minimal_action_client' with the following arguments: {'ament_cmake_args': None, 'build_base': '/home/vboxuser/ros2_ws/build/examples_rclcpp_minimal_action_client', 'catkin_cmake_args': None, 'catkin_skip_building_tests': False, 'cmake_args': None, 'cmake_clean_cache': False, 'cmake_clean_first': False, 'cmake_force_configure': False, 'cmake_target': None, 'cmake_target_skip_unavailable': False, 'install_base': '/home/vboxuser/ros2_ws/install/examples_rclcpp_minimal_action_client', 'merge_install': False, 'path': '/home/vboxuser/ros2_ws/src/examples/rclcpp/actions/minimal_action_client', 'symlink_install': False, 'test_result_base': None}
[1.206s] Level 5:colcon.colcon_core.verb:set package 'examples_rclcpp_minimal_action_server' build argument 'cmake_args' from command line to 'None'
[1.206s] Level 5:colcon.colcon_core.verb:set package 'examples_rclcpp_minimal_action_server' build argument 'cmake_target' from command line to 'None'
[1.206s] Level 5:colcon.colcon_core.verb:set package 'examples_rclcpp_minimal_action_server' build argument 'cmake_target_skip_unavailable' from command line to 'False'
[1.206s] Level 5:colcon.colcon_core.verb:set package 'examples_rclcpp_minimal_action_server' build argument 'cmake_clean_cache' from command line to 'False'
[1.206s] Level 5:colcon.colcon_core.verb:set package 'examples_rclcpp_minimal_action_server' build argument 'cmake_clean_first' from command line to 'False'
[1.206s] Level 5:colcon.colcon_core.verb:set package 'examples_rclcpp_minimal_action_server' build argument 'cmake_force_configure' from command line to 'False'
[1.206s] Level 5:colcon.colcon_core.verb:set package 'examples_rclcpp_minimal_action_server' build argument 'ament_cmake_args' from command line to 'None'
[1.206s] Level 5:colcon.colcon_core.verb:set package 'examples_rclcpp_minimal_action_server' build argument 'catkin_cmake_args' from command line to 'None'
[1.206s] Level 5:colcon.colcon_core.verb:set package 'examples_rclcpp_minimal_action_server' build argument 'catkin_skip_building_tests' from command line to 'False'
[1.207s] DEBUG:colcon.colcon_core.verb:Building package 'examples_rclcpp_minimal_action_server' with the following arguments: {'ament_cmake_args': None, 'build_base': '/home/vboxuser/ros2_ws/build/examples_rclcpp_minimal_action_server', 'catkin_cmake_args': None, 'catkin_skip_building_tests': False, 'cmake_args': None, 'cmake_clean_cache': False, 'cmake_clean_first': False, 'cmake_force_configure': False, 'cmake_target': None, 'cmake_target_skip_unavailable': False, 'install_base': '/home/vboxuser/ros2_ws/install/examples_rclcpp_minimal_action_server', 'merge_install': False, 'path': '/home/vboxuser/ros2_ws/src/examples/rclcpp/actions/minimal_action_server', 'symlink_install': False, 'test_result_base': None}
[1.207s] Level 5:colcon.colcon_core.verb:set package 'examples_rclcpp_minimal_client' build argument 'cmake_args' from command line to 'None'
[1.207s] Level 5:colcon.colcon_core.verb:set package 'examples_rclcpp_minimal_client' build argument 'cmake_target' from command line to 'None'
[1.207s] Level 5:colcon.colcon_core.verb:set package 'examples_rclcpp_minimal_client' build argument 'cmake_target_skip_unavailable' from command line to 'False'
[1.207s] Level 5:colcon.colcon_core.verb:set package 'examples_rclcpp_minimal_client' build argument 'cmake_clean_cache' from command line to 'False'
[1.207s] Level 5:colcon.colcon_core.verb:set package 'examples_rclcpp_minimal_client' build argument 'cmake_clean_first' from command line to 'False'
[1.207s] Level 5:colcon.colcon_core.verb:set package 'examples_rclcpp_minimal_client' build argument 'cmake_force_configure' from command line to 'False'
[1.207s] Level 5:colcon.colcon_core.verb:set package 'examples_rclcpp_minimal_client' build argument 'ament_cmake_args' from command line to 'None'
[1.207s] Level 5:colcon.colcon_core.verb:set package 'examples_rclcpp_minimal_client' build argument 'catkin_cmake_args' from command line to 'None'
[1.207s] Level 5:colcon.colcon_core.verb:set package 'examples_rclcpp_minimal_client' build argument 'catkin_skip_building_tests' from command line to 'False'
[1.207s] DEBUG:colcon.colcon_core.verb:Building package 'examples_rclcpp_minimal_client' with the following arguments: {'ament_cmake_args': None, 'build_base': '/home/vboxuser/ros2_ws/build/examples_rclcpp_minimal_client', 'catkin_cmake_args': None, 'catkin_skip_building_tests': False, 'cmake_args': None, 'cmake_clean_cache': False, 'cmake_clean_first': False, 'cmake_force_configure': False, 'cmake_target': None, 'cmake_target_skip_unavailable': False, 'install_base': '/home/vboxuser/ros2_ws/install/examples_rclcpp_minimal_client', 'merge_install': False, 'path': '/home/vboxuser/ros2_ws/src/examples/rclcpp/services/minimal_client', 'symlink_install': False, 'test_result_base': None}
[1.208s] Level 5:colcon.colcon_core.verb:set package 'examples_rclcpp_minimal_composition' build argument 'cmake_args' from command line to 'None'
[1.208s] Level 5:colcon.colcon_core.verb:set package 'examples_rclcpp_minimal_composition' build argument 'cmake_target' from command line to 'None'
[1.208s] Level 5:colcon.colcon_core.verb:set package 'examples_rclcpp_minimal_composition' build argument 'cmake_target_skip_unavailable' from command line to 'False'
[1.208s] Level 5:colcon.colcon_core.verb:set package 'examples_rclcpp_minimal_composition' build argument 'cmake_clean_cache' from command line to 'False'
[1.208s] Level 5:colcon.colcon_core.verb:set package 'examples_rclcpp_minimal_composition' build argument 'cmake_clean_first' from command line to 'False'
[1.208s] Level 5:colcon.colcon_core.verb:set package 'examples_rclcpp_minimal_composition' build argument 'cmake_force_configure' from command line to 'False'
[1.208s] Level 5:colcon.colcon_core.verb:set package 'examples_rclcpp_minimal_composition' build argument 'ament_cmake_args' from command line to 'None'
[1.208s] Level 5:colcon.colcon_core.verb:set package 'examples_rclcpp_minimal_composition' build argument 'catkin_cmake_args' from command line to 'None'
[1.208s] Level 5:colcon.colcon_core.verb:set package 'examples_rclcpp_minimal_composition' build argument 'catkin_skip_building_tests' from command line to 'False'
[1.208s] DEBUG:colcon.colcon_core.verb:Building package 'examples_rclcpp_minimal_composition' with the following arguments: {'ament_cmake_args': None, 'build_base': '/home/vboxuser/ros2_ws/build/examples_rclcpp_minimal_composition', 'catkin_cmake_args': None, 'catkin_skip_building_tests': False, 'cmake_args': None, 'cmake_clean_cache': False, 'cmake_clean_first': False, 'cmake_force_configure': False, 'cmake_target': None, 'cmake_target_skip_unavailable': False, 'install_base': '/home/vboxuser/ros2_ws/install/examples_rclcpp_minimal_composition', 'merge_install': False, 'path': '/home/vboxuser/ros2_ws/src/examples/rclcpp/composition/minimal_composition', 'symlink_install': False, 'test_result_base': None}
[1.210s] Level 5:colcon.colcon_core.verb:set package 'examples_rclcpp_minimal_publisher' build argument 'cmake_args' from command line to 'None'
[1.211s] Level 5:colcon.colcon_core.verb:set package 'examples_rclcpp_minimal_publisher' build argument 'cmake_target' from command line to 'None'
[1.211s] Level 5:colcon.colcon_core.verb:set package 'examples_rclcpp_minimal_publisher' build argument 'cmake_target_skip_unavailable' from command line to 'False'
[1.211s] Level 5:colcon.colcon_core.verb:set package 'examples_rclcpp_minimal_publisher' build argument 'cmake_clean_cache' from command line to 'False'
[1.211s] Level 5:colcon.colcon_core.verb:set package 'examples_rclcpp_minimal_publisher' build argument 'cmake_clean_first' from command line to 'False'
[1.211s] Level 5:colcon.colcon_core.verb:set package 'examples_rclcpp_minimal_publisher' build argument 'cmake_force_configure' from command line to 'False'
[1.211s] Level 5:colcon.colcon_core.verb:set package 'examples_rclcpp_minimal_publisher' build argument 'ament_cmake_args' from command line to 'None'
[1.211s] Level 5:colcon.colcon_core.verb:set package 'examples_rclcpp_minimal_publisher' build argument 'catkin_cmake_args' from command line to 'None'
[1.211s] Level 5:colcon.colcon_core.verb:set package 'examples_rclcpp_minimal_publisher' build argument 'catkin_skip_building_tests' from command line to 'False'
[1.211s] DEBUG:colcon.colcon_core.verb:Building package 'examples_rclcpp_minimal_publisher' with the following arguments: {'ament_cmake_args': None, 'build_base': '/home/vboxuser/ros2_ws/build/examples_rclcpp_minimal_publisher', 'catkin_cmake_args': None, 'catkin_skip_building_tests': False, 'cmake_args': None, 'cmake_clean_cache': False, 'cmake_clean_first': False, 'cmake_force_configure': False, 'cmake_target': None, 'cmake_target_skip_unavailable': False, 'install_base': '/home/vboxuser/ros2_ws/install/examples_rclcpp_minimal_publisher', 'merge_install': False, 'path': '/home/vboxuser/ros2_ws/src/examples/rclcpp/topics/minimal_publisher', 'symlink_install': False, 'test_result_base': None}
[1.211s] Level 5:colcon.colcon_core.verb:set package 'examples_rclcpp_minimal_service' build argument 'cmake_args' from command line to 'None'
[1.211s] Level 5:colcon.colcon_core.verb:set package 'examples_rclcpp_minimal_service' build argument 'cmake_target' from command line to 'None'
[1.211s] Level 5:colcon.colcon_core.verb:set package 'examples_rclcpp_minimal_service' build argument 'cmake_target_skip_unavailable' from command line to 'False'
[1.212s] Level 5:colcon.colcon_core.verb:set package 'examples_rclcpp_minimal_service' build argument 'cmake_clean_cache' from command line to 'False'
[1.212s] Level 5:colcon.colcon_core.verb:set package 'examples_rclcpp_minimal_service' build argument 'cmake_clean_first' from command line to 'False'
[1.212s] Level 5:colcon.colcon_core.verb:set package 'examples_rclcpp_minimal_service' build argument 'cmake_force_configure' from command line to 'False'
[1.212s] Level 5:colcon.colcon_core.verb:set package 'examples_rclcpp_minimal_service' build argument 'ament_cmake_args' from command line to 'None'
[1.212s] Level 5:colcon.colcon_core.verb:set package 'examples_rclcpp_minimal_service' build argument 'catkin_cmake_args' from command line to 'None'
[1.212s] Level 5:colcon.colcon_core.verb:set package 'examples_rclcpp_minimal_service' build argument 'catkin_skip_building_tests' from command line to 'False'
[1.212s] DEBUG:colcon.colcon_core.verb:Building package 'examples_rclcpp_minimal_service' with the following arguments: {'ament_cmake_args': None, 'build_base': '/home/vboxuser/ros2_ws/build/examples_rclcpp_minimal_service', 'catkin_cmake_args': None, 'catkin_skip_building_tests': False, 'cmake_args': None, 'cmake_clean_cache': False, 'cmake_clean_first': False, 'cmake_force_configure': False, 'cmake_target': None, 'cmake_target_skip_unavailable': False, 'install_base': '/home/vboxuser/ros2_ws/install/examples_rclcpp_minimal_service', 'merge_install': False, 'path': '/home/vboxuser/ros2_ws/src/examples/rclcpp/services/minimal_service', 'symlink_install': False, 'test_result_base': None}
[1.213s] Level 5:colcon.colcon_core.verb:set package 'examples_rclcpp_minimal_subscriber' build argument 'cmake_args' from command line to 'None'
[1.213s] Level 5:colcon.colcon_core.verb:set package 'examples_rclcpp_minimal_subscriber' build argument 'cmake_target' from command line to 'None'
[1.213s] Level 5:colcon.colcon_core.verb:set package 'examples_rclcpp_minimal_subscriber' build argument 'cmake_target_skip_unavailable' from command line to 'False'
[1.213s] Level 5:colcon.colcon_core.verb:set package 'examples_rclcpp_minimal_subscriber' build argument 'cmake_clean_cache' from command line to 'False'
[1.213s] Level 5:colcon.colcon_core.verb:set package 'examples_rclcpp_minimal_subscriber' build argument 'cmake_clean_first' from command line to 'False'
[1.213s] Level 5:colcon.colcon_core.verb:set package 'examples_rclcpp_minimal_subscriber' build argument 'cmake_force_configure' from command line to 'False'
[1.213s] Level 5:colcon.colcon_core.verb:set package 'examples_rclcpp_minimal_subscriber' build argument 'ament_cmake_args' from command line to 'None'
[1.213s] Level 5:colcon.colcon_core.verb:set package 'examples_rclcpp_minimal_subscriber' build argument 'catkin_cmake_args' from command line to 'None'
[1.213s] Level 5:colcon.colcon_core.verb:set package 'examples_rclcpp_minimal_subscriber' build argument 'catkin_skip_building_tests' from command line to 'False'
[1.213s] DEBUG:colcon.colcon_core.verb:Building package 'examples_rclcpp_minimal_subscriber' with the following arguments: {'ament_cmake_args': None, 'build_base': '/home/vboxuser/ros2_ws/build/examples_rclcpp_minimal_subscriber', 'catkin_cmake_args': None, 'catkin_skip_building_tests': False, 'cmake_args': None, 'cmake_clean_cache': False, 'cmake_clean_first': False, 'cmake_force_configure': False, 'cmake_target': None, 'cmake_target_skip_unavailable': False, 'install_base': '/home/vboxuser/ros2_ws/install/examples_rclcpp_minimal_subscriber', 'merge_install': False, 'path': '/home/vboxuser/ros2_ws/src/examples/rclcpp/topics/minimal_subscriber', 'symlink_install': False, 'test_result_base': None}
[1.214s] Level 5:colcon.colcon_core.verb:set package 'examples_rclcpp_minimal_timer' build argument 'cmake_args' from command line to 'None'
[1.214s] Level 5:colcon.colcon_core.verb:set package 'examples_rclcpp_minimal_timer' build argument 'cmake_target' from command line to 'None'
[1.214s] Level 5:colcon.colcon_core.verb:set package 'examples_rclcpp_minimal_timer' build argument 'cmake_target_skip_unavailable' from command line to 'False'
[1.214s] Level 5:colcon.colcon_core.verb:set package 'examples_rclcpp_minimal_timer' build argument 'cmake_clean_cache' from command line to 'False'
[1.214s] Level 5:colcon.colcon_core.verb:set package 'examples_rclcpp_minimal_timer' build argument 'cmake_clean_first' from command line to 'False'
[1.214s] Level 5:colcon.colcon_core.verb:set package 'examples_rclcpp_minimal_timer' build argument 'cmake_force_configure' from command line to 'False'
[1.214s] Level 5:colcon.colcon_core.verb:set package 'examples_rclcpp_minimal_timer' build argument 'ament_cmake_args' from command line to 'None'
[1.215s] Level 5:colcon.colcon_core.verb:set package 'examples_rclcpp_minimal_timer' build argument 'catkin_cmake_args' from command line to 'None'
[1.215s] Level 5:colcon.colcon_core.verb:set package 'examples_rclcpp_minimal_timer' build argument 'catkin_skip_building_tests' from command line to 'False'
[1.215s] DEBUG:colcon.colcon_core.verb:Building package 'examples_rclcpp_minimal_timer' with the following arguments: {'ament_cmake_args': None, 'build_base': '/home/vboxuser/ros2_ws/build/examples_rclcpp_minimal_timer', 'catkin_cmake_args': None, 'catkin_skip_building_tests': False, 'cmake_args': None, 'cmake_clean_cache': False, 'cmake_clean_first': False, 'cmake_force_configure': False, 'cmake_target': None, 'cmake_target_skip_unavailable': False, 'install_base': '/home/vboxuser/ros2_ws/install/examples_rclcpp_minimal_timer', 'merge_install': False, 'path': '/home/vboxuser/ros2_ws/src/examples/rclcpp/timers/minimal_timer', 'symlink_install': False, 'test_result_base': None}
[1.215s] Level 5:colcon.colcon_core.verb:set package 'examples_rclcpp_multithreaded_executor' build argument 'cmake_args' from command line to 'None'
[1.217s] Level 5:colcon.colcon_core.verb:set package 'examples_rclcpp_multithreaded_executor' build argument 'cmake_target' from command line to 'None'
[1.218s] Level 5:colcon.colcon_core.verb:set package 'examples_rclcpp_multithreaded_executor' build argument 'cmake_target_skip_unavailable' from command line to 'False'
[1.218s] Level 5:colcon.colcon_core.verb:set package 'examples_rclcpp_multithreaded_executor' build argument 'cmake_clean_cache' from command line to 'False'
[1.218s] Level 5:colcon.colcon_core.verb:set package 'examples_rclcpp_multithreaded_executor' build argument 'cmake_clean_first' from command line to 'False'
[1.218s] Level 5:colcon.colcon_core.verb:set package 'examples_rclcpp_multithreaded_executor' build argument 'cmake_force_configure' from command line to 'False'
[1.218s] Level 5:colcon.colcon_core.verb:set package 'examples_rclcpp_multithreaded_executor' build argument 'ament_cmake_args' from command line to 'None'
[1.218s] Level 5:colcon.colcon_core.verb:set package 'examples_rclcpp_multithreaded_executor' build argument 'catkin_cmake_args' from command line to 'None'
[1.219s] Level 5:colcon.colcon_core.verb:set package 'examples_rclcpp_multithreaded_executor' build argument 'catkin_skip_building_tests' from command line to 'False'
[1.219s] DEBUG:colcon.colcon_core.verb:Building package 'examples_rclcpp_multithreaded_executor' with the following arguments: {'ament_cmake_args': None, 'build_base': '/home/vboxuser/ros2_ws/build/examples_rclcpp_multithreaded_executor', 'catkin_cmake_args': None, 'catkin_skip_building_tests': False, 'cmake_args': None, 'cmake_clean_cache': False, 'cmake_clean_first': False, 'cmake_force_configure': False, 'cmake_target': None, 'cmake_target_skip_unavailable': False, 'install_base': '/home/vboxuser/ros2_ws/install/examples_rclcpp_multithreaded_executor', 'merge_install': False, 'path': '/home/vboxuser/ros2_ws/src/examples/rclcpp/executors/multithreaded_executor', 'symlink_install': False, 'test_result_base': None}
[1.219s] Level 5:colcon.colcon_core.verb:set package 'examples_rclcpp_wait_set' build argument 'cmake_args' from command line to 'None'
[1.219s] Level 5:colcon.colcon_core.verb:set package 'examples_rclcpp_wait_set' build argument 'cmake_target' from command line to 'None'
[1.219s] Level 5:colcon.colcon_core.verb:set package 'examples_rclcpp_wait_set' build argument 'cmake_target_skip_unavailable' from command line to 'False'
[1.219s] Level 5:colcon.colcon_core.verb:set package 'examples_rclcpp_wait_set' build argument 'cmake_clean_cache' from command line to 'False'
[1.219s] Level 5:colcon.colcon_core.verb:set package 'examples_rclcpp_wait_set' build argument 'cmake_clean_first' from command line to 'False'
[1.219s] Level 5:colcon.colcon_core.verb:set package 'examples_rclcpp_wait_set' build argument 'cmake_force_configure' from command line to 'False'
[1.219s] Level 5:colcon.colcon_core.verb:set package 'examples_rclcpp_wait_set' build argument 'ament_cmake_args' from command line to 'None'
[1.219s] Level 5:colcon.colcon_core.verb:set package 'examples_rclcpp_wait_set' build argument 'catkin_cmake_args' from command line to 'None'
[1.219s] Level 5:colcon.colcon_core.verb:set package 'examples_rclcpp_wait_set' build argument 'catkin_skip_building_tests' from command line to 'False'
[1.219s] DEBUG:colcon.colcon_core.verb:Building package 'examples_rclcpp_wait_set' with the following arguments: {'ament_cmake_args': None, 'build_base': '/home/vboxuser/ros2_ws/build/examples_rclcpp_wait_set', 'catkin_cmake_args': None, 'catkin_skip_building_tests': False, 'cmake_args': None, 'cmake_clean_cache': False, 'cmake_clean_first': False, 'cmake_force_configure': False, 'cmake_target': None, 'cmake_target_skip_unavailable': False, 'install_base': '/home/vboxuser/ros2_ws/install/examples_rclcpp_wait_set', 'merge_install': False, 'path': '/home/vboxuser/ros2_ws/src/examples/rclcpp/wait_set', 'symlink_install': False, 'test_result_base': None}
[1.221s] Level 5:colcon.colcon_core.verb:set package 'examples_rclpy_executors' build argument 'cmake_args' from command line to 'None'
[1.221s] Level 5:colcon.colcon_core.verb:set package 'examples_rclpy_executors' build argument 'cmake_target' from command line to 'None'
[1.222s] Level 5:colcon.colcon_core.verb:set package 'examples_rclpy_executors' build argument 'cmake_target_skip_unavailable' from command line to 'False'
[1.222s] Level 5:colcon.colcon_core.verb:set package 'examples_rclpy_executors' build argument 'cmake_clean_cache' from command line to 'False'
[1.222s] Level 5:colcon.colcon_core.verb:set package 'examples_rclpy_executors' build argument 'cmake_clean_first' from command line to 'False'
[1.222s] Level 5:colcon.colcon_core.verb:set package 'examples_rclpy_executors' build argument 'cmake_force_configure' from command line to 'False'
[1.222s] Level 5:colcon.colcon_core.verb:set package 'examples_rclpy_executors' build argument 'ament_cmake_args' from command line to 'None'
[1.222s] Level 5:colcon.colcon_core.verb:set package 'examples_rclpy_executors' build argument 'catkin_cmake_args' from command line to 'None'
[1.222s] Level 5:colcon.colcon_core.verb:set package 'examples_rclpy_executors' build argument 'catkin_skip_building_tests' from command line to 'False'
[1.223s] DEBUG:colcon.colcon_core.verb:Building package 'examples_rclpy_executors' with the following arguments: {'ament_cmake_args': None, 'build_base': '/home/vboxuser/ros2_ws/build/examples_rclpy_executors', 'catkin_cmake_args': None, 'catkin_skip_building_tests': False, 'cmake_args': None, 'cmake_clean_cache': False, 'cmake_clean_first': False, 'cmake_force_configure': False, 'cmake_target': None, 'cmake_target_skip_unavailable': False, 'install_base': '/home/vboxuser/ros2_ws/install/examples_rclpy_executors', 'merge_install': False, 'path': '/home/vboxuser/ros2_ws/src/examples/rclpy/executors', 'symlink_install': False, 'test_result_base': None}
[1.225s] Level 5:colcon.colcon_core.verb:set package 'examples_rclpy_guard_conditions' build argument 'cmake_args' from command line to 'None'
[1.226s] Level 5:colcon.colcon_core.verb:set package 'examples_rclpy_guard_conditions' build argument 'cmake_target' from command line to 'None'
[1.226s] Level 5:colcon.colcon_core.verb:set package 'examples_rclpy_guard_conditions' build argument 'cmake_target_skip_unavailable' from command line to 'False'
[1.226s] Level 5:colcon.colcon_core.verb:set package 'examples_rclpy_guard_conditions' build argument 'cmake_clean_cache' from command line to 'False'
[1.226s] Level 5:colcon.colcon_core.verb:set package 'examples_rclpy_guard_conditions' build argument 'cmake_clean_first' from command line to 'False'
[1.226s] Level 5:colcon.colcon_core.verb:set package 'examples_rclpy_guard_conditions' build argument 'cmake_force_configure' from command line to 'False'
[1.226s] Level 5:colcon.colcon_core.verb:set package 'examples_rclpy_guard_conditions' build argument 'ament_cmake_args' from command line to 'None'
[1.226s] Level 5:colcon.colcon_core.verb:set package 'examples_rclpy_guard_conditions' build argument 'catkin_cmake_args' from command line to 'None'
[1.226s] Level 5:colcon.colcon_core.verb:set package 'examples_rclpy_guard_conditions' build argument 'catkin_skip_building_tests' from command line to 'False'
[1.226s] DEBUG:colcon.colcon_core.verb:Building package 'examples_rclpy_guard_conditions' with the following arguments: {'ament_cmake_args': None, 'build_base': '/home/vboxuser/ros2_ws/build/examples_rclpy_guard_conditions', 'catkin_cmake_args': None, 'catkin_skip_building_tests': False, 'cmake_args': None, 'cmake_clean_cache': False, 'cmake_clean_first': False, 'cmake_force_configure': False, 'cmake_target': None, 'cmake_target_skip_unavailable': False, 'install_base': '/home/vboxuser/ros2_ws/install/examples_rclpy_guard_conditions', 'merge_install': False, 'path': '/home/vboxuser/ros2_ws/src/examples/rclpy/guard_conditions', 'symlink_install': False, 'test_result_base': None}
[1.228s] Level 5:colcon.colcon_core.verb:set package 'examples_rclpy_minimal_action_client' build argument 'cmake_args' from command line to 'None'
[1.228s] Level 5:colcon.colcon_core.verb:set package 'examples_rclpy_minimal_action_client' build argument 'cmake_target' from command line to 'None'
[1.228s] Level 5:colcon.colcon_core.verb:set package 'examples_rclpy_minimal_action_client' build argument 'cmake_target_skip_unavailable' from command line to 'False'
[1.228s] Level 5:colcon.colcon_core.verb:set package 'examples_rclpy_minimal_action_client' build argument 'cmake_clean_cache' from command line to 'False'
[1.228s] Level 5:colcon.colcon_core.verb:set package 'examples_rclpy_minimal_action_client' build argument 'cmake_clean_first' from command line to 'False'
[1.228s] Level 5:colcon.colcon_core.verb:set package 'examples_rclpy_minimal_action_client' build argument 'cmake_force_configure' from command line to 'False'
[1.228s] Level 5:colcon.colcon_core.verb:set package 'examples_rclpy_minimal_action_client' build argument 'ament_cmake_args' from command line to 'None'
[1.228s] Level 5:colcon.colcon_core.verb:set package 'examples_rclpy_minimal_action_client' build argument 'catkin_cmake_args' from command line to 'None'
[1.229s] Level 5:colcon.colcon_core.verb:set package 'examples_rclpy_minimal_action_client' build argument 'catkin_skip_building_tests' from command line to 'False'
[1.229s] DEBUG:colcon.colcon_core.verb:Building package 'examples_rclpy_minimal_action_client' with the following arguments: {'ament_cmake_args': None, 'build_base': '/home/vboxuser/ros2_ws/build/examples_rclpy_minimal_action_client', 'catkin_cmake_args': None, 'catkin_skip_building_tests': False, 'cmake_args': None, 'cmake_clean_cache': False, 'cmake_clean_first': False, 'cmake_force_configure': False, 'cmake_target': None, 'cmake_target_skip_unavailable': False, 'install_base': '/home/vboxuser/ros2_ws/install/examples_rclpy_minimal_action_client', 'merge_install': False, 'path': '/home/vboxuser/ros2_ws/src/examples/rclpy/actions/minimal_action_client', 'symlink_install': False, 'test_result_base': None}
[1.230s] Level 5:colcon.colcon_core.verb:set package 'examples_rclpy_minimal_action_server' build argument 'cmake_args' from command line to 'None'
[1.230s] Level 5:colcon.colcon_core.verb:set package 'examples_rclpy_minimal_action_server' build argument 'cmake_target' from command line to 'None'
[1.230s] Level 5:colcon.colcon_core.verb:set package 'examples_rclpy_minimal_action_server' build argument 'cmake_target_skip_unavailable' from command line to 'False'
[1.230s] Level 5:colcon.colcon_core.verb:set package 'examples_rclpy_minimal_action_server' build argument 'cmake_clean_cache' from command line to 'False'
[1.230s] Level 5:colcon.colcon_core.verb:set package 'examples_rclpy_minimal_action_server' build argument 'cmake_clean_first' from command line to 'False'
[1.230s] Level 5:colcon.colcon_core.verb:set package 'examples_rclpy_minimal_action_server' build argument 'cmake_force_configure' from command line to 'False'
[1.230s] Level 5:colcon.colcon_core.verb:set package 'examples_rclpy_minimal_action_server' build argument 'ament_cmake_args' from command line to 'None'
[1.230s] Level 5:colcon.colcon_core.verb:set package 'examples_rclpy_minimal_action_server' build argument 'catkin_cmake_args' from command line to 'None'
[1.230s] Level 5:colcon.colcon_core.verb:set package 'examples_rclpy_minimal_action_server' build argument 'catkin_skip_building_tests' from command line to 'False'
[1.231s] DEBUG:colcon.colcon_core.verb:Building package 'examples_rclpy_minimal_action_server' with the following arguments: {'ament_cmake_args': None, 'build_base': '/home/vboxuser/ros2_ws/build/examples_rclpy_minimal_action_server', 'catkin_cmake_args': None, 'catkin_skip_building_tests': False, 'cmake_args': None, 'cmake_clean_cache': False, 'cmake_clean_first': False, 'cmake_force_configure': False, 'cmake_target': None, 'cmake_target_skip_unavailable': False, 'install_base': '/home/vboxuser/ros2_ws/install/examples_rclpy_minimal_action_server', 'merge_install': False, 'path': '/home/vboxuser/ros2_ws/src/examples/rclpy/actions/minimal_action_server', 'symlink_install': False, 'test_result_base': None}
[1.232s] Level 5:colcon.colcon_core.verb:set package 'examples_rclpy_minimal_client' build argument 'cmake_args' from command line to 'None'
[1.232s] Level 5:colcon.colcon_core.verb:set package 'examples_rclpy_minimal_client' build argument 'cmake_target' from command line to 'None'
[1.232s] Level 5:colcon.colcon_core.verb:set package 'examples_rclpy_minimal_client' build argument 'cmake_target_skip_unavailable' from command line to 'False'
[1.232s] Level 5:colcon.colcon_core.verb:set package 'examples_rclpy_minimal_client' build argument 'cmake_clean_cache' from command line to 'False'
[1.232s] Level 5:colcon.colcon_core.verb:set package 'examples_rclpy_minimal_client' build argument 'cmake_clean_first' from command line to 'False'
[1.232s] Level 5:colcon.colcon_core.verb:set package 'examples_rclpy_minimal_client' build argument 'cmake_force_configure' from command line to 'False'
[1.232s] Level 5:colcon.colcon_core.verb:set package 'examples_rclpy_minimal_client' build argument 'ament_cmake_args' from command line to 'None'
[1.232s] Level 5:colcon.colcon_core.verb:set package 'examples_rclpy_minimal_client' build argument 'catkin_cmake_args' from command line to 'None'
[1.232s] Level 5:colcon.colcon_core.verb:set package 'examples_rclpy_minimal_client' build argument 'catkin_skip_building_tests' from command line to 'False'
[1.232s] DEBUG:colcon.colcon_core.verb:Building package 'examples_rclpy_minimal_client' with the following arguments: {'ament_cmake_args': None, 'build_base': '/home/vboxuser/ros2_ws/build/examples_rclpy_minimal_client', 'catkin_cmake_args': None, 'catkin_skip_building_tests': False, 'cmake_args': None, 'cmake_clean_cache': False, 'cmake_clean_first': False, 'cmake_force_configure': False, 'cmake_target': None, 'cmake_target_skip_unavailable': False, 'install_base': '/home/vboxuser/ros2_ws/install/examples_rclpy_minimal_client', 'merge_install': False, 'path': '/home/vboxuser/ros2_ws/src/examples/rclpy/services/minimal_client', 'symlink_install': False, 'test_result_base': None}
[1.233s] Level 5:colcon.colcon_core.verb:set package 'examples_rclpy_minimal_publisher' build argument 'cmake_args' from command line to 'None'
[1.234s] Level 5:colcon.colcon_core.verb:set package 'examples_rclpy_minimal_publisher' build argument 'cmake_target' from command line to 'None'
[1.234s] Level 5:colcon.colcon_core.verb:set package 'examples_rclpy_minimal_publisher' build argument 'cmake_target_skip_unavailable' from command line to 'False'
[1.234s] Level 5:colcon.colcon_core.verb:set package 'examples_rclpy_minimal_publisher' build argument 'cmake_clean_cache' from command line to 'False'
[1.234s] Level 5:colcon.colcon_core.verb:set package 'examples_rclpy_minimal_publisher' build argument 'cmake_clean_first' from command line to 'False'
[1.234s] Level 5:colcon.colcon_core.verb:set package 'examples_rclpy_minimal_publisher' build argument 'cmake_force_configure' from command line to 'False'
[1.234s] Level 5:colcon.colcon_core.verb:set package 'examples_rclpy_minimal_publisher' build argument 'ament_cmake_args' from command line to 'None'
[1.234s] Level 5:colcon.colcon_core.verb:set package 'examples_rclpy_minimal_publisher' build argument 'catkin_cmake_args' from command line to 'None'
[1.234s] Level 5:colcon.colcon_core.verb:set package 'examples_rclpy_minimal_publisher' build argument 'catkin_skip_building_tests' from command line to 'False'
[1.234s] DEBUG:colcon.colcon_core.verb:Building package 'examples_rclpy_minimal_publisher' with the following arguments: {'ament_cmake_args': None, 'build_base': '/home/vboxuser/ros2_ws/build/examples_rclpy_minimal_publisher', 'catkin_cmake_args': None, 'catkin_skip_building_tests': False, 'cmake_args': None, 'cmake_clean_cache': False, 'cmake_clean_first': False, 'cmake_force_configure': False, 'cmake_target': None, 'cmake_target_skip_unavailable': False, 'install_base': '/home/vboxuser/ros2_ws/install/examples_rclpy_minimal_publisher', 'merge_install': False, 'path': '/home/vboxuser/ros2_ws/src/examples/rclpy/topics/minimal_publisher', 'symlink_install': False, 'test_result_base': None}
[1.235s] Level 5:colcon.colcon_core.verb:set package 'examples_rclpy_minimal_service' build argument 'cmake_args' from command line to 'None'
[1.235s] Level 5:colcon.colcon_core.verb:set package 'examples_rclpy_minimal_service' build argument 'cmake_target' from command line to 'None'
[1.235s] Level 5:colcon.colcon_core.verb:set package 'examples_rclpy_minimal_service' build argument 'cmake_target_skip_unavailable' from command line to 'False'
[1.235s] Level 5:colcon.colcon_core.verb:set package 'examples_rclpy_minimal_service' build argument 'cmake_clean_cache' from command line to 'False'
[1.235s] Level 5:colcon.colcon_core.verb:set package 'examples_rclpy_minimal_service' build argument 'cmake_clean_first' from command line to 'False'
[1.235s] Level 5:colcon.colcon_core.verb:set package 'examples_rclpy_minimal_service' build argument 'cmake_force_configure' from command line to 'False'
[1.235s] Level 5:colcon.colcon_core.verb:set package 'examples_rclpy_minimal_service' build argument 'ament_cmake_args' from command line to 'None'
[1.235s] Level 5:colcon.colcon_core.verb:set package 'examples_rclpy_minimal_service' build argument 'catkin_cmake_args' from command line to 'None'
[1.235s] Level 5:colcon.colcon_core.verb:set package 'examples_rclpy_minimal_service' build argument 'catkin_skip_building_tests' from command line to 'False'
[1.235s] DEBUG:colcon.colcon_core.verb:Building package 'examples_rclpy_minimal_service' with the following arguments: {'ament_cmake_args': None, 'build_base': '/home/vboxuser/ros2_ws/build/examples_rclpy_minimal_service', 'catkin_cmake_args': None, 'catkin_skip_building_tests': False, 'cmake_args': None, 'cmake_clean_cache': False, 'cmake_clean_first': False, 'cmake_force_configure': False, 'cmake_target': None, 'cmake_target_skip_unavailable': False, 'install_base': '/home/vboxuser/ros2_ws/install/examples_rclpy_minimal_service', 'merge_install': False, 'path': '/home/vboxuser/ros2_ws/src/examples/rclpy/services/minimal_service', 'symlink_install': False, 'test_result_base': None}
[1.236s] Level 5:colcon.colcon_core.verb:set package 'examples_rclpy_minimal_subscriber' build argument 'cmake_args' from command line to 'None'
[1.236s] Level 5:colcon.colcon_core.verb:set package 'examples_rclpy_minimal_subscriber' build argument 'cmake_target' from command line to 'None'
[1.236s] Level 5:colcon.colcon_core.verb:set package 'examples_rclpy_minimal_subscriber' build argument 'cmake_target_skip_unavailable' from command line to 'False'
[1.236s] Level 5:colcon.colcon_core.verb:set package 'examples_rclpy_minimal_subscriber' build argument 'cmake_clean_cache' from command line to 'False'
[1.236s] Level 5:colcon.colcon_core.verb:set package 'examples_rclpy_minimal_subscriber' build argument 'cmake_clean_first' from command line to 'False'
[1.236s] Level 5:colcon.colcon_core.verb:set package 'examples_rclpy_minimal_subscriber' build argument 'cmake_force_configure' from command line to 'False'
[1.236s] Level 5:colcon.colcon_core.verb:set package 'examples_rclpy_minimal_subscriber' build argument 'ament_cmake_args' from command line to 'None'
[1.237s] Level 5:colcon.colcon_core.verb:set package 'examples_rclpy_minimal_subscriber' build argument 'catkin_cmake_args' from command line to 'None'
[1.237s] Level 5:colcon.colcon_core.verb:set package 'examples_rclpy_minimal_subscriber' build argument 'catkin_skip_building_tests' from command line to 'False'
[1.237s] DEBUG:colcon.colcon_core.verb:Building package 'examples_rclpy_minimal_subscriber' with the following arguments: {'ament_cmake_args': None, 'build_base': '/home/vboxuser/ros2_ws/build/examples_rclpy_minimal_subscriber', 'catkin_cmake_args': None, 'catkin_skip_building_tests': False, 'cmake_args': None, 'cmake_clean_cache': False, 'cmake_clean_first': False, 'cmake_force_configure': False, 'cmake_target': None, 'cmake_target_skip_unavailable': False, 'install_base': '/home/vboxuser/ros2_ws/install/examples_rclpy_minimal_subscriber', 'merge_install': False, 'path': '/home/vboxuser/ros2_ws/src/examples/rclpy/topics/minimal_subscriber', 'symlink_install': False, 'test_result_base': None}
[1.237s] Level 5:colcon.colcon_core.verb:set package 'examples_rclpy_pointcloud_publisher' build argument 'cmake_args' from command line to 'None'
[1.237s] Level 5:colcon.colcon_core.verb:set package 'examples_rclpy_pointcloud_publisher' build argument 'cmake_target' from command line to 'None'
[1.237s] Level 5:colcon.colcon_core.verb:set package 'examples_rclpy_pointcloud_publisher' build argument 'cmake_target_skip_unavailable' from command line to 'False'
[1.237s] Level 5:colcon.colcon_core.verb:set package 'examples_rclpy_pointcloud_publisher' build argument 'cmake_clean_cache' from command line to 'False'
[1.237s] Level 5:colcon.colcon_core.verb:set package 'examples_rclpy_pointcloud_publisher' build argument 'cmake_clean_first' from command line to 'False'
[1.237s] Level 5:colcon.colcon_core.verb:set package 'examples_rclpy_pointcloud_publisher' build argument 'cmake_force_configure' from command line to 'False'
[1.237s] Level 5:colcon.colcon_core.verb:set package 'examples_rclpy_pointcloud_publisher' build argument 'ament_cmake_args' from command line to 'None'
[1.237s] Level 5:colcon.colcon_core.verb:set package 'examples_rclpy_pointcloud_publisher' build argument 'catkin_cmake_args' from command line to 'None'
[1.237s] Level 5:colcon.colcon_core.verb:set package 'examples_rclpy_pointcloud_publisher' build argument 'catkin_skip_building_tests' from command line to 'False'
[1.237s] DEBUG:colcon.colcon_core.verb:Building package 'examples_rclpy_pointcloud_publisher' with the following arguments: {'ament_cmake_args': None, 'build_base': '/home/vboxuser/ros2_ws/build/examples_rclpy_pointcloud_publisher', 'catkin_cmake_args': None, 'catkin_skip_building_tests': False, 'cmake_args': None, 'cmake_clean_cache': False, 'cmake_clean_first': False, 'cmake_force_configure': False, 'cmake_target': None, 'cmake_target_skip_unavailable': False, 'install_base': '/home/vboxuser/ros2_ws/install/examples_rclpy_pointcloud_publisher', 'merge_install': False, 'path': '/home/vboxuser/ros2_ws/src/examples/rclpy/topics/pointcloud_publisher', 'symlink_install': False, 'test_result_base': None}
[1.238s] Level 5:colcon.colcon_core.verb:set package 'launch_testing_examples' build argument 'cmake_args' from command line to 'None'
[1.238s] Level 5:colcon.colcon_core.verb:set package 'launch_testing_examples' build argument 'cmake_target' from command line to 'None'
[1.238s] Level 5:colcon.colcon_core.verb:set package 'launch_testing_examples' build argument 'cmake_target_skip_unavailable' from command line to 'False'
[1.238s] Level 5:colcon.colcon_core.verb:set package 'launch_testing_examples' build argument 'cmake_clean_cache' from command line to 'False'
[1.238s] Level 5:colcon.colcon_core.verb:set package 'launch_testing_examples' build argument 'cmake_clean_first' from command line to 'False'
[1.238s] Level 5:colcon.colcon_core.verb:set package 'launch_testing_examples' build argument 'cmake_force_configure' from command line to 'False'
[1.238s] Level 5:colcon.colcon_core.verb:set package 'launch_testing_examples' build argument 'ament_cmake_args' from command line to 'None'
[1.238s] Level 5:colcon.colcon_core.verb:set package 'launch_testing_examples' build argument 'catkin_cmake_args' from command line to 'None'
[1.238s] Level 5:colcon.colcon_core.verb:set package 'launch_testing_examples' build argument 'catkin_skip_building_tests' from command line to 'False'
[1.238s] DEBUG:colcon.colcon_core.verb:Building package 'launch_testing_examples' with the following arguments: {'ament_cmake_args': None, 'build_base': '/home/vboxuser/ros2_ws/build/launch_testing_examples', 'catkin_cmake_args': None, 'catkin_skip_building_tests': False, 'cmake_args': None, 'cmake_clean_cache': False, 'cmake_clean_first': False, 'cmake_force_configure': False, 'cmake_target': None, 'cmake_target_skip_unavailable': False, 'install_base': '/home/vboxuser/ros2_ws/install/launch_testing_examples', 'merge_install': False, 'path': '/home/vboxuser/ros2_ws/src/examples/launch_testing/launch_testing_examples', 'symlink_install': False, 'test_result_base': None}
[1.238s] Level 5:colcon.colcon_core.verb:set package 'my_package' build argument 'cmake_args' from command line to 'None'
[1.239s] Level 5:colcon.colcon_core.verb:set package 'my_package' build argument 'cmake_target' from command line to 'None'
[1.239s] Level 5:colcon.colcon_core.verb:set package 'my_package' build argument 'cmake_target_skip_unavailable' from command line to 'False'
[1.239s] Level 5:colcon.colcon_core.verb:set package 'my_package' build argument 'cmake_clean_cache' from command line to 'False'
[1.239s] Level 5:colcon.colcon_core.verb:set package 'my_package' build argument 'cmake_clean_first' from command line to 'False'
[1.239s] Level 5:colcon.colcon_core.verb:set package 'my_package' build argument 'cmake_force_configure' from command line to 'False'
[1.239s] Level 5:colcon.colcon_core.verb:set package 'my_package' build argument 'ament_cmake_args' from command line to 'None'
[1.239s] Level 5:colcon.colcon_core.verb:set package 'my_package' build argument 'catkin_cmake_args' from command line to 'None'
[1.239s] Level 5:colcon.colcon_core.verb:set package 'my_package' build argument 'catkin_skip_building_tests' from command line to 'False'
[1.239s] DEBUG:colcon.colcon_core.verb:Building package 'my_package' with the following arguments: {'ament_cmake_args': None, 'build_base': '/home/vboxuser/ros2_ws/build/my_package', 'catkin_cmake_args': None, 'catkin_skip_building_tests': False, 'cmake_args': None, 'cmake_clean_cache': False, 'cmake_clean_first': False, 'cmake_force_configure': False, 'cmake_target': None, 'cmake_target_skip_unavailable': False, 'install_base': '/home/vboxuser/ros2_ws/install/my_package', 'merge_install': False, 'path': '/home/vboxuser/ros2_ws/src/my_package', 'symlink_install': False, 'test_result_base': None}
[1.239s] Level 5:colcon.colcon_core.verb:set package 'py_pubsub' build argument 'cmake_args' from command line to 'None'
[1.239s] Level 5:colcon.colcon_core.verb:set package 'py_pubsub' build argument 'cmake_target' from command line to 'None'
[1.239s] Level 5:colcon.colcon_core.verb:set package 'py_pubsub' build argument 'cmake_target_skip_unavailable' from command line to 'False'
[1.239s] Level 5:colcon.colcon_core.verb:set package 'py_pubsub' build argument 'cmake_clean_cache' from command line to 'False'
[1.239s] Level 5:colcon.colcon_core.verb:set package 'py_pubsub' build argument 'cmake_clean_first' from command line to 'False'
[1.239s] Level 5:colcon.colcon_core.verb:set package 'py_pubsub' build argument 'cmake_force_configure' from command line to 'False'
[1.239s] Level 5:colcon.colcon_core.verb:set package 'py_pubsub' build argument 'ament_cmake_args' from command line to 'None'
[1.239s] Level 5:colcon.colcon_core.verb:set package 'py_pubsub' build argument 'catkin_cmake_args' from command line to 'None'
[1.239s] Level 5:colcon.colcon_core.verb:set package 'py_pubsub' build argument 'catkin_skip_building_tests' from command line to 'False'
[1.239s] DEBUG:colcon.colcon_core.verb:Building package 'py_pubsub' with the following arguments: {'ament_cmake_args': None, 'build_base': '/home/vboxuser/ros2_ws/build/py_pubsub', 'catkin_cmake_args': None, 'catkin_skip_building_tests': False, 'cmake_args': None, 'cmake_clean_cache': False, 'cmake_clean_first': False, 'cmake_force_configure': False, 'cmake_target': None, 'cmake_target_skip_unavailable': False, 'install_base': '/home/vboxuser/ros2_ws/install/py_pubsub', 'merge_install': False, 'path': '/home/vboxuser/ros2_ws/src/py_pubsub', 'symlink_install': False, 'test_result_base': None}
[1.240s] Level 5:colcon.colcon_core.verb:set package 'turtlesim' build argument 'cmake_args' from command line to 'None'
[1.240s] Level 5:colcon.colcon_core.verb:set package 'turtlesim' build argument 'cmake_target' from command line to 'None'
[1.240s] Level 5:colcon.colcon_core.verb:set package 'turtlesim' build argument 'cmake_target_skip_unavailable' from command line to 'False'
[1.240s] Level 5:colcon.colcon_core.verb:set package 'turtlesim' build argument 'cmake_clean_cache' from command line to 'False'
[1.240s] Level 5:colcon.colcon_core.verb:set package 'turtlesim' build argument 'cmake_clean_first' from command line to 'False'
[1.240s] Level 5:colcon.colcon_core.verb:set package 'turtlesim' build argument 'cmake_force_configure' from command line to 'False'
[1.240s] Level 5:colcon.colcon_core.verb:set package 'turtlesim' build argument 'ament_cmake_args' from command line to 'None'
[1.240s] Level 5:colcon.colcon_core.verb:set package 'turtlesim' build argument 'catkin_cmake_args' from command line to 'None'
[1.240s] Level 5:colcon.colcon_core.verb:set package 'turtlesim' build argument 'catkin_skip_building_tests' from command line to 'False'
[1.240s] DEBUG:colcon.colcon_core.verb:Building package 'turtlesim' with the following arguments: {'ament_cmake_args': None, 'build_base': '/home/vboxuser/ros2_ws/build/turtlesim', 'catkin_cmake_args': None, 'catkin_skip_building_tests': False, 'cmake_args': None, 'cmake_clean_cache': False, 'cmake_clean_first': False, 'cmake_force_configure': False, 'cmake_target': None, 'cmake_target_skip_unavailable': False, 'install_base': '/home/vboxuser/ros2_ws/install/turtlesim', 'merge_install': False, 'path': '/home/vboxuser/ros2_ws/src/ros_tutorials/turtlesim', 'symlink_install': False, 'test_result_base': None}
[1.240s] INFO:colcon.colcon_core.executor:Executing jobs using 'parallel' executor
[1.242s] DEBUG:colcon.colcon_parallel_executor.executor.parallel:run_until_complete
[1.246s] INFO:colcon.colcon_ros.task.ament_python.build:Building ROS package in '/home/vboxuser/ros2_ws/src/BMS_BQ769X2/src/bms_visualizer' with build type 'ament_python'
[1.247s] Level 1:colcon.colcon_core.shell:create_environment_hook('bms_visualizer', 'ament_prefix_path')
[1.264s] INFO:colcon.colcon_core.plugin_system:Skipping extension 'colcon_core.shell.bat': Not used on non-Windows systems
[1.266s] INFO:colcon.colcon_core.shell:Creating environment hook '/home/vboxuser/ros2_ws/install/bms_visualizer/share/bms_visualizer/hook/ament_prefix_path.ps1'
[1.269s] INFO:colcon.colcon_core.shell:Creating environment descriptor '/home/vboxuser/ros2_ws/install/bms_visualizer/share/bms_visualizer/hook/ament_prefix_path.dsv'
[1.271s] INFO:colcon.colcon_core.shell:Creating environment hook '/home/vboxuser/ros2_ws/install/bms_visualizer/share/bms_visualizer/hook/ament_prefix_path.sh'
[1.286s] INFO:colcon.colcon_core.shell:Skip shell extension 'powershell' for command environment: Not usable outside of PowerShell
[1.287s] DEBUG:colcon.colcon_core.shell:Skip shell extension 'dsv' for command environment
[1.326s] INFO:colcon.colcon_ros.task.ament_cmake.build:Building ROS package in '/home/vboxuser/ros2_ws/src/BMS_BQ769X2/src/bq769x2_i2c_ros' with build type 'ament_cmake'
[1.327s] INFO:colcon.colcon_cmake.task.cmake.build:Building CMake package in '/home/vboxuser/ros2_ws/src/BMS_BQ769X2/src/bq769x2_i2c_ros'
[1.328s] INFO:colcon.colcon_core.shell:Skip shell extension 'powershell' for command environment: Not usable outside of PowerShell
[1.328s] DEBUG:colcon.colcon_core.shell:Skip shell extension 'dsv' for command environment
[1.391s] INFO:colcon.colcon_ros.task.ament_cmake.build:Building ROS package in '/home/vboxuser/ros2_ws/src/examples/rclcpp/services/async_client' with build type 'ament_cmake'
[1.392s] INFO:colcon.colcon_cmake.task.cmake.build:Building CMake package in '/home/vboxuser/ros2_ws/src/examples/rclcpp/services/async_client'
[1.392s] INFO:colcon.colcon_core.shell:Skip shell extension 'powershell' for command environment: Not usable outside of PowerShell
[1.392s] DEBUG:colcon.colcon_core.shell:Skip shell extension 'dsv' for command environment
[1.436s] INFO:colcon.colcon_ros.task.ament_cmake.build:Building ROS package in '/home/vboxuser/ros2_ws/src/examples/rclcpp/executors/cbg_executor' with build type 'ament_cmake'
[1.437s] INFO:colcon.colcon_cmake.task.cmake.build:Building CMake package in '/home/vboxuser/ros2_ws/src/examples/rclcpp/executors/cbg_executor'
[1.438s] INFO:colcon.colcon_core.shell:Skip shell extension 'powershell' for command environment: Not usable outside of PowerShell
[1.438s] DEBUG:colcon.colcon_core.shell:Skip shell extension 'dsv' for command environment
[2.244s] INFO:colcon.colcon_core.task.python.build:Building Python package in '/home/vboxuser/ros2_ws/src/BMS_BQ769X2/src/bms_visualizer'
[2.246s] INFO:colcon.colcon_core.shell:Skip shell extension 'powershell' for command environment: Not usable outside of PowerShell
[2.247s] DEBUG:colcon.colcon_core.shell:Skip shell extension 'dsv' for command environment
[2.375s] DEBUG:colcon.colcon_core.event_handler.log_command:Invoking command in '/home/vboxuser/ros2_ws/build/examples_rclcpp_async_client': CMAKE_PREFIX_PATH=${CMAKE_PREFIX_PATH}:/home/vboxuser/ros2_ws/install/py_pubsub:/home/vboxuser/ros2_ws/install/launch_testing_examples:/home/vboxuser/ros2_ws/install/examples_rclpy_pointcloud_publisher:/home/vboxuser/ros2_ws/install/examples_rclpy_minimal_subscriber:/home/vboxuser/ros2_ws/install/examples_rclpy_minimal_service:/home/vboxuser/ros2_ws/install/examples_rclpy_minimal_publisher:/home/vboxuser/ros2_ws/install/examples_rclpy_minimal_client:/home/vboxuser/ros2_ws/install/examples_rclpy_minimal_action_server:/home/vboxuser/ros2_ws/install/examples_rclpy_minimal_action_client:/home/vboxuser/ros2_ws/install/examples_rclpy_guard_conditions:/home/vboxuser/ros2_ws/install/examples_rclpy_executors:/home/vboxuser/ros2_ws/install/bms_visualizer:/opt/ros/iron:/home/vboxuser/ros2_iron/install/rqt_bag_plugins:/home/vboxuser/ros2_iron/install/rqt_bag:/home/vboxuser/ros2_iron/install/rosbag2_examples_py:/home/vboxuser/ros2_iron/install/launch_testing_examples:/home/vboxuser/ros2_iron/install/ros2bag:/home/vboxuser/ros2_iron/install/tracetools_test:/home/vboxuser/ros2_iron/install/tracetools_launch:/home/vboxuser/ros2_iron/install/topic_monitor:/home/vboxuser/ros2_iron/install/tf2_tools:/home/vboxuser/ros2_iron/install/examples_tf2_py:/home/vboxuser/ros2_iron/install/tf2_ros_py:/home/vboxuser/ros2_iron/install/examples_rclpy_pointcloud_publisher:/home/vboxuser/ros2_iron/install/sensor_msgs_py:/home/vboxuser/ros2_iron/install/quality_of_service_demo_py:/home/vboxuser/ros2_iron/install/rqt_plot:/home/vboxuser/ros2_iron/install/ros2doctor:/home/vboxuser/ros2_iron/install/lifecycle_py:/home/vboxuser/ros2_iron/install/examples_rclpy_minimal_subscriber:/home/vboxuser/ros2_iron/install/examples_rclpy_minimal_service:/home/vboxuser/ros2_iron/install/examples_rclpy_minimal_publisher:/home/vboxuser/ros2_iron/install/examples_rclpy_minimal_client:/home/vboxuser/ros2_iron/install/examples_rclpy_executors:/home/vboxuser/ros2_iron/install/demo_nodes_py:/home/vboxuser/ros2_iron/install/rqt:/home/vboxuser/ros2_iron/install/ros2component:/home/vboxuser/ros2_iron/install/sros2:/home/vboxuser/ros2_iron/install/rqt_topic:/home/vboxuser/ros2_iron/install/rqt_srv:/home/vboxuser/ros2_iron/install/rqt_shell:/home/vboxuser/ros2_iron/install/rqt_service_caller:/home/vboxuser/ros2_iron/install/rqt_reconfigure:/home/vboxuser/ros2_iron/install/rqt_py_console:/home/vboxuser/ros2_iron/install/rqt_publisher:/home/vboxuser/ros2_iron/install/rqt_action:/home/vboxuser/ros2_iron/install/rqt_msg:/home/vboxuser/ros2_iron/install/rqt_console:/home/vboxuser/ros2_iron/install/rqt_graph:/home/vboxuser/ros2_iron/install/rqt_gui_py:/home/vboxuser/ros2_iron/install/rqt_gui:/home/vboxuser/ros2_iron/install/ros2trace:/home/vboxuser/ros2_iron/install/ros2topic:/home/vboxuser/ros2_iron/install/ros2test:/home/vboxuser/ros2_iron/install/ros2param:/home/vboxuser/ros2_iron/install/ros2lifecycle:/home/vboxuser/ros2_iron/install/ros2service:/home/vboxuser/ros2_iron/install/ros2run:/home/vboxuser/ros2_iron/install/ros2launch:/home/vboxuser/ros2_iron/install/ros2pkg:/home/vboxuser/ros2_iron/install/ros2node:/home/vboxuser/ros2_iron/install/ros2multicast:/home/vboxuser/ros2_iron/install/ros2interface:/home/vboxuser/ros2_iron/install/ros2action:/home/vboxuser/ros2_iron/install/ros2cli:/home/vboxuser/ros2_iron/install/launch_testing_ros:/home/vboxuser/ros2_iron/install/launch_ros:/home/vboxuser/ros2_iron/install/examples_rclpy_minimal_action_server:/home/vboxuser/ros2_iron/install/examples_rclpy_minimal_action_client:/home/vboxuser/ros2_iron/install/examples_rclpy_guard_conditions:/home/vboxuser/ros2_iron/install/action_tutorials_py:/home/vboxuser/ros2_iron/install/ament_uncrustify:/home/vboxuser/ros2_iron/install/tracetools_trace:/home/vboxuser/ros2_iron/install/tracetools_read:/home/vboxuser/ros2_iron/install/test_tracetools_launch:/home/vboxuser/ros2_iron/install/test_ros2trace:/home/vboxuser/ros2_iron/install/test_launch_ros:/home/vboxuser/ros2_iron/install/rpyutils:/home/vboxuser/ros2_iron/install/rosidl_runtime_py:/home/vboxuser/ros2_iron/install/rosidl_pycommon:/home/vboxuser/ros2_iron/install/rosidl_cli:/home/vboxuser/ros2_iron/install/launch_pytest:/home/vboxuser/ros2_iron/install/launch_testing:/home/vboxuser/ros2_iron/install/launch_yaml:/home/vboxuser/ros2_iron/install/launch_xml:/home/vboxuser/ros2_iron/install/launch:/home/vboxuser/ros2_iron/install/osrf_pycommon:/home/vboxuser/ros2_iron/install/domain_coordinator:/home/vboxuser/ros2_iron/install/ament_xmllint:/home/vboxuser/ros2_iron/install/ament_pyflakes:/home/vboxuser/ros2_iron/install/ament_pycodestyle:/home/vboxuser/ros2_iron/install/ament_pep257:/home/vboxuser/ros2_iron/install/ament_pclint:/home/vboxuser/ros2_iron/install/ament_package:/home/vboxuser/ros2_iron/install/ament_mypy:/home/vboxuser/ros2_iron/install/ament_lint_cmake:/home/vboxuser/ros2_iron/install/ament_flake8:/home/vboxuser/ros2_iron/install/ament_copyright:/home/vboxuser/ros2_iron/install/ament_lint:/home/vboxuser/ros2_iron/install/ament_index_python:/home/vboxuser/ros2_iron/install/ament_cpplint:/home/vboxuser/ros2_iron/install/ament_cppcheck:/home/vboxuser/ros2_iron/install/ament_clang_tidy:/home/vboxuser/ros2_iron/install/ament_clang_format /usr/bin/cmake --build /home/vboxuser/ros2_ws/build/examples_rclcpp_async_client -- -j4 -l4
[2.407s] DEBUG:colcon.colcon_core.event_handler.log_command:Invoking command in '/home/vboxuser/ros2_ws/build/bq769x2_i2c_ros': CMAKE_PREFIX_PATH=${CMAKE_PREFIX_PATH}:/home/vboxuser/ros2_ws/install/py_pubsub:/home/vboxuser/ros2_ws/install/launch_testing_examples:/home/vboxuser/ros2_ws/install/examples_rclpy_pointcloud_publisher:/home/vboxuser/ros2_ws/install/examples_rclpy_minimal_subscriber:/home/vboxuser/ros2_ws/install/examples_rclpy_minimal_service:/home/vboxuser/ros2_ws/install/examples_rclpy_minimal_publisher:/home/vboxuser/ros2_ws/install/examples_rclpy_minimal_client:/home/vboxuser/ros2_ws/install/examples_rclpy_minimal_action_server:/home/vboxuser/ros2_ws/install/examples_rclpy_minimal_action_client:/home/vboxuser/ros2_ws/install/examples_rclpy_guard_conditions:/home/vboxuser/ros2_ws/install/examples_rclpy_executors:/home/vboxuser/ros2_ws/install/bms_visualizer:/opt/ros/iron:/home/vboxuser/ros2_iron/install/rqt_bag_plugins:/home/vboxuser/ros2_iron/install/rqt_bag:/home/vboxuser/ros2_iron/install/rosbag2_examples_py:/home/vboxuser/ros2_iron/install/launch_testing_examples:/home/vboxuser/ros2_iron/install/ros2bag:/home/vboxuser/ros2_iron/install/tracetools_test:/home/vboxuser/ros2_iron/install/tracetools_launch:/home/vboxuser/ros2_iron/install/topic_monitor:/home/vboxuser/ros2_iron/install/tf2_tools:/home/vboxuser/ros2_iron/install/examples_tf2_py:/home/vboxuser/ros2_iron/install/tf2_ros_py:/home/vboxuser/ros2_iron/install/examples_rclpy_pointcloud_publisher:/home/vboxuser/ros2_iron/install/sensor_msgs_py:/home/vboxuser/ros2_iron/install/quality_of_service_demo_py:/home/vboxuser/ros2_iron/install/rqt_plot:/home/vboxuser/ros2_iron/install/ros2doctor:/home/vboxuser/ros2_iron/install/lifecycle_py:/home/vboxuser/ros2_iron/install/examples_rclpy_minimal_subscriber:/home/vboxuser/ros2_iron/install/examples_rclpy_minimal_service:/home/vboxuser/ros2_iron/install/examples_rclpy_minimal_publisher:/home/vboxuser/ros2_iron/install/examples_rclpy_minimal_client:/home/vboxuser/ros2_iron/install/examples_rclpy_executors:/home/vboxuser/ros2_iron/install/demo_nodes_py:/home/vboxuser/ros2_iron/install/rqt:/home/vboxuser/ros2_iron/install/ros2component:/home/vboxuser/ros2_iron/install/sros2:/home/vboxuser/ros2_iron/install/rqt_topic:/home/vboxuser/ros2_iron/install/rqt_srv:/home/vboxuser/ros2_iron/install/rqt_shell:/home/vboxuser/ros2_iron/install/rqt_service_caller:/home/vboxuser/ros2_iron/install/rqt_reconfigure:/home/vboxuser/ros2_iron/install/rqt_py_console:/home/vboxuser/ros2_iron/install/rqt_publisher:/home/vboxuser/ros2_iron/install/rqt_action:/home/vboxuser/ros2_iron/install/rqt_msg:/home/vboxuser/ros2_iron/install/rqt_console:/home/vboxuser/ros2_iron/install/rqt_graph:/home/vboxuser/ros2_iron/install/rqt_gui_py:/home/vboxuser/ros2_iron/install/rqt_gui:/home/vboxuser/ros2_iron/install/ros2trace:/home/vboxuser/ros2_iron/install/ros2topic:/home/vboxuser/ros2_iron/install/ros2test:/home/vboxuser/ros2_iron/install/ros2param:/home/vboxuser/ros2_iron/install/ros2lifecycle:/home/vboxuser/ros2_iron/install/ros2service:/home/vboxuser/ros2_iron/install/ros2run:/home/vboxuser/ros2_iron/install/ros2launch:/home/vboxuser/ros2_iron/install/ros2pkg:/home/vboxuser/ros2_iron/install/ros2node:/home/vboxuser/ros2_iron/install/ros2multicast:/home/vboxuser/ros2_iron/install/ros2interface:/home/vboxuser/ros2_iron/install/ros2action:/home/vboxuser/ros2_iron/install/ros2cli:/home/vboxuser/ros2_iron/install/launch_testing_ros:/home/vboxuser/ros2_iron/install/launch_ros:/home/vboxuser/ros2_iron/install/examples_rclpy_minimal_action_server:/home/vboxuser/ros2_iron/install/examples_rclpy_minimal_action_client:/home/vboxuser/ros2_iron/install/examples_rclpy_guard_conditions:/home/vboxuser/ros2_iron/install/action_tutorials_py:/home/vboxuser/ros2_iron/install/ament_uncrustify:/home/vboxuser/ros2_iron/install/tracetools_trace:/home/vboxuser/ros2_iron/install/tracetools_read:/home/vboxuser/ros2_iron/install/test_tracetools_launch:/home/vboxuser/ros2_iron/install/test_ros2trace:/home/vboxuser/ros2_iron/install/test_launch_ros:/home/vboxuser/ros2_iron/install/rpyutils:/home/vboxuser/ros2_iron/install/rosidl_runtime_py:/home/vboxuser/ros2_iron/install/rosidl_pycommon:/home/vboxuser/ros2_iron/install/rosidl_cli:/home/vboxuser/ros2_iron/install/launch_pytest:/home/vboxuser/ros2_iron/install/launch_testing:/home/vboxuser/ros2_iron/install/launch_yaml:/home/vboxuser/ros2_iron/install/launch_xml:/home/vboxuser/ros2_iron/install/launch:/home/vboxuser/ros2_iron/install/osrf_pycommon:/home/vboxuser/ros2_iron/install/domain_coordinator:/home/vboxuser/ros2_iron/install/ament_xmllint:/home/vboxuser/ros2_iron/install/ament_pyflakes:/home/vboxuser/ros2_iron/install/ament_pycodestyle:/home/vboxuser/ros2_iron/install/ament_pep257:/home/vboxuser/ros2_iron/install/ament_pclint:/home/vboxuser/ros2_iron/install/ament_package:/home/vboxuser/ros2_iron/install/ament_mypy:/home/vboxuser/ros2_iron/install/ament_lint_cmake:/home/vboxuser/ros2_iron/install/ament_flake8:/home/vboxuser/ros2_iron/install/ament_copyright:/home/vboxuser/ros2_iron/install/ament_lint:/home/vboxuser/ros2_iron/install/ament_index_python:/home/vboxuser/ros2_iron/install/ament_cpplint:/home/vboxuser/ros2_iron/install/ament_cppcheck:/home/vboxuser/ros2_iron/install/ament_clang_tidy:/home/vboxuser/ros2_iron/install/ament_clang_format /usr/bin/cmake --build /home/vboxuser/ros2_ws/build/bq769x2_i2c_ros -- -j4 -l4
[2.467s] DEBUG:colcon.colcon_core.event_handler.log_command:Invoking command in '/home/vboxuser/ros2_ws/build/examples_rclcpp_cbg_executor': CMAKE_PREFIX_PATH=${CMAKE_PREFIX_PATH}:/home/vboxuser/ros2_ws/install/py_pubsub:/home/vboxuser/ros2_ws/install/launch_testing_examples:/home/vboxuser/ros2_ws/install/examples_rclpy_pointcloud_publisher:/home/vboxuser/ros2_ws/install/examples_rclpy_minimal_subscriber:/home/vboxuser/ros2_ws/install/examples_rclpy_minimal_service:/home/vboxuser/ros2_ws/install/examples_rclpy_minimal_publisher:/home/vboxuser/ros2_ws/install/examples_rclpy_minimal_client:/home/vboxuser/ros2_ws/install/examples_rclpy_minimal_action_server:/home/vboxuser/ros2_ws/install/examples_rclpy_minimal_action_client:/home/vboxuser/ros2_ws/install/examples_rclpy_guard_conditions:/home/vboxuser/ros2_ws/install/examples_rclpy_executors:/home/vboxuser/ros2_ws/install/bms_visualizer:/opt/ros/iron:/home/vboxuser/ros2_iron/install/rqt_bag_plugins:/home/vboxuser/ros2_iron/install/rqt_bag:/home/vboxuser/ros2_iron/install/rosbag2_examples_py:/home/vboxuser/ros2_iron/install/launch_testing_examples:/home/vboxuser/ros2_iron/install/ros2bag:/home/vboxuser/ros2_iron/install/tracetools_test:/home/vboxuser/ros2_iron/install/tracetools_launch:/home/vboxuser/ros2_iron/install/topic_monitor:/home/vboxuser/ros2_iron/install/tf2_tools:/home/vboxuser/ros2_iron/install/examples_tf2_py:/home/vboxuser/ros2_iron/install/tf2_ros_py:/home/vboxuser/ros2_iron/install/examples_rclpy_pointcloud_publisher:/home/vboxuser/ros2_iron/install/sensor_msgs_py:/home/vboxuser/ros2_iron/install/quality_of_service_demo_py:/home/vboxuser/ros2_iron/install/rqt_plot:/home/vboxuser/ros2_iron/install/ros2doctor:/home/vboxuser/ros2_iron/install/lifecycle_py:/home/vboxuser/ros2_iron/install/examples_rclpy_minimal_subscriber:/home/vboxuser/ros2_iron/install/examples_rclpy_minimal_service:/home/vboxuser/ros2_iron/install/examples_rclpy_minimal_publisher:/home/vboxuser/ros2_iron/install/examples_rclpy_minimal_client:/home/vboxuser/ros2_iron/install/examples_rclpy_executors:/home/vboxuser/ros2_iron/install/demo_nodes_py:/home/vboxuser/ros2_iron/install/rqt:/home/vboxuser/ros2_iron/install/ros2component:/home/vboxuser/ros2_iron/install/sros2:/home/vboxuser/ros2_iron/install/rqt_topic:/home/vboxuser/ros2_iron/install/rqt_srv:/home/vboxuser/ros2_iron/install/rqt_shell:/home/vboxuser/ros2_iron/install/rqt_service_caller:/home/vboxuser/ros2_iron/install/rqt_reconfigure:/home/vboxuser/ros2_iron/install/rqt_py_console:/home/vboxuser/ros2_iron/install/rqt_publisher:/home/vboxuser/ros2_iron/install/rqt_action:/home/vboxuser/ros2_iron/install/rqt_msg:/home/vboxuser/ros2_iron/install/rqt_console:/home/vboxuser/ros2_iron/install/rqt_graph:/home/vboxuser/ros2_iron/install/rqt_gui_py:/home/vboxuser/ros2_iron/install/rqt_gui:/home/vboxuser/ros2_iron/install/ros2trace:/home/vboxuser/ros2_iron/install/ros2topic:/home/vboxuser/ros2_iron/install/ros2test:/home/vboxuser/ros2_iron/install/ros2param:/home/vboxuser/ros2_iron/install/ros2lifecycle:/home/vboxuser/ros2_iron/install/ros2service:/home/vboxuser/ros2_iron/install/ros2run:/home/vboxuser/ros2_iron/install/ros2launch:/home/vboxuser/ros2_iron/install/ros2pkg:/home/vboxuser/ros2_iron/install/ros2node:/home/vboxuser/ros2_iron/install/ros2multicast:/home/vboxuser/ros2_iron/install/ros2interface:/home/vboxuser/ros2_iron/install/ros2action:/home/vboxuser/ros2_iron/install/ros2cli:/home/vboxuser/ros2_iron/install/launch_testing_ros:/home/vboxuser/ros2_iron/install/launch_ros:/home/vboxuser/ros2_iron/install/examples_rclpy_minimal_action_server:/home/vboxuser/ros2_iron/install/examples_rclpy_minimal_action_client:/home/vboxuser/ros2_iron/install/examples_rclpy_guard_conditions:/home/vboxuser/ros2_iron/install/action_tutorials_py:/home/vboxuser/ros2_iron/install/ament_uncrustify:/home/vboxuser/ros2_iron/install/tracetools_trace:/home/vboxuser/ros2_iron/install/tracetools_read:/home/vboxuser/ros2_iron/install/test_tracetools_launch:/home/vboxuser/ros2_iron/install/test_ros2trace:/home/vboxuser/ros2_iron/install/test_launch_ros:/home/vboxuser/ros2_iron/install/rpyutils:/home/vboxuser/ros2_iron/install/rosidl_runtime_py:/home/vboxuser/ros2_iron/install/rosidl_pycommon:/home/vboxuser/ros2_iron/install/rosidl_cli:/home/vboxuser/ros2_iron/install/launch_pytest:/home/vboxuser/ros2_iron/install/launch_testing:/home/vboxuser/ros2_iron/install/launch_yaml:/home/vboxuser/ros2_iron/install/launch_xml:/home/vboxuser/ros2_iron/install/launch:/home/vboxuser/ros2_iron/install/osrf_pycommon:/home/vboxuser/ros2_iron/install/domain_coordinator:/home/vboxuser/ros2_iron/install/ament_xmllint:/home/vboxuser/ros2_iron/install/ament_pyflakes:/home/vboxuser/ros2_iron/install/ament_pycodestyle:/home/vboxuser/ros2_iron/install/ament_pep257:/home/vboxuser/ros2_iron/install/ament_pclint:/home/vboxuser/ros2_iron/install/ament_package:/home/vboxuser/ros2_iron/install/ament_mypy:/home/vboxuser/ros2_iron/install/ament_lint_cmake:/home/vboxuser/ros2_iron/install/ament_flake8:/home/vboxuser/ros2_iron/install/ament_copyright:/home/vboxuser/ros2_iron/install/ament_lint:/home/vboxuser/ros2_iron/install/ament_index_python:/home/vboxuser/ros2_iron/install/ament_cpplint:/home/vboxuser/ros2_iron/install/ament_cppcheck:/home/vboxuser/ros2_iron/install/ament_clang_tidy:/home/vboxuser/ros2_iron/install/ament_clang_format /usr/bin/cmake --build /home/vboxuser/ros2_ws/build/examples_rclcpp_cbg_executor -- -j4 -l4
[2.848s] DEBUG:colcon.colcon_core.event_handler.log_command:Invoked command in '/home/vboxuser/ros2_ws/build/examples_rclcpp_async_client' returned '0': CMAKE_PREFIX_PATH=${CMAKE_PREFIX_PATH}:/home/vboxuser/ros2_ws/install/py_pubsub:/home/vboxuser/ros2_ws/install/launch_testing_examples:/home/vboxuser/ros2_ws/install/examples_rclpy_pointcloud_publisher:/home/vboxuser/ros2_ws/install/examples_rclpy_minimal_subscriber:/home/vboxuser/ros2_ws/install/examples_rclpy_minimal_service:/home/vboxuser/ros2_ws/install/examples_rclpy_minimal_publisher:/home/vboxuser/ros2_ws/install/examples_rclpy_minimal_client:/home/vboxuser/ros2_ws/install/examples_rclpy_minimal_action_server:/home/vboxuser/ros2_ws/install/examples_rclpy_minimal_action_client:/home/vboxuser/ros2_ws/install/examples_rclpy_guard_conditions:/home/vboxuser/ros2_ws/install/examples_rclpy_executors:/home/vboxuser/ros2_ws/install/bms_visualizer:/opt/ros/iron:/home/vboxuser/ros2_iron/install/rqt_bag_plugins:/home/vboxuser/ros2_iron/install/rqt_bag:/home/vboxuser/ros2_iron/install/rosbag2_examples_py:/home/vboxuser/ros2_iron/install/launch_testing_examples:/home/vboxuser/ros2_iron/install/ros2bag:/home/vboxuser/ros2_iron/install/tracetools_test:/home/vboxuser/ros2_iron/install/tracetools_launch:/home/vboxuser/ros2_iron/install/topic_monitor:/home/vboxuser/ros2_iron/install/tf2_tools:/home/vboxuser/ros2_iron/install/examples_tf2_py:/home/vboxuser/ros2_iron/install/tf2_ros_py:/home/vboxuser/ros2_iron/install/examples_rclpy_pointcloud_publisher:/home/vboxuser/ros2_iron/install/sensor_msgs_py:/home/vboxuser/ros2_iron/install/quality_of_service_demo_py:/home/vboxuser/ros2_iron/install/rqt_plot:/home/vboxuser/ros2_iron/install/ros2doctor:/home/vboxuser/ros2_iron/install/lifecycle_py:/home/vboxuser/ros2_iron/install/examples_rclpy_minimal_subscriber:/home/vboxuser/ros2_iron/install/examples_rclpy_minimal_service:/home/vboxuser/ros2_iron/install/examples_rclpy_minimal_publisher:/home/vboxuser/ros2_iron/install/examples_rclpy_minimal_client:/home/vboxuser/ros2_iron/install/examples_rclpy_executors:/home/vboxuser/ros2_iron/install/demo_nodes_py:/home/vboxuser/ros2_iron/install/rqt:/home/vboxuser/ros2_iron/install/ros2component:/home/vboxuser/ros2_iron/install/sros2:/home/vboxuser/ros2_iron/install/rqt_topic:/home/vboxuser/ros2_iron/install/rqt_srv:/home/vboxuser/ros2_iron/install/rqt_shell:/home/vboxuser/ros2_iron/install/rqt_service_caller:/home/vboxuser/ros2_iron/install/rqt_reconfigure:/home/vboxuser/ros2_iron/install/rqt_py_console:/home/vboxuser/ros2_iron/install/rqt_publisher:/home/vboxuser/ros2_iron/install/rqt_action:/home/vboxuser/ros2_iron/install/rqt_msg:/home/vboxuser/ros2_iron/install/rqt_console:/home/vboxuser/ros2_iron/install/rqt_graph:/home/vboxuser/ros2_iron/install/rqt_gui_py:/home/vboxuser/ros2_iron/install/rqt_gui:/home/vboxuser/ros2_iron/install/ros2trace:/home/vboxuser/ros2_iron/install/ros2topic:/home/vboxuser/ros2_iron/install/ros2test:/home/vboxuser/ros2_iron/install/ros2param:/home/vboxuser/ros2_iron/install/ros2lifecycle:/home/vboxuser/ros2_iron/install/ros2service:/home/vboxuser/ros2_iron/install/ros2run:/home/vboxuser/ros2_iron/install/ros2launch:/home/vboxuser/ros2_iron/install/ros2pkg:/home/vboxuser/ros2_iron/install/ros2node:/home/vboxuser/ros2_iron/install/ros2multicast:/home/vboxuser/ros2_iron/install/ros2interface:/home/vboxuser/ros2_iron/install/ros2action:/home/vboxuser/ros2_iron/install/ros2cli:/home/vboxuser/ros2_iron/install/launch_testing_ros:/home/vboxuser/ros2_iron/install/launch_ros:/home/vboxuser/ros2_iron/install/examples_rclpy_minimal_action_server:/home/vboxuser/ros2_iron/install/examples_rclpy_minimal_action_client:/home/vboxuser/ros2_iron/install/examples_rclpy_guard_conditions:/home/vboxuser/ros2_iron/install/action_tutorials_py:/home/vboxuser/ros2_iron/install/ament_uncrustify:/home/vboxuser/ros2_iron/install/tracetools_trace:/home/vboxuser/ros2_iron/install/tracetools_read:/home/vboxuser/ros2_iron/install/test_tracetools_launch:/home/vboxuser/ros2_iron/install/test_ros2trace:/home/vboxuser/ros2_iron/install/test_launch_ros:/home/vboxuser/ros2_iron/install/rpyutils:/home/vboxuser/ros2_iron/install/rosidl_runtime_py:/home/vboxuser/ros2_iron/install/rosidl_pycommon:/home/vboxuser/ros2_iron/install/rosidl_cli:/home/vboxuser/ros2_iron/install/launch_pytest:/home/vboxuser/ros2_iron/install/launch_testing:/home/vboxuser/ros2_iron/install/launch_yaml:/home/vboxuser/ros2_iron/install/launch_xml:/home/vboxuser/ros2_iron/install/launch:/home/vboxuser/ros2_iron/install/osrf_pycommon:/home/vboxuser/ros2_iron/install/domain_coordinator:/home/vboxuser/ros2_iron/install/ament_xmllint:/home/vboxuser/ros2_iron/install/ament_pyflakes:/home/vboxuser/ros2_iron/install/ament_pycodestyle:/home/vboxuser/ros2_iron/install/ament_pep257:/home/vboxuser/ros2_iron/install/ament_pclint:/home/vboxuser/ros2_iron/install/ament_package:/home/vboxuser/ros2_iron/install/ament_mypy:/home/vboxuser/ros2_iron/install/ament_lint_cmake:/home/vboxuser/ros2_iron/install/ament_flake8:/home/vboxuser/ros2_iron/install/ament_copyright:/home/vboxuser/ros2_iron/install/ament_lint:/home/vboxuser/ros2_iron/install/ament_index_python:/home/vboxuser/ros2_iron/install/ament_cpplint:/home/vboxuser/ros2_iron/install/ament_cppcheck:/home/vboxuser/ros2_iron/install/ament_clang_tidy:/home/vboxuser/ros2_iron/install/ament_clang_format /usr/bin/cmake --build /home/vboxuser/ros2_ws/build/examples_rclcpp_async_client -- -j4 -l4
[2.906s] DEBUG:colcon.colcon_core.event_handler.log_command:Invoking command in '/home/vboxuser/ros2_ws/build/examples_rclcpp_async_client': CMAKE_PREFIX_PATH=${CMAKE_PREFIX_PATH}:/home/vboxuser/ros2_ws/install/py_pubsub:/home/vboxuser/ros2_ws/install/launch_testing_examples:/home/vboxuser/ros2_ws/install/examples_rclpy_pointcloud_publisher:/home/vboxuser/ros2_ws/install/examples_rclpy_minimal_subscriber:/home/vboxuser/ros2_ws/install/examples_rclpy_minimal_service:/home/vboxuser/ros2_ws/install/examples_rclpy_minimal_publisher:/home/vboxuser/ros2_ws/install/examples_rclpy_minimal_client:/home/vboxuser/ros2_ws/install/examples_rclpy_minimal_action_server:/home/vboxuser/ros2_ws/install/examples_rclpy_minimal_action_client:/home/vboxuser/ros2_ws/install/examples_rclpy_guard_conditions:/home/vboxuser/ros2_ws/install/examples_rclpy_executors:/home/vboxuser/ros2_ws/install/bms_visualizer:/opt/ros/iron:/home/vboxuser/ros2_iron/install/rqt_bag_plugins:/home/vboxuser/ros2_iron/install/rqt_bag:/home/vboxuser/ros2_iron/install/rosbag2_examples_py:/home/vboxuser/ros2_iron/install/launch_testing_examples:/home/vboxuser/ros2_iron/install/ros2bag:/home/vboxuser/ros2_iron/install/tracetools_test:/home/vboxuser/ros2_iron/install/tracetools_launch:/home/vboxuser/ros2_iron/install/topic_monitor:/home/vboxuser/ros2_iron/install/tf2_tools:/home/vboxuser/ros2_iron/install/examples_tf2_py:/home/vboxuser/ros2_iron/install/tf2_ros_py:/home/vboxuser/ros2_iron/install/examples_rclpy_pointcloud_publisher:/home/vboxuser/ros2_iron/install/sensor_msgs_py:/home/vboxuser/ros2_iron/install/quality_of_service_demo_py:/home/vboxuser/ros2_iron/install/rqt_plot:/home/vboxuser/ros2_iron/install/ros2doctor:/home/vboxuser/ros2_iron/install/lifecycle_py:/home/vboxuser/ros2_iron/install/examples_rclpy_minimal_subscriber:/home/vboxuser/ros2_iron/install/examples_rclpy_minimal_service:/home/vboxuser/ros2_iron/install/examples_rclpy_minimal_publisher:/home/vboxuser/ros2_iron/install/examples_rclpy_minimal_client:/home/vboxuser/ros2_iron/install/examples_rclpy_executors:/home/vboxuser/ros2_iron/install/demo_nodes_py:/home/vboxuser/ros2_iron/install/rqt:/home/vboxuser/ros2_iron/install/ros2component:/home/vboxuser/ros2_iron/install/sros2:/home/vboxuser/ros2_iron/install/rqt_topic:/home/vboxuser/ros2_iron/install/rqt_srv:/home/vboxuser/ros2_iron/install/rqt_shell:/home/vboxuser/ros2_iron/install/rqt_service_caller:/home/vboxuser/ros2_iron/install/rqt_reconfigure:/home/vboxuser/ros2_iron/install/rqt_py_console:/home/vboxuser/ros2_iron/install/rqt_publisher:/home/vboxuser/ros2_iron/install/rqt_action:/home/vboxuser/ros2_iron/install/rqt_msg:/home/vboxuser/ros2_iron/install/rqt_console:/home/vboxuser/ros2_iron/install/rqt_graph:/home/vboxuser/ros2_iron/install/rqt_gui_py:/home/vboxuser/ros2_iron/install/rqt_gui:/home/vboxuser/ros2_iron/install/ros2trace:/home/vboxuser/ros2_iron/install/ros2topic:/home/vboxuser/ros2_iron/install/ros2test:/home/vboxuser/ros2_iron/install/ros2param:/home/vboxuser/ros2_iron/install/ros2lifecycle:/home/vboxuser/ros2_iron/install/ros2service:/home/vboxuser/ros2_iron/install/ros2run:/home/vboxuser/ros2_iron/install/ros2launch:/home/vboxuser/ros2_iron/install/ros2pkg:/home/vboxuser/ros2_iron/install/ros2node:/home/vboxuser/ros2_iron/install/ros2multicast:/home/vboxuser/ros2_iron/install/ros2interface:/home/vboxuser/ros2_iron/install/ros2action:/home/vboxuser/ros2_iron/install/ros2cli:/home/vboxuser/ros2_iron/install/launch_testing_ros:/home/vboxuser/ros2_iron/install/launch_ros:/home/vboxuser/ros2_iron/install/examples_rclpy_minimal_action_server:/home/vboxuser/ros2_iron/install/examples_rclpy_minimal_action_client:/home/vboxuser/ros2_iron/install/examples_rclpy_guard_conditions:/home/vboxuser/ros2_iron/install/action_tutorials_py:/home/vboxuser/ros2_iron/install/ament_uncrustify:/home/vboxuser/ros2_iron/install/tracetools_trace:/home/vboxuser/ros2_iron/install/tracetools_read:/home/vboxuser/ros2_iron/install/test_tracetools_launch:/home/vboxuser/ros2_iron/install/test_ros2trace:/home/vboxuser/ros2_iron/install/test_launch_ros:/home/vboxuser/ros2_iron/install/rpyutils:/home/vboxuser/ros2_iron/install/rosidl_runtime_py:/home/vboxuser/ros2_iron/install/rosidl_pycommon:/home/vboxuser/ros2_iron/install/rosidl_cli:/home/vboxuser/ros2_iron/install/launch_pytest:/home/vboxuser/ros2_iron/install/launch_testing:/home/vboxuser/ros2_iron/install/launch_yaml:/home/vboxuser/ros2_iron/install/launch_xml:/home/vboxuser/ros2_iron/install/launch:/home/vboxuser/ros2_iron/install/osrf_pycommon:/home/vboxuser/ros2_iron/install/domain_coordinator:/home/vboxuser/ros2_iron/install/ament_xmllint:/home/vboxuser/ros2_iron/install/ament_pyflakes:/home/vboxuser/ros2_iron/install/ament_pycodestyle:/home/vboxuser/ros2_iron/install/ament_pep257:/home/vboxuser/ros2_iron/install/ament_pclint:/home/vboxuser/ros2_iron/install/ament_package:/home/vboxuser/ros2_iron/install/ament_mypy:/home/vboxuser/ros2_iron/install/ament_lint_cmake:/home/vboxuser/ros2_iron/install/ament_flake8:/home/vboxuser/ros2_iron/install/ament_copyright:/home/vboxuser/ros2_iron/install/ament_lint:/home/vboxuser/ros2_iron/install/ament_index_python:/home/vboxuser/ros2_iron/install/ament_cpplint:/home/vboxuser/ros2_iron/install/ament_cppcheck:/home/vboxuser/ros2_iron/install/ament_clang_tidy:/home/vboxuser/ros2_iron/install/ament_clang_format /usr/bin/cmake --install /home/vboxuser/ros2_ws/build/examples_rclcpp_async_client
[2.919s] DEBUG:colcon.colcon_core.event_handler.log_command:Invoked command in '/home/vboxuser/ros2_ws/build/bq769x2_i2c_ros' returned '0': CMAKE_PREFIX_PATH=${CMAKE_PREFIX_PATH}:/home/vboxuser/ros2_ws/install/py_pubsub:/home/vboxuser/ros2_ws/install/launch_testing_examples:/home/vboxuser/ros2_ws/install/examples_rclpy_pointcloud_publisher:/home/vboxuser/ros2_ws/install/examples_rclpy_minimal_subscriber:/home/vboxuser/ros2_ws/install/examples_rclpy_minimal_service:/home/vboxuser/ros2_ws/install/examples_rclpy_minimal_publisher:/home/vboxuser/ros2_ws/install/examples_rclpy_minimal_client:/home/vboxuser/ros2_ws/install/examples_rclpy_minimal_action_server:/home/vboxuser/ros2_ws/install/examples_rclpy_minimal_action_client:/home/vboxuser/ros2_ws/install/examples_rclpy_guard_conditions:/home/vboxuser/ros2_ws/install/examples_rclpy_executors:/home/vboxuser/ros2_ws/install/bms_visualizer:/opt/ros/iron:/home/vboxuser/ros2_iron/install/rqt_bag_plugins:/home/vboxuser/ros2_iron/install/rqt_bag:/home/vboxuser/ros2_iron/install/rosbag2_examples_py:/home/vboxuser/ros2_iron/install/launch_testing_examples:/home/vboxuser/ros2_iron/install/ros2bag:/home/vboxuser/ros2_iron/install/tracetools_test:/home/vboxuser/ros2_iron/install/tracetools_launch:/home/vboxuser/ros2_iron/install/topic_monitor:/home/vboxuser/ros2_iron/install/tf2_tools:/home/vboxuser/ros2_iron/install/examples_tf2_py:/home/vboxuser/ros2_iron/install/tf2_ros_py:/home/vboxuser/ros2_iron/install/examples_rclpy_pointcloud_publisher:/home/vboxuser/ros2_iron/install/sensor_msgs_py:/home/vboxuser/ros2_iron/install/quality_of_service_demo_py:/home/vboxuser/ros2_iron/install/rqt_plot:/home/vboxuser/ros2_iron/install/ros2doctor:/home/vboxuser/ros2_iron/install/lifecycle_py:/home/vboxuser/ros2_iron/install/examples_rclpy_minimal_subscriber:/home/vboxuser/ros2_iron/install/examples_rclpy_minimal_service:/home/vboxuser/ros2_iron/install/examples_rclpy_minimal_publisher:/home/vboxuser/ros2_iron/install/examples_rclpy_minimal_client:/home/vboxuser/ros2_iron/install/examples_rclpy_executors:/home/vboxuser/ros2_iron/install/demo_nodes_py:/home/vboxuser/ros2_iron/install/rqt:/home/vboxuser/ros2_iron/install/ros2component:/home/vboxuser/ros2_iron/install/sros2:/home/vboxuser/ros2_iron/install/rqt_topic:/home/vboxuser/ros2_iron/install/rqt_srv:/home/vboxuser/ros2_iron/install/rqt_shell:/home/vboxuser/ros2_iron/install/rqt_service_caller:/home/vboxuser/ros2_iron/install/rqt_reconfigure:/home/vboxuser/ros2_iron/install/rqt_py_console:/home/vboxuser/ros2_iron/install/rqt_publisher:/home/vboxuser/ros2_iron/install/rqt_action:/home/vboxuser/ros2_iron/install/rqt_msg:/home/vboxuser/ros2_iron/install/rqt_console:/home/vboxuser/ros2_iron/install/rqt_graph:/home/vboxuser/ros2_iron/install/rqt_gui_py:/home/vboxuser/ros2_iron/install/rqt_gui:/home/vboxuser/ros2_iron/install/ros2trace:/home/vboxuser/ros2_iron/install/ros2topic:/home/vboxuser/ros2_iron/install/ros2test:/home/vboxuser/ros2_iron/install/ros2param:/home/vboxuser/ros2_iron/install/ros2lifecycle:/home/vboxuser/ros2_iron/install/ros2service:/home/vboxuser/ros2_iron/install/ros2run:/home/vboxuser/ros2_iron/install/ros2launch:/home/vboxuser/ros2_iron/install/ros2pkg:/home/vboxuser/ros2_iron/install/ros2node:/home/vboxuser/ros2_iron/install/ros2multicast:/home/vboxuser/ros2_iron/install/ros2interface:/home/vboxuser/ros2_iron/install/ros2action:/home/vboxuser/ros2_iron/install/ros2cli:/home/vboxuser/ros2_iron/install/launch_testing_ros:/home/vboxuser/ros2_iron/install/launch_ros:/home/vboxuser/ros2_iron/install/examples_rclpy_minimal_action_server:/home/vboxuser/ros2_iron/install/examples_rclpy_minimal_action_client:/home/vboxuser/ros2_iron/install/examples_rclpy_guard_conditions:/home/vboxuser/ros2_iron/install/action_tutorials_py:/home/vboxuser/ros2_iron/install/ament_uncrustify:/home/vboxuser/ros2_iron/install/tracetools_trace:/home/vboxuser/ros2_iron/install/tracetools_read:/home/vboxuser/ros2_iron/install/test_tracetools_launch:/home/vboxuser/ros2_iron/install/test_ros2trace:/home/vboxuser/ros2_iron/install/test_launch_ros:/home/vboxuser/ros2_iron/install/rpyutils:/home/vboxuser/ros2_iron/install/rosidl_runtime_py:/home/vboxuser/ros2_iron/install/rosidl_pycommon:/home/vboxuser/ros2_iron/install/rosidl_cli:/home/vboxuser/ros2_iron/install/launch_pytest:/home/vboxuser/ros2_iron/install/launch_testing:/home/vboxuser/ros2_iron/install/launch_yaml:/home/vboxuser/ros2_iron/install/launch_xml:/home/vboxuser/ros2_iron/install/launch:/home/vboxuser/ros2_iron/install/osrf_pycommon:/home/vboxuser/ros2_iron/install/domain_coordinator:/home/vboxuser/ros2_iron/install/ament_xmllint:/home/vboxuser/ros2_iron/install/ament_pyflakes:/home/vboxuser/ros2_iron/install/ament_pycodestyle:/home/vboxuser/ros2_iron/install/ament_pep257:/home/vboxuser/ros2_iron/install/ament_pclint:/home/vboxuser/ros2_iron/install/ament_package:/home/vboxuser/ros2_iron/install/ament_mypy:/home/vboxuser/ros2_iron/install/ament_lint_cmake:/home/vboxuser/ros2_iron/install/ament_flake8:/home/vboxuser/ros2_iron/install/ament_copyright:/home/vboxuser/ros2_iron/install/ament_lint:/home/vboxuser/ros2_iron/install/ament_index_python:/home/vboxuser/ros2_iron/install/ament_cpplint:/home/vboxuser/ros2_iron/install/ament_cppcheck:/home/vboxuser/ros2_iron/install/ament_clang_tidy:/home/vboxuser/ros2_iron/install/ament_clang_format /usr/bin/cmake --build /home/vboxuser/ros2_ws/build/bq769x2_i2c_ros -- -j4 -l4
[2.927s] DEBUG:colcon.colcon_core.event_handler.log_command:Invoking command in '/home/vboxuser/ros2_ws/build/bq769x2_i2c_ros': CMAKE_PREFIX_PATH=${CMAKE_PREFIX_PATH}:/home/vboxuser/ros2_ws/install/py_pubsub:/home/vboxuser/ros2_ws/install/launch_testing_examples:/home/vboxuser/ros2_ws/install/examples_rclpy_pointcloud_publisher:/home/vboxuser/ros2_ws/install/examples_rclpy_minimal_subscriber:/home/vboxuser/ros2_ws/install/examples_rclpy_minimal_service:/home/vboxuser/ros2_ws/install/examples_rclpy_minimal_publisher:/home/vboxuser/ros2_ws/install/examples_rclpy_minimal_client:/home/vboxuser/ros2_ws/install/examples_rclpy_minimal_action_server:/home/vboxuser/ros2_ws/install/examples_rclpy_minimal_action_client:/home/vboxuser/ros2_ws/install/examples_rclpy_guard_conditions:/home/vboxuser/ros2_ws/install/examples_rclpy_executors:/home/vboxuser/ros2_ws/install/bms_visualizer:/opt/ros/iron:/home/vboxuser/ros2_iron/install/rqt_bag_plugins:/home/vboxuser/ros2_iron/install/rqt_bag:/home/vboxuser/ros2_iron/install/rosbag2_examples_py:/home/vboxuser/ros2_iron/install/launch_testing_examples:/home/vboxuser/ros2_iron/install/ros2bag:/home/vboxuser/ros2_iron/install/tracetools_test:/home/vboxuser/ros2_iron/install/tracetools_launch:/home/vboxuser/ros2_iron/install/topic_monitor:/home/vboxuser/ros2_iron/install/tf2_tools:/home/vboxuser/ros2_iron/install/examples_tf2_py:/home/vboxuser/ros2_iron/install/tf2_ros_py:/home/vboxuser/ros2_iron/install/examples_rclpy_pointcloud_publisher:/home/vboxuser/ros2_iron/install/sensor_msgs_py:/home/vboxuser/ros2_iron/install/quality_of_service_demo_py:/home/vboxuser/ros2_iron/install/rqt_plot:/home/vboxuser/ros2_iron/install/ros2doctor:/home/vboxuser/ros2_iron/install/lifecycle_py:/home/vboxuser/ros2_iron/install/examples_rclpy_minimal_subscriber:/home/vboxuser/ros2_iron/install/examples_rclpy_minimal_service:/home/vboxuser/ros2_iron/install/examples_rclpy_minimal_publisher:/home/vboxuser/ros2_iron/install/examples_rclpy_minimal_client:/home/vboxuser/ros2_iron/install/examples_rclpy_executors:/home/vboxuser/ros2_iron/install/demo_nodes_py:/home/vboxuser/ros2_iron/install/rqt:/home/vboxuser/ros2_iron/install/ros2component:/home/vboxuser/ros2_iron/install/sros2:/home/vboxuser/ros2_iron/install/rqt_topic:/home/vboxuser/ros2_iron/install/rqt_srv:/home/vboxuser/ros2_iron/install/rqt_shell:/home/vboxuser/ros2_iron/install/rqt_service_caller:/home/vboxuser/ros2_iron/install/rqt_reconfigure:/home/vboxuser/ros2_iron/install/rqt_py_console:/home/vboxuser/ros2_iron/install/rqt_publisher:/home/vboxuser/ros2_iron/install/rqt_action:/home/vboxuser/ros2_iron/install/rqt_msg:/home/vboxuser/ros2_iron/install/rqt_console:/home/vboxuser/ros2_iron/install/rqt_graph:/home/vboxuser/ros2_iron/install/rqt_gui_py:/home/vboxuser/ros2_iron/install/rqt_gui:/home/vboxuser/ros2_iron/install/ros2trace:/home/vboxuser/ros2_iron/install/ros2topic:/home/vboxuser/ros2_iron/install/ros2test:/home/vboxuser/ros2_iron/install/ros2param:/home/vboxuser/ros2_iron/install/ros2lifecycle:/home/vboxuser/ros2_iron/install/ros2service:/home/vboxuser/ros2_iron/install/ros2run:/home/vboxuser/ros2_iron/install/ros2launch:/home/vboxuser/ros2_iron/install/ros2pkg:/home/vboxuser/ros2_iron/install/ros2node:/home/vboxuser/ros2_iron/install/ros2multicast:/home/vboxuser/ros2_iron/install/ros2interface:/home/vboxuser/ros2_iron/install/ros2action:/home/vboxuser/ros2_iron/install/ros2cli:/home/vboxuser/ros2_iron/install/launch_testing_ros:/home/vboxuser/ros2_iron/install/launch_ros:/home/vboxuser/ros2_iron/install/examples_rclpy_minimal_action_server:/home/vboxuser/ros2_iron/install/examples_rclpy_minimal_action_client:/home/vboxuser/ros2_iron/install/examples_rclpy_guard_conditions:/home/vboxuser/ros2_iron/install/action_tutorials_py:/home/vboxuser/ros2_iron/install/ament_uncrustify:/home/vboxuser/ros2_iron/install/tracetools_trace:/home/vboxuser/ros2_iron/install/tracetools_read:/home/vboxuser/ros2_iron/install/test_tracetools_launch:/home/vboxuser/ros2_iron/install/test_ros2trace:/home/vboxuser/ros2_iron/install/test_launch_ros:/home/vboxuser/ros2_iron/install/rpyutils:/home/vboxuser/ros2_iron/install/rosidl_runtime_py:/home/vboxuser/ros2_iron/install/rosidl_pycommon:/home/vboxuser/ros2_iron/install/rosidl_cli:/home/vboxuser/ros2_iron/install/launch_pytest:/home/vboxuser/ros2_iron/install/launch_testing:/home/vboxuser/ros2_iron/install/launch_yaml:/home/vboxuser/ros2_iron/install/launch_xml:/home/vboxuser/ros2_iron/install/launch:/home/vboxuser/ros2_iron/install/osrf_pycommon:/home/vboxuser/ros2_iron/install/domain_coordinator:/home/vboxuser/ros2_iron/install/ament_xmllint:/home/vboxuser/ros2_iron/install/ament_pyflakes:/home/vboxuser/ros2_iron/install/ament_pycodestyle:/home/vboxuser/ros2_iron/install/ament_pep257:/home/vboxuser/ros2_iron/install/ament_pclint:/home/vboxuser/ros2_iron/install/ament_package:/home/vboxuser/ros2_iron/install/ament_mypy:/home/vboxuser/ros2_iron/install/ament_lint_cmake:/home/vboxuser/ros2_iron/install/ament_flake8:/home/vboxuser/ros2_iron/install/ament_copyright:/home/vboxuser/ros2_iron/install/ament_lint:/home/vboxuser/ros2_iron/install/ament_index_python:/home/vboxuser/ros2_iron/install/ament_cpplint:/home/vboxuser/ros2_iron/install/ament_cppcheck:/home/vboxuser/ros2_iron/install/ament_clang_tidy:/home/vboxuser/ros2_iron/install/ament_clang_format /usr/bin/cmake --install /home/vboxuser/ros2_ws/build/bq769x2_i2c_ros
[2.976s] DEBUG:colcon.colcon_core.event_handler.log_command:Invoked command in '/home/vboxuser/ros2_ws/build/examples_rclcpp_cbg_executor' returned '0': CMAKE_PREFIX_PATH=${CMAKE_PREFIX_PATH}:/home/vboxuser/ros2_ws/install/py_pubsub:/home/vboxuser/ros2_ws/install/launch_testing_examples:/home/vboxuser/ros2_ws/install/examples_rclpy_pointcloud_publisher:/home/vboxuser/ros2_ws/install/examples_rclpy_minimal_subscriber:/home/vboxuser/ros2_ws/install/examples_rclpy_minimal_service:/home/vboxuser/ros2_ws/install/examples_rclpy_minimal_publisher:/home/vboxuser/ros2_ws/install/examples_rclpy_minimal_client:/home/vboxuser/ros2_ws/install/examples_rclpy_minimal_action_server:/home/vboxuser/ros2_ws/install/examples_rclpy_minimal_action_client:/home/vboxuser/ros2_ws/install/examples_rclpy_guard_conditions:/home/vboxuser/ros2_ws/install/examples_rclpy_executors:/home/vboxuser/ros2_ws/install/bms_visualizer:/opt/ros/iron:/home/vboxuser/ros2_iron/install/rqt_bag_plugins:/home/vboxuser/ros2_iron/install/rqt_bag:/home/vboxuser/ros2_iron/install/rosbag2_examples_py:/home/vboxuser/ros2_iron/install/launch_testing_examples:/home/vboxuser/ros2_iron/install/ros2bag:/home/vboxuser/ros2_iron/install/tracetools_test:/home/vboxuser/ros2_iron/install/tracetools_launch:/home/vboxuser/ros2_iron/install/topic_monitor:/home/vboxuser/ros2_iron/install/tf2_tools:/home/vboxuser/ros2_iron/install/examples_tf2_py:/home/vboxuser/ros2_iron/install/tf2_ros_py:/home/vboxuser/ros2_iron/install/examples_rclpy_pointcloud_publisher:/home/vboxuser/ros2_iron/install/sensor_msgs_py:/home/vboxuser/ros2_iron/install/quality_of_service_demo_py:/home/vboxuser/ros2_iron/install/rqt_plot:/home/vboxuser/ros2_iron/install/ros2doctor:/home/vboxuser/ros2_iron/install/lifecycle_py:/home/vboxuser/ros2_iron/install/examples_rclpy_minimal_subscriber:/home/vboxuser/ros2_iron/install/examples_rclpy_minimal_service:/home/vboxuser/ros2_iron/install/examples_rclpy_minimal_publisher:/home/vboxuser/ros2_iron/install/examples_rclpy_minimal_client:/home/vboxuser/ros2_iron/install/examples_rclpy_executors:/home/vboxuser/ros2_iron/install/demo_nodes_py:/home/vboxuser/ros2_iron/install/rqt:/home/vboxuser/ros2_iron/install/ros2component:/home/vboxuser/ros2_iron/install/sros2:/home/vboxuser/ros2_iron/install/rqt_topic:/home/vboxuser/ros2_iron/install/rqt_srv:/home/vboxuser/ros2_iron/install/rqt_shell:/home/vboxuser/ros2_iron/install/rqt_service_caller:/home/vboxuser/ros2_iron/install/rqt_reconfigure:/home/vboxuser/ros2_iron/install/rqt_py_console:/home/vboxuser/ros2_iron/install/rqt_publisher:/home/vboxuser/ros2_iron/install/rqt_action:/home/vboxuser/ros2_iron/install/rqt_msg:/home/vboxuser/ros2_iron/install/rqt_console:/home/vboxuser/ros2_iron/install/rqt_graph:/home/vboxuser/ros2_iron/install/rqt_gui_py:/home/vboxuser/ros2_iron/install/rqt_gui:/home/vboxuser/ros2_iron/install/ros2trace:/home/vboxuser/ros2_iron/install/ros2topic:/home/vboxuser/ros2_iron/install/ros2test:/home/vboxuser/ros2_iron/install/ros2param:/home/vboxuser/ros2_iron/install/ros2lifecycle:/home/vboxuser/ros2_iron/install/ros2service:/home/vboxuser/ros2_iron/install/ros2run:/home/vboxuser/ros2_iron/install/ros2launch:/home/vboxuser/ros2_iron/install/ros2pkg:/home/vboxuser/ros2_iron/install/ros2node:/home/vboxuser/ros2_iron/install/ros2multicast:/home/vboxuser/ros2_iron/install/ros2interface:/home/vboxuser/ros2_iron/install/ros2action:/home/vboxuser/ros2_iron/install/ros2cli:/home/vboxuser/ros2_iron/install/launch_testing_ros:/home/vboxuser/ros2_iron/install/launch_ros:/home/vboxuser/ros2_iron/install/examples_rclpy_minimal_action_server:/home/vboxuser/ros2_iron/install/examples_rclpy_minimal_action_client:/home/vboxuser/ros2_iron/install/examples_rclpy_guard_conditions:/home/vboxuser/ros2_iron/install/action_tutorials_py:/home/vboxuser/ros2_iron/install/ament_uncrustify:/home/vboxuser/ros2_iron/install/tracetools_trace:/home/vboxuser/ros2_iron/install/tracetools_read:/home/vboxuser/ros2_iron/install/test_tracetools_launch:/home/vboxuser/ros2_iron/install/test_ros2trace:/home/vboxuser/ros2_iron/install/test_launch_ros:/home/vboxuser/ros2_iron/install/rpyutils:/home/vboxuser/ros2_iron/install/rosidl_runtime_py:/home/vboxuser/ros2_iron/install/rosidl_pycommon:/home/vboxuser/ros2_iron/install/rosidl_cli:/home/vboxuser/ros2_iron/install/launch_pytest:/home/vboxuser/ros2_iron/install/launch_testing:/home/vboxuser/ros2_iron/install/launch_yaml:/home/vboxuser/ros2_iron/install/launch_xml:/home/vboxuser/ros2_iron/install/launch:/home/vboxuser/ros2_iron/install/osrf_pycommon:/home/vboxuser/ros2_iron/install/domain_coordinator:/home/vboxuser/ros2_iron/install/ament_xmllint:/home/vboxuser/ros2_iron/install/ament_pyflakes:/home/vboxuser/ros2_iron/install/ament_pycodestyle:/home/vboxuser/ros2_iron/install/ament_pep257:/home/vboxuser/ros2_iron/install/ament_pclint:/home/vboxuser/ros2_iron/install/ament_package:/home/vboxuser/ros2_iron/install/ament_mypy:/home/vboxuser/ros2_iron/install/ament_lint_cmake:/home/vboxuser/ros2_iron/install/ament_flake8:/home/vboxuser/ros2_iron/install/ament_copyright:/home/vboxuser/ros2_iron/install/ament_lint:/home/vboxuser/ros2_iron/install/ament_index_python:/home/vboxuser/ros2_iron/install/ament_cpplint:/home/vboxuser/ros2_iron/install/ament_cppcheck:/home/vboxuser/ros2_iron/install/ament_clang_tidy:/home/vboxuser/ros2_iron/install/ament_clang_format /usr/bin/cmake --build /home/vboxuser/ros2_ws/build/examples_rclcpp_cbg_executor -- -j4 -l4
[2.977s] DEBUG:colcon.colcon_core.event_handler.log_command:Invoking command in '/home/vboxuser/ros2_ws/build/examples_rclcpp_cbg_executor': CMAKE_PREFIX_PATH=${CMAKE_PREFIX_PATH}:/home/vboxuser/ros2_ws/install/py_pubsub:/home/vboxuser/ros2_ws/install/launch_testing_examples:/home/vboxuser/ros2_ws/install/examples_rclpy_pointcloud_publisher:/home/vboxuser/ros2_ws/install/examples_rclpy_minimal_subscriber:/home/vboxuser/ros2_ws/install/examples_rclpy_minimal_service:/home/vboxuser/ros2_ws/install/examples_rclpy_minimal_publisher:/home/vboxuser/ros2_ws/install/examples_rclpy_minimal_client:/home/vboxuser/ros2_ws/install/examples_rclpy_minimal_action_server:/home/vboxuser/ros2_ws/install/examples_rclpy_minimal_action_client:/home/vboxuser/ros2_ws/install/examples_rclpy_guard_conditions:/home/vboxuser/ros2_ws/install/examples_rclpy_executors:/home/vboxuser/ros2_ws/install/bms_visualizer:/opt/ros/iron:/home/vboxuser/ros2_iron/install/rqt_bag_plugins:/home/vboxuser/ros2_iron/install/rqt_bag:/home/vboxuser/ros2_iron/install/rosbag2_examples_py:/home/vboxuser/ros2_iron/install/launch_testing_examples:/home/vboxuser/ros2_iron/install/ros2bag:/home/vboxuser/ros2_iron/install/tracetools_test:/home/vboxuser/ros2_iron/install/tracetools_launch:/home/vboxuser/ros2_iron/install/topic_monitor:/home/vboxuser/ros2_iron/install/tf2_tools:/home/vboxuser/ros2_iron/install/examples_tf2_py:/home/vboxuser/ros2_iron/install/tf2_ros_py:/home/vboxuser/ros2_iron/install/examples_rclpy_pointcloud_publisher:/home/vboxuser/ros2_iron/install/sensor_msgs_py:/home/vboxuser/ros2_iron/install/quality_of_service_demo_py:/home/vboxuser/ros2_iron/install/rqt_plot:/home/vboxuser/ros2_iron/install/ros2doctor:/home/vboxuser/ros2_iron/install/lifecycle_py:/home/vboxuser/ros2_iron/install/examples_rclpy_minimal_subscriber:/home/vboxuser/ros2_iron/install/examples_rclpy_minimal_service:/home/vboxuser/ros2_iron/install/examples_rclpy_minimal_publisher:/home/vboxuser/ros2_iron/install/examples_rclpy_minimal_client:/home/vboxuser/ros2_iron/install/examples_rclpy_executors:/home/vboxuser/ros2_iron/install/demo_nodes_py:/home/vboxuser/ros2_iron/install/rqt:/home/vboxuser/ros2_iron/install/ros2component:/home/vboxuser/ros2_iron/install/sros2:/home/vboxuser/ros2_iron/install/rqt_topic:/home/vboxuser/ros2_iron/install/rqt_srv:/home/vboxuser/ros2_iron/install/rqt_shell:/home/vboxuser/ros2_iron/install/rqt_service_caller:/home/vboxuser/ros2_iron/install/rqt_reconfigure:/home/vboxuser/ros2_iron/install/rqt_py_console:/home/vboxuser/ros2_iron/install/rqt_publisher:/home/vboxuser/ros2_iron/install/rqt_action:/home/vboxuser/ros2_iron/install/rqt_msg:/home/vboxuser/ros2_iron/install/rqt_console:/home/vboxuser/ros2_iron/install/rqt_graph:/home/vboxuser/ros2_iron/install/rqt_gui_py:/home/vboxuser/ros2_iron/install/rqt_gui:/home/vboxuser/ros2_iron/install/ros2trace:/home/vboxuser/ros2_iron/install/ros2topic:/home/vboxuser/ros2_iron/install/ros2test:/home/vboxuser/ros2_iron/install/ros2param:/home/vboxuser/ros2_iron/install/ros2lifecycle:/home/vboxuser/ros2_iron/install/ros2service:/home/vboxuser/ros2_iron/install/ros2run:/home/vboxuser/ros2_iron/install/ros2launch:/home/vboxuser/ros2_iron/install/ros2pkg:/home/vboxuser/ros2_iron/install/ros2node:/home/vboxuser/ros2_iron/install/ros2multicast:/home/vboxuser/ros2_iron/install/ros2interface:/home/vboxuser/ros2_iron/install/ros2action:/home/vboxuser/ros2_iron/install/ros2cli:/home/vboxuser/ros2_iron/install/launch_testing_ros:/home/vboxuser/ros2_iron/install/launch_ros:/home/vboxuser/ros2_iron/install/examples_rclpy_minimal_action_server:/home/vboxuser/ros2_iron/install/examples_rclpy_minimal_action_client:/home/vboxuser/ros2_iron/install/examples_rclpy_guard_conditions:/home/vboxuser/ros2_iron/install/action_tutorials_py:/home/vboxuser/ros2_iron/install/ament_uncrustify:/home/vboxuser/ros2_iron/install/tracetools_trace:/home/vboxuser/ros2_iron/install/tracetools_read:/home/vboxuser/ros2_iron/install/test_tracetools_launch:/home/vboxuser/ros2_iron/install/test_ros2trace:/home/vboxuser/ros2_iron/install/test_launch_ros:/home/vboxuser/ros2_iron/install/rpyutils:/home/vboxuser/ros2_iron/install/rosidl_runtime_py:/home/vboxuser/ros2_iron/install/rosidl_pycommon:/home/vboxuser/ros2_iron/install/rosidl_cli:/home/vboxuser/ros2_iron/install/launch_pytest:/home/vboxuser/ros2_iron/install/launch_testing:/home/vboxuser/ros2_iron/install/launch_yaml:/home/vboxuser/ros2_iron/install/launch_xml:/home/vboxuser/ros2_iron/install/launch:/home/vboxuser/ros2_iron/install/osrf_pycommon:/home/vboxuser/ros2_iron/install/domain_coordinator:/home/vboxuser/ros2_iron/install/ament_xmllint:/home/vboxuser/ros2_iron/install/ament_pyflakes:/home/vboxuser/ros2_iron/install/ament_pycodestyle:/home/vboxuser/ros2_iron/install/ament_pep257:/home/vboxuser/ros2_iron/install/ament_pclint:/home/vboxuser/ros2_iron/install/ament_package:/home/vboxuser/ros2_iron/install/ament_mypy:/home/vboxuser/ros2_iron/install/ament_lint_cmake:/home/vboxuser/ros2_iron/install/ament_flake8:/home/vboxuser/ros2_iron/install/ament_copyright:/home/vboxuser/ros2_iron/install/ament_lint:/home/vboxuser/ros2_iron/install/ament_index_python:/home/vboxuser/ros2_iron/install/ament_cpplint:/home/vboxuser/ros2_iron/install/ament_cppcheck:/home/vboxuser/ros2_iron/install/ament_clang_tidy:/home/vboxuser/ros2_iron/install/ament_clang_format /usr/bin/cmake --install /home/vboxuser/ros2_ws/build/examples_rclcpp_cbg_executor
[3.008s] Level 1:colcon.colcon_core.environment:create_environment_scripts_only(bq769x2_i2c_ros)
[3.028s] DEBUG:colcon.colcon_core.event_handler.log_command:Invoked command in '/home/vboxuser/ros2_ws/build/bq769x2_i2c_ros' returned '0': CMAKE_PREFIX_PATH=${CMAKE_PREFIX_PATH}:/home/vboxuser/ros2_ws/install/py_pubsub:/home/vboxuser/ros2_ws/install/launch_testing_examples:/home/vboxuser/ros2_ws/install/examples_rclpy_pointcloud_publisher:/home/vboxuser/ros2_ws/install/examples_rclpy_minimal_subscriber:/home/vboxuser/ros2_ws/install/examples_rclpy_minimal_service:/home/vboxuser/ros2_ws/install/examples_rclpy_minimal_publisher:/home/vboxuser/ros2_ws/install/examples_rclpy_minimal_client:/home/vboxuser/ros2_ws/install/examples_rclpy_minimal_action_server:/home/vboxuser/ros2_ws/install/examples_rclpy_minimal_action_client:/home/vboxuser/ros2_ws/install/examples_rclpy_guard_conditions:/home/vboxuser/ros2_ws/install/examples_rclpy_executors:/home/vboxuser/ros2_ws/install/bms_visualizer:/opt/ros/iron:/home/vboxuser/ros2_iron/install/rqt_bag_plugins:/home/vboxuser/ros2_iron/install/rqt_bag:/home/vboxuser/ros2_iron/install/rosbag2_examples_py:/home/vboxuser/ros2_iron/install/launch_testing_examples:/home/vboxuser/ros2_iron/install/ros2bag:/home/vboxuser/ros2_iron/install/tracetools_test:/home/vboxuser/ros2_iron/install/tracetools_launch:/home/vboxuser/ros2_iron/install/topic_monitor:/home/vboxuser/ros2_iron/install/tf2_tools:/home/vboxuser/ros2_iron/install/examples_tf2_py:/home/vboxuser/ros2_iron/install/tf2_ros_py:/home/vboxuser/ros2_iron/install/examples_rclpy_pointcloud_publisher:/home/vboxuser/ros2_iron/install/sensor_msgs_py:/home/vboxuser/ros2_iron/install/quality_of_service_demo_py:/home/vboxuser/ros2_iron/install/rqt_plot:/home/vboxuser/ros2_iron/install/ros2doctor:/home/vboxuser/ros2_iron/install/lifecycle_py:/home/vboxuser/ros2_iron/install/examples_rclpy_minimal_subscriber:/home/vboxuser/ros2_iron/install/examples_rclpy_minimal_service:/home/vboxuser/ros2_iron/install/examples_rclpy_minimal_publisher:/home/vboxuser/ros2_iron/install/examples_rclpy_minimal_client:/home/vboxuser/ros2_iron/install/examples_rclpy_executors:/home/vboxuser/ros2_iron/install/demo_nodes_py:/home/vboxuser/ros2_iron/install/rqt:/home/vboxuser/ros2_iron/install/ros2component:/home/vboxuser/ros2_iron/install/sros2:/home/vboxuser/ros2_iron/install/rqt_topic:/home/vboxuser/ros2_iron/install/rqt_srv:/home/vboxuser/ros2_iron/install/rqt_shell:/home/vboxuser/ros2_iron/install/rqt_service_caller:/home/vboxuser/ros2_iron/install/rqt_reconfigure:/home/vboxuser/ros2_iron/install/rqt_py_console:/home/vboxuser/ros2_iron/install/rqt_publisher:/home/vboxuser/ros2_iron/install/rqt_action:/home/vboxuser/ros2_iron/install/rqt_msg:/home/vboxuser/ros2_iron/install/rqt_console:/home/vboxuser/ros2_iron/install/rqt_graph:/home/vboxuser/ros2_iron/install/rqt_gui_py:/home/vboxuser/ros2_iron/install/rqt_gui:/home/vboxuser/ros2_iron/install/ros2trace:/home/vboxuser/ros2_iron/install/ros2topic:/home/vboxuser/ros2_iron/install/ros2test:/home/vboxuser/ros2_iron/install/ros2param:/home/vboxuser/ros2_iron/install/ros2lifecycle:/home/vboxuser/ros2_iron/install/ros2service:/home/vboxuser/ros2_iron/install/ros2run:/home/vboxuser/ros2_iron/install/ros2launch:/home/vboxuser/ros2_iron/install/ros2pkg:/home/vboxuser/ros2_iron/install/ros2node:/home/vboxuser/ros2_iron/install/ros2multicast:/home/vboxuser/ros2_iron/install/ros2interface:/home/vboxuser/ros2_iron/install/ros2action:/home/vboxuser/ros2_iron/install/ros2cli:/home/vboxuser/ros2_iron/install/launch_testing_ros:/home/vboxuser/ros2_iron/install/launch_ros:/home/vboxuser/ros2_iron/install/examples_rclpy_minimal_action_server:/home/vboxuser/ros2_iron/install/examples_rclpy_minimal_action_client:/home/vboxuser/ros2_iron/install/examples_rclpy_guard_conditions:/home/vboxuser/ros2_iron/install/action_tutorials_py:/home/vboxuser/ros2_iron/install/ament_uncrustify:/home/vboxuser/ros2_iron/install/tracetools_trace:/home/vboxuser/ros2_iron/install/tracetools_read:/home/vboxuser/ros2_iron/install/test_tracetools_launch:/home/vboxuser/ros2_iron/install/test_ros2trace:/home/vboxuser/ros2_iron/install/test_launch_ros:/home/vboxuser/ros2_iron/install/rpyutils:/home/vboxuser/ros2_iron/install/rosidl_runtime_py:/home/vboxuser/ros2_iron/install/rosidl_pycommon:/home/vboxuser/ros2_iron/install/rosidl_cli:/home/vboxuser/ros2_iron/install/launch_pytest:/home/vboxuser/ros2_iron/install/launch_testing:/home/vboxuser/ros2_iron/install/launch_yaml:/home/vboxuser/ros2_iron/install/launch_xml:/home/vboxuser/ros2_iron/install/launch:/home/vboxuser/ros2_iron/install/osrf_pycommon:/home/vboxuser/ros2_iron/install/domain_coordinator:/home/vboxuser/ros2_iron/install/ament_xmllint:/home/vboxuser/ros2_iron/install/ament_pyflakes:/home/vboxuser/ros2_iron/install/ament_pycodestyle:/home/vboxuser/ros2_iron/install/ament_pep257:/home/vboxuser/ros2_iron/install/ament_pclint:/home/vboxuser/ros2_iron/install/ament_package:/home/vboxuser/ros2_iron/install/ament_mypy:/home/vboxuser/ros2_iron/install/ament_lint_cmake:/home/vboxuser/ros2_iron/install/ament_flake8:/home/vboxuser/ros2_iron/install/ament_copyright:/home/vboxuser/ros2_iron/install/ament_lint:/home/vboxuser/ros2_iron/install/ament_index_python:/home/vboxuser/ros2_iron/install/ament_cpplint:/home/vboxuser/ros2_iron/install/ament_cppcheck:/home/vboxuser/ros2_iron/install/ament_clang_tidy:/home/vboxuser/ros2_iron/install/ament_clang_format /usr/bin/cmake --install /home/vboxuser/ros2_ws/build/bq769x2_i2c_ros
[3.057s] Level 1:colcon.colcon_core.environment:checking '/home/vboxuser/ros2_ws/install/bq769x2_i2c_ros' for CMake module files
[3.059s] Level 1:colcon.colcon_core.environment:checking '/home/vboxuser/ros2_ws/install/bq769x2_i2c_ros' for CMake config files
[3.060s] Level 1:colcon.colcon_core.shell:create_environment_hook('bq769x2_i2c_ros', 'cmake_prefix_path')
[3.060s] INFO:colcon.colcon_core.shell:Creating environment hook '/home/vboxuser/ros2_ws/install/bq769x2_i2c_ros/share/bq769x2_i2c_ros/hook/cmake_prefix_path.ps1'
[3.062s] INFO:colcon.colcon_core.shell:Creating environment descriptor '/home/vboxuser/ros2_ws/install/bq769x2_i2c_ros/share/bq769x2_i2c_ros/hook/cmake_prefix_path.dsv'
[3.068s] INFO:colcon.colcon_core.shell:Creating environment hook '/home/vboxuser/ros2_ws/install/bq769x2_i2c_ros/share/bq769x2_i2c_ros/hook/cmake_prefix_path.sh'
[3.074s] Level 1:colcon.colcon_core.environment:checking '/home/vboxuser/ros2_ws/install/bq769x2_i2c_ros/lib'
[3.075s] Level 1:colcon.colcon_core.environment:checking '/home/vboxuser/ros2_ws/install/bq769x2_i2c_ros/bin'
[3.077s] Level 1:colcon.colcon_core.environment:checking '/home/vboxuser/ros2_ws/install/bq769x2_i2c_ros/lib/pkgconfig/bq769x2_i2c_ros.pc'
[3.078s] Level 1:colcon.colcon_core.environment:checking '/home/vboxuser/ros2_ws/install/bq769x2_i2c_ros/lib/python3.10/site-packages'
[3.080s] Level 1:colcon.colcon_core.environment:checking '/home/vboxuser/ros2_ws/install/bq769x2_i2c_ros/bin'
[3.081s] INFO:colcon.colcon_core.shell:Creating package script '/home/vboxuser/ros2_ws/install/bq769x2_i2c_ros/share/bq769x2_i2c_ros/package.ps1'
[3.087s] INFO:colcon.colcon_core.shell:Creating package descriptor '/home/vboxuser/ros2_ws/install/bq769x2_i2c_ros/share/bq769x2_i2c_ros/package.dsv'
[3.093s] INFO:colcon.colcon_core.shell:Creating package script '/home/vboxuser/ros2_ws/install/bq769x2_i2c_ros/share/bq769x2_i2c_ros/package.sh'
[3.094s] INFO:colcon.colcon_core.shell:Creating package script '/home/vboxuser/ros2_ws/install/bq769x2_i2c_ros/share/bq769x2_i2c_ros/package.bash'
[3.103s] INFO:colcon.colcon_core.shell:Creating package script '/home/vboxuser/ros2_ws/install/bq769x2_i2c_ros/share/bq769x2_i2c_ros/package.zsh'
[3.107s] Level 1:colcon.colcon_core.environment:create_file_with_runtime_dependencies(/home/vboxuser/ros2_ws/install/bq769x2_i2c_ros/share/colcon-core/packages/bq769x2_i2c_ros)
[3.111s] Level 1:colcon.colcon_core.environment:create_environment_scripts_only(bq769x2_i2c_ros)
[3.111s] Level 1:colcon.colcon_core.environment:checking '/home/vboxuser/ros2_ws/install/bq769x2_i2c_ros' for CMake module files
[3.112s] Level 1:colcon.colcon_core.environment:checking '/home/vboxuser/ros2_ws/install/bq769x2_i2c_ros' for CMake config files
[3.112s] Level 1:colcon.colcon_core.shell:create_environment_hook('bq769x2_i2c_ros', 'cmake_prefix_path')
[3.113s] INFO:colcon.colcon_core.shell:Creating environment hook '/home/vboxuser/ros2_ws/install/bq769x2_i2c_ros/share/bq769x2_i2c_ros/hook/cmake_prefix_path.ps1'
[3.119s] INFO:colcon.colcon_core.shell:Creating environment descriptor '/home/vboxuser/ros2_ws/install/bq769x2_i2c_ros/share/bq769x2_i2c_ros/hook/cmake_prefix_path.dsv'
[3.123s] INFO:colcon.colcon_core.shell:Creating environment hook '/home/vboxuser/ros2_ws/install/bq769x2_i2c_ros/share/bq769x2_i2c_ros/hook/cmake_prefix_path.sh'
[3.124s] Level 1:colcon.colcon_core.environment:checking '/home/vboxuser/ros2_ws/install/bq769x2_i2c_ros/lib'
[3.124s] Level 1:colcon.colcon_core.environment:checking '/home/vboxuser/ros2_ws/install/bq769x2_i2c_ros/bin'
[3.124s] Level 1:colcon.colcon_core.environment:checking '/home/vboxuser/ros2_ws/install/bq769x2_i2c_ros/lib/pkgconfig/bq769x2_i2c_ros.pc'
[3.125s] Level 1:colcon.colcon_core.environment:checking '/home/vboxuser/ros2_ws/install/bq769x2_i2c_ros/lib/python3.10/site-packages'
[3.125s] Level 1:colcon.colcon_core.environment:checking '/home/vboxuser/ros2_ws/install/bq769x2_i2c_ros/bin'
[3.125s] INFO:colcon.colcon_core.shell:Creating package script '/home/vboxuser/ros2_ws/install/bq769x2_i2c_ros/share/bq769x2_i2c_ros/package.ps1'
[3.126s] INFO:colcon.colcon_core.shell:Creating package descriptor '/home/vboxuser/ros2_ws/install/bq769x2_i2c_ros/share/bq769x2_i2c_ros/package.dsv'
[3.129s] INFO:colcon.colcon_core.shell:Creating package script '/home/vboxuser/ros2_ws/install/bq769x2_i2c_ros/share/bq769x2_i2c_ros/package.sh'
[3.130s] INFO:colcon.colcon_core.shell:Creating package script '/home/vboxuser/ros2_ws/install/bq769x2_i2c_ros/share/bq769x2_i2c_ros/package.bash'
[3.130s] INFO:colcon.colcon_core.shell:Creating package script '/home/vboxuser/ros2_ws/install/bq769x2_i2c_ros/share/bq769x2_i2c_ros/package.zsh'
[3.132s] Level 1:colcon.colcon_core.environment:create_file_with_runtime_dependencies(/home/vboxuser/ros2_ws/install/bq769x2_i2c_ros/share/colcon-core/packages/bq769x2_i2c_ros)
[3.134s] INFO:colcon.colcon_ros.task.ament_cmake.build:Building ROS package in '/home/vboxuser/ros2_ws/src/examples/rclcpp/actions/minimal_action_client' with build type 'ament_cmake'
[3.134s] INFO:colcon.colcon_cmake.task.cmake.build:Building CMake package in '/home/vboxuser/ros2_ws/src/examples/rclcpp/actions/minimal_action_client'
[3.135s] INFO:colcon.colcon_core.shell:Skip shell extension 'powershell' for command environment: Not usable outside of PowerShell
[3.135s] DEBUG:colcon.colcon_core.shell:Skip shell extension 'dsv' for command environment
[3.191s] Level 1:colcon.colcon_core.environment:create_environment_scripts_only(examples_rclcpp_cbg_executor)
[3.192s] Level 1:colcon.colcon_core.environment:checking '/home/vboxuser/ros2_ws/install/examples_rclcpp_cbg_executor' for CMake module files
[3.200s] Level 1:colcon.colcon_core.environment:checking '/home/vboxuser/ros2_ws/install/examples_rclcpp_cbg_executor' for CMake config files
[3.203s] DEBUG:colcon.colcon_core.event_handler.log_command:Invoked command in '/home/vboxuser/ros2_ws/build/examples_rclcpp_cbg_executor' returned '0': CMAKE_PREFIX_PATH=${CMAKE_PREFIX_PATH}:/home/vboxuser/ros2_ws/install/py_pubsub:/home/vboxuser/ros2_ws/install/launch_testing_examples:/home/vboxuser/ros2_ws/install/examples_rclpy_pointcloud_publisher:/home/vboxuser/ros2_ws/install/examples_rclpy_minimal_subscriber:/home/vboxuser/ros2_ws/install/examples_rclpy_minimal_service:/home/vboxuser/ros2_ws/install/examples_rclpy_minimal_publisher:/home/vboxuser/ros2_ws/install/examples_rclpy_minimal_client:/home/vboxuser/ros2_ws/install/examples_rclpy_minimal_action_server:/home/vboxuser/ros2_ws/install/examples_rclpy_minimal_action_client:/home/vboxuser/ros2_ws/install/examples_rclpy_guard_conditions:/home/vboxuser/ros2_ws/install/examples_rclpy_executors:/home/vboxuser/ros2_ws/install/bms_visualizer:/opt/ros/iron:/home/vboxuser/ros2_iron/install/rqt_bag_plugins:/home/vboxuser/ros2_iron/install/rqt_bag:/home/vboxuser/ros2_iron/install/rosbag2_examples_py:/home/vboxuser/ros2_iron/install/launch_testing_examples:/home/vboxuser/ros2_iron/install/ros2bag:/home/vboxuser/ros2_iron/install/tracetools_test:/home/vboxuser/ros2_iron/install/tracetools_launch:/home/vboxuser/ros2_iron/install/topic_monitor:/home/vboxuser/ros2_iron/install/tf2_tools:/home/vboxuser/ros2_iron/install/examples_tf2_py:/home/vboxuser/ros2_iron/install/tf2_ros_py:/home/vboxuser/ros2_iron/install/examples_rclpy_pointcloud_publisher:/home/vboxuser/ros2_iron/install/sensor_msgs_py:/home/vboxuser/ros2_iron/install/quality_of_service_demo_py:/home/vboxuser/ros2_iron/install/rqt_plot:/home/vboxuser/ros2_iron/install/ros2doctor:/home/vboxuser/ros2_iron/install/lifecycle_py:/home/vboxuser/ros2_iron/install/examples_rclpy_minimal_subscriber:/home/vboxuser/ros2_iron/install/examples_rclpy_minimal_service:/home/vboxuser/ros2_iron/install/examples_rclpy_minimal_publisher:/home/vboxuser/ros2_iron/install/examples_rclpy_minimal_client:/home/vboxuser/ros2_iron/install/examples_rclpy_executors:/home/vboxuser/ros2_iron/install/demo_nodes_py:/home/vboxuser/ros2_iron/install/rqt:/home/vboxuser/ros2_iron/install/ros2component:/home/vboxuser/ros2_iron/install/sros2:/home/vboxuser/ros2_iron/install/rqt_topic:/home/vboxuser/ros2_iron/install/rqt_srv:/home/vboxuser/ros2_iron/install/rqt_shell:/home/vboxuser/ros2_iron/install/rqt_service_caller:/home/vboxuser/ros2_iron/install/rqt_reconfigure:/home/vboxuser/ros2_iron/install/rqt_py_console:/home/vboxuser/ros2_iron/install/rqt_publisher:/home/vboxuser/ros2_iron/install/rqt_action:/home/vboxuser/ros2_iron/install/rqt_msg:/home/vboxuser/ros2_iron/install/rqt_console:/home/vboxuser/ros2_iron/install/rqt_graph:/home/vboxuser/ros2_iron/install/rqt_gui_py:/home/vboxuser/ros2_iron/install/rqt_gui:/home/vboxuser/ros2_iron/install/ros2trace:/home/vboxuser/ros2_iron/install/ros2topic:/home/vboxuser/ros2_iron/install/ros2test:/home/vboxuser/ros2_iron/install/ros2param:/home/vboxuser/ros2_iron/install/ros2lifecycle:/home/vboxuser/ros2_iron/install/ros2service:/home/vboxuser/ros2_iron/install/ros2run:/home/vboxuser/ros2_iron/install/ros2launch:/home/vboxuser/ros2_iron/install/ros2pkg:/home/vboxuser/ros2_iron/install/ros2node:/home/vboxuser/ros2_iron/install/ros2multicast:/home/vboxuser/ros2_iron/install/ros2interface:/home/vboxuser/ros2_iron/install/ros2action:/home/vboxuser/ros2_iron/install/ros2cli:/home/vboxuser/ros2_iron/install/launch_testing_ros:/home/vboxuser/ros2_iron/install/launch_ros:/home/vboxuser/ros2_iron/install/examples_rclpy_minimal_action_server:/home/vboxuser/ros2_iron/install/examples_rclpy_minimal_action_client:/home/vboxuser/ros2_iron/install/examples_rclpy_guard_conditions:/home/vboxuser/ros2_iron/install/action_tutorials_py:/home/vboxuser/ros2_iron/install/ament_uncrustify:/home/vboxuser/ros2_iron/install/tracetools_trace:/home/vboxuser/ros2_iron/install/tracetools_read:/home/vboxuser/ros2_iron/install/test_tracetools_launch:/home/vboxuser/ros2_iron/install/test_ros2trace:/home/vboxuser/ros2_iron/install/test_launch_ros:/home/vboxuser/ros2_iron/install/rpyutils:/home/vboxuser/ros2_iron/install/rosidl_runtime_py:/home/vboxuser/ros2_iron/install/rosidl_pycommon:/home/vboxuser/ros2_iron/install/rosidl_cli:/home/vboxuser/ros2_iron/install/launch_pytest:/home/vboxuser/ros2_iron/install/launch_testing:/home/vboxuser/ros2_iron/install/launch_yaml:/home/vboxuser/ros2_iron/install/launch_xml:/home/vboxuser/ros2_iron/install/launch:/home/vboxuser/ros2_iron/install/osrf_pycommon:/home/vboxuser/ros2_iron/install/domain_coordinator:/home/vboxuser/ros2_iron/install/ament_xmllint:/home/vboxuser/ros2_iron/install/ament_pyflakes:/home/vboxuser/ros2_iron/install/ament_pycodestyle:/home/vboxuser/ros2_iron/install/ament_pep257:/home/vboxuser/ros2_iron/install/ament_pclint:/home/vboxuser/ros2_iron/install/ament_package:/home/vboxuser/ros2_iron/install/ament_mypy:/home/vboxuser/ros2_iron/install/ament_lint_cmake:/home/vboxuser/ros2_iron/install/ament_flake8:/home/vboxuser/ros2_iron/install/ament_copyright:/home/vboxuser/ros2_iron/install/ament_lint:/home/vboxuser/ros2_iron/install/ament_index_python:/home/vboxuser/ros2_iron/install/ament_cpplint:/home/vboxuser/ros2_iron/install/ament_cppcheck:/home/vboxuser/ros2_iron/install/ament_clang_tidy:/home/vboxuser/ros2_iron/install/ament_clang_format /usr/bin/cmake --install /home/vboxuser/ros2_ws/build/examples_rclcpp_cbg_executor
[3.203s] Level 1:colcon.colcon_core.shell:create_environment_hook('examples_rclcpp_cbg_executor', 'cmake_prefix_path')
[3.203s] INFO:colcon.colcon_core.shell:Creating environment hook '/home/vboxuser/ros2_ws/install/examples_rclcpp_cbg_executor/share/examples_rclcpp_cbg_executor/hook/cmake_prefix_path.ps1'
[3.205s] INFO:colcon.colcon_core.shell:Creating environment descriptor '/home/vboxuser/ros2_ws/install/examples_rclcpp_cbg_executor/share/examples_rclcpp_cbg_executor/hook/cmake_prefix_path.dsv'
[3.206s] INFO:colcon.colcon_core.shell:Creating environment hook '/home/vboxuser/ros2_ws/install/examples_rclcpp_cbg_executor/share/examples_rclcpp_cbg_executor/hook/cmake_prefix_path.sh'
[3.209s] Level 1:colcon.colcon_core.environment:checking '/home/vboxuser/ros2_ws/install/examples_rclcpp_cbg_executor/lib'
[3.209s] Level 1:colcon.colcon_core.environment:checking '/home/vboxuser/ros2_ws/install/examples_rclcpp_cbg_executor/bin'
[3.210s] Level 1:colcon.colcon_core.environment:checking '/home/vboxuser/ros2_ws/install/examples_rclcpp_cbg_executor/lib/pkgconfig/examples_rclcpp_cbg_executor.pc'
[3.211s] Level 1:colcon.colcon_core.environment:checking '/home/vboxuser/ros2_ws/install/examples_rclcpp_cbg_executor/lib/python3.10/site-packages'
[3.211s] Level 1:colcon.colcon_core.environment:checking '/home/vboxuser/ros2_ws/install/examples_rclcpp_cbg_executor/bin'
[3.212s] INFO:colcon.colcon_core.shell:Creating package script '/home/vboxuser/ros2_ws/install/examples_rclcpp_cbg_executor/share/examples_rclcpp_cbg_executor/package.ps1'
[3.214s] INFO:colcon.colcon_core.shell:Creating package descriptor '/home/vboxuser/ros2_ws/install/examples_rclcpp_cbg_executor/share/examples_rclcpp_cbg_executor/package.dsv'
[3.215s] INFO:colcon.colcon_core.shell:Creating package script '/home/vboxuser/ros2_ws/install/examples_rclcpp_cbg_executor/share/examples_rclcpp_cbg_executor/package.sh'
[3.216s] INFO:colcon.colcon_core.shell:Creating package script '/home/vboxuser/ros2_ws/install/examples_rclcpp_cbg_executor/share/examples_rclcpp_cbg_executor/package.bash'
[3.218s] INFO:colcon.colcon_core.shell:Creating package script '/home/vboxuser/ros2_ws/install/examples_rclcpp_cbg_executor/share/examples_rclcpp_cbg_executor/package.zsh'
[3.219s] Level 1:colcon.colcon_core.environment:create_file_with_runtime_dependencies(/home/vboxuser/ros2_ws/install/examples_rclcpp_cbg_executor/share/colcon-core/packages/examples_rclcpp_cbg_executor)
[3.221s] Level 1:colcon.colcon_core.environment:create_environment_scripts_only(examples_rclcpp_cbg_executor)
[3.222s] Level 1:colcon.colcon_core.environment:checking '/home/vboxuser/ros2_ws/install/examples_rclcpp_cbg_executor' for CMake module files
[3.223s] Level 1:colcon.colcon_core.environment:checking '/home/vboxuser/ros2_ws/install/examples_rclcpp_cbg_executor' for CMake config files
[3.223s] Level 1:colcon.colcon_core.shell:create_environment_hook('examples_rclcpp_cbg_executor', 'cmake_prefix_path')
[3.223s] INFO:colcon.colcon_core.shell:Creating environment hook '/home/vboxuser/ros2_ws/install/examples_rclcpp_cbg_executor/share/examples_rclcpp_cbg_executor/hook/cmake_prefix_path.ps1'
[3.225s] INFO:colcon.colcon_core.shell:Creating environment descriptor '/home/vboxuser/ros2_ws/install/examples_rclcpp_cbg_executor/share/examples_rclcpp_cbg_executor/hook/cmake_prefix_path.dsv'
[3.227s] INFO:colcon.colcon_core.shell:Creating environment hook '/home/vboxuser/ros2_ws/install/examples_rclcpp_cbg_executor/share/examples_rclcpp_cbg_executor/hook/cmake_prefix_path.sh'
[3.230s] Level 1:colcon.colcon_core.environment:checking '/home/vboxuser/ros2_ws/install/examples_rclcpp_cbg_executor/lib'
[3.230s] Level 1:colcon.colcon_core.environment:checking '/home/vboxuser/ros2_ws/install/examples_rclcpp_cbg_executor/bin'
[3.230s] Level 1:colcon.colcon_core.environment:checking '/home/vboxuser/ros2_ws/install/examples_rclcpp_cbg_executor/lib/pkgconfig/examples_rclcpp_cbg_executor.pc'
[3.230s] Level 1:colcon.colcon_core.environment:checking '/home/vboxuser/ros2_ws/install/examples_rclcpp_cbg_executor/lib/python3.10/site-packages'
[3.231s] Level 1:colcon.colcon_core.environment:checking '/home/vboxuser/ros2_ws/install/examples_rclcpp_cbg_executor/bin'
[3.231s] INFO:colcon.colcon_core.shell:Creating package script '/home/vboxuser/ros2_ws/install/examples_rclcpp_cbg_executor/share/examples_rclcpp_cbg_executor/package.ps1'
[3.233s] INFO:colcon.colcon_core.shell:Creating package descriptor '/home/vboxuser/ros2_ws/install/examples_rclcpp_cbg_executor/share/examples_rclcpp_cbg_executor/package.dsv'
[3.235s] INFO:colcon.colcon_core.shell:Creating package script '/home/vboxuser/ros2_ws/install/examples_rclcpp_cbg_executor/share/examples_rclcpp_cbg_executor/package.sh'
[3.237s] INFO:colcon.colcon_core.shell:Creating package script '/home/vboxuser/ros2_ws/install/examples_rclcpp_cbg_executor/share/examples_rclcpp_cbg_executor/package.bash'
[3.238s] INFO:colcon.colcon_core.shell:Creating package script '/home/vboxuser/ros2_ws/install/examples_rclcpp_cbg_executor/share/examples_rclcpp_cbg_executor/package.zsh'
[3.240s] Level 1:colcon.colcon_core.environment:create_file_with_runtime_dependencies(/home/vboxuser/ros2_ws/install/examples_rclcpp_cbg_executor/share/colcon-core/packages/examples_rclcpp_cbg_executor)
[3.243s] INFO:colcon.colcon_ros.task.ament_cmake.build:Building ROS package in '/home/vboxuser/ros2_ws/src/examples/rclcpp/actions/minimal_action_server' with build type 'ament_cmake'
[3.243s] INFO:colcon.colcon_cmake.task.cmake.build:Building CMake package in '/home/vboxuser/ros2_ws/src/examples/rclcpp/actions/minimal_action_server'
[3.243s] INFO:colcon.colcon_core.shell:Skip shell extension 'powershell' for command environment: Not usable outside of PowerShell
[3.244s] DEBUG:colcon.colcon_core.shell:Skip shell extension 'dsv' for command environment
[3.298s] Level 1:colcon.colcon_core.environment:create_environment_scripts_only(examples_rclcpp_async_client)
[3.298s] Level 1:colcon.colcon_core.environment:checking '/home/vboxuser/ros2_ws/install/examples_rclcpp_async_client' for CMake module files
[3.300s] DEBUG:colcon.colcon_core.event_handler.log_command:Invoked command in '/home/vboxuser/ros2_ws/build/examples_rclcpp_async_client' returned '0': CMAKE_PREFIX_PATH=${CMAKE_PREFIX_PATH}:/home/vboxuser/ros2_ws/install/py_pubsub:/home/vboxuser/ros2_ws/install/launch_testing_examples:/home/vboxuser/ros2_ws/install/examples_rclpy_pointcloud_publisher:/home/vboxuser/ros2_ws/install/examples_rclpy_minimal_subscriber:/home/vboxuser/ros2_ws/install/examples_rclpy_minimal_service:/home/vboxuser/ros2_ws/install/examples_rclpy_minimal_publisher:/home/vboxuser/ros2_ws/install/examples_rclpy_minimal_client:/home/vboxuser/ros2_ws/install/examples_rclpy_minimal_action_server:/home/vboxuser/ros2_ws/install/examples_rclpy_minimal_action_client:/home/vboxuser/ros2_ws/install/examples_rclpy_guard_conditions:/home/vboxuser/ros2_ws/install/examples_rclpy_executors:/home/vboxuser/ros2_ws/install/bms_visualizer:/opt/ros/iron:/home/vboxuser/ros2_iron/install/rqt_bag_plugins:/home/vboxuser/ros2_iron/install/rqt_bag:/home/vboxuser/ros2_iron/install/rosbag2_examples_py:/home/vboxuser/ros2_iron/install/launch_testing_examples:/home/vboxuser/ros2_iron/install/ros2bag:/home/vboxuser/ros2_iron/install/tracetools_test:/home/vboxuser/ros2_iron/install/tracetools_launch:/home/vboxuser/ros2_iron/install/topic_monitor:/home/vboxuser/ros2_iron/install/tf2_tools:/home/vboxuser/ros2_iron/install/examples_tf2_py:/home/vboxuser/ros2_iron/install/tf2_ros_py:/home/vboxuser/ros2_iron/install/examples_rclpy_pointcloud_publisher:/home/vboxuser/ros2_iron/install/sensor_msgs_py:/home/vboxuser/ros2_iron/install/quality_of_service_demo_py:/home/vboxuser/ros2_iron/install/rqt_plot:/home/vboxuser/ros2_iron/install/ros2doctor:/home/vboxuser/ros2_iron/install/lifecycle_py:/home/vboxuser/ros2_iron/install/examples_rclpy_minimal_subscriber:/home/vboxuser/ros2_iron/install/examples_rclpy_minimal_service:/home/vboxuser/ros2_iron/install/examples_rclpy_minimal_publisher:/home/vboxuser/ros2_iron/install/examples_rclpy_minimal_client:/home/vboxuser/ros2_iron/install/examples_rclpy_executors:/home/vboxuser/ros2_iron/install/demo_nodes_py:/home/vboxuser/ros2_iron/install/rqt:/home/vboxuser/ros2_iron/install/ros2component:/home/vboxuser/ros2_iron/install/sros2:/home/vboxuser/ros2_iron/install/rqt_topic:/home/vboxuser/ros2_iron/install/rqt_srv:/home/vboxuser/ros2_iron/install/rqt_shell:/home/vboxuser/ros2_iron/install/rqt_service_caller:/home/vboxuser/ros2_iron/install/rqt_reconfigure:/home/vboxuser/ros2_iron/install/rqt_py_console:/home/vboxuser/ros2_iron/install/rqt_publisher:/home/vboxuser/ros2_iron/install/rqt_action:/home/vboxuser/ros2_iron/install/rqt_msg:/home/vboxuser/ros2_iron/install/rqt_console:/home/vboxuser/ros2_iron/install/rqt_graph:/home/vboxuser/ros2_iron/install/rqt_gui_py:/home/vboxuser/ros2_iron/install/rqt_gui:/home/vboxuser/ros2_iron/install/ros2trace:/home/vboxuser/ros2_iron/install/ros2topic:/home/vboxuser/ros2_iron/install/ros2test:/home/vboxuser/ros2_iron/install/ros2param:/home/vboxuser/ros2_iron/install/ros2lifecycle:/home/vboxuser/ros2_iron/install/ros2service:/home/vboxuser/ros2_iron/install/ros2run:/home/vboxuser/ros2_iron/install/ros2launch:/home/vboxuser/ros2_iron/install/ros2pkg:/home/vboxuser/ros2_iron/install/ros2node:/home/vboxuser/ros2_iron/install/ros2multicast:/home/vboxuser/ros2_iron/install/ros2interface:/home/vboxuser/ros2_iron/install/ros2action:/home/vboxuser/ros2_iron/install/ros2cli:/home/vboxuser/ros2_iron/install/launch_testing_ros:/home/vboxuser/ros2_iron/install/launch_ros:/home/vboxuser/ros2_iron/install/examples_rclpy_minimal_action_server:/home/vboxuser/ros2_iron/install/examples_rclpy_minimal_action_client:/home/vboxuser/ros2_iron/install/examples_rclpy_guard_conditions:/home/vboxuser/ros2_iron/install/action_tutorials_py:/home/vboxuser/ros2_iron/install/ament_uncrustify:/home/vboxuser/ros2_iron/install/tracetools_trace:/home/vboxuser/ros2_iron/install/tracetools_read:/home/vboxuser/ros2_iron/install/test_tracetools_launch:/home/vboxuser/ros2_iron/install/test_ros2trace:/home/vboxuser/ros2_iron/install/test_launch_ros:/home/vboxuser/ros2_iron/install/rpyutils:/home/vboxuser/ros2_iron/install/rosidl_runtime_py:/home/vboxuser/ros2_iron/install/rosidl_pycommon:/home/vboxuser/ros2_iron/install/rosidl_cli:/home/vboxuser/ros2_iron/install/launch_pytest:/home/vboxuser/ros2_iron/install/launch_testing:/home/vboxuser/ros2_iron/install/launch_yaml:/home/vboxuser/ros2_iron/install/launch_xml:/home/vboxuser/ros2_iron/install/launch:/home/vboxuser/ros2_iron/install/osrf_pycommon:/home/vboxuser/ros2_iron/install/domain_coordinator:/home/vboxuser/ros2_iron/install/ament_xmllint:/home/vboxuser/ros2_iron/install/ament_pyflakes:/home/vboxuser/ros2_iron/install/ament_pycodestyle:/home/vboxuser/ros2_iron/install/ament_pep257:/home/vboxuser/ros2_iron/install/ament_pclint:/home/vboxuser/ros2_iron/install/ament_package:/home/vboxuser/ros2_iron/install/ament_mypy:/home/vboxuser/ros2_iron/install/ament_lint_cmake:/home/vboxuser/ros2_iron/install/ament_flake8:/home/vboxuser/ros2_iron/install/ament_copyright:/home/vboxuser/ros2_iron/install/ament_lint:/home/vboxuser/ros2_iron/install/ament_index_python:/home/vboxuser/ros2_iron/install/ament_cpplint:/home/vboxuser/ros2_iron/install/ament_cppcheck:/home/vboxuser/ros2_iron/install/ament_clang_tidy:/home/vboxuser/ros2_iron/install/ament_clang_format /usr/bin/cmake --install /home/vboxuser/ros2_ws/build/examples_rclcpp_async_client
[3.302s] Level 1:colcon.colcon_core.environment:checking '/home/vboxuser/ros2_ws/install/examples_rclcpp_async_client' for CMake config files
[3.303s] Level 1:colcon.colcon_core.shell:create_environment_hook('examples_rclcpp_async_client', 'cmake_prefix_path')
[3.303s] INFO:colcon.colcon_core.shell:Creating environment hook '/home/vboxuser/ros2_ws/install/examples_rclcpp_async_client/share/examples_rclcpp_async_client/hook/cmake_prefix_path.ps1'
[3.305s] INFO:colcon.colcon_core.shell:Creating environment descriptor '/home/vboxuser/ros2_ws/install/examples_rclcpp_async_client/share/examples_rclcpp_async_client/hook/cmake_prefix_path.dsv'
[3.309s] INFO:colcon.colcon_core.shell:Creating environment hook '/home/vboxuser/ros2_ws/install/examples_rclcpp_async_client/share/examples_rclcpp_async_client/hook/cmake_prefix_path.sh'
[3.311s] Level 1:colcon.colcon_core.environment:checking '/home/vboxuser/ros2_ws/install/examples_rclcpp_async_client/lib'
[3.311s] Level 1:colcon.colcon_core.environment:checking '/home/vboxuser/ros2_ws/install/examples_rclcpp_async_client/bin'
[3.311s] Level 1:colcon.colcon_core.environment:checking '/home/vboxuser/ros2_ws/install/examples_rclcpp_async_client/lib/pkgconfig/examples_rclcpp_async_client.pc'
[3.312s] Level 1:colcon.colcon_core.environment:checking '/home/vboxuser/ros2_ws/install/examples_rclcpp_async_client/lib/python3.10/site-packages'
[3.313s] Level 1:colcon.colcon_core.environment:checking '/home/vboxuser/ros2_ws/install/examples_rclcpp_async_client/bin'
[3.316s] INFO:colcon.colcon_core.shell:Creating package script '/home/vboxuser/ros2_ws/install/examples_rclcpp_async_client/share/examples_rclcpp_async_client/package.ps1'
[3.318s] INFO:colcon.colcon_core.shell:Creating package descriptor '/home/vboxuser/ros2_ws/install/examples_rclcpp_async_client/share/examples_rclcpp_async_client/package.dsv'
[3.318s] INFO:colcon.colcon_core.shell:Creating package script '/home/vboxuser/ros2_ws/install/examples_rclcpp_async_client/share/examples_rclcpp_async_client/package.sh'
[3.319s] INFO:colcon.colcon_core.shell:Creating package script '/home/vboxuser/ros2_ws/install/examples_rclcpp_async_client/share/examples_rclcpp_async_client/package.bash'
[3.320s] INFO:colcon.colcon_core.shell:Creating package script '/home/vboxuser/ros2_ws/install/examples_rclcpp_async_client/share/examples_rclcpp_async_client/package.zsh'
[3.320s] Level 1:colcon.colcon_core.environment:create_file_with_runtime_dependencies(/home/vboxuser/ros2_ws/install/examples_rclcpp_async_client/share/colcon-core/packages/examples_rclcpp_async_client)
[3.322s] Level 1:colcon.colcon_core.environment:create_environment_scripts_only(examples_rclcpp_async_client)
[3.323s] Level 1:colcon.colcon_core.environment:checking '/home/vboxuser/ros2_ws/install/examples_rclcpp_async_client' for CMake module files
[3.324s] Level 1:colcon.colcon_core.environment:checking '/home/vboxuser/ros2_ws/install/examples_rclcpp_async_client' for CMake config files
[3.324s] Level 1:colcon.colcon_core.shell:create_environment_hook('examples_rclcpp_async_client', 'cmake_prefix_path')
[3.325s] INFO:colcon.colcon_core.shell:Creating environment hook '/home/vboxuser/ros2_ws/install/examples_rclcpp_async_client/share/examples_rclcpp_async_client/hook/cmake_prefix_path.ps1'
[3.327s] INFO:colcon.colcon_core.shell:Creating environment descriptor '/home/vboxuser/ros2_ws/install/examples_rclcpp_async_client/share/examples_rclcpp_async_client/hook/cmake_prefix_path.dsv'
[3.328s] INFO:colcon.colcon_core.shell:Creating environment hook '/home/vboxuser/ros2_ws/install/examples_rclcpp_async_client/share/examples_rclcpp_async_client/hook/cmake_prefix_path.sh'
[3.329s] Level 1:colcon.colcon_core.environment:checking '/home/vboxuser/ros2_ws/install/examples_rclcpp_async_client/lib'
[3.329s] Level 1:colcon.colcon_core.environment:checking '/home/vboxuser/ros2_ws/install/examples_rclcpp_async_client/bin'
[3.329s] Level 1:colcon.colcon_core.environment:checking '/home/vboxuser/ros2_ws/install/examples_rclcpp_async_client/lib/pkgconfig/examples_rclcpp_async_client.pc'
[3.330s] Level 1:colcon.colcon_core.environment:checking '/home/vboxuser/ros2_ws/install/examples_rclcpp_async_client/lib/python3.10/site-packages'
[3.330s] Level 1:colcon.colcon_core.environment:checking '/home/vboxuser/ros2_ws/install/examples_rclcpp_async_client/bin'
[3.331s] INFO:colcon.colcon_core.shell:Creating package script '/home/vboxuser/ros2_ws/install/examples_rclcpp_async_client/share/examples_rclcpp_async_client/package.ps1'
[3.332s] INFO:colcon.colcon_core.shell:Creating package descriptor '/home/vboxuser/ros2_ws/install/examples_rclcpp_async_client/share/examples_rclcpp_async_client/package.dsv'
[3.334s] INFO:colcon.colcon_core.shell:Creating package script '/home/vboxuser/ros2_ws/install/examples_rclcpp_async_client/share/examples_rclcpp_async_client/package.sh'
[3.335s] INFO:colcon.colcon_core.shell:Creating package script '/home/vboxuser/ros2_ws/install/examples_rclcpp_async_client/share/examples_rclcpp_async_client/package.bash'
[3.336s] INFO:colcon.colcon_core.shell:Creating package script '/home/vboxuser/ros2_ws/install/examples_rclcpp_async_client/share/examples_rclcpp_async_client/package.zsh'
[3.338s] Level 1:colcon.colcon_core.environment:create_file_with_runtime_dependencies(/home/vboxuser/ros2_ws/install/examples_rclcpp_async_client/share/colcon-core/packages/examples_rclcpp_async_client)
[3.340s] INFO:colcon.colcon_ros.task.ament_cmake.build:Building ROS package in '/home/vboxuser/ros2_ws/src/examples/rclcpp/services/minimal_client' with build type 'ament_cmake'
[3.341s] INFO:colcon.colcon_cmake.task.cmake.build:Building CMake package in '/home/vboxuser/ros2_ws/src/examples/rclcpp/services/minimal_client'
[3.342s] INFO:colcon.colcon_core.shell:Skip shell extension 'powershell' for command environment: Not usable outside of PowerShell
[3.342s] DEBUG:colcon.colcon_core.shell:Skip shell extension 'dsv' for command environment
[3.403s] DEBUG:colcon.colcon_core.event_handler.log_command:Invoking command in '/home/vboxuser/ros2_ws/build/examples_rclcpp_minimal_action_client': CMAKE_PREFIX_PATH=${CMAKE_PREFIX_PATH}:/home/vboxuser/ros2_ws/install/py_pubsub:/home/vboxuser/ros2_ws/install/launch_testing_examples:/home/vboxuser/ros2_ws/install/examples_rclpy_pointcloud_publisher:/home/vboxuser/ros2_ws/install/examples_rclpy_minimal_subscriber:/home/vboxuser/ros2_ws/install/examples_rclpy_minimal_service:/home/vboxuser/ros2_ws/install/examples_rclpy_minimal_publisher:/home/vboxuser/ros2_ws/install/examples_rclpy_minimal_client:/home/vboxuser/ros2_ws/install/examples_rclpy_minimal_action_server:/home/vboxuser/ros2_ws/install/examples_rclpy_minimal_action_client:/home/vboxuser/ros2_ws/install/examples_rclpy_guard_conditions:/home/vboxuser/ros2_ws/install/examples_rclpy_executors:/home/vboxuser/ros2_ws/install/bms_visualizer:/opt/ros/iron:/home/vboxuser/ros2_iron/install/rqt_bag_plugins:/home/vboxuser/ros2_iron/install/rqt_bag:/home/vboxuser/ros2_iron/install/rosbag2_examples_py:/home/vboxuser/ros2_iron/install/launch_testing_examples:/home/vboxuser/ros2_iron/install/ros2bag:/home/vboxuser/ros2_iron/install/tracetools_test:/home/vboxuser/ros2_iron/install/tracetools_launch:/home/vboxuser/ros2_iron/install/topic_monitor:/home/vboxuser/ros2_iron/install/tf2_tools:/home/vboxuser/ros2_iron/install/examples_tf2_py:/home/vboxuser/ros2_iron/install/tf2_ros_py:/home/vboxuser/ros2_iron/install/examples_rclpy_pointcloud_publisher:/home/vboxuser/ros2_iron/install/sensor_msgs_py:/home/vboxuser/ros2_iron/install/quality_of_service_demo_py:/home/vboxuser/ros2_iron/install/rqt_plot:/home/vboxuser/ros2_iron/install/ros2doctor:/home/vboxuser/ros2_iron/install/lifecycle_py:/home/vboxuser/ros2_iron/install/examples_rclpy_minimal_subscriber:/home/vboxuser/ros2_iron/install/examples_rclpy_minimal_service:/home/vboxuser/ros2_iron/install/examples_rclpy_minimal_publisher:/home/vboxuser/ros2_iron/install/examples_rclpy_minimal_client:/home/vboxuser/ros2_iron/install/examples_rclpy_executors:/home/vboxuser/ros2_iron/install/demo_nodes_py:/home/vboxuser/ros2_iron/install/rqt:/home/vboxuser/ros2_iron/install/ros2component:/home/vboxuser/ros2_iron/install/sros2:/home/vboxuser/ros2_iron/install/rqt_topic:/home/vboxuser/ros2_iron/install/rqt_srv:/home/vboxuser/ros2_iron/install/rqt_shell:/home/vboxuser/ros2_iron/install/rqt_service_caller:/home/vboxuser/ros2_iron/install/rqt_reconfigure:/home/vboxuser/ros2_iron/install/rqt_py_console:/home/vboxuser/ros2_iron/install/rqt_publisher:/home/vboxuser/ros2_iron/install/rqt_action:/home/vboxuser/ros2_iron/install/rqt_msg:/home/vboxuser/ros2_iron/install/rqt_console:/home/vboxuser/ros2_iron/install/rqt_graph:/home/vboxuser/ros2_iron/install/rqt_gui_py:/home/vboxuser/ros2_iron/install/rqt_gui:/home/vboxuser/ros2_iron/install/ros2trace:/home/vboxuser/ros2_iron/install/ros2topic:/home/vboxuser/ros2_iron/install/ros2test:/home/vboxuser/ros2_iron/install/ros2param:/home/vboxuser/ros2_iron/install/ros2lifecycle:/home/vboxuser/ros2_iron/install/ros2service:/home/vboxuser/ros2_iron/install/ros2run:/home/vboxuser/ros2_iron/install/ros2launch:/home/vboxuser/ros2_iron/install/ros2pkg:/home/vboxuser/ros2_iron/install/ros2node:/home/vboxuser/ros2_iron/install/ros2multicast:/home/vboxuser/ros2_iron/install/ros2interface:/home/vboxuser/ros2_iron/install/ros2action:/home/vboxuser/ros2_iron/install/ros2cli:/home/vboxuser/ros2_iron/install/launch_testing_ros:/home/vboxuser/ros2_iron/install/launch_ros:/home/vboxuser/ros2_iron/install/examples_rclpy_minimal_action_server:/home/vboxuser/ros2_iron/install/examples_rclpy_minimal_action_client:/home/vboxuser/ros2_iron/install/examples_rclpy_guard_conditions:/home/vboxuser/ros2_iron/install/action_tutorials_py:/home/vboxuser/ros2_iron/install/ament_uncrustify:/home/vboxuser/ros2_iron/install/tracetools_trace:/home/vboxuser/ros2_iron/install/tracetools_read:/home/vboxuser/ros2_iron/install/test_tracetools_launch:/home/vboxuser/ros2_iron/install/test_ros2trace:/home/vboxuser/ros2_iron/install/test_launch_ros:/home/vboxuser/ros2_iron/install/rpyutils:/home/vboxuser/ros2_iron/install/rosidl_runtime_py:/home/vboxuser/ros2_iron/install/rosidl_pycommon:/home/vboxuser/ros2_iron/install/rosidl_cli:/home/vboxuser/ros2_iron/install/launch_pytest:/home/vboxuser/ros2_iron/install/launch_testing:/home/vboxuser/ros2_iron/install/launch_yaml:/home/vboxuser/ros2_iron/install/launch_xml:/home/vboxuser/ros2_iron/install/launch:/home/vboxuser/ros2_iron/install/osrf_pycommon:/home/vboxuser/ros2_iron/install/domain_coordinator:/home/vboxuser/ros2_iron/install/ament_xmllint:/home/vboxuser/ros2_iron/install/ament_pyflakes:/home/vboxuser/ros2_iron/install/ament_pycodestyle:/home/vboxuser/ros2_iron/install/ament_pep257:/home/vboxuser/ros2_iron/install/ament_pclint:/home/vboxuser/ros2_iron/install/ament_package:/home/vboxuser/ros2_iron/install/ament_mypy:/home/vboxuser/ros2_iron/install/ament_lint_cmake:/home/vboxuser/ros2_iron/install/ament_flake8:/home/vboxuser/ros2_iron/install/ament_copyright:/home/vboxuser/ros2_iron/install/ament_lint:/home/vboxuser/ros2_iron/install/ament_index_python:/home/vboxuser/ros2_iron/install/ament_cpplint:/home/vboxuser/ros2_iron/install/ament_cppcheck:/home/vboxuser/ros2_iron/install/ament_clang_tidy:/home/vboxuser/ros2_iron/install/ament_clang_format /usr/bin/cmake --build /home/vboxuser/ros2_ws/build/examples_rclcpp_minimal_action_client -- -j4 -l4
[3.449s] DEBUG:colcon.colcon_core.event_handler.log_command:Invoking command in '/home/vboxuser/ros2_ws/build/examples_rclcpp_minimal_action_server': CMAKE_PREFIX_PATH=${CMAKE_PREFIX_PATH}:/home/vboxuser/ros2_ws/install/py_pubsub:/home/vboxuser/ros2_ws/install/launch_testing_examples:/home/vboxuser/ros2_ws/install/examples_rclpy_pointcloud_publisher:/home/vboxuser/ros2_ws/install/examples_rclpy_minimal_subscriber:/home/vboxuser/ros2_ws/install/examples_rclpy_minimal_service:/home/vboxuser/ros2_ws/install/examples_rclpy_minimal_publisher:/home/vboxuser/ros2_ws/install/examples_rclpy_minimal_client:/home/vboxuser/ros2_ws/install/examples_rclpy_minimal_action_server:/home/vboxuser/ros2_ws/install/examples_rclpy_minimal_action_client:/home/vboxuser/ros2_ws/install/examples_rclpy_guard_conditions:/home/vboxuser/ros2_ws/install/examples_rclpy_executors:/home/vboxuser/ros2_ws/install/bms_visualizer:/opt/ros/iron:/home/vboxuser/ros2_iron/install/rqt_bag_plugins:/home/vboxuser/ros2_iron/install/rqt_bag:/home/vboxuser/ros2_iron/install/rosbag2_examples_py:/home/vboxuser/ros2_iron/install/launch_testing_examples:/home/vboxuser/ros2_iron/install/ros2bag:/home/vboxuser/ros2_iron/install/tracetools_test:/home/vboxuser/ros2_iron/install/tracetools_launch:/home/vboxuser/ros2_iron/install/topic_monitor:/home/vboxuser/ros2_iron/install/tf2_tools:/home/vboxuser/ros2_iron/install/examples_tf2_py:/home/vboxuser/ros2_iron/install/tf2_ros_py:/home/vboxuser/ros2_iron/install/examples_rclpy_pointcloud_publisher:/home/vboxuser/ros2_iron/install/sensor_msgs_py:/home/vboxuser/ros2_iron/install/quality_of_service_demo_py:/home/vboxuser/ros2_iron/install/rqt_plot:/home/vboxuser/ros2_iron/install/ros2doctor:/home/vboxuser/ros2_iron/install/lifecycle_py:/home/vboxuser/ros2_iron/install/examples_rclpy_minimal_subscriber:/home/vboxuser/ros2_iron/install/examples_rclpy_minimal_service:/home/vboxuser/ros2_iron/install/examples_rclpy_minimal_publisher:/home/vboxuser/ros2_iron/install/examples_rclpy_minimal_client:/home/vboxuser/ros2_iron/install/examples_rclpy_executors:/home/vboxuser/ros2_iron/install/demo_nodes_py:/home/vboxuser/ros2_iron/install/rqt:/home/vboxuser/ros2_iron/install/ros2component:/home/vboxuser/ros2_iron/install/sros2:/home/vboxuser/ros2_iron/install/rqt_topic:/home/vboxuser/ros2_iron/install/rqt_srv:/home/vboxuser/ros2_iron/install/rqt_shell:/home/vboxuser/ros2_iron/install/rqt_service_caller:/home/vboxuser/ros2_iron/install/rqt_reconfigure:/home/vboxuser/ros2_iron/install/rqt_py_console:/home/vboxuser/ros2_iron/install/rqt_publisher:/home/vboxuser/ros2_iron/install/rqt_action:/home/vboxuser/ros2_iron/install/rqt_msg:/home/vboxuser/ros2_iron/install/rqt_console:/home/vboxuser/ros2_iron/install/rqt_graph:/home/vboxuser/ros2_iron/install/rqt_gui_py:/home/vboxuser/ros2_iron/install/rqt_gui:/home/vboxuser/ros2_iron/install/ros2trace:/home/vboxuser/ros2_iron/install/ros2topic:/home/vboxuser/ros2_iron/install/ros2test:/home/vboxuser/ros2_iron/install/ros2param:/home/vboxuser/ros2_iron/install/ros2lifecycle:/home/vboxuser/ros2_iron/install/ros2service:/home/vboxuser/ros2_iron/install/ros2run:/home/vboxuser/ros2_iron/install/ros2launch:/home/vboxuser/ros2_iron/install/ros2pkg:/home/vboxuser/ros2_iron/install/ros2node:/home/vboxuser/ros2_iron/install/ros2multicast:/home/vboxuser/ros2_iron/install/ros2interface:/home/vboxuser/ros2_iron/install/ros2action:/home/vboxuser/ros2_iron/install/ros2cli:/home/vboxuser/ros2_iron/install/launch_testing_ros:/home/vboxuser/ros2_iron/install/launch_ros:/home/vboxuser/ros2_iron/install/examples_rclpy_minimal_action_server:/home/vboxuser/ros2_iron/install/examples_rclpy_minimal_action_client:/home/vboxuser/ros2_iron/install/examples_rclpy_guard_conditions:/home/vboxuser/ros2_iron/install/action_tutorials_py:/home/vboxuser/ros2_iron/install/ament_uncrustify:/home/vboxuser/ros2_iron/install/tracetools_trace:/home/vboxuser/ros2_iron/install/tracetools_read:/home/vboxuser/ros2_iron/install/test_tracetools_launch:/home/vboxuser/ros2_iron/install/test_ros2trace:/home/vboxuser/ros2_iron/install/test_launch_ros:/home/vboxuser/ros2_iron/install/rpyutils:/home/vboxuser/ros2_iron/install/rosidl_runtime_py:/home/vboxuser/ros2_iron/install/rosidl_pycommon:/home/vboxuser/ros2_iron/install/rosidl_cli:/home/vboxuser/ros2_iron/install/launch_pytest:/home/vboxuser/ros2_iron/install/launch_testing:/home/vboxuser/ros2_iron/install/launch_yaml:/home/vboxuser/ros2_iron/install/launch_xml:/home/vboxuser/ros2_iron/install/launch:/home/vboxuser/ros2_iron/install/osrf_pycommon:/home/vboxuser/ros2_iron/install/domain_coordinator:/home/vboxuser/ros2_iron/install/ament_xmllint:/home/vboxuser/ros2_iron/install/ament_pyflakes:/home/vboxuser/ros2_iron/install/ament_pycodestyle:/home/vboxuser/ros2_iron/install/ament_pep257:/home/vboxuser/ros2_iron/install/ament_pclint:/home/vboxuser/ros2_iron/install/ament_package:/home/vboxuser/ros2_iron/install/ament_mypy:/home/vboxuser/ros2_iron/install/ament_lint_cmake:/home/vboxuser/ros2_iron/install/ament_flake8:/home/vboxuser/ros2_iron/install/ament_copyright:/home/vboxuser/ros2_iron/install/ament_lint:/home/vboxuser/ros2_iron/install/ament_index_python:/home/vboxuser/ros2_iron/install/ament_cpplint:/home/vboxuser/ros2_iron/install/ament_cppcheck:/home/vboxuser/ros2_iron/install/ament_clang_tidy:/home/vboxuser/ros2_iron/install/ament_clang_format /usr/bin/cmake --build /home/vboxuser/ros2_ws/build/examples_rclcpp_minimal_action_server -- -j4 -l4
[3.483s] DEBUG:colcon.colcon_core.event_handler.log_command:Invoking command in '/home/vboxuser/ros2_ws/build/examples_rclcpp_minimal_client': CMAKE_PREFIX_PATH=${CMAKE_PREFIX_PATH}:/home/vboxuser/ros2_ws/install/py_pubsub:/home/vboxuser/ros2_ws/install/launch_testing_examples:/home/vboxuser/ros2_ws/install/examples_rclpy_pointcloud_publisher:/home/vboxuser/ros2_ws/install/examples_rclpy_minimal_subscriber:/home/vboxuser/ros2_ws/install/examples_rclpy_minimal_service:/home/vboxuser/ros2_ws/install/examples_rclpy_minimal_publisher:/home/vboxuser/ros2_ws/install/examples_rclpy_minimal_client:/home/vboxuser/ros2_ws/install/examples_rclpy_minimal_action_server:/home/vboxuser/ros2_ws/install/examples_rclpy_minimal_action_client:/home/vboxuser/ros2_ws/install/examples_rclpy_guard_conditions:/home/vboxuser/ros2_ws/install/examples_rclpy_executors:/home/vboxuser/ros2_ws/install/bms_visualizer:/opt/ros/iron:/home/vboxuser/ros2_iron/install/rqt_bag_plugins:/home/vboxuser/ros2_iron/install/rqt_bag:/home/vboxuser/ros2_iron/install/rosbag2_examples_py:/home/vboxuser/ros2_iron/install/launch_testing_examples:/home/vboxuser/ros2_iron/install/ros2bag:/home/vboxuser/ros2_iron/install/tracetools_test:/home/vboxuser/ros2_iron/install/tracetools_launch:/home/vboxuser/ros2_iron/install/topic_monitor:/home/vboxuser/ros2_iron/install/tf2_tools:/home/vboxuser/ros2_iron/install/examples_tf2_py:/home/vboxuser/ros2_iron/install/tf2_ros_py:/home/vboxuser/ros2_iron/install/examples_rclpy_pointcloud_publisher:/home/vboxuser/ros2_iron/install/sensor_msgs_py:/home/vboxuser/ros2_iron/install/quality_of_service_demo_py:/home/vboxuser/ros2_iron/install/rqt_plot:/home/vboxuser/ros2_iron/install/ros2doctor:/home/vboxuser/ros2_iron/install/lifecycle_py:/home/vboxuser/ros2_iron/install/examples_rclpy_minimal_subscriber:/home/vboxuser/ros2_iron/install/examples_rclpy_minimal_service:/home/vboxuser/ros2_iron/install/examples_rclpy_minimal_publisher:/home/vboxuser/ros2_iron/install/examples_rclpy_minimal_client:/home/vboxuser/ros2_iron/install/examples_rclpy_executors:/home/vboxuser/ros2_iron/install/demo_nodes_py:/home/vboxuser/ros2_iron/install/rqt:/home/vboxuser/ros2_iron/install/ros2component:/home/vboxuser/ros2_iron/install/sros2:/home/vboxuser/ros2_iron/install/rqt_topic:/home/vboxuser/ros2_iron/install/rqt_srv:/home/vboxuser/ros2_iron/install/rqt_shell:/home/vboxuser/ros2_iron/install/rqt_service_caller:/home/vboxuser/ros2_iron/install/rqt_reconfigure:/home/vboxuser/ros2_iron/install/rqt_py_console:/home/vboxuser/ros2_iron/install/rqt_publisher:/home/vboxuser/ros2_iron/install/rqt_action:/home/vboxuser/ros2_iron/install/rqt_msg:/home/vboxuser/ros2_iron/install/rqt_console:/home/vboxuser/ros2_iron/install/rqt_graph:/home/vboxuser/ros2_iron/install/rqt_gui_py:/home/vboxuser/ros2_iron/install/rqt_gui:/home/vboxuser/ros2_iron/install/ros2trace:/home/vboxuser/ros2_iron/install/ros2topic:/home/vboxuser/ros2_iron/install/ros2test:/home/vboxuser/ros2_iron/install/ros2param:/home/vboxuser/ros2_iron/install/ros2lifecycle:/home/vboxuser/ros2_iron/install/ros2service:/home/vboxuser/ros2_iron/install/ros2run:/home/vboxuser/ros2_iron/install/ros2launch:/home/vboxuser/ros2_iron/install/ros2pkg:/home/vboxuser/ros2_iron/install/ros2node:/home/vboxuser/ros2_iron/install/ros2multicast:/home/vboxuser/ros2_iron/install/ros2interface:/home/vboxuser/ros2_iron/install/ros2action:/home/vboxuser/ros2_iron/install/ros2cli:/home/vboxuser/ros2_iron/install/launch_testing_ros:/home/vboxuser/ros2_iron/install/launch_ros:/home/vboxuser/ros2_iron/install/examples_rclpy_minimal_action_server:/home/vboxuser/ros2_iron/install/examples_rclpy_minimal_action_client:/home/vboxuser/ros2_iron/install/examples_rclpy_guard_conditions:/home/vboxuser/ros2_iron/install/action_tutorials_py:/home/vboxuser/ros2_iron/install/ament_uncrustify:/home/vboxuser/ros2_iron/install/tracetools_trace:/home/vboxuser/ros2_iron/install/tracetools_read:/home/vboxuser/ros2_iron/install/test_tracetools_launch:/home/vboxuser/ros2_iron/install/test_ros2trace:/home/vboxuser/ros2_iron/install/test_launch_ros:/home/vboxuser/ros2_iron/install/rpyutils:/home/vboxuser/ros2_iron/install/rosidl_runtime_py:/home/vboxuser/ros2_iron/install/rosidl_pycommon:/home/vboxuser/ros2_iron/install/rosidl_cli:/home/vboxuser/ros2_iron/install/launch_pytest:/home/vboxuser/ros2_iron/install/launch_testing:/home/vboxuser/ros2_iron/install/launch_yaml:/home/vboxuser/ros2_iron/install/launch_xml:/home/vboxuser/ros2_iron/install/launch:/home/vboxuser/ros2_iron/install/osrf_pycommon:/home/vboxuser/ros2_iron/install/domain_coordinator:/home/vboxuser/ros2_iron/install/ament_xmllint:/home/vboxuser/ros2_iron/install/ament_pyflakes:/home/vboxuser/ros2_iron/install/ament_pycodestyle:/home/vboxuser/ros2_iron/install/ament_pep257:/home/vboxuser/ros2_iron/install/ament_pclint:/home/vboxuser/ros2_iron/install/ament_package:/home/vboxuser/ros2_iron/install/ament_mypy:/home/vboxuser/ros2_iron/install/ament_lint_cmake:/home/vboxuser/ros2_iron/install/ament_flake8:/home/vboxuser/ros2_iron/install/ament_copyright:/home/vboxuser/ros2_iron/install/ament_lint:/home/vboxuser/ros2_iron/install/ament_index_python:/home/vboxuser/ros2_iron/install/ament_cpplint:/home/vboxuser/ros2_iron/install/ament_cppcheck:/home/vboxuser/ros2_iron/install/ament_clang_tidy:/home/vboxuser/ros2_iron/install/ament_clang_format /usr/bin/cmake --build /home/vboxuser/ros2_ws/build/examples_rclcpp_minimal_client -- -j4 -l4
[4.052s] DEBUG:colcon.colcon_core.event_handler.log_command:Invoked command in '/home/vboxuser/ros2_ws/build/examples_rclcpp_minimal_action_server' returned '0': CMAKE_PREFIX_PATH=${CMAKE_PREFIX_PATH}:/home/vboxuser/ros2_ws/install/py_pubsub:/home/vboxuser/ros2_ws/install/launch_testing_examples:/home/vboxuser/ros2_ws/install/examples_rclpy_pointcloud_publisher:/home/vboxuser/ros2_ws/install/examples_rclpy_minimal_subscriber:/home/vboxuser/ros2_ws/install/examples_rclpy_minimal_service:/home/vboxuser/ros2_ws/install/examples_rclpy_minimal_publisher:/home/vboxuser/ros2_ws/install/examples_rclpy_minimal_client:/home/vboxuser/ros2_ws/install/examples_rclpy_minimal_action_server:/home/vboxuser/ros2_ws/install/examples_rclpy_minimal_action_client:/home/vboxuser/ros2_ws/install/examples_rclpy_guard_conditions:/home/vboxuser/ros2_ws/install/examples_rclpy_executors:/home/vboxuser/ros2_ws/install/bms_visualizer:/opt/ros/iron:/home/vboxuser/ros2_iron/install/rqt_bag_plugins:/home/vboxuser/ros2_iron/install/rqt_bag:/home/vboxuser/ros2_iron/install/rosbag2_examples_py:/home/vboxuser/ros2_iron/install/launch_testing_examples:/home/vboxuser/ros2_iron/install/ros2bag:/home/vboxuser/ros2_iron/install/tracetools_test:/home/vboxuser/ros2_iron/install/tracetools_launch:/home/vboxuser/ros2_iron/install/topic_monitor:/home/vboxuser/ros2_iron/install/tf2_tools:/home/vboxuser/ros2_iron/install/examples_tf2_py:/home/vboxuser/ros2_iron/install/tf2_ros_py:/home/vboxuser/ros2_iron/install/examples_rclpy_pointcloud_publisher:/home/vboxuser/ros2_iron/install/sensor_msgs_py:/home/vboxuser/ros2_iron/install/quality_of_service_demo_py:/home/vboxuser/ros2_iron/install/rqt_plot:/home/vboxuser/ros2_iron/install/ros2doctor:/home/vboxuser/ros2_iron/install/lifecycle_py:/home/vboxuser/ros2_iron/install/examples_rclpy_minimal_subscriber:/home/vboxuser/ros2_iron/install/examples_rclpy_minimal_service:/home/vboxuser/ros2_iron/install/examples_rclpy_minimal_publisher:/home/vboxuser/ros2_iron/install/examples_rclpy_minimal_client:/home/vboxuser/ros2_iron/install/examples_rclpy_executors:/home/vboxuser/ros2_iron/install/demo_nodes_py:/home/vboxuser/ros2_iron/install/rqt:/home/vboxuser/ros2_iron/install/ros2component:/home/vboxuser/ros2_iron/install/sros2:/home/vboxuser/ros2_iron/install/rqt_topic:/home/vboxuser/ros2_iron/install/rqt_srv:/home/vboxuser/ros2_iron/install/rqt_shell:/home/vboxuser/ros2_iron/install/rqt_service_caller:/home/vboxuser/ros2_iron/install/rqt_reconfigure:/home/vboxuser/ros2_iron/install/rqt_py_console:/home/vboxuser/ros2_iron/install/rqt_publisher:/home/vboxuser/ros2_iron/install/rqt_action:/home/vboxuser/ros2_iron/install/rqt_msg:/home/vboxuser/ros2_iron/install/rqt_console:/home/vboxuser/ros2_iron/install/rqt_graph:/home/vboxuser/ros2_iron/install/rqt_gui_py:/home/vboxuser/ros2_iron/install/rqt_gui:/home/vboxuser/ros2_iron/install/ros2trace:/home/vboxuser/ros2_iron/install/ros2topic:/home/vboxuser/ros2_iron/install/ros2test:/home/vboxuser/ros2_iron/install/ros2param:/home/vboxuser/ros2_iron/install/ros2lifecycle:/home/vboxuser/ros2_iron/install/ros2service:/home/vboxuser/ros2_iron/install/ros2run:/home/vboxuser/ros2_iron/install/ros2launch:/home/vboxuser/ros2_iron/install/ros2pkg:/home/vboxuser/ros2_iron/install/ros2node:/home/vboxuser/ros2_iron/install/ros2multicast:/home/vboxuser/ros2_iron/install/ros2interface:/home/vboxuser/ros2_iron/install/ros2action:/home/vboxuser/ros2_iron/install/ros2cli:/home/vboxuser/ros2_iron/install/launch_testing_ros:/home/vboxuser/ros2_iron/install/launch_ros:/home/vboxuser/ros2_iron/install/examples_rclpy_minimal_action_server:/home/vboxuser/ros2_iron/install/examples_rclpy_minimal_action_client:/home/vboxuser/ros2_iron/install/examples_rclpy_guard_conditions:/home/vboxuser/ros2_iron/install/action_tutorials_py:/home/vboxuser/ros2_iron/install/ament_uncrustify:/home/vboxuser/ros2_iron/install/tracetools_trace:/home/vboxuser/ros2_iron/install/tracetools_read:/home/vboxuser/ros2_iron/install/test_tracetools_launch:/home/vboxuser/ros2_iron/install/test_ros2trace:/home/vboxuser/ros2_iron/install/test_launch_ros:/home/vboxuser/ros2_iron/install/rpyutils:/home/vboxuser/ros2_iron/install/rosidl_runtime_py:/home/vboxuser/ros2_iron/install/rosidl_pycommon:/home/vboxuser/ros2_iron/install/rosidl_cli:/home/vboxuser/ros2_iron/install/launch_pytest:/home/vboxuser/ros2_iron/install/launch_testing:/home/vboxuser/ros2_iron/install/launch_yaml:/home/vboxuser/ros2_iron/install/launch_xml:/home/vboxuser/ros2_iron/install/launch:/home/vboxuser/ros2_iron/install/osrf_pycommon:/home/vboxuser/ros2_iron/install/domain_coordinator:/home/vboxuser/ros2_iron/install/ament_xmllint:/home/vboxuser/ros2_iron/install/ament_pyflakes:/home/vboxuser/ros2_iron/install/ament_pycodestyle:/home/vboxuser/ros2_iron/install/ament_pep257:/home/vboxuser/ros2_iron/install/ament_pclint:/home/vboxuser/ros2_iron/install/ament_package:/home/vboxuser/ros2_iron/install/ament_mypy:/home/vboxuser/ros2_iron/install/ament_lint_cmake:/home/vboxuser/ros2_iron/install/ament_flake8:/home/vboxuser/ros2_iron/install/ament_copyright:/home/vboxuser/ros2_iron/install/ament_lint:/home/vboxuser/ros2_iron/install/ament_index_python:/home/vboxuser/ros2_iron/install/ament_cpplint:/home/vboxuser/ros2_iron/install/ament_cppcheck:/home/vboxuser/ros2_iron/install/ament_clang_tidy:/home/vboxuser/ros2_iron/install/ament_clang_format /usr/bin/cmake --build /home/vboxuser/ros2_ws/build/examples_rclcpp_minimal_action_server -- -j4 -l4
[4.053s] DEBUG:colcon.colcon_core.event_handler.log_command:Invoking command in '/home/vboxuser/ros2_ws/build/examples_rclcpp_minimal_action_server': CMAKE_PREFIX_PATH=${CMAKE_PREFIX_PATH}:/home/vboxuser/ros2_ws/install/py_pubsub:/home/vboxuser/ros2_ws/install/launch_testing_examples:/home/vboxuser/ros2_ws/install/examples_rclpy_pointcloud_publisher:/home/vboxuser/ros2_ws/install/examples_rclpy_minimal_subscriber:/home/vboxuser/ros2_ws/install/examples_rclpy_minimal_service:/home/vboxuser/ros2_ws/install/examples_rclpy_minimal_publisher:/home/vboxuser/ros2_ws/install/examples_rclpy_minimal_client:/home/vboxuser/ros2_ws/install/examples_rclpy_minimal_action_server:/home/vboxuser/ros2_ws/install/examples_rclpy_minimal_action_client:/home/vboxuser/ros2_ws/install/examples_rclpy_guard_conditions:/home/vboxuser/ros2_ws/install/examples_rclpy_executors:/home/vboxuser/ros2_ws/install/bms_visualizer:/opt/ros/iron:/home/vboxuser/ros2_iron/install/rqt_bag_plugins:/home/vboxuser/ros2_iron/install/rqt_bag:/home/vboxuser/ros2_iron/install/rosbag2_examples_py:/home/vboxuser/ros2_iron/install/launch_testing_examples:/home/vboxuser/ros2_iron/install/ros2bag:/home/vboxuser/ros2_iron/install/tracetools_test:/home/vboxuser/ros2_iron/install/tracetools_launch:/home/vboxuser/ros2_iron/install/topic_monitor:/home/vboxuser/ros2_iron/install/tf2_tools:/home/vboxuser/ros2_iron/install/examples_tf2_py:/home/vboxuser/ros2_iron/install/tf2_ros_py:/home/vboxuser/ros2_iron/install/examples_rclpy_pointcloud_publisher:/home/vboxuser/ros2_iron/install/sensor_msgs_py:/home/vboxuser/ros2_iron/install/quality_of_service_demo_py:/home/vboxuser/ros2_iron/install/rqt_plot:/home/vboxuser/ros2_iron/install/ros2doctor:/home/vboxuser/ros2_iron/install/lifecycle_py:/home/vboxuser/ros2_iron/install/examples_rclpy_minimal_subscriber:/home/vboxuser/ros2_iron/install/examples_rclpy_minimal_service:/home/vboxuser/ros2_iron/install/examples_rclpy_minimal_publisher:/home/vboxuser/ros2_iron/install/examples_rclpy_minimal_client:/home/vboxuser/ros2_iron/install/examples_rclpy_executors:/home/vboxuser/ros2_iron/install/demo_nodes_py:/home/vboxuser/ros2_iron/install/rqt:/home/vboxuser/ros2_iron/install/ros2component:/home/vboxuser/ros2_iron/install/sros2:/home/vboxuser/ros2_iron/install/rqt_topic:/home/vboxuser/ros2_iron/install/rqt_srv:/home/vboxuser/ros2_iron/install/rqt_shell:/home/vboxuser/ros2_iron/install/rqt_service_caller:/home/vboxuser/ros2_iron/install/rqt_reconfigure:/home/vboxuser/ros2_iron/install/rqt_py_console:/home/vboxuser/ros2_iron/install/rqt_publisher:/home/vboxuser/ros2_iron/install/rqt_action:/home/vboxuser/ros2_iron/install/rqt_msg:/home/vboxuser/ros2_iron/install/rqt_console:/home/vboxuser/ros2_iron/install/rqt_graph:/home/vboxuser/ros2_iron/install/rqt_gui_py:/home/vboxuser/ros2_iron/install/rqt_gui:/home/vboxuser/ros2_iron/install/ros2trace:/home/vboxuser/ros2_iron/install/ros2topic:/home/vboxuser/ros2_iron/install/ros2test:/home/vboxuser/ros2_iron/install/ros2param:/home/vboxuser/ros2_iron/install/ros2lifecycle:/home/vboxuser/ros2_iron/install/ros2service:/home/vboxuser/ros2_iron/install/ros2run:/home/vboxuser/ros2_iron/install/ros2launch:/home/vboxuser/ros2_iron/install/ros2pkg:/home/vboxuser/ros2_iron/install/ros2node:/home/vboxuser/ros2_iron/install/ros2multicast:/home/vboxuser/ros2_iron/install/ros2interface:/home/vboxuser/ros2_iron/install/ros2action:/home/vboxuser/ros2_iron/install/ros2cli:/home/vboxuser/ros2_iron/install/launch_testing_ros:/home/vboxuser/ros2_iron/install/launch_ros:/home/vboxuser/ros2_iron/install/examples_rclpy_minimal_action_server:/home/vboxuser/ros2_iron/install/examples_rclpy_minimal_action_client:/home/vboxuser/ros2_iron/install/examples_rclpy_guard_conditions:/home/vboxuser/ros2_iron/install/action_tutorials_py:/home/vboxuser/ros2_iron/install/ament_uncrustify:/home/vboxuser/ros2_iron/install/tracetools_trace:/home/vboxuser/ros2_iron/install/tracetools_read:/home/vboxuser/ros2_iron/install/test_tracetools_launch:/home/vboxuser/ros2_iron/install/test_ros2trace:/home/vboxuser/ros2_iron/install/test_launch_ros:/home/vboxuser/ros2_iron/install/rpyutils:/home/vboxuser/ros2_iron/install/rosidl_runtime_py:/home/vboxuser/ros2_iron/install/rosidl_pycommon:/home/vboxuser/ros2_iron/install/rosidl_cli:/home/vboxuser/ros2_iron/install/launch_pytest:/home/vboxuser/ros2_iron/install/launch_testing:/home/vboxuser/ros2_iron/install/launch_yaml:/home/vboxuser/ros2_iron/install/launch_xml:/home/vboxuser/ros2_iron/install/launch:/home/vboxuser/ros2_iron/install/osrf_pycommon:/home/vboxuser/ros2_iron/install/domain_coordinator:/home/vboxuser/ros2_iron/install/ament_xmllint:/home/vboxuser/ros2_iron/install/ament_pyflakes:/home/vboxuser/ros2_iron/install/ament_pycodestyle:/home/vboxuser/ros2_iron/install/ament_pep257:/home/vboxuser/ros2_iron/install/ament_pclint:/home/vboxuser/ros2_iron/install/ament_package:/home/vboxuser/ros2_iron/install/ament_mypy:/home/vboxuser/ros2_iron/install/ament_lint_cmake:/home/vboxuser/ros2_iron/install/ament_flake8:/home/vboxuser/ros2_iron/install/ament_copyright:/home/vboxuser/ros2_iron/install/ament_lint:/home/vboxuser/ros2_iron/install/ament_index_python:/home/vboxuser/ros2_iron/install/ament_cpplint:/home/vboxuser/ros2_iron/install/ament_cppcheck:/home/vboxuser/ros2_iron/install/ament_clang_tidy:/home/vboxuser/ros2_iron/install/ament_clang_format /usr/bin/cmake --install /home/vboxuser/ros2_ws/build/examples_rclcpp_minimal_action_server
[4.147s] DEBUG:colcon.colcon_core.event_handler.log_command:Invoked command in '/home/vboxuser/ros2_ws/build/examples_rclcpp_minimal_action_client' returned '0': CMAKE_PREFIX_PATH=${CMAKE_PREFIX_PATH}:/home/vboxuser/ros2_ws/install/py_pubsub:/home/vboxuser/ros2_ws/install/launch_testing_examples:/home/vboxuser/ros2_ws/install/examples_rclpy_pointcloud_publisher:/home/vboxuser/ros2_ws/install/examples_rclpy_minimal_subscriber:/home/vboxuser/ros2_ws/install/examples_rclpy_minimal_service:/home/vboxuser/ros2_ws/install/examples_rclpy_minimal_publisher:/home/vboxuser/ros2_ws/install/examples_rclpy_minimal_client:/home/vboxuser/ros2_ws/install/examples_rclpy_minimal_action_server:/home/vboxuser/ros2_ws/install/examples_rclpy_minimal_action_client:/home/vboxuser/ros2_ws/install/examples_rclpy_guard_conditions:/home/vboxuser/ros2_ws/install/examples_rclpy_executors:/home/vboxuser/ros2_ws/install/bms_visualizer:/opt/ros/iron:/home/vboxuser/ros2_iron/install/rqt_bag_plugins:/home/vboxuser/ros2_iron/install/rqt_bag:/home/vboxuser/ros2_iron/install/rosbag2_examples_py:/home/vboxuser/ros2_iron/install/launch_testing_examples:/home/vboxuser/ros2_iron/install/ros2bag:/home/vboxuser/ros2_iron/install/tracetools_test:/home/vboxuser/ros2_iron/install/tracetools_launch:/home/vboxuser/ros2_iron/install/topic_monitor:/home/vboxuser/ros2_iron/install/tf2_tools:/home/vboxuser/ros2_iron/install/examples_tf2_py:/home/vboxuser/ros2_iron/install/tf2_ros_py:/home/vboxuser/ros2_iron/install/examples_rclpy_pointcloud_publisher:/home/vboxuser/ros2_iron/install/sensor_msgs_py:/home/vboxuser/ros2_iron/install/quality_of_service_demo_py:/home/vboxuser/ros2_iron/install/rqt_plot:/home/vboxuser/ros2_iron/install/ros2doctor:/home/vboxuser/ros2_iron/install/lifecycle_py:/home/vboxuser/ros2_iron/install/examples_rclpy_minimal_subscriber:/home/vboxuser/ros2_iron/install/examples_rclpy_minimal_service:/home/vboxuser/ros2_iron/install/examples_rclpy_minimal_publisher:/home/vboxuser/ros2_iron/install/examples_rclpy_minimal_client:/home/vboxuser/ros2_iron/install/examples_rclpy_executors:/home/vboxuser/ros2_iron/install/demo_nodes_py:/home/vboxuser/ros2_iron/install/rqt:/home/vboxuser/ros2_iron/install/ros2component:/home/vboxuser/ros2_iron/install/sros2:/home/vboxuser/ros2_iron/install/rqt_topic:/home/vboxuser/ros2_iron/install/rqt_srv:/home/vboxuser/ros2_iron/install/rqt_shell:/home/vboxuser/ros2_iron/install/rqt_service_caller:/home/vboxuser/ros2_iron/install/rqt_reconfigure:/home/vboxuser/ros2_iron/install/rqt_py_console:/home/vboxuser/ros2_iron/install/rqt_publisher:/home/vboxuser/ros2_iron/install/rqt_action:/home/vboxuser/ros2_iron/install/rqt_msg:/home/vboxuser/ros2_iron/install/rqt_console:/home/vboxuser/ros2_iron/install/rqt_graph:/home/vboxuser/ros2_iron/install/rqt_gui_py:/home/vboxuser/ros2_iron/install/rqt_gui:/home/vboxuser/ros2_iron/install/ros2trace:/home/vboxuser/ros2_iron/install/ros2topic:/home/vboxuser/ros2_iron/install/ros2test:/home/vboxuser/ros2_iron/install/ros2param:/home/vboxuser/ros2_iron/install/ros2lifecycle:/home/vboxuser/ros2_iron/install/ros2service:/home/vboxuser/ros2_iron/install/ros2run:/home/vboxuser/ros2_iron/install/ros2launch:/home/vboxuser/ros2_iron/install/ros2pkg:/home/vboxuser/ros2_iron/install/ros2node:/home/vboxuser/ros2_iron/install/ros2multicast:/home/vboxuser/ros2_iron/install/ros2interface:/home/vboxuser/ros2_iron/install/ros2action:/home/vboxuser/ros2_iron/install/ros2cli:/home/vboxuser/ros2_iron/install/launch_testing_ros:/home/vboxuser/ros2_iron/install/launch_ros:/home/vboxuser/ros2_iron/install/examples_rclpy_minimal_action_server:/home/vboxuser/ros2_iron/install/examples_rclpy_minimal_action_client:/home/vboxuser/ros2_iron/install/examples_rclpy_guard_conditions:/home/vboxuser/ros2_iron/install/action_tutorials_py:/home/vboxuser/ros2_iron/install/ament_uncrustify:/home/vboxuser/ros2_iron/install/tracetools_trace:/home/vboxuser/ros2_iron/install/tracetools_read:/home/vboxuser/ros2_iron/install/test_tracetools_launch:/home/vboxuser/ros2_iron/install/test_ros2trace:/home/vboxuser/ros2_iron/install/test_launch_ros:/home/vboxuser/ros2_iron/install/rpyutils:/home/vboxuser/ros2_iron/install/rosidl_runtime_py:/home/vboxuser/ros2_iron/install/rosidl_pycommon:/home/vboxuser/ros2_iron/install/rosidl_cli:/home/vboxuser/ros2_iron/install/launch_pytest:/home/vboxuser/ros2_iron/install/launch_testing:/home/vboxuser/ros2_iron/install/launch_yaml:/home/vboxuser/ros2_iron/install/launch_xml:/home/vboxuser/ros2_iron/install/launch:/home/vboxuser/ros2_iron/install/osrf_pycommon:/home/vboxuser/ros2_iron/install/domain_coordinator:/home/vboxuser/ros2_iron/install/ament_xmllint:/home/vboxuser/ros2_iron/install/ament_pyflakes:/home/vboxuser/ros2_iron/install/ament_pycodestyle:/home/vboxuser/ros2_iron/install/ament_pep257:/home/vboxuser/ros2_iron/install/ament_pclint:/home/vboxuser/ros2_iron/install/ament_package:/home/vboxuser/ros2_iron/install/ament_mypy:/home/vboxuser/ros2_iron/install/ament_lint_cmake:/home/vboxuser/ros2_iron/install/ament_flake8:/home/vboxuser/ros2_iron/install/ament_copyright:/home/vboxuser/ros2_iron/install/ament_lint:/home/vboxuser/ros2_iron/install/ament_index_python:/home/vboxuser/ros2_iron/install/ament_cpplint:/home/vboxuser/ros2_iron/install/ament_cppcheck:/home/vboxuser/ros2_iron/install/ament_clang_tidy:/home/vboxuser/ros2_iron/install/ament_clang_format /usr/bin/cmake --build /home/vboxuser/ros2_ws/build/examples_rclcpp_minimal_action_client -- -j4 -l4
[4.150s] DEBUG:colcon.colcon_core.event_handler.log_command:Invoking command in '/home/vboxuser/ros2_ws/build/examples_rclcpp_minimal_action_client': CMAKE_PREFIX_PATH=${CMAKE_PREFIX_PATH}:/home/vboxuser/ros2_ws/install/py_pubsub:/home/vboxuser/ros2_ws/install/launch_testing_examples:/home/vboxuser/ros2_ws/install/examples_rclpy_pointcloud_publisher:/home/vboxuser/ros2_ws/install/examples_rclpy_minimal_subscriber:/home/vboxuser/ros2_ws/install/examples_rclpy_minimal_service:/home/vboxuser/ros2_ws/install/examples_rclpy_minimal_publisher:/home/vboxuser/ros2_ws/install/examples_rclpy_minimal_client:/home/vboxuser/ros2_ws/install/examples_rclpy_minimal_action_server:/home/vboxuser/ros2_ws/install/examples_rclpy_minimal_action_client:/home/vboxuser/ros2_ws/install/examples_rclpy_guard_conditions:/home/vboxuser/ros2_ws/install/examples_rclpy_executors:/home/vboxuser/ros2_ws/install/bms_visualizer:/opt/ros/iron:/home/vboxuser/ros2_iron/install/rqt_bag_plugins:/home/vboxuser/ros2_iron/install/rqt_bag:/home/vboxuser/ros2_iron/install/rosbag2_examples_py:/home/vboxuser/ros2_iron/install/launch_testing_examples:/home/vboxuser/ros2_iron/install/ros2bag:/home/vboxuser/ros2_iron/install/tracetools_test:/home/vboxuser/ros2_iron/install/tracetools_launch:/home/vboxuser/ros2_iron/install/topic_monitor:/home/vboxuser/ros2_iron/install/tf2_tools:/home/vboxuser/ros2_iron/install/examples_tf2_py:/home/vboxuser/ros2_iron/install/tf2_ros_py:/home/vboxuser/ros2_iron/install/examples_rclpy_pointcloud_publisher:/home/vboxuser/ros2_iron/install/sensor_msgs_py:/home/vboxuser/ros2_iron/install/quality_of_service_demo_py:/home/vboxuser/ros2_iron/install/rqt_plot:/home/vboxuser/ros2_iron/install/ros2doctor:/home/vboxuser/ros2_iron/install/lifecycle_py:/home/vboxuser/ros2_iron/install/examples_rclpy_minimal_subscriber:/home/vboxuser/ros2_iron/install/examples_rclpy_minimal_service:/home/vboxuser/ros2_iron/install/examples_rclpy_minimal_publisher:/home/vboxuser/ros2_iron/install/examples_rclpy_minimal_client:/home/vboxuser/ros2_iron/install/examples_rclpy_executors:/home/vboxuser/ros2_iron/install/demo_nodes_py:/home/vboxuser/ros2_iron/install/rqt:/home/vboxuser/ros2_iron/install/ros2component:/home/vboxuser/ros2_iron/install/sros2:/home/vboxuser/ros2_iron/install/rqt_topic:/home/vboxuser/ros2_iron/install/rqt_srv:/home/vboxuser/ros2_iron/install/rqt_shell:/home/vboxuser/ros2_iron/install/rqt_service_caller:/home/vboxuser/ros2_iron/install/rqt_reconfigure:/home/vboxuser/ros2_iron/install/rqt_py_console:/home/vboxuser/ros2_iron/install/rqt_publisher:/home/vboxuser/ros2_iron/install/rqt_action:/home/vboxuser/ros2_iron/install/rqt_msg:/home/vboxuser/ros2_iron/install/rqt_console:/home/vboxuser/ros2_iron/install/rqt_graph:/home/vboxuser/ros2_iron/install/rqt_gui_py:/home/vboxuser/ros2_iron/install/rqt_gui:/home/vboxuser/ros2_iron/install/ros2trace:/home/vboxuser/ros2_iron/install/ros2topic:/home/vboxuser/ros2_iron/install/ros2test:/home/vboxuser/ros2_iron/install/ros2param:/home/vboxuser/ros2_iron/install/ros2lifecycle:/home/vboxuser/ros2_iron/install/ros2service:/home/vboxuser/ros2_iron/install/ros2run:/home/vboxuser/ros2_iron/install/ros2launch:/home/vboxuser/ros2_iron/install/ros2pkg:/home/vboxuser/ros2_iron/install/ros2node:/home/vboxuser/ros2_iron/install/ros2multicast:/home/vboxuser/ros2_iron/install/ros2interface:/home/vboxuser/ros2_iron/install/ros2action:/home/vboxuser/ros2_iron/install/ros2cli:/home/vboxuser/ros2_iron/install/launch_testing_ros:/home/vboxuser/ros2_iron/install/launch_ros:/home/vboxuser/ros2_iron/install/examples_rclpy_minimal_action_server:/home/vboxuser/ros2_iron/install/examples_rclpy_minimal_action_client:/home/vboxuser/ros2_iron/install/examples_rclpy_guard_conditions:/home/vboxuser/ros2_iron/install/action_tutorials_py:/home/vboxuser/ros2_iron/install/ament_uncrustify:/home/vboxuser/ros2_iron/install/tracetools_trace:/home/vboxuser/ros2_iron/install/tracetools_read:/home/vboxuser/ros2_iron/install/test_tracetools_launch:/home/vboxuser/ros2_iron/install/test_ros2trace:/home/vboxuser/ros2_iron/install/test_launch_ros:/home/vboxuser/ros2_iron/install/rpyutils:/home/vboxuser/ros2_iron/install/rosidl_runtime_py:/home/vboxuser/ros2_iron/install/rosidl_pycommon:/home/vboxuser/ros2_iron/install/rosidl_cli:/home/vboxuser/ros2_iron/install/launch_pytest:/home/vboxuser/ros2_iron/install/launch_testing:/home/vboxuser/ros2_iron/install/launch_yaml:/home/vboxuser/ros2_iron/install/launch_xml:/home/vboxuser/ros2_iron/install/launch:/home/vboxuser/ros2_iron/install/osrf_pycommon:/home/vboxuser/ros2_iron/install/domain_coordinator:/home/vboxuser/ros2_iron/install/ament_xmllint:/home/vboxuser/ros2_iron/install/ament_pyflakes:/home/vboxuser/ros2_iron/install/ament_pycodestyle:/home/vboxuser/ros2_iron/install/ament_pep257:/home/vboxuser/ros2_iron/install/ament_pclint:/home/vboxuser/ros2_iron/install/ament_package:/home/vboxuser/ros2_iron/install/ament_mypy:/home/vboxuser/ros2_iron/install/ament_lint_cmake:/home/vboxuser/ros2_iron/install/ament_flake8:/home/vboxuser/ros2_iron/install/ament_copyright:/home/vboxuser/ros2_iron/install/ament_lint:/home/vboxuser/ros2_iron/install/ament_index_python:/home/vboxuser/ros2_iron/install/ament_cpplint:/home/vboxuser/ros2_iron/install/ament_cppcheck:/home/vboxuser/ros2_iron/install/ament_clang_tidy:/home/vboxuser/ros2_iron/install/ament_clang_format /usr/bin/cmake --install /home/vboxuser/ros2_ws/build/examples_rclcpp_minimal_action_client
[4.234s] DEBUG:colcon.colcon_core.event_handler.log_command:Invoked command in '/home/vboxuser/ros2_ws/build/examples_rclcpp_minimal_client' returned '0': CMAKE_PREFIX_PATH=${CMAKE_PREFIX_PATH}:/home/vboxuser/ros2_ws/install/py_pubsub:/home/vboxuser/ros2_ws/install/launch_testing_examples:/home/vboxuser/ros2_ws/install/examples_rclpy_pointcloud_publisher:/home/vboxuser/ros2_ws/install/examples_rclpy_minimal_subscriber:/home/vboxuser/ros2_ws/install/examples_rclpy_minimal_service:/home/vboxuser/ros2_ws/install/examples_rclpy_minimal_publisher:/home/vboxuser/ros2_ws/install/examples_rclpy_minimal_client:/home/vboxuser/ros2_ws/install/examples_rclpy_minimal_action_server:/home/vboxuser/ros2_ws/install/examples_rclpy_minimal_action_client:/home/vboxuser/ros2_ws/install/examples_rclpy_guard_conditions:/home/vboxuser/ros2_ws/install/examples_rclpy_executors:/home/vboxuser/ros2_ws/install/bms_visualizer:/opt/ros/iron:/home/vboxuser/ros2_iron/install/rqt_bag_plugins:/home/vboxuser/ros2_iron/install/rqt_bag:/home/vboxuser/ros2_iron/install/rosbag2_examples_py:/home/vboxuser/ros2_iron/install/launch_testing_examples:/home/vboxuser/ros2_iron/install/ros2bag:/home/vboxuser/ros2_iron/install/tracetools_test:/home/vboxuser/ros2_iron/install/tracetools_launch:/home/vboxuser/ros2_iron/install/topic_monitor:/home/vboxuser/ros2_iron/install/tf2_tools:/home/vboxuser/ros2_iron/install/examples_tf2_py:/home/vboxuser/ros2_iron/install/tf2_ros_py:/home/vboxuser/ros2_iron/install/examples_rclpy_pointcloud_publisher:/home/vboxuser/ros2_iron/install/sensor_msgs_py:/home/vboxuser/ros2_iron/install/quality_of_service_demo_py:/home/vboxuser/ros2_iron/install/rqt_plot:/home/vboxuser/ros2_iron/install/ros2doctor:/home/vboxuser/ros2_iron/install/lifecycle_py:/home/vboxuser/ros2_iron/install/examples_rclpy_minimal_subscriber:/home/vboxuser/ros2_iron/install/examples_rclpy_minimal_service:/home/vboxuser/ros2_iron/install/examples_rclpy_minimal_publisher:/home/vboxuser/ros2_iron/install/examples_rclpy_minimal_client:/home/vboxuser/ros2_iron/install/examples_rclpy_executors:/home/vboxuser/ros2_iron/install/demo_nodes_py:/home/vboxuser/ros2_iron/install/rqt:/home/vboxuser/ros2_iron/install/ros2component:/home/vboxuser/ros2_iron/install/sros2:/home/vboxuser/ros2_iron/install/rqt_topic:/home/vboxuser/ros2_iron/install/rqt_srv:/home/vboxuser/ros2_iron/install/rqt_shell:/home/vboxuser/ros2_iron/install/rqt_service_caller:/home/vboxuser/ros2_iron/install/rqt_reconfigure:/home/vboxuser/ros2_iron/install/rqt_py_console:/home/vboxuser/ros2_iron/install/rqt_publisher:/home/vboxuser/ros2_iron/install/rqt_action:/home/vboxuser/ros2_iron/install/rqt_msg:/home/vboxuser/ros2_iron/install/rqt_console:/home/vboxuser/ros2_iron/install/rqt_graph:/home/vboxuser/ros2_iron/install/rqt_gui_py:/home/vboxuser/ros2_iron/install/rqt_gui:/home/vboxuser/ros2_iron/install/ros2trace:/home/vboxuser/ros2_iron/install/ros2topic:/home/vboxuser/ros2_iron/install/ros2test:/home/vboxuser/ros2_iron/install/ros2param:/home/vboxuser/ros2_iron/install/ros2lifecycle:/home/vboxuser/ros2_iron/install/ros2service:/home/vboxuser/ros2_iron/install/ros2run:/home/vboxuser/ros2_iron/install/ros2launch:/home/vboxuser/ros2_iron/install/ros2pkg:/home/vboxuser/ros2_iron/install/ros2node:/home/vboxuser/ros2_iron/install/ros2multicast:/home/vboxuser/ros2_iron/install/ros2interface:/home/vboxuser/ros2_iron/install/ros2action:/home/vboxuser/ros2_iron/install/ros2cli:/home/vboxuser/ros2_iron/install/launch_testing_ros:/home/vboxuser/ros2_iron/install/launch_ros:/home/vboxuser/ros2_iron/install/examples_rclpy_minimal_action_server:/home/vboxuser/ros2_iron/install/examples_rclpy_minimal_action_client:/home/vboxuser/ros2_iron/install/examples_rclpy_guard_conditions:/home/vboxuser/ros2_iron/install/action_tutorials_py:/home/vboxuser/ros2_iron/install/ament_uncrustify:/home/vboxuser/ros2_iron/install/tracetools_trace:/home/vboxuser/ros2_iron/install/tracetools_read:/home/vboxuser/ros2_iron/install/test_tracetools_launch:/home/vboxuser/ros2_iron/install/test_ros2trace:/home/vboxuser/ros2_iron/install/test_launch_ros:/home/vboxuser/ros2_iron/install/rpyutils:/home/vboxuser/ros2_iron/install/rosidl_runtime_py:/home/vboxuser/ros2_iron/install/rosidl_pycommon:/home/vboxuser/ros2_iron/install/rosidl_cli:/home/vboxuser/ros2_iron/install/launch_pytest:/home/vboxuser/ros2_iron/install/launch_testing:/home/vboxuser/ros2_iron/install/launch_yaml:/home/vboxuser/ros2_iron/install/launch_xml:/home/vboxuser/ros2_iron/install/launch:/home/vboxuser/ros2_iron/install/osrf_pycommon:/home/vboxuser/ros2_iron/install/domain_coordinator:/home/vboxuser/ros2_iron/install/ament_xmllint:/home/vboxuser/ros2_iron/install/ament_pyflakes:/home/vboxuser/ros2_iron/install/ament_pycodestyle:/home/vboxuser/ros2_iron/install/ament_pep257:/home/vboxuser/ros2_iron/install/ament_pclint:/home/vboxuser/ros2_iron/install/ament_package:/home/vboxuser/ros2_iron/install/ament_mypy:/home/vboxuser/ros2_iron/install/ament_lint_cmake:/home/vboxuser/ros2_iron/install/ament_flake8:/home/vboxuser/ros2_iron/install/ament_copyright:/home/vboxuser/ros2_iron/install/ament_lint:/home/vboxuser/ros2_iron/install/ament_index_python:/home/vboxuser/ros2_iron/install/ament_cpplint:/home/vboxuser/ros2_iron/install/ament_cppcheck:/home/vboxuser/ros2_iron/install/ament_clang_tidy:/home/vboxuser/ros2_iron/install/ament_clang_format /usr/bin/cmake --build /home/vboxuser/ros2_ws/build/examples_rclcpp_minimal_client -- -j4 -l4
[4.244s] DEBUG:colcon.colcon_core.event_handler.log_command:Invoking command in '/home/vboxuser/ros2_ws/build/examples_rclcpp_minimal_client': CMAKE_PREFIX_PATH=${CMAKE_PREFIX_PATH}:/home/vboxuser/ros2_ws/install/py_pubsub:/home/vboxuser/ros2_ws/install/launch_testing_examples:/home/vboxuser/ros2_ws/install/examples_rclpy_pointcloud_publisher:/home/vboxuser/ros2_ws/install/examples_rclpy_minimal_subscriber:/home/vboxuser/ros2_ws/install/examples_rclpy_minimal_service:/home/vboxuser/ros2_ws/install/examples_rclpy_minimal_publisher:/home/vboxuser/ros2_ws/install/examples_rclpy_minimal_client:/home/vboxuser/ros2_ws/install/examples_rclpy_minimal_action_server:/home/vboxuser/ros2_ws/install/examples_rclpy_minimal_action_client:/home/vboxuser/ros2_ws/install/examples_rclpy_guard_conditions:/home/vboxuser/ros2_ws/install/examples_rclpy_executors:/home/vboxuser/ros2_ws/install/bms_visualizer:/opt/ros/iron:/home/vboxuser/ros2_iron/install/rqt_bag_plugins:/home/vboxuser/ros2_iron/install/rqt_bag:/home/vboxuser/ros2_iron/install/rosbag2_examples_py:/home/vboxuser/ros2_iron/install/launch_testing_examples:/home/vboxuser/ros2_iron/install/ros2bag:/home/vboxuser/ros2_iron/install/tracetools_test:/home/vboxuser/ros2_iron/install/tracetools_launch:/home/vboxuser/ros2_iron/install/topic_monitor:/home/vboxuser/ros2_iron/install/tf2_tools:/home/vboxuser/ros2_iron/install/examples_tf2_py:/home/vboxuser/ros2_iron/install/tf2_ros_py:/home/vboxuser/ros2_iron/install/examples_rclpy_pointcloud_publisher:/home/vboxuser/ros2_iron/install/sensor_msgs_py:/home/vboxuser/ros2_iron/install/quality_of_service_demo_py:/home/vboxuser/ros2_iron/install/rqt_plot:/home/vboxuser/ros2_iron/install/ros2doctor:/home/vboxuser/ros2_iron/install/lifecycle_py:/home/vboxuser/ros2_iron/install/examples_rclpy_minimal_subscriber:/home/vboxuser/ros2_iron/install/examples_rclpy_minimal_service:/home/vboxuser/ros2_iron/install/examples_rclpy_minimal_publisher:/home/vboxuser/ros2_iron/install/examples_rclpy_minimal_client:/home/vboxuser/ros2_iron/install/examples_rclpy_executors:/home/vboxuser/ros2_iron/install/demo_nodes_py:/home/vboxuser/ros2_iron/install/rqt:/home/vboxuser/ros2_iron/install/ros2component:/home/vboxuser/ros2_iron/install/sros2:/home/vboxuser/ros2_iron/install/rqt_topic:/home/vboxuser/ros2_iron/install/rqt_srv:/home/vboxuser/ros2_iron/install/rqt_shell:/home/vboxuser/ros2_iron/install/rqt_service_caller:/home/vboxuser/ros2_iron/install/rqt_reconfigure:/home/vboxuser/ros2_iron/install/rqt_py_console:/home/vboxuser/ros2_iron/install/rqt_publisher:/home/vboxuser/ros2_iron/install/rqt_action:/home/vboxuser/ros2_iron/install/rqt_msg:/home/vboxuser/ros2_iron/install/rqt_console:/home/vboxuser/ros2_iron/install/rqt_graph:/home/vboxuser/ros2_iron/install/rqt_gui_py:/home/vboxuser/ros2_iron/install/rqt_gui:/home/vboxuser/ros2_iron/install/ros2trace:/home/vboxuser/ros2_iron/install/ros2topic:/home/vboxuser/ros2_iron/install/ros2test:/home/vboxuser/ros2_iron/install/ros2param:/home/vboxuser/ros2_iron/install/ros2lifecycle:/home/vboxuser/ros2_iron/install/ros2service:/home/vboxuser/ros2_iron/install/ros2run:/home/vboxuser/ros2_iron/install/ros2launch:/home/vboxuser/ros2_iron/install/ros2pkg:/home/vboxuser/ros2_iron/install/ros2node:/home/vboxuser/ros2_iron/install/ros2multicast:/home/vboxuser/ros2_iron/install/ros2interface:/home/vboxuser/ros2_iron/install/ros2action:/home/vboxuser/ros2_iron/install/ros2cli:/home/vboxuser/ros2_iron/install/launch_testing_ros:/home/vboxuser/ros2_iron/install/launch_ros:/home/vboxuser/ros2_iron/install/examples_rclpy_minimal_action_server:/home/vboxuser/ros2_iron/install/examples_rclpy_minimal_action_client:/home/vboxuser/ros2_iron/install/examples_rclpy_guard_conditions:/home/vboxuser/ros2_iron/install/action_tutorials_py:/home/vboxuser/ros2_iron/install/ament_uncrustify:/home/vboxuser/ros2_iron/install/tracetools_trace:/home/vboxuser/ros2_iron/install/tracetools_read:/home/vboxuser/ros2_iron/install/test_tracetools_launch:/home/vboxuser/ros2_iron/install/test_ros2trace:/home/vboxuser/ros2_iron/install/test_launch_ros:/home/vboxuser/ros2_iron/install/rpyutils:/home/vboxuser/ros2_iron/install/rosidl_runtime_py:/home/vboxuser/ros2_iron/install/rosidl_pycommon:/home/vboxuser/ros2_iron/install/rosidl_cli:/home/vboxuser/ros2_iron/install/launch_pytest:/home/vboxuser/ros2_iron/install/launch_testing:/home/vboxuser/ros2_iron/install/launch_yaml:/home/vboxuser/ros2_iron/install/launch_xml:/home/vboxuser/ros2_iron/install/launch:/home/vboxuser/ros2_iron/install/osrf_pycommon:/home/vboxuser/ros2_iron/install/domain_coordinator:/home/vboxuser/ros2_iron/install/ament_xmllint:/home/vboxuser/ros2_iron/install/ament_pyflakes:/home/vboxuser/ros2_iron/install/ament_pycodestyle:/home/vboxuser/ros2_iron/install/ament_pep257:/home/vboxuser/ros2_iron/install/ament_pclint:/home/vboxuser/ros2_iron/install/ament_package:/home/vboxuser/ros2_iron/install/ament_mypy:/home/vboxuser/ros2_iron/install/ament_lint_cmake:/home/vboxuser/ros2_iron/install/ament_flake8:/home/vboxuser/ros2_iron/install/ament_copyright:/home/vboxuser/ros2_iron/install/ament_lint:/home/vboxuser/ros2_iron/install/ament_index_python:/home/vboxuser/ros2_iron/install/ament_cpplint:/home/vboxuser/ros2_iron/install/ament_cppcheck:/home/vboxuser/ros2_iron/install/ament_clang_tidy:/home/vboxuser/ros2_iron/install/ament_clang_format /usr/bin/cmake --install /home/vboxuser/ros2_ws/build/examples_rclcpp_minimal_client
[4.259s] Level 1:colcon.colcon_core.environment:create_environment_scripts_only(examples_rclcpp_minimal_action_server)
[4.260s] Level 1:colcon.colcon_core.environment:checking '/home/vboxuser/ros2_ws/install/examples_rclcpp_minimal_action_server' for CMake module files
[4.262s] DEBUG:colcon.colcon_core.event_handler.log_command:Invoked command in '/home/vboxuser/ros2_ws/build/examples_rclcpp_minimal_action_server' returned '0': CMAKE_PREFIX_PATH=${CMAKE_PREFIX_PATH}:/home/vboxuser/ros2_ws/install/py_pubsub:/home/vboxuser/ros2_ws/install/launch_testing_examples:/home/vboxuser/ros2_ws/install/examples_rclpy_pointcloud_publisher:/home/vboxuser/ros2_ws/install/examples_rclpy_minimal_subscriber:/home/vboxuser/ros2_ws/install/examples_rclpy_minimal_service:/home/vboxuser/ros2_ws/install/examples_rclpy_minimal_publisher:/home/vboxuser/ros2_ws/install/examples_rclpy_minimal_client:/home/vboxuser/ros2_ws/install/examples_rclpy_minimal_action_server:/home/vboxuser/ros2_ws/install/examples_rclpy_minimal_action_client:/home/vboxuser/ros2_ws/install/examples_rclpy_guard_conditions:/home/vboxuser/ros2_ws/install/examples_rclpy_executors:/home/vboxuser/ros2_ws/install/bms_visualizer:/opt/ros/iron:/home/vboxuser/ros2_iron/install/rqt_bag_plugins:/home/vboxuser/ros2_iron/install/rqt_bag:/home/vboxuser/ros2_iron/install/rosbag2_examples_py:/home/vboxuser/ros2_iron/install/launch_testing_examples:/home/vboxuser/ros2_iron/install/ros2bag:/home/vboxuser/ros2_iron/install/tracetools_test:/home/vboxuser/ros2_iron/install/tracetools_launch:/home/vboxuser/ros2_iron/install/topic_monitor:/home/vboxuser/ros2_iron/install/tf2_tools:/home/vboxuser/ros2_iron/install/examples_tf2_py:/home/vboxuser/ros2_iron/install/tf2_ros_py:/home/vboxuser/ros2_iron/install/examples_rclpy_pointcloud_publisher:/home/vboxuser/ros2_iron/install/sensor_msgs_py:/home/vboxuser/ros2_iron/install/quality_of_service_demo_py:/home/vboxuser/ros2_iron/install/rqt_plot:/home/vboxuser/ros2_iron/install/ros2doctor:/home/vboxuser/ros2_iron/install/lifecycle_py:/home/vboxuser/ros2_iron/install/examples_rclpy_minimal_subscriber:/home/vboxuser/ros2_iron/install/examples_rclpy_minimal_service:/home/vboxuser/ros2_iron/install/examples_rclpy_minimal_publisher:/home/vboxuser/ros2_iron/install/examples_rclpy_minimal_client:/home/vboxuser/ros2_iron/install/examples_rclpy_executors:/home/vboxuser/ros2_iron/install/demo_nodes_py:/home/vboxuser/ros2_iron/install/rqt:/home/vboxuser/ros2_iron/install/ros2component:/home/vboxuser/ros2_iron/install/sros2:/home/vboxuser/ros2_iron/install/rqt_topic:/home/vboxuser/ros2_iron/install/rqt_srv:/home/vboxuser/ros2_iron/install/rqt_shell:/home/vboxuser/ros2_iron/install/rqt_service_caller:/home/vboxuser/ros2_iron/install/rqt_reconfigure:/home/vboxuser/ros2_iron/install/rqt_py_console:/home/vboxuser/ros2_iron/install/rqt_publisher:/home/vboxuser/ros2_iron/install/rqt_action:/home/vboxuser/ros2_iron/install/rqt_msg:/home/vboxuser/ros2_iron/install/rqt_console:/home/vboxuser/ros2_iron/install/rqt_graph:/home/vboxuser/ros2_iron/install/rqt_gui_py:/home/vboxuser/ros2_iron/install/rqt_gui:/home/vboxuser/ros2_iron/install/ros2trace:/home/vboxuser/ros2_iron/install/ros2topic:/home/vboxuser/ros2_iron/install/ros2test:/home/vboxuser/ros2_iron/install/ros2param:/home/vboxuser/ros2_iron/install/ros2lifecycle:/home/vboxuser/ros2_iron/install/ros2service:/home/vboxuser/ros2_iron/install/ros2run:/home/vboxuser/ros2_iron/install/ros2launch:/home/vboxuser/ros2_iron/install/ros2pkg:/home/vboxuser/ros2_iron/install/ros2node:/home/vboxuser/ros2_iron/install/ros2multicast:/home/vboxuser/ros2_iron/install/ros2interface:/home/vboxuser/ros2_iron/install/ros2action:/home/vboxuser/ros2_iron/install/ros2cli:/home/vboxuser/ros2_iron/install/launch_testing_ros:/home/vboxuser/ros2_iron/install/launch_ros:/home/vboxuser/ros2_iron/install/examples_rclpy_minimal_action_server:/home/vboxuser/ros2_iron/install/examples_rclpy_minimal_action_client:/home/vboxuser/ros2_iron/install/examples_rclpy_guard_conditions:/home/vboxuser/ros2_iron/install/action_tutorials_py:/home/vboxuser/ros2_iron/install/ament_uncrustify:/home/vboxuser/ros2_iron/install/tracetools_trace:/home/vboxuser/ros2_iron/install/tracetools_read:/home/vboxuser/ros2_iron/install/test_tracetools_launch:/home/vboxuser/ros2_iron/install/test_ros2trace:/home/vboxuser/ros2_iron/install/test_launch_ros:/home/vboxuser/ros2_iron/install/rpyutils:/home/vboxuser/ros2_iron/install/rosidl_runtime_py:/home/vboxuser/ros2_iron/install/rosidl_pycommon:/home/vboxuser/ros2_iron/install/rosidl_cli:/home/vboxuser/ros2_iron/install/launch_pytest:/home/vboxuser/ros2_iron/install/launch_testing:/home/vboxuser/ros2_iron/install/launch_yaml:/home/vboxuser/ros2_iron/install/launch_xml:/home/vboxuser/ros2_iron/install/launch:/home/vboxuser/ros2_iron/install/osrf_pycommon:/home/vboxuser/ros2_iron/install/domain_coordinator:/home/vboxuser/ros2_iron/install/ament_xmllint:/home/vboxuser/ros2_iron/install/ament_pyflakes:/home/vboxuser/ros2_iron/install/ament_pycodestyle:/home/vboxuser/ros2_iron/install/ament_pep257:/home/vboxuser/ros2_iron/install/ament_pclint:/home/vboxuser/ros2_iron/install/ament_package:/home/vboxuser/ros2_iron/install/ament_mypy:/home/vboxuser/ros2_iron/install/ament_lint_cmake:/home/vboxuser/ros2_iron/install/ament_flake8:/home/vboxuser/ros2_iron/install/ament_copyright:/home/vboxuser/ros2_iron/install/ament_lint:/home/vboxuser/ros2_iron/install/ament_index_python:/home/vboxuser/ros2_iron/install/ament_cpplint:/home/vboxuser/ros2_iron/install/ament_cppcheck:/home/vboxuser/ros2_iron/install/ament_clang_tidy:/home/vboxuser/ros2_iron/install/ament_clang_format /usr/bin/cmake --install /home/vboxuser/ros2_ws/build/examples_rclcpp_minimal_action_server
[4.294s] Level 1:colcon.colcon_core.environment:checking '/home/vboxuser/ros2_ws/install/examples_rclcpp_minimal_action_server' for CMake config files
[4.302s] Level 1:colcon.colcon_core.shell:create_environment_hook('examples_rclcpp_minimal_action_server', 'cmake_prefix_path')
[4.303s] INFO:colcon.colcon_core.shell:Creating environment hook '/home/vboxuser/ros2_ws/install/examples_rclcpp_minimal_action_server/share/examples_rclcpp_minimal_action_server/hook/cmake_prefix_path.ps1'
[4.311s] INFO:colcon.colcon_core.shell:Creating environment descriptor '/home/vboxuser/ros2_ws/install/examples_rclcpp_minimal_action_server/share/examples_rclcpp_minimal_action_server/hook/cmake_prefix_path.dsv'
[4.320s] INFO:colcon.colcon_core.shell:Creating environment hook '/home/vboxuser/ros2_ws/install/examples_rclcpp_minimal_action_server/share/examples_rclcpp_minimal_action_server/hook/cmake_prefix_path.sh'
[4.326s] Level 1:colcon.colcon_core.environment:checking '/home/vboxuser/ros2_ws/install/examples_rclcpp_minimal_action_server/lib'
[4.329s] Level 1:colcon.colcon_core.environment:checking '/home/vboxuser/ros2_ws/install/examples_rclcpp_minimal_action_server/bin'
[4.334s] Level 1:colcon.colcon_core.environment:checking '/home/vboxuser/ros2_ws/install/examples_rclcpp_minimal_action_server/lib/pkgconfig/examples_rclcpp_minimal_action_server.pc'
[4.335s] Level 1:colcon.colcon_core.environment:checking '/home/vboxuser/ros2_ws/install/examples_rclcpp_minimal_action_server/lib/python3.10/site-packages'
[4.336s] Level 1:colcon.colcon_core.environment:checking '/home/vboxuser/ros2_ws/install/examples_rclcpp_minimal_action_server/bin'
[4.349s] INFO:colcon.colcon_core.shell:Creating package script '/home/vboxuser/ros2_ws/install/examples_rclcpp_minimal_action_server/share/examples_rclcpp_minimal_action_server/package.ps1'
[4.353s] INFO:colcon.colcon_core.shell:Creating package descriptor '/home/vboxuser/ros2_ws/install/examples_rclcpp_minimal_action_server/share/examples_rclcpp_minimal_action_server/package.dsv'
[4.359s] INFO:colcon.colcon_core.shell:Creating package script '/home/vboxuser/ros2_ws/install/examples_rclcpp_minimal_action_server/share/examples_rclcpp_minimal_action_server/package.sh'
[4.361s] INFO:colcon.colcon_core.shell:Creating package script '/home/vboxuser/ros2_ws/install/examples_rclcpp_minimal_action_server/share/examples_rclcpp_minimal_action_server/package.bash'
[4.364s] INFO:colcon.colcon_core.shell:Creating package script '/home/vboxuser/ros2_ws/install/examples_rclcpp_minimal_action_server/share/examples_rclcpp_minimal_action_server/package.zsh'
[4.369s] Level 1:colcon.colcon_core.environment:create_file_with_runtime_dependencies(/home/vboxuser/ros2_ws/install/examples_rclcpp_minimal_action_server/share/colcon-core/packages/examples_rclcpp_minimal_action_server)
[4.375s] Level 1:colcon.colcon_core.environment:create_environment_scripts_only(examples_rclcpp_minimal_action_server)
[4.376s] Level 1:colcon.colcon_core.environment:checking '/home/vboxuser/ros2_ws/install/examples_rclcpp_minimal_action_server' for CMake module files
[4.377s] Level 1:colcon.colcon_core.environment:checking '/home/vboxuser/ros2_ws/install/examples_rclcpp_minimal_action_server' for CMake config files
[4.377s] Level 1:colcon.colcon_core.shell:create_environment_hook('examples_rclcpp_minimal_action_server', 'cmake_prefix_path')
[4.378s] INFO:colcon.colcon_core.shell:Creating environment hook '/home/vboxuser/ros2_ws/install/examples_rclcpp_minimal_action_server/share/examples_rclcpp_minimal_action_server/hook/cmake_prefix_path.ps1'
[4.379s] INFO:colcon.colcon_core.shell:Creating environment descriptor '/home/vboxuser/ros2_ws/install/examples_rclcpp_minimal_action_server/share/examples_rclcpp_minimal_action_server/hook/cmake_prefix_path.dsv'
[4.380s] INFO:colcon.colcon_core.shell:Creating environment hook '/home/vboxuser/ros2_ws/install/examples_rclcpp_minimal_action_server/share/examples_rclcpp_minimal_action_server/hook/cmake_prefix_path.sh'
[4.400s] Level 1:colcon.colcon_core.environment:checking '/home/vboxuser/ros2_ws/install/examples_rclcpp_minimal_action_server/lib'
[4.400s] Level 1:colcon.colcon_core.environment:checking '/home/vboxuser/ros2_ws/install/examples_rclcpp_minimal_action_server/bin'
[4.400s] Level 1:colcon.colcon_core.environment:checking '/home/vboxuser/ros2_ws/install/examples_rclcpp_minimal_action_server/lib/pkgconfig/examples_rclcpp_minimal_action_server.pc'
[4.401s] Level 1:colcon.colcon_core.environment:checking '/home/vboxuser/ros2_ws/install/examples_rclcpp_minimal_action_server/lib/python3.10/site-packages'
[4.401s] Level 1:colcon.colcon_core.environment:checking '/home/vboxuser/ros2_ws/install/examples_rclcpp_minimal_action_server/bin'
[4.402s] INFO:colcon.colcon_core.shell:Creating package script '/home/vboxuser/ros2_ws/install/examples_rclcpp_minimal_action_server/share/examples_rclcpp_minimal_action_server/package.ps1'
[4.403s] INFO:colcon.colcon_core.shell:Creating package descriptor '/home/vboxuser/ros2_ws/install/examples_rclcpp_minimal_action_server/share/examples_rclcpp_minimal_action_server/package.dsv'
[4.405s] INFO:colcon.colcon_core.shell:Creating package script '/home/vboxuser/ros2_ws/install/examples_rclcpp_minimal_action_server/share/examples_rclcpp_minimal_action_server/package.sh'
[4.406s] INFO:colcon.colcon_core.shell:Creating package script '/home/vboxuser/ros2_ws/install/examples_rclcpp_minimal_action_server/share/examples_rclcpp_minimal_action_server/package.bash'
[4.407s] INFO:colcon.colcon_core.shell:Creating package script '/home/vboxuser/ros2_ws/install/examples_rclcpp_minimal_action_server/share/examples_rclcpp_minimal_action_server/package.zsh'
[4.408s] Level 1:colcon.colcon_core.environment:create_file_with_runtime_dependencies(/home/vboxuser/ros2_ws/install/examples_rclcpp_minimal_action_server/share/colcon-core/packages/examples_rclcpp_minimal_action_server)
[4.411s] INFO:colcon.colcon_ros.task.ament_cmake.build:Building ROS package in '/home/vboxuser/ros2_ws/src/examples/rclcpp/composition/minimal_composition' with build type 'ament_cmake'
[4.412s] INFO:colcon.colcon_cmake.task.cmake.build:Building CMake package in '/home/vboxuser/ros2_ws/src/examples/rclcpp/composition/minimal_composition'
[4.414s] INFO:colcon.colcon_core.shell:Skip shell extension 'powershell' for command environment: Not usable outside of PowerShell
[4.415s] DEBUG:colcon.colcon_core.shell:Skip shell extension 'dsv' for command environment
[4.519s] Level 1:colcon.colcon_core.environment:create_environment_scripts_only(examples_rclcpp_minimal_action_client)
[4.520s] Level 1:colcon.colcon_core.environment:checking '/home/vboxuser/ros2_ws/install/examples_rclcpp_minimal_action_client' for CMake module files
[4.521s] Level 1:colcon.colcon_core.environment:checking '/home/vboxuser/ros2_ws/install/examples_rclcpp_minimal_action_client' for CMake config files
[4.522s] Level 1:colcon.colcon_core.shell:create_environment_hook('examples_rclcpp_minimal_action_client', 'cmake_prefix_path')
[4.522s] INFO:colcon.colcon_core.shell:Creating environment hook '/home/vboxuser/ros2_ws/install/examples_rclcpp_minimal_action_client/share/examples_rclcpp_minimal_action_client/hook/cmake_prefix_path.ps1'
[4.524s] INFO:colcon.colcon_core.shell:Creating environment descriptor '/home/vboxuser/ros2_ws/install/examples_rclcpp_minimal_action_client/share/examples_rclcpp_minimal_action_client/hook/cmake_prefix_path.dsv'
[4.525s] INFO:colcon.colcon_core.shell:Creating environment hook '/home/vboxuser/ros2_ws/install/examples_rclcpp_minimal_action_client/share/examples_rclcpp_minimal_action_client/hook/cmake_prefix_path.sh'
[4.527s] Level 1:colcon.colcon_core.environment:checking '/home/vboxuser/ros2_ws/install/examples_rclcpp_minimal_action_client/lib'
[4.527s] Level 1:colcon.colcon_core.environment:checking '/home/vboxuser/ros2_ws/install/examples_rclcpp_minimal_action_client/bin'
[4.527s] Level 1:colcon.colcon_core.environment:checking '/home/vboxuser/ros2_ws/install/examples_rclcpp_minimal_action_client/lib/pkgconfig/examples_rclcpp_minimal_action_client.pc'
[4.527s] Level 1:colcon.colcon_core.environment:checking '/home/vboxuser/ros2_ws/install/examples_rclcpp_minimal_action_client/lib/python3.10/site-packages'
[4.528s] Level 1:colcon.colcon_core.environment:checking '/home/vboxuser/ros2_ws/install/examples_rclcpp_minimal_action_client/bin'
[4.530s] INFO:colcon.colcon_core.shell:Creating package script '/home/vboxuser/ros2_ws/install/examples_rclcpp_minimal_action_client/share/examples_rclcpp_minimal_action_client/package.ps1'
[4.590s] DEBUG:colcon.colcon_core.event_handler.log_command:Invoked command in '/home/vboxuser/ros2_ws/build/examples_rclcpp_minimal_action_client' returned '0': CMAKE_PREFIX_PATH=${CMAKE_PREFIX_PATH}:/home/vboxuser/ros2_ws/install/py_pubsub:/home/vboxuser/ros2_ws/install/launch_testing_examples:/home/vboxuser/ros2_ws/install/examples_rclpy_pointcloud_publisher:/home/vboxuser/ros2_ws/install/examples_rclpy_minimal_subscriber:/home/vboxuser/ros2_ws/install/examples_rclpy_minimal_service:/home/vboxuser/ros2_ws/install/examples_rclpy_minimal_publisher:/home/vboxuser/ros2_ws/install/examples_rclpy_minimal_client:/home/vboxuser/ros2_ws/install/examples_rclpy_minimal_action_server:/home/vboxuser/ros2_ws/install/examples_rclpy_minimal_action_client:/home/vboxuser/ros2_ws/install/examples_rclpy_guard_conditions:/home/vboxuser/ros2_ws/install/examples_rclpy_executors:/home/vboxuser/ros2_ws/install/bms_visualizer:/opt/ros/iron:/home/vboxuser/ros2_iron/install/rqt_bag_plugins:/home/vboxuser/ros2_iron/install/rqt_bag:/home/vboxuser/ros2_iron/install/rosbag2_examples_py:/home/vboxuser/ros2_iron/install/launch_testing_examples:/home/vboxuser/ros2_iron/install/ros2bag:/home/vboxuser/ros2_iron/install/tracetools_test:/home/vboxuser/ros2_iron/install/tracetools_launch:/home/vboxuser/ros2_iron/install/topic_monitor:/home/vboxuser/ros2_iron/install/tf2_tools:/home/vboxuser/ros2_iron/install/examples_tf2_py:/home/vboxuser/ros2_iron/install/tf2_ros_py:/home/vboxuser/ros2_iron/install/examples_rclpy_pointcloud_publisher:/home/vboxuser/ros2_iron/install/sensor_msgs_py:/home/vboxuser/ros2_iron/install/quality_of_service_demo_py:/home/vboxuser/ros2_iron/install/rqt_plot:/home/vboxuser/ros2_iron/install/ros2doctor:/home/vboxuser/ros2_iron/install/lifecycle_py:/home/vboxuser/ros2_iron/install/examples_rclpy_minimal_subscriber:/home/vboxuser/ros2_iron/install/examples_rclpy_minimal_service:/home/vboxuser/ros2_iron/install/examples_rclpy_minimal_publisher:/home/vboxuser/ros2_iron/install/examples_rclpy_minimal_client:/home/vboxuser/ros2_iron/install/examples_rclpy_executors:/home/vboxuser/ros2_iron/install/demo_nodes_py:/home/vboxuser/ros2_iron/install/rqt:/home/vboxuser/ros2_iron/install/ros2component:/home/vboxuser/ros2_iron/install/sros2:/home/vboxuser/ros2_iron/install/rqt_topic:/home/vboxuser/ros2_iron/install/rqt_srv:/home/vboxuser/ros2_iron/install/rqt_shell:/home/vboxuser/ros2_iron/install/rqt_service_caller:/home/vboxuser/ros2_iron/install/rqt_reconfigure:/home/vboxuser/ros2_iron/install/rqt_py_console:/home/vboxuser/ros2_iron/install/rqt_publisher:/home/vboxuser/ros2_iron/install/rqt_action:/home/vboxuser/ros2_iron/install/rqt_msg:/home/vboxuser/ros2_iron/install/rqt_console:/home/vboxuser/ros2_iron/install/rqt_graph:/home/vboxuser/ros2_iron/install/rqt_gui_py:/home/vboxuser/ros2_iron/install/rqt_gui:/home/vboxuser/ros2_iron/install/ros2trace:/home/vboxuser/ros2_iron/install/ros2topic:/home/vboxuser/ros2_iron/install/ros2test:/home/vboxuser/ros2_iron/install/ros2param:/home/vboxuser/ros2_iron/install/ros2lifecycle:/home/vboxuser/ros2_iron/install/ros2service:/home/vboxuser/ros2_iron/install/ros2run:/home/vboxuser/ros2_iron/install/ros2launch:/home/vboxuser/ros2_iron/install/ros2pkg:/home/vboxuser/ros2_iron/install/ros2node:/home/vboxuser/ros2_iron/install/ros2multicast:/home/vboxuser/ros2_iron/install/ros2interface:/home/vboxuser/ros2_iron/install/ros2action:/home/vboxuser/ros2_iron/install/ros2cli:/home/vboxuser/ros2_iron/install/launch_testing_ros:/home/vboxuser/ros2_iron/install/launch_ros:/home/vboxuser/ros2_iron/install/examples_rclpy_minimal_action_server:/home/vboxuser/ros2_iron/install/examples_rclpy_minimal_action_client:/home/vboxuser/ros2_iron/install/examples_rclpy_guard_conditions:/home/vboxuser/ros2_iron/install/action_tutorials_py:/home/vboxuser/ros2_iron/install/ament_uncrustify:/home/vboxuser/ros2_iron/install/tracetools_trace:/home/vboxuser/ros2_iron/install/tracetools_read:/home/vboxuser/ros2_iron/install/test_tracetools_launch:/home/vboxuser/ros2_iron/install/test_ros2trace:/home/vboxuser/ros2_iron/install/test_launch_ros:/home/vboxuser/ros2_iron/install/rpyutils:/home/vboxuser/ros2_iron/install/rosidl_runtime_py:/home/vboxuser/ros2_iron/install/rosidl_pycommon:/home/vboxuser/ros2_iron/install/rosidl_cli:/home/vboxuser/ros2_iron/install/launch_pytest:/home/vboxuser/ros2_iron/install/launch_testing:/home/vboxuser/ros2_iron/install/launch_yaml:/home/vboxuser/ros2_iron/install/launch_xml:/home/vboxuser/ros2_iron/install/launch:/home/vboxuser/ros2_iron/install/osrf_pycommon:/home/vboxuser/ros2_iron/install/domain_coordinator:/home/vboxuser/ros2_iron/install/ament_xmllint:/home/vboxuser/ros2_iron/install/ament_pyflakes:/home/vboxuser/ros2_iron/install/ament_pycodestyle:/home/vboxuser/ros2_iron/install/ament_pep257:/home/vboxuser/ros2_iron/install/ament_pclint:/home/vboxuser/ros2_iron/install/ament_package:/home/vboxuser/ros2_iron/install/ament_mypy:/home/vboxuser/ros2_iron/install/ament_lint_cmake:/home/vboxuser/ros2_iron/install/ament_flake8:/home/vboxuser/ros2_iron/install/ament_copyright:/home/vboxuser/ros2_iron/install/ament_lint:/home/vboxuser/ros2_iron/install/ament_index_python:/home/vboxuser/ros2_iron/install/ament_cpplint:/home/vboxuser/ros2_iron/install/ament_cppcheck:/home/vboxuser/ros2_iron/install/ament_clang_tidy:/home/vboxuser/ros2_iron/install/ament_clang_format /usr/bin/cmake --install /home/vboxuser/ros2_ws/build/examples_rclcpp_minimal_action_client
[4.593s] INFO:colcon.colcon_core.shell:Creating package descriptor '/home/vboxuser/ros2_ws/install/examples_rclcpp_minimal_action_client/share/examples_rclcpp_minimal_action_client/package.dsv'
[4.594s] INFO:colcon.colcon_core.shell:Creating package script '/home/vboxuser/ros2_ws/install/examples_rclcpp_minimal_action_client/share/examples_rclcpp_minimal_action_client/package.sh'
[4.595s] INFO:colcon.colcon_core.shell:Creating package script '/home/vboxuser/ros2_ws/install/examples_rclcpp_minimal_action_client/share/examples_rclcpp_minimal_action_client/package.bash'
[4.597s] INFO:colcon.colcon_core.shell:Creating package script '/home/vboxuser/ros2_ws/install/examples_rclcpp_minimal_action_client/share/examples_rclcpp_minimal_action_client/package.zsh'
[4.598s] Level 1:colcon.colcon_core.environment:create_file_with_runtime_dependencies(/home/vboxuser/ros2_ws/install/examples_rclcpp_minimal_action_client/share/colcon-core/packages/examples_rclcpp_minimal_action_client)
[4.600s] Level 1:colcon.colcon_core.environment:create_environment_scripts_only(examples_rclcpp_minimal_action_client)
[4.601s] Level 1:colcon.colcon_core.environment:checking '/home/vboxuser/ros2_ws/install/examples_rclcpp_minimal_action_client' for CMake module files
[4.602s] Level 1:colcon.colcon_core.environment:checking '/home/vboxuser/ros2_ws/install/examples_rclcpp_minimal_action_client' for CMake config files
[4.603s] Level 1:colcon.colcon_core.shell:create_environment_hook('examples_rclcpp_minimal_action_client', 'cmake_prefix_path')
[4.603s] INFO:colcon.colcon_core.shell:Creating environment hook '/home/vboxuser/ros2_ws/install/examples_rclcpp_minimal_action_client/share/examples_rclcpp_minimal_action_client/hook/cmake_prefix_path.ps1'
[4.604s] INFO:colcon.colcon_core.shell:Creating environment descriptor '/home/vboxuser/ros2_ws/install/examples_rclcpp_minimal_action_client/share/examples_rclcpp_minimal_action_client/hook/cmake_prefix_path.dsv'
[4.606s] INFO:colcon.colcon_core.shell:Creating environment hook '/home/vboxuser/ros2_ws/install/examples_rclcpp_minimal_action_client/share/examples_rclcpp_minimal_action_client/hook/cmake_prefix_path.sh'
[4.608s] Level 1:colcon.colcon_core.environment:checking '/home/vboxuser/ros2_ws/install/examples_rclcpp_minimal_action_client/lib'
[4.608s] Level 1:colcon.colcon_core.environment:checking '/home/vboxuser/ros2_ws/install/examples_rclcpp_minimal_action_client/bin'
[4.608s] Level 1:colcon.colcon_core.environment:checking '/home/vboxuser/ros2_ws/install/examples_rclcpp_minimal_action_client/lib/pkgconfig/examples_rclcpp_minimal_action_client.pc'
[4.609s] Level 1:colcon.colcon_core.environment:checking '/home/vboxuser/ros2_ws/install/examples_rclcpp_minimal_action_client/lib/python3.10/site-packages'
[4.610s] Level 1:colcon.colcon_core.environment:checking '/home/vboxuser/ros2_ws/install/examples_rclcpp_minimal_action_client/bin'
[4.611s] INFO:colcon.colcon_core.shell:Creating package script '/home/vboxuser/ros2_ws/install/examples_rclcpp_minimal_action_client/share/examples_rclcpp_minimal_action_client/package.ps1'
[4.613s] INFO:colcon.colcon_core.shell:Creating package descriptor '/home/vboxuser/ros2_ws/install/examples_rclcpp_minimal_action_client/share/examples_rclcpp_minimal_action_client/package.dsv'
[4.615s] INFO:colcon.colcon_core.shell:Creating package script '/home/vboxuser/ros2_ws/install/examples_rclcpp_minimal_action_client/share/examples_rclcpp_minimal_action_client/package.sh'
[4.616s] INFO:colcon.colcon_core.shell:Creating package script '/home/vboxuser/ros2_ws/install/examples_rclcpp_minimal_action_client/share/examples_rclcpp_minimal_action_client/package.bash'
[4.618s] INFO:colcon.colcon_core.shell:Creating package script '/home/vboxuser/ros2_ws/install/examples_rclcpp_minimal_action_client/share/examples_rclcpp_minimal_action_client/package.zsh'
[4.620s] Level 1:colcon.colcon_core.environment:create_file_with_runtime_dependencies(/home/vboxuser/ros2_ws/install/examples_rclcpp_minimal_action_client/share/colcon-core/packages/examples_rclcpp_minimal_action_client)
[4.626s] INFO:colcon.colcon_ros.task.ament_cmake.build:Building ROS package in '/home/vboxuser/ros2_ws/src/examples/rclcpp/topics/minimal_publisher' with build type 'ament_cmake'
[4.629s] INFO:colcon.colcon_cmake.task.cmake.build:Building CMake package in '/home/vboxuser/ros2_ws/src/examples/rclcpp/topics/minimal_publisher'
[4.634s] INFO:colcon.colcon_core.shell:Skip shell extension 'powershell' for command environment: Not usable outside of PowerShell
[4.637s] DEBUG:colcon.colcon_core.shell:Skip shell extension 'dsv' for command environment
[4.718s] Level 1:colcon.colcon_core.environment:create_environment_scripts_only(examples_rclcpp_minimal_client)
[4.720s] DEBUG:colcon.colcon_core.event_handler.log_command:Invoked command in '/home/vboxuser/ros2_ws/build/examples_rclcpp_minimal_client' returned '0': CMAKE_PREFIX_PATH=${CMAKE_PREFIX_PATH}:/home/vboxuser/ros2_ws/install/py_pubsub:/home/vboxuser/ros2_ws/install/launch_testing_examples:/home/vboxuser/ros2_ws/install/examples_rclpy_pointcloud_publisher:/home/vboxuser/ros2_ws/install/examples_rclpy_minimal_subscriber:/home/vboxuser/ros2_ws/install/examples_rclpy_minimal_service:/home/vboxuser/ros2_ws/install/examples_rclpy_minimal_publisher:/home/vboxuser/ros2_ws/install/examples_rclpy_minimal_client:/home/vboxuser/ros2_ws/install/examples_rclpy_minimal_action_server:/home/vboxuser/ros2_ws/install/examples_rclpy_minimal_action_client:/home/vboxuser/ros2_ws/install/examples_rclpy_guard_conditions:/home/vboxuser/ros2_ws/install/examples_rclpy_executors:/home/vboxuser/ros2_ws/install/bms_visualizer:/opt/ros/iron:/home/vboxuser/ros2_iron/install/rqt_bag_plugins:/home/vboxuser/ros2_iron/install/rqt_bag:/home/vboxuser/ros2_iron/install/rosbag2_examples_py:/home/vboxuser/ros2_iron/install/launch_testing_examples:/home/vboxuser/ros2_iron/install/ros2bag:/home/vboxuser/ros2_iron/install/tracetools_test:/home/vboxuser/ros2_iron/install/tracetools_launch:/home/vboxuser/ros2_iron/install/topic_monitor:/home/vboxuser/ros2_iron/install/tf2_tools:/home/vboxuser/ros2_iron/install/examples_tf2_py:/home/vboxuser/ros2_iron/install/tf2_ros_py:/home/vboxuser/ros2_iron/install/examples_rclpy_pointcloud_publisher:/home/vboxuser/ros2_iron/install/sensor_msgs_py:/home/vboxuser/ros2_iron/install/quality_of_service_demo_py:/home/vboxuser/ros2_iron/install/rqt_plot:/home/vboxuser/ros2_iron/install/ros2doctor:/home/vboxuser/ros2_iron/install/lifecycle_py:/home/vboxuser/ros2_iron/install/examples_rclpy_minimal_subscriber:/home/vboxuser/ros2_iron/install/examples_rclpy_minimal_service:/home/vboxuser/ros2_iron/install/examples_rclpy_minimal_publisher:/home/vboxuser/ros2_iron/install/examples_rclpy_minimal_client:/home/vboxuser/ros2_iron/install/examples_rclpy_executors:/home/vboxuser/ros2_iron/install/demo_nodes_py:/home/vboxuser/ros2_iron/install/rqt:/home/vboxuser/ros2_iron/install/ros2component:/home/vboxuser/ros2_iron/install/sros2:/home/vboxuser/ros2_iron/install/rqt_topic:/home/vboxuser/ros2_iron/install/rqt_srv:/home/vboxuser/ros2_iron/install/rqt_shell:/home/vboxuser/ros2_iron/install/rqt_service_caller:/home/vboxuser/ros2_iron/install/rqt_reconfigure:/home/vboxuser/ros2_iron/install/rqt_py_console:/home/vboxuser/ros2_iron/install/rqt_publisher:/home/vboxuser/ros2_iron/install/rqt_action:/home/vboxuser/ros2_iron/install/rqt_msg:/home/vboxuser/ros2_iron/install/rqt_console:/home/vboxuser/ros2_iron/install/rqt_graph:/home/vboxuser/ros2_iron/install/rqt_gui_py:/home/vboxuser/ros2_iron/install/rqt_gui:/home/vboxuser/ros2_iron/install/ros2trace:/home/vboxuser/ros2_iron/install/ros2topic:/home/vboxuser/ros2_iron/install/ros2test:/home/vboxuser/ros2_iron/install/ros2param:/home/vboxuser/ros2_iron/install/ros2lifecycle:/home/vboxuser/ros2_iron/install/ros2service:/home/vboxuser/ros2_iron/install/ros2run:/home/vboxuser/ros2_iron/install/ros2launch:/home/vboxuser/ros2_iron/install/ros2pkg:/home/vboxuser/ros2_iron/install/ros2node:/home/vboxuser/ros2_iron/install/ros2multicast:/home/vboxuser/ros2_iron/install/ros2interface:/home/vboxuser/ros2_iron/install/ros2action:/home/vboxuser/ros2_iron/install/ros2cli:/home/vboxuser/ros2_iron/install/launch_testing_ros:/home/vboxuser/ros2_iron/install/launch_ros:/home/vboxuser/ros2_iron/install/examples_rclpy_minimal_action_server:/home/vboxuser/ros2_iron/install/examples_rclpy_minimal_action_client:/home/vboxuser/ros2_iron/install/examples_rclpy_guard_conditions:/home/vboxuser/ros2_iron/install/action_tutorials_py:/home/vboxuser/ros2_iron/install/ament_uncrustify:/home/vboxuser/ros2_iron/install/tracetools_trace:/home/vboxuser/ros2_iron/install/tracetools_read:/home/vboxuser/ros2_iron/install/test_tracetools_launch:/home/vboxuser/ros2_iron/install/test_ros2trace:/home/vboxuser/ros2_iron/install/test_launch_ros:/home/vboxuser/ros2_iron/install/rpyutils:/home/vboxuser/ros2_iron/install/rosidl_runtime_py:/home/vboxuser/ros2_iron/install/rosidl_pycommon:/home/vboxuser/ros2_iron/install/rosidl_cli:/home/vboxuser/ros2_iron/install/launch_pytest:/home/vboxuser/ros2_iron/install/launch_testing:/home/vboxuser/ros2_iron/install/launch_yaml:/home/vboxuser/ros2_iron/install/launch_xml:/home/vboxuser/ros2_iron/install/launch:/home/vboxuser/ros2_iron/install/osrf_pycommon:/home/vboxuser/ros2_iron/install/domain_coordinator:/home/vboxuser/ros2_iron/install/ament_xmllint:/home/vboxuser/ros2_iron/install/ament_pyflakes:/home/vboxuser/ros2_iron/install/ament_pycodestyle:/home/vboxuser/ros2_iron/install/ament_pep257:/home/vboxuser/ros2_iron/install/ament_pclint:/home/vboxuser/ros2_iron/install/ament_package:/home/vboxuser/ros2_iron/install/ament_mypy:/home/vboxuser/ros2_iron/install/ament_lint_cmake:/home/vboxuser/ros2_iron/install/ament_flake8:/home/vboxuser/ros2_iron/install/ament_copyright:/home/vboxuser/ros2_iron/install/ament_lint:/home/vboxuser/ros2_iron/install/ament_index_python:/home/vboxuser/ros2_iron/install/ament_cpplint:/home/vboxuser/ros2_iron/install/ament_cppcheck:/home/vboxuser/ros2_iron/install/ament_clang_tidy:/home/vboxuser/ros2_iron/install/ament_clang_format /usr/bin/cmake --install /home/vboxuser/ros2_ws/build/examples_rclcpp_minimal_client
[4.720s] Level 1:colcon.colcon_core.environment:checking '/home/vboxuser/ros2_ws/install/examples_rclcpp_minimal_client' for CMake module files
[4.723s] Level 1:colcon.colcon_core.environment:checking '/home/vboxuser/ros2_ws/install/examples_rclcpp_minimal_client' for CMake config files
[4.723s] Level 1:colcon.colcon_core.shell:create_environment_hook('examples_rclcpp_minimal_client', 'cmake_prefix_path')
[4.725s] INFO:colcon.colcon_core.shell:Creating environment hook '/home/vboxuser/ros2_ws/install/examples_rclcpp_minimal_client/share/examples_rclcpp_minimal_client/hook/cmake_prefix_path.ps1'
[4.728s] INFO:colcon.colcon_core.shell:Creating environment descriptor '/home/vboxuser/ros2_ws/install/examples_rclcpp_minimal_client/share/examples_rclcpp_minimal_client/hook/cmake_prefix_path.dsv'
[4.730s] INFO:colcon.colcon_core.shell:Creating environment hook '/home/vboxuser/ros2_ws/install/examples_rclcpp_minimal_client/share/examples_rclcpp_minimal_client/hook/cmake_prefix_path.sh'
[4.734s] Level 1:colcon.colcon_core.environment:checking '/home/vboxuser/ros2_ws/install/examples_rclcpp_minimal_client/lib'
[4.734s] Level 1:colcon.colcon_core.environment:checking '/home/vboxuser/ros2_ws/install/examples_rclcpp_minimal_client/bin'
[4.734s] Level 1:colcon.colcon_core.environment:checking '/home/vboxuser/ros2_ws/install/examples_rclcpp_minimal_client/lib/pkgconfig/examples_rclcpp_minimal_client.pc'
[4.735s] Level 1:colcon.colcon_core.environment:checking '/home/vboxuser/ros2_ws/install/examples_rclcpp_minimal_client/lib/python3.10/site-packages'
[4.736s] Level 1:colcon.colcon_core.environment:checking '/home/vboxuser/ros2_ws/install/examples_rclcpp_minimal_client/bin'
[4.737s] INFO:colcon.colcon_core.shell:Creating package script '/home/vboxuser/ros2_ws/install/examples_rclcpp_minimal_client/share/examples_rclcpp_minimal_client/package.ps1'
[4.739s] INFO:colcon.colcon_core.shell:Creating package descriptor '/home/vboxuser/ros2_ws/install/examples_rclcpp_minimal_client/share/examples_rclcpp_minimal_client/package.dsv'
[4.741s] INFO:colcon.colcon_core.shell:Creating package script '/home/vboxuser/ros2_ws/install/examples_rclcpp_minimal_client/share/examples_rclcpp_minimal_client/package.sh'
[4.743s] INFO:colcon.colcon_core.shell:Creating package script '/home/vboxuser/ros2_ws/install/examples_rclcpp_minimal_client/share/examples_rclcpp_minimal_client/package.bash'
[4.744s] INFO:colcon.colcon_core.shell:Creating package script '/home/vboxuser/ros2_ws/install/examples_rclcpp_minimal_client/share/examples_rclcpp_minimal_client/package.zsh'
[4.746s] Level 1:colcon.colcon_core.environment:create_file_with_runtime_dependencies(/home/vboxuser/ros2_ws/install/examples_rclcpp_minimal_client/share/colcon-core/packages/examples_rclcpp_minimal_client)
[4.751s] Level 1:colcon.colcon_core.environment:create_environment_scripts_only(examples_rclcpp_minimal_client)
[4.753s] Level 1:colcon.colcon_core.environment:checking '/home/vboxuser/ros2_ws/install/examples_rclcpp_minimal_client' for CMake module files
[4.755s] Level 1:colcon.colcon_core.environment:checking '/home/vboxuser/ros2_ws/install/examples_rclcpp_minimal_client' for CMake config files
[4.760s] Level 1:colcon.colcon_core.shell:create_environment_hook('examples_rclcpp_minimal_client', 'cmake_prefix_path')
[4.763s] INFO:colcon.colcon_core.shell:Creating environment hook '/home/vboxuser/ros2_ws/install/examples_rclcpp_minimal_client/share/examples_rclcpp_minimal_client/hook/cmake_prefix_path.ps1'
[4.766s] INFO:colcon.colcon_core.shell:Creating environment descriptor '/home/vboxuser/ros2_ws/install/examples_rclcpp_minimal_client/share/examples_rclcpp_minimal_client/hook/cmake_prefix_path.dsv'
[4.771s] INFO:colcon.colcon_core.shell:Creating environment hook '/home/vboxuser/ros2_ws/install/examples_rclcpp_minimal_client/share/examples_rclcpp_minimal_client/hook/cmake_prefix_path.sh'
[4.774s] Level 1:colcon.colcon_core.environment:checking '/home/vboxuser/ros2_ws/install/examples_rclcpp_minimal_client/lib'
[4.775s] Level 1:colcon.colcon_core.environment:checking '/home/vboxuser/ros2_ws/install/examples_rclcpp_minimal_client/bin'
[4.775s] Level 1:colcon.colcon_core.environment:checking '/home/vboxuser/ros2_ws/install/examples_rclcpp_minimal_client/lib/pkgconfig/examples_rclcpp_minimal_client.pc'
[4.776s] Level 1:colcon.colcon_core.environment:checking '/home/vboxuser/ros2_ws/install/examples_rclcpp_minimal_client/lib/python3.10/site-packages'
[4.776s] Level 1:colcon.colcon_core.environment:checking '/home/vboxuser/ros2_ws/install/examples_rclcpp_minimal_client/bin'
[4.777s] INFO:colcon.colcon_core.shell:Creating package script '/home/vboxuser/ros2_ws/install/examples_rclcpp_minimal_client/share/examples_rclcpp_minimal_client/package.ps1'
[4.783s] INFO:colcon.colcon_core.shell:Creating package descriptor '/home/vboxuser/ros2_ws/install/examples_rclcpp_minimal_client/share/examples_rclcpp_minimal_client/package.dsv'
[4.785s] INFO:colcon.colcon_core.shell:Creating package script '/home/vboxuser/ros2_ws/install/examples_rclcpp_minimal_client/share/examples_rclcpp_minimal_client/package.sh'
[4.786s] INFO:colcon.colcon_core.shell:Creating package script '/home/vboxuser/ros2_ws/install/examples_rclcpp_minimal_client/share/examples_rclcpp_minimal_client/package.bash'
[4.788s] INFO:colcon.colcon_core.shell:Creating package script '/home/vboxuser/ros2_ws/install/examples_rclcpp_minimal_client/share/examples_rclcpp_minimal_client/package.zsh'
[4.791s] Level 1:colcon.colcon_core.environment:create_file_with_runtime_dependencies(/home/vboxuser/ros2_ws/install/examples_rclcpp_minimal_client/share/colcon-core/packages/examples_rclcpp_minimal_client)
[4.810s] INFO:colcon.colcon_ros.task.ament_cmake.build:Building ROS package in '/home/vboxuser/ros2_ws/src/examples/rclcpp/services/minimal_service' with build type 'ament_cmake'
[4.810s] INFO:colcon.colcon_cmake.task.cmake.build:Building CMake package in '/home/vboxuser/ros2_ws/src/examples/rclcpp/services/minimal_service'
[4.811s] INFO:colcon.colcon_core.shell:Skip shell extension 'powershell' for command environment: Not usable outside of PowerShell
[4.811s] DEBUG:colcon.colcon_core.shell:Skip shell extension 'dsv' for command environment
[4.983s] DEBUG:colcon.colcon_core.event_handler.log_command:Invoking command in '/home/vboxuser/ros2_ws/build/examples_rclcpp_minimal_composition': CMAKE_PREFIX_PATH=${CMAKE_PREFIX_PATH}:/home/vboxuser/ros2_ws/install/py_pubsub:/home/vboxuser/ros2_ws/install/launch_testing_examples:/home/vboxuser/ros2_ws/install/examples_rclpy_pointcloud_publisher:/home/vboxuser/ros2_ws/install/examples_rclpy_minimal_subscriber:/home/vboxuser/ros2_ws/install/examples_rclpy_minimal_service:/home/vboxuser/ros2_ws/install/examples_rclpy_minimal_publisher:/home/vboxuser/ros2_ws/install/examples_rclpy_minimal_client:/home/vboxuser/ros2_ws/install/examples_rclpy_minimal_action_server:/home/vboxuser/ros2_ws/install/examples_rclpy_minimal_action_client:/home/vboxuser/ros2_ws/install/examples_rclpy_guard_conditions:/home/vboxuser/ros2_ws/install/examples_rclpy_executors:/home/vboxuser/ros2_ws/install/bms_visualizer:/opt/ros/iron:/home/vboxuser/ros2_iron/install/rqt_bag_plugins:/home/vboxuser/ros2_iron/install/rqt_bag:/home/vboxuser/ros2_iron/install/rosbag2_examples_py:/home/vboxuser/ros2_iron/install/launch_testing_examples:/home/vboxuser/ros2_iron/install/ros2bag:/home/vboxuser/ros2_iron/install/tracetools_test:/home/vboxuser/ros2_iron/install/tracetools_launch:/home/vboxuser/ros2_iron/install/topic_monitor:/home/vboxuser/ros2_iron/install/tf2_tools:/home/vboxuser/ros2_iron/install/examples_tf2_py:/home/vboxuser/ros2_iron/install/tf2_ros_py:/home/vboxuser/ros2_iron/install/examples_rclpy_pointcloud_publisher:/home/vboxuser/ros2_iron/install/sensor_msgs_py:/home/vboxuser/ros2_iron/install/quality_of_service_demo_py:/home/vboxuser/ros2_iron/install/rqt_plot:/home/vboxuser/ros2_iron/install/ros2doctor:/home/vboxuser/ros2_iron/install/lifecycle_py:/home/vboxuser/ros2_iron/install/examples_rclpy_minimal_subscriber:/home/vboxuser/ros2_iron/install/examples_rclpy_minimal_service:/home/vboxuser/ros2_iron/install/examples_rclpy_minimal_publisher:/home/vboxuser/ros2_iron/install/examples_rclpy_minimal_client:/home/vboxuser/ros2_iron/install/examples_rclpy_executors:/home/vboxuser/ros2_iron/install/demo_nodes_py:/home/vboxuser/ros2_iron/install/rqt:/home/vboxuser/ros2_iron/install/ros2component:/home/vboxuser/ros2_iron/install/sros2:/home/vboxuser/ros2_iron/install/rqt_topic:/home/vboxuser/ros2_iron/install/rqt_srv:/home/vboxuser/ros2_iron/install/rqt_shell:/home/vboxuser/ros2_iron/install/rqt_service_caller:/home/vboxuser/ros2_iron/install/rqt_reconfigure:/home/vboxuser/ros2_iron/install/rqt_py_console:/home/vboxuser/ros2_iron/install/rqt_publisher:/home/vboxuser/ros2_iron/install/rqt_action:/home/vboxuser/ros2_iron/install/rqt_msg:/home/vboxuser/ros2_iron/install/rqt_console:/home/vboxuser/ros2_iron/install/rqt_graph:/home/vboxuser/ros2_iron/install/rqt_gui_py:/home/vboxuser/ros2_iron/install/rqt_gui:/home/vboxuser/ros2_iron/install/ros2trace:/home/vboxuser/ros2_iron/install/ros2topic:/home/vboxuser/ros2_iron/install/ros2test:/home/vboxuser/ros2_iron/install/ros2param:/home/vboxuser/ros2_iron/install/ros2lifecycle:/home/vboxuser/ros2_iron/install/ros2service:/home/vboxuser/ros2_iron/install/ros2run:/home/vboxuser/ros2_iron/install/ros2launch:/home/vboxuser/ros2_iron/install/ros2pkg:/home/vboxuser/ros2_iron/install/ros2node:/home/vboxuser/ros2_iron/install/ros2multicast:/home/vboxuser/ros2_iron/install/ros2interface:/home/vboxuser/ros2_iron/install/ros2action:/home/vboxuser/ros2_iron/install/ros2cli:/home/vboxuser/ros2_iron/install/launch_testing_ros:/home/vboxuser/ros2_iron/install/launch_ros:/home/vboxuser/ros2_iron/install/examples_rclpy_minimal_action_server:/home/vboxuser/ros2_iron/install/examples_rclpy_minimal_action_client:/home/vboxuser/ros2_iron/install/examples_rclpy_guard_conditions:/home/vboxuser/ros2_iron/install/action_tutorials_py:/home/vboxuser/ros2_iron/install/ament_uncrustify:/home/vboxuser/ros2_iron/install/tracetools_trace:/home/vboxuser/ros2_iron/install/tracetools_read:/home/vboxuser/ros2_iron/install/test_tracetools_launch:/home/vboxuser/ros2_iron/install/test_ros2trace:/home/vboxuser/ros2_iron/install/test_launch_ros:/home/vboxuser/ros2_iron/install/rpyutils:/home/vboxuser/ros2_iron/install/rosidl_runtime_py:/home/vboxuser/ros2_iron/install/rosidl_pycommon:/home/vboxuser/ros2_iron/install/rosidl_cli:/home/vboxuser/ros2_iron/install/launch_pytest:/home/vboxuser/ros2_iron/install/launch_testing:/home/vboxuser/ros2_iron/install/launch_yaml:/home/vboxuser/ros2_iron/install/launch_xml:/home/vboxuser/ros2_iron/install/launch:/home/vboxuser/ros2_iron/install/osrf_pycommon:/home/vboxuser/ros2_iron/install/domain_coordinator:/home/vboxuser/ros2_iron/install/ament_xmllint:/home/vboxuser/ros2_iron/install/ament_pyflakes:/home/vboxuser/ros2_iron/install/ament_pycodestyle:/home/vboxuser/ros2_iron/install/ament_pep257:/home/vboxuser/ros2_iron/install/ament_pclint:/home/vboxuser/ros2_iron/install/ament_package:/home/vboxuser/ros2_iron/install/ament_mypy:/home/vboxuser/ros2_iron/install/ament_lint_cmake:/home/vboxuser/ros2_iron/install/ament_flake8:/home/vboxuser/ros2_iron/install/ament_copyright:/home/vboxuser/ros2_iron/install/ament_lint:/home/vboxuser/ros2_iron/install/ament_index_python:/home/vboxuser/ros2_iron/install/ament_cpplint:/home/vboxuser/ros2_iron/install/ament_cppcheck:/home/vboxuser/ros2_iron/install/ament_clang_tidy:/home/vboxuser/ros2_iron/install/ament_clang_format /usr/bin/cmake --build /home/vboxuser/ros2_ws/build/examples_rclcpp_minimal_composition -- -j4 -l4
[4.989s] DEBUG:colcon.colcon_core.event_handler.log_command:Invoking command in '/home/vboxuser/ros2_ws/src/BMS_BQ769X2/src/bms_visualizer': PYTHONPATH=/home/vboxuser/ros2_ws/build/bms_visualizer/prefix_override:/usr/lib/python3/dist-packages/colcon_core/task/python/colcon_distutils_commands:/home/vboxuser/ros2_ws/install/bms_visualizer/lib/python3.10/site-packages:${PYTHONPATH} /usr/bin/python3 -W ignore:setup.py install is deprecated -W ignore:easy_install command is deprecated setup.py egg_info --egg-base ../../../../build/bms_visualizer build --build-base /home/vboxuser/ros2_ws/build/bms_visualizer/build install --record /home/vboxuser/ros2_ws/build/bms_visualizer/install.log --single-version-externally-managed install_data
[5.115s] DEBUG:colcon.colcon_core.event_handler.log_command:Invoking command in '/home/vboxuser/ros2_ws/build/examples_rclcpp_minimal_publisher': CMAKE_PREFIX_PATH=${CMAKE_PREFIX_PATH}:/home/vboxuser/ros2_ws/install/py_pubsub:/home/vboxuser/ros2_ws/install/launch_testing_examples:/home/vboxuser/ros2_ws/install/examples_rclpy_pointcloud_publisher:/home/vboxuser/ros2_ws/install/examples_rclpy_minimal_subscriber:/home/vboxuser/ros2_ws/install/examples_rclpy_minimal_service:/home/vboxuser/ros2_ws/install/examples_rclpy_minimal_publisher:/home/vboxuser/ros2_ws/install/examples_rclpy_minimal_client:/home/vboxuser/ros2_ws/install/examples_rclpy_minimal_action_server:/home/vboxuser/ros2_ws/install/examples_rclpy_minimal_action_client:/home/vboxuser/ros2_ws/install/examples_rclpy_guard_conditions:/home/vboxuser/ros2_ws/install/examples_rclpy_executors:/home/vboxuser/ros2_ws/install/bms_visualizer:/opt/ros/iron:/home/vboxuser/ros2_iron/install/rqt_bag_plugins:/home/vboxuser/ros2_iron/install/rqt_bag:/home/vboxuser/ros2_iron/install/rosbag2_examples_py:/home/vboxuser/ros2_iron/install/launch_testing_examples:/home/vboxuser/ros2_iron/install/ros2bag:/home/vboxuser/ros2_iron/install/tracetools_test:/home/vboxuser/ros2_iron/install/tracetools_launch:/home/vboxuser/ros2_iron/install/topic_monitor:/home/vboxuser/ros2_iron/install/tf2_tools:/home/vboxuser/ros2_iron/install/examples_tf2_py:/home/vboxuser/ros2_iron/install/tf2_ros_py:/home/vboxuser/ros2_iron/install/examples_rclpy_pointcloud_publisher:/home/vboxuser/ros2_iron/install/sensor_msgs_py:/home/vboxuser/ros2_iron/install/quality_of_service_demo_py:/home/vboxuser/ros2_iron/install/rqt_plot:/home/vboxuser/ros2_iron/install/ros2doctor:/home/vboxuser/ros2_iron/install/lifecycle_py:/home/vboxuser/ros2_iron/install/examples_rclpy_minimal_subscriber:/home/vboxuser/ros2_iron/install/examples_rclpy_minimal_service:/home/vboxuser/ros2_iron/install/examples_rclpy_minimal_publisher:/home/vboxuser/ros2_iron/install/examples_rclpy_minimal_client:/home/vboxuser/ros2_iron/install/examples_rclpy_executors:/home/vboxuser/ros2_iron/install/demo_nodes_py:/home/vboxuser/ros2_iron/install/rqt:/home/vboxuser/ros2_iron/install/ros2component:/home/vboxuser/ros2_iron/install/sros2:/home/vboxuser/ros2_iron/install/rqt_topic:/home/vboxuser/ros2_iron/install/rqt_srv:/home/vboxuser/ros2_iron/install/rqt_shell:/home/vboxuser/ros2_iron/install/rqt_service_caller:/home/vboxuser/ros2_iron/install/rqt_reconfigure:/home/vboxuser/ros2_iron/install/rqt_py_console:/home/vboxuser/ros2_iron/install/rqt_publisher:/home/vboxuser/ros2_iron/install/rqt_action:/home/vboxuser/ros2_iron/install/rqt_msg:/home/vboxuser/ros2_iron/install/rqt_console:/home/vboxuser/ros2_iron/install/rqt_graph:/home/vboxuser/ros2_iron/install/rqt_gui_py:/home/vboxuser/ros2_iron/install/rqt_gui:/home/vboxuser/ros2_iron/install/ros2trace:/home/vboxuser/ros2_iron/install/ros2topic:/home/vboxuser/ros2_iron/install/ros2test:/home/vboxuser/ros2_iron/install/ros2param:/home/vboxuser/ros2_iron/install/ros2lifecycle:/home/vboxuser/ros2_iron/install/ros2service:/home/vboxuser/ros2_iron/install/ros2run:/home/vboxuser/ros2_iron/install/ros2launch:/home/vboxuser/ros2_iron/install/ros2pkg:/home/vboxuser/ros2_iron/install/ros2node:/home/vboxuser/ros2_iron/install/ros2multicast:/home/vboxuser/ros2_iron/install/ros2interface:/home/vboxuser/ros2_iron/install/ros2action:/home/vboxuser/ros2_iron/install/ros2cli:/home/vboxuser/ros2_iron/install/launch_testing_ros:/home/vboxuser/ros2_iron/install/launch_ros:/home/vboxuser/ros2_iron/install/examples_rclpy_minimal_action_server:/home/vboxuser/ros2_iron/install/examples_rclpy_minimal_action_client:/home/vboxuser/ros2_iron/install/examples_rclpy_guard_conditions:/home/vboxuser/ros2_iron/install/action_tutorials_py:/home/vboxuser/ros2_iron/install/ament_uncrustify:/home/vboxuser/ros2_iron/install/tracetools_trace:/home/vboxuser/ros2_iron/install/tracetools_read:/home/vboxuser/ros2_iron/install/test_tracetools_launch:/home/vboxuser/ros2_iron/install/test_ros2trace:/home/vboxuser/ros2_iron/install/test_launch_ros:/home/vboxuser/ros2_iron/install/rpyutils:/home/vboxuser/ros2_iron/install/rosidl_runtime_py:/home/vboxuser/ros2_iron/install/rosidl_pycommon:/home/vboxuser/ros2_iron/install/rosidl_cli:/home/vboxuser/ros2_iron/install/launch_pytest:/home/vboxuser/ros2_iron/install/launch_testing:/home/vboxuser/ros2_iron/install/launch_yaml:/home/vboxuser/ros2_iron/install/launch_xml:/home/vboxuser/ros2_iron/install/launch:/home/vboxuser/ros2_iron/install/osrf_pycommon:/home/vboxuser/ros2_iron/install/domain_coordinator:/home/vboxuser/ros2_iron/install/ament_xmllint:/home/vboxuser/ros2_iron/install/ament_pyflakes:/home/vboxuser/ros2_iron/install/ament_pycodestyle:/home/vboxuser/ros2_iron/install/ament_pep257:/home/vboxuser/ros2_iron/install/ament_pclint:/home/vboxuser/ros2_iron/install/ament_package:/home/vboxuser/ros2_iron/install/ament_mypy:/home/vboxuser/ros2_iron/install/ament_lint_cmake:/home/vboxuser/ros2_iron/install/ament_flake8:/home/vboxuser/ros2_iron/install/ament_copyright:/home/vboxuser/ros2_iron/install/ament_lint:/home/vboxuser/ros2_iron/install/ament_index_python:/home/vboxuser/ros2_iron/install/ament_cpplint:/home/vboxuser/ros2_iron/install/ament_cppcheck:/home/vboxuser/ros2_iron/install/ament_clang_tidy:/home/vboxuser/ros2_iron/install/ament_clang_format /usr/bin/cmake --build /home/vboxuser/ros2_ws/build/examples_rclcpp_minimal_publisher -- -j4 -l4
[5.121s] DEBUG:colcon.colcon_core.event_handler.log_command:Invoking command in '/home/vboxuser/ros2_ws/build/examples_rclcpp_minimal_service': CMAKE_PREFIX_PATH=${CMAKE_PREFIX_PATH}:/home/vboxuser/ros2_ws/install/py_pubsub:/home/vboxuser/ros2_ws/install/launch_testing_examples:/home/vboxuser/ros2_ws/install/examples_rclpy_pointcloud_publisher:/home/vboxuser/ros2_ws/install/examples_rclpy_minimal_subscriber:/home/vboxuser/ros2_ws/install/examples_rclpy_minimal_service:/home/vboxuser/ros2_ws/install/examples_rclpy_minimal_publisher:/home/vboxuser/ros2_ws/install/examples_rclpy_minimal_client:/home/vboxuser/ros2_ws/install/examples_rclpy_minimal_action_server:/home/vboxuser/ros2_ws/install/examples_rclpy_minimal_action_client:/home/vboxuser/ros2_ws/install/examples_rclpy_guard_conditions:/home/vboxuser/ros2_ws/install/examples_rclpy_executors:/home/vboxuser/ros2_ws/install/bms_visualizer:/opt/ros/iron:/home/vboxuser/ros2_iron/install/rqt_bag_plugins:/home/vboxuser/ros2_iron/install/rqt_bag:/home/vboxuser/ros2_iron/install/rosbag2_examples_py:/home/vboxuser/ros2_iron/install/launch_testing_examples:/home/vboxuser/ros2_iron/install/ros2bag:/home/vboxuser/ros2_iron/install/tracetools_test:/home/vboxuser/ros2_iron/install/tracetools_launch:/home/vboxuser/ros2_iron/install/topic_monitor:/home/vboxuser/ros2_iron/install/tf2_tools:/home/vboxuser/ros2_iron/install/examples_tf2_py:/home/vboxuser/ros2_iron/install/tf2_ros_py:/home/vboxuser/ros2_iron/install/examples_rclpy_pointcloud_publisher:/home/vboxuser/ros2_iron/install/sensor_msgs_py:/home/vboxuser/ros2_iron/install/quality_of_service_demo_py:/home/vboxuser/ros2_iron/install/rqt_plot:/home/vboxuser/ros2_iron/install/ros2doctor:/home/vboxuser/ros2_iron/install/lifecycle_py:/home/vboxuser/ros2_iron/install/examples_rclpy_minimal_subscriber:/home/vboxuser/ros2_iron/install/examples_rclpy_minimal_service:/home/vboxuser/ros2_iron/install/examples_rclpy_minimal_publisher:/home/vboxuser/ros2_iron/install/examples_rclpy_minimal_client:/home/vboxuser/ros2_iron/install/examples_rclpy_executors:/home/vboxuser/ros2_iron/install/demo_nodes_py:/home/vboxuser/ros2_iron/install/rqt:/home/vboxuser/ros2_iron/install/ros2component:/home/vboxuser/ros2_iron/install/sros2:/home/vboxuser/ros2_iron/install/rqt_topic:/home/vboxuser/ros2_iron/install/rqt_srv:/home/vboxuser/ros2_iron/install/rqt_shell:/home/vboxuser/ros2_iron/install/rqt_service_caller:/home/vboxuser/ros2_iron/install/rqt_reconfigure:/home/vboxuser/ros2_iron/install/rqt_py_console:/home/vboxuser/ros2_iron/install/rqt_publisher:/home/vboxuser/ros2_iron/install/rqt_action:/home/vboxuser/ros2_iron/install/rqt_msg:/home/vboxuser/ros2_iron/install/rqt_console:/home/vboxuser/ros2_iron/install/rqt_graph:/home/vboxuser/ros2_iron/install/rqt_gui_py:/home/vboxuser/ros2_iron/install/rqt_gui:/home/vboxuser/ros2_iron/install/ros2trace:/home/vboxuser/ros2_iron/install/ros2topic:/home/vboxuser/ros2_iron/install/ros2test:/home/vboxuser/ros2_iron/install/ros2param:/home/vboxuser/ros2_iron/install/ros2lifecycle:/home/vboxuser/ros2_iron/install/ros2service:/home/vboxuser/ros2_iron/install/ros2run:/home/vboxuser/ros2_iron/install/ros2launch:/home/vboxuser/ros2_iron/install/ros2pkg:/home/vboxuser/ros2_iron/install/ros2node:/home/vboxuser/ros2_iron/install/ros2multicast:/home/vboxuser/ros2_iron/install/ros2interface:/home/vboxuser/ros2_iron/install/ros2action:/home/vboxuser/ros2_iron/install/ros2cli:/home/vboxuser/ros2_iron/install/launch_testing_ros:/home/vboxuser/ros2_iron/install/launch_ros:/home/vboxuser/ros2_iron/install/examples_rclpy_minimal_action_server:/home/vboxuser/ros2_iron/install/examples_rclpy_minimal_action_client:/home/vboxuser/ros2_iron/install/examples_rclpy_guard_conditions:/home/vboxuser/ros2_iron/install/action_tutorials_py:/home/vboxuser/ros2_iron/install/ament_uncrustify:/home/vboxuser/ros2_iron/install/tracetools_trace:/home/vboxuser/ros2_iron/install/tracetools_read:/home/vboxuser/ros2_iron/install/test_tracetools_launch:/home/vboxuser/ros2_iron/install/test_ros2trace:/home/vboxuser/ros2_iron/install/test_launch_ros:/home/vboxuser/ros2_iron/install/rpyutils:/home/vboxuser/ros2_iron/install/rosidl_runtime_py:/home/vboxuser/ros2_iron/install/rosidl_pycommon:/home/vboxuser/ros2_iron/install/rosidl_cli:/home/vboxuser/ros2_iron/install/launch_pytest:/home/vboxuser/ros2_iron/install/launch_testing:/home/vboxuser/ros2_iron/install/launch_yaml:/home/vboxuser/ros2_iron/install/launch_xml:/home/vboxuser/ros2_iron/install/launch:/home/vboxuser/ros2_iron/install/osrf_pycommon:/home/vboxuser/ros2_iron/install/domain_coordinator:/home/vboxuser/ros2_iron/install/ament_xmllint:/home/vboxuser/ros2_iron/install/ament_pyflakes:/home/vboxuser/ros2_iron/install/ament_pycodestyle:/home/vboxuser/ros2_iron/install/ament_pep257:/home/vboxuser/ros2_iron/install/ament_pclint:/home/vboxuser/ros2_iron/install/ament_package:/home/vboxuser/ros2_iron/install/ament_mypy:/home/vboxuser/ros2_iron/install/ament_lint_cmake:/home/vboxuser/ros2_iron/install/ament_flake8:/home/vboxuser/ros2_iron/install/ament_copyright:/home/vboxuser/ros2_iron/install/ament_lint:/home/vboxuser/ros2_iron/install/ament_index_python:/home/vboxuser/ros2_iron/install/ament_cpplint:/home/vboxuser/ros2_iron/install/ament_cppcheck:/home/vboxuser/ros2_iron/install/ament_clang_tidy:/home/vboxuser/ros2_iron/install/ament_clang_format /usr/bin/cmake --build /home/vboxuser/ros2_ws/build/examples_rclcpp_minimal_service -- -j4 -l4
[6.182s] DEBUG:colcon.colcon_core.event_handler.log_command:Invoked command in '/home/vboxuser/ros2_ws/build/examples_rclcpp_minimal_service' returned '0': CMAKE_PREFIX_PATH=${CMAKE_PREFIX_PATH}:/home/vboxuser/ros2_ws/install/py_pubsub:/home/vboxuser/ros2_ws/install/launch_testing_examples:/home/vboxuser/ros2_ws/install/examples_rclpy_pointcloud_publisher:/home/vboxuser/ros2_ws/install/examples_rclpy_minimal_subscriber:/home/vboxuser/ros2_ws/install/examples_rclpy_minimal_service:/home/vboxuser/ros2_ws/install/examples_rclpy_minimal_publisher:/home/vboxuser/ros2_ws/install/examples_rclpy_minimal_client:/home/vboxuser/ros2_ws/install/examples_rclpy_minimal_action_server:/home/vboxuser/ros2_ws/install/examples_rclpy_minimal_action_client:/home/vboxuser/ros2_ws/install/examples_rclpy_guard_conditions:/home/vboxuser/ros2_ws/install/examples_rclpy_executors:/home/vboxuser/ros2_ws/install/bms_visualizer:/opt/ros/iron:/home/vboxuser/ros2_iron/install/rqt_bag_plugins:/home/vboxuser/ros2_iron/install/rqt_bag:/home/vboxuser/ros2_iron/install/rosbag2_examples_py:/home/vboxuser/ros2_iron/install/launch_testing_examples:/home/vboxuser/ros2_iron/install/ros2bag:/home/vboxuser/ros2_iron/install/tracetools_test:/home/vboxuser/ros2_iron/install/tracetools_launch:/home/vboxuser/ros2_iron/install/topic_monitor:/home/vboxuser/ros2_iron/install/tf2_tools:/home/vboxuser/ros2_iron/install/examples_tf2_py:/home/vboxuser/ros2_iron/install/tf2_ros_py:/home/vboxuser/ros2_iron/install/examples_rclpy_pointcloud_publisher:/home/vboxuser/ros2_iron/install/sensor_msgs_py:/home/vboxuser/ros2_iron/install/quality_of_service_demo_py:/home/vboxuser/ros2_iron/install/rqt_plot:/home/vboxuser/ros2_iron/install/ros2doctor:/home/vboxuser/ros2_iron/install/lifecycle_py:/home/vboxuser/ros2_iron/install/examples_rclpy_minimal_subscriber:/home/vboxuser/ros2_iron/install/examples_rclpy_minimal_service:/home/vboxuser/ros2_iron/install/examples_rclpy_minimal_publisher:/home/vboxuser/ros2_iron/install/examples_rclpy_minimal_client:/home/vboxuser/ros2_iron/install/examples_rclpy_executors:/home/vboxuser/ros2_iron/install/demo_nodes_py:/home/vboxuser/ros2_iron/install/rqt:/home/vboxuser/ros2_iron/install/ros2component:/home/vboxuser/ros2_iron/install/sros2:/home/vboxuser/ros2_iron/install/rqt_topic:/home/vboxuser/ros2_iron/install/rqt_srv:/home/vboxuser/ros2_iron/install/rqt_shell:/home/vboxuser/ros2_iron/install/rqt_service_caller:/home/vboxuser/ros2_iron/install/rqt_reconfigure:/home/vboxuser/ros2_iron/install/rqt_py_console:/home/vboxuser/ros2_iron/install/rqt_publisher:/home/vboxuser/ros2_iron/install/rqt_action:/home/vboxuser/ros2_iron/install/rqt_msg:/home/vboxuser/ros2_iron/install/rqt_console:/home/vboxuser/ros2_iron/install/rqt_graph:/home/vboxuser/ros2_iron/install/rqt_gui_py:/home/vboxuser/ros2_iron/install/rqt_gui:/home/vboxuser/ros2_iron/install/ros2trace:/home/vboxuser/ros2_iron/install/ros2topic:/home/vboxuser/ros2_iron/install/ros2test:/home/vboxuser/ros2_iron/install/ros2param:/home/vboxuser/ros2_iron/install/ros2lifecycle:/home/vboxuser/ros2_iron/install/ros2service:/home/vboxuser/ros2_iron/install/ros2run:/home/vboxuser/ros2_iron/install/ros2launch:/home/vboxuser/ros2_iron/install/ros2pkg:/home/vboxuser/ros2_iron/install/ros2node:/home/vboxuser/ros2_iron/install/ros2multicast:/home/vboxuser/ros2_iron/install/ros2interface:/home/vboxuser/ros2_iron/install/ros2action:/home/vboxuser/ros2_iron/install/ros2cli:/home/vboxuser/ros2_iron/install/launch_testing_ros:/home/vboxuser/ros2_iron/install/launch_ros:/home/vboxuser/ros2_iron/install/examples_rclpy_minimal_action_server:/home/vboxuser/ros2_iron/install/examples_rclpy_minimal_action_client:/home/vboxuser/ros2_iron/install/examples_rclpy_guard_conditions:/home/vboxuser/ros2_iron/install/action_tutorials_py:/home/vboxuser/ros2_iron/install/ament_uncrustify:/home/vboxuser/ros2_iron/install/tracetools_trace:/home/vboxuser/ros2_iron/install/tracetools_read:/home/vboxuser/ros2_iron/install/test_tracetools_launch:/home/vboxuser/ros2_iron/install/test_ros2trace:/home/vboxuser/ros2_iron/install/test_launch_ros:/home/vboxuser/ros2_iron/install/rpyutils:/home/vboxuser/ros2_iron/install/rosidl_runtime_py:/home/vboxuser/ros2_iron/install/rosidl_pycommon:/home/vboxuser/ros2_iron/install/rosidl_cli:/home/vboxuser/ros2_iron/install/launch_pytest:/home/vboxuser/ros2_iron/install/launch_testing:/home/vboxuser/ros2_iron/install/launch_yaml:/home/vboxuser/ros2_iron/install/launch_xml:/home/vboxuser/ros2_iron/install/launch:/home/vboxuser/ros2_iron/install/osrf_pycommon:/home/vboxuser/ros2_iron/install/domain_coordinator:/home/vboxuser/ros2_iron/install/ament_xmllint:/home/vboxuser/ros2_iron/install/ament_pyflakes:/home/vboxuser/ros2_iron/install/ament_pycodestyle:/home/vboxuser/ros2_iron/install/ament_pep257:/home/vboxuser/ros2_iron/install/ament_pclint:/home/vboxuser/ros2_iron/install/ament_package:/home/vboxuser/ros2_iron/install/ament_mypy:/home/vboxuser/ros2_iron/install/ament_lint_cmake:/home/vboxuser/ros2_iron/install/ament_flake8:/home/vboxuser/ros2_iron/install/ament_copyright:/home/vboxuser/ros2_iron/install/ament_lint:/home/vboxuser/ros2_iron/install/ament_index_python:/home/vboxuser/ros2_iron/install/ament_cpplint:/home/vboxuser/ros2_iron/install/ament_cppcheck:/home/vboxuser/ros2_iron/install/ament_clang_tidy:/home/vboxuser/ros2_iron/install/ament_clang_format /usr/bin/cmake --build /home/vboxuser/ros2_ws/build/examples_rclcpp_minimal_service -- -j4 -l4
[6.191s] DEBUG:colcon.colcon_core.event_handler.log_command:Invoking command in '/home/vboxuser/ros2_ws/build/examples_rclcpp_minimal_service': CMAKE_PREFIX_PATH=${CMAKE_PREFIX_PATH}:/home/vboxuser/ros2_ws/install/py_pubsub:/home/vboxuser/ros2_ws/install/launch_testing_examples:/home/vboxuser/ros2_ws/install/examples_rclpy_pointcloud_publisher:/home/vboxuser/ros2_ws/install/examples_rclpy_minimal_subscriber:/home/vboxuser/ros2_ws/install/examples_rclpy_minimal_service:/home/vboxuser/ros2_ws/install/examples_rclpy_minimal_publisher:/home/vboxuser/ros2_ws/install/examples_rclpy_minimal_client:/home/vboxuser/ros2_ws/install/examples_rclpy_minimal_action_server:/home/vboxuser/ros2_ws/install/examples_rclpy_minimal_action_client:/home/vboxuser/ros2_ws/install/examples_rclpy_guard_conditions:/home/vboxuser/ros2_ws/install/examples_rclpy_executors:/home/vboxuser/ros2_ws/install/bms_visualizer:/opt/ros/iron:/home/vboxuser/ros2_iron/install/rqt_bag_plugins:/home/vboxuser/ros2_iron/install/rqt_bag:/home/vboxuser/ros2_iron/install/rosbag2_examples_py:/home/vboxuser/ros2_iron/install/launch_testing_examples:/home/vboxuser/ros2_iron/install/ros2bag:/home/vboxuser/ros2_iron/install/tracetools_test:/home/vboxuser/ros2_iron/install/tracetools_launch:/home/vboxuser/ros2_iron/install/topic_monitor:/home/vboxuser/ros2_iron/install/tf2_tools:/home/vboxuser/ros2_iron/install/examples_tf2_py:/home/vboxuser/ros2_iron/install/tf2_ros_py:/home/vboxuser/ros2_iron/install/examples_rclpy_pointcloud_publisher:/home/vboxuser/ros2_iron/install/sensor_msgs_py:/home/vboxuser/ros2_iron/install/quality_of_service_demo_py:/home/vboxuser/ros2_iron/install/rqt_plot:/home/vboxuser/ros2_iron/install/ros2doctor:/home/vboxuser/ros2_iron/install/lifecycle_py:/home/vboxuser/ros2_iron/install/examples_rclpy_minimal_subscriber:/home/vboxuser/ros2_iron/install/examples_rclpy_minimal_service:/home/vboxuser/ros2_iron/install/examples_rclpy_minimal_publisher:/home/vboxuser/ros2_iron/install/examples_rclpy_minimal_client:/home/vboxuser/ros2_iron/install/examples_rclpy_executors:/home/vboxuser/ros2_iron/install/demo_nodes_py:/home/vboxuser/ros2_iron/install/rqt:/home/vboxuser/ros2_iron/install/ros2component:/home/vboxuser/ros2_iron/install/sros2:/home/vboxuser/ros2_iron/install/rqt_topic:/home/vboxuser/ros2_iron/install/rqt_srv:/home/vboxuser/ros2_iron/install/rqt_shell:/home/vboxuser/ros2_iron/install/rqt_service_caller:/home/vboxuser/ros2_iron/install/rqt_reconfigure:/home/vboxuser/ros2_iron/install/rqt_py_console:/home/vboxuser/ros2_iron/install/rqt_publisher:/home/vboxuser/ros2_iron/install/rqt_action:/home/vboxuser/ros2_iron/install/rqt_msg:/home/vboxuser/ros2_iron/install/rqt_console:/home/vboxuser/ros2_iron/install/rqt_graph:/home/vboxuser/ros2_iron/install/rqt_gui_py:/home/vboxuser/ros2_iron/install/rqt_gui:/home/vboxuser/ros2_iron/install/ros2trace:/home/vboxuser/ros2_iron/install/ros2topic:/home/vboxuser/ros2_iron/install/ros2test:/home/vboxuser/ros2_iron/install/ros2param:/home/vboxuser/ros2_iron/install/ros2lifecycle:/home/vboxuser/ros2_iron/install/ros2service:/home/vboxuser/ros2_iron/install/ros2run:/home/vboxuser/ros2_iron/install/ros2launch:/home/vboxuser/ros2_iron/install/ros2pkg:/home/vboxuser/ros2_iron/install/ros2node:/home/vboxuser/ros2_iron/install/ros2multicast:/home/vboxuser/ros2_iron/install/ros2interface:/home/vboxuser/ros2_iron/install/ros2action:/home/vboxuser/ros2_iron/install/ros2cli:/home/vboxuser/ros2_iron/install/launch_testing_ros:/home/vboxuser/ros2_iron/install/launch_ros:/home/vboxuser/ros2_iron/install/examples_rclpy_minimal_action_server:/home/vboxuser/ros2_iron/install/examples_rclpy_minimal_action_client:/home/vboxuser/ros2_iron/install/examples_rclpy_guard_conditions:/home/vboxuser/ros2_iron/install/action_tutorials_py:/home/vboxuser/ros2_iron/install/ament_uncrustify:/home/vboxuser/ros2_iron/install/tracetools_trace:/home/vboxuser/ros2_iron/install/tracetools_read:/home/vboxuser/ros2_iron/install/test_tracetools_launch:/home/vboxuser/ros2_iron/install/test_ros2trace:/home/vboxuser/ros2_iron/install/test_launch_ros:/home/vboxuser/ros2_iron/install/rpyutils:/home/vboxuser/ros2_iron/install/rosidl_runtime_py:/home/vboxuser/ros2_iron/install/rosidl_pycommon:/home/vboxuser/ros2_iron/install/rosidl_cli:/home/vboxuser/ros2_iron/install/launch_pytest:/home/vboxuser/ros2_iron/install/launch_testing:/home/vboxuser/ros2_iron/install/launch_yaml:/home/vboxuser/ros2_iron/install/launch_xml:/home/vboxuser/ros2_iron/install/launch:/home/vboxuser/ros2_iron/install/osrf_pycommon:/home/vboxuser/ros2_iron/install/domain_coordinator:/home/vboxuser/ros2_iron/install/ament_xmllint:/home/vboxuser/ros2_iron/install/ament_pyflakes:/home/vboxuser/ros2_iron/install/ament_pycodestyle:/home/vboxuser/ros2_iron/install/ament_pep257:/home/vboxuser/ros2_iron/install/ament_pclint:/home/vboxuser/ros2_iron/install/ament_package:/home/vboxuser/ros2_iron/install/ament_mypy:/home/vboxuser/ros2_iron/install/ament_lint_cmake:/home/vboxuser/ros2_iron/install/ament_flake8:/home/vboxuser/ros2_iron/install/ament_copyright:/home/vboxuser/ros2_iron/install/ament_lint:/home/vboxuser/ros2_iron/install/ament_index_python:/home/vboxuser/ros2_iron/install/ament_cpplint:/home/vboxuser/ros2_iron/install/ament_cppcheck:/home/vboxuser/ros2_iron/install/ament_clang_tidy:/home/vboxuser/ros2_iron/install/ament_clang_format /usr/bin/cmake --install /home/vboxuser/ros2_ws/build/examples_rclcpp_minimal_service
[6.217s] DEBUG:colcon.colcon_core.event_handler.log_command:Invoked command in '/home/vboxuser/ros2_ws/build/examples_rclcpp_minimal_composition' returned '0': CMAKE_PREFIX_PATH=${CMAKE_PREFIX_PATH}:/home/vboxuser/ros2_ws/install/py_pubsub:/home/vboxuser/ros2_ws/install/launch_testing_examples:/home/vboxuser/ros2_ws/install/examples_rclpy_pointcloud_publisher:/home/vboxuser/ros2_ws/install/examples_rclpy_minimal_subscriber:/home/vboxuser/ros2_ws/install/examples_rclpy_minimal_service:/home/vboxuser/ros2_ws/install/examples_rclpy_minimal_publisher:/home/vboxuser/ros2_ws/install/examples_rclpy_minimal_client:/home/vboxuser/ros2_ws/install/examples_rclpy_minimal_action_server:/home/vboxuser/ros2_ws/install/examples_rclpy_minimal_action_client:/home/vboxuser/ros2_ws/install/examples_rclpy_guard_conditions:/home/vboxuser/ros2_ws/install/examples_rclpy_executors:/home/vboxuser/ros2_ws/install/bms_visualizer:/opt/ros/iron:/home/vboxuser/ros2_iron/install/rqt_bag_plugins:/home/vboxuser/ros2_iron/install/rqt_bag:/home/vboxuser/ros2_iron/install/rosbag2_examples_py:/home/vboxuser/ros2_iron/install/launch_testing_examples:/home/vboxuser/ros2_iron/install/ros2bag:/home/vboxuser/ros2_iron/install/tracetools_test:/home/vboxuser/ros2_iron/install/tracetools_launch:/home/vboxuser/ros2_iron/install/topic_monitor:/home/vboxuser/ros2_iron/install/tf2_tools:/home/vboxuser/ros2_iron/install/examples_tf2_py:/home/vboxuser/ros2_iron/install/tf2_ros_py:/home/vboxuser/ros2_iron/install/examples_rclpy_pointcloud_publisher:/home/vboxuser/ros2_iron/install/sensor_msgs_py:/home/vboxuser/ros2_iron/install/quality_of_service_demo_py:/home/vboxuser/ros2_iron/install/rqt_plot:/home/vboxuser/ros2_iron/install/ros2doctor:/home/vboxuser/ros2_iron/install/lifecycle_py:/home/vboxuser/ros2_iron/install/examples_rclpy_minimal_subscriber:/home/vboxuser/ros2_iron/install/examples_rclpy_minimal_service:/home/vboxuser/ros2_iron/install/examples_rclpy_minimal_publisher:/home/vboxuser/ros2_iron/install/examples_rclpy_minimal_client:/home/vboxuser/ros2_iron/install/examples_rclpy_executors:/home/vboxuser/ros2_iron/install/demo_nodes_py:/home/vboxuser/ros2_iron/install/rqt:/home/vboxuser/ros2_iron/install/ros2component:/home/vboxuser/ros2_iron/install/sros2:/home/vboxuser/ros2_iron/install/rqt_topic:/home/vboxuser/ros2_iron/install/rqt_srv:/home/vboxuser/ros2_iron/install/rqt_shell:/home/vboxuser/ros2_iron/install/rqt_service_caller:/home/vboxuser/ros2_iron/install/rqt_reconfigure:/home/vboxuser/ros2_iron/install/rqt_py_console:/home/vboxuser/ros2_iron/install/rqt_publisher:/home/vboxuser/ros2_iron/install/rqt_action:/home/vboxuser/ros2_iron/install/rqt_msg:/home/vboxuser/ros2_iron/install/rqt_console:/home/vboxuser/ros2_iron/install/rqt_graph:/home/vboxuser/ros2_iron/install/rqt_gui_py:/home/vboxuser/ros2_iron/install/rqt_gui:/home/vboxuser/ros2_iron/install/ros2trace:/home/vboxuser/ros2_iron/install/ros2topic:/home/vboxuser/ros2_iron/install/ros2test:/home/vboxuser/ros2_iron/install/ros2param:/home/vboxuser/ros2_iron/install/ros2lifecycle:/home/vboxuser/ros2_iron/install/ros2service:/home/vboxuser/ros2_iron/install/ros2run:/home/vboxuser/ros2_iron/install/ros2launch:/home/vboxuser/ros2_iron/install/ros2pkg:/home/vboxuser/ros2_iron/install/ros2node:/home/vboxuser/ros2_iron/install/ros2multicast:/home/vboxuser/ros2_iron/install/ros2interface:/home/vboxuser/ros2_iron/install/ros2action:/home/vboxuser/ros2_iron/install/ros2cli:/home/vboxuser/ros2_iron/install/launch_testing_ros:/home/vboxuser/ros2_iron/install/launch_ros:/home/vboxuser/ros2_iron/install/examples_rclpy_minimal_action_server:/home/vboxuser/ros2_iron/install/examples_rclpy_minimal_action_client:/home/vboxuser/ros2_iron/install/examples_rclpy_guard_conditions:/home/vboxuser/ros2_iron/install/action_tutorials_py:/home/vboxuser/ros2_iron/install/ament_uncrustify:/home/vboxuser/ros2_iron/install/tracetools_trace:/home/vboxuser/ros2_iron/install/tracetools_read:/home/vboxuser/ros2_iron/install/test_tracetools_launch:/home/vboxuser/ros2_iron/install/test_ros2trace:/home/vboxuser/ros2_iron/install/test_launch_ros:/home/vboxuser/ros2_iron/install/rpyutils:/home/vboxuser/ros2_iron/install/rosidl_runtime_py:/home/vboxuser/ros2_iron/install/rosidl_pycommon:/home/vboxuser/ros2_iron/install/rosidl_cli:/home/vboxuser/ros2_iron/install/launch_pytest:/home/vboxuser/ros2_iron/install/launch_testing:/home/vboxuser/ros2_iron/install/launch_yaml:/home/vboxuser/ros2_iron/install/launch_xml:/home/vboxuser/ros2_iron/install/launch:/home/vboxuser/ros2_iron/install/osrf_pycommon:/home/vboxuser/ros2_iron/install/domain_coordinator:/home/vboxuser/ros2_iron/install/ament_xmllint:/home/vboxuser/ros2_iron/install/ament_pyflakes:/home/vboxuser/ros2_iron/install/ament_pycodestyle:/home/vboxuser/ros2_iron/install/ament_pep257:/home/vboxuser/ros2_iron/install/ament_pclint:/home/vboxuser/ros2_iron/install/ament_package:/home/vboxuser/ros2_iron/install/ament_mypy:/home/vboxuser/ros2_iron/install/ament_lint_cmake:/home/vboxuser/ros2_iron/install/ament_flake8:/home/vboxuser/ros2_iron/install/ament_copyright:/home/vboxuser/ros2_iron/install/ament_lint:/home/vboxuser/ros2_iron/install/ament_index_python:/home/vboxuser/ros2_iron/install/ament_cpplint:/home/vboxuser/ros2_iron/install/ament_cppcheck:/home/vboxuser/ros2_iron/install/ament_clang_tidy:/home/vboxuser/ros2_iron/install/ament_clang_format /usr/bin/cmake --build /home/vboxuser/ros2_ws/build/examples_rclcpp_minimal_composition -- -j4 -l4
[6.220s] DEBUG:colcon.colcon_core.event_handler.log_command:Invoking command in '/home/vboxuser/ros2_ws/build/examples_rclcpp_minimal_composition': CMAKE_PREFIX_PATH=${CMAKE_PREFIX_PATH}:/home/vboxuser/ros2_ws/install/py_pubsub:/home/vboxuser/ros2_ws/install/launch_testing_examples:/home/vboxuser/ros2_ws/install/examples_rclpy_pointcloud_publisher:/home/vboxuser/ros2_ws/install/examples_rclpy_minimal_subscriber:/home/vboxuser/ros2_ws/install/examples_rclpy_minimal_service:/home/vboxuser/ros2_ws/install/examples_rclpy_minimal_publisher:/home/vboxuser/ros2_ws/install/examples_rclpy_minimal_client:/home/vboxuser/ros2_ws/install/examples_rclpy_minimal_action_server:/home/vboxuser/ros2_ws/install/examples_rclpy_minimal_action_client:/home/vboxuser/ros2_ws/install/examples_rclpy_guard_conditions:/home/vboxuser/ros2_ws/install/examples_rclpy_executors:/home/vboxuser/ros2_ws/install/bms_visualizer:/opt/ros/iron:/home/vboxuser/ros2_iron/install/rqt_bag_plugins:/home/vboxuser/ros2_iron/install/rqt_bag:/home/vboxuser/ros2_iron/install/rosbag2_examples_py:/home/vboxuser/ros2_iron/install/launch_testing_examples:/home/vboxuser/ros2_iron/install/ros2bag:/home/vboxuser/ros2_iron/install/tracetools_test:/home/vboxuser/ros2_iron/install/tracetools_launch:/home/vboxuser/ros2_iron/install/topic_monitor:/home/vboxuser/ros2_iron/install/tf2_tools:/home/vboxuser/ros2_iron/install/examples_tf2_py:/home/vboxuser/ros2_iron/install/tf2_ros_py:/home/vboxuser/ros2_iron/install/examples_rclpy_pointcloud_publisher:/home/vboxuser/ros2_iron/install/sensor_msgs_py:/home/vboxuser/ros2_iron/install/quality_of_service_demo_py:/home/vboxuser/ros2_iron/install/rqt_plot:/home/vboxuser/ros2_iron/install/ros2doctor:/home/vboxuser/ros2_iron/install/lifecycle_py:/home/vboxuser/ros2_iron/install/examples_rclpy_minimal_subscriber:/home/vboxuser/ros2_iron/install/examples_rclpy_minimal_service:/home/vboxuser/ros2_iron/install/examples_rclpy_minimal_publisher:/home/vboxuser/ros2_iron/install/examples_rclpy_minimal_client:/home/vboxuser/ros2_iron/install/examples_rclpy_executors:/home/vboxuser/ros2_iron/install/demo_nodes_py:/home/vboxuser/ros2_iron/install/rqt:/home/vboxuser/ros2_iron/install/ros2component:/home/vboxuser/ros2_iron/install/sros2:/home/vboxuser/ros2_iron/install/rqt_topic:/home/vboxuser/ros2_iron/install/rqt_srv:/home/vboxuser/ros2_iron/install/rqt_shell:/home/vboxuser/ros2_iron/install/rqt_service_caller:/home/vboxuser/ros2_iron/install/rqt_reconfigure:/home/vboxuser/ros2_iron/install/rqt_py_console:/home/vboxuser/ros2_iron/install/rqt_publisher:/home/vboxuser/ros2_iron/install/rqt_action:/home/vboxuser/ros2_iron/install/rqt_msg:/home/vboxuser/ros2_iron/install/rqt_console:/home/vboxuser/ros2_iron/install/rqt_graph:/home/vboxuser/ros2_iron/install/rqt_gui_py:/home/vboxuser/ros2_iron/install/rqt_gui:/home/vboxuser/ros2_iron/install/ros2trace:/home/vboxuser/ros2_iron/install/ros2topic:/home/vboxuser/ros2_iron/install/ros2test:/home/vboxuser/ros2_iron/install/ros2param:/home/vboxuser/ros2_iron/install/ros2lifecycle:/home/vboxuser/ros2_iron/install/ros2service:/home/vboxuser/ros2_iron/install/ros2run:/home/vboxuser/ros2_iron/install/ros2launch:/home/vboxuser/ros2_iron/install/ros2pkg:/home/vboxuser/ros2_iron/install/ros2node:/home/vboxuser/ros2_iron/install/ros2multicast:/home/vboxuser/ros2_iron/install/ros2interface:/home/vboxuser/ros2_iron/install/ros2action:/home/vboxuser/ros2_iron/install/ros2cli:/home/vboxuser/ros2_iron/install/launch_testing_ros:/home/vboxuser/ros2_iron/install/launch_ros:/home/vboxuser/ros2_iron/install/examples_rclpy_minimal_action_server:/home/vboxuser/ros2_iron/install/examples_rclpy_minimal_action_client:/home/vboxuser/ros2_iron/install/examples_rclpy_guard_conditions:/home/vboxuser/ros2_iron/install/action_tutorials_py:/home/vboxuser/ros2_iron/install/ament_uncrustify:/home/vboxuser/ros2_iron/install/tracetools_trace:/home/vboxuser/ros2_iron/install/tracetools_read:/home/vboxuser/ros2_iron/install/test_tracetools_launch:/home/vboxuser/ros2_iron/install/test_ros2trace:/home/vboxuser/ros2_iron/install/test_launch_ros:/home/vboxuser/ros2_iron/install/rpyutils:/home/vboxuser/ros2_iron/install/rosidl_runtime_py:/home/vboxuser/ros2_iron/install/rosidl_pycommon:/home/vboxuser/ros2_iron/install/rosidl_cli:/home/vboxuser/ros2_iron/install/launch_pytest:/home/vboxuser/ros2_iron/install/launch_testing:/home/vboxuser/ros2_iron/install/launch_yaml:/home/vboxuser/ros2_iron/install/launch_xml:/home/vboxuser/ros2_iron/install/launch:/home/vboxuser/ros2_iron/install/osrf_pycommon:/home/vboxuser/ros2_iron/install/domain_coordinator:/home/vboxuser/ros2_iron/install/ament_xmllint:/home/vboxuser/ros2_iron/install/ament_pyflakes:/home/vboxuser/ros2_iron/install/ament_pycodestyle:/home/vboxuser/ros2_iron/install/ament_pep257:/home/vboxuser/ros2_iron/install/ament_pclint:/home/vboxuser/ros2_iron/install/ament_package:/home/vboxuser/ros2_iron/install/ament_mypy:/home/vboxuser/ros2_iron/install/ament_lint_cmake:/home/vboxuser/ros2_iron/install/ament_flake8:/home/vboxuser/ros2_iron/install/ament_copyright:/home/vboxuser/ros2_iron/install/ament_lint:/home/vboxuser/ros2_iron/install/ament_index_python:/home/vboxuser/ros2_iron/install/ament_cpplint:/home/vboxuser/ros2_iron/install/ament_cppcheck:/home/vboxuser/ros2_iron/install/ament_clang_tidy:/home/vboxuser/ros2_iron/install/ament_clang_format /usr/bin/cmake --install /home/vboxuser/ros2_ws/build/examples_rclcpp_minimal_composition
[6.260s] DEBUG:colcon.colcon_core.event_handler.log_command:Invoked command in '/home/vboxuser/ros2_ws/build/examples_rclcpp_minimal_publisher' returned '0': CMAKE_PREFIX_PATH=${CMAKE_PREFIX_PATH}:/home/vboxuser/ros2_ws/install/py_pubsub:/home/vboxuser/ros2_ws/install/launch_testing_examples:/home/vboxuser/ros2_ws/install/examples_rclpy_pointcloud_publisher:/home/vboxuser/ros2_ws/install/examples_rclpy_minimal_subscriber:/home/vboxuser/ros2_ws/install/examples_rclpy_minimal_service:/home/vboxuser/ros2_ws/install/examples_rclpy_minimal_publisher:/home/vboxuser/ros2_ws/install/examples_rclpy_minimal_client:/home/vboxuser/ros2_ws/install/examples_rclpy_minimal_action_server:/home/vboxuser/ros2_ws/install/examples_rclpy_minimal_action_client:/home/vboxuser/ros2_ws/install/examples_rclpy_guard_conditions:/home/vboxuser/ros2_ws/install/examples_rclpy_executors:/home/vboxuser/ros2_ws/install/bms_visualizer:/opt/ros/iron:/home/vboxuser/ros2_iron/install/rqt_bag_plugins:/home/vboxuser/ros2_iron/install/rqt_bag:/home/vboxuser/ros2_iron/install/rosbag2_examples_py:/home/vboxuser/ros2_iron/install/launch_testing_examples:/home/vboxuser/ros2_iron/install/ros2bag:/home/vboxuser/ros2_iron/install/tracetools_test:/home/vboxuser/ros2_iron/install/tracetools_launch:/home/vboxuser/ros2_iron/install/topic_monitor:/home/vboxuser/ros2_iron/install/tf2_tools:/home/vboxuser/ros2_iron/install/examples_tf2_py:/home/vboxuser/ros2_iron/install/tf2_ros_py:/home/vboxuser/ros2_iron/install/examples_rclpy_pointcloud_publisher:/home/vboxuser/ros2_iron/install/sensor_msgs_py:/home/vboxuser/ros2_iron/install/quality_of_service_demo_py:/home/vboxuser/ros2_iron/install/rqt_plot:/home/vboxuser/ros2_iron/install/ros2doctor:/home/vboxuser/ros2_iron/install/lifecycle_py:/home/vboxuser/ros2_iron/install/examples_rclpy_minimal_subscriber:/home/vboxuser/ros2_iron/install/examples_rclpy_minimal_service:/home/vboxuser/ros2_iron/install/examples_rclpy_minimal_publisher:/home/vboxuser/ros2_iron/install/examples_rclpy_minimal_client:/home/vboxuser/ros2_iron/install/examples_rclpy_executors:/home/vboxuser/ros2_iron/install/demo_nodes_py:/home/vboxuser/ros2_iron/install/rqt:/home/vboxuser/ros2_iron/install/ros2component:/home/vboxuser/ros2_iron/install/sros2:/home/vboxuser/ros2_iron/install/rqt_topic:/home/vboxuser/ros2_iron/install/rqt_srv:/home/vboxuser/ros2_iron/install/rqt_shell:/home/vboxuser/ros2_iron/install/rqt_service_caller:/home/vboxuser/ros2_iron/install/rqt_reconfigure:/home/vboxuser/ros2_iron/install/rqt_py_console:/home/vboxuser/ros2_iron/install/rqt_publisher:/home/vboxuser/ros2_iron/install/rqt_action:/home/vboxuser/ros2_iron/install/rqt_msg:/home/vboxuser/ros2_iron/install/rqt_console:/home/vboxuser/ros2_iron/install/rqt_graph:/home/vboxuser/ros2_iron/install/rqt_gui_py:/home/vboxuser/ros2_iron/install/rqt_gui:/home/vboxuser/ros2_iron/install/ros2trace:/home/vboxuser/ros2_iron/install/ros2topic:/home/vboxuser/ros2_iron/install/ros2test:/home/vboxuser/ros2_iron/install/ros2param:/home/vboxuser/ros2_iron/install/ros2lifecycle:/home/vboxuser/ros2_iron/install/ros2service:/home/vboxuser/ros2_iron/install/ros2run:/home/vboxuser/ros2_iron/install/ros2launch:/home/vboxuser/ros2_iron/install/ros2pkg:/home/vboxuser/ros2_iron/install/ros2node:/home/vboxuser/ros2_iron/install/ros2multicast:/home/vboxuser/ros2_iron/install/ros2interface:/home/vboxuser/ros2_iron/install/ros2action:/home/vboxuser/ros2_iron/install/ros2cli:/home/vboxuser/ros2_iron/install/launch_testing_ros:/home/vboxuser/ros2_iron/install/launch_ros:/home/vboxuser/ros2_iron/install/examples_rclpy_minimal_action_server:/home/vboxuser/ros2_iron/install/examples_rclpy_minimal_action_client:/home/vboxuser/ros2_iron/install/examples_rclpy_guard_conditions:/home/vboxuser/ros2_iron/install/action_tutorials_py:/home/vboxuser/ros2_iron/install/ament_uncrustify:/home/vboxuser/ros2_iron/install/tracetools_trace:/home/vboxuser/ros2_iron/install/tracetools_read:/home/vboxuser/ros2_iron/install/test_tracetools_launch:/home/vboxuser/ros2_iron/install/test_ros2trace:/home/vboxuser/ros2_iron/install/test_launch_ros:/home/vboxuser/ros2_iron/install/rpyutils:/home/vboxuser/ros2_iron/install/rosidl_runtime_py:/home/vboxuser/ros2_iron/install/rosidl_pycommon:/home/vboxuser/ros2_iron/install/rosidl_cli:/home/vboxuser/ros2_iron/install/launch_pytest:/home/vboxuser/ros2_iron/install/launch_testing:/home/vboxuser/ros2_iron/install/launch_yaml:/home/vboxuser/ros2_iron/install/launch_xml:/home/vboxuser/ros2_iron/install/launch:/home/vboxuser/ros2_iron/install/osrf_pycommon:/home/vboxuser/ros2_iron/install/domain_coordinator:/home/vboxuser/ros2_iron/install/ament_xmllint:/home/vboxuser/ros2_iron/install/ament_pyflakes:/home/vboxuser/ros2_iron/install/ament_pycodestyle:/home/vboxuser/ros2_iron/install/ament_pep257:/home/vboxuser/ros2_iron/install/ament_pclint:/home/vboxuser/ros2_iron/install/ament_package:/home/vboxuser/ros2_iron/install/ament_mypy:/home/vboxuser/ros2_iron/install/ament_lint_cmake:/home/vboxuser/ros2_iron/install/ament_flake8:/home/vboxuser/ros2_iron/install/ament_copyright:/home/vboxuser/ros2_iron/install/ament_lint:/home/vboxuser/ros2_iron/install/ament_index_python:/home/vboxuser/ros2_iron/install/ament_cpplint:/home/vboxuser/ros2_iron/install/ament_cppcheck:/home/vboxuser/ros2_iron/install/ament_clang_tidy:/home/vboxuser/ros2_iron/install/ament_clang_format /usr/bin/cmake --build /home/vboxuser/ros2_ws/build/examples_rclcpp_minimal_publisher -- -j4 -l4
[6.263s] DEBUG:colcon.colcon_core.event_handler.log_command:Invoking command in '/home/vboxuser/ros2_ws/build/examples_rclcpp_minimal_publisher': CMAKE_PREFIX_PATH=${CMAKE_PREFIX_PATH}:/home/vboxuser/ros2_ws/install/py_pubsub:/home/vboxuser/ros2_ws/install/launch_testing_examples:/home/vboxuser/ros2_ws/install/examples_rclpy_pointcloud_publisher:/home/vboxuser/ros2_ws/install/examples_rclpy_minimal_subscriber:/home/vboxuser/ros2_ws/install/examples_rclpy_minimal_service:/home/vboxuser/ros2_ws/install/examples_rclpy_minimal_publisher:/home/vboxuser/ros2_ws/install/examples_rclpy_minimal_client:/home/vboxuser/ros2_ws/install/examples_rclpy_minimal_action_server:/home/vboxuser/ros2_ws/install/examples_rclpy_minimal_action_client:/home/vboxuser/ros2_ws/install/examples_rclpy_guard_conditions:/home/vboxuser/ros2_ws/install/examples_rclpy_executors:/home/vboxuser/ros2_ws/install/bms_visualizer:/opt/ros/iron:/home/vboxuser/ros2_iron/install/rqt_bag_plugins:/home/vboxuser/ros2_iron/install/rqt_bag:/home/vboxuser/ros2_iron/install/rosbag2_examples_py:/home/vboxuser/ros2_iron/install/launch_testing_examples:/home/vboxuser/ros2_iron/install/ros2bag:/home/vboxuser/ros2_iron/install/tracetools_test:/home/vboxuser/ros2_iron/install/tracetools_launch:/home/vboxuser/ros2_iron/install/topic_monitor:/home/vboxuser/ros2_iron/install/tf2_tools:/home/vboxuser/ros2_iron/install/examples_tf2_py:/home/vboxuser/ros2_iron/install/tf2_ros_py:/home/vboxuser/ros2_iron/install/examples_rclpy_pointcloud_publisher:/home/vboxuser/ros2_iron/install/sensor_msgs_py:/home/vboxuser/ros2_iron/install/quality_of_service_demo_py:/home/vboxuser/ros2_iron/install/rqt_plot:/home/vboxuser/ros2_iron/install/ros2doctor:/home/vboxuser/ros2_iron/install/lifecycle_py:/home/vboxuser/ros2_iron/install/examples_rclpy_minimal_subscriber:/home/vboxuser/ros2_iron/install/examples_rclpy_minimal_service:/home/vboxuser/ros2_iron/install/examples_rclpy_minimal_publisher:/home/vboxuser/ros2_iron/install/examples_rclpy_minimal_client:/home/vboxuser/ros2_iron/install/examples_rclpy_executors:/home/vboxuser/ros2_iron/install/demo_nodes_py:/home/vboxuser/ros2_iron/install/rqt:/home/vboxuser/ros2_iron/install/ros2component:/home/vboxuser/ros2_iron/install/sros2:/home/vboxuser/ros2_iron/install/rqt_topic:/home/vboxuser/ros2_iron/install/rqt_srv:/home/vboxuser/ros2_iron/install/rqt_shell:/home/vboxuser/ros2_iron/install/rqt_service_caller:/home/vboxuser/ros2_iron/install/rqt_reconfigure:/home/vboxuser/ros2_iron/install/rqt_py_console:/home/vboxuser/ros2_iron/install/rqt_publisher:/home/vboxuser/ros2_iron/install/rqt_action:/home/vboxuser/ros2_iron/install/rqt_msg:/home/vboxuser/ros2_iron/install/rqt_console:/home/vboxuser/ros2_iron/install/rqt_graph:/home/vboxuser/ros2_iron/install/rqt_gui_py:/home/vboxuser/ros2_iron/install/rqt_gui:/home/vboxuser/ros2_iron/install/ros2trace:/home/vboxuser/ros2_iron/install/ros2topic:/home/vboxuser/ros2_iron/install/ros2test:/home/vboxuser/ros2_iron/install/ros2param:/home/vboxuser/ros2_iron/install/ros2lifecycle:/home/vboxuser/ros2_iron/install/ros2service:/home/vboxuser/ros2_iron/install/ros2run:/home/vboxuser/ros2_iron/install/ros2launch:/home/vboxuser/ros2_iron/install/ros2pkg:/home/vboxuser/ros2_iron/install/ros2node:/home/vboxuser/ros2_iron/install/ros2multicast:/home/vboxuser/ros2_iron/install/ros2interface:/home/vboxuser/ros2_iron/install/ros2action:/home/vboxuser/ros2_iron/install/ros2cli:/home/vboxuser/ros2_iron/install/launch_testing_ros:/home/vboxuser/ros2_iron/install/launch_ros:/home/vboxuser/ros2_iron/install/examples_rclpy_minimal_action_server:/home/vboxuser/ros2_iron/install/examples_rclpy_minimal_action_client:/home/vboxuser/ros2_iron/install/examples_rclpy_guard_conditions:/home/vboxuser/ros2_iron/install/action_tutorials_py:/home/vboxuser/ros2_iron/install/ament_uncrustify:/home/vboxuser/ros2_iron/install/tracetools_trace:/home/vboxuser/ros2_iron/install/tracetools_read:/home/vboxuser/ros2_iron/install/test_tracetools_launch:/home/vboxuser/ros2_iron/install/test_ros2trace:/home/vboxuser/ros2_iron/install/test_launch_ros:/home/vboxuser/ros2_iron/install/rpyutils:/home/vboxuser/ros2_iron/install/rosidl_runtime_py:/home/vboxuser/ros2_iron/install/rosidl_pycommon:/home/vboxuser/ros2_iron/install/rosidl_cli:/home/vboxuser/ros2_iron/install/launch_pytest:/home/vboxuser/ros2_iron/install/launch_testing:/home/vboxuser/ros2_iron/install/launch_yaml:/home/vboxuser/ros2_iron/install/launch_xml:/home/vboxuser/ros2_iron/install/launch:/home/vboxuser/ros2_iron/install/osrf_pycommon:/home/vboxuser/ros2_iron/install/domain_coordinator:/home/vboxuser/ros2_iron/install/ament_xmllint:/home/vboxuser/ros2_iron/install/ament_pyflakes:/home/vboxuser/ros2_iron/install/ament_pycodestyle:/home/vboxuser/ros2_iron/install/ament_pep257:/home/vboxuser/ros2_iron/install/ament_pclint:/home/vboxuser/ros2_iron/install/ament_package:/home/vboxuser/ros2_iron/install/ament_mypy:/home/vboxuser/ros2_iron/install/ament_lint_cmake:/home/vboxuser/ros2_iron/install/ament_flake8:/home/vboxuser/ros2_iron/install/ament_copyright:/home/vboxuser/ros2_iron/install/ament_lint:/home/vboxuser/ros2_iron/install/ament_index_python:/home/vboxuser/ros2_iron/install/ament_cpplint:/home/vboxuser/ros2_iron/install/ament_cppcheck:/home/vboxuser/ros2_iron/install/ament_clang_tidy:/home/vboxuser/ros2_iron/install/ament_clang_format /usr/bin/cmake --install /home/vboxuser/ros2_ws/build/examples_rclcpp_minimal_publisher
[6.376s] Level 1:colcon.colcon_core.environment:create_environment_scripts_only(examples_rclcpp_minimal_service)
[6.377s] Level 1:colcon.colcon_core.environment:checking '/home/vboxuser/ros2_ws/install/examples_rclcpp_minimal_service' for CMake module files
[6.379s] Level 1:colcon.colcon_core.environment:checking '/home/vboxuser/ros2_ws/install/examples_rclcpp_minimal_service' for CMake config files
[6.380s] Level 1:colcon.colcon_core.shell:create_environment_hook('examples_rclcpp_minimal_service', 'cmake_prefix_path')
[6.380s] INFO:colcon.colcon_core.shell:Creating environment hook '/home/vboxuser/ros2_ws/install/examples_rclcpp_minimal_service/share/examples_rclcpp_minimal_service/hook/cmake_prefix_path.ps1'
[6.381s] INFO:colcon.colcon_core.shell:Creating environment descriptor '/home/vboxuser/ros2_ws/install/examples_rclcpp_minimal_service/share/examples_rclcpp_minimal_service/hook/cmake_prefix_path.dsv'
[6.385s] INFO:colcon.colcon_core.shell:Creating environment hook '/home/vboxuser/ros2_ws/install/examples_rclcpp_minimal_service/share/examples_rclcpp_minimal_service/hook/cmake_prefix_path.sh'
[6.386s] DEBUG:colcon.colcon_core.event_handler.log_command:Invoked command in '/home/vboxuser/ros2_ws/build/examples_rclcpp_minimal_service' returned '0': CMAKE_PREFIX_PATH=${CMAKE_PREFIX_PATH}:/home/vboxuser/ros2_ws/install/py_pubsub:/home/vboxuser/ros2_ws/install/launch_testing_examples:/home/vboxuser/ros2_ws/install/examples_rclpy_pointcloud_publisher:/home/vboxuser/ros2_ws/install/examples_rclpy_minimal_subscriber:/home/vboxuser/ros2_ws/install/examples_rclpy_minimal_service:/home/vboxuser/ros2_ws/install/examples_rclpy_minimal_publisher:/home/vboxuser/ros2_ws/install/examples_rclpy_minimal_client:/home/vboxuser/ros2_ws/install/examples_rclpy_minimal_action_server:/home/vboxuser/ros2_ws/install/examples_rclpy_minimal_action_client:/home/vboxuser/ros2_ws/install/examples_rclpy_guard_conditions:/home/vboxuser/ros2_ws/install/examples_rclpy_executors:/home/vboxuser/ros2_ws/install/bms_visualizer:/opt/ros/iron:/home/vboxuser/ros2_iron/install/rqt_bag_plugins:/home/vboxuser/ros2_iron/install/rqt_bag:/home/vboxuser/ros2_iron/install/rosbag2_examples_py:/home/vboxuser/ros2_iron/install/launch_testing_examples:/home/vboxuser/ros2_iron/install/ros2bag:/home/vboxuser/ros2_iron/install/tracetools_test:/home/vboxuser/ros2_iron/install/tracetools_launch:/home/vboxuser/ros2_iron/install/topic_monitor:/home/vboxuser/ros2_iron/install/tf2_tools:/home/vboxuser/ros2_iron/install/examples_tf2_py:/home/vboxuser/ros2_iron/install/tf2_ros_py:/home/vboxuser/ros2_iron/install/examples_rclpy_pointcloud_publisher:/home/vboxuser/ros2_iron/install/sensor_msgs_py:/home/vboxuser/ros2_iron/install/quality_of_service_demo_py:/home/vboxuser/ros2_iron/install/rqt_plot:/home/vboxuser/ros2_iron/install/ros2doctor:/home/vboxuser/ros2_iron/install/lifecycle_py:/home/vboxuser/ros2_iron/install/examples_rclpy_minimal_subscriber:/home/vboxuser/ros2_iron/install/examples_rclpy_minimal_service:/home/vboxuser/ros2_iron/install/examples_rclpy_minimal_publisher:/home/vboxuser/ros2_iron/install/examples_rclpy_minimal_client:/home/vboxuser/ros2_iron/install/examples_rclpy_executors:/home/vboxuser/ros2_iron/install/demo_nodes_py:/home/vboxuser/ros2_iron/install/rqt:/home/vboxuser/ros2_iron/install/ros2component:/home/vboxuser/ros2_iron/install/sros2:/home/vboxuser/ros2_iron/install/rqt_topic:/home/vboxuser/ros2_iron/install/rqt_srv:/home/vboxuser/ros2_iron/install/rqt_shell:/home/vboxuser/ros2_iron/install/rqt_service_caller:/home/vboxuser/ros2_iron/install/rqt_reconfigure:/home/vboxuser/ros2_iron/install/rqt_py_console:/home/vboxuser/ros2_iron/install/rqt_publisher:/home/vboxuser/ros2_iron/install/rqt_action:/home/vboxuser/ros2_iron/install/rqt_msg:/home/vboxuser/ros2_iron/install/rqt_console:/home/vboxuser/ros2_iron/install/rqt_graph:/home/vboxuser/ros2_iron/install/rqt_gui_py:/home/vboxuser/ros2_iron/install/rqt_gui:/home/vboxuser/ros2_iron/install/ros2trace:/home/vboxuser/ros2_iron/install/ros2topic:/home/vboxuser/ros2_iron/install/ros2test:/home/vboxuser/ros2_iron/install/ros2param:/home/vboxuser/ros2_iron/install/ros2lifecycle:/home/vboxuser/ros2_iron/install/ros2service:/home/vboxuser/ros2_iron/install/ros2run:/home/vboxuser/ros2_iron/install/ros2launch:/home/vboxuser/ros2_iron/install/ros2pkg:/home/vboxuser/ros2_iron/install/ros2node:/home/vboxuser/ros2_iron/install/ros2multicast:/home/vboxuser/ros2_iron/install/ros2interface:/home/vboxuser/ros2_iron/install/ros2action:/home/vboxuser/ros2_iron/install/ros2cli:/home/vboxuser/ros2_iron/install/launch_testing_ros:/home/vboxuser/ros2_iron/install/launch_ros:/home/vboxuser/ros2_iron/install/examples_rclpy_minimal_action_server:/home/vboxuser/ros2_iron/install/examples_rclpy_minimal_action_client:/home/vboxuser/ros2_iron/install/examples_rclpy_guard_conditions:/home/vboxuser/ros2_iron/install/action_tutorials_py:/home/vboxuser/ros2_iron/install/ament_uncrustify:/home/vboxuser/ros2_iron/install/tracetools_trace:/home/vboxuser/ros2_iron/install/tracetools_read:/home/vboxuser/ros2_iron/install/test_tracetools_launch:/home/vboxuser/ros2_iron/install/test_ros2trace:/home/vboxuser/ros2_iron/install/test_launch_ros:/home/vboxuser/ros2_iron/install/rpyutils:/home/vboxuser/ros2_iron/install/rosidl_runtime_py:/home/vboxuser/ros2_iron/install/rosidl_pycommon:/home/vboxuser/ros2_iron/install/rosidl_cli:/home/vboxuser/ros2_iron/install/launch_pytest:/home/vboxuser/ros2_iron/install/launch_testing:/home/vboxuser/ros2_iron/install/launch_yaml:/home/vboxuser/ros2_iron/install/launch_xml:/home/vboxuser/ros2_iron/install/launch:/home/vboxuser/ros2_iron/install/osrf_pycommon:/home/vboxuser/ros2_iron/install/domain_coordinator:/home/vboxuser/ros2_iron/install/ament_xmllint:/home/vboxuser/ros2_iron/install/ament_pyflakes:/home/vboxuser/ros2_iron/install/ament_pycodestyle:/home/vboxuser/ros2_iron/install/ament_pep257:/home/vboxuser/ros2_iron/install/ament_pclint:/home/vboxuser/ros2_iron/install/ament_package:/home/vboxuser/ros2_iron/install/ament_mypy:/home/vboxuser/ros2_iron/install/ament_lint_cmake:/home/vboxuser/ros2_iron/install/ament_flake8:/home/vboxuser/ros2_iron/install/ament_copyright:/home/vboxuser/ros2_iron/install/ament_lint:/home/vboxuser/ros2_iron/install/ament_index_python:/home/vboxuser/ros2_iron/install/ament_cpplint:/home/vboxuser/ros2_iron/install/ament_cppcheck:/home/vboxuser/ros2_iron/install/ament_clang_tidy:/home/vboxuser/ros2_iron/install/ament_clang_format /usr/bin/cmake --install /home/vboxuser/ros2_ws/build/examples_rclcpp_minimal_service
[6.389s] Level 1:colcon.colcon_core.environment:checking '/home/vboxuser/ros2_ws/install/examples_rclcpp_minimal_service/lib'
[6.390s] Level 1:colcon.colcon_core.environment:checking '/home/vboxuser/ros2_ws/install/examples_rclcpp_minimal_service/bin'
[6.390s] Level 1:colcon.colcon_core.environment:checking '/home/vboxuser/ros2_ws/install/examples_rclcpp_minimal_service/lib/pkgconfig/examples_rclcpp_minimal_service.pc'
[6.392s] Level 1:colcon.colcon_core.environment:checking '/home/vboxuser/ros2_ws/install/examples_rclcpp_minimal_service/lib/python3.10/site-packages'
[6.392s] Level 1:colcon.colcon_core.environment:checking '/home/vboxuser/ros2_ws/install/examples_rclcpp_minimal_service/bin'
[6.393s] INFO:colcon.colcon_core.shell:Creating package script '/home/vboxuser/ros2_ws/install/examples_rclcpp_minimal_service/share/examples_rclcpp_minimal_service/package.ps1'
[6.395s] INFO:colcon.colcon_core.shell:Creating package descriptor '/home/vboxuser/ros2_ws/install/examples_rclcpp_minimal_service/share/examples_rclcpp_minimal_service/package.dsv'
[6.397s] INFO:colcon.colcon_core.shell:Creating package script '/home/vboxuser/ros2_ws/install/examples_rclcpp_minimal_service/share/examples_rclcpp_minimal_service/package.sh'
[6.398s] INFO:colcon.colcon_core.shell:Creating package script '/home/vboxuser/ros2_ws/install/examples_rclcpp_minimal_service/share/examples_rclcpp_minimal_service/package.bash'
[6.408s] INFO:colcon.colcon_core.shell:Creating package script '/home/vboxuser/ros2_ws/install/examples_rclcpp_minimal_service/share/examples_rclcpp_minimal_service/package.zsh'
[6.409s] Level 1:colcon.colcon_core.environment:create_file_with_runtime_dependencies(/home/vboxuser/ros2_ws/install/examples_rclcpp_minimal_service/share/colcon-core/packages/examples_rclcpp_minimal_service)
[6.412s] Level 1:colcon.colcon_core.environment:create_environment_scripts_only(examples_rclcpp_minimal_service)
[6.414s] Level 1:colcon.colcon_core.environment:checking '/home/vboxuser/ros2_ws/install/examples_rclcpp_minimal_service' for CMake module files
[6.415s] Level 1:colcon.colcon_core.environment:checking '/home/vboxuser/ros2_ws/install/examples_rclcpp_minimal_service' for CMake config files
[6.417s] Level 1:colcon.colcon_core.shell:create_environment_hook('examples_rclcpp_minimal_service', 'cmake_prefix_path')
[6.418s] INFO:colcon.colcon_core.shell:Creating environment hook '/home/vboxuser/ros2_ws/install/examples_rclcpp_minimal_service/share/examples_rclcpp_minimal_service/hook/cmake_prefix_path.ps1'
[6.421s] INFO:colcon.colcon_core.shell:Creating environment descriptor '/home/vboxuser/ros2_ws/install/examples_rclcpp_minimal_service/share/examples_rclcpp_minimal_service/hook/cmake_prefix_path.dsv'
[6.424s] INFO:colcon.colcon_core.shell:Creating environment hook '/home/vboxuser/ros2_ws/install/examples_rclcpp_minimal_service/share/examples_rclcpp_minimal_service/hook/cmake_prefix_path.sh'
[6.436s] Level 1:colcon.colcon_core.environment:checking '/home/vboxuser/ros2_ws/install/examples_rclcpp_minimal_service/lib'
[6.436s] Level 1:colcon.colcon_core.environment:checking '/home/vboxuser/ros2_ws/install/examples_rclcpp_minimal_service/bin'
[6.437s] Level 1:colcon.colcon_core.environment:checking '/home/vboxuser/ros2_ws/install/examples_rclcpp_minimal_service/lib/pkgconfig/examples_rclcpp_minimal_service.pc'
[6.438s] Level 1:colcon.colcon_core.environment:checking '/home/vboxuser/ros2_ws/install/examples_rclcpp_minimal_service/lib/python3.10/site-packages'
[6.439s] Level 1:colcon.colcon_core.environment:checking '/home/vboxuser/ros2_ws/install/examples_rclcpp_minimal_service/bin'
[6.441s] INFO:colcon.colcon_core.shell:Creating package script '/home/vboxuser/ros2_ws/install/examples_rclcpp_minimal_service/share/examples_rclcpp_minimal_service/package.ps1'
[6.446s] INFO:colcon.colcon_core.shell:Creating package descriptor '/home/vboxuser/ros2_ws/install/examples_rclcpp_minimal_service/share/examples_rclcpp_minimal_service/package.dsv'
[6.449s] INFO:colcon.colcon_core.shell:Creating package script '/home/vboxuser/ros2_ws/install/examples_rclcpp_minimal_service/share/examples_rclcpp_minimal_service/package.sh'
[6.453s] INFO:colcon.colcon_core.shell:Creating package script '/home/vboxuser/ros2_ws/install/examples_rclcpp_minimal_service/share/examples_rclcpp_minimal_service/package.bash'
[6.458s] INFO:colcon.colcon_core.shell:Creating package script '/home/vboxuser/ros2_ws/install/examples_rclcpp_minimal_service/share/examples_rclcpp_minimal_service/package.zsh'
[6.465s] Level 1:colcon.colcon_core.environment:create_file_with_runtime_dependencies(/home/vboxuser/ros2_ws/install/examples_rclcpp_minimal_service/share/colcon-core/packages/examples_rclcpp_minimal_service)
[6.469s] INFO:colcon.colcon_ros.task.ament_cmake.build:Building ROS package in '/home/vboxuser/ros2_ws/src/examples/rclcpp/topics/minimal_subscriber' with build type 'ament_cmake'
[6.471s] INFO:colcon.colcon_cmake.task.cmake.build:Building CMake package in '/home/vboxuser/ros2_ws/src/examples/rclcpp/topics/minimal_subscriber'
[6.471s] INFO:colcon.colcon_core.shell:Skip shell extension 'powershell' for command environment: Not usable outside of PowerShell
[6.471s] DEBUG:colcon.colcon_core.shell:Skip shell extension 'dsv' for command environment
[6.537s] Level 1:colcon.colcon_core.environment:create_environment_scripts_only(examples_rclcpp_minimal_publisher)
[6.539s] Level 1:colcon.colcon_core.environment:checking '/home/vboxuser/ros2_ws/install/examples_rclcpp_minimal_publisher' for CMake module files
[6.540s] Level 1:colcon.colcon_core.environment:checking '/home/vboxuser/ros2_ws/install/examples_rclcpp_minimal_publisher' for CMake config files
[6.540s] Level 1:colcon.colcon_core.shell:create_environment_hook('examples_rclcpp_minimal_publisher', 'cmake_prefix_path')
[6.541s] INFO:colcon.colcon_core.shell:Creating environment hook '/home/vboxuser/ros2_ws/install/examples_rclcpp_minimal_publisher/share/examples_rclcpp_minimal_publisher/hook/cmake_prefix_path.ps1'
[6.542s] INFO:colcon.colcon_core.shell:Creating environment descriptor '/home/vboxuser/ros2_ws/install/examples_rclcpp_minimal_publisher/share/examples_rclcpp_minimal_publisher/hook/cmake_prefix_path.dsv'
[6.543s] INFO:colcon.colcon_core.shell:Creating environment hook '/home/vboxuser/ros2_ws/install/examples_rclcpp_minimal_publisher/share/examples_rclcpp_minimal_publisher/hook/cmake_prefix_path.sh'
[6.544s] Level 1:colcon.colcon_core.environment:checking '/home/vboxuser/ros2_ws/install/examples_rclcpp_minimal_publisher/lib'
[6.544s] Level 1:colcon.colcon_core.environment:checking '/home/vboxuser/ros2_ws/install/examples_rclcpp_minimal_publisher/bin'
[6.544s] Level 1:colcon.colcon_core.environment:checking '/home/vboxuser/ros2_ws/install/examples_rclcpp_minimal_publisher/lib/pkgconfig/examples_rclcpp_minimal_publisher.pc'
[6.545s] Level 1:colcon.colcon_core.environment:checking '/home/vboxuser/ros2_ws/install/examples_rclcpp_minimal_publisher/lib/python3.10/site-packages'
[6.545s] Level 1:colcon.colcon_core.environment:checking '/home/vboxuser/ros2_ws/install/examples_rclcpp_minimal_publisher/bin'
[6.546s] INFO:colcon.colcon_core.shell:Creating package script '/home/vboxuser/ros2_ws/install/examples_rclcpp_minimal_publisher/share/examples_rclcpp_minimal_publisher/package.ps1'
[6.547s] INFO:colcon.colcon_core.shell:Creating package descriptor '/home/vboxuser/ros2_ws/install/examples_rclcpp_minimal_publisher/share/examples_rclcpp_minimal_publisher/package.dsv'
[6.548s] INFO:colcon.colcon_core.shell:Creating package script '/home/vboxuser/ros2_ws/install/examples_rclcpp_minimal_publisher/share/examples_rclcpp_minimal_publisher/package.sh'
[6.549s] INFO:colcon.colcon_core.shell:Creating package script '/home/vboxuser/ros2_ws/install/examples_rclcpp_minimal_publisher/share/examples_rclcpp_minimal_publisher/package.bash'
[6.550s] INFO:colcon.colcon_core.shell:Creating package script '/home/vboxuser/ros2_ws/install/examples_rclcpp_minimal_publisher/share/examples_rclcpp_minimal_publisher/package.zsh'
[6.551s] Level 1:colcon.colcon_core.environment:create_file_with_runtime_dependencies(/home/vboxuser/ros2_ws/install/examples_rclcpp_minimal_publisher/share/colcon-core/packages/examples_rclcpp_minimal_publisher)
[6.552s] Level 1:colcon.colcon_core.environment:create_environment_scripts_only(examples_rclcpp_minimal_publisher)
[6.553s] Level 1:colcon.colcon_core.environment:checking '/home/vboxuser/ros2_ws/install/examples_rclcpp_minimal_publisher' for CMake module files
[6.554s] Level 1:colcon.colcon_core.environment:checking '/home/vboxuser/ros2_ws/install/examples_rclcpp_minimal_publisher' for CMake config files
[6.538s] DEBUG:colcon.colcon_core.event_handler.log_command:Invoked command in '/home/vboxuser/ros2_ws/build/examples_rclcpp_minimal_publisher' returned '0': CMAKE_PREFIX_PATH=${CMAKE_PREFIX_PATH}:/home/vboxuser/ros2_ws/install/py_pubsub:/home/vboxuser/ros2_ws/install/launch_testing_examples:/home/vboxuser/ros2_ws/install/examples_rclpy_pointcloud_publisher:/home/vboxuser/ros2_ws/install/examples_rclpy_minimal_subscriber:/home/vboxuser/ros2_ws/install/examples_rclpy_minimal_service:/home/vboxuser/ros2_ws/install/examples_rclpy_minimal_publisher:/home/vboxuser/ros2_ws/install/examples_rclpy_minimal_client:/home/vboxuser/ros2_ws/install/examples_rclpy_minimal_action_server:/home/vboxuser/ros2_ws/install/examples_rclpy_minimal_action_client:/home/vboxuser/ros2_ws/install/examples_rclpy_guard_conditions:/home/vboxuser/ros2_ws/install/examples_rclpy_executors:/home/vboxuser/ros2_ws/install/bms_visualizer:/opt/ros/iron:/home/vboxuser/ros2_iron/install/rqt_bag_plugins:/home/vboxuser/ros2_iron/install/rqt_bag:/home/vboxuser/ros2_iron/install/rosbag2_examples_py:/home/vboxuser/ros2_iron/install/launch_testing_examples:/home/vboxuser/ros2_iron/install/ros2bag:/home/vboxuser/ros2_iron/install/tracetools_test:/home/vboxuser/ros2_iron/install/tracetools_launch:/home/vboxuser/ros2_iron/install/topic_monitor:/home/vboxuser/ros2_iron/install/tf2_tools:/home/vboxuser/ros2_iron/install/examples_tf2_py:/home/vboxuser/ros2_iron/install/tf2_ros_py:/home/vboxuser/ros2_iron/install/examples_rclpy_pointcloud_publisher:/home/vboxuser/ros2_iron/install/sensor_msgs_py:/home/vboxuser/ros2_iron/install/quality_of_service_demo_py:/home/vboxuser/ros2_iron/install/rqt_plot:/home/vboxuser/ros2_iron/install/ros2doctor:/home/vboxuser/ros2_iron/install/lifecycle_py:/home/vboxuser/ros2_iron/install/examples_rclpy_minimal_subscriber:/home/vboxuser/ros2_iron/install/examples_rclpy_minimal_service:/home/vboxuser/ros2_iron/install/examples_rclpy_minimal_publisher:/home/vboxuser/ros2_iron/install/examples_rclpy_minimal_client:/home/vboxuser/ros2_iron/install/examples_rclpy_executors:/home/vboxuser/ros2_iron/install/demo_nodes_py:/home/vboxuser/ros2_iron/install/rqt:/home/vboxuser/ros2_iron/install/ros2component:/home/vboxuser/ros2_iron/install/sros2:/home/vboxuser/ros2_iron/install/rqt_topic:/home/vboxuser/ros2_iron/install/rqt_srv:/home/vboxuser/ros2_iron/install/rqt_shell:/home/vboxuser/ros2_iron/install/rqt_service_caller:/home/vboxuser/ros2_iron/install/rqt_reconfigure:/home/vboxuser/ros2_iron/install/rqt_py_console:/home/vboxuser/ros2_iron/install/rqt_publisher:/home/vboxuser/ros2_iron/install/rqt_action:/home/vboxuser/ros2_iron/install/rqt_msg:/home/vboxuser/ros2_iron/install/rqt_console:/home/vboxuser/ros2_iron/install/rqt_graph:/home/vboxuser/ros2_iron/install/rqt_gui_py:/home/vboxuser/ros2_iron/install/rqt_gui:/home/vboxuser/ros2_iron/install/ros2trace:/home/vboxuser/ros2_iron/install/ros2topic:/home/vboxuser/ros2_iron/install/ros2test:/home/vboxuser/ros2_iron/install/ros2param:/home/vboxuser/ros2_iron/install/ros2lifecycle:/home/vboxuser/ros2_iron/install/ros2service:/home/vboxuser/ros2_iron/install/ros2run:/home/vboxuser/ros2_iron/install/ros2launch:/home/vboxuser/ros2_iron/install/ros2pkg:/home/vboxuser/ros2_iron/install/ros2node:/home/vboxuser/ros2_iron/install/ros2multicast:/home/vboxuser/ros2_iron/install/ros2interface:/home/vboxuser/ros2_iron/install/ros2action:/home/vboxuser/ros2_iron/install/ros2cli:/home/vboxuser/ros2_iron/install/launch_testing_ros:/home/vboxuser/ros2_iron/install/launch_ros:/home/vboxuser/ros2_iron/install/examples_rclpy_minimal_action_server:/home/vboxuser/ros2_iron/install/examples_rclpy_minimal_action_client:/home/vboxuser/ros2_iron/install/examples_rclpy_guard_conditions:/home/vboxuser/ros2_iron/install/action_tutorials_py:/home/vboxuser/ros2_iron/install/ament_uncrustify:/home/vboxuser/ros2_iron/install/tracetools_trace:/home/vboxuser/ros2_iron/install/tracetools_read:/home/vboxuser/ros2_iron/install/test_tracetools_launch:/home/vboxuser/ros2_iron/install/test_ros2trace:/home/vboxuser/ros2_iron/install/test_launch_ros:/home/vboxuser/ros2_iron/install/rpyutils:/home/vboxuser/ros2_iron/install/rosidl_runtime_py:/home/vboxuser/ros2_iron/install/rosidl_pycommon:/home/vboxuser/ros2_iron/install/rosidl_cli:/home/vboxuser/ros2_iron/install/launch_pytest:/home/vboxuser/ros2_iron/install/launch_testing:/home/vboxuser/ros2_iron/install/launch_yaml:/home/vboxuser/ros2_iron/install/launch_xml:/home/vboxuser/ros2_iron/install/launch:/home/vboxuser/ros2_iron/install/osrf_pycommon:/home/vboxuser/ros2_iron/install/domain_coordinator:/home/vboxuser/ros2_iron/install/ament_xmllint:/home/vboxuser/ros2_iron/install/ament_pyflakes:/home/vboxuser/ros2_iron/install/ament_pycodestyle:/home/vboxuser/ros2_iron/install/ament_pep257:/home/vboxuser/ros2_iron/install/ament_pclint:/home/vboxuser/ros2_iron/install/ament_package:/home/vboxuser/ros2_iron/install/ament_mypy:/home/vboxuser/ros2_iron/install/ament_lint_cmake:/home/vboxuser/ros2_iron/install/ament_flake8:/home/vboxuser/ros2_iron/install/ament_copyright:/home/vboxuser/ros2_iron/install/ament_lint:/home/vboxuser/ros2_iron/install/ament_index_python:/home/vboxuser/ros2_iron/install/ament_cpplint:/home/vboxuser/ros2_iron/install/ament_cppcheck:/home/vboxuser/ros2_iron/install/ament_clang_tidy:/home/vboxuser/ros2_iron/install/ament_clang_format /usr/bin/cmake --install /home/vboxuser/ros2_ws/build/examples_rclcpp_minimal_publisher
[6.556s] Level 1:colcon.colcon_core.shell:create_environment_hook('examples_rclcpp_minimal_publisher', 'cmake_prefix_path')
[6.560s] INFO:colcon.colcon_core.shell:Creating environment hook '/home/vboxuser/ros2_ws/install/examples_rclcpp_minimal_publisher/share/examples_rclcpp_minimal_publisher/hook/cmake_prefix_path.ps1'
[6.652s] INFO:colcon.colcon_core.shell:Creating environment descriptor '/home/vboxuser/ros2_ws/install/examples_rclcpp_minimal_publisher/share/examples_rclcpp_minimal_publisher/hook/cmake_prefix_path.dsv'
[6.659s] INFO:colcon.colcon_core.shell:Creating environment hook '/home/vboxuser/ros2_ws/install/examples_rclcpp_minimal_publisher/share/examples_rclcpp_minimal_publisher/hook/cmake_prefix_path.sh'
[6.663s] Level 1:colcon.colcon_core.environment:checking '/home/vboxuser/ros2_ws/install/examples_rclcpp_minimal_publisher/lib'
[6.663s] Level 1:colcon.colcon_core.environment:checking '/home/vboxuser/ros2_ws/install/examples_rclcpp_minimal_publisher/bin'
[6.664s] Level 1:colcon.colcon_core.environment:checking '/home/vboxuser/ros2_ws/install/examples_rclcpp_minimal_publisher/lib/pkgconfig/examples_rclcpp_minimal_publisher.pc'
[6.668s] Level 1:colcon.colcon_core.environment:checking '/home/vboxuser/ros2_ws/install/examples_rclcpp_minimal_publisher/lib/python3.10/site-packages'
[6.669s] Level 1:colcon.colcon_core.environment:checking '/home/vboxuser/ros2_ws/install/examples_rclcpp_minimal_publisher/bin'
[6.670s] INFO:colcon.colcon_core.shell:Creating package script '/home/vboxuser/ros2_ws/install/examples_rclcpp_minimal_publisher/share/examples_rclcpp_minimal_publisher/package.ps1'
[6.683s] INFO:colcon.colcon_core.shell:Creating package descriptor '/home/vboxuser/ros2_ws/install/examples_rclcpp_minimal_publisher/share/examples_rclcpp_minimal_publisher/package.dsv'
[6.687s] INFO:colcon.colcon_core.shell:Creating package script '/home/vboxuser/ros2_ws/install/examples_rclcpp_minimal_publisher/share/examples_rclcpp_minimal_publisher/package.sh'
[6.692s] INFO:colcon.colcon_core.shell:Creating package script '/home/vboxuser/ros2_ws/install/examples_rclcpp_minimal_publisher/share/examples_rclcpp_minimal_publisher/package.bash'
[6.697s] INFO:colcon.colcon_core.shell:Creating package script '/home/vboxuser/ros2_ws/install/examples_rclcpp_minimal_publisher/share/examples_rclcpp_minimal_publisher/package.zsh'
[6.699s] Level 1:colcon.colcon_core.environment:create_file_with_runtime_dependencies(/home/vboxuser/ros2_ws/install/examples_rclcpp_minimal_publisher/share/colcon-core/packages/examples_rclcpp_minimal_publisher)
[6.705s] Level 1:colcon.colcon_core.environment:create_environment_scripts_only(examples_rclcpp_minimal_composition)
[6.706s] Level 1:colcon.colcon_core.environment:checking '/home/vboxuser/ros2_ws/install/examples_rclcpp_minimal_composition' for CMake module files
[6.712s] Level 1:colcon.colcon_core.environment:checking '/home/vboxuser/ros2_ws/install/examples_rclcpp_minimal_composition' for CMake config files
[6.714s] Level 1:colcon.colcon_core.shell:create_environment_hook('examples_rclcpp_minimal_composition', 'cmake_prefix_path')
[6.714s] INFO:colcon.colcon_core.shell:Creating environment hook '/home/vboxuser/ros2_ws/install/examples_rclcpp_minimal_composition/share/examples_rclcpp_minimal_composition/hook/cmake_prefix_path.ps1'
[6.719s] DEBUG:colcon.colcon_core.event_handler.log_command:Invoked command in '/home/vboxuser/ros2_ws/build/examples_rclcpp_minimal_composition' returned '0': CMAKE_PREFIX_PATH=${CMAKE_PREFIX_PATH}:/home/vboxuser/ros2_ws/install/py_pubsub:/home/vboxuser/ros2_ws/install/launch_testing_examples:/home/vboxuser/ros2_ws/install/examples_rclpy_pointcloud_publisher:/home/vboxuser/ros2_ws/install/examples_rclpy_minimal_subscriber:/home/vboxuser/ros2_ws/install/examples_rclpy_minimal_service:/home/vboxuser/ros2_ws/install/examples_rclpy_minimal_publisher:/home/vboxuser/ros2_ws/install/examples_rclpy_minimal_client:/home/vboxuser/ros2_ws/install/examples_rclpy_minimal_action_server:/home/vboxuser/ros2_ws/install/examples_rclpy_minimal_action_client:/home/vboxuser/ros2_ws/install/examples_rclpy_guard_conditions:/home/vboxuser/ros2_ws/install/examples_rclpy_executors:/home/vboxuser/ros2_ws/install/bms_visualizer:/opt/ros/iron:/home/vboxuser/ros2_iron/install/rqt_bag_plugins:/home/vboxuser/ros2_iron/install/rqt_bag:/home/vboxuser/ros2_iron/install/rosbag2_examples_py:/home/vboxuser/ros2_iron/install/launch_testing_examples:/home/vboxuser/ros2_iron/install/ros2bag:/home/vboxuser/ros2_iron/install/tracetools_test:/home/vboxuser/ros2_iron/install/tracetools_launch:/home/vboxuser/ros2_iron/install/topic_monitor:/home/vboxuser/ros2_iron/install/tf2_tools:/home/vboxuser/ros2_iron/install/examples_tf2_py:/home/vboxuser/ros2_iron/install/tf2_ros_py:/home/vboxuser/ros2_iron/install/examples_rclpy_pointcloud_publisher:/home/vboxuser/ros2_iron/install/sensor_msgs_py:/home/vboxuser/ros2_iron/install/quality_of_service_demo_py:/home/vboxuser/ros2_iron/install/rqt_plot:/home/vboxuser/ros2_iron/install/ros2doctor:/home/vboxuser/ros2_iron/install/lifecycle_py:/home/vboxuser/ros2_iron/install/examples_rclpy_minimal_subscriber:/home/vboxuser/ros2_iron/install/examples_rclpy_minimal_service:/home/vboxuser/ros2_iron/install/examples_rclpy_minimal_publisher:/home/vboxuser/ros2_iron/install/examples_rclpy_minimal_client:/home/vboxuser/ros2_iron/install/examples_rclpy_executors:/home/vboxuser/ros2_iron/install/demo_nodes_py:/home/vboxuser/ros2_iron/install/rqt:/home/vboxuser/ros2_iron/install/ros2component:/home/vboxuser/ros2_iron/install/sros2:/home/vboxuser/ros2_iron/install/rqt_topic:/home/vboxuser/ros2_iron/install/rqt_srv:/home/vboxuser/ros2_iron/install/rqt_shell:/home/vboxuser/ros2_iron/install/rqt_service_caller:/home/vboxuser/ros2_iron/install/rqt_reconfigure:/home/vboxuser/ros2_iron/install/rqt_py_console:/home/vboxuser/ros2_iron/install/rqt_publisher:/home/vboxuser/ros2_iron/install/rqt_action:/home/vboxuser/ros2_iron/install/rqt_msg:/home/vboxuser/ros2_iron/install/rqt_console:/home/vboxuser/ros2_iron/install/rqt_graph:/home/vboxuser/ros2_iron/install/rqt_gui_py:/home/vboxuser/ros2_iron/install/rqt_gui:/home/vboxuser/ros2_iron/install/ros2trace:/home/vboxuser/ros2_iron/install/ros2topic:/home/vboxuser/ros2_iron/install/ros2test:/home/vboxuser/ros2_iron/install/ros2param:/home/vboxuser/ros2_iron/install/ros2lifecycle:/home/vboxuser/ros2_iron/install/ros2service:/home/vboxuser/ros2_iron/install/ros2run:/home/vboxuser/ros2_iron/install/ros2launch:/home/vboxuser/ros2_iron/install/ros2pkg:/home/vboxuser/ros2_iron/install/ros2node:/home/vboxuser/ros2_iron/install/ros2multicast:/home/vboxuser/ros2_iron/install/ros2interface:/home/vboxuser/ros2_iron/install/ros2action:/home/vboxuser/ros2_iron/install/ros2cli:/home/vboxuser/ros2_iron/install/launch_testing_ros:/home/vboxuser/ros2_iron/install/launch_ros:/home/vboxuser/ros2_iron/install/examples_rclpy_minimal_action_server:/home/vboxuser/ros2_iron/install/examples_rclpy_minimal_action_client:/home/vboxuser/ros2_iron/install/examples_rclpy_guard_conditions:/home/vboxuser/ros2_iron/install/action_tutorials_py:/home/vboxuser/ros2_iron/install/ament_uncrustify:/home/vboxuser/ros2_iron/install/tracetools_trace:/home/vboxuser/ros2_iron/install/tracetools_read:/home/vboxuser/ros2_iron/install/test_tracetools_launch:/home/vboxuser/ros2_iron/install/test_ros2trace:/home/vboxuser/ros2_iron/install/test_launch_ros:/home/vboxuser/ros2_iron/install/rpyutils:/home/vboxuser/ros2_iron/install/rosidl_runtime_py:/home/vboxuser/ros2_iron/install/rosidl_pycommon:/home/vboxuser/ros2_iron/install/rosidl_cli:/home/vboxuser/ros2_iron/install/launch_pytest:/home/vboxuser/ros2_iron/install/launch_testing:/home/vboxuser/ros2_iron/install/launch_yaml:/home/vboxuser/ros2_iron/install/launch_xml:/home/vboxuser/ros2_iron/install/launch:/home/vboxuser/ros2_iron/install/osrf_pycommon:/home/vboxuser/ros2_iron/install/domain_coordinator:/home/vboxuser/ros2_iron/install/ament_xmllint:/home/vboxuser/ros2_iron/install/ament_pyflakes:/home/vboxuser/ros2_iron/install/ament_pycodestyle:/home/vboxuser/ros2_iron/install/ament_pep257:/home/vboxuser/ros2_iron/install/ament_pclint:/home/vboxuser/ros2_iron/install/ament_package:/home/vboxuser/ros2_iron/install/ament_mypy:/home/vboxuser/ros2_iron/install/ament_lint_cmake:/home/vboxuser/ros2_iron/install/ament_flake8:/home/vboxuser/ros2_iron/install/ament_copyright:/home/vboxuser/ros2_iron/install/ament_lint:/home/vboxuser/ros2_iron/install/ament_index_python:/home/vboxuser/ros2_iron/install/ament_cpplint:/home/vboxuser/ros2_iron/install/ament_cppcheck:/home/vboxuser/ros2_iron/install/ament_clang_tidy:/home/vboxuser/ros2_iron/install/ament_clang_format /usr/bin/cmake --install /home/vboxuser/ros2_ws/build/examples_rclcpp_minimal_composition
[6.722s] INFO:colcon.colcon_core.shell:Creating environment descriptor '/home/vboxuser/ros2_ws/install/examples_rclcpp_minimal_composition/share/examples_rclcpp_minimal_composition/hook/cmake_prefix_path.dsv'
[6.723s] INFO:colcon.colcon_core.shell:Creating environment hook '/home/vboxuser/ros2_ws/install/examples_rclcpp_minimal_composition/share/examples_rclcpp_minimal_composition/hook/cmake_prefix_path.sh'
[6.727s] Level 1:colcon.colcon_core.environment:checking '/home/vboxuser/ros2_ws/install/examples_rclcpp_minimal_composition/lib'
[6.729s] Level 1:colcon.colcon_core.shell:create_environment_hook('examples_rclcpp_minimal_composition', 'ld_library_path_lib')
[6.729s] INFO:colcon.colcon_core.shell:Creating environment hook '/home/vboxuser/ros2_ws/install/examples_rclcpp_minimal_composition/share/examples_rclcpp_minimal_composition/hook/ld_library_path_lib.ps1'
[6.732s] INFO:colcon.colcon_core.shell:Creating environment descriptor '/home/vboxuser/ros2_ws/install/examples_rclcpp_minimal_composition/share/examples_rclcpp_minimal_composition/hook/ld_library_path_lib.dsv'
[6.735s] INFO:colcon.colcon_core.shell:Creating environment hook '/home/vboxuser/ros2_ws/install/examples_rclcpp_minimal_composition/share/examples_rclcpp_minimal_composition/hook/ld_library_path_lib.sh'
[6.739s] Level 1:colcon.colcon_core.environment:checking '/home/vboxuser/ros2_ws/install/examples_rclcpp_minimal_composition/bin'
[6.740s] Level 1:colcon.colcon_core.environment:checking '/home/vboxuser/ros2_ws/install/examples_rclcpp_minimal_composition/lib/pkgconfig/examples_rclcpp_minimal_composition.pc'
[6.741s] Level 1:colcon.colcon_core.environment:checking '/home/vboxuser/ros2_ws/install/examples_rclcpp_minimal_composition/lib/python3.10/site-packages'
[6.742s] Level 1:colcon.colcon_core.environment:checking '/home/vboxuser/ros2_ws/install/examples_rclcpp_minimal_composition/bin'
[6.745s] INFO:colcon.colcon_core.shell:Creating package script '/home/vboxuser/ros2_ws/install/examples_rclcpp_minimal_composition/share/examples_rclcpp_minimal_composition/package.ps1'
[6.747s] INFO:colcon.colcon_core.shell:Creating package descriptor '/home/vboxuser/ros2_ws/install/examples_rclcpp_minimal_composition/share/examples_rclcpp_minimal_composition/package.dsv'
[6.749s] INFO:colcon.colcon_core.shell:Creating package script '/home/vboxuser/ros2_ws/install/examples_rclcpp_minimal_composition/share/examples_rclcpp_minimal_composition/package.sh'
[6.751s] INFO:colcon.colcon_core.shell:Creating package script '/home/vboxuser/ros2_ws/install/examples_rclcpp_minimal_composition/share/examples_rclcpp_minimal_composition/package.bash'
[6.756s] INFO:colcon.colcon_core.shell:Creating package script '/home/vboxuser/ros2_ws/install/examples_rclcpp_minimal_composition/share/examples_rclcpp_minimal_composition/package.zsh'
[6.758s] Level 1:colcon.colcon_core.environment:create_file_with_runtime_dependencies(/home/vboxuser/ros2_ws/install/examples_rclcpp_minimal_composition/share/colcon-core/packages/examples_rclcpp_minimal_composition)
[6.760s] Level 1:colcon.colcon_core.environment:create_environment_scripts_only(examples_rclcpp_minimal_composition)
[6.761s] Level 1:colcon.colcon_core.environment:checking '/home/vboxuser/ros2_ws/install/examples_rclcpp_minimal_composition' for CMake module files
[6.764s] Level 1:colcon.colcon_core.environment:checking '/home/vboxuser/ros2_ws/install/examples_rclcpp_minimal_composition' for CMake config files
[6.764s] Level 1:colcon.colcon_core.shell:create_environment_hook('examples_rclcpp_minimal_composition', 'cmake_prefix_path')
[6.765s] INFO:colcon.colcon_core.shell:Creating environment hook '/home/vboxuser/ros2_ws/install/examples_rclcpp_minimal_composition/share/examples_rclcpp_minimal_composition/hook/cmake_prefix_path.ps1'
[6.770s] INFO:colcon.colcon_core.shell:Creating environment descriptor '/home/vboxuser/ros2_ws/install/examples_rclcpp_minimal_composition/share/examples_rclcpp_minimal_composition/hook/cmake_prefix_path.dsv'
[6.774s] INFO:colcon.colcon_core.shell:Creating environment hook '/home/vboxuser/ros2_ws/install/examples_rclcpp_minimal_composition/share/examples_rclcpp_minimal_composition/hook/cmake_prefix_path.sh'
[6.777s] Level 1:colcon.colcon_core.environment:checking '/home/vboxuser/ros2_ws/install/examples_rclcpp_minimal_composition/lib'
[6.778s] Level 1:colcon.colcon_core.shell:create_environment_hook('examples_rclcpp_minimal_composition', 'ld_library_path_lib')
[6.778s] INFO:colcon.colcon_core.shell:Creating environment hook '/home/vboxuser/ros2_ws/install/examples_rclcpp_minimal_composition/share/examples_rclcpp_minimal_composition/hook/ld_library_path_lib.ps1'
[6.780s] INFO:colcon.colcon_core.shell:Creating environment descriptor '/home/vboxuser/ros2_ws/install/examples_rclcpp_minimal_composition/share/examples_rclcpp_minimal_composition/hook/ld_library_path_lib.dsv'
[6.785s] INFO:colcon.colcon_core.shell:Creating environment hook '/home/vboxuser/ros2_ws/install/examples_rclcpp_minimal_composition/share/examples_rclcpp_minimal_composition/hook/ld_library_path_lib.sh'
[6.786s] Level 1:colcon.colcon_core.environment:checking '/home/vboxuser/ros2_ws/install/examples_rclcpp_minimal_composition/bin'
[6.788s] Level 1:colcon.colcon_core.environment:checking '/home/vboxuser/ros2_ws/install/examples_rclcpp_minimal_composition/lib/pkgconfig/examples_rclcpp_minimal_composition.pc'
[6.788s] Level 1:colcon.colcon_core.environment:checking '/home/vboxuser/ros2_ws/install/examples_rclcpp_minimal_composition/lib/python3.10/site-packages'
[6.790s] Level 1:colcon.colcon_core.environment:checking '/home/vboxuser/ros2_ws/install/examples_rclcpp_minimal_composition/bin'
[6.791s] INFO:colcon.colcon_core.shell:Creating package script '/home/vboxuser/ros2_ws/install/examples_rclcpp_minimal_composition/share/examples_rclcpp_minimal_composition/package.ps1'
[6.795s] INFO:colcon.colcon_core.shell:Creating package descriptor '/home/vboxuser/ros2_ws/install/examples_rclcpp_minimal_composition/share/examples_rclcpp_minimal_composition/package.dsv'
[6.800s] INFO:colcon.colcon_core.shell:Creating package script '/home/vboxuser/ros2_ws/install/examples_rclcpp_minimal_composition/share/examples_rclcpp_minimal_composition/package.sh'
[6.802s] INFO:colcon.colcon_core.shell:Creating package script '/home/vboxuser/ros2_ws/install/examples_rclcpp_minimal_composition/share/examples_rclcpp_minimal_composition/package.bash'
[6.805s] INFO:colcon.colcon_core.shell:Creating package script '/home/vboxuser/ros2_ws/install/examples_rclcpp_minimal_composition/share/examples_rclcpp_minimal_composition/package.zsh'
[6.807s] Level 1:colcon.colcon_core.environment:create_file_with_runtime_dependencies(/home/vboxuser/ros2_ws/install/examples_rclcpp_minimal_composition/share/colcon-core/packages/examples_rclcpp_minimal_composition)
[6.811s] INFO:colcon.colcon_ros.task.ament_cmake.build:Building ROS package in '/home/vboxuser/ros2_ws/src/examples/rclcpp/timers/minimal_timer' with build type 'ament_cmake'
[6.813s] INFO:colcon.colcon_cmake.task.cmake.build:Building CMake package in '/home/vboxuser/ros2_ws/src/examples/rclcpp/timers/minimal_timer'
[6.813s] INFO:colcon.colcon_core.shell:Skip shell extension 'powershell' for command environment: Not usable outside of PowerShell
[6.815s] DEBUG:colcon.colcon_core.shell:Skip shell extension 'dsv' for command environment
[6.894s] INFO:colcon.colcon_ros.task.ament_cmake.build:Building ROS package in '/home/vboxuser/ros2_ws/src/examples/rclcpp/executors/multithreaded_executor' with build type 'ament_cmake'
[6.895s] INFO:colcon.colcon_cmake.task.cmake.build:Building CMake package in '/home/vboxuser/ros2_ws/src/examples/rclcpp/executors/multithreaded_executor'
[6.895s] INFO:colcon.colcon_core.shell:Skip shell extension 'powershell' for command environment: Not usable outside of PowerShell
[6.895s] DEBUG:colcon.colcon_core.shell:Skip shell extension 'dsv' for command environment
[7.060s] DEBUG:colcon.colcon_core.event_handler.log_command:Invoking command in '/home/vboxuser/ros2_ws/build/examples_rclcpp_minimal_subscriber': CMAKE_PREFIX_PATH=${CMAKE_PREFIX_PATH}:/home/vboxuser/ros2_ws/install/py_pubsub:/home/vboxuser/ros2_ws/install/launch_testing_examples:/home/vboxuser/ros2_ws/install/examples_rclpy_pointcloud_publisher:/home/vboxuser/ros2_ws/install/examples_rclpy_minimal_subscriber:/home/vboxuser/ros2_ws/install/examples_rclpy_minimal_service:/home/vboxuser/ros2_ws/install/examples_rclpy_minimal_publisher:/home/vboxuser/ros2_ws/install/examples_rclpy_minimal_client:/home/vboxuser/ros2_ws/install/examples_rclpy_minimal_action_server:/home/vboxuser/ros2_ws/install/examples_rclpy_minimal_action_client:/home/vboxuser/ros2_ws/install/examples_rclpy_guard_conditions:/home/vboxuser/ros2_ws/install/examples_rclpy_executors:/home/vboxuser/ros2_ws/install/bms_visualizer:/opt/ros/iron:/home/vboxuser/ros2_iron/install/rqt_bag_plugins:/home/vboxuser/ros2_iron/install/rqt_bag:/home/vboxuser/ros2_iron/install/rosbag2_examples_py:/home/vboxuser/ros2_iron/install/launch_testing_examples:/home/vboxuser/ros2_iron/install/ros2bag:/home/vboxuser/ros2_iron/install/tracetools_test:/home/vboxuser/ros2_iron/install/tracetools_launch:/home/vboxuser/ros2_iron/install/topic_monitor:/home/vboxuser/ros2_iron/install/tf2_tools:/home/vboxuser/ros2_iron/install/examples_tf2_py:/home/vboxuser/ros2_iron/install/tf2_ros_py:/home/vboxuser/ros2_iron/install/examples_rclpy_pointcloud_publisher:/home/vboxuser/ros2_iron/install/sensor_msgs_py:/home/vboxuser/ros2_iron/install/quality_of_service_demo_py:/home/vboxuser/ros2_iron/install/rqt_plot:/home/vboxuser/ros2_iron/install/ros2doctor:/home/vboxuser/ros2_iron/install/lifecycle_py:/home/vboxuser/ros2_iron/install/examples_rclpy_minimal_subscriber:/home/vboxuser/ros2_iron/install/examples_rclpy_minimal_service:/home/vboxuser/ros2_iron/install/examples_rclpy_minimal_publisher:/home/vboxuser/ros2_iron/install/examples_rclpy_minimal_client:/home/vboxuser/ros2_iron/install/examples_rclpy_executors:/home/vboxuser/ros2_iron/install/demo_nodes_py:/home/vboxuser/ros2_iron/install/rqt:/home/vboxuser/ros2_iron/install/ros2component:/home/vboxuser/ros2_iron/install/sros2:/home/vboxuser/ros2_iron/install/rqt_topic:/home/vboxuser/ros2_iron/install/rqt_srv:/home/vboxuser/ros2_iron/install/rqt_shell:/home/vboxuser/ros2_iron/install/rqt_service_caller:/home/vboxuser/ros2_iron/install/rqt_reconfigure:/home/vboxuser/ros2_iron/install/rqt_py_console:/home/vboxuser/ros2_iron/install/rqt_publisher:/home/vboxuser/ros2_iron/install/rqt_action:/home/vboxuser/ros2_iron/install/rqt_msg:/home/vboxuser/ros2_iron/install/rqt_console:/home/vboxuser/ros2_iron/install/rqt_graph:/home/vboxuser/ros2_iron/install/rqt_gui_py:/home/vboxuser/ros2_iron/install/rqt_gui:/home/vboxuser/ros2_iron/install/ros2trace:/home/vboxuser/ros2_iron/install/ros2topic:/home/vboxuser/ros2_iron/install/ros2test:/home/vboxuser/ros2_iron/install/ros2param:/home/vboxuser/ros2_iron/install/ros2lifecycle:/home/vboxuser/ros2_iron/install/ros2service:/home/vboxuser/ros2_iron/install/ros2run:/home/vboxuser/ros2_iron/install/ros2launch:/home/vboxuser/ros2_iron/install/ros2pkg:/home/vboxuser/ros2_iron/install/ros2node:/home/vboxuser/ros2_iron/install/ros2multicast:/home/vboxuser/ros2_iron/install/ros2interface:/home/vboxuser/ros2_iron/install/ros2action:/home/vboxuser/ros2_iron/install/ros2cli:/home/vboxuser/ros2_iron/install/launch_testing_ros:/home/vboxuser/ros2_iron/install/launch_ros:/home/vboxuser/ros2_iron/install/examples_rclpy_minimal_action_server:/home/vboxuser/ros2_iron/install/examples_rclpy_minimal_action_client:/home/vboxuser/ros2_iron/install/examples_rclpy_guard_conditions:/home/vboxuser/ros2_iron/install/action_tutorials_py:/home/vboxuser/ros2_iron/install/ament_uncrustify:/home/vboxuser/ros2_iron/install/tracetools_trace:/home/vboxuser/ros2_iron/install/tracetools_read:/home/vboxuser/ros2_iron/install/test_tracetools_launch:/home/vboxuser/ros2_iron/install/test_ros2trace:/home/vboxuser/ros2_iron/install/test_launch_ros:/home/vboxuser/ros2_iron/install/rpyutils:/home/vboxuser/ros2_iron/install/rosidl_runtime_py:/home/vboxuser/ros2_iron/install/rosidl_pycommon:/home/vboxuser/ros2_iron/install/rosidl_cli:/home/vboxuser/ros2_iron/install/launch_pytest:/home/vboxuser/ros2_iron/install/launch_testing:/home/vboxuser/ros2_iron/install/launch_yaml:/home/vboxuser/ros2_iron/install/launch_xml:/home/vboxuser/ros2_iron/install/launch:/home/vboxuser/ros2_iron/install/osrf_pycommon:/home/vboxuser/ros2_iron/install/domain_coordinator:/home/vboxuser/ros2_iron/install/ament_xmllint:/home/vboxuser/ros2_iron/install/ament_pyflakes:/home/vboxuser/ros2_iron/install/ament_pycodestyle:/home/vboxuser/ros2_iron/install/ament_pep257:/home/vboxuser/ros2_iron/install/ament_pclint:/home/vboxuser/ros2_iron/install/ament_package:/home/vboxuser/ros2_iron/install/ament_mypy:/home/vboxuser/ros2_iron/install/ament_lint_cmake:/home/vboxuser/ros2_iron/install/ament_flake8:/home/vboxuser/ros2_iron/install/ament_copyright:/home/vboxuser/ros2_iron/install/ament_lint:/home/vboxuser/ros2_iron/install/ament_index_python:/home/vboxuser/ros2_iron/install/ament_cpplint:/home/vboxuser/ros2_iron/install/ament_cppcheck:/home/vboxuser/ros2_iron/install/ament_clang_tidy:/home/vboxuser/ros2_iron/install/ament_clang_format /usr/bin/cmake --build /home/vboxuser/ros2_ws/build/examples_rclcpp_minimal_subscriber -- -j4 -l4
[7.097s] DEBUG:colcon.colcon_core.event_handler.log_command:Invoking command in '/home/vboxuser/ros2_ws/build/examples_rclcpp_minimal_timer': CMAKE_PREFIX_PATH=${CMAKE_PREFIX_PATH}:/home/vboxuser/ros2_ws/install/py_pubsub:/home/vboxuser/ros2_ws/install/launch_testing_examples:/home/vboxuser/ros2_ws/install/examples_rclpy_pointcloud_publisher:/home/vboxuser/ros2_ws/install/examples_rclpy_minimal_subscriber:/home/vboxuser/ros2_ws/install/examples_rclpy_minimal_service:/home/vboxuser/ros2_ws/install/examples_rclpy_minimal_publisher:/home/vboxuser/ros2_ws/install/examples_rclpy_minimal_client:/home/vboxuser/ros2_ws/install/examples_rclpy_minimal_action_server:/home/vboxuser/ros2_ws/install/examples_rclpy_minimal_action_client:/home/vboxuser/ros2_ws/install/examples_rclpy_guard_conditions:/home/vboxuser/ros2_ws/install/examples_rclpy_executors:/home/vboxuser/ros2_ws/install/bms_visualizer:/opt/ros/iron:/home/vboxuser/ros2_iron/install/rqt_bag_plugins:/home/vboxuser/ros2_iron/install/rqt_bag:/home/vboxuser/ros2_iron/install/rosbag2_examples_py:/home/vboxuser/ros2_iron/install/launch_testing_examples:/home/vboxuser/ros2_iron/install/ros2bag:/home/vboxuser/ros2_iron/install/tracetools_test:/home/vboxuser/ros2_iron/install/tracetools_launch:/home/vboxuser/ros2_iron/install/topic_monitor:/home/vboxuser/ros2_iron/install/tf2_tools:/home/vboxuser/ros2_iron/install/examples_tf2_py:/home/vboxuser/ros2_iron/install/tf2_ros_py:/home/vboxuser/ros2_iron/install/examples_rclpy_pointcloud_publisher:/home/vboxuser/ros2_iron/install/sensor_msgs_py:/home/vboxuser/ros2_iron/install/quality_of_service_demo_py:/home/vboxuser/ros2_iron/install/rqt_plot:/home/vboxuser/ros2_iron/install/ros2doctor:/home/vboxuser/ros2_iron/install/lifecycle_py:/home/vboxuser/ros2_iron/install/examples_rclpy_minimal_subscriber:/home/vboxuser/ros2_iron/install/examples_rclpy_minimal_service:/home/vboxuser/ros2_iron/install/examples_rclpy_minimal_publisher:/home/vboxuser/ros2_iron/install/examples_rclpy_minimal_client:/home/vboxuser/ros2_iron/install/examples_rclpy_executors:/home/vboxuser/ros2_iron/install/demo_nodes_py:/home/vboxuser/ros2_iron/install/rqt:/home/vboxuser/ros2_iron/install/ros2component:/home/vboxuser/ros2_iron/install/sros2:/home/vboxuser/ros2_iron/install/rqt_topic:/home/vboxuser/ros2_iron/install/rqt_srv:/home/vboxuser/ros2_iron/install/rqt_shell:/home/vboxuser/ros2_iron/install/rqt_service_caller:/home/vboxuser/ros2_iron/install/rqt_reconfigure:/home/vboxuser/ros2_iron/install/rqt_py_console:/home/vboxuser/ros2_iron/install/rqt_publisher:/home/vboxuser/ros2_iron/install/rqt_action:/home/vboxuser/ros2_iron/install/rqt_msg:/home/vboxuser/ros2_iron/install/rqt_console:/home/vboxuser/ros2_iron/install/rqt_graph:/home/vboxuser/ros2_iron/install/rqt_gui_py:/home/vboxuser/ros2_iron/install/rqt_gui:/home/vboxuser/ros2_iron/install/ros2trace:/home/vboxuser/ros2_iron/install/ros2topic:/home/vboxuser/ros2_iron/install/ros2test:/home/vboxuser/ros2_iron/install/ros2param:/home/vboxuser/ros2_iron/install/ros2lifecycle:/home/vboxuser/ros2_iron/install/ros2service:/home/vboxuser/ros2_iron/install/ros2run:/home/vboxuser/ros2_iron/install/ros2launch:/home/vboxuser/ros2_iron/install/ros2pkg:/home/vboxuser/ros2_iron/install/ros2node:/home/vboxuser/ros2_iron/install/ros2multicast:/home/vboxuser/ros2_iron/install/ros2interface:/home/vboxuser/ros2_iron/install/ros2action:/home/vboxuser/ros2_iron/install/ros2cli:/home/vboxuser/ros2_iron/install/launch_testing_ros:/home/vboxuser/ros2_iron/install/launch_ros:/home/vboxuser/ros2_iron/install/examples_rclpy_minimal_action_server:/home/vboxuser/ros2_iron/install/examples_rclpy_minimal_action_client:/home/vboxuser/ros2_iron/install/examples_rclpy_guard_conditions:/home/vboxuser/ros2_iron/install/action_tutorials_py:/home/vboxuser/ros2_iron/install/ament_uncrustify:/home/vboxuser/ros2_iron/install/tracetools_trace:/home/vboxuser/ros2_iron/install/tracetools_read:/home/vboxuser/ros2_iron/install/test_tracetools_launch:/home/vboxuser/ros2_iron/install/test_ros2trace:/home/vboxuser/ros2_iron/install/test_launch_ros:/home/vboxuser/ros2_iron/install/rpyutils:/home/vboxuser/ros2_iron/install/rosidl_runtime_py:/home/vboxuser/ros2_iron/install/rosidl_pycommon:/home/vboxuser/ros2_iron/install/rosidl_cli:/home/vboxuser/ros2_iron/install/launch_pytest:/home/vboxuser/ros2_iron/install/launch_testing:/home/vboxuser/ros2_iron/install/launch_yaml:/home/vboxuser/ros2_iron/install/launch_xml:/home/vboxuser/ros2_iron/install/launch:/home/vboxuser/ros2_iron/install/osrf_pycommon:/home/vboxuser/ros2_iron/install/domain_coordinator:/home/vboxuser/ros2_iron/install/ament_xmllint:/home/vboxuser/ros2_iron/install/ament_pyflakes:/home/vboxuser/ros2_iron/install/ament_pycodestyle:/home/vboxuser/ros2_iron/install/ament_pep257:/home/vboxuser/ros2_iron/install/ament_pclint:/home/vboxuser/ros2_iron/install/ament_package:/home/vboxuser/ros2_iron/install/ament_mypy:/home/vboxuser/ros2_iron/install/ament_lint_cmake:/home/vboxuser/ros2_iron/install/ament_flake8:/home/vboxuser/ros2_iron/install/ament_copyright:/home/vboxuser/ros2_iron/install/ament_lint:/home/vboxuser/ros2_iron/install/ament_index_python:/home/vboxuser/ros2_iron/install/ament_cpplint:/home/vboxuser/ros2_iron/install/ament_cppcheck:/home/vboxuser/ros2_iron/install/ament_clang_tidy:/home/vboxuser/ros2_iron/install/ament_clang_format /usr/bin/cmake --build /home/vboxuser/ros2_ws/build/examples_rclcpp_minimal_timer -- -j4 -l4
[7.170s] DEBUG:colcon.colcon_core.event_handler.log_command:Invoking command in '/home/vboxuser/ros2_ws/build/examples_rclcpp_multithreaded_executor': CMAKE_PREFIX_PATH=${CMAKE_PREFIX_PATH}:/home/vboxuser/ros2_ws/install/py_pubsub:/home/vboxuser/ros2_ws/install/launch_testing_examples:/home/vboxuser/ros2_ws/install/examples_rclpy_pointcloud_publisher:/home/vboxuser/ros2_ws/install/examples_rclpy_minimal_subscriber:/home/vboxuser/ros2_ws/install/examples_rclpy_minimal_service:/home/vboxuser/ros2_ws/install/examples_rclpy_minimal_publisher:/home/vboxuser/ros2_ws/install/examples_rclpy_minimal_client:/home/vboxuser/ros2_ws/install/examples_rclpy_minimal_action_server:/home/vboxuser/ros2_ws/install/examples_rclpy_minimal_action_client:/home/vboxuser/ros2_ws/install/examples_rclpy_guard_conditions:/home/vboxuser/ros2_ws/install/examples_rclpy_executors:/home/vboxuser/ros2_ws/install/bms_visualizer:/opt/ros/iron:/home/vboxuser/ros2_iron/install/rqt_bag_plugins:/home/vboxuser/ros2_iron/install/rqt_bag:/home/vboxuser/ros2_iron/install/rosbag2_examples_py:/home/vboxuser/ros2_iron/install/launch_testing_examples:/home/vboxuser/ros2_iron/install/ros2bag:/home/vboxuser/ros2_iron/install/tracetools_test:/home/vboxuser/ros2_iron/install/tracetools_launch:/home/vboxuser/ros2_iron/install/topic_monitor:/home/vboxuser/ros2_iron/install/tf2_tools:/home/vboxuser/ros2_iron/install/examples_tf2_py:/home/vboxuser/ros2_iron/install/tf2_ros_py:/home/vboxuser/ros2_iron/install/examples_rclpy_pointcloud_publisher:/home/vboxuser/ros2_iron/install/sensor_msgs_py:/home/vboxuser/ros2_iron/install/quality_of_service_demo_py:/home/vboxuser/ros2_iron/install/rqt_plot:/home/vboxuser/ros2_iron/install/ros2doctor:/home/vboxuser/ros2_iron/install/lifecycle_py:/home/vboxuser/ros2_iron/install/examples_rclpy_minimal_subscriber:/home/vboxuser/ros2_iron/install/examples_rclpy_minimal_service:/home/vboxuser/ros2_iron/install/examples_rclpy_minimal_publisher:/home/vboxuser/ros2_iron/install/examples_rclpy_minimal_client:/home/vboxuser/ros2_iron/install/examples_rclpy_executors:/home/vboxuser/ros2_iron/install/demo_nodes_py:/home/vboxuser/ros2_iron/install/rqt:/home/vboxuser/ros2_iron/install/ros2component:/home/vboxuser/ros2_iron/install/sros2:/home/vboxuser/ros2_iron/install/rqt_topic:/home/vboxuser/ros2_iron/install/rqt_srv:/home/vboxuser/ros2_iron/install/rqt_shell:/home/vboxuser/ros2_iron/install/rqt_service_caller:/home/vboxuser/ros2_iron/install/rqt_reconfigure:/home/vboxuser/ros2_iron/install/rqt_py_console:/home/vboxuser/ros2_iron/install/rqt_publisher:/home/vboxuser/ros2_iron/install/rqt_action:/home/vboxuser/ros2_iron/install/rqt_msg:/home/vboxuser/ros2_iron/install/rqt_console:/home/vboxuser/ros2_iron/install/rqt_graph:/home/vboxuser/ros2_iron/install/rqt_gui_py:/home/vboxuser/ros2_iron/install/rqt_gui:/home/vboxuser/ros2_iron/install/ros2trace:/home/vboxuser/ros2_iron/install/ros2topic:/home/vboxuser/ros2_iron/install/ros2test:/home/vboxuser/ros2_iron/install/ros2param:/home/vboxuser/ros2_iron/install/ros2lifecycle:/home/vboxuser/ros2_iron/install/ros2service:/home/vboxuser/ros2_iron/install/ros2run:/home/vboxuser/ros2_iron/install/ros2launch:/home/vboxuser/ros2_iron/install/ros2pkg:/home/vboxuser/ros2_iron/install/ros2node:/home/vboxuser/ros2_iron/install/ros2multicast:/home/vboxuser/ros2_iron/install/ros2interface:/home/vboxuser/ros2_iron/install/ros2action:/home/vboxuser/ros2_iron/install/ros2cli:/home/vboxuser/ros2_iron/install/launch_testing_ros:/home/vboxuser/ros2_iron/install/launch_ros:/home/vboxuser/ros2_iron/install/examples_rclpy_minimal_action_server:/home/vboxuser/ros2_iron/install/examples_rclpy_minimal_action_client:/home/vboxuser/ros2_iron/install/examples_rclpy_guard_conditions:/home/vboxuser/ros2_iron/install/action_tutorials_py:/home/vboxuser/ros2_iron/install/ament_uncrustify:/home/vboxuser/ros2_iron/install/tracetools_trace:/home/vboxuser/ros2_iron/install/tracetools_read:/home/vboxuser/ros2_iron/install/test_tracetools_launch:/home/vboxuser/ros2_iron/install/test_ros2trace:/home/vboxuser/ros2_iron/install/test_launch_ros:/home/vboxuser/ros2_iron/install/rpyutils:/home/vboxuser/ros2_iron/install/rosidl_runtime_py:/home/vboxuser/ros2_iron/install/rosidl_pycommon:/home/vboxuser/ros2_iron/install/rosidl_cli:/home/vboxuser/ros2_iron/install/launch_pytest:/home/vboxuser/ros2_iron/install/launch_testing:/home/vboxuser/ros2_iron/install/launch_yaml:/home/vboxuser/ros2_iron/install/launch_xml:/home/vboxuser/ros2_iron/install/launch:/home/vboxuser/ros2_iron/install/osrf_pycommon:/home/vboxuser/ros2_iron/install/domain_coordinator:/home/vboxuser/ros2_iron/install/ament_xmllint:/home/vboxuser/ros2_iron/install/ament_pyflakes:/home/vboxuser/ros2_iron/install/ament_pycodestyle:/home/vboxuser/ros2_iron/install/ament_pep257:/home/vboxuser/ros2_iron/install/ament_pclint:/home/vboxuser/ros2_iron/install/ament_package:/home/vboxuser/ros2_iron/install/ament_mypy:/home/vboxuser/ros2_iron/install/ament_lint_cmake:/home/vboxuser/ros2_iron/install/ament_flake8:/home/vboxuser/ros2_iron/install/ament_copyright:/home/vboxuser/ros2_iron/install/ament_lint:/home/vboxuser/ros2_iron/install/ament_index_python:/home/vboxuser/ros2_iron/install/ament_cpplint:/home/vboxuser/ros2_iron/install/ament_cppcheck:/home/vboxuser/ros2_iron/install/ament_clang_tidy:/home/vboxuser/ros2_iron/install/ament_clang_format /usr/bin/cmake --build /home/vboxuser/ros2_ws/build/examples_rclcpp_multithreaded_executor -- -j4 -l4
[7.603s] Level 1:colcon.colcon_core.environment:checking '/home/vboxuser/ros2_ws/install/bms_visualizer' for CMake module files
[7.608s] DEBUG:colcon.colcon_core.event_handler.log_command:Invoked command in '/home/vboxuser/ros2_ws/src/BMS_BQ769X2/src/bms_visualizer' returned '0': PYTHONPATH=/home/vboxuser/ros2_ws/build/bms_visualizer/prefix_override:/usr/lib/python3/dist-packages/colcon_core/task/python/colcon_distutils_commands:/home/vboxuser/ros2_ws/install/bms_visualizer/lib/python3.10/site-packages:${PYTHONPATH} /usr/bin/python3 -W ignore:setup.py install is deprecated -W ignore:easy_install command is deprecated setup.py egg_info --egg-base ../../../../build/bms_visualizer build --build-base /home/vboxuser/ros2_ws/build/bms_visualizer/build install --record /home/vboxuser/ros2_ws/build/bms_visualizer/install.log --single-version-externally-managed install_data
[7.608s] Level 1:colcon.colcon_core.environment:checking '/home/vboxuser/ros2_ws/install/bms_visualizer' for CMake config files
[7.609s] Level 1:colcon.colcon_core.environment:checking '/home/vboxuser/ros2_ws/install/bms_visualizer/lib'
[7.610s] Level 1:colcon.colcon_core.environment:checking '/home/vboxuser/ros2_ws/install/bms_visualizer/bin'
[7.610s] Level 1:colcon.colcon_core.environment:checking '/home/vboxuser/ros2_ws/install/bms_visualizer/lib/pkgconfig/bms_visualizer.pc'
[7.610s] Level 1:colcon.colcon_core.environment:checking '/home/vboxuser/ros2_ws/install/bms_visualizer/lib/python3.10/site-packages'
[7.610s] Level 1:colcon.colcon_core.shell:create_environment_hook('bms_visualizer', 'pythonpath')
[7.611s] INFO:colcon.colcon_core.shell:Creating environment hook '/home/vboxuser/ros2_ws/install/bms_visualizer/share/bms_visualizer/hook/pythonpath.ps1'
[7.612s] INFO:colcon.colcon_core.shell:Creating environment descriptor '/home/vboxuser/ros2_ws/install/bms_visualizer/share/bms_visualizer/hook/pythonpath.dsv'
[7.644s] INFO:colcon.colcon_core.shell:Creating environment hook '/home/vboxuser/ros2_ws/install/bms_visualizer/share/bms_visualizer/hook/pythonpath.sh'
[7.646s] Level 1:colcon.colcon_core.environment:checking '/home/vboxuser/ros2_ws/install/bms_visualizer/bin'
[7.646s] Level 1:colcon.colcon_core.environment:create_environment_scripts_only(bms_visualizer)
[7.647s] INFO:colcon.colcon_core.shell:Creating package script '/home/vboxuser/ros2_ws/install/bms_visualizer/share/bms_visualizer/package.ps1'
[7.649s] INFO:colcon.colcon_core.shell:Creating package descriptor '/home/vboxuser/ros2_ws/install/bms_visualizer/share/bms_visualizer/package.dsv'
[7.651s] INFO:colcon.colcon_core.shell:Creating package script '/home/vboxuser/ros2_ws/install/bms_visualizer/share/bms_visualizer/package.sh'
[7.653s] INFO:colcon.colcon_core.shell:Creating package script '/home/vboxuser/ros2_ws/install/bms_visualizer/share/bms_visualizer/package.bash'
[7.682s] INFO:colcon.colcon_core.shell:Creating package script '/home/vboxuser/ros2_ws/install/bms_visualizer/share/bms_visualizer/package.zsh'
[7.687s] Level 1:colcon.colcon_core.environment:create_file_with_runtime_dependencies(/home/vboxuser/ros2_ws/install/bms_visualizer/share/colcon-core/packages/bms_visualizer)
[7.691s] INFO:colcon.colcon_ros.task.ament_cmake.build:Building ROS package in '/home/vboxuser/ros2_ws/src/examples/rclcpp/wait_set' with build type 'ament_cmake'
[7.691s] INFO:colcon.colcon_cmake.task.cmake.build:Building CMake package in '/home/vboxuser/ros2_ws/src/examples/rclcpp/wait_set'
[7.692s] INFO:colcon.colcon_core.shell:Skip shell extension 'powershell' for command environment: Not usable outside of PowerShell
[7.692s] DEBUG:colcon.colcon_core.shell:Skip shell extension 'dsv' for command environment
[8.047s] DEBUG:colcon.colcon_core.event_handler.log_command:Invoking command in '/home/vboxuser/ros2_ws/build/examples_rclcpp_wait_set': CMAKE_PREFIX_PATH=${CMAKE_PREFIX_PATH}:/home/vboxuser/ros2_ws/install/py_pubsub:/home/vboxuser/ros2_ws/install/launch_testing_examples:/home/vboxuser/ros2_ws/install/examples_rclpy_pointcloud_publisher:/home/vboxuser/ros2_ws/install/examples_rclpy_minimal_subscriber:/home/vboxuser/ros2_ws/install/examples_rclpy_minimal_service:/home/vboxuser/ros2_ws/install/examples_rclpy_minimal_publisher:/home/vboxuser/ros2_ws/install/examples_rclpy_minimal_client:/home/vboxuser/ros2_ws/install/examples_rclpy_minimal_action_server:/home/vboxuser/ros2_ws/install/examples_rclpy_minimal_action_client:/home/vboxuser/ros2_ws/install/examples_rclpy_guard_conditions:/home/vboxuser/ros2_ws/install/examples_rclpy_executors:/home/vboxuser/ros2_ws/install/bms_visualizer:/opt/ros/iron:/home/vboxuser/ros2_iron/install/rqt_bag_plugins:/home/vboxuser/ros2_iron/install/rqt_bag:/home/vboxuser/ros2_iron/install/rosbag2_examples_py:/home/vboxuser/ros2_iron/install/launch_testing_examples:/home/vboxuser/ros2_iron/install/ros2bag:/home/vboxuser/ros2_iron/install/tracetools_test:/home/vboxuser/ros2_iron/install/tracetools_launch:/home/vboxuser/ros2_iron/install/topic_monitor:/home/vboxuser/ros2_iron/install/tf2_tools:/home/vboxuser/ros2_iron/install/examples_tf2_py:/home/vboxuser/ros2_iron/install/tf2_ros_py:/home/vboxuser/ros2_iron/install/examples_rclpy_pointcloud_publisher:/home/vboxuser/ros2_iron/install/sensor_msgs_py:/home/vboxuser/ros2_iron/install/quality_of_service_demo_py:/home/vboxuser/ros2_iron/install/rqt_plot:/home/vboxuser/ros2_iron/install/ros2doctor:/home/vboxuser/ros2_iron/install/lifecycle_py:/home/vboxuser/ros2_iron/install/examples_rclpy_minimal_subscriber:/home/vboxuser/ros2_iron/install/examples_rclpy_minimal_service:/home/vboxuser/ros2_iron/install/examples_rclpy_minimal_publisher:/home/vboxuser/ros2_iron/install/examples_rclpy_minimal_client:/home/vboxuser/ros2_iron/install/examples_rclpy_executors:/home/vboxuser/ros2_iron/install/demo_nodes_py:/home/vboxuser/ros2_iron/install/rqt:/home/vboxuser/ros2_iron/install/ros2component:/home/vboxuser/ros2_iron/install/sros2:/home/vboxuser/ros2_iron/install/rqt_topic:/home/vboxuser/ros2_iron/install/rqt_srv:/home/vboxuser/ros2_iron/install/rqt_shell:/home/vboxuser/ros2_iron/install/rqt_service_caller:/home/vboxuser/ros2_iron/install/rqt_reconfigure:/home/vboxuser/ros2_iron/install/rqt_py_console:/home/vboxuser/ros2_iron/install/rqt_publisher:/home/vboxuser/ros2_iron/install/rqt_action:/home/vboxuser/ros2_iron/install/rqt_msg:/home/vboxuser/ros2_iron/install/rqt_console:/home/vboxuser/ros2_iron/install/rqt_graph:/home/vboxuser/ros2_iron/install/rqt_gui_py:/home/vboxuser/ros2_iron/install/rqt_gui:/home/vboxuser/ros2_iron/install/ros2trace:/home/vboxuser/ros2_iron/install/ros2topic:/home/vboxuser/ros2_iron/install/ros2test:/home/vboxuser/ros2_iron/install/ros2param:/home/vboxuser/ros2_iron/install/ros2lifecycle:/home/vboxuser/ros2_iron/install/ros2service:/home/vboxuser/ros2_iron/install/ros2run:/home/vboxuser/ros2_iron/install/ros2launch:/home/vboxuser/ros2_iron/install/ros2pkg:/home/vboxuser/ros2_iron/install/ros2node:/home/vboxuser/ros2_iron/install/ros2multicast:/home/vboxuser/ros2_iron/install/ros2interface:/home/vboxuser/ros2_iron/install/ros2action:/home/vboxuser/ros2_iron/install/ros2cli:/home/vboxuser/ros2_iron/install/launch_testing_ros:/home/vboxuser/ros2_iron/install/launch_ros:/home/vboxuser/ros2_iron/install/examples_rclpy_minimal_action_server:/home/vboxuser/ros2_iron/install/examples_rclpy_minimal_action_client:/home/vboxuser/ros2_iron/install/examples_rclpy_guard_conditions:/home/vboxuser/ros2_iron/install/action_tutorials_py:/home/vboxuser/ros2_iron/install/ament_uncrustify:/home/vboxuser/ros2_iron/install/tracetools_trace:/home/vboxuser/ros2_iron/install/tracetools_read:/home/vboxuser/ros2_iron/install/test_tracetools_launch:/home/vboxuser/ros2_iron/install/test_ros2trace:/home/vboxuser/ros2_iron/install/test_launch_ros:/home/vboxuser/ros2_iron/install/rpyutils:/home/vboxuser/ros2_iron/install/rosidl_runtime_py:/home/vboxuser/ros2_iron/install/rosidl_pycommon:/home/vboxuser/ros2_iron/install/rosidl_cli:/home/vboxuser/ros2_iron/install/launch_pytest:/home/vboxuser/ros2_iron/install/launch_testing:/home/vboxuser/ros2_iron/install/launch_yaml:/home/vboxuser/ros2_iron/install/launch_xml:/home/vboxuser/ros2_iron/install/launch:/home/vboxuser/ros2_iron/install/osrf_pycommon:/home/vboxuser/ros2_iron/install/domain_coordinator:/home/vboxuser/ros2_iron/install/ament_xmllint:/home/vboxuser/ros2_iron/install/ament_pyflakes:/home/vboxuser/ros2_iron/install/ament_pycodestyle:/home/vboxuser/ros2_iron/install/ament_pep257:/home/vboxuser/ros2_iron/install/ament_pclint:/home/vboxuser/ros2_iron/install/ament_package:/home/vboxuser/ros2_iron/install/ament_mypy:/home/vboxuser/ros2_iron/install/ament_lint_cmake:/home/vboxuser/ros2_iron/install/ament_flake8:/home/vboxuser/ros2_iron/install/ament_copyright:/home/vboxuser/ros2_iron/install/ament_lint:/home/vboxuser/ros2_iron/install/ament_index_python:/home/vboxuser/ros2_iron/install/ament_cpplint:/home/vboxuser/ros2_iron/install/ament_cppcheck:/home/vboxuser/ros2_iron/install/ament_clang_tidy:/home/vboxuser/ros2_iron/install/ament_clang_format /usr/bin/cmake --build /home/vboxuser/ros2_ws/build/examples_rclcpp_wait_set -- -j4 -l4
[8.048s] DEBUG:colcon.colcon_core.event_handler.log_command:Invoked command in '/home/vboxuser/ros2_ws/build/examples_rclcpp_minimal_timer' returned '0': CMAKE_PREFIX_PATH=${CMAKE_PREFIX_PATH}:/home/vboxuser/ros2_ws/install/py_pubsub:/home/vboxuser/ros2_ws/install/launch_testing_examples:/home/vboxuser/ros2_ws/install/examples_rclpy_pointcloud_publisher:/home/vboxuser/ros2_ws/install/examples_rclpy_minimal_subscriber:/home/vboxuser/ros2_ws/install/examples_rclpy_minimal_service:/home/vboxuser/ros2_ws/install/examples_rclpy_minimal_publisher:/home/vboxuser/ros2_ws/install/examples_rclpy_minimal_client:/home/vboxuser/ros2_ws/install/examples_rclpy_minimal_action_server:/home/vboxuser/ros2_ws/install/examples_rclpy_minimal_action_client:/home/vboxuser/ros2_ws/install/examples_rclpy_guard_conditions:/home/vboxuser/ros2_ws/install/examples_rclpy_executors:/home/vboxuser/ros2_ws/install/bms_visualizer:/opt/ros/iron:/home/vboxuser/ros2_iron/install/rqt_bag_plugins:/home/vboxuser/ros2_iron/install/rqt_bag:/home/vboxuser/ros2_iron/install/rosbag2_examples_py:/home/vboxuser/ros2_iron/install/launch_testing_examples:/home/vboxuser/ros2_iron/install/ros2bag:/home/vboxuser/ros2_iron/install/tracetools_test:/home/vboxuser/ros2_iron/install/tracetools_launch:/home/vboxuser/ros2_iron/install/topic_monitor:/home/vboxuser/ros2_iron/install/tf2_tools:/home/vboxuser/ros2_iron/install/examples_tf2_py:/home/vboxuser/ros2_iron/install/tf2_ros_py:/home/vboxuser/ros2_iron/install/examples_rclpy_pointcloud_publisher:/home/vboxuser/ros2_iron/install/sensor_msgs_py:/home/vboxuser/ros2_iron/install/quality_of_service_demo_py:/home/vboxuser/ros2_iron/install/rqt_plot:/home/vboxuser/ros2_iron/install/ros2doctor:/home/vboxuser/ros2_iron/install/lifecycle_py:/home/vboxuser/ros2_iron/install/examples_rclpy_minimal_subscriber:/home/vboxuser/ros2_iron/install/examples_rclpy_minimal_service:/home/vboxuser/ros2_iron/install/examples_rclpy_minimal_publisher:/home/vboxuser/ros2_iron/install/examples_rclpy_minimal_client:/home/vboxuser/ros2_iron/install/examples_rclpy_executors:/home/vboxuser/ros2_iron/install/demo_nodes_py:/home/vboxuser/ros2_iron/install/rqt:/home/vboxuser/ros2_iron/install/ros2component:/home/vboxuser/ros2_iron/install/sros2:/home/vboxuser/ros2_iron/install/rqt_topic:/home/vboxuser/ros2_iron/install/rqt_srv:/home/vboxuser/ros2_iron/install/rqt_shell:/home/vboxuser/ros2_iron/install/rqt_service_caller:/home/vboxuser/ros2_iron/install/rqt_reconfigure:/home/vboxuser/ros2_iron/install/rqt_py_console:/home/vboxuser/ros2_iron/install/rqt_publisher:/home/vboxuser/ros2_iron/install/rqt_action:/home/vboxuser/ros2_iron/install/rqt_msg:/home/vboxuser/ros2_iron/install/rqt_console:/home/vboxuser/ros2_iron/install/rqt_graph:/home/vboxuser/ros2_iron/install/rqt_gui_py:/home/vboxuser/ros2_iron/install/rqt_gui:/home/vboxuser/ros2_iron/install/ros2trace:/home/vboxuser/ros2_iron/install/ros2topic:/home/vboxuser/ros2_iron/install/ros2test:/home/vboxuser/ros2_iron/install/ros2param:/home/vboxuser/ros2_iron/install/ros2lifecycle:/home/vboxuser/ros2_iron/install/ros2service:/home/vboxuser/ros2_iron/install/ros2run:/home/vboxuser/ros2_iron/install/ros2launch:/home/vboxuser/ros2_iron/install/ros2pkg:/home/vboxuser/ros2_iron/install/ros2node:/home/vboxuser/ros2_iron/install/ros2multicast:/home/vboxuser/ros2_iron/install/ros2interface:/home/vboxuser/ros2_iron/install/ros2action:/home/vboxuser/ros2_iron/install/ros2cli:/home/vboxuser/ros2_iron/install/launch_testing_ros:/home/vboxuser/ros2_iron/install/launch_ros:/home/vboxuser/ros2_iron/install/examples_rclpy_minimal_action_server:/home/vboxuser/ros2_iron/install/examples_rclpy_minimal_action_client:/home/vboxuser/ros2_iron/install/examples_rclpy_guard_conditions:/home/vboxuser/ros2_iron/install/action_tutorials_py:/home/vboxuser/ros2_iron/install/ament_uncrustify:/home/vboxuser/ros2_iron/install/tracetools_trace:/home/vboxuser/ros2_iron/install/tracetools_read:/home/vboxuser/ros2_iron/install/test_tracetools_launch:/home/vboxuser/ros2_iron/install/test_ros2trace:/home/vboxuser/ros2_iron/install/test_launch_ros:/home/vboxuser/ros2_iron/install/rpyutils:/home/vboxuser/ros2_iron/install/rosidl_runtime_py:/home/vboxuser/ros2_iron/install/rosidl_pycommon:/home/vboxuser/ros2_iron/install/rosidl_cli:/home/vboxuser/ros2_iron/install/launch_pytest:/home/vboxuser/ros2_iron/install/launch_testing:/home/vboxuser/ros2_iron/install/launch_yaml:/home/vboxuser/ros2_iron/install/launch_xml:/home/vboxuser/ros2_iron/install/launch:/home/vboxuser/ros2_iron/install/osrf_pycommon:/home/vboxuser/ros2_iron/install/domain_coordinator:/home/vboxuser/ros2_iron/install/ament_xmllint:/home/vboxuser/ros2_iron/install/ament_pyflakes:/home/vboxuser/ros2_iron/install/ament_pycodestyle:/home/vboxuser/ros2_iron/install/ament_pep257:/home/vboxuser/ros2_iron/install/ament_pclint:/home/vboxuser/ros2_iron/install/ament_package:/home/vboxuser/ros2_iron/install/ament_mypy:/home/vboxuser/ros2_iron/install/ament_lint_cmake:/home/vboxuser/ros2_iron/install/ament_flake8:/home/vboxuser/ros2_iron/install/ament_copyright:/home/vboxuser/ros2_iron/install/ament_lint:/home/vboxuser/ros2_iron/install/ament_index_python:/home/vboxuser/ros2_iron/install/ament_cpplint:/home/vboxuser/ros2_iron/install/ament_cppcheck:/home/vboxuser/ros2_iron/install/ament_clang_tidy:/home/vboxuser/ros2_iron/install/ament_clang_format /usr/bin/cmake --build /home/vboxuser/ros2_ws/build/examples_rclcpp_minimal_timer -- -j4 -l4
[8.098s] DEBUG:colcon.colcon_core.event_handler.log_command:Invoking command in '/home/vboxuser/ros2_ws/build/examples_rclcpp_minimal_timer': CMAKE_PREFIX_PATH=${CMAKE_PREFIX_PATH}:/home/vboxuser/ros2_ws/install/py_pubsub:/home/vboxuser/ros2_ws/install/launch_testing_examples:/home/vboxuser/ros2_ws/install/examples_rclpy_pointcloud_publisher:/home/vboxuser/ros2_ws/install/examples_rclpy_minimal_subscriber:/home/vboxuser/ros2_ws/install/examples_rclpy_minimal_service:/home/vboxuser/ros2_ws/install/examples_rclpy_minimal_publisher:/home/vboxuser/ros2_ws/install/examples_rclpy_minimal_client:/home/vboxuser/ros2_ws/install/examples_rclpy_minimal_action_server:/home/vboxuser/ros2_ws/install/examples_rclpy_minimal_action_client:/home/vboxuser/ros2_ws/install/examples_rclpy_guard_conditions:/home/vboxuser/ros2_ws/install/examples_rclpy_executors:/home/vboxuser/ros2_ws/install/bms_visualizer:/opt/ros/iron:/home/vboxuser/ros2_iron/install/rqt_bag_plugins:/home/vboxuser/ros2_iron/install/rqt_bag:/home/vboxuser/ros2_iron/install/rosbag2_examples_py:/home/vboxuser/ros2_iron/install/launch_testing_examples:/home/vboxuser/ros2_iron/install/ros2bag:/home/vboxuser/ros2_iron/install/tracetools_test:/home/vboxuser/ros2_iron/install/tracetools_launch:/home/vboxuser/ros2_iron/install/topic_monitor:/home/vboxuser/ros2_iron/install/tf2_tools:/home/vboxuser/ros2_iron/install/examples_tf2_py:/home/vboxuser/ros2_iron/install/tf2_ros_py:/home/vboxuser/ros2_iron/install/examples_rclpy_pointcloud_publisher:/home/vboxuser/ros2_iron/install/sensor_msgs_py:/home/vboxuser/ros2_iron/install/quality_of_service_demo_py:/home/vboxuser/ros2_iron/install/rqt_plot:/home/vboxuser/ros2_iron/install/ros2doctor:/home/vboxuser/ros2_iron/install/lifecycle_py:/home/vboxuser/ros2_iron/install/examples_rclpy_minimal_subscriber:/home/vboxuser/ros2_iron/install/examples_rclpy_minimal_service:/home/vboxuser/ros2_iron/install/examples_rclpy_minimal_publisher:/home/vboxuser/ros2_iron/install/examples_rclpy_minimal_client:/home/vboxuser/ros2_iron/install/examples_rclpy_executors:/home/vboxuser/ros2_iron/install/demo_nodes_py:/home/vboxuser/ros2_iron/install/rqt:/home/vboxuser/ros2_iron/install/ros2component:/home/vboxuser/ros2_iron/install/sros2:/home/vboxuser/ros2_iron/install/rqt_topic:/home/vboxuser/ros2_iron/install/rqt_srv:/home/vboxuser/ros2_iron/install/rqt_shell:/home/vboxuser/ros2_iron/install/rqt_service_caller:/home/vboxuser/ros2_iron/install/rqt_reconfigure:/home/vboxuser/ros2_iron/install/rqt_py_console:/home/vboxuser/ros2_iron/install/rqt_publisher:/home/vboxuser/ros2_iron/install/rqt_action:/home/vboxuser/ros2_iron/install/rqt_msg:/home/vboxuser/ros2_iron/install/rqt_console:/home/vboxuser/ros2_iron/install/rqt_graph:/home/vboxuser/ros2_iron/install/rqt_gui_py:/home/vboxuser/ros2_iron/install/rqt_gui:/home/vboxuser/ros2_iron/install/ros2trace:/home/vboxuser/ros2_iron/install/ros2topic:/home/vboxuser/ros2_iron/install/ros2test:/home/vboxuser/ros2_iron/install/ros2param:/home/vboxuser/ros2_iron/install/ros2lifecycle:/home/vboxuser/ros2_iron/install/ros2service:/home/vboxuser/ros2_iron/install/ros2run:/home/vboxuser/ros2_iron/install/ros2launch:/home/vboxuser/ros2_iron/install/ros2pkg:/home/vboxuser/ros2_iron/install/ros2node:/home/vboxuser/ros2_iron/install/ros2multicast:/home/vboxuser/ros2_iron/install/ros2interface:/home/vboxuser/ros2_iron/install/ros2action:/home/vboxuser/ros2_iron/install/ros2cli:/home/vboxuser/ros2_iron/install/launch_testing_ros:/home/vboxuser/ros2_iron/install/launch_ros:/home/vboxuser/ros2_iron/install/examples_rclpy_minimal_action_server:/home/vboxuser/ros2_iron/install/examples_rclpy_minimal_action_client:/home/vboxuser/ros2_iron/install/examples_rclpy_guard_conditions:/home/vboxuser/ros2_iron/install/action_tutorials_py:/home/vboxuser/ros2_iron/install/ament_uncrustify:/home/vboxuser/ros2_iron/install/tracetools_trace:/home/vboxuser/ros2_iron/install/tracetools_read:/home/vboxuser/ros2_iron/install/test_tracetools_launch:/home/vboxuser/ros2_iron/install/test_ros2trace:/home/vboxuser/ros2_iron/install/test_launch_ros:/home/vboxuser/ros2_iron/install/rpyutils:/home/vboxuser/ros2_iron/install/rosidl_runtime_py:/home/vboxuser/ros2_iron/install/rosidl_pycommon:/home/vboxuser/ros2_iron/install/rosidl_cli:/home/vboxuser/ros2_iron/install/launch_pytest:/home/vboxuser/ros2_iron/install/launch_testing:/home/vboxuser/ros2_iron/install/launch_yaml:/home/vboxuser/ros2_iron/install/launch_xml:/home/vboxuser/ros2_iron/install/launch:/home/vboxuser/ros2_iron/install/osrf_pycommon:/home/vboxuser/ros2_iron/install/domain_coordinator:/home/vboxuser/ros2_iron/install/ament_xmllint:/home/vboxuser/ros2_iron/install/ament_pyflakes:/home/vboxuser/ros2_iron/install/ament_pycodestyle:/home/vboxuser/ros2_iron/install/ament_pep257:/home/vboxuser/ros2_iron/install/ament_pclint:/home/vboxuser/ros2_iron/install/ament_package:/home/vboxuser/ros2_iron/install/ament_mypy:/home/vboxuser/ros2_iron/install/ament_lint_cmake:/home/vboxuser/ros2_iron/install/ament_flake8:/home/vboxuser/ros2_iron/install/ament_copyright:/home/vboxuser/ros2_iron/install/ament_lint:/home/vboxuser/ros2_iron/install/ament_index_python:/home/vboxuser/ros2_iron/install/ament_cpplint:/home/vboxuser/ros2_iron/install/ament_cppcheck:/home/vboxuser/ros2_iron/install/ament_clang_tidy:/home/vboxuser/ros2_iron/install/ament_clang_format /usr/bin/cmake --install /home/vboxuser/ros2_ws/build/examples_rclcpp_minimal_timer
[8.189s] DEBUG:colcon.colcon_core.event_handler.log_command:Invoked command in '/home/vboxuser/ros2_ws/build/examples_rclcpp_multithreaded_executor' returned '0': CMAKE_PREFIX_PATH=${CMAKE_PREFIX_PATH}:/home/vboxuser/ros2_ws/install/py_pubsub:/home/vboxuser/ros2_ws/install/launch_testing_examples:/home/vboxuser/ros2_ws/install/examples_rclpy_pointcloud_publisher:/home/vboxuser/ros2_ws/install/examples_rclpy_minimal_subscriber:/home/vboxuser/ros2_ws/install/examples_rclpy_minimal_service:/home/vboxuser/ros2_ws/install/examples_rclpy_minimal_publisher:/home/vboxuser/ros2_ws/install/examples_rclpy_minimal_client:/home/vboxuser/ros2_ws/install/examples_rclpy_minimal_action_server:/home/vboxuser/ros2_ws/install/examples_rclpy_minimal_action_client:/home/vboxuser/ros2_ws/install/examples_rclpy_guard_conditions:/home/vboxuser/ros2_ws/install/examples_rclpy_executors:/home/vboxuser/ros2_ws/install/bms_visualizer:/opt/ros/iron:/home/vboxuser/ros2_iron/install/rqt_bag_plugins:/home/vboxuser/ros2_iron/install/rqt_bag:/home/vboxuser/ros2_iron/install/rosbag2_examples_py:/home/vboxuser/ros2_iron/install/launch_testing_examples:/home/vboxuser/ros2_iron/install/ros2bag:/home/vboxuser/ros2_iron/install/tracetools_test:/home/vboxuser/ros2_iron/install/tracetools_launch:/home/vboxuser/ros2_iron/install/topic_monitor:/home/vboxuser/ros2_iron/install/tf2_tools:/home/vboxuser/ros2_iron/install/examples_tf2_py:/home/vboxuser/ros2_iron/install/tf2_ros_py:/home/vboxuser/ros2_iron/install/examples_rclpy_pointcloud_publisher:/home/vboxuser/ros2_iron/install/sensor_msgs_py:/home/vboxuser/ros2_iron/install/quality_of_service_demo_py:/home/vboxuser/ros2_iron/install/rqt_plot:/home/vboxuser/ros2_iron/install/ros2doctor:/home/vboxuser/ros2_iron/install/lifecycle_py:/home/vboxuser/ros2_iron/install/examples_rclpy_minimal_subscriber:/home/vboxuser/ros2_iron/install/examples_rclpy_minimal_service:/home/vboxuser/ros2_iron/install/examples_rclpy_minimal_publisher:/home/vboxuser/ros2_iron/install/examples_rclpy_minimal_client:/home/vboxuser/ros2_iron/install/examples_rclpy_executors:/home/vboxuser/ros2_iron/install/demo_nodes_py:/home/vboxuser/ros2_iron/install/rqt:/home/vboxuser/ros2_iron/install/ros2component:/home/vboxuser/ros2_iron/install/sros2:/home/vboxuser/ros2_iron/install/rqt_topic:/home/vboxuser/ros2_iron/install/rqt_srv:/home/vboxuser/ros2_iron/install/rqt_shell:/home/vboxuser/ros2_iron/install/rqt_service_caller:/home/vboxuser/ros2_iron/install/rqt_reconfigure:/home/vboxuser/ros2_iron/install/rqt_py_console:/home/vboxuser/ros2_iron/install/rqt_publisher:/home/vboxuser/ros2_iron/install/rqt_action:/home/vboxuser/ros2_iron/install/rqt_msg:/home/vboxuser/ros2_iron/install/rqt_console:/home/vboxuser/ros2_iron/install/rqt_graph:/home/vboxuser/ros2_iron/install/rqt_gui_py:/home/vboxuser/ros2_iron/install/rqt_gui:/home/vboxuser/ros2_iron/install/ros2trace:/home/vboxuser/ros2_iron/install/ros2topic:/home/vboxuser/ros2_iron/install/ros2test:/home/vboxuser/ros2_iron/install/ros2param:/home/vboxuser/ros2_iron/install/ros2lifecycle:/home/vboxuser/ros2_iron/install/ros2service:/home/vboxuser/ros2_iron/install/ros2run:/home/vboxuser/ros2_iron/install/ros2launch:/home/vboxuser/ros2_iron/install/ros2pkg:/home/vboxuser/ros2_iron/install/ros2node:/home/vboxuser/ros2_iron/install/ros2multicast:/home/vboxuser/ros2_iron/install/ros2interface:/home/vboxuser/ros2_iron/install/ros2action:/home/vboxuser/ros2_iron/install/ros2cli:/home/vboxuser/ros2_iron/install/launch_testing_ros:/home/vboxuser/ros2_iron/install/launch_ros:/home/vboxuser/ros2_iron/install/examples_rclpy_minimal_action_server:/home/vboxuser/ros2_iron/install/examples_rclpy_minimal_action_client:/home/vboxuser/ros2_iron/install/examples_rclpy_guard_conditions:/home/vboxuser/ros2_iron/install/action_tutorials_py:/home/vboxuser/ros2_iron/install/ament_uncrustify:/home/vboxuser/ros2_iron/install/tracetools_trace:/home/vboxuser/ros2_iron/install/tracetools_read:/home/vboxuser/ros2_iron/install/test_tracetools_launch:/home/vboxuser/ros2_iron/install/test_ros2trace:/home/vboxuser/ros2_iron/install/test_launch_ros:/home/vboxuser/ros2_iron/install/rpyutils:/home/vboxuser/ros2_iron/install/rosidl_runtime_py:/home/vboxuser/ros2_iron/install/rosidl_pycommon:/home/vboxuser/ros2_iron/install/rosidl_cli:/home/vboxuser/ros2_iron/install/launch_pytest:/home/vboxuser/ros2_iron/install/launch_testing:/home/vboxuser/ros2_iron/install/launch_yaml:/home/vboxuser/ros2_iron/install/launch_xml:/home/vboxuser/ros2_iron/install/launch:/home/vboxuser/ros2_iron/install/osrf_pycommon:/home/vboxuser/ros2_iron/install/domain_coordinator:/home/vboxuser/ros2_iron/install/ament_xmllint:/home/vboxuser/ros2_iron/install/ament_pyflakes:/home/vboxuser/ros2_iron/install/ament_pycodestyle:/home/vboxuser/ros2_iron/install/ament_pep257:/home/vboxuser/ros2_iron/install/ament_pclint:/home/vboxuser/ros2_iron/install/ament_package:/home/vboxuser/ros2_iron/install/ament_mypy:/home/vboxuser/ros2_iron/install/ament_lint_cmake:/home/vboxuser/ros2_iron/install/ament_flake8:/home/vboxuser/ros2_iron/install/ament_copyright:/home/vboxuser/ros2_iron/install/ament_lint:/home/vboxuser/ros2_iron/install/ament_index_python:/home/vboxuser/ros2_iron/install/ament_cpplint:/home/vboxuser/ros2_iron/install/ament_cppcheck:/home/vboxuser/ros2_iron/install/ament_clang_tidy:/home/vboxuser/ros2_iron/install/ament_clang_format /usr/bin/cmake --build /home/vboxuser/ros2_ws/build/examples_rclcpp_multithreaded_executor -- -j4 -l4
[8.203s] DEBUG:colcon.colcon_core.event_handler.log_command:Invoking command in '/home/vboxuser/ros2_ws/build/examples_rclcpp_multithreaded_executor': CMAKE_PREFIX_PATH=${CMAKE_PREFIX_PATH}:/home/vboxuser/ros2_ws/install/py_pubsub:/home/vboxuser/ros2_ws/install/launch_testing_examples:/home/vboxuser/ros2_ws/install/examples_rclpy_pointcloud_publisher:/home/vboxuser/ros2_ws/install/examples_rclpy_minimal_subscriber:/home/vboxuser/ros2_ws/install/examples_rclpy_minimal_service:/home/vboxuser/ros2_ws/install/examples_rclpy_minimal_publisher:/home/vboxuser/ros2_ws/install/examples_rclpy_minimal_client:/home/vboxuser/ros2_ws/install/examples_rclpy_minimal_action_server:/home/vboxuser/ros2_ws/install/examples_rclpy_minimal_action_client:/home/vboxuser/ros2_ws/install/examples_rclpy_guard_conditions:/home/vboxuser/ros2_ws/install/examples_rclpy_executors:/home/vboxuser/ros2_ws/install/bms_visualizer:/opt/ros/iron:/home/vboxuser/ros2_iron/install/rqt_bag_plugins:/home/vboxuser/ros2_iron/install/rqt_bag:/home/vboxuser/ros2_iron/install/rosbag2_examples_py:/home/vboxuser/ros2_iron/install/launch_testing_examples:/home/vboxuser/ros2_iron/install/ros2bag:/home/vboxuser/ros2_iron/install/tracetools_test:/home/vboxuser/ros2_iron/install/tracetools_launch:/home/vboxuser/ros2_iron/install/topic_monitor:/home/vboxuser/ros2_iron/install/tf2_tools:/home/vboxuser/ros2_iron/install/examples_tf2_py:/home/vboxuser/ros2_iron/install/tf2_ros_py:/home/vboxuser/ros2_iron/install/examples_rclpy_pointcloud_publisher:/home/vboxuser/ros2_iron/install/sensor_msgs_py:/home/vboxuser/ros2_iron/install/quality_of_service_demo_py:/home/vboxuser/ros2_iron/install/rqt_plot:/home/vboxuser/ros2_iron/install/ros2doctor:/home/vboxuser/ros2_iron/install/lifecycle_py:/home/vboxuser/ros2_iron/install/examples_rclpy_minimal_subscriber:/home/vboxuser/ros2_iron/install/examples_rclpy_minimal_service:/home/vboxuser/ros2_iron/install/examples_rclpy_minimal_publisher:/home/vboxuser/ros2_iron/install/examples_rclpy_minimal_client:/home/vboxuser/ros2_iron/install/examples_rclpy_executors:/home/vboxuser/ros2_iron/install/demo_nodes_py:/home/vboxuser/ros2_iron/install/rqt:/home/vboxuser/ros2_iron/install/ros2component:/home/vboxuser/ros2_iron/install/sros2:/home/vboxuser/ros2_iron/install/rqt_topic:/home/vboxuser/ros2_iron/install/rqt_srv:/home/vboxuser/ros2_iron/install/rqt_shell:/home/vboxuser/ros2_iron/install/rqt_service_caller:/home/vboxuser/ros2_iron/install/rqt_reconfigure:/home/vboxuser/ros2_iron/install/rqt_py_console:/home/vboxuser/ros2_iron/install/rqt_publisher:/home/vboxuser/ros2_iron/install/rqt_action:/home/vboxuser/ros2_iron/install/rqt_msg:/home/vboxuser/ros2_iron/install/rqt_console:/home/vboxuser/ros2_iron/install/rqt_graph:/home/vboxuser/ros2_iron/install/rqt_gui_py:/home/vboxuser/ros2_iron/install/rqt_gui:/home/vboxuser/ros2_iron/install/ros2trace:/home/vboxuser/ros2_iron/install/ros2topic:/home/vboxuser/ros2_iron/install/ros2test:/home/vboxuser/ros2_iron/install/ros2param:/home/vboxuser/ros2_iron/install/ros2lifecycle:/home/vboxuser/ros2_iron/install/ros2service:/home/vboxuser/ros2_iron/install/ros2run:/home/vboxuser/ros2_iron/install/ros2launch:/home/vboxuser/ros2_iron/install/ros2pkg:/home/vboxuser/ros2_iron/install/ros2node:/home/vboxuser/ros2_iron/install/ros2multicast:/home/vboxuser/ros2_iron/install/ros2interface:/home/vboxuser/ros2_iron/install/ros2action:/home/vboxuser/ros2_iron/install/ros2cli:/home/vboxuser/ros2_iron/install/launch_testing_ros:/home/vboxuser/ros2_iron/install/launch_ros:/home/vboxuser/ros2_iron/install/examples_rclpy_minimal_action_server:/home/vboxuser/ros2_iron/install/examples_rclpy_minimal_action_client:/home/vboxuser/ros2_iron/install/examples_rclpy_guard_conditions:/home/vboxuser/ros2_iron/install/action_tutorials_py:/home/vboxuser/ros2_iron/install/ament_uncrustify:/home/vboxuser/ros2_iron/install/tracetools_trace:/home/vboxuser/ros2_iron/install/tracetools_read:/home/vboxuser/ros2_iron/install/test_tracetools_launch:/home/vboxuser/ros2_iron/install/test_ros2trace:/home/vboxuser/ros2_iron/install/test_launch_ros:/home/vboxuser/ros2_iron/install/rpyutils:/home/vboxuser/ros2_iron/install/rosidl_runtime_py:/home/vboxuser/ros2_iron/install/rosidl_pycommon:/home/vboxuser/ros2_iron/install/rosidl_cli:/home/vboxuser/ros2_iron/install/launch_pytest:/home/vboxuser/ros2_iron/install/launch_testing:/home/vboxuser/ros2_iron/install/launch_yaml:/home/vboxuser/ros2_iron/install/launch_xml:/home/vboxuser/ros2_iron/install/launch:/home/vboxuser/ros2_iron/install/osrf_pycommon:/home/vboxuser/ros2_iron/install/domain_coordinator:/home/vboxuser/ros2_iron/install/ament_xmllint:/home/vboxuser/ros2_iron/install/ament_pyflakes:/home/vboxuser/ros2_iron/install/ament_pycodestyle:/home/vboxuser/ros2_iron/install/ament_pep257:/home/vboxuser/ros2_iron/install/ament_pclint:/home/vboxuser/ros2_iron/install/ament_package:/home/vboxuser/ros2_iron/install/ament_mypy:/home/vboxuser/ros2_iron/install/ament_lint_cmake:/home/vboxuser/ros2_iron/install/ament_flake8:/home/vboxuser/ros2_iron/install/ament_copyright:/home/vboxuser/ros2_iron/install/ament_lint:/home/vboxuser/ros2_iron/install/ament_index_python:/home/vboxuser/ros2_iron/install/ament_cpplint:/home/vboxuser/ros2_iron/install/ament_cppcheck:/home/vboxuser/ros2_iron/install/ament_clang_tidy:/home/vboxuser/ros2_iron/install/ament_clang_format /usr/bin/cmake --install /home/vboxuser/ros2_ws/build/examples_rclcpp_multithreaded_executor
[8.411s] Level 1:colcon.colcon_core.environment:create_environment_scripts_only(examples_rclcpp_minimal_timer)
[8.420s] Level 1:colcon.colcon_core.environment:checking '/home/vboxuser/ros2_ws/install/examples_rclcpp_minimal_timer' for CMake module files
[8.423s] DEBUG:colcon.colcon_core.event_handler.log_command:Invoked command in '/home/vboxuser/ros2_ws/build/examples_rclcpp_minimal_timer' returned '0': CMAKE_PREFIX_PATH=${CMAKE_PREFIX_PATH}:/home/vboxuser/ros2_ws/install/py_pubsub:/home/vboxuser/ros2_ws/install/launch_testing_examples:/home/vboxuser/ros2_ws/install/examples_rclpy_pointcloud_publisher:/home/vboxuser/ros2_ws/install/examples_rclpy_minimal_subscriber:/home/vboxuser/ros2_ws/install/examples_rclpy_minimal_service:/home/vboxuser/ros2_ws/install/examples_rclpy_minimal_publisher:/home/vboxuser/ros2_ws/install/examples_rclpy_minimal_client:/home/vboxuser/ros2_ws/install/examples_rclpy_minimal_action_server:/home/vboxuser/ros2_ws/install/examples_rclpy_minimal_action_client:/home/vboxuser/ros2_ws/install/examples_rclpy_guard_conditions:/home/vboxuser/ros2_ws/install/examples_rclpy_executors:/home/vboxuser/ros2_ws/install/bms_visualizer:/opt/ros/iron:/home/vboxuser/ros2_iron/install/rqt_bag_plugins:/home/vboxuser/ros2_iron/install/rqt_bag:/home/vboxuser/ros2_iron/install/rosbag2_examples_py:/home/vboxuser/ros2_iron/install/launch_testing_examples:/home/vboxuser/ros2_iron/install/ros2bag:/home/vboxuser/ros2_iron/install/tracetools_test:/home/vboxuser/ros2_iron/install/tracetools_launch:/home/vboxuser/ros2_iron/install/topic_monitor:/home/vboxuser/ros2_iron/install/tf2_tools:/home/vboxuser/ros2_iron/install/examples_tf2_py:/home/vboxuser/ros2_iron/install/tf2_ros_py:/home/vboxuser/ros2_iron/install/examples_rclpy_pointcloud_publisher:/home/vboxuser/ros2_iron/install/sensor_msgs_py:/home/vboxuser/ros2_iron/install/quality_of_service_demo_py:/home/vboxuser/ros2_iron/install/rqt_plot:/home/vboxuser/ros2_iron/install/ros2doctor:/home/vboxuser/ros2_iron/install/lifecycle_py:/home/vboxuser/ros2_iron/install/examples_rclpy_minimal_subscriber:/home/vboxuser/ros2_iron/install/examples_rclpy_minimal_service:/home/vboxuser/ros2_iron/install/examples_rclpy_minimal_publisher:/home/vboxuser/ros2_iron/install/examples_rclpy_minimal_client:/home/vboxuser/ros2_iron/install/examples_rclpy_executors:/home/vboxuser/ros2_iron/install/demo_nodes_py:/home/vboxuser/ros2_iron/install/rqt:/home/vboxuser/ros2_iron/install/ros2component:/home/vboxuser/ros2_iron/install/sros2:/home/vboxuser/ros2_iron/install/rqt_topic:/home/vboxuser/ros2_iron/install/rqt_srv:/home/vboxuser/ros2_iron/install/rqt_shell:/home/vboxuser/ros2_iron/install/rqt_service_caller:/home/vboxuser/ros2_iron/install/rqt_reconfigure:/home/vboxuser/ros2_iron/install/rqt_py_console:/home/vboxuser/ros2_iron/install/rqt_publisher:/home/vboxuser/ros2_iron/install/rqt_action:/home/vboxuser/ros2_iron/install/rqt_msg:/home/vboxuser/ros2_iron/install/rqt_console:/home/vboxuser/ros2_iron/install/rqt_graph:/home/vboxuser/ros2_iron/install/rqt_gui_py:/home/vboxuser/ros2_iron/install/rqt_gui:/home/vboxuser/ros2_iron/install/ros2trace:/home/vboxuser/ros2_iron/install/ros2topic:/home/vboxuser/ros2_iron/install/ros2test:/home/vboxuser/ros2_iron/install/ros2param:/home/vboxuser/ros2_iron/install/ros2lifecycle:/home/vboxuser/ros2_iron/install/ros2service:/home/vboxuser/ros2_iron/install/ros2run:/home/vboxuser/ros2_iron/install/ros2launch:/home/vboxuser/ros2_iron/install/ros2pkg:/home/vboxuser/ros2_iron/install/ros2node:/home/vboxuser/ros2_iron/install/ros2multicast:/home/vboxuser/ros2_iron/install/ros2interface:/home/vboxuser/ros2_iron/install/ros2action:/home/vboxuser/ros2_iron/install/ros2cli:/home/vboxuser/ros2_iron/install/launch_testing_ros:/home/vboxuser/ros2_iron/install/launch_ros:/home/vboxuser/ros2_iron/install/examples_rclpy_minimal_action_server:/home/vboxuser/ros2_iron/install/examples_rclpy_minimal_action_client:/home/vboxuser/ros2_iron/install/examples_rclpy_guard_conditions:/home/vboxuser/ros2_iron/install/action_tutorials_py:/home/vboxuser/ros2_iron/install/ament_uncrustify:/home/vboxuser/ros2_iron/install/tracetools_trace:/home/vboxuser/ros2_iron/install/tracetools_read:/home/vboxuser/ros2_iron/install/test_tracetools_launch:/home/vboxuser/ros2_iron/install/test_ros2trace:/home/vboxuser/ros2_iron/install/test_launch_ros:/home/vboxuser/ros2_iron/install/rpyutils:/home/vboxuser/ros2_iron/install/rosidl_runtime_py:/home/vboxuser/ros2_iron/install/rosidl_pycommon:/home/vboxuser/ros2_iron/install/rosidl_cli:/home/vboxuser/ros2_iron/install/launch_pytest:/home/vboxuser/ros2_iron/install/launch_testing:/home/vboxuser/ros2_iron/install/launch_yaml:/home/vboxuser/ros2_iron/install/launch_xml:/home/vboxuser/ros2_iron/install/launch:/home/vboxuser/ros2_iron/install/osrf_pycommon:/home/vboxuser/ros2_iron/install/domain_coordinator:/home/vboxuser/ros2_iron/install/ament_xmllint:/home/vboxuser/ros2_iron/install/ament_pyflakes:/home/vboxuser/ros2_iron/install/ament_pycodestyle:/home/vboxuser/ros2_iron/install/ament_pep257:/home/vboxuser/ros2_iron/install/ament_pclint:/home/vboxuser/ros2_iron/install/ament_package:/home/vboxuser/ros2_iron/install/ament_mypy:/home/vboxuser/ros2_iron/install/ament_lint_cmake:/home/vboxuser/ros2_iron/install/ament_flake8:/home/vboxuser/ros2_iron/install/ament_copyright:/home/vboxuser/ros2_iron/install/ament_lint:/home/vboxuser/ros2_iron/install/ament_index_python:/home/vboxuser/ros2_iron/install/ament_cpplint:/home/vboxuser/ros2_iron/install/ament_cppcheck:/home/vboxuser/ros2_iron/install/ament_clang_tidy:/home/vboxuser/ros2_iron/install/ament_clang_format /usr/bin/cmake --install /home/vboxuser/ros2_ws/build/examples_rclcpp_minimal_timer
[8.429s] Level 1:colcon.colcon_core.environment:checking '/home/vboxuser/ros2_ws/install/examples_rclcpp_minimal_timer' for CMake config files
[8.430s] Level 1:colcon.colcon_core.shell:create_environment_hook('examples_rclcpp_minimal_timer', 'cmake_prefix_path')
[8.431s] INFO:colcon.colcon_core.shell:Creating environment hook '/home/vboxuser/ros2_ws/install/examples_rclcpp_minimal_timer/share/examples_rclcpp_minimal_timer/hook/cmake_prefix_path.ps1'
[8.432s] INFO:colcon.colcon_core.shell:Creating environment descriptor '/home/vboxuser/ros2_ws/install/examples_rclcpp_minimal_timer/share/examples_rclcpp_minimal_timer/hook/cmake_prefix_path.dsv'
[8.444s] INFO:colcon.colcon_core.shell:Creating environment hook '/home/vboxuser/ros2_ws/install/examples_rclcpp_minimal_timer/share/examples_rclcpp_minimal_timer/hook/cmake_prefix_path.sh'
[8.446s] Level 1:colcon.colcon_core.environment:checking '/home/vboxuser/ros2_ws/install/examples_rclcpp_minimal_timer/lib'
[8.446s] Level 1:colcon.colcon_core.environment:checking '/home/vboxuser/ros2_ws/install/examples_rclcpp_minimal_timer/bin'
[8.446s] Level 1:colcon.colcon_core.environment:checking '/home/vboxuser/ros2_ws/install/examples_rclcpp_minimal_timer/lib/pkgconfig/examples_rclcpp_minimal_timer.pc'
[8.447s] Level 1:colcon.colcon_core.environment:checking '/home/vboxuser/ros2_ws/install/examples_rclcpp_minimal_timer/lib/python3.10/site-packages'
[8.447s] Level 1:colcon.colcon_core.environment:checking '/home/vboxuser/ros2_ws/install/examples_rclcpp_minimal_timer/bin'
[8.448s] INFO:colcon.colcon_core.shell:Creating package script '/home/vboxuser/ros2_ws/install/examples_rclcpp_minimal_timer/share/examples_rclcpp_minimal_timer/package.ps1'
[8.449s] INFO:colcon.colcon_core.shell:Creating package descriptor '/home/vboxuser/ros2_ws/install/examples_rclcpp_minimal_timer/share/examples_rclcpp_minimal_timer/package.dsv'
[8.450s] INFO:colcon.colcon_core.shell:Creating package script '/home/vboxuser/ros2_ws/install/examples_rclcpp_minimal_timer/share/examples_rclcpp_minimal_timer/package.sh'
[8.451s] INFO:colcon.colcon_core.shell:Creating package script '/home/vboxuser/ros2_ws/install/examples_rclcpp_minimal_timer/share/examples_rclcpp_minimal_timer/package.bash'
[8.468s] INFO:colcon.colcon_core.shell:Creating package script '/home/vboxuser/ros2_ws/install/examples_rclcpp_minimal_timer/share/examples_rclcpp_minimal_timer/package.zsh'
[8.506s] Level 1:colcon.colcon_core.environment:create_file_with_runtime_dependencies(/home/vboxuser/ros2_ws/install/examples_rclcpp_minimal_timer/share/colcon-core/packages/examples_rclcpp_minimal_timer)
[8.511s] Level 1:colcon.colcon_core.environment:create_environment_scripts_only(examples_rclcpp_minimal_timer)
[8.512s] Level 1:colcon.colcon_core.environment:checking '/home/vboxuser/ros2_ws/install/examples_rclcpp_minimal_timer' for CMake module files
[8.512s] Level 1:colcon.colcon_core.environment:checking '/home/vboxuser/ros2_ws/install/examples_rclcpp_minimal_timer' for CMake config files
[8.513s] Level 1:colcon.colcon_core.shell:create_environment_hook('examples_rclcpp_minimal_timer', 'cmake_prefix_path')
[8.513s] INFO:colcon.colcon_core.shell:Creating environment hook '/home/vboxuser/ros2_ws/install/examples_rclcpp_minimal_timer/share/examples_rclcpp_minimal_timer/hook/cmake_prefix_path.ps1'
[8.514s] INFO:colcon.colcon_core.shell:Creating environment descriptor '/home/vboxuser/ros2_ws/install/examples_rclcpp_minimal_timer/share/examples_rclcpp_minimal_timer/hook/cmake_prefix_path.dsv'
[8.515s] INFO:colcon.colcon_core.shell:Creating environment hook '/home/vboxuser/ros2_ws/install/examples_rclcpp_minimal_timer/share/examples_rclcpp_minimal_timer/hook/cmake_prefix_path.sh'
[8.532s] Level 1:colcon.colcon_core.environment:checking '/home/vboxuser/ros2_ws/install/examples_rclcpp_minimal_timer/lib'
[8.532s] Level 1:colcon.colcon_core.environment:checking '/home/vboxuser/ros2_ws/install/examples_rclcpp_minimal_timer/bin'
[8.533s] Level 1:colcon.colcon_core.environment:checking '/home/vboxuser/ros2_ws/install/examples_rclcpp_minimal_timer/lib/pkgconfig/examples_rclcpp_minimal_timer.pc'
[8.533s] Level 1:colcon.colcon_core.environment:checking '/home/vboxuser/ros2_ws/install/examples_rclcpp_minimal_timer/lib/python3.10/site-packages'
[8.534s] Level 1:colcon.colcon_core.environment:checking '/home/vboxuser/ros2_ws/install/examples_rclcpp_minimal_timer/bin'
[8.534s] INFO:colcon.colcon_core.shell:Creating package script '/home/vboxuser/ros2_ws/install/examples_rclcpp_minimal_timer/share/examples_rclcpp_minimal_timer/package.ps1'
[8.551s] INFO:colcon.colcon_core.shell:Creating package descriptor '/home/vboxuser/ros2_ws/install/examples_rclcpp_minimal_timer/share/examples_rclcpp_minimal_timer/package.dsv'
[8.562s] INFO:colcon.colcon_core.shell:Creating package script '/home/vboxuser/ros2_ws/install/examples_rclcpp_minimal_timer/share/examples_rclcpp_minimal_timer/package.sh'
[8.578s] INFO:colcon.colcon_core.shell:Creating package script '/home/vboxuser/ros2_ws/install/examples_rclcpp_minimal_timer/share/examples_rclcpp_minimal_timer/package.bash'
[8.580s] INFO:colcon.colcon_core.shell:Creating package script '/home/vboxuser/ros2_ws/install/examples_rclcpp_minimal_timer/share/examples_rclcpp_minimal_timer/package.zsh'
[8.593s] Level 1:colcon.colcon_core.environment:create_file_with_runtime_dependencies(/home/vboxuser/ros2_ws/install/examples_rclcpp_minimal_timer/share/colcon-core/packages/examples_rclcpp_minimal_timer)
[8.600s] INFO:colcon.colcon_ros.task.ament_python.build:Building ROS package in '/home/vboxuser/ros2_ws/src/examples/rclpy/executors' with build type 'ament_python'
[8.617s] Level 1:colcon.colcon_core.shell:create_environment_hook('examples_rclpy_executors', 'ament_prefix_path')
[8.621s] INFO:colcon.colcon_core.shell:Creating environment hook '/home/vboxuser/ros2_ws/install/examples_rclpy_executors/share/examples_rclpy_executors/hook/ament_prefix_path.ps1'
[8.629s] INFO:colcon.colcon_core.shell:Creating environment descriptor '/home/vboxuser/ros2_ws/install/examples_rclpy_executors/share/examples_rclpy_executors/hook/ament_prefix_path.dsv'
[8.637s] INFO:colcon.colcon_core.shell:Creating environment hook '/home/vboxuser/ros2_ws/install/examples_rclpy_executors/share/examples_rclpy_executors/hook/ament_prefix_path.sh'
[8.648s] INFO:colcon.colcon_core.shell:Skip shell extension 'powershell' for command environment: Not usable outside of PowerShell
[8.649s] DEBUG:colcon.colcon_core.shell:Skip shell extension 'dsv' for command environment
[8.944s] Level 1:colcon.colcon_core.environment:create_environment_scripts_only(examples_rclcpp_multithreaded_executor)
[8.945s] Level 1:colcon.colcon_core.environment:checking '/home/vboxuser/ros2_ws/install/examples_rclcpp_multithreaded_executor' for CMake module files
[8.951s] DEBUG:colcon.colcon_core.event_handler.log_command:Invoked command in '/home/vboxuser/ros2_ws/build/examples_rclcpp_multithreaded_executor' returned '0': CMAKE_PREFIX_PATH=${CMAKE_PREFIX_PATH}:/home/vboxuser/ros2_ws/install/py_pubsub:/home/vboxuser/ros2_ws/install/launch_testing_examples:/home/vboxuser/ros2_ws/install/examples_rclpy_pointcloud_publisher:/home/vboxuser/ros2_ws/install/examples_rclpy_minimal_subscriber:/home/vboxuser/ros2_ws/install/examples_rclpy_minimal_service:/home/vboxuser/ros2_ws/install/examples_rclpy_minimal_publisher:/home/vboxuser/ros2_ws/install/examples_rclpy_minimal_client:/home/vboxuser/ros2_ws/install/examples_rclpy_minimal_action_server:/home/vboxuser/ros2_ws/install/examples_rclpy_minimal_action_client:/home/vboxuser/ros2_ws/install/examples_rclpy_guard_conditions:/home/vboxuser/ros2_ws/install/examples_rclpy_executors:/home/vboxuser/ros2_ws/install/bms_visualizer:/opt/ros/iron:/home/vboxuser/ros2_iron/install/rqt_bag_plugins:/home/vboxuser/ros2_iron/install/rqt_bag:/home/vboxuser/ros2_iron/install/rosbag2_examples_py:/home/vboxuser/ros2_iron/install/launch_testing_examples:/home/vboxuser/ros2_iron/install/ros2bag:/home/vboxuser/ros2_iron/install/tracetools_test:/home/vboxuser/ros2_iron/install/tracetools_launch:/home/vboxuser/ros2_iron/install/topic_monitor:/home/vboxuser/ros2_iron/install/tf2_tools:/home/vboxuser/ros2_iron/install/examples_tf2_py:/home/vboxuser/ros2_iron/install/tf2_ros_py:/home/vboxuser/ros2_iron/install/examples_rclpy_pointcloud_publisher:/home/vboxuser/ros2_iron/install/sensor_msgs_py:/home/vboxuser/ros2_iron/install/quality_of_service_demo_py:/home/vboxuser/ros2_iron/install/rqt_plot:/home/vboxuser/ros2_iron/install/ros2doctor:/home/vboxuser/ros2_iron/install/lifecycle_py:/home/vboxuser/ros2_iron/install/examples_rclpy_minimal_subscriber:/home/vboxuser/ros2_iron/install/examples_rclpy_minimal_service:/home/vboxuser/ros2_iron/install/examples_rclpy_minimal_publisher:/home/vboxuser/ros2_iron/install/examples_rclpy_minimal_client:/home/vboxuser/ros2_iron/install/examples_rclpy_executors:/home/vboxuser/ros2_iron/install/demo_nodes_py:/home/vboxuser/ros2_iron/install/rqt:/home/vboxuser/ros2_iron/install/ros2component:/home/vboxuser/ros2_iron/install/sros2:/home/vboxuser/ros2_iron/install/rqt_topic:/home/vboxuser/ros2_iron/install/rqt_srv:/home/vboxuser/ros2_iron/install/rqt_shell:/home/vboxuser/ros2_iron/install/rqt_service_caller:/home/vboxuser/ros2_iron/install/rqt_reconfigure:/home/vboxuser/ros2_iron/install/rqt_py_console:/home/vboxuser/ros2_iron/install/rqt_publisher:/home/vboxuser/ros2_iron/install/rqt_action:/home/vboxuser/ros2_iron/install/rqt_msg:/home/vboxuser/ros2_iron/install/rqt_console:/home/vboxuser/ros2_iron/install/rqt_graph:/home/vboxuser/ros2_iron/install/rqt_gui_py:/home/vboxuser/ros2_iron/install/rqt_gui:/home/vboxuser/ros2_iron/install/ros2trace:/home/vboxuser/ros2_iron/install/ros2topic:/home/vboxuser/ros2_iron/install/ros2test:/home/vboxuser/ros2_iron/install/ros2param:/home/vboxuser/ros2_iron/install/ros2lifecycle:/home/vboxuser/ros2_iron/install/ros2service:/home/vboxuser/ros2_iron/install/ros2run:/home/vboxuser/ros2_iron/install/ros2launch:/home/vboxuser/ros2_iron/install/ros2pkg:/home/vboxuser/ros2_iron/install/ros2node:/home/vboxuser/ros2_iron/install/ros2multicast:/home/vboxuser/ros2_iron/install/ros2interface:/home/vboxuser/ros2_iron/install/ros2action:/home/vboxuser/ros2_iron/install/ros2cli:/home/vboxuser/ros2_iron/install/launch_testing_ros:/home/vboxuser/ros2_iron/install/launch_ros:/home/vboxuser/ros2_iron/install/examples_rclpy_minimal_action_server:/home/vboxuser/ros2_iron/install/examples_rclpy_minimal_action_client:/home/vboxuser/ros2_iron/install/examples_rclpy_guard_conditions:/home/vboxuser/ros2_iron/install/action_tutorials_py:/home/vboxuser/ros2_iron/install/ament_uncrustify:/home/vboxuser/ros2_iron/install/tracetools_trace:/home/vboxuser/ros2_iron/install/tracetools_read:/home/vboxuser/ros2_iron/install/test_tracetools_launch:/home/vboxuser/ros2_iron/install/test_ros2trace:/home/vboxuser/ros2_iron/install/test_launch_ros:/home/vboxuser/ros2_iron/install/rpyutils:/home/vboxuser/ros2_iron/install/rosidl_runtime_py:/home/vboxuser/ros2_iron/install/rosidl_pycommon:/home/vboxuser/ros2_iron/install/rosidl_cli:/home/vboxuser/ros2_iron/install/launch_pytest:/home/vboxuser/ros2_iron/install/launch_testing:/home/vboxuser/ros2_iron/install/launch_yaml:/home/vboxuser/ros2_iron/install/launch_xml:/home/vboxuser/ros2_iron/install/launch:/home/vboxuser/ros2_iron/install/osrf_pycommon:/home/vboxuser/ros2_iron/install/domain_coordinator:/home/vboxuser/ros2_iron/install/ament_xmllint:/home/vboxuser/ros2_iron/install/ament_pyflakes:/home/vboxuser/ros2_iron/install/ament_pycodestyle:/home/vboxuser/ros2_iron/install/ament_pep257:/home/vboxuser/ros2_iron/install/ament_pclint:/home/vboxuser/ros2_iron/install/ament_package:/home/vboxuser/ros2_iron/install/ament_mypy:/home/vboxuser/ros2_iron/install/ament_lint_cmake:/home/vboxuser/ros2_iron/install/ament_flake8:/home/vboxuser/ros2_iron/install/ament_copyright:/home/vboxuser/ros2_iron/install/ament_lint:/home/vboxuser/ros2_iron/install/ament_index_python:/home/vboxuser/ros2_iron/install/ament_cpplint:/home/vboxuser/ros2_iron/install/ament_cppcheck:/home/vboxuser/ros2_iron/install/ament_clang_tidy:/home/vboxuser/ros2_iron/install/ament_clang_format /usr/bin/cmake --install /home/vboxuser/ros2_ws/build/examples_rclcpp_multithreaded_executor
[8.959s] Level 1:colcon.colcon_core.environment:checking '/home/vboxuser/ros2_ws/install/examples_rclcpp_multithreaded_executor' for CMake config files
[8.960s] Level 1:colcon.colcon_core.shell:create_environment_hook('examples_rclcpp_multithreaded_executor', 'cmake_prefix_path')
[8.961s] INFO:colcon.colcon_core.shell:Creating environment hook '/home/vboxuser/ros2_ws/install/examples_rclcpp_multithreaded_executor/share/examples_rclcpp_multithreaded_executor/hook/cmake_prefix_path.ps1'
[8.966s] INFO:colcon.colcon_core.shell:Creating environment descriptor '/home/vboxuser/ros2_ws/install/examples_rclcpp_multithreaded_executor/share/examples_rclcpp_multithreaded_executor/hook/cmake_prefix_path.dsv'
[8.974s] INFO:colcon.colcon_core.shell:Creating environment hook '/home/vboxuser/ros2_ws/install/examples_rclcpp_multithreaded_executor/share/examples_rclcpp_multithreaded_executor/hook/cmake_prefix_path.sh'
[8.981s] Level 1:colcon.colcon_core.environment:checking '/home/vboxuser/ros2_ws/install/examples_rclcpp_multithreaded_executor/lib'
[8.982s] Level 1:colcon.colcon_core.environment:checking '/home/vboxuser/ros2_ws/install/examples_rclcpp_multithreaded_executor/bin'
[8.983s] Level 1:colcon.colcon_core.environment:checking '/home/vboxuser/ros2_ws/install/examples_rclcpp_multithreaded_executor/lib/pkgconfig/examples_rclcpp_multithreaded_executor.pc'
[8.983s] Level 1:colcon.colcon_core.environment:checking '/home/vboxuser/ros2_ws/install/examples_rclcpp_multithreaded_executor/lib/python3.10/site-packages'
[8.984s] Level 1:colcon.colcon_core.environment:checking '/home/vboxuser/ros2_ws/install/examples_rclcpp_multithreaded_executor/bin'
[8.985s] INFO:colcon.colcon_core.shell:Creating package script '/home/vboxuser/ros2_ws/install/examples_rclcpp_multithreaded_executor/share/examples_rclcpp_multithreaded_executor/package.ps1'
[9.012s] INFO:colcon.colcon_core.shell:Creating package descriptor '/home/vboxuser/ros2_ws/install/examples_rclcpp_multithreaded_executor/share/examples_rclcpp_multithreaded_executor/package.dsv'
[9.022s] INFO:colcon.colcon_core.shell:Creating package script '/home/vboxuser/ros2_ws/install/examples_rclcpp_multithreaded_executor/share/examples_rclcpp_multithreaded_executor/package.sh'
[9.029s] INFO:colcon.colcon_core.shell:Creating package script '/home/vboxuser/ros2_ws/install/examples_rclcpp_multithreaded_executor/share/examples_rclcpp_multithreaded_executor/package.bash'
[9.030s] INFO:colcon.colcon_core.shell:Creating package script '/home/vboxuser/ros2_ws/install/examples_rclcpp_multithreaded_executor/share/examples_rclcpp_multithreaded_executor/package.zsh'
[9.041s] Level 1:colcon.colcon_core.environment:create_file_with_runtime_dependencies(/home/vboxuser/ros2_ws/install/examples_rclcpp_multithreaded_executor/share/colcon-core/packages/examples_rclcpp_multithreaded_executor)
[9.066s] Level 1:colcon.colcon_core.environment:create_environment_scripts_only(examples_rclcpp_multithreaded_executor)
[9.068s] Level 1:colcon.colcon_core.environment:checking '/home/vboxuser/ros2_ws/install/examples_rclcpp_multithreaded_executor' for CMake module files
[9.073s] Level 1:colcon.colcon_core.environment:checking '/home/vboxuser/ros2_ws/install/examples_rclcpp_multithreaded_executor' for CMake config files
[9.073s] Level 1:colcon.colcon_core.shell:create_environment_hook('examples_rclcpp_multithreaded_executor', 'cmake_prefix_path')
[9.074s] INFO:colcon.colcon_core.shell:Creating environment hook '/home/vboxuser/ros2_ws/install/examples_rclcpp_multithreaded_executor/share/examples_rclcpp_multithreaded_executor/hook/cmake_prefix_path.ps1'
[9.076s] INFO:colcon.colcon_core.shell:Creating environment descriptor '/home/vboxuser/ros2_ws/install/examples_rclcpp_multithreaded_executor/share/examples_rclcpp_multithreaded_executor/hook/cmake_prefix_path.dsv'
[9.078s] INFO:colcon.colcon_core.shell:Creating environment hook '/home/vboxuser/ros2_ws/install/examples_rclcpp_multithreaded_executor/share/examples_rclcpp_multithreaded_executor/hook/cmake_prefix_path.sh'
[9.080s] Level 1:colcon.colcon_core.environment:checking '/home/vboxuser/ros2_ws/install/examples_rclcpp_multithreaded_executor/lib'
[9.081s] Level 1:colcon.colcon_core.environment:checking '/home/vboxuser/ros2_ws/install/examples_rclcpp_multithreaded_executor/bin'
[9.082s] Level 1:colcon.colcon_core.environment:checking '/home/vboxuser/ros2_ws/install/examples_rclcpp_multithreaded_executor/lib/pkgconfig/examples_rclcpp_multithreaded_executor.pc'
[9.082s] Level 1:colcon.colcon_core.environment:checking '/home/vboxuser/ros2_ws/install/examples_rclcpp_multithreaded_executor/lib/python3.10/site-packages'
[9.083s] Level 1:colcon.colcon_core.environment:checking '/home/vboxuser/ros2_ws/install/examples_rclcpp_multithreaded_executor/bin'
[9.083s] INFO:colcon.colcon_core.shell:Creating package script '/home/vboxuser/ros2_ws/install/examples_rclcpp_multithreaded_executor/share/examples_rclcpp_multithreaded_executor/package.ps1'
[9.106s] INFO:colcon.colcon_core.shell:Creating package descriptor '/home/vboxuser/ros2_ws/install/examples_rclcpp_multithreaded_executor/share/examples_rclcpp_multithreaded_executor/package.dsv'
[9.127s] INFO:colcon.colcon_core.shell:Creating package script '/home/vboxuser/ros2_ws/install/examples_rclcpp_multithreaded_executor/share/examples_rclcpp_multithreaded_executor/package.sh'
[9.133s] INFO:colcon.colcon_core.shell:Creating package script '/home/vboxuser/ros2_ws/install/examples_rclcpp_multithreaded_executor/share/examples_rclcpp_multithreaded_executor/package.bash'
[9.134s] INFO:colcon.colcon_core.shell:Creating package script '/home/vboxuser/ros2_ws/install/examples_rclcpp_multithreaded_executor/share/examples_rclcpp_multithreaded_executor/package.zsh'
[9.144s] Level 1:colcon.colcon_core.environment:create_file_with_runtime_dependencies(/home/vboxuser/ros2_ws/install/examples_rclcpp_multithreaded_executor/share/colcon-core/packages/examples_rclcpp_multithreaded_executor)
[9.160s] INFO:colcon.colcon_ros.task.ament_python.build:Building ROS package in '/home/vboxuser/ros2_ws/src/examples/rclpy/guard_conditions' with build type 'ament_python'
[9.161s] Level 1:colcon.colcon_core.shell:create_environment_hook('examples_rclpy_guard_conditions', 'ament_prefix_path')
[9.161s] INFO:colcon.colcon_core.shell:Creating environment hook '/home/vboxuser/ros2_ws/install/examples_rclpy_guard_conditions/share/examples_rclpy_guard_conditions/hook/ament_prefix_path.ps1'
[9.162s] INFO:colcon.colcon_core.shell:Creating environment descriptor '/home/vboxuser/ros2_ws/install/examples_rclpy_guard_conditions/share/examples_rclpy_guard_conditions/hook/ament_prefix_path.dsv'
[9.164s] INFO:colcon.colcon_core.shell:Creating environment hook '/home/vboxuser/ros2_ws/install/examples_rclpy_guard_conditions/share/examples_rclpy_guard_conditions/hook/ament_prefix_path.sh'
[9.165s] INFO:colcon.colcon_core.shell:Skip shell extension 'powershell' for command environment: Not usable outside of PowerShell
[9.166s] DEBUG:colcon.colcon_core.shell:Skip shell extension 'dsv' for command environment
[9.203s] DEBUG:colcon.colcon_core.event_handler.log_command:Invoked command in '/home/vboxuser/ros2_ws/build/examples_rclcpp_minimal_subscriber' returned '0': CMAKE_PREFIX_PATH=${CMAKE_PREFIX_PATH}:/home/vboxuser/ros2_ws/install/py_pubsub:/home/vboxuser/ros2_ws/install/launch_testing_examples:/home/vboxuser/ros2_ws/install/examples_rclpy_pointcloud_publisher:/home/vboxuser/ros2_ws/install/examples_rclpy_minimal_subscriber:/home/vboxuser/ros2_ws/install/examples_rclpy_minimal_service:/home/vboxuser/ros2_ws/install/examples_rclpy_minimal_publisher:/home/vboxuser/ros2_ws/install/examples_rclpy_minimal_client:/home/vboxuser/ros2_ws/install/examples_rclpy_minimal_action_server:/home/vboxuser/ros2_ws/install/examples_rclpy_minimal_action_client:/home/vboxuser/ros2_ws/install/examples_rclpy_guard_conditions:/home/vboxuser/ros2_ws/install/examples_rclpy_executors:/home/vboxuser/ros2_ws/install/bms_visualizer:/opt/ros/iron:/home/vboxuser/ros2_iron/install/rqt_bag_plugins:/home/vboxuser/ros2_iron/install/rqt_bag:/home/vboxuser/ros2_iron/install/rosbag2_examples_py:/home/vboxuser/ros2_iron/install/launch_testing_examples:/home/vboxuser/ros2_iron/install/ros2bag:/home/vboxuser/ros2_iron/install/tracetools_test:/home/vboxuser/ros2_iron/install/tracetools_launch:/home/vboxuser/ros2_iron/install/topic_monitor:/home/vboxuser/ros2_iron/install/tf2_tools:/home/vboxuser/ros2_iron/install/examples_tf2_py:/home/vboxuser/ros2_iron/install/tf2_ros_py:/home/vboxuser/ros2_iron/install/examples_rclpy_pointcloud_publisher:/home/vboxuser/ros2_iron/install/sensor_msgs_py:/home/vboxuser/ros2_iron/install/quality_of_service_demo_py:/home/vboxuser/ros2_iron/install/rqt_plot:/home/vboxuser/ros2_iron/install/ros2doctor:/home/vboxuser/ros2_iron/install/lifecycle_py:/home/vboxuser/ros2_iron/install/examples_rclpy_minimal_subscriber:/home/vboxuser/ros2_iron/install/examples_rclpy_minimal_service:/home/vboxuser/ros2_iron/install/examples_rclpy_minimal_publisher:/home/vboxuser/ros2_iron/install/examples_rclpy_minimal_client:/home/vboxuser/ros2_iron/install/examples_rclpy_executors:/home/vboxuser/ros2_iron/install/demo_nodes_py:/home/vboxuser/ros2_iron/install/rqt:/home/vboxuser/ros2_iron/install/ros2component:/home/vboxuser/ros2_iron/install/sros2:/home/vboxuser/ros2_iron/install/rqt_topic:/home/vboxuser/ros2_iron/install/rqt_srv:/home/vboxuser/ros2_iron/install/rqt_shell:/home/vboxuser/ros2_iron/install/rqt_service_caller:/home/vboxuser/ros2_iron/install/rqt_reconfigure:/home/vboxuser/ros2_iron/install/rqt_py_console:/home/vboxuser/ros2_iron/install/rqt_publisher:/home/vboxuser/ros2_iron/install/rqt_action:/home/vboxuser/ros2_iron/install/rqt_msg:/home/vboxuser/ros2_iron/install/rqt_console:/home/vboxuser/ros2_iron/install/rqt_graph:/home/vboxuser/ros2_iron/install/rqt_gui_py:/home/vboxuser/ros2_iron/install/rqt_gui:/home/vboxuser/ros2_iron/install/ros2trace:/home/vboxuser/ros2_iron/install/ros2topic:/home/vboxuser/ros2_iron/install/ros2test:/home/vboxuser/ros2_iron/install/ros2param:/home/vboxuser/ros2_iron/install/ros2lifecycle:/home/vboxuser/ros2_iron/install/ros2service:/home/vboxuser/ros2_iron/install/ros2run:/home/vboxuser/ros2_iron/install/ros2launch:/home/vboxuser/ros2_iron/install/ros2pkg:/home/vboxuser/ros2_iron/install/ros2node:/home/vboxuser/ros2_iron/install/ros2multicast:/home/vboxuser/ros2_iron/install/ros2interface:/home/vboxuser/ros2_iron/install/ros2action:/home/vboxuser/ros2_iron/install/ros2cli:/home/vboxuser/ros2_iron/install/launch_testing_ros:/home/vboxuser/ros2_iron/install/launch_ros:/home/vboxuser/ros2_iron/install/examples_rclpy_minimal_action_server:/home/vboxuser/ros2_iron/install/examples_rclpy_minimal_action_client:/home/vboxuser/ros2_iron/install/examples_rclpy_guard_conditions:/home/vboxuser/ros2_iron/install/action_tutorials_py:/home/vboxuser/ros2_iron/install/ament_uncrustify:/home/vboxuser/ros2_iron/install/tracetools_trace:/home/vboxuser/ros2_iron/install/tracetools_read:/home/vboxuser/ros2_iron/install/test_tracetools_launch:/home/vboxuser/ros2_iron/install/test_ros2trace:/home/vboxuser/ros2_iron/install/test_launch_ros:/home/vboxuser/ros2_iron/install/rpyutils:/home/vboxuser/ros2_iron/install/rosidl_runtime_py:/home/vboxuser/ros2_iron/install/rosidl_pycommon:/home/vboxuser/ros2_iron/install/rosidl_cli:/home/vboxuser/ros2_iron/install/launch_pytest:/home/vboxuser/ros2_iron/install/launch_testing:/home/vboxuser/ros2_iron/install/launch_yaml:/home/vboxuser/ros2_iron/install/launch_xml:/home/vboxuser/ros2_iron/install/launch:/home/vboxuser/ros2_iron/install/osrf_pycommon:/home/vboxuser/ros2_iron/install/domain_coordinator:/home/vboxuser/ros2_iron/install/ament_xmllint:/home/vboxuser/ros2_iron/install/ament_pyflakes:/home/vboxuser/ros2_iron/install/ament_pycodestyle:/home/vboxuser/ros2_iron/install/ament_pep257:/home/vboxuser/ros2_iron/install/ament_pclint:/home/vboxuser/ros2_iron/install/ament_package:/home/vboxuser/ros2_iron/install/ament_mypy:/home/vboxuser/ros2_iron/install/ament_lint_cmake:/home/vboxuser/ros2_iron/install/ament_flake8:/home/vboxuser/ros2_iron/install/ament_copyright:/home/vboxuser/ros2_iron/install/ament_lint:/home/vboxuser/ros2_iron/install/ament_index_python:/home/vboxuser/ros2_iron/install/ament_cpplint:/home/vboxuser/ros2_iron/install/ament_cppcheck:/home/vboxuser/ros2_iron/install/ament_clang_tidy:/home/vboxuser/ros2_iron/install/ament_clang_format /usr/bin/cmake --build /home/vboxuser/ros2_ws/build/examples_rclcpp_minimal_subscriber -- -j4 -l4
[9.235s] DEBUG:colcon.colcon_core.event_handler.log_command:Invoking command in '/home/vboxuser/ros2_ws/build/examples_rclcpp_minimal_subscriber': CMAKE_PREFIX_PATH=${CMAKE_PREFIX_PATH}:/home/vboxuser/ros2_ws/install/py_pubsub:/home/vboxuser/ros2_ws/install/launch_testing_examples:/home/vboxuser/ros2_ws/install/examples_rclpy_pointcloud_publisher:/home/vboxuser/ros2_ws/install/examples_rclpy_minimal_subscriber:/home/vboxuser/ros2_ws/install/examples_rclpy_minimal_service:/home/vboxuser/ros2_ws/install/examples_rclpy_minimal_publisher:/home/vboxuser/ros2_ws/install/examples_rclpy_minimal_client:/home/vboxuser/ros2_ws/install/examples_rclpy_minimal_action_server:/home/vboxuser/ros2_ws/install/examples_rclpy_minimal_action_client:/home/vboxuser/ros2_ws/install/examples_rclpy_guard_conditions:/home/vboxuser/ros2_ws/install/examples_rclpy_executors:/home/vboxuser/ros2_ws/install/bms_visualizer:/opt/ros/iron:/home/vboxuser/ros2_iron/install/rqt_bag_plugins:/home/vboxuser/ros2_iron/install/rqt_bag:/home/vboxuser/ros2_iron/install/rosbag2_examples_py:/home/vboxuser/ros2_iron/install/launch_testing_examples:/home/vboxuser/ros2_iron/install/ros2bag:/home/vboxuser/ros2_iron/install/tracetools_test:/home/vboxuser/ros2_iron/install/tracetools_launch:/home/vboxuser/ros2_iron/install/topic_monitor:/home/vboxuser/ros2_iron/install/tf2_tools:/home/vboxuser/ros2_iron/install/examples_tf2_py:/home/vboxuser/ros2_iron/install/tf2_ros_py:/home/vboxuser/ros2_iron/install/examples_rclpy_pointcloud_publisher:/home/vboxuser/ros2_iron/install/sensor_msgs_py:/home/vboxuser/ros2_iron/install/quality_of_service_demo_py:/home/vboxuser/ros2_iron/install/rqt_plot:/home/vboxuser/ros2_iron/install/ros2doctor:/home/vboxuser/ros2_iron/install/lifecycle_py:/home/vboxuser/ros2_iron/install/examples_rclpy_minimal_subscriber:/home/vboxuser/ros2_iron/install/examples_rclpy_minimal_service:/home/vboxuser/ros2_iron/install/examples_rclpy_minimal_publisher:/home/vboxuser/ros2_iron/install/examples_rclpy_minimal_client:/home/vboxuser/ros2_iron/install/examples_rclpy_executors:/home/vboxuser/ros2_iron/install/demo_nodes_py:/home/vboxuser/ros2_iron/install/rqt:/home/vboxuser/ros2_iron/install/ros2component:/home/vboxuser/ros2_iron/install/sros2:/home/vboxuser/ros2_iron/install/rqt_topic:/home/vboxuser/ros2_iron/install/rqt_srv:/home/vboxuser/ros2_iron/install/rqt_shell:/home/vboxuser/ros2_iron/install/rqt_service_caller:/home/vboxuser/ros2_iron/install/rqt_reconfigure:/home/vboxuser/ros2_iron/install/rqt_py_console:/home/vboxuser/ros2_iron/install/rqt_publisher:/home/vboxuser/ros2_iron/install/rqt_action:/home/vboxuser/ros2_iron/install/rqt_msg:/home/vboxuser/ros2_iron/install/rqt_console:/home/vboxuser/ros2_iron/install/rqt_graph:/home/vboxuser/ros2_iron/install/rqt_gui_py:/home/vboxuser/ros2_iron/install/rqt_gui:/home/vboxuser/ros2_iron/install/ros2trace:/home/vboxuser/ros2_iron/install/ros2topic:/home/vboxuser/ros2_iron/install/ros2test:/home/vboxuser/ros2_iron/install/ros2param:/home/vboxuser/ros2_iron/install/ros2lifecycle:/home/vboxuser/ros2_iron/install/ros2service:/home/vboxuser/ros2_iron/install/ros2run:/home/vboxuser/ros2_iron/install/ros2launch:/home/vboxuser/ros2_iron/install/ros2pkg:/home/vboxuser/ros2_iron/install/ros2node:/home/vboxuser/ros2_iron/install/ros2multicast:/home/vboxuser/ros2_iron/install/ros2interface:/home/vboxuser/ros2_iron/install/ros2action:/home/vboxuser/ros2_iron/install/ros2cli:/home/vboxuser/ros2_iron/install/launch_testing_ros:/home/vboxuser/ros2_iron/install/launch_ros:/home/vboxuser/ros2_iron/install/examples_rclpy_minimal_action_server:/home/vboxuser/ros2_iron/install/examples_rclpy_minimal_action_client:/home/vboxuser/ros2_iron/install/examples_rclpy_guard_conditions:/home/vboxuser/ros2_iron/install/action_tutorials_py:/home/vboxuser/ros2_iron/install/ament_uncrustify:/home/vboxuser/ros2_iron/install/tracetools_trace:/home/vboxuser/ros2_iron/install/tracetools_read:/home/vboxuser/ros2_iron/install/test_tracetools_launch:/home/vboxuser/ros2_iron/install/test_ros2trace:/home/vboxuser/ros2_iron/install/test_launch_ros:/home/vboxuser/ros2_iron/install/rpyutils:/home/vboxuser/ros2_iron/install/rosidl_runtime_py:/home/vboxuser/ros2_iron/install/rosidl_pycommon:/home/vboxuser/ros2_iron/install/rosidl_cli:/home/vboxuser/ros2_iron/install/launch_pytest:/home/vboxuser/ros2_iron/install/launch_testing:/home/vboxuser/ros2_iron/install/launch_yaml:/home/vboxuser/ros2_iron/install/launch_xml:/home/vboxuser/ros2_iron/install/launch:/home/vboxuser/ros2_iron/install/osrf_pycommon:/home/vboxuser/ros2_iron/install/domain_coordinator:/home/vboxuser/ros2_iron/install/ament_xmllint:/home/vboxuser/ros2_iron/install/ament_pyflakes:/home/vboxuser/ros2_iron/install/ament_pycodestyle:/home/vboxuser/ros2_iron/install/ament_pep257:/home/vboxuser/ros2_iron/install/ament_pclint:/home/vboxuser/ros2_iron/install/ament_package:/home/vboxuser/ros2_iron/install/ament_mypy:/home/vboxuser/ros2_iron/install/ament_lint_cmake:/home/vboxuser/ros2_iron/install/ament_flake8:/home/vboxuser/ros2_iron/install/ament_copyright:/home/vboxuser/ros2_iron/install/ament_lint:/home/vboxuser/ros2_iron/install/ament_index_python:/home/vboxuser/ros2_iron/install/ament_cpplint:/home/vboxuser/ros2_iron/install/ament_cppcheck:/home/vboxuser/ros2_iron/install/ament_clang_tidy:/home/vboxuser/ros2_iron/install/ament_clang_format /usr/bin/cmake --install /home/vboxuser/ros2_ws/build/examples_rclcpp_minimal_subscriber
[11.053s] INFO:colcon.colcon_core.task.python.build:Building Python package in '/home/vboxuser/ros2_ws/src/examples/rclpy/executors'
[11.053s] INFO:colcon.colcon_core.shell:Skip shell extension 'powershell' for command environment: Not usable outside of PowerShell
[11.054s] DEBUG:colcon.colcon_core.shell:Skip shell extension 'dsv' for command environment
[11.104s] Level 1:colcon.colcon_core.environment:create_environment_scripts_only(examples_rclcpp_minimal_subscriber)
[11.105s] Level 1:colcon.colcon_core.environment:checking '/home/vboxuser/ros2_ws/install/examples_rclcpp_minimal_subscriber' for CMake module files
[11.108s] Level 1:colcon.colcon_core.environment:checking '/home/vboxuser/ros2_ws/install/examples_rclcpp_minimal_subscriber' for CMake config files
[11.108s] Level 1:colcon.colcon_core.shell:create_environment_hook('examples_rclcpp_minimal_subscriber', 'cmake_prefix_path')
[11.109s] INFO:colcon.colcon_core.shell:Creating environment hook '/home/vboxuser/ros2_ws/install/examples_rclcpp_minimal_subscriber/share/examples_rclcpp_minimal_subscriber/hook/cmake_prefix_path.ps1'
[11.111s] INFO:colcon.colcon_core.shell:Creating environment descriptor '/home/vboxuser/ros2_ws/install/examples_rclcpp_minimal_subscriber/share/examples_rclcpp_minimal_subscriber/hook/cmake_prefix_path.dsv'
[11.114s] INFO:colcon.colcon_core.shell:Creating environment hook '/home/vboxuser/ros2_ws/install/examples_rclcpp_minimal_subscriber/share/examples_rclcpp_minimal_subscriber/hook/cmake_prefix_path.sh'
[11.114s] DEBUG:colcon.colcon_core.event_handler.log_command:Invoked command in '/home/vboxuser/ros2_ws/build/examples_rclcpp_minimal_subscriber' returned '0': CMAKE_PREFIX_PATH=${CMAKE_PREFIX_PATH}:/home/vboxuser/ros2_ws/install/py_pubsub:/home/vboxuser/ros2_ws/install/launch_testing_examples:/home/vboxuser/ros2_ws/install/examples_rclpy_pointcloud_publisher:/home/vboxuser/ros2_ws/install/examples_rclpy_minimal_subscriber:/home/vboxuser/ros2_ws/install/examples_rclpy_minimal_service:/home/vboxuser/ros2_ws/install/examples_rclpy_minimal_publisher:/home/vboxuser/ros2_ws/install/examples_rclpy_minimal_client:/home/vboxuser/ros2_ws/install/examples_rclpy_minimal_action_server:/home/vboxuser/ros2_ws/install/examples_rclpy_minimal_action_client:/home/vboxuser/ros2_ws/install/examples_rclpy_guard_conditions:/home/vboxuser/ros2_ws/install/examples_rclpy_executors:/home/vboxuser/ros2_ws/install/bms_visualizer:/opt/ros/iron:/home/vboxuser/ros2_iron/install/rqt_bag_plugins:/home/vboxuser/ros2_iron/install/rqt_bag:/home/vboxuser/ros2_iron/install/rosbag2_examples_py:/home/vboxuser/ros2_iron/install/launch_testing_examples:/home/vboxuser/ros2_iron/install/ros2bag:/home/vboxuser/ros2_iron/install/tracetools_test:/home/vboxuser/ros2_iron/install/tracetools_launch:/home/vboxuser/ros2_iron/install/topic_monitor:/home/vboxuser/ros2_iron/install/tf2_tools:/home/vboxuser/ros2_iron/install/examples_tf2_py:/home/vboxuser/ros2_iron/install/tf2_ros_py:/home/vboxuser/ros2_iron/install/examples_rclpy_pointcloud_publisher:/home/vboxuser/ros2_iron/install/sensor_msgs_py:/home/vboxuser/ros2_iron/install/quality_of_service_demo_py:/home/vboxuser/ros2_iron/install/rqt_plot:/home/vboxuser/ros2_iron/install/ros2doctor:/home/vboxuser/ros2_iron/install/lifecycle_py:/home/vboxuser/ros2_iron/install/examples_rclpy_minimal_subscriber:/home/vboxuser/ros2_iron/install/examples_rclpy_minimal_service:/home/vboxuser/ros2_iron/install/examples_rclpy_minimal_publisher:/home/vboxuser/ros2_iron/install/examples_rclpy_minimal_client:/home/vboxuser/ros2_iron/install/examples_rclpy_executors:/home/vboxuser/ros2_iron/install/demo_nodes_py:/home/vboxuser/ros2_iron/install/rqt:/home/vboxuser/ros2_iron/install/ros2component:/home/vboxuser/ros2_iron/install/sros2:/home/vboxuser/ros2_iron/install/rqt_topic:/home/vboxuser/ros2_iron/install/rqt_srv:/home/vboxuser/ros2_iron/install/rqt_shell:/home/vboxuser/ros2_iron/install/rqt_service_caller:/home/vboxuser/ros2_iron/install/rqt_reconfigure:/home/vboxuser/ros2_iron/install/rqt_py_console:/home/vboxuser/ros2_iron/install/rqt_publisher:/home/vboxuser/ros2_iron/install/rqt_action:/home/vboxuser/ros2_iron/install/rqt_msg:/home/vboxuser/ros2_iron/install/rqt_console:/home/vboxuser/ros2_iron/install/rqt_graph:/home/vboxuser/ros2_iron/install/rqt_gui_py:/home/vboxuser/ros2_iron/install/rqt_gui:/home/vboxuser/ros2_iron/install/ros2trace:/home/vboxuser/ros2_iron/install/ros2topic:/home/vboxuser/ros2_iron/install/ros2test:/home/vboxuser/ros2_iron/install/ros2param:/home/vboxuser/ros2_iron/install/ros2lifecycle:/home/vboxuser/ros2_iron/install/ros2service:/home/vboxuser/ros2_iron/install/ros2run:/home/vboxuser/ros2_iron/install/ros2launch:/home/vboxuser/ros2_iron/install/ros2pkg:/home/vboxuser/ros2_iron/install/ros2node:/home/vboxuser/ros2_iron/install/ros2multicast:/home/vboxuser/ros2_iron/install/ros2interface:/home/vboxuser/ros2_iron/install/ros2action:/home/vboxuser/ros2_iron/install/ros2cli:/home/vboxuser/ros2_iron/install/launch_testing_ros:/home/vboxuser/ros2_iron/install/launch_ros:/home/vboxuser/ros2_iron/install/examples_rclpy_minimal_action_server:/home/vboxuser/ros2_iron/install/examples_rclpy_minimal_action_client:/home/vboxuser/ros2_iron/install/examples_rclpy_guard_conditions:/home/vboxuser/ros2_iron/install/action_tutorials_py:/home/vboxuser/ros2_iron/install/ament_uncrustify:/home/vboxuser/ros2_iron/install/tracetools_trace:/home/vboxuser/ros2_iron/install/tracetools_read:/home/vboxuser/ros2_iron/install/test_tracetools_launch:/home/vboxuser/ros2_iron/install/test_ros2trace:/home/vboxuser/ros2_iron/install/test_launch_ros:/home/vboxuser/ros2_iron/install/rpyutils:/home/vboxuser/ros2_iron/install/rosidl_runtime_py:/home/vboxuser/ros2_iron/install/rosidl_pycommon:/home/vboxuser/ros2_iron/install/rosidl_cli:/home/vboxuser/ros2_iron/install/launch_pytest:/home/vboxuser/ros2_iron/install/launch_testing:/home/vboxuser/ros2_iron/install/launch_yaml:/home/vboxuser/ros2_iron/install/launch_xml:/home/vboxuser/ros2_iron/install/launch:/home/vboxuser/ros2_iron/install/osrf_pycommon:/home/vboxuser/ros2_iron/install/domain_coordinator:/home/vboxuser/ros2_iron/install/ament_xmllint:/home/vboxuser/ros2_iron/install/ament_pyflakes:/home/vboxuser/ros2_iron/install/ament_pycodestyle:/home/vboxuser/ros2_iron/install/ament_pep257:/home/vboxuser/ros2_iron/install/ament_pclint:/home/vboxuser/ros2_iron/install/ament_package:/home/vboxuser/ros2_iron/install/ament_mypy:/home/vboxuser/ros2_iron/install/ament_lint_cmake:/home/vboxuser/ros2_iron/install/ament_flake8:/home/vboxuser/ros2_iron/install/ament_copyright:/home/vboxuser/ros2_iron/install/ament_lint:/home/vboxuser/ros2_iron/install/ament_index_python:/home/vboxuser/ros2_iron/install/ament_cpplint:/home/vboxuser/ros2_iron/install/ament_cppcheck:/home/vboxuser/ros2_iron/install/ament_clang_tidy:/home/vboxuser/ros2_iron/install/ament_clang_format /usr/bin/cmake --install /home/vboxuser/ros2_ws/build/examples_rclcpp_minimal_subscriber
[11.118s] Level 1:colcon.colcon_core.environment:checking '/home/vboxuser/ros2_ws/install/examples_rclcpp_minimal_subscriber/lib'
[11.118s] Level 1:colcon.colcon_core.shell:create_environment_hook('examples_rclcpp_minimal_subscriber', 'ld_library_path_lib')
[11.119s] INFO:colcon.colcon_core.shell:Creating environment hook '/home/vboxuser/ros2_ws/install/examples_rclcpp_minimal_subscriber/share/examples_rclcpp_minimal_subscriber/hook/ld_library_path_lib.ps1'
[11.120s] INFO:colcon.colcon_core.shell:Creating environment descriptor '/home/vboxuser/ros2_ws/install/examples_rclcpp_minimal_subscriber/share/examples_rclcpp_minimal_subscriber/hook/ld_library_path_lib.dsv'
[11.121s] INFO:colcon.colcon_core.shell:Creating environment hook '/home/vboxuser/ros2_ws/install/examples_rclcpp_minimal_subscriber/share/examples_rclcpp_minimal_subscriber/hook/ld_library_path_lib.sh'
[11.122s] Level 1:colcon.colcon_core.environment:checking '/home/vboxuser/ros2_ws/install/examples_rclcpp_minimal_subscriber/bin'
[11.123s] Level 1:colcon.colcon_core.environment:checking '/home/vboxuser/ros2_ws/install/examples_rclcpp_minimal_subscriber/lib/pkgconfig/examples_rclcpp_minimal_subscriber.pc'
[11.125s] Level 1:colcon.colcon_core.environment:checking '/home/vboxuser/ros2_ws/install/examples_rclcpp_minimal_subscriber/lib/python3.10/site-packages'
[11.127s] Level 1:colcon.colcon_core.environment:checking '/home/vboxuser/ros2_ws/install/examples_rclcpp_minimal_subscriber/bin'
[11.128s] INFO:colcon.colcon_core.shell:Creating package script '/home/vboxuser/ros2_ws/install/examples_rclcpp_minimal_subscriber/share/examples_rclcpp_minimal_subscriber/package.ps1'
[11.129s] INFO:colcon.colcon_core.shell:Creating package descriptor '/home/vboxuser/ros2_ws/install/examples_rclcpp_minimal_subscriber/share/examples_rclcpp_minimal_subscriber/package.dsv'
[11.132s] INFO:colcon.colcon_core.shell:Creating package script '/home/vboxuser/ros2_ws/install/examples_rclcpp_minimal_subscriber/share/examples_rclcpp_minimal_subscriber/package.sh'
[11.134s] INFO:colcon.colcon_core.shell:Creating package script '/home/vboxuser/ros2_ws/install/examples_rclcpp_minimal_subscriber/share/examples_rclcpp_minimal_subscriber/package.bash'
[11.136s] INFO:colcon.colcon_core.shell:Creating package script '/home/vboxuser/ros2_ws/install/examples_rclcpp_minimal_subscriber/share/examples_rclcpp_minimal_subscriber/package.zsh'
[11.137s] Level 1:colcon.colcon_core.environment:create_file_with_runtime_dependencies(/home/vboxuser/ros2_ws/install/examples_rclcpp_minimal_subscriber/share/colcon-core/packages/examples_rclcpp_minimal_subscriber)
[11.141s] Level 1:colcon.colcon_core.environment:create_environment_scripts_only(examples_rclcpp_minimal_subscriber)
[11.142s] Level 1:colcon.colcon_core.environment:checking '/home/vboxuser/ros2_ws/install/examples_rclcpp_minimal_subscriber' for CMake module files
[11.143s] Level 1:colcon.colcon_core.environment:checking '/home/vboxuser/ros2_ws/install/examples_rclcpp_minimal_subscriber' for CMake config files
[11.143s] Level 1:colcon.colcon_core.shell:create_environment_hook('examples_rclcpp_minimal_subscriber', 'cmake_prefix_path')
[11.144s] INFO:colcon.colcon_core.shell:Creating environment hook '/home/vboxuser/ros2_ws/install/examples_rclcpp_minimal_subscriber/share/examples_rclcpp_minimal_subscriber/hook/cmake_prefix_path.ps1'
[11.144s] INFO:colcon.colcon_core.shell:Creating environment descriptor '/home/vboxuser/ros2_ws/install/examples_rclcpp_minimal_subscriber/share/examples_rclcpp_minimal_subscriber/hook/cmake_prefix_path.dsv'
[11.147s] INFO:colcon.colcon_core.shell:Creating environment hook '/home/vboxuser/ros2_ws/install/examples_rclcpp_minimal_subscriber/share/examples_rclcpp_minimal_subscriber/hook/cmake_prefix_path.sh'
[11.150s] Level 1:colcon.colcon_core.environment:checking '/home/vboxuser/ros2_ws/install/examples_rclcpp_minimal_subscriber/lib'
[11.150s] Level 1:colcon.colcon_core.shell:create_environment_hook('examples_rclcpp_minimal_subscriber', 'ld_library_path_lib')
[11.152s] INFO:colcon.colcon_core.shell:Creating environment hook '/home/vboxuser/ros2_ws/install/examples_rclcpp_minimal_subscriber/share/examples_rclcpp_minimal_subscriber/hook/ld_library_path_lib.ps1'
[11.154s] INFO:colcon.colcon_core.shell:Creating environment descriptor '/home/vboxuser/ros2_ws/install/examples_rclcpp_minimal_subscriber/share/examples_rclcpp_minimal_subscriber/hook/ld_library_path_lib.dsv'
[11.156s] INFO:colcon.colcon_core.shell:Creating environment hook '/home/vboxuser/ros2_ws/install/examples_rclcpp_minimal_subscriber/share/examples_rclcpp_minimal_subscriber/hook/ld_library_path_lib.sh'
[11.158s] Level 1:colcon.colcon_core.environment:checking '/home/vboxuser/ros2_ws/install/examples_rclcpp_minimal_subscriber/bin'
[11.158s] Level 1:colcon.colcon_core.environment:checking '/home/vboxuser/ros2_ws/install/examples_rclcpp_minimal_subscriber/lib/pkgconfig/examples_rclcpp_minimal_subscriber.pc'
[11.159s] Level 1:colcon.colcon_core.environment:checking '/home/vboxuser/ros2_ws/install/examples_rclcpp_minimal_subscriber/lib/python3.10/site-packages'
[11.160s] Level 1:colcon.colcon_core.environment:checking '/home/vboxuser/ros2_ws/install/examples_rclcpp_minimal_subscriber/bin'
[11.160s] INFO:colcon.colcon_core.shell:Creating package script '/home/vboxuser/ros2_ws/install/examples_rclcpp_minimal_subscriber/share/examples_rclcpp_minimal_subscriber/package.ps1'
[11.163s] INFO:colcon.colcon_core.shell:Creating package descriptor '/home/vboxuser/ros2_ws/install/examples_rclcpp_minimal_subscriber/share/examples_rclcpp_minimal_subscriber/package.dsv'
[11.164s] INFO:colcon.colcon_core.shell:Creating package script '/home/vboxuser/ros2_ws/install/examples_rclcpp_minimal_subscriber/share/examples_rclcpp_minimal_subscriber/package.sh'
[11.166s] INFO:colcon.colcon_core.shell:Creating package script '/home/vboxuser/ros2_ws/install/examples_rclcpp_minimal_subscriber/share/examples_rclcpp_minimal_subscriber/package.bash'
[11.167s] INFO:colcon.colcon_core.shell:Creating package script '/home/vboxuser/ros2_ws/install/examples_rclcpp_minimal_subscriber/share/examples_rclcpp_minimal_subscriber/package.zsh'
[11.169s] Level 1:colcon.colcon_core.environment:create_file_with_runtime_dependencies(/home/vboxuser/ros2_ws/install/examples_rclcpp_minimal_subscriber/share/colcon-core/packages/examples_rclcpp_minimal_subscriber)
[11.172s] INFO:colcon.colcon_ros.task.ament_python.build:Building ROS package in '/home/vboxuser/ros2_ws/src/examples/rclpy/actions/minimal_action_client' with build type 'ament_python'
[11.173s] Level 1:colcon.colcon_core.shell:create_environment_hook('examples_rclpy_minimal_action_client', 'ament_prefix_path')
[11.175s] INFO:colcon.colcon_core.shell:Creating environment hook '/home/vboxuser/ros2_ws/install/examples_rclpy_minimal_action_client/share/examples_rclpy_minimal_action_client/hook/ament_prefix_path.ps1'
[11.180s] INFO:colcon.colcon_core.shell:Creating environment descriptor '/home/vboxuser/ros2_ws/install/examples_rclpy_minimal_action_client/share/examples_rclpy_minimal_action_client/hook/ament_prefix_path.dsv'
[11.183s] INFO:colcon.colcon_core.shell:Creating environment hook '/home/vboxuser/ros2_ws/install/examples_rclpy_minimal_action_client/share/examples_rclpy_minimal_action_client/hook/ament_prefix_path.sh'
[11.186s] INFO:colcon.colcon_core.shell:Skip shell extension 'powershell' for command environment: Not usable outside of PowerShell
[11.186s] DEBUG:colcon.colcon_core.shell:Skip shell extension 'dsv' for command environment
[11.258s] DEBUG:colcon.colcon_core.event_handler.log_command:Invoked command in '/home/vboxuser/ros2_ws/build/examples_rclcpp_wait_set' returned '0': CMAKE_PREFIX_PATH=${CMAKE_PREFIX_PATH}:/home/vboxuser/ros2_ws/install/py_pubsub:/home/vboxuser/ros2_ws/install/launch_testing_examples:/home/vboxuser/ros2_ws/install/examples_rclpy_pointcloud_publisher:/home/vboxuser/ros2_ws/install/examples_rclpy_minimal_subscriber:/home/vboxuser/ros2_ws/install/examples_rclpy_minimal_service:/home/vboxuser/ros2_ws/install/examples_rclpy_minimal_publisher:/home/vboxuser/ros2_ws/install/examples_rclpy_minimal_client:/home/vboxuser/ros2_ws/install/examples_rclpy_minimal_action_server:/home/vboxuser/ros2_ws/install/examples_rclpy_minimal_action_client:/home/vboxuser/ros2_ws/install/examples_rclpy_guard_conditions:/home/vboxuser/ros2_ws/install/examples_rclpy_executors:/home/vboxuser/ros2_ws/install/bms_visualizer:/opt/ros/iron:/home/vboxuser/ros2_iron/install/rqt_bag_plugins:/home/vboxuser/ros2_iron/install/rqt_bag:/home/vboxuser/ros2_iron/install/rosbag2_examples_py:/home/vboxuser/ros2_iron/install/launch_testing_examples:/home/vboxuser/ros2_iron/install/ros2bag:/home/vboxuser/ros2_iron/install/tracetools_test:/home/vboxuser/ros2_iron/install/tracetools_launch:/home/vboxuser/ros2_iron/install/topic_monitor:/home/vboxuser/ros2_iron/install/tf2_tools:/home/vboxuser/ros2_iron/install/examples_tf2_py:/home/vboxuser/ros2_iron/install/tf2_ros_py:/home/vboxuser/ros2_iron/install/examples_rclpy_pointcloud_publisher:/home/vboxuser/ros2_iron/install/sensor_msgs_py:/home/vboxuser/ros2_iron/install/quality_of_service_demo_py:/home/vboxuser/ros2_iron/install/rqt_plot:/home/vboxuser/ros2_iron/install/ros2doctor:/home/vboxuser/ros2_iron/install/lifecycle_py:/home/vboxuser/ros2_iron/install/examples_rclpy_minimal_subscriber:/home/vboxuser/ros2_iron/install/examples_rclpy_minimal_service:/home/vboxuser/ros2_iron/install/examples_rclpy_minimal_publisher:/home/vboxuser/ros2_iron/install/examples_rclpy_minimal_client:/home/vboxuser/ros2_iron/install/examples_rclpy_executors:/home/vboxuser/ros2_iron/install/demo_nodes_py:/home/vboxuser/ros2_iron/install/rqt:/home/vboxuser/ros2_iron/install/ros2component:/home/vboxuser/ros2_iron/install/sros2:/home/vboxuser/ros2_iron/install/rqt_topic:/home/vboxuser/ros2_iron/install/rqt_srv:/home/vboxuser/ros2_iron/install/rqt_shell:/home/vboxuser/ros2_iron/install/rqt_service_caller:/home/vboxuser/ros2_iron/install/rqt_reconfigure:/home/vboxuser/ros2_iron/install/rqt_py_console:/home/vboxuser/ros2_iron/install/rqt_publisher:/home/vboxuser/ros2_iron/install/rqt_action:/home/vboxuser/ros2_iron/install/rqt_msg:/home/vboxuser/ros2_iron/install/rqt_console:/home/vboxuser/ros2_iron/install/rqt_graph:/home/vboxuser/ros2_iron/install/rqt_gui_py:/home/vboxuser/ros2_iron/install/rqt_gui:/home/vboxuser/ros2_iron/install/ros2trace:/home/vboxuser/ros2_iron/install/ros2topic:/home/vboxuser/ros2_iron/install/ros2test:/home/vboxuser/ros2_iron/install/ros2param:/home/vboxuser/ros2_iron/install/ros2lifecycle:/home/vboxuser/ros2_iron/install/ros2service:/home/vboxuser/ros2_iron/install/ros2run:/home/vboxuser/ros2_iron/install/ros2launch:/home/vboxuser/ros2_iron/install/ros2pkg:/home/vboxuser/ros2_iron/install/ros2node:/home/vboxuser/ros2_iron/install/ros2multicast:/home/vboxuser/ros2_iron/install/ros2interface:/home/vboxuser/ros2_iron/install/ros2action:/home/vboxuser/ros2_iron/install/ros2cli:/home/vboxuser/ros2_iron/install/launch_testing_ros:/home/vboxuser/ros2_iron/install/launch_ros:/home/vboxuser/ros2_iron/install/examples_rclpy_minimal_action_server:/home/vboxuser/ros2_iron/install/examples_rclpy_minimal_action_client:/home/vboxuser/ros2_iron/install/examples_rclpy_guard_conditions:/home/vboxuser/ros2_iron/install/action_tutorials_py:/home/vboxuser/ros2_iron/install/ament_uncrustify:/home/vboxuser/ros2_iron/install/tracetools_trace:/home/vboxuser/ros2_iron/install/tracetools_read:/home/vboxuser/ros2_iron/install/test_tracetools_launch:/home/vboxuser/ros2_iron/install/test_ros2trace:/home/vboxuser/ros2_iron/install/test_launch_ros:/home/vboxuser/ros2_iron/install/rpyutils:/home/vboxuser/ros2_iron/install/rosidl_runtime_py:/home/vboxuser/ros2_iron/install/rosidl_pycommon:/home/vboxuser/ros2_iron/install/rosidl_cli:/home/vboxuser/ros2_iron/install/launch_pytest:/home/vboxuser/ros2_iron/install/launch_testing:/home/vboxuser/ros2_iron/install/launch_yaml:/home/vboxuser/ros2_iron/install/launch_xml:/home/vboxuser/ros2_iron/install/launch:/home/vboxuser/ros2_iron/install/osrf_pycommon:/home/vboxuser/ros2_iron/install/domain_coordinator:/home/vboxuser/ros2_iron/install/ament_xmllint:/home/vboxuser/ros2_iron/install/ament_pyflakes:/home/vboxuser/ros2_iron/install/ament_pycodestyle:/home/vboxuser/ros2_iron/install/ament_pep257:/home/vboxuser/ros2_iron/install/ament_pclint:/home/vboxuser/ros2_iron/install/ament_package:/home/vboxuser/ros2_iron/install/ament_mypy:/home/vboxuser/ros2_iron/install/ament_lint_cmake:/home/vboxuser/ros2_iron/install/ament_flake8:/home/vboxuser/ros2_iron/install/ament_copyright:/home/vboxuser/ros2_iron/install/ament_lint:/home/vboxuser/ros2_iron/install/ament_index_python:/home/vboxuser/ros2_iron/install/ament_cpplint:/home/vboxuser/ros2_iron/install/ament_cppcheck:/home/vboxuser/ros2_iron/install/ament_clang_tidy:/home/vboxuser/ros2_iron/install/ament_clang_format /usr/bin/cmake --build /home/vboxuser/ros2_ws/build/examples_rclcpp_wait_set -- -j4 -l4
[11.269s] DEBUG:colcon.colcon_core.event_handler.log_command:Invoking command in '/home/vboxuser/ros2_ws/build/examples_rclcpp_wait_set': CMAKE_PREFIX_PATH=${CMAKE_PREFIX_PATH}:/home/vboxuser/ros2_ws/install/py_pubsub:/home/vboxuser/ros2_ws/install/launch_testing_examples:/home/vboxuser/ros2_ws/install/examples_rclpy_pointcloud_publisher:/home/vboxuser/ros2_ws/install/examples_rclpy_minimal_subscriber:/home/vboxuser/ros2_ws/install/examples_rclpy_minimal_service:/home/vboxuser/ros2_ws/install/examples_rclpy_minimal_publisher:/home/vboxuser/ros2_ws/install/examples_rclpy_minimal_client:/home/vboxuser/ros2_ws/install/examples_rclpy_minimal_action_server:/home/vboxuser/ros2_ws/install/examples_rclpy_minimal_action_client:/home/vboxuser/ros2_ws/install/examples_rclpy_guard_conditions:/home/vboxuser/ros2_ws/install/examples_rclpy_executors:/home/vboxuser/ros2_ws/install/bms_visualizer:/opt/ros/iron:/home/vboxuser/ros2_iron/install/rqt_bag_plugins:/home/vboxuser/ros2_iron/install/rqt_bag:/home/vboxuser/ros2_iron/install/rosbag2_examples_py:/home/vboxuser/ros2_iron/install/launch_testing_examples:/home/vboxuser/ros2_iron/install/ros2bag:/home/vboxuser/ros2_iron/install/tracetools_test:/home/vboxuser/ros2_iron/install/tracetools_launch:/home/vboxuser/ros2_iron/install/topic_monitor:/home/vboxuser/ros2_iron/install/tf2_tools:/home/vboxuser/ros2_iron/install/examples_tf2_py:/home/vboxuser/ros2_iron/install/tf2_ros_py:/home/vboxuser/ros2_iron/install/examples_rclpy_pointcloud_publisher:/home/vboxuser/ros2_iron/install/sensor_msgs_py:/home/vboxuser/ros2_iron/install/quality_of_service_demo_py:/home/vboxuser/ros2_iron/install/rqt_plot:/home/vboxuser/ros2_iron/install/ros2doctor:/home/vboxuser/ros2_iron/install/lifecycle_py:/home/vboxuser/ros2_iron/install/examples_rclpy_minimal_subscriber:/home/vboxuser/ros2_iron/install/examples_rclpy_minimal_service:/home/vboxuser/ros2_iron/install/examples_rclpy_minimal_publisher:/home/vboxuser/ros2_iron/install/examples_rclpy_minimal_client:/home/vboxuser/ros2_iron/install/examples_rclpy_executors:/home/vboxuser/ros2_iron/install/demo_nodes_py:/home/vboxuser/ros2_iron/install/rqt:/home/vboxuser/ros2_iron/install/ros2component:/home/vboxuser/ros2_iron/install/sros2:/home/vboxuser/ros2_iron/install/rqt_topic:/home/vboxuser/ros2_iron/install/rqt_srv:/home/vboxuser/ros2_iron/install/rqt_shell:/home/vboxuser/ros2_iron/install/rqt_service_caller:/home/vboxuser/ros2_iron/install/rqt_reconfigure:/home/vboxuser/ros2_iron/install/rqt_py_console:/home/vboxuser/ros2_iron/install/rqt_publisher:/home/vboxuser/ros2_iron/install/rqt_action:/home/vboxuser/ros2_iron/install/rqt_msg:/home/vboxuser/ros2_iron/install/rqt_console:/home/vboxuser/ros2_iron/install/rqt_graph:/home/vboxuser/ros2_iron/install/rqt_gui_py:/home/vboxuser/ros2_iron/install/rqt_gui:/home/vboxuser/ros2_iron/install/ros2trace:/home/vboxuser/ros2_iron/install/ros2topic:/home/vboxuser/ros2_iron/install/ros2test:/home/vboxuser/ros2_iron/install/ros2param:/home/vboxuser/ros2_iron/install/ros2lifecycle:/home/vboxuser/ros2_iron/install/ros2service:/home/vboxuser/ros2_iron/install/ros2run:/home/vboxuser/ros2_iron/install/ros2launch:/home/vboxuser/ros2_iron/install/ros2pkg:/home/vboxuser/ros2_iron/install/ros2node:/home/vboxuser/ros2_iron/install/ros2multicast:/home/vboxuser/ros2_iron/install/ros2interface:/home/vboxuser/ros2_iron/install/ros2action:/home/vboxuser/ros2_iron/install/ros2cli:/home/vboxuser/ros2_iron/install/launch_testing_ros:/home/vboxuser/ros2_iron/install/launch_ros:/home/vboxuser/ros2_iron/install/examples_rclpy_minimal_action_server:/home/vboxuser/ros2_iron/install/examples_rclpy_minimal_action_client:/home/vboxuser/ros2_iron/install/examples_rclpy_guard_conditions:/home/vboxuser/ros2_iron/install/action_tutorials_py:/home/vboxuser/ros2_iron/install/ament_uncrustify:/home/vboxuser/ros2_iron/install/tracetools_trace:/home/vboxuser/ros2_iron/install/tracetools_read:/home/vboxuser/ros2_iron/install/test_tracetools_launch:/home/vboxuser/ros2_iron/install/test_ros2trace:/home/vboxuser/ros2_iron/install/test_launch_ros:/home/vboxuser/ros2_iron/install/rpyutils:/home/vboxuser/ros2_iron/install/rosidl_runtime_py:/home/vboxuser/ros2_iron/install/rosidl_pycommon:/home/vboxuser/ros2_iron/install/rosidl_cli:/home/vboxuser/ros2_iron/install/launch_pytest:/home/vboxuser/ros2_iron/install/launch_testing:/home/vboxuser/ros2_iron/install/launch_yaml:/home/vboxuser/ros2_iron/install/launch_xml:/home/vboxuser/ros2_iron/install/launch:/home/vboxuser/ros2_iron/install/osrf_pycommon:/home/vboxuser/ros2_iron/install/domain_coordinator:/home/vboxuser/ros2_iron/install/ament_xmllint:/home/vboxuser/ros2_iron/install/ament_pyflakes:/home/vboxuser/ros2_iron/install/ament_pycodestyle:/home/vboxuser/ros2_iron/install/ament_pep257:/home/vboxuser/ros2_iron/install/ament_pclint:/home/vboxuser/ros2_iron/install/ament_package:/home/vboxuser/ros2_iron/install/ament_mypy:/home/vboxuser/ros2_iron/install/ament_lint_cmake:/home/vboxuser/ros2_iron/install/ament_flake8:/home/vboxuser/ros2_iron/install/ament_copyright:/home/vboxuser/ros2_iron/install/ament_lint:/home/vboxuser/ros2_iron/install/ament_index_python:/home/vboxuser/ros2_iron/install/ament_cpplint:/home/vboxuser/ros2_iron/install/ament_cppcheck:/home/vboxuser/ros2_iron/install/ament_clang_tidy:/home/vboxuser/ros2_iron/install/ament_clang_format /usr/bin/cmake --install /home/vboxuser/ros2_ws/build/examples_rclcpp_wait_set
[12.875s] INFO:colcon.colcon_core.task.python.build:Building Python package in '/home/vboxuser/ros2_ws/src/examples/rclpy/guard_conditions'
[12.879s] INFO:colcon.colcon_core.shell:Skip shell extension 'powershell' for command environment: Not usable outside of PowerShell
[12.879s] DEBUG:colcon.colcon_core.shell:Skip shell extension 'dsv' for command environment
[14.028s] INFO:colcon.colcon_core.task.python.build:Building Python package in '/home/vboxuser/ros2_ws/src/examples/rclpy/actions/minimal_action_client'
[14.031s] INFO:colcon.colcon_core.shell:Skip shell extension 'powershell' for command environment: Not usable outside of PowerShell
[14.032s] DEBUG:colcon.colcon_core.shell:Skip shell extension 'dsv' for command environment
[14.214s] Level 1:colcon.colcon_core.environment:create_environment_scripts_only(examples_rclcpp_wait_set)
[14.221s] Level 1:colcon.colcon_core.environment:checking '/home/vboxuser/ros2_ws/install/examples_rclcpp_wait_set' for CMake module files
[14.247s] Level 1:colcon.colcon_core.environment:checking '/home/vboxuser/ros2_ws/install/examples_rclcpp_wait_set' for CMake config files
[14.248s] Level 1:colcon.colcon_core.shell:create_environment_hook('examples_rclcpp_wait_set', 'cmake_prefix_path')
[14.248s] INFO:colcon.colcon_core.shell:Creating environment hook '/home/vboxuser/ros2_ws/install/examples_rclcpp_wait_set/share/examples_rclcpp_wait_set/hook/cmake_prefix_path.ps1'
[14.249s] INFO:colcon.colcon_core.shell:Creating environment descriptor '/home/vboxuser/ros2_ws/install/examples_rclcpp_wait_set/share/examples_rclcpp_wait_set/hook/cmake_prefix_path.dsv'
[14.251s] INFO:colcon.colcon_core.shell:Creating environment hook '/home/vboxuser/ros2_ws/install/examples_rclcpp_wait_set/share/examples_rclcpp_wait_set/hook/cmake_prefix_path.sh'
[14.253s] Level 1:colcon.colcon_core.environment:checking '/home/vboxuser/ros2_ws/install/examples_rclcpp_wait_set/lib'
[14.253s] Level 1:colcon.colcon_core.shell:create_environment_hook('examples_rclcpp_wait_set', 'ld_library_path_lib')
[14.254s] INFO:colcon.colcon_core.shell:Creating environment hook '/home/vboxuser/ros2_ws/install/examples_rclcpp_wait_set/share/examples_rclcpp_wait_set/hook/ld_library_path_lib.ps1'
[14.227s] DEBUG:colcon.colcon_core.event_handler.log_command:Invoked command in '/home/vboxuser/ros2_ws/build/examples_rclcpp_wait_set' returned '0': CMAKE_PREFIX_PATH=${CMAKE_PREFIX_PATH}:/home/vboxuser/ros2_ws/install/py_pubsub:/home/vboxuser/ros2_ws/install/launch_testing_examples:/home/vboxuser/ros2_ws/install/examples_rclpy_pointcloud_publisher:/home/vboxuser/ros2_ws/install/examples_rclpy_minimal_subscriber:/home/vboxuser/ros2_ws/install/examples_rclpy_minimal_service:/home/vboxuser/ros2_ws/install/examples_rclpy_minimal_publisher:/home/vboxuser/ros2_ws/install/examples_rclpy_minimal_client:/home/vboxuser/ros2_ws/install/examples_rclpy_minimal_action_server:/home/vboxuser/ros2_ws/install/examples_rclpy_minimal_action_client:/home/vboxuser/ros2_ws/install/examples_rclpy_guard_conditions:/home/vboxuser/ros2_ws/install/examples_rclpy_executors:/home/vboxuser/ros2_ws/install/bms_visualizer:/opt/ros/iron:/home/vboxuser/ros2_iron/install/rqt_bag_plugins:/home/vboxuser/ros2_iron/install/rqt_bag:/home/vboxuser/ros2_iron/install/rosbag2_examples_py:/home/vboxuser/ros2_iron/install/launch_testing_examples:/home/vboxuser/ros2_iron/install/ros2bag:/home/vboxuser/ros2_iron/install/tracetools_test:/home/vboxuser/ros2_iron/install/tracetools_launch:/home/vboxuser/ros2_iron/install/topic_monitor:/home/vboxuser/ros2_iron/install/tf2_tools:/home/vboxuser/ros2_iron/install/examples_tf2_py:/home/vboxuser/ros2_iron/install/tf2_ros_py:/home/vboxuser/ros2_iron/install/examples_rclpy_pointcloud_publisher:/home/vboxuser/ros2_iron/install/sensor_msgs_py:/home/vboxuser/ros2_iron/install/quality_of_service_demo_py:/home/vboxuser/ros2_iron/install/rqt_plot:/home/vboxuser/ros2_iron/install/ros2doctor:/home/vboxuser/ros2_iron/install/lifecycle_py:/home/vboxuser/ros2_iron/install/examples_rclpy_minimal_subscriber:/home/vboxuser/ros2_iron/install/examples_rclpy_minimal_service:/home/vboxuser/ros2_iron/install/examples_rclpy_minimal_publisher:/home/vboxuser/ros2_iron/install/examples_rclpy_minimal_client:/home/vboxuser/ros2_iron/install/examples_rclpy_executors:/home/vboxuser/ros2_iron/install/demo_nodes_py:/home/vboxuser/ros2_iron/install/rqt:/home/vboxuser/ros2_iron/install/ros2component:/home/vboxuser/ros2_iron/install/sros2:/home/vboxuser/ros2_iron/install/rqt_topic:/home/vboxuser/ros2_iron/install/rqt_srv:/home/vboxuser/ros2_iron/install/rqt_shell:/home/vboxuser/ros2_iron/install/rqt_service_caller:/home/vboxuser/ros2_iron/install/rqt_reconfigure:/home/vboxuser/ros2_iron/install/rqt_py_console:/home/vboxuser/ros2_iron/install/rqt_publisher:/home/vboxuser/ros2_iron/install/rqt_action:/home/vboxuser/ros2_iron/install/rqt_msg:/home/vboxuser/ros2_iron/install/rqt_console:/home/vboxuser/ros2_iron/install/rqt_graph:/home/vboxuser/ros2_iron/install/rqt_gui_py:/home/vboxuser/ros2_iron/install/rqt_gui:/home/vboxuser/ros2_iron/install/ros2trace:/home/vboxuser/ros2_iron/install/ros2topic:/home/vboxuser/ros2_iron/install/ros2test:/home/vboxuser/ros2_iron/install/ros2param:/home/vboxuser/ros2_iron/install/ros2lifecycle:/home/vboxuser/ros2_iron/install/ros2service:/home/vboxuser/ros2_iron/install/ros2run:/home/vboxuser/ros2_iron/install/ros2launch:/home/vboxuser/ros2_iron/install/ros2pkg:/home/vboxuser/ros2_iron/install/ros2node:/home/vboxuser/ros2_iron/install/ros2multicast:/home/vboxuser/ros2_iron/install/ros2interface:/home/vboxuser/ros2_iron/install/ros2action:/home/vboxuser/ros2_iron/install/ros2cli:/home/vboxuser/ros2_iron/install/launch_testing_ros:/home/vboxuser/ros2_iron/install/launch_ros:/home/vboxuser/ros2_iron/install/examples_rclpy_minimal_action_server:/home/vboxuser/ros2_iron/install/examples_rclpy_minimal_action_client:/home/vboxuser/ros2_iron/install/examples_rclpy_guard_conditions:/home/vboxuser/ros2_iron/install/action_tutorials_py:/home/vboxuser/ros2_iron/install/ament_uncrustify:/home/vboxuser/ros2_iron/install/tracetools_trace:/home/vboxuser/ros2_iron/install/tracetools_read:/home/vboxuser/ros2_iron/install/test_tracetools_launch:/home/vboxuser/ros2_iron/install/test_ros2trace:/home/vboxuser/ros2_iron/install/test_launch_ros:/home/vboxuser/ros2_iron/install/rpyutils:/home/vboxuser/ros2_iron/install/rosidl_runtime_py:/home/vboxuser/ros2_iron/install/rosidl_pycommon:/home/vboxuser/ros2_iron/install/rosidl_cli:/home/vboxuser/ros2_iron/install/launch_pytest:/home/vboxuser/ros2_iron/install/launch_testing:/home/vboxuser/ros2_iron/install/launch_yaml:/home/vboxuser/ros2_iron/install/launch_xml:/home/vboxuser/ros2_iron/install/launch:/home/vboxuser/ros2_iron/install/osrf_pycommon:/home/vboxuser/ros2_iron/install/domain_coordinator:/home/vboxuser/ros2_iron/install/ament_xmllint:/home/vboxuser/ros2_iron/install/ament_pyflakes:/home/vboxuser/ros2_iron/install/ament_pycodestyle:/home/vboxuser/ros2_iron/install/ament_pep257:/home/vboxuser/ros2_iron/install/ament_pclint:/home/vboxuser/ros2_iron/install/ament_package:/home/vboxuser/ros2_iron/install/ament_mypy:/home/vboxuser/ros2_iron/install/ament_lint_cmake:/home/vboxuser/ros2_iron/install/ament_flake8:/home/vboxuser/ros2_iron/install/ament_copyright:/home/vboxuser/ros2_iron/install/ament_lint:/home/vboxuser/ros2_iron/install/ament_index_python:/home/vboxuser/ros2_iron/install/ament_cpplint:/home/vboxuser/ros2_iron/install/ament_cppcheck:/home/vboxuser/ros2_iron/install/ament_clang_tidy:/home/vboxuser/ros2_iron/install/ament_clang_format /usr/bin/cmake --install /home/vboxuser/ros2_ws/build/examples_rclcpp_wait_set
[14.266s] INFO:colcon.colcon_core.shell:Creating environment descriptor '/home/vboxuser/ros2_ws/install/examples_rclcpp_wait_set/share/examples_rclcpp_wait_set/hook/ld_library_path_lib.dsv'
[14.296s] INFO:colcon.colcon_core.shell:Creating environment hook '/home/vboxuser/ros2_ws/install/examples_rclcpp_wait_set/share/examples_rclcpp_wait_set/hook/ld_library_path_lib.sh'
[14.308s] Level 1:colcon.colcon_core.environment:checking '/home/vboxuser/ros2_ws/install/examples_rclcpp_wait_set/bin'
[14.308s] Level 1:colcon.colcon_core.environment:checking '/home/vboxuser/ros2_ws/install/examples_rclcpp_wait_set/lib/pkgconfig/examples_rclcpp_wait_set.pc'
[14.308s] Level 1:colcon.colcon_core.environment:checking '/home/vboxuser/ros2_ws/install/examples_rclcpp_wait_set/lib/python3.10/site-packages'
[14.309s] Level 1:colcon.colcon_core.environment:checking '/home/vboxuser/ros2_ws/install/examples_rclcpp_wait_set/bin'
[14.309s] INFO:colcon.colcon_core.shell:Creating package script '/home/vboxuser/ros2_ws/install/examples_rclcpp_wait_set/share/examples_rclcpp_wait_set/package.ps1'
[14.311s] INFO:colcon.colcon_core.shell:Creating package descriptor '/home/vboxuser/ros2_ws/install/examples_rclcpp_wait_set/share/examples_rclcpp_wait_set/package.dsv'
[14.312s] INFO:colcon.colcon_core.shell:Creating package script '/home/vboxuser/ros2_ws/install/examples_rclcpp_wait_set/share/examples_rclcpp_wait_set/package.sh'
[14.314s] INFO:colcon.colcon_core.shell:Creating package script '/home/vboxuser/ros2_ws/install/examples_rclcpp_wait_set/share/examples_rclcpp_wait_set/package.bash'
[14.315s] INFO:colcon.colcon_core.shell:Creating package script '/home/vboxuser/ros2_ws/install/examples_rclcpp_wait_set/share/examples_rclcpp_wait_set/package.zsh'
[14.317s] Level 1:colcon.colcon_core.environment:create_file_with_runtime_dependencies(/home/vboxuser/ros2_ws/install/examples_rclcpp_wait_set/share/colcon-core/packages/examples_rclcpp_wait_set)
[14.318s] Level 1:colcon.colcon_core.environment:create_environment_scripts_only(examples_rclcpp_wait_set)
[14.319s] Level 1:colcon.colcon_core.environment:checking '/home/vboxuser/ros2_ws/install/examples_rclcpp_wait_set' for CMake module files
[14.320s] Level 1:colcon.colcon_core.environment:checking '/home/vboxuser/ros2_ws/install/examples_rclcpp_wait_set' for CMake config files
[14.320s] Level 1:colcon.colcon_core.shell:create_environment_hook('examples_rclcpp_wait_set', 'cmake_prefix_path')
[14.320s] INFO:colcon.colcon_core.shell:Creating environment hook '/home/vboxuser/ros2_ws/install/examples_rclcpp_wait_set/share/examples_rclcpp_wait_set/hook/cmake_prefix_path.ps1'
[14.322s] INFO:colcon.colcon_core.shell:Creating environment descriptor '/home/vboxuser/ros2_ws/install/examples_rclcpp_wait_set/share/examples_rclcpp_wait_set/hook/cmake_prefix_path.dsv'
[14.324s] INFO:colcon.colcon_core.shell:Creating environment hook '/home/vboxuser/ros2_ws/install/examples_rclcpp_wait_set/share/examples_rclcpp_wait_set/hook/cmake_prefix_path.sh'
[14.326s] Level 1:colcon.colcon_core.environment:checking '/home/vboxuser/ros2_ws/install/examples_rclcpp_wait_set/lib'
[14.326s] Level 1:colcon.colcon_core.shell:create_environment_hook('examples_rclcpp_wait_set', 'ld_library_path_lib')
[14.326s] INFO:colcon.colcon_core.shell:Creating environment hook '/home/vboxuser/ros2_ws/install/examples_rclcpp_wait_set/share/examples_rclcpp_wait_set/hook/ld_library_path_lib.ps1'
[14.328s] INFO:colcon.colcon_core.shell:Creating environment descriptor '/home/vboxuser/ros2_ws/install/examples_rclcpp_wait_set/share/examples_rclcpp_wait_set/hook/ld_library_path_lib.dsv'
[14.329s] INFO:colcon.colcon_core.shell:Creating environment hook '/home/vboxuser/ros2_ws/install/examples_rclcpp_wait_set/share/examples_rclcpp_wait_set/hook/ld_library_path_lib.sh'
[14.331s] Level 1:colcon.colcon_core.environment:checking '/home/vboxuser/ros2_ws/install/examples_rclcpp_wait_set/bin'
[14.331s] Level 1:colcon.colcon_core.environment:checking '/home/vboxuser/ros2_ws/install/examples_rclcpp_wait_set/lib/pkgconfig/examples_rclcpp_wait_set.pc'
[14.331s] Level 1:colcon.colcon_core.environment:checking '/home/vboxuser/ros2_ws/install/examples_rclcpp_wait_set/lib/python3.10/site-packages'
[14.332s] Level 1:colcon.colcon_core.environment:checking '/home/vboxuser/ros2_ws/install/examples_rclcpp_wait_set/bin'
[14.355s] INFO:colcon.colcon_core.shell:Creating package script '/home/vboxuser/ros2_ws/install/examples_rclcpp_wait_set/share/examples_rclcpp_wait_set/package.ps1'
[14.365s] INFO:colcon.colcon_core.shell:Creating package descriptor '/home/vboxuser/ros2_ws/install/examples_rclcpp_wait_set/share/examples_rclcpp_wait_set/package.dsv'
[14.375s] INFO:colcon.colcon_core.shell:Creating package script '/home/vboxuser/ros2_ws/install/examples_rclcpp_wait_set/share/examples_rclcpp_wait_set/package.sh'
[14.377s] INFO:colcon.colcon_core.shell:Creating package script '/home/vboxuser/ros2_ws/install/examples_rclcpp_wait_set/share/examples_rclcpp_wait_set/package.bash'
[14.384s] INFO:colcon.colcon_core.shell:Creating package script '/home/vboxuser/ros2_ws/install/examples_rclcpp_wait_set/share/examples_rclcpp_wait_set/package.zsh'
[14.392s] Level 1:colcon.colcon_core.environment:create_file_with_runtime_dependencies(/home/vboxuser/ros2_ws/install/examples_rclcpp_wait_set/share/colcon-core/packages/examples_rclcpp_wait_set)
[14.398s] INFO:colcon.colcon_ros.task.ament_python.build:Building ROS package in '/home/vboxuser/ros2_ws/src/examples/rclpy/actions/minimal_action_server' with build type 'ament_python'
[14.399s] Level 1:colcon.colcon_core.shell:create_environment_hook('examples_rclpy_minimal_action_server', 'ament_prefix_path')
[14.399s] INFO:colcon.colcon_core.shell:Creating environment hook '/home/vboxuser/ros2_ws/install/examples_rclpy_minimal_action_server/share/examples_rclpy_minimal_action_server/hook/ament_prefix_path.ps1'
[14.406s] INFO:colcon.colcon_core.shell:Creating environment descriptor '/home/vboxuser/ros2_ws/install/examples_rclpy_minimal_action_server/share/examples_rclpy_minimal_action_server/hook/ament_prefix_path.dsv'
[14.432s] INFO:colcon.colcon_core.shell:Creating environment hook '/home/vboxuser/ros2_ws/install/examples_rclpy_minimal_action_server/share/examples_rclpy_minimal_action_server/hook/ament_prefix_path.sh'
[14.445s] INFO:colcon.colcon_core.shell:Skip shell extension 'powershell' for command environment: Not usable outside of PowerShell
[14.447s] DEBUG:colcon.colcon_core.shell:Skip shell extension 'dsv' for command environment
[14.542s] DEBUG:colcon.colcon_core.event_handler.log_command:Invoking command in '/home/vboxuser/ros2_ws/src/examples/rclpy/executors': PYTHONPATH=/home/vboxuser/ros2_ws/build/examples_rclpy_executors/prefix_override:/usr/lib/python3/dist-packages/colcon_core/task/python/colcon_distutils_commands:/home/vboxuser/ros2_ws/install/examples_rclpy_executors/lib/python3.10/site-packages:${PYTHONPATH} /usr/bin/python3 -W ignore:setup.py install is deprecated -W ignore:easy_install command is deprecated setup.py egg_info --egg-base ../../../../build/examples_rclpy_executors build --build-base /home/vboxuser/ros2_ws/build/examples_rclpy_executors/build install --record /home/vboxuser/ros2_ws/build/examples_rclpy_executors/install.log --single-version-externally-managed install_data
[17.336s] INFO:colcon.colcon_core.task.python.build:Building Python package in '/home/vboxuser/ros2_ws/src/examples/rclpy/actions/minimal_action_server'
[17.337s] INFO:colcon.colcon_core.shell:Skip shell extension 'powershell' for command environment: Not usable outside of PowerShell
[17.338s] DEBUG:colcon.colcon_core.shell:Skip shell extension 'dsv' for command environment
[17.463s] Level 1:colcon.colcon_core.environment:checking '/home/vboxuser/ros2_ws/install/examples_rclpy_executors' for CMake module files
[17.471s] DEBUG:colcon.colcon_core.event_handler.log_command:Invoking command in '/home/vboxuser/ros2_ws/src/examples/rclpy/guard_conditions': PYTHONPATH=/home/vboxuser/ros2_ws/build/examples_rclpy_guard_conditions/prefix_override:/usr/lib/python3/dist-packages/colcon_core/task/python/colcon_distutils_commands:/home/vboxuser/ros2_ws/install/examples_rclpy_guard_conditions/lib/python3.10/site-packages:${PYTHONPATH} /usr/bin/python3 -W ignore:setup.py install is deprecated -W ignore:easy_install command is deprecated setup.py egg_info --egg-base ../../../../build/examples_rclpy_guard_conditions build --build-base /home/vboxuser/ros2_ws/build/examples_rclpy_guard_conditions/build install --record /home/vboxuser/ros2_ws/build/examples_rclpy_guard_conditions/install.log --single-version-externally-managed install_data
[17.487s] Level 1:colcon.colcon_core.environment:checking '/home/vboxuser/ros2_ws/install/examples_rclpy_executors' for CMake config files
[17.498s] DEBUG:colcon.colcon_core.event_handler.log_command:Invoking command in '/home/vboxuser/ros2_ws/src/examples/rclpy/actions/minimal_action_client': PYTHONPATH=/home/vboxuser/ros2_ws/build/examples_rclpy_minimal_action_client/prefix_override:/usr/lib/python3/dist-packages/colcon_core/task/python/colcon_distutils_commands:/home/vboxuser/ros2_ws/install/examples_rclpy_minimal_action_client/lib/python3.10/site-packages:${PYTHONPATH} /usr/bin/python3 -W ignore:setup.py install is deprecated -W ignore:easy_install command is deprecated setup.py egg_info --egg-base ../../../../../build/examples_rclpy_minimal_action_client build --build-base /home/vboxuser/ros2_ws/build/examples_rclpy_minimal_action_client/build install --record /home/vboxuser/ros2_ws/build/examples_rclpy_minimal_action_client/install.log --single-version-externally-managed install_data
[17.523s] Level 1:colcon.colcon_core.environment:checking '/home/vboxuser/ros2_ws/install/examples_rclpy_executors/lib'
[17.529s] Level 1:colcon.colcon_core.environment:checking '/home/vboxuser/ros2_ws/install/examples_rclpy_executors/bin'
[17.529s] Level 1:colcon.colcon_core.environment:checking '/home/vboxuser/ros2_ws/install/examples_rclpy_executors/lib/pkgconfig/examples_rclpy_executors.pc'
[17.530s] Level 1:colcon.colcon_core.environment:checking '/home/vboxuser/ros2_ws/install/examples_rclpy_executors/lib/python3.10/site-packages'
[17.531s] Level 1:colcon.colcon_core.shell:create_environment_hook('examples_rclpy_executors', 'pythonpath')
[17.532s] INFO:colcon.colcon_core.shell:Creating environment hook '/home/vboxuser/ros2_ws/install/examples_rclpy_executors/share/examples_rclpy_executors/hook/pythonpath.ps1'
[17.528s] DEBUG:colcon.colcon_core.event_handler.log_command:Invoked command in '/home/vboxuser/ros2_ws/src/examples/rclpy/executors' returned '0': PYTHONPATH=/home/vboxuser/ros2_ws/build/examples_rclpy_executors/prefix_override:/usr/lib/python3/dist-packages/colcon_core/task/python/colcon_distutils_commands:/home/vboxuser/ros2_ws/install/examples_rclpy_executors/lib/python3.10/site-packages:${PYTHONPATH} /usr/bin/python3 -W ignore:setup.py install is deprecated -W ignore:easy_install command is deprecated setup.py egg_info --egg-base ../../../../build/examples_rclpy_executors build --build-base /home/vboxuser/ros2_ws/build/examples_rclpy_executors/build install --record /home/vboxuser/ros2_ws/build/examples_rclpy_executors/install.log --single-version-externally-managed install_data
[17.535s] INFO:colcon.colcon_core.shell:Creating environment descriptor '/home/vboxuser/ros2_ws/install/examples_rclpy_executors/share/examples_rclpy_executors/hook/pythonpath.dsv'
[17.540s] INFO:colcon.colcon_core.shell:Creating environment hook '/home/vboxuser/ros2_ws/install/examples_rclpy_executors/share/examples_rclpy_executors/hook/pythonpath.sh'
[17.543s] Level 1:colcon.colcon_core.environment:checking '/home/vboxuser/ros2_ws/install/examples_rclpy_executors/bin'
[17.544s] Level 1:colcon.colcon_core.environment:create_environment_scripts_only(examples_rclpy_executors)
[17.544s] INFO:colcon.colcon_core.shell:Creating package script '/home/vboxuser/ros2_ws/install/examples_rclpy_executors/share/examples_rclpy_executors/package.ps1'
[17.548s] INFO:colcon.colcon_core.shell:Creating package descriptor '/home/vboxuser/ros2_ws/install/examples_rclpy_executors/share/examples_rclpy_executors/package.dsv'
[17.550s] INFO:colcon.colcon_core.shell:Creating package script '/home/vboxuser/ros2_ws/install/examples_rclpy_executors/share/examples_rclpy_executors/package.sh'
[17.553s] INFO:colcon.colcon_core.shell:Creating package script '/home/vboxuser/ros2_ws/install/examples_rclpy_executors/share/examples_rclpy_executors/package.bash'
[17.554s] INFO:colcon.colcon_core.shell:Creating package script '/home/vboxuser/ros2_ws/install/examples_rclpy_executors/share/examples_rclpy_executors/package.zsh'
[17.556s] Level 1:colcon.colcon_core.environment:create_file_with_runtime_dependencies(/home/vboxuser/ros2_ws/install/examples_rclpy_executors/share/colcon-core/packages/examples_rclpy_executors)
[17.558s] INFO:colcon.colcon_ros.task.ament_python.build:Building ROS package in '/home/vboxuser/ros2_ws/src/examples/rclpy/services/minimal_client' with build type 'ament_python'
[17.559s] Level 1:colcon.colcon_core.shell:create_environment_hook('examples_rclpy_minimal_client', 'ament_prefix_path')
[17.561s] INFO:colcon.colcon_core.shell:Creating environment hook '/home/vboxuser/ros2_ws/install/examples_rclpy_minimal_client/share/examples_rclpy_minimal_client/hook/ament_prefix_path.ps1'
[17.564s] INFO:colcon.colcon_core.shell:Creating environment descriptor '/home/vboxuser/ros2_ws/install/examples_rclpy_minimal_client/share/examples_rclpy_minimal_client/hook/ament_prefix_path.dsv'
[17.565s] INFO:colcon.colcon_core.shell:Creating environment hook '/home/vboxuser/ros2_ws/install/examples_rclpy_minimal_client/share/examples_rclpy_minimal_client/hook/ament_prefix_path.sh'
[17.568s] INFO:colcon.colcon_core.shell:Skip shell extension 'powershell' for command environment: Not usable outside of PowerShell
[17.569s] DEBUG:colcon.colcon_core.shell:Skip shell extension 'dsv' for command environment
[18.867s] INFO:colcon.colcon_core.task.python.build:Building Python package in '/home/vboxuser/ros2_ws/src/examples/rclpy/services/minimal_client'
[18.867s] INFO:colcon.colcon_core.shell:Skip shell extension 'powershell' for command environment: Not usable outside of PowerShell
[18.867s] DEBUG:colcon.colcon_core.shell:Skip shell extension 'dsv' for command environment
[19.119s] Level 1:colcon.colcon_core.environment:checking '/home/vboxuser/ros2_ws/install/examples_rclpy_guard_conditions' for CMake module files
[19.122s] DEBUG:colcon.colcon_core.event_handler.log_command:Invoked command in '/home/vboxuser/ros2_ws/src/examples/rclpy/guard_conditions' returned '0': PYTHONPATH=/home/vboxuser/ros2_ws/build/examples_rclpy_guard_conditions/prefix_override:/usr/lib/python3/dist-packages/colcon_core/task/python/colcon_distutils_commands:/home/vboxuser/ros2_ws/install/examples_rclpy_guard_conditions/lib/python3.10/site-packages:${PYTHONPATH} /usr/bin/python3 -W ignore:setup.py install is deprecated -W ignore:easy_install command is deprecated setup.py egg_info --egg-base ../../../../build/examples_rclpy_guard_conditions build --build-base /home/vboxuser/ros2_ws/build/examples_rclpy_guard_conditions/build install --record /home/vboxuser/ros2_ws/build/examples_rclpy_guard_conditions/install.log --single-version-externally-managed install_data
[19.124s] Level 1:colcon.colcon_core.environment:checking '/home/vboxuser/ros2_ws/install/examples_rclpy_guard_conditions' for CMake config files
[19.125s] Level 1:colcon.colcon_core.environment:checking '/home/vboxuser/ros2_ws/install/examples_rclpy_guard_conditions/lib'
[19.125s] Level 1:colcon.colcon_core.environment:checking '/home/vboxuser/ros2_ws/install/examples_rclpy_guard_conditions/bin'
[19.125s] Level 1:colcon.colcon_core.environment:checking '/home/vboxuser/ros2_ws/install/examples_rclpy_guard_conditions/lib/pkgconfig/examples_rclpy_guard_conditions.pc'
[19.137s] Level 1:colcon.colcon_core.environment:checking '/home/vboxuser/ros2_ws/install/examples_rclpy_guard_conditions/lib/python3.10/site-packages'
[19.138s] Level 1:colcon.colcon_core.shell:create_environment_hook('examples_rclpy_guard_conditions', 'pythonpath')
[19.141s] INFO:colcon.colcon_core.shell:Creating environment hook '/home/vboxuser/ros2_ws/install/examples_rclpy_guard_conditions/share/examples_rclpy_guard_conditions/hook/pythonpath.ps1'
[19.147s] INFO:colcon.colcon_core.shell:Creating environment descriptor '/home/vboxuser/ros2_ws/install/examples_rclpy_guard_conditions/share/examples_rclpy_guard_conditions/hook/pythonpath.dsv'
[19.151s] INFO:colcon.colcon_core.shell:Creating environment hook '/home/vboxuser/ros2_ws/install/examples_rclpy_guard_conditions/share/examples_rclpy_guard_conditions/hook/pythonpath.sh'
[19.156s] Level 1:colcon.colcon_core.environment:checking '/home/vboxuser/ros2_ws/install/examples_rclpy_guard_conditions/bin'
[19.157s] Level 1:colcon.colcon_core.environment:create_environment_scripts_only(examples_rclpy_guard_conditions)
[19.158s] INFO:colcon.colcon_core.shell:Creating package script '/home/vboxuser/ros2_ws/install/examples_rclpy_guard_conditions/share/examples_rclpy_guard_conditions/package.ps1'
[19.160s] INFO:colcon.colcon_core.shell:Creating package descriptor '/home/vboxuser/ros2_ws/install/examples_rclpy_guard_conditions/share/examples_rclpy_guard_conditions/package.dsv'
[19.161s] INFO:colcon.colcon_core.shell:Creating package script '/home/vboxuser/ros2_ws/install/examples_rclpy_guard_conditions/share/examples_rclpy_guard_conditions/package.sh'
[19.163s] INFO:colcon.colcon_core.shell:Creating package script '/home/vboxuser/ros2_ws/install/examples_rclpy_guard_conditions/share/examples_rclpy_guard_conditions/package.bash'
[19.167s] INFO:colcon.colcon_core.shell:Creating package script '/home/vboxuser/ros2_ws/install/examples_rclpy_guard_conditions/share/examples_rclpy_guard_conditions/package.zsh'
[19.173s] Level 1:colcon.colcon_core.environment:create_file_with_runtime_dependencies(/home/vboxuser/ros2_ws/install/examples_rclpy_guard_conditions/share/colcon-core/packages/examples_rclpy_guard_conditions)
[19.181s] INFO:colcon.colcon_ros.task.ament_python.build:Building ROS package in '/home/vboxuser/ros2_ws/src/examples/rclpy/topics/minimal_publisher' with build type 'ament_python'
[19.182s] Level 1:colcon.colcon_core.shell:create_environment_hook('examples_rclpy_minimal_publisher', 'ament_prefix_path')
[19.182s] INFO:colcon.colcon_core.shell:Creating environment hook '/home/vboxuser/ros2_ws/install/examples_rclpy_minimal_publisher/share/examples_rclpy_minimal_publisher/hook/ament_prefix_path.ps1'
[19.186s] INFO:colcon.colcon_core.shell:Creating environment descriptor '/home/vboxuser/ros2_ws/install/examples_rclpy_minimal_publisher/share/examples_rclpy_minimal_publisher/hook/ament_prefix_path.dsv'
[19.192s] INFO:colcon.colcon_core.shell:Creating environment hook '/home/vboxuser/ros2_ws/install/examples_rclpy_minimal_publisher/share/examples_rclpy_minimal_publisher/hook/ament_prefix_path.sh'
[19.197s] INFO:colcon.colcon_core.shell:Skip shell extension 'powershell' for command environment: Not usable outside of PowerShell
[19.198s] DEBUG:colcon.colcon_core.shell:Skip shell extension 'dsv' for command environment
[19.322s] Level 1:colcon.colcon_core.environment:checking '/home/vboxuser/ros2_ws/install/examples_rclpy_minimal_action_client' for CMake module files
[19.325s] Level 1:colcon.colcon_core.environment:checking '/home/vboxuser/ros2_ws/install/examples_rclpy_minimal_action_client' for CMake config files
[19.330s] Level 1:colcon.colcon_core.environment:checking '/home/vboxuser/ros2_ws/install/examples_rclpy_minimal_action_client/lib'
[19.330s] Level 1:colcon.colcon_core.environment:checking '/home/vboxuser/ros2_ws/install/examples_rclpy_minimal_action_client/bin'
[19.330s] Level 1:colcon.colcon_core.environment:checking '/home/vboxuser/ros2_ws/install/examples_rclpy_minimal_action_client/lib/pkgconfig/examples_rclpy_minimal_action_client.pc'
[19.331s] Level 1:colcon.colcon_core.environment:checking '/home/vboxuser/ros2_ws/install/examples_rclpy_minimal_action_client/lib/python3.10/site-packages'
[19.331s] Level 1:colcon.colcon_core.shell:create_environment_hook('examples_rclpy_minimal_action_client', 'pythonpath')
[19.331s] INFO:colcon.colcon_core.shell:Creating environment hook '/home/vboxuser/ros2_ws/install/examples_rclpy_minimal_action_client/share/examples_rclpy_minimal_action_client/hook/pythonpath.ps1'
[19.332s] INFO:colcon.colcon_core.shell:Creating environment descriptor '/home/vboxuser/ros2_ws/install/examples_rclpy_minimal_action_client/share/examples_rclpy_minimal_action_client/hook/pythonpath.dsv'
[19.333s] INFO:colcon.colcon_core.shell:Creating environment hook '/home/vboxuser/ros2_ws/install/examples_rclpy_minimal_action_client/share/examples_rclpy_minimal_action_client/hook/pythonpath.sh'
[19.335s] Level 1:colcon.colcon_core.environment:checking '/home/vboxuser/ros2_ws/install/examples_rclpy_minimal_action_client/bin'
[19.335s] Level 1:colcon.colcon_core.environment:create_environment_scripts_only(examples_rclpy_minimal_action_client)
[19.336s] INFO:colcon.colcon_core.shell:Creating package script '/home/vboxuser/ros2_ws/install/examples_rclpy_minimal_action_client/share/examples_rclpy_minimal_action_client/package.ps1'
[19.337s] INFO:colcon.colcon_core.shell:Creating package descriptor '/home/vboxuser/ros2_ws/install/examples_rclpy_minimal_action_client/share/examples_rclpy_minimal_action_client/package.dsv'
[19.338s] INFO:colcon.colcon_core.shell:Creating package script '/home/vboxuser/ros2_ws/install/examples_rclpy_minimal_action_client/share/examples_rclpy_minimal_action_client/package.sh'
[19.339s] INFO:colcon.colcon_core.shell:Creating package script '/home/vboxuser/ros2_ws/install/examples_rclpy_minimal_action_client/share/examples_rclpy_minimal_action_client/package.bash'
[19.340s] INFO:colcon.colcon_core.shell:Creating package script '/home/vboxuser/ros2_ws/install/examples_rclpy_minimal_action_client/share/examples_rclpy_minimal_action_client/package.zsh'
[19.341s] Level 1:colcon.colcon_core.environment:create_file_with_runtime_dependencies(/home/vboxuser/ros2_ws/install/examples_rclpy_minimal_action_client/share/colcon-core/packages/examples_rclpy_minimal_action_client)
[19.343s] INFO:colcon.colcon_ros.task.ament_python.build:Building ROS package in '/home/vboxuser/ros2_ws/src/examples/rclpy/services/minimal_service' with build type 'ament_python'
[19.343s] Level 1:colcon.colcon_core.shell:create_environment_hook('examples_rclpy_minimal_service', 'ament_prefix_path')
[19.343s] INFO:colcon.colcon_core.shell:Creating environment hook '/home/vboxuser/ros2_ws/install/examples_rclpy_minimal_service/share/examples_rclpy_minimal_service/hook/ament_prefix_path.ps1'
[19.344s] INFO:colcon.colcon_core.shell:Creating environment descriptor '/home/vboxuser/ros2_ws/install/examples_rclpy_minimal_service/share/examples_rclpy_minimal_service/hook/ament_prefix_path.dsv'
[19.345s] INFO:colcon.colcon_core.shell:Creating environment hook '/home/vboxuser/ros2_ws/install/examples_rclpy_minimal_service/share/examples_rclpy_minimal_service/hook/ament_prefix_path.sh'
[19.347s] INFO:colcon.colcon_core.shell:Skip shell extension 'powershell' for command environment: Not usable outside of PowerShell
[19.347s] DEBUG:colcon.colcon_core.shell:Skip shell extension 'dsv' for command environment
[19.327s] DEBUG:colcon.colcon_core.event_handler.log_command:Invoked command in '/home/vboxuser/ros2_ws/src/examples/rclpy/actions/minimal_action_client' returned '0': PYTHONPATH=/home/vboxuser/ros2_ws/build/examples_rclpy_minimal_action_client/prefix_override:/usr/lib/python3/dist-packages/colcon_core/task/python/colcon_distutils_commands:/home/vboxuser/ros2_ws/install/examples_rclpy_minimal_action_client/lib/python3.10/site-packages:${PYTHONPATH} /usr/bin/python3 -W ignore:setup.py install is deprecated -W ignore:easy_install command is deprecated setup.py egg_info --egg-base ../../../../../build/examples_rclpy_minimal_action_client build --build-base /home/vboxuser/ros2_ws/build/examples_rclpy_minimal_action_client/build install --record /home/vboxuser/ros2_ws/build/examples_rclpy_minimal_action_client/install.log --single-version-externally-managed install_data
[21.289s] INFO:colcon.colcon_core.task.python.build:Building Python package in '/home/vboxuser/ros2_ws/src/examples/rclpy/topics/minimal_publisher'
[21.292s] INFO:colcon.colcon_core.shell:Skip shell extension 'powershell' for command environment: Not usable outside of PowerShell
[21.293s] DEBUG:colcon.colcon_core.shell:Skip shell extension 'dsv' for command environment
[21.460s] DEBUG:colcon.colcon_core.event_handler.log_command:Invoking command in '/home/vboxuser/ros2_ws/src/examples/rclpy/actions/minimal_action_server': PYTHONPATH=/home/vboxuser/ros2_ws/build/examples_rclpy_minimal_action_server/prefix_override:/usr/lib/python3/dist-packages/colcon_core/task/python/colcon_distutils_commands:/home/vboxuser/ros2_ws/install/examples_rclpy_minimal_action_server/lib/python3.10/site-packages:${PYTHONPATH} /usr/bin/python3 -W ignore:setup.py install is deprecated -W ignore:easy_install command is deprecated setup.py egg_info --egg-base ../../../../../build/examples_rclpy_minimal_action_server build --build-base /home/vboxuser/ros2_ws/build/examples_rclpy_minimal_action_server/build install --record /home/vboxuser/ros2_ws/build/examples_rclpy_minimal_action_server/install.log --single-version-externally-managed install_data
[23.350s] INFO:colcon.colcon_core.task.python.build:Building Python package in '/home/vboxuser/ros2_ws/src/examples/rclpy/services/minimal_service'
[23.351s] INFO:colcon.colcon_core.shell:Skip shell extension 'powershell' for command environment: Not usable outside of PowerShell
[23.351s] DEBUG:colcon.colcon_core.shell:Skip shell extension 'dsv' for command environment
[23.454s] DEBUG:colcon.colcon_core.event_handler.log_command:Invoking command in '/home/vboxuser/ros2_ws/src/examples/rclpy/services/minimal_client': PYTHONPATH=/home/vboxuser/ros2_ws/build/examples_rclpy_minimal_client/prefix_override:/usr/lib/python3/dist-packages/colcon_core/task/python/colcon_distutils_commands:/home/vboxuser/ros2_ws/install/examples_rclpy_minimal_client/lib/python3.10/site-packages:${PYTHONPATH} /usr/bin/python3 -W ignore:setup.py install is deprecated -W ignore:easy_install command is deprecated setup.py egg_info --egg-base ../../../../../build/examples_rclpy_minimal_client build --build-base /home/vboxuser/ros2_ws/build/examples_rclpy_minimal_client/build install --record /home/vboxuser/ros2_ws/build/examples_rclpy_minimal_client/install.log --single-version-externally-managed install_data
[23.457s] Level 1:colcon.colcon_core.environment:checking '/home/vboxuser/ros2_ws/install/examples_rclpy_minimal_action_server' for CMake module files
[23.458s] Level 1:colcon.colcon_core.environment:checking '/home/vboxuser/ros2_ws/install/examples_rclpy_minimal_action_server' for CMake config files
[23.459s] Level 1:colcon.colcon_core.environment:checking '/home/vboxuser/ros2_ws/install/examples_rclpy_minimal_action_server/lib'
[23.460s] Level 1:colcon.colcon_core.environment:checking '/home/vboxuser/ros2_ws/install/examples_rclpy_minimal_action_server/bin'
[23.460s] Level 1:colcon.colcon_core.environment:checking '/home/vboxuser/ros2_ws/install/examples_rclpy_minimal_action_server/lib/pkgconfig/examples_rclpy_minimal_action_server.pc'
[23.465s] Level 1:colcon.colcon_core.environment:checking '/home/vboxuser/ros2_ws/install/examples_rclpy_minimal_action_server/lib/python3.10/site-packages'
[23.467s] DEBUG:colcon.colcon_core.event_handler.log_command:Invoked command in '/home/vboxuser/ros2_ws/src/examples/rclpy/actions/minimal_action_server' returned '0': PYTHONPATH=/home/vboxuser/ros2_ws/build/examples_rclpy_minimal_action_server/prefix_override:/usr/lib/python3/dist-packages/colcon_core/task/python/colcon_distutils_commands:/home/vboxuser/ros2_ws/install/examples_rclpy_minimal_action_server/lib/python3.10/site-packages:${PYTHONPATH} /usr/bin/python3 -W ignore:setup.py install is deprecated -W ignore:easy_install command is deprecated setup.py egg_info --egg-base ../../../../../build/examples_rclpy_minimal_action_server build --build-base /home/vboxuser/ros2_ws/build/examples_rclpy_minimal_action_server/build install --record /home/vboxuser/ros2_ws/build/examples_rclpy_minimal_action_server/install.log --single-version-externally-managed install_data
[23.468s] Level 1:colcon.colcon_core.shell:create_environment_hook('examples_rclpy_minimal_action_server', 'pythonpath')
[23.474s] INFO:colcon.colcon_core.shell:Creating environment hook '/home/vboxuser/ros2_ws/install/examples_rclpy_minimal_action_server/share/examples_rclpy_minimal_action_server/hook/pythonpath.ps1'
[23.480s] INFO:colcon.colcon_core.shell:Creating environment descriptor '/home/vboxuser/ros2_ws/install/examples_rclpy_minimal_action_server/share/examples_rclpy_minimal_action_server/hook/pythonpath.dsv'
[23.481s] INFO:colcon.colcon_core.shell:Creating environment hook '/home/vboxuser/ros2_ws/install/examples_rclpy_minimal_action_server/share/examples_rclpy_minimal_action_server/hook/pythonpath.sh'
[23.485s] Level 1:colcon.colcon_core.environment:checking '/home/vboxuser/ros2_ws/install/examples_rclpy_minimal_action_server/bin'
[23.486s] Level 1:colcon.colcon_core.environment:create_environment_scripts_only(examples_rclpy_minimal_action_server)
[23.487s] INFO:colcon.colcon_core.shell:Creating package script '/home/vboxuser/ros2_ws/install/examples_rclpy_minimal_action_server/share/examples_rclpy_minimal_action_server/package.ps1'
[23.488s] INFO:colcon.colcon_core.shell:Creating package descriptor '/home/vboxuser/ros2_ws/install/examples_rclpy_minimal_action_server/share/examples_rclpy_minimal_action_server/package.dsv'
[23.502s] INFO:colcon.colcon_core.shell:Creating package script '/home/vboxuser/ros2_ws/install/examples_rclpy_minimal_action_server/share/examples_rclpy_minimal_action_server/package.sh'
[23.505s] INFO:colcon.colcon_core.shell:Creating package script '/home/vboxuser/ros2_ws/install/examples_rclpy_minimal_action_server/share/examples_rclpy_minimal_action_server/package.bash'
[23.510s] INFO:colcon.colcon_core.shell:Creating package script '/home/vboxuser/ros2_ws/install/examples_rclpy_minimal_action_server/share/examples_rclpy_minimal_action_server/package.zsh'
[23.512s] Level 1:colcon.colcon_core.environment:create_file_with_runtime_dependencies(/home/vboxuser/ros2_ws/install/examples_rclpy_minimal_action_server/share/colcon-core/packages/examples_rclpy_minimal_action_server)
[23.519s] INFO:colcon.colcon_ros.task.ament_python.build:Building ROS package in '/home/vboxuser/ros2_ws/src/examples/rclpy/topics/minimal_subscriber' with build type 'ament_python'
[23.522s] Level 1:colcon.colcon_core.shell:create_environment_hook('examples_rclpy_minimal_subscriber', 'ament_prefix_path')
[23.523s] INFO:colcon.colcon_core.shell:Creating environment hook '/home/vboxuser/ros2_ws/install/examples_rclpy_minimal_subscriber/share/examples_rclpy_minimal_subscriber/hook/ament_prefix_path.ps1'
[23.525s] INFO:colcon.colcon_core.shell:Creating environment descriptor '/home/vboxuser/ros2_ws/install/examples_rclpy_minimal_subscriber/share/examples_rclpy_minimal_subscriber/hook/ament_prefix_path.dsv'
[23.536s] INFO:colcon.colcon_core.shell:Creating environment hook '/home/vboxuser/ros2_ws/install/examples_rclpy_minimal_subscriber/share/examples_rclpy_minimal_subscriber/hook/ament_prefix_path.sh'
[23.539s] INFO:colcon.colcon_core.shell:Skip shell extension 'powershell' for command environment: Not usable outside of PowerShell
[23.540s] DEBUG:colcon.colcon_core.shell:Skip shell extension 'dsv' for command environment
[25.579s] INFO:colcon.colcon_core.task.python.build:Building Python package in '/home/vboxuser/ros2_ws/src/examples/rclpy/topics/minimal_subscriber'
[25.580s] INFO:colcon.colcon_core.shell:Skip shell extension 'powershell' for command environment: Not usable outside of PowerShell
[25.580s] DEBUG:colcon.colcon_core.shell:Skip shell extension 'dsv' for command environment
[25.700s] Level 1:colcon.colcon_core.environment:checking '/home/vboxuser/ros2_ws/install/examples_rclpy_minimal_client' for CMake module files
[25.704s] Level 1:colcon.colcon_core.environment:checking '/home/vboxuser/ros2_ws/install/examples_rclpy_minimal_client' for CMake config files
[25.705s] Level 1:colcon.colcon_core.environment:checking '/home/vboxuser/ros2_ws/install/examples_rclpy_minimal_client/lib'
[25.706s] Level 1:colcon.colcon_core.environment:checking '/home/vboxuser/ros2_ws/install/examples_rclpy_minimal_client/bin'
[25.706s] Level 1:colcon.colcon_core.environment:checking '/home/vboxuser/ros2_ws/install/examples_rclpy_minimal_client/lib/pkgconfig/examples_rclpy_minimal_client.pc'
[25.707s] Level 1:colcon.colcon_core.environment:checking '/home/vboxuser/ros2_ws/install/examples_rclpy_minimal_client/lib/python3.10/site-packages'
[25.707s] Level 1:colcon.colcon_core.shell:create_environment_hook('examples_rclpy_minimal_client', 'pythonpath')
[25.716s] INFO:colcon.colcon_core.shell:Creating environment hook '/home/vboxuser/ros2_ws/install/examples_rclpy_minimal_client/share/examples_rclpy_minimal_client/hook/pythonpath.ps1'
[25.729s] DEBUG:colcon.colcon_core.event_handler.log_command:Invoking command in '/home/vboxuser/ros2_ws/src/examples/rclpy/topics/minimal_publisher': PYTHONPATH=/home/vboxuser/ros2_ws/build/examples_rclpy_minimal_publisher/prefix_override:/usr/lib/python3/dist-packages/colcon_core/task/python/colcon_distutils_commands:/home/vboxuser/ros2_ws/install/examples_rclpy_minimal_publisher/lib/python3.10/site-packages:${PYTHONPATH} /usr/bin/python3 -W ignore:setup.py install is deprecated -W ignore:easy_install command is deprecated setup.py egg_info --egg-base ../../../../../build/examples_rclpy_minimal_publisher build --build-base /home/vboxuser/ros2_ws/build/examples_rclpy_minimal_publisher/build install --record /home/vboxuser/ros2_ws/build/examples_rclpy_minimal_publisher/install.log --single-version-externally-managed install_data
[25.733s] DEBUG:colcon.colcon_core.event_handler.log_command:Invoked command in '/home/vboxuser/ros2_ws/src/examples/rclpy/services/minimal_client' returned '0': PYTHONPATH=/home/vboxuser/ros2_ws/build/examples_rclpy_minimal_client/prefix_override:/usr/lib/python3/dist-packages/colcon_core/task/python/colcon_distutils_commands:/home/vboxuser/ros2_ws/install/examples_rclpy_minimal_client/lib/python3.10/site-packages:${PYTHONPATH} /usr/bin/python3 -W ignore:setup.py install is deprecated -W ignore:easy_install command is deprecated setup.py egg_info --egg-base ../../../../../build/examples_rclpy_minimal_client build --build-base /home/vboxuser/ros2_ws/build/examples_rclpy_minimal_client/build install --record /home/vboxuser/ros2_ws/build/examples_rclpy_minimal_client/install.log --single-version-externally-managed install_data
[25.740s] INFO:colcon.colcon_core.shell:Creating environment descriptor '/home/vboxuser/ros2_ws/install/examples_rclpy_minimal_client/share/examples_rclpy_minimal_client/hook/pythonpath.dsv'
[25.745s] INFO:colcon.colcon_core.shell:Creating environment hook '/home/vboxuser/ros2_ws/install/examples_rclpy_minimal_client/share/examples_rclpy_minimal_client/hook/pythonpath.sh'
[25.754s] Level 1:colcon.colcon_core.environment:checking '/home/vboxuser/ros2_ws/install/examples_rclpy_minimal_client/bin'
[25.755s] Level 1:colcon.colcon_core.environment:create_environment_scripts_only(examples_rclpy_minimal_client)
[25.755s] INFO:colcon.colcon_core.shell:Creating package script '/home/vboxuser/ros2_ws/install/examples_rclpy_minimal_client/share/examples_rclpy_minimal_client/package.ps1'
[25.760s] INFO:colcon.colcon_core.shell:Creating package descriptor '/home/vboxuser/ros2_ws/install/examples_rclpy_minimal_client/share/examples_rclpy_minimal_client/package.dsv'
[25.768s] INFO:colcon.colcon_core.shell:Creating package script '/home/vboxuser/ros2_ws/install/examples_rclpy_minimal_client/share/examples_rclpy_minimal_client/package.sh'
[25.774s] INFO:colcon.colcon_core.shell:Creating package script '/home/vboxuser/ros2_ws/install/examples_rclpy_minimal_client/share/examples_rclpy_minimal_client/package.bash'
[25.777s] INFO:colcon.colcon_core.shell:Creating package script '/home/vboxuser/ros2_ws/install/examples_rclpy_minimal_client/share/examples_rclpy_minimal_client/package.zsh'
[25.780s] Level 1:colcon.colcon_core.environment:create_file_with_runtime_dependencies(/home/vboxuser/ros2_ws/install/examples_rclpy_minimal_client/share/colcon-core/packages/examples_rclpy_minimal_client)
[25.788s] INFO:colcon.colcon_ros.task.ament_python.build:Building ROS package in '/home/vboxuser/ros2_ws/src/examples/rclpy/topics/pointcloud_publisher' with build type 'ament_python'
[25.791s] Level 1:colcon.colcon_core.shell:create_environment_hook('examples_rclpy_pointcloud_publisher', 'ament_prefix_path')
[25.795s] INFO:colcon.colcon_core.shell:Creating environment hook '/home/vboxuser/ros2_ws/install/examples_rclpy_pointcloud_publisher/share/examples_rclpy_pointcloud_publisher/hook/ament_prefix_path.ps1'
[25.805s] INFO:colcon.colcon_core.shell:Creating environment descriptor '/home/vboxuser/ros2_ws/install/examples_rclpy_pointcloud_publisher/share/examples_rclpy_pointcloud_publisher/hook/ament_prefix_path.dsv'
[25.809s] INFO:colcon.colcon_core.shell:Creating environment hook '/home/vboxuser/ros2_ws/install/examples_rclpy_pointcloud_publisher/share/examples_rclpy_pointcloud_publisher/hook/ament_prefix_path.sh'
[25.814s] INFO:colcon.colcon_core.shell:Skip shell extension 'powershell' for command environment: Not usable outside of PowerShell
[25.814s] DEBUG:colcon.colcon_core.shell:Skip shell extension 'dsv' for command environment
[27.595s] INFO:colcon.colcon_core.task.python.build:Building Python package in '/home/vboxuser/ros2_ws/src/examples/rclpy/topics/pointcloud_publisher'
[27.595s] INFO:colcon.colcon_core.shell:Skip shell extension 'powershell' for command environment: Not usable outside of PowerShell
[27.596s] DEBUG:colcon.colcon_core.shell:Skip shell extension 'dsv' for command environment
[27.703s] Level 1:colcon.colcon_core.environment:checking '/home/vboxuser/ros2_ws/install/examples_rclpy_minimal_publisher' for CMake module files
[27.706s] DEBUG:colcon.colcon_core.event_handler.log_command:Invoking command in '/home/vboxuser/ros2_ws/src/examples/rclpy/services/minimal_service': PYTHONPATH=/home/vboxuser/ros2_ws/build/examples_rclpy_minimal_service/prefix_override:/usr/lib/python3/dist-packages/colcon_core/task/python/colcon_distutils_commands:/home/vboxuser/ros2_ws/install/examples_rclpy_minimal_service/lib/python3.10/site-packages:${PYTHONPATH} /usr/bin/python3 -W ignore:setup.py install is deprecated -W ignore:easy_install command is deprecated setup.py egg_info --egg-base ../../../../../build/examples_rclpy_minimal_service build --build-base /home/vboxuser/ros2_ws/build/examples_rclpy_minimal_service/build install --record /home/vboxuser/ros2_ws/build/examples_rclpy_minimal_service/install.log --single-version-externally-managed install_data
[27.718s] Level 1:colcon.colcon_core.environment:checking '/home/vboxuser/ros2_ws/install/examples_rclpy_minimal_publisher' for CMake config files
[27.719s] Level 1:colcon.colcon_core.environment:checking '/home/vboxuser/ros2_ws/install/examples_rclpy_minimal_publisher/lib'
[27.719s] Level 1:colcon.colcon_core.environment:checking '/home/vboxuser/ros2_ws/install/examples_rclpy_minimal_publisher/bin'
[27.719s] Level 1:colcon.colcon_core.environment:checking '/home/vboxuser/ros2_ws/install/examples_rclpy_minimal_publisher/lib/pkgconfig/examples_rclpy_minimal_publisher.pc'
[27.720s] Level 1:colcon.colcon_core.environment:checking '/home/vboxuser/ros2_ws/install/examples_rclpy_minimal_publisher/lib/python3.10/site-packages'
[27.720s] Level 1:colcon.colcon_core.shell:create_environment_hook('examples_rclpy_minimal_publisher', 'pythonpath')
[27.720s] INFO:colcon.colcon_core.shell:Creating environment hook '/home/vboxuser/ros2_ws/install/examples_rclpy_minimal_publisher/share/examples_rclpy_minimal_publisher/hook/pythonpath.ps1'
[27.731s] INFO:colcon.colcon_core.shell:Creating environment descriptor '/home/vboxuser/ros2_ws/install/examples_rclpy_minimal_publisher/share/examples_rclpy_minimal_publisher/hook/pythonpath.dsv'
[27.742s] DEBUG:colcon.colcon_core.event_handler.log_command:Invoked command in '/home/vboxuser/ros2_ws/src/examples/rclpy/topics/minimal_publisher' returned '0': PYTHONPATH=/home/vboxuser/ros2_ws/build/examples_rclpy_minimal_publisher/prefix_override:/usr/lib/python3/dist-packages/colcon_core/task/python/colcon_distutils_commands:/home/vboxuser/ros2_ws/install/examples_rclpy_minimal_publisher/lib/python3.10/site-packages:${PYTHONPATH} /usr/bin/python3 -W ignore:setup.py install is deprecated -W ignore:easy_install command is deprecated setup.py egg_info --egg-base ../../../../../build/examples_rclpy_minimal_publisher build --build-base /home/vboxuser/ros2_ws/build/examples_rclpy_minimal_publisher/build install --record /home/vboxuser/ros2_ws/build/examples_rclpy_minimal_publisher/install.log --single-version-externally-managed install_data
[27.743s] INFO:colcon.colcon_core.shell:Creating environment hook '/home/vboxuser/ros2_ws/install/examples_rclpy_minimal_publisher/share/examples_rclpy_minimal_publisher/hook/pythonpath.sh'
[27.745s] Level 1:colcon.colcon_core.environment:checking '/home/vboxuser/ros2_ws/install/examples_rclpy_minimal_publisher/bin'
[27.745s] Level 1:colcon.colcon_core.environment:create_environment_scripts_only(examples_rclpy_minimal_publisher)
[27.745s] INFO:colcon.colcon_core.shell:Creating package script '/home/vboxuser/ros2_ws/install/examples_rclpy_minimal_publisher/share/examples_rclpy_minimal_publisher/package.ps1'
[27.747s] INFO:colcon.colcon_core.shell:Creating package descriptor '/home/vboxuser/ros2_ws/install/examples_rclpy_minimal_publisher/share/examples_rclpy_minimal_publisher/package.dsv'
[27.748s] INFO:colcon.colcon_core.shell:Creating package script '/home/vboxuser/ros2_ws/install/examples_rclpy_minimal_publisher/share/examples_rclpy_minimal_publisher/package.sh'
[27.749s] INFO:colcon.colcon_core.shell:Creating package script '/home/vboxuser/ros2_ws/install/examples_rclpy_minimal_publisher/share/examples_rclpy_minimal_publisher/package.bash'
[27.751s] INFO:colcon.colcon_core.shell:Creating package script '/home/vboxuser/ros2_ws/install/examples_rclpy_minimal_publisher/share/examples_rclpy_minimal_publisher/package.zsh'
[27.752s] Level 1:colcon.colcon_core.environment:create_file_with_runtime_dependencies(/home/vboxuser/ros2_ws/install/examples_rclpy_minimal_publisher/share/colcon-core/packages/examples_rclpy_minimal_publisher)
[27.754s] INFO:colcon.colcon_ros.task.ament_python.build:Building ROS package in '/home/vboxuser/ros2_ws/src/examples/launch_testing/launch_testing_examples' with build type 'ament_python'
[27.757s] Level 1:colcon.colcon_core.shell:create_environment_hook('launch_testing_examples', 'ament_prefix_path')
[27.759s] INFO:colcon.colcon_core.shell:Creating environment hook '/home/vboxuser/ros2_ws/install/launch_testing_examples/share/launch_testing_examples/hook/ament_prefix_path.ps1'
[27.761s] INFO:colcon.colcon_core.shell:Creating environment descriptor '/home/vboxuser/ros2_ws/install/launch_testing_examples/share/launch_testing_examples/hook/ament_prefix_path.dsv'
[27.763s] INFO:colcon.colcon_core.shell:Creating environment hook '/home/vboxuser/ros2_ws/install/launch_testing_examples/share/launch_testing_examples/hook/ament_prefix_path.sh'
[27.779s] INFO:colcon.colcon_core.shell:Skip shell extension 'powershell' for command environment: Not usable outside of PowerShell
[27.780s] DEBUG:colcon.colcon_core.shell:Skip shell extension 'dsv' for command environment
[27.883s] DEBUG:colcon.colcon_core.event_handler.log_command:Invoking command in '/home/vboxuser/ros2_ws/src/examples/rclpy/topics/minimal_subscriber': PYTHONPATH=/home/vboxuser/ros2_ws/build/examples_rclpy_minimal_subscriber/prefix_override:/usr/lib/python3/dist-packages/colcon_core/task/python/colcon_distutils_commands:/home/vboxuser/ros2_ws/install/examples_rclpy_minimal_subscriber/lib/python3.10/site-packages:${PYTHONPATH} /usr/bin/python3 -W ignore:setup.py install is deprecated -W ignore:easy_install command is deprecated setup.py egg_info --egg-base ../../../../../build/examples_rclpy_minimal_subscriber build --build-base /home/vboxuser/ros2_ws/build/examples_rclpy_minimal_subscriber/build install --record /home/vboxuser/ros2_ws/build/examples_rclpy_minimal_subscriber/install.log --single-version-externally-managed install_data
[29.535s] INFO:colcon.colcon_core.task.python.build:Building Python package in '/home/vboxuser/ros2_ws/src/examples/launch_testing/launch_testing_examples'
[29.535s] INFO:colcon.colcon_core.shell:Skip shell extension 'powershell' for command environment: Not usable outside of PowerShell
[29.536s] DEBUG:colcon.colcon_core.shell:Skip shell extension 'dsv' for command environment
[29.626s] Level 1:colcon.colcon_core.environment:checking '/home/vboxuser/ros2_ws/install/examples_rclpy_minimal_service' for CMake module files
[29.631s] DEBUG:colcon.colcon_core.event_handler.log_command:Invoked command in '/home/vboxuser/ros2_ws/src/examples/rclpy/services/minimal_service' returned '0': PYTHONPATH=/home/vboxuser/ros2_ws/build/examples_rclpy_minimal_service/prefix_override:/usr/lib/python3/dist-packages/colcon_core/task/python/colcon_distutils_commands:/home/vboxuser/ros2_ws/install/examples_rclpy_minimal_service/lib/python3.10/site-packages:${PYTHONPATH} /usr/bin/python3 -W ignore:setup.py install is deprecated -W ignore:easy_install command is deprecated setup.py egg_info --egg-base ../../../../../build/examples_rclpy_minimal_service build --build-base /home/vboxuser/ros2_ws/build/examples_rclpy_minimal_service/build install --record /home/vboxuser/ros2_ws/build/examples_rclpy_minimal_service/install.log --single-version-externally-managed install_data
[29.632s] Level 1:colcon.colcon_core.environment:checking '/home/vboxuser/ros2_ws/install/examples_rclpy_minimal_service' for CMake config files
[29.633s] Level 1:colcon.colcon_core.environment:checking '/home/vboxuser/ros2_ws/install/examples_rclpy_minimal_service/lib'
[29.633s] Level 1:colcon.colcon_core.environment:checking '/home/vboxuser/ros2_ws/install/examples_rclpy_minimal_service/bin'
[29.633s] Level 1:colcon.colcon_core.environment:checking '/home/vboxuser/ros2_ws/install/examples_rclpy_minimal_service/lib/pkgconfig/examples_rclpy_minimal_service.pc'
[29.633s] Level 1:colcon.colcon_core.environment:checking '/home/vboxuser/ros2_ws/install/examples_rclpy_minimal_service/lib/python3.10/site-packages'
[29.634s] Level 1:colcon.colcon_core.shell:create_environment_hook('examples_rclpy_minimal_service', 'pythonpath')
[29.634s] INFO:colcon.colcon_core.shell:Creating environment hook '/home/vboxuser/ros2_ws/install/examples_rclpy_minimal_service/share/examples_rclpy_minimal_service/hook/pythonpath.ps1'
[29.639s] INFO:colcon.colcon_core.shell:Creating environment descriptor '/home/vboxuser/ros2_ws/install/examples_rclpy_minimal_service/share/examples_rclpy_minimal_service/hook/pythonpath.dsv'
[29.641s] INFO:colcon.colcon_core.shell:Creating environment hook '/home/vboxuser/ros2_ws/install/examples_rclpy_minimal_service/share/examples_rclpy_minimal_service/hook/pythonpath.sh'
[29.674s] Level 1:colcon.colcon_core.environment:checking '/home/vboxuser/ros2_ws/install/examples_rclpy_minimal_service/bin'
[29.674s] Level 1:colcon.colcon_core.environment:create_environment_scripts_only(examples_rclpy_minimal_service)
[29.675s] INFO:colcon.colcon_core.shell:Creating package script '/home/vboxuser/ros2_ws/install/examples_rclpy_minimal_service/share/examples_rclpy_minimal_service/package.ps1'
[29.677s] INFO:colcon.colcon_core.shell:Creating package descriptor '/home/vboxuser/ros2_ws/install/examples_rclpy_minimal_service/share/examples_rclpy_minimal_service/package.dsv'
[29.679s] INFO:colcon.colcon_core.shell:Creating package script '/home/vboxuser/ros2_ws/install/examples_rclpy_minimal_service/share/examples_rclpy_minimal_service/package.sh'
[29.685s] INFO:colcon.colcon_core.shell:Creating package script '/home/vboxuser/ros2_ws/install/examples_rclpy_minimal_service/share/examples_rclpy_minimal_service/package.bash'
[29.689s] INFO:colcon.colcon_core.shell:Creating package script '/home/vboxuser/ros2_ws/install/examples_rclpy_minimal_service/share/examples_rclpy_minimal_service/package.zsh'
[29.692s] Level 1:colcon.colcon_core.environment:create_file_with_runtime_dependencies(/home/vboxuser/ros2_ws/install/examples_rclpy_minimal_service/share/colcon-core/packages/examples_rclpy_minimal_service)
[29.696s] INFO:colcon.colcon_ros.task.ament_cmake.build:Building ROS package in '/home/vboxuser/ros2_ws/src/my_package' with build type 'ament_cmake'
[29.697s] INFO:colcon.colcon_cmake.task.cmake.build:Building CMake package in '/home/vboxuser/ros2_ws/src/my_package'
[29.697s] INFO:colcon.colcon_core.shell:Skip shell extension 'powershell' for command environment: Not usable outside of PowerShell
[29.697s] DEBUG:colcon.colcon_core.shell:Skip shell extension 'dsv' for command environment
[29.846s] Level 1:colcon.colcon_core.environment:checking '/home/vboxuser/ros2_ws/install/examples_rclpy_minimal_subscriber' for CMake module files
[29.847s] DEBUG:colcon.colcon_core.event_handler.log_command:Invoked command in '/home/vboxuser/ros2_ws/src/examples/rclpy/topics/minimal_subscriber' returned '0': PYTHONPATH=/home/vboxuser/ros2_ws/build/examples_rclpy_minimal_subscriber/prefix_override:/usr/lib/python3/dist-packages/colcon_core/task/python/colcon_distutils_commands:/home/vboxuser/ros2_ws/install/examples_rclpy_minimal_subscriber/lib/python3.10/site-packages:${PYTHONPATH} /usr/bin/python3 -W ignore:setup.py install is deprecated -W ignore:easy_install command is deprecated setup.py egg_info --egg-base ../../../../../build/examples_rclpy_minimal_subscriber build --build-base /home/vboxuser/ros2_ws/build/examples_rclpy_minimal_subscriber/build install --record /home/vboxuser/ros2_ws/build/examples_rclpy_minimal_subscriber/install.log --single-version-externally-managed install_data
[29.856s] Level 1:colcon.colcon_core.environment:checking '/home/vboxuser/ros2_ws/install/examples_rclpy_minimal_subscriber' for CMake config files
[29.857s] Level 1:colcon.colcon_core.environment:checking '/home/vboxuser/ros2_ws/install/examples_rclpy_minimal_subscriber/lib'
[29.858s] Level 1:colcon.colcon_core.environment:checking '/home/vboxuser/ros2_ws/install/examples_rclpy_minimal_subscriber/bin'
[29.858s] Level 1:colcon.colcon_core.environment:checking '/home/vboxuser/ros2_ws/install/examples_rclpy_minimal_subscriber/lib/pkgconfig/examples_rclpy_minimal_subscriber.pc'
[29.858s] Level 1:colcon.colcon_core.environment:checking '/home/vboxuser/ros2_ws/install/examples_rclpy_minimal_subscriber/lib/python3.10/site-packages'
[29.858s] Level 1:colcon.colcon_core.shell:create_environment_hook('examples_rclpy_minimal_subscriber', 'pythonpath')
[29.859s] INFO:colcon.colcon_core.shell:Creating environment hook '/home/vboxuser/ros2_ws/install/examples_rclpy_minimal_subscriber/share/examples_rclpy_minimal_subscriber/hook/pythonpath.ps1'
[29.861s] INFO:colcon.colcon_core.shell:Creating environment descriptor '/home/vboxuser/ros2_ws/install/examples_rclpy_minimal_subscriber/share/examples_rclpy_minimal_subscriber/hook/pythonpath.dsv'
[29.862s] INFO:colcon.colcon_core.shell:Creating environment hook '/home/vboxuser/ros2_ws/install/examples_rclpy_minimal_subscriber/share/examples_rclpy_minimal_subscriber/hook/pythonpath.sh'
[29.867s] Level 1:colcon.colcon_core.environment:checking '/home/vboxuser/ros2_ws/install/examples_rclpy_minimal_subscriber/bin'
[29.869s] Level 1:colcon.colcon_core.environment:create_environment_scripts_only(examples_rclpy_minimal_subscriber)
[29.872s] INFO:colcon.colcon_core.shell:Creating package script '/home/vboxuser/ros2_ws/install/examples_rclpy_minimal_subscriber/share/examples_rclpy_minimal_subscriber/package.ps1'
[29.880s] INFO:colcon.colcon_core.shell:Creating package descriptor '/home/vboxuser/ros2_ws/install/examples_rclpy_minimal_subscriber/share/examples_rclpy_minimal_subscriber/package.dsv'
[29.884s] INFO:colcon.colcon_core.shell:Creating package script '/home/vboxuser/ros2_ws/install/examples_rclpy_minimal_subscriber/share/examples_rclpy_minimal_subscriber/package.sh'
[29.893s] INFO:colcon.colcon_core.shell:Creating package script '/home/vboxuser/ros2_ws/install/examples_rclpy_minimal_subscriber/share/examples_rclpy_minimal_subscriber/package.bash'
[29.897s] INFO:colcon.colcon_core.shell:Creating package script '/home/vboxuser/ros2_ws/install/examples_rclpy_minimal_subscriber/share/examples_rclpy_minimal_subscriber/package.zsh'
[29.900s] Level 1:colcon.colcon_core.environment:create_file_with_runtime_dependencies(/home/vboxuser/ros2_ws/install/examples_rclpy_minimal_subscriber/share/colcon-core/packages/examples_rclpy_minimal_subscriber)
[29.903s] INFO:colcon.colcon_ros.task.ament_python.build:Building ROS package in '/home/vboxuser/ros2_ws/src/py_pubsub' with build type 'ament_python'
[29.904s] Level 1:colcon.colcon_core.shell:create_environment_hook('py_pubsub', 'ament_prefix_path')
[29.907s] INFO:colcon.colcon_core.shell:Creating environment hook '/home/vboxuser/ros2_ws/install/py_pubsub/share/py_pubsub/hook/ament_prefix_path.ps1'
[29.915s] INFO:colcon.colcon_core.shell:Creating environment descriptor '/home/vboxuser/ros2_ws/install/py_pubsub/share/py_pubsub/hook/ament_prefix_path.dsv'
[29.920s] INFO:colcon.colcon_core.shell:Creating environment hook '/home/vboxuser/ros2_ws/install/py_pubsub/share/py_pubsub/hook/ament_prefix_path.sh'
[29.925s] INFO:colcon.colcon_core.shell:Skip shell extension 'powershell' for command environment: Not usable outside of PowerShell
[29.926s] DEBUG:colcon.colcon_core.shell:Skip shell extension 'dsv' for command environment
[30.041s] DEBUG:colcon.colcon_core.event_handler.log_command:Invoking command in '/home/vboxuser/ros2_ws/src/examples/rclpy/topics/pointcloud_publisher': PYTHONPATH=/home/vboxuser/ros2_ws/build/examples_rclpy_pointcloud_publisher/prefix_override:/usr/lib/python3/dist-packages/colcon_core/task/python/colcon_distutils_commands:/home/vboxuser/ros2_ws/install/examples_rclpy_pointcloud_publisher/lib/python3.10/site-packages:${PYTHONPATH} /usr/bin/python3 -W ignore:setup.py install is deprecated -W ignore:easy_install command is deprecated setup.py egg_info --egg-base ../../../../../build/examples_rclpy_pointcloud_publisher build --build-base /home/vboxuser/ros2_ws/build/examples_rclpy_pointcloud_publisher/build install --record /home/vboxuser/ros2_ws/build/examples_rclpy_pointcloud_publisher/install.log --single-version-externally-managed install_data
[30.083s] DEBUG:colcon.colcon_core.event_handler.log_command:Invoking command in '/home/vboxuser/ros2_ws/build/my_package': CMAKE_PREFIX_PATH=${CMAKE_PREFIX_PATH}:/home/vboxuser/ros2_ws/install/py_pubsub:/home/vboxuser/ros2_ws/install/launch_testing_examples:/home/vboxuser/ros2_ws/install/examples_rclpy_pointcloud_publisher:/home/vboxuser/ros2_ws/install/examples_rclpy_minimal_subscriber:/home/vboxuser/ros2_ws/install/examples_rclpy_minimal_service:/home/vboxuser/ros2_ws/install/examples_rclpy_minimal_publisher:/home/vboxuser/ros2_ws/install/examples_rclpy_minimal_client:/home/vboxuser/ros2_ws/install/examples_rclpy_minimal_action_server:/home/vboxuser/ros2_ws/install/examples_rclpy_minimal_action_client:/home/vboxuser/ros2_ws/install/examples_rclpy_guard_conditions:/home/vboxuser/ros2_ws/install/examples_rclpy_executors:/home/vboxuser/ros2_ws/install/bms_visualizer:/opt/ros/iron:/home/vboxuser/ros2_iron/install/rqt_bag_plugins:/home/vboxuser/ros2_iron/install/rqt_bag:/home/vboxuser/ros2_iron/install/rosbag2_examples_py:/home/vboxuser/ros2_iron/install/launch_testing_examples:/home/vboxuser/ros2_iron/install/ros2bag:/home/vboxuser/ros2_iron/install/tracetools_test:/home/vboxuser/ros2_iron/install/tracetools_launch:/home/vboxuser/ros2_iron/install/topic_monitor:/home/vboxuser/ros2_iron/install/tf2_tools:/home/vboxuser/ros2_iron/install/examples_tf2_py:/home/vboxuser/ros2_iron/install/tf2_ros_py:/home/vboxuser/ros2_iron/install/examples_rclpy_pointcloud_publisher:/home/vboxuser/ros2_iron/install/sensor_msgs_py:/home/vboxuser/ros2_iron/install/quality_of_service_demo_py:/home/vboxuser/ros2_iron/install/rqt_plot:/home/vboxuser/ros2_iron/install/ros2doctor:/home/vboxuser/ros2_iron/install/lifecycle_py:/home/vboxuser/ros2_iron/install/examples_rclpy_minimal_subscriber:/home/vboxuser/ros2_iron/install/examples_rclpy_minimal_service:/home/vboxuser/ros2_iron/install/examples_rclpy_minimal_publisher:/home/vboxuser/ros2_iron/install/examples_rclpy_minimal_client:/home/vboxuser/ros2_iron/install/examples_rclpy_executors:/home/vboxuser/ros2_iron/install/demo_nodes_py:/home/vboxuser/ros2_iron/install/rqt:/home/vboxuser/ros2_iron/install/ros2component:/home/vboxuser/ros2_iron/install/sros2:/home/vboxuser/ros2_iron/install/rqt_topic:/home/vboxuser/ros2_iron/install/rqt_srv:/home/vboxuser/ros2_iron/install/rqt_shell:/home/vboxuser/ros2_iron/install/rqt_service_caller:/home/vboxuser/ros2_iron/install/rqt_reconfigure:/home/vboxuser/ros2_iron/install/rqt_py_console:/home/vboxuser/ros2_iron/install/rqt_publisher:/home/vboxuser/ros2_iron/install/rqt_action:/home/vboxuser/ros2_iron/install/rqt_msg:/home/vboxuser/ros2_iron/install/rqt_console:/home/vboxuser/ros2_iron/install/rqt_graph:/home/vboxuser/ros2_iron/install/rqt_gui_py:/home/vboxuser/ros2_iron/install/rqt_gui:/home/vboxuser/ros2_iron/install/ros2trace:/home/vboxuser/ros2_iron/install/ros2topic:/home/vboxuser/ros2_iron/install/ros2test:/home/vboxuser/ros2_iron/install/ros2param:/home/vboxuser/ros2_iron/install/ros2lifecycle:/home/vboxuser/ros2_iron/install/ros2service:/home/vboxuser/ros2_iron/install/ros2run:/home/vboxuser/ros2_iron/install/ros2launch:/home/vboxuser/ros2_iron/install/ros2pkg:/home/vboxuser/ros2_iron/install/ros2node:/home/vboxuser/ros2_iron/install/ros2multicast:/home/vboxuser/ros2_iron/install/ros2interface:/home/vboxuser/ros2_iron/install/ros2action:/home/vboxuser/ros2_iron/install/ros2cli:/home/vboxuser/ros2_iron/install/launch_testing_ros:/home/vboxuser/ros2_iron/install/launch_ros:/home/vboxuser/ros2_iron/install/examples_rclpy_minimal_action_server:/home/vboxuser/ros2_iron/install/examples_rclpy_minimal_action_client:/home/vboxuser/ros2_iron/install/examples_rclpy_guard_conditions:/home/vboxuser/ros2_iron/install/action_tutorials_py:/home/vboxuser/ros2_iron/install/ament_uncrustify:/home/vboxuser/ros2_iron/install/tracetools_trace:/home/vboxuser/ros2_iron/install/tracetools_read:/home/vboxuser/ros2_iron/install/test_tracetools_launch:/home/vboxuser/ros2_iron/install/test_ros2trace:/home/vboxuser/ros2_iron/install/test_launch_ros:/home/vboxuser/ros2_iron/install/rpyutils:/home/vboxuser/ros2_iron/install/rosidl_runtime_py:/home/vboxuser/ros2_iron/install/rosidl_pycommon:/home/vboxuser/ros2_iron/install/rosidl_cli:/home/vboxuser/ros2_iron/install/launch_pytest:/home/vboxuser/ros2_iron/install/launch_testing:/home/vboxuser/ros2_iron/install/launch_yaml:/home/vboxuser/ros2_iron/install/launch_xml:/home/vboxuser/ros2_iron/install/launch:/home/vboxuser/ros2_iron/install/osrf_pycommon:/home/vboxuser/ros2_iron/install/domain_coordinator:/home/vboxuser/ros2_iron/install/ament_xmllint:/home/vboxuser/ros2_iron/install/ament_pyflakes:/home/vboxuser/ros2_iron/install/ament_pycodestyle:/home/vboxuser/ros2_iron/install/ament_pep257:/home/vboxuser/ros2_iron/install/ament_pclint:/home/vboxuser/ros2_iron/install/ament_package:/home/vboxuser/ros2_iron/install/ament_mypy:/home/vboxuser/ros2_iron/install/ament_lint_cmake:/home/vboxuser/ros2_iron/install/ament_flake8:/home/vboxuser/ros2_iron/install/ament_copyright:/home/vboxuser/ros2_iron/install/ament_lint:/home/vboxuser/ros2_iron/install/ament_index_python:/home/vboxuser/ros2_iron/install/ament_cpplint:/home/vboxuser/ros2_iron/install/ament_cppcheck:/home/vboxuser/ros2_iron/install/ament_clang_tidy:/home/vboxuser/ros2_iron/install/ament_clang_format /usr/bin/cmake --build /home/vboxuser/ros2_ws/build/my_package -- -j4 -l4
[31.664s] INFO:colcon.colcon_core.task.python.build:Building Python package in '/home/vboxuser/ros2_ws/src/py_pubsub'
[31.666s] INFO:colcon.colcon_core.shell:Skip shell extension 'powershell' for command environment: Not usable outside of PowerShell
[31.668s] DEBUG:colcon.colcon_core.shell:Skip shell extension 'dsv' for command environment
[31.826s] DEBUG:colcon.colcon_core.event_handler.log_command:Invoked command in '/home/vboxuser/ros2_ws/build/my_package' returned '0': CMAKE_PREFIX_PATH=${CMAKE_PREFIX_PATH}:/home/vboxuser/ros2_ws/install/py_pubsub:/home/vboxuser/ros2_ws/install/launch_testing_examples:/home/vboxuser/ros2_ws/install/examples_rclpy_pointcloud_publisher:/home/vboxuser/ros2_ws/install/examples_rclpy_minimal_subscriber:/home/vboxuser/ros2_ws/install/examples_rclpy_minimal_service:/home/vboxuser/ros2_ws/install/examples_rclpy_minimal_publisher:/home/vboxuser/ros2_ws/install/examples_rclpy_minimal_client:/home/vboxuser/ros2_ws/install/examples_rclpy_minimal_action_server:/home/vboxuser/ros2_ws/install/examples_rclpy_minimal_action_client:/home/vboxuser/ros2_ws/install/examples_rclpy_guard_conditions:/home/vboxuser/ros2_ws/install/examples_rclpy_executors:/home/vboxuser/ros2_ws/install/bms_visualizer:/opt/ros/iron:/home/vboxuser/ros2_iron/install/rqt_bag_plugins:/home/vboxuser/ros2_iron/install/rqt_bag:/home/vboxuser/ros2_iron/install/rosbag2_examples_py:/home/vboxuser/ros2_iron/install/launch_testing_examples:/home/vboxuser/ros2_iron/install/ros2bag:/home/vboxuser/ros2_iron/install/tracetools_test:/home/vboxuser/ros2_iron/install/tracetools_launch:/home/vboxuser/ros2_iron/install/topic_monitor:/home/vboxuser/ros2_iron/install/tf2_tools:/home/vboxuser/ros2_iron/install/examples_tf2_py:/home/vboxuser/ros2_iron/install/tf2_ros_py:/home/vboxuser/ros2_iron/install/examples_rclpy_pointcloud_publisher:/home/vboxuser/ros2_iron/install/sensor_msgs_py:/home/vboxuser/ros2_iron/install/quality_of_service_demo_py:/home/vboxuser/ros2_iron/install/rqt_plot:/home/vboxuser/ros2_iron/install/ros2doctor:/home/vboxuser/ros2_iron/install/lifecycle_py:/home/vboxuser/ros2_iron/install/examples_rclpy_minimal_subscriber:/home/vboxuser/ros2_iron/install/examples_rclpy_minimal_service:/home/vboxuser/ros2_iron/install/examples_rclpy_minimal_publisher:/home/vboxuser/ros2_iron/install/examples_rclpy_minimal_client:/home/vboxuser/ros2_iron/install/examples_rclpy_executors:/home/vboxuser/ros2_iron/install/demo_nodes_py:/home/vboxuser/ros2_iron/install/rqt:/home/vboxuser/ros2_iron/install/ros2component:/home/vboxuser/ros2_iron/install/sros2:/home/vboxuser/ros2_iron/install/rqt_topic:/home/vboxuser/ros2_iron/install/rqt_srv:/home/vboxuser/ros2_iron/install/rqt_shell:/home/vboxuser/ros2_iron/install/rqt_service_caller:/home/vboxuser/ros2_iron/install/rqt_reconfigure:/home/vboxuser/ros2_iron/install/rqt_py_console:/home/vboxuser/ros2_iron/install/rqt_publisher:/home/vboxuser/ros2_iron/install/rqt_action:/home/vboxuser/ros2_iron/install/rqt_msg:/home/vboxuser/ros2_iron/install/rqt_console:/home/vboxuser/ros2_iron/install/rqt_graph:/home/vboxuser/ros2_iron/install/rqt_gui_py:/home/vboxuser/ros2_iron/install/rqt_gui:/home/vboxuser/ros2_iron/install/ros2trace:/home/vboxuser/ros2_iron/install/ros2topic:/home/vboxuser/ros2_iron/install/ros2test:/home/vboxuser/ros2_iron/install/ros2param:/home/vboxuser/ros2_iron/install/ros2lifecycle:/home/vboxuser/ros2_iron/install/ros2service:/home/vboxuser/ros2_iron/install/ros2run:/home/vboxuser/ros2_iron/install/ros2launch:/home/vboxuser/ros2_iron/install/ros2pkg:/home/vboxuser/ros2_iron/install/ros2node:/home/vboxuser/ros2_iron/install/ros2multicast:/home/vboxuser/ros2_iron/install/ros2interface:/home/vboxuser/ros2_iron/install/ros2action:/home/vboxuser/ros2_iron/install/ros2cli:/home/vboxuser/ros2_iron/install/launch_testing_ros:/home/vboxuser/ros2_iron/install/launch_ros:/home/vboxuser/ros2_iron/install/examples_rclpy_minimal_action_server:/home/vboxuser/ros2_iron/install/examples_rclpy_minimal_action_client:/home/vboxuser/ros2_iron/install/examples_rclpy_guard_conditions:/home/vboxuser/ros2_iron/install/action_tutorials_py:/home/vboxuser/ros2_iron/install/ament_uncrustify:/home/vboxuser/ros2_iron/install/tracetools_trace:/home/vboxuser/ros2_iron/install/tracetools_read:/home/vboxuser/ros2_iron/install/test_tracetools_launch:/home/vboxuser/ros2_iron/install/test_ros2trace:/home/vboxuser/ros2_iron/install/test_launch_ros:/home/vboxuser/ros2_iron/install/rpyutils:/home/vboxuser/ros2_iron/install/rosidl_runtime_py:/home/vboxuser/ros2_iron/install/rosidl_pycommon:/home/vboxuser/ros2_iron/install/rosidl_cli:/home/vboxuser/ros2_iron/install/launch_pytest:/home/vboxuser/ros2_iron/install/launch_testing:/home/vboxuser/ros2_iron/install/launch_yaml:/home/vboxuser/ros2_iron/install/launch_xml:/home/vboxuser/ros2_iron/install/launch:/home/vboxuser/ros2_iron/install/osrf_pycommon:/home/vboxuser/ros2_iron/install/domain_coordinator:/home/vboxuser/ros2_iron/install/ament_xmllint:/home/vboxuser/ros2_iron/install/ament_pyflakes:/home/vboxuser/ros2_iron/install/ament_pycodestyle:/home/vboxuser/ros2_iron/install/ament_pep257:/home/vboxuser/ros2_iron/install/ament_pclint:/home/vboxuser/ros2_iron/install/ament_package:/home/vboxuser/ros2_iron/install/ament_mypy:/home/vboxuser/ros2_iron/install/ament_lint_cmake:/home/vboxuser/ros2_iron/install/ament_flake8:/home/vboxuser/ros2_iron/install/ament_copyright:/home/vboxuser/ros2_iron/install/ament_lint:/home/vboxuser/ros2_iron/install/ament_index_python:/home/vboxuser/ros2_iron/install/ament_cpplint:/home/vboxuser/ros2_iron/install/ament_cppcheck:/home/vboxuser/ros2_iron/install/ament_clang_tidy:/home/vboxuser/ros2_iron/install/ament_clang_format /usr/bin/cmake --build /home/vboxuser/ros2_ws/build/my_package -- -j4 -l4
[31.827s] DEBUG:colcon.colcon_core.event_handler.log_command:Invoking command in '/home/vboxuser/ros2_ws/build/my_package': CMAKE_PREFIX_PATH=${CMAKE_PREFIX_PATH}:/home/vboxuser/ros2_ws/install/py_pubsub:/home/vboxuser/ros2_ws/install/launch_testing_examples:/home/vboxuser/ros2_ws/install/examples_rclpy_pointcloud_publisher:/home/vboxuser/ros2_ws/install/examples_rclpy_minimal_subscriber:/home/vboxuser/ros2_ws/install/examples_rclpy_minimal_service:/home/vboxuser/ros2_ws/install/examples_rclpy_minimal_publisher:/home/vboxuser/ros2_ws/install/examples_rclpy_minimal_client:/home/vboxuser/ros2_ws/install/examples_rclpy_minimal_action_server:/home/vboxuser/ros2_ws/install/examples_rclpy_minimal_action_client:/home/vboxuser/ros2_ws/install/examples_rclpy_guard_conditions:/home/vboxuser/ros2_ws/install/examples_rclpy_executors:/home/vboxuser/ros2_ws/install/bms_visualizer:/opt/ros/iron:/home/vboxuser/ros2_iron/install/rqt_bag_plugins:/home/vboxuser/ros2_iron/install/rqt_bag:/home/vboxuser/ros2_iron/install/rosbag2_examples_py:/home/vboxuser/ros2_iron/install/launch_testing_examples:/home/vboxuser/ros2_iron/install/ros2bag:/home/vboxuser/ros2_iron/install/tracetools_test:/home/vboxuser/ros2_iron/install/tracetools_launch:/home/vboxuser/ros2_iron/install/topic_monitor:/home/vboxuser/ros2_iron/install/tf2_tools:/home/vboxuser/ros2_iron/install/examples_tf2_py:/home/vboxuser/ros2_iron/install/tf2_ros_py:/home/vboxuser/ros2_iron/install/examples_rclpy_pointcloud_publisher:/home/vboxuser/ros2_iron/install/sensor_msgs_py:/home/vboxuser/ros2_iron/install/quality_of_service_demo_py:/home/vboxuser/ros2_iron/install/rqt_plot:/home/vboxuser/ros2_iron/install/ros2doctor:/home/vboxuser/ros2_iron/install/lifecycle_py:/home/vboxuser/ros2_iron/install/examples_rclpy_minimal_subscriber:/home/vboxuser/ros2_iron/install/examples_rclpy_minimal_service:/home/vboxuser/ros2_iron/install/examples_rclpy_minimal_publisher:/home/vboxuser/ros2_iron/install/examples_rclpy_minimal_client:/home/vboxuser/ros2_iron/install/examples_rclpy_executors:/home/vboxuser/ros2_iron/install/demo_nodes_py:/home/vboxuser/ros2_iron/install/rqt:/home/vboxuser/ros2_iron/install/ros2component:/home/vboxuser/ros2_iron/install/sros2:/home/vboxuser/ros2_iron/install/rqt_topic:/home/vboxuser/ros2_iron/install/rqt_srv:/home/vboxuser/ros2_iron/install/rqt_shell:/home/vboxuser/ros2_iron/install/rqt_service_caller:/home/vboxuser/ros2_iron/install/rqt_reconfigure:/home/vboxuser/ros2_iron/install/rqt_py_console:/home/vboxuser/ros2_iron/install/rqt_publisher:/home/vboxuser/ros2_iron/install/rqt_action:/home/vboxuser/ros2_iron/install/rqt_msg:/home/vboxuser/ros2_iron/install/rqt_console:/home/vboxuser/ros2_iron/install/rqt_graph:/home/vboxuser/ros2_iron/install/rqt_gui_py:/home/vboxuser/ros2_iron/install/rqt_gui:/home/vboxuser/ros2_iron/install/ros2trace:/home/vboxuser/ros2_iron/install/ros2topic:/home/vboxuser/ros2_iron/install/ros2test:/home/vboxuser/ros2_iron/install/ros2param:/home/vboxuser/ros2_iron/install/ros2lifecycle:/home/vboxuser/ros2_iron/install/ros2service:/home/vboxuser/ros2_iron/install/ros2run:/home/vboxuser/ros2_iron/install/ros2launch:/home/vboxuser/ros2_iron/install/ros2pkg:/home/vboxuser/ros2_iron/install/ros2node:/home/vboxuser/ros2_iron/install/ros2multicast:/home/vboxuser/ros2_iron/install/ros2interface:/home/vboxuser/ros2_iron/install/ros2action:/home/vboxuser/ros2_iron/install/ros2cli:/home/vboxuser/ros2_iron/install/launch_testing_ros:/home/vboxuser/ros2_iron/install/launch_ros:/home/vboxuser/ros2_iron/install/examples_rclpy_minimal_action_server:/home/vboxuser/ros2_iron/install/examples_rclpy_minimal_action_client:/home/vboxuser/ros2_iron/install/examples_rclpy_guard_conditions:/home/vboxuser/ros2_iron/install/action_tutorials_py:/home/vboxuser/ros2_iron/install/ament_uncrustify:/home/vboxuser/ros2_iron/install/tracetools_trace:/home/vboxuser/ros2_iron/install/tracetools_read:/home/vboxuser/ros2_iron/install/test_tracetools_launch:/home/vboxuser/ros2_iron/install/test_ros2trace:/home/vboxuser/ros2_iron/install/test_launch_ros:/home/vboxuser/ros2_iron/install/rpyutils:/home/vboxuser/ros2_iron/install/rosidl_runtime_py:/home/vboxuser/ros2_iron/install/rosidl_pycommon:/home/vboxuser/ros2_iron/install/rosidl_cli:/home/vboxuser/ros2_iron/install/launch_pytest:/home/vboxuser/ros2_iron/install/launch_testing:/home/vboxuser/ros2_iron/install/launch_yaml:/home/vboxuser/ros2_iron/install/launch_xml:/home/vboxuser/ros2_iron/install/launch:/home/vboxuser/ros2_iron/install/osrf_pycommon:/home/vboxuser/ros2_iron/install/domain_coordinator:/home/vboxuser/ros2_iron/install/ament_xmllint:/home/vboxuser/ros2_iron/install/ament_pyflakes:/home/vboxuser/ros2_iron/install/ament_pycodestyle:/home/vboxuser/ros2_iron/install/ament_pep257:/home/vboxuser/ros2_iron/install/ament_pclint:/home/vboxuser/ros2_iron/install/ament_package:/home/vboxuser/ros2_iron/install/ament_mypy:/home/vboxuser/ros2_iron/install/ament_lint_cmake:/home/vboxuser/ros2_iron/install/ament_flake8:/home/vboxuser/ros2_iron/install/ament_copyright:/home/vboxuser/ros2_iron/install/ament_lint:/home/vboxuser/ros2_iron/install/ament_index_python:/home/vboxuser/ros2_iron/install/ament_cpplint:/home/vboxuser/ros2_iron/install/ament_cppcheck:/home/vboxuser/ros2_iron/install/ament_clang_tidy:/home/vboxuser/ros2_iron/install/ament_clang_format /usr/bin/cmake --install /home/vboxuser/ros2_ws/build/my_package
[31.832s] Level 1:colcon.colcon_core.environment:checking '/home/vboxuser/ros2_ws/install/examples_rclpy_pointcloud_publisher' for CMake module files
[31.837s] Level 1:colcon.colcon_core.environment:checking '/home/vboxuser/ros2_ws/install/examples_rclpy_pointcloud_publisher' for CMake config files
[31.837s] DEBUG:colcon.colcon_core.event_handler.log_command:Invoked command in '/home/vboxuser/ros2_ws/src/examples/rclpy/topics/pointcloud_publisher' returned '0': PYTHONPATH=/home/vboxuser/ros2_ws/build/examples_rclpy_pointcloud_publisher/prefix_override:/usr/lib/python3/dist-packages/colcon_core/task/python/colcon_distutils_commands:/home/vboxuser/ros2_ws/install/examples_rclpy_pointcloud_publisher/lib/python3.10/site-packages:${PYTHONPATH} /usr/bin/python3 -W ignore:setup.py install is deprecated -W ignore:easy_install command is deprecated setup.py egg_info --egg-base ../../../../../build/examples_rclpy_pointcloud_publisher build --build-base /home/vboxuser/ros2_ws/build/examples_rclpy_pointcloud_publisher/build install --record /home/vboxuser/ros2_ws/build/examples_rclpy_pointcloud_publisher/install.log --single-version-externally-managed install_data
[31.840s] Level 1:colcon.colcon_core.environment:checking '/home/vboxuser/ros2_ws/install/examples_rclpy_pointcloud_publisher/lib'
[31.840s] Level 1:colcon.colcon_core.environment:checking '/home/vboxuser/ros2_ws/install/examples_rclpy_pointcloud_publisher/bin'
[31.841s] Level 1:colcon.colcon_core.environment:checking '/home/vboxuser/ros2_ws/install/examples_rclpy_pointcloud_publisher/lib/pkgconfig/examples_rclpy_pointcloud_publisher.pc'
[31.845s] Level 1:colcon.colcon_core.environment:checking '/home/vboxuser/ros2_ws/install/examples_rclpy_pointcloud_publisher/lib/python3.10/site-packages'
[31.845s] Level 1:colcon.colcon_core.shell:create_environment_hook('examples_rclpy_pointcloud_publisher', 'pythonpath')
[31.846s] INFO:colcon.colcon_core.shell:Creating environment hook '/home/vboxuser/ros2_ws/install/examples_rclpy_pointcloud_publisher/share/examples_rclpy_pointcloud_publisher/hook/pythonpath.ps1'
[31.851s] INFO:colcon.colcon_core.shell:Creating environment descriptor '/home/vboxuser/ros2_ws/install/examples_rclpy_pointcloud_publisher/share/examples_rclpy_pointcloud_publisher/hook/pythonpath.dsv'
[31.854s] INFO:colcon.colcon_core.shell:Creating environment hook '/home/vboxuser/ros2_ws/install/examples_rclpy_pointcloud_publisher/share/examples_rclpy_pointcloud_publisher/hook/pythonpath.sh'
[31.856s] Level 1:colcon.colcon_core.environment:checking '/home/vboxuser/ros2_ws/install/examples_rclpy_pointcloud_publisher/bin'
[31.856s] Level 1:colcon.colcon_core.environment:create_environment_scripts_only(examples_rclpy_pointcloud_publisher)
[31.858s] INFO:colcon.colcon_core.shell:Creating package script '/home/vboxuser/ros2_ws/install/examples_rclpy_pointcloud_publisher/share/examples_rclpy_pointcloud_publisher/package.ps1'
[31.860s] INFO:colcon.colcon_core.shell:Creating package descriptor '/home/vboxuser/ros2_ws/install/examples_rclpy_pointcloud_publisher/share/examples_rclpy_pointcloud_publisher/package.dsv'
[31.862s] INFO:colcon.colcon_core.shell:Creating package script '/home/vboxuser/ros2_ws/install/examples_rclpy_pointcloud_publisher/share/examples_rclpy_pointcloud_publisher/package.sh'
[31.869s] INFO:colcon.colcon_core.shell:Creating package script '/home/vboxuser/ros2_ws/install/examples_rclpy_pointcloud_publisher/share/examples_rclpy_pointcloud_publisher/package.bash'
[31.871s] INFO:colcon.colcon_core.shell:Creating package script '/home/vboxuser/ros2_ws/install/examples_rclpy_pointcloud_publisher/share/examples_rclpy_pointcloud_publisher/package.zsh'
[31.875s] Level 1:colcon.colcon_core.environment:create_file_with_runtime_dependencies(/home/vboxuser/ros2_ws/install/examples_rclpy_pointcloud_publisher/share/colcon-core/packages/examples_rclpy_pointcloud_publisher)
[31.879s] INFO:colcon.colcon_ros.task.ament_cmake.build:Building ROS package in '/home/vboxuser/ros2_ws/src/ros_tutorials/turtlesim' with build type 'ament_cmake'
[31.880s] INFO:colcon.colcon_cmake.task.cmake.build:Building CMake package in '/home/vboxuser/ros2_ws/src/ros_tutorials/turtlesim'
[31.880s] INFO:colcon.colcon_core.shell:Skip shell extension 'powershell' for command environment: Not usable outside of PowerShell
[31.880s] DEBUG:colcon.colcon_core.shell:Skip shell extension 'dsv' for command environment
[32.000s] Level 1:colcon.colcon_core.environment:create_environment_scripts_only(my_package)
[32.001s] Level 1:colcon.colcon_core.environment:checking '/home/vboxuser/ros2_ws/install/my_package' for CMake module files
[32.001s] Level 1:colcon.colcon_core.environment:checking '/home/vboxuser/ros2_ws/install/my_package' for CMake config files
[32.002s] Level 1:colcon.colcon_core.shell:create_environment_hook('my_package', 'cmake_prefix_path')
[32.002s] INFO:colcon.colcon_core.shell:Creating environment hook '/home/vboxuser/ros2_ws/install/my_package/share/my_package/hook/cmake_prefix_path.ps1'
[32.003s] INFO:colcon.colcon_core.shell:Creating environment descriptor '/home/vboxuser/ros2_ws/install/my_package/share/my_package/hook/cmake_prefix_path.dsv'
[32.005s] INFO:colcon.colcon_core.shell:Creating environment hook '/home/vboxuser/ros2_ws/install/my_package/share/my_package/hook/cmake_prefix_path.sh'
[32.007s] Level 1:colcon.colcon_core.environment:checking '/home/vboxuser/ros2_ws/install/my_package/lib'
[32.007s] Level 1:colcon.colcon_core.environment:checking '/home/vboxuser/ros2_ws/install/my_package/bin'
[32.008s] Level 1:colcon.colcon_core.environment:checking '/home/vboxuser/ros2_ws/install/my_package/lib/pkgconfig/my_package.pc'
[32.008s] Level 1:colcon.colcon_core.environment:checking '/home/vboxuser/ros2_ws/install/my_package/lib/python3.10/site-packages'
[32.008s] Level 1:colcon.colcon_core.environment:checking '/home/vboxuser/ros2_ws/install/my_package/bin'
[32.009s] INFO:colcon.colcon_core.shell:Creating package script '/home/vboxuser/ros2_ws/install/my_package/share/my_package/package.ps1'
[32.011s] INFO:colcon.colcon_core.shell:Creating package descriptor '/home/vboxuser/ros2_ws/install/my_package/share/my_package/package.dsv'
[32.012s] INFO:colcon.colcon_core.shell:Creating package script '/home/vboxuser/ros2_ws/install/my_package/share/my_package/package.sh'
[32.014s] INFO:colcon.colcon_core.shell:Creating package script '/home/vboxuser/ros2_ws/install/my_package/share/my_package/package.bash'
[32.016s] INFO:colcon.colcon_core.shell:Creating package script '/home/vboxuser/ros2_ws/install/my_package/share/my_package/package.zsh'
[32.018s] Level 1:colcon.colcon_core.environment:create_file_with_runtime_dependencies(/home/vboxuser/ros2_ws/install/my_package/share/colcon-core/packages/my_package)
[32.019s] Level 1:colcon.colcon_core.environment:create_environment_scripts_only(my_package)
[32.029s] Level 1:colcon.colcon_core.environment:checking '/home/vboxuser/ros2_ws/install/my_package' for CMake module files
[32.033s] Level 1:colcon.colcon_core.environment:checking '/home/vboxuser/ros2_ws/install/my_package' for CMake config files
[32.034s] DEBUG:colcon.colcon_core.event_handler.log_command:Invoked command in '/home/vboxuser/ros2_ws/build/my_package' returned '0': CMAKE_PREFIX_PATH=${CMAKE_PREFIX_PATH}:/home/vboxuser/ros2_ws/install/py_pubsub:/home/vboxuser/ros2_ws/install/launch_testing_examples:/home/vboxuser/ros2_ws/install/examples_rclpy_pointcloud_publisher:/home/vboxuser/ros2_ws/install/examples_rclpy_minimal_subscriber:/home/vboxuser/ros2_ws/install/examples_rclpy_minimal_service:/home/vboxuser/ros2_ws/install/examples_rclpy_minimal_publisher:/home/vboxuser/ros2_ws/install/examples_rclpy_minimal_client:/home/vboxuser/ros2_ws/install/examples_rclpy_minimal_action_server:/home/vboxuser/ros2_ws/install/examples_rclpy_minimal_action_client:/home/vboxuser/ros2_ws/install/examples_rclpy_guard_conditions:/home/vboxuser/ros2_ws/install/examples_rclpy_executors:/home/vboxuser/ros2_ws/install/bms_visualizer:/opt/ros/iron:/home/vboxuser/ros2_iron/install/rqt_bag_plugins:/home/vboxuser/ros2_iron/install/rqt_bag:/home/vboxuser/ros2_iron/install/rosbag2_examples_py:/home/vboxuser/ros2_iron/install/launch_testing_examples:/home/vboxuser/ros2_iron/install/ros2bag:/home/vboxuser/ros2_iron/install/tracetools_test:/home/vboxuser/ros2_iron/install/tracetools_launch:/home/vboxuser/ros2_iron/install/topic_monitor:/home/vboxuser/ros2_iron/install/tf2_tools:/home/vboxuser/ros2_iron/install/examples_tf2_py:/home/vboxuser/ros2_iron/install/tf2_ros_py:/home/vboxuser/ros2_iron/install/examples_rclpy_pointcloud_publisher:/home/vboxuser/ros2_iron/install/sensor_msgs_py:/home/vboxuser/ros2_iron/install/quality_of_service_demo_py:/home/vboxuser/ros2_iron/install/rqt_plot:/home/vboxuser/ros2_iron/install/ros2doctor:/home/vboxuser/ros2_iron/install/lifecycle_py:/home/vboxuser/ros2_iron/install/examples_rclpy_minimal_subscriber:/home/vboxuser/ros2_iron/install/examples_rclpy_minimal_service:/home/vboxuser/ros2_iron/install/examples_rclpy_minimal_publisher:/home/vboxuser/ros2_iron/install/examples_rclpy_minimal_client:/home/vboxuser/ros2_iron/install/examples_rclpy_executors:/home/vboxuser/ros2_iron/install/demo_nodes_py:/home/vboxuser/ros2_iron/install/rqt:/home/vboxuser/ros2_iron/install/ros2component:/home/vboxuser/ros2_iron/install/sros2:/home/vboxuser/ros2_iron/install/rqt_topic:/home/vboxuser/ros2_iron/install/rqt_srv:/home/vboxuser/ros2_iron/install/rqt_shell:/home/vboxuser/ros2_iron/install/rqt_service_caller:/home/vboxuser/ros2_iron/install/rqt_reconfigure:/home/vboxuser/ros2_iron/install/rqt_py_console:/home/vboxuser/ros2_iron/install/rqt_publisher:/home/vboxuser/ros2_iron/install/rqt_action:/home/vboxuser/ros2_iron/install/rqt_msg:/home/vboxuser/ros2_iron/install/rqt_console:/home/vboxuser/ros2_iron/install/rqt_graph:/home/vboxuser/ros2_iron/install/rqt_gui_py:/home/vboxuser/ros2_iron/install/rqt_gui:/home/vboxuser/ros2_iron/install/ros2trace:/home/vboxuser/ros2_iron/install/ros2topic:/home/vboxuser/ros2_iron/install/ros2test:/home/vboxuser/ros2_iron/install/ros2param:/home/vboxuser/ros2_iron/install/ros2lifecycle:/home/vboxuser/ros2_iron/install/ros2service:/home/vboxuser/ros2_iron/install/ros2run:/home/vboxuser/ros2_iron/install/ros2launch:/home/vboxuser/ros2_iron/install/ros2pkg:/home/vboxuser/ros2_iron/install/ros2node:/home/vboxuser/ros2_iron/install/ros2multicast:/home/vboxuser/ros2_iron/install/ros2interface:/home/vboxuser/ros2_iron/install/ros2action:/home/vboxuser/ros2_iron/install/ros2cli:/home/vboxuser/ros2_iron/install/launch_testing_ros:/home/vboxuser/ros2_iron/install/launch_ros:/home/vboxuser/ros2_iron/install/examples_rclpy_minimal_action_server:/home/vboxuser/ros2_iron/install/examples_rclpy_minimal_action_client:/home/vboxuser/ros2_iron/install/examples_rclpy_guard_conditions:/home/vboxuser/ros2_iron/install/action_tutorials_py:/home/vboxuser/ros2_iron/install/ament_uncrustify:/home/vboxuser/ros2_iron/install/tracetools_trace:/home/vboxuser/ros2_iron/install/tracetools_read:/home/vboxuser/ros2_iron/install/test_tracetools_launch:/home/vboxuser/ros2_iron/install/test_ros2trace:/home/vboxuser/ros2_iron/install/test_launch_ros:/home/vboxuser/ros2_iron/install/rpyutils:/home/vboxuser/ros2_iron/install/rosidl_runtime_py:/home/vboxuser/ros2_iron/install/rosidl_pycommon:/home/vboxuser/ros2_iron/install/rosidl_cli:/home/vboxuser/ros2_iron/install/launch_pytest:/home/vboxuser/ros2_iron/install/launch_testing:/home/vboxuser/ros2_iron/install/launch_yaml:/home/vboxuser/ros2_iron/install/launch_xml:/home/vboxuser/ros2_iron/install/launch:/home/vboxuser/ros2_iron/install/osrf_pycommon:/home/vboxuser/ros2_iron/install/domain_coordinator:/home/vboxuser/ros2_iron/install/ament_xmllint:/home/vboxuser/ros2_iron/install/ament_pyflakes:/home/vboxuser/ros2_iron/install/ament_pycodestyle:/home/vboxuser/ros2_iron/install/ament_pep257:/home/vboxuser/ros2_iron/install/ament_pclint:/home/vboxuser/ros2_iron/install/ament_package:/home/vboxuser/ros2_iron/install/ament_mypy:/home/vboxuser/ros2_iron/install/ament_lint_cmake:/home/vboxuser/ros2_iron/install/ament_flake8:/home/vboxuser/ros2_iron/install/ament_copyright:/home/vboxuser/ros2_iron/install/ament_lint:/home/vboxuser/ros2_iron/install/ament_index_python:/home/vboxuser/ros2_iron/install/ament_cpplint:/home/vboxuser/ros2_iron/install/ament_cppcheck:/home/vboxuser/ros2_iron/install/ament_clang_tidy:/home/vboxuser/ros2_iron/install/ament_clang_format /usr/bin/cmake --install /home/vboxuser/ros2_ws/build/my_package
[32.035s] Level 1:colcon.colcon_core.shell:create_environment_hook('my_package', 'cmake_prefix_path')
[32.036s] INFO:colcon.colcon_core.shell:Creating environment hook '/home/vboxuser/ros2_ws/install/my_package/share/my_package/hook/cmake_prefix_path.ps1'
[32.039s] INFO:colcon.colcon_core.shell:Creating environment descriptor '/home/vboxuser/ros2_ws/install/my_package/share/my_package/hook/cmake_prefix_path.dsv'
[32.042s] INFO:colcon.colcon_core.shell:Creating environment hook '/home/vboxuser/ros2_ws/install/my_package/share/my_package/hook/cmake_prefix_path.sh'
[32.045s] Level 1:colcon.colcon_core.environment:checking '/home/vboxuser/ros2_ws/install/my_package/lib'
[32.046s] Level 1:colcon.colcon_core.environment:checking '/home/vboxuser/ros2_ws/install/my_package/bin'
[32.047s] Level 1:colcon.colcon_core.environment:checking '/home/vboxuser/ros2_ws/install/my_package/lib/pkgconfig/my_package.pc'
[32.047s] Level 1:colcon.colcon_core.environment:checking '/home/vboxuser/ros2_ws/install/my_package/lib/python3.10/site-packages'
[32.047s] Level 1:colcon.colcon_core.environment:checking '/home/vboxuser/ros2_ws/install/my_package/bin'
[32.048s] INFO:colcon.colcon_core.shell:Creating package script '/home/vboxuser/ros2_ws/install/my_package/share/my_package/package.ps1'
[32.050s] INFO:colcon.colcon_core.shell:Creating package descriptor '/home/vboxuser/ros2_ws/install/my_package/share/my_package/package.dsv'
[32.053s] INFO:colcon.colcon_core.shell:Creating package script '/home/vboxuser/ros2_ws/install/my_package/share/my_package/package.sh'
[32.056s] INFO:colcon.colcon_core.shell:Creating package script '/home/vboxuser/ros2_ws/install/my_package/share/my_package/package.bash'
[32.058s] INFO:colcon.colcon_core.shell:Creating package script '/home/vboxuser/ros2_ws/install/my_package/share/my_package/package.zsh'
[32.061s] Level 1:colcon.colcon_core.environment:create_file_with_runtime_dependencies(/home/vboxuser/ros2_ws/install/my_package/share/colcon-core/packages/my_package)
[32.082s] DEBUG:colcon.colcon_core.event_handler.log_command:Invoking command in '/home/vboxuser/ros2_ws/src/examples/launch_testing/launch_testing_examples': PYTHONPATH=/home/vboxuser/ros2_ws/build/launch_testing_examples/prefix_override:/usr/lib/python3/dist-packages/colcon_core/task/python/colcon_distutils_commands:/home/vboxuser/ros2_ws/install/launch_testing_examples/lib/python3.10/site-packages:${PYTHONPATH} /usr/bin/python3 -W ignore:setup.py install is deprecated -W ignore:easy_install command is deprecated setup.py egg_info --egg-base ../../../../build/launch_testing_examples build --build-base /home/vboxuser/ros2_ws/build/launch_testing_examples/build install --record /home/vboxuser/ros2_ws/build/launch_testing_examples/install.log --single-version-externally-managed install_data
[32.095s] DEBUG:colcon.colcon_core.event_handler.log_command:Invoking command in '/home/vboxuser/ros2_ws/build/turtlesim': CMAKE_PREFIX_PATH=${CMAKE_PREFIX_PATH}:/home/vboxuser/ros2_ws/install/py_pubsub:/home/vboxuser/ros2_ws/install/launch_testing_examples:/home/vboxuser/ros2_ws/install/examples_rclpy_pointcloud_publisher:/home/vboxuser/ros2_ws/install/examples_rclpy_minimal_subscriber:/home/vboxuser/ros2_ws/install/examples_rclpy_minimal_service:/home/vboxuser/ros2_ws/install/examples_rclpy_minimal_publisher:/home/vboxuser/ros2_ws/install/examples_rclpy_minimal_client:/home/vboxuser/ros2_ws/install/examples_rclpy_minimal_action_server:/home/vboxuser/ros2_ws/install/examples_rclpy_minimal_action_client:/home/vboxuser/ros2_ws/install/examples_rclpy_guard_conditions:/home/vboxuser/ros2_ws/install/examples_rclpy_executors:/home/vboxuser/ros2_ws/install/bms_visualizer:/opt/ros/iron:/home/vboxuser/ros2_iron/install/rqt_bag_plugins:/home/vboxuser/ros2_iron/install/rqt_bag:/home/vboxuser/ros2_iron/install/rosbag2_examples_py:/home/vboxuser/ros2_iron/install/launch_testing_examples:/home/vboxuser/ros2_iron/install/ros2bag:/home/vboxuser/ros2_iron/install/tracetools_test:/home/vboxuser/ros2_iron/install/tracetools_launch:/home/vboxuser/ros2_iron/install/topic_monitor:/home/vboxuser/ros2_iron/install/tf2_tools:/home/vboxuser/ros2_iron/install/examples_tf2_py:/home/vboxuser/ros2_iron/install/tf2_ros_py:/home/vboxuser/ros2_iron/install/examples_rclpy_pointcloud_publisher:/home/vboxuser/ros2_iron/install/sensor_msgs_py:/home/vboxuser/ros2_iron/install/quality_of_service_demo_py:/home/vboxuser/ros2_iron/install/rqt_plot:/home/vboxuser/ros2_iron/install/ros2doctor:/home/vboxuser/ros2_iron/install/lifecycle_py:/home/vboxuser/ros2_iron/install/examples_rclpy_minimal_subscriber:/home/vboxuser/ros2_iron/install/examples_rclpy_minimal_service:/home/vboxuser/ros2_iron/install/examples_rclpy_minimal_publisher:/home/vboxuser/ros2_iron/install/examples_rclpy_minimal_client:/home/vboxuser/ros2_iron/install/examples_rclpy_executors:/home/vboxuser/ros2_iron/install/demo_nodes_py:/home/vboxuser/ros2_iron/install/rqt:/home/vboxuser/ros2_iron/install/ros2component:/home/vboxuser/ros2_iron/install/sros2:/home/vboxuser/ros2_iron/install/rqt_topic:/home/vboxuser/ros2_iron/install/rqt_srv:/home/vboxuser/ros2_iron/install/rqt_shell:/home/vboxuser/ros2_iron/install/rqt_service_caller:/home/vboxuser/ros2_iron/install/rqt_reconfigure:/home/vboxuser/ros2_iron/install/rqt_py_console:/home/vboxuser/ros2_iron/install/rqt_publisher:/home/vboxuser/ros2_iron/install/rqt_action:/home/vboxuser/ros2_iron/install/rqt_msg:/home/vboxuser/ros2_iron/install/rqt_console:/home/vboxuser/ros2_iron/install/rqt_graph:/home/vboxuser/ros2_iron/install/rqt_gui_py:/home/vboxuser/ros2_iron/install/rqt_gui:/home/vboxuser/ros2_iron/install/ros2trace:/home/vboxuser/ros2_iron/install/ros2topic:/home/vboxuser/ros2_iron/install/ros2test:/home/vboxuser/ros2_iron/install/ros2param:/home/vboxuser/ros2_iron/install/ros2lifecycle:/home/vboxuser/ros2_iron/install/ros2service:/home/vboxuser/ros2_iron/install/ros2run:/home/vboxuser/ros2_iron/install/ros2launch:/home/vboxuser/ros2_iron/install/ros2pkg:/home/vboxuser/ros2_iron/install/ros2node:/home/vboxuser/ros2_iron/install/ros2multicast:/home/vboxuser/ros2_iron/install/ros2interface:/home/vboxuser/ros2_iron/install/ros2action:/home/vboxuser/ros2_iron/install/ros2cli:/home/vboxuser/ros2_iron/install/launch_testing_ros:/home/vboxuser/ros2_iron/install/launch_ros:/home/vboxuser/ros2_iron/install/examples_rclpy_minimal_action_server:/home/vboxuser/ros2_iron/install/examples_rclpy_minimal_action_client:/home/vboxuser/ros2_iron/install/examples_rclpy_guard_conditions:/home/vboxuser/ros2_iron/install/action_tutorials_py:/home/vboxuser/ros2_iron/install/ament_uncrustify:/home/vboxuser/ros2_iron/install/tracetools_trace:/home/vboxuser/ros2_iron/install/tracetools_read:/home/vboxuser/ros2_iron/install/test_tracetools_launch:/home/vboxuser/ros2_iron/install/test_ros2trace:/home/vboxuser/ros2_iron/install/test_launch_ros:/home/vboxuser/ros2_iron/install/rpyutils:/home/vboxuser/ros2_iron/install/rosidl_runtime_py:/home/vboxuser/ros2_iron/install/rosidl_pycommon:/home/vboxuser/ros2_iron/install/rosidl_cli:/home/vboxuser/ros2_iron/install/launch_pytest:/home/vboxuser/ros2_iron/install/launch_testing:/home/vboxuser/ros2_iron/install/launch_yaml:/home/vboxuser/ros2_iron/install/launch_xml:/home/vboxuser/ros2_iron/install/launch:/home/vboxuser/ros2_iron/install/osrf_pycommon:/home/vboxuser/ros2_iron/install/domain_coordinator:/home/vboxuser/ros2_iron/install/ament_xmllint:/home/vboxuser/ros2_iron/install/ament_pyflakes:/home/vboxuser/ros2_iron/install/ament_pycodestyle:/home/vboxuser/ros2_iron/install/ament_pep257:/home/vboxuser/ros2_iron/install/ament_pclint:/home/vboxuser/ros2_iron/install/ament_package:/home/vboxuser/ros2_iron/install/ament_mypy:/home/vboxuser/ros2_iron/install/ament_lint_cmake:/home/vboxuser/ros2_iron/install/ament_flake8:/home/vboxuser/ros2_iron/install/ament_copyright:/home/vboxuser/ros2_iron/install/ament_lint:/home/vboxuser/ros2_iron/install/ament_index_python:/home/vboxuser/ros2_iron/install/ament_cpplint:/home/vboxuser/ros2_iron/install/ament_cppcheck:/home/vboxuser/ros2_iron/install/ament_clang_tidy:/home/vboxuser/ros2_iron/install/ament_clang_format /usr/bin/cmake --build /home/vboxuser/ros2_ws/build/turtlesim -- -j4 -l4
[34.437s] Level 1:colcon.colcon_core.environment:checking '/home/vboxuser/ros2_ws/install/launch_testing_examples' for CMake module files
[34.438s] Level 1:colcon.colcon_core.environment:checking '/home/vboxuser/ros2_ws/install/launch_testing_examples' for CMake config files
[34.438s] Level 1:colcon.colcon_core.environment:checking '/home/vboxuser/ros2_ws/install/launch_testing_examples/lib'
[34.439s] Level 1:colcon.colcon_core.environment:checking '/home/vboxuser/ros2_ws/install/launch_testing_examples/bin'
[34.439s] Level 1:colcon.colcon_core.environment:checking '/home/vboxuser/ros2_ws/install/launch_testing_examples/lib/pkgconfig/launch_testing_examples.pc'
[34.439s] Level 1:colcon.colcon_core.environment:checking '/home/vboxuser/ros2_ws/install/launch_testing_examples/lib/python3.10/site-packages'
[34.439s] Level 1:colcon.colcon_core.shell:create_environment_hook('launch_testing_examples', 'pythonpath')
[34.440s] INFO:colcon.colcon_core.shell:Creating environment hook '/home/vboxuser/ros2_ws/install/launch_testing_examples/share/launch_testing_examples/hook/pythonpath.ps1'
[34.451s] INFO:colcon.colcon_core.shell:Creating environment descriptor '/home/vboxuser/ros2_ws/install/launch_testing_examples/share/launch_testing_examples/hook/pythonpath.dsv'
[34.461s] DEBUG:colcon.colcon_core.event_handler.log_command:Invoked command in '/home/vboxuser/ros2_ws/src/examples/launch_testing/launch_testing_examples' returned '0': PYTHONPATH=/home/vboxuser/ros2_ws/build/launch_testing_examples/prefix_override:/usr/lib/python3/dist-packages/colcon_core/task/python/colcon_distutils_commands:/home/vboxuser/ros2_ws/install/launch_testing_examples/lib/python3.10/site-packages:${PYTHONPATH} /usr/bin/python3 -W ignore:setup.py install is deprecated -W ignore:easy_install command is deprecated setup.py egg_info --egg-base ../../../../build/launch_testing_examples build --build-base /home/vboxuser/ros2_ws/build/launch_testing_examples/build install --record /home/vboxuser/ros2_ws/build/launch_testing_examples/install.log --single-version-externally-managed install_data
[34.468s] INFO:colcon.colcon_core.shell:Creating environment hook '/home/vboxuser/ros2_ws/install/launch_testing_examples/share/launch_testing_examples/hook/pythonpath.sh'
[34.478s] Level 1:colcon.colcon_core.environment:checking '/home/vboxuser/ros2_ws/install/launch_testing_examples/bin'
[34.479s] Level 1:colcon.colcon_core.environment:create_environment_scripts_only(launch_testing_examples)
[34.480s] INFO:colcon.colcon_core.shell:Creating package script '/home/vboxuser/ros2_ws/install/launch_testing_examples/share/launch_testing_examples/package.ps1'
[34.483s] INFO:colcon.colcon_core.shell:Creating package descriptor '/home/vboxuser/ros2_ws/install/launch_testing_examples/share/launch_testing_examples/package.dsv'
[34.486s] INFO:colcon.colcon_core.shell:Creating package script '/home/vboxuser/ros2_ws/install/launch_testing_examples/share/launch_testing_examples/package.sh'
[34.490s] INFO:colcon.colcon_core.shell:Creating package script '/home/vboxuser/ros2_ws/install/launch_testing_examples/share/launch_testing_examples/package.bash'
[34.492s] INFO:colcon.colcon_core.shell:Creating package script '/home/vboxuser/ros2_ws/install/launch_testing_examples/share/launch_testing_examples/package.zsh'
[34.501s] Level 1:colcon.colcon_core.environment:create_file_with_runtime_dependencies(/home/vboxuser/ros2_ws/install/launch_testing_examples/share/colcon-core/packages/launch_testing_examples)
[35.156s] DEBUG:colcon.colcon_core.event_handler.log_command:Invoking command in '/home/vboxuser/ros2_ws/src/py_pubsub': PYTHONPATH=/home/vboxuser/ros2_ws/build/py_pubsub/prefix_override:/usr/lib/python3/dist-packages/colcon_core/task/python/colcon_distutils_commands:/home/vboxuser/ros2_ws/install/py_pubsub/lib/python3.10/site-packages:${PYTHONPATH} /usr/bin/python3 -W ignore:setup.py install is deprecated -W ignore:easy_install command is deprecated setup.py egg_info --egg-base ../../build/py_pubsub build --build-base /home/vboxuser/ros2_ws/build/py_pubsub/build install --record /home/vboxuser/ros2_ws/build/py_pubsub/install.log --single-version-externally-managed install_data
[35.723s] DEBUG:colcon.colcon_core.event_handler.log_command:Invoked command in '/home/vboxuser/ros2_ws/build/turtlesim' returned '0': CMAKE_PREFIX_PATH=${CMAKE_PREFIX_PATH}:/home/vboxuser/ros2_ws/install/py_pubsub:/home/vboxuser/ros2_ws/install/launch_testing_examples:/home/vboxuser/ros2_ws/install/examples_rclpy_pointcloud_publisher:/home/vboxuser/ros2_ws/install/examples_rclpy_minimal_subscriber:/home/vboxuser/ros2_ws/install/examples_rclpy_minimal_service:/home/vboxuser/ros2_ws/install/examples_rclpy_minimal_publisher:/home/vboxuser/ros2_ws/install/examples_rclpy_minimal_client:/home/vboxuser/ros2_ws/install/examples_rclpy_minimal_action_server:/home/vboxuser/ros2_ws/install/examples_rclpy_minimal_action_client:/home/vboxuser/ros2_ws/install/examples_rclpy_guard_conditions:/home/vboxuser/ros2_ws/install/examples_rclpy_executors:/home/vboxuser/ros2_ws/install/bms_visualizer:/opt/ros/iron:/home/vboxuser/ros2_iron/install/rqt_bag_plugins:/home/vboxuser/ros2_iron/install/rqt_bag:/home/vboxuser/ros2_iron/install/rosbag2_examples_py:/home/vboxuser/ros2_iron/install/launch_testing_examples:/home/vboxuser/ros2_iron/install/ros2bag:/home/vboxuser/ros2_iron/install/tracetools_test:/home/vboxuser/ros2_iron/install/tracetools_launch:/home/vboxuser/ros2_iron/install/topic_monitor:/home/vboxuser/ros2_iron/install/tf2_tools:/home/vboxuser/ros2_iron/install/examples_tf2_py:/home/vboxuser/ros2_iron/install/tf2_ros_py:/home/vboxuser/ros2_iron/install/examples_rclpy_pointcloud_publisher:/home/vboxuser/ros2_iron/install/sensor_msgs_py:/home/vboxuser/ros2_iron/install/quality_of_service_demo_py:/home/vboxuser/ros2_iron/install/rqt_plot:/home/vboxuser/ros2_iron/install/ros2doctor:/home/vboxuser/ros2_iron/install/lifecycle_py:/home/vboxuser/ros2_iron/install/examples_rclpy_minimal_subscriber:/home/vboxuser/ros2_iron/install/examples_rclpy_minimal_service:/home/vboxuser/ros2_iron/install/examples_rclpy_minimal_publisher:/home/vboxuser/ros2_iron/install/examples_rclpy_minimal_client:/home/vboxuser/ros2_iron/install/examples_rclpy_executors:/home/vboxuser/ros2_iron/install/demo_nodes_py:/home/vboxuser/ros2_iron/install/rqt:/home/vboxuser/ros2_iron/install/ros2component:/home/vboxuser/ros2_iron/install/sros2:/home/vboxuser/ros2_iron/install/rqt_topic:/home/vboxuser/ros2_iron/install/rqt_srv:/home/vboxuser/ros2_iron/install/rqt_shell:/home/vboxuser/ros2_iron/install/rqt_service_caller:/home/vboxuser/ros2_iron/install/rqt_reconfigure:/home/vboxuser/ros2_iron/install/rqt_py_console:/home/vboxuser/ros2_iron/install/rqt_publisher:/home/vboxuser/ros2_iron/install/rqt_action:/home/vboxuser/ros2_iron/install/rqt_msg:/home/vboxuser/ros2_iron/install/rqt_console:/home/vboxuser/ros2_iron/install/rqt_graph:/home/vboxuser/ros2_iron/install/rqt_gui_py:/home/vboxuser/ros2_iron/install/rqt_gui:/home/vboxuser/ros2_iron/install/ros2trace:/home/vboxuser/ros2_iron/install/ros2topic:/home/vboxuser/ros2_iron/install/ros2test:/home/vboxuser/ros2_iron/install/ros2param:/home/vboxuser/ros2_iron/install/ros2lifecycle:/home/vboxuser/ros2_iron/install/ros2service:/home/vboxuser/ros2_iron/install/ros2run:/home/vboxuser/ros2_iron/install/ros2launch:/home/vboxuser/ros2_iron/install/ros2pkg:/home/vboxuser/ros2_iron/install/ros2node:/home/vboxuser/ros2_iron/install/ros2multicast:/home/vboxuser/ros2_iron/install/ros2interface:/home/vboxuser/ros2_iron/install/ros2action:/home/vboxuser/ros2_iron/install/ros2cli:/home/vboxuser/ros2_iron/install/launch_testing_ros:/home/vboxuser/ros2_iron/install/launch_ros:/home/vboxuser/ros2_iron/install/examples_rclpy_minimal_action_server:/home/vboxuser/ros2_iron/install/examples_rclpy_minimal_action_client:/home/vboxuser/ros2_iron/install/examples_rclpy_guard_conditions:/home/vboxuser/ros2_iron/install/action_tutorials_py:/home/vboxuser/ros2_iron/install/ament_uncrustify:/home/vboxuser/ros2_iron/install/tracetools_trace:/home/vboxuser/ros2_iron/install/tracetools_read:/home/vboxuser/ros2_iron/install/test_tracetools_launch:/home/vboxuser/ros2_iron/install/test_ros2trace:/home/vboxuser/ros2_iron/install/test_launch_ros:/home/vboxuser/ros2_iron/install/rpyutils:/home/vboxuser/ros2_iron/install/rosidl_runtime_py:/home/vboxuser/ros2_iron/install/rosidl_pycommon:/home/vboxuser/ros2_iron/install/rosidl_cli:/home/vboxuser/ros2_iron/install/launch_pytest:/home/vboxuser/ros2_iron/install/launch_testing:/home/vboxuser/ros2_iron/install/launch_yaml:/home/vboxuser/ros2_iron/install/launch_xml:/home/vboxuser/ros2_iron/install/launch:/home/vboxuser/ros2_iron/install/osrf_pycommon:/home/vboxuser/ros2_iron/install/domain_coordinator:/home/vboxuser/ros2_iron/install/ament_xmllint:/home/vboxuser/ros2_iron/install/ament_pyflakes:/home/vboxuser/ros2_iron/install/ament_pycodestyle:/home/vboxuser/ros2_iron/install/ament_pep257:/home/vboxuser/ros2_iron/install/ament_pclint:/home/vboxuser/ros2_iron/install/ament_package:/home/vboxuser/ros2_iron/install/ament_mypy:/home/vboxuser/ros2_iron/install/ament_lint_cmake:/home/vboxuser/ros2_iron/install/ament_flake8:/home/vboxuser/ros2_iron/install/ament_copyright:/home/vboxuser/ros2_iron/install/ament_lint:/home/vboxuser/ros2_iron/install/ament_index_python:/home/vboxuser/ros2_iron/install/ament_cpplint:/home/vboxuser/ros2_iron/install/ament_cppcheck:/home/vboxuser/ros2_iron/install/ament_clang_tidy:/home/vboxuser/ros2_iron/install/ament_clang_format /usr/bin/cmake --build /home/vboxuser/ros2_ws/build/turtlesim -- -j4 -l4
[35.732s] DEBUG:colcon.colcon_core.event_handler.log_command:Invoking command in '/home/vboxuser/ros2_ws/build/turtlesim': CMAKE_PREFIX_PATH=${CMAKE_PREFIX_PATH}:/home/vboxuser/ros2_ws/install/py_pubsub:/home/vboxuser/ros2_ws/install/launch_testing_examples:/home/vboxuser/ros2_ws/install/examples_rclpy_pointcloud_publisher:/home/vboxuser/ros2_ws/install/examples_rclpy_minimal_subscriber:/home/vboxuser/ros2_ws/install/examples_rclpy_minimal_service:/home/vboxuser/ros2_ws/install/examples_rclpy_minimal_publisher:/home/vboxuser/ros2_ws/install/examples_rclpy_minimal_client:/home/vboxuser/ros2_ws/install/examples_rclpy_minimal_action_server:/home/vboxuser/ros2_ws/install/examples_rclpy_minimal_action_client:/home/vboxuser/ros2_ws/install/examples_rclpy_guard_conditions:/home/vboxuser/ros2_ws/install/examples_rclpy_executors:/home/vboxuser/ros2_ws/install/bms_visualizer:/opt/ros/iron:/home/vboxuser/ros2_iron/install/rqt_bag_plugins:/home/vboxuser/ros2_iron/install/rqt_bag:/home/vboxuser/ros2_iron/install/rosbag2_examples_py:/home/vboxuser/ros2_iron/install/launch_testing_examples:/home/vboxuser/ros2_iron/install/ros2bag:/home/vboxuser/ros2_iron/install/tracetools_test:/home/vboxuser/ros2_iron/install/tracetools_launch:/home/vboxuser/ros2_iron/install/topic_monitor:/home/vboxuser/ros2_iron/install/tf2_tools:/home/vboxuser/ros2_iron/install/examples_tf2_py:/home/vboxuser/ros2_iron/install/tf2_ros_py:/home/vboxuser/ros2_iron/install/examples_rclpy_pointcloud_publisher:/home/vboxuser/ros2_iron/install/sensor_msgs_py:/home/vboxuser/ros2_iron/install/quality_of_service_demo_py:/home/vboxuser/ros2_iron/install/rqt_plot:/home/vboxuser/ros2_iron/install/ros2doctor:/home/vboxuser/ros2_iron/install/lifecycle_py:/home/vboxuser/ros2_iron/install/examples_rclpy_minimal_subscriber:/home/vboxuser/ros2_iron/install/examples_rclpy_minimal_service:/home/vboxuser/ros2_iron/install/examples_rclpy_minimal_publisher:/home/vboxuser/ros2_iron/install/examples_rclpy_minimal_client:/home/vboxuser/ros2_iron/install/examples_rclpy_executors:/home/vboxuser/ros2_iron/install/demo_nodes_py:/home/vboxuser/ros2_iron/install/rqt:/home/vboxuser/ros2_iron/install/ros2component:/home/vboxuser/ros2_iron/install/sros2:/home/vboxuser/ros2_iron/install/rqt_topic:/home/vboxuser/ros2_iron/install/rqt_srv:/home/vboxuser/ros2_iron/install/rqt_shell:/home/vboxuser/ros2_iron/install/rqt_service_caller:/home/vboxuser/ros2_iron/install/rqt_reconfigure:/home/vboxuser/ros2_iron/install/rqt_py_console:/home/vboxuser/ros2_iron/install/rqt_publisher:/home/vboxuser/ros2_iron/install/rqt_action:/home/vboxuser/ros2_iron/install/rqt_msg:/home/vboxuser/ros2_iron/install/rqt_console:/home/vboxuser/ros2_iron/install/rqt_graph:/home/vboxuser/ros2_iron/install/rqt_gui_py:/home/vboxuser/ros2_iron/install/rqt_gui:/home/vboxuser/ros2_iron/install/ros2trace:/home/vboxuser/ros2_iron/install/ros2topic:/home/vboxuser/ros2_iron/install/ros2test:/home/vboxuser/ros2_iron/install/ros2param:/home/vboxuser/ros2_iron/install/ros2lifecycle:/home/vboxuser/ros2_iron/install/ros2service:/home/vboxuser/ros2_iron/install/ros2run:/home/vboxuser/ros2_iron/install/ros2launch:/home/vboxuser/ros2_iron/install/ros2pkg:/home/vboxuser/ros2_iron/install/ros2node:/home/vboxuser/ros2_iron/install/ros2multicast:/home/vboxuser/ros2_iron/install/ros2interface:/home/vboxuser/ros2_iron/install/ros2action:/home/vboxuser/ros2_iron/install/ros2cli:/home/vboxuser/ros2_iron/install/launch_testing_ros:/home/vboxuser/ros2_iron/install/launch_ros:/home/vboxuser/ros2_iron/install/examples_rclpy_minimal_action_server:/home/vboxuser/ros2_iron/install/examples_rclpy_minimal_action_client:/home/vboxuser/ros2_iron/install/examples_rclpy_guard_conditions:/home/vboxuser/ros2_iron/install/action_tutorials_py:/home/vboxuser/ros2_iron/install/ament_uncrustify:/home/vboxuser/ros2_iron/install/tracetools_trace:/home/vboxuser/ros2_iron/install/tracetools_read:/home/vboxuser/ros2_iron/install/test_tracetools_launch:/home/vboxuser/ros2_iron/install/test_ros2trace:/home/vboxuser/ros2_iron/install/test_launch_ros:/home/vboxuser/ros2_iron/install/rpyutils:/home/vboxuser/ros2_iron/install/rosidl_runtime_py:/home/vboxuser/ros2_iron/install/rosidl_pycommon:/home/vboxuser/ros2_iron/install/rosidl_cli:/home/vboxuser/ros2_iron/install/launch_pytest:/home/vboxuser/ros2_iron/install/launch_testing:/home/vboxuser/ros2_iron/install/launch_yaml:/home/vboxuser/ros2_iron/install/launch_xml:/home/vboxuser/ros2_iron/install/launch:/home/vboxuser/ros2_iron/install/osrf_pycommon:/home/vboxuser/ros2_iron/install/domain_coordinator:/home/vboxuser/ros2_iron/install/ament_xmllint:/home/vboxuser/ros2_iron/install/ament_pyflakes:/home/vboxuser/ros2_iron/install/ament_pycodestyle:/home/vboxuser/ros2_iron/install/ament_pep257:/home/vboxuser/ros2_iron/install/ament_pclint:/home/vboxuser/ros2_iron/install/ament_package:/home/vboxuser/ros2_iron/install/ament_mypy:/home/vboxuser/ros2_iron/install/ament_lint_cmake:/home/vboxuser/ros2_iron/install/ament_flake8:/home/vboxuser/ros2_iron/install/ament_copyright:/home/vboxuser/ros2_iron/install/ament_lint:/home/vboxuser/ros2_iron/install/ament_index_python:/home/vboxuser/ros2_iron/install/ament_cpplint:/home/vboxuser/ros2_iron/install/ament_cppcheck:/home/vboxuser/ros2_iron/install/ament_clang_tidy:/home/vboxuser/ros2_iron/install/ament_clang_format /usr/bin/cmake --install /home/vboxuser/ros2_ws/build/turtlesim
[36.509s] Level 1:colcon.colcon_core.environment:create_environment_scripts_only(turtlesim)
[36.511s] Level 1:colcon.colcon_core.environment:checking '/home/vboxuser/ros2_ws/install/turtlesim' for CMake module files
[36.513s] DEBUG:colcon.colcon_core.event_handler.log_command:Invoked command in '/home/vboxuser/ros2_ws/build/turtlesim' returned '0': CMAKE_PREFIX_PATH=${CMAKE_PREFIX_PATH}:/home/vboxuser/ros2_ws/install/py_pubsub:/home/vboxuser/ros2_ws/install/launch_testing_examples:/home/vboxuser/ros2_ws/install/examples_rclpy_pointcloud_publisher:/home/vboxuser/ros2_ws/install/examples_rclpy_minimal_subscriber:/home/vboxuser/ros2_ws/install/examples_rclpy_minimal_service:/home/vboxuser/ros2_ws/install/examples_rclpy_minimal_publisher:/home/vboxuser/ros2_ws/install/examples_rclpy_minimal_client:/home/vboxuser/ros2_ws/install/examples_rclpy_minimal_action_server:/home/vboxuser/ros2_ws/install/examples_rclpy_minimal_action_client:/home/vboxuser/ros2_ws/install/examples_rclpy_guard_conditions:/home/vboxuser/ros2_ws/install/examples_rclpy_executors:/home/vboxuser/ros2_ws/install/bms_visualizer:/opt/ros/iron:/home/vboxuser/ros2_iron/install/rqt_bag_plugins:/home/vboxuser/ros2_iron/install/rqt_bag:/home/vboxuser/ros2_iron/install/rosbag2_examples_py:/home/vboxuser/ros2_iron/install/launch_testing_examples:/home/vboxuser/ros2_iron/install/ros2bag:/home/vboxuser/ros2_iron/install/tracetools_test:/home/vboxuser/ros2_iron/install/tracetools_launch:/home/vboxuser/ros2_iron/install/topic_monitor:/home/vboxuser/ros2_iron/install/tf2_tools:/home/vboxuser/ros2_iron/install/examples_tf2_py:/home/vboxuser/ros2_iron/install/tf2_ros_py:/home/vboxuser/ros2_iron/install/examples_rclpy_pointcloud_publisher:/home/vboxuser/ros2_iron/install/sensor_msgs_py:/home/vboxuser/ros2_iron/install/quality_of_service_demo_py:/home/vboxuser/ros2_iron/install/rqt_plot:/home/vboxuser/ros2_iron/install/ros2doctor:/home/vboxuser/ros2_iron/install/lifecycle_py:/home/vboxuser/ros2_iron/install/examples_rclpy_minimal_subscriber:/home/vboxuser/ros2_iron/install/examples_rclpy_minimal_service:/home/vboxuser/ros2_iron/install/examples_rclpy_minimal_publisher:/home/vboxuser/ros2_iron/install/examples_rclpy_minimal_client:/home/vboxuser/ros2_iron/install/examples_rclpy_executors:/home/vboxuser/ros2_iron/install/demo_nodes_py:/home/vboxuser/ros2_iron/install/rqt:/home/vboxuser/ros2_iron/install/ros2component:/home/vboxuser/ros2_iron/install/sros2:/home/vboxuser/ros2_iron/install/rqt_topic:/home/vboxuser/ros2_iron/install/rqt_srv:/home/vboxuser/ros2_iron/install/rqt_shell:/home/vboxuser/ros2_iron/install/rqt_service_caller:/home/vboxuser/ros2_iron/install/rqt_reconfigure:/home/vboxuser/ros2_iron/install/rqt_py_console:/home/vboxuser/ros2_iron/install/rqt_publisher:/home/vboxuser/ros2_iron/install/rqt_action:/home/vboxuser/ros2_iron/install/rqt_msg:/home/vboxuser/ros2_iron/install/rqt_console:/home/vboxuser/ros2_iron/install/rqt_graph:/home/vboxuser/ros2_iron/install/rqt_gui_py:/home/vboxuser/ros2_iron/install/rqt_gui:/home/vboxuser/ros2_iron/install/ros2trace:/home/vboxuser/ros2_iron/install/ros2topic:/home/vboxuser/ros2_iron/install/ros2test:/home/vboxuser/ros2_iron/install/ros2param:/home/vboxuser/ros2_iron/install/ros2lifecycle:/home/vboxuser/ros2_iron/install/ros2service:/home/vboxuser/ros2_iron/install/ros2run:/home/vboxuser/ros2_iron/install/ros2launch:/home/vboxuser/ros2_iron/install/ros2pkg:/home/vboxuser/ros2_iron/install/ros2node:/home/vboxuser/ros2_iron/install/ros2multicast:/home/vboxuser/ros2_iron/install/ros2interface:/home/vboxuser/ros2_iron/install/ros2action:/home/vboxuser/ros2_iron/install/ros2cli:/home/vboxuser/ros2_iron/install/launch_testing_ros:/home/vboxuser/ros2_iron/install/launch_ros:/home/vboxuser/ros2_iron/install/examples_rclpy_minimal_action_server:/home/vboxuser/ros2_iron/install/examples_rclpy_minimal_action_client:/home/vboxuser/ros2_iron/install/examples_rclpy_guard_conditions:/home/vboxuser/ros2_iron/install/action_tutorials_py:/home/vboxuser/ros2_iron/install/ament_uncrustify:/home/vboxuser/ros2_iron/install/tracetools_trace:/home/vboxuser/ros2_iron/install/tracetools_read:/home/vboxuser/ros2_iron/install/test_tracetools_launch:/home/vboxuser/ros2_iron/install/test_ros2trace:/home/vboxuser/ros2_iron/install/test_launch_ros:/home/vboxuser/ros2_iron/install/rpyutils:/home/vboxuser/ros2_iron/install/rosidl_runtime_py:/home/vboxuser/ros2_iron/install/rosidl_pycommon:/home/vboxuser/ros2_iron/install/rosidl_cli:/home/vboxuser/ros2_iron/install/launch_pytest:/home/vboxuser/ros2_iron/install/launch_testing:/home/vboxuser/ros2_iron/install/launch_yaml:/home/vboxuser/ros2_iron/install/launch_xml:/home/vboxuser/ros2_iron/install/launch:/home/vboxuser/ros2_iron/install/osrf_pycommon:/home/vboxuser/ros2_iron/install/domain_coordinator:/home/vboxuser/ros2_iron/install/ament_xmllint:/home/vboxuser/ros2_iron/install/ament_pyflakes:/home/vboxuser/ros2_iron/install/ament_pycodestyle:/home/vboxuser/ros2_iron/install/ament_pep257:/home/vboxuser/ros2_iron/install/ament_pclint:/home/vboxuser/ros2_iron/install/ament_package:/home/vboxuser/ros2_iron/install/ament_mypy:/home/vboxuser/ros2_iron/install/ament_lint_cmake:/home/vboxuser/ros2_iron/install/ament_flake8:/home/vboxuser/ros2_iron/install/ament_copyright:/home/vboxuser/ros2_iron/install/ament_lint:/home/vboxuser/ros2_iron/install/ament_index_python:/home/vboxuser/ros2_iron/install/ament_cpplint:/home/vboxuser/ros2_iron/install/ament_cppcheck:/home/vboxuser/ros2_iron/install/ament_clang_tidy:/home/vboxuser/ros2_iron/install/ament_clang_format /usr/bin/cmake --install /home/vboxuser/ros2_ws/build/turtlesim
[36.514s] Level 1:colcon.colcon_core.environment:checking '/home/vboxuser/ros2_ws/install/turtlesim' for CMake config files
[36.514s] Level 1:colcon.colcon_core.shell:create_environment_hook('turtlesim', 'cmake_prefix_path')
[36.516s] INFO:colcon.colcon_core.shell:Creating environment hook '/home/vboxuser/ros2_ws/install/turtlesim/share/turtlesim/hook/cmake_prefix_path.ps1'
[36.517s] INFO:colcon.colcon_core.shell:Creating environment descriptor '/home/vboxuser/ros2_ws/install/turtlesim/share/turtlesim/hook/cmake_prefix_path.dsv'
[36.520s] INFO:colcon.colcon_core.shell:Creating environment hook '/home/vboxuser/ros2_ws/install/turtlesim/share/turtlesim/hook/cmake_prefix_path.sh'
[36.524s] Level 1:colcon.colcon_core.environment:checking '/home/vboxuser/ros2_ws/install/turtlesim/lib'
[36.529s] Level 1:colcon.colcon_core.shell:create_environment_hook('turtlesim', 'ld_library_path_lib')
[36.530s] INFO:colcon.colcon_core.shell:Creating environment hook '/home/vboxuser/ros2_ws/install/turtlesim/share/turtlesim/hook/ld_library_path_lib.ps1'
[36.534s] INFO:colcon.colcon_core.shell:Creating environment descriptor '/home/vboxuser/ros2_ws/install/turtlesim/share/turtlesim/hook/ld_library_path_lib.dsv'
[36.542s] INFO:colcon.colcon_core.shell:Creating environment hook '/home/vboxuser/ros2_ws/install/turtlesim/share/turtlesim/hook/ld_library_path_lib.sh'
[36.547s] Level 1:colcon.colcon_core.environment:checking '/home/vboxuser/ros2_ws/install/turtlesim/bin'
[36.547s] Level 1:colcon.colcon_core.environment:checking '/home/vboxuser/ros2_ws/install/turtlesim/lib/pkgconfig/turtlesim.pc'
[36.548s] Level 1:colcon.colcon_core.environment:checking '/home/vboxuser/ros2_ws/install/turtlesim/lib/python3.10/site-packages'
[36.548s] Level 1:colcon.colcon_core.shell:create_environment_hook('turtlesim', 'pythonpath')
[36.549s] INFO:colcon.colcon_core.shell:Creating environment hook '/home/vboxuser/ros2_ws/install/turtlesim/share/turtlesim/hook/pythonpath.ps1'
[36.569s] INFO:colcon.colcon_core.shell:Creating environment descriptor '/home/vboxuser/ros2_ws/install/turtlesim/share/turtlesim/hook/pythonpath.dsv'
[36.573s] INFO:colcon.colcon_core.shell:Creating environment hook '/home/vboxuser/ros2_ws/install/turtlesim/share/turtlesim/hook/pythonpath.sh'
[36.576s] Level 1:colcon.colcon_core.environment:checking '/home/vboxuser/ros2_ws/install/turtlesim/bin'
[36.578s] INFO:colcon.colcon_core.shell:Creating package script '/home/vboxuser/ros2_ws/install/turtlesim/share/turtlesim/package.ps1'
[36.581s] INFO:colcon.colcon_core.shell:Creating package descriptor '/home/vboxuser/ros2_ws/install/turtlesim/share/turtlesim/package.dsv'
[36.583s] INFO:colcon.colcon_core.shell:Creating package script '/home/vboxuser/ros2_ws/install/turtlesim/share/turtlesim/package.sh'
[36.584s] INFO:colcon.colcon_core.shell:Creating package script '/home/vboxuser/ros2_ws/install/turtlesim/share/turtlesim/package.bash'
[36.586s] INFO:colcon.colcon_core.shell:Creating package script '/home/vboxuser/ros2_ws/install/turtlesim/share/turtlesim/package.zsh'
[36.589s] Level 1:colcon.colcon_core.environment:create_file_with_runtime_dependencies(/home/vboxuser/ros2_ws/install/turtlesim/share/colcon-core/packages/turtlesim)
[36.592s] Level 1:colcon.colcon_core.environment:create_environment_scripts_only(turtlesim)
[36.593s] Level 1:colcon.colcon_core.environment:checking '/home/vboxuser/ros2_ws/install/turtlesim' for CMake module files
[36.594s] Level 1:colcon.colcon_core.environment:checking '/home/vboxuser/ros2_ws/install/turtlesim' for CMake config files
[36.595s] Level 1:colcon.colcon_core.shell:create_environment_hook('turtlesim', 'cmake_prefix_path')
[36.596s] INFO:colcon.colcon_core.shell:Creating environment hook '/home/vboxuser/ros2_ws/install/turtlesim/share/turtlesim/hook/cmake_prefix_path.ps1'
[36.598s] INFO:colcon.colcon_core.shell:Creating environment descriptor '/home/vboxuser/ros2_ws/install/turtlesim/share/turtlesim/hook/cmake_prefix_path.dsv'
[36.600s] INFO:colcon.colcon_core.shell:Creating environment hook '/home/vboxuser/ros2_ws/install/turtlesim/share/turtlesim/hook/cmake_prefix_path.sh'
[36.602s] Level 1:colcon.colcon_core.environment:checking '/home/vboxuser/ros2_ws/install/turtlesim/lib'
[36.602s] Level 1:colcon.colcon_core.shell:create_environment_hook('turtlesim', 'ld_library_path_lib')
[36.603s] INFO:colcon.colcon_core.shell:Creating environment hook '/home/vboxuser/ros2_ws/install/turtlesim/share/turtlesim/hook/ld_library_path_lib.ps1'
[36.604s] INFO:colcon.colcon_core.shell:Creating environment descriptor '/home/vboxuser/ros2_ws/install/turtlesim/share/turtlesim/hook/ld_library_path_lib.dsv'
[36.606s] INFO:colcon.colcon_core.shell:Creating environment hook '/home/vboxuser/ros2_ws/install/turtlesim/share/turtlesim/hook/ld_library_path_lib.sh'
[36.608s] Level 1:colcon.colcon_core.environment:checking '/home/vboxuser/ros2_ws/install/turtlesim/bin'
[36.609s] Level 1:colcon.colcon_core.environment:checking '/home/vboxuser/ros2_ws/install/turtlesim/lib/pkgconfig/turtlesim.pc'
[36.610s] Level 1:colcon.colcon_core.environment:checking '/home/vboxuser/ros2_ws/install/turtlesim/lib/python3.10/site-packages'
[36.610s] Level 1:colcon.colcon_core.shell:create_environment_hook('turtlesim', 'pythonpath')
[36.610s] INFO:colcon.colcon_core.shell:Creating environment hook '/home/vboxuser/ros2_ws/install/turtlesim/share/turtlesim/hook/pythonpath.ps1'
[36.611s] INFO:colcon.colcon_core.shell:Creating environment descriptor '/home/vboxuser/ros2_ws/install/turtlesim/share/turtlesim/hook/pythonpath.dsv'
[36.613s] INFO:colcon.colcon_core.shell:Creating environment hook '/home/vboxuser/ros2_ws/install/turtlesim/share/turtlesim/hook/pythonpath.sh'
[36.615s] Level 1:colcon.colcon_core.environment:checking '/home/vboxuser/ros2_ws/install/turtlesim/bin'
[36.616s] INFO:colcon.colcon_core.shell:Creating package script '/home/vboxuser/ros2_ws/install/turtlesim/share/turtlesim/package.ps1'
[36.618s] INFO:colcon.colcon_core.shell:Creating package descriptor '/home/vboxuser/ros2_ws/install/turtlesim/share/turtlesim/package.dsv'
[36.621s] INFO:colcon.colcon_core.shell:Creating package script '/home/vboxuser/ros2_ws/install/turtlesim/share/turtlesim/package.sh'
[36.623s] INFO:colcon.colcon_core.shell:Creating package script '/home/vboxuser/ros2_ws/install/turtlesim/share/turtlesim/package.bash'
[36.625s] INFO:colcon.colcon_core.shell:Creating package script '/home/vboxuser/ros2_ws/install/turtlesim/share/turtlesim/package.zsh'
[36.627s] Level 1:colcon.colcon_core.environment:create_file_with_runtime_dependencies(/home/vboxuser/ros2_ws/install/turtlesim/share/colcon-core/packages/turtlesim)
[37.117s] Level 1:colcon.colcon_core.environment:checking '/home/vboxuser/ros2_ws/install/py_pubsub' for CMake module files
[37.125s] Level 1:colcon.colcon_core.environment:checking '/home/vboxuser/ros2_ws/install/py_pubsub' for CMake config files
[37.128s] DEBUG:colcon.colcon_core.event_handler.log_command:Invoked command in '/home/vboxuser/ros2_ws/src/py_pubsub' returned '0': PYTHONPATH=/home/vboxuser/ros2_ws/build/py_pubsub/prefix_override:/usr/lib/python3/dist-packages/colcon_core/task/python/colcon_distutils_commands:/home/vboxuser/ros2_ws/install/py_pubsub/lib/python3.10/site-packages:${PYTHONPATH} /usr/bin/python3 -W ignore:setup.py install is deprecated -W ignore:easy_install command is deprecated setup.py egg_info --egg-base ../../build/py_pubsub build --build-base /home/vboxuser/ros2_ws/build/py_pubsub/build install --record /home/vboxuser/ros2_ws/build/py_pubsub/install.log --single-version-externally-managed install_data
[37.129s] Level 1:colcon.colcon_core.environment:checking '/home/vboxuser/ros2_ws/install/py_pubsub/lib'
[37.133s] Level 1:colcon.colcon_core.environment:checking '/home/vboxuser/ros2_ws/install/py_pubsub/bin'
[37.133s] Level 1:colcon.colcon_core.environment:checking '/home/vboxuser/ros2_ws/install/py_pubsub/lib/pkgconfig/py_pubsub.pc'
[37.134s] Level 1:colcon.colcon_core.environment:checking '/home/vboxuser/ros2_ws/install/py_pubsub/lib/python3.10/site-packages'
[37.134s] Level 1:colcon.colcon_core.shell:create_environment_hook('py_pubsub', 'pythonpath')
[37.135s] INFO:colcon.colcon_core.shell:Creating environment hook '/home/vboxuser/ros2_ws/install/py_pubsub/share/py_pubsub/hook/pythonpath.ps1'
[37.137s] INFO:colcon.colcon_core.shell:Creating environment descriptor '/home/vboxuser/ros2_ws/install/py_pubsub/share/py_pubsub/hook/pythonpath.dsv'
[37.139s] INFO:colcon.colcon_core.shell:Creating environment hook '/home/vboxuser/ros2_ws/install/py_pubsub/share/py_pubsub/hook/pythonpath.sh'
[37.143s] Level 1:colcon.colcon_core.environment:checking '/home/vboxuser/ros2_ws/install/py_pubsub/bin'
[37.143s] Level 1:colcon.colcon_core.environment:create_environment_scripts_only(py_pubsub)
[37.145s] INFO:colcon.colcon_core.shell:Creating package script '/home/vboxuser/ros2_ws/install/py_pubsub/share/py_pubsub/package.ps1'
[37.152s] INFO:colcon.colcon_core.shell:Creating package descriptor '/home/vboxuser/ros2_ws/install/py_pubsub/share/py_pubsub/package.dsv'
[37.156s] INFO:colcon.colcon_core.shell:Creating package script '/home/vboxuser/ros2_ws/install/py_pubsub/share/py_pubsub/package.sh'
[37.158s] INFO:colcon.colcon_core.shell:Creating package script '/home/vboxuser/ros2_ws/install/py_pubsub/share/py_pubsub/package.bash'
[37.161s] INFO:colcon.colcon_core.shell:Creating package script '/home/vboxuser/ros2_ws/install/py_pubsub/share/py_pubsub/package.zsh'
[37.164s] Level 1:colcon.colcon_core.environment:create_file_with_runtime_dependencies(/home/vboxuser/ros2_ws/install/py_pubsub/share/colcon-core/packages/py_pubsub)
[37.167s] DEBUG:colcon.colcon_parallel_executor.executor.parallel:closing loop
[37.169s] DEBUG:colcon.colcon_parallel_executor.executor.parallel:loop closed
[37.170s] DEBUG:colcon.colcon_parallel_executor.executor.parallel:run_until_complete finished with '0'
[37.170s] DEBUG:colcon.colcon_core.event_reactor:joining thread
[37.214s] INFO:colcon.colcon_core.plugin_system:Skipping extension 'colcon_notification.desktop_notification.terminal_notifier': Not used on non-Darwin systems
[37.218s] INFO:colcon.colcon_core.plugin_system:Skipping extension 'colcon_notification.desktop_notification.win32': Not used on non-Windows systems
[37.218s] INFO:colcon.colcon_notification.desktop_notification:Sending desktop notification using 'notify2'
[37.306s] DEBUG:colcon.colcon_core.event_reactor:joined thread
[37.307s] INFO:colcon.colcon_core.shell:Creating prefix script '/home/vboxuser/ros2_ws/install/local_setup.ps1'
[37.311s] INFO:colcon.colcon_core.shell:Creating prefix util module '/home/vboxuser/ros2_ws/install/_local_setup_util_ps1.py'
[37.317s] INFO:colcon.colcon_core.shell:Creating prefix chain script '/home/vboxuser/ros2_ws/install/setup.ps1'
[37.347s] INFO:colcon.colcon_core.shell:Creating prefix script '/home/vboxuser/ros2_ws/install/local_setup.sh'
[37.348s] INFO:colcon.colcon_core.shell:Creating prefix util module '/home/vboxuser/ros2_ws/install/_local_setup_util_sh.py'
[37.349s] INFO:colcon.colcon_core.shell:Creating prefix chain script '/home/vboxuser/ros2_ws/install/setup.sh'
[37.384s] INFO:colcon.colcon_core.shell:Creating prefix script '/home/vboxuser/ros2_ws/install/local_setup.bash'
[37.385s] INFO:colcon.colcon_core.shell:Creating prefix chain script '/home/vboxuser/ros2_ws/install/setup.bash'
[37.423s] INFO:colcon.colcon_core.shell:Creating prefix script '/home/vboxuser/ros2_ws/install/local_setup.zsh'
[37.427s] INFO:colcon.colcon_core.shell:Creating prefix chain script '/home/vboxuser/ros2_ws/install/setup.zsh'
