[0.349s] DEBUG:colcon:Command line arguments: ['/usr/bin/colcon', 'build']
[0.350s] DEBUG:colcon:Parsed command line arguments: Namespace(log_base=None, log_level=None, verb_name='build', build_base='build', install_base='install', merge_install=False, symlink_install=False, test_result_base=None, continue_on_error=False, executor='parallel', parallel_workers=4, event_handlers=None, ignore_user_meta=False, metas=['./colcon.meta'], base_paths=['.'], packages_ignore=None, packages_ignore_regex=None, paths=None, packages_up_to=None, packages_up_to_regex=None, packages_above=None, packages_above_and_dependencies=None, packages_above_depth=None, packages_select_by_dep=None, packages_skip_by_dep=None, packages_skip_up_to=None, packages_select_build_failed=False, packages_skip_build_finished=False, packages_select_test_failures=False, packages_skip_test_passed=False, packages_select=None, packages_skip=None, packages_select_regex=None, packages_skip_regex=None, packages_start=None, packages_end=None, allow_overriding=[], cmake_args=None, cmake_target=None, cmake_target_skip_unavailable=False, cmake_clean_cache=False, cmake_clean_first=False, cmake_force_configure=False, ament_cmake_args=None, catkin_cmake_args=None, catkin_skip_building_tests=False, mixin_files=None, mixin=None, verb_parser=<colcon_mixin.mixin.mixin_argument.MixinArgumentDecorator object at 0x7950d51d0e50>, verb_extension=<colcon_core.verb.build.BuildVerb object at 0x7950d51d0880>, main=<bound method BuildVerb.main of <colcon_core.verb.build.BuildVerb object at 0x7950d51d0880>>, mixin_verb=('build',))
[0.712s] Level 1:colcon.colcon_core.package_discovery:discover_packages(colcon_meta) check parameters
[0.712s] Level 1:colcon.colcon_core.package_discovery:discover_packages(recursive) check parameters
[0.712s] Level 1:colcon.colcon_core.package_discovery:discover_packages(ignore) check parameters
[0.712s] Level 1:colcon.colcon_core.package_discovery:discover_packages(path) check parameters
[0.712s] Level 1:colcon.colcon_core.package_discovery:discover_packages(colcon_meta) discover
[0.712s] Level 1:colcon.colcon_core.package_discovery:discover_packages(recursive) discover
[0.712s] INFO:colcon.colcon_core.package_discovery:Crawling recursively for packages in '/home/vboxuser/ros2_ws'
[0.713s] Level 1:colcon.colcon_core.package_identification:_identify(.) by extensions ['ignore', 'ignore_ament_install']
[0.713s] Level 1:colcon.colcon_core.package_identification:_identify(.) by extension 'ignore'
[0.713s] Level 1:colcon.colcon_core.package_identification:_identify(.) by extension 'ignore_ament_install'
[0.713s] Level 1:colcon.colcon_core.package_identification:_identify(.) by extensions ['colcon_pkg']
[0.713s] Level 1:colcon.colcon_core.package_identification:_identify(.) by extension 'colcon_pkg'
[0.713s] Level 1:colcon.colcon_core.package_identification:_identify(.) by extensions ['colcon_meta']
[0.713s] Level 1:colcon.colcon_core.package_identification:_identify(.) by extension 'colcon_meta'
[0.713s] Level 1:colcon.colcon_core.package_identification:_identify(.) by extensions ['ros']
[0.713s] Level 1:colcon.colcon_core.package_identification:_identify(.) by extension 'ros'
[0.737s] Level 1:colcon.colcon_core.package_identification:_identify(.) by extensions ['cmake', 'python']
[0.737s] Level 1:colcon.colcon_core.package_identification:_identify(.) by extension 'cmake'
[0.738s] Level 1:colcon.colcon_core.package_identification:_identify(.) by extension 'python'
[0.738s] Level 1:colcon.colcon_core.package_identification:_identify(.) by extensions ['python_setup_py']
[0.738s] Level 1:colcon.colcon_core.package_identification:_identify(.) by extension 'python_setup_py'
[0.738s] Level 1:colcon.colcon_core.package_identification:_identify(build) by extensions ['ignore', 'ignore_ament_install']
[0.738s] Level 1:colcon.colcon_core.package_identification:_identify(build) by extension 'ignore'
[0.738s] Level 1:colcon.colcon_core.package_identification:_identify(build) ignored
[0.738s] Level 1:colcon.colcon_core.package_identification:_identify(install) by extensions ['ignore', 'ignore_ament_install']
[0.739s] Level 1:colcon.colcon_core.package_identification:_identify(install) by extension 'ignore'
[0.739s] Level 1:colcon.colcon_core.package_identification:_identify(install) ignored
[0.739s] Level 1:colcon.colcon_core.package_identification:_identify(log) by extensions ['ignore', 'ignore_ament_install']
[0.739s] Level 1:colcon.colcon_core.package_identification:_identify(log) by extension 'ignore'
[0.739s] Level 1:colcon.colcon_core.package_identification:_identify(log) ignored
[0.739s] Level 1:colcon.colcon_core.package_identification:_identify(src) by extensions ['ignore', 'ignore_ament_install']
[0.740s] Level 1:colcon.colcon_core.package_identification:_identify(src) by extension 'ignore'
[0.740s] Level 1:colcon.colcon_core.package_identification:_identify(src) by extension 'ignore_ament_install'
[0.740s] Level 1:colcon.colcon_core.package_identification:_identify(src) by extensions ['colcon_pkg']
[0.740s] Level 1:colcon.colcon_core.package_identification:_identify(src) by extension 'colcon_pkg'
[0.740s] Level 1:colcon.colcon_core.package_identification:_identify(src) by extensions ['colcon_meta']
[0.740s] Level 1:colcon.colcon_core.package_identification:_identify(src) by extension 'colcon_meta'
[0.740s] Level 1:colcon.colcon_core.package_identification:_identify(src) by extensions ['ros']
[0.740s] Level 1:colcon.colcon_core.package_identification:_identify(src) by extension 'ros'
[0.740s] Level 1:colcon.colcon_core.package_identification:_identify(src) by extensions ['cmake', 'python']
[0.740s] Level 1:colcon.colcon_core.package_identification:_identify(src) by extension 'cmake'
[0.740s] Level 1:colcon.colcon_core.package_identification:_identify(src) by extension 'python'
[0.740s] Level 1:colcon.colcon_core.package_identification:_identify(src) by extensions ['python_setup_py']
[0.740s] Level 1:colcon.colcon_core.package_identification:_identify(src) by extension 'python_setup_py'
[0.740s] Level 1:colcon.colcon_core.package_identification:_identify(src/BMS_BQ769X2) by extensions ['ignore', 'ignore_ament_install']
[0.740s] Level 1:colcon.colcon_core.package_identification:_identify(src/BMS_BQ769X2) by extension 'ignore'
[0.741s] Level 1:colcon.colcon_core.package_identification:_identify(src/BMS_BQ769X2) by extension 'ignore_ament_install'
[0.741s] Level 1:colcon.colcon_core.package_identification:_identify(src/BMS_BQ769X2) by extensions ['colcon_pkg']
[0.741s] Level 1:colcon.colcon_core.package_identification:_identify(src/BMS_BQ769X2) by extension 'colcon_pkg'
[0.741s] Level 1:colcon.colcon_core.package_identification:_identify(src/BMS_BQ769X2) by extensions ['colcon_meta']
[0.741s] Level 1:colcon.colcon_core.package_identification:_identify(src/BMS_BQ769X2) by extension 'colcon_meta'
[0.741s] Level 1:colcon.colcon_core.package_identification:_identify(src/BMS_BQ769X2) by extensions ['ros']
[0.741s] Level 1:colcon.colcon_core.package_identification:_identify(src/BMS_BQ769X2) by extension 'ros'
[0.741s] Level 1:colcon.colcon_core.package_identification:_identify(src/BMS_BQ769X2) by extensions ['cmake', 'python']
[0.741s] Level 1:colcon.colcon_core.package_identification:_identify(src/BMS_BQ769X2) by extension 'cmake'
[0.741s] Level 1:colcon.colcon_core.package_identification:_identify(src/BMS_BQ769X2) by extension 'python'
[0.741s] Level 1:colcon.colcon_core.package_identification:_identify(src/BMS_BQ769X2) by extensions ['python_setup_py']
[0.741s] Level 1:colcon.colcon_core.package_identification:_identify(src/BMS_BQ769X2) by extension 'python_setup_py'
[0.741s] Level 1:colcon.colcon_core.package_identification:_identify(src/BMS_BQ769X2/src) by extensions ['ignore', 'ignore_ament_install']
[0.741s] Level 1:colcon.colcon_core.package_identification:_identify(src/BMS_BQ769X2/src) by extension 'ignore'
[0.741s] Level 1:colcon.colcon_core.package_identification:_identify(src/BMS_BQ769X2/src) by extension 'ignore_ament_install'
[0.741s] Level 1:colcon.colcon_core.package_identification:_identify(src/BMS_BQ769X2/src) by extensions ['colcon_pkg']
[0.741s] Level 1:colcon.colcon_core.package_identification:_identify(src/BMS_BQ769X2/src) by extension 'colcon_pkg'
[0.741s] Level 1:colcon.colcon_core.package_identification:_identify(src/BMS_BQ769X2/src) by extensions ['colcon_meta']
[0.742s] Level 1:colcon.colcon_core.package_identification:_identify(src/BMS_BQ769X2/src) by extension 'colcon_meta'
[0.742s] Level 1:colcon.colcon_core.package_identification:_identify(src/BMS_BQ769X2/src) by extensions ['ros']
[0.742s] Level 1:colcon.colcon_core.package_identification:_identify(src/BMS_BQ769X2/src) by extension 'ros'
[0.742s] Level 1:colcon.colcon_core.package_identification:_identify(src/BMS_BQ769X2/src) by extensions ['cmake', 'python']
[0.742s] Level 1:colcon.colcon_core.package_identification:_identify(src/BMS_BQ769X2/src) by extension 'cmake'
[0.742s] Level 1:colcon.colcon_core.package_identification:_identify(src/BMS_BQ769X2/src) by extension 'python'
[0.742s] Level 1:colcon.colcon_core.package_identification:_identify(src/BMS_BQ769X2/src) by extensions ['python_setup_py']
[0.742s] Level 1:colcon.colcon_core.package_identification:_identify(src/BMS_BQ769X2/src) by extension 'python_setup_py'
[0.742s] Level 1:colcon.colcon_core.package_identification:_identify(src/BMS_BQ769X2/src/bms_visualizer) by extensions ['ignore', 'ignore_ament_install']
[0.742s] Level 1:colcon.colcon_core.package_identification:_identify(src/BMS_BQ769X2/src/bms_visualizer) by extension 'ignore'
[0.742s] Level 1:colcon.colcon_core.package_identification:_identify(src/BMS_BQ769X2/src/bms_visualizer) by extension 'ignore_ament_install'
[0.742s] Level 1:colcon.colcon_core.package_identification:_identify(src/BMS_BQ769X2/src/bms_visualizer) by extensions ['colcon_pkg']
[0.742s] Level 1:colcon.colcon_core.package_identification:_identify(src/BMS_BQ769X2/src/bms_visualizer) by extension 'colcon_pkg'
[0.742s] Level 1:colcon.colcon_core.package_identification:_identify(src/BMS_BQ769X2/src/bms_visualizer) by extensions ['colcon_meta']
[0.742s] Level 1:colcon.colcon_core.package_identification:_identify(src/BMS_BQ769X2/src/bms_visualizer) by extension 'colcon_meta'
[0.743s] Level 1:colcon.colcon_core.package_identification:_identify(src/BMS_BQ769X2/src/bms_visualizer) by extensions ['ros']
[0.743s] Level 1:colcon.colcon_core.package_identification:_identify(src/BMS_BQ769X2/src/bms_visualizer) by extension 'ros'
[0.748s] DEBUG:colcon.colcon_core.package_identification:Package 'src/BMS_BQ769X2/src/bms_visualizer' with type 'ros.ament_python' and name 'bms_visualizer'
[0.748s] Level 1:colcon.colcon_core.package_identification:_identify(src/BMS_BQ769X2/src/bq769x2_i2c_ros) by extensions ['ignore', 'ignore_ament_install']
[0.749s] Level 1:colcon.colcon_core.package_identification:_identify(src/BMS_BQ769X2/src/bq769x2_i2c_ros) by extension 'ignore'
[0.749s] Level 1:colcon.colcon_core.package_identification:_identify(src/BMS_BQ769X2/src/bq769x2_i2c_ros) by extension 'ignore_ament_install'
[0.749s] Level 1:colcon.colcon_core.package_identification:_identify(src/BMS_BQ769X2/src/bq769x2_i2c_ros) by extensions ['colcon_pkg']
[0.749s] Level 1:colcon.colcon_core.package_identification:_identify(src/BMS_BQ769X2/src/bq769x2_i2c_ros) by extension 'colcon_pkg'
[0.749s] Level 1:colcon.colcon_core.package_identification:_identify(src/BMS_BQ769X2/src/bq769x2_i2c_ros) by extensions ['colcon_meta']
[0.749s] Level 1:colcon.colcon_core.package_identification:_identify(src/BMS_BQ769X2/src/bq769x2_i2c_ros) by extension 'colcon_meta'
[0.749s] Level 1:colcon.colcon_core.package_identification:_identify(src/BMS_BQ769X2/src/bq769x2_i2c_ros) by extensions ['ros']
[0.749s] Level 1:colcon.colcon_core.package_identification:_identify(src/BMS_BQ769X2/src/bq769x2_i2c_ros) by extension 'ros'
[0.750s] DEBUG:colcon.colcon_core.package_identification:Package 'src/BMS_BQ769X2/src/bq769x2_i2c_ros' with type 'ros.ament_cmake' and name 'bq769x2_i2c_ros'
[0.750s] Level 1:colcon.colcon_core.package_identification:_identify(src/Results) by extensions ['ignore', 'ignore_ament_install']
[0.750s] Level 1:colcon.colcon_core.package_identification:_identify(src/Results) by extension 'ignore'
[0.750s] Level 1:colcon.colcon_core.package_identification:_identify(src/Results) by extension 'ignore_ament_install'
[0.750s] Level 1:colcon.colcon_core.package_identification:_identify(src/Results) by extensions ['colcon_pkg']
[0.750s] Level 1:colcon.colcon_core.package_identification:_identify(src/Results) by extension 'colcon_pkg'
[0.750s] Level 1:colcon.colcon_core.package_identification:_identify(src/Results) by extensions ['colcon_meta']
[0.750s] Level 1:colcon.colcon_core.package_identification:_identify(src/Results) by extension 'colcon_meta'
[0.750s] Level 1:colcon.colcon_core.package_identification:_identify(src/Results) by extensions ['ros']
[0.750s] Level 1:colcon.colcon_core.package_identification:_identify(src/Results) by extension 'ros'
[0.751s] Level 1:colcon.colcon_core.package_identification:_identify(src/Results) by extensions ['cmake', 'python']
[0.751s] Level 1:colcon.colcon_core.package_identification:_identify(src/Results) by extension 'cmake'
[0.751s] Level 1:colcon.colcon_core.package_identification:_identify(src/Results) by extension 'python'
[0.751s] Level 1:colcon.colcon_core.package_identification:_identify(src/Results) by extensions ['python_setup_py']
[0.751s] Level 1:colcon.colcon_core.package_identification:_identify(src/Results) by extension 'python_setup_py'
[0.751s] Level 1:colcon.colcon_core.package_identification:_identify(src/Results_from_28_07_28) by extensions ['ignore', 'ignore_ament_install']
[0.751s] Level 1:colcon.colcon_core.package_identification:_identify(src/Results_from_28_07_28) by extension 'ignore'
[0.751s] Level 1:colcon.colcon_core.package_identification:_identify(src/Results_from_28_07_28) by extension 'ignore_ament_install'
[0.751s] Level 1:colcon.colcon_core.package_identification:_identify(src/Results_from_28_07_28) by extensions ['colcon_pkg']
[0.751s] Level 1:colcon.colcon_core.package_identification:_identify(src/Results_from_28_07_28) by extension 'colcon_pkg'
[0.751s] Level 1:colcon.colcon_core.package_identification:_identify(src/Results_from_28_07_28) by extensions ['colcon_meta']
[0.751s] Level 1:colcon.colcon_core.package_identification:_identify(src/Results_from_28_07_28) by extension 'colcon_meta'
[0.751s] Level 1:colcon.colcon_core.package_identification:_identify(src/Results_from_28_07_28) by extensions ['ros']
[0.751s] Level 1:colcon.colcon_core.package_identification:_identify(src/Results_from_28_07_28) by extension 'ros'
[0.751s] Level 1:colcon.colcon_core.package_identification:_identify(src/Results_from_28_07_28) by extensions ['cmake', 'python']
[0.751s] Level 1:colcon.colcon_core.package_identification:_identify(src/Results_from_28_07_28) by extension 'cmake'
[0.752s] Level 1:colcon.colcon_core.package_identification:_identify(src/Results_from_28_07_28) by extension 'python'
[0.752s] Level 1:colcon.colcon_core.package_identification:_identify(src/Results_from_28_07_28) by extensions ['python_setup_py']
[0.752s] Level 1:colcon.colcon_core.package_identification:_identify(src/Results_from_28_07_28) by extension 'python_setup_py'
[0.752s] Level 1:colcon.colcon_core.package_identification:_identify(src/build) by extensions ['ignore', 'ignore_ament_install']
[0.752s] Level 1:colcon.colcon_core.package_identification:_identify(src/build) by extension 'ignore'
[0.752s] Level 1:colcon.colcon_core.package_identification:_identify(src/build) ignored
[0.752s] Level 1:colcon.colcon_core.package_identification:_identify(src/examples) by extensions ['ignore', 'ignore_ament_install']
[0.752s] Level 1:colcon.colcon_core.package_identification:_identify(src/examples) by extension 'ignore'
[0.752s] Level 1:colcon.colcon_core.package_identification:_identify(src/examples) by extension 'ignore_ament_install'
[0.752s] Level 1:colcon.colcon_core.package_identification:_identify(src/examples) by extensions ['colcon_pkg']
[0.752s] Level 1:colcon.colcon_core.package_identification:_identify(src/examples) by extension 'colcon_pkg'
[0.752s] Level 1:colcon.colcon_core.package_identification:_identify(src/examples) by extensions ['colcon_meta']
[0.752s] Level 1:colcon.colcon_core.package_identification:_identify(src/examples) by extension 'colcon_meta'
[0.752s] Level 1:colcon.colcon_core.package_identification:_identify(src/examples) by extensions ['ros']
[0.752s] Level 1:colcon.colcon_core.package_identification:_identify(src/examples) by extension 'ros'
[0.753s] Level 1:colcon.colcon_core.package_identification:_identify(src/examples) by extensions ['cmake', 'python']
[0.753s] Level 1:colcon.colcon_core.package_identification:_identify(src/examples) by extension 'cmake'
[0.753s] Level 1:colcon.colcon_core.package_identification:_identify(src/examples) by extension 'python'
[0.753s] Level 1:colcon.colcon_core.package_identification:_identify(src/examples) by extensions ['python_setup_py']
[0.753s] Level 1:colcon.colcon_core.package_identification:_identify(src/examples) by extension 'python_setup_py'
[0.753s] Level 1:colcon.colcon_core.package_identification:_identify(src/examples/launch_testing) by extensions ['ignore', 'ignore_ament_install']
[0.753s] Level 1:colcon.colcon_core.package_identification:_identify(src/examples/launch_testing) by extension 'ignore'
[0.753s] Level 1:colcon.colcon_core.package_identification:_identify(src/examples/launch_testing) by extension 'ignore_ament_install'
[0.753s] Level 1:colcon.colcon_core.package_identification:_identify(src/examples/launch_testing) by extensions ['colcon_pkg']
[0.753s] Level 1:colcon.colcon_core.package_identification:_identify(src/examples/launch_testing) by extension 'colcon_pkg'
[0.753s] Level 1:colcon.colcon_core.package_identification:_identify(src/examples/launch_testing) by extensions ['colcon_meta']
[0.753s] Level 1:colcon.colcon_core.package_identification:_identify(src/examples/launch_testing) by extension 'colcon_meta'
[0.753s] Level 1:colcon.colcon_core.package_identification:_identify(src/examples/launch_testing) by extensions ['ros']
[0.753s] Level 1:colcon.colcon_core.package_identification:_identify(src/examples/launch_testing) by extension 'ros'
[0.753s] Level 1:colcon.colcon_core.package_identification:_identify(src/examples/launch_testing) by extensions ['cmake', 'python']
[0.753s] Level 1:colcon.colcon_core.package_identification:_identify(src/examples/launch_testing) by extension 'cmake'
[0.753s] Level 1:colcon.colcon_core.package_identification:_identify(src/examples/launch_testing) by extension 'python'
[0.754s] Level 1:colcon.colcon_core.package_identification:_identify(src/examples/launch_testing) by extensions ['python_setup_py']
[0.754s] Level 1:colcon.colcon_core.package_identification:_identify(src/examples/launch_testing) by extension 'python_setup_py'
[0.754s] Level 1:colcon.colcon_core.package_identification:_identify(src/examples/launch_testing/launch_testing_examples) by extensions ['ignore', 'ignore_ament_install']
[0.754s] Level 1:colcon.colcon_core.package_identification:_identify(src/examples/launch_testing/launch_testing_examples) by extension 'ignore'
[0.754s] Level 1:colcon.colcon_core.package_identification:_identify(src/examples/launch_testing/launch_testing_examples) by extension 'ignore_ament_install'
[0.754s] Level 1:colcon.colcon_core.package_identification:_identify(src/examples/launch_testing/launch_testing_examples) by extensions ['colcon_pkg']
[0.754s] Level 1:colcon.colcon_core.package_identification:_identify(src/examples/launch_testing/launch_testing_examples) by extension 'colcon_pkg'
[0.754s] Level 1:colcon.colcon_core.package_identification:_identify(src/examples/launch_testing/launch_testing_examples) by extensions ['colcon_meta']
[0.754s] Level 1:colcon.colcon_core.package_identification:_identify(src/examples/launch_testing/launch_testing_examples) by extension 'colcon_meta'
[0.754s] Level 1:colcon.colcon_core.package_identification:_identify(src/examples/launch_testing/launch_testing_examples) by extensions ['ros']
[0.754s] Level 1:colcon.colcon_core.package_identification:_identify(src/examples/launch_testing/launch_testing_examples) by extension 'ros'
[0.755s] DEBUG:colcon.colcon_core.package_identification:Package 'src/examples/launch_testing/launch_testing_examples' with type 'ros.ament_python' and name 'launch_testing_examples'
[0.755s] Level 1:colcon.colcon_core.package_identification:_identify(src/examples/rclcpp) by extensions ['ignore', 'ignore_ament_install']
[0.755s] Level 1:colcon.colcon_core.package_identification:_identify(src/examples/rclcpp) by extension 'ignore'
[0.756s] Level 1:colcon.colcon_core.package_identification:_identify(src/examples/rclcpp) by extension 'ignore_ament_install'
[0.756s] Level 1:colcon.colcon_core.package_identification:_identify(src/examples/rclcpp) by extensions ['colcon_pkg']
[0.756s] Level 1:colcon.colcon_core.package_identification:_identify(src/examples/rclcpp) by extension 'colcon_pkg'
[0.756s] Level 1:colcon.colcon_core.package_identification:_identify(src/examples/rclcpp) by extensions ['colcon_meta']
[0.756s] Level 1:colcon.colcon_core.package_identification:_identify(src/examples/rclcpp) by extension 'colcon_meta'
[0.756s] Level 1:colcon.colcon_core.package_identification:_identify(src/examples/rclcpp) by extensions ['ros']
[0.756s] Level 1:colcon.colcon_core.package_identification:_identify(src/examples/rclcpp) by extension 'ros'
[0.756s] Level 1:colcon.colcon_core.package_identification:_identify(src/examples/rclcpp) by extensions ['cmake', 'python']
[0.756s] Level 1:colcon.colcon_core.package_identification:_identify(src/examples/rclcpp) by extension 'cmake'
[0.756s] Level 1:colcon.colcon_core.package_identification:_identify(src/examples/rclcpp) by extension 'python'
[0.756s] Level 1:colcon.colcon_core.package_identification:_identify(src/examples/rclcpp) by extensions ['python_setup_py']
[0.756s] Level 1:colcon.colcon_core.package_identification:_identify(src/examples/rclcpp) by extension 'python_setup_py'
[0.756s] Level 1:colcon.colcon_core.package_identification:_identify(src/examples/rclcpp/actions) by extensions ['ignore', 'ignore_ament_install']
[0.756s] Level 1:colcon.colcon_core.package_identification:_identify(src/examples/rclcpp/actions) by extension 'ignore'
[0.756s] Level 1:colcon.colcon_core.package_identification:_identify(src/examples/rclcpp/actions) by extension 'ignore_ament_install'
[0.757s] Level 1:colcon.colcon_core.package_identification:_identify(src/examples/rclcpp/actions) by extensions ['colcon_pkg']
[0.757s] Level 1:colcon.colcon_core.package_identification:_identify(src/examples/rclcpp/actions) by extension 'colcon_pkg'
[0.757s] Level 1:colcon.colcon_core.package_identification:_identify(src/examples/rclcpp/actions) by extensions ['colcon_meta']
[0.757s] Level 1:colcon.colcon_core.package_identification:_identify(src/examples/rclcpp/actions) by extension 'colcon_meta'
[0.757s] Level 1:colcon.colcon_core.package_identification:_identify(src/examples/rclcpp/actions) by extensions ['ros']
[0.757s] Level 1:colcon.colcon_core.package_identification:_identify(src/examples/rclcpp/actions) by extension 'ros'
[0.757s] Level 1:colcon.colcon_core.package_identification:_identify(src/examples/rclcpp/actions) by extensions ['cmake', 'python']
[0.757s] Level 1:colcon.colcon_core.package_identification:_identify(src/examples/rclcpp/actions) by extension 'cmake'
[0.757s] Level 1:colcon.colcon_core.package_identification:_identify(src/examples/rclcpp/actions) by extension 'python'
[0.757s] Level 1:colcon.colcon_core.package_identification:_identify(src/examples/rclcpp/actions) by extensions ['python_setup_py']
[0.757s] Level 1:colcon.colcon_core.package_identification:_identify(src/examples/rclcpp/actions) by extension 'python_setup_py'
[0.757s] Level 1:colcon.colcon_core.package_identification:_identify(src/examples/rclcpp/actions/minimal_action_client) by extensions ['ignore', 'ignore_ament_install']
[0.757s] Level 1:colcon.colcon_core.package_identification:_identify(src/examples/rclcpp/actions/minimal_action_client) by extension 'ignore'
[0.757s] Level 1:colcon.colcon_core.package_identification:_identify(src/examples/rclcpp/actions/minimal_action_client) by extension 'ignore_ament_install'
[0.757s] Level 1:colcon.colcon_core.package_identification:_identify(src/examples/rclcpp/actions/minimal_action_client) by extensions ['colcon_pkg']
[0.757s] Level 1:colcon.colcon_core.package_identification:_identify(src/examples/rclcpp/actions/minimal_action_client) by extension 'colcon_pkg'
[0.757s] Level 1:colcon.colcon_core.package_identification:_identify(src/examples/rclcpp/actions/minimal_action_client) by extensions ['colcon_meta']
[0.757s] Level 1:colcon.colcon_core.package_identification:_identify(src/examples/rclcpp/actions/minimal_action_client) by extension 'colcon_meta'
[0.758s] Level 1:colcon.colcon_core.package_identification:_identify(src/examples/rclcpp/actions/minimal_action_client) by extensions ['ros']
[0.758s] Level 1:colcon.colcon_core.package_identification:_identify(src/examples/rclcpp/actions/minimal_action_client) by extension 'ros'
[0.758s] DEBUG:colcon.colcon_core.package_identification:Package 'src/examples/rclcpp/actions/minimal_action_client' with type 'ros.ament_cmake' and name 'examples_rclcpp_minimal_action_client'
[0.759s] Level 1:colcon.colcon_core.package_identification:_identify(src/examples/rclcpp/actions/minimal_action_server) by extensions ['ignore', 'ignore_ament_install']
[0.759s] Level 1:colcon.colcon_core.package_identification:_identify(src/examples/rclcpp/actions/minimal_action_server) by extension 'ignore'
[0.759s] Level 1:colcon.colcon_core.package_identification:_identify(src/examples/rclcpp/actions/minimal_action_server) by extension 'ignore_ament_install'
[0.759s] Level 1:colcon.colcon_core.package_identification:_identify(src/examples/rclcpp/actions/minimal_action_server) by extensions ['colcon_pkg']
[0.759s] Level 1:colcon.colcon_core.package_identification:_identify(src/examples/rclcpp/actions/minimal_action_server) by extension 'colcon_pkg'
[0.759s] Level 1:colcon.colcon_core.package_identification:_identify(src/examples/rclcpp/actions/minimal_action_server) by extensions ['colcon_meta']
[0.759s] Level 1:colcon.colcon_core.package_identification:_identify(src/examples/rclcpp/actions/minimal_action_server) by extension 'colcon_meta'
[0.759s] Level 1:colcon.colcon_core.package_identification:_identify(src/examples/rclcpp/actions/minimal_action_server) by extensions ['ros']
[0.759s] Level 1:colcon.colcon_core.package_identification:_identify(src/examples/rclcpp/actions/minimal_action_server) by extension 'ros'
[0.760s] DEBUG:colcon.colcon_core.package_identification:Package 'src/examples/rclcpp/actions/minimal_action_server' with type 'ros.ament_cmake' and name 'examples_rclcpp_minimal_action_server'
[0.760s] Level 1:colcon.colcon_core.package_identification:_identify(src/examples/rclcpp/composition) by extensions ['ignore', 'ignore_ament_install']
[0.760s] Level 1:colcon.colcon_core.package_identification:_identify(src/examples/rclcpp/composition) by extension 'ignore'
[0.760s] Level 1:colcon.colcon_core.package_identification:_identify(src/examples/rclcpp/composition) by extension 'ignore_ament_install'
[0.760s] Level 1:colcon.colcon_core.package_identification:_identify(src/examples/rclcpp/composition) by extensions ['colcon_pkg']
[0.761s] Level 1:colcon.colcon_core.package_identification:_identify(src/examples/rclcpp/composition) by extension 'colcon_pkg'
[0.761s] Level 1:colcon.colcon_core.package_identification:_identify(src/examples/rclcpp/composition) by extensions ['colcon_meta']
[0.761s] Level 1:colcon.colcon_core.package_identification:_identify(src/examples/rclcpp/composition) by extension 'colcon_meta'
[0.761s] Level 1:colcon.colcon_core.package_identification:_identify(src/examples/rclcpp/composition) by extensions ['ros']
[0.761s] Level 1:colcon.colcon_core.package_identification:_identify(src/examples/rclcpp/composition) by extension 'ros'
[0.761s] Level 1:colcon.colcon_core.package_identification:_identify(src/examples/rclcpp/composition) by extensions ['cmake', 'python']
[0.761s] Level 1:colcon.colcon_core.package_identification:_identify(src/examples/rclcpp/composition) by extension 'cmake'
[0.761s] Level 1:colcon.colcon_core.package_identification:_identify(src/examples/rclcpp/composition) by extension 'python'
[0.761s] Level 1:colcon.colcon_core.package_identification:_identify(src/examples/rclcpp/composition) by extensions ['python_setup_py']
[0.761s] Level 1:colcon.colcon_core.package_identification:_identify(src/examples/rclcpp/composition) by extension 'python_setup_py'
[0.761s] Level 1:colcon.colcon_core.package_identification:_identify(src/examples/rclcpp/composition/minimal_composition) by extensions ['ignore', 'ignore_ament_install']
[0.761s] Level 1:colcon.colcon_core.package_identification:_identify(src/examples/rclcpp/composition/minimal_composition) by extension 'ignore'
[0.761s] Level 1:colcon.colcon_core.package_identification:_identify(src/examples/rclcpp/composition/minimal_composition) by extension 'ignore_ament_install'
[0.761s] Level 1:colcon.colcon_core.package_identification:_identify(src/examples/rclcpp/composition/minimal_composition) by extensions ['colcon_pkg']
[0.761s] Level 1:colcon.colcon_core.package_identification:_identify(src/examples/rclcpp/composition/minimal_composition) by extension 'colcon_pkg'
[0.761s] Level 1:colcon.colcon_core.package_identification:_identify(src/examples/rclcpp/composition/minimal_composition) by extensions ['colcon_meta']
[0.761s] Level 1:colcon.colcon_core.package_identification:_identify(src/examples/rclcpp/composition/minimal_composition) by extension 'colcon_meta'
[0.762s] Level 1:colcon.colcon_core.package_identification:_identify(src/examples/rclcpp/composition/minimal_composition) by extensions ['ros']
[0.762s] Level 1:colcon.colcon_core.package_identification:_identify(src/examples/rclcpp/composition/minimal_composition) by extension 'ros'
[0.762s] DEBUG:colcon.colcon_core.package_identification:Package 'src/examples/rclcpp/composition/minimal_composition' with type 'ros.ament_cmake' and name 'examples_rclcpp_minimal_composition'
[0.762s] Level 1:colcon.colcon_core.package_identification:_identify(src/examples/rclcpp/executors) by extensions ['ignore', 'ignore_ament_install']
[0.763s] Level 1:colcon.colcon_core.package_identification:_identify(src/examples/rclcpp/executors) by extension 'ignore'
[0.763s] Level 1:colcon.colcon_core.package_identification:_identify(src/examples/rclcpp/executors) by extension 'ignore_ament_install'
[0.763s] Level 1:colcon.colcon_core.package_identification:_identify(src/examples/rclcpp/executors) by extensions ['colcon_pkg']
[0.763s] Level 1:colcon.colcon_core.package_identification:_identify(src/examples/rclcpp/executors) by extension 'colcon_pkg'
[0.763s] Level 1:colcon.colcon_core.package_identification:_identify(src/examples/rclcpp/executors) by extensions ['colcon_meta']
[0.763s] Level 1:colcon.colcon_core.package_identification:_identify(src/examples/rclcpp/executors) by extension 'colcon_meta'
[0.763s] Level 1:colcon.colcon_core.package_identification:_identify(src/examples/rclcpp/executors) by extensions ['ros']
[0.763s] Level 1:colcon.colcon_core.package_identification:_identify(src/examples/rclcpp/executors) by extension 'ros'
[0.763s] Level 1:colcon.colcon_core.package_identification:_identify(src/examples/rclcpp/executors) by extensions ['cmake', 'python']
[0.763s] Level 1:colcon.colcon_core.package_identification:_identify(src/examples/rclcpp/executors) by extension 'cmake'
[0.763s] Level 1:colcon.colcon_core.package_identification:_identify(src/examples/rclcpp/executors) by extension 'python'
[0.763s] Level 1:colcon.colcon_core.package_identification:_identify(src/examples/rclcpp/executors) by extensions ['python_setup_py']
[0.763s] Level 1:colcon.colcon_core.package_identification:_identify(src/examples/rclcpp/executors) by extension 'python_setup_py'
[0.763s] Level 1:colcon.colcon_core.package_identification:_identify(src/examples/rclcpp/executors/cbg_executor) by extensions ['ignore', 'ignore_ament_install']
[0.763s] Level 1:colcon.colcon_core.package_identification:_identify(src/examples/rclcpp/executors/cbg_executor) by extension 'ignore'
[0.764s] Level 1:colcon.colcon_core.package_identification:_identify(src/examples/rclcpp/executors/cbg_executor) by extension 'ignore_ament_install'
[0.764s] Level 1:colcon.colcon_core.package_identification:_identify(src/examples/rclcpp/executors/cbg_executor) by extensions ['colcon_pkg']
[0.764s] Level 1:colcon.colcon_core.package_identification:_identify(src/examples/rclcpp/executors/cbg_executor) by extension 'colcon_pkg'
[0.764s] Level 1:colcon.colcon_core.package_identification:_identify(src/examples/rclcpp/executors/cbg_executor) by extensions ['colcon_meta']
[0.764s] Level 1:colcon.colcon_core.package_identification:_identify(src/examples/rclcpp/executors/cbg_executor) by extension 'colcon_meta'
[0.764s] Level 1:colcon.colcon_core.package_identification:_identify(src/examples/rclcpp/executors/cbg_executor) by extensions ['ros']
[0.764s] Level 1:colcon.colcon_core.package_identification:_identify(src/examples/rclcpp/executors/cbg_executor) by extension 'ros'
[0.765s] DEBUG:colcon.colcon_core.package_identification:Package 'src/examples/rclcpp/executors/cbg_executor' with type 'ros.ament_cmake' and name 'examples_rclcpp_cbg_executor'
[0.765s] Level 1:colcon.colcon_core.package_identification:_identify(src/examples/rclcpp/executors/multithreaded_executor) by extensions ['ignore', 'ignore_ament_install']
[0.765s] Level 1:colcon.colcon_core.package_identification:_identify(src/examples/rclcpp/executors/multithreaded_executor) by extension 'ignore'
[0.765s] Level 1:colcon.colcon_core.package_identification:_identify(src/examples/rclcpp/executors/multithreaded_executor) by extension 'ignore_ament_install'
[0.765s] Level 1:colcon.colcon_core.package_identification:_identify(src/examples/rclcpp/executors/multithreaded_executor) by extensions ['colcon_pkg']
[0.765s] Level 1:colcon.colcon_core.package_identification:_identify(src/examples/rclcpp/executors/multithreaded_executor) by extension 'colcon_pkg'
[0.765s] Level 1:colcon.colcon_core.package_identification:_identify(src/examples/rclcpp/executors/multithreaded_executor) by extensions ['colcon_meta']
[0.765s] Level 1:colcon.colcon_core.package_identification:_identify(src/examples/rclcpp/executors/multithreaded_executor) by extension 'colcon_meta'
[0.765s] Level 1:colcon.colcon_core.package_identification:_identify(src/examples/rclcpp/executors/multithreaded_executor) by extensions ['ros']
[0.766s] Level 1:colcon.colcon_core.package_identification:_identify(src/examples/rclcpp/executors/multithreaded_executor) by extension 'ros'
[0.766s] DEBUG:colcon.colcon_core.package_identification:Package 'src/examples/rclcpp/executors/multithreaded_executor' with type 'ros.ament_cmake' and name 'examples_rclcpp_multithreaded_executor'
[0.766s] Level 1:colcon.colcon_core.package_identification:_identify(src/examples/rclcpp/services) by extensions ['ignore', 'ignore_ament_install']
[0.766s] Level 1:colcon.colcon_core.package_identification:_identify(src/examples/rclcpp/services) by extension 'ignore'
[0.767s] Level 1:colcon.colcon_core.package_identification:_identify(src/examples/rclcpp/services) by extension 'ignore_ament_install'
[0.767s] Level 1:colcon.colcon_core.package_identification:_identify(src/examples/rclcpp/services) by extensions ['colcon_pkg']
[0.767s] Level 1:colcon.colcon_core.package_identification:_identify(src/examples/rclcpp/services) by extension 'colcon_pkg'
[0.767s] Level 1:colcon.colcon_core.package_identification:_identify(src/examples/rclcpp/services) by extensions ['colcon_meta']
[0.767s] Level 1:colcon.colcon_core.package_identification:_identify(src/examples/rclcpp/services) by extension 'colcon_meta'
[0.767s] Level 1:colcon.colcon_core.package_identification:_identify(src/examples/rclcpp/services) by extensions ['ros']
[0.767s] Level 1:colcon.colcon_core.package_identification:_identify(src/examples/rclcpp/services) by extension 'ros'
[0.767s] Level 1:colcon.colcon_core.package_identification:_identify(src/examples/rclcpp/services) by extensions ['cmake', 'python']
[0.767s] Level 1:colcon.colcon_core.package_identification:_identify(src/examples/rclcpp/services) by extension 'cmake'
[0.767s] Level 1:colcon.colcon_core.package_identification:_identify(src/examples/rclcpp/services) by extension 'python'
[0.767s] Level 1:colcon.colcon_core.package_identification:_identify(src/examples/rclcpp/services) by extensions ['python_setup_py']
[0.767s] Level 1:colcon.colcon_core.package_identification:_identify(src/examples/rclcpp/services) by extension 'python_setup_py'
[0.767s] Level 1:colcon.colcon_core.package_identification:_identify(src/examples/rclcpp/services/async_client) by extensions ['ignore', 'ignore_ament_install']
[0.767s] Level 1:colcon.colcon_core.package_identification:_identify(src/examples/rclcpp/services/async_client) by extension 'ignore'
[0.767s] Level 1:colcon.colcon_core.package_identification:_identify(src/examples/rclcpp/services/async_client) by extension 'ignore_ament_install'
[0.768s] Level 1:colcon.colcon_core.package_identification:_identify(src/examples/rclcpp/services/async_client) by extensions ['colcon_pkg']
[0.768s] Level 1:colcon.colcon_core.package_identification:_identify(src/examples/rclcpp/services/async_client) by extension 'colcon_pkg'
[0.768s] Level 1:colcon.colcon_core.package_identification:_identify(src/examples/rclcpp/services/async_client) by extensions ['colcon_meta']
[0.768s] Level 1:colcon.colcon_core.package_identification:_identify(src/examples/rclcpp/services/async_client) by extension 'colcon_meta'
[0.768s] Level 1:colcon.colcon_core.package_identification:_identify(src/examples/rclcpp/services/async_client) by extensions ['ros']
[0.768s] Level 1:colcon.colcon_core.package_identification:_identify(src/examples/rclcpp/services/async_client) by extension 'ros'
[0.768s] DEBUG:colcon.colcon_core.package_identification:Package 'src/examples/rclcpp/services/async_client' with type 'ros.ament_cmake' and name 'examples_rclcpp_async_client'
[0.769s] Level 1:colcon.colcon_core.package_identification:_identify(src/examples/rclcpp/services/minimal_client) by extensions ['ignore', 'ignore_ament_install']
[0.769s] Level 1:colcon.colcon_core.package_identification:_identify(src/examples/rclcpp/services/minimal_client) by extension 'ignore'
[0.769s] Level 1:colcon.colcon_core.package_identification:_identify(src/examples/rclcpp/services/minimal_client) by extension 'ignore_ament_install'
[0.769s] Level 1:colcon.colcon_core.package_identification:_identify(src/examples/rclcpp/services/minimal_client) by extensions ['colcon_pkg']
[0.769s] Level 1:colcon.colcon_core.package_identification:_identify(src/examples/rclcpp/services/minimal_client) by extension 'colcon_pkg'
[0.769s] Level 1:colcon.colcon_core.package_identification:_identify(src/examples/rclcpp/services/minimal_client) by extensions ['colcon_meta']
[0.769s] Level 1:colcon.colcon_core.package_identification:_identify(src/examples/rclcpp/services/minimal_client) by extension 'colcon_meta'
[0.769s] Level 1:colcon.colcon_core.package_identification:_identify(src/examples/rclcpp/services/minimal_client) by extensions ['ros']
[0.769s] Level 1:colcon.colcon_core.package_identification:_identify(src/examples/rclcpp/services/minimal_client) by extension 'ros'
[0.770s] DEBUG:colcon.colcon_core.package_identification:Package 'src/examples/rclcpp/services/minimal_client' with type 'ros.ament_cmake' and name 'examples_rclcpp_minimal_client'
[0.770s] Level 1:colcon.colcon_core.package_identification:_identify(src/examples/rclcpp/services/minimal_service) by extensions ['ignore', 'ignore_ament_install']
[0.770s] Level 1:colcon.colcon_core.package_identification:_identify(src/examples/rclcpp/services/minimal_service) by extension 'ignore'
[0.770s] Level 1:colcon.colcon_core.package_identification:_identify(src/examples/rclcpp/services/minimal_service) by extension 'ignore_ament_install'
[0.770s] Level 1:colcon.colcon_core.package_identification:_identify(src/examples/rclcpp/services/minimal_service) by extensions ['colcon_pkg']
[0.771s] Level 1:colcon.colcon_core.package_identification:_identify(src/examples/rclcpp/services/minimal_service) by extension 'colcon_pkg'
[0.771s] Level 1:colcon.colcon_core.package_identification:_identify(src/examples/rclcpp/services/minimal_service) by extensions ['colcon_meta']
[0.771s] Level 1:colcon.colcon_core.package_identification:_identify(src/examples/rclcpp/services/minimal_service) by extension 'colcon_meta'
[0.771s] Level 1:colcon.colcon_core.package_identification:_identify(src/examples/rclcpp/services/minimal_service) by extensions ['ros']
[0.771s] Level 1:colcon.colcon_core.package_identification:_identify(src/examples/rclcpp/services/minimal_service) by extension 'ros'
[0.771s] DEBUG:colcon.colcon_core.package_identification:Package 'src/examples/rclcpp/services/minimal_service' with type 'ros.ament_cmake' and name 'examples_rclcpp_minimal_service'
[0.772s] Level 1:colcon.colcon_core.package_identification:_identify(src/examples/rclcpp/timers) by extensions ['ignore', 'ignore_ament_install']
[0.772s] Level 1:colcon.colcon_core.package_identification:_identify(src/examples/rclcpp/timers) by extension 'ignore'
[0.772s] Level 1:colcon.colcon_core.package_identification:_identify(src/examples/rclcpp/timers) by extension 'ignore_ament_install'
[0.772s] Level 1:colcon.colcon_core.package_identification:_identify(src/examples/rclcpp/timers) by extensions ['colcon_pkg']
[0.772s] Level 1:colcon.colcon_core.package_identification:_identify(src/examples/rclcpp/timers) by extension 'colcon_pkg'
[0.772s] Level 1:colcon.colcon_core.package_identification:_identify(src/examples/rclcpp/timers) by extensions ['colcon_meta']
[0.772s] Level 1:colcon.colcon_core.package_identification:_identify(src/examples/rclcpp/timers) by extension 'colcon_meta'
[0.772s] Level 1:colcon.colcon_core.package_identification:_identify(src/examples/rclcpp/timers) by extensions ['ros']
[0.772s] Level 1:colcon.colcon_core.package_identification:_identify(src/examples/rclcpp/timers) by extension 'ros'
[0.772s] Level 1:colcon.colcon_core.package_identification:_identify(src/examples/rclcpp/timers) by extensions ['cmake', 'python']
[0.772s] Level 1:colcon.colcon_core.package_identification:_identify(src/examples/rclcpp/timers) by extension 'cmake'
[0.772s] Level 1:colcon.colcon_core.package_identification:_identify(src/examples/rclcpp/timers) by extension 'python'
[0.772s] Level 1:colcon.colcon_core.package_identification:_identify(src/examples/rclcpp/timers) by extensions ['python_setup_py']
[0.772s] Level 1:colcon.colcon_core.package_identification:_identify(src/examples/rclcpp/timers) by extension 'python_setup_py'
[0.772s] Level 1:colcon.colcon_core.package_identification:_identify(src/examples/rclcpp/timers/minimal_timer) by extensions ['ignore', 'ignore_ament_install']
[0.772s] Level 1:colcon.colcon_core.package_identification:_identify(src/examples/rclcpp/timers/minimal_timer) by extension 'ignore'
[0.773s] Level 1:colcon.colcon_core.package_identification:_identify(src/examples/rclcpp/timers/minimal_timer) by extension 'ignore_ament_install'
[0.773s] Level 1:colcon.colcon_core.package_identification:_identify(src/examples/rclcpp/timers/minimal_timer) by extensions ['colcon_pkg']
[0.773s] Level 1:colcon.colcon_core.package_identification:_identify(src/examples/rclcpp/timers/minimal_timer) by extension 'colcon_pkg'
[0.773s] Level 1:colcon.colcon_core.package_identification:_identify(src/examples/rclcpp/timers/minimal_timer) by extensions ['colcon_meta']
[0.773s] Level 1:colcon.colcon_core.package_identification:_identify(src/examples/rclcpp/timers/minimal_timer) by extension 'colcon_meta'
[0.773s] Level 1:colcon.colcon_core.package_identification:_identify(src/examples/rclcpp/timers/minimal_timer) by extensions ['ros']
[0.773s] Level 1:colcon.colcon_core.package_identification:_identify(src/examples/rclcpp/timers/minimal_timer) by extension 'ros'
[0.773s] DEBUG:colcon.colcon_core.package_identification:Package 'src/examples/rclcpp/timers/minimal_timer' with type 'ros.ament_cmake' and name 'examples_rclcpp_minimal_timer'
[0.774s] Level 1:colcon.colcon_core.package_identification:_identify(src/examples/rclcpp/topics) by extensions ['ignore', 'ignore_ament_install']
[0.774s] Level 1:colcon.colcon_core.package_identification:_identify(src/examples/rclcpp/topics) by extension 'ignore'
[0.774s] Level 1:colcon.colcon_core.package_identification:_identify(src/examples/rclcpp/topics) by extension 'ignore_ament_install'
[0.774s] Level 1:colcon.colcon_core.package_identification:_identify(src/examples/rclcpp/topics) by extensions ['colcon_pkg']
[0.774s] Level 1:colcon.colcon_core.package_identification:_identify(src/examples/rclcpp/topics) by extension 'colcon_pkg'
[0.774s] Level 1:colcon.colcon_core.package_identification:_identify(src/examples/rclcpp/topics) by extensions ['colcon_meta']
[0.774s] Level 1:colcon.colcon_core.package_identification:_identify(src/examples/rclcpp/topics) by extension 'colcon_meta'
[0.774s] Level 1:colcon.colcon_core.package_identification:_identify(src/examples/rclcpp/topics) by extensions ['ros']
[0.774s] Level 1:colcon.colcon_core.package_identification:_identify(src/examples/rclcpp/topics) by extension 'ros'
[0.774s] Level 1:colcon.colcon_core.package_identification:_identify(src/examples/rclcpp/topics) by extensions ['cmake', 'python']
[0.774s] Level 1:colcon.colcon_core.package_identification:_identify(src/examples/rclcpp/topics) by extension 'cmake'
[0.774s] Level 1:colcon.colcon_core.package_identification:_identify(src/examples/rclcpp/topics) by extension 'python'
[0.774s] Level 1:colcon.colcon_core.package_identification:_identify(src/examples/rclcpp/topics) by extensions ['python_setup_py']
[0.774s] Level 1:colcon.colcon_core.package_identification:_identify(src/examples/rclcpp/topics) by extension 'python_setup_py'
[0.775s] Level 1:colcon.colcon_core.package_identification:_identify(src/examples/rclcpp/topics/minimal_publisher) by extensions ['ignore', 'ignore_ament_install']
[0.775s] Level 1:colcon.colcon_core.package_identification:_identify(src/examples/rclcpp/topics/minimal_publisher) by extension 'ignore'
[0.775s] Level 1:colcon.colcon_core.package_identification:_identify(src/examples/rclcpp/topics/minimal_publisher) by extension 'ignore_ament_install'
[0.775s] Level 1:colcon.colcon_core.package_identification:_identify(src/examples/rclcpp/topics/minimal_publisher) by extensions ['colcon_pkg']
[0.775s] Level 1:colcon.colcon_core.package_identification:_identify(src/examples/rclcpp/topics/minimal_publisher) by extension 'colcon_pkg'
[0.775s] Level 1:colcon.colcon_core.package_identification:_identify(src/examples/rclcpp/topics/minimal_publisher) by extensions ['colcon_meta']
[0.775s] Level 1:colcon.colcon_core.package_identification:_identify(src/examples/rclcpp/topics/minimal_publisher) by extension 'colcon_meta'
[0.775s] Level 1:colcon.colcon_core.package_identification:_identify(src/examples/rclcpp/topics/minimal_publisher) by extensions ['ros']
[0.775s] Level 1:colcon.colcon_core.package_identification:_identify(src/examples/rclcpp/topics/minimal_publisher) by extension 'ros'
[0.776s] DEBUG:colcon.colcon_core.package_identification:Package 'src/examples/rclcpp/topics/minimal_publisher' with type 'ros.ament_cmake' and name 'examples_rclcpp_minimal_publisher'
[0.776s] Level 1:colcon.colcon_core.package_identification:_identify(src/examples/rclcpp/topics/minimal_subscriber) by extensions ['ignore', 'ignore_ament_install']
[0.776s] Level 1:colcon.colcon_core.package_identification:_identify(src/examples/rclcpp/topics/minimal_subscriber) by extension 'ignore'
[0.776s] Level 1:colcon.colcon_core.package_identification:_identify(src/examples/rclcpp/topics/minimal_subscriber) by extension 'ignore_ament_install'
[0.776s] Level 1:colcon.colcon_core.package_identification:_identify(src/examples/rclcpp/topics/minimal_subscriber) by extensions ['colcon_pkg']
[0.776s] Level 1:colcon.colcon_core.package_identification:_identify(src/examples/rclcpp/topics/minimal_subscriber) by extension 'colcon_pkg'
[0.776s] Level 1:colcon.colcon_core.package_identification:_identify(src/examples/rclcpp/topics/minimal_subscriber) by extensions ['colcon_meta']
[0.776s] Level 1:colcon.colcon_core.package_identification:_identify(src/examples/rclcpp/topics/minimal_subscriber) by extension 'colcon_meta'
[0.777s] Level 1:colcon.colcon_core.package_identification:_identify(src/examples/rclcpp/topics/minimal_subscriber) by extensions ['ros']
[0.777s] Level 1:colcon.colcon_core.package_identification:_identify(src/examples/rclcpp/topics/minimal_subscriber) by extension 'ros'
[0.777s] DEBUG:colcon.colcon_core.package_identification:Package 'src/examples/rclcpp/topics/minimal_subscriber' with type 'ros.ament_cmake' and name 'examples_rclcpp_minimal_subscriber'
[0.778s] Level 1:colcon.colcon_core.package_identification:_identify(src/examples/rclcpp/wait_set) by extensions ['ignore', 'ignore_ament_install']
[0.778s] Level 1:colcon.colcon_core.package_identification:_identify(src/examples/rclcpp/wait_set) by extension 'ignore'
[0.778s] Level 1:colcon.colcon_core.package_identification:_identify(src/examples/rclcpp/wait_set) by extension 'ignore_ament_install'
[0.778s] Level 1:colcon.colcon_core.package_identification:_identify(src/examples/rclcpp/wait_set) by extensions ['colcon_pkg']
[0.778s] Level 1:colcon.colcon_core.package_identification:_identify(src/examples/rclcpp/wait_set) by extension 'colcon_pkg'
[0.778s] Level 1:colcon.colcon_core.package_identification:_identify(src/examples/rclcpp/wait_set) by extensions ['colcon_meta']
[0.778s] Level 1:colcon.colcon_core.package_identification:_identify(src/examples/rclcpp/wait_set) by extension 'colcon_meta'
[0.778s] Level 1:colcon.colcon_core.package_identification:_identify(src/examples/rclcpp/wait_set) by extensions ['ros']
[0.778s] Level 1:colcon.colcon_core.package_identification:_identify(src/examples/rclcpp/wait_set) by extension 'ros'
[0.779s] DEBUG:colcon.colcon_core.package_identification:Package 'src/examples/rclcpp/wait_set' with type 'ros.ament_cmake' and name 'examples_rclcpp_wait_set'
[0.779s] Level 1:colcon.colcon_core.package_identification:_identify(src/examples/rclpy) by extensions ['ignore', 'ignore_ament_install']
[0.779s] Level 1:colcon.colcon_core.package_identification:_identify(src/examples/rclpy) by extension 'ignore'
[0.779s] Level 1:colcon.colcon_core.package_identification:_identify(src/examples/rclpy) by extension 'ignore_ament_install'
[0.779s] Level 1:colcon.colcon_core.package_identification:_identify(src/examples/rclpy) by extensions ['colcon_pkg']
[0.779s] Level 1:colcon.colcon_core.package_identification:_identify(src/examples/rclpy) by extension 'colcon_pkg'
[0.779s] Level 1:colcon.colcon_core.package_identification:_identify(src/examples/rclpy) by extensions ['colcon_meta']
[0.779s] Level 1:colcon.colcon_core.package_identification:_identify(src/examples/rclpy) by extension 'colcon_meta'
[0.779s] Level 1:colcon.colcon_core.package_identification:_identify(src/examples/rclpy) by extensions ['ros']
[0.779s] Level 1:colcon.colcon_core.package_identification:_identify(src/examples/rclpy) by extension 'ros'
[0.780s] Level 1:colcon.colcon_core.package_identification:_identify(src/examples/rclpy) by extensions ['cmake', 'python']
[0.780s] Level 1:colcon.colcon_core.package_identification:_identify(src/examples/rclpy) by extension 'cmake'
[0.780s] Level 1:colcon.colcon_core.package_identification:_identify(src/examples/rclpy) by extension 'python'
[0.780s] Level 1:colcon.colcon_core.package_identification:_identify(src/examples/rclpy) by extensions ['python_setup_py']
[0.780s] Level 1:colcon.colcon_core.package_identification:_identify(src/examples/rclpy) by extension 'python_setup_py'
[0.780s] Level 1:colcon.colcon_core.package_identification:_identify(src/examples/rclpy/actions) by extensions ['ignore', 'ignore_ament_install']
[0.780s] Level 1:colcon.colcon_core.package_identification:_identify(src/examples/rclpy/actions) by extension 'ignore'
[0.780s] Level 1:colcon.colcon_core.package_identification:_identify(src/examples/rclpy/actions) by extension 'ignore_ament_install'
[0.780s] Level 1:colcon.colcon_core.package_identification:_identify(src/examples/rclpy/actions) by extensions ['colcon_pkg']
[0.780s] Level 1:colcon.colcon_core.package_identification:_identify(src/examples/rclpy/actions) by extension 'colcon_pkg'
[0.780s] Level 1:colcon.colcon_core.package_identification:_identify(src/examples/rclpy/actions) by extensions ['colcon_meta']
[0.780s] Level 1:colcon.colcon_core.package_identification:_identify(src/examples/rclpy/actions) by extension 'colcon_meta'
[0.780s] Level 1:colcon.colcon_core.package_identification:_identify(src/examples/rclpy/actions) by extensions ['ros']
[0.780s] Level 1:colcon.colcon_core.package_identification:_identify(src/examples/rclpy/actions) by extension 'ros'
[0.780s] Level 1:colcon.colcon_core.package_identification:_identify(src/examples/rclpy/actions) by extensions ['cmake', 'python']
[0.781s] Level 1:colcon.colcon_core.package_identification:_identify(src/examples/rclpy/actions) by extension 'cmake'
[0.781s] Level 1:colcon.colcon_core.package_identification:_identify(src/examples/rclpy/actions) by extension 'python'
[0.781s] Level 1:colcon.colcon_core.package_identification:_identify(src/examples/rclpy/actions) by extensions ['python_setup_py']
[0.781s] Level 1:colcon.colcon_core.package_identification:_identify(src/examples/rclpy/actions) by extension 'python_setup_py'
[0.781s] Level 1:colcon.colcon_core.package_identification:_identify(src/examples/rclpy/actions/minimal_action_client) by extensions ['ignore', 'ignore_ament_install']
[0.781s] Level 1:colcon.colcon_core.package_identification:_identify(src/examples/rclpy/actions/minimal_action_client) by extension 'ignore'
[0.781s] Level 1:colcon.colcon_core.package_identification:_identify(src/examples/rclpy/actions/minimal_action_client) by extension 'ignore_ament_install'
[0.781s] Level 1:colcon.colcon_core.package_identification:_identify(src/examples/rclpy/actions/minimal_action_client) by extensions ['colcon_pkg']
[0.781s] Level 1:colcon.colcon_core.package_identification:_identify(src/examples/rclpy/actions/minimal_action_client) by extension 'colcon_pkg'
[0.781s] Level 1:colcon.colcon_core.package_identification:_identify(src/examples/rclpy/actions/minimal_action_client) by extensions ['colcon_meta']
[0.781s] Level 1:colcon.colcon_core.package_identification:_identify(src/examples/rclpy/actions/minimal_action_client) by extension 'colcon_meta'
[0.781s] Level 1:colcon.colcon_core.package_identification:_identify(src/examples/rclpy/actions/minimal_action_client) by extensions ['ros']
[0.781s] Level 1:colcon.colcon_core.package_identification:_identify(src/examples/rclpy/actions/minimal_action_client) by extension 'ros'
[0.782s] DEBUG:colcon.colcon_core.package_identification:Package 'src/examples/rclpy/actions/minimal_action_client' with type 'ros.ament_python' and name 'examples_rclpy_minimal_action_client'
[0.782s] Level 1:colcon.colcon_core.package_identification:_identify(src/examples/rclpy/actions/minimal_action_server) by extensions ['ignore', 'ignore_ament_install']
[0.782s] Level 1:colcon.colcon_core.package_identification:_identify(src/examples/rclpy/actions/minimal_action_server) by extension 'ignore'
[0.782s] Level 1:colcon.colcon_core.package_identification:_identify(src/examples/rclpy/actions/minimal_action_server) by extension 'ignore_ament_install'
[0.782s] Level 1:colcon.colcon_core.package_identification:_identify(src/examples/rclpy/actions/minimal_action_server) by extensions ['colcon_pkg']
[0.782s] Level 1:colcon.colcon_core.package_identification:_identify(src/examples/rclpy/actions/minimal_action_server) by extension 'colcon_pkg'
[0.783s] Level 1:colcon.colcon_core.package_identification:_identify(src/examples/rclpy/actions/minimal_action_server) by extensions ['colcon_meta']
[0.783s] Level 1:colcon.colcon_core.package_identification:_identify(src/examples/rclpy/actions/minimal_action_server) by extension 'colcon_meta'
[0.783s] Level 1:colcon.colcon_core.package_identification:_identify(src/examples/rclpy/actions/minimal_action_server) by extensions ['ros']
[0.783s] Level 1:colcon.colcon_core.package_identification:_identify(src/examples/rclpy/actions/minimal_action_server) by extension 'ros'
[0.783s] DEBUG:colcon.colcon_core.package_identification:Package 'src/examples/rclpy/actions/minimal_action_server' with type 'ros.ament_python' and name 'examples_rclpy_minimal_action_server'
[0.783s] Level 1:colcon.colcon_core.package_identification:_identify(src/examples/rclpy/executors) by extensions ['ignore', 'ignore_ament_install']
[0.784s] Level 1:colcon.colcon_core.package_identification:_identify(src/examples/rclpy/executors) by extension 'ignore'
[0.784s] Level 1:colcon.colcon_core.package_identification:_identify(src/examples/rclpy/executors) by extension 'ignore_ament_install'
[0.784s] Level 1:colcon.colcon_core.package_identification:_identify(src/examples/rclpy/executors) by extensions ['colcon_pkg']
[0.784s] Level 1:colcon.colcon_core.package_identification:_identify(src/examples/rclpy/executors) by extension 'colcon_pkg'
[0.784s] Level 1:colcon.colcon_core.package_identification:_identify(src/examples/rclpy/executors) by extensions ['colcon_meta']
[0.784s] Level 1:colcon.colcon_core.package_identification:_identify(src/examples/rclpy/executors) by extension 'colcon_meta'
[0.784s] Level 1:colcon.colcon_core.package_identification:_identify(src/examples/rclpy/executors) by extensions ['ros']
[0.784s] Level 1:colcon.colcon_core.package_identification:_identify(src/examples/rclpy/executors) by extension 'ros'
[0.785s] DEBUG:colcon.colcon_core.package_identification:Package 'src/examples/rclpy/executors' with type 'ros.ament_python' and name 'examples_rclpy_executors'
[0.785s] Level 1:colcon.colcon_core.package_identification:_identify(src/examples/rclpy/guard_conditions) by extensions ['ignore', 'ignore_ament_install']
[0.785s] Level 1:colcon.colcon_core.package_identification:_identify(src/examples/rclpy/guard_conditions) by extension 'ignore'
[0.785s] Level 1:colcon.colcon_core.package_identification:_identify(src/examples/rclpy/guard_conditions) by extension 'ignore_ament_install'
[0.785s] Level 1:colcon.colcon_core.package_identification:_identify(src/examples/rclpy/guard_conditions) by extensions ['colcon_pkg']
[0.785s] Level 1:colcon.colcon_core.package_identification:_identify(src/examples/rclpy/guard_conditions) by extension 'colcon_pkg'
[0.785s] Level 1:colcon.colcon_core.package_identification:_identify(src/examples/rclpy/guard_conditions) by extensions ['colcon_meta']
[0.785s] Level 1:colcon.colcon_core.package_identification:_identify(src/examples/rclpy/guard_conditions) by extension 'colcon_meta'
[0.785s] Level 1:colcon.colcon_core.package_identification:_identify(src/examples/rclpy/guard_conditions) by extensions ['ros']
[0.785s] Level 1:colcon.colcon_core.package_identification:_identify(src/examples/rclpy/guard_conditions) by extension 'ros'
[0.786s] DEBUG:colcon.colcon_core.package_identification:Package 'src/examples/rclpy/guard_conditions' with type 'ros.ament_python' and name 'examples_rclpy_guard_conditions'
[0.786s] Level 1:colcon.colcon_core.package_identification:_identify(src/examples/rclpy/services) by extensions ['ignore', 'ignore_ament_install']
[0.786s] Level 1:colcon.colcon_core.package_identification:_identify(src/examples/rclpy/services) by extension 'ignore'
[0.787s] Level 1:colcon.colcon_core.package_identification:_identify(src/examples/rclpy/services) by extension 'ignore_ament_install'
[0.787s] Level 1:colcon.colcon_core.package_identification:_identify(src/examples/rclpy/services) by extensions ['colcon_pkg']
[0.787s] Level 1:colcon.colcon_core.package_identification:_identify(src/examples/rclpy/services) by extension 'colcon_pkg'
[0.787s] Level 1:colcon.colcon_core.package_identification:_identify(src/examples/rclpy/services) by extensions ['colcon_meta']
[0.787s] Level 1:colcon.colcon_core.package_identification:_identify(src/examples/rclpy/services) by extension 'colcon_meta'
[0.787s] Level 1:colcon.colcon_core.package_identification:_identify(src/examples/rclpy/services) by extensions ['ros']
[0.787s] Level 1:colcon.colcon_core.package_identification:_identify(src/examples/rclpy/services) by extension 'ros'
[0.787s] Level 1:colcon.colcon_core.package_identification:_identify(src/examples/rclpy/services) by extensions ['cmake', 'python']
[0.787s] Level 1:colcon.colcon_core.package_identification:_identify(src/examples/rclpy/services) by extension 'cmake'
[0.787s] Level 1:colcon.colcon_core.package_identification:_identify(src/examples/rclpy/services) by extension 'python'
[0.787s] Level 1:colcon.colcon_core.package_identification:_identify(src/examples/rclpy/services) by extensions ['python_setup_py']
[0.787s] Level 1:colcon.colcon_core.package_identification:_identify(src/examples/rclpy/services) by extension 'python_setup_py'
[0.787s] Level 1:colcon.colcon_core.package_identification:_identify(src/examples/rclpy/services/minimal_client) by extensions ['ignore', 'ignore_ament_install']
[0.787s] Level 1:colcon.colcon_core.package_identification:_identify(src/examples/rclpy/services/minimal_client) by extension 'ignore'
[0.787s] Level 1:colcon.colcon_core.package_identification:_identify(src/examples/rclpy/services/minimal_client) by extension 'ignore_ament_install'
[0.788s] Level 1:colcon.colcon_core.package_identification:_identify(src/examples/rclpy/services/minimal_client) by extensions ['colcon_pkg']
[0.788s] Level 1:colcon.colcon_core.package_identification:_identify(src/examples/rclpy/services/minimal_client) by extension 'colcon_pkg'
[0.788s] Level 1:colcon.colcon_core.package_identification:_identify(src/examples/rclpy/services/minimal_client) by extensions ['colcon_meta']
[0.788s] Level 1:colcon.colcon_core.package_identification:_identify(src/examples/rclpy/services/minimal_client) by extension 'colcon_meta'
[0.788s] Level 1:colcon.colcon_core.package_identification:_identify(src/examples/rclpy/services/minimal_client) by extensions ['ros']
[0.788s] Level 1:colcon.colcon_core.package_identification:_identify(src/examples/rclpy/services/minimal_client) by extension 'ros'
[0.788s] DEBUG:colcon.colcon_core.package_identification:Package 'src/examples/rclpy/services/minimal_client' with type 'ros.ament_python' and name 'examples_rclpy_minimal_client'
[0.789s] Level 1:colcon.colcon_core.package_identification:_identify(src/examples/rclpy/services/minimal_service) by extensions ['ignore', 'ignore_ament_install']
[0.789s] Level 1:colcon.colcon_core.package_identification:_identify(src/examples/rclpy/services/minimal_service) by extension 'ignore'
[0.789s] Level 1:colcon.colcon_core.package_identification:_identify(src/examples/rclpy/services/minimal_service) by extension 'ignore_ament_install'
[0.789s] Level 1:colcon.colcon_core.package_identification:_identify(src/examples/rclpy/services/minimal_service) by extensions ['colcon_pkg']
[0.789s] Level 1:colcon.colcon_core.package_identification:_identify(src/examples/rclpy/services/minimal_service) by extension 'colcon_pkg'
[0.789s] Level 1:colcon.colcon_core.package_identification:_identify(src/examples/rclpy/services/minimal_service) by extensions ['colcon_meta']
[0.789s] Level 1:colcon.colcon_core.package_identification:_identify(src/examples/rclpy/services/minimal_service) by extension 'colcon_meta'
[0.789s] Level 1:colcon.colcon_core.package_identification:_identify(src/examples/rclpy/services/minimal_service) by extensions ['ros']
[0.789s] Level 1:colcon.colcon_core.package_identification:_identify(src/examples/rclpy/services/minimal_service) by extension 'ros'
[0.790s] DEBUG:colcon.colcon_core.package_identification:Package 'src/examples/rclpy/services/minimal_service' with type 'ros.ament_python' and name 'examples_rclpy_minimal_service'
[0.790s] Level 1:colcon.colcon_core.package_identification:_identify(src/examples/rclpy/topics) by extensions ['ignore', 'ignore_ament_install']
[0.790s] Level 1:colcon.colcon_core.package_identification:_identify(src/examples/rclpy/topics) by extension 'ignore'
[0.790s] Level 1:colcon.colcon_core.package_identification:_identify(src/examples/rclpy/topics) by extension 'ignore_ament_install'
[0.790s] Level 1:colcon.colcon_core.package_identification:_identify(src/examples/rclpy/topics) by extensions ['colcon_pkg']
[0.790s] Level 1:colcon.colcon_core.package_identification:_identify(src/examples/rclpy/topics) by extension 'colcon_pkg'
[0.790s] Level 1:colcon.colcon_core.package_identification:_identify(src/examples/rclpy/topics) by extensions ['colcon_meta']
[0.790s] Level 1:colcon.colcon_core.package_identification:_identify(src/examples/rclpy/topics) by extension 'colcon_meta'
[0.790s] Level 1:colcon.colcon_core.package_identification:_identify(src/examples/rclpy/topics) by extensions ['ros']
[0.790s] Level 1:colcon.colcon_core.package_identification:_identify(src/examples/rclpy/topics) by extension 'ros'
[0.790s] Level 1:colcon.colcon_core.package_identification:_identify(src/examples/rclpy/topics) by extensions ['cmake', 'python']
[0.791s] Level 1:colcon.colcon_core.package_identification:_identify(src/examples/rclpy/topics) by extension 'cmake'
[0.791s] Level 1:colcon.colcon_core.package_identification:_identify(src/examples/rclpy/topics) by extension 'python'
[0.791s] Level 1:colcon.colcon_core.package_identification:_identify(src/examples/rclpy/topics) by extensions ['python_setup_py']
[0.791s] Level 1:colcon.colcon_core.package_identification:_identify(src/examples/rclpy/topics) by extension 'python_setup_py'
[0.791s] Level 1:colcon.colcon_core.package_identification:_identify(src/examples/rclpy/topics/minimal_publisher) by extensions ['ignore', 'ignore_ament_install']
[0.791s] Level 1:colcon.colcon_core.package_identification:_identify(src/examples/rclpy/topics/minimal_publisher) by extension 'ignore'
[0.791s] Level 1:colcon.colcon_core.package_identification:_identify(src/examples/rclpy/topics/minimal_publisher) by extension 'ignore_ament_install'
[0.791s] Level 1:colcon.colcon_core.package_identification:_identify(src/examples/rclpy/topics/minimal_publisher) by extensions ['colcon_pkg']
[0.791s] Level 1:colcon.colcon_core.package_identification:_identify(src/examples/rclpy/topics/minimal_publisher) by extension 'colcon_pkg'
[0.791s] Level 1:colcon.colcon_core.package_identification:_identify(src/examples/rclpy/topics/minimal_publisher) by extensions ['colcon_meta']
[0.791s] Level 1:colcon.colcon_core.package_identification:_identify(src/examples/rclpy/topics/minimal_publisher) by extension 'colcon_meta'
[0.791s] Level 1:colcon.colcon_core.package_identification:_identify(src/examples/rclpy/topics/minimal_publisher) by extensions ['ros']
[0.791s] Level 1:colcon.colcon_core.package_identification:_identify(src/examples/rclpy/topics/minimal_publisher) by extension 'ros'
[0.792s] DEBUG:colcon.colcon_core.package_identification:Package 'src/examples/rclpy/topics/minimal_publisher' with type 'ros.ament_python' and name 'examples_rclpy_minimal_publisher'
[0.792s] Level 1:colcon.colcon_core.package_identification:_identify(src/examples/rclpy/topics/minimal_subscriber) by extensions ['ignore', 'ignore_ament_install']
[0.792s] Level 1:colcon.colcon_core.package_identification:_identify(src/examples/rclpy/topics/minimal_subscriber) by extension 'ignore'
[0.792s] Level 1:colcon.colcon_core.package_identification:_identify(src/examples/rclpy/topics/minimal_subscriber) by extension 'ignore_ament_install'
[0.792s] Level 1:colcon.colcon_core.package_identification:_identify(src/examples/rclpy/topics/minimal_subscriber) by extensions ['colcon_pkg']
[0.792s] Level 1:colcon.colcon_core.package_identification:_identify(src/examples/rclpy/topics/minimal_subscriber) by extension 'colcon_pkg'
[0.792s] Level 1:colcon.colcon_core.package_identification:_identify(src/examples/rclpy/topics/minimal_subscriber) by extensions ['colcon_meta']
[0.792s] Level 1:colcon.colcon_core.package_identification:_identify(src/examples/rclpy/topics/minimal_subscriber) by extension 'colcon_meta'
[0.792s] Level 1:colcon.colcon_core.package_identification:_identify(src/examples/rclpy/topics/minimal_subscriber) by extensions ['ros']
[0.793s] Level 1:colcon.colcon_core.package_identification:_identify(src/examples/rclpy/topics/minimal_subscriber) by extension 'ros'
[0.793s] DEBUG:colcon.colcon_core.package_identification:Package 'src/examples/rclpy/topics/minimal_subscriber' with type 'ros.ament_python' and name 'examples_rclpy_minimal_subscriber'
[0.794s] Level 1:colcon.colcon_core.package_identification:_identify(src/examples/rclpy/topics/pointcloud_publisher) by extensions ['ignore', 'ignore_ament_install']
[0.794s] Level 1:colcon.colcon_core.package_identification:_identify(src/examples/rclpy/topics/pointcloud_publisher) by extension 'ignore'
[0.794s] Level 1:colcon.colcon_core.package_identification:_identify(src/examples/rclpy/topics/pointcloud_publisher) by extension 'ignore_ament_install'
[0.794s] Level 1:colcon.colcon_core.package_identification:_identify(src/examples/rclpy/topics/pointcloud_publisher) by extensions ['colcon_pkg']
[0.794s] Level 1:colcon.colcon_core.package_identification:_identify(src/examples/rclpy/topics/pointcloud_publisher) by extension 'colcon_pkg'
[0.794s] Level 1:colcon.colcon_core.package_identification:_identify(src/examples/rclpy/topics/pointcloud_publisher) by extensions ['colcon_meta']
[0.794s] Level 1:colcon.colcon_core.package_identification:_identify(src/examples/rclpy/topics/pointcloud_publisher) by extension 'colcon_meta'
[0.794s] Level 1:colcon.colcon_core.package_identification:_identify(src/examples/rclpy/topics/pointcloud_publisher) by extensions ['ros']
[0.794s] Level 1:colcon.colcon_core.package_identification:_identify(src/examples/rclpy/topics/pointcloud_publisher) by extension 'ros'
[0.795s] DEBUG:colcon.colcon_core.package_identification:Package 'src/examples/rclpy/topics/pointcloud_publisher' with type 'ros.ament_python' and name 'examples_rclpy_pointcloud_publisher'
[0.795s] Level 1:colcon.colcon_core.package_identification:_identify(src/install) by extensions ['ignore', 'ignore_ament_install']
[0.795s] Level 1:colcon.colcon_core.package_identification:_identify(src/install) by extension 'ignore'
[0.795s] Level 1:colcon.colcon_core.package_identification:_identify(src/install) ignored
[0.795s] Level 1:colcon.colcon_core.package_identification:_identify(src/log) by extensions ['ignore', 'ignore_ament_install']
[0.796s] Level 1:colcon.colcon_core.package_identification:_identify(src/log) by extension 'ignore'
[0.796s] Level 1:colcon.colcon_core.package_identification:_identify(src/log) ignored
[0.796s] Level 1:colcon.colcon_core.package_identification:_identify(src/my_package) by extensions ['ignore', 'ignore_ament_install']
[0.796s] Level 1:colcon.colcon_core.package_identification:_identify(src/my_package) by extension 'ignore'
[0.796s] Level 1:colcon.colcon_core.package_identification:_identify(src/my_package) by extension 'ignore_ament_install'
[0.796s] Level 1:colcon.colcon_core.package_identification:_identify(src/my_package) by extensions ['colcon_pkg']
[0.796s] Level 1:colcon.colcon_core.package_identification:_identify(src/my_package) by extension 'colcon_pkg'
[0.796s] Level 1:colcon.colcon_core.package_identification:_identify(src/my_package) by extensions ['colcon_meta']
[0.796s] Level 1:colcon.colcon_core.package_identification:_identify(src/my_package) by extension 'colcon_meta'
[0.796s] Level 1:colcon.colcon_core.package_identification:_identify(src/my_package) by extensions ['ros']
[0.796s] Level 1:colcon.colcon_core.package_identification:_identify(src/my_package) by extension 'ros'
[0.797s] DEBUG:colcon.colcon_core.package_identification:Package 'src/my_package' with type 'ros.ament_cmake' and name 'my_package'
[0.797s] Level 1:colcon.colcon_core.package_identification:_identify(src/py_pubsub) by extensions ['ignore', 'ignore_ament_install']
[0.797s] Level 1:colcon.colcon_core.package_identification:_identify(src/py_pubsub) by extension 'ignore'
[0.797s] Level 1:colcon.colcon_core.package_identification:_identify(src/py_pubsub) by extension 'ignore_ament_install'
[0.797s] Level 1:colcon.colcon_core.package_identification:_identify(src/py_pubsub) by extensions ['colcon_pkg']
[0.797s] Level 1:colcon.colcon_core.package_identification:_identify(src/py_pubsub) by extension 'colcon_pkg'
[0.797s] Level 1:colcon.colcon_core.package_identification:_identify(src/py_pubsub) by extensions ['colcon_meta']
[0.797s] Level 1:colcon.colcon_core.package_identification:_identify(src/py_pubsub) by extension 'colcon_meta'
[0.797s] Level 1:colcon.colcon_core.package_identification:_identify(src/py_pubsub) by extensions ['ros']
[0.797s] Level 1:colcon.colcon_core.package_identification:_identify(src/py_pubsub) by extension 'ros'
[0.798s] DEBUG:colcon.colcon_core.package_identification:Package 'src/py_pubsub' with type 'ros.ament_python' and name 'py_pubsub'
[0.798s] Level 1:colcon.colcon_core.package_identification:_identify(src/read_rosbag) by extensions ['ignore', 'ignore_ament_install']
[0.798s] Level 1:colcon.colcon_core.package_identification:_identify(src/read_rosbag) by extension 'ignore'
[0.798s] Level 1:colcon.colcon_core.package_identification:_identify(src/read_rosbag) by extension 'ignore_ament_install'
[0.798s] Level 1:colcon.colcon_core.package_identification:_identify(src/read_rosbag) by extensions ['colcon_pkg']
[0.798s] Level 1:colcon.colcon_core.package_identification:_identify(src/read_rosbag) by extension 'colcon_pkg'
[0.798s] Level 1:colcon.colcon_core.package_identification:_identify(src/read_rosbag) by extensions ['colcon_meta']
[0.798s] Level 1:colcon.colcon_core.package_identification:_identify(src/read_rosbag) by extension 'colcon_meta'
[0.799s] Level 1:colcon.colcon_core.package_identification:_identify(src/read_rosbag) by extensions ['ros']
[0.799s] Level 1:colcon.colcon_core.package_identification:_identify(src/read_rosbag) by extension 'ros'
[0.799s] DEBUG:colcon.colcon_core.package_identification:Package 'src/read_rosbag' with type 'ros.ament_python' and name 'read_rosbag'
[0.799s] Level 1:colcon.colcon_core.package_identification:_identify(src/ros_tutorials) by extensions ['ignore', 'ignore_ament_install']
[0.799s] Level 1:colcon.colcon_core.package_identification:_identify(src/ros_tutorials) by extension 'ignore'
[0.800s] Level 1:colcon.colcon_core.package_identification:_identify(src/ros_tutorials) by extension 'ignore_ament_install'
[0.800s] Level 1:colcon.colcon_core.package_identification:_identify(src/ros_tutorials) by extensions ['colcon_pkg']
[0.800s] Level 1:colcon.colcon_core.package_identification:_identify(src/ros_tutorials) by extension 'colcon_pkg'
[0.800s] Level 1:colcon.colcon_core.package_identification:_identify(src/ros_tutorials) by extensions ['colcon_meta']
[0.800s] Level 1:colcon.colcon_core.package_identification:_identify(src/ros_tutorials) by extension 'colcon_meta'
[0.800s] Level 1:colcon.colcon_core.package_identification:_identify(src/ros_tutorials) by extensions ['ros']
[0.800s] Level 1:colcon.colcon_core.package_identification:_identify(src/ros_tutorials) by extension 'ros'
[0.800s] Level 1:colcon.colcon_core.package_identification:_identify(src/ros_tutorials) by extensions ['cmake', 'python']
[0.800s] Level 1:colcon.colcon_core.package_identification:_identify(src/ros_tutorials) by extension 'cmake'
[0.800s] Level 1:colcon.colcon_core.package_identification:_identify(src/ros_tutorials) by extension 'python'
[0.800s] Level 1:colcon.colcon_core.package_identification:_identify(src/ros_tutorials) by extensions ['python_setup_py']
[0.800s] Level 1:colcon.colcon_core.package_identification:_identify(src/ros_tutorials) by extension 'python_setup_py'
[0.800s] Level 1:colcon.colcon_core.package_identification:_identify(src/ros_tutorials/ros_tutorials) by extensions ['ignore', 'ignore_ament_install']
[0.800s] Level 1:colcon.colcon_core.package_identification:_identify(src/ros_tutorials/ros_tutorials) by extension 'ignore'
[0.800s] Level 1:colcon.colcon_core.package_identification:_identify(src/ros_tutorials/ros_tutorials) ignored
[0.800s] Level 1:colcon.colcon_core.package_identification:_identify(src/ros_tutorials/roscpp_tutorials) by extensions ['ignore', 'ignore_ament_install']
[0.801s] Level 1:colcon.colcon_core.package_identification:_identify(src/ros_tutorials/roscpp_tutorials) by extension 'ignore'
[0.801s] Level 1:colcon.colcon_core.package_identification:_identify(src/ros_tutorials/roscpp_tutorials) ignored
[0.801s] Level 1:colcon.colcon_core.package_identification:_identify(src/ros_tutorials/rospy_tutorials) by extensions ['ignore', 'ignore_ament_install']
[0.801s] Level 1:colcon.colcon_core.package_identification:_identify(src/ros_tutorials/rospy_tutorials) by extension 'ignore'
[0.801s] Level 1:colcon.colcon_core.package_identification:_identify(src/ros_tutorials/rospy_tutorials) ignored
[0.801s] Level 1:colcon.colcon_core.package_identification:_identify(src/ros_tutorials/turtlesim) by extensions ['ignore', 'ignore_ament_install']
[0.801s] Level 1:colcon.colcon_core.package_identification:_identify(src/ros_tutorials/turtlesim) by extension 'ignore'
[0.801s] Level 1:colcon.colcon_core.package_identification:_identify(src/ros_tutorials/turtlesim) by extension 'ignore_ament_install'
[0.801s] Level 1:colcon.colcon_core.package_identification:_identify(src/ros_tutorials/turtlesim) by extensions ['colcon_pkg']
[0.802s] Level 1:colcon.colcon_core.package_identification:_identify(src/ros_tutorials/turtlesim) by extension 'colcon_pkg'
[0.802s] Level 1:colcon.colcon_core.package_identification:_identify(src/ros_tutorials/turtlesim) by extensions ['colcon_meta']
[0.803s] Level 1:colcon.colcon_core.package_identification:_identify(src/ros_tutorials/turtlesim) by extension 'colcon_meta'
[0.803s] Level 1:colcon.colcon_core.package_identification:_identify(src/ros_tutorials/turtlesim) by extensions ['ros']
[0.803s] Level 1:colcon.colcon_core.package_identification:_identify(src/ros_tutorials/turtlesim) by extension 'ros'
[0.805s] DEBUG:colcon.colcon_core.package_identification:Package 'src/ros_tutorials/turtlesim' with type 'ros.ament_cmake' and name 'turtlesim'
[0.805s] Level 1:colcon.colcon_core.package_identification:_identify(src/rosbag2_2025_07_21-14_34_13) by extensions ['ignore', 'ignore_ament_install']
[0.805s] Level 1:colcon.colcon_core.package_identification:_identify(src/rosbag2_2025_07_21-14_34_13) by extension 'ignore'
[0.805s] Level 1:colcon.colcon_core.package_identification:_identify(src/rosbag2_2025_07_21-14_34_13) by extension 'ignore_ament_install'
[0.805s] Level 1:colcon.colcon_core.package_identification:_identify(src/rosbag2_2025_07_21-14_34_13) by extensions ['colcon_pkg']
[0.805s] Level 1:colcon.colcon_core.package_identification:_identify(src/rosbag2_2025_07_21-14_34_13) by extension 'colcon_pkg'
[0.805s] Level 1:colcon.colcon_core.package_identification:_identify(src/rosbag2_2025_07_21-14_34_13) by extensions ['colcon_meta']
[0.805s] Level 1:colcon.colcon_core.package_identification:_identify(src/rosbag2_2025_07_21-14_34_13) by extension 'colcon_meta'
[0.805s] Level 1:colcon.colcon_core.package_identification:_identify(src/rosbag2_2025_07_21-14_34_13) by extensions ['ros']
[0.805s] Level 1:colcon.colcon_core.package_identification:_identify(src/rosbag2_2025_07_21-14_34_13) by extension 'ros'
[0.805s] Level 1:colcon.colcon_core.package_identification:_identify(src/rosbag2_2025_07_21-14_34_13) by extensions ['cmake', 'python']
[0.806s] Level 1:colcon.colcon_core.package_identification:_identify(src/rosbag2_2025_07_21-14_34_13) by extension 'cmake'
[0.806s] Level 1:colcon.colcon_core.package_identification:_identify(src/rosbag2_2025_07_21-14_34_13) by extension 'python'
[0.806s] Level 1:colcon.colcon_core.package_identification:_identify(src/rosbag2_2025_07_21-14_34_13) by extensions ['python_setup_py']
[0.806s] Level 1:colcon.colcon_core.package_identification:_identify(src/rosbag2_2025_07_21-14_34_13) by extension 'python_setup_py'
[0.806s] Level 1:colcon.colcon_core.package_identification:_identify(src/rosbag2_2025_07_28-14_07_34) by extensions ['ignore', 'ignore_ament_install']
[0.806s] Level 1:colcon.colcon_core.package_identification:_identify(src/rosbag2_2025_07_28-14_07_34) by extension 'ignore'
[0.806s] Level 1:colcon.colcon_core.package_identification:_identify(src/rosbag2_2025_07_28-14_07_34) by extension 'ignore_ament_install'
[0.806s] Level 1:colcon.colcon_core.package_identification:_identify(src/rosbag2_2025_07_28-14_07_34) by extensions ['colcon_pkg']
[0.806s] Level 1:colcon.colcon_core.package_identification:_identify(src/rosbag2_2025_07_28-14_07_34) by extension 'colcon_pkg'
[0.806s] Level 1:colcon.colcon_core.package_identification:_identify(src/rosbag2_2025_07_28-14_07_34) by extensions ['colcon_meta']
[0.806s] Level 1:colcon.colcon_core.package_identification:_identify(src/rosbag2_2025_07_28-14_07_34) by extension 'colcon_meta'
[0.806s] Level 1:colcon.colcon_core.package_identification:_identify(src/rosbag2_2025_07_28-14_07_34) by extensions ['ros']
[0.806s] Level 1:colcon.colcon_core.package_identification:_identify(src/rosbag2_2025_07_28-14_07_34) by extension 'ros'
[0.806s] Level 1:colcon.colcon_core.package_identification:_identify(src/rosbag2_2025_07_28-14_07_34) by extensions ['cmake', 'python']
[0.806s] Level 1:colcon.colcon_core.package_identification:_identify(src/rosbag2_2025_07_28-14_07_34) by extension 'cmake'
[0.807s] Level 1:colcon.colcon_core.package_identification:_identify(src/rosbag2_2025_07_28-14_07_34) by extension 'python'
[0.807s] Level 1:colcon.colcon_core.package_identification:_identify(src/rosbag2_2025_07_28-14_07_34) by extensions ['python_setup_py']
[0.807s] Level 1:colcon.colcon_core.package_identification:_identify(src/rosbag2_2025_07_28-14_07_34) by extension 'python_setup_py'
[0.807s] Level 1:colcon.colcon_core.package_discovery:discover_packages(recursive) using defaults
[0.807s] Level 1:colcon.colcon_core.package_discovery:discover_packages(ignore) discover
[0.807s] Level 1:colcon.colcon_core.package_discovery:discover_packages(ignore) using defaults
[0.807s] Level 1:colcon.colcon_core.package_discovery:discover_packages(path) discover
[0.807s] Level 1:colcon.colcon_core.package_discovery:discover_packages(path) using defaults
[0.901s] Level 1:colcon.colcon_core.package_discovery:discover_packages(prefix_path) check parameters
[0.901s] Level 1:colcon.colcon_core.package_discovery:discover_packages(prefix_path) discover
[0.920s] DEBUG:colcon.colcon_installed_package_information.package_discovery:Found 28 installed packages in /home/vboxuser/ros2_ws/install
[0.934s] DEBUG:colcon.colcon_installed_package_information.package_discovery:Found 358 installed packages in /home/vboxuser/ros2_iron/install
[0.940s] DEBUG:colcon.colcon_installed_package_information.package_discovery:Found 178 installed packages in /opt/ros/iron
[0.950s] Level 1:colcon.colcon_core.package_discovery:discover_packages(prefix_path) using defaults
[1.197s] Level 5:colcon.colcon_core.verb:set package 'bms_visualizer' build argument 'cmake_args' from command line to 'None'
[1.197s] Level 5:colcon.colcon_core.verb:set package 'bms_visualizer' build argument 'cmake_target' from command line to 'None'
[1.197s] Level 5:colcon.colcon_core.verb:set package 'bms_visualizer' build argument 'cmake_target_skip_unavailable' from command line to 'False'
[1.197s] Level 5:colcon.colcon_core.verb:set package 'bms_visualizer' build argument 'cmake_clean_cache' from command line to 'False'
[1.197s] Level 5:colcon.colcon_core.verb:set package 'bms_visualizer' build argument 'cmake_clean_first' from command line to 'False'
[1.197s] Level 5:colcon.colcon_core.verb:set package 'bms_visualizer' build argument 'cmake_force_configure' from command line to 'False'
[1.197s] Level 5:colcon.colcon_core.verb:set package 'bms_visualizer' build argument 'ament_cmake_args' from command line to 'None'
[1.198s] Level 5:colcon.colcon_core.verb:set package 'bms_visualizer' build argument 'catkin_cmake_args' from command line to 'None'
[1.198s] Level 5:colcon.colcon_core.verb:set package 'bms_visualizer' build argument 'catkin_skip_building_tests' from command line to 'False'
[1.198s] DEBUG:colcon.colcon_core.verb:Building package 'bms_visualizer' with the following arguments: {'ament_cmake_args': None, 'build_base': '/home/vboxuser/ros2_ws/build/bms_visualizer', 'catkin_cmake_args': None, 'catkin_skip_building_tests': False, 'cmake_args': None, 'cmake_clean_cache': False, 'cmake_clean_first': False, 'cmake_force_configure': False, 'cmake_target': None, 'cmake_target_skip_unavailable': False, 'install_base': '/home/vboxuser/ros2_ws/install/bms_visualizer', 'merge_install': False, 'path': '/home/vboxuser/ros2_ws/src/BMS_BQ769X2/src/bms_visualizer', 'symlink_install': False, 'test_result_base': None}
[1.198s] Level 5:colcon.colcon_core.verb:set package 'bq769x2_i2c_ros' build argument 'cmake_args' from command line to 'None'
[1.198s] Level 5:colcon.colcon_core.verb:set package 'bq769x2_i2c_ros' build argument 'cmake_target' from command line to 'None'
[1.199s] Level 5:colcon.colcon_core.verb:set package 'bq769x2_i2c_ros' build argument 'cmake_target_skip_unavailable' from command line to 'False'
[1.199s] Level 5:colcon.colcon_core.verb:set package 'bq769x2_i2c_ros' build argument 'cmake_clean_cache' from command line to 'False'
[1.199s] Level 5:colcon.colcon_core.verb:set package 'bq769x2_i2c_ros' build argument 'cmake_clean_first' from command line to 'False'
[1.199s] Level 5:colcon.colcon_core.verb:set package 'bq769x2_i2c_ros' build argument 'cmake_force_configure' from command line to 'False'
[1.199s] Level 5:colcon.colcon_core.verb:set package 'bq769x2_i2c_ros' build argument 'ament_cmake_args' from command line to 'None'
[1.199s] Level 5:colcon.colcon_core.verb:set package 'bq769x2_i2c_ros' build argument 'catkin_cmake_args' from command line to 'None'
[1.199s] Level 5:colcon.colcon_core.verb:set package 'bq769x2_i2c_ros' build argument 'catkin_skip_building_tests' from command line to 'False'
[1.199s] DEBUG:colcon.colcon_core.verb:Building package 'bq769x2_i2c_ros' with the following arguments: {'ament_cmake_args': None, 'build_base': '/home/vboxuser/ros2_ws/build/bq769x2_i2c_ros', 'catkin_cmake_args': None, 'catkin_skip_building_tests': False, 'cmake_args': None, 'cmake_clean_cache': False, 'cmake_clean_first': False, 'cmake_force_configure': False, 'cmake_target': None, 'cmake_target_skip_unavailable': False, 'install_base': '/home/vboxuser/ros2_ws/install/bq769x2_i2c_ros', 'merge_install': False, 'path': '/home/vboxuser/ros2_ws/src/BMS_BQ769X2/src/bq769x2_i2c_ros', 'symlink_install': False, 'test_result_base': None}
[1.200s] Level 5:colcon.colcon_core.verb:set package 'examples_rclcpp_async_client' build argument 'cmake_args' from command line to 'None'
[1.200s] Level 5:colcon.colcon_core.verb:set package 'examples_rclcpp_async_client' build argument 'cmake_target' from command line to 'None'
[1.200s] Level 5:colcon.colcon_core.verb:set package 'examples_rclcpp_async_client' build argument 'cmake_target_skip_unavailable' from command line to 'False'
[1.200s] Level 5:colcon.colcon_core.verb:set package 'examples_rclcpp_async_client' build argument 'cmake_clean_cache' from command line to 'False'
[1.200s] Level 5:colcon.colcon_core.verb:set package 'examples_rclcpp_async_client' build argument 'cmake_clean_first' from command line to 'False'
[1.200s] Level 5:colcon.colcon_core.verb:set package 'examples_rclcpp_async_client' build argument 'cmake_force_configure' from command line to 'False'
[1.201s] Level 5:colcon.colcon_core.verb:set package 'examples_rclcpp_async_client' build argument 'ament_cmake_args' from command line to 'None'
[1.201s] Level 5:colcon.colcon_core.verb:set package 'examples_rclcpp_async_client' build argument 'catkin_cmake_args' from command line to 'None'
[1.201s] Level 5:colcon.colcon_core.verb:set package 'examples_rclcpp_async_client' build argument 'catkin_skip_building_tests' from command line to 'False'
[1.201s] DEBUG:colcon.colcon_core.verb:Building package 'examples_rclcpp_async_client' with the following arguments: {'ament_cmake_args': None, 'build_base': '/home/vboxuser/ros2_ws/build/examples_rclcpp_async_client', 'catkin_cmake_args': None, 'catkin_skip_building_tests': False, 'cmake_args': None, 'cmake_clean_cache': False, 'cmake_clean_first': False, 'cmake_force_configure': False, 'cmake_target': None, 'cmake_target_skip_unavailable': False, 'install_base': '/home/vboxuser/ros2_ws/install/examples_rclcpp_async_client', 'merge_install': False, 'path': '/home/vboxuser/ros2_ws/src/examples/rclcpp/services/async_client', 'symlink_install': False, 'test_result_base': None}
[1.201s] Level 5:colcon.colcon_core.verb:set package 'examples_rclcpp_cbg_executor' build argument 'cmake_args' from command line to 'None'
[1.201s] Level 5:colcon.colcon_core.verb:set package 'examples_rclcpp_cbg_executor' build argument 'cmake_target' from command line to 'None'
[1.202s] Level 5:colcon.colcon_core.verb:set package 'examples_rclcpp_cbg_executor' build argument 'cmake_target_skip_unavailable' from command line to 'False'
[1.202s] Level 5:colcon.colcon_core.verb:set package 'examples_rclcpp_cbg_executor' build argument 'cmake_clean_cache' from command line to 'False'
[1.202s] Level 5:colcon.colcon_core.verb:set package 'examples_rclcpp_cbg_executor' build argument 'cmake_clean_first' from command line to 'False'
[1.202s] Level 5:colcon.colcon_core.verb:set package 'examples_rclcpp_cbg_executor' build argument 'cmake_force_configure' from command line to 'False'
[1.202s] Level 5:colcon.colcon_core.verb:set package 'examples_rclcpp_cbg_executor' build argument 'ament_cmake_args' from command line to 'None'
[1.202s] Level 5:colcon.colcon_core.verb:set package 'examples_rclcpp_cbg_executor' build argument 'catkin_cmake_args' from command line to 'None'
[1.202s] Level 5:colcon.colcon_core.verb:set package 'examples_rclcpp_cbg_executor' build argument 'catkin_skip_building_tests' from command line to 'False'
[1.202s] DEBUG:colcon.colcon_core.verb:Building package 'examples_rclcpp_cbg_executor' with the following arguments: {'ament_cmake_args': None, 'build_base': '/home/vboxuser/ros2_ws/build/examples_rclcpp_cbg_executor', 'catkin_cmake_args': None, 'catkin_skip_building_tests': False, 'cmake_args': None, 'cmake_clean_cache': False, 'cmake_clean_first': False, 'cmake_force_configure': False, 'cmake_target': None, 'cmake_target_skip_unavailable': False, 'install_base': '/home/vboxuser/ros2_ws/install/examples_rclcpp_cbg_executor', 'merge_install': False, 'path': '/home/vboxuser/ros2_ws/src/examples/rclcpp/executors/cbg_executor', 'symlink_install': False, 'test_result_base': None}
[1.203s] Level 5:colcon.colcon_core.verb:set package 'examples_rclcpp_minimal_action_client' build argument 'cmake_args' from command line to 'None'
[1.203s] Level 5:colcon.colcon_core.verb:set package 'examples_rclcpp_minimal_action_client' build argument 'cmake_target' from command line to 'None'
[1.203s] Level 5:colcon.colcon_core.verb:set package 'examples_rclcpp_minimal_action_client' build argument 'cmake_target_skip_unavailable' from command line to 'False'
[1.203s] Level 5:colcon.colcon_core.verb:set package 'examples_rclcpp_minimal_action_client' build argument 'cmake_clean_cache' from command line to 'False'
[1.203s] Level 5:colcon.colcon_core.verb:set package 'examples_rclcpp_minimal_action_client' build argument 'cmake_clean_first' from command line to 'False'
[1.203s] Level 5:colcon.colcon_core.verb:set package 'examples_rclcpp_minimal_action_client' build argument 'cmake_force_configure' from command line to 'False'
[1.203s] Level 5:colcon.colcon_core.verb:set package 'examples_rclcpp_minimal_action_client' build argument 'ament_cmake_args' from command line to 'None'
[1.203s] Level 5:colcon.colcon_core.verb:set package 'examples_rclcpp_minimal_action_client' build argument 'catkin_cmake_args' from command line to 'None'
[1.204s] Level 5:colcon.colcon_core.verb:set package 'examples_rclcpp_minimal_action_client' build argument 'catkin_skip_building_tests' from command line to 'False'
[1.204s] DEBUG:colcon.colcon_core.verb:Building package 'examples_rclcpp_minimal_action_client' with the following arguments: {'ament_cmake_args': None, 'build_base': '/home/vboxuser/ros2_ws/build/examples_rclcpp_minimal_action_client', 'catkin_cmake_args': None, 'catkin_skip_building_tests': False, 'cmake_args': None, 'cmake_clean_cache': False, 'cmake_clean_first': False, 'cmake_force_configure': False, 'cmake_target': None, 'cmake_target_skip_unavailable': False, 'install_base': '/home/vboxuser/ros2_ws/install/examples_rclcpp_minimal_action_client', 'merge_install': False, 'path': '/home/vboxuser/ros2_ws/src/examples/rclcpp/actions/minimal_action_client', 'symlink_install': False, 'test_result_base': None}
[1.204s] Level 5:colcon.colcon_core.verb:set package 'examples_rclcpp_minimal_action_server' build argument 'cmake_args' from command line to 'None'
[1.204s] Level 5:colcon.colcon_core.verb:set package 'examples_rclcpp_minimal_action_server' build argument 'cmake_target' from command line to 'None'
[1.204s] Level 5:colcon.colcon_core.verb:set package 'examples_rclcpp_minimal_action_server' build argument 'cmake_target_skip_unavailable' from command line to 'False'
[1.204s] Level 5:colcon.colcon_core.verb:set package 'examples_rclcpp_minimal_action_server' build argument 'cmake_clean_cache' from command line to 'False'
[1.204s] Level 5:colcon.colcon_core.verb:set package 'examples_rclcpp_minimal_action_server' build argument 'cmake_clean_first' from command line to 'False'
[1.205s] Level 5:colcon.colcon_core.verb:set package 'examples_rclcpp_minimal_action_server' build argument 'cmake_force_configure' from command line to 'False'
[1.205s] Level 5:colcon.colcon_core.verb:set package 'examples_rclcpp_minimal_action_server' build argument 'ament_cmake_args' from command line to 'None'
[1.205s] Level 5:colcon.colcon_core.verb:set package 'examples_rclcpp_minimal_action_server' build argument 'catkin_cmake_args' from command line to 'None'
[1.205s] Level 5:colcon.colcon_core.verb:set package 'examples_rclcpp_minimal_action_server' build argument 'catkin_skip_building_tests' from command line to 'False'
[1.205s] DEBUG:colcon.colcon_core.verb:Building package 'examples_rclcpp_minimal_action_server' with the following arguments: {'ament_cmake_args': None, 'build_base': '/home/vboxuser/ros2_ws/build/examples_rclcpp_minimal_action_server', 'catkin_cmake_args': None, 'catkin_skip_building_tests': False, 'cmake_args': None, 'cmake_clean_cache': False, 'cmake_clean_first': False, 'cmake_force_configure': False, 'cmake_target': None, 'cmake_target_skip_unavailable': False, 'install_base': '/home/vboxuser/ros2_ws/install/examples_rclcpp_minimal_action_server', 'merge_install': False, 'path': '/home/vboxuser/ros2_ws/src/examples/rclcpp/actions/minimal_action_server', 'symlink_install': False, 'test_result_base': None}
[1.205s] Level 5:colcon.colcon_core.verb:set package 'examples_rclcpp_minimal_client' build argument 'cmake_args' from command line to 'None'
[1.206s] Level 5:colcon.colcon_core.verb:set package 'examples_rclcpp_minimal_client' build argument 'cmake_target' from command line to 'None'
[1.206s] Level 5:colcon.colcon_core.verb:set package 'examples_rclcpp_minimal_client' build argument 'cmake_target_skip_unavailable' from command line to 'False'
[1.206s] Level 5:colcon.colcon_core.verb:set package 'examples_rclcpp_minimal_client' build argument 'cmake_clean_cache' from command line to 'False'
[1.206s] Level 5:colcon.colcon_core.verb:set package 'examples_rclcpp_minimal_client' build argument 'cmake_clean_first' from command line to 'False'
[1.206s] Level 5:colcon.colcon_core.verb:set package 'examples_rclcpp_minimal_client' build argument 'cmake_force_configure' from command line to 'False'
[1.206s] Level 5:colcon.colcon_core.verb:set package 'examples_rclcpp_minimal_client' build argument 'ament_cmake_args' from command line to 'None'
[1.206s] Level 5:colcon.colcon_core.verb:set package 'examples_rclcpp_minimal_client' build argument 'catkin_cmake_args' from command line to 'None'
[1.206s] Level 5:colcon.colcon_core.verb:set package 'examples_rclcpp_minimal_client' build argument 'catkin_skip_building_tests' from command line to 'False'
[1.206s] DEBUG:colcon.colcon_core.verb:Building package 'examples_rclcpp_minimal_client' with the following arguments: {'ament_cmake_args': None, 'build_base': '/home/vboxuser/ros2_ws/build/examples_rclcpp_minimal_client', 'catkin_cmake_args': None, 'catkin_skip_building_tests': False, 'cmake_args': None, 'cmake_clean_cache': False, 'cmake_clean_first': False, 'cmake_force_configure': False, 'cmake_target': None, 'cmake_target_skip_unavailable': False, 'install_base': '/home/vboxuser/ros2_ws/install/examples_rclcpp_minimal_client', 'merge_install': False, 'path': '/home/vboxuser/ros2_ws/src/examples/rclcpp/services/minimal_client', 'symlink_install': False, 'test_result_base': None}
[1.207s] Level 5:colcon.colcon_core.verb:set package 'examples_rclcpp_minimal_composition' build argument 'cmake_args' from command line to 'None'
[1.207s] Level 5:colcon.colcon_core.verb:set package 'examples_rclcpp_minimal_composition' build argument 'cmake_target' from command line to 'None'
[1.207s] Level 5:colcon.colcon_core.verb:set package 'examples_rclcpp_minimal_composition' build argument 'cmake_target_skip_unavailable' from command line to 'False'
[1.207s] Level 5:colcon.colcon_core.verb:set package 'examples_rclcpp_minimal_composition' build argument 'cmake_clean_cache' from command line to 'False'
[1.207s] Level 5:colcon.colcon_core.verb:set package 'examples_rclcpp_minimal_composition' build argument 'cmake_clean_first' from command line to 'False'
[1.208s] Level 5:colcon.colcon_core.verb:set package 'examples_rclcpp_minimal_composition' build argument 'cmake_force_configure' from command line to 'False'
[1.208s] Level 5:colcon.colcon_core.verb:set package 'examples_rclcpp_minimal_composition' build argument 'ament_cmake_args' from command line to 'None'
[1.208s] Level 5:colcon.colcon_core.verb:set package 'examples_rclcpp_minimal_composition' build argument 'catkin_cmake_args' from command line to 'None'
[1.208s] Level 5:colcon.colcon_core.verb:set package 'examples_rclcpp_minimal_composition' build argument 'catkin_skip_building_tests' from command line to 'False'
[1.208s] DEBUG:colcon.colcon_core.verb:Building package 'examples_rclcpp_minimal_composition' with the following arguments: {'ament_cmake_args': None, 'build_base': '/home/vboxuser/ros2_ws/build/examples_rclcpp_minimal_composition', 'catkin_cmake_args': None, 'catkin_skip_building_tests': False, 'cmake_args': None, 'cmake_clean_cache': False, 'cmake_clean_first': False, 'cmake_force_configure': False, 'cmake_target': None, 'cmake_target_skip_unavailable': False, 'install_base': '/home/vboxuser/ros2_ws/install/examples_rclcpp_minimal_composition', 'merge_install': False, 'path': '/home/vboxuser/ros2_ws/src/examples/rclcpp/composition/minimal_composition', 'symlink_install': False, 'test_result_base': None}
[1.208s] Level 5:colcon.colcon_core.verb:set package 'examples_rclcpp_minimal_publisher' build argument 'cmake_args' from command line to 'None'
[1.209s] Level 5:colcon.colcon_core.verb:set package 'examples_rclcpp_minimal_publisher' build argument 'cmake_target' from command line to 'None'
[1.209s] Level 5:colcon.colcon_core.verb:set package 'examples_rclcpp_minimal_publisher' build argument 'cmake_target_skip_unavailable' from command line to 'False'
[1.209s] Level 5:colcon.colcon_core.verb:set package 'examples_rclcpp_minimal_publisher' build argument 'cmake_clean_cache' from command line to 'False'
[1.209s] Level 5:colcon.colcon_core.verb:set package 'examples_rclcpp_minimal_publisher' build argument 'cmake_clean_first' from command line to 'False'
[1.209s] Level 5:colcon.colcon_core.verb:set package 'examples_rclcpp_minimal_publisher' build argument 'cmake_force_configure' from command line to 'False'
[1.209s] Level 5:colcon.colcon_core.verb:set package 'examples_rclcpp_minimal_publisher' build argument 'ament_cmake_args' from command line to 'None'
[1.209s] Level 5:colcon.colcon_core.verb:set package 'examples_rclcpp_minimal_publisher' build argument 'catkin_cmake_args' from command line to 'None'
[1.209s] Level 5:colcon.colcon_core.verb:set package 'examples_rclcpp_minimal_publisher' build argument 'catkin_skip_building_tests' from command line to 'False'
[1.209s] DEBUG:colcon.colcon_core.verb:Building package 'examples_rclcpp_minimal_publisher' with the following arguments: {'ament_cmake_args': None, 'build_base': '/home/vboxuser/ros2_ws/build/examples_rclcpp_minimal_publisher', 'catkin_cmake_args': None, 'catkin_skip_building_tests': False, 'cmake_args': None, 'cmake_clean_cache': False, 'cmake_clean_first': False, 'cmake_force_configure': False, 'cmake_target': None, 'cmake_target_skip_unavailable': False, 'install_base': '/home/vboxuser/ros2_ws/install/examples_rclcpp_minimal_publisher', 'merge_install': False, 'path': '/home/vboxuser/ros2_ws/src/examples/rclcpp/topics/minimal_publisher', 'symlink_install': False, 'test_result_base': None}
[1.209s] Level 5:colcon.colcon_core.verb:set package 'examples_rclcpp_minimal_service' build argument 'cmake_args' from command line to 'None'
[1.209s] Level 5:colcon.colcon_core.verb:set package 'examples_rclcpp_minimal_service' build argument 'cmake_target' from command line to 'None'
[1.209s] Level 5:colcon.colcon_core.verb:set package 'examples_rclcpp_minimal_service' build argument 'cmake_target_skip_unavailable' from command line to 'False'
[1.210s] Level 5:colcon.colcon_core.verb:set package 'examples_rclcpp_minimal_service' build argument 'cmake_clean_cache' from command line to 'False'
[1.210s] Level 5:colcon.colcon_core.verb:set package 'examples_rclcpp_minimal_service' build argument 'cmake_clean_first' from command line to 'False'
[1.210s] Level 5:colcon.colcon_core.verb:set package 'examples_rclcpp_minimal_service' build argument 'cmake_force_configure' from command line to 'False'
[1.210s] Level 5:colcon.colcon_core.verb:set package 'examples_rclcpp_minimal_service' build argument 'ament_cmake_args' from command line to 'None'
[1.210s] Level 5:colcon.colcon_core.verb:set package 'examples_rclcpp_minimal_service' build argument 'catkin_cmake_args' from command line to 'None'
[1.210s] Level 5:colcon.colcon_core.verb:set package 'examples_rclcpp_minimal_service' build argument 'catkin_skip_building_tests' from command line to 'False'
[1.210s] DEBUG:colcon.colcon_core.verb:Building package 'examples_rclcpp_minimal_service' with the following arguments: {'ament_cmake_args': None, 'build_base': '/home/vboxuser/ros2_ws/build/examples_rclcpp_minimal_service', 'catkin_cmake_args': None, 'catkin_skip_building_tests': False, 'cmake_args': None, 'cmake_clean_cache': False, 'cmake_clean_first': False, 'cmake_force_configure': False, 'cmake_target': None, 'cmake_target_skip_unavailable': False, 'install_base': '/home/vboxuser/ros2_ws/install/examples_rclcpp_minimal_service', 'merge_install': False, 'path': '/home/vboxuser/ros2_ws/src/examples/rclcpp/services/minimal_service', 'symlink_install': False, 'test_result_base': None}
[1.210s] Level 5:colcon.colcon_core.verb:set package 'examples_rclcpp_minimal_subscriber' build argument 'cmake_args' from command line to 'None'
[1.210s] Level 5:colcon.colcon_core.verb:set package 'examples_rclcpp_minimal_subscriber' build argument 'cmake_target' from command line to 'None'
[1.210s] Level 5:colcon.colcon_core.verb:set package 'examples_rclcpp_minimal_subscriber' build argument 'cmake_target_skip_unavailable' from command line to 'False'
[1.210s] Level 5:colcon.colcon_core.verb:set package 'examples_rclcpp_minimal_subscriber' build argument 'cmake_clean_cache' from command line to 'False'
[1.210s] Level 5:colcon.colcon_core.verb:set package 'examples_rclcpp_minimal_subscriber' build argument 'cmake_clean_first' from command line to 'False'
[1.210s] Level 5:colcon.colcon_core.verb:set package 'examples_rclcpp_minimal_subscriber' build argument 'cmake_force_configure' from command line to 'False'
[1.210s] Level 5:colcon.colcon_core.verb:set package 'examples_rclcpp_minimal_subscriber' build argument 'ament_cmake_args' from command line to 'None'
[1.210s] Level 5:colcon.colcon_core.verb:set package 'examples_rclcpp_minimal_subscriber' build argument 'catkin_cmake_args' from command line to 'None'
[1.210s] Level 5:colcon.colcon_core.verb:set package 'examples_rclcpp_minimal_subscriber' build argument 'catkin_skip_building_tests' from command line to 'False'
[1.210s] DEBUG:colcon.colcon_core.verb:Building package 'examples_rclcpp_minimal_subscriber' with the following arguments: {'ament_cmake_args': None, 'build_base': '/home/vboxuser/ros2_ws/build/examples_rclcpp_minimal_subscriber', 'catkin_cmake_args': None, 'catkin_skip_building_tests': False, 'cmake_args': None, 'cmake_clean_cache': False, 'cmake_clean_first': False, 'cmake_force_configure': False, 'cmake_target': None, 'cmake_target_skip_unavailable': False, 'install_base': '/home/vboxuser/ros2_ws/install/examples_rclcpp_minimal_subscriber', 'merge_install': False, 'path': '/home/vboxuser/ros2_ws/src/examples/rclcpp/topics/minimal_subscriber', 'symlink_install': False, 'test_result_base': None}
[1.211s] Level 5:colcon.colcon_core.verb:set package 'examples_rclcpp_minimal_timer' build argument 'cmake_args' from command line to 'None'
[1.211s] Level 5:colcon.colcon_core.verb:set package 'examples_rclcpp_minimal_timer' build argument 'cmake_target' from command line to 'None'
[1.211s] Level 5:colcon.colcon_core.verb:set package 'examples_rclcpp_minimal_timer' build argument 'cmake_target_skip_unavailable' from command line to 'False'
[1.211s] Level 5:colcon.colcon_core.verb:set package 'examples_rclcpp_minimal_timer' build argument 'cmake_clean_cache' from command line to 'False'
[1.211s] Level 5:colcon.colcon_core.verb:set package 'examples_rclcpp_minimal_timer' build argument 'cmake_clean_first' from command line to 'False'
[1.211s] Level 5:colcon.colcon_core.verb:set package 'examples_rclcpp_minimal_timer' build argument 'cmake_force_configure' from command line to 'False'
[1.211s] Level 5:colcon.colcon_core.verb:set package 'examples_rclcpp_minimal_timer' build argument 'ament_cmake_args' from command line to 'None'
[1.211s] Level 5:colcon.colcon_core.verb:set package 'examples_rclcpp_minimal_timer' build argument 'catkin_cmake_args' from command line to 'None'
[1.211s] Level 5:colcon.colcon_core.verb:set package 'examples_rclcpp_minimal_timer' build argument 'catkin_skip_building_tests' from command line to 'False'
[1.211s] DEBUG:colcon.colcon_core.verb:Building package 'examples_rclcpp_minimal_timer' with the following arguments: {'ament_cmake_args': None, 'build_base': '/home/vboxuser/ros2_ws/build/examples_rclcpp_minimal_timer', 'catkin_cmake_args': None, 'catkin_skip_building_tests': False, 'cmake_args': None, 'cmake_clean_cache': False, 'cmake_clean_first': False, 'cmake_force_configure': False, 'cmake_target': None, 'cmake_target_skip_unavailable': False, 'install_base': '/home/vboxuser/ros2_ws/install/examples_rclcpp_minimal_timer', 'merge_install': False, 'path': '/home/vboxuser/ros2_ws/src/examples/rclcpp/timers/minimal_timer', 'symlink_install': False, 'test_result_base': None}
[1.211s] Level 5:colcon.colcon_core.verb:set package 'examples_rclcpp_multithreaded_executor' build argument 'cmake_args' from command line to 'None'
[1.211s] Level 5:colcon.colcon_core.verb:set package 'examples_rclcpp_multithreaded_executor' build argument 'cmake_target' from command line to 'None'
[1.211s] Level 5:colcon.colcon_core.verb:set package 'examples_rclcpp_multithreaded_executor' build argument 'cmake_target_skip_unavailable' from command line to 'False'
[1.211s] Level 5:colcon.colcon_core.verb:set package 'examples_rclcpp_multithreaded_executor' build argument 'cmake_clean_cache' from command line to 'False'
[1.211s] Level 5:colcon.colcon_core.verb:set package 'examples_rclcpp_multithreaded_executor' build argument 'cmake_clean_first' from command line to 'False'
[1.211s] Level 5:colcon.colcon_core.verb:set package 'examples_rclcpp_multithreaded_executor' build argument 'cmake_force_configure' from command line to 'False'
[1.211s] Level 5:colcon.colcon_core.verb:set package 'examples_rclcpp_multithreaded_executor' build argument 'ament_cmake_args' from command line to 'None'
[1.211s] Level 5:colcon.colcon_core.verb:set package 'examples_rclcpp_multithreaded_executor' build argument 'catkin_cmake_args' from command line to 'None'
[1.211s] Level 5:colcon.colcon_core.verb:set package 'examples_rclcpp_multithreaded_executor' build argument 'catkin_skip_building_tests' from command line to 'False'
[1.211s] DEBUG:colcon.colcon_core.verb:Building package 'examples_rclcpp_multithreaded_executor' with the following arguments: {'ament_cmake_args': None, 'build_base': '/home/vboxuser/ros2_ws/build/examples_rclcpp_multithreaded_executor', 'catkin_cmake_args': None, 'catkin_skip_building_tests': False, 'cmake_args': None, 'cmake_clean_cache': False, 'cmake_clean_first': False, 'cmake_force_configure': False, 'cmake_target': None, 'cmake_target_skip_unavailable': False, 'install_base': '/home/vboxuser/ros2_ws/install/examples_rclcpp_multithreaded_executor', 'merge_install': False, 'path': '/home/vboxuser/ros2_ws/src/examples/rclcpp/executors/multithreaded_executor', 'symlink_install': False, 'test_result_base': None}
[1.212s] Level 5:colcon.colcon_core.verb:set package 'examples_rclcpp_wait_set' build argument 'cmake_args' from command line to 'None'
[1.212s] Level 5:colcon.colcon_core.verb:set package 'examples_rclcpp_wait_set' build argument 'cmake_target' from command line to 'None'
[1.212s] Level 5:colcon.colcon_core.verb:set package 'examples_rclcpp_wait_set' build argument 'cmake_target_skip_unavailable' from command line to 'False'
[1.212s] Level 5:colcon.colcon_core.verb:set package 'examples_rclcpp_wait_set' build argument 'cmake_clean_cache' from command line to 'False'
[1.212s] Level 5:colcon.colcon_core.verb:set package 'examples_rclcpp_wait_set' build argument 'cmake_clean_first' from command line to 'False'
[1.212s] Level 5:colcon.colcon_core.verb:set package 'examples_rclcpp_wait_set' build argument 'cmake_force_configure' from command line to 'False'
[1.212s] Level 5:colcon.colcon_core.verb:set package 'examples_rclcpp_wait_set' build argument 'ament_cmake_args' from command line to 'None'
[1.212s] Level 5:colcon.colcon_core.verb:set package 'examples_rclcpp_wait_set' build argument 'catkin_cmake_args' from command line to 'None'
[1.212s] Level 5:colcon.colcon_core.verb:set package 'examples_rclcpp_wait_set' build argument 'catkin_skip_building_tests' from command line to 'False'
[1.212s] DEBUG:colcon.colcon_core.verb:Building package 'examples_rclcpp_wait_set' with the following arguments: {'ament_cmake_args': None, 'build_base': '/home/vboxuser/ros2_ws/build/examples_rclcpp_wait_set', 'catkin_cmake_args': None, 'catkin_skip_building_tests': False, 'cmake_args': None, 'cmake_clean_cache': False, 'cmake_clean_first': False, 'cmake_force_configure': False, 'cmake_target': None, 'cmake_target_skip_unavailable': False, 'install_base': '/home/vboxuser/ros2_ws/install/examples_rclcpp_wait_set', 'merge_install': False, 'path': '/home/vboxuser/ros2_ws/src/examples/rclcpp/wait_set', 'symlink_install': False, 'test_result_base': None}
[1.212s] Level 5:colcon.colcon_core.verb:set package 'examples_rclpy_executors' build argument 'cmake_args' from command line to 'None'
[1.212s] Level 5:colcon.colcon_core.verb:set package 'examples_rclpy_executors' build argument 'cmake_target' from command line to 'None'
[1.212s] Level 5:colcon.colcon_core.verb:set package 'examples_rclpy_executors' build argument 'cmake_target_skip_unavailable' from command line to 'False'
[1.212s] Level 5:colcon.colcon_core.verb:set package 'examples_rclpy_executors' build argument 'cmake_clean_cache' from command line to 'False'
[1.212s] Level 5:colcon.colcon_core.verb:set package 'examples_rclpy_executors' build argument 'cmake_clean_first' from command line to 'False'
[1.212s] Level 5:colcon.colcon_core.verb:set package 'examples_rclpy_executors' build argument 'cmake_force_configure' from command line to 'False'
[1.212s] Level 5:colcon.colcon_core.verb:set package 'examples_rclpy_executors' build argument 'ament_cmake_args' from command line to 'None'
[1.212s] Level 5:colcon.colcon_core.verb:set package 'examples_rclpy_executors' build argument 'catkin_cmake_args' from command line to 'None'
[1.212s] Level 5:colcon.colcon_core.verb:set package 'examples_rclpy_executors' build argument 'catkin_skip_building_tests' from command line to 'False'
[1.213s] DEBUG:colcon.colcon_core.verb:Building package 'examples_rclpy_executors' with the following arguments: {'ament_cmake_args': None, 'build_base': '/home/vboxuser/ros2_ws/build/examples_rclpy_executors', 'catkin_cmake_args': None, 'catkin_skip_building_tests': False, 'cmake_args': None, 'cmake_clean_cache': False, 'cmake_clean_first': False, 'cmake_force_configure': False, 'cmake_target': None, 'cmake_target_skip_unavailable': False, 'install_base': '/home/vboxuser/ros2_ws/install/examples_rclpy_executors', 'merge_install': False, 'path': '/home/vboxuser/ros2_ws/src/examples/rclpy/executors', 'symlink_install': False, 'test_result_base': None}
[1.213s] Level 5:colcon.colcon_core.verb:set package 'examples_rclpy_guard_conditions' build argument 'cmake_args' from command line to 'None'
[1.213s] Level 5:colcon.colcon_core.verb:set package 'examples_rclpy_guard_conditions' build argument 'cmake_target' from command line to 'None'
[1.213s] Level 5:colcon.colcon_core.verb:set package 'examples_rclpy_guard_conditions' build argument 'cmake_target_skip_unavailable' from command line to 'False'
[1.213s] Level 5:colcon.colcon_core.verb:set package 'examples_rclpy_guard_conditions' build argument 'cmake_clean_cache' from command line to 'False'
[1.213s] Level 5:colcon.colcon_core.verb:set package 'examples_rclpy_guard_conditions' build argument 'cmake_clean_first' from command line to 'False'
[1.213s] Level 5:colcon.colcon_core.verb:set package 'examples_rclpy_guard_conditions' build argument 'cmake_force_configure' from command line to 'False'
[1.213s] Level 5:colcon.colcon_core.verb:set package 'examples_rclpy_guard_conditions' build argument 'ament_cmake_args' from command line to 'None'
[1.213s] Level 5:colcon.colcon_core.verb:set package 'examples_rclpy_guard_conditions' build argument 'catkin_cmake_args' from command line to 'None'
[1.213s] Level 5:colcon.colcon_core.verb:set package 'examples_rclpy_guard_conditions' build argument 'catkin_skip_building_tests' from command line to 'False'
[1.213s] DEBUG:colcon.colcon_core.verb:Building package 'examples_rclpy_guard_conditions' with the following arguments: {'ament_cmake_args': None, 'build_base': '/home/vboxuser/ros2_ws/build/examples_rclpy_guard_conditions', 'catkin_cmake_args': None, 'catkin_skip_building_tests': False, 'cmake_args': None, 'cmake_clean_cache': False, 'cmake_clean_first': False, 'cmake_force_configure': False, 'cmake_target': None, 'cmake_target_skip_unavailable': False, 'install_base': '/home/vboxuser/ros2_ws/install/examples_rclpy_guard_conditions', 'merge_install': False, 'path': '/home/vboxuser/ros2_ws/src/examples/rclpy/guard_conditions', 'symlink_install': False, 'test_result_base': None}
[1.213s] Level 5:colcon.colcon_core.verb:set package 'examples_rclpy_minimal_action_client' build argument 'cmake_args' from command line to 'None'
[1.213s] Level 5:colcon.colcon_core.verb:set package 'examples_rclpy_minimal_action_client' build argument 'cmake_target' from command line to 'None'
[1.214s] Level 5:colcon.colcon_core.verb:set package 'examples_rclpy_minimal_action_client' build argument 'cmake_target_skip_unavailable' from command line to 'False'
[1.214s] Level 5:colcon.colcon_core.verb:set package 'examples_rclpy_minimal_action_client' build argument 'cmake_clean_cache' from command line to 'False'
[1.214s] Level 5:colcon.colcon_core.verb:set package 'examples_rclpy_minimal_action_client' build argument 'cmake_clean_first' from command line to 'False'
[1.214s] Level 5:colcon.colcon_core.verb:set package 'examples_rclpy_minimal_action_client' build argument 'cmake_force_configure' from command line to 'False'
[1.214s] Level 5:colcon.colcon_core.verb:set package 'examples_rclpy_minimal_action_client' build argument 'ament_cmake_args' from command line to 'None'
[1.214s] Level 5:colcon.colcon_core.verb:set package 'examples_rclpy_minimal_action_client' build argument 'catkin_cmake_args' from command line to 'None'
[1.214s] Level 5:colcon.colcon_core.verb:set package 'examples_rclpy_minimal_action_client' build argument 'catkin_skip_building_tests' from command line to 'False'
[1.214s] DEBUG:colcon.colcon_core.verb:Building package 'examples_rclpy_minimal_action_client' with the following arguments: {'ament_cmake_args': None, 'build_base': '/home/vboxuser/ros2_ws/build/examples_rclpy_minimal_action_client', 'catkin_cmake_args': None, 'catkin_skip_building_tests': False, 'cmake_args': None, 'cmake_clean_cache': False, 'cmake_clean_first': False, 'cmake_force_configure': False, 'cmake_target': None, 'cmake_target_skip_unavailable': False, 'install_base': '/home/vboxuser/ros2_ws/install/examples_rclpy_minimal_action_client', 'merge_install': False, 'path': '/home/vboxuser/ros2_ws/src/examples/rclpy/actions/minimal_action_client', 'symlink_install': False, 'test_result_base': None}
[1.214s] Level 5:colcon.colcon_core.verb:set package 'examples_rclpy_minimal_action_server' build argument 'cmake_args' from command line to 'None'
[1.214s] Level 5:colcon.colcon_core.verb:set package 'examples_rclpy_minimal_action_server' build argument 'cmake_target' from command line to 'None'
[1.214s] Level 5:colcon.colcon_core.verb:set package 'examples_rclpy_minimal_action_server' build argument 'cmake_target_skip_unavailable' from command line to 'False'
[1.214s] Level 5:colcon.colcon_core.verb:set package 'examples_rclpy_minimal_action_server' build argument 'cmake_clean_cache' from command line to 'False'
[1.214s] Level 5:colcon.colcon_core.verb:set package 'examples_rclpy_minimal_action_server' build argument 'cmake_clean_first' from command line to 'False'
[1.214s] Level 5:colcon.colcon_core.verb:set package 'examples_rclpy_minimal_action_server' build argument 'cmake_force_configure' from command line to 'False'
[1.214s] Level 5:colcon.colcon_core.verb:set package 'examples_rclpy_minimal_action_server' build argument 'ament_cmake_args' from command line to 'None'
[1.214s] Level 5:colcon.colcon_core.verb:set package 'examples_rclpy_minimal_action_server' build argument 'catkin_cmake_args' from command line to 'None'
[1.214s] Level 5:colcon.colcon_core.verb:set package 'examples_rclpy_minimal_action_server' build argument 'catkin_skip_building_tests' from command line to 'False'
[1.214s] DEBUG:colcon.colcon_core.verb:Building package 'examples_rclpy_minimal_action_server' with the following arguments: {'ament_cmake_args': None, 'build_base': '/home/vboxuser/ros2_ws/build/examples_rclpy_minimal_action_server', 'catkin_cmake_args': None, 'catkin_skip_building_tests': False, 'cmake_args': None, 'cmake_clean_cache': False, 'cmake_clean_first': False, 'cmake_force_configure': False, 'cmake_target': None, 'cmake_target_skip_unavailable': False, 'install_base': '/home/vboxuser/ros2_ws/install/examples_rclpy_minimal_action_server', 'merge_install': False, 'path': '/home/vboxuser/ros2_ws/src/examples/rclpy/actions/minimal_action_server', 'symlink_install': False, 'test_result_base': None}
[1.215s] Level 5:colcon.colcon_core.verb:set package 'examples_rclpy_minimal_client' build argument 'cmake_args' from command line to 'None'
[1.215s] Level 5:colcon.colcon_core.verb:set package 'examples_rclpy_minimal_client' build argument 'cmake_target' from command line to 'None'
[1.215s] Level 5:colcon.colcon_core.verb:set package 'examples_rclpy_minimal_client' build argument 'cmake_target_skip_unavailable' from command line to 'False'
[1.215s] Level 5:colcon.colcon_core.verb:set package 'examples_rclpy_minimal_client' build argument 'cmake_clean_cache' from command line to 'False'
[1.215s] Level 5:colcon.colcon_core.verb:set package 'examples_rclpy_minimal_client' build argument 'cmake_clean_first' from command line to 'False'
[1.215s] Level 5:colcon.colcon_core.verb:set package 'examples_rclpy_minimal_client' build argument 'cmake_force_configure' from command line to 'False'
[1.215s] Level 5:colcon.colcon_core.verb:set package 'examples_rclpy_minimal_client' build argument 'ament_cmake_args' from command line to 'None'
[1.215s] Level 5:colcon.colcon_core.verb:set package 'examples_rclpy_minimal_client' build argument 'catkin_cmake_args' from command line to 'None'
[1.215s] Level 5:colcon.colcon_core.verb:set package 'examples_rclpy_minimal_client' build argument 'catkin_skip_building_tests' from command line to 'False'
[1.215s] DEBUG:colcon.colcon_core.verb:Building package 'examples_rclpy_minimal_client' with the following arguments: {'ament_cmake_args': None, 'build_base': '/home/vboxuser/ros2_ws/build/examples_rclpy_minimal_client', 'catkin_cmake_args': None, 'catkin_skip_building_tests': False, 'cmake_args': None, 'cmake_clean_cache': False, 'cmake_clean_first': False, 'cmake_force_configure': False, 'cmake_target': None, 'cmake_target_skip_unavailable': False, 'install_base': '/home/vboxuser/ros2_ws/install/examples_rclpy_minimal_client', 'merge_install': False, 'path': '/home/vboxuser/ros2_ws/src/examples/rclpy/services/minimal_client', 'symlink_install': False, 'test_result_base': None}
[1.215s] Level 5:colcon.colcon_core.verb:set package 'examples_rclpy_minimal_publisher' build argument 'cmake_args' from command line to 'None'
[1.215s] Level 5:colcon.colcon_core.verb:set package 'examples_rclpy_minimal_publisher' build argument 'cmake_target' from command line to 'None'
[1.215s] Level 5:colcon.colcon_core.verb:set package 'examples_rclpy_minimal_publisher' build argument 'cmake_target_skip_unavailable' from command line to 'False'
[1.215s] Level 5:colcon.colcon_core.verb:set package 'examples_rclpy_minimal_publisher' build argument 'cmake_clean_cache' from command line to 'False'
[1.216s] Level 5:colcon.colcon_core.verb:set package 'examples_rclpy_minimal_publisher' build argument 'cmake_clean_first' from command line to 'False'
[1.216s] Level 5:colcon.colcon_core.verb:set package 'examples_rclpy_minimal_publisher' build argument 'cmake_force_configure' from command line to 'False'
[1.216s] Level 5:colcon.colcon_core.verb:set package 'examples_rclpy_minimal_publisher' build argument 'ament_cmake_args' from command line to 'None'
[1.216s] Level 5:colcon.colcon_core.verb:set package 'examples_rclpy_minimal_publisher' build argument 'catkin_cmake_args' from command line to 'None'
[1.216s] Level 5:colcon.colcon_core.verb:set package 'examples_rclpy_minimal_publisher' build argument 'catkin_skip_building_tests' from command line to 'False'
[1.216s] DEBUG:colcon.colcon_core.verb:Building package 'examples_rclpy_minimal_publisher' with the following arguments: {'ament_cmake_args': None, 'build_base': '/home/vboxuser/ros2_ws/build/examples_rclpy_minimal_publisher', 'catkin_cmake_args': None, 'catkin_skip_building_tests': False, 'cmake_args': None, 'cmake_clean_cache': False, 'cmake_clean_first': False, 'cmake_force_configure': False, 'cmake_target': None, 'cmake_target_skip_unavailable': False, 'install_base': '/home/vboxuser/ros2_ws/install/examples_rclpy_minimal_publisher', 'merge_install': False, 'path': '/home/vboxuser/ros2_ws/src/examples/rclpy/topics/minimal_publisher', 'symlink_install': False, 'test_result_base': None}
[1.217s] Level 5:colcon.colcon_core.verb:set package 'examples_rclpy_minimal_service' build argument 'cmake_args' from command line to 'None'
[1.217s] Level 5:colcon.colcon_core.verb:set package 'examples_rclpy_minimal_service' build argument 'cmake_target' from command line to 'None'
[1.217s] Level 5:colcon.colcon_core.verb:set package 'examples_rclpy_minimal_service' build argument 'cmake_target_skip_unavailable' from command line to 'False'
[1.217s] Level 5:colcon.colcon_core.verb:set package 'examples_rclpy_minimal_service' build argument 'cmake_clean_cache' from command line to 'False'
[1.217s] Level 5:colcon.colcon_core.verb:set package 'examples_rclpy_minimal_service' build argument 'cmake_clean_first' from command line to 'False'
[1.217s] Level 5:colcon.colcon_core.verb:set package 'examples_rclpy_minimal_service' build argument 'cmake_force_configure' from command line to 'False'
[1.217s] Level 5:colcon.colcon_core.verb:set package 'examples_rclpy_minimal_service' build argument 'ament_cmake_args' from command line to 'None'
[1.217s] Level 5:colcon.colcon_core.verb:set package 'examples_rclpy_minimal_service' build argument 'catkin_cmake_args' from command line to 'None'
[1.217s] Level 5:colcon.colcon_core.verb:set package 'examples_rclpy_minimal_service' build argument 'catkin_skip_building_tests' from command line to 'False'
[1.218s] DEBUG:colcon.colcon_core.verb:Building package 'examples_rclpy_minimal_service' with the following arguments: {'ament_cmake_args': None, 'build_base': '/home/vboxuser/ros2_ws/build/examples_rclpy_minimal_service', 'catkin_cmake_args': None, 'catkin_skip_building_tests': False, 'cmake_args': None, 'cmake_clean_cache': False, 'cmake_clean_first': False, 'cmake_force_configure': False, 'cmake_target': None, 'cmake_target_skip_unavailable': False, 'install_base': '/home/vboxuser/ros2_ws/install/examples_rclpy_minimal_service', 'merge_install': False, 'path': '/home/vboxuser/ros2_ws/src/examples/rclpy/services/minimal_service', 'symlink_install': False, 'test_result_base': None}
[1.218s] Level 5:colcon.colcon_core.verb:set package 'examples_rclpy_minimal_subscriber' build argument 'cmake_args' from command line to 'None'
[1.218s] Level 5:colcon.colcon_core.verb:set package 'examples_rclpy_minimal_subscriber' build argument 'cmake_target' from command line to 'None'
[1.218s] Level 5:colcon.colcon_core.verb:set package 'examples_rclpy_minimal_subscriber' build argument 'cmake_target_skip_unavailable' from command line to 'False'
[1.218s] Level 5:colcon.colcon_core.verb:set package 'examples_rclpy_minimal_subscriber' build argument 'cmake_clean_cache' from command line to 'False'
[1.218s] Level 5:colcon.colcon_core.verb:set package 'examples_rclpy_minimal_subscriber' build argument 'cmake_clean_first' from command line to 'False'
[1.218s] Level 5:colcon.colcon_core.verb:set package 'examples_rclpy_minimal_subscriber' build argument 'cmake_force_configure' from command line to 'False'
[1.219s] Level 5:colcon.colcon_core.verb:set package 'examples_rclpy_minimal_subscriber' build argument 'ament_cmake_args' from command line to 'None'
[1.219s] Level 5:colcon.colcon_core.verb:set package 'examples_rclpy_minimal_subscriber' build argument 'catkin_cmake_args' from command line to 'None'
[1.219s] Level 5:colcon.colcon_core.verb:set package 'examples_rclpy_minimal_subscriber' build argument 'catkin_skip_building_tests' from command line to 'False'
[1.219s] DEBUG:colcon.colcon_core.verb:Building package 'examples_rclpy_minimal_subscriber' with the following arguments: {'ament_cmake_args': None, 'build_base': '/home/vboxuser/ros2_ws/build/examples_rclpy_minimal_subscriber', 'catkin_cmake_args': None, 'catkin_skip_building_tests': False, 'cmake_args': None, 'cmake_clean_cache': False, 'cmake_clean_first': False, 'cmake_force_configure': False, 'cmake_target': None, 'cmake_target_skip_unavailable': False, 'install_base': '/home/vboxuser/ros2_ws/install/examples_rclpy_minimal_subscriber', 'merge_install': False, 'path': '/home/vboxuser/ros2_ws/src/examples/rclpy/topics/minimal_subscriber', 'symlink_install': False, 'test_result_base': None}
[1.219s] Level 5:colcon.colcon_core.verb:set package 'examples_rclpy_pointcloud_publisher' build argument 'cmake_args' from command line to 'None'
[1.219s] Level 5:colcon.colcon_core.verb:set package 'examples_rclpy_pointcloud_publisher' build argument 'cmake_target' from command line to 'None'
[1.220s] Level 5:colcon.colcon_core.verb:set package 'examples_rclpy_pointcloud_publisher' build argument 'cmake_target_skip_unavailable' from command line to 'False'
[1.220s] Level 5:colcon.colcon_core.verb:set package 'examples_rclpy_pointcloud_publisher' build argument 'cmake_clean_cache' from command line to 'False'
[1.220s] Level 5:colcon.colcon_core.verb:set package 'examples_rclpy_pointcloud_publisher' build argument 'cmake_clean_first' from command line to 'False'
[1.220s] Level 5:colcon.colcon_core.verb:set package 'examples_rclpy_pointcloud_publisher' build argument 'cmake_force_configure' from command line to 'False'
[1.220s] Level 5:colcon.colcon_core.verb:set package 'examples_rclpy_pointcloud_publisher' build argument 'ament_cmake_args' from command line to 'None'
[1.220s] Level 5:colcon.colcon_core.verb:set package 'examples_rclpy_pointcloud_publisher' build argument 'catkin_cmake_args' from command line to 'None'
[1.220s] Level 5:colcon.colcon_core.verb:set package 'examples_rclpy_pointcloud_publisher' build argument 'catkin_skip_building_tests' from command line to 'False'
[1.220s] DEBUG:colcon.colcon_core.verb:Building package 'examples_rclpy_pointcloud_publisher' with the following arguments: {'ament_cmake_args': None, 'build_base': '/home/vboxuser/ros2_ws/build/examples_rclpy_pointcloud_publisher', 'catkin_cmake_args': None, 'catkin_skip_building_tests': False, 'cmake_args': None, 'cmake_clean_cache': False, 'cmake_clean_first': False, 'cmake_force_configure': False, 'cmake_target': None, 'cmake_target_skip_unavailable': False, 'install_base': '/home/vboxuser/ros2_ws/install/examples_rclpy_pointcloud_publisher', 'merge_install': False, 'path': '/home/vboxuser/ros2_ws/src/examples/rclpy/topics/pointcloud_publisher', 'symlink_install': False, 'test_result_base': None}
[1.221s] Level 5:colcon.colcon_core.verb:set package 'launch_testing_examples' build argument 'cmake_args' from command line to 'None'
[1.221s] Level 5:colcon.colcon_core.verb:set package 'launch_testing_examples' build argument 'cmake_target' from command line to 'None'
[1.221s] Level 5:colcon.colcon_core.verb:set package 'launch_testing_examples' build argument 'cmake_target_skip_unavailable' from command line to 'False'
[1.221s] Level 5:colcon.colcon_core.verb:set package 'launch_testing_examples' build argument 'cmake_clean_cache' from command line to 'False'
[1.221s] Level 5:colcon.colcon_core.verb:set package 'launch_testing_examples' build argument 'cmake_clean_first' from command line to 'False'
[1.221s] Level 5:colcon.colcon_core.verb:set package 'launch_testing_examples' build argument 'cmake_force_configure' from command line to 'False'
[1.221s] Level 5:colcon.colcon_core.verb:set package 'launch_testing_examples' build argument 'ament_cmake_args' from command line to 'None'
[1.221s] Level 5:colcon.colcon_core.verb:set package 'launch_testing_examples' build argument 'catkin_cmake_args' from command line to 'None'
[1.222s] Level 5:colcon.colcon_core.verb:set package 'launch_testing_examples' build argument 'catkin_skip_building_tests' from command line to 'False'
[1.222s] DEBUG:colcon.colcon_core.verb:Building package 'launch_testing_examples' with the following arguments: {'ament_cmake_args': None, 'build_base': '/home/vboxuser/ros2_ws/build/launch_testing_examples', 'catkin_cmake_args': None, 'catkin_skip_building_tests': False, 'cmake_args': None, 'cmake_clean_cache': False, 'cmake_clean_first': False, 'cmake_force_configure': False, 'cmake_target': None, 'cmake_target_skip_unavailable': False, 'install_base': '/home/vboxuser/ros2_ws/install/launch_testing_examples', 'merge_install': False, 'path': '/home/vboxuser/ros2_ws/src/examples/launch_testing/launch_testing_examples', 'symlink_install': False, 'test_result_base': None}
[1.222s] Level 5:colcon.colcon_core.verb:set package 'my_package' build argument 'cmake_args' from command line to 'None'
[1.222s] Level 5:colcon.colcon_core.verb:set package 'my_package' build argument 'cmake_target' from command line to 'None'
[1.223s] Level 5:colcon.colcon_core.verb:set package 'my_package' build argument 'cmake_target_skip_unavailable' from command line to 'False'
[1.223s] Level 5:colcon.colcon_core.verb:set package 'my_package' build argument 'cmake_clean_cache' from command line to 'False'
[1.223s] Level 5:colcon.colcon_core.verb:set package 'my_package' build argument 'cmake_clean_first' from command line to 'False'
[1.223s] Level 5:colcon.colcon_core.verb:set package 'my_package' build argument 'cmake_force_configure' from command line to 'False'
[1.223s] Level 5:colcon.colcon_core.verb:set package 'my_package' build argument 'ament_cmake_args' from command line to 'None'
[1.223s] Level 5:colcon.colcon_core.verb:set package 'my_package' build argument 'catkin_cmake_args' from command line to 'None'
[1.223s] Level 5:colcon.colcon_core.verb:set package 'my_package' build argument 'catkin_skip_building_tests' from command line to 'False'
[1.223s] DEBUG:colcon.colcon_core.verb:Building package 'my_package' with the following arguments: {'ament_cmake_args': None, 'build_base': '/home/vboxuser/ros2_ws/build/my_package', 'catkin_cmake_args': None, 'catkin_skip_building_tests': False, 'cmake_args': None, 'cmake_clean_cache': False, 'cmake_clean_first': False, 'cmake_force_configure': False, 'cmake_target': None, 'cmake_target_skip_unavailable': False, 'install_base': '/home/vboxuser/ros2_ws/install/my_package', 'merge_install': False, 'path': '/home/vboxuser/ros2_ws/src/my_package', 'symlink_install': False, 'test_result_base': None}
[1.224s] Level 5:colcon.colcon_core.verb:set package 'py_pubsub' build argument 'cmake_args' from command line to 'None'
[1.224s] Level 5:colcon.colcon_core.verb:set package 'py_pubsub' build argument 'cmake_target' from command line to 'None'
[1.224s] Level 5:colcon.colcon_core.verb:set package 'py_pubsub' build argument 'cmake_target_skip_unavailable' from command line to 'False'
[1.224s] Level 5:colcon.colcon_core.verb:set package 'py_pubsub' build argument 'cmake_clean_cache' from command line to 'False'
[1.224s] Level 5:colcon.colcon_core.verb:set package 'py_pubsub' build argument 'cmake_clean_first' from command line to 'False'
[1.224s] Level 5:colcon.colcon_core.verb:set package 'py_pubsub' build argument 'cmake_force_configure' from command line to 'False'
[1.224s] Level 5:colcon.colcon_core.verb:set package 'py_pubsub' build argument 'ament_cmake_args' from command line to 'None'
[1.224s] Level 5:colcon.colcon_core.verb:set package 'py_pubsub' build argument 'catkin_cmake_args' from command line to 'None'
[1.225s] Level 5:colcon.colcon_core.verb:set package 'py_pubsub' build argument 'catkin_skip_building_tests' from command line to 'False'
[1.225s] DEBUG:colcon.colcon_core.verb:Building package 'py_pubsub' with the following arguments: {'ament_cmake_args': None, 'build_base': '/home/vboxuser/ros2_ws/build/py_pubsub', 'catkin_cmake_args': None, 'catkin_skip_building_tests': False, 'cmake_args': None, 'cmake_clean_cache': False, 'cmake_clean_first': False, 'cmake_force_configure': False, 'cmake_target': None, 'cmake_target_skip_unavailable': False, 'install_base': '/home/vboxuser/ros2_ws/install/py_pubsub', 'merge_install': False, 'path': '/home/vboxuser/ros2_ws/src/py_pubsub', 'symlink_install': False, 'test_result_base': None}
[1.225s] Level 5:colcon.colcon_core.verb:set package 'read_rosbag' build argument 'cmake_args' from command line to 'None'
[1.225s] Level 5:colcon.colcon_core.verb:set package 'read_rosbag' build argument 'cmake_target' from command line to 'None'
[1.225s] Level 5:colcon.colcon_core.verb:set package 'read_rosbag' build argument 'cmake_target_skip_unavailable' from command line to 'False'
[1.225s] Level 5:colcon.colcon_core.verb:set package 'read_rosbag' build argument 'cmake_clean_cache' from command line to 'False'
[1.226s] Level 5:colcon.colcon_core.verb:set package 'read_rosbag' build argument 'cmake_clean_first' from command line to 'False'
[1.226s] Level 5:colcon.colcon_core.verb:set package 'read_rosbag' build argument 'cmake_force_configure' from command line to 'False'
[1.226s] Level 5:colcon.colcon_core.verb:set package 'read_rosbag' build argument 'ament_cmake_args' from command line to 'None'
[1.226s] Level 5:colcon.colcon_core.verb:set package 'read_rosbag' build argument 'catkin_cmake_args' from command line to 'None'
[1.226s] Level 5:colcon.colcon_core.verb:set package 'read_rosbag' build argument 'catkin_skip_building_tests' from command line to 'False'
[1.226s] DEBUG:colcon.colcon_core.verb:Building package 'read_rosbag' with the following arguments: {'ament_cmake_args': None, 'build_base': '/home/vboxuser/ros2_ws/build/read_rosbag', 'catkin_cmake_args': None, 'catkin_skip_building_tests': False, 'cmake_args': None, 'cmake_clean_cache': False, 'cmake_clean_first': False, 'cmake_force_configure': False, 'cmake_target': None, 'cmake_target_skip_unavailable': False, 'install_base': '/home/vboxuser/ros2_ws/install/read_rosbag', 'merge_install': False, 'path': '/home/vboxuser/ros2_ws/src/read_rosbag', 'symlink_install': False, 'test_result_base': None}
[1.227s] Level 5:colcon.colcon_core.verb:set package 'turtlesim' build argument 'cmake_args' from command line to 'None'
[1.227s] Level 5:colcon.colcon_core.verb:set package 'turtlesim' build argument 'cmake_target' from command line to 'None'
[1.227s] Level 5:colcon.colcon_core.verb:set package 'turtlesim' build argument 'cmake_target_skip_unavailable' from command line to 'False'
[1.227s] Level 5:colcon.colcon_core.verb:set package 'turtlesim' build argument 'cmake_clean_cache' from command line to 'False'
[1.227s] Level 5:colcon.colcon_core.verb:set package 'turtlesim' build argument 'cmake_clean_first' from command line to 'False'
[1.227s] Level 5:colcon.colcon_core.verb:set package 'turtlesim' build argument 'cmake_force_configure' from command line to 'False'
[1.227s] Level 5:colcon.colcon_core.verb:set package 'turtlesim' build argument 'ament_cmake_args' from command line to 'None'
[1.227s] Level 5:colcon.colcon_core.verb:set package 'turtlesim' build argument 'catkin_cmake_args' from command line to 'None'
[1.227s] Level 5:colcon.colcon_core.verb:set package 'turtlesim' build argument 'catkin_skip_building_tests' from command line to 'False'
[1.228s] DEBUG:colcon.colcon_core.verb:Building package 'turtlesim' with the following arguments: {'ament_cmake_args': None, 'build_base': '/home/vboxuser/ros2_ws/build/turtlesim', 'catkin_cmake_args': None, 'catkin_skip_building_tests': False, 'cmake_args': None, 'cmake_clean_cache': False, 'cmake_clean_first': False, 'cmake_force_configure': False, 'cmake_target': None, 'cmake_target_skip_unavailable': False, 'install_base': '/home/vboxuser/ros2_ws/install/turtlesim', 'merge_install': False, 'path': '/home/vboxuser/ros2_ws/src/ros_tutorials/turtlesim', 'symlink_install': False, 'test_result_base': None}
[1.228s] INFO:colcon.colcon_core.executor:Executing jobs using 'parallel' executor
[1.230s] DEBUG:colcon.colcon_parallel_executor.executor.parallel:run_until_complete
[1.237s] INFO:colcon.colcon_ros.task.ament_python.build:Building ROS package in '/home/vboxuser/ros2_ws/src/BMS_BQ769X2/src/bms_visualizer' with build type 'ament_python'
[1.238s] Level 1:colcon.colcon_core.shell:create_environment_hook('bms_visualizer', 'ament_prefix_path')
[1.250s] INFO:colcon.colcon_core.plugin_system:Skipping extension 'colcon_core.shell.bat': Not used on non-Windows systems
[1.250s] INFO:colcon.colcon_core.shell:Creating environment hook '/home/vboxuser/ros2_ws/install/bms_visualizer/share/bms_visualizer/hook/ament_prefix_path.ps1'
[1.252s] INFO:colcon.colcon_core.shell:Creating environment descriptor '/home/vboxuser/ros2_ws/install/bms_visualizer/share/bms_visualizer/hook/ament_prefix_path.dsv'
[1.253s] INFO:colcon.colcon_core.shell:Creating environment hook '/home/vboxuser/ros2_ws/install/bms_visualizer/share/bms_visualizer/hook/ament_prefix_path.sh'
[1.256s] INFO:colcon.colcon_core.shell:Skip shell extension 'powershell' for command environment: Not usable outside of PowerShell
[1.256s] DEBUG:colcon.colcon_core.shell:Skip shell extension 'dsv' for command environment
[1.305s] INFO:colcon.colcon_ros.task.ament_cmake.build:Building ROS package in '/home/vboxuser/ros2_ws/src/BMS_BQ769X2/src/bq769x2_i2c_ros' with build type 'ament_cmake'
[1.305s] INFO:colcon.colcon_cmake.task.cmake.build:Building CMake package in '/home/vboxuser/ros2_ws/src/BMS_BQ769X2/src/bq769x2_i2c_ros'
[1.305s] INFO:colcon.colcon_core.shell:Skip shell extension 'powershell' for command environment: Not usable outside of PowerShell
[1.306s] DEBUG:colcon.colcon_core.shell:Skip shell extension 'dsv' for command environment
[1.372s] INFO:colcon.colcon_ros.task.ament_cmake.build:Building ROS package in '/home/vboxuser/ros2_ws/src/examples/rclcpp/services/async_client' with build type 'ament_cmake'
[1.373s] INFO:colcon.colcon_cmake.task.cmake.build:Building CMake package in '/home/vboxuser/ros2_ws/src/examples/rclcpp/services/async_client'
[1.374s] INFO:colcon.colcon_core.shell:Skip shell extension 'powershell' for command environment: Not usable outside of PowerShell
[1.374s] DEBUG:colcon.colcon_core.shell:Skip shell extension 'dsv' for command environment
[1.435s] INFO:colcon.colcon_ros.task.ament_cmake.build:Building ROS package in '/home/vboxuser/ros2_ws/src/examples/rclcpp/executors/cbg_executor' with build type 'ament_cmake'
[1.435s] INFO:colcon.colcon_cmake.task.cmake.build:Building CMake package in '/home/vboxuser/ros2_ws/src/examples/rclcpp/executors/cbg_executor'
[1.436s] INFO:colcon.colcon_core.shell:Skip shell extension 'powershell' for command environment: Not usable outside of PowerShell
[1.436s] DEBUG:colcon.colcon_core.shell:Skip shell extension 'dsv' for command environment
[1.521s] DEBUG:colcon.colcon_core.event_handler.log_command:Invoking command in '/home/vboxuser/ros2_ws/build/bq769x2_i2c_ros': CMAKE_PREFIX_PATH=${CMAKE_PREFIX_PATH}:/home/vboxuser/ros2_ws/install/read_rosbag:/home/vboxuser/ros2_ws/install/py_pubsub:/home/vboxuser/ros2_ws/install/launch_testing_examples:/home/vboxuser/ros2_ws/install/examples_rclpy_pointcloud_publisher:/home/vboxuser/ros2_ws/install/examples_rclpy_minimal_subscriber:/home/vboxuser/ros2_ws/install/examples_rclpy_minimal_service:/home/vboxuser/ros2_ws/install/examples_rclpy_minimal_publisher:/home/vboxuser/ros2_ws/install/examples_rclpy_minimal_client:/home/vboxuser/ros2_ws/install/examples_rclpy_minimal_action_server:/home/vboxuser/ros2_ws/install/examples_rclpy_minimal_action_client:/home/vboxuser/ros2_ws/install/examples_rclpy_guard_conditions:/home/vboxuser/ros2_ws/install/examples_rclpy_executors:/home/vboxuser/ros2_ws/install/bms_visualizer:/opt/ros/iron:/home/vboxuser/ros2_iron/install/rqt_bag_plugins:/home/vboxuser/ros2_iron/install/rqt_bag:/home/vboxuser/ros2_iron/install/rosbag2_examples_py:/home/vboxuser/ros2_iron/install/launch_testing_examples:/home/vboxuser/ros2_iron/install/ros2bag:/home/vboxuser/ros2_iron/install/tracetools_test:/home/vboxuser/ros2_iron/install/tracetools_launch:/home/vboxuser/ros2_iron/install/topic_monitor:/home/vboxuser/ros2_iron/install/tf2_tools:/home/vboxuser/ros2_iron/install/examples_tf2_py:/home/vboxuser/ros2_iron/install/tf2_ros_py:/home/vboxuser/ros2_iron/install/examples_rclpy_pointcloud_publisher:/home/vboxuser/ros2_iron/install/sensor_msgs_py:/home/vboxuser/ros2_iron/install/quality_of_service_demo_py:/home/vboxuser/ros2_iron/install/rqt_plot:/home/vboxuser/ros2_iron/install/ros2doctor:/home/vboxuser/ros2_iron/install/lifecycle_py:/home/vboxuser/ros2_iron/install/examples_rclpy_minimal_subscriber:/home/vboxuser/ros2_iron/install/examples_rclpy_minimal_service:/home/vboxuser/ros2_iron/install/examples_rclpy_minimal_publisher:/home/vboxuser/ros2_iron/install/examples_rclpy_minimal_client:/home/vboxuser/ros2_iron/install/examples_rclpy_executors:/home/vboxuser/ros2_iron/install/demo_nodes_py:/home/vboxuser/ros2_iron/install/rqt:/home/vboxuser/ros2_iron/install/ros2component:/home/vboxuser/ros2_iron/install/sros2:/home/vboxuser/ros2_iron/install/rqt_topic:/home/vboxuser/ros2_iron/install/rqt_srv:/home/vboxuser/ros2_iron/install/rqt_shell:/home/vboxuser/ros2_iron/install/rqt_service_caller:/home/vboxuser/ros2_iron/install/rqt_reconfigure:/home/vboxuser/ros2_iron/install/rqt_py_console:/home/vboxuser/ros2_iron/install/rqt_publisher:/home/vboxuser/ros2_iron/install/rqt_action:/home/vboxuser/ros2_iron/install/rqt_msg:/home/vboxuser/ros2_iron/install/rqt_console:/home/vboxuser/ros2_iron/install/rqt_graph:/home/vboxuser/ros2_iron/install/rqt_gui_py:/home/vboxuser/ros2_iron/install/rqt_gui:/home/vboxuser/ros2_iron/install/ros2trace:/home/vboxuser/ros2_iron/install/ros2topic:/home/vboxuser/ros2_iron/install/ros2test:/home/vboxuser/ros2_iron/install/ros2param:/home/vboxuser/ros2_iron/install/ros2lifecycle:/home/vboxuser/ros2_iron/install/ros2service:/home/vboxuser/ros2_iron/install/ros2run:/home/vboxuser/ros2_iron/install/ros2launch:/home/vboxuser/ros2_iron/install/ros2pkg:/home/vboxuser/ros2_iron/install/ros2node:/home/vboxuser/ros2_iron/install/ros2multicast:/home/vboxuser/ros2_iron/install/ros2interface:/home/vboxuser/ros2_iron/install/ros2action:/home/vboxuser/ros2_iron/install/ros2cli:/home/vboxuser/ros2_iron/install/launch_testing_ros:/home/vboxuser/ros2_iron/install/launch_ros:/home/vboxuser/ros2_iron/install/examples_rclpy_minimal_action_server:/home/vboxuser/ros2_iron/install/examples_rclpy_minimal_action_client:/home/vboxuser/ros2_iron/install/examples_rclpy_guard_conditions:/home/vboxuser/ros2_iron/install/action_tutorials_py:/home/vboxuser/ros2_iron/install/ament_uncrustify:/home/vboxuser/ros2_iron/install/tracetools_trace:/home/vboxuser/ros2_iron/install/tracetools_read:/home/vboxuser/ros2_iron/install/test_tracetools_launch:/home/vboxuser/ros2_iron/install/test_ros2trace:/home/vboxuser/ros2_iron/install/test_launch_ros:/home/vboxuser/ros2_iron/install/rpyutils:/home/vboxuser/ros2_iron/install/rosidl_runtime_py:/home/vboxuser/ros2_iron/install/rosidl_pycommon:/home/vboxuser/ros2_iron/install/rosidl_cli:/home/vboxuser/ros2_iron/install/launch_pytest:/home/vboxuser/ros2_iron/install/launch_testing:/home/vboxuser/ros2_iron/install/launch_yaml:/home/vboxuser/ros2_iron/install/launch_xml:/home/vboxuser/ros2_iron/install/launch:/home/vboxuser/ros2_iron/install/osrf_pycommon:/home/vboxuser/ros2_iron/install/domain_coordinator:/home/vboxuser/ros2_iron/install/ament_xmllint:/home/vboxuser/ros2_iron/install/ament_pyflakes:/home/vboxuser/ros2_iron/install/ament_pycodestyle:/home/vboxuser/ros2_iron/install/ament_pep257:/home/vboxuser/ros2_iron/install/ament_pclint:/home/vboxuser/ros2_iron/install/ament_package:/home/vboxuser/ros2_iron/install/ament_mypy:/home/vboxuser/ros2_iron/install/ament_lint_cmake:/home/vboxuser/ros2_iron/install/ament_flake8:/home/vboxuser/ros2_iron/install/ament_copyright:/home/vboxuser/ros2_iron/install/ament_lint:/home/vboxuser/ros2_iron/install/ament_index_python:/home/vboxuser/ros2_iron/install/ament_cpplint:/home/vboxuser/ros2_iron/install/ament_cppcheck:/home/vboxuser/ros2_iron/install/ament_clang_tidy:/home/vboxuser/ros2_iron/install/ament_clang_format /usr/bin/cmake --build /home/vboxuser/ros2_ws/build/bq769x2_i2c_ros -- -j4 -l4
[1.579s] DEBUG:colcon.colcon_core.event_handler.log_command:Invoking command in '/home/vboxuser/ros2_ws/build/examples_rclcpp_async_client': CMAKE_PREFIX_PATH=${CMAKE_PREFIX_PATH}:/home/vboxuser/ros2_ws/install/read_rosbag:/home/vboxuser/ros2_ws/install/py_pubsub:/home/vboxuser/ros2_ws/install/launch_testing_examples:/home/vboxuser/ros2_ws/install/examples_rclpy_pointcloud_publisher:/home/vboxuser/ros2_ws/install/examples_rclpy_minimal_subscriber:/home/vboxuser/ros2_ws/install/examples_rclpy_minimal_service:/home/vboxuser/ros2_ws/install/examples_rclpy_minimal_publisher:/home/vboxuser/ros2_ws/install/examples_rclpy_minimal_client:/home/vboxuser/ros2_ws/install/examples_rclpy_minimal_action_server:/home/vboxuser/ros2_ws/install/examples_rclpy_minimal_action_client:/home/vboxuser/ros2_ws/install/examples_rclpy_guard_conditions:/home/vboxuser/ros2_ws/install/examples_rclpy_executors:/home/vboxuser/ros2_ws/install/bms_visualizer:/opt/ros/iron:/home/vboxuser/ros2_iron/install/rqt_bag_plugins:/home/vboxuser/ros2_iron/install/rqt_bag:/home/vboxuser/ros2_iron/install/rosbag2_examples_py:/home/vboxuser/ros2_iron/install/launch_testing_examples:/home/vboxuser/ros2_iron/install/ros2bag:/home/vboxuser/ros2_iron/install/tracetools_test:/home/vboxuser/ros2_iron/install/tracetools_launch:/home/vboxuser/ros2_iron/install/topic_monitor:/home/vboxuser/ros2_iron/install/tf2_tools:/home/vboxuser/ros2_iron/install/examples_tf2_py:/home/vboxuser/ros2_iron/install/tf2_ros_py:/home/vboxuser/ros2_iron/install/examples_rclpy_pointcloud_publisher:/home/vboxuser/ros2_iron/install/sensor_msgs_py:/home/vboxuser/ros2_iron/install/quality_of_service_demo_py:/home/vboxuser/ros2_iron/install/rqt_plot:/home/vboxuser/ros2_iron/install/ros2doctor:/home/vboxuser/ros2_iron/install/lifecycle_py:/home/vboxuser/ros2_iron/install/examples_rclpy_minimal_subscriber:/home/vboxuser/ros2_iron/install/examples_rclpy_minimal_service:/home/vboxuser/ros2_iron/install/examples_rclpy_minimal_publisher:/home/vboxuser/ros2_iron/install/examples_rclpy_minimal_client:/home/vboxuser/ros2_iron/install/examples_rclpy_executors:/home/vboxuser/ros2_iron/install/demo_nodes_py:/home/vboxuser/ros2_iron/install/rqt:/home/vboxuser/ros2_iron/install/ros2component:/home/vboxuser/ros2_iron/install/sros2:/home/vboxuser/ros2_iron/install/rqt_topic:/home/vboxuser/ros2_iron/install/rqt_srv:/home/vboxuser/ros2_iron/install/rqt_shell:/home/vboxuser/ros2_iron/install/rqt_service_caller:/home/vboxuser/ros2_iron/install/rqt_reconfigure:/home/vboxuser/ros2_iron/install/rqt_py_console:/home/vboxuser/ros2_iron/install/rqt_publisher:/home/vboxuser/ros2_iron/install/rqt_action:/home/vboxuser/ros2_iron/install/rqt_msg:/home/vboxuser/ros2_iron/install/rqt_console:/home/vboxuser/ros2_iron/install/rqt_graph:/home/vboxuser/ros2_iron/install/rqt_gui_py:/home/vboxuser/ros2_iron/install/rqt_gui:/home/vboxuser/ros2_iron/install/ros2trace:/home/vboxuser/ros2_iron/install/ros2topic:/home/vboxuser/ros2_iron/install/ros2test:/home/vboxuser/ros2_iron/install/ros2param:/home/vboxuser/ros2_iron/install/ros2lifecycle:/home/vboxuser/ros2_iron/install/ros2service:/home/vboxuser/ros2_iron/install/ros2run:/home/vboxuser/ros2_iron/install/ros2launch:/home/vboxuser/ros2_iron/install/ros2pkg:/home/vboxuser/ros2_iron/install/ros2node:/home/vboxuser/ros2_iron/install/ros2multicast:/home/vboxuser/ros2_iron/install/ros2interface:/home/vboxuser/ros2_iron/install/ros2action:/home/vboxuser/ros2_iron/install/ros2cli:/home/vboxuser/ros2_iron/install/launch_testing_ros:/home/vboxuser/ros2_iron/install/launch_ros:/home/vboxuser/ros2_iron/install/examples_rclpy_minimal_action_server:/home/vboxuser/ros2_iron/install/examples_rclpy_minimal_action_client:/home/vboxuser/ros2_iron/install/examples_rclpy_guard_conditions:/home/vboxuser/ros2_iron/install/action_tutorials_py:/home/vboxuser/ros2_iron/install/ament_uncrustify:/home/vboxuser/ros2_iron/install/tracetools_trace:/home/vboxuser/ros2_iron/install/tracetools_read:/home/vboxuser/ros2_iron/install/test_tracetools_launch:/home/vboxuser/ros2_iron/install/test_ros2trace:/home/vboxuser/ros2_iron/install/test_launch_ros:/home/vboxuser/ros2_iron/install/rpyutils:/home/vboxuser/ros2_iron/install/rosidl_runtime_py:/home/vboxuser/ros2_iron/install/rosidl_pycommon:/home/vboxuser/ros2_iron/install/rosidl_cli:/home/vboxuser/ros2_iron/install/launch_pytest:/home/vboxuser/ros2_iron/install/launch_testing:/home/vboxuser/ros2_iron/install/launch_yaml:/home/vboxuser/ros2_iron/install/launch_xml:/home/vboxuser/ros2_iron/install/launch:/home/vboxuser/ros2_iron/install/osrf_pycommon:/home/vboxuser/ros2_iron/install/domain_coordinator:/home/vboxuser/ros2_iron/install/ament_xmllint:/home/vboxuser/ros2_iron/install/ament_pyflakes:/home/vboxuser/ros2_iron/install/ament_pycodestyle:/home/vboxuser/ros2_iron/install/ament_pep257:/home/vboxuser/ros2_iron/install/ament_pclint:/home/vboxuser/ros2_iron/install/ament_package:/home/vboxuser/ros2_iron/install/ament_mypy:/home/vboxuser/ros2_iron/install/ament_lint_cmake:/home/vboxuser/ros2_iron/install/ament_flake8:/home/vboxuser/ros2_iron/install/ament_copyright:/home/vboxuser/ros2_iron/install/ament_lint:/home/vboxuser/ros2_iron/install/ament_index_python:/home/vboxuser/ros2_iron/install/ament_cpplint:/home/vboxuser/ros2_iron/install/ament_cppcheck:/home/vboxuser/ros2_iron/install/ament_clang_tidy:/home/vboxuser/ros2_iron/install/ament_clang_format /usr/bin/cmake --build /home/vboxuser/ros2_ws/build/examples_rclcpp_async_client -- -j4 -l4
[3.382s] INFO:colcon.colcon_core.task.python.build:Building Python package in '/home/vboxuser/ros2_ws/src/BMS_BQ769X2/src/bms_visualizer'
[3.384s] INFO:colcon.colcon_core.shell:Skip shell extension 'powershell' for command environment: Not usable outside of PowerShell
[3.384s] DEBUG:colcon.colcon_core.shell:Skip shell extension 'dsv' for command environment
[3.538s] DEBUG:colcon.colcon_core.event_handler.log_command:Invoking command in '/home/vboxuser/ros2_ws/build/examples_rclcpp_cbg_executor': CMAKE_PREFIX_PATH=${CMAKE_PREFIX_PATH}:/home/vboxuser/ros2_ws/install/read_rosbag:/home/vboxuser/ros2_ws/install/py_pubsub:/home/vboxuser/ros2_ws/install/launch_testing_examples:/home/vboxuser/ros2_ws/install/examples_rclpy_pointcloud_publisher:/home/vboxuser/ros2_ws/install/examples_rclpy_minimal_subscriber:/home/vboxuser/ros2_ws/install/examples_rclpy_minimal_service:/home/vboxuser/ros2_ws/install/examples_rclpy_minimal_publisher:/home/vboxuser/ros2_ws/install/examples_rclpy_minimal_client:/home/vboxuser/ros2_ws/install/examples_rclpy_minimal_action_server:/home/vboxuser/ros2_ws/install/examples_rclpy_minimal_action_client:/home/vboxuser/ros2_ws/install/examples_rclpy_guard_conditions:/home/vboxuser/ros2_ws/install/examples_rclpy_executors:/home/vboxuser/ros2_ws/install/bms_visualizer:/opt/ros/iron:/home/vboxuser/ros2_iron/install/rqt_bag_plugins:/home/vboxuser/ros2_iron/install/rqt_bag:/home/vboxuser/ros2_iron/install/rosbag2_examples_py:/home/vboxuser/ros2_iron/install/launch_testing_examples:/home/vboxuser/ros2_iron/install/ros2bag:/home/vboxuser/ros2_iron/install/tracetools_test:/home/vboxuser/ros2_iron/install/tracetools_launch:/home/vboxuser/ros2_iron/install/topic_monitor:/home/vboxuser/ros2_iron/install/tf2_tools:/home/vboxuser/ros2_iron/install/examples_tf2_py:/home/vboxuser/ros2_iron/install/tf2_ros_py:/home/vboxuser/ros2_iron/install/examples_rclpy_pointcloud_publisher:/home/vboxuser/ros2_iron/install/sensor_msgs_py:/home/vboxuser/ros2_iron/install/quality_of_service_demo_py:/home/vboxuser/ros2_iron/install/rqt_plot:/home/vboxuser/ros2_iron/install/ros2doctor:/home/vboxuser/ros2_iron/install/lifecycle_py:/home/vboxuser/ros2_iron/install/examples_rclpy_minimal_subscriber:/home/vboxuser/ros2_iron/install/examples_rclpy_minimal_service:/home/vboxuser/ros2_iron/install/examples_rclpy_minimal_publisher:/home/vboxuser/ros2_iron/install/examples_rclpy_minimal_client:/home/vboxuser/ros2_iron/install/examples_rclpy_executors:/home/vboxuser/ros2_iron/install/demo_nodes_py:/home/vboxuser/ros2_iron/install/rqt:/home/vboxuser/ros2_iron/install/ros2component:/home/vboxuser/ros2_iron/install/sros2:/home/vboxuser/ros2_iron/install/rqt_topic:/home/vboxuser/ros2_iron/install/rqt_srv:/home/vboxuser/ros2_iron/install/rqt_shell:/home/vboxuser/ros2_iron/install/rqt_service_caller:/home/vboxuser/ros2_iron/install/rqt_reconfigure:/home/vboxuser/ros2_iron/install/rqt_py_console:/home/vboxuser/ros2_iron/install/rqt_publisher:/home/vboxuser/ros2_iron/install/rqt_action:/home/vboxuser/ros2_iron/install/rqt_msg:/home/vboxuser/ros2_iron/install/rqt_console:/home/vboxuser/ros2_iron/install/rqt_graph:/home/vboxuser/ros2_iron/install/rqt_gui_py:/home/vboxuser/ros2_iron/install/rqt_gui:/home/vboxuser/ros2_iron/install/ros2trace:/home/vboxuser/ros2_iron/install/ros2topic:/home/vboxuser/ros2_iron/install/ros2test:/home/vboxuser/ros2_iron/install/ros2param:/home/vboxuser/ros2_iron/install/ros2lifecycle:/home/vboxuser/ros2_iron/install/ros2service:/home/vboxuser/ros2_iron/install/ros2run:/home/vboxuser/ros2_iron/install/ros2launch:/home/vboxuser/ros2_iron/install/ros2pkg:/home/vboxuser/ros2_iron/install/ros2node:/home/vboxuser/ros2_iron/install/ros2multicast:/home/vboxuser/ros2_iron/install/ros2interface:/home/vboxuser/ros2_iron/install/ros2action:/home/vboxuser/ros2_iron/install/ros2cli:/home/vboxuser/ros2_iron/install/launch_testing_ros:/home/vboxuser/ros2_iron/install/launch_ros:/home/vboxuser/ros2_iron/install/examples_rclpy_minimal_action_server:/home/vboxuser/ros2_iron/install/examples_rclpy_minimal_action_client:/home/vboxuser/ros2_iron/install/examples_rclpy_guard_conditions:/home/vboxuser/ros2_iron/install/action_tutorials_py:/home/vboxuser/ros2_iron/install/ament_uncrustify:/home/vboxuser/ros2_iron/install/tracetools_trace:/home/vboxuser/ros2_iron/install/tracetools_read:/home/vboxuser/ros2_iron/install/test_tracetools_launch:/home/vboxuser/ros2_iron/install/test_ros2trace:/home/vboxuser/ros2_iron/install/test_launch_ros:/home/vboxuser/ros2_iron/install/rpyutils:/home/vboxuser/ros2_iron/install/rosidl_runtime_py:/home/vboxuser/ros2_iron/install/rosidl_pycommon:/home/vboxuser/ros2_iron/install/rosidl_cli:/home/vboxuser/ros2_iron/install/launch_pytest:/home/vboxuser/ros2_iron/install/launch_testing:/home/vboxuser/ros2_iron/install/launch_yaml:/home/vboxuser/ros2_iron/install/launch_xml:/home/vboxuser/ros2_iron/install/launch:/home/vboxuser/ros2_iron/install/osrf_pycommon:/home/vboxuser/ros2_iron/install/domain_coordinator:/home/vboxuser/ros2_iron/install/ament_xmllint:/home/vboxuser/ros2_iron/install/ament_pyflakes:/home/vboxuser/ros2_iron/install/ament_pycodestyle:/home/vboxuser/ros2_iron/install/ament_pep257:/home/vboxuser/ros2_iron/install/ament_pclint:/home/vboxuser/ros2_iron/install/ament_package:/home/vboxuser/ros2_iron/install/ament_mypy:/home/vboxuser/ros2_iron/install/ament_lint_cmake:/home/vboxuser/ros2_iron/install/ament_flake8:/home/vboxuser/ros2_iron/install/ament_copyright:/home/vboxuser/ros2_iron/install/ament_lint:/home/vboxuser/ros2_iron/install/ament_index_python:/home/vboxuser/ros2_iron/install/ament_cpplint:/home/vboxuser/ros2_iron/install/ament_cppcheck:/home/vboxuser/ros2_iron/install/ament_clang_tidy:/home/vboxuser/ros2_iron/install/ament_clang_format /usr/bin/cmake --build /home/vboxuser/ros2_ws/build/examples_rclcpp_cbg_executor -- -j4 -l4
[3.556s] DEBUG:colcon.colcon_core.event_handler.log_command:Invoked command in '/home/vboxuser/ros2_ws/build/examples_rclcpp_async_client' returned '0': CMAKE_PREFIX_PATH=${CMAKE_PREFIX_PATH}:/home/vboxuser/ros2_ws/install/read_rosbag:/home/vboxuser/ros2_ws/install/py_pubsub:/home/vboxuser/ros2_ws/install/launch_testing_examples:/home/vboxuser/ros2_ws/install/examples_rclpy_pointcloud_publisher:/home/vboxuser/ros2_ws/install/examples_rclpy_minimal_subscriber:/home/vboxuser/ros2_ws/install/examples_rclpy_minimal_service:/home/vboxuser/ros2_ws/install/examples_rclpy_minimal_publisher:/home/vboxuser/ros2_ws/install/examples_rclpy_minimal_client:/home/vboxuser/ros2_ws/install/examples_rclpy_minimal_action_server:/home/vboxuser/ros2_ws/install/examples_rclpy_minimal_action_client:/home/vboxuser/ros2_ws/install/examples_rclpy_guard_conditions:/home/vboxuser/ros2_ws/install/examples_rclpy_executors:/home/vboxuser/ros2_ws/install/bms_visualizer:/opt/ros/iron:/home/vboxuser/ros2_iron/install/rqt_bag_plugins:/home/vboxuser/ros2_iron/install/rqt_bag:/home/vboxuser/ros2_iron/install/rosbag2_examples_py:/home/vboxuser/ros2_iron/install/launch_testing_examples:/home/vboxuser/ros2_iron/install/ros2bag:/home/vboxuser/ros2_iron/install/tracetools_test:/home/vboxuser/ros2_iron/install/tracetools_launch:/home/vboxuser/ros2_iron/install/topic_monitor:/home/vboxuser/ros2_iron/install/tf2_tools:/home/vboxuser/ros2_iron/install/examples_tf2_py:/home/vboxuser/ros2_iron/install/tf2_ros_py:/home/vboxuser/ros2_iron/install/examples_rclpy_pointcloud_publisher:/home/vboxuser/ros2_iron/install/sensor_msgs_py:/home/vboxuser/ros2_iron/install/quality_of_service_demo_py:/home/vboxuser/ros2_iron/install/rqt_plot:/home/vboxuser/ros2_iron/install/ros2doctor:/home/vboxuser/ros2_iron/install/lifecycle_py:/home/vboxuser/ros2_iron/install/examples_rclpy_minimal_subscriber:/home/vboxuser/ros2_iron/install/examples_rclpy_minimal_service:/home/vboxuser/ros2_iron/install/examples_rclpy_minimal_publisher:/home/vboxuser/ros2_iron/install/examples_rclpy_minimal_client:/home/vboxuser/ros2_iron/install/examples_rclpy_executors:/home/vboxuser/ros2_iron/install/demo_nodes_py:/home/vboxuser/ros2_iron/install/rqt:/home/vboxuser/ros2_iron/install/ros2component:/home/vboxuser/ros2_iron/install/sros2:/home/vboxuser/ros2_iron/install/rqt_topic:/home/vboxuser/ros2_iron/install/rqt_srv:/home/vboxuser/ros2_iron/install/rqt_shell:/home/vboxuser/ros2_iron/install/rqt_service_caller:/home/vboxuser/ros2_iron/install/rqt_reconfigure:/home/vboxuser/ros2_iron/install/rqt_py_console:/home/vboxuser/ros2_iron/install/rqt_publisher:/home/vboxuser/ros2_iron/install/rqt_action:/home/vboxuser/ros2_iron/install/rqt_msg:/home/vboxuser/ros2_iron/install/rqt_console:/home/vboxuser/ros2_iron/install/rqt_graph:/home/vboxuser/ros2_iron/install/rqt_gui_py:/home/vboxuser/ros2_iron/install/rqt_gui:/home/vboxuser/ros2_iron/install/ros2trace:/home/vboxuser/ros2_iron/install/ros2topic:/home/vboxuser/ros2_iron/install/ros2test:/home/vboxuser/ros2_iron/install/ros2param:/home/vboxuser/ros2_iron/install/ros2lifecycle:/home/vboxuser/ros2_iron/install/ros2service:/home/vboxuser/ros2_iron/install/ros2run:/home/vboxuser/ros2_iron/install/ros2launch:/home/vboxuser/ros2_iron/install/ros2pkg:/home/vboxuser/ros2_iron/install/ros2node:/home/vboxuser/ros2_iron/install/ros2multicast:/home/vboxuser/ros2_iron/install/ros2interface:/home/vboxuser/ros2_iron/install/ros2action:/home/vboxuser/ros2_iron/install/ros2cli:/home/vboxuser/ros2_iron/install/launch_testing_ros:/home/vboxuser/ros2_iron/install/launch_ros:/home/vboxuser/ros2_iron/install/examples_rclpy_minimal_action_server:/home/vboxuser/ros2_iron/install/examples_rclpy_minimal_action_client:/home/vboxuser/ros2_iron/install/examples_rclpy_guard_conditions:/home/vboxuser/ros2_iron/install/action_tutorials_py:/home/vboxuser/ros2_iron/install/ament_uncrustify:/home/vboxuser/ros2_iron/install/tracetools_trace:/home/vboxuser/ros2_iron/install/tracetools_read:/home/vboxuser/ros2_iron/install/test_tracetools_launch:/home/vboxuser/ros2_iron/install/test_ros2trace:/home/vboxuser/ros2_iron/install/test_launch_ros:/home/vboxuser/ros2_iron/install/rpyutils:/home/vboxuser/ros2_iron/install/rosidl_runtime_py:/home/vboxuser/ros2_iron/install/rosidl_pycommon:/home/vboxuser/ros2_iron/install/rosidl_cli:/home/vboxuser/ros2_iron/install/launch_pytest:/home/vboxuser/ros2_iron/install/launch_testing:/home/vboxuser/ros2_iron/install/launch_yaml:/home/vboxuser/ros2_iron/install/launch_xml:/home/vboxuser/ros2_iron/install/launch:/home/vboxuser/ros2_iron/install/osrf_pycommon:/home/vboxuser/ros2_iron/install/domain_coordinator:/home/vboxuser/ros2_iron/install/ament_xmllint:/home/vboxuser/ros2_iron/install/ament_pyflakes:/home/vboxuser/ros2_iron/install/ament_pycodestyle:/home/vboxuser/ros2_iron/install/ament_pep257:/home/vboxuser/ros2_iron/install/ament_pclint:/home/vboxuser/ros2_iron/install/ament_package:/home/vboxuser/ros2_iron/install/ament_mypy:/home/vboxuser/ros2_iron/install/ament_lint_cmake:/home/vboxuser/ros2_iron/install/ament_flake8:/home/vboxuser/ros2_iron/install/ament_copyright:/home/vboxuser/ros2_iron/install/ament_lint:/home/vboxuser/ros2_iron/install/ament_index_python:/home/vboxuser/ros2_iron/install/ament_cpplint:/home/vboxuser/ros2_iron/install/ament_cppcheck:/home/vboxuser/ros2_iron/install/ament_clang_tidy:/home/vboxuser/ros2_iron/install/ament_clang_format /usr/bin/cmake --build /home/vboxuser/ros2_ws/build/examples_rclcpp_async_client -- -j4 -l4
[3.663s] DEBUG:colcon.colcon_core.event_handler.log_command:Invoking command in '/home/vboxuser/ros2_ws/build/examples_rclcpp_async_client': CMAKE_PREFIX_PATH=${CMAKE_PREFIX_PATH}:/home/vboxuser/ros2_ws/install/read_rosbag:/home/vboxuser/ros2_ws/install/py_pubsub:/home/vboxuser/ros2_ws/install/launch_testing_examples:/home/vboxuser/ros2_ws/install/examples_rclpy_pointcloud_publisher:/home/vboxuser/ros2_ws/install/examples_rclpy_minimal_subscriber:/home/vboxuser/ros2_ws/install/examples_rclpy_minimal_service:/home/vboxuser/ros2_ws/install/examples_rclpy_minimal_publisher:/home/vboxuser/ros2_ws/install/examples_rclpy_minimal_client:/home/vboxuser/ros2_ws/install/examples_rclpy_minimal_action_server:/home/vboxuser/ros2_ws/install/examples_rclpy_minimal_action_client:/home/vboxuser/ros2_ws/install/examples_rclpy_guard_conditions:/home/vboxuser/ros2_ws/install/examples_rclpy_executors:/home/vboxuser/ros2_ws/install/bms_visualizer:/opt/ros/iron:/home/vboxuser/ros2_iron/install/rqt_bag_plugins:/home/vboxuser/ros2_iron/install/rqt_bag:/home/vboxuser/ros2_iron/install/rosbag2_examples_py:/home/vboxuser/ros2_iron/install/launch_testing_examples:/home/vboxuser/ros2_iron/install/ros2bag:/home/vboxuser/ros2_iron/install/tracetools_test:/home/vboxuser/ros2_iron/install/tracetools_launch:/home/vboxuser/ros2_iron/install/topic_monitor:/home/vboxuser/ros2_iron/install/tf2_tools:/home/vboxuser/ros2_iron/install/examples_tf2_py:/home/vboxuser/ros2_iron/install/tf2_ros_py:/home/vboxuser/ros2_iron/install/examples_rclpy_pointcloud_publisher:/home/vboxuser/ros2_iron/install/sensor_msgs_py:/home/vboxuser/ros2_iron/install/quality_of_service_demo_py:/home/vboxuser/ros2_iron/install/rqt_plot:/home/vboxuser/ros2_iron/install/ros2doctor:/home/vboxuser/ros2_iron/install/lifecycle_py:/home/vboxuser/ros2_iron/install/examples_rclpy_minimal_subscriber:/home/vboxuser/ros2_iron/install/examples_rclpy_minimal_service:/home/vboxuser/ros2_iron/install/examples_rclpy_minimal_publisher:/home/vboxuser/ros2_iron/install/examples_rclpy_minimal_client:/home/vboxuser/ros2_iron/install/examples_rclpy_executors:/home/vboxuser/ros2_iron/install/demo_nodes_py:/home/vboxuser/ros2_iron/install/rqt:/home/vboxuser/ros2_iron/install/ros2component:/home/vboxuser/ros2_iron/install/sros2:/home/vboxuser/ros2_iron/install/rqt_topic:/home/vboxuser/ros2_iron/install/rqt_srv:/home/vboxuser/ros2_iron/install/rqt_shell:/home/vboxuser/ros2_iron/install/rqt_service_caller:/home/vboxuser/ros2_iron/install/rqt_reconfigure:/home/vboxuser/ros2_iron/install/rqt_py_console:/home/vboxuser/ros2_iron/install/rqt_publisher:/home/vboxuser/ros2_iron/install/rqt_action:/home/vboxuser/ros2_iron/install/rqt_msg:/home/vboxuser/ros2_iron/install/rqt_console:/home/vboxuser/ros2_iron/install/rqt_graph:/home/vboxuser/ros2_iron/install/rqt_gui_py:/home/vboxuser/ros2_iron/install/rqt_gui:/home/vboxuser/ros2_iron/install/ros2trace:/home/vboxuser/ros2_iron/install/ros2topic:/home/vboxuser/ros2_iron/install/ros2test:/home/vboxuser/ros2_iron/install/ros2param:/home/vboxuser/ros2_iron/install/ros2lifecycle:/home/vboxuser/ros2_iron/install/ros2service:/home/vboxuser/ros2_iron/install/ros2run:/home/vboxuser/ros2_iron/install/ros2launch:/home/vboxuser/ros2_iron/install/ros2pkg:/home/vboxuser/ros2_iron/install/ros2node:/home/vboxuser/ros2_iron/install/ros2multicast:/home/vboxuser/ros2_iron/install/ros2interface:/home/vboxuser/ros2_iron/install/ros2action:/home/vboxuser/ros2_iron/install/ros2cli:/home/vboxuser/ros2_iron/install/launch_testing_ros:/home/vboxuser/ros2_iron/install/launch_ros:/home/vboxuser/ros2_iron/install/examples_rclpy_minimal_action_server:/home/vboxuser/ros2_iron/install/examples_rclpy_minimal_action_client:/home/vboxuser/ros2_iron/install/examples_rclpy_guard_conditions:/home/vboxuser/ros2_iron/install/action_tutorials_py:/home/vboxuser/ros2_iron/install/ament_uncrustify:/home/vboxuser/ros2_iron/install/tracetools_trace:/home/vboxuser/ros2_iron/install/tracetools_read:/home/vboxuser/ros2_iron/install/test_tracetools_launch:/home/vboxuser/ros2_iron/install/test_ros2trace:/home/vboxuser/ros2_iron/install/test_launch_ros:/home/vboxuser/ros2_iron/install/rpyutils:/home/vboxuser/ros2_iron/install/rosidl_runtime_py:/home/vboxuser/ros2_iron/install/rosidl_pycommon:/home/vboxuser/ros2_iron/install/rosidl_cli:/home/vboxuser/ros2_iron/install/launch_pytest:/home/vboxuser/ros2_iron/install/launch_testing:/home/vboxuser/ros2_iron/install/launch_yaml:/home/vboxuser/ros2_iron/install/launch_xml:/home/vboxuser/ros2_iron/install/launch:/home/vboxuser/ros2_iron/install/osrf_pycommon:/home/vboxuser/ros2_iron/install/domain_coordinator:/home/vboxuser/ros2_iron/install/ament_xmllint:/home/vboxuser/ros2_iron/install/ament_pyflakes:/home/vboxuser/ros2_iron/install/ament_pycodestyle:/home/vboxuser/ros2_iron/install/ament_pep257:/home/vboxuser/ros2_iron/install/ament_pclint:/home/vboxuser/ros2_iron/install/ament_package:/home/vboxuser/ros2_iron/install/ament_mypy:/home/vboxuser/ros2_iron/install/ament_lint_cmake:/home/vboxuser/ros2_iron/install/ament_flake8:/home/vboxuser/ros2_iron/install/ament_copyright:/home/vboxuser/ros2_iron/install/ament_lint:/home/vboxuser/ros2_iron/install/ament_index_python:/home/vboxuser/ros2_iron/install/ament_cpplint:/home/vboxuser/ros2_iron/install/ament_cppcheck:/home/vboxuser/ros2_iron/install/ament_clang_tidy:/home/vboxuser/ros2_iron/install/ament_clang_format /usr/bin/cmake --install /home/vboxuser/ros2_ws/build/examples_rclcpp_async_client
[3.686s] DEBUG:colcon.colcon_core.event_handler.log_command:Invoked command in '/home/vboxuser/ros2_ws/build/bq769x2_i2c_ros' returned '0': CMAKE_PREFIX_PATH=${CMAKE_PREFIX_PATH}:/home/vboxuser/ros2_ws/install/read_rosbag:/home/vboxuser/ros2_ws/install/py_pubsub:/home/vboxuser/ros2_ws/install/launch_testing_examples:/home/vboxuser/ros2_ws/install/examples_rclpy_pointcloud_publisher:/home/vboxuser/ros2_ws/install/examples_rclpy_minimal_subscriber:/home/vboxuser/ros2_ws/install/examples_rclpy_minimal_service:/home/vboxuser/ros2_ws/install/examples_rclpy_minimal_publisher:/home/vboxuser/ros2_ws/install/examples_rclpy_minimal_client:/home/vboxuser/ros2_ws/install/examples_rclpy_minimal_action_server:/home/vboxuser/ros2_ws/install/examples_rclpy_minimal_action_client:/home/vboxuser/ros2_ws/install/examples_rclpy_guard_conditions:/home/vboxuser/ros2_ws/install/examples_rclpy_executors:/home/vboxuser/ros2_ws/install/bms_visualizer:/opt/ros/iron:/home/vboxuser/ros2_iron/install/rqt_bag_plugins:/home/vboxuser/ros2_iron/install/rqt_bag:/home/vboxuser/ros2_iron/install/rosbag2_examples_py:/home/vboxuser/ros2_iron/install/launch_testing_examples:/home/vboxuser/ros2_iron/install/ros2bag:/home/vboxuser/ros2_iron/install/tracetools_test:/home/vboxuser/ros2_iron/install/tracetools_launch:/home/vboxuser/ros2_iron/install/topic_monitor:/home/vboxuser/ros2_iron/install/tf2_tools:/home/vboxuser/ros2_iron/install/examples_tf2_py:/home/vboxuser/ros2_iron/install/tf2_ros_py:/home/vboxuser/ros2_iron/install/examples_rclpy_pointcloud_publisher:/home/vboxuser/ros2_iron/install/sensor_msgs_py:/home/vboxuser/ros2_iron/install/quality_of_service_demo_py:/home/vboxuser/ros2_iron/install/rqt_plot:/home/vboxuser/ros2_iron/install/ros2doctor:/home/vboxuser/ros2_iron/install/lifecycle_py:/home/vboxuser/ros2_iron/install/examples_rclpy_minimal_subscriber:/home/vboxuser/ros2_iron/install/examples_rclpy_minimal_service:/home/vboxuser/ros2_iron/install/examples_rclpy_minimal_publisher:/home/vboxuser/ros2_iron/install/examples_rclpy_minimal_client:/home/vboxuser/ros2_iron/install/examples_rclpy_executors:/home/vboxuser/ros2_iron/install/demo_nodes_py:/home/vboxuser/ros2_iron/install/rqt:/home/vboxuser/ros2_iron/install/ros2component:/home/vboxuser/ros2_iron/install/sros2:/home/vboxuser/ros2_iron/install/rqt_topic:/home/vboxuser/ros2_iron/install/rqt_srv:/home/vboxuser/ros2_iron/install/rqt_shell:/home/vboxuser/ros2_iron/install/rqt_service_caller:/home/vboxuser/ros2_iron/install/rqt_reconfigure:/home/vboxuser/ros2_iron/install/rqt_py_console:/home/vboxuser/ros2_iron/install/rqt_publisher:/home/vboxuser/ros2_iron/install/rqt_action:/home/vboxuser/ros2_iron/install/rqt_msg:/home/vboxuser/ros2_iron/install/rqt_console:/home/vboxuser/ros2_iron/install/rqt_graph:/home/vboxuser/ros2_iron/install/rqt_gui_py:/home/vboxuser/ros2_iron/install/rqt_gui:/home/vboxuser/ros2_iron/install/ros2trace:/home/vboxuser/ros2_iron/install/ros2topic:/home/vboxuser/ros2_iron/install/ros2test:/home/vboxuser/ros2_iron/install/ros2param:/home/vboxuser/ros2_iron/install/ros2lifecycle:/home/vboxuser/ros2_iron/install/ros2service:/home/vboxuser/ros2_iron/install/ros2run:/home/vboxuser/ros2_iron/install/ros2launch:/home/vboxuser/ros2_iron/install/ros2pkg:/home/vboxuser/ros2_iron/install/ros2node:/home/vboxuser/ros2_iron/install/ros2multicast:/home/vboxuser/ros2_iron/install/ros2interface:/home/vboxuser/ros2_iron/install/ros2action:/home/vboxuser/ros2_iron/install/ros2cli:/home/vboxuser/ros2_iron/install/launch_testing_ros:/home/vboxuser/ros2_iron/install/launch_ros:/home/vboxuser/ros2_iron/install/examples_rclpy_minimal_action_server:/home/vboxuser/ros2_iron/install/examples_rclpy_minimal_action_client:/home/vboxuser/ros2_iron/install/examples_rclpy_guard_conditions:/home/vboxuser/ros2_iron/install/action_tutorials_py:/home/vboxuser/ros2_iron/install/ament_uncrustify:/home/vboxuser/ros2_iron/install/tracetools_trace:/home/vboxuser/ros2_iron/install/tracetools_read:/home/vboxuser/ros2_iron/install/test_tracetools_launch:/home/vboxuser/ros2_iron/install/test_ros2trace:/home/vboxuser/ros2_iron/install/test_launch_ros:/home/vboxuser/ros2_iron/install/rpyutils:/home/vboxuser/ros2_iron/install/rosidl_runtime_py:/home/vboxuser/ros2_iron/install/rosidl_pycommon:/home/vboxuser/ros2_iron/install/rosidl_cli:/home/vboxuser/ros2_iron/install/launch_pytest:/home/vboxuser/ros2_iron/install/launch_testing:/home/vboxuser/ros2_iron/install/launch_yaml:/home/vboxuser/ros2_iron/install/launch_xml:/home/vboxuser/ros2_iron/install/launch:/home/vboxuser/ros2_iron/install/osrf_pycommon:/home/vboxuser/ros2_iron/install/domain_coordinator:/home/vboxuser/ros2_iron/install/ament_xmllint:/home/vboxuser/ros2_iron/install/ament_pyflakes:/home/vboxuser/ros2_iron/install/ament_pycodestyle:/home/vboxuser/ros2_iron/install/ament_pep257:/home/vboxuser/ros2_iron/install/ament_pclint:/home/vboxuser/ros2_iron/install/ament_package:/home/vboxuser/ros2_iron/install/ament_mypy:/home/vboxuser/ros2_iron/install/ament_lint_cmake:/home/vboxuser/ros2_iron/install/ament_flake8:/home/vboxuser/ros2_iron/install/ament_copyright:/home/vboxuser/ros2_iron/install/ament_lint:/home/vboxuser/ros2_iron/install/ament_index_python:/home/vboxuser/ros2_iron/install/ament_cpplint:/home/vboxuser/ros2_iron/install/ament_cppcheck:/home/vboxuser/ros2_iron/install/ament_clang_tidy:/home/vboxuser/ros2_iron/install/ament_clang_format /usr/bin/cmake --build /home/vboxuser/ros2_ws/build/bq769x2_i2c_ros -- -j4 -l4
[3.687s] DEBUG:colcon.colcon_core.event_handler.log_command:Invoking command in '/home/vboxuser/ros2_ws/build/bq769x2_i2c_ros': CMAKE_PREFIX_PATH=${CMAKE_PREFIX_PATH}:/home/vboxuser/ros2_ws/install/read_rosbag:/home/vboxuser/ros2_ws/install/py_pubsub:/home/vboxuser/ros2_ws/install/launch_testing_examples:/home/vboxuser/ros2_ws/install/examples_rclpy_pointcloud_publisher:/home/vboxuser/ros2_ws/install/examples_rclpy_minimal_subscriber:/home/vboxuser/ros2_ws/install/examples_rclpy_minimal_service:/home/vboxuser/ros2_ws/install/examples_rclpy_minimal_publisher:/home/vboxuser/ros2_ws/install/examples_rclpy_minimal_client:/home/vboxuser/ros2_ws/install/examples_rclpy_minimal_action_server:/home/vboxuser/ros2_ws/install/examples_rclpy_minimal_action_client:/home/vboxuser/ros2_ws/install/examples_rclpy_guard_conditions:/home/vboxuser/ros2_ws/install/examples_rclpy_executors:/home/vboxuser/ros2_ws/install/bms_visualizer:/opt/ros/iron:/home/vboxuser/ros2_iron/install/rqt_bag_plugins:/home/vboxuser/ros2_iron/install/rqt_bag:/home/vboxuser/ros2_iron/install/rosbag2_examples_py:/home/vboxuser/ros2_iron/install/launch_testing_examples:/home/vboxuser/ros2_iron/install/ros2bag:/home/vboxuser/ros2_iron/install/tracetools_test:/home/vboxuser/ros2_iron/install/tracetools_launch:/home/vboxuser/ros2_iron/install/topic_monitor:/home/vboxuser/ros2_iron/install/tf2_tools:/home/vboxuser/ros2_iron/install/examples_tf2_py:/home/vboxuser/ros2_iron/install/tf2_ros_py:/home/vboxuser/ros2_iron/install/examples_rclpy_pointcloud_publisher:/home/vboxuser/ros2_iron/install/sensor_msgs_py:/home/vboxuser/ros2_iron/install/quality_of_service_demo_py:/home/vboxuser/ros2_iron/install/rqt_plot:/home/vboxuser/ros2_iron/install/ros2doctor:/home/vboxuser/ros2_iron/install/lifecycle_py:/home/vboxuser/ros2_iron/install/examples_rclpy_minimal_subscriber:/home/vboxuser/ros2_iron/install/examples_rclpy_minimal_service:/home/vboxuser/ros2_iron/install/examples_rclpy_minimal_publisher:/home/vboxuser/ros2_iron/install/examples_rclpy_minimal_client:/home/vboxuser/ros2_iron/install/examples_rclpy_executors:/home/vboxuser/ros2_iron/install/demo_nodes_py:/home/vboxuser/ros2_iron/install/rqt:/home/vboxuser/ros2_iron/install/ros2component:/home/vboxuser/ros2_iron/install/sros2:/home/vboxuser/ros2_iron/install/rqt_topic:/home/vboxuser/ros2_iron/install/rqt_srv:/home/vboxuser/ros2_iron/install/rqt_shell:/home/vboxuser/ros2_iron/install/rqt_service_caller:/home/vboxuser/ros2_iron/install/rqt_reconfigure:/home/vboxuser/ros2_iron/install/rqt_py_console:/home/vboxuser/ros2_iron/install/rqt_publisher:/home/vboxuser/ros2_iron/install/rqt_action:/home/vboxuser/ros2_iron/install/rqt_msg:/home/vboxuser/ros2_iron/install/rqt_console:/home/vboxuser/ros2_iron/install/rqt_graph:/home/vboxuser/ros2_iron/install/rqt_gui_py:/home/vboxuser/ros2_iron/install/rqt_gui:/home/vboxuser/ros2_iron/install/ros2trace:/home/vboxuser/ros2_iron/install/ros2topic:/home/vboxuser/ros2_iron/install/ros2test:/home/vboxuser/ros2_iron/install/ros2param:/home/vboxuser/ros2_iron/install/ros2lifecycle:/home/vboxuser/ros2_iron/install/ros2service:/home/vboxuser/ros2_iron/install/ros2run:/home/vboxuser/ros2_iron/install/ros2launch:/home/vboxuser/ros2_iron/install/ros2pkg:/home/vboxuser/ros2_iron/install/ros2node:/home/vboxuser/ros2_iron/install/ros2multicast:/home/vboxuser/ros2_iron/install/ros2interface:/home/vboxuser/ros2_iron/install/ros2action:/home/vboxuser/ros2_iron/install/ros2cli:/home/vboxuser/ros2_iron/install/launch_testing_ros:/home/vboxuser/ros2_iron/install/launch_ros:/home/vboxuser/ros2_iron/install/examples_rclpy_minimal_action_server:/home/vboxuser/ros2_iron/install/examples_rclpy_minimal_action_client:/home/vboxuser/ros2_iron/install/examples_rclpy_guard_conditions:/home/vboxuser/ros2_iron/install/action_tutorials_py:/home/vboxuser/ros2_iron/install/ament_uncrustify:/home/vboxuser/ros2_iron/install/tracetools_trace:/home/vboxuser/ros2_iron/install/tracetools_read:/home/vboxuser/ros2_iron/install/test_tracetools_launch:/home/vboxuser/ros2_iron/install/test_ros2trace:/home/vboxuser/ros2_iron/install/test_launch_ros:/home/vboxuser/ros2_iron/install/rpyutils:/home/vboxuser/ros2_iron/install/rosidl_runtime_py:/home/vboxuser/ros2_iron/install/rosidl_pycommon:/home/vboxuser/ros2_iron/install/rosidl_cli:/home/vboxuser/ros2_iron/install/launch_pytest:/home/vboxuser/ros2_iron/install/launch_testing:/home/vboxuser/ros2_iron/install/launch_yaml:/home/vboxuser/ros2_iron/install/launch_xml:/home/vboxuser/ros2_iron/install/launch:/home/vboxuser/ros2_iron/install/osrf_pycommon:/home/vboxuser/ros2_iron/install/domain_coordinator:/home/vboxuser/ros2_iron/install/ament_xmllint:/home/vboxuser/ros2_iron/install/ament_pyflakes:/home/vboxuser/ros2_iron/install/ament_pycodestyle:/home/vboxuser/ros2_iron/install/ament_pep257:/home/vboxuser/ros2_iron/install/ament_pclint:/home/vboxuser/ros2_iron/install/ament_package:/home/vboxuser/ros2_iron/install/ament_mypy:/home/vboxuser/ros2_iron/install/ament_lint_cmake:/home/vboxuser/ros2_iron/install/ament_flake8:/home/vboxuser/ros2_iron/install/ament_copyright:/home/vboxuser/ros2_iron/install/ament_lint:/home/vboxuser/ros2_iron/install/ament_index_python:/home/vboxuser/ros2_iron/install/ament_cpplint:/home/vboxuser/ros2_iron/install/ament_cppcheck:/home/vboxuser/ros2_iron/install/ament_clang_tidy:/home/vboxuser/ros2_iron/install/ament_clang_format /usr/bin/cmake --install /home/vboxuser/ros2_ws/build/bq769x2_i2c_ros
[3.912s] Level 1:colcon.colcon_core.environment:create_environment_scripts_only(bq769x2_i2c_ros)
[3.924s] DEBUG:colcon.colcon_core.event_handler.log_command:Invoked command in '/home/vboxuser/ros2_ws/build/bq769x2_i2c_ros' returned '0': CMAKE_PREFIX_PATH=${CMAKE_PREFIX_PATH}:/home/vboxuser/ros2_ws/install/read_rosbag:/home/vboxuser/ros2_ws/install/py_pubsub:/home/vboxuser/ros2_ws/install/launch_testing_examples:/home/vboxuser/ros2_ws/install/examples_rclpy_pointcloud_publisher:/home/vboxuser/ros2_ws/install/examples_rclpy_minimal_subscriber:/home/vboxuser/ros2_ws/install/examples_rclpy_minimal_service:/home/vboxuser/ros2_ws/install/examples_rclpy_minimal_publisher:/home/vboxuser/ros2_ws/install/examples_rclpy_minimal_client:/home/vboxuser/ros2_ws/install/examples_rclpy_minimal_action_server:/home/vboxuser/ros2_ws/install/examples_rclpy_minimal_action_client:/home/vboxuser/ros2_ws/install/examples_rclpy_guard_conditions:/home/vboxuser/ros2_ws/install/examples_rclpy_executors:/home/vboxuser/ros2_ws/install/bms_visualizer:/opt/ros/iron:/home/vboxuser/ros2_iron/install/rqt_bag_plugins:/home/vboxuser/ros2_iron/install/rqt_bag:/home/vboxuser/ros2_iron/install/rosbag2_examples_py:/home/vboxuser/ros2_iron/install/launch_testing_examples:/home/vboxuser/ros2_iron/install/ros2bag:/home/vboxuser/ros2_iron/install/tracetools_test:/home/vboxuser/ros2_iron/install/tracetools_launch:/home/vboxuser/ros2_iron/install/topic_monitor:/home/vboxuser/ros2_iron/install/tf2_tools:/home/vboxuser/ros2_iron/install/examples_tf2_py:/home/vboxuser/ros2_iron/install/tf2_ros_py:/home/vboxuser/ros2_iron/install/examples_rclpy_pointcloud_publisher:/home/vboxuser/ros2_iron/install/sensor_msgs_py:/home/vboxuser/ros2_iron/install/quality_of_service_demo_py:/home/vboxuser/ros2_iron/install/rqt_plot:/home/vboxuser/ros2_iron/install/ros2doctor:/home/vboxuser/ros2_iron/install/lifecycle_py:/home/vboxuser/ros2_iron/install/examples_rclpy_minimal_subscriber:/home/vboxuser/ros2_iron/install/examples_rclpy_minimal_service:/home/vboxuser/ros2_iron/install/examples_rclpy_minimal_publisher:/home/vboxuser/ros2_iron/install/examples_rclpy_minimal_client:/home/vboxuser/ros2_iron/install/examples_rclpy_executors:/home/vboxuser/ros2_iron/install/demo_nodes_py:/home/vboxuser/ros2_iron/install/rqt:/home/vboxuser/ros2_iron/install/ros2component:/home/vboxuser/ros2_iron/install/sros2:/home/vboxuser/ros2_iron/install/rqt_topic:/home/vboxuser/ros2_iron/install/rqt_srv:/home/vboxuser/ros2_iron/install/rqt_shell:/home/vboxuser/ros2_iron/install/rqt_service_caller:/home/vboxuser/ros2_iron/install/rqt_reconfigure:/home/vboxuser/ros2_iron/install/rqt_py_console:/home/vboxuser/ros2_iron/install/rqt_publisher:/home/vboxuser/ros2_iron/install/rqt_action:/home/vboxuser/ros2_iron/install/rqt_msg:/home/vboxuser/ros2_iron/install/rqt_console:/home/vboxuser/ros2_iron/install/rqt_graph:/home/vboxuser/ros2_iron/install/rqt_gui_py:/home/vboxuser/ros2_iron/install/rqt_gui:/home/vboxuser/ros2_iron/install/ros2trace:/home/vboxuser/ros2_iron/install/ros2topic:/home/vboxuser/ros2_iron/install/ros2test:/home/vboxuser/ros2_iron/install/ros2param:/home/vboxuser/ros2_iron/install/ros2lifecycle:/home/vboxuser/ros2_iron/install/ros2service:/home/vboxuser/ros2_iron/install/ros2run:/home/vboxuser/ros2_iron/install/ros2launch:/home/vboxuser/ros2_iron/install/ros2pkg:/home/vboxuser/ros2_iron/install/ros2node:/home/vboxuser/ros2_iron/install/ros2multicast:/home/vboxuser/ros2_iron/install/ros2interface:/home/vboxuser/ros2_iron/install/ros2action:/home/vboxuser/ros2_iron/install/ros2cli:/home/vboxuser/ros2_iron/install/launch_testing_ros:/home/vboxuser/ros2_iron/install/launch_ros:/home/vboxuser/ros2_iron/install/examples_rclpy_minimal_action_server:/home/vboxuser/ros2_iron/install/examples_rclpy_minimal_action_client:/home/vboxuser/ros2_iron/install/examples_rclpy_guard_conditions:/home/vboxuser/ros2_iron/install/action_tutorials_py:/home/vboxuser/ros2_iron/install/ament_uncrustify:/home/vboxuser/ros2_iron/install/tracetools_trace:/home/vboxuser/ros2_iron/install/tracetools_read:/home/vboxuser/ros2_iron/install/test_tracetools_launch:/home/vboxuser/ros2_iron/install/test_ros2trace:/home/vboxuser/ros2_iron/install/test_launch_ros:/home/vboxuser/ros2_iron/install/rpyutils:/home/vboxuser/ros2_iron/install/rosidl_runtime_py:/home/vboxuser/ros2_iron/install/rosidl_pycommon:/home/vboxuser/ros2_iron/install/rosidl_cli:/home/vboxuser/ros2_iron/install/launch_pytest:/home/vboxuser/ros2_iron/install/launch_testing:/home/vboxuser/ros2_iron/install/launch_yaml:/home/vboxuser/ros2_iron/install/launch_xml:/home/vboxuser/ros2_iron/install/launch:/home/vboxuser/ros2_iron/install/osrf_pycommon:/home/vboxuser/ros2_iron/install/domain_coordinator:/home/vboxuser/ros2_iron/install/ament_xmllint:/home/vboxuser/ros2_iron/install/ament_pyflakes:/home/vboxuser/ros2_iron/install/ament_pycodestyle:/home/vboxuser/ros2_iron/install/ament_pep257:/home/vboxuser/ros2_iron/install/ament_pclint:/home/vboxuser/ros2_iron/install/ament_package:/home/vboxuser/ros2_iron/install/ament_mypy:/home/vboxuser/ros2_iron/install/ament_lint_cmake:/home/vboxuser/ros2_iron/install/ament_flake8:/home/vboxuser/ros2_iron/install/ament_copyright:/home/vboxuser/ros2_iron/install/ament_lint:/home/vboxuser/ros2_iron/install/ament_index_python:/home/vboxuser/ros2_iron/install/ament_cpplint:/home/vboxuser/ros2_iron/install/ament_cppcheck:/home/vboxuser/ros2_iron/install/ament_clang_tidy:/home/vboxuser/ros2_iron/install/ament_clang_format /usr/bin/cmake --install /home/vboxuser/ros2_ws/build/bq769x2_i2c_ros
[3.974s] Level 1:colcon.colcon_core.environment:checking '/home/vboxuser/ros2_ws/install/bq769x2_i2c_ros' for CMake module files
[3.983s] Level 1:colcon.colcon_core.environment:checking '/home/vboxuser/ros2_ws/install/bq769x2_i2c_ros' for CMake config files
[3.984s] Level 1:colcon.colcon_core.shell:create_environment_hook('bq769x2_i2c_ros', 'cmake_prefix_path')
[3.984s] INFO:colcon.colcon_core.shell:Creating environment hook '/home/vboxuser/ros2_ws/install/bq769x2_i2c_ros/share/bq769x2_i2c_ros/hook/cmake_prefix_path.ps1'
[3.989s] INFO:colcon.colcon_core.shell:Creating environment descriptor '/home/vboxuser/ros2_ws/install/bq769x2_i2c_ros/share/bq769x2_i2c_ros/hook/cmake_prefix_path.dsv'
[3.998s] INFO:colcon.colcon_core.shell:Creating environment hook '/home/vboxuser/ros2_ws/install/bq769x2_i2c_ros/share/bq769x2_i2c_ros/hook/cmake_prefix_path.sh'
[4.010s] Level 1:colcon.colcon_core.environment:checking '/home/vboxuser/ros2_ws/install/bq769x2_i2c_ros/lib'
[4.011s] Level 1:colcon.colcon_core.environment:checking '/home/vboxuser/ros2_ws/install/bq769x2_i2c_ros/bin'
[4.014s] Level 1:colcon.colcon_core.environment:checking '/home/vboxuser/ros2_ws/install/bq769x2_i2c_ros/lib/pkgconfig/bq769x2_i2c_ros.pc'
[4.015s] Level 1:colcon.colcon_core.environment:checking '/home/vboxuser/ros2_ws/install/bq769x2_i2c_ros/lib/python3.10/site-packages'
[4.023s] Level 1:colcon.colcon_core.environment:checking '/home/vboxuser/ros2_ws/install/bq769x2_i2c_ros/bin'
[4.024s] INFO:colcon.colcon_core.shell:Creating package script '/home/vboxuser/ros2_ws/install/bq769x2_i2c_ros/share/bq769x2_i2c_ros/package.ps1'
[4.030s] INFO:colcon.colcon_core.shell:Creating package descriptor '/home/vboxuser/ros2_ws/install/bq769x2_i2c_ros/share/bq769x2_i2c_ros/package.dsv'
[4.033s] INFO:colcon.colcon_core.shell:Creating package script '/home/vboxuser/ros2_ws/install/bq769x2_i2c_ros/share/bq769x2_i2c_ros/package.sh'
[4.060s] INFO:colcon.colcon_core.shell:Creating package script '/home/vboxuser/ros2_ws/install/bq769x2_i2c_ros/share/bq769x2_i2c_ros/package.bash'
[4.086s] INFO:colcon.colcon_core.shell:Creating package script '/home/vboxuser/ros2_ws/install/bq769x2_i2c_ros/share/bq769x2_i2c_ros/package.zsh'
[4.094s] Level 1:colcon.colcon_core.environment:create_file_with_runtime_dependencies(/home/vboxuser/ros2_ws/install/bq769x2_i2c_ros/share/colcon-core/packages/bq769x2_i2c_ros)
[4.101s] Level 1:colcon.colcon_core.environment:create_environment_scripts_only(bq769x2_i2c_ros)
[4.102s] Level 1:colcon.colcon_core.environment:checking '/home/vboxuser/ros2_ws/install/bq769x2_i2c_ros' for CMake module files
[4.103s] Level 1:colcon.colcon_core.environment:checking '/home/vboxuser/ros2_ws/install/bq769x2_i2c_ros' for CMake config files
[4.103s] Level 1:colcon.colcon_core.shell:create_environment_hook('bq769x2_i2c_ros', 'cmake_prefix_path')
[4.103s] INFO:colcon.colcon_core.shell:Creating environment hook '/home/vboxuser/ros2_ws/install/bq769x2_i2c_ros/share/bq769x2_i2c_ros/hook/cmake_prefix_path.ps1'
[4.115s] INFO:colcon.colcon_core.shell:Creating environment descriptor '/home/vboxuser/ros2_ws/install/bq769x2_i2c_ros/share/bq769x2_i2c_ros/hook/cmake_prefix_path.dsv'
[4.117s] INFO:colcon.colcon_core.shell:Creating environment hook '/home/vboxuser/ros2_ws/install/bq769x2_i2c_ros/share/bq769x2_i2c_ros/hook/cmake_prefix_path.sh'
[4.132s] Level 1:colcon.colcon_core.environment:checking '/home/vboxuser/ros2_ws/install/bq769x2_i2c_ros/lib'
[4.133s] Level 1:colcon.colcon_core.environment:checking '/home/vboxuser/ros2_ws/install/bq769x2_i2c_ros/bin'
[4.134s] Level 1:colcon.colcon_core.environment:checking '/home/vboxuser/ros2_ws/install/bq769x2_i2c_ros/lib/pkgconfig/bq769x2_i2c_ros.pc'
[4.134s] Level 1:colcon.colcon_core.environment:checking '/home/vboxuser/ros2_ws/install/bq769x2_i2c_ros/lib/python3.10/site-packages'
[4.134s] Level 1:colcon.colcon_core.environment:checking '/home/vboxuser/ros2_ws/install/bq769x2_i2c_ros/bin'
[4.135s] INFO:colcon.colcon_core.shell:Creating package script '/home/vboxuser/ros2_ws/install/bq769x2_i2c_ros/share/bq769x2_i2c_ros/package.ps1'
[4.144s] INFO:colcon.colcon_core.shell:Creating package descriptor '/home/vboxuser/ros2_ws/install/bq769x2_i2c_ros/share/bq769x2_i2c_ros/package.dsv'
[4.153s] INFO:colcon.colcon_core.shell:Creating package script '/home/vboxuser/ros2_ws/install/bq769x2_i2c_ros/share/bq769x2_i2c_ros/package.sh'
[4.157s] INFO:colcon.colcon_core.shell:Creating package script '/home/vboxuser/ros2_ws/install/bq769x2_i2c_ros/share/bq769x2_i2c_ros/package.bash'
[4.160s] INFO:colcon.colcon_core.shell:Creating package script '/home/vboxuser/ros2_ws/install/bq769x2_i2c_ros/share/bq769x2_i2c_ros/package.zsh'
[4.163s] Level 1:colcon.colcon_core.environment:create_file_with_runtime_dependencies(/home/vboxuser/ros2_ws/install/bq769x2_i2c_ros/share/colcon-core/packages/bq769x2_i2c_ros)
[4.169s] INFO:colcon.colcon_ros.task.ament_cmake.build:Building ROS package in '/home/vboxuser/ros2_ws/src/examples/rclcpp/actions/minimal_action_client' with build type 'ament_cmake'
[4.171s] INFO:colcon.colcon_cmake.task.cmake.build:Building CMake package in '/home/vboxuser/ros2_ws/src/examples/rclcpp/actions/minimal_action_client'
[4.172s] INFO:colcon.colcon_core.shell:Skip shell extension 'powershell' for command environment: Not usable outside of PowerShell
[4.180s] DEBUG:colcon.colcon_core.shell:Skip shell extension 'dsv' for command environment
[4.271s] Level 1:colcon.colcon_core.environment:create_environment_scripts_only(examples_rclcpp_async_client)
[4.284s] Level 1:colcon.colcon_core.environment:checking '/home/vboxuser/ros2_ws/install/examples_rclcpp_async_client' for CMake module files
[4.284s] Level 1:colcon.colcon_core.environment:checking '/home/vboxuser/ros2_ws/install/examples_rclcpp_async_client' for CMake config files
[4.285s] Level 1:colcon.colcon_core.shell:create_environment_hook('examples_rclcpp_async_client', 'cmake_prefix_path')
[4.285s] INFO:colcon.colcon_core.shell:Creating environment hook '/home/vboxuser/ros2_ws/install/examples_rclcpp_async_client/share/examples_rclcpp_async_client/hook/cmake_prefix_path.ps1'
[4.283s] DEBUG:colcon.colcon_core.event_handler.log_command:Invoked command in '/home/vboxuser/ros2_ws/build/examples_rclcpp_async_client' returned '0': CMAKE_PREFIX_PATH=${CMAKE_PREFIX_PATH}:/home/vboxuser/ros2_ws/install/read_rosbag:/home/vboxuser/ros2_ws/install/py_pubsub:/home/vboxuser/ros2_ws/install/launch_testing_examples:/home/vboxuser/ros2_ws/install/examples_rclpy_pointcloud_publisher:/home/vboxuser/ros2_ws/install/examples_rclpy_minimal_subscriber:/home/vboxuser/ros2_ws/install/examples_rclpy_minimal_service:/home/vboxuser/ros2_ws/install/examples_rclpy_minimal_publisher:/home/vboxuser/ros2_ws/install/examples_rclpy_minimal_client:/home/vboxuser/ros2_ws/install/examples_rclpy_minimal_action_server:/home/vboxuser/ros2_ws/install/examples_rclpy_minimal_action_client:/home/vboxuser/ros2_ws/install/examples_rclpy_guard_conditions:/home/vboxuser/ros2_ws/install/examples_rclpy_executors:/home/vboxuser/ros2_ws/install/bms_visualizer:/opt/ros/iron:/home/vboxuser/ros2_iron/install/rqt_bag_plugins:/home/vboxuser/ros2_iron/install/rqt_bag:/home/vboxuser/ros2_iron/install/rosbag2_examples_py:/home/vboxuser/ros2_iron/install/launch_testing_examples:/home/vboxuser/ros2_iron/install/ros2bag:/home/vboxuser/ros2_iron/install/tracetools_test:/home/vboxuser/ros2_iron/install/tracetools_launch:/home/vboxuser/ros2_iron/install/topic_monitor:/home/vboxuser/ros2_iron/install/tf2_tools:/home/vboxuser/ros2_iron/install/examples_tf2_py:/home/vboxuser/ros2_iron/install/tf2_ros_py:/home/vboxuser/ros2_iron/install/examples_rclpy_pointcloud_publisher:/home/vboxuser/ros2_iron/install/sensor_msgs_py:/home/vboxuser/ros2_iron/install/quality_of_service_demo_py:/home/vboxuser/ros2_iron/install/rqt_plot:/home/vboxuser/ros2_iron/install/ros2doctor:/home/vboxuser/ros2_iron/install/lifecycle_py:/home/vboxuser/ros2_iron/install/examples_rclpy_minimal_subscriber:/home/vboxuser/ros2_iron/install/examples_rclpy_minimal_service:/home/vboxuser/ros2_iron/install/examples_rclpy_minimal_publisher:/home/vboxuser/ros2_iron/install/examples_rclpy_minimal_client:/home/vboxuser/ros2_iron/install/examples_rclpy_executors:/home/vboxuser/ros2_iron/install/demo_nodes_py:/home/vboxuser/ros2_iron/install/rqt:/home/vboxuser/ros2_iron/install/ros2component:/home/vboxuser/ros2_iron/install/sros2:/home/vboxuser/ros2_iron/install/rqt_topic:/home/vboxuser/ros2_iron/install/rqt_srv:/home/vboxuser/ros2_iron/install/rqt_shell:/home/vboxuser/ros2_iron/install/rqt_service_caller:/home/vboxuser/ros2_iron/install/rqt_reconfigure:/home/vboxuser/ros2_iron/install/rqt_py_console:/home/vboxuser/ros2_iron/install/rqt_publisher:/home/vboxuser/ros2_iron/install/rqt_action:/home/vboxuser/ros2_iron/install/rqt_msg:/home/vboxuser/ros2_iron/install/rqt_console:/home/vboxuser/ros2_iron/install/rqt_graph:/home/vboxuser/ros2_iron/install/rqt_gui_py:/home/vboxuser/ros2_iron/install/rqt_gui:/home/vboxuser/ros2_iron/install/ros2trace:/home/vboxuser/ros2_iron/install/ros2topic:/home/vboxuser/ros2_iron/install/ros2test:/home/vboxuser/ros2_iron/install/ros2param:/home/vboxuser/ros2_iron/install/ros2lifecycle:/home/vboxuser/ros2_iron/install/ros2service:/home/vboxuser/ros2_iron/install/ros2run:/home/vboxuser/ros2_iron/install/ros2launch:/home/vboxuser/ros2_iron/install/ros2pkg:/home/vboxuser/ros2_iron/install/ros2node:/home/vboxuser/ros2_iron/install/ros2multicast:/home/vboxuser/ros2_iron/install/ros2interface:/home/vboxuser/ros2_iron/install/ros2action:/home/vboxuser/ros2_iron/install/ros2cli:/home/vboxuser/ros2_iron/install/launch_testing_ros:/home/vboxuser/ros2_iron/install/launch_ros:/home/vboxuser/ros2_iron/install/examples_rclpy_minimal_action_server:/home/vboxuser/ros2_iron/install/examples_rclpy_minimal_action_client:/home/vboxuser/ros2_iron/install/examples_rclpy_guard_conditions:/home/vboxuser/ros2_iron/install/action_tutorials_py:/home/vboxuser/ros2_iron/install/ament_uncrustify:/home/vboxuser/ros2_iron/install/tracetools_trace:/home/vboxuser/ros2_iron/install/tracetools_read:/home/vboxuser/ros2_iron/install/test_tracetools_launch:/home/vboxuser/ros2_iron/install/test_ros2trace:/home/vboxuser/ros2_iron/install/test_launch_ros:/home/vboxuser/ros2_iron/install/rpyutils:/home/vboxuser/ros2_iron/install/rosidl_runtime_py:/home/vboxuser/ros2_iron/install/rosidl_pycommon:/home/vboxuser/ros2_iron/install/rosidl_cli:/home/vboxuser/ros2_iron/install/launch_pytest:/home/vboxuser/ros2_iron/install/launch_testing:/home/vboxuser/ros2_iron/install/launch_yaml:/home/vboxuser/ros2_iron/install/launch_xml:/home/vboxuser/ros2_iron/install/launch:/home/vboxuser/ros2_iron/install/osrf_pycommon:/home/vboxuser/ros2_iron/install/domain_coordinator:/home/vboxuser/ros2_iron/install/ament_xmllint:/home/vboxuser/ros2_iron/install/ament_pyflakes:/home/vboxuser/ros2_iron/install/ament_pycodestyle:/home/vboxuser/ros2_iron/install/ament_pep257:/home/vboxuser/ros2_iron/install/ament_pclint:/home/vboxuser/ros2_iron/install/ament_package:/home/vboxuser/ros2_iron/install/ament_mypy:/home/vboxuser/ros2_iron/install/ament_lint_cmake:/home/vboxuser/ros2_iron/install/ament_flake8:/home/vboxuser/ros2_iron/install/ament_copyright:/home/vboxuser/ros2_iron/install/ament_lint:/home/vboxuser/ros2_iron/install/ament_index_python:/home/vboxuser/ros2_iron/install/ament_cpplint:/home/vboxuser/ros2_iron/install/ament_cppcheck:/home/vboxuser/ros2_iron/install/ament_clang_tidy:/home/vboxuser/ros2_iron/install/ament_clang_format /usr/bin/cmake --install /home/vboxuser/ros2_ws/build/examples_rclcpp_async_client
[4.304s] INFO:colcon.colcon_core.shell:Creating environment descriptor '/home/vboxuser/ros2_ws/install/examples_rclcpp_async_client/share/examples_rclcpp_async_client/hook/cmake_prefix_path.dsv'
[4.306s] INFO:colcon.colcon_core.shell:Creating environment hook '/home/vboxuser/ros2_ws/install/examples_rclcpp_async_client/share/examples_rclcpp_async_client/hook/cmake_prefix_path.sh'
[4.309s] Level 1:colcon.colcon_core.environment:checking '/home/vboxuser/ros2_ws/install/examples_rclcpp_async_client/lib'
[4.309s] Level 1:colcon.colcon_core.environment:checking '/home/vboxuser/ros2_ws/install/examples_rclcpp_async_client/bin'
[4.309s] Level 1:colcon.colcon_core.environment:checking '/home/vboxuser/ros2_ws/install/examples_rclcpp_async_client/lib/pkgconfig/examples_rclcpp_async_client.pc'
[4.310s] Level 1:colcon.colcon_core.environment:checking '/home/vboxuser/ros2_ws/install/examples_rclcpp_async_client/lib/python3.10/site-packages'
[4.310s] Level 1:colcon.colcon_core.environment:checking '/home/vboxuser/ros2_ws/install/examples_rclcpp_async_client/bin'
[4.311s] INFO:colcon.colcon_core.shell:Creating package script '/home/vboxuser/ros2_ws/install/examples_rclcpp_async_client/share/examples_rclcpp_async_client/package.ps1'
[4.313s] INFO:colcon.colcon_core.shell:Creating package descriptor '/home/vboxuser/ros2_ws/install/examples_rclcpp_async_client/share/examples_rclcpp_async_client/package.dsv'
[4.313s] INFO:colcon.colcon_core.shell:Creating package script '/home/vboxuser/ros2_ws/install/examples_rclcpp_async_client/share/examples_rclcpp_async_client/package.sh'
[4.315s] INFO:colcon.colcon_core.shell:Creating package script '/home/vboxuser/ros2_ws/install/examples_rclcpp_async_client/share/examples_rclcpp_async_client/package.bash'
[4.317s] INFO:colcon.colcon_core.shell:Creating package script '/home/vboxuser/ros2_ws/install/examples_rclcpp_async_client/share/examples_rclcpp_async_client/package.zsh'
[4.319s] Level 1:colcon.colcon_core.environment:create_file_with_runtime_dependencies(/home/vboxuser/ros2_ws/install/examples_rclcpp_async_client/share/colcon-core/packages/examples_rclcpp_async_client)
[4.324s] Level 1:colcon.colcon_core.environment:create_environment_scripts_only(examples_rclcpp_async_client)
[4.325s] Level 1:colcon.colcon_core.environment:checking '/home/vboxuser/ros2_ws/install/examples_rclcpp_async_client' for CMake module files
[4.330s] Level 1:colcon.colcon_core.environment:checking '/home/vboxuser/ros2_ws/install/examples_rclcpp_async_client' for CMake config files
[4.338s] Level 1:colcon.colcon_core.shell:create_environment_hook('examples_rclcpp_async_client', 'cmake_prefix_path')
[4.338s] INFO:colcon.colcon_core.shell:Creating environment hook '/home/vboxuser/ros2_ws/install/examples_rclcpp_async_client/share/examples_rclcpp_async_client/hook/cmake_prefix_path.ps1'
[4.340s] INFO:colcon.colcon_core.shell:Creating environment descriptor '/home/vboxuser/ros2_ws/install/examples_rclcpp_async_client/share/examples_rclcpp_async_client/hook/cmake_prefix_path.dsv'
[4.342s] INFO:colcon.colcon_core.shell:Creating environment hook '/home/vboxuser/ros2_ws/install/examples_rclcpp_async_client/share/examples_rclcpp_async_client/hook/cmake_prefix_path.sh'
[4.344s] Level 1:colcon.colcon_core.environment:checking '/home/vboxuser/ros2_ws/install/examples_rclcpp_async_client/lib'
[4.344s] Level 1:colcon.colcon_core.environment:checking '/home/vboxuser/ros2_ws/install/examples_rclcpp_async_client/bin'
[4.344s] Level 1:colcon.colcon_core.environment:checking '/home/vboxuser/ros2_ws/install/examples_rclcpp_async_client/lib/pkgconfig/examples_rclcpp_async_client.pc'
[4.344s] Level 1:colcon.colcon_core.environment:checking '/home/vboxuser/ros2_ws/install/examples_rclcpp_async_client/lib/python3.10/site-packages'
[4.345s] Level 1:colcon.colcon_core.environment:checking '/home/vboxuser/ros2_ws/install/examples_rclcpp_async_client/bin'
[4.345s] INFO:colcon.colcon_core.shell:Creating package script '/home/vboxuser/ros2_ws/install/examples_rclcpp_async_client/share/examples_rclcpp_async_client/package.ps1'
[4.348s] INFO:colcon.colcon_core.shell:Creating package descriptor '/home/vboxuser/ros2_ws/install/examples_rclcpp_async_client/share/examples_rclcpp_async_client/package.dsv'
[4.354s] INFO:colcon.colcon_core.shell:Creating package script '/home/vboxuser/ros2_ws/install/examples_rclcpp_async_client/share/examples_rclcpp_async_client/package.sh'
[4.358s] INFO:colcon.colcon_core.shell:Creating package script '/home/vboxuser/ros2_ws/install/examples_rclcpp_async_client/share/examples_rclcpp_async_client/package.bash'
[4.362s] INFO:colcon.colcon_core.shell:Creating package script '/home/vboxuser/ros2_ws/install/examples_rclcpp_async_client/share/examples_rclcpp_async_client/package.zsh'
[4.365s] Level 1:colcon.colcon_core.environment:create_file_with_runtime_dependencies(/home/vboxuser/ros2_ws/install/examples_rclcpp_async_client/share/colcon-core/packages/examples_rclcpp_async_client)
[4.369s] INFO:colcon.colcon_ros.task.ament_cmake.build:Building ROS package in '/home/vboxuser/ros2_ws/src/examples/rclcpp/actions/minimal_action_server' with build type 'ament_cmake'
[4.369s] INFO:colcon.colcon_cmake.task.cmake.build:Building CMake package in '/home/vboxuser/ros2_ws/src/examples/rclcpp/actions/minimal_action_server'
[4.370s] INFO:colcon.colcon_core.shell:Skip shell extension 'powershell' for command environment: Not usable outside of PowerShell
[4.370s] DEBUG:colcon.colcon_core.shell:Skip shell extension 'dsv' for command environment
[4.539s] DEBUG:colcon.colcon_core.event_handler.log_command:Invoking command in '/home/vboxuser/ros2_ws/build/examples_rclcpp_minimal_action_client': CMAKE_PREFIX_PATH=${CMAKE_PREFIX_PATH}:/home/vboxuser/ros2_ws/install/read_rosbag:/home/vboxuser/ros2_ws/install/py_pubsub:/home/vboxuser/ros2_ws/install/launch_testing_examples:/home/vboxuser/ros2_ws/install/examples_rclpy_pointcloud_publisher:/home/vboxuser/ros2_ws/install/examples_rclpy_minimal_subscriber:/home/vboxuser/ros2_ws/install/examples_rclpy_minimal_service:/home/vboxuser/ros2_ws/install/examples_rclpy_minimal_publisher:/home/vboxuser/ros2_ws/install/examples_rclpy_minimal_client:/home/vboxuser/ros2_ws/install/examples_rclpy_minimal_action_server:/home/vboxuser/ros2_ws/install/examples_rclpy_minimal_action_client:/home/vboxuser/ros2_ws/install/examples_rclpy_guard_conditions:/home/vboxuser/ros2_ws/install/examples_rclpy_executors:/home/vboxuser/ros2_ws/install/bms_visualizer:/opt/ros/iron:/home/vboxuser/ros2_iron/install/rqt_bag_plugins:/home/vboxuser/ros2_iron/install/rqt_bag:/home/vboxuser/ros2_iron/install/rosbag2_examples_py:/home/vboxuser/ros2_iron/install/launch_testing_examples:/home/vboxuser/ros2_iron/install/ros2bag:/home/vboxuser/ros2_iron/install/tracetools_test:/home/vboxuser/ros2_iron/install/tracetools_launch:/home/vboxuser/ros2_iron/install/topic_monitor:/home/vboxuser/ros2_iron/install/tf2_tools:/home/vboxuser/ros2_iron/install/examples_tf2_py:/home/vboxuser/ros2_iron/install/tf2_ros_py:/home/vboxuser/ros2_iron/install/examples_rclpy_pointcloud_publisher:/home/vboxuser/ros2_iron/install/sensor_msgs_py:/home/vboxuser/ros2_iron/install/quality_of_service_demo_py:/home/vboxuser/ros2_iron/install/rqt_plot:/home/vboxuser/ros2_iron/install/ros2doctor:/home/vboxuser/ros2_iron/install/lifecycle_py:/home/vboxuser/ros2_iron/install/examples_rclpy_minimal_subscriber:/home/vboxuser/ros2_iron/install/examples_rclpy_minimal_service:/home/vboxuser/ros2_iron/install/examples_rclpy_minimal_publisher:/home/vboxuser/ros2_iron/install/examples_rclpy_minimal_client:/home/vboxuser/ros2_iron/install/examples_rclpy_executors:/home/vboxuser/ros2_iron/install/demo_nodes_py:/home/vboxuser/ros2_iron/install/rqt:/home/vboxuser/ros2_iron/install/ros2component:/home/vboxuser/ros2_iron/install/sros2:/home/vboxuser/ros2_iron/install/rqt_topic:/home/vboxuser/ros2_iron/install/rqt_srv:/home/vboxuser/ros2_iron/install/rqt_shell:/home/vboxuser/ros2_iron/install/rqt_service_caller:/home/vboxuser/ros2_iron/install/rqt_reconfigure:/home/vboxuser/ros2_iron/install/rqt_py_console:/home/vboxuser/ros2_iron/install/rqt_publisher:/home/vboxuser/ros2_iron/install/rqt_action:/home/vboxuser/ros2_iron/install/rqt_msg:/home/vboxuser/ros2_iron/install/rqt_console:/home/vboxuser/ros2_iron/install/rqt_graph:/home/vboxuser/ros2_iron/install/rqt_gui_py:/home/vboxuser/ros2_iron/install/rqt_gui:/home/vboxuser/ros2_iron/install/ros2trace:/home/vboxuser/ros2_iron/install/ros2topic:/home/vboxuser/ros2_iron/install/ros2test:/home/vboxuser/ros2_iron/install/ros2param:/home/vboxuser/ros2_iron/install/ros2lifecycle:/home/vboxuser/ros2_iron/install/ros2service:/home/vboxuser/ros2_iron/install/ros2run:/home/vboxuser/ros2_iron/install/ros2launch:/home/vboxuser/ros2_iron/install/ros2pkg:/home/vboxuser/ros2_iron/install/ros2node:/home/vboxuser/ros2_iron/install/ros2multicast:/home/vboxuser/ros2_iron/install/ros2interface:/home/vboxuser/ros2_iron/install/ros2action:/home/vboxuser/ros2_iron/install/ros2cli:/home/vboxuser/ros2_iron/install/launch_testing_ros:/home/vboxuser/ros2_iron/install/launch_ros:/home/vboxuser/ros2_iron/install/examples_rclpy_minimal_action_server:/home/vboxuser/ros2_iron/install/examples_rclpy_minimal_action_client:/home/vboxuser/ros2_iron/install/examples_rclpy_guard_conditions:/home/vboxuser/ros2_iron/install/action_tutorials_py:/home/vboxuser/ros2_iron/install/ament_uncrustify:/home/vboxuser/ros2_iron/install/tracetools_trace:/home/vboxuser/ros2_iron/install/tracetools_read:/home/vboxuser/ros2_iron/install/test_tracetools_launch:/home/vboxuser/ros2_iron/install/test_ros2trace:/home/vboxuser/ros2_iron/install/test_launch_ros:/home/vboxuser/ros2_iron/install/rpyutils:/home/vboxuser/ros2_iron/install/rosidl_runtime_py:/home/vboxuser/ros2_iron/install/rosidl_pycommon:/home/vboxuser/ros2_iron/install/rosidl_cli:/home/vboxuser/ros2_iron/install/launch_pytest:/home/vboxuser/ros2_iron/install/launch_testing:/home/vboxuser/ros2_iron/install/launch_yaml:/home/vboxuser/ros2_iron/install/launch_xml:/home/vboxuser/ros2_iron/install/launch:/home/vboxuser/ros2_iron/install/osrf_pycommon:/home/vboxuser/ros2_iron/install/domain_coordinator:/home/vboxuser/ros2_iron/install/ament_xmllint:/home/vboxuser/ros2_iron/install/ament_pyflakes:/home/vboxuser/ros2_iron/install/ament_pycodestyle:/home/vboxuser/ros2_iron/install/ament_pep257:/home/vboxuser/ros2_iron/install/ament_pclint:/home/vboxuser/ros2_iron/install/ament_package:/home/vboxuser/ros2_iron/install/ament_mypy:/home/vboxuser/ros2_iron/install/ament_lint_cmake:/home/vboxuser/ros2_iron/install/ament_flake8:/home/vboxuser/ros2_iron/install/ament_copyright:/home/vboxuser/ros2_iron/install/ament_lint:/home/vboxuser/ros2_iron/install/ament_index_python:/home/vboxuser/ros2_iron/install/ament_cpplint:/home/vboxuser/ros2_iron/install/ament_cppcheck:/home/vboxuser/ros2_iron/install/ament_clang_tidy:/home/vboxuser/ros2_iron/install/ament_clang_format /usr/bin/cmake --build /home/vboxuser/ros2_ws/build/examples_rclcpp_minimal_action_client -- -j4 -l4
[4.540s] DEBUG:colcon.colcon_core.event_handler.log_command:Invoked command in '/home/vboxuser/ros2_ws/build/examples_rclcpp_cbg_executor' returned '0': CMAKE_PREFIX_PATH=${CMAKE_PREFIX_PATH}:/home/vboxuser/ros2_ws/install/read_rosbag:/home/vboxuser/ros2_ws/install/py_pubsub:/home/vboxuser/ros2_ws/install/launch_testing_examples:/home/vboxuser/ros2_ws/install/examples_rclpy_pointcloud_publisher:/home/vboxuser/ros2_ws/install/examples_rclpy_minimal_subscriber:/home/vboxuser/ros2_ws/install/examples_rclpy_minimal_service:/home/vboxuser/ros2_ws/install/examples_rclpy_minimal_publisher:/home/vboxuser/ros2_ws/install/examples_rclpy_minimal_client:/home/vboxuser/ros2_ws/install/examples_rclpy_minimal_action_server:/home/vboxuser/ros2_ws/install/examples_rclpy_minimal_action_client:/home/vboxuser/ros2_ws/install/examples_rclpy_guard_conditions:/home/vboxuser/ros2_ws/install/examples_rclpy_executors:/home/vboxuser/ros2_ws/install/bms_visualizer:/opt/ros/iron:/home/vboxuser/ros2_iron/install/rqt_bag_plugins:/home/vboxuser/ros2_iron/install/rqt_bag:/home/vboxuser/ros2_iron/install/rosbag2_examples_py:/home/vboxuser/ros2_iron/install/launch_testing_examples:/home/vboxuser/ros2_iron/install/ros2bag:/home/vboxuser/ros2_iron/install/tracetools_test:/home/vboxuser/ros2_iron/install/tracetools_launch:/home/vboxuser/ros2_iron/install/topic_monitor:/home/vboxuser/ros2_iron/install/tf2_tools:/home/vboxuser/ros2_iron/install/examples_tf2_py:/home/vboxuser/ros2_iron/install/tf2_ros_py:/home/vboxuser/ros2_iron/install/examples_rclpy_pointcloud_publisher:/home/vboxuser/ros2_iron/install/sensor_msgs_py:/home/vboxuser/ros2_iron/install/quality_of_service_demo_py:/home/vboxuser/ros2_iron/install/rqt_plot:/home/vboxuser/ros2_iron/install/ros2doctor:/home/vboxuser/ros2_iron/install/lifecycle_py:/home/vboxuser/ros2_iron/install/examples_rclpy_minimal_subscriber:/home/vboxuser/ros2_iron/install/examples_rclpy_minimal_service:/home/vboxuser/ros2_iron/install/examples_rclpy_minimal_publisher:/home/vboxuser/ros2_iron/install/examples_rclpy_minimal_client:/home/vboxuser/ros2_iron/install/examples_rclpy_executors:/home/vboxuser/ros2_iron/install/demo_nodes_py:/home/vboxuser/ros2_iron/install/rqt:/home/vboxuser/ros2_iron/install/ros2component:/home/vboxuser/ros2_iron/install/sros2:/home/vboxuser/ros2_iron/install/rqt_topic:/home/vboxuser/ros2_iron/install/rqt_srv:/home/vboxuser/ros2_iron/install/rqt_shell:/home/vboxuser/ros2_iron/install/rqt_service_caller:/home/vboxuser/ros2_iron/install/rqt_reconfigure:/home/vboxuser/ros2_iron/install/rqt_py_console:/home/vboxuser/ros2_iron/install/rqt_publisher:/home/vboxuser/ros2_iron/install/rqt_action:/home/vboxuser/ros2_iron/install/rqt_msg:/home/vboxuser/ros2_iron/install/rqt_console:/home/vboxuser/ros2_iron/install/rqt_graph:/home/vboxuser/ros2_iron/install/rqt_gui_py:/home/vboxuser/ros2_iron/install/rqt_gui:/home/vboxuser/ros2_iron/install/ros2trace:/home/vboxuser/ros2_iron/install/ros2topic:/home/vboxuser/ros2_iron/install/ros2test:/home/vboxuser/ros2_iron/install/ros2param:/home/vboxuser/ros2_iron/install/ros2lifecycle:/home/vboxuser/ros2_iron/install/ros2service:/home/vboxuser/ros2_iron/install/ros2run:/home/vboxuser/ros2_iron/install/ros2launch:/home/vboxuser/ros2_iron/install/ros2pkg:/home/vboxuser/ros2_iron/install/ros2node:/home/vboxuser/ros2_iron/install/ros2multicast:/home/vboxuser/ros2_iron/install/ros2interface:/home/vboxuser/ros2_iron/install/ros2action:/home/vboxuser/ros2_iron/install/ros2cli:/home/vboxuser/ros2_iron/install/launch_testing_ros:/home/vboxuser/ros2_iron/install/launch_ros:/home/vboxuser/ros2_iron/install/examples_rclpy_minimal_action_server:/home/vboxuser/ros2_iron/install/examples_rclpy_minimal_action_client:/home/vboxuser/ros2_iron/install/examples_rclpy_guard_conditions:/home/vboxuser/ros2_iron/install/action_tutorials_py:/home/vboxuser/ros2_iron/install/ament_uncrustify:/home/vboxuser/ros2_iron/install/tracetools_trace:/home/vboxuser/ros2_iron/install/tracetools_read:/home/vboxuser/ros2_iron/install/test_tracetools_launch:/home/vboxuser/ros2_iron/install/test_ros2trace:/home/vboxuser/ros2_iron/install/test_launch_ros:/home/vboxuser/ros2_iron/install/rpyutils:/home/vboxuser/ros2_iron/install/rosidl_runtime_py:/home/vboxuser/ros2_iron/install/rosidl_pycommon:/home/vboxuser/ros2_iron/install/rosidl_cli:/home/vboxuser/ros2_iron/install/launch_pytest:/home/vboxuser/ros2_iron/install/launch_testing:/home/vboxuser/ros2_iron/install/launch_yaml:/home/vboxuser/ros2_iron/install/launch_xml:/home/vboxuser/ros2_iron/install/launch:/home/vboxuser/ros2_iron/install/osrf_pycommon:/home/vboxuser/ros2_iron/install/domain_coordinator:/home/vboxuser/ros2_iron/install/ament_xmllint:/home/vboxuser/ros2_iron/install/ament_pyflakes:/home/vboxuser/ros2_iron/install/ament_pycodestyle:/home/vboxuser/ros2_iron/install/ament_pep257:/home/vboxuser/ros2_iron/install/ament_pclint:/home/vboxuser/ros2_iron/install/ament_package:/home/vboxuser/ros2_iron/install/ament_mypy:/home/vboxuser/ros2_iron/install/ament_lint_cmake:/home/vboxuser/ros2_iron/install/ament_flake8:/home/vboxuser/ros2_iron/install/ament_copyright:/home/vboxuser/ros2_iron/install/ament_lint:/home/vboxuser/ros2_iron/install/ament_index_python:/home/vboxuser/ros2_iron/install/ament_cpplint:/home/vboxuser/ros2_iron/install/ament_cppcheck:/home/vboxuser/ros2_iron/install/ament_clang_tidy:/home/vboxuser/ros2_iron/install/ament_clang_format /usr/bin/cmake --build /home/vboxuser/ros2_ws/build/examples_rclcpp_cbg_executor -- -j4 -l4
[4.541s] DEBUG:colcon.colcon_core.event_handler.log_command:Invoking command in '/home/vboxuser/ros2_ws/build/examples_rclcpp_cbg_executor': CMAKE_PREFIX_PATH=${CMAKE_PREFIX_PATH}:/home/vboxuser/ros2_ws/install/read_rosbag:/home/vboxuser/ros2_ws/install/py_pubsub:/home/vboxuser/ros2_ws/install/launch_testing_examples:/home/vboxuser/ros2_ws/install/examples_rclpy_pointcloud_publisher:/home/vboxuser/ros2_ws/install/examples_rclpy_minimal_subscriber:/home/vboxuser/ros2_ws/install/examples_rclpy_minimal_service:/home/vboxuser/ros2_ws/install/examples_rclpy_minimal_publisher:/home/vboxuser/ros2_ws/install/examples_rclpy_minimal_client:/home/vboxuser/ros2_ws/install/examples_rclpy_minimal_action_server:/home/vboxuser/ros2_ws/install/examples_rclpy_minimal_action_client:/home/vboxuser/ros2_ws/install/examples_rclpy_guard_conditions:/home/vboxuser/ros2_ws/install/examples_rclpy_executors:/home/vboxuser/ros2_ws/install/bms_visualizer:/opt/ros/iron:/home/vboxuser/ros2_iron/install/rqt_bag_plugins:/home/vboxuser/ros2_iron/install/rqt_bag:/home/vboxuser/ros2_iron/install/rosbag2_examples_py:/home/vboxuser/ros2_iron/install/launch_testing_examples:/home/vboxuser/ros2_iron/install/ros2bag:/home/vboxuser/ros2_iron/install/tracetools_test:/home/vboxuser/ros2_iron/install/tracetools_launch:/home/vboxuser/ros2_iron/install/topic_monitor:/home/vboxuser/ros2_iron/install/tf2_tools:/home/vboxuser/ros2_iron/install/examples_tf2_py:/home/vboxuser/ros2_iron/install/tf2_ros_py:/home/vboxuser/ros2_iron/install/examples_rclpy_pointcloud_publisher:/home/vboxuser/ros2_iron/install/sensor_msgs_py:/home/vboxuser/ros2_iron/install/quality_of_service_demo_py:/home/vboxuser/ros2_iron/install/rqt_plot:/home/vboxuser/ros2_iron/install/ros2doctor:/home/vboxuser/ros2_iron/install/lifecycle_py:/home/vboxuser/ros2_iron/install/examples_rclpy_minimal_subscriber:/home/vboxuser/ros2_iron/install/examples_rclpy_minimal_service:/home/vboxuser/ros2_iron/install/examples_rclpy_minimal_publisher:/home/vboxuser/ros2_iron/install/examples_rclpy_minimal_client:/home/vboxuser/ros2_iron/install/examples_rclpy_executors:/home/vboxuser/ros2_iron/install/demo_nodes_py:/home/vboxuser/ros2_iron/install/rqt:/home/vboxuser/ros2_iron/install/ros2component:/home/vboxuser/ros2_iron/install/sros2:/home/vboxuser/ros2_iron/install/rqt_topic:/home/vboxuser/ros2_iron/install/rqt_srv:/home/vboxuser/ros2_iron/install/rqt_shell:/home/vboxuser/ros2_iron/install/rqt_service_caller:/home/vboxuser/ros2_iron/install/rqt_reconfigure:/home/vboxuser/ros2_iron/install/rqt_py_console:/home/vboxuser/ros2_iron/install/rqt_publisher:/home/vboxuser/ros2_iron/install/rqt_action:/home/vboxuser/ros2_iron/install/rqt_msg:/home/vboxuser/ros2_iron/install/rqt_console:/home/vboxuser/ros2_iron/install/rqt_graph:/home/vboxuser/ros2_iron/install/rqt_gui_py:/home/vboxuser/ros2_iron/install/rqt_gui:/home/vboxuser/ros2_iron/install/ros2trace:/home/vboxuser/ros2_iron/install/ros2topic:/home/vboxuser/ros2_iron/install/ros2test:/home/vboxuser/ros2_iron/install/ros2param:/home/vboxuser/ros2_iron/install/ros2lifecycle:/home/vboxuser/ros2_iron/install/ros2service:/home/vboxuser/ros2_iron/install/ros2run:/home/vboxuser/ros2_iron/install/ros2launch:/home/vboxuser/ros2_iron/install/ros2pkg:/home/vboxuser/ros2_iron/install/ros2node:/home/vboxuser/ros2_iron/install/ros2multicast:/home/vboxuser/ros2_iron/install/ros2interface:/home/vboxuser/ros2_iron/install/ros2action:/home/vboxuser/ros2_iron/install/ros2cli:/home/vboxuser/ros2_iron/install/launch_testing_ros:/home/vboxuser/ros2_iron/install/launch_ros:/home/vboxuser/ros2_iron/install/examples_rclpy_minimal_action_server:/home/vboxuser/ros2_iron/install/examples_rclpy_minimal_action_client:/home/vboxuser/ros2_iron/install/examples_rclpy_guard_conditions:/home/vboxuser/ros2_iron/install/action_tutorials_py:/home/vboxuser/ros2_iron/install/ament_uncrustify:/home/vboxuser/ros2_iron/install/tracetools_trace:/home/vboxuser/ros2_iron/install/tracetools_read:/home/vboxuser/ros2_iron/install/test_tracetools_launch:/home/vboxuser/ros2_iron/install/test_ros2trace:/home/vboxuser/ros2_iron/install/test_launch_ros:/home/vboxuser/ros2_iron/install/rpyutils:/home/vboxuser/ros2_iron/install/rosidl_runtime_py:/home/vboxuser/ros2_iron/install/rosidl_pycommon:/home/vboxuser/ros2_iron/install/rosidl_cli:/home/vboxuser/ros2_iron/install/launch_pytest:/home/vboxuser/ros2_iron/install/launch_testing:/home/vboxuser/ros2_iron/install/launch_yaml:/home/vboxuser/ros2_iron/install/launch_xml:/home/vboxuser/ros2_iron/install/launch:/home/vboxuser/ros2_iron/install/osrf_pycommon:/home/vboxuser/ros2_iron/install/domain_coordinator:/home/vboxuser/ros2_iron/install/ament_xmllint:/home/vboxuser/ros2_iron/install/ament_pyflakes:/home/vboxuser/ros2_iron/install/ament_pycodestyle:/home/vboxuser/ros2_iron/install/ament_pep257:/home/vboxuser/ros2_iron/install/ament_pclint:/home/vboxuser/ros2_iron/install/ament_package:/home/vboxuser/ros2_iron/install/ament_mypy:/home/vboxuser/ros2_iron/install/ament_lint_cmake:/home/vboxuser/ros2_iron/install/ament_flake8:/home/vboxuser/ros2_iron/install/ament_copyright:/home/vboxuser/ros2_iron/install/ament_lint:/home/vboxuser/ros2_iron/install/ament_index_python:/home/vboxuser/ros2_iron/install/ament_cpplint:/home/vboxuser/ros2_iron/install/ament_cppcheck:/home/vboxuser/ros2_iron/install/ament_clang_tidy:/home/vboxuser/ros2_iron/install/ament_clang_format /usr/bin/cmake --install /home/vboxuser/ros2_ws/build/examples_rclcpp_cbg_executor
[4.614s] DEBUG:colcon.colcon_core.event_handler.log_command:Invoking command in '/home/vboxuser/ros2_ws/build/examples_rclcpp_minimal_action_server': CMAKE_PREFIX_PATH=${CMAKE_PREFIX_PATH}:/home/vboxuser/ros2_ws/install/read_rosbag:/home/vboxuser/ros2_ws/install/py_pubsub:/home/vboxuser/ros2_ws/install/launch_testing_examples:/home/vboxuser/ros2_ws/install/examples_rclpy_pointcloud_publisher:/home/vboxuser/ros2_ws/install/examples_rclpy_minimal_subscriber:/home/vboxuser/ros2_ws/install/examples_rclpy_minimal_service:/home/vboxuser/ros2_ws/install/examples_rclpy_minimal_publisher:/home/vboxuser/ros2_ws/install/examples_rclpy_minimal_client:/home/vboxuser/ros2_ws/install/examples_rclpy_minimal_action_server:/home/vboxuser/ros2_ws/install/examples_rclpy_minimal_action_client:/home/vboxuser/ros2_ws/install/examples_rclpy_guard_conditions:/home/vboxuser/ros2_ws/install/examples_rclpy_executors:/home/vboxuser/ros2_ws/install/bms_visualizer:/opt/ros/iron:/home/vboxuser/ros2_iron/install/rqt_bag_plugins:/home/vboxuser/ros2_iron/install/rqt_bag:/home/vboxuser/ros2_iron/install/rosbag2_examples_py:/home/vboxuser/ros2_iron/install/launch_testing_examples:/home/vboxuser/ros2_iron/install/ros2bag:/home/vboxuser/ros2_iron/install/tracetools_test:/home/vboxuser/ros2_iron/install/tracetools_launch:/home/vboxuser/ros2_iron/install/topic_monitor:/home/vboxuser/ros2_iron/install/tf2_tools:/home/vboxuser/ros2_iron/install/examples_tf2_py:/home/vboxuser/ros2_iron/install/tf2_ros_py:/home/vboxuser/ros2_iron/install/examples_rclpy_pointcloud_publisher:/home/vboxuser/ros2_iron/install/sensor_msgs_py:/home/vboxuser/ros2_iron/install/quality_of_service_demo_py:/home/vboxuser/ros2_iron/install/rqt_plot:/home/vboxuser/ros2_iron/install/ros2doctor:/home/vboxuser/ros2_iron/install/lifecycle_py:/home/vboxuser/ros2_iron/install/examples_rclpy_minimal_subscriber:/home/vboxuser/ros2_iron/install/examples_rclpy_minimal_service:/home/vboxuser/ros2_iron/install/examples_rclpy_minimal_publisher:/home/vboxuser/ros2_iron/install/examples_rclpy_minimal_client:/home/vboxuser/ros2_iron/install/examples_rclpy_executors:/home/vboxuser/ros2_iron/install/demo_nodes_py:/home/vboxuser/ros2_iron/install/rqt:/home/vboxuser/ros2_iron/install/ros2component:/home/vboxuser/ros2_iron/install/sros2:/home/vboxuser/ros2_iron/install/rqt_topic:/home/vboxuser/ros2_iron/install/rqt_srv:/home/vboxuser/ros2_iron/install/rqt_shell:/home/vboxuser/ros2_iron/install/rqt_service_caller:/home/vboxuser/ros2_iron/install/rqt_reconfigure:/home/vboxuser/ros2_iron/install/rqt_py_console:/home/vboxuser/ros2_iron/install/rqt_publisher:/home/vboxuser/ros2_iron/install/rqt_action:/home/vboxuser/ros2_iron/install/rqt_msg:/home/vboxuser/ros2_iron/install/rqt_console:/home/vboxuser/ros2_iron/install/rqt_graph:/home/vboxuser/ros2_iron/install/rqt_gui_py:/home/vboxuser/ros2_iron/install/rqt_gui:/home/vboxuser/ros2_iron/install/ros2trace:/home/vboxuser/ros2_iron/install/ros2topic:/home/vboxuser/ros2_iron/install/ros2test:/home/vboxuser/ros2_iron/install/ros2param:/home/vboxuser/ros2_iron/install/ros2lifecycle:/home/vboxuser/ros2_iron/install/ros2service:/home/vboxuser/ros2_iron/install/ros2run:/home/vboxuser/ros2_iron/install/ros2launch:/home/vboxuser/ros2_iron/install/ros2pkg:/home/vboxuser/ros2_iron/install/ros2node:/home/vboxuser/ros2_iron/install/ros2multicast:/home/vboxuser/ros2_iron/install/ros2interface:/home/vboxuser/ros2_iron/install/ros2action:/home/vboxuser/ros2_iron/install/ros2cli:/home/vboxuser/ros2_iron/install/launch_testing_ros:/home/vboxuser/ros2_iron/install/launch_ros:/home/vboxuser/ros2_iron/install/examples_rclpy_minimal_action_server:/home/vboxuser/ros2_iron/install/examples_rclpy_minimal_action_client:/home/vboxuser/ros2_iron/install/examples_rclpy_guard_conditions:/home/vboxuser/ros2_iron/install/action_tutorials_py:/home/vboxuser/ros2_iron/install/ament_uncrustify:/home/vboxuser/ros2_iron/install/tracetools_trace:/home/vboxuser/ros2_iron/install/tracetools_read:/home/vboxuser/ros2_iron/install/test_tracetools_launch:/home/vboxuser/ros2_iron/install/test_ros2trace:/home/vboxuser/ros2_iron/install/test_launch_ros:/home/vboxuser/ros2_iron/install/rpyutils:/home/vboxuser/ros2_iron/install/rosidl_runtime_py:/home/vboxuser/ros2_iron/install/rosidl_pycommon:/home/vboxuser/ros2_iron/install/rosidl_cli:/home/vboxuser/ros2_iron/install/launch_pytest:/home/vboxuser/ros2_iron/install/launch_testing:/home/vboxuser/ros2_iron/install/launch_yaml:/home/vboxuser/ros2_iron/install/launch_xml:/home/vboxuser/ros2_iron/install/launch:/home/vboxuser/ros2_iron/install/osrf_pycommon:/home/vboxuser/ros2_iron/install/domain_coordinator:/home/vboxuser/ros2_iron/install/ament_xmllint:/home/vboxuser/ros2_iron/install/ament_pyflakes:/home/vboxuser/ros2_iron/install/ament_pycodestyle:/home/vboxuser/ros2_iron/install/ament_pep257:/home/vboxuser/ros2_iron/install/ament_pclint:/home/vboxuser/ros2_iron/install/ament_package:/home/vboxuser/ros2_iron/install/ament_mypy:/home/vboxuser/ros2_iron/install/ament_lint_cmake:/home/vboxuser/ros2_iron/install/ament_flake8:/home/vboxuser/ros2_iron/install/ament_copyright:/home/vboxuser/ros2_iron/install/ament_lint:/home/vboxuser/ros2_iron/install/ament_index_python:/home/vboxuser/ros2_iron/install/ament_cpplint:/home/vboxuser/ros2_iron/install/ament_cppcheck:/home/vboxuser/ros2_iron/install/ament_clang_tidy:/home/vboxuser/ros2_iron/install/ament_clang_format /usr/bin/cmake --build /home/vboxuser/ros2_ws/build/examples_rclcpp_minimal_action_server -- -j4 -l4
[4.765s] Level 1:colcon.colcon_core.environment:create_environment_scripts_only(examples_rclcpp_cbg_executor)
[4.766s] Level 1:colcon.colcon_core.environment:checking '/home/vboxuser/ros2_ws/install/examples_rclcpp_cbg_executor' for CMake module files
[4.767s] DEBUG:colcon.colcon_core.event_handler.log_command:Invoked command in '/home/vboxuser/ros2_ws/build/examples_rclcpp_cbg_executor' returned '0': CMAKE_PREFIX_PATH=${CMAKE_PREFIX_PATH}:/home/vboxuser/ros2_ws/install/read_rosbag:/home/vboxuser/ros2_ws/install/py_pubsub:/home/vboxuser/ros2_ws/install/launch_testing_examples:/home/vboxuser/ros2_ws/install/examples_rclpy_pointcloud_publisher:/home/vboxuser/ros2_ws/install/examples_rclpy_minimal_subscriber:/home/vboxuser/ros2_ws/install/examples_rclpy_minimal_service:/home/vboxuser/ros2_ws/install/examples_rclpy_minimal_publisher:/home/vboxuser/ros2_ws/install/examples_rclpy_minimal_client:/home/vboxuser/ros2_ws/install/examples_rclpy_minimal_action_server:/home/vboxuser/ros2_ws/install/examples_rclpy_minimal_action_client:/home/vboxuser/ros2_ws/install/examples_rclpy_guard_conditions:/home/vboxuser/ros2_ws/install/examples_rclpy_executors:/home/vboxuser/ros2_ws/install/bms_visualizer:/opt/ros/iron:/home/vboxuser/ros2_iron/install/rqt_bag_plugins:/home/vboxuser/ros2_iron/install/rqt_bag:/home/vboxuser/ros2_iron/install/rosbag2_examples_py:/home/vboxuser/ros2_iron/install/launch_testing_examples:/home/vboxuser/ros2_iron/install/ros2bag:/home/vboxuser/ros2_iron/install/tracetools_test:/home/vboxuser/ros2_iron/install/tracetools_launch:/home/vboxuser/ros2_iron/install/topic_monitor:/home/vboxuser/ros2_iron/install/tf2_tools:/home/vboxuser/ros2_iron/install/examples_tf2_py:/home/vboxuser/ros2_iron/install/tf2_ros_py:/home/vboxuser/ros2_iron/install/examples_rclpy_pointcloud_publisher:/home/vboxuser/ros2_iron/install/sensor_msgs_py:/home/vboxuser/ros2_iron/install/quality_of_service_demo_py:/home/vboxuser/ros2_iron/install/rqt_plot:/home/vboxuser/ros2_iron/install/ros2doctor:/home/vboxuser/ros2_iron/install/lifecycle_py:/home/vboxuser/ros2_iron/install/examples_rclpy_minimal_subscriber:/home/vboxuser/ros2_iron/install/examples_rclpy_minimal_service:/home/vboxuser/ros2_iron/install/examples_rclpy_minimal_publisher:/home/vboxuser/ros2_iron/install/examples_rclpy_minimal_client:/home/vboxuser/ros2_iron/install/examples_rclpy_executors:/home/vboxuser/ros2_iron/install/demo_nodes_py:/home/vboxuser/ros2_iron/install/rqt:/home/vboxuser/ros2_iron/install/ros2component:/home/vboxuser/ros2_iron/install/sros2:/home/vboxuser/ros2_iron/install/rqt_topic:/home/vboxuser/ros2_iron/install/rqt_srv:/home/vboxuser/ros2_iron/install/rqt_shell:/home/vboxuser/ros2_iron/install/rqt_service_caller:/home/vboxuser/ros2_iron/install/rqt_reconfigure:/home/vboxuser/ros2_iron/install/rqt_py_console:/home/vboxuser/ros2_iron/install/rqt_publisher:/home/vboxuser/ros2_iron/install/rqt_action:/home/vboxuser/ros2_iron/install/rqt_msg:/home/vboxuser/ros2_iron/install/rqt_console:/home/vboxuser/ros2_iron/install/rqt_graph:/home/vboxuser/ros2_iron/install/rqt_gui_py:/home/vboxuser/ros2_iron/install/rqt_gui:/home/vboxuser/ros2_iron/install/ros2trace:/home/vboxuser/ros2_iron/install/ros2topic:/home/vboxuser/ros2_iron/install/ros2test:/home/vboxuser/ros2_iron/install/ros2param:/home/vboxuser/ros2_iron/install/ros2lifecycle:/home/vboxuser/ros2_iron/install/ros2service:/home/vboxuser/ros2_iron/install/ros2run:/home/vboxuser/ros2_iron/install/ros2launch:/home/vboxuser/ros2_iron/install/ros2pkg:/home/vboxuser/ros2_iron/install/ros2node:/home/vboxuser/ros2_iron/install/ros2multicast:/home/vboxuser/ros2_iron/install/ros2interface:/home/vboxuser/ros2_iron/install/ros2action:/home/vboxuser/ros2_iron/install/ros2cli:/home/vboxuser/ros2_iron/install/launch_testing_ros:/home/vboxuser/ros2_iron/install/launch_ros:/home/vboxuser/ros2_iron/install/examples_rclpy_minimal_action_server:/home/vboxuser/ros2_iron/install/examples_rclpy_minimal_action_client:/home/vboxuser/ros2_iron/install/examples_rclpy_guard_conditions:/home/vboxuser/ros2_iron/install/action_tutorials_py:/home/vboxuser/ros2_iron/install/ament_uncrustify:/home/vboxuser/ros2_iron/install/tracetools_trace:/home/vboxuser/ros2_iron/install/tracetools_read:/home/vboxuser/ros2_iron/install/test_tracetools_launch:/home/vboxuser/ros2_iron/install/test_ros2trace:/home/vboxuser/ros2_iron/install/test_launch_ros:/home/vboxuser/ros2_iron/install/rpyutils:/home/vboxuser/ros2_iron/install/rosidl_runtime_py:/home/vboxuser/ros2_iron/install/rosidl_pycommon:/home/vboxuser/ros2_iron/install/rosidl_cli:/home/vboxuser/ros2_iron/install/launch_pytest:/home/vboxuser/ros2_iron/install/launch_testing:/home/vboxuser/ros2_iron/install/launch_yaml:/home/vboxuser/ros2_iron/install/launch_xml:/home/vboxuser/ros2_iron/install/launch:/home/vboxuser/ros2_iron/install/osrf_pycommon:/home/vboxuser/ros2_iron/install/domain_coordinator:/home/vboxuser/ros2_iron/install/ament_xmllint:/home/vboxuser/ros2_iron/install/ament_pyflakes:/home/vboxuser/ros2_iron/install/ament_pycodestyle:/home/vboxuser/ros2_iron/install/ament_pep257:/home/vboxuser/ros2_iron/install/ament_pclint:/home/vboxuser/ros2_iron/install/ament_package:/home/vboxuser/ros2_iron/install/ament_mypy:/home/vboxuser/ros2_iron/install/ament_lint_cmake:/home/vboxuser/ros2_iron/install/ament_flake8:/home/vboxuser/ros2_iron/install/ament_copyright:/home/vboxuser/ros2_iron/install/ament_lint:/home/vboxuser/ros2_iron/install/ament_index_python:/home/vboxuser/ros2_iron/install/ament_cpplint:/home/vboxuser/ros2_iron/install/ament_cppcheck:/home/vboxuser/ros2_iron/install/ament_clang_tidy:/home/vboxuser/ros2_iron/install/ament_clang_format /usr/bin/cmake --install /home/vboxuser/ros2_ws/build/examples_rclcpp_cbg_executor
[4.829s] Level 1:colcon.colcon_core.environment:checking '/home/vboxuser/ros2_ws/install/examples_rclcpp_cbg_executor' for CMake config files
[4.831s] Level 1:colcon.colcon_core.shell:create_environment_hook('examples_rclcpp_cbg_executor', 'cmake_prefix_path')
[4.831s] INFO:colcon.colcon_core.shell:Creating environment hook '/home/vboxuser/ros2_ws/install/examples_rclcpp_cbg_executor/share/examples_rclcpp_cbg_executor/hook/cmake_prefix_path.ps1'
[4.832s] INFO:colcon.colcon_core.shell:Creating environment descriptor '/home/vboxuser/ros2_ws/install/examples_rclcpp_cbg_executor/share/examples_rclcpp_cbg_executor/hook/cmake_prefix_path.dsv'
[4.833s] INFO:colcon.colcon_core.shell:Creating environment hook '/home/vboxuser/ros2_ws/install/examples_rclcpp_cbg_executor/share/examples_rclcpp_cbg_executor/hook/cmake_prefix_path.sh'
[4.834s] Level 1:colcon.colcon_core.environment:checking '/home/vboxuser/ros2_ws/install/examples_rclcpp_cbg_executor/lib'
[4.834s] Level 1:colcon.colcon_core.environment:checking '/home/vboxuser/ros2_ws/install/examples_rclcpp_cbg_executor/bin'
[4.834s] Level 1:colcon.colcon_core.environment:checking '/home/vboxuser/ros2_ws/install/examples_rclcpp_cbg_executor/lib/pkgconfig/examples_rclcpp_cbg_executor.pc'
[4.834s] Level 1:colcon.colcon_core.environment:checking '/home/vboxuser/ros2_ws/install/examples_rclcpp_cbg_executor/lib/python3.10/site-packages'
[4.835s] Level 1:colcon.colcon_core.environment:checking '/home/vboxuser/ros2_ws/install/examples_rclcpp_cbg_executor/bin'
[4.835s] INFO:colcon.colcon_core.shell:Creating package script '/home/vboxuser/ros2_ws/install/examples_rclcpp_cbg_executor/share/examples_rclcpp_cbg_executor/package.ps1'
[4.836s] INFO:colcon.colcon_core.shell:Creating package descriptor '/home/vboxuser/ros2_ws/install/examples_rclcpp_cbg_executor/share/examples_rclcpp_cbg_executor/package.dsv'
[4.837s] INFO:colcon.colcon_core.shell:Creating package script '/home/vboxuser/ros2_ws/install/examples_rclcpp_cbg_executor/share/examples_rclcpp_cbg_executor/package.sh'
[4.837s] INFO:colcon.colcon_core.shell:Creating package script '/home/vboxuser/ros2_ws/install/examples_rclcpp_cbg_executor/share/examples_rclcpp_cbg_executor/package.bash'
[4.838s] INFO:colcon.colcon_core.shell:Creating package script '/home/vboxuser/ros2_ws/install/examples_rclcpp_cbg_executor/share/examples_rclcpp_cbg_executor/package.zsh'
[4.839s] Level 1:colcon.colcon_core.environment:create_file_with_runtime_dependencies(/home/vboxuser/ros2_ws/install/examples_rclcpp_cbg_executor/share/colcon-core/packages/examples_rclcpp_cbg_executor)
[4.840s] Level 1:colcon.colcon_core.environment:create_environment_scripts_only(examples_rclcpp_cbg_executor)
[4.840s] Level 1:colcon.colcon_core.environment:checking '/home/vboxuser/ros2_ws/install/examples_rclcpp_cbg_executor' for CMake module files
[4.841s] Level 1:colcon.colcon_core.environment:checking '/home/vboxuser/ros2_ws/install/examples_rclcpp_cbg_executor' for CMake config files
[4.841s] Level 1:colcon.colcon_core.shell:create_environment_hook('examples_rclcpp_cbg_executor', 'cmake_prefix_path')
[4.841s] INFO:colcon.colcon_core.shell:Creating environment hook '/home/vboxuser/ros2_ws/install/examples_rclcpp_cbg_executor/share/examples_rclcpp_cbg_executor/hook/cmake_prefix_path.ps1'
[4.893s] INFO:colcon.colcon_core.shell:Creating environment descriptor '/home/vboxuser/ros2_ws/install/examples_rclcpp_cbg_executor/share/examples_rclcpp_cbg_executor/hook/cmake_prefix_path.dsv'
[4.894s] INFO:colcon.colcon_core.shell:Creating environment hook '/home/vboxuser/ros2_ws/install/examples_rclcpp_cbg_executor/share/examples_rclcpp_cbg_executor/hook/cmake_prefix_path.sh'
[4.897s] Level 1:colcon.colcon_core.environment:checking '/home/vboxuser/ros2_ws/install/examples_rclcpp_cbg_executor/lib'
[4.898s] Level 1:colcon.colcon_core.environment:checking '/home/vboxuser/ros2_ws/install/examples_rclcpp_cbg_executor/bin'
[4.898s] Level 1:colcon.colcon_core.environment:checking '/home/vboxuser/ros2_ws/install/examples_rclcpp_cbg_executor/lib/pkgconfig/examples_rclcpp_cbg_executor.pc'
[4.898s] Level 1:colcon.colcon_core.environment:checking '/home/vboxuser/ros2_ws/install/examples_rclcpp_cbg_executor/lib/python3.10/site-packages'
[4.898s] Level 1:colcon.colcon_core.environment:checking '/home/vboxuser/ros2_ws/install/examples_rclcpp_cbg_executor/bin'
[4.899s] INFO:colcon.colcon_core.shell:Creating package script '/home/vboxuser/ros2_ws/install/examples_rclcpp_cbg_executor/share/examples_rclcpp_cbg_executor/package.ps1'
[4.900s] INFO:colcon.colcon_core.shell:Creating package descriptor '/home/vboxuser/ros2_ws/install/examples_rclcpp_cbg_executor/share/examples_rclcpp_cbg_executor/package.dsv'
[4.927s] INFO:colcon.colcon_core.shell:Creating package script '/home/vboxuser/ros2_ws/install/examples_rclcpp_cbg_executor/share/examples_rclcpp_cbg_executor/package.sh'
[4.929s] INFO:colcon.colcon_core.shell:Creating package script '/home/vboxuser/ros2_ws/install/examples_rclcpp_cbg_executor/share/examples_rclcpp_cbg_executor/package.bash'
[4.939s] INFO:colcon.colcon_core.shell:Creating package script '/home/vboxuser/ros2_ws/install/examples_rclcpp_cbg_executor/share/examples_rclcpp_cbg_executor/package.zsh'
[4.956s] Level 1:colcon.colcon_core.environment:create_file_with_runtime_dependencies(/home/vboxuser/ros2_ws/install/examples_rclcpp_cbg_executor/share/colcon-core/packages/examples_rclcpp_cbg_executor)
[4.960s] INFO:colcon.colcon_ros.task.ament_cmake.build:Building ROS package in '/home/vboxuser/ros2_ws/src/examples/rclcpp/services/minimal_client' with build type 'ament_cmake'
[4.960s] INFO:colcon.colcon_cmake.task.cmake.build:Building CMake package in '/home/vboxuser/ros2_ws/src/examples/rclcpp/services/minimal_client'
[4.961s] INFO:colcon.colcon_core.shell:Skip shell extension 'powershell' for command environment: Not usable outside of PowerShell
[4.961s] DEBUG:colcon.colcon_core.shell:Skip shell extension 'dsv' for command environment
[5.309s] DEBUG:colcon.colcon_core.event_handler.log_command:Invoking command in '/home/vboxuser/ros2_ws/build/examples_rclcpp_minimal_client': CMAKE_PREFIX_PATH=${CMAKE_PREFIX_PATH}:/home/vboxuser/ros2_ws/install/read_rosbag:/home/vboxuser/ros2_ws/install/py_pubsub:/home/vboxuser/ros2_ws/install/launch_testing_examples:/home/vboxuser/ros2_ws/install/examples_rclpy_pointcloud_publisher:/home/vboxuser/ros2_ws/install/examples_rclpy_minimal_subscriber:/home/vboxuser/ros2_ws/install/examples_rclpy_minimal_service:/home/vboxuser/ros2_ws/install/examples_rclpy_minimal_publisher:/home/vboxuser/ros2_ws/install/examples_rclpy_minimal_client:/home/vboxuser/ros2_ws/install/examples_rclpy_minimal_action_server:/home/vboxuser/ros2_ws/install/examples_rclpy_minimal_action_client:/home/vboxuser/ros2_ws/install/examples_rclpy_guard_conditions:/home/vboxuser/ros2_ws/install/examples_rclpy_executors:/home/vboxuser/ros2_ws/install/bms_visualizer:/opt/ros/iron:/home/vboxuser/ros2_iron/install/rqt_bag_plugins:/home/vboxuser/ros2_iron/install/rqt_bag:/home/vboxuser/ros2_iron/install/rosbag2_examples_py:/home/vboxuser/ros2_iron/install/launch_testing_examples:/home/vboxuser/ros2_iron/install/ros2bag:/home/vboxuser/ros2_iron/install/tracetools_test:/home/vboxuser/ros2_iron/install/tracetools_launch:/home/vboxuser/ros2_iron/install/topic_monitor:/home/vboxuser/ros2_iron/install/tf2_tools:/home/vboxuser/ros2_iron/install/examples_tf2_py:/home/vboxuser/ros2_iron/install/tf2_ros_py:/home/vboxuser/ros2_iron/install/examples_rclpy_pointcloud_publisher:/home/vboxuser/ros2_iron/install/sensor_msgs_py:/home/vboxuser/ros2_iron/install/quality_of_service_demo_py:/home/vboxuser/ros2_iron/install/rqt_plot:/home/vboxuser/ros2_iron/install/ros2doctor:/home/vboxuser/ros2_iron/install/lifecycle_py:/home/vboxuser/ros2_iron/install/examples_rclpy_minimal_subscriber:/home/vboxuser/ros2_iron/install/examples_rclpy_minimal_service:/home/vboxuser/ros2_iron/install/examples_rclpy_minimal_publisher:/home/vboxuser/ros2_iron/install/examples_rclpy_minimal_client:/home/vboxuser/ros2_iron/install/examples_rclpy_executors:/home/vboxuser/ros2_iron/install/demo_nodes_py:/home/vboxuser/ros2_iron/install/rqt:/home/vboxuser/ros2_iron/install/ros2component:/home/vboxuser/ros2_iron/install/sros2:/home/vboxuser/ros2_iron/install/rqt_topic:/home/vboxuser/ros2_iron/install/rqt_srv:/home/vboxuser/ros2_iron/install/rqt_shell:/home/vboxuser/ros2_iron/install/rqt_service_caller:/home/vboxuser/ros2_iron/install/rqt_reconfigure:/home/vboxuser/ros2_iron/install/rqt_py_console:/home/vboxuser/ros2_iron/install/rqt_publisher:/home/vboxuser/ros2_iron/install/rqt_action:/home/vboxuser/ros2_iron/install/rqt_msg:/home/vboxuser/ros2_iron/install/rqt_console:/home/vboxuser/ros2_iron/install/rqt_graph:/home/vboxuser/ros2_iron/install/rqt_gui_py:/home/vboxuser/ros2_iron/install/rqt_gui:/home/vboxuser/ros2_iron/install/ros2trace:/home/vboxuser/ros2_iron/install/ros2topic:/home/vboxuser/ros2_iron/install/ros2test:/home/vboxuser/ros2_iron/install/ros2param:/home/vboxuser/ros2_iron/install/ros2lifecycle:/home/vboxuser/ros2_iron/install/ros2service:/home/vboxuser/ros2_iron/install/ros2run:/home/vboxuser/ros2_iron/install/ros2launch:/home/vboxuser/ros2_iron/install/ros2pkg:/home/vboxuser/ros2_iron/install/ros2node:/home/vboxuser/ros2_iron/install/ros2multicast:/home/vboxuser/ros2_iron/install/ros2interface:/home/vboxuser/ros2_iron/install/ros2action:/home/vboxuser/ros2_iron/install/ros2cli:/home/vboxuser/ros2_iron/install/launch_testing_ros:/home/vboxuser/ros2_iron/install/launch_ros:/home/vboxuser/ros2_iron/install/examples_rclpy_minimal_action_server:/home/vboxuser/ros2_iron/install/examples_rclpy_minimal_action_client:/home/vboxuser/ros2_iron/install/examples_rclpy_guard_conditions:/home/vboxuser/ros2_iron/install/action_tutorials_py:/home/vboxuser/ros2_iron/install/ament_uncrustify:/home/vboxuser/ros2_iron/install/tracetools_trace:/home/vboxuser/ros2_iron/install/tracetools_read:/home/vboxuser/ros2_iron/install/test_tracetools_launch:/home/vboxuser/ros2_iron/install/test_ros2trace:/home/vboxuser/ros2_iron/install/test_launch_ros:/home/vboxuser/ros2_iron/install/rpyutils:/home/vboxuser/ros2_iron/install/rosidl_runtime_py:/home/vboxuser/ros2_iron/install/rosidl_pycommon:/home/vboxuser/ros2_iron/install/rosidl_cli:/home/vboxuser/ros2_iron/install/launch_pytest:/home/vboxuser/ros2_iron/install/launch_testing:/home/vboxuser/ros2_iron/install/launch_yaml:/home/vboxuser/ros2_iron/install/launch_xml:/home/vboxuser/ros2_iron/install/launch:/home/vboxuser/ros2_iron/install/osrf_pycommon:/home/vboxuser/ros2_iron/install/domain_coordinator:/home/vboxuser/ros2_iron/install/ament_xmllint:/home/vboxuser/ros2_iron/install/ament_pyflakes:/home/vboxuser/ros2_iron/install/ament_pycodestyle:/home/vboxuser/ros2_iron/install/ament_pep257:/home/vboxuser/ros2_iron/install/ament_pclint:/home/vboxuser/ros2_iron/install/ament_package:/home/vboxuser/ros2_iron/install/ament_mypy:/home/vboxuser/ros2_iron/install/ament_lint_cmake:/home/vboxuser/ros2_iron/install/ament_flake8:/home/vboxuser/ros2_iron/install/ament_copyright:/home/vboxuser/ros2_iron/install/ament_lint:/home/vboxuser/ros2_iron/install/ament_index_python:/home/vboxuser/ros2_iron/install/ament_cpplint:/home/vboxuser/ros2_iron/install/ament_cppcheck:/home/vboxuser/ros2_iron/install/ament_clang_tidy:/home/vboxuser/ros2_iron/install/ament_clang_format /usr/bin/cmake --build /home/vboxuser/ros2_ws/build/examples_rclcpp_minimal_client -- -j4 -l4
[5.410s] DEBUG:colcon.colcon_core.event_handler.log_command:Invoked command in '/home/vboxuser/ros2_ws/build/examples_rclcpp_minimal_action_client' returned '0': CMAKE_PREFIX_PATH=${CMAKE_PREFIX_PATH}:/home/vboxuser/ros2_ws/install/read_rosbag:/home/vboxuser/ros2_ws/install/py_pubsub:/home/vboxuser/ros2_ws/install/launch_testing_examples:/home/vboxuser/ros2_ws/install/examples_rclpy_pointcloud_publisher:/home/vboxuser/ros2_ws/install/examples_rclpy_minimal_subscriber:/home/vboxuser/ros2_ws/install/examples_rclpy_minimal_service:/home/vboxuser/ros2_ws/install/examples_rclpy_minimal_publisher:/home/vboxuser/ros2_ws/install/examples_rclpy_minimal_client:/home/vboxuser/ros2_ws/install/examples_rclpy_minimal_action_server:/home/vboxuser/ros2_ws/install/examples_rclpy_minimal_action_client:/home/vboxuser/ros2_ws/install/examples_rclpy_guard_conditions:/home/vboxuser/ros2_ws/install/examples_rclpy_executors:/home/vboxuser/ros2_ws/install/bms_visualizer:/opt/ros/iron:/home/vboxuser/ros2_iron/install/rqt_bag_plugins:/home/vboxuser/ros2_iron/install/rqt_bag:/home/vboxuser/ros2_iron/install/rosbag2_examples_py:/home/vboxuser/ros2_iron/install/launch_testing_examples:/home/vboxuser/ros2_iron/install/ros2bag:/home/vboxuser/ros2_iron/install/tracetools_test:/home/vboxuser/ros2_iron/install/tracetools_launch:/home/vboxuser/ros2_iron/install/topic_monitor:/home/vboxuser/ros2_iron/install/tf2_tools:/home/vboxuser/ros2_iron/install/examples_tf2_py:/home/vboxuser/ros2_iron/install/tf2_ros_py:/home/vboxuser/ros2_iron/install/examples_rclpy_pointcloud_publisher:/home/vboxuser/ros2_iron/install/sensor_msgs_py:/home/vboxuser/ros2_iron/install/quality_of_service_demo_py:/home/vboxuser/ros2_iron/install/rqt_plot:/home/vboxuser/ros2_iron/install/ros2doctor:/home/vboxuser/ros2_iron/install/lifecycle_py:/home/vboxuser/ros2_iron/install/examples_rclpy_minimal_subscriber:/home/vboxuser/ros2_iron/install/examples_rclpy_minimal_service:/home/vboxuser/ros2_iron/install/examples_rclpy_minimal_publisher:/home/vboxuser/ros2_iron/install/examples_rclpy_minimal_client:/home/vboxuser/ros2_iron/install/examples_rclpy_executors:/home/vboxuser/ros2_iron/install/demo_nodes_py:/home/vboxuser/ros2_iron/install/rqt:/home/vboxuser/ros2_iron/install/ros2component:/home/vboxuser/ros2_iron/install/sros2:/home/vboxuser/ros2_iron/install/rqt_topic:/home/vboxuser/ros2_iron/install/rqt_srv:/home/vboxuser/ros2_iron/install/rqt_shell:/home/vboxuser/ros2_iron/install/rqt_service_caller:/home/vboxuser/ros2_iron/install/rqt_reconfigure:/home/vboxuser/ros2_iron/install/rqt_py_console:/home/vboxuser/ros2_iron/install/rqt_publisher:/home/vboxuser/ros2_iron/install/rqt_action:/home/vboxuser/ros2_iron/install/rqt_msg:/home/vboxuser/ros2_iron/install/rqt_console:/home/vboxuser/ros2_iron/install/rqt_graph:/home/vboxuser/ros2_iron/install/rqt_gui_py:/home/vboxuser/ros2_iron/install/rqt_gui:/home/vboxuser/ros2_iron/install/ros2trace:/home/vboxuser/ros2_iron/install/ros2topic:/home/vboxuser/ros2_iron/install/ros2test:/home/vboxuser/ros2_iron/install/ros2param:/home/vboxuser/ros2_iron/install/ros2lifecycle:/home/vboxuser/ros2_iron/install/ros2service:/home/vboxuser/ros2_iron/install/ros2run:/home/vboxuser/ros2_iron/install/ros2launch:/home/vboxuser/ros2_iron/install/ros2pkg:/home/vboxuser/ros2_iron/install/ros2node:/home/vboxuser/ros2_iron/install/ros2multicast:/home/vboxuser/ros2_iron/install/ros2interface:/home/vboxuser/ros2_iron/install/ros2action:/home/vboxuser/ros2_iron/install/ros2cli:/home/vboxuser/ros2_iron/install/launch_testing_ros:/home/vboxuser/ros2_iron/install/launch_ros:/home/vboxuser/ros2_iron/install/examples_rclpy_minimal_action_server:/home/vboxuser/ros2_iron/install/examples_rclpy_minimal_action_client:/home/vboxuser/ros2_iron/install/examples_rclpy_guard_conditions:/home/vboxuser/ros2_iron/install/action_tutorials_py:/home/vboxuser/ros2_iron/install/ament_uncrustify:/home/vboxuser/ros2_iron/install/tracetools_trace:/home/vboxuser/ros2_iron/install/tracetools_read:/home/vboxuser/ros2_iron/install/test_tracetools_launch:/home/vboxuser/ros2_iron/install/test_ros2trace:/home/vboxuser/ros2_iron/install/test_launch_ros:/home/vboxuser/ros2_iron/install/rpyutils:/home/vboxuser/ros2_iron/install/rosidl_runtime_py:/home/vboxuser/ros2_iron/install/rosidl_pycommon:/home/vboxuser/ros2_iron/install/rosidl_cli:/home/vboxuser/ros2_iron/install/launch_pytest:/home/vboxuser/ros2_iron/install/launch_testing:/home/vboxuser/ros2_iron/install/launch_yaml:/home/vboxuser/ros2_iron/install/launch_xml:/home/vboxuser/ros2_iron/install/launch:/home/vboxuser/ros2_iron/install/osrf_pycommon:/home/vboxuser/ros2_iron/install/domain_coordinator:/home/vboxuser/ros2_iron/install/ament_xmllint:/home/vboxuser/ros2_iron/install/ament_pyflakes:/home/vboxuser/ros2_iron/install/ament_pycodestyle:/home/vboxuser/ros2_iron/install/ament_pep257:/home/vboxuser/ros2_iron/install/ament_pclint:/home/vboxuser/ros2_iron/install/ament_package:/home/vboxuser/ros2_iron/install/ament_mypy:/home/vboxuser/ros2_iron/install/ament_lint_cmake:/home/vboxuser/ros2_iron/install/ament_flake8:/home/vboxuser/ros2_iron/install/ament_copyright:/home/vboxuser/ros2_iron/install/ament_lint:/home/vboxuser/ros2_iron/install/ament_index_python:/home/vboxuser/ros2_iron/install/ament_cpplint:/home/vboxuser/ros2_iron/install/ament_cppcheck:/home/vboxuser/ros2_iron/install/ament_clang_tidy:/home/vboxuser/ros2_iron/install/ament_clang_format /usr/bin/cmake --build /home/vboxuser/ros2_ws/build/examples_rclcpp_minimal_action_client -- -j4 -l4
[5.427s] DEBUG:colcon.colcon_core.event_handler.log_command:Invoking command in '/home/vboxuser/ros2_ws/build/examples_rclcpp_minimal_action_client': CMAKE_PREFIX_PATH=${CMAKE_PREFIX_PATH}:/home/vboxuser/ros2_ws/install/read_rosbag:/home/vboxuser/ros2_ws/install/py_pubsub:/home/vboxuser/ros2_ws/install/launch_testing_examples:/home/vboxuser/ros2_ws/install/examples_rclpy_pointcloud_publisher:/home/vboxuser/ros2_ws/install/examples_rclpy_minimal_subscriber:/home/vboxuser/ros2_ws/install/examples_rclpy_minimal_service:/home/vboxuser/ros2_ws/install/examples_rclpy_minimal_publisher:/home/vboxuser/ros2_ws/install/examples_rclpy_minimal_client:/home/vboxuser/ros2_ws/install/examples_rclpy_minimal_action_server:/home/vboxuser/ros2_ws/install/examples_rclpy_minimal_action_client:/home/vboxuser/ros2_ws/install/examples_rclpy_guard_conditions:/home/vboxuser/ros2_ws/install/examples_rclpy_executors:/home/vboxuser/ros2_ws/install/bms_visualizer:/opt/ros/iron:/home/vboxuser/ros2_iron/install/rqt_bag_plugins:/home/vboxuser/ros2_iron/install/rqt_bag:/home/vboxuser/ros2_iron/install/rosbag2_examples_py:/home/vboxuser/ros2_iron/install/launch_testing_examples:/home/vboxuser/ros2_iron/install/ros2bag:/home/vboxuser/ros2_iron/install/tracetools_test:/home/vboxuser/ros2_iron/install/tracetools_launch:/home/vboxuser/ros2_iron/install/topic_monitor:/home/vboxuser/ros2_iron/install/tf2_tools:/home/vboxuser/ros2_iron/install/examples_tf2_py:/home/vboxuser/ros2_iron/install/tf2_ros_py:/home/vboxuser/ros2_iron/install/examples_rclpy_pointcloud_publisher:/home/vboxuser/ros2_iron/install/sensor_msgs_py:/home/vboxuser/ros2_iron/install/quality_of_service_demo_py:/home/vboxuser/ros2_iron/install/rqt_plot:/home/vboxuser/ros2_iron/install/ros2doctor:/home/vboxuser/ros2_iron/install/lifecycle_py:/home/vboxuser/ros2_iron/install/examples_rclpy_minimal_subscriber:/home/vboxuser/ros2_iron/install/examples_rclpy_minimal_service:/home/vboxuser/ros2_iron/install/examples_rclpy_minimal_publisher:/home/vboxuser/ros2_iron/install/examples_rclpy_minimal_client:/home/vboxuser/ros2_iron/install/examples_rclpy_executors:/home/vboxuser/ros2_iron/install/demo_nodes_py:/home/vboxuser/ros2_iron/install/rqt:/home/vboxuser/ros2_iron/install/ros2component:/home/vboxuser/ros2_iron/install/sros2:/home/vboxuser/ros2_iron/install/rqt_topic:/home/vboxuser/ros2_iron/install/rqt_srv:/home/vboxuser/ros2_iron/install/rqt_shell:/home/vboxuser/ros2_iron/install/rqt_service_caller:/home/vboxuser/ros2_iron/install/rqt_reconfigure:/home/vboxuser/ros2_iron/install/rqt_py_console:/home/vboxuser/ros2_iron/install/rqt_publisher:/home/vboxuser/ros2_iron/install/rqt_action:/home/vboxuser/ros2_iron/install/rqt_msg:/home/vboxuser/ros2_iron/install/rqt_console:/home/vboxuser/ros2_iron/install/rqt_graph:/home/vboxuser/ros2_iron/install/rqt_gui_py:/home/vboxuser/ros2_iron/install/rqt_gui:/home/vboxuser/ros2_iron/install/ros2trace:/home/vboxuser/ros2_iron/install/ros2topic:/home/vboxuser/ros2_iron/install/ros2test:/home/vboxuser/ros2_iron/install/ros2param:/home/vboxuser/ros2_iron/install/ros2lifecycle:/home/vboxuser/ros2_iron/install/ros2service:/home/vboxuser/ros2_iron/install/ros2run:/home/vboxuser/ros2_iron/install/ros2launch:/home/vboxuser/ros2_iron/install/ros2pkg:/home/vboxuser/ros2_iron/install/ros2node:/home/vboxuser/ros2_iron/install/ros2multicast:/home/vboxuser/ros2_iron/install/ros2interface:/home/vboxuser/ros2_iron/install/ros2action:/home/vboxuser/ros2_iron/install/ros2cli:/home/vboxuser/ros2_iron/install/launch_testing_ros:/home/vboxuser/ros2_iron/install/launch_ros:/home/vboxuser/ros2_iron/install/examples_rclpy_minimal_action_server:/home/vboxuser/ros2_iron/install/examples_rclpy_minimal_action_client:/home/vboxuser/ros2_iron/install/examples_rclpy_guard_conditions:/home/vboxuser/ros2_iron/install/action_tutorials_py:/home/vboxuser/ros2_iron/install/ament_uncrustify:/home/vboxuser/ros2_iron/install/tracetools_trace:/home/vboxuser/ros2_iron/install/tracetools_read:/home/vboxuser/ros2_iron/install/test_tracetools_launch:/home/vboxuser/ros2_iron/install/test_ros2trace:/home/vboxuser/ros2_iron/install/test_launch_ros:/home/vboxuser/ros2_iron/install/rpyutils:/home/vboxuser/ros2_iron/install/rosidl_runtime_py:/home/vboxuser/ros2_iron/install/rosidl_pycommon:/home/vboxuser/ros2_iron/install/rosidl_cli:/home/vboxuser/ros2_iron/install/launch_pytest:/home/vboxuser/ros2_iron/install/launch_testing:/home/vboxuser/ros2_iron/install/launch_yaml:/home/vboxuser/ros2_iron/install/launch_xml:/home/vboxuser/ros2_iron/install/launch:/home/vboxuser/ros2_iron/install/osrf_pycommon:/home/vboxuser/ros2_iron/install/domain_coordinator:/home/vboxuser/ros2_iron/install/ament_xmllint:/home/vboxuser/ros2_iron/install/ament_pyflakes:/home/vboxuser/ros2_iron/install/ament_pycodestyle:/home/vboxuser/ros2_iron/install/ament_pep257:/home/vboxuser/ros2_iron/install/ament_pclint:/home/vboxuser/ros2_iron/install/ament_package:/home/vboxuser/ros2_iron/install/ament_mypy:/home/vboxuser/ros2_iron/install/ament_lint_cmake:/home/vboxuser/ros2_iron/install/ament_flake8:/home/vboxuser/ros2_iron/install/ament_copyright:/home/vboxuser/ros2_iron/install/ament_lint:/home/vboxuser/ros2_iron/install/ament_index_python:/home/vboxuser/ros2_iron/install/ament_cpplint:/home/vboxuser/ros2_iron/install/ament_cppcheck:/home/vboxuser/ros2_iron/install/ament_clang_tidy:/home/vboxuser/ros2_iron/install/ament_clang_format /usr/bin/cmake --install /home/vboxuser/ros2_ws/build/examples_rclcpp_minimal_action_client
[5.629s] Level 1:colcon.colcon_core.environment:create_environment_scripts_only(examples_rclcpp_minimal_action_client)
[5.629s] Level 1:colcon.colcon_core.environment:checking '/home/vboxuser/ros2_ws/install/examples_rclcpp_minimal_action_client' for CMake module files
[5.633s] Level 1:colcon.colcon_core.environment:checking '/home/vboxuser/ros2_ws/install/examples_rclcpp_minimal_action_client' for CMake config files
[5.633s] Level 1:colcon.colcon_core.shell:create_environment_hook('examples_rclcpp_minimal_action_client', 'cmake_prefix_path')
[5.632s] DEBUG:colcon.colcon_core.event_handler.log_command:Invoked command in '/home/vboxuser/ros2_ws/build/examples_rclcpp_minimal_action_client' returned '0': CMAKE_PREFIX_PATH=${CMAKE_PREFIX_PATH}:/home/vboxuser/ros2_ws/install/read_rosbag:/home/vboxuser/ros2_ws/install/py_pubsub:/home/vboxuser/ros2_ws/install/launch_testing_examples:/home/vboxuser/ros2_ws/install/examples_rclpy_pointcloud_publisher:/home/vboxuser/ros2_ws/install/examples_rclpy_minimal_subscriber:/home/vboxuser/ros2_ws/install/examples_rclpy_minimal_service:/home/vboxuser/ros2_ws/install/examples_rclpy_minimal_publisher:/home/vboxuser/ros2_ws/install/examples_rclpy_minimal_client:/home/vboxuser/ros2_ws/install/examples_rclpy_minimal_action_server:/home/vboxuser/ros2_ws/install/examples_rclpy_minimal_action_client:/home/vboxuser/ros2_ws/install/examples_rclpy_guard_conditions:/home/vboxuser/ros2_ws/install/examples_rclpy_executors:/home/vboxuser/ros2_ws/install/bms_visualizer:/opt/ros/iron:/home/vboxuser/ros2_iron/install/rqt_bag_plugins:/home/vboxuser/ros2_iron/install/rqt_bag:/home/vboxuser/ros2_iron/install/rosbag2_examples_py:/home/vboxuser/ros2_iron/install/launch_testing_examples:/home/vboxuser/ros2_iron/install/ros2bag:/home/vboxuser/ros2_iron/install/tracetools_test:/home/vboxuser/ros2_iron/install/tracetools_launch:/home/vboxuser/ros2_iron/install/topic_monitor:/home/vboxuser/ros2_iron/install/tf2_tools:/home/vboxuser/ros2_iron/install/examples_tf2_py:/home/vboxuser/ros2_iron/install/tf2_ros_py:/home/vboxuser/ros2_iron/install/examples_rclpy_pointcloud_publisher:/home/vboxuser/ros2_iron/install/sensor_msgs_py:/home/vboxuser/ros2_iron/install/quality_of_service_demo_py:/home/vboxuser/ros2_iron/install/rqt_plot:/home/vboxuser/ros2_iron/install/ros2doctor:/home/vboxuser/ros2_iron/install/lifecycle_py:/home/vboxuser/ros2_iron/install/examples_rclpy_minimal_subscriber:/home/vboxuser/ros2_iron/install/examples_rclpy_minimal_service:/home/vboxuser/ros2_iron/install/examples_rclpy_minimal_publisher:/home/vboxuser/ros2_iron/install/examples_rclpy_minimal_client:/home/vboxuser/ros2_iron/install/examples_rclpy_executors:/home/vboxuser/ros2_iron/install/demo_nodes_py:/home/vboxuser/ros2_iron/install/rqt:/home/vboxuser/ros2_iron/install/ros2component:/home/vboxuser/ros2_iron/install/sros2:/home/vboxuser/ros2_iron/install/rqt_topic:/home/vboxuser/ros2_iron/install/rqt_srv:/home/vboxuser/ros2_iron/install/rqt_shell:/home/vboxuser/ros2_iron/install/rqt_service_caller:/home/vboxuser/ros2_iron/install/rqt_reconfigure:/home/vboxuser/ros2_iron/install/rqt_py_console:/home/vboxuser/ros2_iron/install/rqt_publisher:/home/vboxuser/ros2_iron/install/rqt_action:/home/vboxuser/ros2_iron/install/rqt_msg:/home/vboxuser/ros2_iron/install/rqt_console:/home/vboxuser/ros2_iron/install/rqt_graph:/home/vboxuser/ros2_iron/install/rqt_gui_py:/home/vboxuser/ros2_iron/install/rqt_gui:/home/vboxuser/ros2_iron/install/ros2trace:/home/vboxuser/ros2_iron/install/ros2topic:/home/vboxuser/ros2_iron/install/ros2test:/home/vboxuser/ros2_iron/install/ros2param:/home/vboxuser/ros2_iron/install/ros2lifecycle:/home/vboxuser/ros2_iron/install/ros2service:/home/vboxuser/ros2_iron/install/ros2run:/home/vboxuser/ros2_iron/install/ros2launch:/home/vboxuser/ros2_iron/install/ros2pkg:/home/vboxuser/ros2_iron/install/ros2node:/home/vboxuser/ros2_iron/install/ros2multicast:/home/vboxuser/ros2_iron/install/ros2interface:/home/vboxuser/ros2_iron/install/ros2action:/home/vboxuser/ros2_iron/install/ros2cli:/home/vboxuser/ros2_iron/install/launch_testing_ros:/home/vboxuser/ros2_iron/install/launch_ros:/home/vboxuser/ros2_iron/install/examples_rclpy_minimal_action_server:/home/vboxuser/ros2_iron/install/examples_rclpy_minimal_action_client:/home/vboxuser/ros2_iron/install/examples_rclpy_guard_conditions:/home/vboxuser/ros2_iron/install/action_tutorials_py:/home/vboxuser/ros2_iron/install/ament_uncrustify:/home/vboxuser/ros2_iron/install/tracetools_trace:/home/vboxuser/ros2_iron/install/tracetools_read:/home/vboxuser/ros2_iron/install/test_tracetools_launch:/home/vboxuser/ros2_iron/install/test_ros2trace:/home/vboxuser/ros2_iron/install/test_launch_ros:/home/vboxuser/ros2_iron/install/rpyutils:/home/vboxuser/ros2_iron/install/rosidl_runtime_py:/home/vboxuser/ros2_iron/install/rosidl_pycommon:/home/vboxuser/ros2_iron/install/rosidl_cli:/home/vboxuser/ros2_iron/install/launch_pytest:/home/vboxuser/ros2_iron/install/launch_testing:/home/vboxuser/ros2_iron/install/launch_yaml:/home/vboxuser/ros2_iron/install/launch_xml:/home/vboxuser/ros2_iron/install/launch:/home/vboxuser/ros2_iron/install/osrf_pycommon:/home/vboxuser/ros2_iron/install/domain_coordinator:/home/vboxuser/ros2_iron/install/ament_xmllint:/home/vboxuser/ros2_iron/install/ament_pyflakes:/home/vboxuser/ros2_iron/install/ament_pycodestyle:/home/vboxuser/ros2_iron/install/ament_pep257:/home/vboxuser/ros2_iron/install/ament_pclint:/home/vboxuser/ros2_iron/install/ament_package:/home/vboxuser/ros2_iron/install/ament_mypy:/home/vboxuser/ros2_iron/install/ament_lint_cmake:/home/vboxuser/ros2_iron/install/ament_flake8:/home/vboxuser/ros2_iron/install/ament_copyright:/home/vboxuser/ros2_iron/install/ament_lint:/home/vboxuser/ros2_iron/install/ament_index_python:/home/vboxuser/ros2_iron/install/ament_cpplint:/home/vboxuser/ros2_iron/install/ament_cppcheck:/home/vboxuser/ros2_iron/install/ament_clang_tidy:/home/vboxuser/ros2_iron/install/ament_clang_format /usr/bin/cmake --install /home/vboxuser/ros2_ws/build/examples_rclcpp_minimal_action_client
[5.645s] INFO:colcon.colcon_core.shell:Creating environment hook '/home/vboxuser/ros2_ws/install/examples_rclcpp_minimal_action_client/share/examples_rclcpp_minimal_action_client/hook/cmake_prefix_path.ps1'
[5.646s] INFO:colcon.colcon_core.shell:Creating environment descriptor '/home/vboxuser/ros2_ws/install/examples_rclcpp_minimal_action_client/share/examples_rclcpp_minimal_action_client/hook/cmake_prefix_path.dsv'
[5.651s] INFO:colcon.colcon_core.shell:Creating environment hook '/home/vboxuser/ros2_ws/install/examples_rclcpp_minimal_action_client/share/examples_rclcpp_minimal_action_client/hook/cmake_prefix_path.sh'
[5.663s] Level 1:colcon.colcon_core.environment:checking '/home/vboxuser/ros2_ws/install/examples_rclcpp_minimal_action_client/lib'
[5.663s] Level 1:colcon.colcon_core.environment:checking '/home/vboxuser/ros2_ws/install/examples_rclcpp_minimal_action_client/bin'
[5.663s] Level 1:colcon.colcon_core.environment:checking '/home/vboxuser/ros2_ws/install/examples_rclcpp_minimal_action_client/lib/pkgconfig/examples_rclcpp_minimal_action_client.pc'
[5.663s] Level 1:colcon.colcon_core.environment:checking '/home/vboxuser/ros2_ws/install/examples_rclcpp_minimal_action_client/lib/python3.10/site-packages'
[5.664s] Level 1:colcon.colcon_core.environment:checking '/home/vboxuser/ros2_ws/install/examples_rclcpp_minimal_action_client/bin'
[5.664s] INFO:colcon.colcon_core.shell:Creating package script '/home/vboxuser/ros2_ws/install/examples_rclcpp_minimal_action_client/share/examples_rclcpp_minimal_action_client/package.ps1'
[5.665s] INFO:colcon.colcon_core.shell:Creating package descriptor '/home/vboxuser/ros2_ws/install/examples_rclcpp_minimal_action_client/share/examples_rclcpp_minimal_action_client/package.dsv'
[5.666s] INFO:colcon.colcon_core.shell:Creating package script '/home/vboxuser/ros2_ws/install/examples_rclcpp_minimal_action_client/share/examples_rclcpp_minimal_action_client/package.sh'
[5.667s] INFO:colcon.colcon_core.shell:Creating package script '/home/vboxuser/ros2_ws/install/examples_rclcpp_minimal_action_client/share/examples_rclcpp_minimal_action_client/package.bash'
[5.668s] INFO:colcon.colcon_core.shell:Creating package script '/home/vboxuser/ros2_ws/install/examples_rclcpp_minimal_action_client/share/examples_rclcpp_minimal_action_client/package.zsh'
[5.669s] Level 1:colcon.colcon_core.environment:create_file_with_runtime_dependencies(/home/vboxuser/ros2_ws/install/examples_rclcpp_minimal_action_client/share/colcon-core/packages/examples_rclcpp_minimal_action_client)
[5.670s] Level 1:colcon.colcon_core.environment:create_environment_scripts_only(examples_rclcpp_minimal_action_client)
[5.671s] Level 1:colcon.colcon_core.environment:checking '/home/vboxuser/ros2_ws/install/examples_rclcpp_minimal_action_client' for CMake module files
[5.671s] Level 1:colcon.colcon_core.environment:checking '/home/vboxuser/ros2_ws/install/examples_rclcpp_minimal_action_client' for CMake config files
[5.672s] Level 1:colcon.colcon_core.shell:create_environment_hook('examples_rclcpp_minimal_action_client', 'cmake_prefix_path')
[5.672s] INFO:colcon.colcon_core.shell:Creating environment hook '/home/vboxuser/ros2_ws/install/examples_rclcpp_minimal_action_client/share/examples_rclcpp_minimal_action_client/hook/cmake_prefix_path.ps1'
[5.673s] INFO:colcon.colcon_core.shell:Creating environment descriptor '/home/vboxuser/ros2_ws/install/examples_rclcpp_minimal_action_client/share/examples_rclcpp_minimal_action_client/hook/cmake_prefix_path.dsv'
[5.674s] INFO:colcon.colcon_core.shell:Creating environment hook '/home/vboxuser/ros2_ws/install/examples_rclcpp_minimal_action_client/share/examples_rclcpp_minimal_action_client/hook/cmake_prefix_path.sh'
[5.675s] Level 1:colcon.colcon_core.environment:checking '/home/vboxuser/ros2_ws/install/examples_rclcpp_minimal_action_client/lib'
[5.676s] Level 1:colcon.colcon_core.environment:checking '/home/vboxuser/ros2_ws/install/examples_rclcpp_minimal_action_client/bin'
[5.676s] Level 1:colcon.colcon_core.environment:checking '/home/vboxuser/ros2_ws/install/examples_rclcpp_minimal_action_client/lib/pkgconfig/examples_rclcpp_minimal_action_client.pc'
[5.676s] Level 1:colcon.colcon_core.environment:checking '/home/vboxuser/ros2_ws/install/examples_rclcpp_minimal_action_client/lib/python3.10/site-packages'
[5.676s] Level 1:colcon.colcon_core.environment:checking '/home/vboxuser/ros2_ws/install/examples_rclcpp_minimal_action_client/bin'
[5.677s] INFO:colcon.colcon_core.shell:Creating package script '/home/vboxuser/ros2_ws/install/examples_rclcpp_minimal_action_client/share/examples_rclcpp_minimal_action_client/package.ps1'
[5.678s] INFO:colcon.colcon_core.shell:Creating package descriptor '/home/vboxuser/ros2_ws/install/examples_rclcpp_minimal_action_client/share/examples_rclcpp_minimal_action_client/package.dsv'
[5.693s] INFO:colcon.colcon_core.shell:Creating package script '/home/vboxuser/ros2_ws/install/examples_rclcpp_minimal_action_client/share/examples_rclcpp_minimal_action_client/package.sh'
[5.695s] INFO:colcon.colcon_core.shell:Creating package script '/home/vboxuser/ros2_ws/install/examples_rclcpp_minimal_action_client/share/examples_rclcpp_minimal_action_client/package.bash'
[5.696s] INFO:colcon.colcon_core.shell:Creating package script '/home/vboxuser/ros2_ws/install/examples_rclcpp_minimal_action_client/share/examples_rclcpp_minimal_action_client/package.zsh'
[5.697s] Level 1:colcon.colcon_core.environment:create_file_with_runtime_dependencies(/home/vboxuser/ros2_ws/install/examples_rclcpp_minimal_action_client/share/colcon-core/packages/examples_rclcpp_minimal_action_client)
[5.706s] INFO:colcon.colcon_ros.task.ament_cmake.build:Building ROS package in '/home/vboxuser/ros2_ws/src/examples/rclcpp/composition/minimal_composition' with build type 'ament_cmake'
[5.715s] INFO:colcon.colcon_cmake.task.cmake.build:Building CMake package in '/home/vboxuser/ros2_ws/src/examples/rclcpp/composition/minimal_composition'
[5.716s] INFO:colcon.colcon_core.shell:Skip shell extension 'powershell' for command environment: Not usable outside of PowerShell
[5.716s] DEBUG:colcon.colcon_core.shell:Skip shell extension 'dsv' for command environment
[5.812s] DEBUG:colcon.colcon_core.event_handler.log_command:Invoked command in '/home/vboxuser/ros2_ws/build/examples_rclcpp_minimal_action_server' returned '0': CMAKE_PREFIX_PATH=${CMAKE_PREFIX_PATH}:/home/vboxuser/ros2_ws/install/read_rosbag:/home/vboxuser/ros2_ws/install/py_pubsub:/home/vboxuser/ros2_ws/install/launch_testing_examples:/home/vboxuser/ros2_ws/install/examples_rclpy_pointcloud_publisher:/home/vboxuser/ros2_ws/install/examples_rclpy_minimal_subscriber:/home/vboxuser/ros2_ws/install/examples_rclpy_minimal_service:/home/vboxuser/ros2_ws/install/examples_rclpy_minimal_publisher:/home/vboxuser/ros2_ws/install/examples_rclpy_minimal_client:/home/vboxuser/ros2_ws/install/examples_rclpy_minimal_action_server:/home/vboxuser/ros2_ws/install/examples_rclpy_minimal_action_client:/home/vboxuser/ros2_ws/install/examples_rclpy_guard_conditions:/home/vboxuser/ros2_ws/install/examples_rclpy_executors:/home/vboxuser/ros2_ws/install/bms_visualizer:/opt/ros/iron:/home/vboxuser/ros2_iron/install/rqt_bag_plugins:/home/vboxuser/ros2_iron/install/rqt_bag:/home/vboxuser/ros2_iron/install/rosbag2_examples_py:/home/vboxuser/ros2_iron/install/launch_testing_examples:/home/vboxuser/ros2_iron/install/ros2bag:/home/vboxuser/ros2_iron/install/tracetools_test:/home/vboxuser/ros2_iron/install/tracetools_launch:/home/vboxuser/ros2_iron/install/topic_monitor:/home/vboxuser/ros2_iron/install/tf2_tools:/home/vboxuser/ros2_iron/install/examples_tf2_py:/home/vboxuser/ros2_iron/install/tf2_ros_py:/home/vboxuser/ros2_iron/install/examples_rclpy_pointcloud_publisher:/home/vboxuser/ros2_iron/install/sensor_msgs_py:/home/vboxuser/ros2_iron/install/quality_of_service_demo_py:/home/vboxuser/ros2_iron/install/rqt_plot:/home/vboxuser/ros2_iron/install/ros2doctor:/home/vboxuser/ros2_iron/install/lifecycle_py:/home/vboxuser/ros2_iron/install/examples_rclpy_minimal_subscriber:/home/vboxuser/ros2_iron/install/examples_rclpy_minimal_service:/home/vboxuser/ros2_iron/install/examples_rclpy_minimal_publisher:/home/vboxuser/ros2_iron/install/examples_rclpy_minimal_client:/home/vboxuser/ros2_iron/install/examples_rclpy_executors:/home/vboxuser/ros2_iron/install/demo_nodes_py:/home/vboxuser/ros2_iron/install/rqt:/home/vboxuser/ros2_iron/install/ros2component:/home/vboxuser/ros2_iron/install/sros2:/home/vboxuser/ros2_iron/install/rqt_topic:/home/vboxuser/ros2_iron/install/rqt_srv:/home/vboxuser/ros2_iron/install/rqt_shell:/home/vboxuser/ros2_iron/install/rqt_service_caller:/home/vboxuser/ros2_iron/install/rqt_reconfigure:/home/vboxuser/ros2_iron/install/rqt_py_console:/home/vboxuser/ros2_iron/install/rqt_publisher:/home/vboxuser/ros2_iron/install/rqt_action:/home/vboxuser/ros2_iron/install/rqt_msg:/home/vboxuser/ros2_iron/install/rqt_console:/home/vboxuser/ros2_iron/install/rqt_graph:/home/vboxuser/ros2_iron/install/rqt_gui_py:/home/vboxuser/ros2_iron/install/rqt_gui:/home/vboxuser/ros2_iron/install/ros2trace:/home/vboxuser/ros2_iron/install/ros2topic:/home/vboxuser/ros2_iron/install/ros2test:/home/vboxuser/ros2_iron/install/ros2param:/home/vboxuser/ros2_iron/install/ros2lifecycle:/home/vboxuser/ros2_iron/install/ros2service:/home/vboxuser/ros2_iron/install/ros2run:/home/vboxuser/ros2_iron/install/ros2launch:/home/vboxuser/ros2_iron/install/ros2pkg:/home/vboxuser/ros2_iron/install/ros2node:/home/vboxuser/ros2_iron/install/ros2multicast:/home/vboxuser/ros2_iron/install/ros2interface:/home/vboxuser/ros2_iron/install/ros2action:/home/vboxuser/ros2_iron/install/ros2cli:/home/vboxuser/ros2_iron/install/launch_testing_ros:/home/vboxuser/ros2_iron/install/launch_ros:/home/vboxuser/ros2_iron/install/examples_rclpy_minimal_action_server:/home/vboxuser/ros2_iron/install/examples_rclpy_minimal_action_client:/home/vboxuser/ros2_iron/install/examples_rclpy_guard_conditions:/home/vboxuser/ros2_iron/install/action_tutorials_py:/home/vboxuser/ros2_iron/install/ament_uncrustify:/home/vboxuser/ros2_iron/install/tracetools_trace:/home/vboxuser/ros2_iron/install/tracetools_read:/home/vboxuser/ros2_iron/install/test_tracetools_launch:/home/vboxuser/ros2_iron/install/test_ros2trace:/home/vboxuser/ros2_iron/install/test_launch_ros:/home/vboxuser/ros2_iron/install/rpyutils:/home/vboxuser/ros2_iron/install/rosidl_runtime_py:/home/vboxuser/ros2_iron/install/rosidl_pycommon:/home/vboxuser/ros2_iron/install/rosidl_cli:/home/vboxuser/ros2_iron/install/launch_pytest:/home/vboxuser/ros2_iron/install/launch_testing:/home/vboxuser/ros2_iron/install/launch_yaml:/home/vboxuser/ros2_iron/install/launch_xml:/home/vboxuser/ros2_iron/install/launch:/home/vboxuser/ros2_iron/install/osrf_pycommon:/home/vboxuser/ros2_iron/install/domain_coordinator:/home/vboxuser/ros2_iron/install/ament_xmllint:/home/vboxuser/ros2_iron/install/ament_pyflakes:/home/vboxuser/ros2_iron/install/ament_pycodestyle:/home/vboxuser/ros2_iron/install/ament_pep257:/home/vboxuser/ros2_iron/install/ament_pclint:/home/vboxuser/ros2_iron/install/ament_package:/home/vboxuser/ros2_iron/install/ament_mypy:/home/vboxuser/ros2_iron/install/ament_lint_cmake:/home/vboxuser/ros2_iron/install/ament_flake8:/home/vboxuser/ros2_iron/install/ament_copyright:/home/vboxuser/ros2_iron/install/ament_lint:/home/vboxuser/ros2_iron/install/ament_index_python:/home/vboxuser/ros2_iron/install/ament_cpplint:/home/vboxuser/ros2_iron/install/ament_cppcheck:/home/vboxuser/ros2_iron/install/ament_clang_tidy:/home/vboxuser/ros2_iron/install/ament_clang_format /usr/bin/cmake --build /home/vboxuser/ros2_ws/build/examples_rclcpp_minimal_action_server -- -j4 -l4
[5.822s] DEBUG:colcon.colcon_core.event_handler.log_command:Invoking command in '/home/vboxuser/ros2_ws/build/examples_rclcpp_minimal_action_server': CMAKE_PREFIX_PATH=${CMAKE_PREFIX_PATH}:/home/vboxuser/ros2_ws/install/read_rosbag:/home/vboxuser/ros2_ws/install/py_pubsub:/home/vboxuser/ros2_ws/install/launch_testing_examples:/home/vboxuser/ros2_ws/install/examples_rclpy_pointcloud_publisher:/home/vboxuser/ros2_ws/install/examples_rclpy_minimal_subscriber:/home/vboxuser/ros2_ws/install/examples_rclpy_minimal_service:/home/vboxuser/ros2_ws/install/examples_rclpy_minimal_publisher:/home/vboxuser/ros2_ws/install/examples_rclpy_minimal_client:/home/vboxuser/ros2_ws/install/examples_rclpy_minimal_action_server:/home/vboxuser/ros2_ws/install/examples_rclpy_minimal_action_client:/home/vboxuser/ros2_ws/install/examples_rclpy_guard_conditions:/home/vboxuser/ros2_ws/install/examples_rclpy_executors:/home/vboxuser/ros2_ws/install/bms_visualizer:/opt/ros/iron:/home/vboxuser/ros2_iron/install/rqt_bag_plugins:/home/vboxuser/ros2_iron/install/rqt_bag:/home/vboxuser/ros2_iron/install/rosbag2_examples_py:/home/vboxuser/ros2_iron/install/launch_testing_examples:/home/vboxuser/ros2_iron/install/ros2bag:/home/vboxuser/ros2_iron/install/tracetools_test:/home/vboxuser/ros2_iron/install/tracetools_launch:/home/vboxuser/ros2_iron/install/topic_monitor:/home/vboxuser/ros2_iron/install/tf2_tools:/home/vboxuser/ros2_iron/install/examples_tf2_py:/home/vboxuser/ros2_iron/install/tf2_ros_py:/home/vboxuser/ros2_iron/install/examples_rclpy_pointcloud_publisher:/home/vboxuser/ros2_iron/install/sensor_msgs_py:/home/vboxuser/ros2_iron/install/quality_of_service_demo_py:/home/vboxuser/ros2_iron/install/rqt_plot:/home/vboxuser/ros2_iron/install/ros2doctor:/home/vboxuser/ros2_iron/install/lifecycle_py:/home/vboxuser/ros2_iron/install/examples_rclpy_minimal_subscriber:/home/vboxuser/ros2_iron/install/examples_rclpy_minimal_service:/home/vboxuser/ros2_iron/install/examples_rclpy_minimal_publisher:/home/vboxuser/ros2_iron/install/examples_rclpy_minimal_client:/home/vboxuser/ros2_iron/install/examples_rclpy_executors:/home/vboxuser/ros2_iron/install/demo_nodes_py:/home/vboxuser/ros2_iron/install/rqt:/home/vboxuser/ros2_iron/install/ros2component:/home/vboxuser/ros2_iron/install/sros2:/home/vboxuser/ros2_iron/install/rqt_topic:/home/vboxuser/ros2_iron/install/rqt_srv:/home/vboxuser/ros2_iron/install/rqt_shell:/home/vboxuser/ros2_iron/install/rqt_service_caller:/home/vboxuser/ros2_iron/install/rqt_reconfigure:/home/vboxuser/ros2_iron/install/rqt_py_console:/home/vboxuser/ros2_iron/install/rqt_publisher:/home/vboxuser/ros2_iron/install/rqt_action:/home/vboxuser/ros2_iron/install/rqt_msg:/home/vboxuser/ros2_iron/install/rqt_console:/home/vboxuser/ros2_iron/install/rqt_graph:/home/vboxuser/ros2_iron/install/rqt_gui_py:/home/vboxuser/ros2_iron/install/rqt_gui:/home/vboxuser/ros2_iron/install/ros2trace:/home/vboxuser/ros2_iron/install/ros2topic:/home/vboxuser/ros2_iron/install/ros2test:/home/vboxuser/ros2_iron/install/ros2param:/home/vboxuser/ros2_iron/install/ros2lifecycle:/home/vboxuser/ros2_iron/install/ros2service:/home/vboxuser/ros2_iron/install/ros2run:/home/vboxuser/ros2_iron/install/ros2launch:/home/vboxuser/ros2_iron/install/ros2pkg:/home/vboxuser/ros2_iron/install/ros2node:/home/vboxuser/ros2_iron/install/ros2multicast:/home/vboxuser/ros2_iron/install/ros2interface:/home/vboxuser/ros2_iron/install/ros2action:/home/vboxuser/ros2_iron/install/ros2cli:/home/vboxuser/ros2_iron/install/launch_testing_ros:/home/vboxuser/ros2_iron/install/launch_ros:/home/vboxuser/ros2_iron/install/examples_rclpy_minimal_action_server:/home/vboxuser/ros2_iron/install/examples_rclpy_minimal_action_client:/home/vboxuser/ros2_iron/install/examples_rclpy_guard_conditions:/home/vboxuser/ros2_iron/install/action_tutorials_py:/home/vboxuser/ros2_iron/install/ament_uncrustify:/home/vboxuser/ros2_iron/install/tracetools_trace:/home/vboxuser/ros2_iron/install/tracetools_read:/home/vboxuser/ros2_iron/install/test_tracetools_launch:/home/vboxuser/ros2_iron/install/test_ros2trace:/home/vboxuser/ros2_iron/install/test_launch_ros:/home/vboxuser/ros2_iron/install/rpyutils:/home/vboxuser/ros2_iron/install/rosidl_runtime_py:/home/vboxuser/ros2_iron/install/rosidl_pycommon:/home/vboxuser/ros2_iron/install/rosidl_cli:/home/vboxuser/ros2_iron/install/launch_pytest:/home/vboxuser/ros2_iron/install/launch_testing:/home/vboxuser/ros2_iron/install/launch_yaml:/home/vboxuser/ros2_iron/install/launch_xml:/home/vboxuser/ros2_iron/install/launch:/home/vboxuser/ros2_iron/install/osrf_pycommon:/home/vboxuser/ros2_iron/install/domain_coordinator:/home/vboxuser/ros2_iron/install/ament_xmllint:/home/vboxuser/ros2_iron/install/ament_pyflakes:/home/vboxuser/ros2_iron/install/ament_pycodestyle:/home/vboxuser/ros2_iron/install/ament_pep257:/home/vboxuser/ros2_iron/install/ament_pclint:/home/vboxuser/ros2_iron/install/ament_package:/home/vboxuser/ros2_iron/install/ament_mypy:/home/vboxuser/ros2_iron/install/ament_lint_cmake:/home/vboxuser/ros2_iron/install/ament_flake8:/home/vboxuser/ros2_iron/install/ament_copyright:/home/vboxuser/ros2_iron/install/ament_lint:/home/vboxuser/ros2_iron/install/ament_index_python:/home/vboxuser/ros2_iron/install/ament_cpplint:/home/vboxuser/ros2_iron/install/ament_cppcheck:/home/vboxuser/ros2_iron/install/ament_clang_tidy:/home/vboxuser/ros2_iron/install/ament_clang_format /usr/bin/cmake --install /home/vboxuser/ros2_ws/build/examples_rclcpp_minimal_action_server
[5.867s] DEBUG:colcon.colcon_core.event_handler.log_command:Invoking command in '/home/vboxuser/ros2_ws/build/examples_rclcpp_minimal_composition': CMAKE_PREFIX_PATH=${CMAKE_PREFIX_PATH}:/home/vboxuser/ros2_ws/install/read_rosbag:/home/vboxuser/ros2_ws/install/py_pubsub:/home/vboxuser/ros2_ws/install/launch_testing_examples:/home/vboxuser/ros2_ws/install/examples_rclpy_pointcloud_publisher:/home/vboxuser/ros2_ws/install/examples_rclpy_minimal_subscriber:/home/vboxuser/ros2_ws/install/examples_rclpy_minimal_service:/home/vboxuser/ros2_ws/install/examples_rclpy_minimal_publisher:/home/vboxuser/ros2_ws/install/examples_rclpy_minimal_client:/home/vboxuser/ros2_ws/install/examples_rclpy_minimal_action_server:/home/vboxuser/ros2_ws/install/examples_rclpy_minimal_action_client:/home/vboxuser/ros2_ws/install/examples_rclpy_guard_conditions:/home/vboxuser/ros2_ws/install/examples_rclpy_executors:/home/vboxuser/ros2_ws/install/bms_visualizer:/opt/ros/iron:/home/vboxuser/ros2_iron/install/rqt_bag_plugins:/home/vboxuser/ros2_iron/install/rqt_bag:/home/vboxuser/ros2_iron/install/rosbag2_examples_py:/home/vboxuser/ros2_iron/install/launch_testing_examples:/home/vboxuser/ros2_iron/install/ros2bag:/home/vboxuser/ros2_iron/install/tracetools_test:/home/vboxuser/ros2_iron/install/tracetools_launch:/home/vboxuser/ros2_iron/install/topic_monitor:/home/vboxuser/ros2_iron/install/tf2_tools:/home/vboxuser/ros2_iron/install/examples_tf2_py:/home/vboxuser/ros2_iron/install/tf2_ros_py:/home/vboxuser/ros2_iron/install/examples_rclpy_pointcloud_publisher:/home/vboxuser/ros2_iron/install/sensor_msgs_py:/home/vboxuser/ros2_iron/install/quality_of_service_demo_py:/home/vboxuser/ros2_iron/install/rqt_plot:/home/vboxuser/ros2_iron/install/ros2doctor:/home/vboxuser/ros2_iron/install/lifecycle_py:/home/vboxuser/ros2_iron/install/examples_rclpy_minimal_subscriber:/home/vboxuser/ros2_iron/install/examples_rclpy_minimal_service:/home/vboxuser/ros2_iron/install/examples_rclpy_minimal_publisher:/home/vboxuser/ros2_iron/install/examples_rclpy_minimal_client:/home/vboxuser/ros2_iron/install/examples_rclpy_executors:/home/vboxuser/ros2_iron/install/demo_nodes_py:/home/vboxuser/ros2_iron/install/rqt:/home/vboxuser/ros2_iron/install/ros2component:/home/vboxuser/ros2_iron/install/sros2:/home/vboxuser/ros2_iron/install/rqt_topic:/home/vboxuser/ros2_iron/install/rqt_srv:/home/vboxuser/ros2_iron/install/rqt_shell:/home/vboxuser/ros2_iron/install/rqt_service_caller:/home/vboxuser/ros2_iron/install/rqt_reconfigure:/home/vboxuser/ros2_iron/install/rqt_py_console:/home/vboxuser/ros2_iron/install/rqt_publisher:/home/vboxuser/ros2_iron/install/rqt_action:/home/vboxuser/ros2_iron/install/rqt_msg:/home/vboxuser/ros2_iron/install/rqt_console:/home/vboxuser/ros2_iron/install/rqt_graph:/home/vboxuser/ros2_iron/install/rqt_gui_py:/home/vboxuser/ros2_iron/install/rqt_gui:/home/vboxuser/ros2_iron/install/ros2trace:/home/vboxuser/ros2_iron/install/ros2topic:/home/vboxuser/ros2_iron/install/ros2test:/home/vboxuser/ros2_iron/install/ros2param:/home/vboxuser/ros2_iron/install/ros2lifecycle:/home/vboxuser/ros2_iron/install/ros2service:/home/vboxuser/ros2_iron/install/ros2run:/home/vboxuser/ros2_iron/install/ros2launch:/home/vboxuser/ros2_iron/install/ros2pkg:/home/vboxuser/ros2_iron/install/ros2node:/home/vboxuser/ros2_iron/install/ros2multicast:/home/vboxuser/ros2_iron/install/ros2interface:/home/vboxuser/ros2_iron/install/ros2action:/home/vboxuser/ros2_iron/install/ros2cli:/home/vboxuser/ros2_iron/install/launch_testing_ros:/home/vboxuser/ros2_iron/install/launch_ros:/home/vboxuser/ros2_iron/install/examples_rclpy_minimal_action_server:/home/vboxuser/ros2_iron/install/examples_rclpy_minimal_action_client:/home/vboxuser/ros2_iron/install/examples_rclpy_guard_conditions:/home/vboxuser/ros2_iron/install/action_tutorials_py:/home/vboxuser/ros2_iron/install/ament_uncrustify:/home/vboxuser/ros2_iron/install/tracetools_trace:/home/vboxuser/ros2_iron/install/tracetools_read:/home/vboxuser/ros2_iron/install/test_tracetools_launch:/home/vboxuser/ros2_iron/install/test_ros2trace:/home/vboxuser/ros2_iron/install/test_launch_ros:/home/vboxuser/ros2_iron/install/rpyutils:/home/vboxuser/ros2_iron/install/rosidl_runtime_py:/home/vboxuser/ros2_iron/install/rosidl_pycommon:/home/vboxuser/ros2_iron/install/rosidl_cli:/home/vboxuser/ros2_iron/install/launch_pytest:/home/vboxuser/ros2_iron/install/launch_testing:/home/vboxuser/ros2_iron/install/launch_yaml:/home/vboxuser/ros2_iron/install/launch_xml:/home/vboxuser/ros2_iron/install/launch:/home/vboxuser/ros2_iron/install/osrf_pycommon:/home/vboxuser/ros2_iron/install/domain_coordinator:/home/vboxuser/ros2_iron/install/ament_xmllint:/home/vboxuser/ros2_iron/install/ament_pyflakes:/home/vboxuser/ros2_iron/install/ament_pycodestyle:/home/vboxuser/ros2_iron/install/ament_pep257:/home/vboxuser/ros2_iron/install/ament_pclint:/home/vboxuser/ros2_iron/install/ament_package:/home/vboxuser/ros2_iron/install/ament_mypy:/home/vboxuser/ros2_iron/install/ament_lint_cmake:/home/vboxuser/ros2_iron/install/ament_flake8:/home/vboxuser/ros2_iron/install/ament_copyright:/home/vboxuser/ros2_iron/install/ament_lint:/home/vboxuser/ros2_iron/install/ament_index_python:/home/vboxuser/ros2_iron/install/ament_cpplint:/home/vboxuser/ros2_iron/install/ament_cppcheck:/home/vboxuser/ros2_iron/install/ament_clang_tidy:/home/vboxuser/ros2_iron/install/ament_clang_format /usr/bin/cmake --build /home/vboxuser/ros2_ws/build/examples_rclcpp_minimal_composition -- -j4 -l4
[5.939s] DEBUG:colcon.colcon_core.event_handler.log_command:Invoked command in '/home/vboxuser/ros2_ws/build/examples_rclcpp_minimal_client' returned '0': CMAKE_PREFIX_PATH=${CMAKE_PREFIX_PATH}:/home/vboxuser/ros2_ws/install/read_rosbag:/home/vboxuser/ros2_ws/install/py_pubsub:/home/vboxuser/ros2_ws/install/launch_testing_examples:/home/vboxuser/ros2_ws/install/examples_rclpy_pointcloud_publisher:/home/vboxuser/ros2_ws/install/examples_rclpy_minimal_subscriber:/home/vboxuser/ros2_ws/install/examples_rclpy_minimal_service:/home/vboxuser/ros2_ws/install/examples_rclpy_minimal_publisher:/home/vboxuser/ros2_ws/install/examples_rclpy_minimal_client:/home/vboxuser/ros2_ws/install/examples_rclpy_minimal_action_server:/home/vboxuser/ros2_ws/install/examples_rclpy_minimal_action_client:/home/vboxuser/ros2_ws/install/examples_rclpy_guard_conditions:/home/vboxuser/ros2_ws/install/examples_rclpy_executors:/home/vboxuser/ros2_ws/install/bms_visualizer:/opt/ros/iron:/home/vboxuser/ros2_iron/install/rqt_bag_plugins:/home/vboxuser/ros2_iron/install/rqt_bag:/home/vboxuser/ros2_iron/install/rosbag2_examples_py:/home/vboxuser/ros2_iron/install/launch_testing_examples:/home/vboxuser/ros2_iron/install/ros2bag:/home/vboxuser/ros2_iron/install/tracetools_test:/home/vboxuser/ros2_iron/install/tracetools_launch:/home/vboxuser/ros2_iron/install/topic_monitor:/home/vboxuser/ros2_iron/install/tf2_tools:/home/vboxuser/ros2_iron/install/examples_tf2_py:/home/vboxuser/ros2_iron/install/tf2_ros_py:/home/vboxuser/ros2_iron/install/examples_rclpy_pointcloud_publisher:/home/vboxuser/ros2_iron/install/sensor_msgs_py:/home/vboxuser/ros2_iron/install/quality_of_service_demo_py:/home/vboxuser/ros2_iron/install/rqt_plot:/home/vboxuser/ros2_iron/install/ros2doctor:/home/vboxuser/ros2_iron/install/lifecycle_py:/home/vboxuser/ros2_iron/install/examples_rclpy_minimal_subscriber:/home/vboxuser/ros2_iron/install/examples_rclpy_minimal_service:/home/vboxuser/ros2_iron/install/examples_rclpy_minimal_publisher:/home/vboxuser/ros2_iron/install/examples_rclpy_minimal_client:/home/vboxuser/ros2_iron/install/examples_rclpy_executors:/home/vboxuser/ros2_iron/install/demo_nodes_py:/home/vboxuser/ros2_iron/install/rqt:/home/vboxuser/ros2_iron/install/ros2component:/home/vboxuser/ros2_iron/install/sros2:/home/vboxuser/ros2_iron/install/rqt_topic:/home/vboxuser/ros2_iron/install/rqt_srv:/home/vboxuser/ros2_iron/install/rqt_shell:/home/vboxuser/ros2_iron/install/rqt_service_caller:/home/vboxuser/ros2_iron/install/rqt_reconfigure:/home/vboxuser/ros2_iron/install/rqt_py_console:/home/vboxuser/ros2_iron/install/rqt_publisher:/home/vboxuser/ros2_iron/install/rqt_action:/home/vboxuser/ros2_iron/install/rqt_msg:/home/vboxuser/ros2_iron/install/rqt_console:/home/vboxuser/ros2_iron/install/rqt_graph:/home/vboxuser/ros2_iron/install/rqt_gui_py:/home/vboxuser/ros2_iron/install/rqt_gui:/home/vboxuser/ros2_iron/install/ros2trace:/home/vboxuser/ros2_iron/install/ros2topic:/home/vboxuser/ros2_iron/install/ros2test:/home/vboxuser/ros2_iron/install/ros2param:/home/vboxuser/ros2_iron/install/ros2lifecycle:/home/vboxuser/ros2_iron/install/ros2service:/home/vboxuser/ros2_iron/install/ros2run:/home/vboxuser/ros2_iron/install/ros2launch:/home/vboxuser/ros2_iron/install/ros2pkg:/home/vboxuser/ros2_iron/install/ros2node:/home/vboxuser/ros2_iron/install/ros2multicast:/home/vboxuser/ros2_iron/install/ros2interface:/home/vboxuser/ros2_iron/install/ros2action:/home/vboxuser/ros2_iron/install/ros2cli:/home/vboxuser/ros2_iron/install/launch_testing_ros:/home/vboxuser/ros2_iron/install/launch_ros:/home/vboxuser/ros2_iron/install/examples_rclpy_minimal_action_server:/home/vboxuser/ros2_iron/install/examples_rclpy_minimal_action_client:/home/vboxuser/ros2_iron/install/examples_rclpy_guard_conditions:/home/vboxuser/ros2_iron/install/action_tutorials_py:/home/vboxuser/ros2_iron/install/ament_uncrustify:/home/vboxuser/ros2_iron/install/tracetools_trace:/home/vboxuser/ros2_iron/install/tracetools_read:/home/vboxuser/ros2_iron/install/test_tracetools_launch:/home/vboxuser/ros2_iron/install/test_ros2trace:/home/vboxuser/ros2_iron/install/test_launch_ros:/home/vboxuser/ros2_iron/install/rpyutils:/home/vboxuser/ros2_iron/install/rosidl_runtime_py:/home/vboxuser/ros2_iron/install/rosidl_pycommon:/home/vboxuser/ros2_iron/install/rosidl_cli:/home/vboxuser/ros2_iron/install/launch_pytest:/home/vboxuser/ros2_iron/install/launch_testing:/home/vboxuser/ros2_iron/install/launch_yaml:/home/vboxuser/ros2_iron/install/launch_xml:/home/vboxuser/ros2_iron/install/launch:/home/vboxuser/ros2_iron/install/osrf_pycommon:/home/vboxuser/ros2_iron/install/domain_coordinator:/home/vboxuser/ros2_iron/install/ament_xmllint:/home/vboxuser/ros2_iron/install/ament_pyflakes:/home/vboxuser/ros2_iron/install/ament_pycodestyle:/home/vboxuser/ros2_iron/install/ament_pep257:/home/vboxuser/ros2_iron/install/ament_pclint:/home/vboxuser/ros2_iron/install/ament_package:/home/vboxuser/ros2_iron/install/ament_mypy:/home/vboxuser/ros2_iron/install/ament_lint_cmake:/home/vboxuser/ros2_iron/install/ament_flake8:/home/vboxuser/ros2_iron/install/ament_copyright:/home/vboxuser/ros2_iron/install/ament_lint:/home/vboxuser/ros2_iron/install/ament_index_python:/home/vboxuser/ros2_iron/install/ament_cpplint:/home/vboxuser/ros2_iron/install/ament_cppcheck:/home/vboxuser/ros2_iron/install/ament_clang_tidy:/home/vboxuser/ros2_iron/install/ament_clang_format /usr/bin/cmake --build /home/vboxuser/ros2_ws/build/examples_rclcpp_minimal_client -- -j4 -l4
[5.940s] DEBUG:colcon.colcon_core.event_handler.log_command:Invoking command in '/home/vboxuser/ros2_ws/build/examples_rclcpp_minimal_client': CMAKE_PREFIX_PATH=${CMAKE_PREFIX_PATH}:/home/vboxuser/ros2_ws/install/read_rosbag:/home/vboxuser/ros2_ws/install/py_pubsub:/home/vboxuser/ros2_ws/install/launch_testing_examples:/home/vboxuser/ros2_ws/install/examples_rclpy_pointcloud_publisher:/home/vboxuser/ros2_ws/install/examples_rclpy_minimal_subscriber:/home/vboxuser/ros2_ws/install/examples_rclpy_minimal_service:/home/vboxuser/ros2_ws/install/examples_rclpy_minimal_publisher:/home/vboxuser/ros2_ws/install/examples_rclpy_minimal_client:/home/vboxuser/ros2_ws/install/examples_rclpy_minimal_action_server:/home/vboxuser/ros2_ws/install/examples_rclpy_minimal_action_client:/home/vboxuser/ros2_ws/install/examples_rclpy_guard_conditions:/home/vboxuser/ros2_ws/install/examples_rclpy_executors:/home/vboxuser/ros2_ws/install/bms_visualizer:/opt/ros/iron:/home/vboxuser/ros2_iron/install/rqt_bag_plugins:/home/vboxuser/ros2_iron/install/rqt_bag:/home/vboxuser/ros2_iron/install/rosbag2_examples_py:/home/vboxuser/ros2_iron/install/launch_testing_examples:/home/vboxuser/ros2_iron/install/ros2bag:/home/vboxuser/ros2_iron/install/tracetools_test:/home/vboxuser/ros2_iron/install/tracetools_launch:/home/vboxuser/ros2_iron/install/topic_monitor:/home/vboxuser/ros2_iron/install/tf2_tools:/home/vboxuser/ros2_iron/install/examples_tf2_py:/home/vboxuser/ros2_iron/install/tf2_ros_py:/home/vboxuser/ros2_iron/install/examples_rclpy_pointcloud_publisher:/home/vboxuser/ros2_iron/install/sensor_msgs_py:/home/vboxuser/ros2_iron/install/quality_of_service_demo_py:/home/vboxuser/ros2_iron/install/rqt_plot:/home/vboxuser/ros2_iron/install/ros2doctor:/home/vboxuser/ros2_iron/install/lifecycle_py:/home/vboxuser/ros2_iron/install/examples_rclpy_minimal_subscriber:/home/vboxuser/ros2_iron/install/examples_rclpy_minimal_service:/home/vboxuser/ros2_iron/install/examples_rclpy_minimal_publisher:/home/vboxuser/ros2_iron/install/examples_rclpy_minimal_client:/home/vboxuser/ros2_iron/install/examples_rclpy_executors:/home/vboxuser/ros2_iron/install/demo_nodes_py:/home/vboxuser/ros2_iron/install/rqt:/home/vboxuser/ros2_iron/install/ros2component:/home/vboxuser/ros2_iron/install/sros2:/home/vboxuser/ros2_iron/install/rqt_topic:/home/vboxuser/ros2_iron/install/rqt_srv:/home/vboxuser/ros2_iron/install/rqt_shell:/home/vboxuser/ros2_iron/install/rqt_service_caller:/home/vboxuser/ros2_iron/install/rqt_reconfigure:/home/vboxuser/ros2_iron/install/rqt_py_console:/home/vboxuser/ros2_iron/install/rqt_publisher:/home/vboxuser/ros2_iron/install/rqt_action:/home/vboxuser/ros2_iron/install/rqt_msg:/home/vboxuser/ros2_iron/install/rqt_console:/home/vboxuser/ros2_iron/install/rqt_graph:/home/vboxuser/ros2_iron/install/rqt_gui_py:/home/vboxuser/ros2_iron/install/rqt_gui:/home/vboxuser/ros2_iron/install/ros2trace:/home/vboxuser/ros2_iron/install/ros2topic:/home/vboxuser/ros2_iron/install/ros2test:/home/vboxuser/ros2_iron/install/ros2param:/home/vboxuser/ros2_iron/install/ros2lifecycle:/home/vboxuser/ros2_iron/install/ros2service:/home/vboxuser/ros2_iron/install/ros2run:/home/vboxuser/ros2_iron/install/ros2launch:/home/vboxuser/ros2_iron/install/ros2pkg:/home/vboxuser/ros2_iron/install/ros2node:/home/vboxuser/ros2_iron/install/ros2multicast:/home/vboxuser/ros2_iron/install/ros2interface:/home/vboxuser/ros2_iron/install/ros2action:/home/vboxuser/ros2_iron/install/ros2cli:/home/vboxuser/ros2_iron/install/launch_testing_ros:/home/vboxuser/ros2_iron/install/launch_ros:/home/vboxuser/ros2_iron/install/examples_rclpy_minimal_action_server:/home/vboxuser/ros2_iron/install/examples_rclpy_minimal_action_client:/home/vboxuser/ros2_iron/install/examples_rclpy_guard_conditions:/home/vboxuser/ros2_iron/install/action_tutorials_py:/home/vboxuser/ros2_iron/install/ament_uncrustify:/home/vboxuser/ros2_iron/install/tracetools_trace:/home/vboxuser/ros2_iron/install/tracetools_read:/home/vboxuser/ros2_iron/install/test_tracetools_launch:/home/vboxuser/ros2_iron/install/test_ros2trace:/home/vboxuser/ros2_iron/install/test_launch_ros:/home/vboxuser/ros2_iron/install/rpyutils:/home/vboxuser/ros2_iron/install/rosidl_runtime_py:/home/vboxuser/ros2_iron/install/rosidl_pycommon:/home/vboxuser/ros2_iron/install/rosidl_cli:/home/vboxuser/ros2_iron/install/launch_pytest:/home/vboxuser/ros2_iron/install/launch_testing:/home/vboxuser/ros2_iron/install/launch_yaml:/home/vboxuser/ros2_iron/install/launch_xml:/home/vboxuser/ros2_iron/install/launch:/home/vboxuser/ros2_iron/install/osrf_pycommon:/home/vboxuser/ros2_iron/install/domain_coordinator:/home/vboxuser/ros2_iron/install/ament_xmllint:/home/vboxuser/ros2_iron/install/ament_pyflakes:/home/vboxuser/ros2_iron/install/ament_pycodestyle:/home/vboxuser/ros2_iron/install/ament_pep257:/home/vboxuser/ros2_iron/install/ament_pclint:/home/vboxuser/ros2_iron/install/ament_package:/home/vboxuser/ros2_iron/install/ament_mypy:/home/vboxuser/ros2_iron/install/ament_lint_cmake:/home/vboxuser/ros2_iron/install/ament_flake8:/home/vboxuser/ros2_iron/install/ament_copyright:/home/vboxuser/ros2_iron/install/ament_lint:/home/vboxuser/ros2_iron/install/ament_index_python:/home/vboxuser/ros2_iron/install/ament_cpplint:/home/vboxuser/ros2_iron/install/ament_cppcheck:/home/vboxuser/ros2_iron/install/ament_clang_tidy:/home/vboxuser/ros2_iron/install/ament_clang_format /usr/bin/cmake --install /home/vboxuser/ros2_ws/build/examples_rclcpp_minimal_client
[6.078s] Level 1:colcon.colcon_core.environment:create_environment_scripts_only(examples_rclcpp_minimal_action_server)
[6.080s] Level 1:colcon.colcon_core.environment:checking '/home/vboxuser/ros2_ws/install/examples_rclcpp_minimal_action_server' for CMake module files
[6.081s] DEBUG:colcon.colcon_core.event_handler.log_command:Invoked command in '/home/vboxuser/ros2_ws/build/examples_rclcpp_minimal_action_server' returned '0': CMAKE_PREFIX_PATH=${CMAKE_PREFIX_PATH}:/home/vboxuser/ros2_ws/install/read_rosbag:/home/vboxuser/ros2_ws/install/py_pubsub:/home/vboxuser/ros2_ws/install/launch_testing_examples:/home/vboxuser/ros2_ws/install/examples_rclpy_pointcloud_publisher:/home/vboxuser/ros2_ws/install/examples_rclpy_minimal_subscriber:/home/vboxuser/ros2_ws/install/examples_rclpy_minimal_service:/home/vboxuser/ros2_ws/install/examples_rclpy_minimal_publisher:/home/vboxuser/ros2_ws/install/examples_rclpy_minimal_client:/home/vboxuser/ros2_ws/install/examples_rclpy_minimal_action_server:/home/vboxuser/ros2_ws/install/examples_rclpy_minimal_action_client:/home/vboxuser/ros2_ws/install/examples_rclpy_guard_conditions:/home/vboxuser/ros2_ws/install/examples_rclpy_executors:/home/vboxuser/ros2_ws/install/bms_visualizer:/opt/ros/iron:/home/vboxuser/ros2_iron/install/rqt_bag_plugins:/home/vboxuser/ros2_iron/install/rqt_bag:/home/vboxuser/ros2_iron/install/rosbag2_examples_py:/home/vboxuser/ros2_iron/install/launch_testing_examples:/home/vboxuser/ros2_iron/install/ros2bag:/home/vboxuser/ros2_iron/install/tracetools_test:/home/vboxuser/ros2_iron/install/tracetools_launch:/home/vboxuser/ros2_iron/install/topic_monitor:/home/vboxuser/ros2_iron/install/tf2_tools:/home/vboxuser/ros2_iron/install/examples_tf2_py:/home/vboxuser/ros2_iron/install/tf2_ros_py:/home/vboxuser/ros2_iron/install/examples_rclpy_pointcloud_publisher:/home/vboxuser/ros2_iron/install/sensor_msgs_py:/home/vboxuser/ros2_iron/install/quality_of_service_demo_py:/home/vboxuser/ros2_iron/install/rqt_plot:/home/vboxuser/ros2_iron/install/ros2doctor:/home/vboxuser/ros2_iron/install/lifecycle_py:/home/vboxuser/ros2_iron/install/examples_rclpy_minimal_subscriber:/home/vboxuser/ros2_iron/install/examples_rclpy_minimal_service:/home/vboxuser/ros2_iron/install/examples_rclpy_minimal_publisher:/home/vboxuser/ros2_iron/install/examples_rclpy_minimal_client:/home/vboxuser/ros2_iron/install/examples_rclpy_executors:/home/vboxuser/ros2_iron/install/demo_nodes_py:/home/vboxuser/ros2_iron/install/rqt:/home/vboxuser/ros2_iron/install/ros2component:/home/vboxuser/ros2_iron/install/sros2:/home/vboxuser/ros2_iron/install/rqt_topic:/home/vboxuser/ros2_iron/install/rqt_srv:/home/vboxuser/ros2_iron/install/rqt_shell:/home/vboxuser/ros2_iron/install/rqt_service_caller:/home/vboxuser/ros2_iron/install/rqt_reconfigure:/home/vboxuser/ros2_iron/install/rqt_py_console:/home/vboxuser/ros2_iron/install/rqt_publisher:/home/vboxuser/ros2_iron/install/rqt_action:/home/vboxuser/ros2_iron/install/rqt_msg:/home/vboxuser/ros2_iron/install/rqt_console:/home/vboxuser/ros2_iron/install/rqt_graph:/home/vboxuser/ros2_iron/install/rqt_gui_py:/home/vboxuser/ros2_iron/install/rqt_gui:/home/vboxuser/ros2_iron/install/ros2trace:/home/vboxuser/ros2_iron/install/ros2topic:/home/vboxuser/ros2_iron/install/ros2test:/home/vboxuser/ros2_iron/install/ros2param:/home/vboxuser/ros2_iron/install/ros2lifecycle:/home/vboxuser/ros2_iron/install/ros2service:/home/vboxuser/ros2_iron/install/ros2run:/home/vboxuser/ros2_iron/install/ros2launch:/home/vboxuser/ros2_iron/install/ros2pkg:/home/vboxuser/ros2_iron/install/ros2node:/home/vboxuser/ros2_iron/install/ros2multicast:/home/vboxuser/ros2_iron/install/ros2interface:/home/vboxuser/ros2_iron/install/ros2action:/home/vboxuser/ros2_iron/install/ros2cli:/home/vboxuser/ros2_iron/install/launch_testing_ros:/home/vboxuser/ros2_iron/install/launch_ros:/home/vboxuser/ros2_iron/install/examples_rclpy_minimal_action_server:/home/vboxuser/ros2_iron/install/examples_rclpy_minimal_action_client:/home/vboxuser/ros2_iron/install/examples_rclpy_guard_conditions:/home/vboxuser/ros2_iron/install/action_tutorials_py:/home/vboxuser/ros2_iron/install/ament_uncrustify:/home/vboxuser/ros2_iron/install/tracetools_trace:/home/vboxuser/ros2_iron/install/tracetools_read:/home/vboxuser/ros2_iron/install/test_tracetools_launch:/home/vboxuser/ros2_iron/install/test_ros2trace:/home/vboxuser/ros2_iron/install/test_launch_ros:/home/vboxuser/ros2_iron/install/rpyutils:/home/vboxuser/ros2_iron/install/rosidl_runtime_py:/home/vboxuser/ros2_iron/install/rosidl_pycommon:/home/vboxuser/ros2_iron/install/rosidl_cli:/home/vboxuser/ros2_iron/install/launch_pytest:/home/vboxuser/ros2_iron/install/launch_testing:/home/vboxuser/ros2_iron/install/launch_yaml:/home/vboxuser/ros2_iron/install/launch_xml:/home/vboxuser/ros2_iron/install/launch:/home/vboxuser/ros2_iron/install/osrf_pycommon:/home/vboxuser/ros2_iron/install/domain_coordinator:/home/vboxuser/ros2_iron/install/ament_xmllint:/home/vboxuser/ros2_iron/install/ament_pyflakes:/home/vboxuser/ros2_iron/install/ament_pycodestyle:/home/vboxuser/ros2_iron/install/ament_pep257:/home/vboxuser/ros2_iron/install/ament_pclint:/home/vboxuser/ros2_iron/install/ament_package:/home/vboxuser/ros2_iron/install/ament_mypy:/home/vboxuser/ros2_iron/install/ament_lint_cmake:/home/vboxuser/ros2_iron/install/ament_flake8:/home/vboxuser/ros2_iron/install/ament_copyright:/home/vboxuser/ros2_iron/install/ament_lint:/home/vboxuser/ros2_iron/install/ament_index_python:/home/vboxuser/ros2_iron/install/ament_cpplint:/home/vboxuser/ros2_iron/install/ament_cppcheck:/home/vboxuser/ros2_iron/install/ament_clang_tidy:/home/vboxuser/ros2_iron/install/ament_clang_format /usr/bin/cmake --install /home/vboxuser/ros2_ws/build/examples_rclcpp_minimal_action_server
[6.082s] Level 1:colcon.colcon_core.environment:checking '/home/vboxuser/ros2_ws/install/examples_rclcpp_minimal_action_server' for CMake config files
[6.082s] Level 1:colcon.colcon_core.shell:create_environment_hook('examples_rclcpp_minimal_action_server', 'cmake_prefix_path')
[6.083s] INFO:colcon.colcon_core.shell:Creating environment hook '/home/vboxuser/ros2_ws/install/examples_rclcpp_minimal_action_server/share/examples_rclcpp_minimal_action_server/hook/cmake_prefix_path.ps1'
[6.084s] INFO:colcon.colcon_core.shell:Creating environment descriptor '/home/vboxuser/ros2_ws/install/examples_rclcpp_minimal_action_server/share/examples_rclcpp_minimal_action_server/hook/cmake_prefix_path.dsv'
[6.091s] INFO:colcon.colcon_core.shell:Creating environment hook '/home/vboxuser/ros2_ws/install/examples_rclcpp_minimal_action_server/share/examples_rclcpp_minimal_action_server/hook/cmake_prefix_path.sh'
[6.094s] Level 1:colcon.colcon_core.environment:checking '/home/vboxuser/ros2_ws/install/examples_rclcpp_minimal_action_server/lib'
[6.094s] Level 1:colcon.colcon_core.environment:checking '/home/vboxuser/ros2_ws/install/examples_rclcpp_minimal_action_server/bin'
[6.094s] Level 1:colcon.colcon_core.environment:checking '/home/vboxuser/ros2_ws/install/examples_rclcpp_minimal_action_server/lib/pkgconfig/examples_rclcpp_minimal_action_server.pc'
[6.094s] Level 1:colcon.colcon_core.environment:checking '/home/vboxuser/ros2_ws/install/examples_rclcpp_minimal_action_server/lib/python3.10/site-packages'
[6.095s] Level 1:colcon.colcon_core.environment:checking '/home/vboxuser/ros2_ws/install/examples_rclcpp_minimal_action_server/bin'
[6.095s] INFO:colcon.colcon_core.shell:Creating package script '/home/vboxuser/ros2_ws/install/examples_rclcpp_minimal_action_server/share/examples_rclcpp_minimal_action_server/package.ps1'
[6.096s] INFO:colcon.colcon_core.shell:Creating package descriptor '/home/vboxuser/ros2_ws/install/examples_rclcpp_minimal_action_server/share/examples_rclcpp_minimal_action_server/package.dsv'
[6.097s] INFO:colcon.colcon_core.shell:Creating package script '/home/vboxuser/ros2_ws/install/examples_rclcpp_minimal_action_server/share/examples_rclcpp_minimal_action_server/package.sh'
[6.098s] INFO:colcon.colcon_core.shell:Creating package script '/home/vboxuser/ros2_ws/install/examples_rclcpp_minimal_action_server/share/examples_rclcpp_minimal_action_server/package.bash'
[6.099s] INFO:colcon.colcon_core.shell:Creating package script '/home/vboxuser/ros2_ws/install/examples_rclcpp_minimal_action_server/share/examples_rclcpp_minimal_action_server/package.zsh'
[6.100s] Level 1:colcon.colcon_core.environment:create_file_with_runtime_dependencies(/home/vboxuser/ros2_ws/install/examples_rclcpp_minimal_action_server/share/colcon-core/packages/examples_rclcpp_minimal_action_server)
[6.101s] Level 1:colcon.colcon_core.environment:create_environment_scripts_only(examples_rclcpp_minimal_action_server)
[6.102s] Level 1:colcon.colcon_core.environment:checking '/home/vboxuser/ros2_ws/install/examples_rclcpp_minimal_action_server' for CMake module files
[6.102s] Level 1:colcon.colcon_core.environment:checking '/home/vboxuser/ros2_ws/install/examples_rclcpp_minimal_action_server' for CMake config files
[6.102s] Level 1:colcon.colcon_core.shell:create_environment_hook('examples_rclcpp_minimal_action_server', 'cmake_prefix_path')
[6.103s] INFO:colcon.colcon_core.shell:Creating environment hook '/home/vboxuser/ros2_ws/install/examples_rclcpp_minimal_action_server/share/examples_rclcpp_minimal_action_server/hook/cmake_prefix_path.ps1'
[6.104s] INFO:colcon.colcon_core.shell:Creating environment descriptor '/home/vboxuser/ros2_ws/install/examples_rclcpp_minimal_action_server/share/examples_rclcpp_minimal_action_server/hook/cmake_prefix_path.dsv'
[6.105s] INFO:colcon.colcon_core.shell:Creating environment hook '/home/vboxuser/ros2_ws/install/examples_rclcpp_minimal_action_server/share/examples_rclcpp_minimal_action_server/hook/cmake_prefix_path.sh'
[6.106s] Level 1:colcon.colcon_core.environment:checking '/home/vboxuser/ros2_ws/install/examples_rclcpp_minimal_action_server/lib'
[6.106s] Level 1:colcon.colcon_core.environment:checking '/home/vboxuser/ros2_ws/install/examples_rclcpp_minimal_action_server/bin'
[6.106s] Level 1:colcon.colcon_core.environment:checking '/home/vboxuser/ros2_ws/install/examples_rclcpp_minimal_action_server/lib/pkgconfig/examples_rclcpp_minimal_action_server.pc'
[6.107s] Level 1:colcon.colcon_core.environment:checking '/home/vboxuser/ros2_ws/install/examples_rclcpp_minimal_action_server/lib/python3.10/site-packages'
[6.107s] Level 1:colcon.colcon_core.environment:checking '/home/vboxuser/ros2_ws/install/examples_rclcpp_minimal_action_server/bin'
[6.108s] INFO:colcon.colcon_core.shell:Creating package script '/home/vboxuser/ros2_ws/install/examples_rclcpp_minimal_action_server/share/examples_rclcpp_minimal_action_server/package.ps1'
[6.109s] INFO:colcon.colcon_core.shell:Creating package descriptor '/home/vboxuser/ros2_ws/install/examples_rclcpp_minimal_action_server/share/examples_rclcpp_minimal_action_server/package.dsv'
[6.110s] INFO:colcon.colcon_core.shell:Creating package script '/home/vboxuser/ros2_ws/install/examples_rclcpp_minimal_action_server/share/examples_rclcpp_minimal_action_server/package.sh'
[6.155s] INFO:colcon.colcon_core.shell:Creating package script '/home/vboxuser/ros2_ws/install/examples_rclcpp_minimal_action_server/share/examples_rclcpp_minimal_action_server/package.bash'
[6.162s] INFO:colcon.colcon_core.shell:Creating package script '/home/vboxuser/ros2_ws/install/examples_rclcpp_minimal_action_server/share/examples_rclcpp_minimal_action_server/package.zsh'
[6.164s] Level 1:colcon.colcon_core.environment:create_file_with_runtime_dependencies(/home/vboxuser/ros2_ws/install/examples_rclcpp_minimal_action_server/share/colcon-core/packages/examples_rclcpp_minimal_action_server)
[6.175s] INFO:colcon.colcon_ros.task.ament_cmake.build:Building ROS package in '/home/vboxuser/ros2_ws/src/examples/rclcpp/topics/minimal_publisher' with build type 'ament_cmake'
[6.176s] INFO:colcon.colcon_cmake.task.cmake.build:Building CMake package in '/home/vboxuser/ros2_ws/src/examples/rclcpp/topics/minimal_publisher'
[6.177s] INFO:colcon.colcon_core.shell:Skip shell extension 'powershell' for command environment: Not usable outside of PowerShell
[6.177s] DEBUG:colcon.colcon_core.shell:Skip shell extension 'dsv' for command environment
[6.364s] Level 1:colcon.colcon_core.environment:create_environment_scripts_only(examples_rclcpp_minimal_client)
[6.366s] Level 1:colcon.colcon_core.environment:checking '/home/vboxuser/ros2_ws/install/examples_rclcpp_minimal_client' for CMake module files
[6.372s] Level 1:colcon.colcon_core.environment:checking '/home/vboxuser/ros2_ws/install/examples_rclcpp_minimal_client' for CMake config files
[6.373s] Level 1:colcon.colcon_core.shell:create_environment_hook('examples_rclcpp_minimal_client', 'cmake_prefix_path')
[6.373s] INFO:colcon.colcon_core.shell:Creating environment hook '/home/vboxuser/ros2_ws/install/examples_rclcpp_minimal_client/share/examples_rclcpp_minimal_client/hook/cmake_prefix_path.ps1'
[6.385s] INFO:colcon.colcon_core.shell:Creating environment descriptor '/home/vboxuser/ros2_ws/install/examples_rclcpp_minimal_client/share/examples_rclcpp_minimal_client/hook/cmake_prefix_path.dsv'
[6.381s] DEBUG:colcon.colcon_core.event_handler.log_command:Invoked command in '/home/vboxuser/ros2_ws/build/examples_rclcpp_minimal_client' returned '0': CMAKE_PREFIX_PATH=${CMAKE_PREFIX_PATH}:/home/vboxuser/ros2_ws/install/read_rosbag:/home/vboxuser/ros2_ws/install/py_pubsub:/home/vboxuser/ros2_ws/install/launch_testing_examples:/home/vboxuser/ros2_ws/install/examples_rclpy_pointcloud_publisher:/home/vboxuser/ros2_ws/install/examples_rclpy_minimal_subscriber:/home/vboxuser/ros2_ws/install/examples_rclpy_minimal_service:/home/vboxuser/ros2_ws/install/examples_rclpy_minimal_publisher:/home/vboxuser/ros2_ws/install/examples_rclpy_minimal_client:/home/vboxuser/ros2_ws/install/examples_rclpy_minimal_action_server:/home/vboxuser/ros2_ws/install/examples_rclpy_minimal_action_client:/home/vboxuser/ros2_ws/install/examples_rclpy_guard_conditions:/home/vboxuser/ros2_ws/install/examples_rclpy_executors:/home/vboxuser/ros2_ws/install/bms_visualizer:/opt/ros/iron:/home/vboxuser/ros2_iron/install/rqt_bag_plugins:/home/vboxuser/ros2_iron/install/rqt_bag:/home/vboxuser/ros2_iron/install/rosbag2_examples_py:/home/vboxuser/ros2_iron/install/launch_testing_examples:/home/vboxuser/ros2_iron/install/ros2bag:/home/vboxuser/ros2_iron/install/tracetools_test:/home/vboxuser/ros2_iron/install/tracetools_launch:/home/vboxuser/ros2_iron/install/topic_monitor:/home/vboxuser/ros2_iron/install/tf2_tools:/home/vboxuser/ros2_iron/install/examples_tf2_py:/home/vboxuser/ros2_iron/install/tf2_ros_py:/home/vboxuser/ros2_iron/install/examples_rclpy_pointcloud_publisher:/home/vboxuser/ros2_iron/install/sensor_msgs_py:/home/vboxuser/ros2_iron/install/quality_of_service_demo_py:/home/vboxuser/ros2_iron/install/rqt_plot:/home/vboxuser/ros2_iron/install/ros2doctor:/home/vboxuser/ros2_iron/install/lifecycle_py:/home/vboxuser/ros2_iron/install/examples_rclpy_minimal_subscriber:/home/vboxuser/ros2_iron/install/examples_rclpy_minimal_service:/home/vboxuser/ros2_iron/install/examples_rclpy_minimal_publisher:/home/vboxuser/ros2_iron/install/examples_rclpy_minimal_client:/home/vboxuser/ros2_iron/install/examples_rclpy_executors:/home/vboxuser/ros2_iron/install/demo_nodes_py:/home/vboxuser/ros2_iron/install/rqt:/home/vboxuser/ros2_iron/install/ros2component:/home/vboxuser/ros2_iron/install/sros2:/home/vboxuser/ros2_iron/install/rqt_topic:/home/vboxuser/ros2_iron/install/rqt_srv:/home/vboxuser/ros2_iron/install/rqt_shell:/home/vboxuser/ros2_iron/install/rqt_service_caller:/home/vboxuser/ros2_iron/install/rqt_reconfigure:/home/vboxuser/ros2_iron/install/rqt_py_console:/home/vboxuser/ros2_iron/install/rqt_publisher:/home/vboxuser/ros2_iron/install/rqt_action:/home/vboxuser/ros2_iron/install/rqt_msg:/home/vboxuser/ros2_iron/install/rqt_console:/home/vboxuser/ros2_iron/install/rqt_graph:/home/vboxuser/ros2_iron/install/rqt_gui_py:/home/vboxuser/ros2_iron/install/rqt_gui:/home/vboxuser/ros2_iron/install/ros2trace:/home/vboxuser/ros2_iron/install/ros2topic:/home/vboxuser/ros2_iron/install/ros2test:/home/vboxuser/ros2_iron/install/ros2param:/home/vboxuser/ros2_iron/install/ros2lifecycle:/home/vboxuser/ros2_iron/install/ros2service:/home/vboxuser/ros2_iron/install/ros2run:/home/vboxuser/ros2_iron/install/ros2launch:/home/vboxuser/ros2_iron/install/ros2pkg:/home/vboxuser/ros2_iron/install/ros2node:/home/vboxuser/ros2_iron/install/ros2multicast:/home/vboxuser/ros2_iron/install/ros2interface:/home/vboxuser/ros2_iron/install/ros2action:/home/vboxuser/ros2_iron/install/ros2cli:/home/vboxuser/ros2_iron/install/launch_testing_ros:/home/vboxuser/ros2_iron/install/launch_ros:/home/vboxuser/ros2_iron/install/examples_rclpy_minimal_action_server:/home/vboxuser/ros2_iron/install/examples_rclpy_minimal_action_client:/home/vboxuser/ros2_iron/install/examples_rclpy_guard_conditions:/home/vboxuser/ros2_iron/install/action_tutorials_py:/home/vboxuser/ros2_iron/install/ament_uncrustify:/home/vboxuser/ros2_iron/install/tracetools_trace:/home/vboxuser/ros2_iron/install/tracetools_read:/home/vboxuser/ros2_iron/install/test_tracetools_launch:/home/vboxuser/ros2_iron/install/test_ros2trace:/home/vboxuser/ros2_iron/install/test_launch_ros:/home/vboxuser/ros2_iron/install/rpyutils:/home/vboxuser/ros2_iron/install/rosidl_runtime_py:/home/vboxuser/ros2_iron/install/rosidl_pycommon:/home/vboxuser/ros2_iron/install/rosidl_cli:/home/vboxuser/ros2_iron/install/launch_pytest:/home/vboxuser/ros2_iron/install/launch_testing:/home/vboxuser/ros2_iron/install/launch_yaml:/home/vboxuser/ros2_iron/install/launch_xml:/home/vboxuser/ros2_iron/install/launch:/home/vboxuser/ros2_iron/install/osrf_pycommon:/home/vboxuser/ros2_iron/install/domain_coordinator:/home/vboxuser/ros2_iron/install/ament_xmllint:/home/vboxuser/ros2_iron/install/ament_pyflakes:/home/vboxuser/ros2_iron/install/ament_pycodestyle:/home/vboxuser/ros2_iron/install/ament_pep257:/home/vboxuser/ros2_iron/install/ament_pclint:/home/vboxuser/ros2_iron/install/ament_package:/home/vboxuser/ros2_iron/install/ament_mypy:/home/vboxuser/ros2_iron/install/ament_lint_cmake:/home/vboxuser/ros2_iron/install/ament_flake8:/home/vboxuser/ros2_iron/install/ament_copyright:/home/vboxuser/ros2_iron/install/ament_lint:/home/vboxuser/ros2_iron/install/ament_index_python:/home/vboxuser/ros2_iron/install/ament_cpplint:/home/vboxuser/ros2_iron/install/ament_cppcheck:/home/vboxuser/ros2_iron/install/ament_clang_tidy:/home/vboxuser/ros2_iron/install/ament_clang_format /usr/bin/cmake --install /home/vboxuser/ros2_ws/build/examples_rclcpp_minimal_client
[6.388s] INFO:colcon.colcon_core.shell:Creating environment hook '/home/vboxuser/ros2_ws/install/examples_rclcpp_minimal_client/share/examples_rclcpp_minimal_client/hook/cmake_prefix_path.sh'
[6.390s] Level 1:colcon.colcon_core.environment:checking '/home/vboxuser/ros2_ws/install/examples_rclcpp_minimal_client/lib'
[6.391s] Level 1:colcon.colcon_core.environment:checking '/home/vboxuser/ros2_ws/install/examples_rclcpp_minimal_client/bin'
[6.391s] Level 1:colcon.colcon_core.environment:checking '/home/vboxuser/ros2_ws/install/examples_rclcpp_minimal_client/lib/pkgconfig/examples_rclcpp_minimal_client.pc'
[6.391s] Level 1:colcon.colcon_core.environment:checking '/home/vboxuser/ros2_ws/install/examples_rclcpp_minimal_client/lib/python3.10/site-packages'
[6.392s] Level 1:colcon.colcon_core.environment:checking '/home/vboxuser/ros2_ws/install/examples_rclcpp_minimal_client/bin'
[6.393s] INFO:colcon.colcon_core.shell:Creating package script '/home/vboxuser/ros2_ws/install/examples_rclcpp_minimal_client/share/examples_rclcpp_minimal_client/package.ps1'
[6.394s] INFO:colcon.colcon_core.shell:Creating package descriptor '/home/vboxuser/ros2_ws/install/examples_rclcpp_minimal_client/share/examples_rclcpp_minimal_client/package.dsv'
[6.395s] INFO:colcon.colcon_core.shell:Creating package script '/home/vboxuser/ros2_ws/install/examples_rclcpp_minimal_client/share/examples_rclcpp_minimal_client/package.sh'
[6.396s] INFO:colcon.colcon_core.shell:Creating package script '/home/vboxuser/ros2_ws/install/examples_rclcpp_minimal_client/share/examples_rclcpp_minimal_client/package.bash'
[6.398s] INFO:colcon.colcon_core.shell:Creating package script '/home/vboxuser/ros2_ws/install/examples_rclcpp_minimal_client/share/examples_rclcpp_minimal_client/package.zsh'
[6.400s] Level 1:colcon.colcon_core.environment:create_file_with_runtime_dependencies(/home/vboxuser/ros2_ws/install/examples_rclcpp_minimal_client/share/colcon-core/packages/examples_rclcpp_minimal_client)
[6.401s] Level 1:colcon.colcon_core.environment:create_environment_scripts_only(examples_rclcpp_minimal_client)
[6.424s] Level 1:colcon.colcon_core.environment:checking '/home/vboxuser/ros2_ws/install/examples_rclcpp_minimal_client' for CMake module files
[6.426s] Level 1:colcon.colcon_core.environment:checking '/home/vboxuser/ros2_ws/install/examples_rclcpp_minimal_client' for CMake config files
[6.430s] Level 1:colcon.colcon_core.shell:create_environment_hook('examples_rclcpp_minimal_client', 'cmake_prefix_path')
[6.431s] INFO:colcon.colcon_core.shell:Creating environment hook '/home/vboxuser/ros2_ws/install/examples_rclcpp_minimal_client/share/examples_rclcpp_minimal_client/hook/cmake_prefix_path.ps1'
[6.439s] INFO:colcon.colcon_core.shell:Creating environment descriptor '/home/vboxuser/ros2_ws/install/examples_rclcpp_minimal_client/share/examples_rclcpp_minimal_client/hook/cmake_prefix_path.dsv'
[6.440s] INFO:colcon.colcon_core.shell:Creating environment hook '/home/vboxuser/ros2_ws/install/examples_rclcpp_minimal_client/share/examples_rclcpp_minimal_client/hook/cmake_prefix_path.sh'
[6.446s] Level 1:colcon.colcon_core.environment:checking '/home/vboxuser/ros2_ws/install/examples_rclcpp_minimal_client/lib'
[6.446s] Level 1:colcon.colcon_core.environment:checking '/home/vboxuser/ros2_ws/install/examples_rclcpp_minimal_client/bin'
[6.446s] Level 1:colcon.colcon_core.environment:checking '/home/vboxuser/ros2_ws/install/examples_rclcpp_minimal_client/lib/pkgconfig/examples_rclcpp_minimal_client.pc'
[6.446s] Level 1:colcon.colcon_core.environment:checking '/home/vboxuser/ros2_ws/install/examples_rclcpp_minimal_client/lib/python3.10/site-packages'
[6.447s] Level 1:colcon.colcon_core.environment:checking '/home/vboxuser/ros2_ws/install/examples_rclcpp_minimal_client/bin'
[6.447s] INFO:colcon.colcon_core.shell:Creating package script '/home/vboxuser/ros2_ws/install/examples_rclcpp_minimal_client/share/examples_rclcpp_minimal_client/package.ps1'
[6.453s] INFO:colcon.colcon_core.shell:Creating package descriptor '/home/vboxuser/ros2_ws/install/examples_rclcpp_minimal_client/share/examples_rclcpp_minimal_client/package.dsv'
[6.464s] INFO:colcon.colcon_core.shell:Creating package script '/home/vboxuser/ros2_ws/install/examples_rclcpp_minimal_client/share/examples_rclcpp_minimal_client/package.sh'
[6.465s] INFO:colcon.colcon_core.shell:Creating package script '/home/vboxuser/ros2_ws/install/examples_rclcpp_minimal_client/share/examples_rclcpp_minimal_client/package.bash'
[6.469s] INFO:colcon.colcon_core.shell:Creating package script '/home/vboxuser/ros2_ws/install/examples_rclcpp_minimal_client/share/examples_rclcpp_minimal_client/package.zsh'
[6.478s] Level 1:colcon.colcon_core.environment:create_file_with_runtime_dependencies(/home/vboxuser/ros2_ws/install/examples_rclcpp_minimal_client/share/colcon-core/packages/examples_rclcpp_minimal_client)
[6.480s] INFO:colcon.colcon_ros.task.ament_cmake.build:Building ROS package in '/home/vboxuser/ros2_ws/src/examples/rclcpp/services/minimal_service' with build type 'ament_cmake'
[6.482s] INFO:colcon.colcon_cmake.task.cmake.build:Building CMake package in '/home/vboxuser/ros2_ws/src/examples/rclcpp/services/minimal_service'
[6.484s] INFO:colcon.colcon_core.shell:Skip shell extension 'powershell' for command environment: Not usable outside of PowerShell
[6.484s] DEBUG:colcon.colcon_core.shell:Skip shell extension 'dsv' for command environment
[6.734s] DEBUG:colcon.colcon_core.event_handler.log_command:Invoking command in '/home/vboxuser/ros2_ws/build/examples_rclcpp_minimal_publisher': CMAKE_PREFIX_PATH=${CMAKE_PREFIX_PATH}:/home/vboxuser/ros2_ws/install/read_rosbag:/home/vboxuser/ros2_ws/install/py_pubsub:/home/vboxuser/ros2_ws/install/launch_testing_examples:/home/vboxuser/ros2_ws/install/examples_rclpy_pointcloud_publisher:/home/vboxuser/ros2_ws/install/examples_rclpy_minimal_subscriber:/home/vboxuser/ros2_ws/install/examples_rclpy_minimal_service:/home/vboxuser/ros2_ws/install/examples_rclpy_minimal_publisher:/home/vboxuser/ros2_ws/install/examples_rclpy_minimal_client:/home/vboxuser/ros2_ws/install/examples_rclpy_minimal_action_server:/home/vboxuser/ros2_ws/install/examples_rclpy_minimal_action_client:/home/vboxuser/ros2_ws/install/examples_rclpy_guard_conditions:/home/vboxuser/ros2_ws/install/examples_rclpy_executors:/home/vboxuser/ros2_ws/install/bms_visualizer:/opt/ros/iron:/home/vboxuser/ros2_iron/install/rqt_bag_plugins:/home/vboxuser/ros2_iron/install/rqt_bag:/home/vboxuser/ros2_iron/install/rosbag2_examples_py:/home/vboxuser/ros2_iron/install/launch_testing_examples:/home/vboxuser/ros2_iron/install/ros2bag:/home/vboxuser/ros2_iron/install/tracetools_test:/home/vboxuser/ros2_iron/install/tracetools_launch:/home/vboxuser/ros2_iron/install/topic_monitor:/home/vboxuser/ros2_iron/install/tf2_tools:/home/vboxuser/ros2_iron/install/examples_tf2_py:/home/vboxuser/ros2_iron/install/tf2_ros_py:/home/vboxuser/ros2_iron/install/examples_rclpy_pointcloud_publisher:/home/vboxuser/ros2_iron/install/sensor_msgs_py:/home/vboxuser/ros2_iron/install/quality_of_service_demo_py:/home/vboxuser/ros2_iron/install/rqt_plot:/home/vboxuser/ros2_iron/install/ros2doctor:/home/vboxuser/ros2_iron/install/lifecycle_py:/home/vboxuser/ros2_iron/install/examples_rclpy_minimal_subscriber:/home/vboxuser/ros2_iron/install/examples_rclpy_minimal_service:/home/vboxuser/ros2_iron/install/examples_rclpy_minimal_publisher:/home/vboxuser/ros2_iron/install/examples_rclpy_minimal_client:/home/vboxuser/ros2_iron/install/examples_rclpy_executors:/home/vboxuser/ros2_iron/install/demo_nodes_py:/home/vboxuser/ros2_iron/install/rqt:/home/vboxuser/ros2_iron/install/ros2component:/home/vboxuser/ros2_iron/install/sros2:/home/vboxuser/ros2_iron/install/rqt_topic:/home/vboxuser/ros2_iron/install/rqt_srv:/home/vboxuser/ros2_iron/install/rqt_shell:/home/vboxuser/ros2_iron/install/rqt_service_caller:/home/vboxuser/ros2_iron/install/rqt_reconfigure:/home/vboxuser/ros2_iron/install/rqt_py_console:/home/vboxuser/ros2_iron/install/rqt_publisher:/home/vboxuser/ros2_iron/install/rqt_action:/home/vboxuser/ros2_iron/install/rqt_msg:/home/vboxuser/ros2_iron/install/rqt_console:/home/vboxuser/ros2_iron/install/rqt_graph:/home/vboxuser/ros2_iron/install/rqt_gui_py:/home/vboxuser/ros2_iron/install/rqt_gui:/home/vboxuser/ros2_iron/install/ros2trace:/home/vboxuser/ros2_iron/install/ros2topic:/home/vboxuser/ros2_iron/install/ros2test:/home/vboxuser/ros2_iron/install/ros2param:/home/vboxuser/ros2_iron/install/ros2lifecycle:/home/vboxuser/ros2_iron/install/ros2service:/home/vboxuser/ros2_iron/install/ros2run:/home/vboxuser/ros2_iron/install/ros2launch:/home/vboxuser/ros2_iron/install/ros2pkg:/home/vboxuser/ros2_iron/install/ros2node:/home/vboxuser/ros2_iron/install/ros2multicast:/home/vboxuser/ros2_iron/install/ros2interface:/home/vboxuser/ros2_iron/install/ros2action:/home/vboxuser/ros2_iron/install/ros2cli:/home/vboxuser/ros2_iron/install/launch_testing_ros:/home/vboxuser/ros2_iron/install/launch_ros:/home/vboxuser/ros2_iron/install/examples_rclpy_minimal_action_server:/home/vboxuser/ros2_iron/install/examples_rclpy_minimal_action_client:/home/vboxuser/ros2_iron/install/examples_rclpy_guard_conditions:/home/vboxuser/ros2_iron/install/action_tutorials_py:/home/vboxuser/ros2_iron/install/ament_uncrustify:/home/vboxuser/ros2_iron/install/tracetools_trace:/home/vboxuser/ros2_iron/install/tracetools_read:/home/vboxuser/ros2_iron/install/test_tracetools_launch:/home/vboxuser/ros2_iron/install/test_ros2trace:/home/vboxuser/ros2_iron/install/test_launch_ros:/home/vboxuser/ros2_iron/install/rpyutils:/home/vboxuser/ros2_iron/install/rosidl_runtime_py:/home/vboxuser/ros2_iron/install/rosidl_pycommon:/home/vboxuser/ros2_iron/install/rosidl_cli:/home/vboxuser/ros2_iron/install/launch_pytest:/home/vboxuser/ros2_iron/install/launch_testing:/home/vboxuser/ros2_iron/install/launch_yaml:/home/vboxuser/ros2_iron/install/launch_xml:/home/vboxuser/ros2_iron/install/launch:/home/vboxuser/ros2_iron/install/osrf_pycommon:/home/vboxuser/ros2_iron/install/domain_coordinator:/home/vboxuser/ros2_iron/install/ament_xmllint:/home/vboxuser/ros2_iron/install/ament_pyflakes:/home/vboxuser/ros2_iron/install/ament_pycodestyle:/home/vboxuser/ros2_iron/install/ament_pep257:/home/vboxuser/ros2_iron/install/ament_pclint:/home/vboxuser/ros2_iron/install/ament_package:/home/vboxuser/ros2_iron/install/ament_mypy:/home/vboxuser/ros2_iron/install/ament_lint_cmake:/home/vboxuser/ros2_iron/install/ament_flake8:/home/vboxuser/ros2_iron/install/ament_copyright:/home/vboxuser/ros2_iron/install/ament_lint:/home/vboxuser/ros2_iron/install/ament_index_python:/home/vboxuser/ros2_iron/install/ament_cpplint:/home/vboxuser/ros2_iron/install/ament_cppcheck:/home/vboxuser/ros2_iron/install/ament_clang_tidy:/home/vboxuser/ros2_iron/install/ament_clang_format /usr/bin/cmake --build /home/vboxuser/ros2_ws/build/examples_rclcpp_minimal_publisher -- -j4 -l4
[6.786s] DEBUG:colcon.colcon_core.event_handler.log_command:Invoking command in '/home/vboxuser/ros2_ws/build/examples_rclcpp_minimal_service': CMAKE_PREFIX_PATH=${CMAKE_PREFIX_PATH}:/home/vboxuser/ros2_ws/install/read_rosbag:/home/vboxuser/ros2_ws/install/py_pubsub:/home/vboxuser/ros2_ws/install/launch_testing_examples:/home/vboxuser/ros2_ws/install/examples_rclpy_pointcloud_publisher:/home/vboxuser/ros2_ws/install/examples_rclpy_minimal_subscriber:/home/vboxuser/ros2_ws/install/examples_rclpy_minimal_service:/home/vboxuser/ros2_ws/install/examples_rclpy_minimal_publisher:/home/vboxuser/ros2_ws/install/examples_rclpy_minimal_client:/home/vboxuser/ros2_ws/install/examples_rclpy_minimal_action_server:/home/vboxuser/ros2_ws/install/examples_rclpy_minimal_action_client:/home/vboxuser/ros2_ws/install/examples_rclpy_guard_conditions:/home/vboxuser/ros2_ws/install/examples_rclpy_executors:/home/vboxuser/ros2_ws/install/bms_visualizer:/opt/ros/iron:/home/vboxuser/ros2_iron/install/rqt_bag_plugins:/home/vboxuser/ros2_iron/install/rqt_bag:/home/vboxuser/ros2_iron/install/rosbag2_examples_py:/home/vboxuser/ros2_iron/install/launch_testing_examples:/home/vboxuser/ros2_iron/install/ros2bag:/home/vboxuser/ros2_iron/install/tracetools_test:/home/vboxuser/ros2_iron/install/tracetools_launch:/home/vboxuser/ros2_iron/install/topic_monitor:/home/vboxuser/ros2_iron/install/tf2_tools:/home/vboxuser/ros2_iron/install/examples_tf2_py:/home/vboxuser/ros2_iron/install/tf2_ros_py:/home/vboxuser/ros2_iron/install/examples_rclpy_pointcloud_publisher:/home/vboxuser/ros2_iron/install/sensor_msgs_py:/home/vboxuser/ros2_iron/install/quality_of_service_demo_py:/home/vboxuser/ros2_iron/install/rqt_plot:/home/vboxuser/ros2_iron/install/ros2doctor:/home/vboxuser/ros2_iron/install/lifecycle_py:/home/vboxuser/ros2_iron/install/examples_rclpy_minimal_subscriber:/home/vboxuser/ros2_iron/install/examples_rclpy_minimal_service:/home/vboxuser/ros2_iron/install/examples_rclpy_minimal_publisher:/home/vboxuser/ros2_iron/install/examples_rclpy_minimal_client:/home/vboxuser/ros2_iron/install/examples_rclpy_executors:/home/vboxuser/ros2_iron/install/demo_nodes_py:/home/vboxuser/ros2_iron/install/rqt:/home/vboxuser/ros2_iron/install/ros2component:/home/vboxuser/ros2_iron/install/sros2:/home/vboxuser/ros2_iron/install/rqt_topic:/home/vboxuser/ros2_iron/install/rqt_srv:/home/vboxuser/ros2_iron/install/rqt_shell:/home/vboxuser/ros2_iron/install/rqt_service_caller:/home/vboxuser/ros2_iron/install/rqt_reconfigure:/home/vboxuser/ros2_iron/install/rqt_py_console:/home/vboxuser/ros2_iron/install/rqt_publisher:/home/vboxuser/ros2_iron/install/rqt_action:/home/vboxuser/ros2_iron/install/rqt_msg:/home/vboxuser/ros2_iron/install/rqt_console:/home/vboxuser/ros2_iron/install/rqt_graph:/home/vboxuser/ros2_iron/install/rqt_gui_py:/home/vboxuser/ros2_iron/install/rqt_gui:/home/vboxuser/ros2_iron/install/ros2trace:/home/vboxuser/ros2_iron/install/ros2topic:/home/vboxuser/ros2_iron/install/ros2test:/home/vboxuser/ros2_iron/install/ros2param:/home/vboxuser/ros2_iron/install/ros2lifecycle:/home/vboxuser/ros2_iron/install/ros2service:/home/vboxuser/ros2_iron/install/ros2run:/home/vboxuser/ros2_iron/install/ros2launch:/home/vboxuser/ros2_iron/install/ros2pkg:/home/vboxuser/ros2_iron/install/ros2node:/home/vboxuser/ros2_iron/install/ros2multicast:/home/vboxuser/ros2_iron/install/ros2interface:/home/vboxuser/ros2_iron/install/ros2action:/home/vboxuser/ros2_iron/install/ros2cli:/home/vboxuser/ros2_iron/install/launch_testing_ros:/home/vboxuser/ros2_iron/install/launch_ros:/home/vboxuser/ros2_iron/install/examples_rclpy_minimal_action_server:/home/vboxuser/ros2_iron/install/examples_rclpy_minimal_action_client:/home/vboxuser/ros2_iron/install/examples_rclpy_guard_conditions:/home/vboxuser/ros2_iron/install/action_tutorials_py:/home/vboxuser/ros2_iron/install/ament_uncrustify:/home/vboxuser/ros2_iron/install/tracetools_trace:/home/vboxuser/ros2_iron/install/tracetools_read:/home/vboxuser/ros2_iron/install/test_tracetools_launch:/home/vboxuser/ros2_iron/install/test_ros2trace:/home/vboxuser/ros2_iron/install/test_launch_ros:/home/vboxuser/ros2_iron/install/rpyutils:/home/vboxuser/ros2_iron/install/rosidl_runtime_py:/home/vboxuser/ros2_iron/install/rosidl_pycommon:/home/vboxuser/ros2_iron/install/rosidl_cli:/home/vboxuser/ros2_iron/install/launch_pytest:/home/vboxuser/ros2_iron/install/launch_testing:/home/vboxuser/ros2_iron/install/launch_yaml:/home/vboxuser/ros2_iron/install/launch_xml:/home/vboxuser/ros2_iron/install/launch:/home/vboxuser/ros2_iron/install/osrf_pycommon:/home/vboxuser/ros2_iron/install/domain_coordinator:/home/vboxuser/ros2_iron/install/ament_xmllint:/home/vboxuser/ros2_iron/install/ament_pyflakes:/home/vboxuser/ros2_iron/install/ament_pycodestyle:/home/vboxuser/ros2_iron/install/ament_pep257:/home/vboxuser/ros2_iron/install/ament_pclint:/home/vboxuser/ros2_iron/install/ament_package:/home/vboxuser/ros2_iron/install/ament_mypy:/home/vboxuser/ros2_iron/install/ament_lint_cmake:/home/vboxuser/ros2_iron/install/ament_flake8:/home/vboxuser/ros2_iron/install/ament_copyright:/home/vboxuser/ros2_iron/install/ament_lint:/home/vboxuser/ros2_iron/install/ament_index_python:/home/vboxuser/ros2_iron/install/ament_cpplint:/home/vboxuser/ros2_iron/install/ament_cppcheck:/home/vboxuser/ros2_iron/install/ament_clang_tidy:/home/vboxuser/ros2_iron/install/ament_clang_format /usr/bin/cmake --build /home/vboxuser/ros2_ws/build/examples_rclcpp_minimal_service -- -j4 -l4
[7.128s] DEBUG:colcon.colcon_core.event_handler.log_command:Invoked command in '/home/vboxuser/ros2_ws/build/examples_rclcpp_minimal_composition' returned '0': CMAKE_PREFIX_PATH=${CMAKE_PREFIX_PATH}:/home/vboxuser/ros2_ws/install/read_rosbag:/home/vboxuser/ros2_ws/install/py_pubsub:/home/vboxuser/ros2_ws/install/launch_testing_examples:/home/vboxuser/ros2_ws/install/examples_rclpy_pointcloud_publisher:/home/vboxuser/ros2_ws/install/examples_rclpy_minimal_subscriber:/home/vboxuser/ros2_ws/install/examples_rclpy_minimal_service:/home/vboxuser/ros2_ws/install/examples_rclpy_minimal_publisher:/home/vboxuser/ros2_ws/install/examples_rclpy_minimal_client:/home/vboxuser/ros2_ws/install/examples_rclpy_minimal_action_server:/home/vboxuser/ros2_ws/install/examples_rclpy_minimal_action_client:/home/vboxuser/ros2_ws/install/examples_rclpy_guard_conditions:/home/vboxuser/ros2_ws/install/examples_rclpy_executors:/home/vboxuser/ros2_ws/install/bms_visualizer:/opt/ros/iron:/home/vboxuser/ros2_iron/install/rqt_bag_plugins:/home/vboxuser/ros2_iron/install/rqt_bag:/home/vboxuser/ros2_iron/install/rosbag2_examples_py:/home/vboxuser/ros2_iron/install/launch_testing_examples:/home/vboxuser/ros2_iron/install/ros2bag:/home/vboxuser/ros2_iron/install/tracetools_test:/home/vboxuser/ros2_iron/install/tracetools_launch:/home/vboxuser/ros2_iron/install/topic_monitor:/home/vboxuser/ros2_iron/install/tf2_tools:/home/vboxuser/ros2_iron/install/examples_tf2_py:/home/vboxuser/ros2_iron/install/tf2_ros_py:/home/vboxuser/ros2_iron/install/examples_rclpy_pointcloud_publisher:/home/vboxuser/ros2_iron/install/sensor_msgs_py:/home/vboxuser/ros2_iron/install/quality_of_service_demo_py:/home/vboxuser/ros2_iron/install/rqt_plot:/home/vboxuser/ros2_iron/install/ros2doctor:/home/vboxuser/ros2_iron/install/lifecycle_py:/home/vboxuser/ros2_iron/install/examples_rclpy_minimal_subscriber:/home/vboxuser/ros2_iron/install/examples_rclpy_minimal_service:/home/vboxuser/ros2_iron/install/examples_rclpy_minimal_publisher:/home/vboxuser/ros2_iron/install/examples_rclpy_minimal_client:/home/vboxuser/ros2_iron/install/examples_rclpy_executors:/home/vboxuser/ros2_iron/install/demo_nodes_py:/home/vboxuser/ros2_iron/install/rqt:/home/vboxuser/ros2_iron/install/ros2component:/home/vboxuser/ros2_iron/install/sros2:/home/vboxuser/ros2_iron/install/rqt_topic:/home/vboxuser/ros2_iron/install/rqt_srv:/home/vboxuser/ros2_iron/install/rqt_shell:/home/vboxuser/ros2_iron/install/rqt_service_caller:/home/vboxuser/ros2_iron/install/rqt_reconfigure:/home/vboxuser/ros2_iron/install/rqt_py_console:/home/vboxuser/ros2_iron/install/rqt_publisher:/home/vboxuser/ros2_iron/install/rqt_action:/home/vboxuser/ros2_iron/install/rqt_msg:/home/vboxuser/ros2_iron/install/rqt_console:/home/vboxuser/ros2_iron/install/rqt_graph:/home/vboxuser/ros2_iron/install/rqt_gui_py:/home/vboxuser/ros2_iron/install/rqt_gui:/home/vboxuser/ros2_iron/install/ros2trace:/home/vboxuser/ros2_iron/install/ros2topic:/home/vboxuser/ros2_iron/install/ros2test:/home/vboxuser/ros2_iron/install/ros2param:/home/vboxuser/ros2_iron/install/ros2lifecycle:/home/vboxuser/ros2_iron/install/ros2service:/home/vboxuser/ros2_iron/install/ros2run:/home/vboxuser/ros2_iron/install/ros2launch:/home/vboxuser/ros2_iron/install/ros2pkg:/home/vboxuser/ros2_iron/install/ros2node:/home/vboxuser/ros2_iron/install/ros2multicast:/home/vboxuser/ros2_iron/install/ros2interface:/home/vboxuser/ros2_iron/install/ros2action:/home/vboxuser/ros2_iron/install/ros2cli:/home/vboxuser/ros2_iron/install/launch_testing_ros:/home/vboxuser/ros2_iron/install/launch_ros:/home/vboxuser/ros2_iron/install/examples_rclpy_minimal_action_server:/home/vboxuser/ros2_iron/install/examples_rclpy_minimal_action_client:/home/vboxuser/ros2_iron/install/examples_rclpy_guard_conditions:/home/vboxuser/ros2_iron/install/action_tutorials_py:/home/vboxuser/ros2_iron/install/ament_uncrustify:/home/vboxuser/ros2_iron/install/tracetools_trace:/home/vboxuser/ros2_iron/install/tracetools_read:/home/vboxuser/ros2_iron/install/test_tracetools_launch:/home/vboxuser/ros2_iron/install/test_ros2trace:/home/vboxuser/ros2_iron/install/test_launch_ros:/home/vboxuser/ros2_iron/install/rpyutils:/home/vboxuser/ros2_iron/install/rosidl_runtime_py:/home/vboxuser/ros2_iron/install/rosidl_pycommon:/home/vboxuser/ros2_iron/install/rosidl_cli:/home/vboxuser/ros2_iron/install/launch_pytest:/home/vboxuser/ros2_iron/install/launch_testing:/home/vboxuser/ros2_iron/install/launch_yaml:/home/vboxuser/ros2_iron/install/launch_xml:/home/vboxuser/ros2_iron/install/launch:/home/vboxuser/ros2_iron/install/osrf_pycommon:/home/vboxuser/ros2_iron/install/domain_coordinator:/home/vboxuser/ros2_iron/install/ament_xmllint:/home/vboxuser/ros2_iron/install/ament_pyflakes:/home/vboxuser/ros2_iron/install/ament_pycodestyle:/home/vboxuser/ros2_iron/install/ament_pep257:/home/vboxuser/ros2_iron/install/ament_pclint:/home/vboxuser/ros2_iron/install/ament_package:/home/vboxuser/ros2_iron/install/ament_mypy:/home/vboxuser/ros2_iron/install/ament_lint_cmake:/home/vboxuser/ros2_iron/install/ament_flake8:/home/vboxuser/ros2_iron/install/ament_copyright:/home/vboxuser/ros2_iron/install/ament_lint:/home/vboxuser/ros2_iron/install/ament_index_python:/home/vboxuser/ros2_iron/install/ament_cpplint:/home/vboxuser/ros2_iron/install/ament_cppcheck:/home/vboxuser/ros2_iron/install/ament_clang_tidy:/home/vboxuser/ros2_iron/install/ament_clang_format /usr/bin/cmake --build /home/vboxuser/ros2_ws/build/examples_rclcpp_minimal_composition -- -j4 -l4
[7.150s] DEBUG:colcon.colcon_core.event_handler.log_command:Invoking command in '/home/vboxuser/ros2_ws/build/examples_rclcpp_minimal_composition': CMAKE_PREFIX_PATH=${CMAKE_PREFIX_PATH}:/home/vboxuser/ros2_ws/install/read_rosbag:/home/vboxuser/ros2_ws/install/py_pubsub:/home/vboxuser/ros2_ws/install/launch_testing_examples:/home/vboxuser/ros2_ws/install/examples_rclpy_pointcloud_publisher:/home/vboxuser/ros2_ws/install/examples_rclpy_minimal_subscriber:/home/vboxuser/ros2_ws/install/examples_rclpy_minimal_service:/home/vboxuser/ros2_ws/install/examples_rclpy_minimal_publisher:/home/vboxuser/ros2_ws/install/examples_rclpy_minimal_client:/home/vboxuser/ros2_ws/install/examples_rclpy_minimal_action_server:/home/vboxuser/ros2_ws/install/examples_rclpy_minimal_action_client:/home/vboxuser/ros2_ws/install/examples_rclpy_guard_conditions:/home/vboxuser/ros2_ws/install/examples_rclpy_executors:/home/vboxuser/ros2_ws/install/bms_visualizer:/opt/ros/iron:/home/vboxuser/ros2_iron/install/rqt_bag_plugins:/home/vboxuser/ros2_iron/install/rqt_bag:/home/vboxuser/ros2_iron/install/rosbag2_examples_py:/home/vboxuser/ros2_iron/install/launch_testing_examples:/home/vboxuser/ros2_iron/install/ros2bag:/home/vboxuser/ros2_iron/install/tracetools_test:/home/vboxuser/ros2_iron/install/tracetools_launch:/home/vboxuser/ros2_iron/install/topic_monitor:/home/vboxuser/ros2_iron/install/tf2_tools:/home/vboxuser/ros2_iron/install/examples_tf2_py:/home/vboxuser/ros2_iron/install/tf2_ros_py:/home/vboxuser/ros2_iron/install/examples_rclpy_pointcloud_publisher:/home/vboxuser/ros2_iron/install/sensor_msgs_py:/home/vboxuser/ros2_iron/install/quality_of_service_demo_py:/home/vboxuser/ros2_iron/install/rqt_plot:/home/vboxuser/ros2_iron/install/ros2doctor:/home/vboxuser/ros2_iron/install/lifecycle_py:/home/vboxuser/ros2_iron/install/examples_rclpy_minimal_subscriber:/home/vboxuser/ros2_iron/install/examples_rclpy_minimal_service:/home/vboxuser/ros2_iron/install/examples_rclpy_minimal_publisher:/home/vboxuser/ros2_iron/install/examples_rclpy_minimal_client:/home/vboxuser/ros2_iron/install/examples_rclpy_executors:/home/vboxuser/ros2_iron/install/demo_nodes_py:/home/vboxuser/ros2_iron/install/rqt:/home/vboxuser/ros2_iron/install/ros2component:/home/vboxuser/ros2_iron/install/sros2:/home/vboxuser/ros2_iron/install/rqt_topic:/home/vboxuser/ros2_iron/install/rqt_srv:/home/vboxuser/ros2_iron/install/rqt_shell:/home/vboxuser/ros2_iron/install/rqt_service_caller:/home/vboxuser/ros2_iron/install/rqt_reconfigure:/home/vboxuser/ros2_iron/install/rqt_py_console:/home/vboxuser/ros2_iron/install/rqt_publisher:/home/vboxuser/ros2_iron/install/rqt_action:/home/vboxuser/ros2_iron/install/rqt_msg:/home/vboxuser/ros2_iron/install/rqt_console:/home/vboxuser/ros2_iron/install/rqt_graph:/home/vboxuser/ros2_iron/install/rqt_gui_py:/home/vboxuser/ros2_iron/install/rqt_gui:/home/vboxuser/ros2_iron/install/ros2trace:/home/vboxuser/ros2_iron/install/ros2topic:/home/vboxuser/ros2_iron/install/ros2test:/home/vboxuser/ros2_iron/install/ros2param:/home/vboxuser/ros2_iron/install/ros2lifecycle:/home/vboxuser/ros2_iron/install/ros2service:/home/vboxuser/ros2_iron/install/ros2run:/home/vboxuser/ros2_iron/install/ros2launch:/home/vboxuser/ros2_iron/install/ros2pkg:/home/vboxuser/ros2_iron/install/ros2node:/home/vboxuser/ros2_iron/install/ros2multicast:/home/vboxuser/ros2_iron/install/ros2interface:/home/vboxuser/ros2_iron/install/ros2action:/home/vboxuser/ros2_iron/install/ros2cli:/home/vboxuser/ros2_iron/install/launch_testing_ros:/home/vboxuser/ros2_iron/install/launch_ros:/home/vboxuser/ros2_iron/install/examples_rclpy_minimal_action_server:/home/vboxuser/ros2_iron/install/examples_rclpy_minimal_action_client:/home/vboxuser/ros2_iron/install/examples_rclpy_guard_conditions:/home/vboxuser/ros2_iron/install/action_tutorials_py:/home/vboxuser/ros2_iron/install/ament_uncrustify:/home/vboxuser/ros2_iron/install/tracetools_trace:/home/vboxuser/ros2_iron/install/tracetools_read:/home/vboxuser/ros2_iron/install/test_tracetools_launch:/home/vboxuser/ros2_iron/install/test_ros2trace:/home/vboxuser/ros2_iron/install/test_launch_ros:/home/vboxuser/ros2_iron/install/rpyutils:/home/vboxuser/ros2_iron/install/rosidl_runtime_py:/home/vboxuser/ros2_iron/install/rosidl_pycommon:/home/vboxuser/ros2_iron/install/rosidl_cli:/home/vboxuser/ros2_iron/install/launch_pytest:/home/vboxuser/ros2_iron/install/launch_testing:/home/vboxuser/ros2_iron/install/launch_yaml:/home/vboxuser/ros2_iron/install/launch_xml:/home/vboxuser/ros2_iron/install/launch:/home/vboxuser/ros2_iron/install/osrf_pycommon:/home/vboxuser/ros2_iron/install/domain_coordinator:/home/vboxuser/ros2_iron/install/ament_xmllint:/home/vboxuser/ros2_iron/install/ament_pyflakes:/home/vboxuser/ros2_iron/install/ament_pycodestyle:/home/vboxuser/ros2_iron/install/ament_pep257:/home/vboxuser/ros2_iron/install/ament_pclint:/home/vboxuser/ros2_iron/install/ament_package:/home/vboxuser/ros2_iron/install/ament_mypy:/home/vboxuser/ros2_iron/install/ament_lint_cmake:/home/vboxuser/ros2_iron/install/ament_flake8:/home/vboxuser/ros2_iron/install/ament_copyright:/home/vboxuser/ros2_iron/install/ament_lint:/home/vboxuser/ros2_iron/install/ament_index_python:/home/vboxuser/ros2_iron/install/ament_cpplint:/home/vboxuser/ros2_iron/install/ament_cppcheck:/home/vboxuser/ros2_iron/install/ament_clang_tidy:/home/vboxuser/ros2_iron/install/ament_clang_format /usr/bin/cmake --install /home/vboxuser/ros2_ws/build/examples_rclcpp_minimal_composition
[7.492s] Level 1:colcon.colcon_core.environment:create_environment_scripts_only(examples_rclcpp_minimal_composition)
[7.495s] DEBUG:colcon.colcon_core.event_handler.log_command:Invoked command in '/home/vboxuser/ros2_ws/build/examples_rclcpp_minimal_composition' returned '0': CMAKE_PREFIX_PATH=${CMAKE_PREFIX_PATH}:/home/vboxuser/ros2_ws/install/read_rosbag:/home/vboxuser/ros2_ws/install/py_pubsub:/home/vboxuser/ros2_ws/install/launch_testing_examples:/home/vboxuser/ros2_ws/install/examples_rclpy_pointcloud_publisher:/home/vboxuser/ros2_ws/install/examples_rclpy_minimal_subscriber:/home/vboxuser/ros2_ws/install/examples_rclpy_minimal_service:/home/vboxuser/ros2_ws/install/examples_rclpy_minimal_publisher:/home/vboxuser/ros2_ws/install/examples_rclpy_minimal_client:/home/vboxuser/ros2_ws/install/examples_rclpy_minimal_action_server:/home/vboxuser/ros2_ws/install/examples_rclpy_minimal_action_client:/home/vboxuser/ros2_ws/install/examples_rclpy_guard_conditions:/home/vboxuser/ros2_ws/install/examples_rclpy_executors:/home/vboxuser/ros2_ws/install/bms_visualizer:/opt/ros/iron:/home/vboxuser/ros2_iron/install/rqt_bag_plugins:/home/vboxuser/ros2_iron/install/rqt_bag:/home/vboxuser/ros2_iron/install/rosbag2_examples_py:/home/vboxuser/ros2_iron/install/launch_testing_examples:/home/vboxuser/ros2_iron/install/ros2bag:/home/vboxuser/ros2_iron/install/tracetools_test:/home/vboxuser/ros2_iron/install/tracetools_launch:/home/vboxuser/ros2_iron/install/topic_monitor:/home/vboxuser/ros2_iron/install/tf2_tools:/home/vboxuser/ros2_iron/install/examples_tf2_py:/home/vboxuser/ros2_iron/install/tf2_ros_py:/home/vboxuser/ros2_iron/install/examples_rclpy_pointcloud_publisher:/home/vboxuser/ros2_iron/install/sensor_msgs_py:/home/vboxuser/ros2_iron/install/quality_of_service_demo_py:/home/vboxuser/ros2_iron/install/rqt_plot:/home/vboxuser/ros2_iron/install/ros2doctor:/home/vboxuser/ros2_iron/install/lifecycle_py:/home/vboxuser/ros2_iron/install/examples_rclpy_minimal_subscriber:/home/vboxuser/ros2_iron/install/examples_rclpy_minimal_service:/home/vboxuser/ros2_iron/install/examples_rclpy_minimal_publisher:/home/vboxuser/ros2_iron/install/examples_rclpy_minimal_client:/home/vboxuser/ros2_iron/install/examples_rclpy_executors:/home/vboxuser/ros2_iron/install/demo_nodes_py:/home/vboxuser/ros2_iron/install/rqt:/home/vboxuser/ros2_iron/install/ros2component:/home/vboxuser/ros2_iron/install/sros2:/home/vboxuser/ros2_iron/install/rqt_topic:/home/vboxuser/ros2_iron/install/rqt_srv:/home/vboxuser/ros2_iron/install/rqt_shell:/home/vboxuser/ros2_iron/install/rqt_service_caller:/home/vboxuser/ros2_iron/install/rqt_reconfigure:/home/vboxuser/ros2_iron/install/rqt_py_console:/home/vboxuser/ros2_iron/install/rqt_publisher:/home/vboxuser/ros2_iron/install/rqt_action:/home/vboxuser/ros2_iron/install/rqt_msg:/home/vboxuser/ros2_iron/install/rqt_console:/home/vboxuser/ros2_iron/install/rqt_graph:/home/vboxuser/ros2_iron/install/rqt_gui_py:/home/vboxuser/ros2_iron/install/rqt_gui:/home/vboxuser/ros2_iron/install/ros2trace:/home/vboxuser/ros2_iron/install/ros2topic:/home/vboxuser/ros2_iron/install/ros2test:/home/vboxuser/ros2_iron/install/ros2param:/home/vboxuser/ros2_iron/install/ros2lifecycle:/home/vboxuser/ros2_iron/install/ros2service:/home/vboxuser/ros2_iron/install/ros2run:/home/vboxuser/ros2_iron/install/ros2launch:/home/vboxuser/ros2_iron/install/ros2pkg:/home/vboxuser/ros2_iron/install/ros2node:/home/vboxuser/ros2_iron/install/ros2multicast:/home/vboxuser/ros2_iron/install/ros2interface:/home/vboxuser/ros2_iron/install/ros2action:/home/vboxuser/ros2_iron/install/ros2cli:/home/vboxuser/ros2_iron/install/launch_testing_ros:/home/vboxuser/ros2_iron/install/launch_ros:/home/vboxuser/ros2_iron/install/examples_rclpy_minimal_action_server:/home/vboxuser/ros2_iron/install/examples_rclpy_minimal_action_client:/home/vboxuser/ros2_iron/install/examples_rclpy_guard_conditions:/home/vboxuser/ros2_iron/install/action_tutorials_py:/home/vboxuser/ros2_iron/install/ament_uncrustify:/home/vboxuser/ros2_iron/install/tracetools_trace:/home/vboxuser/ros2_iron/install/tracetools_read:/home/vboxuser/ros2_iron/install/test_tracetools_launch:/home/vboxuser/ros2_iron/install/test_ros2trace:/home/vboxuser/ros2_iron/install/test_launch_ros:/home/vboxuser/ros2_iron/install/rpyutils:/home/vboxuser/ros2_iron/install/rosidl_runtime_py:/home/vboxuser/ros2_iron/install/rosidl_pycommon:/home/vboxuser/ros2_iron/install/rosidl_cli:/home/vboxuser/ros2_iron/install/launch_pytest:/home/vboxuser/ros2_iron/install/launch_testing:/home/vboxuser/ros2_iron/install/launch_yaml:/home/vboxuser/ros2_iron/install/launch_xml:/home/vboxuser/ros2_iron/install/launch:/home/vboxuser/ros2_iron/install/osrf_pycommon:/home/vboxuser/ros2_iron/install/domain_coordinator:/home/vboxuser/ros2_iron/install/ament_xmllint:/home/vboxuser/ros2_iron/install/ament_pyflakes:/home/vboxuser/ros2_iron/install/ament_pycodestyle:/home/vboxuser/ros2_iron/install/ament_pep257:/home/vboxuser/ros2_iron/install/ament_pclint:/home/vboxuser/ros2_iron/install/ament_package:/home/vboxuser/ros2_iron/install/ament_mypy:/home/vboxuser/ros2_iron/install/ament_lint_cmake:/home/vboxuser/ros2_iron/install/ament_flake8:/home/vboxuser/ros2_iron/install/ament_copyright:/home/vboxuser/ros2_iron/install/ament_lint:/home/vboxuser/ros2_iron/install/ament_index_python:/home/vboxuser/ros2_iron/install/ament_cpplint:/home/vboxuser/ros2_iron/install/ament_cppcheck:/home/vboxuser/ros2_iron/install/ament_clang_tidy:/home/vboxuser/ros2_iron/install/ament_clang_format /usr/bin/cmake --install /home/vboxuser/ros2_ws/build/examples_rclcpp_minimal_composition
[7.496s] Level 1:colcon.colcon_core.environment:checking '/home/vboxuser/ros2_ws/install/examples_rclcpp_minimal_composition' for CMake module files
[7.504s] Level 1:colcon.colcon_core.environment:checking '/home/vboxuser/ros2_ws/install/examples_rclcpp_minimal_composition' for CMake config files
[7.504s] Level 1:colcon.colcon_core.shell:create_environment_hook('examples_rclcpp_minimal_composition', 'cmake_prefix_path')
[7.508s] INFO:colcon.colcon_core.shell:Creating environment hook '/home/vboxuser/ros2_ws/install/examples_rclcpp_minimal_composition/share/examples_rclcpp_minimal_composition/hook/cmake_prefix_path.ps1'
[7.512s] INFO:colcon.colcon_core.shell:Creating environment descriptor '/home/vboxuser/ros2_ws/install/examples_rclcpp_minimal_composition/share/examples_rclcpp_minimal_composition/hook/cmake_prefix_path.dsv'
[7.513s] INFO:colcon.colcon_core.shell:Creating environment hook '/home/vboxuser/ros2_ws/install/examples_rclcpp_minimal_composition/share/examples_rclcpp_minimal_composition/hook/cmake_prefix_path.sh'
[7.515s] Level 1:colcon.colcon_core.environment:checking '/home/vboxuser/ros2_ws/install/examples_rclcpp_minimal_composition/lib'
[7.516s] Level 1:colcon.colcon_core.shell:create_environment_hook('examples_rclcpp_minimal_composition', 'ld_library_path_lib')
[7.516s] INFO:colcon.colcon_core.shell:Creating environment hook '/home/vboxuser/ros2_ws/install/examples_rclcpp_minimal_composition/share/examples_rclcpp_minimal_composition/hook/ld_library_path_lib.ps1'
[7.517s] INFO:colcon.colcon_core.shell:Creating environment descriptor '/home/vboxuser/ros2_ws/install/examples_rclcpp_minimal_composition/share/examples_rclcpp_minimal_composition/hook/ld_library_path_lib.dsv'
[7.518s] INFO:colcon.colcon_core.shell:Creating environment hook '/home/vboxuser/ros2_ws/install/examples_rclcpp_minimal_composition/share/examples_rclcpp_minimal_composition/hook/ld_library_path_lib.sh'
[7.520s] Level 1:colcon.colcon_core.environment:checking '/home/vboxuser/ros2_ws/install/examples_rclcpp_minimal_composition/bin'
[7.520s] Level 1:colcon.colcon_core.environment:checking '/home/vboxuser/ros2_ws/install/examples_rclcpp_minimal_composition/lib/pkgconfig/examples_rclcpp_minimal_composition.pc'
[7.521s] Level 1:colcon.colcon_core.environment:checking '/home/vboxuser/ros2_ws/install/examples_rclcpp_minimal_composition/lib/python3.10/site-packages'
[7.555s] Level 1:colcon.colcon_core.environment:checking '/home/vboxuser/ros2_ws/install/examples_rclcpp_minimal_composition/bin'
[7.561s] INFO:colcon.colcon_core.shell:Creating package script '/home/vboxuser/ros2_ws/install/examples_rclcpp_minimal_composition/share/examples_rclcpp_minimal_composition/package.ps1'
[7.562s] INFO:colcon.colcon_core.shell:Creating package descriptor '/home/vboxuser/ros2_ws/install/examples_rclcpp_minimal_composition/share/examples_rclcpp_minimal_composition/package.dsv'
[7.563s] INFO:colcon.colcon_core.shell:Creating package script '/home/vboxuser/ros2_ws/install/examples_rclcpp_minimal_composition/share/examples_rclcpp_minimal_composition/package.sh'
[7.564s] INFO:colcon.colcon_core.shell:Creating package script '/home/vboxuser/ros2_ws/install/examples_rclcpp_minimal_composition/share/examples_rclcpp_minimal_composition/package.bash'
[7.580s] INFO:colcon.colcon_core.shell:Creating package script '/home/vboxuser/ros2_ws/install/examples_rclcpp_minimal_composition/share/examples_rclcpp_minimal_composition/package.zsh'
[7.585s] Level 1:colcon.colcon_core.environment:create_file_with_runtime_dependencies(/home/vboxuser/ros2_ws/install/examples_rclcpp_minimal_composition/share/colcon-core/packages/examples_rclcpp_minimal_composition)
[7.588s] Level 1:colcon.colcon_core.environment:create_environment_scripts_only(examples_rclcpp_minimal_composition)
[7.600s] Level 1:colcon.colcon_core.environment:checking '/home/vboxuser/ros2_ws/install/examples_rclcpp_minimal_composition' for CMake module files
[7.606s] Level 1:colcon.colcon_core.environment:checking '/home/vboxuser/ros2_ws/install/examples_rclcpp_minimal_composition' for CMake config files
[7.607s] Level 1:colcon.colcon_core.shell:create_environment_hook('examples_rclcpp_minimal_composition', 'cmake_prefix_path')
[7.607s] INFO:colcon.colcon_core.shell:Creating environment hook '/home/vboxuser/ros2_ws/install/examples_rclcpp_minimal_composition/share/examples_rclcpp_minimal_composition/hook/cmake_prefix_path.ps1'
[7.608s] INFO:colcon.colcon_core.shell:Creating environment descriptor '/home/vboxuser/ros2_ws/install/examples_rclcpp_minimal_composition/share/examples_rclcpp_minimal_composition/hook/cmake_prefix_path.dsv'
[7.609s] INFO:colcon.colcon_core.shell:Creating environment hook '/home/vboxuser/ros2_ws/install/examples_rclcpp_minimal_composition/share/examples_rclcpp_minimal_composition/hook/cmake_prefix_path.sh'
[7.611s] Level 1:colcon.colcon_core.environment:checking '/home/vboxuser/ros2_ws/install/examples_rclcpp_minimal_composition/lib'
[7.611s] Level 1:colcon.colcon_core.shell:create_environment_hook('examples_rclcpp_minimal_composition', 'ld_library_path_lib')
[7.612s] INFO:colcon.colcon_core.shell:Creating environment hook '/home/vboxuser/ros2_ws/install/examples_rclcpp_minimal_composition/share/examples_rclcpp_minimal_composition/hook/ld_library_path_lib.ps1'
[7.613s] INFO:colcon.colcon_core.shell:Creating environment descriptor '/home/vboxuser/ros2_ws/install/examples_rclcpp_minimal_composition/share/examples_rclcpp_minimal_composition/hook/ld_library_path_lib.dsv'
[7.618s] INFO:colcon.colcon_core.shell:Creating environment hook '/home/vboxuser/ros2_ws/install/examples_rclcpp_minimal_composition/share/examples_rclcpp_minimal_composition/hook/ld_library_path_lib.sh'
[7.620s] Level 1:colcon.colcon_core.environment:checking '/home/vboxuser/ros2_ws/install/examples_rclcpp_minimal_composition/bin'
[7.620s] Level 1:colcon.colcon_core.environment:checking '/home/vboxuser/ros2_ws/install/examples_rclcpp_minimal_composition/lib/pkgconfig/examples_rclcpp_minimal_composition.pc'
[7.621s] Level 1:colcon.colcon_core.environment:checking '/home/vboxuser/ros2_ws/install/examples_rclcpp_minimal_composition/lib/python3.10/site-packages'
[7.627s] Level 1:colcon.colcon_core.environment:checking '/home/vboxuser/ros2_ws/install/examples_rclcpp_minimal_composition/bin'
[7.630s] INFO:colcon.colcon_core.shell:Creating package script '/home/vboxuser/ros2_ws/install/examples_rclcpp_minimal_composition/share/examples_rclcpp_minimal_composition/package.ps1'
[7.638s] INFO:colcon.colcon_core.shell:Creating package descriptor '/home/vboxuser/ros2_ws/install/examples_rclcpp_minimal_composition/share/examples_rclcpp_minimal_composition/package.dsv'
[7.644s] INFO:colcon.colcon_core.shell:Creating package script '/home/vboxuser/ros2_ws/install/examples_rclcpp_minimal_composition/share/examples_rclcpp_minimal_composition/package.sh'
[7.648s] INFO:colcon.colcon_core.shell:Creating package script '/home/vboxuser/ros2_ws/install/examples_rclcpp_minimal_composition/share/examples_rclcpp_minimal_composition/package.bash'
[7.649s] INFO:colcon.colcon_core.shell:Creating package script '/home/vboxuser/ros2_ws/install/examples_rclcpp_minimal_composition/share/examples_rclcpp_minimal_composition/package.zsh'
[7.651s] Level 1:colcon.colcon_core.environment:create_file_with_runtime_dependencies(/home/vboxuser/ros2_ws/install/examples_rclcpp_minimal_composition/share/colcon-core/packages/examples_rclcpp_minimal_composition)
[7.662s] INFO:colcon.colcon_ros.task.ament_cmake.build:Building ROS package in '/home/vboxuser/ros2_ws/src/examples/rclcpp/topics/minimal_subscriber' with build type 'ament_cmake'
[7.663s] INFO:colcon.colcon_cmake.task.cmake.build:Building CMake package in '/home/vboxuser/ros2_ws/src/examples/rclcpp/topics/minimal_subscriber'
[7.664s] INFO:colcon.colcon_core.shell:Skip shell extension 'powershell' for command environment: Not usable outside of PowerShell
[7.666s] DEBUG:colcon.colcon_core.shell:Skip shell extension 'dsv' for command environment
[7.842s] DEBUG:colcon.colcon_core.event_handler.log_command:Invoking command in '/home/vboxuser/ros2_ws/src/BMS_BQ769X2/src/bms_visualizer': PYTHONPATH=/home/vboxuser/ros2_ws/build/bms_visualizer/prefix_override:/usr/lib/python3/dist-packages/colcon_core/task/python/colcon_distutils_commands:/home/vboxuser/ros2_ws/install/bms_visualizer/lib/python3.10/site-packages:${PYTHONPATH} /usr/bin/python3 -W ignore:setup.py install is deprecated -W ignore:easy_install command is deprecated setup.py egg_info --egg-base ../../../../build/bms_visualizer build --build-base /home/vboxuser/ros2_ws/build/bms_visualizer/build install --record /home/vboxuser/ros2_ws/build/bms_visualizer/install.log --single-version-externally-managed install_data
[7.934s] DEBUG:colcon.colcon_core.event_handler.log_command:Invoking command in '/home/vboxuser/ros2_ws/build/examples_rclcpp_minimal_subscriber': CMAKE_PREFIX_PATH=${CMAKE_PREFIX_PATH}:/home/vboxuser/ros2_ws/install/read_rosbag:/home/vboxuser/ros2_ws/install/py_pubsub:/home/vboxuser/ros2_ws/install/launch_testing_examples:/home/vboxuser/ros2_ws/install/examples_rclpy_pointcloud_publisher:/home/vboxuser/ros2_ws/install/examples_rclpy_minimal_subscriber:/home/vboxuser/ros2_ws/install/examples_rclpy_minimal_service:/home/vboxuser/ros2_ws/install/examples_rclpy_minimal_publisher:/home/vboxuser/ros2_ws/install/examples_rclpy_minimal_client:/home/vboxuser/ros2_ws/install/examples_rclpy_minimal_action_server:/home/vboxuser/ros2_ws/install/examples_rclpy_minimal_action_client:/home/vboxuser/ros2_ws/install/examples_rclpy_guard_conditions:/home/vboxuser/ros2_ws/install/examples_rclpy_executors:/home/vboxuser/ros2_ws/install/bms_visualizer:/opt/ros/iron:/home/vboxuser/ros2_iron/install/rqt_bag_plugins:/home/vboxuser/ros2_iron/install/rqt_bag:/home/vboxuser/ros2_iron/install/rosbag2_examples_py:/home/vboxuser/ros2_iron/install/launch_testing_examples:/home/vboxuser/ros2_iron/install/ros2bag:/home/vboxuser/ros2_iron/install/tracetools_test:/home/vboxuser/ros2_iron/install/tracetools_launch:/home/vboxuser/ros2_iron/install/topic_monitor:/home/vboxuser/ros2_iron/install/tf2_tools:/home/vboxuser/ros2_iron/install/examples_tf2_py:/home/vboxuser/ros2_iron/install/tf2_ros_py:/home/vboxuser/ros2_iron/install/examples_rclpy_pointcloud_publisher:/home/vboxuser/ros2_iron/install/sensor_msgs_py:/home/vboxuser/ros2_iron/install/quality_of_service_demo_py:/home/vboxuser/ros2_iron/install/rqt_plot:/home/vboxuser/ros2_iron/install/ros2doctor:/home/vboxuser/ros2_iron/install/lifecycle_py:/home/vboxuser/ros2_iron/install/examples_rclpy_minimal_subscriber:/home/vboxuser/ros2_iron/install/examples_rclpy_minimal_service:/home/vboxuser/ros2_iron/install/examples_rclpy_minimal_publisher:/home/vboxuser/ros2_iron/install/examples_rclpy_minimal_client:/home/vboxuser/ros2_iron/install/examples_rclpy_executors:/home/vboxuser/ros2_iron/install/demo_nodes_py:/home/vboxuser/ros2_iron/install/rqt:/home/vboxuser/ros2_iron/install/ros2component:/home/vboxuser/ros2_iron/install/sros2:/home/vboxuser/ros2_iron/install/rqt_topic:/home/vboxuser/ros2_iron/install/rqt_srv:/home/vboxuser/ros2_iron/install/rqt_shell:/home/vboxuser/ros2_iron/install/rqt_service_caller:/home/vboxuser/ros2_iron/install/rqt_reconfigure:/home/vboxuser/ros2_iron/install/rqt_py_console:/home/vboxuser/ros2_iron/install/rqt_publisher:/home/vboxuser/ros2_iron/install/rqt_action:/home/vboxuser/ros2_iron/install/rqt_msg:/home/vboxuser/ros2_iron/install/rqt_console:/home/vboxuser/ros2_iron/install/rqt_graph:/home/vboxuser/ros2_iron/install/rqt_gui_py:/home/vboxuser/ros2_iron/install/rqt_gui:/home/vboxuser/ros2_iron/install/ros2trace:/home/vboxuser/ros2_iron/install/ros2topic:/home/vboxuser/ros2_iron/install/ros2test:/home/vboxuser/ros2_iron/install/ros2param:/home/vboxuser/ros2_iron/install/ros2lifecycle:/home/vboxuser/ros2_iron/install/ros2service:/home/vboxuser/ros2_iron/install/ros2run:/home/vboxuser/ros2_iron/install/ros2launch:/home/vboxuser/ros2_iron/install/ros2pkg:/home/vboxuser/ros2_iron/install/ros2node:/home/vboxuser/ros2_iron/install/ros2multicast:/home/vboxuser/ros2_iron/install/ros2interface:/home/vboxuser/ros2_iron/install/ros2action:/home/vboxuser/ros2_iron/install/ros2cli:/home/vboxuser/ros2_iron/install/launch_testing_ros:/home/vboxuser/ros2_iron/install/launch_ros:/home/vboxuser/ros2_iron/install/examples_rclpy_minimal_action_server:/home/vboxuser/ros2_iron/install/examples_rclpy_minimal_action_client:/home/vboxuser/ros2_iron/install/examples_rclpy_guard_conditions:/home/vboxuser/ros2_iron/install/action_tutorials_py:/home/vboxuser/ros2_iron/install/ament_uncrustify:/home/vboxuser/ros2_iron/install/tracetools_trace:/home/vboxuser/ros2_iron/install/tracetools_read:/home/vboxuser/ros2_iron/install/test_tracetools_launch:/home/vboxuser/ros2_iron/install/test_ros2trace:/home/vboxuser/ros2_iron/install/test_launch_ros:/home/vboxuser/ros2_iron/install/rpyutils:/home/vboxuser/ros2_iron/install/rosidl_runtime_py:/home/vboxuser/ros2_iron/install/rosidl_pycommon:/home/vboxuser/ros2_iron/install/rosidl_cli:/home/vboxuser/ros2_iron/install/launch_pytest:/home/vboxuser/ros2_iron/install/launch_testing:/home/vboxuser/ros2_iron/install/launch_yaml:/home/vboxuser/ros2_iron/install/launch_xml:/home/vboxuser/ros2_iron/install/launch:/home/vboxuser/ros2_iron/install/osrf_pycommon:/home/vboxuser/ros2_iron/install/domain_coordinator:/home/vboxuser/ros2_iron/install/ament_xmllint:/home/vboxuser/ros2_iron/install/ament_pyflakes:/home/vboxuser/ros2_iron/install/ament_pycodestyle:/home/vboxuser/ros2_iron/install/ament_pep257:/home/vboxuser/ros2_iron/install/ament_pclint:/home/vboxuser/ros2_iron/install/ament_package:/home/vboxuser/ros2_iron/install/ament_mypy:/home/vboxuser/ros2_iron/install/ament_lint_cmake:/home/vboxuser/ros2_iron/install/ament_flake8:/home/vboxuser/ros2_iron/install/ament_copyright:/home/vboxuser/ros2_iron/install/ament_lint:/home/vboxuser/ros2_iron/install/ament_index_python:/home/vboxuser/ros2_iron/install/ament_cpplint:/home/vboxuser/ros2_iron/install/ament_cppcheck:/home/vboxuser/ros2_iron/install/ament_clang_tidy:/home/vboxuser/ros2_iron/install/ament_clang_format /usr/bin/cmake --build /home/vboxuser/ros2_ws/build/examples_rclcpp_minimal_subscriber -- -j4 -l4
[8.035s] DEBUG:colcon.colcon_core.event_handler.log_command:Invoked command in '/home/vboxuser/ros2_ws/build/examples_rclcpp_minimal_service' returned '0': CMAKE_PREFIX_PATH=${CMAKE_PREFIX_PATH}:/home/vboxuser/ros2_ws/install/read_rosbag:/home/vboxuser/ros2_ws/install/py_pubsub:/home/vboxuser/ros2_ws/install/launch_testing_examples:/home/vboxuser/ros2_ws/install/examples_rclpy_pointcloud_publisher:/home/vboxuser/ros2_ws/install/examples_rclpy_minimal_subscriber:/home/vboxuser/ros2_ws/install/examples_rclpy_minimal_service:/home/vboxuser/ros2_ws/install/examples_rclpy_minimal_publisher:/home/vboxuser/ros2_ws/install/examples_rclpy_minimal_client:/home/vboxuser/ros2_ws/install/examples_rclpy_minimal_action_server:/home/vboxuser/ros2_ws/install/examples_rclpy_minimal_action_client:/home/vboxuser/ros2_ws/install/examples_rclpy_guard_conditions:/home/vboxuser/ros2_ws/install/examples_rclpy_executors:/home/vboxuser/ros2_ws/install/bms_visualizer:/opt/ros/iron:/home/vboxuser/ros2_iron/install/rqt_bag_plugins:/home/vboxuser/ros2_iron/install/rqt_bag:/home/vboxuser/ros2_iron/install/rosbag2_examples_py:/home/vboxuser/ros2_iron/install/launch_testing_examples:/home/vboxuser/ros2_iron/install/ros2bag:/home/vboxuser/ros2_iron/install/tracetools_test:/home/vboxuser/ros2_iron/install/tracetools_launch:/home/vboxuser/ros2_iron/install/topic_monitor:/home/vboxuser/ros2_iron/install/tf2_tools:/home/vboxuser/ros2_iron/install/examples_tf2_py:/home/vboxuser/ros2_iron/install/tf2_ros_py:/home/vboxuser/ros2_iron/install/examples_rclpy_pointcloud_publisher:/home/vboxuser/ros2_iron/install/sensor_msgs_py:/home/vboxuser/ros2_iron/install/quality_of_service_demo_py:/home/vboxuser/ros2_iron/install/rqt_plot:/home/vboxuser/ros2_iron/install/ros2doctor:/home/vboxuser/ros2_iron/install/lifecycle_py:/home/vboxuser/ros2_iron/install/examples_rclpy_minimal_subscriber:/home/vboxuser/ros2_iron/install/examples_rclpy_minimal_service:/home/vboxuser/ros2_iron/install/examples_rclpy_minimal_publisher:/home/vboxuser/ros2_iron/install/examples_rclpy_minimal_client:/home/vboxuser/ros2_iron/install/examples_rclpy_executors:/home/vboxuser/ros2_iron/install/demo_nodes_py:/home/vboxuser/ros2_iron/install/rqt:/home/vboxuser/ros2_iron/install/ros2component:/home/vboxuser/ros2_iron/install/sros2:/home/vboxuser/ros2_iron/install/rqt_topic:/home/vboxuser/ros2_iron/install/rqt_srv:/home/vboxuser/ros2_iron/install/rqt_shell:/home/vboxuser/ros2_iron/install/rqt_service_caller:/home/vboxuser/ros2_iron/install/rqt_reconfigure:/home/vboxuser/ros2_iron/install/rqt_py_console:/home/vboxuser/ros2_iron/install/rqt_publisher:/home/vboxuser/ros2_iron/install/rqt_action:/home/vboxuser/ros2_iron/install/rqt_msg:/home/vboxuser/ros2_iron/install/rqt_console:/home/vboxuser/ros2_iron/install/rqt_graph:/home/vboxuser/ros2_iron/install/rqt_gui_py:/home/vboxuser/ros2_iron/install/rqt_gui:/home/vboxuser/ros2_iron/install/ros2trace:/home/vboxuser/ros2_iron/install/ros2topic:/home/vboxuser/ros2_iron/install/ros2test:/home/vboxuser/ros2_iron/install/ros2param:/home/vboxuser/ros2_iron/install/ros2lifecycle:/home/vboxuser/ros2_iron/install/ros2service:/home/vboxuser/ros2_iron/install/ros2run:/home/vboxuser/ros2_iron/install/ros2launch:/home/vboxuser/ros2_iron/install/ros2pkg:/home/vboxuser/ros2_iron/install/ros2node:/home/vboxuser/ros2_iron/install/ros2multicast:/home/vboxuser/ros2_iron/install/ros2interface:/home/vboxuser/ros2_iron/install/ros2action:/home/vboxuser/ros2_iron/install/ros2cli:/home/vboxuser/ros2_iron/install/launch_testing_ros:/home/vboxuser/ros2_iron/install/launch_ros:/home/vboxuser/ros2_iron/install/examples_rclpy_minimal_action_server:/home/vboxuser/ros2_iron/install/examples_rclpy_minimal_action_client:/home/vboxuser/ros2_iron/install/examples_rclpy_guard_conditions:/home/vboxuser/ros2_iron/install/action_tutorials_py:/home/vboxuser/ros2_iron/install/ament_uncrustify:/home/vboxuser/ros2_iron/install/tracetools_trace:/home/vboxuser/ros2_iron/install/tracetools_read:/home/vboxuser/ros2_iron/install/test_tracetools_launch:/home/vboxuser/ros2_iron/install/test_ros2trace:/home/vboxuser/ros2_iron/install/test_launch_ros:/home/vboxuser/ros2_iron/install/rpyutils:/home/vboxuser/ros2_iron/install/rosidl_runtime_py:/home/vboxuser/ros2_iron/install/rosidl_pycommon:/home/vboxuser/ros2_iron/install/rosidl_cli:/home/vboxuser/ros2_iron/install/launch_pytest:/home/vboxuser/ros2_iron/install/launch_testing:/home/vboxuser/ros2_iron/install/launch_yaml:/home/vboxuser/ros2_iron/install/launch_xml:/home/vboxuser/ros2_iron/install/launch:/home/vboxuser/ros2_iron/install/osrf_pycommon:/home/vboxuser/ros2_iron/install/domain_coordinator:/home/vboxuser/ros2_iron/install/ament_xmllint:/home/vboxuser/ros2_iron/install/ament_pyflakes:/home/vboxuser/ros2_iron/install/ament_pycodestyle:/home/vboxuser/ros2_iron/install/ament_pep257:/home/vboxuser/ros2_iron/install/ament_pclint:/home/vboxuser/ros2_iron/install/ament_package:/home/vboxuser/ros2_iron/install/ament_mypy:/home/vboxuser/ros2_iron/install/ament_lint_cmake:/home/vboxuser/ros2_iron/install/ament_flake8:/home/vboxuser/ros2_iron/install/ament_copyright:/home/vboxuser/ros2_iron/install/ament_lint:/home/vboxuser/ros2_iron/install/ament_index_python:/home/vboxuser/ros2_iron/install/ament_cpplint:/home/vboxuser/ros2_iron/install/ament_cppcheck:/home/vboxuser/ros2_iron/install/ament_clang_tidy:/home/vboxuser/ros2_iron/install/ament_clang_format /usr/bin/cmake --build /home/vboxuser/ros2_ws/build/examples_rclcpp_minimal_service -- -j4 -l4
[8.053s] DEBUG:colcon.colcon_core.event_handler.log_command:Invoking command in '/home/vboxuser/ros2_ws/build/examples_rclcpp_minimal_service': CMAKE_PREFIX_PATH=${CMAKE_PREFIX_PATH}:/home/vboxuser/ros2_ws/install/read_rosbag:/home/vboxuser/ros2_ws/install/py_pubsub:/home/vboxuser/ros2_ws/install/launch_testing_examples:/home/vboxuser/ros2_ws/install/examples_rclpy_pointcloud_publisher:/home/vboxuser/ros2_ws/install/examples_rclpy_minimal_subscriber:/home/vboxuser/ros2_ws/install/examples_rclpy_minimal_service:/home/vboxuser/ros2_ws/install/examples_rclpy_minimal_publisher:/home/vboxuser/ros2_ws/install/examples_rclpy_minimal_client:/home/vboxuser/ros2_ws/install/examples_rclpy_minimal_action_server:/home/vboxuser/ros2_ws/install/examples_rclpy_minimal_action_client:/home/vboxuser/ros2_ws/install/examples_rclpy_guard_conditions:/home/vboxuser/ros2_ws/install/examples_rclpy_executors:/home/vboxuser/ros2_ws/install/bms_visualizer:/opt/ros/iron:/home/vboxuser/ros2_iron/install/rqt_bag_plugins:/home/vboxuser/ros2_iron/install/rqt_bag:/home/vboxuser/ros2_iron/install/rosbag2_examples_py:/home/vboxuser/ros2_iron/install/launch_testing_examples:/home/vboxuser/ros2_iron/install/ros2bag:/home/vboxuser/ros2_iron/install/tracetools_test:/home/vboxuser/ros2_iron/install/tracetools_launch:/home/vboxuser/ros2_iron/install/topic_monitor:/home/vboxuser/ros2_iron/install/tf2_tools:/home/vboxuser/ros2_iron/install/examples_tf2_py:/home/vboxuser/ros2_iron/install/tf2_ros_py:/home/vboxuser/ros2_iron/install/examples_rclpy_pointcloud_publisher:/home/vboxuser/ros2_iron/install/sensor_msgs_py:/home/vboxuser/ros2_iron/install/quality_of_service_demo_py:/home/vboxuser/ros2_iron/install/rqt_plot:/home/vboxuser/ros2_iron/install/ros2doctor:/home/vboxuser/ros2_iron/install/lifecycle_py:/home/vboxuser/ros2_iron/install/examples_rclpy_minimal_subscriber:/home/vboxuser/ros2_iron/install/examples_rclpy_minimal_service:/home/vboxuser/ros2_iron/install/examples_rclpy_minimal_publisher:/home/vboxuser/ros2_iron/install/examples_rclpy_minimal_client:/home/vboxuser/ros2_iron/install/examples_rclpy_executors:/home/vboxuser/ros2_iron/install/demo_nodes_py:/home/vboxuser/ros2_iron/install/rqt:/home/vboxuser/ros2_iron/install/ros2component:/home/vboxuser/ros2_iron/install/sros2:/home/vboxuser/ros2_iron/install/rqt_topic:/home/vboxuser/ros2_iron/install/rqt_srv:/home/vboxuser/ros2_iron/install/rqt_shell:/home/vboxuser/ros2_iron/install/rqt_service_caller:/home/vboxuser/ros2_iron/install/rqt_reconfigure:/home/vboxuser/ros2_iron/install/rqt_py_console:/home/vboxuser/ros2_iron/install/rqt_publisher:/home/vboxuser/ros2_iron/install/rqt_action:/home/vboxuser/ros2_iron/install/rqt_msg:/home/vboxuser/ros2_iron/install/rqt_console:/home/vboxuser/ros2_iron/install/rqt_graph:/home/vboxuser/ros2_iron/install/rqt_gui_py:/home/vboxuser/ros2_iron/install/rqt_gui:/home/vboxuser/ros2_iron/install/ros2trace:/home/vboxuser/ros2_iron/install/ros2topic:/home/vboxuser/ros2_iron/install/ros2test:/home/vboxuser/ros2_iron/install/ros2param:/home/vboxuser/ros2_iron/install/ros2lifecycle:/home/vboxuser/ros2_iron/install/ros2service:/home/vboxuser/ros2_iron/install/ros2run:/home/vboxuser/ros2_iron/install/ros2launch:/home/vboxuser/ros2_iron/install/ros2pkg:/home/vboxuser/ros2_iron/install/ros2node:/home/vboxuser/ros2_iron/install/ros2multicast:/home/vboxuser/ros2_iron/install/ros2interface:/home/vboxuser/ros2_iron/install/ros2action:/home/vboxuser/ros2_iron/install/ros2cli:/home/vboxuser/ros2_iron/install/launch_testing_ros:/home/vboxuser/ros2_iron/install/launch_ros:/home/vboxuser/ros2_iron/install/examples_rclpy_minimal_action_server:/home/vboxuser/ros2_iron/install/examples_rclpy_minimal_action_client:/home/vboxuser/ros2_iron/install/examples_rclpy_guard_conditions:/home/vboxuser/ros2_iron/install/action_tutorials_py:/home/vboxuser/ros2_iron/install/ament_uncrustify:/home/vboxuser/ros2_iron/install/tracetools_trace:/home/vboxuser/ros2_iron/install/tracetools_read:/home/vboxuser/ros2_iron/install/test_tracetools_launch:/home/vboxuser/ros2_iron/install/test_ros2trace:/home/vboxuser/ros2_iron/install/test_launch_ros:/home/vboxuser/ros2_iron/install/rpyutils:/home/vboxuser/ros2_iron/install/rosidl_runtime_py:/home/vboxuser/ros2_iron/install/rosidl_pycommon:/home/vboxuser/ros2_iron/install/rosidl_cli:/home/vboxuser/ros2_iron/install/launch_pytest:/home/vboxuser/ros2_iron/install/launch_testing:/home/vboxuser/ros2_iron/install/launch_yaml:/home/vboxuser/ros2_iron/install/launch_xml:/home/vboxuser/ros2_iron/install/launch:/home/vboxuser/ros2_iron/install/osrf_pycommon:/home/vboxuser/ros2_iron/install/domain_coordinator:/home/vboxuser/ros2_iron/install/ament_xmllint:/home/vboxuser/ros2_iron/install/ament_pyflakes:/home/vboxuser/ros2_iron/install/ament_pycodestyle:/home/vboxuser/ros2_iron/install/ament_pep257:/home/vboxuser/ros2_iron/install/ament_pclint:/home/vboxuser/ros2_iron/install/ament_package:/home/vboxuser/ros2_iron/install/ament_mypy:/home/vboxuser/ros2_iron/install/ament_lint_cmake:/home/vboxuser/ros2_iron/install/ament_flake8:/home/vboxuser/ros2_iron/install/ament_copyright:/home/vboxuser/ros2_iron/install/ament_lint:/home/vboxuser/ros2_iron/install/ament_index_python:/home/vboxuser/ros2_iron/install/ament_cpplint:/home/vboxuser/ros2_iron/install/ament_cppcheck:/home/vboxuser/ros2_iron/install/ament_clang_tidy:/home/vboxuser/ros2_iron/install/ament_clang_format /usr/bin/cmake --install /home/vboxuser/ros2_ws/build/examples_rclcpp_minimal_service
[8.305s] Level 1:colcon.colcon_core.environment:create_environment_scripts_only(examples_rclcpp_minimal_service)
[8.329s] DEBUG:colcon.colcon_core.event_handler.log_command:Invoked command in '/home/vboxuser/ros2_ws/build/examples_rclcpp_minimal_service' returned '0': CMAKE_PREFIX_PATH=${CMAKE_PREFIX_PATH}:/home/vboxuser/ros2_ws/install/read_rosbag:/home/vboxuser/ros2_ws/install/py_pubsub:/home/vboxuser/ros2_ws/install/launch_testing_examples:/home/vboxuser/ros2_ws/install/examples_rclpy_pointcloud_publisher:/home/vboxuser/ros2_ws/install/examples_rclpy_minimal_subscriber:/home/vboxuser/ros2_ws/install/examples_rclpy_minimal_service:/home/vboxuser/ros2_ws/install/examples_rclpy_minimal_publisher:/home/vboxuser/ros2_ws/install/examples_rclpy_minimal_client:/home/vboxuser/ros2_ws/install/examples_rclpy_minimal_action_server:/home/vboxuser/ros2_ws/install/examples_rclpy_minimal_action_client:/home/vboxuser/ros2_ws/install/examples_rclpy_guard_conditions:/home/vboxuser/ros2_ws/install/examples_rclpy_executors:/home/vboxuser/ros2_ws/install/bms_visualizer:/opt/ros/iron:/home/vboxuser/ros2_iron/install/rqt_bag_plugins:/home/vboxuser/ros2_iron/install/rqt_bag:/home/vboxuser/ros2_iron/install/rosbag2_examples_py:/home/vboxuser/ros2_iron/install/launch_testing_examples:/home/vboxuser/ros2_iron/install/ros2bag:/home/vboxuser/ros2_iron/install/tracetools_test:/home/vboxuser/ros2_iron/install/tracetools_launch:/home/vboxuser/ros2_iron/install/topic_monitor:/home/vboxuser/ros2_iron/install/tf2_tools:/home/vboxuser/ros2_iron/install/examples_tf2_py:/home/vboxuser/ros2_iron/install/tf2_ros_py:/home/vboxuser/ros2_iron/install/examples_rclpy_pointcloud_publisher:/home/vboxuser/ros2_iron/install/sensor_msgs_py:/home/vboxuser/ros2_iron/install/quality_of_service_demo_py:/home/vboxuser/ros2_iron/install/rqt_plot:/home/vboxuser/ros2_iron/install/ros2doctor:/home/vboxuser/ros2_iron/install/lifecycle_py:/home/vboxuser/ros2_iron/install/examples_rclpy_minimal_subscriber:/home/vboxuser/ros2_iron/install/examples_rclpy_minimal_service:/home/vboxuser/ros2_iron/install/examples_rclpy_minimal_publisher:/home/vboxuser/ros2_iron/install/examples_rclpy_minimal_client:/home/vboxuser/ros2_iron/install/examples_rclpy_executors:/home/vboxuser/ros2_iron/install/demo_nodes_py:/home/vboxuser/ros2_iron/install/rqt:/home/vboxuser/ros2_iron/install/ros2component:/home/vboxuser/ros2_iron/install/sros2:/home/vboxuser/ros2_iron/install/rqt_topic:/home/vboxuser/ros2_iron/install/rqt_srv:/home/vboxuser/ros2_iron/install/rqt_shell:/home/vboxuser/ros2_iron/install/rqt_service_caller:/home/vboxuser/ros2_iron/install/rqt_reconfigure:/home/vboxuser/ros2_iron/install/rqt_py_console:/home/vboxuser/ros2_iron/install/rqt_publisher:/home/vboxuser/ros2_iron/install/rqt_action:/home/vboxuser/ros2_iron/install/rqt_msg:/home/vboxuser/ros2_iron/install/rqt_console:/home/vboxuser/ros2_iron/install/rqt_graph:/home/vboxuser/ros2_iron/install/rqt_gui_py:/home/vboxuser/ros2_iron/install/rqt_gui:/home/vboxuser/ros2_iron/install/ros2trace:/home/vboxuser/ros2_iron/install/ros2topic:/home/vboxuser/ros2_iron/install/ros2test:/home/vboxuser/ros2_iron/install/ros2param:/home/vboxuser/ros2_iron/install/ros2lifecycle:/home/vboxuser/ros2_iron/install/ros2service:/home/vboxuser/ros2_iron/install/ros2run:/home/vboxuser/ros2_iron/install/ros2launch:/home/vboxuser/ros2_iron/install/ros2pkg:/home/vboxuser/ros2_iron/install/ros2node:/home/vboxuser/ros2_iron/install/ros2multicast:/home/vboxuser/ros2_iron/install/ros2interface:/home/vboxuser/ros2_iron/install/ros2action:/home/vboxuser/ros2_iron/install/ros2cli:/home/vboxuser/ros2_iron/install/launch_testing_ros:/home/vboxuser/ros2_iron/install/launch_ros:/home/vboxuser/ros2_iron/install/examples_rclpy_minimal_action_server:/home/vboxuser/ros2_iron/install/examples_rclpy_minimal_action_client:/home/vboxuser/ros2_iron/install/examples_rclpy_guard_conditions:/home/vboxuser/ros2_iron/install/action_tutorials_py:/home/vboxuser/ros2_iron/install/ament_uncrustify:/home/vboxuser/ros2_iron/install/tracetools_trace:/home/vboxuser/ros2_iron/install/tracetools_read:/home/vboxuser/ros2_iron/install/test_tracetools_launch:/home/vboxuser/ros2_iron/install/test_ros2trace:/home/vboxuser/ros2_iron/install/test_launch_ros:/home/vboxuser/ros2_iron/install/rpyutils:/home/vboxuser/ros2_iron/install/rosidl_runtime_py:/home/vboxuser/ros2_iron/install/rosidl_pycommon:/home/vboxuser/ros2_iron/install/rosidl_cli:/home/vboxuser/ros2_iron/install/launch_pytest:/home/vboxuser/ros2_iron/install/launch_testing:/home/vboxuser/ros2_iron/install/launch_yaml:/home/vboxuser/ros2_iron/install/launch_xml:/home/vboxuser/ros2_iron/install/launch:/home/vboxuser/ros2_iron/install/osrf_pycommon:/home/vboxuser/ros2_iron/install/domain_coordinator:/home/vboxuser/ros2_iron/install/ament_xmllint:/home/vboxuser/ros2_iron/install/ament_pyflakes:/home/vboxuser/ros2_iron/install/ament_pycodestyle:/home/vboxuser/ros2_iron/install/ament_pep257:/home/vboxuser/ros2_iron/install/ament_pclint:/home/vboxuser/ros2_iron/install/ament_package:/home/vboxuser/ros2_iron/install/ament_mypy:/home/vboxuser/ros2_iron/install/ament_lint_cmake:/home/vboxuser/ros2_iron/install/ament_flake8:/home/vboxuser/ros2_iron/install/ament_copyright:/home/vboxuser/ros2_iron/install/ament_lint:/home/vboxuser/ros2_iron/install/ament_index_python:/home/vboxuser/ros2_iron/install/ament_cpplint:/home/vboxuser/ros2_iron/install/ament_cppcheck:/home/vboxuser/ros2_iron/install/ament_clang_tidy:/home/vboxuser/ros2_iron/install/ament_clang_format /usr/bin/cmake --install /home/vboxuser/ros2_ws/build/examples_rclcpp_minimal_service
[8.333s] Level 1:colcon.colcon_core.environment:checking '/home/vboxuser/ros2_ws/install/examples_rclcpp_minimal_service' for CMake module files
[8.346s] Level 1:colcon.colcon_core.environment:checking '/home/vboxuser/ros2_ws/install/examples_rclcpp_minimal_service' for CMake config files
[8.346s] Level 1:colcon.colcon_core.shell:create_environment_hook('examples_rclcpp_minimal_service', 'cmake_prefix_path')
[8.349s] INFO:colcon.colcon_core.shell:Creating environment hook '/home/vboxuser/ros2_ws/install/examples_rclcpp_minimal_service/share/examples_rclcpp_minimal_service/hook/cmake_prefix_path.ps1'
[8.389s] INFO:colcon.colcon_core.shell:Creating environment descriptor '/home/vboxuser/ros2_ws/install/examples_rclcpp_minimal_service/share/examples_rclcpp_minimal_service/hook/cmake_prefix_path.dsv'
[8.396s] INFO:colcon.colcon_core.shell:Creating environment hook '/home/vboxuser/ros2_ws/install/examples_rclcpp_minimal_service/share/examples_rclcpp_minimal_service/hook/cmake_prefix_path.sh'
[8.405s] Level 1:colcon.colcon_core.environment:checking '/home/vboxuser/ros2_ws/install/examples_rclcpp_minimal_service/lib'
[8.405s] Level 1:colcon.colcon_core.environment:checking '/home/vboxuser/ros2_ws/install/examples_rclcpp_minimal_service/bin'
[8.405s] Level 1:colcon.colcon_core.environment:checking '/home/vboxuser/ros2_ws/install/examples_rclcpp_minimal_service/lib/pkgconfig/examples_rclcpp_minimal_service.pc'
[8.405s] Level 1:colcon.colcon_core.environment:checking '/home/vboxuser/ros2_ws/install/examples_rclcpp_minimal_service/lib/python3.10/site-packages'
[8.415s] Level 1:colcon.colcon_core.environment:checking '/home/vboxuser/ros2_ws/install/examples_rclcpp_minimal_service/bin'
[8.428s] INFO:colcon.colcon_core.shell:Creating package script '/home/vboxuser/ros2_ws/install/examples_rclcpp_minimal_service/share/examples_rclcpp_minimal_service/package.ps1'
[8.460s] INFO:colcon.colcon_core.shell:Creating package descriptor '/home/vboxuser/ros2_ws/install/examples_rclcpp_minimal_service/share/examples_rclcpp_minimal_service/package.dsv'
[8.461s] INFO:colcon.colcon_core.shell:Creating package script '/home/vboxuser/ros2_ws/install/examples_rclcpp_minimal_service/share/examples_rclcpp_minimal_service/package.sh'
[8.462s] INFO:colcon.colcon_core.shell:Creating package script '/home/vboxuser/ros2_ws/install/examples_rclcpp_minimal_service/share/examples_rclcpp_minimal_service/package.bash'
[8.480s] INFO:colcon.colcon_core.shell:Creating package script '/home/vboxuser/ros2_ws/install/examples_rclcpp_minimal_service/share/examples_rclcpp_minimal_service/package.zsh'
[8.481s] Level 1:colcon.colcon_core.environment:create_file_with_runtime_dependencies(/home/vboxuser/ros2_ws/install/examples_rclcpp_minimal_service/share/colcon-core/packages/examples_rclcpp_minimal_service)
[8.482s] Level 1:colcon.colcon_core.environment:create_environment_scripts_only(examples_rclcpp_minimal_service)
[8.483s] Level 1:colcon.colcon_core.environment:checking '/home/vboxuser/ros2_ws/install/examples_rclcpp_minimal_service' for CMake module files
[8.484s] Level 1:colcon.colcon_core.environment:checking '/home/vboxuser/ros2_ws/install/examples_rclcpp_minimal_service' for CMake config files
[8.484s] Level 1:colcon.colcon_core.shell:create_environment_hook('examples_rclcpp_minimal_service', 'cmake_prefix_path')
[8.484s] INFO:colcon.colcon_core.shell:Creating environment hook '/home/vboxuser/ros2_ws/install/examples_rclcpp_minimal_service/share/examples_rclcpp_minimal_service/hook/cmake_prefix_path.ps1'
[8.485s] INFO:colcon.colcon_core.shell:Creating environment descriptor '/home/vboxuser/ros2_ws/install/examples_rclcpp_minimal_service/share/examples_rclcpp_minimal_service/hook/cmake_prefix_path.dsv'
[8.486s] INFO:colcon.colcon_core.shell:Creating environment hook '/home/vboxuser/ros2_ws/install/examples_rclcpp_minimal_service/share/examples_rclcpp_minimal_service/hook/cmake_prefix_path.sh'
[8.488s] Level 1:colcon.colcon_core.environment:checking '/home/vboxuser/ros2_ws/install/examples_rclcpp_minimal_service/lib'
[8.488s] Level 1:colcon.colcon_core.environment:checking '/home/vboxuser/ros2_ws/install/examples_rclcpp_minimal_service/bin'
[8.488s] Level 1:colcon.colcon_core.environment:checking '/home/vboxuser/ros2_ws/install/examples_rclcpp_minimal_service/lib/pkgconfig/examples_rclcpp_minimal_service.pc'
[8.489s] Level 1:colcon.colcon_core.environment:checking '/home/vboxuser/ros2_ws/install/examples_rclcpp_minimal_service/lib/python3.10/site-packages'
[8.489s] Level 1:colcon.colcon_core.environment:checking '/home/vboxuser/ros2_ws/install/examples_rclcpp_minimal_service/bin'
[8.526s] INFO:colcon.colcon_core.shell:Creating package script '/home/vboxuser/ros2_ws/install/examples_rclcpp_minimal_service/share/examples_rclcpp_minimal_service/package.ps1'
[8.528s] INFO:colcon.colcon_core.shell:Creating package descriptor '/home/vboxuser/ros2_ws/install/examples_rclcpp_minimal_service/share/examples_rclcpp_minimal_service/package.dsv'
[8.534s] INFO:colcon.colcon_core.shell:Creating package script '/home/vboxuser/ros2_ws/install/examples_rclcpp_minimal_service/share/examples_rclcpp_minimal_service/package.sh'
[8.538s] INFO:colcon.colcon_core.shell:Creating package script '/home/vboxuser/ros2_ws/install/examples_rclcpp_minimal_service/share/examples_rclcpp_minimal_service/package.bash'
[8.541s] INFO:colcon.colcon_core.shell:Creating package script '/home/vboxuser/ros2_ws/install/examples_rclcpp_minimal_service/share/examples_rclcpp_minimal_service/package.zsh'
[8.553s] Level 1:colcon.colcon_core.environment:create_file_with_runtime_dependencies(/home/vboxuser/ros2_ws/install/examples_rclcpp_minimal_service/share/colcon-core/packages/examples_rclcpp_minimal_service)
[8.563s] INFO:colcon.colcon_ros.task.ament_cmake.build:Building ROS package in '/home/vboxuser/ros2_ws/src/examples/rclcpp/timers/minimal_timer' with build type 'ament_cmake'
[8.566s] INFO:colcon.colcon_cmake.task.cmake.build:Building CMake package in '/home/vboxuser/ros2_ws/src/examples/rclcpp/timers/minimal_timer'
[8.567s] INFO:colcon.colcon_core.shell:Skip shell extension 'powershell' for command environment: Not usable outside of PowerShell
[8.568s] DEBUG:colcon.colcon_core.shell:Skip shell extension 'dsv' for command environment
[8.709s] DEBUG:colcon.colcon_core.event_handler.log_command:Invoked command in '/home/vboxuser/ros2_ws/build/examples_rclcpp_minimal_publisher' returned '0': CMAKE_PREFIX_PATH=${CMAKE_PREFIX_PATH}:/home/vboxuser/ros2_ws/install/read_rosbag:/home/vboxuser/ros2_ws/install/py_pubsub:/home/vboxuser/ros2_ws/install/launch_testing_examples:/home/vboxuser/ros2_ws/install/examples_rclpy_pointcloud_publisher:/home/vboxuser/ros2_ws/install/examples_rclpy_minimal_subscriber:/home/vboxuser/ros2_ws/install/examples_rclpy_minimal_service:/home/vboxuser/ros2_ws/install/examples_rclpy_minimal_publisher:/home/vboxuser/ros2_ws/install/examples_rclpy_minimal_client:/home/vboxuser/ros2_ws/install/examples_rclpy_minimal_action_server:/home/vboxuser/ros2_ws/install/examples_rclpy_minimal_action_client:/home/vboxuser/ros2_ws/install/examples_rclpy_guard_conditions:/home/vboxuser/ros2_ws/install/examples_rclpy_executors:/home/vboxuser/ros2_ws/install/bms_visualizer:/opt/ros/iron:/home/vboxuser/ros2_iron/install/rqt_bag_plugins:/home/vboxuser/ros2_iron/install/rqt_bag:/home/vboxuser/ros2_iron/install/rosbag2_examples_py:/home/vboxuser/ros2_iron/install/launch_testing_examples:/home/vboxuser/ros2_iron/install/ros2bag:/home/vboxuser/ros2_iron/install/tracetools_test:/home/vboxuser/ros2_iron/install/tracetools_launch:/home/vboxuser/ros2_iron/install/topic_monitor:/home/vboxuser/ros2_iron/install/tf2_tools:/home/vboxuser/ros2_iron/install/examples_tf2_py:/home/vboxuser/ros2_iron/install/tf2_ros_py:/home/vboxuser/ros2_iron/install/examples_rclpy_pointcloud_publisher:/home/vboxuser/ros2_iron/install/sensor_msgs_py:/home/vboxuser/ros2_iron/install/quality_of_service_demo_py:/home/vboxuser/ros2_iron/install/rqt_plot:/home/vboxuser/ros2_iron/install/ros2doctor:/home/vboxuser/ros2_iron/install/lifecycle_py:/home/vboxuser/ros2_iron/install/examples_rclpy_minimal_subscriber:/home/vboxuser/ros2_iron/install/examples_rclpy_minimal_service:/home/vboxuser/ros2_iron/install/examples_rclpy_minimal_publisher:/home/vboxuser/ros2_iron/install/examples_rclpy_minimal_client:/home/vboxuser/ros2_iron/install/examples_rclpy_executors:/home/vboxuser/ros2_iron/install/demo_nodes_py:/home/vboxuser/ros2_iron/install/rqt:/home/vboxuser/ros2_iron/install/ros2component:/home/vboxuser/ros2_iron/install/sros2:/home/vboxuser/ros2_iron/install/rqt_topic:/home/vboxuser/ros2_iron/install/rqt_srv:/home/vboxuser/ros2_iron/install/rqt_shell:/home/vboxuser/ros2_iron/install/rqt_service_caller:/home/vboxuser/ros2_iron/install/rqt_reconfigure:/home/vboxuser/ros2_iron/install/rqt_py_console:/home/vboxuser/ros2_iron/install/rqt_publisher:/home/vboxuser/ros2_iron/install/rqt_action:/home/vboxuser/ros2_iron/install/rqt_msg:/home/vboxuser/ros2_iron/install/rqt_console:/home/vboxuser/ros2_iron/install/rqt_graph:/home/vboxuser/ros2_iron/install/rqt_gui_py:/home/vboxuser/ros2_iron/install/rqt_gui:/home/vboxuser/ros2_iron/install/ros2trace:/home/vboxuser/ros2_iron/install/ros2topic:/home/vboxuser/ros2_iron/install/ros2test:/home/vboxuser/ros2_iron/install/ros2param:/home/vboxuser/ros2_iron/install/ros2lifecycle:/home/vboxuser/ros2_iron/install/ros2service:/home/vboxuser/ros2_iron/install/ros2run:/home/vboxuser/ros2_iron/install/ros2launch:/home/vboxuser/ros2_iron/install/ros2pkg:/home/vboxuser/ros2_iron/install/ros2node:/home/vboxuser/ros2_iron/install/ros2multicast:/home/vboxuser/ros2_iron/install/ros2interface:/home/vboxuser/ros2_iron/install/ros2action:/home/vboxuser/ros2_iron/install/ros2cli:/home/vboxuser/ros2_iron/install/launch_testing_ros:/home/vboxuser/ros2_iron/install/launch_ros:/home/vboxuser/ros2_iron/install/examples_rclpy_minimal_action_server:/home/vboxuser/ros2_iron/install/examples_rclpy_minimal_action_client:/home/vboxuser/ros2_iron/install/examples_rclpy_guard_conditions:/home/vboxuser/ros2_iron/install/action_tutorials_py:/home/vboxuser/ros2_iron/install/ament_uncrustify:/home/vboxuser/ros2_iron/install/tracetools_trace:/home/vboxuser/ros2_iron/install/tracetools_read:/home/vboxuser/ros2_iron/install/test_tracetools_launch:/home/vboxuser/ros2_iron/install/test_ros2trace:/home/vboxuser/ros2_iron/install/test_launch_ros:/home/vboxuser/ros2_iron/install/rpyutils:/home/vboxuser/ros2_iron/install/rosidl_runtime_py:/home/vboxuser/ros2_iron/install/rosidl_pycommon:/home/vboxuser/ros2_iron/install/rosidl_cli:/home/vboxuser/ros2_iron/install/launch_pytest:/home/vboxuser/ros2_iron/install/launch_testing:/home/vboxuser/ros2_iron/install/launch_yaml:/home/vboxuser/ros2_iron/install/launch_xml:/home/vboxuser/ros2_iron/install/launch:/home/vboxuser/ros2_iron/install/osrf_pycommon:/home/vboxuser/ros2_iron/install/domain_coordinator:/home/vboxuser/ros2_iron/install/ament_xmllint:/home/vboxuser/ros2_iron/install/ament_pyflakes:/home/vboxuser/ros2_iron/install/ament_pycodestyle:/home/vboxuser/ros2_iron/install/ament_pep257:/home/vboxuser/ros2_iron/install/ament_pclint:/home/vboxuser/ros2_iron/install/ament_package:/home/vboxuser/ros2_iron/install/ament_mypy:/home/vboxuser/ros2_iron/install/ament_lint_cmake:/home/vboxuser/ros2_iron/install/ament_flake8:/home/vboxuser/ros2_iron/install/ament_copyright:/home/vboxuser/ros2_iron/install/ament_lint:/home/vboxuser/ros2_iron/install/ament_index_python:/home/vboxuser/ros2_iron/install/ament_cpplint:/home/vboxuser/ros2_iron/install/ament_cppcheck:/home/vboxuser/ros2_iron/install/ament_clang_tidy:/home/vboxuser/ros2_iron/install/ament_clang_format /usr/bin/cmake --build /home/vboxuser/ros2_ws/build/examples_rclcpp_minimal_publisher -- -j4 -l4
[8.727s] DEBUG:colcon.colcon_core.event_handler.log_command:Invoking command in '/home/vboxuser/ros2_ws/build/examples_rclcpp_minimal_publisher': CMAKE_PREFIX_PATH=${CMAKE_PREFIX_PATH}:/home/vboxuser/ros2_ws/install/read_rosbag:/home/vboxuser/ros2_ws/install/py_pubsub:/home/vboxuser/ros2_ws/install/launch_testing_examples:/home/vboxuser/ros2_ws/install/examples_rclpy_pointcloud_publisher:/home/vboxuser/ros2_ws/install/examples_rclpy_minimal_subscriber:/home/vboxuser/ros2_ws/install/examples_rclpy_minimal_service:/home/vboxuser/ros2_ws/install/examples_rclpy_minimal_publisher:/home/vboxuser/ros2_ws/install/examples_rclpy_minimal_client:/home/vboxuser/ros2_ws/install/examples_rclpy_minimal_action_server:/home/vboxuser/ros2_ws/install/examples_rclpy_minimal_action_client:/home/vboxuser/ros2_ws/install/examples_rclpy_guard_conditions:/home/vboxuser/ros2_ws/install/examples_rclpy_executors:/home/vboxuser/ros2_ws/install/bms_visualizer:/opt/ros/iron:/home/vboxuser/ros2_iron/install/rqt_bag_plugins:/home/vboxuser/ros2_iron/install/rqt_bag:/home/vboxuser/ros2_iron/install/rosbag2_examples_py:/home/vboxuser/ros2_iron/install/launch_testing_examples:/home/vboxuser/ros2_iron/install/ros2bag:/home/vboxuser/ros2_iron/install/tracetools_test:/home/vboxuser/ros2_iron/install/tracetools_launch:/home/vboxuser/ros2_iron/install/topic_monitor:/home/vboxuser/ros2_iron/install/tf2_tools:/home/vboxuser/ros2_iron/install/examples_tf2_py:/home/vboxuser/ros2_iron/install/tf2_ros_py:/home/vboxuser/ros2_iron/install/examples_rclpy_pointcloud_publisher:/home/vboxuser/ros2_iron/install/sensor_msgs_py:/home/vboxuser/ros2_iron/install/quality_of_service_demo_py:/home/vboxuser/ros2_iron/install/rqt_plot:/home/vboxuser/ros2_iron/install/ros2doctor:/home/vboxuser/ros2_iron/install/lifecycle_py:/home/vboxuser/ros2_iron/install/examples_rclpy_minimal_subscriber:/home/vboxuser/ros2_iron/install/examples_rclpy_minimal_service:/home/vboxuser/ros2_iron/install/examples_rclpy_minimal_publisher:/home/vboxuser/ros2_iron/install/examples_rclpy_minimal_client:/home/vboxuser/ros2_iron/install/examples_rclpy_executors:/home/vboxuser/ros2_iron/install/demo_nodes_py:/home/vboxuser/ros2_iron/install/rqt:/home/vboxuser/ros2_iron/install/ros2component:/home/vboxuser/ros2_iron/install/sros2:/home/vboxuser/ros2_iron/install/rqt_topic:/home/vboxuser/ros2_iron/install/rqt_srv:/home/vboxuser/ros2_iron/install/rqt_shell:/home/vboxuser/ros2_iron/install/rqt_service_caller:/home/vboxuser/ros2_iron/install/rqt_reconfigure:/home/vboxuser/ros2_iron/install/rqt_py_console:/home/vboxuser/ros2_iron/install/rqt_publisher:/home/vboxuser/ros2_iron/install/rqt_action:/home/vboxuser/ros2_iron/install/rqt_msg:/home/vboxuser/ros2_iron/install/rqt_console:/home/vboxuser/ros2_iron/install/rqt_graph:/home/vboxuser/ros2_iron/install/rqt_gui_py:/home/vboxuser/ros2_iron/install/rqt_gui:/home/vboxuser/ros2_iron/install/ros2trace:/home/vboxuser/ros2_iron/install/ros2topic:/home/vboxuser/ros2_iron/install/ros2test:/home/vboxuser/ros2_iron/install/ros2param:/home/vboxuser/ros2_iron/install/ros2lifecycle:/home/vboxuser/ros2_iron/install/ros2service:/home/vboxuser/ros2_iron/install/ros2run:/home/vboxuser/ros2_iron/install/ros2launch:/home/vboxuser/ros2_iron/install/ros2pkg:/home/vboxuser/ros2_iron/install/ros2node:/home/vboxuser/ros2_iron/install/ros2multicast:/home/vboxuser/ros2_iron/install/ros2interface:/home/vboxuser/ros2_iron/install/ros2action:/home/vboxuser/ros2_iron/install/ros2cli:/home/vboxuser/ros2_iron/install/launch_testing_ros:/home/vboxuser/ros2_iron/install/launch_ros:/home/vboxuser/ros2_iron/install/examples_rclpy_minimal_action_server:/home/vboxuser/ros2_iron/install/examples_rclpy_minimal_action_client:/home/vboxuser/ros2_iron/install/examples_rclpy_guard_conditions:/home/vboxuser/ros2_iron/install/action_tutorials_py:/home/vboxuser/ros2_iron/install/ament_uncrustify:/home/vboxuser/ros2_iron/install/tracetools_trace:/home/vboxuser/ros2_iron/install/tracetools_read:/home/vboxuser/ros2_iron/install/test_tracetools_launch:/home/vboxuser/ros2_iron/install/test_ros2trace:/home/vboxuser/ros2_iron/install/test_launch_ros:/home/vboxuser/ros2_iron/install/rpyutils:/home/vboxuser/ros2_iron/install/rosidl_runtime_py:/home/vboxuser/ros2_iron/install/rosidl_pycommon:/home/vboxuser/ros2_iron/install/rosidl_cli:/home/vboxuser/ros2_iron/install/launch_pytest:/home/vboxuser/ros2_iron/install/launch_testing:/home/vboxuser/ros2_iron/install/launch_yaml:/home/vboxuser/ros2_iron/install/launch_xml:/home/vboxuser/ros2_iron/install/launch:/home/vboxuser/ros2_iron/install/osrf_pycommon:/home/vboxuser/ros2_iron/install/domain_coordinator:/home/vboxuser/ros2_iron/install/ament_xmllint:/home/vboxuser/ros2_iron/install/ament_pyflakes:/home/vboxuser/ros2_iron/install/ament_pycodestyle:/home/vboxuser/ros2_iron/install/ament_pep257:/home/vboxuser/ros2_iron/install/ament_pclint:/home/vboxuser/ros2_iron/install/ament_package:/home/vboxuser/ros2_iron/install/ament_mypy:/home/vboxuser/ros2_iron/install/ament_lint_cmake:/home/vboxuser/ros2_iron/install/ament_flake8:/home/vboxuser/ros2_iron/install/ament_copyright:/home/vboxuser/ros2_iron/install/ament_lint:/home/vboxuser/ros2_iron/install/ament_index_python:/home/vboxuser/ros2_iron/install/ament_cpplint:/home/vboxuser/ros2_iron/install/ament_cppcheck:/home/vboxuser/ros2_iron/install/ament_clang_tidy:/home/vboxuser/ros2_iron/install/ament_clang_format /usr/bin/cmake --install /home/vboxuser/ros2_ws/build/examples_rclcpp_minimal_publisher
[8.848s] DEBUG:colcon.colcon_core.event_handler.log_command:Invoking command in '/home/vboxuser/ros2_ws/build/examples_rclcpp_minimal_timer': CMAKE_PREFIX_PATH=${CMAKE_PREFIX_PATH}:/home/vboxuser/ros2_ws/install/read_rosbag:/home/vboxuser/ros2_ws/install/py_pubsub:/home/vboxuser/ros2_ws/install/launch_testing_examples:/home/vboxuser/ros2_ws/install/examples_rclpy_pointcloud_publisher:/home/vboxuser/ros2_ws/install/examples_rclpy_minimal_subscriber:/home/vboxuser/ros2_ws/install/examples_rclpy_minimal_service:/home/vboxuser/ros2_ws/install/examples_rclpy_minimal_publisher:/home/vboxuser/ros2_ws/install/examples_rclpy_minimal_client:/home/vboxuser/ros2_ws/install/examples_rclpy_minimal_action_server:/home/vboxuser/ros2_ws/install/examples_rclpy_minimal_action_client:/home/vboxuser/ros2_ws/install/examples_rclpy_guard_conditions:/home/vboxuser/ros2_ws/install/examples_rclpy_executors:/home/vboxuser/ros2_ws/install/bms_visualizer:/opt/ros/iron:/home/vboxuser/ros2_iron/install/rqt_bag_plugins:/home/vboxuser/ros2_iron/install/rqt_bag:/home/vboxuser/ros2_iron/install/rosbag2_examples_py:/home/vboxuser/ros2_iron/install/launch_testing_examples:/home/vboxuser/ros2_iron/install/ros2bag:/home/vboxuser/ros2_iron/install/tracetools_test:/home/vboxuser/ros2_iron/install/tracetools_launch:/home/vboxuser/ros2_iron/install/topic_monitor:/home/vboxuser/ros2_iron/install/tf2_tools:/home/vboxuser/ros2_iron/install/examples_tf2_py:/home/vboxuser/ros2_iron/install/tf2_ros_py:/home/vboxuser/ros2_iron/install/examples_rclpy_pointcloud_publisher:/home/vboxuser/ros2_iron/install/sensor_msgs_py:/home/vboxuser/ros2_iron/install/quality_of_service_demo_py:/home/vboxuser/ros2_iron/install/rqt_plot:/home/vboxuser/ros2_iron/install/ros2doctor:/home/vboxuser/ros2_iron/install/lifecycle_py:/home/vboxuser/ros2_iron/install/examples_rclpy_minimal_subscriber:/home/vboxuser/ros2_iron/install/examples_rclpy_minimal_service:/home/vboxuser/ros2_iron/install/examples_rclpy_minimal_publisher:/home/vboxuser/ros2_iron/install/examples_rclpy_minimal_client:/home/vboxuser/ros2_iron/install/examples_rclpy_executors:/home/vboxuser/ros2_iron/install/demo_nodes_py:/home/vboxuser/ros2_iron/install/rqt:/home/vboxuser/ros2_iron/install/ros2component:/home/vboxuser/ros2_iron/install/sros2:/home/vboxuser/ros2_iron/install/rqt_topic:/home/vboxuser/ros2_iron/install/rqt_srv:/home/vboxuser/ros2_iron/install/rqt_shell:/home/vboxuser/ros2_iron/install/rqt_service_caller:/home/vboxuser/ros2_iron/install/rqt_reconfigure:/home/vboxuser/ros2_iron/install/rqt_py_console:/home/vboxuser/ros2_iron/install/rqt_publisher:/home/vboxuser/ros2_iron/install/rqt_action:/home/vboxuser/ros2_iron/install/rqt_msg:/home/vboxuser/ros2_iron/install/rqt_console:/home/vboxuser/ros2_iron/install/rqt_graph:/home/vboxuser/ros2_iron/install/rqt_gui_py:/home/vboxuser/ros2_iron/install/rqt_gui:/home/vboxuser/ros2_iron/install/ros2trace:/home/vboxuser/ros2_iron/install/ros2topic:/home/vboxuser/ros2_iron/install/ros2test:/home/vboxuser/ros2_iron/install/ros2param:/home/vboxuser/ros2_iron/install/ros2lifecycle:/home/vboxuser/ros2_iron/install/ros2service:/home/vboxuser/ros2_iron/install/ros2run:/home/vboxuser/ros2_iron/install/ros2launch:/home/vboxuser/ros2_iron/install/ros2pkg:/home/vboxuser/ros2_iron/install/ros2node:/home/vboxuser/ros2_iron/install/ros2multicast:/home/vboxuser/ros2_iron/install/ros2interface:/home/vboxuser/ros2_iron/install/ros2action:/home/vboxuser/ros2_iron/install/ros2cli:/home/vboxuser/ros2_iron/install/launch_testing_ros:/home/vboxuser/ros2_iron/install/launch_ros:/home/vboxuser/ros2_iron/install/examples_rclpy_minimal_action_server:/home/vboxuser/ros2_iron/install/examples_rclpy_minimal_action_client:/home/vboxuser/ros2_iron/install/examples_rclpy_guard_conditions:/home/vboxuser/ros2_iron/install/action_tutorials_py:/home/vboxuser/ros2_iron/install/ament_uncrustify:/home/vboxuser/ros2_iron/install/tracetools_trace:/home/vboxuser/ros2_iron/install/tracetools_read:/home/vboxuser/ros2_iron/install/test_tracetools_launch:/home/vboxuser/ros2_iron/install/test_ros2trace:/home/vboxuser/ros2_iron/install/test_launch_ros:/home/vboxuser/ros2_iron/install/rpyutils:/home/vboxuser/ros2_iron/install/rosidl_runtime_py:/home/vboxuser/ros2_iron/install/rosidl_pycommon:/home/vboxuser/ros2_iron/install/rosidl_cli:/home/vboxuser/ros2_iron/install/launch_pytest:/home/vboxuser/ros2_iron/install/launch_testing:/home/vboxuser/ros2_iron/install/launch_yaml:/home/vboxuser/ros2_iron/install/launch_xml:/home/vboxuser/ros2_iron/install/launch:/home/vboxuser/ros2_iron/install/osrf_pycommon:/home/vboxuser/ros2_iron/install/domain_coordinator:/home/vboxuser/ros2_iron/install/ament_xmllint:/home/vboxuser/ros2_iron/install/ament_pyflakes:/home/vboxuser/ros2_iron/install/ament_pycodestyle:/home/vboxuser/ros2_iron/install/ament_pep257:/home/vboxuser/ros2_iron/install/ament_pclint:/home/vboxuser/ros2_iron/install/ament_package:/home/vboxuser/ros2_iron/install/ament_mypy:/home/vboxuser/ros2_iron/install/ament_lint_cmake:/home/vboxuser/ros2_iron/install/ament_flake8:/home/vboxuser/ros2_iron/install/ament_copyright:/home/vboxuser/ros2_iron/install/ament_lint:/home/vboxuser/ros2_iron/install/ament_index_python:/home/vboxuser/ros2_iron/install/ament_cpplint:/home/vboxuser/ros2_iron/install/ament_cppcheck:/home/vboxuser/ros2_iron/install/ament_clang_tidy:/home/vboxuser/ros2_iron/install/ament_clang_format /usr/bin/cmake --build /home/vboxuser/ros2_ws/build/examples_rclcpp_minimal_timer -- -j4 -l4
[9.171s] Level 1:colcon.colcon_core.environment:create_environment_scripts_only(examples_rclcpp_minimal_publisher)
[9.173s] Level 1:colcon.colcon_core.environment:checking '/home/vboxuser/ros2_ws/install/examples_rclcpp_minimal_publisher' for CMake module files
[9.174s] Level 1:colcon.colcon_core.environment:checking '/home/vboxuser/ros2_ws/install/examples_rclcpp_minimal_publisher' for CMake config files
[9.174s] Level 1:colcon.colcon_core.shell:create_environment_hook('examples_rclcpp_minimal_publisher', 'cmake_prefix_path')
[9.174s] INFO:colcon.colcon_core.shell:Creating environment hook '/home/vboxuser/ros2_ws/install/examples_rclcpp_minimal_publisher/share/examples_rclcpp_minimal_publisher/hook/cmake_prefix_path.ps1'
[9.178s] DEBUG:colcon.colcon_core.event_handler.log_command:Invoked command in '/home/vboxuser/ros2_ws/build/examples_rclcpp_minimal_publisher' returned '0': CMAKE_PREFIX_PATH=${CMAKE_PREFIX_PATH}:/home/vboxuser/ros2_ws/install/read_rosbag:/home/vboxuser/ros2_ws/install/py_pubsub:/home/vboxuser/ros2_ws/install/launch_testing_examples:/home/vboxuser/ros2_ws/install/examples_rclpy_pointcloud_publisher:/home/vboxuser/ros2_ws/install/examples_rclpy_minimal_subscriber:/home/vboxuser/ros2_ws/install/examples_rclpy_minimal_service:/home/vboxuser/ros2_ws/install/examples_rclpy_minimal_publisher:/home/vboxuser/ros2_ws/install/examples_rclpy_minimal_client:/home/vboxuser/ros2_ws/install/examples_rclpy_minimal_action_server:/home/vboxuser/ros2_ws/install/examples_rclpy_minimal_action_client:/home/vboxuser/ros2_ws/install/examples_rclpy_guard_conditions:/home/vboxuser/ros2_ws/install/examples_rclpy_executors:/home/vboxuser/ros2_ws/install/bms_visualizer:/opt/ros/iron:/home/vboxuser/ros2_iron/install/rqt_bag_plugins:/home/vboxuser/ros2_iron/install/rqt_bag:/home/vboxuser/ros2_iron/install/rosbag2_examples_py:/home/vboxuser/ros2_iron/install/launch_testing_examples:/home/vboxuser/ros2_iron/install/ros2bag:/home/vboxuser/ros2_iron/install/tracetools_test:/home/vboxuser/ros2_iron/install/tracetools_launch:/home/vboxuser/ros2_iron/install/topic_monitor:/home/vboxuser/ros2_iron/install/tf2_tools:/home/vboxuser/ros2_iron/install/examples_tf2_py:/home/vboxuser/ros2_iron/install/tf2_ros_py:/home/vboxuser/ros2_iron/install/examples_rclpy_pointcloud_publisher:/home/vboxuser/ros2_iron/install/sensor_msgs_py:/home/vboxuser/ros2_iron/install/quality_of_service_demo_py:/home/vboxuser/ros2_iron/install/rqt_plot:/home/vboxuser/ros2_iron/install/ros2doctor:/home/vboxuser/ros2_iron/install/lifecycle_py:/home/vboxuser/ros2_iron/install/examples_rclpy_minimal_subscriber:/home/vboxuser/ros2_iron/install/examples_rclpy_minimal_service:/home/vboxuser/ros2_iron/install/examples_rclpy_minimal_publisher:/home/vboxuser/ros2_iron/install/examples_rclpy_minimal_client:/home/vboxuser/ros2_iron/install/examples_rclpy_executors:/home/vboxuser/ros2_iron/install/demo_nodes_py:/home/vboxuser/ros2_iron/install/rqt:/home/vboxuser/ros2_iron/install/ros2component:/home/vboxuser/ros2_iron/install/sros2:/home/vboxuser/ros2_iron/install/rqt_topic:/home/vboxuser/ros2_iron/install/rqt_srv:/home/vboxuser/ros2_iron/install/rqt_shell:/home/vboxuser/ros2_iron/install/rqt_service_caller:/home/vboxuser/ros2_iron/install/rqt_reconfigure:/home/vboxuser/ros2_iron/install/rqt_py_console:/home/vboxuser/ros2_iron/install/rqt_publisher:/home/vboxuser/ros2_iron/install/rqt_action:/home/vboxuser/ros2_iron/install/rqt_msg:/home/vboxuser/ros2_iron/install/rqt_console:/home/vboxuser/ros2_iron/install/rqt_graph:/home/vboxuser/ros2_iron/install/rqt_gui_py:/home/vboxuser/ros2_iron/install/rqt_gui:/home/vboxuser/ros2_iron/install/ros2trace:/home/vboxuser/ros2_iron/install/ros2topic:/home/vboxuser/ros2_iron/install/ros2test:/home/vboxuser/ros2_iron/install/ros2param:/home/vboxuser/ros2_iron/install/ros2lifecycle:/home/vboxuser/ros2_iron/install/ros2service:/home/vboxuser/ros2_iron/install/ros2run:/home/vboxuser/ros2_iron/install/ros2launch:/home/vboxuser/ros2_iron/install/ros2pkg:/home/vboxuser/ros2_iron/install/ros2node:/home/vboxuser/ros2_iron/install/ros2multicast:/home/vboxuser/ros2_iron/install/ros2interface:/home/vboxuser/ros2_iron/install/ros2action:/home/vboxuser/ros2_iron/install/ros2cli:/home/vboxuser/ros2_iron/install/launch_testing_ros:/home/vboxuser/ros2_iron/install/launch_ros:/home/vboxuser/ros2_iron/install/examples_rclpy_minimal_action_server:/home/vboxuser/ros2_iron/install/examples_rclpy_minimal_action_client:/home/vboxuser/ros2_iron/install/examples_rclpy_guard_conditions:/home/vboxuser/ros2_iron/install/action_tutorials_py:/home/vboxuser/ros2_iron/install/ament_uncrustify:/home/vboxuser/ros2_iron/install/tracetools_trace:/home/vboxuser/ros2_iron/install/tracetools_read:/home/vboxuser/ros2_iron/install/test_tracetools_launch:/home/vboxuser/ros2_iron/install/test_ros2trace:/home/vboxuser/ros2_iron/install/test_launch_ros:/home/vboxuser/ros2_iron/install/rpyutils:/home/vboxuser/ros2_iron/install/rosidl_runtime_py:/home/vboxuser/ros2_iron/install/rosidl_pycommon:/home/vboxuser/ros2_iron/install/rosidl_cli:/home/vboxuser/ros2_iron/install/launch_pytest:/home/vboxuser/ros2_iron/install/launch_testing:/home/vboxuser/ros2_iron/install/launch_yaml:/home/vboxuser/ros2_iron/install/launch_xml:/home/vboxuser/ros2_iron/install/launch:/home/vboxuser/ros2_iron/install/osrf_pycommon:/home/vboxuser/ros2_iron/install/domain_coordinator:/home/vboxuser/ros2_iron/install/ament_xmllint:/home/vboxuser/ros2_iron/install/ament_pyflakes:/home/vboxuser/ros2_iron/install/ament_pycodestyle:/home/vboxuser/ros2_iron/install/ament_pep257:/home/vboxuser/ros2_iron/install/ament_pclint:/home/vboxuser/ros2_iron/install/ament_package:/home/vboxuser/ros2_iron/install/ament_mypy:/home/vboxuser/ros2_iron/install/ament_lint_cmake:/home/vboxuser/ros2_iron/install/ament_flake8:/home/vboxuser/ros2_iron/install/ament_copyright:/home/vboxuser/ros2_iron/install/ament_lint:/home/vboxuser/ros2_iron/install/ament_index_python:/home/vboxuser/ros2_iron/install/ament_cpplint:/home/vboxuser/ros2_iron/install/ament_cppcheck:/home/vboxuser/ros2_iron/install/ament_clang_tidy:/home/vboxuser/ros2_iron/install/ament_clang_format /usr/bin/cmake --install /home/vboxuser/ros2_ws/build/examples_rclcpp_minimal_publisher
[9.179s] INFO:colcon.colcon_core.shell:Creating environment descriptor '/home/vboxuser/ros2_ws/install/examples_rclcpp_minimal_publisher/share/examples_rclcpp_minimal_publisher/hook/cmake_prefix_path.dsv'
[9.190s] INFO:colcon.colcon_core.shell:Creating environment hook '/home/vboxuser/ros2_ws/install/examples_rclcpp_minimal_publisher/share/examples_rclcpp_minimal_publisher/hook/cmake_prefix_path.sh'
[9.194s] Level 1:colcon.colcon_core.environment:checking '/home/vboxuser/ros2_ws/install/examples_rclcpp_minimal_publisher/lib'
[9.194s] Level 1:colcon.colcon_core.environment:checking '/home/vboxuser/ros2_ws/install/examples_rclcpp_minimal_publisher/bin'
[9.194s] Level 1:colcon.colcon_core.environment:checking '/home/vboxuser/ros2_ws/install/examples_rclcpp_minimal_publisher/lib/pkgconfig/examples_rclcpp_minimal_publisher.pc'
[9.215s] Level 1:colcon.colcon_core.environment:checking '/home/vboxuser/ros2_ws/install/examples_rclcpp_minimal_publisher/lib/python3.10/site-packages'
[9.216s] Level 1:colcon.colcon_core.environment:checking '/home/vboxuser/ros2_ws/install/examples_rclcpp_minimal_publisher/bin'
[9.216s] INFO:colcon.colcon_core.shell:Creating package script '/home/vboxuser/ros2_ws/install/examples_rclcpp_minimal_publisher/share/examples_rclcpp_minimal_publisher/package.ps1'
[9.226s] INFO:colcon.colcon_core.shell:Creating package descriptor '/home/vboxuser/ros2_ws/install/examples_rclcpp_minimal_publisher/share/examples_rclcpp_minimal_publisher/package.dsv'
[9.227s] INFO:colcon.colcon_core.shell:Creating package script '/home/vboxuser/ros2_ws/install/examples_rclcpp_minimal_publisher/share/examples_rclcpp_minimal_publisher/package.sh'
[9.228s] INFO:colcon.colcon_core.shell:Creating package script '/home/vboxuser/ros2_ws/install/examples_rclcpp_minimal_publisher/share/examples_rclcpp_minimal_publisher/package.bash'
[9.271s] INFO:colcon.colcon_core.shell:Creating package script '/home/vboxuser/ros2_ws/install/examples_rclcpp_minimal_publisher/share/examples_rclcpp_minimal_publisher/package.zsh'
[9.293s] Level 1:colcon.colcon_core.environment:create_file_with_runtime_dependencies(/home/vboxuser/ros2_ws/install/examples_rclcpp_minimal_publisher/share/colcon-core/packages/examples_rclcpp_minimal_publisher)
[9.296s] Level 1:colcon.colcon_core.environment:create_environment_scripts_only(examples_rclcpp_minimal_publisher)
[9.298s] Level 1:colcon.colcon_core.environment:checking '/home/vboxuser/ros2_ws/install/examples_rclcpp_minimal_publisher' for CMake module files
[9.301s] Level 1:colcon.colcon_core.environment:checking '/home/vboxuser/ros2_ws/install/examples_rclcpp_minimal_publisher' for CMake config files
[9.303s] Level 1:colcon.colcon_core.shell:create_environment_hook('examples_rclcpp_minimal_publisher', 'cmake_prefix_path')
[9.304s] INFO:colcon.colcon_core.shell:Creating environment hook '/home/vboxuser/ros2_ws/install/examples_rclcpp_minimal_publisher/share/examples_rclcpp_minimal_publisher/hook/cmake_prefix_path.ps1'
[9.315s] INFO:colcon.colcon_core.shell:Creating environment descriptor '/home/vboxuser/ros2_ws/install/examples_rclcpp_minimal_publisher/share/examples_rclcpp_minimal_publisher/hook/cmake_prefix_path.dsv'
[9.317s] INFO:colcon.colcon_core.shell:Creating environment hook '/home/vboxuser/ros2_ws/install/examples_rclcpp_minimal_publisher/share/examples_rclcpp_minimal_publisher/hook/cmake_prefix_path.sh'
[9.331s] Level 1:colcon.colcon_core.environment:checking '/home/vboxuser/ros2_ws/install/examples_rclcpp_minimal_publisher/lib'
[9.331s] Level 1:colcon.colcon_core.environment:checking '/home/vboxuser/ros2_ws/install/examples_rclcpp_minimal_publisher/bin'
[9.332s] Level 1:colcon.colcon_core.environment:checking '/home/vboxuser/ros2_ws/install/examples_rclcpp_minimal_publisher/lib/pkgconfig/examples_rclcpp_minimal_publisher.pc'
[9.332s] Level 1:colcon.colcon_core.environment:checking '/home/vboxuser/ros2_ws/install/examples_rclcpp_minimal_publisher/lib/python3.10/site-packages'
[9.332s] Level 1:colcon.colcon_core.environment:checking '/home/vboxuser/ros2_ws/install/examples_rclcpp_minimal_publisher/bin'
[9.348s] INFO:colcon.colcon_core.shell:Creating package script '/home/vboxuser/ros2_ws/install/examples_rclcpp_minimal_publisher/share/examples_rclcpp_minimal_publisher/package.ps1'
[9.356s] INFO:colcon.colcon_core.shell:Creating package descriptor '/home/vboxuser/ros2_ws/install/examples_rclcpp_minimal_publisher/share/examples_rclcpp_minimal_publisher/package.dsv'
[9.357s] INFO:colcon.colcon_core.shell:Creating package script '/home/vboxuser/ros2_ws/install/examples_rclcpp_minimal_publisher/share/examples_rclcpp_minimal_publisher/package.sh'
[9.363s] INFO:colcon.colcon_core.shell:Creating package script '/home/vboxuser/ros2_ws/install/examples_rclcpp_minimal_publisher/share/examples_rclcpp_minimal_publisher/package.bash'
[9.417s] INFO:colcon.colcon_core.shell:Creating package script '/home/vboxuser/ros2_ws/install/examples_rclcpp_minimal_publisher/share/examples_rclcpp_minimal_publisher/package.zsh'
[9.425s] Level 1:colcon.colcon_core.environment:create_file_with_runtime_dependencies(/home/vboxuser/ros2_ws/install/examples_rclcpp_minimal_publisher/share/colcon-core/packages/examples_rclcpp_minimal_publisher)
[9.427s] INFO:colcon.colcon_ros.task.ament_cmake.build:Building ROS package in '/home/vboxuser/ros2_ws/src/examples/rclcpp/executors/multithreaded_executor' with build type 'ament_cmake'
[9.427s] INFO:colcon.colcon_cmake.task.cmake.build:Building CMake package in '/home/vboxuser/ros2_ws/src/examples/rclcpp/executors/multithreaded_executor'
[9.428s] INFO:colcon.colcon_core.shell:Skip shell extension 'powershell' for command environment: Not usable outside of PowerShell
[9.428s] DEBUG:colcon.colcon_core.shell:Skip shell extension 'dsv' for command environment
[9.752s] DEBUG:colcon.colcon_core.event_handler.log_command:Invoking command in '/home/vboxuser/ros2_ws/build/examples_rclcpp_multithreaded_executor': CMAKE_PREFIX_PATH=${CMAKE_PREFIX_PATH}:/home/vboxuser/ros2_ws/install/read_rosbag:/home/vboxuser/ros2_ws/install/py_pubsub:/home/vboxuser/ros2_ws/install/launch_testing_examples:/home/vboxuser/ros2_ws/install/examples_rclpy_pointcloud_publisher:/home/vboxuser/ros2_ws/install/examples_rclpy_minimal_subscriber:/home/vboxuser/ros2_ws/install/examples_rclpy_minimal_service:/home/vboxuser/ros2_ws/install/examples_rclpy_minimal_publisher:/home/vboxuser/ros2_ws/install/examples_rclpy_minimal_client:/home/vboxuser/ros2_ws/install/examples_rclpy_minimal_action_server:/home/vboxuser/ros2_ws/install/examples_rclpy_minimal_action_client:/home/vboxuser/ros2_ws/install/examples_rclpy_guard_conditions:/home/vboxuser/ros2_ws/install/examples_rclpy_executors:/home/vboxuser/ros2_ws/install/bms_visualizer:/opt/ros/iron:/home/vboxuser/ros2_iron/install/rqt_bag_plugins:/home/vboxuser/ros2_iron/install/rqt_bag:/home/vboxuser/ros2_iron/install/rosbag2_examples_py:/home/vboxuser/ros2_iron/install/launch_testing_examples:/home/vboxuser/ros2_iron/install/ros2bag:/home/vboxuser/ros2_iron/install/tracetools_test:/home/vboxuser/ros2_iron/install/tracetools_launch:/home/vboxuser/ros2_iron/install/topic_monitor:/home/vboxuser/ros2_iron/install/tf2_tools:/home/vboxuser/ros2_iron/install/examples_tf2_py:/home/vboxuser/ros2_iron/install/tf2_ros_py:/home/vboxuser/ros2_iron/install/examples_rclpy_pointcloud_publisher:/home/vboxuser/ros2_iron/install/sensor_msgs_py:/home/vboxuser/ros2_iron/install/quality_of_service_demo_py:/home/vboxuser/ros2_iron/install/rqt_plot:/home/vboxuser/ros2_iron/install/ros2doctor:/home/vboxuser/ros2_iron/install/lifecycle_py:/home/vboxuser/ros2_iron/install/examples_rclpy_minimal_subscriber:/home/vboxuser/ros2_iron/install/examples_rclpy_minimal_service:/home/vboxuser/ros2_iron/install/examples_rclpy_minimal_publisher:/home/vboxuser/ros2_iron/install/examples_rclpy_minimal_client:/home/vboxuser/ros2_iron/install/examples_rclpy_executors:/home/vboxuser/ros2_iron/install/demo_nodes_py:/home/vboxuser/ros2_iron/install/rqt:/home/vboxuser/ros2_iron/install/ros2component:/home/vboxuser/ros2_iron/install/sros2:/home/vboxuser/ros2_iron/install/rqt_topic:/home/vboxuser/ros2_iron/install/rqt_srv:/home/vboxuser/ros2_iron/install/rqt_shell:/home/vboxuser/ros2_iron/install/rqt_service_caller:/home/vboxuser/ros2_iron/install/rqt_reconfigure:/home/vboxuser/ros2_iron/install/rqt_py_console:/home/vboxuser/ros2_iron/install/rqt_publisher:/home/vboxuser/ros2_iron/install/rqt_action:/home/vboxuser/ros2_iron/install/rqt_msg:/home/vboxuser/ros2_iron/install/rqt_console:/home/vboxuser/ros2_iron/install/rqt_graph:/home/vboxuser/ros2_iron/install/rqt_gui_py:/home/vboxuser/ros2_iron/install/rqt_gui:/home/vboxuser/ros2_iron/install/ros2trace:/home/vboxuser/ros2_iron/install/ros2topic:/home/vboxuser/ros2_iron/install/ros2test:/home/vboxuser/ros2_iron/install/ros2param:/home/vboxuser/ros2_iron/install/ros2lifecycle:/home/vboxuser/ros2_iron/install/ros2service:/home/vboxuser/ros2_iron/install/ros2run:/home/vboxuser/ros2_iron/install/ros2launch:/home/vboxuser/ros2_iron/install/ros2pkg:/home/vboxuser/ros2_iron/install/ros2node:/home/vboxuser/ros2_iron/install/ros2multicast:/home/vboxuser/ros2_iron/install/ros2interface:/home/vboxuser/ros2_iron/install/ros2action:/home/vboxuser/ros2_iron/install/ros2cli:/home/vboxuser/ros2_iron/install/launch_testing_ros:/home/vboxuser/ros2_iron/install/launch_ros:/home/vboxuser/ros2_iron/install/examples_rclpy_minimal_action_server:/home/vboxuser/ros2_iron/install/examples_rclpy_minimal_action_client:/home/vboxuser/ros2_iron/install/examples_rclpy_guard_conditions:/home/vboxuser/ros2_iron/install/action_tutorials_py:/home/vboxuser/ros2_iron/install/ament_uncrustify:/home/vboxuser/ros2_iron/install/tracetools_trace:/home/vboxuser/ros2_iron/install/tracetools_read:/home/vboxuser/ros2_iron/install/test_tracetools_launch:/home/vboxuser/ros2_iron/install/test_ros2trace:/home/vboxuser/ros2_iron/install/test_launch_ros:/home/vboxuser/ros2_iron/install/rpyutils:/home/vboxuser/ros2_iron/install/rosidl_runtime_py:/home/vboxuser/ros2_iron/install/rosidl_pycommon:/home/vboxuser/ros2_iron/install/rosidl_cli:/home/vboxuser/ros2_iron/install/launch_pytest:/home/vboxuser/ros2_iron/install/launch_testing:/home/vboxuser/ros2_iron/install/launch_yaml:/home/vboxuser/ros2_iron/install/launch_xml:/home/vboxuser/ros2_iron/install/launch:/home/vboxuser/ros2_iron/install/osrf_pycommon:/home/vboxuser/ros2_iron/install/domain_coordinator:/home/vboxuser/ros2_iron/install/ament_xmllint:/home/vboxuser/ros2_iron/install/ament_pyflakes:/home/vboxuser/ros2_iron/install/ament_pycodestyle:/home/vboxuser/ros2_iron/install/ament_pep257:/home/vboxuser/ros2_iron/install/ament_pclint:/home/vboxuser/ros2_iron/install/ament_package:/home/vboxuser/ros2_iron/install/ament_mypy:/home/vboxuser/ros2_iron/install/ament_lint_cmake:/home/vboxuser/ros2_iron/install/ament_flake8:/home/vboxuser/ros2_iron/install/ament_copyright:/home/vboxuser/ros2_iron/install/ament_lint:/home/vboxuser/ros2_iron/install/ament_index_python:/home/vboxuser/ros2_iron/install/ament_cpplint:/home/vboxuser/ros2_iron/install/ament_cppcheck:/home/vboxuser/ros2_iron/install/ament_clang_tidy:/home/vboxuser/ros2_iron/install/ament_clang_format /usr/bin/cmake --build /home/vboxuser/ros2_ws/build/examples_rclcpp_multithreaded_executor -- -j4 -l4
[9.866s] DEBUG:colcon.colcon_core.event_handler.log_command:Invoked command in '/home/vboxuser/ros2_ws/build/examples_rclcpp_minimal_timer' returned '0': CMAKE_PREFIX_PATH=${CMAKE_PREFIX_PATH}:/home/vboxuser/ros2_ws/install/read_rosbag:/home/vboxuser/ros2_ws/install/py_pubsub:/home/vboxuser/ros2_ws/install/launch_testing_examples:/home/vboxuser/ros2_ws/install/examples_rclpy_pointcloud_publisher:/home/vboxuser/ros2_ws/install/examples_rclpy_minimal_subscriber:/home/vboxuser/ros2_ws/install/examples_rclpy_minimal_service:/home/vboxuser/ros2_ws/install/examples_rclpy_minimal_publisher:/home/vboxuser/ros2_ws/install/examples_rclpy_minimal_client:/home/vboxuser/ros2_ws/install/examples_rclpy_minimal_action_server:/home/vboxuser/ros2_ws/install/examples_rclpy_minimal_action_client:/home/vboxuser/ros2_ws/install/examples_rclpy_guard_conditions:/home/vboxuser/ros2_ws/install/examples_rclpy_executors:/home/vboxuser/ros2_ws/install/bms_visualizer:/opt/ros/iron:/home/vboxuser/ros2_iron/install/rqt_bag_plugins:/home/vboxuser/ros2_iron/install/rqt_bag:/home/vboxuser/ros2_iron/install/rosbag2_examples_py:/home/vboxuser/ros2_iron/install/launch_testing_examples:/home/vboxuser/ros2_iron/install/ros2bag:/home/vboxuser/ros2_iron/install/tracetools_test:/home/vboxuser/ros2_iron/install/tracetools_launch:/home/vboxuser/ros2_iron/install/topic_monitor:/home/vboxuser/ros2_iron/install/tf2_tools:/home/vboxuser/ros2_iron/install/examples_tf2_py:/home/vboxuser/ros2_iron/install/tf2_ros_py:/home/vboxuser/ros2_iron/install/examples_rclpy_pointcloud_publisher:/home/vboxuser/ros2_iron/install/sensor_msgs_py:/home/vboxuser/ros2_iron/install/quality_of_service_demo_py:/home/vboxuser/ros2_iron/install/rqt_plot:/home/vboxuser/ros2_iron/install/ros2doctor:/home/vboxuser/ros2_iron/install/lifecycle_py:/home/vboxuser/ros2_iron/install/examples_rclpy_minimal_subscriber:/home/vboxuser/ros2_iron/install/examples_rclpy_minimal_service:/home/vboxuser/ros2_iron/install/examples_rclpy_minimal_publisher:/home/vboxuser/ros2_iron/install/examples_rclpy_minimal_client:/home/vboxuser/ros2_iron/install/examples_rclpy_executors:/home/vboxuser/ros2_iron/install/demo_nodes_py:/home/vboxuser/ros2_iron/install/rqt:/home/vboxuser/ros2_iron/install/ros2component:/home/vboxuser/ros2_iron/install/sros2:/home/vboxuser/ros2_iron/install/rqt_topic:/home/vboxuser/ros2_iron/install/rqt_srv:/home/vboxuser/ros2_iron/install/rqt_shell:/home/vboxuser/ros2_iron/install/rqt_service_caller:/home/vboxuser/ros2_iron/install/rqt_reconfigure:/home/vboxuser/ros2_iron/install/rqt_py_console:/home/vboxuser/ros2_iron/install/rqt_publisher:/home/vboxuser/ros2_iron/install/rqt_action:/home/vboxuser/ros2_iron/install/rqt_msg:/home/vboxuser/ros2_iron/install/rqt_console:/home/vboxuser/ros2_iron/install/rqt_graph:/home/vboxuser/ros2_iron/install/rqt_gui_py:/home/vboxuser/ros2_iron/install/rqt_gui:/home/vboxuser/ros2_iron/install/ros2trace:/home/vboxuser/ros2_iron/install/ros2topic:/home/vboxuser/ros2_iron/install/ros2test:/home/vboxuser/ros2_iron/install/ros2param:/home/vboxuser/ros2_iron/install/ros2lifecycle:/home/vboxuser/ros2_iron/install/ros2service:/home/vboxuser/ros2_iron/install/ros2run:/home/vboxuser/ros2_iron/install/ros2launch:/home/vboxuser/ros2_iron/install/ros2pkg:/home/vboxuser/ros2_iron/install/ros2node:/home/vboxuser/ros2_iron/install/ros2multicast:/home/vboxuser/ros2_iron/install/ros2interface:/home/vboxuser/ros2_iron/install/ros2action:/home/vboxuser/ros2_iron/install/ros2cli:/home/vboxuser/ros2_iron/install/launch_testing_ros:/home/vboxuser/ros2_iron/install/launch_ros:/home/vboxuser/ros2_iron/install/examples_rclpy_minimal_action_server:/home/vboxuser/ros2_iron/install/examples_rclpy_minimal_action_client:/home/vboxuser/ros2_iron/install/examples_rclpy_guard_conditions:/home/vboxuser/ros2_iron/install/action_tutorials_py:/home/vboxuser/ros2_iron/install/ament_uncrustify:/home/vboxuser/ros2_iron/install/tracetools_trace:/home/vboxuser/ros2_iron/install/tracetools_read:/home/vboxuser/ros2_iron/install/test_tracetools_launch:/home/vboxuser/ros2_iron/install/test_ros2trace:/home/vboxuser/ros2_iron/install/test_launch_ros:/home/vboxuser/ros2_iron/install/rpyutils:/home/vboxuser/ros2_iron/install/rosidl_runtime_py:/home/vboxuser/ros2_iron/install/rosidl_pycommon:/home/vboxuser/ros2_iron/install/rosidl_cli:/home/vboxuser/ros2_iron/install/launch_pytest:/home/vboxuser/ros2_iron/install/launch_testing:/home/vboxuser/ros2_iron/install/launch_yaml:/home/vboxuser/ros2_iron/install/launch_xml:/home/vboxuser/ros2_iron/install/launch:/home/vboxuser/ros2_iron/install/osrf_pycommon:/home/vboxuser/ros2_iron/install/domain_coordinator:/home/vboxuser/ros2_iron/install/ament_xmllint:/home/vboxuser/ros2_iron/install/ament_pyflakes:/home/vboxuser/ros2_iron/install/ament_pycodestyle:/home/vboxuser/ros2_iron/install/ament_pep257:/home/vboxuser/ros2_iron/install/ament_pclint:/home/vboxuser/ros2_iron/install/ament_package:/home/vboxuser/ros2_iron/install/ament_mypy:/home/vboxuser/ros2_iron/install/ament_lint_cmake:/home/vboxuser/ros2_iron/install/ament_flake8:/home/vboxuser/ros2_iron/install/ament_copyright:/home/vboxuser/ros2_iron/install/ament_lint:/home/vboxuser/ros2_iron/install/ament_index_python:/home/vboxuser/ros2_iron/install/ament_cpplint:/home/vboxuser/ros2_iron/install/ament_cppcheck:/home/vboxuser/ros2_iron/install/ament_clang_tidy:/home/vboxuser/ros2_iron/install/ament_clang_format /usr/bin/cmake --build /home/vboxuser/ros2_ws/build/examples_rclcpp_minimal_timer -- -j4 -l4
[9.867s] DEBUG:colcon.colcon_core.event_handler.log_command:Invoking command in '/home/vboxuser/ros2_ws/build/examples_rclcpp_minimal_timer': CMAKE_PREFIX_PATH=${CMAKE_PREFIX_PATH}:/home/vboxuser/ros2_ws/install/read_rosbag:/home/vboxuser/ros2_ws/install/py_pubsub:/home/vboxuser/ros2_ws/install/launch_testing_examples:/home/vboxuser/ros2_ws/install/examples_rclpy_pointcloud_publisher:/home/vboxuser/ros2_ws/install/examples_rclpy_minimal_subscriber:/home/vboxuser/ros2_ws/install/examples_rclpy_minimal_service:/home/vboxuser/ros2_ws/install/examples_rclpy_minimal_publisher:/home/vboxuser/ros2_ws/install/examples_rclpy_minimal_client:/home/vboxuser/ros2_ws/install/examples_rclpy_minimal_action_server:/home/vboxuser/ros2_ws/install/examples_rclpy_minimal_action_client:/home/vboxuser/ros2_ws/install/examples_rclpy_guard_conditions:/home/vboxuser/ros2_ws/install/examples_rclpy_executors:/home/vboxuser/ros2_ws/install/bms_visualizer:/opt/ros/iron:/home/vboxuser/ros2_iron/install/rqt_bag_plugins:/home/vboxuser/ros2_iron/install/rqt_bag:/home/vboxuser/ros2_iron/install/rosbag2_examples_py:/home/vboxuser/ros2_iron/install/launch_testing_examples:/home/vboxuser/ros2_iron/install/ros2bag:/home/vboxuser/ros2_iron/install/tracetools_test:/home/vboxuser/ros2_iron/install/tracetools_launch:/home/vboxuser/ros2_iron/install/topic_monitor:/home/vboxuser/ros2_iron/install/tf2_tools:/home/vboxuser/ros2_iron/install/examples_tf2_py:/home/vboxuser/ros2_iron/install/tf2_ros_py:/home/vboxuser/ros2_iron/install/examples_rclpy_pointcloud_publisher:/home/vboxuser/ros2_iron/install/sensor_msgs_py:/home/vboxuser/ros2_iron/install/quality_of_service_demo_py:/home/vboxuser/ros2_iron/install/rqt_plot:/home/vboxuser/ros2_iron/install/ros2doctor:/home/vboxuser/ros2_iron/install/lifecycle_py:/home/vboxuser/ros2_iron/install/examples_rclpy_minimal_subscriber:/home/vboxuser/ros2_iron/install/examples_rclpy_minimal_service:/home/vboxuser/ros2_iron/install/examples_rclpy_minimal_publisher:/home/vboxuser/ros2_iron/install/examples_rclpy_minimal_client:/home/vboxuser/ros2_iron/install/examples_rclpy_executors:/home/vboxuser/ros2_iron/install/demo_nodes_py:/home/vboxuser/ros2_iron/install/rqt:/home/vboxuser/ros2_iron/install/ros2component:/home/vboxuser/ros2_iron/install/sros2:/home/vboxuser/ros2_iron/install/rqt_topic:/home/vboxuser/ros2_iron/install/rqt_srv:/home/vboxuser/ros2_iron/install/rqt_shell:/home/vboxuser/ros2_iron/install/rqt_service_caller:/home/vboxuser/ros2_iron/install/rqt_reconfigure:/home/vboxuser/ros2_iron/install/rqt_py_console:/home/vboxuser/ros2_iron/install/rqt_publisher:/home/vboxuser/ros2_iron/install/rqt_action:/home/vboxuser/ros2_iron/install/rqt_msg:/home/vboxuser/ros2_iron/install/rqt_console:/home/vboxuser/ros2_iron/install/rqt_graph:/home/vboxuser/ros2_iron/install/rqt_gui_py:/home/vboxuser/ros2_iron/install/rqt_gui:/home/vboxuser/ros2_iron/install/ros2trace:/home/vboxuser/ros2_iron/install/ros2topic:/home/vboxuser/ros2_iron/install/ros2test:/home/vboxuser/ros2_iron/install/ros2param:/home/vboxuser/ros2_iron/install/ros2lifecycle:/home/vboxuser/ros2_iron/install/ros2service:/home/vboxuser/ros2_iron/install/ros2run:/home/vboxuser/ros2_iron/install/ros2launch:/home/vboxuser/ros2_iron/install/ros2pkg:/home/vboxuser/ros2_iron/install/ros2node:/home/vboxuser/ros2_iron/install/ros2multicast:/home/vboxuser/ros2_iron/install/ros2interface:/home/vboxuser/ros2_iron/install/ros2action:/home/vboxuser/ros2_iron/install/ros2cli:/home/vboxuser/ros2_iron/install/launch_testing_ros:/home/vboxuser/ros2_iron/install/launch_ros:/home/vboxuser/ros2_iron/install/examples_rclpy_minimal_action_server:/home/vboxuser/ros2_iron/install/examples_rclpy_minimal_action_client:/home/vboxuser/ros2_iron/install/examples_rclpy_guard_conditions:/home/vboxuser/ros2_iron/install/action_tutorials_py:/home/vboxuser/ros2_iron/install/ament_uncrustify:/home/vboxuser/ros2_iron/install/tracetools_trace:/home/vboxuser/ros2_iron/install/tracetools_read:/home/vboxuser/ros2_iron/install/test_tracetools_launch:/home/vboxuser/ros2_iron/install/test_ros2trace:/home/vboxuser/ros2_iron/install/test_launch_ros:/home/vboxuser/ros2_iron/install/rpyutils:/home/vboxuser/ros2_iron/install/rosidl_runtime_py:/home/vboxuser/ros2_iron/install/rosidl_pycommon:/home/vboxuser/ros2_iron/install/rosidl_cli:/home/vboxuser/ros2_iron/install/launch_pytest:/home/vboxuser/ros2_iron/install/launch_testing:/home/vboxuser/ros2_iron/install/launch_yaml:/home/vboxuser/ros2_iron/install/launch_xml:/home/vboxuser/ros2_iron/install/launch:/home/vboxuser/ros2_iron/install/osrf_pycommon:/home/vboxuser/ros2_iron/install/domain_coordinator:/home/vboxuser/ros2_iron/install/ament_xmllint:/home/vboxuser/ros2_iron/install/ament_pyflakes:/home/vboxuser/ros2_iron/install/ament_pycodestyle:/home/vboxuser/ros2_iron/install/ament_pep257:/home/vboxuser/ros2_iron/install/ament_pclint:/home/vboxuser/ros2_iron/install/ament_package:/home/vboxuser/ros2_iron/install/ament_mypy:/home/vboxuser/ros2_iron/install/ament_lint_cmake:/home/vboxuser/ros2_iron/install/ament_flake8:/home/vboxuser/ros2_iron/install/ament_copyright:/home/vboxuser/ros2_iron/install/ament_lint:/home/vboxuser/ros2_iron/install/ament_index_python:/home/vboxuser/ros2_iron/install/ament_cpplint:/home/vboxuser/ros2_iron/install/ament_cppcheck:/home/vboxuser/ros2_iron/install/ament_clang_tidy:/home/vboxuser/ros2_iron/install/ament_clang_format /usr/bin/cmake --install /home/vboxuser/ros2_ws/build/examples_rclcpp_minimal_timer
[9.882s] DEBUG:colcon.colcon_core.event_handler.log_command:Invoked command in '/home/vboxuser/ros2_ws/build/examples_rclcpp_minimal_subscriber' returned '0': CMAKE_PREFIX_PATH=${CMAKE_PREFIX_PATH}:/home/vboxuser/ros2_ws/install/read_rosbag:/home/vboxuser/ros2_ws/install/py_pubsub:/home/vboxuser/ros2_ws/install/launch_testing_examples:/home/vboxuser/ros2_ws/install/examples_rclpy_pointcloud_publisher:/home/vboxuser/ros2_ws/install/examples_rclpy_minimal_subscriber:/home/vboxuser/ros2_ws/install/examples_rclpy_minimal_service:/home/vboxuser/ros2_ws/install/examples_rclpy_minimal_publisher:/home/vboxuser/ros2_ws/install/examples_rclpy_minimal_client:/home/vboxuser/ros2_ws/install/examples_rclpy_minimal_action_server:/home/vboxuser/ros2_ws/install/examples_rclpy_minimal_action_client:/home/vboxuser/ros2_ws/install/examples_rclpy_guard_conditions:/home/vboxuser/ros2_ws/install/examples_rclpy_executors:/home/vboxuser/ros2_ws/install/bms_visualizer:/opt/ros/iron:/home/vboxuser/ros2_iron/install/rqt_bag_plugins:/home/vboxuser/ros2_iron/install/rqt_bag:/home/vboxuser/ros2_iron/install/rosbag2_examples_py:/home/vboxuser/ros2_iron/install/launch_testing_examples:/home/vboxuser/ros2_iron/install/ros2bag:/home/vboxuser/ros2_iron/install/tracetools_test:/home/vboxuser/ros2_iron/install/tracetools_launch:/home/vboxuser/ros2_iron/install/topic_monitor:/home/vboxuser/ros2_iron/install/tf2_tools:/home/vboxuser/ros2_iron/install/examples_tf2_py:/home/vboxuser/ros2_iron/install/tf2_ros_py:/home/vboxuser/ros2_iron/install/examples_rclpy_pointcloud_publisher:/home/vboxuser/ros2_iron/install/sensor_msgs_py:/home/vboxuser/ros2_iron/install/quality_of_service_demo_py:/home/vboxuser/ros2_iron/install/rqt_plot:/home/vboxuser/ros2_iron/install/ros2doctor:/home/vboxuser/ros2_iron/install/lifecycle_py:/home/vboxuser/ros2_iron/install/examples_rclpy_minimal_subscriber:/home/vboxuser/ros2_iron/install/examples_rclpy_minimal_service:/home/vboxuser/ros2_iron/install/examples_rclpy_minimal_publisher:/home/vboxuser/ros2_iron/install/examples_rclpy_minimal_client:/home/vboxuser/ros2_iron/install/examples_rclpy_executors:/home/vboxuser/ros2_iron/install/demo_nodes_py:/home/vboxuser/ros2_iron/install/rqt:/home/vboxuser/ros2_iron/install/ros2component:/home/vboxuser/ros2_iron/install/sros2:/home/vboxuser/ros2_iron/install/rqt_topic:/home/vboxuser/ros2_iron/install/rqt_srv:/home/vboxuser/ros2_iron/install/rqt_shell:/home/vboxuser/ros2_iron/install/rqt_service_caller:/home/vboxuser/ros2_iron/install/rqt_reconfigure:/home/vboxuser/ros2_iron/install/rqt_py_console:/home/vboxuser/ros2_iron/install/rqt_publisher:/home/vboxuser/ros2_iron/install/rqt_action:/home/vboxuser/ros2_iron/install/rqt_msg:/home/vboxuser/ros2_iron/install/rqt_console:/home/vboxuser/ros2_iron/install/rqt_graph:/home/vboxuser/ros2_iron/install/rqt_gui_py:/home/vboxuser/ros2_iron/install/rqt_gui:/home/vboxuser/ros2_iron/install/ros2trace:/home/vboxuser/ros2_iron/install/ros2topic:/home/vboxuser/ros2_iron/install/ros2test:/home/vboxuser/ros2_iron/install/ros2param:/home/vboxuser/ros2_iron/install/ros2lifecycle:/home/vboxuser/ros2_iron/install/ros2service:/home/vboxuser/ros2_iron/install/ros2run:/home/vboxuser/ros2_iron/install/ros2launch:/home/vboxuser/ros2_iron/install/ros2pkg:/home/vboxuser/ros2_iron/install/ros2node:/home/vboxuser/ros2_iron/install/ros2multicast:/home/vboxuser/ros2_iron/install/ros2interface:/home/vboxuser/ros2_iron/install/ros2action:/home/vboxuser/ros2_iron/install/ros2cli:/home/vboxuser/ros2_iron/install/launch_testing_ros:/home/vboxuser/ros2_iron/install/launch_ros:/home/vboxuser/ros2_iron/install/examples_rclpy_minimal_action_server:/home/vboxuser/ros2_iron/install/examples_rclpy_minimal_action_client:/home/vboxuser/ros2_iron/install/examples_rclpy_guard_conditions:/home/vboxuser/ros2_iron/install/action_tutorials_py:/home/vboxuser/ros2_iron/install/ament_uncrustify:/home/vboxuser/ros2_iron/install/tracetools_trace:/home/vboxuser/ros2_iron/install/tracetools_read:/home/vboxuser/ros2_iron/install/test_tracetools_launch:/home/vboxuser/ros2_iron/install/test_ros2trace:/home/vboxuser/ros2_iron/install/test_launch_ros:/home/vboxuser/ros2_iron/install/rpyutils:/home/vboxuser/ros2_iron/install/rosidl_runtime_py:/home/vboxuser/ros2_iron/install/rosidl_pycommon:/home/vboxuser/ros2_iron/install/rosidl_cli:/home/vboxuser/ros2_iron/install/launch_pytest:/home/vboxuser/ros2_iron/install/launch_testing:/home/vboxuser/ros2_iron/install/launch_yaml:/home/vboxuser/ros2_iron/install/launch_xml:/home/vboxuser/ros2_iron/install/launch:/home/vboxuser/ros2_iron/install/osrf_pycommon:/home/vboxuser/ros2_iron/install/domain_coordinator:/home/vboxuser/ros2_iron/install/ament_xmllint:/home/vboxuser/ros2_iron/install/ament_pyflakes:/home/vboxuser/ros2_iron/install/ament_pycodestyle:/home/vboxuser/ros2_iron/install/ament_pep257:/home/vboxuser/ros2_iron/install/ament_pclint:/home/vboxuser/ros2_iron/install/ament_package:/home/vboxuser/ros2_iron/install/ament_mypy:/home/vboxuser/ros2_iron/install/ament_lint_cmake:/home/vboxuser/ros2_iron/install/ament_flake8:/home/vboxuser/ros2_iron/install/ament_copyright:/home/vboxuser/ros2_iron/install/ament_lint:/home/vboxuser/ros2_iron/install/ament_index_python:/home/vboxuser/ros2_iron/install/ament_cpplint:/home/vboxuser/ros2_iron/install/ament_cppcheck:/home/vboxuser/ros2_iron/install/ament_clang_tidy:/home/vboxuser/ros2_iron/install/ament_clang_format /usr/bin/cmake --build /home/vboxuser/ros2_ws/build/examples_rclcpp_minimal_subscriber -- -j4 -l4
[9.904s] DEBUG:colcon.colcon_core.event_handler.log_command:Invoking command in '/home/vboxuser/ros2_ws/build/examples_rclcpp_minimal_subscriber': CMAKE_PREFIX_PATH=${CMAKE_PREFIX_PATH}:/home/vboxuser/ros2_ws/install/read_rosbag:/home/vboxuser/ros2_ws/install/py_pubsub:/home/vboxuser/ros2_ws/install/launch_testing_examples:/home/vboxuser/ros2_ws/install/examples_rclpy_pointcloud_publisher:/home/vboxuser/ros2_ws/install/examples_rclpy_minimal_subscriber:/home/vboxuser/ros2_ws/install/examples_rclpy_minimal_service:/home/vboxuser/ros2_ws/install/examples_rclpy_minimal_publisher:/home/vboxuser/ros2_ws/install/examples_rclpy_minimal_client:/home/vboxuser/ros2_ws/install/examples_rclpy_minimal_action_server:/home/vboxuser/ros2_ws/install/examples_rclpy_minimal_action_client:/home/vboxuser/ros2_ws/install/examples_rclpy_guard_conditions:/home/vboxuser/ros2_ws/install/examples_rclpy_executors:/home/vboxuser/ros2_ws/install/bms_visualizer:/opt/ros/iron:/home/vboxuser/ros2_iron/install/rqt_bag_plugins:/home/vboxuser/ros2_iron/install/rqt_bag:/home/vboxuser/ros2_iron/install/rosbag2_examples_py:/home/vboxuser/ros2_iron/install/launch_testing_examples:/home/vboxuser/ros2_iron/install/ros2bag:/home/vboxuser/ros2_iron/install/tracetools_test:/home/vboxuser/ros2_iron/install/tracetools_launch:/home/vboxuser/ros2_iron/install/topic_monitor:/home/vboxuser/ros2_iron/install/tf2_tools:/home/vboxuser/ros2_iron/install/examples_tf2_py:/home/vboxuser/ros2_iron/install/tf2_ros_py:/home/vboxuser/ros2_iron/install/examples_rclpy_pointcloud_publisher:/home/vboxuser/ros2_iron/install/sensor_msgs_py:/home/vboxuser/ros2_iron/install/quality_of_service_demo_py:/home/vboxuser/ros2_iron/install/rqt_plot:/home/vboxuser/ros2_iron/install/ros2doctor:/home/vboxuser/ros2_iron/install/lifecycle_py:/home/vboxuser/ros2_iron/install/examples_rclpy_minimal_subscriber:/home/vboxuser/ros2_iron/install/examples_rclpy_minimal_service:/home/vboxuser/ros2_iron/install/examples_rclpy_minimal_publisher:/home/vboxuser/ros2_iron/install/examples_rclpy_minimal_client:/home/vboxuser/ros2_iron/install/examples_rclpy_executors:/home/vboxuser/ros2_iron/install/demo_nodes_py:/home/vboxuser/ros2_iron/install/rqt:/home/vboxuser/ros2_iron/install/ros2component:/home/vboxuser/ros2_iron/install/sros2:/home/vboxuser/ros2_iron/install/rqt_topic:/home/vboxuser/ros2_iron/install/rqt_srv:/home/vboxuser/ros2_iron/install/rqt_shell:/home/vboxuser/ros2_iron/install/rqt_service_caller:/home/vboxuser/ros2_iron/install/rqt_reconfigure:/home/vboxuser/ros2_iron/install/rqt_py_console:/home/vboxuser/ros2_iron/install/rqt_publisher:/home/vboxuser/ros2_iron/install/rqt_action:/home/vboxuser/ros2_iron/install/rqt_msg:/home/vboxuser/ros2_iron/install/rqt_console:/home/vboxuser/ros2_iron/install/rqt_graph:/home/vboxuser/ros2_iron/install/rqt_gui_py:/home/vboxuser/ros2_iron/install/rqt_gui:/home/vboxuser/ros2_iron/install/ros2trace:/home/vboxuser/ros2_iron/install/ros2topic:/home/vboxuser/ros2_iron/install/ros2test:/home/vboxuser/ros2_iron/install/ros2param:/home/vboxuser/ros2_iron/install/ros2lifecycle:/home/vboxuser/ros2_iron/install/ros2service:/home/vboxuser/ros2_iron/install/ros2run:/home/vboxuser/ros2_iron/install/ros2launch:/home/vboxuser/ros2_iron/install/ros2pkg:/home/vboxuser/ros2_iron/install/ros2node:/home/vboxuser/ros2_iron/install/ros2multicast:/home/vboxuser/ros2_iron/install/ros2interface:/home/vboxuser/ros2_iron/install/ros2action:/home/vboxuser/ros2_iron/install/ros2cli:/home/vboxuser/ros2_iron/install/launch_testing_ros:/home/vboxuser/ros2_iron/install/launch_ros:/home/vboxuser/ros2_iron/install/examples_rclpy_minimal_action_server:/home/vboxuser/ros2_iron/install/examples_rclpy_minimal_action_client:/home/vboxuser/ros2_iron/install/examples_rclpy_guard_conditions:/home/vboxuser/ros2_iron/install/action_tutorials_py:/home/vboxuser/ros2_iron/install/ament_uncrustify:/home/vboxuser/ros2_iron/install/tracetools_trace:/home/vboxuser/ros2_iron/install/tracetools_read:/home/vboxuser/ros2_iron/install/test_tracetools_launch:/home/vboxuser/ros2_iron/install/test_ros2trace:/home/vboxuser/ros2_iron/install/test_launch_ros:/home/vboxuser/ros2_iron/install/rpyutils:/home/vboxuser/ros2_iron/install/rosidl_runtime_py:/home/vboxuser/ros2_iron/install/rosidl_pycommon:/home/vboxuser/ros2_iron/install/rosidl_cli:/home/vboxuser/ros2_iron/install/launch_pytest:/home/vboxuser/ros2_iron/install/launch_testing:/home/vboxuser/ros2_iron/install/launch_yaml:/home/vboxuser/ros2_iron/install/launch_xml:/home/vboxuser/ros2_iron/install/launch:/home/vboxuser/ros2_iron/install/osrf_pycommon:/home/vboxuser/ros2_iron/install/domain_coordinator:/home/vboxuser/ros2_iron/install/ament_xmllint:/home/vboxuser/ros2_iron/install/ament_pyflakes:/home/vboxuser/ros2_iron/install/ament_pycodestyle:/home/vboxuser/ros2_iron/install/ament_pep257:/home/vboxuser/ros2_iron/install/ament_pclint:/home/vboxuser/ros2_iron/install/ament_package:/home/vboxuser/ros2_iron/install/ament_mypy:/home/vboxuser/ros2_iron/install/ament_lint_cmake:/home/vboxuser/ros2_iron/install/ament_flake8:/home/vboxuser/ros2_iron/install/ament_copyright:/home/vboxuser/ros2_iron/install/ament_lint:/home/vboxuser/ros2_iron/install/ament_index_python:/home/vboxuser/ros2_iron/install/ament_cpplint:/home/vboxuser/ros2_iron/install/ament_cppcheck:/home/vboxuser/ros2_iron/install/ament_clang_tidy:/home/vboxuser/ros2_iron/install/ament_clang_format /usr/bin/cmake --install /home/vboxuser/ros2_ws/build/examples_rclcpp_minimal_subscriber
[10.045s] Level 1:colcon.colcon_core.environment:create_environment_scripts_only(examples_rclcpp_minimal_timer)
[10.054s] Level 1:colcon.colcon_core.environment:checking '/home/vboxuser/ros2_ws/install/examples_rclcpp_minimal_timer' for CMake module files
[10.059s] Level 1:colcon.colcon_core.environment:checking '/home/vboxuser/ros2_ws/install/examples_rclcpp_minimal_timer' for CMake config files
[10.060s] Level 1:colcon.colcon_core.shell:create_environment_hook('examples_rclcpp_minimal_timer', 'cmake_prefix_path')
[10.061s] INFO:colcon.colcon_core.shell:Creating environment hook '/home/vboxuser/ros2_ws/install/examples_rclcpp_minimal_timer/share/examples_rclcpp_minimal_timer/hook/cmake_prefix_path.ps1'
[10.064s] DEBUG:colcon.colcon_core.event_handler.log_command:Invoked command in '/home/vboxuser/ros2_ws/build/examples_rclcpp_minimal_timer' returned '0': CMAKE_PREFIX_PATH=${CMAKE_PREFIX_PATH}:/home/vboxuser/ros2_ws/install/read_rosbag:/home/vboxuser/ros2_ws/install/py_pubsub:/home/vboxuser/ros2_ws/install/launch_testing_examples:/home/vboxuser/ros2_ws/install/examples_rclpy_pointcloud_publisher:/home/vboxuser/ros2_ws/install/examples_rclpy_minimal_subscriber:/home/vboxuser/ros2_ws/install/examples_rclpy_minimal_service:/home/vboxuser/ros2_ws/install/examples_rclpy_minimal_publisher:/home/vboxuser/ros2_ws/install/examples_rclpy_minimal_client:/home/vboxuser/ros2_ws/install/examples_rclpy_minimal_action_server:/home/vboxuser/ros2_ws/install/examples_rclpy_minimal_action_client:/home/vboxuser/ros2_ws/install/examples_rclpy_guard_conditions:/home/vboxuser/ros2_ws/install/examples_rclpy_executors:/home/vboxuser/ros2_ws/install/bms_visualizer:/opt/ros/iron:/home/vboxuser/ros2_iron/install/rqt_bag_plugins:/home/vboxuser/ros2_iron/install/rqt_bag:/home/vboxuser/ros2_iron/install/rosbag2_examples_py:/home/vboxuser/ros2_iron/install/launch_testing_examples:/home/vboxuser/ros2_iron/install/ros2bag:/home/vboxuser/ros2_iron/install/tracetools_test:/home/vboxuser/ros2_iron/install/tracetools_launch:/home/vboxuser/ros2_iron/install/topic_monitor:/home/vboxuser/ros2_iron/install/tf2_tools:/home/vboxuser/ros2_iron/install/examples_tf2_py:/home/vboxuser/ros2_iron/install/tf2_ros_py:/home/vboxuser/ros2_iron/install/examples_rclpy_pointcloud_publisher:/home/vboxuser/ros2_iron/install/sensor_msgs_py:/home/vboxuser/ros2_iron/install/quality_of_service_demo_py:/home/vboxuser/ros2_iron/install/rqt_plot:/home/vboxuser/ros2_iron/install/ros2doctor:/home/vboxuser/ros2_iron/install/lifecycle_py:/home/vboxuser/ros2_iron/install/examples_rclpy_minimal_subscriber:/home/vboxuser/ros2_iron/install/examples_rclpy_minimal_service:/home/vboxuser/ros2_iron/install/examples_rclpy_minimal_publisher:/home/vboxuser/ros2_iron/install/examples_rclpy_minimal_client:/home/vboxuser/ros2_iron/install/examples_rclpy_executors:/home/vboxuser/ros2_iron/install/demo_nodes_py:/home/vboxuser/ros2_iron/install/rqt:/home/vboxuser/ros2_iron/install/ros2component:/home/vboxuser/ros2_iron/install/sros2:/home/vboxuser/ros2_iron/install/rqt_topic:/home/vboxuser/ros2_iron/install/rqt_srv:/home/vboxuser/ros2_iron/install/rqt_shell:/home/vboxuser/ros2_iron/install/rqt_service_caller:/home/vboxuser/ros2_iron/install/rqt_reconfigure:/home/vboxuser/ros2_iron/install/rqt_py_console:/home/vboxuser/ros2_iron/install/rqt_publisher:/home/vboxuser/ros2_iron/install/rqt_action:/home/vboxuser/ros2_iron/install/rqt_msg:/home/vboxuser/ros2_iron/install/rqt_console:/home/vboxuser/ros2_iron/install/rqt_graph:/home/vboxuser/ros2_iron/install/rqt_gui_py:/home/vboxuser/ros2_iron/install/rqt_gui:/home/vboxuser/ros2_iron/install/ros2trace:/home/vboxuser/ros2_iron/install/ros2topic:/home/vboxuser/ros2_iron/install/ros2test:/home/vboxuser/ros2_iron/install/ros2param:/home/vboxuser/ros2_iron/install/ros2lifecycle:/home/vboxuser/ros2_iron/install/ros2service:/home/vboxuser/ros2_iron/install/ros2run:/home/vboxuser/ros2_iron/install/ros2launch:/home/vboxuser/ros2_iron/install/ros2pkg:/home/vboxuser/ros2_iron/install/ros2node:/home/vboxuser/ros2_iron/install/ros2multicast:/home/vboxuser/ros2_iron/install/ros2interface:/home/vboxuser/ros2_iron/install/ros2action:/home/vboxuser/ros2_iron/install/ros2cli:/home/vboxuser/ros2_iron/install/launch_testing_ros:/home/vboxuser/ros2_iron/install/launch_ros:/home/vboxuser/ros2_iron/install/examples_rclpy_minimal_action_server:/home/vboxuser/ros2_iron/install/examples_rclpy_minimal_action_client:/home/vboxuser/ros2_iron/install/examples_rclpy_guard_conditions:/home/vboxuser/ros2_iron/install/action_tutorials_py:/home/vboxuser/ros2_iron/install/ament_uncrustify:/home/vboxuser/ros2_iron/install/tracetools_trace:/home/vboxuser/ros2_iron/install/tracetools_read:/home/vboxuser/ros2_iron/install/test_tracetools_launch:/home/vboxuser/ros2_iron/install/test_ros2trace:/home/vboxuser/ros2_iron/install/test_launch_ros:/home/vboxuser/ros2_iron/install/rpyutils:/home/vboxuser/ros2_iron/install/rosidl_runtime_py:/home/vboxuser/ros2_iron/install/rosidl_pycommon:/home/vboxuser/ros2_iron/install/rosidl_cli:/home/vboxuser/ros2_iron/install/launch_pytest:/home/vboxuser/ros2_iron/install/launch_testing:/home/vboxuser/ros2_iron/install/launch_yaml:/home/vboxuser/ros2_iron/install/launch_xml:/home/vboxuser/ros2_iron/install/launch:/home/vboxuser/ros2_iron/install/osrf_pycommon:/home/vboxuser/ros2_iron/install/domain_coordinator:/home/vboxuser/ros2_iron/install/ament_xmllint:/home/vboxuser/ros2_iron/install/ament_pyflakes:/home/vboxuser/ros2_iron/install/ament_pycodestyle:/home/vboxuser/ros2_iron/install/ament_pep257:/home/vboxuser/ros2_iron/install/ament_pclint:/home/vboxuser/ros2_iron/install/ament_package:/home/vboxuser/ros2_iron/install/ament_mypy:/home/vboxuser/ros2_iron/install/ament_lint_cmake:/home/vboxuser/ros2_iron/install/ament_flake8:/home/vboxuser/ros2_iron/install/ament_copyright:/home/vboxuser/ros2_iron/install/ament_lint:/home/vboxuser/ros2_iron/install/ament_index_python:/home/vboxuser/ros2_iron/install/ament_cpplint:/home/vboxuser/ros2_iron/install/ament_cppcheck:/home/vboxuser/ros2_iron/install/ament_clang_tidy:/home/vboxuser/ros2_iron/install/ament_clang_format /usr/bin/cmake --install /home/vboxuser/ros2_ws/build/examples_rclcpp_minimal_timer
[10.067s] INFO:colcon.colcon_core.shell:Creating environment descriptor '/home/vboxuser/ros2_ws/install/examples_rclcpp_minimal_timer/share/examples_rclcpp_minimal_timer/hook/cmake_prefix_path.dsv'
[10.074s] INFO:colcon.colcon_core.shell:Creating environment hook '/home/vboxuser/ros2_ws/install/examples_rclcpp_minimal_timer/share/examples_rclcpp_minimal_timer/hook/cmake_prefix_path.sh'
[10.099s] Level 1:colcon.colcon_core.environment:checking '/home/vboxuser/ros2_ws/install/examples_rclcpp_minimal_timer/lib'
[10.099s] Level 1:colcon.colcon_core.environment:checking '/home/vboxuser/ros2_ws/install/examples_rclcpp_minimal_timer/bin'
[10.105s] Level 1:colcon.colcon_core.environment:checking '/home/vboxuser/ros2_ws/install/examples_rclcpp_minimal_timer/lib/pkgconfig/examples_rclcpp_minimal_timer.pc'
[10.106s] Level 1:colcon.colcon_core.environment:checking '/home/vboxuser/ros2_ws/install/examples_rclcpp_minimal_timer/lib/python3.10/site-packages'
[10.106s] Level 1:colcon.colcon_core.environment:checking '/home/vboxuser/ros2_ws/install/examples_rclcpp_minimal_timer/bin'
[10.107s] INFO:colcon.colcon_core.shell:Creating package script '/home/vboxuser/ros2_ws/install/examples_rclcpp_minimal_timer/share/examples_rclcpp_minimal_timer/package.ps1'
[10.114s] INFO:colcon.colcon_core.shell:Creating package descriptor '/home/vboxuser/ros2_ws/install/examples_rclcpp_minimal_timer/share/examples_rclcpp_minimal_timer/package.dsv'
[10.116s] INFO:colcon.colcon_core.shell:Creating package script '/home/vboxuser/ros2_ws/install/examples_rclcpp_minimal_timer/share/examples_rclcpp_minimal_timer/package.sh'
[10.123s] INFO:colcon.colcon_core.shell:Creating package script '/home/vboxuser/ros2_ws/install/examples_rclcpp_minimal_timer/share/examples_rclcpp_minimal_timer/package.bash'
[10.125s] INFO:colcon.colcon_core.shell:Creating package script '/home/vboxuser/ros2_ws/install/examples_rclcpp_minimal_timer/share/examples_rclcpp_minimal_timer/package.zsh'
[10.132s] Level 1:colcon.colcon_core.environment:create_file_with_runtime_dependencies(/home/vboxuser/ros2_ws/install/examples_rclcpp_minimal_timer/share/colcon-core/packages/examples_rclcpp_minimal_timer)
[10.134s] Level 1:colcon.colcon_core.environment:create_environment_scripts_only(examples_rclcpp_minimal_timer)
[10.135s] Level 1:colcon.colcon_core.environment:checking '/home/vboxuser/ros2_ws/install/examples_rclcpp_minimal_timer' for CMake module files
[10.138s] Level 1:colcon.colcon_core.environment:checking '/home/vboxuser/ros2_ws/install/examples_rclcpp_minimal_timer' for CMake config files
[10.139s] Level 1:colcon.colcon_core.shell:create_environment_hook('examples_rclcpp_minimal_timer', 'cmake_prefix_path')
[10.139s] INFO:colcon.colcon_core.shell:Creating environment hook '/home/vboxuser/ros2_ws/install/examples_rclcpp_minimal_timer/share/examples_rclcpp_minimal_timer/hook/cmake_prefix_path.ps1'
[10.145s] INFO:colcon.colcon_core.shell:Creating environment descriptor '/home/vboxuser/ros2_ws/install/examples_rclcpp_minimal_timer/share/examples_rclcpp_minimal_timer/hook/cmake_prefix_path.dsv'
[10.147s] INFO:colcon.colcon_core.shell:Creating environment hook '/home/vboxuser/ros2_ws/install/examples_rclcpp_minimal_timer/share/examples_rclcpp_minimal_timer/hook/cmake_prefix_path.sh'
[10.150s] Level 1:colcon.colcon_core.environment:checking '/home/vboxuser/ros2_ws/install/examples_rclcpp_minimal_timer/lib'
[10.150s] Level 1:colcon.colcon_core.environment:checking '/home/vboxuser/ros2_ws/install/examples_rclcpp_minimal_timer/bin'
[10.150s] Level 1:colcon.colcon_core.environment:checking '/home/vboxuser/ros2_ws/install/examples_rclcpp_minimal_timer/lib/pkgconfig/examples_rclcpp_minimal_timer.pc'
[10.150s] Level 1:colcon.colcon_core.environment:checking '/home/vboxuser/ros2_ws/install/examples_rclcpp_minimal_timer/lib/python3.10/site-packages'
[10.151s] Level 1:colcon.colcon_core.environment:checking '/home/vboxuser/ros2_ws/install/examples_rclcpp_minimal_timer/bin'
[10.151s] INFO:colcon.colcon_core.shell:Creating package script '/home/vboxuser/ros2_ws/install/examples_rclcpp_minimal_timer/share/examples_rclcpp_minimal_timer/package.ps1'
[10.152s] INFO:colcon.colcon_core.shell:Creating package descriptor '/home/vboxuser/ros2_ws/install/examples_rclcpp_minimal_timer/share/examples_rclcpp_minimal_timer/package.dsv'
[10.154s] INFO:colcon.colcon_core.shell:Creating package script '/home/vboxuser/ros2_ws/install/examples_rclcpp_minimal_timer/share/examples_rclcpp_minimal_timer/package.sh'
[10.155s] INFO:colcon.colcon_core.shell:Creating package script '/home/vboxuser/ros2_ws/install/examples_rclcpp_minimal_timer/share/examples_rclcpp_minimal_timer/package.bash'
[10.156s] INFO:colcon.colcon_core.shell:Creating package script '/home/vboxuser/ros2_ws/install/examples_rclcpp_minimal_timer/share/examples_rclcpp_minimal_timer/package.zsh'
[10.157s] Level 1:colcon.colcon_core.environment:create_file_with_runtime_dependencies(/home/vboxuser/ros2_ws/install/examples_rclcpp_minimal_timer/share/colcon-core/packages/examples_rclcpp_minimal_timer)
[10.174s] INFO:colcon.colcon_ros.task.ament_cmake.build:Building ROS package in '/home/vboxuser/ros2_ws/src/examples/rclcpp/wait_set' with build type 'ament_cmake'
[10.174s] INFO:colcon.colcon_cmake.task.cmake.build:Building CMake package in '/home/vboxuser/ros2_ws/src/examples/rclcpp/wait_set'
[10.175s] INFO:colcon.colcon_core.shell:Skip shell extension 'powershell' for command environment: Not usable outside of PowerShell
[10.176s] DEBUG:colcon.colcon_core.shell:Skip shell extension 'dsv' for command environment
[10.294s] DEBUG:colcon.colcon_core.event_handler.log_command:Invoked command in '/home/vboxuser/ros2_ws/build/examples_rclcpp_multithreaded_executor' returned '0': CMAKE_PREFIX_PATH=${CMAKE_PREFIX_PATH}:/home/vboxuser/ros2_ws/install/read_rosbag:/home/vboxuser/ros2_ws/install/py_pubsub:/home/vboxuser/ros2_ws/install/launch_testing_examples:/home/vboxuser/ros2_ws/install/examples_rclpy_pointcloud_publisher:/home/vboxuser/ros2_ws/install/examples_rclpy_minimal_subscriber:/home/vboxuser/ros2_ws/install/examples_rclpy_minimal_service:/home/vboxuser/ros2_ws/install/examples_rclpy_minimal_publisher:/home/vboxuser/ros2_ws/install/examples_rclpy_minimal_client:/home/vboxuser/ros2_ws/install/examples_rclpy_minimal_action_server:/home/vboxuser/ros2_ws/install/examples_rclpy_minimal_action_client:/home/vboxuser/ros2_ws/install/examples_rclpy_guard_conditions:/home/vboxuser/ros2_ws/install/examples_rclpy_executors:/home/vboxuser/ros2_ws/install/bms_visualizer:/opt/ros/iron:/home/vboxuser/ros2_iron/install/rqt_bag_plugins:/home/vboxuser/ros2_iron/install/rqt_bag:/home/vboxuser/ros2_iron/install/rosbag2_examples_py:/home/vboxuser/ros2_iron/install/launch_testing_examples:/home/vboxuser/ros2_iron/install/ros2bag:/home/vboxuser/ros2_iron/install/tracetools_test:/home/vboxuser/ros2_iron/install/tracetools_launch:/home/vboxuser/ros2_iron/install/topic_monitor:/home/vboxuser/ros2_iron/install/tf2_tools:/home/vboxuser/ros2_iron/install/examples_tf2_py:/home/vboxuser/ros2_iron/install/tf2_ros_py:/home/vboxuser/ros2_iron/install/examples_rclpy_pointcloud_publisher:/home/vboxuser/ros2_iron/install/sensor_msgs_py:/home/vboxuser/ros2_iron/install/quality_of_service_demo_py:/home/vboxuser/ros2_iron/install/rqt_plot:/home/vboxuser/ros2_iron/install/ros2doctor:/home/vboxuser/ros2_iron/install/lifecycle_py:/home/vboxuser/ros2_iron/install/examples_rclpy_minimal_subscriber:/home/vboxuser/ros2_iron/install/examples_rclpy_minimal_service:/home/vboxuser/ros2_iron/install/examples_rclpy_minimal_publisher:/home/vboxuser/ros2_iron/install/examples_rclpy_minimal_client:/home/vboxuser/ros2_iron/install/examples_rclpy_executors:/home/vboxuser/ros2_iron/install/demo_nodes_py:/home/vboxuser/ros2_iron/install/rqt:/home/vboxuser/ros2_iron/install/ros2component:/home/vboxuser/ros2_iron/install/sros2:/home/vboxuser/ros2_iron/install/rqt_topic:/home/vboxuser/ros2_iron/install/rqt_srv:/home/vboxuser/ros2_iron/install/rqt_shell:/home/vboxuser/ros2_iron/install/rqt_service_caller:/home/vboxuser/ros2_iron/install/rqt_reconfigure:/home/vboxuser/ros2_iron/install/rqt_py_console:/home/vboxuser/ros2_iron/install/rqt_publisher:/home/vboxuser/ros2_iron/install/rqt_action:/home/vboxuser/ros2_iron/install/rqt_msg:/home/vboxuser/ros2_iron/install/rqt_console:/home/vboxuser/ros2_iron/install/rqt_graph:/home/vboxuser/ros2_iron/install/rqt_gui_py:/home/vboxuser/ros2_iron/install/rqt_gui:/home/vboxuser/ros2_iron/install/ros2trace:/home/vboxuser/ros2_iron/install/ros2topic:/home/vboxuser/ros2_iron/install/ros2test:/home/vboxuser/ros2_iron/install/ros2param:/home/vboxuser/ros2_iron/install/ros2lifecycle:/home/vboxuser/ros2_iron/install/ros2service:/home/vboxuser/ros2_iron/install/ros2run:/home/vboxuser/ros2_iron/install/ros2launch:/home/vboxuser/ros2_iron/install/ros2pkg:/home/vboxuser/ros2_iron/install/ros2node:/home/vboxuser/ros2_iron/install/ros2multicast:/home/vboxuser/ros2_iron/install/ros2interface:/home/vboxuser/ros2_iron/install/ros2action:/home/vboxuser/ros2_iron/install/ros2cli:/home/vboxuser/ros2_iron/install/launch_testing_ros:/home/vboxuser/ros2_iron/install/launch_ros:/home/vboxuser/ros2_iron/install/examples_rclpy_minimal_action_server:/home/vboxuser/ros2_iron/install/examples_rclpy_minimal_action_client:/home/vboxuser/ros2_iron/install/examples_rclpy_guard_conditions:/home/vboxuser/ros2_iron/install/action_tutorials_py:/home/vboxuser/ros2_iron/install/ament_uncrustify:/home/vboxuser/ros2_iron/install/tracetools_trace:/home/vboxuser/ros2_iron/install/tracetools_read:/home/vboxuser/ros2_iron/install/test_tracetools_launch:/home/vboxuser/ros2_iron/install/test_ros2trace:/home/vboxuser/ros2_iron/install/test_launch_ros:/home/vboxuser/ros2_iron/install/rpyutils:/home/vboxuser/ros2_iron/install/rosidl_runtime_py:/home/vboxuser/ros2_iron/install/rosidl_pycommon:/home/vboxuser/ros2_iron/install/rosidl_cli:/home/vboxuser/ros2_iron/install/launch_pytest:/home/vboxuser/ros2_iron/install/launch_testing:/home/vboxuser/ros2_iron/install/launch_yaml:/home/vboxuser/ros2_iron/install/launch_xml:/home/vboxuser/ros2_iron/install/launch:/home/vboxuser/ros2_iron/install/osrf_pycommon:/home/vboxuser/ros2_iron/install/domain_coordinator:/home/vboxuser/ros2_iron/install/ament_xmllint:/home/vboxuser/ros2_iron/install/ament_pyflakes:/home/vboxuser/ros2_iron/install/ament_pycodestyle:/home/vboxuser/ros2_iron/install/ament_pep257:/home/vboxuser/ros2_iron/install/ament_pclint:/home/vboxuser/ros2_iron/install/ament_package:/home/vboxuser/ros2_iron/install/ament_mypy:/home/vboxuser/ros2_iron/install/ament_lint_cmake:/home/vboxuser/ros2_iron/install/ament_flake8:/home/vboxuser/ros2_iron/install/ament_copyright:/home/vboxuser/ros2_iron/install/ament_lint:/home/vboxuser/ros2_iron/install/ament_index_python:/home/vboxuser/ros2_iron/install/ament_cpplint:/home/vboxuser/ros2_iron/install/ament_cppcheck:/home/vboxuser/ros2_iron/install/ament_clang_tidy:/home/vboxuser/ros2_iron/install/ament_clang_format /usr/bin/cmake --build /home/vboxuser/ros2_ws/build/examples_rclcpp_multithreaded_executor -- -j4 -l4
[10.299s] DEBUG:colcon.colcon_core.event_handler.log_command:Invoking command in '/home/vboxuser/ros2_ws/build/examples_rclcpp_multithreaded_executor': CMAKE_PREFIX_PATH=${CMAKE_PREFIX_PATH}:/home/vboxuser/ros2_ws/install/read_rosbag:/home/vboxuser/ros2_ws/install/py_pubsub:/home/vboxuser/ros2_ws/install/launch_testing_examples:/home/vboxuser/ros2_ws/install/examples_rclpy_pointcloud_publisher:/home/vboxuser/ros2_ws/install/examples_rclpy_minimal_subscriber:/home/vboxuser/ros2_ws/install/examples_rclpy_minimal_service:/home/vboxuser/ros2_ws/install/examples_rclpy_minimal_publisher:/home/vboxuser/ros2_ws/install/examples_rclpy_minimal_client:/home/vboxuser/ros2_ws/install/examples_rclpy_minimal_action_server:/home/vboxuser/ros2_ws/install/examples_rclpy_minimal_action_client:/home/vboxuser/ros2_ws/install/examples_rclpy_guard_conditions:/home/vboxuser/ros2_ws/install/examples_rclpy_executors:/home/vboxuser/ros2_ws/install/bms_visualizer:/opt/ros/iron:/home/vboxuser/ros2_iron/install/rqt_bag_plugins:/home/vboxuser/ros2_iron/install/rqt_bag:/home/vboxuser/ros2_iron/install/rosbag2_examples_py:/home/vboxuser/ros2_iron/install/launch_testing_examples:/home/vboxuser/ros2_iron/install/ros2bag:/home/vboxuser/ros2_iron/install/tracetools_test:/home/vboxuser/ros2_iron/install/tracetools_launch:/home/vboxuser/ros2_iron/install/topic_monitor:/home/vboxuser/ros2_iron/install/tf2_tools:/home/vboxuser/ros2_iron/install/examples_tf2_py:/home/vboxuser/ros2_iron/install/tf2_ros_py:/home/vboxuser/ros2_iron/install/examples_rclpy_pointcloud_publisher:/home/vboxuser/ros2_iron/install/sensor_msgs_py:/home/vboxuser/ros2_iron/install/quality_of_service_demo_py:/home/vboxuser/ros2_iron/install/rqt_plot:/home/vboxuser/ros2_iron/install/ros2doctor:/home/vboxuser/ros2_iron/install/lifecycle_py:/home/vboxuser/ros2_iron/install/examples_rclpy_minimal_subscriber:/home/vboxuser/ros2_iron/install/examples_rclpy_minimal_service:/home/vboxuser/ros2_iron/install/examples_rclpy_minimal_publisher:/home/vboxuser/ros2_iron/install/examples_rclpy_minimal_client:/home/vboxuser/ros2_iron/install/examples_rclpy_executors:/home/vboxuser/ros2_iron/install/demo_nodes_py:/home/vboxuser/ros2_iron/install/rqt:/home/vboxuser/ros2_iron/install/ros2component:/home/vboxuser/ros2_iron/install/sros2:/home/vboxuser/ros2_iron/install/rqt_topic:/home/vboxuser/ros2_iron/install/rqt_srv:/home/vboxuser/ros2_iron/install/rqt_shell:/home/vboxuser/ros2_iron/install/rqt_service_caller:/home/vboxuser/ros2_iron/install/rqt_reconfigure:/home/vboxuser/ros2_iron/install/rqt_py_console:/home/vboxuser/ros2_iron/install/rqt_publisher:/home/vboxuser/ros2_iron/install/rqt_action:/home/vboxuser/ros2_iron/install/rqt_msg:/home/vboxuser/ros2_iron/install/rqt_console:/home/vboxuser/ros2_iron/install/rqt_graph:/home/vboxuser/ros2_iron/install/rqt_gui_py:/home/vboxuser/ros2_iron/install/rqt_gui:/home/vboxuser/ros2_iron/install/ros2trace:/home/vboxuser/ros2_iron/install/ros2topic:/home/vboxuser/ros2_iron/install/ros2test:/home/vboxuser/ros2_iron/install/ros2param:/home/vboxuser/ros2_iron/install/ros2lifecycle:/home/vboxuser/ros2_iron/install/ros2service:/home/vboxuser/ros2_iron/install/ros2run:/home/vboxuser/ros2_iron/install/ros2launch:/home/vboxuser/ros2_iron/install/ros2pkg:/home/vboxuser/ros2_iron/install/ros2node:/home/vboxuser/ros2_iron/install/ros2multicast:/home/vboxuser/ros2_iron/install/ros2interface:/home/vboxuser/ros2_iron/install/ros2action:/home/vboxuser/ros2_iron/install/ros2cli:/home/vboxuser/ros2_iron/install/launch_testing_ros:/home/vboxuser/ros2_iron/install/launch_ros:/home/vboxuser/ros2_iron/install/examples_rclpy_minimal_action_server:/home/vboxuser/ros2_iron/install/examples_rclpy_minimal_action_client:/home/vboxuser/ros2_iron/install/examples_rclpy_guard_conditions:/home/vboxuser/ros2_iron/install/action_tutorials_py:/home/vboxuser/ros2_iron/install/ament_uncrustify:/home/vboxuser/ros2_iron/install/tracetools_trace:/home/vboxuser/ros2_iron/install/tracetools_read:/home/vboxuser/ros2_iron/install/test_tracetools_launch:/home/vboxuser/ros2_iron/install/test_ros2trace:/home/vboxuser/ros2_iron/install/test_launch_ros:/home/vboxuser/ros2_iron/install/rpyutils:/home/vboxuser/ros2_iron/install/rosidl_runtime_py:/home/vboxuser/ros2_iron/install/rosidl_pycommon:/home/vboxuser/ros2_iron/install/rosidl_cli:/home/vboxuser/ros2_iron/install/launch_pytest:/home/vboxuser/ros2_iron/install/launch_testing:/home/vboxuser/ros2_iron/install/launch_yaml:/home/vboxuser/ros2_iron/install/launch_xml:/home/vboxuser/ros2_iron/install/launch:/home/vboxuser/ros2_iron/install/osrf_pycommon:/home/vboxuser/ros2_iron/install/domain_coordinator:/home/vboxuser/ros2_iron/install/ament_xmllint:/home/vboxuser/ros2_iron/install/ament_pyflakes:/home/vboxuser/ros2_iron/install/ament_pycodestyle:/home/vboxuser/ros2_iron/install/ament_pep257:/home/vboxuser/ros2_iron/install/ament_pclint:/home/vboxuser/ros2_iron/install/ament_package:/home/vboxuser/ros2_iron/install/ament_mypy:/home/vboxuser/ros2_iron/install/ament_lint_cmake:/home/vboxuser/ros2_iron/install/ament_flake8:/home/vboxuser/ros2_iron/install/ament_copyright:/home/vboxuser/ros2_iron/install/ament_lint:/home/vboxuser/ros2_iron/install/ament_index_python:/home/vboxuser/ros2_iron/install/ament_cpplint:/home/vboxuser/ros2_iron/install/ament_cppcheck:/home/vboxuser/ros2_iron/install/ament_clang_tidy:/home/vboxuser/ros2_iron/install/ament_clang_format /usr/bin/cmake --install /home/vboxuser/ros2_ws/build/examples_rclcpp_multithreaded_executor
[10.308s] Level 1:colcon.colcon_core.environment:create_environment_scripts_only(examples_rclcpp_minimal_subscriber)
[10.311s] Level 1:colcon.colcon_core.environment:checking '/home/vboxuser/ros2_ws/install/examples_rclcpp_minimal_subscriber' for CMake module files
[10.312s] Level 1:colcon.colcon_core.environment:checking '/home/vboxuser/ros2_ws/install/examples_rclcpp_minimal_subscriber' for CMake config files
[10.312s] Level 1:colcon.colcon_core.shell:create_environment_hook('examples_rclcpp_minimal_subscriber', 'cmake_prefix_path')
[10.312s] INFO:colcon.colcon_core.shell:Creating environment hook '/home/vboxuser/ros2_ws/install/examples_rclcpp_minimal_subscriber/share/examples_rclcpp_minimal_subscriber/hook/cmake_prefix_path.ps1'
[10.313s] INFO:colcon.colcon_core.shell:Creating environment descriptor '/home/vboxuser/ros2_ws/install/examples_rclcpp_minimal_subscriber/share/examples_rclcpp_minimal_subscriber/hook/cmake_prefix_path.dsv'
[10.314s] INFO:colcon.colcon_core.shell:Creating environment hook '/home/vboxuser/ros2_ws/install/examples_rclcpp_minimal_subscriber/share/examples_rclcpp_minimal_subscriber/hook/cmake_prefix_path.sh'
[10.316s] Level 1:colcon.colcon_core.environment:checking '/home/vboxuser/ros2_ws/install/examples_rclcpp_minimal_subscriber/lib'
[10.316s] Level 1:colcon.colcon_core.shell:create_environment_hook('examples_rclcpp_minimal_subscriber', 'ld_library_path_lib')
[10.317s] INFO:colcon.colcon_core.shell:Creating environment hook '/home/vboxuser/ros2_ws/install/examples_rclcpp_minimal_subscriber/share/examples_rclcpp_minimal_subscriber/hook/ld_library_path_lib.ps1'
[10.318s] INFO:colcon.colcon_core.shell:Creating environment descriptor '/home/vboxuser/ros2_ws/install/examples_rclcpp_minimal_subscriber/share/examples_rclcpp_minimal_subscriber/hook/ld_library_path_lib.dsv'
[10.319s] INFO:colcon.colcon_core.shell:Creating environment hook '/home/vboxuser/ros2_ws/install/examples_rclcpp_minimal_subscriber/share/examples_rclcpp_minimal_subscriber/hook/ld_library_path_lib.sh'
[10.320s] Level 1:colcon.colcon_core.environment:checking '/home/vboxuser/ros2_ws/install/examples_rclcpp_minimal_subscriber/bin'
[10.321s] Level 1:colcon.colcon_core.environment:checking '/home/vboxuser/ros2_ws/install/examples_rclcpp_minimal_subscriber/lib/pkgconfig/examples_rclcpp_minimal_subscriber.pc'
[10.321s] Level 1:colcon.colcon_core.environment:checking '/home/vboxuser/ros2_ws/install/examples_rclcpp_minimal_subscriber/lib/python3.10/site-packages'
[10.322s] Level 1:colcon.colcon_core.environment:checking '/home/vboxuser/ros2_ws/install/examples_rclcpp_minimal_subscriber/bin'
[10.322s] INFO:colcon.colcon_core.shell:Creating package script '/home/vboxuser/ros2_ws/install/examples_rclcpp_minimal_subscriber/share/examples_rclcpp_minimal_subscriber/package.ps1'
[10.323s] INFO:colcon.colcon_core.shell:Creating package descriptor '/home/vboxuser/ros2_ws/install/examples_rclcpp_minimal_subscriber/share/examples_rclcpp_minimal_subscriber/package.dsv'
[10.325s] INFO:colcon.colcon_core.shell:Creating package script '/home/vboxuser/ros2_ws/install/examples_rclcpp_minimal_subscriber/share/examples_rclcpp_minimal_subscriber/package.sh'
[10.326s] INFO:colcon.colcon_core.shell:Creating package script '/home/vboxuser/ros2_ws/install/examples_rclcpp_minimal_subscriber/share/examples_rclcpp_minimal_subscriber/package.bash'
[10.327s] INFO:colcon.colcon_core.shell:Creating package script '/home/vboxuser/ros2_ws/install/examples_rclcpp_minimal_subscriber/share/examples_rclcpp_minimal_subscriber/package.zsh'
[10.328s] Level 1:colcon.colcon_core.environment:create_file_with_runtime_dependencies(/home/vboxuser/ros2_ws/install/examples_rclcpp_minimal_subscriber/share/colcon-core/packages/examples_rclcpp_minimal_subscriber)
[10.330s] Level 1:colcon.colcon_core.environment:create_environment_scripts_only(examples_rclcpp_minimal_subscriber)
[10.330s] Level 1:colcon.colcon_core.environment:checking '/home/vboxuser/ros2_ws/install/examples_rclcpp_minimal_subscriber' for CMake module files
[10.331s] Level 1:colcon.colcon_core.environment:checking '/home/vboxuser/ros2_ws/install/examples_rclcpp_minimal_subscriber' for CMake config files
[10.331s] Level 1:colcon.colcon_core.shell:create_environment_hook('examples_rclcpp_minimal_subscriber', 'cmake_prefix_path')
[10.332s] INFO:colcon.colcon_core.shell:Creating environment hook '/home/vboxuser/ros2_ws/install/examples_rclcpp_minimal_subscriber/share/examples_rclcpp_minimal_subscriber/hook/cmake_prefix_path.ps1'
[10.333s] INFO:colcon.colcon_core.shell:Creating environment descriptor '/home/vboxuser/ros2_ws/install/examples_rclcpp_minimal_subscriber/share/examples_rclcpp_minimal_subscriber/hook/cmake_prefix_path.dsv'
[10.334s] INFO:colcon.colcon_core.shell:Creating environment hook '/home/vboxuser/ros2_ws/install/examples_rclcpp_minimal_subscriber/share/examples_rclcpp_minimal_subscriber/hook/cmake_prefix_path.sh'
[10.336s] Level 1:colcon.colcon_core.environment:checking '/home/vboxuser/ros2_ws/install/examples_rclcpp_minimal_subscriber/lib'
[10.336s] Level 1:colcon.colcon_core.shell:create_environment_hook('examples_rclcpp_minimal_subscriber', 'ld_library_path_lib')
[10.337s] INFO:colcon.colcon_core.shell:Creating environment hook '/home/vboxuser/ros2_ws/install/examples_rclcpp_minimal_subscriber/share/examples_rclcpp_minimal_subscriber/hook/ld_library_path_lib.ps1'
[10.338s] INFO:colcon.colcon_core.shell:Creating environment descriptor '/home/vboxuser/ros2_ws/install/examples_rclcpp_minimal_subscriber/share/examples_rclcpp_minimal_subscriber/hook/ld_library_path_lib.dsv'
[10.339s] INFO:colcon.colcon_core.shell:Creating environment hook '/home/vboxuser/ros2_ws/install/examples_rclcpp_minimal_subscriber/share/examples_rclcpp_minimal_subscriber/hook/ld_library_path_lib.sh'
[10.341s] Level 1:colcon.colcon_core.environment:checking '/home/vboxuser/ros2_ws/install/examples_rclcpp_minimal_subscriber/bin'
[10.341s] Level 1:colcon.colcon_core.environment:checking '/home/vboxuser/ros2_ws/install/examples_rclcpp_minimal_subscriber/lib/pkgconfig/examples_rclcpp_minimal_subscriber.pc'
[10.342s] Level 1:colcon.colcon_core.environment:checking '/home/vboxuser/ros2_ws/install/examples_rclcpp_minimal_subscriber/lib/python3.10/site-packages'
[10.342s] Level 1:colcon.colcon_core.environment:checking '/home/vboxuser/ros2_ws/install/examples_rclcpp_minimal_subscriber/bin'
[10.343s] INFO:colcon.colcon_core.shell:Creating package script '/home/vboxuser/ros2_ws/install/examples_rclcpp_minimal_subscriber/share/examples_rclcpp_minimal_subscriber/package.ps1'
[10.344s] INFO:colcon.colcon_core.shell:Creating package descriptor '/home/vboxuser/ros2_ws/install/examples_rclcpp_minimal_subscriber/share/examples_rclcpp_minimal_subscriber/package.dsv'
[10.346s] INFO:colcon.colcon_core.shell:Creating package script '/home/vboxuser/ros2_ws/install/examples_rclcpp_minimal_subscriber/share/examples_rclcpp_minimal_subscriber/package.sh'
[10.347s] INFO:colcon.colcon_core.shell:Creating package script '/home/vboxuser/ros2_ws/install/examples_rclcpp_minimal_subscriber/share/examples_rclcpp_minimal_subscriber/package.bash'
[10.348s] INFO:colcon.colcon_core.shell:Creating package script '/home/vboxuser/ros2_ws/install/examples_rclcpp_minimal_subscriber/share/examples_rclcpp_minimal_subscriber/package.zsh'
[10.349s] Level 1:colcon.colcon_core.environment:create_file_with_runtime_dependencies(/home/vboxuser/ros2_ws/install/examples_rclcpp_minimal_subscriber/share/colcon-core/packages/examples_rclcpp_minimal_subscriber)
[10.351s] INFO:colcon.colcon_ros.task.ament_python.build:Building ROS package in '/home/vboxuser/ros2_ws/src/examples/rclpy/executors' with build type 'ament_python'
[10.376s] DEBUG:colcon.colcon_core.event_handler.log_command:Invoked command in '/home/vboxuser/ros2_ws/build/examples_rclcpp_minimal_subscriber' returned '0': CMAKE_PREFIX_PATH=${CMAKE_PREFIX_PATH}:/home/vboxuser/ros2_ws/install/read_rosbag:/home/vboxuser/ros2_ws/install/py_pubsub:/home/vboxuser/ros2_ws/install/launch_testing_examples:/home/vboxuser/ros2_ws/install/examples_rclpy_pointcloud_publisher:/home/vboxuser/ros2_ws/install/examples_rclpy_minimal_subscriber:/home/vboxuser/ros2_ws/install/examples_rclpy_minimal_service:/home/vboxuser/ros2_ws/install/examples_rclpy_minimal_publisher:/home/vboxuser/ros2_ws/install/examples_rclpy_minimal_client:/home/vboxuser/ros2_ws/install/examples_rclpy_minimal_action_server:/home/vboxuser/ros2_ws/install/examples_rclpy_minimal_action_client:/home/vboxuser/ros2_ws/install/examples_rclpy_guard_conditions:/home/vboxuser/ros2_ws/install/examples_rclpy_executors:/home/vboxuser/ros2_ws/install/bms_visualizer:/opt/ros/iron:/home/vboxuser/ros2_iron/install/rqt_bag_plugins:/home/vboxuser/ros2_iron/install/rqt_bag:/home/vboxuser/ros2_iron/install/rosbag2_examples_py:/home/vboxuser/ros2_iron/install/launch_testing_examples:/home/vboxuser/ros2_iron/install/ros2bag:/home/vboxuser/ros2_iron/install/tracetools_test:/home/vboxuser/ros2_iron/install/tracetools_launch:/home/vboxuser/ros2_iron/install/topic_monitor:/home/vboxuser/ros2_iron/install/tf2_tools:/home/vboxuser/ros2_iron/install/examples_tf2_py:/home/vboxuser/ros2_iron/install/tf2_ros_py:/home/vboxuser/ros2_iron/install/examples_rclpy_pointcloud_publisher:/home/vboxuser/ros2_iron/install/sensor_msgs_py:/home/vboxuser/ros2_iron/install/quality_of_service_demo_py:/home/vboxuser/ros2_iron/install/rqt_plot:/home/vboxuser/ros2_iron/install/ros2doctor:/home/vboxuser/ros2_iron/install/lifecycle_py:/home/vboxuser/ros2_iron/install/examples_rclpy_minimal_subscriber:/home/vboxuser/ros2_iron/install/examples_rclpy_minimal_service:/home/vboxuser/ros2_iron/install/examples_rclpy_minimal_publisher:/home/vboxuser/ros2_iron/install/examples_rclpy_minimal_client:/home/vboxuser/ros2_iron/install/examples_rclpy_executors:/home/vboxuser/ros2_iron/install/demo_nodes_py:/home/vboxuser/ros2_iron/install/rqt:/home/vboxuser/ros2_iron/install/ros2component:/home/vboxuser/ros2_iron/install/sros2:/home/vboxuser/ros2_iron/install/rqt_topic:/home/vboxuser/ros2_iron/install/rqt_srv:/home/vboxuser/ros2_iron/install/rqt_shell:/home/vboxuser/ros2_iron/install/rqt_service_caller:/home/vboxuser/ros2_iron/install/rqt_reconfigure:/home/vboxuser/ros2_iron/install/rqt_py_console:/home/vboxuser/ros2_iron/install/rqt_publisher:/home/vboxuser/ros2_iron/install/rqt_action:/home/vboxuser/ros2_iron/install/rqt_msg:/home/vboxuser/ros2_iron/install/rqt_console:/home/vboxuser/ros2_iron/install/rqt_graph:/home/vboxuser/ros2_iron/install/rqt_gui_py:/home/vboxuser/ros2_iron/install/rqt_gui:/home/vboxuser/ros2_iron/install/ros2trace:/home/vboxuser/ros2_iron/install/ros2topic:/home/vboxuser/ros2_iron/install/ros2test:/home/vboxuser/ros2_iron/install/ros2param:/home/vboxuser/ros2_iron/install/ros2lifecycle:/home/vboxuser/ros2_iron/install/ros2service:/home/vboxuser/ros2_iron/install/ros2run:/home/vboxuser/ros2_iron/install/ros2launch:/home/vboxuser/ros2_iron/install/ros2pkg:/home/vboxuser/ros2_iron/install/ros2node:/home/vboxuser/ros2_iron/install/ros2multicast:/home/vboxuser/ros2_iron/install/ros2interface:/home/vboxuser/ros2_iron/install/ros2action:/home/vboxuser/ros2_iron/install/ros2cli:/home/vboxuser/ros2_iron/install/launch_testing_ros:/home/vboxuser/ros2_iron/install/launch_ros:/home/vboxuser/ros2_iron/install/examples_rclpy_minimal_action_server:/home/vboxuser/ros2_iron/install/examples_rclpy_minimal_action_client:/home/vboxuser/ros2_iron/install/examples_rclpy_guard_conditions:/home/vboxuser/ros2_iron/install/action_tutorials_py:/home/vboxuser/ros2_iron/install/ament_uncrustify:/home/vboxuser/ros2_iron/install/tracetools_trace:/home/vboxuser/ros2_iron/install/tracetools_read:/home/vboxuser/ros2_iron/install/test_tracetools_launch:/home/vboxuser/ros2_iron/install/test_ros2trace:/home/vboxuser/ros2_iron/install/test_launch_ros:/home/vboxuser/ros2_iron/install/rpyutils:/home/vboxuser/ros2_iron/install/rosidl_runtime_py:/home/vboxuser/ros2_iron/install/rosidl_pycommon:/home/vboxuser/ros2_iron/install/rosidl_cli:/home/vboxuser/ros2_iron/install/launch_pytest:/home/vboxuser/ros2_iron/install/launch_testing:/home/vboxuser/ros2_iron/install/launch_yaml:/home/vboxuser/ros2_iron/install/launch_xml:/home/vboxuser/ros2_iron/install/launch:/home/vboxuser/ros2_iron/install/osrf_pycommon:/home/vboxuser/ros2_iron/install/domain_coordinator:/home/vboxuser/ros2_iron/install/ament_xmllint:/home/vboxuser/ros2_iron/install/ament_pyflakes:/home/vboxuser/ros2_iron/install/ament_pycodestyle:/home/vboxuser/ros2_iron/install/ament_pep257:/home/vboxuser/ros2_iron/install/ament_pclint:/home/vboxuser/ros2_iron/install/ament_package:/home/vboxuser/ros2_iron/install/ament_mypy:/home/vboxuser/ros2_iron/install/ament_lint_cmake:/home/vboxuser/ros2_iron/install/ament_flake8:/home/vboxuser/ros2_iron/install/ament_copyright:/home/vboxuser/ros2_iron/install/ament_lint:/home/vboxuser/ros2_iron/install/ament_index_python:/home/vboxuser/ros2_iron/install/ament_cpplint:/home/vboxuser/ros2_iron/install/ament_cppcheck:/home/vboxuser/ros2_iron/install/ament_clang_tidy:/home/vboxuser/ros2_iron/install/ament_clang_format /usr/bin/cmake --install /home/vboxuser/ros2_ws/build/examples_rclcpp_minimal_subscriber
[10.380s] Level 1:colcon.colcon_core.shell:create_environment_hook('examples_rclpy_executors', 'ament_prefix_path')
[10.387s] INFO:colcon.colcon_core.shell:Creating environment hook '/home/vboxuser/ros2_ws/install/examples_rclpy_executors/share/examples_rclpy_executors/hook/ament_prefix_path.ps1'
[10.395s] INFO:colcon.colcon_core.shell:Creating environment descriptor '/home/vboxuser/ros2_ws/install/examples_rclpy_executors/share/examples_rclpy_executors/hook/ament_prefix_path.dsv'
[10.404s] INFO:colcon.colcon_core.shell:Creating environment hook '/home/vboxuser/ros2_ws/install/examples_rclpy_executors/share/examples_rclpy_executors/hook/ament_prefix_path.sh'
[10.409s] INFO:colcon.colcon_core.shell:Skip shell extension 'powershell' for command environment: Not usable outside of PowerShell
[10.409s] DEBUG:colcon.colcon_core.shell:Skip shell extension 'dsv' for command environment
[10.502s] DEBUG:colcon.colcon_core.event_handler.log_command:Invoking command in '/home/vboxuser/ros2_ws/build/examples_rclcpp_wait_set': CMAKE_PREFIX_PATH=${CMAKE_PREFIX_PATH}:/home/vboxuser/ros2_ws/install/read_rosbag:/home/vboxuser/ros2_ws/install/py_pubsub:/home/vboxuser/ros2_ws/install/launch_testing_examples:/home/vboxuser/ros2_ws/install/examples_rclpy_pointcloud_publisher:/home/vboxuser/ros2_ws/install/examples_rclpy_minimal_subscriber:/home/vboxuser/ros2_ws/install/examples_rclpy_minimal_service:/home/vboxuser/ros2_ws/install/examples_rclpy_minimal_publisher:/home/vboxuser/ros2_ws/install/examples_rclpy_minimal_client:/home/vboxuser/ros2_ws/install/examples_rclpy_minimal_action_server:/home/vboxuser/ros2_ws/install/examples_rclpy_minimal_action_client:/home/vboxuser/ros2_ws/install/examples_rclpy_guard_conditions:/home/vboxuser/ros2_ws/install/examples_rclpy_executors:/home/vboxuser/ros2_ws/install/bms_visualizer:/opt/ros/iron:/home/vboxuser/ros2_iron/install/rqt_bag_plugins:/home/vboxuser/ros2_iron/install/rqt_bag:/home/vboxuser/ros2_iron/install/rosbag2_examples_py:/home/vboxuser/ros2_iron/install/launch_testing_examples:/home/vboxuser/ros2_iron/install/ros2bag:/home/vboxuser/ros2_iron/install/tracetools_test:/home/vboxuser/ros2_iron/install/tracetools_launch:/home/vboxuser/ros2_iron/install/topic_monitor:/home/vboxuser/ros2_iron/install/tf2_tools:/home/vboxuser/ros2_iron/install/examples_tf2_py:/home/vboxuser/ros2_iron/install/tf2_ros_py:/home/vboxuser/ros2_iron/install/examples_rclpy_pointcloud_publisher:/home/vboxuser/ros2_iron/install/sensor_msgs_py:/home/vboxuser/ros2_iron/install/quality_of_service_demo_py:/home/vboxuser/ros2_iron/install/rqt_plot:/home/vboxuser/ros2_iron/install/ros2doctor:/home/vboxuser/ros2_iron/install/lifecycle_py:/home/vboxuser/ros2_iron/install/examples_rclpy_minimal_subscriber:/home/vboxuser/ros2_iron/install/examples_rclpy_minimal_service:/home/vboxuser/ros2_iron/install/examples_rclpy_minimal_publisher:/home/vboxuser/ros2_iron/install/examples_rclpy_minimal_client:/home/vboxuser/ros2_iron/install/examples_rclpy_executors:/home/vboxuser/ros2_iron/install/demo_nodes_py:/home/vboxuser/ros2_iron/install/rqt:/home/vboxuser/ros2_iron/install/ros2component:/home/vboxuser/ros2_iron/install/sros2:/home/vboxuser/ros2_iron/install/rqt_topic:/home/vboxuser/ros2_iron/install/rqt_srv:/home/vboxuser/ros2_iron/install/rqt_shell:/home/vboxuser/ros2_iron/install/rqt_service_caller:/home/vboxuser/ros2_iron/install/rqt_reconfigure:/home/vboxuser/ros2_iron/install/rqt_py_console:/home/vboxuser/ros2_iron/install/rqt_publisher:/home/vboxuser/ros2_iron/install/rqt_action:/home/vboxuser/ros2_iron/install/rqt_msg:/home/vboxuser/ros2_iron/install/rqt_console:/home/vboxuser/ros2_iron/install/rqt_graph:/home/vboxuser/ros2_iron/install/rqt_gui_py:/home/vboxuser/ros2_iron/install/rqt_gui:/home/vboxuser/ros2_iron/install/ros2trace:/home/vboxuser/ros2_iron/install/ros2topic:/home/vboxuser/ros2_iron/install/ros2test:/home/vboxuser/ros2_iron/install/ros2param:/home/vboxuser/ros2_iron/install/ros2lifecycle:/home/vboxuser/ros2_iron/install/ros2service:/home/vboxuser/ros2_iron/install/ros2run:/home/vboxuser/ros2_iron/install/ros2launch:/home/vboxuser/ros2_iron/install/ros2pkg:/home/vboxuser/ros2_iron/install/ros2node:/home/vboxuser/ros2_iron/install/ros2multicast:/home/vboxuser/ros2_iron/install/ros2interface:/home/vboxuser/ros2_iron/install/ros2action:/home/vboxuser/ros2_iron/install/ros2cli:/home/vboxuser/ros2_iron/install/launch_testing_ros:/home/vboxuser/ros2_iron/install/launch_ros:/home/vboxuser/ros2_iron/install/examples_rclpy_minimal_action_server:/home/vboxuser/ros2_iron/install/examples_rclpy_minimal_action_client:/home/vboxuser/ros2_iron/install/examples_rclpy_guard_conditions:/home/vboxuser/ros2_iron/install/action_tutorials_py:/home/vboxuser/ros2_iron/install/ament_uncrustify:/home/vboxuser/ros2_iron/install/tracetools_trace:/home/vboxuser/ros2_iron/install/tracetools_read:/home/vboxuser/ros2_iron/install/test_tracetools_launch:/home/vboxuser/ros2_iron/install/test_ros2trace:/home/vboxuser/ros2_iron/install/test_launch_ros:/home/vboxuser/ros2_iron/install/rpyutils:/home/vboxuser/ros2_iron/install/rosidl_runtime_py:/home/vboxuser/ros2_iron/install/rosidl_pycommon:/home/vboxuser/ros2_iron/install/rosidl_cli:/home/vboxuser/ros2_iron/install/launch_pytest:/home/vboxuser/ros2_iron/install/launch_testing:/home/vboxuser/ros2_iron/install/launch_yaml:/home/vboxuser/ros2_iron/install/launch_xml:/home/vboxuser/ros2_iron/install/launch:/home/vboxuser/ros2_iron/install/osrf_pycommon:/home/vboxuser/ros2_iron/install/domain_coordinator:/home/vboxuser/ros2_iron/install/ament_xmllint:/home/vboxuser/ros2_iron/install/ament_pyflakes:/home/vboxuser/ros2_iron/install/ament_pycodestyle:/home/vboxuser/ros2_iron/install/ament_pep257:/home/vboxuser/ros2_iron/install/ament_pclint:/home/vboxuser/ros2_iron/install/ament_package:/home/vboxuser/ros2_iron/install/ament_mypy:/home/vboxuser/ros2_iron/install/ament_lint_cmake:/home/vboxuser/ros2_iron/install/ament_flake8:/home/vboxuser/ros2_iron/install/ament_copyright:/home/vboxuser/ros2_iron/install/ament_lint:/home/vboxuser/ros2_iron/install/ament_index_python:/home/vboxuser/ros2_iron/install/ament_cpplint:/home/vboxuser/ros2_iron/install/ament_cppcheck:/home/vboxuser/ros2_iron/install/ament_clang_tidy:/home/vboxuser/ros2_iron/install/ament_clang_format /usr/bin/cmake --build /home/vboxuser/ros2_ws/build/examples_rclcpp_wait_set -- -j4 -l4
[10.512s] Level 1:colcon.colcon_core.environment:create_environment_scripts_only(examples_rclcpp_multithreaded_executor)
[10.513s] Level 1:colcon.colcon_core.environment:checking '/home/vboxuser/ros2_ws/install/examples_rclcpp_multithreaded_executor' for CMake module files
[10.516s] DEBUG:colcon.colcon_core.event_handler.log_command:Invoked command in '/home/vboxuser/ros2_ws/build/examples_rclcpp_multithreaded_executor' returned '0': CMAKE_PREFIX_PATH=${CMAKE_PREFIX_PATH}:/home/vboxuser/ros2_ws/install/read_rosbag:/home/vboxuser/ros2_ws/install/py_pubsub:/home/vboxuser/ros2_ws/install/launch_testing_examples:/home/vboxuser/ros2_ws/install/examples_rclpy_pointcloud_publisher:/home/vboxuser/ros2_ws/install/examples_rclpy_minimal_subscriber:/home/vboxuser/ros2_ws/install/examples_rclpy_minimal_service:/home/vboxuser/ros2_ws/install/examples_rclpy_minimal_publisher:/home/vboxuser/ros2_ws/install/examples_rclpy_minimal_client:/home/vboxuser/ros2_ws/install/examples_rclpy_minimal_action_server:/home/vboxuser/ros2_ws/install/examples_rclpy_minimal_action_client:/home/vboxuser/ros2_ws/install/examples_rclpy_guard_conditions:/home/vboxuser/ros2_ws/install/examples_rclpy_executors:/home/vboxuser/ros2_ws/install/bms_visualizer:/opt/ros/iron:/home/vboxuser/ros2_iron/install/rqt_bag_plugins:/home/vboxuser/ros2_iron/install/rqt_bag:/home/vboxuser/ros2_iron/install/rosbag2_examples_py:/home/vboxuser/ros2_iron/install/launch_testing_examples:/home/vboxuser/ros2_iron/install/ros2bag:/home/vboxuser/ros2_iron/install/tracetools_test:/home/vboxuser/ros2_iron/install/tracetools_launch:/home/vboxuser/ros2_iron/install/topic_monitor:/home/vboxuser/ros2_iron/install/tf2_tools:/home/vboxuser/ros2_iron/install/examples_tf2_py:/home/vboxuser/ros2_iron/install/tf2_ros_py:/home/vboxuser/ros2_iron/install/examples_rclpy_pointcloud_publisher:/home/vboxuser/ros2_iron/install/sensor_msgs_py:/home/vboxuser/ros2_iron/install/quality_of_service_demo_py:/home/vboxuser/ros2_iron/install/rqt_plot:/home/vboxuser/ros2_iron/install/ros2doctor:/home/vboxuser/ros2_iron/install/lifecycle_py:/home/vboxuser/ros2_iron/install/examples_rclpy_minimal_subscriber:/home/vboxuser/ros2_iron/install/examples_rclpy_minimal_service:/home/vboxuser/ros2_iron/install/examples_rclpy_minimal_publisher:/home/vboxuser/ros2_iron/install/examples_rclpy_minimal_client:/home/vboxuser/ros2_iron/install/examples_rclpy_executors:/home/vboxuser/ros2_iron/install/demo_nodes_py:/home/vboxuser/ros2_iron/install/rqt:/home/vboxuser/ros2_iron/install/ros2component:/home/vboxuser/ros2_iron/install/sros2:/home/vboxuser/ros2_iron/install/rqt_topic:/home/vboxuser/ros2_iron/install/rqt_srv:/home/vboxuser/ros2_iron/install/rqt_shell:/home/vboxuser/ros2_iron/install/rqt_service_caller:/home/vboxuser/ros2_iron/install/rqt_reconfigure:/home/vboxuser/ros2_iron/install/rqt_py_console:/home/vboxuser/ros2_iron/install/rqt_publisher:/home/vboxuser/ros2_iron/install/rqt_action:/home/vboxuser/ros2_iron/install/rqt_msg:/home/vboxuser/ros2_iron/install/rqt_console:/home/vboxuser/ros2_iron/install/rqt_graph:/home/vboxuser/ros2_iron/install/rqt_gui_py:/home/vboxuser/ros2_iron/install/rqt_gui:/home/vboxuser/ros2_iron/install/ros2trace:/home/vboxuser/ros2_iron/install/ros2topic:/home/vboxuser/ros2_iron/install/ros2test:/home/vboxuser/ros2_iron/install/ros2param:/home/vboxuser/ros2_iron/install/ros2lifecycle:/home/vboxuser/ros2_iron/install/ros2service:/home/vboxuser/ros2_iron/install/ros2run:/home/vboxuser/ros2_iron/install/ros2launch:/home/vboxuser/ros2_iron/install/ros2pkg:/home/vboxuser/ros2_iron/install/ros2node:/home/vboxuser/ros2_iron/install/ros2multicast:/home/vboxuser/ros2_iron/install/ros2interface:/home/vboxuser/ros2_iron/install/ros2action:/home/vboxuser/ros2_iron/install/ros2cli:/home/vboxuser/ros2_iron/install/launch_testing_ros:/home/vboxuser/ros2_iron/install/launch_ros:/home/vboxuser/ros2_iron/install/examples_rclpy_minimal_action_server:/home/vboxuser/ros2_iron/install/examples_rclpy_minimal_action_client:/home/vboxuser/ros2_iron/install/examples_rclpy_guard_conditions:/home/vboxuser/ros2_iron/install/action_tutorials_py:/home/vboxuser/ros2_iron/install/ament_uncrustify:/home/vboxuser/ros2_iron/install/tracetools_trace:/home/vboxuser/ros2_iron/install/tracetools_read:/home/vboxuser/ros2_iron/install/test_tracetools_launch:/home/vboxuser/ros2_iron/install/test_ros2trace:/home/vboxuser/ros2_iron/install/test_launch_ros:/home/vboxuser/ros2_iron/install/rpyutils:/home/vboxuser/ros2_iron/install/rosidl_runtime_py:/home/vboxuser/ros2_iron/install/rosidl_pycommon:/home/vboxuser/ros2_iron/install/rosidl_cli:/home/vboxuser/ros2_iron/install/launch_pytest:/home/vboxuser/ros2_iron/install/launch_testing:/home/vboxuser/ros2_iron/install/launch_yaml:/home/vboxuser/ros2_iron/install/launch_xml:/home/vboxuser/ros2_iron/install/launch:/home/vboxuser/ros2_iron/install/osrf_pycommon:/home/vboxuser/ros2_iron/install/domain_coordinator:/home/vboxuser/ros2_iron/install/ament_xmllint:/home/vboxuser/ros2_iron/install/ament_pyflakes:/home/vboxuser/ros2_iron/install/ament_pycodestyle:/home/vboxuser/ros2_iron/install/ament_pep257:/home/vboxuser/ros2_iron/install/ament_pclint:/home/vboxuser/ros2_iron/install/ament_package:/home/vboxuser/ros2_iron/install/ament_mypy:/home/vboxuser/ros2_iron/install/ament_lint_cmake:/home/vboxuser/ros2_iron/install/ament_flake8:/home/vboxuser/ros2_iron/install/ament_copyright:/home/vboxuser/ros2_iron/install/ament_lint:/home/vboxuser/ros2_iron/install/ament_index_python:/home/vboxuser/ros2_iron/install/ament_cpplint:/home/vboxuser/ros2_iron/install/ament_cppcheck:/home/vboxuser/ros2_iron/install/ament_clang_tidy:/home/vboxuser/ros2_iron/install/ament_clang_format /usr/bin/cmake --install /home/vboxuser/ros2_ws/build/examples_rclcpp_multithreaded_executor
[10.516s] Level 1:colcon.colcon_core.environment:checking '/home/vboxuser/ros2_ws/install/examples_rclcpp_multithreaded_executor' for CMake config files
[10.517s] Level 1:colcon.colcon_core.shell:create_environment_hook('examples_rclcpp_multithreaded_executor', 'cmake_prefix_path')
[10.518s] INFO:colcon.colcon_core.shell:Creating environment hook '/home/vboxuser/ros2_ws/install/examples_rclcpp_multithreaded_executor/share/examples_rclcpp_multithreaded_executor/hook/cmake_prefix_path.ps1'
[10.519s] INFO:colcon.colcon_core.shell:Creating environment descriptor '/home/vboxuser/ros2_ws/install/examples_rclcpp_multithreaded_executor/share/examples_rclcpp_multithreaded_executor/hook/cmake_prefix_path.dsv'
[10.520s] INFO:colcon.colcon_core.shell:Creating environment hook '/home/vboxuser/ros2_ws/install/examples_rclcpp_multithreaded_executor/share/examples_rclcpp_multithreaded_executor/hook/cmake_prefix_path.sh'
[10.521s] Level 1:colcon.colcon_core.environment:checking '/home/vboxuser/ros2_ws/install/examples_rclcpp_multithreaded_executor/lib'
[10.522s] Level 1:colcon.colcon_core.environment:checking '/home/vboxuser/ros2_ws/install/examples_rclcpp_multithreaded_executor/bin'
[10.522s] Level 1:colcon.colcon_core.environment:checking '/home/vboxuser/ros2_ws/install/examples_rclcpp_multithreaded_executor/lib/pkgconfig/examples_rclcpp_multithreaded_executor.pc'
[10.523s] Level 1:colcon.colcon_core.environment:checking '/home/vboxuser/ros2_ws/install/examples_rclcpp_multithreaded_executor/lib/python3.10/site-packages'
[10.523s] Level 1:colcon.colcon_core.environment:checking '/home/vboxuser/ros2_ws/install/examples_rclcpp_multithreaded_executor/bin'
[10.527s] INFO:colcon.colcon_core.shell:Creating package script '/home/vboxuser/ros2_ws/install/examples_rclcpp_multithreaded_executor/share/examples_rclcpp_multithreaded_executor/package.ps1'
[10.529s] INFO:colcon.colcon_core.shell:Creating package descriptor '/home/vboxuser/ros2_ws/install/examples_rclcpp_multithreaded_executor/share/examples_rclcpp_multithreaded_executor/package.dsv'
[10.531s] INFO:colcon.colcon_core.shell:Creating package script '/home/vboxuser/ros2_ws/install/examples_rclcpp_multithreaded_executor/share/examples_rclcpp_multithreaded_executor/package.sh'
[10.532s] INFO:colcon.colcon_core.shell:Creating package script '/home/vboxuser/ros2_ws/install/examples_rclcpp_multithreaded_executor/share/examples_rclcpp_multithreaded_executor/package.bash'
[10.533s] INFO:colcon.colcon_core.shell:Creating package script '/home/vboxuser/ros2_ws/install/examples_rclcpp_multithreaded_executor/share/examples_rclcpp_multithreaded_executor/package.zsh'
[10.535s] Level 1:colcon.colcon_core.environment:create_file_with_runtime_dependencies(/home/vboxuser/ros2_ws/install/examples_rclcpp_multithreaded_executor/share/colcon-core/packages/examples_rclcpp_multithreaded_executor)
[10.537s] Level 1:colcon.colcon_core.environment:create_environment_scripts_only(examples_rclcpp_multithreaded_executor)
[10.538s] Level 1:colcon.colcon_core.environment:checking '/home/vboxuser/ros2_ws/install/examples_rclcpp_multithreaded_executor' for CMake module files
[10.538s] Level 1:colcon.colcon_core.environment:checking '/home/vboxuser/ros2_ws/install/examples_rclcpp_multithreaded_executor' for CMake config files
[10.541s] Level 1:colcon.colcon_core.shell:create_environment_hook('examples_rclcpp_multithreaded_executor', 'cmake_prefix_path')
[10.542s] INFO:colcon.colcon_core.shell:Creating environment hook '/home/vboxuser/ros2_ws/install/examples_rclcpp_multithreaded_executor/share/examples_rclcpp_multithreaded_executor/hook/cmake_prefix_path.ps1'
[10.543s] INFO:colcon.colcon_core.shell:Creating environment descriptor '/home/vboxuser/ros2_ws/install/examples_rclcpp_multithreaded_executor/share/examples_rclcpp_multithreaded_executor/hook/cmake_prefix_path.dsv'
[10.544s] INFO:colcon.colcon_core.shell:Creating environment hook '/home/vboxuser/ros2_ws/install/examples_rclcpp_multithreaded_executor/share/examples_rclcpp_multithreaded_executor/hook/cmake_prefix_path.sh'
[10.546s] Level 1:colcon.colcon_core.environment:checking '/home/vboxuser/ros2_ws/install/examples_rclcpp_multithreaded_executor/lib'
[10.546s] Level 1:colcon.colcon_core.environment:checking '/home/vboxuser/ros2_ws/install/examples_rclcpp_multithreaded_executor/bin'
[10.546s] Level 1:colcon.colcon_core.environment:checking '/home/vboxuser/ros2_ws/install/examples_rclcpp_multithreaded_executor/lib/pkgconfig/examples_rclcpp_multithreaded_executor.pc'
[10.546s] Level 1:colcon.colcon_core.environment:checking '/home/vboxuser/ros2_ws/install/examples_rclcpp_multithreaded_executor/lib/python3.10/site-packages'
[10.554s] Level 1:colcon.colcon_core.environment:checking '/home/vboxuser/ros2_ws/install/examples_rclcpp_multithreaded_executor/bin'
[10.555s] INFO:colcon.colcon_core.shell:Creating package script '/home/vboxuser/ros2_ws/install/examples_rclcpp_multithreaded_executor/share/examples_rclcpp_multithreaded_executor/package.ps1'
[10.558s] INFO:colcon.colcon_core.shell:Creating package descriptor '/home/vboxuser/ros2_ws/install/examples_rclcpp_multithreaded_executor/share/examples_rclcpp_multithreaded_executor/package.dsv'
[10.562s] INFO:colcon.colcon_core.shell:Creating package script '/home/vboxuser/ros2_ws/install/examples_rclcpp_multithreaded_executor/share/examples_rclcpp_multithreaded_executor/package.sh'
[10.570s] INFO:colcon.colcon_core.shell:Creating package script '/home/vboxuser/ros2_ws/install/examples_rclcpp_multithreaded_executor/share/examples_rclcpp_multithreaded_executor/package.bash'
[10.573s] INFO:colcon.colcon_core.shell:Creating package script '/home/vboxuser/ros2_ws/install/examples_rclcpp_multithreaded_executor/share/examples_rclcpp_multithreaded_executor/package.zsh'
[10.576s] Level 1:colcon.colcon_core.environment:create_file_with_runtime_dependencies(/home/vboxuser/ros2_ws/install/examples_rclcpp_multithreaded_executor/share/colcon-core/packages/examples_rclcpp_multithreaded_executor)
[10.581s] INFO:colcon.colcon_ros.task.ament_python.build:Building ROS package in '/home/vboxuser/ros2_ws/src/examples/rclpy/guard_conditions' with build type 'ament_python'
[10.598s] Level 1:colcon.colcon_core.shell:create_environment_hook('examples_rclpy_guard_conditions', 'ament_prefix_path')
[10.598s] INFO:colcon.colcon_core.shell:Creating environment hook '/home/vboxuser/ros2_ws/install/examples_rclpy_guard_conditions/share/examples_rclpy_guard_conditions/hook/ament_prefix_path.ps1'
[10.611s] INFO:colcon.colcon_core.shell:Creating environment descriptor '/home/vboxuser/ros2_ws/install/examples_rclpy_guard_conditions/share/examples_rclpy_guard_conditions/hook/ament_prefix_path.dsv'
[10.615s] INFO:colcon.colcon_core.shell:Creating environment hook '/home/vboxuser/ros2_ws/install/examples_rclpy_guard_conditions/share/examples_rclpy_guard_conditions/hook/ament_prefix_path.sh'
[10.630s] INFO:colcon.colcon_core.shell:Skip shell extension 'powershell' for command environment: Not usable outside of PowerShell
[10.630s] DEBUG:colcon.colcon_core.shell:Skip shell extension 'dsv' for command environment
[12.933s] INFO:colcon.colcon_core.task.python.build:Building Python package in '/home/vboxuser/ros2_ws/src/examples/rclpy/executors'
[12.934s] INFO:colcon.colcon_core.shell:Skip shell extension 'powershell' for command environment: Not usable outside of PowerShell
[12.934s] DEBUG:colcon.colcon_core.shell:Skip shell extension 'dsv' for command environment
[13.009s] DEBUG:colcon.colcon_core.event_handler.log_command:Invoked command in '/home/vboxuser/ros2_ws/build/examples_rclcpp_wait_set' returned '0': CMAKE_PREFIX_PATH=${CMAKE_PREFIX_PATH}:/home/vboxuser/ros2_ws/install/read_rosbag:/home/vboxuser/ros2_ws/install/py_pubsub:/home/vboxuser/ros2_ws/install/launch_testing_examples:/home/vboxuser/ros2_ws/install/examples_rclpy_pointcloud_publisher:/home/vboxuser/ros2_ws/install/examples_rclpy_minimal_subscriber:/home/vboxuser/ros2_ws/install/examples_rclpy_minimal_service:/home/vboxuser/ros2_ws/install/examples_rclpy_minimal_publisher:/home/vboxuser/ros2_ws/install/examples_rclpy_minimal_client:/home/vboxuser/ros2_ws/install/examples_rclpy_minimal_action_server:/home/vboxuser/ros2_ws/install/examples_rclpy_minimal_action_client:/home/vboxuser/ros2_ws/install/examples_rclpy_guard_conditions:/home/vboxuser/ros2_ws/install/examples_rclpy_executors:/home/vboxuser/ros2_ws/install/bms_visualizer:/opt/ros/iron:/home/vboxuser/ros2_iron/install/rqt_bag_plugins:/home/vboxuser/ros2_iron/install/rqt_bag:/home/vboxuser/ros2_iron/install/rosbag2_examples_py:/home/vboxuser/ros2_iron/install/launch_testing_examples:/home/vboxuser/ros2_iron/install/ros2bag:/home/vboxuser/ros2_iron/install/tracetools_test:/home/vboxuser/ros2_iron/install/tracetools_launch:/home/vboxuser/ros2_iron/install/topic_monitor:/home/vboxuser/ros2_iron/install/tf2_tools:/home/vboxuser/ros2_iron/install/examples_tf2_py:/home/vboxuser/ros2_iron/install/tf2_ros_py:/home/vboxuser/ros2_iron/install/examples_rclpy_pointcloud_publisher:/home/vboxuser/ros2_iron/install/sensor_msgs_py:/home/vboxuser/ros2_iron/install/quality_of_service_demo_py:/home/vboxuser/ros2_iron/install/rqt_plot:/home/vboxuser/ros2_iron/install/ros2doctor:/home/vboxuser/ros2_iron/install/lifecycle_py:/home/vboxuser/ros2_iron/install/examples_rclpy_minimal_subscriber:/home/vboxuser/ros2_iron/install/examples_rclpy_minimal_service:/home/vboxuser/ros2_iron/install/examples_rclpy_minimal_publisher:/home/vboxuser/ros2_iron/install/examples_rclpy_minimal_client:/home/vboxuser/ros2_iron/install/examples_rclpy_executors:/home/vboxuser/ros2_iron/install/demo_nodes_py:/home/vboxuser/ros2_iron/install/rqt:/home/vboxuser/ros2_iron/install/ros2component:/home/vboxuser/ros2_iron/install/sros2:/home/vboxuser/ros2_iron/install/rqt_topic:/home/vboxuser/ros2_iron/install/rqt_srv:/home/vboxuser/ros2_iron/install/rqt_shell:/home/vboxuser/ros2_iron/install/rqt_service_caller:/home/vboxuser/ros2_iron/install/rqt_reconfigure:/home/vboxuser/ros2_iron/install/rqt_py_console:/home/vboxuser/ros2_iron/install/rqt_publisher:/home/vboxuser/ros2_iron/install/rqt_action:/home/vboxuser/ros2_iron/install/rqt_msg:/home/vboxuser/ros2_iron/install/rqt_console:/home/vboxuser/ros2_iron/install/rqt_graph:/home/vboxuser/ros2_iron/install/rqt_gui_py:/home/vboxuser/ros2_iron/install/rqt_gui:/home/vboxuser/ros2_iron/install/ros2trace:/home/vboxuser/ros2_iron/install/ros2topic:/home/vboxuser/ros2_iron/install/ros2test:/home/vboxuser/ros2_iron/install/ros2param:/home/vboxuser/ros2_iron/install/ros2lifecycle:/home/vboxuser/ros2_iron/install/ros2service:/home/vboxuser/ros2_iron/install/ros2run:/home/vboxuser/ros2_iron/install/ros2launch:/home/vboxuser/ros2_iron/install/ros2pkg:/home/vboxuser/ros2_iron/install/ros2node:/home/vboxuser/ros2_iron/install/ros2multicast:/home/vboxuser/ros2_iron/install/ros2interface:/home/vboxuser/ros2_iron/install/ros2action:/home/vboxuser/ros2_iron/install/ros2cli:/home/vboxuser/ros2_iron/install/launch_testing_ros:/home/vboxuser/ros2_iron/install/launch_ros:/home/vboxuser/ros2_iron/install/examples_rclpy_minimal_action_server:/home/vboxuser/ros2_iron/install/examples_rclpy_minimal_action_client:/home/vboxuser/ros2_iron/install/examples_rclpy_guard_conditions:/home/vboxuser/ros2_iron/install/action_tutorials_py:/home/vboxuser/ros2_iron/install/ament_uncrustify:/home/vboxuser/ros2_iron/install/tracetools_trace:/home/vboxuser/ros2_iron/install/tracetools_read:/home/vboxuser/ros2_iron/install/test_tracetools_launch:/home/vboxuser/ros2_iron/install/test_ros2trace:/home/vboxuser/ros2_iron/install/test_launch_ros:/home/vboxuser/ros2_iron/install/rpyutils:/home/vboxuser/ros2_iron/install/rosidl_runtime_py:/home/vboxuser/ros2_iron/install/rosidl_pycommon:/home/vboxuser/ros2_iron/install/rosidl_cli:/home/vboxuser/ros2_iron/install/launch_pytest:/home/vboxuser/ros2_iron/install/launch_testing:/home/vboxuser/ros2_iron/install/launch_yaml:/home/vboxuser/ros2_iron/install/launch_xml:/home/vboxuser/ros2_iron/install/launch:/home/vboxuser/ros2_iron/install/osrf_pycommon:/home/vboxuser/ros2_iron/install/domain_coordinator:/home/vboxuser/ros2_iron/install/ament_xmllint:/home/vboxuser/ros2_iron/install/ament_pyflakes:/home/vboxuser/ros2_iron/install/ament_pycodestyle:/home/vboxuser/ros2_iron/install/ament_pep257:/home/vboxuser/ros2_iron/install/ament_pclint:/home/vboxuser/ros2_iron/install/ament_package:/home/vboxuser/ros2_iron/install/ament_mypy:/home/vboxuser/ros2_iron/install/ament_lint_cmake:/home/vboxuser/ros2_iron/install/ament_flake8:/home/vboxuser/ros2_iron/install/ament_copyright:/home/vboxuser/ros2_iron/install/ament_lint:/home/vboxuser/ros2_iron/install/ament_index_python:/home/vboxuser/ros2_iron/install/ament_cpplint:/home/vboxuser/ros2_iron/install/ament_cppcheck:/home/vboxuser/ros2_iron/install/ament_clang_tidy:/home/vboxuser/ros2_iron/install/ament_clang_format /usr/bin/cmake --build /home/vboxuser/ros2_ws/build/examples_rclcpp_wait_set -- -j4 -l4
[13.011s] Level 1:colcon.colcon_core.environment:checking '/home/vboxuser/ros2_ws/install/bms_visualizer' for CMake module files
[13.012s] Level 1:colcon.colcon_core.environment:checking '/home/vboxuser/ros2_ws/install/bms_visualizer' for CMake config files
[13.014s] Level 1:colcon.colcon_core.environment:checking '/home/vboxuser/ros2_ws/install/bms_visualizer/lib'
[13.014s] DEBUG:colcon.colcon_core.event_handler.log_command:Invoking command in '/home/vboxuser/ros2_ws/build/examples_rclcpp_wait_set': CMAKE_PREFIX_PATH=${CMAKE_PREFIX_PATH}:/home/vboxuser/ros2_ws/install/read_rosbag:/home/vboxuser/ros2_ws/install/py_pubsub:/home/vboxuser/ros2_ws/install/launch_testing_examples:/home/vboxuser/ros2_ws/install/examples_rclpy_pointcloud_publisher:/home/vboxuser/ros2_ws/install/examples_rclpy_minimal_subscriber:/home/vboxuser/ros2_ws/install/examples_rclpy_minimal_service:/home/vboxuser/ros2_ws/install/examples_rclpy_minimal_publisher:/home/vboxuser/ros2_ws/install/examples_rclpy_minimal_client:/home/vboxuser/ros2_ws/install/examples_rclpy_minimal_action_server:/home/vboxuser/ros2_ws/install/examples_rclpy_minimal_action_client:/home/vboxuser/ros2_ws/install/examples_rclpy_guard_conditions:/home/vboxuser/ros2_ws/install/examples_rclpy_executors:/home/vboxuser/ros2_ws/install/bms_visualizer:/opt/ros/iron:/home/vboxuser/ros2_iron/install/rqt_bag_plugins:/home/vboxuser/ros2_iron/install/rqt_bag:/home/vboxuser/ros2_iron/install/rosbag2_examples_py:/home/vboxuser/ros2_iron/install/launch_testing_examples:/home/vboxuser/ros2_iron/install/ros2bag:/home/vboxuser/ros2_iron/install/tracetools_test:/home/vboxuser/ros2_iron/install/tracetools_launch:/home/vboxuser/ros2_iron/install/topic_monitor:/home/vboxuser/ros2_iron/install/tf2_tools:/home/vboxuser/ros2_iron/install/examples_tf2_py:/home/vboxuser/ros2_iron/install/tf2_ros_py:/home/vboxuser/ros2_iron/install/examples_rclpy_pointcloud_publisher:/home/vboxuser/ros2_iron/install/sensor_msgs_py:/home/vboxuser/ros2_iron/install/quality_of_service_demo_py:/home/vboxuser/ros2_iron/install/rqt_plot:/home/vboxuser/ros2_iron/install/ros2doctor:/home/vboxuser/ros2_iron/install/lifecycle_py:/home/vboxuser/ros2_iron/install/examples_rclpy_minimal_subscriber:/home/vboxuser/ros2_iron/install/examples_rclpy_minimal_service:/home/vboxuser/ros2_iron/install/examples_rclpy_minimal_publisher:/home/vboxuser/ros2_iron/install/examples_rclpy_minimal_client:/home/vboxuser/ros2_iron/install/examples_rclpy_executors:/home/vboxuser/ros2_iron/install/demo_nodes_py:/home/vboxuser/ros2_iron/install/rqt:/home/vboxuser/ros2_iron/install/ros2component:/home/vboxuser/ros2_iron/install/sros2:/home/vboxuser/ros2_iron/install/rqt_topic:/home/vboxuser/ros2_iron/install/rqt_srv:/home/vboxuser/ros2_iron/install/rqt_shell:/home/vboxuser/ros2_iron/install/rqt_service_caller:/home/vboxuser/ros2_iron/install/rqt_reconfigure:/home/vboxuser/ros2_iron/install/rqt_py_console:/home/vboxuser/ros2_iron/install/rqt_publisher:/home/vboxuser/ros2_iron/install/rqt_action:/home/vboxuser/ros2_iron/install/rqt_msg:/home/vboxuser/ros2_iron/install/rqt_console:/home/vboxuser/ros2_iron/install/rqt_graph:/home/vboxuser/ros2_iron/install/rqt_gui_py:/home/vboxuser/ros2_iron/install/rqt_gui:/home/vboxuser/ros2_iron/install/ros2trace:/home/vboxuser/ros2_iron/install/ros2topic:/home/vboxuser/ros2_iron/install/ros2test:/home/vboxuser/ros2_iron/install/ros2param:/home/vboxuser/ros2_iron/install/ros2lifecycle:/home/vboxuser/ros2_iron/install/ros2service:/home/vboxuser/ros2_iron/install/ros2run:/home/vboxuser/ros2_iron/install/ros2launch:/home/vboxuser/ros2_iron/install/ros2pkg:/home/vboxuser/ros2_iron/install/ros2node:/home/vboxuser/ros2_iron/install/ros2multicast:/home/vboxuser/ros2_iron/install/ros2interface:/home/vboxuser/ros2_iron/install/ros2action:/home/vboxuser/ros2_iron/install/ros2cli:/home/vboxuser/ros2_iron/install/launch_testing_ros:/home/vboxuser/ros2_iron/install/launch_ros:/home/vboxuser/ros2_iron/install/examples_rclpy_minimal_action_server:/home/vboxuser/ros2_iron/install/examples_rclpy_minimal_action_client:/home/vboxuser/ros2_iron/install/examples_rclpy_guard_conditions:/home/vboxuser/ros2_iron/install/action_tutorials_py:/home/vboxuser/ros2_iron/install/ament_uncrustify:/home/vboxuser/ros2_iron/install/tracetools_trace:/home/vboxuser/ros2_iron/install/tracetools_read:/home/vboxuser/ros2_iron/install/test_tracetools_launch:/home/vboxuser/ros2_iron/install/test_ros2trace:/home/vboxuser/ros2_iron/install/test_launch_ros:/home/vboxuser/ros2_iron/install/rpyutils:/home/vboxuser/ros2_iron/install/rosidl_runtime_py:/home/vboxuser/ros2_iron/install/rosidl_pycommon:/home/vboxuser/ros2_iron/install/rosidl_cli:/home/vboxuser/ros2_iron/install/launch_pytest:/home/vboxuser/ros2_iron/install/launch_testing:/home/vboxuser/ros2_iron/install/launch_yaml:/home/vboxuser/ros2_iron/install/launch_xml:/home/vboxuser/ros2_iron/install/launch:/home/vboxuser/ros2_iron/install/osrf_pycommon:/home/vboxuser/ros2_iron/install/domain_coordinator:/home/vboxuser/ros2_iron/install/ament_xmllint:/home/vboxuser/ros2_iron/install/ament_pyflakes:/home/vboxuser/ros2_iron/install/ament_pycodestyle:/home/vboxuser/ros2_iron/install/ament_pep257:/home/vboxuser/ros2_iron/install/ament_pclint:/home/vboxuser/ros2_iron/install/ament_package:/home/vboxuser/ros2_iron/install/ament_mypy:/home/vboxuser/ros2_iron/install/ament_lint_cmake:/home/vboxuser/ros2_iron/install/ament_flake8:/home/vboxuser/ros2_iron/install/ament_copyright:/home/vboxuser/ros2_iron/install/ament_lint:/home/vboxuser/ros2_iron/install/ament_index_python:/home/vboxuser/ros2_iron/install/ament_cpplint:/home/vboxuser/ros2_iron/install/ament_cppcheck:/home/vboxuser/ros2_iron/install/ament_clang_tidy:/home/vboxuser/ros2_iron/install/ament_clang_format /usr/bin/cmake --install /home/vboxuser/ros2_ws/build/examples_rclcpp_wait_set
[13.015s] DEBUG:colcon.colcon_core.event_handler.log_command:Invoked command in '/home/vboxuser/ros2_ws/src/BMS_BQ769X2/src/bms_visualizer' returned '0': PYTHONPATH=/home/vboxuser/ros2_ws/build/bms_visualizer/prefix_override:/usr/lib/python3/dist-packages/colcon_core/task/python/colcon_distutils_commands:/home/vboxuser/ros2_ws/install/bms_visualizer/lib/python3.10/site-packages:${PYTHONPATH} /usr/bin/python3 -W ignore:setup.py install is deprecated -W ignore:easy_install command is deprecated setup.py egg_info --egg-base ../../../../build/bms_visualizer build --build-base /home/vboxuser/ros2_ws/build/bms_visualizer/build install --record /home/vboxuser/ros2_ws/build/bms_visualizer/install.log --single-version-externally-managed install_data
[13.016s] Level 1:colcon.colcon_core.environment:checking '/home/vboxuser/ros2_ws/install/bms_visualizer/bin'
[13.016s] Level 1:colcon.colcon_core.environment:checking '/home/vboxuser/ros2_ws/install/bms_visualizer/lib/pkgconfig/bms_visualizer.pc'
[13.017s] Level 1:colcon.colcon_core.environment:checking '/home/vboxuser/ros2_ws/install/bms_visualizer/lib/python3.10/site-packages'
[13.017s] Level 1:colcon.colcon_core.shell:create_environment_hook('bms_visualizer', 'pythonpath')
[13.018s] INFO:colcon.colcon_core.shell:Creating environment hook '/home/vboxuser/ros2_ws/install/bms_visualizer/share/bms_visualizer/hook/pythonpath.ps1'
[13.019s] INFO:colcon.colcon_core.shell:Creating environment descriptor '/home/vboxuser/ros2_ws/install/bms_visualizer/share/bms_visualizer/hook/pythonpath.dsv'
[13.023s] INFO:colcon.colcon_core.shell:Creating environment hook '/home/vboxuser/ros2_ws/install/bms_visualizer/share/bms_visualizer/hook/pythonpath.sh'
[13.027s] Level 1:colcon.colcon_core.environment:checking '/home/vboxuser/ros2_ws/install/bms_visualizer/bin'
[13.028s] Level 1:colcon.colcon_core.environment:create_environment_scripts_only(bms_visualizer)
[13.029s] INFO:colcon.colcon_core.shell:Creating package script '/home/vboxuser/ros2_ws/install/bms_visualizer/share/bms_visualizer/package.ps1'
[13.032s] INFO:colcon.colcon_core.shell:Creating package descriptor '/home/vboxuser/ros2_ws/install/bms_visualizer/share/bms_visualizer/package.dsv'
[13.040s] INFO:colcon.colcon_core.shell:Creating package script '/home/vboxuser/ros2_ws/install/bms_visualizer/share/bms_visualizer/package.sh'
[13.041s] INFO:colcon.colcon_core.shell:Creating package script '/home/vboxuser/ros2_ws/install/bms_visualizer/share/bms_visualizer/package.bash'
[13.046s] INFO:colcon.colcon_core.shell:Creating package script '/home/vboxuser/ros2_ws/install/bms_visualizer/share/bms_visualizer/package.zsh'
[13.050s] Level 1:colcon.colcon_core.environment:create_file_with_runtime_dependencies(/home/vboxuser/ros2_ws/install/bms_visualizer/share/colcon-core/packages/bms_visualizer)
[13.054s] INFO:colcon.colcon_ros.task.ament_python.build:Building ROS package in '/home/vboxuser/ros2_ws/src/examples/rclpy/actions/minimal_action_client' with build type 'ament_python'
[13.054s] Level 1:colcon.colcon_core.shell:create_environment_hook('examples_rclpy_minimal_action_client', 'ament_prefix_path')
[13.054s] INFO:colcon.colcon_core.shell:Creating environment hook '/home/vboxuser/ros2_ws/install/examples_rclpy_minimal_action_client/share/examples_rclpy_minimal_action_client/hook/ament_prefix_path.ps1'
[13.058s] INFO:colcon.colcon_core.shell:Creating environment descriptor '/home/vboxuser/ros2_ws/install/examples_rclpy_minimal_action_client/share/examples_rclpy_minimal_action_client/hook/ament_prefix_path.dsv'
[13.064s] INFO:colcon.colcon_core.shell:Creating environment hook '/home/vboxuser/ros2_ws/install/examples_rclpy_minimal_action_client/share/examples_rclpy_minimal_action_client/hook/ament_prefix_path.sh'
[13.066s] INFO:colcon.colcon_core.shell:Skip shell extension 'powershell' for command environment: Not usable outside of PowerShell
[13.067s] DEBUG:colcon.colcon_core.shell:Skip shell extension 'dsv' for command environment
[14.566s] INFO:colcon.colcon_core.task.python.build:Building Python package in '/home/vboxuser/ros2_ws/src/examples/rclpy/guard_conditions'
[14.567s] INFO:colcon.colcon_core.shell:Skip shell extension 'powershell' for command environment: Not usable outside of PowerShell
[14.567s] DEBUG:colcon.colcon_core.shell:Skip shell extension 'dsv' for command environment
[14.642s] Level 1:colcon.colcon_core.environment:create_environment_scripts_only(examples_rclcpp_wait_set)
[14.646s] Level 1:colcon.colcon_core.environment:checking '/home/vboxuser/ros2_ws/install/examples_rclcpp_wait_set' for CMake module files
[14.645s] DEBUG:colcon.colcon_core.event_handler.log_command:Invoked command in '/home/vboxuser/ros2_ws/build/examples_rclcpp_wait_set' returned '0': CMAKE_PREFIX_PATH=${CMAKE_PREFIX_PATH}:/home/vboxuser/ros2_ws/install/read_rosbag:/home/vboxuser/ros2_ws/install/py_pubsub:/home/vboxuser/ros2_ws/install/launch_testing_examples:/home/vboxuser/ros2_ws/install/examples_rclpy_pointcloud_publisher:/home/vboxuser/ros2_ws/install/examples_rclpy_minimal_subscriber:/home/vboxuser/ros2_ws/install/examples_rclpy_minimal_service:/home/vboxuser/ros2_ws/install/examples_rclpy_minimal_publisher:/home/vboxuser/ros2_ws/install/examples_rclpy_minimal_client:/home/vboxuser/ros2_ws/install/examples_rclpy_minimal_action_server:/home/vboxuser/ros2_ws/install/examples_rclpy_minimal_action_client:/home/vboxuser/ros2_ws/install/examples_rclpy_guard_conditions:/home/vboxuser/ros2_ws/install/examples_rclpy_executors:/home/vboxuser/ros2_ws/install/bms_visualizer:/opt/ros/iron:/home/vboxuser/ros2_iron/install/rqt_bag_plugins:/home/vboxuser/ros2_iron/install/rqt_bag:/home/vboxuser/ros2_iron/install/rosbag2_examples_py:/home/vboxuser/ros2_iron/install/launch_testing_examples:/home/vboxuser/ros2_iron/install/ros2bag:/home/vboxuser/ros2_iron/install/tracetools_test:/home/vboxuser/ros2_iron/install/tracetools_launch:/home/vboxuser/ros2_iron/install/topic_monitor:/home/vboxuser/ros2_iron/install/tf2_tools:/home/vboxuser/ros2_iron/install/examples_tf2_py:/home/vboxuser/ros2_iron/install/tf2_ros_py:/home/vboxuser/ros2_iron/install/examples_rclpy_pointcloud_publisher:/home/vboxuser/ros2_iron/install/sensor_msgs_py:/home/vboxuser/ros2_iron/install/quality_of_service_demo_py:/home/vboxuser/ros2_iron/install/rqt_plot:/home/vboxuser/ros2_iron/install/ros2doctor:/home/vboxuser/ros2_iron/install/lifecycle_py:/home/vboxuser/ros2_iron/install/examples_rclpy_minimal_subscriber:/home/vboxuser/ros2_iron/install/examples_rclpy_minimal_service:/home/vboxuser/ros2_iron/install/examples_rclpy_minimal_publisher:/home/vboxuser/ros2_iron/install/examples_rclpy_minimal_client:/home/vboxuser/ros2_iron/install/examples_rclpy_executors:/home/vboxuser/ros2_iron/install/demo_nodes_py:/home/vboxuser/ros2_iron/install/rqt:/home/vboxuser/ros2_iron/install/ros2component:/home/vboxuser/ros2_iron/install/sros2:/home/vboxuser/ros2_iron/install/rqt_topic:/home/vboxuser/ros2_iron/install/rqt_srv:/home/vboxuser/ros2_iron/install/rqt_shell:/home/vboxuser/ros2_iron/install/rqt_service_caller:/home/vboxuser/ros2_iron/install/rqt_reconfigure:/home/vboxuser/ros2_iron/install/rqt_py_console:/home/vboxuser/ros2_iron/install/rqt_publisher:/home/vboxuser/ros2_iron/install/rqt_action:/home/vboxuser/ros2_iron/install/rqt_msg:/home/vboxuser/ros2_iron/install/rqt_console:/home/vboxuser/ros2_iron/install/rqt_graph:/home/vboxuser/ros2_iron/install/rqt_gui_py:/home/vboxuser/ros2_iron/install/rqt_gui:/home/vboxuser/ros2_iron/install/ros2trace:/home/vboxuser/ros2_iron/install/ros2topic:/home/vboxuser/ros2_iron/install/ros2test:/home/vboxuser/ros2_iron/install/ros2param:/home/vboxuser/ros2_iron/install/ros2lifecycle:/home/vboxuser/ros2_iron/install/ros2service:/home/vboxuser/ros2_iron/install/ros2run:/home/vboxuser/ros2_iron/install/ros2launch:/home/vboxuser/ros2_iron/install/ros2pkg:/home/vboxuser/ros2_iron/install/ros2node:/home/vboxuser/ros2_iron/install/ros2multicast:/home/vboxuser/ros2_iron/install/ros2interface:/home/vboxuser/ros2_iron/install/ros2action:/home/vboxuser/ros2_iron/install/ros2cli:/home/vboxuser/ros2_iron/install/launch_testing_ros:/home/vboxuser/ros2_iron/install/launch_ros:/home/vboxuser/ros2_iron/install/examples_rclpy_minimal_action_server:/home/vboxuser/ros2_iron/install/examples_rclpy_minimal_action_client:/home/vboxuser/ros2_iron/install/examples_rclpy_guard_conditions:/home/vboxuser/ros2_iron/install/action_tutorials_py:/home/vboxuser/ros2_iron/install/ament_uncrustify:/home/vboxuser/ros2_iron/install/tracetools_trace:/home/vboxuser/ros2_iron/install/tracetools_read:/home/vboxuser/ros2_iron/install/test_tracetools_launch:/home/vboxuser/ros2_iron/install/test_ros2trace:/home/vboxuser/ros2_iron/install/test_launch_ros:/home/vboxuser/ros2_iron/install/rpyutils:/home/vboxuser/ros2_iron/install/rosidl_runtime_py:/home/vboxuser/ros2_iron/install/rosidl_pycommon:/home/vboxuser/ros2_iron/install/rosidl_cli:/home/vboxuser/ros2_iron/install/launch_pytest:/home/vboxuser/ros2_iron/install/launch_testing:/home/vboxuser/ros2_iron/install/launch_yaml:/home/vboxuser/ros2_iron/install/launch_xml:/home/vboxuser/ros2_iron/install/launch:/home/vboxuser/ros2_iron/install/osrf_pycommon:/home/vboxuser/ros2_iron/install/domain_coordinator:/home/vboxuser/ros2_iron/install/ament_xmllint:/home/vboxuser/ros2_iron/install/ament_pyflakes:/home/vboxuser/ros2_iron/install/ament_pycodestyle:/home/vboxuser/ros2_iron/install/ament_pep257:/home/vboxuser/ros2_iron/install/ament_pclint:/home/vboxuser/ros2_iron/install/ament_package:/home/vboxuser/ros2_iron/install/ament_mypy:/home/vboxuser/ros2_iron/install/ament_lint_cmake:/home/vboxuser/ros2_iron/install/ament_flake8:/home/vboxuser/ros2_iron/install/ament_copyright:/home/vboxuser/ros2_iron/install/ament_lint:/home/vboxuser/ros2_iron/install/ament_index_python:/home/vboxuser/ros2_iron/install/ament_cpplint:/home/vboxuser/ros2_iron/install/ament_cppcheck:/home/vboxuser/ros2_iron/install/ament_clang_tidy:/home/vboxuser/ros2_iron/install/ament_clang_format /usr/bin/cmake --install /home/vboxuser/ros2_ws/build/examples_rclcpp_wait_set
[14.650s] Level 1:colcon.colcon_core.environment:checking '/home/vboxuser/ros2_ws/install/examples_rclcpp_wait_set' for CMake config files
[14.651s] Level 1:colcon.colcon_core.shell:create_environment_hook('examples_rclcpp_wait_set', 'cmake_prefix_path')
[14.653s] INFO:colcon.colcon_core.shell:Creating environment hook '/home/vboxuser/ros2_ws/install/examples_rclcpp_wait_set/share/examples_rclcpp_wait_set/hook/cmake_prefix_path.ps1'
[14.654s] INFO:colcon.colcon_core.shell:Creating environment descriptor '/home/vboxuser/ros2_ws/install/examples_rclcpp_wait_set/share/examples_rclcpp_wait_set/hook/cmake_prefix_path.dsv'
[14.656s] INFO:colcon.colcon_core.shell:Creating environment hook '/home/vboxuser/ros2_ws/install/examples_rclcpp_wait_set/share/examples_rclcpp_wait_set/hook/cmake_prefix_path.sh'
[14.658s] Level 1:colcon.colcon_core.environment:checking '/home/vboxuser/ros2_ws/install/examples_rclcpp_wait_set/lib'
[14.659s] Level 1:colcon.colcon_core.shell:create_environment_hook('examples_rclcpp_wait_set', 'ld_library_path_lib')
[14.659s] INFO:colcon.colcon_core.shell:Creating environment hook '/home/vboxuser/ros2_ws/install/examples_rclcpp_wait_set/share/examples_rclcpp_wait_set/hook/ld_library_path_lib.ps1'
[14.660s] INFO:colcon.colcon_core.shell:Creating environment descriptor '/home/vboxuser/ros2_ws/install/examples_rclcpp_wait_set/share/examples_rclcpp_wait_set/hook/ld_library_path_lib.dsv'
[14.662s] INFO:colcon.colcon_core.shell:Creating environment hook '/home/vboxuser/ros2_ws/install/examples_rclcpp_wait_set/share/examples_rclcpp_wait_set/hook/ld_library_path_lib.sh'
[14.664s] Level 1:colcon.colcon_core.environment:checking '/home/vboxuser/ros2_ws/install/examples_rclcpp_wait_set/bin'
[14.664s] Level 1:colcon.colcon_core.environment:checking '/home/vboxuser/ros2_ws/install/examples_rclcpp_wait_set/lib/pkgconfig/examples_rclcpp_wait_set.pc'
[14.665s] Level 1:colcon.colcon_core.environment:checking '/home/vboxuser/ros2_ws/install/examples_rclcpp_wait_set/lib/python3.10/site-packages'
[14.666s] Level 1:colcon.colcon_core.environment:checking '/home/vboxuser/ros2_ws/install/examples_rclcpp_wait_set/bin'
[14.666s] INFO:colcon.colcon_core.shell:Creating package script '/home/vboxuser/ros2_ws/install/examples_rclcpp_wait_set/share/examples_rclcpp_wait_set/package.ps1'
[14.667s] INFO:colcon.colcon_core.shell:Creating package descriptor '/home/vboxuser/ros2_ws/install/examples_rclcpp_wait_set/share/examples_rclcpp_wait_set/package.dsv'
[14.669s] INFO:colcon.colcon_core.shell:Creating package script '/home/vboxuser/ros2_ws/install/examples_rclcpp_wait_set/share/examples_rclcpp_wait_set/package.sh'
[14.669s] INFO:colcon.colcon_core.shell:Creating package script '/home/vboxuser/ros2_ws/install/examples_rclcpp_wait_set/share/examples_rclcpp_wait_set/package.bash'
[14.670s] INFO:colcon.colcon_core.shell:Creating package script '/home/vboxuser/ros2_ws/install/examples_rclcpp_wait_set/share/examples_rclcpp_wait_set/package.zsh'
[14.673s] Level 1:colcon.colcon_core.environment:create_file_with_runtime_dependencies(/home/vboxuser/ros2_ws/install/examples_rclcpp_wait_set/share/colcon-core/packages/examples_rclcpp_wait_set)
[14.676s] Level 1:colcon.colcon_core.environment:create_environment_scripts_only(examples_rclcpp_wait_set)
[14.677s] Level 1:colcon.colcon_core.environment:checking '/home/vboxuser/ros2_ws/install/examples_rclcpp_wait_set' for CMake module files
[14.679s] Level 1:colcon.colcon_core.environment:checking '/home/vboxuser/ros2_ws/install/examples_rclcpp_wait_set' for CMake config files
[14.679s] Level 1:colcon.colcon_core.shell:create_environment_hook('examples_rclcpp_wait_set', 'cmake_prefix_path')
[14.680s] INFO:colcon.colcon_core.shell:Creating environment hook '/home/vboxuser/ros2_ws/install/examples_rclcpp_wait_set/share/examples_rclcpp_wait_set/hook/cmake_prefix_path.ps1'
[14.682s] INFO:colcon.colcon_core.shell:Creating environment descriptor '/home/vboxuser/ros2_ws/install/examples_rclcpp_wait_set/share/examples_rclcpp_wait_set/hook/cmake_prefix_path.dsv'
[14.683s] INFO:colcon.colcon_core.shell:Creating environment hook '/home/vboxuser/ros2_ws/install/examples_rclcpp_wait_set/share/examples_rclcpp_wait_set/hook/cmake_prefix_path.sh'
[14.686s] Level 1:colcon.colcon_core.environment:checking '/home/vboxuser/ros2_ws/install/examples_rclcpp_wait_set/lib'
[14.686s] Level 1:colcon.colcon_core.shell:create_environment_hook('examples_rclcpp_wait_set', 'ld_library_path_lib')
[14.687s] INFO:colcon.colcon_core.shell:Creating environment hook '/home/vboxuser/ros2_ws/install/examples_rclcpp_wait_set/share/examples_rclcpp_wait_set/hook/ld_library_path_lib.ps1'
[14.689s] INFO:colcon.colcon_core.shell:Creating environment descriptor '/home/vboxuser/ros2_ws/install/examples_rclcpp_wait_set/share/examples_rclcpp_wait_set/hook/ld_library_path_lib.dsv'
[14.692s] INFO:colcon.colcon_core.shell:Creating environment hook '/home/vboxuser/ros2_ws/install/examples_rclcpp_wait_set/share/examples_rclcpp_wait_set/hook/ld_library_path_lib.sh'
[14.693s] Level 1:colcon.colcon_core.environment:checking '/home/vboxuser/ros2_ws/install/examples_rclcpp_wait_set/bin'
[14.693s] Level 1:colcon.colcon_core.environment:checking '/home/vboxuser/ros2_ws/install/examples_rclcpp_wait_set/lib/pkgconfig/examples_rclcpp_wait_set.pc'
[14.694s] Level 1:colcon.colcon_core.environment:checking '/home/vboxuser/ros2_ws/install/examples_rclcpp_wait_set/lib/python3.10/site-packages'
[14.695s] Level 1:colcon.colcon_core.environment:checking '/home/vboxuser/ros2_ws/install/examples_rclcpp_wait_set/bin'
[14.696s] INFO:colcon.colcon_core.shell:Creating package script '/home/vboxuser/ros2_ws/install/examples_rclcpp_wait_set/share/examples_rclcpp_wait_set/package.ps1'
[14.700s] INFO:colcon.colcon_core.shell:Creating package descriptor '/home/vboxuser/ros2_ws/install/examples_rclcpp_wait_set/share/examples_rclcpp_wait_set/package.dsv'
[14.702s] INFO:colcon.colcon_core.shell:Creating package script '/home/vboxuser/ros2_ws/install/examples_rclcpp_wait_set/share/examples_rclcpp_wait_set/package.sh'
[14.705s] INFO:colcon.colcon_core.shell:Creating package script '/home/vboxuser/ros2_ws/install/examples_rclcpp_wait_set/share/examples_rclcpp_wait_set/package.bash'
[14.707s] INFO:colcon.colcon_core.shell:Creating package script '/home/vboxuser/ros2_ws/install/examples_rclcpp_wait_set/share/examples_rclcpp_wait_set/package.zsh'
[14.708s] Level 1:colcon.colcon_core.environment:create_file_with_runtime_dependencies(/home/vboxuser/ros2_ws/install/examples_rclcpp_wait_set/share/colcon-core/packages/examples_rclcpp_wait_set)
[14.712s] INFO:colcon.colcon_ros.task.ament_python.build:Building ROS package in '/home/vboxuser/ros2_ws/src/examples/rclpy/actions/minimal_action_server' with build type 'ament_python'
[14.713s] Level 1:colcon.colcon_core.shell:create_environment_hook('examples_rclpy_minimal_action_server', 'ament_prefix_path')
[14.715s] INFO:colcon.colcon_core.shell:Creating environment hook '/home/vboxuser/ros2_ws/install/examples_rclpy_minimal_action_server/share/examples_rclpy_minimal_action_server/hook/ament_prefix_path.ps1'
[14.717s] INFO:colcon.colcon_core.shell:Creating environment descriptor '/home/vboxuser/ros2_ws/install/examples_rclpy_minimal_action_server/share/examples_rclpy_minimal_action_server/hook/ament_prefix_path.dsv'
[14.721s] INFO:colcon.colcon_core.shell:Creating environment hook '/home/vboxuser/ros2_ws/install/examples_rclpy_minimal_action_server/share/examples_rclpy_minimal_action_server/hook/ament_prefix_path.sh'
[14.724s] INFO:colcon.colcon_core.shell:Skip shell extension 'powershell' for command environment: Not usable outside of PowerShell
[14.724s] DEBUG:colcon.colcon_core.shell:Skip shell extension 'dsv' for command environment
[16.483s] INFO:colcon.colcon_core.task.python.build:Building Python package in '/home/vboxuser/ros2_ws/src/examples/rclpy/actions/minimal_action_client'
[16.484s] INFO:colcon.colcon_core.shell:Skip shell extension 'powershell' for command environment: Not usable outside of PowerShell
[16.493s] DEBUG:colcon.colcon_core.shell:Skip shell extension 'dsv' for command environment
[16.645s] DEBUG:colcon.colcon_core.event_handler.log_command:Invoking command in '/home/vboxuser/ros2_ws/src/examples/rclpy/executors': PYTHONPATH=/home/vboxuser/ros2_ws/build/examples_rclpy_executors/prefix_override:/usr/lib/python3/dist-packages/colcon_core/task/python/colcon_distutils_commands:/home/vboxuser/ros2_ws/install/examples_rclpy_executors/lib/python3.10/site-packages:${PYTHONPATH} /usr/bin/python3 -W ignore:setup.py install is deprecated -W ignore:easy_install command is deprecated setup.py egg_info --egg-base ../../../../build/examples_rclpy_executors build --build-base /home/vboxuser/ros2_ws/build/examples_rclpy_executors/build install --record /home/vboxuser/ros2_ws/build/examples_rclpy_executors/install.log --single-version-externally-managed install_data
[18.221s] INFO:colcon.colcon_core.task.python.build:Building Python package in '/home/vboxuser/ros2_ws/src/examples/rclpy/actions/minimal_action_server'
[18.223s] INFO:colcon.colcon_core.shell:Skip shell extension 'powershell' for command environment: Not usable outside of PowerShell
[18.223s] DEBUG:colcon.colcon_core.shell:Skip shell extension 'dsv' for command environment
[18.663s] Level 1:colcon.colcon_core.environment:checking '/home/vboxuser/ros2_ws/install/examples_rclpy_executors' for CMake module files
[18.672s] Level 1:colcon.colcon_core.environment:checking '/home/vboxuser/ros2_ws/install/examples_rclpy_executors' for CMake config files
[18.674s] DEBUG:colcon.colcon_core.event_handler.log_command:Invoked command in '/home/vboxuser/ros2_ws/src/examples/rclpy/executors' returned '0': PYTHONPATH=/home/vboxuser/ros2_ws/build/examples_rclpy_executors/prefix_override:/usr/lib/python3/dist-packages/colcon_core/task/python/colcon_distutils_commands:/home/vboxuser/ros2_ws/install/examples_rclpy_executors/lib/python3.10/site-packages:${PYTHONPATH} /usr/bin/python3 -W ignore:setup.py install is deprecated -W ignore:easy_install command is deprecated setup.py egg_info --egg-base ../../../../build/examples_rclpy_executors build --build-base /home/vboxuser/ros2_ws/build/examples_rclpy_executors/build install --record /home/vboxuser/ros2_ws/build/examples_rclpy_executors/install.log --single-version-externally-managed install_data
[18.684s] Level 1:colcon.colcon_core.environment:checking '/home/vboxuser/ros2_ws/install/examples_rclpy_executors/lib'
[18.685s] Level 1:colcon.colcon_core.environment:checking '/home/vboxuser/ros2_ws/install/examples_rclpy_executors/bin'
[18.686s] Level 1:colcon.colcon_core.environment:checking '/home/vboxuser/ros2_ws/install/examples_rclpy_executors/lib/pkgconfig/examples_rclpy_executors.pc'
[18.689s] Level 1:colcon.colcon_core.environment:checking '/home/vboxuser/ros2_ws/install/examples_rclpy_executors/lib/python3.10/site-packages'
[18.689s] Level 1:colcon.colcon_core.shell:create_environment_hook('examples_rclpy_executors', 'pythonpath')
[18.690s] INFO:colcon.colcon_core.shell:Creating environment hook '/home/vboxuser/ros2_ws/install/examples_rclpy_executors/share/examples_rclpy_executors/hook/pythonpath.ps1'
[18.708s] INFO:colcon.colcon_core.shell:Creating environment descriptor '/home/vboxuser/ros2_ws/install/examples_rclpy_executors/share/examples_rclpy_executors/hook/pythonpath.dsv'
[18.714s] INFO:colcon.colcon_core.shell:Creating environment hook '/home/vboxuser/ros2_ws/install/examples_rclpy_executors/share/examples_rclpy_executors/hook/pythonpath.sh'
[18.721s] Level 1:colcon.colcon_core.environment:checking '/home/vboxuser/ros2_ws/install/examples_rclpy_executors/bin'
[18.721s] Level 1:colcon.colcon_core.environment:create_environment_scripts_only(examples_rclpy_executors)
[18.722s] INFO:colcon.colcon_core.shell:Creating package script '/home/vboxuser/ros2_ws/install/examples_rclpy_executors/share/examples_rclpy_executors/package.ps1'
[18.734s] INFO:colcon.colcon_core.shell:Creating package descriptor '/home/vboxuser/ros2_ws/install/examples_rclpy_executors/share/examples_rclpy_executors/package.dsv'
[18.741s] INFO:colcon.colcon_core.shell:Creating package script '/home/vboxuser/ros2_ws/install/examples_rclpy_executors/share/examples_rclpy_executors/package.sh'
[18.759s] INFO:colcon.colcon_core.shell:Creating package script '/home/vboxuser/ros2_ws/install/examples_rclpy_executors/share/examples_rclpy_executors/package.bash'
[18.761s] INFO:colcon.colcon_core.shell:Creating package script '/home/vboxuser/ros2_ws/install/examples_rclpy_executors/share/examples_rclpy_executors/package.zsh'
[18.763s] Level 1:colcon.colcon_core.environment:create_file_with_runtime_dependencies(/home/vboxuser/ros2_ws/install/examples_rclpy_executors/share/colcon-core/packages/examples_rclpy_executors)
[18.765s] INFO:colcon.colcon_ros.task.ament_python.build:Building ROS package in '/home/vboxuser/ros2_ws/src/examples/rclpy/services/minimal_client' with build type 'ament_python'
[18.766s] Level 1:colcon.colcon_core.shell:create_environment_hook('examples_rclpy_minimal_client', 'ament_prefix_path')
[18.767s] INFO:colcon.colcon_core.shell:Creating environment hook '/home/vboxuser/ros2_ws/install/examples_rclpy_minimal_client/share/examples_rclpy_minimal_client/hook/ament_prefix_path.ps1'
[18.770s] INFO:colcon.colcon_core.shell:Creating environment descriptor '/home/vboxuser/ros2_ws/install/examples_rclpy_minimal_client/share/examples_rclpy_minimal_client/hook/ament_prefix_path.dsv'
[18.775s] INFO:colcon.colcon_core.shell:Creating environment hook '/home/vboxuser/ros2_ws/install/examples_rclpy_minimal_client/share/examples_rclpy_minimal_client/hook/ament_prefix_path.sh'
[18.782s] INFO:colcon.colcon_core.shell:Skip shell extension 'powershell' for command environment: Not usable outside of PowerShell
[18.782s] DEBUG:colcon.colcon_core.shell:Skip shell extension 'dsv' for command environment
[18.870s] DEBUG:colcon.colcon_core.event_handler.log_command:Invoking command in '/home/vboxuser/ros2_ws/src/examples/rclpy/guard_conditions': PYTHONPATH=/home/vboxuser/ros2_ws/build/examples_rclpy_guard_conditions/prefix_override:/usr/lib/python3/dist-packages/colcon_core/task/python/colcon_distutils_commands:/home/vboxuser/ros2_ws/install/examples_rclpy_guard_conditions/lib/python3.10/site-packages:${PYTHONPATH} /usr/bin/python3 -W ignore:setup.py install is deprecated -W ignore:easy_install command is deprecated setup.py egg_info --egg-base ../../../../build/examples_rclpy_guard_conditions build --build-base /home/vboxuser/ros2_ws/build/examples_rclpy_guard_conditions/build install --record /home/vboxuser/ros2_ws/build/examples_rclpy_guard_conditions/install.log --single-version-externally-managed install_data
[20.963s] INFO:colcon.colcon_core.task.python.build:Building Python package in '/home/vboxuser/ros2_ws/src/examples/rclpy/services/minimal_client'
[20.963s] INFO:colcon.colcon_core.shell:Skip shell extension 'powershell' for command environment: Not usable outside of PowerShell
[20.964s] DEBUG:colcon.colcon_core.shell:Skip shell extension 'dsv' for command environment
[21.120s] DEBUG:colcon.colcon_core.event_handler.log_command:Invoking command in '/home/vboxuser/ros2_ws/src/examples/rclpy/actions/minimal_action_client': PYTHONPATH=/home/vboxuser/ros2_ws/build/examples_rclpy_minimal_action_client/prefix_override:/usr/lib/python3/dist-packages/colcon_core/task/python/colcon_distutils_commands:/home/vboxuser/ros2_ws/install/examples_rclpy_minimal_action_client/lib/python3.10/site-packages:${PYTHONPATH} /usr/bin/python3 -W ignore:setup.py install is deprecated -W ignore:easy_install command is deprecated setup.py egg_info --egg-base ../../../../../build/examples_rclpy_minimal_action_client build --build-base /home/vboxuser/ros2_ws/build/examples_rclpy_minimal_action_client/build install --record /home/vboxuser/ros2_ws/build/examples_rclpy_minimal_action_client/install.log --single-version-externally-managed install_data
[21.138s] Level 1:colcon.colcon_core.environment:checking '/home/vboxuser/ros2_ws/install/examples_rclpy_guard_conditions' for CMake module files
[21.152s] DEBUG:colcon.colcon_core.event_handler.log_command:Invoked command in '/home/vboxuser/ros2_ws/src/examples/rclpy/guard_conditions' returned '0': PYTHONPATH=/home/vboxuser/ros2_ws/build/examples_rclpy_guard_conditions/prefix_override:/usr/lib/python3/dist-packages/colcon_core/task/python/colcon_distutils_commands:/home/vboxuser/ros2_ws/install/examples_rclpy_guard_conditions/lib/python3.10/site-packages:${PYTHONPATH} /usr/bin/python3 -W ignore:setup.py install is deprecated -W ignore:easy_install command is deprecated setup.py egg_info --egg-base ../../../../build/examples_rclpy_guard_conditions build --build-base /home/vboxuser/ros2_ws/build/examples_rclpy_guard_conditions/build install --record /home/vboxuser/ros2_ws/build/examples_rclpy_guard_conditions/install.log --single-version-externally-managed install_data
[21.156s] Level 1:colcon.colcon_core.environment:checking '/home/vboxuser/ros2_ws/install/examples_rclpy_guard_conditions' for CMake config files
[21.157s] Level 1:colcon.colcon_core.environment:checking '/home/vboxuser/ros2_ws/install/examples_rclpy_guard_conditions/lib'
[21.157s] Level 1:colcon.colcon_core.environment:checking '/home/vboxuser/ros2_ws/install/examples_rclpy_guard_conditions/bin'
[21.158s] Level 1:colcon.colcon_core.environment:checking '/home/vboxuser/ros2_ws/install/examples_rclpy_guard_conditions/lib/pkgconfig/examples_rclpy_guard_conditions.pc'
[21.158s] Level 1:colcon.colcon_core.environment:checking '/home/vboxuser/ros2_ws/install/examples_rclpy_guard_conditions/lib/python3.10/site-packages'
[21.158s] Level 1:colcon.colcon_core.shell:create_environment_hook('examples_rclpy_guard_conditions', 'pythonpath')
[21.159s] INFO:colcon.colcon_core.shell:Creating environment hook '/home/vboxuser/ros2_ws/install/examples_rclpy_guard_conditions/share/examples_rclpy_guard_conditions/hook/pythonpath.ps1'
[21.161s] INFO:colcon.colcon_core.shell:Creating environment descriptor '/home/vboxuser/ros2_ws/install/examples_rclpy_guard_conditions/share/examples_rclpy_guard_conditions/hook/pythonpath.dsv'
[21.162s] INFO:colcon.colcon_core.shell:Creating environment hook '/home/vboxuser/ros2_ws/install/examples_rclpy_guard_conditions/share/examples_rclpy_guard_conditions/hook/pythonpath.sh'
[21.164s] Level 1:colcon.colcon_core.environment:checking '/home/vboxuser/ros2_ws/install/examples_rclpy_guard_conditions/bin'
[21.164s] Level 1:colcon.colcon_core.environment:create_environment_scripts_only(examples_rclpy_guard_conditions)
[21.164s] INFO:colcon.colcon_core.shell:Creating package script '/home/vboxuser/ros2_ws/install/examples_rclpy_guard_conditions/share/examples_rclpy_guard_conditions/package.ps1'
[21.175s] INFO:colcon.colcon_core.shell:Creating package descriptor '/home/vboxuser/ros2_ws/install/examples_rclpy_guard_conditions/share/examples_rclpy_guard_conditions/package.dsv'
[21.177s] INFO:colcon.colcon_core.shell:Creating package script '/home/vboxuser/ros2_ws/install/examples_rclpy_guard_conditions/share/examples_rclpy_guard_conditions/package.sh'
[21.179s] INFO:colcon.colcon_core.shell:Creating package script '/home/vboxuser/ros2_ws/install/examples_rclpy_guard_conditions/share/examples_rclpy_guard_conditions/package.bash'
[21.181s] INFO:colcon.colcon_core.shell:Creating package script '/home/vboxuser/ros2_ws/install/examples_rclpy_guard_conditions/share/examples_rclpy_guard_conditions/package.zsh'
[21.182s] Level 1:colcon.colcon_core.environment:create_file_with_runtime_dependencies(/home/vboxuser/ros2_ws/install/examples_rclpy_guard_conditions/share/colcon-core/packages/examples_rclpy_guard_conditions)
[21.184s] INFO:colcon.colcon_ros.task.ament_python.build:Building ROS package in '/home/vboxuser/ros2_ws/src/examples/rclpy/topics/minimal_publisher' with build type 'ament_python'
[21.184s] Level 1:colcon.colcon_core.shell:create_environment_hook('examples_rclpy_minimal_publisher', 'ament_prefix_path')
[21.184s] INFO:colcon.colcon_core.shell:Creating environment hook '/home/vboxuser/ros2_ws/install/examples_rclpy_minimal_publisher/share/examples_rclpy_minimal_publisher/hook/ament_prefix_path.ps1'
[21.186s] INFO:colcon.colcon_core.shell:Creating environment descriptor '/home/vboxuser/ros2_ws/install/examples_rclpy_minimal_publisher/share/examples_rclpy_minimal_publisher/hook/ament_prefix_path.dsv'
[21.192s] INFO:colcon.colcon_core.shell:Creating environment hook '/home/vboxuser/ros2_ws/install/examples_rclpy_minimal_publisher/share/examples_rclpy_minimal_publisher/hook/ament_prefix_path.sh'
[21.194s] INFO:colcon.colcon_core.shell:Skip shell extension 'powershell' for command environment: Not usable outside of PowerShell
[21.194s] DEBUG:colcon.colcon_core.shell:Skip shell extension 'dsv' for command environment
[22.852s] INFO:colcon.colcon_core.task.python.build:Building Python package in '/home/vboxuser/ros2_ws/src/examples/rclpy/topics/minimal_publisher'
[22.853s] INFO:colcon.colcon_core.shell:Skip shell extension 'powershell' for command environment: Not usable outside of PowerShell
[22.854s] DEBUG:colcon.colcon_core.shell:Skip shell extension 'dsv' for command environment
[22.993s] DEBUG:colcon.colcon_core.event_handler.log_command:Invoking command in '/home/vboxuser/ros2_ws/src/examples/rclpy/actions/minimal_action_server': PYTHONPATH=/home/vboxuser/ros2_ws/build/examples_rclpy_minimal_action_server/prefix_override:/usr/lib/python3/dist-packages/colcon_core/task/python/colcon_distutils_commands:/home/vboxuser/ros2_ws/install/examples_rclpy_minimal_action_server/lib/python3.10/site-packages:${PYTHONPATH} /usr/bin/python3 -W ignore:setup.py install is deprecated -W ignore:easy_install command is deprecated setup.py egg_info --egg-base ../../../../../build/examples_rclpy_minimal_action_server build --build-base /home/vboxuser/ros2_ws/build/examples_rclpy_minimal_action_server/build install --record /home/vboxuser/ros2_ws/build/examples_rclpy_minimal_action_server/install.log --single-version-externally-managed install_data
[23.046s] Level 1:colcon.colcon_core.environment:checking '/home/vboxuser/ros2_ws/install/examples_rclpy_minimal_action_client' for CMake module files
[23.049s] DEBUG:colcon.colcon_core.event_handler.log_command:Invoked command in '/home/vboxuser/ros2_ws/src/examples/rclpy/actions/minimal_action_client' returned '0': PYTHONPATH=/home/vboxuser/ros2_ws/build/examples_rclpy_minimal_action_client/prefix_override:/usr/lib/python3/dist-packages/colcon_core/task/python/colcon_distutils_commands:/home/vboxuser/ros2_ws/install/examples_rclpy_minimal_action_client/lib/python3.10/site-packages:${PYTHONPATH} /usr/bin/python3 -W ignore:setup.py install is deprecated -W ignore:easy_install command is deprecated setup.py egg_info --egg-base ../../../../../build/examples_rclpy_minimal_action_client build --build-base /home/vboxuser/ros2_ws/build/examples_rclpy_minimal_action_client/build install --record /home/vboxuser/ros2_ws/build/examples_rclpy_minimal_action_client/install.log --single-version-externally-managed install_data
[23.059s] Level 1:colcon.colcon_core.environment:checking '/home/vboxuser/ros2_ws/install/examples_rclpy_minimal_action_client' for CMake config files
[23.069s] Level 1:colcon.colcon_core.environment:checking '/home/vboxuser/ros2_ws/install/examples_rclpy_minimal_action_client/lib'
[23.070s] Level 1:colcon.colcon_core.environment:checking '/home/vboxuser/ros2_ws/install/examples_rclpy_minimal_action_client/bin'
[23.074s] Level 1:colcon.colcon_core.environment:checking '/home/vboxuser/ros2_ws/install/examples_rclpy_minimal_action_client/lib/pkgconfig/examples_rclpy_minimal_action_client.pc'
[23.084s] Level 1:colcon.colcon_core.environment:checking '/home/vboxuser/ros2_ws/install/examples_rclpy_minimal_action_client/lib/python3.10/site-packages'
[23.084s] Level 1:colcon.colcon_core.shell:create_environment_hook('examples_rclpy_minimal_action_client', 'pythonpath')
[23.084s] INFO:colcon.colcon_core.shell:Creating environment hook '/home/vboxuser/ros2_ws/install/examples_rclpy_minimal_action_client/share/examples_rclpy_minimal_action_client/hook/pythonpath.ps1'
[23.108s] INFO:colcon.colcon_core.shell:Creating environment descriptor '/home/vboxuser/ros2_ws/install/examples_rclpy_minimal_action_client/share/examples_rclpy_minimal_action_client/hook/pythonpath.dsv'
[23.119s] INFO:colcon.colcon_core.shell:Creating environment hook '/home/vboxuser/ros2_ws/install/examples_rclpy_minimal_action_client/share/examples_rclpy_minimal_action_client/hook/pythonpath.sh'
[23.132s] Level 1:colcon.colcon_core.environment:checking '/home/vboxuser/ros2_ws/install/examples_rclpy_minimal_action_client/bin'
[23.134s] Level 1:colcon.colcon_core.environment:create_environment_scripts_only(examples_rclpy_minimal_action_client)
[23.135s] INFO:colcon.colcon_core.shell:Creating package script '/home/vboxuser/ros2_ws/install/examples_rclpy_minimal_action_client/share/examples_rclpy_minimal_action_client/package.ps1'
[23.145s] INFO:colcon.colcon_core.shell:Creating package descriptor '/home/vboxuser/ros2_ws/install/examples_rclpy_minimal_action_client/share/examples_rclpy_minimal_action_client/package.dsv'
[23.153s] INFO:colcon.colcon_core.shell:Creating package script '/home/vboxuser/ros2_ws/install/examples_rclpy_minimal_action_client/share/examples_rclpy_minimal_action_client/package.sh'
[23.155s] INFO:colcon.colcon_core.shell:Creating package script '/home/vboxuser/ros2_ws/install/examples_rclpy_minimal_action_client/share/examples_rclpy_minimal_action_client/package.bash'
[23.157s] INFO:colcon.colcon_core.shell:Creating package script '/home/vboxuser/ros2_ws/install/examples_rclpy_minimal_action_client/share/examples_rclpy_minimal_action_client/package.zsh'
[23.173s] Level 1:colcon.colcon_core.environment:create_file_with_runtime_dependencies(/home/vboxuser/ros2_ws/install/examples_rclpy_minimal_action_client/share/colcon-core/packages/examples_rclpy_minimal_action_client)
[23.175s] INFO:colcon.colcon_ros.task.ament_python.build:Building ROS package in '/home/vboxuser/ros2_ws/src/examples/rclpy/services/minimal_service' with build type 'ament_python'
[23.175s] Level 1:colcon.colcon_core.shell:create_environment_hook('examples_rclpy_minimal_service', 'ament_prefix_path')
[23.175s] INFO:colcon.colcon_core.shell:Creating environment hook '/home/vboxuser/ros2_ws/install/examples_rclpy_minimal_service/share/examples_rclpy_minimal_service/hook/ament_prefix_path.ps1'
[23.180s] INFO:colcon.colcon_core.shell:Creating environment descriptor '/home/vboxuser/ros2_ws/install/examples_rclpy_minimal_service/share/examples_rclpy_minimal_service/hook/ament_prefix_path.dsv'
[23.182s] INFO:colcon.colcon_core.shell:Creating environment hook '/home/vboxuser/ros2_ws/install/examples_rclpy_minimal_service/share/examples_rclpy_minimal_service/hook/ament_prefix_path.sh'
[23.186s] INFO:colcon.colcon_core.shell:Skip shell extension 'powershell' for command environment: Not usable outside of PowerShell
[23.186s] DEBUG:colcon.colcon_core.shell:Skip shell extension 'dsv' for command environment
[25.042s] INFO:colcon.colcon_core.task.python.build:Building Python package in '/home/vboxuser/ros2_ws/src/examples/rclpy/services/minimal_service'
[25.043s] INFO:colcon.colcon_core.shell:Skip shell extension 'powershell' for command environment: Not usable outside of PowerShell
[25.043s] DEBUG:colcon.colcon_core.shell:Skip shell extension 'dsv' for command environment
[25.188s] DEBUG:colcon.colcon_core.event_handler.log_command:Invoking command in '/home/vboxuser/ros2_ws/src/examples/rclpy/services/minimal_client': PYTHONPATH=/home/vboxuser/ros2_ws/build/examples_rclpy_minimal_client/prefix_override:/usr/lib/python3/dist-packages/colcon_core/task/python/colcon_distutils_commands:/home/vboxuser/ros2_ws/install/examples_rclpy_minimal_client/lib/python3.10/site-packages:${PYTHONPATH} /usr/bin/python3 -W ignore:setup.py install is deprecated -W ignore:easy_install command is deprecated setup.py egg_info --egg-base ../../../../../build/examples_rclpy_minimal_client build --build-base /home/vboxuser/ros2_ws/build/examples_rclpy_minimal_client/build install --record /home/vboxuser/ros2_ws/build/examples_rclpy_minimal_client/install.log --single-version-externally-managed install_data
[25.190s] DEBUG:colcon.colcon_core.event_handler.log_command:Invoking command in '/home/vboxuser/ros2_ws/src/examples/rclpy/topics/minimal_publisher': PYTHONPATH=/home/vboxuser/ros2_ws/build/examples_rclpy_minimal_publisher/prefix_override:/usr/lib/python3/dist-packages/colcon_core/task/python/colcon_distutils_commands:/home/vboxuser/ros2_ws/install/examples_rclpy_minimal_publisher/lib/python3.10/site-packages:${PYTHONPATH} /usr/bin/python3 -W ignore:setup.py install is deprecated -W ignore:easy_install command is deprecated setup.py egg_info --egg-base ../../../../../build/examples_rclpy_minimal_publisher build --build-base /home/vboxuser/ros2_ws/build/examples_rclpy_minimal_publisher/build install --record /home/vboxuser/ros2_ws/build/examples_rclpy_minimal_publisher/install.log --single-version-externally-managed install_data
[25.571s] Level 1:colcon.colcon_core.environment:checking '/home/vboxuser/ros2_ws/install/examples_rclpy_minimal_action_server' for CMake module files
[25.573s] DEBUG:colcon.colcon_core.event_handler.log_command:Invoked command in '/home/vboxuser/ros2_ws/src/examples/rclpy/actions/minimal_action_server' returned '0': PYTHONPATH=/home/vboxuser/ros2_ws/build/examples_rclpy_minimal_action_server/prefix_override:/usr/lib/python3/dist-packages/colcon_core/task/python/colcon_distutils_commands:/home/vboxuser/ros2_ws/install/examples_rclpy_minimal_action_server/lib/python3.10/site-packages:${PYTHONPATH} /usr/bin/python3 -W ignore:setup.py install is deprecated -W ignore:easy_install command is deprecated setup.py egg_info --egg-base ../../../../../build/examples_rclpy_minimal_action_server build --build-base /home/vboxuser/ros2_ws/build/examples_rclpy_minimal_action_server/build install --record /home/vboxuser/ros2_ws/build/examples_rclpy_minimal_action_server/install.log --single-version-externally-managed install_data
[25.577s] Level 1:colcon.colcon_core.environment:checking '/home/vboxuser/ros2_ws/install/examples_rclpy_minimal_action_server' for CMake config files
[25.578s] Level 1:colcon.colcon_core.environment:checking '/home/vboxuser/ros2_ws/install/examples_rclpy_minimal_action_server/lib'
[25.579s] Level 1:colcon.colcon_core.environment:checking '/home/vboxuser/ros2_ws/install/examples_rclpy_minimal_action_server/bin'
[25.579s] Level 1:colcon.colcon_core.environment:checking '/home/vboxuser/ros2_ws/install/examples_rclpy_minimal_action_server/lib/pkgconfig/examples_rclpy_minimal_action_server.pc'
[25.579s] Level 1:colcon.colcon_core.environment:checking '/home/vboxuser/ros2_ws/install/examples_rclpy_minimal_action_server/lib/python3.10/site-packages'
[25.615s] Level 1:colcon.colcon_core.shell:create_environment_hook('examples_rclpy_minimal_action_server', 'pythonpath')
[25.626s] INFO:colcon.colcon_core.shell:Creating environment hook '/home/vboxuser/ros2_ws/install/examples_rclpy_minimal_action_server/share/examples_rclpy_minimal_action_server/hook/pythonpath.ps1'
[25.627s] INFO:colcon.colcon_core.shell:Creating environment descriptor '/home/vboxuser/ros2_ws/install/examples_rclpy_minimal_action_server/share/examples_rclpy_minimal_action_server/hook/pythonpath.dsv'
[25.650s] INFO:colcon.colcon_core.shell:Creating environment hook '/home/vboxuser/ros2_ws/install/examples_rclpy_minimal_action_server/share/examples_rclpy_minimal_action_server/hook/pythonpath.sh'
[25.652s] Level 1:colcon.colcon_core.environment:checking '/home/vboxuser/ros2_ws/install/examples_rclpy_minimal_action_server/bin'
[25.652s] Level 1:colcon.colcon_core.environment:create_environment_scripts_only(examples_rclpy_minimal_action_server)
[25.653s] INFO:colcon.colcon_core.shell:Creating package script '/home/vboxuser/ros2_ws/install/examples_rclpy_minimal_action_server/share/examples_rclpy_minimal_action_server/package.ps1'
[25.660s] INFO:colcon.colcon_core.shell:Creating package descriptor '/home/vboxuser/ros2_ws/install/examples_rclpy_minimal_action_server/share/examples_rclpy_minimal_action_server/package.dsv'
[25.666s] INFO:colcon.colcon_core.shell:Creating package script '/home/vboxuser/ros2_ws/install/examples_rclpy_minimal_action_server/share/examples_rclpy_minimal_action_server/package.sh'
[25.667s] INFO:colcon.colcon_core.shell:Creating package script '/home/vboxuser/ros2_ws/install/examples_rclpy_minimal_action_server/share/examples_rclpy_minimal_action_server/package.bash'
[25.669s] INFO:colcon.colcon_core.shell:Creating package script '/home/vboxuser/ros2_ws/install/examples_rclpy_minimal_action_server/share/examples_rclpy_minimal_action_server/package.zsh'
[25.671s] Level 1:colcon.colcon_core.environment:create_file_with_runtime_dependencies(/home/vboxuser/ros2_ws/install/examples_rclpy_minimal_action_server/share/colcon-core/packages/examples_rclpy_minimal_action_server)
[25.672s] INFO:colcon.colcon_ros.task.ament_python.build:Building ROS package in '/home/vboxuser/ros2_ws/src/examples/rclpy/topics/minimal_subscriber' with build type 'ament_python'
[25.679s] Level 1:colcon.colcon_core.shell:create_environment_hook('examples_rclpy_minimal_subscriber', 'ament_prefix_path')
[25.679s] INFO:colcon.colcon_core.shell:Creating environment hook '/home/vboxuser/ros2_ws/install/examples_rclpy_minimal_subscriber/share/examples_rclpy_minimal_subscriber/hook/ament_prefix_path.ps1'
[25.688s] INFO:colcon.colcon_core.shell:Creating environment descriptor '/home/vboxuser/ros2_ws/install/examples_rclpy_minimal_subscriber/share/examples_rclpy_minimal_subscriber/hook/ament_prefix_path.dsv'
[25.689s] INFO:colcon.colcon_core.shell:Creating environment hook '/home/vboxuser/ros2_ws/install/examples_rclpy_minimal_subscriber/share/examples_rclpy_minimal_subscriber/hook/ament_prefix_path.sh'
[25.732s] INFO:colcon.colcon_core.shell:Skip shell extension 'powershell' for command environment: Not usable outside of PowerShell
[25.733s] DEBUG:colcon.colcon_core.shell:Skip shell extension 'dsv' for command environment
[27.805s] INFO:colcon.colcon_core.task.python.build:Building Python package in '/home/vboxuser/ros2_ws/src/examples/rclpy/topics/minimal_subscriber'
[27.806s] INFO:colcon.colcon_core.shell:Skip shell extension 'powershell' for command environment: Not usable outside of PowerShell
[27.809s] DEBUG:colcon.colcon_core.shell:Skip shell extension 'dsv' for command environment
[27.905s] DEBUG:colcon.colcon_core.event_handler.log_command:Invoking command in '/home/vboxuser/ros2_ws/src/examples/rclpy/services/minimal_service': PYTHONPATH=/home/vboxuser/ros2_ws/build/examples_rclpy_minimal_service/prefix_override:/usr/lib/python3/dist-packages/colcon_core/task/python/colcon_distutils_commands:/home/vboxuser/ros2_ws/install/examples_rclpy_minimal_service/lib/python3.10/site-packages:${PYTHONPATH} /usr/bin/python3 -W ignore:setup.py install is deprecated -W ignore:easy_install command is deprecated setup.py egg_info --egg-base ../../../../../build/examples_rclpy_minimal_service build --build-base /home/vboxuser/ros2_ws/build/examples_rclpy_minimal_service/build install --record /home/vboxuser/ros2_ws/build/examples_rclpy_minimal_service/install.log --single-version-externally-managed install_data
[27.907s] Level 1:colcon.colcon_core.environment:checking '/home/vboxuser/ros2_ws/install/examples_rclpy_minimal_publisher' for CMake module files
[27.919s] DEBUG:colcon.colcon_core.event_handler.log_command:Invoked command in '/home/vboxuser/ros2_ws/src/examples/rclpy/topics/minimal_publisher' returned '0': PYTHONPATH=/home/vboxuser/ros2_ws/build/examples_rclpy_minimal_publisher/prefix_override:/usr/lib/python3/dist-packages/colcon_core/task/python/colcon_distutils_commands:/home/vboxuser/ros2_ws/install/examples_rclpy_minimal_publisher/lib/python3.10/site-packages:${PYTHONPATH} /usr/bin/python3 -W ignore:setup.py install is deprecated -W ignore:easy_install command is deprecated setup.py egg_info --egg-base ../../../../../build/examples_rclpy_minimal_publisher build --build-base /home/vboxuser/ros2_ws/build/examples_rclpy_minimal_publisher/build install --record /home/vboxuser/ros2_ws/build/examples_rclpy_minimal_publisher/install.log --single-version-externally-managed install_data
[27.922s] Level 1:colcon.colcon_core.environment:checking '/home/vboxuser/ros2_ws/install/examples_rclpy_minimal_publisher' for CMake config files
[27.923s] Level 1:colcon.colcon_core.environment:checking '/home/vboxuser/ros2_ws/install/examples_rclpy_minimal_publisher/lib'
[27.924s] Level 1:colcon.colcon_core.environment:checking '/home/vboxuser/ros2_ws/install/examples_rclpy_minimal_publisher/bin'
[27.924s] Level 1:colcon.colcon_core.environment:checking '/home/vboxuser/ros2_ws/install/examples_rclpy_minimal_publisher/lib/pkgconfig/examples_rclpy_minimal_publisher.pc'
[27.931s] Level 1:colcon.colcon_core.environment:checking '/home/vboxuser/ros2_ws/install/examples_rclpy_minimal_publisher/lib/python3.10/site-packages'
[27.931s] Level 1:colcon.colcon_core.shell:create_environment_hook('examples_rclpy_minimal_publisher', 'pythonpath')
[27.932s] INFO:colcon.colcon_core.shell:Creating environment hook '/home/vboxuser/ros2_ws/install/examples_rclpy_minimal_publisher/share/examples_rclpy_minimal_publisher/hook/pythonpath.ps1'
[27.941s] INFO:colcon.colcon_core.shell:Creating environment descriptor '/home/vboxuser/ros2_ws/install/examples_rclpy_minimal_publisher/share/examples_rclpy_minimal_publisher/hook/pythonpath.dsv'
[27.949s] INFO:colcon.colcon_core.shell:Creating environment hook '/home/vboxuser/ros2_ws/install/examples_rclpy_minimal_publisher/share/examples_rclpy_minimal_publisher/hook/pythonpath.sh'
[27.955s] Level 1:colcon.colcon_core.environment:checking '/home/vboxuser/ros2_ws/install/examples_rclpy_minimal_publisher/bin'
[27.965s] Level 1:colcon.colcon_core.environment:create_environment_scripts_only(examples_rclpy_minimal_publisher)
[27.966s] INFO:colcon.colcon_core.shell:Creating package script '/home/vboxuser/ros2_ws/install/examples_rclpy_minimal_publisher/share/examples_rclpy_minimal_publisher/package.ps1'
[27.968s] INFO:colcon.colcon_core.shell:Creating package descriptor '/home/vboxuser/ros2_ws/install/examples_rclpy_minimal_publisher/share/examples_rclpy_minimal_publisher/package.dsv'
[27.973s] INFO:colcon.colcon_core.shell:Creating package script '/home/vboxuser/ros2_ws/install/examples_rclpy_minimal_publisher/share/examples_rclpy_minimal_publisher/package.sh'
[27.976s] INFO:colcon.colcon_core.shell:Creating package script '/home/vboxuser/ros2_ws/install/examples_rclpy_minimal_publisher/share/examples_rclpy_minimal_publisher/package.bash'
[27.978s] INFO:colcon.colcon_core.shell:Creating package script '/home/vboxuser/ros2_ws/install/examples_rclpy_minimal_publisher/share/examples_rclpy_minimal_publisher/package.zsh'
[27.981s] Level 1:colcon.colcon_core.environment:create_file_with_runtime_dependencies(/home/vboxuser/ros2_ws/install/examples_rclpy_minimal_publisher/share/colcon-core/packages/examples_rclpy_minimal_publisher)
[27.983s] Level 1:colcon.colcon_core.environment:checking '/home/vboxuser/ros2_ws/install/examples_rclpy_minimal_client' for CMake module files
[27.990s] Level 1:colcon.colcon_core.environment:checking '/home/vboxuser/ros2_ws/install/examples_rclpy_minimal_client' for CMake config files
[27.992s] DEBUG:colcon.colcon_core.event_handler.log_command:Invoked command in '/home/vboxuser/ros2_ws/src/examples/rclpy/services/minimal_client' returned '0': PYTHONPATH=/home/vboxuser/ros2_ws/build/examples_rclpy_minimal_client/prefix_override:/usr/lib/python3/dist-packages/colcon_core/task/python/colcon_distutils_commands:/home/vboxuser/ros2_ws/install/examples_rclpy_minimal_client/lib/python3.10/site-packages:${PYTHONPATH} /usr/bin/python3 -W ignore:setup.py install is deprecated -W ignore:easy_install command is deprecated setup.py egg_info --egg-base ../../../../../build/examples_rclpy_minimal_client build --build-base /home/vboxuser/ros2_ws/build/examples_rclpy_minimal_client/build install --record /home/vboxuser/ros2_ws/build/examples_rclpy_minimal_client/install.log --single-version-externally-managed install_data
[27.994s] Level 1:colcon.colcon_core.environment:checking '/home/vboxuser/ros2_ws/install/examples_rclpy_minimal_client/lib'
[27.995s] Level 1:colcon.colcon_core.environment:checking '/home/vboxuser/ros2_ws/install/examples_rclpy_minimal_client/bin'
[27.995s] Level 1:colcon.colcon_core.environment:checking '/home/vboxuser/ros2_ws/install/examples_rclpy_minimal_client/lib/pkgconfig/examples_rclpy_minimal_client.pc'
[27.997s] Level 1:colcon.colcon_core.environment:checking '/home/vboxuser/ros2_ws/install/examples_rclpy_minimal_client/lib/python3.10/site-packages'
[28.000s] Level 1:colcon.colcon_core.shell:create_environment_hook('examples_rclpy_minimal_client', 'pythonpath')
[28.000s] INFO:colcon.colcon_core.shell:Creating environment hook '/home/vboxuser/ros2_ws/install/examples_rclpy_minimal_client/share/examples_rclpy_minimal_client/hook/pythonpath.ps1'
[28.003s] INFO:colcon.colcon_core.shell:Creating environment descriptor '/home/vboxuser/ros2_ws/install/examples_rclpy_minimal_client/share/examples_rclpy_minimal_client/hook/pythonpath.dsv'
[28.006s] INFO:colcon.colcon_core.shell:Creating environment hook '/home/vboxuser/ros2_ws/install/examples_rclpy_minimal_client/share/examples_rclpy_minimal_client/hook/pythonpath.sh'
[28.010s] Level 1:colcon.colcon_core.environment:checking '/home/vboxuser/ros2_ws/install/examples_rclpy_minimal_client/bin'
[28.012s] Level 1:colcon.colcon_core.environment:create_environment_scripts_only(examples_rclpy_minimal_client)
[28.012s] INFO:colcon.colcon_core.shell:Creating package script '/home/vboxuser/ros2_ws/install/examples_rclpy_minimal_client/share/examples_rclpy_minimal_client/package.ps1'
[28.015s] INFO:colcon.colcon_core.shell:Creating package descriptor '/home/vboxuser/ros2_ws/install/examples_rclpy_minimal_client/share/examples_rclpy_minimal_client/package.dsv'
[28.018s] INFO:colcon.colcon_core.shell:Creating package script '/home/vboxuser/ros2_ws/install/examples_rclpy_minimal_client/share/examples_rclpy_minimal_client/package.sh'
[28.021s] INFO:colcon.colcon_core.shell:Creating package script '/home/vboxuser/ros2_ws/install/examples_rclpy_minimal_client/share/examples_rclpy_minimal_client/package.bash'
[28.024s] INFO:colcon.colcon_core.shell:Creating package script '/home/vboxuser/ros2_ws/install/examples_rclpy_minimal_client/share/examples_rclpy_minimal_client/package.zsh'
[28.026s] Level 1:colcon.colcon_core.environment:create_file_with_runtime_dependencies(/home/vboxuser/ros2_ws/install/examples_rclpy_minimal_client/share/colcon-core/packages/examples_rclpy_minimal_client)
[28.029s] INFO:colcon.colcon_ros.task.ament_python.build:Building ROS package in '/home/vboxuser/ros2_ws/src/examples/rclpy/topics/pointcloud_publisher' with build type 'ament_python'
[28.030s] Level 1:colcon.colcon_core.shell:create_environment_hook('examples_rclpy_pointcloud_publisher', 'ament_prefix_path')
[28.031s] INFO:colcon.colcon_core.shell:Creating environment hook '/home/vboxuser/ros2_ws/install/examples_rclpy_pointcloud_publisher/share/examples_rclpy_pointcloud_publisher/hook/ament_prefix_path.ps1'
[28.034s] INFO:colcon.colcon_core.shell:Creating environment descriptor '/home/vboxuser/ros2_ws/install/examples_rclpy_pointcloud_publisher/share/examples_rclpy_pointcloud_publisher/hook/ament_prefix_path.dsv'
[28.037s] INFO:colcon.colcon_core.shell:Creating environment hook '/home/vboxuser/ros2_ws/install/examples_rclpy_pointcloud_publisher/share/examples_rclpy_pointcloud_publisher/hook/ament_prefix_path.sh'
[28.043s] INFO:colcon.colcon_core.shell:Skip shell extension 'powershell' for command environment: Not usable outside of PowerShell
[28.043s] DEBUG:colcon.colcon_core.shell:Skip shell extension 'dsv' for command environment
[28.141s] INFO:colcon.colcon_ros.task.ament_python.build:Building ROS package in '/home/vboxuser/ros2_ws/src/examples/launch_testing/launch_testing_examples' with build type 'ament_python'
[28.141s] Level 1:colcon.colcon_core.shell:create_environment_hook('launch_testing_examples', 'ament_prefix_path')
[28.142s] INFO:colcon.colcon_core.shell:Creating environment hook '/home/vboxuser/ros2_ws/install/launch_testing_examples/share/launch_testing_examples/hook/ament_prefix_path.ps1'
[28.147s] INFO:colcon.colcon_core.shell:Creating environment descriptor '/home/vboxuser/ros2_ws/install/launch_testing_examples/share/launch_testing_examples/hook/ament_prefix_path.dsv'
[28.149s] INFO:colcon.colcon_core.shell:Creating environment hook '/home/vboxuser/ros2_ws/install/launch_testing_examples/share/launch_testing_examples/hook/ament_prefix_path.sh'
[28.151s] INFO:colcon.colcon_core.shell:Skip shell extension 'powershell' for command environment: Not usable outside of PowerShell
[28.151s] DEBUG:colcon.colcon_core.shell:Skip shell extension 'dsv' for command environment
[29.755s] INFO:colcon.colcon_core.task.python.build:Building Python package in '/home/vboxuser/ros2_ws/src/examples/rclpy/topics/pointcloud_publisher'
[29.757s] INFO:colcon.colcon_core.shell:Skip shell extension 'powershell' for command environment: Not usable outside of PowerShell
[29.757s] DEBUG:colcon.colcon_core.shell:Skip shell extension 'dsv' for command environment
[31.428s] INFO:colcon.colcon_core.task.python.build:Building Python package in '/home/vboxuser/ros2_ws/src/examples/launch_testing/launch_testing_examples'
[31.430s] INFO:colcon.colcon_core.shell:Skip shell extension 'powershell' for command environment: Not usable outside of PowerShell
[31.431s] DEBUG:colcon.colcon_core.shell:Skip shell extension 'dsv' for command environment
[31.549s] Level 1:colcon.colcon_core.environment:checking '/home/vboxuser/ros2_ws/install/examples_rclpy_minimal_service' for CMake module files
[31.549s] Level 1:colcon.colcon_core.environment:checking '/home/vboxuser/ros2_ws/install/examples_rclpy_minimal_service' for CMake config files
[31.550s] Level 1:colcon.colcon_core.environment:checking '/home/vboxuser/ros2_ws/install/examples_rclpy_minimal_service/lib'
[31.551s] Level 1:colcon.colcon_core.environment:checking '/home/vboxuser/ros2_ws/install/examples_rclpy_minimal_service/bin'
[31.551s] Level 1:colcon.colcon_core.environment:checking '/home/vboxuser/ros2_ws/install/examples_rclpy_minimal_service/lib/pkgconfig/examples_rclpy_minimal_service.pc'
[31.551s] Level 1:colcon.colcon_core.environment:checking '/home/vboxuser/ros2_ws/install/examples_rclpy_minimal_service/lib/python3.10/site-packages'
[31.552s] Level 1:colcon.colcon_core.shell:create_environment_hook('examples_rclpy_minimal_service', 'pythonpath')
[31.552s] INFO:colcon.colcon_core.shell:Creating environment hook '/home/vboxuser/ros2_ws/install/examples_rclpy_minimal_service/share/examples_rclpy_minimal_service/hook/pythonpath.ps1'
[31.570s] DEBUG:colcon.colcon_core.event_handler.log_command:Invoked command in '/home/vboxuser/ros2_ws/src/examples/rclpy/services/minimal_service' returned '0': PYTHONPATH=/home/vboxuser/ros2_ws/build/examples_rclpy_minimal_service/prefix_override:/usr/lib/python3/dist-packages/colcon_core/task/python/colcon_distutils_commands:/home/vboxuser/ros2_ws/install/examples_rclpy_minimal_service/lib/python3.10/site-packages:${PYTHONPATH} /usr/bin/python3 -W ignore:setup.py install is deprecated -W ignore:easy_install command is deprecated setup.py egg_info --egg-base ../../../../../build/examples_rclpy_minimal_service build --build-base /home/vboxuser/ros2_ws/build/examples_rclpy_minimal_service/build install --record /home/vboxuser/ros2_ws/build/examples_rclpy_minimal_service/install.log --single-version-externally-managed install_data
[31.571s] INFO:colcon.colcon_core.shell:Creating environment descriptor '/home/vboxuser/ros2_ws/install/examples_rclpy_minimal_service/share/examples_rclpy_minimal_service/hook/pythonpath.dsv'
[31.575s] INFO:colcon.colcon_core.shell:Creating environment hook '/home/vboxuser/ros2_ws/install/examples_rclpy_minimal_service/share/examples_rclpy_minimal_service/hook/pythonpath.sh'
[31.579s] Level 1:colcon.colcon_core.environment:checking '/home/vboxuser/ros2_ws/install/examples_rclpy_minimal_service/bin'
[31.580s] Level 1:colcon.colcon_core.environment:create_environment_scripts_only(examples_rclpy_minimal_service)
[31.580s] INFO:colcon.colcon_core.shell:Creating package script '/home/vboxuser/ros2_ws/install/examples_rclpy_minimal_service/share/examples_rclpy_minimal_service/package.ps1'
[31.590s] INFO:colcon.colcon_core.shell:Creating package descriptor '/home/vboxuser/ros2_ws/install/examples_rclpy_minimal_service/share/examples_rclpy_minimal_service/package.dsv'
[31.596s] INFO:colcon.colcon_core.shell:Creating package script '/home/vboxuser/ros2_ws/install/examples_rclpy_minimal_service/share/examples_rclpy_minimal_service/package.sh'
[31.600s] INFO:colcon.colcon_core.shell:Creating package script '/home/vboxuser/ros2_ws/install/examples_rclpy_minimal_service/share/examples_rclpy_minimal_service/package.bash'
[31.605s] INFO:colcon.colcon_core.shell:Creating package script '/home/vboxuser/ros2_ws/install/examples_rclpy_minimal_service/share/examples_rclpy_minimal_service/package.zsh'
[31.609s] Level 1:colcon.colcon_core.environment:create_file_with_runtime_dependencies(/home/vboxuser/ros2_ws/install/examples_rclpy_minimal_service/share/colcon-core/packages/examples_rclpy_minimal_service)
[31.617s] INFO:colcon.colcon_ros.task.ament_cmake.build:Building ROS package in '/home/vboxuser/ros2_ws/src/my_package' with build type 'ament_cmake'
[31.618s] INFO:colcon.colcon_cmake.task.cmake.build:Building CMake package in '/home/vboxuser/ros2_ws/src/my_package'
[31.619s] INFO:colcon.colcon_core.shell:Skip shell extension 'powershell' for command environment: Not usable outside of PowerShell
[31.619s] DEBUG:colcon.colcon_core.shell:Skip shell extension 'dsv' for command environment
[31.731s] DEBUG:colcon.colcon_core.event_handler.log_command:Invoking command in '/home/vboxuser/ros2_ws/src/examples/rclpy/topics/minimal_subscriber': PYTHONPATH=/home/vboxuser/ros2_ws/build/examples_rclpy_minimal_subscriber/prefix_override:/usr/lib/python3/dist-packages/colcon_core/task/python/colcon_distutils_commands:/home/vboxuser/ros2_ws/install/examples_rclpy_minimal_subscriber/lib/python3.10/site-packages:${PYTHONPATH} /usr/bin/python3 -W ignore:setup.py install is deprecated -W ignore:easy_install command is deprecated setup.py egg_info --egg-base ../../../../../build/examples_rclpy_minimal_subscriber build --build-base /home/vboxuser/ros2_ws/build/examples_rclpy_minimal_subscriber/build install --record /home/vboxuser/ros2_ws/build/examples_rclpy_minimal_subscriber/install.log --single-version-externally-managed install_data
[31.821s] DEBUG:colcon.colcon_core.event_handler.log_command:Invoking command in '/home/vboxuser/ros2_ws/build/my_package': CMAKE_PREFIX_PATH=${CMAKE_PREFIX_PATH}:/home/vboxuser/ros2_ws/install/read_rosbag:/home/vboxuser/ros2_ws/install/py_pubsub:/home/vboxuser/ros2_ws/install/launch_testing_examples:/home/vboxuser/ros2_ws/install/examples_rclpy_pointcloud_publisher:/home/vboxuser/ros2_ws/install/examples_rclpy_minimal_subscriber:/home/vboxuser/ros2_ws/install/examples_rclpy_minimal_service:/home/vboxuser/ros2_ws/install/examples_rclpy_minimal_publisher:/home/vboxuser/ros2_ws/install/examples_rclpy_minimal_client:/home/vboxuser/ros2_ws/install/examples_rclpy_minimal_action_server:/home/vboxuser/ros2_ws/install/examples_rclpy_minimal_action_client:/home/vboxuser/ros2_ws/install/examples_rclpy_guard_conditions:/home/vboxuser/ros2_ws/install/examples_rclpy_executors:/home/vboxuser/ros2_ws/install/bms_visualizer:/opt/ros/iron:/home/vboxuser/ros2_iron/install/rqt_bag_plugins:/home/vboxuser/ros2_iron/install/rqt_bag:/home/vboxuser/ros2_iron/install/rosbag2_examples_py:/home/vboxuser/ros2_iron/install/launch_testing_examples:/home/vboxuser/ros2_iron/install/ros2bag:/home/vboxuser/ros2_iron/install/tracetools_test:/home/vboxuser/ros2_iron/install/tracetools_launch:/home/vboxuser/ros2_iron/install/topic_monitor:/home/vboxuser/ros2_iron/install/tf2_tools:/home/vboxuser/ros2_iron/install/examples_tf2_py:/home/vboxuser/ros2_iron/install/tf2_ros_py:/home/vboxuser/ros2_iron/install/examples_rclpy_pointcloud_publisher:/home/vboxuser/ros2_iron/install/sensor_msgs_py:/home/vboxuser/ros2_iron/install/quality_of_service_demo_py:/home/vboxuser/ros2_iron/install/rqt_plot:/home/vboxuser/ros2_iron/install/ros2doctor:/home/vboxuser/ros2_iron/install/lifecycle_py:/home/vboxuser/ros2_iron/install/examples_rclpy_minimal_subscriber:/home/vboxuser/ros2_iron/install/examples_rclpy_minimal_service:/home/vboxuser/ros2_iron/install/examples_rclpy_minimal_publisher:/home/vboxuser/ros2_iron/install/examples_rclpy_minimal_client:/home/vboxuser/ros2_iron/install/examples_rclpy_executors:/home/vboxuser/ros2_iron/install/demo_nodes_py:/home/vboxuser/ros2_iron/install/rqt:/home/vboxuser/ros2_iron/install/ros2component:/home/vboxuser/ros2_iron/install/sros2:/home/vboxuser/ros2_iron/install/rqt_topic:/home/vboxuser/ros2_iron/install/rqt_srv:/home/vboxuser/ros2_iron/install/rqt_shell:/home/vboxuser/ros2_iron/install/rqt_service_caller:/home/vboxuser/ros2_iron/install/rqt_reconfigure:/home/vboxuser/ros2_iron/install/rqt_py_console:/home/vboxuser/ros2_iron/install/rqt_publisher:/home/vboxuser/ros2_iron/install/rqt_action:/home/vboxuser/ros2_iron/install/rqt_msg:/home/vboxuser/ros2_iron/install/rqt_console:/home/vboxuser/ros2_iron/install/rqt_graph:/home/vboxuser/ros2_iron/install/rqt_gui_py:/home/vboxuser/ros2_iron/install/rqt_gui:/home/vboxuser/ros2_iron/install/ros2trace:/home/vboxuser/ros2_iron/install/ros2topic:/home/vboxuser/ros2_iron/install/ros2test:/home/vboxuser/ros2_iron/install/ros2param:/home/vboxuser/ros2_iron/install/ros2lifecycle:/home/vboxuser/ros2_iron/install/ros2service:/home/vboxuser/ros2_iron/install/ros2run:/home/vboxuser/ros2_iron/install/ros2launch:/home/vboxuser/ros2_iron/install/ros2pkg:/home/vboxuser/ros2_iron/install/ros2node:/home/vboxuser/ros2_iron/install/ros2multicast:/home/vboxuser/ros2_iron/install/ros2interface:/home/vboxuser/ros2_iron/install/ros2action:/home/vboxuser/ros2_iron/install/ros2cli:/home/vboxuser/ros2_iron/install/launch_testing_ros:/home/vboxuser/ros2_iron/install/launch_ros:/home/vboxuser/ros2_iron/install/examples_rclpy_minimal_action_server:/home/vboxuser/ros2_iron/install/examples_rclpy_minimal_action_client:/home/vboxuser/ros2_iron/install/examples_rclpy_guard_conditions:/home/vboxuser/ros2_iron/install/action_tutorials_py:/home/vboxuser/ros2_iron/install/ament_uncrustify:/home/vboxuser/ros2_iron/install/tracetools_trace:/home/vboxuser/ros2_iron/install/tracetools_read:/home/vboxuser/ros2_iron/install/test_tracetools_launch:/home/vboxuser/ros2_iron/install/test_ros2trace:/home/vboxuser/ros2_iron/install/test_launch_ros:/home/vboxuser/ros2_iron/install/rpyutils:/home/vboxuser/ros2_iron/install/rosidl_runtime_py:/home/vboxuser/ros2_iron/install/rosidl_pycommon:/home/vboxuser/ros2_iron/install/rosidl_cli:/home/vboxuser/ros2_iron/install/launch_pytest:/home/vboxuser/ros2_iron/install/launch_testing:/home/vboxuser/ros2_iron/install/launch_yaml:/home/vboxuser/ros2_iron/install/launch_xml:/home/vboxuser/ros2_iron/install/launch:/home/vboxuser/ros2_iron/install/osrf_pycommon:/home/vboxuser/ros2_iron/install/domain_coordinator:/home/vboxuser/ros2_iron/install/ament_xmllint:/home/vboxuser/ros2_iron/install/ament_pyflakes:/home/vboxuser/ros2_iron/install/ament_pycodestyle:/home/vboxuser/ros2_iron/install/ament_pep257:/home/vboxuser/ros2_iron/install/ament_pclint:/home/vboxuser/ros2_iron/install/ament_package:/home/vboxuser/ros2_iron/install/ament_mypy:/home/vboxuser/ros2_iron/install/ament_lint_cmake:/home/vboxuser/ros2_iron/install/ament_flake8:/home/vboxuser/ros2_iron/install/ament_copyright:/home/vboxuser/ros2_iron/install/ament_lint:/home/vboxuser/ros2_iron/install/ament_index_python:/home/vboxuser/ros2_iron/install/ament_cpplint:/home/vboxuser/ros2_iron/install/ament_cppcheck:/home/vboxuser/ros2_iron/install/ament_clang_tidy:/home/vboxuser/ros2_iron/install/ament_clang_format /usr/bin/cmake --build /home/vboxuser/ros2_ws/build/my_package -- -j4 -l4
[33.388s] DEBUG:colcon.colcon_core.event_handler.log_command:Invoked command in '/home/vboxuser/ros2_ws/build/my_package' returned '0': CMAKE_PREFIX_PATH=${CMAKE_PREFIX_PATH}:/home/vboxuser/ros2_ws/install/read_rosbag:/home/vboxuser/ros2_ws/install/py_pubsub:/home/vboxuser/ros2_ws/install/launch_testing_examples:/home/vboxuser/ros2_ws/install/examples_rclpy_pointcloud_publisher:/home/vboxuser/ros2_ws/install/examples_rclpy_minimal_subscriber:/home/vboxuser/ros2_ws/install/examples_rclpy_minimal_service:/home/vboxuser/ros2_ws/install/examples_rclpy_minimal_publisher:/home/vboxuser/ros2_ws/install/examples_rclpy_minimal_client:/home/vboxuser/ros2_ws/install/examples_rclpy_minimal_action_server:/home/vboxuser/ros2_ws/install/examples_rclpy_minimal_action_client:/home/vboxuser/ros2_ws/install/examples_rclpy_guard_conditions:/home/vboxuser/ros2_ws/install/examples_rclpy_executors:/home/vboxuser/ros2_ws/install/bms_visualizer:/opt/ros/iron:/home/vboxuser/ros2_iron/install/rqt_bag_plugins:/home/vboxuser/ros2_iron/install/rqt_bag:/home/vboxuser/ros2_iron/install/rosbag2_examples_py:/home/vboxuser/ros2_iron/install/launch_testing_examples:/home/vboxuser/ros2_iron/install/ros2bag:/home/vboxuser/ros2_iron/install/tracetools_test:/home/vboxuser/ros2_iron/install/tracetools_launch:/home/vboxuser/ros2_iron/install/topic_monitor:/home/vboxuser/ros2_iron/install/tf2_tools:/home/vboxuser/ros2_iron/install/examples_tf2_py:/home/vboxuser/ros2_iron/install/tf2_ros_py:/home/vboxuser/ros2_iron/install/examples_rclpy_pointcloud_publisher:/home/vboxuser/ros2_iron/install/sensor_msgs_py:/home/vboxuser/ros2_iron/install/quality_of_service_demo_py:/home/vboxuser/ros2_iron/install/rqt_plot:/home/vboxuser/ros2_iron/install/ros2doctor:/home/vboxuser/ros2_iron/install/lifecycle_py:/home/vboxuser/ros2_iron/install/examples_rclpy_minimal_subscriber:/home/vboxuser/ros2_iron/install/examples_rclpy_minimal_service:/home/vboxuser/ros2_iron/install/examples_rclpy_minimal_publisher:/home/vboxuser/ros2_iron/install/examples_rclpy_minimal_client:/home/vboxuser/ros2_iron/install/examples_rclpy_executors:/home/vboxuser/ros2_iron/install/demo_nodes_py:/home/vboxuser/ros2_iron/install/rqt:/home/vboxuser/ros2_iron/install/ros2component:/home/vboxuser/ros2_iron/install/sros2:/home/vboxuser/ros2_iron/install/rqt_topic:/home/vboxuser/ros2_iron/install/rqt_srv:/home/vboxuser/ros2_iron/install/rqt_shell:/home/vboxuser/ros2_iron/install/rqt_service_caller:/home/vboxuser/ros2_iron/install/rqt_reconfigure:/home/vboxuser/ros2_iron/install/rqt_py_console:/home/vboxuser/ros2_iron/install/rqt_publisher:/home/vboxuser/ros2_iron/install/rqt_action:/home/vboxuser/ros2_iron/install/rqt_msg:/home/vboxuser/ros2_iron/install/rqt_console:/home/vboxuser/ros2_iron/install/rqt_graph:/home/vboxuser/ros2_iron/install/rqt_gui_py:/home/vboxuser/ros2_iron/install/rqt_gui:/home/vboxuser/ros2_iron/install/ros2trace:/home/vboxuser/ros2_iron/install/ros2topic:/home/vboxuser/ros2_iron/install/ros2test:/home/vboxuser/ros2_iron/install/ros2param:/home/vboxuser/ros2_iron/install/ros2lifecycle:/home/vboxuser/ros2_iron/install/ros2service:/home/vboxuser/ros2_iron/install/ros2run:/home/vboxuser/ros2_iron/install/ros2launch:/home/vboxuser/ros2_iron/install/ros2pkg:/home/vboxuser/ros2_iron/install/ros2node:/home/vboxuser/ros2_iron/install/ros2multicast:/home/vboxuser/ros2_iron/install/ros2interface:/home/vboxuser/ros2_iron/install/ros2action:/home/vboxuser/ros2_iron/install/ros2cli:/home/vboxuser/ros2_iron/install/launch_testing_ros:/home/vboxuser/ros2_iron/install/launch_ros:/home/vboxuser/ros2_iron/install/examples_rclpy_minimal_action_server:/home/vboxuser/ros2_iron/install/examples_rclpy_minimal_action_client:/home/vboxuser/ros2_iron/install/examples_rclpy_guard_conditions:/home/vboxuser/ros2_iron/install/action_tutorials_py:/home/vboxuser/ros2_iron/install/ament_uncrustify:/home/vboxuser/ros2_iron/install/tracetools_trace:/home/vboxuser/ros2_iron/install/tracetools_read:/home/vboxuser/ros2_iron/install/test_tracetools_launch:/home/vboxuser/ros2_iron/install/test_ros2trace:/home/vboxuser/ros2_iron/install/test_launch_ros:/home/vboxuser/ros2_iron/install/rpyutils:/home/vboxuser/ros2_iron/install/rosidl_runtime_py:/home/vboxuser/ros2_iron/install/rosidl_pycommon:/home/vboxuser/ros2_iron/install/rosidl_cli:/home/vboxuser/ros2_iron/install/launch_pytest:/home/vboxuser/ros2_iron/install/launch_testing:/home/vboxuser/ros2_iron/install/launch_yaml:/home/vboxuser/ros2_iron/install/launch_xml:/home/vboxuser/ros2_iron/install/launch:/home/vboxuser/ros2_iron/install/osrf_pycommon:/home/vboxuser/ros2_iron/install/domain_coordinator:/home/vboxuser/ros2_iron/install/ament_xmllint:/home/vboxuser/ros2_iron/install/ament_pyflakes:/home/vboxuser/ros2_iron/install/ament_pycodestyle:/home/vboxuser/ros2_iron/install/ament_pep257:/home/vboxuser/ros2_iron/install/ament_pclint:/home/vboxuser/ros2_iron/install/ament_package:/home/vboxuser/ros2_iron/install/ament_mypy:/home/vboxuser/ros2_iron/install/ament_lint_cmake:/home/vboxuser/ros2_iron/install/ament_flake8:/home/vboxuser/ros2_iron/install/ament_copyright:/home/vboxuser/ros2_iron/install/ament_lint:/home/vboxuser/ros2_iron/install/ament_index_python:/home/vboxuser/ros2_iron/install/ament_cpplint:/home/vboxuser/ros2_iron/install/ament_cppcheck:/home/vboxuser/ros2_iron/install/ament_clang_tidy:/home/vboxuser/ros2_iron/install/ament_clang_format /usr/bin/cmake --build /home/vboxuser/ros2_ws/build/my_package -- -j4 -l4
[33.390s] DEBUG:colcon.colcon_core.event_handler.log_command:Invoking command in '/home/vboxuser/ros2_ws/build/my_package': CMAKE_PREFIX_PATH=${CMAKE_PREFIX_PATH}:/home/vboxuser/ros2_ws/install/read_rosbag:/home/vboxuser/ros2_ws/install/py_pubsub:/home/vboxuser/ros2_ws/install/launch_testing_examples:/home/vboxuser/ros2_ws/install/examples_rclpy_pointcloud_publisher:/home/vboxuser/ros2_ws/install/examples_rclpy_minimal_subscriber:/home/vboxuser/ros2_ws/install/examples_rclpy_minimal_service:/home/vboxuser/ros2_ws/install/examples_rclpy_minimal_publisher:/home/vboxuser/ros2_ws/install/examples_rclpy_minimal_client:/home/vboxuser/ros2_ws/install/examples_rclpy_minimal_action_server:/home/vboxuser/ros2_ws/install/examples_rclpy_minimal_action_client:/home/vboxuser/ros2_ws/install/examples_rclpy_guard_conditions:/home/vboxuser/ros2_ws/install/examples_rclpy_executors:/home/vboxuser/ros2_ws/install/bms_visualizer:/opt/ros/iron:/home/vboxuser/ros2_iron/install/rqt_bag_plugins:/home/vboxuser/ros2_iron/install/rqt_bag:/home/vboxuser/ros2_iron/install/rosbag2_examples_py:/home/vboxuser/ros2_iron/install/launch_testing_examples:/home/vboxuser/ros2_iron/install/ros2bag:/home/vboxuser/ros2_iron/install/tracetools_test:/home/vboxuser/ros2_iron/install/tracetools_launch:/home/vboxuser/ros2_iron/install/topic_monitor:/home/vboxuser/ros2_iron/install/tf2_tools:/home/vboxuser/ros2_iron/install/examples_tf2_py:/home/vboxuser/ros2_iron/install/tf2_ros_py:/home/vboxuser/ros2_iron/install/examples_rclpy_pointcloud_publisher:/home/vboxuser/ros2_iron/install/sensor_msgs_py:/home/vboxuser/ros2_iron/install/quality_of_service_demo_py:/home/vboxuser/ros2_iron/install/rqt_plot:/home/vboxuser/ros2_iron/install/ros2doctor:/home/vboxuser/ros2_iron/install/lifecycle_py:/home/vboxuser/ros2_iron/install/examples_rclpy_minimal_subscriber:/home/vboxuser/ros2_iron/install/examples_rclpy_minimal_service:/home/vboxuser/ros2_iron/install/examples_rclpy_minimal_publisher:/home/vboxuser/ros2_iron/install/examples_rclpy_minimal_client:/home/vboxuser/ros2_iron/install/examples_rclpy_executors:/home/vboxuser/ros2_iron/install/demo_nodes_py:/home/vboxuser/ros2_iron/install/rqt:/home/vboxuser/ros2_iron/install/ros2component:/home/vboxuser/ros2_iron/install/sros2:/home/vboxuser/ros2_iron/install/rqt_topic:/home/vboxuser/ros2_iron/install/rqt_srv:/home/vboxuser/ros2_iron/install/rqt_shell:/home/vboxuser/ros2_iron/install/rqt_service_caller:/home/vboxuser/ros2_iron/install/rqt_reconfigure:/home/vboxuser/ros2_iron/install/rqt_py_console:/home/vboxuser/ros2_iron/install/rqt_publisher:/home/vboxuser/ros2_iron/install/rqt_action:/home/vboxuser/ros2_iron/install/rqt_msg:/home/vboxuser/ros2_iron/install/rqt_console:/home/vboxuser/ros2_iron/install/rqt_graph:/home/vboxuser/ros2_iron/install/rqt_gui_py:/home/vboxuser/ros2_iron/install/rqt_gui:/home/vboxuser/ros2_iron/install/ros2trace:/home/vboxuser/ros2_iron/install/ros2topic:/home/vboxuser/ros2_iron/install/ros2test:/home/vboxuser/ros2_iron/install/ros2param:/home/vboxuser/ros2_iron/install/ros2lifecycle:/home/vboxuser/ros2_iron/install/ros2service:/home/vboxuser/ros2_iron/install/ros2run:/home/vboxuser/ros2_iron/install/ros2launch:/home/vboxuser/ros2_iron/install/ros2pkg:/home/vboxuser/ros2_iron/install/ros2node:/home/vboxuser/ros2_iron/install/ros2multicast:/home/vboxuser/ros2_iron/install/ros2interface:/home/vboxuser/ros2_iron/install/ros2action:/home/vboxuser/ros2_iron/install/ros2cli:/home/vboxuser/ros2_iron/install/launch_testing_ros:/home/vboxuser/ros2_iron/install/launch_ros:/home/vboxuser/ros2_iron/install/examples_rclpy_minimal_action_server:/home/vboxuser/ros2_iron/install/examples_rclpy_minimal_action_client:/home/vboxuser/ros2_iron/install/examples_rclpy_guard_conditions:/home/vboxuser/ros2_iron/install/action_tutorials_py:/home/vboxuser/ros2_iron/install/ament_uncrustify:/home/vboxuser/ros2_iron/install/tracetools_trace:/home/vboxuser/ros2_iron/install/tracetools_read:/home/vboxuser/ros2_iron/install/test_tracetools_launch:/home/vboxuser/ros2_iron/install/test_ros2trace:/home/vboxuser/ros2_iron/install/test_launch_ros:/home/vboxuser/ros2_iron/install/rpyutils:/home/vboxuser/ros2_iron/install/rosidl_runtime_py:/home/vboxuser/ros2_iron/install/rosidl_pycommon:/home/vboxuser/ros2_iron/install/rosidl_cli:/home/vboxuser/ros2_iron/install/launch_pytest:/home/vboxuser/ros2_iron/install/launch_testing:/home/vboxuser/ros2_iron/install/launch_yaml:/home/vboxuser/ros2_iron/install/launch_xml:/home/vboxuser/ros2_iron/install/launch:/home/vboxuser/ros2_iron/install/osrf_pycommon:/home/vboxuser/ros2_iron/install/domain_coordinator:/home/vboxuser/ros2_iron/install/ament_xmllint:/home/vboxuser/ros2_iron/install/ament_pyflakes:/home/vboxuser/ros2_iron/install/ament_pycodestyle:/home/vboxuser/ros2_iron/install/ament_pep257:/home/vboxuser/ros2_iron/install/ament_pclint:/home/vboxuser/ros2_iron/install/ament_package:/home/vboxuser/ros2_iron/install/ament_mypy:/home/vboxuser/ros2_iron/install/ament_lint_cmake:/home/vboxuser/ros2_iron/install/ament_flake8:/home/vboxuser/ros2_iron/install/ament_copyright:/home/vboxuser/ros2_iron/install/ament_lint:/home/vboxuser/ros2_iron/install/ament_index_python:/home/vboxuser/ros2_iron/install/ament_cpplint:/home/vboxuser/ros2_iron/install/ament_cppcheck:/home/vboxuser/ros2_iron/install/ament_clang_tidy:/home/vboxuser/ros2_iron/install/ament_clang_format /usr/bin/cmake --install /home/vboxuser/ros2_ws/build/my_package
[33.473s] Level 1:colcon.colcon_core.environment:create_environment_scripts_only(my_package)
[33.474s] Level 1:colcon.colcon_core.environment:checking '/home/vboxuser/ros2_ws/install/my_package' for CMake module files
[33.476s] DEBUG:colcon.colcon_core.event_handler.log_command:Invoked command in '/home/vboxuser/ros2_ws/build/my_package' returned '0': CMAKE_PREFIX_PATH=${CMAKE_PREFIX_PATH}:/home/vboxuser/ros2_ws/install/read_rosbag:/home/vboxuser/ros2_ws/install/py_pubsub:/home/vboxuser/ros2_ws/install/launch_testing_examples:/home/vboxuser/ros2_ws/install/examples_rclpy_pointcloud_publisher:/home/vboxuser/ros2_ws/install/examples_rclpy_minimal_subscriber:/home/vboxuser/ros2_ws/install/examples_rclpy_minimal_service:/home/vboxuser/ros2_ws/install/examples_rclpy_minimal_publisher:/home/vboxuser/ros2_ws/install/examples_rclpy_minimal_client:/home/vboxuser/ros2_ws/install/examples_rclpy_minimal_action_server:/home/vboxuser/ros2_ws/install/examples_rclpy_minimal_action_client:/home/vboxuser/ros2_ws/install/examples_rclpy_guard_conditions:/home/vboxuser/ros2_ws/install/examples_rclpy_executors:/home/vboxuser/ros2_ws/install/bms_visualizer:/opt/ros/iron:/home/vboxuser/ros2_iron/install/rqt_bag_plugins:/home/vboxuser/ros2_iron/install/rqt_bag:/home/vboxuser/ros2_iron/install/rosbag2_examples_py:/home/vboxuser/ros2_iron/install/launch_testing_examples:/home/vboxuser/ros2_iron/install/ros2bag:/home/vboxuser/ros2_iron/install/tracetools_test:/home/vboxuser/ros2_iron/install/tracetools_launch:/home/vboxuser/ros2_iron/install/topic_monitor:/home/vboxuser/ros2_iron/install/tf2_tools:/home/vboxuser/ros2_iron/install/examples_tf2_py:/home/vboxuser/ros2_iron/install/tf2_ros_py:/home/vboxuser/ros2_iron/install/examples_rclpy_pointcloud_publisher:/home/vboxuser/ros2_iron/install/sensor_msgs_py:/home/vboxuser/ros2_iron/install/quality_of_service_demo_py:/home/vboxuser/ros2_iron/install/rqt_plot:/home/vboxuser/ros2_iron/install/ros2doctor:/home/vboxuser/ros2_iron/install/lifecycle_py:/home/vboxuser/ros2_iron/install/examples_rclpy_minimal_subscriber:/home/vboxuser/ros2_iron/install/examples_rclpy_minimal_service:/home/vboxuser/ros2_iron/install/examples_rclpy_minimal_publisher:/home/vboxuser/ros2_iron/install/examples_rclpy_minimal_client:/home/vboxuser/ros2_iron/install/examples_rclpy_executors:/home/vboxuser/ros2_iron/install/demo_nodes_py:/home/vboxuser/ros2_iron/install/rqt:/home/vboxuser/ros2_iron/install/ros2component:/home/vboxuser/ros2_iron/install/sros2:/home/vboxuser/ros2_iron/install/rqt_topic:/home/vboxuser/ros2_iron/install/rqt_srv:/home/vboxuser/ros2_iron/install/rqt_shell:/home/vboxuser/ros2_iron/install/rqt_service_caller:/home/vboxuser/ros2_iron/install/rqt_reconfigure:/home/vboxuser/ros2_iron/install/rqt_py_console:/home/vboxuser/ros2_iron/install/rqt_publisher:/home/vboxuser/ros2_iron/install/rqt_action:/home/vboxuser/ros2_iron/install/rqt_msg:/home/vboxuser/ros2_iron/install/rqt_console:/home/vboxuser/ros2_iron/install/rqt_graph:/home/vboxuser/ros2_iron/install/rqt_gui_py:/home/vboxuser/ros2_iron/install/rqt_gui:/home/vboxuser/ros2_iron/install/ros2trace:/home/vboxuser/ros2_iron/install/ros2topic:/home/vboxuser/ros2_iron/install/ros2test:/home/vboxuser/ros2_iron/install/ros2param:/home/vboxuser/ros2_iron/install/ros2lifecycle:/home/vboxuser/ros2_iron/install/ros2service:/home/vboxuser/ros2_iron/install/ros2run:/home/vboxuser/ros2_iron/install/ros2launch:/home/vboxuser/ros2_iron/install/ros2pkg:/home/vboxuser/ros2_iron/install/ros2node:/home/vboxuser/ros2_iron/install/ros2multicast:/home/vboxuser/ros2_iron/install/ros2interface:/home/vboxuser/ros2_iron/install/ros2action:/home/vboxuser/ros2_iron/install/ros2cli:/home/vboxuser/ros2_iron/install/launch_testing_ros:/home/vboxuser/ros2_iron/install/launch_ros:/home/vboxuser/ros2_iron/install/examples_rclpy_minimal_action_server:/home/vboxuser/ros2_iron/install/examples_rclpy_minimal_action_client:/home/vboxuser/ros2_iron/install/examples_rclpy_guard_conditions:/home/vboxuser/ros2_iron/install/action_tutorials_py:/home/vboxuser/ros2_iron/install/ament_uncrustify:/home/vboxuser/ros2_iron/install/tracetools_trace:/home/vboxuser/ros2_iron/install/tracetools_read:/home/vboxuser/ros2_iron/install/test_tracetools_launch:/home/vboxuser/ros2_iron/install/test_ros2trace:/home/vboxuser/ros2_iron/install/test_launch_ros:/home/vboxuser/ros2_iron/install/rpyutils:/home/vboxuser/ros2_iron/install/rosidl_runtime_py:/home/vboxuser/ros2_iron/install/rosidl_pycommon:/home/vboxuser/ros2_iron/install/rosidl_cli:/home/vboxuser/ros2_iron/install/launch_pytest:/home/vboxuser/ros2_iron/install/launch_testing:/home/vboxuser/ros2_iron/install/launch_yaml:/home/vboxuser/ros2_iron/install/launch_xml:/home/vboxuser/ros2_iron/install/launch:/home/vboxuser/ros2_iron/install/osrf_pycommon:/home/vboxuser/ros2_iron/install/domain_coordinator:/home/vboxuser/ros2_iron/install/ament_xmllint:/home/vboxuser/ros2_iron/install/ament_pyflakes:/home/vboxuser/ros2_iron/install/ament_pycodestyle:/home/vboxuser/ros2_iron/install/ament_pep257:/home/vboxuser/ros2_iron/install/ament_pclint:/home/vboxuser/ros2_iron/install/ament_package:/home/vboxuser/ros2_iron/install/ament_mypy:/home/vboxuser/ros2_iron/install/ament_lint_cmake:/home/vboxuser/ros2_iron/install/ament_flake8:/home/vboxuser/ros2_iron/install/ament_copyright:/home/vboxuser/ros2_iron/install/ament_lint:/home/vboxuser/ros2_iron/install/ament_index_python:/home/vboxuser/ros2_iron/install/ament_cpplint:/home/vboxuser/ros2_iron/install/ament_cppcheck:/home/vboxuser/ros2_iron/install/ament_clang_tidy:/home/vboxuser/ros2_iron/install/ament_clang_format /usr/bin/cmake --install /home/vboxuser/ros2_ws/build/my_package
[33.482s] Level 1:colcon.colcon_core.environment:checking '/home/vboxuser/ros2_ws/install/my_package' for CMake config files
[33.482s] Level 1:colcon.colcon_core.shell:create_environment_hook('my_package', 'cmake_prefix_path')
[33.483s] INFO:colcon.colcon_core.shell:Creating environment hook '/home/vboxuser/ros2_ws/install/my_package/share/my_package/hook/cmake_prefix_path.ps1'
[33.491s] INFO:colcon.colcon_core.shell:Creating environment descriptor '/home/vboxuser/ros2_ws/install/my_package/share/my_package/hook/cmake_prefix_path.dsv'
[33.493s] INFO:colcon.colcon_core.shell:Creating environment hook '/home/vboxuser/ros2_ws/install/my_package/share/my_package/hook/cmake_prefix_path.sh'
[33.495s] Level 1:colcon.colcon_core.environment:checking '/home/vboxuser/ros2_ws/install/my_package/lib'
[33.495s] Level 1:colcon.colcon_core.environment:checking '/home/vboxuser/ros2_ws/install/my_package/bin'
[33.495s] Level 1:colcon.colcon_core.environment:checking '/home/vboxuser/ros2_ws/install/my_package/lib/pkgconfig/my_package.pc'
[33.496s] Level 1:colcon.colcon_core.environment:checking '/home/vboxuser/ros2_ws/install/my_package/lib/python3.10/site-packages'
[33.496s] Level 1:colcon.colcon_core.environment:checking '/home/vboxuser/ros2_ws/install/my_package/bin'
[33.496s] INFO:colcon.colcon_core.shell:Creating package script '/home/vboxuser/ros2_ws/install/my_package/share/my_package/package.ps1'
[33.530s] INFO:colcon.colcon_core.shell:Creating package descriptor '/home/vboxuser/ros2_ws/install/my_package/share/my_package/package.dsv'
[33.535s] INFO:colcon.colcon_core.shell:Creating package script '/home/vboxuser/ros2_ws/install/my_package/share/my_package/package.sh'
[33.539s] INFO:colcon.colcon_core.shell:Creating package script '/home/vboxuser/ros2_ws/install/my_package/share/my_package/package.bash'
[33.541s] INFO:colcon.colcon_core.shell:Creating package script '/home/vboxuser/ros2_ws/install/my_package/share/my_package/package.zsh'
[33.542s] Level 1:colcon.colcon_core.environment:create_file_with_runtime_dependencies(/home/vboxuser/ros2_ws/install/my_package/share/colcon-core/packages/my_package)
[33.565s] Level 1:colcon.colcon_core.environment:create_environment_scripts_only(my_package)
[33.565s] Level 1:colcon.colcon_core.environment:checking '/home/vboxuser/ros2_ws/install/my_package' for CMake module files
[33.566s] Level 1:colcon.colcon_core.environment:checking '/home/vboxuser/ros2_ws/install/my_package' for CMake config files
[33.566s] Level 1:colcon.colcon_core.shell:create_environment_hook('my_package', 'cmake_prefix_path')
[33.567s] INFO:colcon.colcon_core.shell:Creating environment hook '/home/vboxuser/ros2_ws/install/my_package/share/my_package/hook/cmake_prefix_path.ps1'
[33.569s] INFO:colcon.colcon_core.shell:Creating environment descriptor '/home/vboxuser/ros2_ws/install/my_package/share/my_package/hook/cmake_prefix_path.dsv'
[33.570s] INFO:colcon.colcon_core.shell:Creating environment hook '/home/vboxuser/ros2_ws/install/my_package/share/my_package/hook/cmake_prefix_path.sh'
[33.572s] Level 1:colcon.colcon_core.environment:checking '/home/vboxuser/ros2_ws/install/my_package/lib'
[33.572s] Level 1:colcon.colcon_core.environment:checking '/home/vboxuser/ros2_ws/install/my_package/bin'
[33.572s] Level 1:colcon.colcon_core.environment:checking '/home/vboxuser/ros2_ws/install/my_package/lib/pkgconfig/my_package.pc'
[33.573s] Level 1:colcon.colcon_core.environment:checking '/home/vboxuser/ros2_ws/install/my_package/lib/python3.10/site-packages'
[33.573s] Level 1:colcon.colcon_core.environment:checking '/home/vboxuser/ros2_ws/install/my_package/bin'
[33.574s] INFO:colcon.colcon_core.shell:Creating package script '/home/vboxuser/ros2_ws/install/my_package/share/my_package/package.ps1'
[33.576s] INFO:colcon.colcon_core.shell:Creating package descriptor '/home/vboxuser/ros2_ws/install/my_package/share/my_package/package.dsv'
[33.577s] INFO:colcon.colcon_core.shell:Creating package script '/home/vboxuser/ros2_ws/install/my_package/share/my_package/package.sh'
[33.579s] INFO:colcon.colcon_core.shell:Creating package script '/home/vboxuser/ros2_ws/install/my_package/share/my_package/package.bash'
[33.581s] INFO:colcon.colcon_core.shell:Creating package script '/home/vboxuser/ros2_ws/install/my_package/share/my_package/package.zsh'
[33.582s] Level 1:colcon.colcon_core.environment:create_file_with_runtime_dependencies(/home/vboxuser/ros2_ws/install/my_package/share/colcon-core/packages/my_package)
[33.583s] INFO:colcon.colcon_ros.task.ament_python.build:Building ROS package in '/home/vboxuser/ros2_ws/src/py_pubsub' with build type 'ament_python'
[33.584s] Level 1:colcon.colcon_core.shell:create_environment_hook('py_pubsub', 'ament_prefix_path')
[33.584s] INFO:colcon.colcon_core.shell:Creating environment hook '/home/vboxuser/ros2_ws/install/py_pubsub/share/py_pubsub/hook/ament_prefix_path.ps1'
[33.600s] INFO:colcon.colcon_core.shell:Creating environment descriptor '/home/vboxuser/ros2_ws/install/py_pubsub/share/py_pubsub/hook/ament_prefix_path.dsv'
[33.602s] INFO:colcon.colcon_core.shell:Creating environment hook '/home/vboxuser/ros2_ws/install/py_pubsub/share/py_pubsub/hook/ament_prefix_path.sh'
[33.604s] INFO:colcon.colcon_core.shell:Skip shell extension 'powershell' for command environment: Not usable outside of PowerShell
[33.604s] DEBUG:colcon.colcon_core.shell:Skip shell extension 'dsv' for command environment
[33.671s] Level 1:colcon.colcon_core.environment:checking '/home/vboxuser/ros2_ws/install/examples_rclpy_minimal_subscriber' for CMake module files
[33.674s] Level 1:colcon.colcon_core.environment:checking '/home/vboxuser/ros2_ws/install/examples_rclpy_minimal_subscriber' for CMake config files
[33.675s] Level 1:colcon.colcon_core.environment:checking '/home/vboxuser/ros2_ws/install/examples_rclpy_minimal_subscriber/lib'
[33.675s] Level 1:colcon.colcon_core.environment:checking '/home/vboxuser/ros2_ws/install/examples_rclpy_minimal_subscriber/bin'
[33.675s] Level 1:colcon.colcon_core.environment:checking '/home/vboxuser/ros2_ws/install/examples_rclpy_minimal_subscriber/lib/pkgconfig/examples_rclpy_minimal_subscriber.pc'
[33.676s] Level 1:colcon.colcon_core.environment:checking '/home/vboxuser/ros2_ws/install/examples_rclpy_minimal_subscriber/lib/python3.10/site-packages'
[33.677s] Level 1:colcon.colcon_core.shell:create_environment_hook('examples_rclpy_minimal_subscriber', 'pythonpath')
[33.677s] INFO:colcon.colcon_core.shell:Creating environment hook '/home/vboxuser/ros2_ws/install/examples_rclpy_minimal_subscriber/share/examples_rclpy_minimal_subscriber/hook/pythonpath.ps1'
[33.679s] INFO:colcon.colcon_core.shell:Creating environment descriptor '/home/vboxuser/ros2_ws/install/examples_rclpy_minimal_subscriber/share/examples_rclpy_minimal_subscriber/hook/pythonpath.dsv'
[33.681s] INFO:colcon.colcon_core.shell:Creating environment hook '/home/vboxuser/ros2_ws/install/examples_rclpy_minimal_subscriber/share/examples_rclpy_minimal_subscriber/hook/pythonpath.sh'
[33.684s] Level 1:colcon.colcon_core.environment:checking '/home/vboxuser/ros2_ws/install/examples_rclpy_minimal_subscriber/bin'
[33.684s] Level 1:colcon.colcon_core.environment:create_environment_scripts_only(examples_rclpy_minimal_subscriber)
[33.686s] INFO:colcon.colcon_core.shell:Creating package script '/home/vboxuser/ros2_ws/install/examples_rclpy_minimal_subscriber/share/examples_rclpy_minimal_subscriber/package.ps1'
[33.687s] DEBUG:colcon.colcon_core.event_handler.log_command:Invoked command in '/home/vboxuser/ros2_ws/src/examples/rclpy/topics/minimal_subscriber' returned '0': PYTHONPATH=/home/vboxuser/ros2_ws/build/examples_rclpy_minimal_subscriber/prefix_override:/usr/lib/python3/dist-packages/colcon_core/task/python/colcon_distutils_commands:/home/vboxuser/ros2_ws/install/examples_rclpy_minimal_subscriber/lib/python3.10/site-packages:${PYTHONPATH} /usr/bin/python3 -W ignore:setup.py install is deprecated -W ignore:easy_install command is deprecated setup.py egg_info --egg-base ../../../../../build/examples_rclpy_minimal_subscriber build --build-base /home/vboxuser/ros2_ws/build/examples_rclpy_minimal_subscriber/build install --record /home/vboxuser/ros2_ws/build/examples_rclpy_minimal_subscriber/install.log --single-version-externally-managed install_data
[33.688s] INFO:colcon.colcon_core.shell:Creating package descriptor '/home/vboxuser/ros2_ws/install/examples_rclpy_minimal_subscriber/share/examples_rclpy_minimal_subscriber/package.dsv'
[33.690s] INFO:colcon.colcon_core.shell:Creating package script '/home/vboxuser/ros2_ws/install/examples_rclpy_minimal_subscriber/share/examples_rclpy_minimal_subscriber/package.sh'
[33.692s] INFO:colcon.colcon_core.shell:Creating package script '/home/vboxuser/ros2_ws/install/examples_rclpy_minimal_subscriber/share/examples_rclpy_minimal_subscriber/package.bash'
[33.694s] INFO:colcon.colcon_core.shell:Creating package script '/home/vboxuser/ros2_ws/install/examples_rclpy_minimal_subscriber/share/examples_rclpy_minimal_subscriber/package.zsh'
[33.699s] Level 1:colcon.colcon_core.environment:create_file_with_runtime_dependencies(/home/vboxuser/ros2_ws/install/examples_rclpy_minimal_subscriber/share/colcon-core/packages/examples_rclpy_minimal_subscriber)
[33.705s] INFO:colcon.colcon_ros.task.ament_python.build:Building ROS package in '/home/vboxuser/ros2_ws/src/read_rosbag' with build type 'ament_python'
[33.705s] Level 1:colcon.colcon_core.shell:create_environment_hook('read_rosbag', 'ament_prefix_path')
[33.705s] INFO:colcon.colcon_core.shell:Creating environment hook '/home/vboxuser/ros2_ws/install/read_rosbag/share/read_rosbag/hook/ament_prefix_path.ps1'
[33.715s] INFO:colcon.colcon_core.shell:Creating environment descriptor '/home/vboxuser/ros2_ws/install/read_rosbag/share/read_rosbag/hook/ament_prefix_path.dsv'
[33.717s] INFO:colcon.colcon_core.shell:Creating environment hook '/home/vboxuser/ros2_ws/install/read_rosbag/share/read_rosbag/hook/ament_prefix_path.sh'
[33.723s] INFO:colcon.colcon_core.shell:Skip shell extension 'powershell' for command environment: Not usable outside of PowerShell
[33.723s] DEBUG:colcon.colcon_core.shell:Skip shell extension 'dsv' for command environment
[33.843s] DEBUG:colcon.colcon_core.event_handler.log_command:Invoking command in '/home/vboxuser/ros2_ws/src/examples/rclpy/topics/pointcloud_publisher': PYTHONPATH=/home/vboxuser/ros2_ws/build/examples_rclpy_pointcloud_publisher/prefix_override:/usr/lib/python3/dist-packages/colcon_core/task/python/colcon_distutils_commands:/home/vboxuser/ros2_ws/install/examples_rclpy_pointcloud_publisher/lib/python3.10/site-packages:${PYTHONPATH} /usr/bin/python3 -W ignore:setup.py install is deprecated -W ignore:easy_install command is deprecated setup.py egg_info --egg-base ../../../../../build/examples_rclpy_pointcloud_publisher build --build-base /home/vboxuser/ros2_ws/build/examples_rclpy_pointcloud_publisher/build install --record /home/vboxuser/ros2_ws/build/examples_rclpy_pointcloud_publisher/install.log --single-version-externally-managed install_data
[35.379s] INFO:colcon.colcon_core.task.python.build:Building Python package in '/home/vboxuser/ros2_ws/src/py_pubsub'
[35.380s] INFO:colcon.colcon_core.shell:Skip shell extension 'powershell' for command environment: Not usable outside of PowerShell
[35.380s] DEBUG:colcon.colcon_core.shell:Skip shell extension 'dsv' for command environment
[35.488s] DEBUG:colcon.colcon_core.event_handler.log_command:Invoking command in '/home/vboxuser/ros2_ws/src/examples/launch_testing/launch_testing_examples': PYTHONPATH=/home/vboxuser/ros2_ws/build/launch_testing_examples/prefix_override:/usr/lib/python3/dist-packages/colcon_core/task/python/colcon_distutils_commands:/home/vboxuser/ros2_ws/install/launch_testing_examples/lib/python3.10/site-packages:${PYTHONPATH} /usr/bin/python3 -W ignore:setup.py install is deprecated -W ignore:easy_install command is deprecated setup.py egg_info --egg-base ../../../../build/launch_testing_examples build --build-base /home/vboxuser/ros2_ws/build/launch_testing_examples/build install --record /home/vboxuser/ros2_ws/build/launch_testing_examples/install.log --single-version-externally-managed install_data
[37.084s] INFO:colcon.colcon_core.task.python.build:Building Python package in '/home/vboxuser/ros2_ws/src/read_rosbag'
[37.086s] INFO:colcon.colcon_core.shell:Skip shell extension 'powershell' for command environment: Not usable outside of PowerShell
[37.086s] DEBUG:colcon.colcon_core.shell:Skip shell extension 'dsv' for command environment
[37.153s] Level 1:colcon.colcon_core.environment:checking '/home/vboxuser/ros2_ws/install/examples_rclpy_pointcloud_publisher' for CMake module files
[37.158s] Level 1:colcon.colcon_core.environment:checking '/home/vboxuser/ros2_ws/install/examples_rclpy_pointcloud_publisher' for CMake config files
[37.164s] DEBUG:colcon.colcon_core.event_handler.log_command:Invoked command in '/home/vboxuser/ros2_ws/src/examples/rclpy/topics/pointcloud_publisher' returned '0': PYTHONPATH=/home/vboxuser/ros2_ws/build/examples_rclpy_pointcloud_publisher/prefix_override:/usr/lib/python3/dist-packages/colcon_core/task/python/colcon_distutils_commands:/home/vboxuser/ros2_ws/install/examples_rclpy_pointcloud_publisher/lib/python3.10/site-packages:${PYTHONPATH} /usr/bin/python3 -W ignore:setup.py install is deprecated -W ignore:easy_install command is deprecated setup.py egg_info --egg-base ../../../../../build/examples_rclpy_pointcloud_publisher build --build-base /home/vboxuser/ros2_ws/build/examples_rclpy_pointcloud_publisher/build install --record /home/vboxuser/ros2_ws/build/examples_rclpy_pointcloud_publisher/install.log --single-version-externally-managed install_data
[37.167s] Level 1:colcon.colcon_core.environment:checking '/home/vboxuser/ros2_ws/install/examples_rclpy_pointcloud_publisher/lib'
[37.167s] Level 1:colcon.colcon_core.environment:checking '/home/vboxuser/ros2_ws/install/examples_rclpy_pointcloud_publisher/bin'
[37.167s] Level 1:colcon.colcon_core.environment:checking '/home/vboxuser/ros2_ws/install/examples_rclpy_pointcloud_publisher/lib/pkgconfig/examples_rclpy_pointcloud_publisher.pc'
[37.167s] Level 1:colcon.colcon_core.environment:checking '/home/vboxuser/ros2_ws/install/examples_rclpy_pointcloud_publisher/lib/python3.10/site-packages'
[37.168s] Level 1:colcon.colcon_core.shell:create_environment_hook('examples_rclpy_pointcloud_publisher', 'pythonpath')
[37.168s] INFO:colcon.colcon_core.shell:Creating environment hook '/home/vboxuser/ros2_ws/install/examples_rclpy_pointcloud_publisher/share/examples_rclpy_pointcloud_publisher/hook/pythonpath.ps1'
[37.170s] INFO:colcon.colcon_core.shell:Creating environment descriptor '/home/vboxuser/ros2_ws/install/examples_rclpy_pointcloud_publisher/share/examples_rclpy_pointcloud_publisher/hook/pythonpath.dsv'
[37.171s] INFO:colcon.colcon_core.shell:Creating environment hook '/home/vboxuser/ros2_ws/install/examples_rclpy_pointcloud_publisher/share/examples_rclpy_pointcloud_publisher/hook/pythonpath.sh'
[37.173s] Level 1:colcon.colcon_core.environment:checking '/home/vboxuser/ros2_ws/install/examples_rclpy_pointcloud_publisher/bin'
[37.174s] Level 1:colcon.colcon_core.environment:create_environment_scripts_only(examples_rclpy_pointcloud_publisher)
[37.174s] INFO:colcon.colcon_core.shell:Creating package script '/home/vboxuser/ros2_ws/install/examples_rclpy_pointcloud_publisher/share/examples_rclpy_pointcloud_publisher/package.ps1'
[37.176s] INFO:colcon.colcon_core.shell:Creating package descriptor '/home/vboxuser/ros2_ws/install/examples_rclpy_pointcloud_publisher/share/examples_rclpy_pointcloud_publisher/package.dsv'
[37.178s] INFO:colcon.colcon_core.shell:Creating package script '/home/vboxuser/ros2_ws/install/examples_rclpy_pointcloud_publisher/share/examples_rclpy_pointcloud_publisher/package.sh'
[37.180s] INFO:colcon.colcon_core.shell:Creating package script '/home/vboxuser/ros2_ws/install/examples_rclpy_pointcloud_publisher/share/examples_rclpy_pointcloud_publisher/package.bash'
[37.187s] INFO:colcon.colcon_core.shell:Creating package script '/home/vboxuser/ros2_ws/install/examples_rclpy_pointcloud_publisher/share/examples_rclpy_pointcloud_publisher/package.zsh'
[37.190s] Level 1:colcon.colcon_core.environment:create_file_with_runtime_dependencies(/home/vboxuser/ros2_ws/install/examples_rclpy_pointcloud_publisher/share/colcon-core/packages/examples_rclpy_pointcloud_publisher)
[37.193s] INFO:colcon.colcon_ros.task.ament_cmake.build:Building ROS package in '/home/vboxuser/ros2_ws/src/ros_tutorials/turtlesim' with build type 'ament_cmake'
[37.193s] INFO:colcon.colcon_cmake.task.cmake.build:Building CMake package in '/home/vboxuser/ros2_ws/src/ros_tutorials/turtlesim'
[37.194s] INFO:colcon.colcon_core.shell:Skip shell extension 'powershell' for command environment: Not usable outside of PowerShell
[37.194s] DEBUG:colcon.colcon_core.shell:Skip shell extension 'dsv' for command environment
[37.310s] Level 1:colcon.colcon_core.environment:checking '/home/vboxuser/ros2_ws/install/launch_testing_examples' for CMake module files
[37.311s] DEBUG:colcon.colcon_core.event_handler.log_command:Invoked command in '/home/vboxuser/ros2_ws/src/examples/launch_testing/launch_testing_examples' returned '0': PYTHONPATH=/home/vboxuser/ros2_ws/build/launch_testing_examples/prefix_override:/usr/lib/python3/dist-packages/colcon_core/task/python/colcon_distutils_commands:/home/vboxuser/ros2_ws/install/launch_testing_examples/lib/python3.10/site-packages:${PYTHONPATH} /usr/bin/python3 -W ignore:setup.py install is deprecated -W ignore:easy_install command is deprecated setup.py egg_info --egg-base ../../../../build/launch_testing_examples build --build-base /home/vboxuser/ros2_ws/build/launch_testing_examples/build install --record /home/vboxuser/ros2_ws/build/launch_testing_examples/install.log --single-version-externally-managed install_data
[37.317s] Level 1:colcon.colcon_core.environment:checking '/home/vboxuser/ros2_ws/install/launch_testing_examples' for CMake config files
[37.320s] Level 1:colcon.colcon_core.environment:checking '/home/vboxuser/ros2_ws/install/launch_testing_examples/lib'
[37.321s] Level 1:colcon.colcon_core.environment:checking '/home/vboxuser/ros2_ws/install/launch_testing_examples/bin'
[37.321s] Level 1:colcon.colcon_core.environment:checking '/home/vboxuser/ros2_ws/install/launch_testing_examples/lib/pkgconfig/launch_testing_examples.pc'
[37.321s] Level 1:colcon.colcon_core.environment:checking '/home/vboxuser/ros2_ws/install/launch_testing_examples/lib/python3.10/site-packages'
[37.321s] Level 1:colcon.colcon_core.shell:create_environment_hook('launch_testing_examples', 'pythonpath')
[37.322s] INFO:colcon.colcon_core.shell:Creating environment hook '/home/vboxuser/ros2_ws/install/launch_testing_examples/share/launch_testing_examples/hook/pythonpath.ps1'
[37.324s] INFO:colcon.colcon_core.shell:Creating environment descriptor '/home/vboxuser/ros2_ws/install/launch_testing_examples/share/launch_testing_examples/hook/pythonpath.dsv'
[37.327s] INFO:colcon.colcon_core.shell:Creating environment hook '/home/vboxuser/ros2_ws/install/launch_testing_examples/share/launch_testing_examples/hook/pythonpath.sh'
[37.331s] Level 1:colcon.colcon_core.environment:checking '/home/vboxuser/ros2_ws/install/launch_testing_examples/bin'
[37.332s] Level 1:colcon.colcon_core.environment:create_environment_scripts_only(launch_testing_examples)
[37.332s] INFO:colcon.colcon_core.shell:Creating package script '/home/vboxuser/ros2_ws/install/launch_testing_examples/share/launch_testing_examples/package.ps1'
[37.333s] INFO:colcon.colcon_core.shell:Creating package descriptor '/home/vboxuser/ros2_ws/install/launch_testing_examples/share/launch_testing_examples/package.dsv'
[37.337s] INFO:colcon.colcon_core.shell:Creating package script '/home/vboxuser/ros2_ws/install/launch_testing_examples/share/launch_testing_examples/package.sh'
[37.339s] INFO:colcon.colcon_core.shell:Creating package script '/home/vboxuser/ros2_ws/install/launch_testing_examples/share/launch_testing_examples/package.bash'
[37.341s] INFO:colcon.colcon_core.shell:Creating package script '/home/vboxuser/ros2_ws/install/launch_testing_examples/share/launch_testing_examples/package.zsh'
[37.347s] Level 1:colcon.colcon_core.environment:create_file_with_runtime_dependencies(/home/vboxuser/ros2_ws/install/launch_testing_examples/share/colcon-core/packages/launch_testing_examples)
[37.392s] DEBUG:colcon.colcon_core.event_handler.log_command:Invoking command in '/home/vboxuser/ros2_ws/build/turtlesim': CMAKE_PREFIX_PATH=${CMAKE_PREFIX_PATH}:/home/vboxuser/ros2_ws/install/read_rosbag:/home/vboxuser/ros2_ws/install/py_pubsub:/home/vboxuser/ros2_ws/install/launch_testing_examples:/home/vboxuser/ros2_ws/install/examples_rclpy_pointcloud_publisher:/home/vboxuser/ros2_ws/install/examples_rclpy_minimal_subscriber:/home/vboxuser/ros2_ws/install/examples_rclpy_minimal_service:/home/vboxuser/ros2_ws/install/examples_rclpy_minimal_publisher:/home/vboxuser/ros2_ws/install/examples_rclpy_minimal_client:/home/vboxuser/ros2_ws/install/examples_rclpy_minimal_action_server:/home/vboxuser/ros2_ws/install/examples_rclpy_minimal_action_client:/home/vboxuser/ros2_ws/install/examples_rclpy_guard_conditions:/home/vboxuser/ros2_ws/install/examples_rclpy_executors:/home/vboxuser/ros2_ws/install/bms_visualizer:/opt/ros/iron:/home/vboxuser/ros2_iron/install/rqt_bag_plugins:/home/vboxuser/ros2_iron/install/rqt_bag:/home/vboxuser/ros2_iron/install/rosbag2_examples_py:/home/vboxuser/ros2_iron/install/launch_testing_examples:/home/vboxuser/ros2_iron/install/ros2bag:/home/vboxuser/ros2_iron/install/tracetools_test:/home/vboxuser/ros2_iron/install/tracetools_launch:/home/vboxuser/ros2_iron/install/topic_monitor:/home/vboxuser/ros2_iron/install/tf2_tools:/home/vboxuser/ros2_iron/install/examples_tf2_py:/home/vboxuser/ros2_iron/install/tf2_ros_py:/home/vboxuser/ros2_iron/install/examples_rclpy_pointcloud_publisher:/home/vboxuser/ros2_iron/install/sensor_msgs_py:/home/vboxuser/ros2_iron/install/quality_of_service_demo_py:/home/vboxuser/ros2_iron/install/rqt_plot:/home/vboxuser/ros2_iron/install/ros2doctor:/home/vboxuser/ros2_iron/install/lifecycle_py:/home/vboxuser/ros2_iron/install/examples_rclpy_minimal_subscriber:/home/vboxuser/ros2_iron/install/examples_rclpy_minimal_service:/home/vboxuser/ros2_iron/install/examples_rclpy_minimal_publisher:/home/vboxuser/ros2_iron/install/examples_rclpy_minimal_client:/home/vboxuser/ros2_iron/install/examples_rclpy_executors:/home/vboxuser/ros2_iron/install/demo_nodes_py:/home/vboxuser/ros2_iron/install/rqt:/home/vboxuser/ros2_iron/install/ros2component:/home/vboxuser/ros2_iron/install/sros2:/home/vboxuser/ros2_iron/install/rqt_topic:/home/vboxuser/ros2_iron/install/rqt_srv:/home/vboxuser/ros2_iron/install/rqt_shell:/home/vboxuser/ros2_iron/install/rqt_service_caller:/home/vboxuser/ros2_iron/install/rqt_reconfigure:/home/vboxuser/ros2_iron/install/rqt_py_console:/home/vboxuser/ros2_iron/install/rqt_publisher:/home/vboxuser/ros2_iron/install/rqt_action:/home/vboxuser/ros2_iron/install/rqt_msg:/home/vboxuser/ros2_iron/install/rqt_console:/home/vboxuser/ros2_iron/install/rqt_graph:/home/vboxuser/ros2_iron/install/rqt_gui_py:/home/vboxuser/ros2_iron/install/rqt_gui:/home/vboxuser/ros2_iron/install/ros2trace:/home/vboxuser/ros2_iron/install/ros2topic:/home/vboxuser/ros2_iron/install/ros2test:/home/vboxuser/ros2_iron/install/ros2param:/home/vboxuser/ros2_iron/install/ros2lifecycle:/home/vboxuser/ros2_iron/install/ros2service:/home/vboxuser/ros2_iron/install/ros2run:/home/vboxuser/ros2_iron/install/ros2launch:/home/vboxuser/ros2_iron/install/ros2pkg:/home/vboxuser/ros2_iron/install/ros2node:/home/vboxuser/ros2_iron/install/ros2multicast:/home/vboxuser/ros2_iron/install/ros2interface:/home/vboxuser/ros2_iron/install/ros2action:/home/vboxuser/ros2_iron/install/ros2cli:/home/vboxuser/ros2_iron/install/launch_testing_ros:/home/vboxuser/ros2_iron/install/launch_ros:/home/vboxuser/ros2_iron/install/examples_rclpy_minimal_action_server:/home/vboxuser/ros2_iron/install/examples_rclpy_minimal_action_client:/home/vboxuser/ros2_iron/install/examples_rclpy_guard_conditions:/home/vboxuser/ros2_iron/install/action_tutorials_py:/home/vboxuser/ros2_iron/install/ament_uncrustify:/home/vboxuser/ros2_iron/install/tracetools_trace:/home/vboxuser/ros2_iron/install/tracetools_read:/home/vboxuser/ros2_iron/install/test_tracetools_launch:/home/vboxuser/ros2_iron/install/test_ros2trace:/home/vboxuser/ros2_iron/install/test_launch_ros:/home/vboxuser/ros2_iron/install/rpyutils:/home/vboxuser/ros2_iron/install/rosidl_runtime_py:/home/vboxuser/ros2_iron/install/rosidl_pycommon:/home/vboxuser/ros2_iron/install/rosidl_cli:/home/vboxuser/ros2_iron/install/launch_pytest:/home/vboxuser/ros2_iron/install/launch_testing:/home/vboxuser/ros2_iron/install/launch_yaml:/home/vboxuser/ros2_iron/install/launch_xml:/home/vboxuser/ros2_iron/install/launch:/home/vboxuser/ros2_iron/install/osrf_pycommon:/home/vboxuser/ros2_iron/install/domain_coordinator:/home/vboxuser/ros2_iron/install/ament_xmllint:/home/vboxuser/ros2_iron/install/ament_pyflakes:/home/vboxuser/ros2_iron/install/ament_pycodestyle:/home/vboxuser/ros2_iron/install/ament_pep257:/home/vboxuser/ros2_iron/install/ament_pclint:/home/vboxuser/ros2_iron/install/ament_package:/home/vboxuser/ros2_iron/install/ament_mypy:/home/vboxuser/ros2_iron/install/ament_lint_cmake:/home/vboxuser/ros2_iron/install/ament_flake8:/home/vboxuser/ros2_iron/install/ament_copyright:/home/vboxuser/ros2_iron/install/ament_lint:/home/vboxuser/ros2_iron/install/ament_index_python:/home/vboxuser/ros2_iron/install/ament_cpplint:/home/vboxuser/ros2_iron/install/ament_cppcheck:/home/vboxuser/ros2_iron/install/ament_clang_tidy:/home/vboxuser/ros2_iron/install/ament_clang_format /usr/bin/cmake --build /home/vboxuser/ros2_ws/build/turtlesim -- -j4 -l4
[39.320s] DEBUG:colcon.colcon_core.event_handler.log_command:Invoking command in '/home/vboxuser/ros2_ws/src/py_pubsub': PYTHONPATH=/home/vboxuser/ros2_ws/build/py_pubsub/prefix_override:/usr/lib/python3/dist-packages/colcon_core/task/python/colcon_distutils_commands:/home/vboxuser/ros2_ws/install/py_pubsub/lib/python3.10/site-packages:${PYTHONPATH} /usr/bin/python3 -W ignore:setup.py install is deprecated -W ignore:easy_install command is deprecated setup.py egg_info --egg-base ../../build/py_pubsub build --build-base /home/vboxuser/ros2_ws/build/py_pubsub/build install --record /home/vboxuser/ros2_ws/build/py_pubsub/install.log --single-version-externally-managed install_data
[39.456s] DEBUG:colcon.colcon_core.event_handler.log_command:Invoking command in '/home/vboxuser/ros2_ws/src/read_rosbag': PYTHONPATH=/home/vboxuser/ros2_ws/build/read_rosbag/prefix_override:/usr/lib/python3/dist-packages/colcon_core/task/python/colcon_distutils_commands:/home/vboxuser/ros2_ws/install/read_rosbag/lib/python3.10/site-packages:${PYTHONPATH} /usr/bin/python3 -W ignore:setup.py install is deprecated -W ignore:easy_install command is deprecated setup.py egg_info --egg-base ../../build/read_rosbag build --build-base /home/vboxuser/ros2_ws/build/read_rosbag/build install --record /home/vboxuser/ros2_ws/build/read_rosbag/install.log --single-version-externally-managed install_data
[40.975s] Level 1:colcon.colcon_core.environment:checking '/home/vboxuser/ros2_ws/install/read_rosbag' for CMake module files
[40.978s] Level 1:colcon.colcon_core.environment:checking '/home/vboxuser/ros2_ws/install/read_rosbag' for CMake config files
[40.979s] Level 1:colcon.colcon_core.environment:checking '/home/vboxuser/ros2_ws/install/read_rosbag/lib'
[40.979s] Level 1:colcon.colcon_core.environment:checking '/home/vboxuser/ros2_ws/install/read_rosbag/bin'
[40.979s] Level 1:colcon.colcon_core.environment:checking '/home/vboxuser/ros2_ws/install/read_rosbag/lib/pkgconfig/read_rosbag.pc'
[40.979s] Level 1:colcon.colcon_core.environment:checking '/home/vboxuser/ros2_ws/install/read_rosbag/lib/python3.10/site-packages'
[40.980s] Level 1:colcon.colcon_core.shell:create_environment_hook('read_rosbag', 'pythonpath')
[40.980s] INFO:colcon.colcon_core.shell:Creating environment hook '/home/vboxuser/ros2_ws/install/read_rosbag/share/read_rosbag/hook/pythonpath.ps1'
[40.996s] DEBUG:colcon.colcon_core.event_handler.log_command:Invoked command in '/home/vboxuser/ros2_ws/src/read_rosbag' returned '0': PYTHONPATH=/home/vboxuser/ros2_ws/build/read_rosbag/prefix_override:/usr/lib/python3/dist-packages/colcon_core/task/python/colcon_distutils_commands:/home/vboxuser/ros2_ws/install/read_rosbag/lib/python3.10/site-packages:${PYTHONPATH} /usr/bin/python3 -W ignore:setup.py install is deprecated -W ignore:easy_install command is deprecated setup.py egg_info --egg-base ../../build/read_rosbag build --build-base /home/vboxuser/ros2_ws/build/read_rosbag/build install --record /home/vboxuser/ros2_ws/build/read_rosbag/install.log --single-version-externally-managed install_data
[41.001s] INFO:colcon.colcon_core.shell:Creating environment descriptor '/home/vboxuser/ros2_ws/install/read_rosbag/share/read_rosbag/hook/pythonpath.dsv'
[41.005s] INFO:colcon.colcon_core.shell:Creating environment hook '/home/vboxuser/ros2_ws/install/read_rosbag/share/read_rosbag/hook/pythonpath.sh'
[41.009s] Level 1:colcon.colcon_core.environment:checking '/home/vboxuser/ros2_ws/install/read_rosbag/bin'
[41.009s] Level 1:colcon.colcon_core.environment:create_environment_scripts_only(read_rosbag)
[41.012s] INFO:colcon.colcon_core.shell:Creating package script '/home/vboxuser/ros2_ws/install/read_rosbag/share/read_rosbag/package.ps1'
[41.019s] INFO:colcon.colcon_core.shell:Creating package descriptor '/home/vboxuser/ros2_ws/install/read_rosbag/share/read_rosbag/package.dsv'
[41.022s] INFO:colcon.colcon_core.shell:Creating package script '/home/vboxuser/ros2_ws/install/read_rosbag/share/read_rosbag/package.sh'
[41.026s] INFO:colcon.colcon_core.shell:Creating package script '/home/vboxuser/ros2_ws/install/read_rosbag/share/read_rosbag/package.bash'
[41.030s] INFO:colcon.colcon_core.shell:Creating package script '/home/vboxuser/ros2_ws/install/read_rosbag/share/read_rosbag/package.zsh'
[41.032s] Level 1:colcon.colcon_core.environment:create_file_with_runtime_dependencies(/home/vboxuser/ros2_ws/install/read_rosbag/share/colcon-core/packages/read_rosbag)
[41.119s] Level 1:colcon.colcon_core.environment:checking '/home/vboxuser/ros2_ws/install/py_pubsub' for CMake module files
[41.123s] Level 1:colcon.colcon_core.environment:checking '/home/vboxuser/ros2_ws/install/py_pubsub' for CMake config files
[41.122s] DEBUG:colcon.colcon_core.event_handler.log_command:Invoked command in '/home/vboxuser/ros2_ws/src/py_pubsub' returned '0': PYTHONPATH=/home/vboxuser/ros2_ws/build/py_pubsub/prefix_override:/usr/lib/python3/dist-packages/colcon_core/task/python/colcon_distutils_commands:/home/vboxuser/ros2_ws/install/py_pubsub/lib/python3.10/site-packages:${PYTHONPATH} /usr/bin/python3 -W ignore:setup.py install is deprecated -W ignore:easy_install command is deprecated setup.py egg_info --egg-base ../../build/py_pubsub build --build-base /home/vboxuser/ros2_ws/build/py_pubsub/build install --record /home/vboxuser/ros2_ws/build/py_pubsub/install.log --single-version-externally-managed install_data
[41.126s] Level 1:colcon.colcon_core.environment:checking '/home/vboxuser/ros2_ws/install/py_pubsub/lib'
[41.127s] Level 1:colcon.colcon_core.environment:checking '/home/vboxuser/ros2_ws/install/py_pubsub/bin'
[41.127s] Level 1:colcon.colcon_core.environment:checking '/home/vboxuser/ros2_ws/install/py_pubsub/lib/pkgconfig/py_pubsub.pc'
[41.127s] Level 1:colcon.colcon_core.environment:checking '/home/vboxuser/ros2_ws/install/py_pubsub/lib/python3.10/site-packages'
[41.127s] Level 1:colcon.colcon_core.shell:create_environment_hook('py_pubsub', 'pythonpath')
[41.128s] INFO:colcon.colcon_core.shell:Creating environment hook '/home/vboxuser/ros2_ws/install/py_pubsub/share/py_pubsub/hook/pythonpath.ps1'
[41.129s] INFO:colcon.colcon_core.shell:Creating environment descriptor '/home/vboxuser/ros2_ws/install/py_pubsub/share/py_pubsub/hook/pythonpath.dsv'
[41.134s] INFO:colcon.colcon_core.shell:Creating environment hook '/home/vboxuser/ros2_ws/install/py_pubsub/share/py_pubsub/hook/pythonpath.sh'
[41.138s] Level 1:colcon.colcon_core.environment:checking '/home/vboxuser/ros2_ws/install/py_pubsub/bin'
[41.139s] Level 1:colcon.colcon_core.environment:create_environment_scripts_only(py_pubsub)
[41.139s] INFO:colcon.colcon_core.shell:Creating package script '/home/vboxuser/ros2_ws/install/py_pubsub/share/py_pubsub/package.ps1'
[41.143s] INFO:colcon.colcon_core.shell:Creating package descriptor '/home/vboxuser/ros2_ws/install/py_pubsub/share/py_pubsub/package.dsv'
[41.145s] INFO:colcon.colcon_core.shell:Creating package script '/home/vboxuser/ros2_ws/install/py_pubsub/share/py_pubsub/package.sh'
[41.150s] INFO:colcon.colcon_core.shell:Creating package script '/home/vboxuser/ros2_ws/install/py_pubsub/share/py_pubsub/package.bash'
[41.155s] INFO:colcon.colcon_core.shell:Creating package script '/home/vboxuser/ros2_ws/install/py_pubsub/share/py_pubsub/package.zsh'
[41.160s] Level 1:colcon.colcon_core.environment:create_file_with_runtime_dependencies(/home/vboxuser/ros2_ws/install/py_pubsub/share/colcon-core/packages/py_pubsub)
[43.921s] DEBUG:colcon.colcon_core.event_handler.log_command:Invoked command in '/home/vboxuser/ros2_ws/build/turtlesim' returned '0': CMAKE_PREFIX_PATH=${CMAKE_PREFIX_PATH}:/home/vboxuser/ros2_ws/install/read_rosbag:/home/vboxuser/ros2_ws/install/py_pubsub:/home/vboxuser/ros2_ws/install/launch_testing_examples:/home/vboxuser/ros2_ws/install/examples_rclpy_pointcloud_publisher:/home/vboxuser/ros2_ws/install/examples_rclpy_minimal_subscriber:/home/vboxuser/ros2_ws/install/examples_rclpy_minimal_service:/home/vboxuser/ros2_ws/install/examples_rclpy_minimal_publisher:/home/vboxuser/ros2_ws/install/examples_rclpy_minimal_client:/home/vboxuser/ros2_ws/install/examples_rclpy_minimal_action_server:/home/vboxuser/ros2_ws/install/examples_rclpy_minimal_action_client:/home/vboxuser/ros2_ws/install/examples_rclpy_guard_conditions:/home/vboxuser/ros2_ws/install/examples_rclpy_executors:/home/vboxuser/ros2_ws/install/bms_visualizer:/opt/ros/iron:/home/vboxuser/ros2_iron/install/rqt_bag_plugins:/home/vboxuser/ros2_iron/install/rqt_bag:/home/vboxuser/ros2_iron/install/rosbag2_examples_py:/home/vboxuser/ros2_iron/install/launch_testing_examples:/home/vboxuser/ros2_iron/install/ros2bag:/home/vboxuser/ros2_iron/install/tracetools_test:/home/vboxuser/ros2_iron/install/tracetools_launch:/home/vboxuser/ros2_iron/install/topic_monitor:/home/vboxuser/ros2_iron/install/tf2_tools:/home/vboxuser/ros2_iron/install/examples_tf2_py:/home/vboxuser/ros2_iron/install/tf2_ros_py:/home/vboxuser/ros2_iron/install/examples_rclpy_pointcloud_publisher:/home/vboxuser/ros2_iron/install/sensor_msgs_py:/home/vboxuser/ros2_iron/install/quality_of_service_demo_py:/home/vboxuser/ros2_iron/install/rqt_plot:/home/vboxuser/ros2_iron/install/ros2doctor:/home/vboxuser/ros2_iron/install/lifecycle_py:/home/vboxuser/ros2_iron/install/examples_rclpy_minimal_subscriber:/home/vboxuser/ros2_iron/install/examples_rclpy_minimal_service:/home/vboxuser/ros2_iron/install/examples_rclpy_minimal_publisher:/home/vboxuser/ros2_iron/install/examples_rclpy_minimal_client:/home/vboxuser/ros2_iron/install/examples_rclpy_executors:/home/vboxuser/ros2_iron/install/demo_nodes_py:/home/vboxuser/ros2_iron/install/rqt:/home/vboxuser/ros2_iron/install/ros2component:/home/vboxuser/ros2_iron/install/sros2:/home/vboxuser/ros2_iron/install/rqt_topic:/home/vboxuser/ros2_iron/install/rqt_srv:/home/vboxuser/ros2_iron/install/rqt_shell:/home/vboxuser/ros2_iron/install/rqt_service_caller:/home/vboxuser/ros2_iron/install/rqt_reconfigure:/home/vboxuser/ros2_iron/install/rqt_py_console:/home/vboxuser/ros2_iron/install/rqt_publisher:/home/vboxuser/ros2_iron/install/rqt_action:/home/vboxuser/ros2_iron/install/rqt_msg:/home/vboxuser/ros2_iron/install/rqt_console:/home/vboxuser/ros2_iron/install/rqt_graph:/home/vboxuser/ros2_iron/install/rqt_gui_py:/home/vboxuser/ros2_iron/install/rqt_gui:/home/vboxuser/ros2_iron/install/ros2trace:/home/vboxuser/ros2_iron/install/ros2topic:/home/vboxuser/ros2_iron/install/ros2test:/home/vboxuser/ros2_iron/install/ros2param:/home/vboxuser/ros2_iron/install/ros2lifecycle:/home/vboxuser/ros2_iron/install/ros2service:/home/vboxuser/ros2_iron/install/ros2run:/home/vboxuser/ros2_iron/install/ros2launch:/home/vboxuser/ros2_iron/install/ros2pkg:/home/vboxuser/ros2_iron/install/ros2node:/home/vboxuser/ros2_iron/install/ros2multicast:/home/vboxuser/ros2_iron/install/ros2interface:/home/vboxuser/ros2_iron/install/ros2action:/home/vboxuser/ros2_iron/install/ros2cli:/home/vboxuser/ros2_iron/install/launch_testing_ros:/home/vboxuser/ros2_iron/install/launch_ros:/home/vboxuser/ros2_iron/install/examples_rclpy_minimal_action_server:/home/vboxuser/ros2_iron/install/examples_rclpy_minimal_action_client:/home/vboxuser/ros2_iron/install/examples_rclpy_guard_conditions:/home/vboxuser/ros2_iron/install/action_tutorials_py:/home/vboxuser/ros2_iron/install/ament_uncrustify:/home/vboxuser/ros2_iron/install/tracetools_trace:/home/vboxuser/ros2_iron/install/tracetools_read:/home/vboxuser/ros2_iron/install/test_tracetools_launch:/home/vboxuser/ros2_iron/install/test_ros2trace:/home/vboxuser/ros2_iron/install/test_launch_ros:/home/vboxuser/ros2_iron/install/rpyutils:/home/vboxuser/ros2_iron/install/rosidl_runtime_py:/home/vboxuser/ros2_iron/install/rosidl_pycommon:/home/vboxuser/ros2_iron/install/rosidl_cli:/home/vboxuser/ros2_iron/install/launch_pytest:/home/vboxuser/ros2_iron/install/launch_testing:/home/vboxuser/ros2_iron/install/launch_yaml:/home/vboxuser/ros2_iron/install/launch_xml:/home/vboxuser/ros2_iron/install/launch:/home/vboxuser/ros2_iron/install/osrf_pycommon:/home/vboxuser/ros2_iron/install/domain_coordinator:/home/vboxuser/ros2_iron/install/ament_xmllint:/home/vboxuser/ros2_iron/install/ament_pyflakes:/home/vboxuser/ros2_iron/install/ament_pycodestyle:/home/vboxuser/ros2_iron/install/ament_pep257:/home/vboxuser/ros2_iron/install/ament_pclint:/home/vboxuser/ros2_iron/install/ament_package:/home/vboxuser/ros2_iron/install/ament_mypy:/home/vboxuser/ros2_iron/install/ament_lint_cmake:/home/vboxuser/ros2_iron/install/ament_flake8:/home/vboxuser/ros2_iron/install/ament_copyright:/home/vboxuser/ros2_iron/install/ament_lint:/home/vboxuser/ros2_iron/install/ament_index_python:/home/vboxuser/ros2_iron/install/ament_cpplint:/home/vboxuser/ros2_iron/install/ament_cppcheck:/home/vboxuser/ros2_iron/install/ament_clang_tidy:/home/vboxuser/ros2_iron/install/ament_clang_format /usr/bin/cmake --build /home/vboxuser/ros2_ws/build/turtlesim -- -j4 -l4
[43.930s] DEBUG:colcon.colcon_core.event_handler.log_command:Invoking command in '/home/vboxuser/ros2_ws/build/turtlesim': CMAKE_PREFIX_PATH=${CMAKE_PREFIX_PATH}:/home/vboxuser/ros2_ws/install/read_rosbag:/home/vboxuser/ros2_ws/install/py_pubsub:/home/vboxuser/ros2_ws/install/launch_testing_examples:/home/vboxuser/ros2_ws/install/examples_rclpy_pointcloud_publisher:/home/vboxuser/ros2_ws/install/examples_rclpy_minimal_subscriber:/home/vboxuser/ros2_ws/install/examples_rclpy_minimal_service:/home/vboxuser/ros2_ws/install/examples_rclpy_minimal_publisher:/home/vboxuser/ros2_ws/install/examples_rclpy_minimal_client:/home/vboxuser/ros2_ws/install/examples_rclpy_minimal_action_server:/home/vboxuser/ros2_ws/install/examples_rclpy_minimal_action_client:/home/vboxuser/ros2_ws/install/examples_rclpy_guard_conditions:/home/vboxuser/ros2_ws/install/examples_rclpy_executors:/home/vboxuser/ros2_ws/install/bms_visualizer:/opt/ros/iron:/home/vboxuser/ros2_iron/install/rqt_bag_plugins:/home/vboxuser/ros2_iron/install/rqt_bag:/home/vboxuser/ros2_iron/install/rosbag2_examples_py:/home/vboxuser/ros2_iron/install/launch_testing_examples:/home/vboxuser/ros2_iron/install/ros2bag:/home/vboxuser/ros2_iron/install/tracetools_test:/home/vboxuser/ros2_iron/install/tracetools_launch:/home/vboxuser/ros2_iron/install/topic_monitor:/home/vboxuser/ros2_iron/install/tf2_tools:/home/vboxuser/ros2_iron/install/examples_tf2_py:/home/vboxuser/ros2_iron/install/tf2_ros_py:/home/vboxuser/ros2_iron/install/examples_rclpy_pointcloud_publisher:/home/vboxuser/ros2_iron/install/sensor_msgs_py:/home/vboxuser/ros2_iron/install/quality_of_service_demo_py:/home/vboxuser/ros2_iron/install/rqt_plot:/home/vboxuser/ros2_iron/install/ros2doctor:/home/vboxuser/ros2_iron/install/lifecycle_py:/home/vboxuser/ros2_iron/install/examples_rclpy_minimal_subscriber:/home/vboxuser/ros2_iron/install/examples_rclpy_minimal_service:/home/vboxuser/ros2_iron/install/examples_rclpy_minimal_publisher:/home/vboxuser/ros2_iron/install/examples_rclpy_minimal_client:/home/vboxuser/ros2_iron/install/examples_rclpy_executors:/home/vboxuser/ros2_iron/install/demo_nodes_py:/home/vboxuser/ros2_iron/install/rqt:/home/vboxuser/ros2_iron/install/ros2component:/home/vboxuser/ros2_iron/install/sros2:/home/vboxuser/ros2_iron/install/rqt_topic:/home/vboxuser/ros2_iron/install/rqt_srv:/home/vboxuser/ros2_iron/install/rqt_shell:/home/vboxuser/ros2_iron/install/rqt_service_caller:/home/vboxuser/ros2_iron/install/rqt_reconfigure:/home/vboxuser/ros2_iron/install/rqt_py_console:/home/vboxuser/ros2_iron/install/rqt_publisher:/home/vboxuser/ros2_iron/install/rqt_action:/home/vboxuser/ros2_iron/install/rqt_msg:/home/vboxuser/ros2_iron/install/rqt_console:/home/vboxuser/ros2_iron/install/rqt_graph:/home/vboxuser/ros2_iron/install/rqt_gui_py:/home/vboxuser/ros2_iron/install/rqt_gui:/home/vboxuser/ros2_iron/install/ros2trace:/home/vboxuser/ros2_iron/install/ros2topic:/home/vboxuser/ros2_iron/install/ros2test:/home/vboxuser/ros2_iron/install/ros2param:/home/vboxuser/ros2_iron/install/ros2lifecycle:/home/vboxuser/ros2_iron/install/ros2service:/home/vboxuser/ros2_iron/install/ros2run:/home/vboxuser/ros2_iron/install/ros2launch:/home/vboxuser/ros2_iron/install/ros2pkg:/home/vboxuser/ros2_iron/install/ros2node:/home/vboxuser/ros2_iron/install/ros2multicast:/home/vboxuser/ros2_iron/install/ros2interface:/home/vboxuser/ros2_iron/install/ros2action:/home/vboxuser/ros2_iron/install/ros2cli:/home/vboxuser/ros2_iron/install/launch_testing_ros:/home/vboxuser/ros2_iron/install/launch_ros:/home/vboxuser/ros2_iron/install/examples_rclpy_minimal_action_server:/home/vboxuser/ros2_iron/install/examples_rclpy_minimal_action_client:/home/vboxuser/ros2_iron/install/examples_rclpy_guard_conditions:/home/vboxuser/ros2_iron/install/action_tutorials_py:/home/vboxuser/ros2_iron/install/ament_uncrustify:/home/vboxuser/ros2_iron/install/tracetools_trace:/home/vboxuser/ros2_iron/install/tracetools_read:/home/vboxuser/ros2_iron/install/test_tracetools_launch:/home/vboxuser/ros2_iron/install/test_ros2trace:/home/vboxuser/ros2_iron/install/test_launch_ros:/home/vboxuser/ros2_iron/install/rpyutils:/home/vboxuser/ros2_iron/install/rosidl_runtime_py:/home/vboxuser/ros2_iron/install/rosidl_pycommon:/home/vboxuser/ros2_iron/install/rosidl_cli:/home/vboxuser/ros2_iron/install/launch_pytest:/home/vboxuser/ros2_iron/install/launch_testing:/home/vboxuser/ros2_iron/install/launch_yaml:/home/vboxuser/ros2_iron/install/launch_xml:/home/vboxuser/ros2_iron/install/launch:/home/vboxuser/ros2_iron/install/osrf_pycommon:/home/vboxuser/ros2_iron/install/domain_coordinator:/home/vboxuser/ros2_iron/install/ament_xmllint:/home/vboxuser/ros2_iron/install/ament_pyflakes:/home/vboxuser/ros2_iron/install/ament_pycodestyle:/home/vboxuser/ros2_iron/install/ament_pep257:/home/vboxuser/ros2_iron/install/ament_pclint:/home/vboxuser/ros2_iron/install/ament_package:/home/vboxuser/ros2_iron/install/ament_mypy:/home/vboxuser/ros2_iron/install/ament_lint_cmake:/home/vboxuser/ros2_iron/install/ament_flake8:/home/vboxuser/ros2_iron/install/ament_copyright:/home/vboxuser/ros2_iron/install/ament_lint:/home/vboxuser/ros2_iron/install/ament_index_python:/home/vboxuser/ros2_iron/install/ament_cpplint:/home/vboxuser/ros2_iron/install/ament_cppcheck:/home/vboxuser/ros2_iron/install/ament_clang_tidy:/home/vboxuser/ros2_iron/install/ament_clang_format /usr/bin/cmake --install /home/vboxuser/ros2_ws/build/turtlesim
[44.623s] Level 1:colcon.colcon_core.environment:create_environment_scripts_only(turtlesim)
[44.623s] Level 1:colcon.colcon_core.environment:checking '/home/vboxuser/ros2_ws/install/turtlesim' for CMake module files
[44.624s] DEBUG:colcon.colcon_core.event_handler.log_command:Invoked command in '/home/vboxuser/ros2_ws/build/turtlesim' returned '0': CMAKE_PREFIX_PATH=${CMAKE_PREFIX_PATH}:/home/vboxuser/ros2_ws/install/read_rosbag:/home/vboxuser/ros2_ws/install/py_pubsub:/home/vboxuser/ros2_ws/install/launch_testing_examples:/home/vboxuser/ros2_ws/install/examples_rclpy_pointcloud_publisher:/home/vboxuser/ros2_ws/install/examples_rclpy_minimal_subscriber:/home/vboxuser/ros2_ws/install/examples_rclpy_minimal_service:/home/vboxuser/ros2_ws/install/examples_rclpy_minimal_publisher:/home/vboxuser/ros2_ws/install/examples_rclpy_minimal_client:/home/vboxuser/ros2_ws/install/examples_rclpy_minimal_action_server:/home/vboxuser/ros2_ws/install/examples_rclpy_minimal_action_client:/home/vboxuser/ros2_ws/install/examples_rclpy_guard_conditions:/home/vboxuser/ros2_ws/install/examples_rclpy_executors:/home/vboxuser/ros2_ws/install/bms_visualizer:/opt/ros/iron:/home/vboxuser/ros2_iron/install/rqt_bag_plugins:/home/vboxuser/ros2_iron/install/rqt_bag:/home/vboxuser/ros2_iron/install/rosbag2_examples_py:/home/vboxuser/ros2_iron/install/launch_testing_examples:/home/vboxuser/ros2_iron/install/ros2bag:/home/vboxuser/ros2_iron/install/tracetools_test:/home/vboxuser/ros2_iron/install/tracetools_launch:/home/vboxuser/ros2_iron/install/topic_monitor:/home/vboxuser/ros2_iron/install/tf2_tools:/home/vboxuser/ros2_iron/install/examples_tf2_py:/home/vboxuser/ros2_iron/install/tf2_ros_py:/home/vboxuser/ros2_iron/install/examples_rclpy_pointcloud_publisher:/home/vboxuser/ros2_iron/install/sensor_msgs_py:/home/vboxuser/ros2_iron/install/quality_of_service_demo_py:/home/vboxuser/ros2_iron/install/rqt_plot:/home/vboxuser/ros2_iron/install/ros2doctor:/home/vboxuser/ros2_iron/install/lifecycle_py:/home/vboxuser/ros2_iron/install/examples_rclpy_minimal_subscriber:/home/vboxuser/ros2_iron/install/examples_rclpy_minimal_service:/home/vboxuser/ros2_iron/install/examples_rclpy_minimal_publisher:/home/vboxuser/ros2_iron/install/examples_rclpy_minimal_client:/home/vboxuser/ros2_iron/install/examples_rclpy_executors:/home/vboxuser/ros2_iron/install/demo_nodes_py:/home/vboxuser/ros2_iron/install/rqt:/home/vboxuser/ros2_iron/install/ros2component:/home/vboxuser/ros2_iron/install/sros2:/home/vboxuser/ros2_iron/install/rqt_topic:/home/vboxuser/ros2_iron/install/rqt_srv:/home/vboxuser/ros2_iron/install/rqt_shell:/home/vboxuser/ros2_iron/install/rqt_service_caller:/home/vboxuser/ros2_iron/install/rqt_reconfigure:/home/vboxuser/ros2_iron/install/rqt_py_console:/home/vboxuser/ros2_iron/install/rqt_publisher:/home/vboxuser/ros2_iron/install/rqt_action:/home/vboxuser/ros2_iron/install/rqt_msg:/home/vboxuser/ros2_iron/install/rqt_console:/home/vboxuser/ros2_iron/install/rqt_graph:/home/vboxuser/ros2_iron/install/rqt_gui_py:/home/vboxuser/ros2_iron/install/rqt_gui:/home/vboxuser/ros2_iron/install/ros2trace:/home/vboxuser/ros2_iron/install/ros2topic:/home/vboxuser/ros2_iron/install/ros2test:/home/vboxuser/ros2_iron/install/ros2param:/home/vboxuser/ros2_iron/install/ros2lifecycle:/home/vboxuser/ros2_iron/install/ros2service:/home/vboxuser/ros2_iron/install/ros2run:/home/vboxuser/ros2_iron/install/ros2launch:/home/vboxuser/ros2_iron/install/ros2pkg:/home/vboxuser/ros2_iron/install/ros2node:/home/vboxuser/ros2_iron/install/ros2multicast:/home/vboxuser/ros2_iron/install/ros2interface:/home/vboxuser/ros2_iron/install/ros2action:/home/vboxuser/ros2_iron/install/ros2cli:/home/vboxuser/ros2_iron/install/launch_testing_ros:/home/vboxuser/ros2_iron/install/launch_ros:/home/vboxuser/ros2_iron/install/examples_rclpy_minimal_action_server:/home/vboxuser/ros2_iron/install/examples_rclpy_minimal_action_client:/home/vboxuser/ros2_iron/install/examples_rclpy_guard_conditions:/home/vboxuser/ros2_iron/install/action_tutorials_py:/home/vboxuser/ros2_iron/install/ament_uncrustify:/home/vboxuser/ros2_iron/install/tracetools_trace:/home/vboxuser/ros2_iron/install/tracetools_read:/home/vboxuser/ros2_iron/install/test_tracetools_launch:/home/vboxuser/ros2_iron/install/test_ros2trace:/home/vboxuser/ros2_iron/install/test_launch_ros:/home/vboxuser/ros2_iron/install/rpyutils:/home/vboxuser/ros2_iron/install/rosidl_runtime_py:/home/vboxuser/ros2_iron/install/rosidl_pycommon:/home/vboxuser/ros2_iron/install/rosidl_cli:/home/vboxuser/ros2_iron/install/launch_pytest:/home/vboxuser/ros2_iron/install/launch_testing:/home/vboxuser/ros2_iron/install/launch_yaml:/home/vboxuser/ros2_iron/install/launch_xml:/home/vboxuser/ros2_iron/install/launch:/home/vboxuser/ros2_iron/install/osrf_pycommon:/home/vboxuser/ros2_iron/install/domain_coordinator:/home/vboxuser/ros2_iron/install/ament_xmllint:/home/vboxuser/ros2_iron/install/ament_pyflakes:/home/vboxuser/ros2_iron/install/ament_pycodestyle:/home/vboxuser/ros2_iron/install/ament_pep257:/home/vboxuser/ros2_iron/install/ament_pclint:/home/vboxuser/ros2_iron/install/ament_package:/home/vboxuser/ros2_iron/install/ament_mypy:/home/vboxuser/ros2_iron/install/ament_lint_cmake:/home/vboxuser/ros2_iron/install/ament_flake8:/home/vboxuser/ros2_iron/install/ament_copyright:/home/vboxuser/ros2_iron/install/ament_lint:/home/vboxuser/ros2_iron/install/ament_index_python:/home/vboxuser/ros2_iron/install/ament_cpplint:/home/vboxuser/ros2_iron/install/ament_cppcheck:/home/vboxuser/ros2_iron/install/ament_clang_tidy:/home/vboxuser/ros2_iron/install/ament_clang_format /usr/bin/cmake --install /home/vboxuser/ros2_ws/build/turtlesim
[44.629s] Level 1:colcon.colcon_core.environment:checking '/home/vboxuser/ros2_ws/install/turtlesim' for CMake config files
[44.630s] Level 1:colcon.colcon_core.shell:create_environment_hook('turtlesim', 'cmake_prefix_path')
[44.630s] INFO:colcon.colcon_core.shell:Creating environment hook '/home/vboxuser/ros2_ws/install/turtlesim/share/turtlesim/hook/cmake_prefix_path.ps1'
[44.632s] INFO:colcon.colcon_core.shell:Creating environment descriptor '/home/vboxuser/ros2_ws/install/turtlesim/share/turtlesim/hook/cmake_prefix_path.dsv'
[44.634s] INFO:colcon.colcon_core.shell:Creating environment hook '/home/vboxuser/ros2_ws/install/turtlesim/share/turtlesim/hook/cmake_prefix_path.sh'
[44.638s] Level 1:colcon.colcon_core.environment:checking '/home/vboxuser/ros2_ws/install/turtlesim/lib'
[44.638s] Level 1:colcon.colcon_core.shell:create_environment_hook('turtlesim', 'ld_library_path_lib')
[44.638s] INFO:colcon.colcon_core.shell:Creating environment hook '/home/vboxuser/ros2_ws/install/turtlesim/share/turtlesim/hook/ld_library_path_lib.ps1'
[44.640s] INFO:colcon.colcon_core.shell:Creating environment descriptor '/home/vboxuser/ros2_ws/install/turtlesim/share/turtlesim/hook/ld_library_path_lib.dsv'
[44.641s] INFO:colcon.colcon_core.shell:Creating environment hook '/home/vboxuser/ros2_ws/install/turtlesim/share/turtlesim/hook/ld_library_path_lib.sh'
[44.645s] Level 1:colcon.colcon_core.environment:checking '/home/vboxuser/ros2_ws/install/turtlesim/bin'
[44.645s] Level 1:colcon.colcon_core.environment:checking '/home/vboxuser/ros2_ws/install/turtlesim/lib/pkgconfig/turtlesim.pc'
[44.646s] Level 1:colcon.colcon_core.environment:checking '/home/vboxuser/ros2_ws/install/turtlesim/lib/python3.10/site-packages'
[44.646s] Level 1:colcon.colcon_core.shell:create_environment_hook('turtlesim', 'pythonpath')
[44.647s] INFO:colcon.colcon_core.shell:Creating environment hook '/home/vboxuser/ros2_ws/install/turtlesim/share/turtlesim/hook/pythonpath.ps1'
[44.648s] INFO:colcon.colcon_core.shell:Creating environment descriptor '/home/vboxuser/ros2_ws/install/turtlesim/share/turtlesim/hook/pythonpath.dsv'
[44.649s] INFO:colcon.colcon_core.shell:Creating environment hook '/home/vboxuser/ros2_ws/install/turtlesim/share/turtlesim/hook/pythonpath.sh'
[44.656s] Level 1:colcon.colcon_core.environment:checking '/home/vboxuser/ros2_ws/install/turtlesim/bin'
[44.657s] INFO:colcon.colcon_core.shell:Creating package script '/home/vboxuser/ros2_ws/install/turtlesim/share/turtlesim/package.ps1'
[44.659s] INFO:colcon.colcon_core.shell:Creating package descriptor '/home/vboxuser/ros2_ws/install/turtlesim/share/turtlesim/package.dsv'
[44.660s] INFO:colcon.colcon_core.shell:Creating package script '/home/vboxuser/ros2_ws/install/turtlesim/share/turtlesim/package.sh'
[44.661s] INFO:colcon.colcon_core.shell:Creating package script '/home/vboxuser/ros2_ws/install/turtlesim/share/turtlesim/package.bash'
[44.662s] INFO:colcon.colcon_core.shell:Creating package script '/home/vboxuser/ros2_ws/install/turtlesim/share/turtlesim/package.zsh'
[44.663s] Level 1:colcon.colcon_core.environment:create_file_with_runtime_dependencies(/home/vboxuser/ros2_ws/install/turtlesim/share/colcon-core/packages/turtlesim)
[44.665s] Level 1:colcon.colcon_core.environment:create_environment_scripts_only(turtlesim)
[44.666s] Level 1:colcon.colcon_core.environment:checking '/home/vboxuser/ros2_ws/install/turtlesim' for CMake module files
[44.669s] Level 1:colcon.colcon_core.environment:checking '/home/vboxuser/ros2_ws/install/turtlesim' for CMake config files
[44.670s] Level 1:colcon.colcon_core.shell:create_environment_hook('turtlesim', 'cmake_prefix_path')
[44.671s] INFO:colcon.colcon_core.shell:Creating environment hook '/home/vboxuser/ros2_ws/install/turtlesim/share/turtlesim/hook/cmake_prefix_path.ps1'
[44.672s] INFO:colcon.colcon_core.shell:Creating environment descriptor '/home/vboxuser/ros2_ws/install/turtlesim/share/turtlesim/hook/cmake_prefix_path.dsv'
[44.674s] INFO:colcon.colcon_core.shell:Creating environment hook '/home/vboxuser/ros2_ws/install/turtlesim/share/turtlesim/hook/cmake_prefix_path.sh'
[44.676s] Level 1:colcon.colcon_core.environment:checking '/home/vboxuser/ros2_ws/install/turtlesim/lib'
[44.676s] Level 1:colcon.colcon_core.shell:create_environment_hook('turtlesim', 'ld_library_path_lib')
[44.677s] INFO:colcon.colcon_core.shell:Creating environment hook '/home/vboxuser/ros2_ws/install/turtlesim/share/turtlesim/hook/ld_library_path_lib.ps1'
[44.678s] INFO:colcon.colcon_core.shell:Creating environment descriptor '/home/vboxuser/ros2_ws/install/turtlesim/share/turtlesim/hook/ld_library_path_lib.dsv'
[44.679s] INFO:colcon.colcon_core.shell:Creating environment hook '/home/vboxuser/ros2_ws/install/turtlesim/share/turtlesim/hook/ld_library_path_lib.sh'
[44.681s] Level 1:colcon.colcon_core.environment:checking '/home/vboxuser/ros2_ws/install/turtlesim/bin'
[44.681s] Level 1:colcon.colcon_core.environment:checking '/home/vboxuser/ros2_ws/install/turtlesim/lib/pkgconfig/turtlesim.pc'
[44.682s] Level 1:colcon.colcon_core.environment:checking '/home/vboxuser/ros2_ws/install/turtlesim/lib/python3.10/site-packages'
[44.682s] Level 1:colcon.colcon_core.shell:create_environment_hook('turtlesim', 'pythonpath')
[44.683s] INFO:colcon.colcon_core.shell:Creating environment hook '/home/vboxuser/ros2_ws/install/turtlesim/share/turtlesim/hook/pythonpath.ps1'
[44.684s] INFO:colcon.colcon_core.shell:Creating environment descriptor '/home/vboxuser/ros2_ws/install/turtlesim/share/turtlesim/hook/pythonpath.dsv'
[44.685s] INFO:colcon.colcon_core.shell:Creating environment hook '/home/vboxuser/ros2_ws/install/turtlesim/share/turtlesim/hook/pythonpath.sh'
[44.687s] Level 1:colcon.colcon_core.environment:checking '/home/vboxuser/ros2_ws/install/turtlesim/bin'
[44.688s] INFO:colcon.colcon_core.shell:Creating package script '/home/vboxuser/ros2_ws/install/turtlesim/share/turtlesim/package.ps1'
[44.689s] INFO:colcon.colcon_core.shell:Creating package descriptor '/home/vboxuser/ros2_ws/install/turtlesim/share/turtlesim/package.dsv'
[44.693s] INFO:colcon.colcon_core.shell:Creating package script '/home/vboxuser/ros2_ws/install/turtlesim/share/turtlesim/package.sh'
[44.703s] INFO:colcon.colcon_core.shell:Creating package script '/home/vboxuser/ros2_ws/install/turtlesim/share/turtlesim/package.bash'
[44.704s] INFO:colcon.colcon_core.shell:Creating package script '/home/vboxuser/ros2_ws/install/turtlesim/share/turtlesim/package.zsh'
[44.706s] Level 1:colcon.colcon_core.environment:create_file_with_runtime_dependencies(/home/vboxuser/ros2_ws/install/turtlesim/share/colcon-core/packages/turtlesim)
[44.707s] DEBUG:colcon.colcon_parallel_executor.executor.parallel:closing loop
[44.709s] DEBUG:colcon.colcon_parallel_executor.executor.parallel:loop closed
[44.710s] DEBUG:colcon.colcon_parallel_executor.executor.parallel:run_until_complete finished with '0'
[44.710s] DEBUG:colcon.colcon_core.event_reactor:joining thread
[44.756s] INFO:colcon.colcon_core.plugin_system:Skipping extension 'colcon_notification.desktop_notification.terminal_notifier': Not used on non-Darwin systems
[44.756s] INFO:colcon.colcon_core.plugin_system:Skipping extension 'colcon_notification.desktop_notification.win32': Not used on non-Windows systems
[44.756s] INFO:colcon.colcon_notification.desktop_notification:Sending desktop notification using 'notify2'
[44.886s] DEBUG:colcon.colcon_core.event_reactor:joined thread
[44.887s] INFO:colcon.colcon_core.shell:Creating prefix script '/home/vboxuser/ros2_ws/install/local_setup.ps1'
[44.896s] INFO:colcon.colcon_core.shell:Creating prefix util module '/home/vboxuser/ros2_ws/install/_local_setup_util_ps1.py'
[44.902s] INFO:colcon.colcon_core.shell:Creating prefix chain script '/home/vboxuser/ros2_ws/install/setup.ps1'
[44.936s] INFO:colcon.colcon_core.shell:Creating prefix script '/home/vboxuser/ros2_ws/install/local_setup.sh'
[44.937s] INFO:colcon.colcon_core.shell:Creating prefix util module '/home/vboxuser/ros2_ws/install/_local_setup_util_sh.py'
[44.939s] INFO:colcon.colcon_core.shell:Creating prefix chain script '/home/vboxuser/ros2_ws/install/setup.sh'
[44.981s] INFO:colcon.colcon_core.shell:Creating prefix script '/home/vboxuser/ros2_ws/install/local_setup.bash'
[44.986s] INFO:colcon.colcon_core.shell:Creating prefix chain script '/home/vboxuser/ros2_ws/install/setup.bash'
[45.018s] INFO:colcon.colcon_core.shell:Creating prefix script '/home/vboxuser/ros2_ws/install/local_setup.zsh'
[45.019s] INFO:colcon.colcon_core.shell:Creating prefix chain script '/home/vboxuser/ros2_ws/install/setup.zsh'
