[0.286s] DEBUG:colcon:Command line arguments: ['/usr/bin/colcon', 'build']
[0.286s] DEBUG:colcon:Parsed command line arguments: Namespace(log_base=None, log_level=None, verb_name='build', build_base='build', install_base='install', merge_install=False, symlink_install=False, test_result_base=None, continue_on_error=False, executor='parallel', parallel_workers=4, event_handlers=None, ignore_user_meta=False, metas=['./colcon.meta'], base_paths=['.'], packages_ignore=None, packages_ignore_regex=None, paths=None, packages_up_to=None, packages_up_to_regex=None, packages_above=None, packages_above_and_dependencies=None, packages_above_depth=None, packages_select_by_dep=None, packages_skip_by_dep=None, packages_skip_up_to=None, packages_select_build_failed=False, packages_skip_build_finished=False, packages_select_test_failures=False, packages_skip_test_passed=False, packages_select=None, packages_skip=None, packages_select_regex=None, packages_skip_regex=None, packages_start=None, packages_end=None, allow_overriding=[], cmake_args=None, cmake_target=None, cmake_target_skip_unavailable=False, cmake_clean_cache=False, cmake_clean_first=False, cmake_force_configure=False, ament_cmake_args=None, catkin_cmake_args=None, catkin_skip_building_tests=False, mixin_files=None, mixin=None, verb_parser=<colcon_mixin.mixin.mixin_argument.MixinArgumentDecorator object at 0x71b5520d8700>, verb_extension=<colcon_core.verb.build.BuildVerb object at 0x71b5520d81f0>, main=<bound method BuildVerb.main of <colcon_core.verb.build.BuildVerb object at 0x71b5520d81f0>>, mixin_verb=('build',))
[0.591s] Level 1:colcon.colcon_core.package_discovery:discover_packages(colcon_meta) check parameters
[0.593s] Level 1:colcon.colcon_core.package_discovery:discover_packages(recursive) check parameters
[0.594s] Level 1:colcon.colcon_core.package_discovery:discover_packages(ignore) check parameters
[0.597s] Level 1:colcon.colcon_core.package_discovery:discover_packages(path) check parameters
[0.601s] Level 1:colcon.colcon_core.package_discovery:discover_packages(colcon_meta) discover
[0.602s] Level 1:colcon.colcon_core.package_discovery:discover_packages(recursive) discover
[0.602s] INFO:colcon.colcon_core.package_discovery:Crawling recursively for packages in '/home/vboxuser/ros2_ws'
[0.602s] Level 1:colcon.colcon_core.package_identification:_identify(.) by extensions ['ignore', 'ignore_ament_install']
[0.603s] Level 1:colcon.colcon_core.package_identification:_identify(.) by extension 'ignore'
[0.604s] Level 1:colcon.colcon_core.package_identification:_identify(.) by extension 'ignore_ament_install'
[0.607s] Level 1:colcon.colcon_core.package_identification:_identify(.) by extensions ['colcon_pkg']
[0.608s] Level 1:colcon.colcon_core.package_identification:_identify(.) by extension 'colcon_pkg'
[0.609s] Level 1:colcon.colcon_core.package_identification:_identify(.) by extensions ['colcon_meta']
[0.609s] Level 1:colcon.colcon_core.package_identification:_identify(.) by extension 'colcon_meta'
[0.610s] Level 1:colcon.colcon_core.package_identification:_identify(.) by extensions ['ros']
[0.610s] Level 1:colcon.colcon_core.package_identification:_identify(.) by extension 'ros'
[0.625s] Level 1:colcon.colcon_core.package_identification:_identify(.) by extensions ['cmake', 'python']
[0.625s] Level 1:colcon.colcon_core.package_identification:_identify(.) by extension 'cmake'
[0.625s] Level 1:colcon.colcon_core.package_identification:_identify(.) by extension 'python'
[0.625s] Level 1:colcon.colcon_core.package_identification:_identify(.) by extensions ['python_setup_py']
[0.625s] Level 1:colcon.colcon_core.package_identification:_identify(.) by extension 'python_setup_py'
[0.625s] Level 1:colcon.colcon_core.package_identification:_identify(build) by extensions ['ignore', 'ignore_ament_install']
[0.626s] Level 1:colcon.colcon_core.package_identification:_identify(build) by extension 'ignore'
[0.627s] Level 1:colcon.colcon_core.package_identification:_identify(build) ignored
[0.627s] Level 1:colcon.colcon_core.package_identification:_identify(install) by extensions ['ignore', 'ignore_ament_install']
[0.628s] Level 1:colcon.colcon_core.package_identification:_identify(install) by extension 'ignore'
[0.628s] Level 1:colcon.colcon_core.package_identification:_identify(install) ignored
[0.628s] Level 1:colcon.colcon_core.package_identification:_identify(log) by extensions ['ignore', 'ignore_ament_install']
[0.628s] Level 1:colcon.colcon_core.package_identification:_identify(log) by extension 'ignore'
[0.628s] Level 1:colcon.colcon_core.package_identification:_identify(log) ignored
[0.628s] Level 1:colcon.colcon_core.package_identification:_identify(src) by extensions ['ignore', 'ignore_ament_install']
[0.628s] Level 1:colcon.colcon_core.package_identification:_identify(src) by extension 'ignore'
[0.629s] Level 1:colcon.colcon_core.package_identification:_identify(src) by extension 'ignore_ament_install'
[0.629s] Level 1:colcon.colcon_core.package_identification:_identify(src) by extensions ['colcon_pkg']
[0.629s] Level 1:colcon.colcon_core.package_identification:_identify(src) by extension 'colcon_pkg'
[0.629s] Level 1:colcon.colcon_core.package_identification:_identify(src) by extensions ['colcon_meta']
[0.629s] Level 1:colcon.colcon_core.package_identification:_identify(src) by extension 'colcon_meta'
[0.629s] Level 1:colcon.colcon_core.package_identification:_identify(src) by extensions ['ros']
[0.629s] Level 1:colcon.colcon_core.package_identification:_identify(src) by extension 'ros'
[0.629s] Level 1:colcon.colcon_core.package_identification:_identify(src) by extensions ['cmake', 'python']
[0.629s] Level 1:colcon.colcon_core.package_identification:_identify(src) by extension 'cmake'
[0.629s] Level 1:colcon.colcon_core.package_identification:_identify(src) by extension 'python'
[0.629s] Level 1:colcon.colcon_core.package_identification:_identify(src) by extensions ['python_setup_py']
[0.629s] Level 1:colcon.colcon_core.package_identification:_identify(src) by extension 'python_setup_py'
[0.629s] Level 1:colcon.colcon_core.package_identification:_identify(src/BMS_BQ769X2) by extensions ['ignore', 'ignore_ament_install']
[0.630s] Level 1:colcon.colcon_core.package_identification:_identify(src/BMS_BQ769X2) by extension 'ignore'
[0.630s] Level 1:colcon.colcon_core.package_identification:_identify(src/BMS_BQ769X2) by extension 'ignore_ament_install'
[0.630s] Level 1:colcon.colcon_core.package_identification:_identify(src/BMS_BQ769X2) by extensions ['colcon_pkg']
[0.630s] Level 1:colcon.colcon_core.package_identification:_identify(src/BMS_BQ769X2) by extension 'colcon_pkg'
[0.630s] Level 1:colcon.colcon_core.package_identification:_identify(src/BMS_BQ769X2) by extensions ['colcon_meta']
[0.630s] Level 1:colcon.colcon_core.package_identification:_identify(src/BMS_BQ769X2) by extension 'colcon_meta'
[0.630s] Level 1:colcon.colcon_core.package_identification:_identify(src/BMS_BQ769X2) by extensions ['ros']
[0.630s] Level 1:colcon.colcon_core.package_identification:_identify(src/BMS_BQ769X2) by extension 'ros'
[0.630s] Level 1:colcon.colcon_core.package_identification:_identify(src/BMS_BQ769X2) by extensions ['cmake', 'python']
[0.630s] Level 1:colcon.colcon_core.package_identification:_identify(src/BMS_BQ769X2) by extension 'cmake'
[0.630s] Level 1:colcon.colcon_core.package_identification:_identify(src/BMS_BQ769X2) by extension 'python'
[0.630s] Level 1:colcon.colcon_core.package_identification:_identify(src/BMS_BQ769X2) by extensions ['python_setup_py']
[0.630s] Level 1:colcon.colcon_core.package_identification:_identify(src/BMS_BQ769X2) by extension 'python_setup_py'
[0.631s] Level 1:colcon.colcon_core.package_identification:_identify(src/BMS_BQ769X2/src) by extensions ['ignore', 'ignore_ament_install']
[0.631s] Level 1:colcon.colcon_core.package_identification:_identify(src/BMS_BQ769X2/src) by extension 'ignore'
[0.631s] Level 1:colcon.colcon_core.package_identification:_identify(src/BMS_BQ769X2/src) by extension 'ignore_ament_install'
[0.631s] Level 1:colcon.colcon_core.package_identification:_identify(src/BMS_BQ769X2/src) by extensions ['colcon_pkg']
[0.631s] Level 1:colcon.colcon_core.package_identification:_identify(src/BMS_BQ769X2/src) by extension 'colcon_pkg'
[0.631s] Level 1:colcon.colcon_core.package_identification:_identify(src/BMS_BQ769X2/src) by extensions ['colcon_meta']
[0.631s] Level 1:colcon.colcon_core.package_identification:_identify(src/BMS_BQ769X2/src) by extension 'colcon_meta'
[0.631s] Level 1:colcon.colcon_core.package_identification:_identify(src/BMS_BQ769X2/src) by extensions ['ros']
[0.632s] Level 1:colcon.colcon_core.package_identification:_identify(src/BMS_BQ769X2/src) by extension 'ros'
[0.632s] Level 1:colcon.colcon_core.package_identification:_identify(src/BMS_BQ769X2/src) by extensions ['cmake', 'python']
[0.632s] Level 1:colcon.colcon_core.package_identification:_identify(src/BMS_BQ769X2/src) by extension 'cmake'
[0.632s] Level 1:colcon.colcon_core.package_identification:_identify(src/BMS_BQ769X2/src) by extension 'python'
[0.632s] Level 1:colcon.colcon_core.package_identification:_identify(src/BMS_BQ769X2/src) by extensions ['python_setup_py']
[0.632s] Level 1:colcon.colcon_core.package_identification:_identify(src/BMS_BQ769X2/src) by extension 'python_setup_py'
[0.632s] Level 1:colcon.colcon_core.package_identification:_identify(src/BMS_BQ769X2/src/bms_visualizer) by extensions ['ignore', 'ignore_ament_install']
[0.632s] Level 1:colcon.colcon_core.package_identification:_identify(src/BMS_BQ769X2/src/bms_visualizer) by extension 'ignore'
[0.632s] Level 1:colcon.colcon_core.package_identification:_identify(src/BMS_BQ769X2/src/bms_visualizer) by extension 'ignore_ament_install'
[0.632s] Level 1:colcon.colcon_core.package_identification:_identify(src/BMS_BQ769X2/src/bms_visualizer) by extensions ['colcon_pkg']
[0.632s] Level 1:colcon.colcon_core.package_identification:_identify(src/BMS_BQ769X2/src/bms_visualizer) by extension 'colcon_pkg'
[0.632s] Level 1:colcon.colcon_core.package_identification:_identify(src/BMS_BQ769X2/src/bms_visualizer) by extensions ['colcon_meta']
[0.632s] Level 1:colcon.colcon_core.package_identification:_identify(src/BMS_BQ769X2/src/bms_visualizer) by extension 'colcon_meta'
[0.632s] Level 1:colcon.colcon_core.package_identification:_identify(src/BMS_BQ769X2/src/bms_visualizer) by extensions ['ros']
[0.632s] Level 1:colcon.colcon_core.package_identification:_identify(src/BMS_BQ769X2/src/bms_visualizer) by extension 'ros'
[0.636s] DEBUG:colcon.colcon_core.package_identification:Package 'src/BMS_BQ769X2/src/bms_visualizer' with type 'ros.ament_python' and name 'bms_visualizer'
[0.636s] Level 1:colcon.colcon_core.package_identification:_identify(src/BMS_BQ769X2/src/bq769x2_i2c_ros) by extensions ['ignore', 'ignore_ament_install']
[0.636s] Level 1:colcon.colcon_core.package_identification:_identify(src/BMS_BQ769X2/src/bq769x2_i2c_ros) by extension 'ignore'
[0.636s] Level 1:colcon.colcon_core.package_identification:_identify(src/BMS_BQ769X2/src/bq769x2_i2c_ros) by extension 'ignore_ament_install'
[0.637s] Level 1:colcon.colcon_core.package_identification:_identify(src/BMS_BQ769X2/src/bq769x2_i2c_ros) by extensions ['colcon_pkg']
[0.637s] Level 1:colcon.colcon_core.package_identification:_identify(src/BMS_BQ769X2/src/bq769x2_i2c_ros) by extension 'colcon_pkg'
[0.637s] Level 1:colcon.colcon_core.package_identification:_identify(src/BMS_BQ769X2/src/bq769x2_i2c_ros) by extensions ['colcon_meta']
[0.637s] Level 1:colcon.colcon_core.package_identification:_identify(src/BMS_BQ769X2/src/bq769x2_i2c_ros) by extension 'colcon_meta'
[0.637s] Level 1:colcon.colcon_core.package_identification:_identify(src/BMS_BQ769X2/src/bq769x2_i2c_ros) by extensions ['ros']
[0.638s] Level 1:colcon.colcon_core.package_identification:_identify(src/BMS_BQ769X2/src/bq769x2_i2c_ros) by extension 'ros'
[0.638s] DEBUG:colcon.colcon_core.package_identification:Package 'src/BMS_BQ769X2/src/bq769x2_i2c_ros' with type 'ros.ament_cmake' and name 'bq769x2_i2c_ros'
[0.639s] Level 1:colcon.colcon_core.package_identification:_identify(src/Results) by extensions ['ignore', 'ignore_ament_install']
[0.639s] Level 1:colcon.colcon_core.package_identification:_identify(src/Results) by extension 'ignore'
[0.639s] Level 1:colcon.colcon_core.package_identification:_identify(src/Results) by extension 'ignore_ament_install'
[0.639s] Level 1:colcon.colcon_core.package_identification:_identify(src/Results) by extensions ['colcon_pkg']
[0.639s] Level 1:colcon.colcon_core.package_identification:_identify(src/Results) by extension 'colcon_pkg'
[0.639s] Level 1:colcon.colcon_core.package_identification:_identify(src/Results) by extensions ['colcon_meta']
[0.639s] Level 1:colcon.colcon_core.package_identification:_identify(src/Results) by extension 'colcon_meta'
[0.639s] Level 1:colcon.colcon_core.package_identification:_identify(src/Results) by extensions ['ros']
[0.639s] Level 1:colcon.colcon_core.package_identification:_identify(src/Results) by extension 'ros'
[0.639s] Level 1:colcon.colcon_core.package_identification:_identify(src/Results) by extensions ['cmake', 'python']
[0.639s] Level 1:colcon.colcon_core.package_identification:_identify(src/Results) by extension 'cmake'
[0.639s] Level 1:colcon.colcon_core.package_identification:_identify(src/Results) by extension 'python'
[0.639s] Level 1:colcon.colcon_core.package_identification:_identify(src/Results) by extensions ['python_setup_py']
[0.640s] Level 1:colcon.colcon_core.package_identification:_identify(src/Results) by extension 'python_setup_py'
[0.640s] Level 1:colcon.colcon_core.package_identification:_identify(src/Results_from_28_07_28) by extensions ['ignore', 'ignore_ament_install']
[0.640s] Level 1:colcon.colcon_core.package_identification:_identify(src/Results_from_28_07_28) by extension 'ignore'
[0.640s] Level 1:colcon.colcon_core.package_identification:_identify(src/Results_from_28_07_28) by extension 'ignore_ament_install'
[0.640s] Level 1:colcon.colcon_core.package_identification:_identify(src/Results_from_28_07_28) by extensions ['colcon_pkg']
[0.640s] Level 1:colcon.colcon_core.package_identification:_identify(src/Results_from_28_07_28) by extension 'colcon_pkg'
[0.640s] Level 1:colcon.colcon_core.package_identification:_identify(src/Results_from_28_07_28) by extensions ['colcon_meta']
[0.640s] Level 1:colcon.colcon_core.package_identification:_identify(src/Results_from_28_07_28) by extension 'colcon_meta'
[0.640s] Level 1:colcon.colcon_core.package_identification:_identify(src/Results_from_28_07_28) by extensions ['ros']
[0.640s] Level 1:colcon.colcon_core.package_identification:_identify(src/Results_from_28_07_28) by extension 'ros'
[0.640s] Level 1:colcon.colcon_core.package_identification:_identify(src/Results_from_28_07_28) by extensions ['cmake', 'python']
[0.640s] Level 1:colcon.colcon_core.package_identification:_identify(src/Results_from_28_07_28) by extension 'cmake'
[0.640s] Level 1:colcon.colcon_core.package_identification:_identify(src/Results_from_28_07_28) by extension 'python'
[0.640s] Level 1:colcon.colcon_core.package_identification:_identify(src/Results_from_28_07_28) by extensions ['python_setup_py']
[0.641s] Level 1:colcon.colcon_core.package_identification:_identify(src/Results_from_28_07_28) by extension 'python_setup_py'
[0.641s] Level 1:colcon.colcon_core.package_identification:_identify(src/build) by extensions ['ignore', 'ignore_ament_install']
[0.641s] Level 1:colcon.colcon_core.package_identification:_identify(src/build) by extension 'ignore'
[0.641s] Level 1:colcon.colcon_core.package_identification:_identify(src/build) ignored
[0.641s] Level 1:colcon.colcon_core.package_identification:_identify(src/examples) by extensions ['ignore', 'ignore_ament_install']
[0.642s] Level 1:colcon.colcon_core.package_identification:_identify(src/examples) by extension 'ignore'
[0.642s] Level 1:colcon.colcon_core.package_identification:_identify(src/examples) by extension 'ignore_ament_install'
[0.642s] Level 1:colcon.colcon_core.package_identification:_identify(src/examples) by extensions ['colcon_pkg']
[0.642s] Level 1:colcon.colcon_core.package_identification:_identify(src/examples) by extension 'colcon_pkg'
[0.642s] Level 1:colcon.colcon_core.package_identification:_identify(src/examples) by extensions ['colcon_meta']
[0.642s] Level 1:colcon.colcon_core.package_identification:_identify(src/examples) by extension 'colcon_meta'
[0.642s] Level 1:colcon.colcon_core.package_identification:_identify(src/examples) by extensions ['ros']
[0.642s] Level 1:colcon.colcon_core.package_identification:_identify(src/examples) by extension 'ros'
[0.642s] Level 1:colcon.colcon_core.package_identification:_identify(src/examples) by extensions ['cmake', 'python']
[0.642s] Level 1:colcon.colcon_core.package_identification:_identify(src/examples) by extension 'cmake'
[0.642s] Level 1:colcon.colcon_core.package_identification:_identify(src/examples) by extension 'python'
[0.642s] Level 1:colcon.colcon_core.package_identification:_identify(src/examples) by extensions ['python_setup_py']
[0.642s] Level 1:colcon.colcon_core.package_identification:_identify(src/examples) by extension 'python_setup_py'
[0.642s] Level 1:colcon.colcon_core.package_identification:_identify(src/examples/launch_testing) by extensions ['ignore', 'ignore_ament_install']
[0.643s] Level 1:colcon.colcon_core.package_identification:_identify(src/examples/launch_testing) by extension 'ignore'
[0.643s] Level 1:colcon.colcon_core.package_identification:_identify(src/examples/launch_testing) by extension 'ignore_ament_install'
[0.643s] Level 1:colcon.colcon_core.package_identification:_identify(src/examples/launch_testing) by extensions ['colcon_pkg']
[0.643s] Level 1:colcon.colcon_core.package_identification:_identify(src/examples/launch_testing) by extension 'colcon_pkg'
[0.643s] Level 1:colcon.colcon_core.package_identification:_identify(src/examples/launch_testing) by extensions ['colcon_meta']
[0.643s] Level 1:colcon.colcon_core.package_identification:_identify(src/examples/launch_testing) by extension 'colcon_meta'
[0.643s] Level 1:colcon.colcon_core.package_identification:_identify(src/examples/launch_testing) by extensions ['ros']
[0.643s] Level 1:colcon.colcon_core.package_identification:_identify(src/examples/launch_testing) by extension 'ros'
[0.643s] Level 1:colcon.colcon_core.package_identification:_identify(src/examples/launch_testing) by extensions ['cmake', 'python']
[0.643s] Level 1:colcon.colcon_core.package_identification:_identify(src/examples/launch_testing) by extension 'cmake'
[0.643s] Level 1:colcon.colcon_core.package_identification:_identify(src/examples/launch_testing) by extension 'python'
[0.643s] Level 1:colcon.colcon_core.package_identification:_identify(src/examples/launch_testing) by extensions ['python_setup_py']
[0.643s] Level 1:colcon.colcon_core.package_identification:_identify(src/examples/launch_testing) by extension 'python_setup_py'
[0.643s] Level 1:colcon.colcon_core.package_identification:_identify(src/examples/launch_testing/launch_testing_examples) by extensions ['ignore', 'ignore_ament_install']
[0.643s] Level 1:colcon.colcon_core.package_identification:_identify(src/examples/launch_testing/launch_testing_examples) by extension 'ignore'
[0.643s] Level 1:colcon.colcon_core.package_identification:_identify(src/examples/launch_testing/launch_testing_examples) by extension 'ignore_ament_install'
[0.643s] Level 1:colcon.colcon_core.package_identification:_identify(src/examples/launch_testing/launch_testing_examples) by extensions ['colcon_pkg']
[0.643s] Level 1:colcon.colcon_core.package_identification:_identify(src/examples/launch_testing/launch_testing_examples) by extension 'colcon_pkg'
[0.643s] Level 1:colcon.colcon_core.package_identification:_identify(src/examples/launch_testing/launch_testing_examples) by extensions ['colcon_meta']
[0.643s] Level 1:colcon.colcon_core.package_identification:_identify(src/examples/launch_testing/launch_testing_examples) by extension 'colcon_meta'
[0.644s] Level 1:colcon.colcon_core.package_identification:_identify(src/examples/launch_testing/launch_testing_examples) by extensions ['ros']
[0.644s] Level 1:colcon.colcon_core.package_identification:_identify(src/examples/launch_testing/launch_testing_examples) by extension 'ros'
[0.645s] DEBUG:colcon.colcon_core.package_identification:Package 'src/examples/launch_testing/launch_testing_examples' with type 'ros.ament_python' and name 'launch_testing_examples'
[0.646s] Level 1:colcon.colcon_core.package_identification:_identify(src/examples/rclcpp) by extensions ['ignore', 'ignore_ament_install']
[0.646s] Level 1:colcon.colcon_core.package_identification:_identify(src/examples/rclcpp) by extension 'ignore'
[0.646s] Level 1:colcon.colcon_core.package_identification:_identify(src/examples/rclcpp) by extension 'ignore_ament_install'
[0.646s] Level 1:colcon.colcon_core.package_identification:_identify(src/examples/rclcpp) by extensions ['colcon_pkg']
[0.646s] Level 1:colcon.colcon_core.package_identification:_identify(src/examples/rclcpp) by extension 'colcon_pkg'
[0.646s] Level 1:colcon.colcon_core.package_identification:_identify(src/examples/rclcpp) by extensions ['colcon_meta']
[0.646s] Level 1:colcon.colcon_core.package_identification:_identify(src/examples/rclcpp) by extension 'colcon_meta'
[0.646s] Level 1:colcon.colcon_core.package_identification:_identify(src/examples/rclcpp) by extensions ['ros']
[0.646s] Level 1:colcon.colcon_core.package_identification:_identify(src/examples/rclcpp) by extension 'ros'
[0.646s] Level 1:colcon.colcon_core.package_identification:_identify(src/examples/rclcpp) by extensions ['cmake', 'python']
[0.646s] Level 1:colcon.colcon_core.package_identification:_identify(src/examples/rclcpp) by extension 'cmake'
[0.646s] Level 1:colcon.colcon_core.package_identification:_identify(src/examples/rclcpp) by extension 'python'
[0.646s] Level 1:colcon.colcon_core.package_identification:_identify(src/examples/rclcpp) by extensions ['python_setup_py']
[0.646s] Level 1:colcon.colcon_core.package_identification:_identify(src/examples/rclcpp) by extension 'python_setup_py'
[0.646s] Level 1:colcon.colcon_core.package_identification:_identify(src/examples/rclcpp/actions) by extensions ['ignore', 'ignore_ament_install']
[0.647s] Level 1:colcon.colcon_core.package_identification:_identify(src/examples/rclcpp/actions) by extension 'ignore'
[0.647s] Level 1:colcon.colcon_core.package_identification:_identify(src/examples/rclcpp/actions) by extension 'ignore_ament_install'
[0.647s] Level 1:colcon.colcon_core.package_identification:_identify(src/examples/rclcpp/actions) by extensions ['colcon_pkg']
[0.647s] Level 1:colcon.colcon_core.package_identification:_identify(src/examples/rclcpp/actions) by extension 'colcon_pkg'
[0.647s] Level 1:colcon.colcon_core.package_identification:_identify(src/examples/rclcpp/actions) by extensions ['colcon_meta']
[0.648s] Level 1:colcon.colcon_core.package_identification:_identify(src/examples/rclcpp/actions) by extension 'colcon_meta'
[0.648s] Level 1:colcon.colcon_core.package_identification:_identify(src/examples/rclcpp/actions) by extensions ['ros']
[0.648s] Level 1:colcon.colcon_core.package_identification:_identify(src/examples/rclcpp/actions) by extension 'ros'
[0.648s] Level 1:colcon.colcon_core.package_identification:_identify(src/examples/rclcpp/actions) by extensions ['cmake', 'python']
[0.648s] Level 1:colcon.colcon_core.package_identification:_identify(src/examples/rclcpp/actions) by extension 'cmake'
[0.648s] Level 1:colcon.colcon_core.package_identification:_identify(src/examples/rclcpp/actions) by extension 'python'
[0.648s] Level 1:colcon.colcon_core.package_identification:_identify(src/examples/rclcpp/actions) by extensions ['python_setup_py']
[0.648s] Level 1:colcon.colcon_core.package_identification:_identify(src/examples/rclcpp/actions) by extension 'python_setup_py'
[0.648s] Level 1:colcon.colcon_core.package_identification:_identify(src/examples/rclcpp/actions/minimal_action_client) by extensions ['ignore', 'ignore_ament_install']
[0.648s] Level 1:colcon.colcon_core.package_identification:_identify(src/examples/rclcpp/actions/minimal_action_client) by extension 'ignore'
[0.648s] Level 1:colcon.colcon_core.package_identification:_identify(src/examples/rclcpp/actions/minimal_action_client) by extension 'ignore_ament_install'
[0.648s] Level 1:colcon.colcon_core.package_identification:_identify(src/examples/rclcpp/actions/minimal_action_client) by extensions ['colcon_pkg']
[0.648s] Level 1:colcon.colcon_core.package_identification:_identify(src/examples/rclcpp/actions/minimal_action_client) by extension 'colcon_pkg'
[0.648s] Level 1:colcon.colcon_core.package_identification:_identify(src/examples/rclcpp/actions/minimal_action_client) by extensions ['colcon_meta']
[0.648s] Level 1:colcon.colcon_core.package_identification:_identify(src/examples/rclcpp/actions/minimal_action_client) by extension 'colcon_meta'
[0.649s] Level 1:colcon.colcon_core.package_identification:_identify(src/examples/rclcpp/actions/minimal_action_client) by extensions ['ros']
[0.649s] Level 1:colcon.colcon_core.package_identification:_identify(src/examples/rclcpp/actions/minimal_action_client) by extension 'ros'
[0.650s] DEBUG:colcon.colcon_core.package_identification:Package 'src/examples/rclcpp/actions/minimal_action_client' with type 'ros.ament_cmake' and name 'examples_rclcpp_minimal_action_client'
[0.650s] Level 1:colcon.colcon_core.package_identification:_identify(src/examples/rclcpp/actions/minimal_action_server) by extensions ['ignore', 'ignore_ament_install']
[0.650s] Level 1:colcon.colcon_core.package_identification:_identify(src/examples/rclcpp/actions/minimal_action_server) by extension 'ignore'
[0.651s] Level 1:colcon.colcon_core.package_identification:_identify(src/examples/rclcpp/actions/minimal_action_server) by extension 'ignore_ament_install'
[0.651s] Level 1:colcon.colcon_core.package_identification:_identify(src/examples/rclcpp/actions/minimal_action_server) by extensions ['colcon_pkg']
[0.651s] Level 1:colcon.colcon_core.package_identification:_identify(src/examples/rclcpp/actions/minimal_action_server) by extension 'colcon_pkg'
[0.651s] Level 1:colcon.colcon_core.package_identification:_identify(src/examples/rclcpp/actions/minimal_action_server) by extensions ['colcon_meta']
[0.651s] Level 1:colcon.colcon_core.package_identification:_identify(src/examples/rclcpp/actions/minimal_action_server) by extension 'colcon_meta'
[0.651s] Level 1:colcon.colcon_core.package_identification:_identify(src/examples/rclcpp/actions/minimal_action_server) by extensions ['ros']
[0.651s] Level 1:colcon.colcon_core.package_identification:_identify(src/examples/rclcpp/actions/minimal_action_server) by extension 'ros'
[0.652s] DEBUG:colcon.colcon_core.package_identification:Package 'src/examples/rclcpp/actions/minimal_action_server' with type 'ros.ament_cmake' and name 'examples_rclcpp_minimal_action_server'
[0.652s] Level 1:colcon.colcon_core.package_identification:_identify(src/examples/rclcpp/composition) by extensions ['ignore', 'ignore_ament_install']
[0.653s] Level 1:colcon.colcon_core.package_identification:_identify(src/examples/rclcpp/composition) by extension 'ignore'
[0.653s] Level 1:colcon.colcon_core.package_identification:_identify(src/examples/rclcpp/composition) by extension 'ignore_ament_install'
[0.653s] Level 1:colcon.colcon_core.package_identification:_identify(src/examples/rclcpp/composition) by extensions ['colcon_pkg']
[0.653s] Level 1:colcon.colcon_core.package_identification:_identify(src/examples/rclcpp/composition) by extension 'colcon_pkg'
[0.653s] Level 1:colcon.colcon_core.package_identification:_identify(src/examples/rclcpp/composition) by extensions ['colcon_meta']
[0.653s] Level 1:colcon.colcon_core.package_identification:_identify(src/examples/rclcpp/composition) by extension 'colcon_meta'
[0.653s] Level 1:colcon.colcon_core.package_identification:_identify(src/examples/rclcpp/composition) by extensions ['ros']
[0.653s] Level 1:colcon.colcon_core.package_identification:_identify(src/examples/rclcpp/composition) by extension 'ros'
[0.654s] Level 1:colcon.colcon_core.package_identification:_identify(src/examples/rclcpp/composition) by extensions ['cmake', 'python']
[0.654s] Level 1:colcon.colcon_core.package_identification:_identify(src/examples/rclcpp/composition) by extension 'cmake'
[0.654s] Level 1:colcon.colcon_core.package_identification:_identify(src/examples/rclcpp/composition) by extension 'python'
[0.654s] Level 1:colcon.colcon_core.package_identification:_identify(src/examples/rclcpp/composition) by extensions ['python_setup_py']
[0.654s] Level 1:colcon.colcon_core.package_identification:_identify(src/examples/rclcpp/composition) by extension 'python_setup_py'
[0.654s] Level 1:colcon.colcon_core.package_identification:_identify(src/examples/rclcpp/composition/minimal_composition) by extensions ['ignore', 'ignore_ament_install']
[0.654s] Level 1:colcon.colcon_core.package_identification:_identify(src/examples/rclcpp/composition/minimal_composition) by extension 'ignore'
[0.654s] Level 1:colcon.colcon_core.package_identification:_identify(src/examples/rclcpp/composition/minimal_composition) by extension 'ignore_ament_install'
[0.654s] Level 1:colcon.colcon_core.package_identification:_identify(src/examples/rclcpp/composition/minimal_composition) by extensions ['colcon_pkg']
[0.654s] Level 1:colcon.colcon_core.package_identification:_identify(src/examples/rclcpp/composition/minimal_composition) by extension 'colcon_pkg'
[0.654s] Level 1:colcon.colcon_core.package_identification:_identify(src/examples/rclcpp/composition/minimal_composition) by extensions ['colcon_meta']
[0.654s] Level 1:colcon.colcon_core.package_identification:_identify(src/examples/rclcpp/composition/minimal_composition) by extension 'colcon_meta'
[0.654s] Level 1:colcon.colcon_core.package_identification:_identify(src/examples/rclcpp/composition/minimal_composition) by extensions ['ros']
[0.654s] Level 1:colcon.colcon_core.package_identification:_identify(src/examples/rclcpp/composition/minimal_composition) by extension 'ros'
[0.655s] DEBUG:colcon.colcon_core.package_identification:Package 'src/examples/rclcpp/composition/minimal_composition' with type 'ros.ament_cmake' and name 'examples_rclcpp_minimal_composition'
[0.656s] Level 1:colcon.colcon_core.package_identification:_identify(src/examples/rclcpp/executors) by extensions ['ignore', 'ignore_ament_install']
[0.656s] Level 1:colcon.colcon_core.package_identification:_identify(src/examples/rclcpp/executors) by extension 'ignore'
[0.656s] Level 1:colcon.colcon_core.package_identification:_identify(src/examples/rclcpp/executors) by extension 'ignore_ament_install'
[0.656s] Level 1:colcon.colcon_core.package_identification:_identify(src/examples/rclcpp/executors) by extensions ['colcon_pkg']
[0.656s] Level 1:colcon.colcon_core.package_identification:_identify(src/examples/rclcpp/executors) by extension 'colcon_pkg'
[0.656s] Level 1:colcon.colcon_core.package_identification:_identify(src/examples/rclcpp/executors) by extensions ['colcon_meta']
[0.656s] Level 1:colcon.colcon_core.package_identification:_identify(src/examples/rclcpp/executors) by extension 'colcon_meta'
[0.656s] Level 1:colcon.colcon_core.package_identification:_identify(src/examples/rclcpp/executors) by extensions ['ros']
[0.656s] Level 1:colcon.colcon_core.package_identification:_identify(src/examples/rclcpp/executors) by extension 'ros'
[0.657s] Level 1:colcon.colcon_core.package_identification:_identify(src/examples/rclcpp/executors) by extensions ['cmake', 'python']
[0.657s] Level 1:colcon.colcon_core.package_identification:_identify(src/examples/rclcpp/executors) by extension 'cmake'
[0.657s] Level 1:colcon.colcon_core.package_identification:_identify(src/examples/rclcpp/executors) by extension 'python'
[0.657s] Level 1:colcon.colcon_core.package_identification:_identify(src/examples/rclcpp/executors) by extensions ['python_setup_py']
[0.657s] Level 1:colcon.colcon_core.package_identification:_identify(src/examples/rclcpp/executors) by extension 'python_setup_py'
[0.657s] Level 1:colcon.colcon_core.package_identification:_identify(src/examples/rclcpp/executors/cbg_executor) by extensions ['ignore', 'ignore_ament_install']
[0.657s] Level 1:colcon.colcon_core.package_identification:_identify(src/examples/rclcpp/executors/cbg_executor) by extension 'ignore'
[0.657s] Level 1:colcon.colcon_core.package_identification:_identify(src/examples/rclcpp/executors/cbg_executor) by extension 'ignore_ament_install'
[0.657s] Level 1:colcon.colcon_core.package_identification:_identify(src/examples/rclcpp/executors/cbg_executor) by extensions ['colcon_pkg']
[0.657s] Level 1:colcon.colcon_core.package_identification:_identify(src/examples/rclcpp/executors/cbg_executor) by extension 'colcon_pkg'
[0.657s] Level 1:colcon.colcon_core.package_identification:_identify(src/examples/rclcpp/executors/cbg_executor) by extensions ['colcon_meta']
[0.657s] Level 1:colcon.colcon_core.package_identification:_identify(src/examples/rclcpp/executors/cbg_executor) by extension 'colcon_meta'
[0.657s] Level 1:colcon.colcon_core.package_identification:_identify(src/examples/rclcpp/executors/cbg_executor) by extensions ['ros']
[0.657s] Level 1:colcon.colcon_core.package_identification:_identify(src/examples/rclcpp/executors/cbg_executor) by extension 'ros'
[0.658s] DEBUG:colcon.colcon_core.package_identification:Package 'src/examples/rclcpp/executors/cbg_executor' with type 'ros.ament_cmake' and name 'examples_rclcpp_cbg_executor'
[0.659s] Level 1:colcon.colcon_core.package_identification:_identify(src/examples/rclcpp/executors/multithreaded_executor) by extensions ['ignore', 'ignore_ament_install']
[0.660s] Level 1:colcon.colcon_core.package_identification:_identify(src/examples/rclcpp/executors/multithreaded_executor) by extension 'ignore'
[0.660s] Level 1:colcon.colcon_core.package_identification:_identify(src/examples/rclcpp/executors/multithreaded_executor) by extension 'ignore_ament_install'
[0.661s] Level 1:colcon.colcon_core.package_identification:_identify(src/examples/rclcpp/executors/multithreaded_executor) by extensions ['colcon_pkg']
[0.661s] Level 1:colcon.colcon_core.package_identification:_identify(src/examples/rclcpp/executors/multithreaded_executor) by extension 'colcon_pkg'
[0.661s] Level 1:colcon.colcon_core.package_identification:_identify(src/examples/rclcpp/executors/multithreaded_executor) by extensions ['colcon_meta']
[0.661s] Level 1:colcon.colcon_core.package_identification:_identify(src/examples/rclcpp/executors/multithreaded_executor) by extension 'colcon_meta'
[0.661s] Level 1:colcon.colcon_core.package_identification:_identify(src/examples/rclcpp/executors/multithreaded_executor) by extensions ['ros']
[0.661s] Level 1:colcon.colcon_core.package_identification:_identify(src/examples/rclcpp/executors/multithreaded_executor) by extension 'ros'
[0.661s] DEBUG:colcon.colcon_core.package_identification:Package 'src/examples/rclcpp/executors/multithreaded_executor' with type 'ros.ament_cmake' and name 'examples_rclcpp_multithreaded_executor'
[0.662s] Level 1:colcon.colcon_core.package_identification:_identify(src/examples/rclcpp/services) by extensions ['ignore', 'ignore_ament_install']
[0.662s] Level 1:colcon.colcon_core.package_identification:_identify(src/examples/rclcpp/services) by extension 'ignore'
[0.662s] Level 1:colcon.colcon_core.package_identification:_identify(src/examples/rclcpp/services) by extension 'ignore_ament_install'
[0.662s] Level 1:colcon.colcon_core.package_identification:_identify(src/examples/rclcpp/services) by extensions ['colcon_pkg']
[0.662s] Level 1:colcon.colcon_core.package_identification:_identify(src/examples/rclcpp/services) by extension 'colcon_pkg'
[0.662s] Level 1:colcon.colcon_core.package_identification:_identify(src/examples/rclcpp/services) by extensions ['colcon_meta']
[0.662s] Level 1:colcon.colcon_core.package_identification:_identify(src/examples/rclcpp/services) by extension 'colcon_meta'
[0.662s] Level 1:colcon.colcon_core.package_identification:_identify(src/examples/rclcpp/services) by extensions ['ros']
[0.662s] Level 1:colcon.colcon_core.package_identification:_identify(src/examples/rclcpp/services) by extension 'ros'
[0.662s] Level 1:colcon.colcon_core.package_identification:_identify(src/examples/rclcpp/services) by extensions ['cmake', 'python']
[0.663s] Level 1:colcon.colcon_core.package_identification:_identify(src/examples/rclcpp/services) by extension 'cmake'
[0.663s] Level 1:colcon.colcon_core.package_identification:_identify(src/examples/rclcpp/services) by extension 'python'
[0.663s] Level 1:colcon.colcon_core.package_identification:_identify(src/examples/rclcpp/services) by extensions ['python_setup_py']
[0.663s] Level 1:colcon.colcon_core.package_identification:_identify(src/examples/rclcpp/services) by extension 'python_setup_py'
[0.663s] Level 1:colcon.colcon_core.package_identification:_identify(src/examples/rclcpp/services/async_client) by extensions ['ignore', 'ignore_ament_install']
[0.663s] Level 1:colcon.colcon_core.package_identification:_identify(src/examples/rclcpp/services/async_client) by extension 'ignore'
[0.663s] Level 1:colcon.colcon_core.package_identification:_identify(src/examples/rclcpp/services/async_client) by extension 'ignore_ament_install'
[0.663s] Level 1:colcon.colcon_core.package_identification:_identify(src/examples/rclcpp/services/async_client) by extensions ['colcon_pkg']
[0.664s] Level 1:colcon.colcon_core.package_identification:_identify(src/examples/rclcpp/services/async_client) by extension 'colcon_pkg'
[0.664s] Level 1:colcon.colcon_core.package_identification:_identify(src/examples/rclcpp/services/async_client) by extensions ['colcon_meta']
[0.664s] Level 1:colcon.colcon_core.package_identification:_identify(src/examples/rclcpp/services/async_client) by extension 'colcon_meta'
[0.664s] Level 1:colcon.colcon_core.package_identification:_identify(src/examples/rclcpp/services/async_client) by extensions ['ros']
[0.664s] Level 1:colcon.colcon_core.package_identification:_identify(src/examples/rclcpp/services/async_client) by extension 'ros'
[0.665s] DEBUG:colcon.colcon_core.package_identification:Package 'src/examples/rclcpp/services/async_client' with type 'ros.ament_cmake' and name 'examples_rclcpp_async_client'
[0.665s] Level 1:colcon.colcon_core.package_identification:_identify(src/examples/rclcpp/services/minimal_client) by extensions ['ignore', 'ignore_ament_install']
[0.666s] Level 1:colcon.colcon_core.package_identification:_identify(src/examples/rclcpp/services/minimal_client) by extension 'ignore'
[0.666s] Level 1:colcon.colcon_core.package_identification:_identify(src/examples/rclcpp/services/minimal_client) by extension 'ignore_ament_install'
[0.666s] Level 1:colcon.colcon_core.package_identification:_identify(src/examples/rclcpp/services/minimal_client) by extensions ['colcon_pkg']
[0.666s] Level 1:colcon.colcon_core.package_identification:_identify(src/examples/rclcpp/services/minimal_client) by extension 'colcon_pkg'
[0.666s] Level 1:colcon.colcon_core.package_identification:_identify(src/examples/rclcpp/services/minimal_client) by extensions ['colcon_meta']
[0.666s] Level 1:colcon.colcon_core.package_identification:_identify(src/examples/rclcpp/services/minimal_client) by extension 'colcon_meta'
[0.666s] Level 1:colcon.colcon_core.package_identification:_identify(src/examples/rclcpp/services/minimal_client) by extensions ['ros']
[0.666s] Level 1:colcon.colcon_core.package_identification:_identify(src/examples/rclcpp/services/minimal_client) by extension 'ros'
[0.667s] DEBUG:colcon.colcon_core.package_identification:Package 'src/examples/rclcpp/services/minimal_client' with type 'ros.ament_cmake' and name 'examples_rclcpp_minimal_client'
[0.667s] Level 1:colcon.colcon_core.package_identification:_identify(src/examples/rclcpp/services/minimal_service) by extensions ['ignore', 'ignore_ament_install']
[0.667s] Level 1:colcon.colcon_core.package_identification:_identify(src/examples/rclcpp/services/minimal_service) by extension 'ignore'
[0.667s] Level 1:colcon.colcon_core.package_identification:_identify(src/examples/rclcpp/services/minimal_service) by extension 'ignore_ament_install'
[0.668s] Level 1:colcon.colcon_core.package_identification:_identify(src/examples/rclcpp/services/minimal_service) by extensions ['colcon_pkg']
[0.668s] Level 1:colcon.colcon_core.package_identification:_identify(src/examples/rclcpp/services/minimal_service) by extension 'colcon_pkg'
[0.668s] Level 1:colcon.colcon_core.package_identification:_identify(src/examples/rclcpp/services/minimal_service) by extensions ['colcon_meta']
[0.668s] Level 1:colcon.colcon_core.package_identification:_identify(src/examples/rclcpp/services/minimal_service) by extension 'colcon_meta'
[0.668s] Level 1:colcon.colcon_core.package_identification:_identify(src/examples/rclcpp/services/minimal_service) by extensions ['ros']
[0.668s] Level 1:colcon.colcon_core.package_identification:_identify(src/examples/rclcpp/services/minimal_service) by extension 'ros'
[0.668s] DEBUG:colcon.colcon_core.package_identification:Package 'src/examples/rclcpp/services/minimal_service' with type 'ros.ament_cmake' and name 'examples_rclcpp_minimal_service'
[0.669s] Level 1:colcon.colcon_core.package_identification:_identify(src/examples/rclcpp/timers) by extensions ['ignore', 'ignore_ament_install']
[0.669s] Level 1:colcon.colcon_core.package_identification:_identify(src/examples/rclcpp/timers) by extension 'ignore'
[0.669s] Level 1:colcon.colcon_core.package_identification:_identify(src/examples/rclcpp/timers) by extension 'ignore_ament_install'
[0.669s] Level 1:colcon.colcon_core.package_identification:_identify(src/examples/rclcpp/timers) by extensions ['colcon_pkg']
[0.669s] Level 1:colcon.colcon_core.package_identification:_identify(src/examples/rclcpp/timers) by extension 'colcon_pkg'
[0.669s] Level 1:colcon.colcon_core.package_identification:_identify(src/examples/rclcpp/timers) by extensions ['colcon_meta']
[0.669s] Level 1:colcon.colcon_core.package_identification:_identify(src/examples/rclcpp/timers) by extension 'colcon_meta'
[0.669s] Level 1:colcon.colcon_core.package_identification:_identify(src/examples/rclcpp/timers) by extensions ['ros']
[0.669s] Level 1:colcon.colcon_core.package_identification:_identify(src/examples/rclcpp/timers) by extension 'ros'
[0.670s] Level 1:colcon.colcon_core.package_identification:_identify(src/examples/rclcpp/timers) by extensions ['cmake', 'python']
[0.670s] Level 1:colcon.colcon_core.package_identification:_identify(src/examples/rclcpp/timers) by extension 'cmake'
[0.670s] Level 1:colcon.colcon_core.package_identification:_identify(src/examples/rclcpp/timers) by extension 'python'
[0.670s] Level 1:colcon.colcon_core.package_identification:_identify(src/examples/rclcpp/timers) by extensions ['python_setup_py']
[0.670s] Level 1:colcon.colcon_core.package_identification:_identify(src/examples/rclcpp/timers) by extension 'python_setup_py'
[0.670s] Level 1:colcon.colcon_core.package_identification:_identify(src/examples/rclcpp/timers/minimal_timer) by extensions ['ignore', 'ignore_ament_install']
[0.670s] Level 1:colcon.colcon_core.package_identification:_identify(src/examples/rclcpp/timers/minimal_timer) by extension 'ignore'
[0.670s] Level 1:colcon.colcon_core.package_identification:_identify(src/examples/rclcpp/timers/minimal_timer) by extension 'ignore_ament_install'
[0.670s] Level 1:colcon.colcon_core.package_identification:_identify(src/examples/rclcpp/timers/minimal_timer) by extensions ['colcon_pkg']
[0.671s] Level 1:colcon.colcon_core.package_identification:_identify(src/examples/rclcpp/timers/minimal_timer) by extension 'colcon_pkg'
[0.671s] Level 1:colcon.colcon_core.package_identification:_identify(src/examples/rclcpp/timers/minimal_timer) by extensions ['colcon_meta']
[0.671s] Level 1:colcon.colcon_core.package_identification:_identify(src/examples/rclcpp/timers/minimal_timer) by extension 'colcon_meta'
[0.671s] Level 1:colcon.colcon_core.package_identification:_identify(src/examples/rclcpp/timers/minimal_timer) by extensions ['ros']
[0.671s] Level 1:colcon.colcon_core.package_identification:_identify(src/examples/rclcpp/timers/minimal_timer) by extension 'ros'
[0.671s] DEBUG:colcon.colcon_core.package_identification:Package 'src/examples/rclcpp/timers/minimal_timer' with type 'ros.ament_cmake' and name 'examples_rclcpp_minimal_timer'
[0.672s] Level 1:colcon.colcon_core.package_identification:_identify(src/examples/rclcpp/topics) by extensions ['ignore', 'ignore_ament_install']
[0.672s] Level 1:colcon.colcon_core.package_identification:_identify(src/examples/rclcpp/topics) by extension 'ignore'
[0.672s] Level 1:colcon.colcon_core.package_identification:_identify(src/examples/rclcpp/topics) by extension 'ignore_ament_install'
[0.672s] Level 1:colcon.colcon_core.package_identification:_identify(src/examples/rclcpp/topics) by extensions ['colcon_pkg']
[0.672s] Level 1:colcon.colcon_core.package_identification:_identify(src/examples/rclcpp/topics) by extension 'colcon_pkg'
[0.672s] Level 1:colcon.colcon_core.package_identification:_identify(src/examples/rclcpp/topics) by extensions ['colcon_meta']
[0.672s] Level 1:colcon.colcon_core.package_identification:_identify(src/examples/rclcpp/topics) by extension 'colcon_meta'
[0.672s] Level 1:colcon.colcon_core.package_identification:_identify(src/examples/rclcpp/topics) by extensions ['ros']
[0.672s] Level 1:colcon.colcon_core.package_identification:_identify(src/examples/rclcpp/topics) by extension 'ros'
[0.672s] Level 1:colcon.colcon_core.package_identification:_identify(src/examples/rclcpp/topics) by extensions ['cmake', 'python']
[0.672s] Level 1:colcon.colcon_core.package_identification:_identify(src/examples/rclcpp/topics) by extension 'cmake'
[0.672s] Level 1:colcon.colcon_core.package_identification:_identify(src/examples/rclcpp/topics) by extension 'python'
[0.673s] Level 1:colcon.colcon_core.package_identification:_identify(src/examples/rclcpp/topics) by extensions ['python_setup_py']
[0.673s] Level 1:colcon.colcon_core.package_identification:_identify(src/examples/rclcpp/topics) by extension 'python_setup_py'
[0.673s] Level 1:colcon.colcon_core.package_identification:_identify(src/examples/rclcpp/topics/minimal_publisher) by extensions ['ignore', 'ignore_ament_install']
[0.673s] Level 1:colcon.colcon_core.package_identification:_identify(src/examples/rclcpp/topics/minimal_publisher) by extension 'ignore'
[0.673s] Level 1:colcon.colcon_core.package_identification:_identify(src/examples/rclcpp/topics/minimal_publisher) by extension 'ignore_ament_install'
[0.673s] Level 1:colcon.colcon_core.package_identification:_identify(src/examples/rclcpp/topics/minimal_publisher) by extensions ['colcon_pkg']
[0.673s] Level 1:colcon.colcon_core.package_identification:_identify(src/examples/rclcpp/topics/minimal_publisher) by extension 'colcon_pkg'
[0.673s] Level 1:colcon.colcon_core.package_identification:_identify(src/examples/rclcpp/topics/minimal_publisher) by extensions ['colcon_meta']
[0.673s] Level 1:colcon.colcon_core.package_identification:_identify(src/examples/rclcpp/topics/minimal_publisher) by extension 'colcon_meta'
[0.673s] Level 1:colcon.colcon_core.package_identification:_identify(src/examples/rclcpp/topics/minimal_publisher) by extensions ['ros']
[0.673s] Level 1:colcon.colcon_core.package_identification:_identify(src/examples/rclcpp/topics/minimal_publisher) by extension 'ros'
[0.674s] DEBUG:colcon.colcon_core.package_identification:Package 'src/examples/rclcpp/topics/minimal_publisher' with type 'ros.ament_cmake' and name 'examples_rclcpp_minimal_publisher'
[0.675s] Level 1:colcon.colcon_core.package_identification:_identify(src/examples/rclcpp/topics/minimal_subscriber) by extensions ['ignore', 'ignore_ament_install']
[0.675s] Level 1:colcon.colcon_core.package_identification:_identify(src/examples/rclcpp/topics/minimal_subscriber) by extension 'ignore'
[0.675s] Level 1:colcon.colcon_core.package_identification:_identify(src/examples/rclcpp/topics/minimal_subscriber) by extension 'ignore_ament_install'
[0.675s] Level 1:colcon.colcon_core.package_identification:_identify(src/examples/rclcpp/topics/minimal_subscriber) by extensions ['colcon_pkg']
[0.675s] Level 1:colcon.colcon_core.package_identification:_identify(src/examples/rclcpp/topics/minimal_subscriber) by extension 'colcon_pkg'
[0.675s] Level 1:colcon.colcon_core.package_identification:_identify(src/examples/rclcpp/topics/minimal_subscriber) by extensions ['colcon_meta']
[0.675s] Level 1:colcon.colcon_core.package_identification:_identify(src/examples/rclcpp/topics/minimal_subscriber) by extension 'colcon_meta'
[0.675s] Level 1:colcon.colcon_core.package_identification:_identify(src/examples/rclcpp/topics/minimal_subscriber) by extensions ['ros']
[0.675s] Level 1:colcon.colcon_core.package_identification:_identify(src/examples/rclcpp/topics/minimal_subscriber) by extension 'ros'
[0.676s] DEBUG:colcon.colcon_core.package_identification:Package 'src/examples/rclcpp/topics/minimal_subscriber' with type 'ros.ament_cmake' and name 'examples_rclcpp_minimal_subscriber'
[0.677s] Level 1:colcon.colcon_core.package_identification:_identify(src/examples/rclcpp/wait_set) by extensions ['ignore', 'ignore_ament_install']
[0.677s] Level 1:colcon.colcon_core.package_identification:_identify(src/examples/rclcpp/wait_set) by extension 'ignore'
[0.677s] Level 1:colcon.colcon_core.package_identification:_identify(src/examples/rclcpp/wait_set) by extension 'ignore_ament_install'
[0.677s] Level 1:colcon.colcon_core.package_identification:_identify(src/examples/rclcpp/wait_set) by extensions ['colcon_pkg']
[0.677s] Level 1:colcon.colcon_core.package_identification:_identify(src/examples/rclcpp/wait_set) by extension 'colcon_pkg'
[0.677s] Level 1:colcon.colcon_core.package_identification:_identify(src/examples/rclcpp/wait_set) by extensions ['colcon_meta']
[0.677s] Level 1:colcon.colcon_core.package_identification:_identify(src/examples/rclcpp/wait_set) by extension 'colcon_meta'
[0.677s] Level 1:colcon.colcon_core.package_identification:_identify(src/examples/rclcpp/wait_set) by extensions ['ros']
[0.677s] Level 1:colcon.colcon_core.package_identification:_identify(src/examples/rclcpp/wait_set) by extension 'ros'
[0.678s] DEBUG:colcon.colcon_core.package_identification:Package 'src/examples/rclcpp/wait_set' with type 'ros.ament_cmake' and name 'examples_rclcpp_wait_set'
[0.679s] Level 1:colcon.colcon_core.package_identification:_identify(src/examples/rclpy) by extensions ['ignore', 'ignore_ament_install']
[0.679s] Level 1:colcon.colcon_core.package_identification:_identify(src/examples/rclpy) by extension 'ignore'
[0.679s] Level 1:colcon.colcon_core.package_identification:_identify(src/examples/rclpy) by extension 'ignore_ament_install'
[0.679s] Level 1:colcon.colcon_core.package_identification:_identify(src/examples/rclpy) by extensions ['colcon_pkg']
[0.679s] Level 1:colcon.colcon_core.package_identification:_identify(src/examples/rclpy) by extension 'colcon_pkg'
[0.679s] Level 1:colcon.colcon_core.package_identification:_identify(src/examples/rclpy) by extensions ['colcon_meta']
[0.679s] Level 1:colcon.colcon_core.package_identification:_identify(src/examples/rclpy) by extension 'colcon_meta'
[0.679s] Level 1:colcon.colcon_core.package_identification:_identify(src/examples/rclpy) by extensions ['ros']
[0.679s] Level 1:colcon.colcon_core.package_identification:_identify(src/examples/rclpy) by extension 'ros'
[0.679s] Level 1:colcon.colcon_core.package_identification:_identify(src/examples/rclpy) by extensions ['cmake', 'python']
[0.679s] Level 1:colcon.colcon_core.package_identification:_identify(src/examples/rclpy) by extension 'cmake'
[0.679s] Level 1:colcon.colcon_core.package_identification:_identify(src/examples/rclpy) by extension 'python'
[0.679s] Level 1:colcon.colcon_core.package_identification:_identify(src/examples/rclpy) by extensions ['python_setup_py']
[0.679s] Level 1:colcon.colcon_core.package_identification:_identify(src/examples/rclpy) by extension 'python_setup_py'
[0.679s] Level 1:colcon.colcon_core.package_identification:_identify(src/examples/rclpy/actions) by extensions ['ignore', 'ignore_ament_install']
[0.679s] Level 1:colcon.colcon_core.package_identification:_identify(src/examples/rclpy/actions) by extension 'ignore'
[0.680s] Level 1:colcon.colcon_core.package_identification:_identify(src/examples/rclpy/actions) by extension 'ignore_ament_install'
[0.680s] Level 1:colcon.colcon_core.package_identification:_identify(src/examples/rclpy/actions) by extensions ['colcon_pkg']
[0.680s] Level 1:colcon.colcon_core.package_identification:_identify(src/examples/rclpy/actions) by extension 'colcon_pkg'
[0.680s] Level 1:colcon.colcon_core.package_identification:_identify(src/examples/rclpy/actions) by extensions ['colcon_meta']
[0.680s] Level 1:colcon.colcon_core.package_identification:_identify(src/examples/rclpy/actions) by extension 'colcon_meta'
[0.680s] Level 1:colcon.colcon_core.package_identification:_identify(src/examples/rclpy/actions) by extensions ['ros']
[0.680s] Level 1:colcon.colcon_core.package_identification:_identify(src/examples/rclpy/actions) by extension 'ros'
[0.680s] Level 1:colcon.colcon_core.package_identification:_identify(src/examples/rclpy/actions) by extensions ['cmake', 'python']
[0.680s] Level 1:colcon.colcon_core.package_identification:_identify(src/examples/rclpy/actions) by extension 'cmake'
[0.681s] Level 1:colcon.colcon_core.package_identification:_identify(src/examples/rclpy/actions) by extension 'python'
[0.681s] Level 1:colcon.colcon_core.package_identification:_identify(src/examples/rclpy/actions) by extensions ['python_setup_py']
[0.681s] Level 1:colcon.colcon_core.package_identification:_identify(src/examples/rclpy/actions) by extension 'python_setup_py'
[0.681s] Level 1:colcon.colcon_core.package_identification:_identify(src/examples/rclpy/actions/minimal_action_client) by extensions ['ignore', 'ignore_ament_install']
[0.681s] Level 1:colcon.colcon_core.package_identification:_identify(src/examples/rclpy/actions/minimal_action_client) by extension 'ignore'
[0.681s] Level 1:colcon.colcon_core.package_identification:_identify(src/examples/rclpy/actions/minimal_action_client) by extension 'ignore_ament_install'
[0.681s] Level 1:colcon.colcon_core.package_identification:_identify(src/examples/rclpy/actions/minimal_action_client) by extensions ['colcon_pkg']
[0.681s] Level 1:colcon.colcon_core.package_identification:_identify(src/examples/rclpy/actions/minimal_action_client) by extension 'colcon_pkg'
[0.681s] Level 1:colcon.colcon_core.package_identification:_identify(src/examples/rclpy/actions/minimal_action_client) by extensions ['colcon_meta']
[0.681s] Level 1:colcon.colcon_core.package_identification:_identify(src/examples/rclpy/actions/minimal_action_client) by extension 'colcon_meta'
[0.681s] Level 1:colcon.colcon_core.package_identification:_identify(src/examples/rclpy/actions/minimal_action_client) by extensions ['ros']
[0.681s] Level 1:colcon.colcon_core.package_identification:_identify(src/examples/rclpy/actions/minimal_action_client) by extension 'ros'
[0.682s] DEBUG:colcon.colcon_core.package_identification:Package 'src/examples/rclpy/actions/minimal_action_client' with type 'ros.ament_python' and name 'examples_rclpy_minimal_action_client'
[0.682s] Level 1:colcon.colcon_core.package_identification:_identify(src/examples/rclpy/actions/minimal_action_server) by extensions ['ignore', 'ignore_ament_install']
[0.682s] Level 1:colcon.colcon_core.package_identification:_identify(src/examples/rclpy/actions/minimal_action_server) by extension 'ignore'
[0.682s] Level 1:colcon.colcon_core.package_identification:_identify(src/examples/rclpy/actions/minimal_action_server) by extension 'ignore_ament_install'
[0.682s] Level 1:colcon.colcon_core.package_identification:_identify(src/examples/rclpy/actions/minimal_action_server) by extensions ['colcon_pkg']
[0.682s] Level 1:colcon.colcon_core.package_identification:_identify(src/examples/rclpy/actions/minimal_action_server) by extension 'colcon_pkg'
[0.682s] Level 1:colcon.colcon_core.package_identification:_identify(src/examples/rclpy/actions/minimal_action_server) by extensions ['colcon_meta']
[0.682s] Level 1:colcon.colcon_core.package_identification:_identify(src/examples/rclpy/actions/minimal_action_server) by extension 'colcon_meta'
[0.683s] Level 1:colcon.colcon_core.package_identification:_identify(src/examples/rclpy/actions/minimal_action_server) by extensions ['ros']
[0.683s] Level 1:colcon.colcon_core.package_identification:_identify(src/examples/rclpy/actions/minimal_action_server) by extension 'ros'
[0.683s] DEBUG:colcon.colcon_core.package_identification:Package 'src/examples/rclpy/actions/minimal_action_server' with type 'ros.ament_python' and name 'examples_rclpy_minimal_action_server'
[0.684s] Level 1:colcon.colcon_core.package_identification:_identify(src/examples/rclpy/executors) by extensions ['ignore', 'ignore_ament_install']
[0.684s] Level 1:colcon.colcon_core.package_identification:_identify(src/examples/rclpy/executors) by extension 'ignore'
[0.685s] Level 1:colcon.colcon_core.package_identification:_identify(src/examples/rclpy/executors) by extension 'ignore_ament_install'
[0.685s] Level 1:colcon.colcon_core.package_identification:_identify(src/examples/rclpy/executors) by extensions ['colcon_pkg']
[0.685s] Level 1:colcon.colcon_core.package_identification:_identify(src/examples/rclpy/executors) by extension 'colcon_pkg'
[0.685s] Level 1:colcon.colcon_core.package_identification:_identify(src/examples/rclpy/executors) by extensions ['colcon_meta']
[0.685s] Level 1:colcon.colcon_core.package_identification:_identify(src/examples/rclpy/executors) by extension 'colcon_meta'
[0.685s] Level 1:colcon.colcon_core.package_identification:_identify(src/examples/rclpy/executors) by extensions ['ros']
[0.685s] Level 1:colcon.colcon_core.package_identification:_identify(src/examples/rclpy/executors) by extension 'ros'
[0.686s] DEBUG:colcon.colcon_core.package_identification:Package 'src/examples/rclpy/executors' with type 'ros.ament_python' and name 'examples_rclpy_executors'
[0.687s] Level 1:colcon.colcon_core.package_identification:_identify(src/examples/rclpy/guard_conditions) by extensions ['ignore', 'ignore_ament_install']
[0.687s] Level 1:colcon.colcon_core.package_identification:_identify(src/examples/rclpy/guard_conditions) by extension 'ignore'
[0.687s] Level 1:colcon.colcon_core.package_identification:_identify(src/examples/rclpy/guard_conditions) by extension 'ignore_ament_install'
[0.687s] Level 1:colcon.colcon_core.package_identification:_identify(src/examples/rclpy/guard_conditions) by extensions ['colcon_pkg']
[0.687s] Level 1:colcon.colcon_core.package_identification:_identify(src/examples/rclpy/guard_conditions) by extension 'colcon_pkg'
[0.687s] Level 1:colcon.colcon_core.package_identification:_identify(src/examples/rclpy/guard_conditions) by extensions ['colcon_meta']
[0.687s] Level 1:colcon.colcon_core.package_identification:_identify(src/examples/rclpy/guard_conditions) by extension 'colcon_meta'
[0.687s] Level 1:colcon.colcon_core.package_identification:_identify(src/examples/rclpy/guard_conditions) by extensions ['ros']
[0.687s] Level 1:colcon.colcon_core.package_identification:_identify(src/examples/rclpy/guard_conditions) by extension 'ros'
[0.688s] DEBUG:colcon.colcon_core.package_identification:Package 'src/examples/rclpy/guard_conditions' with type 'ros.ament_python' and name 'examples_rclpy_guard_conditions'
[0.689s] Level 1:colcon.colcon_core.package_identification:_identify(src/examples/rclpy/services) by extensions ['ignore', 'ignore_ament_install']
[0.689s] Level 1:colcon.colcon_core.package_identification:_identify(src/examples/rclpy/services) by extension 'ignore'
[0.689s] Level 1:colcon.colcon_core.package_identification:_identify(src/examples/rclpy/services) by extension 'ignore_ament_install'
[0.689s] Level 1:colcon.colcon_core.package_identification:_identify(src/examples/rclpy/services) by extensions ['colcon_pkg']
[0.689s] Level 1:colcon.colcon_core.package_identification:_identify(src/examples/rclpy/services) by extension 'colcon_pkg'
[0.689s] Level 1:colcon.colcon_core.package_identification:_identify(src/examples/rclpy/services) by extensions ['colcon_meta']
[0.689s] Level 1:colcon.colcon_core.package_identification:_identify(src/examples/rclpy/services) by extension 'colcon_meta'
[0.689s] Level 1:colcon.colcon_core.package_identification:_identify(src/examples/rclpy/services) by extensions ['ros']
[0.690s] Level 1:colcon.colcon_core.package_identification:_identify(src/examples/rclpy/services) by extension 'ros'
[0.690s] Level 1:colcon.colcon_core.package_identification:_identify(src/examples/rclpy/services) by extensions ['cmake', 'python']
[0.690s] Level 1:colcon.colcon_core.package_identification:_identify(src/examples/rclpy/services) by extension 'cmake'
[0.690s] Level 1:colcon.colcon_core.package_identification:_identify(src/examples/rclpy/services) by extension 'python'
[0.690s] Level 1:colcon.colcon_core.package_identification:_identify(src/examples/rclpy/services) by extensions ['python_setup_py']
[0.690s] Level 1:colcon.colcon_core.package_identification:_identify(src/examples/rclpy/services) by extension 'python_setup_py'
[0.690s] Level 1:colcon.colcon_core.package_identification:_identify(src/examples/rclpy/services/minimal_client) by extensions ['ignore', 'ignore_ament_install']
[0.691s] Level 1:colcon.colcon_core.package_identification:_identify(src/examples/rclpy/services/minimal_client) by extension 'ignore'
[0.691s] Level 1:colcon.colcon_core.package_identification:_identify(src/examples/rclpy/services/minimal_client) by extension 'ignore_ament_install'
[0.691s] Level 1:colcon.colcon_core.package_identification:_identify(src/examples/rclpy/services/minimal_client) by extensions ['colcon_pkg']
[0.691s] Level 1:colcon.colcon_core.package_identification:_identify(src/examples/rclpy/services/minimal_client) by extension 'colcon_pkg'
[0.691s] Level 1:colcon.colcon_core.package_identification:_identify(src/examples/rclpy/services/minimal_client) by extensions ['colcon_meta']
[0.691s] Level 1:colcon.colcon_core.package_identification:_identify(src/examples/rclpy/services/minimal_client) by extension 'colcon_meta'
[0.691s] Level 1:colcon.colcon_core.package_identification:_identify(src/examples/rclpy/services/minimal_client) by extensions ['ros']
[0.691s] Level 1:colcon.colcon_core.package_identification:_identify(src/examples/rclpy/services/minimal_client) by extension 'ros'
[0.692s] DEBUG:colcon.colcon_core.package_identification:Package 'src/examples/rclpy/services/minimal_client' with type 'ros.ament_python' and name 'examples_rclpy_minimal_client'
[0.692s] Level 1:colcon.colcon_core.package_identification:_identify(src/examples/rclpy/services/minimal_service) by extensions ['ignore', 'ignore_ament_install']
[0.692s] Level 1:colcon.colcon_core.package_identification:_identify(src/examples/rclpy/services/minimal_service) by extension 'ignore'
[0.692s] Level 1:colcon.colcon_core.package_identification:_identify(src/examples/rclpy/services/minimal_service) by extension 'ignore_ament_install'
[0.692s] Level 1:colcon.colcon_core.package_identification:_identify(src/examples/rclpy/services/minimal_service) by extensions ['colcon_pkg']
[0.692s] Level 1:colcon.colcon_core.package_identification:_identify(src/examples/rclpy/services/minimal_service) by extension 'colcon_pkg'
[0.693s] Level 1:colcon.colcon_core.package_identification:_identify(src/examples/rclpy/services/minimal_service) by extensions ['colcon_meta']
[0.693s] Level 1:colcon.colcon_core.package_identification:_identify(src/examples/rclpy/services/minimal_service) by extension 'colcon_meta'
[0.693s] Level 1:colcon.colcon_core.package_identification:_identify(src/examples/rclpy/services/minimal_service) by extensions ['ros']
[0.693s] Level 1:colcon.colcon_core.package_identification:_identify(src/examples/rclpy/services/minimal_service) by extension 'ros'
[0.693s] DEBUG:colcon.colcon_core.package_identification:Package 'src/examples/rclpy/services/minimal_service' with type 'ros.ament_python' and name 'examples_rclpy_minimal_service'
[0.694s] Level 1:colcon.colcon_core.package_identification:_identify(src/examples/rclpy/topics) by extensions ['ignore', 'ignore_ament_install']
[0.694s] Level 1:colcon.colcon_core.package_identification:_identify(src/examples/rclpy/topics) by extension 'ignore'
[0.694s] Level 1:colcon.colcon_core.package_identification:_identify(src/examples/rclpy/topics) by extension 'ignore_ament_install'
[0.694s] Level 1:colcon.colcon_core.package_identification:_identify(src/examples/rclpy/topics) by extensions ['colcon_pkg']
[0.694s] Level 1:colcon.colcon_core.package_identification:_identify(src/examples/rclpy/topics) by extension 'colcon_pkg'
[0.694s] Level 1:colcon.colcon_core.package_identification:_identify(src/examples/rclpy/topics) by extensions ['colcon_meta']
[0.694s] Level 1:colcon.colcon_core.package_identification:_identify(src/examples/rclpy/topics) by extension 'colcon_meta'
[0.694s] Level 1:colcon.colcon_core.package_identification:_identify(src/examples/rclpy/topics) by extensions ['ros']
[0.694s] Level 1:colcon.colcon_core.package_identification:_identify(src/examples/rclpy/topics) by extension 'ros'
[0.694s] Level 1:colcon.colcon_core.package_identification:_identify(src/examples/rclpy/topics) by extensions ['cmake', 'python']
[0.694s] Level 1:colcon.colcon_core.package_identification:_identify(src/examples/rclpy/topics) by extension 'cmake'
[0.694s] Level 1:colcon.colcon_core.package_identification:_identify(src/examples/rclpy/topics) by extension 'python'
[0.694s] Level 1:colcon.colcon_core.package_identification:_identify(src/examples/rclpy/topics) by extensions ['python_setup_py']
[0.694s] Level 1:colcon.colcon_core.package_identification:_identify(src/examples/rclpy/topics) by extension 'python_setup_py'
[0.695s] Level 1:colcon.colcon_core.package_identification:_identify(src/examples/rclpy/topics/minimal_publisher) by extensions ['ignore', 'ignore_ament_install']
[0.695s] Level 1:colcon.colcon_core.package_identification:_identify(src/examples/rclpy/topics/minimal_publisher) by extension 'ignore'
[0.695s] Level 1:colcon.colcon_core.package_identification:_identify(src/examples/rclpy/topics/minimal_publisher) by extension 'ignore_ament_install'
[0.695s] Level 1:colcon.colcon_core.package_identification:_identify(src/examples/rclpy/topics/minimal_publisher) by extensions ['colcon_pkg']
[0.695s] Level 1:colcon.colcon_core.package_identification:_identify(src/examples/rclpy/topics/minimal_publisher) by extension 'colcon_pkg'
[0.695s] Level 1:colcon.colcon_core.package_identification:_identify(src/examples/rclpy/topics/minimal_publisher) by extensions ['colcon_meta']
[0.695s] Level 1:colcon.colcon_core.package_identification:_identify(src/examples/rclpy/topics/minimal_publisher) by extension 'colcon_meta'
[0.695s] Level 1:colcon.colcon_core.package_identification:_identify(src/examples/rclpy/topics/minimal_publisher) by extensions ['ros']
[0.695s] Level 1:colcon.colcon_core.package_identification:_identify(src/examples/rclpy/topics/minimal_publisher) by extension 'ros'
[0.696s] DEBUG:colcon.colcon_core.package_identification:Package 'src/examples/rclpy/topics/minimal_publisher' with type 'ros.ament_python' and name 'examples_rclpy_minimal_publisher'
[0.696s] Level 1:colcon.colcon_core.package_identification:_identify(src/examples/rclpy/topics/minimal_subscriber) by extensions ['ignore', 'ignore_ament_install']
[0.696s] Level 1:colcon.colcon_core.package_identification:_identify(src/examples/rclpy/topics/minimal_subscriber) by extension 'ignore'
[0.696s] Level 1:colcon.colcon_core.package_identification:_identify(src/examples/rclpy/topics/minimal_subscriber) by extension 'ignore_ament_install'
[0.696s] Level 1:colcon.colcon_core.package_identification:_identify(src/examples/rclpy/topics/minimal_subscriber) by extensions ['colcon_pkg']
[0.696s] Level 1:colcon.colcon_core.package_identification:_identify(src/examples/rclpy/topics/minimal_subscriber) by extension 'colcon_pkg'
[0.696s] Level 1:colcon.colcon_core.package_identification:_identify(src/examples/rclpy/topics/minimal_subscriber) by extensions ['colcon_meta']
[0.696s] Level 1:colcon.colcon_core.package_identification:_identify(src/examples/rclpy/topics/minimal_subscriber) by extension 'colcon_meta'
[0.696s] Level 1:colcon.colcon_core.package_identification:_identify(src/examples/rclpy/topics/minimal_subscriber) by extensions ['ros']
[0.696s] Level 1:colcon.colcon_core.package_identification:_identify(src/examples/rclpy/topics/minimal_subscriber) by extension 'ros'
[0.697s] DEBUG:colcon.colcon_core.package_identification:Package 'src/examples/rclpy/topics/minimal_subscriber' with type 'ros.ament_python' and name 'examples_rclpy_minimal_subscriber'
[0.698s] Level 1:colcon.colcon_core.package_identification:_identify(src/examples/rclpy/topics/pointcloud_publisher) by extensions ['ignore', 'ignore_ament_install']
[0.698s] Level 1:colcon.colcon_core.package_identification:_identify(src/examples/rclpy/topics/pointcloud_publisher) by extension 'ignore'
[0.698s] Level 1:colcon.colcon_core.package_identification:_identify(src/examples/rclpy/topics/pointcloud_publisher) by extension 'ignore_ament_install'
[0.698s] Level 1:colcon.colcon_core.package_identification:_identify(src/examples/rclpy/topics/pointcloud_publisher) by extensions ['colcon_pkg']
[0.698s] Level 1:colcon.colcon_core.package_identification:_identify(src/examples/rclpy/topics/pointcloud_publisher) by extension 'colcon_pkg'
[0.698s] Level 1:colcon.colcon_core.package_identification:_identify(src/examples/rclpy/topics/pointcloud_publisher) by extensions ['colcon_meta']
[0.698s] Level 1:colcon.colcon_core.package_identification:_identify(src/examples/rclpy/topics/pointcloud_publisher) by extension 'colcon_meta'
[0.698s] Level 1:colcon.colcon_core.package_identification:_identify(src/examples/rclpy/topics/pointcloud_publisher) by extensions ['ros']
[0.698s] Level 1:colcon.colcon_core.package_identification:_identify(src/examples/rclpy/topics/pointcloud_publisher) by extension 'ros'
[0.699s] DEBUG:colcon.colcon_core.package_identification:Package 'src/examples/rclpy/topics/pointcloud_publisher' with type 'ros.ament_python' and name 'examples_rclpy_pointcloud_publisher'
[0.700s] Level 1:colcon.colcon_core.package_identification:_identify(src/install) by extensions ['ignore', 'ignore_ament_install']
[0.700s] Level 1:colcon.colcon_core.package_identification:_identify(src/install) by extension 'ignore'
[0.701s] Level 1:colcon.colcon_core.package_identification:_identify(src/install) ignored
[0.701s] Level 1:colcon.colcon_core.package_identification:_identify(src/log) by extensions ['ignore', 'ignore_ament_install']
[0.701s] Level 1:colcon.colcon_core.package_identification:_identify(src/log) by extension 'ignore'
[0.701s] Level 1:colcon.colcon_core.package_identification:_identify(src/log) ignored
[0.701s] Level 1:colcon.colcon_core.package_identification:_identify(src/my_package) by extensions ['ignore', 'ignore_ament_install']
[0.701s] Level 1:colcon.colcon_core.package_identification:_identify(src/my_package) by extension 'ignore'
[0.701s] Level 1:colcon.colcon_core.package_identification:_identify(src/my_package) by extension 'ignore_ament_install'
[0.701s] Level 1:colcon.colcon_core.package_identification:_identify(src/my_package) by extensions ['colcon_pkg']
[0.701s] Level 1:colcon.colcon_core.package_identification:_identify(src/my_package) by extension 'colcon_pkg'
[0.701s] Level 1:colcon.colcon_core.package_identification:_identify(src/my_package) by extensions ['colcon_meta']
[0.701s] Level 1:colcon.colcon_core.package_identification:_identify(src/my_package) by extension 'colcon_meta'
[0.701s] Level 1:colcon.colcon_core.package_identification:_identify(src/my_package) by extensions ['ros']
[0.701s] Level 1:colcon.colcon_core.package_identification:_identify(src/my_package) by extension 'ros'
[0.702s] DEBUG:colcon.colcon_core.package_identification:Package 'src/my_package' with type 'ros.ament_cmake' and name 'my_package'
[0.702s] Level 1:colcon.colcon_core.package_identification:_identify(src/py_pubsub) by extensions ['ignore', 'ignore_ament_install']
[0.702s] Level 1:colcon.colcon_core.package_identification:_identify(src/py_pubsub) by extension 'ignore'
[0.702s] Level 1:colcon.colcon_core.package_identification:_identify(src/py_pubsub) by extension 'ignore_ament_install'
[0.702s] Level 1:colcon.colcon_core.package_identification:_identify(src/py_pubsub) by extensions ['colcon_pkg']
[0.702s] Level 1:colcon.colcon_core.package_identification:_identify(src/py_pubsub) by extension 'colcon_pkg'
[0.702s] Level 1:colcon.colcon_core.package_identification:_identify(src/py_pubsub) by extensions ['colcon_meta']
[0.702s] Level 1:colcon.colcon_core.package_identification:_identify(src/py_pubsub) by extension 'colcon_meta'
[0.702s] Level 1:colcon.colcon_core.package_identification:_identify(src/py_pubsub) by extensions ['ros']
[0.702s] Level 1:colcon.colcon_core.package_identification:_identify(src/py_pubsub) by extension 'ros'
[0.703s] DEBUG:colcon.colcon_core.package_identification:Package 'src/py_pubsub' with type 'ros.ament_python' and name 'py_pubsub'
[0.703s] Level 1:colcon.colcon_core.package_identification:_identify(src/read_rosbag) by extensions ['ignore', 'ignore_ament_install']
[0.703s] Level 1:colcon.colcon_core.package_identification:_identify(src/read_rosbag) by extension 'ignore'
[0.703s] Level 1:colcon.colcon_core.package_identification:_identify(src/read_rosbag) by extension 'ignore_ament_install'
[0.703s] Level 1:colcon.colcon_core.package_identification:_identify(src/read_rosbag) by extensions ['colcon_pkg']
[0.703s] Level 1:colcon.colcon_core.package_identification:_identify(src/read_rosbag) by extension 'colcon_pkg'
[0.703s] Level 1:colcon.colcon_core.package_identification:_identify(src/read_rosbag) by extensions ['colcon_meta']
[0.703s] Level 1:colcon.colcon_core.package_identification:_identify(src/read_rosbag) by extension 'colcon_meta'
[0.703s] Level 1:colcon.colcon_core.package_identification:_identify(src/read_rosbag) by extensions ['ros']
[0.704s] Level 1:colcon.colcon_core.package_identification:_identify(src/read_rosbag) by extension 'ros'
[0.704s] Level 1:colcon.colcon_core.package_identification:_identify(src/read_rosbag) by extensions ['cmake', 'python']
[0.704s] Level 1:colcon.colcon_core.package_identification:_identify(src/read_rosbag) by extension 'cmake'
[0.704s] Level 1:colcon.colcon_core.package_identification:_identify(src/read_rosbag) by extension 'python'
[0.704s] Level 1:colcon.colcon_core.package_identification:_identify(src/read_rosbag) by extensions ['python_setup_py']
[0.704s] Level 1:colcon.colcon_core.package_identification:_identify(src/read_rosbag) by extension 'python_setup_py'
[0.704s] Level 1:colcon.colcon_core.package_identification:_identify(src/ros_tutorials) by extensions ['ignore', 'ignore_ament_install']
[0.704s] Level 1:colcon.colcon_core.package_identification:_identify(src/ros_tutorials) by extension 'ignore'
[0.704s] Level 1:colcon.colcon_core.package_identification:_identify(src/ros_tutorials) by extension 'ignore_ament_install'
[0.704s] Level 1:colcon.colcon_core.package_identification:_identify(src/ros_tutorials) by extensions ['colcon_pkg']
[0.704s] Level 1:colcon.colcon_core.package_identification:_identify(src/ros_tutorials) by extension 'colcon_pkg'
[0.704s] Level 1:colcon.colcon_core.package_identification:_identify(src/ros_tutorials) by extensions ['colcon_meta']
[0.704s] Level 1:colcon.colcon_core.package_identification:_identify(src/ros_tutorials) by extension 'colcon_meta'
[0.704s] Level 1:colcon.colcon_core.package_identification:_identify(src/ros_tutorials) by extensions ['ros']
[0.704s] Level 1:colcon.colcon_core.package_identification:_identify(src/ros_tutorials) by extension 'ros'
[0.704s] Level 1:colcon.colcon_core.package_identification:_identify(src/ros_tutorials) by extensions ['cmake', 'python']
[0.704s] Level 1:colcon.colcon_core.package_identification:_identify(src/ros_tutorials) by extension 'cmake'
[0.704s] Level 1:colcon.colcon_core.package_identification:_identify(src/ros_tutorials) by extension 'python'
[0.704s] Level 1:colcon.colcon_core.package_identification:_identify(src/ros_tutorials) by extensions ['python_setup_py']
[0.704s] Level 1:colcon.colcon_core.package_identification:_identify(src/ros_tutorials) by extension 'python_setup_py'
[0.705s] Level 1:colcon.colcon_core.package_identification:_identify(src/ros_tutorials/ros_tutorials) by extensions ['ignore', 'ignore_ament_install']
[0.705s] Level 1:colcon.colcon_core.package_identification:_identify(src/ros_tutorials/ros_tutorials) by extension 'ignore'
[0.705s] Level 1:colcon.colcon_core.package_identification:_identify(src/ros_tutorials/ros_tutorials) ignored
[0.705s] Level 1:colcon.colcon_core.package_identification:_identify(src/ros_tutorials/roscpp_tutorials) by extensions ['ignore', 'ignore_ament_install']
[0.705s] Level 1:colcon.colcon_core.package_identification:_identify(src/ros_tutorials/roscpp_tutorials) by extension 'ignore'
[0.705s] Level 1:colcon.colcon_core.package_identification:_identify(src/ros_tutorials/roscpp_tutorials) ignored
[0.705s] Level 1:colcon.colcon_core.package_identification:_identify(src/ros_tutorials/rospy_tutorials) by extensions ['ignore', 'ignore_ament_install']
[0.706s] Level 1:colcon.colcon_core.package_identification:_identify(src/ros_tutorials/rospy_tutorials) by extension 'ignore'
[0.707s] Level 1:colcon.colcon_core.package_identification:_identify(src/ros_tutorials/rospy_tutorials) ignored
[0.707s] Level 1:colcon.colcon_core.package_identification:_identify(src/ros_tutorials/turtlesim) by extensions ['ignore', 'ignore_ament_install']
[0.707s] Level 1:colcon.colcon_core.package_identification:_identify(src/ros_tutorials/turtlesim) by extension 'ignore'
[0.707s] Level 1:colcon.colcon_core.package_identification:_identify(src/ros_tutorials/turtlesim) by extension 'ignore_ament_install'
[0.707s] Level 1:colcon.colcon_core.package_identification:_identify(src/ros_tutorials/turtlesim) by extensions ['colcon_pkg']
[0.707s] Level 1:colcon.colcon_core.package_identification:_identify(src/ros_tutorials/turtlesim) by extension 'colcon_pkg'
[0.707s] Level 1:colcon.colcon_core.package_identification:_identify(src/ros_tutorials/turtlesim) by extensions ['colcon_meta']
[0.707s] Level 1:colcon.colcon_core.package_identification:_identify(src/ros_tutorials/turtlesim) by extension 'colcon_meta'
[0.707s] Level 1:colcon.colcon_core.package_identification:_identify(src/ros_tutorials/turtlesim) by extensions ['ros']
[0.707s] Level 1:colcon.colcon_core.package_identification:_identify(src/ros_tutorials/turtlesim) by extension 'ros'
[0.709s] DEBUG:colcon.colcon_core.package_identification:Package 'src/ros_tutorials/turtlesim' with type 'ros.ament_cmake' and name 'turtlesim'
[0.709s] Level 1:colcon.colcon_core.package_identification:_identify(src/rosbag2_2025_07_21-14_34_13) by extensions ['ignore', 'ignore_ament_install']
[0.709s] Level 1:colcon.colcon_core.package_identification:_identify(src/rosbag2_2025_07_21-14_34_13) by extension 'ignore'
[0.709s] Level 1:colcon.colcon_core.package_identification:_identify(src/rosbag2_2025_07_21-14_34_13) by extension 'ignore_ament_install'
[0.709s] Level 1:colcon.colcon_core.package_identification:_identify(src/rosbag2_2025_07_21-14_34_13) by extensions ['colcon_pkg']
[0.709s] Level 1:colcon.colcon_core.package_identification:_identify(src/rosbag2_2025_07_21-14_34_13) by extension 'colcon_pkg'
[0.709s] Level 1:colcon.colcon_core.package_identification:_identify(src/rosbag2_2025_07_21-14_34_13) by extensions ['colcon_meta']
[0.709s] Level 1:colcon.colcon_core.package_identification:_identify(src/rosbag2_2025_07_21-14_34_13) by extension 'colcon_meta'
[0.709s] Level 1:colcon.colcon_core.package_identification:_identify(src/rosbag2_2025_07_21-14_34_13) by extensions ['ros']
[0.709s] Level 1:colcon.colcon_core.package_identification:_identify(src/rosbag2_2025_07_21-14_34_13) by extension 'ros'
[0.709s] Level 1:colcon.colcon_core.package_identification:_identify(src/rosbag2_2025_07_21-14_34_13) by extensions ['cmake', 'python']
[0.709s] Level 1:colcon.colcon_core.package_identification:_identify(src/rosbag2_2025_07_21-14_34_13) by extension 'cmake'
[0.709s] Level 1:colcon.colcon_core.package_identification:_identify(src/rosbag2_2025_07_21-14_34_13) by extension 'python'
[0.709s] Level 1:colcon.colcon_core.package_identification:_identify(src/rosbag2_2025_07_21-14_34_13) by extensions ['python_setup_py']
[0.709s] Level 1:colcon.colcon_core.package_identification:_identify(src/rosbag2_2025_07_21-14_34_13) by extension 'python_setup_py'
[0.709s] Level 1:colcon.colcon_core.package_identification:_identify(src/rosbag2_2025_07_28-14_07_34) by extensions ['ignore', 'ignore_ament_install']
[0.709s] Level 1:colcon.colcon_core.package_identification:_identify(src/rosbag2_2025_07_28-14_07_34) by extension 'ignore'
[0.710s] Level 1:colcon.colcon_core.package_identification:_identify(src/rosbag2_2025_07_28-14_07_34) by extension 'ignore_ament_install'
[0.710s] Level 1:colcon.colcon_core.package_identification:_identify(src/rosbag2_2025_07_28-14_07_34) by extensions ['colcon_pkg']
[0.710s] Level 1:colcon.colcon_core.package_identification:_identify(src/rosbag2_2025_07_28-14_07_34) by extension 'colcon_pkg'
[0.710s] Level 1:colcon.colcon_core.package_identification:_identify(src/rosbag2_2025_07_28-14_07_34) by extensions ['colcon_meta']
[0.710s] Level 1:colcon.colcon_core.package_identification:_identify(src/rosbag2_2025_07_28-14_07_34) by extension 'colcon_meta'
[0.710s] Level 1:colcon.colcon_core.package_identification:_identify(src/rosbag2_2025_07_28-14_07_34) by extensions ['ros']
[0.710s] Level 1:colcon.colcon_core.package_identification:_identify(src/rosbag2_2025_07_28-14_07_34) by extension 'ros'
[0.710s] Level 1:colcon.colcon_core.package_identification:_identify(src/rosbag2_2025_07_28-14_07_34) by extensions ['cmake', 'python']
[0.710s] Level 1:colcon.colcon_core.package_identification:_identify(src/rosbag2_2025_07_28-14_07_34) by extension 'cmake'
[0.711s] Level 1:colcon.colcon_core.package_identification:_identify(src/rosbag2_2025_07_28-14_07_34) by extension 'python'
[0.711s] Level 1:colcon.colcon_core.package_identification:_identify(src/rosbag2_2025_07_28-14_07_34) by extensions ['python_setup_py']
[0.711s] Level 1:colcon.colcon_core.package_identification:_identify(src/rosbag2_2025_07_28-14_07_34) by extension 'python_setup_py'
[0.711s] Level 1:colcon.colcon_core.package_discovery:discover_packages(recursive) using defaults
[0.711s] Level 1:colcon.colcon_core.package_discovery:discover_packages(ignore) discover
[0.711s] Level 1:colcon.colcon_core.package_discovery:discover_packages(ignore) using defaults
[0.712s] Level 1:colcon.colcon_core.package_discovery:discover_packages(path) discover
[0.712s] Level 1:colcon.colcon_core.package_discovery:discover_packages(path) using defaults
[0.764s] Level 1:colcon.colcon_core.package_discovery:discover_packages(prefix_path) check parameters
[0.764s] Level 1:colcon.colcon_core.package_discovery:discover_packages(prefix_path) discover
[0.786s] DEBUG:colcon.colcon_installed_package_information.package_discovery:Found 27 installed packages in /home/vboxuser/ros2_ws/install
[0.798s] DEBUG:colcon.colcon_installed_package_information.package_discovery:Found 358 installed packages in /home/vboxuser/ros2_iron/install
[0.804s] DEBUG:colcon.colcon_installed_package_information.package_discovery:Found 178 installed packages in /opt/ros/iron
[0.813s] Level 1:colcon.colcon_core.package_discovery:discover_packages(prefix_path) using defaults
[0.883s] Level 5:colcon.colcon_core.verb:set package 'bms_visualizer' build argument 'cmake_args' from command line to 'None'
[0.885s] Level 5:colcon.colcon_core.verb:set package 'bms_visualizer' build argument 'cmake_target' from command line to 'None'
[0.885s] Level 5:colcon.colcon_core.verb:set package 'bms_visualizer' build argument 'cmake_target_skip_unavailable' from command line to 'False'
[0.885s] Level 5:colcon.colcon_core.verb:set package 'bms_visualizer' build argument 'cmake_clean_cache' from command line to 'False'
[0.885s] Level 5:colcon.colcon_core.verb:set package 'bms_visualizer' build argument 'cmake_clean_first' from command line to 'False'
[0.885s] Level 5:colcon.colcon_core.verb:set package 'bms_visualizer' build argument 'cmake_force_configure' from command line to 'False'
[0.885s] Level 5:colcon.colcon_core.verb:set package 'bms_visualizer' build argument 'ament_cmake_args' from command line to 'None'
[0.885s] Level 5:colcon.colcon_core.verb:set package 'bms_visualizer' build argument 'catkin_cmake_args' from command line to 'None'
[0.885s] Level 5:colcon.colcon_core.verb:set package 'bms_visualizer' build argument 'catkin_skip_building_tests' from command line to 'False'
[0.885s] DEBUG:colcon.colcon_core.verb:Building package 'bms_visualizer' with the following arguments: {'ament_cmake_args': None, 'build_base': '/home/vboxuser/ros2_ws/build/bms_visualizer', 'catkin_cmake_args': None, 'catkin_skip_building_tests': False, 'cmake_args': None, 'cmake_clean_cache': False, 'cmake_clean_first': False, 'cmake_force_configure': False, 'cmake_target': None, 'cmake_target_skip_unavailable': False, 'install_base': '/home/vboxuser/ros2_ws/install/bms_visualizer', 'merge_install': False, 'path': '/home/vboxuser/ros2_ws/src/BMS_BQ769X2/src/bms_visualizer', 'symlink_install': False, 'test_result_base': None}
[0.886s] Level 5:colcon.colcon_core.verb:set package 'bq769x2_i2c_ros' build argument 'cmake_args' from command line to 'None'
[0.886s] Level 5:colcon.colcon_core.verb:set package 'bq769x2_i2c_ros' build argument 'cmake_target' from command line to 'None'
[0.886s] Level 5:colcon.colcon_core.verb:set package 'bq769x2_i2c_ros' build argument 'cmake_target_skip_unavailable' from command line to 'False'
[0.886s] Level 5:colcon.colcon_core.verb:set package 'bq769x2_i2c_ros' build argument 'cmake_clean_cache' from command line to 'False'
[0.886s] Level 5:colcon.colcon_core.verb:set package 'bq769x2_i2c_ros' build argument 'cmake_clean_first' from command line to 'False'
[0.886s] Level 5:colcon.colcon_core.verb:set package 'bq769x2_i2c_ros' build argument 'cmake_force_configure' from command line to 'False'
[0.886s] Level 5:colcon.colcon_core.verb:set package 'bq769x2_i2c_ros' build argument 'ament_cmake_args' from command line to 'None'
[0.886s] Level 5:colcon.colcon_core.verb:set package 'bq769x2_i2c_ros' build argument 'catkin_cmake_args' from command line to 'None'
[0.886s] Level 5:colcon.colcon_core.verb:set package 'bq769x2_i2c_ros' build argument 'catkin_skip_building_tests' from command line to 'False'
[0.886s] DEBUG:colcon.colcon_core.verb:Building package 'bq769x2_i2c_ros' with the following arguments: {'ament_cmake_args': None, 'build_base': '/home/vboxuser/ros2_ws/build/bq769x2_i2c_ros', 'catkin_cmake_args': None, 'catkin_skip_building_tests': False, 'cmake_args': None, 'cmake_clean_cache': False, 'cmake_clean_first': False, 'cmake_force_configure': False, 'cmake_target': None, 'cmake_target_skip_unavailable': False, 'install_base': '/home/vboxuser/ros2_ws/install/bq769x2_i2c_ros', 'merge_install': False, 'path': '/home/vboxuser/ros2_ws/src/BMS_BQ769X2/src/bq769x2_i2c_ros', 'symlink_install': False, 'test_result_base': None}
[0.888s] Level 5:colcon.colcon_core.verb:set package 'examples_rclcpp_async_client' build argument 'cmake_args' from command line to 'None'
[0.888s] Level 5:colcon.colcon_core.verb:set package 'examples_rclcpp_async_client' build argument 'cmake_target' from command line to 'None'
[0.888s] Level 5:colcon.colcon_core.verb:set package 'examples_rclcpp_async_client' build argument 'cmake_target_skip_unavailable' from command line to 'False'
[0.888s] Level 5:colcon.colcon_core.verb:set package 'examples_rclcpp_async_client' build argument 'cmake_clean_cache' from command line to 'False'
[0.888s] Level 5:colcon.colcon_core.verb:set package 'examples_rclcpp_async_client' build argument 'cmake_clean_first' from command line to 'False'
[0.888s] Level 5:colcon.colcon_core.verb:set package 'examples_rclcpp_async_client' build argument 'cmake_force_configure' from command line to 'False'
[0.888s] Level 5:colcon.colcon_core.verb:set package 'examples_rclcpp_async_client' build argument 'ament_cmake_args' from command line to 'None'
[0.888s] Level 5:colcon.colcon_core.verb:set package 'examples_rclcpp_async_client' build argument 'catkin_cmake_args' from command line to 'None'
[0.888s] Level 5:colcon.colcon_core.verb:set package 'examples_rclcpp_async_client' build argument 'catkin_skip_building_tests' from command line to 'False'
[0.888s] DEBUG:colcon.colcon_core.verb:Building package 'examples_rclcpp_async_client' with the following arguments: {'ament_cmake_args': None, 'build_base': '/home/vboxuser/ros2_ws/build/examples_rclcpp_async_client', 'catkin_cmake_args': None, 'catkin_skip_building_tests': False, 'cmake_args': None, 'cmake_clean_cache': False, 'cmake_clean_first': False, 'cmake_force_configure': False, 'cmake_target': None, 'cmake_target_skip_unavailable': False, 'install_base': '/home/vboxuser/ros2_ws/install/examples_rclcpp_async_client', 'merge_install': False, 'path': '/home/vboxuser/ros2_ws/src/examples/rclcpp/services/async_client', 'symlink_install': False, 'test_result_base': None}
[0.889s] Level 5:colcon.colcon_core.verb:set package 'examples_rclcpp_cbg_executor' build argument 'cmake_args' from command line to 'None'
[0.889s] Level 5:colcon.colcon_core.verb:set package 'examples_rclcpp_cbg_executor' build argument 'cmake_target' from command line to 'None'
[0.889s] Level 5:colcon.colcon_core.verb:set package 'examples_rclcpp_cbg_executor' build argument 'cmake_target_skip_unavailable' from command line to 'False'
[0.889s] Level 5:colcon.colcon_core.verb:set package 'examples_rclcpp_cbg_executor' build argument 'cmake_clean_cache' from command line to 'False'
[0.889s] Level 5:colcon.colcon_core.verb:set package 'examples_rclcpp_cbg_executor' build argument 'cmake_clean_first' from command line to 'False'
[0.889s] Level 5:colcon.colcon_core.verb:set package 'examples_rclcpp_cbg_executor' build argument 'cmake_force_configure' from command line to 'False'
[0.889s] Level 5:colcon.colcon_core.verb:set package 'examples_rclcpp_cbg_executor' build argument 'ament_cmake_args' from command line to 'None'
[0.889s] Level 5:colcon.colcon_core.verb:set package 'examples_rclcpp_cbg_executor' build argument 'catkin_cmake_args' from command line to 'None'
[0.889s] Level 5:colcon.colcon_core.verb:set package 'examples_rclcpp_cbg_executor' build argument 'catkin_skip_building_tests' from command line to 'False'
[0.889s] DEBUG:colcon.colcon_core.verb:Building package 'examples_rclcpp_cbg_executor' with the following arguments: {'ament_cmake_args': None, 'build_base': '/home/vboxuser/ros2_ws/build/examples_rclcpp_cbg_executor', 'catkin_cmake_args': None, 'catkin_skip_building_tests': False, 'cmake_args': None, 'cmake_clean_cache': False, 'cmake_clean_first': False, 'cmake_force_configure': False, 'cmake_target': None, 'cmake_target_skip_unavailable': False, 'install_base': '/home/vboxuser/ros2_ws/install/examples_rclcpp_cbg_executor', 'merge_install': False, 'path': '/home/vboxuser/ros2_ws/src/examples/rclcpp/executors/cbg_executor', 'symlink_install': False, 'test_result_base': None}
[0.890s] Level 5:colcon.colcon_core.verb:set package 'examples_rclcpp_minimal_action_client' build argument 'cmake_args' from command line to 'None'
[0.890s] Level 5:colcon.colcon_core.verb:set package 'examples_rclcpp_minimal_action_client' build argument 'cmake_target' from command line to 'None'
[0.890s] Level 5:colcon.colcon_core.verb:set package 'examples_rclcpp_minimal_action_client' build argument 'cmake_target_skip_unavailable' from command line to 'False'
[0.890s] Level 5:colcon.colcon_core.verb:set package 'examples_rclcpp_minimal_action_client' build argument 'cmake_clean_cache' from command line to 'False'
[0.890s] Level 5:colcon.colcon_core.verb:set package 'examples_rclcpp_minimal_action_client' build argument 'cmake_clean_first' from command line to 'False'
[0.890s] Level 5:colcon.colcon_core.verb:set package 'examples_rclcpp_minimal_action_client' build argument 'cmake_force_configure' from command line to 'False'
[0.890s] Level 5:colcon.colcon_core.verb:set package 'examples_rclcpp_minimal_action_client' build argument 'ament_cmake_args' from command line to 'None'
[0.890s] Level 5:colcon.colcon_core.verb:set package 'examples_rclcpp_minimal_action_client' build argument 'catkin_cmake_args' from command line to 'None'
[0.890s] Level 5:colcon.colcon_core.verb:set package 'examples_rclcpp_minimal_action_client' build argument 'catkin_skip_building_tests' from command line to 'False'
[0.890s] DEBUG:colcon.colcon_core.verb:Building package 'examples_rclcpp_minimal_action_client' with the following arguments: {'ament_cmake_args': None, 'build_base': '/home/vboxuser/ros2_ws/build/examples_rclcpp_minimal_action_client', 'catkin_cmake_args': None, 'catkin_skip_building_tests': False, 'cmake_args': None, 'cmake_clean_cache': False, 'cmake_clean_first': False, 'cmake_force_configure': False, 'cmake_target': None, 'cmake_target_skip_unavailable': False, 'install_base': '/home/vboxuser/ros2_ws/install/examples_rclcpp_minimal_action_client', 'merge_install': False, 'path': '/home/vboxuser/ros2_ws/src/examples/rclcpp/actions/minimal_action_client', 'symlink_install': False, 'test_result_base': None}
[0.891s] Level 5:colcon.colcon_core.verb:set package 'examples_rclcpp_minimal_action_server' build argument 'cmake_args' from command line to 'None'
[0.891s] Level 5:colcon.colcon_core.verb:set package 'examples_rclcpp_minimal_action_server' build argument 'cmake_target' from command line to 'None'
[0.891s] Level 5:colcon.colcon_core.verb:set package 'examples_rclcpp_minimal_action_server' build argument 'cmake_target_skip_unavailable' from command line to 'False'
[0.891s] Level 5:colcon.colcon_core.verb:set package 'examples_rclcpp_minimal_action_server' build argument 'cmake_clean_cache' from command line to 'False'
[0.891s] Level 5:colcon.colcon_core.verb:set package 'examples_rclcpp_minimal_action_server' build argument 'cmake_clean_first' from command line to 'False'
[0.891s] Level 5:colcon.colcon_core.verb:set package 'examples_rclcpp_minimal_action_server' build argument 'cmake_force_configure' from command line to 'False'
[0.891s] Level 5:colcon.colcon_core.verb:set package 'examples_rclcpp_minimal_action_server' build argument 'ament_cmake_args' from command line to 'None'
[0.891s] Level 5:colcon.colcon_core.verb:set package 'examples_rclcpp_minimal_action_server' build argument 'catkin_cmake_args' from command line to 'None'
[0.891s] Level 5:colcon.colcon_core.verb:set package 'examples_rclcpp_minimal_action_server' build argument 'catkin_skip_building_tests' from command line to 'False'
[0.891s] DEBUG:colcon.colcon_core.verb:Building package 'examples_rclcpp_minimal_action_server' with the following arguments: {'ament_cmake_args': None, 'build_base': '/home/vboxuser/ros2_ws/build/examples_rclcpp_minimal_action_server', 'catkin_cmake_args': None, 'catkin_skip_building_tests': False, 'cmake_args': None, 'cmake_clean_cache': False, 'cmake_clean_first': False, 'cmake_force_configure': False, 'cmake_target': None, 'cmake_target_skip_unavailable': False, 'install_base': '/home/vboxuser/ros2_ws/install/examples_rclcpp_minimal_action_server', 'merge_install': False, 'path': '/home/vboxuser/ros2_ws/src/examples/rclcpp/actions/minimal_action_server', 'symlink_install': False, 'test_result_base': None}
[0.892s] Level 5:colcon.colcon_core.verb:set package 'examples_rclcpp_minimal_client' build argument 'cmake_args' from command line to 'None'
[0.892s] Level 5:colcon.colcon_core.verb:set package 'examples_rclcpp_minimal_client' build argument 'cmake_target' from command line to 'None'
[0.892s] Level 5:colcon.colcon_core.verb:set package 'examples_rclcpp_minimal_client' build argument 'cmake_target_skip_unavailable' from command line to 'False'
[0.892s] Level 5:colcon.colcon_core.verb:set package 'examples_rclcpp_minimal_client' build argument 'cmake_clean_cache' from command line to 'False'
[0.892s] Level 5:colcon.colcon_core.verb:set package 'examples_rclcpp_minimal_client' build argument 'cmake_clean_first' from command line to 'False'
[0.892s] Level 5:colcon.colcon_core.verb:set package 'examples_rclcpp_minimal_client' build argument 'cmake_force_configure' from command line to 'False'
[0.892s] Level 5:colcon.colcon_core.verb:set package 'examples_rclcpp_minimal_client' build argument 'ament_cmake_args' from command line to 'None'
[0.892s] Level 5:colcon.colcon_core.verb:set package 'examples_rclcpp_minimal_client' build argument 'catkin_cmake_args' from command line to 'None'
[0.892s] Level 5:colcon.colcon_core.verb:set package 'examples_rclcpp_minimal_client' build argument 'catkin_skip_building_tests' from command line to 'False'
[0.892s] DEBUG:colcon.colcon_core.verb:Building package 'examples_rclcpp_minimal_client' with the following arguments: {'ament_cmake_args': None, 'build_base': '/home/vboxuser/ros2_ws/build/examples_rclcpp_minimal_client', 'catkin_cmake_args': None, 'catkin_skip_building_tests': False, 'cmake_args': None, 'cmake_clean_cache': False, 'cmake_clean_first': False, 'cmake_force_configure': False, 'cmake_target': None, 'cmake_target_skip_unavailable': False, 'install_base': '/home/vboxuser/ros2_ws/install/examples_rclcpp_minimal_client', 'merge_install': False, 'path': '/home/vboxuser/ros2_ws/src/examples/rclcpp/services/minimal_client', 'symlink_install': False, 'test_result_base': None}
[0.893s] Level 5:colcon.colcon_core.verb:set package 'examples_rclcpp_minimal_composition' build argument 'cmake_args' from command line to 'None'
[0.893s] Level 5:colcon.colcon_core.verb:set package 'examples_rclcpp_minimal_composition' build argument 'cmake_target' from command line to 'None'
[0.893s] Level 5:colcon.colcon_core.verb:set package 'examples_rclcpp_minimal_composition' build argument 'cmake_target_skip_unavailable' from command line to 'False'
[0.893s] Level 5:colcon.colcon_core.verb:set package 'examples_rclcpp_minimal_composition' build argument 'cmake_clean_cache' from command line to 'False'
[0.893s] Level 5:colcon.colcon_core.verb:set package 'examples_rclcpp_minimal_composition' build argument 'cmake_clean_first' from command line to 'False'
[0.893s] Level 5:colcon.colcon_core.verb:set package 'examples_rclcpp_minimal_composition' build argument 'cmake_force_configure' from command line to 'False'
[0.893s] Level 5:colcon.colcon_core.verb:set package 'examples_rclcpp_minimal_composition' build argument 'ament_cmake_args' from command line to 'None'
[0.893s] Level 5:colcon.colcon_core.verb:set package 'examples_rclcpp_minimal_composition' build argument 'catkin_cmake_args' from command line to 'None'
[0.893s] Level 5:colcon.colcon_core.verb:set package 'examples_rclcpp_minimal_composition' build argument 'catkin_skip_building_tests' from command line to 'False'
[0.893s] DEBUG:colcon.colcon_core.verb:Building package 'examples_rclcpp_minimal_composition' with the following arguments: {'ament_cmake_args': None, 'build_base': '/home/vboxuser/ros2_ws/build/examples_rclcpp_minimal_composition', 'catkin_cmake_args': None, 'catkin_skip_building_tests': False, 'cmake_args': None, 'cmake_clean_cache': False, 'cmake_clean_first': False, 'cmake_force_configure': False, 'cmake_target': None, 'cmake_target_skip_unavailable': False, 'install_base': '/home/vboxuser/ros2_ws/install/examples_rclcpp_minimal_composition', 'merge_install': False, 'path': '/home/vboxuser/ros2_ws/src/examples/rclcpp/composition/minimal_composition', 'symlink_install': False, 'test_result_base': None}
[0.894s] Level 5:colcon.colcon_core.verb:set package 'examples_rclcpp_minimal_publisher' build argument 'cmake_args' from command line to 'None'
[0.894s] Level 5:colcon.colcon_core.verb:set package 'examples_rclcpp_minimal_publisher' build argument 'cmake_target' from command line to 'None'
[0.894s] Level 5:colcon.colcon_core.verb:set package 'examples_rclcpp_minimal_publisher' build argument 'cmake_target_skip_unavailable' from command line to 'False'
[0.894s] Level 5:colcon.colcon_core.verb:set package 'examples_rclcpp_minimal_publisher' build argument 'cmake_clean_cache' from command line to 'False'
[0.894s] Level 5:colcon.colcon_core.verb:set package 'examples_rclcpp_minimal_publisher' build argument 'cmake_clean_first' from command line to 'False'
[0.894s] Level 5:colcon.colcon_core.verb:set package 'examples_rclcpp_minimal_publisher' build argument 'cmake_force_configure' from command line to 'False'
[0.894s] Level 5:colcon.colcon_core.verb:set package 'examples_rclcpp_minimal_publisher' build argument 'ament_cmake_args' from command line to 'None'
[0.894s] Level 5:colcon.colcon_core.verb:set package 'examples_rclcpp_minimal_publisher' build argument 'catkin_cmake_args' from command line to 'None'
[0.894s] Level 5:colcon.colcon_core.verb:set package 'examples_rclcpp_minimal_publisher' build argument 'catkin_skip_building_tests' from command line to 'False'
[0.894s] DEBUG:colcon.colcon_core.verb:Building package 'examples_rclcpp_minimal_publisher' with the following arguments: {'ament_cmake_args': None, 'build_base': '/home/vboxuser/ros2_ws/build/examples_rclcpp_minimal_publisher', 'catkin_cmake_args': None, 'catkin_skip_building_tests': False, 'cmake_args': None, 'cmake_clean_cache': False, 'cmake_clean_first': False, 'cmake_force_configure': False, 'cmake_target': None, 'cmake_target_skip_unavailable': False, 'install_base': '/home/vboxuser/ros2_ws/install/examples_rclcpp_minimal_publisher', 'merge_install': False, 'path': '/home/vboxuser/ros2_ws/src/examples/rclcpp/topics/minimal_publisher', 'symlink_install': False, 'test_result_base': None}
[0.895s] Level 5:colcon.colcon_core.verb:set package 'examples_rclcpp_minimal_service' build argument 'cmake_args' from command line to 'None'
[0.895s] Level 5:colcon.colcon_core.verb:set package 'examples_rclcpp_minimal_service' build argument 'cmake_target' from command line to 'None'
[0.895s] Level 5:colcon.colcon_core.verb:set package 'examples_rclcpp_minimal_service' build argument 'cmake_target_skip_unavailable' from command line to 'False'
[0.895s] Level 5:colcon.colcon_core.verb:set package 'examples_rclcpp_minimal_service' build argument 'cmake_clean_cache' from command line to 'False'
[0.895s] Level 5:colcon.colcon_core.verb:set package 'examples_rclcpp_minimal_service' build argument 'cmake_clean_first' from command line to 'False'
[0.895s] Level 5:colcon.colcon_core.verb:set package 'examples_rclcpp_minimal_service' build argument 'cmake_force_configure' from command line to 'False'
[0.895s] Level 5:colcon.colcon_core.verb:set package 'examples_rclcpp_minimal_service' build argument 'ament_cmake_args' from command line to 'None'
[0.895s] Level 5:colcon.colcon_core.verb:set package 'examples_rclcpp_minimal_service' build argument 'catkin_cmake_args' from command line to 'None'
[0.895s] Level 5:colcon.colcon_core.verb:set package 'examples_rclcpp_minimal_service' build argument 'catkin_skip_building_tests' from command line to 'False'
[0.895s] DEBUG:colcon.colcon_core.verb:Building package 'examples_rclcpp_minimal_service' with the following arguments: {'ament_cmake_args': None, 'build_base': '/home/vboxuser/ros2_ws/build/examples_rclcpp_minimal_service', 'catkin_cmake_args': None, 'catkin_skip_building_tests': False, 'cmake_args': None, 'cmake_clean_cache': False, 'cmake_clean_first': False, 'cmake_force_configure': False, 'cmake_target': None, 'cmake_target_skip_unavailable': False, 'install_base': '/home/vboxuser/ros2_ws/install/examples_rclcpp_minimal_service', 'merge_install': False, 'path': '/home/vboxuser/ros2_ws/src/examples/rclcpp/services/minimal_service', 'symlink_install': False, 'test_result_base': None}
[0.896s] Level 5:colcon.colcon_core.verb:set package 'examples_rclcpp_minimal_subscriber' build argument 'cmake_args' from command line to 'None'
[0.896s] Level 5:colcon.colcon_core.verb:set package 'examples_rclcpp_minimal_subscriber' build argument 'cmake_target' from command line to 'None'
[0.896s] Level 5:colcon.colcon_core.verb:set package 'examples_rclcpp_minimal_subscriber' build argument 'cmake_target_skip_unavailable' from command line to 'False'
[0.896s] Level 5:colcon.colcon_core.verb:set package 'examples_rclcpp_minimal_subscriber' build argument 'cmake_clean_cache' from command line to 'False'
[0.896s] Level 5:colcon.colcon_core.verb:set package 'examples_rclcpp_minimal_subscriber' build argument 'cmake_clean_first' from command line to 'False'
[0.896s] Level 5:colcon.colcon_core.verb:set package 'examples_rclcpp_minimal_subscriber' build argument 'cmake_force_configure' from command line to 'False'
[0.896s] Level 5:colcon.colcon_core.verb:set package 'examples_rclcpp_minimal_subscriber' build argument 'ament_cmake_args' from command line to 'None'
[0.896s] Level 5:colcon.colcon_core.verb:set package 'examples_rclcpp_minimal_subscriber' build argument 'catkin_cmake_args' from command line to 'None'
[0.896s] Level 5:colcon.colcon_core.verb:set package 'examples_rclcpp_minimal_subscriber' build argument 'catkin_skip_building_tests' from command line to 'False'
[0.896s] DEBUG:colcon.colcon_core.verb:Building package 'examples_rclcpp_minimal_subscriber' with the following arguments: {'ament_cmake_args': None, 'build_base': '/home/vboxuser/ros2_ws/build/examples_rclcpp_minimal_subscriber', 'catkin_cmake_args': None, 'catkin_skip_building_tests': False, 'cmake_args': None, 'cmake_clean_cache': False, 'cmake_clean_first': False, 'cmake_force_configure': False, 'cmake_target': None, 'cmake_target_skip_unavailable': False, 'install_base': '/home/vboxuser/ros2_ws/install/examples_rclcpp_minimal_subscriber', 'merge_install': False, 'path': '/home/vboxuser/ros2_ws/src/examples/rclcpp/topics/minimal_subscriber', 'symlink_install': False, 'test_result_base': None}
[0.896s] Level 5:colcon.colcon_core.verb:set package 'examples_rclcpp_minimal_timer' build argument 'cmake_args' from command line to 'None'
[0.897s] Level 5:colcon.colcon_core.verb:set package 'examples_rclcpp_minimal_timer' build argument 'cmake_target' from command line to 'None'
[0.897s] Level 5:colcon.colcon_core.verb:set package 'examples_rclcpp_minimal_timer' build argument 'cmake_target_skip_unavailable' from command line to 'False'
[0.897s] Level 5:colcon.colcon_core.verb:set package 'examples_rclcpp_minimal_timer' build argument 'cmake_clean_cache' from command line to 'False'
[0.897s] Level 5:colcon.colcon_core.verb:set package 'examples_rclcpp_minimal_timer' build argument 'cmake_clean_first' from command line to 'False'
[0.897s] Level 5:colcon.colcon_core.verb:set package 'examples_rclcpp_minimal_timer' build argument 'cmake_force_configure' from command line to 'False'
[0.897s] Level 5:colcon.colcon_core.verb:set package 'examples_rclcpp_minimal_timer' build argument 'ament_cmake_args' from command line to 'None'
[0.897s] Level 5:colcon.colcon_core.verb:set package 'examples_rclcpp_minimal_timer' build argument 'catkin_cmake_args' from command line to 'None'
[0.897s] Level 5:colcon.colcon_core.verb:set package 'examples_rclcpp_minimal_timer' build argument 'catkin_skip_building_tests' from command line to 'False'
[0.897s] DEBUG:colcon.colcon_core.verb:Building package 'examples_rclcpp_minimal_timer' with the following arguments: {'ament_cmake_args': None, 'build_base': '/home/vboxuser/ros2_ws/build/examples_rclcpp_minimal_timer', 'catkin_cmake_args': None, 'catkin_skip_building_tests': False, 'cmake_args': None, 'cmake_clean_cache': False, 'cmake_clean_first': False, 'cmake_force_configure': False, 'cmake_target': None, 'cmake_target_skip_unavailable': False, 'install_base': '/home/vboxuser/ros2_ws/install/examples_rclcpp_minimal_timer', 'merge_install': False, 'path': '/home/vboxuser/ros2_ws/src/examples/rclcpp/timers/minimal_timer', 'symlink_install': False, 'test_result_base': None}
[0.897s] Level 5:colcon.colcon_core.verb:set package 'examples_rclcpp_multithreaded_executor' build argument 'cmake_args' from command line to 'None'
[0.897s] Level 5:colcon.colcon_core.verb:set package 'examples_rclcpp_multithreaded_executor' build argument 'cmake_target' from command line to 'None'
[0.897s] Level 5:colcon.colcon_core.verb:set package 'examples_rclcpp_multithreaded_executor' build argument 'cmake_target_skip_unavailable' from command line to 'False'
[0.898s] Level 5:colcon.colcon_core.verb:set package 'examples_rclcpp_multithreaded_executor' build argument 'cmake_clean_cache' from command line to 'False'
[0.898s] Level 5:colcon.colcon_core.verb:set package 'examples_rclcpp_multithreaded_executor' build argument 'cmake_clean_first' from command line to 'False'
[0.898s] Level 5:colcon.colcon_core.verb:set package 'examples_rclcpp_multithreaded_executor' build argument 'cmake_force_configure' from command line to 'False'
[0.898s] Level 5:colcon.colcon_core.verb:set package 'examples_rclcpp_multithreaded_executor' build argument 'ament_cmake_args' from command line to 'None'
[0.898s] Level 5:colcon.colcon_core.verb:set package 'examples_rclcpp_multithreaded_executor' build argument 'catkin_cmake_args' from command line to 'None'
[0.898s] Level 5:colcon.colcon_core.verb:set package 'examples_rclcpp_multithreaded_executor' build argument 'catkin_skip_building_tests' from command line to 'False'
[0.898s] DEBUG:colcon.colcon_core.verb:Building package 'examples_rclcpp_multithreaded_executor' with the following arguments: {'ament_cmake_args': None, 'build_base': '/home/vboxuser/ros2_ws/build/examples_rclcpp_multithreaded_executor', 'catkin_cmake_args': None, 'catkin_skip_building_tests': False, 'cmake_args': None, 'cmake_clean_cache': False, 'cmake_clean_first': False, 'cmake_force_configure': False, 'cmake_target': None, 'cmake_target_skip_unavailable': False, 'install_base': '/home/vboxuser/ros2_ws/install/examples_rclcpp_multithreaded_executor', 'merge_install': False, 'path': '/home/vboxuser/ros2_ws/src/examples/rclcpp/executors/multithreaded_executor', 'symlink_install': False, 'test_result_base': None}
[0.898s] Level 5:colcon.colcon_core.verb:set package 'examples_rclcpp_wait_set' build argument 'cmake_args' from command line to 'None'
[0.898s] Level 5:colcon.colcon_core.verb:set package 'examples_rclcpp_wait_set' build argument 'cmake_target' from command line to 'None'
[0.898s] Level 5:colcon.colcon_core.verb:set package 'examples_rclcpp_wait_set' build argument 'cmake_target_skip_unavailable' from command line to 'False'
[0.898s] Level 5:colcon.colcon_core.verb:set package 'examples_rclcpp_wait_set' build argument 'cmake_clean_cache' from command line to 'False'
[0.898s] Level 5:colcon.colcon_core.verb:set package 'examples_rclcpp_wait_set' build argument 'cmake_clean_first' from command line to 'False'
[0.898s] Level 5:colcon.colcon_core.verb:set package 'examples_rclcpp_wait_set' build argument 'cmake_force_configure' from command line to 'False'
[0.898s] Level 5:colcon.colcon_core.verb:set package 'examples_rclcpp_wait_set' build argument 'ament_cmake_args' from command line to 'None'
[0.898s] Level 5:colcon.colcon_core.verb:set package 'examples_rclcpp_wait_set' build argument 'catkin_cmake_args' from command line to 'None'
[0.898s] Level 5:colcon.colcon_core.verb:set package 'examples_rclcpp_wait_set' build argument 'catkin_skip_building_tests' from command line to 'False'
[0.898s] DEBUG:colcon.colcon_core.verb:Building package 'examples_rclcpp_wait_set' with the following arguments: {'ament_cmake_args': None, 'build_base': '/home/vboxuser/ros2_ws/build/examples_rclcpp_wait_set', 'catkin_cmake_args': None, 'catkin_skip_building_tests': False, 'cmake_args': None, 'cmake_clean_cache': False, 'cmake_clean_first': False, 'cmake_force_configure': False, 'cmake_target': None, 'cmake_target_skip_unavailable': False, 'install_base': '/home/vboxuser/ros2_ws/install/examples_rclcpp_wait_set', 'merge_install': False, 'path': '/home/vboxuser/ros2_ws/src/examples/rclcpp/wait_set', 'symlink_install': False, 'test_result_base': None}
[0.899s] Level 5:colcon.colcon_core.verb:set package 'examples_rclpy_executors' build argument 'cmake_args' from command line to 'None'
[0.899s] Level 5:colcon.colcon_core.verb:set package 'examples_rclpy_executors' build argument 'cmake_target' from command line to 'None'
[0.899s] Level 5:colcon.colcon_core.verb:set package 'examples_rclpy_executors' build argument 'cmake_target_skip_unavailable' from command line to 'False'
[0.899s] Level 5:colcon.colcon_core.verb:set package 'examples_rclpy_executors' build argument 'cmake_clean_cache' from command line to 'False'
[0.899s] Level 5:colcon.colcon_core.verb:set package 'examples_rclpy_executors' build argument 'cmake_clean_first' from command line to 'False'
[0.899s] Level 5:colcon.colcon_core.verb:set package 'examples_rclpy_executors' build argument 'cmake_force_configure' from command line to 'False'
[0.899s] Level 5:colcon.colcon_core.verb:set package 'examples_rclpy_executors' build argument 'ament_cmake_args' from command line to 'None'
[0.899s] Level 5:colcon.colcon_core.verb:set package 'examples_rclpy_executors' build argument 'catkin_cmake_args' from command line to 'None'
[0.899s] Level 5:colcon.colcon_core.verb:set package 'examples_rclpy_executors' build argument 'catkin_skip_building_tests' from command line to 'False'
[0.899s] DEBUG:colcon.colcon_core.verb:Building package 'examples_rclpy_executors' with the following arguments: {'ament_cmake_args': None, 'build_base': '/home/vboxuser/ros2_ws/build/examples_rclpy_executors', 'catkin_cmake_args': None, 'catkin_skip_building_tests': False, 'cmake_args': None, 'cmake_clean_cache': False, 'cmake_clean_first': False, 'cmake_force_configure': False, 'cmake_target': None, 'cmake_target_skip_unavailable': False, 'install_base': '/home/vboxuser/ros2_ws/install/examples_rclpy_executors', 'merge_install': False, 'path': '/home/vboxuser/ros2_ws/src/examples/rclpy/executors', 'symlink_install': False, 'test_result_base': None}
[0.900s] Level 5:colcon.colcon_core.verb:set package 'examples_rclpy_guard_conditions' build argument 'cmake_args' from command line to 'None'
[0.900s] Level 5:colcon.colcon_core.verb:set package 'examples_rclpy_guard_conditions' build argument 'cmake_target' from command line to 'None'
[0.900s] Level 5:colcon.colcon_core.verb:set package 'examples_rclpy_guard_conditions' build argument 'cmake_target_skip_unavailable' from command line to 'False'
[0.900s] Level 5:colcon.colcon_core.verb:set package 'examples_rclpy_guard_conditions' build argument 'cmake_clean_cache' from command line to 'False'
[0.900s] Level 5:colcon.colcon_core.verb:set package 'examples_rclpy_guard_conditions' build argument 'cmake_clean_first' from command line to 'False'
[0.900s] Level 5:colcon.colcon_core.verb:set package 'examples_rclpy_guard_conditions' build argument 'cmake_force_configure' from command line to 'False'
[0.900s] Level 5:colcon.colcon_core.verb:set package 'examples_rclpy_guard_conditions' build argument 'ament_cmake_args' from command line to 'None'
[0.900s] Level 5:colcon.colcon_core.verb:set package 'examples_rclpy_guard_conditions' build argument 'catkin_cmake_args' from command line to 'None'
[0.900s] Level 5:colcon.colcon_core.verb:set package 'examples_rclpy_guard_conditions' build argument 'catkin_skip_building_tests' from command line to 'False'
[0.900s] DEBUG:colcon.colcon_core.verb:Building package 'examples_rclpy_guard_conditions' with the following arguments: {'ament_cmake_args': None, 'build_base': '/home/vboxuser/ros2_ws/build/examples_rclpy_guard_conditions', 'catkin_cmake_args': None, 'catkin_skip_building_tests': False, 'cmake_args': None, 'cmake_clean_cache': False, 'cmake_clean_first': False, 'cmake_force_configure': False, 'cmake_target': None, 'cmake_target_skip_unavailable': False, 'install_base': '/home/vboxuser/ros2_ws/install/examples_rclpy_guard_conditions', 'merge_install': False, 'path': '/home/vboxuser/ros2_ws/src/examples/rclpy/guard_conditions', 'symlink_install': False, 'test_result_base': None}
[0.901s] Level 5:colcon.colcon_core.verb:set package 'examples_rclpy_minimal_action_client' build argument 'cmake_args' from command line to 'None'
[0.901s] Level 5:colcon.colcon_core.verb:set package 'examples_rclpy_minimal_action_client' build argument 'cmake_target' from command line to 'None'
[0.901s] Level 5:colcon.colcon_core.verb:set package 'examples_rclpy_minimal_action_client' build argument 'cmake_target_skip_unavailable' from command line to 'False'
[0.901s] Level 5:colcon.colcon_core.verb:set package 'examples_rclpy_minimal_action_client' build argument 'cmake_clean_cache' from command line to 'False'
[0.901s] Level 5:colcon.colcon_core.verb:set package 'examples_rclpy_minimal_action_client' build argument 'cmake_clean_first' from command line to 'False'
[0.901s] Level 5:colcon.colcon_core.verb:set package 'examples_rclpy_minimal_action_client' build argument 'cmake_force_configure' from command line to 'False'
[0.901s] Level 5:colcon.colcon_core.verb:set package 'examples_rclpy_minimal_action_client' build argument 'ament_cmake_args' from command line to 'None'
[0.901s] Level 5:colcon.colcon_core.verb:set package 'examples_rclpy_minimal_action_client' build argument 'catkin_cmake_args' from command line to 'None'
[0.901s] Level 5:colcon.colcon_core.verb:set package 'examples_rclpy_minimal_action_client' build argument 'catkin_skip_building_tests' from command line to 'False'
[0.901s] DEBUG:colcon.colcon_core.verb:Building package 'examples_rclpy_minimal_action_client' with the following arguments: {'ament_cmake_args': None, 'build_base': '/home/vboxuser/ros2_ws/build/examples_rclpy_minimal_action_client', 'catkin_cmake_args': None, 'catkin_skip_building_tests': False, 'cmake_args': None, 'cmake_clean_cache': False, 'cmake_clean_first': False, 'cmake_force_configure': False, 'cmake_target': None, 'cmake_target_skip_unavailable': False, 'install_base': '/home/vboxuser/ros2_ws/install/examples_rclpy_minimal_action_client', 'merge_install': False, 'path': '/home/vboxuser/ros2_ws/src/examples/rclpy/actions/minimal_action_client', 'symlink_install': False, 'test_result_base': None}
[0.902s] Level 5:colcon.colcon_core.verb:set package 'examples_rclpy_minimal_action_server' build argument 'cmake_args' from command line to 'None'
[0.902s] Level 5:colcon.colcon_core.verb:set package 'examples_rclpy_minimal_action_server' build argument 'cmake_target' from command line to 'None'
[0.902s] Level 5:colcon.colcon_core.verb:set package 'examples_rclpy_minimal_action_server' build argument 'cmake_target_skip_unavailable' from command line to 'False'
[0.902s] Level 5:colcon.colcon_core.verb:set package 'examples_rclpy_minimal_action_server' build argument 'cmake_clean_cache' from command line to 'False'
[0.902s] Level 5:colcon.colcon_core.verb:set package 'examples_rclpy_minimal_action_server' build argument 'cmake_clean_first' from command line to 'False'
[0.902s] Level 5:colcon.colcon_core.verb:set package 'examples_rclpy_minimal_action_server' build argument 'cmake_force_configure' from command line to 'False'
[0.902s] Level 5:colcon.colcon_core.verb:set package 'examples_rclpy_minimal_action_server' build argument 'ament_cmake_args' from command line to 'None'
[0.902s] Level 5:colcon.colcon_core.verb:set package 'examples_rclpy_minimal_action_server' build argument 'catkin_cmake_args' from command line to 'None'
[0.902s] Level 5:colcon.colcon_core.verb:set package 'examples_rclpy_minimal_action_server' build argument 'catkin_skip_building_tests' from command line to 'False'
[0.902s] DEBUG:colcon.colcon_core.verb:Building package 'examples_rclpy_minimal_action_server' with the following arguments: {'ament_cmake_args': None, 'build_base': '/home/vboxuser/ros2_ws/build/examples_rclpy_minimal_action_server', 'catkin_cmake_args': None, 'catkin_skip_building_tests': False, 'cmake_args': None, 'cmake_clean_cache': False, 'cmake_clean_first': False, 'cmake_force_configure': False, 'cmake_target': None, 'cmake_target_skip_unavailable': False, 'install_base': '/home/vboxuser/ros2_ws/install/examples_rclpy_minimal_action_server', 'merge_install': False, 'path': '/home/vboxuser/ros2_ws/src/examples/rclpy/actions/minimal_action_server', 'symlink_install': False, 'test_result_base': None}
[0.903s] Level 5:colcon.colcon_core.verb:set package 'examples_rclpy_minimal_client' build argument 'cmake_args' from command line to 'None'
[0.903s] Level 5:colcon.colcon_core.verb:set package 'examples_rclpy_minimal_client' build argument 'cmake_target' from command line to 'None'
[0.903s] Level 5:colcon.colcon_core.verb:set package 'examples_rclpy_minimal_client' build argument 'cmake_target_skip_unavailable' from command line to 'False'
[0.903s] Level 5:colcon.colcon_core.verb:set package 'examples_rclpy_minimal_client' build argument 'cmake_clean_cache' from command line to 'False'
[0.903s] Level 5:colcon.colcon_core.verb:set package 'examples_rclpy_minimal_client' build argument 'cmake_clean_first' from command line to 'False'
[0.903s] Level 5:colcon.colcon_core.verb:set package 'examples_rclpy_minimal_client' build argument 'cmake_force_configure' from command line to 'False'
[0.903s] Level 5:colcon.colcon_core.verb:set package 'examples_rclpy_minimal_client' build argument 'ament_cmake_args' from command line to 'None'
[0.903s] Level 5:colcon.colcon_core.verb:set package 'examples_rclpy_minimal_client' build argument 'catkin_cmake_args' from command line to 'None'
[0.903s] Level 5:colcon.colcon_core.verb:set package 'examples_rclpy_minimal_client' build argument 'catkin_skip_building_tests' from command line to 'False'
[0.903s] DEBUG:colcon.colcon_core.verb:Building package 'examples_rclpy_minimal_client' with the following arguments: {'ament_cmake_args': None, 'build_base': '/home/vboxuser/ros2_ws/build/examples_rclpy_minimal_client', 'catkin_cmake_args': None, 'catkin_skip_building_tests': False, 'cmake_args': None, 'cmake_clean_cache': False, 'cmake_clean_first': False, 'cmake_force_configure': False, 'cmake_target': None, 'cmake_target_skip_unavailable': False, 'install_base': '/home/vboxuser/ros2_ws/install/examples_rclpy_minimal_client', 'merge_install': False, 'path': '/home/vboxuser/ros2_ws/src/examples/rclpy/services/minimal_client', 'symlink_install': False, 'test_result_base': None}
[0.904s] Level 5:colcon.colcon_core.verb:set package 'examples_rclpy_minimal_publisher' build argument 'cmake_args' from command line to 'None'
[0.904s] Level 5:colcon.colcon_core.verb:set package 'examples_rclpy_minimal_publisher' build argument 'cmake_target' from command line to 'None'
[0.904s] Level 5:colcon.colcon_core.verb:set package 'examples_rclpy_minimal_publisher' build argument 'cmake_target_skip_unavailable' from command line to 'False'
[0.904s] Level 5:colcon.colcon_core.verb:set package 'examples_rclpy_minimal_publisher' build argument 'cmake_clean_cache' from command line to 'False'
[0.904s] Level 5:colcon.colcon_core.verb:set package 'examples_rclpy_minimal_publisher' build argument 'cmake_clean_first' from command line to 'False'
[0.904s] Level 5:colcon.colcon_core.verb:set package 'examples_rclpy_minimal_publisher' build argument 'cmake_force_configure' from command line to 'False'
[0.904s] Level 5:colcon.colcon_core.verb:set package 'examples_rclpy_minimal_publisher' build argument 'ament_cmake_args' from command line to 'None'
[0.904s] Level 5:colcon.colcon_core.verb:set package 'examples_rclpy_minimal_publisher' build argument 'catkin_cmake_args' from command line to 'None'
[0.904s] Level 5:colcon.colcon_core.verb:set package 'examples_rclpy_minimal_publisher' build argument 'catkin_skip_building_tests' from command line to 'False'
[0.904s] DEBUG:colcon.colcon_core.verb:Building package 'examples_rclpy_minimal_publisher' with the following arguments: {'ament_cmake_args': None, 'build_base': '/home/vboxuser/ros2_ws/build/examples_rclpy_minimal_publisher', 'catkin_cmake_args': None, 'catkin_skip_building_tests': False, 'cmake_args': None, 'cmake_clean_cache': False, 'cmake_clean_first': False, 'cmake_force_configure': False, 'cmake_target': None, 'cmake_target_skip_unavailable': False, 'install_base': '/home/vboxuser/ros2_ws/install/examples_rclpy_minimal_publisher', 'merge_install': False, 'path': '/home/vboxuser/ros2_ws/src/examples/rclpy/topics/minimal_publisher', 'symlink_install': False, 'test_result_base': None}
[0.904s] Level 5:colcon.colcon_core.verb:set package 'examples_rclpy_minimal_service' build argument 'cmake_args' from command line to 'None'
[0.904s] Level 5:colcon.colcon_core.verb:set package 'examples_rclpy_minimal_service' build argument 'cmake_target' from command line to 'None'
[0.904s] Level 5:colcon.colcon_core.verb:set package 'examples_rclpy_minimal_service' build argument 'cmake_target_skip_unavailable' from command line to 'False'
[0.905s] Level 5:colcon.colcon_core.verb:set package 'examples_rclpy_minimal_service' build argument 'cmake_clean_cache' from command line to 'False'
[0.905s] Level 5:colcon.colcon_core.verb:set package 'examples_rclpy_minimal_service' build argument 'cmake_clean_first' from command line to 'False'
[0.905s] Level 5:colcon.colcon_core.verb:set package 'examples_rclpy_minimal_service' build argument 'cmake_force_configure' from command line to 'False'
[0.905s] Level 5:colcon.colcon_core.verb:set package 'examples_rclpy_minimal_service' build argument 'ament_cmake_args' from command line to 'None'
[0.905s] Level 5:colcon.colcon_core.verb:set package 'examples_rclpy_minimal_service' build argument 'catkin_cmake_args' from command line to 'None'
[0.905s] Level 5:colcon.colcon_core.verb:set package 'examples_rclpy_minimal_service' build argument 'catkin_skip_building_tests' from command line to 'False'
[0.905s] DEBUG:colcon.colcon_core.verb:Building package 'examples_rclpy_minimal_service' with the following arguments: {'ament_cmake_args': None, 'build_base': '/home/vboxuser/ros2_ws/build/examples_rclpy_minimal_service', 'catkin_cmake_args': None, 'catkin_skip_building_tests': False, 'cmake_args': None, 'cmake_clean_cache': False, 'cmake_clean_first': False, 'cmake_force_configure': False, 'cmake_target': None, 'cmake_target_skip_unavailable': False, 'install_base': '/home/vboxuser/ros2_ws/install/examples_rclpy_minimal_service', 'merge_install': False, 'path': '/home/vboxuser/ros2_ws/src/examples/rclpy/services/minimal_service', 'symlink_install': False, 'test_result_base': None}
[0.905s] Level 5:colcon.colcon_core.verb:set package 'examples_rclpy_minimal_subscriber' build argument 'cmake_args' from command line to 'None'
[0.906s] Level 5:colcon.colcon_core.verb:set package 'examples_rclpy_minimal_subscriber' build argument 'cmake_target' from command line to 'None'
[0.906s] Level 5:colcon.colcon_core.verb:set package 'examples_rclpy_minimal_subscriber' build argument 'cmake_target_skip_unavailable' from command line to 'False'
[0.906s] Level 5:colcon.colcon_core.verb:set package 'examples_rclpy_minimal_subscriber' build argument 'cmake_clean_cache' from command line to 'False'
[0.906s] Level 5:colcon.colcon_core.verb:set package 'examples_rclpy_minimal_subscriber' build argument 'cmake_clean_first' from command line to 'False'
[0.906s] Level 5:colcon.colcon_core.verb:set package 'examples_rclpy_minimal_subscriber' build argument 'cmake_force_configure' from command line to 'False'
[0.906s] Level 5:colcon.colcon_core.verb:set package 'examples_rclpy_minimal_subscriber' build argument 'ament_cmake_args' from command line to 'None'
[0.906s] Level 5:colcon.colcon_core.verb:set package 'examples_rclpy_minimal_subscriber' build argument 'catkin_cmake_args' from command line to 'None'
[0.906s] Level 5:colcon.colcon_core.verb:set package 'examples_rclpy_minimal_subscriber' build argument 'catkin_skip_building_tests' from command line to 'False'
[0.906s] DEBUG:colcon.colcon_core.verb:Building package 'examples_rclpy_minimal_subscriber' with the following arguments: {'ament_cmake_args': None, 'build_base': '/home/vboxuser/ros2_ws/build/examples_rclpy_minimal_subscriber', 'catkin_cmake_args': None, 'catkin_skip_building_tests': False, 'cmake_args': None, 'cmake_clean_cache': False, 'cmake_clean_first': False, 'cmake_force_configure': False, 'cmake_target': None, 'cmake_target_skip_unavailable': False, 'install_base': '/home/vboxuser/ros2_ws/install/examples_rclpy_minimal_subscriber', 'merge_install': False, 'path': '/home/vboxuser/ros2_ws/src/examples/rclpy/topics/minimal_subscriber', 'symlink_install': False, 'test_result_base': None}
[0.906s] Level 5:colcon.colcon_core.verb:set package 'examples_rclpy_pointcloud_publisher' build argument 'cmake_args' from command line to 'None'
[0.906s] Level 5:colcon.colcon_core.verb:set package 'examples_rclpy_pointcloud_publisher' build argument 'cmake_target' from command line to 'None'
[0.906s] Level 5:colcon.colcon_core.verb:set package 'examples_rclpy_pointcloud_publisher' build argument 'cmake_target_skip_unavailable' from command line to 'False'
[0.906s] Level 5:colcon.colcon_core.verb:set package 'examples_rclpy_pointcloud_publisher' build argument 'cmake_clean_cache' from command line to 'False'
[0.906s] Level 5:colcon.colcon_core.verb:set package 'examples_rclpy_pointcloud_publisher' build argument 'cmake_clean_first' from command line to 'False'
[0.906s] Level 5:colcon.colcon_core.verb:set package 'examples_rclpy_pointcloud_publisher' build argument 'cmake_force_configure' from command line to 'False'
[0.906s] Level 5:colcon.colcon_core.verb:set package 'examples_rclpy_pointcloud_publisher' build argument 'ament_cmake_args' from command line to 'None'
[0.906s] Level 5:colcon.colcon_core.verb:set package 'examples_rclpy_pointcloud_publisher' build argument 'catkin_cmake_args' from command line to 'None'
[0.906s] Level 5:colcon.colcon_core.verb:set package 'examples_rclpy_pointcloud_publisher' build argument 'catkin_skip_building_tests' from command line to 'False'
[0.906s] DEBUG:colcon.colcon_core.verb:Building package 'examples_rclpy_pointcloud_publisher' with the following arguments: {'ament_cmake_args': None, 'build_base': '/home/vboxuser/ros2_ws/build/examples_rclpy_pointcloud_publisher', 'catkin_cmake_args': None, 'catkin_skip_building_tests': False, 'cmake_args': None, 'cmake_clean_cache': False, 'cmake_clean_first': False, 'cmake_force_configure': False, 'cmake_target': None, 'cmake_target_skip_unavailable': False, 'install_base': '/home/vboxuser/ros2_ws/install/examples_rclpy_pointcloud_publisher', 'merge_install': False, 'path': '/home/vboxuser/ros2_ws/src/examples/rclpy/topics/pointcloud_publisher', 'symlink_install': False, 'test_result_base': None}
[0.907s] Level 5:colcon.colcon_core.verb:set package 'launch_testing_examples' build argument 'cmake_args' from command line to 'None'
[0.907s] Level 5:colcon.colcon_core.verb:set package 'launch_testing_examples' build argument 'cmake_target' from command line to 'None'
[0.907s] Level 5:colcon.colcon_core.verb:set package 'launch_testing_examples' build argument 'cmake_target_skip_unavailable' from command line to 'False'
[0.907s] Level 5:colcon.colcon_core.verb:set package 'launch_testing_examples' build argument 'cmake_clean_cache' from command line to 'False'
[0.907s] Level 5:colcon.colcon_core.verb:set package 'launch_testing_examples' build argument 'cmake_clean_first' from command line to 'False'
[0.907s] Level 5:colcon.colcon_core.verb:set package 'launch_testing_examples' build argument 'cmake_force_configure' from command line to 'False'
[0.907s] Level 5:colcon.colcon_core.verb:set package 'launch_testing_examples' build argument 'ament_cmake_args' from command line to 'None'
[0.907s] Level 5:colcon.colcon_core.verb:set package 'launch_testing_examples' build argument 'catkin_cmake_args' from command line to 'None'
[0.907s] Level 5:colcon.colcon_core.verb:set package 'launch_testing_examples' build argument 'catkin_skip_building_tests' from command line to 'False'
[0.907s] DEBUG:colcon.colcon_core.verb:Building package 'launch_testing_examples' with the following arguments: {'ament_cmake_args': None, 'build_base': '/home/vboxuser/ros2_ws/build/launch_testing_examples', 'catkin_cmake_args': None, 'catkin_skip_building_tests': False, 'cmake_args': None, 'cmake_clean_cache': False, 'cmake_clean_first': False, 'cmake_force_configure': False, 'cmake_target': None, 'cmake_target_skip_unavailable': False, 'install_base': '/home/vboxuser/ros2_ws/install/launch_testing_examples', 'merge_install': False, 'path': '/home/vboxuser/ros2_ws/src/examples/launch_testing/launch_testing_examples', 'symlink_install': False, 'test_result_base': None}
[0.908s] Level 5:colcon.colcon_core.verb:set package 'my_package' build argument 'cmake_args' from command line to 'None'
[0.908s] Level 5:colcon.colcon_core.verb:set package 'my_package' build argument 'cmake_target' from command line to 'None'
[0.908s] Level 5:colcon.colcon_core.verb:set package 'my_package' build argument 'cmake_target_skip_unavailable' from command line to 'False'
[0.908s] Level 5:colcon.colcon_core.verb:set package 'my_package' build argument 'cmake_clean_cache' from command line to 'False'
[0.908s] Level 5:colcon.colcon_core.verb:set package 'my_package' build argument 'cmake_clean_first' from command line to 'False'
[0.908s] Level 5:colcon.colcon_core.verb:set package 'my_package' build argument 'cmake_force_configure' from command line to 'False'
[0.908s] Level 5:colcon.colcon_core.verb:set package 'my_package' build argument 'ament_cmake_args' from command line to 'None'
[0.908s] Level 5:colcon.colcon_core.verb:set package 'my_package' build argument 'catkin_cmake_args' from command line to 'None'
[0.908s] Level 5:colcon.colcon_core.verb:set package 'my_package' build argument 'catkin_skip_building_tests' from command line to 'False'
[0.908s] DEBUG:colcon.colcon_core.verb:Building package 'my_package' with the following arguments: {'ament_cmake_args': None, 'build_base': '/home/vboxuser/ros2_ws/build/my_package', 'catkin_cmake_args': None, 'catkin_skip_building_tests': False, 'cmake_args': None, 'cmake_clean_cache': False, 'cmake_clean_first': False, 'cmake_force_configure': False, 'cmake_target': None, 'cmake_target_skip_unavailable': False, 'install_base': '/home/vboxuser/ros2_ws/install/my_package', 'merge_install': False, 'path': '/home/vboxuser/ros2_ws/src/my_package', 'symlink_install': False, 'test_result_base': None}
[0.909s] Level 5:colcon.colcon_core.verb:set package 'py_pubsub' build argument 'cmake_args' from command line to 'None'
[0.909s] Level 5:colcon.colcon_core.verb:set package 'py_pubsub' build argument 'cmake_target' from command line to 'None'
[0.909s] Level 5:colcon.colcon_core.verb:set package 'py_pubsub' build argument 'cmake_target_skip_unavailable' from command line to 'False'
[0.909s] Level 5:colcon.colcon_core.verb:set package 'py_pubsub' build argument 'cmake_clean_cache' from command line to 'False'
[0.909s] Level 5:colcon.colcon_core.verb:set package 'py_pubsub' build argument 'cmake_clean_first' from command line to 'False'
[0.909s] Level 5:colcon.colcon_core.verb:set package 'py_pubsub' build argument 'cmake_force_configure' from command line to 'False'
[0.909s] Level 5:colcon.colcon_core.verb:set package 'py_pubsub' build argument 'ament_cmake_args' from command line to 'None'
[0.909s] Level 5:colcon.colcon_core.verb:set package 'py_pubsub' build argument 'catkin_cmake_args' from command line to 'None'
[0.909s] Level 5:colcon.colcon_core.verb:set package 'py_pubsub' build argument 'catkin_skip_building_tests' from command line to 'False'
[0.909s] DEBUG:colcon.colcon_core.verb:Building package 'py_pubsub' with the following arguments: {'ament_cmake_args': None, 'build_base': '/home/vboxuser/ros2_ws/build/py_pubsub', 'catkin_cmake_args': None, 'catkin_skip_building_tests': False, 'cmake_args': None, 'cmake_clean_cache': False, 'cmake_clean_first': False, 'cmake_force_configure': False, 'cmake_target': None, 'cmake_target_skip_unavailable': False, 'install_base': '/home/vboxuser/ros2_ws/install/py_pubsub', 'merge_install': False, 'path': '/home/vboxuser/ros2_ws/src/py_pubsub', 'symlink_install': False, 'test_result_base': None}
[0.910s] Level 5:colcon.colcon_core.verb:set package 'turtlesim' build argument 'cmake_args' from command line to 'None'
[0.910s] Level 5:colcon.colcon_core.verb:set package 'turtlesim' build argument 'cmake_target' from command line to 'None'
[0.910s] Level 5:colcon.colcon_core.verb:set package 'turtlesim' build argument 'cmake_target_skip_unavailable' from command line to 'False'
[0.910s] Level 5:colcon.colcon_core.verb:set package 'turtlesim' build argument 'cmake_clean_cache' from command line to 'False'
[0.910s] Level 5:colcon.colcon_core.verb:set package 'turtlesim' build argument 'cmake_clean_first' from command line to 'False'
[0.910s] Level 5:colcon.colcon_core.verb:set package 'turtlesim' build argument 'cmake_force_configure' from command line to 'False'
[0.910s] Level 5:colcon.colcon_core.verb:set package 'turtlesim' build argument 'ament_cmake_args' from command line to 'None'
[0.910s] Level 5:colcon.colcon_core.verb:set package 'turtlesim' build argument 'catkin_cmake_args' from command line to 'None'
[0.910s] Level 5:colcon.colcon_core.verb:set package 'turtlesim' build argument 'catkin_skip_building_tests' from command line to 'False'
[0.910s] DEBUG:colcon.colcon_core.verb:Building package 'turtlesim' with the following arguments: {'ament_cmake_args': None, 'build_base': '/home/vboxuser/ros2_ws/build/turtlesim', 'catkin_cmake_args': None, 'catkin_skip_building_tests': False, 'cmake_args': None, 'cmake_clean_cache': False, 'cmake_clean_first': False, 'cmake_force_configure': False, 'cmake_target': None, 'cmake_target_skip_unavailable': False, 'install_base': '/home/vboxuser/ros2_ws/install/turtlesim', 'merge_install': False, 'path': '/home/vboxuser/ros2_ws/src/ros_tutorials/turtlesim', 'symlink_install': False, 'test_result_base': None}
[0.911s] INFO:colcon.colcon_core.executor:Executing jobs using 'parallel' executor
[0.912s] DEBUG:colcon.colcon_parallel_executor.executor.parallel:run_until_complete
[0.913s] INFO:colcon.colcon_ros.task.ament_python.build:Building ROS package in '/home/vboxuser/ros2_ws/src/BMS_BQ769X2/src/bms_visualizer' with build type 'ament_python'
[0.914s] Level 1:colcon.colcon_core.shell:create_environment_hook('bms_visualizer', 'ament_prefix_path')
[0.924s] INFO:colcon.colcon_core.plugin_system:Skipping extension 'colcon_core.shell.bat': Not used on non-Windows systems
[0.925s] INFO:colcon.colcon_core.shell:Creating environment hook '/home/vboxuser/ros2_ws/install/bms_visualizer/share/bms_visualizer/hook/ament_prefix_path.ps1'
[0.927s] INFO:colcon.colcon_core.shell:Creating environment descriptor '/home/vboxuser/ros2_ws/install/bms_visualizer/share/bms_visualizer/hook/ament_prefix_path.dsv'
[0.928s] INFO:colcon.colcon_core.shell:Creating environment hook '/home/vboxuser/ros2_ws/install/bms_visualizer/share/bms_visualizer/hook/ament_prefix_path.sh'
[0.930s] INFO:colcon.colcon_core.shell:Skip shell extension 'powershell' for command environment: Not usable outside of PowerShell
[0.930s] DEBUG:colcon.colcon_core.shell:Skip shell extension 'dsv' for command environment
[0.963s] INFO:colcon.colcon_ros.task.ament_cmake.build:Building ROS package in '/home/vboxuser/ros2_ws/src/BMS_BQ769X2/src/bq769x2_i2c_ros' with build type 'ament_cmake'
[0.964s] INFO:colcon.colcon_cmake.task.cmake.build:Building CMake package in '/home/vboxuser/ros2_ws/src/BMS_BQ769X2/src/bq769x2_i2c_ros'
[0.964s] INFO:colcon.colcon_core.shell:Skip shell extension 'powershell' for command environment: Not usable outside of PowerShell
[0.965s] DEBUG:colcon.colcon_core.shell:Skip shell extension 'dsv' for command environment
[0.999s] INFO:colcon.colcon_ros.task.ament_cmake.build:Building ROS package in '/home/vboxuser/ros2_ws/src/examples/rclcpp/services/async_client' with build type 'ament_cmake'
[1.000s] INFO:colcon.colcon_cmake.task.cmake.build:Building CMake package in '/home/vboxuser/ros2_ws/src/examples/rclcpp/services/async_client'
[1.001s] INFO:colcon.colcon_core.shell:Skip shell extension 'powershell' for command environment: Not usable outside of PowerShell
[1.001s] DEBUG:colcon.colcon_core.shell:Skip shell extension 'dsv' for command environment
[1.034s] INFO:colcon.colcon_ros.task.ament_cmake.build:Building ROS package in '/home/vboxuser/ros2_ws/src/examples/rclcpp/executors/cbg_executor' with build type 'ament_cmake'
[1.034s] INFO:colcon.colcon_cmake.task.cmake.build:Building CMake package in '/home/vboxuser/ros2_ws/src/examples/rclcpp/executors/cbg_executor'
[1.035s] INFO:colcon.colcon_core.shell:Skip shell extension 'powershell' for command environment: Not usable outside of PowerShell
[1.035s] DEBUG:colcon.colcon_core.shell:Skip shell extension 'dsv' for command environment
[1.105s] DEBUG:colcon.colcon_core.event_handler.log_command:Invoking command in '/home/vboxuser/ros2_ws/build/examples_rclcpp_async_client': CMAKE_PREFIX_PATH=${CMAKE_PREFIX_PATH}:/home/vboxuser/ros2_ws/install/py_pubsub:/home/vboxuser/ros2_ws/install/launch_testing_examples:/home/vboxuser/ros2_ws/install/examples_rclpy_pointcloud_publisher:/home/vboxuser/ros2_ws/install/examples_rclpy_minimal_subscriber:/home/vboxuser/ros2_ws/install/examples_rclpy_minimal_service:/home/vboxuser/ros2_ws/install/examples_rclpy_minimal_publisher:/home/vboxuser/ros2_ws/install/examples_rclpy_minimal_client:/home/vboxuser/ros2_ws/install/examples_rclpy_minimal_action_server:/home/vboxuser/ros2_ws/install/examples_rclpy_minimal_action_client:/home/vboxuser/ros2_ws/install/examples_rclpy_guard_conditions:/home/vboxuser/ros2_ws/install/examples_rclpy_executors:/home/vboxuser/ros2_ws/install/bms_visualizer:/opt/ros/iron:/home/vboxuser/ros2_iron/install/rqt_bag_plugins:/home/vboxuser/ros2_iron/install/rqt_bag:/home/vboxuser/ros2_iron/install/rosbag2_examples_py:/home/vboxuser/ros2_iron/install/launch_testing_examples:/home/vboxuser/ros2_iron/install/ros2bag:/home/vboxuser/ros2_iron/install/tracetools_test:/home/vboxuser/ros2_iron/install/tracetools_launch:/home/vboxuser/ros2_iron/install/topic_monitor:/home/vboxuser/ros2_iron/install/tf2_tools:/home/vboxuser/ros2_iron/install/examples_tf2_py:/home/vboxuser/ros2_iron/install/tf2_ros_py:/home/vboxuser/ros2_iron/install/examples_rclpy_pointcloud_publisher:/home/vboxuser/ros2_iron/install/sensor_msgs_py:/home/vboxuser/ros2_iron/install/quality_of_service_demo_py:/home/vboxuser/ros2_iron/install/rqt_plot:/home/vboxuser/ros2_iron/install/ros2doctor:/home/vboxuser/ros2_iron/install/lifecycle_py:/home/vboxuser/ros2_iron/install/examples_rclpy_minimal_subscriber:/home/vboxuser/ros2_iron/install/examples_rclpy_minimal_service:/home/vboxuser/ros2_iron/install/examples_rclpy_minimal_publisher:/home/vboxuser/ros2_iron/install/examples_rclpy_minimal_client:/home/vboxuser/ros2_iron/install/examples_rclpy_executors:/home/vboxuser/ros2_iron/install/demo_nodes_py:/home/vboxuser/ros2_iron/install/rqt:/home/vboxuser/ros2_iron/install/ros2component:/home/vboxuser/ros2_iron/install/sros2:/home/vboxuser/ros2_iron/install/rqt_topic:/home/vboxuser/ros2_iron/install/rqt_srv:/home/vboxuser/ros2_iron/install/rqt_shell:/home/vboxuser/ros2_iron/install/rqt_service_caller:/home/vboxuser/ros2_iron/install/rqt_reconfigure:/home/vboxuser/ros2_iron/install/rqt_py_console:/home/vboxuser/ros2_iron/install/rqt_publisher:/home/vboxuser/ros2_iron/install/rqt_action:/home/vboxuser/ros2_iron/install/rqt_msg:/home/vboxuser/ros2_iron/install/rqt_console:/home/vboxuser/ros2_iron/install/rqt_graph:/home/vboxuser/ros2_iron/install/rqt_gui_py:/home/vboxuser/ros2_iron/install/rqt_gui:/home/vboxuser/ros2_iron/install/ros2trace:/home/vboxuser/ros2_iron/install/ros2topic:/home/vboxuser/ros2_iron/install/ros2test:/home/vboxuser/ros2_iron/install/ros2param:/home/vboxuser/ros2_iron/install/ros2lifecycle:/home/vboxuser/ros2_iron/install/ros2service:/home/vboxuser/ros2_iron/install/ros2run:/home/vboxuser/ros2_iron/install/ros2launch:/home/vboxuser/ros2_iron/install/ros2pkg:/home/vboxuser/ros2_iron/install/ros2node:/home/vboxuser/ros2_iron/install/ros2multicast:/home/vboxuser/ros2_iron/install/ros2interface:/home/vboxuser/ros2_iron/install/ros2action:/home/vboxuser/ros2_iron/install/ros2cli:/home/vboxuser/ros2_iron/install/launch_testing_ros:/home/vboxuser/ros2_iron/install/launch_ros:/home/vboxuser/ros2_iron/install/examples_rclpy_minimal_action_server:/home/vboxuser/ros2_iron/install/examples_rclpy_minimal_action_client:/home/vboxuser/ros2_iron/install/examples_rclpy_guard_conditions:/home/vboxuser/ros2_iron/install/action_tutorials_py:/home/vboxuser/ros2_iron/install/ament_uncrustify:/home/vboxuser/ros2_iron/install/tracetools_trace:/home/vboxuser/ros2_iron/install/tracetools_read:/home/vboxuser/ros2_iron/install/test_tracetools_launch:/home/vboxuser/ros2_iron/install/test_ros2trace:/home/vboxuser/ros2_iron/install/test_launch_ros:/home/vboxuser/ros2_iron/install/rpyutils:/home/vboxuser/ros2_iron/install/rosidl_runtime_py:/home/vboxuser/ros2_iron/install/rosidl_pycommon:/home/vboxuser/ros2_iron/install/rosidl_cli:/home/vboxuser/ros2_iron/install/launch_pytest:/home/vboxuser/ros2_iron/install/launch_testing:/home/vboxuser/ros2_iron/install/launch_yaml:/home/vboxuser/ros2_iron/install/launch_xml:/home/vboxuser/ros2_iron/install/launch:/home/vboxuser/ros2_iron/install/osrf_pycommon:/home/vboxuser/ros2_iron/install/domain_coordinator:/home/vboxuser/ros2_iron/install/ament_xmllint:/home/vboxuser/ros2_iron/install/ament_pyflakes:/home/vboxuser/ros2_iron/install/ament_pycodestyle:/home/vboxuser/ros2_iron/install/ament_pep257:/home/vboxuser/ros2_iron/install/ament_pclint:/home/vboxuser/ros2_iron/install/ament_package:/home/vboxuser/ros2_iron/install/ament_mypy:/home/vboxuser/ros2_iron/install/ament_lint_cmake:/home/vboxuser/ros2_iron/install/ament_flake8:/home/vboxuser/ros2_iron/install/ament_copyright:/home/vboxuser/ros2_iron/install/ament_lint:/home/vboxuser/ros2_iron/install/ament_index_python:/home/vboxuser/ros2_iron/install/ament_cpplint:/home/vboxuser/ros2_iron/install/ament_cppcheck:/home/vboxuser/ros2_iron/install/ament_clang_tidy:/home/vboxuser/ros2_iron/install/ament_clang_format /usr/bin/cmake --build /home/vboxuser/ros2_ws/build/examples_rclcpp_async_client -- -j4 -l4
[1.837s] INFO:colcon.colcon_core.task.python.build:Building Python package in '/home/vboxuser/ros2_ws/src/BMS_BQ769X2/src/bms_visualizer'
[1.838s] INFO:colcon.colcon_core.shell:Skip shell extension 'powershell' for command environment: Not usable outside of PowerShell
[1.838s] DEBUG:colcon.colcon_core.shell:Skip shell extension 'dsv' for command environment
[1.886s] DEBUG:colcon.colcon_core.event_handler.log_command:Invoking command in '/home/vboxuser/ros2_ws/build/bq769x2_i2c_ros': CMAKE_PREFIX_PATH=${CMAKE_PREFIX_PATH}:/home/vboxuser/ros2_ws/install/py_pubsub:/home/vboxuser/ros2_ws/install/launch_testing_examples:/home/vboxuser/ros2_ws/install/examples_rclpy_pointcloud_publisher:/home/vboxuser/ros2_ws/install/examples_rclpy_minimal_subscriber:/home/vboxuser/ros2_ws/install/examples_rclpy_minimal_service:/home/vboxuser/ros2_ws/install/examples_rclpy_minimal_publisher:/home/vboxuser/ros2_ws/install/examples_rclpy_minimal_client:/home/vboxuser/ros2_ws/install/examples_rclpy_minimal_action_server:/home/vboxuser/ros2_ws/install/examples_rclpy_minimal_action_client:/home/vboxuser/ros2_ws/install/examples_rclpy_guard_conditions:/home/vboxuser/ros2_ws/install/examples_rclpy_executors:/home/vboxuser/ros2_ws/install/bms_visualizer:/opt/ros/iron:/home/vboxuser/ros2_iron/install/rqt_bag_plugins:/home/vboxuser/ros2_iron/install/rqt_bag:/home/vboxuser/ros2_iron/install/rosbag2_examples_py:/home/vboxuser/ros2_iron/install/launch_testing_examples:/home/vboxuser/ros2_iron/install/ros2bag:/home/vboxuser/ros2_iron/install/tracetools_test:/home/vboxuser/ros2_iron/install/tracetools_launch:/home/vboxuser/ros2_iron/install/topic_monitor:/home/vboxuser/ros2_iron/install/tf2_tools:/home/vboxuser/ros2_iron/install/examples_tf2_py:/home/vboxuser/ros2_iron/install/tf2_ros_py:/home/vboxuser/ros2_iron/install/examples_rclpy_pointcloud_publisher:/home/vboxuser/ros2_iron/install/sensor_msgs_py:/home/vboxuser/ros2_iron/install/quality_of_service_demo_py:/home/vboxuser/ros2_iron/install/rqt_plot:/home/vboxuser/ros2_iron/install/ros2doctor:/home/vboxuser/ros2_iron/install/lifecycle_py:/home/vboxuser/ros2_iron/install/examples_rclpy_minimal_subscriber:/home/vboxuser/ros2_iron/install/examples_rclpy_minimal_service:/home/vboxuser/ros2_iron/install/examples_rclpy_minimal_publisher:/home/vboxuser/ros2_iron/install/examples_rclpy_minimal_client:/home/vboxuser/ros2_iron/install/examples_rclpy_executors:/home/vboxuser/ros2_iron/install/demo_nodes_py:/home/vboxuser/ros2_iron/install/rqt:/home/vboxuser/ros2_iron/install/ros2component:/home/vboxuser/ros2_iron/install/sros2:/home/vboxuser/ros2_iron/install/rqt_topic:/home/vboxuser/ros2_iron/install/rqt_srv:/home/vboxuser/ros2_iron/install/rqt_shell:/home/vboxuser/ros2_iron/install/rqt_service_caller:/home/vboxuser/ros2_iron/install/rqt_reconfigure:/home/vboxuser/ros2_iron/install/rqt_py_console:/home/vboxuser/ros2_iron/install/rqt_publisher:/home/vboxuser/ros2_iron/install/rqt_action:/home/vboxuser/ros2_iron/install/rqt_msg:/home/vboxuser/ros2_iron/install/rqt_console:/home/vboxuser/ros2_iron/install/rqt_graph:/home/vboxuser/ros2_iron/install/rqt_gui_py:/home/vboxuser/ros2_iron/install/rqt_gui:/home/vboxuser/ros2_iron/install/ros2trace:/home/vboxuser/ros2_iron/install/ros2topic:/home/vboxuser/ros2_iron/install/ros2test:/home/vboxuser/ros2_iron/install/ros2param:/home/vboxuser/ros2_iron/install/ros2lifecycle:/home/vboxuser/ros2_iron/install/ros2service:/home/vboxuser/ros2_iron/install/ros2run:/home/vboxuser/ros2_iron/install/ros2launch:/home/vboxuser/ros2_iron/install/ros2pkg:/home/vboxuser/ros2_iron/install/ros2node:/home/vboxuser/ros2_iron/install/ros2multicast:/home/vboxuser/ros2_iron/install/ros2interface:/home/vboxuser/ros2_iron/install/ros2action:/home/vboxuser/ros2_iron/install/ros2cli:/home/vboxuser/ros2_iron/install/launch_testing_ros:/home/vboxuser/ros2_iron/install/launch_ros:/home/vboxuser/ros2_iron/install/examples_rclpy_minimal_action_server:/home/vboxuser/ros2_iron/install/examples_rclpy_minimal_action_client:/home/vboxuser/ros2_iron/install/examples_rclpy_guard_conditions:/home/vboxuser/ros2_iron/install/action_tutorials_py:/home/vboxuser/ros2_iron/install/ament_uncrustify:/home/vboxuser/ros2_iron/install/tracetools_trace:/home/vboxuser/ros2_iron/install/tracetools_read:/home/vboxuser/ros2_iron/install/test_tracetools_launch:/home/vboxuser/ros2_iron/install/test_ros2trace:/home/vboxuser/ros2_iron/install/test_launch_ros:/home/vboxuser/ros2_iron/install/rpyutils:/home/vboxuser/ros2_iron/install/rosidl_runtime_py:/home/vboxuser/ros2_iron/install/rosidl_pycommon:/home/vboxuser/ros2_iron/install/rosidl_cli:/home/vboxuser/ros2_iron/install/launch_pytest:/home/vboxuser/ros2_iron/install/launch_testing:/home/vboxuser/ros2_iron/install/launch_yaml:/home/vboxuser/ros2_iron/install/launch_xml:/home/vboxuser/ros2_iron/install/launch:/home/vboxuser/ros2_iron/install/osrf_pycommon:/home/vboxuser/ros2_iron/install/domain_coordinator:/home/vboxuser/ros2_iron/install/ament_xmllint:/home/vboxuser/ros2_iron/install/ament_pyflakes:/home/vboxuser/ros2_iron/install/ament_pycodestyle:/home/vboxuser/ros2_iron/install/ament_pep257:/home/vboxuser/ros2_iron/install/ament_pclint:/home/vboxuser/ros2_iron/install/ament_package:/home/vboxuser/ros2_iron/install/ament_mypy:/home/vboxuser/ros2_iron/install/ament_lint_cmake:/home/vboxuser/ros2_iron/install/ament_flake8:/home/vboxuser/ros2_iron/install/ament_copyright:/home/vboxuser/ros2_iron/install/ament_lint:/home/vboxuser/ros2_iron/install/ament_index_python:/home/vboxuser/ros2_iron/install/ament_cpplint:/home/vboxuser/ros2_iron/install/ament_cppcheck:/home/vboxuser/ros2_iron/install/ament_clang_tidy:/home/vboxuser/ros2_iron/install/ament_clang_format /usr/bin/cmake --build /home/vboxuser/ros2_ws/build/bq769x2_i2c_ros -- -j4 -l4
[1.901s] DEBUG:colcon.colcon_core.event_handler.log_command:Invoking command in '/home/vboxuser/ros2_ws/build/examples_rclcpp_cbg_executor': CMAKE_PREFIX_PATH=${CMAKE_PREFIX_PATH}:/home/vboxuser/ros2_ws/install/py_pubsub:/home/vboxuser/ros2_ws/install/launch_testing_examples:/home/vboxuser/ros2_ws/install/examples_rclpy_pointcloud_publisher:/home/vboxuser/ros2_ws/install/examples_rclpy_minimal_subscriber:/home/vboxuser/ros2_ws/install/examples_rclpy_minimal_service:/home/vboxuser/ros2_ws/install/examples_rclpy_minimal_publisher:/home/vboxuser/ros2_ws/install/examples_rclpy_minimal_client:/home/vboxuser/ros2_ws/install/examples_rclpy_minimal_action_server:/home/vboxuser/ros2_ws/install/examples_rclpy_minimal_action_client:/home/vboxuser/ros2_ws/install/examples_rclpy_guard_conditions:/home/vboxuser/ros2_ws/install/examples_rclpy_executors:/home/vboxuser/ros2_ws/install/bms_visualizer:/opt/ros/iron:/home/vboxuser/ros2_iron/install/rqt_bag_plugins:/home/vboxuser/ros2_iron/install/rqt_bag:/home/vboxuser/ros2_iron/install/rosbag2_examples_py:/home/vboxuser/ros2_iron/install/launch_testing_examples:/home/vboxuser/ros2_iron/install/ros2bag:/home/vboxuser/ros2_iron/install/tracetools_test:/home/vboxuser/ros2_iron/install/tracetools_launch:/home/vboxuser/ros2_iron/install/topic_monitor:/home/vboxuser/ros2_iron/install/tf2_tools:/home/vboxuser/ros2_iron/install/examples_tf2_py:/home/vboxuser/ros2_iron/install/tf2_ros_py:/home/vboxuser/ros2_iron/install/examples_rclpy_pointcloud_publisher:/home/vboxuser/ros2_iron/install/sensor_msgs_py:/home/vboxuser/ros2_iron/install/quality_of_service_demo_py:/home/vboxuser/ros2_iron/install/rqt_plot:/home/vboxuser/ros2_iron/install/ros2doctor:/home/vboxuser/ros2_iron/install/lifecycle_py:/home/vboxuser/ros2_iron/install/examples_rclpy_minimal_subscriber:/home/vboxuser/ros2_iron/install/examples_rclpy_minimal_service:/home/vboxuser/ros2_iron/install/examples_rclpy_minimal_publisher:/home/vboxuser/ros2_iron/install/examples_rclpy_minimal_client:/home/vboxuser/ros2_iron/install/examples_rclpy_executors:/home/vboxuser/ros2_iron/install/demo_nodes_py:/home/vboxuser/ros2_iron/install/rqt:/home/vboxuser/ros2_iron/install/ros2component:/home/vboxuser/ros2_iron/install/sros2:/home/vboxuser/ros2_iron/install/rqt_topic:/home/vboxuser/ros2_iron/install/rqt_srv:/home/vboxuser/ros2_iron/install/rqt_shell:/home/vboxuser/ros2_iron/install/rqt_service_caller:/home/vboxuser/ros2_iron/install/rqt_reconfigure:/home/vboxuser/ros2_iron/install/rqt_py_console:/home/vboxuser/ros2_iron/install/rqt_publisher:/home/vboxuser/ros2_iron/install/rqt_action:/home/vboxuser/ros2_iron/install/rqt_msg:/home/vboxuser/ros2_iron/install/rqt_console:/home/vboxuser/ros2_iron/install/rqt_graph:/home/vboxuser/ros2_iron/install/rqt_gui_py:/home/vboxuser/ros2_iron/install/rqt_gui:/home/vboxuser/ros2_iron/install/ros2trace:/home/vboxuser/ros2_iron/install/ros2topic:/home/vboxuser/ros2_iron/install/ros2test:/home/vboxuser/ros2_iron/install/ros2param:/home/vboxuser/ros2_iron/install/ros2lifecycle:/home/vboxuser/ros2_iron/install/ros2service:/home/vboxuser/ros2_iron/install/ros2run:/home/vboxuser/ros2_iron/install/ros2launch:/home/vboxuser/ros2_iron/install/ros2pkg:/home/vboxuser/ros2_iron/install/ros2node:/home/vboxuser/ros2_iron/install/ros2multicast:/home/vboxuser/ros2_iron/install/ros2interface:/home/vboxuser/ros2_iron/install/ros2action:/home/vboxuser/ros2_iron/install/ros2cli:/home/vboxuser/ros2_iron/install/launch_testing_ros:/home/vboxuser/ros2_iron/install/launch_ros:/home/vboxuser/ros2_iron/install/examples_rclpy_minimal_action_server:/home/vboxuser/ros2_iron/install/examples_rclpy_minimal_action_client:/home/vboxuser/ros2_iron/install/examples_rclpy_guard_conditions:/home/vboxuser/ros2_iron/install/action_tutorials_py:/home/vboxuser/ros2_iron/install/ament_uncrustify:/home/vboxuser/ros2_iron/install/tracetools_trace:/home/vboxuser/ros2_iron/install/tracetools_read:/home/vboxuser/ros2_iron/install/test_tracetools_launch:/home/vboxuser/ros2_iron/install/test_ros2trace:/home/vboxuser/ros2_iron/install/test_launch_ros:/home/vboxuser/ros2_iron/install/rpyutils:/home/vboxuser/ros2_iron/install/rosidl_runtime_py:/home/vboxuser/ros2_iron/install/rosidl_pycommon:/home/vboxuser/ros2_iron/install/rosidl_cli:/home/vboxuser/ros2_iron/install/launch_pytest:/home/vboxuser/ros2_iron/install/launch_testing:/home/vboxuser/ros2_iron/install/launch_yaml:/home/vboxuser/ros2_iron/install/launch_xml:/home/vboxuser/ros2_iron/install/launch:/home/vboxuser/ros2_iron/install/osrf_pycommon:/home/vboxuser/ros2_iron/install/domain_coordinator:/home/vboxuser/ros2_iron/install/ament_xmllint:/home/vboxuser/ros2_iron/install/ament_pyflakes:/home/vboxuser/ros2_iron/install/ament_pycodestyle:/home/vboxuser/ros2_iron/install/ament_pep257:/home/vboxuser/ros2_iron/install/ament_pclint:/home/vboxuser/ros2_iron/install/ament_package:/home/vboxuser/ros2_iron/install/ament_mypy:/home/vboxuser/ros2_iron/install/ament_lint_cmake:/home/vboxuser/ros2_iron/install/ament_flake8:/home/vboxuser/ros2_iron/install/ament_copyright:/home/vboxuser/ros2_iron/install/ament_lint:/home/vboxuser/ros2_iron/install/ament_index_python:/home/vboxuser/ros2_iron/install/ament_cpplint:/home/vboxuser/ros2_iron/install/ament_cppcheck:/home/vboxuser/ros2_iron/install/ament_clang_tidy:/home/vboxuser/ros2_iron/install/ament_clang_format /usr/bin/cmake --build /home/vboxuser/ros2_ws/build/examples_rclcpp_cbg_executor -- -j4 -l4
[1.904s] DEBUG:colcon.colcon_core.event_handler.log_command:Invoked command in '/home/vboxuser/ros2_ws/build/examples_rclcpp_async_client' returned '0': CMAKE_PREFIX_PATH=${CMAKE_PREFIX_PATH}:/home/vboxuser/ros2_ws/install/py_pubsub:/home/vboxuser/ros2_ws/install/launch_testing_examples:/home/vboxuser/ros2_ws/install/examples_rclpy_pointcloud_publisher:/home/vboxuser/ros2_ws/install/examples_rclpy_minimal_subscriber:/home/vboxuser/ros2_ws/install/examples_rclpy_minimal_service:/home/vboxuser/ros2_ws/install/examples_rclpy_minimal_publisher:/home/vboxuser/ros2_ws/install/examples_rclpy_minimal_client:/home/vboxuser/ros2_ws/install/examples_rclpy_minimal_action_server:/home/vboxuser/ros2_ws/install/examples_rclpy_minimal_action_client:/home/vboxuser/ros2_ws/install/examples_rclpy_guard_conditions:/home/vboxuser/ros2_ws/install/examples_rclpy_executors:/home/vboxuser/ros2_ws/install/bms_visualizer:/opt/ros/iron:/home/vboxuser/ros2_iron/install/rqt_bag_plugins:/home/vboxuser/ros2_iron/install/rqt_bag:/home/vboxuser/ros2_iron/install/rosbag2_examples_py:/home/vboxuser/ros2_iron/install/launch_testing_examples:/home/vboxuser/ros2_iron/install/ros2bag:/home/vboxuser/ros2_iron/install/tracetools_test:/home/vboxuser/ros2_iron/install/tracetools_launch:/home/vboxuser/ros2_iron/install/topic_monitor:/home/vboxuser/ros2_iron/install/tf2_tools:/home/vboxuser/ros2_iron/install/examples_tf2_py:/home/vboxuser/ros2_iron/install/tf2_ros_py:/home/vboxuser/ros2_iron/install/examples_rclpy_pointcloud_publisher:/home/vboxuser/ros2_iron/install/sensor_msgs_py:/home/vboxuser/ros2_iron/install/quality_of_service_demo_py:/home/vboxuser/ros2_iron/install/rqt_plot:/home/vboxuser/ros2_iron/install/ros2doctor:/home/vboxuser/ros2_iron/install/lifecycle_py:/home/vboxuser/ros2_iron/install/examples_rclpy_minimal_subscriber:/home/vboxuser/ros2_iron/install/examples_rclpy_minimal_service:/home/vboxuser/ros2_iron/install/examples_rclpy_minimal_publisher:/home/vboxuser/ros2_iron/install/examples_rclpy_minimal_client:/home/vboxuser/ros2_iron/install/examples_rclpy_executors:/home/vboxuser/ros2_iron/install/demo_nodes_py:/home/vboxuser/ros2_iron/install/rqt:/home/vboxuser/ros2_iron/install/ros2component:/home/vboxuser/ros2_iron/install/sros2:/home/vboxuser/ros2_iron/install/rqt_topic:/home/vboxuser/ros2_iron/install/rqt_srv:/home/vboxuser/ros2_iron/install/rqt_shell:/home/vboxuser/ros2_iron/install/rqt_service_caller:/home/vboxuser/ros2_iron/install/rqt_reconfigure:/home/vboxuser/ros2_iron/install/rqt_py_console:/home/vboxuser/ros2_iron/install/rqt_publisher:/home/vboxuser/ros2_iron/install/rqt_action:/home/vboxuser/ros2_iron/install/rqt_msg:/home/vboxuser/ros2_iron/install/rqt_console:/home/vboxuser/ros2_iron/install/rqt_graph:/home/vboxuser/ros2_iron/install/rqt_gui_py:/home/vboxuser/ros2_iron/install/rqt_gui:/home/vboxuser/ros2_iron/install/ros2trace:/home/vboxuser/ros2_iron/install/ros2topic:/home/vboxuser/ros2_iron/install/ros2test:/home/vboxuser/ros2_iron/install/ros2param:/home/vboxuser/ros2_iron/install/ros2lifecycle:/home/vboxuser/ros2_iron/install/ros2service:/home/vboxuser/ros2_iron/install/ros2run:/home/vboxuser/ros2_iron/install/ros2launch:/home/vboxuser/ros2_iron/install/ros2pkg:/home/vboxuser/ros2_iron/install/ros2node:/home/vboxuser/ros2_iron/install/ros2multicast:/home/vboxuser/ros2_iron/install/ros2interface:/home/vboxuser/ros2_iron/install/ros2action:/home/vboxuser/ros2_iron/install/ros2cli:/home/vboxuser/ros2_iron/install/launch_testing_ros:/home/vboxuser/ros2_iron/install/launch_ros:/home/vboxuser/ros2_iron/install/examples_rclpy_minimal_action_server:/home/vboxuser/ros2_iron/install/examples_rclpy_minimal_action_client:/home/vboxuser/ros2_iron/install/examples_rclpy_guard_conditions:/home/vboxuser/ros2_iron/install/action_tutorials_py:/home/vboxuser/ros2_iron/install/ament_uncrustify:/home/vboxuser/ros2_iron/install/tracetools_trace:/home/vboxuser/ros2_iron/install/tracetools_read:/home/vboxuser/ros2_iron/install/test_tracetools_launch:/home/vboxuser/ros2_iron/install/test_ros2trace:/home/vboxuser/ros2_iron/install/test_launch_ros:/home/vboxuser/ros2_iron/install/rpyutils:/home/vboxuser/ros2_iron/install/rosidl_runtime_py:/home/vboxuser/ros2_iron/install/rosidl_pycommon:/home/vboxuser/ros2_iron/install/rosidl_cli:/home/vboxuser/ros2_iron/install/launch_pytest:/home/vboxuser/ros2_iron/install/launch_testing:/home/vboxuser/ros2_iron/install/launch_yaml:/home/vboxuser/ros2_iron/install/launch_xml:/home/vboxuser/ros2_iron/install/launch:/home/vboxuser/ros2_iron/install/osrf_pycommon:/home/vboxuser/ros2_iron/install/domain_coordinator:/home/vboxuser/ros2_iron/install/ament_xmllint:/home/vboxuser/ros2_iron/install/ament_pyflakes:/home/vboxuser/ros2_iron/install/ament_pycodestyle:/home/vboxuser/ros2_iron/install/ament_pep257:/home/vboxuser/ros2_iron/install/ament_pclint:/home/vboxuser/ros2_iron/install/ament_package:/home/vboxuser/ros2_iron/install/ament_mypy:/home/vboxuser/ros2_iron/install/ament_lint_cmake:/home/vboxuser/ros2_iron/install/ament_flake8:/home/vboxuser/ros2_iron/install/ament_copyright:/home/vboxuser/ros2_iron/install/ament_lint:/home/vboxuser/ros2_iron/install/ament_index_python:/home/vboxuser/ros2_iron/install/ament_cpplint:/home/vboxuser/ros2_iron/install/ament_cppcheck:/home/vboxuser/ros2_iron/install/ament_clang_tidy:/home/vboxuser/ros2_iron/install/ament_clang_format /usr/bin/cmake --build /home/vboxuser/ros2_ws/build/examples_rclcpp_async_client -- -j4 -l4
[1.948s] DEBUG:colcon.colcon_core.event_handler.log_command:Invoking command in '/home/vboxuser/ros2_ws/build/examples_rclcpp_async_client': CMAKE_PREFIX_PATH=${CMAKE_PREFIX_PATH}:/home/vboxuser/ros2_ws/install/py_pubsub:/home/vboxuser/ros2_ws/install/launch_testing_examples:/home/vboxuser/ros2_ws/install/examples_rclpy_pointcloud_publisher:/home/vboxuser/ros2_ws/install/examples_rclpy_minimal_subscriber:/home/vboxuser/ros2_ws/install/examples_rclpy_minimal_service:/home/vboxuser/ros2_ws/install/examples_rclpy_minimal_publisher:/home/vboxuser/ros2_ws/install/examples_rclpy_minimal_client:/home/vboxuser/ros2_ws/install/examples_rclpy_minimal_action_server:/home/vboxuser/ros2_ws/install/examples_rclpy_minimal_action_client:/home/vboxuser/ros2_ws/install/examples_rclpy_guard_conditions:/home/vboxuser/ros2_ws/install/examples_rclpy_executors:/home/vboxuser/ros2_ws/install/bms_visualizer:/opt/ros/iron:/home/vboxuser/ros2_iron/install/rqt_bag_plugins:/home/vboxuser/ros2_iron/install/rqt_bag:/home/vboxuser/ros2_iron/install/rosbag2_examples_py:/home/vboxuser/ros2_iron/install/launch_testing_examples:/home/vboxuser/ros2_iron/install/ros2bag:/home/vboxuser/ros2_iron/install/tracetools_test:/home/vboxuser/ros2_iron/install/tracetools_launch:/home/vboxuser/ros2_iron/install/topic_monitor:/home/vboxuser/ros2_iron/install/tf2_tools:/home/vboxuser/ros2_iron/install/examples_tf2_py:/home/vboxuser/ros2_iron/install/tf2_ros_py:/home/vboxuser/ros2_iron/install/examples_rclpy_pointcloud_publisher:/home/vboxuser/ros2_iron/install/sensor_msgs_py:/home/vboxuser/ros2_iron/install/quality_of_service_demo_py:/home/vboxuser/ros2_iron/install/rqt_plot:/home/vboxuser/ros2_iron/install/ros2doctor:/home/vboxuser/ros2_iron/install/lifecycle_py:/home/vboxuser/ros2_iron/install/examples_rclpy_minimal_subscriber:/home/vboxuser/ros2_iron/install/examples_rclpy_minimal_service:/home/vboxuser/ros2_iron/install/examples_rclpy_minimal_publisher:/home/vboxuser/ros2_iron/install/examples_rclpy_minimal_client:/home/vboxuser/ros2_iron/install/examples_rclpy_executors:/home/vboxuser/ros2_iron/install/demo_nodes_py:/home/vboxuser/ros2_iron/install/rqt:/home/vboxuser/ros2_iron/install/ros2component:/home/vboxuser/ros2_iron/install/sros2:/home/vboxuser/ros2_iron/install/rqt_topic:/home/vboxuser/ros2_iron/install/rqt_srv:/home/vboxuser/ros2_iron/install/rqt_shell:/home/vboxuser/ros2_iron/install/rqt_service_caller:/home/vboxuser/ros2_iron/install/rqt_reconfigure:/home/vboxuser/ros2_iron/install/rqt_py_console:/home/vboxuser/ros2_iron/install/rqt_publisher:/home/vboxuser/ros2_iron/install/rqt_action:/home/vboxuser/ros2_iron/install/rqt_msg:/home/vboxuser/ros2_iron/install/rqt_console:/home/vboxuser/ros2_iron/install/rqt_graph:/home/vboxuser/ros2_iron/install/rqt_gui_py:/home/vboxuser/ros2_iron/install/rqt_gui:/home/vboxuser/ros2_iron/install/ros2trace:/home/vboxuser/ros2_iron/install/ros2topic:/home/vboxuser/ros2_iron/install/ros2test:/home/vboxuser/ros2_iron/install/ros2param:/home/vboxuser/ros2_iron/install/ros2lifecycle:/home/vboxuser/ros2_iron/install/ros2service:/home/vboxuser/ros2_iron/install/ros2run:/home/vboxuser/ros2_iron/install/ros2launch:/home/vboxuser/ros2_iron/install/ros2pkg:/home/vboxuser/ros2_iron/install/ros2node:/home/vboxuser/ros2_iron/install/ros2multicast:/home/vboxuser/ros2_iron/install/ros2interface:/home/vboxuser/ros2_iron/install/ros2action:/home/vboxuser/ros2_iron/install/ros2cli:/home/vboxuser/ros2_iron/install/launch_testing_ros:/home/vboxuser/ros2_iron/install/launch_ros:/home/vboxuser/ros2_iron/install/examples_rclpy_minimal_action_server:/home/vboxuser/ros2_iron/install/examples_rclpy_minimal_action_client:/home/vboxuser/ros2_iron/install/examples_rclpy_guard_conditions:/home/vboxuser/ros2_iron/install/action_tutorials_py:/home/vboxuser/ros2_iron/install/ament_uncrustify:/home/vboxuser/ros2_iron/install/tracetools_trace:/home/vboxuser/ros2_iron/install/tracetools_read:/home/vboxuser/ros2_iron/install/test_tracetools_launch:/home/vboxuser/ros2_iron/install/test_ros2trace:/home/vboxuser/ros2_iron/install/test_launch_ros:/home/vboxuser/ros2_iron/install/rpyutils:/home/vboxuser/ros2_iron/install/rosidl_runtime_py:/home/vboxuser/ros2_iron/install/rosidl_pycommon:/home/vboxuser/ros2_iron/install/rosidl_cli:/home/vboxuser/ros2_iron/install/launch_pytest:/home/vboxuser/ros2_iron/install/launch_testing:/home/vboxuser/ros2_iron/install/launch_yaml:/home/vboxuser/ros2_iron/install/launch_xml:/home/vboxuser/ros2_iron/install/launch:/home/vboxuser/ros2_iron/install/osrf_pycommon:/home/vboxuser/ros2_iron/install/domain_coordinator:/home/vboxuser/ros2_iron/install/ament_xmllint:/home/vboxuser/ros2_iron/install/ament_pyflakes:/home/vboxuser/ros2_iron/install/ament_pycodestyle:/home/vboxuser/ros2_iron/install/ament_pep257:/home/vboxuser/ros2_iron/install/ament_pclint:/home/vboxuser/ros2_iron/install/ament_package:/home/vboxuser/ros2_iron/install/ament_mypy:/home/vboxuser/ros2_iron/install/ament_lint_cmake:/home/vboxuser/ros2_iron/install/ament_flake8:/home/vboxuser/ros2_iron/install/ament_copyright:/home/vboxuser/ros2_iron/install/ament_lint:/home/vboxuser/ros2_iron/install/ament_index_python:/home/vboxuser/ros2_iron/install/ament_cpplint:/home/vboxuser/ros2_iron/install/ament_cppcheck:/home/vboxuser/ros2_iron/install/ament_clang_tidy:/home/vboxuser/ros2_iron/install/ament_clang_format /usr/bin/cmake --install /home/vboxuser/ros2_ws/build/examples_rclcpp_async_client
[2.017s] Level 1:colcon.colcon_core.environment:create_environment_scripts_only(examples_rclcpp_async_client)
[2.032s] DEBUG:colcon.colcon_core.event_handler.log_command:Invoked command in '/home/vboxuser/ros2_ws/build/examples_rclcpp_async_client' returned '0': CMAKE_PREFIX_PATH=${CMAKE_PREFIX_PATH}:/home/vboxuser/ros2_ws/install/py_pubsub:/home/vboxuser/ros2_ws/install/launch_testing_examples:/home/vboxuser/ros2_ws/install/examples_rclpy_pointcloud_publisher:/home/vboxuser/ros2_ws/install/examples_rclpy_minimal_subscriber:/home/vboxuser/ros2_ws/install/examples_rclpy_minimal_service:/home/vboxuser/ros2_ws/install/examples_rclpy_minimal_publisher:/home/vboxuser/ros2_ws/install/examples_rclpy_minimal_client:/home/vboxuser/ros2_ws/install/examples_rclpy_minimal_action_server:/home/vboxuser/ros2_ws/install/examples_rclpy_minimal_action_client:/home/vboxuser/ros2_ws/install/examples_rclpy_guard_conditions:/home/vboxuser/ros2_ws/install/examples_rclpy_executors:/home/vboxuser/ros2_ws/install/bms_visualizer:/opt/ros/iron:/home/vboxuser/ros2_iron/install/rqt_bag_plugins:/home/vboxuser/ros2_iron/install/rqt_bag:/home/vboxuser/ros2_iron/install/rosbag2_examples_py:/home/vboxuser/ros2_iron/install/launch_testing_examples:/home/vboxuser/ros2_iron/install/ros2bag:/home/vboxuser/ros2_iron/install/tracetools_test:/home/vboxuser/ros2_iron/install/tracetools_launch:/home/vboxuser/ros2_iron/install/topic_monitor:/home/vboxuser/ros2_iron/install/tf2_tools:/home/vboxuser/ros2_iron/install/examples_tf2_py:/home/vboxuser/ros2_iron/install/tf2_ros_py:/home/vboxuser/ros2_iron/install/examples_rclpy_pointcloud_publisher:/home/vboxuser/ros2_iron/install/sensor_msgs_py:/home/vboxuser/ros2_iron/install/quality_of_service_demo_py:/home/vboxuser/ros2_iron/install/rqt_plot:/home/vboxuser/ros2_iron/install/ros2doctor:/home/vboxuser/ros2_iron/install/lifecycle_py:/home/vboxuser/ros2_iron/install/examples_rclpy_minimal_subscriber:/home/vboxuser/ros2_iron/install/examples_rclpy_minimal_service:/home/vboxuser/ros2_iron/install/examples_rclpy_minimal_publisher:/home/vboxuser/ros2_iron/install/examples_rclpy_minimal_client:/home/vboxuser/ros2_iron/install/examples_rclpy_executors:/home/vboxuser/ros2_iron/install/demo_nodes_py:/home/vboxuser/ros2_iron/install/rqt:/home/vboxuser/ros2_iron/install/ros2component:/home/vboxuser/ros2_iron/install/sros2:/home/vboxuser/ros2_iron/install/rqt_topic:/home/vboxuser/ros2_iron/install/rqt_srv:/home/vboxuser/ros2_iron/install/rqt_shell:/home/vboxuser/ros2_iron/install/rqt_service_caller:/home/vboxuser/ros2_iron/install/rqt_reconfigure:/home/vboxuser/ros2_iron/install/rqt_py_console:/home/vboxuser/ros2_iron/install/rqt_publisher:/home/vboxuser/ros2_iron/install/rqt_action:/home/vboxuser/ros2_iron/install/rqt_msg:/home/vboxuser/ros2_iron/install/rqt_console:/home/vboxuser/ros2_iron/install/rqt_graph:/home/vboxuser/ros2_iron/install/rqt_gui_py:/home/vboxuser/ros2_iron/install/rqt_gui:/home/vboxuser/ros2_iron/install/ros2trace:/home/vboxuser/ros2_iron/install/ros2topic:/home/vboxuser/ros2_iron/install/ros2test:/home/vboxuser/ros2_iron/install/ros2param:/home/vboxuser/ros2_iron/install/ros2lifecycle:/home/vboxuser/ros2_iron/install/ros2service:/home/vboxuser/ros2_iron/install/ros2run:/home/vboxuser/ros2_iron/install/ros2launch:/home/vboxuser/ros2_iron/install/ros2pkg:/home/vboxuser/ros2_iron/install/ros2node:/home/vboxuser/ros2_iron/install/ros2multicast:/home/vboxuser/ros2_iron/install/ros2interface:/home/vboxuser/ros2_iron/install/ros2action:/home/vboxuser/ros2_iron/install/ros2cli:/home/vboxuser/ros2_iron/install/launch_testing_ros:/home/vboxuser/ros2_iron/install/launch_ros:/home/vboxuser/ros2_iron/install/examples_rclpy_minimal_action_server:/home/vboxuser/ros2_iron/install/examples_rclpy_minimal_action_client:/home/vboxuser/ros2_iron/install/examples_rclpy_guard_conditions:/home/vboxuser/ros2_iron/install/action_tutorials_py:/home/vboxuser/ros2_iron/install/ament_uncrustify:/home/vboxuser/ros2_iron/install/tracetools_trace:/home/vboxuser/ros2_iron/install/tracetools_read:/home/vboxuser/ros2_iron/install/test_tracetools_launch:/home/vboxuser/ros2_iron/install/test_ros2trace:/home/vboxuser/ros2_iron/install/test_launch_ros:/home/vboxuser/ros2_iron/install/rpyutils:/home/vboxuser/ros2_iron/install/rosidl_runtime_py:/home/vboxuser/ros2_iron/install/rosidl_pycommon:/home/vboxuser/ros2_iron/install/rosidl_cli:/home/vboxuser/ros2_iron/install/launch_pytest:/home/vboxuser/ros2_iron/install/launch_testing:/home/vboxuser/ros2_iron/install/launch_yaml:/home/vboxuser/ros2_iron/install/launch_xml:/home/vboxuser/ros2_iron/install/launch:/home/vboxuser/ros2_iron/install/osrf_pycommon:/home/vboxuser/ros2_iron/install/domain_coordinator:/home/vboxuser/ros2_iron/install/ament_xmllint:/home/vboxuser/ros2_iron/install/ament_pyflakes:/home/vboxuser/ros2_iron/install/ament_pycodestyle:/home/vboxuser/ros2_iron/install/ament_pep257:/home/vboxuser/ros2_iron/install/ament_pclint:/home/vboxuser/ros2_iron/install/ament_package:/home/vboxuser/ros2_iron/install/ament_mypy:/home/vboxuser/ros2_iron/install/ament_lint_cmake:/home/vboxuser/ros2_iron/install/ament_flake8:/home/vboxuser/ros2_iron/install/ament_copyright:/home/vboxuser/ros2_iron/install/ament_lint:/home/vboxuser/ros2_iron/install/ament_index_python:/home/vboxuser/ros2_iron/install/ament_cpplint:/home/vboxuser/ros2_iron/install/ament_cppcheck:/home/vboxuser/ros2_iron/install/ament_clang_tidy:/home/vboxuser/ros2_iron/install/ament_clang_format /usr/bin/cmake --install /home/vboxuser/ros2_ws/build/examples_rclcpp_async_client
[2.035s] Level 1:colcon.colcon_core.environment:checking '/home/vboxuser/ros2_ws/install/examples_rclcpp_async_client' for CMake module files
[2.036s] Level 1:colcon.colcon_core.environment:checking '/home/vboxuser/ros2_ws/install/examples_rclcpp_async_client' for CMake config files
[2.036s] Level 1:colcon.colcon_core.shell:create_environment_hook('examples_rclcpp_async_client', 'cmake_prefix_path')
[2.036s] INFO:colcon.colcon_core.shell:Creating environment hook '/home/vboxuser/ros2_ws/install/examples_rclcpp_async_client/share/examples_rclcpp_async_client/hook/cmake_prefix_path.ps1'
[2.037s] INFO:colcon.colcon_core.shell:Creating environment descriptor '/home/vboxuser/ros2_ws/install/examples_rclcpp_async_client/share/examples_rclcpp_async_client/hook/cmake_prefix_path.dsv'
[2.046s] INFO:colcon.colcon_core.shell:Creating environment hook '/home/vboxuser/ros2_ws/install/examples_rclcpp_async_client/share/examples_rclcpp_async_client/hook/cmake_prefix_path.sh'
[2.052s] Level 1:colcon.colcon_core.environment:checking '/home/vboxuser/ros2_ws/install/examples_rclcpp_async_client/lib'
[2.055s] Level 1:colcon.colcon_core.environment:checking '/home/vboxuser/ros2_ws/install/examples_rclcpp_async_client/bin'
[2.055s] Level 1:colcon.colcon_core.environment:checking '/home/vboxuser/ros2_ws/install/examples_rclcpp_async_client/lib/pkgconfig/examples_rclcpp_async_client.pc'
[2.056s] Level 1:colcon.colcon_core.environment:checking '/home/vboxuser/ros2_ws/install/examples_rclcpp_async_client/lib/python3.10/site-packages'
[2.057s] Level 1:colcon.colcon_core.environment:checking '/home/vboxuser/ros2_ws/install/examples_rclcpp_async_client/bin'
[2.057s] INFO:colcon.colcon_core.shell:Creating package script '/home/vboxuser/ros2_ws/install/examples_rclcpp_async_client/share/examples_rclcpp_async_client/package.ps1'
[2.063s] INFO:colcon.colcon_core.shell:Creating package descriptor '/home/vboxuser/ros2_ws/install/examples_rclcpp_async_client/share/examples_rclcpp_async_client/package.dsv'
[2.077s] INFO:colcon.colcon_core.shell:Creating package script '/home/vboxuser/ros2_ws/install/examples_rclcpp_async_client/share/examples_rclcpp_async_client/package.sh'
[2.080s] INFO:colcon.colcon_core.shell:Creating package script '/home/vboxuser/ros2_ws/install/examples_rclcpp_async_client/share/examples_rclcpp_async_client/package.bash'
[2.083s] INFO:colcon.colcon_core.shell:Creating package script '/home/vboxuser/ros2_ws/install/examples_rclcpp_async_client/share/examples_rclcpp_async_client/package.zsh'
[2.085s] Level 1:colcon.colcon_core.environment:create_file_with_runtime_dependencies(/home/vboxuser/ros2_ws/install/examples_rclcpp_async_client/share/colcon-core/packages/examples_rclcpp_async_client)
[2.090s] Level 1:colcon.colcon_core.environment:create_environment_scripts_only(examples_rclcpp_async_client)
[2.094s] Level 1:colcon.colcon_core.environment:checking '/home/vboxuser/ros2_ws/install/examples_rclcpp_async_client' for CMake module files
[2.095s] Level 1:colcon.colcon_core.environment:checking '/home/vboxuser/ros2_ws/install/examples_rclcpp_async_client' for CMake config files
[2.095s] Level 1:colcon.colcon_core.shell:create_environment_hook('examples_rclcpp_async_client', 'cmake_prefix_path')
[2.096s] INFO:colcon.colcon_core.shell:Creating environment hook '/home/vboxuser/ros2_ws/install/examples_rclcpp_async_client/share/examples_rclcpp_async_client/hook/cmake_prefix_path.ps1'
[2.099s] INFO:colcon.colcon_core.shell:Creating environment descriptor '/home/vboxuser/ros2_ws/install/examples_rclcpp_async_client/share/examples_rclcpp_async_client/hook/cmake_prefix_path.dsv'
[2.100s] INFO:colcon.colcon_core.shell:Creating environment hook '/home/vboxuser/ros2_ws/install/examples_rclcpp_async_client/share/examples_rclcpp_async_client/hook/cmake_prefix_path.sh'
[2.101s] Level 1:colcon.colcon_core.environment:checking '/home/vboxuser/ros2_ws/install/examples_rclcpp_async_client/lib'
[2.101s] Level 1:colcon.colcon_core.environment:checking '/home/vboxuser/ros2_ws/install/examples_rclcpp_async_client/bin'
[2.101s] Level 1:colcon.colcon_core.environment:checking '/home/vboxuser/ros2_ws/install/examples_rclcpp_async_client/lib/pkgconfig/examples_rclcpp_async_client.pc'
[2.114s] Level 1:colcon.colcon_core.environment:checking '/home/vboxuser/ros2_ws/install/examples_rclcpp_async_client/lib/python3.10/site-packages'
[2.115s] Level 1:colcon.colcon_core.environment:checking '/home/vboxuser/ros2_ws/install/examples_rclcpp_async_client/bin'
[2.116s] INFO:colcon.colcon_core.shell:Creating package script '/home/vboxuser/ros2_ws/install/examples_rclcpp_async_client/share/examples_rclcpp_async_client/package.ps1'
[2.123s] INFO:colcon.colcon_core.shell:Creating package descriptor '/home/vboxuser/ros2_ws/install/examples_rclcpp_async_client/share/examples_rclcpp_async_client/package.dsv'
[2.124s] INFO:colcon.colcon_core.shell:Creating package script '/home/vboxuser/ros2_ws/install/examples_rclcpp_async_client/share/examples_rclcpp_async_client/package.sh'
[2.132s] INFO:colcon.colcon_core.shell:Creating package script '/home/vboxuser/ros2_ws/install/examples_rclcpp_async_client/share/examples_rclcpp_async_client/package.bash'
[2.137s] INFO:colcon.colcon_core.shell:Creating package script '/home/vboxuser/ros2_ws/install/examples_rclcpp_async_client/share/examples_rclcpp_async_client/package.zsh'
[2.144s] Level 1:colcon.colcon_core.environment:create_file_with_runtime_dependencies(/home/vboxuser/ros2_ws/install/examples_rclcpp_async_client/share/colcon-core/packages/examples_rclcpp_async_client)
[2.157s] INFO:colcon.colcon_ros.task.ament_cmake.build:Building ROS package in '/home/vboxuser/ros2_ws/src/examples/rclcpp/actions/minimal_action_client' with build type 'ament_cmake'
[2.158s] INFO:colcon.colcon_cmake.task.cmake.build:Building CMake package in '/home/vboxuser/ros2_ws/src/examples/rclcpp/actions/minimal_action_client'
[2.162s] INFO:colcon.colcon_core.shell:Skip shell extension 'powershell' for command environment: Not usable outside of PowerShell
[2.163s] DEBUG:colcon.colcon_core.shell:Skip shell extension 'dsv' for command environment
[2.292s] DEBUG:colcon.colcon_core.event_handler.log_command:Invoking command in '/home/vboxuser/ros2_ws/build/examples_rclcpp_minimal_action_client': CMAKE_PREFIX_PATH=${CMAKE_PREFIX_PATH}:/home/vboxuser/ros2_ws/install/py_pubsub:/home/vboxuser/ros2_ws/install/launch_testing_examples:/home/vboxuser/ros2_ws/install/examples_rclpy_pointcloud_publisher:/home/vboxuser/ros2_ws/install/examples_rclpy_minimal_subscriber:/home/vboxuser/ros2_ws/install/examples_rclpy_minimal_service:/home/vboxuser/ros2_ws/install/examples_rclpy_minimal_publisher:/home/vboxuser/ros2_ws/install/examples_rclpy_minimal_client:/home/vboxuser/ros2_ws/install/examples_rclpy_minimal_action_server:/home/vboxuser/ros2_ws/install/examples_rclpy_minimal_action_client:/home/vboxuser/ros2_ws/install/examples_rclpy_guard_conditions:/home/vboxuser/ros2_ws/install/examples_rclpy_executors:/home/vboxuser/ros2_ws/install/bms_visualizer:/opt/ros/iron:/home/vboxuser/ros2_iron/install/rqt_bag_plugins:/home/vboxuser/ros2_iron/install/rqt_bag:/home/vboxuser/ros2_iron/install/rosbag2_examples_py:/home/vboxuser/ros2_iron/install/launch_testing_examples:/home/vboxuser/ros2_iron/install/ros2bag:/home/vboxuser/ros2_iron/install/tracetools_test:/home/vboxuser/ros2_iron/install/tracetools_launch:/home/vboxuser/ros2_iron/install/topic_monitor:/home/vboxuser/ros2_iron/install/tf2_tools:/home/vboxuser/ros2_iron/install/examples_tf2_py:/home/vboxuser/ros2_iron/install/tf2_ros_py:/home/vboxuser/ros2_iron/install/examples_rclpy_pointcloud_publisher:/home/vboxuser/ros2_iron/install/sensor_msgs_py:/home/vboxuser/ros2_iron/install/quality_of_service_demo_py:/home/vboxuser/ros2_iron/install/rqt_plot:/home/vboxuser/ros2_iron/install/ros2doctor:/home/vboxuser/ros2_iron/install/lifecycle_py:/home/vboxuser/ros2_iron/install/examples_rclpy_minimal_subscriber:/home/vboxuser/ros2_iron/install/examples_rclpy_minimal_service:/home/vboxuser/ros2_iron/install/examples_rclpy_minimal_publisher:/home/vboxuser/ros2_iron/install/examples_rclpy_minimal_client:/home/vboxuser/ros2_iron/install/examples_rclpy_executors:/home/vboxuser/ros2_iron/install/demo_nodes_py:/home/vboxuser/ros2_iron/install/rqt:/home/vboxuser/ros2_iron/install/ros2component:/home/vboxuser/ros2_iron/install/sros2:/home/vboxuser/ros2_iron/install/rqt_topic:/home/vboxuser/ros2_iron/install/rqt_srv:/home/vboxuser/ros2_iron/install/rqt_shell:/home/vboxuser/ros2_iron/install/rqt_service_caller:/home/vboxuser/ros2_iron/install/rqt_reconfigure:/home/vboxuser/ros2_iron/install/rqt_py_console:/home/vboxuser/ros2_iron/install/rqt_publisher:/home/vboxuser/ros2_iron/install/rqt_action:/home/vboxuser/ros2_iron/install/rqt_msg:/home/vboxuser/ros2_iron/install/rqt_console:/home/vboxuser/ros2_iron/install/rqt_graph:/home/vboxuser/ros2_iron/install/rqt_gui_py:/home/vboxuser/ros2_iron/install/rqt_gui:/home/vboxuser/ros2_iron/install/ros2trace:/home/vboxuser/ros2_iron/install/ros2topic:/home/vboxuser/ros2_iron/install/ros2test:/home/vboxuser/ros2_iron/install/ros2param:/home/vboxuser/ros2_iron/install/ros2lifecycle:/home/vboxuser/ros2_iron/install/ros2service:/home/vboxuser/ros2_iron/install/ros2run:/home/vboxuser/ros2_iron/install/ros2launch:/home/vboxuser/ros2_iron/install/ros2pkg:/home/vboxuser/ros2_iron/install/ros2node:/home/vboxuser/ros2_iron/install/ros2multicast:/home/vboxuser/ros2_iron/install/ros2interface:/home/vboxuser/ros2_iron/install/ros2action:/home/vboxuser/ros2_iron/install/ros2cli:/home/vboxuser/ros2_iron/install/launch_testing_ros:/home/vboxuser/ros2_iron/install/launch_ros:/home/vboxuser/ros2_iron/install/examples_rclpy_minimal_action_server:/home/vboxuser/ros2_iron/install/examples_rclpy_minimal_action_client:/home/vboxuser/ros2_iron/install/examples_rclpy_guard_conditions:/home/vboxuser/ros2_iron/install/action_tutorials_py:/home/vboxuser/ros2_iron/install/ament_uncrustify:/home/vboxuser/ros2_iron/install/tracetools_trace:/home/vboxuser/ros2_iron/install/tracetools_read:/home/vboxuser/ros2_iron/install/test_tracetools_launch:/home/vboxuser/ros2_iron/install/test_ros2trace:/home/vboxuser/ros2_iron/install/test_launch_ros:/home/vboxuser/ros2_iron/install/rpyutils:/home/vboxuser/ros2_iron/install/rosidl_runtime_py:/home/vboxuser/ros2_iron/install/rosidl_pycommon:/home/vboxuser/ros2_iron/install/rosidl_cli:/home/vboxuser/ros2_iron/install/launch_pytest:/home/vboxuser/ros2_iron/install/launch_testing:/home/vboxuser/ros2_iron/install/launch_yaml:/home/vboxuser/ros2_iron/install/launch_xml:/home/vboxuser/ros2_iron/install/launch:/home/vboxuser/ros2_iron/install/osrf_pycommon:/home/vboxuser/ros2_iron/install/domain_coordinator:/home/vboxuser/ros2_iron/install/ament_xmllint:/home/vboxuser/ros2_iron/install/ament_pyflakes:/home/vboxuser/ros2_iron/install/ament_pycodestyle:/home/vboxuser/ros2_iron/install/ament_pep257:/home/vboxuser/ros2_iron/install/ament_pclint:/home/vboxuser/ros2_iron/install/ament_package:/home/vboxuser/ros2_iron/install/ament_mypy:/home/vboxuser/ros2_iron/install/ament_lint_cmake:/home/vboxuser/ros2_iron/install/ament_flake8:/home/vboxuser/ros2_iron/install/ament_copyright:/home/vboxuser/ros2_iron/install/ament_lint:/home/vboxuser/ros2_iron/install/ament_index_python:/home/vboxuser/ros2_iron/install/ament_cpplint:/home/vboxuser/ros2_iron/install/ament_cppcheck:/home/vboxuser/ros2_iron/install/ament_clang_tidy:/home/vboxuser/ros2_iron/install/ament_clang_format /usr/bin/cmake --build /home/vboxuser/ros2_ws/build/examples_rclcpp_minimal_action_client -- -j4 -l4
[2.309s] DEBUG:colcon.colcon_core.event_handler.log_command:Invoked command in '/home/vboxuser/ros2_ws/build/bq769x2_i2c_ros' returned '0': CMAKE_PREFIX_PATH=${CMAKE_PREFIX_PATH}:/home/vboxuser/ros2_ws/install/py_pubsub:/home/vboxuser/ros2_ws/install/launch_testing_examples:/home/vboxuser/ros2_ws/install/examples_rclpy_pointcloud_publisher:/home/vboxuser/ros2_ws/install/examples_rclpy_minimal_subscriber:/home/vboxuser/ros2_ws/install/examples_rclpy_minimal_service:/home/vboxuser/ros2_ws/install/examples_rclpy_minimal_publisher:/home/vboxuser/ros2_ws/install/examples_rclpy_minimal_client:/home/vboxuser/ros2_ws/install/examples_rclpy_minimal_action_server:/home/vboxuser/ros2_ws/install/examples_rclpy_minimal_action_client:/home/vboxuser/ros2_ws/install/examples_rclpy_guard_conditions:/home/vboxuser/ros2_ws/install/examples_rclpy_executors:/home/vboxuser/ros2_ws/install/bms_visualizer:/opt/ros/iron:/home/vboxuser/ros2_iron/install/rqt_bag_plugins:/home/vboxuser/ros2_iron/install/rqt_bag:/home/vboxuser/ros2_iron/install/rosbag2_examples_py:/home/vboxuser/ros2_iron/install/launch_testing_examples:/home/vboxuser/ros2_iron/install/ros2bag:/home/vboxuser/ros2_iron/install/tracetools_test:/home/vboxuser/ros2_iron/install/tracetools_launch:/home/vboxuser/ros2_iron/install/topic_monitor:/home/vboxuser/ros2_iron/install/tf2_tools:/home/vboxuser/ros2_iron/install/examples_tf2_py:/home/vboxuser/ros2_iron/install/tf2_ros_py:/home/vboxuser/ros2_iron/install/examples_rclpy_pointcloud_publisher:/home/vboxuser/ros2_iron/install/sensor_msgs_py:/home/vboxuser/ros2_iron/install/quality_of_service_demo_py:/home/vboxuser/ros2_iron/install/rqt_plot:/home/vboxuser/ros2_iron/install/ros2doctor:/home/vboxuser/ros2_iron/install/lifecycle_py:/home/vboxuser/ros2_iron/install/examples_rclpy_minimal_subscriber:/home/vboxuser/ros2_iron/install/examples_rclpy_minimal_service:/home/vboxuser/ros2_iron/install/examples_rclpy_minimal_publisher:/home/vboxuser/ros2_iron/install/examples_rclpy_minimal_client:/home/vboxuser/ros2_iron/install/examples_rclpy_executors:/home/vboxuser/ros2_iron/install/demo_nodes_py:/home/vboxuser/ros2_iron/install/rqt:/home/vboxuser/ros2_iron/install/ros2component:/home/vboxuser/ros2_iron/install/sros2:/home/vboxuser/ros2_iron/install/rqt_topic:/home/vboxuser/ros2_iron/install/rqt_srv:/home/vboxuser/ros2_iron/install/rqt_shell:/home/vboxuser/ros2_iron/install/rqt_service_caller:/home/vboxuser/ros2_iron/install/rqt_reconfigure:/home/vboxuser/ros2_iron/install/rqt_py_console:/home/vboxuser/ros2_iron/install/rqt_publisher:/home/vboxuser/ros2_iron/install/rqt_action:/home/vboxuser/ros2_iron/install/rqt_msg:/home/vboxuser/ros2_iron/install/rqt_console:/home/vboxuser/ros2_iron/install/rqt_graph:/home/vboxuser/ros2_iron/install/rqt_gui_py:/home/vboxuser/ros2_iron/install/rqt_gui:/home/vboxuser/ros2_iron/install/ros2trace:/home/vboxuser/ros2_iron/install/ros2topic:/home/vboxuser/ros2_iron/install/ros2test:/home/vboxuser/ros2_iron/install/ros2param:/home/vboxuser/ros2_iron/install/ros2lifecycle:/home/vboxuser/ros2_iron/install/ros2service:/home/vboxuser/ros2_iron/install/ros2run:/home/vboxuser/ros2_iron/install/ros2launch:/home/vboxuser/ros2_iron/install/ros2pkg:/home/vboxuser/ros2_iron/install/ros2node:/home/vboxuser/ros2_iron/install/ros2multicast:/home/vboxuser/ros2_iron/install/ros2interface:/home/vboxuser/ros2_iron/install/ros2action:/home/vboxuser/ros2_iron/install/ros2cli:/home/vboxuser/ros2_iron/install/launch_testing_ros:/home/vboxuser/ros2_iron/install/launch_ros:/home/vboxuser/ros2_iron/install/examples_rclpy_minimal_action_server:/home/vboxuser/ros2_iron/install/examples_rclpy_minimal_action_client:/home/vboxuser/ros2_iron/install/examples_rclpy_guard_conditions:/home/vboxuser/ros2_iron/install/action_tutorials_py:/home/vboxuser/ros2_iron/install/ament_uncrustify:/home/vboxuser/ros2_iron/install/tracetools_trace:/home/vboxuser/ros2_iron/install/tracetools_read:/home/vboxuser/ros2_iron/install/test_tracetools_launch:/home/vboxuser/ros2_iron/install/test_ros2trace:/home/vboxuser/ros2_iron/install/test_launch_ros:/home/vboxuser/ros2_iron/install/rpyutils:/home/vboxuser/ros2_iron/install/rosidl_runtime_py:/home/vboxuser/ros2_iron/install/rosidl_pycommon:/home/vboxuser/ros2_iron/install/rosidl_cli:/home/vboxuser/ros2_iron/install/launch_pytest:/home/vboxuser/ros2_iron/install/launch_testing:/home/vboxuser/ros2_iron/install/launch_yaml:/home/vboxuser/ros2_iron/install/launch_xml:/home/vboxuser/ros2_iron/install/launch:/home/vboxuser/ros2_iron/install/osrf_pycommon:/home/vboxuser/ros2_iron/install/domain_coordinator:/home/vboxuser/ros2_iron/install/ament_xmllint:/home/vboxuser/ros2_iron/install/ament_pyflakes:/home/vboxuser/ros2_iron/install/ament_pycodestyle:/home/vboxuser/ros2_iron/install/ament_pep257:/home/vboxuser/ros2_iron/install/ament_pclint:/home/vboxuser/ros2_iron/install/ament_package:/home/vboxuser/ros2_iron/install/ament_mypy:/home/vboxuser/ros2_iron/install/ament_lint_cmake:/home/vboxuser/ros2_iron/install/ament_flake8:/home/vboxuser/ros2_iron/install/ament_copyright:/home/vboxuser/ros2_iron/install/ament_lint:/home/vboxuser/ros2_iron/install/ament_index_python:/home/vboxuser/ros2_iron/install/ament_cpplint:/home/vboxuser/ros2_iron/install/ament_cppcheck:/home/vboxuser/ros2_iron/install/ament_clang_tidy:/home/vboxuser/ros2_iron/install/ament_clang_format /usr/bin/cmake --build /home/vboxuser/ros2_ws/build/bq769x2_i2c_ros -- -j4 -l4
[2.310s] DEBUG:colcon.colcon_core.event_handler.log_command:Invoking command in '/home/vboxuser/ros2_ws/build/bq769x2_i2c_ros': CMAKE_PREFIX_PATH=${CMAKE_PREFIX_PATH}:/home/vboxuser/ros2_ws/install/py_pubsub:/home/vboxuser/ros2_ws/install/launch_testing_examples:/home/vboxuser/ros2_ws/install/examples_rclpy_pointcloud_publisher:/home/vboxuser/ros2_ws/install/examples_rclpy_minimal_subscriber:/home/vboxuser/ros2_ws/install/examples_rclpy_minimal_service:/home/vboxuser/ros2_ws/install/examples_rclpy_minimal_publisher:/home/vboxuser/ros2_ws/install/examples_rclpy_minimal_client:/home/vboxuser/ros2_ws/install/examples_rclpy_minimal_action_server:/home/vboxuser/ros2_ws/install/examples_rclpy_minimal_action_client:/home/vboxuser/ros2_ws/install/examples_rclpy_guard_conditions:/home/vboxuser/ros2_ws/install/examples_rclpy_executors:/home/vboxuser/ros2_ws/install/bms_visualizer:/opt/ros/iron:/home/vboxuser/ros2_iron/install/rqt_bag_plugins:/home/vboxuser/ros2_iron/install/rqt_bag:/home/vboxuser/ros2_iron/install/rosbag2_examples_py:/home/vboxuser/ros2_iron/install/launch_testing_examples:/home/vboxuser/ros2_iron/install/ros2bag:/home/vboxuser/ros2_iron/install/tracetools_test:/home/vboxuser/ros2_iron/install/tracetools_launch:/home/vboxuser/ros2_iron/install/topic_monitor:/home/vboxuser/ros2_iron/install/tf2_tools:/home/vboxuser/ros2_iron/install/examples_tf2_py:/home/vboxuser/ros2_iron/install/tf2_ros_py:/home/vboxuser/ros2_iron/install/examples_rclpy_pointcloud_publisher:/home/vboxuser/ros2_iron/install/sensor_msgs_py:/home/vboxuser/ros2_iron/install/quality_of_service_demo_py:/home/vboxuser/ros2_iron/install/rqt_plot:/home/vboxuser/ros2_iron/install/ros2doctor:/home/vboxuser/ros2_iron/install/lifecycle_py:/home/vboxuser/ros2_iron/install/examples_rclpy_minimal_subscriber:/home/vboxuser/ros2_iron/install/examples_rclpy_minimal_service:/home/vboxuser/ros2_iron/install/examples_rclpy_minimal_publisher:/home/vboxuser/ros2_iron/install/examples_rclpy_minimal_client:/home/vboxuser/ros2_iron/install/examples_rclpy_executors:/home/vboxuser/ros2_iron/install/demo_nodes_py:/home/vboxuser/ros2_iron/install/rqt:/home/vboxuser/ros2_iron/install/ros2component:/home/vboxuser/ros2_iron/install/sros2:/home/vboxuser/ros2_iron/install/rqt_topic:/home/vboxuser/ros2_iron/install/rqt_srv:/home/vboxuser/ros2_iron/install/rqt_shell:/home/vboxuser/ros2_iron/install/rqt_service_caller:/home/vboxuser/ros2_iron/install/rqt_reconfigure:/home/vboxuser/ros2_iron/install/rqt_py_console:/home/vboxuser/ros2_iron/install/rqt_publisher:/home/vboxuser/ros2_iron/install/rqt_action:/home/vboxuser/ros2_iron/install/rqt_msg:/home/vboxuser/ros2_iron/install/rqt_console:/home/vboxuser/ros2_iron/install/rqt_graph:/home/vboxuser/ros2_iron/install/rqt_gui_py:/home/vboxuser/ros2_iron/install/rqt_gui:/home/vboxuser/ros2_iron/install/ros2trace:/home/vboxuser/ros2_iron/install/ros2topic:/home/vboxuser/ros2_iron/install/ros2test:/home/vboxuser/ros2_iron/install/ros2param:/home/vboxuser/ros2_iron/install/ros2lifecycle:/home/vboxuser/ros2_iron/install/ros2service:/home/vboxuser/ros2_iron/install/ros2run:/home/vboxuser/ros2_iron/install/ros2launch:/home/vboxuser/ros2_iron/install/ros2pkg:/home/vboxuser/ros2_iron/install/ros2node:/home/vboxuser/ros2_iron/install/ros2multicast:/home/vboxuser/ros2_iron/install/ros2interface:/home/vboxuser/ros2_iron/install/ros2action:/home/vboxuser/ros2_iron/install/ros2cli:/home/vboxuser/ros2_iron/install/launch_testing_ros:/home/vboxuser/ros2_iron/install/launch_ros:/home/vboxuser/ros2_iron/install/examples_rclpy_minimal_action_server:/home/vboxuser/ros2_iron/install/examples_rclpy_minimal_action_client:/home/vboxuser/ros2_iron/install/examples_rclpy_guard_conditions:/home/vboxuser/ros2_iron/install/action_tutorials_py:/home/vboxuser/ros2_iron/install/ament_uncrustify:/home/vboxuser/ros2_iron/install/tracetools_trace:/home/vboxuser/ros2_iron/install/tracetools_read:/home/vboxuser/ros2_iron/install/test_tracetools_launch:/home/vboxuser/ros2_iron/install/test_ros2trace:/home/vboxuser/ros2_iron/install/test_launch_ros:/home/vboxuser/ros2_iron/install/rpyutils:/home/vboxuser/ros2_iron/install/rosidl_runtime_py:/home/vboxuser/ros2_iron/install/rosidl_pycommon:/home/vboxuser/ros2_iron/install/rosidl_cli:/home/vboxuser/ros2_iron/install/launch_pytest:/home/vboxuser/ros2_iron/install/launch_testing:/home/vboxuser/ros2_iron/install/launch_yaml:/home/vboxuser/ros2_iron/install/launch_xml:/home/vboxuser/ros2_iron/install/launch:/home/vboxuser/ros2_iron/install/osrf_pycommon:/home/vboxuser/ros2_iron/install/domain_coordinator:/home/vboxuser/ros2_iron/install/ament_xmllint:/home/vboxuser/ros2_iron/install/ament_pyflakes:/home/vboxuser/ros2_iron/install/ament_pycodestyle:/home/vboxuser/ros2_iron/install/ament_pep257:/home/vboxuser/ros2_iron/install/ament_pclint:/home/vboxuser/ros2_iron/install/ament_package:/home/vboxuser/ros2_iron/install/ament_mypy:/home/vboxuser/ros2_iron/install/ament_lint_cmake:/home/vboxuser/ros2_iron/install/ament_flake8:/home/vboxuser/ros2_iron/install/ament_copyright:/home/vboxuser/ros2_iron/install/ament_lint:/home/vboxuser/ros2_iron/install/ament_index_python:/home/vboxuser/ros2_iron/install/ament_cpplint:/home/vboxuser/ros2_iron/install/ament_cppcheck:/home/vboxuser/ros2_iron/install/ament_clang_tidy:/home/vboxuser/ros2_iron/install/ament_clang_format /usr/bin/cmake --install /home/vboxuser/ros2_ws/build/bq769x2_i2c_ros
[2.320s] DEBUG:colcon.colcon_core.event_handler.log_command:Invoked command in '/home/vboxuser/ros2_ws/build/examples_rclcpp_cbg_executor' returned '0': CMAKE_PREFIX_PATH=${CMAKE_PREFIX_PATH}:/home/vboxuser/ros2_ws/install/py_pubsub:/home/vboxuser/ros2_ws/install/launch_testing_examples:/home/vboxuser/ros2_ws/install/examples_rclpy_pointcloud_publisher:/home/vboxuser/ros2_ws/install/examples_rclpy_minimal_subscriber:/home/vboxuser/ros2_ws/install/examples_rclpy_minimal_service:/home/vboxuser/ros2_ws/install/examples_rclpy_minimal_publisher:/home/vboxuser/ros2_ws/install/examples_rclpy_minimal_client:/home/vboxuser/ros2_ws/install/examples_rclpy_minimal_action_server:/home/vboxuser/ros2_ws/install/examples_rclpy_minimal_action_client:/home/vboxuser/ros2_ws/install/examples_rclpy_guard_conditions:/home/vboxuser/ros2_ws/install/examples_rclpy_executors:/home/vboxuser/ros2_ws/install/bms_visualizer:/opt/ros/iron:/home/vboxuser/ros2_iron/install/rqt_bag_plugins:/home/vboxuser/ros2_iron/install/rqt_bag:/home/vboxuser/ros2_iron/install/rosbag2_examples_py:/home/vboxuser/ros2_iron/install/launch_testing_examples:/home/vboxuser/ros2_iron/install/ros2bag:/home/vboxuser/ros2_iron/install/tracetools_test:/home/vboxuser/ros2_iron/install/tracetools_launch:/home/vboxuser/ros2_iron/install/topic_monitor:/home/vboxuser/ros2_iron/install/tf2_tools:/home/vboxuser/ros2_iron/install/examples_tf2_py:/home/vboxuser/ros2_iron/install/tf2_ros_py:/home/vboxuser/ros2_iron/install/examples_rclpy_pointcloud_publisher:/home/vboxuser/ros2_iron/install/sensor_msgs_py:/home/vboxuser/ros2_iron/install/quality_of_service_demo_py:/home/vboxuser/ros2_iron/install/rqt_plot:/home/vboxuser/ros2_iron/install/ros2doctor:/home/vboxuser/ros2_iron/install/lifecycle_py:/home/vboxuser/ros2_iron/install/examples_rclpy_minimal_subscriber:/home/vboxuser/ros2_iron/install/examples_rclpy_minimal_service:/home/vboxuser/ros2_iron/install/examples_rclpy_minimal_publisher:/home/vboxuser/ros2_iron/install/examples_rclpy_minimal_client:/home/vboxuser/ros2_iron/install/examples_rclpy_executors:/home/vboxuser/ros2_iron/install/demo_nodes_py:/home/vboxuser/ros2_iron/install/rqt:/home/vboxuser/ros2_iron/install/ros2component:/home/vboxuser/ros2_iron/install/sros2:/home/vboxuser/ros2_iron/install/rqt_topic:/home/vboxuser/ros2_iron/install/rqt_srv:/home/vboxuser/ros2_iron/install/rqt_shell:/home/vboxuser/ros2_iron/install/rqt_service_caller:/home/vboxuser/ros2_iron/install/rqt_reconfigure:/home/vboxuser/ros2_iron/install/rqt_py_console:/home/vboxuser/ros2_iron/install/rqt_publisher:/home/vboxuser/ros2_iron/install/rqt_action:/home/vboxuser/ros2_iron/install/rqt_msg:/home/vboxuser/ros2_iron/install/rqt_console:/home/vboxuser/ros2_iron/install/rqt_graph:/home/vboxuser/ros2_iron/install/rqt_gui_py:/home/vboxuser/ros2_iron/install/rqt_gui:/home/vboxuser/ros2_iron/install/ros2trace:/home/vboxuser/ros2_iron/install/ros2topic:/home/vboxuser/ros2_iron/install/ros2test:/home/vboxuser/ros2_iron/install/ros2param:/home/vboxuser/ros2_iron/install/ros2lifecycle:/home/vboxuser/ros2_iron/install/ros2service:/home/vboxuser/ros2_iron/install/ros2run:/home/vboxuser/ros2_iron/install/ros2launch:/home/vboxuser/ros2_iron/install/ros2pkg:/home/vboxuser/ros2_iron/install/ros2node:/home/vboxuser/ros2_iron/install/ros2multicast:/home/vboxuser/ros2_iron/install/ros2interface:/home/vboxuser/ros2_iron/install/ros2action:/home/vboxuser/ros2_iron/install/ros2cli:/home/vboxuser/ros2_iron/install/launch_testing_ros:/home/vboxuser/ros2_iron/install/launch_ros:/home/vboxuser/ros2_iron/install/examples_rclpy_minimal_action_server:/home/vboxuser/ros2_iron/install/examples_rclpy_minimal_action_client:/home/vboxuser/ros2_iron/install/examples_rclpy_guard_conditions:/home/vboxuser/ros2_iron/install/action_tutorials_py:/home/vboxuser/ros2_iron/install/ament_uncrustify:/home/vboxuser/ros2_iron/install/tracetools_trace:/home/vboxuser/ros2_iron/install/tracetools_read:/home/vboxuser/ros2_iron/install/test_tracetools_launch:/home/vboxuser/ros2_iron/install/test_ros2trace:/home/vboxuser/ros2_iron/install/test_launch_ros:/home/vboxuser/ros2_iron/install/rpyutils:/home/vboxuser/ros2_iron/install/rosidl_runtime_py:/home/vboxuser/ros2_iron/install/rosidl_pycommon:/home/vboxuser/ros2_iron/install/rosidl_cli:/home/vboxuser/ros2_iron/install/launch_pytest:/home/vboxuser/ros2_iron/install/launch_testing:/home/vboxuser/ros2_iron/install/launch_yaml:/home/vboxuser/ros2_iron/install/launch_xml:/home/vboxuser/ros2_iron/install/launch:/home/vboxuser/ros2_iron/install/osrf_pycommon:/home/vboxuser/ros2_iron/install/domain_coordinator:/home/vboxuser/ros2_iron/install/ament_xmllint:/home/vboxuser/ros2_iron/install/ament_pyflakes:/home/vboxuser/ros2_iron/install/ament_pycodestyle:/home/vboxuser/ros2_iron/install/ament_pep257:/home/vboxuser/ros2_iron/install/ament_pclint:/home/vboxuser/ros2_iron/install/ament_package:/home/vboxuser/ros2_iron/install/ament_mypy:/home/vboxuser/ros2_iron/install/ament_lint_cmake:/home/vboxuser/ros2_iron/install/ament_flake8:/home/vboxuser/ros2_iron/install/ament_copyright:/home/vboxuser/ros2_iron/install/ament_lint:/home/vboxuser/ros2_iron/install/ament_index_python:/home/vboxuser/ros2_iron/install/ament_cpplint:/home/vboxuser/ros2_iron/install/ament_cppcheck:/home/vboxuser/ros2_iron/install/ament_clang_tidy:/home/vboxuser/ros2_iron/install/ament_clang_format /usr/bin/cmake --build /home/vboxuser/ros2_ws/build/examples_rclcpp_cbg_executor -- -j4 -l4
[2.331s] DEBUG:colcon.colcon_core.event_handler.log_command:Invoking command in '/home/vboxuser/ros2_ws/build/examples_rclcpp_cbg_executor': CMAKE_PREFIX_PATH=${CMAKE_PREFIX_PATH}:/home/vboxuser/ros2_ws/install/py_pubsub:/home/vboxuser/ros2_ws/install/launch_testing_examples:/home/vboxuser/ros2_ws/install/examples_rclpy_pointcloud_publisher:/home/vboxuser/ros2_ws/install/examples_rclpy_minimal_subscriber:/home/vboxuser/ros2_ws/install/examples_rclpy_minimal_service:/home/vboxuser/ros2_ws/install/examples_rclpy_minimal_publisher:/home/vboxuser/ros2_ws/install/examples_rclpy_minimal_client:/home/vboxuser/ros2_ws/install/examples_rclpy_minimal_action_server:/home/vboxuser/ros2_ws/install/examples_rclpy_minimal_action_client:/home/vboxuser/ros2_ws/install/examples_rclpy_guard_conditions:/home/vboxuser/ros2_ws/install/examples_rclpy_executors:/home/vboxuser/ros2_ws/install/bms_visualizer:/opt/ros/iron:/home/vboxuser/ros2_iron/install/rqt_bag_plugins:/home/vboxuser/ros2_iron/install/rqt_bag:/home/vboxuser/ros2_iron/install/rosbag2_examples_py:/home/vboxuser/ros2_iron/install/launch_testing_examples:/home/vboxuser/ros2_iron/install/ros2bag:/home/vboxuser/ros2_iron/install/tracetools_test:/home/vboxuser/ros2_iron/install/tracetools_launch:/home/vboxuser/ros2_iron/install/topic_monitor:/home/vboxuser/ros2_iron/install/tf2_tools:/home/vboxuser/ros2_iron/install/examples_tf2_py:/home/vboxuser/ros2_iron/install/tf2_ros_py:/home/vboxuser/ros2_iron/install/examples_rclpy_pointcloud_publisher:/home/vboxuser/ros2_iron/install/sensor_msgs_py:/home/vboxuser/ros2_iron/install/quality_of_service_demo_py:/home/vboxuser/ros2_iron/install/rqt_plot:/home/vboxuser/ros2_iron/install/ros2doctor:/home/vboxuser/ros2_iron/install/lifecycle_py:/home/vboxuser/ros2_iron/install/examples_rclpy_minimal_subscriber:/home/vboxuser/ros2_iron/install/examples_rclpy_minimal_service:/home/vboxuser/ros2_iron/install/examples_rclpy_minimal_publisher:/home/vboxuser/ros2_iron/install/examples_rclpy_minimal_client:/home/vboxuser/ros2_iron/install/examples_rclpy_executors:/home/vboxuser/ros2_iron/install/demo_nodes_py:/home/vboxuser/ros2_iron/install/rqt:/home/vboxuser/ros2_iron/install/ros2component:/home/vboxuser/ros2_iron/install/sros2:/home/vboxuser/ros2_iron/install/rqt_topic:/home/vboxuser/ros2_iron/install/rqt_srv:/home/vboxuser/ros2_iron/install/rqt_shell:/home/vboxuser/ros2_iron/install/rqt_service_caller:/home/vboxuser/ros2_iron/install/rqt_reconfigure:/home/vboxuser/ros2_iron/install/rqt_py_console:/home/vboxuser/ros2_iron/install/rqt_publisher:/home/vboxuser/ros2_iron/install/rqt_action:/home/vboxuser/ros2_iron/install/rqt_msg:/home/vboxuser/ros2_iron/install/rqt_console:/home/vboxuser/ros2_iron/install/rqt_graph:/home/vboxuser/ros2_iron/install/rqt_gui_py:/home/vboxuser/ros2_iron/install/rqt_gui:/home/vboxuser/ros2_iron/install/ros2trace:/home/vboxuser/ros2_iron/install/ros2topic:/home/vboxuser/ros2_iron/install/ros2test:/home/vboxuser/ros2_iron/install/ros2param:/home/vboxuser/ros2_iron/install/ros2lifecycle:/home/vboxuser/ros2_iron/install/ros2service:/home/vboxuser/ros2_iron/install/ros2run:/home/vboxuser/ros2_iron/install/ros2launch:/home/vboxuser/ros2_iron/install/ros2pkg:/home/vboxuser/ros2_iron/install/ros2node:/home/vboxuser/ros2_iron/install/ros2multicast:/home/vboxuser/ros2_iron/install/ros2interface:/home/vboxuser/ros2_iron/install/ros2action:/home/vboxuser/ros2_iron/install/ros2cli:/home/vboxuser/ros2_iron/install/launch_testing_ros:/home/vboxuser/ros2_iron/install/launch_ros:/home/vboxuser/ros2_iron/install/examples_rclpy_minimal_action_server:/home/vboxuser/ros2_iron/install/examples_rclpy_minimal_action_client:/home/vboxuser/ros2_iron/install/examples_rclpy_guard_conditions:/home/vboxuser/ros2_iron/install/action_tutorials_py:/home/vboxuser/ros2_iron/install/ament_uncrustify:/home/vboxuser/ros2_iron/install/tracetools_trace:/home/vboxuser/ros2_iron/install/tracetools_read:/home/vboxuser/ros2_iron/install/test_tracetools_launch:/home/vboxuser/ros2_iron/install/test_ros2trace:/home/vboxuser/ros2_iron/install/test_launch_ros:/home/vboxuser/ros2_iron/install/rpyutils:/home/vboxuser/ros2_iron/install/rosidl_runtime_py:/home/vboxuser/ros2_iron/install/rosidl_pycommon:/home/vboxuser/ros2_iron/install/rosidl_cli:/home/vboxuser/ros2_iron/install/launch_pytest:/home/vboxuser/ros2_iron/install/launch_testing:/home/vboxuser/ros2_iron/install/launch_yaml:/home/vboxuser/ros2_iron/install/launch_xml:/home/vboxuser/ros2_iron/install/launch:/home/vboxuser/ros2_iron/install/osrf_pycommon:/home/vboxuser/ros2_iron/install/domain_coordinator:/home/vboxuser/ros2_iron/install/ament_xmllint:/home/vboxuser/ros2_iron/install/ament_pyflakes:/home/vboxuser/ros2_iron/install/ament_pycodestyle:/home/vboxuser/ros2_iron/install/ament_pep257:/home/vboxuser/ros2_iron/install/ament_pclint:/home/vboxuser/ros2_iron/install/ament_package:/home/vboxuser/ros2_iron/install/ament_mypy:/home/vboxuser/ros2_iron/install/ament_lint_cmake:/home/vboxuser/ros2_iron/install/ament_flake8:/home/vboxuser/ros2_iron/install/ament_copyright:/home/vboxuser/ros2_iron/install/ament_lint:/home/vboxuser/ros2_iron/install/ament_index_python:/home/vboxuser/ros2_iron/install/ament_cpplint:/home/vboxuser/ros2_iron/install/ament_cppcheck:/home/vboxuser/ros2_iron/install/ament_clang_tidy:/home/vboxuser/ros2_iron/install/ament_clang_format /usr/bin/cmake --install /home/vboxuser/ros2_ws/build/examples_rclcpp_cbg_executor
[2.348s] Level 1:colcon.colcon_core.environment:create_environment_scripts_only(bq769x2_i2c_ros)
[2.348s] Level 1:colcon.colcon_core.environment:checking '/home/vboxuser/ros2_ws/install/bq769x2_i2c_ros' for CMake module files
[2.350s] DEBUG:colcon.colcon_core.event_handler.log_command:Invoked command in '/home/vboxuser/ros2_ws/build/bq769x2_i2c_ros' returned '0': CMAKE_PREFIX_PATH=${CMAKE_PREFIX_PATH}:/home/vboxuser/ros2_ws/install/py_pubsub:/home/vboxuser/ros2_ws/install/launch_testing_examples:/home/vboxuser/ros2_ws/install/examples_rclpy_pointcloud_publisher:/home/vboxuser/ros2_ws/install/examples_rclpy_minimal_subscriber:/home/vboxuser/ros2_ws/install/examples_rclpy_minimal_service:/home/vboxuser/ros2_ws/install/examples_rclpy_minimal_publisher:/home/vboxuser/ros2_ws/install/examples_rclpy_minimal_client:/home/vboxuser/ros2_ws/install/examples_rclpy_minimal_action_server:/home/vboxuser/ros2_ws/install/examples_rclpy_minimal_action_client:/home/vboxuser/ros2_ws/install/examples_rclpy_guard_conditions:/home/vboxuser/ros2_ws/install/examples_rclpy_executors:/home/vboxuser/ros2_ws/install/bms_visualizer:/opt/ros/iron:/home/vboxuser/ros2_iron/install/rqt_bag_plugins:/home/vboxuser/ros2_iron/install/rqt_bag:/home/vboxuser/ros2_iron/install/rosbag2_examples_py:/home/vboxuser/ros2_iron/install/launch_testing_examples:/home/vboxuser/ros2_iron/install/ros2bag:/home/vboxuser/ros2_iron/install/tracetools_test:/home/vboxuser/ros2_iron/install/tracetools_launch:/home/vboxuser/ros2_iron/install/topic_monitor:/home/vboxuser/ros2_iron/install/tf2_tools:/home/vboxuser/ros2_iron/install/examples_tf2_py:/home/vboxuser/ros2_iron/install/tf2_ros_py:/home/vboxuser/ros2_iron/install/examples_rclpy_pointcloud_publisher:/home/vboxuser/ros2_iron/install/sensor_msgs_py:/home/vboxuser/ros2_iron/install/quality_of_service_demo_py:/home/vboxuser/ros2_iron/install/rqt_plot:/home/vboxuser/ros2_iron/install/ros2doctor:/home/vboxuser/ros2_iron/install/lifecycle_py:/home/vboxuser/ros2_iron/install/examples_rclpy_minimal_subscriber:/home/vboxuser/ros2_iron/install/examples_rclpy_minimal_service:/home/vboxuser/ros2_iron/install/examples_rclpy_minimal_publisher:/home/vboxuser/ros2_iron/install/examples_rclpy_minimal_client:/home/vboxuser/ros2_iron/install/examples_rclpy_executors:/home/vboxuser/ros2_iron/install/demo_nodes_py:/home/vboxuser/ros2_iron/install/rqt:/home/vboxuser/ros2_iron/install/ros2component:/home/vboxuser/ros2_iron/install/sros2:/home/vboxuser/ros2_iron/install/rqt_topic:/home/vboxuser/ros2_iron/install/rqt_srv:/home/vboxuser/ros2_iron/install/rqt_shell:/home/vboxuser/ros2_iron/install/rqt_service_caller:/home/vboxuser/ros2_iron/install/rqt_reconfigure:/home/vboxuser/ros2_iron/install/rqt_py_console:/home/vboxuser/ros2_iron/install/rqt_publisher:/home/vboxuser/ros2_iron/install/rqt_action:/home/vboxuser/ros2_iron/install/rqt_msg:/home/vboxuser/ros2_iron/install/rqt_console:/home/vboxuser/ros2_iron/install/rqt_graph:/home/vboxuser/ros2_iron/install/rqt_gui_py:/home/vboxuser/ros2_iron/install/rqt_gui:/home/vboxuser/ros2_iron/install/ros2trace:/home/vboxuser/ros2_iron/install/ros2topic:/home/vboxuser/ros2_iron/install/ros2test:/home/vboxuser/ros2_iron/install/ros2param:/home/vboxuser/ros2_iron/install/ros2lifecycle:/home/vboxuser/ros2_iron/install/ros2service:/home/vboxuser/ros2_iron/install/ros2run:/home/vboxuser/ros2_iron/install/ros2launch:/home/vboxuser/ros2_iron/install/ros2pkg:/home/vboxuser/ros2_iron/install/ros2node:/home/vboxuser/ros2_iron/install/ros2multicast:/home/vboxuser/ros2_iron/install/ros2interface:/home/vboxuser/ros2_iron/install/ros2action:/home/vboxuser/ros2_iron/install/ros2cli:/home/vboxuser/ros2_iron/install/launch_testing_ros:/home/vboxuser/ros2_iron/install/launch_ros:/home/vboxuser/ros2_iron/install/examples_rclpy_minimal_action_server:/home/vboxuser/ros2_iron/install/examples_rclpy_minimal_action_client:/home/vboxuser/ros2_iron/install/examples_rclpy_guard_conditions:/home/vboxuser/ros2_iron/install/action_tutorials_py:/home/vboxuser/ros2_iron/install/ament_uncrustify:/home/vboxuser/ros2_iron/install/tracetools_trace:/home/vboxuser/ros2_iron/install/tracetools_read:/home/vboxuser/ros2_iron/install/test_tracetools_launch:/home/vboxuser/ros2_iron/install/test_ros2trace:/home/vboxuser/ros2_iron/install/test_launch_ros:/home/vboxuser/ros2_iron/install/rpyutils:/home/vboxuser/ros2_iron/install/rosidl_runtime_py:/home/vboxuser/ros2_iron/install/rosidl_pycommon:/home/vboxuser/ros2_iron/install/rosidl_cli:/home/vboxuser/ros2_iron/install/launch_pytest:/home/vboxuser/ros2_iron/install/launch_testing:/home/vboxuser/ros2_iron/install/launch_yaml:/home/vboxuser/ros2_iron/install/launch_xml:/home/vboxuser/ros2_iron/install/launch:/home/vboxuser/ros2_iron/install/osrf_pycommon:/home/vboxuser/ros2_iron/install/domain_coordinator:/home/vboxuser/ros2_iron/install/ament_xmllint:/home/vboxuser/ros2_iron/install/ament_pyflakes:/home/vboxuser/ros2_iron/install/ament_pycodestyle:/home/vboxuser/ros2_iron/install/ament_pep257:/home/vboxuser/ros2_iron/install/ament_pclint:/home/vboxuser/ros2_iron/install/ament_package:/home/vboxuser/ros2_iron/install/ament_mypy:/home/vboxuser/ros2_iron/install/ament_lint_cmake:/home/vboxuser/ros2_iron/install/ament_flake8:/home/vboxuser/ros2_iron/install/ament_copyright:/home/vboxuser/ros2_iron/install/ament_lint:/home/vboxuser/ros2_iron/install/ament_index_python:/home/vboxuser/ros2_iron/install/ament_cpplint:/home/vboxuser/ros2_iron/install/ament_cppcheck:/home/vboxuser/ros2_iron/install/ament_clang_tidy:/home/vboxuser/ros2_iron/install/ament_clang_format /usr/bin/cmake --install /home/vboxuser/ros2_ws/build/bq769x2_i2c_ros
[2.350s] Level 1:colcon.colcon_core.environment:checking '/home/vboxuser/ros2_ws/install/bq769x2_i2c_ros' for CMake config files
[2.350s] Level 1:colcon.colcon_core.shell:create_environment_hook('bq769x2_i2c_ros', 'cmake_prefix_path')
[2.351s] INFO:colcon.colcon_core.shell:Creating environment hook '/home/vboxuser/ros2_ws/install/bq769x2_i2c_ros/share/bq769x2_i2c_ros/hook/cmake_prefix_path.ps1'
[2.353s] INFO:colcon.colcon_core.shell:Creating environment descriptor '/home/vboxuser/ros2_ws/install/bq769x2_i2c_ros/share/bq769x2_i2c_ros/hook/cmake_prefix_path.dsv'
[2.354s] INFO:colcon.colcon_core.shell:Creating environment hook '/home/vboxuser/ros2_ws/install/bq769x2_i2c_ros/share/bq769x2_i2c_ros/hook/cmake_prefix_path.sh'
[2.370s] Level 1:colcon.colcon_core.environment:checking '/home/vboxuser/ros2_ws/install/bq769x2_i2c_ros/lib'
[2.370s] Level 1:colcon.colcon_core.environment:checking '/home/vboxuser/ros2_ws/install/bq769x2_i2c_ros/bin'
[2.370s] Level 1:colcon.colcon_core.environment:checking '/home/vboxuser/ros2_ws/install/bq769x2_i2c_ros/lib/pkgconfig/bq769x2_i2c_ros.pc'
[2.370s] Level 1:colcon.colcon_core.environment:checking '/home/vboxuser/ros2_ws/install/bq769x2_i2c_ros/lib/python3.10/site-packages'
[2.371s] Level 1:colcon.colcon_core.environment:checking '/home/vboxuser/ros2_ws/install/bq769x2_i2c_ros/bin'
[2.372s] INFO:colcon.colcon_core.shell:Creating package script '/home/vboxuser/ros2_ws/install/bq769x2_i2c_ros/share/bq769x2_i2c_ros/package.ps1'
[2.377s] INFO:colcon.colcon_core.shell:Creating package descriptor '/home/vboxuser/ros2_ws/install/bq769x2_i2c_ros/share/bq769x2_i2c_ros/package.dsv'
[2.379s] INFO:colcon.colcon_core.shell:Creating package script '/home/vboxuser/ros2_ws/install/bq769x2_i2c_ros/share/bq769x2_i2c_ros/package.sh'
[2.389s] INFO:colcon.colcon_core.shell:Creating package script '/home/vboxuser/ros2_ws/install/bq769x2_i2c_ros/share/bq769x2_i2c_ros/package.bash'
[2.391s] INFO:colcon.colcon_core.shell:Creating package script '/home/vboxuser/ros2_ws/install/bq769x2_i2c_ros/share/bq769x2_i2c_ros/package.zsh'
[2.392s] Level 1:colcon.colcon_core.environment:create_file_with_runtime_dependencies(/home/vboxuser/ros2_ws/install/bq769x2_i2c_ros/share/colcon-core/packages/bq769x2_i2c_ros)
[2.394s] Level 1:colcon.colcon_core.environment:create_environment_scripts_only(bq769x2_i2c_ros)
[2.394s] Level 1:colcon.colcon_core.environment:checking '/home/vboxuser/ros2_ws/install/bq769x2_i2c_ros' for CMake module files
[2.398s] Level 1:colcon.colcon_core.environment:checking '/home/vboxuser/ros2_ws/install/bq769x2_i2c_ros' for CMake config files
[2.399s] Level 1:colcon.colcon_core.shell:create_environment_hook('bq769x2_i2c_ros', 'cmake_prefix_path')
[2.400s] INFO:colcon.colcon_core.shell:Creating environment hook '/home/vboxuser/ros2_ws/install/bq769x2_i2c_ros/share/bq769x2_i2c_ros/hook/cmake_prefix_path.ps1'
[2.405s] INFO:colcon.colcon_core.shell:Creating environment descriptor '/home/vboxuser/ros2_ws/install/bq769x2_i2c_ros/share/bq769x2_i2c_ros/hook/cmake_prefix_path.dsv'
[2.418s] INFO:colcon.colcon_core.shell:Creating environment hook '/home/vboxuser/ros2_ws/install/bq769x2_i2c_ros/share/bq769x2_i2c_ros/hook/cmake_prefix_path.sh'
[2.423s] Level 1:colcon.colcon_core.environment:checking '/home/vboxuser/ros2_ws/install/bq769x2_i2c_ros/lib'
[2.424s] Level 1:colcon.colcon_core.environment:checking '/home/vboxuser/ros2_ws/install/bq769x2_i2c_ros/bin'
[2.424s] Level 1:colcon.colcon_core.environment:checking '/home/vboxuser/ros2_ws/install/bq769x2_i2c_ros/lib/pkgconfig/bq769x2_i2c_ros.pc'
[2.424s] Level 1:colcon.colcon_core.environment:checking '/home/vboxuser/ros2_ws/install/bq769x2_i2c_ros/lib/python3.10/site-packages'
[2.425s] Level 1:colcon.colcon_core.environment:checking '/home/vboxuser/ros2_ws/install/bq769x2_i2c_ros/bin'
[2.425s] INFO:colcon.colcon_core.shell:Creating package script '/home/vboxuser/ros2_ws/install/bq769x2_i2c_ros/share/bq769x2_i2c_ros/package.ps1'
[2.426s] INFO:colcon.colcon_core.shell:Creating package descriptor '/home/vboxuser/ros2_ws/install/bq769x2_i2c_ros/share/bq769x2_i2c_ros/package.dsv'
[2.428s] INFO:colcon.colcon_core.shell:Creating package script '/home/vboxuser/ros2_ws/install/bq769x2_i2c_ros/share/bq769x2_i2c_ros/package.sh'
[2.430s] INFO:colcon.colcon_core.shell:Creating package script '/home/vboxuser/ros2_ws/install/bq769x2_i2c_ros/share/bq769x2_i2c_ros/package.bash'
[2.436s] INFO:colcon.colcon_core.shell:Creating package script '/home/vboxuser/ros2_ws/install/bq769x2_i2c_ros/share/bq769x2_i2c_ros/package.zsh'
[2.437s] Level 1:colcon.colcon_core.environment:create_file_with_runtime_dependencies(/home/vboxuser/ros2_ws/install/bq769x2_i2c_ros/share/colcon-core/packages/bq769x2_i2c_ros)
[2.442s] INFO:colcon.colcon_ros.task.ament_cmake.build:Building ROS package in '/home/vboxuser/ros2_ws/src/examples/rclcpp/actions/minimal_action_server' with build type 'ament_cmake'
[2.442s] INFO:colcon.colcon_cmake.task.cmake.build:Building CMake package in '/home/vboxuser/ros2_ws/src/examples/rclcpp/actions/minimal_action_server'
[2.442s] INFO:colcon.colcon_core.shell:Skip shell extension 'powershell' for command environment: Not usable outside of PowerShell
[2.443s] DEBUG:colcon.colcon_core.shell:Skip shell extension 'dsv' for command environment
[2.548s] Level 1:colcon.colcon_core.environment:create_environment_scripts_only(examples_rclcpp_cbg_executor)
[2.549s] DEBUG:colcon.colcon_core.event_handler.log_command:Invoked command in '/home/vboxuser/ros2_ws/build/examples_rclcpp_cbg_executor' returned '0': CMAKE_PREFIX_PATH=${CMAKE_PREFIX_PATH}:/home/vboxuser/ros2_ws/install/py_pubsub:/home/vboxuser/ros2_ws/install/launch_testing_examples:/home/vboxuser/ros2_ws/install/examples_rclpy_pointcloud_publisher:/home/vboxuser/ros2_ws/install/examples_rclpy_minimal_subscriber:/home/vboxuser/ros2_ws/install/examples_rclpy_minimal_service:/home/vboxuser/ros2_ws/install/examples_rclpy_minimal_publisher:/home/vboxuser/ros2_ws/install/examples_rclpy_minimal_client:/home/vboxuser/ros2_ws/install/examples_rclpy_minimal_action_server:/home/vboxuser/ros2_ws/install/examples_rclpy_minimal_action_client:/home/vboxuser/ros2_ws/install/examples_rclpy_guard_conditions:/home/vboxuser/ros2_ws/install/examples_rclpy_executors:/home/vboxuser/ros2_ws/install/bms_visualizer:/opt/ros/iron:/home/vboxuser/ros2_iron/install/rqt_bag_plugins:/home/vboxuser/ros2_iron/install/rqt_bag:/home/vboxuser/ros2_iron/install/rosbag2_examples_py:/home/vboxuser/ros2_iron/install/launch_testing_examples:/home/vboxuser/ros2_iron/install/ros2bag:/home/vboxuser/ros2_iron/install/tracetools_test:/home/vboxuser/ros2_iron/install/tracetools_launch:/home/vboxuser/ros2_iron/install/topic_monitor:/home/vboxuser/ros2_iron/install/tf2_tools:/home/vboxuser/ros2_iron/install/examples_tf2_py:/home/vboxuser/ros2_iron/install/tf2_ros_py:/home/vboxuser/ros2_iron/install/examples_rclpy_pointcloud_publisher:/home/vboxuser/ros2_iron/install/sensor_msgs_py:/home/vboxuser/ros2_iron/install/quality_of_service_demo_py:/home/vboxuser/ros2_iron/install/rqt_plot:/home/vboxuser/ros2_iron/install/ros2doctor:/home/vboxuser/ros2_iron/install/lifecycle_py:/home/vboxuser/ros2_iron/install/examples_rclpy_minimal_subscriber:/home/vboxuser/ros2_iron/install/examples_rclpy_minimal_service:/home/vboxuser/ros2_iron/install/examples_rclpy_minimal_publisher:/home/vboxuser/ros2_iron/install/examples_rclpy_minimal_client:/home/vboxuser/ros2_iron/install/examples_rclpy_executors:/home/vboxuser/ros2_iron/install/demo_nodes_py:/home/vboxuser/ros2_iron/install/rqt:/home/vboxuser/ros2_iron/install/ros2component:/home/vboxuser/ros2_iron/install/sros2:/home/vboxuser/ros2_iron/install/rqt_topic:/home/vboxuser/ros2_iron/install/rqt_srv:/home/vboxuser/ros2_iron/install/rqt_shell:/home/vboxuser/ros2_iron/install/rqt_service_caller:/home/vboxuser/ros2_iron/install/rqt_reconfigure:/home/vboxuser/ros2_iron/install/rqt_py_console:/home/vboxuser/ros2_iron/install/rqt_publisher:/home/vboxuser/ros2_iron/install/rqt_action:/home/vboxuser/ros2_iron/install/rqt_msg:/home/vboxuser/ros2_iron/install/rqt_console:/home/vboxuser/ros2_iron/install/rqt_graph:/home/vboxuser/ros2_iron/install/rqt_gui_py:/home/vboxuser/ros2_iron/install/rqt_gui:/home/vboxuser/ros2_iron/install/ros2trace:/home/vboxuser/ros2_iron/install/ros2topic:/home/vboxuser/ros2_iron/install/ros2test:/home/vboxuser/ros2_iron/install/ros2param:/home/vboxuser/ros2_iron/install/ros2lifecycle:/home/vboxuser/ros2_iron/install/ros2service:/home/vboxuser/ros2_iron/install/ros2run:/home/vboxuser/ros2_iron/install/ros2launch:/home/vboxuser/ros2_iron/install/ros2pkg:/home/vboxuser/ros2_iron/install/ros2node:/home/vboxuser/ros2_iron/install/ros2multicast:/home/vboxuser/ros2_iron/install/ros2interface:/home/vboxuser/ros2_iron/install/ros2action:/home/vboxuser/ros2_iron/install/ros2cli:/home/vboxuser/ros2_iron/install/launch_testing_ros:/home/vboxuser/ros2_iron/install/launch_ros:/home/vboxuser/ros2_iron/install/examples_rclpy_minimal_action_server:/home/vboxuser/ros2_iron/install/examples_rclpy_minimal_action_client:/home/vboxuser/ros2_iron/install/examples_rclpy_guard_conditions:/home/vboxuser/ros2_iron/install/action_tutorials_py:/home/vboxuser/ros2_iron/install/ament_uncrustify:/home/vboxuser/ros2_iron/install/tracetools_trace:/home/vboxuser/ros2_iron/install/tracetools_read:/home/vboxuser/ros2_iron/install/test_tracetools_launch:/home/vboxuser/ros2_iron/install/test_ros2trace:/home/vboxuser/ros2_iron/install/test_launch_ros:/home/vboxuser/ros2_iron/install/rpyutils:/home/vboxuser/ros2_iron/install/rosidl_runtime_py:/home/vboxuser/ros2_iron/install/rosidl_pycommon:/home/vboxuser/ros2_iron/install/rosidl_cli:/home/vboxuser/ros2_iron/install/launch_pytest:/home/vboxuser/ros2_iron/install/launch_testing:/home/vboxuser/ros2_iron/install/launch_yaml:/home/vboxuser/ros2_iron/install/launch_xml:/home/vboxuser/ros2_iron/install/launch:/home/vboxuser/ros2_iron/install/osrf_pycommon:/home/vboxuser/ros2_iron/install/domain_coordinator:/home/vboxuser/ros2_iron/install/ament_xmllint:/home/vboxuser/ros2_iron/install/ament_pyflakes:/home/vboxuser/ros2_iron/install/ament_pycodestyle:/home/vboxuser/ros2_iron/install/ament_pep257:/home/vboxuser/ros2_iron/install/ament_pclint:/home/vboxuser/ros2_iron/install/ament_package:/home/vboxuser/ros2_iron/install/ament_mypy:/home/vboxuser/ros2_iron/install/ament_lint_cmake:/home/vboxuser/ros2_iron/install/ament_flake8:/home/vboxuser/ros2_iron/install/ament_copyright:/home/vboxuser/ros2_iron/install/ament_lint:/home/vboxuser/ros2_iron/install/ament_index_python:/home/vboxuser/ros2_iron/install/ament_cpplint:/home/vboxuser/ros2_iron/install/ament_cppcheck:/home/vboxuser/ros2_iron/install/ament_clang_tidy:/home/vboxuser/ros2_iron/install/ament_clang_format /usr/bin/cmake --install /home/vboxuser/ros2_ws/build/examples_rclcpp_cbg_executor
[2.557s] Level 1:colcon.colcon_core.environment:checking '/home/vboxuser/ros2_ws/install/examples_rclcpp_cbg_executor' for CMake module files
[2.562s] Level 1:colcon.colcon_core.environment:checking '/home/vboxuser/ros2_ws/install/examples_rclcpp_cbg_executor' for CMake config files
[2.563s] Level 1:colcon.colcon_core.shell:create_environment_hook('examples_rclcpp_cbg_executor', 'cmake_prefix_path')
[2.570s] INFO:colcon.colcon_core.shell:Creating environment hook '/home/vboxuser/ros2_ws/install/examples_rclcpp_cbg_executor/share/examples_rclcpp_cbg_executor/hook/cmake_prefix_path.ps1'
[2.571s] INFO:colcon.colcon_core.shell:Creating environment descriptor '/home/vboxuser/ros2_ws/install/examples_rclcpp_cbg_executor/share/examples_rclcpp_cbg_executor/hook/cmake_prefix_path.dsv'
[2.580s] INFO:colcon.colcon_core.shell:Creating environment hook '/home/vboxuser/ros2_ws/install/examples_rclcpp_cbg_executor/share/examples_rclcpp_cbg_executor/hook/cmake_prefix_path.sh'
[2.590s] Level 1:colcon.colcon_core.environment:checking '/home/vboxuser/ros2_ws/install/examples_rclcpp_cbg_executor/lib'
[2.590s] Level 1:colcon.colcon_core.environment:checking '/home/vboxuser/ros2_ws/install/examples_rclcpp_cbg_executor/bin'
[2.590s] Level 1:colcon.colcon_core.environment:checking '/home/vboxuser/ros2_ws/install/examples_rclcpp_cbg_executor/lib/pkgconfig/examples_rclcpp_cbg_executor.pc'
[2.590s] Level 1:colcon.colcon_core.environment:checking '/home/vboxuser/ros2_ws/install/examples_rclcpp_cbg_executor/lib/python3.10/site-packages'
[2.590s] Level 1:colcon.colcon_core.environment:checking '/home/vboxuser/ros2_ws/install/examples_rclcpp_cbg_executor/bin'
[2.591s] INFO:colcon.colcon_core.shell:Creating package script '/home/vboxuser/ros2_ws/install/examples_rclcpp_cbg_executor/share/examples_rclcpp_cbg_executor/package.ps1'
[2.591s] INFO:colcon.colcon_core.shell:Creating package descriptor '/home/vboxuser/ros2_ws/install/examples_rclcpp_cbg_executor/share/examples_rclcpp_cbg_executor/package.dsv'
[2.592s] INFO:colcon.colcon_core.shell:Creating package script '/home/vboxuser/ros2_ws/install/examples_rclcpp_cbg_executor/share/examples_rclcpp_cbg_executor/package.sh'
[2.593s] INFO:colcon.colcon_core.shell:Creating package script '/home/vboxuser/ros2_ws/install/examples_rclcpp_cbg_executor/share/examples_rclcpp_cbg_executor/package.bash'
[2.596s] INFO:colcon.colcon_core.shell:Creating package script '/home/vboxuser/ros2_ws/install/examples_rclcpp_cbg_executor/share/examples_rclcpp_cbg_executor/package.zsh'
[2.597s] Level 1:colcon.colcon_core.environment:create_file_with_runtime_dependencies(/home/vboxuser/ros2_ws/install/examples_rclcpp_cbg_executor/share/colcon-core/packages/examples_rclcpp_cbg_executor)
[2.598s] Level 1:colcon.colcon_core.environment:create_environment_scripts_only(examples_rclcpp_cbg_executor)
[2.599s] Level 1:colcon.colcon_core.environment:checking '/home/vboxuser/ros2_ws/install/examples_rclcpp_cbg_executor' for CMake module files
[2.599s] Level 1:colcon.colcon_core.environment:checking '/home/vboxuser/ros2_ws/install/examples_rclcpp_cbg_executor' for CMake config files
[2.599s] Level 1:colcon.colcon_core.shell:create_environment_hook('examples_rclcpp_cbg_executor', 'cmake_prefix_path')
[2.600s] INFO:colcon.colcon_core.shell:Creating environment hook '/home/vboxuser/ros2_ws/install/examples_rclcpp_cbg_executor/share/examples_rclcpp_cbg_executor/hook/cmake_prefix_path.ps1'
[2.602s] INFO:colcon.colcon_core.shell:Creating environment descriptor '/home/vboxuser/ros2_ws/install/examples_rclcpp_cbg_executor/share/examples_rclcpp_cbg_executor/hook/cmake_prefix_path.dsv'
[2.603s] INFO:colcon.colcon_core.shell:Creating environment hook '/home/vboxuser/ros2_ws/install/examples_rclcpp_cbg_executor/share/examples_rclcpp_cbg_executor/hook/cmake_prefix_path.sh'
[2.605s] Level 1:colcon.colcon_core.environment:checking '/home/vboxuser/ros2_ws/install/examples_rclcpp_cbg_executor/lib'
[2.605s] Level 1:colcon.colcon_core.environment:checking '/home/vboxuser/ros2_ws/install/examples_rclcpp_cbg_executor/bin'
[2.605s] Level 1:colcon.colcon_core.environment:checking '/home/vboxuser/ros2_ws/install/examples_rclcpp_cbg_executor/lib/pkgconfig/examples_rclcpp_cbg_executor.pc'
[2.605s] Level 1:colcon.colcon_core.environment:checking '/home/vboxuser/ros2_ws/install/examples_rclcpp_cbg_executor/lib/python3.10/site-packages'
[2.605s] Level 1:colcon.colcon_core.environment:checking '/home/vboxuser/ros2_ws/install/examples_rclcpp_cbg_executor/bin'
[2.607s] INFO:colcon.colcon_core.shell:Creating package script '/home/vboxuser/ros2_ws/install/examples_rclcpp_cbg_executor/share/examples_rclcpp_cbg_executor/package.ps1'
[2.609s] INFO:colcon.colcon_core.shell:Creating package descriptor '/home/vboxuser/ros2_ws/install/examples_rclcpp_cbg_executor/share/examples_rclcpp_cbg_executor/package.dsv'
[2.610s] INFO:colcon.colcon_core.shell:Creating package script '/home/vboxuser/ros2_ws/install/examples_rclcpp_cbg_executor/share/examples_rclcpp_cbg_executor/package.sh'
[2.611s] INFO:colcon.colcon_core.shell:Creating package script '/home/vboxuser/ros2_ws/install/examples_rclcpp_cbg_executor/share/examples_rclcpp_cbg_executor/package.bash'
[2.612s] INFO:colcon.colcon_core.shell:Creating package script '/home/vboxuser/ros2_ws/install/examples_rclcpp_cbg_executor/share/examples_rclcpp_cbg_executor/package.zsh'
[2.613s] Level 1:colcon.colcon_core.environment:create_file_with_runtime_dependencies(/home/vboxuser/ros2_ws/install/examples_rclcpp_cbg_executor/share/colcon-core/packages/examples_rclcpp_cbg_executor)
[2.615s] INFO:colcon.colcon_ros.task.ament_cmake.build:Building ROS package in '/home/vboxuser/ros2_ws/src/examples/rclcpp/services/minimal_client' with build type 'ament_cmake'
[2.615s] INFO:colcon.colcon_cmake.task.cmake.build:Building CMake package in '/home/vboxuser/ros2_ws/src/examples/rclcpp/services/minimal_client'
[2.616s] INFO:colcon.colcon_core.shell:Skip shell extension 'powershell' for command environment: Not usable outside of PowerShell
[2.616s] DEBUG:colcon.colcon_core.shell:Skip shell extension 'dsv' for command environment
[2.709s] DEBUG:colcon.colcon_core.event_handler.log_command:Invoking command in '/home/vboxuser/ros2_ws/build/examples_rclcpp_minimal_action_server': CMAKE_PREFIX_PATH=${CMAKE_PREFIX_PATH}:/home/vboxuser/ros2_ws/install/py_pubsub:/home/vboxuser/ros2_ws/install/launch_testing_examples:/home/vboxuser/ros2_ws/install/examples_rclpy_pointcloud_publisher:/home/vboxuser/ros2_ws/install/examples_rclpy_minimal_subscriber:/home/vboxuser/ros2_ws/install/examples_rclpy_minimal_service:/home/vboxuser/ros2_ws/install/examples_rclpy_minimal_publisher:/home/vboxuser/ros2_ws/install/examples_rclpy_minimal_client:/home/vboxuser/ros2_ws/install/examples_rclpy_minimal_action_server:/home/vboxuser/ros2_ws/install/examples_rclpy_minimal_action_client:/home/vboxuser/ros2_ws/install/examples_rclpy_guard_conditions:/home/vboxuser/ros2_ws/install/examples_rclpy_executors:/home/vboxuser/ros2_ws/install/bms_visualizer:/opt/ros/iron:/home/vboxuser/ros2_iron/install/rqt_bag_plugins:/home/vboxuser/ros2_iron/install/rqt_bag:/home/vboxuser/ros2_iron/install/rosbag2_examples_py:/home/vboxuser/ros2_iron/install/launch_testing_examples:/home/vboxuser/ros2_iron/install/ros2bag:/home/vboxuser/ros2_iron/install/tracetools_test:/home/vboxuser/ros2_iron/install/tracetools_launch:/home/vboxuser/ros2_iron/install/topic_monitor:/home/vboxuser/ros2_iron/install/tf2_tools:/home/vboxuser/ros2_iron/install/examples_tf2_py:/home/vboxuser/ros2_iron/install/tf2_ros_py:/home/vboxuser/ros2_iron/install/examples_rclpy_pointcloud_publisher:/home/vboxuser/ros2_iron/install/sensor_msgs_py:/home/vboxuser/ros2_iron/install/quality_of_service_demo_py:/home/vboxuser/ros2_iron/install/rqt_plot:/home/vboxuser/ros2_iron/install/ros2doctor:/home/vboxuser/ros2_iron/install/lifecycle_py:/home/vboxuser/ros2_iron/install/examples_rclpy_minimal_subscriber:/home/vboxuser/ros2_iron/install/examples_rclpy_minimal_service:/home/vboxuser/ros2_iron/install/examples_rclpy_minimal_publisher:/home/vboxuser/ros2_iron/install/examples_rclpy_minimal_client:/home/vboxuser/ros2_iron/install/examples_rclpy_executors:/home/vboxuser/ros2_iron/install/demo_nodes_py:/home/vboxuser/ros2_iron/install/rqt:/home/vboxuser/ros2_iron/install/ros2component:/home/vboxuser/ros2_iron/install/sros2:/home/vboxuser/ros2_iron/install/rqt_topic:/home/vboxuser/ros2_iron/install/rqt_srv:/home/vboxuser/ros2_iron/install/rqt_shell:/home/vboxuser/ros2_iron/install/rqt_service_caller:/home/vboxuser/ros2_iron/install/rqt_reconfigure:/home/vboxuser/ros2_iron/install/rqt_py_console:/home/vboxuser/ros2_iron/install/rqt_publisher:/home/vboxuser/ros2_iron/install/rqt_action:/home/vboxuser/ros2_iron/install/rqt_msg:/home/vboxuser/ros2_iron/install/rqt_console:/home/vboxuser/ros2_iron/install/rqt_graph:/home/vboxuser/ros2_iron/install/rqt_gui_py:/home/vboxuser/ros2_iron/install/rqt_gui:/home/vboxuser/ros2_iron/install/ros2trace:/home/vboxuser/ros2_iron/install/ros2topic:/home/vboxuser/ros2_iron/install/ros2test:/home/vboxuser/ros2_iron/install/ros2param:/home/vboxuser/ros2_iron/install/ros2lifecycle:/home/vboxuser/ros2_iron/install/ros2service:/home/vboxuser/ros2_iron/install/ros2run:/home/vboxuser/ros2_iron/install/ros2launch:/home/vboxuser/ros2_iron/install/ros2pkg:/home/vboxuser/ros2_iron/install/ros2node:/home/vboxuser/ros2_iron/install/ros2multicast:/home/vboxuser/ros2_iron/install/ros2interface:/home/vboxuser/ros2_iron/install/ros2action:/home/vboxuser/ros2_iron/install/ros2cli:/home/vboxuser/ros2_iron/install/launch_testing_ros:/home/vboxuser/ros2_iron/install/launch_ros:/home/vboxuser/ros2_iron/install/examples_rclpy_minimal_action_server:/home/vboxuser/ros2_iron/install/examples_rclpy_minimal_action_client:/home/vboxuser/ros2_iron/install/examples_rclpy_guard_conditions:/home/vboxuser/ros2_iron/install/action_tutorials_py:/home/vboxuser/ros2_iron/install/ament_uncrustify:/home/vboxuser/ros2_iron/install/tracetools_trace:/home/vboxuser/ros2_iron/install/tracetools_read:/home/vboxuser/ros2_iron/install/test_tracetools_launch:/home/vboxuser/ros2_iron/install/test_ros2trace:/home/vboxuser/ros2_iron/install/test_launch_ros:/home/vboxuser/ros2_iron/install/rpyutils:/home/vboxuser/ros2_iron/install/rosidl_runtime_py:/home/vboxuser/ros2_iron/install/rosidl_pycommon:/home/vboxuser/ros2_iron/install/rosidl_cli:/home/vboxuser/ros2_iron/install/launch_pytest:/home/vboxuser/ros2_iron/install/launch_testing:/home/vboxuser/ros2_iron/install/launch_yaml:/home/vboxuser/ros2_iron/install/launch_xml:/home/vboxuser/ros2_iron/install/launch:/home/vboxuser/ros2_iron/install/osrf_pycommon:/home/vboxuser/ros2_iron/install/domain_coordinator:/home/vboxuser/ros2_iron/install/ament_xmllint:/home/vboxuser/ros2_iron/install/ament_pyflakes:/home/vboxuser/ros2_iron/install/ament_pycodestyle:/home/vboxuser/ros2_iron/install/ament_pep257:/home/vboxuser/ros2_iron/install/ament_pclint:/home/vboxuser/ros2_iron/install/ament_package:/home/vboxuser/ros2_iron/install/ament_mypy:/home/vboxuser/ros2_iron/install/ament_lint_cmake:/home/vboxuser/ros2_iron/install/ament_flake8:/home/vboxuser/ros2_iron/install/ament_copyright:/home/vboxuser/ros2_iron/install/ament_lint:/home/vboxuser/ros2_iron/install/ament_index_python:/home/vboxuser/ros2_iron/install/ament_cpplint:/home/vboxuser/ros2_iron/install/ament_cppcheck:/home/vboxuser/ros2_iron/install/ament_clang_tidy:/home/vboxuser/ros2_iron/install/ament_clang_format /usr/bin/cmake --build /home/vboxuser/ros2_ws/build/examples_rclcpp_minimal_action_server -- -j4 -l4
[2.757s] DEBUG:colcon.colcon_core.event_handler.log_command:Invoking command in '/home/vboxuser/ros2_ws/build/examples_rclcpp_minimal_client': CMAKE_PREFIX_PATH=${CMAKE_PREFIX_PATH}:/home/vboxuser/ros2_ws/install/py_pubsub:/home/vboxuser/ros2_ws/install/launch_testing_examples:/home/vboxuser/ros2_ws/install/examples_rclpy_pointcloud_publisher:/home/vboxuser/ros2_ws/install/examples_rclpy_minimal_subscriber:/home/vboxuser/ros2_ws/install/examples_rclpy_minimal_service:/home/vboxuser/ros2_ws/install/examples_rclpy_minimal_publisher:/home/vboxuser/ros2_ws/install/examples_rclpy_minimal_client:/home/vboxuser/ros2_ws/install/examples_rclpy_minimal_action_server:/home/vboxuser/ros2_ws/install/examples_rclpy_minimal_action_client:/home/vboxuser/ros2_ws/install/examples_rclpy_guard_conditions:/home/vboxuser/ros2_ws/install/examples_rclpy_executors:/home/vboxuser/ros2_ws/install/bms_visualizer:/opt/ros/iron:/home/vboxuser/ros2_iron/install/rqt_bag_plugins:/home/vboxuser/ros2_iron/install/rqt_bag:/home/vboxuser/ros2_iron/install/rosbag2_examples_py:/home/vboxuser/ros2_iron/install/launch_testing_examples:/home/vboxuser/ros2_iron/install/ros2bag:/home/vboxuser/ros2_iron/install/tracetools_test:/home/vboxuser/ros2_iron/install/tracetools_launch:/home/vboxuser/ros2_iron/install/topic_monitor:/home/vboxuser/ros2_iron/install/tf2_tools:/home/vboxuser/ros2_iron/install/examples_tf2_py:/home/vboxuser/ros2_iron/install/tf2_ros_py:/home/vboxuser/ros2_iron/install/examples_rclpy_pointcloud_publisher:/home/vboxuser/ros2_iron/install/sensor_msgs_py:/home/vboxuser/ros2_iron/install/quality_of_service_demo_py:/home/vboxuser/ros2_iron/install/rqt_plot:/home/vboxuser/ros2_iron/install/ros2doctor:/home/vboxuser/ros2_iron/install/lifecycle_py:/home/vboxuser/ros2_iron/install/examples_rclpy_minimal_subscriber:/home/vboxuser/ros2_iron/install/examples_rclpy_minimal_service:/home/vboxuser/ros2_iron/install/examples_rclpy_minimal_publisher:/home/vboxuser/ros2_iron/install/examples_rclpy_minimal_client:/home/vboxuser/ros2_iron/install/examples_rclpy_executors:/home/vboxuser/ros2_iron/install/demo_nodes_py:/home/vboxuser/ros2_iron/install/rqt:/home/vboxuser/ros2_iron/install/ros2component:/home/vboxuser/ros2_iron/install/sros2:/home/vboxuser/ros2_iron/install/rqt_topic:/home/vboxuser/ros2_iron/install/rqt_srv:/home/vboxuser/ros2_iron/install/rqt_shell:/home/vboxuser/ros2_iron/install/rqt_service_caller:/home/vboxuser/ros2_iron/install/rqt_reconfigure:/home/vboxuser/ros2_iron/install/rqt_py_console:/home/vboxuser/ros2_iron/install/rqt_publisher:/home/vboxuser/ros2_iron/install/rqt_action:/home/vboxuser/ros2_iron/install/rqt_msg:/home/vboxuser/ros2_iron/install/rqt_console:/home/vboxuser/ros2_iron/install/rqt_graph:/home/vboxuser/ros2_iron/install/rqt_gui_py:/home/vboxuser/ros2_iron/install/rqt_gui:/home/vboxuser/ros2_iron/install/ros2trace:/home/vboxuser/ros2_iron/install/ros2topic:/home/vboxuser/ros2_iron/install/ros2test:/home/vboxuser/ros2_iron/install/ros2param:/home/vboxuser/ros2_iron/install/ros2lifecycle:/home/vboxuser/ros2_iron/install/ros2service:/home/vboxuser/ros2_iron/install/ros2run:/home/vboxuser/ros2_iron/install/ros2launch:/home/vboxuser/ros2_iron/install/ros2pkg:/home/vboxuser/ros2_iron/install/ros2node:/home/vboxuser/ros2_iron/install/ros2multicast:/home/vboxuser/ros2_iron/install/ros2interface:/home/vboxuser/ros2_iron/install/ros2action:/home/vboxuser/ros2_iron/install/ros2cli:/home/vboxuser/ros2_iron/install/launch_testing_ros:/home/vboxuser/ros2_iron/install/launch_ros:/home/vboxuser/ros2_iron/install/examples_rclpy_minimal_action_server:/home/vboxuser/ros2_iron/install/examples_rclpy_minimal_action_client:/home/vboxuser/ros2_iron/install/examples_rclpy_guard_conditions:/home/vboxuser/ros2_iron/install/action_tutorials_py:/home/vboxuser/ros2_iron/install/ament_uncrustify:/home/vboxuser/ros2_iron/install/tracetools_trace:/home/vboxuser/ros2_iron/install/tracetools_read:/home/vboxuser/ros2_iron/install/test_tracetools_launch:/home/vboxuser/ros2_iron/install/test_ros2trace:/home/vboxuser/ros2_iron/install/test_launch_ros:/home/vboxuser/ros2_iron/install/rpyutils:/home/vboxuser/ros2_iron/install/rosidl_runtime_py:/home/vboxuser/ros2_iron/install/rosidl_pycommon:/home/vboxuser/ros2_iron/install/rosidl_cli:/home/vboxuser/ros2_iron/install/launch_pytest:/home/vboxuser/ros2_iron/install/launch_testing:/home/vboxuser/ros2_iron/install/launch_yaml:/home/vboxuser/ros2_iron/install/launch_xml:/home/vboxuser/ros2_iron/install/launch:/home/vboxuser/ros2_iron/install/osrf_pycommon:/home/vboxuser/ros2_iron/install/domain_coordinator:/home/vboxuser/ros2_iron/install/ament_xmllint:/home/vboxuser/ros2_iron/install/ament_pyflakes:/home/vboxuser/ros2_iron/install/ament_pycodestyle:/home/vboxuser/ros2_iron/install/ament_pep257:/home/vboxuser/ros2_iron/install/ament_pclint:/home/vboxuser/ros2_iron/install/ament_package:/home/vboxuser/ros2_iron/install/ament_mypy:/home/vboxuser/ros2_iron/install/ament_lint_cmake:/home/vboxuser/ros2_iron/install/ament_flake8:/home/vboxuser/ros2_iron/install/ament_copyright:/home/vboxuser/ros2_iron/install/ament_lint:/home/vboxuser/ros2_iron/install/ament_index_python:/home/vboxuser/ros2_iron/install/ament_cpplint:/home/vboxuser/ros2_iron/install/ament_cppcheck:/home/vboxuser/ros2_iron/install/ament_clang_tidy:/home/vboxuser/ros2_iron/install/ament_clang_format /usr/bin/cmake --build /home/vboxuser/ros2_ws/build/examples_rclcpp_minimal_client -- -j4 -l4
[2.761s] DEBUG:colcon.colcon_core.event_handler.log_command:Invoked command in '/home/vboxuser/ros2_ws/build/examples_rclcpp_minimal_action_client' returned '0': CMAKE_PREFIX_PATH=${CMAKE_PREFIX_PATH}:/home/vboxuser/ros2_ws/install/py_pubsub:/home/vboxuser/ros2_ws/install/launch_testing_examples:/home/vboxuser/ros2_ws/install/examples_rclpy_pointcloud_publisher:/home/vboxuser/ros2_ws/install/examples_rclpy_minimal_subscriber:/home/vboxuser/ros2_ws/install/examples_rclpy_minimal_service:/home/vboxuser/ros2_ws/install/examples_rclpy_minimal_publisher:/home/vboxuser/ros2_ws/install/examples_rclpy_minimal_client:/home/vboxuser/ros2_ws/install/examples_rclpy_minimal_action_server:/home/vboxuser/ros2_ws/install/examples_rclpy_minimal_action_client:/home/vboxuser/ros2_ws/install/examples_rclpy_guard_conditions:/home/vboxuser/ros2_ws/install/examples_rclpy_executors:/home/vboxuser/ros2_ws/install/bms_visualizer:/opt/ros/iron:/home/vboxuser/ros2_iron/install/rqt_bag_plugins:/home/vboxuser/ros2_iron/install/rqt_bag:/home/vboxuser/ros2_iron/install/rosbag2_examples_py:/home/vboxuser/ros2_iron/install/launch_testing_examples:/home/vboxuser/ros2_iron/install/ros2bag:/home/vboxuser/ros2_iron/install/tracetools_test:/home/vboxuser/ros2_iron/install/tracetools_launch:/home/vboxuser/ros2_iron/install/topic_monitor:/home/vboxuser/ros2_iron/install/tf2_tools:/home/vboxuser/ros2_iron/install/examples_tf2_py:/home/vboxuser/ros2_iron/install/tf2_ros_py:/home/vboxuser/ros2_iron/install/examples_rclpy_pointcloud_publisher:/home/vboxuser/ros2_iron/install/sensor_msgs_py:/home/vboxuser/ros2_iron/install/quality_of_service_demo_py:/home/vboxuser/ros2_iron/install/rqt_plot:/home/vboxuser/ros2_iron/install/ros2doctor:/home/vboxuser/ros2_iron/install/lifecycle_py:/home/vboxuser/ros2_iron/install/examples_rclpy_minimal_subscriber:/home/vboxuser/ros2_iron/install/examples_rclpy_minimal_service:/home/vboxuser/ros2_iron/install/examples_rclpy_minimal_publisher:/home/vboxuser/ros2_iron/install/examples_rclpy_minimal_client:/home/vboxuser/ros2_iron/install/examples_rclpy_executors:/home/vboxuser/ros2_iron/install/demo_nodes_py:/home/vboxuser/ros2_iron/install/rqt:/home/vboxuser/ros2_iron/install/ros2component:/home/vboxuser/ros2_iron/install/sros2:/home/vboxuser/ros2_iron/install/rqt_topic:/home/vboxuser/ros2_iron/install/rqt_srv:/home/vboxuser/ros2_iron/install/rqt_shell:/home/vboxuser/ros2_iron/install/rqt_service_caller:/home/vboxuser/ros2_iron/install/rqt_reconfigure:/home/vboxuser/ros2_iron/install/rqt_py_console:/home/vboxuser/ros2_iron/install/rqt_publisher:/home/vboxuser/ros2_iron/install/rqt_action:/home/vboxuser/ros2_iron/install/rqt_msg:/home/vboxuser/ros2_iron/install/rqt_console:/home/vboxuser/ros2_iron/install/rqt_graph:/home/vboxuser/ros2_iron/install/rqt_gui_py:/home/vboxuser/ros2_iron/install/rqt_gui:/home/vboxuser/ros2_iron/install/ros2trace:/home/vboxuser/ros2_iron/install/ros2topic:/home/vboxuser/ros2_iron/install/ros2test:/home/vboxuser/ros2_iron/install/ros2param:/home/vboxuser/ros2_iron/install/ros2lifecycle:/home/vboxuser/ros2_iron/install/ros2service:/home/vboxuser/ros2_iron/install/ros2run:/home/vboxuser/ros2_iron/install/ros2launch:/home/vboxuser/ros2_iron/install/ros2pkg:/home/vboxuser/ros2_iron/install/ros2node:/home/vboxuser/ros2_iron/install/ros2multicast:/home/vboxuser/ros2_iron/install/ros2interface:/home/vboxuser/ros2_iron/install/ros2action:/home/vboxuser/ros2_iron/install/ros2cli:/home/vboxuser/ros2_iron/install/launch_testing_ros:/home/vboxuser/ros2_iron/install/launch_ros:/home/vboxuser/ros2_iron/install/examples_rclpy_minimal_action_server:/home/vboxuser/ros2_iron/install/examples_rclpy_minimal_action_client:/home/vboxuser/ros2_iron/install/examples_rclpy_guard_conditions:/home/vboxuser/ros2_iron/install/action_tutorials_py:/home/vboxuser/ros2_iron/install/ament_uncrustify:/home/vboxuser/ros2_iron/install/tracetools_trace:/home/vboxuser/ros2_iron/install/tracetools_read:/home/vboxuser/ros2_iron/install/test_tracetools_launch:/home/vboxuser/ros2_iron/install/test_ros2trace:/home/vboxuser/ros2_iron/install/test_launch_ros:/home/vboxuser/ros2_iron/install/rpyutils:/home/vboxuser/ros2_iron/install/rosidl_runtime_py:/home/vboxuser/ros2_iron/install/rosidl_pycommon:/home/vboxuser/ros2_iron/install/rosidl_cli:/home/vboxuser/ros2_iron/install/launch_pytest:/home/vboxuser/ros2_iron/install/launch_testing:/home/vboxuser/ros2_iron/install/launch_yaml:/home/vboxuser/ros2_iron/install/launch_xml:/home/vboxuser/ros2_iron/install/launch:/home/vboxuser/ros2_iron/install/osrf_pycommon:/home/vboxuser/ros2_iron/install/domain_coordinator:/home/vboxuser/ros2_iron/install/ament_xmllint:/home/vboxuser/ros2_iron/install/ament_pyflakes:/home/vboxuser/ros2_iron/install/ament_pycodestyle:/home/vboxuser/ros2_iron/install/ament_pep257:/home/vboxuser/ros2_iron/install/ament_pclint:/home/vboxuser/ros2_iron/install/ament_package:/home/vboxuser/ros2_iron/install/ament_mypy:/home/vboxuser/ros2_iron/install/ament_lint_cmake:/home/vboxuser/ros2_iron/install/ament_flake8:/home/vboxuser/ros2_iron/install/ament_copyright:/home/vboxuser/ros2_iron/install/ament_lint:/home/vboxuser/ros2_iron/install/ament_index_python:/home/vboxuser/ros2_iron/install/ament_cpplint:/home/vboxuser/ros2_iron/install/ament_cppcheck:/home/vboxuser/ros2_iron/install/ament_clang_tidy:/home/vboxuser/ros2_iron/install/ament_clang_format /usr/bin/cmake --build /home/vboxuser/ros2_ws/build/examples_rclcpp_minimal_action_client -- -j4 -l4
[2.763s] DEBUG:colcon.colcon_core.event_handler.log_command:Invoking command in '/home/vboxuser/ros2_ws/build/examples_rclcpp_minimal_action_client': CMAKE_PREFIX_PATH=${CMAKE_PREFIX_PATH}:/home/vboxuser/ros2_ws/install/py_pubsub:/home/vboxuser/ros2_ws/install/launch_testing_examples:/home/vboxuser/ros2_ws/install/examples_rclpy_pointcloud_publisher:/home/vboxuser/ros2_ws/install/examples_rclpy_minimal_subscriber:/home/vboxuser/ros2_ws/install/examples_rclpy_minimal_service:/home/vboxuser/ros2_ws/install/examples_rclpy_minimal_publisher:/home/vboxuser/ros2_ws/install/examples_rclpy_minimal_client:/home/vboxuser/ros2_ws/install/examples_rclpy_minimal_action_server:/home/vboxuser/ros2_ws/install/examples_rclpy_minimal_action_client:/home/vboxuser/ros2_ws/install/examples_rclpy_guard_conditions:/home/vboxuser/ros2_ws/install/examples_rclpy_executors:/home/vboxuser/ros2_ws/install/bms_visualizer:/opt/ros/iron:/home/vboxuser/ros2_iron/install/rqt_bag_plugins:/home/vboxuser/ros2_iron/install/rqt_bag:/home/vboxuser/ros2_iron/install/rosbag2_examples_py:/home/vboxuser/ros2_iron/install/launch_testing_examples:/home/vboxuser/ros2_iron/install/ros2bag:/home/vboxuser/ros2_iron/install/tracetools_test:/home/vboxuser/ros2_iron/install/tracetools_launch:/home/vboxuser/ros2_iron/install/topic_monitor:/home/vboxuser/ros2_iron/install/tf2_tools:/home/vboxuser/ros2_iron/install/examples_tf2_py:/home/vboxuser/ros2_iron/install/tf2_ros_py:/home/vboxuser/ros2_iron/install/examples_rclpy_pointcloud_publisher:/home/vboxuser/ros2_iron/install/sensor_msgs_py:/home/vboxuser/ros2_iron/install/quality_of_service_demo_py:/home/vboxuser/ros2_iron/install/rqt_plot:/home/vboxuser/ros2_iron/install/ros2doctor:/home/vboxuser/ros2_iron/install/lifecycle_py:/home/vboxuser/ros2_iron/install/examples_rclpy_minimal_subscriber:/home/vboxuser/ros2_iron/install/examples_rclpy_minimal_service:/home/vboxuser/ros2_iron/install/examples_rclpy_minimal_publisher:/home/vboxuser/ros2_iron/install/examples_rclpy_minimal_client:/home/vboxuser/ros2_iron/install/examples_rclpy_executors:/home/vboxuser/ros2_iron/install/demo_nodes_py:/home/vboxuser/ros2_iron/install/rqt:/home/vboxuser/ros2_iron/install/ros2component:/home/vboxuser/ros2_iron/install/sros2:/home/vboxuser/ros2_iron/install/rqt_topic:/home/vboxuser/ros2_iron/install/rqt_srv:/home/vboxuser/ros2_iron/install/rqt_shell:/home/vboxuser/ros2_iron/install/rqt_service_caller:/home/vboxuser/ros2_iron/install/rqt_reconfigure:/home/vboxuser/ros2_iron/install/rqt_py_console:/home/vboxuser/ros2_iron/install/rqt_publisher:/home/vboxuser/ros2_iron/install/rqt_action:/home/vboxuser/ros2_iron/install/rqt_msg:/home/vboxuser/ros2_iron/install/rqt_console:/home/vboxuser/ros2_iron/install/rqt_graph:/home/vboxuser/ros2_iron/install/rqt_gui_py:/home/vboxuser/ros2_iron/install/rqt_gui:/home/vboxuser/ros2_iron/install/ros2trace:/home/vboxuser/ros2_iron/install/ros2topic:/home/vboxuser/ros2_iron/install/ros2test:/home/vboxuser/ros2_iron/install/ros2param:/home/vboxuser/ros2_iron/install/ros2lifecycle:/home/vboxuser/ros2_iron/install/ros2service:/home/vboxuser/ros2_iron/install/ros2run:/home/vboxuser/ros2_iron/install/ros2launch:/home/vboxuser/ros2_iron/install/ros2pkg:/home/vboxuser/ros2_iron/install/ros2node:/home/vboxuser/ros2_iron/install/ros2multicast:/home/vboxuser/ros2_iron/install/ros2interface:/home/vboxuser/ros2_iron/install/ros2action:/home/vboxuser/ros2_iron/install/ros2cli:/home/vboxuser/ros2_iron/install/launch_testing_ros:/home/vboxuser/ros2_iron/install/launch_ros:/home/vboxuser/ros2_iron/install/examples_rclpy_minimal_action_server:/home/vboxuser/ros2_iron/install/examples_rclpy_minimal_action_client:/home/vboxuser/ros2_iron/install/examples_rclpy_guard_conditions:/home/vboxuser/ros2_iron/install/action_tutorials_py:/home/vboxuser/ros2_iron/install/ament_uncrustify:/home/vboxuser/ros2_iron/install/tracetools_trace:/home/vboxuser/ros2_iron/install/tracetools_read:/home/vboxuser/ros2_iron/install/test_tracetools_launch:/home/vboxuser/ros2_iron/install/test_ros2trace:/home/vboxuser/ros2_iron/install/test_launch_ros:/home/vboxuser/ros2_iron/install/rpyutils:/home/vboxuser/ros2_iron/install/rosidl_runtime_py:/home/vboxuser/ros2_iron/install/rosidl_pycommon:/home/vboxuser/ros2_iron/install/rosidl_cli:/home/vboxuser/ros2_iron/install/launch_pytest:/home/vboxuser/ros2_iron/install/launch_testing:/home/vboxuser/ros2_iron/install/launch_yaml:/home/vboxuser/ros2_iron/install/launch_xml:/home/vboxuser/ros2_iron/install/launch:/home/vboxuser/ros2_iron/install/osrf_pycommon:/home/vboxuser/ros2_iron/install/domain_coordinator:/home/vboxuser/ros2_iron/install/ament_xmllint:/home/vboxuser/ros2_iron/install/ament_pyflakes:/home/vboxuser/ros2_iron/install/ament_pycodestyle:/home/vboxuser/ros2_iron/install/ament_pep257:/home/vboxuser/ros2_iron/install/ament_pclint:/home/vboxuser/ros2_iron/install/ament_package:/home/vboxuser/ros2_iron/install/ament_mypy:/home/vboxuser/ros2_iron/install/ament_lint_cmake:/home/vboxuser/ros2_iron/install/ament_flake8:/home/vboxuser/ros2_iron/install/ament_copyright:/home/vboxuser/ros2_iron/install/ament_lint:/home/vboxuser/ros2_iron/install/ament_index_python:/home/vboxuser/ros2_iron/install/ament_cpplint:/home/vboxuser/ros2_iron/install/ament_cppcheck:/home/vboxuser/ros2_iron/install/ament_clang_tidy:/home/vboxuser/ros2_iron/install/ament_clang_format /usr/bin/cmake --install /home/vboxuser/ros2_ws/build/examples_rclcpp_minimal_action_client
[2.887s] Level 1:colcon.colcon_core.environment:create_environment_scripts_only(examples_rclcpp_minimal_action_client)
[2.888s] Level 1:colcon.colcon_core.environment:checking '/home/vboxuser/ros2_ws/install/examples_rclcpp_minimal_action_client' for CMake module files
[2.888s] Level 1:colcon.colcon_core.environment:checking '/home/vboxuser/ros2_ws/install/examples_rclcpp_minimal_action_client' for CMake config files
[2.889s] Level 1:colcon.colcon_core.shell:create_environment_hook('examples_rclcpp_minimal_action_client', 'cmake_prefix_path')
[2.889s] INFO:colcon.colcon_core.shell:Creating environment hook '/home/vboxuser/ros2_ws/install/examples_rclcpp_minimal_action_client/share/examples_rclcpp_minimal_action_client/hook/cmake_prefix_path.ps1'
[2.890s] INFO:colcon.colcon_core.shell:Creating environment descriptor '/home/vboxuser/ros2_ws/install/examples_rclcpp_minimal_action_client/share/examples_rclcpp_minimal_action_client/hook/cmake_prefix_path.dsv'
[2.890s] INFO:colcon.colcon_core.shell:Creating environment hook '/home/vboxuser/ros2_ws/install/examples_rclcpp_minimal_action_client/share/examples_rclcpp_minimal_action_client/hook/cmake_prefix_path.sh'
[2.892s] Level 1:colcon.colcon_core.environment:checking '/home/vboxuser/ros2_ws/install/examples_rclcpp_minimal_action_client/lib'
[2.892s] Level 1:colcon.colcon_core.environment:checking '/home/vboxuser/ros2_ws/install/examples_rclcpp_minimal_action_client/bin'
[2.892s] Level 1:colcon.colcon_core.environment:checking '/home/vboxuser/ros2_ws/install/examples_rclcpp_minimal_action_client/lib/pkgconfig/examples_rclcpp_minimal_action_client.pc'
[2.892s] Level 1:colcon.colcon_core.environment:checking '/home/vboxuser/ros2_ws/install/examples_rclcpp_minimal_action_client/lib/python3.10/site-packages'
[2.892s] Level 1:colcon.colcon_core.environment:checking '/home/vboxuser/ros2_ws/install/examples_rclcpp_minimal_action_client/bin'
[2.893s] INFO:colcon.colcon_core.shell:Creating package script '/home/vboxuser/ros2_ws/install/examples_rclcpp_minimal_action_client/share/examples_rclcpp_minimal_action_client/package.ps1'
[2.893s] INFO:colcon.colcon_core.shell:Creating package descriptor '/home/vboxuser/ros2_ws/install/examples_rclcpp_minimal_action_client/share/examples_rclcpp_minimal_action_client/package.dsv'
[2.894s] INFO:colcon.colcon_core.shell:Creating package script '/home/vboxuser/ros2_ws/install/examples_rclcpp_minimal_action_client/share/examples_rclcpp_minimal_action_client/package.sh'
[2.895s] INFO:colcon.colcon_core.shell:Creating package script '/home/vboxuser/ros2_ws/install/examples_rclcpp_minimal_action_client/share/examples_rclcpp_minimal_action_client/package.bash'
[2.898s] INFO:colcon.colcon_core.shell:Creating package script '/home/vboxuser/ros2_ws/install/examples_rclcpp_minimal_action_client/share/examples_rclcpp_minimal_action_client/package.zsh'
[2.898s] DEBUG:colcon.colcon_core.event_handler.log_command:Invoked command in '/home/vboxuser/ros2_ws/build/examples_rclcpp_minimal_action_client' returned '0': CMAKE_PREFIX_PATH=${CMAKE_PREFIX_PATH}:/home/vboxuser/ros2_ws/install/py_pubsub:/home/vboxuser/ros2_ws/install/launch_testing_examples:/home/vboxuser/ros2_ws/install/examples_rclpy_pointcloud_publisher:/home/vboxuser/ros2_ws/install/examples_rclpy_minimal_subscriber:/home/vboxuser/ros2_ws/install/examples_rclpy_minimal_service:/home/vboxuser/ros2_ws/install/examples_rclpy_minimal_publisher:/home/vboxuser/ros2_ws/install/examples_rclpy_minimal_client:/home/vboxuser/ros2_ws/install/examples_rclpy_minimal_action_server:/home/vboxuser/ros2_ws/install/examples_rclpy_minimal_action_client:/home/vboxuser/ros2_ws/install/examples_rclpy_guard_conditions:/home/vboxuser/ros2_ws/install/examples_rclpy_executors:/home/vboxuser/ros2_ws/install/bms_visualizer:/opt/ros/iron:/home/vboxuser/ros2_iron/install/rqt_bag_plugins:/home/vboxuser/ros2_iron/install/rqt_bag:/home/vboxuser/ros2_iron/install/rosbag2_examples_py:/home/vboxuser/ros2_iron/install/launch_testing_examples:/home/vboxuser/ros2_iron/install/ros2bag:/home/vboxuser/ros2_iron/install/tracetools_test:/home/vboxuser/ros2_iron/install/tracetools_launch:/home/vboxuser/ros2_iron/install/topic_monitor:/home/vboxuser/ros2_iron/install/tf2_tools:/home/vboxuser/ros2_iron/install/examples_tf2_py:/home/vboxuser/ros2_iron/install/tf2_ros_py:/home/vboxuser/ros2_iron/install/examples_rclpy_pointcloud_publisher:/home/vboxuser/ros2_iron/install/sensor_msgs_py:/home/vboxuser/ros2_iron/install/quality_of_service_demo_py:/home/vboxuser/ros2_iron/install/rqt_plot:/home/vboxuser/ros2_iron/install/ros2doctor:/home/vboxuser/ros2_iron/install/lifecycle_py:/home/vboxuser/ros2_iron/install/examples_rclpy_minimal_subscriber:/home/vboxuser/ros2_iron/install/examples_rclpy_minimal_service:/home/vboxuser/ros2_iron/install/examples_rclpy_minimal_publisher:/home/vboxuser/ros2_iron/install/examples_rclpy_minimal_client:/home/vboxuser/ros2_iron/install/examples_rclpy_executors:/home/vboxuser/ros2_iron/install/demo_nodes_py:/home/vboxuser/ros2_iron/install/rqt:/home/vboxuser/ros2_iron/install/ros2component:/home/vboxuser/ros2_iron/install/sros2:/home/vboxuser/ros2_iron/install/rqt_topic:/home/vboxuser/ros2_iron/install/rqt_srv:/home/vboxuser/ros2_iron/install/rqt_shell:/home/vboxuser/ros2_iron/install/rqt_service_caller:/home/vboxuser/ros2_iron/install/rqt_reconfigure:/home/vboxuser/ros2_iron/install/rqt_py_console:/home/vboxuser/ros2_iron/install/rqt_publisher:/home/vboxuser/ros2_iron/install/rqt_action:/home/vboxuser/ros2_iron/install/rqt_msg:/home/vboxuser/ros2_iron/install/rqt_console:/home/vboxuser/ros2_iron/install/rqt_graph:/home/vboxuser/ros2_iron/install/rqt_gui_py:/home/vboxuser/ros2_iron/install/rqt_gui:/home/vboxuser/ros2_iron/install/ros2trace:/home/vboxuser/ros2_iron/install/ros2topic:/home/vboxuser/ros2_iron/install/ros2test:/home/vboxuser/ros2_iron/install/ros2param:/home/vboxuser/ros2_iron/install/ros2lifecycle:/home/vboxuser/ros2_iron/install/ros2service:/home/vboxuser/ros2_iron/install/ros2run:/home/vboxuser/ros2_iron/install/ros2launch:/home/vboxuser/ros2_iron/install/ros2pkg:/home/vboxuser/ros2_iron/install/ros2node:/home/vboxuser/ros2_iron/install/ros2multicast:/home/vboxuser/ros2_iron/install/ros2interface:/home/vboxuser/ros2_iron/install/ros2action:/home/vboxuser/ros2_iron/install/ros2cli:/home/vboxuser/ros2_iron/install/launch_testing_ros:/home/vboxuser/ros2_iron/install/launch_ros:/home/vboxuser/ros2_iron/install/examples_rclpy_minimal_action_server:/home/vboxuser/ros2_iron/install/examples_rclpy_minimal_action_client:/home/vboxuser/ros2_iron/install/examples_rclpy_guard_conditions:/home/vboxuser/ros2_iron/install/action_tutorials_py:/home/vboxuser/ros2_iron/install/ament_uncrustify:/home/vboxuser/ros2_iron/install/tracetools_trace:/home/vboxuser/ros2_iron/install/tracetools_read:/home/vboxuser/ros2_iron/install/test_tracetools_launch:/home/vboxuser/ros2_iron/install/test_ros2trace:/home/vboxuser/ros2_iron/install/test_launch_ros:/home/vboxuser/ros2_iron/install/rpyutils:/home/vboxuser/ros2_iron/install/rosidl_runtime_py:/home/vboxuser/ros2_iron/install/rosidl_pycommon:/home/vboxuser/ros2_iron/install/rosidl_cli:/home/vboxuser/ros2_iron/install/launch_pytest:/home/vboxuser/ros2_iron/install/launch_testing:/home/vboxuser/ros2_iron/install/launch_yaml:/home/vboxuser/ros2_iron/install/launch_xml:/home/vboxuser/ros2_iron/install/launch:/home/vboxuser/ros2_iron/install/osrf_pycommon:/home/vboxuser/ros2_iron/install/domain_coordinator:/home/vboxuser/ros2_iron/install/ament_xmllint:/home/vboxuser/ros2_iron/install/ament_pyflakes:/home/vboxuser/ros2_iron/install/ament_pycodestyle:/home/vboxuser/ros2_iron/install/ament_pep257:/home/vboxuser/ros2_iron/install/ament_pclint:/home/vboxuser/ros2_iron/install/ament_package:/home/vboxuser/ros2_iron/install/ament_mypy:/home/vboxuser/ros2_iron/install/ament_lint_cmake:/home/vboxuser/ros2_iron/install/ament_flake8:/home/vboxuser/ros2_iron/install/ament_copyright:/home/vboxuser/ros2_iron/install/ament_lint:/home/vboxuser/ros2_iron/install/ament_index_python:/home/vboxuser/ros2_iron/install/ament_cpplint:/home/vboxuser/ros2_iron/install/ament_cppcheck:/home/vboxuser/ros2_iron/install/ament_clang_tidy:/home/vboxuser/ros2_iron/install/ament_clang_format /usr/bin/cmake --install /home/vboxuser/ros2_ws/build/examples_rclcpp_minimal_action_client
[2.899s] Level 1:colcon.colcon_core.environment:create_file_with_runtime_dependencies(/home/vboxuser/ros2_ws/install/examples_rclcpp_minimal_action_client/share/colcon-core/packages/examples_rclcpp_minimal_action_client)
[2.900s] Level 1:colcon.colcon_core.environment:create_environment_scripts_only(examples_rclcpp_minimal_action_client)
[2.900s] Level 1:colcon.colcon_core.environment:checking '/home/vboxuser/ros2_ws/install/examples_rclcpp_minimal_action_client' for CMake module files
[2.901s] Level 1:colcon.colcon_core.environment:checking '/home/vboxuser/ros2_ws/install/examples_rclcpp_minimal_action_client' for CMake config files
[2.902s] Level 1:colcon.colcon_core.shell:create_environment_hook('examples_rclcpp_minimal_action_client', 'cmake_prefix_path')
[2.902s] INFO:colcon.colcon_core.shell:Creating environment hook '/home/vboxuser/ros2_ws/install/examples_rclcpp_minimal_action_client/share/examples_rclcpp_minimal_action_client/hook/cmake_prefix_path.ps1'
[2.904s] INFO:colcon.colcon_core.shell:Creating environment descriptor '/home/vboxuser/ros2_ws/install/examples_rclcpp_minimal_action_client/share/examples_rclcpp_minimal_action_client/hook/cmake_prefix_path.dsv'
[2.905s] INFO:colcon.colcon_core.shell:Creating environment hook '/home/vboxuser/ros2_ws/install/examples_rclcpp_minimal_action_client/share/examples_rclcpp_minimal_action_client/hook/cmake_prefix_path.sh'
[2.906s] Level 1:colcon.colcon_core.environment:checking '/home/vboxuser/ros2_ws/install/examples_rclcpp_minimal_action_client/lib'
[2.906s] Level 1:colcon.colcon_core.environment:checking '/home/vboxuser/ros2_ws/install/examples_rclcpp_minimal_action_client/bin'
[2.906s] Level 1:colcon.colcon_core.environment:checking '/home/vboxuser/ros2_ws/install/examples_rclcpp_minimal_action_client/lib/pkgconfig/examples_rclcpp_minimal_action_client.pc'
[2.907s] Level 1:colcon.colcon_core.environment:checking '/home/vboxuser/ros2_ws/install/examples_rclcpp_minimal_action_client/lib/python3.10/site-packages'
[2.907s] Level 1:colcon.colcon_core.environment:checking '/home/vboxuser/ros2_ws/install/examples_rclcpp_minimal_action_client/bin'
[2.907s] INFO:colcon.colcon_core.shell:Creating package script '/home/vboxuser/ros2_ws/install/examples_rclcpp_minimal_action_client/share/examples_rclcpp_minimal_action_client/package.ps1'
[2.908s] INFO:colcon.colcon_core.shell:Creating package descriptor '/home/vboxuser/ros2_ws/install/examples_rclcpp_minimal_action_client/share/examples_rclcpp_minimal_action_client/package.dsv'
[2.910s] INFO:colcon.colcon_core.shell:Creating package script '/home/vboxuser/ros2_ws/install/examples_rclcpp_minimal_action_client/share/examples_rclcpp_minimal_action_client/package.sh'
[2.911s] INFO:colcon.colcon_core.shell:Creating package script '/home/vboxuser/ros2_ws/install/examples_rclcpp_minimal_action_client/share/examples_rclcpp_minimal_action_client/package.bash'
[2.914s] INFO:colcon.colcon_core.shell:Creating package script '/home/vboxuser/ros2_ws/install/examples_rclcpp_minimal_action_client/share/examples_rclcpp_minimal_action_client/package.zsh'
[2.916s] Level 1:colcon.colcon_core.environment:create_file_with_runtime_dependencies(/home/vboxuser/ros2_ws/install/examples_rclcpp_minimal_action_client/share/colcon-core/packages/examples_rclcpp_minimal_action_client)
[2.918s] INFO:colcon.colcon_ros.task.ament_cmake.build:Building ROS package in '/home/vboxuser/ros2_ws/src/examples/rclcpp/composition/minimal_composition' with build type 'ament_cmake'
[2.919s] INFO:colcon.colcon_cmake.task.cmake.build:Building CMake package in '/home/vboxuser/ros2_ws/src/examples/rclcpp/composition/minimal_composition'
[2.920s] INFO:colcon.colcon_core.shell:Skip shell extension 'powershell' for command environment: Not usable outside of PowerShell
[2.920s] DEBUG:colcon.colcon_core.shell:Skip shell extension 'dsv' for command environment
[3.060s] DEBUG:colcon.colcon_core.event_handler.log_command:Invoking command in '/home/vboxuser/ros2_ws/build/examples_rclcpp_minimal_composition': CMAKE_PREFIX_PATH=${CMAKE_PREFIX_PATH}:/home/vboxuser/ros2_ws/install/py_pubsub:/home/vboxuser/ros2_ws/install/launch_testing_examples:/home/vboxuser/ros2_ws/install/examples_rclpy_pointcloud_publisher:/home/vboxuser/ros2_ws/install/examples_rclpy_minimal_subscriber:/home/vboxuser/ros2_ws/install/examples_rclpy_minimal_service:/home/vboxuser/ros2_ws/install/examples_rclpy_minimal_publisher:/home/vboxuser/ros2_ws/install/examples_rclpy_minimal_client:/home/vboxuser/ros2_ws/install/examples_rclpy_minimal_action_server:/home/vboxuser/ros2_ws/install/examples_rclpy_minimal_action_client:/home/vboxuser/ros2_ws/install/examples_rclpy_guard_conditions:/home/vboxuser/ros2_ws/install/examples_rclpy_executors:/home/vboxuser/ros2_ws/install/bms_visualizer:/opt/ros/iron:/home/vboxuser/ros2_iron/install/rqt_bag_plugins:/home/vboxuser/ros2_iron/install/rqt_bag:/home/vboxuser/ros2_iron/install/rosbag2_examples_py:/home/vboxuser/ros2_iron/install/launch_testing_examples:/home/vboxuser/ros2_iron/install/ros2bag:/home/vboxuser/ros2_iron/install/tracetools_test:/home/vboxuser/ros2_iron/install/tracetools_launch:/home/vboxuser/ros2_iron/install/topic_monitor:/home/vboxuser/ros2_iron/install/tf2_tools:/home/vboxuser/ros2_iron/install/examples_tf2_py:/home/vboxuser/ros2_iron/install/tf2_ros_py:/home/vboxuser/ros2_iron/install/examples_rclpy_pointcloud_publisher:/home/vboxuser/ros2_iron/install/sensor_msgs_py:/home/vboxuser/ros2_iron/install/quality_of_service_demo_py:/home/vboxuser/ros2_iron/install/rqt_plot:/home/vboxuser/ros2_iron/install/ros2doctor:/home/vboxuser/ros2_iron/install/lifecycle_py:/home/vboxuser/ros2_iron/install/examples_rclpy_minimal_subscriber:/home/vboxuser/ros2_iron/install/examples_rclpy_minimal_service:/home/vboxuser/ros2_iron/install/examples_rclpy_minimal_publisher:/home/vboxuser/ros2_iron/install/examples_rclpy_minimal_client:/home/vboxuser/ros2_iron/install/examples_rclpy_executors:/home/vboxuser/ros2_iron/install/demo_nodes_py:/home/vboxuser/ros2_iron/install/rqt:/home/vboxuser/ros2_iron/install/ros2component:/home/vboxuser/ros2_iron/install/sros2:/home/vboxuser/ros2_iron/install/rqt_topic:/home/vboxuser/ros2_iron/install/rqt_srv:/home/vboxuser/ros2_iron/install/rqt_shell:/home/vboxuser/ros2_iron/install/rqt_service_caller:/home/vboxuser/ros2_iron/install/rqt_reconfigure:/home/vboxuser/ros2_iron/install/rqt_py_console:/home/vboxuser/ros2_iron/install/rqt_publisher:/home/vboxuser/ros2_iron/install/rqt_action:/home/vboxuser/ros2_iron/install/rqt_msg:/home/vboxuser/ros2_iron/install/rqt_console:/home/vboxuser/ros2_iron/install/rqt_graph:/home/vboxuser/ros2_iron/install/rqt_gui_py:/home/vboxuser/ros2_iron/install/rqt_gui:/home/vboxuser/ros2_iron/install/ros2trace:/home/vboxuser/ros2_iron/install/ros2topic:/home/vboxuser/ros2_iron/install/ros2test:/home/vboxuser/ros2_iron/install/ros2param:/home/vboxuser/ros2_iron/install/ros2lifecycle:/home/vboxuser/ros2_iron/install/ros2service:/home/vboxuser/ros2_iron/install/ros2run:/home/vboxuser/ros2_iron/install/ros2launch:/home/vboxuser/ros2_iron/install/ros2pkg:/home/vboxuser/ros2_iron/install/ros2node:/home/vboxuser/ros2_iron/install/ros2multicast:/home/vboxuser/ros2_iron/install/ros2interface:/home/vboxuser/ros2_iron/install/ros2action:/home/vboxuser/ros2_iron/install/ros2cli:/home/vboxuser/ros2_iron/install/launch_testing_ros:/home/vboxuser/ros2_iron/install/launch_ros:/home/vboxuser/ros2_iron/install/examples_rclpy_minimal_action_server:/home/vboxuser/ros2_iron/install/examples_rclpy_minimal_action_client:/home/vboxuser/ros2_iron/install/examples_rclpy_guard_conditions:/home/vboxuser/ros2_iron/install/action_tutorials_py:/home/vboxuser/ros2_iron/install/ament_uncrustify:/home/vboxuser/ros2_iron/install/tracetools_trace:/home/vboxuser/ros2_iron/install/tracetools_read:/home/vboxuser/ros2_iron/install/test_tracetools_launch:/home/vboxuser/ros2_iron/install/test_ros2trace:/home/vboxuser/ros2_iron/install/test_launch_ros:/home/vboxuser/ros2_iron/install/rpyutils:/home/vboxuser/ros2_iron/install/rosidl_runtime_py:/home/vboxuser/ros2_iron/install/rosidl_pycommon:/home/vboxuser/ros2_iron/install/rosidl_cli:/home/vboxuser/ros2_iron/install/launch_pytest:/home/vboxuser/ros2_iron/install/launch_testing:/home/vboxuser/ros2_iron/install/launch_yaml:/home/vboxuser/ros2_iron/install/launch_xml:/home/vboxuser/ros2_iron/install/launch:/home/vboxuser/ros2_iron/install/osrf_pycommon:/home/vboxuser/ros2_iron/install/domain_coordinator:/home/vboxuser/ros2_iron/install/ament_xmllint:/home/vboxuser/ros2_iron/install/ament_pyflakes:/home/vboxuser/ros2_iron/install/ament_pycodestyle:/home/vboxuser/ros2_iron/install/ament_pep257:/home/vboxuser/ros2_iron/install/ament_pclint:/home/vboxuser/ros2_iron/install/ament_package:/home/vboxuser/ros2_iron/install/ament_mypy:/home/vboxuser/ros2_iron/install/ament_lint_cmake:/home/vboxuser/ros2_iron/install/ament_flake8:/home/vboxuser/ros2_iron/install/ament_copyright:/home/vboxuser/ros2_iron/install/ament_lint:/home/vboxuser/ros2_iron/install/ament_index_python:/home/vboxuser/ros2_iron/install/ament_cpplint:/home/vboxuser/ros2_iron/install/ament_cppcheck:/home/vboxuser/ros2_iron/install/ament_clang_tidy:/home/vboxuser/ros2_iron/install/ament_clang_format /usr/bin/cmake --build /home/vboxuser/ros2_ws/build/examples_rclcpp_minimal_composition -- -j4 -l4
[3.144s] DEBUG:colcon.colcon_core.event_handler.log_command:Invoked command in '/home/vboxuser/ros2_ws/build/examples_rclcpp_minimal_client' returned '0': CMAKE_PREFIX_PATH=${CMAKE_PREFIX_PATH}:/home/vboxuser/ros2_ws/install/py_pubsub:/home/vboxuser/ros2_ws/install/launch_testing_examples:/home/vboxuser/ros2_ws/install/examples_rclpy_pointcloud_publisher:/home/vboxuser/ros2_ws/install/examples_rclpy_minimal_subscriber:/home/vboxuser/ros2_ws/install/examples_rclpy_minimal_service:/home/vboxuser/ros2_ws/install/examples_rclpy_minimal_publisher:/home/vboxuser/ros2_ws/install/examples_rclpy_minimal_client:/home/vboxuser/ros2_ws/install/examples_rclpy_minimal_action_server:/home/vboxuser/ros2_ws/install/examples_rclpy_minimal_action_client:/home/vboxuser/ros2_ws/install/examples_rclpy_guard_conditions:/home/vboxuser/ros2_ws/install/examples_rclpy_executors:/home/vboxuser/ros2_ws/install/bms_visualizer:/opt/ros/iron:/home/vboxuser/ros2_iron/install/rqt_bag_plugins:/home/vboxuser/ros2_iron/install/rqt_bag:/home/vboxuser/ros2_iron/install/rosbag2_examples_py:/home/vboxuser/ros2_iron/install/launch_testing_examples:/home/vboxuser/ros2_iron/install/ros2bag:/home/vboxuser/ros2_iron/install/tracetools_test:/home/vboxuser/ros2_iron/install/tracetools_launch:/home/vboxuser/ros2_iron/install/topic_monitor:/home/vboxuser/ros2_iron/install/tf2_tools:/home/vboxuser/ros2_iron/install/examples_tf2_py:/home/vboxuser/ros2_iron/install/tf2_ros_py:/home/vboxuser/ros2_iron/install/examples_rclpy_pointcloud_publisher:/home/vboxuser/ros2_iron/install/sensor_msgs_py:/home/vboxuser/ros2_iron/install/quality_of_service_demo_py:/home/vboxuser/ros2_iron/install/rqt_plot:/home/vboxuser/ros2_iron/install/ros2doctor:/home/vboxuser/ros2_iron/install/lifecycle_py:/home/vboxuser/ros2_iron/install/examples_rclpy_minimal_subscriber:/home/vboxuser/ros2_iron/install/examples_rclpy_minimal_service:/home/vboxuser/ros2_iron/install/examples_rclpy_minimal_publisher:/home/vboxuser/ros2_iron/install/examples_rclpy_minimal_client:/home/vboxuser/ros2_iron/install/examples_rclpy_executors:/home/vboxuser/ros2_iron/install/demo_nodes_py:/home/vboxuser/ros2_iron/install/rqt:/home/vboxuser/ros2_iron/install/ros2component:/home/vboxuser/ros2_iron/install/sros2:/home/vboxuser/ros2_iron/install/rqt_topic:/home/vboxuser/ros2_iron/install/rqt_srv:/home/vboxuser/ros2_iron/install/rqt_shell:/home/vboxuser/ros2_iron/install/rqt_service_caller:/home/vboxuser/ros2_iron/install/rqt_reconfigure:/home/vboxuser/ros2_iron/install/rqt_py_console:/home/vboxuser/ros2_iron/install/rqt_publisher:/home/vboxuser/ros2_iron/install/rqt_action:/home/vboxuser/ros2_iron/install/rqt_msg:/home/vboxuser/ros2_iron/install/rqt_console:/home/vboxuser/ros2_iron/install/rqt_graph:/home/vboxuser/ros2_iron/install/rqt_gui_py:/home/vboxuser/ros2_iron/install/rqt_gui:/home/vboxuser/ros2_iron/install/ros2trace:/home/vboxuser/ros2_iron/install/ros2topic:/home/vboxuser/ros2_iron/install/ros2test:/home/vboxuser/ros2_iron/install/ros2param:/home/vboxuser/ros2_iron/install/ros2lifecycle:/home/vboxuser/ros2_iron/install/ros2service:/home/vboxuser/ros2_iron/install/ros2run:/home/vboxuser/ros2_iron/install/ros2launch:/home/vboxuser/ros2_iron/install/ros2pkg:/home/vboxuser/ros2_iron/install/ros2node:/home/vboxuser/ros2_iron/install/ros2multicast:/home/vboxuser/ros2_iron/install/ros2interface:/home/vboxuser/ros2_iron/install/ros2action:/home/vboxuser/ros2_iron/install/ros2cli:/home/vboxuser/ros2_iron/install/launch_testing_ros:/home/vboxuser/ros2_iron/install/launch_ros:/home/vboxuser/ros2_iron/install/examples_rclpy_minimal_action_server:/home/vboxuser/ros2_iron/install/examples_rclpy_minimal_action_client:/home/vboxuser/ros2_iron/install/examples_rclpy_guard_conditions:/home/vboxuser/ros2_iron/install/action_tutorials_py:/home/vboxuser/ros2_iron/install/ament_uncrustify:/home/vboxuser/ros2_iron/install/tracetools_trace:/home/vboxuser/ros2_iron/install/tracetools_read:/home/vboxuser/ros2_iron/install/test_tracetools_launch:/home/vboxuser/ros2_iron/install/test_ros2trace:/home/vboxuser/ros2_iron/install/test_launch_ros:/home/vboxuser/ros2_iron/install/rpyutils:/home/vboxuser/ros2_iron/install/rosidl_runtime_py:/home/vboxuser/ros2_iron/install/rosidl_pycommon:/home/vboxuser/ros2_iron/install/rosidl_cli:/home/vboxuser/ros2_iron/install/launch_pytest:/home/vboxuser/ros2_iron/install/launch_testing:/home/vboxuser/ros2_iron/install/launch_yaml:/home/vboxuser/ros2_iron/install/launch_xml:/home/vboxuser/ros2_iron/install/launch:/home/vboxuser/ros2_iron/install/osrf_pycommon:/home/vboxuser/ros2_iron/install/domain_coordinator:/home/vboxuser/ros2_iron/install/ament_xmllint:/home/vboxuser/ros2_iron/install/ament_pyflakes:/home/vboxuser/ros2_iron/install/ament_pycodestyle:/home/vboxuser/ros2_iron/install/ament_pep257:/home/vboxuser/ros2_iron/install/ament_pclint:/home/vboxuser/ros2_iron/install/ament_package:/home/vboxuser/ros2_iron/install/ament_mypy:/home/vboxuser/ros2_iron/install/ament_lint_cmake:/home/vboxuser/ros2_iron/install/ament_flake8:/home/vboxuser/ros2_iron/install/ament_copyright:/home/vboxuser/ros2_iron/install/ament_lint:/home/vboxuser/ros2_iron/install/ament_index_python:/home/vboxuser/ros2_iron/install/ament_cpplint:/home/vboxuser/ros2_iron/install/ament_cppcheck:/home/vboxuser/ros2_iron/install/ament_clang_tidy:/home/vboxuser/ros2_iron/install/ament_clang_format /usr/bin/cmake --build /home/vboxuser/ros2_ws/build/examples_rclcpp_minimal_client -- -j4 -l4
[3.146s] DEBUG:colcon.colcon_core.event_handler.log_command:Invoking command in '/home/vboxuser/ros2_ws/build/examples_rclcpp_minimal_client': CMAKE_PREFIX_PATH=${CMAKE_PREFIX_PATH}:/home/vboxuser/ros2_ws/install/py_pubsub:/home/vboxuser/ros2_ws/install/launch_testing_examples:/home/vboxuser/ros2_ws/install/examples_rclpy_pointcloud_publisher:/home/vboxuser/ros2_ws/install/examples_rclpy_minimal_subscriber:/home/vboxuser/ros2_ws/install/examples_rclpy_minimal_service:/home/vboxuser/ros2_ws/install/examples_rclpy_minimal_publisher:/home/vboxuser/ros2_ws/install/examples_rclpy_minimal_client:/home/vboxuser/ros2_ws/install/examples_rclpy_minimal_action_server:/home/vboxuser/ros2_ws/install/examples_rclpy_minimal_action_client:/home/vboxuser/ros2_ws/install/examples_rclpy_guard_conditions:/home/vboxuser/ros2_ws/install/examples_rclpy_executors:/home/vboxuser/ros2_ws/install/bms_visualizer:/opt/ros/iron:/home/vboxuser/ros2_iron/install/rqt_bag_plugins:/home/vboxuser/ros2_iron/install/rqt_bag:/home/vboxuser/ros2_iron/install/rosbag2_examples_py:/home/vboxuser/ros2_iron/install/launch_testing_examples:/home/vboxuser/ros2_iron/install/ros2bag:/home/vboxuser/ros2_iron/install/tracetools_test:/home/vboxuser/ros2_iron/install/tracetools_launch:/home/vboxuser/ros2_iron/install/topic_monitor:/home/vboxuser/ros2_iron/install/tf2_tools:/home/vboxuser/ros2_iron/install/examples_tf2_py:/home/vboxuser/ros2_iron/install/tf2_ros_py:/home/vboxuser/ros2_iron/install/examples_rclpy_pointcloud_publisher:/home/vboxuser/ros2_iron/install/sensor_msgs_py:/home/vboxuser/ros2_iron/install/quality_of_service_demo_py:/home/vboxuser/ros2_iron/install/rqt_plot:/home/vboxuser/ros2_iron/install/ros2doctor:/home/vboxuser/ros2_iron/install/lifecycle_py:/home/vboxuser/ros2_iron/install/examples_rclpy_minimal_subscriber:/home/vboxuser/ros2_iron/install/examples_rclpy_minimal_service:/home/vboxuser/ros2_iron/install/examples_rclpy_minimal_publisher:/home/vboxuser/ros2_iron/install/examples_rclpy_minimal_client:/home/vboxuser/ros2_iron/install/examples_rclpy_executors:/home/vboxuser/ros2_iron/install/demo_nodes_py:/home/vboxuser/ros2_iron/install/rqt:/home/vboxuser/ros2_iron/install/ros2component:/home/vboxuser/ros2_iron/install/sros2:/home/vboxuser/ros2_iron/install/rqt_topic:/home/vboxuser/ros2_iron/install/rqt_srv:/home/vboxuser/ros2_iron/install/rqt_shell:/home/vboxuser/ros2_iron/install/rqt_service_caller:/home/vboxuser/ros2_iron/install/rqt_reconfigure:/home/vboxuser/ros2_iron/install/rqt_py_console:/home/vboxuser/ros2_iron/install/rqt_publisher:/home/vboxuser/ros2_iron/install/rqt_action:/home/vboxuser/ros2_iron/install/rqt_msg:/home/vboxuser/ros2_iron/install/rqt_console:/home/vboxuser/ros2_iron/install/rqt_graph:/home/vboxuser/ros2_iron/install/rqt_gui_py:/home/vboxuser/ros2_iron/install/rqt_gui:/home/vboxuser/ros2_iron/install/ros2trace:/home/vboxuser/ros2_iron/install/ros2topic:/home/vboxuser/ros2_iron/install/ros2test:/home/vboxuser/ros2_iron/install/ros2param:/home/vboxuser/ros2_iron/install/ros2lifecycle:/home/vboxuser/ros2_iron/install/ros2service:/home/vboxuser/ros2_iron/install/ros2run:/home/vboxuser/ros2_iron/install/ros2launch:/home/vboxuser/ros2_iron/install/ros2pkg:/home/vboxuser/ros2_iron/install/ros2node:/home/vboxuser/ros2_iron/install/ros2multicast:/home/vboxuser/ros2_iron/install/ros2interface:/home/vboxuser/ros2_iron/install/ros2action:/home/vboxuser/ros2_iron/install/ros2cli:/home/vboxuser/ros2_iron/install/launch_testing_ros:/home/vboxuser/ros2_iron/install/launch_ros:/home/vboxuser/ros2_iron/install/examples_rclpy_minimal_action_server:/home/vboxuser/ros2_iron/install/examples_rclpy_minimal_action_client:/home/vboxuser/ros2_iron/install/examples_rclpy_guard_conditions:/home/vboxuser/ros2_iron/install/action_tutorials_py:/home/vboxuser/ros2_iron/install/ament_uncrustify:/home/vboxuser/ros2_iron/install/tracetools_trace:/home/vboxuser/ros2_iron/install/tracetools_read:/home/vboxuser/ros2_iron/install/test_tracetools_launch:/home/vboxuser/ros2_iron/install/test_ros2trace:/home/vboxuser/ros2_iron/install/test_launch_ros:/home/vboxuser/ros2_iron/install/rpyutils:/home/vboxuser/ros2_iron/install/rosidl_runtime_py:/home/vboxuser/ros2_iron/install/rosidl_pycommon:/home/vboxuser/ros2_iron/install/rosidl_cli:/home/vboxuser/ros2_iron/install/launch_pytest:/home/vboxuser/ros2_iron/install/launch_testing:/home/vboxuser/ros2_iron/install/launch_yaml:/home/vboxuser/ros2_iron/install/launch_xml:/home/vboxuser/ros2_iron/install/launch:/home/vboxuser/ros2_iron/install/osrf_pycommon:/home/vboxuser/ros2_iron/install/domain_coordinator:/home/vboxuser/ros2_iron/install/ament_xmllint:/home/vboxuser/ros2_iron/install/ament_pyflakes:/home/vboxuser/ros2_iron/install/ament_pycodestyle:/home/vboxuser/ros2_iron/install/ament_pep257:/home/vboxuser/ros2_iron/install/ament_pclint:/home/vboxuser/ros2_iron/install/ament_package:/home/vboxuser/ros2_iron/install/ament_mypy:/home/vboxuser/ros2_iron/install/ament_lint_cmake:/home/vboxuser/ros2_iron/install/ament_flake8:/home/vboxuser/ros2_iron/install/ament_copyright:/home/vboxuser/ros2_iron/install/ament_lint:/home/vboxuser/ros2_iron/install/ament_index_python:/home/vboxuser/ros2_iron/install/ament_cpplint:/home/vboxuser/ros2_iron/install/ament_cppcheck:/home/vboxuser/ros2_iron/install/ament_clang_tidy:/home/vboxuser/ros2_iron/install/ament_clang_format /usr/bin/cmake --install /home/vboxuser/ros2_ws/build/examples_rclcpp_minimal_client
[3.278s] DEBUG:colcon.colcon_core.event_handler.log_command:Invoked command in '/home/vboxuser/ros2_ws/build/examples_rclcpp_minimal_action_server' returned '0': CMAKE_PREFIX_PATH=${CMAKE_PREFIX_PATH}:/home/vboxuser/ros2_ws/install/py_pubsub:/home/vboxuser/ros2_ws/install/launch_testing_examples:/home/vboxuser/ros2_ws/install/examples_rclpy_pointcloud_publisher:/home/vboxuser/ros2_ws/install/examples_rclpy_minimal_subscriber:/home/vboxuser/ros2_ws/install/examples_rclpy_minimal_service:/home/vboxuser/ros2_ws/install/examples_rclpy_minimal_publisher:/home/vboxuser/ros2_ws/install/examples_rclpy_minimal_client:/home/vboxuser/ros2_ws/install/examples_rclpy_minimal_action_server:/home/vboxuser/ros2_ws/install/examples_rclpy_minimal_action_client:/home/vboxuser/ros2_ws/install/examples_rclpy_guard_conditions:/home/vboxuser/ros2_ws/install/examples_rclpy_executors:/home/vboxuser/ros2_ws/install/bms_visualizer:/opt/ros/iron:/home/vboxuser/ros2_iron/install/rqt_bag_plugins:/home/vboxuser/ros2_iron/install/rqt_bag:/home/vboxuser/ros2_iron/install/rosbag2_examples_py:/home/vboxuser/ros2_iron/install/launch_testing_examples:/home/vboxuser/ros2_iron/install/ros2bag:/home/vboxuser/ros2_iron/install/tracetools_test:/home/vboxuser/ros2_iron/install/tracetools_launch:/home/vboxuser/ros2_iron/install/topic_monitor:/home/vboxuser/ros2_iron/install/tf2_tools:/home/vboxuser/ros2_iron/install/examples_tf2_py:/home/vboxuser/ros2_iron/install/tf2_ros_py:/home/vboxuser/ros2_iron/install/examples_rclpy_pointcloud_publisher:/home/vboxuser/ros2_iron/install/sensor_msgs_py:/home/vboxuser/ros2_iron/install/quality_of_service_demo_py:/home/vboxuser/ros2_iron/install/rqt_plot:/home/vboxuser/ros2_iron/install/ros2doctor:/home/vboxuser/ros2_iron/install/lifecycle_py:/home/vboxuser/ros2_iron/install/examples_rclpy_minimal_subscriber:/home/vboxuser/ros2_iron/install/examples_rclpy_minimal_service:/home/vboxuser/ros2_iron/install/examples_rclpy_minimal_publisher:/home/vboxuser/ros2_iron/install/examples_rclpy_minimal_client:/home/vboxuser/ros2_iron/install/examples_rclpy_executors:/home/vboxuser/ros2_iron/install/demo_nodes_py:/home/vboxuser/ros2_iron/install/rqt:/home/vboxuser/ros2_iron/install/ros2component:/home/vboxuser/ros2_iron/install/sros2:/home/vboxuser/ros2_iron/install/rqt_topic:/home/vboxuser/ros2_iron/install/rqt_srv:/home/vboxuser/ros2_iron/install/rqt_shell:/home/vboxuser/ros2_iron/install/rqt_service_caller:/home/vboxuser/ros2_iron/install/rqt_reconfigure:/home/vboxuser/ros2_iron/install/rqt_py_console:/home/vboxuser/ros2_iron/install/rqt_publisher:/home/vboxuser/ros2_iron/install/rqt_action:/home/vboxuser/ros2_iron/install/rqt_msg:/home/vboxuser/ros2_iron/install/rqt_console:/home/vboxuser/ros2_iron/install/rqt_graph:/home/vboxuser/ros2_iron/install/rqt_gui_py:/home/vboxuser/ros2_iron/install/rqt_gui:/home/vboxuser/ros2_iron/install/ros2trace:/home/vboxuser/ros2_iron/install/ros2topic:/home/vboxuser/ros2_iron/install/ros2test:/home/vboxuser/ros2_iron/install/ros2param:/home/vboxuser/ros2_iron/install/ros2lifecycle:/home/vboxuser/ros2_iron/install/ros2service:/home/vboxuser/ros2_iron/install/ros2run:/home/vboxuser/ros2_iron/install/ros2launch:/home/vboxuser/ros2_iron/install/ros2pkg:/home/vboxuser/ros2_iron/install/ros2node:/home/vboxuser/ros2_iron/install/ros2multicast:/home/vboxuser/ros2_iron/install/ros2interface:/home/vboxuser/ros2_iron/install/ros2action:/home/vboxuser/ros2_iron/install/ros2cli:/home/vboxuser/ros2_iron/install/launch_testing_ros:/home/vboxuser/ros2_iron/install/launch_ros:/home/vboxuser/ros2_iron/install/examples_rclpy_minimal_action_server:/home/vboxuser/ros2_iron/install/examples_rclpy_minimal_action_client:/home/vboxuser/ros2_iron/install/examples_rclpy_guard_conditions:/home/vboxuser/ros2_iron/install/action_tutorials_py:/home/vboxuser/ros2_iron/install/ament_uncrustify:/home/vboxuser/ros2_iron/install/tracetools_trace:/home/vboxuser/ros2_iron/install/tracetools_read:/home/vboxuser/ros2_iron/install/test_tracetools_launch:/home/vboxuser/ros2_iron/install/test_ros2trace:/home/vboxuser/ros2_iron/install/test_launch_ros:/home/vboxuser/ros2_iron/install/rpyutils:/home/vboxuser/ros2_iron/install/rosidl_runtime_py:/home/vboxuser/ros2_iron/install/rosidl_pycommon:/home/vboxuser/ros2_iron/install/rosidl_cli:/home/vboxuser/ros2_iron/install/launch_pytest:/home/vboxuser/ros2_iron/install/launch_testing:/home/vboxuser/ros2_iron/install/launch_yaml:/home/vboxuser/ros2_iron/install/launch_xml:/home/vboxuser/ros2_iron/install/launch:/home/vboxuser/ros2_iron/install/osrf_pycommon:/home/vboxuser/ros2_iron/install/domain_coordinator:/home/vboxuser/ros2_iron/install/ament_xmllint:/home/vboxuser/ros2_iron/install/ament_pyflakes:/home/vboxuser/ros2_iron/install/ament_pycodestyle:/home/vboxuser/ros2_iron/install/ament_pep257:/home/vboxuser/ros2_iron/install/ament_pclint:/home/vboxuser/ros2_iron/install/ament_package:/home/vboxuser/ros2_iron/install/ament_mypy:/home/vboxuser/ros2_iron/install/ament_lint_cmake:/home/vboxuser/ros2_iron/install/ament_flake8:/home/vboxuser/ros2_iron/install/ament_copyright:/home/vboxuser/ros2_iron/install/ament_lint:/home/vboxuser/ros2_iron/install/ament_index_python:/home/vboxuser/ros2_iron/install/ament_cpplint:/home/vboxuser/ros2_iron/install/ament_cppcheck:/home/vboxuser/ros2_iron/install/ament_clang_tidy:/home/vboxuser/ros2_iron/install/ament_clang_format /usr/bin/cmake --build /home/vboxuser/ros2_ws/build/examples_rclcpp_minimal_action_server -- -j4 -l4
[3.280s] DEBUG:colcon.colcon_core.event_handler.log_command:Invoking command in '/home/vboxuser/ros2_ws/build/examples_rclcpp_minimal_action_server': CMAKE_PREFIX_PATH=${CMAKE_PREFIX_PATH}:/home/vboxuser/ros2_ws/install/py_pubsub:/home/vboxuser/ros2_ws/install/launch_testing_examples:/home/vboxuser/ros2_ws/install/examples_rclpy_pointcloud_publisher:/home/vboxuser/ros2_ws/install/examples_rclpy_minimal_subscriber:/home/vboxuser/ros2_ws/install/examples_rclpy_minimal_service:/home/vboxuser/ros2_ws/install/examples_rclpy_minimal_publisher:/home/vboxuser/ros2_ws/install/examples_rclpy_minimal_client:/home/vboxuser/ros2_ws/install/examples_rclpy_minimal_action_server:/home/vboxuser/ros2_ws/install/examples_rclpy_minimal_action_client:/home/vboxuser/ros2_ws/install/examples_rclpy_guard_conditions:/home/vboxuser/ros2_ws/install/examples_rclpy_executors:/home/vboxuser/ros2_ws/install/bms_visualizer:/opt/ros/iron:/home/vboxuser/ros2_iron/install/rqt_bag_plugins:/home/vboxuser/ros2_iron/install/rqt_bag:/home/vboxuser/ros2_iron/install/rosbag2_examples_py:/home/vboxuser/ros2_iron/install/launch_testing_examples:/home/vboxuser/ros2_iron/install/ros2bag:/home/vboxuser/ros2_iron/install/tracetools_test:/home/vboxuser/ros2_iron/install/tracetools_launch:/home/vboxuser/ros2_iron/install/topic_monitor:/home/vboxuser/ros2_iron/install/tf2_tools:/home/vboxuser/ros2_iron/install/examples_tf2_py:/home/vboxuser/ros2_iron/install/tf2_ros_py:/home/vboxuser/ros2_iron/install/examples_rclpy_pointcloud_publisher:/home/vboxuser/ros2_iron/install/sensor_msgs_py:/home/vboxuser/ros2_iron/install/quality_of_service_demo_py:/home/vboxuser/ros2_iron/install/rqt_plot:/home/vboxuser/ros2_iron/install/ros2doctor:/home/vboxuser/ros2_iron/install/lifecycle_py:/home/vboxuser/ros2_iron/install/examples_rclpy_minimal_subscriber:/home/vboxuser/ros2_iron/install/examples_rclpy_minimal_service:/home/vboxuser/ros2_iron/install/examples_rclpy_minimal_publisher:/home/vboxuser/ros2_iron/install/examples_rclpy_minimal_client:/home/vboxuser/ros2_iron/install/examples_rclpy_executors:/home/vboxuser/ros2_iron/install/demo_nodes_py:/home/vboxuser/ros2_iron/install/rqt:/home/vboxuser/ros2_iron/install/ros2component:/home/vboxuser/ros2_iron/install/sros2:/home/vboxuser/ros2_iron/install/rqt_topic:/home/vboxuser/ros2_iron/install/rqt_srv:/home/vboxuser/ros2_iron/install/rqt_shell:/home/vboxuser/ros2_iron/install/rqt_service_caller:/home/vboxuser/ros2_iron/install/rqt_reconfigure:/home/vboxuser/ros2_iron/install/rqt_py_console:/home/vboxuser/ros2_iron/install/rqt_publisher:/home/vboxuser/ros2_iron/install/rqt_action:/home/vboxuser/ros2_iron/install/rqt_msg:/home/vboxuser/ros2_iron/install/rqt_console:/home/vboxuser/ros2_iron/install/rqt_graph:/home/vboxuser/ros2_iron/install/rqt_gui_py:/home/vboxuser/ros2_iron/install/rqt_gui:/home/vboxuser/ros2_iron/install/ros2trace:/home/vboxuser/ros2_iron/install/ros2topic:/home/vboxuser/ros2_iron/install/ros2test:/home/vboxuser/ros2_iron/install/ros2param:/home/vboxuser/ros2_iron/install/ros2lifecycle:/home/vboxuser/ros2_iron/install/ros2service:/home/vboxuser/ros2_iron/install/ros2run:/home/vboxuser/ros2_iron/install/ros2launch:/home/vboxuser/ros2_iron/install/ros2pkg:/home/vboxuser/ros2_iron/install/ros2node:/home/vboxuser/ros2_iron/install/ros2multicast:/home/vboxuser/ros2_iron/install/ros2interface:/home/vboxuser/ros2_iron/install/ros2action:/home/vboxuser/ros2_iron/install/ros2cli:/home/vboxuser/ros2_iron/install/launch_testing_ros:/home/vboxuser/ros2_iron/install/launch_ros:/home/vboxuser/ros2_iron/install/examples_rclpy_minimal_action_server:/home/vboxuser/ros2_iron/install/examples_rclpy_minimal_action_client:/home/vboxuser/ros2_iron/install/examples_rclpy_guard_conditions:/home/vboxuser/ros2_iron/install/action_tutorials_py:/home/vboxuser/ros2_iron/install/ament_uncrustify:/home/vboxuser/ros2_iron/install/tracetools_trace:/home/vboxuser/ros2_iron/install/tracetools_read:/home/vboxuser/ros2_iron/install/test_tracetools_launch:/home/vboxuser/ros2_iron/install/test_ros2trace:/home/vboxuser/ros2_iron/install/test_launch_ros:/home/vboxuser/ros2_iron/install/rpyutils:/home/vboxuser/ros2_iron/install/rosidl_runtime_py:/home/vboxuser/ros2_iron/install/rosidl_pycommon:/home/vboxuser/ros2_iron/install/rosidl_cli:/home/vboxuser/ros2_iron/install/launch_pytest:/home/vboxuser/ros2_iron/install/launch_testing:/home/vboxuser/ros2_iron/install/launch_yaml:/home/vboxuser/ros2_iron/install/launch_xml:/home/vboxuser/ros2_iron/install/launch:/home/vboxuser/ros2_iron/install/osrf_pycommon:/home/vboxuser/ros2_iron/install/domain_coordinator:/home/vboxuser/ros2_iron/install/ament_xmllint:/home/vboxuser/ros2_iron/install/ament_pyflakes:/home/vboxuser/ros2_iron/install/ament_pycodestyle:/home/vboxuser/ros2_iron/install/ament_pep257:/home/vboxuser/ros2_iron/install/ament_pclint:/home/vboxuser/ros2_iron/install/ament_package:/home/vboxuser/ros2_iron/install/ament_mypy:/home/vboxuser/ros2_iron/install/ament_lint_cmake:/home/vboxuser/ros2_iron/install/ament_flake8:/home/vboxuser/ros2_iron/install/ament_copyright:/home/vboxuser/ros2_iron/install/ament_lint:/home/vboxuser/ros2_iron/install/ament_index_python:/home/vboxuser/ros2_iron/install/ament_cpplint:/home/vboxuser/ros2_iron/install/ament_cppcheck:/home/vboxuser/ros2_iron/install/ament_clang_tidy:/home/vboxuser/ros2_iron/install/ament_clang_format /usr/bin/cmake --install /home/vboxuser/ros2_ws/build/examples_rclcpp_minimal_action_server
[3.285s] Level 1:colcon.colcon_core.environment:create_environment_scripts_only(examples_rclcpp_minimal_client)
[3.285s] Level 1:colcon.colcon_core.environment:checking '/home/vboxuser/ros2_ws/install/examples_rclcpp_minimal_client' for CMake module files
[3.287s] Level 1:colcon.colcon_core.environment:checking '/home/vboxuser/ros2_ws/install/examples_rclcpp_minimal_client' for CMake config files
[3.287s] Level 1:colcon.colcon_core.shell:create_environment_hook('examples_rclcpp_minimal_client', 'cmake_prefix_path')
[3.288s] INFO:colcon.colcon_core.shell:Creating environment hook '/home/vboxuser/ros2_ws/install/examples_rclcpp_minimal_client/share/examples_rclcpp_minimal_client/hook/cmake_prefix_path.ps1'
[3.289s] DEBUG:colcon.colcon_core.event_handler.log_command:Invoked command in '/home/vboxuser/ros2_ws/build/examples_rclcpp_minimal_client' returned '0': CMAKE_PREFIX_PATH=${CMAKE_PREFIX_PATH}:/home/vboxuser/ros2_ws/install/py_pubsub:/home/vboxuser/ros2_ws/install/launch_testing_examples:/home/vboxuser/ros2_ws/install/examples_rclpy_pointcloud_publisher:/home/vboxuser/ros2_ws/install/examples_rclpy_minimal_subscriber:/home/vboxuser/ros2_ws/install/examples_rclpy_minimal_service:/home/vboxuser/ros2_ws/install/examples_rclpy_minimal_publisher:/home/vboxuser/ros2_ws/install/examples_rclpy_minimal_client:/home/vboxuser/ros2_ws/install/examples_rclpy_minimal_action_server:/home/vboxuser/ros2_ws/install/examples_rclpy_minimal_action_client:/home/vboxuser/ros2_ws/install/examples_rclpy_guard_conditions:/home/vboxuser/ros2_ws/install/examples_rclpy_executors:/home/vboxuser/ros2_ws/install/bms_visualizer:/opt/ros/iron:/home/vboxuser/ros2_iron/install/rqt_bag_plugins:/home/vboxuser/ros2_iron/install/rqt_bag:/home/vboxuser/ros2_iron/install/rosbag2_examples_py:/home/vboxuser/ros2_iron/install/launch_testing_examples:/home/vboxuser/ros2_iron/install/ros2bag:/home/vboxuser/ros2_iron/install/tracetools_test:/home/vboxuser/ros2_iron/install/tracetools_launch:/home/vboxuser/ros2_iron/install/topic_monitor:/home/vboxuser/ros2_iron/install/tf2_tools:/home/vboxuser/ros2_iron/install/examples_tf2_py:/home/vboxuser/ros2_iron/install/tf2_ros_py:/home/vboxuser/ros2_iron/install/examples_rclpy_pointcloud_publisher:/home/vboxuser/ros2_iron/install/sensor_msgs_py:/home/vboxuser/ros2_iron/install/quality_of_service_demo_py:/home/vboxuser/ros2_iron/install/rqt_plot:/home/vboxuser/ros2_iron/install/ros2doctor:/home/vboxuser/ros2_iron/install/lifecycle_py:/home/vboxuser/ros2_iron/install/examples_rclpy_minimal_subscriber:/home/vboxuser/ros2_iron/install/examples_rclpy_minimal_service:/home/vboxuser/ros2_iron/install/examples_rclpy_minimal_publisher:/home/vboxuser/ros2_iron/install/examples_rclpy_minimal_client:/home/vboxuser/ros2_iron/install/examples_rclpy_executors:/home/vboxuser/ros2_iron/install/demo_nodes_py:/home/vboxuser/ros2_iron/install/rqt:/home/vboxuser/ros2_iron/install/ros2component:/home/vboxuser/ros2_iron/install/sros2:/home/vboxuser/ros2_iron/install/rqt_topic:/home/vboxuser/ros2_iron/install/rqt_srv:/home/vboxuser/ros2_iron/install/rqt_shell:/home/vboxuser/ros2_iron/install/rqt_service_caller:/home/vboxuser/ros2_iron/install/rqt_reconfigure:/home/vboxuser/ros2_iron/install/rqt_py_console:/home/vboxuser/ros2_iron/install/rqt_publisher:/home/vboxuser/ros2_iron/install/rqt_action:/home/vboxuser/ros2_iron/install/rqt_msg:/home/vboxuser/ros2_iron/install/rqt_console:/home/vboxuser/ros2_iron/install/rqt_graph:/home/vboxuser/ros2_iron/install/rqt_gui_py:/home/vboxuser/ros2_iron/install/rqt_gui:/home/vboxuser/ros2_iron/install/ros2trace:/home/vboxuser/ros2_iron/install/ros2topic:/home/vboxuser/ros2_iron/install/ros2test:/home/vboxuser/ros2_iron/install/ros2param:/home/vboxuser/ros2_iron/install/ros2lifecycle:/home/vboxuser/ros2_iron/install/ros2service:/home/vboxuser/ros2_iron/install/ros2run:/home/vboxuser/ros2_iron/install/ros2launch:/home/vboxuser/ros2_iron/install/ros2pkg:/home/vboxuser/ros2_iron/install/ros2node:/home/vboxuser/ros2_iron/install/ros2multicast:/home/vboxuser/ros2_iron/install/ros2interface:/home/vboxuser/ros2_iron/install/ros2action:/home/vboxuser/ros2_iron/install/ros2cli:/home/vboxuser/ros2_iron/install/launch_testing_ros:/home/vboxuser/ros2_iron/install/launch_ros:/home/vboxuser/ros2_iron/install/examples_rclpy_minimal_action_server:/home/vboxuser/ros2_iron/install/examples_rclpy_minimal_action_client:/home/vboxuser/ros2_iron/install/examples_rclpy_guard_conditions:/home/vboxuser/ros2_iron/install/action_tutorials_py:/home/vboxuser/ros2_iron/install/ament_uncrustify:/home/vboxuser/ros2_iron/install/tracetools_trace:/home/vboxuser/ros2_iron/install/tracetools_read:/home/vboxuser/ros2_iron/install/test_tracetools_launch:/home/vboxuser/ros2_iron/install/test_ros2trace:/home/vboxuser/ros2_iron/install/test_launch_ros:/home/vboxuser/ros2_iron/install/rpyutils:/home/vboxuser/ros2_iron/install/rosidl_runtime_py:/home/vboxuser/ros2_iron/install/rosidl_pycommon:/home/vboxuser/ros2_iron/install/rosidl_cli:/home/vboxuser/ros2_iron/install/launch_pytest:/home/vboxuser/ros2_iron/install/launch_testing:/home/vboxuser/ros2_iron/install/launch_yaml:/home/vboxuser/ros2_iron/install/launch_xml:/home/vboxuser/ros2_iron/install/launch:/home/vboxuser/ros2_iron/install/osrf_pycommon:/home/vboxuser/ros2_iron/install/domain_coordinator:/home/vboxuser/ros2_iron/install/ament_xmllint:/home/vboxuser/ros2_iron/install/ament_pyflakes:/home/vboxuser/ros2_iron/install/ament_pycodestyle:/home/vboxuser/ros2_iron/install/ament_pep257:/home/vboxuser/ros2_iron/install/ament_pclint:/home/vboxuser/ros2_iron/install/ament_package:/home/vboxuser/ros2_iron/install/ament_mypy:/home/vboxuser/ros2_iron/install/ament_lint_cmake:/home/vboxuser/ros2_iron/install/ament_flake8:/home/vboxuser/ros2_iron/install/ament_copyright:/home/vboxuser/ros2_iron/install/ament_lint:/home/vboxuser/ros2_iron/install/ament_index_python:/home/vboxuser/ros2_iron/install/ament_cpplint:/home/vboxuser/ros2_iron/install/ament_cppcheck:/home/vboxuser/ros2_iron/install/ament_clang_tidy:/home/vboxuser/ros2_iron/install/ament_clang_format /usr/bin/cmake --install /home/vboxuser/ros2_ws/build/examples_rclcpp_minimal_client
[3.292s] INFO:colcon.colcon_core.shell:Creating environment descriptor '/home/vboxuser/ros2_ws/install/examples_rclcpp_minimal_client/share/examples_rclcpp_minimal_client/hook/cmake_prefix_path.dsv'
[3.293s] INFO:colcon.colcon_core.shell:Creating environment hook '/home/vboxuser/ros2_ws/install/examples_rclcpp_minimal_client/share/examples_rclcpp_minimal_client/hook/cmake_prefix_path.sh'
[3.295s] Level 1:colcon.colcon_core.environment:checking '/home/vboxuser/ros2_ws/install/examples_rclcpp_minimal_client/lib'
[3.296s] Level 1:colcon.colcon_core.environment:checking '/home/vboxuser/ros2_ws/install/examples_rclcpp_minimal_client/bin'
[3.301s] Level 1:colcon.colcon_core.environment:checking '/home/vboxuser/ros2_ws/install/examples_rclcpp_minimal_client/lib/pkgconfig/examples_rclcpp_minimal_client.pc'
[3.301s] Level 1:colcon.colcon_core.environment:checking '/home/vboxuser/ros2_ws/install/examples_rclcpp_minimal_client/lib/python3.10/site-packages'
[3.301s] Level 1:colcon.colcon_core.environment:checking '/home/vboxuser/ros2_ws/install/examples_rclcpp_minimal_client/bin'
[3.302s] INFO:colcon.colcon_core.shell:Creating package script '/home/vboxuser/ros2_ws/install/examples_rclcpp_minimal_client/share/examples_rclcpp_minimal_client/package.ps1'
[3.303s] INFO:colcon.colcon_core.shell:Creating package descriptor '/home/vboxuser/ros2_ws/install/examples_rclcpp_minimal_client/share/examples_rclcpp_minimal_client/package.dsv'
[3.303s] INFO:colcon.colcon_core.shell:Creating package script '/home/vboxuser/ros2_ws/install/examples_rclcpp_minimal_client/share/examples_rclcpp_minimal_client/package.sh'
[3.309s] INFO:colcon.colcon_core.shell:Creating package script '/home/vboxuser/ros2_ws/install/examples_rclcpp_minimal_client/share/examples_rclcpp_minimal_client/package.bash'
[3.310s] INFO:colcon.colcon_core.shell:Creating package script '/home/vboxuser/ros2_ws/install/examples_rclcpp_minimal_client/share/examples_rclcpp_minimal_client/package.zsh'
[3.311s] Level 1:colcon.colcon_core.environment:create_file_with_runtime_dependencies(/home/vboxuser/ros2_ws/install/examples_rclcpp_minimal_client/share/colcon-core/packages/examples_rclcpp_minimal_client)
[3.315s] Level 1:colcon.colcon_core.environment:create_environment_scripts_only(examples_rclcpp_minimal_client)
[3.316s] Level 1:colcon.colcon_core.environment:checking '/home/vboxuser/ros2_ws/install/examples_rclcpp_minimal_client' for CMake module files
[3.316s] Level 1:colcon.colcon_core.environment:checking '/home/vboxuser/ros2_ws/install/examples_rclcpp_minimal_client' for CMake config files
[3.316s] Level 1:colcon.colcon_core.shell:create_environment_hook('examples_rclcpp_minimal_client', 'cmake_prefix_path')
[3.317s] INFO:colcon.colcon_core.shell:Creating environment hook '/home/vboxuser/ros2_ws/install/examples_rclcpp_minimal_client/share/examples_rclcpp_minimal_client/hook/cmake_prefix_path.ps1'
[3.317s] INFO:colcon.colcon_core.shell:Creating environment descriptor '/home/vboxuser/ros2_ws/install/examples_rclcpp_minimal_client/share/examples_rclcpp_minimal_client/hook/cmake_prefix_path.dsv'
[3.318s] INFO:colcon.colcon_core.shell:Creating environment hook '/home/vboxuser/ros2_ws/install/examples_rclcpp_minimal_client/share/examples_rclcpp_minimal_client/hook/cmake_prefix_path.sh'
[3.319s] Level 1:colcon.colcon_core.environment:checking '/home/vboxuser/ros2_ws/install/examples_rclcpp_minimal_client/lib'
[3.319s] Level 1:colcon.colcon_core.environment:checking '/home/vboxuser/ros2_ws/install/examples_rclcpp_minimal_client/bin'
[3.319s] Level 1:colcon.colcon_core.environment:checking '/home/vboxuser/ros2_ws/install/examples_rclcpp_minimal_client/lib/pkgconfig/examples_rclcpp_minimal_client.pc'
[3.319s] Level 1:colcon.colcon_core.environment:checking '/home/vboxuser/ros2_ws/install/examples_rclcpp_minimal_client/lib/python3.10/site-packages'
[3.320s] Level 1:colcon.colcon_core.environment:checking '/home/vboxuser/ros2_ws/install/examples_rclcpp_minimal_client/bin'
[3.320s] INFO:colcon.colcon_core.shell:Creating package script '/home/vboxuser/ros2_ws/install/examples_rclcpp_minimal_client/share/examples_rclcpp_minimal_client/package.ps1'
[3.321s] INFO:colcon.colcon_core.shell:Creating package descriptor '/home/vboxuser/ros2_ws/install/examples_rclcpp_minimal_client/share/examples_rclcpp_minimal_client/package.dsv'
[3.321s] INFO:colcon.colcon_core.shell:Creating package script '/home/vboxuser/ros2_ws/install/examples_rclcpp_minimal_client/share/examples_rclcpp_minimal_client/package.sh'
[3.322s] INFO:colcon.colcon_core.shell:Creating package script '/home/vboxuser/ros2_ws/install/examples_rclcpp_minimal_client/share/examples_rclcpp_minimal_client/package.bash'
[3.323s] INFO:colcon.colcon_core.shell:Creating package script '/home/vboxuser/ros2_ws/install/examples_rclcpp_minimal_client/share/examples_rclcpp_minimal_client/package.zsh'
[3.324s] Level 1:colcon.colcon_core.environment:create_file_with_runtime_dependencies(/home/vboxuser/ros2_ws/install/examples_rclcpp_minimal_client/share/colcon-core/packages/examples_rclcpp_minimal_client)
[3.347s] INFO:colcon.colcon_ros.task.ament_cmake.build:Building ROS package in '/home/vboxuser/ros2_ws/src/examples/rclcpp/topics/minimal_publisher' with build type 'ament_cmake'
[3.348s] INFO:colcon.colcon_cmake.task.cmake.build:Building CMake package in '/home/vboxuser/ros2_ws/src/examples/rclcpp/topics/minimal_publisher'
[3.348s] INFO:colcon.colcon_core.shell:Skip shell extension 'powershell' for command environment: Not usable outside of PowerShell
[3.348s] DEBUG:colcon.colcon_core.shell:Skip shell extension 'dsv' for command environment
[3.429s] Level 1:colcon.colcon_core.environment:create_environment_scripts_only(examples_rclcpp_minimal_action_server)
[3.429s] Level 1:colcon.colcon_core.environment:checking '/home/vboxuser/ros2_ws/install/examples_rclcpp_minimal_action_server' for CMake module files
[3.430s] Level 1:colcon.colcon_core.environment:checking '/home/vboxuser/ros2_ws/install/examples_rclcpp_minimal_action_server' for CMake config files
[3.430s] Level 1:colcon.colcon_core.shell:create_environment_hook('examples_rclcpp_minimal_action_server', 'cmake_prefix_path')
[3.438s] INFO:colcon.colcon_core.shell:Creating environment hook '/home/vboxuser/ros2_ws/install/examples_rclcpp_minimal_action_server/share/examples_rclcpp_minimal_action_server/hook/cmake_prefix_path.ps1'
[3.439s] INFO:colcon.colcon_core.shell:Creating environment descriptor '/home/vboxuser/ros2_ws/install/examples_rclcpp_minimal_action_server/share/examples_rclcpp_minimal_action_server/hook/cmake_prefix_path.dsv'
[3.440s] INFO:colcon.colcon_core.shell:Creating environment hook '/home/vboxuser/ros2_ws/install/examples_rclcpp_minimal_action_server/share/examples_rclcpp_minimal_action_server/hook/cmake_prefix_path.sh'
[3.445s] DEBUG:colcon.colcon_core.event_handler.log_command:Invoked command in '/home/vboxuser/ros2_ws/build/examples_rclcpp_minimal_action_server' returned '0': CMAKE_PREFIX_PATH=${CMAKE_PREFIX_PATH}:/home/vboxuser/ros2_ws/install/py_pubsub:/home/vboxuser/ros2_ws/install/launch_testing_examples:/home/vboxuser/ros2_ws/install/examples_rclpy_pointcloud_publisher:/home/vboxuser/ros2_ws/install/examples_rclpy_minimal_subscriber:/home/vboxuser/ros2_ws/install/examples_rclpy_minimal_service:/home/vboxuser/ros2_ws/install/examples_rclpy_minimal_publisher:/home/vboxuser/ros2_ws/install/examples_rclpy_minimal_client:/home/vboxuser/ros2_ws/install/examples_rclpy_minimal_action_server:/home/vboxuser/ros2_ws/install/examples_rclpy_minimal_action_client:/home/vboxuser/ros2_ws/install/examples_rclpy_guard_conditions:/home/vboxuser/ros2_ws/install/examples_rclpy_executors:/home/vboxuser/ros2_ws/install/bms_visualizer:/opt/ros/iron:/home/vboxuser/ros2_iron/install/rqt_bag_plugins:/home/vboxuser/ros2_iron/install/rqt_bag:/home/vboxuser/ros2_iron/install/rosbag2_examples_py:/home/vboxuser/ros2_iron/install/launch_testing_examples:/home/vboxuser/ros2_iron/install/ros2bag:/home/vboxuser/ros2_iron/install/tracetools_test:/home/vboxuser/ros2_iron/install/tracetools_launch:/home/vboxuser/ros2_iron/install/topic_monitor:/home/vboxuser/ros2_iron/install/tf2_tools:/home/vboxuser/ros2_iron/install/examples_tf2_py:/home/vboxuser/ros2_iron/install/tf2_ros_py:/home/vboxuser/ros2_iron/install/examples_rclpy_pointcloud_publisher:/home/vboxuser/ros2_iron/install/sensor_msgs_py:/home/vboxuser/ros2_iron/install/quality_of_service_demo_py:/home/vboxuser/ros2_iron/install/rqt_plot:/home/vboxuser/ros2_iron/install/ros2doctor:/home/vboxuser/ros2_iron/install/lifecycle_py:/home/vboxuser/ros2_iron/install/examples_rclpy_minimal_subscriber:/home/vboxuser/ros2_iron/install/examples_rclpy_minimal_service:/home/vboxuser/ros2_iron/install/examples_rclpy_minimal_publisher:/home/vboxuser/ros2_iron/install/examples_rclpy_minimal_client:/home/vboxuser/ros2_iron/install/examples_rclpy_executors:/home/vboxuser/ros2_iron/install/demo_nodes_py:/home/vboxuser/ros2_iron/install/rqt:/home/vboxuser/ros2_iron/install/ros2component:/home/vboxuser/ros2_iron/install/sros2:/home/vboxuser/ros2_iron/install/rqt_topic:/home/vboxuser/ros2_iron/install/rqt_srv:/home/vboxuser/ros2_iron/install/rqt_shell:/home/vboxuser/ros2_iron/install/rqt_service_caller:/home/vboxuser/ros2_iron/install/rqt_reconfigure:/home/vboxuser/ros2_iron/install/rqt_py_console:/home/vboxuser/ros2_iron/install/rqt_publisher:/home/vboxuser/ros2_iron/install/rqt_action:/home/vboxuser/ros2_iron/install/rqt_msg:/home/vboxuser/ros2_iron/install/rqt_console:/home/vboxuser/ros2_iron/install/rqt_graph:/home/vboxuser/ros2_iron/install/rqt_gui_py:/home/vboxuser/ros2_iron/install/rqt_gui:/home/vboxuser/ros2_iron/install/ros2trace:/home/vboxuser/ros2_iron/install/ros2topic:/home/vboxuser/ros2_iron/install/ros2test:/home/vboxuser/ros2_iron/install/ros2param:/home/vboxuser/ros2_iron/install/ros2lifecycle:/home/vboxuser/ros2_iron/install/ros2service:/home/vboxuser/ros2_iron/install/ros2run:/home/vboxuser/ros2_iron/install/ros2launch:/home/vboxuser/ros2_iron/install/ros2pkg:/home/vboxuser/ros2_iron/install/ros2node:/home/vboxuser/ros2_iron/install/ros2multicast:/home/vboxuser/ros2_iron/install/ros2interface:/home/vboxuser/ros2_iron/install/ros2action:/home/vboxuser/ros2_iron/install/ros2cli:/home/vboxuser/ros2_iron/install/launch_testing_ros:/home/vboxuser/ros2_iron/install/launch_ros:/home/vboxuser/ros2_iron/install/examples_rclpy_minimal_action_server:/home/vboxuser/ros2_iron/install/examples_rclpy_minimal_action_client:/home/vboxuser/ros2_iron/install/examples_rclpy_guard_conditions:/home/vboxuser/ros2_iron/install/action_tutorials_py:/home/vboxuser/ros2_iron/install/ament_uncrustify:/home/vboxuser/ros2_iron/install/tracetools_trace:/home/vboxuser/ros2_iron/install/tracetools_read:/home/vboxuser/ros2_iron/install/test_tracetools_launch:/home/vboxuser/ros2_iron/install/test_ros2trace:/home/vboxuser/ros2_iron/install/test_launch_ros:/home/vboxuser/ros2_iron/install/rpyutils:/home/vboxuser/ros2_iron/install/rosidl_runtime_py:/home/vboxuser/ros2_iron/install/rosidl_pycommon:/home/vboxuser/ros2_iron/install/rosidl_cli:/home/vboxuser/ros2_iron/install/launch_pytest:/home/vboxuser/ros2_iron/install/launch_testing:/home/vboxuser/ros2_iron/install/launch_yaml:/home/vboxuser/ros2_iron/install/launch_xml:/home/vboxuser/ros2_iron/install/launch:/home/vboxuser/ros2_iron/install/osrf_pycommon:/home/vboxuser/ros2_iron/install/domain_coordinator:/home/vboxuser/ros2_iron/install/ament_xmllint:/home/vboxuser/ros2_iron/install/ament_pyflakes:/home/vboxuser/ros2_iron/install/ament_pycodestyle:/home/vboxuser/ros2_iron/install/ament_pep257:/home/vboxuser/ros2_iron/install/ament_pclint:/home/vboxuser/ros2_iron/install/ament_package:/home/vboxuser/ros2_iron/install/ament_mypy:/home/vboxuser/ros2_iron/install/ament_lint_cmake:/home/vboxuser/ros2_iron/install/ament_flake8:/home/vboxuser/ros2_iron/install/ament_copyright:/home/vboxuser/ros2_iron/install/ament_lint:/home/vboxuser/ros2_iron/install/ament_index_python:/home/vboxuser/ros2_iron/install/ament_cpplint:/home/vboxuser/ros2_iron/install/ament_cppcheck:/home/vboxuser/ros2_iron/install/ament_clang_tidy:/home/vboxuser/ros2_iron/install/ament_clang_format /usr/bin/cmake --install /home/vboxuser/ros2_ws/build/examples_rclcpp_minimal_action_server
[3.446s] Level 1:colcon.colcon_core.environment:checking '/home/vboxuser/ros2_ws/install/examples_rclcpp_minimal_action_server/lib'
[3.446s] Level 1:colcon.colcon_core.environment:checking '/home/vboxuser/ros2_ws/install/examples_rclcpp_minimal_action_server/bin'
[3.446s] Level 1:colcon.colcon_core.environment:checking '/home/vboxuser/ros2_ws/install/examples_rclcpp_minimal_action_server/lib/pkgconfig/examples_rclcpp_minimal_action_server.pc'
[3.446s] Level 1:colcon.colcon_core.environment:checking '/home/vboxuser/ros2_ws/install/examples_rclcpp_minimal_action_server/lib/python3.10/site-packages'
[3.447s] Level 1:colcon.colcon_core.environment:checking '/home/vboxuser/ros2_ws/install/examples_rclcpp_minimal_action_server/bin'
[3.447s] INFO:colcon.colcon_core.shell:Creating package script '/home/vboxuser/ros2_ws/install/examples_rclcpp_minimal_action_server/share/examples_rclcpp_minimal_action_server/package.ps1'
[3.447s] INFO:colcon.colcon_core.shell:Creating package descriptor '/home/vboxuser/ros2_ws/install/examples_rclcpp_minimal_action_server/share/examples_rclcpp_minimal_action_server/package.dsv'
[3.448s] INFO:colcon.colcon_core.shell:Creating package script '/home/vboxuser/ros2_ws/install/examples_rclcpp_minimal_action_server/share/examples_rclcpp_minimal_action_server/package.sh'
[3.449s] INFO:colcon.colcon_core.shell:Creating package script '/home/vboxuser/ros2_ws/install/examples_rclcpp_minimal_action_server/share/examples_rclcpp_minimal_action_server/package.bash'
[3.449s] INFO:colcon.colcon_core.shell:Creating package script '/home/vboxuser/ros2_ws/install/examples_rclcpp_minimal_action_server/share/examples_rclcpp_minimal_action_server/package.zsh'
[3.450s] Level 1:colcon.colcon_core.environment:create_file_with_runtime_dependencies(/home/vboxuser/ros2_ws/install/examples_rclcpp_minimal_action_server/share/colcon-core/packages/examples_rclcpp_minimal_action_server)
[3.453s] Level 1:colcon.colcon_core.environment:create_environment_scripts_only(examples_rclcpp_minimal_action_server)
[3.453s] Level 1:colcon.colcon_core.environment:checking '/home/vboxuser/ros2_ws/install/examples_rclcpp_minimal_action_server' for CMake module files
[3.460s] Level 1:colcon.colcon_core.environment:checking '/home/vboxuser/ros2_ws/install/examples_rclcpp_minimal_action_server' for CMake config files
[3.460s] Level 1:colcon.colcon_core.shell:create_environment_hook('examples_rclcpp_minimal_action_server', 'cmake_prefix_path')
[3.463s] INFO:colcon.colcon_core.shell:Creating environment hook '/home/vboxuser/ros2_ws/install/examples_rclcpp_minimal_action_server/share/examples_rclcpp_minimal_action_server/hook/cmake_prefix_path.ps1'
[3.464s] INFO:colcon.colcon_core.shell:Creating environment descriptor '/home/vboxuser/ros2_ws/install/examples_rclcpp_minimal_action_server/share/examples_rclcpp_minimal_action_server/hook/cmake_prefix_path.dsv'
[3.465s] INFO:colcon.colcon_core.shell:Creating environment hook '/home/vboxuser/ros2_ws/install/examples_rclcpp_minimal_action_server/share/examples_rclcpp_minimal_action_server/hook/cmake_prefix_path.sh'
[3.477s] Level 1:colcon.colcon_core.environment:checking '/home/vboxuser/ros2_ws/install/examples_rclcpp_minimal_action_server/lib'
[3.477s] Level 1:colcon.colcon_core.environment:checking '/home/vboxuser/ros2_ws/install/examples_rclcpp_minimal_action_server/bin'
[3.478s] Level 1:colcon.colcon_core.environment:checking '/home/vboxuser/ros2_ws/install/examples_rclcpp_minimal_action_server/lib/pkgconfig/examples_rclcpp_minimal_action_server.pc'
[3.479s] Level 1:colcon.colcon_core.environment:checking '/home/vboxuser/ros2_ws/install/examples_rclcpp_minimal_action_server/lib/python3.10/site-packages'
[3.479s] Level 1:colcon.colcon_core.environment:checking '/home/vboxuser/ros2_ws/install/examples_rclcpp_minimal_action_server/bin'
[3.480s] INFO:colcon.colcon_core.shell:Creating package script '/home/vboxuser/ros2_ws/install/examples_rclcpp_minimal_action_server/share/examples_rclcpp_minimal_action_server/package.ps1'
[3.481s] INFO:colcon.colcon_core.shell:Creating package descriptor '/home/vboxuser/ros2_ws/install/examples_rclcpp_minimal_action_server/share/examples_rclcpp_minimal_action_server/package.dsv'
[3.481s] INFO:colcon.colcon_core.shell:Creating package script '/home/vboxuser/ros2_ws/install/examples_rclcpp_minimal_action_server/share/examples_rclcpp_minimal_action_server/package.sh'
[3.482s] INFO:colcon.colcon_core.shell:Creating package script '/home/vboxuser/ros2_ws/install/examples_rclcpp_minimal_action_server/share/examples_rclcpp_minimal_action_server/package.bash'
[3.490s] INFO:colcon.colcon_core.shell:Creating package script '/home/vboxuser/ros2_ws/install/examples_rclcpp_minimal_action_server/share/examples_rclcpp_minimal_action_server/package.zsh'
[3.492s] Level 1:colcon.colcon_core.environment:create_file_with_runtime_dependencies(/home/vboxuser/ros2_ws/install/examples_rclcpp_minimal_action_server/share/colcon-core/packages/examples_rclcpp_minimal_action_server)
[3.494s] INFO:colcon.colcon_ros.task.ament_cmake.build:Building ROS package in '/home/vboxuser/ros2_ws/src/examples/rclcpp/services/minimal_service' with build type 'ament_cmake'
[3.495s] INFO:colcon.colcon_cmake.task.cmake.build:Building CMake package in '/home/vboxuser/ros2_ws/src/examples/rclcpp/services/minimal_service'
[3.499s] INFO:colcon.colcon_core.shell:Skip shell extension 'powershell' for command environment: Not usable outside of PowerShell
[3.499s] DEBUG:colcon.colcon_core.shell:Skip shell extension 'dsv' for command environment
[3.573s] DEBUG:colcon.colcon_core.event_handler.log_command:Invoking command in '/home/vboxuser/ros2_ws/build/examples_rclcpp_minimal_publisher': CMAKE_PREFIX_PATH=${CMAKE_PREFIX_PATH}:/home/vboxuser/ros2_ws/install/py_pubsub:/home/vboxuser/ros2_ws/install/launch_testing_examples:/home/vboxuser/ros2_ws/install/examples_rclpy_pointcloud_publisher:/home/vboxuser/ros2_ws/install/examples_rclpy_minimal_subscriber:/home/vboxuser/ros2_ws/install/examples_rclpy_minimal_service:/home/vboxuser/ros2_ws/install/examples_rclpy_minimal_publisher:/home/vboxuser/ros2_ws/install/examples_rclpy_minimal_client:/home/vboxuser/ros2_ws/install/examples_rclpy_minimal_action_server:/home/vboxuser/ros2_ws/install/examples_rclpy_minimal_action_client:/home/vboxuser/ros2_ws/install/examples_rclpy_guard_conditions:/home/vboxuser/ros2_ws/install/examples_rclpy_executors:/home/vboxuser/ros2_ws/install/bms_visualizer:/opt/ros/iron:/home/vboxuser/ros2_iron/install/rqt_bag_plugins:/home/vboxuser/ros2_iron/install/rqt_bag:/home/vboxuser/ros2_iron/install/rosbag2_examples_py:/home/vboxuser/ros2_iron/install/launch_testing_examples:/home/vboxuser/ros2_iron/install/ros2bag:/home/vboxuser/ros2_iron/install/tracetools_test:/home/vboxuser/ros2_iron/install/tracetools_launch:/home/vboxuser/ros2_iron/install/topic_monitor:/home/vboxuser/ros2_iron/install/tf2_tools:/home/vboxuser/ros2_iron/install/examples_tf2_py:/home/vboxuser/ros2_iron/install/tf2_ros_py:/home/vboxuser/ros2_iron/install/examples_rclpy_pointcloud_publisher:/home/vboxuser/ros2_iron/install/sensor_msgs_py:/home/vboxuser/ros2_iron/install/quality_of_service_demo_py:/home/vboxuser/ros2_iron/install/rqt_plot:/home/vboxuser/ros2_iron/install/ros2doctor:/home/vboxuser/ros2_iron/install/lifecycle_py:/home/vboxuser/ros2_iron/install/examples_rclpy_minimal_subscriber:/home/vboxuser/ros2_iron/install/examples_rclpy_minimal_service:/home/vboxuser/ros2_iron/install/examples_rclpy_minimal_publisher:/home/vboxuser/ros2_iron/install/examples_rclpy_minimal_client:/home/vboxuser/ros2_iron/install/examples_rclpy_executors:/home/vboxuser/ros2_iron/install/demo_nodes_py:/home/vboxuser/ros2_iron/install/rqt:/home/vboxuser/ros2_iron/install/ros2component:/home/vboxuser/ros2_iron/install/sros2:/home/vboxuser/ros2_iron/install/rqt_topic:/home/vboxuser/ros2_iron/install/rqt_srv:/home/vboxuser/ros2_iron/install/rqt_shell:/home/vboxuser/ros2_iron/install/rqt_service_caller:/home/vboxuser/ros2_iron/install/rqt_reconfigure:/home/vboxuser/ros2_iron/install/rqt_py_console:/home/vboxuser/ros2_iron/install/rqt_publisher:/home/vboxuser/ros2_iron/install/rqt_action:/home/vboxuser/ros2_iron/install/rqt_msg:/home/vboxuser/ros2_iron/install/rqt_console:/home/vboxuser/ros2_iron/install/rqt_graph:/home/vboxuser/ros2_iron/install/rqt_gui_py:/home/vboxuser/ros2_iron/install/rqt_gui:/home/vboxuser/ros2_iron/install/ros2trace:/home/vboxuser/ros2_iron/install/ros2topic:/home/vboxuser/ros2_iron/install/ros2test:/home/vboxuser/ros2_iron/install/ros2param:/home/vboxuser/ros2_iron/install/ros2lifecycle:/home/vboxuser/ros2_iron/install/ros2service:/home/vboxuser/ros2_iron/install/ros2run:/home/vboxuser/ros2_iron/install/ros2launch:/home/vboxuser/ros2_iron/install/ros2pkg:/home/vboxuser/ros2_iron/install/ros2node:/home/vboxuser/ros2_iron/install/ros2multicast:/home/vboxuser/ros2_iron/install/ros2interface:/home/vboxuser/ros2_iron/install/ros2action:/home/vboxuser/ros2_iron/install/ros2cli:/home/vboxuser/ros2_iron/install/launch_testing_ros:/home/vboxuser/ros2_iron/install/launch_ros:/home/vboxuser/ros2_iron/install/examples_rclpy_minimal_action_server:/home/vboxuser/ros2_iron/install/examples_rclpy_minimal_action_client:/home/vboxuser/ros2_iron/install/examples_rclpy_guard_conditions:/home/vboxuser/ros2_iron/install/action_tutorials_py:/home/vboxuser/ros2_iron/install/ament_uncrustify:/home/vboxuser/ros2_iron/install/tracetools_trace:/home/vboxuser/ros2_iron/install/tracetools_read:/home/vboxuser/ros2_iron/install/test_tracetools_launch:/home/vboxuser/ros2_iron/install/test_ros2trace:/home/vboxuser/ros2_iron/install/test_launch_ros:/home/vboxuser/ros2_iron/install/rpyutils:/home/vboxuser/ros2_iron/install/rosidl_runtime_py:/home/vboxuser/ros2_iron/install/rosidl_pycommon:/home/vboxuser/ros2_iron/install/rosidl_cli:/home/vboxuser/ros2_iron/install/launch_pytest:/home/vboxuser/ros2_iron/install/launch_testing:/home/vboxuser/ros2_iron/install/launch_yaml:/home/vboxuser/ros2_iron/install/launch_xml:/home/vboxuser/ros2_iron/install/launch:/home/vboxuser/ros2_iron/install/osrf_pycommon:/home/vboxuser/ros2_iron/install/domain_coordinator:/home/vboxuser/ros2_iron/install/ament_xmllint:/home/vboxuser/ros2_iron/install/ament_pyflakes:/home/vboxuser/ros2_iron/install/ament_pycodestyle:/home/vboxuser/ros2_iron/install/ament_pep257:/home/vboxuser/ros2_iron/install/ament_pclint:/home/vboxuser/ros2_iron/install/ament_package:/home/vboxuser/ros2_iron/install/ament_mypy:/home/vboxuser/ros2_iron/install/ament_lint_cmake:/home/vboxuser/ros2_iron/install/ament_flake8:/home/vboxuser/ros2_iron/install/ament_copyright:/home/vboxuser/ros2_iron/install/ament_lint:/home/vboxuser/ros2_iron/install/ament_index_python:/home/vboxuser/ros2_iron/install/ament_cpplint:/home/vboxuser/ros2_iron/install/ament_cppcheck:/home/vboxuser/ros2_iron/install/ament_clang_tidy:/home/vboxuser/ros2_iron/install/ament_clang_format /usr/bin/cmake --build /home/vboxuser/ros2_ws/build/examples_rclcpp_minimal_publisher -- -j4 -l4
[3.597s] DEBUG:colcon.colcon_core.event_handler.log_command:Invoked command in '/home/vboxuser/ros2_ws/build/examples_rclcpp_minimal_composition' returned '0': CMAKE_PREFIX_PATH=${CMAKE_PREFIX_PATH}:/home/vboxuser/ros2_ws/install/py_pubsub:/home/vboxuser/ros2_ws/install/launch_testing_examples:/home/vboxuser/ros2_ws/install/examples_rclpy_pointcloud_publisher:/home/vboxuser/ros2_ws/install/examples_rclpy_minimal_subscriber:/home/vboxuser/ros2_ws/install/examples_rclpy_minimal_service:/home/vboxuser/ros2_ws/install/examples_rclpy_minimal_publisher:/home/vboxuser/ros2_ws/install/examples_rclpy_minimal_client:/home/vboxuser/ros2_ws/install/examples_rclpy_minimal_action_server:/home/vboxuser/ros2_ws/install/examples_rclpy_minimal_action_client:/home/vboxuser/ros2_ws/install/examples_rclpy_guard_conditions:/home/vboxuser/ros2_ws/install/examples_rclpy_executors:/home/vboxuser/ros2_ws/install/bms_visualizer:/opt/ros/iron:/home/vboxuser/ros2_iron/install/rqt_bag_plugins:/home/vboxuser/ros2_iron/install/rqt_bag:/home/vboxuser/ros2_iron/install/rosbag2_examples_py:/home/vboxuser/ros2_iron/install/launch_testing_examples:/home/vboxuser/ros2_iron/install/ros2bag:/home/vboxuser/ros2_iron/install/tracetools_test:/home/vboxuser/ros2_iron/install/tracetools_launch:/home/vboxuser/ros2_iron/install/topic_monitor:/home/vboxuser/ros2_iron/install/tf2_tools:/home/vboxuser/ros2_iron/install/examples_tf2_py:/home/vboxuser/ros2_iron/install/tf2_ros_py:/home/vboxuser/ros2_iron/install/examples_rclpy_pointcloud_publisher:/home/vboxuser/ros2_iron/install/sensor_msgs_py:/home/vboxuser/ros2_iron/install/quality_of_service_demo_py:/home/vboxuser/ros2_iron/install/rqt_plot:/home/vboxuser/ros2_iron/install/ros2doctor:/home/vboxuser/ros2_iron/install/lifecycle_py:/home/vboxuser/ros2_iron/install/examples_rclpy_minimal_subscriber:/home/vboxuser/ros2_iron/install/examples_rclpy_minimal_service:/home/vboxuser/ros2_iron/install/examples_rclpy_minimal_publisher:/home/vboxuser/ros2_iron/install/examples_rclpy_minimal_client:/home/vboxuser/ros2_iron/install/examples_rclpy_executors:/home/vboxuser/ros2_iron/install/demo_nodes_py:/home/vboxuser/ros2_iron/install/rqt:/home/vboxuser/ros2_iron/install/ros2component:/home/vboxuser/ros2_iron/install/sros2:/home/vboxuser/ros2_iron/install/rqt_topic:/home/vboxuser/ros2_iron/install/rqt_srv:/home/vboxuser/ros2_iron/install/rqt_shell:/home/vboxuser/ros2_iron/install/rqt_service_caller:/home/vboxuser/ros2_iron/install/rqt_reconfigure:/home/vboxuser/ros2_iron/install/rqt_py_console:/home/vboxuser/ros2_iron/install/rqt_publisher:/home/vboxuser/ros2_iron/install/rqt_action:/home/vboxuser/ros2_iron/install/rqt_msg:/home/vboxuser/ros2_iron/install/rqt_console:/home/vboxuser/ros2_iron/install/rqt_graph:/home/vboxuser/ros2_iron/install/rqt_gui_py:/home/vboxuser/ros2_iron/install/rqt_gui:/home/vboxuser/ros2_iron/install/ros2trace:/home/vboxuser/ros2_iron/install/ros2topic:/home/vboxuser/ros2_iron/install/ros2test:/home/vboxuser/ros2_iron/install/ros2param:/home/vboxuser/ros2_iron/install/ros2lifecycle:/home/vboxuser/ros2_iron/install/ros2service:/home/vboxuser/ros2_iron/install/ros2run:/home/vboxuser/ros2_iron/install/ros2launch:/home/vboxuser/ros2_iron/install/ros2pkg:/home/vboxuser/ros2_iron/install/ros2node:/home/vboxuser/ros2_iron/install/ros2multicast:/home/vboxuser/ros2_iron/install/ros2interface:/home/vboxuser/ros2_iron/install/ros2action:/home/vboxuser/ros2_iron/install/ros2cli:/home/vboxuser/ros2_iron/install/launch_testing_ros:/home/vboxuser/ros2_iron/install/launch_ros:/home/vboxuser/ros2_iron/install/examples_rclpy_minimal_action_server:/home/vboxuser/ros2_iron/install/examples_rclpy_minimal_action_client:/home/vboxuser/ros2_iron/install/examples_rclpy_guard_conditions:/home/vboxuser/ros2_iron/install/action_tutorials_py:/home/vboxuser/ros2_iron/install/ament_uncrustify:/home/vboxuser/ros2_iron/install/tracetools_trace:/home/vboxuser/ros2_iron/install/tracetools_read:/home/vboxuser/ros2_iron/install/test_tracetools_launch:/home/vboxuser/ros2_iron/install/test_ros2trace:/home/vboxuser/ros2_iron/install/test_launch_ros:/home/vboxuser/ros2_iron/install/rpyutils:/home/vboxuser/ros2_iron/install/rosidl_runtime_py:/home/vboxuser/ros2_iron/install/rosidl_pycommon:/home/vboxuser/ros2_iron/install/rosidl_cli:/home/vboxuser/ros2_iron/install/launch_pytest:/home/vboxuser/ros2_iron/install/launch_testing:/home/vboxuser/ros2_iron/install/launch_yaml:/home/vboxuser/ros2_iron/install/launch_xml:/home/vboxuser/ros2_iron/install/launch:/home/vboxuser/ros2_iron/install/osrf_pycommon:/home/vboxuser/ros2_iron/install/domain_coordinator:/home/vboxuser/ros2_iron/install/ament_xmllint:/home/vboxuser/ros2_iron/install/ament_pyflakes:/home/vboxuser/ros2_iron/install/ament_pycodestyle:/home/vboxuser/ros2_iron/install/ament_pep257:/home/vboxuser/ros2_iron/install/ament_pclint:/home/vboxuser/ros2_iron/install/ament_package:/home/vboxuser/ros2_iron/install/ament_mypy:/home/vboxuser/ros2_iron/install/ament_lint_cmake:/home/vboxuser/ros2_iron/install/ament_flake8:/home/vboxuser/ros2_iron/install/ament_copyright:/home/vboxuser/ros2_iron/install/ament_lint:/home/vboxuser/ros2_iron/install/ament_index_python:/home/vboxuser/ros2_iron/install/ament_cpplint:/home/vboxuser/ros2_iron/install/ament_cppcheck:/home/vboxuser/ros2_iron/install/ament_clang_tidy:/home/vboxuser/ros2_iron/install/ament_clang_format /usr/bin/cmake --build /home/vboxuser/ros2_ws/build/examples_rclcpp_minimal_composition -- -j4 -l4
[3.605s] DEBUG:colcon.colcon_core.event_handler.log_command:Invoking command in '/home/vboxuser/ros2_ws/build/examples_rclcpp_minimal_composition': CMAKE_PREFIX_PATH=${CMAKE_PREFIX_PATH}:/home/vboxuser/ros2_ws/install/py_pubsub:/home/vboxuser/ros2_ws/install/launch_testing_examples:/home/vboxuser/ros2_ws/install/examples_rclpy_pointcloud_publisher:/home/vboxuser/ros2_ws/install/examples_rclpy_minimal_subscriber:/home/vboxuser/ros2_ws/install/examples_rclpy_minimal_service:/home/vboxuser/ros2_ws/install/examples_rclpy_minimal_publisher:/home/vboxuser/ros2_ws/install/examples_rclpy_minimal_client:/home/vboxuser/ros2_ws/install/examples_rclpy_minimal_action_server:/home/vboxuser/ros2_ws/install/examples_rclpy_minimal_action_client:/home/vboxuser/ros2_ws/install/examples_rclpy_guard_conditions:/home/vboxuser/ros2_ws/install/examples_rclpy_executors:/home/vboxuser/ros2_ws/install/bms_visualizer:/opt/ros/iron:/home/vboxuser/ros2_iron/install/rqt_bag_plugins:/home/vboxuser/ros2_iron/install/rqt_bag:/home/vboxuser/ros2_iron/install/rosbag2_examples_py:/home/vboxuser/ros2_iron/install/launch_testing_examples:/home/vboxuser/ros2_iron/install/ros2bag:/home/vboxuser/ros2_iron/install/tracetools_test:/home/vboxuser/ros2_iron/install/tracetools_launch:/home/vboxuser/ros2_iron/install/topic_monitor:/home/vboxuser/ros2_iron/install/tf2_tools:/home/vboxuser/ros2_iron/install/examples_tf2_py:/home/vboxuser/ros2_iron/install/tf2_ros_py:/home/vboxuser/ros2_iron/install/examples_rclpy_pointcloud_publisher:/home/vboxuser/ros2_iron/install/sensor_msgs_py:/home/vboxuser/ros2_iron/install/quality_of_service_demo_py:/home/vboxuser/ros2_iron/install/rqt_plot:/home/vboxuser/ros2_iron/install/ros2doctor:/home/vboxuser/ros2_iron/install/lifecycle_py:/home/vboxuser/ros2_iron/install/examples_rclpy_minimal_subscriber:/home/vboxuser/ros2_iron/install/examples_rclpy_minimal_service:/home/vboxuser/ros2_iron/install/examples_rclpy_minimal_publisher:/home/vboxuser/ros2_iron/install/examples_rclpy_minimal_client:/home/vboxuser/ros2_iron/install/examples_rclpy_executors:/home/vboxuser/ros2_iron/install/demo_nodes_py:/home/vboxuser/ros2_iron/install/rqt:/home/vboxuser/ros2_iron/install/ros2component:/home/vboxuser/ros2_iron/install/sros2:/home/vboxuser/ros2_iron/install/rqt_topic:/home/vboxuser/ros2_iron/install/rqt_srv:/home/vboxuser/ros2_iron/install/rqt_shell:/home/vboxuser/ros2_iron/install/rqt_service_caller:/home/vboxuser/ros2_iron/install/rqt_reconfigure:/home/vboxuser/ros2_iron/install/rqt_py_console:/home/vboxuser/ros2_iron/install/rqt_publisher:/home/vboxuser/ros2_iron/install/rqt_action:/home/vboxuser/ros2_iron/install/rqt_msg:/home/vboxuser/ros2_iron/install/rqt_console:/home/vboxuser/ros2_iron/install/rqt_graph:/home/vboxuser/ros2_iron/install/rqt_gui_py:/home/vboxuser/ros2_iron/install/rqt_gui:/home/vboxuser/ros2_iron/install/ros2trace:/home/vboxuser/ros2_iron/install/ros2topic:/home/vboxuser/ros2_iron/install/ros2test:/home/vboxuser/ros2_iron/install/ros2param:/home/vboxuser/ros2_iron/install/ros2lifecycle:/home/vboxuser/ros2_iron/install/ros2service:/home/vboxuser/ros2_iron/install/ros2run:/home/vboxuser/ros2_iron/install/ros2launch:/home/vboxuser/ros2_iron/install/ros2pkg:/home/vboxuser/ros2_iron/install/ros2node:/home/vboxuser/ros2_iron/install/ros2multicast:/home/vboxuser/ros2_iron/install/ros2interface:/home/vboxuser/ros2_iron/install/ros2action:/home/vboxuser/ros2_iron/install/ros2cli:/home/vboxuser/ros2_iron/install/launch_testing_ros:/home/vboxuser/ros2_iron/install/launch_ros:/home/vboxuser/ros2_iron/install/examples_rclpy_minimal_action_server:/home/vboxuser/ros2_iron/install/examples_rclpy_minimal_action_client:/home/vboxuser/ros2_iron/install/examples_rclpy_guard_conditions:/home/vboxuser/ros2_iron/install/action_tutorials_py:/home/vboxuser/ros2_iron/install/ament_uncrustify:/home/vboxuser/ros2_iron/install/tracetools_trace:/home/vboxuser/ros2_iron/install/tracetools_read:/home/vboxuser/ros2_iron/install/test_tracetools_launch:/home/vboxuser/ros2_iron/install/test_ros2trace:/home/vboxuser/ros2_iron/install/test_launch_ros:/home/vboxuser/ros2_iron/install/rpyutils:/home/vboxuser/ros2_iron/install/rosidl_runtime_py:/home/vboxuser/ros2_iron/install/rosidl_pycommon:/home/vboxuser/ros2_iron/install/rosidl_cli:/home/vboxuser/ros2_iron/install/launch_pytest:/home/vboxuser/ros2_iron/install/launch_testing:/home/vboxuser/ros2_iron/install/launch_yaml:/home/vboxuser/ros2_iron/install/launch_xml:/home/vboxuser/ros2_iron/install/launch:/home/vboxuser/ros2_iron/install/osrf_pycommon:/home/vboxuser/ros2_iron/install/domain_coordinator:/home/vboxuser/ros2_iron/install/ament_xmllint:/home/vboxuser/ros2_iron/install/ament_pyflakes:/home/vboxuser/ros2_iron/install/ament_pycodestyle:/home/vboxuser/ros2_iron/install/ament_pep257:/home/vboxuser/ros2_iron/install/ament_pclint:/home/vboxuser/ros2_iron/install/ament_package:/home/vboxuser/ros2_iron/install/ament_mypy:/home/vboxuser/ros2_iron/install/ament_lint_cmake:/home/vboxuser/ros2_iron/install/ament_flake8:/home/vboxuser/ros2_iron/install/ament_copyright:/home/vboxuser/ros2_iron/install/ament_lint:/home/vboxuser/ros2_iron/install/ament_index_python:/home/vboxuser/ros2_iron/install/ament_cpplint:/home/vboxuser/ros2_iron/install/ament_cppcheck:/home/vboxuser/ros2_iron/install/ament_clang_tidy:/home/vboxuser/ros2_iron/install/ament_clang_format /usr/bin/cmake --install /home/vboxuser/ros2_ws/build/examples_rclcpp_minimal_composition
[3.609s] DEBUG:colcon.colcon_core.event_handler.log_command:Invoking command in '/home/vboxuser/ros2_ws/build/examples_rclcpp_minimal_service': CMAKE_PREFIX_PATH=${CMAKE_PREFIX_PATH}:/home/vboxuser/ros2_ws/install/py_pubsub:/home/vboxuser/ros2_ws/install/launch_testing_examples:/home/vboxuser/ros2_ws/install/examples_rclpy_pointcloud_publisher:/home/vboxuser/ros2_ws/install/examples_rclpy_minimal_subscriber:/home/vboxuser/ros2_ws/install/examples_rclpy_minimal_service:/home/vboxuser/ros2_ws/install/examples_rclpy_minimal_publisher:/home/vboxuser/ros2_ws/install/examples_rclpy_minimal_client:/home/vboxuser/ros2_ws/install/examples_rclpy_minimal_action_server:/home/vboxuser/ros2_ws/install/examples_rclpy_minimal_action_client:/home/vboxuser/ros2_ws/install/examples_rclpy_guard_conditions:/home/vboxuser/ros2_ws/install/examples_rclpy_executors:/home/vboxuser/ros2_ws/install/bms_visualizer:/opt/ros/iron:/home/vboxuser/ros2_iron/install/rqt_bag_plugins:/home/vboxuser/ros2_iron/install/rqt_bag:/home/vboxuser/ros2_iron/install/rosbag2_examples_py:/home/vboxuser/ros2_iron/install/launch_testing_examples:/home/vboxuser/ros2_iron/install/ros2bag:/home/vboxuser/ros2_iron/install/tracetools_test:/home/vboxuser/ros2_iron/install/tracetools_launch:/home/vboxuser/ros2_iron/install/topic_monitor:/home/vboxuser/ros2_iron/install/tf2_tools:/home/vboxuser/ros2_iron/install/examples_tf2_py:/home/vboxuser/ros2_iron/install/tf2_ros_py:/home/vboxuser/ros2_iron/install/examples_rclpy_pointcloud_publisher:/home/vboxuser/ros2_iron/install/sensor_msgs_py:/home/vboxuser/ros2_iron/install/quality_of_service_demo_py:/home/vboxuser/ros2_iron/install/rqt_plot:/home/vboxuser/ros2_iron/install/ros2doctor:/home/vboxuser/ros2_iron/install/lifecycle_py:/home/vboxuser/ros2_iron/install/examples_rclpy_minimal_subscriber:/home/vboxuser/ros2_iron/install/examples_rclpy_minimal_service:/home/vboxuser/ros2_iron/install/examples_rclpy_minimal_publisher:/home/vboxuser/ros2_iron/install/examples_rclpy_minimal_client:/home/vboxuser/ros2_iron/install/examples_rclpy_executors:/home/vboxuser/ros2_iron/install/demo_nodes_py:/home/vboxuser/ros2_iron/install/rqt:/home/vboxuser/ros2_iron/install/ros2component:/home/vboxuser/ros2_iron/install/sros2:/home/vboxuser/ros2_iron/install/rqt_topic:/home/vboxuser/ros2_iron/install/rqt_srv:/home/vboxuser/ros2_iron/install/rqt_shell:/home/vboxuser/ros2_iron/install/rqt_service_caller:/home/vboxuser/ros2_iron/install/rqt_reconfigure:/home/vboxuser/ros2_iron/install/rqt_py_console:/home/vboxuser/ros2_iron/install/rqt_publisher:/home/vboxuser/ros2_iron/install/rqt_action:/home/vboxuser/ros2_iron/install/rqt_msg:/home/vboxuser/ros2_iron/install/rqt_console:/home/vboxuser/ros2_iron/install/rqt_graph:/home/vboxuser/ros2_iron/install/rqt_gui_py:/home/vboxuser/ros2_iron/install/rqt_gui:/home/vboxuser/ros2_iron/install/ros2trace:/home/vboxuser/ros2_iron/install/ros2topic:/home/vboxuser/ros2_iron/install/ros2test:/home/vboxuser/ros2_iron/install/ros2param:/home/vboxuser/ros2_iron/install/ros2lifecycle:/home/vboxuser/ros2_iron/install/ros2service:/home/vboxuser/ros2_iron/install/ros2run:/home/vboxuser/ros2_iron/install/ros2launch:/home/vboxuser/ros2_iron/install/ros2pkg:/home/vboxuser/ros2_iron/install/ros2node:/home/vboxuser/ros2_iron/install/ros2multicast:/home/vboxuser/ros2_iron/install/ros2interface:/home/vboxuser/ros2_iron/install/ros2action:/home/vboxuser/ros2_iron/install/ros2cli:/home/vboxuser/ros2_iron/install/launch_testing_ros:/home/vboxuser/ros2_iron/install/launch_ros:/home/vboxuser/ros2_iron/install/examples_rclpy_minimal_action_server:/home/vboxuser/ros2_iron/install/examples_rclpy_minimal_action_client:/home/vboxuser/ros2_iron/install/examples_rclpy_guard_conditions:/home/vboxuser/ros2_iron/install/action_tutorials_py:/home/vboxuser/ros2_iron/install/ament_uncrustify:/home/vboxuser/ros2_iron/install/tracetools_trace:/home/vboxuser/ros2_iron/install/tracetools_read:/home/vboxuser/ros2_iron/install/test_tracetools_launch:/home/vboxuser/ros2_iron/install/test_ros2trace:/home/vboxuser/ros2_iron/install/test_launch_ros:/home/vboxuser/ros2_iron/install/rpyutils:/home/vboxuser/ros2_iron/install/rosidl_runtime_py:/home/vboxuser/ros2_iron/install/rosidl_pycommon:/home/vboxuser/ros2_iron/install/rosidl_cli:/home/vboxuser/ros2_iron/install/launch_pytest:/home/vboxuser/ros2_iron/install/launch_testing:/home/vboxuser/ros2_iron/install/launch_yaml:/home/vboxuser/ros2_iron/install/launch_xml:/home/vboxuser/ros2_iron/install/launch:/home/vboxuser/ros2_iron/install/osrf_pycommon:/home/vboxuser/ros2_iron/install/domain_coordinator:/home/vboxuser/ros2_iron/install/ament_xmllint:/home/vboxuser/ros2_iron/install/ament_pyflakes:/home/vboxuser/ros2_iron/install/ament_pycodestyle:/home/vboxuser/ros2_iron/install/ament_pep257:/home/vboxuser/ros2_iron/install/ament_pclint:/home/vboxuser/ros2_iron/install/ament_package:/home/vboxuser/ros2_iron/install/ament_mypy:/home/vboxuser/ros2_iron/install/ament_lint_cmake:/home/vboxuser/ros2_iron/install/ament_flake8:/home/vboxuser/ros2_iron/install/ament_copyright:/home/vboxuser/ros2_iron/install/ament_lint:/home/vboxuser/ros2_iron/install/ament_index_python:/home/vboxuser/ros2_iron/install/ament_cpplint:/home/vboxuser/ros2_iron/install/ament_cppcheck:/home/vboxuser/ros2_iron/install/ament_clang_tidy:/home/vboxuser/ros2_iron/install/ament_clang_format /usr/bin/cmake --build /home/vboxuser/ros2_ws/build/examples_rclcpp_minimal_service -- -j4 -l4
[3.762s] Level 1:colcon.colcon_core.environment:create_environment_scripts_only(examples_rclcpp_minimal_composition)
[3.764s] Level 1:colcon.colcon_core.environment:checking '/home/vboxuser/ros2_ws/install/examples_rclcpp_minimal_composition' for CMake module files
[3.766s] Level 1:colcon.colcon_core.environment:checking '/home/vboxuser/ros2_ws/install/examples_rclcpp_minimal_composition' for CMake config files
[3.767s] Level 1:colcon.colcon_core.shell:create_environment_hook('examples_rclcpp_minimal_composition', 'cmake_prefix_path')
[3.768s] INFO:colcon.colcon_core.shell:Creating environment hook '/home/vboxuser/ros2_ws/install/examples_rclcpp_minimal_composition/share/examples_rclcpp_minimal_composition/hook/cmake_prefix_path.ps1'
[3.770s] DEBUG:colcon.colcon_core.event_handler.log_command:Invoked command in '/home/vboxuser/ros2_ws/build/examples_rclcpp_minimal_composition' returned '0': CMAKE_PREFIX_PATH=${CMAKE_PREFIX_PATH}:/home/vboxuser/ros2_ws/install/py_pubsub:/home/vboxuser/ros2_ws/install/launch_testing_examples:/home/vboxuser/ros2_ws/install/examples_rclpy_pointcloud_publisher:/home/vboxuser/ros2_ws/install/examples_rclpy_minimal_subscriber:/home/vboxuser/ros2_ws/install/examples_rclpy_minimal_service:/home/vboxuser/ros2_ws/install/examples_rclpy_minimal_publisher:/home/vboxuser/ros2_ws/install/examples_rclpy_minimal_client:/home/vboxuser/ros2_ws/install/examples_rclpy_minimal_action_server:/home/vboxuser/ros2_ws/install/examples_rclpy_minimal_action_client:/home/vboxuser/ros2_ws/install/examples_rclpy_guard_conditions:/home/vboxuser/ros2_ws/install/examples_rclpy_executors:/home/vboxuser/ros2_ws/install/bms_visualizer:/opt/ros/iron:/home/vboxuser/ros2_iron/install/rqt_bag_plugins:/home/vboxuser/ros2_iron/install/rqt_bag:/home/vboxuser/ros2_iron/install/rosbag2_examples_py:/home/vboxuser/ros2_iron/install/launch_testing_examples:/home/vboxuser/ros2_iron/install/ros2bag:/home/vboxuser/ros2_iron/install/tracetools_test:/home/vboxuser/ros2_iron/install/tracetools_launch:/home/vboxuser/ros2_iron/install/topic_monitor:/home/vboxuser/ros2_iron/install/tf2_tools:/home/vboxuser/ros2_iron/install/examples_tf2_py:/home/vboxuser/ros2_iron/install/tf2_ros_py:/home/vboxuser/ros2_iron/install/examples_rclpy_pointcloud_publisher:/home/vboxuser/ros2_iron/install/sensor_msgs_py:/home/vboxuser/ros2_iron/install/quality_of_service_demo_py:/home/vboxuser/ros2_iron/install/rqt_plot:/home/vboxuser/ros2_iron/install/ros2doctor:/home/vboxuser/ros2_iron/install/lifecycle_py:/home/vboxuser/ros2_iron/install/examples_rclpy_minimal_subscriber:/home/vboxuser/ros2_iron/install/examples_rclpy_minimal_service:/home/vboxuser/ros2_iron/install/examples_rclpy_minimal_publisher:/home/vboxuser/ros2_iron/install/examples_rclpy_minimal_client:/home/vboxuser/ros2_iron/install/examples_rclpy_executors:/home/vboxuser/ros2_iron/install/demo_nodes_py:/home/vboxuser/ros2_iron/install/rqt:/home/vboxuser/ros2_iron/install/ros2component:/home/vboxuser/ros2_iron/install/sros2:/home/vboxuser/ros2_iron/install/rqt_topic:/home/vboxuser/ros2_iron/install/rqt_srv:/home/vboxuser/ros2_iron/install/rqt_shell:/home/vboxuser/ros2_iron/install/rqt_service_caller:/home/vboxuser/ros2_iron/install/rqt_reconfigure:/home/vboxuser/ros2_iron/install/rqt_py_console:/home/vboxuser/ros2_iron/install/rqt_publisher:/home/vboxuser/ros2_iron/install/rqt_action:/home/vboxuser/ros2_iron/install/rqt_msg:/home/vboxuser/ros2_iron/install/rqt_console:/home/vboxuser/ros2_iron/install/rqt_graph:/home/vboxuser/ros2_iron/install/rqt_gui_py:/home/vboxuser/ros2_iron/install/rqt_gui:/home/vboxuser/ros2_iron/install/ros2trace:/home/vboxuser/ros2_iron/install/ros2topic:/home/vboxuser/ros2_iron/install/ros2test:/home/vboxuser/ros2_iron/install/ros2param:/home/vboxuser/ros2_iron/install/ros2lifecycle:/home/vboxuser/ros2_iron/install/ros2service:/home/vboxuser/ros2_iron/install/ros2run:/home/vboxuser/ros2_iron/install/ros2launch:/home/vboxuser/ros2_iron/install/ros2pkg:/home/vboxuser/ros2_iron/install/ros2node:/home/vboxuser/ros2_iron/install/ros2multicast:/home/vboxuser/ros2_iron/install/ros2interface:/home/vboxuser/ros2_iron/install/ros2action:/home/vboxuser/ros2_iron/install/ros2cli:/home/vboxuser/ros2_iron/install/launch_testing_ros:/home/vboxuser/ros2_iron/install/launch_ros:/home/vboxuser/ros2_iron/install/examples_rclpy_minimal_action_server:/home/vboxuser/ros2_iron/install/examples_rclpy_minimal_action_client:/home/vboxuser/ros2_iron/install/examples_rclpy_guard_conditions:/home/vboxuser/ros2_iron/install/action_tutorials_py:/home/vboxuser/ros2_iron/install/ament_uncrustify:/home/vboxuser/ros2_iron/install/tracetools_trace:/home/vboxuser/ros2_iron/install/tracetools_read:/home/vboxuser/ros2_iron/install/test_tracetools_launch:/home/vboxuser/ros2_iron/install/test_ros2trace:/home/vboxuser/ros2_iron/install/test_launch_ros:/home/vboxuser/ros2_iron/install/rpyutils:/home/vboxuser/ros2_iron/install/rosidl_runtime_py:/home/vboxuser/ros2_iron/install/rosidl_pycommon:/home/vboxuser/ros2_iron/install/rosidl_cli:/home/vboxuser/ros2_iron/install/launch_pytest:/home/vboxuser/ros2_iron/install/launch_testing:/home/vboxuser/ros2_iron/install/launch_yaml:/home/vboxuser/ros2_iron/install/launch_xml:/home/vboxuser/ros2_iron/install/launch:/home/vboxuser/ros2_iron/install/osrf_pycommon:/home/vboxuser/ros2_iron/install/domain_coordinator:/home/vboxuser/ros2_iron/install/ament_xmllint:/home/vboxuser/ros2_iron/install/ament_pyflakes:/home/vboxuser/ros2_iron/install/ament_pycodestyle:/home/vboxuser/ros2_iron/install/ament_pep257:/home/vboxuser/ros2_iron/install/ament_pclint:/home/vboxuser/ros2_iron/install/ament_package:/home/vboxuser/ros2_iron/install/ament_mypy:/home/vboxuser/ros2_iron/install/ament_lint_cmake:/home/vboxuser/ros2_iron/install/ament_flake8:/home/vboxuser/ros2_iron/install/ament_copyright:/home/vboxuser/ros2_iron/install/ament_lint:/home/vboxuser/ros2_iron/install/ament_index_python:/home/vboxuser/ros2_iron/install/ament_cpplint:/home/vboxuser/ros2_iron/install/ament_cppcheck:/home/vboxuser/ros2_iron/install/ament_clang_tidy:/home/vboxuser/ros2_iron/install/ament_clang_format /usr/bin/cmake --install /home/vboxuser/ros2_ws/build/examples_rclcpp_minimal_composition
[3.771s] INFO:colcon.colcon_core.shell:Creating environment descriptor '/home/vboxuser/ros2_ws/install/examples_rclcpp_minimal_composition/share/examples_rclcpp_minimal_composition/hook/cmake_prefix_path.dsv'
[3.773s] INFO:colcon.colcon_core.shell:Creating environment hook '/home/vboxuser/ros2_ws/install/examples_rclcpp_minimal_composition/share/examples_rclcpp_minimal_composition/hook/cmake_prefix_path.sh'
[3.794s] Level 1:colcon.colcon_core.environment:checking '/home/vboxuser/ros2_ws/install/examples_rclcpp_minimal_composition/lib'
[3.794s] Level 1:colcon.colcon_core.shell:create_environment_hook('examples_rclcpp_minimal_composition', 'ld_library_path_lib')
[3.797s] INFO:colcon.colcon_core.shell:Creating environment hook '/home/vboxuser/ros2_ws/install/examples_rclcpp_minimal_composition/share/examples_rclcpp_minimal_composition/hook/ld_library_path_lib.ps1'
[3.799s] INFO:colcon.colcon_core.shell:Creating environment descriptor '/home/vboxuser/ros2_ws/install/examples_rclcpp_minimal_composition/share/examples_rclcpp_minimal_composition/hook/ld_library_path_lib.dsv'
[3.805s] INFO:colcon.colcon_core.shell:Creating environment hook '/home/vboxuser/ros2_ws/install/examples_rclcpp_minimal_composition/share/examples_rclcpp_minimal_composition/hook/ld_library_path_lib.sh'
[3.807s] Level 1:colcon.colcon_core.environment:checking '/home/vboxuser/ros2_ws/install/examples_rclcpp_minimal_composition/bin'
[3.812s] Level 1:colcon.colcon_core.environment:checking '/home/vboxuser/ros2_ws/install/examples_rclcpp_minimal_composition/lib/pkgconfig/examples_rclcpp_minimal_composition.pc'
[3.818s] Level 1:colcon.colcon_core.environment:checking '/home/vboxuser/ros2_ws/install/examples_rclcpp_minimal_composition/lib/python3.10/site-packages'
[3.830s] Level 1:colcon.colcon_core.environment:checking '/home/vboxuser/ros2_ws/install/examples_rclcpp_minimal_composition/bin'
[3.837s] INFO:colcon.colcon_core.shell:Creating package script '/home/vboxuser/ros2_ws/install/examples_rclcpp_minimal_composition/share/examples_rclcpp_minimal_composition/package.ps1'
[3.845s] INFO:colcon.colcon_core.shell:Creating package descriptor '/home/vboxuser/ros2_ws/install/examples_rclcpp_minimal_composition/share/examples_rclcpp_minimal_composition/package.dsv'
[3.846s] INFO:colcon.colcon_core.shell:Creating package script '/home/vboxuser/ros2_ws/install/examples_rclcpp_minimal_composition/share/examples_rclcpp_minimal_composition/package.sh'
[3.847s] INFO:colcon.colcon_core.shell:Creating package script '/home/vboxuser/ros2_ws/install/examples_rclcpp_minimal_composition/share/examples_rclcpp_minimal_composition/package.bash'
[3.848s] INFO:colcon.colcon_core.shell:Creating package script '/home/vboxuser/ros2_ws/install/examples_rclcpp_minimal_composition/share/examples_rclcpp_minimal_composition/package.zsh'
[3.860s] Level 1:colcon.colcon_core.environment:create_file_with_runtime_dependencies(/home/vboxuser/ros2_ws/install/examples_rclcpp_minimal_composition/share/colcon-core/packages/examples_rclcpp_minimal_composition)
[3.864s] Level 1:colcon.colcon_core.environment:create_environment_scripts_only(examples_rclcpp_minimal_composition)
[3.879s] Level 1:colcon.colcon_core.environment:checking '/home/vboxuser/ros2_ws/install/examples_rclcpp_minimal_composition' for CMake module files
[3.884s] Level 1:colcon.colcon_core.environment:checking '/home/vboxuser/ros2_ws/install/examples_rclcpp_minimal_composition' for CMake config files
[3.884s] Level 1:colcon.colcon_core.shell:create_environment_hook('examples_rclcpp_minimal_composition', 'cmake_prefix_path')
[3.886s] INFO:colcon.colcon_core.shell:Creating environment hook '/home/vboxuser/ros2_ws/install/examples_rclcpp_minimal_composition/share/examples_rclcpp_minimal_composition/hook/cmake_prefix_path.ps1'
[3.887s] INFO:colcon.colcon_core.shell:Creating environment descriptor '/home/vboxuser/ros2_ws/install/examples_rclcpp_minimal_composition/share/examples_rclcpp_minimal_composition/hook/cmake_prefix_path.dsv'
[3.888s] INFO:colcon.colcon_core.shell:Creating environment hook '/home/vboxuser/ros2_ws/install/examples_rclcpp_minimal_composition/share/examples_rclcpp_minimal_composition/hook/cmake_prefix_path.sh'
[3.889s] Level 1:colcon.colcon_core.environment:checking '/home/vboxuser/ros2_ws/install/examples_rclcpp_minimal_composition/lib'
[3.889s] Level 1:colcon.colcon_core.shell:create_environment_hook('examples_rclcpp_minimal_composition', 'ld_library_path_lib')
[3.890s] INFO:colcon.colcon_core.shell:Creating environment hook '/home/vboxuser/ros2_ws/install/examples_rclcpp_minimal_composition/share/examples_rclcpp_minimal_composition/hook/ld_library_path_lib.ps1'
[3.891s] INFO:colcon.colcon_core.shell:Creating environment descriptor '/home/vboxuser/ros2_ws/install/examples_rclcpp_minimal_composition/share/examples_rclcpp_minimal_composition/hook/ld_library_path_lib.dsv'
[3.897s] INFO:colcon.colcon_core.shell:Creating environment hook '/home/vboxuser/ros2_ws/install/examples_rclcpp_minimal_composition/share/examples_rclcpp_minimal_composition/hook/ld_library_path_lib.sh'
[3.908s] Level 1:colcon.colcon_core.environment:checking '/home/vboxuser/ros2_ws/install/examples_rclcpp_minimal_composition/bin'
[3.908s] Level 1:colcon.colcon_core.environment:checking '/home/vboxuser/ros2_ws/install/examples_rclcpp_minimal_composition/lib/pkgconfig/examples_rclcpp_minimal_composition.pc'
[3.908s] Level 1:colcon.colcon_core.environment:checking '/home/vboxuser/ros2_ws/install/examples_rclcpp_minimal_composition/lib/python3.10/site-packages'
[3.908s] Level 1:colcon.colcon_core.environment:checking '/home/vboxuser/ros2_ws/install/examples_rclcpp_minimal_composition/bin'
[3.922s] INFO:colcon.colcon_core.shell:Creating package script '/home/vboxuser/ros2_ws/install/examples_rclcpp_minimal_composition/share/examples_rclcpp_minimal_composition/package.ps1'
[3.923s] INFO:colcon.colcon_core.shell:Creating package descriptor '/home/vboxuser/ros2_ws/install/examples_rclcpp_minimal_composition/share/examples_rclcpp_minimal_composition/package.dsv'
[3.932s] INFO:colcon.colcon_core.shell:Creating package script '/home/vboxuser/ros2_ws/install/examples_rclcpp_minimal_composition/share/examples_rclcpp_minimal_composition/package.sh'
[3.934s] INFO:colcon.colcon_core.shell:Creating package script '/home/vboxuser/ros2_ws/install/examples_rclcpp_minimal_composition/share/examples_rclcpp_minimal_composition/package.bash'
[3.936s] INFO:colcon.colcon_core.shell:Creating package script '/home/vboxuser/ros2_ws/install/examples_rclcpp_minimal_composition/share/examples_rclcpp_minimal_composition/package.zsh'
[3.943s] Level 1:colcon.colcon_core.environment:create_file_with_runtime_dependencies(/home/vboxuser/ros2_ws/install/examples_rclcpp_minimal_composition/share/colcon-core/packages/examples_rclcpp_minimal_composition)
[3.961s] INFO:colcon.colcon_ros.task.ament_cmake.build:Building ROS package in '/home/vboxuser/ros2_ws/src/examples/rclcpp/topics/minimal_subscriber' with build type 'ament_cmake'
[3.963s] INFO:colcon.colcon_cmake.task.cmake.build:Building CMake package in '/home/vboxuser/ros2_ws/src/examples/rclcpp/topics/minimal_subscriber'
[3.964s] INFO:colcon.colcon_core.shell:Skip shell extension 'powershell' for command environment: Not usable outside of PowerShell
[3.965s] DEBUG:colcon.colcon_core.shell:Skip shell extension 'dsv' for command environment
[4.148s] DEBUG:colcon.colcon_core.event_handler.log_command:Invoking command in '/home/vboxuser/ros2_ws/build/examples_rclcpp_minimal_subscriber': CMAKE_PREFIX_PATH=${CMAKE_PREFIX_PATH}:/home/vboxuser/ros2_ws/install/py_pubsub:/home/vboxuser/ros2_ws/install/launch_testing_examples:/home/vboxuser/ros2_ws/install/examples_rclpy_pointcloud_publisher:/home/vboxuser/ros2_ws/install/examples_rclpy_minimal_subscriber:/home/vboxuser/ros2_ws/install/examples_rclpy_minimal_service:/home/vboxuser/ros2_ws/install/examples_rclpy_minimal_publisher:/home/vboxuser/ros2_ws/install/examples_rclpy_minimal_client:/home/vboxuser/ros2_ws/install/examples_rclpy_minimal_action_server:/home/vboxuser/ros2_ws/install/examples_rclpy_minimal_action_client:/home/vboxuser/ros2_ws/install/examples_rclpy_guard_conditions:/home/vboxuser/ros2_ws/install/examples_rclpy_executors:/home/vboxuser/ros2_ws/install/bms_visualizer:/opt/ros/iron:/home/vboxuser/ros2_iron/install/rqt_bag_plugins:/home/vboxuser/ros2_iron/install/rqt_bag:/home/vboxuser/ros2_iron/install/rosbag2_examples_py:/home/vboxuser/ros2_iron/install/launch_testing_examples:/home/vboxuser/ros2_iron/install/ros2bag:/home/vboxuser/ros2_iron/install/tracetools_test:/home/vboxuser/ros2_iron/install/tracetools_launch:/home/vboxuser/ros2_iron/install/topic_monitor:/home/vboxuser/ros2_iron/install/tf2_tools:/home/vboxuser/ros2_iron/install/examples_tf2_py:/home/vboxuser/ros2_iron/install/tf2_ros_py:/home/vboxuser/ros2_iron/install/examples_rclpy_pointcloud_publisher:/home/vboxuser/ros2_iron/install/sensor_msgs_py:/home/vboxuser/ros2_iron/install/quality_of_service_demo_py:/home/vboxuser/ros2_iron/install/rqt_plot:/home/vboxuser/ros2_iron/install/ros2doctor:/home/vboxuser/ros2_iron/install/lifecycle_py:/home/vboxuser/ros2_iron/install/examples_rclpy_minimal_subscriber:/home/vboxuser/ros2_iron/install/examples_rclpy_minimal_service:/home/vboxuser/ros2_iron/install/examples_rclpy_minimal_publisher:/home/vboxuser/ros2_iron/install/examples_rclpy_minimal_client:/home/vboxuser/ros2_iron/install/examples_rclpy_executors:/home/vboxuser/ros2_iron/install/demo_nodes_py:/home/vboxuser/ros2_iron/install/rqt:/home/vboxuser/ros2_iron/install/ros2component:/home/vboxuser/ros2_iron/install/sros2:/home/vboxuser/ros2_iron/install/rqt_topic:/home/vboxuser/ros2_iron/install/rqt_srv:/home/vboxuser/ros2_iron/install/rqt_shell:/home/vboxuser/ros2_iron/install/rqt_service_caller:/home/vboxuser/ros2_iron/install/rqt_reconfigure:/home/vboxuser/ros2_iron/install/rqt_py_console:/home/vboxuser/ros2_iron/install/rqt_publisher:/home/vboxuser/ros2_iron/install/rqt_action:/home/vboxuser/ros2_iron/install/rqt_msg:/home/vboxuser/ros2_iron/install/rqt_console:/home/vboxuser/ros2_iron/install/rqt_graph:/home/vboxuser/ros2_iron/install/rqt_gui_py:/home/vboxuser/ros2_iron/install/rqt_gui:/home/vboxuser/ros2_iron/install/ros2trace:/home/vboxuser/ros2_iron/install/ros2topic:/home/vboxuser/ros2_iron/install/ros2test:/home/vboxuser/ros2_iron/install/ros2param:/home/vboxuser/ros2_iron/install/ros2lifecycle:/home/vboxuser/ros2_iron/install/ros2service:/home/vboxuser/ros2_iron/install/ros2run:/home/vboxuser/ros2_iron/install/ros2launch:/home/vboxuser/ros2_iron/install/ros2pkg:/home/vboxuser/ros2_iron/install/ros2node:/home/vboxuser/ros2_iron/install/ros2multicast:/home/vboxuser/ros2_iron/install/ros2interface:/home/vboxuser/ros2_iron/install/ros2action:/home/vboxuser/ros2_iron/install/ros2cli:/home/vboxuser/ros2_iron/install/launch_testing_ros:/home/vboxuser/ros2_iron/install/launch_ros:/home/vboxuser/ros2_iron/install/examples_rclpy_minimal_action_server:/home/vboxuser/ros2_iron/install/examples_rclpy_minimal_action_client:/home/vboxuser/ros2_iron/install/examples_rclpy_guard_conditions:/home/vboxuser/ros2_iron/install/action_tutorials_py:/home/vboxuser/ros2_iron/install/ament_uncrustify:/home/vboxuser/ros2_iron/install/tracetools_trace:/home/vboxuser/ros2_iron/install/tracetools_read:/home/vboxuser/ros2_iron/install/test_tracetools_launch:/home/vboxuser/ros2_iron/install/test_ros2trace:/home/vboxuser/ros2_iron/install/test_launch_ros:/home/vboxuser/ros2_iron/install/rpyutils:/home/vboxuser/ros2_iron/install/rosidl_runtime_py:/home/vboxuser/ros2_iron/install/rosidl_pycommon:/home/vboxuser/ros2_iron/install/rosidl_cli:/home/vboxuser/ros2_iron/install/launch_pytest:/home/vboxuser/ros2_iron/install/launch_testing:/home/vboxuser/ros2_iron/install/launch_yaml:/home/vboxuser/ros2_iron/install/launch_xml:/home/vboxuser/ros2_iron/install/launch:/home/vboxuser/ros2_iron/install/osrf_pycommon:/home/vboxuser/ros2_iron/install/domain_coordinator:/home/vboxuser/ros2_iron/install/ament_xmllint:/home/vboxuser/ros2_iron/install/ament_pyflakes:/home/vboxuser/ros2_iron/install/ament_pycodestyle:/home/vboxuser/ros2_iron/install/ament_pep257:/home/vboxuser/ros2_iron/install/ament_pclint:/home/vboxuser/ros2_iron/install/ament_package:/home/vboxuser/ros2_iron/install/ament_mypy:/home/vboxuser/ros2_iron/install/ament_lint_cmake:/home/vboxuser/ros2_iron/install/ament_flake8:/home/vboxuser/ros2_iron/install/ament_copyright:/home/vboxuser/ros2_iron/install/ament_lint:/home/vboxuser/ros2_iron/install/ament_index_python:/home/vboxuser/ros2_iron/install/ament_cpplint:/home/vboxuser/ros2_iron/install/ament_cppcheck:/home/vboxuser/ros2_iron/install/ament_clang_tidy:/home/vboxuser/ros2_iron/install/ament_clang_format /usr/bin/cmake --build /home/vboxuser/ros2_ws/build/examples_rclcpp_minimal_subscriber -- -j4 -l4
[4.164s] DEBUG:colcon.colcon_core.event_handler.log_command:Invoking command in '/home/vboxuser/ros2_ws/src/BMS_BQ769X2/src/bms_visualizer': PYTHONPATH=/home/vboxuser/ros2_ws/build/bms_visualizer/prefix_override:/usr/lib/python3/dist-packages/colcon_core/task/python/colcon_distutils_commands:/home/vboxuser/ros2_ws/install/bms_visualizer/lib/python3.10/site-packages:${PYTHONPATH} /usr/bin/python3 -W ignore:setup.py install is deprecated -W ignore:easy_install command is deprecated setup.py egg_info --egg-base ../../../../build/bms_visualizer build --build-base /home/vboxuser/ros2_ws/build/bms_visualizer/build install --record /home/vboxuser/ros2_ws/build/bms_visualizer/install.log --single-version-externally-managed install_data
[4.293s] DEBUG:colcon.colcon_core.event_handler.log_command:Invoked command in '/home/vboxuser/ros2_ws/build/examples_rclcpp_minimal_service' returned '0': CMAKE_PREFIX_PATH=${CMAKE_PREFIX_PATH}:/home/vboxuser/ros2_ws/install/py_pubsub:/home/vboxuser/ros2_ws/install/launch_testing_examples:/home/vboxuser/ros2_ws/install/examples_rclpy_pointcloud_publisher:/home/vboxuser/ros2_ws/install/examples_rclpy_minimal_subscriber:/home/vboxuser/ros2_ws/install/examples_rclpy_minimal_service:/home/vboxuser/ros2_ws/install/examples_rclpy_minimal_publisher:/home/vboxuser/ros2_ws/install/examples_rclpy_minimal_client:/home/vboxuser/ros2_ws/install/examples_rclpy_minimal_action_server:/home/vboxuser/ros2_ws/install/examples_rclpy_minimal_action_client:/home/vboxuser/ros2_ws/install/examples_rclpy_guard_conditions:/home/vboxuser/ros2_ws/install/examples_rclpy_executors:/home/vboxuser/ros2_ws/install/bms_visualizer:/opt/ros/iron:/home/vboxuser/ros2_iron/install/rqt_bag_plugins:/home/vboxuser/ros2_iron/install/rqt_bag:/home/vboxuser/ros2_iron/install/rosbag2_examples_py:/home/vboxuser/ros2_iron/install/launch_testing_examples:/home/vboxuser/ros2_iron/install/ros2bag:/home/vboxuser/ros2_iron/install/tracetools_test:/home/vboxuser/ros2_iron/install/tracetools_launch:/home/vboxuser/ros2_iron/install/topic_monitor:/home/vboxuser/ros2_iron/install/tf2_tools:/home/vboxuser/ros2_iron/install/examples_tf2_py:/home/vboxuser/ros2_iron/install/tf2_ros_py:/home/vboxuser/ros2_iron/install/examples_rclpy_pointcloud_publisher:/home/vboxuser/ros2_iron/install/sensor_msgs_py:/home/vboxuser/ros2_iron/install/quality_of_service_demo_py:/home/vboxuser/ros2_iron/install/rqt_plot:/home/vboxuser/ros2_iron/install/ros2doctor:/home/vboxuser/ros2_iron/install/lifecycle_py:/home/vboxuser/ros2_iron/install/examples_rclpy_minimal_subscriber:/home/vboxuser/ros2_iron/install/examples_rclpy_minimal_service:/home/vboxuser/ros2_iron/install/examples_rclpy_minimal_publisher:/home/vboxuser/ros2_iron/install/examples_rclpy_minimal_client:/home/vboxuser/ros2_iron/install/examples_rclpy_executors:/home/vboxuser/ros2_iron/install/demo_nodes_py:/home/vboxuser/ros2_iron/install/rqt:/home/vboxuser/ros2_iron/install/ros2component:/home/vboxuser/ros2_iron/install/sros2:/home/vboxuser/ros2_iron/install/rqt_topic:/home/vboxuser/ros2_iron/install/rqt_srv:/home/vboxuser/ros2_iron/install/rqt_shell:/home/vboxuser/ros2_iron/install/rqt_service_caller:/home/vboxuser/ros2_iron/install/rqt_reconfigure:/home/vboxuser/ros2_iron/install/rqt_py_console:/home/vboxuser/ros2_iron/install/rqt_publisher:/home/vboxuser/ros2_iron/install/rqt_action:/home/vboxuser/ros2_iron/install/rqt_msg:/home/vboxuser/ros2_iron/install/rqt_console:/home/vboxuser/ros2_iron/install/rqt_graph:/home/vboxuser/ros2_iron/install/rqt_gui_py:/home/vboxuser/ros2_iron/install/rqt_gui:/home/vboxuser/ros2_iron/install/ros2trace:/home/vboxuser/ros2_iron/install/ros2topic:/home/vboxuser/ros2_iron/install/ros2test:/home/vboxuser/ros2_iron/install/ros2param:/home/vboxuser/ros2_iron/install/ros2lifecycle:/home/vboxuser/ros2_iron/install/ros2service:/home/vboxuser/ros2_iron/install/ros2run:/home/vboxuser/ros2_iron/install/ros2launch:/home/vboxuser/ros2_iron/install/ros2pkg:/home/vboxuser/ros2_iron/install/ros2node:/home/vboxuser/ros2_iron/install/ros2multicast:/home/vboxuser/ros2_iron/install/ros2interface:/home/vboxuser/ros2_iron/install/ros2action:/home/vboxuser/ros2_iron/install/ros2cli:/home/vboxuser/ros2_iron/install/launch_testing_ros:/home/vboxuser/ros2_iron/install/launch_ros:/home/vboxuser/ros2_iron/install/examples_rclpy_minimal_action_server:/home/vboxuser/ros2_iron/install/examples_rclpy_minimal_action_client:/home/vboxuser/ros2_iron/install/examples_rclpy_guard_conditions:/home/vboxuser/ros2_iron/install/action_tutorials_py:/home/vboxuser/ros2_iron/install/ament_uncrustify:/home/vboxuser/ros2_iron/install/tracetools_trace:/home/vboxuser/ros2_iron/install/tracetools_read:/home/vboxuser/ros2_iron/install/test_tracetools_launch:/home/vboxuser/ros2_iron/install/test_ros2trace:/home/vboxuser/ros2_iron/install/test_launch_ros:/home/vboxuser/ros2_iron/install/rpyutils:/home/vboxuser/ros2_iron/install/rosidl_runtime_py:/home/vboxuser/ros2_iron/install/rosidl_pycommon:/home/vboxuser/ros2_iron/install/rosidl_cli:/home/vboxuser/ros2_iron/install/launch_pytest:/home/vboxuser/ros2_iron/install/launch_testing:/home/vboxuser/ros2_iron/install/launch_yaml:/home/vboxuser/ros2_iron/install/launch_xml:/home/vboxuser/ros2_iron/install/launch:/home/vboxuser/ros2_iron/install/osrf_pycommon:/home/vboxuser/ros2_iron/install/domain_coordinator:/home/vboxuser/ros2_iron/install/ament_xmllint:/home/vboxuser/ros2_iron/install/ament_pyflakes:/home/vboxuser/ros2_iron/install/ament_pycodestyle:/home/vboxuser/ros2_iron/install/ament_pep257:/home/vboxuser/ros2_iron/install/ament_pclint:/home/vboxuser/ros2_iron/install/ament_package:/home/vboxuser/ros2_iron/install/ament_mypy:/home/vboxuser/ros2_iron/install/ament_lint_cmake:/home/vboxuser/ros2_iron/install/ament_flake8:/home/vboxuser/ros2_iron/install/ament_copyright:/home/vboxuser/ros2_iron/install/ament_lint:/home/vboxuser/ros2_iron/install/ament_index_python:/home/vboxuser/ros2_iron/install/ament_cpplint:/home/vboxuser/ros2_iron/install/ament_cppcheck:/home/vboxuser/ros2_iron/install/ament_clang_tidy:/home/vboxuser/ros2_iron/install/ament_clang_format /usr/bin/cmake --build /home/vboxuser/ros2_ws/build/examples_rclcpp_minimal_service -- -j4 -l4
[4.300s] DEBUG:colcon.colcon_core.event_handler.log_command:Invoking command in '/home/vboxuser/ros2_ws/build/examples_rclcpp_minimal_service': CMAKE_PREFIX_PATH=${CMAKE_PREFIX_PATH}:/home/vboxuser/ros2_ws/install/py_pubsub:/home/vboxuser/ros2_ws/install/launch_testing_examples:/home/vboxuser/ros2_ws/install/examples_rclpy_pointcloud_publisher:/home/vboxuser/ros2_ws/install/examples_rclpy_minimal_subscriber:/home/vboxuser/ros2_ws/install/examples_rclpy_minimal_service:/home/vboxuser/ros2_ws/install/examples_rclpy_minimal_publisher:/home/vboxuser/ros2_ws/install/examples_rclpy_minimal_client:/home/vboxuser/ros2_ws/install/examples_rclpy_minimal_action_server:/home/vboxuser/ros2_ws/install/examples_rclpy_minimal_action_client:/home/vboxuser/ros2_ws/install/examples_rclpy_guard_conditions:/home/vboxuser/ros2_ws/install/examples_rclpy_executors:/home/vboxuser/ros2_ws/install/bms_visualizer:/opt/ros/iron:/home/vboxuser/ros2_iron/install/rqt_bag_plugins:/home/vboxuser/ros2_iron/install/rqt_bag:/home/vboxuser/ros2_iron/install/rosbag2_examples_py:/home/vboxuser/ros2_iron/install/launch_testing_examples:/home/vboxuser/ros2_iron/install/ros2bag:/home/vboxuser/ros2_iron/install/tracetools_test:/home/vboxuser/ros2_iron/install/tracetools_launch:/home/vboxuser/ros2_iron/install/topic_monitor:/home/vboxuser/ros2_iron/install/tf2_tools:/home/vboxuser/ros2_iron/install/examples_tf2_py:/home/vboxuser/ros2_iron/install/tf2_ros_py:/home/vboxuser/ros2_iron/install/examples_rclpy_pointcloud_publisher:/home/vboxuser/ros2_iron/install/sensor_msgs_py:/home/vboxuser/ros2_iron/install/quality_of_service_demo_py:/home/vboxuser/ros2_iron/install/rqt_plot:/home/vboxuser/ros2_iron/install/ros2doctor:/home/vboxuser/ros2_iron/install/lifecycle_py:/home/vboxuser/ros2_iron/install/examples_rclpy_minimal_subscriber:/home/vboxuser/ros2_iron/install/examples_rclpy_minimal_service:/home/vboxuser/ros2_iron/install/examples_rclpy_minimal_publisher:/home/vboxuser/ros2_iron/install/examples_rclpy_minimal_client:/home/vboxuser/ros2_iron/install/examples_rclpy_executors:/home/vboxuser/ros2_iron/install/demo_nodes_py:/home/vboxuser/ros2_iron/install/rqt:/home/vboxuser/ros2_iron/install/ros2component:/home/vboxuser/ros2_iron/install/sros2:/home/vboxuser/ros2_iron/install/rqt_topic:/home/vboxuser/ros2_iron/install/rqt_srv:/home/vboxuser/ros2_iron/install/rqt_shell:/home/vboxuser/ros2_iron/install/rqt_service_caller:/home/vboxuser/ros2_iron/install/rqt_reconfigure:/home/vboxuser/ros2_iron/install/rqt_py_console:/home/vboxuser/ros2_iron/install/rqt_publisher:/home/vboxuser/ros2_iron/install/rqt_action:/home/vboxuser/ros2_iron/install/rqt_msg:/home/vboxuser/ros2_iron/install/rqt_console:/home/vboxuser/ros2_iron/install/rqt_graph:/home/vboxuser/ros2_iron/install/rqt_gui_py:/home/vboxuser/ros2_iron/install/rqt_gui:/home/vboxuser/ros2_iron/install/ros2trace:/home/vboxuser/ros2_iron/install/ros2topic:/home/vboxuser/ros2_iron/install/ros2test:/home/vboxuser/ros2_iron/install/ros2param:/home/vboxuser/ros2_iron/install/ros2lifecycle:/home/vboxuser/ros2_iron/install/ros2service:/home/vboxuser/ros2_iron/install/ros2run:/home/vboxuser/ros2_iron/install/ros2launch:/home/vboxuser/ros2_iron/install/ros2pkg:/home/vboxuser/ros2_iron/install/ros2node:/home/vboxuser/ros2_iron/install/ros2multicast:/home/vboxuser/ros2_iron/install/ros2interface:/home/vboxuser/ros2_iron/install/ros2action:/home/vboxuser/ros2_iron/install/ros2cli:/home/vboxuser/ros2_iron/install/launch_testing_ros:/home/vboxuser/ros2_iron/install/launch_ros:/home/vboxuser/ros2_iron/install/examples_rclpy_minimal_action_server:/home/vboxuser/ros2_iron/install/examples_rclpy_minimal_action_client:/home/vboxuser/ros2_iron/install/examples_rclpy_guard_conditions:/home/vboxuser/ros2_iron/install/action_tutorials_py:/home/vboxuser/ros2_iron/install/ament_uncrustify:/home/vboxuser/ros2_iron/install/tracetools_trace:/home/vboxuser/ros2_iron/install/tracetools_read:/home/vboxuser/ros2_iron/install/test_tracetools_launch:/home/vboxuser/ros2_iron/install/test_ros2trace:/home/vboxuser/ros2_iron/install/test_launch_ros:/home/vboxuser/ros2_iron/install/rpyutils:/home/vboxuser/ros2_iron/install/rosidl_runtime_py:/home/vboxuser/ros2_iron/install/rosidl_pycommon:/home/vboxuser/ros2_iron/install/rosidl_cli:/home/vboxuser/ros2_iron/install/launch_pytest:/home/vboxuser/ros2_iron/install/launch_testing:/home/vboxuser/ros2_iron/install/launch_yaml:/home/vboxuser/ros2_iron/install/launch_xml:/home/vboxuser/ros2_iron/install/launch:/home/vboxuser/ros2_iron/install/osrf_pycommon:/home/vboxuser/ros2_iron/install/domain_coordinator:/home/vboxuser/ros2_iron/install/ament_xmllint:/home/vboxuser/ros2_iron/install/ament_pyflakes:/home/vboxuser/ros2_iron/install/ament_pycodestyle:/home/vboxuser/ros2_iron/install/ament_pep257:/home/vboxuser/ros2_iron/install/ament_pclint:/home/vboxuser/ros2_iron/install/ament_package:/home/vboxuser/ros2_iron/install/ament_mypy:/home/vboxuser/ros2_iron/install/ament_lint_cmake:/home/vboxuser/ros2_iron/install/ament_flake8:/home/vboxuser/ros2_iron/install/ament_copyright:/home/vboxuser/ros2_iron/install/ament_lint:/home/vboxuser/ros2_iron/install/ament_index_python:/home/vboxuser/ros2_iron/install/ament_cpplint:/home/vboxuser/ros2_iron/install/ament_cppcheck:/home/vboxuser/ros2_iron/install/ament_clang_tidy:/home/vboxuser/ros2_iron/install/ament_clang_format /usr/bin/cmake --install /home/vboxuser/ros2_ws/build/examples_rclcpp_minimal_service
[4.357s] DEBUG:colcon.colcon_core.event_handler.log_command:Invoked command in '/home/vboxuser/ros2_ws/build/examples_rclcpp_minimal_publisher' returned '0': CMAKE_PREFIX_PATH=${CMAKE_PREFIX_PATH}:/home/vboxuser/ros2_ws/install/py_pubsub:/home/vboxuser/ros2_ws/install/launch_testing_examples:/home/vboxuser/ros2_ws/install/examples_rclpy_pointcloud_publisher:/home/vboxuser/ros2_ws/install/examples_rclpy_minimal_subscriber:/home/vboxuser/ros2_ws/install/examples_rclpy_minimal_service:/home/vboxuser/ros2_ws/install/examples_rclpy_minimal_publisher:/home/vboxuser/ros2_ws/install/examples_rclpy_minimal_client:/home/vboxuser/ros2_ws/install/examples_rclpy_minimal_action_server:/home/vboxuser/ros2_ws/install/examples_rclpy_minimal_action_client:/home/vboxuser/ros2_ws/install/examples_rclpy_guard_conditions:/home/vboxuser/ros2_ws/install/examples_rclpy_executors:/home/vboxuser/ros2_ws/install/bms_visualizer:/opt/ros/iron:/home/vboxuser/ros2_iron/install/rqt_bag_plugins:/home/vboxuser/ros2_iron/install/rqt_bag:/home/vboxuser/ros2_iron/install/rosbag2_examples_py:/home/vboxuser/ros2_iron/install/launch_testing_examples:/home/vboxuser/ros2_iron/install/ros2bag:/home/vboxuser/ros2_iron/install/tracetools_test:/home/vboxuser/ros2_iron/install/tracetools_launch:/home/vboxuser/ros2_iron/install/topic_monitor:/home/vboxuser/ros2_iron/install/tf2_tools:/home/vboxuser/ros2_iron/install/examples_tf2_py:/home/vboxuser/ros2_iron/install/tf2_ros_py:/home/vboxuser/ros2_iron/install/examples_rclpy_pointcloud_publisher:/home/vboxuser/ros2_iron/install/sensor_msgs_py:/home/vboxuser/ros2_iron/install/quality_of_service_demo_py:/home/vboxuser/ros2_iron/install/rqt_plot:/home/vboxuser/ros2_iron/install/ros2doctor:/home/vboxuser/ros2_iron/install/lifecycle_py:/home/vboxuser/ros2_iron/install/examples_rclpy_minimal_subscriber:/home/vboxuser/ros2_iron/install/examples_rclpy_minimal_service:/home/vboxuser/ros2_iron/install/examples_rclpy_minimal_publisher:/home/vboxuser/ros2_iron/install/examples_rclpy_minimal_client:/home/vboxuser/ros2_iron/install/examples_rclpy_executors:/home/vboxuser/ros2_iron/install/demo_nodes_py:/home/vboxuser/ros2_iron/install/rqt:/home/vboxuser/ros2_iron/install/ros2component:/home/vboxuser/ros2_iron/install/sros2:/home/vboxuser/ros2_iron/install/rqt_topic:/home/vboxuser/ros2_iron/install/rqt_srv:/home/vboxuser/ros2_iron/install/rqt_shell:/home/vboxuser/ros2_iron/install/rqt_service_caller:/home/vboxuser/ros2_iron/install/rqt_reconfigure:/home/vboxuser/ros2_iron/install/rqt_py_console:/home/vboxuser/ros2_iron/install/rqt_publisher:/home/vboxuser/ros2_iron/install/rqt_action:/home/vboxuser/ros2_iron/install/rqt_msg:/home/vboxuser/ros2_iron/install/rqt_console:/home/vboxuser/ros2_iron/install/rqt_graph:/home/vboxuser/ros2_iron/install/rqt_gui_py:/home/vboxuser/ros2_iron/install/rqt_gui:/home/vboxuser/ros2_iron/install/ros2trace:/home/vboxuser/ros2_iron/install/ros2topic:/home/vboxuser/ros2_iron/install/ros2test:/home/vboxuser/ros2_iron/install/ros2param:/home/vboxuser/ros2_iron/install/ros2lifecycle:/home/vboxuser/ros2_iron/install/ros2service:/home/vboxuser/ros2_iron/install/ros2run:/home/vboxuser/ros2_iron/install/ros2launch:/home/vboxuser/ros2_iron/install/ros2pkg:/home/vboxuser/ros2_iron/install/ros2node:/home/vboxuser/ros2_iron/install/ros2multicast:/home/vboxuser/ros2_iron/install/ros2interface:/home/vboxuser/ros2_iron/install/ros2action:/home/vboxuser/ros2_iron/install/ros2cli:/home/vboxuser/ros2_iron/install/launch_testing_ros:/home/vboxuser/ros2_iron/install/launch_ros:/home/vboxuser/ros2_iron/install/examples_rclpy_minimal_action_server:/home/vboxuser/ros2_iron/install/examples_rclpy_minimal_action_client:/home/vboxuser/ros2_iron/install/examples_rclpy_guard_conditions:/home/vboxuser/ros2_iron/install/action_tutorials_py:/home/vboxuser/ros2_iron/install/ament_uncrustify:/home/vboxuser/ros2_iron/install/tracetools_trace:/home/vboxuser/ros2_iron/install/tracetools_read:/home/vboxuser/ros2_iron/install/test_tracetools_launch:/home/vboxuser/ros2_iron/install/test_ros2trace:/home/vboxuser/ros2_iron/install/test_launch_ros:/home/vboxuser/ros2_iron/install/rpyutils:/home/vboxuser/ros2_iron/install/rosidl_runtime_py:/home/vboxuser/ros2_iron/install/rosidl_pycommon:/home/vboxuser/ros2_iron/install/rosidl_cli:/home/vboxuser/ros2_iron/install/launch_pytest:/home/vboxuser/ros2_iron/install/launch_testing:/home/vboxuser/ros2_iron/install/launch_yaml:/home/vboxuser/ros2_iron/install/launch_xml:/home/vboxuser/ros2_iron/install/launch:/home/vboxuser/ros2_iron/install/osrf_pycommon:/home/vboxuser/ros2_iron/install/domain_coordinator:/home/vboxuser/ros2_iron/install/ament_xmllint:/home/vboxuser/ros2_iron/install/ament_pyflakes:/home/vboxuser/ros2_iron/install/ament_pycodestyle:/home/vboxuser/ros2_iron/install/ament_pep257:/home/vboxuser/ros2_iron/install/ament_pclint:/home/vboxuser/ros2_iron/install/ament_package:/home/vboxuser/ros2_iron/install/ament_mypy:/home/vboxuser/ros2_iron/install/ament_lint_cmake:/home/vboxuser/ros2_iron/install/ament_flake8:/home/vboxuser/ros2_iron/install/ament_copyright:/home/vboxuser/ros2_iron/install/ament_lint:/home/vboxuser/ros2_iron/install/ament_index_python:/home/vboxuser/ros2_iron/install/ament_cpplint:/home/vboxuser/ros2_iron/install/ament_cppcheck:/home/vboxuser/ros2_iron/install/ament_clang_tidy:/home/vboxuser/ros2_iron/install/ament_clang_format /usr/bin/cmake --build /home/vboxuser/ros2_ws/build/examples_rclcpp_minimal_publisher -- -j4 -l4
[4.359s] DEBUG:colcon.colcon_core.event_handler.log_command:Invoking command in '/home/vboxuser/ros2_ws/build/examples_rclcpp_minimal_publisher': CMAKE_PREFIX_PATH=${CMAKE_PREFIX_PATH}:/home/vboxuser/ros2_ws/install/py_pubsub:/home/vboxuser/ros2_ws/install/launch_testing_examples:/home/vboxuser/ros2_ws/install/examples_rclpy_pointcloud_publisher:/home/vboxuser/ros2_ws/install/examples_rclpy_minimal_subscriber:/home/vboxuser/ros2_ws/install/examples_rclpy_minimal_service:/home/vboxuser/ros2_ws/install/examples_rclpy_minimal_publisher:/home/vboxuser/ros2_ws/install/examples_rclpy_minimal_client:/home/vboxuser/ros2_ws/install/examples_rclpy_minimal_action_server:/home/vboxuser/ros2_ws/install/examples_rclpy_minimal_action_client:/home/vboxuser/ros2_ws/install/examples_rclpy_guard_conditions:/home/vboxuser/ros2_ws/install/examples_rclpy_executors:/home/vboxuser/ros2_ws/install/bms_visualizer:/opt/ros/iron:/home/vboxuser/ros2_iron/install/rqt_bag_plugins:/home/vboxuser/ros2_iron/install/rqt_bag:/home/vboxuser/ros2_iron/install/rosbag2_examples_py:/home/vboxuser/ros2_iron/install/launch_testing_examples:/home/vboxuser/ros2_iron/install/ros2bag:/home/vboxuser/ros2_iron/install/tracetools_test:/home/vboxuser/ros2_iron/install/tracetools_launch:/home/vboxuser/ros2_iron/install/topic_monitor:/home/vboxuser/ros2_iron/install/tf2_tools:/home/vboxuser/ros2_iron/install/examples_tf2_py:/home/vboxuser/ros2_iron/install/tf2_ros_py:/home/vboxuser/ros2_iron/install/examples_rclpy_pointcloud_publisher:/home/vboxuser/ros2_iron/install/sensor_msgs_py:/home/vboxuser/ros2_iron/install/quality_of_service_demo_py:/home/vboxuser/ros2_iron/install/rqt_plot:/home/vboxuser/ros2_iron/install/ros2doctor:/home/vboxuser/ros2_iron/install/lifecycle_py:/home/vboxuser/ros2_iron/install/examples_rclpy_minimal_subscriber:/home/vboxuser/ros2_iron/install/examples_rclpy_minimal_service:/home/vboxuser/ros2_iron/install/examples_rclpy_minimal_publisher:/home/vboxuser/ros2_iron/install/examples_rclpy_minimal_client:/home/vboxuser/ros2_iron/install/examples_rclpy_executors:/home/vboxuser/ros2_iron/install/demo_nodes_py:/home/vboxuser/ros2_iron/install/rqt:/home/vboxuser/ros2_iron/install/ros2component:/home/vboxuser/ros2_iron/install/sros2:/home/vboxuser/ros2_iron/install/rqt_topic:/home/vboxuser/ros2_iron/install/rqt_srv:/home/vboxuser/ros2_iron/install/rqt_shell:/home/vboxuser/ros2_iron/install/rqt_service_caller:/home/vboxuser/ros2_iron/install/rqt_reconfigure:/home/vboxuser/ros2_iron/install/rqt_py_console:/home/vboxuser/ros2_iron/install/rqt_publisher:/home/vboxuser/ros2_iron/install/rqt_action:/home/vboxuser/ros2_iron/install/rqt_msg:/home/vboxuser/ros2_iron/install/rqt_console:/home/vboxuser/ros2_iron/install/rqt_graph:/home/vboxuser/ros2_iron/install/rqt_gui_py:/home/vboxuser/ros2_iron/install/rqt_gui:/home/vboxuser/ros2_iron/install/ros2trace:/home/vboxuser/ros2_iron/install/ros2topic:/home/vboxuser/ros2_iron/install/ros2test:/home/vboxuser/ros2_iron/install/ros2param:/home/vboxuser/ros2_iron/install/ros2lifecycle:/home/vboxuser/ros2_iron/install/ros2service:/home/vboxuser/ros2_iron/install/ros2run:/home/vboxuser/ros2_iron/install/ros2launch:/home/vboxuser/ros2_iron/install/ros2pkg:/home/vboxuser/ros2_iron/install/ros2node:/home/vboxuser/ros2_iron/install/ros2multicast:/home/vboxuser/ros2_iron/install/ros2interface:/home/vboxuser/ros2_iron/install/ros2action:/home/vboxuser/ros2_iron/install/ros2cli:/home/vboxuser/ros2_iron/install/launch_testing_ros:/home/vboxuser/ros2_iron/install/launch_ros:/home/vboxuser/ros2_iron/install/examples_rclpy_minimal_action_server:/home/vboxuser/ros2_iron/install/examples_rclpy_minimal_action_client:/home/vboxuser/ros2_iron/install/examples_rclpy_guard_conditions:/home/vboxuser/ros2_iron/install/action_tutorials_py:/home/vboxuser/ros2_iron/install/ament_uncrustify:/home/vboxuser/ros2_iron/install/tracetools_trace:/home/vboxuser/ros2_iron/install/tracetools_read:/home/vboxuser/ros2_iron/install/test_tracetools_launch:/home/vboxuser/ros2_iron/install/test_ros2trace:/home/vboxuser/ros2_iron/install/test_launch_ros:/home/vboxuser/ros2_iron/install/rpyutils:/home/vboxuser/ros2_iron/install/rosidl_runtime_py:/home/vboxuser/ros2_iron/install/rosidl_pycommon:/home/vboxuser/ros2_iron/install/rosidl_cli:/home/vboxuser/ros2_iron/install/launch_pytest:/home/vboxuser/ros2_iron/install/launch_testing:/home/vboxuser/ros2_iron/install/launch_yaml:/home/vboxuser/ros2_iron/install/launch_xml:/home/vboxuser/ros2_iron/install/launch:/home/vboxuser/ros2_iron/install/osrf_pycommon:/home/vboxuser/ros2_iron/install/domain_coordinator:/home/vboxuser/ros2_iron/install/ament_xmllint:/home/vboxuser/ros2_iron/install/ament_pyflakes:/home/vboxuser/ros2_iron/install/ament_pycodestyle:/home/vboxuser/ros2_iron/install/ament_pep257:/home/vboxuser/ros2_iron/install/ament_pclint:/home/vboxuser/ros2_iron/install/ament_package:/home/vboxuser/ros2_iron/install/ament_mypy:/home/vboxuser/ros2_iron/install/ament_lint_cmake:/home/vboxuser/ros2_iron/install/ament_flake8:/home/vboxuser/ros2_iron/install/ament_copyright:/home/vboxuser/ros2_iron/install/ament_lint:/home/vboxuser/ros2_iron/install/ament_index_python:/home/vboxuser/ros2_iron/install/ament_cpplint:/home/vboxuser/ros2_iron/install/ament_cppcheck:/home/vboxuser/ros2_iron/install/ament_clang_tidy:/home/vboxuser/ros2_iron/install/ament_clang_format /usr/bin/cmake --install /home/vboxuser/ros2_ws/build/examples_rclcpp_minimal_publisher
[4.439s] Level 1:colcon.colcon_core.environment:create_environment_scripts_only(examples_rclcpp_minimal_service)
[4.439s] Level 1:colcon.colcon_core.environment:checking '/home/vboxuser/ros2_ws/install/examples_rclcpp_minimal_service' for CMake module files
[4.440s] Level 1:colcon.colcon_core.environment:checking '/home/vboxuser/ros2_ws/install/examples_rclcpp_minimal_service' for CMake config files
[4.440s] Level 1:colcon.colcon_core.shell:create_environment_hook('examples_rclcpp_minimal_service', 'cmake_prefix_path')
[4.441s] INFO:colcon.colcon_core.shell:Creating environment hook '/home/vboxuser/ros2_ws/install/examples_rclcpp_minimal_service/share/examples_rclcpp_minimal_service/hook/cmake_prefix_path.ps1'
[4.445s] INFO:colcon.colcon_core.shell:Creating environment descriptor '/home/vboxuser/ros2_ws/install/examples_rclcpp_minimal_service/share/examples_rclcpp_minimal_service/hook/cmake_prefix_path.dsv'
[4.451s] INFO:colcon.colcon_core.shell:Creating environment hook '/home/vboxuser/ros2_ws/install/examples_rclcpp_minimal_service/share/examples_rclcpp_minimal_service/hook/cmake_prefix_path.sh'
[4.453s] Level 1:colcon.colcon_core.environment:checking '/home/vboxuser/ros2_ws/install/examples_rclcpp_minimal_service/lib'
[4.453s] Level 1:colcon.colcon_core.environment:checking '/home/vboxuser/ros2_ws/install/examples_rclcpp_minimal_service/bin'
[4.453s] Level 1:colcon.colcon_core.environment:checking '/home/vboxuser/ros2_ws/install/examples_rclcpp_minimal_service/lib/pkgconfig/examples_rclcpp_minimal_service.pc'
[4.454s] Level 1:colcon.colcon_core.environment:checking '/home/vboxuser/ros2_ws/install/examples_rclcpp_minimal_service/lib/python3.10/site-packages'
[4.462s] Level 1:colcon.colcon_core.environment:checking '/home/vboxuser/ros2_ws/install/examples_rclcpp_minimal_service/bin'
[4.463s] INFO:colcon.colcon_core.shell:Creating package script '/home/vboxuser/ros2_ws/install/examples_rclcpp_minimal_service/share/examples_rclcpp_minimal_service/package.ps1'
[4.471s] INFO:colcon.colcon_core.shell:Creating package descriptor '/home/vboxuser/ros2_ws/install/examples_rclcpp_minimal_service/share/examples_rclcpp_minimal_service/package.dsv'
[4.477s] INFO:colcon.colcon_core.shell:Creating package script '/home/vboxuser/ros2_ws/install/examples_rclcpp_minimal_service/share/examples_rclcpp_minimal_service/package.sh'
[4.482s] DEBUG:colcon.colcon_core.event_handler.log_command:Invoked command in '/home/vboxuser/ros2_ws/build/examples_rclcpp_minimal_service' returned '0': CMAKE_PREFIX_PATH=${CMAKE_PREFIX_PATH}:/home/vboxuser/ros2_ws/install/py_pubsub:/home/vboxuser/ros2_ws/install/launch_testing_examples:/home/vboxuser/ros2_ws/install/examples_rclpy_pointcloud_publisher:/home/vboxuser/ros2_ws/install/examples_rclpy_minimal_subscriber:/home/vboxuser/ros2_ws/install/examples_rclpy_minimal_service:/home/vboxuser/ros2_ws/install/examples_rclpy_minimal_publisher:/home/vboxuser/ros2_ws/install/examples_rclpy_minimal_client:/home/vboxuser/ros2_ws/install/examples_rclpy_minimal_action_server:/home/vboxuser/ros2_ws/install/examples_rclpy_minimal_action_client:/home/vboxuser/ros2_ws/install/examples_rclpy_guard_conditions:/home/vboxuser/ros2_ws/install/examples_rclpy_executors:/home/vboxuser/ros2_ws/install/bms_visualizer:/opt/ros/iron:/home/vboxuser/ros2_iron/install/rqt_bag_plugins:/home/vboxuser/ros2_iron/install/rqt_bag:/home/vboxuser/ros2_iron/install/rosbag2_examples_py:/home/vboxuser/ros2_iron/install/launch_testing_examples:/home/vboxuser/ros2_iron/install/ros2bag:/home/vboxuser/ros2_iron/install/tracetools_test:/home/vboxuser/ros2_iron/install/tracetools_launch:/home/vboxuser/ros2_iron/install/topic_monitor:/home/vboxuser/ros2_iron/install/tf2_tools:/home/vboxuser/ros2_iron/install/examples_tf2_py:/home/vboxuser/ros2_iron/install/tf2_ros_py:/home/vboxuser/ros2_iron/install/examples_rclpy_pointcloud_publisher:/home/vboxuser/ros2_iron/install/sensor_msgs_py:/home/vboxuser/ros2_iron/install/quality_of_service_demo_py:/home/vboxuser/ros2_iron/install/rqt_plot:/home/vboxuser/ros2_iron/install/ros2doctor:/home/vboxuser/ros2_iron/install/lifecycle_py:/home/vboxuser/ros2_iron/install/examples_rclpy_minimal_subscriber:/home/vboxuser/ros2_iron/install/examples_rclpy_minimal_service:/home/vboxuser/ros2_iron/install/examples_rclpy_minimal_publisher:/home/vboxuser/ros2_iron/install/examples_rclpy_minimal_client:/home/vboxuser/ros2_iron/install/examples_rclpy_executors:/home/vboxuser/ros2_iron/install/demo_nodes_py:/home/vboxuser/ros2_iron/install/rqt:/home/vboxuser/ros2_iron/install/ros2component:/home/vboxuser/ros2_iron/install/sros2:/home/vboxuser/ros2_iron/install/rqt_topic:/home/vboxuser/ros2_iron/install/rqt_srv:/home/vboxuser/ros2_iron/install/rqt_shell:/home/vboxuser/ros2_iron/install/rqt_service_caller:/home/vboxuser/ros2_iron/install/rqt_reconfigure:/home/vboxuser/ros2_iron/install/rqt_py_console:/home/vboxuser/ros2_iron/install/rqt_publisher:/home/vboxuser/ros2_iron/install/rqt_action:/home/vboxuser/ros2_iron/install/rqt_msg:/home/vboxuser/ros2_iron/install/rqt_console:/home/vboxuser/ros2_iron/install/rqt_graph:/home/vboxuser/ros2_iron/install/rqt_gui_py:/home/vboxuser/ros2_iron/install/rqt_gui:/home/vboxuser/ros2_iron/install/ros2trace:/home/vboxuser/ros2_iron/install/ros2topic:/home/vboxuser/ros2_iron/install/ros2test:/home/vboxuser/ros2_iron/install/ros2param:/home/vboxuser/ros2_iron/install/ros2lifecycle:/home/vboxuser/ros2_iron/install/ros2service:/home/vboxuser/ros2_iron/install/ros2run:/home/vboxuser/ros2_iron/install/ros2launch:/home/vboxuser/ros2_iron/install/ros2pkg:/home/vboxuser/ros2_iron/install/ros2node:/home/vboxuser/ros2_iron/install/ros2multicast:/home/vboxuser/ros2_iron/install/ros2interface:/home/vboxuser/ros2_iron/install/ros2action:/home/vboxuser/ros2_iron/install/ros2cli:/home/vboxuser/ros2_iron/install/launch_testing_ros:/home/vboxuser/ros2_iron/install/launch_ros:/home/vboxuser/ros2_iron/install/examples_rclpy_minimal_action_server:/home/vboxuser/ros2_iron/install/examples_rclpy_minimal_action_client:/home/vboxuser/ros2_iron/install/examples_rclpy_guard_conditions:/home/vboxuser/ros2_iron/install/action_tutorials_py:/home/vboxuser/ros2_iron/install/ament_uncrustify:/home/vboxuser/ros2_iron/install/tracetools_trace:/home/vboxuser/ros2_iron/install/tracetools_read:/home/vboxuser/ros2_iron/install/test_tracetools_launch:/home/vboxuser/ros2_iron/install/test_ros2trace:/home/vboxuser/ros2_iron/install/test_launch_ros:/home/vboxuser/ros2_iron/install/rpyutils:/home/vboxuser/ros2_iron/install/rosidl_runtime_py:/home/vboxuser/ros2_iron/install/rosidl_pycommon:/home/vboxuser/ros2_iron/install/rosidl_cli:/home/vboxuser/ros2_iron/install/launch_pytest:/home/vboxuser/ros2_iron/install/launch_testing:/home/vboxuser/ros2_iron/install/launch_yaml:/home/vboxuser/ros2_iron/install/launch_xml:/home/vboxuser/ros2_iron/install/launch:/home/vboxuser/ros2_iron/install/osrf_pycommon:/home/vboxuser/ros2_iron/install/domain_coordinator:/home/vboxuser/ros2_iron/install/ament_xmllint:/home/vboxuser/ros2_iron/install/ament_pyflakes:/home/vboxuser/ros2_iron/install/ament_pycodestyle:/home/vboxuser/ros2_iron/install/ament_pep257:/home/vboxuser/ros2_iron/install/ament_pclint:/home/vboxuser/ros2_iron/install/ament_package:/home/vboxuser/ros2_iron/install/ament_mypy:/home/vboxuser/ros2_iron/install/ament_lint_cmake:/home/vboxuser/ros2_iron/install/ament_flake8:/home/vboxuser/ros2_iron/install/ament_copyright:/home/vboxuser/ros2_iron/install/ament_lint:/home/vboxuser/ros2_iron/install/ament_index_python:/home/vboxuser/ros2_iron/install/ament_cpplint:/home/vboxuser/ros2_iron/install/ament_cppcheck:/home/vboxuser/ros2_iron/install/ament_clang_tidy:/home/vboxuser/ros2_iron/install/ament_clang_format /usr/bin/cmake --install /home/vboxuser/ros2_ws/build/examples_rclcpp_minimal_service
[4.498s] INFO:colcon.colcon_core.shell:Creating package script '/home/vboxuser/ros2_ws/install/examples_rclcpp_minimal_service/share/examples_rclcpp_minimal_service/package.bash'
[4.499s] INFO:colcon.colcon_core.shell:Creating package script '/home/vboxuser/ros2_ws/install/examples_rclcpp_minimal_service/share/examples_rclcpp_minimal_service/package.zsh'
[4.502s] Level 1:colcon.colcon_core.environment:create_file_with_runtime_dependencies(/home/vboxuser/ros2_ws/install/examples_rclcpp_minimal_service/share/colcon-core/packages/examples_rclcpp_minimal_service)
[4.510s] Level 1:colcon.colcon_core.environment:create_environment_scripts_only(examples_rclcpp_minimal_service)
[4.510s] Level 1:colcon.colcon_core.environment:checking '/home/vboxuser/ros2_ws/install/examples_rclcpp_minimal_service' for CMake module files
[4.512s] Level 1:colcon.colcon_core.environment:checking '/home/vboxuser/ros2_ws/install/examples_rclcpp_minimal_service' for CMake config files
[4.512s] Level 1:colcon.colcon_core.shell:create_environment_hook('examples_rclcpp_minimal_service', 'cmake_prefix_path')
[4.535s] INFO:colcon.colcon_core.shell:Creating environment hook '/home/vboxuser/ros2_ws/install/examples_rclcpp_minimal_service/share/examples_rclcpp_minimal_service/hook/cmake_prefix_path.ps1'
[4.540s] INFO:colcon.colcon_core.shell:Creating environment descriptor '/home/vboxuser/ros2_ws/install/examples_rclcpp_minimal_service/share/examples_rclcpp_minimal_service/hook/cmake_prefix_path.dsv'
[4.541s] INFO:colcon.colcon_core.shell:Creating environment hook '/home/vboxuser/ros2_ws/install/examples_rclcpp_minimal_service/share/examples_rclcpp_minimal_service/hook/cmake_prefix_path.sh'
[4.543s] Level 1:colcon.colcon_core.environment:checking '/home/vboxuser/ros2_ws/install/examples_rclcpp_minimal_service/lib'
[4.543s] Level 1:colcon.colcon_core.environment:checking '/home/vboxuser/ros2_ws/install/examples_rclcpp_minimal_service/bin'
[4.543s] Level 1:colcon.colcon_core.environment:checking '/home/vboxuser/ros2_ws/install/examples_rclcpp_minimal_service/lib/pkgconfig/examples_rclcpp_minimal_service.pc'
[4.544s] Level 1:colcon.colcon_core.environment:checking '/home/vboxuser/ros2_ws/install/examples_rclcpp_minimal_service/lib/python3.10/site-packages'
[4.544s] Level 1:colcon.colcon_core.environment:checking '/home/vboxuser/ros2_ws/install/examples_rclcpp_minimal_service/bin'
[4.559s] INFO:colcon.colcon_core.shell:Creating package script '/home/vboxuser/ros2_ws/install/examples_rclcpp_minimal_service/share/examples_rclcpp_minimal_service/package.ps1'
[4.566s] INFO:colcon.colcon_core.shell:Creating package descriptor '/home/vboxuser/ros2_ws/install/examples_rclcpp_minimal_service/share/examples_rclcpp_minimal_service/package.dsv'
[4.574s] INFO:colcon.colcon_core.shell:Creating package script '/home/vboxuser/ros2_ws/install/examples_rclcpp_minimal_service/share/examples_rclcpp_minimal_service/package.sh'
[4.585s] INFO:colcon.colcon_core.shell:Creating package script '/home/vboxuser/ros2_ws/install/examples_rclcpp_minimal_service/share/examples_rclcpp_minimal_service/package.bash'
[4.606s] INFO:colcon.colcon_core.shell:Creating package script '/home/vboxuser/ros2_ws/install/examples_rclcpp_minimal_service/share/examples_rclcpp_minimal_service/package.zsh'
[4.611s] Level 1:colcon.colcon_core.environment:create_file_with_runtime_dependencies(/home/vboxuser/ros2_ws/install/examples_rclcpp_minimal_service/share/colcon-core/packages/examples_rclcpp_minimal_service)
[4.620s] INFO:colcon.colcon_ros.task.ament_cmake.build:Building ROS package in '/home/vboxuser/ros2_ws/src/examples/rclcpp/timers/minimal_timer' with build type 'ament_cmake'
[4.620s] INFO:colcon.colcon_cmake.task.cmake.build:Building CMake package in '/home/vboxuser/ros2_ws/src/examples/rclcpp/timers/minimal_timer'
[4.621s] INFO:colcon.colcon_core.shell:Skip shell extension 'powershell' for command environment: Not usable outside of PowerShell
[4.621s] DEBUG:colcon.colcon_core.shell:Skip shell extension 'dsv' for command environment
[4.865s] Level 1:colcon.colcon_core.environment:create_environment_scripts_only(examples_rclcpp_minimal_publisher)
[4.865s] Level 1:colcon.colcon_core.environment:checking '/home/vboxuser/ros2_ws/install/examples_rclcpp_minimal_publisher' for CMake module files
[4.866s] Level 1:colcon.colcon_core.environment:checking '/home/vboxuser/ros2_ws/install/examples_rclcpp_minimal_publisher' for CMake config files
[4.866s] Level 1:colcon.colcon_core.shell:create_environment_hook('examples_rclcpp_minimal_publisher', 'cmake_prefix_path')
[4.867s] INFO:colcon.colcon_core.shell:Creating environment hook '/home/vboxuser/ros2_ws/install/examples_rclcpp_minimal_publisher/share/examples_rclcpp_minimal_publisher/hook/cmake_prefix_path.ps1'
[4.870s] INFO:colcon.colcon_core.shell:Creating environment descriptor '/home/vboxuser/ros2_ws/install/examples_rclcpp_minimal_publisher/share/examples_rclcpp_minimal_publisher/hook/cmake_prefix_path.dsv'
[4.877s] INFO:colcon.colcon_core.shell:Creating environment hook '/home/vboxuser/ros2_ws/install/examples_rclcpp_minimal_publisher/share/examples_rclcpp_minimal_publisher/hook/cmake_prefix_path.sh'
[4.875s] DEBUG:colcon.colcon_core.event_handler.log_command:Invoked command in '/home/vboxuser/ros2_ws/build/examples_rclcpp_minimal_publisher' returned '0': CMAKE_PREFIX_PATH=${CMAKE_PREFIX_PATH}:/home/vboxuser/ros2_ws/install/py_pubsub:/home/vboxuser/ros2_ws/install/launch_testing_examples:/home/vboxuser/ros2_ws/install/examples_rclpy_pointcloud_publisher:/home/vboxuser/ros2_ws/install/examples_rclpy_minimal_subscriber:/home/vboxuser/ros2_ws/install/examples_rclpy_minimal_service:/home/vboxuser/ros2_ws/install/examples_rclpy_minimal_publisher:/home/vboxuser/ros2_ws/install/examples_rclpy_minimal_client:/home/vboxuser/ros2_ws/install/examples_rclpy_minimal_action_server:/home/vboxuser/ros2_ws/install/examples_rclpy_minimal_action_client:/home/vboxuser/ros2_ws/install/examples_rclpy_guard_conditions:/home/vboxuser/ros2_ws/install/examples_rclpy_executors:/home/vboxuser/ros2_ws/install/bms_visualizer:/opt/ros/iron:/home/vboxuser/ros2_iron/install/rqt_bag_plugins:/home/vboxuser/ros2_iron/install/rqt_bag:/home/vboxuser/ros2_iron/install/rosbag2_examples_py:/home/vboxuser/ros2_iron/install/launch_testing_examples:/home/vboxuser/ros2_iron/install/ros2bag:/home/vboxuser/ros2_iron/install/tracetools_test:/home/vboxuser/ros2_iron/install/tracetools_launch:/home/vboxuser/ros2_iron/install/topic_monitor:/home/vboxuser/ros2_iron/install/tf2_tools:/home/vboxuser/ros2_iron/install/examples_tf2_py:/home/vboxuser/ros2_iron/install/tf2_ros_py:/home/vboxuser/ros2_iron/install/examples_rclpy_pointcloud_publisher:/home/vboxuser/ros2_iron/install/sensor_msgs_py:/home/vboxuser/ros2_iron/install/quality_of_service_demo_py:/home/vboxuser/ros2_iron/install/rqt_plot:/home/vboxuser/ros2_iron/install/ros2doctor:/home/vboxuser/ros2_iron/install/lifecycle_py:/home/vboxuser/ros2_iron/install/examples_rclpy_minimal_subscriber:/home/vboxuser/ros2_iron/install/examples_rclpy_minimal_service:/home/vboxuser/ros2_iron/install/examples_rclpy_minimal_publisher:/home/vboxuser/ros2_iron/install/examples_rclpy_minimal_client:/home/vboxuser/ros2_iron/install/examples_rclpy_executors:/home/vboxuser/ros2_iron/install/demo_nodes_py:/home/vboxuser/ros2_iron/install/rqt:/home/vboxuser/ros2_iron/install/ros2component:/home/vboxuser/ros2_iron/install/sros2:/home/vboxuser/ros2_iron/install/rqt_topic:/home/vboxuser/ros2_iron/install/rqt_srv:/home/vboxuser/ros2_iron/install/rqt_shell:/home/vboxuser/ros2_iron/install/rqt_service_caller:/home/vboxuser/ros2_iron/install/rqt_reconfigure:/home/vboxuser/ros2_iron/install/rqt_py_console:/home/vboxuser/ros2_iron/install/rqt_publisher:/home/vboxuser/ros2_iron/install/rqt_action:/home/vboxuser/ros2_iron/install/rqt_msg:/home/vboxuser/ros2_iron/install/rqt_console:/home/vboxuser/ros2_iron/install/rqt_graph:/home/vboxuser/ros2_iron/install/rqt_gui_py:/home/vboxuser/ros2_iron/install/rqt_gui:/home/vboxuser/ros2_iron/install/ros2trace:/home/vboxuser/ros2_iron/install/ros2topic:/home/vboxuser/ros2_iron/install/ros2test:/home/vboxuser/ros2_iron/install/ros2param:/home/vboxuser/ros2_iron/install/ros2lifecycle:/home/vboxuser/ros2_iron/install/ros2service:/home/vboxuser/ros2_iron/install/ros2run:/home/vboxuser/ros2_iron/install/ros2launch:/home/vboxuser/ros2_iron/install/ros2pkg:/home/vboxuser/ros2_iron/install/ros2node:/home/vboxuser/ros2_iron/install/ros2multicast:/home/vboxuser/ros2_iron/install/ros2interface:/home/vboxuser/ros2_iron/install/ros2action:/home/vboxuser/ros2_iron/install/ros2cli:/home/vboxuser/ros2_iron/install/launch_testing_ros:/home/vboxuser/ros2_iron/install/launch_ros:/home/vboxuser/ros2_iron/install/examples_rclpy_minimal_action_server:/home/vboxuser/ros2_iron/install/examples_rclpy_minimal_action_client:/home/vboxuser/ros2_iron/install/examples_rclpy_guard_conditions:/home/vboxuser/ros2_iron/install/action_tutorials_py:/home/vboxuser/ros2_iron/install/ament_uncrustify:/home/vboxuser/ros2_iron/install/tracetools_trace:/home/vboxuser/ros2_iron/install/tracetools_read:/home/vboxuser/ros2_iron/install/test_tracetools_launch:/home/vboxuser/ros2_iron/install/test_ros2trace:/home/vboxuser/ros2_iron/install/test_launch_ros:/home/vboxuser/ros2_iron/install/rpyutils:/home/vboxuser/ros2_iron/install/rosidl_runtime_py:/home/vboxuser/ros2_iron/install/rosidl_pycommon:/home/vboxuser/ros2_iron/install/rosidl_cli:/home/vboxuser/ros2_iron/install/launch_pytest:/home/vboxuser/ros2_iron/install/launch_testing:/home/vboxuser/ros2_iron/install/launch_yaml:/home/vboxuser/ros2_iron/install/launch_xml:/home/vboxuser/ros2_iron/install/launch:/home/vboxuser/ros2_iron/install/osrf_pycommon:/home/vboxuser/ros2_iron/install/domain_coordinator:/home/vboxuser/ros2_iron/install/ament_xmllint:/home/vboxuser/ros2_iron/install/ament_pyflakes:/home/vboxuser/ros2_iron/install/ament_pycodestyle:/home/vboxuser/ros2_iron/install/ament_pep257:/home/vboxuser/ros2_iron/install/ament_pclint:/home/vboxuser/ros2_iron/install/ament_package:/home/vboxuser/ros2_iron/install/ament_mypy:/home/vboxuser/ros2_iron/install/ament_lint_cmake:/home/vboxuser/ros2_iron/install/ament_flake8:/home/vboxuser/ros2_iron/install/ament_copyright:/home/vboxuser/ros2_iron/install/ament_lint:/home/vboxuser/ros2_iron/install/ament_index_python:/home/vboxuser/ros2_iron/install/ament_cpplint:/home/vboxuser/ros2_iron/install/ament_cppcheck:/home/vboxuser/ros2_iron/install/ament_clang_tidy:/home/vboxuser/ros2_iron/install/ament_clang_format /usr/bin/cmake --install /home/vboxuser/ros2_ws/build/examples_rclcpp_minimal_publisher
[4.890s] Level 1:colcon.colcon_core.environment:checking '/home/vboxuser/ros2_ws/install/examples_rclcpp_minimal_publisher/lib'
[4.893s] Level 1:colcon.colcon_core.environment:checking '/home/vboxuser/ros2_ws/install/examples_rclcpp_minimal_publisher/bin'
[4.894s] Level 1:colcon.colcon_core.environment:checking '/home/vboxuser/ros2_ws/install/examples_rclcpp_minimal_publisher/lib/pkgconfig/examples_rclcpp_minimal_publisher.pc'
[4.894s] Level 1:colcon.colcon_core.environment:checking '/home/vboxuser/ros2_ws/install/examples_rclcpp_minimal_publisher/lib/python3.10/site-packages'
[4.894s] Level 1:colcon.colcon_core.environment:checking '/home/vboxuser/ros2_ws/install/examples_rclcpp_minimal_publisher/bin'
[4.895s] INFO:colcon.colcon_core.shell:Creating package script '/home/vboxuser/ros2_ws/install/examples_rclcpp_minimal_publisher/share/examples_rclcpp_minimal_publisher/package.ps1'
[4.938s] INFO:colcon.colcon_core.shell:Creating package descriptor '/home/vboxuser/ros2_ws/install/examples_rclcpp_minimal_publisher/share/examples_rclcpp_minimal_publisher/package.dsv'
[4.947s] INFO:colcon.colcon_core.shell:Creating package script '/home/vboxuser/ros2_ws/install/examples_rclcpp_minimal_publisher/share/examples_rclcpp_minimal_publisher/package.sh'
[4.948s] INFO:colcon.colcon_core.shell:Creating package script '/home/vboxuser/ros2_ws/install/examples_rclcpp_minimal_publisher/share/examples_rclcpp_minimal_publisher/package.bash'
[4.950s] INFO:colcon.colcon_core.shell:Creating package script '/home/vboxuser/ros2_ws/install/examples_rclcpp_minimal_publisher/share/examples_rclcpp_minimal_publisher/package.zsh'
[4.954s] Level 1:colcon.colcon_core.environment:create_file_with_runtime_dependencies(/home/vboxuser/ros2_ws/install/examples_rclcpp_minimal_publisher/share/colcon-core/packages/examples_rclcpp_minimal_publisher)
[4.960s] Level 1:colcon.colcon_core.environment:create_environment_scripts_only(examples_rclcpp_minimal_publisher)
[4.964s] Level 1:colcon.colcon_core.environment:checking '/home/vboxuser/ros2_ws/install/examples_rclcpp_minimal_publisher' for CMake module files
[4.966s] Level 1:colcon.colcon_core.environment:checking '/home/vboxuser/ros2_ws/install/examples_rclcpp_minimal_publisher' for CMake config files
[4.970s] Level 1:colcon.colcon_core.shell:create_environment_hook('examples_rclcpp_minimal_publisher', 'cmake_prefix_path')
[4.974s] INFO:colcon.colcon_core.shell:Creating environment hook '/home/vboxuser/ros2_ws/install/examples_rclcpp_minimal_publisher/share/examples_rclcpp_minimal_publisher/hook/cmake_prefix_path.ps1'
[4.978s] INFO:colcon.colcon_core.shell:Creating environment descriptor '/home/vboxuser/ros2_ws/install/examples_rclcpp_minimal_publisher/share/examples_rclcpp_minimal_publisher/hook/cmake_prefix_path.dsv'
[4.986s] INFO:colcon.colcon_core.shell:Creating environment hook '/home/vboxuser/ros2_ws/install/examples_rclcpp_minimal_publisher/share/examples_rclcpp_minimal_publisher/hook/cmake_prefix_path.sh'
[4.998s] Level 1:colcon.colcon_core.environment:checking '/home/vboxuser/ros2_ws/install/examples_rclcpp_minimal_publisher/lib'
[4.999s] Level 1:colcon.colcon_core.environment:checking '/home/vboxuser/ros2_ws/install/examples_rclcpp_minimal_publisher/bin'
[4.999s] Level 1:colcon.colcon_core.environment:checking '/home/vboxuser/ros2_ws/install/examples_rclcpp_minimal_publisher/lib/pkgconfig/examples_rclcpp_minimal_publisher.pc'
[4.999s] Level 1:colcon.colcon_core.environment:checking '/home/vboxuser/ros2_ws/install/examples_rclcpp_minimal_publisher/lib/python3.10/site-packages'
[5.000s] Level 1:colcon.colcon_core.environment:checking '/home/vboxuser/ros2_ws/install/examples_rclcpp_minimal_publisher/bin'
[5.000s] INFO:colcon.colcon_core.shell:Creating package script '/home/vboxuser/ros2_ws/install/examples_rclcpp_minimal_publisher/share/examples_rclcpp_minimal_publisher/package.ps1'
[5.001s] INFO:colcon.colcon_core.shell:Creating package descriptor '/home/vboxuser/ros2_ws/install/examples_rclcpp_minimal_publisher/share/examples_rclcpp_minimal_publisher/package.dsv'
[5.024s] INFO:colcon.colcon_core.shell:Creating package script '/home/vboxuser/ros2_ws/install/examples_rclcpp_minimal_publisher/share/examples_rclcpp_minimal_publisher/package.sh'
[5.026s] INFO:colcon.colcon_core.shell:Creating package script '/home/vboxuser/ros2_ws/install/examples_rclcpp_minimal_publisher/share/examples_rclcpp_minimal_publisher/package.bash'
[5.036s] INFO:colcon.colcon_core.shell:Creating package script '/home/vboxuser/ros2_ws/install/examples_rclcpp_minimal_publisher/share/examples_rclcpp_minimal_publisher/package.zsh'
[5.049s] Level 1:colcon.colcon_core.environment:create_file_with_runtime_dependencies(/home/vboxuser/ros2_ws/install/examples_rclcpp_minimal_publisher/share/colcon-core/packages/examples_rclcpp_minimal_publisher)
[5.062s] INFO:colcon.colcon_ros.task.ament_cmake.build:Building ROS package in '/home/vboxuser/ros2_ws/src/examples/rclcpp/executors/multithreaded_executor' with build type 'ament_cmake'
[5.064s] INFO:colcon.colcon_cmake.task.cmake.build:Building CMake package in '/home/vboxuser/ros2_ws/src/examples/rclcpp/executors/multithreaded_executor'
[5.064s] INFO:colcon.colcon_core.shell:Skip shell extension 'powershell' for command environment: Not usable outside of PowerShell
[5.065s] DEBUG:colcon.colcon_core.shell:Skip shell extension 'dsv' for command environment
[5.236s] DEBUG:colcon.colcon_core.event_handler.log_command:Invoking command in '/home/vboxuser/ros2_ws/build/examples_rclcpp_minimal_timer': CMAKE_PREFIX_PATH=${CMAKE_PREFIX_PATH}:/home/vboxuser/ros2_ws/install/py_pubsub:/home/vboxuser/ros2_ws/install/launch_testing_examples:/home/vboxuser/ros2_ws/install/examples_rclpy_pointcloud_publisher:/home/vboxuser/ros2_ws/install/examples_rclpy_minimal_subscriber:/home/vboxuser/ros2_ws/install/examples_rclpy_minimal_service:/home/vboxuser/ros2_ws/install/examples_rclpy_minimal_publisher:/home/vboxuser/ros2_ws/install/examples_rclpy_minimal_client:/home/vboxuser/ros2_ws/install/examples_rclpy_minimal_action_server:/home/vboxuser/ros2_ws/install/examples_rclpy_minimal_action_client:/home/vboxuser/ros2_ws/install/examples_rclpy_guard_conditions:/home/vboxuser/ros2_ws/install/examples_rclpy_executors:/home/vboxuser/ros2_ws/install/bms_visualizer:/opt/ros/iron:/home/vboxuser/ros2_iron/install/rqt_bag_plugins:/home/vboxuser/ros2_iron/install/rqt_bag:/home/vboxuser/ros2_iron/install/rosbag2_examples_py:/home/vboxuser/ros2_iron/install/launch_testing_examples:/home/vboxuser/ros2_iron/install/ros2bag:/home/vboxuser/ros2_iron/install/tracetools_test:/home/vboxuser/ros2_iron/install/tracetools_launch:/home/vboxuser/ros2_iron/install/topic_monitor:/home/vboxuser/ros2_iron/install/tf2_tools:/home/vboxuser/ros2_iron/install/examples_tf2_py:/home/vboxuser/ros2_iron/install/tf2_ros_py:/home/vboxuser/ros2_iron/install/examples_rclpy_pointcloud_publisher:/home/vboxuser/ros2_iron/install/sensor_msgs_py:/home/vboxuser/ros2_iron/install/quality_of_service_demo_py:/home/vboxuser/ros2_iron/install/rqt_plot:/home/vboxuser/ros2_iron/install/ros2doctor:/home/vboxuser/ros2_iron/install/lifecycle_py:/home/vboxuser/ros2_iron/install/examples_rclpy_minimal_subscriber:/home/vboxuser/ros2_iron/install/examples_rclpy_minimal_service:/home/vboxuser/ros2_iron/install/examples_rclpy_minimal_publisher:/home/vboxuser/ros2_iron/install/examples_rclpy_minimal_client:/home/vboxuser/ros2_iron/install/examples_rclpy_executors:/home/vboxuser/ros2_iron/install/demo_nodes_py:/home/vboxuser/ros2_iron/install/rqt:/home/vboxuser/ros2_iron/install/ros2component:/home/vboxuser/ros2_iron/install/sros2:/home/vboxuser/ros2_iron/install/rqt_topic:/home/vboxuser/ros2_iron/install/rqt_srv:/home/vboxuser/ros2_iron/install/rqt_shell:/home/vboxuser/ros2_iron/install/rqt_service_caller:/home/vboxuser/ros2_iron/install/rqt_reconfigure:/home/vboxuser/ros2_iron/install/rqt_py_console:/home/vboxuser/ros2_iron/install/rqt_publisher:/home/vboxuser/ros2_iron/install/rqt_action:/home/vboxuser/ros2_iron/install/rqt_msg:/home/vboxuser/ros2_iron/install/rqt_console:/home/vboxuser/ros2_iron/install/rqt_graph:/home/vboxuser/ros2_iron/install/rqt_gui_py:/home/vboxuser/ros2_iron/install/rqt_gui:/home/vboxuser/ros2_iron/install/ros2trace:/home/vboxuser/ros2_iron/install/ros2topic:/home/vboxuser/ros2_iron/install/ros2test:/home/vboxuser/ros2_iron/install/ros2param:/home/vboxuser/ros2_iron/install/ros2lifecycle:/home/vboxuser/ros2_iron/install/ros2service:/home/vboxuser/ros2_iron/install/ros2run:/home/vboxuser/ros2_iron/install/ros2launch:/home/vboxuser/ros2_iron/install/ros2pkg:/home/vboxuser/ros2_iron/install/ros2node:/home/vboxuser/ros2_iron/install/ros2multicast:/home/vboxuser/ros2_iron/install/ros2interface:/home/vboxuser/ros2_iron/install/ros2action:/home/vboxuser/ros2_iron/install/ros2cli:/home/vboxuser/ros2_iron/install/launch_testing_ros:/home/vboxuser/ros2_iron/install/launch_ros:/home/vboxuser/ros2_iron/install/examples_rclpy_minimal_action_server:/home/vboxuser/ros2_iron/install/examples_rclpy_minimal_action_client:/home/vboxuser/ros2_iron/install/examples_rclpy_guard_conditions:/home/vboxuser/ros2_iron/install/action_tutorials_py:/home/vboxuser/ros2_iron/install/ament_uncrustify:/home/vboxuser/ros2_iron/install/tracetools_trace:/home/vboxuser/ros2_iron/install/tracetools_read:/home/vboxuser/ros2_iron/install/test_tracetools_launch:/home/vboxuser/ros2_iron/install/test_ros2trace:/home/vboxuser/ros2_iron/install/test_launch_ros:/home/vboxuser/ros2_iron/install/rpyutils:/home/vboxuser/ros2_iron/install/rosidl_runtime_py:/home/vboxuser/ros2_iron/install/rosidl_pycommon:/home/vboxuser/ros2_iron/install/rosidl_cli:/home/vboxuser/ros2_iron/install/launch_pytest:/home/vboxuser/ros2_iron/install/launch_testing:/home/vboxuser/ros2_iron/install/launch_yaml:/home/vboxuser/ros2_iron/install/launch_xml:/home/vboxuser/ros2_iron/install/launch:/home/vboxuser/ros2_iron/install/osrf_pycommon:/home/vboxuser/ros2_iron/install/domain_coordinator:/home/vboxuser/ros2_iron/install/ament_xmllint:/home/vboxuser/ros2_iron/install/ament_pyflakes:/home/vboxuser/ros2_iron/install/ament_pycodestyle:/home/vboxuser/ros2_iron/install/ament_pep257:/home/vboxuser/ros2_iron/install/ament_pclint:/home/vboxuser/ros2_iron/install/ament_package:/home/vboxuser/ros2_iron/install/ament_mypy:/home/vboxuser/ros2_iron/install/ament_lint_cmake:/home/vboxuser/ros2_iron/install/ament_flake8:/home/vboxuser/ros2_iron/install/ament_copyright:/home/vboxuser/ros2_iron/install/ament_lint:/home/vboxuser/ros2_iron/install/ament_index_python:/home/vboxuser/ros2_iron/install/ament_cpplint:/home/vboxuser/ros2_iron/install/ament_cppcheck:/home/vboxuser/ros2_iron/install/ament_clang_tidy:/home/vboxuser/ros2_iron/install/ament_clang_format /usr/bin/cmake --build /home/vboxuser/ros2_ws/build/examples_rclcpp_minimal_timer -- -j4 -l4
[5.403s] DEBUG:colcon.colcon_core.event_handler.log_command:Invoking command in '/home/vboxuser/ros2_ws/build/examples_rclcpp_multithreaded_executor': CMAKE_PREFIX_PATH=${CMAKE_PREFIX_PATH}:/home/vboxuser/ros2_ws/install/py_pubsub:/home/vboxuser/ros2_ws/install/launch_testing_examples:/home/vboxuser/ros2_ws/install/examples_rclpy_pointcloud_publisher:/home/vboxuser/ros2_ws/install/examples_rclpy_minimal_subscriber:/home/vboxuser/ros2_ws/install/examples_rclpy_minimal_service:/home/vboxuser/ros2_ws/install/examples_rclpy_minimal_publisher:/home/vboxuser/ros2_ws/install/examples_rclpy_minimal_client:/home/vboxuser/ros2_ws/install/examples_rclpy_minimal_action_server:/home/vboxuser/ros2_ws/install/examples_rclpy_minimal_action_client:/home/vboxuser/ros2_ws/install/examples_rclpy_guard_conditions:/home/vboxuser/ros2_ws/install/examples_rclpy_executors:/home/vboxuser/ros2_ws/install/bms_visualizer:/opt/ros/iron:/home/vboxuser/ros2_iron/install/rqt_bag_plugins:/home/vboxuser/ros2_iron/install/rqt_bag:/home/vboxuser/ros2_iron/install/rosbag2_examples_py:/home/vboxuser/ros2_iron/install/launch_testing_examples:/home/vboxuser/ros2_iron/install/ros2bag:/home/vboxuser/ros2_iron/install/tracetools_test:/home/vboxuser/ros2_iron/install/tracetools_launch:/home/vboxuser/ros2_iron/install/topic_monitor:/home/vboxuser/ros2_iron/install/tf2_tools:/home/vboxuser/ros2_iron/install/examples_tf2_py:/home/vboxuser/ros2_iron/install/tf2_ros_py:/home/vboxuser/ros2_iron/install/examples_rclpy_pointcloud_publisher:/home/vboxuser/ros2_iron/install/sensor_msgs_py:/home/vboxuser/ros2_iron/install/quality_of_service_demo_py:/home/vboxuser/ros2_iron/install/rqt_plot:/home/vboxuser/ros2_iron/install/ros2doctor:/home/vboxuser/ros2_iron/install/lifecycle_py:/home/vboxuser/ros2_iron/install/examples_rclpy_minimal_subscriber:/home/vboxuser/ros2_iron/install/examples_rclpy_minimal_service:/home/vboxuser/ros2_iron/install/examples_rclpy_minimal_publisher:/home/vboxuser/ros2_iron/install/examples_rclpy_minimal_client:/home/vboxuser/ros2_iron/install/examples_rclpy_executors:/home/vboxuser/ros2_iron/install/demo_nodes_py:/home/vboxuser/ros2_iron/install/rqt:/home/vboxuser/ros2_iron/install/ros2component:/home/vboxuser/ros2_iron/install/sros2:/home/vboxuser/ros2_iron/install/rqt_topic:/home/vboxuser/ros2_iron/install/rqt_srv:/home/vboxuser/ros2_iron/install/rqt_shell:/home/vboxuser/ros2_iron/install/rqt_service_caller:/home/vboxuser/ros2_iron/install/rqt_reconfigure:/home/vboxuser/ros2_iron/install/rqt_py_console:/home/vboxuser/ros2_iron/install/rqt_publisher:/home/vboxuser/ros2_iron/install/rqt_action:/home/vboxuser/ros2_iron/install/rqt_msg:/home/vboxuser/ros2_iron/install/rqt_console:/home/vboxuser/ros2_iron/install/rqt_graph:/home/vboxuser/ros2_iron/install/rqt_gui_py:/home/vboxuser/ros2_iron/install/rqt_gui:/home/vboxuser/ros2_iron/install/ros2trace:/home/vboxuser/ros2_iron/install/ros2topic:/home/vboxuser/ros2_iron/install/ros2test:/home/vboxuser/ros2_iron/install/ros2param:/home/vboxuser/ros2_iron/install/ros2lifecycle:/home/vboxuser/ros2_iron/install/ros2service:/home/vboxuser/ros2_iron/install/ros2run:/home/vboxuser/ros2_iron/install/ros2launch:/home/vboxuser/ros2_iron/install/ros2pkg:/home/vboxuser/ros2_iron/install/ros2node:/home/vboxuser/ros2_iron/install/ros2multicast:/home/vboxuser/ros2_iron/install/ros2interface:/home/vboxuser/ros2_iron/install/ros2action:/home/vboxuser/ros2_iron/install/ros2cli:/home/vboxuser/ros2_iron/install/launch_testing_ros:/home/vboxuser/ros2_iron/install/launch_ros:/home/vboxuser/ros2_iron/install/examples_rclpy_minimal_action_server:/home/vboxuser/ros2_iron/install/examples_rclpy_minimal_action_client:/home/vboxuser/ros2_iron/install/examples_rclpy_guard_conditions:/home/vboxuser/ros2_iron/install/action_tutorials_py:/home/vboxuser/ros2_iron/install/ament_uncrustify:/home/vboxuser/ros2_iron/install/tracetools_trace:/home/vboxuser/ros2_iron/install/tracetools_read:/home/vboxuser/ros2_iron/install/test_tracetools_launch:/home/vboxuser/ros2_iron/install/test_ros2trace:/home/vboxuser/ros2_iron/install/test_launch_ros:/home/vboxuser/ros2_iron/install/rpyutils:/home/vboxuser/ros2_iron/install/rosidl_runtime_py:/home/vboxuser/ros2_iron/install/rosidl_pycommon:/home/vboxuser/ros2_iron/install/rosidl_cli:/home/vboxuser/ros2_iron/install/launch_pytest:/home/vboxuser/ros2_iron/install/launch_testing:/home/vboxuser/ros2_iron/install/launch_yaml:/home/vboxuser/ros2_iron/install/launch_xml:/home/vboxuser/ros2_iron/install/launch:/home/vboxuser/ros2_iron/install/osrf_pycommon:/home/vboxuser/ros2_iron/install/domain_coordinator:/home/vboxuser/ros2_iron/install/ament_xmllint:/home/vboxuser/ros2_iron/install/ament_pyflakes:/home/vboxuser/ros2_iron/install/ament_pycodestyle:/home/vboxuser/ros2_iron/install/ament_pep257:/home/vboxuser/ros2_iron/install/ament_pclint:/home/vboxuser/ros2_iron/install/ament_package:/home/vboxuser/ros2_iron/install/ament_mypy:/home/vboxuser/ros2_iron/install/ament_lint_cmake:/home/vboxuser/ros2_iron/install/ament_flake8:/home/vboxuser/ros2_iron/install/ament_copyright:/home/vboxuser/ros2_iron/install/ament_lint:/home/vboxuser/ros2_iron/install/ament_index_python:/home/vboxuser/ros2_iron/install/ament_cpplint:/home/vboxuser/ros2_iron/install/ament_cppcheck:/home/vboxuser/ros2_iron/install/ament_clang_tidy:/home/vboxuser/ros2_iron/install/ament_clang_format /usr/bin/cmake --build /home/vboxuser/ros2_ws/build/examples_rclcpp_multithreaded_executor -- -j4 -l4
[6.090s] DEBUG:colcon.colcon_core.event_handler.log_command:Invoked command in '/home/vboxuser/ros2_ws/build/examples_rclcpp_minimal_subscriber' returned '0': CMAKE_PREFIX_PATH=${CMAKE_PREFIX_PATH}:/home/vboxuser/ros2_ws/install/py_pubsub:/home/vboxuser/ros2_ws/install/launch_testing_examples:/home/vboxuser/ros2_ws/install/examples_rclpy_pointcloud_publisher:/home/vboxuser/ros2_ws/install/examples_rclpy_minimal_subscriber:/home/vboxuser/ros2_ws/install/examples_rclpy_minimal_service:/home/vboxuser/ros2_ws/install/examples_rclpy_minimal_publisher:/home/vboxuser/ros2_ws/install/examples_rclpy_minimal_client:/home/vboxuser/ros2_ws/install/examples_rclpy_minimal_action_server:/home/vboxuser/ros2_ws/install/examples_rclpy_minimal_action_client:/home/vboxuser/ros2_ws/install/examples_rclpy_guard_conditions:/home/vboxuser/ros2_ws/install/examples_rclpy_executors:/home/vboxuser/ros2_ws/install/bms_visualizer:/opt/ros/iron:/home/vboxuser/ros2_iron/install/rqt_bag_plugins:/home/vboxuser/ros2_iron/install/rqt_bag:/home/vboxuser/ros2_iron/install/rosbag2_examples_py:/home/vboxuser/ros2_iron/install/launch_testing_examples:/home/vboxuser/ros2_iron/install/ros2bag:/home/vboxuser/ros2_iron/install/tracetools_test:/home/vboxuser/ros2_iron/install/tracetools_launch:/home/vboxuser/ros2_iron/install/topic_monitor:/home/vboxuser/ros2_iron/install/tf2_tools:/home/vboxuser/ros2_iron/install/examples_tf2_py:/home/vboxuser/ros2_iron/install/tf2_ros_py:/home/vboxuser/ros2_iron/install/examples_rclpy_pointcloud_publisher:/home/vboxuser/ros2_iron/install/sensor_msgs_py:/home/vboxuser/ros2_iron/install/quality_of_service_demo_py:/home/vboxuser/ros2_iron/install/rqt_plot:/home/vboxuser/ros2_iron/install/ros2doctor:/home/vboxuser/ros2_iron/install/lifecycle_py:/home/vboxuser/ros2_iron/install/examples_rclpy_minimal_subscriber:/home/vboxuser/ros2_iron/install/examples_rclpy_minimal_service:/home/vboxuser/ros2_iron/install/examples_rclpy_minimal_publisher:/home/vboxuser/ros2_iron/install/examples_rclpy_minimal_client:/home/vboxuser/ros2_iron/install/examples_rclpy_executors:/home/vboxuser/ros2_iron/install/demo_nodes_py:/home/vboxuser/ros2_iron/install/rqt:/home/vboxuser/ros2_iron/install/ros2component:/home/vboxuser/ros2_iron/install/sros2:/home/vboxuser/ros2_iron/install/rqt_topic:/home/vboxuser/ros2_iron/install/rqt_srv:/home/vboxuser/ros2_iron/install/rqt_shell:/home/vboxuser/ros2_iron/install/rqt_service_caller:/home/vboxuser/ros2_iron/install/rqt_reconfigure:/home/vboxuser/ros2_iron/install/rqt_py_console:/home/vboxuser/ros2_iron/install/rqt_publisher:/home/vboxuser/ros2_iron/install/rqt_action:/home/vboxuser/ros2_iron/install/rqt_msg:/home/vboxuser/ros2_iron/install/rqt_console:/home/vboxuser/ros2_iron/install/rqt_graph:/home/vboxuser/ros2_iron/install/rqt_gui_py:/home/vboxuser/ros2_iron/install/rqt_gui:/home/vboxuser/ros2_iron/install/ros2trace:/home/vboxuser/ros2_iron/install/ros2topic:/home/vboxuser/ros2_iron/install/ros2test:/home/vboxuser/ros2_iron/install/ros2param:/home/vboxuser/ros2_iron/install/ros2lifecycle:/home/vboxuser/ros2_iron/install/ros2service:/home/vboxuser/ros2_iron/install/ros2run:/home/vboxuser/ros2_iron/install/ros2launch:/home/vboxuser/ros2_iron/install/ros2pkg:/home/vboxuser/ros2_iron/install/ros2node:/home/vboxuser/ros2_iron/install/ros2multicast:/home/vboxuser/ros2_iron/install/ros2interface:/home/vboxuser/ros2_iron/install/ros2action:/home/vboxuser/ros2_iron/install/ros2cli:/home/vboxuser/ros2_iron/install/launch_testing_ros:/home/vboxuser/ros2_iron/install/launch_ros:/home/vboxuser/ros2_iron/install/examples_rclpy_minimal_action_server:/home/vboxuser/ros2_iron/install/examples_rclpy_minimal_action_client:/home/vboxuser/ros2_iron/install/examples_rclpy_guard_conditions:/home/vboxuser/ros2_iron/install/action_tutorials_py:/home/vboxuser/ros2_iron/install/ament_uncrustify:/home/vboxuser/ros2_iron/install/tracetools_trace:/home/vboxuser/ros2_iron/install/tracetools_read:/home/vboxuser/ros2_iron/install/test_tracetools_launch:/home/vboxuser/ros2_iron/install/test_ros2trace:/home/vboxuser/ros2_iron/install/test_launch_ros:/home/vboxuser/ros2_iron/install/rpyutils:/home/vboxuser/ros2_iron/install/rosidl_runtime_py:/home/vboxuser/ros2_iron/install/rosidl_pycommon:/home/vboxuser/ros2_iron/install/rosidl_cli:/home/vboxuser/ros2_iron/install/launch_pytest:/home/vboxuser/ros2_iron/install/launch_testing:/home/vboxuser/ros2_iron/install/launch_yaml:/home/vboxuser/ros2_iron/install/launch_xml:/home/vboxuser/ros2_iron/install/launch:/home/vboxuser/ros2_iron/install/osrf_pycommon:/home/vboxuser/ros2_iron/install/domain_coordinator:/home/vboxuser/ros2_iron/install/ament_xmllint:/home/vboxuser/ros2_iron/install/ament_pyflakes:/home/vboxuser/ros2_iron/install/ament_pycodestyle:/home/vboxuser/ros2_iron/install/ament_pep257:/home/vboxuser/ros2_iron/install/ament_pclint:/home/vboxuser/ros2_iron/install/ament_package:/home/vboxuser/ros2_iron/install/ament_mypy:/home/vboxuser/ros2_iron/install/ament_lint_cmake:/home/vboxuser/ros2_iron/install/ament_flake8:/home/vboxuser/ros2_iron/install/ament_copyright:/home/vboxuser/ros2_iron/install/ament_lint:/home/vboxuser/ros2_iron/install/ament_index_python:/home/vboxuser/ros2_iron/install/ament_cpplint:/home/vboxuser/ros2_iron/install/ament_cppcheck:/home/vboxuser/ros2_iron/install/ament_clang_tidy:/home/vboxuser/ros2_iron/install/ament_clang_format /usr/bin/cmake --build /home/vboxuser/ros2_ws/build/examples_rclcpp_minimal_subscriber -- -j4 -l4
[6.101s] DEBUG:colcon.colcon_core.event_handler.log_command:Invoking command in '/home/vboxuser/ros2_ws/build/examples_rclcpp_minimal_subscriber': CMAKE_PREFIX_PATH=${CMAKE_PREFIX_PATH}:/home/vboxuser/ros2_ws/install/py_pubsub:/home/vboxuser/ros2_ws/install/launch_testing_examples:/home/vboxuser/ros2_ws/install/examples_rclpy_pointcloud_publisher:/home/vboxuser/ros2_ws/install/examples_rclpy_minimal_subscriber:/home/vboxuser/ros2_ws/install/examples_rclpy_minimal_service:/home/vboxuser/ros2_ws/install/examples_rclpy_minimal_publisher:/home/vboxuser/ros2_ws/install/examples_rclpy_minimal_client:/home/vboxuser/ros2_ws/install/examples_rclpy_minimal_action_server:/home/vboxuser/ros2_ws/install/examples_rclpy_minimal_action_client:/home/vboxuser/ros2_ws/install/examples_rclpy_guard_conditions:/home/vboxuser/ros2_ws/install/examples_rclpy_executors:/home/vboxuser/ros2_ws/install/bms_visualizer:/opt/ros/iron:/home/vboxuser/ros2_iron/install/rqt_bag_plugins:/home/vboxuser/ros2_iron/install/rqt_bag:/home/vboxuser/ros2_iron/install/rosbag2_examples_py:/home/vboxuser/ros2_iron/install/launch_testing_examples:/home/vboxuser/ros2_iron/install/ros2bag:/home/vboxuser/ros2_iron/install/tracetools_test:/home/vboxuser/ros2_iron/install/tracetools_launch:/home/vboxuser/ros2_iron/install/topic_monitor:/home/vboxuser/ros2_iron/install/tf2_tools:/home/vboxuser/ros2_iron/install/examples_tf2_py:/home/vboxuser/ros2_iron/install/tf2_ros_py:/home/vboxuser/ros2_iron/install/examples_rclpy_pointcloud_publisher:/home/vboxuser/ros2_iron/install/sensor_msgs_py:/home/vboxuser/ros2_iron/install/quality_of_service_demo_py:/home/vboxuser/ros2_iron/install/rqt_plot:/home/vboxuser/ros2_iron/install/ros2doctor:/home/vboxuser/ros2_iron/install/lifecycle_py:/home/vboxuser/ros2_iron/install/examples_rclpy_minimal_subscriber:/home/vboxuser/ros2_iron/install/examples_rclpy_minimal_service:/home/vboxuser/ros2_iron/install/examples_rclpy_minimal_publisher:/home/vboxuser/ros2_iron/install/examples_rclpy_minimal_client:/home/vboxuser/ros2_iron/install/examples_rclpy_executors:/home/vboxuser/ros2_iron/install/demo_nodes_py:/home/vboxuser/ros2_iron/install/rqt:/home/vboxuser/ros2_iron/install/ros2component:/home/vboxuser/ros2_iron/install/sros2:/home/vboxuser/ros2_iron/install/rqt_topic:/home/vboxuser/ros2_iron/install/rqt_srv:/home/vboxuser/ros2_iron/install/rqt_shell:/home/vboxuser/ros2_iron/install/rqt_service_caller:/home/vboxuser/ros2_iron/install/rqt_reconfigure:/home/vboxuser/ros2_iron/install/rqt_py_console:/home/vboxuser/ros2_iron/install/rqt_publisher:/home/vboxuser/ros2_iron/install/rqt_action:/home/vboxuser/ros2_iron/install/rqt_msg:/home/vboxuser/ros2_iron/install/rqt_console:/home/vboxuser/ros2_iron/install/rqt_graph:/home/vboxuser/ros2_iron/install/rqt_gui_py:/home/vboxuser/ros2_iron/install/rqt_gui:/home/vboxuser/ros2_iron/install/ros2trace:/home/vboxuser/ros2_iron/install/ros2topic:/home/vboxuser/ros2_iron/install/ros2test:/home/vboxuser/ros2_iron/install/ros2param:/home/vboxuser/ros2_iron/install/ros2lifecycle:/home/vboxuser/ros2_iron/install/ros2service:/home/vboxuser/ros2_iron/install/ros2run:/home/vboxuser/ros2_iron/install/ros2launch:/home/vboxuser/ros2_iron/install/ros2pkg:/home/vboxuser/ros2_iron/install/ros2node:/home/vboxuser/ros2_iron/install/ros2multicast:/home/vboxuser/ros2_iron/install/ros2interface:/home/vboxuser/ros2_iron/install/ros2action:/home/vboxuser/ros2_iron/install/ros2cli:/home/vboxuser/ros2_iron/install/launch_testing_ros:/home/vboxuser/ros2_iron/install/launch_ros:/home/vboxuser/ros2_iron/install/examples_rclpy_minimal_action_server:/home/vboxuser/ros2_iron/install/examples_rclpy_minimal_action_client:/home/vboxuser/ros2_iron/install/examples_rclpy_guard_conditions:/home/vboxuser/ros2_iron/install/action_tutorials_py:/home/vboxuser/ros2_iron/install/ament_uncrustify:/home/vboxuser/ros2_iron/install/tracetools_trace:/home/vboxuser/ros2_iron/install/tracetools_read:/home/vboxuser/ros2_iron/install/test_tracetools_launch:/home/vboxuser/ros2_iron/install/test_ros2trace:/home/vboxuser/ros2_iron/install/test_launch_ros:/home/vboxuser/ros2_iron/install/rpyutils:/home/vboxuser/ros2_iron/install/rosidl_runtime_py:/home/vboxuser/ros2_iron/install/rosidl_pycommon:/home/vboxuser/ros2_iron/install/rosidl_cli:/home/vboxuser/ros2_iron/install/launch_pytest:/home/vboxuser/ros2_iron/install/launch_testing:/home/vboxuser/ros2_iron/install/launch_yaml:/home/vboxuser/ros2_iron/install/launch_xml:/home/vboxuser/ros2_iron/install/launch:/home/vboxuser/ros2_iron/install/osrf_pycommon:/home/vboxuser/ros2_iron/install/domain_coordinator:/home/vboxuser/ros2_iron/install/ament_xmllint:/home/vboxuser/ros2_iron/install/ament_pyflakes:/home/vboxuser/ros2_iron/install/ament_pycodestyle:/home/vboxuser/ros2_iron/install/ament_pep257:/home/vboxuser/ros2_iron/install/ament_pclint:/home/vboxuser/ros2_iron/install/ament_package:/home/vboxuser/ros2_iron/install/ament_mypy:/home/vboxuser/ros2_iron/install/ament_lint_cmake:/home/vboxuser/ros2_iron/install/ament_flake8:/home/vboxuser/ros2_iron/install/ament_copyright:/home/vboxuser/ros2_iron/install/ament_lint:/home/vboxuser/ros2_iron/install/ament_index_python:/home/vboxuser/ros2_iron/install/ament_cpplint:/home/vboxuser/ros2_iron/install/ament_cppcheck:/home/vboxuser/ros2_iron/install/ament_clang_tidy:/home/vboxuser/ros2_iron/install/ament_clang_format /usr/bin/cmake --install /home/vboxuser/ros2_ws/build/examples_rclcpp_minimal_subscriber
[6.359s] DEBUG:colcon.colcon_core.event_handler.log_command:Invoked command in '/home/vboxuser/ros2_ws/build/examples_rclcpp_minimal_timer' returned '0': CMAKE_PREFIX_PATH=${CMAKE_PREFIX_PATH}:/home/vboxuser/ros2_ws/install/py_pubsub:/home/vboxuser/ros2_ws/install/launch_testing_examples:/home/vboxuser/ros2_ws/install/examples_rclpy_pointcloud_publisher:/home/vboxuser/ros2_ws/install/examples_rclpy_minimal_subscriber:/home/vboxuser/ros2_ws/install/examples_rclpy_minimal_service:/home/vboxuser/ros2_ws/install/examples_rclpy_minimal_publisher:/home/vboxuser/ros2_ws/install/examples_rclpy_minimal_client:/home/vboxuser/ros2_ws/install/examples_rclpy_minimal_action_server:/home/vboxuser/ros2_ws/install/examples_rclpy_minimal_action_client:/home/vboxuser/ros2_ws/install/examples_rclpy_guard_conditions:/home/vboxuser/ros2_ws/install/examples_rclpy_executors:/home/vboxuser/ros2_ws/install/bms_visualizer:/opt/ros/iron:/home/vboxuser/ros2_iron/install/rqt_bag_plugins:/home/vboxuser/ros2_iron/install/rqt_bag:/home/vboxuser/ros2_iron/install/rosbag2_examples_py:/home/vboxuser/ros2_iron/install/launch_testing_examples:/home/vboxuser/ros2_iron/install/ros2bag:/home/vboxuser/ros2_iron/install/tracetools_test:/home/vboxuser/ros2_iron/install/tracetools_launch:/home/vboxuser/ros2_iron/install/topic_monitor:/home/vboxuser/ros2_iron/install/tf2_tools:/home/vboxuser/ros2_iron/install/examples_tf2_py:/home/vboxuser/ros2_iron/install/tf2_ros_py:/home/vboxuser/ros2_iron/install/examples_rclpy_pointcloud_publisher:/home/vboxuser/ros2_iron/install/sensor_msgs_py:/home/vboxuser/ros2_iron/install/quality_of_service_demo_py:/home/vboxuser/ros2_iron/install/rqt_plot:/home/vboxuser/ros2_iron/install/ros2doctor:/home/vboxuser/ros2_iron/install/lifecycle_py:/home/vboxuser/ros2_iron/install/examples_rclpy_minimal_subscriber:/home/vboxuser/ros2_iron/install/examples_rclpy_minimal_service:/home/vboxuser/ros2_iron/install/examples_rclpy_minimal_publisher:/home/vboxuser/ros2_iron/install/examples_rclpy_minimal_client:/home/vboxuser/ros2_iron/install/examples_rclpy_executors:/home/vboxuser/ros2_iron/install/demo_nodes_py:/home/vboxuser/ros2_iron/install/rqt:/home/vboxuser/ros2_iron/install/ros2component:/home/vboxuser/ros2_iron/install/sros2:/home/vboxuser/ros2_iron/install/rqt_topic:/home/vboxuser/ros2_iron/install/rqt_srv:/home/vboxuser/ros2_iron/install/rqt_shell:/home/vboxuser/ros2_iron/install/rqt_service_caller:/home/vboxuser/ros2_iron/install/rqt_reconfigure:/home/vboxuser/ros2_iron/install/rqt_py_console:/home/vboxuser/ros2_iron/install/rqt_publisher:/home/vboxuser/ros2_iron/install/rqt_action:/home/vboxuser/ros2_iron/install/rqt_msg:/home/vboxuser/ros2_iron/install/rqt_console:/home/vboxuser/ros2_iron/install/rqt_graph:/home/vboxuser/ros2_iron/install/rqt_gui_py:/home/vboxuser/ros2_iron/install/rqt_gui:/home/vboxuser/ros2_iron/install/ros2trace:/home/vboxuser/ros2_iron/install/ros2topic:/home/vboxuser/ros2_iron/install/ros2test:/home/vboxuser/ros2_iron/install/ros2param:/home/vboxuser/ros2_iron/install/ros2lifecycle:/home/vboxuser/ros2_iron/install/ros2service:/home/vboxuser/ros2_iron/install/ros2run:/home/vboxuser/ros2_iron/install/ros2launch:/home/vboxuser/ros2_iron/install/ros2pkg:/home/vboxuser/ros2_iron/install/ros2node:/home/vboxuser/ros2_iron/install/ros2multicast:/home/vboxuser/ros2_iron/install/ros2interface:/home/vboxuser/ros2_iron/install/ros2action:/home/vboxuser/ros2_iron/install/ros2cli:/home/vboxuser/ros2_iron/install/launch_testing_ros:/home/vboxuser/ros2_iron/install/launch_ros:/home/vboxuser/ros2_iron/install/examples_rclpy_minimal_action_server:/home/vboxuser/ros2_iron/install/examples_rclpy_minimal_action_client:/home/vboxuser/ros2_iron/install/examples_rclpy_guard_conditions:/home/vboxuser/ros2_iron/install/action_tutorials_py:/home/vboxuser/ros2_iron/install/ament_uncrustify:/home/vboxuser/ros2_iron/install/tracetools_trace:/home/vboxuser/ros2_iron/install/tracetools_read:/home/vboxuser/ros2_iron/install/test_tracetools_launch:/home/vboxuser/ros2_iron/install/test_ros2trace:/home/vboxuser/ros2_iron/install/test_launch_ros:/home/vboxuser/ros2_iron/install/rpyutils:/home/vboxuser/ros2_iron/install/rosidl_runtime_py:/home/vboxuser/ros2_iron/install/rosidl_pycommon:/home/vboxuser/ros2_iron/install/rosidl_cli:/home/vboxuser/ros2_iron/install/launch_pytest:/home/vboxuser/ros2_iron/install/launch_testing:/home/vboxuser/ros2_iron/install/launch_yaml:/home/vboxuser/ros2_iron/install/launch_xml:/home/vboxuser/ros2_iron/install/launch:/home/vboxuser/ros2_iron/install/osrf_pycommon:/home/vboxuser/ros2_iron/install/domain_coordinator:/home/vboxuser/ros2_iron/install/ament_xmllint:/home/vboxuser/ros2_iron/install/ament_pyflakes:/home/vboxuser/ros2_iron/install/ament_pycodestyle:/home/vboxuser/ros2_iron/install/ament_pep257:/home/vboxuser/ros2_iron/install/ament_pclint:/home/vboxuser/ros2_iron/install/ament_package:/home/vboxuser/ros2_iron/install/ament_mypy:/home/vboxuser/ros2_iron/install/ament_lint_cmake:/home/vboxuser/ros2_iron/install/ament_flake8:/home/vboxuser/ros2_iron/install/ament_copyright:/home/vboxuser/ros2_iron/install/ament_lint:/home/vboxuser/ros2_iron/install/ament_index_python:/home/vboxuser/ros2_iron/install/ament_cpplint:/home/vboxuser/ros2_iron/install/ament_cppcheck:/home/vboxuser/ros2_iron/install/ament_clang_tidy:/home/vboxuser/ros2_iron/install/ament_clang_format /usr/bin/cmake --build /home/vboxuser/ros2_ws/build/examples_rclcpp_minimal_timer -- -j4 -l4
[6.429s] DEBUG:colcon.colcon_core.event_handler.log_command:Invoking command in '/home/vboxuser/ros2_ws/build/examples_rclcpp_minimal_timer': CMAKE_PREFIX_PATH=${CMAKE_PREFIX_PATH}:/home/vboxuser/ros2_ws/install/py_pubsub:/home/vboxuser/ros2_ws/install/launch_testing_examples:/home/vboxuser/ros2_ws/install/examples_rclpy_pointcloud_publisher:/home/vboxuser/ros2_ws/install/examples_rclpy_minimal_subscriber:/home/vboxuser/ros2_ws/install/examples_rclpy_minimal_service:/home/vboxuser/ros2_ws/install/examples_rclpy_minimal_publisher:/home/vboxuser/ros2_ws/install/examples_rclpy_minimal_client:/home/vboxuser/ros2_ws/install/examples_rclpy_minimal_action_server:/home/vboxuser/ros2_ws/install/examples_rclpy_minimal_action_client:/home/vboxuser/ros2_ws/install/examples_rclpy_guard_conditions:/home/vboxuser/ros2_ws/install/examples_rclpy_executors:/home/vboxuser/ros2_ws/install/bms_visualizer:/opt/ros/iron:/home/vboxuser/ros2_iron/install/rqt_bag_plugins:/home/vboxuser/ros2_iron/install/rqt_bag:/home/vboxuser/ros2_iron/install/rosbag2_examples_py:/home/vboxuser/ros2_iron/install/launch_testing_examples:/home/vboxuser/ros2_iron/install/ros2bag:/home/vboxuser/ros2_iron/install/tracetools_test:/home/vboxuser/ros2_iron/install/tracetools_launch:/home/vboxuser/ros2_iron/install/topic_monitor:/home/vboxuser/ros2_iron/install/tf2_tools:/home/vboxuser/ros2_iron/install/examples_tf2_py:/home/vboxuser/ros2_iron/install/tf2_ros_py:/home/vboxuser/ros2_iron/install/examples_rclpy_pointcloud_publisher:/home/vboxuser/ros2_iron/install/sensor_msgs_py:/home/vboxuser/ros2_iron/install/quality_of_service_demo_py:/home/vboxuser/ros2_iron/install/rqt_plot:/home/vboxuser/ros2_iron/install/ros2doctor:/home/vboxuser/ros2_iron/install/lifecycle_py:/home/vboxuser/ros2_iron/install/examples_rclpy_minimal_subscriber:/home/vboxuser/ros2_iron/install/examples_rclpy_minimal_service:/home/vboxuser/ros2_iron/install/examples_rclpy_minimal_publisher:/home/vboxuser/ros2_iron/install/examples_rclpy_minimal_client:/home/vboxuser/ros2_iron/install/examples_rclpy_executors:/home/vboxuser/ros2_iron/install/demo_nodes_py:/home/vboxuser/ros2_iron/install/rqt:/home/vboxuser/ros2_iron/install/ros2component:/home/vboxuser/ros2_iron/install/sros2:/home/vboxuser/ros2_iron/install/rqt_topic:/home/vboxuser/ros2_iron/install/rqt_srv:/home/vboxuser/ros2_iron/install/rqt_shell:/home/vboxuser/ros2_iron/install/rqt_service_caller:/home/vboxuser/ros2_iron/install/rqt_reconfigure:/home/vboxuser/ros2_iron/install/rqt_py_console:/home/vboxuser/ros2_iron/install/rqt_publisher:/home/vboxuser/ros2_iron/install/rqt_action:/home/vboxuser/ros2_iron/install/rqt_msg:/home/vboxuser/ros2_iron/install/rqt_console:/home/vboxuser/ros2_iron/install/rqt_graph:/home/vboxuser/ros2_iron/install/rqt_gui_py:/home/vboxuser/ros2_iron/install/rqt_gui:/home/vboxuser/ros2_iron/install/ros2trace:/home/vboxuser/ros2_iron/install/ros2topic:/home/vboxuser/ros2_iron/install/ros2test:/home/vboxuser/ros2_iron/install/ros2param:/home/vboxuser/ros2_iron/install/ros2lifecycle:/home/vboxuser/ros2_iron/install/ros2service:/home/vboxuser/ros2_iron/install/ros2run:/home/vboxuser/ros2_iron/install/ros2launch:/home/vboxuser/ros2_iron/install/ros2pkg:/home/vboxuser/ros2_iron/install/ros2node:/home/vboxuser/ros2_iron/install/ros2multicast:/home/vboxuser/ros2_iron/install/ros2interface:/home/vboxuser/ros2_iron/install/ros2action:/home/vboxuser/ros2_iron/install/ros2cli:/home/vboxuser/ros2_iron/install/launch_testing_ros:/home/vboxuser/ros2_iron/install/launch_ros:/home/vboxuser/ros2_iron/install/examples_rclpy_minimal_action_server:/home/vboxuser/ros2_iron/install/examples_rclpy_minimal_action_client:/home/vboxuser/ros2_iron/install/examples_rclpy_guard_conditions:/home/vboxuser/ros2_iron/install/action_tutorials_py:/home/vboxuser/ros2_iron/install/ament_uncrustify:/home/vboxuser/ros2_iron/install/tracetools_trace:/home/vboxuser/ros2_iron/install/tracetools_read:/home/vboxuser/ros2_iron/install/test_tracetools_launch:/home/vboxuser/ros2_iron/install/test_ros2trace:/home/vboxuser/ros2_iron/install/test_launch_ros:/home/vboxuser/ros2_iron/install/rpyutils:/home/vboxuser/ros2_iron/install/rosidl_runtime_py:/home/vboxuser/ros2_iron/install/rosidl_pycommon:/home/vboxuser/ros2_iron/install/rosidl_cli:/home/vboxuser/ros2_iron/install/launch_pytest:/home/vboxuser/ros2_iron/install/launch_testing:/home/vboxuser/ros2_iron/install/launch_yaml:/home/vboxuser/ros2_iron/install/launch_xml:/home/vboxuser/ros2_iron/install/launch:/home/vboxuser/ros2_iron/install/osrf_pycommon:/home/vboxuser/ros2_iron/install/domain_coordinator:/home/vboxuser/ros2_iron/install/ament_xmllint:/home/vboxuser/ros2_iron/install/ament_pyflakes:/home/vboxuser/ros2_iron/install/ament_pycodestyle:/home/vboxuser/ros2_iron/install/ament_pep257:/home/vboxuser/ros2_iron/install/ament_pclint:/home/vboxuser/ros2_iron/install/ament_package:/home/vboxuser/ros2_iron/install/ament_mypy:/home/vboxuser/ros2_iron/install/ament_lint_cmake:/home/vboxuser/ros2_iron/install/ament_flake8:/home/vboxuser/ros2_iron/install/ament_copyright:/home/vboxuser/ros2_iron/install/ament_lint:/home/vboxuser/ros2_iron/install/ament_index_python:/home/vboxuser/ros2_iron/install/ament_cpplint:/home/vboxuser/ros2_iron/install/ament_cppcheck:/home/vboxuser/ros2_iron/install/ament_clang_tidy:/home/vboxuser/ros2_iron/install/ament_clang_format /usr/bin/cmake --install /home/vboxuser/ros2_ws/build/examples_rclcpp_minimal_timer
[6.432s] DEBUG:colcon.colcon_core.event_handler.log_command:Invoked command in '/home/vboxuser/ros2_ws/build/examples_rclcpp_multithreaded_executor' returned '0': CMAKE_PREFIX_PATH=${CMAKE_PREFIX_PATH}:/home/vboxuser/ros2_ws/install/py_pubsub:/home/vboxuser/ros2_ws/install/launch_testing_examples:/home/vboxuser/ros2_ws/install/examples_rclpy_pointcloud_publisher:/home/vboxuser/ros2_ws/install/examples_rclpy_minimal_subscriber:/home/vboxuser/ros2_ws/install/examples_rclpy_minimal_service:/home/vboxuser/ros2_ws/install/examples_rclpy_minimal_publisher:/home/vboxuser/ros2_ws/install/examples_rclpy_minimal_client:/home/vboxuser/ros2_ws/install/examples_rclpy_minimal_action_server:/home/vboxuser/ros2_ws/install/examples_rclpy_minimal_action_client:/home/vboxuser/ros2_ws/install/examples_rclpy_guard_conditions:/home/vboxuser/ros2_ws/install/examples_rclpy_executors:/home/vboxuser/ros2_ws/install/bms_visualizer:/opt/ros/iron:/home/vboxuser/ros2_iron/install/rqt_bag_plugins:/home/vboxuser/ros2_iron/install/rqt_bag:/home/vboxuser/ros2_iron/install/rosbag2_examples_py:/home/vboxuser/ros2_iron/install/launch_testing_examples:/home/vboxuser/ros2_iron/install/ros2bag:/home/vboxuser/ros2_iron/install/tracetools_test:/home/vboxuser/ros2_iron/install/tracetools_launch:/home/vboxuser/ros2_iron/install/topic_monitor:/home/vboxuser/ros2_iron/install/tf2_tools:/home/vboxuser/ros2_iron/install/examples_tf2_py:/home/vboxuser/ros2_iron/install/tf2_ros_py:/home/vboxuser/ros2_iron/install/examples_rclpy_pointcloud_publisher:/home/vboxuser/ros2_iron/install/sensor_msgs_py:/home/vboxuser/ros2_iron/install/quality_of_service_demo_py:/home/vboxuser/ros2_iron/install/rqt_plot:/home/vboxuser/ros2_iron/install/ros2doctor:/home/vboxuser/ros2_iron/install/lifecycle_py:/home/vboxuser/ros2_iron/install/examples_rclpy_minimal_subscriber:/home/vboxuser/ros2_iron/install/examples_rclpy_minimal_service:/home/vboxuser/ros2_iron/install/examples_rclpy_minimal_publisher:/home/vboxuser/ros2_iron/install/examples_rclpy_minimal_client:/home/vboxuser/ros2_iron/install/examples_rclpy_executors:/home/vboxuser/ros2_iron/install/demo_nodes_py:/home/vboxuser/ros2_iron/install/rqt:/home/vboxuser/ros2_iron/install/ros2component:/home/vboxuser/ros2_iron/install/sros2:/home/vboxuser/ros2_iron/install/rqt_topic:/home/vboxuser/ros2_iron/install/rqt_srv:/home/vboxuser/ros2_iron/install/rqt_shell:/home/vboxuser/ros2_iron/install/rqt_service_caller:/home/vboxuser/ros2_iron/install/rqt_reconfigure:/home/vboxuser/ros2_iron/install/rqt_py_console:/home/vboxuser/ros2_iron/install/rqt_publisher:/home/vboxuser/ros2_iron/install/rqt_action:/home/vboxuser/ros2_iron/install/rqt_msg:/home/vboxuser/ros2_iron/install/rqt_console:/home/vboxuser/ros2_iron/install/rqt_graph:/home/vboxuser/ros2_iron/install/rqt_gui_py:/home/vboxuser/ros2_iron/install/rqt_gui:/home/vboxuser/ros2_iron/install/ros2trace:/home/vboxuser/ros2_iron/install/ros2topic:/home/vboxuser/ros2_iron/install/ros2test:/home/vboxuser/ros2_iron/install/ros2param:/home/vboxuser/ros2_iron/install/ros2lifecycle:/home/vboxuser/ros2_iron/install/ros2service:/home/vboxuser/ros2_iron/install/ros2run:/home/vboxuser/ros2_iron/install/ros2launch:/home/vboxuser/ros2_iron/install/ros2pkg:/home/vboxuser/ros2_iron/install/ros2node:/home/vboxuser/ros2_iron/install/ros2multicast:/home/vboxuser/ros2_iron/install/ros2interface:/home/vboxuser/ros2_iron/install/ros2action:/home/vboxuser/ros2_iron/install/ros2cli:/home/vboxuser/ros2_iron/install/launch_testing_ros:/home/vboxuser/ros2_iron/install/launch_ros:/home/vboxuser/ros2_iron/install/examples_rclpy_minimal_action_server:/home/vboxuser/ros2_iron/install/examples_rclpy_minimal_action_client:/home/vboxuser/ros2_iron/install/examples_rclpy_guard_conditions:/home/vboxuser/ros2_iron/install/action_tutorials_py:/home/vboxuser/ros2_iron/install/ament_uncrustify:/home/vboxuser/ros2_iron/install/tracetools_trace:/home/vboxuser/ros2_iron/install/tracetools_read:/home/vboxuser/ros2_iron/install/test_tracetools_launch:/home/vboxuser/ros2_iron/install/test_ros2trace:/home/vboxuser/ros2_iron/install/test_launch_ros:/home/vboxuser/ros2_iron/install/rpyutils:/home/vboxuser/ros2_iron/install/rosidl_runtime_py:/home/vboxuser/ros2_iron/install/rosidl_pycommon:/home/vboxuser/ros2_iron/install/rosidl_cli:/home/vboxuser/ros2_iron/install/launch_pytest:/home/vboxuser/ros2_iron/install/launch_testing:/home/vboxuser/ros2_iron/install/launch_yaml:/home/vboxuser/ros2_iron/install/launch_xml:/home/vboxuser/ros2_iron/install/launch:/home/vboxuser/ros2_iron/install/osrf_pycommon:/home/vboxuser/ros2_iron/install/domain_coordinator:/home/vboxuser/ros2_iron/install/ament_xmllint:/home/vboxuser/ros2_iron/install/ament_pyflakes:/home/vboxuser/ros2_iron/install/ament_pycodestyle:/home/vboxuser/ros2_iron/install/ament_pep257:/home/vboxuser/ros2_iron/install/ament_pclint:/home/vboxuser/ros2_iron/install/ament_package:/home/vboxuser/ros2_iron/install/ament_mypy:/home/vboxuser/ros2_iron/install/ament_lint_cmake:/home/vboxuser/ros2_iron/install/ament_flake8:/home/vboxuser/ros2_iron/install/ament_copyright:/home/vboxuser/ros2_iron/install/ament_lint:/home/vboxuser/ros2_iron/install/ament_index_python:/home/vboxuser/ros2_iron/install/ament_cpplint:/home/vboxuser/ros2_iron/install/ament_cppcheck:/home/vboxuser/ros2_iron/install/ament_clang_tidy:/home/vboxuser/ros2_iron/install/ament_clang_format /usr/bin/cmake --build /home/vboxuser/ros2_ws/build/examples_rclcpp_multithreaded_executor -- -j4 -l4
[6.440s] DEBUG:colcon.colcon_core.event_handler.log_command:Invoking command in '/home/vboxuser/ros2_ws/build/examples_rclcpp_multithreaded_executor': CMAKE_PREFIX_PATH=${CMAKE_PREFIX_PATH}:/home/vboxuser/ros2_ws/install/py_pubsub:/home/vboxuser/ros2_ws/install/launch_testing_examples:/home/vboxuser/ros2_ws/install/examples_rclpy_pointcloud_publisher:/home/vboxuser/ros2_ws/install/examples_rclpy_minimal_subscriber:/home/vboxuser/ros2_ws/install/examples_rclpy_minimal_service:/home/vboxuser/ros2_ws/install/examples_rclpy_minimal_publisher:/home/vboxuser/ros2_ws/install/examples_rclpy_minimal_client:/home/vboxuser/ros2_ws/install/examples_rclpy_minimal_action_server:/home/vboxuser/ros2_ws/install/examples_rclpy_minimal_action_client:/home/vboxuser/ros2_ws/install/examples_rclpy_guard_conditions:/home/vboxuser/ros2_ws/install/examples_rclpy_executors:/home/vboxuser/ros2_ws/install/bms_visualizer:/opt/ros/iron:/home/vboxuser/ros2_iron/install/rqt_bag_plugins:/home/vboxuser/ros2_iron/install/rqt_bag:/home/vboxuser/ros2_iron/install/rosbag2_examples_py:/home/vboxuser/ros2_iron/install/launch_testing_examples:/home/vboxuser/ros2_iron/install/ros2bag:/home/vboxuser/ros2_iron/install/tracetools_test:/home/vboxuser/ros2_iron/install/tracetools_launch:/home/vboxuser/ros2_iron/install/topic_monitor:/home/vboxuser/ros2_iron/install/tf2_tools:/home/vboxuser/ros2_iron/install/examples_tf2_py:/home/vboxuser/ros2_iron/install/tf2_ros_py:/home/vboxuser/ros2_iron/install/examples_rclpy_pointcloud_publisher:/home/vboxuser/ros2_iron/install/sensor_msgs_py:/home/vboxuser/ros2_iron/install/quality_of_service_demo_py:/home/vboxuser/ros2_iron/install/rqt_plot:/home/vboxuser/ros2_iron/install/ros2doctor:/home/vboxuser/ros2_iron/install/lifecycle_py:/home/vboxuser/ros2_iron/install/examples_rclpy_minimal_subscriber:/home/vboxuser/ros2_iron/install/examples_rclpy_minimal_service:/home/vboxuser/ros2_iron/install/examples_rclpy_minimal_publisher:/home/vboxuser/ros2_iron/install/examples_rclpy_minimal_client:/home/vboxuser/ros2_iron/install/examples_rclpy_executors:/home/vboxuser/ros2_iron/install/demo_nodes_py:/home/vboxuser/ros2_iron/install/rqt:/home/vboxuser/ros2_iron/install/ros2component:/home/vboxuser/ros2_iron/install/sros2:/home/vboxuser/ros2_iron/install/rqt_topic:/home/vboxuser/ros2_iron/install/rqt_srv:/home/vboxuser/ros2_iron/install/rqt_shell:/home/vboxuser/ros2_iron/install/rqt_service_caller:/home/vboxuser/ros2_iron/install/rqt_reconfigure:/home/vboxuser/ros2_iron/install/rqt_py_console:/home/vboxuser/ros2_iron/install/rqt_publisher:/home/vboxuser/ros2_iron/install/rqt_action:/home/vboxuser/ros2_iron/install/rqt_msg:/home/vboxuser/ros2_iron/install/rqt_console:/home/vboxuser/ros2_iron/install/rqt_graph:/home/vboxuser/ros2_iron/install/rqt_gui_py:/home/vboxuser/ros2_iron/install/rqt_gui:/home/vboxuser/ros2_iron/install/ros2trace:/home/vboxuser/ros2_iron/install/ros2topic:/home/vboxuser/ros2_iron/install/ros2test:/home/vboxuser/ros2_iron/install/ros2param:/home/vboxuser/ros2_iron/install/ros2lifecycle:/home/vboxuser/ros2_iron/install/ros2service:/home/vboxuser/ros2_iron/install/ros2run:/home/vboxuser/ros2_iron/install/ros2launch:/home/vboxuser/ros2_iron/install/ros2pkg:/home/vboxuser/ros2_iron/install/ros2node:/home/vboxuser/ros2_iron/install/ros2multicast:/home/vboxuser/ros2_iron/install/ros2interface:/home/vboxuser/ros2_iron/install/ros2action:/home/vboxuser/ros2_iron/install/ros2cli:/home/vboxuser/ros2_iron/install/launch_testing_ros:/home/vboxuser/ros2_iron/install/launch_ros:/home/vboxuser/ros2_iron/install/examples_rclpy_minimal_action_server:/home/vboxuser/ros2_iron/install/examples_rclpy_minimal_action_client:/home/vboxuser/ros2_iron/install/examples_rclpy_guard_conditions:/home/vboxuser/ros2_iron/install/action_tutorials_py:/home/vboxuser/ros2_iron/install/ament_uncrustify:/home/vboxuser/ros2_iron/install/tracetools_trace:/home/vboxuser/ros2_iron/install/tracetools_read:/home/vboxuser/ros2_iron/install/test_tracetools_launch:/home/vboxuser/ros2_iron/install/test_ros2trace:/home/vboxuser/ros2_iron/install/test_launch_ros:/home/vboxuser/ros2_iron/install/rpyutils:/home/vboxuser/ros2_iron/install/rosidl_runtime_py:/home/vboxuser/ros2_iron/install/rosidl_pycommon:/home/vboxuser/ros2_iron/install/rosidl_cli:/home/vboxuser/ros2_iron/install/launch_pytest:/home/vboxuser/ros2_iron/install/launch_testing:/home/vboxuser/ros2_iron/install/launch_yaml:/home/vboxuser/ros2_iron/install/launch_xml:/home/vboxuser/ros2_iron/install/launch:/home/vboxuser/ros2_iron/install/osrf_pycommon:/home/vboxuser/ros2_iron/install/domain_coordinator:/home/vboxuser/ros2_iron/install/ament_xmllint:/home/vboxuser/ros2_iron/install/ament_pyflakes:/home/vboxuser/ros2_iron/install/ament_pycodestyle:/home/vboxuser/ros2_iron/install/ament_pep257:/home/vboxuser/ros2_iron/install/ament_pclint:/home/vboxuser/ros2_iron/install/ament_package:/home/vboxuser/ros2_iron/install/ament_mypy:/home/vboxuser/ros2_iron/install/ament_lint_cmake:/home/vboxuser/ros2_iron/install/ament_flake8:/home/vboxuser/ros2_iron/install/ament_copyright:/home/vboxuser/ros2_iron/install/ament_lint:/home/vboxuser/ros2_iron/install/ament_index_python:/home/vboxuser/ros2_iron/install/ament_cpplint:/home/vboxuser/ros2_iron/install/ament_cppcheck:/home/vboxuser/ros2_iron/install/ament_clang_tidy:/home/vboxuser/ros2_iron/install/ament_clang_format /usr/bin/cmake --install /home/vboxuser/ros2_ws/build/examples_rclcpp_multithreaded_executor
[6.446s] Level 1:colcon.colcon_core.environment:create_environment_scripts_only(examples_rclcpp_minimal_subscriber)
[6.447s] Level 1:colcon.colcon_core.environment:checking '/home/vboxuser/ros2_ws/install/examples_rclcpp_minimal_subscriber' for CMake module files
[6.448s] Level 1:colcon.colcon_core.environment:checking '/home/vboxuser/ros2_ws/install/examples_rclcpp_minimal_subscriber' for CMake config files
[6.448s] Level 1:colcon.colcon_core.shell:create_environment_hook('examples_rclcpp_minimal_subscriber', 'cmake_prefix_path')
[6.448s] INFO:colcon.colcon_core.shell:Creating environment hook '/home/vboxuser/ros2_ws/install/examples_rclcpp_minimal_subscriber/share/examples_rclcpp_minimal_subscriber/hook/cmake_prefix_path.ps1'
[6.449s] INFO:colcon.colcon_core.shell:Creating environment descriptor '/home/vboxuser/ros2_ws/install/examples_rclcpp_minimal_subscriber/share/examples_rclcpp_minimal_subscriber/hook/cmake_prefix_path.dsv'
[6.475s] DEBUG:colcon.colcon_core.event_handler.log_command:Invoked command in '/home/vboxuser/ros2_ws/build/examples_rclcpp_minimal_subscriber' returned '0': CMAKE_PREFIX_PATH=${CMAKE_PREFIX_PATH}:/home/vboxuser/ros2_ws/install/py_pubsub:/home/vboxuser/ros2_ws/install/launch_testing_examples:/home/vboxuser/ros2_ws/install/examples_rclpy_pointcloud_publisher:/home/vboxuser/ros2_ws/install/examples_rclpy_minimal_subscriber:/home/vboxuser/ros2_ws/install/examples_rclpy_minimal_service:/home/vboxuser/ros2_ws/install/examples_rclpy_minimal_publisher:/home/vboxuser/ros2_ws/install/examples_rclpy_minimal_client:/home/vboxuser/ros2_ws/install/examples_rclpy_minimal_action_server:/home/vboxuser/ros2_ws/install/examples_rclpy_minimal_action_client:/home/vboxuser/ros2_ws/install/examples_rclpy_guard_conditions:/home/vboxuser/ros2_ws/install/examples_rclpy_executors:/home/vboxuser/ros2_ws/install/bms_visualizer:/opt/ros/iron:/home/vboxuser/ros2_iron/install/rqt_bag_plugins:/home/vboxuser/ros2_iron/install/rqt_bag:/home/vboxuser/ros2_iron/install/rosbag2_examples_py:/home/vboxuser/ros2_iron/install/launch_testing_examples:/home/vboxuser/ros2_iron/install/ros2bag:/home/vboxuser/ros2_iron/install/tracetools_test:/home/vboxuser/ros2_iron/install/tracetools_launch:/home/vboxuser/ros2_iron/install/topic_monitor:/home/vboxuser/ros2_iron/install/tf2_tools:/home/vboxuser/ros2_iron/install/examples_tf2_py:/home/vboxuser/ros2_iron/install/tf2_ros_py:/home/vboxuser/ros2_iron/install/examples_rclpy_pointcloud_publisher:/home/vboxuser/ros2_iron/install/sensor_msgs_py:/home/vboxuser/ros2_iron/install/quality_of_service_demo_py:/home/vboxuser/ros2_iron/install/rqt_plot:/home/vboxuser/ros2_iron/install/ros2doctor:/home/vboxuser/ros2_iron/install/lifecycle_py:/home/vboxuser/ros2_iron/install/examples_rclpy_minimal_subscriber:/home/vboxuser/ros2_iron/install/examples_rclpy_minimal_service:/home/vboxuser/ros2_iron/install/examples_rclpy_minimal_publisher:/home/vboxuser/ros2_iron/install/examples_rclpy_minimal_client:/home/vboxuser/ros2_iron/install/examples_rclpy_executors:/home/vboxuser/ros2_iron/install/demo_nodes_py:/home/vboxuser/ros2_iron/install/rqt:/home/vboxuser/ros2_iron/install/ros2component:/home/vboxuser/ros2_iron/install/sros2:/home/vboxuser/ros2_iron/install/rqt_topic:/home/vboxuser/ros2_iron/install/rqt_srv:/home/vboxuser/ros2_iron/install/rqt_shell:/home/vboxuser/ros2_iron/install/rqt_service_caller:/home/vboxuser/ros2_iron/install/rqt_reconfigure:/home/vboxuser/ros2_iron/install/rqt_py_console:/home/vboxuser/ros2_iron/install/rqt_publisher:/home/vboxuser/ros2_iron/install/rqt_action:/home/vboxuser/ros2_iron/install/rqt_msg:/home/vboxuser/ros2_iron/install/rqt_console:/home/vboxuser/ros2_iron/install/rqt_graph:/home/vboxuser/ros2_iron/install/rqt_gui_py:/home/vboxuser/ros2_iron/install/rqt_gui:/home/vboxuser/ros2_iron/install/ros2trace:/home/vboxuser/ros2_iron/install/ros2topic:/home/vboxuser/ros2_iron/install/ros2test:/home/vboxuser/ros2_iron/install/ros2param:/home/vboxuser/ros2_iron/install/ros2lifecycle:/home/vboxuser/ros2_iron/install/ros2service:/home/vboxuser/ros2_iron/install/ros2run:/home/vboxuser/ros2_iron/install/ros2launch:/home/vboxuser/ros2_iron/install/ros2pkg:/home/vboxuser/ros2_iron/install/ros2node:/home/vboxuser/ros2_iron/install/ros2multicast:/home/vboxuser/ros2_iron/install/ros2interface:/home/vboxuser/ros2_iron/install/ros2action:/home/vboxuser/ros2_iron/install/ros2cli:/home/vboxuser/ros2_iron/install/launch_testing_ros:/home/vboxuser/ros2_iron/install/launch_ros:/home/vboxuser/ros2_iron/install/examples_rclpy_minimal_action_server:/home/vboxuser/ros2_iron/install/examples_rclpy_minimal_action_client:/home/vboxuser/ros2_iron/install/examples_rclpy_guard_conditions:/home/vboxuser/ros2_iron/install/action_tutorials_py:/home/vboxuser/ros2_iron/install/ament_uncrustify:/home/vboxuser/ros2_iron/install/tracetools_trace:/home/vboxuser/ros2_iron/install/tracetools_read:/home/vboxuser/ros2_iron/install/test_tracetools_launch:/home/vboxuser/ros2_iron/install/test_ros2trace:/home/vboxuser/ros2_iron/install/test_launch_ros:/home/vboxuser/ros2_iron/install/rpyutils:/home/vboxuser/ros2_iron/install/rosidl_runtime_py:/home/vboxuser/ros2_iron/install/rosidl_pycommon:/home/vboxuser/ros2_iron/install/rosidl_cli:/home/vboxuser/ros2_iron/install/launch_pytest:/home/vboxuser/ros2_iron/install/launch_testing:/home/vboxuser/ros2_iron/install/launch_yaml:/home/vboxuser/ros2_iron/install/launch_xml:/home/vboxuser/ros2_iron/install/launch:/home/vboxuser/ros2_iron/install/osrf_pycommon:/home/vboxuser/ros2_iron/install/domain_coordinator:/home/vboxuser/ros2_iron/install/ament_xmllint:/home/vboxuser/ros2_iron/install/ament_pyflakes:/home/vboxuser/ros2_iron/install/ament_pycodestyle:/home/vboxuser/ros2_iron/install/ament_pep257:/home/vboxuser/ros2_iron/install/ament_pclint:/home/vboxuser/ros2_iron/install/ament_package:/home/vboxuser/ros2_iron/install/ament_mypy:/home/vboxuser/ros2_iron/install/ament_lint_cmake:/home/vboxuser/ros2_iron/install/ament_flake8:/home/vboxuser/ros2_iron/install/ament_copyright:/home/vboxuser/ros2_iron/install/ament_lint:/home/vboxuser/ros2_iron/install/ament_index_python:/home/vboxuser/ros2_iron/install/ament_cpplint:/home/vboxuser/ros2_iron/install/ament_cppcheck:/home/vboxuser/ros2_iron/install/ament_clang_tidy:/home/vboxuser/ros2_iron/install/ament_clang_format /usr/bin/cmake --install /home/vboxuser/ros2_ws/build/examples_rclcpp_minimal_subscriber
[6.480s] INFO:colcon.colcon_core.shell:Creating environment hook '/home/vboxuser/ros2_ws/install/examples_rclcpp_minimal_subscriber/share/examples_rclcpp_minimal_subscriber/hook/cmake_prefix_path.sh'
[6.481s] Level 1:colcon.colcon_core.environment:checking '/home/vboxuser/ros2_ws/install/examples_rclcpp_minimal_subscriber/lib'
[6.483s] Level 1:colcon.colcon_core.shell:create_environment_hook('examples_rclcpp_minimal_subscriber', 'ld_library_path_lib')
[6.483s] INFO:colcon.colcon_core.shell:Creating environment hook '/home/vboxuser/ros2_ws/install/examples_rclcpp_minimal_subscriber/share/examples_rclcpp_minimal_subscriber/hook/ld_library_path_lib.ps1'
[6.485s] INFO:colcon.colcon_core.shell:Creating environment descriptor '/home/vboxuser/ros2_ws/install/examples_rclcpp_minimal_subscriber/share/examples_rclcpp_minimal_subscriber/hook/ld_library_path_lib.dsv'
[6.486s] INFO:colcon.colcon_core.shell:Creating environment hook '/home/vboxuser/ros2_ws/install/examples_rclcpp_minimal_subscriber/share/examples_rclcpp_minimal_subscriber/hook/ld_library_path_lib.sh'
[6.487s] Level 1:colcon.colcon_core.environment:checking '/home/vboxuser/ros2_ws/install/examples_rclcpp_minimal_subscriber/bin'
[6.488s] Level 1:colcon.colcon_core.environment:checking '/home/vboxuser/ros2_ws/install/examples_rclcpp_minimal_subscriber/lib/pkgconfig/examples_rclcpp_minimal_subscriber.pc'
[6.488s] Level 1:colcon.colcon_core.environment:checking '/home/vboxuser/ros2_ws/install/examples_rclcpp_minimal_subscriber/lib/python3.10/site-packages'
[6.489s] Level 1:colcon.colcon_core.environment:checking '/home/vboxuser/ros2_ws/install/examples_rclcpp_minimal_subscriber/bin'
[6.489s] INFO:colcon.colcon_core.shell:Creating package script '/home/vboxuser/ros2_ws/install/examples_rclcpp_minimal_subscriber/share/examples_rclcpp_minimal_subscriber/package.ps1'
[6.490s] INFO:colcon.colcon_core.shell:Creating package descriptor '/home/vboxuser/ros2_ws/install/examples_rclcpp_minimal_subscriber/share/examples_rclcpp_minimal_subscriber/package.dsv'
[6.491s] INFO:colcon.colcon_core.shell:Creating package script '/home/vboxuser/ros2_ws/install/examples_rclcpp_minimal_subscriber/share/examples_rclcpp_minimal_subscriber/package.sh'
[6.493s] INFO:colcon.colcon_core.shell:Creating package script '/home/vboxuser/ros2_ws/install/examples_rclcpp_minimal_subscriber/share/examples_rclcpp_minimal_subscriber/package.bash'
[6.502s] INFO:colcon.colcon_core.shell:Creating package script '/home/vboxuser/ros2_ws/install/examples_rclcpp_minimal_subscriber/share/examples_rclcpp_minimal_subscriber/package.zsh'
[6.503s] Level 1:colcon.colcon_core.environment:create_file_with_runtime_dependencies(/home/vboxuser/ros2_ws/install/examples_rclcpp_minimal_subscriber/share/colcon-core/packages/examples_rclcpp_minimal_subscriber)
[6.506s] Level 1:colcon.colcon_core.environment:create_environment_scripts_only(examples_rclcpp_minimal_subscriber)
[6.513s] Level 1:colcon.colcon_core.environment:checking '/home/vboxuser/ros2_ws/install/examples_rclcpp_minimal_subscriber' for CMake module files
[6.516s] Level 1:colcon.colcon_core.environment:checking '/home/vboxuser/ros2_ws/install/examples_rclcpp_minimal_subscriber' for CMake config files
[6.517s] Level 1:colcon.colcon_core.shell:create_environment_hook('examples_rclcpp_minimal_subscriber', 'cmake_prefix_path')
[6.517s] INFO:colcon.colcon_core.shell:Creating environment hook '/home/vboxuser/ros2_ws/install/examples_rclcpp_minimal_subscriber/share/examples_rclcpp_minimal_subscriber/hook/cmake_prefix_path.ps1'
[6.532s] INFO:colcon.colcon_core.shell:Creating environment descriptor '/home/vboxuser/ros2_ws/install/examples_rclcpp_minimal_subscriber/share/examples_rclcpp_minimal_subscriber/hook/cmake_prefix_path.dsv'
[6.533s] INFO:colcon.colcon_core.shell:Creating environment hook '/home/vboxuser/ros2_ws/install/examples_rclcpp_minimal_subscriber/share/examples_rclcpp_minimal_subscriber/hook/cmake_prefix_path.sh'
[6.548s] Level 1:colcon.colcon_core.environment:checking '/home/vboxuser/ros2_ws/install/examples_rclcpp_minimal_subscriber/lib'
[6.548s] Level 1:colcon.colcon_core.shell:create_environment_hook('examples_rclcpp_minimal_subscriber', 'ld_library_path_lib')
[6.549s] INFO:colcon.colcon_core.shell:Creating environment hook '/home/vboxuser/ros2_ws/install/examples_rclcpp_minimal_subscriber/share/examples_rclcpp_minimal_subscriber/hook/ld_library_path_lib.ps1'
[6.550s] INFO:colcon.colcon_core.shell:Creating environment descriptor '/home/vboxuser/ros2_ws/install/examples_rclcpp_minimal_subscriber/share/examples_rclcpp_minimal_subscriber/hook/ld_library_path_lib.dsv'
[6.551s] INFO:colcon.colcon_core.shell:Creating environment hook '/home/vboxuser/ros2_ws/install/examples_rclcpp_minimal_subscriber/share/examples_rclcpp_minimal_subscriber/hook/ld_library_path_lib.sh'
[6.562s] Level 1:colcon.colcon_core.environment:checking '/home/vboxuser/ros2_ws/install/examples_rclcpp_minimal_subscriber/bin'
[6.562s] Level 1:colcon.colcon_core.environment:checking '/home/vboxuser/ros2_ws/install/examples_rclcpp_minimal_subscriber/lib/pkgconfig/examples_rclcpp_minimal_subscriber.pc'
[6.563s] Level 1:colcon.colcon_core.environment:checking '/home/vboxuser/ros2_ws/install/examples_rclcpp_minimal_subscriber/lib/python3.10/site-packages'
[6.563s] Level 1:colcon.colcon_core.environment:checking '/home/vboxuser/ros2_ws/install/examples_rclcpp_minimal_subscriber/bin'
[6.564s] INFO:colcon.colcon_core.shell:Creating package script '/home/vboxuser/ros2_ws/install/examples_rclcpp_minimal_subscriber/share/examples_rclcpp_minimal_subscriber/package.ps1'
[6.583s] INFO:colcon.colcon_core.shell:Creating package descriptor '/home/vboxuser/ros2_ws/install/examples_rclcpp_minimal_subscriber/share/examples_rclcpp_minimal_subscriber/package.dsv'
[6.584s] INFO:colcon.colcon_core.shell:Creating package script '/home/vboxuser/ros2_ws/install/examples_rclcpp_minimal_subscriber/share/examples_rclcpp_minimal_subscriber/package.sh'
[6.588s] INFO:colcon.colcon_core.shell:Creating package script '/home/vboxuser/ros2_ws/install/examples_rclcpp_minimal_subscriber/share/examples_rclcpp_minimal_subscriber/package.bash'
[6.591s] INFO:colcon.colcon_core.shell:Creating package script '/home/vboxuser/ros2_ws/install/examples_rclcpp_minimal_subscriber/share/examples_rclcpp_minimal_subscriber/package.zsh'
[6.605s] Level 1:colcon.colcon_core.environment:create_file_with_runtime_dependencies(/home/vboxuser/ros2_ws/install/examples_rclcpp_minimal_subscriber/share/colcon-core/packages/examples_rclcpp_minimal_subscriber)
[6.609s] INFO:colcon.colcon_ros.task.ament_cmake.build:Building ROS package in '/home/vboxuser/ros2_ws/src/examples/rclcpp/wait_set' with build type 'ament_cmake'
[6.610s] INFO:colcon.colcon_cmake.task.cmake.build:Building CMake package in '/home/vboxuser/ros2_ws/src/examples/rclcpp/wait_set'
[6.610s] INFO:colcon.colcon_core.shell:Skip shell extension 'powershell' for command environment: Not usable outside of PowerShell
[6.611s] DEBUG:colcon.colcon_core.shell:Skip shell extension 'dsv' for command environment
[6.731s] Level 1:colcon.colcon_core.environment:create_environment_scripts_only(examples_rclcpp_minimal_timer)
[6.732s] DEBUG:colcon.colcon_core.event_handler.log_command:Invoked command in '/home/vboxuser/ros2_ws/build/examples_rclcpp_minimal_timer' returned '0': CMAKE_PREFIX_PATH=${CMAKE_PREFIX_PATH}:/home/vboxuser/ros2_ws/install/py_pubsub:/home/vboxuser/ros2_ws/install/launch_testing_examples:/home/vboxuser/ros2_ws/install/examples_rclpy_pointcloud_publisher:/home/vboxuser/ros2_ws/install/examples_rclpy_minimal_subscriber:/home/vboxuser/ros2_ws/install/examples_rclpy_minimal_service:/home/vboxuser/ros2_ws/install/examples_rclpy_minimal_publisher:/home/vboxuser/ros2_ws/install/examples_rclpy_minimal_client:/home/vboxuser/ros2_ws/install/examples_rclpy_minimal_action_server:/home/vboxuser/ros2_ws/install/examples_rclpy_minimal_action_client:/home/vboxuser/ros2_ws/install/examples_rclpy_guard_conditions:/home/vboxuser/ros2_ws/install/examples_rclpy_executors:/home/vboxuser/ros2_ws/install/bms_visualizer:/opt/ros/iron:/home/vboxuser/ros2_iron/install/rqt_bag_plugins:/home/vboxuser/ros2_iron/install/rqt_bag:/home/vboxuser/ros2_iron/install/rosbag2_examples_py:/home/vboxuser/ros2_iron/install/launch_testing_examples:/home/vboxuser/ros2_iron/install/ros2bag:/home/vboxuser/ros2_iron/install/tracetools_test:/home/vboxuser/ros2_iron/install/tracetools_launch:/home/vboxuser/ros2_iron/install/topic_monitor:/home/vboxuser/ros2_iron/install/tf2_tools:/home/vboxuser/ros2_iron/install/examples_tf2_py:/home/vboxuser/ros2_iron/install/tf2_ros_py:/home/vboxuser/ros2_iron/install/examples_rclpy_pointcloud_publisher:/home/vboxuser/ros2_iron/install/sensor_msgs_py:/home/vboxuser/ros2_iron/install/quality_of_service_demo_py:/home/vboxuser/ros2_iron/install/rqt_plot:/home/vboxuser/ros2_iron/install/ros2doctor:/home/vboxuser/ros2_iron/install/lifecycle_py:/home/vboxuser/ros2_iron/install/examples_rclpy_minimal_subscriber:/home/vboxuser/ros2_iron/install/examples_rclpy_minimal_service:/home/vboxuser/ros2_iron/install/examples_rclpy_minimal_publisher:/home/vboxuser/ros2_iron/install/examples_rclpy_minimal_client:/home/vboxuser/ros2_iron/install/examples_rclpy_executors:/home/vboxuser/ros2_iron/install/demo_nodes_py:/home/vboxuser/ros2_iron/install/rqt:/home/vboxuser/ros2_iron/install/ros2component:/home/vboxuser/ros2_iron/install/sros2:/home/vboxuser/ros2_iron/install/rqt_topic:/home/vboxuser/ros2_iron/install/rqt_srv:/home/vboxuser/ros2_iron/install/rqt_shell:/home/vboxuser/ros2_iron/install/rqt_service_caller:/home/vboxuser/ros2_iron/install/rqt_reconfigure:/home/vboxuser/ros2_iron/install/rqt_py_console:/home/vboxuser/ros2_iron/install/rqt_publisher:/home/vboxuser/ros2_iron/install/rqt_action:/home/vboxuser/ros2_iron/install/rqt_msg:/home/vboxuser/ros2_iron/install/rqt_console:/home/vboxuser/ros2_iron/install/rqt_graph:/home/vboxuser/ros2_iron/install/rqt_gui_py:/home/vboxuser/ros2_iron/install/rqt_gui:/home/vboxuser/ros2_iron/install/ros2trace:/home/vboxuser/ros2_iron/install/ros2topic:/home/vboxuser/ros2_iron/install/ros2test:/home/vboxuser/ros2_iron/install/ros2param:/home/vboxuser/ros2_iron/install/ros2lifecycle:/home/vboxuser/ros2_iron/install/ros2service:/home/vboxuser/ros2_iron/install/ros2run:/home/vboxuser/ros2_iron/install/ros2launch:/home/vboxuser/ros2_iron/install/ros2pkg:/home/vboxuser/ros2_iron/install/ros2node:/home/vboxuser/ros2_iron/install/ros2multicast:/home/vboxuser/ros2_iron/install/ros2interface:/home/vboxuser/ros2_iron/install/ros2action:/home/vboxuser/ros2_iron/install/ros2cli:/home/vboxuser/ros2_iron/install/launch_testing_ros:/home/vboxuser/ros2_iron/install/launch_ros:/home/vboxuser/ros2_iron/install/examples_rclpy_minimal_action_server:/home/vboxuser/ros2_iron/install/examples_rclpy_minimal_action_client:/home/vboxuser/ros2_iron/install/examples_rclpy_guard_conditions:/home/vboxuser/ros2_iron/install/action_tutorials_py:/home/vboxuser/ros2_iron/install/ament_uncrustify:/home/vboxuser/ros2_iron/install/tracetools_trace:/home/vboxuser/ros2_iron/install/tracetools_read:/home/vboxuser/ros2_iron/install/test_tracetools_launch:/home/vboxuser/ros2_iron/install/test_ros2trace:/home/vboxuser/ros2_iron/install/test_launch_ros:/home/vboxuser/ros2_iron/install/rpyutils:/home/vboxuser/ros2_iron/install/rosidl_runtime_py:/home/vboxuser/ros2_iron/install/rosidl_pycommon:/home/vboxuser/ros2_iron/install/rosidl_cli:/home/vboxuser/ros2_iron/install/launch_pytest:/home/vboxuser/ros2_iron/install/launch_testing:/home/vboxuser/ros2_iron/install/launch_yaml:/home/vboxuser/ros2_iron/install/launch_xml:/home/vboxuser/ros2_iron/install/launch:/home/vboxuser/ros2_iron/install/osrf_pycommon:/home/vboxuser/ros2_iron/install/domain_coordinator:/home/vboxuser/ros2_iron/install/ament_xmllint:/home/vboxuser/ros2_iron/install/ament_pyflakes:/home/vboxuser/ros2_iron/install/ament_pycodestyle:/home/vboxuser/ros2_iron/install/ament_pep257:/home/vboxuser/ros2_iron/install/ament_pclint:/home/vboxuser/ros2_iron/install/ament_package:/home/vboxuser/ros2_iron/install/ament_mypy:/home/vboxuser/ros2_iron/install/ament_lint_cmake:/home/vboxuser/ros2_iron/install/ament_flake8:/home/vboxuser/ros2_iron/install/ament_copyright:/home/vboxuser/ros2_iron/install/ament_lint:/home/vboxuser/ros2_iron/install/ament_index_python:/home/vboxuser/ros2_iron/install/ament_cpplint:/home/vboxuser/ros2_iron/install/ament_cppcheck:/home/vboxuser/ros2_iron/install/ament_clang_tidy:/home/vboxuser/ros2_iron/install/ament_clang_format /usr/bin/cmake --install /home/vboxuser/ros2_ws/build/examples_rclcpp_minimal_timer
[6.733s] Level 1:colcon.colcon_core.environment:checking '/home/vboxuser/ros2_ws/install/examples_rclcpp_minimal_timer' for CMake module files
[6.736s] Level 1:colcon.colcon_core.environment:checking '/home/vboxuser/ros2_ws/install/examples_rclcpp_minimal_timer' for CMake config files
[6.736s] Level 1:colcon.colcon_core.shell:create_environment_hook('examples_rclcpp_minimal_timer', 'cmake_prefix_path')
[6.741s] INFO:colcon.colcon_core.shell:Creating environment hook '/home/vboxuser/ros2_ws/install/examples_rclcpp_minimal_timer/share/examples_rclcpp_minimal_timer/hook/cmake_prefix_path.ps1'
[6.743s] INFO:colcon.colcon_core.shell:Creating environment descriptor '/home/vboxuser/ros2_ws/install/examples_rclcpp_minimal_timer/share/examples_rclcpp_minimal_timer/hook/cmake_prefix_path.dsv'
[6.744s] INFO:colcon.colcon_core.shell:Creating environment hook '/home/vboxuser/ros2_ws/install/examples_rclcpp_minimal_timer/share/examples_rclcpp_minimal_timer/hook/cmake_prefix_path.sh'
[6.754s] Level 1:colcon.colcon_core.environment:checking '/home/vboxuser/ros2_ws/install/examples_rclcpp_minimal_timer/lib'
[6.755s] Level 1:colcon.colcon_core.environment:checking '/home/vboxuser/ros2_ws/install/examples_rclcpp_minimal_timer/bin'
[6.755s] Level 1:colcon.colcon_core.environment:checking '/home/vboxuser/ros2_ws/install/examples_rclcpp_minimal_timer/lib/pkgconfig/examples_rclcpp_minimal_timer.pc'
[6.755s] Level 1:colcon.colcon_core.environment:checking '/home/vboxuser/ros2_ws/install/examples_rclcpp_minimal_timer/lib/python3.10/site-packages'
[6.755s] Level 1:colcon.colcon_core.environment:checking '/home/vboxuser/ros2_ws/install/examples_rclcpp_minimal_timer/bin'
[6.757s] INFO:colcon.colcon_core.shell:Creating package script '/home/vboxuser/ros2_ws/install/examples_rclcpp_minimal_timer/share/examples_rclcpp_minimal_timer/package.ps1'
[6.759s] INFO:colcon.colcon_core.shell:Creating package descriptor '/home/vboxuser/ros2_ws/install/examples_rclcpp_minimal_timer/share/examples_rclcpp_minimal_timer/package.dsv'
[6.768s] INFO:colcon.colcon_core.shell:Creating package script '/home/vboxuser/ros2_ws/install/examples_rclcpp_minimal_timer/share/examples_rclcpp_minimal_timer/package.sh'
[6.772s] INFO:colcon.colcon_core.shell:Creating package script '/home/vboxuser/ros2_ws/install/examples_rclcpp_minimal_timer/share/examples_rclcpp_minimal_timer/package.bash'
[6.774s] INFO:colcon.colcon_core.shell:Creating package script '/home/vboxuser/ros2_ws/install/examples_rclcpp_minimal_timer/share/examples_rclcpp_minimal_timer/package.zsh'
[6.775s] Level 1:colcon.colcon_core.environment:create_file_with_runtime_dependencies(/home/vboxuser/ros2_ws/install/examples_rclcpp_minimal_timer/share/colcon-core/packages/examples_rclcpp_minimal_timer)
[6.778s] Level 1:colcon.colcon_core.environment:create_environment_scripts_only(examples_rclcpp_minimal_timer)
[6.778s] Level 1:colcon.colcon_core.environment:checking '/home/vboxuser/ros2_ws/install/examples_rclcpp_minimal_timer' for CMake module files
[6.779s] Level 1:colcon.colcon_core.environment:checking '/home/vboxuser/ros2_ws/install/examples_rclcpp_minimal_timer' for CMake config files
[6.779s] Level 1:colcon.colcon_core.shell:create_environment_hook('examples_rclcpp_minimal_timer', 'cmake_prefix_path')
[6.780s] INFO:colcon.colcon_core.shell:Creating environment hook '/home/vboxuser/ros2_ws/install/examples_rclcpp_minimal_timer/share/examples_rclcpp_minimal_timer/hook/cmake_prefix_path.ps1'
[6.781s] INFO:colcon.colcon_core.shell:Creating environment descriptor '/home/vboxuser/ros2_ws/install/examples_rclcpp_minimal_timer/share/examples_rclcpp_minimal_timer/hook/cmake_prefix_path.dsv'
[6.784s] INFO:colcon.colcon_core.shell:Creating environment hook '/home/vboxuser/ros2_ws/install/examples_rclcpp_minimal_timer/share/examples_rclcpp_minimal_timer/hook/cmake_prefix_path.sh'
[6.785s] Level 1:colcon.colcon_core.environment:checking '/home/vboxuser/ros2_ws/install/examples_rclcpp_minimal_timer/lib'
[6.786s] Level 1:colcon.colcon_core.environment:checking '/home/vboxuser/ros2_ws/install/examples_rclcpp_minimal_timer/bin'
[6.787s] Level 1:colcon.colcon_core.environment:checking '/home/vboxuser/ros2_ws/install/examples_rclcpp_minimal_timer/lib/pkgconfig/examples_rclcpp_minimal_timer.pc'
[6.787s] Level 1:colcon.colcon_core.environment:checking '/home/vboxuser/ros2_ws/install/examples_rclcpp_minimal_timer/lib/python3.10/site-packages'
[6.787s] Level 1:colcon.colcon_core.environment:checking '/home/vboxuser/ros2_ws/install/examples_rclcpp_minimal_timer/bin'
[6.788s] INFO:colcon.colcon_core.shell:Creating package script '/home/vboxuser/ros2_ws/install/examples_rclcpp_minimal_timer/share/examples_rclcpp_minimal_timer/package.ps1'
[6.792s] INFO:colcon.colcon_core.shell:Creating package descriptor '/home/vboxuser/ros2_ws/install/examples_rclcpp_minimal_timer/share/examples_rclcpp_minimal_timer/package.dsv'
[6.794s] INFO:colcon.colcon_core.shell:Creating package script '/home/vboxuser/ros2_ws/install/examples_rclcpp_minimal_timer/share/examples_rclcpp_minimal_timer/package.sh'
[6.796s] INFO:colcon.colcon_core.shell:Creating package script '/home/vboxuser/ros2_ws/install/examples_rclcpp_minimal_timer/share/examples_rclcpp_minimal_timer/package.bash'
[6.798s] INFO:colcon.colcon_core.shell:Creating package script '/home/vboxuser/ros2_ws/install/examples_rclcpp_minimal_timer/share/examples_rclcpp_minimal_timer/package.zsh'
[6.800s] Level 1:colcon.colcon_core.environment:create_file_with_runtime_dependencies(/home/vboxuser/ros2_ws/install/examples_rclcpp_minimal_timer/share/colcon-core/packages/examples_rclcpp_minimal_timer)
[6.804s] INFO:colcon.colcon_ros.task.ament_python.build:Building ROS package in '/home/vboxuser/ros2_ws/src/examples/rclpy/executors' with build type 'ament_python'
[6.806s] Level 1:colcon.colcon_core.shell:create_environment_hook('examples_rclpy_executors', 'ament_prefix_path')
[6.807s] INFO:colcon.colcon_core.shell:Creating environment hook '/home/vboxuser/ros2_ws/install/examples_rclpy_executors/share/examples_rclpy_executors/hook/ament_prefix_path.ps1'
[6.809s] INFO:colcon.colcon_core.shell:Creating environment descriptor '/home/vboxuser/ros2_ws/install/examples_rclpy_executors/share/examples_rclpy_executors/hook/ament_prefix_path.dsv'
[6.816s] INFO:colcon.colcon_core.shell:Creating environment hook '/home/vboxuser/ros2_ws/install/examples_rclpy_executors/share/examples_rclpy_executors/hook/ament_prefix_path.sh'
[6.820s] INFO:colcon.colcon_core.shell:Skip shell extension 'powershell' for command environment: Not usable outside of PowerShell
[6.820s] DEBUG:colcon.colcon_core.shell:Skip shell extension 'dsv' for command environment
[6.906s] Level 1:colcon.colcon_core.environment:create_environment_scripts_only(examples_rclcpp_multithreaded_executor)
[6.907s] Level 1:colcon.colcon_core.environment:checking '/home/vboxuser/ros2_ws/install/examples_rclcpp_multithreaded_executor' for CMake module files
[6.908s] Level 1:colcon.colcon_core.environment:checking '/home/vboxuser/ros2_ws/install/examples_rclcpp_multithreaded_executor' for CMake config files
[6.908s] Level 1:colcon.colcon_core.shell:create_environment_hook('examples_rclcpp_multithreaded_executor', 'cmake_prefix_path')
[6.909s] INFO:colcon.colcon_core.shell:Creating environment hook '/home/vboxuser/ros2_ws/install/examples_rclcpp_multithreaded_executor/share/examples_rclcpp_multithreaded_executor/hook/cmake_prefix_path.ps1'
[6.910s] INFO:colcon.colcon_core.shell:Creating environment descriptor '/home/vboxuser/ros2_ws/install/examples_rclcpp_multithreaded_executor/share/examples_rclcpp_multithreaded_executor/hook/cmake_prefix_path.dsv'
[6.911s] INFO:colcon.colcon_core.shell:Creating environment hook '/home/vboxuser/ros2_ws/install/examples_rclcpp_multithreaded_executor/share/examples_rclcpp_multithreaded_executor/hook/cmake_prefix_path.sh'
[6.913s] Level 1:colcon.colcon_core.environment:checking '/home/vboxuser/ros2_ws/install/examples_rclcpp_multithreaded_executor/lib'
[6.913s] Level 1:colcon.colcon_core.environment:checking '/home/vboxuser/ros2_ws/install/examples_rclcpp_multithreaded_executor/bin'
[6.913s] Level 1:colcon.colcon_core.environment:checking '/home/vboxuser/ros2_ws/install/examples_rclcpp_multithreaded_executor/lib/pkgconfig/examples_rclcpp_multithreaded_executor.pc'
[6.914s] Level 1:colcon.colcon_core.environment:checking '/home/vboxuser/ros2_ws/install/examples_rclcpp_multithreaded_executor/lib/python3.10/site-packages'
[6.934s] Level 1:colcon.colcon_core.environment:checking '/home/vboxuser/ros2_ws/install/examples_rclcpp_multithreaded_executor/bin'
[6.934s] INFO:colcon.colcon_core.shell:Creating package script '/home/vboxuser/ros2_ws/install/examples_rclcpp_multithreaded_executor/share/examples_rclcpp_multithreaded_executor/package.ps1'
[6.941s] DEBUG:colcon.colcon_core.event_handler.log_command:Invoked command in '/home/vboxuser/ros2_ws/build/examples_rclcpp_multithreaded_executor' returned '0': CMAKE_PREFIX_PATH=${CMAKE_PREFIX_PATH}:/home/vboxuser/ros2_ws/install/py_pubsub:/home/vboxuser/ros2_ws/install/launch_testing_examples:/home/vboxuser/ros2_ws/install/examples_rclpy_pointcloud_publisher:/home/vboxuser/ros2_ws/install/examples_rclpy_minimal_subscriber:/home/vboxuser/ros2_ws/install/examples_rclpy_minimal_service:/home/vboxuser/ros2_ws/install/examples_rclpy_minimal_publisher:/home/vboxuser/ros2_ws/install/examples_rclpy_minimal_client:/home/vboxuser/ros2_ws/install/examples_rclpy_minimal_action_server:/home/vboxuser/ros2_ws/install/examples_rclpy_minimal_action_client:/home/vboxuser/ros2_ws/install/examples_rclpy_guard_conditions:/home/vboxuser/ros2_ws/install/examples_rclpy_executors:/home/vboxuser/ros2_ws/install/bms_visualizer:/opt/ros/iron:/home/vboxuser/ros2_iron/install/rqt_bag_plugins:/home/vboxuser/ros2_iron/install/rqt_bag:/home/vboxuser/ros2_iron/install/rosbag2_examples_py:/home/vboxuser/ros2_iron/install/launch_testing_examples:/home/vboxuser/ros2_iron/install/ros2bag:/home/vboxuser/ros2_iron/install/tracetools_test:/home/vboxuser/ros2_iron/install/tracetools_launch:/home/vboxuser/ros2_iron/install/topic_monitor:/home/vboxuser/ros2_iron/install/tf2_tools:/home/vboxuser/ros2_iron/install/examples_tf2_py:/home/vboxuser/ros2_iron/install/tf2_ros_py:/home/vboxuser/ros2_iron/install/examples_rclpy_pointcloud_publisher:/home/vboxuser/ros2_iron/install/sensor_msgs_py:/home/vboxuser/ros2_iron/install/quality_of_service_demo_py:/home/vboxuser/ros2_iron/install/rqt_plot:/home/vboxuser/ros2_iron/install/ros2doctor:/home/vboxuser/ros2_iron/install/lifecycle_py:/home/vboxuser/ros2_iron/install/examples_rclpy_minimal_subscriber:/home/vboxuser/ros2_iron/install/examples_rclpy_minimal_service:/home/vboxuser/ros2_iron/install/examples_rclpy_minimal_publisher:/home/vboxuser/ros2_iron/install/examples_rclpy_minimal_client:/home/vboxuser/ros2_iron/install/examples_rclpy_executors:/home/vboxuser/ros2_iron/install/demo_nodes_py:/home/vboxuser/ros2_iron/install/rqt:/home/vboxuser/ros2_iron/install/ros2component:/home/vboxuser/ros2_iron/install/sros2:/home/vboxuser/ros2_iron/install/rqt_topic:/home/vboxuser/ros2_iron/install/rqt_srv:/home/vboxuser/ros2_iron/install/rqt_shell:/home/vboxuser/ros2_iron/install/rqt_service_caller:/home/vboxuser/ros2_iron/install/rqt_reconfigure:/home/vboxuser/ros2_iron/install/rqt_py_console:/home/vboxuser/ros2_iron/install/rqt_publisher:/home/vboxuser/ros2_iron/install/rqt_action:/home/vboxuser/ros2_iron/install/rqt_msg:/home/vboxuser/ros2_iron/install/rqt_console:/home/vboxuser/ros2_iron/install/rqt_graph:/home/vboxuser/ros2_iron/install/rqt_gui_py:/home/vboxuser/ros2_iron/install/rqt_gui:/home/vboxuser/ros2_iron/install/ros2trace:/home/vboxuser/ros2_iron/install/ros2topic:/home/vboxuser/ros2_iron/install/ros2test:/home/vboxuser/ros2_iron/install/ros2param:/home/vboxuser/ros2_iron/install/ros2lifecycle:/home/vboxuser/ros2_iron/install/ros2service:/home/vboxuser/ros2_iron/install/ros2run:/home/vboxuser/ros2_iron/install/ros2launch:/home/vboxuser/ros2_iron/install/ros2pkg:/home/vboxuser/ros2_iron/install/ros2node:/home/vboxuser/ros2_iron/install/ros2multicast:/home/vboxuser/ros2_iron/install/ros2interface:/home/vboxuser/ros2_iron/install/ros2action:/home/vboxuser/ros2_iron/install/ros2cli:/home/vboxuser/ros2_iron/install/launch_testing_ros:/home/vboxuser/ros2_iron/install/launch_ros:/home/vboxuser/ros2_iron/install/examples_rclpy_minimal_action_server:/home/vboxuser/ros2_iron/install/examples_rclpy_minimal_action_client:/home/vboxuser/ros2_iron/install/examples_rclpy_guard_conditions:/home/vboxuser/ros2_iron/install/action_tutorials_py:/home/vboxuser/ros2_iron/install/ament_uncrustify:/home/vboxuser/ros2_iron/install/tracetools_trace:/home/vboxuser/ros2_iron/install/tracetools_read:/home/vboxuser/ros2_iron/install/test_tracetools_launch:/home/vboxuser/ros2_iron/install/test_ros2trace:/home/vboxuser/ros2_iron/install/test_launch_ros:/home/vboxuser/ros2_iron/install/rpyutils:/home/vboxuser/ros2_iron/install/rosidl_runtime_py:/home/vboxuser/ros2_iron/install/rosidl_pycommon:/home/vboxuser/ros2_iron/install/rosidl_cli:/home/vboxuser/ros2_iron/install/launch_pytest:/home/vboxuser/ros2_iron/install/launch_testing:/home/vboxuser/ros2_iron/install/launch_yaml:/home/vboxuser/ros2_iron/install/launch_xml:/home/vboxuser/ros2_iron/install/launch:/home/vboxuser/ros2_iron/install/osrf_pycommon:/home/vboxuser/ros2_iron/install/domain_coordinator:/home/vboxuser/ros2_iron/install/ament_xmllint:/home/vboxuser/ros2_iron/install/ament_pyflakes:/home/vboxuser/ros2_iron/install/ament_pycodestyle:/home/vboxuser/ros2_iron/install/ament_pep257:/home/vboxuser/ros2_iron/install/ament_pclint:/home/vboxuser/ros2_iron/install/ament_package:/home/vboxuser/ros2_iron/install/ament_mypy:/home/vboxuser/ros2_iron/install/ament_lint_cmake:/home/vboxuser/ros2_iron/install/ament_flake8:/home/vboxuser/ros2_iron/install/ament_copyright:/home/vboxuser/ros2_iron/install/ament_lint:/home/vboxuser/ros2_iron/install/ament_index_python:/home/vboxuser/ros2_iron/install/ament_cpplint:/home/vboxuser/ros2_iron/install/ament_cppcheck:/home/vboxuser/ros2_iron/install/ament_clang_tidy:/home/vboxuser/ros2_iron/install/ament_clang_format /usr/bin/cmake --install /home/vboxuser/ros2_ws/build/examples_rclcpp_multithreaded_executor
[6.942s] INFO:colcon.colcon_core.shell:Creating package descriptor '/home/vboxuser/ros2_ws/install/examples_rclcpp_multithreaded_executor/share/examples_rclcpp_multithreaded_executor/package.dsv'
[6.946s] INFO:colcon.colcon_core.shell:Creating package script '/home/vboxuser/ros2_ws/install/examples_rclcpp_multithreaded_executor/share/examples_rclcpp_multithreaded_executor/package.sh'
[6.949s] INFO:colcon.colcon_core.shell:Creating package script '/home/vboxuser/ros2_ws/install/examples_rclcpp_multithreaded_executor/share/examples_rclcpp_multithreaded_executor/package.bash'
[6.952s] INFO:colcon.colcon_core.shell:Creating package script '/home/vboxuser/ros2_ws/install/examples_rclcpp_multithreaded_executor/share/examples_rclcpp_multithreaded_executor/package.zsh'
[6.957s] Level 1:colcon.colcon_core.environment:create_file_with_runtime_dependencies(/home/vboxuser/ros2_ws/install/examples_rclcpp_multithreaded_executor/share/colcon-core/packages/examples_rclcpp_multithreaded_executor)
[6.970s] Level 1:colcon.colcon_core.environment:create_environment_scripts_only(examples_rclcpp_multithreaded_executor)
[6.981s] Level 1:colcon.colcon_core.environment:checking '/home/vboxuser/ros2_ws/install/examples_rclcpp_multithreaded_executor' for CMake module files
[6.984s] Level 1:colcon.colcon_core.environment:checking '/home/vboxuser/ros2_ws/install/examples_rclcpp_multithreaded_executor' for CMake config files
[6.985s] Level 1:colcon.colcon_core.shell:create_environment_hook('examples_rclcpp_multithreaded_executor', 'cmake_prefix_path')
[6.996s] INFO:colcon.colcon_core.shell:Creating environment hook '/home/vboxuser/ros2_ws/install/examples_rclcpp_multithreaded_executor/share/examples_rclcpp_multithreaded_executor/hook/cmake_prefix_path.ps1'
[7.010s] INFO:colcon.colcon_core.shell:Creating environment descriptor '/home/vboxuser/ros2_ws/install/examples_rclcpp_multithreaded_executor/share/examples_rclcpp_multithreaded_executor/hook/cmake_prefix_path.dsv'
[7.012s] INFO:colcon.colcon_core.shell:Creating environment hook '/home/vboxuser/ros2_ws/install/examples_rclcpp_multithreaded_executor/share/examples_rclcpp_multithreaded_executor/hook/cmake_prefix_path.sh'
[7.015s] Level 1:colcon.colcon_core.environment:checking '/home/vboxuser/ros2_ws/install/examples_rclcpp_multithreaded_executor/lib'
[7.015s] Level 1:colcon.colcon_core.environment:checking '/home/vboxuser/ros2_ws/install/examples_rclcpp_multithreaded_executor/bin'
[7.015s] Level 1:colcon.colcon_core.environment:checking '/home/vboxuser/ros2_ws/install/examples_rclcpp_multithreaded_executor/lib/pkgconfig/examples_rclcpp_multithreaded_executor.pc'
[7.016s] Level 1:colcon.colcon_core.environment:checking '/home/vboxuser/ros2_ws/install/examples_rclcpp_multithreaded_executor/lib/python3.10/site-packages'
[7.016s] Level 1:colcon.colcon_core.environment:checking '/home/vboxuser/ros2_ws/install/examples_rclcpp_multithreaded_executor/bin'
[7.017s] INFO:colcon.colcon_core.shell:Creating package script '/home/vboxuser/ros2_ws/install/examples_rclcpp_multithreaded_executor/share/examples_rclcpp_multithreaded_executor/package.ps1'
[7.022s] INFO:colcon.colcon_core.shell:Creating package descriptor '/home/vboxuser/ros2_ws/install/examples_rclcpp_multithreaded_executor/share/examples_rclcpp_multithreaded_executor/package.dsv'
[7.023s] INFO:colcon.colcon_core.shell:Creating package script '/home/vboxuser/ros2_ws/install/examples_rclcpp_multithreaded_executor/share/examples_rclcpp_multithreaded_executor/package.sh'
[7.024s] INFO:colcon.colcon_core.shell:Creating package script '/home/vboxuser/ros2_ws/install/examples_rclcpp_multithreaded_executor/share/examples_rclcpp_multithreaded_executor/package.bash'
[7.026s] INFO:colcon.colcon_core.shell:Creating package script '/home/vboxuser/ros2_ws/install/examples_rclcpp_multithreaded_executor/share/examples_rclcpp_multithreaded_executor/package.zsh'
[7.027s] Level 1:colcon.colcon_core.environment:create_file_with_runtime_dependencies(/home/vboxuser/ros2_ws/install/examples_rclcpp_multithreaded_executor/share/colcon-core/packages/examples_rclcpp_multithreaded_executor)
[7.030s] INFO:colcon.colcon_ros.task.ament_python.build:Building ROS package in '/home/vboxuser/ros2_ws/src/examples/rclpy/guard_conditions' with build type 'ament_python'
[7.031s] Level 1:colcon.colcon_core.shell:create_environment_hook('examples_rclpy_guard_conditions', 'ament_prefix_path')
[7.031s] INFO:colcon.colcon_core.shell:Creating environment hook '/home/vboxuser/ros2_ws/install/examples_rclpy_guard_conditions/share/examples_rclpy_guard_conditions/hook/ament_prefix_path.ps1'
[7.049s] INFO:colcon.colcon_core.shell:Creating environment descriptor '/home/vboxuser/ros2_ws/install/examples_rclpy_guard_conditions/share/examples_rclpy_guard_conditions/hook/ament_prefix_path.dsv'
[7.056s] INFO:colcon.colcon_core.shell:Creating environment hook '/home/vboxuser/ros2_ws/install/examples_rclpy_guard_conditions/share/examples_rclpy_guard_conditions/hook/ament_prefix_path.sh'
[7.057s] INFO:colcon.colcon_core.shell:Skip shell extension 'powershell' for command environment: Not usable outside of PowerShell
[7.058s] DEBUG:colcon.colcon_core.shell:Skip shell extension 'dsv' for command environment
[7.249s] DEBUG:colcon.colcon_core.event_handler.log_command:Invoking command in '/home/vboxuser/ros2_ws/build/examples_rclcpp_wait_set': CMAKE_PREFIX_PATH=${CMAKE_PREFIX_PATH}:/home/vboxuser/ros2_ws/install/py_pubsub:/home/vboxuser/ros2_ws/install/launch_testing_examples:/home/vboxuser/ros2_ws/install/examples_rclpy_pointcloud_publisher:/home/vboxuser/ros2_ws/install/examples_rclpy_minimal_subscriber:/home/vboxuser/ros2_ws/install/examples_rclpy_minimal_service:/home/vboxuser/ros2_ws/install/examples_rclpy_minimal_publisher:/home/vboxuser/ros2_ws/install/examples_rclpy_minimal_client:/home/vboxuser/ros2_ws/install/examples_rclpy_minimal_action_server:/home/vboxuser/ros2_ws/install/examples_rclpy_minimal_action_client:/home/vboxuser/ros2_ws/install/examples_rclpy_guard_conditions:/home/vboxuser/ros2_ws/install/examples_rclpy_executors:/home/vboxuser/ros2_ws/install/bms_visualizer:/opt/ros/iron:/home/vboxuser/ros2_iron/install/rqt_bag_plugins:/home/vboxuser/ros2_iron/install/rqt_bag:/home/vboxuser/ros2_iron/install/rosbag2_examples_py:/home/vboxuser/ros2_iron/install/launch_testing_examples:/home/vboxuser/ros2_iron/install/ros2bag:/home/vboxuser/ros2_iron/install/tracetools_test:/home/vboxuser/ros2_iron/install/tracetools_launch:/home/vboxuser/ros2_iron/install/topic_monitor:/home/vboxuser/ros2_iron/install/tf2_tools:/home/vboxuser/ros2_iron/install/examples_tf2_py:/home/vboxuser/ros2_iron/install/tf2_ros_py:/home/vboxuser/ros2_iron/install/examples_rclpy_pointcloud_publisher:/home/vboxuser/ros2_iron/install/sensor_msgs_py:/home/vboxuser/ros2_iron/install/quality_of_service_demo_py:/home/vboxuser/ros2_iron/install/rqt_plot:/home/vboxuser/ros2_iron/install/ros2doctor:/home/vboxuser/ros2_iron/install/lifecycle_py:/home/vboxuser/ros2_iron/install/examples_rclpy_minimal_subscriber:/home/vboxuser/ros2_iron/install/examples_rclpy_minimal_service:/home/vboxuser/ros2_iron/install/examples_rclpy_minimal_publisher:/home/vboxuser/ros2_iron/install/examples_rclpy_minimal_client:/home/vboxuser/ros2_iron/install/examples_rclpy_executors:/home/vboxuser/ros2_iron/install/demo_nodes_py:/home/vboxuser/ros2_iron/install/rqt:/home/vboxuser/ros2_iron/install/ros2component:/home/vboxuser/ros2_iron/install/sros2:/home/vboxuser/ros2_iron/install/rqt_topic:/home/vboxuser/ros2_iron/install/rqt_srv:/home/vboxuser/ros2_iron/install/rqt_shell:/home/vboxuser/ros2_iron/install/rqt_service_caller:/home/vboxuser/ros2_iron/install/rqt_reconfigure:/home/vboxuser/ros2_iron/install/rqt_py_console:/home/vboxuser/ros2_iron/install/rqt_publisher:/home/vboxuser/ros2_iron/install/rqt_action:/home/vboxuser/ros2_iron/install/rqt_msg:/home/vboxuser/ros2_iron/install/rqt_console:/home/vboxuser/ros2_iron/install/rqt_graph:/home/vboxuser/ros2_iron/install/rqt_gui_py:/home/vboxuser/ros2_iron/install/rqt_gui:/home/vboxuser/ros2_iron/install/ros2trace:/home/vboxuser/ros2_iron/install/ros2topic:/home/vboxuser/ros2_iron/install/ros2test:/home/vboxuser/ros2_iron/install/ros2param:/home/vboxuser/ros2_iron/install/ros2lifecycle:/home/vboxuser/ros2_iron/install/ros2service:/home/vboxuser/ros2_iron/install/ros2run:/home/vboxuser/ros2_iron/install/ros2launch:/home/vboxuser/ros2_iron/install/ros2pkg:/home/vboxuser/ros2_iron/install/ros2node:/home/vboxuser/ros2_iron/install/ros2multicast:/home/vboxuser/ros2_iron/install/ros2interface:/home/vboxuser/ros2_iron/install/ros2action:/home/vboxuser/ros2_iron/install/ros2cli:/home/vboxuser/ros2_iron/install/launch_testing_ros:/home/vboxuser/ros2_iron/install/launch_ros:/home/vboxuser/ros2_iron/install/examples_rclpy_minimal_action_server:/home/vboxuser/ros2_iron/install/examples_rclpy_minimal_action_client:/home/vboxuser/ros2_iron/install/examples_rclpy_guard_conditions:/home/vboxuser/ros2_iron/install/action_tutorials_py:/home/vboxuser/ros2_iron/install/ament_uncrustify:/home/vboxuser/ros2_iron/install/tracetools_trace:/home/vboxuser/ros2_iron/install/tracetools_read:/home/vboxuser/ros2_iron/install/test_tracetools_launch:/home/vboxuser/ros2_iron/install/test_ros2trace:/home/vboxuser/ros2_iron/install/test_launch_ros:/home/vboxuser/ros2_iron/install/rpyutils:/home/vboxuser/ros2_iron/install/rosidl_runtime_py:/home/vboxuser/ros2_iron/install/rosidl_pycommon:/home/vboxuser/ros2_iron/install/rosidl_cli:/home/vboxuser/ros2_iron/install/launch_pytest:/home/vboxuser/ros2_iron/install/launch_testing:/home/vboxuser/ros2_iron/install/launch_yaml:/home/vboxuser/ros2_iron/install/launch_xml:/home/vboxuser/ros2_iron/install/launch:/home/vboxuser/ros2_iron/install/osrf_pycommon:/home/vboxuser/ros2_iron/install/domain_coordinator:/home/vboxuser/ros2_iron/install/ament_xmllint:/home/vboxuser/ros2_iron/install/ament_pyflakes:/home/vboxuser/ros2_iron/install/ament_pycodestyle:/home/vboxuser/ros2_iron/install/ament_pep257:/home/vboxuser/ros2_iron/install/ament_pclint:/home/vboxuser/ros2_iron/install/ament_package:/home/vboxuser/ros2_iron/install/ament_mypy:/home/vboxuser/ros2_iron/install/ament_lint_cmake:/home/vboxuser/ros2_iron/install/ament_flake8:/home/vboxuser/ros2_iron/install/ament_copyright:/home/vboxuser/ros2_iron/install/ament_lint:/home/vboxuser/ros2_iron/install/ament_index_python:/home/vboxuser/ros2_iron/install/ament_cpplint:/home/vboxuser/ros2_iron/install/ament_cppcheck:/home/vboxuser/ros2_iron/install/ament_clang_tidy:/home/vboxuser/ros2_iron/install/ament_clang_format /usr/bin/cmake --build /home/vboxuser/ros2_ws/build/examples_rclcpp_wait_set -- -j4 -l4
[9.140s] INFO:colcon.colcon_core.task.python.build:Building Python package in '/home/vboxuser/ros2_ws/src/examples/rclpy/executors'
[9.140s] INFO:colcon.colcon_core.shell:Skip shell extension 'powershell' for command environment: Not usable outside of PowerShell
[9.140s] DEBUG:colcon.colcon_core.shell:Skip shell extension 'dsv' for command environment
[10.930s] INFO:colcon.colcon_core.task.python.build:Building Python package in '/home/vboxuser/ros2_ws/src/examples/rclpy/guard_conditions'
[10.933s] INFO:colcon.colcon_core.shell:Skip shell extension 'powershell' for command environment: Not usable outside of PowerShell
[10.933s] DEBUG:colcon.colcon_core.shell:Skip shell extension 'dsv' for command environment
[11.009s] Level 1:colcon.colcon_core.environment:checking '/home/vboxuser/ros2_ws/install/bms_visualizer' for CMake module files
[11.010s] Level 1:colcon.colcon_core.environment:checking '/home/vboxuser/ros2_ws/install/bms_visualizer' for CMake config files
[11.013s] DEBUG:colcon.colcon_core.event_handler.log_command:Invoked command in '/home/vboxuser/ros2_ws/src/BMS_BQ769X2/src/bms_visualizer' returned '0': PYTHONPATH=/home/vboxuser/ros2_ws/build/bms_visualizer/prefix_override:/usr/lib/python3/dist-packages/colcon_core/task/python/colcon_distutils_commands:/home/vboxuser/ros2_ws/install/bms_visualizer/lib/python3.10/site-packages:${PYTHONPATH} /usr/bin/python3 -W ignore:setup.py install is deprecated -W ignore:easy_install command is deprecated setup.py egg_info --egg-base ../../../../build/bms_visualizer build --build-base /home/vboxuser/ros2_ws/build/bms_visualizer/build install --record /home/vboxuser/ros2_ws/build/bms_visualizer/install.log --single-version-externally-managed install_data
[11.015s] Level 1:colcon.colcon_core.environment:checking '/home/vboxuser/ros2_ws/install/bms_visualizer/lib'
[11.015s] Level 1:colcon.colcon_core.environment:checking '/home/vboxuser/ros2_ws/install/bms_visualizer/bin'
[11.015s] Level 1:colcon.colcon_core.environment:checking '/home/vboxuser/ros2_ws/install/bms_visualizer/lib/pkgconfig/bms_visualizer.pc'
[11.016s] Level 1:colcon.colcon_core.environment:checking '/home/vboxuser/ros2_ws/install/bms_visualizer/lib/python3.10/site-packages'
[11.016s] Level 1:colcon.colcon_core.shell:create_environment_hook('bms_visualizer', 'pythonpath')
[11.019s] INFO:colcon.colcon_core.shell:Creating environment hook '/home/vboxuser/ros2_ws/install/bms_visualizer/share/bms_visualizer/hook/pythonpath.ps1'
[11.020s] INFO:colcon.colcon_core.shell:Creating environment descriptor '/home/vboxuser/ros2_ws/install/bms_visualizer/share/bms_visualizer/hook/pythonpath.dsv'
[11.022s] INFO:colcon.colcon_core.shell:Creating environment hook '/home/vboxuser/ros2_ws/install/bms_visualizer/share/bms_visualizer/hook/pythonpath.sh'
[11.025s] Level 1:colcon.colcon_core.environment:checking '/home/vboxuser/ros2_ws/install/bms_visualizer/bin'
[11.025s] Level 1:colcon.colcon_core.environment:create_environment_scripts_only(bms_visualizer)
[11.026s] INFO:colcon.colcon_core.shell:Creating package script '/home/vboxuser/ros2_ws/install/bms_visualizer/share/bms_visualizer/package.ps1'
[11.029s] INFO:colcon.colcon_core.shell:Creating package descriptor '/home/vboxuser/ros2_ws/install/bms_visualizer/share/bms_visualizer/package.dsv'
[11.030s] INFO:colcon.colcon_core.shell:Creating package script '/home/vboxuser/ros2_ws/install/bms_visualizer/share/bms_visualizer/package.sh'
[11.032s] INFO:colcon.colcon_core.shell:Creating package script '/home/vboxuser/ros2_ws/install/bms_visualizer/share/bms_visualizer/package.bash'
[11.034s] INFO:colcon.colcon_core.shell:Creating package script '/home/vboxuser/ros2_ws/install/bms_visualizer/share/bms_visualizer/package.zsh'
[11.035s] Level 1:colcon.colcon_core.environment:create_file_with_runtime_dependencies(/home/vboxuser/ros2_ws/install/bms_visualizer/share/colcon-core/packages/bms_visualizer)
[11.040s] INFO:colcon.colcon_ros.task.ament_python.build:Building ROS package in '/home/vboxuser/ros2_ws/src/examples/rclpy/actions/minimal_action_client' with build type 'ament_python'
[11.041s] Level 1:colcon.colcon_core.shell:create_environment_hook('examples_rclpy_minimal_action_client', 'ament_prefix_path')
[11.042s] INFO:colcon.colcon_core.shell:Creating environment hook '/home/vboxuser/ros2_ws/install/examples_rclpy_minimal_action_client/share/examples_rclpy_minimal_action_client/hook/ament_prefix_path.ps1'
[11.044s] INFO:colcon.colcon_core.shell:Creating environment descriptor '/home/vboxuser/ros2_ws/install/examples_rclpy_minimal_action_client/share/examples_rclpy_minimal_action_client/hook/ament_prefix_path.dsv'
[11.046s] INFO:colcon.colcon_core.shell:Creating environment hook '/home/vboxuser/ros2_ws/install/examples_rclpy_minimal_action_client/share/examples_rclpy_minimal_action_client/hook/ament_prefix_path.sh'
[11.048s] INFO:colcon.colcon_core.shell:Skip shell extension 'powershell' for command environment: Not usable outside of PowerShell
[11.048s] DEBUG:colcon.colcon_core.shell:Skip shell extension 'dsv' for command environment
[11.110s] DEBUG:colcon.colcon_core.event_handler.log_command:Invoked command in '/home/vboxuser/ros2_ws/build/examples_rclcpp_wait_set' returned '0': CMAKE_PREFIX_PATH=${CMAKE_PREFIX_PATH}:/home/vboxuser/ros2_ws/install/py_pubsub:/home/vboxuser/ros2_ws/install/launch_testing_examples:/home/vboxuser/ros2_ws/install/examples_rclpy_pointcloud_publisher:/home/vboxuser/ros2_ws/install/examples_rclpy_minimal_subscriber:/home/vboxuser/ros2_ws/install/examples_rclpy_minimal_service:/home/vboxuser/ros2_ws/install/examples_rclpy_minimal_publisher:/home/vboxuser/ros2_ws/install/examples_rclpy_minimal_client:/home/vboxuser/ros2_ws/install/examples_rclpy_minimal_action_server:/home/vboxuser/ros2_ws/install/examples_rclpy_minimal_action_client:/home/vboxuser/ros2_ws/install/examples_rclpy_guard_conditions:/home/vboxuser/ros2_ws/install/examples_rclpy_executors:/home/vboxuser/ros2_ws/install/bms_visualizer:/opt/ros/iron:/home/vboxuser/ros2_iron/install/rqt_bag_plugins:/home/vboxuser/ros2_iron/install/rqt_bag:/home/vboxuser/ros2_iron/install/rosbag2_examples_py:/home/vboxuser/ros2_iron/install/launch_testing_examples:/home/vboxuser/ros2_iron/install/ros2bag:/home/vboxuser/ros2_iron/install/tracetools_test:/home/vboxuser/ros2_iron/install/tracetools_launch:/home/vboxuser/ros2_iron/install/topic_monitor:/home/vboxuser/ros2_iron/install/tf2_tools:/home/vboxuser/ros2_iron/install/examples_tf2_py:/home/vboxuser/ros2_iron/install/tf2_ros_py:/home/vboxuser/ros2_iron/install/examples_rclpy_pointcloud_publisher:/home/vboxuser/ros2_iron/install/sensor_msgs_py:/home/vboxuser/ros2_iron/install/quality_of_service_demo_py:/home/vboxuser/ros2_iron/install/rqt_plot:/home/vboxuser/ros2_iron/install/ros2doctor:/home/vboxuser/ros2_iron/install/lifecycle_py:/home/vboxuser/ros2_iron/install/examples_rclpy_minimal_subscriber:/home/vboxuser/ros2_iron/install/examples_rclpy_minimal_service:/home/vboxuser/ros2_iron/install/examples_rclpy_minimal_publisher:/home/vboxuser/ros2_iron/install/examples_rclpy_minimal_client:/home/vboxuser/ros2_iron/install/examples_rclpy_executors:/home/vboxuser/ros2_iron/install/demo_nodes_py:/home/vboxuser/ros2_iron/install/rqt:/home/vboxuser/ros2_iron/install/ros2component:/home/vboxuser/ros2_iron/install/sros2:/home/vboxuser/ros2_iron/install/rqt_topic:/home/vboxuser/ros2_iron/install/rqt_srv:/home/vboxuser/ros2_iron/install/rqt_shell:/home/vboxuser/ros2_iron/install/rqt_service_caller:/home/vboxuser/ros2_iron/install/rqt_reconfigure:/home/vboxuser/ros2_iron/install/rqt_py_console:/home/vboxuser/ros2_iron/install/rqt_publisher:/home/vboxuser/ros2_iron/install/rqt_action:/home/vboxuser/ros2_iron/install/rqt_msg:/home/vboxuser/ros2_iron/install/rqt_console:/home/vboxuser/ros2_iron/install/rqt_graph:/home/vboxuser/ros2_iron/install/rqt_gui_py:/home/vboxuser/ros2_iron/install/rqt_gui:/home/vboxuser/ros2_iron/install/ros2trace:/home/vboxuser/ros2_iron/install/ros2topic:/home/vboxuser/ros2_iron/install/ros2test:/home/vboxuser/ros2_iron/install/ros2param:/home/vboxuser/ros2_iron/install/ros2lifecycle:/home/vboxuser/ros2_iron/install/ros2service:/home/vboxuser/ros2_iron/install/ros2run:/home/vboxuser/ros2_iron/install/ros2launch:/home/vboxuser/ros2_iron/install/ros2pkg:/home/vboxuser/ros2_iron/install/ros2node:/home/vboxuser/ros2_iron/install/ros2multicast:/home/vboxuser/ros2_iron/install/ros2interface:/home/vboxuser/ros2_iron/install/ros2action:/home/vboxuser/ros2_iron/install/ros2cli:/home/vboxuser/ros2_iron/install/launch_testing_ros:/home/vboxuser/ros2_iron/install/launch_ros:/home/vboxuser/ros2_iron/install/examples_rclpy_minimal_action_server:/home/vboxuser/ros2_iron/install/examples_rclpy_minimal_action_client:/home/vboxuser/ros2_iron/install/examples_rclpy_guard_conditions:/home/vboxuser/ros2_iron/install/action_tutorials_py:/home/vboxuser/ros2_iron/install/ament_uncrustify:/home/vboxuser/ros2_iron/install/tracetools_trace:/home/vboxuser/ros2_iron/install/tracetools_read:/home/vboxuser/ros2_iron/install/test_tracetools_launch:/home/vboxuser/ros2_iron/install/test_ros2trace:/home/vboxuser/ros2_iron/install/test_launch_ros:/home/vboxuser/ros2_iron/install/rpyutils:/home/vboxuser/ros2_iron/install/rosidl_runtime_py:/home/vboxuser/ros2_iron/install/rosidl_pycommon:/home/vboxuser/ros2_iron/install/rosidl_cli:/home/vboxuser/ros2_iron/install/launch_pytest:/home/vboxuser/ros2_iron/install/launch_testing:/home/vboxuser/ros2_iron/install/launch_yaml:/home/vboxuser/ros2_iron/install/launch_xml:/home/vboxuser/ros2_iron/install/launch:/home/vboxuser/ros2_iron/install/osrf_pycommon:/home/vboxuser/ros2_iron/install/domain_coordinator:/home/vboxuser/ros2_iron/install/ament_xmllint:/home/vboxuser/ros2_iron/install/ament_pyflakes:/home/vboxuser/ros2_iron/install/ament_pycodestyle:/home/vboxuser/ros2_iron/install/ament_pep257:/home/vboxuser/ros2_iron/install/ament_pclint:/home/vboxuser/ros2_iron/install/ament_package:/home/vboxuser/ros2_iron/install/ament_mypy:/home/vboxuser/ros2_iron/install/ament_lint_cmake:/home/vboxuser/ros2_iron/install/ament_flake8:/home/vboxuser/ros2_iron/install/ament_copyright:/home/vboxuser/ros2_iron/install/ament_lint:/home/vboxuser/ros2_iron/install/ament_index_python:/home/vboxuser/ros2_iron/install/ament_cpplint:/home/vboxuser/ros2_iron/install/ament_cppcheck:/home/vboxuser/ros2_iron/install/ament_clang_tidy:/home/vboxuser/ros2_iron/install/ament_clang_format /usr/bin/cmake --build /home/vboxuser/ros2_ws/build/examples_rclcpp_wait_set -- -j4 -l4
[11.145s] DEBUG:colcon.colcon_core.event_handler.log_command:Invoking command in '/home/vboxuser/ros2_ws/build/examples_rclcpp_wait_set': CMAKE_PREFIX_PATH=${CMAKE_PREFIX_PATH}:/home/vboxuser/ros2_ws/install/py_pubsub:/home/vboxuser/ros2_ws/install/launch_testing_examples:/home/vboxuser/ros2_ws/install/examples_rclpy_pointcloud_publisher:/home/vboxuser/ros2_ws/install/examples_rclpy_minimal_subscriber:/home/vboxuser/ros2_ws/install/examples_rclpy_minimal_service:/home/vboxuser/ros2_ws/install/examples_rclpy_minimal_publisher:/home/vboxuser/ros2_ws/install/examples_rclpy_minimal_client:/home/vboxuser/ros2_ws/install/examples_rclpy_minimal_action_server:/home/vboxuser/ros2_ws/install/examples_rclpy_minimal_action_client:/home/vboxuser/ros2_ws/install/examples_rclpy_guard_conditions:/home/vboxuser/ros2_ws/install/examples_rclpy_executors:/home/vboxuser/ros2_ws/install/bms_visualizer:/opt/ros/iron:/home/vboxuser/ros2_iron/install/rqt_bag_plugins:/home/vboxuser/ros2_iron/install/rqt_bag:/home/vboxuser/ros2_iron/install/rosbag2_examples_py:/home/vboxuser/ros2_iron/install/launch_testing_examples:/home/vboxuser/ros2_iron/install/ros2bag:/home/vboxuser/ros2_iron/install/tracetools_test:/home/vboxuser/ros2_iron/install/tracetools_launch:/home/vboxuser/ros2_iron/install/topic_monitor:/home/vboxuser/ros2_iron/install/tf2_tools:/home/vboxuser/ros2_iron/install/examples_tf2_py:/home/vboxuser/ros2_iron/install/tf2_ros_py:/home/vboxuser/ros2_iron/install/examples_rclpy_pointcloud_publisher:/home/vboxuser/ros2_iron/install/sensor_msgs_py:/home/vboxuser/ros2_iron/install/quality_of_service_demo_py:/home/vboxuser/ros2_iron/install/rqt_plot:/home/vboxuser/ros2_iron/install/ros2doctor:/home/vboxuser/ros2_iron/install/lifecycle_py:/home/vboxuser/ros2_iron/install/examples_rclpy_minimal_subscriber:/home/vboxuser/ros2_iron/install/examples_rclpy_minimal_service:/home/vboxuser/ros2_iron/install/examples_rclpy_minimal_publisher:/home/vboxuser/ros2_iron/install/examples_rclpy_minimal_client:/home/vboxuser/ros2_iron/install/examples_rclpy_executors:/home/vboxuser/ros2_iron/install/demo_nodes_py:/home/vboxuser/ros2_iron/install/rqt:/home/vboxuser/ros2_iron/install/ros2component:/home/vboxuser/ros2_iron/install/sros2:/home/vboxuser/ros2_iron/install/rqt_topic:/home/vboxuser/ros2_iron/install/rqt_srv:/home/vboxuser/ros2_iron/install/rqt_shell:/home/vboxuser/ros2_iron/install/rqt_service_caller:/home/vboxuser/ros2_iron/install/rqt_reconfigure:/home/vboxuser/ros2_iron/install/rqt_py_console:/home/vboxuser/ros2_iron/install/rqt_publisher:/home/vboxuser/ros2_iron/install/rqt_action:/home/vboxuser/ros2_iron/install/rqt_msg:/home/vboxuser/ros2_iron/install/rqt_console:/home/vboxuser/ros2_iron/install/rqt_graph:/home/vboxuser/ros2_iron/install/rqt_gui_py:/home/vboxuser/ros2_iron/install/rqt_gui:/home/vboxuser/ros2_iron/install/ros2trace:/home/vboxuser/ros2_iron/install/ros2topic:/home/vboxuser/ros2_iron/install/ros2test:/home/vboxuser/ros2_iron/install/ros2param:/home/vboxuser/ros2_iron/install/ros2lifecycle:/home/vboxuser/ros2_iron/install/ros2service:/home/vboxuser/ros2_iron/install/ros2run:/home/vboxuser/ros2_iron/install/ros2launch:/home/vboxuser/ros2_iron/install/ros2pkg:/home/vboxuser/ros2_iron/install/ros2node:/home/vboxuser/ros2_iron/install/ros2multicast:/home/vboxuser/ros2_iron/install/ros2interface:/home/vboxuser/ros2_iron/install/ros2action:/home/vboxuser/ros2_iron/install/ros2cli:/home/vboxuser/ros2_iron/install/launch_testing_ros:/home/vboxuser/ros2_iron/install/launch_ros:/home/vboxuser/ros2_iron/install/examples_rclpy_minimal_action_server:/home/vboxuser/ros2_iron/install/examples_rclpy_minimal_action_client:/home/vboxuser/ros2_iron/install/examples_rclpy_guard_conditions:/home/vboxuser/ros2_iron/install/action_tutorials_py:/home/vboxuser/ros2_iron/install/ament_uncrustify:/home/vboxuser/ros2_iron/install/tracetools_trace:/home/vboxuser/ros2_iron/install/tracetools_read:/home/vboxuser/ros2_iron/install/test_tracetools_launch:/home/vboxuser/ros2_iron/install/test_ros2trace:/home/vboxuser/ros2_iron/install/test_launch_ros:/home/vboxuser/ros2_iron/install/rpyutils:/home/vboxuser/ros2_iron/install/rosidl_runtime_py:/home/vboxuser/ros2_iron/install/rosidl_pycommon:/home/vboxuser/ros2_iron/install/rosidl_cli:/home/vboxuser/ros2_iron/install/launch_pytest:/home/vboxuser/ros2_iron/install/launch_testing:/home/vboxuser/ros2_iron/install/launch_yaml:/home/vboxuser/ros2_iron/install/launch_xml:/home/vboxuser/ros2_iron/install/launch:/home/vboxuser/ros2_iron/install/osrf_pycommon:/home/vboxuser/ros2_iron/install/domain_coordinator:/home/vboxuser/ros2_iron/install/ament_xmllint:/home/vboxuser/ros2_iron/install/ament_pyflakes:/home/vboxuser/ros2_iron/install/ament_pycodestyle:/home/vboxuser/ros2_iron/install/ament_pep257:/home/vboxuser/ros2_iron/install/ament_pclint:/home/vboxuser/ros2_iron/install/ament_package:/home/vboxuser/ros2_iron/install/ament_mypy:/home/vboxuser/ros2_iron/install/ament_lint_cmake:/home/vboxuser/ros2_iron/install/ament_flake8:/home/vboxuser/ros2_iron/install/ament_copyright:/home/vboxuser/ros2_iron/install/ament_lint:/home/vboxuser/ros2_iron/install/ament_index_python:/home/vboxuser/ros2_iron/install/ament_cpplint:/home/vboxuser/ros2_iron/install/ament_cppcheck:/home/vboxuser/ros2_iron/install/ament_clang_tidy:/home/vboxuser/ros2_iron/install/ament_clang_format /usr/bin/cmake --install /home/vboxuser/ros2_ws/build/examples_rclcpp_wait_set
[12.357s] INFO:colcon.colcon_core.task.python.build:Building Python package in '/home/vboxuser/ros2_ws/src/examples/rclpy/actions/minimal_action_client'
[12.361s] INFO:colcon.colcon_core.shell:Skip shell extension 'powershell' for command environment: Not usable outside of PowerShell
[12.363s] DEBUG:colcon.colcon_core.shell:Skip shell extension 'dsv' for command environment
[12.481s] Level 1:colcon.colcon_core.environment:create_environment_scripts_only(examples_rclcpp_wait_set)
[12.481s] Level 1:colcon.colcon_core.environment:checking '/home/vboxuser/ros2_ws/install/examples_rclcpp_wait_set' for CMake module files
[12.482s] Level 1:colcon.colcon_core.environment:checking '/home/vboxuser/ros2_ws/install/examples_rclcpp_wait_set' for CMake config files
[12.482s] Level 1:colcon.colcon_core.shell:create_environment_hook('examples_rclcpp_wait_set', 'cmake_prefix_path')
[12.482s] INFO:colcon.colcon_core.shell:Creating environment hook '/home/vboxuser/ros2_ws/install/examples_rclcpp_wait_set/share/examples_rclcpp_wait_set/hook/cmake_prefix_path.ps1'
[12.483s] INFO:colcon.colcon_core.shell:Creating environment descriptor '/home/vboxuser/ros2_ws/install/examples_rclcpp_wait_set/share/examples_rclcpp_wait_set/hook/cmake_prefix_path.dsv'
[12.485s] DEBUG:colcon.colcon_core.event_handler.log_command:Invoked command in '/home/vboxuser/ros2_ws/build/examples_rclcpp_wait_set' returned '0': CMAKE_PREFIX_PATH=${CMAKE_PREFIX_PATH}:/home/vboxuser/ros2_ws/install/py_pubsub:/home/vboxuser/ros2_ws/install/launch_testing_examples:/home/vboxuser/ros2_ws/install/examples_rclpy_pointcloud_publisher:/home/vboxuser/ros2_ws/install/examples_rclpy_minimal_subscriber:/home/vboxuser/ros2_ws/install/examples_rclpy_minimal_service:/home/vboxuser/ros2_ws/install/examples_rclpy_minimal_publisher:/home/vboxuser/ros2_ws/install/examples_rclpy_minimal_client:/home/vboxuser/ros2_ws/install/examples_rclpy_minimal_action_server:/home/vboxuser/ros2_ws/install/examples_rclpy_minimal_action_client:/home/vboxuser/ros2_ws/install/examples_rclpy_guard_conditions:/home/vboxuser/ros2_ws/install/examples_rclpy_executors:/home/vboxuser/ros2_ws/install/bms_visualizer:/opt/ros/iron:/home/vboxuser/ros2_iron/install/rqt_bag_plugins:/home/vboxuser/ros2_iron/install/rqt_bag:/home/vboxuser/ros2_iron/install/rosbag2_examples_py:/home/vboxuser/ros2_iron/install/launch_testing_examples:/home/vboxuser/ros2_iron/install/ros2bag:/home/vboxuser/ros2_iron/install/tracetools_test:/home/vboxuser/ros2_iron/install/tracetools_launch:/home/vboxuser/ros2_iron/install/topic_monitor:/home/vboxuser/ros2_iron/install/tf2_tools:/home/vboxuser/ros2_iron/install/examples_tf2_py:/home/vboxuser/ros2_iron/install/tf2_ros_py:/home/vboxuser/ros2_iron/install/examples_rclpy_pointcloud_publisher:/home/vboxuser/ros2_iron/install/sensor_msgs_py:/home/vboxuser/ros2_iron/install/quality_of_service_demo_py:/home/vboxuser/ros2_iron/install/rqt_plot:/home/vboxuser/ros2_iron/install/ros2doctor:/home/vboxuser/ros2_iron/install/lifecycle_py:/home/vboxuser/ros2_iron/install/examples_rclpy_minimal_subscriber:/home/vboxuser/ros2_iron/install/examples_rclpy_minimal_service:/home/vboxuser/ros2_iron/install/examples_rclpy_minimal_publisher:/home/vboxuser/ros2_iron/install/examples_rclpy_minimal_client:/home/vboxuser/ros2_iron/install/examples_rclpy_executors:/home/vboxuser/ros2_iron/install/demo_nodes_py:/home/vboxuser/ros2_iron/install/rqt:/home/vboxuser/ros2_iron/install/ros2component:/home/vboxuser/ros2_iron/install/sros2:/home/vboxuser/ros2_iron/install/rqt_topic:/home/vboxuser/ros2_iron/install/rqt_srv:/home/vboxuser/ros2_iron/install/rqt_shell:/home/vboxuser/ros2_iron/install/rqt_service_caller:/home/vboxuser/ros2_iron/install/rqt_reconfigure:/home/vboxuser/ros2_iron/install/rqt_py_console:/home/vboxuser/ros2_iron/install/rqt_publisher:/home/vboxuser/ros2_iron/install/rqt_action:/home/vboxuser/ros2_iron/install/rqt_msg:/home/vboxuser/ros2_iron/install/rqt_console:/home/vboxuser/ros2_iron/install/rqt_graph:/home/vboxuser/ros2_iron/install/rqt_gui_py:/home/vboxuser/ros2_iron/install/rqt_gui:/home/vboxuser/ros2_iron/install/ros2trace:/home/vboxuser/ros2_iron/install/ros2topic:/home/vboxuser/ros2_iron/install/ros2test:/home/vboxuser/ros2_iron/install/ros2param:/home/vboxuser/ros2_iron/install/ros2lifecycle:/home/vboxuser/ros2_iron/install/ros2service:/home/vboxuser/ros2_iron/install/ros2run:/home/vboxuser/ros2_iron/install/ros2launch:/home/vboxuser/ros2_iron/install/ros2pkg:/home/vboxuser/ros2_iron/install/ros2node:/home/vboxuser/ros2_iron/install/ros2multicast:/home/vboxuser/ros2_iron/install/ros2interface:/home/vboxuser/ros2_iron/install/ros2action:/home/vboxuser/ros2_iron/install/ros2cli:/home/vboxuser/ros2_iron/install/launch_testing_ros:/home/vboxuser/ros2_iron/install/launch_ros:/home/vboxuser/ros2_iron/install/examples_rclpy_minimal_action_server:/home/vboxuser/ros2_iron/install/examples_rclpy_minimal_action_client:/home/vboxuser/ros2_iron/install/examples_rclpy_guard_conditions:/home/vboxuser/ros2_iron/install/action_tutorials_py:/home/vboxuser/ros2_iron/install/ament_uncrustify:/home/vboxuser/ros2_iron/install/tracetools_trace:/home/vboxuser/ros2_iron/install/tracetools_read:/home/vboxuser/ros2_iron/install/test_tracetools_launch:/home/vboxuser/ros2_iron/install/test_ros2trace:/home/vboxuser/ros2_iron/install/test_launch_ros:/home/vboxuser/ros2_iron/install/rpyutils:/home/vboxuser/ros2_iron/install/rosidl_runtime_py:/home/vboxuser/ros2_iron/install/rosidl_pycommon:/home/vboxuser/ros2_iron/install/rosidl_cli:/home/vboxuser/ros2_iron/install/launch_pytest:/home/vboxuser/ros2_iron/install/launch_testing:/home/vboxuser/ros2_iron/install/launch_yaml:/home/vboxuser/ros2_iron/install/launch_xml:/home/vboxuser/ros2_iron/install/launch:/home/vboxuser/ros2_iron/install/osrf_pycommon:/home/vboxuser/ros2_iron/install/domain_coordinator:/home/vboxuser/ros2_iron/install/ament_xmllint:/home/vboxuser/ros2_iron/install/ament_pyflakes:/home/vboxuser/ros2_iron/install/ament_pycodestyle:/home/vboxuser/ros2_iron/install/ament_pep257:/home/vboxuser/ros2_iron/install/ament_pclint:/home/vboxuser/ros2_iron/install/ament_package:/home/vboxuser/ros2_iron/install/ament_mypy:/home/vboxuser/ros2_iron/install/ament_lint_cmake:/home/vboxuser/ros2_iron/install/ament_flake8:/home/vboxuser/ros2_iron/install/ament_copyright:/home/vboxuser/ros2_iron/install/ament_lint:/home/vboxuser/ros2_iron/install/ament_index_python:/home/vboxuser/ros2_iron/install/ament_cpplint:/home/vboxuser/ros2_iron/install/ament_cppcheck:/home/vboxuser/ros2_iron/install/ament_clang_tidy:/home/vboxuser/ros2_iron/install/ament_clang_format /usr/bin/cmake --install /home/vboxuser/ros2_ws/build/examples_rclcpp_wait_set
[12.485s] INFO:colcon.colcon_core.shell:Creating environment hook '/home/vboxuser/ros2_ws/install/examples_rclcpp_wait_set/share/examples_rclcpp_wait_set/hook/cmake_prefix_path.sh'
[12.493s] Level 1:colcon.colcon_core.environment:checking '/home/vboxuser/ros2_ws/install/examples_rclcpp_wait_set/lib'
[12.493s] Level 1:colcon.colcon_core.shell:create_environment_hook('examples_rclcpp_wait_set', 'ld_library_path_lib')
[12.494s] INFO:colcon.colcon_core.shell:Creating environment hook '/home/vboxuser/ros2_ws/install/examples_rclcpp_wait_set/share/examples_rclcpp_wait_set/hook/ld_library_path_lib.ps1'
[12.495s] INFO:colcon.colcon_core.shell:Creating environment descriptor '/home/vboxuser/ros2_ws/install/examples_rclcpp_wait_set/share/examples_rclcpp_wait_set/hook/ld_library_path_lib.dsv'
[12.496s] INFO:colcon.colcon_core.shell:Creating environment hook '/home/vboxuser/ros2_ws/install/examples_rclcpp_wait_set/share/examples_rclcpp_wait_set/hook/ld_library_path_lib.sh'
[12.499s] Level 1:colcon.colcon_core.environment:checking '/home/vboxuser/ros2_ws/install/examples_rclcpp_wait_set/bin'
[12.499s] Level 1:colcon.colcon_core.environment:checking '/home/vboxuser/ros2_ws/install/examples_rclcpp_wait_set/lib/pkgconfig/examples_rclcpp_wait_set.pc'
[12.500s] Level 1:colcon.colcon_core.environment:checking '/home/vboxuser/ros2_ws/install/examples_rclcpp_wait_set/lib/python3.10/site-packages'
[12.503s] Level 1:colcon.colcon_core.environment:checking '/home/vboxuser/ros2_ws/install/examples_rclcpp_wait_set/bin'
[12.503s] INFO:colcon.colcon_core.shell:Creating package script '/home/vboxuser/ros2_ws/install/examples_rclcpp_wait_set/share/examples_rclcpp_wait_set/package.ps1'
[12.505s] INFO:colcon.colcon_core.shell:Creating package descriptor '/home/vboxuser/ros2_ws/install/examples_rclcpp_wait_set/share/examples_rclcpp_wait_set/package.dsv'
[12.512s] INFO:colcon.colcon_core.shell:Creating package script '/home/vboxuser/ros2_ws/install/examples_rclcpp_wait_set/share/examples_rclcpp_wait_set/package.sh'
[12.513s] INFO:colcon.colcon_core.shell:Creating package script '/home/vboxuser/ros2_ws/install/examples_rclcpp_wait_set/share/examples_rclcpp_wait_set/package.bash'
[12.516s] INFO:colcon.colcon_core.shell:Creating package script '/home/vboxuser/ros2_ws/install/examples_rclcpp_wait_set/share/examples_rclcpp_wait_set/package.zsh'
[12.520s] Level 1:colcon.colcon_core.environment:create_file_with_runtime_dependencies(/home/vboxuser/ros2_ws/install/examples_rclcpp_wait_set/share/colcon-core/packages/examples_rclcpp_wait_set)
[12.528s] Level 1:colcon.colcon_core.environment:create_environment_scripts_only(examples_rclcpp_wait_set)
[12.529s] Level 1:colcon.colcon_core.environment:checking '/home/vboxuser/ros2_ws/install/examples_rclcpp_wait_set' for CMake module files
[12.530s] Level 1:colcon.colcon_core.environment:checking '/home/vboxuser/ros2_ws/install/examples_rclcpp_wait_set' for CMake config files
[12.530s] Level 1:colcon.colcon_core.shell:create_environment_hook('examples_rclcpp_wait_set', 'cmake_prefix_path')
[12.530s] INFO:colcon.colcon_core.shell:Creating environment hook '/home/vboxuser/ros2_ws/install/examples_rclcpp_wait_set/share/examples_rclcpp_wait_set/hook/cmake_prefix_path.ps1'
[12.531s] INFO:colcon.colcon_core.shell:Creating environment descriptor '/home/vboxuser/ros2_ws/install/examples_rclcpp_wait_set/share/examples_rclcpp_wait_set/hook/cmake_prefix_path.dsv'
[12.532s] INFO:colcon.colcon_core.shell:Creating environment hook '/home/vboxuser/ros2_ws/install/examples_rclcpp_wait_set/share/examples_rclcpp_wait_set/hook/cmake_prefix_path.sh'
[12.534s] Level 1:colcon.colcon_core.environment:checking '/home/vboxuser/ros2_ws/install/examples_rclcpp_wait_set/lib'
[12.534s] Level 1:colcon.colcon_core.shell:create_environment_hook('examples_rclcpp_wait_set', 'ld_library_path_lib')
[12.535s] INFO:colcon.colcon_core.shell:Creating environment hook '/home/vboxuser/ros2_ws/install/examples_rclcpp_wait_set/share/examples_rclcpp_wait_set/hook/ld_library_path_lib.ps1'
[12.536s] INFO:colcon.colcon_core.shell:Creating environment descriptor '/home/vboxuser/ros2_ws/install/examples_rclcpp_wait_set/share/examples_rclcpp_wait_set/hook/ld_library_path_lib.dsv'
[12.537s] INFO:colcon.colcon_core.shell:Creating environment hook '/home/vboxuser/ros2_ws/install/examples_rclcpp_wait_set/share/examples_rclcpp_wait_set/hook/ld_library_path_lib.sh'
[12.538s] Level 1:colcon.colcon_core.environment:checking '/home/vboxuser/ros2_ws/install/examples_rclcpp_wait_set/bin'
[12.538s] Level 1:colcon.colcon_core.environment:checking '/home/vboxuser/ros2_ws/install/examples_rclcpp_wait_set/lib/pkgconfig/examples_rclcpp_wait_set.pc'
[12.539s] Level 1:colcon.colcon_core.environment:checking '/home/vboxuser/ros2_ws/install/examples_rclcpp_wait_set/lib/python3.10/site-packages'
[12.539s] Level 1:colcon.colcon_core.environment:checking '/home/vboxuser/ros2_ws/install/examples_rclcpp_wait_set/bin'
[12.540s] INFO:colcon.colcon_core.shell:Creating package script '/home/vboxuser/ros2_ws/install/examples_rclcpp_wait_set/share/examples_rclcpp_wait_set/package.ps1'
[12.548s] INFO:colcon.colcon_core.shell:Creating package descriptor '/home/vboxuser/ros2_ws/install/examples_rclcpp_wait_set/share/examples_rclcpp_wait_set/package.dsv'
[12.550s] INFO:colcon.colcon_core.shell:Creating package script '/home/vboxuser/ros2_ws/install/examples_rclcpp_wait_set/share/examples_rclcpp_wait_set/package.sh'
[12.551s] INFO:colcon.colcon_core.shell:Creating package script '/home/vboxuser/ros2_ws/install/examples_rclcpp_wait_set/share/examples_rclcpp_wait_set/package.bash'
[12.569s] INFO:colcon.colcon_core.shell:Creating package script '/home/vboxuser/ros2_ws/install/examples_rclcpp_wait_set/share/examples_rclcpp_wait_set/package.zsh'
[12.570s] Level 1:colcon.colcon_core.environment:create_file_with_runtime_dependencies(/home/vboxuser/ros2_ws/install/examples_rclcpp_wait_set/share/colcon-core/packages/examples_rclcpp_wait_set)
[12.573s] INFO:colcon.colcon_ros.task.ament_python.build:Building ROS package in '/home/vboxuser/ros2_ws/src/examples/rclpy/actions/minimal_action_server' with build type 'ament_python'
[12.573s] Level 1:colcon.colcon_core.shell:create_environment_hook('examples_rclpy_minimal_action_server', 'ament_prefix_path')
[12.574s] INFO:colcon.colcon_core.shell:Creating environment hook '/home/vboxuser/ros2_ws/install/examples_rclpy_minimal_action_server/share/examples_rclpy_minimal_action_server/hook/ament_prefix_path.ps1'
[12.575s] INFO:colcon.colcon_core.shell:Creating environment descriptor '/home/vboxuser/ros2_ws/install/examples_rclpy_minimal_action_server/share/examples_rclpy_minimal_action_server/hook/ament_prefix_path.dsv'
[12.583s] INFO:colcon.colcon_core.shell:Creating environment hook '/home/vboxuser/ros2_ws/install/examples_rclpy_minimal_action_server/share/examples_rclpy_minimal_action_server/hook/ament_prefix_path.sh'
[12.586s] INFO:colcon.colcon_core.shell:Skip shell extension 'powershell' for command environment: Not usable outside of PowerShell
[12.586s] DEBUG:colcon.colcon_core.shell:Skip shell extension 'dsv' for command environment
[12.726s] DEBUG:colcon.colcon_core.event_handler.log_command:Invoking command in '/home/vboxuser/ros2_ws/src/examples/rclpy/executors': PYTHONPATH=/home/vboxuser/ros2_ws/build/examples_rclpy_executors/prefix_override:/usr/lib/python3/dist-packages/colcon_core/task/python/colcon_distutils_commands:/home/vboxuser/ros2_ws/install/examples_rclpy_executors/lib/python3.10/site-packages:${PYTHONPATH} /usr/bin/python3 -W ignore:setup.py install is deprecated -W ignore:easy_install command is deprecated setup.py egg_info --egg-base ../../../../build/examples_rclpy_executors build --build-base /home/vboxuser/ros2_ws/build/examples_rclpy_executors/build install --record /home/vboxuser/ros2_ws/build/examples_rclpy_executors/install.log --single-version-externally-managed install_data
[14.332s] INFO:colcon.colcon_core.task.python.build:Building Python package in '/home/vboxuser/ros2_ws/src/examples/rclpy/actions/minimal_action_server'
[14.333s] INFO:colcon.colcon_core.shell:Skip shell extension 'powershell' for command environment: Not usable outside of PowerShell
[14.334s] DEBUG:colcon.colcon_core.shell:Skip shell extension 'dsv' for command environment
[14.487s] DEBUG:colcon.colcon_core.event_handler.log_command:Invoking command in '/home/vboxuser/ros2_ws/src/examples/rclpy/guard_conditions': PYTHONPATH=/home/vboxuser/ros2_ws/build/examples_rclpy_guard_conditions/prefix_override:/usr/lib/python3/dist-packages/colcon_core/task/python/colcon_distutils_commands:/home/vboxuser/ros2_ws/install/examples_rclpy_guard_conditions/lib/python3.10/site-packages:${PYTHONPATH} /usr/bin/python3 -W ignore:setup.py install is deprecated -W ignore:easy_install command is deprecated setup.py egg_info --egg-base ../../../../build/examples_rclpy_guard_conditions build --build-base /home/vboxuser/ros2_ws/build/examples_rclpy_guard_conditions/build install --record /home/vboxuser/ros2_ws/build/examples_rclpy_guard_conditions/install.log --single-version-externally-managed install_data
[14.607s] Level 1:colcon.colcon_core.environment:checking '/home/vboxuser/ros2_ws/install/examples_rclpy_executors' for CMake module files
[14.608s] Level 1:colcon.colcon_core.environment:checking '/home/vboxuser/ros2_ws/install/examples_rclpy_executors' for CMake config files
[14.608s] Level 1:colcon.colcon_core.environment:checking '/home/vboxuser/ros2_ws/install/examples_rclpy_executors/lib'
[14.609s] Level 1:colcon.colcon_core.environment:checking '/home/vboxuser/ros2_ws/install/examples_rclpy_executors/bin'
[14.609s] Level 1:colcon.colcon_core.environment:checking '/home/vboxuser/ros2_ws/install/examples_rclpy_executors/lib/pkgconfig/examples_rclpy_executors.pc'
[14.609s] Level 1:colcon.colcon_core.environment:checking '/home/vboxuser/ros2_ws/install/examples_rclpy_executors/lib/python3.10/site-packages'
[14.609s] Level 1:colcon.colcon_core.shell:create_environment_hook('examples_rclpy_executors', 'pythonpath')
[14.610s] INFO:colcon.colcon_core.shell:Creating environment hook '/home/vboxuser/ros2_ws/install/examples_rclpy_executors/share/examples_rclpy_executors/hook/pythonpath.ps1'
[14.610s] INFO:colcon.colcon_core.shell:Creating environment descriptor '/home/vboxuser/ros2_ws/install/examples_rclpy_executors/share/examples_rclpy_executors/hook/pythonpath.dsv'
[14.742s] INFO:colcon.colcon_core.shell:Creating environment hook '/home/vboxuser/ros2_ws/install/examples_rclpy_executors/share/examples_rclpy_executors/hook/pythonpath.sh'
[14.767s] DEBUG:colcon.colcon_core.event_handler.log_command:Invoked command in '/home/vboxuser/ros2_ws/src/examples/rclpy/executors' returned '0': PYTHONPATH=/home/vboxuser/ros2_ws/build/examples_rclpy_executors/prefix_override:/usr/lib/python3/dist-packages/colcon_core/task/python/colcon_distutils_commands:/home/vboxuser/ros2_ws/install/examples_rclpy_executors/lib/python3.10/site-packages:${PYTHONPATH} /usr/bin/python3 -W ignore:setup.py install is deprecated -W ignore:easy_install command is deprecated setup.py egg_info --egg-base ../../../../build/examples_rclpy_executors build --build-base /home/vboxuser/ros2_ws/build/examples_rclpy_executors/build install --record /home/vboxuser/ros2_ws/build/examples_rclpy_executors/install.log --single-version-externally-managed install_data
[14.774s] Level 1:colcon.colcon_core.environment:checking '/home/vboxuser/ros2_ws/install/examples_rclpy_executors/bin'
[14.774s] Level 1:colcon.colcon_core.environment:create_environment_scripts_only(examples_rclpy_executors)
[14.777s] INFO:colcon.colcon_core.shell:Creating package script '/home/vboxuser/ros2_ws/install/examples_rclpy_executors/share/examples_rclpy_executors/package.ps1'
[14.782s] INFO:colcon.colcon_core.shell:Creating package descriptor '/home/vboxuser/ros2_ws/install/examples_rclpy_executors/share/examples_rclpy_executors/package.dsv'
[14.787s] INFO:colcon.colcon_core.shell:Creating package script '/home/vboxuser/ros2_ws/install/examples_rclpy_executors/share/examples_rclpy_executors/package.sh'
[14.790s] INFO:colcon.colcon_core.shell:Creating package script '/home/vboxuser/ros2_ws/install/examples_rclpy_executors/share/examples_rclpy_executors/package.bash'
[14.792s] INFO:colcon.colcon_core.shell:Creating package script '/home/vboxuser/ros2_ws/install/examples_rclpy_executors/share/examples_rclpy_executors/package.zsh'
[14.794s] Level 1:colcon.colcon_core.environment:create_file_with_runtime_dependencies(/home/vboxuser/ros2_ws/install/examples_rclpy_executors/share/colcon-core/packages/examples_rclpy_executors)
[14.796s] INFO:colcon.colcon_ros.task.ament_python.build:Building ROS package in '/home/vboxuser/ros2_ws/src/examples/rclpy/services/minimal_client' with build type 'ament_python'
[14.797s] Level 1:colcon.colcon_core.shell:create_environment_hook('examples_rclpy_minimal_client', 'ament_prefix_path')
[14.797s] INFO:colcon.colcon_core.shell:Creating environment hook '/home/vboxuser/ros2_ws/install/examples_rclpy_minimal_client/share/examples_rclpy_minimal_client/hook/ament_prefix_path.ps1'
[14.803s] INFO:colcon.colcon_core.shell:Creating environment descriptor '/home/vboxuser/ros2_ws/install/examples_rclpy_minimal_client/share/examples_rclpy_minimal_client/hook/ament_prefix_path.dsv'
[14.806s] INFO:colcon.colcon_core.shell:Creating environment hook '/home/vboxuser/ros2_ws/install/examples_rclpy_minimal_client/share/examples_rclpy_minimal_client/hook/ament_prefix_path.sh'
[14.808s] INFO:colcon.colcon_core.shell:Skip shell extension 'powershell' for command environment: Not usable outside of PowerShell
[14.808s] DEBUG:colcon.colcon_core.shell:Skip shell extension 'dsv' for command environment
[14.933s] DEBUG:colcon.colcon_core.event_handler.log_command:Invoking command in '/home/vboxuser/ros2_ws/src/examples/rclpy/actions/minimal_action_client': PYTHONPATH=/home/vboxuser/ros2_ws/build/examples_rclpy_minimal_action_client/prefix_override:/usr/lib/python3/dist-packages/colcon_core/task/python/colcon_distutils_commands:/home/vboxuser/ros2_ws/install/examples_rclpy_minimal_action_client/lib/python3.10/site-packages:${PYTHONPATH} /usr/bin/python3 -W ignore:setup.py install is deprecated -W ignore:easy_install command is deprecated setup.py egg_info --egg-base ../../../../../build/examples_rclpy_minimal_action_client build --build-base /home/vboxuser/ros2_ws/build/examples_rclpy_minimal_action_client/build install --record /home/vboxuser/ros2_ws/build/examples_rclpy_minimal_action_client/install.log --single-version-externally-managed install_data
[16.381s] INFO:colcon.colcon_core.task.python.build:Building Python package in '/home/vboxuser/ros2_ws/src/examples/rclpy/services/minimal_client'
[16.382s] INFO:colcon.colcon_core.shell:Skip shell extension 'powershell' for command environment: Not usable outside of PowerShell
[16.382s] DEBUG:colcon.colcon_core.shell:Skip shell extension 'dsv' for command environment
[16.494s] Level 1:colcon.colcon_core.environment:checking '/home/vboxuser/ros2_ws/install/examples_rclpy_guard_conditions' for CMake module files
[16.497s] DEBUG:colcon.colcon_core.event_handler.log_command:Invoked command in '/home/vboxuser/ros2_ws/src/examples/rclpy/guard_conditions' returned '0': PYTHONPATH=/home/vboxuser/ros2_ws/build/examples_rclpy_guard_conditions/prefix_override:/usr/lib/python3/dist-packages/colcon_core/task/python/colcon_distutils_commands:/home/vboxuser/ros2_ws/install/examples_rclpy_guard_conditions/lib/python3.10/site-packages:${PYTHONPATH} /usr/bin/python3 -W ignore:setup.py install is deprecated -W ignore:easy_install command is deprecated setup.py egg_info --egg-base ../../../../build/examples_rclpy_guard_conditions build --build-base /home/vboxuser/ros2_ws/build/examples_rclpy_guard_conditions/build install --record /home/vboxuser/ros2_ws/build/examples_rclpy_guard_conditions/install.log --single-version-externally-managed install_data
[16.502s] Level 1:colcon.colcon_core.environment:checking '/home/vboxuser/ros2_ws/install/examples_rclpy_guard_conditions' for CMake config files
[16.503s] Level 1:colcon.colcon_core.environment:checking '/home/vboxuser/ros2_ws/install/examples_rclpy_guard_conditions/lib'
[16.506s] Level 1:colcon.colcon_core.environment:checking '/home/vboxuser/ros2_ws/install/examples_rclpy_guard_conditions/bin'
[16.507s] Level 1:colcon.colcon_core.environment:checking '/home/vboxuser/ros2_ws/install/examples_rclpy_guard_conditions/lib/pkgconfig/examples_rclpy_guard_conditions.pc'
[16.509s] Level 1:colcon.colcon_core.environment:checking '/home/vboxuser/ros2_ws/install/examples_rclpy_guard_conditions/lib/python3.10/site-packages'
[16.510s] Level 1:colcon.colcon_core.shell:create_environment_hook('examples_rclpy_guard_conditions', 'pythonpath')
[16.510s] INFO:colcon.colcon_core.shell:Creating environment hook '/home/vboxuser/ros2_ws/install/examples_rclpy_guard_conditions/share/examples_rclpy_guard_conditions/hook/pythonpath.ps1'
[16.512s] INFO:colcon.colcon_core.shell:Creating environment descriptor '/home/vboxuser/ros2_ws/install/examples_rclpy_guard_conditions/share/examples_rclpy_guard_conditions/hook/pythonpath.dsv'
[16.513s] INFO:colcon.colcon_core.shell:Creating environment hook '/home/vboxuser/ros2_ws/install/examples_rclpy_guard_conditions/share/examples_rclpy_guard_conditions/hook/pythonpath.sh'
[16.517s] Level 1:colcon.colcon_core.environment:checking '/home/vboxuser/ros2_ws/install/examples_rclpy_guard_conditions/bin'
[16.518s] Level 1:colcon.colcon_core.environment:create_environment_scripts_only(examples_rclpy_guard_conditions)
[16.518s] INFO:colcon.colcon_core.shell:Creating package script '/home/vboxuser/ros2_ws/install/examples_rclpy_guard_conditions/share/examples_rclpy_guard_conditions/package.ps1'
[16.521s] INFO:colcon.colcon_core.shell:Creating package descriptor '/home/vboxuser/ros2_ws/install/examples_rclpy_guard_conditions/share/examples_rclpy_guard_conditions/package.dsv'
[16.523s] INFO:colcon.colcon_core.shell:Creating package script '/home/vboxuser/ros2_ws/install/examples_rclpy_guard_conditions/share/examples_rclpy_guard_conditions/package.sh'
[16.526s] INFO:colcon.colcon_core.shell:Creating package script '/home/vboxuser/ros2_ws/install/examples_rclpy_guard_conditions/share/examples_rclpy_guard_conditions/package.bash'
[16.527s] INFO:colcon.colcon_core.shell:Creating package script '/home/vboxuser/ros2_ws/install/examples_rclpy_guard_conditions/share/examples_rclpy_guard_conditions/package.zsh'
[16.530s] Level 1:colcon.colcon_core.environment:create_file_with_runtime_dependencies(/home/vboxuser/ros2_ws/install/examples_rclpy_guard_conditions/share/colcon-core/packages/examples_rclpy_guard_conditions)
[16.549s] INFO:colcon.colcon_ros.task.ament_python.build:Building ROS package in '/home/vboxuser/ros2_ws/src/examples/rclpy/topics/minimal_publisher' with build type 'ament_python'
[16.549s] Level 1:colcon.colcon_core.shell:create_environment_hook('examples_rclpy_minimal_publisher', 'ament_prefix_path')
[16.550s] INFO:colcon.colcon_core.shell:Creating environment hook '/home/vboxuser/ros2_ws/install/examples_rclpy_minimal_publisher/share/examples_rclpy_minimal_publisher/hook/ament_prefix_path.ps1'
[16.556s] INFO:colcon.colcon_core.shell:Creating environment descriptor '/home/vboxuser/ros2_ws/install/examples_rclpy_minimal_publisher/share/examples_rclpy_minimal_publisher/hook/ament_prefix_path.dsv'
[16.558s] INFO:colcon.colcon_core.shell:Creating environment hook '/home/vboxuser/ros2_ws/install/examples_rclpy_minimal_publisher/share/examples_rclpy_minimal_publisher/hook/ament_prefix_path.sh'
[16.564s] DEBUG:colcon.colcon_core.event_handler.log_command:Invoking command in '/home/vboxuser/ros2_ws/src/examples/rclpy/actions/minimal_action_server': PYTHONPATH=/home/vboxuser/ros2_ws/build/examples_rclpy_minimal_action_server/prefix_override:/usr/lib/python3/dist-packages/colcon_core/task/python/colcon_distutils_commands:/home/vboxuser/ros2_ws/install/examples_rclpy_minimal_action_server/lib/python3.10/site-packages:${PYTHONPATH} /usr/bin/python3 -W ignore:setup.py install is deprecated -W ignore:easy_install command is deprecated setup.py egg_info --egg-base ../../../../../build/examples_rclpy_minimal_action_server build --build-base /home/vboxuser/ros2_ws/build/examples_rclpy_minimal_action_server/build install --record /home/vboxuser/ros2_ws/build/examples_rclpy_minimal_action_server/install.log --single-version-externally-managed install_data
[16.565s] INFO:colcon.colcon_core.shell:Skip shell extension 'powershell' for command environment: Not usable outside of PowerShell
[16.566s] DEBUG:colcon.colcon_core.shell:Skip shell extension 'dsv' for command environment
[16.619s] Level 1:colcon.colcon_core.environment:checking '/home/vboxuser/ros2_ws/install/examples_rclpy_minimal_action_client' for CMake module files
[16.620s] Level 1:colcon.colcon_core.environment:checking '/home/vboxuser/ros2_ws/install/examples_rclpy_minimal_action_client' for CMake config files
[16.628s] DEBUG:colcon.colcon_core.event_handler.log_command:Invoked command in '/home/vboxuser/ros2_ws/src/examples/rclpy/actions/minimal_action_client' returned '0': PYTHONPATH=/home/vboxuser/ros2_ws/build/examples_rclpy_minimal_action_client/prefix_override:/usr/lib/python3/dist-packages/colcon_core/task/python/colcon_distutils_commands:/home/vboxuser/ros2_ws/install/examples_rclpy_minimal_action_client/lib/python3.10/site-packages:${PYTHONPATH} /usr/bin/python3 -W ignore:setup.py install is deprecated -W ignore:easy_install command is deprecated setup.py egg_info --egg-base ../../../../../build/examples_rclpy_minimal_action_client build --build-base /home/vboxuser/ros2_ws/build/examples_rclpy_minimal_action_client/build install --record /home/vboxuser/ros2_ws/build/examples_rclpy_minimal_action_client/install.log --single-version-externally-managed install_data
[16.630s] Level 1:colcon.colcon_core.environment:checking '/home/vboxuser/ros2_ws/install/examples_rclpy_minimal_action_client/lib'
[16.630s] Level 1:colcon.colcon_core.environment:checking '/home/vboxuser/ros2_ws/install/examples_rclpy_minimal_action_client/bin'
[16.630s] Level 1:colcon.colcon_core.environment:checking '/home/vboxuser/ros2_ws/install/examples_rclpy_minimal_action_client/lib/pkgconfig/examples_rclpy_minimal_action_client.pc'
[16.631s] Level 1:colcon.colcon_core.environment:checking '/home/vboxuser/ros2_ws/install/examples_rclpy_minimal_action_client/lib/python3.10/site-packages'
[16.631s] Level 1:colcon.colcon_core.shell:create_environment_hook('examples_rclpy_minimal_action_client', 'pythonpath')
[16.631s] INFO:colcon.colcon_core.shell:Creating environment hook '/home/vboxuser/ros2_ws/install/examples_rclpy_minimal_action_client/share/examples_rclpy_minimal_action_client/hook/pythonpath.ps1'
[16.632s] INFO:colcon.colcon_core.shell:Creating environment descriptor '/home/vboxuser/ros2_ws/install/examples_rclpy_minimal_action_client/share/examples_rclpy_minimal_action_client/hook/pythonpath.dsv'
[16.638s] INFO:colcon.colcon_core.shell:Creating environment hook '/home/vboxuser/ros2_ws/install/examples_rclpy_minimal_action_client/share/examples_rclpy_minimal_action_client/hook/pythonpath.sh'
[16.640s] Level 1:colcon.colcon_core.environment:checking '/home/vboxuser/ros2_ws/install/examples_rclpy_minimal_action_client/bin'
[16.640s] Level 1:colcon.colcon_core.environment:create_environment_scripts_only(examples_rclpy_minimal_action_client)
[16.640s] INFO:colcon.colcon_core.shell:Creating package script '/home/vboxuser/ros2_ws/install/examples_rclpy_minimal_action_client/share/examples_rclpy_minimal_action_client/package.ps1'
[16.642s] INFO:colcon.colcon_core.shell:Creating package descriptor '/home/vboxuser/ros2_ws/install/examples_rclpy_minimal_action_client/share/examples_rclpy_minimal_action_client/package.dsv'
[16.655s] INFO:colcon.colcon_core.shell:Creating package script '/home/vboxuser/ros2_ws/install/examples_rclpy_minimal_action_client/share/examples_rclpy_minimal_action_client/package.sh'
[16.660s] INFO:colcon.colcon_core.shell:Creating package script '/home/vboxuser/ros2_ws/install/examples_rclpy_minimal_action_client/share/examples_rclpy_minimal_action_client/package.bash'
[16.662s] INFO:colcon.colcon_core.shell:Creating package script '/home/vboxuser/ros2_ws/install/examples_rclpy_minimal_action_client/share/examples_rclpy_minimal_action_client/package.zsh'
[16.663s] Level 1:colcon.colcon_core.environment:create_file_with_runtime_dependencies(/home/vboxuser/ros2_ws/install/examples_rclpy_minimal_action_client/share/colcon-core/packages/examples_rclpy_minimal_action_client)
[16.669s] INFO:colcon.colcon_ros.task.ament_python.build:Building ROS package in '/home/vboxuser/ros2_ws/src/examples/rclpy/services/minimal_service' with build type 'ament_python'
[16.669s] Level 1:colcon.colcon_core.shell:create_environment_hook('examples_rclpy_minimal_service', 'ament_prefix_path')
[16.670s] INFO:colcon.colcon_core.shell:Creating environment hook '/home/vboxuser/ros2_ws/install/examples_rclpy_minimal_service/share/examples_rclpy_minimal_service/hook/ament_prefix_path.ps1'
[16.674s] INFO:colcon.colcon_core.shell:Creating environment descriptor '/home/vboxuser/ros2_ws/install/examples_rclpy_minimal_service/share/examples_rclpy_minimal_service/hook/ament_prefix_path.dsv'
[16.677s] INFO:colcon.colcon_core.shell:Creating environment hook '/home/vboxuser/ros2_ws/install/examples_rclpy_minimal_service/share/examples_rclpy_minimal_service/hook/ament_prefix_path.sh'
[16.679s] INFO:colcon.colcon_core.shell:Skip shell extension 'powershell' for command environment: Not usable outside of PowerShell
[16.679s] DEBUG:colcon.colcon_core.shell:Skip shell extension 'dsv' for command environment
[18.012s] INFO:colcon.colcon_core.task.python.build:Building Python package in '/home/vboxuser/ros2_ws/src/examples/rclpy/topics/minimal_publisher'
[18.013s] INFO:colcon.colcon_core.shell:Skip shell extension 'powershell' for command environment: Not usable outside of PowerShell
[18.013s] DEBUG:colcon.colcon_core.shell:Skip shell extension 'dsv' for command environment
[19.666s] INFO:colcon.colcon_core.task.python.build:Building Python package in '/home/vboxuser/ros2_ws/src/examples/rclpy/services/minimal_service'
[19.667s] INFO:colcon.colcon_core.shell:Skip shell extension 'powershell' for command environment: Not usable outside of PowerShell
[19.667s] DEBUG:colcon.colcon_core.shell:Skip shell extension 'dsv' for command environment
[19.767s] DEBUG:colcon.colcon_core.event_handler.log_command:Invoking command in '/home/vboxuser/ros2_ws/src/examples/rclpy/services/minimal_client': PYTHONPATH=/home/vboxuser/ros2_ws/build/examples_rclpy_minimal_client/prefix_override:/usr/lib/python3/dist-packages/colcon_core/task/python/colcon_distutils_commands:/home/vboxuser/ros2_ws/install/examples_rclpy_minimal_client/lib/python3.10/site-packages:${PYTHONPATH} /usr/bin/python3 -W ignore:setup.py install is deprecated -W ignore:easy_install command is deprecated setup.py egg_info --egg-base ../../../../../build/examples_rclpy_minimal_client build --build-base /home/vboxuser/ros2_ws/build/examples_rclpy_minimal_client/build install --record /home/vboxuser/ros2_ws/build/examples_rclpy_minimal_client/install.log --single-version-externally-managed install_data
[19.778s] Level 1:colcon.colcon_core.environment:checking '/home/vboxuser/ros2_ws/install/examples_rclpy_minimal_action_server' for CMake module files
[19.779s] Level 1:colcon.colcon_core.environment:checking '/home/vboxuser/ros2_ws/install/examples_rclpy_minimal_action_server' for CMake config files
[19.780s] Level 1:colcon.colcon_core.environment:checking '/home/vboxuser/ros2_ws/install/examples_rclpy_minimal_action_server/lib'
[19.780s] Level 1:colcon.colcon_core.environment:checking '/home/vboxuser/ros2_ws/install/examples_rclpy_minimal_action_server/bin'
[19.780s] Level 1:colcon.colcon_core.environment:checking '/home/vboxuser/ros2_ws/install/examples_rclpy_minimal_action_server/lib/pkgconfig/examples_rclpy_minimal_action_server.pc'
[19.781s] Level 1:colcon.colcon_core.environment:checking '/home/vboxuser/ros2_ws/install/examples_rclpy_minimal_action_server/lib/python3.10/site-packages'
[19.781s] Level 1:colcon.colcon_core.shell:create_environment_hook('examples_rclpy_minimal_action_server', 'pythonpath')
[19.805s] DEBUG:colcon.colcon_core.event_handler.log_command:Invoked command in '/home/vboxuser/ros2_ws/src/examples/rclpy/actions/minimal_action_server' returned '0': PYTHONPATH=/home/vboxuser/ros2_ws/build/examples_rclpy_minimal_action_server/prefix_override:/usr/lib/python3/dist-packages/colcon_core/task/python/colcon_distutils_commands:/home/vboxuser/ros2_ws/install/examples_rclpy_minimal_action_server/lib/python3.10/site-packages:${PYTHONPATH} /usr/bin/python3 -W ignore:setup.py install is deprecated -W ignore:easy_install command is deprecated setup.py egg_info --egg-base ../../../../../build/examples_rclpy_minimal_action_server build --build-base /home/vboxuser/ros2_ws/build/examples_rclpy_minimal_action_server/build install --record /home/vboxuser/ros2_ws/build/examples_rclpy_minimal_action_server/install.log --single-version-externally-managed install_data
[19.810s] INFO:colcon.colcon_core.shell:Creating environment hook '/home/vboxuser/ros2_ws/install/examples_rclpy_minimal_action_server/share/examples_rclpy_minimal_action_server/hook/pythonpath.ps1'
[19.813s] INFO:colcon.colcon_core.shell:Creating environment descriptor '/home/vboxuser/ros2_ws/install/examples_rclpy_minimal_action_server/share/examples_rclpy_minimal_action_server/hook/pythonpath.dsv'
[19.816s] INFO:colcon.colcon_core.shell:Creating environment hook '/home/vboxuser/ros2_ws/install/examples_rclpy_minimal_action_server/share/examples_rclpy_minimal_action_server/hook/pythonpath.sh'
[19.818s] Level 1:colcon.colcon_core.environment:checking '/home/vboxuser/ros2_ws/install/examples_rclpy_minimal_action_server/bin'
[19.819s] Level 1:colcon.colcon_core.environment:create_environment_scripts_only(examples_rclpy_minimal_action_server)
[19.819s] INFO:colcon.colcon_core.shell:Creating package script '/home/vboxuser/ros2_ws/install/examples_rclpy_minimal_action_server/share/examples_rclpy_minimal_action_server/package.ps1'
[19.834s] INFO:colcon.colcon_core.shell:Creating package descriptor '/home/vboxuser/ros2_ws/install/examples_rclpy_minimal_action_server/share/examples_rclpy_minimal_action_server/package.dsv'
[19.837s] INFO:colcon.colcon_core.shell:Creating package script '/home/vboxuser/ros2_ws/install/examples_rclpy_minimal_action_server/share/examples_rclpy_minimal_action_server/package.sh'
[19.838s] INFO:colcon.colcon_core.shell:Creating package script '/home/vboxuser/ros2_ws/install/examples_rclpy_minimal_action_server/share/examples_rclpy_minimal_action_server/package.bash'
[19.841s] INFO:colcon.colcon_core.shell:Creating package script '/home/vboxuser/ros2_ws/install/examples_rclpy_minimal_action_server/share/examples_rclpy_minimal_action_server/package.zsh'
[19.845s] Level 1:colcon.colcon_core.environment:create_file_with_runtime_dependencies(/home/vboxuser/ros2_ws/install/examples_rclpy_minimal_action_server/share/colcon-core/packages/examples_rclpy_minimal_action_server)
[19.857s] INFO:colcon.colcon_ros.task.ament_python.build:Building ROS package in '/home/vboxuser/ros2_ws/src/examples/rclpy/topics/minimal_subscriber' with build type 'ament_python'
[19.860s] Level 1:colcon.colcon_core.shell:create_environment_hook('examples_rclpy_minimal_subscriber', 'ament_prefix_path')
[19.862s] INFO:colcon.colcon_core.shell:Creating environment hook '/home/vboxuser/ros2_ws/install/examples_rclpy_minimal_subscriber/share/examples_rclpy_minimal_subscriber/hook/ament_prefix_path.ps1'
[19.866s] INFO:colcon.colcon_core.shell:Creating environment descriptor '/home/vboxuser/ros2_ws/install/examples_rclpy_minimal_subscriber/share/examples_rclpy_minimal_subscriber/hook/ament_prefix_path.dsv'
[19.878s] INFO:colcon.colcon_core.shell:Creating environment hook '/home/vboxuser/ros2_ws/install/examples_rclpy_minimal_subscriber/share/examples_rclpy_minimal_subscriber/hook/ament_prefix_path.sh'
[19.886s] INFO:colcon.colcon_core.shell:Skip shell extension 'powershell' for command environment: Not usable outside of PowerShell
[19.887s] DEBUG:colcon.colcon_core.shell:Skip shell extension 'dsv' for command environment
[21.671s] INFO:colcon.colcon_core.task.python.build:Building Python package in '/home/vboxuser/ros2_ws/src/examples/rclpy/topics/minimal_subscriber'
[21.673s] INFO:colcon.colcon_core.shell:Skip shell extension 'powershell' for command environment: Not usable outside of PowerShell
[21.674s] DEBUG:colcon.colcon_core.shell:Skip shell extension 'dsv' for command environment
[21.753s] Level 1:colcon.colcon_core.environment:checking '/home/vboxuser/ros2_ws/install/examples_rclpy_minimal_client' for CMake module files
[21.754s] Level 1:colcon.colcon_core.environment:checking '/home/vboxuser/ros2_ws/install/examples_rclpy_minimal_client' for CMake config files
[21.759s] Level 1:colcon.colcon_core.environment:checking '/home/vboxuser/ros2_ws/install/examples_rclpy_minimal_client/lib'
[21.766s] DEBUG:colcon.colcon_core.event_handler.log_command:Invoking command in '/home/vboxuser/ros2_ws/src/examples/rclpy/topics/minimal_publisher': PYTHONPATH=/home/vboxuser/ros2_ws/build/examples_rclpy_minimal_publisher/prefix_override:/usr/lib/python3/dist-packages/colcon_core/task/python/colcon_distutils_commands:/home/vboxuser/ros2_ws/install/examples_rclpy_minimal_publisher/lib/python3.10/site-packages:${PYTHONPATH} /usr/bin/python3 -W ignore:setup.py install is deprecated -W ignore:easy_install command is deprecated setup.py egg_info --egg-base ../../../../../build/examples_rclpy_minimal_publisher build --build-base /home/vboxuser/ros2_ws/build/examples_rclpy_minimal_publisher/build install --record /home/vboxuser/ros2_ws/build/examples_rclpy_minimal_publisher/install.log --single-version-externally-managed install_data
[21.773s] Level 1:colcon.colcon_core.environment:checking '/home/vboxuser/ros2_ws/install/examples_rclpy_minimal_client/bin'
[21.777s] Level 1:colcon.colcon_core.environment:checking '/home/vboxuser/ros2_ws/install/examples_rclpy_minimal_client/lib/pkgconfig/examples_rclpy_minimal_client.pc'
[21.779s] Level 1:colcon.colcon_core.environment:checking '/home/vboxuser/ros2_ws/install/examples_rclpy_minimal_client/lib/python3.10/site-packages'
[21.779s] Level 1:colcon.colcon_core.shell:create_environment_hook('examples_rclpy_minimal_client', 'pythonpath')
[21.782s] INFO:colcon.colcon_core.shell:Creating environment hook '/home/vboxuser/ros2_ws/install/examples_rclpy_minimal_client/share/examples_rclpy_minimal_client/hook/pythonpath.ps1'
[21.789s] INFO:colcon.colcon_core.shell:Creating environment descriptor '/home/vboxuser/ros2_ws/install/examples_rclpy_minimal_client/share/examples_rclpy_minimal_client/hook/pythonpath.dsv'
[21.791s] INFO:colcon.colcon_core.shell:Creating environment hook '/home/vboxuser/ros2_ws/install/examples_rclpy_minimal_client/share/examples_rclpy_minimal_client/hook/pythonpath.sh'
[21.793s] Level 1:colcon.colcon_core.environment:checking '/home/vboxuser/ros2_ws/install/examples_rclpy_minimal_client/bin'
[21.793s] Level 1:colcon.colcon_core.environment:create_environment_scripts_only(examples_rclpy_minimal_client)
[21.794s] INFO:colcon.colcon_core.shell:Creating package script '/home/vboxuser/ros2_ws/install/examples_rclpy_minimal_client/share/examples_rclpy_minimal_client/package.ps1'
[21.796s] INFO:colcon.colcon_core.shell:Creating package descriptor '/home/vboxuser/ros2_ws/install/examples_rclpy_minimal_client/share/examples_rclpy_minimal_client/package.dsv'
[21.799s] INFO:colcon.colcon_core.shell:Creating package script '/home/vboxuser/ros2_ws/install/examples_rclpy_minimal_client/share/examples_rclpy_minimal_client/package.sh'
[21.801s] INFO:colcon.colcon_core.shell:Creating package script '/home/vboxuser/ros2_ws/install/examples_rclpy_minimal_client/share/examples_rclpy_minimal_client/package.bash'
[21.803s] INFO:colcon.colcon_core.shell:Creating package script '/home/vboxuser/ros2_ws/install/examples_rclpy_minimal_client/share/examples_rclpy_minimal_client/package.zsh'
[21.805s] Level 1:colcon.colcon_core.environment:create_file_with_runtime_dependencies(/home/vboxuser/ros2_ws/install/examples_rclpy_minimal_client/share/colcon-core/packages/examples_rclpy_minimal_client)
[21.807s] INFO:colcon.colcon_ros.task.ament_python.build:Building ROS package in '/home/vboxuser/ros2_ws/src/examples/rclpy/topics/pointcloud_publisher' with build type 'ament_python'
[21.807s] Level 1:colcon.colcon_core.shell:create_environment_hook('examples_rclpy_pointcloud_publisher', 'ament_prefix_path')
[21.808s] INFO:colcon.colcon_core.shell:Creating environment hook '/home/vboxuser/ros2_ws/install/examples_rclpy_pointcloud_publisher/share/examples_rclpy_pointcloud_publisher/hook/ament_prefix_path.ps1'
[21.810s] INFO:colcon.colcon_core.shell:Creating environment descriptor '/home/vboxuser/ros2_ws/install/examples_rclpy_pointcloud_publisher/share/examples_rclpy_pointcloud_publisher/hook/ament_prefix_path.dsv'
[21.812s] INFO:colcon.colcon_core.shell:Creating environment hook '/home/vboxuser/ros2_ws/install/examples_rclpy_pointcloud_publisher/share/examples_rclpy_pointcloud_publisher/hook/ament_prefix_path.sh'
[21.814s] INFO:colcon.colcon_core.shell:Skip shell extension 'powershell' for command environment: Not usable outside of PowerShell
[21.814s] DEBUG:colcon.colcon_core.shell:Skip shell extension 'dsv' for command environment
[21.853s] DEBUG:colcon.colcon_core.event_handler.log_command:Invoked command in '/home/vboxuser/ros2_ws/src/examples/rclpy/services/minimal_client' returned '0': PYTHONPATH=/home/vboxuser/ros2_ws/build/examples_rclpy_minimal_client/prefix_override:/usr/lib/python3/dist-packages/colcon_core/task/python/colcon_distutils_commands:/home/vboxuser/ros2_ws/install/examples_rclpy_minimal_client/lib/python3.10/site-packages:${PYTHONPATH} /usr/bin/python3 -W ignore:setup.py install is deprecated -W ignore:easy_install command is deprecated setup.py egg_info --egg-base ../../../../../build/examples_rclpy_minimal_client build --build-base /home/vboxuser/ros2_ws/build/examples_rclpy_minimal_client/build install --record /home/vboxuser/ros2_ws/build/examples_rclpy_minimal_client/install.log --single-version-externally-managed install_data
[21.960s] DEBUG:colcon.colcon_core.event_handler.log_command:Invoking command in '/home/vboxuser/ros2_ws/src/examples/rclpy/services/minimal_service': PYTHONPATH=/home/vboxuser/ros2_ws/build/examples_rclpy_minimal_service/prefix_override:/usr/lib/python3/dist-packages/colcon_core/task/python/colcon_distutils_commands:/home/vboxuser/ros2_ws/install/examples_rclpy_minimal_service/lib/python3.10/site-packages:${PYTHONPATH} /usr/bin/python3 -W ignore:setup.py install is deprecated -W ignore:easy_install command is deprecated setup.py egg_info --egg-base ../../../../../build/examples_rclpy_minimal_service build --build-base /home/vboxuser/ros2_ws/build/examples_rclpy_minimal_service/build install --record /home/vboxuser/ros2_ws/build/examples_rclpy_minimal_service/install.log --single-version-externally-managed install_data
[23.521s] INFO:colcon.colcon_core.task.python.build:Building Python package in '/home/vboxuser/ros2_ws/src/examples/rclpy/topics/pointcloud_publisher'
[23.521s] INFO:colcon.colcon_core.shell:Skip shell extension 'powershell' for command environment: Not usable outside of PowerShell
[23.521s] DEBUG:colcon.colcon_core.shell:Skip shell extension 'dsv' for command environment
[23.623s] Level 1:colcon.colcon_core.environment:checking '/home/vboxuser/ros2_ws/install/examples_rclpy_minimal_service' for CMake module files
[23.628s] Level 1:colcon.colcon_core.environment:checking '/home/vboxuser/ros2_ws/install/examples_rclpy_minimal_service' for CMake config files
[23.629s] Level 1:colcon.colcon_core.environment:checking '/home/vboxuser/ros2_ws/install/examples_rclpy_minimal_service/lib'
[23.630s] Level 1:colcon.colcon_core.environment:checking '/home/vboxuser/ros2_ws/install/examples_rclpy_minimal_service/bin'
[23.630s] Level 1:colcon.colcon_core.environment:checking '/home/vboxuser/ros2_ws/install/examples_rclpy_minimal_service/lib/pkgconfig/examples_rclpy_minimal_service.pc'
[23.631s] Level 1:colcon.colcon_core.environment:checking '/home/vboxuser/ros2_ws/install/examples_rclpy_minimal_service/lib/python3.10/site-packages'
[23.632s] Level 1:colcon.colcon_core.shell:create_environment_hook('examples_rclpy_minimal_service', 'pythonpath')
[23.632s] INFO:colcon.colcon_core.shell:Creating environment hook '/home/vboxuser/ros2_ws/install/examples_rclpy_minimal_service/share/examples_rclpy_minimal_service/hook/pythonpath.ps1'
[23.636s] DEBUG:colcon.colcon_core.event_handler.log_command:Invoked command in '/home/vboxuser/ros2_ws/src/examples/rclpy/services/minimal_service' returned '0': PYTHONPATH=/home/vboxuser/ros2_ws/build/examples_rclpy_minimal_service/prefix_override:/usr/lib/python3/dist-packages/colcon_core/task/python/colcon_distutils_commands:/home/vboxuser/ros2_ws/install/examples_rclpy_minimal_service/lib/python3.10/site-packages:${PYTHONPATH} /usr/bin/python3 -W ignore:setup.py install is deprecated -W ignore:easy_install command is deprecated setup.py egg_info --egg-base ../../../../../build/examples_rclpy_minimal_service build --build-base /home/vboxuser/ros2_ws/build/examples_rclpy_minimal_service/build install --record /home/vboxuser/ros2_ws/build/examples_rclpy_minimal_service/install.log --single-version-externally-managed install_data
[23.638s] INFO:colcon.colcon_core.shell:Creating environment descriptor '/home/vboxuser/ros2_ws/install/examples_rclpy_minimal_service/share/examples_rclpy_minimal_service/hook/pythonpath.dsv'
[23.642s] INFO:colcon.colcon_core.shell:Creating environment hook '/home/vboxuser/ros2_ws/install/examples_rclpy_minimal_service/share/examples_rclpy_minimal_service/hook/pythonpath.sh'
[23.651s] Level 1:colcon.colcon_core.environment:checking '/home/vboxuser/ros2_ws/install/examples_rclpy_minimal_service/bin'
[23.652s] Level 1:colcon.colcon_core.environment:create_environment_scripts_only(examples_rclpy_minimal_service)
[23.653s] INFO:colcon.colcon_core.shell:Creating package script '/home/vboxuser/ros2_ws/install/examples_rclpy_minimal_service/share/examples_rclpy_minimal_service/package.ps1'
[23.657s] INFO:colcon.colcon_core.shell:Creating package descriptor '/home/vboxuser/ros2_ws/install/examples_rclpy_minimal_service/share/examples_rclpy_minimal_service/package.dsv'
[23.660s] INFO:colcon.colcon_core.shell:Creating package script '/home/vboxuser/ros2_ws/install/examples_rclpy_minimal_service/share/examples_rclpy_minimal_service/package.sh'
[23.663s] INFO:colcon.colcon_core.shell:Creating package script '/home/vboxuser/ros2_ws/install/examples_rclpy_minimal_service/share/examples_rclpy_minimal_service/package.bash'
[23.665s] INFO:colcon.colcon_core.shell:Creating package script '/home/vboxuser/ros2_ws/install/examples_rclpy_minimal_service/share/examples_rclpy_minimal_service/package.zsh'
[23.669s] Level 1:colcon.colcon_core.environment:create_file_with_runtime_dependencies(/home/vboxuser/ros2_ws/install/examples_rclpy_minimal_service/share/colcon-core/packages/examples_rclpy_minimal_service)
[23.671s] INFO:colcon.colcon_ros.task.ament_python.build:Building ROS package in '/home/vboxuser/ros2_ws/src/examples/launch_testing/launch_testing_examples' with build type 'ament_python'
[23.672s] Level 1:colcon.colcon_core.shell:create_environment_hook('launch_testing_examples', 'ament_prefix_path')
[23.672s] INFO:colcon.colcon_core.shell:Creating environment hook '/home/vboxuser/ros2_ws/install/launch_testing_examples/share/launch_testing_examples/hook/ament_prefix_path.ps1'
[23.676s] INFO:colcon.colcon_core.shell:Creating environment descriptor '/home/vboxuser/ros2_ws/install/launch_testing_examples/share/launch_testing_examples/hook/ament_prefix_path.dsv'
[23.680s] INFO:colcon.colcon_core.shell:Creating environment hook '/home/vboxuser/ros2_ws/install/launch_testing_examples/share/launch_testing_examples/hook/ament_prefix_path.sh'
[23.685s] INFO:colcon.colcon_core.shell:Skip shell extension 'powershell' for command environment: Not usable outside of PowerShell
[23.686s] DEBUG:colcon.colcon_core.shell:Skip shell extension 'dsv' for command environment
[23.769s] Level 1:colcon.colcon_core.environment:checking '/home/vboxuser/ros2_ws/install/examples_rclpy_minimal_publisher' for CMake module files
[23.788s] DEBUG:colcon.colcon_core.event_handler.log_command:Invoked command in '/home/vboxuser/ros2_ws/src/examples/rclpy/topics/minimal_publisher' returned '0': PYTHONPATH=/home/vboxuser/ros2_ws/build/examples_rclpy_minimal_publisher/prefix_override:/usr/lib/python3/dist-packages/colcon_core/task/python/colcon_distutils_commands:/home/vboxuser/ros2_ws/install/examples_rclpy_minimal_publisher/lib/python3.10/site-packages:${PYTHONPATH} /usr/bin/python3 -W ignore:setup.py install is deprecated -W ignore:easy_install command is deprecated setup.py egg_info --egg-base ../../../../../build/examples_rclpy_minimal_publisher build --build-base /home/vboxuser/ros2_ws/build/examples_rclpy_minimal_publisher/build install --record /home/vboxuser/ros2_ws/build/examples_rclpy_minimal_publisher/install.log --single-version-externally-managed install_data
[23.793s] Level 1:colcon.colcon_core.environment:checking '/home/vboxuser/ros2_ws/install/examples_rclpy_minimal_publisher' for CMake config files
[23.797s] Level 1:colcon.colcon_core.environment:checking '/home/vboxuser/ros2_ws/install/examples_rclpy_minimal_publisher/lib'
[23.799s] Level 1:colcon.colcon_core.environment:checking '/home/vboxuser/ros2_ws/install/examples_rclpy_minimal_publisher/bin'
[23.799s] Level 1:colcon.colcon_core.environment:checking '/home/vboxuser/ros2_ws/install/examples_rclpy_minimal_publisher/lib/pkgconfig/examples_rclpy_minimal_publisher.pc'
[23.800s] Level 1:colcon.colcon_core.environment:checking '/home/vboxuser/ros2_ws/install/examples_rclpy_minimal_publisher/lib/python3.10/site-packages'
[23.800s] Level 1:colcon.colcon_core.shell:create_environment_hook('examples_rclpy_minimal_publisher', 'pythonpath')
[23.800s] INFO:colcon.colcon_core.shell:Creating environment hook '/home/vboxuser/ros2_ws/install/examples_rclpy_minimal_publisher/share/examples_rclpy_minimal_publisher/hook/pythonpath.ps1'
[23.804s] INFO:colcon.colcon_core.shell:Creating environment descriptor '/home/vboxuser/ros2_ws/install/examples_rclpy_minimal_publisher/share/examples_rclpy_minimal_publisher/hook/pythonpath.dsv'
[23.807s] INFO:colcon.colcon_core.shell:Creating environment hook '/home/vboxuser/ros2_ws/install/examples_rclpy_minimal_publisher/share/examples_rclpy_minimal_publisher/hook/pythonpath.sh'
[23.814s] Level 1:colcon.colcon_core.environment:checking '/home/vboxuser/ros2_ws/install/examples_rclpy_minimal_publisher/bin'
[23.815s] Level 1:colcon.colcon_core.environment:create_environment_scripts_only(examples_rclpy_minimal_publisher)
[23.815s] INFO:colcon.colcon_core.shell:Creating package script '/home/vboxuser/ros2_ws/install/examples_rclpy_minimal_publisher/share/examples_rclpy_minimal_publisher/package.ps1'
[23.820s] INFO:colcon.colcon_core.shell:Creating package descriptor '/home/vboxuser/ros2_ws/install/examples_rclpy_minimal_publisher/share/examples_rclpy_minimal_publisher/package.dsv'
[23.826s] INFO:colcon.colcon_core.shell:Creating package script '/home/vboxuser/ros2_ws/install/examples_rclpy_minimal_publisher/share/examples_rclpy_minimal_publisher/package.sh'
[23.828s] INFO:colcon.colcon_core.shell:Creating package script '/home/vboxuser/ros2_ws/install/examples_rclpy_minimal_publisher/share/examples_rclpy_minimal_publisher/package.bash'
[23.833s] INFO:colcon.colcon_core.shell:Creating package script '/home/vboxuser/ros2_ws/install/examples_rclpy_minimal_publisher/share/examples_rclpy_minimal_publisher/package.zsh'
[23.837s] Level 1:colcon.colcon_core.environment:create_file_with_runtime_dependencies(/home/vboxuser/ros2_ws/install/examples_rclpy_minimal_publisher/share/colcon-core/packages/examples_rclpy_minimal_publisher)
[23.843s] INFO:colcon.colcon_ros.task.ament_cmake.build:Building ROS package in '/home/vboxuser/ros2_ws/src/my_package' with build type 'ament_cmake'
[23.843s] INFO:colcon.colcon_cmake.task.cmake.build:Building CMake package in '/home/vboxuser/ros2_ws/src/my_package'
[23.844s] INFO:colcon.colcon_core.shell:Skip shell extension 'powershell' for command environment: Not usable outside of PowerShell
[23.844s] DEBUG:colcon.colcon_core.shell:Skip shell extension 'dsv' for command environment
[25.012s] INFO:colcon.colcon_core.task.python.build:Building Python package in '/home/vboxuser/ros2_ws/src/examples/launch_testing/launch_testing_examples'
[25.012s] INFO:colcon.colcon_core.shell:Skip shell extension 'powershell' for command environment: Not usable outside of PowerShell
[25.012s] DEBUG:colcon.colcon_core.shell:Skip shell extension 'dsv' for command environment
[25.097s] DEBUG:colcon.colcon_core.event_handler.log_command:Invoking command in '/home/vboxuser/ros2_ws/src/examples/rclpy/topics/minimal_subscriber': PYTHONPATH=/home/vboxuser/ros2_ws/build/examples_rclpy_minimal_subscriber/prefix_override:/usr/lib/python3/dist-packages/colcon_core/task/python/colcon_distutils_commands:/home/vboxuser/ros2_ws/install/examples_rclpy_minimal_subscriber/lib/python3.10/site-packages:${PYTHONPATH} /usr/bin/python3 -W ignore:setup.py install is deprecated -W ignore:easy_install command is deprecated setup.py egg_info --egg-base ../../../../../build/examples_rclpy_minimal_subscriber build --build-base /home/vboxuser/ros2_ws/build/examples_rclpy_minimal_subscriber/build install --record /home/vboxuser/ros2_ws/build/examples_rclpy_minimal_subscriber/install.log --single-version-externally-managed install_data
[25.255s] DEBUG:colcon.colcon_core.event_handler.log_command:Invoking command in '/home/vboxuser/ros2_ws/build/my_package': CMAKE_PREFIX_PATH=${CMAKE_PREFIX_PATH}:/home/vboxuser/ros2_ws/install/py_pubsub:/home/vboxuser/ros2_ws/install/launch_testing_examples:/home/vboxuser/ros2_ws/install/examples_rclpy_pointcloud_publisher:/home/vboxuser/ros2_ws/install/examples_rclpy_minimal_subscriber:/home/vboxuser/ros2_ws/install/examples_rclpy_minimal_service:/home/vboxuser/ros2_ws/install/examples_rclpy_minimal_publisher:/home/vboxuser/ros2_ws/install/examples_rclpy_minimal_client:/home/vboxuser/ros2_ws/install/examples_rclpy_minimal_action_server:/home/vboxuser/ros2_ws/install/examples_rclpy_minimal_action_client:/home/vboxuser/ros2_ws/install/examples_rclpy_guard_conditions:/home/vboxuser/ros2_ws/install/examples_rclpy_executors:/home/vboxuser/ros2_ws/install/bms_visualizer:/opt/ros/iron:/home/vboxuser/ros2_iron/install/rqt_bag_plugins:/home/vboxuser/ros2_iron/install/rqt_bag:/home/vboxuser/ros2_iron/install/rosbag2_examples_py:/home/vboxuser/ros2_iron/install/launch_testing_examples:/home/vboxuser/ros2_iron/install/ros2bag:/home/vboxuser/ros2_iron/install/tracetools_test:/home/vboxuser/ros2_iron/install/tracetools_launch:/home/vboxuser/ros2_iron/install/topic_monitor:/home/vboxuser/ros2_iron/install/tf2_tools:/home/vboxuser/ros2_iron/install/examples_tf2_py:/home/vboxuser/ros2_iron/install/tf2_ros_py:/home/vboxuser/ros2_iron/install/examples_rclpy_pointcloud_publisher:/home/vboxuser/ros2_iron/install/sensor_msgs_py:/home/vboxuser/ros2_iron/install/quality_of_service_demo_py:/home/vboxuser/ros2_iron/install/rqt_plot:/home/vboxuser/ros2_iron/install/ros2doctor:/home/vboxuser/ros2_iron/install/lifecycle_py:/home/vboxuser/ros2_iron/install/examples_rclpy_minimal_subscriber:/home/vboxuser/ros2_iron/install/examples_rclpy_minimal_service:/home/vboxuser/ros2_iron/install/examples_rclpy_minimal_publisher:/home/vboxuser/ros2_iron/install/examples_rclpy_minimal_client:/home/vboxuser/ros2_iron/install/examples_rclpy_executors:/home/vboxuser/ros2_iron/install/demo_nodes_py:/home/vboxuser/ros2_iron/install/rqt:/home/vboxuser/ros2_iron/install/ros2component:/home/vboxuser/ros2_iron/install/sros2:/home/vboxuser/ros2_iron/install/rqt_topic:/home/vboxuser/ros2_iron/install/rqt_srv:/home/vboxuser/ros2_iron/install/rqt_shell:/home/vboxuser/ros2_iron/install/rqt_service_caller:/home/vboxuser/ros2_iron/install/rqt_reconfigure:/home/vboxuser/ros2_iron/install/rqt_py_console:/home/vboxuser/ros2_iron/install/rqt_publisher:/home/vboxuser/ros2_iron/install/rqt_action:/home/vboxuser/ros2_iron/install/rqt_msg:/home/vboxuser/ros2_iron/install/rqt_console:/home/vboxuser/ros2_iron/install/rqt_graph:/home/vboxuser/ros2_iron/install/rqt_gui_py:/home/vboxuser/ros2_iron/install/rqt_gui:/home/vboxuser/ros2_iron/install/ros2trace:/home/vboxuser/ros2_iron/install/ros2topic:/home/vboxuser/ros2_iron/install/ros2test:/home/vboxuser/ros2_iron/install/ros2param:/home/vboxuser/ros2_iron/install/ros2lifecycle:/home/vboxuser/ros2_iron/install/ros2service:/home/vboxuser/ros2_iron/install/ros2run:/home/vboxuser/ros2_iron/install/ros2launch:/home/vboxuser/ros2_iron/install/ros2pkg:/home/vboxuser/ros2_iron/install/ros2node:/home/vboxuser/ros2_iron/install/ros2multicast:/home/vboxuser/ros2_iron/install/ros2interface:/home/vboxuser/ros2_iron/install/ros2action:/home/vboxuser/ros2_iron/install/ros2cli:/home/vboxuser/ros2_iron/install/launch_testing_ros:/home/vboxuser/ros2_iron/install/launch_ros:/home/vboxuser/ros2_iron/install/examples_rclpy_minimal_action_server:/home/vboxuser/ros2_iron/install/examples_rclpy_minimal_action_client:/home/vboxuser/ros2_iron/install/examples_rclpy_guard_conditions:/home/vboxuser/ros2_iron/install/action_tutorials_py:/home/vboxuser/ros2_iron/install/ament_uncrustify:/home/vboxuser/ros2_iron/install/tracetools_trace:/home/vboxuser/ros2_iron/install/tracetools_read:/home/vboxuser/ros2_iron/install/test_tracetools_launch:/home/vboxuser/ros2_iron/install/test_ros2trace:/home/vboxuser/ros2_iron/install/test_launch_ros:/home/vboxuser/ros2_iron/install/rpyutils:/home/vboxuser/ros2_iron/install/rosidl_runtime_py:/home/vboxuser/ros2_iron/install/rosidl_pycommon:/home/vboxuser/ros2_iron/install/rosidl_cli:/home/vboxuser/ros2_iron/install/launch_pytest:/home/vboxuser/ros2_iron/install/launch_testing:/home/vboxuser/ros2_iron/install/launch_yaml:/home/vboxuser/ros2_iron/install/launch_xml:/home/vboxuser/ros2_iron/install/launch:/home/vboxuser/ros2_iron/install/osrf_pycommon:/home/vboxuser/ros2_iron/install/domain_coordinator:/home/vboxuser/ros2_iron/install/ament_xmllint:/home/vboxuser/ros2_iron/install/ament_pyflakes:/home/vboxuser/ros2_iron/install/ament_pycodestyle:/home/vboxuser/ros2_iron/install/ament_pep257:/home/vboxuser/ros2_iron/install/ament_pclint:/home/vboxuser/ros2_iron/install/ament_package:/home/vboxuser/ros2_iron/install/ament_mypy:/home/vboxuser/ros2_iron/install/ament_lint_cmake:/home/vboxuser/ros2_iron/install/ament_flake8:/home/vboxuser/ros2_iron/install/ament_copyright:/home/vboxuser/ros2_iron/install/ament_lint:/home/vboxuser/ros2_iron/install/ament_index_python:/home/vboxuser/ros2_iron/install/ament_cpplint:/home/vboxuser/ros2_iron/install/ament_cppcheck:/home/vboxuser/ros2_iron/install/ament_clang_tidy:/home/vboxuser/ros2_iron/install/ament_clang_format /usr/bin/cmake --build /home/vboxuser/ros2_ws/build/my_package -- -j4 -l4
[25.256s] DEBUG:colcon.colcon_core.event_handler.log_command:Invoking command in '/home/vboxuser/ros2_ws/src/examples/rclpy/topics/pointcloud_publisher': PYTHONPATH=/home/vboxuser/ros2_ws/build/examples_rclpy_pointcloud_publisher/prefix_override:/usr/lib/python3/dist-packages/colcon_core/task/python/colcon_distutils_commands:/home/vboxuser/ros2_ws/install/examples_rclpy_pointcloud_publisher/lib/python3.10/site-packages:${PYTHONPATH} /usr/bin/python3 -W ignore:setup.py install is deprecated -W ignore:easy_install command is deprecated setup.py egg_info --egg-base ../../../../../build/examples_rclpy_pointcloud_publisher build --build-base /home/vboxuser/ros2_ws/build/examples_rclpy_pointcloud_publisher/build install --record /home/vboxuser/ros2_ws/build/examples_rclpy_pointcloud_publisher/install.log --single-version-externally-managed install_data
[26.250s] DEBUG:colcon.colcon_core.event_handler.log_command:Invoked command in '/home/vboxuser/ros2_ws/build/my_package' returned '0': CMAKE_PREFIX_PATH=${CMAKE_PREFIX_PATH}:/home/vboxuser/ros2_ws/install/py_pubsub:/home/vboxuser/ros2_ws/install/launch_testing_examples:/home/vboxuser/ros2_ws/install/examples_rclpy_pointcloud_publisher:/home/vboxuser/ros2_ws/install/examples_rclpy_minimal_subscriber:/home/vboxuser/ros2_ws/install/examples_rclpy_minimal_service:/home/vboxuser/ros2_ws/install/examples_rclpy_minimal_publisher:/home/vboxuser/ros2_ws/install/examples_rclpy_minimal_client:/home/vboxuser/ros2_ws/install/examples_rclpy_minimal_action_server:/home/vboxuser/ros2_ws/install/examples_rclpy_minimal_action_client:/home/vboxuser/ros2_ws/install/examples_rclpy_guard_conditions:/home/vboxuser/ros2_ws/install/examples_rclpy_executors:/home/vboxuser/ros2_ws/install/bms_visualizer:/opt/ros/iron:/home/vboxuser/ros2_iron/install/rqt_bag_plugins:/home/vboxuser/ros2_iron/install/rqt_bag:/home/vboxuser/ros2_iron/install/rosbag2_examples_py:/home/vboxuser/ros2_iron/install/launch_testing_examples:/home/vboxuser/ros2_iron/install/ros2bag:/home/vboxuser/ros2_iron/install/tracetools_test:/home/vboxuser/ros2_iron/install/tracetools_launch:/home/vboxuser/ros2_iron/install/topic_monitor:/home/vboxuser/ros2_iron/install/tf2_tools:/home/vboxuser/ros2_iron/install/examples_tf2_py:/home/vboxuser/ros2_iron/install/tf2_ros_py:/home/vboxuser/ros2_iron/install/examples_rclpy_pointcloud_publisher:/home/vboxuser/ros2_iron/install/sensor_msgs_py:/home/vboxuser/ros2_iron/install/quality_of_service_demo_py:/home/vboxuser/ros2_iron/install/rqt_plot:/home/vboxuser/ros2_iron/install/ros2doctor:/home/vboxuser/ros2_iron/install/lifecycle_py:/home/vboxuser/ros2_iron/install/examples_rclpy_minimal_subscriber:/home/vboxuser/ros2_iron/install/examples_rclpy_minimal_service:/home/vboxuser/ros2_iron/install/examples_rclpy_minimal_publisher:/home/vboxuser/ros2_iron/install/examples_rclpy_minimal_client:/home/vboxuser/ros2_iron/install/examples_rclpy_executors:/home/vboxuser/ros2_iron/install/demo_nodes_py:/home/vboxuser/ros2_iron/install/rqt:/home/vboxuser/ros2_iron/install/ros2component:/home/vboxuser/ros2_iron/install/sros2:/home/vboxuser/ros2_iron/install/rqt_topic:/home/vboxuser/ros2_iron/install/rqt_srv:/home/vboxuser/ros2_iron/install/rqt_shell:/home/vboxuser/ros2_iron/install/rqt_service_caller:/home/vboxuser/ros2_iron/install/rqt_reconfigure:/home/vboxuser/ros2_iron/install/rqt_py_console:/home/vboxuser/ros2_iron/install/rqt_publisher:/home/vboxuser/ros2_iron/install/rqt_action:/home/vboxuser/ros2_iron/install/rqt_msg:/home/vboxuser/ros2_iron/install/rqt_console:/home/vboxuser/ros2_iron/install/rqt_graph:/home/vboxuser/ros2_iron/install/rqt_gui_py:/home/vboxuser/ros2_iron/install/rqt_gui:/home/vboxuser/ros2_iron/install/ros2trace:/home/vboxuser/ros2_iron/install/ros2topic:/home/vboxuser/ros2_iron/install/ros2test:/home/vboxuser/ros2_iron/install/ros2param:/home/vboxuser/ros2_iron/install/ros2lifecycle:/home/vboxuser/ros2_iron/install/ros2service:/home/vboxuser/ros2_iron/install/ros2run:/home/vboxuser/ros2_iron/install/ros2launch:/home/vboxuser/ros2_iron/install/ros2pkg:/home/vboxuser/ros2_iron/install/ros2node:/home/vboxuser/ros2_iron/install/ros2multicast:/home/vboxuser/ros2_iron/install/ros2interface:/home/vboxuser/ros2_iron/install/ros2action:/home/vboxuser/ros2_iron/install/ros2cli:/home/vboxuser/ros2_iron/install/launch_testing_ros:/home/vboxuser/ros2_iron/install/launch_ros:/home/vboxuser/ros2_iron/install/examples_rclpy_minimal_action_server:/home/vboxuser/ros2_iron/install/examples_rclpy_minimal_action_client:/home/vboxuser/ros2_iron/install/examples_rclpy_guard_conditions:/home/vboxuser/ros2_iron/install/action_tutorials_py:/home/vboxuser/ros2_iron/install/ament_uncrustify:/home/vboxuser/ros2_iron/install/tracetools_trace:/home/vboxuser/ros2_iron/install/tracetools_read:/home/vboxuser/ros2_iron/install/test_tracetools_launch:/home/vboxuser/ros2_iron/install/test_ros2trace:/home/vboxuser/ros2_iron/install/test_launch_ros:/home/vboxuser/ros2_iron/install/rpyutils:/home/vboxuser/ros2_iron/install/rosidl_runtime_py:/home/vboxuser/ros2_iron/install/rosidl_pycommon:/home/vboxuser/ros2_iron/install/rosidl_cli:/home/vboxuser/ros2_iron/install/launch_pytest:/home/vboxuser/ros2_iron/install/launch_testing:/home/vboxuser/ros2_iron/install/launch_yaml:/home/vboxuser/ros2_iron/install/launch_xml:/home/vboxuser/ros2_iron/install/launch:/home/vboxuser/ros2_iron/install/osrf_pycommon:/home/vboxuser/ros2_iron/install/domain_coordinator:/home/vboxuser/ros2_iron/install/ament_xmllint:/home/vboxuser/ros2_iron/install/ament_pyflakes:/home/vboxuser/ros2_iron/install/ament_pycodestyle:/home/vboxuser/ros2_iron/install/ament_pep257:/home/vboxuser/ros2_iron/install/ament_pclint:/home/vboxuser/ros2_iron/install/ament_package:/home/vboxuser/ros2_iron/install/ament_mypy:/home/vboxuser/ros2_iron/install/ament_lint_cmake:/home/vboxuser/ros2_iron/install/ament_flake8:/home/vboxuser/ros2_iron/install/ament_copyright:/home/vboxuser/ros2_iron/install/ament_lint:/home/vboxuser/ros2_iron/install/ament_index_python:/home/vboxuser/ros2_iron/install/ament_cpplint:/home/vboxuser/ros2_iron/install/ament_cppcheck:/home/vboxuser/ros2_iron/install/ament_clang_tidy:/home/vboxuser/ros2_iron/install/ament_clang_format /usr/bin/cmake --build /home/vboxuser/ros2_ws/build/my_package -- -j4 -l4
[26.536s] DEBUG:colcon.colcon_core.event_handler.log_command:Invoking command in '/home/vboxuser/ros2_ws/build/my_package': CMAKE_PREFIX_PATH=${CMAKE_PREFIX_PATH}:/home/vboxuser/ros2_ws/install/py_pubsub:/home/vboxuser/ros2_ws/install/launch_testing_examples:/home/vboxuser/ros2_ws/install/examples_rclpy_pointcloud_publisher:/home/vboxuser/ros2_ws/install/examples_rclpy_minimal_subscriber:/home/vboxuser/ros2_ws/install/examples_rclpy_minimal_service:/home/vboxuser/ros2_ws/install/examples_rclpy_minimal_publisher:/home/vboxuser/ros2_ws/install/examples_rclpy_minimal_client:/home/vboxuser/ros2_ws/install/examples_rclpy_minimal_action_server:/home/vboxuser/ros2_ws/install/examples_rclpy_minimal_action_client:/home/vboxuser/ros2_ws/install/examples_rclpy_guard_conditions:/home/vboxuser/ros2_ws/install/examples_rclpy_executors:/home/vboxuser/ros2_ws/install/bms_visualizer:/opt/ros/iron:/home/vboxuser/ros2_iron/install/rqt_bag_plugins:/home/vboxuser/ros2_iron/install/rqt_bag:/home/vboxuser/ros2_iron/install/rosbag2_examples_py:/home/vboxuser/ros2_iron/install/launch_testing_examples:/home/vboxuser/ros2_iron/install/ros2bag:/home/vboxuser/ros2_iron/install/tracetools_test:/home/vboxuser/ros2_iron/install/tracetools_launch:/home/vboxuser/ros2_iron/install/topic_monitor:/home/vboxuser/ros2_iron/install/tf2_tools:/home/vboxuser/ros2_iron/install/examples_tf2_py:/home/vboxuser/ros2_iron/install/tf2_ros_py:/home/vboxuser/ros2_iron/install/examples_rclpy_pointcloud_publisher:/home/vboxuser/ros2_iron/install/sensor_msgs_py:/home/vboxuser/ros2_iron/install/quality_of_service_demo_py:/home/vboxuser/ros2_iron/install/rqt_plot:/home/vboxuser/ros2_iron/install/ros2doctor:/home/vboxuser/ros2_iron/install/lifecycle_py:/home/vboxuser/ros2_iron/install/examples_rclpy_minimal_subscriber:/home/vboxuser/ros2_iron/install/examples_rclpy_minimal_service:/home/vboxuser/ros2_iron/install/examples_rclpy_minimal_publisher:/home/vboxuser/ros2_iron/install/examples_rclpy_minimal_client:/home/vboxuser/ros2_iron/install/examples_rclpy_executors:/home/vboxuser/ros2_iron/install/demo_nodes_py:/home/vboxuser/ros2_iron/install/rqt:/home/vboxuser/ros2_iron/install/ros2component:/home/vboxuser/ros2_iron/install/sros2:/home/vboxuser/ros2_iron/install/rqt_topic:/home/vboxuser/ros2_iron/install/rqt_srv:/home/vboxuser/ros2_iron/install/rqt_shell:/home/vboxuser/ros2_iron/install/rqt_service_caller:/home/vboxuser/ros2_iron/install/rqt_reconfigure:/home/vboxuser/ros2_iron/install/rqt_py_console:/home/vboxuser/ros2_iron/install/rqt_publisher:/home/vboxuser/ros2_iron/install/rqt_action:/home/vboxuser/ros2_iron/install/rqt_msg:/home/vboxuser/ros2_iron/install/rqt_console:/home/vboxuser/ros2_iron/install/rqt_graph:/home/vboxuser/ros2_iron/install/rqt_gui_py:/home/vboxuser/ros2_iron/install/rqt_gui:/home/vboxuser/ros2_iron/install/ros2trace:/home/vboxuser/ros2_iron/install/ros2topic:/home/vboxuser/ros2_iron/install/ros2test:/home/vboxuser/ros2_iron/install/ros2param:/home/vboxuser/ros2_iron/install/ros2lifecycle:/home/vboxuser/ros2_iron/install/ros2service:/home/vboxuser/ros2_iron/install/ros2run:/home/vboxuser/ros2_iron/install/ros2launch:/home/vboxuser/ros2_iron/install/ros2pkg:/home/vboxuser/ros2_iron/install/ros2node:/home/vboxuser/ros2_iron/install/ros2multicast:/home/vboxuser/ros2_iron/install/ros2interface:/home/vboxuser/ros2_iron/install/ros2action:/home/vboxuser/ros2_iron/install/ros2cli:/home/vboxuser/ros2_iron/install/launch_testing_ros:/home/vboxuser/ros2_iron/install/launch_ros:/home/vboxuser/ros2_iron/install/examples_rclpy_minimal_action_server:/home/vboxuser/ros2_iron/install/examples_rclpy_minimal_action_client:/home/vboxuser/ros2_iron/install/examples_rclpy_guard_conditions:/home/vboxuser/ros2_iron/install/action_tutorials_py:/home/vboxuser/ros2_iron/install/ament_uncrustify:/home/vboxuser/ros2_iron/install/tracetools_trace:/home/vboxuser/ros2_iron/install/tracetools_read:/home/vboxuser/ros2_iron/install/test_tracetools_launch:/home/vboxuser/ros2_iron/install/test_ros2trace:/home/vboxuser/ros2_iron/install/test_launch_ros:/home/vboxuser/ros2_iron/install/rpyutils:/home/vboxuser/ros2_iron/install/rosidl_runtime_py:/home/vboxuser/ros2_iron/install/rosidl_pycommon:/home/vboxuser/ros2_iron/install/rosidl_cli:/home/vboxuser/ros2_iron/install/launch_pytest:/home/vboxuser/ros2_iron/install/launch_testing:/home/vboxuser/ros2_iron/install/launch_yaml:/home/vboxuser/ros2_iron/install/launch_xml:/home/vboxuser/ros2_iron/install/launch:/home/vboxuser/ros2_iron/install/osrf_pycommon:/home/vboxuser/ros2_iron/install/domain_coordinator:/home/vboxuser/ros2_iron/install/ament_xmllint:/home/vboxuser/ros2_iron/install/ament_pyflakes:/home/vboxuser/ros2_iron/install/ament_pycodestyle:/home/vboxuser/ros2_iron/install/ament_pep257:/home/vboxuser/ros2_iron/install/ament_pclint:/home/vboxuser/ros2_iron/install/ament_package:/home/vboxuser/ros2_iron/install/ament_mypy:/home/vboxuser/ros2_iron/install/ament_lint_cmake:/home/vboxuser/ros2_iron/install/ament_flake8:/home/vboxuser/ros2_iron/install/ament_copyright:/home/vboxuser/ros2_iron/install/ament_lint:/home/vboxuser/ros2_iron/install/ament_index_python:/home/vboxuser/ros2_iron/install/ament_cpplint:/home/vboxuser/ros2_iron/install/ament_cppcheck:/home/vboxuser/ros2_iron/install/ament_clang_tidy:/home/vboxuser/ros2_iron/install/ament_clang_format /usr/bin/cmake --install /home/vboxuser/ros2_ws/build/my_package
[26.695s] Level 1:colcon.colcon_core.environment:create_environment_scripts_only(my_package)
[26.696s] Level 1:colcon.colcon_core.environment:checking '/home/vboxuser/ros2_ws/install/my_package' for CMake module files
[26.696s] Level 1:colcon.colcon_core.environment:checking '/home/vboxuser/ros2_ws/install/my_package' for CMake config files
[26.696s] Level 1:colcon.colcon_core.shell:create_environment_hook('my_package', 'cmake_prefix_path')
[26.697s] INFO:colcon.colcon_core.shell:Creating environment hook '/home/vboxuser/ros2_ws/install/my_package/share/my_package/hook/cmake_prefix_path.ps1'
[26.699s] INFO:colcon.colcon_core.shell:Creating environment descriptor '/home/vboxuser/ros2_ws/install/my_package/share/my_package/hook/cmake_prefix_path.dsv'
[26.701s] INFO:colcon.colcon_core.shell:Creating environment hook '/home/vboxuser/ros2_ws/install/my_package/share/my_package/hook/cmake_prefix_path.sh'
[26.708s] Level 1:colcon.colcon_core.environment:checking '/home/vboxuser/ros2_ws/install/my_package/lib'
[26.708s] Level 1:colcon.colcon_core.environment:checking '/home/vboxuser/ros2_ws/install/my_package/bin'
[26.708s] Level 1:colcon.colcon_core.environment:checking '/home/vboxuser/ros2_ws/install/my_package/lib/pkgconfig/my_package.pc'
[26.710s] Level 1:colcon.colcon_core.environment:checking '/home/vboxuser/ros2_ws/install/my_package/lib/python3.10/site-packages'
[26.710s] Level 1:colcon.colcon_core.environment:checking '/home/vboxuser/ros2_ws/install/my_package/bin'
[26.711s] INFO:colcon.colcon_core.shell:Creating package script '/home/vboxuser/ros2_ws/install/my_package/share/my_package/package.ps1'
[26.714s] DEBUG:colcon.colcon_core.event_handler.log_command:Invoked command in '/home/vboxuser/ros2_ws/build/my_package' returned '0': CMAKE_PREFIX_PATH=${CMAKE_PREFIX_PATH}:/home/vboxuser/ros2_ws/install/py_pubsub:/home/vboxuser/ros2_ws/install/launch_testing_examples:/home/vboxuser/ros2_ws/install/examples_rclpy_pointcloud_publisher:/home/vboxuser/ros2_ws/install/examples_rclpy_minimal_subscriber:/home/vboxuser/ros2_ws/install/examples_rclpy_minimal_service:/home/vboxuser/ros2_ws/install/examples_rclpy_minimal_publisher:/home/vboxuser/ros2_ws/install/examples_rclpy_minimal_client:/home/vboxuser/ros2_ws/install/examples_rclpy_minimal_action_server:/home/vboxuser/ros2_ws/install/examples_rclpy_minimal_action_client:/home/vboxuser/ros2_ws/install/examples_rclpy_guard_conditions:/home/vboxuser/ros2_ws/install/examples_rclpy_executors:/home/vboxuser/ros2_ws/install/bms_visualizer:/opt/ros/iron:/home/vboxuser/ros2_iron/install/rqt_bag_plugins:/home/vboxuser/ros2_iron/install/rqt_bag:/home/vboxuser/ros2_iron/install/rosbag2_examples_py:/home/vboxuser/ros2_iron/install/launch_testing_examples:/home/vboxuser/ros2_iron/install/ros2bag:/home/vboxuser/ros2_iron/install/tracetools_test:/home/vboxuser/ros2_iron/install/tracetools_launch:/home/vboxuser/ros2_iron/install/topic_monitor:/home/vboxuser/ros2_iron/install/tf2_tools:/home/vboxuser/ros2_iron/install/examples_tf2_py:/home/vboxuser/ros2_iron/install/tf2_ros_py:/home/vboxuser/ros2_iron/install/examples_rclpy_pointcloud_publisher:/home/vboxuser/ros2_iron/install/sensor_msgs_py:/home/vboxuser/ros2_iron/install/quality_of_service_demo_py:/home/vboxuser/ros2_iron/install/rqt_plot:/home/vboxuser/ros2_iron/install/ros2doctor:/home/vboxuser/ros2_iron/install/lifecycle_py:/home/vboxuser/ros2_iron/install/examples_rclpy_minimal_subscriber:/home/vboxuser/ros2_iron/install/examples_rclpy_minimal_service:/home/vboxuser/ros2_iron/install/examples_rclpy_minimal_publisher:/home/vboxuser/ros2_iron/install/examples_rclpy_minimal_client:/home/vboxuser/ros2_iron/install/examples_rclpy_executors:/home/vboxuser/ros2_iron/install/demo_nodes_py:/home/vboxuser/ros2_iron/install/rqt:/home/vboxuser/ros2_iron/install/ros2component:/home/vboxuser/ros2_iron/install/sros2:/home/vboxuser/ros2_iron/install/rqt_topic:/home/vboxuser/ros2_iron/install/rqt_srv:/home/vboxuser/ros2_iron/install/rqt_shell:/home/vboxuser/ros2_iron/install/rqt_service_caller:/home/vboxuser/ros2_iron/install/rqt_reconfigure:/home/vboxuser/ros2_iron/install/rqt_py_console:/home/vboxuser/ros2_iron/install/rqt_publisher:/home/vboxuser/ros2_iron/install/rqt_action:/home/vboxuser/ros2_iron/install/rqt_msg:/home/vboxuser/ros2_iron/install/rqt_console:/home/vboxuser/ros2_iron/install/rqt_graph:/home/vboxuser/ros2_iron/install/rqt_gui_py:/home/vboxuser/ros2_iron/install/rqt_gui:/home/vboxuser/ros2_iron/install/ros2trace:/home/vboxuser/ros2_iron/install/ros2topic:/home/vboxuser/ros2_iron/install/ros2test:/home/vboxuser/ros2_iron/install/ros2param:/home/vboxuser/ros2_iron/install/ros2lifecycle:/home/vboxuser/ros2_iron/install/ros2service:/home/vboxuser/ros2_iron/install/ros2run:/home/vboxuser/ros2_iron/install/ros2launch:/home/vboxuser/ros2_iron/install/ros2pkg:/home/vboxuser/ros2_iron/install/ros2node:/home/vboxuser/ros2_iron/install/ros2multicast:/home/vboxuser/ros2_iron/install/ros2interface:/home/vboxuser/ros2_iron/install/ros2action:/home/vboxuser/ros2_iron/install/ros2cli:/home/vboxuser/ros2_iron/install/launch_testing_ros:/home/vboxuser/ros2_iron/install/launch_ros:/home/vboxuser/ros2_iron/install/examples_rclpy_minimal_action_server:/home/vboxuser/ros2_iron/install/examples_rclpy_minimal_action_client:/home/vboxuser/ros2_iron/install/examples_rclpy_guard_conditions:/home/vboxuser/ros2_iron/install/action_tutorials_py:/home/vboxuser/ros2_iron/install/ament_uncrustify:/home/vboxuser/ros2_iron/install/tracetools_trace:/home/vboxuser/ros2_iron/install/tracetools_read:/home/vboxuser/ros2_iron/install/test_tracetools_launch:/home/vboxuser/ros2_iron/install/test_ros2trace:/home/vboxuser/ros2_iron/install/test_launch_ros:/home/vboxuser/ros2_iron/install/rpyutils:/home/vboxuser/ros2_iron/install/rosidl_runtime_py:/home/vboxuser/ros2_iron/install/rosidl_pycommon:/home/vboxuser/ros2_iron/install/rosidl_cli:/home/vboxuser/ros2_iron/install/launch_pytest:/home/vboxuser/ros2_iron/install/launch_testing:/home/vboxuser/ros2_iron/install/launch_yaml:/home/vboxuser/ros2_iron/install/launch_xml:/home/vboxuser/ros2_iron/install/launch:/home/vboxuser/ros2_iron/install/osrf_pycommon:/home/vboxuser/ros2_iron/install/domain_coordinator:/home/vboxuser/ros2_iron/install/ament_xmllint:/home/vboxuser/ros2_iron/install/ament_pyflakes:/home/vboxuser/ros2_iron/install/ament_pycodestyle:/home/vboxuser/ros2_iron/install/ament_pep257:/home/vboxuser/ros2_iron/install/ament_pclint:/home/vboxuser/ros2_iron/install/ament_package:/home/vboxuser/ros2_iron/install/ament_mypy:/home/vboxuser/ros2_iron/install/ament_lint_cmake:/home/vboxuser/ros2_iron/install/ament_flake8:/home/vboxuser/ros2_iron/install/ament_copyright:/home/vboxuser/ros2_iron/install/ament_lint:/home/vboxuser/ros2_iron/install/ament_index_python:/home/vboxuser/ros2_iron/install/ament_cpplint:/home/vboxuser/ros2_iron/install/ament_cppcheck:/home/vboxuser/ros2_iron/install/ament_clang_tidy:/home/vboxuser/ros2_iron/install/ament_clang_format /usr/bin/cmake --install /home/vboxuser/ros2_ws/build/my_package
[26.751s] INFO:colcon.colcon_core.shell:Creating package descriptor '/home/vboxuser/ros2_ws/install/my_package/share/my_package/package.dsv'
[26.757s] INFO:colcon.colcon_core.shell:Creating package script '/home/vboxuser/ros2_ws/install/my_package/share/my_package/package.sh'
[26.760s] INFO:colcon.colcon_core.shell:Creating package script '/home/vboxuser/ros2_ws/install/my_package/share/my_package/package.bash'
[26.762s] INFO:colcon.colcon_core.shell:Creating package script '/home/vboxuser/ros2_ws/install/my_package/share/my_package/package.zsh'
[26.765s] Level 1:colcon.colcon_core.environment:create_file_with_runtime_dependencies(/home/vboxuser/ros2_ws/install/my_package/share/colcon-core/packages/my_package)
[26.766s] Level 1:colcon.colcon_core.environment:create_environment_scripts_only(my_package)
[26.768s] Level 1:colcon.colcon_core.environment:checking '/home/vboxuser/ros2_ws/install/my_package' for CMake module files
[26.770s] Level 1:colcon.colcon_core.environment:checking '/home/vboxuser/ros2_ws/install/my_package' for CMake config files
[26.770s] Level 1:colcon.colcon_core.shell:create_environment_hook('my_package', 'cmake_prefix_path')
[26.771s] INFO:colcon.colcon_core.shell:Creating environment hook '/home/vboxuser/ros2_ws/install/my_package/share/my_package/hook/cmake_prefix_path.ps1'
[26.773s] INFO:colcon.colcon_core.shell:Creating environment descriptor '/home/vboxuser/ros2_ws/install/my_package/share/my_package/hook/cmake_prefix_path.dsv'
[26.775s] INFO:colcon.colcon_core.shell:Creating environment hook '/home/vboxuser/ros2_ws/install/my_package/share/my_package/hook/cmake_prefix_path.sh'
[26.777s] Level 1:colcon.colcon_core.environment:checking '/home/vboxuser/ros2_ws/install/my_package/lib'
[26.777s] Level 1:colcon.colcon_core.environment:checking '/home/vboxuser/ros2_ws/install/my_package/bin'
[26.777s] Level 1:colcon.colcon_core.environment:checking '/home/vboxuser/ros2_ws/install/my_package/lib/pkgconfig/my_package.pc'
[26.778s] Level 1:colcon.colcon_core.environment:checking '/home/vboxuser/ros2_ws/install/my_package/lib/python3.10/site-packages'
[26.778s] Level 1:colcon.colcon_core.environment:checking '/home/vboxuser/ros2_ws/install/my_package/bin'
[26.779s] INFO:colcon.colcon_core.shell:Creating package script '/home/vboxuser/ros2_ws/install/my_package/share/my_package/package.ps1'
[26.780s] INFO:colcon.colcon_core.shell:Creating package descriptor '/home/vboxuser/ros2_ws/install/my_package/share/my_package/package.dsv'
[26.782s] INFO:colcon.colcon_core.shell:Creating package script '/home/vboxuser/ros2_ws/install/my_package/share/my_package/package.sh'
[26.784s] INFO:colcon.colcon_core.shell:Creating package script '/home/vboxuser/ros2_ws/install/my_package/share/my_package/package.bash'
[26.788s] INFO:colcon.colcon_core.shell:Creating package script '/home/vboxuser/ros2_ws/install/my_package/share/my_package/package.zsh'
[26.790s] Level 1:colcon.colcon_core.environment:create_file_with_runtime_dependencies(/home/vboxuser/ros2_ws/install/my_package/share/colcon-core/packages/my_package)
[26.793s] INFO:colcon.colcon_ros.task.ament_python.build:Building ROS package in '/home/vboxuser/ros2_ws/src/py_pubsub' with build type 'ament_python'
[26.793s] Level 1:colcon.colcon_core.shell:create_environment_hook('py_pubsub', 'ament_prefix_path')
[26.793s] INFO:colcon.colcon_core.shell:Creating environment hook '/home/vboxuser/ros2_ws/install/py_pubsub/share/py_pubsub/hook/ament_prefix_path.ps1'
[26.795s] INFO:colcon.colcon_core.shell:Creating environment descriptor '/home/vboxuser/ros2_ws/install/py_pubsub/share/py_pubsub/hook/ament_prefix_path.dsv'
[26.796s] INFO:colcon.colcon_core.shell:Creating environment hook '/home/vboxuser/ros2_ws/install/py_pubsub/share/py_pubsub/hook/ament_prefix_path.sh'
[26.800s] INFO:colcon.colcon_core.shell:Skip shell extension 'powershell' for command environment: Not usable outside of PowerShell
[26.800s] DEBUG:colcon.colcon_core.shell:Skip shell extension 'dsv' for command environment
[26.868s] Level 1:colcon.colcon_core.environment:checking '/home/vboxuser/ros2_ws/install/examples_rclpy_pointcloud_publisher' for CMake module files
[26.869s] Level 1:colcon.colcon_core.environment:checking '/home/vboxuser/ros2_ws/install/examples_rclpy_pointcloud_publisher' for CMake config files
[26.870s] Level 1:colcon.colcon_core.environment:checking '/home/vboxuser/ros2_ws/install/examples_rclpy_pointcloud_publisher/lib'
[26.870s] Level 1:colcon.colcon_core.environment:checking '/home/vboxuser/ros2_ws/install/examples_rclpy_pointcloud_publisher/bin'
[26.870s] Level 1:colcon.colcon_core.environment:checking '/home/vboxuser/ros2_ws/install/examples_rclpy_pointcloud_publisher/lib/pkgconfig/examples_rclpy_pointcloud_publisher.pc'
[26.871s] Level 1:colcon.colcon_core.environment:checking '/home/vboxuser/ros2_ws/install/examples_rclpy_pointcloud_publisher/lib/python3.10/site-packages'
[26.871s] Level 1:colcon.colcon_core.shell:create_environment_hook('examples_rclpy_pointcloud_publisher', 'pythonpath')
[26.871s] INFO:colcon.colcon_core.shell:Creating environment hook '/home/vboxuser/ros2_ws/install/examples_rclpy_pointcloud_publisher/share/examples_rclpy_pointcloud_publisher/hook/pythonpath.ps1'
[26.874s] DEBUG:colcon.colcon_core.event_handler.log_command:Invoked command in '/home/vboxuser/ros2_ws/src/examples/rclpy/topics/pointcloud_publisher' returned '0': PYTHONPATH=/home/vboxuser/ros2_ws/build/examples_rclpy_pointcloud_publisher/prefix_override:/usr/lib/python3/dist-packages/colcon_core/task/python/colcon_distutils_commands:/home/vboxuser/ros2_ws/install/examples_rclpy_pointcloud_publisher/lib/python3.10/site-packages:${PYTHONPATH} /usr/bin/python3 -W ignore:setup.py install is deprecated -W ignore:easy_install command is deprecated setup.py egg_info --egg-base ../../../../../build/examples_rclpy_pointcloud_publisher build --build-base /home/vboxuser/ros2_ws/build/examples_rclpy_pointcloud_publisher/build install --record /home/vboxuser/ros2_ws/build/examples_rclpy_pointcloud_publisher/install.log --single-version-externally-managed install_data
[26.874s] INFO:colcon.colcon_core.shell:Creating environment descriptor '/home/vboxuser/ros2_ws/install/examples_rclpy_pointcloud_publisher/share/examples_rclpy_pointcloud_publisher/hook/pythonpath.dsv'
[26.875s] INFO:colcon.colcon_core.shell:Creating environment hook '/home/vboxuser/ros2_ws/install/examples_rclpy_pointcloud_publisher/share/examples_rclpy_pointcloud_publisher/hook/pythonpath.sh'
[26.880s] Level 1:colcon.colcon_core.environment:checking '/home/vboxuser/ros2_ws/install/examples_rclpy_pointcloud_publisher/bin'
[26.880s] Level 1:colcon.colcon_core.environment:create_environment_scripts_only(examples_rclpy_pointcloud_publisher)
[26.881s] INFO:colcon.colcon_core.shell:Creating package script '/home/vboxuser/ros2_ws/install/examples_rclpy_pointcloud_publisher/share/examples_rclpy_pointcloud_publisher/package.ps1'
[26.883s] INFO:colcon.colcon_core.shell:Creating package descriptor '/home/vboxuser/ros2_ws/install/examples_rclpy_pointcloud_publisher/share/examples_rclpy_pointcloud_publisher/package.dsv'
[26.885s] INFO:colcon.colcon_core.shell:Creating package script '/home/vboxuser/ros2_ws/install/examples_rclpy_pointcloud_publisher/share/examples_rclpy_pointcloud_publisher/package.sh'
[26.888s] INFO:colcon.colcon_core.shell:Creating package script '/home/vboxuser/ros2_ws/install/examples_rclpy_pointcloud_publisher/share/examples_rclpy_pointcloud_publisher/package.bash'
[26.889s] INFO:colcon.colcon_core.shell:Creating package script '/home/vboxuser/ros2_ws/install/examples_rclpy_pointcloud_publisher/share/examples_rclpy_pointcloud_publisher/package.zsh'
[26.891s] Level 1:colcon.colcon_core.environment:create_file_with_runtime_dependencies(/home/vboxuser/ros2_ws/install/examples_rclpy_pointcloud_publisher/share/colcon-core/packages/examples_rclpy_pointcloud_publisher)
[26.896s] INFO:colcon.colcon_ros.task.ament_cmake.build:Building ROS package in '/home/vboxuser/ros2_ws/src/ros_tutorials/turtlesim' with build type 'ament_cmake'
[26.896s] INFO:colcon.colcon_cmake.task.cmake.build:Building CMake package in '/home/vboxuser/ros2_ws/src/ros_tutorials/turtlesim'
[26.896s] INFO:colcon.colcon_core.shell:Skip shell extension 'powershell' for command environment: Not usable outside of PowerShell
[26.896s] DEBUG:colcon.colcon_core.shell:Skip shell extension 'dsv' for command environment
[28.382s] INFO:colcon.colcon_core.task.python.build:Building Python package in '/home/vboxuser/ros2_ws/src/py_pubsub'
[28.385s] INFO:colcon.colcon_core.shell:Skip shell extension 'powershell' for command environment: Not usable outside of PowerShell
[28.385s] DEBUG:colcon.colcon_core.shell:Skip shell extension 'dsv' for command environment
[28.464s] DEBUG:colcon.colcon_core.event_handler.log_command:Invoking command in '/home/vboxuser/ros2_ws/src/examples/launch_testing/launch_testing_examples': PYTHONPATH=/home/vboxuser/ros2_ws/build/launch_testing_examples/prefix_override:/usr/lib/python3/dist-packages/colcon_core/task/python/colcon_distutils_commands:/home/vboxuser/ros2_ws/install/launch_testing_examples/lib/python3.10/site-packages:${PYTHONPATH} /usr/bin/python3 -W ignore:setup.py install is deprecated -W ignore:easy_install command is deprecated setup.py egg_info --egg-base ../../../../build/launch_testing_examples build --build-base /home/vboxuser/ros2_ws/build/launch_testing_examples/build install --record /home/vboxuser/ros2_ws/build/launch_testing_examples/install.log --single-version-externally-managed install_data
[28.469s] Level 1:colcon.colcon_core.environment:checking '/home/vboxuser/ros2_ws/install/examples_rclpy_minimal_subscriber' for CMake module files
[28.475s] Level 1:colcon.colcon_core.environment:checking '/home/vboxuser/ros2_ws/install/examples_rclpy_minimal_subscriber' for CMake config files
[28.492s] DEBUG:colcon.colcon_core.event_handler.log_command:Invoked command in '/home/vboxuser/ros2_ws/src/examples/rclpy/topics/minimal_subscriber' returned '0': PYTHONPATH=/home/vboxuser/ros2_ws/build/examples_rclpy_minimal_subscriber/prefix_override:/usr/lib/python3/dist-packages/colcon_core/task/python/colcon_distutils_commands:/home/vboxuser/ros2_ws/install/examples_rclpy_minimal_subscriber/lib/python3.10/site-packages:${PYTHONPATH} /usr/bin/python3 -W ignore:setup.py install is deprecated -W ignore:easy_install command is deprecated setup.py egg_info --egg-base ../../../../../build/examples_rclpy_minimal_subscriber build --build-base /home/vboxuser/ros2_ws/build/examples_rclpy_minimal_subscriber/build install --record /home/vboxuser/ros2_ws/build/examples_rclpy_minimal_subscriber/install.log --single-version-externally-managed install_data
[28.501s] Level 1:colcon.colcon_core.environment:checking '/home/vboxuser/ros2_ws/install/examples_rclpy_minimal_subscriber/lib'
[28.501s] Level 1:colcon.colcon_core.environment:checking '/home/vboxuser/ros2_ws/install/examples_rclpy_minimal_subscriber/bin'
[28.502s] Level 1:colcon.colcon_core.environment:checking '/home/vboxuser/ros2_ws/install/examples_rclpy_minimal_subscriber/lib/pkgconfig/examples_rclpy_minimal_subscriber.pc'
[28.502s] Level 1:colcon.colcon_core.environment:checking '/home/vboxuser/ros2_ws/install/examples_rclpy_minimal_subscriber/lib/python3.10/site-packages'
[28.502s] Level 1:colcon.colcon_core.shell:create_environment_hook('examples_rclpy_minimal_subscriber', 'pythonpath')
[28.503s] INFO:colcon.colcon_core.shell:Creating environment hook '/home/vboxuser/ros2_ws/install/examples_rclpy_minimal_subscriber/share/examples_rclpy_minimal_subscriber/hook/pythonpath.ps1'
[28.504s] INFO:colcon.colcon_core.shell:Creating environment descriptor '/home/vboxuser/ros2_ws/install/examples_rclpy_minimal_subscriber/share/examples_rclpy_minimal_subscriber/hook/pythonpath.dsv'
[28.511s] INFO:colcon.colcon_core.shell:Creating environment hook '/home/vboxuser/ros2_ws/install/examples_rclpy_minimal_subscriber/share/examples_rclpy_minimal_subscriber/hook/pythonpath.sh'
[28.514s] Level 1:colcon.colcon_core.environment:checking '/home/vboxuser/ros2_ws/install/examples_rclpy_minimal_subscriber/bin'
[28.514s] Level 1:colcon.colcon_core.environment:create_environment_scripts_only(examples_rclpy_minimal_subscriber)
[28.516s] INFO:colcon.colcon_core.shell:Creating package script '/home/vboxuser/ros2_ws/install/examples_rclpy_minimal_subscriber/share/examples_rclpy_minimal_subscriber/package.ps1'
[28.519s] INFO:colcon.colcon_core.shell:Creating package descriptor '/home/vboxuser/ros2_ws/install/examples_rclpy_minimal_subscriber/share/examples_rclpy_minimal_subscriber/package.dsv'
[28.522s] INFO:colcon.colcon_core.shell:Creating package script '/home/vboxuser/ros2_ws/install/examples_rclpy_minimal_subscriber/share/examples_rclpy_minimal_subscriber/package.sh'
[28.523s] INFO:colcon.colcon_core.shell:Creating package script '/home/vboxuser/ros2_ws/install/examples_rclpy_minimal_subscriber/share/examples_rclpy_minimal_subscriber/package.bash'
[28.526s] INFO:colcon.colcon_core.shell:Creating package script '/home/vboxuser/ros2_ws/install/examples_rclpy_minimal_subscriber/share/examples_rclpy_minimal_subscriber/package.zsh'
[28.528s] Level 1:colcon.colcon_core.environment:create_file_with_runtime_dependencies(/home/vboxuser/ros2_ws/install/examples_rclpy_minimal_subscriber/share/colcon-core/packages/examples_rclpy_minimal_subscriber)
[28.560s] DEBUG:colcon.colcon_core.event_handler.log_command:Invoking command in '/home/vboxuser/ros2_ws/build/turtlesim': CMAKE_PREFIX_PATH=${CMAKE_PREFIX_PATH}:/home/vboxuser/ros2_ws/install/py_pubsub:/home/vboxuser/ros2_ws/install/launch_testing_examples:/home/vboxuser/ros2_ws/install/examples_rclpy_pointcloud_publisher:/home/vboxuser/ros2_ws/install/examples_rclpy_minimal_subscriber:/home/vboxuser/ros2_ws/install/examples_rclpy_minimal_service:/home/vboxuser/ros2_ws/install/examples_rclpy_minimal_publisher:/home/vboxuser/ros2_ws/install/examples_rclpy_minimal_client:/home/vboxuser/ros2_ws/install/examples_rclpy_minimal_action_server:/home/vboxuser/ros2_ws/install/examples_rclpy_minimal_action_client:/home/vboxuser/ros2_ws/install/examples_rclpy_guard_conditions:/home/vboxuser/ros2_ws/install/examples_rclpy_executors:/home/vboxuser/ros2_ws/install/bms_visualizer:/opt/ros/iron:/home/vboxuser/ros2_iron/install/rqt_bag_plugins:/home/vboxuser/ros2_iron/install/rqt_bag:/home/vboxuser/ros2_iron/install/rosbag2_examples_py:/home/vboxuser/ros2_iron/install/launch_testing_examples:/home/vboxuser/ros2_iron/install/ros2bag:/home/vboxuser/ros2_iron/install/tracetools_test:/home/vboxuser/ros2_iron/install/tracetools_launch:/home/vboxuser/ros2_iron/install/topic_monitor:/home/vboxuser/ros2_iron/install/tf2_tools:/home/vboxuser/ros2_iron/install/examples_tf2_py:/home/vboxuser/ros2_iron/install/tf2_ros_py:/home/vboxuser/ros2_iron/install/examples_rclpy_pointcloud_publisher:/home/vboxuser/ros2_iron/install/sensor_msgs_py:/home/vboxuser/ros2_iron/install/quality_of_service_demo_py:/home/vboxuser/ros2_iron/install/rqt_plot:/home/vboxuser/ros2_iron/install/ros2doctor:/home/vboxuser/ros2_iron/install/lifecycle_py:/home/vboxuser/ros2_iron/install/examples_rclpy_minimal_subscriber:/home/vboxuser/ros2_iron/install/examples_rclpy_minimal_service:/home/vboxuser/ros2_iron/install/examples_rclpy_minimal_publisher:/home/vboxuser/ros2_iron/install/examples_rclpy_minimal_client:/home/vboxuser/ros2_iron/install/examples_rclpy_executors:/home/vboxuser/ros2_iron/install/demo_nodes_py:/home/vboxuser/ros2_iron/install/rqt:/home/vboxuser/ros2_iron/install/ros2component:/home/vboxuser/ros2_iron/install/sros2:/home/vboxuser/ros2_iron/install/rqt_topic:/home/vboxuser/ros2_iron/install/rqt_srv:/home/vboxuser/ros2_iron/install/rqt_shell:/home/vboxuser/ros2_iron/install/rqt_service_caller:/home/vboxuser/ros2_iron/install/rqt_reconfigure:/home/vboxuser/ros2_iron/install/rqt_py_console:/home/vboxuser/ros2_iron/install/rqt_publisher:/home/vboxuser/ros2_iron/install/rqt_action:/home/vboxuser/ros2_iron/install/rqt_msg:/home/vboxuser/ros2_iron/install/rqt_console:/home/vboxuser/ros2_iron/install/rqt_graph:/home/vboxuser/ros2_iron/install/rqt_gui_py:/home/vboxuser/ros2_iron/install/rqt_gui:/home/vboxuser/ros2_iron/install/ros2trace:/home/vboxuser/ros2_iron/install/ros2topic:/home/vboxuser/ros2_iron/install/ros2test:/home/vboxuser/ros2_iron/install/ros2param:/home/vboxuser/ros2_iron/install/ros2lifecycle:/home/vboxuser/ros2_iron/install/ros2service:/home/vboxuser/ros2_iron/install/ros2run:/home/vboxuser/ros2_iron/install/ros2launch:/home/vboxuser/ros2_iron/install/ros2pkg:/home/vboxuser/ros2_iron/install/ros2node:/home/vboxuser/ros2_iron/install/ros2multicast:/home/vboxuser/ros2_iron/install/ros2interface:/home/vboxuser/ros2_iron/install/ros2action:/home/vboxuser/ros2_iron/install/ros2cli:/home/vboxuser/ros2_iron/install/launch_testing_ros:/home/vboxuser/ros2_iron/install/launch_ros:/home/vboxuser/ros2_iron/install/examples_rclpy_minimal_action_server:/home/vboxuser/ros2_iron/install/examples_rclpy_minimal_action_client:/home/vboxuser/ros2_iron/install/examples_rclpy_guard_conditions:/home/vboxuser/ros2_iron/install/action_tutorials_py:/home/vboxuser/ros2_iron/install/ament_uncrustify:/home/vboxuser/ros2_iron/install/tracetools_trace:/home/vboxuser/ros2_iron/install/tracetools_read:/home/vboxuser/ros2_iron/install/test_tracetools_launch:/home/vboxuser/ros2_iron/install/test_ros2trace:/home/vboxuser/ros2_iron/install/test_launch_ros:/home/vboxuser/ros2_iron/install/rpyutils:/home/vboxuser/ros2_iron/install/rosidl_runtime_py:/home/vboxuser/ros2_iron/install/rosidl_pycommon:/home/vboxuser/ros2_iron/install/rosidl_cli:/home/vboxuser/ros2_iron/install/launch_pytest:/home/vboxuser/ros2_iron/install/launch_testing:/home/vboxuser/ros2_iron/install/launch_yaml:/home/vboxuser/ros2_iron/install/launch_xml:/home/vboxuser/ros2_iron/install/launch:/home/vboxuser/ros2_iron/install/osrf_pycommon:/home/vboxuser/ros2_iron/install/domain_coordinator:/home/vboxuser/ros2_iron/install/ament_xmllint:/home/vboxuser/ros2_iron/install/ament_pyflakes:/home/vboxuser/ros2_iron/install/ament_pycodestyle:/home/vboxuser/ros2_iron/install/ament_pep257:/home/vboxuser/ros2_iron/install/ament_pclint:/home/vboxuser/ros2_iron/install/ament_package:/home/vboxuser/ros2_iron/install/ament_mypy:/home/vboxuser/ros2_iron/install/ament_lint_cmake:/home/vboxuser/ros2_iron/install/ament_flake8:/home/vboxuser/ros2_iron/install/ament_copyright:/home/vboxuser/ros2_iron/install/ament_lint:/home/vboxuser/ros2_iron/install/ament_index_python:/home/vboxuser/ros2_iron/install/ament_cpplint:/home/vboxuser/ros2_iron/install/ament_cppcheck:/home/vboxuser/ros2_iron/install/ament_clang_tidy:/home/vboxuser/ros2_iron/install/ament_clang_format /usr/bin/cmake --build /home/vboxuser/ros2_ws/build/turtlesim -- -j4 -l4
[30.230s] Level 1:colcon.colcon_core.environment:checking '/home/vboxuser/ros2_ws/install/launch_testing_examples' for CMake module files
[30.232s] DEBUG:colcon.colcon_core.event_handler.log_command:Invoked command in '/home/vboxuser/ros2_ws/src/examples/launch_testing/launch_testing_examples' returned '0': PYTHONPATH=/home/vboxuser/ros2_ws/build/launch_testing_examples/prefix_override:/usr/lib/python3/dist-packages/colcon_core/task/python/colcon_distutils_commands:/home/vboxuser/ros2_ws/install/launch_testing_examples/lib/python3.10/site-packages:${PYTHONPATH} /usr/bin/python3 -W ignore:setup.py install is deprecated -W ignore:easy_install command is deprecated setup.py egg_info --egg-base ../../../../build/launch_testing_examples build --build-base /home/vboxuser/ros2_ws/build/launch_testing_examples/build install --record /home/vboxuser/ros2_ws/build/launch_testing_examples/install.log --single-version-externally-managed install_data
[30.233s] Level 1:colcon.colcon_core.environment:checking '/home/vboxuser/ros2_ws/install/launch_testing_examples' for CMake config files
[30.244s] Level 1:colcon.colcon_core.environment:checking '/home/vboxuser/ros2_ws/install/launch_testing_examples/lib'
[30.245s] Level 1:colcon.colcon_core.environment:checking '/home/vboxuser/ros2_ws/install/launch_testing_examples/bin'
[30.245s] Level 1:colcon.colcon_core.environment:checking '/home/vboxuser/ros2_ws/install/launch_testing_examples/lib/pkgconfig/launch_testing_examples.pc'
[30.246s] Level 1:colcon.colcon_core.environment:checking '/home/vboxuser/ros2_ws/install/launch_testing_examples/lib/python3.10/site-packages'
[30.246s] Level 1:colcon.colcon_core.shell:create_environment_hook('launch_testing_examples', 'pythonpath')
[30.247s] INFO:colcon.colcon_core.shell:Creating environment hook '/home/vboxuser/ros2_ws/install/launch_testing_examples/share/launch_testing_examples/hook/pythonpath.ps1'
[30.252s] INFO:colcon.colcon_core.shell:Creating environment descriptor '/home/vboxuser/ros2_ws/install/launch_testing_examples/share/launch_testing_examples/hook/pythonpath.dsv'
[30.257s] INFO:colcon.colcon_core.shell:Creating environment hook '/home/vboxuser/ros2_ws/install/launch_testing_examples/share/launch_testing_examples/hook/pythonpath.sh'
[30.267s] Level 1:colcon.colcon_core.environment:checking '/home/vboxuser/ros2_ws/install/launch_testing_examples/bin'
[30.268s] Level 1:colcon.colcon_core.environment:create_environment_scripts_only(launch_testing_examples)
[30.268s] INFO:colcon.colcon_core.shell:Creating package script '/home/vboxuser/ros2_ws/install/launch_testing_examples/share/launch_testing_examples/package.ps1'
[30.273s] INFO:colcon.colcon_core.shell:Creating package descriptor '/home/vboxuser/ros2_ws/install/launch_testing_examples/share/launch_testing_examples/package.dsv'
[30.276s] INFO:colcon.colcon_core.shell:Creating package script '/home/vboxuser/ros2_ws/install/launch_testing_examples/share/launch_testing_examples/package.sh'
[30.278s] INFO:colcon.colcon_core.shell:Creating package script '/home/vboxuser/ros2_ws/install/launch_testing_examples/share/launch_testing_examples/package.bash'
[30.282s] INFO:colcon.colcon_core.shell:Creating package script '/home/vboxuser/ros2_ws/install/launch_testing_examples/share/launch_testing_examples/package.zsh'
[30.284s] Level 1:colcon.colcon_core.environment:create_file_with_runtime_dependencies(/home/vboxuser/ros2_ws/install/launch_testing_examples/share/colcon-core/packages/launch_testing_examples)
[30.375s] DEBUG:colcon.colcon_core.event_handler.log_command:Invoking command in '/home/vboxuser/ros2_ws/src/py_pubsub': PYTHONPATH=/home/vboxuser/ros2_ws/build/py_pubsub/prefix_override:/usr/lib/python3/dist-packages/colcon_core/task/python/colcon_distutils_commands:/home/vboxuser/ros2_ws/install/py_pubsub/lib/python3.10/site-packages:${PYTHONPATH} /usr/bin/python3 -W ignore:setup.py install is deprecated -W ignore:easy_install command is deprecated setup.py egg_info --egg-base ../../build/py_pubsub build --build-base /home/vboxuser/ros2_ws/build/py_pubsub/build install --record /home/vboxuser/ros2_ws/build/py_pubsub/install.log --single-version-externally-managed install_data
[32.151s] Level 1:colcon.colcon_core.environment:checking '/home/vboxuser/ros2_ws/install/py_pubsub' for CMake module files
[32.152s] DEBUG:colcon.colcon_core.event_handler.log_command:Invoked command in '/home/vboxuser/ros2_ws/src/py_pubsub' returned '0': PYTHONPATH=/home/vboxuser/ros2_ws/build/py_pubsub/prefix_override:/usr/lib/python3/dist-packages/colcon_core/task/python/colcon_distutils_commands:/home/vboxuser/ros2_ws/install/py_pubsub/lib/python3.10/site-packages:${PYTHONPATH} /usr/bin/python3 -W ignore:setup.py install is deprecated -W ignore:easy_install command is deprecated setup.py egg_info --egg-base ../../build/py_pubsub build --build-base /home/vboxuser/ros2_ws/build/py_pubsub/build install --record /home/vboxuser/ros2_ws/build/py_pubsub/install.log --single-version-externally-managed install_data
[32.155s] Level 1:colcon.colcon_core.environment:checking '/home/vboxuser/ros2_ws/install/py_pubsub' for CMake config files
[32.158s] Level 1:colcon.colcon_core.environment:checking '/home/vboxuser/ros2_ws/install/py_pubsub/lib'
[32.158s] Level 1:colcon.colcon_core.environment:checking '/home/vboxuser/ros2_ws/install/py_pubsub/bin'
[32.158s] Level 1:colcon.colcon_core.environment:checking '/home/vboxuser/ros2_ws/install/py_pubsub/lib/pkgconfig/py_pubsub.pc'
[32.159s] Level 1:colcon.colcon_core.environment:checking '/home/vboxuser/ros2_ws/install/py_pubsub/lib/python3.10/site-packages'
[32.159s] Level 1:colcon.colcon_core.shell:create_environment_hook('py_pubsub', 'pythonpath')
[32.160s] INFO:colcon.colcon_core.shell:Creating environment hook '/home/vboxuser/ros2_ws/install/py_pubsub/share/py_pubsub/hook/pythonpath.ps1'
[32.161s] INFO:colcon.colcon_core.shell:Creating environment descriptor '/home/vboxuser/ros2_ws/install/py_pubsub/share/py_pubsub/hook/pythonpath.dsv'
[32.162s] INFO:colcon.colcon_core.shell:Creating environment hook '/home/vboxuser/ros2_ws/install/py_pubsub/share/py_pubsub/hook/pythonpath.sh'
[32.166s] Level 1:colcon.colcon_core.environment:checking '/home/vboxuser/ros2_ws/install/py_pubsub/bin'
[32.166s] Level 1:colcon.colcon_core.environment:create_environment_scripts_only(py_pubsub)
[32.167s] INFO:colcon.colcon_core.shell:Creating package script '/home/vboxuser/ros2_ws/install/py_pubsub/share/py_pubsub/package.ps1'
[32.169s] INFO:colcon.colcon_core.shell:Creating package descriptor '/home/vboxuser/ros2_ws/install/py_pubsub/share/py_pubsub/package.dsv'
[32.171s] INFO:colcon.colcon_core.shell:Creating package script '/home/vboxuser/ros2_ws/install/py_pubsub/share/py_pubsub/package.sh'
[32.173s] INFO:colcon.colcon_core.shell:Creating package script '/home/vboxuser/ros2_ws/install/py_pubsub/share/py_pubsub/package.bash'
[32.176s] INFO:colcon.colcon_core.shell:Creating package script '/home/vboxuser/ros2_ws/install/py_pubsub/share/py_pubsub/package.zsh'
[32.177s] Level 1:colcon.colcon_core.environment:create_file_with_runtime_dependencies(/home/vboxuser/ros2_ws/install/py_pubsub/share/colcon-core/packages/py_pubsub)
[34.524s] DEBUG:colcon.colcon_core.event_handler.log_command:Invoked command in '/home/vboxuser/ros2_ws/build/turtlesim' returned '0': CMAKE_PREFIX_PATH=${CMAKE_PREFIX_PATH}:/home/vboxuser/ros2_ws/install/py_pubsub:/home/vboxuser/ros2_ws/install/launch_testing_examples:/home/vboxuser/ros2_ws/install/examples_rclpy_pointcloud_publisher:/home/vboxuser/ros2_ws/install/examples_rclpy_minimal_subscriber:/home/vboxuser/ros2_ws/install/examples_rclpy_minimal_service:/home/vboxuser/ros2_ws/install/examples_rclpy_minimal_publisher:/home/vboxuser/ros2_ws/install/examples_rclpy_minimal_client:/home/vboxuser/ros2_ws/install/examples_rclpy_minimal_action_server:/home/vboxuser/ros2_ws/install/examples_rclpy_minimal_action_client:/home/vboxuser/ros2_ws/install/examples_rclpy_guard_conditions:/home/vboxuser/ros2_ws/install/examples_rclpy_executors:/home/vboxuser/ros2_ws/install/bms_visualizer:/opt/ros/iron:/home/vboxuser/ros2_iron/install/rqt_bag_plugins:/home/vboxuser/ros2_iron/install/rqt_bag:/home/vboxuser/ros2_iron/install/rosbag2_examples_py:/home/vboxuser/ros2_iron/install/launch_testing_examples:/home/vboxuser/ros2_iron/install/ros2bag:/home/vboxuser/ros2_iron/install/tracetools_test:/home/vboxuser/ros2_iron/install/tracetools_launch:/home/vboxuser/ros2_iron/install/topic_monitor:/home/vboxuser/ros2_iron/install/tf2_tools:/home/vboxuser/ros2_iron/install/examples_tf2_py:/home/vboxuser/ros2_iron/install/tf2_ros_py:/home/vboxuser/ros2_iron/install/examples_rclpy_pointcloud_publisher:/home/vboxuser/ros2_iron/install/sensor_msgs_py:/home/vboxuser/ros2_iron/install/quality_of_service_demo_py:/home/vboxuser/ros2_iron/install/rqt_plot:/home/vboxuser/ros2_iron/install/ros2doctor:/home/vboxuser/ros2_iron/install/lifecycle_py:/home/vboxuser/ros2_iron/install/examples_rclpy_minimal_subscriber:/home/vboxuser/ros2_iron/install/examples_rclpy_minimal_service:/home/vboxuser/ros2_iron/install/examples_rclpy_minimal_publisher:/home/vboxuser/ros2_iron/install/examples_rclpy_minimal_client:/home/vboxuser/ros2_iron/install/examples_rclpy_executors:/home/vboxuser/ros2_iron/install/demo_nodes_py:/home/vboxuser/ros2_iron/install/rqt:/home/vboxuser/ros2_iron/install/ros2component:/home/vboxuser/ros2_iron/install/sros2:/home/vboxuser/ros2_iron/install/rqt_topic:/home/vboxuser/ros2_iron/install/rqt_srv:/home/vboxuser/ros2_iron/install/rqt_shell:/home/vboxuser/ros2_iron/install/rqt_service_caller:/home/vboxuser/ros2_iron/install/rqt_reconfigure:/home/vboxuser/ros2_iron/install/rqt_py_console:/home/vboxuser/ros2_iron/install/rqt_publisher:/home/vboxuser/ros2_iron/install/rqt_action:/home/vboxuser/ros2_iron/install/rqt_msg:/home/vboxuser/ros2_iron/install/rqt_console:/home/vboxuser/ros2_iron/install/rqt_graph:/home/vboxuser/ros2_iron/install/rqt_gui_py:/home/vboxuser/ros2_iron/install/rqt_gui:/home/vboxuser/ros2_iron/install/ros2trace:/home/vboxuser/ros2_iron/install/ros2topic:/home/vboxuser/ros2_iron/install/ros2test:/home/vboxuser/ros2_iron/install/ros2param:/home/vboxuser/ros2_iron/install/ros2lifecycle:/home/vboxuser/ros2_iron/install/ros2service:/home/vboxuser/ros2_iron/install/ros2run:/home/vboxuser/ros2_iron/install/ros2launch:/home/vboxuser/ros2_iron/install/ros2pkg:/home/vboxuser/ros2_iron/install/ros2node:/home/vboxuser/ros2_iron/install/ros2multicast:/home/vboxuser/ros2_iron/install/ros2interface:/home/vboxuser/ros2_iron/install/ros2action:/home/vboxuser/ros2_iron/install/ros2cli:/home/vboxuser/ros2_iron/install/launch_testing_ros:/home/vboxuser/ros2_iron/install/launch_ros:/home/vboxuser/ros2_iron/install/examples_rclpy_minimal_action_server:/home/vboxuser/ros2_iron/install/examples_rclpy_minimal_action_client:/home/vboxuser/ros2_iron/install/examples_rclpy_guard_conditions:/home/vboxuser/ros2_iron/install/action_tutorials_py:/home/vboxuser/ros2_iron/install/ament_uncrustify:/home/vboxuser/ros2_iron/install/tracetools_trace:/home/vboxuser/ros2_iron/install/tracetools_read:/home/vboxuser/ros2_iron/install/test_tracetools_launch:/home/vboxuser/ros2_iron/install/test_ros2trace:/home/vboxuser/ros2_iron/install/test_launch_ros:/home/vboxuser/ros2_iron/install/rpyutils:/home/vboxuser/ros2_iron/install/rosidl_runtime_py:/home/vboxuser/ros2_iron/install/rosidl_pycommon:/home/vboxuser/ros2_iron/install/rosidl_cli:/home/vboxuser/ros2_iron/install/launch_pytest:/home/vboxuser/ros2_iron/install/launch_testing:/home/vboxuser/ros2_iron/install/launch_yaml:/home/vboxuser/ros2_iron/install/launch_xml:/home/vboxuser/ros2_iron/install/launch:/home/vboxuser/ros2_iron/install/osrf_pycommon:/home/vboxuser/ros2_iron/install/domain_coordinator:/home/vboxuser/ros2_iron/install/ament_xmllint:/home/vboxuser/ros2_iron/install/ament_pyflakes:/home/vboxuser/ros2_iron/install/ament_pycodestyle:/home/vboxuser/ros2_iron/install/ament_pep257:/home/vboxuser/ros2_iron/install/ament_pclint:/home/vboxuser/ros2_iron/install/ament_package:/home/vboxuser/ros2_iron/install/ament_mypy:/home/vboxuser/ros2_iron/install/ament_lint_cmake:/home/vboxuser/ros2_iron/install/ament_flake8:/home/vboxuser/ros2_iron/install/ament_copyright:/home/vboxuser/ros2_iron/install/ament_lint:/home/vboxuser/ros2_iron/install/ament_index_python:/home/vboxuser/ros2_iron/install/ament_cpplint:/home/vboxuser/ros2_iron/install/ament_cppcheck:/home/vboxuser/ros2_iron/install/ament_clang_tidy:/home/vboxuser/ros2_iron/install/ament_clang_format /usr/bin/cmake --build /home/vboxuser/ros2_ws/build/turtlesim -- -j4 -l4
[34.527s] DEBUG:colcon.colcon_core.event_handler.log_command:Invoking command in '/home/vboxuser/ros2_ws/build/turtlesim': CMAKE_PREFIX_PATH=${CMAKE_PREFIX_PATH}:/home/vboxuser/ros2_ws/install/py_pubsub:/home/vboxuser/ros2_ws/install/launch_testing_examples:/home/vboxuser/ros2_ws/install/examples_rclpy_pointcloud_publisher:/home/vboxuser/ros2_ws/install/examples_rclpy_minimal_subscriber:/home/vboxuser/ros2_ws/install/examples_rclpy_minimal_service:/home/vboxuser/ros2_ws/install/examples_rclpy_minimal_publisher:/home/vboxuser/ros2_ws/install/examples_rclpy_minimal_client:/home/vboxuser/ros2_ws/install/examples_rclpy_minimal_action_server:/home/vboxuser/ros2_ws/install/examples_rclpy_minimal_action_client:/home/vboxuser/ros2_ws/install/examples_rclpy_guard_conditions:/home/vboxuser/ros2_ws/install/examples_rclpy_executors:/home/vboxuser/ros2_ws/install/bms_visualizer:/opt/ros/iron:/home/vboxuser/ros2_iron/install/rqt_bag_plugins:/home/vboxuser/ros2_iron/install/rqt_bag:/home/vboxuser/ros2_iron/install/rosbag2_examples_py:/home/vboxuser/ros2_iron/install/launch_testing_examples:/home/vboxuser/ros2_iron/install/ros2bag:/home/vboxuser/ros2_iron/install/tracetools_test:/home/vboxuser/ros2_iron/install/tracetools_launch:/home/vboxuser/ros2_iron/install/topic_monitor:/home/vboxuser/ros2_iron/install/tf2_tools:/home/vboxuser/ros2_iron/install/examples_tf2_py:/home/vboxuser/ros2_iron/install/tf2_ros_py:/home/vboxuser/ros2_iron/install/examples_rclpy_pointcloud_publisher:/home/vboxuser/ros2_iron/install/sensor_msgs_py:/home/vboxuser/ros2_iron/install/quality_of_service_demo_py:/home/vboxuser/ros2_iron/install/rqt_plot:/home/vboxuser/ros2_iron/install/ros2doctor:/home/vboxuser/ros2_iron/install/lifecycle_py:/home/vboxuser/ros2_iron/install/examples_rclpy_minimal_subscriber:/home/vboxuser/ros2_iron/install/examples_rclpy_minimal_service:/home/vboxuser/ros2_iron/install/examples_rclpy_minimal_publisher:/home/vboxuser/ros2_iron/install/examples_rclpy_minimal_client:/home/vboxuser/ros2_iron/install/examples_rclpy_executors:/home/vboxuser/ros2_iron/install/demo_nodes_py:/home/vboxuser/ros2_iron/install/rqt:/home/vboxuser/ros2_iron/install/ros2component:/home/vboxuser/ros2_iron/install/sros2:/home/vboxuser/ros2_iron/install/rqt_topic:/home/vboxuser/ros2_iron/install/rqt_srv:/home/vboxuser/ros2_iron/install/rqt_shell:/home/vboxuser/ros2_iron/install/rqt_service_caller:/home/vboxuser/ros2_iron/install/rqt_reconfigure:/home/vboxuser/ros2_iron/install/rqt_py_console:/home/vboxuser/ros2_iron/install/rqt_publisher:/home/vboxuser/ros2_iron/install/rqt_action:/home/vboxuser/ros2_iron/install/rqt_msg:/home/vboxuser/ros2_iron/install/rqt_console:/home/vboxuser/ros2_iron/install/rqt_graph:/home/vboxuser/ros2_iron/install/rqt_gui_py:/home/vboxuser/ros2_iron/install/rqt_gui:/home/vboxuser/ros2_iron/install/ros2trace:/home/vboxuser/ros2_iron/install/ros2topic:/home/vboxuser/ros2_iron/install/ros2test:/home/vboxuser/ros2_iron/install/ros2param:/home/vboxuser/ros2_iron/install/ros2lifecycle:/home/vboxuser/ros2_iron/install/ros2service:/home/vboxuser/ros2_iron/install/ros2run:/home/vboxuser/ros2_iron/install/ros2launch:/home/vboxuser/ros2_iron/install/ros2pkg:/home/vboxuser/ros2_iron/install/ros2node:/home/vboxuser/ros2_iron/install/ros2multicast:/home/vboxuser/ros2_iron/install/ros2interface:/home/vboxuser/ros2_iron/install/ros2action:/home/vboxuser/ros2_iron/install/ros2cli:/home/vboxuser/ros2_iron/install/launch_testing_ros:/home/vboxuser/ros2_iron/install/launch_ros:/home/vboxuser/ros2_iron/install/examples_rclpy_minimal_action_server:/home/vboxuser/ros2_iron/install/examples_rclpy_minimal_action_client:/home/vboxuser/ros2_iron/install/examples_rclpy_guard_conditions:/home/vboxuser/ros2_iron/install/action_tutorials_py:/home/vboxuser/ros2_iron/install/ament_uncrustify:/home/vboxuser/ros2_iron/install/tracetools_trace:/home/vboxuser/ros2_iron/install/tracetools_read:/home/vboxuser/ros2_iron/install/test_tracetools_launch:/home/vboxuser/ros2_iron/install/test_ros2trace:/home/vboxuser/ros2_iron/install/test_launch_ros:/home/vboxuser/ros2_iron/install/rpyutils:/home/vboxuser/ros2_iron/install/rosidl_runtime_py:/home/vboxuser/ros2_iron/install/rosidl_pycommon:/home/vboxuser/ros2_iron/install/rosidl_cli:/home/vboxuser/ros2_iron/install/launch_pytest:/home/vboxuser/ros2_iron/install/launch_testing:/home/vboxuser/ros2_iron/install/launch_yaml:/home/vboxuser/ros2_iron/install/launch_xml:/home/vboxuser/ros2_iron/install/launch:/home/vboxuser/ros2_iron/install/osrf_pycommon:/home/vboxuser/ros2_iron/install/domain_coordinator:/home/vboxuser/ros2_iron/install/ament_xmllint:/home/vboxuser/ros2_iron/install/ament_pyflakes:/home/vboxuser/ros2_iron/install/ament_pycodestyle:/home/vboxuser/ros2_iron/install/ament_pep257:/home/vboxuser/ros2_iron/install/ament_pclint:/home/vboxuser/ros2_iron/install/ament_package:/home/vboxuser/ros2_iron/install/ament_mypy:/home/vboxuser/ros2_iron/install/ament_lint_cmake:/home/vboxuser/ros2_iron/install/ament_flake8:/home/vboxuser/ros2_iron/install/ament_copyright:/home/vboxuser/ros2_iron/install/ament_lint:/home/vboxuser/ros2_iron/install/ament_index_python:/home/vboxuser/ros2_iron/install/ament_cpplint:/home/vboxuser/ros2_iron/install/ament_cppcheck:/home/vboxuser/ros2_iron/install/ament_clang_tidy:/home/vboxuser/ros2_iron/install/ament_clang_format /usr/bin/cmake --install /home/vboxuser/ros2_ws/build/turtlesim
[35.204s] Level 1:colcon.colcon_core.environment:create_environment_scripts_only(turtlesim)
[35.205s] Level 1:colcon.colcon_core.environment:checking '/home/vboxuser/ros2_ws/install/turtlesim' for CMake module files
[35.208s] DEBUG:colcon.colcon_core.event_handler.log_command:Invoked command in '/home/vboxuser/ros2_ws/build/turtlesim' returned '0': CMAKE_PREFIX_PATH=${CMAKE_PREFIX_PATH}:/home/vboxuser/ros2_ws/install/py_pubsub:/home/vboxuser/ros2_ws/install/launch_testing_examples:/home/vboxuser/ros2_ws/install/examples_rclpy_pointcloud_publisher:/home/vboxuser/ros2_ws/install/examples_rclpy_minimal_subscriber:/home/vboxuser/ros2_ws/install/examples_rclpy_minimal_service:/home/vboxuser/ros2_ws/install/examples_rclpy_minimal_publisher:/home/vboxuser/ros2_ws/install/examples_rclpy_minimal_client:/home/vboxuser/ros2_ws/install/examples_rclpy_minimal_action_server:/home/vboxuser/ros2_ws/install/examples_rclpy_minimal_action_client:/home/vboxuser/ros2_ws/install/examples_rclpy_guard_conditions:/home/vboxuser/ros2_ws/install/examples_rclpy_executors:/home/vboxuser/ros2_ws/install/bms_visualizer:/opt/ros/iron:/home/vboxuser/ros2_iron/install/rqt_bag_plugins:/home/vboxuser/ros2_iron/install/rqt_bag:/home/vboxuser/ros2_iron/install/rosbag2_examples_py:/home/vboxuser/ros2_iron/install/launch_testing_examples:/home/vboxuser/ros2_iron/install/ros2bag:/home/vboxuser/ros2_iron/install/tracetools_test:/home/vboxuser/ros2_iron/install/tracetools_launch:/home/vboxuser/ros2_iron/install/topic_monitor:/home/vboxuser/ros2_iron/install/tf2_tools:/home/vboxuser/ros2_iron/install/examples_tf2_py:/home/vboxuser/ros2_iron/install/tf2_ros_py:/home/vboxuser/ros2_iron/install/examples_rclpy_pointcloud_publisher:/home/vboxuser/ros2_iron/install/sensor_msgs_py:/home/vboxuser/ros2_iron/install/quality_of_service_demo_py:/home/vboxuser/ros2_iron/install/rqt_plot:/home/vboxuser/ros2_iron/install/ros2doctor:/home/vboxuser/ros2_iron/install/lifecycle_py:/home/vboxuser/ros2_iron/install/examples_rclpy_minimal_subscriber:/home/vboxuser/ros2_iron/install/examples_rclpy_minimal_service:/home/vboxuser/ros2_iron/install/examples_rclpy_minimal_publisher:/home/vboxuser/ros2_iron/install/examples_rclpy_minimal_client:/home/vboxuser/ros2_iron/install/examples_rclpy_executors:/home/vboxuser/ros2_iron/install/demo_nodes_py:/home/vboxuser/ros2_iron/install/rqt:/home/vboxuser/ros2_iron/install/ros2component:/home/vboxuser/ros2_iron/install/sros2:/home/vboxuser/ros2_iron/install/rqt_topic:/home/vboxuser/ros2_iron/install/rqt_srv:/home/vboxuser/ros2_iron/install/rqt_shell:/home/vboxuser/ros2_iron/install/rqt_service_caller:/home/vboxuser/ros2_iron/install/rqt_reconfigure:/home/vboxuser/ros2_iron/install/rqt_py_console:/home/vboxuser/ros2_iron/install/rqt_publisher:/home/vboxuser/ros2_iron/install/rqt_action:/home/vboxuser/ros2_iron/install/rqt_msg:/home/vboxuser/ros2_iron/install/rqt_console:/home/vboxuser/ros2_iron/install/rqt_graph:/home/vboxuser/ros2_iron/install/rqt_gui_py:/home/vboxuser/ros2_iron/install/rqt_gui:/home/vboxuser/ros2_iron/install/ros2trace:/home/vboxuser/ros2_iron/install/ros2topic:/home/vboxuser/ros2_iron/install/ros2test:/home/vboxuser/ros2_iron/install/ros2param:/home/vboxuser/ros2_iron/install/ros2lifecycle:/home/vboxuser/ros2_iron/install/ros2service:/home/vboxuser/ros2_iron/install/ros2run:/home/vboxuser/ros2_iron/install/ros2launch:/home/vboxuser/ros2_iron/install/ros2pkg:/home/vboxuser/ros2_iron/install/ros2node:/home/vboxuser/ros2_iron/install/ros2multicast:/home/vboxuser/ros2_iron/install/ros2interface:/home/vboxuser/ros2_iron/install/ros2action:/home/vboxuser/ros2_iron/install/ros2cli:/home/vboxuser/ros2_iron/install/launch_testing_ros:/home/vboxuser/ros2_iron/install/launch_ros:/home/vboxuser/ros2_iron/install/examples_rclpy_minimal_action_server:/home/vboxuser/ros2_iron/install/examples_rclpy_minimal_action_client:/home/vboxuser/ros2_iron/install/examples_rclpy_guard_conditions:/home/vboxuser/ros2_iron/install/action_tutorials_py:/home/vboxuser/ros2_iron/install/ament_uncrustify:/home/vboxuser/ros2_iron/install/tracetools_trace:/home/vboxuser/ros2_iron/install/tracetools_read:/home/vboxuser/ros2_iron/install/test_tracetools_launch:/home/vboxuser/ros2_iron/install/test_ros2trace:/home/vboxuser/ros2_iron/install/test_launch_ros:/home/vboxuser/ros2_iron/install/rpyutils:/home/vboxuser/ros2_iron/install/rosidl_runtime_py:/home/vboxuser/ros2_iron/install/rosidl_pycommon:/home/vboxuser/ros2_iron/install/rosidl_cli:/home/vboxuser/ros2_iron/install/launch_pytest:/home/vboxuser/ros2_iron/install/launch_testing:/home/vboxuser/ros2_iron/install/launch_yaml:/home/vboxuser/ros2_iron/install/launch_xml:/home/vboxuser/ros2_iron/install/launch:/home/vboxuser/ros2_iron/install/osrf_pycommon:/home/vboxuser/ros2_iron/install/domain_coordinator:/home/vboxuser/ros2_iron/install/ament_xmllint:/home/vboxuser/ros2_iron/install/ament_pyflakes:/home/vboxuser/ros2_iron/install/ament_pycodestyle:/home/vboxuser/ros2_iron/install/ament_pep257:/home/vboxuser/ros2_iron/install/ament_pclint:/home/vboxuser/ros2_iron/install/ament_package:/home/vboxuser/ros2_iron/install/ament_mypy:/home/vboxuser/ros2_iron/install/ament_lint_cmake:/home/vboxuser/ros2_iron/install/ament_flake8:/home/vboxuser/ros2_iron/install/ament_copyright:/home/vboxuser/ros2_iron/install/ament_lint:/home/vboxuser/ros2_iron/install/ament_index_python:/home/vboxuser/ros2_iron/install/ament_cpplint:/home/vboxuser/ros2_iron/install/ament_cppcheck:/home/vboxuser/ros2_iron/install/ament_clang_tidy:/home/vboxuser/ros2_iron/install/ament_clang_format /usr/bin/cmake --install /home/vboxuser/ros2_ws/build/turtlesim
[35.209s] Level 1:colcon.colcon_core.environment:checking '/home/vboxuser/ros2_ws/install/turtlesim' for CMake config files
[35.210s] Level 1:colcon.colcon_core.shell:create_environment_hook('turtlesim', 'cmake_prefix_path')
[35.210s] INFO:colcon.colcon_core.shell:Creating environment hook '/home/vboxuser/ros2_ws/install/turtlesim/share/turtlesim/hook/cmake_prefix_path.ps1'
[35.212s] INFO:colcon.colcon_core.shell:Creating environment descriptor '/home/vboxuser/ros2_ws/install/turtlesim/share/turtlesim/hook/cmake_prefix_path.dsv'
[35.214s] INFO:colcon.colcon_core.shell:Creating environment hook '/home/vboxuser/ros2_ws/install/turtlesim/share/turtlesim/hook/cmake_prefix_path.sh'
[35.216s] Level 1:colcon.colcon_core.environment:checking '/home/vboxuser/ros2_ws/install/turtlesim/lib'
[35.216s] Level 1:colcon.colcon_core.shell:create_environment_hook('turtlesim', 'ld_library_path_lib')
[35.217s] INFO:colcon.colcon_core.shell:Creating environment hook '/home/vboxuser/ros2_ws/install/turtlesim/share/turtlesim/hook/ld_library_path_lib.ps1'
[35.218s] INFO:colcon.colcon_core.shell:Creating environment descriptor '/home/vboxuser/ros2_ws/install/turtlesim/share/turtlesim/hook/ld_library_path_lib.dsv'
[35.220s] INFO:colcon.colcon_core.shell:Creating environment hook '/home/vboxuser/ros2_ws/install/turtlesim/share/turtlesim/hook/ld_library_path_lib.sh'
[35.221s] Level 1:colcon.colcon_core.environment:checking '/home/vboxuser/ros2_ws/install/turtlesim/bin'
[35.221s] Level 1:colcon.colcon_core.environment:checking '/home/vboxuser/ros2_ws/install/turtlesim/lib/pkgconfig/turtlesim.pc'
[35.222s] Level 1:colcon.colcon_core.environment:checking '/home/vboxuser/ros2_ws/install/turtlesim/lib/python3.10/site-packages'
[35.222s] Level 1:colcon.colcon_core.shell:create_environment_hook('turtlesim', 'pythonpath')
[35.222s] INFO:colcon.colcon_core.shell:Creating environment hook '/home/vboxuser/ros2_ws/install/turtlesim/share/turtlesim/hook/pythonpath.ps1'
[35.224s] INFO:colcon.colcon_core.shell:Creating environment descriptor '/home/vboxuser/ros2_ws/install/turtlesim/share/turtlesim/hook/pythonpath.dsv'
[35.226s] INFO:colcon.colcon_core.shell:Creating environment hook '/home/vboxuser/ros2_ws/install/turtlesim/share/turtlesim/hook/pythonpath.sh'
[35.231s] Level 1:colcon.colcon_core.environment:checking '/home/vboxuser/ros2_ws/install/turtlesim/bin'
[35.231s] INFO:colcon.colcon_core.shell:Creating package script '/home/vboxuser/ros2_ws/install/turtlesim/share/turtlesim/package.ps1'
[35.233s] INFO:colcon.colcon_core.shell:Creating package descriptor '/home/vboxuser/ros2_ws/install/turtlesim/share/turtlesim/package.dsv'
[35.234s] INFO:colcon.colcon_core.shell:Creating package script '/home/vboxuser/ros2_ws/install/turtlesim/share/turtlesim/package.sh'
[35.236s] INFO:colcon.colcon_core.shell:Creating package script '/home/vboxuser/ros2_ws/install/turtlesim/share/turtlesim/package.bash'
[35.239s] INFO:colcon.colcon_core.shell:Creating package script '/home/vboxuser/ros2_ws/install/turtlesim/share/turtlesim/package.zsh'
[35.241s] Level 1:colcon.colcon_core.environment:create_file_with_runtime_dependencies(/home/vboxuser/ros2_ws/install/turtlesim/share/colcon-core/packages/turtlesim)
[35.245s] Level 1:colcon.colcon_core.environment:create_environment_scripts_only(turtlesim)
[35.247s] Level 1:colcon.colcon_core.environment:checking '/home/vboxuser/ros2_ws/install/turtlesim' for CMake module files
[35.254s] Level 1:colcon.colcon_core.environment:checking '/home/vboxuser/ros2_ws/install/turtlesim' for CMake config files
[35.257s] Level 1:colcon.colcon_core.shell:create_environment_hook('turtlesim', 'cmake_prefix_path')
[35.259s] INFO:colcon.colcon_core.shell:Creating environment hook '/home/vboxuser/ros2_ws/install/turtlesim/share/turtlesim/hook/cmake_prefix_path.ps1'
[35.262s] INFO:colcon.colcon_core.shell:Creating environment descriptor '/home/vboxuser/ros2_ws/install/turtlesim/share/turtlesim/hook/cmake_prefix_path.dsv'
[35.265s] INFO:colcon.colcon_core.shell:Creating environment hook '/home/vboxuser/ros2_ws/install/turtlesim/share/turtlesim/hook/cmake_prefix_path.sh'
[35.266s] Level 1:colcon.colcon_core.environment:checking '/home/vboxuser/ros2_ws/install/turtlesim/lib'
[35.267s] Level 1:colcon.colcon_core.shell:create_environment_hook('turtlesim', 'ld_library_path_lib')
[35.268s] INFO:colcon.colcon_core.shell:Creating environment hook '/home/vboxuser/ros2_ws/install/turtlesim/share/turtlesim/hook/ld_library_path_lib.ps1'
[35.269s] INFO:colcon.colcon_core.shell:Creating environment descriptor '/home/vboxuser/ros2_ws/install/turtlesim/share/turtlesim/hook/ld_library_path_lib.dsv'
[35.272s] INFO:colcon.colcon_core.shell:Creating environment hook '/home/vboxuser/ros2_ws/install/turtlesim/share/turtlesim/hook/ld_library_path_lib.sh'
[35.274s] Level 1:colcon.colcon_core.environment:checking '/home/vboxuser/ros2_ws/install/turtlesim/bin'
[35.274s] Level 1:colcon.colcon_core.environment:checking '/home/vboxuser/ros2_ws/install/turtlesim/lib/pkgconfig/turtlesim.pc'
[35.275s] Level 1:colcon.colcon_core.environment:checking '/home/vboxuser/ros2_ws/install/turtlesim/lib/python3.10/site-packages'
[35.275s] Level 1:colcon.colcon_core.shell:create_environment_hook('turtlesim', 'pythonpath')
[35.276s] INFO:colcon.colcon_core.shell:Creating environment hook '/home/vboxuser/ros2_ws/install/turtlesim/share/turtlesim/hook/pythonpath.ps1'
[35.277s] INFO:colcon.colcon_core.shell:Creating environment descriptor '/home/vboxuser/ros2_ws/install/turtlesim/share/turtlesim/hook/pythonpath.dsv'
[35.280s] INFO:colcon.colcon_core.shell:Creating environment hook '/home/vboxuser/ros2_ws/install/turtlesim/share/turtlesim/hook/pythonpath.sh'
[35.282s] Level 1:colcon.colcon_core.environment:checking '/home/vboxuser/ros2_ws/install/turtlesim/bin'
[35.283s] INFO:colcon.colcon_core.shell:Creating package script '/home/vboxuser/ros2_ws/install/turtlesim/share/turtlesim/package.ps1'
[35.286s] INFO:colcon.colcon_core.shell:Creating package descriptor '/home/vboxuser/ros2_ws/install/turtlesim/share/turtlesim/package.dsv'
[35.288s] INFO:colcon.colcon_core.shell:Creating package script '/home/vboxuser/ros2_ws/install/turtlesim/share/turtlesim/package.sh'
[35.290s] INFO:colcon.colcon_core.shell:Creating package script '/home/vboxuser/ros2_ws/install/turtlesim/share/turtlesim/package.bash'
[35.293s] INFO:colcon.colcon_core.shell:Creating package script '/home/vboxuser/ros2_ws/install/turtlesim/share/turtlesim/package.zsh'
[35.295s] Level 1:colcon.colcon_core.environment:create_file_with_runtime_dependencies(/home/vboxuser/ros2_ws/install/turtlesim/share/colcon-core/packages/turtlesim)
[35.298s] DEBUG:colcon.colcon_parallel_executor.executor.parallel:closing loop
[35.299s] DEBUG:colcon.colcon_parallel_executor.executor.parallel:loop closed
[35.300s] DEBUG:colcon.colcon_parallel_executor.executor.parallel:run_until_complete finished with '0'
[35.301s] DEBUG:colcon.colcon_core.event_reactor:joining thread
[35.345s] INFO:colcon.colcon_core.plugin_system:Skipping extension 'colcon_notification.desktop_notification.terminal_notifier': Not used on non-Darwin systems
[35.345s] INFO:colcon.colcon_core.plugin_system:Skipping extension 'colcon_notification.desktop_notification.win32': Not used on non-Windows systems
[35.345s] INFO:colcon.colcon_notification.desktop_notification:Sending desktop notification using 'notify2'
[35.418s] DEBUG:colcon.colcon_core.event_reactor:joined thread
[35.419s] INFO:colcon.colcon_core.shell:Creating prefix script '/home/vboxuser/ros2_ws/install/local_setup.ps1'
[35.425s] INFO:colcon.colcon_core.shell:Creating prefix util module '/home/vboxuser/ros2_ws/install/_local_setup_util_ps1.py'
[35.435s] INFO:colcon.colcon_core.shell:Creating prefix chain script '/home/vboxuser/ros2_ws/install/setup.ps1'
[35.461s] INFO:colcon.colcon_core.shell:Creating prefix script '/home/vboxuser/ros2_ws/install/local_setup.sh'
[35.463s] INFO:colcon.colcon_core.shell:Creating prefix util module '/home/vboxuser/ros2_ws/install/_local_setup_util_sh.py'
[35.466s] INFO:colcon.colcon_core.shell:Creating prefix chain script '/home/vboxuser/ros2_ws/install/setup.sh'
[35.493s] INFO:colcon.colcon_core.shell:Creating prefix script '/home/vboxuser/ros2_ws/install/local_setup.bash'
[35.495s] INFO:colcon.colcon_core.shell:Creating prefix chain script '/home/vboxuser/ros2_ws/install/setup.bash'
[35.523s] INFO:colcon.colcon_core.shell:Creating prefix script '/home/vboxuser/ros2_ws/install/local_setup.zsh'
[35.528s] INFO:colcon.colcon_core.shell:Creating prefix chain script '/home/vboxuser/ros2_ws/install/setup.zsh'
